notice_title,notice_url,info_region,notice_type,publish_time,source,crawl_time
重庆第二师范学院两校区基础设施日常维修及不可预测的零星维修工程,https://www.cqggzy.com/trade/014/3352881c-83e9-455f-bea2-cebe71bdf647?categoryNum=014001001001,自主招标,招标公告,2026-09-11,重庆市公共资源交易网,2026-09-11 10:56:20
重庆工商学校智能制造工业机器人应用公共实训基地建设项目暖通设备及安装工程（五、六楼）,https://www.cqggzy.com/trade/014/a41d289a-5e30-4c51-822e-d907dff4e03a?categoryNum=014001020010,江津区,合同签订基本信息公示,2026-09-11,重庆市公共资源交易网,2026-09-11 10:56:20
巫溪县兰英大峡谷景区基础设施升级改造项目的中标候选人公示,https://www.cqggzy.com/trade/014/08d6c900-0d88-4e91-9b4d-feb68b11fcfa?categoryNum=014001003002,巫溪县,中标候选人公示,2026-09-11,重庆市公共资源交易网,2026-09-11 10:56:20
巫山县“寿光模式”设施蔬菜产业集群建设项目,https://www.cqggzy.com/trade/014/311d27b0-0b45-4052-b0e3-735da97a139e?categoryNum=014001020002,巫山县,合同签订基本信息公示,2026-09-11,重庆市公共资源交易网,2026-09-11 10:56:20
涪陵新城区CBD完善工程（科创CBD广场、道路、车库后续建设）答疑补遗文件,https://www.cqggzy.com/trade/014/5d25ade7-9f54-46fa-8643-2d6f23e453cd?categoryNum=014001002002,涪陵区,答疑补遗,2026-09-11,重庆市公共资源交易网,2026-09-11 10:56:20
黔江火车站片区老旧小区改造配套基础设施项目（三期）监理招标计划表,https://www.cqggzy.com/trade/014/5a624b6b-144f-489c-a15d-25f2f8d87dd3?categoryNum=014001019,黔江区,招标计划,2026-09-11,重庆市公共资源交易网,2026-09-11 10:56:20
明月山国土绿化试点示范项目（垫江县）三期招标计划表,https://www.cqggzy.com/trade/014/72ddb0a3-aa6a-46d0-bfe4-b88408ed02b8?categoryNum=014001019,垫江县,招标计划,2026-09-11,重庆市公共资源交易网,2026-09-11 10:56:20
江津区学校运动场改造升级工程一期,https://www.cqggzy.com/trade/014/e642d6fa-496b-4c7f-9793-d5e63b1b31f6?categoryNum=014001001001,江津区,招标公告,2026-09-11,重庆市公共资源交易网,2026-09-11 10:56:20
万盛经开区公安局辅警服装采购（三次）(WSQ26A00153)中标（成交）结果公告,https://www.cqggzy.com/trade/014/1674410521908260864_1?categoryNum=014005004,万盛区,采购结果公告,2026-09-11,重庆市公共资源交易网,2026-09-11 10:56:20
垫江县桂东街道dj2026-20-03号地块使用权挂牌出让,https://www.cqggzy.com/trade/014/17872003382303451163-DEAL?categoryNum=014004004,垫江县,成交公告,2026-09-11,重庆市公共资源交易网,2026-09-11 10:56:20
垫江县桂东街道dj2026-20-04号地块使用权挂牌出让,https://www.cqggzy.com/trade/014/17872000016615911816-DEAL?categoryNum=014004004,垫江县,成交公告,2026-09-11,重庆市公共资源交易网,2026-09-11 10:56:20
垫江县桂溪街道dj2026-1-11号地块使用权挂牌出,https://www.cqggzy.com/trade/014/17871996640962411719-DEAL?categoryNum=014004004,垫江县,成交公告,2026-09-11,重庆市公共资源交易网,2026-09-11 10:56:20
关于为【聘请第三方评估公司对竞买荣昌高新区一般工业固体废物处置场经营权项目出具评估报告】 公开选取【资产评估】机构的公告,https://www.cqggzy.com/trade/014/PNII_5002262038943582609110163?categoryNum=014010001,荣昌区,采购公告,2026-09-11,重庆市公共资源交易网,2026-09-11 10:56:22
关于为【37中自得校区2026-2027年度消防维保服务】 公开选取【消防技术服务】机构的公告,https://www.cqggzy.com/trade/014/PNII_5001044504270012609110164?categoryNum=014010001,大渡口区,采购公告,2026-09-11,重庆市公共资源交易网,2026-09-11 10:56:22
关于为【渝北实验小学综合艺体楼建设项目社会稳定风险评估服务】 公开选取【工程咨询，社会工作服务评估】机构的公告,https://www.cqggzy.com/trade/014/PNII_5001126635693452609110147?categoryNum=014010001,渝北区,采购公告,2026-09-11,重庆市公共资源交易网,2026-09-11 10:56:22
关于【涪陵区马武镇均田村基础设施项目】中选结果的公告,https://www.cqggzy.com/trade/014/BRII_5001020086756432609010785?categoryNum=014010002,涪陵区,中选公告,2026-09-11,重庆市公共资源交易网,2026-09-11 10:56:22
关于【重庆职工会计专科学校迁建项目配套道路工程交通限速论证】中选结果的公告,https://www.cqggzy.com/trade/014/BRII_5001156912158512609070552?categoryNum=014010002,长寿区,中选公告,2026-09-11,重庆市公共资源交易网,2026-09-11 10:56:22
关于【彭水自治县农村规模化供水项目-双龙供水管网工程】中选结果的公告,https://www.cqggzy.com/trade/014/BRII_5002437094325642609030638?categoryNum=014010002,彭水县,中选公告,2026-09-11,重庆市公共资源交易网,2026-09-11 10:56:22
关于【荣昌区盘龙镇初级中学运动场围墙及女生宿舍漏水维修工程】中选结果的公告,https://www.cqggzy.com/trade/014/BRII_5002264506786872609070507?categoryNum=014010002,荣昌区,中选公告,2026-09-11,重庆市公共资源交易网,2026-09-11 10:56:22
关于【潼南区2026年度梓潼街道五郎村粮油基地产业道路建设项目预算审核】中选结果的公告,https://www.cqggzy.com/trade/014/BRII_5002230093327062609080195?categoryNum=014010002,潼南区,中选公告,2026-09-11,重庆市公共资源交易网,2026-09-11 10:56:22
关于【潼南区2026年度梓潼街道五郎村粮油基地产业道路建设项目监理】中选结果的公告,https://www.cqggzy.com/trade/014/BRII_5002230093327062609080154?categoryNum=014010002,潼南区,中选公告,2026-09-11,重庆市公共资源交易网,2026-09-11 10:56:22
关于【重庆市梁平区虎城镇水口村、桐子村移民美丽 家园建设项目水土保持方案 报告表编制】中选结果的公告,https://www.cqggzy.com/trade/014/BRII_500228MB1E926402609080329?categoryNum=014010002,梁平区,中选公告,2026-09-11,重庆市公共资源交易网,2026-09-11 10:56:22
关于为【邮亭片区道路安全排危及杂草清理项目招标代理】 公开选取【招标代理】机构的公告,https://www.cqggzy.com/trade/014/PNII_5001110532484562609110118?categoryNum=014010001,大足区,采购公告,2026-09-11,重庆市公共资源交易网,2026-09-11 10:56:22
关于为【桥头镇赵山村新屋至瓦啄溪农村公路改建工程招标代理釆购】 公开选取【招标代理，工程建设项目招标代理】机构的公告,https://www.cqggzy.com/trade/014/PNII_5002407116439692609110141?categoryNum=014010001,石柱县,采购公告,2026-09-11,重庆市公共资源交易网,2026-09-11 10:56:22
关于【重庆市梁平区碧山镇金屏村、碧山村移民美丽 家园建设项目水土保持方案报告表 编制】中选结果的公告,https://www.cqggzy.com/trade/014/BRII_500228MB1E926402609080324?categoryNum=014010002,梁平区,中选公告,2026-09-11,重庆市公共资源交易网,2026-09-11 10:56:24
重庆市全民健康智能管理服务平台商用密码应用安全性评估服务(CQS26C01897)中标（成交）结果公告,https://www.cqggzy.com/trade/014/1673806567998533632_1?categoryNum=014005004,市级,采购结果公告,2026-09-11,重庆市公共资源交易网,2026-09-11 10:56:24
关于为【丰都县陡蹬子水库改造提升工程分析评估报告编制】 公开选取【工程设计】机构的公告,https://www.cqggzy.com/trade/014/PNII_5002306814763612609100706?categoryNum=014010001,丰都县,采购公告,2026-09-11,重庆市公共资源交易网,2026-09-11 10:56:24
重庆市荣昌区中医院保安服务外包项目（重新采购）第二次(RCQ26C00149)终止公告,https://www.cqggzy.com/trade/014/1674407824274534400?categoryNum=014005004,荣昌区,采购结果公告,2026-09-11,重庆市公共资源交易网,2026-09-11 10:56:24
关于为【奉节县白帝坪上脐橙园基础设施项目（拆除钢结构）-废弃资产残值评估】 公开选取【资产评估】机构的公告,https://www.cqggzy.com/trade/014/PNII_500236MA5UC3H722609110080?categoryNum=014010001,奉节县,采购公告,2026-09-11,重庆市公共资源交易网,2026-09-11 10:56:24
关于为【大足区实施城镇规划建设项目（1.9424公顷）耕地测算报告编制】 公开选取【城乡规划编制】机构的公告,https://www.cqggzy.com/trade/014/PNII_5001117094716942609110153?categoryNum=014010001,大足区,采购公告,2026-09-11,重庆市公共资源交易网,2026-09-11 10:56:24
关于为【丰都县陡蹬子水库改造提升工程勘察及报告编制】 公开选取【工程勘察】机构的公告,https://www.cqggzy.com/trade/014/PNII_5002306814763612609100716?categoryNum=014010001,丰都县,采购公告,2026-09-11,重庆市公共资源交易网,2026-09-11 10:56:24
重要时期安全保障和渗透测试服务(CQS26C01896)中标（成交）结果公告,https://www.cqggzy.com/trade/014/1673406802492174336_1?categoryNum=014005004,市级,采购结果公告,2026-09-11,重庆市公共资源交易网,2026-09-11 10:56:24
关于【城口县2026年沿河乡北坡村产业道路提升整治项目+城口县2026年沿河乡红岩村、柏树村公路提升项目】中选结果的公告,https://www.cqggzy.com/trade/014/BRII_5002297339411072609080471?categoryNum=014010002,城口县,中选公告,2026-09-11,重庆市公共资源交易网,2026-09-11 10:56:24
关于为【丰都县秧田湾水库改造提升工程初步设计报告（含施工图）编制】 公开选取【工程设计】机构的公告,https://www.cqggzy.com/trade/014/PNII_5002306814763612609100732?categoryNum=014010001,丰都县,采购公告,2026-09-11,重庆市公共资源交易网,2026-09-11 10:56:24
关于为【酉阳县龙潭镇渤海小学校扩容建设项目消防验收前技术咨询服务】 公开选取【建设工程消防设施检测】机构的公告,https://www.cqggzy.com/trade/014/PNII_5002426814721172609110017?categoryNum=014010001,酉阳县,采购公告,2026-09-11,重庆市公共资源交易网,2026-09-11 10:56:24
关于为【丰都县秧田湾水库改造提升工程勘察】 公开选取【工程勘察】机构的公告,https://www.cqggzy.com/trade/014/PNII_5002306814763612609100727?categoryNum=014010001,丰都县,采购公告,2026-09-11,重庆市公共资源交易网,2026-09-11 10:56:24
关于为【西南汽贸城城市更新项目全过程造价咨询服务】 公开选取【工程造价咨询】机构的公告,https://www.cqggzy.com/trade/014/PNII_5001126635693452609110143?categoryNum=014010001,渝北区,采购公告,2026-09-11,重庆市公共资源交易网,2026-09-11 10:56:26
关于【城口县2026年沿河乡移民安置点及周边巩固提升项目+城口县2026年沿河乡红岩村、柏树村人居环境整治项目】中选结果的公告,https://www.cqggzy.com/trade/014/BRII_5002297339411072609080474?categoryNum=014010002,城口县,中选公告,2026-09-11,重庆市公共资源交易网,2026-09-11 10:56:26
关于【彭水自治县农村规模化供水项目-朗溪供水管网工程】中选结果的公告,https://www.cqggzy.com/trade/014/BRII_5002437094325642609030632?categoryNum=014010002,彭水县,中选公告,2026-09-11,重庆市公共资源交易网,2026-09-11 10:56:26
关于【特色乡村大集建设项目-工程勘察】中选结果的公告,https://www.cqggzy.com/trade/014/BRII_500109MAACBK2B32609070295?categoryNum=014010002,北碚区,中选公告,2026-09-11,重庆市公共资源交易网,2026-09-11 10:56:26
关于【濑溪河流域（荣昌段）水生态保护与修复 项目施工图审查】中选结果的公告,https://www.cqggzy.com/trade/014/BRII_5002267659023052609080140?categoryNum=014010002,荣昌区,中选公告,2026-09-11,重庆市公共资源交易网,2026-09-11 10:56:26
关于【荣昌区红岩坪村城中村改造项目配套基础设施（安置房配套）勘察审查】中选结果的公告,https://www.cqggzy.com/trade/014/BRII_5002267659023052609080124?categoryNum=014010002,荣昌区,中选公告,2026-09-11,重庆市公共资源交易网,2026-09-11 10:56:26
关于【荣昌区红岩坪片区城中村改造配套基础设施项目（二期）-城南大道西延伸段 施工图审查】中选结果的公告,https://www.cqggzy.com/trade/014/BRII_5002267659023052609080182?categoryNum=014010002,荣昌区,中选公告,2026-09-11,重庆市公共资源交易网,2026-09-11 10:56:26
关于【潼南区梓潼街道“旭日东升”潼南南—接龙寨道路沿线绿化项目招标代理】中选结果的公告,https://www.cqggzy.com/trade/014/BRII_5002230093327062609070861?categoryNum=014010002,潼南区,中选公告,2026-09-11,重庆市公共资源交易网,2026-09-11 10:56:26
关于【城口县2026年沿河乡北坡村产业生产步道项目】中选结果的公告,https://www.cqggzy.com/trade/014/BRII_5002297339411072609080486?categoryNum=014010002,城口县,中选公告,2026-09-11,重庆市公共资源交易网,2026-09-11 10:56:26
关于为【2027解放碑CBD迎春灯饰项目】 公开选取【工程设计】机构的公告,https://www.cqggzy.com/trade/014/PNII_50010355408164X2609110048?categoryNum=014010001,渝中区,采购公告,2026-09-11,重庆市公共资源交易网,2026-09-11 10:56:26
巫溪县人民医院单病种系统升级及接口改造公示,https://www.cqggzy.com/trade/014/1674406499302289408?categoryNum=014005008,巫溪县,单一来源公示,2026-09-11,重庆市公共资源交易网,2026-09-11 10:56:26
关于为【西渝高铁合川东站综合交通枢纽工程及合川东站站前大道工程监理服务代理机构采购】 公开选取【招标代理】机构的公告,https://www.cqggzy.com/trade/014/PNII_5001170093261542609110050?categoryNum=014010001,合川区,采购公告,2026-09-11,重庆市公共资源交易网,2026-09-11 10:56:26
永川食品加工产业发展基地1#-9#楼、门卫室及室外附属防水防腐保温工程专业承包发包结果公告,https://www.cqggzy.com/trade/014/17890939794332654013?categoryNum=014012004,永川区,结果公告,2026-09-11,重庆市公共资源交易网,2026-09-11 10:56:28
关于为【大庙镇2026年森林防火基础设施建设项目（预算审核）】 公开选取【工程造价咨询】机构的公告,https://www.cqggzy.com/trade/014/PNII_5002247500946242609110025?categoryNum=014010001,铜梁区,采购公告,2026-09-11,重庆市公共资源交易网,2026-09-11 10:56:28
关于【酉阳县保水渔鱼肉制品加工厂项目土建设计及展陈设计服务采购】中选结果的公告,https://www.cqggzy.com/trade/014/BRII_5002426889120902609070352?categoryNum=014010002,酉阳县,中选公告,2026-09-11,重庆市公共资源交易网,2026-09-11 10:56:28
九龙坡区人民医院日用品采购(JLP26A00398)公开招标公告,https://www.cqggzy.com/trade/014/1674405702715879424?categoryNum=014005001,九龙坡区,采购公告,2026-09-11,重庆市公共资源交易网,2026-09-11 10:56:28
关于【五里店勤俭片区老旧小区配套基础设施工程（二标段）概算编制】中选结果的公告,https://www.cqggzy.com/trade/014/BRII_5001056219191592609080649?categoryNum=014010002,江北区,中选公告,2026-09-11,重庆市公共资源交易网,2026-09-11 10:56:28
关于为【重庆市合川区特殊教育学校迁建项目地块调规论证方案编制服务】 公开选取【城乡规划编制】机构的公告,https://www.cqggzy.com/trade/014/PNII_50011778749527X2609110022?categoryNum=014010001,合川区,采购公告,2026-09-11,重庆市公共资源交易网,2026-09-11 10:56:28
"2026年区属公立医院医疗设备带量采购（包3、包5）(JLP26A00527,JLP26A00520)中标（成交）结果公告",https://www.cqggzy.com/trade/014/1674403939476615168_2?categoryNum=014005004,九龙坡区,采购结果公告,2026-09-11,重庆市公共资源交易网,2026-09-11 10:56:28
"2026年区属公立医院医疗设备带量采购（包3、包5）(JLP26A00527,JLP26A00520)中标（成交）结果公告",https://www.cqggzy.com/trade/014/1674403939476615168_1?categoryNum=014005004,九龙坡区,采购结果公告,2026-09-11,重庆市公共资源交易网,2026-09-11 10:56:28
九龙新城校区城市轨道交通实训设备(JLP26A00496)询价公告,https://www.cqggzy.com/trade/014/1674403463637020672?categoryNum=014005001,九龙坡区,采购公告,2026-09-11,重庆市公共资源交易网,2026-09-11 10:56:28
关于【五里店雨花村、团结新村老旧小区对外连接人行通道工程（暂定名）概算编制】中选结果的公告,https://www.cqggzy.com/trade/014/BRII_500105MA6105RF72609080630?categoryNum=014010002,江北区,中选公告,2026-09-11,重庆市公共资源交易网,2026-09-11 10:56:28
关于【鲤鱼池片区老旧小区配套基础设施建设项目（二期）四标段概算编制】中选结果的公告,https://www.cqggzy.com/trade/014/BRII_500105MA6105RF72609080616?categoryNum=014010002,江北区,中选公告,2026-09-11,重庆市公共资源交易网,2026-09-11 10:56:28
两江新城运营公司御临河公园东岸（机动北至龙湾森林公园段）设施维修项目石材采购特殊情况说明,https://www.cqggzy.com/trade/014/17890936675843909225?categoryNum=014012002,市级,相关公告,2026-09-11,重庆市公共资源交易网,2026-09-11 10:56:28
关于为【重庆三峡职业学院高峰校区一期工程项目（二标段）】 公开选取【招标代理】机构的公告,https://www.cqggzy.com/trade/014/PNII_5001015699222452609110130?categoryNum=014010001,万州区,采购公告,2026-09-11,重庆市公共资源交易网,2026-09-11 10:56:30
关于为【广电大厦新闻机房屋顶漏水整改项目施工图设计服务（第二次）】 公开选取【工程设计】机构的公告,https://www.cqggzy.com/trade/014/PNII_5001087398138002609110040?categoryNum=014010001,南岸区,采购公告,2026-09-11,重庆市公共资源交易网,2026-09-11 10:56:30
关于【重庆市耕地保护和数智化监管实践研究技术服务项目】中选结果的公告,https://www.cqggzy.com/trade/014/BRII_5001124503853072609080502?categoryNum=014010002,渝北区,中选公告,2026-09-11,重庆市公共资源交易网,2026-09-11 10:56:30
关于为【江津区2026年高标准农田补建项目招标代理】 公开选取【招标代理，工程建设项目招标代理】机构的公告,https://www.cqggzy.com/trade/014/PNII_500116MB1E181922609110116?categoryNum=014010001,江津区,采购公告,2026-09-11,重庆市公共资源交易网,2026-09-11 10:56:30
关于为【2026-2027学年度重庆市特殊教育中心音乐特色课程外包服务项目预算审核】 公开选取【工程造价咨询】机构的公告,https://www.cqggzy.com/trade/014/PNII_5001084504559422609110133?categoryNum=014010001,南岸区,采购公告,2026-09-11,重庆市公共资源交易网,2026-09-11 10:56:30
关于为【关于秀山县石堤至坝联农村公路改扩建工程弃土场及搅拌场临时用地土地勘测定界、现状地形图测绘采购公告】 公开选取【土地规划】机构的公告,https://www.cqggzy.com/trade/014/PNII_500241MAAC1GKP72609100647?categoryNum=014010001,秀山县,采购公告,2026-09-11,重庆市公共资源交易网,2026-09-11 10:56:30
关于为【江津区2026年高标准农田补建项目预算审核】 公开选取【工程造价咨询】机构的公告,https://www.cqggzy.com/trade/014/PNII_500116MB1E181922609110108?categoryNum=014010001,江津区,采购公告,2026-09-11,重庆市公共资源交易网,2026-09-11 10:56:30
关于为【垮岩危岩降险排危概算审查】 公开选取【工程造价咨询】机构的公告,https://www.cqggzy.com/trade/014/PNII_5001990548417372609110096?categoryNum=014010001,万盛区,采购公告,2026-09-11,重庆市公共资源交易网,2026-09-11 10:56:30
关于为【2026年武隆区火炉－江口片区产村融合发展示范项目（火炉镇）】 公开选取【工程设计】机构的公告,https://www.cqggzy.com/trade/014/PNII_5002320086917152609110020?categoryNum=014010001,武隆区,采购公告,2026-09-11,重庆市公共资源交易网,2026-09-11 10:56:30
关于为【重庆艺术公园消防维保单位单位采购】 公开选取【消防技术服务】机构的公告,https://www.cqggzy.com/trade/014/PNII_5001077453329232609110119?categoryNum=014010001,九龙坡区,采购公告,2026-09-11,重庆市公共资源交易网,2026-09-11 10:56:30
关于为【黔江区2025年城镇老旧小区提档升级改造项目（地形图测绘）】 公开选取【测绘】机构的公告,https://www.cqggzy.com/trade/014/PNII_500114MAABP8AQX2609110103?categoryNum=014010001,黔江区,采购公告,2026-09-11,重庆市公共资源交易网,2026-09-11 10:56:30
关于为【开州至云阳高速（江口-云阳-龙缸段）复兴长江大桥照明工程检测服务】 公开选取【检验检测服务】机构的公告,https://www.cqggzy.com/trade/014/PNII_500235MA610MY992609110093?categoryNum=014010001,云阳县,采购公告,2026-09-11,重庆市公共资源交易网,2026-09-11 10:56:30
关于为【幼儿评价系统采购项目招标代理】 公开选取【招标代理】机构的公告,https://www.cqggzy.com/trade/014/PNII_5001094504634592609110111?categoryNum=014010001,北碚区,采购公告,2026-09-11,重庆市公共资源交易网,2026-09-11 10:56:32
关于为【渝北区铜锣山矿山地质环境治理恢复与土地复垦（十三期-B）工程招标代理】 公开选取【招标代理】机构的公告,https://www.cqggzy.com/trade/014/PNII_500198MB0B197052609110090?categoryNum=014010001,两江新区,采购公告,2026-09-11,重庆市公共资源交易网,2026-09-11 10:56:32
关于为【彭水县两江行政楼污水管道改造及中业太阳城车库挡墙修缮项目】 公开选取【工程监理】机构的公告,https://www.cqggzy.com/trade/014/PNII_5002435771613432609110121?categoryNum=014010001,彭水县,采购公告,2026-09-11,重庆市公共资源交易网,2026-09-11 10:56:32
关于为【重庆市綦江区黄沙水库编制大坝安全管理应急预案、防汛抢险应急预案、调度规程采购】 公开选取【工程设计】机构的公告,https://www.cqggzy.com/trade/014/PNII_50011005779637X2609110018?categoryNum=014010001,綦江区,采购公告,2026-09-11,重庆市公共资源交易网,2026-09-11 10:56:32
关于【2026年南岸区城市运行安全整治项目可行性研究评审】中选结果的公告,https://www.cqggzy.com/trade/014/BRII_50010800929587X2608310303?categoryNum=014010002,南岸区,中选公告,2026-09-11,重庆市公共资源交易网,2026-09-11 10:56:32
关于【2026年愉秒充公司智能车位锁防占位服务项目公告】中选结果的公告,https://www.cqggzy.com/trade/014/BRII_500107MACYCXCNX2609030182?categoryNum=014010002,九龙坡区,中选公告,2026-09-11,重庆市公共资源交易网,2026-09-11 10:56:32
关于【万州区鹏程小学2026年暑期维修项目】中选结果的公告,https://www.cqggzy.com/trade/014/BRII_5001014517541512609070305?categoryNum=014010002,万州区,中选公告,2026-09-11,重庆市公共资源交易网,2026-09-11 10:56:32
关于【大木镇武陵村排洪渠水毁修复工程】中选结果的公告,https://www.cqggzy.com/trade/014/BRII_5001027958923392609070157?categoryNum=014010002,涪陵区,中选公告,2026-09-11,重庆市公共资源交易网,2026-09-11 10:56:32
关于【重庆市大足区回龙共青希望实验学校操场地面改造工程 （结算审核）】中选结果的公告,https://www.cqggzy.com/trade/014/BRII_5001114506685772609070996?categoryNum=014010002,大足区,中选公告,2026-09-11,重庆市公共资源交易网,2026-09-11 10:56:32
关于为【两江新区2026年市级第二季度水土流失遥感监管疑似违法违规扰动图斑核查工作】 公开选取【水土保持监测服务，水土保持方案编制】机构的公告,https://www.cqggzy.com/trade/014/PNII_500112C569999492609110084?categoryNum=014010001,渝北区,采购公告,2026-09-11,重庆市公共资源交易网,2026-09-11 10:56:32
关于【关于研究启动分布式光伏发电项目的可行性及资源评估服务采购】中选结果的公告,https://www.cqggzy.com/trade/014/BRII_5002426889120902609080506?categoryNum=014010002,酉阳县,中选公告,2026-09-11,重庆市公共资源交易网,2026-09-11 10:56:32
关于为【安置房09-12地块小区配套道路工程】 公开选取【检验检测服务】机构的公告,https://www.cqggzy.com/trade/014/PNII_5002306733704442609110126?categoryNum=014010001,丰都县,采购公告,2026-09-11,重庆市公共资源交易网,2026-09-11 10:56:32
关于为【东城街道社区卫生服务中心新建供氧设备用房项目（工程设计）】 公开选取【工程设计】机构的公告,https://www.cqggzy.com/trade/014/PNII_500224K361769512609110078?categoryNum=014010001,铜梁区,采购公告,2026-09-11,重庆市公共资源交易网,2026-09-11 10:56:34
关于【开州故城一期李家大院、沈家大院外立面修缮工程-监理】中选结果的公告,https://www.cqggzy.com/trade/014/BRII_5002345748397372609080327?categoryNum=014010002,开州区,中选公告,2026-09-11,重庆市公共资源交易网,2026-09-11 10:56:34
关于为【奉节县康乐镇石龙社区2026年特色旅居村以工代赈项目】 公开选取【工程造价咨询】机构的公告,https://www.cqggzy.com/trade/014/PNII_500236MB1M388442609110019?categoryNum=014010001,奉节县,采购公告,2026-09-11,重庆市公共资源交易网,2026-09-11 10:56:34
关于为【渝北区铜锣山矿山地质环境治理恢复与土地复垦（十三期-B）工程预算编制】 公开选取【工程造价咨询】机构的公告,https://www.cqggzy.com/trade/014/PNII_500198MB0B197052609110083?categoryNum=014010001,两江新区,采购公告,2026-09-11,重庆市公共资源交易网,2026-09-11 10:56:34
关于为【潼南区2026年第二批小型水库维修养护项目实施方案编制】 公开选取【工程设计】机构的公告,https://www.cqggzy.com/trade/014/PNII_5002237874858052609110065?categoryNum=014010001,潼南区,采购公告,2026-09-11,重庆市公共资源交易网,2026-09-11 10:56:34
关于为【江津区笋溪河流域鹤坪段水环境综合治理工程地下燃气、电缆、自来水、通信管线探测】 公开选取【测绘】机构的公告,https://www.cqggzy.com/trade/014/PNII_500116MB15129482609110004?categoryNum=014010001,江津区,采购公告,2026-09-11,重庆市公共资源交易网,2026-09-11 10:56:34
关于为【酉阳县南腰界革命老区乡村振兴项目—中小学红色文化教育实践基地设计服务】 公开选取【工程设计】机构的公告,https://www.cqggzy.com/trade/014/PNII_500242MAAC4H4N82609110026?categoryNum=014010001,酉阳县,采购公告,2026-09-11,重庆市公共资源交易网,2026-09-11 10:56:34
关于【卫国路片区老旧小区基础设施配套改造项目概算评审】中选结果的公告,https://www.cqggzy.com/trade/014/BRII_50010800929587X2608310268?categoryNum=014010002,南岸区,中选公告,2026-09-11,重庆市公共资源交易网,2026-09-11 10:56:34
关于【彭水三中校舍维修】中选结果的公告,https://www.cqggzy.com/trade/014/BRII_500243MB1F376182609070231?categoryNum=014010002,彭水县,中选公告,2026-09-11,重庆市公共资源交易网,2026-09-11 10:56:34
关于【重庆市全民所有自然资源资产清查及价值实现关键技术研究与示范项目】中选结果的公告,https://www.cqggzy.com/trade/014/BRII_5001124503853072609080510?categoryNum=014010002,渝北区,中选公告,2026-09-11,重庆市公共资源交易网,2026-09-11 10:56:34
关于【重庆綦江流域打通片区生态系统整治项目（二标段）放线】中选结果的公告,https://www.cqggzy.com/trade/014/BRII_5001103316770082609080332?categoryNum=014010002,綦江区,中选公告,2026-09-11,重庆市公共资源交易网,2026-09-11 10:56:34
关于【国通信托·汇升公司企业市场化重组服务信托结构化融资咨询服务采购】中选结果的公告,https://www.cqggzy.com/trade/014/BRII_5002426889120902609070844?categoryNum=014010002,酉阳县,中选公告,2026-09-11,重庆市公共资源交易网,2026-09-11 10:56:34
关于为【福禄镇农贸市场房屋资产价值评估服务的采购说明】 公开选取【资产评估】机构的公告,https://www.cqggzy.com/trade/014/PNII_50022873396435X2609110102?categoryNum=014010001,梁平区,采购公告,2026-09-11,重庆市公共资源交易网,2026-09-11 10:56:36
关于为【高峰镇大井村大堰塘及龙溪河河边公路建设项目地形图测绘单位选取说明】 公开选取【测绘】机构的公告,https://www.cqggzy.com/trade/014/PNII_5002310086798202609110114?categoryNum=014010001,垫江县,采购公告,2026-09-11,重庆市公共资源交易网,2026-09-11 10:56:36
关于为【关于秀山县石堤至坝联农村公路改扩建工程占用重庆市秀山川河盖地质公园生态影响评价报告采购公告】 公开选取【林业调查规划设计】机构的公告,https://www.cqggzy.com/trade/014/PNII_500241MAAC1GKP72609100746?categoryNum=014010001,秀山县,采购公告,2026-09-11,重庆市公共资源交易网,2026-09-11 10:56:36
关于为【关于秀山县省道S526龙池至峨溶段改建工程（峨溶过境路）使用林地（永久）可行性研究报告采购公告】 公开选取【林业调查规划设计】机构的公告,https://www.cqggzy.com/trade/014/PNII_500241MAAC1GKP72609100741?categoryNum=014010001,秀山县,采购公告,2026-09-11,重庆市公共资源交易网,2026-09-11 10:56:36
关于为【邮亭片区道路安全排危及杂草清理项目预算编制】 公开选取【工程造价咨询】机构的公告,https://www.cqggzy.com/trade/014/PNII_5001110532484562609110094?categoryNum=014010001,大足区,采购公告,2026-09-11,重庆市公共资源交易网,2026-09-11 10:56:36
关于为【对立生公司主责主业合规专项审计服务采购公告】 公开选取【会计师事务所服务】机构的公告,https://www.cqggzy.com/trade/014/PNII_5002317562463692609110106?categoryNum=014010001,垫江县,采购公告,2026-09-11,重庆市公共资源交易网,2026-09-11 10:56:36
关于为【重庆市铜梁区淮远河支流综合治理工程施工图审查】 公开选取【施工图设计文件审查】机构的公告,https://www.cqggzy.com/trade/014/PNII_5002246608805092609110112?categoryNum=014010001,铜梁区,采购公告,2026-09-11,重庆市公共资源交易网,2026-09-11 10:56:36
关于为【省道S206线徐家湾组马颈子处内侧边坡危岩整治项目结算审核】 公开选取【工程造价咨询】机构的公告,https://www.cqggzy.com/trade/014/PNII_5002327339787192609110075?categoryNum=014010001,武隆区,采购公告,2026-09-11,重庆市公共资源交易网,2026-09-11 10:56:36
关于为【忠县汝溪镇中心小学校后校门及围墙、应急通道整治项目】 公开选取【工程造价咨询】机构的公告,https://www.cqggzy.com/trade/014/PNII_5002334518117342609110110?categoryNum=014010001,忠县,采购公告,2026-09-11,重庆市公共资源交易网,2026-09-11 10:56:36
关于为【关于秀山县石堤至坝联农村公路改扩建工程符合生态保护红线内允许有限人为活动论证报告采购公告】 公开选取【林业调查规划设计】机构的公告,https://www.cqggzy.com/trade/014/PNII_500241MAAC1GKP72609100742?categoryNum=014010001,秀山县,采购公告,2026-09-11,重庆市公共资源交易网,2026-09-11 10:56:36
关于为【关于秀山县石堤至坝联农村公路改扩建工程使用林地（永久）可行性研究报告采购公告】 公开选取【林业调查规划设计】机构的公告,https://www.cqggzy.com/trade/014/PNII_500241MAAC1GKP72609100744?categoryNum=014010001,秀山县,采购公告,2026-09-11,重庆市公共资源交易网,2026-09-11 10:56:36
关于为【开州区天白水库工程建设征地移民安置规划调整报告修编服务】 公开选取【工程设计】机构的公告,https://www.cqggzy.com/trade/014/PNII_500234MAE98GN552609110104?categoryNum=014010001,开州区,采购公告,2026-09-11,重庆市公共资源交易网,2026-09-11 10:56:36
关于【玻芯成重庆半导体科技有限公司设备补贴审计项目】中选结果的公告,https://www.cqggzy.com/trade/014/BRII_5001026635554612608240115?categoryNum=014010002,涪陵区,中选公告,2026-09-11,重庆市公共资源交易网,2026-09-11 10:56:37
关于【璧山区公墓及殡仪馆建设项目—璧山区殡仪馆规划用地地质灾害危险性评估】中选结果的公告,https://www.cqggzy.com/trade/014/BRII_50022734598632X2609070223?categoryNum=014010002,璧山区,中选公告,2026-09-11,重庆市公共资源交易网,2026-09-11 10:56:37
关于【璧山区公墓及殡仪馆建设项目—丁家公益性公墓规划用地地质灾害危险性评估】中选结果的公告,https://www.cqggzy.com/trade/014/BRII_50022734598632X2609070197?categoryNum=014010002,璧山区,中选公告,2026-09-11,重庆市公共资源交易网,2026-09-11 10:56:37
关于【黔江区综合片区工业用地分摊成本价测算】中选结果的公告,https://www.cqggzy.com/trade/014/BRII_500114MB1U522052609080690?categoryNum=014010002,黔江区,中选公告,2026-09-11,重庆市公共资源交易网,2026-09-11 10:56:37
关于为【关于秀山县石堤至坝联农村公路改扩建工程占用重庆秀山大溪国家湿地公园生态影响评价报告采购公告】 公开选取【林业调查规划设计】机构的公告,https://www.cqggzy.com/trade/014/PNII_500241MAAC1GKP72609100747?categoryNum=014010001,秀山县,采购公告,2026-09-11,重庆市公共资源交易网,2026-09-11 10:56:37
关于【涪陵区2025年蔺市街道农村公路安全生产基础设施建设工程】中选结果的公告,https://www.cqggzy.com/trade/014/BRII_5001027116671512609070798?categoryNum=014010002,涪陵区,中选公告,2026-09-11,重庆市公共资源交易网,2026-09-11 10:56:37
关于为【中船重庆枢纽港清洁能源装备产业基地35KV变电工程设计】 公开选取【工程设计】机构的公告,https://www.cqggzy.com/trade/014/PNII_500116MA6074JC62609110081?categoryNum=014010001,江津区,采购公告,2026-09-11,重庆市公共资源交易网,2026-09-11 10:56:37
关于为【云阳旅游集散中心及博物馆建设项目EF段边坡选用第三方监测】 公开选取【工程勘察】机构的公告,https://www.cqggzy.com/trade/014/PNII_500235MA610MY992609110058?categoryNum=014010001,云阳县,采购公告,2026-09-11,重庆市公共资源交易网,2026-09-11 10:56:37
关于为【环卫科研大楼资产盘活项目装修工程监理单位】 公开选取【工程监理】机构的公告,https://www.cqggzy.com/trade/014/PNII_5001127688693362609100038?categoryNum=014010001,渝北区,采购公告,2026-09-11,重庆市公共资源交易网,2026-09-11 10:56:37
关于为【悦川路斗地湾至倒角农村公路改建及安全生命防护安装工程】 公开选取【工程咨询】机构的公告,https://www.cqggzy.com/trade/014/PNII_5002400091348812609100611?categoryNum=014010001,石柱县,采购公告,2026-09-11,重庆市公共资源交易网,2026-09-11 10:56:37
关于【涪陵区2025年蔺市街道农村公路安全生产基础设施建设工程】中选结果的公告,https://www.cqggzy.com/trade/014/BRII_5001027116671512609070830?categoryNum=014010002,涪陵区,中选公告,2026-09-11,重庆市公共资源交易网,2026-09-11 10:56:37
关于为【巫溪县老鹰茶集散中心财务决算】 公开选取【会计师事务所服务】机构的公告,https://www.cqggzy.com/trade/014/PNII_5002385590112532609110073?categoryNum=014010001,巫溪县,采购公告,2026-09-11,重庆市公共资源交易网,2026-09-11 10:56:37
关于【开州区大进镇2026年关坪村、长城村、新元村基础设施以工代赈项目工程监理采购】中选结果的公告,https://www.cqggzy.com/trade/014/BRII_5002347688897402608200724?categoryNum=014010002,开州区,中选公告,2026-09-11,重庆市公共资源交易网,2026-09-11 10:56:40
关于为【奉节县生态工业园区小型消防站建设项目】 公开选取【工程造价咨询】机构的公告,https://www.cqggzy.com/trade/014/PNII_500236MB1M388442609110028?categoryNum=014010001,奉节县,采购公告,2026-09-11,重庆市公共资源交易网,2026-09-11 10:56:40
关于【万州上海中学危险废物处置采购服务】中选结果的公告,https://www.cqggzy.com/trade/014/BRII_5001014517577902609070992?categoryNum=014010002,万州区,中选公告,2026-09-11,重庆市公共资源交易网,2026-09-11 10:56:40
关于【涪陵综保区二期回填区堆体稳定性安全评估服务】中选结果的公告,https://www.cqggzy.com/trade/014/BRII_5001022085506502609080101?categoryNum=014010002,涪陵区,中选公告,2026-09-11,重庆市公共资源交易网,2026-09-11 10:56:40
关于【重庆市丰都县交通建设工程有限公司年度招采咨询服务单位】中选结果的公告,https://www.cqggzy.com/trade/014/BRII_5002302087536262609080274?categoryNum=014010002,丰都县,中选公告,2026-09-11,重庆市公共资源交易网,2026-09-11 10:56:40
关于【白马山黄柏淌LNT无痕徒步项目预算单位】中选结果的公告,https://www.cqggzy.com/trade/014/BRII_500232MA612M5P62609080545?categoryNum=014010002,武隆区,中选公告,2026-09-11,重庆市公共资源交易网,2026-09-11 10:56:40
关于为【2026年中型水库计量设施安装项目】 公开选取【招标代理】机构的公告,https://www.cqggzy.com/trade/014/PNII_500102MB1K352972609110113?categoryNum=014010001,涪陵区,采购公告,2026-09-11,重庆市公共资源交易网,2026-09-11 10:56:40
关于为【重庆华渝新材料科技有限公司安全现状评价技术服务项目】 公开选取【安全评价】机构的公告,https://www.cqggzy.com/trade/014/PNII_500115MACHK5HW72609110062?categoryNum=014010001,长寿区,采购公告,2026-09-11,重庆市公共资源交易网,2026-09-11 10:56:40
关于为【重庆高新区提质增效小区打造及垃圾分类智能投放设施维护项目预算编制服务】 公开选取【工程造价咨询】机构的公告,https://www.cqggzy.com/trade/014/PNII_5002985936581572609100405?categoryNum=014010001,市级,采购公告,2026-09-11,重庆市公共资源交易网,2026-09-11 10:56:40
关于为【重庆市渝中区房屋征收中心勤杂及值守服务项目】 公开选取【商务服务，劳务派遣服务】机构的公告,https://www.cqggzy.com/trade/014/PNII_500103MB0U4625X2609100720?categoryNum=014010001,渝中区,采购公告,2026-09-11,重庆市公共资源交易网,2026-09-11 10:56:40
关于【开州故城一期李家大院、沈家大院外立面修缮工程-质量检测】中选结果的公告,https://www.cqggzy.com/trade/014/BRII_5002345748397372609080394?categoryNum=014010002,开州区,中选公告,2026-09-11,重庆市公共资源交易网,2026-09-11 10:56:40
关于【开州故城一期李家大院、沈家大院外立面修缮工程-施工招标代理】中选结果的公告,https://www.cqggzy.com/trade/014/BRII_5002345748397372609080387?categoryNum=014010002,开州区,中选公告,2026-09-11,重庆市公共资源交易网,2026-09-11 10:56:40
关于【2026-417#某停车场建设项目（预算）】中选结果的公告,https://www.cqggzy.com/trade/014/BRII_5002236814909052609070935?categoryNum=014010002,潼南区,中选公告,2026-09-11,重庆市公共资源交易网,2026-09-11 10:56:41
关于为【西渝高铁合川东站综合交通枢纽工程及合川东站站前大道土地规划性质调整服务的采购】 公开选取【城乡规划编制】机构的公告,https://www.cqggzy.com/trade/014/PNII_5001170093261542609110060?categoryNum=014010001,合川区,采购公告,2026-09-11,重庆市公共资源交易网,2026-09-11 10:56:41
关于【长寿经开区新材料产业园地下水管控修复项目 （一期）招标代理服务】中选结果的公告,https://www.cqggzy.com/trade/014/BRII_5001157453112682609070752?categoryNum=014010002,长寿区,中选公告,2026-09-11,重庆市公共资源交易网,2026-09-11 10:56:41
关于【中共重庆市永川区委党校校园文化及环境整治项目监理服务采购】中选结果的公告,https://www.cqggzy.com/trade/014/BRII_50011879071068X2609080062?categoryNum=014010002,永川区,中选公告,2026-09-11,重庆市公共资源交易网,2026-09-11 10:56:41
关于【善感乡人民政府办公用房维修整治项目。】中选结果的公告,https://www.cqggzy.com/trade/014/BRII_5002430091536872609070710?categoryNum=014010002,彭水县,中选公告,2026-09-11,重庆市公共资源交易网,2026-09-11 10:56:41
关于【白马山黄柏淌自然教育基地测绘单位】中选结果的公告,https://www.cqggzy.com/trade/014/BRII_500232MA612M5P62609080605?categoryNum=014010002,武隆区,中选公告,2026-09-11,重庆市公共资源交易网,2026-09-11 10:56:41
关于【潼南区三块石水库经营项目（彭家院子防汛应急桥工程）交工验收试验检测服务】中选结果的公告,https://www.cqggzy.com/trade/014/BRII_500223MA5YTRPE22609070859?categoryNum=014010002,潼南区,中选公告,2026-09-11,重庆市公共资源交易网,2026-09-11 10:56:41
关于为【关于秀山县石堤至坝联农村公路改扩建工程弃土场及搅拌场临时用地涉及永久基本农田的踏勘论证、不可避让生态保护红线论证报告、临时用地复垦实施方案采购公告】 公开选取【土地规划】机构的公告,https://www.cqggzy.com/trade/014/PNII_500241MAAC1GKP72609100739?categoryNum=014010001,秀山县,采购公告,2026-09-11,重庆市公共资源交易网,2026-09-11 10:56:41
关于【长征国家文化公园(酉阳段)南腰界革命根据地景区建设项目一红军大学项目和长征精神传承区建设场地地质灾害危险性评估】中选结果的公告,https://www.cqggzy.com/trade/014/BRII_500242MAAC4H4N82609080323?categoryNum=014010002,酉阳县,中选公告,2026-09-11,重庆市公共资源交易网,2026-09-11 10:56:41
关于【云阳县六个区域中心乡镇（街道）幼儿园建设项目（集美江悦幼儿园）水土保持方案报告表编制】中选结果的公告,https://www.cqggzy.com/trade/014/BRII_500235MA610MY992609080198?categoryNum=014010002,云阳县,中选公告,2026-09-11,重庆市公共资源交易网,2026-09-11 10:56:41
关于【云阳县江口镇沈家村组级公路通达新修工程（陈家屋场至望乡台屋5组）招标代理】中选结果的公告,https://www.cqggzy.com/trade/014/BRII_5002350086576562609080016?categoryNum=014010002,云阳县,中选公告,2026-09-11,重庆市公共资源交易网,2026-09-11 10:56:41
关于为【西渝高铁合川东站综合交通枢纽工程及合川东站站前大道测绘及代办划拨等服务】 公开选取【测绘】机构的公告,https://www.cqggzy.com/trade/014/PNII_5001170093261542609110097?categoryNum=014010001,合川区,采购公告,2026-09-11,重庆市公共资源交易网,2026-09-11 10:56:41
关于为【重庆华渝新材料科技有限公司土壤和地下水监测方案及2026年度监测服务】 公开选取【检验检测服务】机构的公告,https://www.cqggzy.com/trade/014/PNII_500115MACHK5HW72609110076?categoryNum=014010001,长寿区,采购公告,2026-09-11,重庆市公共资源交易网,2026-09-11 10:56:43
关于【重庆市潼南区塘坝镇中心幼儿园劳务派遣保育员管理服务】中选结果的公告,https://www.cqggzy.com/trade/014/BRII_500223MB18397562609080734?categoryNum=014010002,潼南区,中选公告,2026-09-11,重庆市公共资源交易网,2026-09-11 10:56:43
关于为【2026年巫山县当阳乡红岩村淫羊藿种植基地建设项目可行性研究报告】 公开选取【工程咨询】机构的公告,https://www.cqggzy.com/trade/014/PNII_5002370086612172609110082?categoryNum=014010001,巫山县,采购公告,2026-09-11,重庆市公共资源交易网,2026-09-11 10:56:43
关于【台农园园区道闸及监控系统运维项目】中选结果的公告,https://www.cqggzy.com/trade/014/BRII_500109MAACBK2B32609080409?categoryNum=014010002,北碚区,中选公告,2026-09-11,重庆市公共资源交易网,2026-09-11 10:56:43
关于为【万州经开区天子园污水管网改造完善工程】 公开选取【招标代理】机构的公告,https://www.cqggzy.com/trade/014/PNII_5001017842280102609110100?categoryNum=014010001,万州区,采购公告,2026-09-11,重庆市公共资源交易网,2026-09-11 10:56:43
关于为【潼南区敬家沟、关门寺水库改造提升项目评估报告编制和勘察设计服务】 公开选取【招标代理，工程建设项目招标代理】机构的公告,https://www.cqggzy.com/trade/014/PNII_5002237874858052609110072?categoryNum=014010001,潼南区,采购公告,2026-09-11,重庆市公共资源交易网,2026-09-11 10:56:43
关于为【重庆两江新区产业发展集团有限公司(简称“两江产业集团”)星光餐厅运营项目专项审计】 公开选取【会计师事务所服务】机构的公告,https://www.cqggzy.com/trade/014/PNII_500198MA5U62C402609110063?categoryNum=014010001,两江新区,采购公告,2026-09-11,重庆市公共资源交易网,2026-09-11 10:56:43
关于【2026年黑水镇大涵村产业路建设项目招标代理工作】中选结果的公告,https://www.cqggzy.com/trade/014/BRII_5002427339625652609010369?categoryNum=014010002,酉阳县,中选公告,2026-09-11,重庆市公共资源交易网,2026-09-11 10:56:43
关于为【长寿区桃花溪三洞沟水土流失综合治理工程预算编制单位采购】 公开选取【工程造价咨询】机构的公告,https://www.cqggzy.com/trade/014/PNII_500115MA7EATPEX2609110049?categoryNum=014010001,长寿区,采购公告,2026-09-11,重庆市公共资源交易网,2026-09-11 10:56:43
关于【酉阳县黑水镇马鹿村楠木箐至三尖石通组通畅及安防工程项目招标代理工作】中选结果的公告,https://www.cqggzy.com/trade/014/BRII_5002427339625652609010372?categoryNum=014010002,酉阳县,中选公告,2026-09-11,重庆市公共资源交易网,2026-09-11 10:56:43
关于【重庆市云阳江口中学校科创楼、学生宿舍项目水土保持方案报告表编制】中选结果的公告,https://www.cqggzy.com/trade/014/BRII_500235MA610MY992609080210?categoryNum=014010002,云阳县,中选公告,2026-09-11,重庆市公共资源交易网,2026-09-11 10:56:43
关于【长寿城区医康养融合项目燃气安装工程预算审核】中选结果的公告,https://www.cqggzy.com/trade/014/BRII_5001156912158512609080078?categoryNum=014010002,长寿区,中选公告,2026-09-11,重庆市公共资源交易网,2026-09-11 10:56:43
关于【云阳县六个区域中心乡镇（街道）幼儿园建设项目（北城小学附设幼儿园）水土保持方案报告表编制】中选结果的公告,https://www.cqggzy.com/trade/014/BRII_500235MA610MY992609080191?categoryNum=014010002,云阳县,中选公告,2026-09-11,重庆市公共资源交易网,2026-09-11 10:56:44
关于为【关于秀山县石堤至坝联农村公路改扩建工程使用林地（临时）可行性研究报告采购公告】 公开选取【林业调查规划设计】机构的公告,https://www.cqggzy.com/trade/014/PNII_500241MAAC1GKP72609100743?categoryNum=014010001,秀山县,采购公告,2026-09-11,重庆市公共资源交易网,2026-09-11 10:56:44
关于【綦江区体育中心基础设施设备排危改造项目二期 材料采购、专业分包招标代理机构选取】中选结果的公告,https://www.cqggzy.com/trade/014/BRII_50011005986847X2609070988?categoryNum=014010002,綦江区,中选公告,2026-09-11,重庆市公共资源交易网,2026-09-11 10:56:44
关于【广顺加油站钢结构（加油棚）安全鉴定服务】中选结果的公告,https://www.cqggzy.com/trade/014/BRII_500226MA60UTE262609080317?categoryNum=014010002,荣昌区,中选公告,2026-09-11,重庆市公共资源交易网,2026-09-11 10:56:44
关于【重庆市两江新区洛碛镇新石村排洪渠等水毁修复工程勘察设计】中选结果的公告,https://www.cqggzy.com/trade/014/BRII_500198MB0B185772609080644?categoryNum=014010002,两江新区,中选公告,2026-09-11,重庆市公共资源交易网,2026-09-11 10:56:44
关于为【同德片区城中村改造项目配套基础设施（一期）地勘审查】 公开选取【施工图设计文件审查】机构的公告,https://www.cqggzy.com/trade/014/PNII_500112MA5YX2HP52609110045?categoryNum=014010001,渝北区,采购公告,2026-09-11,重庆市公共资源交易网,2026-09-11 10:56:44
关于【2026年宜居镇产业路硬化项目】中选结果的公告,https://www.cqggzy.com/trade/014/BRII_5002420091481592609080523?categoryNum=014010002,酉阳县,中选公告,2026-09-11,重庆市公共资源交易网,2026-09-11 10:56:44
关于【綦江区后山坡片区老旧小区改造项目（二标段） （室外弱电工程、低压线路搬迁工程）专业分包、（结构工程、岩土边坡工程）劳务分包招标代理机构选取】中选结果的公告,https://www.cqggzy.com/trade/014/BRII_50011005986847X2609070985?categoryNum=014010002,綦江区,中选公告,2026-09-11,重庆市公共资源交易网,2026-09-11 10:56:44
关于为【同德片区城中村改造项目配套基础设施（一期）地勘外业见证】 公开选取【工程勘察】机构的公告,https://www.cqggzy.com/trade/014/PNII_500112MA5YX2HP52609110032?categoryNum=014010001,渝北区,采购公告,2026-09-11,重庆市公共资源交易网,2026-09-11 10:56:44
关于【云阳凤鸣中学校科教综合楼建设项目水土保持方案报告表编制】中选结果的公告,https://www.cqggzy.com/trade/014/BRII_500235MA610MY992609080204?categoryNum=014010002,云阳县,中选公告,2026-09-11,重庆市公共资源交易网,2026-09-11 10:56:44
关于为【关于秀山县石堤至坝联农村公路改扩建工程占用酉水河石堤风景名胜区生态影响评价报告采购 公告】 公开选取【林业调查规划设计】机构的公告,https://www.cqggzy.com/trade/014/PNII_500241MAAC1GKP72609100745?categoryNum=014010001,秀山县,采购公告,2026-09-11,重庆市公共资源交易网,2026-09-11 10:56:44
关于为【大渡口区B01单元05街区I66-1号、I66-4-1号宗地国有建设用地使用权市场价评估】 公开选取【土地估价】机构的公告,https://www.cqggzy.com/trade/014/PNII_5001037474840822609100711?categoryNum=014010001,渝中区,采购公告,2026-09-11,重庆市公共资源交易网,2026-09-11 10:56:44
关于为【黔江区农村供水保障工程(一期）2026年专项债项目一案两书编制】 公开选取【会计师事务所服务】机构的公告,https://www.cqggzy.com/trade/014/PNII_500114MAABP8AQX2609110047?categoryNum=014010001,黔江区,采购公告,2026-09-11,重庆市公共资源交易网,2026-09-11 10:56:46
关于为【重庆市铜梁区龙泽水务有限责任公司龙源乡镇供水分公司供水价格调整社会稳定风险评估】 公开选取【社会工作服务评估】机构的公告,https://www.cqggzy.com/trade/014/PNII_5002247339570882609110068?categoryNum=014010001,铜梁区,采购公告,2026-09-11,重庆市公共资源交易网,2026-09-11 10:56:46
关于为【华中科技大学同济医学院附属协和医院重庆医院项目核技术利用建设项目竣工环保验收】 公开选取【建设项目环境影响评价】机构的公告,https://www.cqggzy.com/trade/014/PNII_5001985748418292609110069?categoryNum=014010001,两江新区,采购公告,2026-09-11,重庆市公共资源交易网,2026-09-11 10:56:46
关于为【大渡口区B01单元04街区F8-3-2号 宗地国有建设用地使用权市场价评估】 公开选取【土地估价】机构的公告,https://www.cqggzy.com/trade/014/PNII_5001037474840822609100723?categoryNum=014010001,渝中区,采购公告,2026-09-11,重庆市公共资源交易网,2026-09-11 10:56:46
关于【校园集采食材配送项目豆制品、湿面、禽肉、牛肉直采供应商招标代理】中选结果的公告,https://www.cqggzy.com/trade/014/BRII_500101MA60QPU842609020871?categoryNum=014010002,万州区,中选公告,2026-09-11,重庆市公共资源交易网,2026-09-11 10:56:46
关于【石堰镇2026-2028年松材线虫除治项目招标代理单位】中选结果的公告,https://www.cqggzy.com/trade/014/BRII_5001150093046682609080245?categoryNum=014010002,长寿区,中选公告,2026-09-11,重庆市公共资源交易网,2026-09-11 10:56:46
关于【新田路208号房屋资产设备更新询价及装修改造工程 】中选结果的公告,https://www.cqggzy.com/trade/014/BRII_5001990953339742609080287?categoryNum=014010002,万盛区,中选公告,2026-09-11,重庆市公共资源交易网,2026-09-11 10:56:46
关于为【南滨路（烟雨公园至石板坡长江大桥段）堤岸灯饰恢复工程材料检测服务采购】 公开选取【检验检测服务】机构的公告,https://www.cqggzy.com/trade/014/PNII_5001054503918462609110054?categoryNum=014010001,江北区,采购公告,2026-09-11,重庆市公共资源交易网,2026-09-11 10:56:46
关于【丰都县城区龙河东、名山片区供水设施改造项目】中选结果的公告,https://www.cqggzy.com/trade/014/BRII_5002300532483412609070758?categoryNum=014010002,丰都县,中选公告,2026-09-11,重庆市公共资源交易网,2026-09-11 10:56:46
关于【《江口水库库岸变形治理及组织避让搬迁补充协议书》系列项目】中选结果的公告,https://www.cqggzy.com/trade/014/BRII_5002320086916352609070933?categoryNum=014010002,武隆区,中选公告,2026-09-11,重庆市公共资源交易网,2026-09-11 10:56:46
关于为【关于沙坪坝区城中村片区改造一期（科学城站片区） 配套基础设施项目地质灾害危险性评估工作服务】 公开选取【地质灾害防治】机构的公告,https://www.cqggzy.com/trade/014/PNII_5001060092905852609100357?categoryNum=014010001,沙坪坝区,采购公告,2026-09-11,重庆市公共资源交易网,2026-09-11 10:56:46
关于为【2026年学校防雷检测】 公开选取【防雷装置检测】机构的公告,https://www.cqggzy.com/trade/014/PNII_5002304520285572609110053?categoryNum=014010001,丰都县,采购公告,2026-09-11,重庆市公共资源交易网,2026-09-11 10:56:46
关于【北山中学“重庆市高中语文尚美课程创新基地”翰墨楼装饰装修工程】中选结果的公告,https://www.cqggzy.com/trade/014/BRII_5001184506417022609080120?categoryNum=014010002,永川区,中选公告,2026-09-11,重庆市公共资源交易网,2026-09-11 10:56:47
关于【云阳县高阳镇猫耳洞滑坡应急治理工程项目】中选结果的公告,https://www.cqggzy.com/trade/014/BRII_5002350086578832609040004?categoryNum=014010002,云阳县,中选公告,2026-09-11,重庆市公共资源交易网,2026-09-11 10:56:47
关于【垫江县数字经济产业园大数据运营中心改造项目夜景灯饰设计】中选结果的公告,https://www.cqggzy.com/trade/014/BRII_5002317562463692609080099?categoryNum=014010002,垫江县,中选公告,2026-09-11,重庆市公共资源交易网,2026-09-11 10:56:47
关于为【垫江县2026年城市体检综合报告编制】 公开选取【工程咨询】机构的公告,https://www.cqggzy.com/trade/014/PNII_5002310086815682609100037?categoryNum=014010001,垫江县,采购公告,2026-09-11,重庆市公共资源交易网,2026-09-11 10:56:47
关于【仁义镇2026年农业灌溉设施老旧渡槽安全隐患问题整改项目】中选结果的公告,https://www.cqggzy.com/trade/014/BRII_5002260093423572609070158?categoryNum=014010002,荣昌区,中选公告,2026-09-11,重庆市公共资源交易网,2026-09-11 10:56:47
关于【重庆市荣昌区桂花园小学运动场及附属设施维修改造项目】中选结果的公告,https://www.cqggzy.com/trade/014/BRII_5002264506787752609040558?categoryNum=014010002,荣昌区,中选公告,2026-09-11,重庆市公共资源交易网,2026-09-11 10:56:47
关于【丰都县2022年生猪代养场基础设施配套项目】中选结果的公告,https://www.cqggzy.com/trade/014/BRII_5002300532483412609070819?categoryNum=014010002,丰都县,中选公告,2026-09-11,重庆市公共资源交易网,2026-09-11 10:56:47
关于【2026年武隆区白马镇板桥村甘薯产业配套设施项目】中选结果的公告,https://www.cqggzy.com/trade/014/BRII_5002320086914912609080331?categoryNum=014010002,武隆区,中选公告,2026-09-11,重庆市公共资源交易网,2026-09-11 10:56:47
关于为【环缙云山嘉陵江南岸(金刚碑—金果园段)生态产品价值(VEP)实现示范项目(一期)】 公开选取【工程咨询】机构的公告,https://www.cqggzy.com/trade/014/PNII_5001097748763992609110041?categoryNum=014010001,北碚区,采购公告,2026-09-11,重庆市公共资源交易网,2026-09-11 10:56:47
关于【丰都县三合街道王家渡组团与龙河新城人行通道建设工程EPC】中选结果的公告,https://www.cqggzy.com/trade/014/BRII_5002300532483412609070800?categoryNum=014010002,丰都县,中选公告,2026-09-11,重庆市公共资源交易网,2026-09-11 10:56:47
关于【武陵山电商直播基地项目监理服务】中选结果的公告,https://www.cqggzy.com/trade/014/BRII_500114MAABYN1MX2609080675?categoryNum=014010002,黔江区,中选公告,2026-09-11,重庆市公共资源交易网,2026-09-11 10:56:47
关于【重庆市开州区厚坝镇派出所平安建设用房排危整修项目】中选结果的公告,https://www.cqggzy.com/trade/014/BRII_5002340086475032609070796?categoryNum=014010002,开州区,中选公告,2026-09-11,重庆市公共资源交易网,2026-09-11 10:56:47
关于为【长江二桥机电工程质量检测单位】 公开选取【检验检测服务】机构的公告,https://www.cqggzy.com/trade/014/PNII_5002300086863502609110024?categoryNum=014010001,丰都县,采购公告,2026-09-11,重庆市公共资源交易网,2026-09-11 10:56:49
关于为【重庆市合川区特殊教育学校迁建项目】 公开选取【工程设计】机构的公告,https://www.cqggzy.com/trade/014/PNII_50011778749527X2609080508?categoryNum=014010001,合川区,采购公告,2026-09-11,重庆市公共资源交易网,2026-09-11 10:56:49
关于【酉阳县2026年苍岭镇高标准农田补建项目招标代理】中选结果的公告,https://www.cqggzy.com/trade/014/BRII_50024273395117X2609070995?categoryNum=014010002,酉阳县,中选公告,2026-09-11,重庆市公共资源交易网,2026-09-11 10:56:49
关于【2026年方舱医院、发热门诊两个工程项目财务决算审计服务采购】中选结果的公告,https://www.cqggzy.com/trade/014/BRII_500230MA6007XM72609070909?categoryNum=014010002,丰都县,中选公告,2026-09-11,重庆市公共资源交易网,2026-09-11 10:56:49
关于【酉阳县华章超充站建设项目】中选结果的公告,https://www.cqggzy.com/trade/014/BRII_500242MA7NGMQU92609070180?categoryNum=014010002,酉阳县,中选公告,2026-09-11,重庆市公共资源交易网,2026-09-11 10:56:49
关于【长寿区凤城街道片区污水管网建设工程(一标段)-二级国防光缆保护工程预算审核】中选结果的公告,https://www.cqggzy.com/trade/014/BRII_5001157428958272609070683?categoryNum=014010002,长寿区,中选公告,2026-09-11,重庆市公共资源交易网,2026-09-11 10:56:49
关于【开州故城一期李家大院、沈家大院外立面修缮工程-施工图审查】中选结果的公告,https://www.cqggzy.com/trade/014/BRII_5002345748397372609080349?categoryNum=014010002,开州区,中选公告,2026-09-11,重庆市公共资源交易网,2026-09-11 10:56:49
关于【巫山县红椿乡红椿等（5）个村市级补充耕地项目前期勘测和规划设计及预算编制单位】中选结果的公告,https://www.cqggzy.com/trade/014/BRII_500237MB1R383202609080778?categoryNum=014010002,巫山县,中选公告,2026-09-11,重庆市公共资源交易网,2026-09-11 10:56:49
关于为【夔州街道大槽社区饮水无保障群众兜底项目】 公开选取【工程造价咨询】机构的公告,https://www.cqggzy.com/trade/014/PNII_500236MB1G962482609110003?categoryNum=014010001,奉节县,采购公告,2026-09-11,重庆市公共资源交易网,2026-09-11 10:56:49
关于【巫山县铜鼓镇双庙等（3）个村市级农村土地整治项目全过程造价控制单位】中选结果的公告,https://www.cqggzy.com/trade/014/BRII_500237MB1R383202609080817?categoryNum=014010002,巫山县,中选公告,2026-09-11,重庆市公共资源交易网,2026-09-11 10:56:49
关于【巫溪县人民医院 太平间、污水处理站、蓄水池、固废暂存间房屋测绘】中选结果的公告,https://www.cqggzy.com/trade/014/BRII_5002384519055032609040173?categoryNum=014010002,巫溪县,中选公告,2026-09-11,重庆市公共资源交易网,2026-09-11 10:56:49
关于【綦江区采煤沉陷区地质灾害排除及环境整治工程（三标段）施工图审查】中选结果的公告,https://www.cqggzy.com/trade/014/BRII_5001103316770082609080348?categoryNum=014010002,綦江区,中选公告,2026-09-11,重庆市公共资源交易网,2026-09-11 10:56:49
关于【2026年武隆区白马镇三溪村产业路硬化项目】中选结果的公告,https://www.cqggzy.com/trade/014/BRII_5002320086914912609080369?categoryNum=014010002,武隆区,中选公告,2026-09-11,重庆市公共资源交易网,2026-09-11 10:56:51
关于【白马山林场高风险区林下可燃物清理项目】中选结果的公告,https://www.cqggzy.com/trade/014/BRII_5002324520494892609080608?categoryNum=014010002,武隆区,中选公告,2026-09-11,重庆市公共资源交易网,2026-09-11 10:56:51
关于【恩广高速万州到开江段（万州段）沿线水路系恢复工程B标合同段恢复项目等3个项目（预算审核）】中选结果的公告,https://www.cqggzy.com/trade/014/BRII_5001010086459542609080084?categoryNum=014010002,万州区,中选公告,2026-09-11,重庆市公共资源交易网,2026-09-11 10:56:51
关于【政府采购项目内部审计服务】中选结果的公告,https://www.cqggzy.com/trade/014/BRII_500118MB18483962609070962?categoryNum=014010002,永川区,中选公告,2026-09-11,重庆市公共资源交易网,2026-09-11 10:56:51
关于为【重庆华渝新材料科技有限公司年产20万吨50%甲醛项目工程地形图、地下管线测量技术服务】 公开选取【测绘】机构的公告,https://www.cqggzy.com/trade/014/PNII_500115MACHK5HW72609110029?categoryNum=014010001,长寿区,采购公告,2026-09-11,重庆市公共资源交易网,2026-09-11 10:56:51
关于【酉阳县楠木湾美丽乡村旅游区配套设施建设项目一研学中心建设场地地质灾害危险性评估】中选结果的公告,https://www.cqggzy.com/trade/014/BRII_500242MAAC4H4N82609080304?categoryNum=014010002,酉阳县,中选公告,2026-09-11,重庆市公共资源交易网,2026-09-11 10:56:51
关于【恩广高速万州到开江段（万州段）沿线水路系恢复工程B标合同段恢复项目等3个项目（招标代理）】中选结果的公告,https://www.cqggzy.com/trade/014/BRII_5001010086459542609080051?categoryNum=014010002,万州区,中选公告,2026-09-11,重庆市公共资源交易网,2026-09-11 10:56:51
关于【巫山县铜鼓镇双庙等（3）个村市级农村土地整治项目检验检测单位】中选结果的公告,https://www.cqggzy.com/trade/014/BRII_500237MB1R383202609080793?categoryNum=014010002,巫山县,中选公告,2026-09-11,重庆市公共资源交易网,2026-09-11 10:56:51
关于【开州故城一期李家大院、沈家大院外立面修缮工程-预算审核】中选结果的公告,https://www.cqggzy.com/trade/014/BRII_5002345748397372609080375?categoryNum=014010002,开州区,中选公告,2026-09-11,重庆市公共资源交易网,2026-09-11 10:56:51
关于【开州故城一期李家大院、沈家大院外立面修缮工程-预算编制】中选结果的公告,https://www.cqggzy.com/trade/014/BRII_5002345748397372609080370?categoryNum=014010002,开州区,中选公告,2026-09-11,重庆市公共资源交易网,2026-09-11 10:56:51
关于为【国道G353万盛城区新田加油站至鱼田堡段改建工程林地可行性研究报告编制采购】 公开选取【林业调查规划设计】机构的公告,https://www.cqggzy.com/trade/014/PNII_500199MB1K2327X2609100625?categoryNum=014010001,万盛区,采购公告,2026-09-11,重庆市公共资源交易网,2026-09-11 10:56:51
关于【开州故城一期李家大院、沈家大院外立面修缮工程-设计】中选结果的公告,https://www.cqggzy.com/trade/014/BRII_5002345748397372609080336?categoryNum=014010002,开州区,中选公告,2026-09-11,重庆市公共资源交易网,2026-09-11 10:56:51
关于【永川区“四好农村路”南大街街道办事处小南村CZ4462三官路改建工程结算审核】中选结果的公告,https://www.cqggzy.com/trade/014/BRII_5001180093382942609080027?categoryNum=014010002,永川区,中选公告,2026-09-11,重庆市公共资源交易网,2026-09-11 10:56:52
关于【荣昌区预留建筑垃圾填埋区经营权价值评估服务】中选结果的公告,https://www.cqggzy.com/trade/014/BRII_5002267626713022609070745?categoryNum=014010002,荣昌区,中选公告,2026-09-11,重庆市公共资源交易网,2026-09-11 10:56:52
关于【荣昌区生活垃圾填埋场封场再利用建设项目地形测绘服务】中选结果的公告,https://www.cqggzy.com/trade/014/BRII_5002267626713022609070757?categoryNum=014010002,荣昌区,中选公告,2026-09-11,重庆市公共资源交易网,2026-09-11 10:56:52
关于【重庆市开州区郭家镇津关中心小学老教学楼排危项目结算审核服务采购说明】中选结果的公告,https://www.cqggzy.com/trade/014/BRII_5002344517873082609080134?categoryNum=014010002,开州区,中选公告,2026-09-11,重庆市公共资源交易网,2026-09-11 10:56:52
关于为【江津区笋溪河流域鹤坪段水环境综合治理工程环境影响评价编制】 公开选取【建设项目环境影响评价】机构的公告,https://www.cqggzy.com/trade/014/PNII_500116MB15129482609110006?categoryNum=014010001,江津区,采购公告,2026-09-11,重庆市公共资源交易网,2026-09-11 10:56:52
关于为【忠县失能老人集中养护中心项目】 公开选取【工程造价咨询】机构的公告,https://www.cqggzy.com/trade/014/PNII_5002337094369952609100629?categoryNum=014010001,忠县,采购公告,2026-09-11,重庆市公共资源交易网,2026-09-11 10:56:52
关于【重庆黔江高新技术产业开发区水资源论证区域整体评价】中选结果的公告,https://www.cqggzy.com/trade/014/BRII_500114MB1U522052609070718?categoryNum=014010002,黔江区,中选公告,2026-09-11,重庆市公共资源交易网,2026-09-11 10:56:52
关于【X311道路改移行洪论证编制】中选结果的公告,https://www.cqggzy.com/trade/014/BRII_5002232021001222609070782?categoryNum=014010002,潼南区,中选公告,2026-09-11,重庆市公共资源交易网,2026-09-11 10:56:52
关于【荣昌区杜家坝片区城中村改造配套基础设施项目（三期）-对外连接道路改造（征地拆迁社会风险评估）】中选结果的公告,https://www.cqggzy.com/trade/014/BRII_5002267659023052609080520?categoryNum=014010002,荣昌区,中选公告,2026-09-11,重庆市公共资源交易网,2026-09-11 10:56:52
关于为【重庆市青木关中学校高中部教学综合楼、学生宿舍及食堂改扩建工程(一期)勘察审查】 公开选取【施工图设计文件审查】机构的公告,https://www.cqggzy.com/trade/014/PNII_5001062030980952609100709?categoryNum=014010001,沙坪坝区,采购公告,2026-09-11,重庆市公共资源交易网,2026-09-11 10:56:52
关于【《长寿湖景区旅游基础设施提档升级项目》可研报告编制】中选结果的公告,https://www.cqggzy.com/trade/014/BRII_500115MA7EATPEX2609090058?categoryNum=014010002,长寿区,中选公告,2026-09-11,重庆市公共资源交易网,2026-09-11 10:56:52
关于【犇腾铝业债权法务专项服务】中选结果的公告,https://www.cqggzy.com/trade/014/BRII_5001106635781372609080828?categoryNum=014010002,綦江区,中选公告,2026-09-11,重庆市公共资源交易网,2026-09-11 10:56:52
关于【团堡子至祠堂公路改建工程、三五大桥-观音岩公路改建工程】中选结果的公告,https://www.cqggzy.com/trade/014/BRII_5002403587271082609080602?categoryNum=014010002,石柱县,中选公告,2026-09-11,重庆市公共资源交易网,2026-09-11 10:56:54
关于【鱼洞中学运动场塑胶跑道和草坪铺设 概算评审】中选结果的公告,https://www.cqggzy.com/trade/014/BRII_5001130093071642609080263?categoryNum=014010002,巴南区,中选公告,2026-09-11,重庆市公共资源交易网,2026-09-11 10:56:54
关于【万州区国有分水林场2026年长江重庆段“两岸青山.千里林带”封山育林项目预算审核】中选结果的公告,https://www.cqggzy.com/trade/014/BRII_5001014517643412609090217?categoryNum=014010002,万州区,中选公告,2026-09-11,重庆市公共资源交易网,2026-09-11 10:56:54
关于【2026—2028年扭亏方案管理咨询服务】中选结果的公告,https://www.cqggzy.com/trade/014/BRII_50010171166521X2609080176?categoryNum=014010002,万州区,中选公告,2026-09-11,重庆市公共资源交易网,2026-09-11 10:56:54
关于【九龙坡区华岩片区城中村改造项目-幸福三社城中村片区配套基础设施工程正式用电施工招标代理单位采购服务】中选结果的公告,https://www.cqggzy.com/trade/014/BRII_50010777845656X2609080086?categoryNum=014010002,九龙坡区,中选公告,2026-09-11,重庆市公共资源交易网,2026-09-11 10:56:54
关于【2026年綦江区农村公路安防工程100公里波形护栏材料采购项目质量检测】中选结果的公告,https://www.cqggzy.com/trade/014/BRII_5001107842394142609070855?categoryNum=014010002,綦江区,中选公告,2026-09-11,重庆市公共资源交易网,2026-09-11 10:56:54
关于【巫山县抱龙镇新合村联社道路硬化项目】中选结果的公告,https://www.cqggzy.com/trade/014/BRII_5002370086613722609080098?categoryNum=014010002,巫山县,中选公告,2026-09-11,重庆市公共资源交易网,2026-09-11 10:56:54
关于【巴蜀中学黄花园校区管网维修改造项目-- 预算编制服务采购】中选结果的公告,https://www.cqggzy.com/trade/014/BRII_5001034503824482609070398?categoryNum=014010002,渝中区,中选公告,2026-09-11,重庆市公共资源交易网,2026-09-11 10:56:54
关于【秀山高新区职工之家改造项目】中选结果的公告,https://www.cqggzy.com/trade/014/BRII_500241MB1N698792609080007?categoryNum=014010002,秀山县,中选公告,2026-09-11,重庆市公共资源交易网,2026-09-11 10:56:54
关于为【施工合同纠纷开展代理诉讼服务的采购项目】 公开选取【律师事务所服务】机构的公告,https://www.cqggzy.com/trade/014/PNII_5001056710438292609100735?categoryNum=014010001,江北区,采购公告,2026-09-11,重庆市公共资源交易网,2026-09-11 10:56:54
关于为【开州区农村不动产登记权籍调查设备运行维护服务】 公开选取【信息咨询和技术服务】机构的公告,https://www.cqggzy.com/trade/014/PNII_5002347980057312609100680?categoryNum=014010001,开州区,采购公告,2026-09-11,重庆市公共资源交易网,2026-09-11 10:56:55
关于为【双庆、城南公共租赁住房老旧小区改造项目】 公开选取【工程造价咨询】机构的公告,https://www.cqggzy.com/trade/014/PNII_5002400091348812609100681?categoryNum=014010001,石柱县,采购公告,2026-09-11,重庆市公共资源交易网,2026-09-11 10:56:55
关于为【重庆市荣昌区职业教育中心校园文化一期建设项目招标代理采购】 公开选取【招标代理】机构的公告,https://www.cqggzy.com/trade/014/PNII_5002264506786362609110034?categoryNum=014010001,荣昌区,采购公告,2026-09-11,重庆市公共资源交易网,2026-09-11 10:56:55
关于为【网络和数据安全攻防演练及安全培训】 公开选取【信息咨询和技术服务】机构的公告,https://www.cqggzy.com/trade/014/PNII_500228MB19575332609100622?categoryNum=014010001,梁平区,采购公告,2026-09-11,重庆市公共资源交易网,2026-09-11 10:56:55
关于为【两江新区农村公路灾毁重建工程可行性研究报告编制、工程勘察及设计服务】 公开选取【工程设计，工程勘察】机构的公告,https://www.cqggzy.com/trade/014/PNII_5001984505330582609100714?categoryNum=014010001,两江新区,采购公告,2026-09-11,重庆市公共资源交易网,2026-09-11 10:56:55
高膳食纤维营养面条创制仪器采购（第二次）(CQS26A03727)公开招标公告,https://www.cqggzy.com/trade/014/1674388480291287040?categoryNum=014005001,市级,采购公告,2026-09-11,重庆市公共资源交易网,2026-09-11 10:56:55
关于为【国道G353万盛城区新田加油站至鱼田堡段改建工程压覆重要矿产资源调查、论证服务采购】 公开选取【测绘】机构的公告,https://www.cqggzy.com/trade/014/PNII_500199MB1K2327X2609100617?categoryNum=014010001,万盛区,采购公告,2026-09-11,重庆市公共资源交易网,2026-09-11 10:56:55
关于【永川区S209东岳至子庄段修复养护工程结算】中选结果的公告,https://www.cqggzy.com/trade/014/BRII_5001180093367312609070093?categoryNum=014010002,永川区,中选公告,2026-09-11,重庆市公共资源交易网,2026-09-11 10:56:55
关于【重庆鹏域房地产开发有限公司、重庆市龙宇城市运营管理有限公司经营财务专项核查】中选结果的公告,https://www.cqggzy.com/trade/014/BRII_500105MA6105RF72609080576?categoryNum=014010002,江北区,中选公告,2026-09-11,重庆市公共资源交易网,2026-09-11 10:56:55
关于【南川金华丽宛安置小区12栋13栋屋面漏水整改（彩钢棚安装）工程】中选结果的公告,https://www.cqggzy.com/trade/014/BRII_500119MA5YY72D02609030443?categoryNum=014010002,南川区,中选公告,2026-09-11,重庆市公共资源交易网,2026-09-11 10:56:55
关于【巫溪县2025年农村公路生命防护栏工程（第二批）三标段结算审计】中选结果的公告,https://www.cqggzy.com/trade/014/BRII_500238MB1N822642609080612?categoryNum=014010002,巫溪县,中选公告,2026-09-11,重庆市公共资源交易网,2026-09-11 10:56:55
关于【巫山县古树名木复壮保护项目服务单位采购公告】中选结果的公告,https://www.cqggzy.com/trade/014/BRII_5002370086617272609070921?categoryNum=014010002,巫山县,中选公告,2026-09-11,重庆市公共资源交易网,2026-09-11 10:56:55
关于【奉节县城镇移民小区综合帮扶健身步道工程】中选结果的公告,https://www.cqggzy.com/trade/014/BRII_5002360086585442609080143?categoryNum=014010002,奉节县,中选公告,2026-09-11,重庆市公共资源交易网,2026-09-11 10:56:57
关于【第十一届重庆文化旅游惠民消费季（秋冬）启动仪式执行公司招标代理采购】中选结果的公告,https://www.cqggzy.com/trade/014/BRII_5002343277547282609080547?categoryNum=014010002,开州区,中选公告,2026-09-11,重庆市公共资源交易网,2026-09-11 10:56:57
关于【重庆市潼南区融媒体采编系统迁移升级项目配电工程 预算审核咨询服务采购说明】中选结果的公告,https://www.cqggzy.com/trade/014/BRII_500223MA5YR91K92609030497?categoryNum=014010002,潼南区,中选公告,2026-09-11,重庆市公共资源交易网,2026-09-11 10:56:57
关于【开州区2027年度文峰街道木桥、中原片区市级美丽移民村建设项目】中选结果的公告,https://www.cqggzy.com/trade/014/BRII_5002340086461642609080131?categoryNum=014010002,开州区,中选公告,2026-09-11,重庆市公共资源交易网,2026-09-11 10:56:57
关于【黄沙溪处理场吸粪作业车场地面维修整治】中选结果的公告,https://www.cqggzy.com/trade/014/BRII_5001034504208032609080622?categoryNum=014010002,渝中区,中选公告,2026-09-11,重庆市公共资源交易网,2026-09-11 10:56:57
关于【云阳县2026年盘龙街道综治中心及活龙社区、永安村综治中心规范化建设项目结算审计单位】中选结果的公告,https://www.cqggzy.com/trade/014/BRII_5002357688873152609080588?categoryNum=014010002,云阳县,中选公告,2026-09-11,重庆市公共资源交易网,2026-09-11 10:56:57
关于【黄沙溪处理场吸粪作业车场地面维修整治】中选结果的公告,https://www.cqggzy.com/trade/014/BRII_5001034504208032609080573?categoryNum=014010002,渝中区,中选公告,2026-09-11,重庆市公共资源交易网,2026-09-11 10:56:57
关于【涪陵区宝鼎山殡仪馆建设项目】中选结果的公告,https://www.cqggzy.com/trade/014/BRII_5001027339790332609080521?categoryNum=014010002,涪陵区,中选公告,2026-09-11,重庆市公共资源交易网,2026-09-11 10:56:57
关于【重庆市五布河幸福河湖建设项目（巴南段） 概算评审】中选结果的公告,https://www.cqggzy.com/trade/014/BRII_5001130093071642609080405?categoryNum=014010002,巴南区,中选公告,2026-09-11,重庆市公共资源交易网,2026-09-11 10:56:57
关于【第五届成渝美食工业博览会服务采购中介机构项目】中选结果的公告,https://www.cqggzy.com/trade/014/BRII_500230MABR9X0A22609080266?categoryNum=014010002,丰都县,中选公告,2026-09-11,重庆市公共资源交易网,2026-09-11 10:56:57
关于【綦江区2026年农村公路技术状况评定】中选结果的公告,https://www.cqggzy.com/trade/014/BRII_50011000931222X2609070323?categoryNum=014010002,綦江区,中选公告,2026-09-11,重庆市公共资源交易网,2026-09-11 10:56:57
关于【巫山县鱼泉湾片区生态环境系统整治项目竣工决算内审】中选结果的公告,https://www.cqggzy.com/trade/014/BRII_500237MADJ22RT32609070834?categoryNum=014010002,巫山县,中选公告,2026-09-11,重庆市公共资源交易网,2026-09-11 10:56:57
关于为【2026年奉节脐橙智库服务项目】 公开选取【招标代理】机构的公告,https://www.cqggzy.com/trade/014/PNII_5002364518721902609100457?categoryNum=014010001,奉节县,采购公告,2026-09-11,重庆市公共资源交易网,2026-09-11 10:56:58
关于【荣昌区2026年“四好农村路”（龙集镇2026年入院路）招标代理】中选结果的公告,https://www.cqggzy.com/trade/014/BRII_5002260093428242609080560?categoryNum=014010002,荣昌区,中选公告,2026-09-11,重庆市公共资源交易网,2026-09-11 10:56:58
关于为【云阳县2026年南溪镇道口-书院环境整治及文化建设项目】 公开选取【工程设计】机构的公告,https://www.cqggzy.com/trade/014/PNII_5002350086579042609100674?categoryNum=014010001,云阳县,采购公告,2026-09-11,重庆市公共资源交易网,2026-09-11 10:56:58
关于【江北区桂花湾殡仪馆项目临时道路工程结算审核咨询服务】中选结果的公告,https://www.cqggzy.com/trade/014/BRII_5001056219191592609040609?categoryNum=014010002,江北区,中选公告,2026-09-11,重庆市公共资源交易网,2026-09-11 10:56:58
关于为【梁平区NCLZGD建非住宅类问题专项整治耕地恢复补足方案】 公开选取【土地规划】机构的公告,https://www.cqggzy.com/trade/014/PNII_500228MB19573732609110007?categoryNum=014010001,梁平区,采购公告,2026-09-11,重庆市公共资源交易网,2026-09-11 10:56:58
关于【酉阳桃花源研学基地提升项目】中选结果的公告,https://www.cqggzy.com/trade/014/BRII_5002425880065092609070826?categoryNum=014010002,酉阳县,中选公告,2026-09-11,重庆市公共资源交易网,2026-09-11 10:56:58
关于【重庆市巫山县2026年县城体检、城市体检】中选结果的公告,https://www.cqggzy.com/trade/014/BRII_500237MB1R419922609080187?categoryNum=014010002,巫山县,中选公告,2026-09-11,重庆市公共资源交易网,2026-09-11 10:56:58
关于【两江新区华新实验小学校（福宁校区)科技馆装修改造项目设计】中选结果的公告,https://www.cqggzy.com/trade/014/BRII_5001984504294882609080100?categoryNum=014010002,两江新区,中选公告,2026-09-11,重庆市公共资源交易网,2026-09-11 10:56:58
关于为【关于秀山县石堤至坝联农村公路改扩建工程 弃土场及搅拌场临时用地地质灾害危险性评估采购公告】 公开选取【土地规划】机构的公告,https://www.cqggzy.com/trade/014/PNII_500241MAAC1GKP72609100740?categoryNum=014010001,秀山县,采购公告,2026-09-11,重庆市公共资源交易网,2026-09-11 10:56:58
关于【重庆市璧山区来凤街道老旧小区改造项目（花园社区）工程质量检测服务】中选结果的公告,https://www.cqggzy.com/trade/014/BRII_5002275656206532609010721?categoryNum=014010002,璧山区,中选公告,2026-09-11,重庆市公共资源交易网,2026-09-11 10:56:58
关于【重庆市璧山区来凤街道老旧小区改造项目（西街社区）工程质量检测服务】中选结果的公告,https://www.cqggzy.com/trade/014/BRII_5002275656206532609010771?categoryNum=014010002,璧山区,中选公告,2026-09-11,重庆市公共资源交易网,2026-09-11 10:56:58
关于【重庆市璧山区来凤街道老旧小区改造项目（东街社区）工程质量检测服务】中选结果的公告,https://www.cqggzy.com/trade/014/BRII_5002275656206532609010796?categoryNum=014010002,璧山区,中选公告,2026-09-11,重庆市公共资源交易网,2026-09-11 10:56:58
关于【奉节县永乐镇2026年饮水安全配套设施建设项目】中选结果的公告,https://www.cqggzy.com/trade/014/BRII_500236MB1M388442609080261?categoryNum=014010002,奉节县,中选公告,2026-09-11,重庆市公共资源交易网,2026-09-11 10:57:00
关于【丰都县2027年高标准农田建设项目规划设计招标代理采购中介服务】中选结果的公告,https://www.cqggzy.com/trade/014/BRII_5002307094905612609070139?categoryNum=014010002,丰都县,中选公告,2026-09-11,重庆市公共资源交易网,2026-09-11 10:57:00
关于【2026年龙射镇东方村产业配套基础设施建设项目】中选结果的公告,https://www.cqggzy.com/trade/014/BRII_5002436664479842609070178?categoryNum=014010002,彭水县,中选公告,2026-09-11,重庆市公共资源交易网,2026-09-11 10:57:00
关于【重庆市长寿区兴隆老年养护院工程结算审核】中选结果的公告,https://www.cqggzy.com/trade/014/BRII_5001156912158512609080524?categoryNum=014010002,长寿区,中选公告,2026-09-11,重庆市公共资源交易网,2026-09-11 10:57:00
关于【长寿区滨河北路东延伸段道路工程结算审核】中选结果的公告,https://www.cqggzy.com/trade/014/BRII_5001156912158512609080540?categoryNum=014010002,长寿区,中选公告,2026-09-11,重庆市公共资源交易网,2026-09-11 10:57:00
关于【谭洪村安阳路老办公室至狗井巷路段维护项目 预算审核】中选结果的公告,https://www.cqggzy.com/trade/014/BRII_500224ME16979552609080823?categoryNum=014010002,铜梁区,中选公告,2026-09-11,重庆市公共资源交易网,2026-09-11 10:57:00
关于【开州至云阳高速（江口-云阳-龙缸段）PPP项目（一期K17+813~K26+898）缺陷整改工程】中选结果的公告,https://www.cqggzy.com/trade/014/BRII_5002357626558202609080338?categoryNum=014010002,云阳县,中选公告,2026-09-11,重庆市公共资源交易网,2026-09-11 10:57:00
关于【重庆市合川太和中学女生2号宿舍空气污染物检测服务】中选结果的公告,https://www.cqggzy.com/trade/014/BRII_5001174505792242609080347?categoryNum=014010002,合川区,中选公告,2026-09-11,重庆市公共资源交易网,2026-09-11 10:57:00
关于【酉阳县机动车驾驶考试培训中心车管业务大楼一楼室内装修工程结算审核】中选结果的公告,https://www.cqggzy.com/trade/014/BRII_50024258803047X2609080699?categoryNum=014010002,酉阳县,中选公告,2026-09-11,重庆市公共资源交易网,2026-09-11 10:57:00
关于【涪陵区宝鼎山殡仪馆建设项目】中选结果的公告,https://www.cqggzy.com/trade/014/BRII_5001027339790332609080515?categoryNum=014010002,涪陵区,中选公告,2026-09-11,重庆市公共资源交易网,2026-09-11 10:57:00
关于【巫溪县2025年农村公路生命防护栏工程（第一批）三标段结算审计】中选结果的公告,https://www.cqggzy.com/trade/014/BRII_500238MB1N822642609080584?categoryNum=014010002,巫溪县,中选公告,2026-09-11,重庆市公共资源交易网,2026-09-11 10:57:00
吴滩小学教学楼、围墙校门及活动场地等维修改造工程(JJQ26B00037)竞争性磋商公告,https://www.cqggzy.com/trade/014/1674183965625593856?categoryNum=014005001,江津区,采购公告,2026-09-11,重庆市公共资源交易网,2026-09-11 10:57:00
关于【巫溪县2025年农村公路生命防护栏工程（第二批）一标段结算审计】中选结果的公告,https://www.cqggzy.com/trade/014/BRII_500238MB1N822642609080592?categoryNum=014010002,巫溪县,中选公告,2026-09-11,重庆市公共资源交易网,2026-09-11 10:57:03
关于【长寿区长寿湖西岸环境提升项目施工单位招标代理采购】中选结果的公告,https://www.cqggzy.com/trade/014/BRII_5001150093043852609080505?categoryNum=014010002,长寿区,中选公告,2026-09-11,重庆市公共资源交易网,2026-09-11 10:57:03
关于【巫溪县2025年农村公路生命防护栏工程（第一批）一标段结算审计】中选结果的公告,https://www.cqggzy.com/trade/014/BRII_500238MB1N822642609080548?categoryNum=014010002,巫溪县,中选公告,2026-09-11,重庆市公共资源交易网,2026-09-11 10:57:03
关于【六塘乡人民政府 关于抽取六塘乡2023年集体经济共建肉牛示范场项目审计单位】中选结果的公告,https://www.cqggzy.com/trade/014/BRII_5002407116435982609080251?categoryNum=014010002,石柱县,中选公告,2026-09-11,重庆市公共资源交易网,2026-09-11 10:57:03
关于【江津区四屏镇凤屏路“白改黑”改造工程】中选结果的公告,https://www.cqggzy.com/trade/014/BRII_5001163277502842609070931?categoryNum=014010002,江津区,中选公告,2026-09-11,重庆市公共资源交易网,2026-09-11 10:57:03
关于【抱龙镇桃花村2组人居环境整治项目】中选结果的公告,https://www.cqggzy.com/trade/014/BRII_5002370086613722609080326?categoryNum=014010002,巫山县,中选公告,2026-09-11,重庆市公共资源交易网,2026-09-11 10:57:03
关于【城口县创新孵化中心及配套基础设施建设项目】中选结果的公告,https://www.cqggzy.com/trade/014/BRII_500229MAAC07JB62609070929?categoryNum=014010002,城口县,中选公告,2026-09-11,重庆市公共资源交易网,2026-09-11 10:57:03
关于【开州区文峰街道富厚社区富厚佳苑等3个高切坡防护加固工程】中选结果的公告,https://www.cqggzy.com/trade/014/BRII_5002340086461642609080258?categoryNum=014010002,开州区,中选公告,2026-09-11,重庆市公共资源交易网,2026-09-11 10:57:03
关于【巫溪县2025年农村公路生命防护栏工程（第一批）二标段结算审计】中选结果的公告,https://www.cqggzy.com/trade/014/BRII_500238MB1N822642609080580?categoryNum=014010002,巫溪县,中选公告,2026-09-11,重庆市公共资源交易网,2026-09-11 10:57:03
关于【开州至云阳高速（江口—云阳—龙岗段）复兴长江大桥照明工程桥梁索力及外观检测服务】中选结果的公告,https://www.cqggzy.com/trade/014/BRII_500235MA610MY992609080128?categoryNum=014010002,云阳县,中选公告,2026-09-11,重庆市公共资源交易网,2026-09-11 10:57:03
关于【重庆市开州区中和镇阿弥陀佛湾危岩带排危降险项目】中选结果的公告,https://www.cqggzy.com/trade/014/BRII_5002340086477652609070999?categoryNum=014010002,开州区,中选公告,2026-09-11,重庆市公共资源交易网,2026-09-11 10:57:03
关于为【黔江区邻鄂镇2026年第二轮土地承包到期后再延长30年技术服务项目】 公开选取【测绘】机构的公告,https://www.cqggzy.com/trade/014/PNII_50011400914350X2609100736?categoryNum=014010001,黔江区,采购公告,2026-09-11,重庆市公共资源交易网,2026-09-11 10:57:03
关于【采购国土绿化综合项目2026年度验收服务单位招标代理机构采购说明】中选结果的公告,https://www.cqggzy.com/trade/014/BRII_5002240093345252609080044?categoryNum=014010002,铜梁区,中选公告,2026-09-11,重庆市公共资源交易网,2026-09-11 10:57:05
关于【涪陵区2026年大木林场森林康养基地建设项目(一期)、涪陵区大木林场2026年森林康养基地产业项目(二期)监理服务】中选结果的公告,https://www.cqggzy.com/trade/014/BRII_500102MA61A13H42609080407?categoryNum=014010002,涪陵区,中选公告,2026-09-11,重庆市公共资源交易网,2026-09-11 10:57:05
关于【巫溪县2025年农村公路生命防护栏工程（第二批）二标段结算审计】中选结果的公告,https://www.cqggzy.com/trade/014/BRII_500238MB1N822642609080607?categoryNum=014010002,巫溪县,中选公告,2026-09-11,重庆市公共资源交易网,2026-09-11 10:57:05
关于【巫溪县2025年国道安全设施精细化提升工程结算审计】中选结果的公告,https://www.cqggzy.com/trade/014/BRII_500238MB1N822642609080621?categoryNum=014010002,巫溪县,中选公告,2026-09-11,重庆市公共资源交易网,2026-09-11 10:57:05
关于【黄沙溪处理场吸粪作业车场地面维修整治】中选结果的公告,https://www.cqggzy.com/trade/014/BRII_5001034504208032609080614?categoryNum=014010002,渝中区,中选公告,2026-09-11,重庆市公共资源交易网,2026-09-11 10:57:05
关于【涪陵区江东街道燃气管道老化更新改造项目（二期）等两个项目竣工财务决算评审】中选结果的公告,https://www.cqggzy.com/trade/014/BRII_5001026608816242609080599?categoryNum=014010002,涪陵区,中选公告,2026-09-11,重庆市公共资源交易网,2026-09-11 10:57:05
关于【巫山县2024年地下城市管网及设施项目废旧拆除物资评估】中选结果的公告,https://www.cqggzy.com/trade/014/BRII_500237MADJ22RT32609070762?categoryNum=014010002,巫山县,中选公告,2026-09-11,重庆市公共资源交易网,2026-09-11 10:57:05
关于为【奉节县2026年青龙镇高标准农田建设项目】 公开选取【检验检测服务】机构的公告,https://www.cqggzy.com/trade/014/PNII_5002360086591842609090751?categoryNum=014010001,奉节县,采购公告,2026-09-11,重庆市公共资源交易网,2026-09-11 10:57:05
关于【石柱县王家乡2026年度森林可持续经营项目预算编制】中选结果的公告,https://www.cqggzy.com/trade/014/BRII_50024071164366X2609080333?categoryNum=014010002,石柱县,中选公告,2026-09-11,重庆市公共资源交易网,2026-09-11 10:57:05
关于【巫山县抱龙镇新合村联社道路硬化项目 可行性研究报告】中选结果的公告,https://www.cqggzy.com/trade/014/BRII_5002370086613722609080542?categoryNum=014010002,巫山县,中选公告,2026-09-11,重庆市公共资源交易网,2026-09-11 10:57:05
关于为【云阳县龙角镇五龙社区保障性租赁住房项目】 公开选取【工程造价咨询】机构的公告,https://www.cqggzy.com/trade/014/PNII_5002357428719482609110039?categoryNum=014010001,云阳县,采购公告,2026-09-11,重庆市公共资源交易网,2026-09-11 10:57:05
关于【开州长沙南门片区乡村振兴综合示范区项目（开州长沙农林旅融合发展项目）一期】中选结果的公告,https://www.cqggzy.com/trade/014/BRII_5002340086461642609080411?categoryNum=014010002,开州区,中选公告,2026-09-11,重庆市公共资源交易网,2026-09-11 10:57:05
关于【抱龙镇桃花村2组人居环境整治项目】中选结果的公告,https://www.cqggzy.com/trade/014/BRII_5002370086613722609080262?categoryNum=014010002,巫山县,中选公告,2026-09-11,重庆市公共资源交易网,2026-09-11 10:57:07
关于【抱龙镇桃花村2组人居环境整治项目】中选结果的公告,https://www.cqggzy.com/trade/014/BRII_5002370086613722609080312?categoryNum=014010002,巫山县,中选公告,2026-09-11,重庆市公共资源交易网,2026-09-11 10:57:07
关于【涪陵区2026年大木林场森林康养基地建设项目(一期)、涪陵区大木林场2026年森林康养基地产业项目 (二期)生态保护红线内有限人为活动论证报告编制】中选结果的公告,https://www.cqggzy.com/trade/014/BRII_500102MA61A13H42609080498?categoryNum=014010002,涪陵区,中选公告,2026-09-11,重庆市公共资源交易网,2026-09-11 10:57:07
关于为【重庆市合川瑞山中学2026年9月至2027年2月分散采购招标代理服务】 公开选取【招标代理】机构的公告,https://www.cqggzy.com/trade/014/PNII_5001174505791282609110001?categoryNum=014010001,合川区,采购公告,2026-09-11,重庆市公共资源交易网,2026-09-11 10:57:07
关于为【万安街道城南社区城南花园小区火灾报警系统、消防栓系统维修工程监理】 公开选取【工程监理】机构的公告,https://www.cqggzy.com/trade/014/PNII_50024069390452X2609100693?categoryNum=014010001,石柱县,采购公告,2026-09-11,重庆市公共资源交易网,2026-09-11 10:57:07
关于为【重庆市开州区国有岩水林场2026年灾害木清理预算审核】 公开选取【工程造价咨询】机构的公告,https://www.cqggzy.com/trade/014/PNII_5002347116308932609110012?categoryNum=014010001,开州区,采购公告,2026-09-11,重庆市公共资源交易网,2026-09-11 10:57:07
关于为【2026年度一体化调查监测】 公开选取【测绘】机构的公告,https://www.cqggzy.com/trade/014/PNII_500230MB19803542609100737?categoryNum=014010001,丰都县,采购公告,2026-09-11,重庆市公共资源交易网,2026-09-11 10:57:07
关于【华渝产业集团有限公司内部控制、风险管理及合规管理专题培训服务】中选结果的公告,https://www.cqggzy.com/trade/014/BRII_5002426889120902609030375?categoryNum=014010002,酉阳县,中选公告,2026-09-11,重庆市公共资源交易网,2026-09-11 10:57:07
关于为【2026年巫山县巫峡镇石里社区和美乡村建设项目招投标委托代理服务采购】 公开选取【招标代理】机构的公告,https://www.cqggzy.com/trade/014/PNII_5002370086610492609100731?categoryNum=014010001,巫山县,采购公告,2026-09-11,重庆市公共资源交易网,2026-09-11 10:57:07
关于【太安学校食堂工人劳务外包】中选结果的公告,https://www.cqggzy.com/trade/014/BRII_5002235590162492609080516?categoryNum=014010002,潼南区,中选公告,2026-09-11,重庆市公共资源交易网,2026-09-11 10:57:07
关于为【2026年鼎泓公司工会百万职工游巴蜀文旅活动】 公开选取【商务服务】机构的公告,https://www.cqggzy.com/trade/014/PNII_500118MACB7WRP02609100719?categoryNum=014010001,永川区,采购公告,2026-09-11,重庆市公共资源交易网,2026-09-11 10:57:07
关于【万州区龙沙镇水库标准化管理】中选结果的公告,https://www.cqggzy.com/trade/014/BRII_5001015880259962609070784?categoryNum=014010002,万州区,中选公告,2026-09-11,重庆市公共资源交易网,2026-09-11 10:57:07
关于【关于植物提取生产线建设项目节能报告评审】中选结果的公告,https://www.cqggzy.com/trade/014/BRII_500114MB1U522052609040204?categoryNum=014010002,黔江区,中选公告,2026-09-11,重庆市公共资源交易网,2026-09-11 10:57:09
关于【重庆市铜梁区侣俸镇斑竹小学围墙排危工程预算审核服务】中选结果的公告,https://www.cqggzy.com/trade/014/BRII_50022445062868X2609070447?categoryNum=014010002,铜梁区,中选公告,2026-09-11,重庆市公共资源交易网,2026-09-11 10:57:09
关于【丰都县善成学校勘界服务】中选结果的公告,https://www.cqggzy.com/trade/014/BRII_500230MB07189872609070569?categoryNum=014010002,丰都县,中选公告,2026-09-11,重庆市公共资源交易网,2026-09-11 10:57:09
关于为【万安街道城南社区怡豪国际小区火灾自动报警系统、室内消火栓系统、室外消火栓系统维修预算审核】 公开选取【工程造价咨询】机构的公告,https://www.cqggzy.com/trade/014/PNII_50024069390452X2609100718?categoryNum=014010001,石柱县,采购公告,2026-09-11,重庆市公共资源交易网,2026-09-11 10:57:09
关于【重庆市长寿区源创公司近一年高新产品（服务）收入和近三年研发费用专项审计报告】中选结果的公告,https://www.cqggzy.com/trade/014/BRII_5001150598859822609070966?categoryNum=014010002,长寿区,中选公告,2026-09-11,重庆市公共资源交易网,2026-09-11 10:57:09
关于【重庆市开州区2027年南门镇中药材产业基础设施配套项目地形图测绘】中选结果的公告,https://www.cqggzy.com/trade/014/BRII_5002340086479252609080240?categoryNum=014010002,开州区,中选公告,2026-09-11,重庆市公共资源交易网,2026-09-11 10:57:09
关于【西彭镇大溪河支流（迎城路以西段）周边环境整治项目预算审核】中选结果的公告,https://www.cqggzy.com/trade/014/BRII_5001070092932332609080688?categoryNum=014010002,九龙坡区,中选公告,2026-09-11,重庆市公共资源交易网,2026-09-11 10:57:09
关于【巫山县抱龙镇新合村联社道路硬化项目】中选结果的公告,https://www.cqggzy.com/trade/014/BRII_5002370086613722609080330?categoryNum=014010002,巫山县,中选公告,2026-09-11,重庆市公共资源交易网,2026-09-11 10:57:09
关于【巫山县抱龙镇新合村联社道路硬化项目】中选结果的公告,https://www.cqggzy.com/trade/014/BRII_5002370086613722609080457?categoryNum=014010002,巫山县,中选公告,2026-09-11,重庆市公共资源交易网,2026-09-11 10:57:09
关于【重庆市梁平区双桂街道农村道路等农村配套基础设施占用耕地“占补平衡”异地补充耕地】中选结果的公告,https://www.cqggzy.com/trade/014/BRII_5002286965702462609070912?categoryNum=014010002,梁平区,中选公告,2026-09-11,重庆市公共资源交易网,2026-09-11 10:57:09
关于【礼嘉片区产权房屋测绘技术服务】中选结果的公告,https://www.cqggzy.com/trade/014/BRII_5001987093741732609080377?categoryNum=014010002,两江新区,中选公告,2026-09-11,重庆市公共资源交易网,2026-09-11 10:57:09
关于为【开州城镇江、东、浦里片区排水管网建设与 改造工程（一期）施工检测】 公开选取【检验检测服务】机构的公告,https://www.cqggzy.com/trade/014/PNII_5002347453486342609100704?categoryNum=014010001,开州区,采购公告,2026-09-11,重庆市公共资源交易网,2026-09-11 10:57:09
关于【2026年九龙坡区西彭镇石塔村基础设施建设项目预算审核】中选结果的公告,https://www.cqggzy.com/trade/014/BRII_5001070092932332609080698?categoryNum=014010002,九龙坡区,中选公告,2026-09-11,重庆市公共资源交易网,2026-09-11 10:57:11
关于【2026年超长期特别国债项目选取施工图审查机构】中选结果的公告,https://www.cqggzy.com/trade/014/BRII_5002287453176782609080118?categoryNum=014010002,梁平区,中选公告,2026-09-11,重庆市公共资源交易网,2026-09-11 10:57:11
关于【重庆市南川区2026年良种基地林木采伐（国有林内采伐木材价值评估）】中选结果的公告,https://www.cqggzy.com/trade/014/BRII_5001192087042772609080794?categoryNum=014010002,南川区,中选公告,2026-09-11,重庆市公共资源交易网,2026-09-11 10:57:11
关于【永川区何埂镇污水处理配套设施工程】中选结果的公告,https://www.cqggzy.com/trade/014/BRII_5001185567967882609080079?categoryNum=014010002,永川区,中选公告,2026-09-11,重庆市公共资源交易网,2026-09-11 10:57:11
关于【谭洪村安阳路老办公室至狗井巷路段维护项目预算编制】中选结果的公告,https://www.cqggzy.com/trade/014/BRII_500224ME16979552609060002?categoryNum=014010002,铜梁区,中选公告,2026-09-11,重庆市公共资源交易网,2026-09-11 10:57:11
关于【抱龙镇桃花村2组人居环境整治项目 可行性研究报告】中选结果的公告,https://www.cqggzy.com/trade/014/BRII_5002370086613722609080461?categoryNum=014010002,巫山县,中选公告,2026-09-11,重庆市公共资源交易网,2026-09-11 10:57:11
关于【万盛经开区2025年农村供水保障易旱区域抗旱工程（万东南桐片区）结算审核单位采购】中选结果的公告,https://www.cqggzy.com/trade/014/BRII_5001990093008002609080581?categoryNum=014010002,万盛区,中选公告,2026-09-11,重庆市公共资源交易网,2026-09-11 10:57:11
关于【重庆市开州区2027年南门镇中药材产业基础设施配套项目设施农业用地备案】中选结果的公告,https://www.cqggzy.com/trade/014/BRII_5002340086479252609080230?categoryNum=014010002,开州区,中选公告,2026-09-11,重庆市公共资源交易网,2026-09-11 10:57:11
关于【巫山县抱龙镇新合村联社道路硬化项目】中选结果的公告,https://www.cqggzy.com/trade/014/BRII_5002370086613722609080144?categoryNum=014010002,巫山县,中选公告,2026-09-11,重庆市公共资源交易网,2026-09-11 10:57:11
关于【长寿保安集团办公大楼（出入境大门前）连接路面修缮预算审核服务】中选结果的公告,https://www.cqggzy.com/trade/014/BRII_5001156220631022609080110?categoryNum=014010002,长寿区,中选公告,2026-09-11,重庆市公共资源交易网,2026-09-11 10:57:11
关于【重庆市开州区2027年南门镇中药材产业基础设施配套项目设计】中选结果的公告,https://www.cqggzy.com/trade/014/BRII_5002340086479252609080217?categoryNum=014010002,开州区,中选公告,2026-09-11,重庆市公共资源交易网,2026-09-11 10:57:11
关于【秀山县2026年平凯街道贵道村红岩堡组道路建设项目 前期设计预算】中选结果的公告,https://www.cqggzy.com/trade/014/BRII_5002410091390252609080396?categoryNum=014010002,秀山县,中选公告,2026-09-11,重庆市公共资源交易网,2026-09-11 10:57:11
关于【重庆市开州区2027年南门镇中药材产业基础设施配套项目地勘】中选结果的公告,https://www.cqggzy.com/trade/014/BRII_5002340086479252609080227?categoryNum=014010002,开州区,中选公告,2026-09-11,重庆市公共资源交易网,2026-09-11 10:57:12
关于为【潼南区G246线白坟店至大足界段安全设施精细化提升工程施工招标代理采购】 公开选取【招标代理】机构的公告,https://www.cqggzy.com/trade/014/PNII_500223MB1B863362609100702?categoryNum=014010001,潼南区,采购公告,2026-09-11,重庆市公共资源交易网,2026-09-11 10:57:12
关于【《重庆市潼南区“无废城市”建设实施方案》等5项评估项目重大行政决策后评估工作】中选结果的公告,https://www.cqggzy.com/trade/014/BRII_5002230093305912609080234?categoryNum=014010002,潼南区,中选公告,2026-09-11,重庆市公共资源交易网,2026-09-11 10:57:12
关于为【重庆市涪陵区社会福利院养老设备更新项目】 公开选取【工程造价咨询】机构的公告,https://www.cqggzy.com/trade/014/PNII_5001027453194032609080624?categoryNum=014010001,涪陵区,采购公告,2026-09-11,重庆市公共资源交易网,2026-09-11 10:57:12
关于为【酉阳中医院办公家具采购项目预算审核】 公开选取【工程造价咨询】机构的公告,https://www.cqggzy.com/trade/014/PNII_50024245299814X2609100712?categoryNum=014010001,酉阳县,采购公告,2026-09-11,重庆市公共资源交易网,2026-09-11 10:57:12
关于为【夏光友（已故） 王明秀等房产划转出评估。】 公开选取【房地产估价，土地估价】机构的公告,https://www.cqggzy.com/trade/014/PNII_5002320086905012609100654?categoryNum=014010001,武隆区,采购公告,2026-09-11,重庆市公共资源交易网,2026-09-11 10:57:12
关于【重庆市李遇农业发展有限公司企业文化展厅装修结算审核】中选结果的公告,https://www.cqggzy.com/trade/014/BRII_500237MA5U39LP22609030039?categoryNum=014010002,巫山县,中选公告,2026-09-11,重庆市公共资源交易网,2026-09-11 10:57:12
关于【重庆市荣昌区开展财政常态化帮扶资金项目绩效评价核查工作项目】中选结果的公告,https://www.cqggzy.com/trade/014/BRII_500226MB15317352609080194?categoryNum=014010002,荣昌区,中选公告,2026-09-11,重庆市公共资源交易网,2026-09-11 10:57:12
关于【抱龙镇桃花村2组人居环境整治项目】中选结果的公告,https://www.cqggzy.com/trade/014/BRII_5002370086613722609080459?categoryNum=014010002,巫山县,中选公告,2026-09-11,重庆市公共资源交易网,2026-09-11 10:57:12
关于【丰都县包鸾镇亭子垭下坝制灰用石灰岩矿采矿权出让技术报告】中选结果的公告,https://www.cqggzy.com/trade/014/BRII_500230MB19803542608170357?categoryNum=014010002,丰都县,中选公告,2026-09-11,重庆市公共资源交易网,2026-09-11 10:57:12
关于【重庆市李遇农业发展有限公司电力设施建设工程预算审核】中选结果的公告,https://www.cqggzy.com/trade/014/BRII_500237MA5U39LP22609080666?categoryNum=014010002,巫山县,中选公告,2026-09-11,重庆市公共资源交易网,2026-09-11 10:57:12
关于【忠县黄金镇“十五五”第一批农村公路建设工程（骑龙村、大山村）】中选结果的公告,https://www.cqggzy.com/trade/014/BRII_5002337398070642609080687?categoryNum=014010002,忠县,中选公告,2026-09-11,重庆市公共资源交易网,2026-09-11 10:57:12
关于【璧山区河边镇2025年美丽城镇建设项目跟审服务】中选结果的公告,https://www.cqggzy.com/trade/014/BRII_5002270093450482609050006?categoryNum=014010002,璧山区,中选公告,2026-09-11,重庆市公共资源交易网,2026-09-11 10:57:14
关于【万州区恒合民族中心小学综合提升工程绿色建 材比例核算报告采购】中选结果的公告,https://www.cqggzy.com/trade/014/BRII_5001012079067902609020644?categoryNum=014010002,万州区,中选公告,2026-09-11,重庆市公共资源交易网,2026-09-11 10:57:14
关于【惠达科技公司尽职调查采购项目】中选结果的公告,https://www.cqggzy.com/trade/014/BRII_50022879588040X2609040488?categoryNum=014010002,梁平区,中选公告,2026-09-11,重庆市公共资源交易网,2026-09-11 10:57:14
关于【西南地区无人机整机研发制造基地项目可行性研究报告采购项目】中选结果的公告,https://www.cqggzy.com/trade/014/BRII_50022879588040X2609040477?categoryNum=014010002,梁平区,中选公告,2026-09-11,重庆市公共资源交易网,2026-09-11 10:57:14
关于【长寿区云集镇飞龙村、华中村2026年特色旅居村公路提升以工代赈项目】中选结果的公告,https://www.cqggzy.com/trade/014/BRII_5001150093045612609070468?categoryNum=014010002,长寿区,中选公告,2026-09-11,重庆市公共资源交易网,2026-09-11 10:57:14
关于【长寿区云集镇飞龙村、华中村2026年特色旅居村公路提升以工代赈项目】中选结果的公告,https://www.cqggzy.com/trade/014/BRII_5001150093045612609070488?categoryNum=014010002,长寿区,中选公告,2026-09-11,重庆市公共资源交易网,2026-09-11 10:57:14
关于【江津区2026年农村公路建设项目（西湖段）概算及预算编制】中选结果的公告,https://www.cqggzy.com/trade/014/BRII_5001167717567382609070412?categoryNum=014010002,江津区,中选公告,2026-09-11,重庆市公共资源交易网,2026-09-11 10:57:14
关于【几江幼儿园厨房改造改造工程】中选结果的公告,https://www.cqggzy.com/trade/014/BRII_5001164505514322609080433?categoryNum=014010002,江津区,中选公告,2026-09-11,重庆市公共资源交易网,2026-09-11 10:57:14
关于【丰都县滨江休闲空间绿芯可利用空间经营权项目】中选结果的公告,https://www.cqggzy.com/trade/014/BRII_5002300824159702609070807?categoryNum=014010002,丰都县,中选公告,2026-09-11,重庆市公共资源交易网,2026-09-11 10:57:14
关于【涪陵城区边角地小微空间改造项目施工图审图采购】中选结果的公告,https://www.cqggzy.com/trade/014/BRII_5001024519511392609080532?categoryNum=014010002,涪陵区,中选公告,2026-09-11,重庆市公共资源交易网,2026-09-11 10:57:14
关于【重庆开州高新区胡桥产业园安全生产基础设施配套改造项目监理单位】中选结果的公告,https://www.cqggzy.com/trade/014/BRII_500234MA5UA7U752609070822?categoryNum=014010002,开州区,中选公告,2026-09-11,重庆市公共资源交易网,2026-09-11 10:57:14
关于【重庆礼嘉白云湖酒店，希尔顿格芮精选酒店外包考勤系统采购项目】中选结果的公告,https://www.cqggzy.com/trade/014/BRII_500198MAEHPUB062609070979?categoryNum=014010002,两江新区,中选公告,2026-09-11,重庆市公共资源交易网,2026-09-11 10:57:14
关于【重庆设计集团办公园区化粪池清掏服务】中选结果的公告,https://www.cqggzy.com/trade/014/BRII_5001050605084202609080249?categoryNum=014010002,江北区,中选公告,2026-09-11,重庆市公共资源交易网,2026-09-11 10:57:16
关于【重庆市涪陵区白涛街道社区卫生服务中心放射诊疗设备质量控制与辐射工作场所监测】中选结果的公告,https://www.cqggzy.com/trade/014/BRII_5001027562295692609080760?categoryNum=014010002,涪陵区,中选公告,2026-09-11,重庆市公共资源交易网,2026-09-11 10:57:16
关于【群防群治百日攻坚地质灾害点排危除险工程监理服务】中选结果的公告,https://www.cqggzy.com/trade/014/BRII_5002270093450482609050009?categoryNum=014010002,璧山区,中选公告,2026-09-11,重庆市公共资源交易网,2026-09-11 10:57:16
关于【采购区体育馆消防漏水维修服务】中选结果的公告,https://www.cqggzy.com/trade/014/BRII_500112MA615WNY82609070889?categoryNum=014010002,渝北区,中选公告,2026-09-11,重庆市公共资源交易网,2026-09-11 10:57:16
关于【2026年农村公路安防工程“以奖代补”建设项目工程造价咨询】中选结果的公告,https://www.cqggzy.com/trade/014/BRII_5002374518917542609080541?categoryNum=014010002,巫山县,中选公告,2026-09-11,重庆市公共资源交易网,2026-09-11 10:57:16
关于【重庆市南川区修改救援支队2026年消防装备采购预算编制】中选结果的公告,https://www.cqggzy.com/trade/014/BRII_500119MB1E896362609070755?categoryNum=014010002,南川区,中选公告,2026-09-11,重庆市公共资源交易网,2026-09-11 10:57:16
关于【重庆两江新区西大附中星辰学校文印服务采购项目招标代理服务】中选结果的公告,https://www.cqggzy.com/trade/014/BRII_5001983557014712609040576?categoryNum=014010002,两江新区,中选公告,2026-09-11,重庆市公共资源交易网,2026-09-11 10:57:16
关于【三溪村农村道路改建工程（项目监理）】中选结果的公告,https://www.cqggzy.com/trade/014/BRII_500198MB0B454952609070316?categoryNum=014010002,两江新区,中选公告,2026-09-11,重庆市公共资源交易网,2026-09-11 10:57:16
关于【区政府1-3层中央空调循环水管道更换维修改造项目 预算审核】中选结果的公告,https://www.cqggzy.com/trade/014/BRII_5001013317157992609080068?categoryNum=014010002,万州区,中选公告,2026-09-11,重庆市公共资源交易网,2026-09-11 10:57:16
关于【花生堡路修复工程审计服务】中选结果的公告,https://www.cqggzy.com/trade/014/BRII_500198MB0B454952609070320?categoryNum=014010002,两江新区,中选公告,2026-09-11,重庆市公共资源交易网,2026-09-11 10:57:16
关于【三溪村农村道路改建工程审计服务】中选结果的公告,https://www.cqggzy.com/trade/014/BRII_500198MB0B454952609070333?categoryNum=014010002,两江新区,中选公告,2026-09-11,重庆市公共资源交易网,2026-09-11 10:57:16
关于【三溪村农村道路改建工程招投标代理服务】中选结果的公告,https://www.cqggzy.com/trade/014/BRII_500198MB0B454952609070348?categoryNum=014010002,两江新区,中选公告,2026-09-11,重庆市公共资源交易网,2026-09-11 10:57:16
关于【江津区几江街道“母城文脉焕新”惠民工程项目跟审服务】中选结果的公告,https://www.cqggzy.com/trade/014/BRII_5001167453011232609070764?categoryNum=014010002,江津区,中选公告,2026-09-11,重庆市公共资源交易网,2026-09-11 10:57:18
关于【石柱县枫木南区至枫木35kV输电线路工程】中选结果的公告,https://www.cqggzy.com/trade/014/BRII_5002400091348812609080606?categoryNum=014010002,石柱县,中选公告,2026-09-11,重庆市公共资源交易网,2026-09-11 10:57:18
关于【重庆市渝北区中医院医院大门改造项目设计】中选结果的公告,https://www.cqggzy.com/trade/014/BRII_5001124505299052609070938?categoryNum=014010002,渝北区,中选公告,2026-09-11,重庆市公共资源交易网,2026-09-11 10:57:18
关于【南城校区危房拆除与加固项目项目负责人服务】中选结果的公告,https://www.cqggzy.com/trade/014/BRII_5001174505791522609080658?categoryNum=014010002,合川区,中选公告,2026-09-11,重庆市公共资源交易网,2026-09-11 10:57:18
关于【丰都县仙女湖镇黄沙完全小学校食堂维修工程】中选结果的公告,https://www.cqggzy.com/trade/014/BRII_5002304520259462609080172?categoryNum=014010002,丰都县,中选公告,2026-09-11,重庆市公共资源交易网,2026-09-11 10:57:18
关于【大足区2026年中敖镇桑叶蛋白高效分离及功能食品加工项目（招标代理采购）】中选结果的公告,https://www.cqggzy.com/trade/014/BRII_500111MF63652082609080480?categoryNum=014010002,大足区,中选公告,2026-09-11,重庆市公共资源交易网,2026-09-11 10:57:18
关于【两江西大附中竹林校区宿舍增建项目水土保持设施验收】中选结果的公告,https://www.cqggzy.com/trade/014/BRII_5001987093741732609070986?categoryNum=014010002,两江新区,中选公告,2026-09-11,重庆市公共资源交易网,2026-09-11 10:57:18
关于【新能源汽车电子产业园项目-产业园区基础设施建设桩基平行检测服务】中选结果的公告,https://www.cqggzy.com/trade/014/BRII_5002270532132452609080363?categoryNum=014010002,璧山区,中选公告,2026-09-11,重庆市公共资源交易网,2026-09-11 10:57:18
关于【礼嘉实施二小工程（A63-3）地块项目水土保持设施验收】中选结果的公告,https://www.cqggzy.com/trade/014/BRII_5001987093741732609070972?categoryNum=014010002,两江新区,中选公告,2026-09-11,重庆市公共资源交易网,2026-09-11 10:57:18
关于【金山·云翠小学水土保持设施验收】中选结果的公告,https://www.cqggzy.com/trade/014/BRII_5001987093741732609070983?categoryNum=014010002,两江新区,中选公告,2026-09-11,重庆市公共资源交易网,2026-09-11 10:57:18
关于【石门小学教学楼、综合楼、公寓楼墙面维修工程结算审核服务】中选结果的公告,https://www.cqggzy.com/trade/014/BRII_5001167688943982609080002?categoryNum=014010002,江津区,中选公告,2026-09-11,重庆市公共资源交易网,2026-09-11 10:57:18
关于【重庆市开州区公安局报废固定资产价值评估服务采购】中选结果的公告,https://www.cqggzy.com/trade/014/BRII_5002340086462522609080650?categoryNum=014010002,开州区,中选公告,2026-09-11,重庆市公共资源交易网,2026-09-11 10:57:18
关于【珞璜公司港区清淤项目】中选结果的公告,https://www.cqggzy.com/trade/014/BRII_5001163395580382609040375?categoryNum=014010002,江津区,中选公告,2026-09-11,重庆市公共资源交易网,2026-09-11 10:57:19
关于【关于《梁平区临时占道经营点设置规划》 《梁平区临时占道经营点管理方案（试行）》开展稳定风险评估】中选结果的公告,https://www.cqggzy.com/trade/014/BRII_5002287688862672609080680?categoryNum=014010002,梁平区,中选公告,2026-09-11,重庆市公共资源交易网,2026-09-11 10:57:19
关于【丰都县公安局涉案车辆价值评估服务采购项目】中选结果的公告,https://www.cqggzy.com/trade/014/BRII_5002300086862542609080029?categoryNum=014010002,丰都县,中选公告,2026-09-11,重庆市公共资源交易网,2026-09-11 10:57:19
关于【轨道九号线小龙坎站5A出口项目勘测定界服务采购项目】中选结果的公告,https://www.cqggzy.com/trade/014/BRII_50010659920640X2609020637?categoryNum=014010002,沙坪坝区,中选公告,2026-09-11,重庆市公共资源交易网,2026-09-11 10:57:19
关于【璧山区河边镇2025年美丽城镇建设项目监理服务】中选结果的公告,https://www.cqggzy.com/trade/014/BRII_5002270093450482609050007?categoryNum=014010002,璧山区,中选公告,2026-09-11,重庆市公共资源交易网,2026-09-11 10:57:19
关于【区政府循环水管道排污阀及中央空调主管道排污阀改造项目 预算审核】中选结果的公告,https://www.cqggzy.com/trade/014/BRII_5001013317157992609080059?categoryNum=014010002,万州区,中选公告,2026-09-11,重庆市公共资源交易网,2026-09-11 10:57:19
关于【合川区太和镇望仙、报恩、亭子、木莲、唐家、菱角村饮水整治工程】中选结果的公告,https://www.cqggzy.com/trade/014/BRII_5001170093254182609030625?categoryNum=014010002,合川区,中选公告,2026-09-11,重庆市公共资源交易网,2026-09-11 10:57:19
关于【2026年“酉阳800”区域公用品牌标准体系项目】中选结果的公告,https://www.cqggzy.com/trade/014/BRII_500242MB09747372609070193?categoryNum=014010002,酉阳县,中选公告,2026-09-11,重庆市公共资源交易网,2026-09-11 10:57:19
关于【忠县马灌镇桂阳村大桥村环境整治工程】中选结果的公告,https://www.cqggzy.com/trade/014/BRII_5002337365533452609030785?categoryNum=014010002,忠县,中选公告,2026-09-11,重庆市公共资源交易网,2026-09-11 10:57:19
关于【重庆市万州区闵天会展中心4666平方米国有建设用地使用权划拨转出让涉及的地价款】中选结果的公告,https://www.cqggzy.com/trade/014/BRII_5001015634717382609070115?categoryNum=014010002,万州区,中选公告,2026-09-11,重庆市公共资源交易网,2026-09-11 10:57:19
关于【2026年“酉阳800”区域公用品牌认证项目】中选结果的公告,https://www.cqggzy.com/trade/014/BRII_500242MB09747372609070081?categoryNum=014010002,酉阳县,中选公告,2026-09-11,重庆市公共资源交易网,2026-09-11 10:57:19
关于【武汉协和重庆医院药品供应商招标项目采购招标代理】中选结果的公告,https://www.cqggzy.com/trade/014/BRII_500198MB075710X2609030786?categoryNum=014010002,两江新区,中选公告,2026-09-11,重庆市公共资源交易网,2026-09-11 10:57:19
关于【忠县新立镇美丽城镇农贸市场建设项目（预算编制）】中选结果的公告,https://www.cqggzy.com/trade/014/BRII_5002337094569612609070675?categoryNum=014010002,忠县,中选公告,2026-09-11,重庆市公共资源交易网,2026-09-11 10:57:21
关于【大足区实验小学本部校区教室办公室门更换工程结算审核】中选结果的公告,https://www.cqggzy.com/trade/014/BRII_5001114506679372609070443?categoryNum=014010002,大足区,中选公告,2026-09-11,重庆市公共资源交易网,2026-09-11 10:57:21
关于【云阳县体育场升级改造项目施工图审查服务】中选结果的公告,https://www.cqggzy.com/trade/014/BRII_500235MA60JWEE22609080003?categoryNum=014010002,云阳县,中选公告,2026-09-11,重庆市公共资源交易网,2026-09-11 10:57:21
呼吸机一批采购(HCQ26A00696)中标（成交）结果公告,https://www.cqggzy.com/trade/014/1674376662114152448_1?categoryNum=014005004,合川区,采购结果公告,2026-09-11,重庆市公共资源交易网,2026-09-11 10:57:21
关于【W26-021 突发生态环境事件应急预案修订服务】中选结果的公告,https://www.cqggzy.com/trade/014/BRII_5001012079524552609070453?categoryNum=014010002,万州区,中选公告,2026-09-11,重庆市公共资源交易网,2026-09-11 10:57:21
关于【荣隆镇中心小学办公用房防漏、墙面维修工程代理招标】中选结果的公告,https://www.cqggzy.com/trade/014/BRII_50022645068530X2609030340?categoryNum=014010002,荣昌区,中选公告,2026-09-11,重庆市公共资源交易网,2026-09-11 10:57:21
关于【重庆市铜梁区水口小学宿舍楼外墙改造结算审核】中选结果的公告,https://www.cqggzy.com/trade/014/BRII_5002244506281962609040006?categoryNum=014010002,铜梁区,中选公告,2026-09-11,重庆市公共资源交易网,2026-09-11 10:57:21
万州区国本路51号1栋2单元1-1,https://www.cqggzy.com/trade/014/183117?categoryNum=014002001010,万州区,交易公告,2026-09-11,重庆市公共资源交易网,2026-09-11 10:57:21
万州区玉斗路1号附1号15号楼地下车库负1-B029,https://www.cqggzy.com/trade/014/183116?categoryNum=014002001010,万州区,交易公告,2026-09-11,重庆市公共资源交易网,2026-09-11 10:57:21
万州区玉斗路1号附1号15号楼地下车库负1-B027,https://www.cqggzy.com/trade/014/183115?categoryNum=014002001010,万州区,交易公告,2026-09-11,重庆市公共资源交易网,2026-09-11 10:57:21
万州区玉斗路1号附1号15号楼地下车库负1-B026,https://www.cqggzy.com/trade/014/183114?categoryNum=014002001010,万州区,交易公告,2026-09-11,重庆市公共资源交易网,2026-09-11 10:57:21
万州区玉斗路1号附1号15号楼地下车库负1-B025,https://www.cqggzy.com/trade/014/183113?categoryNum=014002001010,万州区,交易公告,2026-09-11,重庆市公共资源交易网,2026-09-11 10:57:21
万州区玉斗路1号附1号15号楼地下车库负1-B024,https://www.cqggzy.com/trade/014/183112?categoryNum=014002001010,万州区,交易公告,2026-09-11,重庆市公共资源交易网,2026-09-11 10:57:22
万州区玉斗路1号附1号15号楼地下车库负1-B021,https://www.cqggzy.com/trade/014/183111?categoryNum=014002001010,万州区,交易公告,2026-09-11,重庆市公共资源交易网,2026-09-11 10:57:22
万州区玉斗路1号附1号15号楼地下车库负1-B028,https://www.cqggzy.com/trade/014/183110?categoryNum=014002001010,万州区,交易公告,2026-09-11,重庆市公共资源交易网,2026-09-11 10:57:22
万州区玉斗路1号附1号15号楼地下车库负1-B019,https://www.cqggzy.com/trade/014/183109?categoryNum=014002001010,万州区,交易公告,2026-09-11,重庆市公共资源交易网,2026-09-11 10:57:22
万州区玉斗路1号附1号15号楼地下车库负1-B018,https://www.cqggzy.com/trade/014/183108?categoryNum=014002001010,万州区,交易公告,2026-09-11,重庆市公共资源交易网,2026-09-11 10:57:22
万州区玉斗路1号附1号15号楼地下车库负1-B017,https://www.cqggzy.com/trade/014/183107?categoryNum=014002001010,万州区,交易公告,2026-09-11,重庆市公共资源交易网,2026-09-11 10:57:22
万州区玉斗路1号附1号15号楼地下车库负1-B016,https://www.cqggzy.com/trade/014/183106?categoryNum=014002001010,万州区,交易公告,2026-09-11,重庆市公共资源交易网,2026-09-11 10:57:22
万州区玉斗路1号附1号15号楼地下车库负1-B013,https://www.cqggzy.com/trade/014/183105?categoryNum=014002001010,万州区,交易公告,2026-09-11,重庆市公共资源交易网,2026-09-11 10:57:22
万州区玉斗路1号附1号15号楼地下车库负1-B012,https://www.cqggzy.com/trade/014/183104?categoryNum=014002001010,万州区,交易公告,2026-09-11,重庆市公共资源交易网,2026-09-11 10:57:22
万州区玉斗路1号附1号15号楼地下车库负1-B011,https://www.cqggzy.com/trade/014/183103?categoryNum=014002001010,万州区,交易公告,2026-09-11,重庆市公共资源交易网,2026-09-11 10:57:22
万州区玉斗路1号附1号15号楼地下车库负1-B010,https://www.cqggzy.com/trade/014/183102?categoryNum=014002001010,万州区,交易公告,2026-09-11,重庆市公共资源交易网,2026-09-11 10:57:22
万州区玉斗路1号附1号15号楼地下车库负1-B009,https://www.cqggzy.com/trade/014/183101?categoryNum=014002001010,万州区,交易公告,2026-09-11,重庆市公共资源交易网,2026-09-11 10:57:22
万州区玉斗路1号附1号15号楼地下车库负1-B008,https://www.cqggzy.com/trade/014/183100?categoryNum=014002001010,万州区,交易公告,2026-09-11,重庆市公共资源交易网,2026-09-11 10:57:27
万州区月亮石后街9号附6号房产,https://www.cqggzy.com/trade/014/183095?categoryNum=014002001010,万州区,交易公告,2026-09-11,重庆市公共资源交易网,2026-09-11 10:57:27
万州区石峰路201号41幢1505号房产,https://www.cqggzy.com/trade/014/183099?categoryNum=014002001010,万州区,交易公告,2026-09-11,重庆市公共资源交易网,2026-09-11 10:57:27
万州区石峰路201号39幢405号房产,https://www.cqggzy.com/trade/014/183098?categoryNum=014002001010,万州区,交易公告,2026-09-11,重庆市公共资源交易网,2026-09-11 10:57:27
巫溪县宁河街道先锋大院二期B区第1层商业1号房产招租,https://www.cqggzy.com/trade/014/183097?categoryNum=014002001011,巫溪县,交易公告,2026-09-11,重庆市公共资源交易网,2026-09-11 10:57:27
巫溪县上磺镇高余街74号（上磺镇童之梦幼儿园）房产招租,https://www.cqggzy.com/trade/014/182857?categoryNum=014002001011,巫溪县,交易公告,2026-09-11,重庆市公共资源交易网,2026-09-11 10:57:27
大足区棠香街道三环南路301号部分房产（面积470平方米）招租,https://www.cqggzy.com/trade/014/183094?categoryNum=014002001011,大足区,交易公告,2026-09-11,重庆市公共资源交易网,2026-09-11 10:57:27
大足区棠香街道三环南路301号部分房产（面积430平方米）招租,https://www.cqggzy.com/trade/014/183093?categoryNum=014002001011,大足区,交易公告,2026-09-11,重庆市公共资源交易网,2026-09-11 10:57:27
南川区天星路15号（天星小镇B5栋）1楼门面招租,https://www.cqggzy.com/trade/014/182966?categoryNum=014002001011,南川区,交易公告,2026-09-11,重庆市公共资源交易网,2026-09-11 10:57:27
南川区天星路27号（天星小镇B8栋）2楼门面招租,https://www.cqggzy.com/trade/014/182965?categoryNum=014002001011,南川区,交易公告,2026-09-11,重庆市公共资源交易网,2026-09-11 10:57:27
南川区天星路19号（天星小镇）B7-4栋1051-1059、1074-1079门面招租,https://www.cqggzy.com/trade/014/182960?categoryNum=014002001011,南川区,交易公告,2026-09-11,重庆市公共资源交易网,2026-09-11 10:57:27
南川区天星路27号（天星小镇）B8栋1085-1086门面招租,https://www.cqggzy.com/trade/014/182959?categoryNum=014002001011,南川区,交易公告,2026-09-11,重庆市公共资源交易网,2026-09-11 10:57:27
南川区天星路17号（天星小镇）B6栋门面招租,https://www.cqggzy.com/trade/014/182958?categoryNum=014002001011,南川区,交易公告,2026-09-11,重庆市公共资源交易网,2026-09-11 10:57:29
南川区天星路19号（天星小镇）B7-4栋二层门面招租,https://www.cqggzy.com/trade/014/182957?categoryNum=014002001011,南川区,交易公告,2026-09-11,重庆市公共资源交易网,2026-09-11 10:57:29
南川区天星路19号（天星小镇）B7-4栋三层门面招租,https://www.cqggzy.com/trade/014/182956?categoryNum=014002001011,南川区,交易公告,2026-09-11,重庆市公共资源交易网,2026-09-11 10:57:29
南川区天星路21号（天星小镇）B10栋第二层门面招租,https://www.cqggzy.com/trade/014/182955?categoryNum=014002001011,南川区,交易公告,2026-09-11,重庆市公共资源交易网,2026-09-11 10:57:29
南川区天星路23号（天星小镇）B11栋1120-1125、1138-1143门面招租,https://www.cqggzy.com/trade/014/182953?categoryNum=014002001011,南川区,交易公告,2026-09-11,重庆市公共资源交易网,2026-09-11 10:57:29
南川区天星路23号（天星小镇）B11栋1126-1137、1144-1155门面招租,https://www.cqggzy.com/trade/014/182952?categoryNum=014002001011,南川区,交易公告,2026-09-11,重庆市公共资源交易网,2026-09-11 10:57:29
南川区天星路23号（天星小镇）B11栋二层门面招租,https://www.cqggzy.com/trade/014/182951?categoryNum=014002001011,南川区,交易公告,2026-09-11,重庆市公共资源交易网,2026-09-11 10:57:29
南川区天星路23号（天星小镇）B11栋三层门面招租,https://www.cqggzy.com/trade/014/182950?categoryNum=014002001011,南川区,交易公告,2026-09-11,重庆市公共资源交易网,2026-09-11 10:57:29
南川区天星路25号（天星小镇）B12栋1156-1158、1175门面招租,https://www.cqggzy.com/trade/014/182947?categoryNum=014002001011,南川区,交易公告,2026-09-11,重庆市公共资源交易网,2026-09-11 10:57:29
南川区天星路25号（天星小镇）B12栋1167-1174、1182-1187门面招租,https://www.cqggzy.com/trade/014/182946?categoryNum=014002001011,南川区,交易公告,2026-09-11,重庆市公共资源交易网,2026-09-11 10:57:29
南川区天星路25号（天星小镇）B12栋二层门面招租,https://www.cqggzy.com/trade/014/182945?categoryNum=014002001011,南川区,交易公告,2026-09-11,重庆市公共资源交易网,2026-09-11 10:57:29
南川区天星路25号（天星小镇）B12栋三层门面招租,https://www.cqggzy.com/trade/014/182944?categoryNum=014002001011,南川区,交易公告,2026-09-11,重庆市公共资源交易网,2026-09-11 10:57:29
南川区天星路19号（天星小镇）B7栋二层门面招租,https://www.cqggzy.com/trade/014/182942?categoryNum=014002001011,南川区,交易公告,2026-09-11,重庆市公共资源交易网,2026-09-11 10:57:30
南川区天星路19号（天星小镇）B7栋三层门面招租,https://www.cqggzy.com/trade/014/182941?categoryNum=014002001011,南川区,交易公告,2026-09-11,重庆市公共资源交易网,2026-09-11 10:57:30
南川区天星路27号（天星小镇）B8栋二层门面招租,https://www.cqggzy.com/trade/014/182939?categoryNum=014002001011,南川区,交易公告,2026-09-11,重庆市公共资源交易网,2026-09-11 10:57:30
南川区天星路27号（天星小镇）B8栋三层门面招租,https://www.cqggzy.com/trade/014/182938?categoryNum=014002001011,南川区,交易公告,2026-09-11,重庆市公共资源交易网,2026-09-11 10:57:30
南川区天星路29号（天星小镇）B9栋二层门面招租,https://www.cqggzy.com/trade/014/182937?categoryNum=014002001011,南川区,交易公告,2026-09-11,重庆市公共资源交易网,2026-09-11 10:57:30
南川区天星路29号（天星小镇）B9栋三层门面招租,https://www.cqggzy.com/trade/014/182936?categoryNum=014002001011,南川区,交易公告,2026-09-11,重庆市公共资源交易网,2026-09-11 10:57:30
南川区天星路21号（天星小镇）B10栋三层门面招租,https://www.cqggzy.com/trade/014/182935?categoryNum=014002001011,南川区,交易公告,2026-09-11,重庆市公共资源交易网,2026-09-11 10:57:30
南川区天星路31号（天星小镇）B13栋二层门面招租,https://www.cqggzy.com/trade/014/182933?categoryNum=014002001011,南川区,交易公告,2026-09-11,重庆市公共资源交易网,2026-09-11 10:57:30
南川区天星路31号（天星小镇）B13栋三层门面招租,https://www.cqggzy.com/trade/014/182932?categoryNum=014002001011,南川区,交易公告,2026-09-11,重庆市公共资源交易网,2026-09-11 10:57:30
南川区天星路33号（天星小镇）B14栋二层门面招租,https://www.cqggzy.com/trade/014/182931?categoryNum=014002001011,南川区,交易公告,2026-09-11,重庆市公共资源交易网,2026-09-11 10:57:30
南川区天星路33号（天星小镇）B14栋三层门面招租,https://www.cqggzy.com/trade/014/182930?categoryNum=014002001011,南川区,交易公告,2026-09-11,重庆市公共资源交易网,2026-09-11 10:57:30
秀山县凤凰山片区管网改造项目一期-绿化工程专业分包采购,https://www.cqggzy.com/trade/014/182949?categoryNum=014002001012,秀山县,交易公告,2026-09-11,重庆市公共资源交易网,2026-09-11 10:57:30
万北二滨河商业街栖岸11号招租,https://www.cqggzy.com/trade/014/183086?categoryNum=014002001011,万盛区,交易公告,2026-09-11,重庆市公共资源交易网,2026-09-11 10:57:32
万北二滨河商业街栖岸10号招租,https://www.cqggzy.com/trade/014/183085?categoryNum=014002001011,万盛区,交易公告,2026-09-11,重庆市公共资源交易网,2026-09-11 10:57:32
万北二滨河商业街栖岸9号招租,https://www.cqggzy.com/trade/014/183084?categoryNum=014002001011,万盛区,交易公告,2026-09-11,重庆市公共资源交易网,2026-09-11 10:57:32
万北二滨河商业街栖岸8号招租,https://www.cqggzy.com/trade/014/183083?categoryNum=014002001011,万盛区,交易公告,2026-09-11,重庆市公共资源交易网,2026-09-11 10:57:32
万北二滨河商业街栖岸7号招租,https://www.cqggzy.com/trade/014/183082?categoryNum=014002001011,万盛区,交易公告,2026-09-11,重庆市公共资源交易网,2026-09-11 10:57:32
万北二滨河商业街栖岸6号招租,https://www.cqggzy.com/trade/014/183081?categoryNum=014002001011,万盛区,交易公告,2026-09-11,重庆市公共资源交易网,2026-09-11 10:57:32
通江县消防救援大队持有的1辆报废消防车,https://www.cqggzy.com/trade/014/183089?categoryNum=014002001010,市级,交易公告,2026-09-11,重庆市公共资源交易网,2026-09-11 10:57:32
东莞沙田丽海纺织印染有限公司持有的报废织机17台,https://www.cqggzy.com/trade/014/183088?categoryNum=014002001010,市级,交易公告,2026-09-11,重庆市公共资源交易网,2026-09-11 10:57:32
重庆云天图文设计有限公司25%股权,https://www.cqggzy.com/trade/014/182934?categoryNum=014002001008,市级,交易公告,2026-09-11,重庆市公共资源交易网,2026-09-11 10:57:32
重庆市江北区康兴园金渝大道136附60-2号（1-8-1）房产招租,https://www.cqggzy.com/trade/014/182985?categoryNum=014002001011,江北区,交易公告,2026-09-11,重庆市公共资源交易网,2026-09-11 10:57:32
重庆市江北区康兴园金渝大道136附64-1号（1-4-1）房产招租,https://www.cqggzy.com/trade/014/182983?categoryNum=014002001011,江北区,交易公告,2026-09-11,重庆市公共资源交易网,2026-09-11 10:57:32
重庆市江北区金渝大道136号康兴园6幢附6号至附11号（自编号：康兴园金渝大道136号附42号至47号）等6处房产整体招租,https://www.cqggzy.com/trade/014/182987?categoryNum=014002001011,江北区,交易公告,2026-09-11,重庆市公共资源交易网,2026-09-11 10:57:32
国能销售集团有限公司华中分公司持有的废旧固定资产一批,https://www.cqggzy.com/trade/014/183033?categoryNum=014002001010,市级,交易公告,2026-09-11,重庆市公共资源交易网,2026-09-11 10:57:34
重庆中梁山饮品有限公司100%股权及982.127509万元债权,https://www.cqggzy.com/trade/014/183035?categoryNum=014002001008,市级,交易公告,2026-09-11,重庆市公共资源交易网,2026-09-11 10:57:34
重庆能投物流有限公司100%股权,https://www.cqggzy.com/trade/014/183034?categoryNum=014002001008,市级,交易公告,2026-09-11,重庆市公共资源交易网,2026-09-11 10:57:34
重庆石油天然气管网有限公司持有的闲置物资一批,https://www.cqggzy.com/trade/014/182989?categoryNum=014002001010,市级,交易公告,2026-09-11,重庆市公共资源交易网,2026-09-11 10:57:34
万州区西山动物园迁建工程（三峡动物园）车辆采购,https://www.cqggzy.com/trade/014/182984?categoryNum=014002001012,万州区,交易公告,2026-09-11,重庆市公共资源交易网,2026-09-11 10:57:34
奉节县G242莲花塘养护站至高桥段公路改建工程（白龙寺2号隧道）施工产生的剩余砂石料一批,https://www.cqggzy.com/trade/014/183011?categoryNum=014002001010,奉节县,交易公告,2026-09-11,重庆市公共资源交易网,2026-09-11 10:57:34
重庆市永川区昌州大道东段169号8幢附26房产,https://www.cqggzy.com/trade/014/182753?categoryNum=014002001010,永川区,交易公告,2026-09-11,重庆市公共资源交易网,2026-09-11 10:57:34
重庆市永川区昌州大道东段169号8幢附25房产,https://www.cqggzy.com/trade/014/182752?categoryNum=014002001010,永川区,交易公告,2026-09-11,重庆市公共资源交易网,2026-09-11 10:57:34
重庆市永川区昌州大道东段169号8幢附23房产,https://www.cqggzy.com/trade/014/182751?categoryNum=014002001010,永川区,交易公告,2026-09-11,重庆市公共资源交易网,2026-09-11 10:57:34
重庆市永川区昌州大道东段169号2幢1-6-2房产,https://www.cqggzy.com/trade/014/182750?categoryNum=014002001010,永川区,交易公告,2026-09-11,重庆市公共资源交易网,2026-09-11 10:57:34
重庆市永川区昌州大道东段169号2幢1-6-1房产,https://www.cqggzy.com/trade/014/182749?categoryNum=014002001010,永川区,交易公告,2026-09-11,重庆市公共资源交易网,2026-09-11 10:57:34
重庆市永川区昌州大道东段169号2幢1-5-2房产,https://www.cqggzy.com/trade/014/182747?categoryNum=014002001010,永川区,交易公告,2026-09-11,重庆市公共资源交易网,2026-09-11 10:57:34
重庆市渝中区中兴路22号负5层1-1#（约16.99㎡）房产招租,https://www.cqggzy.com/trade/014/183009?categoryNum=014002001011,渝中区,交易公告,2026-09-11,重庆市公共资源交易网,2026-09-11 10:57:35
重庆市渝中区中兴路18号负3层1-2# B3-3（约12.36㎡）房产招租,https://www.cqggzy.com/trade/014/183008?categoryNum=014002001011,渝中区,交易公告,2026-09-11,重庆市公共资源交易网,2026-09-11 10:57:35
重庆市渝中区中兴路18号负3层1-2# B3-2（约22.03㎡）房产招租,https://www.cqggzy.com/trade/014/183007?categoryNum=014002001011,渝中区,交易公告,2026-09-11,重庆市公共资源交易网,2026-09-11 10:57:35
重庆市渝中区中兴路18号负3层1-1# B3-3（约10.34㎡）房产招租,https://www.cqggzy.com/trade/014/183006?categoryNum=014002001011,渝中区,交易公告,2026-09-11,重庆市公共资源交易网,2026-09-11 10:57:35
重庆市渝中区中兴路18号负2层1-1# B2-2（约10.34㎡）房产招租,https://www.cqggzy.com/trade/014/183005?categoryNum=014002001011,渝中区,交易公告,2026-09-11,重庆市公共资源交易网,2026-09-11 10:57:35
重庆市渝中区中兴路18号负2层1-2# B2-4（约12.36㎡）房产招租,https://www.cqggzy.com/trade/014/182914?categoryNum=014002001011,渝中区,交易公告,2026-09-11,重庆市公共资源交易网,2026-09-11 10:57:35
重庆市忠县忠州镇巴王路21号附6号负5层房产,https://www.cqggzy.com/trade/014/182980?categoryNum=014002001010,市级,交易公告,2026-09-11,重庆市公共资源交易网,2026-09-11 10:57:35
重庆市忠县忠州镇巴王路21号附6号负4层房产,https://www.cqggzy.com/trade/014/182979?categoryNum=014002001010,市级,交易公告,2026-09-11,重庆市公共资源交易网,2026-09-11 10:57:35
重庆市忠县忠州镇巴王路21号附6号负3层房产,https://www.cqggzy.com/trade/014/182978?categoryNum=014002001010,市级,交易公告,2026-09-11,重庆市公共资源交易网,2026-09-11 10:57:35
重庆市忠县忠州镇巴王路21号附6号负2层房产,https://www.cqggzy.com/trade/014/182977?categoryNum=014002001010,市级,交易公告,2026-09-11,重庆市公共资源交易网,2026-09-11 10:57:35
重庆市万州区（五桥）上海大道上海大世界/号A幢4层/单元/号房产,https://www.cqggzy.com/trade/014/182976?categoryNum=014002001010,市级,交易公告,2026-09-11,重庆市公共资源交易网,2026-09-11 10:57:35
重庆市万州区（五桥）上海大道上海大世界/号A幢5层/单元休息厅两处房产（整体）,https://www.cqggzy.com/trade/014/182975?categoryNum=014002001010,市级,交易公告,2026-09-11,重庆市公共资源交易网,2026-09-11 10:57:35
重庆市沙坪坝区教院路8号百年世家6-1-1号等四处房产（整体）,https://www.cqggzy.com/trade/014/182974?categoryNum=014002001010,市级,交易公告,2026-09-11,重庆市公共资源交易网,2026-09-11 10:57:37
大足区域201辆公交车身广告及332块站台广告整体招租,https://www.cqggzy.com/trade/014/182574?categoryNum=014002001011,市级,交易公告,2026-09-11,重庆市公共资源交易网,2026-09-11 10:57:37
渝C59E51(传祺牌GAC6470D2J5 1.8L）小型普通客车,https://www.cqggzy.com/trade/014/182986?categoryNum=014002001010,铜梁区,交易公告,2026-09-11,重庆市公共资源交易网,2026-09-11 10:57:37
重庆市九龙坡区华福大道北段66号星火大厦一楼部分房产招租（1032㎡）,https://www.cqggzy.com/trade/014/182981?categoryNum=014002001011,九龙坡区,交易公告,2026-09-11,重庆市公共资源交易网,2026-09-11 10:57:37
丰都县2026年长江干流丰都河段砂石资源（楠竹坝、凤尾坝、汀溪口）砂石采挖劳务及砂石销售权,https://www.cqggzy.com/trade/014/182961?categoryNum=014002001010,丰都县,交易公告,2026-09-11,重庆市公共资源交易网,2026-09-11 10:57:37
重庆市两江新区数据谷中路99号C07-2幢第3层房产招租,https://www.cqggzy.com/trade/014/182982?categoryNum=014002001011,渝北区,交易公告,2026-09-11,重庆市公共资源交易网,2026-09-11 10:57:37
中国南水北调集团中线有限公司河北分公司持有的消防器材箱等废旧物资一批,https://www.cqggzy.com/trade/014/182972?categoryNum=014002001010,市级,交易公告,2026-09-11,重庆市公共资源交易网,2026-09-11 10:57:37
綦江区文龙街道通惠大道23号普惠康城附155号3-20门面招租,https://www.cqggzy.com/trade/014/182964?categoryNum=014002001011,綦江区,交易公告,2026-09-11,重庆市公共资源交易网,2026-09-11 10:57:37
重庆飞亚实业有限公司持有的空压机、水泵等报废资产一批,https://www.cqggzy.com/trade/014/182917?categoryNum=014002001010,万州区,交易公告,2026-09-11,重庆市公共资源交易网,2026-09-11 10:57:37
重庆市秀山县乌杨街道两园大道西段105号12幢69号房产招租,https://www.cqggzy.com/trade/014/83478?categoryNum=014002001011,秀山县,交易公告,2026-09-11,重庆市公共资源交易网,2026-09-11 10:57:37
重庆市秀山县中和街道花灯美食街42号房产招租,https://www.cqggzy.com/trade/014/83451?categoryNum=014002001011,秀山县,交易公告,2026-09-11,重庆市公共资源交易网,2026-09-11 10:57:37
中国石油集团安全环保技术研究院有限公司持有的报废水基钻井液固液分离设备及部分硝化-厌氧氨氧化小试装置,https://www.cqggzy.com/trade/014/182922?categoryNum=014002001010,市级,交易公告,2026-09-11,重庆市公共资源交易网,2026-09-11 10:57:37
中国石油天然气股份有限公司安全环保技术研究院持有的报废高性能水基钻井废弃物不落地随钻处理成套装置两套,https://www.cqggzy.com/trade/014/182921?categoryNum=014002001010,市级,交易公告,2026-09-11,重庆市公共资源交易网,2026-09-11 10:57:38
中国石油天然气股份有限公司安全环保技术研究院持有的报废深井聚磺基钻井废弃物不落地随钻处理成套装置,https://www.cqggzy.com/trade/014/182920?categoryNum=014002001010,市级,交易公告,2026-09-11,重庆市公共资源交易网,2026-09-11 10:57:38
中国石油集团安全环保技术研究院有限公司持有的报废部分亚硝化-厌氧氨氧化试验装置,https://www.cqggzy.com/trade/014/182919?categoryNum=014002001010,市级,交易公告,2026-09-11,重庆市公共资源交易网,2026-09-11 10:57:38
重庆合川拓汇园区运营管理有限公司持有的放置于重庆市合川区土场镇瑞翔汽车厂区内的剩余部分机器设备一批,https://www.cqggzy.com/trade/014/182928?categoryNum=014002001010,合川区,交易公告,2026-09-11,重庆市公共资源交易网,2026-09-11 10:57:38
重庆九龙坡区科城路81号数字大厦1层部分及2层部分资产招租（1686.75㎡）,https://www.cqggzy.com/trade/014/182915?categoryNum=014002001011,九龙坡区,交易公告,2026-09-11,重庆市公共资源交易网,2026-09-11 10:57:38
重庆市渝北区人和万年路8号房产招租,https://www.cqggzy.com/trade/014/182504?categoryNum=014002001011,渝北区,交易公告,2026-09-11,重庆市公共资源交易网,2026-09-11 10:57:38
重庆市渝北区人和万年路2号房产招租,https://www.cqggzy.com/trade/014/182499?categoryNum=014002001011,渝北区,交易公告,2026-09-11,重庆市公共资源交易网,2026-09-11 10:57:38
重庆市渝北区人和万年路1号房产招租,https://www.cqggzy.com/trade/014/182494?categoryNum=014002001011,渝北区,交易公告,2026-09-11,重庆市公共资源交易网,2026-09-11 10:57:38
重庆市九龙坡区石坪桥盘龙村4号附25号、附26号房产,https://www.cqggzy.com/trade/014/182916?categoryNum=014002001010,市级,交易公告,2026-09-11,重庆市公共资源交易网,2026-09-11 10:57:38
重庆市九龙坡区科城路81号3层部分房产招租（902.14㎡）,https://www.cqggzy.com/trade/014/182913?categoryNum=014002001011,九龙坡区,交易公告,2026-09-11,重庆市公共资源交易网,2026-09-11 10:57:38
鲁溉路以南、对山立交以北路网工程（二期）招标计划表,https://www.cqggzy.com/trade/014/221fb0d9-d490-41b6-bf17-341651bd7787?categoryNum=014001019,两江新区,招标计划,2026-09-10,重庆市公共资源交易网,2026-09-11 10:57:38
车载动态监控系统运维及系统扩容服务采购项目的中标结果公示,https://www.cqggzy.com/trade/014/df5e6e72-829d-41b0-8a20-a7f15887a3d4?categoryNum=014012004,自主招标,结果公告,2026-09-10,重庆市公共资源交易网,2026-09-11 10:57:38
综合物业服务项目的中标结果公示,https://www.cqggzy.com/trade/014/c39a122c-6fbf-43f2-99de-7dacbfdc181e?categoryNum=014012004,自主招标,结果公告,2026-09-10,重庆市公共资源交易网,2026-09-11 10:57:39
轨道运营公司2026-2028年补充医疗保险(标段五：市轨道运营公司运营三分公司2026-2028年补充医疗保险),https://www.cqggzy.com/trade/014/4682e798-b0b1-4ebc-89db-a255070697c4?categoryNum=014012008,自主招标,保证金退还,2026-09-10,重庆市公共资源交易网,2026-09-11 10:57:39
轨道运营公司2026-2028年补充医疗保险(标段二：市轨道运营公司2026-2028年补充医疗保险),https://www.cqggzy.com/trade/014/9138cff7-120f-4ed6-a8fc-e41e072e3002?categoryNum=014012008,自主招标,保证金退还,2026-09-10,重庆市公共资源交易网,2026-09-11 10:57:39
重庆公共交通运营有限公司巴驿分公司2026年自营食堂劳务外包服务采购项目,https://www.cqggzy.com/trade/014/3ad1d8d6-8184-4e89-a76d-6b57448661de?categoryNum=014012008,自主招标,保证金退还,2026-09-10,重庆市公共资源交易网,2026-09-11 10:57:39
轨道运营公司2026-2028年补充医疗保险(标段四：市轨道运营公司运营二分公司2026-2028年补充医疗保险),https://www.cqggzy.com/trade/014/797dbb02-57b8-430a-a4a0-30ec7d83e14e?categoryNum=014012008,自主招标,保证金退还,2026-09-10,重庆市公共资源交易网,2026-09-11 10:57:39
轨道运营公司2026-2028年补充医疗保险(标段一：市轨道运营公司运营四分公司2026-2028年补充医疗保险),https://www.cqggzy.com/trade/014/33dea75c-ce54-4d59-91bc-6eda39cbadef?categoryNum=014012008,自主招标,保证金退还,2026-09-10,重庆市公共资源交易网,2026-09-11 10:57:39
轨道运营公司2026-2028年补充医疗保险(标段三：市轨道运营公司运营一分公司2026-2028年补充医疗保险),https://www.cqggzy.com/trade/014/d9f7390e-ea49-4f00-a50b-7dc6ecd0ff66?categoryNum=014012008,自主招标,保证金退还,2026-09-10,重庆市公共资源交易网,2026-09-11 10:57:39
2026年航空器保障作业车辆采购项目（二标段）,https://www.cqggzy.com/trade/014/fdca986c-d457-4bcd-aaee-ef509c62b4d5?categoryNum=014012008,自主招标,保证金退还,2026-09-10,重庆市公共资源交易网,2026-09-11 10:57:39
2026年航空器保障作业车辆采购项目（一标段）,https://www.cqggzy.com/trade/014/4e2a6a43-4605-4049-b966-40dfef1bedab?categoryNum=014012008,自主招标,保证金退还,2026-09-10,重庆市公共资源交易网,2026-09-11 10:57:39
专项资产评估服务采购项目,https://www.cqggzy.com/trade/014/f2d8b570-4d88-4c7d-a71e-83a816f9ca1b?categoryNum=014012005,自主招标,邀标信息,2026-09-10,重庆市公共资源交易网,2026-09-11 10:57:39
重庆卡贝乐化工有限责任公司85万吨/年甲醇装置高耗能电机设备更新改造项目,https://www.cqggzy.com/trade/014/399bce7b-9135-4b9c-b59e-7e6ae8c35de7?categoryNum=014012001,自主招标,招标采购公告,2026-09-10,重庆市公共资源交易网,2026-09-11 10:57:39
长福西路支路招标计划表,https://www.cqggzy.com/trade/014/5bb50dd0-f3e7-4354-8707-302ba2592c37?categoryNum=014001019,两江新区,招标计划,2026-09-10,重庆市公共资源交易网,2026-09-11 10:57:39
万利来环保搬迁项目箱式转化炉采购答疑补遗文件,https://www.cqggzy.com/trade/014/4784b4c1-d161-4d5b-86e6-d8fa8c4ae54c?categoryNum=014012006,自主招标,答疑补遗变更公告,2026-09-10,重庆市公共资源交易网,2026-09-11 10:57:41
两江游游轮新能源系统（纯电池动力）答疑补遗文件,https://www.cqggzy.com/trade/014/a3b74177-73d6-46ff-96a7-58a0537ca28b?categoryNum=014012006,自主招标,答疑补遗变更公告,2026-09-10,重庆市公共资源交易网,2026-09-11 10:57:41
三峰城服2026年人员保险服务采购项目答疑补遗文件,https://www.cqggzy.com/trade/014/b85250ce-41fc-4592-b42f-ec39076d7cc0?categoryNum=014012006,自主招标,答疑补遗变更公告,2026-09-10,重庆市公共资源交易网,2026-09-11 10:57:41
重庆轨道交通车场工艺设备与工作车专业物资采购项目B26Q1-007答疑补遗文件,https://www.cqggzy.com/trade/014/4dcd0de0-3cf7-47ff-8739-95461851374f?categoryNum=014012006,自主招标,答疑补遗变更公告,2026-09-10,重庆市公共资源交易网,2026-09-11 10:57:41
万利来环保搬迁项目甲醇贮罐采购的中标候选人公示,https://www.cqggzy.com/trade/014/84292811-49b4-472b-972e-95febf7faf5e?categoryNum=014012003,自主招标,候选人公示,2026-09-10,重庆市公共资源交易网,2026-09-11 10:57:41
2026年营运客车采购（第二次）标段八的中标候选人公示,https://www.cqggzy.com/trade/014/ffe6c741-0cd1-4372-9c76-da9b4fc6897d?categoryNum=014012003,自主招标,候选人公示,2026-09-10,重庆市公共资源交易网,2026-09-11 10:57:41
2026年营运客车采购（第二次）标段十的中标候选人公示,https://www.cqggzy.com/trade/014/cf8e988a-5b1f-4316-8002-7975a299090b?categoryNum=014012003,自主招标,候选人公示,2026-09-10,重庆市公共资源交易网,2026-09-11 10:57:41
办公网络租赁及改造服务项目的中标候选人公示,https://www.cqggzy.com/trade/014/88654d3d-db7b-4828-882c-7b19feb5db90?categoryNum=014012003,自主招标,候选人公示,2026-09-10,重庆市公共资源交易网,2026-09-11 10:57:41
青莲食品产业园深加工厂房（一期）一标段工程造价全过程控制服务的中标候选人公示,https://www.cqggzy.com/trade/014/73a2a8b7-2bbe-4257-9fec-6a01de430018?categoryNum=014012003,自主招标,候选人公示,2026-09-10,重庆市公共资源交易网,2026-09-11 10:57:41
力帆地块周边配套道路工程-3号路招标计划表,https://www.cqggzy.com/trade/014/0b8f3de8-6251-4237-985a-ef019e8189d8?categoryNum=014001019,两江新区,招标计划,2026-09-10,重庆市公共资源交易网,2026-09-11 10:57:41
力帆地块周边配套道路工程-2号路招标计划表,https://www.cqggzy.com/trade/014/57880e4f-2463-4555-a019-41e98514b0ea?categoryNum=014001019,两江新区,招标计划,2026-09-10,重庆市公共资源交易网,2026-09-11 10:57:41
力帆地块周边配套道路工程-1号路招标计划表,https://www.cqggzy.com/trade/014/40fbe393-e777-4140-a5f7-ad8d15c494e2?categoryNum=014001019,两江新区,招标计划,2026-09-10,重庆市公共资源交易网,2026-09-11 10:57:41
西派城片区道路接北滨二路连接线工程招标计划表,https://www.cqggzy.com/trade/014/e6237cb0-b16d-4dac-879d-51da0567adb5?categoryNum=014001019,两江新区,招标计划,2026-09-10,重庆市公共资源交易网,2026-09-11 10:57:43
重庆三峡科技大学学生宿舍组团五项目勘察设计的中标候选人公示,https://www.cqggzy.com/trade/014/56c146c9-d994-41b9-a550-04cf69a9e7d8?categoryNum=014001003001,市级,中标候选人公示,2026-09-10,重庆市公共资源交易网,2026-09-11 10:57:43
重庆建设工程质量监督检测中心有限公司2026年度检测生产类耗材采购项目（第二次）食品检测类检测生产耗材采购,https://www.cqggzy.com/trade/014/fccd543f-0c01-4524-9e97-a8377f1c766d?categoryNum=014012001,市级,招标采购公告,2026-09-10,重庆市公共资源交易网,2026-09-11 10:57:43
重庆建设工程质量监督检测中心有限公司2026年度检测生产类耗材采购项目（第二次）建筑检测类检测生产耗材采购,https://www.cqggzy.com/trade/014/9a174657-7ccb-405e-9bca-a8f86408aa0f?categoryNum=014012001,市级,招标采购公告,2026-09-10,重庆市公共资源交易网,2026-09-11 10:57:43
牛头岩水厂排泥水处理系统工程施工答疑补遗文件,https://www.cqggzy.com/trade/014/07a18d6d-9e0f-45da-9564-a55957d92ccd?categoryNum=014001002002,两江新区,答疑补遗,2026-09-10,重庆市公共资源交易网,2026-09-11 10:57:43
大渡口区钢花影剧院提质升级项目—主体装修改造答疑补遗文件,https://www.cqggzy.com/trade/014/614751f6-cec0-4530-bc2e-5af071249478?categoryNum=014001002001,大渡口区,答疑补遗,2026-09-10,重庆市公共资源交易网,2026-09-11 10:57:43
重庆市第一中学校高中部综合实验楼新建工程（土石方及边坡工程）,https://www.cqggzy.com/trade/014/08eeaa95-354c-48ab-95f8-12786a35cc36?categoryNum=014001001001,沙坪坝区,招标公告,2026-09-10,重庆市公共资源交易网,2026-09-11 10:57:43
重庆三峰御临环保发电有限公司余热锅炉改造项目,https://www.cqggzy.com/trade/014/c38b7929-ab82-4b0c-9094-451b55e59888?categoryNum=014012001,市级,招标采购公告,2026-09-10,重庆市公共资源交易网,2026-09-11 10:57:43
重庆工信职业学院产教融合实训设备更新项目—铁道机车模拟驾驶与检修实训基地设备采购项目的中标候选人公示,https://www.cqggzy.com/trade/014/34351cc2-833a-4ff9-a5a8-b4fcbe1efeb1?categoryNum=014001003010,市级,中标候选人公示,2026-09-10,重庆市公共资源交易网,2026-09-11 10:57:43
青莲食品产业园深加工厂房（一期）一标段施工监理的中标候选人公示,https://www.cqggzy.com/trade/014/57eea1a9-acda-4198-a92f-147521637c29?categoryNum=014001003001,自主招标,中标候选人公示,2026-09-10,重庆市公共资源交易网,2026-09-11 10:57:43
四川广安至重庆合川西线高速公路政府和社会资本合作项目特许经营者流标情况说明,https://www.cqggzy.com/trade/014/340773c2-7401-4594-b836-667680df3953?categoryNum=014001016001,市级,相关公告,2026-09-10,重庆市公共资源交易网,2026-09-11 10:57:43
重庆市秀山自治县2026年提升农村饮水质量专项行动项目-溶溪片区(二标段)的中标候选人公示,https://www.cqggzy.com/trade/014/f390d501-b761-4ab7-959a-0caff28fc551?categoryNum=014001003002,秀山县,中标候选人公示,2026-09-10,重庆市公共资源交易网,2026-09-11 10:57:43
大九污水厂九龙坡范围配套污水管网完善更新工程施工答疑补遗文件,https://www.cqggzy.com/trade/014/b0d2618b-44bc-48d3-acea-75fe6269afa3?categoryNum=014001002002,九龙坡区,答疑补遗,2026-09-10,重庆市公共资源交易网,2026-09-11 10:57:45
废盐综合利用联产20万吨/年离子膜烧碱项目（一期12万吨/年）消防工程流标情况说明,https://www.cqggzy.com/trade/014/327401d0-1ba5-4416-84ef-60492b7af570?categoryNum=014001016010,自主招标,相关公告,2026-09-10,重庆市公共资源交易网,2026-09-11 10:57:45
自动驾驶技术实训中心项目答疑补遗文件,https://www.cqggzy.com/trade/014/998d923d-15f3-4688-a46a-9b33070a9367?categoryNum=014001002010,市级,答疑补遗,2026-09-10,重庆市公共资源交易网,2026-09-11 10:57:45
某单位公寓住房标准化装修工程,https://www.cqggzy.com/trade/014/ca8ff4b2-9487-4bbb-adeb-4fec6721bd0d?categoryNum=014001001001,自主招标,招标公告,2026-09-10,重庆市公共资源交易网,2026-09-11 10:57:45
精密检测应用服务中心建设答疑补遗文件,https://www.cqggzy.com/trade/014/af7b4215-6222-424b-b201-6553be2f7bd2?categoryNum=014001002010,市级,答疑补遗,2026-09-10,重庆市公共资源交易网,2026-09-11 10:57:45
重庆工信职业学院工业数字化应用实训中心建设答疑补遗文件,https://www.cqggzy.com/trade/014/733694f6-2dd9-4433-8a7c-649b767611b9?categoryNum=014001002010,市级,答疑补遗,2026-09-10,重庆市公共资源交易网,2026-09-11 10:57:45
轻型汽车国七排放试验能力建设项目（第二次）的中标结果公示,https://www.cqggzy.com/trade/014/75901410-d109-4825-b8b2-fd873e83041a?categoryNum=014001004001,自主招标,中标结果公告,2026-09-10,重庆市公共资源交易网,2026-09-11 10:57:45
重庆工信职业学院新能源汽车综合实训中心答疑补遗文件,https://www.cqggzy.com/trade/014/8f1fa783-2dfb-42a6-b46c-fcc41c892f3b?categoryNum=014001002010,市级,答疑补遗,2026-09-10,重庆市公共资源交易网,2026-09-11 10:57:45
厂网一体治理盘溪河流域污水系统三区(渝北区、两江新区、江北区)共治工程监理答疑补遗文件,https://www.cqggzy.com/trade/014/86b16508-e174-4e86-89c2-62d68bda7da0?categoryNum=014001002002,两江新区,答疑补遗,2026-09-10,重庆市公共资源交易网,2026-09-11 10:57:45
厂网一体治理盘溪河流域污水系统三区(渝北区、两江新区、江北区)共治工程施工答疑补遗文件,https://www.cqggzy.com/trade/014/eb265073-5a4e-42a2-a7c0-fa2715aaf8a9?categoryNum=014001002002,两江新区,答疑补遗,2026-09-10,重庆市公共资源交易网,2026-09-11 10:57:45
三峡水务2026-2027年度聚丙烯酰胺采购项目,https://www.cqggzy.com/trade/014/1f814dad-376c-4565-a630-55de3d183a7c?categoryNum=014012008,自主招标,保证金退还,2026-09-10,重庆市公共资源交易网,2026-09-11 10:57:45
重庆轨道交通2026年第二批次报废物资（单一类）处置项目C26-004的中标候选人公示,https://www.cqggzy.com/trade/014/195294a3-8a23-44f8-a84f-6aca26ddbc0a?categoryNum=014012003,自主招标,候选人公示,2026-09-10,重庆市公共资源交易网,2026-09-11 10:57:45
重庆大学教育大数据基础平台（二期）（第二次）的中标候选人公示,https://www.cqggzy.com/trade/014/8cfcb0b2-44c1-45e2-816a-472027c6cadc?categoryNum=014012003,自主招标,候选人公示,2026-09-10,重庆市公共资源交易网,2026-09-11 10:57:47
重庆医科大学附属儿童医院渝中院区病房改造提升工程6号楼病房改造,https://www.cqggzy.com/trade/014/08ec260b-2de0-4097-bc04-49eaf9cc596e?categoryNum=014001020001,市级,合同签订基本信息公示,2026-09-10,重庆市公共资源交易网,2026-09-11 10:57:47
茄子溪码头环境提升改造项目,https://www.cqggzy.com/trade/014/55db4102-738d-49fd-9957-b4232d4faa98?categoryNum=014001020002,大渡口区,合同签订基本信息公示,2026-09-10,重庆市公共资源交易网,2026-09-11 10:57:47
南岸区排涝通道更新改造工程（一标段）暂停招标投标活动的公告,https://www.cqggzy.com/trade/014/141db4f5-cc05-4ffe-bea4-849c91d84ca1?categoryNum=014001016002,南岸区,相关公告,2026-09-10,重庆市公共资源交易网,2026-09-11 10:57:47
炼胶及外轮胎生产线废气深度治理项目,https://www.cqggzy.com/trade/014/e8c615ba-71fa-42f0-8fb9-6e8a6ed5a85e?categoryNum=014012001,自主招标,招标采购公告,2026-09-10,重庆市公共资源交易网,2026-09-11 10:57:47
巴南惠科天然气分布式能源项目招标计划表,https://www.cqggzy.com/trade/014/e4296fdd-88db-4c87-bc6e-4e993cf094df?categoryNum=014001019,市级,招标计划,2026-09-10,重庆市公共资源交易网,2026-09-11 10:57:47
独居老人全市复用的系统开发服务,https://www.cqggzy.com/trade/014/8d8ba5d9-4806-4752-af23-081be89df9b1?categoryNum=014001020010,自主招标,合同签订基本信息公示,2026-09-10,重庆市公共资源交易网,2026-09-11 10:57:47
重庆商务职业学院产教融合实训基地设备更新项目第一批标包9（西式烹饪工艺专业设备）复核结果情况说明,https://www.cqggzy.com/trade/014/a7bf8a70-8fb5-462a-967b-3a69bcd47e7e?categoryNum=014001016010,市级,相关公告,2026-09-10,重庆市公共资源交易网,2026-09-11 10:57:47
两江新区金山、鸳鸯、翠云片区污水管网更新改造工程施工的中标候选人公示,https://www.cqggzy.com/trade/014/81c43507-5b5f-4511-a9ea-7d4e2916fa8e?categoryNum=014001003002,两江新区,中标候选人公示,2026-09-10,重庆市公共资源交易网,2026-09-11 10:57:47
重庆市渝中区长江二路207号（重庆出版社家属区）人行连廊工程的中标结果公示,https://www.cqggzy.com/trade/014/60db72f8-765e-4397-bd43-a23070d48851?categoryNum=014001004001,自主招标,中标结果公告,2026-09-10,重庆市公共资源交易网,2026-09-11 10:57:47
成渝地区双城经济圈地震安全保障工程核心项目招标计划表,https://www.cqggzy.com/trade/014/5966606f-95f1-46fc-9496-b249ee48a51b?categoryNum=014001019,市级,招标计划,2026-09-10,重庆市公共资源交易网,2026-09-11 10:57:47
重庆工信职业学院产教融合实训设备更新项目—智能制造与智慧建造集成应用平台项目答疑补遗文件,https://www.cqggzy.com/trade/014/e9aedef4-d14b-43d9-af24-8ee74ab9212a?categoryNum=014001002010,市级,答疑补遗,2026-09-10,重庆市公共资源交易网,2026-09-11 10:57:47
万州新田220千伏输变电工程（110kV油沙变电站间隔扩建工程）组合电器类设备采购（第二次）,https://www.cqggzy.com/trade/014/9824345c-c6d2-4042-9d24-2c73a81b81cd?categoryNum=014001020001,市级,合同签订基本信息公示,2026-09-10,重庆市公共资源交易网,2026-09-11 10:57:49
城北污水厂两路服务片区污水管网更新改造工程监理的中标候选人公示,https://www.cqggzy.com/trade/014/4406da31-d55b-44ba-bad6-ab1505b8988f?categoryNum=014001003002,两江新区,中标候选人公示,2026-09-10,重庆市公共资源交易网,2026-09-11 10:57:49
良景工业园区监控系统维修及改造工程的中标结果公示,https://www.cqggzy.com/trade/014/d8e72cae-dc8b-4684-92e4-c3cec52d910b?categoryNum=014001004001,自主招标,中标结果公告,2026-09-10,重庆市公共资源交易网,2026-09-11 10:57:49
重庆大学跨尺度三维动态衍射成像系统(已流标),https://www.cqggzy.com/trade/014/41f73c81-1cb3-47d1-9702-d1a9f1b2703f?categoryNum=014012008,市级,保证金退还,2026-09-10,重庆市公共资源交易网,2026-09-11 10:57:49
重庆农村商业银行2026年分支行一般营业网点造价咨询采购项目,https://www.cqggzy.com/trade/014/0ca532d2-4599-4550-90c1-b9ee99a992a4?categoryNum=014012008,自主招标,保证金退还,2026-09-10,重庆市公共资源交易网,2026-09-11 10:57:49
重庆市两江巴蜀嘉和小学EPC总承包工程厨房设备及直饮水设备供货及安装,https://www.cqggzy.com/trade/014/54df0dd4-f1ac-45d5-9907-9e8e141ec7ac?categoryNum=014012008,自主招标,保证金退还,2026-09-10,重庆市公共资源交易网,2026-09-11 10:57:49
2026年监控摄像机、监控主机采购项目（第二次）,https://www.cqggzy.com/trade/014/5bae3605-8e12-4f30-8170-a6135a8adfc6?categoryNum=014012008,自主招标,保证金退还,2026-09-10,重庆市公共资源交易网,2026-09-11 10:57:49
重庆水资源产业股份有限公司2026-2027年度尾泥外运及处置外包,https://www.cqggzy.com/trade/014/1433dd98-0b60-40d1-b2e3-7131189bf5cf?categoryNum=014012008,自主招标,保证金退还,2026-09-10,重庆市公共资源交易网,2026-09-11 10:57:49
全国产算力服务器采购流标公示,https://www.cqggzy.com/trade/014/58fb81ee-d2cf-4709-a1a8-2de5280d253a?categoryNum=014012002,自主招标,相关公告,2026-09-10,重庆市公共资源交易网,2026-09-11 10:57:49
重庆轨道交通信号专业西门子单一来源物资采购项目B26Q1-005（第二次）的中标候选人公示,https://www.cqggzy.com/trade/014/8befe177-d9ea-4860-9b41-63c505a01531?categoryNum=014012003,自主招标,候选人公示,2026-09-10,重庆市公共资源交易网,2026-09-11 10:57:49
训练场建设工程招标计划表,https://www.cqggzy.com/trade/014/8f60cde4-b3ce-482a-bd7b-b89a374c88a7?categoryNum=014001019,市级,招标计划,2026-09-10,重庆市公共资源交易网,2026-09-11 10:57:49
国道G319涪陵区白涛至涪陵城区段改建工程EPC总承包答疑补遗文件,https://www.cqggzy.com/trade/014/f412955a-94e4-40c7-97fe-9c6de0f97cd4?categoryNum=014001002001,市级,答疑补遗,2026-09-10,重庆市公共资源交易网,2026-09-11 10:57:49
吕梁三峰环保发电有限公司烟气在线监测系统（CEMS）备机采购项目,https://www.cqggzy.com/trade/014/9b7cf8f7-a46f-4e9f-8161-4ef5197af8e0?categoryNum=014012001,市级,招标采购公告,2026-09-10,重庆市公共资源交易网,2026-09-11 10:57:50
九龙镇上游三村7号附1号和附3号电梯、配电改造等工程（项目名称）比选公告,https://www.cqggzy.com/trade/014/74abb90e-5768-4660-a7d9-f576ececf596?categoryNum=014001001001,自主招标,招标公告,2026-09-10,重庆市公共资源交易网,2026-09-11 10:57:50
南泉街道金古村李家湾弃土场临时用地土地复垦项目流标公示,https://www.cqggzy.com/trade/014/2f119417-25a9-4b59-a518-41c08fb838b3?categoryNum=014012002,市级,相关公告,2026-09-10,重庆市公共资源交易网,2026-09-11 10:57:50
红岩精神发祥地片区老旧小区周边基础设施更新改造工程（一期）二标段的中标结果公示,https://www.cqggzy.com/trade/014/f848a852-d1e9-43c4-9377-0a43d4f0347d?categoryNum=014001004002,沙坪坝区,中标结果公告,2026-09-10,重庆市公共资源交易网,2026-09-11 10:57:50
女子监狱武警营房建设项目答疑补遗文件,https://www.cqggzy.com/trade/014/557717c3-6c3f-43a3-a72f-e97ae2b9be72?categoryNum=014001002001,市级,答疑补遗,2026-09-10,重庆市公共资源交易网,2026-09-11 10:57:50
万寿25#楼改造项目答疑补遗文件,https://www.cqggzy.com/trade/014/1572c304-5c49-43d3-bbba-639f58d986a7?categoryNum=014001002001,自主招标,答疑补遗,2026-09-10,重庆市公共资源交易网,2026-09-11 10:57:50
黔江区ZY-A29-4／03地块项目总承包工程（三期）答疑补遗文件,https://www.cqggzy.com/trade/014/5560ed83-0b8f-4a06-b416-e7aa296f5bbe?categoryNum=014001002001,自主招标,答疑补遗,2026-09-10,重庆市公共资源交易网,2026-09-11 10:57:50
重庆三峰御临环保发电有限公司布袋采购项目答疑补遗文件,https://www.cqggzy.com/trade/014/24c6f65a-74a6-4554-bb18-0f27b00cb02d?categoryNum=014012006,市级,答疑补遗变更公告,2026-09-10,重庆市公共资源交易网,2026-09-11 10:57:50
脑机接口智慧健康示范中心设备采购的中标结果公示,https://www.cqggzy.com/trade/014/b0485930-77d7-4e06-86f3-d7837b94f3da?categoryNum=014012004,市级,结果公告,2026-09-10,重庆市公共资源交易网,2026-09-11 10:57:50
佳兆业广场至教育大道管道工程佳兆业广场至教育大道供水管道工程施工,https://www.cqggzy.com/trade/014/13874856-ff7a-4ed0-8693-410e4db9548b?categoryNum=014001001002,市级,招标公告,2026-09-10,重庆市公共资源交易网,2026-09-11 10:57:50
12英寸功率半导体芯片制造及封装测试生产基地项目室内装饰工程的中标候选人公示,https://www.cqggzy.com/trade/014/bbd459e2-30b5-48a2-80a8-b2402cd929a3?categoryNum=014001003001,自主招标,中标候选人公示,2026-09-10,重庆市公共资源交易网,2026-09-11 10:57:50
重庆市荣昌区2026年和美乡村建设项目（清江镇）,https://www.cqggzy.com/trade/014/53b71a8a-727f-4501-944d-87f80aeb4b78?categoryNum=014001001007,荣昌区,招标公告,2026-09-10,重庆市公共资源交易网,2026-09-11 10:57:50
重庆市荣昌区2026年和美乡村建设项目（直升镇）,https://www.cqggzy.com/trade/014/f2303745-30c0-40f8-ace3-c57860206916?categoryNum=014001001007,荣昌区,招标公告,2026-09-10,重庆市公共资源交易网,2026-09-11 10:57:53
涪江（重庆段）防洪综合治理工程勘察设计的中标候选人公示,https://www.cqggzy.com/trade/014/e3ad96b8-fbd0-4bd4-b2c4-db032d89d82d?categoryNum=014001003007,潼南区,中标候选人公示,2026-09-10,重庆市公共资源交易网,2026-09-11 10:57:53
云阳县X011三坝溪至云阳镇段路面改造及安全韧性提升工程的中标候选人公示,https://www.cqggzy.com/trade/014/43383fa1-8a9c-40f4-83f8-e944bee9b964?categoryNum=014001003001,云阳县,中标候选人公示,2026-09-10,重庆市公共资源交易网,2026-09-11 10:57:53
沙坪坝区D08单元02街区016/01、D02单元07街区J6-2/03、J6-1/04（部分）地块及周边区域土壤污染治理管控项目（J6-2/03、J6-1/04（部分）地块及周边区域土壤污染风险评估）,https://www.cqggzy.com/trade/014/816f48fa-5133-4908-b066-b880e7e25f8c?categoryNum=014001001010,沙坪坝区,招标公告,2026-09-10,重庆市公共资源交易网,2026-09-11 10:57:53
丰都县三合街道雪玉路社区等老旧小区配套基础设施项目（第二批）,https://www.cqggzy.com/trade/014/e2511cf7-8060-4b2b-b526-055bc12ca8b9?categoryNum=014001001001,丰都县,招标公告,2026-09-10,重庆市公共资源交易网,2026-09-11 10:57:53
丰都县名山街道花园社区等老旧小区配套基础设施项目(第二批),https://www.cqggzy.com/trade/014/7972ecba-3526-4eae-8438-e89932671052?categoryNum=014001001001,丰都县,招标公告,2026-09-10,重庆市公共资源交易网,2026-09-11 10:57:53
丰都县平都东路社区老旧小区配套基础设施项目(第二批),https://www.cqggzy.com/trade/014/7c803972-5680-46d4-80ff-2f977e230aa8?categoryNum=014001001002,丰都县,招标公告,2026-09-10,重庆市公共资源交易网,2026-09-11 10:57:53
丰都县平都西路社区老旧小区配套基础设施项目(第二批),https://www.cqggzy.com/trade/014/5701d987-d59f-4605-93a5-302e3abd9447?categoryNum=014001001001,丰都县,招标公告,2026-09-10,重庆市公共资源交易网,2026-09-11 10:57:53
重庆市三峡库心流域国土绿化综合项目 （丰都县） 2026年（一标段）答疑补遗文件,https://www.cqggzy.com/trade/014/7ceefa69-0ccc-4f22-aea2-22f3908ee2fc?categoryNum=014001002010,丰都县,答疑补遗,2026-09-10,重庆市公共资源交易网,2026-09-11 10:57:53
重庆市三峡库心流域国土绿化综合项目 （丰都县） 2026年（二标段）答疑补遗文件,https://www.cqggzy.com/trade/014/8793b6e6-83f3-420f-8d60-8071c39c0b8a?categoryNum=014001002010,丰都县,答疑补遗,2026-09-10,重庆市公共资源交易网,2026-09-11 10:57:53
綦江区茶树湾水库至扶欢场镇水厂水源连通工程勘察设计的中标结果公示,https://www.cqggzy.com/trade/014/5bbf1f08-54ed-4f3a-8470-0b368b3ab040?categoryNum=014001004002,綦江区,中标结果公告,2026-09-10,重庆市公共资源交易网,2026-09-11 10:57:53
万盛城区老旧供水管网更新改造工程的中标候选人公示,https://www.cqggzy.com/trade/014/8fa5f55e-d3a0-416f-9ccc-168c2eb1dfd4?categoryNum=014001003002,万盛区,中标候选人公示,2026-09-10,重庆市公共资源交易网,2026-09-11 10:57:53
酉州康养拓展训练基地（一期）答疑补遗文件,https://www.cqggzy.com/trade/014/5c1da42f-c784-49a2-8d0f-0c953bbe5f7d?categoryNum=014001002001,酉阳县,答疑补遗,2026-09-10,重庆市公共资源交易网,2026-09-11 10:57:54
奉节县长江流域白帝镇、草堂镇、汾河镇等片区生活污水治理工程 奉节县长江流域夔州街道、朱衣镇、安坪镇、永乐镇等片区生活污水治理工程 奉节县长江流域吐祥镇、羊市镇、甲高镇等片区生活污水治理工程 奉节县梅溪河流域公平镇等片区生活污水工程 奉节县梅溪河流域夔门街道、康乐镇、大树镇、竹园镇、青莲镇等片区生活污水治理工程 奉节县大溪河流域青龙镇、五马镇、兴隆镇、新民镇等片区生活污水治理工程总承包（EPC）的中标候选人公示,https://www.cqggzy.com/trade/014/c4c9aba8-5d28-4568-8df5-9d6ad00a92ad?categoryNum=014001003002,奉节县,中标候选人公示,2026-09-10,重庆市公共资源交易网,2026-09-11 10:57:54
酉阳自治县龙潭初级中学教学楼等校舍改造项目 （第二次）的中标结果公示,https://www.cqggzy.com/trade/014/bdfba3d8-f303-41da-a453-ad16754bb263?categoryNum=014001004001,酉阳县,中标结果公告,2026-09-10,重庆市公共资源交易网,2026-09-11 10:57:54
酉阳县2026年官清乡高标准农田建设项目的中标候选人公示,https://www.cqggzy.com/trade/014/3aea4b49-25dd-4d73-a653-4c0e957cdad4?categoryNum=014001003007,酉阳县,中标候选人公示,2026-09-10,重庆市公共资源交易网,2026-09-11 10:57:54
酉阳县小坝2011年廉租住房项目（二标）基础设施设备维修改造及小区品质提升项目复核通知,https://www.cqggzy.com/trade/014/e5ced8f5-892a-4da3-adad-fe971fb39db2?categoryNum=014001016001,自主招标,相关公告,2026-09-10,重庆市公共资源交易网,2026-09-11 10:57:54
酉阳县小坝2011年廉租住房项目（二标）存量房源改造为保障性租赁住房项目复核通知,https://www.cqggzy.com/trade/014/8eb14e98-f225-4402-8821-3fb45df861b0?categoryNum=014001016001,自主招标,相关公告,2026-09-10,重庆市公共资源交易网,2026-09-11 10:57:54
酉阳自治县馨园小区公租房基础设施设备维修改造及小区品质提升项目复核通知,https://www.cqggzy.com/trade/014/004a403d-81f6-4e67-96ba-7061a5e6c279?categoryNum=014001016001,自主招标,相关公告,2026-09-10,重庆市公共资源交易网,2026-09-11 10:57:54
旭辰·怡康养老服务设施建设项目招标计划表,https://www.cqggzy.com/trade/014/c9c25e94-547f-44db-b3e1-0cf1d883a14b?categoryNum=014001019,沙坪坝区,招标计划,2026-09-10,重庆市公共资源交易网,2026-09-11 10:57:54
三峡库区重庆市涪陵区武陵山镇吊耳咀危岩治理工程勘查、设计,https://www.cqggzy.com/trade/014/266739b2-88e9-48bb-9142-9675e6bb7b30?categoryNum=014001001010,涪陵区,招标公告,2026-09-10,重庆市公共资源交易网,2026-09-11 10:57:54
重庆市合川区杨柳街小学幼儿园托育项目,https://www.cqggzy.com/trade/014/9d5c3e6e-d7e0-4372-bdfc-caafeb609f83?categoryNum=014001001001,合川区,招标公告,2026-09-10,重庆市公共资源交易网,2026-09-11 10:57:54
巫溪县兰英大峡谷景区基础设施升级改造项目的中标候选人公示,https://www.cqggzy.com/trade/014/6a46fb28-90d8-43d4-83e3-45aa33f7d53a?categoryNum=014001003002,巫溪县,中标候选人公示,2026-09-10,重庆市公共资源交易网,2026-09-11 10:57:54
重庆市梁平区甘井河综合治理工程一标段的中标候选人公示,https://www.cqggzy.com/trade/014/026b0bd9-b1a7-443f-a382-e6fbc8525a09?categoryNum=014001003007,梁平区,中标候选人公示,2026-09-10,重庆市公共资源交易网,2026-09-11 10:57:54
云阳县双土片区提升农村饮水质量项目招标计划表,https://www.cqggzy.com/trade/014/24c0ee33-fb2b-41e5-bafa-0162a5f62a40?categoryNum=014001019,云阳县,招标计划,2026-09-10,重庆市公共资源交易网,2026-09-11 10:57:56
云阳县南溪、石门、云阳镇等3个片区提升农村饮水质量项目招标计划表,https://www.cqggzy.com/trade/014/87e6de5c-ad4f-427b-a59b-7eed19ff1914?categoryNum=014001019,云阳县,招标计划,2026-09-10,重庆市公共资源交易网,2026-09-11 10:57:56
云阳县江口、向阳片区提升农村饮水质量项目招标计划表,https://www.cqggzy.com/trade/014/ec12be97-dab2-4110-9344-148ba9c93a89?categoryNum=014001019,云阳县,招标计划,2026-09-10,重庆市公共资源交易网,2026-09-11 10:57:56
垫江县丹香建设有限公司第一批专业分包和材料采购,https://www.cqggzy.com/trade/014/1a6050a6-be17-4639-bdb5-b1c46e838638?categoryNum=014001001001,自主招标,招标公告,2026-09-10,重庆市公共资源交易网,2026-09-11 10:57:56
永川区万寿路兽医站小区等片区老旧小区及配套基础设施改造项目（第二次）的中标候选人公示,https://www.cqggzy.com/trade/014/8855b4f1-b3c2-4221-a117-07c6700a0e61?categoryNum=014001003001,永川区,中标候选人公示,2026-09-10,重庆市公共资源交易网,2026-09-11 10:57:56
正阳工业园区产城融合协调发展配套基础设施建设项目(停车场及配套设施项目)（监理）的中标结果公示,https://www.cqggzy.com/trade/014/613c0201-a5bc-487e-9c9d-4732afd1acbf?categoryNum=014001004001,黔江区,中标结果公告,2026-09-10,重庆市公共资源交易网,2026-09-11 10:57:56
重庆市黔江区城市运营管理集团有限公司2026-2027年度黔江区学校食堂“禽类”物资采购答疑补遗文件,https://www.cqggzy.com/trade/014/dfc623f5-7a2c-4e99-a463-4eb9d4df6821?categoryNum=014001002010,自主招标,答疑补遗,2026-09-10,重庆市公共资源交易网,2026-09-11 10:57:56
重庆市永川区孙家口水库除险加固工程答疑补遗文件,https://www.cqggzy.com/trade/014/bfbc467b-b8cd-40d6-b4ed-30f8b8eda9d3?categoryNum=014001002007,永川区,答疑补遗,2026-09-10,重庆市公共资源交易网,2026-09-11 10:57:56
三峡库区重庆市涪陵区李家岩危岩带治理工程勘查,https://www.cqggzy.com/trade/014/8c44ce37-61da-49a1-9658-fecb7fd08d5f?categoryNum=014001020010,涪陵区,合同签订基本信息公示,2026-09-10,重庆市公共资源交易网,2026-09-11 10:57:56
南川区2026年西城街道高标准农田建设项目的中标候选人公示,https://www.cqggzy.com/trade/014/d90fbae7-237b-4252-a7b4-ba3a30cda962?categoryNum=014001003010,南川区,中标候选人公示,2026-09-10,重庆市公共资源交易网,2026-09-11 10:57:56
乌江涪陵榨菜绿色智能化生产基地（一期）5#车间原料腌池环氧树脂涂料工程项目流标公告,https://www.cqggzy.com/trade/014/8cfca738-6336-44b9-99da-4aa42e25ae57?categoryNum=014012002,自主招标,相关公告,2026-09-10,重庆市公共资源交易网,2026-09-11 10:57:56
黔江区太极河治理工程（二标段）的中标结果公示,https://www.cqggzy.com/trade/014/6f1588d5-0ece-47eb-a61b-a20a50bbb0ab?categoryNum=014001004007,黔江区,中标结果公告,2026-09-10,重庆市公共资源交易网,2026-09-11 10:57:56
南川区2026年南城街道双河场片区高标准农田建设项目的中标候选人公示,https://www.cqggzy.com/trade/014/f93e86df-43d1-4ed9-97bb-1c78231e5204?categoryNum=014001003010,南川区,中标候选人公示,2026-09-10,重庆市公共资源交易网,2026-09-11 10:57:57
双桥中学C级危房和外墙排危改造工程的中标候选人公示,https://www.cqggzy.com/trade/014/965dcce0-8e16-465b-a4fc-4c4bf789170b?categoryNum=014001003001,大足区,中标候选人公示,2026-09-10,重庆市公共资源交易网,2026-09-11 10:57:57
2026年綦江区老瀛山片区巴渝和美乡村建设项目的中标候选人公示,https://www.cqggzy.com/trade/014/765a47e0-5133-45e3-87c1-21dcc6ad1c16?categoryNum=014001003010,綦江区,中标候选人公示,2026-09-10,重庆市公共资源交易网,2026-09-11 10:57:57
梁平区第一养老服务中心改扩建项目招标计划表,https://www.cqggzy.com/trade/014/b8879d8c-67b8-4350-8005-ed2c411222c2?categoryNum=014001019,梁平区,招标计划,2026-09-10,重庆市公共资源交易网,2026-09-11 10:57:57
綦江区精神卫生中心维修改造工程的中标结果公示,https://www.cqggzy.com/trade/014/0eb7551c-5172-4b42-9b52-c19a40ab4cb3?categoryNum=014001004001,綦江区,中标结果公告,2026-09-10,重庆市公共资源交易网,2026-09-11 10:57:57
大陆溪永川区段源头及重点支流水生态保护修复工程EPC总承包,https://www.cqggzy.com/trade/014/c1e16417-d286-4928-b639-fc1e77b990f0?categoryNum=014001020007,永川区,合同签订基本信息公示,2026-09-10,重庆市公共资源交易网,2026-09-11 10:57:57
巫山县“夜话神女”环湖游览设施提升项目工程总承包EPC的中标候选人公示,https://www.cqggzy.com/trade/014/77976d98-a3e7-451a-a873-b9d7b9768740?categoryNum=014001003002,巫山县,中标候选人公示,2026-09-10,重庆市公共资源交易网,2026-09-11 10:57:57
酉阳县G319线马鞍山隧道维修整治工程招标计划表,https://www.cqggzy.com/trade/014/30fe9345-7332-487d-a740-ecbd54c96d80?categoryNum=014001019,酉阳县,招标计划,2026-09-10,重庆市公共资源交易网,2026-09-11 10:57:57
国网重庆开州供电公司变电运检工区用房招标计划表,https://www.cqggzy.com/trade/014/f23542f1-c0b6-470f-9c9f-41cd269f5b1b?categoryNum=014001019,开州区,招标计划,2026-09-10,重庆市公共资源交易网,2026-09-11 10:57:57
沙坪坝区沙磁片区道路工程（3号路）一期的中标结果公示,https://www.cqggzy.com/trade/014/52f033f2-532c-448f-8eb2-f6a482365beb?categoryNum=014001004002,沙坪坝区,中标结果公告,2026-09-10,重庆市公共资源交易网,2026-09-11 10:57:57
G351线K2511+880至K2522+100及K2570+400至K2578+000段灾防治工程的中标候选人公示,https://www.cqggzy.com/trade/014/42fc2457-bf20-4da0-b32d-18d84f17ee29?categoryNum=014001003001,合川区,中标候选人公示,2026-09-10,重庆市公共资源交易网,2026-09-11 10:57:57
涪陵北拱粮库项目储粮设备采购（三标段）,https://www.cqggzy.com/trade/014/0c344eb2-db3b-4ac6-a6c3-8618053ddf42?categoryNum=014001001001,涪陵区,招标公告,2026-09-10,重庆市公共资源交易网,2026-09-11 10:57:57
涪陵北拱粮库项目储粮设备采购（二标段）,https://www.cqggzy.com/trade/014/f00ea3f9-8ba2-4f7a-8491-a7ce96f31bbd?categoryNum=014001001001,涪陵区,招标公告,2026-09-10,重庆市公共资源交易网,2026-09-11 10:57:59
涪陵北拱粮库项目储粮设备采购（一标段）,https://www.cqggzy.com/trade/014/15f1e4c5-9c22-4492-839d-002fd8e1f76d?categoryNum=014001001001,涪陵区,招标公告,2026-09-10,重庆市公共资源交易网,2026-09-11 10:57:59
三峡库区重庆市涪陵区北山坪危岩带治理工程勘查,https://www.cqggzy.com/trade/014/c4516735-0ff1-4693-a6c3-681b3cbf498f?categoryNum=014001020010,涪陵区,合同签订基本信息公示,2026-09-10,重庆市公共资源交易网,2026-09-11 10:57:59
重庆城市职业学院2026年附属工程项目（校区改建部分）,https://www.cqggzy.com/trade/014/233e6018-d94d-4b1b-af0b-889e40f11879?categoryNum=014001020001,永川区,合同签订基本信息公示,2026-09-10,重庆市公共资源交易网,2026-09-11 10:57:59
巫溪县烟草公司小区、经贸小区老旧小区综合改造项目的中标结果公示,https://www.cqggzy.com/trade/014/baf2f9a2-5987-4146-a394-9599dac0c653?categoryNum=014001004001,巫溪县,中标结果公告,2026-09-10,重庆市公共资源交易网,2026-09-11 10:57:59
巫溪县宁河街道边贸城等小区续建项目的中标结果公示,https://www.cqggzy.com/trade/014/dd3da2d0-ac4e-4eb9-8dc0-126ad5f91a4f?categoryNum=014001004001,巫溪县,中标结果公告,2026-09-10,重庆市公共资源交易网,2026-09-11 10:57:59
巫溪县宁河街道丝厂宿舍、司法局宿舍小区综合改造项目的中标结果公示,https://www.cqggzy.com/trade/014/b71635ab-4c3d-4d13-90b1-51bfca54b194?categoryNum=014001004001,巫溪县,中标结果公告,2026-09-10,重庆市公共资源交易网,2026-09-11 10:57:59
巫溪县柏杨街道(港航处小区、铭洋小区、盐业小区)老旧小区综合改造项目的中标结果公示,https://www.cqggzy.com/trade/014/a81b5c21-05e8-4ca5-a7e5-06e4b0408f4a?categoryNum=014001004001,巫溪县,中标结果公告,2026-09-10,重庆市公共资源交易网,2026-09-11 10:57:59
巫溪县柏杨街道滨河南岸（滨园B区、滨河国际）老旧小区综合改造项目的中标结果公示,https://www.cqggzy.com/trade/014/77eea27c-7a72-4235-bfd8-ee4a5ad665bb?categoryNum=014001004001,巫溪县,中标结果公告,2026-09-10,重庆市公共资源交易网,2026-09-11 10:57:59
巫溪县宁河街道飞云山庄、邮政宿舍小区综合改造项目的中标结果公示,https://www.cqggzy.com/trade/014/e64970b0-7b45-4950-84a5-60e1884151a2?categoryNum=014001004001,巫溪县,中标结果公告,2026-09-10,重庆市公共资源交易网,2026-09-11 10:57:59
涪陵区江东片区农村饮水安全巩固提升工程(设计变更部分),https://www.cqggzy.com/trade/014/980d75fe-cc81-4f93-a1d9-3902519b5542?categoryNum=014001020007,涪陵区,合同签订基本信息公示,2026-09-10,重庆市公共资源交易网,2026-09-11 10:57:59
铜梁区农村失能特困人员集中照护中心项目答疑补遗文件,https://www.cqggzy.com/trade/014/f5ae021f-c1c9-4914-b506-eb99f285f8b2?categoryNum=014001002001,铜梁区,答疑补遗,2026-09-10,重庆市公共资源交易网,2026-09-11 10:57:59
重庆市垫江中学校高中部改扩建工程 （一期：科技楼室内提升工程-展陈建设）,https://www.cqggzy.com/trade/014/22b265e7-62f6-41c6-b823-51e2ed06a791?categoryNum=014001020001,垫江县,合同签订基本信息公示,2026-09-10,重庆市公共资源交易网,2026-09-11 10:58:01
黔江新华中学校教学楼屋面改造维修工程（第二次）,https://www.cqggzy.com/trade/014/3845b0d9-d3f1-4ada-870c-ab10071ba008?categoryNum=014001001001,自主招标,招标公告,2026-09-10,重庆市公共资源交易网,2026-09-11 10:58:01
长寿区群众运动空间扩容项目（EPC)招标计划表,https://www.cqggzy.com/trade/014/a3dcfb34-62d9-43db-8dcd-361372e749a9?categoryNum=014001019,长寿区,招标计划,2026-09-10,重庆市公共资源交易网,2026-09-11 10:58:01
武隆区2026年谢石沟项目区小流域综合治理提质增效项目,https://www.cqggzy.com/trade/014/8d48e668-7013-42ce-b5e8-6c3c6d7b37b6?categoryNum=014001020007,武隆区,合同签订基本信息公示,2026-09-10,重庆市公共资源交易网,2026-09-11 10:58:01
武隆县车管业务用房车管所业务用房建设项目二次装修工程,https://www.cqggzy.com/trade/014/adba20df-3146-4b95-852a-6798729210ab?categoryNum=014001001001,武隆区,招标公告,2026-09-10,重庆市公共资源交易网,2026-09-11 10:58:01
重庆文理学院2026附属工程项目(2026年不可预测的零星维修工程),https://www.cqggzy.com/trade/014/da33a301-f47b-4983-b5c6-47d23d6c46c3?categoryNum=014001020001,永川区,合同签订基本信息公示,2026-09-10,重庆市公共资源交易网,2026-09-11 10:58:01
重庆文理学院2026年附属工程项目(供电改造专项工程)红河B区高压外线增容改造（第二次）,https://www.cqggzy.com/trade/014/4e8108b7-1e9a-4930-a675-4cda0897d9d8?categoryNum=014001020001,永川区,合同签订基本信息公示,2026-09-10,重庆市公共资源交易网,2026-09-11 10:58:01
万州区水利工程运行智管能力（流域）建设先行先试工程招标计划表,https://www.cqggzy.com/trade/014/11909900-55cf-4f24-952e-28bb74ac7149?categoryNum=014001019,万州区,招标计划,2026-09-10,重庆市公共资源交易网,2026-09-11 10:58:01
巫山脆李深加工建设项目,https://www.cqggzy.com/trade/014/e0b4c760-04d6-4b11-9e8e-578a09542eb0?categoryNum=014001020001,巫山县,合同签订基本信息公示,2026-09-10,重庆市公共资源交易网,2026-09-11 10:58:01
忠县高新区绿色电力供应项目招标计划表,https://www.cqggzy.com/trade/014/7e1e06b2-c836-48ea-b9d3-988f7bd72169?categoryNum=014001019,忠县,招标计划,2026-09-10,重庆市公共资源交易网,2026-09-11 10:58:01
秀山七星安置小区建设项目二标段电梯采购及安装招标计划表,https://www.cqggzy.com/trade/014/7728e94b-b786-44f5-842b-4030bd7e9c99?categoryNum=014001019,秀山县,招标计划,2026-09-10,重庆市公共资源交易网,2026-09-11 10:58:01
长寿区百万只蛋鸡数智化产业项目,https://www.cqggzy.com/trade/014/c88d78af-c71b-47dd-a765-e87a572b4144?categoryNum=014001001001,长寿区,招标公告,2026-09-10,重庆市公共资源交易网,2026-09-11 10:58:01
忠县永丰镇紫薇社区东方村基础设施改造项目招标计划表,https://www.cqggzy.com/trade/014/185131a8-0aed-4d83-bd6a-46cbd17fd5d0?categoryNum=014001019,忠县,招标计划,2026-09-10,重庆市公共资源交易网,2026-09-11 10:58:03
涪陵区2026年罗云镇生猪产业主体圈舍建设项目招标计划表,https://www.cqggzy.com/trade/014/a2cb2d00-ec36-40fc-b443-faec0730333e?categoryNum=014001019,涪陵区,招标计划,2026-09-10,重庆市公共资源交易网,2026-09-11 10:58:03
长寿区洪湖片区污水管网建设项目（二期葛兰部分）,https://www.cqggzy.com/trade/014/b5014431-4cb9-4246-9980-efb6818c32c1?categoryNum=014001001002,长寿区,招标公告,2026-09-10,重庆市公共资源交易网,2026-09-11 10:58:03
重庆市万州区上海医院门诊及住院综合业务用房（暂估价-四管制冷热一体空气源热泵机组）招标计划表,https://www.cqggzy.com/trade/014/464dc984-0b6a-46f6-82ac-59759c95bfb9?categoryNum=014001019,万州区,招标计划,2026-09-10,重庆市公共资源交易网,2026-09-11 10:58:03
2026-2028年度两江新区党政机关、事业单位公务用车定点保险服务商采购项目（第二次）(JBQ26C00002)采购澄清公告,https://www.cqggzy.com/trade/014/1674206496642347008?categoryNum=014005002,两江新区,答疑变更,2026-09-10,重庆市公共资源交易网,2026-09-11 10:58:03
重庆三峡医药高等专科学校2026-2027年零星维修工程(CQS26B00075)中标（成交）结果公告,https://www.cqggzy.com/trade/014/1673407296086257664_1?categoryNum=014005004,市级,采购结果公告,2026-09-10,重庆市公共资源交易网,2026-09-11 10:58:03
多材异质增材制造科研平台(CQS26A02473)竞争性谈判公告,https://www.cqggzy.com/trade/014/1673751210622234624?categoryNum=014005001,市级,采购公告,2026-09-10,重庆市公共资源交易网,2026-09-11 10:58:03
FPGA通信智能处理实训室建设(CQS26A03060)中标（成交）结果公告,https://www.cqggzy.com/trade/014/1673774325301555200_1?categoryNum=014005004,市级,采购结果公告,2026-09-10,重庆市公共资源交易网,2026-09-11 10:58:03
重庆电子科技职业大学【永川校区】医校共建服务（第二次）(CQS26C01799)废标公告,https://www.cqggzy.com/trade/014/1674065392819286016?categoryNum=014005004,市级,采购结果公告,2026-09-10,重庆市公共资源交易网,2026-09-11 10:58:03
关于【永川区关门山水库、上游水库、邓家岩水库、卫星水库增设生态基流设施改造预算审核】中选结果的公告,https://www.cqggzy.com/trade/014/BRII_5001187659049252609040403?categoryNum=014010002,永川区,中选公告,2026-09-10,重庆市公共资源交易网,2026-09-11 10:58:03
圣灯山镇包柏树至五洲园路改建工程(BNQ26B00019)中标（成交）结果更正公告,https://www.cqggzy.com/trade/014/1674113858312384512?categoryNum=014005002,巴南区,答疑变更,2026-09-10,重庆市公共资源交易网,2026-09-11 10:58:03
重庆市永川区集瑷医院转运监护仪、多参数监护仪、可视喉镜和自动洗胃机采购竞争性比选邀请书,https://www.cqggzy.com/trade/014/17890405122059930251?categoryNum=014012001,永川区,招标采购公告,2026-09-10,重庆市公共资源交易网,2026-09-11 10:58:03
关于【柳荫镇麻柳河村双河口河（柳荫医院段）堤防水毁修复工程】中选结果的公告,https://www.cqggzy.com/trade/014/BRII_5001090092989742606110455?categoryNum=014010002,北碚区,中选公告,2026-09-10,重庆市公共资源交易网,2026-09-11 10:58:05
关于【柳荫镇西河村供水设施维修养护实施方案（西河管网）项目】中选结果的公告,https://www.cqggzy.com/trade/014/BRII_5001090092989742609030642?categoryNum=014010002,北碚区,中选公告,2026-09-10,重庆市公共资源交易网,2026-09-11 10:58:05
关于【柳荫镇东升村、麻柳河村山坪塘修复工程】中选结果的公告,https://www.cqggzy.com/trade/014/BRII_5001090092989742609030700?categoryNum=014010002,北碚区,中选公告,2026-09-10,重庆市公共资源交易网,2026-09-11 10:58:05
关于【柳荫镇高标准农田水毁修复工程】中选结果的公告,https://www.cqggzy.com/trade/014/BRII_5001090092989742609030725?categoryNum=014010002,北碚区,中选公告,2026-09-10,重庆市公共资源交易网,2026-09-11 10:58:05
关于【柳荫镇永兴村蓄水池维修养护】中选结果的公告,https://www.cqggzy.com/trade/014/BRII_5001090092989742609030676?categoryNum=014010002,北碚区,中选公告,2026-09-10,重庆市公共资源交易网,2026-09-11 10:58:05
邱县中央公园西区15号楼1单元902室,https://www.cqggzy.com/trade/014/O198927?categoryNum=014013002,市外,司法拍卖,2026-09-10,重庆市公共资源交易网,2026-09-11 10:58:05
关于【重庆航天职业技术学院梁平校区建设项目（一期）预算编制服务】中选结果的公告,https://www.cqggzy.com/trade/014/BRII_5002287874723262609070372?categoryNum=014010002,梁平区,中选公告,2026-09-10,重庆市公共资源交易网,2026-09-11 10:58:05
重庆市合川区公安局2026年公共安全视频监控升级扩容建设项目(HCQ26A00846)公开招标公告,https://www.cqggzy.com/trade/014/1674165364835266560?categoryNum=014005001,合川区,采购公告,2026-09-10,重庆市公共资源交易网,2026-09-11 10:58:05
酉阳自治县“2026年义务教育薄弱环节改善与能力提升”心理咨询室采购项目（二）(YOY26A00057)采购更正公告,https://www.cqggzy.com/trade/014/1674163307793395712?categoryNum=014005002,酉阳县,答疑变更,2026-09-10,重庆市公共资源交易网,2026-09-11 10:58:05
涪陵区三峡库区移民安置区高切坡维护工程（2025年）（除应急抢险部分外）(FLQ26B00059)采购更正公告,https://www.cqggzy.com/trade/014/1674161784858390528?categoryNum=014005002,涪陵区,答疑变更,2026-09-10,重庆市公共资源交易网,2026-09-11 10:58:05
长寿经开区生态环境保护第三方协助管理(CSQ26C00456)公开招标公告,https://www.cqggzy.com/trade/014/1674159197279006720?categoryNum=014005001,长寿区,采购公告,2026-09-10,重庆市公共资源交易网,2026-09-11 10:58:05
关于【秀山县渝秀大道191号防水改造项目预算编制服务】中选结果的公告,https://www.cqggzy.com/trade/014/BRII_500241MB15045932609040304?categoryNum=014010002,秀山县,中选公告,2026-09-10,重庆市公共资源交易网,2026-09-11 10:58:05
酉阳自治县“2026年义务教育薄弱环节改善与能力提升”心理咨询室采购项目（一）(YOY26A00056)采购更正公告,https://www.cqggzy.com/trade/014/1674157904611291136?categoryNum=014005002,酉阳县,答疑变更,2026-09-10,重庆市公共资源交易网,2026-09-11 10:58:07
重庆市武隆区公安局智慧监所建设项目(WLQ26B00031)中标（成交）结果公告,https://www.cqggzy.com/trade/014/1674149173806804992_1?categoryNum=014005004,武隆区,采购结果公告,2026-09-10,重庆市公共资源交易网,2026-09-11 10:58:07
关于【龙塔社区卫生服务中心建设项目环境影响评价】中选结果的公告,https://www.cqggzy.com/trade/014/BRII_500112MA60A6K062609080714?categoryNum=014010002,渝北区,中选公告,2026-09-10,重庆市公共资源交易网,2026-09-11 10:58:07
关于【龙塔社区卫生服务中心建设项目地形管线测量】中选结果的公告,https://www.cqggzy.com/trade/014/BRII_500112MA60A6K062609080732?categoryNum=014010002,渝北区,中选公告,2026-09-10,重庆市公共资源交易网,2026-09-11 10:58:07
秀山县里仁镇李高村巴渝新村建设项目(XSX26B00020)竞争性磋商公告,https://www.cqggzy.com/trade/014/1674155978788220928?categoryNum=014005001,秀山县,采购公告,2026-09-10,重庆市公共资源交易网,2026-09-11 10:58:07
重庆市第一中学校物业服务整体采购项目(SPB25C00108)中标（成交）结果公告,https://www.cqggzy.com/trade/014/1674154549260365824_1?categoryNum=014005004,沙坪坝区,采购结果公告,2026-09-10,重庆市公共资源交易网,2026-09-11 10:58:07
关于【万州区2026年度三峡库区地质灾害治理工程维护项目监理招标代理】中选结果的公告,https://www.cqggzy.com/trade/014/BRII_5001017717608682609020200?categoryNum=014010002,万州区,中选公告,2026-09-10,重庆市公共资源交易网,2026-09-11 10:58:07
关于【2026年四面山镇洪洞村人居环境整治工程（测绘服务）】中选结果的公告,https://www.cqggzy.com/trade/014/BRII_5001165828038142609080383?categoryNum=014010002,江津区,中选公告,2026-09-10,重庆市公共资源交易网,2026-09-11 10:58:07
秀山县中医医院医疗设备(一批)采购项目(XSX26A00563)竞争性磋商公告,https://www.cqggzy.com/trade/014/1674153303321391104?categoryNum=014005001,秀山县,采购公告,2026-09-10,重庆市公共资源交易网,2026-09-11 10:58:07
重庆市生活垃圾填埋场防渗层完整性检测和地下水监测(CQS26C01678)中标（成交）结果公告,https://www.cqggzy.com/trade/014/1673767576725139456_1?categoryNum=014005004,市级,采购结果公告,2026-09-10,重庆市公共资源交易网,2026-09-11 10:58:07
2025年校舍优化项目（第三次）(BSQ26A00252)中标（成交）结果公告,https://www.cqggzy.com/trade/014/1674066939447914496_1?categoryNum=014005004,璧山区,采购结果公告,2026-09-10,重庆市公共资源交易网,2026-09-11 10:58:07
关于【万州区2026年度三峡库区地质灾害治理工程维护项目施工招标代理】中选结果的公告,https://www.cqggzy.com/trade/014/BRII_5001017717608682609020208?categoryNum=014010002,万州区,中选公告,2026-09-10,重庆市公共资源交易网,2026-09-11 10:58:07
关于【万州区天城街道三合寨危岩治理工程设计招标代理】中选结果的公告,https://www.cqggzy.com/trade/014/BRII_5001017717608682609020189?categoryNum=014010002,万州区,中选公告,2026-09-10,重庆市公共资源交易网,2026-09-11 10:58:08
关于【万州区钟鼓楼街道卡门危岩治理工程设计招标代理】中选结果的公告,https://www.cqggzy.com/trade/014/BRII_5001017717608682609020168?categoryNum=014010002,万州区,中选公告,2026-09-10,重庆市公共资源交易网,2026-09-11 10:58:08
关于【铜元时光地块配套道路工程可行性研究报告评估】中选结果的公告,https://www.cqggzy.com/trade/014/BRII_50010800929587X2609070609?categoryNum=014010002,南岸区,中选公告,2026-09-10,重庆市公共资源交易网,2026-09-11 10:58:08
国防军事科普服务(JLP26C00076)结果公告,https://www.cqggzy.com/trade/014/1674060101763510272_1?categoryNum=014005004,九龙坡区,采购结果公告,2026-09-10,重庆市公共资源交易网,2026-09-11 10:58:08
重庆西藏中学校采购2026年改扩建设施设备弱电项目(SPB26A00415)中标（成交）结果公告,https://www.cqggzy.com/trade/014/1674152693293428736_1?categoryNum=014005004,沙坪坝区,采购结果公告,2026-09-10,重庆市公共资源交易网,2026-09-11 10:58:08
2026-RC-8-02号土地使用权出让成交公示,https://www.cqggzy.com/trade/014/17864326078419226507-DEAL?categoryNum=014004004,荣昌区,成交公告,2026-09-10,重庆市公共资源交易网,2026-09-11 10:58:08
关于【万州区分水镇三正社区危岩治理工程设计招标代理】中选结果的公告,https://www.cqggzy.com/trade/014/BRII_5001017717608682609020195?categoryNum=014010002,万州区,中选公告,2026-09-10,重庆市公共资源交易网,2026-09-11 10:58:08
关于【选聘第三方机构对重庆长寿东方物业有限责任公司35处投资性房地产进行价值评估】中选结果的公告,https://www.cqggzy.com/trade/014/BRII_5001157093286442609080356?categoryNum=014010002,长寿区,中选公告,2026-09-10,重庆市公共资源交易网,2026-09-11 10:58:08
重庆市沙坪坝区人民法院陈家桥法庭维修项目(CQS26B00084)竞争性磋商公告,https://www.cqggzy.com/trade/014/1674053614324461568?categoryNum=014005001,市级,采购公告,2026-09-10,重庆市公共资源交易网,2026-09-11 10:58:08
重庆市永川区人民医院无创呼吸机采购项目废标公告,https://www.cqggzy.com/trade/014/17890330927253272502?categoryNum=014012002,永川区,相关公告,2026-09-10,重庆市公共资源交易网,2026-09-11 10:58:08
红旗牌粤CQ755S小型轿车,https://www.cqggzy.com/trade/014/O198926?categoryNum=014013002,市外,司法拍卖,2026-09-10,重庆市公共资源交易网,2026-09-11 10:58:08
2026-RC-2-06号土地使用权出让成交公示,https://www.cqggzy.com/trade/014/17864355506694619957-DEAL?categoryNum=014004004,荣昌区,成交公告,2026-09-10,重庆市公共资源交易网,2026-09-11 10:58:08
关于【长江、乌江河道砂石资源资产评估报告编制服务】中选结果的公告,https://www.cqggzy.com/trade/014/BRII_5001026992740122609070914?categoryNum=014010002,涪陵区,中选公告,2026-09-10,重庆市公共资源交易网,2026-09-11 10:58:10
关于【丛林镇2024年度美丽宜居示范镇建设等3个项目结算审核服务】中选结果的公告,https://www.cqggzy.com/trade/014/BRII_5001990093008272609020166?categoryNum=014010002,万盛区,中选公告,2026-09-10,重庆市公共资源交易网,2026-09-11 10:58:10
彩色多普勒超声诊断系统(CQS26A01204)公开招标公告,https://www.cqggzy.com/trade/014/1674121275674767360?categoryNum=014005001,市级,采购公告,2026-09-10,重庆市公共资源交易网,2026-09-11 10:58:10
关于【潼南区2025年48套农村污水处理设施市场化运维项目】中选结果的公告,https://www.cqggzy.com/trade/014/BRII_500223MADHD4X592609030470?categoryNum=014010002,潼南区,中选公告,2026-09-10,重庆市公共资源交易网,2026-09-11 10:58:10
便携式计算机框架协议征集（重庆市乡镇以上党政机关，以及乡镇以上党委和政府直属事业单位及部门所属为机关提供支持保障的事业单位适用）（第二批次）(CQS26A04247)框架协议公告,https://www.cqggzy.com/trade/014/1674088425638375424?categoryNum=014005001,市级,采购公告,2026-09-10,重庆市公共资源交易网,2026-09-11 10:58:10
便携式计算机框架协议征集（重庆市乡镇以上党政机关，以及乡镇以上党委和政府直属事业单位及部门所属为机关提供支持保障的事业单位适用）（第一批次）(CQS26A04247)框架协议公告,https://www.cqggzy.com/trade/014/1674087296435269632?categoryNum=014005001,市级,采购公告,2026-09-10,重庆市公共资源交易网,2026-09-11 10:58:10
在职职工团体意外伤害保险和派遣员工雇主责任保险(CQS26C01686)中标（成交）结果公告,https://www.cqggzy.com/trade/014/1673766143472742400_1?categoryNum=014005004,市级,采购结果公告,2026-09-10,重庆市公共资源交易网,2026-09-11 10:58:10
养老机构运营管理设备项目(CQS26A03904)更正公告一号,https://www.cqggzy.com/trade/014/1674140124063248384?categoryNum=014005002,市级,答疑变更,2026-09-10,重庆市公共资源交易网,2026-09-11 10:58:10
关于为【郭家沱大溪村社区老旧小区配套基础设施项目、郭家沱飞岚垭片区老旧小区配套基础设施项目可研编制（含资金报告编制）】 公开选取【工程咨询】机构的公告,https://www.cqggzy.com/trade/014/PNII_500105MA6105RF72609100708?categoryNum=014010001,江北区,采购公告,2026-09-10,重庆市公共资源交易网,2026-09-11 10:58:10
重庆市双石监狱档案室设施设备采购(CQS26A02596)暂停公告,https://www.cqggzy.com/trade/014/1674057864219766784?categoryNum=014005002,市级,答疑变更,2026-09-10,重庆市公共资源交易网,2026-09-11 10:58:10
重庆市永川区人民医院飞利浦彩超维保服务项目结果公告,https://www.cqggzy.com/trade/014/17890326398408127776?categoryNum=014012004,永川区,结果公告,2026-09-10,重庆市公共资源交易网,2026-09-11 10:58:10
关于为【国道G353万盛城区新田加油站至鱼田堡段改建工程监理招标代理】 公开选取【招标代理】机构的公告,https://www.cqggzy.com/trade/014/PNII_500199MB1K2327X2609100707?categoryNum=014010001,万盛区,采购公告,2026-09-10,重庆市公共资源交易网,2026-09-11 10:58:10
2026-RC-2-05号土地使用权出让成交公示,https://www.cqggzy.com/trade/014/17864378872218755189-DEAL?categoryNum=014004004,荣昌区,成交公告,2026-09-10,重庆市公共资源交易网,2026-09-11 10:58:12
关于为【石杨村老旧小区消防安全隐患问题整治项目结算审计】 公开选取【工程造价咨询】机构的公告,https://www.cqggzy.com/trade/014/PNII_5001070949946582609100618?categoryNum=014010001,九龙坡区,采购公告,2026-09-10,重庆市公共资源交易网,2026-09-11 10:58:12
关于为【国道G353万盛城区新田加油站至鱼田堡段改建工程施工招标代理】 公开选取【招标代理】机构的公告,https://www.cqggzy.com/trade/014/PNII_500199MB1K2327X2609100364?categoryNum=014010001,万盛区,采购公告,2026-09-10,重庆市公共资源交易网,2026-09-11 10:58:12
关于为【江北区“两江四岸”石门－鎏嘉码头老旧街区转型提质工程可研编制（含资金报告编制）】 公开选取【工程咨询】机构的公告,https://www.cqggzy.com/trade/014/PNII_500105MA6105RF72609100705?categoryNum=014010001,江北区,采购公告,2026-09-10,重庆市公共资源交易网,2026-09-11 10:58:12
关于为【西禅幼儿园临时搬迁项目预算审核】 公开选取【工程造价咨询】机构的公告,https://www.cqggzy.com/trade/014/PNII_500111MB07503892609100700?categoryNum=014010001,大足区,采购公告,2026-09-10,重庆市公共资源交易网,2026-09-11 10:58:12
关于为【铜梁区侣俸镇人民政府关于侣俸镇创业路路边停车位划线项目预算审核服务采购】 公开选取【工程造价咨询】机构的公告,https://www.cqggzy.com/trade/014/PNII_5002247094824492609100701?categoryNum=014010001,铜梁区,采购公告,2026-09-10,重庆市公共资源交易网,2026-09-11 10:58:12
关于为【铜梁区侣俸镇人民政府 关于侣俸镇创业路路边停车位划线项目 预算编制服务采购】 公开选取【工程造价咨询】机构的公告,https://www.cqggzy.com/trade/014/PNII_5002247094824492609100691?categoryNum=014010001,铜梁区,采购公告,2026-09-10,重庆市公共资源交易网,2026-09-11 10:58:12
关于为【蓝天公司周边景观绿化提档升级项目】 公开选取【工程造价咨询】机构的公告,https://www.cqggzy.com/trade/014/PNII_5002337815945842609100688?categoryNum=014010001,忠县,采购公告,2026-09-10,重庆市公共资源交易网,2026-09-11 10:58:12
关于为【铜梁区双寨水库中型灌区续建配套与节水改造工程档案编制】 公开选取【商务服务】机构的公告,https://www.cqggzy.com/trade/014/PNII_5002246889306512609100641?categoryNum=014010001,铜梁区,采购公告,2026-09-10,重庆市公共资源交易网,2026-09-11 10:58:12
关于【山王坪互通游客服务点快充系统】中选结果的公告,https://www.cqggzy.com/trade/014/BRII_500119MAC41RRJ92609030234?categoryNum=014010002,南川区,中选公告,2026-09-10,重庆市公共资源交易网,2026-09-11 10:58:12
关于【重庆市云阳数智职业技术学校建设项目 （二期）雷电防护装置检测采购】中选结果的公告,https://www.cqggzy.com/trade/014/BRII_5002357530933872609040316?categoryNum=014010002,云阳县,中选公告,2026-09-10,重庆市公共资源交易网,2026-09-11 10:58:12
关于为【铜梁区石梁水库中型灌区续建配套与节水改造工程档案编制】 公开选取【商务服务】机构的公告,https://www.cqggzy.com/trade/014/PNII_5002246889306512609100666?categoryNum=014010001,铜梁区,采购公告,2026-09-10,重庆市公共资源交易网,2026-09-11 10:58:12
关于【万州区电报路双河幼儿园2026年暑期维修项目】中选结果的公告,https://www.cqggzy.com/trade/014/BRII_500101MB1L746412609070504?categoryNum=014010002,万州区,中选公告,2026-09-10,重庆市公共资源交易网,2026-09-11 10:58:13
永川区2026年产油大县奖励资金项目油菜良种采购(YCQ26A00907)中标（成交）结果公告,https://www.cqggzy.com/trade/014/1674147442062569472_1?categoryNum=014005004,永川区,采购结果公告,2026-09-10,重庆市公共资源交易网,2026-09-11 10:58:13
关于为【永川区大安街道翔龙路片区老旧小区及配套基础设施改造项目】 公开选取【招标代理，工程建设项目招标代理】机构的公告,https://www.cqggzy.com/trade/014/PNII_5001187339889092609100630?categoryNum=014010001,永川区,采购公告,2026-09-10,重庆市公共资源交易网,2026-09-11 10:58:13
关于为【酉阳县桃花源新城东流口片区棚户区改造项目—基础设施道路工程（B1路二段）和酉阳县桃花源新城花园片区、石柱片区棚户区改造项目—基础设施道路工程（A17路东延段一期）勘察外业见证服务】 公开选取【工程勘察】机构的公告,https://www.cqggzy.com/trade/014/PNII_500242MAABUQRU72609100645?categoryNum=014010001,酉阳县,采购公告,2026-09-10,重庆市公共资源交易网,2026-09-11 10:58:13
关于为【忠县大洋码头景观绿化提档升级工程】 公开选取【工程造价咨询】机构的公告,https://www.cqggzy.com/trade/014/PNII_5002337815945842609100694?categoryNum=014010001,忠县,采购公告,2026-09-10,重庆市公共资源交易网,2026-09-11 10:58:13
关于为【国道G353万盛城区新田加油站至鱼田堡段改建工程地质灾害评估服务采购】 公开选取【地质灾害防治】机构的公告,https://www.cqggzy.com/trade/014/PNII_500199MB1K2327X2609100563?categoryNum=014010001,万盛区,采购公告,2026-09-10,重庆市公共资源交易网,2026-09-11 10:58:13
鸿蒙实训平台项目(CQS26A03599)公开招标公告,https://www.cqggzy.com/trade/014/1674116478506676224?categoryNum=014005001,市级,采购公告,2026-09-10,重庆市公共资源交易网,2026-09-11 10:58:13
关于为【江津玉公司品牌孵化与企业数字平台建设项目招标代理】 公开选取【招标代理】机构的公告,https://www.cqggzy.com/trade/014/PNII_500116MADA2NJ392609100660?categoryNum=014010001,江津区,采购公告,2026-09-10,重庆市公共资源交易网,2026-09-11 10:58:13
关于【2026年万州区交通运输行业安全监管干部及企业安全管理人员安全教育线上培训】中选结果的公告,https://www.cqggzy.com/trade/014/BRII_5001010086303572609020860?categoryNum=014010002,万州区,中选公告,2026-09-10,重庆市公共资源交易网,2026-09-11 10:58:13
合川区2026年油菜种子采购(HCQ26A00842)询价公告,https://www.cqggzy.com/trade/014/1674144830047170560?categoryNum=014005001,合川区,采购公告,2026-09-10,重庆市公共资源交易网,2026-09-11 10:58:13
山地城市交通设施智能检测重庆市高校工程研究中心第二批科研设备采购(CQS26A03036)公开招标公告,https://www.cqggzy.com/trade/014/1674138372085690368?categoryNum=014005001,市级,采购公告,2026-09-10,重庆市公共资源交易网,2026-09-11 10:58:13
关于为【永川区大安街道民主路75号小区等片区老旧小区改造项目】 公开选取【招标代理，工程建设项目招标代理】机构的公告,https://www.cqggzy.com/trade/014/PNII_5001187339889092609100640?categoryNum=014010001,永川区,采购公告,2026-09-10,重庆市公共资源交易网,2026-09-11 10:58:13
关于【丛林镇2026-2029年度松材线虫病疫木集中除治项目招标代理机构服务】中选结果的公告,https://www.cqggzy.com/trade/014/BRII_5001990093008272609070325?categoryNum=014010002,万盛区,中选公告,2026-09-10,重庆市公共资源交易网,2026-09-11 10:58:15
关于为【长寿经开区八颗-国复 220kV 线路南线新建工程项目环境影响评价报告编制及竣工环境保护验收服务】 公开选取【建设项目环境影响评价】机构的公告,https://www.cqggzy.com/trade/014/PNII_5001157453112682609100668?categoryNum=014010001,长寿区,采购公告,2026-09-10,重庆市公共资源交易网,2026-09-11 10:58:15
关于【土堡社区圣泉高压走廊区域农村公路项目 （一标段）质量监督试验检测 中介服务】中选结果的公告,https://www.cqggzy.com/trade/014/BRII_5001167530951472609030143?categoryNum=014010002,江津区,中选公告,2026-09-10,重庆市公共资源交易网,2026-09-11 10:58:15
关于为【五马归槽水库卧涵管渗漏封堵工程预算编制】 公开选取【工程造价咨询】机构的公告,https://www.cqggzy.com/trade/014/PNII_5001110577965992609100675?categoryNum=014010001,大足区,采购公告,2026-09-10,重庆市公共资源交易网,2026-09-11 10:58:15
关于为【重庆市合川云门中学运动场维修改造工程项目】 公开选取【工程造价咨询】机构的公告,https://www.cqggzy.com/trade/014/PNII_5001174505791952609100646?categoryNum=014010001,合川区,采购公告,2026-09-10,重庆市公共资源交易网,2026-09-11 10:58:15
关于【大足职教中心线上课程资源采购招标代理】中选结果的公告,https://www.cqggzy.com/trade/014/BRII_5001114506683072609030714?categoryNum=014010002,大足区,中选公告,2026-09-10,重庆市公共资源交易网,2026-09-11 10:58:15
关于【万州区李河镇2026年农村公路新改建项目监理】中选结果的公告,https://www.cqggzy.com/trade/014/BRII_5001010086459462609070101?categoryNum=014010002,万州区,中选公告,2026-09-10,重庆市公共资源交易网,2026-09-11 10:58:15
关于【万州区李河镇2026年农村公路安防工程监理】中选结果的公告,https://www.cqggzy.com/trade/014/BRII_5001010086459462609070080?categoryNum=014010002,万州区,中选公告,2026-09-10,重庆市公共资源交易网,2026-09-11 10:58:15
关于【云阳县梅庄、鹿头水库维修养护工程设计】中选结果的公告,https://www.cqggzy.com/trade/014/BRII_500235MAABR36U42609080308?categoryNum=014010002,云阳县,中选公告,2026-09-10,重庆市公共资源交易网,2026-09-11 10:58:15
关于为【江津玉公司视频号直播运营服务项目招标代理】 公开选取【招标代理】机构的公告,https://www.cqggzy.com/trade/014/PNII_500116MADA2NJ392609100545?categoryNum=014010001,江津区,采购公告,2026-09-10,重庆市公共资源交易网,2026-09-11 10:58:15
关于为【重庆平湖金龙电工科技有限公司分布式光伏项目】 公开选取【工程监理】机构的公告,https://www.cqggzy.com/trade/014/PNII_500101MAAC3Q6YX2609100651?categoryNum=014010001,万州区,采购公告,2026-09-10,重庆市公共资源交易网,2026-09-11 10:58:15
关于为【大足区拾万镇石福寺水塘应急工程预算编制】 公开选取【工程造价咨询】机构的公告,https://www.cqggzy.com/trade/014/PNII_5001110577965992609100658?categoryNum=014010001,大足区,采购公告,2026-09-10,重庆市公共资源交易网,2026-09-11 10:58:15
关于为【石柱县马武镇专职消防队建设项目】 公开选取【工程监理】机构的公告,https://www.cqggzy.com/trade/014/PNII_5002407116436942609100553?categoryNum=014010001,石柱县,采购公告,2026-09-10,重庆市公共资源交易网,2026-09-11 10:58:17
关于为【重庆市梁平区仁贤街道仁贤、长龙社区基础设施提升工程】 公开选取【工程造价咨询】机构的公告,https://www.cqggzy.com/trade/014/PNII_5002287339702742609100608?categoryNum=014010001,梁平区,采购公告,2026-09-10,重庆市公共资源交易网,2026-09-11 10:58:17
重庆市南岸区疾病预防控制中心关于职业卫生体检相关试剂耗材供应商遴选公告(第三次),https://www.cqggzy.com/trade/014/1547658355145015296?categoryNum=014011001,市级,交易公告,2026-09-10,重庆市公共资源交易网,2026-09-11 10:58:17
关于为【开州区厚坝、金峰镇等片区供水提升工程 《占用公路安评报告》采购】 公开选取【安全评价】机构的公告,https://www.cqggzy.com/trade/014/PNII_5002347453486342609100696?categoryNum=014010001,开州区,采购公告,2026-09-10,重庆市公共资源交易网,2026-09-11 10:58:17
重庆市旅游学校产教融合基地双电源工程(DDK26B00007)竞争性谈判公告,https://www.cqggzy.com/trade/014/1674139915702808576?categoryNum=014005001,大渡口区,采购公告,2026-09-10,重庆市公共资源交易网,2026-09-11 10:58:17
关于为【涪陵区现状耕地和标注恢复属性图斑细化调查项目招标代理机构采购】 公开选取【招标代理】机构的公告,https://www.cqggzy.com/trade/014/PNII_500102MB19804262609100692?categoryNum=014010001,涪陵区,采购公告,2026-09-10,重庆市公共资源交易网,2026-09-11 10:58:17
关于为【綦江区赶水石房村至双龙保通工程可研评审】 公开选取【工程咨询】机构的公告,https://www.cqggzy.com/trade/014/PNII_5001100093120272609100684?categoryNum=014010001,綦江区,采购公告,2026-09-10,重庆市公共资源交易网,2026-09-11 10:58:17
关于为【铜梁区侣俸镇全域土地综合整治文曲村土地整理项目招标代理服务】 公开选取【招标代理】机构的公告,https://www.cqggzy.com/trade/014/PNII_5002247094824492609100703?categoryNum=014010001,铜梁区,采购公告,2026-09-10,重庆市公共资源交易网,2026-09-11 10:58:17
关于【龚家塘地块安居工程给水管道安装工程】中选结果的公告,https://www.cqggzy.com/trade/014/BRII_500119MA5YY72D02609030111?categoryNum=014010002,南川区,中选公告,2026-09-10,重庆市公共资源交易网,2026-09-11 10:58:17
脊柱微创内镜手术系统等设备(CQS26A02913)中标（成交）结果公告,https://www.cqggzy.com/trade/014/1673393203602305024_1?categoryNum=014005004,市级,采购结果公告,2026-09-10,重庆市公共资源交易网,2026-09-11 10:58:17
关于【某有限公司财务尽调】中选结果的公告,https://www.cqggzy.com/trade/014/BRII_500103MA60WA1142609080563?categoryNum=014010002,渝中区,中选公告,2026-09-10,重庆市公共资源交易网,2026-09-11 10:58:17
关于为【一号地块纵向路工程(K0+000-K0+141.536段)招标代理】 公开选取【招标代理】机构的公告,https://www.cqggzy.com/trade/014/PNII_5001057474772612609100638?categoryNum=014010001,江北区,采购公告,2026-09-10,重庆市公共资源交易网,2026-09-11 10:58:17
关于为【忠县体育中心附属设施提升工程招标代理服务】 公开选取【招标代理】机构的公告,https://www.cqggzy.com/trade/014/PNII_500233MA5UG23Y32609100552?categoryNum=014010001,忠县,采购公告,2026-09-10,重庆市公共资源交易网,2026-09-11 10:58:18
关于为【江津区李市镇洞兴路新建工程建设项目（概算编制）】 公开选取【工程造价咨询】机构的公告,https://www.cqggzy.com/trade/014/PNII_5001167365831732609100698?categoryNum=014010001,江津区,采购公告,2026-09-10,重庆市公共资源交易网,2026-09-11 10:58:18
关于为【2025年暨龙镇回龙村道路建设项目结算审核】 公开选取【工程造价咨询】机构的公告,https://www.cqggzy.com/trade/014/PNII_5002300086897462609100623?categoryNum=014010001,丰都县,采购公告,2026-09-10,重庆市公共资源交易网,2026-09-11 10:58:18
关于为【梁山街道天鼓村桃子湾地质滑坡点排危治险工程选取结算审计单位】 公开选取【工程造价咨询】机构的公告,https://www.cqggzy.com/trade/014/PNII_50022873397104X2609100676?categoryNum=014010001,梁平区,采购公告,2026-09-10,重庆市公共资源交易网,2026-09-11 10:58:18
关于为【关于黔江高新区近零碳园区低碳化改造项目可研审核】 公开选取【工程咨询】机构的公告,https://www.cqggzy.com/trade/014/PNII_500114MB1U522052609100697?categoryNum=014010001,黔江区,采购公告,2026-09-10,重庆市公共资源交易网,2026-09-11 10:58:18
南川区殡仪馆老火化车间改造(NCQ26B00012)中标（成交）结果公告,https://www.cqggzy.com/trade/014/1674137051962060800_1?categoryNum=014005004,南川区,采购结果公告,2026-09-10,重庆市公共资源交易网,2026-09-11 10:58:18
关于为【武隆区白云乡红色村沙坝水库环线公路项目监理单位采购说明】 公开选取【工程监理】机构的公告,https://www.cqggzy.com/trade/014/PNII_5002327842222682609070858?categoryNum=014010001,武隆区,采购公告,2026-09-10,重庆市公共资源交易网,2026-09-11 10:58:18
关于为【江津综保区网内一期2号仓库改造工程设计服务】 公开选取【工程设计】机构的公告,https://www.cqggzy.com/trade/014/PNII_500116MA5YPPLD12609100384?categoryNum=014010001,江津区,采购公告,2026-09-10,重庆市公共资源交易网,2026-09-11 10:58:18
关于为【大渡口区民主党派之家建设工程设计】 公开选取【工程设计】机构的公告,https://www.cqggzy.com/trade/014/PNII_5001040092859972609100663?categoryNum=014010001,大渡口区,采购公告,2026-09-10,重庆市公共资源交易网,2026-09-11 10:58:18
关于为【綦江区公路地质灾害治理工程设计】 公开选取【工程设计，工程勘察】机构的公告,https://www.cqggzy.com/trade/014/PNII_5001107562227462609100485?categoryNum=014010001,綦江区,采购公告,2026-09-10,重庆市公共资源交易网,2026-09-11 10:58:18
关于【重庆市动物园管理处2026年直播代运营服务外包项目】中选结果的公告,https://www.cqggzy.com/trade/014/BRII_500107MA5U76N712608310500?categoryNum=014010002,九龙坡区,中选公告,2026-09-10,重庆市公共资源交易网,2026-09-11 10:58:18
关于【重庆工业职业技术学院南川校区地块内迁改工程】中选结果的公告,https://www.cqggzy.com/trade/014/BRII_5001197592670852609030171?categoryNum=014010002,南川区,中选公告,2026-09-10,重庆市公共资源交易网,2026-09-11 10:58:18
关于【老财政局家属院项目改造方案编制】中选结果的公告,https://www.cqggzy.com/trade/014/BRII_500111MA6013WD12609070703?categoryNum=014010002,大足区,中选公告,2026-09-10,重庆市公共资源交易网,2026-09-11 10:58:19
关于为【垫江县坪山镇登陵村、九龙社区2027年度美丽移民村建设项目】 公开选取【工程设计】机构的公告,https://www.cqggzy.com/trade/014/PNII_5002310086795052609100656?categoryNum=014010001,垫江县,采购公告,2026-09-10,重庆市公共资源交易网,2026-09-11 10:58:19
关于为【染溪路安全通行能力提升工程监理服务】 公开选取【工程监理】机构的公告,https://www.cqggzy.com/trade/014/PNII_50010700929325X2609100678?categoryNum=014010001,九龙坡区,采购公告,2026-09-10,重庆市公共资源交易网,2026-09-11 10:58:19
关于为【南川区城投·鹏程家园建设项目（余量工程）工程一切险】 公开选取【商务服务】机构的公告,https://www.cqggzy.com/trade/014/PNII_500119MA5YY72D02609100577?categoryNum=014010001,南川区,采购公告,2026-09-10,重庆市公共资源交易网,2026-09-11 10:58:19
关于为【铜梁区围龙镇2026年泥结石路硬化项目（龙神村、龙珠村、龙鸣村）-检验检测】 公开选取【检验检测服务】机构的公告,https://www.cqggzy.com/trade/014/PNII_5002247935279522609100604?categoryNum=014010001,铜梁区,采购公告,2026-09-10,重庆市公共资源交易网,2026-09-11 10:58:19
重庆市三峡库心流域国土绿化综合项目（万州区）(WZQ26C00084)采购更正公告,https://www.cqggzy.com/trade/014/1674135550157959168?categoryNum=014005002,万州区,答疑变更,2026-09-10,重庆市公共资源交易网,2026-09-11 10:58:19
关于为【涪陵区崇义街道高山湾3组原配气站 左侧边坡排危降险工程跟踪审计项目采购】 公开选取【工程造价咨询】机构的公告,https://www.cqggzy.com/trade/014/PNII_500102MB19804262609100683?categoryNum=014010001,涪陵区,采购公告,2026-09-10,重庆市公共资源交易网,2026-09-11 10:58:19
关于为【重庆市北碚区2027年一体化推进水土保持工程测绘】 公开选取【测绘】机构的公告,https://www.cqggzy.com/trade/014/PNII_500109MABUKK3P12609100659?categoryNum=014010001,北碚区,采购公告,2026-09-10,重庆市公共资源交易网,2026-09-11 10:58:19
关于为【丰都县2026年森林可持续经营项目】 公开选取【招标代理】机构的公告,https://www.cqggzy.com/trade/014/PNII_5002306710306812609100637?categoryNum=014010001,丰都县,采购公告,2026-09-10,重庆市公共资源交易网,2026-09-11 10:58:19
关于为【人民法庭薄弱基础建设整修项目结算审核服务】 公开选取【工程造价咨询】机构的公告,https://www.cqggzy.com/trade/014/PNII_5002405699283992609100593?categoryNum=014010001,石柱县,采购公告,2026-09-10,重庆市公共资源交易网,2026-09-11 10:58:19
关于为【两江新区水土街道涉农项目地灾评估】 公开选取【地质灾害防治】机构的公告,https://www.cqggzy.com/trade/014/PNII_500198MB0B1893X2609100529?categoryNum=014010001,两江新区,采购公告,2026-09-10,重庆市公共资源交易网,2026-09-11 10:58:19
关于为【渝西国际开放枢纽新城首开区规划环境影响评价服务】 公开选取【建设项目环境影响评价】机构的公告,https://www.cqggzy.com/trade/014/PNII_500118MB083788X2609100642?categoryNum=014010001,永川区,采购公告,2026-09-10,重庆市公共资源交易网,2026-09-11 10:58:19
关于【重庆南川区金佛山东坡乡村振兴项目（一期）道路改造工程】中选结果的公告,https://www.cqggzy.com/trade/014/BRII_500119MA6071GJ62609030219?categoryNum=014010002,南川区,中选公告,2026-09-10,重庆市公共资源交易网,2026-09-11 10:58:21
关于为【黔江区2025年“四好农村路”建设项目白土乡凉洞村1组赵家河至金塘村联网路拓宽工程】 公开选取【工程造价咨询】机构的公告,https://www.cqggzy.com/trade/014/PNII_5001147784550732609100587?categoryNum=014010001,黔江区,采购公告,2026-09-10,重庆市公共资源交易网,2026-09-11 10:58:21
关于【江津区白沙镇官道三岔路至罗湾坝加宽工程质量监督试验检测中介服务】中选结果的公告,https://www.cqggzy.com/trade/014/BRII_5001167530951472609030226?categoryNum=014010002,江津区,中选公告,2026-09-10,重庆市公共资源交易网,2026-09-11 10:58:21
关于为【永川区大安街道第二轮土地承包到期后再延长30年试点工作技术服务采购】 公开选取【测绘】机构的公告,https://www.cqggzy.com/trade/014/PNII_5001187339889092609100643?categoryNum=014010001,永川区,采购公告,2026-09-10,重庆市公共资源交易网,2026-09-11 10:58:21
关于为【开州区江里及浦里片区城镇污水管网新建及改建工程《占用公路安评报告》采购】 公开选取【安全评价】机构的公告,https://www.cqggzy.com/trade/014/PNII_5002347453486342609100671?categoryNum=014010001,开州区,采购公告,2026-09-10,重庆市公共资源交易网,2026-09-11 10:58:21
关于【荣昌区濑溪河回龙寺桥下堰生态泄放闸改造工程结算审核】中选结果的公告,https://www.cqggzy.com/trade/014/BRII_500226MA60UTE262609070638?categoryNum=014010002,荣昌区,中选公告,2026-09-10,重庆市公共资源交易网,2026-09-11 10:58:21
关于为【三江老旧城区市政管网改造更新项目（二标段）】 公开选取【测绘】机构的公告,https://www.cqggzy.com/trade/014/PNII_5001107659185932609100504?categoryNum=014010001,綦江区,采购公告,2026-09-10,重庆市公共资源交易网,2026-09-11 10:58:21
关于为【重庆市铜梁区工业企业用能监控建设项目需求调查单位采购】 公开选取【招标代理】机构的公告,https://www.cqggzy.com/trade/014/PNII_5002244506297622609090158?categoryNum=014010001,铜梁区,采购公告,2026-09-10,重庆市公共资源交易网,2026-09-11 10:58:21
关于为【重庆市铜梁区关闭矿井涌水环境风险管控方案编制】 公开选取【管理和决策咨询】机构的公告,https://www.cqggzy.com/trade/014/PNII_5002244506297622609090785?categoryNum=014010001,铜梁区,采购公告,2026-09-10,重庆市公共资源交易网,2026-09-11 10:58:21
关于为【蔡家组团F标准分区F11-1/06、F12-1/05地块开发计划】 公开选取【工程咨询】机构的公告,https://www.cqggzy.com/trade/014/PNII_5001097784554792609100542?categoryNum=014010001,北碚区,采购公告,2026-09-10,重庆市公共资源交易网,2026-09-11 10:58:21
关于为【2026年度江津区帽水洞等4座水库除险加固工程。】 公开选取【建设工程质量检测】机构的公告,https://www.cqggzy.com/trade/014/PNII_5001167094880662609100628?categoryNum=014010001,江津区,采购公告,2026-09-10,重庆市公共资源交易网,2026-09-11 10:58:21
北京师范大学重庆科学城实验学校2026年家具采购(GXQ26A00104)中标（成交）结果公告,https://www.cqggzy.com/trade/014/1674083464636575744_1?categoryNum=014005004,高新区,采购结果公告,2026-09-10,重庆市公共资源交易网,2026-09-11 10:58:21
关于为【全区2025年一般农户、2026年既有房屋安全隐患检测评估项目】 公开选取【检验检测服务】机构的公告,https://www.cqggzy.com/trade/014/PNII_5002344517822672609100588?categoryNum=014010001,开州区,采购公告,2026-09-10,重庆市公共资源交易网,2026-09-11 10:58:23
关于为【永川区2026年酸化耕地治理重点县建设项目物资采购】 公开选取【招标代理】机构的公告,https://www.cqggzy.com/trade/014/PNII_5001187453312852609100670?categoryNum=014010001,永川区,采购公告,2026-09-10,重庆市公共资源交易网,2026-09-11 10:58:23
关于【万州经开区新田园废污循环利用及无害化处理设施建设工程】中选结果的公告,https://www.cqggzy.com/trade/014/BRII_5001017842280102609040483?categoryNum=014010002,万州区,中选公告,2026-09-10,重庆市公共资源交易网,2026-09-11 10:58:23
关于【沿溪镇沿溪河山洪沟弃渣场土地勘测定界服务】中选结果的公告,https://www.cqggzy.com/trade/014/BRII_5002406862374822609070623?categoryNum=014010002,石柱县,中选公告,2026-09-10,重庆市公共资源交易网,2026-09-11 10:58:23
关于为【《万州江南新区组团Ⅲ管理单元控制性详细规划》ⅢA02-01/03等地块（动步公园）局部修改咨询采购】 公开选取【城乡规划编制】机构的公告,https://www.cqggzy.com/trade/014/PNII_5001017428906042609100609?categoryNum=014010001,万州区,采购公告,2026-09-10,重庆市公共资源交易网,2026-09-11 10:58:23
沙坪坝区 回龙坝镇 42.15亩 园地 出租,https://www.cqggzy.com/trade/014/cclexm31105?categoryNum=014014001002,沙坪坝区,交易信息,2026-09-10,重庆市公共资源交易网,2026-09-11 10:58:23
沙坪坝区 回龙坝镇 37.756亩 耕地 出租,https://www.cqggzy.com/trade/014/cclexm31106?categoryNum=014014001002,沙坪坝区,交易信息,2026-09-10,重庆市公共资源交易网,2026-09-11 10:58:23
关于为【悦崃人民法庭过渡用房整修项目结算审核服务】 公开选取【工程造价咨询】机构的公告,https://www.cqggzy.com/trade/014/PNII_5002405699283992609100602?categoryNum=014010001,石柱县,采购公告,2026-09-10,重庆市公共资源交易网,2026-09-11 10:58:23
关于为【涪陵区某工程项目结算评审】 公开选取【工程造价咨询】机构的公告,https://www.cqggzy.com/trade/014/PNII_5001026608816242609100664?categoryNum=014010001,涪陵区,采购公告,2026-09-10,重庆市公共资源交易网,2026-09-11 10:58:23
关于为【重庆市璧山中医院院内零星项目结算审核服务】 公开选取【工程造价咨询】机构的公告,https://www.cqggzy.com/trade/014/PNII_5002274506974312609100582?categoryNum=014010001,璧山区,采购公告,2026-09-10,重庆市公共资源交易网,2026-09-11 10:58:23
关于为【《万州江南新区组团Ⅱ管理单元控制性详细规划》ⅡD05-06/02等地块（樱花渡公园）局部修改咨询采购】 公开选取【城乡规划编制】机构的公告,https://www.cqggzy.com/trade/014/PNII_5001017428906042609100594?categoryNum=014010001,万州区,采购公告,2026-09-10,重庆市公共资源交易网,2026-09-11 10:58:23
关于为【东部片区农村水环境及供水设施保障能力提升工程-大石水厂主管道改造工程造价审核单位采购】 公开选取【工程造价咨询】机构的公告,https://www.cqggzy.com/trade/014/PNII_500231MA5UK2G852609100665?categoryNum=014010001,垫江县,采购公告,2026-09-10,重庆市公共资源交易网,2026-09-11 10:58:23
关于为【重庆市荣昌区双河中心幼儿园中庭廊道及楼道梯步改造等校舍维修项目结算审核】 公开选取【工程造价咨询】机构的公告,https://www.cqggzy.com/trade/014/PNII_500226MB1C035622609100589?categoryNum=014010001,荣昌区,采购公告,2026-09-10,重庆市公共资源交易网,2026-09-11 10:58:25
关于为【万州经开区基础设施及配套用房完善工程之高峰园污水处理厂管网整修】 公开选取【工程造价咨询】机构的公告,https://www.cqggzy.com/trade/014/PNII_5001017842280102609100570?categoryNum=014010001,万州区,采购公告,2026-09-10,重庆市公共资源交易网,2026-09-11 10:58:25
关于为【油溪镇圣中水库移民后期扶持人口核定登记技术咨询】 公开选取【工程咨询】机构的公告,https://www.cqggzy.com/trade/014/PNII_5001167626950132609100339?categoryNum=014010001,江津区,采购公告,2026-09-10,重庆市公共资源交易网,2026-09-11 10:58:25
关于为【重庆市沙坪坝区军休干部服务活动用房 功能改造项目施工图设计需求说明】 公开选取【工程设计】机构的公告,https://www.cqggzy.com/trade/014/PNII_5001066786668182609100580?categoryNum=014010001,沙坪坝区,采购公告,2026-09-10,重庆市公共资源交易网,2026-09-11 10:58:25
关于为【2026年万足镇廖家村污水治理工程项目】 公开选取【工程监理】机构的公告,https://www.cqggzy.com/trade/014/PNII_5002430091537242609100585?categoryNum=014010001,彭水县,采购公告,2026-09-10,重庆市公共资源交易网,2026-09-11 10:58:25
关于为【普通手术室改造项目】 公开选取【招标代理】机构的公告,https://www.cqggzy.com/trade/014/PNII_50023445178262X2609100497?categoryNum=014010001,开州区,采购公告,2026-09-10,重庆市公共资源交易网,2026-09-11 10:58:25
关于为【荣昌区2026年“四好农村路”项目（河中村入院路）；荣昌区2026年“四好农村路”项目（分水社区入院路）；荣昌区2026年“四好农村路”项目（塔水村入院路）；荣昌区2026年“四好农村路”项目（竹林村入院路）】 公开选取【招标代理】机构的公告,https://www.cqggzy.com/trade/014/PNII_5002260093421892609100648?categoryNum=014010001,荣昌区,采购公告,2026-09-10,重庆市公共资源交易网,2026-09-11 10:58:25
关于为【兴义镇泥巴溪村红色退役军人示范 服务站提质升级项目工程预算审核】 公开选取【工程造价咨询】机构的公告,https://www.cqggzy.com/trade/014/PNII_500230MB16029192609100527?categoryNum=014010001,丰都县,采购公告,2026-09-10,重庆市公共资源交易网,2026-09-11 10:58:25
关于为【重庆市巫溪县农村规模化供水及饮水质量提升项目（南部片区）（一期）招标代理】 公开选取【工程建设项目招标代理】机构的公告,https://www.cqggzy.com/trade/014/PNII_5002380736763942609100574?categoryNum=014010001,巫溪县,采购公告,2026-09-10,重庆市公共资源交易网,2026-09-11 10:58:25
关于为【某维修项目运动场地材料检测技术服务供应商采购（第二次）】 公开选取【检验检测服务，建设工程质量检测】机构的公告,https://www.cqggzy.com/trade/014/PNII_5001072031250652609100565?categoryNum=014010001,九龙坡区,采购公告,2026-09-10,重庆市公共资源交易网,2026-09-11 10:58:25
重庆市荣昌永荣中学校实验室采购项目（第三次）(RCQ26A00446)询价公告,https://www.cqggzy.com/trade/014/1674139750828912640?categoryNum=014005001,荣昌区,采购公告,2026-09-10,重庆市公共资源交易网,2026-09-11 10:58:25
关于【重庆市开州区职业教育中心网络信息安全产教融合实践中心设施设备采购设计服务】中选结果的公告,https://www.cqggzy.com/trade/014/BRII_5002347339637872609070581?categoryNum=014010002,开州区,中选公告,2026-09-10,重庆市公共资源交易网,2026-09-11 10:58:25
关于为【渭沱镇金山村农民新村旁危岩应急处置项目】 公开选取【工程勘察】机构的公告,https://www.cqggzy.com/trade/014/PNII_5001170093267602609100572?categoryNum=014010001,合川区,采购公告,2026-09-10,重庆市公共资源交易网,2026-09-11 10:58:27
关于【酉阳县龙潭镇渤海小学校扩容建设项目雷电防护装置检测技术服务】中选结果的公告,https://www.cqggzy.com/trade/014/BRII_5002426814721172609070428?categoryNum=014010002,酉阳县,中选公告,2026-09-10,重庆市公共资源交易网,2026-09-11 10:58:27
关于【丛林镇美丽宜居示范镇沿街房屋立面安全改造提升项目（三期）】中选结果的公告,https://www.cqggzy.com/trade/014/BRII_5001990093008272608310539?categoryNum=014010002,万盛区,中选公告,2026-09-10,重庆市公共资源交易网,2026-09-11 10:58:27
关于为【渝中区大坪正街与石油路交叉路口、南区路加油站段等道路安全隐患整治工程】 公开选取【工程造价咨询】机构的公告,https://www.cqggzy.com/trade/014/PNII_500103MB11495952609100551?categoryNum=014010001,渝中区,采购公告,2026-09-10,重庆市公共资源交易网,2026-09-11 10:58:27
关于为【丰都县栗子乡毛应游屋前道路开裂下沉整治项目监理服务】 公开选取【工程监理】机构的公告,https://www.cqggzy.com/trade/014/PNII_5002300086897622609100556?categoryNum=014010001,丰都县,采购公告,2026-09-10,重庆市公共资源交易网,2026-09-11 10:58:27
关于为【渝中区大坪正街与石油路交叉路口、南区路加油站段等道路安全隐患整治工程】 公开选取【工程设计】机构的公告,https://www.cqggzy.com/trade/014/PNII_500103MB11495952609100540?categoryNum=014010001,渝中区,采购公告,2026-09-10,重庆市公共资源交易网,2026-09-11 10:58:27
关于为【东部片区农村水环境及供水设施保障 能力提升工程-大石水厂主管道改造工程施工图审查单位采购】 公开选取【施工图设计文件审查】机构的公告,https://www.cqggzy.com/trade/014/PNII_500231MA5UK2G852609100655?categoryNum=014010001,垫江县,采购公告,2026-09-10,重庆市公共资源交易网,2026-09-11 10:58:27
关于为【歇马街道农村公路水毁维修整治项目 预算编制采购】 公开选取【工程造价咨询】机构的公告,https://www.cqggzy.com/trade/014/PNII_5001090092988432609100650?categoryNum=014010001,北碚区,采购公告,2026-09-10,重庆市公共资源交易网,2026-09-11 10:58:27
关于【大足职教中心校园绿化养护服务招标代理】中选结果的公告,https://www.cqggzy.com/trade/014/BRII_5001114506683072609030727?categoryNum=014010002,大足区,中选公告,2026-09-10,重庆市公共资源交易网,2026-09-11 10:58:27
关于【万州区2023年丘陵山区高标准农田改造提升示范项目（太安镇天锋片区、分水镇黄泥凼片区）结算复核服务单位采购】中选结果的公告,https://www.cqggzy.com/trade/014/BRII_500101MB16574772609080036?categoryNum=014010002,万州区,中选公告,2026-09-10,重庆市公共资源交易网,2026-09-11 10:58:27
重庆市合川区人民医院心电监护仪与麻醉机采购（第三次）(HCQ26A00168)中标（成交）结果公告,https://www.cqggzy.com/trade/014/1674060704296251392_1?categoryNum=014005004,合川区,采购结果公告,2026-09-10,重庆市公共资源交易网,2026-09-11 10:58:27
巴南区村镇供水工程运行药品购置项目(第四次)(BNQ26A00098)中标（成交）结果公告,https://www.cqggzy.com/trade/014/1673735837504024576_1?categoryNum=014005004,巴南区,采购结果公告,2026-09-10,重庆市公共资源交易网,2026-09-11 10:58:27
关于为【重庆市巫山县2026年度三峡库区地质灾害治理工程后期维护项目招标代理机构采购】 公开选取【招标代理】机构的公告,https://www.cqggzy.com/trade/014/PNII_5002377748746412609100526?categoryNum=014010001,巫山县,采购公告,2026-09-10,重庆市公共资源交易网,2026-09-11 10:58:29
关于【万盛经开区2025年农村供水保障易旱区域抗旱工程（金桥片区）结算审计】中选结果的公告,https://www.cqggzy.com/trade/014/BRII_5001997935016992609040278?categoryNum=014010002,万盛区,中选公告,2026-09-10,重庆市公共资源交易网,2026-09-11 10:58:29
关于【重庆市长寿区2026年和美乡村建设项目施工招标代理】中选结果的公告,https://www.cqggzy.com/trade/014/BRII_500115MA5U74U112609010422?categoryNum=014010002,长寿区,中选公告,2026-09-10,重庆市公共资源交易网,2026-09-11 10:58:29
关于【忠县磨子乡美丽乡村建设项目】中选结果的公告,https://www.cqggzy.com/trade/014/BRII_5002337474995672609070184?categoryNum=014010002,忠县,中选公告,2026-09-10,重庆市公共资源交易网,2026-09-11 10:58:29
关于【梁平高新区新材料孵化园及配套设施建设项目-电气工程招标代理】中选结果的公告,https://www.cqggzy.com/trade/014/BRII_5002285979556182609070686?categoryNum=014010002,梁平区,中选公告,2026-09-10,重庆市公共资源交易网,2026-09-11 10:58:29
关于【黔江区校舍单通道整治项目工程监理服务】中选结果的公告,https://www.cqggzy.com/trade/014/BRII_5001144529919252609070029?categoryNum=014010002,黔江区,中选公告,2026-09-10,重庆市公共资源交易网,2026-09-11 10:58:29
关于【云阳县3户集团企业任期审计】中选结果的公告,https://www.cqggzy.com/trade/014/BRII_50023567865741X2609040662?categoryNum=014010002,云阳县,中选公告,2026-09-10,重庆市公共资源交易网,2026-09-11 10:58:29
关于为【丰都县栗子乡毛应游屋前道路开裂下沉整治项目招标代理服务】 公开选取【工程建设项目招标代理】机构的公告,https://www.cqggzy.com/trade/014/PNII_5002300086897622609100548?categoryNum=014010001,丰都县,采购公告,2026-09-10,重庆市公共资源交易网,2026-09-11 10:58:29
关于为【太安镇平安法治阵地建设项目】 公开选取【工程造价咨询】机构的公告,https://www.cqggzy.com/trade/014/PNII_50022300933260X2609100644?categoryNum=014010001,潼南区,采购公告,2026-09-10,重庆市公共资源交易网,2026-09-11 10:58:29
关于为【彭水自治县绍庆片区2025年老旧小区配套基础设施改造项目(一期公厕部分)施工】 公开选取【工程建设项目招标代理】机构的公告,https://www.cqggzy.com/trade/014/PNII_500243MAABPYMN22609100613?categoryNum=014010001,彭水县,采购公告,2026-09-10,重庆市公共资源交易网,2026-09-11 10:58:29
关于为【云阳县2026年农作物秸秆综合利用提升项目】 公开选取【施工图设计文件审查】机构的公告,https://www.cqggzy.com/trade/014/PNII_5002353395587402609100520?categoryNum=014010001,云阳县,采购公告,2026-09-10,重庆市公共资源交易网,2026-09-11 10:58:29
关于为【开州区公建民营养老机构设备更新项目（消防应急设施设备更新部分）造价咨询】 公开选取【工程造价咨询】机构的公告,https://www.cqggzy.com/trade/014/PNII_5002340086462872609100624?categoryNum=014010001,开州区,采购公告,2026-09-10,重庆市公共资源交易网,2026-09-11 10:58:29
关于【重庆市涪陵第五中学校校舍排危工程（屋面部分）预算审核服务采购】中选结果的公告,https://www.cqggzy.com/trade/014/BRII_5001024519513902609030531?categoryNum=014010002,涪陵区,中选公告,2026-09-10,重庆市公共资源交易网,2026-09-11 10:58:30
关于【江津区笋溪河流域先锋段水环境综合治理工程污水处理厂（污水管网（超3m）、一体化泵站）深基坑监测】中选结果的公告,https://www.cqggzy.com/trade/014/BRII_5001167626989942608180837?categoryNum=014010002,江津区,中选公告,2026-09-10,重庆市公共资源交易网,2026-09-11 10:58:30
关于【开州区天和镇银峰村集中供水工程水资源论证报告书】中选结果的公告,https://www.cqggzy.com/trade/014/BRII_5002340086477572608240806?categoryNum=014010002,开州区,中选公告,2026-09-10,重庆市公共资源交易网,2026-09-11 10:58:30
关于【万州经开区高峰园姜家片区配套设施工程--姜家片区连接道工程二期】中选结果的公告,https://www.cqggzy.com/trade/014/BRII_5001017688900552609040539?categoryNum=014010002,万州区,中选公告,2026-09-10,重庆市公共资源交易网,2026-09-11 10:58:30
关于【忠县磨子湖生态修复暨产业高质量发展项目】中选结果的公告,https://www.cqggzy.com/trade/014/BRII_5002337474995672609070161?categoryNum=014010002,忠县,中选公告,2026-09-10,重庆市公共资源交易网,2026-09-11 10:58:30
关于为【开州区汉河水库溢洪道整治工程实施方案编制】 公开选取【工程设计】机构的公告,https://www.cqggzy.com/trade/014/PNII_500234MB1A963732609100634?categoryNum=014010001,开州区,采购公告,2026-09-10,重庆市公共资源交易网,2026-09-11 10:58:30
关于为【车辆报废评估】 公开选取【资产评估】机构的公告,https://www.cqggzy.com/trade/014/PNII_5002300086897462609100419?categoryNum=014010001,丰都县,采购公告,2026-09-10,重庆市公共资源交易网,2026-09-11 10:58:30
关于为【人和街道、大竹林街道、天宫殿街道 水晶郦城片区城市运维服务面积测量】 公开选取【测绘】机构的公告,https://www.cqggzy.com/trade/014/PNII_500198MB0X890332609090539?categoryNum=014010001,两江新区,采购公告,2026-09-10,重庆市公共资源交易网,2026-09-11 10:58:30
市检察院二分院边坡治理高压电线杆迁改项目(CQS26C02411)中标（成交）结果公告,https://www.cqggzy.com/trade/014/1674135512010764288_1?categoryNum=014005004,市级,采购结果公告,2026-09-10,重庆市公共资源交易网,2026-09-11 10:58:30
关于为【2026年度江津区帽水洞等4座水库除险加固工程。】 公开选取【工程造价咨询】机构的公告,https://www.cqggzy.com/trade/014/PNII_5001167094880662609100619?categoryNum=014010001,江津区,采购公告,2026-09-10,重庆市公共资源交易网,2026-09-11 10:58:30
关于为【两江新区水土街道涉农项目生态环境评估】 公开选取【建设项目环境影响评价】机构的公告,https://www.cqggzy.com/trade/014/PNII_500198MB0B1893X2609100578?categoryNum=014010001,两江新区,采购公告,2026-09-10,重庆市公共资源交易网,2026-09-11 10:58:30
关于为【2026年度江津区帽水洞等4座水库除险加固工程。】 公开选取【工程监理】机构的公告,https://www.cqggzy.com/trade/014/PNII_5001167094880662609100605?categoryNum=014010001,江津区,采购公告,2026-09-10,重庆市公共资源交易网,2026-09-11 10:58:30
关于为【大足石刻研学基地改造工程监理】 公开选取【工程监理】机构的公告,https://www.cqggzy.com/trade/014/PNII_500111MA6054NF52609100635?categoryNum=014010001,大足区,采购公告,2026-09-10,重庆市公共资源交易网,2026-09-11 10:58:33
市检察院二分院边坡治理高压电线杆迁改项目(CQS26C02411)中标（成交）结果公告,https://www.cqggzy.com/trade/014/1673842725994409984_1?categoryNum=014005004,市级,采购结果公告,2026-09-10,重庆市公共资源交易网,2026-09-11 10:58:33
关于为【大足石刻研学基地改造工程跟审】 公开选取【工程造价咨询】机构的公告,https://www.cqggzy.com/trade/014/PNII_500111MA6054NF52609100531?categoryNum=014010001,大足区,采购公告,2026-09-10,重庆市公共资源交易网,2026-09-11 10:58:33
关于为【巫溪县天星乡集镇地质灾害综合治理工程项目监理单位采购】 公开选取【地质灾害防治】机构的公告,https://www.cqggzy.com/trade/014/PNII_5002385567616492609100525?categoryNum=014010001,巫溪县,采购公告,2026-09-10,重庆市公共资源交易网,2026-09-11 10:58:33
2026年江津区20座小型水库大坝安全评价项目(JJQ26C00067)竞争性磋商公告,https://www.cqggzy.com/trade/014/1674134601158930432?categoryNum=014005001,江津区,采购公告,2026-09-10,重庆市公共资源交易网,2026-09-11 10:58:33
关于【梁平非遗展厅展陈及智慧空间项目(预算编制)】中选结果的公告,https://www.cqggzy.com/trade/014/BRII_500228MB19586162609030256?categoryNum=014010002,梁平区,中选公告,2026-09-10,重庆市公共资源交易网,2026-09-11 10:58:33
关于为【大足区城乡生活垃圾分类与治理方案（2026-2030）编制服务采购说明】 公开选取【工程咨询】机构的公告,https://www.cqggzy.com/trade/014/PNII_5001110093483292609100490?categoryNum=014010001,大足区,采购公告,2026-09-10,重庆市公共资源交易网,2026-09-11 10:58:33
荣昌区城市书院家具采购(RCQ26A00619)采购更正公告,https://www.cqggzy.com/trade/014/1674133509218021376?categoryNum=014005002,荣昌区,答疑变更,2026-09-10,重庆市公共资源交易网,2026-09-11 10:58:33
关于为【重庆市梁平区精神卫生中心HIS系统升级改造服务项目技术论证服务】 公开选取【信息咨询和技术服务】机构的公告,https://www.cqggzy.com/trade/014/PNII_500228MB0P291482609100595?categoryNum=014010001,梁平区,采购公告,2026-09-10,重庆市公共资源交易网,2026-09-11 10:58:33
关于为【铜梁区围龙镇2026年泥结石路硬化项目（龙神村、龙珠村、龙鸣村）-结算审核】 公开选取【工程造价咨询】机构的公告,https://www.cqggzy.com/trade/014/PNII_5002247935279522609100612?categoryNum=014010001,铜梁区,采购公告,2026-09-10,重庆市公共资源交易网,2026-09-11 10:58:33
关于为【松材线虫病疫木集中除治清理工作（资产评估）服务采购说明】 公开选取【资产评估】机构的公告,https://www.cqggzy.com/trade/014/PNII_50023668147944X2609100591?categoryNum=014010001,奉节县,采购公告,2026-09-10,重庆市公共资源交易网,2026-09-11 10:58:33
关于为【黔江区2025年“四好农村路”建设项目白土乡社区6组大弯至猴子坡垭口公路拓宽工程】 公开选取【工程造价咨询】机构的公告,https://www.cqggzy.com/trade/014/PNII_5001147784550732609100599?categoryNum=014010001,黔江区,采购公告,2026-09-10,重庆市公共资源交易网,2026-09-11 10:58:33
关于【云阳县实施城镇规划建设项目林地可研报告编制】中选结果的公告,https://www.cqggzy.com/trade/014/BRII_5002357453487572609070126?categoryNum=014010002,云阳县,中选公告,2026-09-10,重庆市公共资源交易网,2026-09-11 10:58:35
关于【合川区钱塘镇采购第三方单位技术服务】中选结果的公告,https://www.cqggzy.com/trade/014/BRII_5001170093270502608310362?categoryNum=014010002,合川区,中选公告,2026-09-10,重庆市公共资源交易网,2026-09-11 10:58:35
关于【忠县2026年补充耕地质量鉴定项目服务采购】中选结果的公告,https://www.cqggzy.com/trade/014/BRII_500233MB1L291032609030392?categoryNum=014010002,忠县,中选公告,2026-09-10,重庆市公共资源交易网,2026-09-11 10:58:35
关于【秦巴山区（重庆巫溪）生物多样性保护与可持续利用项目】中选结果的公告,https://www.cqggzy.com/trade/014/BRII_5002387562254532609070261?categoryNum=014010002,巫溪县,中选公告,2026-09-10,重庆市公共资源交易网,2026-09-11 10:58:35
关于【渝西国际开放枢纽新城首开区 高标准农田补建专业技术机构服务】中选结果的公告,https://www.cqggzy.com/trade/014/BRII_500118MB083788X2609040607?categoryNum=014010002,永川区,中选公告,2026-09-10,重庆市公共资源交易网,2026-09-11 10:58:35
关于【永川区三教镇2027年农村道路及灌溉管网基础设施建设以工代赈项目可研编制服务】中选结果的公告,https://www.cqggzy.com/trade/014/BRII_5001180093381392609030575?categoryNum=014010002,永川区,中选公告,2026-09-10,重庆市公共资源交易网,2026-09-11 10:58:35
关于为【巫溪县梅溪河流域综合治理工程招标代理】 公开选取【工程建设项目招标代理】机构的公告,https://www.cqggzy.com/trade/014/PNII_5002380736763942609100592?categoryNum=014010001,巫溪县,采购公告,2026-09-10,重庆市公共资源交易网,2026-09-11 10:58:35
关于【大足职教中心三驱淘宝集市街非遗匠心传承馆设计】中选结果的公告,https://www.cqggzy.com/trade/014/BRII_5001114506683072609070619?categoryNum=014010002,大足区,中选公告,2026-09-10,重庆市公共资源交易网,2026-09-11 10:58:35
关于为【五通乡集镇迁建工程】 公开选取【水土保持方案编制】机构的公告,https://www.cqggzy.com/trade/014/PNII_500234MA60PBEG42609100576?categoryNum=014010001,开州区,采购公告,2026-09-10,重庆市公共资源交易网,2026-09-11 10:58:35
关于为【巫溪县凤凰片区污水管网建设项目地形图测量单位采购】 公开选取【测绘】机构的公告,https://www.cqggzy.com/trade/014/PNII_500238MAACDUEH72609100559?categoryNum=014010001,巫溪县,采购公告,2026-09-10,重庆市公共资源交易网,2026-09-11 10:58:35
关于【金洞乡2026年入户路（村社便道）硬化项目】中选结果的公告,https://www.cqggzy.com/trade/014/BRII_5001140091438332609070696?categoryNum=014010002,黔江区,中选公告,2026-09-10,重庆市公共资源交易网,2026-09-11 10:58:35
打印机、电脑耗材更换及维修服务(NAQ26C00188)竞争性磋商公告,https://www.cqggzy.com/trade/014/1674129985713254400?categoryNum=014005001,南岸区,采购公告,2026-09-10,重庆市公共资源交易网,2026-09-11 10:58:35
关于为【晏中路车行道及人行道安全整治工程结算审核服务】 公开选取【工程造价咨询】机构的公告,https://www.cqggzy.com/trade/014/PNII_5001154504814622609100581?categoryNum=014010001,长寿区,采购公告,2026-09-10,重庆市公共资源交易网,2026-09-11 10:58:37
重庆市大足区人民检察院办公设备购置(CQS26A03456)中标（成交）结果公告,https://www.cqggzy.com/trade/014/1673749323978158080_1?categoryNum=014005004,市级,采购结果公告,2026-09-10,重庆市公共资源交易网,2026-09-11 10:58:37
关于为【黔江区太极镇新陆村道路扩宽路油化项目等2个工程可研报告评估】 公开选取【工程咨询】机构的公告,https://www.cqggzy.com/trade/014/PNII_5001140091301512609100568?categoryNum=014010001,黔江区,采购公告,2026-09-10,重庆市公共资源交易网,2026-09-11 10:58:37
关于为【万州经开区基础设施及配套用房完善工程之光电园M1地块附1号钢结构厂房整修】 公开选取【工程造价咨询】机构的公告,https://www.cqggzy.com/trade/014/PNII_5001017842280102609100583?categoryNum=014010001,万州区,采购公告,2026-09-10,重庆市公共资源交易网,2026-09-11 10:58:37
关于为【2026年武隆区庙垭乡油菜产业链农文旅融合项目】 公开选取【工程造价咨询】机构的公告,https://www.cqggzy.com/trade/014/PNII_5002320086915982609100566?categoryNum=014010001,武隆区,采购公告,2026-09-10,重庆市公共资源交易网,2026-09-11 10:58:37
关于【2026年非公开可续期公司债券承销招标代理公司】中选结果的公告,https://www.cqggzy.com/trade/014/BRII_5001157428958272608250634?categoryNum=014010002,长寿区,中选公告,2026-09-10,重庆市公共资源交易网,2026-09-11 10:58:37
关于【忠县2026年补充耕地质量鉴定项目土壤检测服务采购】中选结果的公告,https://www.cqggzy.com/trade/014/BRII_500233MB1L291032609030398?categoryNum=014010002,忠县,中选公告,2026-09-10,重庆市公共资源交易网,2026-09-11 10:58:37
关于【急诊科抢救电梯安装预算编制服务采购】中选结果的公告,https://www.cqggzy.com/trade/014/BRII_50023445178262X2609040024?categoryNum=014010002,开州区,中选公告,2026-09-10,重庆市公共资源交易网,2026-09-11 10:58:37
关于为【长寿运输桥国控水质监测站搬迁建设（站房建设）项目工程结算服务】 公开选取【工程造价咨询】机构的公告,https://www.cqggzy.com/trade/014/PNII_500115MB15517792609100544?categoryNum=014010001,长寿区,采购公告,2026-09-10,重庆市公共资源交易网,2026-09-11 10:58:37
关于为【2026年武隆区庙垭乡油菜产业链农文旅融合项目】 公开选取【招标代理】机构的公告,https://www.cqggzy.com/trade/014/PNII_5002320086915982609100557?categoryNum=014010001,武隆区,采购公告,2026-09-10,重庆市公共资源交易网,2026-09-11 10:58:37
关于【巫溪县马镇坝配售型保障性住房建设项目（水土保持方案编制、水土保持监测）】中选结果的公告,https://www.cqggzy.com/trade/014/BRII_500238MACW45UG52609070260?categoryNum=014010002,巫溪县,中选公告,2026-09-10,重庆市公共资源交易网,2026-09-11 10:58:37
关于【云阳县实施城镇规划建设项目国土空间规划审查方案编制】中选结果的公告,https://www.cqggzy.com/trade/014/BRII_5002357453487572609070182?categoryNum=014010002,云阳县,中选公告,2026-09-10,重庆市公共资源交易网,2026-09-11 10:58:37
关于为【1、万州区云玺台壳牌加油站周边地块临时堆场建设；2、万州经开区基础设施建设项目二期天子园公租房1-10号楼屋面维修工程；3、万州经开区基础设施及配套用房工程之天子园公租房北侧道路整修硬化；4、万州经开区还房整改工程之长龙家园雨水管网整修】 公开选取【工程造价咨询】机构的公告,https://www.cqggzy.com/trade/014/PNII_5001017842280102609100539?categoryNum=014010001,万州区,采购公告,2026-09-10,重庆市公共资源交易网,2026-09-11 10:58:38
关于为【石柱黄水康养酒店消防专项整改项目】 公开选取【工程造价咨询】机构的公告,https://www.cqggzy.com/trade/014/PNII_500240MA5U7YX712609100550?categoryNum=014010001,石柱县,采购公告,2026-09-10,重庆市公共资源交易网,2026-09-11 10:58:38
关于【2026年丁坝村、檬茨社区基础设施建设项目】中选结果的公告,https://www.cqggzy.com/trade/014/BRII_5002230093322552608310681?categoryNum=014010002,潼南区,中选公告,2026-09-10,重庆市公共资源交易网,2026-09-11 10:58:38
关于为【利丰·澜庭名苑项目正式配电工程监理】 公开选取【工程监理】机构的公告,https://www.cqggzy.com/trade/014/PNII_5002326992814232609100536?categoryNum=014010001,武隆区,采购公告,2026-09-10,重庆市公共资源交易网,2026-09-11 10:58:38
关于为【重庆市渝北区2024年高标准农田结余资金建设项目（招标代理）】 公开选取【工程建设项目招标代理】机构的公告,https://www.cqggzy.com/trade/014/PNII_500198MB0B185772609100171?categoryNum=014010001,两江新区,采购公告,2026-09-10,重庆市公共资源交易网,2026-09-11 10:58:38
关于为【2026年栗子乡栗子大米产业园配套设施项目监理服务】 公开选取【工程监理】机构的公告,https://www.cqggzy.com/trade/014/PNII_5002300086897622609100451?categoryNum=014010001,丰都县,采购公告,2026-09-10,重庆市公共资源交易网,2026-09-11 10:58:38
关于为【双河街道大石堡社区二组朱学章屋后边坡等四处地灾隐患点工程治理设计、预算服务】 公开选取【工程造价咨询，工程设计】机构的公告,https://www.cqggzy.com/trade/014/PNII_5002260093427522609100534?categoryNum=014010001,荣昌区,采购公告,2026-09-10,重庆市公共资源交易网,2026-09-11 10:58:38
重庆图书馆玻璃幕墙漏水维修项目(CQS26B00117)采购更正公告（二）,https://www.cqggzy.com/trade/014/1674128654655074304?categoryNum=014005002,市级,答疑变更,2026-09-10,重庆市公共资源交易网,2026-09-11 10:58:38
关于为【2026年任家镇龙翔村湾嘴至蒙子树角道路硬化项目】 公开选取【工程造价咨询】机构的公告,https://www.cqggzy.com/trade/014/PNII_50023370945304X2609100533?categoryNum=014010001,忠县,采购公告,2026-09-10,重庆市公共资源交易网,2026-09-11 10:58:38
关于为【嘉滨路渝海能加油站围墙排危拆除工程】 公开选取【工程造价咨询】机构的公告,https://www.cqggzy.com/trade/014/PNII_500103MB11495952609100521?categoryNum=014010001,渝中区,采购公告,2026-09-10,重庆市公共资源交易网,2026-09-11 10:58:38
关于为【起重机厂地块土壤污染排查】 公开选取【污染场地评估咨询与治理修复】机构的公告,https://www.cqggzy.com/trade/014/PNII_5001077428661102609100440?categoryNum=014010001,九龙坡区,采购公告,2026-09-10,重庆市公共资源交易网,2026-09-11 10:58:38
关于为【云阳县国土空间总体规划2026年度动态维护规划地灾评估工作，《重庆市云阳县国土空间总体规划用地地质灾害危险性评估报告》】 公开选取【地质灾害防治】机构的公告,https://www.cqggzy.com/trade/014/PNII_5002357428675192609100421?categoryNum=014010001,云阳县,采购公告,2026-09-10,重庆市公共资源交易网,2026-09-11 10:58:38
关于【万州区熊家镇2026年农村公路安防工程（第二批）建设委托结算审核的采购】中选结果的公告,https://www.cqggzy.com/trade/014/BRII_50010100864584X2609030323?categoryNum=014010002,万州区,中选公告,2026-09-10,重庆市公共资源交易网,2026-09-11 10:58:39
关于【合规管理及财务咨询服务采购】中选结果的公告,https://www.cqggzy.com/trade/014/BRII_5002350598897802609070646?categoryNum=014010002,云阳县,中选公告,2026-09-10,重庆市公共资源交易网,2026-09-11 10:58:39
生态环境监测自动设备项目(HCQ26A00605)中标（成交）结果公告,https://www.cqggzy.com/trade/014/1674127643278356480_1?categoryNum=014005004,合川区,采购结果公告,2026-09-10,重庆市公共资源交易网,2026-09-11 10:58:39
关于为【重庆市巫溪县金鱼水库工程大坝安全评价咨询服务】 公开选取【工程咨询】机构的公告,https://www.cqggzy.com/trade/014/PNII_5002383586948602609100502?categoryNum=014010001,巫溪县,采购公告,2026-09-10,重庆市公共资源交易网,2026-09-11 10:58:39
关于为【北山景区夜游系统提升预算编制】 公开选取【工程造价咨询】机构的公告,https://www.cqggzy.com/trade/014/PNII_500111MA6054NF52609100503?categoryNum=014010001,大足区,采购公告,2026-09-10,重庆市公共资源交易网,2026-09-11 10:58:39
关于为【永川区南方怡苑保障性住房装饰装修项目设计服务】 公开选取【工程设计】机构的公告,https://www.cqggzy.com/trade/014/PNII_500118MB18483962609100463?categoryNum=014010001,永川区,采购公告,2026-09-10,重庆市公共资源交易网,2026-09-11 10:58:39
首届巴渝大美乡村营建季活动(GXQ26C00238)中标（成交）结果公告,https://www.cqggzy.com/trade/014/1673808251285975040_1?categoryNum=014005004,高新区,采购结果公告,2026-09-10,重庆市公共资源交易网,2026-09-11 10:58:39
网络准入（金凤院区）(CQS26C01768)结果公告,https://www.cqggzy.com/trade/014/1674108313123729408?categoryNum=014005004,市级,采购结果公告,2026-09-10,重庆市公共资源交易网,2026-09-11 10:58:39
关于【重庆市开州区实验中学消防管网等排危整改项目 招标代理服务】中选结果的公告,https://www.cqggzy.com/trade/014/BRII_5002347784582582607220801?categoryNum=014010002,开州区,中选公告,2026-09-10,重庆市公共资源交易网,2026-09-11 10:58:39
关于【重庆市万州区陈家坝街道办事处 “城区夜市摊区增设防撞设施项目”结算审核服务】中选结果的公告,https://www.cqggzy.com/trade/014/BRII_5001010086407662609010220?categoryNum=014010002,万州区,中选公告,2026-09-10,重庆市公共资源交易网,2026-09-11 10:58:39
关于为【2026年渝中区机动车排气监测服务项目二期】 公开选取【检验检测服务】机构的公告,https://www.cqggzy.com/trade/014/PNII_500103MB19590452609100514?categoryNum=014010001,渝中区,采购公告,2026-09-10,重庆市公共资源交易网,2026-09-11 10:58:39
关于为【蔡家组团B、F分区平场项目（一期）概算编制和可研编制】 公开选取【工程咨询】机构的公告,https://www.cqggzy.com/trade/014/PNII_5001097784554792609100518?categoryNum=014010001,北碚区,采购公告,2026-09-10,重庆市公共资源交易网,2026-09-11 10:58:39
关于为【渝中区大坪正街与石油路交叉路口、南区路加油站段等道路安全隐患整治工程】 公开选取【工程造价咨询】机构的公告,https://www.cqggzy.com/trade/014/PNII_500103MB11495952609100558?categoryNum=014010001,渝中区,采购公告,2026-09-10,重庆市公共资源交易网,2026-09-11 10:58:41
关于为【2026年栗子乡栗子大米产业园配套设施项目招标代理服务】 公开选取【工程建设项目招标代理】机构的公告,https://www.cqggzy.com/trade/014/PNII_5002300086897622609100443?categoryNum=014010001,丰都县,采购公告,2026-09-10,重庆市公共资源交易网,2026-09-11 10:58:41
重庆市碳排放权交易2026年9月10日成交信息,https://www.cqggzy.com/trade/014/ac3037be-1565-4a53-b5fd-61d01e92fefe?categoryNum=014006004,市级,成交信息,2026-09-10,重庆市公共资源交易网,2026-09-11 10:58:41
关于为【2026年任家镇老鹳村基础设施建设项目】 公开选取【工程造价咨询】机构的公告,https://www.cqggzy.com/trade/014/PNII_50023370945304X2609100119?categoryNum=014010001,忠县,采购公告,2026-09-10,重庆市公共资源交易网,2026-09-11 10:58:41
关于为【重庆市綦江区中医院通惠院区急救部功能布局改造（放射设备配套实施及改造安装）施工阶段工程造价全过程控制服务】 公开选取【工程造价咨询】机构的公告,https://www.cqggzy.com/trade/014/PNII_5001104505167172609100512?categoryNum=014010001,綦江区,采购公告,2026-09-10,重庆市公共资源交易网,2026-09-11 10:58:41
关于【云阳县水口镇黑湾西至长冲村电力管网工程、云阳县水口镇虾子梁至檬子梁电力管网工程、云阳县水口镇长冲垭口至大包梁电力管网工程结算复核服务】中选结果的公告,https://www.cqggzy.com/trade/014/BRII_5002357958611532609020705?categoryNum=014010002,云阳县,中选公告,2026-09-10,重庆市公共资源交易网,2026-09-11 10:58:41
关于【“秀山县天雄锰业有限公司尾矿库风险隐患治理项目”现状安全评价服务】中选结果的公告,https://www.cqggzy.com/trade/014/BRII_500241MAAC4BTG32609030525?categoryNum=014010002,秀山县,中选公告,2026-09-10,重庆市公共资源交易网,2026-09-11 10:58:41
关于【重庆市铜梁区平滩河流域综合治理工程】中选结果的公告,https://www.cqggzy.com/trade/014/BRII_5002240577936622609070350?categoryNum=014010002,铜梁区,中选公告,2026-09-10,重庆市公共资源交易网,2026-09-11 10:58:41
关于【忠县国道G348K1040+223-K1050+066安全提升工程】中选结果的公告,https://www.cqggzy.com/trade/014/BRII_5002336608927292609070301?categoryNum=014010002,忠县,中选公告,2026-09-10,重庆市公共资源交易网,2026-09-11 10:58:41
关于【重庆市綦南给排水有限公司债券审计服务】中选结果的公告,https://www.cqggzy.com/trade/014/BRII_50011005779637X2609070296?categoryNum=014010002,綦江区,中选公告,2026-09-10,重庆市公共资源交易网,2026-09-11 10:58:41
关于【沙坪坝区招商引资宣传片拍摄制作服务】中选结果的公告,https://www.cqggzy.com/trade/014/BRII_5001060092906142608280418?categoryNum=014010002,沙坪坝区,中选公告,2026-09-10,重庆市公共资源交易网,2026-09-11 10:58:41
关于为【大路街道3处国有资产房测及地测服务】 公开选取【测绘】机构的公告,https://www.cqggzy.com/trade/014/PNII_5002270093456462609100523?categoryNum=014010001,璧山区,采购公告,2026-09-10,重庆市公共资源交易网,2026-09-11 10:58:41
关于为【北山景区夜游系统提升施工招标代理】 公开选取【工程建设项目招标代理】机构的公告,https://www.cqggzy.com/trade/014/PNII_500111MA6054NF52609100515?categoryNum=014010001,大足区,采购公告,2026-09-10,重庆市公共资源交易网,2026-09-11 10:58:43
关于为【鱼滨路二期（K0+000-K0+337）概算评审】 公开选取【工程造价咨询】机构的公告,https://www.cqggzy.com/trade/014/PNII_500198MB0B190942609100501?categoryNum=014010001,两江新区,采购公告,2026-09-10,重庆市公共资源交易网,2026-09-11 10:58:43
巫溪县2026年通城镇食品加工设备采购及数智冷链仓建设项目(WXX26A00220)公开招标公告,https://www.cqggzy.com/trade/014/1674063862720409600?categoryNum=014005001,巫溪县,采购公告,2026-09-10,重庆市公共资源交易网,2026-09-11 10:58:43
垫江县中医院污水处理站全托管运营服务采购项目(DJX26C00028)竞争性谈判公告,https://www.cqggzy.com/trade/014/1674123909940948992?categoryNum=014005001,垫江县,采购公告,2026-09-10,重庆市公共资源交易网,2026-09-11 10:58:43
2026年璧山区中小河流水文监测系统运行维护服务项目（第二次）(BSQ26C00249)竞争性谈判公告,https://www.cqggzy.com/trade/014/1674122495965573120?categoryNum=014005001,璧山区,采购公告,2026-09-10,重庆市公共资源交易网,2026-09-11 10:58:43
关于【北山中学楠轩楼改造工程】中选结果的公告,https://www.cqggzy.com/trade/014/BRII_5001184506417022609040420?categoryNum=014010002,永川区,中选公告,2026-09-10,重庆市公共资源交易网,2026-09-11 10:58:43
关于【中峰镇桥上—湾头公路通畅工程招标代理】中选结果的公告,https://www.cqggzy.com/trade/014/BRII_5001100093134922609070469?categoryNum=014010002,綦江区,中选公告,2026-09-10,重庆市公共资源交易网,2026-09-11 10:58:43
关于为【开州区城镇污水处理厂扩容改造及系统效能提升项目勘察设计招标代理】 公开选取【招标代理】机构的公告,https://www.cqggzy.com/trade/014/PNII_5002347453486342609100446?categoryNum=014010001,开州区,采购公告,2026-09-10,重庆市公共资源交易网,2026-09-11 10:58:43
关于【北碚区状元小学食堂二楼消防通风系统改造项目】中选结果的公告,https://www.cqggzy.com/trade/014/BRII_5001090682787972609080470?categoryNum=014010002,北碚区,中选公告,2026-09-10,重庆市公共资源交易网,2026-09-11 10:58:43
关于【双福街道福城家园B区室外消防管网改造项目】中选结果的公告,https://www.cqggzy.com/trade/014/BRII_5001167094679352609040659?categoryNum=014010002,江津区,中选公告,2026-09-10,重庆市公共资源交易网,2026-09-11 10:58:43
关于为【板溪综合物流市场一期司机公寓1-2层商铺单相电改三相电项目招标代理公司采购】 公开选取【招标代理】机构的公告,https://www.cqggzy.com/trade/014/PNII_5002420564781692609100482?categoryNum=014010001,酉阳县,采购公告,2026-09-10,重庆市公共资源交易网,2026-09-11 10:58:43
重庆市铜梁区公安局战训基地物业服务(TLQ26C00042)中标（成交）结果公告,https://www.cqggzy.com/trade/014/1674123251602993152_1?categoryNum=014005004,铜梁区,采购结果公告,2026-09-10,重庆市公共资源交易网,2026-09-11 10:58:43
关于为【江津区鹅公溪流域水环境综合治理工程洪水影响性评价报告编制服务】 公开选取【洪水影响评价】机构的公告,https://www.cqggzy.com/trade/014/PNII_5001167094493072609100287?categoryNum=014010001,江津区,采购公告,2026-09-10,重庆市公共资源交易网,2026-09-11 10:58:44
关于为【龙水镇高坡村5组ZJ03-2601地块压覆重要矿产资源评估报告编制】 公开选取【地质灾害防治】机构的公告,https://www.cqggzy.com/trade/014/PNII_5001117365742422609090277?categoryNum=014010001,大足区,采购公告,2026-09-10,重庆市公共资源交易网,2026-09-11 10:58:44
关于为【北山景区夜游系统提升施工图审查】 公开选取【施工图设计文件审查】机构的公告,https://www.cqggzy.com/trade/014/PNII_500111MA6054NF52609100493?categoryNum=014010001,大足区,采购公告,2026-09-10,重庆市公共资源交易网,2026-09-11 10:58:44
重庆市看守所（南岸区迎龙镇）房屋维修项目(CQS26B00098)竞争性谈判公告,https://www.cqggzy.com/trade/014/1674118062963732480?categoryNum=014005001,市级,采购公告,2026-09-10,重庆市公共资源交易网,2026-09-11 10:58:44
关于【三峡水库蓄退水库岸地质安全与运行管理数据分类共享地方标准建设项目】中选结果的公告,https://www.cqggzy.com/trade/014/BRII_5001122028322782609070568?categoryNum=014010002,渝北区,中选公告,2026-09-10,重庆市公共资源交易网,2026-09-11 10:58:44
关于为【云阳县多集合生态农业发展有限公司、云阳县合兴社有资产管理有限公司财务收支审计】 公开选取【会计师事务所服务】机构的公告,https://www.cqggzy.com/trade/014/PNII_500235MAABR36U42609100456?categoryNum=014010001,云阳县,采购公告,2026-09-10,重庆市公共资源交易网,2026-09-11 10:58:44
关于【三峡库区高切坡防护工程（维护与应急）地方标准建设项目】中选结果的公告,https://www.cqggzy.com/trade/014/BRII_5001122028322782609010074?categoryNum=014010002,渝北区,中选公告,2026-09-10,重庆市公共资源交易网,2026-09-11 10:58:44
关于为【大坪监狱围墙加固维修项目监理服务】 公开选取【工程监理】机构的公告,https://www.cqggzy.com/trade/014/PNII_500103G717216372609100537?categoryNum=014010001,渝中区,采购公告,2026-09-10,重庆市公共资源交易网,2026-09-11 10:58:44
2026年地方金融组织现场检查中介服务(CQS26C02325)竞争性磋商公告,https://www.cqggzy.com/trade/014/1674122922190745600?categoryNum=014005001,市级,采购公告,2026-09-10,重庆市公共资源交易网,2026-09-11 10:58:44
关于为【合川区南滨路小学一楼走廊文化墙建设项目 结算审核】 公开选取【工程造价咨询】机构的公告,https://www.cqggzy.com/trade/014/PNII_5001175814602582609100475?categoryNum=014010001,合川区,采购公告,2026-09-10,重庆市公共资源交易网,2026-09-11 10:58:44
庆隆镇场镇环境综合整治项目(TLQ26B00012)中标（成交）结果公告,https://www.cqggzy.com/trade/014/1674122647778406400_1?categoryNum=014005004,铜梁区,采购结果公告,2026-09-10,重庆市公共资源交易网,2026-09-11 10:58:44
关于为【乌江画廊旅游集散中心】 公开选取【城乡规划编制】机构的公告,https://www.cqggzy.com/trade/014/PNII_5002435771613432609100492?categoryNum=014010001,彭水县,采购公告,2026-09-10,重庆市公共资源交易网,2026-09-11 10:58:44
关于为【涪陵龙头港物流园区拆迁安置房工程财务决算】 公开选取【会计师事务所服务】机构的公告,https://www.cqggzy.com/trade/014/PNII_5001027339790332609100430?categoryNum=014010001,涪陵区,采购公告,2026-09-10,重庆市公共资源交易网,2026-09-11 10:58:46
关于【万州经开区龙宝河印盒石拦河坝坝体安全鉴定】中选结果的公告,https://www.cqggzy.com/trade/014/BRII_5001017842280102609070112?categoryNum=014010002,万州区,中选公告,2026-09-10,重庆市公共资源交易网,2026-09-11 10:58:46
关于【万顺镇东风村2026年农村公益事业建设项目（设计服务）采购说明】中选结果的公告,https://www.cqggzy.com/trade/014/BRII_5001150093048792609010504?categoryNum=014010002,长寿区,中选公告,2026-09-10,重庆市公共资源交易网,2026-09-11 10:58:46
关于【2026-416#某管线迁改工程（预算）】中选结果的公告,https://www.cqggzy.com/trade/014/BRII_5002236814909052609070246?categoryNum=014010002,潼南区,中选公告,2026-09-10,重庆市公共资源交易网,2026-09-11 10:58:46
2026-2028年城市绿地市场化养护八标段（第三次）(BSQ26C00234)公开招标公告,https://www.cqggzy.com/trade/014/1674121330213302272?categoryNum=014005001,璧山区,采购公告,2026-09-10,重庆市公共资源交易网,2026-09-11 10:58:46
关于【2026-415#某市政建设项目（预算）】中选结果的公告,https://www.cqggzy.com/trade/014/BRII_5002236814909052609070217?categoryNum=014010002,潼南区,中选公告,2026-09-10,重庆市公共资源交易网,2026-09-11 10:58:46
关于为【重庆宏畅交通发展集团有限公司无人机编队表演技术服务项目】 公开选取【招标代理】机构的公告,https://www.cqggzy.com/trade/014/PNII_500234MA5UA2XF62609100455?categoryNum=014010001,开州区,采购公告,2026-09-10,重庆市公共资源交易网,2026-09-11 10:58:46
关于为【重庆市荣昌区职业教育中心心理咨询室设施设备项目招标代理采购】 公开选取【招标代理】机构的公告,https://www.cqggzy.com/trade/014/PNII_5002264506786362609100487?categoryNum=014010001,荣昌区,采购公告,2026-09-10,重庆市公共资源交易网,2026-09-11 10:58:46
关于【2026-413#医用仪器设备采购项目（预算）】中选结果的公告,https://www.cqggzy.com/trade/014/BRII_5002236814909052609070205?categoryNum=014010002,潼南区,中选公告,2026-09-10,重庆市公共资源交易网,2026-09-11 10:58:46
关于为【对双桥经开区592栋城镇房屋进行技术排查】 公开选取【工程监理】机构的公告,https://www.cqggzy.com/trade/014/PNII_5001115889163772609100483?categoryNum=014010001,大足区,采购公告,2026-09-10,重庆市公共资源交易网,2026-09-11 10:58:46
关于【2026-412#某农业示范基地水利项目（预算）】中选结果的公告,https://www.cqggzy.com/trade/014/BRII_5002236814909052609070225?categoryNum=014010002,潼南区,中选公告,2026-09-10,重庆市公共资源交易网,2026-09-11 10:58:46
关于为【临江河临江小学段护岸整治工程审计服务】 公开选取【工程造价咨询】机构的公告,https://www.cqggzy.com/trade/014/PNII_5001187784670662609100458?categoryNum=014010001,永川区,采购公告,2026-09-10,重庆市公共资源交易网,2026-09-11 10:58:46
关于【2026-410#某公路提升工程（预算）】中选结果的公告,https://www.cqggzy.com/trade/014/BRII_5002236814909052609070196?categoryNum=014010002,潼南区,中选公告,2026-09-10,重庆市公共资源交易网,2026-09-11 10:58:48
关于为【白马山石林公园建设项目预算审核采购说明】 公开选取【工程造价咨询】机构的公告,https://www.cqggzy.com/trade/014/PNII_500232MA60DFA892609100469?categoryNum=014010001,武隆区,采购公告,2026-09-10,重庆市公共资源交易网,2026-09-11 10:58:48
关于【江津区S549线龙华互通至农庆村段公路改扩建工程质量监督试验检测】中选结果的公告,https://www.cqggzy.com/trade/014/BRII_5001167530951472609030534?categoryNum=014010002,江津区,中选公告,2026-09-10,重庆市公共资源交易网,2026-09-11 10:58:48
关于【重庆市涪陵区2026年矿业权人勘查开采信息公示 实地核查（分片子项2）采购项目】中选结果的公告,https://www.cqggzy.com/trade/014/BRII_500102MB19804262609030703?categoryNum=014010002,涪陵区,中选公告,2026-09-10,重庆市公共资源交易网,2026-09-11 10:58:48
关于【重庆市涪陵区2026年矿业权人勘查开采信息公示实地核查（分片子项1）采购项目】中选结果的公告,https://www.cqggzy.com/trade/014/BRII_500102MB19804262609030684?categoryNum=014010002,涪陵区,中选公告,2026-09-10,重庆市公共资源交易网,2026-09-11 10:58:48
关于【涪陵区百胜镇回龙村王家湾水泥用灰岩矿 矿业权评估采购项目】中选结果的公告,https://www.cqggzy.com/trade/014/BRII_500102MB19804262609070693?categoryNum=014010002,涪陵区,中选公告,2026-09-10,重庆市公共资源交易网,2026-09-11 10:58:48
关于为【2026融景西培项目中秋国庆音乐会活动执行服务采购需求书】 公开选取【商务服务】机构的公告,https://www.cqggzy.com/trade/014/PNII_5001056710438292609100459?categoryNum=014010001,江北区,采购公告,2026-09-10,重庆市公共资源交易网,2026-09-11 10:58:48
关于【荣昌区濑溪河流域重要支流(珠溪河、渔箭河)上游入河排污口整治项目(河包镇废水处理工程)监理】中选结果的公告,https://www.cqggzy.com/trade/014/BRII_5002260661650432609040660?categoryNum=014010002,荣昌区,中选公告,2026-09-10,重庆市公共资源交易网,2026-09-11 10:58:48
关于为【渠口等乡镇农村饮水质量提升项目水土保持报告编制】 公开选取【水土保持方案编制】机构的公告,https://www.cqggzy.com/trade/014/PNII_5002347453486342609100509?categoryNum=014010001,开州区,采购公告,2026-09-10,重庆市公共资源交易网,2026-09-11 10:58:48
大足区道路交通事故车辆鉴定服务采购(DZQ26C00098)采购更正公告,https://www.cqggzy.com/trade/014/1674121168225087488?categoryNum=014005002,大足区,答疑变更,2026-09-10,重庆市公共资源交易网,2026-09-11 10:58:48
关于为【石柱县城市市政维修项目清单采购项目预算审核编制】 公开选取【工程造价咨询】机构的公告,https://www.cqggzy.com/trade/014/PNII_5002400091358412609100439?categoryNum=014010001,石柱县,采购公告,2026-09-10,重庆市公共资源交易网,2026-09-11 10:58:48
沧州市运河区朝阳路财苑小区1#楼1-601房产,https://www.cqggzy.com/trade/014/O198924?categoryNum=014013002,市外,司法拍卖,2026-09-10,重庆市公共资源交易网,2026-09-11 10:58:48
关于为【双庆保障性租赁住房人才公寓采购项目预算编制服务】 公开选取【工程造价咨询】机构的公告,https://www.cqggzy.com/trade/014/PNII_5002400091358412609100381?categoryNum=014010001,石柱县,采购公告,2026-09-10,重庆市公共资源交易网,2026-09-11 10:58:49
关于为【万州区牌楼街道迁建小区安全隐患整治工程(预算审核)】 公开选取【工程造价咨询】机构的公告,https://www.cqggzy.com/trade/014/PNII_50010173397403X2609100417?categoryNum=014010001,万州区,采购公告,2026-09-10,重庆市公共资源交易网,2026-09-11 10:58:49
关于为【2023年包鸾镇粮食烘干房建设项目财务决算审计服务】 公开选取【会计师事务所服务】机构的公告,https://www.cqggzy.com/trade/014/PNII_5002300086896582609100513?categoryNum=014010001,丰都县,采购公告,2026-09-10,重庆市公共资源交易网,2026-09-11 10:58:49
关于为【关于开州区江里片区污水处理厂建设工程、开州区南部片区污水处理厂建设工程等4个项目勘察设计招标代理】 公开选取【招标代理】机构的公告,https://www.cqggzy.com/trade/014/PNII_5002347453486342609100473?categoryNum=014010001,开州区,采购公告,2026-09-10,重庆市公共资源交易网,2026-09-11 10:58:49
关于为【长江流域永川段入河排污口整治及规范化建设项目施工阶段全过程跟踪审计服务】 公开选取【工程造价咨询】机构的公告,https://www.cqggzy.com/trade/014/PNII_5001180093367662609100474?categoryNum=014010001,永川区,采购公告,2026-09-10,重庆市公共资源交易网,2026-09-11 10:58:49
关于为【北山景区夜游系统提升预算审核】 公开选取【工程造价咨询】机构的公告,https://www.cqggzy.com/trade/014/PNII_500111MA6054NF52609100510?categoryNum=014010001,大足区,采购公告,2026-09-10,重庆市公共资源交易网,2026-09-11 10:58:49
关于为【 丰都县2027年度国有建设用地供应计划编制项目】 公开选取【土地估价，资产评估，房地产估价，土地规划】机构的公告,https://www.cqggzy.com/trade/014/PNII_500230MB19803542609100461?categoryNum=014010001,丰都县,采购公告,2026-09-10,重庆市公共资源交易网,2026-09-11 10:58:49
关于为【白马山石林公园建设项目预算编制采购说明】 公开选取【工程造价咨询】机构的公告,https://www.cqggzy.com/trade/014/PNII_500232MA60DFA892609100466?categoryNum=014010001,武隆区,采购公告,2026-09-10,重庆市公共资源交易网,2026-09-11 10:58:49
关于为【重庆市开州区麻柳乡苏家坡危岩 排危降险项目调查设计】 公开选取【地质灾害防治】机构的公告,https://www.cqggzy.com/trade/014/PNII_5002347339802102609100414?categoryNum=014010001,开州区,采购公告,2026-09-10,重庆市公共资源交易网,2026-09-11 10:58:49
关于为【长江流域永川段朱沱镇、松溉镇污水处理厂再生水循环利用项目平行检测及竣工验收检测服务】 公开选取【建设工程质量检测】机构的公告,https://www.cqggzy.com/trade/014/PNII_5001180093367662609100438?categoryNum=014010001,永川区,采购公告,2026-09-10,重庆市公共资源交易网,2026-09-11 10:58:49
沙坪坝区D08单元02街区Ae6-4-1/05地块国有建设用地使用权招拍挂出让成交公示,https://www.cqggzy.com/trade/014/17872841709347384154-DEAL?categoryNum=014004004,市级,成交公告,2026-09-10,重庆市公共资源交易网,2026-09-11 10:58:49
关于【新生街道钟坝村寨坡秦玉连房子背后—秦永兴房屋处通畅工程预算审核】中选结果的公告,https://www.cqggzy.com/trade/014/BRII_5002337093219602608180434?categoryNum=014010002,忠县,中选公告,2026-09-10,重庆市公共资源交易网,2026-09-11 10:58:49
关于【北广场西侧进站分流道一期工程可研评审】中选结果的公告,https://www.cqggzy.com/trade/014/BRII_500198MB0B190942608310264?categoryNum=014010002,两江新区,中选公告,2026-09-10,重庆市公共资源交易网,2026-09-11 10:58:51
关于【重庆市铜梁区小安溪流域综合治理工程】中选结果的公告,https://www.cqggzy.com/trade/014/BRII_5002240577936622609070331?categoryNum=014010002,铜梁区,中选公告,2026-09-10,重庆市公共资源交易网,2026-09-11 10:58:51
关于【平滩镇机关大楼维修项目结算审核编制采购】中选结果的公告,https://www.cqggzy.com/trade/014/BRII_5002244504323102609070266?categoryNum=014010002,铜梁区,中选公告,2026-09-10,重庆市公共资源交易网,2026-09-11 10:58:51
关于为【对巫山县巫峡镇、双龙镇、龙门街道等片区供水安全提升工程可研进行咨询评估】 公开选取【工程咨询】机构的公告,https://www.cqggzy.com/trade/014/PNII_50023770943747X2609100452?categoryNum=014010001,巫山县,采购公告,2026-09-10,重庆市公共资源交易网,2026-09-11 10:58:51
沙坪坝区D07单元02街区I68-01/05地块国有建设用地使用权招拍挂出让成交公示,https://www.cqggzy.com/trade/014/17872839962522259075-DEAL?categoryNum=014004004,市级,成交公告,2026-09-10,重庆市公共资源交易网,2026-09-11 10:58:51
关于为【黔江火车站片区老旧小区改造配套基础设施项目（三期）工程总承包（外业见证）】 公开选取【工程勘察】机构的公告,https://www.cqggzy.com/trade/014/PNII_500114MAABP8AQX2609100445?categoryNum=014010001,黔江区,采购公告,2026-09-10,重庆市公共资源交易网,2026-09-11 10:58:51
关于为【十直镇龙头村党群服务中心整修项目设计服务说明】 公开选取【工程设计】机构的公告,https://www.cqggzy.com/trade/014/PNII_5002307116254372609100412?categoryNum=014010001,丰都县,采购公告,2026-09-10,重庆市公共资源交易网,2026-09-11 10:58:51
关于为【两江新区木耳镇2026年“四好农村路”建设工程（金刚支线、学堂支线）】 公开选取【工程造价咨询】机构的公告,https://www.cqggzy.com/trade/014/PNII_500198MB0B183822609100432?categoryNum=014010001,两江新区,采购公告,2026-09-10,重庆市公共资源交易网,2026-09-11 10:58:51
关于为【重庆雅院礼嘉服务公寓酒店项目可行性研究报告编制服务】 公开选取【管理和决策咨询】机构的公告,https://www.cqggzy.com/trade/014/PNII_500198MA5U62C402609030494?categoryNum=014010001,两江新区,采购公告,2026-09-10,重庆市公共资源交易网,2026-09-11 10:58:51
2026-2028年度松材线虫防控项目(CSQ26C00455)竞争性磋商公告,https://www.cqggzy.com/trade/014/1674119416176226304?categoryNum=014005001,长寿区,采购公告,2026-09-10,重庆市公共资源交易网,2026-09-11 10:58:51
关于为【太和卫生院安全隐患整改工程类采购项目】 公开选取【工程造价咨询】机构的公告,https://www.cqggzy.com/trade/014/PNII_500236MB1M388442609100495?categoryNum=014010001,奉节县,采购公告,2026-09-10,重庆市公共资源交易网,2026-09-11 10:58:51
关于为【2025年东城五个片区老旧小区改造项目工程质量检测评估服务】 公开选取【建设工程质量检测】机构的公告,https://www.cqggzy.com/trade/014/PNII_500119MAAC3HBJ42609100479?categoryNum=014010001,南川区,采购公告,2026-09-10,重庆市公共资源交易网,2026-09-11 10:58:51
荣昌区人民医院救护车（第二次）(RCQ26A00602)询价公告,https://www.cqggzy.com/trade/014/1674118795125633024?categoryNum=014005001,荣昌区,采购公告,2026-09-10,重庆市公共资源交易网,2026-09-11 10:58:53
关于【江北片区C、D级危房改造项目（二期）-郭家沱街道危房改造整治工程勘察审查技术服务】中选结果的公告,https://www.cqggzy.com/trade/014/BRII_5001057474772612608070377?categoryNum=014010002,江北区,中选公告,2026-09-10,重庆市公共资源交易网,2026-09-11 10:58:53
关于【江北片区C、D级危房改造项目（二期）-郭家沱街道危房改造整治工程施工图设计文件审查技术服务】中选结果的公告,https://www.cqggzy.com/trade/014/BRII_5001057474772612608070681?categoryNum=014010002,江北区,中选公告,2026-09-10,重庆市公共资源交易网,2026-09-11 10:58:53
关于【福德考场充电桩加装变压器项目】中选结果的公告,https://www.cqggzy.com/trade/014/BRII_500228MADH1FTL92609030033?categoryNum=014010002,梁平区,中选公告,2026-09-10,重庆市公共资源交易网,2026-09-11 10:58:53
关于【美源美源9层2、3单元改造项目，美源美源9层4、5单元改造项目--施工招标代理】中选结果的公告,https://www.cqggzy.com/trade/014/BRII_500103MA60WA1142609040658?categoryNum=014010002,渝中区,中选公告,2026-09-10,重庆市公共资源交易网,2026-09-11 10:58:53
关于【不锈钢冷轧及深加工项目（一期）建筑规划放线、控制测量、规划公示牌制作、建筑基础竣工测量】中选结果的公告,https://www.cqggzy.com/trade/014/BRII_500102MAK51BH442609070487?categoryNum=014010002,涪陵区,中选公告,2026-09-10,重庆市公共资源交易网,2026-09-11 10:58:53
关于【重庆医科大学附属第一医院第一分院改扩建二期工程水土保持监测+监理服务采购】中选结果的公告,https://www.cqggzy.com/trade/014/BRII_50010345042613X2609070842?categoryNum=014010002,渝中区,中选公告,2026-09-10,重庆市公共资源交易网,2026-09-11 10:58:53
关于为【恒大翡翠湾支路可研评审】 公开选取【工程咨询】机构的公告,https://www.cqggzy.com/trade/014/PNII_500198MB0B190942609100481?categoryNum=014010001,两江新区,采购公告,2026-09-10,重庆市公共资源交易网,2026-09-11 10:58:53
关于为【丰都县十直镇莲花村2027年特色旅居村榨菜产业基础设施以工代赈项目可研编制服务单位采购】 公开选取【工程设计】机构的公告,https://www.cqggzy.com/trade/014/PNII_5002307116254372609100429?categoryNum=014010001,丰都县,采购公告,2026-09-10,重庆市公共资源交易网,2026-09-11 10:58:53
关于为【石柱县万安街道2025年度森林修复项目】 公开选取【工程造价咨询】机构的公告,https://www.cqggzy.com/trade/014/PNII_50024035870167X2609100431?categoryNum=014010001,石柱县,采购公告,2026-09-10,重庆市公共资源交易网,2026-09-11 10:58:53
关于为【巫溪县物流园区至通城片区乡村振兴提升工程（仓储物流中心）概预算编制 比选代理】 公开选取【招标代理】机构的公告,https://www.cqggzy.com/trade/014/PNII_5002386862291592609100226?categoryNum=014010001,巫溪县,采购公告,2026-09-10,重庆市公共资源交易网,2026-09-11 10:58:53
关于为【铜梁区侣俸镇2026年森林消防水箱建设项目林业调整规划设计服务】 公开选取【林业调查规划设计】机构的公告,https://www.cqggzy.com/trade/014/PNII_5002247094824492609100397?categoryNum=014010001,铜梁区,采购公告,2026-09-10,重庆市公共资源交易网,2026-09-11 10:58:53
关于为【界石小学变压器安装工程结算服务】 公开选取【工程造价咨询】机构的公告,https://www.cqggzy.com/trade/014/PNII_50011345049997X2609100407?categoryNum=014010001,巴南区,采购公告,2026-09-10,重庆市公共资源交易网,2026-09-11 10:58:55
关于为【重庆市开州区2026年度三峡库区地质灾害治理工程后期维护项目施工监理】 公开选取【地质灾害防治】机构的公告,https://www.cqggzy.com/trade/014/PNII_5002347339802102609100399?categoryNum=014010001,开州区,采购公告,2026-09-10,重庆市公共资源交易网,2026-09-11 10:58:55
2026年巫山县新就业形态劳动者及农民工健康体检服务采购(WSX26C00145)竞争性谈判公告,https://www.cqggzy.com/trade/014/1674117733845086208?categoryNum=014005001,巫山县,采购公告,2026-09-10,重庆市公共资源交易网,2026-09-11 10:58:55
2026年普通国道概算及初步设计审查(CQS26C02101)中标（成交）结果公告,https://www.cqggzy.com/trade/014/1674113631140491264_4?categoryNum=014005004,市级,采购结果公告,2026-09-10,重庆市公共资源交易网,2026-09-11 10:58:55
2026年普通国道概算及初步设计审查(CQS26C02101)中标（成交）结果公告,https://www.cqggzy.com/trade/014/1674113631140491264_3?categoryNum=014005004,市级,采购结果公告,2026-09-10,重庆市公共资源交易网,2026-09-11 10:58:55
2026年普通国道概算及初步设计审查(CQS26C02101)中标（成交）结果公告,https://www.cqggzy.com/trade/014/1674113631140491264_2?categoryNum=014005004,市级,采购结果公告,2026-09-10,重庆市公共资源交易网,2026-09-11 10:58:55
2026年普通国道概算及初步设计审查(CQS26C02101)中标（成交）结果公告,https://www.cqggzy.com/trade/014/1674113631140491264_1?categoryNum=014005004,市级,采购结果公告,2026-09-10,重庆市公共资源交易网,2026-09-11 10:58:55
沙坪坝区党政机关、事业单位公务用车定点维修和保养服务框架协议征集(CQS26C01681)框架协议入围结果公告,https://www.cqggzy.com/trade/014/1673720381145657344_1?categoryNum=014005004,市级,采购结果公告,2026-09-10,重庆市公共资源交易网,2026-09-11 10:58:55
关于为【万州区疾病预防控制中心实验室能力提升项目】 公开选取【工程咨询】机构的公告,https://www.cqggzy.com/trade/014/PNII_5001017453094162609100361?categoryNum=014010001,万州区,采购公告,2026-09-10,重庆市公共资源交易网,2026-09-11 10:58:55
关于【新生街道钟坝村寨坡秦玉连房子背后—秦永兴房屋处通畅工程监理】中选结果的公告,https://www.cqggzy.com/trade/014/BRII_5002337093219602608190027?categoryNum=014010002,忠县,中选公告,2026-09-10,重庆市公共资源交易网,2026-09-11 10:58:55
关于【地方国营秀山土家族苗族自治县溪口水银矿尾矿库风险隐患治理项目水土保持方案报告表编制服务】中选结果的公告,https://www.cqggzy.com/trade/014/BRII_500241MAAC4BTG32609030610?categoryNum=014010002,秀山县,中选公告,2026-09-10,重庆市公共资源交易网,2026-09-11 10:58:55
关于【丰都县双桂山景区爱国主义教育基地与旅游设施修缮项目可行性研究报告编制】中选结果的公告,https://www.cqggzy.com/trade/014/BRII_5002302087531672609070711?categoryNum=014010002,丰都县,中选公告,2026-09-10,重庆市公共资源交易网,2026-09-11 10:58:55
关于为【黔江火车站片区老旧小区改造配套基础设施项目（三期）工程总承包（勘察）】 公开选取【工程勘察】机构的公告,https://www.cqggzy.com/trade/014/PNII_500114MAABP8AQX2609100471?categoryNum=014010001,黔江区,采购公告,2026-09-10,重庆市公共资源交易网,2026-09-11 10:58:57
关于【金桥镇2026-2029年松线虫病防控三年绩效承包服务招标代理需求文件】中选结果的公告,https://www.cqggzy.com/trade/014/BRII_5001997935016992609040021?categoryNum=014010002,万盛区,中选公告,2026-09-10,重庆市公共资源交易网,2026-09-11 10:58:57
涪陵区老年大学建设项目教学设备采购(FLQ26A00199)中标（成交）结果公告,https://www.cqggzy.com/trade/014/1674117016887537664_1?categoryNum=014005004,涪陵区,采购结果公告,2026-09-10,重庆市公共资源交易网,2026-09-11 10:58:57
关于为【涪陵区大木乡安置房项目财务决算】 公开选取【会计师事务所服务】机构的公告,https://www.cqggzy.com/trade/014/PNII_5001027339790332609100476?categoryNum=014010001,涪陵区,采购公告,2026-09-10,重庆市公共资源交易网,2026-09-11 10:58:57
关于为【开州区镇东街道睡佛社区人居环境整治提升工程竣工财务决算】 公开选取【会计师事务所服务】机构的公告,https://www.cqggzy.com/trade/014/PNII_50023471163013X2609100454?categoryNum=014010001,开州区,采购公告,2026-09-10,重庆市公共资源交易网,2026-09-11 10:58:57
关于为【开州区丰乐街道黄陵村部分房屋排危整治提升项目财务决算编制采购】 公开选取【会计师事务所服务】机构的公告,https://www.cqggzy.com/trade/014/PNII_50023470940802X2609100464?categoryNum=014010001,开州区,采购公告,2026-09-10,重庆市公共资源交易网,2026-09-11 10:58:57
关于为【黔江区石会镇工农村2026年特色旅居村蔬菜种植基地配套基础设施建设以工代赈项目造价咨询】 公开选取【工程造价咨询】机构的公告,https://www.cqggzy.com/trade/014/PNII_500114MA61D430X2609100448?categoryNum=014010001,黔江区,采购公告,2026-09-10,重庆市公共资源交易网,2026-09-11 10:58:57
关于为【2024年丰都县暨龙镇乌羊村公路工程质量检测】 公开选取【建设工程质量检测】机构的公告,https://www.cqggzy.com/trade/014/PNII_5002300086897462609100373?categoryNum=014010001,丰都县,采购公告,2026-09-10,重庆市公共资源交易网,2026-09-11 10:58:57
关于为【重庆市江津区中心医院房屋安全评估】 公开选取【建设工程质量检测】机构的公告,https://www.cqggzy.com/trade/014/PNII_5001164505538172609100426?categoryNum=014010001,江津区,采购公告,2026-09-10,重庆市公共资源交易网,2026-09-11 10:58:57
重庆市永川区疾病预防控制中心2026年保安服务采购更正公告,https://www.cqggzy.com/trade/014/17890248838251991130?categoryNum=014012006,永川区,答疑补遗变更公告,2026-09-10,重庆市公共资源交易网,2026-09-11 10:58:57
关于为【北渡铝产业园地块产业策划方案】 公开选取【城乡规划编制】机构的公告,https://www.cqggzy.com/trade/014/PNII_5001106635781372609100350?categoryNum=014010001,綦江区,采购公告,2026-09-10,重庆市公共资源交易网,2026-09-11 10:58:57
关于为【丰都县十直镇七里村2027年特色旅居村榨菜产业基础设施以工代赈项目可研编制服务单位采购】 公开选取【工程设计】机构的公告,https://www.cqggzy.com/trade/014/PNII_5002307116254372609100434?categoryNum=014010001,丰都县,采购公告,2026-09-10,重庆市公共资源交易网,2026-09-11 10:58:57
永川智能网联新能源汽车插电混合动力产业园项目施工 装修装饰工程专业承包发包结果公告,https://www.cqggzy.com/trade/014/17890248329755278077?categoryNum=014012004,永川区,结果公告,2026-09-10,重庆市公共资源交易网,2026-09-11 10:58:59
关于为【奉节县永安街道2026年特色旅居村基础设施完善以工代赈项目】 公开选取【工程监理】机构的公告,https://www.cqggzy.com/trade/014/PNII_5002360086594082609100409?categoryNum=014010001,奉节县,采购公告,2026-09-10,重庆市公共资源交易网,2026-09-11 10:58:59
关于【丰都县2026年自行补充耕地项目】中选结果的公告,https://www.cqggzy.com/trade/014/BRII_500230MB19803542607170462?categoryNum=014010002,丰都县,中选公告,2026-09-10,重庆市公共资源交易网,2026-09-11 10:58:59
关于为【重庆市开州区中和镇鹤林街老电影院后方危岩排危降险项目调查设计】 公开选取【地质灾害防治】机构的公告,https://www.cqggzy.com/trade/014/PNII_5002347339802102609100423?categoryNum=014010001,开州区,采购公告,2026-09-10,重庆市公共资源交易网,2026-09-11 10:58:59
关于为【黔江区加鱼泉水库老旧水库改造提升项目前期 咨询和设计服务】 公开选取【工程设计，工程勘察】机构的公告,https://www.cqggzy.com/trade/014/PNII_500114MA61D430X2609100289?categoryNum=014010001,黔江区,采购公告,2026-09-10,重庆市公共资源交易网,2026-09-11 10:58:59
关于为【天然气过江管线老化更新改造工程(一标段)拟临时使用林地恢复林业生产条件和恢复植被项目招标代理单位采购】 公开选取【工程建设项目招标代理】机构的公告,https://www.cqggzy.com/trade/014/PNII_5001012079067902609100401?categoryNum=014010001,万州区,采购公告,2026-09-10,重庆市公共资源交易网,2026-09-11 10:58:59
关于为【培新小学附属设施运营管理费用专项审计服务】 公开选取【会计师事务所服务】机构的公告,https://www.cqggzy.com/trade/014/PNII_5001057474772612609100342?categoryNum=014010001,江北区,采购公告,2026-09-10,重庆市公共资源交易网,2026-09-11 10:58:59
关于为【红炉镇铁路沿线人居环境提升设计】 公开选取【工程设计】机构的公告,https://www.cqggzy.com/trade/014/PNII_5001180093382432609100376?categoryNum=014010001,永川区,采购公告,2026-09-10,重庆市公共资源交易网,2026-09-11 10:58:59
市街绿化养护服务（第二次)(DDK26C00166)采购更正公告,https://www.cqggzy.com/trade/014/1674114770565115904?categoryNum=014005002,大渡口区,答疑变更,2026-09-10,重庆市公共资源交易网,2026-09-11 10:58:59
关于为【奉节县汾河镇白水社区2026年农村基础设施建设项目】 公开选取【工程造价咨询】机构的公告,https://www.cqggzy.com/trade/014/PNII_500236MB1M388442609100334?categoryNum=014010001,奉节县,采购公告,2026-09-10,重庆市公共资源交易网,2026-09-11 10:58:59
关于为【关于选取原比速汽车老旧厂区提质改造再利用项目—比速汽车宿舍楼A、C栋燃气及修缮工程施工监理】 公开选取【工程监理】机构的公告,https://www.cqggzy.com/trade/014/PNII_500117MA5UUE1B12609100406?categoryNum=014010001,合川区,采购公告,2026-09-10,重庆市公共资源交易网,2026-09-11 10:58:59
关于【荣昌区濑溪河流域重要支流(珠溪河、渔箭河)上游入河排污口整治项目(河包镇废水处理工程)施工】中选结果的公告,https://www.cqggzy.com/trade/014/BRII_5002260661650432609040654?categoryNum=014010002,荣昌区,中选公告,2026-09-10,重庆市公共资源交易网,2026-09-11 10:58:59
关于【万盛经开区黑山镇2026年农村公路安全提升工程概算评审】中选结果的公告,https://www.cqggzy.com/trade/014/BRII_5001990093000342609080481?categoryNum=014010002,万盛区,中选公告,2026-09-10,重庆市公共资源交易网,2026-09-11 10:59:00
关于为【黔江区新井水库老旧水库改造提升项目前期咨询和设计服务】 公开选取【工程设计，工程勘察】机构的公告,https://www.cqggzy.com/trade/014/PNII_500114MA61D430X2609100284?categoryNum=014010001,黔江区,采购公告,2026-09-10,重庆市公共资源交易网,2026-09-11 10:59:00
关于为【黔江区盖坪水库老旧水库改造提升项目前期咨 询和设计服务】 公开选取【工程设计，工程勘察】机构的公告,https://www.cqggzy.com/trade/014/PNII_500114MA61D430X2609100301?categoryNum=014010001,黔江区,采购公告,2026-09-10,重庆市公共资源交易网,2026-09-11 10:59:00
关于为【丰都县2026年市级财政常态化帮扶资金推进农村生活垃圾治理重点项目】 公开选取【工程监理】机构的公告,https://www.cqggzy.com/trade/014/PNII_5002307398380712609100327?categoryNum=014010001,丰都县,采购公告,2026-09-10,重庆市公共资源交易网,2026-09-11 10:59:00
关于为【康乐镇 2026 年人居环境整治项目 工程设计】 公开选取【工程设计】机构的公告,https://www.cqggzy.com/trade/014/PNII_50023600865886X2609100312?categoryNum=014010001,奉节县,采购公告,2026-09-10,重庆市公共资源交易网,2026-09-11 10:59:00
中心城区15分钟高品质生活服务圈规划实施统筹工作(CQS26C01633)中标结果公告,https://www.cqggzy.com/trade/014/1674091073536045056_1?categoryNum=014005004,市级,采购结果公告,2026-09-10,重庆市公共资源交易网,2026-09-11 10:59:00
中心城区出让土地规划条件细化及重要建设项目空间形态论证（第三次）(CQS26C01663)公开招标公告,https://www.cqggzy.com/trade/014/1674111496688545792?categoryNum=014005001,市级,采购公告,2026-09-10,重庆市公共资源交易网,2026-09-11 10:59:00
关于【丰都县双路镇莲花洞村塘坝小微湿地建设项目】中选结果的公告,https://www.cqggzy.com/trade/014/BRII_5002306862160912609040548?categoryNum=014010002,丰都县,中选公告,2026-09-10,重庆市公共资源交易网,2026-09-11 10:59:00
关于【双桥经开区2026年市政桥梁智慧监管平台建设服务招标代理服务】中选结果的公告,https://www.cqggzy.com/trade/014/BRII_5001110656878002609070576?categoryNum=014010002,大足区,中选公告,2026-09-10,重庆市公共资源交易网,2026-09-11 10:59:00
关于为【黔江区石会镇工农村2026年特色旅居村特色种植基地配套道路建设以工代赈项目造价咨询服务】 公开选取【工程造价咨询】机构的公告,https://www.cqggzy.com/trade/014/PNII_500114MA61D430X2609100441?categoryNum=014010001,黔江区,采购公告,2026-09-10,重庆市公共资源交易网,2026-09-11 10:59:00
关于为【重庆市荣昌区广顺小学风雨球场工程预算编制服务】 公开选取【工程造价咨询】机构的公告,https://www.cqggzy.com/trade/014/PNII_5002265634994902609100393?categoryNum=014010001,荣昌区,采购公告,2026-09-10,重庆市公共资源交易网,2026-09-11 10:59:00
关于为【南岸区2025年供水管网更新改造工程（一标段）监理、跟审、检测等所需服务招标】 公开选取【招标代理】机构的公告,https://www.cqggzy.com/trade/014/PNII_5001082031683722609100436?categoryNum=014010001,南岸区,采购公告,2026-09-10,重庆市公共资源交易网,2026-09-11 10:59:00
关于为【高峰街道灵凤村多功能运动场】 公开选取【工程造价咨询】机构的公告,https://www.cqggzy.com/trade/014/PNII_500101MB1M693092609100394?categoryNum=014010001,万州区,采购公告,2026-09-10,重庆市公共资源交易网,2026-09-11 10:59:02
关于为【宜奥商圈智慧停车导引系统建设项目设计】 公开选取【工程设计】机构的公告,https://www.cqggzy.com/trade/014/PNII_50010320281853X2609080838?categoryNum=014010001,渝中区,采购公告,2026-09-10,重庆市公共资源交易网,2026-09-11 10:59:02
关于为【深化耕地占补平衡相关问题排查整治工作技术服务】 公开选取【测绘】机构的公告,https://www.cqggzy.com/trade/014/PNII_50011073656284X2609100252?categoryNum=014010001,綦江区,采购公告,2026-09-10,重庆市公共资源交易网,2026-09-11 10:59:02
关于为【黔江区黑山片区老旧小区配套基础设施改造项目（内窥检测）】 公开选取【建设工程质量检测】机构的公告,https://www.cqggzy.com/trade/014/PNII_500114MAABP8AQX2609100402?categoryNum=014010001,黔江区,采购公告,2026-09-10,重庆市公共资源交易网,2026-09-11 10:59:02
关于为【2026年开州区殡葬设施专项规划社会稳定风险评估】 公开选取【社会工作服务评估】机构的公告,https://www.cqggzy.com/trade/014/PNII_5002340086462872609100352?categoryNum=014010001,开州区,采购公告,2026-09-10,重庆市公共资源交易网,2026-09-11 10:59:02
关于为【重庆广阳岛产业发展有限公司体系化推进“四园一港”高质量发展的年度服务】 公开选取【管理和决策咨询】机构的公告,https://www.cqggzy.com/trade/014/PNII_500297MA61B4YH52609100428?categoryNum=014010001,市级,采购公告,2026-09-10,重庆市公共资源交易网,2026-09-11 10:59:02
关于为【重庆市荣昌区广顺小学围墙排危改造工程预算编制服务】 公开选取【工程造价咨询】机构的公告,https://www.cqggzy.com/trade/014/PNII_5002265634994902609100353?categoryNum=014010001,荣昌区,采购公告,2026-09-10,重庆市公共资源交易网,2026-09-11 10:59:02
关于【2025年鱼复街道康宁社区脐橙基地建设项目】中选结果的公告,https://www.cqggzy.com/trade/014/BRII_5002363049276302609040261?categoryNum=014010002,奉节县,中选公告,2026-09-10,重庆市公共资源交易网,2026-09-11 10:59:02
关于【双桥经济技术开发区（城区）城市环境卫生及绿化管护外包服务-招标代理服务采购】中选结果的公告,https://www.cqggzy.com/trade/014/BRII_5001115889163772609030715?categoryNum=014010002,大足区,中选公告,2026-09-10,重庆市公共资源交易网,2026-09-11 10:59:02
关于【重庆重体体育产业发展有限责任公司关于聘请常年财务管理咨询顾问项目采购】中选结果的公告,https://www.cqggzy.com/trade/014/BRII_5001055992462922609070176?categoryNum=014010002,江北区,中选公告,2026-09-10,重庆市公共资源交易网,2026-09-11 10:59:02
关于【一江津彩收银软件采购项目】中选结果的公告,https://www.cqggzy.com/trade/014/BRII_500116MACNLEN5X2609070980?categoryNum=014010002,江津区,中选公告,2026-09-10,重庆市公共资源交易网,2026-09-11 10:59:02
关于【夔州丽景人才公寓装修工程】中选结果的公告,https://www.cqggzy.com/trade/014/BRII_5002364518758342609070872?categoryNum=014010002,奉节县,中选公告,2026-09-10,重庆市公共资源交易网,2026-09-11 10:59:02
重庆市开州区职业教育中心学生宿舍及教学用房改扩建项目相关设施设备采购项目(KZQ26A00541)采购更正公告,https://www.cqggzy.com/trade/014/1674112075288588288?categoryNum=014005002,开州区,答疑变更,2026-09-10,重庆市公共资源交易网,2026-09-11 10:59:03
2026年黔江区市政园林设施助医护学工程(QIJ26B00004)竞争性谈判公告,https://www.cqggzy.com/trade/014/1674111313158385664?categoryNum=014005001,黔江区,采购公告,2026-09-10,重庆市公共资源交易网,2026-09-11 10:59:03
关于为【黔江区联盟水库老旧水库改造提升项目前期咨询和设计费服务】 公开选取【工程设计，工程勘察】机构的公告,https://www.cqggzy.com/trade/014/PNII_500114MA61D430X2609100320?categoryNum=014010001,黔江区,采购公告,2026-09-10,重庆市公共资源交易网,2026-09-11 10:59:03
关于为【巫山县G347线K1405+600~K1414+080 段地质灾害防治工程工可报告编制、初步勘察设计、施工图勘察设计】 公开选取【工程设计，工程勘察，工程咨询】机构的公告,https://www.cqggzy.com/trade/014/PNII_5002374518917542609100408?categoryNum=014010001,巫山县,采购公告,2026-09-10,重庆市公共资源交易网,2026-09-11 10:59:03
关于为【武隆区S528线潘家湾岔路口至土坎乌江大桥段公路安全提升工程、武隆区长头河桥头至黄莺段公路路面维修工程监理项目】 公开选取【工程监理】机构的公告,https://www.cqggzy.com/trade/014/PNII_5002324520494382609100309?categoryNum=014010001,武隆区,采购公告,2026-09-10,重庆市公共资源交易网,2026-09-11 10:59:03
新建应用常规运维(CQS26C02488)竞争性磋商公告,https://www.cqggzy.com/trade/014/1674110888212475904?categoryNum=014005001,市级,采购公告,2026-09-10,重庆市公共资源交易网,2026-09-11 10:59:03
关于为【开州区城区供水管网漏损治理工程（一期）（供水及数字化部分）】 公开选取【工程造价咨询】机构的公告,https://www.cqggzy.com/trade/014/PNII_5002340086463672609100302?categoryNum=014010001,开州区,采购公告,2026-09-10,重庆市公共资源交易网,2026-09-11 10:59:03
关于【北碚区大湾镇金凤村2026年果品集散中心（二期）项目】中选结果的公告,https://www.cqggzy.com/trade/014/BRII_500109MB0B438872609040409?categoryNum=014010002,北碚区,中选公告,2026-09-10,重庆市公共资源交易网,2026-09-11 10:59:03
关于【干部履职评价系统服务】中选结果的公告,https://www.cqggzy.com/trade/014/BRII_500228MB19573732609030730?categoryNum=014010002,梁平区,中选公告,2026-09-10,重庆市公共资源交易网,2026-09-11 10:59:03
关于【2025年丰都县十直镇榨菜水果灌溉渠堰产业配套项目财务决算服务】中选结果的公告,https://www.cqggzy.com/trade/014/BRII_5002307116254372609040595?categoryNum=014010002,丰都县,中选公告,2026-09-10,重庆市公共资源交易网,2026-09-11 10:59:03
关于为【丰都县十直镇上坝村2027年特色旅居村榨菜产业基础设施以工代赈项目可研编制服务单位采购】 公开选取【工程设计】机构的公告,https://www.cqggzy.com/trade/014/PNII_5002307116254372609100424?categoryNum=014010001,丰都县,采购公告,2026-09-10,重庆市公共资源交易网,2026-09-11 10:59:03
关于为【界石小学附属幼儿园线路改造项目结算服务】 公开选取【工程造价咨询】机构的公告,https://www.cqggzy.com/trade/014/PNII_50011345049997X2609100420?categoryNum=014010001,巴南区,采购公告,2026-09-10,重庆市公共资源交易网,2026-09-11 10:59:03
关于为【重庆市开州区国有马云林场2026年灾害木清理】 公开选取【工程造价咨询】机构的公告,https://www.cqggzy.com/trade/014/PNII_5002347116303592609100415?categoryNum=014010001,开州区,采购公告,2026-09-10,重庆市公共资源交易网,2026-09-11 10:59:05
关于为【万州区牌楼街道迁建小区安全隐患整治工程(预算编制)】 公开选取【工程造价咨询】机构的公告,https://www.cqggzy.com/trade/014/PNII_50010173397403X2609100411?categoryNum=014010001,万州区,采购公告,2026-09-10,重庆市公共资源交易网,2026-09-11 10:59:05
关于【丰都县三合街道斜南溪社区裂口小区老旧小区周边环境提升项目监理单位】中选结果的公告,https://www.cqggzy.com/trade/014/BRII_5002300086898342609030604?categoryNum=014010002,丰都县,中选公告,2026-09-10,重庆市公共资源交易网,2026-09-11 10:59:05
关于【重庆市綦江区G210赶水镇~崇河村（K2388+544~K2411+779）公路地质灾害防治工程可行性研究报告编制工作】中选结果的公告,https://www.cqggzy.com/trade/014/BRII_5001107562227462609030779?categoryNum=014010002,綦江区,中选公告,2026-09-10,重庆市公共资源交易网,2026-09-11 10:59:05
关于【云阳县人和街道、双江街道老旧小区城市燃气管道老化更新改造项目等3个项目打捆（EPC总承包）—燃气外管土石方及附属土建专业分包工程劳务分包】中选结果的公告,https://www.cqggzy.com/trade/014/BRII_500235MA60GK8C92609070902?categoryNum=014010002,云阳县,中选公告,2026-09-10,重庆市公共资源交易网,2026-09-11 10:59:05
关于【云阳县人和街道、双江街道老旧小区城市燃气管道老化更新改造项目等3个项目打捆（EPC总承包）—燃气外管土石方及附属土建专业分包工程机械租赁】中选结果的公告,https://www.cqggzy.com/trade/014/BRII_500235MA60GK8C92609070890?categoryNum=014010002,云阳县,中选公告,2026-09-10,重庆市公共资源交易网,2026-09-11 10:59:05
关于【云阳县咸池水库中型灌区续建配套与现代化改造项目机械设备租赁】中选结果的公告,https://www.cqggzy.com/trade/014/BRII_500235MA60GK8C92609070916?categoryNum=014010002,云阳县,中选公告,2026-09-10,重庆市公共资源交易网,2026-09-11 10:59:05
关于【彭水苗族土家族自治县疾病预防控制中心实验室标准化建设项目1000kVA用电工程结算审核】中选结果的公告,https://www.cqggzy.com/trade/014/BRII_5002437398085772609080047?categoryNum=014010002,彭水县,中选公告,2026-09-10,重庆市公共资源交易网,2026-09-11 10:59:05
关于为【开州区城区滨江片区排水管网改造工程水土保持咨询采购】 公开选取【水土保持方案编制】机构的公告,https://www.cqggzy.com/trade/014/PNII_500234MB1E229332609100400?categoryNum=014010001,开州区,采购公告,2026-09-10,重庆市公共资源交易网,2026-09-11 10:59:05
关于为【奉节县兴隆镇中心卫生院固定资产清查服务】 公开选取【商务服务】机构的公告,https://www.cqggzy.com/trade/014/PNII_5002364518748312609100374?categoryNum=014010001,奉节县,采购公告,2026-09-10,重庆市公共资源交易网,2026-09-11 10:59:05
关于为【万州区金龙还房工程测绘采购】 公开选取【测绘】机构的公告,https://www.cqggzy.com/trade/014/PNII_5001010548119092609100383?categoryNum=014010001,万州区,采购公告,2026-09-10,重庆市公共资源交易网,2026-09-11 10:59:05
关于【某建设项目桥梁检测技术服务供应商采购】中选结果的公告,https://www.cqggzy.com/trade/014/BRII_5001072031250652609080218?categoryNum=014010002,九龙坡区,中选公告,2026-09-10,重庆市公共资源交易网,2026-09-11 10:59:05
关于【某建设项目消防材料检测技术服务供应商采购】中选结果的公告,https://www.cqggzy.com/trade/014/BRII_5001072031250652609080284?categoryNum=014010002,九龙坡区,中选公告,2026-09-10,重庆市公共资源交易网,2026-09-11 10:59:07
关于【某建设项目太阳能光伏组件检测技术服务供应商采购】中选结果的公告,https://www.cqggzy.com/trade/014/BRII_5001072031250652609080345?categoryNum=014010002,九龙坡区,中选公告,2026-09-10,重庆市公共资源交易网,2026-09-11 10:59:07
关于【长寿区五十万只青年鸡养殖项目施工监理】中选结果的公告,https://www.cqggzy.com/trade/014/BRII_500115MA5U74U112608310113?categoryNum=014010002,长寿区,中选公告,2026-09-10,重庆市公共资源交易网,2026-09-11 10:59:07
关于【华医大厦物业顾问服务单位】中选结果的公告,https://www.cqggzy.com/trade/014/BRII_500103MA60WA1142609030112?categoryNum=014010002,渝中区,中选公告,2026-09-10,重庆市公共资源交易网,2026-09-11 10:59:07
关于【开州区城镇污水处理厂扩容改造及系统效能提升项目征地报批招标代理】中选结果的公告,https://www.cqggzy.com/trade/014/BRII_5002347453486342609070511?categoryNum=014010002,开州区,中选公告,2026-09-10,重庆市公共资源交易网,2026-09-11 10:59:07
关于【高楼镇敬老院室外活动广场防滑改造及截水沟处理工程项目结算审核】中选结果的公告,https://www.cqggzy.com/trade/014/BRII_5002246761454962609070387?categoryNum=014010002,铜梁区,中选公告,2026-09-10,重庆市公共资源交易网,2026-09-11 10:59:07
关于【云阳县盘九路联建房老旧小区改造配套基础设施建设项目EPC总承包（张飞庙城墙连通步道）机械租赁】中选结果的公告,https://www.cqggzy.com/trade/014/BRII_500235MA60GK8C92609070895?categoryNum=014010002,云阳县,中选公告,2026-09-10,重庆市公共资源交易网,2026-09-11 10:59:07
关于为【云阳县龙角小学校园零星维修整治】 公开选取【工程造价咨询】机构的公告,https://www.cqggzy.com/trade/014/PNII_5002357428719482609100396?categoryNum=014010001,云阳县,采购公告,2026-09-10,重庆市公共资源交易网,2026-09-11 10:59:07
关于为【2026年摩博会防爆栏杆租赁】 公开选取【商务服务】机构的公告,https://www.cqggzy.com/trade/014/PNII_5001125699454982609100404?categoryNum=014010001,渝北区,采购公告,2026-09-10,重庆市公共资源交易网,2026-09-11 10:59:07
关于为【万州区牌楼街道迁建小区安全隐患整治工程(施工图设计文件审查)】 公开选取【施工图设计文件审查】机构的公告,https://www.cqggzy.com/trade/014/PNII_50010173397403X2609100389?categoryNum=014010001,万州区,采购公告,2026-09-10,重庆市公共资源交易网,2026-09-11 10:59:07
关于为【永川区2026年农村公路安防工程（第一批）初步设计概算评审】 公开选取【工程造价咨询】机构的公告,https://www.cqggzy.com/trade/014/PNII_5001180093365392609100386?categoryNum=014010001,永川区,采购公告,2026-09-10,重庆市公共资源交易网,2026-09-11 10:59:07
关于为【黔江火车站片区老旧小区改造配套基础设施项目（三期）工程总承包（监理招标代理）】 公开选取【工程建设项目招标代理】机构的公告,https://www.cqggzy.com/trade/014/PNII_500114MAABP8AQX2609100395?categoryNum=014010001,黔江区,采购公告,2026-09-10,重庆市公共资源交易网,2026-09-11 10:59:07
关于为【重庆市万州区百安坝街道迁建小区安全隐患整治工程-预算审核服务】 公开选取【工程造价咨询】机构的公告,https://www.cqggzy.com/trade/014/PNII_5001012079067902609100375?categoryNum=014010001,万州区,采购公告,2026-09-10,重庆市公共资源交易网,2026-09-11 10:59:08
关于为【城口县2026年沿河乡蔬菜、中药材产业基地配套设施建设项目】 公开选取【工程监理】机构的公告,https://www.cqggzy.com/trade/014/PNII_5002297339411072609100382?categoryNum=014010001,城口县,采购公告,2026-09-10,重庆市公共资源交易网,2026-09-11 10:59:08
关于【巴南区档案馆馆库扩容改造项目】中选结果的公告,https://www.cqggzy.com/trade/014/BRII_5001134504967602609020820?categoryNum=014010002,巴南区,中选公告,2026-09-10,重庆市公共资源交易网,2026-09-11 10:59:08
关于为【重庆市万州区百安坝街道迁建小区安全隐患整治工程-全过程控制咨询服务】 公开选取【工程造价咨询】机构的公告,https://www.cqggzy.com/trade/014/PNII_5001012079067902609100388?categoryNum=014010001,万州区,采购公告,2026-09-10,重庆市公共资源交易网,2026-09-11 10:59:08
关于为【长寿区洪湖镇抗旱应急项目（检验检测服务）】 公开选取【检验检测服务】机构的公告,https://www.cqggzy.com/trade/014/PNII_5001150093048522609100270?categoryNum=014010001,长寿区,采购公告,2026-09-10,重庆市公共资源交易网,2026-09-11 10:59:08
关于【重庆朗淳实业有限公司破产清算案选聘评估机构公告】中选结果的公告,https://www.cqggzy.com/trade/014/BRII_500105MD02032782609020377?categoryNum=014010002,江北区,中选公告,2026-09-10,重庆市公共资源交易网,2026-09-11 10:59:08
关于为【不动产登记资料数字化整理专项挂接服务采购项目】 公开选取【信息咨询和技术服务】机构的公告,https://www.cqggzy.com/trade/014/PNII_500118G720467682609100359?categoryNum=014010001,永川区,采购公告,2026-09-10,重庆市公共资源交易网,2026-09-11 10:59:08
关于为【聘请中介机构对三家公司开展账务清理】 公开选取【会计师事务所服务】机构的公告,https://www.cqggzy.com/trade/014/PNII_500236MA5UC3H722609100348?categoryNum=014010001,奉节县,采购公告,2026-09-10,重庆市公共资源交易网,2026-09-11 10:59:08
关于为【涞滩镇梓潼寨危岩排危降险工程】 公开选取【工程造价咨询】机构的公告,https://www.cqggzy.com/trade/014/PNII_50011700932700X2609090396?categoryNum=014010001,合川区,采购公告,2026-09-10,重庆市公共资源交易网,2026-09-11 10:59:08
关于为【为重庆国隆农业科技产业发展集团有限公司应诉首信建设有限公司建设工程施工合同纠纷案选取代理法律诉讼服务（一审）】 公开选取【律师事务所服务】机构的公告,https://www.cqggzy.com/trade/014/PNII_50022734598632X2609100285?categoryNum=014010001,璧山区,采购公告,2026-09-10,重庆市公共资源交易网,2026-09-11 10:59:08
关于【涪陵区蔺市街道凤阳大道老旧街区配套设施改造提升项目】中选结果的公告,https://www.cqggzy.com/trade/014/BRII_5001027116671512609070334?categoryNum=014010002,涪陵区,中选公告,2026-09-10,重庆市公共资源交易网,2026-09-11 10:59:08
关于【四川红军第二路游击队司令部政治部旧址消防工程和给水管网项目】中选结果的公告,https://www.cqggzy.com/trade/014/BRII_5002324520494112607220192?categoryNum=014010002,武隆区,中选公告,2026-09-10,重庆市公共资源交易网,2026-09-11 10:59:08
开州区视联网安全边界项目采购(KZQ26A00469)公开招标公告,https://www.cqggzy.com/trade/014/1674106923219464192?categoryNum=014005001,开州区,采购公告,2026-09-10,重庆市公共资源交易网,2026-09-11 10:59:10
关于【长寿区种鸡繁育基地项目配套设施（配电工程）工程变更预算审核】中选结果的公告,https://www.cqggzy.com/trade/014/BRII_500115MA5U74U112609040095?categoryNum=014010002,长寿区,中选公告,2026-09-10,重庆市公共资源交易网,2026-09-11 10:59:10
关于【重庆缙盛商业集团有限公司代黄路资产房屋鉴定机构采购项目】中选结果的公告,https://www.cqggzy.com/trade/014/BRII_5001095721191542609040562?categoryNum=014010002,北碚区,中选公告,2026-09-10,重庆市公共资源交易网,2026-09-11 10:59:10
关于【黔江区2026年石家高标准农田建设项目招标代理】中选结果的公告,https://www.cqggzy.com/trade/014/BRII_500114MA61D430X2609040306?categoryNum=014010002,黔江区,中选公告,2026-09-10,重庆市公共资源交易网,2026-09-11 10:59:10
关于【开州区南部片区污水处理厂建设工程征地报批招标代理】中选结果的公告,https://www.cqggzy.com/trade/014/BRII_5002347453486342609070553?categoryNum=014010002,开州区,中选公告,2026-09-10,重庆市公共资源交易网,2026-09-11 10:59:10
关于【重庆市綦江区G210北渡大桥~三江段（K2322+560~K2342+547）公路地质灾害防治工程可行性研究报告编制工作】中选结果的公告,https://www.cqggzy.com/trade/014/BRII_5001107562227462609030776?categoryNum=014010002,綦江区,中选公告,2026-09-10,重庆市公共资源交易网,2026-09-11 10:59:10
关于【重庆市长寿区种鸡繁育基地项目（种鸡场）滑坡应急抢险治理工程施工图审查】中选结果的公告,https://www.cqggzy.com/trade/014/BRII_500115MA5U74U112609070593?categoryNum=014010002,长寿区,中选公告,2026-09-10,重庆市公共资源交易网,2026-09-11 10:59:10
关于【开州区江里片区污水处理厂建设工程征地报批招标代理】中选结果的公告,https://www.cqggzy.com/trade/014/BRII_5002347453486342609070536?categoryNum=014010002,开州区,中选公告,2026-09-10,重庆市公共资源交易网,2026-09-11 10:59:10
关于【云阳县水口老旧小区一区配套基础设施及公共服务设施项目EPC总承包路面专业分包】中选结果的公告,https://www.cqggzy.com/trade/014/BRII_500235MA60GK8C92609070911?categoryNum=014010002,云阳县,中选公告,2026-09-10,重庆市公共资源交易网,2026-09-11 10:59:10
关于【云阳县水口老旧小区一区配套基础设施及公共服务设施项目EPC总承包-外环大道至商务酒店连接道路及附属工程机械租赁】中选结果的公告,https://www.cqggzy.com/trade/014/BRII_500235MA60GK8C92609070881?categoryNum=014010002,云阳县,中选公告,2026-09-10,重庆市公共资源交易网,2026-09-11 10:59:10
关于为【江津区鹅公溪流域水环境综合治理工程地勘服务】 公开选取【工程勘察】机构的公告,https://www.cqggzy.com/trade/014/PNII_5001167094493072609100390?categoryNum=014010001,江津区,采购公告,2026-09-10,重庆市公共资源交易网,2026-09-11 10:59:10
关于【云阳县普安乡产业融合发展及道路配套设施项目-绿化工程专业分包比选代理】中选结果的公告,https://www.cqggzy.com/trade/014/BRII_5002355979669902609080243?categoryNum=014010002,云阳县,中选公告,2026-09-10,重庆市公共资源交易网,2026-09-11 10:59:10
关于为【涞滩镇梓潼村水毁修复项目】 公开选取【工程造价咨询】机构的公告,https://www.cqggzy.com/trade/014/PNII_50011700932700X2609100387?categoryNum=014010001,合川区,采购公告,2026-09-10,重庆市公共资源交易网,2026-09-11 10:59:13
关于为【江津区石蟆镇2026年国土整治道路维修（第一批）设计】 公开选取【工程设计】机构的公告,https://www.cqggzy.com/trade/014/PNII_5001167500727162609100347?categoryNum=014010001,江津区,采购公告,2026-09-10,重庆市公共资源交易网,2026-09-11 10:59:13
重庆市林业局2026年食用林产品质量安全监测(CQS26C02481)竞争性磋商公告,https://www.cqggzy.com/trade/014/1674062974354239488?categoryNum=014005001,市级,采购公告,2026-09-10,重庆市公共资源交易网,2026-09-11 10:59:13
关于为【重庆复旦中学附属幼儿园2026年度劳务服务招标代理】 公开选取【招标代理】机构的公告,https://www.cqggzy.com/trade/014/PNII_500103MB1C0985X2609100340?categoryNum=014010001,渝中区,采购公告,2026-09-10,重庆市公共资源交易网,2026-09-11 10:59:13
关于为【酉阳县偏柏乡柏溪村2026年特色旅居村庄连接道路以工代赈项目】 公开选取【工程监理】机构的公告,https://www.cqggzy.com/trade/014/PNII_5002420091486502609100372?categoryNum=014010001,酉阳县,采购公告,2026-09-10,重庆市公共资源交易网,2026-09-11 10:59:13
关于为【重庆市汉基伊达置业有限公司税务鉴证服务】 公开选取【税务师事务所服务】机构的公告,https://www.cqggzy.com/trade/014/PNII_5001055771555092609100233?categoryNum=014010001,江北区,采购公告,2026-09-10,重庆市公共资源交易网,2026-09-11 10:59:13
黔江中学课堂智能评价系统(QIJ26A00573)询价公告,https://www.cqggzy.com/trade/014/1674105754749284352?categoryNum=014005001,黔江区,采购公告,2026-09-10,重庆市公共资源交易网,2026-09-11 10:59:13
关于【涪陵区2026年蔺市街道凤阳社区手工调味品生产线建设项目】中选结果的公告,https://www.cqggzy.com/trade/014/BRII_5001027116671512609040489?categoryNum=014010002,涪陵区,中选公告,2026-09-10,重庆市公共资源交易网,2026-09-11 10:59:13
关于为【“酉阳800”区域公用品牌价值评价项目】 公开选取【商务服务】机构的公告,https://www.cqggzy.com/trade/014/PNII_500242MA7MGXM902609100135?categoryNum=014010001,酉阳县,采购公告,2026-09-10,重庆市公共资源交易网,2026-09-11 10:59:13
关于【沙坪社区公路边坡排危抢险工程预算评审】中选结果的公告,https://www.cqggzy.com/trade/014/BRII_500198MB0B1877X2609040257?categoryNum=014010002,两江新区,中选公告,2026-09-10,重庆市公共资源交易网,2026-09-11 10:59:13
关于【2026年高楼镇高楼村助力铜梁乡村产业发展项目】中选结果的公告,https://www.cqggzy.com/trade/014/BRII_500224MF32636792609070495?categoryNum=014010002,铜梁区,中选公告,2026-09-10,重庆市公共资源交易网,2026-09-11 10:59:13
关于为【重庆市万州区百安坝街道迁建小区安全隐患整治工程-预算编制服务】 公开选取【工程造价咨询】机构的公告,https://www.cqggzy.com/trade/014/PNII_5001012079067902609100362?categoryNum=014010001,万州区,采购公告,2026-09-10,重庆市公共资源交易网,2026-09-11 10:59:13
关于【重庆市铜梁区关溅初级中学校2026年校园文化建设项目预算审核】中选结果的公告,https://www.cqggzy.com/trade/014/BRII_5002244506276872609070730?categoryNum=014010002,铜梁区,中选公告,2026-09-10,重庆市公共资源交易网,2026-09-11 10:59:15
关于【陈家河主排污管(玉姑桥段)维修整治工程项目、高瓷村、天常村小型水利和村容美化项目工程、沿河村小型水利项目工程、柳坝村村容美化项目工程招标审计单位】中选结果的公告,https://www.cqggzy.com/trade/014/BRII_5002260093429202609040272?categoryNum=014010002,荣昌区,中选公告,2026-09-10,重庆市公共资源交易网,2026-09-11 10:59:15
关于【潼南区2026年度重庆岩泉食品有限公司生产设施升级项目】中选结果的公告,https://www.cqggzy.com/trade/014/BRII_5002230093327062609040022?categoryNum=014010002,潼南区,中选公告,2026-09-10,重庆市公共资源交易网,2026-09-11 10:59:15
关于为【大湾镇金凤村2026年果品集散中心（二期）项目跟踪审计】 公开选取【工程造价咨询】机构的公告,https://www.cqggzy.com/trade/014/PNII_500109MB0B438872609100346?categoryNum=014010001,北碚区,采购公告,2026-09-10,重庆市公共资源交易网,2026-09-11 10:59:15
关于为【奉节县康乐镇2026年非耕地整改 工程设计】 公开选取【工程设计】机构的公告,https://www.cqggzy.com/trade/014/PNII_50023600865886X2609100326?categoryNum=014010001,奉节县,采购公告,2026-09-10,重庆市公共资源交易网,2026-09-11 10:59:15
关于【兰家山路三期可研评审】中选结果的公告,https://www.cqggzy.com/trade/014/BRII_500198MB0B190942608260342?categoryNum=014010002,两江新区,中选公告,2026-09-10,重庆市公共资源交易网,2026-09-11 10:59:15
关于【2026年磨子乡农村公路安防工程】中选结果的公告,https://www.cqggzy.com/trade/014/BRII_5002337474995672608310691?categoryNum=014010002,忠县,中选公告,2026-09-10,重庆市公共资源交易网,2026-09-11 10:59:15
关于为【忠县人民医院康复楼二楼外阳台景观工程设计服务】 公开选取【工程设计】机构的公告,https://www.cqggzy.com/trade/014/PNII_5002334518121632609100370?categoryNum=014010001,忠县,采购公告,2026-09-10,重庆市公共资源交易网,2026-09-11 10:59:15
关于【重庆市梁平区低空产业专业设置与课程优化服务】中选结果的公告,https://www.cqggzy.com/trade/014/BRII_5002280086522062609070215?categoryNum=014010002,梁平区,中选公告,2026-09-10,重庆市公共资源交易网,2026-09-11 10:59:15
关于【开州区2026年郭家镇津关村农村公路安全提升工程】中选结果的公告,https://www.cqggzy.com/trade/014/BRII_5002347398150212609070516?categoryNum=014010002,开州区,中选公告,2026-09-10,重庆市公共资源交易网,2026-09-11 10:59:15
关于【万州经开区基础设施及配套用房完善工程之鸿凯药用胶囊厂房配套用房消防完善工程】中选结果的公告,https://www.cqggzy.com/trade/014/BRII_5001017842280102609070138?categoryNum=014010002,万州区,中选公告,2026-09-10,重庆市公共资源交易网,2026-09-11 10:59:15
关于【北泉公司国有资产租金定价评估服务】中选结果的公告,https://www.cqggzy.com/trade/014/BRII_5001097748763992609070477?categoryNum=014010002,北碚区,中选公告,2026-09-10,重庆市公共资源交易网,2026-09-11 10:59:15
关于【恒大翡翠湾支路地质灾害危险性评估】中选结果的公告,https://www.cqggzy.com/trade/014/BRII_5001097784554792609070345?categoryNum=014010002,北碚区,中选公告,2026-09-10,重庆市公共资源交易网,2026-09-11 10:59:16
关于为【武隆仙女山镇农业生产服务中心及配套项目（二期）工程项目多测合一】 公开选取【竣工验收多测合一】机构的公告,https://www.cqggzy.com/trade/014/PNII_5002326608566482609100048?categoryNum=014010001,武隆区,采购公告,2026-09-10,重庆市公共资源交易网,2026-09-11 10:59:16
关于为【綦江区食品科研实验及仓储物流基地配套道路工程--可研单位】 公开选取【工程咨询】机构的公告,https://www.cqggzy.com/trade/014/PNII_5001106635781372609100354?categoryNum=014010001,綦江区,采购公告,2026-09-10,重庆市公共资源交易网,2026-09-11 10:59:16
关于为【黔江区从山水库老旧水库改造提升项日前期咨 询和设计服务】 公开选取【工程设计，工程勘察】机构的公告,https://www.cqggzy.com/trade/014/PNII_500114MA61D430X2609100324?categoryNum=014010001,黔江区,采购公告,2026-09-10,重庆市公共资源交易网,2026-09-11 10:59:16
关于为【龙东路高边坡安全隐患整治项目质量检测】 公开选取【检验检测服务】机构的公告,https://www.cqggzy.com/trade/014/PNII_5001150093045022609100343?categoryNum=014010001,长寿区,采购公告,2026-09-10,重庆市公共资源交易网,2026-09-11 10:59:16
关于为【彭水县苗医苗药及特色食品产业孵化园建设项目一期（特色食品配套设施）项目预算编制及全过程跟踪审计（含结算）】 公开选取【工程造价咨询】机构的公告,https://www.cqggzy.com/trade/014/PNII_5002435540984762609100315?categoryNum=014010001,彭水县,采购公告,2026-09-10,重庆市公共资源交易网,2026-09-11 10:59:16
关于为【濑溪河(广顺街道沿河段)广沿桥建设工程 地形图测量及勘界服务】 公开选取【测绘】机构的公告,https://www.cqggzy.com/trade/014/PNII_5002260093429202609100337?categoryNum=014010001,荣昌区,采购公告,2026-09-10,重庆市公共资源交易网,2026-09-11 10:59:16
关于为【黔江区连丰水库老旧水库改造提升项目前期咨询和设计服务】 公开选取【工程设计，工程勘察】机构的公告,https://www.cqggzy.com/trade/014/PNII_500114MA61D430X2609100310?categoryNum=014010001,黔江区,采购公告,2026-09-10,重庆市公共资源交易网,2026-09-11 10:59:16
中心城区出让土地规划条件细化及重要建设项目空间形态论证（第二次）(CQS26C01663)结果公告,https://www.cqggzy.com/trade/014/1674102588196564992?categoryNum=014005004,市级,采购结果公告,2026-09-10,重庆市公共资源交易网,2026-09-11 10:59:16
关于【迎龙镇2026年人行步道扩宽工程】中选结果的公告,https://www.cqggzy.com/trade/014/BRII_5001080092963032609030599?categoryNum=014010002,南岸区,中选公告,2026-09-10,重庆市公共资源交易网,2026-09-11 10:59:16
关于为【城口县2026年老腊肉产业联合体项目概算审核服务】 公开选取【工程造价咨询】机构的公告,https://www.cqggzy.com/trade/014/PNII_5002297592934192609100279?categoryNum=014010001,城口县,采购公告,2026-09-10,重庆市公共资源交易网,2026-09-11 10:59:16
关于为【2026年巫山县当阳乡红岩村淫羊藿种植基地建设项目预算编制】 公开选取【工程造价咨询】机构的公告,https://www.cqggzy.com/trade/014/PNII_5002370086612172609100277?categoryNum=014010001,巫山县,采购公告,2026-09-10,重庆市公共资源交易网,2026-09-11 10:59:16
关于为【黔江区智慧物流枢纽产业园（一期）建设项目招标代理】 公开选取【招标代理】机构的公告,https://www.cqggzy.com/trade/014/PNII_5001147842301292609100273?categoryNum=014010001,黔江区,采购公告,2026-09-10,重庆市公共资源交易网,2026-09-11 10:59:18
关于为【沙坪坝街道一心村、沙正街、中渡口、松林坡4个社区养老服务站运营（第二次）】 公开选取【商务服务】机构的公告,https://www.cqggzy.com/trade/014/PNII_5001060092912112609100328?categoryNum=014010001,沙坪坝区,采购公告,2026-09-10,重庆市公共资源交易网,2026-09-11 10:59:18
关于【武隆区2026年度一体化调查监测工作（林草湿荒调查监测）】中选结果的公告,https://www.cqggzy.com/trade/014/BRII_5002320086903922608200272?categoryNum=014010002,武隆区,中选公告,2026-09-10,重庆市公共资源交易网,2026-09-11 10:59:18
关于【黔江区城南中心小学校迁建工程（二标段）基桩平行检测】中选结果的公告,https://www.cqggzy.com/trade/014/BRII_50011476592386X2609020614?categoryNum=014010002,黔江区,中选公告,2026-09-10,重庆市公共资源交易网,2026-09-11 10:59:18
关于为【重庆綦江食品科研实验转化及食品集散基地建设项目--规划咨询单位】 公开选取【城乡规划编制】机构的公告,https://www.cqggzy.com/trade/014/PNII_5001106635781372609100159?categoryNum=014010001,綦江区,采购公告,2026-09-10,重庆市公共资源交易网,2026-09-11 10:59:18
关于【B8、BZ1路地质灾害危险性评估】中选结果的公告,https://www.cqggzy.com/trade/014/BRII_5001097784554792609070382?categoryNum=014010002,北碚区,中选公告,2026-09-10,重庆市公共资源交易网,2026-09-11 10:59:18
关于【万州区2026年直管小型水库维修养护项目（工程类）预算审核】中选结果的公告,https://www.cqggzy.com/trade/014/BRII_5001010598920902609070388?categoryNum=014010002,万州区,中选公告,2026-09-10,重庆市公共资源交易网,2026-09-11 10:59:18
重庆永能实业（集团）有限公司综合产业中心室内装修及室外附属工程电力电缆及终端头采购更正说明,https://www.cqggzy.com/trade/014/17890216571683669523?categoryNum=014012006,永川区,答疑补遗变更公告,2026-09-10,重庆市公共资源交易网,2026-09-11 10:59:18
关于【涪陵区李渡组团高铁站前片区（U标准分区）U01-03/02等地块详细规划修改】中选结果的公告,https://www.cqggzy.com/trade/014/BRII_5001026635554612609080527?categoryNum=014010002,涪陵区,中选公告,2026-09-10,重庆市公共资源交易网,2026-09-11 10:59:18
关于【广州中医药大学第一附属医院重庆医院建设项目二期工程6#号楼施工图审查】中选结果的公告,https://www.cqggzy.com/trade/014/BRII_5001097784554792609080179?categoryNum=014010002,北碚区,中选公告,2026-09-10,重庆市公共资源交易网,2026-09-11 10:59:18
关于为【重庆市万州区消防救援局关于5辆报废车拍卖代理服务采购公告】 公开选取【拍卖服务】机构的公告,https://www.cqggzy.com/trade/014/PNII_5001016710071072609080824?categoryNum=014010001,万州区,采购公告,2026-09-10,重庆市公共资源交易网,2026-09-11 10:59:18
关于为【龙潭镇官偿村双杆视频水位站建设 技术服务项目】 公开选取【信息咨询和技术服务】机构的公告,https://www.cqggzy.com/trade/014/PNII_5002420091464012609100280?categoryNum=014010001,酉阳县,采购公告,2026-09-10,重庆市公共资源交易网,2026-09-11 10:59:18
关于为【2026年酉阳县酉酬镇退役军人服务站政治文化建设项目招标代理】 公开选取【招标代理】机构的公告,https://www.cqggzy.com/trade/014/PNII_5002427339420032609100336?categoryNum=014010001,酉阳县,采购公告,2026-09-10,重庆市公共资源交易网,2026-09-11 10:59:20
关于为【重庆开州浦里新区新型城镇化综合建设项目（一期）--G211赵家至长沙公路改造工程（浦万大道左元村至高桥村段）结算鉴定造价咨询单位】 公开选取【工程造价咨询】机构的公告,https://www.cqggzy.com/trade/014/PNII_5002347500707292609100218?categoryNum=014010001,开州区,采购公告,2026-09-10,重庆市公共资源交易网,2026-09-11 10:59:20
江津区双福新区A08-11/01地块挂牌成交公示,https://www.cqggzy.com/trade/014/17864170809458466942-DEAL?categoryNum=014004004,江津区,成交公告,2026-09-10,重庆市公共资源交易网,2026-09-11 10:59:20
关于为【万州区2026年长滩长岭片区和美乡村建设项目（长滩镇）】 公开选取【工程设计】机构的公告,https://www.cqggzy.com/trade/014/PNII_5001010086405632609100039?categoryNum=014010001,万州区,采购公告,2026-09-10,重庆市公共资源交易网,2026-09-11 10:59:20
关于为【回龙坝镇佛耳岩小桥拆除重建工程招标代理服务】 公开选取【工程建设项目招标代理】机构的公告,https://www.cqggzy.com/trade/014/PNII_5001067339645282609100242?categoryNum=014010001,沙坪坝区,采购公告,2026-09-10,重庆市公共资源交易网,2026-09-11 10:59:20
关于为【奉节县鱼复街道老旧小区安全隐患整治项目】 公开选取【工程监理】机构的公告,https://www.cqggzy.com/trade/014/PNII_5002363049276302609100292?categoryNum=014010001,奉节县,采购公告,2026-09-10,重庆市公共资源交易网,2026-09-11 10:59:20
关于为【门诊CBCT室、DR室改造设计及造价咨询】 公开选取【工程造价咨询，工程设计】机构的公告,https://www.cqggzy.com/trade/014/PNII_5001987748663772609100305?categoryNum=014010001,两江新区,采购公告,2026-09-10,重庆市公共资源交易网,2026-09-11 10:59:20
关于为【万州区2025年农业水价综合改革项目结算审核】 公开选取【工程造价咨询】机构的公告,https://www.cqggzy.com/trade/014/PNII_5001010598920902609090613?categoryNum=014010001,万州区,采购公告,2026-09-10,重庆市公共资源交易网,2026-09-11 10:59:20
关于为【秀山土家族苗族自治县第一民族小学校AI智慧体育项目招标代理】 公开选取【招标代理】机构的公告,https://www.cqggzy.com/trade/014/PNII_50024145296189X2609090797?categoryNum=014010001,秀山县,采购公告,2026-09-10,重庆市公共资源交易网,2026-09-11 10:59:20
关于为【酉阳县2026-2027年度水文站点运行维护项目】 公开选取【信息咨询和技术服务】机构的公告,https://www.cqggzy.com/trade/014/PNII_5002420091464012609100288?categoryNum=014010001,酉阳县,采购公告,2026-09-10,重庆市公共资源交易网,2026-09-11 10:59:20
关于为【奉节县永安路279号老旧小区安全隐患整治项目】 公开选取【工程监理】机构的公告,https://www.cqggzy.com/trade/014/PNII_5002363049276302609100311?categoryNum=014010001,奉节县,采购公告,2026-09-10,重庆市公共资源交易网,2026-09-11 10:59:20
关于为【农村供水工程水质在线检测监控视屏服务】 公开选取【信息咨询和技术服务】机构的公告,https://www.cqggzy.com/trade/014/PNII_500235MB19374792609100091?categoryNum=014010001,云阳县,采购公告,2026-09-10,重庆市公共资源交易网,2026-09-11 10:59:20
关于【荣昌区2026年远觉镇高标准农田暴雨灾害受损设施管护建设项目招投标代理中介服务机构选取】中选结果的公告,https://www.cqggzy.com/trade/014/BRII_50022600934263X2609070340?categoryNum=014010002,荣昌区,中选公告,2026-09-10,重庆市公共资源交易网,2026-09-11 10:59:22
关于【重庆市黔江区人民小学校教学楼外墙排危修缮工程质量检测】中选结果的公告,https://www.cqggzy.com/trade/014/BRII_5001144529906072609040597?categoryNum=014010002,黔江区,中选公告,2026-09-10,重庆市公共资源交易网,2026-09-11 10:59:22
关于【洛碛镇高桥村田坡湾危岩应急降险排危工程 （监理）选取说明】中选结果的公告,https://www.cqggzy.com/trade/014/BRII_500198MB0B185772609070530?categoryNum=014010002,两江新区,中选公告,2026-09-10,重庆市公共资源交易网,2026-09-11 10:59:22
关于【五星工业基地道路改建工程(一期）地质灾害危险性评估】中选结果的公告,https://www.cqggzy.com/trade/014/BRII_5001097784554792609070371?categoryNum=014010002,北碚区,中选公告,2026-09-10,重庆市公共资源交易网,2026-09-11 10:59:22
关于【洛碛镇高桥村田坡湾危岩应急降险排危工程 （质量检测）选取说明】中选结果的公告,https://www.cqggzy.com/trade/014/BRII_500198MB0B185772609070545?categoryNum=014010002,两江新区,中选公告,2026-09-10,重庆市公共资源交易网,2026-09-11 10:59:22
关于为【荣昌区水文现代化建设项目（二期）（施工招标代理）】 公开选取【工程建设项目招标代理】机构的公告,https://www.cqggzy.com/trade/014/PNII_500226MA60UTE262609100028?categoryNum=014010001,荣昌区,采购公告,2026-09-10,重庆市公共资源交易网,2026-09-11 10:59:22
重庆市第十八中学安保服务(JBQ26C00068)中标（成交）结果公告,https://www.cqggzy.com/trade/014/1674100360966615040_1?categoryNum=014005004,两江新区,采购结果公告,2026-09-10,重庆市公共资源交易网,2026-09-11 10:59:22
2026年度重庆市党政机关、事业单位及团体组织多功能一体机封闭式框架协议征集(CQS26A03518)入围结果公告,https://www.cqggzy.com/trade/014/1674059384264896512_1?categoryNum=014005004,市级,采购结果公告,2026-09-10,重庆市公共资源交易网,2026-09-11 10:59:22
关于为【重庆市璧山区同心水库改造提升工程可研及勘察设计、 金竹林三百梯水库改造提升工程可研及勘察设计招标代理】 公开选取【招标代理】机构的公告,https://www.cqggzy.com/trade/014/PNII_5002273315513412609100222?categoryNum=014010001,璧山区,采购公告,2026-09-10,重庆市公共资源交易网,2026-09-11 10:59:22
关于为【农高广惠重庆云阳一期育种场(改扩建)项目等2个项目士地复垦方案编制服务】 公开选取【土地规划】机构的公告,https://www.cqggzy.com/trade/014/PNII_5002353395587402609100293?categoryNum=014010001,云阳县,采购公告,2026-09-10,重庆市公共资源交易网,2026-09-11 10:59:22
关于为【江津区鹅公溪流域水环境综合治理工程底泥检测服务】 公开选取【检验检测服务】机构的公告,https://www.cqggzy.com/trade/014/PNII_5001167094493072609100297?categoryNum=014010001,江津区,采购公告,2026-09-10,重庆市公共资源交易网,2026-09-11 10:59:22
关于【武隆区火炉镇岩峰村杨家屋基至仙女街道庙树村农村公路】中选结果的公告,https://www.cqggzy.com/trade/014/BRII_5002320086917152609040308?categoryNum=014010002,武隆区,中选公告,2026-09-10,重庆市公共资源交易网,2026-09-11 10:59:22
关于【两江鱼复智能网联新能源汽车产业基地基础设施改造提升项目原车间废液间遗留危废清理、转移与处置】中选结果的公告,https://www.cqggzy.com/trade/014/BRII_50010555900490X2609070438?categoryNum=014010002,江北区,中选公告,2026-09-10,重庆市公共资源交易网,2026-09-11 10:59:30
关于【 开州区浦里新区乡村振兴职业院校改建项目结算审核评审】中选结果的公告,https://www.cqggzy.com/trade/014/BRII_500234MB1Q772302609070625?categoryNum=014010002,开州区,中选公告,2026-09-10,重庆市公共资源交易网,2026-09-11 10:59:30
关于【2026年吴滩镇水毁地灾整治工程结算审核】中选结果的公告,https://www.cqggzy.com/trade/014/BRII_5001167365565972609080359?categoryNum=014010002,江津区,中选公告,2026-09-10,重庆市公共资源交易网,2026-09-11 10:59:30
忠县县级党政机关、事业单位公务用车定点维修和保养服务框架协议征集(CQS26C01990)框架协议入围结果公告,https://www.cqggzy.com/trade/014/1674059792886575104_1?categoryNum=014005004,市级,采购结果公告,2026-09-10,重庆市公共资源交易网,2026-09-11 10:59:30
关于为【江津区石蟆镇敬老院和江津区西部第一特困人员供养服务设施敬老院消防改造施工工程招标代理单位采购】 公开选取【招标代理】机构的公告,https://www.cqggzy.com/trade/014/PNII_5001167500727162609100308?categoryNum=014010001,江津区,采购公告,2026-09-10,重庆市公共资源交易网,2026-09-11 10:59:30
关于【涪陵区2027年天宝寺水库项目区小流域综合治理提质增效项目】中选结果的公告,https://www.cqggzy.com/trade/014/BRII_500102MB1N8581X2608270186?categoryNum=014010002,涪陵区,中选公告,2026-09-10,重庆市公共资源交易网,2026-09-11 10:59:30
关于【涪陵区2027年天宝寺水库项目区小流域综合治理提质增效项目】中选结果的公告,https://www.cqggzy.com/trade/014/BRII_500102MB1N8581X2608270235?categoryNum=014010002,涪陵区,中选公告,2026-09-10,重庆市公共资源交易网,2026-09-11 10:59:30
关于【重庆市黔江中心医院水平衡测试报告编制服务项目】中选结果的公告,https://www.cqggzy.com/trade/014/BRII_5001144529477802609070364?categoryNum=014010002,黔江区,中选公告,2026-09-10,重庆市公共资源交易网,2026-09-11 10:59:30
关于为【酉阳县龙潭镇2026年赵庄社区河堤坝修复项目行洪论证】 公开选取【洪水影响评价】机构的公告,https://www.cqggzy.com/trade/014/PNII_50024275309171X2609100304?categoryNum=014010001,酉阳县,采购公告,2026-09-10,重庆市公共资源交易网,2026-09-11 10:59:30
2026年9月10日排污权二级市场交易信息,https://www.cqggzy.com/trade/014/66a698d7-3c45-4fdd-a9cf-8d9789d5f52c?categoryNum=014009004,市级,成交信息,2026-09-10,重庆市公共资源交易网,2026-09-11 10:59:30
关于为【2026年奉节县永乐镇三峡村、陈家社区人居环境改造项目】 公开选取【工程设计】机构的公告,https://www.cqggzy.com/trade/014/PNII_5002360086593792609100330?categoryNum=014010001,奉节县,采购公告,2026-09-10,重庆市公共资源交易网,2026-09-11 10:59:30
关于为【树人镇产业路项目结算服务采购】 公开选取【工程造价咨询】机构的公告,https://www.cqggzy.com/trade/014/PNII_5002300086896072609100325?categoryNum=014010001,丰都县,采购公告,2026-09-10,重庆市公共资源交易网,2026-09-11 10:59:32
关于为【酉阳县桃花源街道泉孔段河堤维修养护】 公开选取【招标代理，工程建设项目招标代理】机构的公告,https://www.cqggzy.com/trade/014/PNII_5002420091464012609020639?categoryNum=014010001,酉阳县,采购公告,2026-09-10,重庆市公共资源交易网,2026-09-11 10:59:32
关于【股权回购专项法律服务】中选结果的公告,https://www.cqggzy.com/trade/014/BRII_500107MA5YR4GX72609070557?categoryNum=014010002,九龙坡区,中选公告,2026-09-10,重庆市公共资源交易网,2026-09-11 10:59:32
关于【合川区合阳城街道HC26-001-7号地块评估服务】中选结果的公告,https://www.cqggzy.com/trade/014/BRII_500117MB16160262609070984?categoryNum=014010002,合川区,中选公告,2026-09-10,重庆市公共资源交易网,2026-09-11 10:59:32
关于【两江新区市民中心配套污水管网工程施工图设计文件审查】中选结果的公告,https://www.cqggzy.com/trade/014/BRII_5001987093741732609080216?categoryNum=014010002,两江新区,中选公告,2026-09-10,重庆市公共资源交易网,2026-09-11 10:59:32
重庆市城口县金属冶炼救援队设备更新项目成交结果公告,https://www.cqggzy.com/trade/014/17890202632093029795?categoryNum=014012004,市级,结果公告,2026-09-10,重庆市公共资源交易网,2026-09-11 10:59:32
关于【城口县河鱼乡两扇门2026年特色旅居村基础设施提升以工代赈项目】中选结果的公告,https://www.cqggzy.com/trade/014/BRII_5002297688939852609010514?categoryNum=014010002,城口县,中选公告,2026-09-10,重庆市公共资源交易网,2026-09-11 10:59:32
关于【合川区大石街道HC26-122-2号地块评估服务】中选结果的公告,https://www.cqggzy.com/trade/014/BRII_500117MB16160262609070419?categoryNum=014010002,合川区,中选公告,2026-09-10,重庆市公共资源交易网,2026-09-11 10:59:32
关于【合川区合阳城街道HC26-001-6号地块评估服务】中选结果的公告,https://www.cqggzy.com/trade/014/BRII_500117MB16160262609070414?categoryNum=014010002,合川区,中选公告,2026-09-10,重庆市公共资源交易网,2026-09-11 10:59:32
关于【合川区大石街道HC26-122-1号地块评估服务】中选结果的公告,https://www.cqggzy.com/trade/014/BRII_500117MB16160262609070416?categoryNum=014010002,合川区,中选公告,2026-09-10,重庆市公共资源交易网,2026-09-11 10:59:32
巫溪晚李品牌培育项目(WXX26C00018)竞争性磋商公告,https://www.cqggzy.com/trade/014/1674094547732574208?categoryNum=014005001,巫溪县,采购公告,2026-09-10,重庆市公共资源交易网,2026-09-11 10:59:32
关于【2026年酉阳县酉酬镇溪口村入户路建设项目 监理服务】中选结果的公告,https://www.cqggzy.com/trade/014/BRII_5002427339420032609070370?categoryNum=014010002,酉阳县,中选公告,2026-09-10,重庆市公共资源交易网,2026-09-11 10:59:32
第三届青少年三大球运动会保险购买项目(CQS26C02516)竞争性磋商公告,https://www.cqggzy.com/trade/014/1674090542440689664?categoryNum=014005001,市级,采购公告,2026-09-10,重庆市公共资源交易网,2026-09-11 10:59:33
2026年武隆区赵家乡农旅融合乡村旅游项目(WLQ26B00035)竞争性磋商公告,https://www.cqggzy.com/trade/014/1673783713361866752?categoryNum=014005001,武隆区,采购公告,2026-09-10,重庆市公共资源交易网,2026-09-11 10:59:33
永川食品加工产业发展基地项目主体结构标准砖、配砖及多孔砖采购比选公告,https://www.cqggzy.com/trade/014/17890175269162814447?categoryNum=014012001,永川区,招标采购公告,2026-09-10,重庆市公共资源交易网,2026-09-11 10:59:33
关于【泔溪镇2026年产业路建设项目监理服务】中选结果的公告,https://www.cqggzy.com/trade/014/BRII_5002427339491922608240620?categoryNum=014010002,酉阳县,中选公告,2026-09-10,重庆市公共资源交易网,2026-09-11 10:59:33
关于【酉阳县泔溪镇公共服务中心改建项目勘察服务】中选结果的公告,https://www.cqggzy.com/trade/014/BRII_5002427339491922609040251?categoryNum=014010002,酉阳县,中选公告,2026-09-10,重庆市公共资源交易网,2026-09-11 10:59:33
关于【丰都县仁沙镇陶家坪等(2)个村土地整理项目】中选结果的公告,https://www.cqggzy.com/trade/014/BRII_5002300532483412609070723?categoryNum=014010002,丰都县,中选公告,2026-09-10,重庆市公共资源交易网,2026-09-11 10:59:33
关于【南川区大观水厂至白沙段管网延伸工程施工招标代理】中选结果的公告,https://www.cqggzy.com/trade/014/BRII_50011968890164X2609070173?categoryNum=014010002,南川区,中选公告,2026-09-10,重庆市公共资源交易网,2026-09-11 10:59:33
关于【垫江县高新区现代农业泵阀产业园项目(一期)(标准厂房、物流仓储及配套工程)(一)1#厂房桩基施工勘察（一桩一孔）项目】中选结果的公告,https://www.cqggzy.com/trade/014/BRII_500231MA5YUC0G42609070969?categoryNum=014010002,垫江县,中选公告,2026-09-10,重庆市公共资源交易网,2026-09-11 10:59:33
2026年地方金融组织现场检查中介服务(CQS26C02325)中标（成交）结果公告,https://www.cqggzy.com/trade/014/1674064508840357888_7?categoryNum=014005004,市级,采购结果公告,2026-09-10,重庆市公共资源交易网,2026-09-11 10:59:33
2026年地方金融组织现场检查中介服务(CQS26C02325)中标（成交）结果公告,https://www.cqggzy.com/trade/014/1674064508840357888_6?categoryNum=014005004,市级,采购结果公告,2026-09-10,重庆市公共资源交易网,2026-09-11 10:59:33
2026年地方金融组织现场检查中介服务(CQS26C02325)中标（成交）结果公告,https://www.cqggzy.com/trade/014/1674064508840357888_5?categoryNum=014005004,市级,采购结果公告,2026-09-10,重庆市公共资源交易网,2026-09-11 10:59:33
2026年地方金融组织现场检查中介服务(CQS26C02325)中标（成交）结果公告,https://www.cqggzy.com/trade/014/1674064508840357888_4?categoryNum=014005004,市级,采购结果公告,2026-09-10,重庆市公共资源交易网,2026-09-11 10:59:33
2026年地方金融组织现场检查中介服务(CQS26C02325)中标（成交）结果公告,https://www.cqggzy.com/trade/014/1674064508840357888_3?categoryNum=014005004,市级,采购结果公告,2026-09-10,重庆市公共资源交易网,2026-09-11 10:59:35
2026年地方金融组织现场检查中介服务(CQS26C02325)中标（成交）结果公告,https://www.cqggzy.com/trade/014/1674064508840357888_2?categoryNum=014005004,市级,采购结果公告,2026-09-10,重庆市公共资源交易网,2026-09-11 10:59:35
2026年地方金融组织现场检查中介服务(CQS26C02325)中标（成交）结果公告,https://www.cqggzy.com/trade/014/1674064508840357888_1?categoryNum=014005004,市级,采购结果公告,2026-09-10,重庆市公共资源交易网,2026-09-11 10:59:35
关于【武隆区仙女山街道白果老场镇滑坡、凤山街道崖垭口危岩治理工程预算审查项目】中选结果的公告,https://www.cqggzy.com/trade/014/BRII_5002326814812592609080513?categoryNum=014010002,武隆区,中选公告,2026-09-10,重庆市公共资源交易网,2026-09-11 10:59:35
重庆市万州区生态环境监测站搬迁服务项目(WZQ26C00077)采购更正公告,https://www.cqggzy.com/trade/014/1674076432692981760?categoryNum=014005002,万州区,答疑变更,2026-09-10,重庆市公共资源交易网,2026-09-11 10:59:35
北碚区G01单元04街区001/01地块国有建设用地使用权公开出让公告（公告序号：26025）,https://www.cqggzy.com/trade/014/17890143129896220846-SELL?categoryNum=014004001001,市级,交易公告,2026-09-10,重庆市公共资源交易网,2026-09-11 10:59:35
沙坪坝区D01单元04街区002/01地块国有建设用地使用权公开出让公告（公告序号：26026）,https://www.cqggzy.com/trade/014/17890146221492427764-SELL?categoryNum=014004001001,市级,交易公告,2026-09-10,重庆市公共资源交易网,2026-09-11 10:59:35
关于【丰都县三建乡卫生院能力提升项目招标代理服务】中选结果的公告,https://www.cqggzy.com/trade/014/BRII_5002304520275702609020903?categoryNum=014010002,丰都县,中选公告,2026-09-10,重庆市公共资源交易网,2026-09-11 10:59:35
关于【S406线彭水县高谷镇至丰都县武平镇（丰都县境内）二级公路改造工程（何家坝至武平镇段）】中选结果的公告,https://www.cqggzy.com/trade/014/BRII_5002300532483412609070681?categoryNum=014010002,丰都县,中选公告,2026-09-10,重庆市公共资源交易网,2026-09-11 10:59:35
重庆市无线电管理检测实验室技术服务（2026年-2029年）(CQS26C02515)公开招标公告,https://www.cqggzy.com/trade/014/1674062547957100544?categoryNum=014005001,市级,采购公告,2026-09-10,重庆市公共资源交易网,2026-09-11 10:59:35
美丽重庆城乡风貌技术服务(CQS26C01842)中标（成交）结果公告,https://www.cqggzy.com/trade/014/1672945713799278592_1?categoryNum=014005004,市级,采购结果公告,2026-09-10,重庆市公共资源交易网,2026-09-11 10:59:35
关于【石门镇民兴大道（派出所-新广场）道路加宽改造项目预算编制服务】中选结果的公告,https://www.cqggzy.com/trade/014/BRII_50011600932057X2609040023?categoryNum=014010002,江津区,中选公告,2026-09-10,重庆市公共资源交易网,2026-09-11 10:59:35
关于【拆除原秦家中学收购地块红线内地上建（构）筑物项目预算服务】中选结果的公告,https://www.cqggzy.com/trade/014/BRII_50011600932057X2609040577?categoryNum=014010002,江津区,中选公告,2026-09-10,重庆市公共资源交易网,2026-09-11 10:59:38
关于【两江新区公立医院改革与高质量发展提升信息化设计项目】中选结果的公告,https://www.cqggzy.com/trade/014/BRII_500198MB0B188332609070596?categoryNum=014010002,两江新区,中选公告,2026-09-10,重庆市公共资源交易网,2026-09-11 10:59:38
关于【百步桥结构专项检测服务的预算审核服务采购】中选结果的公告,https://www.cqggzy.com/trade/014/BRII_5002245699376582609070845?categoryNum=014010002,铜梁区,中选公告,2026-09-10,重庆市公共资源交易网,2026-09-11 10:59:38
关于【2026年酉阳县涂市镇银岭村响塘坝集中安置点配套道路及安防工程建设项目】中选结果的公告,https://www.cqggzy.com/trade/014/BRII_5002427116476522608210330?categoryNum=014010002,酉阳县,中选公告,2026-09-10,重庆市公共资源交易网,2026-09-11 10:59:38
关于【百步桥结构专项检测服务的预算服务采购】中选结果的公告,https://www.cqggzy.com/trade/014/BRII_5002245699376582609070820?categoryNum=014010002,铜梁区,中选公告,2026-09-10,重庆市公共资源交易网,2026-09-11 10:59:38
关于【酉阳县龙潭镇2026年赵庄社区河堤坝修复项目招标代理服务】中选结果的公告,https://www.cqggzy.com/trade/014/BRII_50024275309171X2609040060?categoryNum=014010002,酉阳县,中选公告,2026-09-10,重庆市公共资源交易网,2026-09-11 10:59:38
关于【荣昌区濑溪河流域下游入河排污口整治项目】中选结果的公告,https://www.cqggzy.com/trade/014/BRII_5002267659023052609070525?categoryNum=014010002,荣昌区,中选公告,2026-09-10,重庆市公共资源交易网,2026-09-11 10:59:38
关于为【E标准分区西侧边坡整治工程质量监测】 公开选取【工程勘察，测绘】机构的公告,https://www.cqggzy.com/trade/014/PNII_5001985590181482609100318?categoryNum=014010001,两江新区,采购公告,2026-09-10,重庆市公共资源交易网,2026-09-11 10:59:38
关于为【黔江区岩上水库老旧水库改造提升项目前期咨询和设计服务】 公开选取【工程设计，工程勘察】机构的公告,https://www.cqggzy.com/trade/014/PNII_500114MA61D430X2609100323?categoryNum=014010001,黔江区,采购公告,2026-09-10,重庆市公共资源交易网,2026-09-11 10:59:38
关于【重庆航天职业技术学院梁平校区建设项目(一期)场平工程和10kv线路迁改工程监理服务】中选结果的公告,https://www.cqggzy.com/trade/014/BRII_5002287874723262609070423?categoryNum=014010002,梁平区,中选公告,2026-09-10,重庆市公共资源交易网,2026-09-11 10:59:38
关于【S506南溪至江口段应急停车区完善工程 招标代理】中选结果的公告,https://www.cqggzy.com/trade/014/BRII_5002357592969352609070227?categoryNum=014010002,云阳县,中选公告,2026-09-10,重庆市公共资源交易网,2026-09-11 10:59:38
关于【武隆高标准农田审计非耕地问题2026年补建整改招标限价审核服务】中选结果的公告,https://www.cqggzy.com/trade/014/BRII_5002326814615302609040585?categoryNum=014010002,武隆区,中选公告,2026-09-10,重庆市公共资源交易网,2026-09-11 10:59:38
关于【静观镇大坪村-金堂村片区、中华村、和睦村、塔坪村、九堰村人居环境整治项目结算审核】中选结果的公告,https://www.cqggzy.com/trade/014/BRII_5001090092989312609070561?categoryNum=014010002,北碚区,中选公告,2026-09-10,重庆市公共资源交易网,2026-09-11 10:59:39
关于【G42沪蓉高速万州高粱至分水段项目BIM服务】中选结果的公告,https://www.cqggzy.com/trade/014/BRII_5001010086303572609020068?categoryNum=014010002,万州区,中选公告,2026-09-10,重庆市公共资源交易网,2026-09-11 10:59:39
重庆市江津区市场监督管理局2026年区级食品安全监督抽检(CQS26C02029)中标（成交）结果公告,https://www.cqggzy.com/trade/014/1674063944819716096_3?categoryNum=014005004,市级,采购结果公告,2026-09-10,重庆市公共资源交易网,2026-09-11 10:59:39
重庆市江津区市场监督管理局2026年区级食品安全监督抽检(CQS26C02029)中标（成交）结果公告,https://www.cqggzy.com/trade/014/1674063944819716096_2?categoryNum=014005004,市级,采购结果公告,2026-09-10,重庆市公共资源交易网,2026-09-11 10:59:39
重庆市江津区市场监督管理局2026年区级食品安全监督抽检(CQS26C02029)中标（成交）结果公告,https://www.cqggzy.com/trade/014/1674063944819716096_1?categoryNum=014005004,市级,采购结果公告,2026-09-10,重庆市公共资源交易网,2026-09-11 10:59:39
大足区万古镇莲花村1、2、3组地块（部分2）地块,https://www.cqggzy.com/trade/014/cclexm31092?categoryNum=014014001004,大足区,交易信息,2026-09-10,重庆市公共资源交易网,2026-09-11 10:59:39
酉阳县 车田乡 2500平方米 农业产业项目 出租,https://www.cqggzy.com/trade/014/cclexm31094?categoryNum=014014001002,酉阳县,交易信息,2026-09-10,重庆市公共资源交易网,2026-09-11 10:59:39
关于【涪陵区敦仁街道清溪沟社区明瑜国际片区城镇老旧小区改造工程】中选结果的公告,https://www.cqggzy.com/trade/014/BRII_5001027365602112609070216?categoryNum=014010002,涪陵区,中选公告,2026-09-10,重庆市公共资源交易网,2026-09-11 10:59:39
关于【荣昌区(仁义镇、荣隆镇7个街镇)入河排污口整治项目】中选结果的公告,https://www.cqggzy.com/trade/014/BRII_5002267659023052609070575?categoryNum=014010002,荣昌区,中选公告,2026-09-10,重庆市公共资源交易网,2026-09-11 10:59:39
关于【涪陵区敦仁街道清溪沟社区明瑜国际片区城镇老旧小区改造工程】中选结果的公告,https://www.cqggzy.com/trade/014/BRII_5001027365602112609070232?categoryNum=014010002,涪陵区,中选公告,2026-09-10,重庆市公共资源交易网,2026-09-11 10:59:39
关于【涪陵区何家堡片区城镇老旧小区配套基础设施改造工程】中选结果的公告,https://www.cqggzy.com/trade/014/BRII_5001027365602112609070198?categoryNum=014010002,涪陵区,中选公告,2026-09-10,重庆市公共资源交易网,2026-09-11 10:59:39
关于【重庆市涪陵区2026年度城市体检工作专业技术服务】中选结果的公告,https://www.cqggzy.com/trade/014/BRII_5001020086735682609070678?categoryNum=014010002,涪陵区,中选公告,2026-09-10,重庆市公共资源交易网,2026-09-11 10:59:39
2026年“就在山城”直播带岗公共服务(CQS26C02250)中标（成交）结果公告,https://www.cqggzy.com/trade/014/1674064872431988736_3?categoryNum=014005004,市级,采购结果公告,2026-09-10,重庆市公共资源交易网,2026-09-11 10:59:41
2026年“就在山城”直播带岗公共服务(CQS26C02250)中标（成交）结果公告,https://www.cqggzy.com/trade/014/1674064872431988736_2?categoryNum=014005004,市级,采购结果公告,2026-09-10,重庆市公共资源交易网,2026-09-11 10:59:41
2026年“就在山城”直播带岗公共服务(CQS26C02250)中标（成交）结果公告,https://www.cqggzy.com/trade/014/1674064872431988736_1?categoryNum=014005004,市级,采购结果公告,2026-09-10,重庆市公共资源交易网,2026-09-11 10:59:41
关于为【鲁渝协作李溪乡村振兴产业园四期项目】 公开选取【工程设计】机构的公告,https://www.cqggzy.com/trade/014/PNII_5002420091483272609100295?categoryNum=014010001,酉阳县,采购公告,2026-09-10,重庆市公共资源交易网,2026-09-11 10:59:41
关于【中欧班列万州站货场站内给水管迁改项目预算审核】中选结果的公告,https://www.cqggzy.com/trade/014/BRII_5001010086303572609040286?categoryNum=014010002,万州区,中选公告,2026-09-10,重庆市公共资源交易网,2026-09-11 10:59:41
关于为【2026年当阳乡危房整治及维修加固工程预算审核】 公开选取【工程造价咨询】机构的公告,https://www.cqggzy.com/trade/014/PNII_5002370086612172609100294?categoryNum=014010001,巫山县,采购公告,2026-09-10,重庆市公共资源交易网,2026-09-11 10:59:41
关于为【彭水县苗医苗药及特色食品产业孵化园建设项目一期（特色食品配套设施）项目预算审核】 公开选取【工程造价咨询】机构的公告,https://www.cqggzy.com/trade/014/PNII_5002435540984762609100322?categoryNum=014010001,彭水县,采购公告,2026-09-10,重庆市公共资源交易网,2026-09-11 10:59:41
关于为【黔江区永胜水库老旧水库改造提升项目前期咨询和设计服务】 公开选取【工程设计，工程勘察】机构的公告,https://www.cqggzy.com/trade/014/PNII_500114MA61D430X2609100316?categoryNum=014010001,黔江区,采购公告,2026-09-10,重庆市公共资源交易网,2026-09-11 10:59:41
关于为【电梯维护保养服务项目（2026）】 公开选取【特种设备检验检测】机构的公告,https://www.cqggzy.com/trade/014/PNII_5001077428629372609100286?categoryNum=014010001,九龙坡区,采购公告,2026-09-10,重庆市公共资源交易网,2026-09-11 10:59:41
关于【重庆航天职业技术学院梁平校区建设项目(一期)10kv 金张线#9杆-枫叶学校环网柜高低压线路迁改工程设计单位采购】中选结果的公告,https://www.cqggzy.com/trade/014/BRII_5002287874723262609070379?categoryNum=014010002,梁平区,中选公告,2026-09-10,重庆市公共资源交易网,2026-09-11 10:59:41
关于为【长寿区江南街道五星枇杷现代种植园灌溉提升工程水资源论证报告书编制】 公开选取【取水许可论证】机构的公告,https://www.cqggzy.com/trade/014/PNII_5001150093038762609100283?categoryNum=014010001,长寿区,采购公告,2026-09-10,重庆市公共资源交易网,2026-09-11 10:59:41
关于【中欧班列万州站货场电力排管通道预留项目预算审核】中选结果的公告,https://www.cqggzy.com/trade/014/BRII_5001010086303572609040293?categoryNum=014010002,万州区,中选公告,2026-09-10,重庆市公共资源交易网,2026-09-11 10:59:41
关于【来鹿寺滑坡整治项目结算审计采购】中选结果的公告,https://www.cqggzy.com/trade/014/BRII_500198MB0B188092609040588?categoryNum=014010002,两江新区,中选公告,2026-09-10,重庆市公共资源交易网,2026-09-11 10:59:43
关于为【峡南溪、瓜草湾安置房消防技术服务】 公开选取【消防技术服务】机构的公告,https://www.cqggzy.com/trade/014/PNII_5002302087516472609100274?categoryNum=014010001,丰都县,采购公告,2026-09-10,重庆市公共资源交易网,2026-09-11 10:59:43
关于【长寿经开区库房内废旧物资价值评估服务】中选结果的公告,https://www.cqggzy.com/trade/014/BRII_5001157453471992608310885?categoryNum=014010002,长寿区,中选公告,2026-09-10,重庆市公共资源交易网,2026-09-11 10:59:43
关于【秀山县油茶初加工厂建设工程 (一期)一标段防雷检测服务】中选结果的公告,https://www.cqggzy.com/trade/014/BRII_500241MA5U5CFY72609040523?categoryNum=014010002,秀山县,中选公告,2026-09-10,重庆市公共资源交易网,2026-09-11 10:59:43
关于【重庆市江津二中高中部体育场新建工程房屋及边坡沉降监测】中选结果的公告,https://www.cqggzy.com/trade/014/BRII_5001164505525232609040094?categoryNum=014010002,江津区,中选公告,2026-09-10,重庆市公共资源交易网,2026-09-11 10:59:43
关于【2026年武隆区火炉－江口片区产村融合发展示范项目（火炉镇）】中选结果的公告,https://www.cqggzy.com/trade/014/BRII_5002320086917152609070669?categoryNum=014010002,武隆区,中选公告,2026-09-10,重庆市公共资源交易网,2026-09-11 10:59:43
关于【武隆高标准农田审计非耕地问题2026年补建整改监理服务】中选结果的公告,https://www.cqggzy.com/trade/014/BRII_5002326814615302609040602?categoryNum=014010002,武隆区,中选公告,2026-09-10,重庆市公共资源交易网,2026-09-11 10:59:43
关于为【云阳县红狮镇柑橘产业带抗旱供水工程、云阳县龙洞镇柑橘产业带抗早供水工程项目招标代理】 公开选取【招标代理】机构的公告,https://www.cqggzy.com/trade/014/PNII_500235MAABR36U42609100229?categoryNum=014010001,云阳县,采购公告,2026-09-10,重庆市公共资源交易网,2026-09-11 10:59:43
关于为【2026年巫山县平河乡樟坪村、燕子村柑橘示范园建设项目监理服务】 公开选取【工程监理】机构的公告,https://www.cqggzy.com/trade/014/PNII_5002370086612092609100198?categoryNum=014010001,巫山县,采购公告,2026-09-10,重庆市公共资源交易网,2026-09-11 10:59:43
关于【天成星荟综合体建设项目临时施工变压器安装工程招标代理】中选结果的公告,https://www.cqggzy.com/trade/014/BRII_5001117094716942609070248?categoryNum=014010002,大足区,中选公告,2026-09-10,重庆市公共资源交易网,2026-09-11 10:59:43
领熙府小区（北区）2幢3单元602室,https://www.cqggzy.com/trade/014/O198919?categoryNum=014013002,市外,司法拍卖,2026-09-10,重庆市公共资源交易网,2026-09-11 10:59:43
关于为【E标准分区西侧边坡整治工程质量检测】 公开选取【建设工程质量检测，检验检测服务】机构的公告,https://www.cqggzy.com/trade/014/PNII_5001985590181482609090682?categoryNum=014010001,两江新区,采购公告,2026-09-10,重庆市公共资源交易网,2026-09-11 10:59:43
关于为【2026-414#某危旧房改造项目（结算）】 公开选取【工程造价咨询】机构的公告,https://www.cqggzy.com/trade/014/PNII_5002236814909052609100272?categoryNum=014010001,潼南区,采购公告,2026-09-10,重庆市公共资源交易网,2026-09-11 10:59:45
关于为【南宾街道城东社区物业小区小区消防设施维修项目招标代理服务采购】 公开选取【招标代理】机构的公告,https://www.cqggzy.com/trade/014/PNII_5002403587008612609100160?categoryNum=014010001,石柱县,采购公告,2026-09-10,重庆市公共资源交易网,2026-09-11 10:59:45
关于【重庆航天职业技术学院梁平校区建设项目(一期)10kv金园线#7杆-#28杆线路迁改工程设计单位采购】中选结果的公告,https://www.cqggzy.com/trade/014/BRII_5002287874723262609070442?categoryNum=014010002,梁平区,中选公告,2026-09-10,重庆市公共资源交易网,2026-09-11 10:59:45
关于为【重庆市璧山区同心水库改造提升工程分析评估、 金竹林三百梯水库改造提升工程分析评估招标代理】 公开选取【招标代理】机构的公告,https://www.cqggzy.com/trade/014/PNII_5002273315513412609100255?categoryNum=014010001,璧山区,采购公告,2026-09-10,重庆市公共资源交易网,2026-09-11 10:59:45
关于为【龙潭镇2026年农机社会化服务发展项目预算审核服务】 公开选取【工程造价咨询】机构的公告,https://www.cqggzy.com/trade/014/PNII_5001027365789132609100290?categoryNum=014010001,涪陵区,采购公告,2026-09-10,重庆市公共资源交易网,2026-09-11 10:59:45
关于为【清洁服务及食堂劳务服务采购】 公开选取【商务服务】机构的公告,https://www.cqggzy.com/trade/014/PNII_500105MA60A81B02609100243?categoryNum=014010001,江北区,采购公告,2026-09-10,重庆市公共资源交易网,2026-09-11 10:59:45
关于为【界石镇樵坪人家公租房小学公厕提档升级项目结算审核】 公开选取【工程造价咨询】机构的公告,https://www.cqggzy.com/trade/014/PNII_5001130093088292609100282?categoryNum=014010001,巴南区,采购公告,2026-09-10,重庆市公共资源交易网,2026-09-11 10:59:45
关于为【2026-421#某医学设备采购项目（预算）】 公开选取【工程造价咨询】机构的公告,https://www.cqggzy.com/trade/014/PNII_5002236814909052609100266?categoryNum=014010001,潼南区,采购公告,2026-09-10,重庆市公共资源交易网,2026-09-11 10:59:45
关于【重庆市开州区大进镇中心卫生院血透科水机维保服务（三年）】中选结果的公告,https://www.cqggzy.com/trade/014/BRII_5002344517920192608310206?categoryNum=014010002,开州区,中选公告,2026-09-10,重庆市公共资源交易网,2026-09-11 10:59:45
关于【忠县城镇污水处理项目（管网改造）】中选结果的公告,https://www.cqggzy.com/trade/014/BRII_5002337093714152609030562?categoryNum=014010002,忠县,中选公告,2026-09-10,重庆市公共资源交易网,2026-09-11 10:59:45
关于【邻封镇邻封村2026年农村公益事业建设财政奖补项目】中选结果的公告,https://www.cqggzy.com/trade/014/BRII_5001150093045022609030631?categoryNum=014010002,长寿区,中选公告,2026-09-10,重庆市公共资源交易网,2026-09-11 10:59:45
关于为【奉节县红土乡2026年村级道路安全隐患整治建设项目】 公开选取【工程造价咨询】机构的公告,https://www.cqggzy.com/trade/014/PNII_500236MB1M388442609100278?categoryNum=014010001,奉节县,采购公告,2026-09-10,重庆市公共资源交易网,2026-09-11 10:59:45
关于【双溪雅苑D#、E#楼、天堡雅苑二组团16#、17#楼改造项目预算审核及全过程造价咨询】中选结果的公告,https://www.cqggzy.com/trade/014/BRII_5001985748418292609040106?categoryNum=014010002,两江新区,中选公告,2026-09-10,重庆市公共资源交易网,2026-09-11 10:59:47
关于为【铜梁区东城街道安全村安全水库维修养护项目结算审核】 公开选取【工程造价咨询】机构的公告,https://www.cqggzy.com/trade/014/PNII_5002247958888582609100244?categoryNum=014010001,铜梁区,采购公告,2026-09-10,重庆市公共资源交易网,2026-09-11 10:59:47
关于【重庆市江津区大圆洞林场 5宗国有房屋资产挂网招租租金评估服务】中选结果的公告,https://www.cqggzy.com/trade/014/BRII_5001167562189072609070229?categoryNum=014010002,江津区,中选公告,2026-09-10,重庆市公共资源交易网,2026-09-11 10:59:47
关于【重庆市足管中心龙兴片区十一人制天然草足球场地建设项目委托检测服务采购（第二次）】中选结果的公告,https://www.cqggzy.com/trade/014/BRII_5001037093544982609070570?categoryNum=014010002,渝中区,中选公告,2026-09-10,重庆市公共资源交易网,2026-09-11 10:59:47
关于为【2026年应急指挥系统运维服务】 公开选取【信息咨询和技术服务】机构的公告,https://www.cqggzy.com/trade/014/PNII_500116MABXABF152609100264?categoryNum=014010001,江津区,采购公告,2026-09-10,重庆市公共资源交易网,2026-09-11 10:59:47
关于【重庆国开新材料有限公司薪酬体系优化咨询服务】中选结果的公告,https://www.cqggzy.com/trade/014/BRII_5001020968584652609070926?categoryNum=014010002,涪陵区,中选公告,2026-09-10,重庆市公共资源交易网,2026-09-11 10:59:47
关于为【忠县涂井乡原龙滩村基础设施完善工程】 公开选取【工程造价咨询】机构的公告,https://www.cqggzy.com/trade/014/PNII_5002337094714242609100239?categoryNum=014010001,忠县,采购公告,2026-09-10,重庆市公共资源交易网,2026-09-11 10:59:47
关于为【2026-426#某展览馆建设项目（结算）】 公开选取【工程造价咨询】机构的公告,https://www.cqggzy.com/trade/014/PNII_5002236814909052609100258?categoryNum=014010001,潼南区,采购公告,2026-09-10,重庆市公共资源交易网,2026-09-11 10:59:47
关于为【茨竹乡2026年茨双路新改建项目】 公开选取【招标代理】机构的公告,https://www.cqggzy.com/trade/014/PNII_5001016733975162609100265?categoryNum=014010001,万州区,采购公告,2026-09-10,重庆市公共资源交易网,2026-09-11 10:59:47
关于为【城口县2026年北屏-岚天片区和美乡村建设项目概算审核服务】 公开选取【工程造价咨询】机构的公告,https://www.cqggzy.com/trade/014/PNII_5002297592934192609100263?categoryNum=014010001,城口县,采购公告,2026-09-10,重庆市公共资源交易网,2026-09-11 10:59:47
关于为【2026-427#某配送中心建筑工程（预算）】 公开选取【工程造价咨询】机构的公告,https://www.cqggzy.com/trade/014/PNII_5002236814909052609100251?categoryNum=014010001,潼南区,采购公告,2026-09-10,重庆市公共资源交易网,2026-09-11 10:59:47
关于为【江津珞璜绕城南污水处理厂项目可行性研究报告修改编制、初设优化及资金申请服务（第二次）】 公开选取【工程咨询】机构的公告,https://www.cqggzy.com/trade/014/PNII_5001166839433572609090104?categoryNum=014010001,江津区,采购公告,2026-09-10,重庆市公共资源交易网,2026-09-11 10:59:47
重庆医科大学附属第一医院酶标仪(CQS26A02770)结果公告,https://www.cqggzy.com/trade/014/1673719384738410496?categoryNum=014005004,市级,采购结果公告,2026-09-10,重庆市公共资源交易网,2026-09-11 10:59:49
关于为【万州区龙都街道桐子园沿江连接道整治工程沥青采购】 公开选取【工程造价咨询】机构的公告,https://www.cqggzy.com/trade/014/PNII_5001015699222452609100240?categoryNum=014010001,万州区,采购公告,2026-09-10,重庆市公共资源交易网,2026-09-11 10:59:49
关于为【明月天香旅游度假区南入口建设项目移动线路迁改预算审核】 公开选取【工程造价咨询】机构的公告,https://www.cqggzy.com/trade/014/PNII_500231MA7DKNL662609100221?categoryNum=014010001,垫江县,采购公告,2026-09-10,重庆市公共资源交易网,2026-09-11 10:59:49
忠县公路治超非现场执法电子检测系统（新生点）(ZHZ26C00034)公开招标公告,https://www.cqggzy.com/trade/014/1674061657221148672?categoryNum=014005001,忠县,采购公告,2026-09-10,重庆市公共资源交易网,2026-09-11 10:59:49
关于为【重点林区感知设备覆盖范围现状及新增点位选址优化技术服务】 公开选取【测绘】机构的公告,https://www.cqggzy.com/trade/014/PNII_5002240093345252609100189?categoryNum=014010001,铜梁区,采购公告,2026-09-10,重庆市公共资源交易网,2026-09-11 10:59:49
关于为【重庆市武隆区隆城国际小区消防整改项目】 公开选取【工程造价咨询】机构的公告,https://www.cqggzy.com/trade/014/PNII_500232MB01576572609100249?categoryNum=014010001,武隆区,采购公告,2026-09-10,重庆市公共资源交易网,2026-09-11 10:59:49
关于【武隆高标准农田审计非耕地问题2026年补建整改项目招标代理】中选结果的公告,https://www.cqggzy.com/trade/014/BRII_5002326814615302609040614?categoryNum=014010002,武隆区,中选公告,2026-09-10,重庆市公共资源交易网,2026-09-11 10:59:49
关于【G353宁福线重庆市南川区K2025+226-K2042+750段(武隆界至潜沟)公路地质灾害防治工程（全过程造价咨询） 】中选结果的公告,https://www.cqggzy.com/trade/014/BRII_500119MA60MX0AX2609070105?categoryNum=014010002,南川区,中选公告,2026-09-10,重庆市公共资源交易网,2026-09-11 10:59:49
关于【重庆航天职业技术学院梁平校区建设项目（一期）】中选结果的公告,https://www.cqggzy.com/trade/014/BRII_5002287339702742609070128?categoryNum=014010002,梁平区,中选公告,2026-09-10,重庆市公共资源交易网,2026-09-11 10:59:49
关于【G353宁福线龙见桥(K2046+431)改建工程（监理）】中选结果的公告,https://www.cqggzy.com/trade/014/BRII_500119MA60MX0AX2609070087?categoryNum=014010002,南川区,中选公告,2026-09-10,重庆市公共资源交易网,2026-09-11 10:59:49
沧县捷地乡捷地村新捷家园5-3-601,https://www.cqggzy.com/trade/014/O198920?categoryNum=014013002,市外,司法拍卖,2026-09-10,重庆市公共资源交易网,2026-09-11 10:59:49
关于为【塘坝镇森林防火道路(国债项目20#、21#线)暴雨损毁路段修复（设计）】 公开选取【工程设计】机构的公告,https://www.cqggzy.com/trade/014/PNII_5002230093325462609100128?categoryNum=014010001,潼南区,采购公告,2026-09-10,重庆市公共资源交易网,2026-09-11 10:59:49
华福大道绿化品质提升(DDK26B00011)中标（成交）结果公告,https://www.cqggzy.com/trade/014/1674058702522724352_1?categoryNum=014005004,大渡口区,采购结果公告,2026-09-10,重庆市公共资源交易网,2026-09-11 10:59:52
关于为【关于丰都城建集团南天湖绿能高性能预拌材料生产基地项目可行性研究报告编制的需求】 公开选取【工程咨询】机构的公告,https://www.cqggzy.com/trade/014/PNII_5002300824159702609100162?categoryNum=014010001,丰都县,采购公告,2026-09-10,重庆市公共资源交易网,2026-09-11 10:59:52
关于为【2026年度合川区高新区土地集约利用全面评价技术服务工作】 公开选取【土地规划，城乡规划编制】机构的公告,https://www.cqggzy.com/trade/014/PNII_500117MB16160262609100197?categoryNum=014010001,合川区,采购公告,2026-09-10,重庆市公共资源交易网,2026-09-11 10:59:52
关于为【綦江区采煤沉陷区地质灾害排除及环境整治工程（三标段）-地灾部分施工招标代理】 公开选取【招标代理，工程建设项目招标代理】机构的公告,https://www.cqggzy.com/trade/014/PNII_5001103316770082609100033?categoryNum=014010001,綦江区,采购公告,2026-09-10,重庆市公共资源交易网,2026-09-11 10:59:52
关于【邻封镇邻封村2026年农村公益事业建设财政奖补项目】中选结果的公告,https://www.cqggzy.com/trade/014/BRII_5001150093045022609030712?categoryNum=014010002,长寿区,中选公告,2026-09-10,重庆市公共资源交易网,2026-09-11 10:59:52
关于【邻封镇邻封村2026年农村公益事业建设财政奖补项目】中选结果的公告,https://www.cqggzy.com/trade/014/BRII_5001150093045022609030643?categoryNum=014010002,长寿区,中选公告,2026-09-10,重庆市公共资源交易网,2026-09-11 10:59:52
关于【渝西国际开放枢纽新城首开区地质灾害危险性评估服务采购公告】中选结果的公告,https://www.cqggzy.com/trade/014/BRII_500118MB083788X2609030554?categoryNum=014010002,永川区,中选公告,2026-09-10,重庆市公共资源交易网,2026-09-11 10:59:52
关于为【2026年龙铜路S106龙水段美化提升工程】 公开选取【招标代理】机构的公告,https://www.cqggzy.com/trade/014/PNII_5001117365742422609100192?categoryNum=014010001,大足区,采购公告,2026-09-10,重庆市公共资源交易网,2026-09-11 10:59:52
关于【忠县农村供水标准化提升工程（勘察设计）】中选结果的公告,https://www.cqggzy.com/trade/014/BRII_5002330863485092609040551?categoryNum=014010002,忠县,中选公告,2026-09-10,重庆市公共资源交易网,2026-09-11 10:59:52
关于【石柱县沪渝高速沙子互通至黄水镇应急避险 场所建设工程】中选结果的公告,https://www.cqggzy.com/trade/014/BRII_5002402139536652609040589?categoryNum=014010002,石柱县,中选公告,2026-09-10,重庆市公共资源交易网,2026-09-11 10:59:52
关于【南川区2026年农村公路安防设施应安未安路段隐患整治项目（监理）】中选结果的公告,https://www.cqggzy.com/trade/014/BRII_500119MA60MX0AX2609070068?categoryNum=014010002,南川区,中选公告,2026-09-10,重庆市公共资源交易网,2026-09-11 10:59:52
关于【选取第三方机构对重庆市两江新区生活必需品流通保供体系2023-2025年度的19个保供项目开展绩效评估工作】中选结果的公告,https://www.cqggzy.com/trade/014/BRII_5001053217745172609070498?categoryNum=014010002,江北区,中选公告,2026-09-10,重庆市公共资源交易网,2026-09-11 10:59:52
关于【重庆市涪陵区李渡街道明家湾污水治理工程预算审核】中选结果的公告,https://www.cqggzy.com/trade/014/BRII_500102MA5U565682609030607?categoryNum=014010002,涪陵区,中选公告,2026-09-10,重庆市公共资源交易网,2026-09-11 10:59:56
关于【受大学城复线隧道施工影响雷远珍户建构筑物测绘】中选结果的公告,https://www.cqggzy.com/trade/014/BRII_5001060092914062609030434?categoryNum=014010002,沙坪坝区,中选公告,2026-09-10,重庆市公共资源交易网,2026-09-11 10:59:56
关于【邻封镇邻封村2026年农村公益事业建设财政奖补项目】中选结果的公告,https://www.cqggzy.com/trade/014/BRII_5001150093045022609030665?categoryNum=014010002,长寿区,中选公告,2026-09-10,重庆市公共资源交易网,2026-09-11 10:59:56
关于【经开区智创中心一期项目电力增容预算编制】中选结果的公告,https://www.cqggzy.com/trade/014/BRII_5001085678876932609070047?categoryNum=014010002,南岸区,中选公告,2026-09-10,重庆市公共资源交易网,2026-09-11 10:59:56
关于【重庆市江津区鼎山街道艾坪山片区内涝治理工程施工作业对既有建筑及鼎山长江大桥引道结构安全评估服务单位采购】中选结果的公告,https://www.cqggzy.com/trade/014/BRII_500116MB1H702922609070548?categoryNum=014010002,江津区,中选公告,2026-09-10,重庆市公共资源交易网,2026-09-11 10:59:56
关于【丰都县包鸾中学校食堂排污等工程】中选结果的公告,https://www.cqggzy.com/trade/014/BRII_5002304520275892609070034?categoryNum=014010002,丰都县,中选公告,2026-09-10,重庆市公共资源交易网,2026-09-11 10:59:56
关于【重庆市两江新区米亭子小学校语言艺术（口才）培训服务】中选结果的公告,https://www.cqggzy.com/trade/014/BRII_5001054504294022609070721?categoryNum=014010002,江北区,中选公告,2026-09-10,重庆市公共资源交易网,2026-09-11 10:59:56
关于为【2026年小河镇农村饮水安全项目】 公开选取【工程建设项目招标代理】机构的公告,https://www.cqggzy.com/trade/014/PNII_50024200914836X2609100271?categoryNum=014010001,酉阳县,采购公告,2026-09-10,重庆市公共资源交易网,2026-09-11 10:59:56
中梁乡石锣村2026年脆李标准园建设项目（第四次）(WXX26A00185)中标（成交）结果公告,https://www.cqggzy.com/trade/014/1674058114401611776_1?categoryNum=014005004,巫溪县,采购结果公告,2026-09-10,重庆市公共资源交易网,2026-09-11 10:59:56
关于为【卧佛镇老年人健身器材更换维修，健身场地维护、幸福家园维修项目】 公开选取【招标代理】机构的公告,https://www.cqggzy.com/trade/014/PNII_5002237500976652609100202?categoryNum=014010001,潼南区,采购公告,2026-09-10,重庆市公共资源交易网,2026-09-11 10:59:56
关于为【重庆市长寿区晏家街道金龙村盗伐林木案件专项技术鉴定】 公开选取【司法鉴定】机构的公告,https://www.cqggzy.com/trade/014/PNII_5001150093039642609100276?categoryNum=014010001,长寿区,采购公告,2026-09-10,重庆市公共资源交易网,2026-09-11 10:59:56
关于为【江津区鹅公溪流域水环境综合治理工程社会稳定风险评估报告编制】 公开选取【社会工作服务评估】机构的公告,https://www.cqggzy.com/trade/014/PNII_5001167094493072609100267?categoryNum=014010001,江津区,采购公告,2026-09-10,重庆市公共资源交易网,2026-09-11 10:59:56
关于为【丰都县社会福利院八一院区新装热水系统项目】 公开选取【工程造价咨询】机构的公告,https://www.cqggzy.com/trade/014/PNII_5002304520291382609100216?categoryNum=014010001,丰都县,采购公告,2026-09-10,重庆市公共资源交易网,2026-09-11 10:59:58
关于为【巫溪县塘坊镇双柏村高速公路水系恢复工程】 公开选取【工程监理】机构的公告,https://www.cqggzy.com/trade/014/PNII_500238MB1B672072609100174?categoryNum=014010001,巫溪县,采购公告,2026-09-10,重庆市公共资源交易网,2026-09-11 10:59:58
关于为【黔江区马鞍水库老旧水库改造提升项目前期咨询和设计服务】 公开选取【工程设计，工程勘察】机构的公告,https://www.cqggzy.com/trade/014/PNII_500114MA61D430X2609100256?categoryNum=014010001,黔江区,采购公告,2026-09-10,重庆市公共资源交易网,2026-09-11 10:59:58
江苏省中医院重庆医院（重庆市永川区中医院）DSA（数字减影血管造影系统）移机及机房防护装修服务采购流标公告,https://www.cqggzy.com/trade/014/17890109459894181700?categoryNum=014012002,永川区,相关公告,2026-09-10,重庆市公共资源交易网,2026-09-11 10:59:58
关于为【农产品转运市场改造项目】 公开选取【工程设计】机构的公告,https://www.cqggzy.com/trade/014/PNII_5002407116439932609100215?categoryNum=014010001,石柱县,采购公告,2026-09-10,重庆市公共资源交易网,2026-09-11 10:59:58
关于为【重庆市汉基伊达置业有限公司审计、评估服务】 公开选取【破产业务服务】机构的公告,https://www.cqggzy.com/trade/014/PNII_5001055771555092609100186?categoryNum=014010001,江北区,采购公告,2026-09-10,重庆市公共资源交易网,2026-09-11 10:59:58
关于为【两江新区龙盛高端装备制造产业项目】 公开选取【工程勘察】机构的公告,https://www.cqggzy.com/trade/014/PNII_5001125567981852609100114?categoryNum=014010001,渝北区,采购公告,2026-09-10,重庆市公共资源交易网,2026-09-11 10:59:58
关于【渡舟街道2026年吕猪路路基垮塌整治项目设计采购】中选结果的公告,https://www.cqggzy.com/trade/014/BRII_5001157453115592609040134?categoryNum=014010002,长寿区,中选公告,2026-09-10,重庆市公共资源交易网,2026-09-11 10:59:58
关于【重庆市大仙女山南部片区国土绿化示范项目（武隆区）施工】中选结果的公告,https://www.cqggzy.com/trade/014/BRII_5002320086903922609040108?categoryNum=014010002,武隆区,中选公告,2026-09-10,重庆市公共资源交易网,2026-09-11 10:59:58
关于【信访法治化预警和监测系统项目招标代理机构采购】中选结果的公告,https://www.cqggzy.com/trade/014/BRII_5001090092977522609040220?categoryNum=014010002,北碚区,中选公告,2026-09-10,重庆市公共资源交易网,2026-09-11 10:59:58
关于【邻封镇邻封村2026年农村公益事业建设财政奖补项目】中选结果的公告,https://www.cqggzy.com/trade/014/BRII_5001150093045022609030622?categoryNum=014010002,长寿区,中选公告,2026-09-10,重庆市公共资源交易网,2026-09-11 10:59:58
关于【四面山镇田坪路、刘桃路养护项目（结算审核）】中选结果的公告,https://www.cqggzy.com/trade/014/BRII_5001165828038142609070203?categoryNum=014010002,江津区,中选公告,2026-09-10,重庆市公共资源交易网,2026-09-11 10:59:58
关于【重庆高新区2026年市政设施维护跟踪审计】中选结果的公告,https://www.cqggzy.com/trade/014/BRII_5002985936581572609070145?categoryNum=014010002,市级,中选公告,2026-09-10,重庆市公共资源交易网,2026-09-11 11:00:00
关于为【高梁学校2026年暑期维修项目】 公开选取【工程造价咨询】机构的公告,https://www.cqggzy.com/trade/014/PNII_50010145176419X2609090276?categoryNum=014010001,万州区,采购公告,2026-09-10,重庆市公共资源交易网,2026-09-11 11:00:00
关于【石柱县民族小学3号教学楼室内整修工程】中选结果的公告,https://www.cqggzy.com/trade/014/BRII_5002404529518352609070747?categoryNum=014010002,石柱县,中选公告,2026-09-10,重庆市公共资源交易网,2026-09-11 11:00:00
关于为【钓鱼嘴半岛公园基础设施提升项目可研评审单位采购】 公开选取【工程咨询】机构的公告,https://www.cqggzy.com/trade/014/PNII_5001040092864202609100259?categoryNum=014010001,大渡口区,采购公告,2026-09-10,重庆市公共资源交易网,2026-09-11 11:00:00
关于为【2026年度区级重点用能企业节能目标监查技术支撑服务】 公开选取【管理和决策咨询】机构的公告,https://www.cqggzy.com/trade/014/PNII_500198MB0B709302609100137?categoryNum=014010001,两江新区,采购公告,2026-09-10,重庆市公共资源交易网,2026-09-11 11:00:00
关于为【育才中学科创中心设施设备升级改造项目（二期）预算编制服务】 公开选取【工程造价咨询】机构的公告,https://www.cqggzy.com/trade/014/PNII_5001070092946232609100254?categoryNum=014010001,九龙坡区,采购公告,2026-09-10,重庆市公共资源交易网,2026-09-11 11:00:00
关于为【重庆市丰都县第一中学校防雷设施隐患整改项目】 公开选取【工程造价咨询】机构的公告,https://www.cqggzy.com/trade/014/PNII_5002304520278102609100224?categoryNum=014010001,丰都县,采购公告,2026-09-10,重庆市公共资源交易网,2026-09-11 11:00:00
特困人员食堂改造及设施设备购置项目（餐厨设备）采购(CQS26A03782)中标（成交）结果公告,https://www.cqggzy.com/trade/014/1674050236064247808_1?categoryNum=014005004,市级,采购结果公告,2026-09-10,重庆市公共资源交易网,2026-09-11 11:00:00
关于为【万州新田中学2026年教室多媒体设备采购】 公开选取【工程造价咨询】机构的公告,https://www.cqggzy.com/trade/014/PNII_5001014517578112609100150?categoryNum=014010001,万州区,采购公告,2026-09-10,重庆市公共资源交易网,2026-09-11 11:00:00
关于【渝西中学益智苑（校史馆）布展服务项目预算编制服务】中选结果的公告,https://www.cqggzy.com/trade/014/BRII_5001070092946232608240777?categoryNum=014010002,九龙坡区,中选公告,2026-09-10,重庆市公共资源交易网,2026-09-11 11:00:00
关于为【彭水自治县九曲河停车场项目】 公开选取【测绘】机构的公告,https://www.cqggzy.com/trade/014/PNII_500243MA60AP8F42609100212?categoryNum=014010001,彭水县,采购公告,2026-09-10,重庆市公共资源交易网,2026-09-11 11:00:00
关于为【南沱镇治坪村片区2027年度美丽移民村建设项目】 公开选取【工程设计】机构的公告,https://www.cqggzy.com/trade/014/PNII_5001027748708352609100057?categoryNum=014010001,涪陵区,采购公告,2026-09-10,重庆市公共资源交易网,2026-09-11 11:00:00
关于为【智慧复合材料基地项目和黔江磁材料-车载电源产业园（一期配套基础设施建设项目）（打捆招标）招标代理】 公开选取【招标代理】机构的公告,https://www.cqggzy.com/trade/014/PNII_5001147842301292609100262?categoryNum=014010001,黔江区,采购公告,2026-09-10,重庆市公共资源交易网,2026-09-11 11:00:02
关于【明诚育才学校2026年校舍维修改造项目预算编制服务】中选结果的公告,https://www.cqggzy.com/trade/014/BRII_5001070092946232608130594?categoryNum=014010002,九龙坡区,中选公告,2026-09-10,重庆市公共资源交易网,2026-09-11 11:00:02
重庆市旅游学校智能化设备采购(DDK26A00219)终止公告,https://www.cqggzy.com/trade/014/1673752540053024768?categoryNum=014005004,大渡口区,采购结果公告,2026-09-10,重庆市公共资源交易网,2026-09-11 11:00:02
重庆市万盛生活垃圾处理服务采购项目(WSQ26C00079)结果公告,https://www.cqggzy.com/trade/014/1674055380285829120_1?categoryNum=014005004,万盛区,采购结果公告,2026-09-10,重庆市公共资源交易网,2026-09-11 11:00:02
关于为【公司各物业项目部消防维保项目】 公开选取【消防技术服务】机构的公告,https://www.cqggzy.com/trade/014/PNII_5002246889306512609100142?categoryNum=014010001,铜梁区,采购公告,2026-09-10,重庆市公共资源交易网,2026-09-11 11:00:02
关于为【奉节县公安局五马派出所业务技术用房建设工程】 公开选取【工程建设项目招标代理】机构的公告,https://www.cqggzy.com/trade/014/PNII_5002360086581492609100004?categoryNum=014010001,奉节县,采购公告,2026-09-10,重庆市公共资源交易网,2026-09-11 11:00:02
关于【璧山区七塘镇将军村江家坪农品工艺教育中心配套设施建设项目勘测定界报告编制服务】中选结果的公告,https://www.cqggzy.com/trade/014/BRII_5002270093457932609030753?categoryNum=014010002,璧山区,中选公告,2026-09-10,重庆市公共资源交易网,2026-09-11 11:00:02
关于【忠州街道红星社区迁建小区治理工程（设计招标代理）】中选结果的公告,https://www.cqggzy.com/trade/014/BRII_5002330863485092609070513?categoryNum=014010002,忠县,中选公告,2026-09-10,重庆市公共资源交易网,2026-09-11 11:00:02
关于【荣昌区双河街道下场口滑坡地质灾害防治勘查、设计及预算咨询服务】中选结果的公告,https://www.cqggzy.com/trade/014/BRII_5002260093427522609040229?categoryNum=014010002,荣昌区,中选公告,2026-09-10,重庆市公共资源交易网,2026-09-11 11:00:02
关于为【重庆市南岸区天台岗小学校南湖校区教学辅助楼装修工程施工阶段全过程控制中介服务采购的说明】 公开选取【工程造价咨询】机构的公告,https://www.cqggzy.com/trade/014/PNII_5001084504557822609090346?categoryNum=014010001,南岸区,采购公告,2026-09-10,重庆市公共资源交易网,2026-09-11 11:00:02
关于【峰高街道阳岩村和美乡村建设项目】中选结果的公告,https://www.cqggzy.com/trade/014/BRII_5002265889024772609070559?categoryNum=014010002,荣昌区,中选公告,2026-09-10,重庆市公共资源交易网,2026-09-11 11:00:02
关于为【重庆市荣昌区双河中心小学楼道防水项目招标代理采购】 公开选取【招标代理】机构的公告,https://www.cqggzy.com/trade/014/PNII_5002267842250982609100156?categoryNum=014010001,荣昌区,采购公告,2026-09-10,重庆市公共资源交易网,2026-09-11 11:00:02
关于为【塘坝镇森林防火道路(国债项目20#、21#线)暴雨损毁路段修复（预算编制）】 公开选取【工程造价咨询】机构的公告,https://www.cqggzy.com/trade/014/PNII_5002230093325462609100157?categoryNum=014010001,潼南区,采购公告,2026-09-10,重庆市公共资源交易网,2026-09-11 11:00:04
关于【重庆市南岸区迎龙创新港小型全民健身中心建设项目招标代理服务】中选结果的公告,https://www.cqggzy.com/trade/014/BRII_5001080092963032609070368?categoryNum=014010002,南岸区,中选公告,2026-09-10,重庆市公共资源交易网,2026-09-11 11:00:04
关于为【重庆市荣昌区双河中心小学楼道防水项目预算采购】 公开选取【工程造价咨询】机构的公告,https://www.cqggzy.com/trade/014/PNII_5002267842250982609100148?categoryNum=014010001,荣昌区,采购公告,2026-09-10,重庆市公共资源交易网,2026-09-11 11:00:04
重庆市巴蜀中学桂花园学校校园综合劳务服务（第二次）(YZQ26C00136)中标（成交）结果公告,https://www.cqggzy.com/trade/014/1674049382586298368_1?categoryNum=014005004,渝中区,采购结果公告,2026-09-10,重庆市公共资源交易网,2026-09-11 11:00:04
关于【武隆区火炉中心卫生院甲级创基新增科室设置整改项目】中选结果的公告,https://www.cqggzy.com/trade/014/BRII_5002324520502952609040650?categoryNum=014010002,武隆区,中选公告,2026-09-10,重庆市公共资源交易网,2026-09-11 11:00:04
关于【万州区建筑垃圾消纳场及资源化利用项目临时接收场 监测采购】中选结果的公告,https://www.cqggzy.com/trade/014/BRII_5001012079067902609070654?categoryNum=014010002,万州区,中选公告,2026-09-10,重庆市公共资源交易网,2026-09-11 11:00:04
关于【荣昌区人民医院新院区介入室UPS项目】中选结果的公告,https://www.cqggzy.com/trade/014/BRII_5002264506809122609040611?categoryNum=014010002,荣昌区,中选公告,2026-09-10,重庆市公共资源交易网,2026-09-11 11:00:04
关于【重庆航天职业技术学院梁平校区建设项目(一期)10kv金雅线#7杆-#29杆线路迁改工程设计单位采购】中选结果的公告,https://www.cqggzy.com/trade/014/BRII_5002287874723262609070439?categoryNum=014010002,梁平区,中选公告,2026-09-10,重庆市公共资源交易网,2026-09-11 11:00:04
关于【酉阳自治县龙潭初级中学教学楼等校舍改造项目监理服务采购】中选结果的公告,https://www.cqggzy.com/trade/014/BRII_5002424529983772609040550?categoryNum=014010002,酉阳县,中选公告,2026-09-10,重庆市公共资源交易网,2026-09-11 11:00:04
关于为【沙坪石足印迹精品民宿项目污水管网工程设计服务】 公开选取【工程设计】机构的公告,https://www.cqggzy.com/trade/014/PNII_500231MA7DKNL662609100235?categoryNum=014010001,垫江县,采购公告,2026-09-10,重庆市公共资源交易网,2026-09-11 11:00:04
关于为【南宾街道双庆社区物业小区小区消防设施维修项目招标代理服务采购】 公开选取【招标代理】机构的公告,https://www.cqggzy.com/trade/014/PNII_5002403587008612609100211?categoryNum=014010001,石柱县,采购公告,2026-09-10,重庆市公共资源交易网,2026-09-11 11:00:04
关于为【开州区农业农村委产业园新质生产力运营中心办公桌椅、直播设备等采购及服务采购询价】 公开选取【工程造价咨询】机构的公告,https://www.cqggzy.com/trade/014/PNII_5002345540924532609100230?categoryNum=014010001,开州区,采购公告,2026-09-10,重庆市公共资源交易网,2026-09-11 11:00:04
关于为【马拉松赛事执行服务商招标代理】 公开选取【招标代理】机构的公告,https://www.cqggzy.com/trade/014/PNII_500223MB19591412609100173?categoryNum=014010001,潼南区,采购公告,2026-09-10,重庆市公共资源交易网,2026-09-11 11:00:06
关于为【L49路道路及配套工程（K0+000-K0+860段）施工招标代理】 公开选取【招标代理】机构的公告,https://www.cqggzy.com/trade/014/PNII_50019820288617X2609100170?categoryNum=014010001,两江新区,采购公告,2026-09-10,重庆市公共资源交易网,2026-09-11 11:00:06
职业技能等级认定证书印制(CQS26C02279)竞争性谈判公告,https://www.cqggzy.com/trade/014/1674048582598307840?categoryNum=014005001,市级,采购公告,2026-09-10,重庆市公共资源交易网,2026-09-11 11:00:06
关于【2026年超长期特别国债资金支持设施农业设备更新改造项目预算审核服务】中选结果的公告,https://www.cqggzy.com/trade/014/BRII_5002345540924532609020335?categoryNum=014010002,开州区,中选公告,2026-09-10,重庆市公共资源交易网,2026-09-11 11:00:06
关于【2026 年开州设施农业中试验证基地建设项目物资采购招标代理】中选结果的公告,https://www.cqggzy.com/trade/014/BRII_5002345540924532609030357?categoryNum=014010002,开州区,中选公告,2026-09-10,重庆市公共资源交易网,2026-09-11 11:00:06
关于【信访法治化预警和监测系统项目预算编制服务】中选结果的公告,https://www.cqggzy.com/trade/014/BRII_5001090092977522609040157?categoryNum=014010002,北碚区,中选公告,2026-09-10,重庆市公共资源交易网,2026-09-11 11:00:06
关于【2026年松材线虫病除治资金概算询价审核服务】中选结果的公告,https://www.cqggzy.com/trade/014/BRII_5002320086903922609040513?categoryNum=014010002,武隆区,中选公告,2026-09-10,重庆市公共资源交易网,2026-09-11 11:00:06
关于【南山植物园滑坡落石排危抢险工程预算编制采购项目】中选结果的公告,https://www.cqggzy.com/trade/014/BRII_5001084503914242609040445?categoryNum=014010002,南岸区,中选公告,2026-09-10,重庆市公共资源交易网,2026-09-11 11:00:06
关于【重庆市大足区智凤小学运动场地面排危改造工程 结算审核】中选结果的公告,https://www.cqggzy.com/trade/014/BRII_5001114506677262609070537?categoryNum=014010002,大足区,中选公告,2026-09-10,重庆市公共资源交易网,2026-09-11 11:00:06
关于为【开州区汉丰街道驷马社区公共卫生服务设施整治工程（第二次）】 公开选取【会计师事务所服务】机构的公告,https://www.cqggzy.com/trade/014/PNII_5002340086463672609100176?categoryNum=014010001,开州区,采购公告,2026-09-10,重庆市公共资源交易网,2026-09-11 11:00:06
关于【荣昌区人民医院老年医学科、心身医学科医疗设备购置】中选结果的公告,https://www.cqggzy.com/trade/014/BRII_5002264506809122609040574?categoryNum=014010002,荣昌区,中选公告,2026-09-10,重庆市公共资源交易网,2026-09-11 11:00:06
关于【忠县货物集散中心(一期)】中选结果的公告,https://www.cqggzy.com/trade/014/BRII_500233MA5UUTF282609070564?categoryNum=014010002,忠县,中选公告,2026-09-10,重庆市公共资源交易网,2026-09-11 11:00:06
重庆市交通综合业务信息化系统——网费用(第二批)(CQS26C01639)竞争性磋商公告,https://www.cqggzy.com/trade/014/1674038659730681856?categoryNum=014005001,市级,采购公告,2026-09-10,重庆市公共资源交易网,2026-09-11 11:00:08
铜梁区2026-2027学年度健康体检服务(TLQ26C00050)竞争性磋商公告,https://www.cqggzy.com/trade/014/1674052719230627840?categoryNum=014005001,铜梁区,采购公告,2026-09-10,重庆市公共资源交易网,2026-09-11 11:00:08
关于为【G319铜梁区望向台至白龙大道三岔口段改建工程安全性评价】 公开选取【安全评价】机构的公告,https://www.cqggzy.com/trade/014/PNII_5002240093341462609100147?categoryNum=014010001,铜梁区,采购公告,2026-09-10,重庆市公共资源交易网,2026-09-11 11:00:08
关于为【2025年度沙坪坝区山屿丘农场项目(二期)】 公开选取【招标代理】机构的公告,https://www.cqggzy.com/trade/014/PNII_500106MF15736302609100132?categoryNum=014010001,沙坪坝区,采购公告,2026-09-10,重庆市公共资源交易网,2026-09-11 11:00:08
关于为【2026-2028年万州城区清扫保洁新增区域测绘及更新】 公开选取【测绘】机构的公告,https://www.cqggzy.com/trade/014/PNII_5001017530667332609100199?categoryNum=014010001,万州区,采购公告,2026-09-10,重庆市公共资源交易网,2026-09-11 11:00:08
关于为【少云镇大佛村2024年度第二批乡村振兴泥结石路硬化项目结算审核采购】 公开选取【工程造价咨询】机构的公告,https://www.cqggzy.com/trade/014/PNII_500224ME16973572609100188?categoryNum=014010001,铜梁区,采购公告,2026-09-10,重庆市公共资源交易网,2026-09-11 11:00:08
关于为【塘坝镇森林防火道路(国债项目20#、21#线)暴雨损毁路段修复（预算审核）】 公开选取【工程造价咨询】机构的公告,https://www.cqggzy.com/trade/014/PNII_5002230093325462609100163?categoryNum=014010001,潼南区,采购公告,2026-09-10,重庆市公共资源交易网,2026-09-11 11:00:08
关于【工程技术服务单位采购需求书（第二次）】中选结果的公告,https://www.cqggzy.com/trade/014/BRII_5001155520053872609070355?categoryNum=014010002,长寿区,中选公告,2026-09-10,重庆市公共资源交易网,2026-09-11 11:00:08
关于为【图强村东侧新增630小区至大田坝街连接道路规划论证、设计、咨询等招标代理采购】 公开选取【招标代理】机构的公告,https://www.cqggzy.com/trade/014/PNII_5001082031683722609100196?categoryNum=014010001,南岸区,采购公告,2026-09-10,重庆市公共资源交易网,2026-09-11 11:00:08
重庆工业职业技术大学新能源汽车驱动电机性能测试设备（第二次）(CQS26A02525)公开招标重启公告,https://www.cqggzy.com/trade/014/1674044409014169600?categoryNum=014005001,市级,采购公告,2026-09-10,重庆市公共资源交易网,2026-09-11 11:00:08
关于为【通利楼一层室外停车场维修改造工程】 公开选取【工程造价咨询】机构的公告,https://www.cqggzy.com/trade/014/PNII_5002426889120902609100214?categoryNum=014010001,酉阳县,采购公告,2026-09-10,重庆市公共资源交易网,2026-09-11 11:00:08
关于【2026年“彭水晶丝苕粉”区域公用品牌推广运营项目包装设计】中选结果的公告,https://www.cqggzy.com/trade/014/BRII_5002437815864532609070085?categoryNum=014010002,彭水县,中选公告,2026-09-10,重庆市公共资源交易网,2026-09-11 11:00:08
关于【石柱县市场监管局黄水市场监管所装修工程】中选结果的公告,https://www.cqggzy.com/trade/014/BRII_500240MB18749492609070698?categoryNum=014010002,石柱县,中选公告,2026-09-10,重庆市公共资源交易网,2026-09-11 11:00:09
关于【开州浦里新区赵家组团D2-01-01等地块详细规划修改（2026年）】中选结果的公告,https://www.cqggzy.com/trade/014/BRII_500234MB1Q772302609070270?categoryNum=014010002,开州区,中选公告,2026-09-10,重庆市公共资源交易网,2026-09-11 11:00:09
关于【下路街道社会治安综合治理中心规范化建设项目】中选结果的公告,https://www.cqggzy.com/trade/014/BRII_5002403587271082609040338?categoryNum=014010002,石柱县,中选公告,2026-09-10,重庆市公共资源交易网,2026-09-11 11:00:09
关于【刘家河水库工程-输水工程施工招标代理】中选结果的公告,https://www.cqggzy.com/trade/014/BRII_500199MA5U34AF72609070422?categoryNum=014010002,万盛区,中选公告,2026-09-10,重庆市公共资源交易网,2026-09-11 11:00:09
关于【南桐煤矿片区一期城镇老旧小区配套基础设施改造项目】中选结果的公告,https://www.cqggzy.com/trade/014/BRII_500199MB1M029722609070920?categoryNum=014010002,万盛区,中选公告,2026-09-10,重庆市公共资源交易网,2026-09-11 11:00:09
关于【长寿区凤城街道片区污水管网建设项目 （二标段）施工招标代理服务】中选结果的公告,https://www.cqggzy.com/trade/014/BRII_5001157428958272609070056?categoryNum=014010002,长寿区,中选公告,2026-09-10,重庆市公共资源交易网,2026-09-11 11:00:09
关于【2026年奉节县龙桥土家族乡“寿光模式”蔬菜大棚建设项目】中选结果的公告,https://www.cqggzy.com/trade/014/BRII_500236MB1M388442609070279?categoryNum=014010002,奉节县,中选公告,2026-09-10,重庆市公共资源交易网,2026-09-11 11:00:09
永川智能网联新能源汽车插电混合动力产业园项目施工土建劳务发包结果公告,https://www.cqggzy.com/trade/014/17890092873588798989?categoryNum=014012004,永川区,结果公告,2026-09-10,重庆市公共资源交易网,2026-09-11 11:00:09
关于为【大足区玉河水库扩建工程复建人行路项目】 公开选取【建设工程质量检测】机构的公告,https://www.cqggzy.com/trade/014/PNII_5001116664293562609100195?categoryNum=014010001,大足区,采购公告,2026-09-10,重庆市公共资源交易网,2026-09-11 11:00:09
关于为【开州区三所一队迁建项目施工招标代理单位】 公开选取【工程建设项目招标代理】机构的公告,https://www.cqggzy.com/trade/014/PNII_5002347500707292609100210?categoryNum=014010001,开州区,采购公告,2026-09-10,重庆市公共资源交易网,2026-09-11 11:00:09
关于为【璧山区滴水岩水库维修养护等4个工程设计服务】 公开选取【工程设计，工程勘察】机构的公告,https://www.cqggzy.com/trade/014/PNII_5002273315513412609100165?categoryNum=014010001,璧山区,采购公告,2026-09-10,重庆市公共资源交易网,2026-09-11 11:00:09
关于【丰都县山洪灾害防御基础数据矢量SHP图层绘制】中选结果的公告,https://www.cqggzy.com/trade/014/BRII_5002300086864062609030240?categoryNum=014010002,丰都县,中选公告,2026-09-10,重庆市公共资源交易网,2026-09-11 11:00:09
关于【南山植物园滑坡落石排危抢险工程施工招标委托代理】中选结果的公告,https://www.cqggzy.com/trade/014/BRII_5001084503914242609040606?categoryNum=014010002,南岸区,中选公告,2026-09-10,重庆市公共资源交易网,2026-09-11 11:00:11
关于【南桐煤矿片区一期城镇老旧小区配套基础设施改造项目】中选结果的公告,https://www.cqggzy.com/trade/014/BRII_500199MB1M029722609070846?categoryNum=014010002,万盛区,中选公告,2026-09-10,重庆市公共资源交易网,2026-09-11 11:00:11
关于【2026年普通公路安全提升工程】中选结果的公告,https://www.cqggzy.com/trade/014/BRII_50010970934592X2609070094?categoryNum=014010002,北碚区,中选公告,2026-09-10,重庆市公共资源交易网,2026-09-11 11:00:11
关于【沙坪坝区回龙坝镇卫生院三桥储藏室房屋结构安全鉴定项目】中选结果的公告,https://www.cqggzy.com/trade/014/BRII_5001066862236382608310506?categoryNum=014010002,沙坪坝区,中选公告,2026-09-10,重庆市公共资源交易网,2026-09-11 11:00:11
关于【2026年度两江新区农药包装废弃物回收处置服务】中选结果的公告,https://www.cqggzy.com/trade/014/BRII_500198MB0B184112609070278?categoryNum=014010002,两江新区,中选公告,2026-09-10,重庆市公共资源交易网,2026-09-11 11:00:11
关于为【南宾街道老街社区物业小区小区消防设施维修项目招标代理服务采购】 公开选取【招标代理】机构的公告,https://www.cqggzy.com/trade/014/PNII_5002403587008612609100204?categoryNum=014010001,石柱县,采购公告,2026-09-10,重庆市公共资源交易网,2026-09-11 11:00:11
关于为【永川职教中心南校门片区停车等改造设计及招标限价编制】 公开选取【工程造价咨询，工程设计】机构的公告,https://www.cqggzy.com/trade/014/PNII_5001187626977052609090740?categoryNum=014010001,永川区,采购公告,2026-09-10,重庆市公共资源交易网,2026-09-11 11:00:11
关于为【重庆市江津区珞璜实验小学校教学楼厕所维修及围墙加高工程结算审核 】 公开选取【工程造价咨询】机构的公告,https://www.cqggzy.com/trade/014/PNII_5001163459024052609100103?categoryNum=014010001,江津区,采购公告,2026-09-10,重庆市公共资源交易网,2026-09-11 11:00:11
关于为【2024年度沙坪坝区山屿丘农场项目】 公开选取【招标代理】机构的公告,https://www.cqggzy.com/trade/014/PNII_500106MF15736302609100169?categoryNum=014010001,沙坪坝区,采购公告,2026-09-10,重庆市公共资源交易网,2026-09-11 11:00:11
新院区采购信息化及办公设备一批(BSQ26A00448)中标（成交）结果公告,https://www.cqggzy.com/trade/014/1674049765270401024_1?categoryNum=014005004,璧山区,采购结果公告,2026-09-10,重庆市公共资源交易网,2026-09-11 11:00:11
廊坊市广阳区金光道29号恒大天筑广场5号楼2单元2903室,https://www.cqggzy.com/trade/014/O198917?categoryNum=014013002,市外,司法拍卖,2026-09-10,重庆市公共资源交易网,2026-09-11 11:00:11
关于为【江津区和尚沟水库改造提升分析评估及勘察设计服务单位。】 公开选取【工程设计】机构的公告,https://www.cqggzy.com/trade/014/PNII_5001167094880662609090769?categoryNum=014010001,江津区,采购公告,2026-09-10,重庆市公共资源交易网,2026-09-11 11:00:11
关于为【礼嘉平场L8-3道路及配套工程施工招标代理】 公开选取【招标代理】机构的公告,https://www.cqggzy.com/trade/014/PNII_50019820288617X2609100191?categoryNum=014010001,两江新区,采购公告,2026-09-10,重庆市公共资源交易网,2026-09-11 11:00:12
关于为【荣昌区南部片区中心水厂及配套工程建设项目勘察外业见证服务】 公开选取【工程勘察】机构的公告,https://www.cqggzy.com/trade/014/PNII_5002262038943582609100177?categoryNum=014010001,荣昌区,采购公告,2026-09-10,重庆市公共资源交易网,2026-09-11 11:00:12
重庆市渝北区人民医院5号楼消防控制室搬迁建设工程补遗公告,https://www.cqggzy.com/trade/014/17890088587323683418?categoryNum=014012006,市级,答疑补遗变更公告,2026-09-10,重庆市公共资源交易网,2026-09-11 11:00:12
关于【铜梁区少云镇海棠村11组练君屋后危岩排危除险工程招标代理服务采购】中选结果的公告,https://www.cqggzy.com/trade/014/BRII_5002245043214652609070617?categoryNum=014010002,铜梁区,中选公告,2026-09-10,重庆市公共资源交易网,2026-09-11 11:00:12
关于【南桐煤矿片区一期城镇老旧小区配套基础设施改造项目】中选结果的公告,https://www.cqggzy.com/trade/014/BRII_500199MB1M029722609070714?categoryNum=014010002,万盛区,中选公告,2026-09-10,重庆市公共资源交易网,2026-09-11 11:00:12
关于【南川区公共供水管网漏损治理工程(二期)南城街道芝麻滩泵站电力安装预算审核】中选结果的公告,https://www.cqggzy.com/trade/014/BRII_5001192087009622609070571?categoryNum=014010002,南川区,中选公告,2026-09-10,重庆市公共资源交易网,2026-09-11 11:00:12
关于【巫溪县凤凰水城保障性租赁住房建设项目施工图设计审查采购】中选结果的公告,https://www.cqggzy.com/trade/014/BRII_500238MAC62H4D32609070299?categoryNum=014010002,巫溪县,中选公告,2026-09-10,重庆市公共资源交易网,2026-09-11 11:00:12
关于【重庆市万州江南新区沱口统建还房消防整改项目监理采购】中选结果的公告,https://www.cqggzy.com/trade/014/BRII_5001012079067902609070106?categoryNum=014010002,万州区,中选公告,2026-09-10,重庆市公共资源交易网,2026-09-11 11:00:12
关于【回兴街道交通巡逻三方服务采购招标代理服务】中选结果的公告,https://www.cqggzy.com/trade/014/BRII_500198MB0B1885X2609070058?categoryNum=014010002,两江新区,中选公告,2026-09-10,重庆市公共资源交易网,2026-09-11 11:00:12
关于为【2026年巫山县当阳乡红岩村淫羊藿种植基地建设项目工程设计】 公开选取【工程设计】机构的公告,https://www.cqggzy.com/trade/014/PNII_5002370086612172609100164?categoryNum=014010001,巫山县,采购公告,2026-09-10,重庆市公共资源交易网,2026-09-11 11:00:12
关于【重庆市南岸区江南小学校办公楼及教学楼卫生间改建工程(结算审计）】中选结果的公告,https://www.cqggzy.com/trade/014/BRII_5001086839456272609030640?categoryNum=014010002,南岸区,中选公告,2026-09-10,重庆市公共资源交易网,2026-09-11 11:00:12
关于为【江津区磨刀湾水库改造提升分析评估及勘察设计服务单位。】 公开选取【工程设计】机构的公告,https://www.cqggzy.com/trade/014/PNII_5001167094880662609090782?categoryNum=014010001,江津区,采购公告,2026-09-10,重庆市公共资源交易网,2026-09-11 11:00:12
关于为【建设工程施工合同法律服务诉讼代理】 公开选取【律师事务所服务】机构的公告,https://www.cqggzy.com/trade/014/PNII_5001032029337302609100168?categoryNum=014010001,渝中区,采购公告,2026-09-10,重庆市公共资源交易网,2026-09-11 11:00:15
关于为【江津区大寨水库改造提升分析评估及勘察设计服务单位】 公开选取【工程设计】机构的公告,https://www.cqggzy.com/trade/014/PNII_5001167094880662609090738?categoryNum=014010001,江津区,采购公告,2026-09-10,重庆市公共资源交易网,2026-09-11 11:00:15
关于为【黔江区育才小学校食堂屋面改造和地下室新风系统2个项目结算审核】 公开选取【工程造价咨询，资产评估】机构的公告,https://www.cqggzy.com/trade/014/PNII_5001145771908222609100105?categoryNum=014010001,黔江区,采购公告,2026-09-10,重庆市公共资源交易网,2026-09-11 11:00:15
关于为【江津区漏滩水库改造提升分析评估及勘察设计服务单位。】 公开选取【工程设计】机构的公告,https://www.cqggzy.com/trade/014/PNII_5001167094880662609090775?categoryNum=014010001,江津区,采购公告,2026-09-10,重庆市公共资源交易网,2026-09-11 11:00:15
关于为【江津区云峰水库改造提升分析评估及勘察设计服务单位。】 公开选取【工程设计】机构的公告,https://www.cqggzy.com/trade/014/PNII_5001167094880662609090787?categoryNum=014010001,江津区,采购公告,2026-09-10,重庆市公共资源交易网,2026-09-11 11:00:15
关于为【创业大道、锦龙路、火炬大道灯杆道旗制作】 公开选取【宣传设计服务】机构的公告,https://www.cqggzy.com/trade/014/PNII_5001072031045552609100175?categoryNum=014010001,九龙坡区,采购公告,2026-09-10,重庆市公共资源交易网,2026-09-11 11:00:15
关于【重庆重体体育产业发展有限责任公司关于交友系列活动相关服务采购公告】中选结果的公告,https://www.cqggzy.com/trade/014/BRII_5001055992462922609070885?categoryNum=014010002,江北区,中选公告,2026-09-10,重庆市公共资源交易网,2026-09-11 11:00:15
关于【开州高新区赵家组团5号厂房消防整修项目预算编制】中选结果的公告,https://www.cqggzy.com/trade/014/BRII_5002340772532762609070124?categoryNum=014010002,开州区,中选公告,2026-09-10,重庆市公共资源交易网,2026-09-11 11:00:15
关于【开州高新区赵家组团5号厂房消防整修项目施工图设计审查】中选结果的公告,https://www.cqggzy.com/trade/014/BRII_5002340772532762609070113?categoryNum=014010002,开州区,中选公告,2026-09-10,重庆市公共资源交易网,2026-09-11 11:00:15
关于【北碚区统景镇等3个镇9宗国有土地勘测定界技术服务采购】中选结果的公告,https://www.cqggzy.com/trade/014/BRII_5001092032324502609070658?categoryNum=014010002,北碚区,中选公告,2026-09-10,重庆市公共资源交易网,2026-09-11 11:00:15
关于【开州高新区赵家组团5号厂房消防整修项目预算审核】中选结果的公告,https://www.cqggzy.com/trade/014/BRII_5002340772532762609070129?categoryNum=014010002,开州区,中选公告,2026-09-10,重庆市公共资源交易网,2026-09-11 11:00:15
永川区工厂化设施渔业绿色循环发展示范项目招标公告,https://www.cqggzy.com/trade/014/17890084886916000968?categoryNum=014012001,永川区,招标采购公告,2026-09-10,重庆市公共资源交易网,2026-09-11 11:00:15
关于为【铜梁区国家农村产业融合发展示范园产业配套基础设施建设项目（厦成线-铜延线交叉路口污水管网）】 公开选取【工程造价咨询】机构的公告,https://www.cqggzy.com/trade/014/PNII_5002246965538092609100190?categoryNum=014010001,铜梁区,采购公告,2026-09-10,重庆市公共资源交易网,2026-09-11 11:00:17
关于为【永城镇柑橘产业提质增效项目概算】 公开选取【工程造价咨询】机构的公告,https://www.cqggzy.com/trade/014/PNII_5001100093120272609100112?categoryNum=014010001,綦江区,采购公告,2026-09-10,重庆市公共资源交易网,2026-09-11 11:00:17
关于为【重庆市合川区特殊教育学校迁建项目可研编制】 公开选取【工程咨询】机构的公告,https://www.cqggzy.com/trade/014/PNII_50011778749527X2609090804?categoryNum=014010001,合川区,采购公告,2026-09-10,重庆市公共资源交易网,2026-09-11 11:00:17
关于【丰都县七跃山林场2024年森林抚育项目】中选结果的公告,https://www.cqggzy.com/trade/014/BRII_5002302087890552609040531?categoryNum=014010002,丰都县,中选公告,2026-09-10,重庆市公共资源交易网,2026-09-11 11:00:17
关于【綦江区易旱区域供水保障工程（二期）水资源论证报告编制服务】中选结果的公告,https://www.cqggzy.com/trade/014/BRII_500110MB1E797532609070512?categoryNum=014010002,綦江区,中选公告,2026-09-10,重庆市公共资源交易网,2026-09-11 11:00:17
关于【太平禅院消防设施设备完善工程、天香路至瓜子坪森林防火公路、下拱桥至天香路（凉风垭）森林防火公路边坡治理工程造价咨询服务(结算审核)】中选结果的公告,https://www.cqggzy.com/trade/014/BRII_500231MA7DKNL662609070213?categoryNum=014010002,垫江县,中选公告,2026-09-10,重庆市公共资源交易网,2026-09-11 11:00:17
关于为【行知楼、酒店实训大楼使用安全鉴定】 公开选取【建设工程质量检测】机构的公告,https://www.cqggzy.com/trade/014/PNII_5001145590426312609100117?categoryNum=014010001,黔江区,采购公告,2026-09-10,重庆市公共资源交易网,2026-09-11 11:00:17
关于【綦江区易旱区域供水保障工程（一期）水资源论证报告编制服务】中选结果的公告,https://www.cqggzy.com/trade/014/BRII_500110MB1E797532609070489?categoryNum=014010002,綦江区,中选公告,2026-09-10,重庆市公共资源交易网,2026-09-11 11:00:17
关于【开州高新区赵家组团5号厂房消防整修项目招标代理】中选结果的公告,https://www.cqggzy.com/trade/014/BRII_5002340772532762609070148?categoryNum=014010002,开州区,中选公告,2026-09-10,重庆市公共资源交易网,2026-09-11 11:00:17
关于【蔡家首开区路网二期地质灾害评估、压覆矿产资源调查、水土保持方案编制及土壤污染调查】中选结果的公告,https://www.cqggzy.com/trade/014/BRII_500103MA5U7N5W82609040587?categoryNum=014010002,渝中区,中选公告,2026-09-10,重庆市公共资源交易网,2026-09-11 11:00:17
关于【开州区赵家片区城市更新-老旧厂区消防安全提升工程（二期）施工招标代理单位】中选结果的公告,https://www.cqggzy.com/trade/014/BRII_5002340772532762609070214?categoryNum=014010002,开州区,中选公告,2026-09-10,重庆市公共资源交易网,2026-09-11 11:00:17
关于【开州区赵家片区城市更新-老旧厂区消防安全提升工程（二期）预算编制】中选结果的公告,https://www.cqggzy.com/trade/014/BRII_5002340772532762609070208?categoryNum=014010002,开州区,中选公告,2026-09-10,重庆市公共资源交易网,2026-09-11 11:00:17
关于为【潼南有好油品牌运营项目财务审计】 公开选取【会计师事务所服务】机构的公告,https://www.cqggzy.com/trade/014/PNII_5002230093306552609100153?categoryNum=014010001,潼南区,采购公告,2026-09-10,重庆市公共资源交易网,2026-09-11 11:00:19
关于【重庆市食品药品检验检测研究院迁（扩）建项目二期室内精装修及实验室设施采购安装工程竣工财务决算】中选结果的公告,https://www.cqggzy.com/trade/014/BRII_5001984503896072608310042?categoryNum=014010002,两江新区,中选公告,2026-09-10,重庆市公共资源交易网,2026-09-11 11:00:19
车牌号为浙D9F6L5沃尔沃牌小型越野客车,https://www.cqggzy.com/trade/014/O198912?categoryNum=014013002,市级,司法拍卖,2026-09-10,重庆市公共资源交易网,2026-09-11 11:00:19
关于为【重庆市合川区华蓥山林场2026年度至2028年度松材线虫病防控项目招标代理服务】 公开选取【招标代理】机构的公告,https://www.cqggzy.com/trade/014/PNII_5001174505867312609100167?categoryNum=014010001,合川区,采购公告,2026-09-10,重庆市公共资源交易网,2026-09-11 11:00:19
关于【大足石刻宝顶山景区观光车各乘车站点临时安保服务】中选结果的公告,https://www.cqggzy.com/trade/014/BRII_500111MA6054NF52609070715?categoryNum=014010002,大足区,中选公告,2026-09-10,重庆市公共资源交易网,2026-09-11 11:00:19
一辆车牌为闽C3JN36 传祺影豹 小型轿车,https://www.cqggzy.com/trade/014/O198914?categoryNum=014013002,市外,司法拍卖,2026-09-10,重庆市公共资源交易网,2026-09-11 11:00:19
关于【开州高新区赵家组团5号厂房消防整修项目施工图设计】中选结果的公告,https://www.cqggzy.com/trade/014/BRII_5002340772532762609070102?categoryNum=014010002,开州区,中选公告,2026-09-10,重庆市公共资源交易网,2026-09-11 11:00:19
重庆永能实业（集团）有限公司综合产业中心室内装修及室外附属工程电力电缆及终端头采购比选公告,https://www.cqggzy.com/trade/014/17890078474027157447?categoryNum=014012001,永川区,招标采购公告,2026-09-10,重庆市公共资源交易网,2026-09-11 11:00:19
关于为【双龙苑小区22户楼顶漏水维修结算审核】 公开选取【工程造价咨询】机构的公告,https://www.cqggzy.com/trade/014/PNII_5001072031045552609100131?categoryNum=014010001,九龙坡区,采购公告,2026-09-10,重庆市公共资源交易网,2026-09-11 11:00:19
关于【2026年奉节县康乐镇脐橙病虫害防控项目 】中选结果的公告,https://www.cqggzy.com/trade/014/BRII_50023600865886X2609070031?categoryNum=014010002,奉节县,中选公告,2026-09-10,重庆市公共资源交易网,2026-09-11 11:00:19
关于为【荣昌卤鹅分级分类标准化指标体系构建服务】 公开选取【检验检测服务】机构的公告,https://www.cqggzy.com/trade/014/PNII_500226MB16646182609100026?categoryNum=014010001,荣昌区,采购公告,2026-09-10,重庆市公共资源交易网,2026-09-11 11:00:19
关于【忠县黄金镇黄土村4组碾米弯污染源整治项目】中选结果的公告,https://www.cqggzy.com/trade/014/BRII_5002337398070642609070465?categoryNum=014010002,忠县,中选公告,2026-09-10,重庆市公共资源交易网,2026-09-11 11:00:19
关于【奉节县公安局信息化工程运维项目结算审核】中选结果的公告,https://www.cqggzy.com/trade/014/BRII_5002360086581492609070272?categoryNum=014010002,奉节县,中选公告,2026-09-10,重庆市公共资源交易网,2026-09-11 11:00:21
大渡口区国有资产包装推介(DDK26C00177)终止公告,https://www.cqggzy.com/trade/014/1674043674960637952?categoryNum=014005004,大渡口区,采购结果公告,2026-09-10,重庆市公共资源交易网,2026-09-11 11:00:21
关于为【聘请第三方咨询公司对竞买荣昌高新区一般工业固体废物处置场经营权项目出具可行性研究报告】 公开选取【会计师事务所服务，管理和决策咨询】机构的公告,https://www.cqggzy.com/trade/014/PNII_5002262038943582609090264?categoryNum=014010001,荣昌区,采购公告,2026-09-10,重庆市公共资源交易网,2026-09-11 11:00:21
关于【采购代理机构】中选结果的公告,https://www.cqggzy.com/trade/014/BRII_5001054504302272609010377?categoryNum=014010002,江北区,中选公告,2026-09-10,重庆市公共资源交易网,2026-09-11 11:00:21
关于【巫溪县人民医院车辆维修服务项目招标代理机构选取】中选结果的公告,https://www.cqggzy.com/trade/014/BRII_5002384519055032609030587?categoryNum=014010002,巫溪县,中选公告,2026-09-10,重庆市公共资源交易网,2026-09-11 11:00:21
关于【綦江区工业园区（北渡、桥河）供水工程涉水专题编制服务】中选结果的公告,https://www.cqggzy.com/trade/014/BRII_500110MB09451272609070357?categoryNum=014010002,綦江区,中选公告,2026-09-10,重庆市公共资源交易网,2026-09-11 11:00:21
关于【涂井乡大丛村村民委员会阵地建设项目】中选结果的公告,https://www.cqggzy.com/trade/014/BRII_5002337094714242609070177?categoryNum=014010002,忠县,中选公告,2026-09-10,重庆市公共资源交易网,2026-09-11 11:00:21
关于【档案整理基础性服务外包项目（九月第一期）】中选结果的公告,https://www.cqggzy.com/trade/014/BRII_5001120598555992609070506?categoryNum=014010002,渝北区,中选公告,2026-09-10,重庆市公共资源交易网,2026-09-11 11:00:21
关于【北碚区2026年静观镇高标准农田异地补建项目预算审核单位】中选结果的公告,https://www.cqggzy.com/trade/014/BRII_5001090092989312609070064?categoryNum=014010002,北碚区,中选公告,2026-09-10,重庆市公共资源交易网,2026-09-11 11:00:21
关于为【2026年汉葭中学体育场改建项目】 公开选取【工程设计】机构的公告,https://www.cqggzy.com/trade/014/PNII_5002434530418842609100126?categoryNum=014010001,彭水县,采购公告,2026-09-10,重庆市公共资源交易网,2026-09-11 11:00:21
关于为【南川区大坪隧道治超非现场执法点建设项目】 公开选取【工程监理】机构的公告,https://www.cqggzy.com/trade/014/PNII_5001196839085192609100129?categoryNum=014010001,南川区,采购公告,2026-09-10,重庆市公共资源交易网,2026-09-11 11:00:21
关于为【江津区享堂片区城中村改造配套设施建设工程预算编制】 公开选取【工程造价咨询】机构的公告,https://www.cqggzy.com/trade/014/PNII_5001167474908022609100134?categoryNum=014010001,江津区,采购公告,2026-09-10,重庆市公共资源交易网,2026-09-11 11:00:21
关于为【云阳县凤鸣镇2027年度环境卫生及垃圾清运项目】 公开选取【工程造价咨询】机构的公告,https://www.cqggzy.com/trade/014/PNII_5002350086578082609100151?categoryNum=014010001,云阳县,采购公告,2026-09-10,重庆市公共资源交易网,2026-09-11 11:00:23
关于为【街道国有房屋资产安全检测】 公开选取【检验检测服务】机构的公告,https://www.cqggzy.com/trade/014/PNII_5001060093081162609100149?categoryNum=014010001,沙坪坝区,采购公告,2026-09-10,重庆市公共资源交易网,2026-09-11 11:00:23
关于为【鲁渝协作李溪乡村振兴产业园四期项目】 公开选取【工程监理】机构的公告,https://www.cqggzy.com/trade/014/PNII_5002420091483272609090560?categoryNum=014010001,酉阳县,采购公告,2026-09-10,重庆市公共资源交易网,2026-09-11 11:00:23
数智营销实践中心项目(CQS26A01486)重新启动中标（成交）结果公告,https://www.cqggzy.com/trade/014/1674036028828332032_1?categoryNum=014005004,市级,采购结果公告,2026-09-10,重庆市公共资源交易网,2026-09-11 11:00:23
关于为【新田中学校舍维修项目预算审核服务】 公开选取【工程造价咨询】机构的公告,https://www.cqggzy.com/trade/014/PNII_5002430091502082609100138?categoryNum=014010001,彭水县,采购公告,2026-09-10,重庆市公共资源交易网,2026-09-11 11:00:23
关于为【江津区享堂片区城中村改造配套设施建设工程预算审核】 公开选取【工程造价咨询】机构的公告,https://www.cqggzy.com/trade/014/PNII_5001167474908022609100141?categoryNum=014010001,江津区,采购公告,2026-09-10,重庆市公共资源交易网,2026-09-11 11:00:23
关于为【南沱镇治坪村片区2027年度美丽移民村建设项目】 公开选取【测绘】机构的公告,https://www.cqggzy.com/trade/014/PNII_5001027748708352609100127?categoryNum=014010001,涪陵区,采购公告,2026-09-10,重庆市公共资源交易网,2026-09-11 11:00:23
关于为【涪陵经开区2027年度项目策划及争资跟踪咨询服务】 公开选取【管理和决策咨询】机构的公告,https://www.cqggzy.com/trade/014/PNII_5001026635554612609100054?categoryNum=014010001,涪陵区,采购公告,2026-09-10,重庆市公共资源交易网,2026-09-11 11:00:23
关于为【重庆市荣昌区双河中心小学山体滑坡排危工程项目结算审核】 公开选取【工程造价咨询】机构的公告,https://www.cqggzy.com/trade/014/PNII_5002267842250982609100130?categoryNum=014010001,荣昌区,采购公告,2026-09-10,重庆市公共资源交易网,2026-09-11 11:00:23
关于为【民族幼儿园劳动实践基地建设项目预算审核服务】 公开选取【工程造价咨询】机构的公告,https://www.cqggzy.com/trade/014/PNII_5002430091502082609100123?categoryNum=014010001,彭水县,采购公告,2026-09-10,重庆市公共资源交易网,2026-09-11 11:00:23
荣昌区城市书院家具采购(RCQ26A00619)公开招标公告,https://www.cqggzy.com/trade/014/1674041679956717568?categoryNum=014005001,荣昌区,采购公告,2026-09-10,重庆市公共资源交易网,2026-09-11 11:00:23
关于为【柠檬主要病虫害快速智能选药系统及应用研究项目三方审计】 公开选取【工程造价咨询】机构的公告,https://www.cqggzy.com/trade/014/PNII_5002230093306552609100125?categoryNum=014010001,潼南区,采购公告,2026-09-10,重庆市公共资源交易网,2026-09-11 11:00:23
领航南岸人力资源动态导航计划(NAQ26C00187)中标（成交）结果公告,https://www.cqggzy.com/trade/014/1674042121868587008_1?categoryNum=014005004,南岸区,采购结果公告,2026-09-10,重庆市公共资源交易网,2026-09-11 11:00:24
关于为【大足区某镇某社区村落项目】 公开选取【工程造价咨询】机构的公告,https://www.cqggzy.com/trade/014/PNII_5001110532178602609100116?categoryNum=014010001,大足区,采购公告,2026-09-10,重庆市公共资源交易网,2026-09-11 11:00:24
关于【实施江津区城市规划建设项目社会稳定风险评估服务（11.2417公顷）】中选结果的公告,https://www.cqggzy.com/trade/014/BRII_50011658426368X2609020914?categoryNum=014010002,江津区,中选公告,2026-09-10,重庆市公共资源交易网,2026-09-11 11:00:24
关于【实施江津区城市规划建设项目社会稳定风险评估服务（1.1635公顷）】中选结果的公告,https://www.cqggzy.com/trade/014/BRII_50011658426368X2609020911?categoryNum=014010002,江津区,中选公告,2026-09-10,重庆市公共资源交易网,2026-09-11 11:00:24
关于【关于公开选聘审计机构的招募公告】中选结果的公告,https://www.cqggzy.com/trade/014/BRII_500103G717231222609020510?categoryNum=014010002,渝中区,中选公告,2026-09-10,重庆市公共资源交易网,2026-09-11 11:00:24
关于【石柱县庭院管网及二次供水设施改造工程项目设计服务】中选结果的公告,https://www.cqggzy.com/trade/014/BRII_5002400091358412609040674?categoryNum=014010002,石柱县,中选公告,2026-09-10,重庆市公共资源交易网,2026-09-11 11:00:24
关于为【开州区中心城镇生活垃圾集中转运站建设项目（乡镇垃圾中转站基础设施）施工图设计】 公开选取【工程设计】机构的公告,https://www.cqggzy.com/trade/014/PNII_5002344517864522609100113?categoryNum=014010001,开州区,采购公告,2026-09-10,重庆市公共资源交易网,2026-09-11 11:00:24
关于【石柱县庭院管网及二次供水设施改造工程项目勘察服务】中选结果的公告,https://www.cqggzy.com/trade/014/BRII_5002400091358412609040673?categoryNum=014010002,石柱县,中选公告,2026-09-10,重庆市公共资源交易网,2026-09-11 11:00:24
关于为【河包镇中心小学维修德和校区宿舍楼顶女儿墙维修工程】 公开选取【工程造价咨询】机构的公告,https://www.cqggzy.com/trade/014/PNII_5002264506797002609100121?categoryNum=014010001,荣昌区,采购公告,2026-09-10,重庆市公共资源交易网,2026-09-11 11:00:24
关于【机关大楼物业服务项目招标代理】中选结果的公告,https://www.cqggzy.com/trade/014/BRII_500119MB19170212609070098?categoryNum=014010002,南川区,中选公告,2026-09-10,重庆市公共资源交易网,2026-09-11 11:00:24
关于【江津区供水保障工程一期项目（一标段）检测招标代理】中选结果的公告,https://www.cqggzy.com/trade/014/BRII_500116MA601ANQX2609070588?categoryNum=014010002,江津区,中选公告,2026-09-10,重庆市公共资源交易网,2026-09-11 11:00:24
关于【支坪水厂资产评估服务】中选结果的公告,https://www.cqggzy.com/trade/014/BRII_500116MA601ANQX2609070032?categoryNum=014010002,江津区,中选公告,2026-09-10,重庆市公共资源交易网,2026-09-11 11:00:24
关于【采购2026年实施部分老旧房屋电线改造工程监理服务】中选结果的公告,https://www.cqggzy.com/trade/014/BRII_500103MB0U463212609070375?categoryNum=014010002,渝中区,中选公告,2026-09-10,重庆市公共资源交易网,2026-09-11 11:00:26
关于为【重庆市巴南区龙洲湾、鱼洞、丰盛等片区城市CD级危旧房宜居改造配套设施工程设计】 公开选取【工程设计】机构的公告,https://www.cqggzy.com/trade/014/PNII_5001137500896812609100096?categoryNum=014010001,巴南区,采购公告,2026-09-10,重庆市公共资源交易网,2026-09-11 11:00:26
关于为【2026年百胜镇八卦村巴渝和美乡村建设基础设施提升项目】 公开选取【工程监理】机构的公告,https://www.cqggzy.com/trade/014/PNII_50010273656866X2609090449?categoryNum=014010001,涪陵区,采购公告,2026-09-10,重庆市公共资源交易网,2026-09-11 11:00:26
关于【重庆市开州区大进镇中心小学教学楼屋顶连雨棚二期改造项目结算采购说明】中选结果的公告,https://www.cqggzy.com/trade/014/BRII_5002344517885382609070459?categoryNum=014010002,开州区,中选公告,2026-09-10,重庆市公共资源交易网,2026-09-11 11:00:26
关于为【鲁渝协作李溪乡村振兴产业园四期项目】 公开选取【招标代理】机构的公告,https://www.cqggzy.com/trade/014/PNII_5002420091483272609090540?categoryNum=014010001,酉阳县,采购公告,2026-09-10,重庆市公共资源交易网,2026-09-11 11:00:26
关于【关于巫山县云水山居保障性租赁住房电力扩容项目竞争性比选代理单位采购说明】中选结果的公告,https://www.cqggzy.com/trade/014/BRII_5002375828343112609070384?categoryNum=014010002,巫山县,中选公告,2026-09-10,重庆市公共资源交易网,2026-09-11 11:00:26
巴南区2026年薄改提升信息化设备设施（科创实验室改造）项目(BNQ26A00347)采购更正公告,https://www.cqggzy.com/trade/014/1674040996285165568?categoryNum=014005002,巴南区,答疑变更,2026-09-10,重庆市公共资源交易网,2026-09-11 11:00:26
关于【重庆市南岸区和平小学校综合改建工程结算审核服务】中选结果的公告,https://www.cqggzy.com/trade/014/BRII_5001084504561952609040533?categoryNum=014010002,南岸区,中选公告,2026-09-10,重庆市公共资源交易网,2026-09-11 11:00:26
关于【实施江津区城市规划建设项目社会稳定风险评估服务（5.8982公顷）】中选结果的公告,https://www.cqggzy.com/trade/014/BRII_50011658426368X2609020922?categoryNum=014010002,江津区,中选公告,2026-09-10,重庆市公共资源交易网,2026-09-11 11:00:26
关于【南川区国有载体屋顶光伏项目经营权实施方案】中选结果的公告,https://www.cqggzy.com/trade/014/BRII_5001196608584242609040400?categoryNum=014010002,南川区,中选公告,2026-09-10,重庆市公共资源交易网,2026-09-11 11:00:26
关于【万盛经开区S104金桥至万盛城区段升级改造工程(滩子口至万盛城区段)】中选结果的公告,https://www.cqggzy.com/trade/014/BRII_5001990093000342609070943?categoryNum=014010002,万盛区,中选公告,2026-09-10,重庆市公共资源交易网,2026-09-11 11:00:26
关于【彭水中学挡墙地勘项目】中选结果的公告,https://www.cqggzy.com/trade/014/BRII_5002434530421152609070694?categoryNum=014010002,彭水县,中选公告,2026-09-10,重庆市公共资源交易网,2026-09-11 11:00:26
关于【梁平机场跑道标线施工项目】中选结果的公告,https://www.cqggzy.com/trade/014/BRII_500228MA60L9F612609070624?categoryNum=014010002,梁平区,中选公告,2026-09-10,重庆市公共资源交易网,2026-09-11 11:00:28
关于【梁平机场集装箱堆放区整治项目】中选结果的公告,https://www.cqggzy.com/trade/014/BRII_500228MA60L9F612609070613?categoryNum=014010002,梁平区,中选公告,2026-09-10,重庆市公共资源交易网,2026-09-11 11:00:28
璧山区公墓及殡仪馆建设项目—璧山区殡仪馆殡葬设备采购(BSQ26A00483)采购更正公告,https://www.cqggzy.com/trade/014/1674040254417645568?categoryNum=014005002,璧山区,答疑变更,2026-09-10,重庆市公共资源交易网,2026-09-11 11:00:28
关于为【南川区山王坪镇全域土地综合整治项目设计施工总承包招标代理服务】 公开选取【工程建设项目招标代理】机构的公告,https://www.cqggzy.com/trade/014/PNII_500119MAC41RRJ92609100093?categoryNum=014010001,南川区,采购公告,2026-09-10,重庆市公共资源交易网,2026-09-11 11:00:28
重庆青年职业技术学院数字营销实训设备采购项目（第二次）(CQS26A03391)公开招标公告,https://www.cqggzy.com/trade/014/1674028312651149312?categoryNum=014005001,市级,采购公告,2026-09-10,重庆市公共资源交易网,2026-09-11 11:00:28
关于【石子乡宝山村趟趟至杨兴村八斗台道路扩宽工程】中选结果的公告,https://www.cqggzy.com/trade/014/BRII_50023370944969X2609070342?categoryNum=014010002,忠县,中选公告,2026-09-10,重庆市公共资源交易网,2026-09-11 11:00:28
甘南法院依职权公开拍卖位于齐齐哈尔市铁锋区齐铁地区南局前进路0007栋01单元01单元04层01号,https://www.cqggzy.com/trade/014/O198915?categoryNum=014013002,市外,司法拍卖,2026-09-10,重庆市公共资源交易网,2026-09-11 11:00:28
关于为【2026年三合街道双庙社区产业发展项目财务决算】 公开选取【会计师事务所服务】机构的公告,https://www.cqggzy.com/trade/014/PNII_5002307116254452609100115?categoryNum=014010001,丰都县,采购公告,2026-09-10,重庆市公共资源交易网,2026-09-11 11:00:28
重庆市永川区人民法院法律文书电子送达辅助工作项目比选公告,https://www.cqggzy.com/trade/014/17890065610487164058?categoryNum=014012001,永川区,招标采购公告,2026-09-10,重庆市公共资源交易网,2026-09-11 11:00:28
关于【桥头镇赵山村乡村电商网货加工中心项目建设工程造价评估】中选结果的公告,https://www.cqggzy.com/trade/014/BRII_500240MB19851552609080311?categoryNum=014010002,石柱县,中选公告,2026-09-10,重庆市公共资源交易网,2026-09-11 11:00:28
关于【建设工程施工合同纠纷一案代理服务】中选结果的公告,https://www.cqggzy.com/trade/014/BRII_5002350598897802609070610?categoryNum=014010002,云阳县,中选公告,2026-09-10,重庆市公共资源交易网,2026-09-11 11:00:28
关于【重庆市开州区2026年东里片区中药材社会化服务中心建设项目】中选结果的公告,https://www.cqggzy.com/trade/014/BRII_5002340086463672609070394?categoryNum=014010002,开州区,中选公告,2026-09-10,重庆市公共资源交易网,2026-09-11 11:00:28
关于【关于巫山县福田镇凉水村 5 组(椿树槽至刘祖来屋场) 公路安全出行工程可行性研究报告编制单位的采购说明】中选结果的公告,https://www.cqggzy.com/trade/014/BRII_5002377874766262609030781?categoryNum=014010002,巫山县,中选公告,2026-09-10,重庆市公共资源交易网,2026-09-11 11:00:30
关于为【职业病危害因素检测与帮扶服务采购】 公开选取【职业卫生技术服务】机构的公告,https://www.cqggzy.com/trade/014/PNII_5002274506974152609100083?categoryNum=014010001,璧山区,采购公告,2026-09-10,重庆市公共资源交易网,2026-09-11 11:00:30
关于为【浪坪乡2026年农业产业基础设施改造维修管护项目】 公开选取【工程监理】机构的公告,https://www.cqggzy.com/trade/014/PNII_5002420091484902609070156?categoryNum=014010001,酉阳县,采购公告,2026-09-10,重庆市公共资源交易网,2026-09-11 11:00:30
关于为【聂荣臻元帅陈列馆2026年中秋、国庆节日氛围营造设计制作服务】 公开选取【商务服务，宣传设计服务】机构的公告,https://www.cqggzy.com/trade/014/PNII_5001165043127292609100067?categoryNum=014010001,江津区,采购公告,2026-09-10,重庆市公共资源交易网,2026-09-11 11:00:30
关于为【双桥经济技术开发区（景区）城市环境卫生及绿化管护外包服务-招标代理服务采购】 公开选取【招标代理】机构的公告,https://www.cqggzy.com/trade/014/PNII_5001115889163772609100042?categoryNum=014010001,大足区,采购公告,2026-09-10,重庆市公共资源交易网,2026-09-11 11:00:30
关于【重庆市荣昌区联升小学综合楼屋顶及墙面防水维修项目结算审核服务】中选结果的公告,https://www.cqggzy.com/trade/014/BRII_500226MB0W2073X2609040668?categoryNum=014010002,荣昌区,中选公告,2026-09-10,重庆市公共资源交易网,2026-09-11 11:00:30
关于【多宝分院危房拆除工程预算编制服务采购】中选结果的公告,https://www.cqggzy.com/trade/014/BRII_5001984505363392609040049?categoryNum=014010002,两江新区,中选公告,2026-09-10,重庆市公共资源交易网,2026-09-11 11:00:30
关于【铜梁区东城片区老旧雨水管涵更新改造工程地形图测绘、工程地质勘察单位招标代理】中选结果的公告,https://www.cqggzy.com/trade/014/BRII_5002240093344292609040379?categoryNum=014010002,铜梁区,中选公告,2026-09-10,重庆市公共资源交易网,2026-09-11 11:00:30
关于【永川区胜利路街道沥青混凝土拌和站改扩建项目超前钻探施工勘察服务采购】中选结果的公告,https://www.cqggzy.com/trade/014/BRII_5001186608989282609040407?categoryNum=014010002,永川区,中选公告,2026-09-10,重庆市公共资源交易网,2026-09-11 11:00:30
关于【铜梁区东城片区老旧雨水管涵更新改造工程地下管线探测单位招标代理】中选结果的公告,https://www.cqggzy.com/trade/014/BRII_5002240093344292609040382?categoryNum=014010002,铜梁区,中选公告,2026-09-10,重庆市公共资源交易网,2026-09-11 11:00:30
关于【学府悦园、美丽阳光家园公租房小区废旧燃气灶残余价值评估项目服务】中选结果的公告,https://www.cqggzy.com/trade/014/BRII_5001063587016292609070287?categoryNum=014010002,沙坪坝区,中选公告,2026-09-10,重庆市公共资源交易网,2026-09-11 11:00:30
关于【开州区汉丰街道都市新民居等移民小区综合帮扶工程（三期）】中选结果的公告,https://www.cqggzy.com/trade/014/BRII_5002340086463672609070397?categoryNum=014010002,开州区,中选公告,2026-09-10,重庆市公共资源交易网,2026-09-11 11:00:30
关于【彭水中学挡墙检测项目】中选结果的公告,https://www.cqggzy.com/trade/014/BRII_5002434530421152609070682?categoryNum=014010002,彭水县,中选公告,2026-09-10,重庆市公共资源交易网,2026-09-11 11:00:32
关于【开州区群众运动空间扩容项目（第一批）一期】中选结果的公告,https://www.cqggzy.com/trade/014/BRII_5002340086463672609070385?categoryNum=014010002,开州区,中选公告,2026-09-10,重庆市公共资源交易网,2026-09-11 11:00:32
关于【玉带河公园月季园提质改造工程招标代理服务】中选结果的公告,https://www.cqggzy.com/trade/014/BRII_5002264506821092609080035?categoryNum=014010002,荣昌区,中选公告,2026-09-10,重庆市公共资源交易网,2026-09-11 11:00:32
关于为【酉阳县桃花源新城人才房项目（凤梧苑） 可行性研究报告编制 采购说明】 公开选取【工程咨询】机构的公告,https://www.cqggzy.com/trade/014/PNII_500242MAABUQRU72609100110?categoryNum=014010001,酉阳县,采购公告,2026-09-10,重庆市公共资源交易网,2026-09-11 11:00:32
关于为【2026支坪镇公（廉）租房维修改造项目质量检测服务】 公开选取【建设工程质量检测】机构的公告,https://www.cqggzy.com/trade/014/PNII_5001167626921542609100095?categoryNum=014010001,江津区,采购公告,2026-09-10,重庆市公共资源交易网,2026-09-11 11:00:32
关于为【万州区交通运输委员会停车场挡墙变形监测服务】 公开选取【测绘】机构的公告,https://www.cqggzy.com/trade/014/PNII_5001010086303572609100062?categoryNum=014010001,万州区,采购公告,2026-09-10,重庆市公共资源交易网,2026-09-11 11:00:32
关于【彭水县“双创”孵化平台建设项目（装饰装修工程）监理服务招标代理】中选结果的公告,https://www.cqggzy.com/trade/014/BRII_5002436965592312608310561?categoryNum=014010002,彭水县,中选公告,2026-09-10,重庆市公共资源交易网,2026-09-11 11:00:32
关于【2026年“酉阳800”区域公用品牌 “我们的美好生活”形象宣传片项目】中选结果的公告,https://www.cqggzy.com/trade/014/BRII_500242MA7MGXM902609070543?categoryNum=014010002,酉阳县,中选公告,2026-09-10,重庆市公共资源交易网,2026-09-11 11:00:32
关于为【忠县县城九蟒片区市政道路（A线）】 公开选取【工程造价咨询】机构的公告,https://www.cqggzy.com/trade/014/PNII_5002337815945842609100043?categoryNum=014010001,忠县,采购公告,2026-09-10,重庆市公共资源交易网,2026-09-11 11:00:32
关于为【南川区第二轮退耕还林补植补造项目】 公开选取【招标代理】机构的公告,https://www.cqggzy.com/trade/014/PNII_5001190086823922609100094?categoryNum=014010001,南川区,采购公告,2026-09-10,重庆市公共资源交易网,2026-09-11 11:00:32
关于【东城片区老旧雨水管涵更新改造工程排水管网内窥排查单位招标代理机构】中选结果的公告,https://www.cqggzy.com/trade/014/BRII_5002240093344292609040372?categoryNum=014010002,铜梁区,中选公告,2026-09-10,重庆市公共资源交易网,2026-09-11 11:00:32
关于【重庆丰都文化旅游集团有限公司安全生产技术服务】中选结果的公告,https://www.cqggzy.com/trade/014/BRII_5002302087536772609070103?categoryNum=014010002,丰都县,中选公告,2026-09-10,重庆市公共资源交易网,2026-09-11 11:00:32
关于【开州区金峰镇李子沟河堤综合整治及产业配套工程】中选结果的公告,https://www.cqggzy.com/trade/014/BRII_5002340086463672609070415?categoryNum=014010002,开州区,中选公告,2026-09-10,重庆市公共资源交易网,2026-09-11 11:00:34
关于【开州区紫水乡花岭村8组滑坡治理工程】中选结果的公告,https://www.cqggzy.com/trade/014/BRII_5002340086463672609070408?categoryNum=014010002,开州区,中选公告,2026-09-10,重庆市公共资源交易网,2026-09-11 11:00:34
关于【重庆市两江新区复兴小学校附属幼儿园卫生间改造造价咨询服务】中选结果的公告,https://www.cqggzy.com/trade/014/BRII_5001984504623922609070258?categoryNum=014010002,两江新区,中选公告,2026-09-10,重庆市公共资源交易网,2026-09-11 11:00:34
关于为【结算审核】 公开选取【工程造价咨询】机构的公告,https://www.cqggzy.com/trade/014/PNII_5001095043104322609090662?categoryNum=014010001,北碚区,采购公告,2026-09-10,重庆市公共资源交易网,2026-09-11 11:00:34
关于【美丽阳光家园2025年5月-2026年3月强制清退房屋结算审核】中选结果的公告,https://www.cqggzy.com/trade/014/BRII_5001063587016292609070275?categoryNum=014010002,沙坪坝区,中选公告,2026-09-10,重庆市公共资源交易网,2026-09-11 11:00:34
关于【开州区城区滨江片区排水管网改造工程 安康、南郊泵站检测采购】中选结果的公告,https://www.cqggzy.com/trade/014/BRII_500234MB1E229332609040541?categoryNum=014010002,开州区,中选公告,2026-09-10,重庆市公共资源交易网,2026-09-11 11:00:34
关于【开州区赵家街道2025年城乡融合休闲步道建设以工代赈项目】中选结果的公告,https://www.cqggzy.com/trade/014/BRII_5002340086463672609070401?categoryNum=014010002,开州区,中选公告,2026-09-10,重庆市公共资源交易网,2026-09-11 11:00:34
关于【沙坪坝区小龙坎街道解放坡4号边坡步道稳定性调查】中选结果的公告,https://www.cqggzy.com/trade/014/BRII_5001060092912032609070854?categoryNum=014010002,沙坪坝区,中选公告,2026-09-10,重庆市公共资源交易网,2026-09-11 11:00:34
关于【2026-2028年度空气、质量、水质检测 】中选结果的公告,https://www.cqggzy.com/trade/014/BRII_5001035520080432609040406?categoryNum=014010002,渝中区,中选公告,2026-09-10,重庆市公共资源交易网,2026-09-11 11:00:34
关于为【重庆市荣昌区后西小学运动场及附属设施维修项目结算审计服务】 公开选取【工程造价咨询】机构的公告,https://www.cqggzy.com/trade/014/PNII_5002267688931682609100024?categoryNum=014010001,荣昌区,采购公告,2026-09-10,重庆市公共资源交易网,2026-09-11 11:00:34
关于为【涪陵区江东片区提升农村饮水质量工程（一期）专项债发行财务评估】 公开选取【会计师事务所服务】机构的公告,https://www.cqggzy.com/trade/014/PNII_500102MAE5EGQ102609090748?categoryNum=014010001,涪陵区,采购公告,2026-09-10,重庆市公共资源交易网,2026-09-11 11:00:34
关于为【荣昌区2026年“四好农村路”项目（冲锋村2026年入院路） 招标代理】 公开选取【招标代理】机构的公告,https://www.cqggzy.com/trade/014/PNII_5002260093423142609100088?categoryNum=014010001,荣昌区,采购公告,2026-09-10,重庆市公共资源交易网,2026-09-11 11:00:34
医疗设备一批(PSX26A00184)采购更正公告（补遗一）,https://www.cqggzy.com/trade/014/1674033628293935104?categoryNum=014005002,彭水县,答疑变更,2026-09-10,重庆市公共资源交易网,2026-09-11 11:00:36
关于为【成渝中线高铁（大足段）外部环境整治相关费用单价预算】 公开选取【工程造价咨询】机构的公告,https://www.cqggzy.com/trade/014/PNII_5001110093480972609100008?categoryNum=014010001,大足区,采购公告,2026-09-10,重庆市公共资源交易网,2026-09-11 11:00:36
关于为【重庆市永川区汇龙小学食堂 结构安全性鉴定】 公开选取【建设工程质量检测】机构的公告,https://www.cqggzy.com/trade/014/PNII_5001187748792662609100080?categoryNum=014010001,永川区,采购公告,2026-09-10,重庆市公共资源交易网,2026-09-11 11:00:36
关于为【2025年沙坪坝区土湾街道城镇危房整治项目施工招标代理】 公开选取【工程建设项目招标代理】机构的公告,https://www.cqggzy.com/trade/014/PNII_5001062030889702609090650?categoryNum=014010001,沙坪坝区,采购公告,2026-09-10,重庆市公共资源交易网,2026-09-11 11:00:36
关于【关于选取煤电化园区、青山湖水库、板辽水库资产评估机构】中选结果的公告,https://www.cqggzy.com/trade/014/BRII_5001992032955312609030766?categoryNum=014010002,万盛区,中选公告,2026-09-10,重庆市公共资源交易网,2026-09-11 11:00:36
关于【南川区G243头渡至风门段公路改建工程（地质灾害影响路段）交工验收验证性检测】中选结果的公告,https://www.cqggzy.com/trade/014/BRII_50011900868235X2609030761?categoryNum=014010002,南川区,中选公告,2026-09-10,重庆市公共资源交易网,2026-09-11 11:00:36
关于为【明月竹乡（乡村振兴）建设项目桩基平行检测】 公开选取【建设工程质量检测】机构的公告,https://www.cqggzy.com/trade/014/PNII_500231MA5UK2G852609100002?categoryNum=014010001,垫江县,采购公告,2026-09-10,重庆市公共资源交易网,2026-09-11 11:00:36
关于【富渝苑AB区临街门市檐口砖脱落重大安全隐患整治工程结算审核】中选结果的公告,https://www.cqggzy.com/trade/014/BRII_500198MB0B1885X2609070547?categoryNum=014010002,两江新区,中选公告,2026-09-10,重庆市公共资源交易网,2026-09-11 11:00:36
关于【重庆市铜梁区社区矫正中心建设项目预算审核采购】中选结果的公告,https://www.cqggzy.com/trade/014/BRII_5002242037431382609070169?categoryNum=014010002,铜梁区,中选公告,2026-09-10,重庆市公共资源交易网,2026-09-11 11:00:36
关于为【重庆市两江新区新村嘉华幼儿园信息化设备招标代理说明】 公开选取【招标代理】机构的公告,https://www.cqggzy.com/trade/014/PNII_500198MB1T5033X2609090808?categoryNum=014010001,两江新区,采购公告,2026-09-10,重庆市公共资源交易网,2026-09-11 11:00:36
关于为【两江新区回兴街道2026年“四好农村路”改建工程施工阶段造价全过程控制服务(含结算评审)采购】 公开选取【工程造价咨询】机构的公告,https://www.cqggzy.com/trade/014/PNII_500198MB0B1885X2609100090?categoryNum=014010001,两江新区,采购公告,2026-09-10,重庆市公共资源交易网,2026-09-11 11:00:36
关于为【“溪霞山居”项目专项审计咨询服务】 公开选取【会计师事务所服务】机构的公告,https://www.cqggzy.com/trade/014/PNII_500115MA60J03D72609070957?categoryNum=014010001,长寿区,采购公告,2026-09-10,重庆市公共资源交易网,2026-09-11 11:00:36
关于为【九黎城核心景区木结构建筑维修项目】 公开选取【工程造价咨询】机构的公告,https://www.cqggzy.com/trade/014/PNII_500243MA5UP0ERX2609090810?categoryNum=014010001,彭水县,采购公告,2026-09-10,重庆市公共资源交易网,2026-09-11 11:00:38
关于为【新田中学环境综合整治及附属设施完善工程(审图)】 公开选取【施工图设计文件审查】机构的公告,https://www.cqggzy.com/trade/014/PNII_5001014517578112609100069?categoryNum=014010001,万州区,采购公告,2026-09-10,重庆市公共资源交易网,2026-09-11 11:00:38
重庆市大足区2026年产油大县奖励资金项目（油菜基地建设）种子采购（包2第二次）(DZQ26A00681)结果公告,https://www.cqggzy.com/trade/014/1674033002612830208_1?categoryNum=014005004,大足区,采购结果公告,2026-09-10,重庆市公共资源交易网,2026-09-11 11:00:38
关于为【校园建设功能完善项目工程监理】 公开选取【工程监理】机构的公告,https://www.cqggzy.com/trade/014/PNII_500114MB1A419702609100041?categoryNum=014010001,黔江区,采购公告,2026-09-10,重庆市公共资源交易网,2026-09-11 11:00:38
关于【翰澜校区绿化维保项目招标代理】中选结果的公告,https://www.cqggzy.com/trade/014/BRII_5001054504300832609070434?categoryNum=014010002,江北区,中选公告,2026-09-10,重庆市公共资源交易网,2026-09-11 11:00:38
食堂劳务服务采购项目（第二次）(CQS26C02219)中标（成交）结果公告,https://www.cqggzy.com/trade/014/1673391154764492800_1?categoryNum=014005004,市级,采购结果公告,2026-09-10,重庆市公共资源交易网,2026-09-11 11:00:38
关于为【万州区长岭镇-五桥街道民强村等（2）个村市级补充耕地项目测绘设计预算编制单位选取】 公开选取【测绘，土地规划】机构的公告,https://www.cqggzy.com/trade/014/PNII_500101MB1U787202609090411?categoryNum=014010001,万州区,采购公告,2026-09-10,重庆市公共资源交易网,2026-09-11 11:00:38
关于为【Y802新华至五里公路安全提升工程】 公开选取【招标代理】机构的公告,https://www.cqggzy.com/trade/014/PNII_500199MB1K2327X2609100086?categoryNum=014010001,万盛区,采购公告,2026-09-10,重庆市公共资源交易网,2026-09-11 11:00:38
关于【忠县忠州中学校本部堡坎排危及新建运动场项目设计】中选结果的公告,https://www.cqggzy.com/trade/014/BRII_5002334518111012609040440?categoryNum=014010002,忠县,中选公告,2026-09-10,重庆市公共资源交易网,2026-09-11 11:00:38
关于【重庆双桥工业园区发展中心（豪迤项目外管道安装）结算审核服务】中选结果的公告,https://www.cqggzy.com/trade/014/BRII_5001117562222362609040217?categoryNum=014010002,大足区,中选公告,2026-09-10,重庆市公共资源交易网,2026-09-11 11:00:38
关于为【松溉镇半边街基础设施改造项目】 公开选取【工程设计】机构的公告,https://www.cqggzy.com/trade/014/PNII_5001180093380912609090734?categoryNum=014010001,永川区,采购公告,2026-09-10,重庆市公共资源交易网,2026-09-11 11:00:38
关于【2026年铜梁区溶洞气体检测项目】中选结果的公告,https://www.cqggzy.com/trade/014/BRII_5002244506320992609070432?categoryNum=014010002,铜梁区,中选公告,2026-09-10,重庆市公共资源交易网,2026-09-11 11:00:38
关于【滨湖天地招商策划方案采购项目招标代理服务】中选结果的公告,https://www.cqggzy.com/trade/014/BRII_50010171166521X2609070695?categoryNum=014010002,万州区,中选公告,2026-09-10,重庆市公共资源交易网,2026-09-11 11:00:40
关于【彭水县桑柘镇大喜村育肥场建设项目】中选结果的公告,https://www.cqggzy.com/trade/014/BRII_5002437530580982609070343?categoryNum=014010002,彭水县,中选公告,2026-09-10,重庆市公共资源交易网,2026-09-11 11:00:40
关于【2026年善广乡尖峰村尖峰桥至尖峰岔路口产业连接道扩宽项目结算审核】中选结果的公告,https://www.cqggzy.com/trade/014/BRII_5002337094497292609030795?categoryNum=014010002,忠县,中选公告,2026-09-10,重庆市公共资源交易网,2026-09-11 11:00:40
关于【青莲食品产业园深加工厂房（一期）一标段施工图审查服务】中选结果的公告,https://www.cqggzy.com/trade/014/BRII_500112MA615WNY82609070220?categoryNum=014010002,渝北区,中选公告,2026-09-10,重庆市公共资源交易网,2026-09-11 11:00:40
关于【善广乡2026年第一批农村公路建设通畅项目（庙当门—正塝、月亮包—柏林、陡坡—垭口、大坪—周高院子）监理】中选结果的公告,https://www.cqggzy.com/trade/014/BRII_5002337094497292609070958?categoryNum=014010002,忠县,中选公告,2026-09-10,重庆市公共资源交易网,2026-09-11 11:00:40
关于为【固定资产报废残值评估】 公开选取【资产评估】机构的公告,https://www.cqggzy.com/trade/014/PNII_5002344517868312609100066?categoryNum=014010001,开州区,采购公告,2026-09-10,重庆市公共资源交易网,2026-09-11 11:00:40
关于为【长寿区三峡路片区老旧小区及街区改造项目可研编制】 公开选取【管理和决策咨询，工程咨询】机构的公告,https://www.cqggzy.com/trade/014/PNII_5001157428958272609090467?categoryNum=014010001,长寿区,采购公告,2026-09-10,重庆市公共资源交易网,2026-09-11 11:00:40
关于为【开州区镇东街道楠竹林饮水工程预算审核】 公开选取【工程造价咨询】机构的公告,https://www.cqggzy.com/trade/014/PNII_50023471163013X2609100081?categoryNum=014010001,开州区,采购公告,2026-09-10,重庆市公共资源交易网,2026-09-11 11:00:40
关于【大足区2026年高升镇旭光村稻鳖全产业链建设项目】中选结果的公告,https://www.cqggzy.com/trade/014/BRII_500111MF62941042609040634?categoryNum=014010002,大足区,中选公告,2026-09-10,重庆市公共资源交易网,2026-09-11 11:00:40
关于为【关于酉阳县龚滩镇大理村市级补充耕地项目前期勘测与新增耕地核定工作单位的采购说明】 公开选取【测绘】机构的公告,https://www.cqggzy.com/trade/014/PNII_50024256347500X2609100045?categoryNum=014010001,酉阳县,采购公告,2026-09-10,重庆市公共资源交易网,2026-09-11 11:00:40
关于为【消防事业部资产评估】 公开选取【资产评估】机构的公告,https://www.cqggzy.com/trade/014/PNII_5001072031250652609090762?categoryNum=014010001,九龙坡区,采购公告,2026-09-10,重庆市公共资源交易网,2026-09-11 11:00:40
关于为【丰都县2026年森林防火消防水箱及管网建设项目】 公开选取【建设工程质量检测】机构的公告,https://www.cqggzy.com/trade/014/PNII_5002300086863932609100055?categoryNum=014010001,丰都县,采购公告,2026-09-10,重庆市公共资源交易网,2026-09-11 11:00:40
关于为【双桥经济技术开发区环境卫生及园林绿化管护一体化项目增加区域面积测绘服务采购】 公开选取【测绘】机构的公告,https://www.cqggzy.com/trade/014/PNII_5001115889163772609100076?categoryNum=014010001,大足区,采购公告,2026-09-10,重庆市公共资源交易网,2026-09-11 11:00:43
关于为【松溉镇文昌宫社区龙潭坡危岩应急排危降险治理项目】 公开选取【地质灾害防治】机构的公告,https://www.cqggzy.com/trade/014/PNII_5001180093380912609090779?categoryNum=014010001,永川区,采购公告,2026-09-10,重庆市公共资源交易网,2026-09-11 11:00:43
关于为【云阳县2026年南溪镇高标准农田建设项目】 公开选取【工程监理】机构的公告,https://www.cqggzy.com/trade/014/PNII_5002350086579042609100027?categoryNum=014010001,云阳县,采购公告,2026-09-10,重庆市公共资源交易网,2026-09-11 11:00:43
关于为【云阳县2026年红狮镇高标准农田非耕地问题整改项目（粮油生产能力提升）招标代理服务】 公开选取【招标代理】机构的公告,https://www.cqggzy.com/trade/014/PNII_5002356608880682609100031?categoryNum=014010001,云阳县,采购公告,2026-09-10,重庆市公共资源交易网,2026-09-11 11:00:43
万州区高笋塘组团范围国有建设用地使用权公开出让公告（公告序号：万州地交〔2026〕8号）,https://www.cqggzy.com/trade/014/17890041614187083243-SELL?categoryNum=014004001001,万州区,交易公告,2026-09-10,重庆市公共资源交易网,2026-09-11 11:00:43
关于【巫山县城乡生活垃圾分类与治理方案编制采购】中选结果的公告,https://www.cqggzy.com/trade/014/BRII_500237MB1R2480X2609070185?categoryNum=014010002,巫山县,中选公告,2026-09-10,重庆市公共资源交易网,2026-09-11 11:00:43
关于为【蔡家片区滨江路建设项目（一期）规划调整】 公开选取【城乡规划编制】机构的公告,https://www.cqggzy.com/trade/014/PNII_5001097784554792609100029?categoryNum=014010001,北碚区,采购公告,2026-09-10,重庆市公共资源交易网,2026-09-11 11:00:43
关于为【“双宝生活垃圾填埋场、石门建筑垃圾消纳场、蔡家建筑垃圾消纳场土地公开招租项目”服务】 公开选取【资产评估】机构的公告,https://www.cqggzy.com/trade/014/PNII_5001167094578412609100016?categoryNum=014010001,江津区,采购公告,2026-09-10,重庆市公共资源交易网,2026-09-11 11:00:43
关于为【沙滨路乳品厂高架桥及高架桥C段病害整治工程施工图审查】 公开选取【施工图设计文件审查】机构的公告,https://www.cqggzy.com/trade/014/PNII_5001062030889702609090802?categoryNum=014010001,沙坪坝区,采购公告,2026-09-10,重庆市公共资源交易网,2026-09-11 11:00:43
关于【万州区太安学校2026年暑假综合维修项目】中选结果的公告,https://www.cqggzy.com/trade/014/BRII_500101MB07942262609070494?categoryNum=014010002,万州区,中选公告,2026-09-10,重庆市公共资源交易网,2026-09-11 11:00:43
关于为【云阳县普安恐龙地质公园综合建设一期项目—恐龙化石遗址馆项目（提升工程）室外板块方案及初步设计采购需求说明】 公开选取【工程设计】机构的公告,https://www.cqggzy.com/trade/014/PNII_500235MA603K2522609100013?categoryNum=014010001,云阳县,采购公告,2026-09-10,重庆市公共资源交易网,2026-09-11 11:00:43
关于为【关于酉阳县龚滩镇大理村市级补充耕地项目规划设计及预算编制单位的采购说明】 公开选取【土地规划】机构的公告,https://www.cqggzy.com/trade/014/PNII_50024256347500X2609100071?categoryNum=014010001,酉阳县,采购公告,2026-09-10,重庆市公共资源交易网,2026-09-11 11:00:43
关于为【明月竹乡（乡村振兴）建设项目白蚁防治服务】 公开选取【有害生物防治服务】机构的公告,https://www.cqggzy.com/trade/014/PNII_500231MA5UK2G852609100006?categoryNum=014010001,垫江县,采购公告,2026-09-10,重庆市公共资源交易网,2026-09-11 11:00:45
关于【鹿角湾小微停车场项目地块放桩服务采购】中选结果的公告,https://www.cqggzy.com/trade/014/BRII_50010520304533X2609010402?categoryNum=014010002,江北区,中选公告,2026-09-10,重庆市公共资源交易网,2026-09-11 11:00:45
关于【重庆市荣昌区消防救援支队河包消防救援站改造项目】中选结果的公告,https://www.cqggzy.com/trade/014/BRII_5002267659023052609040645?categoryNum=014010002,荣昌区,中选公告,2026-09-10,重庆市公共资源交易网,2026-09-11 11:00:45
关于【峰高街道2027年度小型水库困难扶助资金项目】中选结果的公告,https://www.cqggzy.com/trade/014/BRII_5002267500635962609040312?categoryNum=014010002,荣昌区,中选公告,2026-09-10,重庆市公共资源交易网,2026-09-11 11:00:45
关于为【九黎城核心景区木结构建筑维修项目】 公开选取【工程监理】机构的公告,https://www.cqggzy.com/trade/014/PNII_500243MA5UP0ERX2609090812?categoryNum=014010001,彭水县,采购公告,2026-09-10,重庆市公共资源交易网,2026-09-11 11:00:45
关于为【萱花中学新建高中综合楼附属工程监理服务】 公开选取【工程监理】机构的公告,https://www.cqggzy.com/trade/014/PNII_5001184506424732609090807?categoryNum=014010001,永川区,采购公告,2026-09-10,重庆市公共资源交易网,2026-09-11 11:00:45
关于为【江津区白沙-慈云片区城中村改造项目C7-1/01号等地块强电迁改工程、江津区白沙-慈云片区城中村改造项目C7-1/01号等地块通讯管线搬迁工程预算审核】 公开选取【工程造价咨询】机构的公告,https://www.cqggzy.com/trade/014/PNII_50011655904758X2609100056?categoryNum=014010001,江津区,采购公告,2026-09-10,重庆市公共资源交易网,2026-09-11 11:00:45
关于为【忠县复兴镇2026年农村公路安防工程】 公开选取【工程监理】机构的公告,https://www.cqggzy.com/trade/014/PNII_5002337094522582609090795?categoryNum=014010001,忠县,采购公告,2026-09-10,重庆市公共资源交易网,2026-09-11 11:00:45
关于【黔江区2024年四好农村路建设项目新华乡大田社区联网路拓宽工程】中选结果的公告,https://www.cqggzy.com/trade/014/BRII_5001140091440942609070541?categoryNum=014010002,黔江区,中选公告,2026-09-10,重庆市公共资源交易网,2026-09-11 11:00:45
关于为【沙滨路乳品厂高架桥及高架桥C段病害整治工程设计】 公开选取【工程设计】机构的公告,https://www.cqggzy.com/trade/014/PNII_5001062030889702609090796?categoryNum=014010001,沙坪坝区,采购公告,2026-09-10,重庆市公共资源交易网,2026-09-11 11:00:45
关于为【丰都县董家镇黄岭沟至水剑湾等农村公路改扩建项目监理中介服务采购说明】 公开选取【工程监理】机构的公告,https://www.cqggzy.com/trade/014/PNII_5002300086895512609090792?categoryNum=014010001,丰都县,采购公告,2026-09-10,重庆市公共资源交易网,2026-09-11 11:00:45
关于【开州区中药材仓储银行建设】中选结果的公告,https://www.cqggzy.com/trade/014/BRII_5002345748397372609040610?categoryNum=014010002,开州区,中选公告,2026-09-10,重庆市公共资源交易网,2026-09-11 11:00:45
关于为【开州区数智抗旱指挥平台项目招标代理服务】 公开选取【招标代理】机构的公告,https://www.cqggzy.com/trade/014/PNII_5002344517911392609090761?categoryNum=014010001,开州区,采购公告,2026-09-10,重庆市公共资源交易网,2026-09-11 11:00:47
关于为【双桥经开区2027年迎春灯饰工程设计服务】 公开选取【工程设计】机构的公告,https://www.cqggzy.com/trade/014/PNII_5001110656878002609100052?categoryNum=014010001,大足区,采购公告,2026-09-10,重庆市公共资源交易网,2026-09-11 11:00:47
关于为【梁平区NCLZGDJF非住宅类问题专项整治现状地质灾害危险性评估及2026年度梁平区国土空间总体规划动态维护规划用地地质灾害危险性评估服务采购说明】 公开选取【地质灾害防治】机构的公告,https://www.cqggzy.com/trade/014/PNII_500228MB19573732609100072?categoryNum=014010001,梁平区,采购公告,2026-09-10,重庆市公共资源交易网,2026-09-11 11:00:47
关于【樵坪人家商业及车库消防报警系统整改维修项目（预算审核单位选聘）】中选结果的公告,https://www.cqggzy.com/trade/014/BRII_5001127453192512609010434?categoryNum=014010002,渝北区,中选公告,2026-09-10,重庆市公共资源交易网,2026-09-11 11:00:47
关于【丰都县名山街道景区二码头-古佛岩消落区生态修复工程可研编制单位】中选结果的公告,https://www.cqggzy.com/trade/014/BRII_500230MB1N429082609030453?categoryNum=014010002,丰都县,中选公告,2026-09-10,重庆市公共资源交易网,2026-09-11 11:00:47
重庆市官渡—庙宇区块石油天然气勘查公告（公告序号：ZRZYBKYQCR〔2026〕0004-03号）,https://www.cqggzy.com/trade/014/17889440531628066266-SELL?categoryNum=014004001002,市级,交易公告,2026-09-10,重庆市公共资源交易网,2026-09-11 11:00:47
关于为【酉阳自治县桃花源中学校门维修改造项目】 公开选取【工程咨询】机构的公告,https://www.cqggzy.com/trade/014/PNII_5002423052855962609090805?categoryNum=014010001,酉阳县,采购公告,2026-09-10,重庆市公共资源交易网,2026-09-11 11:00:47
关于为【重庆市开州区重点区域水文安全监测工程（二期）】 公开选取【工程造价咨询】机构的公告,https://www.cqggzy.com/trade/014/PNII_5002340086463672609090771?categoryNum=014010001,开州区,采购公告,2026-09-10,重庆市公共资源交易网,2026-09-11 11:00:47
关于【重庆市开州区长沙镇义学堂中心小学厕所维修翻新工程项目结算审核】中选结果的公告,https://www.cqggzy.com/trade/014/BRII_5002344517890202609070445?categoryNum=014010002,开州区,中选公告,2026-09-10,重庆市公共资源交易网,2026-09-11 11:00:47
事件相关电位(CQS26A03547)中标（成交）结果公告,https://www.cqggzy.com/trade/014/1674029972916056064_1?categoryNum=014005004,市级,采购结果公告,2026-09-10,重庆市公共资源交易网,2026-09-11 11:00:47
关于【峰高街道2027年度小型水库困难扶助资金项目】中选结果的公告,https://www.cqggzy.com/trade/014/BRII_5002267500635962609040292?categoryNum=014010002,荣昌区,中选公告,2026-09-10,重庆市公共资源交易网,2026-09-11 11:00:47
"关于【秀山县龙池镇鱼泉沟组水生态治理工程,秀山县龙池镇龙冠社区水生态治理工程,秀山县老旧小区燃气管道老化更新改造项目结算复查审核】中选结果的公告",https://www.cqggzy.com/trade/014/BRII_5002416992941522608280599?categoryNum=014010002,秀山县,中选公告,2026-09-10,重庆市公共资源交易网,2026-09-11 11:00:47
"关于【秀山县涌洞镇楠木村研学基地装饰装修工程,秀山县兰桥镇2026年红卫社区茶叶加工厂扩建项目,秀山县2026年梅江镇吏目村、八幅村农村生活污水资源化利用项目预算造价绩效评估】中选结果的公告",https://www.cqggzy.com/trade/014/BRII_5002416992941522609030214?categoryNum=014010002,秀山县,中选公告,2026-09-10,重庆市公共资源交易网,2026-09-11 11:00:49
关于【2026年两江新区田之乐农产品全产业链加工示范基地玻璃温室建设工程项目图审服务】中选结果的公告,https://www.cqggzy.com/trade/014/BRII_500198MB0B1885X2609070135?categoryNum=014010002,两江新区,中选公告,2026-09-10,重庆市公共资源交易网,2026-09-11 11:00:49
关于【彭水特殊教育学校山谷艾语古香(摩围苏)工作室建设装修改造预算审核单位选取】中选结果的公告,https://www.cqggzy.com/trade/014/BRII_5002437453174592609070424?categoryNum=014010002,彭水县,中选公告,2026-09-10,重庆市公共资源交易网,2026-09-11 11:00:49
关于【明月竹乡（乡村振兴）建设项目采空区稳定性专项评估】中选结果的公告,https://www.cqggzy.com/trade/014/BRII_500231MA5UK2G852609070167?categoryNum=014010002,垫江县,中选公告,2026-09-10,重庆市公共资源交易网,2026-09-11 11:00:49
关于【重庆市渝东北三峡库区森林草原防灭火专业设施建设项目（丰都县）】中选结果的公告,https://www.cqggzy.com/trade/014/BRII_5002300086863932609040555?categoryNum=014010002,丰都县,中选公告,2026-09-10,重庆市公共资源交易网,2026-09-11 11:00:49
关于【重庆市涪陵区蔺市街道中心小学校张拉膜钢结构建设工程检验检测采购】中选结果的公告,https://www.cqggzy.com/trade/014/BRII_5001026786873522609070166?categoryNum=014010002,涪陵区,中选公告,2026-09-10,重庆市公共资源交易网,2026-09-11 11:00:49
关于【重庆市丰都县三元镇派出所后方危岩排危降险调查设计服务】中选结果的公告,https://www.cqggzy.com/trade/014/BRII_5002307626974222609070338?categoryNum=014010002,丰都县,中选公告,2026-09-10,重庆市公共资源交易网,2026-09-11 11:00:49
关于【郭家沱街道山涧水岸小区及商圈高挡墙安全隐患整改项目（预算编制）】中选结果的公告,https://www.cqggzy.com/trade/014/BRII_5001050092961512609040630?categoryNum=014010002,江北区,中选公告,2026-09-10,重庆市公共资源交易网,2026-09-11 11:00:49
关于【江津区龙华镇2026年农村公路项目（梁新路）分户测绘服务单位采购】中选结果的公告,https://www.cqggzy.com/trade/014/BRII_5001160093204142609070336?categoryNum=014010002,江津区,中选公告,2026-09-10,重庆市公共资源交易网,2026-09-11 11:00:49
关于【2026-411#某饮用水管网建设项目（预算）】中选结果的公告,https://www.cqggzy.com/trade/014/BRII_5002236814909052609070199?categoryNum=014010002,潼南区,中选公告,2026-09-10,重庆市公共资源交易网,2026-09-11 11:00:49
关于为【黔江区新华乡2026年第二轮土地承包到期后再延长30年工作技术服务项目】 公开选取【测绘】机构的公告,https://www.cqggzy.com/trade/014/PNII_5001140091440942609090507?categoryNum=014010001,黔江区,采购公告,2026-09-10,重庆市公共资源交易网,2026-09-11 11:00:49
关于为【巫溪大宁河水环境综合治理工程房屋补偿评估服务】 公开选取【资产评估，房地产估价】机构的公告,https://www.cqggzy.com/trade/014/PNII_500238MAACDMMFX2609100034?categoryNum=014010001,巫溪县,采购公告,2026-09-10,重庆市公共资源交易网,2026-09-11 11:00:49
关于为【潼南区青石幼儿园2026-2027年度食堂劳务采购】 公开选取【招标代理】机构的公告,https://www.cqggzy.com/trade/014/PNII_500223MB1A851052609100047?categoryNum=014010001,潼南区,采购公告,2026-09-10,重庆市公共资源交易网,2026-09-11 11:00:51
关于为【城口县龙田镇四湾村2027年度市级美丽移民村建设项目设计单位采购】 公开选取【工程设计，测绘】机构的公告,https://www.cqggzy.com/trade/014/PNII_5002295590261642609090685?categoryNum=014010001,城口县,采购公告,2026-09-10,重庆市公共资源交易网,2026-09-11 11:00:51
关于为【渝中半岛区域城市照明设施临时维护保障工作（跟踪审计）】 公开选取【工程造价咨询】机构的公告,https://www.cqggzy.com/trade/014/PNII_500103MB11059712609090684?categoryNum=014010001,渝中区,采购公告,2026-09-10,重庆市公共资源交易网,2026-09-11 11:00:51
关于为【2026年武隆区农村公路路面自动化检测内业数据处理】 公开选取【检验检测服务】机构的公告,https://www.cqggzy.com/trade/014/PNII_5002327094770412609100070?categoryNum=014010001,武隆区,采购公告,2026-09-10,重庆市公共资源交易网,2026-09-11 11:00:51
关于为【重庆市荣昌区后西小学附属幼儿园地胶等校舍维修项目结算审计服务】 公开选取【工程造价咨询】机构的公告,https://www.cqggzy.com/trade/014/PNII_5002267688931682609100065?categoryNum=014010001,荣昌区,采购公告,2026-09-10,重庆市公共资源交易网,2026-09-11 11:00:51
关于为【消防事业部专项审计】 公开选取【会计师事务所服务】机构的公告,https://www.cqggzy.com/trade/014/PNII_5001072031250652609090707?categoryNum=014010001,九龙坡区,采购公告,2026-09-10,重庆市公共资源交易网,2026-09-11 11:00:51
关于为【急诊科抢救电梯安装设计服务采购】 公开选取【工程设计】机构的公告,https://www.cqggzy.com/trade/014/PNII_50023445178262X2609100030?categoryNum=014010001,开州区,采购公告,2026-09-10,重庆市公共资源交易网,2026-09-11 11:00:51
关于为【奉节县白帝镇杜甫诗词文化活动中心项目】 公开选取【工程造价咨询】机构的公告,https://www.cqggzy.com/trade/014/PNII_500236MB1M388442609100044?categoryNum=014010001,奉节县,采购公告,2026-09-10,重庆市公共资源交易网,2026-09-11 11:00:51
关于为【云阳县红狮镇2026年森林可持续经营项目招标代理服务】 公开选取【招标代理】机构的公告,https://www.cqggzy.com/trade/014/PNII_5002356608880682609100019?categoryNum=014010001,云阳县,采购公告,2026-09-10,重庆市公共资源交易网,2026-09-11 11:00:51
关于【舟白街道舟白社区互助养老点建设项目结算审核】中选结果的公告,https://www.cqggzy.com/trade/014/BRII_5001147339521642609030172?categoryNum=014010002,黔江区,中选公告,2026-09-10,重庆市公共资源交易网,2026-09-11 11:00:51
关于【2026年“万吨脐橙进山东”产销对接活动项目】中选结果的公告,https://www.cqggzy.com/trade/014/BRII_5002367094439842609030151?categoryNum=014010002,奉节县,中选公告,2026-09-10,重庆市公共资源交易网,2026-09-11 11:00:51
关于【石柱县2026年度小型水库困难扶助项目基础设施完善工程监理服务采购】中选结果的公告,https://www.cqggzy.com/trade/014/BRII_5002406862374822609010708?categoryNum=014010002,石柱县,中选公告,2026-09-10,重庆市公共资源交易网,2026-09-11 11:00:51
关于【铜罐驿镇“暖心安居”市政基础设施提质行动——场镇通信管网建设项目预算审核服务】中选结果的公告,https://www.cqggzy.com/trade/014/BRII_5001077453170452609070037?categoryNum=014010002,九龙坡区,中选公告,2026-09-10,重庆市公共资源交易网,2026-09-11 11:00:53
关于【石柱县2026年度小型水库困难扶助项目基础设施完善工程预算审核】中选结果的公告,https://www.cqggzy.com/trade/014/BRII_5002406862374822609010672?categoryNum=014010002,石柱县,中选公告,2026-09-10,重庆市公共资源交易网,2026-09-11 11:00:53
关于【重庆金佛山山水文旅发展集团有限公司关于金佛山景区西坡智慧旅游更新提升项目（压雪车）招标代理机构比选公告】中选结果的公告,https://www.cqggzy.com/trade/014/BRII_5001196608761982609070314?categoryNum=014010002,南川区,中选公告,2026-09-10,重庆市公共资源交易网,2026-09-11 11:00:53
关于为【九黎城核心景区木结构建筑维修项目】 公开选取【工程造价咨询】机构的公告,https://www.cqggzy.com/trade/014/PNII_500243MA5UP0ERX2609090811?categoryNum=014010001,彭水县,采购公告,2026-09-10,重庆市公共资源交易网,2026-09-11 11:00:53
关于【2026年两江新区田之乐农产品全产业链加工示范基地玻璃温室建设工程项目预算评审服务】中选结果的公告,https://www.cqggzy.com/trade/014/BRII_500198MB0B1885X2609070122?categoryNum=014010002,两江新区,中选公告,2026-09-10,重庆市公共资源交易网,2026-09-11 11:00:53
关于【2026年两江新区田之乐农产品全产业链加工示范基地玻璃温室建设工程项目招标代理服务】中选结果的公告,https://www.cqggzy.com/trade/014/BRII_500198MB0B1885X2609070091?categoryNum=014010002,两江新区,中选公告,2026-09-10,重庆市公共资源交易网,2026-09-11 11:00:53
关于【重庆市渝东北三峡库区森林草原防灭火专业设施建设项目（丰都县）】中选结果的公告,https://www.cqggzy.com/trade/014/BRII_5002300086863932609040563?categoryNum=014010002,丰都县,中选公告,2026-09-10,重庆市公共资源交易网,2026-09-11 11:00:53
关于【北碚区澄江镇D级危旧房改造项目—强弱电改造工程招标代理单位选取】中选结果的公告,https://www.cqggzy.com/trade/014/BRII_5001092032001842609030711?categoryNum=014010002,北碚区,中选公告,2026-09-10,重庆市公共资源交易网,2026-09-11 11:00:53
关于为【璧山区河边镇2026年山坪塘整治项目结算服务】 公开选取【工程造价咨询】机构的公告,https://www.cqggzy.com/trade/014/PNII_5002270093450482609090735?categoryNum=014010001,璧山区,采购公告,2026-09-10,重庆市公共资源交易网,2026-09-11 11:00:53
关于为【轨道交通18号线四川美术学院站2号出入口旁边坡整治结算服务】 公开选取【工程造价咨询】机构的公告,https://www.cqggzy.com/trade/014/PNII_5001070092935672609100036?categoryNum=014010001,九龙坡区,采购公告,2026-09-10,重庆市公共资源交易网,2026-09-11 11:00:53
重庆市南川区人民检察院档案室食堂维修项目(CQS26B00096)中标（成交）结果公告,https://www.cqggzy.com/trade/014/1673745519320805376_1?categoryNum=014005004,市级,采购结果公告,2026-09-10,重庆市公共资源交易网,2026-09-11 11:00:53
渝中职教中心护理虚拟仿真实训基地项目采购（第五次）(YZQ24A00306)中标（成交）结果公告,https://www.cqggzy.com/trade/014/1674027790565158912_1?categoryNum=014005004,渝中区,采购结果公告,2026-09-10,重庆市公共资源交易网,2026-09-11 11:00:53
关于为【酉阳县新中医院公交站台建设及道路扩建工程（施工图外部审查）服务采购】 公开选取【施工图设计文件审查】机构的公告,https://www.cqggzy.com/trade/014/PNII_5002427339762972609080427?categoryNum=014010001,酉阳县,采购公告,2026-09-10,重庆市公共资源交易网,2026-09-11 11:00:54
关于【荣昌区万灵镇学府路地质灾害点应急排危工程】中选结果的公告,https://www.cqggzy.com/trade/014/BRII_5002260093420662609070044?categoryNum=014010002,荣昌区,中选公告,2026-09-10,重庆市公共资源交易网,2026-09-11 11:00:54
关于为【黔江区金溪镇为农服务中心农业设施设备及冻库建设项目招标代理采购需求】 公开选取【招标代理】机构的公告,https://www.cqggzy.com/trade/014/PNII_500114MA5U7HPC52609090701?categoryNum=014010001,黔江区,采购公告,2026-09-10,重庆市公共资源交易网,2026-09-11 11:00:54
关于为【忠县复兴镇天台村张家湾至家湾通畅工程】 公开选取【工程监理】机构的公告,https://www.cqggzy.com/trade/014/PNII_5002337094522582609090790?categoryNum=014010001,忠县,采购公告,2026-09-10,重庆市公共资源交易网,2026-09-11 11:00:54
关于为【巫山县2026年官渡镇脐橙标准化种植示范园项目】 公开选取【工程造价咨询】机构的公告,https://www.cqggzy.com/trade/014/PNII_5002370086613212609090770?categoryNum=014010001,巫山县,采购公告,2026-09-10,重庆市公共资源交易网,2026-09-11 11:00:54
关于为【井口江家院安置房（一期）工程质量检测】 公开选取【建设工程质量检测】机构的公告,https://www.cqggzy.com/trade/014/PNII_5001067626731802609090754?categoryNum=014010001,沙坪坝区,采购公告,2026-09-10,重庆市公共资源交易网,2026-09-11 11:00:54
关于【舟白街道综治中心规范化建设项目】中选结果的公告,https://www.cqggzy.com/trade/014/BRII_5001147339521642609070188?categoryNum=014010002,黔江区,中选公告,2026-09-10,重庆市公共资源交易网,2026-09-11 11:00:54
关于为【2026年渝中区景观及户外灯饰照明维修及后期管护服务项目（跟踪审计）】 公开选取【工程造价咨询】机构的公告,https://www.cqggzy.com/trade/014/PNII_500103MB11059712609090708?categoryNum=014010001,渝中区,采购公告,2026-09-10,重庆市公共资源交易网,2026-09-11 11:00:54
重庆市第十三人民医院灯床塔设备一批项目(CQS25A05383)废标公告,https://www.cqggzy.com/trade/014/1674026368633188352?categoryNum=014005002,市级,答疑变更,2026-09-10,重庆市公共资源交易网,2026-09-11 11:00:54
关于为【松溉镇半边街基础设施改造项目】 公开选取【工程造价咨询】机构的公告,https://www.cqggzy.com/trade/014/PNII_5001180093380912609090758?categoryNum=014010001,永川区,采购公告,2026-09-10,重庆市公共资源交易网,2026-09-11 11:00:54
关于【奉节县兴隆镇2026年特色旅居村大坪森林公园基础设施以工代赈项目】中选结果的公告,https://www.cqggzy.com/trade/014/BRII_5002360086592482609030790?categoryNum=014010002,奉节县,中选公告,2026-09-10,重庆市公共资源交易网,2026-09-11 11:00:54
关于【涪陵区公安局新妙派出所家具采购项目招标代理】中选结果的公告,https://www.cqggzy.com/trade/014/BRII_5001020086702522609070131?categoryNum=014010002,涪陵区,中选公告,2026-09-10,重庆市公共资源交易网,2026-09-11 11:00:54
关于【2台新能源商务车购置项目】中选结果的公告,https://www.cqggzy.com/trade/014/BRII_5001016992735892609040651?categoryNum=014010002,万州区,中选公告,2026-09-10,重庆市公共资源交易网,2026-09-11 11:00:56
关于【丰都县小型水库维修养护工程（苦竹沟等供水片区渠系联通整治工程）竣工决算审计项目】中选结果的公告,https://www.cqggzy.com/trade/014/BRII_5002300086864062609070565?categoryNum=014010002,丰都县,中选公告,2026-09-10,重庆市公共资源交易网,2026-09-11 11:00:56
关于【丰都县三合街道汇南社区便民服务中心排危整治项目竣工决算审计项目】中选结果的公告,https://www.cqggzy.com/trade/014/BRII_5002300086864062609070579?categoryNum=014010002,丰都县,中选公告,2026-09-10,重庆市公共资源交易网,2026-09-11 11:00:56
关于【忠县马灌镇桂阳村大桥村环境整治工程】中选结果的公告,https://www.cqggzy.com/trade/014/BRII_5002337365533452609040537?categoryNum=014010002,忠县,中选公告,2026-09-10,重庆市公共资源交易网,2026-09-11 11:00:56
关于【大安供销社排危改造项目招标控制价审核服务】中选结果的公告,https://www.cqggzy.com/trade/014/BRII_5001187398369062609070154?categoryNum=014010002,永川区,中选公告,2026-09-10,重庆市公共资源交易网,2026-09-11 11:00:56
关于【开万梁高速公路建设三改用地和临时用地上的企业搬迁评估】中选结果的公告,https://www.cqggzy.com/trade/014/BRII_5002340086479252609070244?categoryNum=014010002,开州区,中选公告,2026-09-10,重庆市公共资源交易网,2026-09-11 11:00:56
关于【合川区东津沱小学幼儿园托育项目预算编制】中选结果的公告,https://www.cqggzy.com/trade/014/BRII_5001177935316522609040608?categoryNum=014010002,合川区,中选公告,2026-09-10,重庆市公共资源交易网,2026-09-11 11:00:56
关于【《黔江城区三岔河水域游船及水上娱乐项目洪水影响评价报告》编制服务】中选结果的公告,https://www.cqggzy.com/trade/014/BRII_5001147453497332609070471?categoryNum=014010002,黔江区,中选公告,2026-09-10,重庆市公共资源交易网,2026-09-11 11:00:56
关于为【松溉镇半边街基础设施改造项目】 公开选取【工程监理】机构的公告,https://www.cqggzy.com/trade/014/PNII_5001180093380912609090746?categoryNum=014010001,永川区,采购公告,2026-09-10,重庆市公共资源交易网,2026-09-11 11:00:56
关于为【南川区撕栗坪水库饮用水源地保护区划定】 公开选取【管理和决策咨询】机构的公告,https://www.cqggzy.com/trade/014/PNII_5001197530867422609090776?categoryNum=014010001,南川区,采购公告,2026-09-10,重庆市公共资源交易网,2026-09-11 11:00:56
关于为【2026年渝中区“两江四岸开灯仪式”楼 宇灯饰照明维修及后期管护服务项目（跟中审计）】 公开选取【工程造价咨询】机构的公告,https://www.cqggzy.com/trade/014/PNII_500103MB11059712609090721?categoryNum=014010001,渝中区,采购公告,2026-09-10,重庆市公共资源交易网,2026-09-11 11:00:56
关于为【丰都县2026年兴龙镇肉牛家庭牧场建设项目】 公开选取【工程设计】机构的公告,https://www.cqggzy.com/trade/014/PNII_5002300086896822609090742?categoryNum=014010001,丰都县,采购公告,2026-09-10,重庆市公共资源交易网,2026-09-11 11:00:56
关于为【南川区撕栗坪水库饮用水源地保护区地形图实测】 公开选取【测绘】机构的公告,https://www.cqggzy.com/trade/014/PNII_5001197530867422609090764?categoryNum=014010001,南川区,采购公告,2026-09-10,重庆市公共资源交易网,2026-09-11 11:00:57
关于为【荣昌区水文现代化建设项目（二期）预算审核】 公开选取【工程造价咨询】机构的公告,https://www.cqggzy.com/trade/014/PNII_500226MA60UTE262609100040?categoryNum=014010001,荣昌区,采购公告,2026-09-10,重庆市公共资源交易网,2026-09-11 11:00:57
关于【酉阳县城乡生活垃圾分类与治理方案编制服务采购】中选结果的公告,https://www.cqggzy.com/trade/014/BRII_5002427339762972609040590?categoryNum=014010002,酉阳县,中选公告,2026-09-10,重庆市公共资源交易网,2026-09-11 11:00:57
关于为【松溉镇半边街基础设施改造项目】 公开选取【工程造价咨询】机构的公告,https://www.cqggzy.com/trade/014/PNII_5001180093380912609090763?categoryNum=014010001,永川区,采购公告,2026-09-10,重庆市公共资源交易网,2026-09-11 11:00:57
关于【清泉中学龙都校区环境整治项目招标代理】中选结果的公告,https://www.cqggzy.com/trade/014/BRII_5001014517536182609070014?categoryNum=014010002,万州区,中选公告,2026-09-10,重庆市公共资源交易网,2026-09-11 11:00:57
关于为【铜梁区围龙镇龙乡桃源果蔬全产业链拓展项目（农场）】 公开选取【招标代理】机构的公告,https://www.cqggzy.com/trade/014/PNII_5002247935279522609090531?categoryNum=014010001,铜梁区,采购公告,2026-09-10,重庆市公共资源交易网,2026-09-11 11:00:57
关于【酉阳县官清乡峡口村9组边坡垮塌排危除险项目地质灾害防治服务】中选结果的公告,https://www.cqggzy.com/trade/014/BRII_5002420091484152608280271?categoryNum=014010002,酉阳县,中选公告,2026-09-10,重庆市公共资源交易网,2026-09-11 11:00:57
关于为【开州区河水坝巫山镇河段山红沟综合治理工程】 公开选取【工程造价咨询】机构的公告,https://www.cqggzy.com/trade/014/PNII_5002340086463672609090747?categoryNum=014010001,开州区,采购公告,2026-09-10,重庆市公共资源交易网,2026-09-11 11:00:57
关于为【重庆高新区市政维护面积测量服务】 公开选取【测绘】机构的公告,https://www.cqggzy.com/trade/014/PNII_5002985936581572609100022?categoryNum=014010001,市级,采购公告,2026-09-10,重庆市公共资源交易网,2026-09-11 11:00:57
关于【A8厂房项目化粪池污水管网清掏维护、保养服务】中选结果的公告,https://www.cqggzy.com/trade/014/BRII_500108MA619G5C12609020619?categoryNum=014010002,南岸区,中选公告,2026-09-10,重庆市公共资源交易网,2026-09-11 11:00:57
关于【忠县“云河专汽”项目实施方案和财务评估报告编制】中选结果的公告,https://www.cqggzy.com/trade/014/BRII_5002337688545992609040028?categoryNum=014010002,忠县,中选公告,2026-09-10,重庆市公共资源交易网,2026-09-11 11:00:57
关于【开州区浦里新区生物医药产业园及配套设施建设项目—研发基地场平部分（二期）施工招标代理】中选结果的公告,https://www.cqggzy.com/trade/014/BRII_5002340772532762609070502?categoryNum=014010002,开州区,中选公告,2026-09-10,重庆市公共资源交易网,2026-09-11 11:00:57
关于【云阳县新县城外环大道建设工程（迎宾立交工程）、云阳县北部新区北城大道三期延伸段工程、云阳县紫云路道路及管网工程】中选结果的公告,https://www.cqggzy.com/trade/014/BRII_50023557212536X2609070090?categoryNum=014010002,云阳县,中选公告,2026-09-10,重庆市公共资源交易网,2026-09-11 11:00:59
关于【2026年三合街道双庙社区产业发展项目】中选结果的公告,https://www.cqggzy.com/trade/014/BRII_5002307116254452609070046?categoryNum=014010002,丰都县,中选公告,2026-09-10,重庆市公共资源交易网,2026-09-11 11:00:59
关于【丰都县2023年小型水库库区及移民安置区群众生产生活困难扶持资金项目树人镇茄马石水库渠道整治工程竣工决算审计项目】中选结果的公告,https://www.cqggzy.com/trade/014/BRII_5002300086864062609070594?categoryNum=014010002,丰都县,中选公告,2026-09-10,重庆市公共资源交易网,2026-09-11 11:00:59
关于为【云阳县2026年蔈草镇蔈草社区农文旅融合发展项目项目建议书和可行性研究报告编制】 公开选取【工程咨询】机构的公告,https://www.cqggzy.com/trade/014/PNII_5002357474779822609100014?categoryNum=014010001,云阳县,采购公告,2026-09-10,重庆市公共资源交易网,2026-09-11 11:00:59
关于【通达公司（移动公司调度大楼电力线路改迁）】中选结果的公告,https://www.cqggzy.com/trade/014/BRII_5002337815945842609070661?categoryNum=014010002,忠县,中选公告,2026-09-10,重庆市公共资源交易网,2026-09-11 11:00:59
关于【云阳县黄石高铁新城一期土地储备整治项目黄石路道路及管网工程、云阳县黄石高铁新城高铁大道至疾控中心道路及管网工程、云阳县澎溪河流域盐厂至黄石月亮街段岸线综合整治】中选结果的公告,https://www.cqggzy.com/trade/014/BRII_50023557212536X2609070125?categoryNum=014010002,云阳县,中选公告,2026-09-10,重庆市公共资源交易网,2026-09-11 11:00:59
关于【黔江区过境高速公路（渝湘联络线）互通连接道路工程(边坡监测)】中选结果的公告,https://www.cqggzy.com/trade/014/BRII_500114MAABP8AQX2609070476?categoryNum=014010002,黔江区,中选公告,2026-09-10,重庆市公共资源交易网,2026-09-11 11:00:59
关于【丰都县苦竹沟等16座小型水库白蚁治理工程项目竣工决算审计项目】中选结果的公告,https://www.cqggzy.com/trade/014/BRII_5002300086864062609070611?categoryNum=014010002,丰都县,中选公告,2026-09-10,重庆市公共资源交易网,2026-09-11 11:00:59
关于【实施恢复国有资产使用功能项目 设计采购公告】中选结果的公告,https://www.cqggzy.com/trade/014/BRII_5001060092913182609070410?categoryNum=014010002,沙坪坝区,中选公告,2026-09-10,重庆市公共资源交易网,2026-09-11 11:00:59
关于为【奉节县夔门街道金盆片区老旧小区配套基础设施改造项目（二期）（工程设计）】 公开选取【工程设计】机构的公告,https://www.cqggzy.com/trade/014/PNII_5002367474525742609090281?categoryNum=014010001,奉节县,采购公告,2026-09-10,重庆市公共资源交易网,2026-09-11 11:00:59
关于【丰都县8座小型水库白蚁治理项目竣工决算审计项目】中选结果的公告,https://www.cqggzy.com/trade/014/BRII_5002300086864062609070585?categoryNum=014010002,丰都县,中选公告,2026-09-10,重庆市公共资源交易网,2026-09-11 11:00:59
关于【重庆市合川区东津沱小学幼儿园托育项目造价全过程控制】中选结果的公告,https://www.cqggzy.com/trade/014/BRII_5001177935316522609040624?categoryNum=014010002,合川区,中选公告,2026-09-10,重庆市公共资源交易网,2026-09-11 11:00:59
关于【云阳县黄石高铁新城一期土地储备整治项目平安路道路及管网工程、云阳县黄石高铁新城一期土地储备整治项目黄杨路道路及管网工程、云阳县黄石高铁新城一期土地储备整治项目高铁大道工程(一期)】中选结果的公告,https://www.cqggzy.com/trade/014/BRII_50023557212536X2609070134?categoryNum=014010002,云阳县,中选公告,2026-09-10,重庆市公共资源交易网,2026-09-11 11:01:01
关于为【重庆市水利发展研究中心数据资源平台建设限价审核】 公开选取【信息咨询和技术服务，工程造价咨询】机构的公告,https://www.cqggzy.com/trade/014/PNII_5001126992955502609100007?categoryNum=014010001,渝北区,采购公告,2026-09-10,重庆市公共资源交易网,2026-09-11 11:01:01
关于【双凤桥街道兴大路、柏小路、枣兴路等4处公路灾害治理项目预算审核服务】中选结果的公告,https://www.cqggzy.com/trade/014/BRII_500198MB0B195292609070485?categoryNum=014010002,两江新区,中选公告,2026-09-10,重庆市公共资源交易网,2026-09-11 11:01:01
关于【先锋场镇全覆盖供水工程成本审计】中选结果的公告,https://www.cqggzy.com/trade/014/BRII_5001167428799232609070472?categoryNum=014010002,江津区,中选公告,2026-09-10,重庆市公共资源交易网,2026-09-11 11:01:01
关于【黔江火车站片区老旧小区改造配套基础设施项目（三期）工程总承包（施工招标代理）】中选结果的公告,https://www.cqggzy.com/trade/014/BRII_500114MAABP8AQX2609070712?categoryNum=014010002,黔江区,中选公告,2026-09-10,重庆市公共资源交易网,2026-09-11 11:01:01
关于【云阳县综合管理服务平台二级等保测评及风险排查服务项目】中选结果的公告,https://www.cqggzy.com/trade/014/BRII_5002357339472692609070168?categoryNum=014010002,云阳县,中选公告,2026-09-10,重庆市公共资源交易网,2026-09-11 11:01:01
关于为【凤一校幼儿园室内活动场地和幼儿园校门口改造项目PVC楼面地胶检测】 公开选取【检验检测服务】机构的公告,https://www.cqggzy.com/trade/014/PNII_50011573395133X2609100003?categoryNum=014010001,长寿区,采购公告,2026-09-10,重庆市公共资源交易网,2026-09-11 11:01:01
SQ2608号国有建设用地使用权招拍挂出让成交结果公示,https://www.cqggzy.com/trade/014/17872811121157785346-DEAL?categoryNum=014004004,大足区,成交公告,2026-09-10,重庆市公共资源交易网,2026-09-11 11:01:01
关于为【九黎城核心景区木结构建筑维修项目】 公开选取【招标代理】机构的公告,https://www.cqggzy.com/trade/014/PNII_500243MA5UP0ERX2609090809?categoryNum=014010001,彭水县,采购公告,2026-09-10,重庆市公共资源交易网,2026-09-11 11:01:01
关于【武两高速凤来连接线电力、管线迁改审价项目】中选结果的公告,https://www.cqggzy.com/trade/014/BRII_5002327094770412609020094?categoryNum=014010002,武隆区,中选公告,2026-09-10,重庆市公共资源交易网,2026-09-11 11:01:01
关于【彭水县善感片区乡村振兴（四条公路改扩建）项目】中选结果的公告,https://www.cqggzy.com/trade/014/BRII_5002430091503632609070179?categoryNum=014010002,彭水县,中选公告,2026-09-10,重庆市公共资源交易网,2026-09-11 11:01:01
关于为【G211(K1569.973-K1612.159)安全提升招标代理服务采购说明】 公开选取【工程建设项目招标代理】机构的公告,https://www.cqggzy.com/trade/014/PNII_5002406889141332609090791?categoryNum=014010001,石柱县,采购公告,2026-09-10,重庆市公共资源交易网,2026-09-11 11:01:01
关于为【巫山县2026年官渡镇人居环境综合整治项目】 公开选取【工程造价咨询】机构的公告,https://www.cqggzy.com/trade/014/PNII_5002370086613212609090788?categoryNum=014010001,巫山县,采购公告,2026-09-10,重庆市公共资源交易网,2026-09-11 11:01:03
关于为【松溉镇半边街基础设施改造项目】 公开选取【招标代理】机构的公告,https://www.cqggzy.com/trade/014/PNII_5001180093380912609090772?categoryNum=014010001,永川区,采购公告,2026-09-10,重庆市公共资源交易网,2026-09-11 11:01:03
关于为【彭水县善感乡2024年美丽宜居示范乡镇建设项目场镇品质提升工程项目】 公开选取【工程造价咨询】机构的公告,https://www.cqggzy.com/trade/014/PNII_5002430091536872609090766?categoryNum=014010001,彭水县,采购公告,2026-09-10,重庆市公共资源交易网,2026-09-11 11:01:03
关于为【开州区赵家街道周都红色美丽村庄建设工程一标段】 公开选取【工程造价咨询】机构的公告,https://www.cqggzy.com/trade/014/PNII_5002340086463672609090757?categoryNum=014010001,开州区,采购公告,2026-09-10,重庆市公共资源交易网,2026-09-11 11:01:03
关于为【合川区云门街道三处危岩排危降险工程方案编制】 公开选取【地质灾害防治】机构的公告,https://www.cqggzy.com/trade/014/PNII_5001176786597572609090694?categoryNum=014010001,合川区,采购公告,2026-09-10,重庆市公共资源交易网,2026-09-11 11:01:03
关于为【2026巫山县官渡镇竹林村5、6社柑橘产业 配套项目】 公开选取【工程造价咨询】机构的公告,https://www.cqggzy.com/trade/014/PNII_5002370086613212609090765?categoryNum=014010001,巫山县,采购公告,2026-09-10,重庆市公共资源交易网,2026-09-11 11:01:03
关于【四川红军第二路游击队陈列馆迁建工程施工图设计文件审查】中选结果的公告,https://www.cqggzy.com/trade/014/BRII_500102MB1N546502609030279?categoryNum=014010002,涪陵区,中选公告,2026-09-10,重庆市公共资源交易网,2026-09-11 11:01:03
SQ2610号国有建设用地使用权招拍挂出让成交结果公示,https://www.cqggzy.com/trade/014/17873042547873139061-DEAL?categoryNum=014004004,大足区,成交公告,2026-09-10,重庆市公共资源交易网,2026-09-11 11:01:03
关于【重庆市中涪南热电有限公司2026年职业病危害因素检测服务项目】中选结果的公告,https://www.cqggzy.com/trade/014/BRII_5001193459364452608280496?categoryNum=014010002,南川区,中选公告,2026-09-10,重庆市公共资源交易网,2026-09-11 11:01:03
关于【奉节县存量人才公寓2026年度改造维修项目施工图审查采购公告】中选结果的公告,https://www.cqggzy.com/trade/014/BRII_500236MB19206262609070109?categoryNum=014010002,奉节县,中选公告,2026-09-10,重庆市公共资源交易网,2026-09-11 11:01:03
关于【世茂璀璨天城物业服务合同纠纷法律服务】中选结果的公告,https://www.cqggzy.com/trade/014/BRII_500112MA60A6K062609070590?categoryNum=014010002,渝北区,中选公告,2026-09-10,重庆市公共资源交易网,2026-09-11 11:01:03
关于【正阳工业园区产城融合协调发展配套基础设施建设项目（停车场及配套设施项目）( 控制点测绘)】中选结果的公告,https://www.cqggzy.com/trade/014/BRII_500114MAABP8AQX2609070470?categoryNum=014010002,黔江区,中选公告,2026-09-10,重庆市公共资源交易网,2026-09-11 11:01:03
关于【重庆市开州区国有毛垭林场2026年度风倒木除治项目】中选结果的公告,https://www.cqggzy.com/trade/014/BRII_5002347717590232609070149?categoryNum=014010002,开州区,中选公告,2026-09-10,重庆市公共资源交易网,2026-09-11 11:01:05
关于【云阳县档案馆老馆库房整修】中选结果的公告,https://www.cqggzy.com/trade/014/BRII_5002357688906532609040633?categoryNum=014010002,云阳县,中选公告,2026-09-10,重庆市公共资源交易网,2026-09-11 11:01:05
关于【云阳县黄石高铁新城高铁大道工程(二期)、云阳县双江街道新龙梁岸线综合治理工程、云阳县黄石镇月亮街至桐子园外侧库岸安全防护工程】中选结果的公告,https://www.cqggzy.com/trade/014/BRII_50023557212536X2609070114?categoryNum=014010002,云阳县,中选公告,2026-09-10,重庆市公共资源交易网,2026-09-11 11:01:05
关于【正阳工业园区产城融合协调发展配套基础设施建设项目（停车场及配套设施项目） (场平方量测绘)】中选结果的公告,https://www.cqggzy.com/trade/014/BRII_500114MAABP8AQX2609070426?categoryNum=014010002,黔江区,中选公告,2026-09-10,重庆市公共资源交易网,2026-09-11 11:01:05
关于为【开州区环汉丰湖城市更新项目--水上国民休闲运动中心三期】 公开选取【工程造价咨询】机构的公告,https://www.cqggzy.com/trade/014/PNII_5002340086463672609090753?categoryNum=014010001,开州区,采购公告,2026-09-10,重庆市公共资源交易网,2026-09-11 11:01:05
关于【太极学校运动场改造项目结算审核服务】中选结果的公告,https://www.cqggzy.com/trade/014/BRII_5001147398050772606260407?categoryNum=014010002,黔江区,中选公告,2026-09-10,重庆市公共资源交易网,2026-09-11 11:01:05
关于【西部（重庆）科学城西三镇老旧小区改造项目—东鹏周边配套（新乾路）污水管网维修工程设计】中选结果的公告,https://www.cqggzy.com/trade/014/BRII_5001077474671272609040183?categoryNum=014010002,九龙坡区,中选公告,2026-09-10,重庆市公共资源交易网,2026-09-11 11:01:05
关于【法律顾问咨询】中选结果的公告,https://www.cqggzy.com/trade/014/BRII_5002306608902212609010314?categoryNum=014010002,丰都县,中选公告,2026-09-10,重庆市公共资源交易网,2026-09-11 11:01:05
关于【九龙坡区某测绘技术咨询服务项目】中选结果的公告,https://www.cqggzy.com/trade/014/BRII_5001072031250652609070473?categoryNum=014010002,九龙坡区,中选公告,2026-09-10,重庆市公共资源交易网,2026-09-11 11:01:05
关于【渤海初级中学扩建项目10kv高压电力杆线路迁改】中选结果的公告,https://www.cqggzy.com/trade/014/BRII_5002426814721172609070233?categoryNum=014010002,酉阳县,中选公告,2026-09-10,重庆市公共资源交易网,2026-09-11 11:01:05
关于为【大石化片区老旧小区配套基础设施建设工程（红岩村片区老旧小区配套服务设施提升工程）】 公开选取【工程监理】机构的公告,https://www.cqggzy.com/trade/014/PNII_5001030092913422609090733?categoryNum=014010001,渝中区,采购公告,2026-09-10,重庆市公共资源交易网,2026-09-11 11:01:05
关于为【重庆市长寿区凤城街道大脚湾危岩等8个地质灾害排危除险预算审核单位采购】 公开选取【工程造价咨询】机构的公告,https://www.cqggzy.com/trade/014/PNII_5001154504821312609100017?categoryNum=014010001,长寿区,采购公告,2026-09-10,重庆市公共资源交易网,2026-09-11 11:01:05
关于【南天湖乌龟石隧道项目施工图 设计】中选结果的公告,https://www.cqggzy.com/trade/014/BRII_5002302087536772609070200?categoryNum=014010002,丰都县,中选公告,2026-09-10,重庆市公共资源交易网,2026-09-11 11:01:06
关于为【秦安机电地块租金咨询评估】 公开选取【资产评估】机构的公告,https://www.cqggzy.com/trade/014/PNII_5001077453329232609100012?categoryNum=014010001,九龙坡区,采购公告,2026-09-10,重庆市公共资源交易网,2026-09-11 11:01:06
关于为【川渝东北（开州）检验检测中心一期建设工程施工图审查】 公开选取【施工图设计文件审查】机构的公告,https://www.cqggzy.com/trade/014/PNII_5002347842266722609090572?categoryNum=014010001,开州区,采购公告,2026-09-10,重庆市公共资源交易网,2026-09-11 11:01:06
关于【丰都县南天湖景区拓展区（玉带山-轿子山旅游）配套提升项目施工图设计】中选结果的公告,https://www.cqggzy.com/trade/014/BRII_5002302087536772609070186?categoryNum=014010002,丰都县,中选公告,2026-09-10,重庆市公共资源交易网,2026-09-11 11:01:06
关于【重庆市万州区熊家学校2026年暑期维修项目】中选结果的公告,https://www.cqggzy.com/trade/014/BRII_5001014517632502609030403?categoryNum=014010002,万州区,中选公告,2026-09-10,重庆市公共资源交易网,2026-09-11 11:01:06
关于【录播教室建设工程设计】中选结果的公告,https://www.cqggzy.com/trade/014/BRII_50010745040175X2609070075?categoryNum=014010002,九龙坡区,中选公告,2026-09-10,重庆市公共资源交易网,2026-09-11 11:01:06
关于【云台镇小岩村2026年农村公益事业建设财政奖补项目设计服务采购说明】中选结果的公告,https://www.cqggzy.com/trade/014/BRII_5001150093046762609070429?categoryNum=014010002,长寿区,中选公告,2026-09-10,重庆市公共资源交易网,2026-09-11 11:01:06
关于为【西永线输气管道江津清管站涉渝昆高速铁路迁改项目水土保持方案报批及水土保持备案手续服务】 公开选取【水土保持方案编制】机构的公告,https://www.cqggzy.com/trade/014/PNII_5001167530748212609100005?categoryNum=014010001,江津区,采购公告,2026-09-10,重庆市公共资源交易网,2026-09-11 11:01:06
关于【云台镇拱桥村2026年农村公益事业建设财政奖补项目设计服务采购说明】中选结果的公告,https://www.cqggzy.com/trade/014/BRII_5001150093046762609070420?categoryNum=014010002,长寿区,中选公告,2026-09-10,重庆市公共资源交易网,2026-09-11 11:01:06
关于【九龙坡区双岗村城中村改造项目配套设施工程（二期）招标代理】中选结果的公告,https://www.cqggzy.com/trade/014/BRII_5001073316322562609040670?categoryNum=014010002,九龙坡区,中选公告,2026-09-10,重庆市公共资源交易网,2026-09-11 11:01:06
关于【石柱县桥头片区农村供水保障项目勘察设计招标代理】中选结果的公告,https://www.cqggzy.com/trade/014/BRII_5002406862374822609010260?categoryNum=014010002,石柱县,中选公告,2026-09-10,重庆市公共资源交易网,2026-09-11 11:01:06
关于【关于【酉阳县清泉乡响水村2组官庄-天馆乡熊家村通组通畅及安防工程】公开选取【工程招标代理】机构的公告】中选结果的公告,https://www.cqggzy.com/trade/014/BRII_5002420091484662609070486?categoryNum=014010002,酉阳县,中选公告,2026-09-10,重庆市公共资源交易网,2026-09-11 11:01:06
关于【重庆市大足区海棠小学牛奶水果桶装水采购项目（招标代理采购）】中选结果的公告,https://www.cqggzy.com/trade/014/BRII_5001113052684622609070441?categoryNum=014010002,大足区,中选公告,2026-09-10,重庆市公共资源交易网,2026-09-11 11:01:08
关于【石柱县配售型保障性住房项目防雷装置检测服务采购文件】中选结果的公告,https://www.cqggzy.com/trade/014/BRII_500240MAEHE4NA32609070062?categoryNum=014010002,石柱县,中选公告,2026-09-10,重庆市公共资源交易网,2026-09-11 11:01:08
关于【重庆市綦江区城市建设投资有限公司关于聘请中介机构进行财务咨询服务需求】中选结果的公告,https://www.cqggzy.com/trade/014/BRII_5001100564796392609070709?categoryNum=014010002,綦江区,中选公告,2026-09-10,重庆市公共资源交易网,2026-09-11 11:01:08
关于【石柱县配售型保障性住房项目白蚁防治服务采购文件】中选结果的公告,https://www.cqggzy.com/trade/014/BRII_500240MAEHE4NA32609070159?categoryNum=014010002,石柱县,中选公告,2026-09-10,重庆市公共资源交易网,2026-09-11 11:01:08
关于【黄石高铁大道(二期)工程】中选结果的公告,https://www.cqggzy.com/trade/014/BRII_50023557212536X2609070067?categoryNum=014010002,云阳县,中选公告,2026-09-10,重庆市公共资源交易网,2026-09-11 11:01:08
关于【重庆市铜梁区大庙小学拆除老旧房屋等项目预算编制】中选结果的公告,https://www.cqggzy.com/trade/014/BRII_5002244506284872609070433?categoryNum=014010002,铜梁区,中选公告,2026-09-10,重庆市公共资源交易网,2026-09-11 11:01:08
关于【特殊教育美育浸润计划二期项目】中选结果的公告,https://www.cqggzy.com/trade/014/BRII_5002334518110992609070066?categoryNum=014010002,忠县,中选公告,2026-09-10,重庆市公共资源交易网,2026-09-11 11:01:08
关于【奉节县永安街道明月社区饮水安全提升工程】中选结果的公告,https://www.cqggzy.com/trade/014/BRII_5002360086594082609070303?categoryNum=014010002,奉节县,中选公告,2026-09-10,重庆市公共资源交易网,2026-09-11 11:01:08
关于为【九黎城核心景区木结构建筑维修项目】 公开选取【工程设计】机构的公告,https://www.cqggzy.com/trade/014/PNII_500243MA5UP0ERX2609090813?categoryNum=014010001,彭水县,采购公告,2026-09-10,重庆市公共资源交易网,2026-09-11 11:01:08
关于为【“重庆市秀山三润矿业有限公司尾矿库（老库）风险隐患治理项目”现状安全评价服务】 公开选取【安全评价】机构的公告,https://www.cqggzy.com/trade/014/PNII_500241MAAC4BTG32609090803?categoryNum=014010001,秀山县,采购公告,2026-09-10,重庆市公共资源交易网,2026-09-11 11:01:08
关于【区政府1-3层中央空调循环水管道更换维修项目 预算编制】中选结果的公告,https://www.cqggzy.com/trade/014/BRII_5001013317157992609070390?categoryNum=014010002,万州区,中选公告,2026-09-10,重庆市公共资源交易网,2026-09-11 11:01:08
关于为【重庆市开州区云枫第二中心幼儿园楼梯间安全隐患整治项目结算审核】 公开选取【工程造价咨询】机构的公告,https://www.cqggzy.com/trade/014/PNII_500234MB0U326162609090798?categoryNum=014010001,开州区,采购公告,2026-09-10,重庆市公共资源交易网,2026-09-11 11:01:08
关于为【重庆江来集团第五十批县内37宗资产公开挂网出租】 公开选取【资产评估】机构的公告,https://www.cqggzy.com/trade/014/PNII_5002357958957402609090793?categoryNum=014010001,云阳县,采购公告,2026-09-10,重庆市公共资源交易网,2026-09-11 11:01:09
关于为【关于G211（K1569.973-K1612.159）安全提升预算审核采购说明】 公开选取【工程造价咨询】机构的公告,https://www.cqggzy.com/trade/014/PNII_5002406889141332609090789?categoryNum=014010001,石柱县,采购公告,2026-09-10,重庆市公共资源交易网,2026-09-11 11:01:09
关于为【2026年数字乡村建设项目】 公开选取【工程造价咨询】机构的公告,https://www.cqggzy.com/trade/014/PNII_5002370086613212609090784?categoryNum=014010001,巫山县,采购公告,2026-09-10,重庆市公共资源交易网,2026-09-11 11:01:09
关于【奉节县永安街道2026年特色旅居村基础设施完善以工代赈项目】中选结果的公告,https://www.cqggzy.com/trade/014/BRII_5002360086594082609070235?categoryNum=014010002,奉节县,中选公告,2026-09-10,重庆市公共资源交易网,2026-09-11 11:01:09
关于【区政府楼循环水管道排污阀及中央空调主管道排污阀改造项目 预算编制】中选结果的公告,https://www.cqggzy.com/trade/014/BRII_5001013317157992609070378?categoryNum=014010002,万州区,中选公告,2026-09-10,重庆市公共资源交易网,2026-09-11 11:01:09
关于为【开州区赵家街道2025年道路基础设施提升以工代赈项目】 公开选取【工程造价咨询】机构的公告,https://www.cqggzy.com/trade/014/PNII_5002340086463672609090778?categoryNum=014010001,开州区,采购公告,2026-09-10,重庆市公共资源交易网,2026-09-11 11:01:09
关于为【忠县复兴镇凤凰村陶家山院子至陶家山通畅工程】 公开选取【工程监理】机构的公告,https://www.cqggzy.com/trade/014/PNII_5002337094522582609090756?categoryNum=014010001,忠县,采购公告,2026-09-10,重庆市公共资源交易网,2026-09-11 11:01:09
关于【重庆高新区高端功能膜材料智能制造基地数字化车间项目自来水安装预算审核】中选结果的公告,https://www.cqggzy.com/trade/014/BRII_5001022085506502608190200?categoryNum=014010002,涪陵区,中选公告,2026-09-10,重庆市公共资源交易网,2026-09-11 11:01:09
关于【渝东南智慧商贸网物流园基础设施一期项目（地块一、二）】中选结果的公告,https://www.cqggzy.com/trade/014/BRII_500114MAABYN1MX2608270211?categoryNum=014010002,黔江区,中选公告,2026-09-10,重庆市公共资源交易网,2026-09-11 11:01:09
关于【龙凤村村民委员会道路测绘及造价服务】中选结果的公告,https://www.cqggzy.com/trade/014/BRII_500113MF35113292609040655?categoryNum=014010002,巴南区,中选公告,2026-09-10,重庆市公共资源交易网,2026-09-11 11:01:09
关于【江津区学校运动场改造升级工程二期（招标代理服务）】中选结果的公告,https://www.cqggzy.com/trade/014/BRII_5001167500692342609070183?categoryNum=014010002,江津区,中选公告,2026-09-10,重庆市公共资源交易网,2026-09-11 11:01:09
关于【沙河街道2026年万斛城路新改建项目】中选结果的公告,https://www.cqggzy.com/trade/014/BRII_5001010086460092609040457?categoryNum=014010002,万州区,中选公告,2026-09-10,重庆市公共资源交易网,2026-09-11 11:01:09
关于【重庆市涪陵区荔枝希望小学校微机室电脑桌凳、网络设备建设工程结算审计服务】中选结果的公告,https://www.cqggzy.com/trade/014/BRII_50010269926720X2609070255?categoryNum=014010002,涪陵区,中选公告,2026-09-10,重庆市公共资源交易网,2026-09-11 11:01:12
关于【江津区渡口警戒水位、停航封渡水位核定】中选结果的公告,https://www.cqggzy.com/trade/014/BRII_50011645055991X2609070192?categoryNum=014010002,江津区,中选公告,2026-09-10,重庆市公共资源交易网,2026-09-11 11:01:12
关于【重庆市北碚区中山路小学校校庆舞台搭建及会场布置采购招标代理】中选结果的公告,https://www.cqggzy.com/trade/014/BRII_5001094504638462609070780?categoryNum=014010002,北碚区,中选公告,2026-09-10,重庆市公共资源交易网,2026-09-11 11:01:12
关于【燃气管道排危深埋后期土建回填、绿化整治项目的设计与预算】中选结果的公告,https://www.cqggzy.com/trade/014/BRII_500112MB1P0628X2609070651?categoryNum=014010002,渝北区,中选公告,2026-09-10,重庆市公共资源交易网,2026-09-11 11:01:12
关于【重庆礼嘉白云湖酒店·希尔顿格芮精选垃圾清运及垃圾房管理项目】中选结果的公告,https://www.cqggzy.com/trade/014/BRII_500198MAEHPUB062609080552?categoryNum=014010002,两江新区,中选公告,2026-09-10,重庆市公共资源交易网,2026-09-11 11:01:12
关于【渝北区第二人民医院扩建工程白蚁防治处理服务】中选结果的公告,https://www.cqggzy.com/trade/014/BRII_500112MA60A6K062609070263?categoryNum=014010002,渝北区,中选公告,2026-09-10,重庆市公共资源交易网,2026-09-11 11:01:12
关于【垫江县2026年桂溪街道高标准农田非耕地整改补建项目。（工程监理）】中选结果的公告,https://www.cqggzy.com/trade/014/BRII_5002313204547652609070731?categoryNum=014010002,垫江县,中选公告,2026-09-10,重庆市公共资源交易网,2026-09-11 11:01:12
关于【封闭式停车场车位保险服务需求项目】中选结果的公告,https://www.cqggzy.com/trade/014/BRII_50010769928857X2609070088?categoryNum=014010002,九龙坡区,中选公告,2026-09-10,重庆市公共资源交易网,2026-09-11 11:01:12
关于【重庆市开州区公安局已公示报废车辆价值评估服务】中选结果的公告,https://www.cqggzy.com/trade/014/BRII_5002340086462522609080642?categoryNum=014010002,开州区,中选公告,2026-09-10,重庆市公共资源交易网,2026-09-11 11:01:12
关于【重庆市北碚区中山路小学校校服采购项目招标代理】中选结果的公告,https://www.cqggzy.com/trade/014/BRII_5001094504638462609070598?categoryNum=014010002,北碚区,中选公告,2026-09-10,重庆市公共资源交易网,2026-09-11 11:01:12
关于【渝北N18-6-3小学工程白蚁防治服务采购】中选结果的公告,https://www.cqggzy.com/trade/014/BRII_500112MA60A6K062609070130?categoryNum=014010002,渝北区,中选公告,2026-09-10,重庆市公共资源交易网,2026-09-11 11:01:12
关于【江南、五桥集中办公区电力系统测试及维修改造项目 预算审核】中选结果的公告,https://www.cqggzy.com/trade/014/BRII_5001013317157992609070247?categoryNum=014010002,万州区,中选公告,2026-09-10,重庆市公共资源交易网,2026-09-11 11:01:12
关于【万州区G211线道河沟大桥危旧桥改造工程施工监控服务】中选结果的公告,https://www.cqggzy.com/trade/014/BRII_500101MB1D575292609020095?categoryNum=014010002,万州区,中选公告,2026-09-10,重庆市公共资源交易网,2026-09-11 11:01:14
关于【驿美佳苑建筑单价评估服务采购】中选结果的公告,https://www.cqggzy.com/trade/014/BRII_5002980092929862609070052?categoryNum=014010002,市级,中选公告,2026-09-10,重庆市公共资源交易网,2026-09-11 11:01:14
关于为【松溉镇半边街基础设施改造项目】 公开选取【工程造价咨询】机构的公告,https://www.cqggzy.com/trade/014/PNII_5001180093380912609090767?categoryNum=014010001,永川区,采购公告,2026-09-10,重庆市公共资源交易网,2026-09-11 11:01:14
关于为【2026年渝中区城市照明设施维护服务（跟中审计）】 公开选取【工程造价咨询】机构的公告,https://www.cqggzy.com/trade/014/PNII_500103MB11059712609090681?categoryNum=014010001,渝中区,采购公告,2026-09-10,重庆市公共资源交易网,2026-09-11 11:01:14
关于【永川区来苏镇观音井村、柏树桥村等村2027年度市级美丽移民村建设项目初步设计概算评审】中选结果的公告,https://www.cqggzy.com/trade/014/BRII_5001180093365392609040143?categoryNum=014010002,永川区,中选公告,2026-09-10,重庆市公共资源交易网,2026-09-11 11:01:14
关于【重庆市浙江油田大安3井区钻井压裂35kV供电项目核准审查】中选结果的公告,https://www.cqggzy.com/trade/014/BRII_5001180093365392609040151?categoryNum=014010002,永川区,中选公告,2026-09-10,重庆市公共资源交易网,2026-09-11 11:01:14
关于【奉节县党政信息中心2026年网络安全等级保护测评及安全服务项目】中选结果的公告,https://www.cqggzy.com/trade/014/BRII_5002360086580182608240146?categoryNum=014010002,奉节县,中选公告,2026-09-10,重庆市公共资源交易网,2026-09-11 11:01:14
璧山区 青杠街道 162.52平方米 闲置农房 出租,https://www.cqggzy.com/trade/014/cclexm31086?categoryNum=014014001002,市级,交易信息,2026-09-10,重庆市公共资源交易网,2026-09-11 11:01:14
关于【重庆市荣昌区中医院康养中心家具一批采购项目采购招标代理】中选结果的公告,https://www.cqggzy.com/trade/014/BRII_5002264506809202609040252?categoryNum=014010002,荣昌区,中选公告,2026-09-10,重庆市公共资源交易网,2026-09-11 11:01:14
关于【W26-020 职业健康体检服务项目（岗前、在岗、离岗职业健康体检服务项目）】中选结果的公告,https://www.cqggzy.com/trade/014/BRII_5001012079524552609030639?categoryNum=014010002,万州区,中选公告,2026-09-10,重庆市公共资源交易网,2026-09-11 11:01:14
鲁BD57109（北京牌BJ7000C5E8-BEV）等3台新能源车,https://www.cqggzy.com/trade/014/182837?categoryNum=014002001010,市级,交易公告,2026-09-10,重庆市公共资源交易网,2026-09-11 11:01:14
万州区学院支路5号房产招租,https://www.cqggzy.com/trade/014/182909?categoryNum=014002001011,万州区,交易公告,2026-09-10,重庆市公共资源交易网,2026-09-11 11:01:14
万州区南滨大道3843、3845、3847号房产整体招租,https://www.cqggzy.com/trade/014/182908?categoryNum=014002001011,万州区,交易公告,2026-09-10,重庆市公共资源交易网,2026-09-11 11:01:16
万州区太白路8号12楼房产招租,https://www.cqggzy.com/trade/014/182907?categoryNum=014002001011,万州区,交易公告,2026-09-10,重庆市公共资源交易网,2026-09-11 11:01:16
万州区石城路69号房产招租,https://www.cqggzy.com/trade/014/182906?categoryNum=014002001011,万州区,交易公告,2026-09-10,重庆市公共资源交易网,2026-09-11 11:01:16
万州区北山大道105号第三层房产招租,https://www.cqggzy.com/trade/014/182905?categoryNum=014002001011,万州区,交易公告,2026-09-10,重庆市公共资源交易网,2026-09-11 11:01:16
酉阳县柳树小流域水土保持生态产品15年经营权出让,https://www.cqggzy.com/trade/014/182849?categoryNum=014002001010,酉阳县,交易公告,2026-09-10,重庆市公共资源交易网,2026-09-11 11:01:16
璧山区璧泉街道东林大道69号附74号招租,https://www.cqggzy.com/trade/014/182877?categoryNum=014002001011,璧山区,交易公告,2026-09-10,重庆市公共资源交易网,2026-09-11 11:01:16
璧山区璧泉街道东林大道69号附64号招租,https://www.cqggzy.com/trade/014/182876?categoryNum=014002001011,璧山区,交易公告,2026-09-10,重庆市公共资源交易网,2026-09-11 11:01:16
璧山区璧泉街道东林大道69号附52号招租,https://www.cqggzy.com/trade/014/182871?categoryNum=014002001011,璧山区,交易公告,2026-09-10,重庆市公共资源交易网,2026-09-11 11:01:16
重庆高新技术产业研究院有限责任公司持有的精密加工闲置物资一批,https://www.cqggzy.com/trade/014/182859?categoryNum=014002001010,璧山区,交易公告,2026-09-10,重庆市公共资源交易网,2026-09-11 11:01:16
重庆市涪陵城建建筑工程有限公司持有的砂石一批（重庆工贸职业技术学院涪陵高新校区建设项目开挖剩余砂石）,https://www.cqggzy.com/trade/014/182864?categoryNum=014002001010,涪陵区,交易公告,2026-09-10,重庆市公共资源交易网,2026-09-11 11:01:16
重庆市涪陵城建建筑工程有限公司持有的砂石一批（重庆中医药职业学院一期建设项目开挖剩余砂石）,https://www.cqggzy.com/trade/014/182856?categoryNum=014002001010,涪陵区,交易公告,2026-09-10,重庆市公共资源交易网,2026-09-11 11:01:16
秀山县花灯广场游乐场招租,https://www.cqggzy.com/trade/014/182863?categoryNum=014002001011,秀山县,交易公告,2026-09-10,重庆市公共资源交易网,2026-09-11 11:01:16
重庆市秀山县中和街道凤凰大道8号19幢1层10号房产招租,https://www.cqggzy.com/trade/014/182862?categoryNum=014002001011,秀山县,交易公告,2026-09-10,重庆市公共资源交易网,2026-09-11 11:01:18
秀山县花灯广场青年创业就业示范街区A-07号房产招租,https://www.cqggzy.com/trade/014/182861?categoryNum=014002001011,秀山县,交易公告,2026-09-10,重庆市公共资源交易网,2026-09-11 11:01:18
秀山县花灯广场青年创业就业示范街区A-09号房产招租,https://www.cqggzy.com/trade/014/182858?categoryNum=014002001011,秀山县,交易公告,2026-09-10,重庆市公共资源交易网,2026-09-11 11:01:18
重庆市秀山县乌杨街道郭园路34号房产招租,https://www.cqggzy.com/trade/014/182852?categoryNum=014002001011,秀山县,交易公告,2026-09-10,重庆市公共资源交易网,2026-09-11 11:01:18
重庆市江北区盘溪路408号附1号部分房产（共计约5252㎡）整体招租,https://www.cqggzy.com/trade/014/182754?categoryNum=014002001011,市级,交易公告,2026-09-10,重庆市公共资源交易网,2026-09-11 11:01:18
重庆市江北区山水天成小区3号附10号房产招租,https://www.cqggzy.com/trade/014/182821?categoryNum=014002001011,江北区,交易公告,2026-09-10,重庆市公共资源交易网,2026-09-11 11:01:18
重庆市江北区兰溪小区34-28（派出所门牌号：海尔路181号附90号）房产招租,https://www.cqggzy.com/trade/014/182820?categoryNum=014002001011,江北区,交易公告,2026-09-10,重庆市公共资源交易网,2026-09-11 11:01:18
重庆市江北区兰溪小区34-2（派出所门牌号：海尔路181号附64号）房产招租,https://www.cqggzy.com/trade/014/182819?categoryNum=014002001011,江北区,交易公告,2026-09-10,重庆市公共资源交易网,2026-09-11 11:01:18
重庆市江北区兰溪小区48-2（派出所门牌号：海尔路181号附147号）房产招租,https://www.cqggzy.com/trade/014/182818?categoryNum=014002001011,江北区,交易公告,2026-09-10,重庆市公共资源交易网,2026-09-11 11:01:18
重庆市江北区建新南路9号附16号（自编号：建新南路15、17号附36号）房产招租,https://www.cqggzy.com/trade/014/182817?categoryNum=014002001011,江北区,交易公告,2026-09-10,重庆市公共资源交易网,2026-09-11 11:01:18
重庆市江北区山水天成小区8号附14号房产招租,https://www.cqggzy.com/trade/014/182831?categoryNum=014002001011,江北区,交易公告,2026-09-10,重庆市公共资源交易网,2026-09-11 11:01:18
重庆市江北区区万丰二村35号附9号房产招租,https://www.cqggzy.com/trade/014/182830?categoryNum=014002001011,江北区,交易公告,2026-09-10,重庆市公共资源交易网,2026-09-11 11:01:18
重庆市江北区兰溪小区45-4（自编号1号）（派出所门牌号：海尔路181号附118号）房产招租,https://www.cqggzy.com/trade/014/182829?categoryNum=014002001011,江北区,交易公告,2026-09-10,重庆市公共资源交易网,2026-09-11 11:01:20
重庆市江北区兰溪小区34-25（派出所门牌号：海尔路181号附87号）房产招租,https://www.cqggzy.com/trade/014/182828?categoryNum=014002001011,江北区,交易公告,2026-09-10,重庆市公共资源交易网,2026-09-11 11:01:20
重庆市江北区兰溪小区34-21（派出所门牌号：海尔路181号附83号）房产招租,https://www.cqggzy.com/trade/014/182827?categoryNum=014002001011,江北区,交易公告,2026-09-10,重庆市公共资源交易网,2026-09-11 11:01:20
重庆市江北区兰溪小区34-7（派出所门牌号：海尔路181号附69号）房产招租,https://www.cqggzy.com/trade/014/182826?categoryNum=014002001011,江北区,交易公告,2026-09-10,重庆市公共资源交易网,2026-09-11 11:01:20
重庆市江北区北城天街16号附6号（自编号：01-02）房产招租,https://www.cqggzy.com/trade/014/182825?categoryNum=014002001011,江北区,交易公告,2026-09-10,重庆市公共资源交易网,2026-09-11 11:01:20
重庆市江北区建新南路9号附15号（自编号：建新南路15、17号附35号）房产招租,https://www.cqggzy.com/trade/014/182824?categoryNum=014002001011,江北区,交易公告,2026-09-10,重庆市公共资源交易网,2026-09-11 11:01:20
重庆市江北区山水天成小区6号附14号房产招租,https://www.cqggzy.com/trade/014/182823?categoryNum=014002001011,江北区,交易公告,2026-09-10,重庆市公共资源交易网,2026-09-11 11:01:20
重庆市江北区山水天成小区8号附10号房产招租,https://www.cqggzy.com/trade/014/182822?categoryNum=014002001011,江北区,交易公告,2026-09-10,重庆市公共资源交易网,2026-09-11 11:01:20
重庆市大足区龙岗街道一环北路西段134号房产招租,https://www.cqggzy.com/trade/014/182761?categoryNum=014002001011,市级,交易公告,2026-09-10,重庆市公共资源交易网,2026-09-11 11:01:20
重庆市大足区龙岗街道一环北路西段130号房产招租,https://www.cqggzy.com/trade/014/182760?categoryNum=014002001011,市级,交易公告,2026-09-10,重庆市公共资源交易网,2026-09-11 11:01:20
重庆市大足区龙岗街道一环北路西段128号房产招租,https://www.cqggzy.com/trade/014/182759?categoryNum=014002001011,市级,交易公告,2026-09-10,重庆市公共资源交易网,2026-09-11 11:01:20
重庆市大足区龙岗街道一环北路西段126号房产招租,https://www.cqggzy.com/trade/014/182758?categoryNum=014002001011,市级,交易公告,2026-09-10,重庆市公共资源交易网,2026-09-11 11:01:20
重庆市大足区龙岗街道一环北路西段124号房产招租,https://www.cqggzy.com/trade/014/182757?categoryNum=014002001011,市级,交易公告,2026-09-10,重庆市公共资源交易网,2026-09-11 11:01:22
重庆华伟工业（集团）有限责任公司持有的微波线闲置设备一批,https://www.cqggzy.com/trade/014/182848?categoryNum=014002001010,市级,交易公告,2026-09-10,重庆市公共资源交易网,2026-09-11 11:01:22
重庆市南岸区腾龙大道27号16幢9-12房产,https://www.cqggzy.com/trade/014/182814?categoryNum=014002001010,市级,交易公告,2026-09-10,重庆市公共资源交易网,2026-09-11 11:01:22
琼BD09677（北京牌BJ7000C5E9-BEV）等11台新能源车,https://www.cqggzy.com/trade/014/182854?categoryNum=014002001010,市级,交易公告,2026-09-10,重庆市公共资源交易网,2026-09-11 11:01:22
云AD02247（北京牌BJ7000C5E7G-BEV）等23台新能源车,https://www.cqggzy.com/trade/014/182800?categoryNum=014002001010,市级,交易公告,2026-09-10,重庆市公共资源交易网,2026-09-11 11:01:22
琼AD53105（北京牌BJ7000C5E9-BEV）等22台新能源车,https://www.cqggzy.com/trade/014/182777?categoryNum=014002001010,市级,交易公告,2026-09-10,重庆市公共资源交易网,2026-09-11 11:01:22
合川区南津街街道办事处葛家坪街11号5-2、6-1房产整体转让,https://www.cqggzy.com/trade/014/182658?categoryNum=014002001010,合川区,交易公告,2026-09-10,重庆市公共资源交易网,2026-09-11 11:01:22
中粮贸易新乡粮食储运有限公司持有的种子加工中心设备等3项闲置资产,https://www.cqggzy.com/trade/014/182786?categoryNum=014002001010,市级,交易公告,2026-09-10,重庆市公共资源交易网,2026-09-11 11:01:22
重庆市北碚区创造村45号附2号房产,https://www.cqggzy.com/trade/014/182794?categoryNum=014002001010,市级,交易公告,2026-09-10,重庆市公共资源交易网,2026-09-11 11:01:22
重庆市北碚区天府镇文星路54号,https://www.cqggzy.com/trade/014/182793?categoryNum=014002001010,市级,交易公告,2026-09-10,重庆市公共资源交易网,2026-09-11 11:01:22
重庆市北碚区歇马镇沪渝村2-4号房产,https://www.cqggzy.com/trade/014/182788?categoryNum=014002001010,市级,交易公告,2026-09-10,重庆市公共资源交易网,2026-09-11 11:01:22
重庆市北碚区兴隆镇渝兴路286号房产,https://www.cqggzy.com/trade/014/182779?categoryNum=014002001010,市级,交易公告,2026-09-10,重庆市公共资源交易网,2026-09-11 11:01:22
重庆市北碚新区大湾镇高嘴太和街178号房产,https://www.cqggzy.com/trade/014/182776?categoryNum=014002001010,市级,交易公告,2026-09-10,重庆市公共资源交易网,2026-09-11 11:01:24
云阳县复兴停车楼E10号房产招租,https://www.cqggzy.com/trade/014/182812?categoryNum=014002001011,云阳县,交易公告,2026-09-10,重庆市公共资源交易网,2026-09-11 11:01:24
云阳县复兴停车楼E09号房产招租,https://www.cqggzy.com/trade/014/182811?categoryNum=014002001011,云阳县,交易公告,2026-09-10,重庆市公共资源交易网,2026-09-11 11:01:24
云阳县复兴停车楼E08号房产招租,https://www.cqggzy.com/trade/014/182810?categoryNum=014002001011,云阳县,交易公告,2026-09-10,重庆市公共资源交易网,2026-09-11 11:01:24
云阳县复兴停车楼E03号房产招租,https://www.cqggzy.com/trade/014/182809?categoryNum=014002001011,云阳县,交易公告,2026-09-10,重庆市公共资源交易网,2026-09-11 11:01:24
云阳县复兴停车楼E02号房产招租,https://www.cqggzy.com/trade/014/182808?categoryNum=014002001011,云阳县,交易公告,2026-09-10,重庆市公共资源交易网,2026-09-11 11:01:24
云阳县复兴停车楼E01号房产招租,https://www.cqggzy.com/trade/014/182807?categoryNum=014002001011,云阳县,交易公告,2026-09-10,重庆市公共资源交易网,2026-09-11 11:01:24
云阳县儿童公园12号商铺招租,https://www.cqggzy.com/trade/014/182806?categoryNum=014002001011,云阳县,交易公告,2026-09-10,重庆市公共资源交易网,2026-09-11 11:01:24
云阳县儿童公园10-2号商铺招租,https://www.cqggzy.com/trade/014/182805?categoryNum=014002001011,云阳县,交易公告,2026-09-10,重庆市公共资源交易网,2026-09-11 11:01:24
云阳县儿童公园自行车造型商铺招租,https://www.cqggzy.com/trade/014/182804?categoryNum=014002001011,云阳县,交易公告,2026-09-10,重庆市公共资源交易网,2026-09-11 11:01:24
云阳县儿童公园5-3号商铺招租,https://www.cqggzy.com/trade/014/182803?categoryNum=014002001011,云阳县,交易公告,2026-09-10,重庆市公共资源交易网,2026-09-11 11:01:24
云阳县儿童公园5-2号商铺招租,https://www.cqggzy.com/trade/014/182802?categoryNum=014002001011,云阳县,交易公告,2026-09-10,重庆市公共资源交易网,2026-09-11 11:01:24
云阳县儿童公园5-1号商铺招租,https://www.cqggzy.com/trade/014/182801?categoryNum=014002001011,云阳县,交易公告,2026-09-10,重庆市公共资源交易网,2026-09-11 11:01:26
云阳县双江街道凤翔路66号S1幢1-2-商业19号-25号房产整体招租,https://www.cqggzy.com/trade/014/182780?categoryNum=014002001011,云阳县,交易公告,2026-09-10,重庆市公共资源交易网,2026-09-11 11:01:26
重庆黑山谷旅游股份有限公司持有的报废索道吊厢一批,https://www.cqggzy.com/trade/014/182787?categoryNum=014002001010,万盛区,交易公告,2026-09-10,重庆市公共资源交易网,2026-09-11 11:01:26
重庆市渝北区水竹苑1号1幢1单元1-4#等1055处房产（共计约67648.3㎡）整体招租,https://www.cqggzy.com/trade/014/182733?categoryNum=014002001011,市级,交易公告,2026-09-10,重庆市公共资源交易网,2026-09-11 11:01:26
重庆市九龙坡区谢家湾九滨路11号九龙滩广场（XC23）招租,https://www.cqggzy.com/trade/014/182774?categoryNum=014002001011,九龙坡区,交易公告,2026-09-10,重庆市公共资源交易网,2026-09-11 11:01:26
重庆市九龙坡区谢家湾九滨路11号九龙滩广场（XC22）招租,https://www.cqggzy.com/trade/014/182773?categoryNum=014002001011,九龙坡区,交易公告,2026-09-10,重庆市公共资源交易网,2026-09-11 11:01:26
重庆市九龙坡区谢家湾九滨路11号九龙滩广场（XC21）招租,https://www.cqggzy.com/trade/014/182772?categoryNum=014002001011,九龙坡区,交易公告,2026-09-10,重庆市公共资源交易网,2026-09-11 11:01:26
重庆市九龙坡区谢家湾九滨路11号九龙滩广场（XC01）招租,https://www.cqggzy.com/trade/014/182771?categoryNum=014002001011,九龙坡区,交易公告,2026-09-10,重庆市公共资源交易网,2026-09-11 11:01:26
重庆市九龙坡区谢家湾九滨路11号九龙滩广场（自编号JLP09）招租,https://www.cqggzy.com/trade/014/182770?categoryNum=014002001011,九龙坡区,交易公告,2026-09-10,重庆市公共资源交易网,2026-09-11 11:01:26
重庆市九龙坡区谢家湾九滨路11号九龙滩广场（自编号JLP01）招租,https://www.cqggzy.com/trade/014/182764?categoryNum=014002001011,九龙坡区,交易公告,2026-09-10,重庆市公共资源交易网,2026-09-11 11:01:26
重庆市江北区棠富园1-12（派出所门牌号：棠富园14号附29号）房产招租,https://www.cqggzy.com/trade/014/182741?categoryNum=014002001011,江北区,交易公告,2026-09-10,重庆市公共资源交易网,2026-09-11 11:01:26
重庆市江北区棠富园1-13（派出所门牌号：棠富园14号附28号）房产招租,https://www.cqggzy.com/trade/014/182740?categoryNum=014002001011,江北区,交易公告,2026-09-10,重庆市公共资源交易网,2026-09-11 11:01:26
重庆市江北区棠富园3-8（派出所门牌号：棠富园14号附55号）房产招租,https://www.cqggzy.com/trade/014/182738?categoryNum=014002001011,江北区,交易公告,2026-09-10,重庆市公共资源交易网,2026-09-11 11:01:28
内蒙古自治区乌兰察布市集宁区三羊开泰东南角温州建材城1栋401、5栋401两处房产（整体）,https://www.cqggzy.com/trade/014/182744?categoryNum=014002001010,市级,交易公告,2026-09-10,重庆市公共资源交易网,2026-09-11 11:01:28
重庆市巫山县巫峡镇广东中路186号1幢第1-2层房产招租,https://www.cqggzy.com/trade/014/182737?categoryNum=014002001011,巫山县,交易公告,2026-09-10,重庆市公共资源交易网,2026-09-11 11:01:28
渝C58E07(传祺牌GAC6470D2J5 1.8L）小型普通客车,https://www.cqggzy.com/trade/014/182734?categoryNum=014002001010,铜梁区,交易公告,2026-09-10,重庆市公共资源交易网,2026-09-11 11:01:28
重庆三峡银行股份有限公司持有的重庆九鑫水泥（集团）有限公司等7笔不良债权（整体）,https://www.cqggzy.com/trade/014/182732?categoryNum=014002001012,市级,交易公告,2026-09-10,重庆市公共资源交易网,2026-09-11 11:01:28
重庆建筑工程职业学院智能建造与智慧交通产教融合实训基地设备更新项目（第三批次）—无人机检测设备采购（第二次）答疑补遗文件,https://www.cqggzy.com/trade/014/b6a8b226-a49a-4c98-a9e9-1b769f4869a6?categoryNum=014001002010,市级,答疑补遗,2026-09-09,重庆市公共资源交易网,2026-09-11 11:01:28
安荣合高速公路（荣昌段）政府和社会资本合作项目特许经营者答疑补遗文件,https://www.cqggzy.com/trade/014/f762e5eb-1bdb-4a5a-9f47-f33f7459a5c6?categoryNum=014001002001,市级,答疑补遗,2026-09-09,重庆市公共资源交易网,2026-09-11 11:01:28
2026-2028年度消防器材采购及安装（第二次）答疑补遗文件,https://www.cqggzy.com/trade/014/8f33c990-2c3b-49bf-a580-a1ce62d2d394?categoryNum=014012006,自主招标,答疑补遗变更公告,2026-09-09,重庆市公共资源交易网,2026-09-11 11:01:28
重庆轨道交通材料类物资采购项目（电商）A26Q2-009,https://www.cqggzy.com/trade/014/9a5e9424-6e1d-4531-9973-bad43cd2e46f?categoryNum=014012001,自主招标,招标采购公告,2026-09-09,重庆市公共资源交易网,2026-09-11 11:01:28
重庆市专业应急救援总队2026年装备采购项目（一标段）招标公告,https://www.cqggzy.com/trade/014/434cab5e-ffd9-472c-b95b-833508ecfeee?categoryNum=014012001,自主招标,招标采购公告,2026-09-09,重庆市公共资源交易网,2026-09-11 11:01:28
国道G348荣昌区板桥至大足界段改建工程勘察设计答疑补遗文件,https://www.cqggzy.com/trade/014/64a9c90f-12ac-469e-adf7-82aafa04d0f7?categoryNum=014001002001,市级,答疑补遗,2026-09-09,重庆市公共资源交易网,2026-09-11 11:01:28
训练场建设项目招标计划表,https://www.cqggzy.com/trade/014/58a1481c-985e-4890-989a-37a38a75d4ff?categoryNum=014001019,市级,招标计划,2026-09-09,重庆市公共资源交易网,2026-09-11 11:01:28
102基地C馆改造项目,https://www.cqggzy.com/trade/014/e332a591-4557-4060-98ca-655503745af0?categoryNum=014001020001,九龙坡区,合同签订基本信息公示,2026-09-09,重庆市公共资源交易网,2026-09-11 11:01:29
重庆通用人工智能研究院人形机器人采购项目,https://www.cqggzy.com/trade/014/58385afe-a3b3-430b-9f4e-ea7832ade523?categoryNum=014012008,自主招标,保证金退还,2026-09-09,重庆市公共资源交易网,2026-09-11 11:01:29
龙洲湾公园北路12号房屋物业服务,https://www.cqggzy.com/trade/014/15472673-c82e-4ddd-a0df-09ce4513b72c?categoryNum=014012008,自主招标,保证金退还,2026-09-09,重庆市公共资源交易网,2026-09-11 11:01:29
国家人工智能应用中试基地（人力资源领域人力资源服务方向）全过程工程咨询服务,https://www.cqggzy.com/trade/014/64b1f35f-e464-42db-812a-24f465594d9f?categoryNum=014012008,自主招标,保证金退还,2026-09-09,重庆市公共资源交易网,2026-09-11 11:01:29
重庆市秀山自治县2026年提升农村饮水质量专项行动项目-溶溪片区(一标段)的中标候选人公示,https://www.cqggzy.com/trade/014/c71ee1b8-1d90-483d-83cc-885dec8285eb?categoryNum=014001003002,秀山县,中标候选人公示,2026-09-09,重庆市公共资源交易网,2026-09-11 11:01:29
2026年焚烧炉及余热锅炉耐火隔热内衬及外保温维修集中采购项目标段三,https://www.cqggzy.com/trade/014/83f461f4-e240-47d8-8099-6797546e90dc?categoryNum=014012001,市级,招标采购公告,2026-09-09,重庆市公共资源交易网,2026-09-11 11:01:29
2026年焚烧炉及余热锅炉耐火隔热内衬及外保温维修集中采购项目标段二,https://www.cqggzy.com/trade/014/0e5858e1-09f1-44ec-ad35-7e9550154271?categoryNum=014012001,市级,招标采购公告,2026-09-09,重庆市公共资源交易网,2026-09-11 11:01:29
2026年焚烧炉及余热锅炉耐火隔热内衬及外保温维修集中采购项目标段一,https://www.cqggzy.com/trade/014/d4508e0b-c754-4deb-beee-6d88ed78e652?categoryNum=014012001,市级,招标采购公告,2026-09-09,重庆市公共资源交易网,2026-09-11 11:01:29
乌江电网发变电集控工程勘察设计,https://www.cqggzy.com/trade/014/d78c6453-a368-4da3-89c4-ede7f2e65b98?categoryNum=014001001001,自主招标,招标公告,2026-09-09,重庆市公共资源交易网,2026-09-11 11:01:29
海兴路综合整治项目施工答疑补遗文件,https://www.cqggzy.com/trade/014/fe575551-750f-450e-9a79-5981f2278ff5?categoryNum=014001002002,大渡口区,答疑补遗,2026-09-09,重庆市公共资源交易网,2026-09-11 11:01:29
“一带一路”中欧班列集结中心陆港商品流通通道基础设施项目（二期）,https://www.cqggzy.com/trade/014/43f6e9ad-0968-4629-bb79-b826f66c3752?categoryNum=014001001002,沙坪坝区,招标公告,2026-09-09,重庆市公共资源交易网,2026-09-11 11:01:29
九龙园C区科创中心改造项目（暂定名）,https://www.cqggzy.com/trade/014/21fa7b60-9f6f-4df5-957a-132513a43436?categoryNum=014001001001,高新区,招标公告,2026-09-09,重庆市公共资源交易网,2026-09-11 11:01:29
重庆三峰御临环保发电有限公司SCR催化剂更换项目（第三次）,https://www.cqggzy.com/trade/014/9e77464e-63ed-445d-af95-2a93a107ca61?categoryNum=014012001,市级,招标采购公告,2026-09-09,重庆市公共资源交易网,2026-09-11 11:01:31
关于轻型汽车国七排放试验能力建设项目（第二次）中标人放弃中标资格的公告,https://www.cqggzy.com/trade/014/015c7124-2e2d-4dbf-aa3e-4190d904fb51?categoryNum=014001016001,自主招标,相关公告,2026-09-09,重庆市公共资源交易网,2026-09-11 11:01:31
成渝双城经济圈川渝高竹新区绿色低碳智能制造中心建设项目（二标段）答疑补遗文件,https://www.cqggzy.com/trade/014/0eb308aa-199d-4843-9a87-0edd472a4af3?categoryNum=014001002001,自主招标,答疑补遗,2026-09-09,重庆市公共资源交易网,2026-09-11 11:01:31
协同创新区城市污水管网改造提升一期整治修复工程施工,https://www.cqggzy.com/trade/014/da30241a-bd9a-49e9-9aad-8197d01f0ef2?categoryNum=014001001002,两江新区,招标公告,2026-09-09,重庆市公共资源交易网,2026-09-11 11:01:31
重庆科技大学第三开闭所电力工程施工（三期）的中标结果公示,https://www.cqggzy.com/trade/014/e2c902a7-dea9-40d8-a59b-c36ef700048d?categoryNum=014001004001,自主招标,中标结果公告,2026-09-09,重庆市公共资源交易网,2026-09-11 11:01:31
重庆市永川区三峰环保发电有限公司2026-2028年度设备维护检修服务（第二次）的中标候选人公示,https://www.cqggzy.com/trade/014/d268d2ca-d206-4cf2-94ee-e580fde04abe?categoryNum=014012003,市级,候选人公示,2026-09-09,重庆市公共资源交易网,2026-09-11 11:01:31
参与重庆科技大学全校水电能源计量智能化收费系统二期项目建设采购答疑补遗文件,https://www.cqggzy.com/trade/014/6cb452b0-1728-4333-be67-9531e7bc132c?categoryNum=014012006,自主招标,答疑补遗变更公告,2026-09-09,重庆市公共资源交易网,2026-09-11 11:01:31
重庆轨道交通运营有限公司建筑消防年度检测委外项目,https://www.cqggzy.com/trade/014/c5ac8d19-b2d5-4d48-8961-da333ed71ff4?categoryNum=014012001,自主招标,招标采购公告,2026-09-09,重庆市公共资源交易网,2026-09-11 11:01:31
重庆渝水环保科技有限公司永川分公司污水处理站技术服务采购项目,https://www.cqggzy.com/trade/014/7f6874ac-ac8b-4695-93b9-f4254fa6ed34?categoryNum=014012001,自主招标,招标采购公告,2026-09-09,重庆市公共资源交易网,2026-09-11 11:01:31
重庆市九龙坡区重庆电厂城市更新项目二期四标段（1#2#煤棚室内改造场平及安全防护项目）招标计划表,https://www.cqggzy.com/trade/014/8f0aabe2-a3c9-4bd3-a2a0-fe043985d22a?categoryNum=014001019,九龙坡区,招标计划,2026-09-09,重庆市公共资源交易网,2026-09-11 11:01:31
重庆轨道交通快线运营分公司2026-2028年机动车驾驶服务外包项目答疑补遗文件,https://www.cqggzy.com/trade/014/9635b0f0-efb4-4ce1-a9ea-eae202a76372?categoryNum=014012006,自主招标,答疑补遗变更公告,2026-09-09,重庆市公共资源交易网,2026-09-11 11:01:31
一批拉臂钩车、后装压缩车等车辆采购项目（第四次）的中标结果公示,https://www.cqggzy.com/trade/014/c615d990-e489-47d7-93e0-c322157ba0c9?categoryNum=014012004,自主招标,结果公告,2026-09-09,重庆市公共资源交易网,2026-09-11 11:01:31
鱼嘴、复盛镇范围内小区保洁服务,https://www.cqggzy.com/trade/014/085ad038-e312-46fd-872d-0c8a35d515f4?categoryNum=014012008,自主招标,保证金退还,2026-09-09,重庆市公共资源交易网,2026-09-11 11:01:33
重庆湘渝盐化联碱冰机改造、合成至联碱气氨系统优化节能项目冰机设备采购（第二次）,https://www.cqggzy.com/trade/014/260bb014-84c3-40d5-b366-5f65c6fdc38e?categoryNum=014012008,自主招标,保证金退还,2026-09-09,重庆市公共资源交易网,2026-09-11 11:01:33
重庆市金迈实业有限公司7号车间维修整改项目,https://www.cqggzy.com/trade/014/9f3a1802-196a-45f8-8409-4d2f625535a5?categoryNum=014012001,自主招标,招标采购公告,2026-09-09,重庆市公共资源交易网,2026-09-11 11:01:33
渝农商金融租赁有限责任公司重庆办公场所物业服务项目,https://www.cqggzy.com/trade/014/abad051e-7ef1-49d9-b860-bdcb5f351079?categoryNum=014012001,自主招标,招标采购公告,2026-09-09,重庆市公共资源交易网,2026-09-11 11:01:33
鸡冠石污泥干化中心2026-2027年度设备检修及保养服务的中标结果公示,https://www.cqggzy.com/trade/014/a2279cbe-cfdb-4fb1-8a35-5a2fb86782bc?categoryNum=014012004,自主招标,结果公告,2026-09-09,重庆市公共资源交易网,2026-09-11 11:01:33
重庆轨道交通车辆专用备件制动系统物资采购项目B26Q1-019答疑补遗文件,https://www.cqggzy.com/trade/014/fc6ce853-e8bc-4b08-bfd3-b143e9f7049a?categoryNum=014012006,自主招标,答疑补遗变更公告,2026-09-09,重庆市公共资源交易网,2026-09-11 11:01:33
重庆轨道交通17号线一期工程综合监控系统设备采购及集成服务（第二次）,https://www.cqggzy.com/trade/014/72bc09ed-b819-4481-a406-d16d02239d34?categoryNum=014012005,自主招标,邀标信息,2026-09-09,重庆市公共资源交易网,2026-09-11 11:01:33
重庆天原化工有限公司离子膜,https://www.cqggzy.com/trade/014/2df53c96-c285-4045-bc20-77a83149db10?categoryNum=014012001,自主招标,招标采购公告,2026-09-09,重庆市公共资源交易网,2026-09-11 11:01:33
重庆市自来水有限公司2026-2028年低阻力倒流防止器采购项目,https://www.cqggzy.com/trade/014/717a10af-bfc8-43be-bcd1-8b5288df9743?categoryNum=014012001,自主招标,招标采购公告,2026-09-09,重庆市公共资源交易网,2026-09-11 11:01:33
重庆轨道交通17号线一期工程自动售检票系统设备采购及集成服务,https://www.cqggzy.com/trade/014/365a73e5-e4b1-46dd-a52a-887c84712f14?categoryNum=014012001,自主招标,招标采购公告,2026-09-09,重庆市公共资源交易网,2026-09-11 11:01:33
垃圾转运站秩序管理服务采购,https://www.cqggzy.com/trade/014/0e12208c-4058-435d-9925-cfb1b82729cd?categoryNum=014012001,自主招标,招标采购公告,2026-09-09,重庆市公共资源交易网,2026-09-11 11:01:33
重庆市自来水有限公司2027-2028年（2年）驾驶服务外包项目（第二次）的中标候选人公示,https://www.cqggzy.com/trade/014/6756af2e-df9b-49e0-a285-4bba7ff8967d?categoryNum=014012003,自主招标,候选人公示,2026-09-09,重庆市公共资源交易网,2026-09-11 11:01:33
三峡水务2026年度委托六厂食堂食材采购服务的中标候选人公示,https://www.cqggzy.com/trade/014/202d01f4-f1a7-4d6d-8379-8ab47c7ba1f4?categoryNum=014012003,自主招标,候选人公示,2026-09-09,重庆市公共资源交易网,2026-09-11 11:01:34
国家人工智能应用中试基地（人力资源领域人力资源服务方向）全过程工程咨询服务的中标结果公示,https://www.cqggzy.com/trade/014/0d3703bc-d795-412f-9556-2aaf12f6a65b?categoryNum=014012004,自主招标,结果公告,2026-09-09,重庆市公共资源交易网,2026-09-11 11:01:34
重庆市九龙坡区中医院病房改造提升工程监理答疑补遗文件,https://www.cqggzy.com/trade/014/2a45038a-ed57-4089-ae8e-8701d93376a0?categoryNum=014001002001,九龙坡区,答疑补遗,2026-09-09,重庆市公共资源交易网,2026-09-11 11:01:34
金凤佳园人才公寓屋面防水维修改造项目复核结果情况说明,https://www.cqggzy.com/trade/014/037e845a-96b7-4410-a230-129520f810f3?categoryNum=014001016001,自主招标,相关公告,2026-09-09,重庆市公共资源交易网,2026-09-11 11:01:34
重庆市万州区三峰环保发电有限公司2026-2028年度食堂食材供应配送的中标候选人公示,https://www.cqggzy.com/trade/014/48029b38-3301-426a-87e8-12987097c745?categoryNum=014012003,市级,候选人公示,2026-09-09,重庆市公共资源交易网,2026-09-11 11:01:34
重庆市万州区三峰环保发电有限公司2026-2028年度物业管理服务的中标候选人公示,https://www.cqggzy.com/trade/014/75c4aed3-e5be-4342-a358-a6d8145b6163?categoryNum=014012003,市级,候选人公示,2026-09-09,重庆市公共资源交易网,2026-09-11 11:01:34
鸡冠石污水厂九龙坡范围配套污水管网谢家湾、九龙园片区提升改造工程施工答疑补遗文件,https://www.cqggzy.com/trade/014/4f519d41-4ae2-47f4-8a27-95c16d055163?categoryNum=014001002002,九龙坡区,答疑补遗,2026-09-09,重庆市公共资源交易网,2026-09-11 11:01:34
万利来环保搬迁项目二甲醚单元非标设备采购,https://www.cqggzy.com/trade/014/e0048d86-ee70-4c58-9b43-4611c9b25204?categoryNum=014012008,自主招标,保证金退还,2026-09-09,重庆市公共资源交易网,2026-09-11 11:01:34
万利来环保搬迁项目二甲醚单元塔器设备采购,https://www.cqggzy.com/trade/014/ca2a6438-066a-4ec5-bc06-d82f879cb69a?categoryNum=014012008,自主招标,保证金退还,2026-09-09,重庆市公共资源交易网,2026-09-11 11:01:34
智汇佳小区消防维保项目一标段的中标候选人公示,https://www.cqggzy.com/trade/014/5c38c6ab-0e4b-4ae0-942b-a4b5085d478e?categoryNum=014012003,自主招标,候选人公示,2026-09-09,重庆市公共资源交易网,2026-09-11 11:01:34
智汇佳小区消防维保项目三标段的中标候选人公示,https://www.cqggzy.com/trade/014/75bdf7de-ff56-42cb-9506-31abcb338934?categoryNum=014012003,自主招标,候选人公示,2026-09-09,重庆市公共资源交易网,2026-09-11 11:01:34
智汇佳小区消防维保项目五标段的中标候选人公示,https://www.cqggzy.com/trade/014/5fedafb9-bccf-415d-aba8-b753a5dfbfb5?categoryNum=014012003,自主招标,候选人公示,2026-09-09,重庆市公共资源交易网,2026-09-11 11:01:34
智汇佳小区消防维保项目四标段的中标候选人公示,https://www.cqggzy.com/trade/014/7066bb2a-d8a2-4c89-82d1-08b416b870b6?categoryNum=014012003,自主招标,候选人公示,2026-09-09,重庆市公共资源交易网,2026-09-11 11:01:36
智汇佳小区消防维保项目二标段的中标候选人公示,https://www.cqggzy.com/trade/014/e95a9088-0d44-4efb-a2e2-d0d6465440f6?categoryNum=014012003,自主招标,候选人公示,2026-09-09,重庆市公共资源交易网,2026-09-11 11:01:36
重庆珞渝环保科技有限公司2026年度干化机喷涂项目（第三次）的中标候选人公示,https://www.cqggzy.com/trade/014/dfb3dd8e-9baf-425a-9d86-c22664480f3e?categoryNum=014012003,自主招标,候选人公示,2026-09-09,重庆市公共资源交易网,2026-09-11 11:01:36
重庆农村商业银行2026-2028年大堂引导与咨询外包服务采购项目的中标候选人公示,https://www.cqggzy.com/trade/014/d5bd398f-17ee-440c-bece-3fefe5ac9bab?categoryNum=014012003,自主招标,候选人公示,2026-09-09,重庆市公共资源交易网,2026-09-11 11:01:36
重庆轨道交通五号线信号专业大修物资采购项目B26Q1-004答疑补遗文件,https://www.cqggzy.com/trade/014/4b2ac574-709d-465e-b629-762bde0ebb3a?categoryNum=014012006,自主招标,答疑补遗变更公告,2026-09-09,重庆市公共资源交易网,2026-09-11 11:01:36
重庆市荣昌区永荣小区8台电梯更新改造答疑补遗文件,https://www.cqggzy.com/trade/014/6caf51e1-bf72-49a5-845a-7c4fa4418d92?categoryNum=014012006,自主招标,答疑补遗变更公告,2026-09-09,重庆市公共资源交易网,2026-09-11 11:01:36
重庆渝水环保科技有限公司垫江污泥处理中心2026-2027年污泥处置及运输服务项目,https://www.cqggzy.com/trade/014/831249a8-f321-4509-bb1f-9bdaabc48f90?categoryNum=014012001,自主招标,招标采购公告,2026-09-09,重庆市公共资源交易网,2026-09-11 11:01:36
两江新区机关食堂原材料供应商入围,https://www.cqggzy.com/trade/014/53ccb78f-1ba3-446f-965f-8461e0f031d4?categoryNum=014012001,自主招标,招标采购公告,2026-09-09,重庆市公共资源交易网,2026-09-11 11:01:36
亚洲开发银行贷款重庆创新与人力资源发展示范项目-工业设计产教融合实训基地设备采购（第三次）（合同编号：GC-E37）,https://www.cqggzy.com/trade/014/b6190043-ba5a-43cb-93c0-6cd7f39c8e9e?categoryNum=014001001010,市级,招标公告,2026-09-09,重庆市公共资源交易网,2026-09-11 11:01:36
双子座项目3、4号楼层卫生间渗漏维修工程的中标候选人公示,https://www.cqggzy.com/trade/014/3533482b-0bc8-451b-9afd-57f0f08a356a?categoryNum=014001003001,自主招标,中标候选人公示,2026-09-09,重庆市公共资源交易网,2026-09-11 11:01:36
嘉陵江梯级渠化利泽航运枢纽工程2026-2030年环境监测答疑补遗文件,https://www.cqggzy.com/trade/014/6cdfb87e-722a-4b13-b470-9bc95e7209fe?categoryNum=014001002001,自主招标,答疑补遗,2026-09-09,重庆市公共资源交易网,2026-09-11 11:01:36
关于暂停“江北区中医院病房改造提升工程（弱电智能化）”招标投标活动的通知,https://www.cqggzy.com/trade/014/8d3882d4-a63c-454f-849e-8ae7f45d54c8?categoryNum=014001016001,两江新区,相关公告,2026-09-09,重庆市公共资源交易网,2026-09-11 11:01:36
民心佳园项目火灾自动报警系统维修工程,https://www.cqggzy.com/trade/014/7ab0ad91-624b-4102-8419-36821735a069?categoryNum=014001001001,自主招标,招标公告,2026-09-09,重庆市公共资源交易网,2026-09-11 11:01:38
中岛艺路公园配套用房改造项目（第二次）,https://www.cqggzy.com/trade/014/acf71253-81a0-40f0-ad3c-82649f37ea43?categoryNum=014001020001,自主招标,合同签订基本信息公示,2026-09-09,重庆市公共资源交易网,2026-09-11 11:01:38
重庆化工职业学院长寿校区第五、六学生宿舍和第二综合教学楼建设项目勘察设计答疑补遗文件,https://www.cqggzy.com/trade/014/03328696-c09f-4ebc-9431-d3ff74a8e31e?categoryNum=014001002001,市级,答疑补遗,2026-09-09,重庆市公共资源交易网,2026-09-11 11:01:38
重庆化工职业学院长寿校区第五、六学生宿舍和第二综合教学楼建设项目全过程工程咨询服务答疑补遗文件,https://www.cqggzy.com/trade/014/5bd36048-76fd-48ca-9ac4-287637454349?categoryNum=014001002001,市级,答疑补遗,2026-09-09,重庆市公共资源交易网,2026-09-11 11:01:38
华福隧道土建结构和机电设施安全隐患整治工程的中标结果公示,https://www.cqggzy.com/trade/014/44da25df-533f-4dda-9d52-95969a5ad4fc?categoryNum=014001004001,高新区,中标结果公告,2026-09-09,重庆市公共资源交易网,2026-09-11 11:01:38
葛洲坝航运扩能工程通航应急保障中心设备设施购置及安装工程的中标结果公示,https://www.cqggzy.com/trade/014/5cdf009c-17e0-4c37-99a2-0eb0aec17145?categoryNum=014001004001,自主招标,中标结果公告,2026-09-09,重庆市公共资源交易网,2026-09-11 11:01:38
石船镇石壁村居民新（二 期）外环境建设项目答疑补遗文件,https://www.cqggzy.com/trade/014/391606bb-ff8e-4918-9e32-0d22d3b1cbf2?categoryNum=014001002002,自主招标,答疑补遗,2026-09-09,重庆市公共资源交易网,2026-09-11 11:01:38
重庆三峰百果园环保发电有限公司2027年在线清灰清堵的中标候选人公示,https://www.cqggzy.com/trade/014/d6b6c5bf-479e-4839-9216-157d12314b58?categoryNum=014012003,市级,候选人公示,2026-09-09,重庆市公共资源交易网,2026-09-11 11:01:38
“智能化培训评价服务”方向国际标准研制服务,https://www.cqggzy.com/trade/014/e4e84732-1551-4848-bbb8-53c12fa94795?categoryNum=014012008,自主招标,保证金退还,2026-09-09,重庆市公共资源交易网,2026-09-11 11:01:38
重庆黔江三峰环保产业发展有限公司2026-2028年度综合服务项目（第二次）,https://www.cqggzy.com/trade/014/2b0d2b61-00ea-46bb-80ed-bbcf8efcf647?categoryNum=014012001,市级,招标采购公告,2026-09-09,重庆市公共资源交易网,2026-09-11 11:01:38
重庆农村商业银行2026年分支行一般营业网点工程监理采购项目,https://www.cqggzy.com/trade/014/a12e0e81-9935-4716-8dbf-0af0b62d7ec0?categoryNum=014012008,自主招标,保证金退还,2026-09-09,重庆市公共资源交易网,2026-09-11 11:01:38
西航公司-智汇谷（F110-5地块）续建工程T4标段施工的中标结果公示,https://www.cqggzy.com/trade/014/d0c3bc09-f6b1-4a14-babe-2ec32c9f98e8?categoryNum=014001004001,自主招标,中标结果公告,2026-09-09,重庆市公共资源交易网,2026-09-11 11:01:38
重庆商务职业学院产教融合实训基地设备更新项目第一批标包18,https://www.cqggzy.com/trade/014/3eb9f176-9438-48f9-be88-cf9ef4f2101a?categoryNum=014001020010,市级,合同签订基本信息公示,2026-09-09,重庆市公共资源交易网,2026-09-11 11:01:40
重庆理工大学两江校区零星维修,https://www.cqggzy.com/trade/014/6c702d73-8e0e-4053-8595-38d24aa39c80?categoryNum=014012008,市级,保证金退还,2026-09-09,重庆市公共资源交易网,2026-09-11 11:01:40
万利来环保搬迁项目二甲醚单元非标设备采购的中标结果公示,https://www.cqggzy.com/trade/014/8d24ebf2-2321-4580-b415-2b621ba79683?categoryNum=014012004,自主招标,结果公告,2026-09-09,重庆市公共资源交易网,2026-09-11 11:01:40
凤城监狱2026年民警职工食堂米面油配送服务的中标候选人公示,https://www.cqggzy.com/trade/014/8d3e424e-f20b-455e-aa38-b86919d2d8fd?categoryNum=014012003,自主招标,候选人公示,2026-09-09,重庆市公共资源交易网,2026-09-11 11:01:40
厂网一体治理盘溪河流域污水系统三区（渝北区、两江新区、江北区）共治工程第三方咨询（含施工阶段工程造价全过程控制）,https://www.cqggzy.com/trade/014/f69b638c-e4bc-437c-91f7-5bb868a72830?categoryNum=014001001010,自主招标,招标公告,2026-09-09,重庆市公共资源交易网,2026-09-11 11:01:40
重庆市自来水有限公司球墨铸铁管及管件2026-2027（2年）采购项目（第二次）的中标候选人公示,https://www.cqggzy.com/trade/014/2c56395f-499b-40d7-9c7d-39d368f60d9d?categoryNum=014012003,自主招标,候选人公示,2026-09-09,重庆市公共资源交易网,2026-09-11 11:01:40
(作废)2025年酉阳县苍岭镇大河口村石泉苗寨传统村落保护发展项目招标计划表,https://www.cqggzy.com/trade/014/8fe6c8de-1b01-4243-b780-74b48335d7d6?categoryNum=014001019,酉阳县,招标计划,2026-09-09,重庆市公共资源交易网,2026-09-11 11:01:40
重庆黔江三峰环保产业发展有限公司2026-2028年度综合服务项目流标公示,https://www.cqggzy.com/trade/014/64de7c1d-069c-45cf-8909-ecb2253f86d0?categoryNum=014012002,市级,相关公告,2026-09-09,重庆市公共资源交易网,2026-09-11 11:01:40
鹿角组团苦溪河流域（西段）截污干管工程施工,https://www.cqggzy.com/trade/014/8d6deb8a-17b1-4a5b-9789-8d36593429e4?categoryNum=014001001002,市级,招标公告,2026-09-09,重庆市公共资源交易网,2026-09-11 11:01:40
垃圾转运站秩序管理服务采购招标计划表,https://www.cqggzy.com/trade/014/6da48e84-87ad-4895-9493-f2aee218143c?categoryNum=014001019,自主招标,招标计划,2026-09-09,重庆市公共资源交易网,2026-09-11 11:01:40
重庆工信职业学院产教融合实训设备更新项目—高速铁路通信实训装置和高速铁路通信与控制检修实训平台建设项目答疑补遗文件,https://www.cqggzy.com/trade/014/2fc1a819-1462-4a03-a800-a820446c44bd?categoryNum=014001002010,市级,答疑补遗,2026-09-09,重庆市公共资源交易网,2026-09-11 11:01:40
万州新田220千伏输变电工程（线路部分）施工总承包（第二次）的中标结果公示,https://www.cqggzy.com/trade/014/d6bf9a4e-d995-4ab7-a16e-2beb37b18760?categoryNum=014001004001,市级,中标结果公告,2026-09-09,重庆市公共资源交易网,2026-09-11 11:01:40
西南大学附属中学荣昌实验学校新建高中科创楼项目勘察设计流标公告,https://www.cqggzy.com/trade/014/05162f7c-29f1-47fe-9f0d-81fb0a75c29e?categoryNum=014001016001,荣昌区,相关公告,2026-09-09,重庆市公共资源交易网,2026-09-11 11:01:41
西南大学附属中学荣昌实验学校新建高中科创楼项目勘察设计（第二次）,https://www.cqggzy.com/trade/014/f315612b-9124-401b-898e-35cfb560ad68?categoryNum=014001001001,荣昌区,招标公告,2026-09-09,重庆市公共资源交易网,2026-09-11 11:01:41
“高楼消防”物联感知建设项目,https://www.cqggzy.com/trade/014/d22a3cfe-04dd-45c2-9ba9-6d4def638a97?categoryNum=014001001010,荣昌区,招标公告,2026-09-09,重庆市公共资源交易网,2026-09-11 11:01:41
石柱县王场镇、沿溪镇、黎场乡片区农田节水灌溉工程勘察设计,https://www.cqggzy.com/trade/014/2472a527-b1ae-41ee-a503-a4b27b122c87?categoryNum=014001001007,石柱县,招标公告,2026-09-09,重庆市公共资源交易网,2026-09-11 11:01:41
重庆市长寿区综合医院医养结合建设项目,https://www.cqggzy.com/trade/014/c1af7153-4398-444f-a249-efd3b429a5fc?categoryNum=014001001001,长寿区,招标公告,2026-09-09,重庆市公共资源交易网,2026-09-11 11:01:41
彭水自治县河堡片区及滨江片区防洪排涝提升工程（一期）答疑补遗文件,https://www.cqggzy.com/trade/014/ab98293d-85a7-46d8-bea2-37025118dcf6?categoryNum=014001002002,彭水县,答疑补遗,2026-09-09,重庆市公共资源交易网,2026-09-11 11:01:41
彭水县汉葭街道沙沱片区老旧小区改造项目（一期）设计答疑补遗文件,https://www.cqggzy.com/trade/014/373d2594-428f-4cc9-946f-1ff03d42e503?categoryNum=014001002001,彭水县,答疑补遗,2026-09-09,重庆市公共资源交易网,2026-09-11 11:01:41
黄金湾·智谷A1、A2栋整体及A4栋2层部分室内增值物业服务项目答疑补遗文件,https://www.cqggzy.com/trade/014/5aa474b6-41dd-44c5-8bd4-abcf68fc3c4c?categoryNum=014001002010,自主招标,答疑补遗,2026-09-09,重庆市公共资源交易网,2026-09-11 11:01:41
垫江县渝东农特产品电商物流产业园1#综合楼室内装饰工程施工招标招标计划表,https://www.cqggzy.com/trade/014/04166a46-1575-4fa8-a794-51b8f28c1ae3?categoryNum=014001019,垫江县,招标计划,2026-09-09,重庆市公共资源交易网,2026-09-11 11:01:41
(作废)垫江县渝东农特产品电商物流产业园1#综合楼室内装饰工程施工招标招标计划表,https://www.cqggzy.com/trade/014/e5a6b9b2-b9a3-4edf-86f8-924aaf909160?categoryNum=014001019,垫江县,招标计划,2026-09-09,重庆市公共资源交易网,2026-09-11 11:01:41
重庆市涪陵区托育综合服务中心建设工程电梯采购及安装工程（第二次）,https://www.cqggzy.com/trade/014/78605ea5-f979-4d2f-97f8-410249991e5c?categoryNum=014001001010,涪陵区,招标公告,2026-09-09,重庆市公共资源交易网,2026-09-11 11:01:41
重庆市万州区上海医院门诊及住院综合业务用房配电工程（第二次）答疑补遗文件,https://www.cqggzy.com/trade/014/d48bdd76-0dad-4bb3-9ee7-5ffe30510f5e?categoryNum=014001002001,万州区,答疑补遗,2026-09-09,重庆市公共资源交易网,2026-09-11 11:01:43
铜梁区人民医院病房改造提升项目（土建部分）EPC答疑补遗文件,https://www.cqggzy.com/trade/014/dc971943-64b8-4b17-9925-289032191740?categoryNum=014001002001,铜梁区,答疑补遗,2026-09-09,重庆市公共资源交易网,2026-09-11 11:01:43
綦江区山溪三美小流域福林水库库区段水生态治理与修复工程,https://www.cqggzy.com/trade/014/d13978ef-c62f-469b-8d97-969ebc65b1cf?categoryNum=014001001007,綦江区,招标公告,2026-09-09,重庆市公共资源交易网,2026-09-11 11:01:43
合川区2026年狮滩镇高标准农田建设项目答疑补遗文件,https://www.cqggzy.com/trade/014/7b754d2f-3786-40f6-8edf-ba70897456f8?categoryNum=014001002010,合川区,答疑补遗,2026-09-09,重庆市公共资源交易网,2026-09-11 11:01:43
巫溪县2026-2027年通组公路安全提升工程(第一批）塘坊镇双塘村孙家坪至漆树村漆树垭段公路招标计划表,https://www.cqggzy.com/trade/014/ec7e1e11-5a4a-444f-a3d3-f1cf69db11c2?categoryNum=014001019,巫溪县,招标计划,2026-09-09,重庆市公共资源交易网,2026-09-11 11:01:43
重庆市开州汉丰湖国家湿地公园候鸟关键栖息地保护修复项目答疑补遗文件,https://www.cqggzy.com/trade/014/7800d7f4-666c-4b08-b4e8-abedc4535beb?categoryNum=014001002002,开州区,答疑补遗,2026-09-09,重庆市公共资源交易网,2026-09-11 11:01:43
2026 年秀山县夏秋茶产业建设项目招标计划表,https://www.cqggzy.com/trade/014/6e7ccae2-77bf-4eaa-a771-78764ef6c53a?categoryNum=014001019,秀山县,招标计划,2026-09-09,重庆市公共资源交易网,2026-09-11 11:01:43
潼南区青云水库清淤工程勘察设计答疑补遗文件,https://www.cqggzy.com/trade/014/737407ed-7f4b-486d-aa08-d37ee4afd7db?categoryNum=014001002007,潼南区,答疑补遗,2026-09-09,重庆市公共资源交易网,2026-09-11 11:01:43
云阳至万州至利川高速公路（龙缸-普子-渝鄂界段）七曜山隧道水文地质调查的中标候选人公示,https://www.cqggzy.com/trade/014/18534996-c5c6-42e7-b52b-e693d1c09f41?categoryNum=014001003001,云阳县,中标候选人公示,2026-09-09,重庆市公共资源交易网,2026-09-11 11:01:43
重庆市璧山区再生水综合利用工程主城区管网建设1标段,https://www.cqggzy.com/trade/014/0b58d3dd-125f-4a0e-a1af-fec9a5de8100?categoryNum=014001020007,璧山区,合同签订基本信息公示,2026-09-09,重庆市公共资源交易网,2026-09-11 11:01:43
黔江区集中式饮用水源地生态整治工程（一期）的中标结果公示,https://www.cqggzy.com/trade/014/5925a55e-76a9-4431-8722-7535865c51c6?categoryNum=014001004002,黔江区,中标结果公告,2026-09-09,重庆市公共资源交易网,2026-09-11 11:01:43
垫江县丹香建设有限公司第一批劳务,https://www.cqggzy.com/trade/014/8880083b-3970-4daa-88c3-49d534c2ceb6?categoryNum=014001001001,自主招标,招标公告,2026-09-09,重庆市公共资源交易网,2026-09-11 11:01:43
2025年丰都县三合街道平都中路社区大桥小区老旧小区改造项目(二期)答疑补遗文件,https://www.cqggzy.com/trade/014/f9b2db73-1f92-425c-b265-9e48dd7f07aa?categoryNum=014001002001,丰都县,答疑补遗,2026-09-09,重庆市公共资源交易网,2026-09-11 11:01:45
秀山县2026年水土流失综合治理-清溪场街道项目区,https://www.cqggzy.com/trade/014/0bfc5313-4177-4a14-819a-9db092293305?categoryNum=014001001007,秀山县,招标公告,2026-09-09,重庆市公共资源交易网,2026-09-11 11:01:45
秀山县凤翔、明珠、商贸等老旧小区改造完善工程设计的中标结果公示,https://www.cqggzy.com/trade/014/c26c7a91-3ac2-4d71-bdf1-52aafac0cb54?categoryNum=014001004001,秀山县,中标结果公告,2026-09-09,重庆市公共资源交易网,2026-09-11 11:01:45
关于“天成星荟综合体建设项目”重新招标的公告,https://www.cqggzy.com/trade/014/40261db4-3082-4963-9839-ae8202b40eb7?categoryNum=014001016001,大足区,相关公告,2026-09-09,重庆市公共资源交易网,2026-09-11 11:01:45
秀山县东方花园、七星等老旧小区改造完善工程设计,https://www.cqggzy.com/trade/014/8dfbf319-ee9a-4641-ba62-1118cea454f3?categoryNum=014001001001,秀山县,招标公告,2026-09-09,重庆市公共资源交易网,2026-09-11 11:01:45
川河盖度假区梳子山片区配套设施改造提升工程（一期）答疑补遗文件,https://www.cqggzy.com/trade/014/e9db7260-05b4-4365-81f5-e66967c6187b?categoryNum=014001002001,秀山县,答疑补遗,2026-09-09,重庆市公共资源交易网,2026-09-11 11:01:45
重庆西藏中学实施和正楼(礼堂食堂)维护维修工程的中标候选人公示,https://www.cqggzy.com/trade/014/a1c2c3b4-09a9-4fd6-ba3c-0b0a55947f5a?categoryNum=014001003001,沙坪坝区,中标候选人公示,2026-09-09,重庆市公共资源交易网,2026-09-11 11:01:45
坪桥白鹤岭保障性租赁住房共享空间空调设备采购项目（第二次）,https://www.cqggzy.com/trade/014/0368ea81-66b8-4ed4-9d9e-68a0e5e37a0b?categoryNum=014001001010,自主招标,招标公告,2026-09-09,重庆市公共资源交易网,2026-09-11 11:01:45
璧山区城镇污水处理厂扩容提标及系统效能提升项目设计服务的中标结果公示,https://www.cqggzy.com/trade/014/f347760d-3b7e-4b51-9a73-d3c00686441d?categoryNum=014001004002,璧山区,中标结果公告,2026-09-09,重庆市公共资源交易网,2026-09-11 11:01:45
重庆市江津区第二人民医院双宝院区医养建设项目施工监理答疑补遗文件,https://www.cqggzy.com/trade/014/81ce0e77-17a5-458b-ae49-7563ed5a9101?categoryNum=014001002001,江津区,答疑补遗,2026-09-09,重庆市公共资源交易网,2026-09-11 11:01:45
璧山区城镇污水处理厂扩容提标及系统效能提升项目招标计划表,https://www.cqggzy.com/trade/014/72d2facd-3f79-4cb4-b6f8-d0a38e70fe40?categoryNum=014001019,璧山区,招标计划,2026-09-09,重庆市公共资源交易网,2026-09-11 11:01:45
郁江、中井河、后灶河河道清淤疏浚工程答疑补遗文件,https://www.cqggzy.com/trade/014/f29d3d6d-dc3b-48f8-bda5-7e07d05ce9e9?categoryNum=014001002007,彭水县,答疑补遗,2026-09-09,重庆市公共资源交易网,2026-09-11 11:01:45
长寿区洪湖片区污水管网建设项目（二期洪湖、万顺、双龙部分）答疑补遗文件,https://www.cqggzy.com/trade/014/33914461-5086-427c-9d68-639ab7499c0a?categoryNum=014001002002,长寿区,答疑补遗,2026-09-09,重庆市公共资源交易网,2026-09-11 11:01:46
垫江县2026年青年路片区老旧小区改造项目答疑补遗文件,https://www.cqggzy.com/trade/014/550e337d-96a2-45ff-96e5-870af2ca18f7?categoryNum=014001002001,自主招标,答疑补遗,2026-09-09,重庆市公共资源交易网,2026-09-11 11:01:46
垫江县2026年马蹄路片区老旧小区改造项目答疑补遗文件,https://www.cqggzy.com/trade/014/ce156b5e-2b40-4b86-bcf5-a23af589efa6?categoryNum=014001002001,自主招标,答疑补遗,2026-09-09,重庆市公共资源交易网,2026-09-11 11:01:46
重庆市永川双石中学新建（艺体）综合楼项目依法开展审查确认的通知,https://www.cqggzy.com/trade/014/12b63911-6f65-4a67-8f76-1f9fe68b8fd3?categoryNum=014001016001,永川区,相关公告,2026-09-09,重庆市公共资源交易网,2026-09-11 11:01:46
铜梁区龙乡桃源果蔬全产业链拓展项目（电商直播间和无人机）招标计划表,https://www.cqggzy.com/trade/014/96912ac4-7e4d-4a3a-a426-3ea8e97640c4?categoryNum=014001019,铜梁区,招标计划,2026-09-09,重庆市公共资源交易网,2026-09-11 11:01:46
铜梁区围龙镇龙乡桃源果蔬全产业链拓展项目（农场）招标计划表,https://www.cqggzy.com/trade/014/4068a485-a17f-4d07-9db4-0937bb8173c9?categoryNum=014001019,铜梁区,招标计划,2026-09-09,重庆市公共资源交易网,2026-09-11 11:01:46
涪陵区2026年涪陵黑猪精深加工厂建设项目的中标结果公示,https://www.cqggzy.com/trade/014/08e6dc70-c1dc-4ceb-8c16-4c3ea0b1dab6?categoryNum=014001004001,涪陵区,中标结果公告,2026-09-09,重庆市公共资源交易网,2026-09-11 11:01:46
建桥园区C区市政设施综合整治项目施工招标计划表,https://www.cqggzy.com/trade/014/9616622b-db63-4d3b-b88e-dcea06a444ba?categoryNum=014001019,大渡口区,招标计划,2026-09-09,重庆市公共资源交易网,2026-09-11 11:01:46
2026年度水库移民后期扶持资金项目--三溪镇三汇社区生态环境治理工程招标计划表,https://www.cqggzy.com/trade/014/57f0cf1c-0c3e-4b77-bec9-6107181bdeeb?categoryNum=014001019,垫江县,招标计划,2026-09-09,重庆市公共资源交易网,2026-09-11 11:01:46
重庆市江津区白沙城区排水设施改建工程（二标段）,https://www.cqggzy.com/trade/014/20d0e976-5092-46f8-b733-02f1716ffda1?categoryNum=014001020002,江津区,合同签订基本信息公示,2026-09-09,重庆市公共资源交易网,2026-09-11 11:01:46
重庆市黔江区城市道路照明设备更新改造项目（二期）的中标候选人公示,https://www.cqggzy.com/trade/014/082618da-08ef-4643-aeb3-4db5cb7984e7?categoryNum=014001003002,黔江区,中标候选人公示,2026-09-09,重庆市公共资源交易网,2026-09-11 11:01:46
重庆﹝垫江﹞种业创新产业园建设项目的中标结果公示,https://www.cqggzy.com/trade/014/f2d2f089-8e91-427d-81f9-30d5bf2455c2?categoryNum=014001004001,垫江县,中标结果公告,2026-09-09,重庆市公共资源交易网,2026-09-11 11:01:46
重庆市渝西水务有限公司所属污水处理厂设备设施及配套管网更新改造项目2026年管网修复及改造工程答疑补遗文件,https://www.cqggzy.com/trade/014/9cbf9812-7f76-46f0-9951-d5dcd475bbdb?categoryNum=014001002002,自主招标,答疑补遗,2026-09-09,重庆市公共资源交易网,2026-09-11 11:01:48
百花路片区排水设施改造工程（二标段）的中标结果公示,https://www.cqggzy.com/trade/014/67396791-eede-44ea-9294-9096118e2330?categoryNum=014001004002,涪陵区,中标结果公告,2026-09-09,重庆市公共资源交易网,2026-09-11 11:01:48
重庆金佛山文旅集团下属子公司重庆山水都市酒店管理有限公司布草外包洗涤服务采购项目（第二次）流标公示,https://www.cqggzy.com/trade/014/412f93a1-4295-472c-bebb-545fed61a9cb?categoryNum=014012002,自主招标,相关公告,2026-09-09,重庆市公共资源交易网,2026-09-11 11:01:48
巫溪县G347线K1641+210～K1642+450段灾害防治工程答疑补遗文件,https://www.cqggzy.com/trade/014/3cb7582e-d432-47e4-a13d-05826dbdb09e?categoryNum=014001002001,巫溪县,答疑补遗,2026-09-09,重庆市公共资源交易网,2026-09-11 11:01:48
巫溪县G541线K352+260～K360+700段灾害防治工程答疑补遗文件,https://www.cqggzy.com/trade/014/9d0b2942-f65b-4b4a-bdc0-f000029c27ae?categoryNum=014001002001,巫溪县,答疑补遗,2026-09-09,重庆市公共资源交易网,2026-09-11 11:01:48
奉节县公安局五马派出所业务技术用房建设工程招标计划表,https://www.cqggzy.com/trade/014/685f0c8e-a8b9-40e9-9063-8753807043d2?categoryNum=014001019,奉节县,招标计划,2026-09-09,重庆市公共资源交易网,2026-09-11 11:01:48
酉阳县G319线马鞍山隧道病害整治工程招标计划表,https://www.cqggzy.com/trade/014/0de865b8-27e5-4ab5-8ece-3011ccea9210?categoryNum=014001019,酉阳县,招标计划,2026-09-09,重庆市公共资源交易网,2026-09-11 11:01:48
酉阳县2026年农村公路安防工程建设项目（酉西片区）招标计划表,https://www.cqggzy.com/trade/014/ee5dc856-5abc-4907-bd75-607327475b3e?categoryNum=014001019,酉阳县,招标计划,2026-09-09,重庆市公共资源交易网,2026-09-11 11:01:48
2026年江津区龙华镇双溪村花椒色选厂建设项目答疑补遗文件,https://www.cqggzy.com/trade/014/af05b2db-96dd-423b-ad9a-f6448f18502a?categoryNum=014001002001,江津区,答疑补遗,2026-09-09,重庆市公共资源交易网,2026-09-11 11:01:48
巫溪县中药材精加工生产仓储建设项目一医药云仓产业园工程答疑补遗文件,https://www.cqggzy.com/trade/014/660485d1-ca2a-4b7d-a8dd-d603317c6348?categoryNum=014001002001,巫溪县,答疑补遗,2026-09-09,重庆市公共资源交易网,2026-09-11 11:01:48
重庆市长寿区稻谷产业育繁推一体化项目招标计划表,https://www.cqggzy.com/trade/014/cbc0700a-9800-45a5-8233-20b1e12824ed?categoryNum=014001019,长寿区,招标计划,2026-09-09,重庆市公共资源交易网,2026-09-11 11:01:48
武隆区石梁河白马镇三溪和铁佛段防洪工程招标计划表,https://www.cqggzy.com/trade/014/6f53803d-07a3-4142-87c9-d1ec6c507491?categoryNum=014001019,武隆区,招标计划,2026-09-09,重庆市公共资源交易网,2026-09-11 11:01:48
石柱县冷水镇安置房建设项目-龙洞坪安置点（二期）招标计划表,https://www.cqggzy.com/trade/014/96424da6-d599-4b1b-8ec9-863f4ea42cb1?categoryNum=014001019,石柱县,招标计划,2026-09-09,重庆市公共资源交易网,2026-09-11 11:01:49
旭辰·怡康项目招标计划表,https://www.cqggzy.com/trade/014/39a5a948-903c-4c3b-aaa1-4c9887ccf3a8?categoryNum=014001019,沙坪坝区,招标计划,2026-09-09,重庆市公共资源交易网,2026-09-11 11:01:49
2025年酉阳县苍岭镇大河口村石泉苗寨传统村落保护发展项目招标计划表,https://www.cqggzy.com/trade/014/da9b08b6-b87c-4c0e-9e57-ab6af190a7a5?categoryNum=014001019,酉阳县,招标计划,2026-09-09,重庆市公共资源交易网,2026-09-11 11:01:49
万州城区路面雨水收集能力完善工程(剩余部分）招标计划表,https://www.cqggzy.com/trade/014/65e71b1c-069b-43eb-8265-e235eddb3974?categoryNum=014001019,万州区,招标计划,2026-09-09,重庆市公共资源交易网,2026-09-11 11:01:49
周家坝街道天子路、长生河、双堰塘社区片 区老旧小区改造配套基础设施建设项目招标计划表,https://www.cqggzy.com/trade/014/309fda06-1251-4235-a132-8a24e4fee1a7?categoryNum=014001019,万州区,招标计划,2026-09-09,重庆市公共资源交易网,2026-09-11 11:01:49
荣昌区2026年吴家镇高标准农田建设项目的中标候选人公示,https://www.cqggzy.com/trade/014/d2bb3ef1-055a-4cd3-8712-a06dca15805a?categoryNum=014001003007,荣昌区,中标候选人公示,2026-09-09,重庆市公共资源交易网,2026-09-11 11:01:49
万州区沱口污水厂服务片区污水管网新建改造工程招标计划表,https://www.cqggzy.com/trade/014/81314172-024a-4c69-ae04-25d797852dc8?categoryNum=014001019,万州区,招标计划,2026-09-09,重庆市公共资源交易网,2026-09-11 11:01:49
城口县创新孵化中心及配套基础设施建设项目招标计划表,https://www.cqggzy.com/trade/014/3aa59dbc-5099-4212-bdf3-3dedfa3a1bca?categoryNum=014001019,城口县,招标计划,2026-09-09,重庆市公共资源交易网,2026-09-11 11:01:49
(作废)万州区沱口污水厂服务片区污水管网新建改造工程招标计划表,https://www.cqggzy.com/trade/014/40beb694-6ad8-4bb5-a227-89a5db40a720?categoryNum=014001019,万州区,招标计划,2026-09-09,重庆市公共资源交易网,2026-09-11 11:01:49
天然气过江管线老化更新改造工程（二标段）招标计划表,https://www.cqggzy.com/trade/014/b6b4b016-c014-44c7-9f84-ffc7d801e76d?categoryNum=014001019,万州区,招标计划,2026-09-09,重庆市公共资源交易网,2026-09-11 11:01:49
井口老旧街区改造监理的中标候选人公示,https://www.cqggzy.com/trade/014/375d14c2-5f30-4328-8afa-6e82bac7950a?categoryNum=014001003001,沙坪坝区,中标候选人公示,2026-09-09,重庆市公共资源交易网,2026-09-11 11:01:49
万州经开区化工产业园重大安全风险防控项目,https://www.cqggzy.com/trade/014/c01af205-4182-4a10-83b4-e8748bc5ea79?categoryNum=014001020001,万州区,合同签订基本信息公示,2026-09-09,重庆市公共资源交易网,2026-09-11 11:01:49
青烟洞四级站1#、2#压力钢管更换工程招标计划表,https://www.cqggzy.com/trade/014/60929e58-c2c2-4cc2-8702-9ca659f2df69?categoryNum=014001019,涪陵区,招标计划,2026-09-09,重庆市公共资源交易网,2026-09-11 11:01:51
重庆市秀山自治县2026年提升农村饮水质量专项行动项目秀山县大河水厂工程等 3 个项目一体化净水处理设备,https://www.cqggzy.com/trade/014/1ef47495-3108-4776-8259-25fdeff51d51?categoryNum=014001001002,秀山县,招标公告,2026-09-09,重庆市公共资源交易网,2026-09-11 11:01:51
关于【酉阳县龙潭镇2026年农村无害化卫生厕所项目招标代理服务】中选结果的公告,https://www.cqggzy.com/trade/014/BRII_50024275309171X2609040112?categoryNum=014010002,酉阳县,中选公告,2026-09-09,重庆市公共资源交易网,2026-09-11 11:01:51
2026年公共就业服务专项业务竞赛(CQS26C02357)中标（成交）结果公告,https://www.cqggzy.com/trade/014/1673797909562568704_1?categoryNum=014005004,市级,采购结果公告,2026-09-09,重庆市公共资源交易网,2026-09-11 11:01:51
关于【开州区中和镇护国村2026年特色旅居村以工代赈项目】中选结果的公告,https://www.cqggzy.com/trade/014/BRII_5002340086477652609030633?categoryNum=014010002,开州区,中选公告,2026-09-09,重庆市公共资源交易网,2026-09-11 11:01:51
“碚爱童盟”关爱服务项目(BBQ26C00026)竞争性磋商公告（重新采购）中标（成交）结果公告,https://www.cqggzy.com/trade/014/1673804545849077760_1?categoryNum=014005004,北碚区,采购结果公告,2026-09-09,重庆市公共资源交易网,2026-09-11 11:01:51
重庆市盐穴储气库项目策划(CQS26C01851)公开招标公告,https://www.cqggzy.com/trade/014/1673801658771222528?categoryNum=014005001,市级,采购公告,2026-09-09,重庆市公共资源交易网,2026-09-11 11:01:51
关于【忠县永丰镇特色旅居产业配套以工代赈项目】中选结果的公告,https://www.cqggzy.com/trade/014/BRII_5002337094179542609030690?categoryNum=014010002,忠县,中选公告,2026-09-09,重庆市公共资源交易网,2026-09-11 11:01:51
关于【城口县2026年蓼子乡饮水安全巩固提升项目】中选结果的公告,https://www.cqggzy.com/trade/014/BRII_5002297688974842609040228?categoryNum=014010002,城口县,中选公告,2026-09-09,重庆市公共资源交易网,2026-09-11 11:01:51
2026年常态化帮扶项目咨询和农业项目验收服务采购项目（第二次）(YOY26C00038)公开招标公告,https://www.cqggzy.com/trade/014/1673797977237663744?categoryNum=014005001,酉阳县,采购公告,2026-09-09,重庆市公共资源交易网,2026-09-11 11:01:51
万州区人民法院肉类采购及配送服务(CQS26C02218)中标（成交）结果公告,https://www.cqggzy.com/trade/014/1673787304109715456_1?categoryNum=014005004,市级,采购结果公告,2026-09-09,重庆市公共资源交易网,2026-09-11 11:01:51
机电一体化技术和电梯工程技术实训设备及改造项目(CQS26A03722)采购更正公告二,https://www.cqggzy.com/trade/014/1673797190679834624?categoryNum=014005002,市级,答疑变更,2026-09-09,重庆市公共资源交易网,2026-09-11 11:01:51
永川区卫星湖街道双凤老街片区老旧小区及配套基础设施改造项目（第二次）(YCQ26B00054)中标（成交）结果公告,https://www.cqggzy.com/trade/014/1673792974020194304_1?categoryNum=014005004,永川区,采购结果公告,2026-09-09,重庆市公共资源交易网,2026-09-11 11:01:52
体外循环设备(CQS26A01448)公开招标公告,https://www.cqggzy.com/trade/014/1673777714500513792?categoryNum=014005001,市级,采购公告,2026-09-09,重庆市公共资源交易网,2026-09-11 11:01:52
关于【中心办公固定资产盘点服务】中选结果的公告,https://www.cqggzy.com/trade/014/BRII_500198MB1T503482609020468?categoryNum=014010002,两江新区,中选公告,2026-09-09,重庆市公共资源交易网,2026-09-11 11:01:52
铜梁区高楼镇农光互补项目“国有+集体”自然资源资产组合包,https://www.cqggzy.com/trade/014/cclexm31087?categoryNum=014014001004,市级,交易信息,2026-09-09,重庆市公共资源交易网,2026-09-11 11:01:52
通惠街道QJTH-2026-07宗地国有建设用地使用权公开出让公告（公告序号：綦规资告字〔2026〕13号）,https://www.cqggzy.com/trade/014/17889447755423458493-SELL?categoryNum=014004001001,綦江区,交易公告,2026-09-09,重庆市公共资源交易网,2026-09-11 11:01:52
通惠街道QJTH-2026-06宗地国有建设用地使用权公开出让公告（公告序号：綦规资告字〔2026〕11号）,https://www.cqggzy.com/trade/014/17889443195605033304-SELL?categoryNum=014004001001,綦江区,交易公告,2026-09-09,重庆市公共资源交易网,2026-09-11 11:01:52
关于【秀山县隘口居委会2024年度水库移民美丽家园市级示范项目结算审核】中选结果的公告,https://www.cqggzy.com/trade/014/BRII_500241MB0R741352608280373?categoryNum=014010002,秀山县,中选公告,2026-09-09,重庆市公共资源交易网,2026-09-11 11:01:52
关于【重庆通江人才社区OPC社区办公写字楼装修（广阳湾通江人才社区（一期）项目—A2装修一期工程项目）预算审核】中选结果的公告,https://www.cqggzy.com/trade/014/BRII_500108MA61D4F652609030475?categoryNum=014010002,南岸区,中选公告,2026-09-09,重庆市公共资源交易网,2026-09-11 11:01:52
关于【重庆市潼南区人民法院遗产继承应用项目验收服务】中选结果的公告,https://www.cqggzy.com/trade/014/BRII_5002230093313082609030591?categoryNum=014010002,潼南区,中选公告,2026-09-09,重庆市公共资源交易网,2026-09-11 11:01:52
关于【石柱县蛟鱼水库、虾扒沟水库提升改造专项评估报告编制】中选结果的公告,https://www.cqggzy.com/trade/014/BRII_5002406862374822609030783?categoryNum=014010002,石柱县,中选公告,2026-09-09,重庆市公共资源交易网,2026-09-11 11:01:52
关于【2026年荣昌区峰高街道高标准农田建设非耕地整改项目】中选结果的公告,https://www.cqggzy.com/trade/014/BRII_5002267500635962609040177?categoryNum=014010002,荣昌区,中选公告,2026-09-09,重庆市公共资源交易网,2026-09-11 11:01:52
关于【巫溪县梅溪河流域综合治理工程】中选结果的公告,https://www.cqggzy.com/trade/014/BRII_5002387562254532609070724?categoryNum=014010002,巫溪县,中选公告,2026-09-09,重庆市公共资源交易网,2026-09-11 11:01:52
北碚区“心电一张网”建设(BBQ26A00341)终止公告,https://www.cqggzy.com/trade/014/1673792429490483200?categoryNum=014005002,北碚区,答疑变更,2026-09-09,重庆市公共资源交易网,2026-09-11 11:01:54
关于【重庆通江人才社区OPC社区办公写字楼装修（广阳湾通江人才社区（一期）项目—A2装修一期工程项目）招标代理】中选结果的公告,https://www.cqggzy.com/trade/014/BRII_500108MA61D4F652609030481?categoryNum=014010002,南岸区,中选公告,2026-09-09,重庆市公共资源交易网,2026-09-11 11:01:54
关于【2024年丰都县三合街道平都东路社区上河街小区老旧小区改造项目等40个项目财务决算】中选结果的公告,https://www.cqggzy.com/trade/014/BRII_5002300086898342609020787?categoryNum=014010002,丰都县,中选公告,2026-09-09,重庆市公共资源交易网,2026-09-11 11:01:54
两新-数智财经多点触控专用教学设备（第二次）(CQS26A01923)公开招标公告,https://www.cqggzy.com/trade/014/1673789400200556544?categoryNum=014005001,市级,采购公告,2026-09-09,重庆市公共资源交易网,2026-09-11 11:01:54
长寿区体育中心及桃花社区高架桥健身中心物业管理服务采购(CSQ26C00450)公开招标公告,https://www.cqggzy.com/trade/014/1673788692910878720?categoryNum=014005001,长寿区,采购公告,2026-09-09,重庆市公共资源交易网,2026-09-11 11:01:54
关于【重庆荣昌至四川自贡高速公路（重庆段）项目】中选结果的公告,https://www.cqggzy.com/trade/014/BRII_500226MB16866302609010769?categoryNum=014010002,荣昌区,中选公告,2026-09-09,重庆市公共资源交易网,2026-09-11 11:01:54
关于【巫溪县幼儿园迁建项目】中选结果的公告,https://www.cqggzy.com/trade/014/BRII_5002383460586212609040153?categoryNum=014010002,巫溪县,中选公告,2026-09-09,重庆市公共资源交易网,2026-09-11 11:01:54
深化集体林权制度改革青杠林改示范片区土地利用（生态红线）优化论证服务(BSQ26C00086)中标（成交）结果公告,https://www.cqggzy.com/trade/014/1673788537969094656_1?categoryNum=014005004,璧山区,采购结果公告,2026-09-09,重庆市公共资源交易网,2026-09-11 11:01:54
关于【丰都县公共安全视频监控补点建设项目可研（代初设）方案编制】中选结果的公告,https://www.cqggzy.com/trade/014/BRII_5002300086862542609040561?categoryNum=014010002,丰都县,中选公告,2026-09-09,重庆市公共资源交易网,2026-09-11 11:01:54
关于【城口县中部片区锰污染系统治理项目（二期）工程质量检验检测服务】中选结果的公告,https://www.cqggzy.com/trade/014/BRII_500229MAAC2KCH72609070492?categoryNum=014010002,城口县,中选公告,2026-09-09,重庆市公共资源交易网,2026-09-11 11:01:54
中山路街道老旧小区油污安全整治项目(YCQ26B00043)中标（成交）结果公告,https://www.cqggzy.com/trade/014/1673753457116622848_1?categoryNum=014005004,永川区,采购结果公告,2026-09-09,重庆市公共资源交易网,2026-09-11 11:01:54
水质监测服务（2026-2028）(PSX26C00022)中标（成交）结果公告,https://www.cqggzy.com/trade/014/1673787753802018816_1?categoryNum=014005004,彭水县,采购结果公告,2026-09-09,重庆市公共资源交易网,2026-09-11 11:01:54
关于【重庆市万州区百安宾馆有限责任公司350kW分布式光伏发电项目预算编制】中选结果的公告,https://www.cqggzy.com/trade/014/BRII_500101MA5U70YR92609030628?categoryNum=014010002,万州区,中选公告,2026-09-09,重庆市公共资源交易网,2026-09-11 11:01:55
关于为【某数字化项目招标代理服务】 公开选取【招标代理】机构的公告,https://www.cqggzy.com/trade/014/PNII_500102MA7GWBFN22609090739?categoryNum=014010001,涪陵区,采购公告,2026-09-09,重庆市公共资源交易网,2026-09-11 11:01:55
关于【重庆康钦置业有限公司股权价值评估项目】中选结果的公告,https://www.cqggzy.com/trade/014/BRII_500112MAABXBTQ22609010430?categoryNum=014010002,渝北区,中选公告,2026-09-09,重庆市公共资源交易网,2026-09-11 11:01:55
关于【长泰路项目预算评审服务单位采购】中选结果的公告,https://www.cqggzy.com/trade/014/BRII_500198MB0B978342609040250?categoryNum=014010002,两江新区,中选公告,2026-09-09,重庆市公共资源交易网,2026-09-11 11:01:55
关于【2025年市财政衔接推进乡村振兴补助资金农村供水保障项目、梁平区东山林场抗旱应急水源工程竣工财务决算审核】中选结果的公告,https://www.cqggzy.com/trade/014/BRII_5002287398389872609010151?categoryNum=014010002,梁平区,中选公告,2026-09-09,重庆市公共资源交易网,2026-09-11 11:01:55
关于【区水利工程建设质量管理站站长经责审计】中选结果的公告,https://www.cqggzy.com/trade/014/BRII_5002287398389872609010223?categoryNum=014010002,梁平区,中选公告,2026-09-09,重庆市公共资源交易网,2026-09-11 11:01:55
关于为【万盛经开区2026年关坝镇西大魔芋种植及加工项目(良繁基地)工程勘察】 公开选取【工程勘察】机构的公告,https://www.cqggzy.com/trade/014/PNII_500199MACGL8NW82609090699?categoryNum=014010001,万盛区,采购公告,2026-09-09,重庆市公共资源交易网,2026-09-11 11:01:55
关于【区水利移民工作站站长离任经济责任审计】中选结果的公告,https://www.cqggzy.com/trade/014/BRII_5002287398389872609010172?categoryNum=014010002,梁平区,中选公告,2026-09-09,重庆市公共资源交易网,2026-09-11 11:01:55
关于为【重庆市大足第一中学校教职工综合运动会服装采购（招标代理）】 公开选取【招标代理】机构的公告,https://www.cqggzy.com/trade/014/PNII_5001114506627302609090743?categoryNum=014010001,大足区,采购公告,2026-09-09,重庆市公共资源交易网,2026-09-11 11:01:55
智慧康养学院实训室建设项目(CQS26A03720)中标（成交）结果公告,https://www.cqggzy.com/trade/014/1673774584861863936_3?categoryNum=014005004,市级,采购结果公告,2026-09-09,重庆市公共资源交易网,2026-09-11 11:01:55
智慧康养学院实训室建设项目(CQS26A03720)中标（成交）结果公告,https://www.cqggzy.com/trade/014/1673774584861863936_2?categoryNum=014005004,市级,采购结果公告,2026-09-09,重庆市公共资源交易网,2026-09-11 11:01:55
智慧康养学院实训室建设项目(CQS26A03720)中标（成交）结果公告,https://www.cqggzy.com/trade/014/1673774584861863936_1?categoryNum=014005004,市级,采购结果公告,2026-09-09,重庆市公共资源交易网,2026-09-11 11:01:55
关于【区水文站站长离任经济责任审计】中选结果的公告,https://www.cqggzy.com/trade/014/BRII_5002287398389872609010209?categoryNum=014010002,梁平区,中选公告,2026-09-09,重庆市公共资源交易网,2026-09-11 11:01:57
关于为【农村供水设施保障能力提升工程等项目财务评估报告采购】 公开选取【会计师事务所服务】机构的公告,https://www.cqggzy.com/trade/014/PNII_500231MA5UK2G852609090736?categoryNum=014010001,垫江县,采购公告,2026-09-09,重庆市公共资源交易网,2026-09-11 11:01:57
关于【丰都县三建乡零星项目】中选结果的公告,https://www.cqggzy.com/trade/014/BRII_50023000868980X2609030016?categoryNum=014010002,丰都县,中选公告,2026-09-09,重庆市公共资源交易网,2026-09-11 11:01:57
关于【丰都县高家镇人民政府历年档案整理及数字化扫描项目】中选结果的公告,https://www.cqggzy.com/trade/014/BRII_5002300086896232609040196?categoryNum=014010002,丰都县,中选公告,2026-09-09,重庆市公共资源交易网,2026-09-11 11:01:57
关于【重庆国隆能源发展有限公司薪酬体系优化咨询服务】中选结果的公告,https://www.cqggzy.com/trade/014/BRII_5001023204645922609070460?categoryNum=014010002,涪陵区,中选公告,2026-09-09,重庆市公共资源交易网,2026-09-11 11:01:57
重庆医药高等专科学校生命科学研究中心仪器设备(CQS26A02403)中标（成交）结果公告,https://www.cqggzy.com/trade/014/1673781385376346112_1?categoryNum=014005004,市级,采购结果公告,2026-09-09,重庆市公共资源交易网,2026-09-11 11:01:57
关于为【磁器口郎家巷20号、22号房屋结构安全性鉴定】 公开选取【安全评价】机构的公告,https://www.cqggzy.com/trade/014/PNII_5001065042822322609090745?categoryNum=014010001,沙坪坝区,采购公告,2026-09-09,重庆市公共资源交易网,2026-09-11 11:01:57
巴蜀文化旅游走廊文旅精品展示暨重庆旅游景区“强基焕新”主题交流活动(CQS26C02330)中标（成交）结果公告,https://www.cqggzy.com/trade/014/1673784779553943552_1?categoryNum=014005004,市级,采购结果公告,2026-09-09,重庆市公共资源交易网,2026-09-11 11:01:57
松溉镇卫生院D级危房拆除项目询价公告,https://www.cqggzy.com/trade/014/17889459338334115214?categoryNum=014012001,永川区,招标采购公告,2026-09-09,重庆市公共资源交易网,2026-09-11 11:01:57
关于为【重庆市永川职业教育中心新能源实训中心装修工程结算审核服务】 公开选取【工程造价咨询】机构的公告,https://www.cqggzy.com/trade/014/PNII_5001187626977052609090719?categoryNum=014010001,永川区,采购公告,2026-09-09,重庆市公共资源交易网,2026-09-11 11:01:57
关于为【渝夏高铁重庆段彭水乌江铁路大桥3、4号桥墩周边场坪及附属工程】 公开选取【工程造价咨询】机构的公告,https://www.cqggzy.com/trade/014/PNII_5002430091503632609090714?categoryNum=014010001,彭水县,采购公告,2026-09-09,重庆市公共资源交易网,2026-09-11 11:01:57
关于【重庆市南川区隆化第八小学校体育活动场地扩建项目财务决算】中选结果的公告,https://www.cqggzy.com/trade/014/BRII_5001194520052672609020013?categoryNum=014010002,南川区,中选公告,2026-09-09,重庆市公共资源交易网,2026-09-11 11:01:57
关于为【北碚区林权登记存量数据移交技术服务】 公开选取【测绘】机构的公告,https://www.cqggzy.com/trade/014/PNII_5001090092984642609090724?categoryNum=014010001,北碚区,采购公告,2026-09-09,重庆市公共资源交易网,2026-09-11 11:01:58
关于为【荣昌区青创OPC社区项目（质量检测费用评估）】 公开选取【工程造价咨询】机构的公告,https://www.cqggzy.com/trade/014/PNII_5002267659023052609090717?categoryNum=014010001,荣昌区,采购公告,2026-09-09,重庆市公共资源交易网,2026-09-11 11:01:58
关于【巫山县2024年渝东北岭谷区生态保护修复项目第二次质量验收服务】中选结果的公告,https://www.cqggzy.com/trade/014/BRII_50023777846915X2609040034?categoryNum=014010002,巫山县,中选公告,2026-09-09,重庆市公共资源交易网,2026-09-11 11:01:58
关于为【重庆八中宏帆中学校桌椅采购项目代理服务采购】 公开选取【招标代理】机构的公告,https://www.cqggzy.com/trade/014/PNII_500105MB09507352609090722?categoryNum=014010001,江北区,采购公告,2026-09-09,重庆市公共资源交易网,2026-09-11 11:01:58
巫溪县官山林场2026年林业有害生物防治(WXX26C00023)竞争性磋商公告,https://www.cqggzy.com/trade/014/1673784545922822144?categoryNum=014005001,巫溪县,采购公告,2026-09-09,重庆市公共资源交易网,2026-09-11 11:01:58
关于为【（一）垫江县曹回镇回龙社区、马竺村2027年度市级美丽移民村建设项目】 公开选取【工程造价咨询】机构的公告,https://www.cqggzy.com/trade/014/PNII_5002310086781662609090709?categoryNum=014010001,垫江县,采购公告,2026-09-09,重庆市公共资源交易网,2026-09-11 11:01:58
关于为【铜梁区2026年冬春季人工影响天气作业精细化保障项目预算评审】 公开选取【工程造价咨询】机构的公告,https://www.cqggzy.com/trade/014/PNII_5002246965538092609090703?categoryNum=014010001,铜梁区,采购公告,2026-09-09,重庆市公共资源交易网,2026-09-11 11:01:58
关于为【F05单元01街区002地块土壤污染状况调查】 公开选取【污染场地评估咨询与治理修复】机构的公告,https://www.cqggzy.com/trade/014/PNII_500297MA5UQ3PU82609090695?categoryNum=014010001,市级,采购公告,2026-09-09,重庆市公共资源交易网,2026-09-11 11:01:58
关于为【中梁云峰山景区选聘停车场道闸系统维护及应急处置服务单位】 公开选取【商务服务】机构的公告,https://www.cqggzy.com/trade/014/PNII_500107MAEJW78042609090678?categoryNum=014010001,九龙坡区,采购公告,2026-09-09,重庆市公共资源交易网,2026-09-11 11:01:58
关于【巫山县2025年其他国土绿化项目第一次质量验收】中选结果的公告,https://www.cqggzy.com/trade/014/BRII_50023777846915X2609040038?categoryNum=014010002,巫山县,中选公告,2026-09-09,重庆市公共资源交易网,2026-09-11 11:01:58
关于为【空港工业园区配套设施改造工程设计服务】 公开选取【工程设计】机构的公告,https://www.cqggzy.com/trade/014/PNII_5001127094301982609090660?categoryNum=014010001,渝北区,采购公告,2026-09-09,重庆市公共资源交易网,2026-09-11 11:01:58
关于【鈊渝金租2024年直租项目租赁物保险服务】中选结果的公告,https://www.cqggzy.com/trade/014/BRII_500230MA60D52G62609040195?categoryNum=014010002,丰都县,中选公告,2026-09-09,重庆市公共资源交易网,2026-09-11 11:01:58
关于为【垫江县先锋水库维修养护工程设计采购】 公开选取【工程设计】机构的公告,https://www.cqggzy.com/trade/014/PNII_5002310086794682609090637?categoryNum=014010001,垫江县,采购公告,2026-09-09,重庆市公共资源交易网,2026-09-11 11:02:00
关于为【嘉茵苑8栋1单元1台、8栋2单元1台、9栋1单元1台、9栋2单元1台、13栋1单元1台、13栋2单元1台、12栋2台、16栋2台、17栋2台共计12台电梯更新报价审核】 公开选取【工程造价咨询】机构的公告,https://www.cqggzy.com/trade/014/PNII_5001097474823432609090666?categoryNum=014010001,北碚区,采购公告,2026-09-09,重庆市公共资源交易网,2026-09-11 11:02:00
关于【巫山县长江重庆段“两岸青山·千里林带”规划建设项目2025年度第一次质量验收】中选结果的公告,https://www.cqggzy.com/trade/014/BRII_50023777846915X2609040043?categoryNum=014010002,巫山县,中选公告,2026-09-09,重庆市公共资源交易网,2026-09-11 11:02:00
关于为【北碚区智慧农业创业孵化园项目地形管线测量测绘】 公开选取【测绘，工程勘察】机构的公告,https://www.cqggzy.com/trade/014/PNII_500109MAACBK2B32609090705?categoryNum=014010001,北碚区,采购公告,2026-09-09,重庆市公共资源交易网,2026-09-11 11:02:00
关于为【能源学院设备及课程包资产评估服务】 公开选取【资产评估】机构的公告,https://www.cqggzy.com/trade/014/PNII_500116MA60QJT812609090663?categoryNum=014010001,江津区,采购公告,2026-09-09,重庆市公共资源交易网,2026-09-11 11:02:00
关于为【食堂劳务外包招标代理】 公开选取【招标代理】机构的公告,https://www.cqggzy.com/trade/014/PNII_500223MB1K516682609090726?categoryNum=014010001,潼南区,采购公告,2026-09-09,重庆市公共资源交易网,2026-09-11 11:02:00
关于为【新田镇集镇移民居住点环境提升工程(地勘)】 公开选取【工程勘察】机构的公告,https://www.cqggzy.com/trade/014/PNII_5001010086405392609090534?categoryNum=014010001,万州区,采购公告,2026-09-09,重庆市公共资源交易网,2026-09-11 11:02:00
关于为【对巫山县低空物流一网统运项目（一期）可研进行咨询评估】 公开选取【工程咨询】机构的公告,https://www.cqggzy.com/trade/014/PNII_50023770943747X2609090470?categoryNum=014010001,巫山县,采购公告,2026-09-09,重庆市公共资源交易网,2026-09-11 11:02:00
大足区道路交通事故车辆鉴定服务采购(DZQ26C00098)竞争性谈判公告,https://www.cqggzy.com/trade/014/1673783126847172608?categoryNum=014005001,大足区,采购公告,2026-09-09,重庆市公共资源交易网,2026-09-11 11:02:00
关于为【2026年敬老院集中供养特困人员理发服务项目招标代理采购】 公开选取【招标代理】机构的公告,https://www.cqggzy.com/trade/014/PNII_5002240093344372609090706?categoryNum=014010001,铜梁区,采购公告,2026-09-09,重庆市公共资源交易网,2026-09-11 11:02:00
关于为【荣隆全民健身中心项目预算审核及 跟审招标代理采购】 公开选取【招标代理】机构的公告,https://www.cqggzy.com/trade/014/PNII_5002267093495092609090718?categoryNum=014010001,荣昌区,采购公告,2026-09-09,重庆市公共资源交易网,2026-09-11 11:02:00
关于为【西部（重庆）科学城黄磏港仓储基地配套道路项目（二期）地形图测绘和综合管网探测服务单位采购说明】 公开选取【测绘】机构的公告,https://www.cqggzy.com/trade/014/PNII_5001077339757022609090693?categoryNum=014010001,九龙坡区,采购公告,2026-09-09,重庆市公共资源交易网,2026-09-11 11:02:00
万州经开区九龙园化工园区地下水污染管控与修复项目地下水补径排精细化调查(WZQ26C00067)中标（成交）结果公告,https://www.cqggzy.com/trade/014/1673755975976529920_1?categoryNum=014005004,万州区,采购结果公告,2026-09-09,重庆市公共资源交易网,2026-09-11 11:02:01
关于【重庆市动物园管理处 2026年度动物饲料（长颈鹿颗粒料）采购项目】中选结果的公告,https://www.cqggzy.com/trade/014/BRII_500107MA5U76N712608270412?categoryNum=014010002,九龙坡区,中选公告,2026-09-09,重庆市公共资源交易网,2026-09-11 11:02:01
关于【重庆市动物园管理处 2026年度动物饲料（苜蓿草）采购项目】中选结果的公告,https://www.cqggzy.com/trade/014/BRII_500107MA5U76N712608270402?categoryNum=014010002,九龙坡区,中选公告,2026-09-09,重庆市公共资源交易网,2026-09-11 11:02:01
关于【万盛气象监测及人工影响天气能力提升工程 招标（采购）代理机构】中选结果的公告,https://www.cqggzy.com/trade/014/BRII_5001990093009232609030650?categoryNum=014010002,万盛区,中选公告,2026-09-09,重庆市公共资源交易网,2026-09-11 11:02:01
关于【鈊渝金租2025年直租项目租赁物保险服务】中选结果的公告,https://www.cqggzy.com/trade/014/BRII_500230MA6007M4X2609040111?categoryNum=014010002,丰都县,中选公告,2026-09-09,重庆市公共资源交易网,2026-09-11 11:02:01
关于【开州区2026年镇东街道花果村玄胡基地配套设施完善项目招标代理】中选结果的公告,https://www.cqggzy.com/trade/014/BRII_50023471163013X2609040069?categoryNum=014010002,开州区,中选公告,2026-09-09,重庆市公共资源交易网,2026-09-11 11:02:01
关于【南桐镇2026年农村公路安全提升工程监理服务】中选结果的公告,https://www.cqggzy.com/trade/014/BRII_5001990093008192609040099?categoryNum=014010002,万盛区,中选公告,2026-09-09,重庆市公共资源交易网,2026-09-11 11:02:01
关于【农村乱占耕地建房问题整改项目】中选结果的公告,https://www.cqggzy.com/trade/014/BRII_5002364518721232608200455?categoryNum=014010002,奉节县,中选公告,2026-09-09,重庆市公共资源交易网,2026-09-11 11:02:01
关于为【项目工程预算】 公开选取【工程造价咨询】机构的公告,https://www.cqggzy.com/trade/014/PNII_5001095043104322609090698?categoryNum=014010001,北碚区,采购公告,2026-09-09,重庆市公共资源交易网,2026-09-11 11:02:01
关于为【巴南区莲花街道大中型水库移民后扶项目水土保持方案编制服务】 公开选取【水土保持方案编制】机构的公告,https://www.cqggzy.com/trade/014/PNII_500113MB1F169802609090715?categoryNum=014010001,巴南区,采购公告,2026-09-09,重庆市公共资源交易网,2026-09-11 11:02:01
坐落于位于大通县桥头镇向阳路2号瀚林华府1号楼1261室不动产,https://www.cqggzy.com/trade/014/O198908?categoryNum=014013002,市外,司法拍卖,2026-09-09,重庆市公共资源交易网,2026-09-11 11:02:01
大通县桥头镇向阳路2号翰林华府1222室,https://www.cqggzy.com/trade/014/O198903?categoryNum=014013002,市外,司法拍卖,2026-09-09,重庆市公共资源交易网,2026-09-11 11:02:01
关于为【屏锦镇东方希望洗消中心进场道路项目】 公开选取【检验检测服务】机构的公告,https://www.cqggzy.com/trade/014/PNII_5002287398383892609090692?categoryNum=014010001,梁平区,采购公告,2026-09-09,重庆市公共资源交易网,2026-09-11 11:02:03
大通县桥头镇向阳路2号翰林华府1251室,https://www.cqggzy.com/trade/014/O198905?categoryNum=014013002,市外,司法拍卖,2026-09-09,重庆市公共资源交易网,2026-09-11 11:02:03
关于为【原江北区园林绿化管理所采购档案整理服务】 公开选取【商务服务】机构的公告,https://www.cqggzy.com/trade/014/PNII_5001054504302352609090683?categoryNum=014010001,江北区,采购公告,2026-09-09,重庆市公共资源交易网,2026-09-11 11:02:03
关于为【2025年研发投入专项辅导服务项目绩效评价】 公开选取【会计师事务所服务】机构的公告,https://www.cqggzy.com/trade/014/PNII_50011300930721X2609090704?categoryNum=014010001,巴南区,采购公告,2026-09-09,重庆市公共资源交易网,2026-09-11 11:02:03
关于【江津区中医院零星维修结算审核服务】中选结果的公告,https://www.cqggzy.com/trade/014/BRII_5001164505538332608270685?categoryNum=014010002,江津区,中选公告,2026-09-09,重庆市公共资源交易网,2026-09-11 11:02:03
关于【忠县2026年拔山镇三新村等（3）个村补充耕地项目等2个补充耕地项目工程招标代理单位采购】中选结果的公告,https://www.cqggzy.com/trade/014/BRII_5002337688545992609030516?categoryNum=014010002,忠县,中选公告,2026-09-09,重庆市公共资源交易网,2026-09-11 11:02:03
关于【忠县2026年黄金镇大山村等（7）个村补充耕地项目等2个补充耕地项目工程招标代理单位采购】中选结果的公告,https://www.cqggzy.com/trade/014/BRII_5002337688545992609030544?categoryNum=014010002,忠县,中选公告,2026-09-09,重庆市公共资源交易网,2026-09-11 11:02:03
关于【开州区2026年镇东街道花果村玄胡基地配套设施完善项目预算审核】中选结果的公告,https://www.cqggzy.com/trade/014/BRII_50023471163013X2609040063?categoryNum=014010002,开州区,中选公告,2026-09-09,重庆市公共资源交易网,2026-09-11 11:02:03
关于为【酉阳县兴隆镇营盘村产业路项目】 公开选取【招标代理】机构的公告,https://www.cqggzy.com/trade/014/PNII_5002420091483002609090732?categoryNum=014010001,酉阳县,采购公告,2026-09-09,重庆市公共资源交易网,2026-09-11 11:02:03
关于【2026县域充换电设施补短板试点项目（一期）】中选结果的公告,https://www.cqggzy.com/trade/014/BRII_500240MA60G3QY72609040088?categoryNum=014010002,石柱县,中选公告,2026-09-09,重庆市公共资源交易网,2026-09-11 11:02:03
关于【巫溪县泛红池坝片区人居环境综合改造项目（一期）场部舞台及洗衣房风貌改造项目】中选结果的公告,https://www.cqggzy.com/trade/014/BRII_500238MAACDARM62609040591?categoryNum=014010002,巫溪县,中选公告,2026-09-09,重庆市公共资源交易网,2026-09-11 11:02:03
关于【万州新田中学2025年排危项目（结算）】中选结果的公告,https://www.cqggzy.com/trade/014/BRII_5001014517578112609070035?categoryNum=014010002,万州区,中选公告,2026-09-09,重庆市公共资源交易网,2026-09-11 11:02:03
关于为【重庆市忠县职业教育中心-艺体中心双层球壳钢网架结构安全性鉴定】 公开选取【建设工程质量检测】机构的公告,https://www.cqggzy.com/trade/014/PNII_5002334518110722609090720?categoryNum=014010001,忠县,采购公告,2026-09-09,重庆市公共资源交易网,2026-09-11 11:02:04
关于为【北碚区智慧农业创业孵化园项目设计】 公开选取【工程设计】机构的公告,https://www.cqggzy.com/trade/014/PNII_500109MAACBK2B32609090640?categoryNum=014010001,北碚区,采购公告,2026-09-09,重庆市公共资源交易网,2026-09-11 11:02:04
关于为【李家沱街道2026年城市危旧房修缮加固项目概算评审】 公开选取【工程造价咨询】机构的公告,https://www.cqggzy.com/trade/014/PNII_5001130093071642609090727?categoryNum=014010001,巴南区,采购公告,2026-09-09,重庆市公共资源交易网,2026-09-11 11:02:04
关于为【2025年高新技术企业和科技型企业“双倍增” 专项辅导服务项目绩效评价】 公开选取【会计师事务所服务】机构的公告,https://www.cqggzy.com/trade/014/PNII_50011300930721X2609090647?categoryNum=014010001,巴南区,采购公告,2026-09-09,重庆市公共资源交易网,2026-09-11 11:02:04
关于为【南门镇玉米制种基地水源整治项目设计服务采购】 公开选取【工程设计】机构的公告,https://www.cqggzy.com/trade/014/PNII_5002340086479252609090712?categoryNum=014010001,开州区,采购公告,2026-09-09,重庆市公共资源交易网,2026-09-11 11:02:04
花溪街道红光综合楼老旧小区改造提升项目(BNQ26B00022)中标（成交）结果公告,https://www.cqggzy.com/trade/014/1673777988698943488_1?categoryNum=014005004,巴南区,采购结果公告,2026-09-09,重庆市公共资源交易网,2026-09-11 11:02:04
高膳食纤维营养面条创制仪器采购(CQS26A03727)废标公告,https://www.cqggzy.com/trade/014/1673780419700764672?categoryNum=014005004,市级,采购结果公告,2026-09-09,重庆市公共资源交易网,2026-09-11 11:02:04
关于为【重庆南山植物园2027年春节郁金香花展采购招标代理服务】 公开选取【招标代理】机构的公告,https://www.cqggzy.com/trade/014/PNII_5001084503914242609090688?categoryNum=014010001,南岸区,采购公告,2026-09-09,重庆市公共资源交易网,2026-09-11 11:02:04
关于为【2026年梁平区聚奎镇大来村、长岭村连通公路油化 项目监理服务采购需求说明】 公开选取【工程监理】机构的公告,https://www.cqggzy.com/trade/014/PNII_5002287339665232609090700?categoryNum=014010001,梁平区,采购公告,2026-09-09,重庆市公共资源交易网,2026-09-11 11:02:04
关于为【2026年巫山县官渡镇杨林村脆梨产业园配套项目】 公开选取【工程造价咨询】机构的公告,https://www.cqggzy.com/trade/014/PNII_5002370086613212609090635?categoryNum=014010001,巫山县,采购公告,2026-09-09,重庆市公共资源交易网,2026-09-11 11:02:04
关于为【西部（重庆）科学城黄磏港道路及配套设施建设项目—双岗村城中村改造南片区配套基础设施项目交通影响评价设计单位采购说明】 公开选取【城乡规划编制】机构的公告,https://www.cqggzy.com/trade/014/PNII_5001077339757022609090716?categoryNum=014010001,九龙坡区,采购公告,2026-09-09,重庆市公共资源交易网,2026-09-11 11:02:04
大通县桥头镇向阳路2号翰林华府1202室,https://www.cqggzy.com/trade/014/O198901?categoryNum=014013002,市外,司法拍卖,2026-09-09,重庆市公共资源交易网,2026-09-11 11:02:04
关于【2026年武隆区基层农技人员知识更新培训服务】中选结果的公告,https://www.cqggzy.com/trade/014/BRII_5002326814615302609030413?categoryNum=014010002,武隆区,中选公告,2026-09-09,重庆市公共资源交易网,2026-09-11 11:02:06
高膳食纤维营养面条创制仪器采购(CQS26A03727)废标公告,https://www.cqggzy.com/trade/014/1673778804159721472?categoryNum=014005004,市级,采购结果公告,2026-09-09,重庆市公共资源交易网,2026-09-11 11:02:06
关于为【涪陵区某工程项目结算评审】 公开选取【工程造价咨询】机构的公告,https://www.cqggzy.com/trade/014/PNII_5001026608816242609090674?categoryNum=014010001,涪陵区,采购公告,2026-09-09,重庆市公共资源交易网,2026-09-11 11:02:06
关于【酉阳县酉州小学室内运动设施维修改造项目可研编制单位采购】中选结果的公告,https://www.cqggzy.com/trade/014/BRII_500242MB1C353292608270758?categoryNum=014010002,酉阳县,中选公告,2026-09-09,重庆市公共资源交易网,2026-09-11 11:02:06
关于【关于执行案件公开选聘审计机构的公告-渝台】中选结果的公告,https://www.cqggzy.com/trade/014/BRII_5001054503961292609020673?categoryNum=014010002,江北区,中选公告,2026-09-09,重庆市公共资源交易网,2026-09-11 11:02:06
关于【2026年维修养护工程】中选结果的公告,https://www.cqggzy.com/trade/014/BRII_50010977176974X2609040332?categoryNum=014010002,北碚区,中选公告,2026-09-09,重庆市公共资源交易网,2026-09-11 11:02:06
关于为【永川区化工路片区城市危旧房改造项目】 公开选取【招标代理】机构的公告,https://www.cqggzy.com/trade/014/PNII_500118MB0B179292609090464?categoryNum=014010001,永川区,采购公告,2026-09-09,重庆市公共资源交易网,2026-09-11 11:02:06
关于为【江津花椒标准化加工中心建设项目工程预算审核服务】 公开选取【工程造价咨询】机构的公告,https://www.cqggzy.com/trade/014/PNII_500116MA5UP0AP82609090630?categoryNum=014010001,江津区,采购公告,2026-09-09,重庆市公共资源交易网,2026-09-11 11:02:06
关于为【石柱革命烈士陵园滑坡体安全隐患整治项目】 公开选取【招标代理】机构的公告,https://www.cqggzy.com/trade/014/PNII_500240MB19555112609090623?categoryNum=014010001,石柱县,采购公告,2026-09-09,重庆市公共资源交易网,2026-09-11 11:02:06
关于为【荣昌区清升镇蛋鸡标准化笼养及非笼养混合养殖基地建设项目设备预算中介服务选取的说明】 公开选取【工程造价咨询】机构的公告,https://www.cqggzy.com/trade/014/PNII_5002260093427282609090642?categoryNum=014010001,荣昌区,采购公告,2026-09-09,重庆市公共资源交易网,2026-09-11 11:02:06
关于为【芙蓉洞灯光维修项目物资采购及劳务限价清单编制】 公开选取【工程造价咨询】机构的公告,https://www.cqggzy.com/trade/014/PNII_50023255203046X2609090651?categoryNum=014010001,武隆区,采购公告,2026-09-09,重庆市公共资源交易网,2026-09-11 11:02:06
教室、会议室、客房耗材及清洁用具供货服务项目(CQS26C02452)竞争性谈判公告,https://www.cqggzy.com/trade/014/1673778557782110208?categoryNum=014005001,市级,采购公告,2026-09-09,重庆市公共资源交易网,2026-09-11 11:02:06
关于为【重庆市大仙女山南部片区国土绿化示范项目（武隆区）监理】 公开选取【招标代理】机构的公告,https://www.cqggzy.com/trade/014/PNII_5002320086903922609090656?categoryNum=014010001,武隆区,采购公告,2026-09-09,重庆市公共资源交易网,2026-09-11 11:02:07
关于为【两江新区龙盛数智化产业园项目监测方案评审技术服务采购】 公开选取【工程勘察，测绘】机构的公告,https://www.cqggzy.com/trade/014/PNII_5001125567981852609090439?categoryNum=014010001,渝北区,采购公告,2026-09-09,重庆市公共资源交易网,2026-09-11 11:02:07
关于为【梁平区都梁新经济产业园建设项目-绿色建材应用比例核算报告编制】 公开选取【管理和决策咨询】机构的公告,https://www.cqggzy.com/trade/014/PNII_5002287874723262609090659?categoryNum=014010001,梁平区,采购公告,2026-09-09,重庆市公共资源交易网,2026-09-11 11:02:07
兴无隧道涌水勘察设计项目比选公告,https://www.cqggzy.com/trade/014/b4173b5e-3aeb-4830-ba09-0cfb45f1f347?categoryNum=014012001,重庆市,招标采购公告,2026-09-09,重庆市公共资源交易网,2026-09-11 11:02:07
关于为【荣昌区清升镇蛋鸡标准化笼养及非笼养混合养殖基地建设项目设备预算审核中介服务机构选取的说明】 公开选取【工程造价咨询】机构的公告,https://www.cqggzy.com/trade/014/PNII_5002260093427282609090702?categoryNum=014010001,荣昌区,采购公告,2026-09-09,重庆市公共资源交易网,2026-09-11 11:02:07
关于为【丹江口库区上游城口县水土流失治理项目结算审计复核审查服务】 公开选取【工程造价咨询】机构的公告,https://www.cqggzy.com/trade/014/PNII_500229MAABR1BH42609090690?categoryNum=014010001,城口县,采购公告,2026-09-09,重庆市公共资源交易网,2026-09-11 11:02:07
关于【大足区拾万镇石福寺水塘应急工程招标代理】中选结果的公告,https://www.cqggzy.com/trade/014/BRII_5001110577965992608310388?categoryNum=014010002,大足区,中选公告,2026-09-09,重庆市公共资源交易网,2026-09-11 11:02:07
关于为【新田中学环境综合整治及附属设施完善工程（预算审核）】 公开选取【工程造价咨询】机构的公告,https://www.cqggzy.com/trade/014/PNII_5001014517578112609090670?categoryNum=014010001,万州区,采购公告,2026-09-09,重庆市公共资源交易网,2026-09-11 11:02:07
关于为【巴南区木洞镇中坝岛段消落区生态修复工程可研评审】 公开选取【工程咨询】机构的公告,https://www.cqggzy.com/trade/014/PNII_5001130093071642609090697?categoryNum=014010001,巴南区,采购公告,2026-09-09,重庆市公共资源交易网,2026-09-11 11:02:07
关于【华新社区党群服务中心装修工程结算审核】中选结果的公告,https://www.cqggzy.com/trade/014/BRII_500198MB0B189722608250310?categoryNum=014010002,两江新区,中选公告,2026-09-09,重庆市公共资源交易网,2026-09-11 11:02:07
关于【2025年度大足城区人行道及附属市政设施维护管养服务采购结算审核（新城区）结算审核采购】中选结果的公告,https://www.cqggzy.com/trade/014/BRII_5001110093483292608260714?categoryNum=014010002,大足区,中选公告,2026-09-09,重庆市公共资源交易网,2026-09-11 11:02:07
关于【酉阳自治县酉州小学校C级危房（食堂）加固维修项目结算评审采购】中选结果的公告,https://www.cqggzy.com/trade/014/BRII_500242MB1C353292608290005?categoryNum=014010002,酉阳县,中选公告,2026-09-09,重庆市公共资源交易网,2026-09-11 11:02:07
关于【南坪镇兴隆苑、白鹤苑片区配套基础设施建设及老旧小区楼栋改造工程EPC总承包项目决算审核】中选结果的公告,https://www.cqggzy.com/trade/014/BRII_5001080092956932609030658?categoryNum=014010002,南岸区,中选公告,2026-09-09,重庆市公共资源交易网,2026-09-11 11:02:08
关于【老城办公室水电维修采购项目】中选结果的公告,https://www.cqggzy.com/trade/014/BRII_500238MAACDARM62609040581?categoryNum=014010002,巫溪县,中选公告,2026-09-09,重庆市公共资源交易网,2026-09-11 11:02:08
关于为【2026年梁平区聚奎镇 大来村、长岭村连通公路油化项目 招标代理采购需求说明】 公开选取【招标代理】机构的公告,https://www.cqggzy.com/trade/014/PNII_5002287339665232609090687?categoryNum=014010001,梁平区,采购公告,2026-09-09,重庆市公共资源交易网,2026-09-11 11:02:08
关于为【重庆南门甜城食农延链产业项目可行性研究报告编制】 公开选取【工程咨询】机构的公告,https://www.cqggzy.com/trade/014/PNII_5002344517894692609090626?categoryNum=014010001,开州区,采购公告,2026-09-09,重庆市公共资源交易网,2026-09-11 11:02:08
关于【五马归槽水库卧涵管渗漏封堵工程招标代理】中选结果的公告,https://www.cqggzy.com/trade/014/BRII_5001110577965992608310401?categoryNum=014010002,大足区,中选公告,2026-09-09,重庆市公共资源交易网,2026-09-11 11:02:08
关于为【江北区城市排水管网提升工程-红旗河沟排洪通道改造(二标段)限价编制】 公开选取【工程造价咨询】机构的公告,https://www.cqggzy.com/trade/014/PNII_5001057474772612609090686?categoryNum=014010001,江北区,采购公告,2026-09-09,重庆市公共资源交易网,2026-09-11 11:02:08
关于为【2026年桐楼乡桐木村五组下河堡至七岭上产业路项目】 公开选取【工程设计】机构的公告,https://www.cqggzy.com/trade/014/PNII_5002430091539782609090618?categoryNum=014010001,彭水县,采购公告,2026-09-09,重庆市公共资源交易网,2026-09-11 11:02:08
关于为【酉阳县可大乡可大村桐花岭2026年登山步道以工代赈项目】 公开选取【工程监理】机构的公告,https://www.cqggzy.com/trade/014/PNII_50024200914860X2609090679?categoryNum=014010001,酉阳县,采购公告,2026-09-09,重庆市公共资源交易网,2026-09-11 11:02:08
关于为【安全警示牌安装】 公开选取【商务服务】机构的公告,https://www.cqggzy.com/trade/014/PNII_5001130093088292609090625?categoryNum=014010001,巴南区,采购公告,2026-09-09,重庆市公共资源交易网,2026-09-11 11:02:08
关于为【新田镇集镇移民居住点环境提升工程(地勘外业见证)】 公开选取【工程勘察】机构的公告,https://www.cqggzy.com/trade/014/PNII_5001010086405392609090627?categoryNum=014010001,万州区,采购公告,2026-09-09,重庆市公共资源交易网,2026-09-11 11:02:08
重庆市涪陵区荔枝希望小学校食堂改扩建工程-房屋拆除终止公告,https://www.cqggzy.com/trade/014/5c09f5b4-7804-4d64-b99f-09d528e06453?categoryNum=014012004,涪陵区,结果公告,2026-09-09,重庆市公共资源交易网,2026-09-11 11:02:08
关于为【2025年“两岸青山·千里林带”森林抚育项目(结算审核)】 公开选取【工程造价咨询】机构的公告,https://www.cqggzy.com/trade/014/PNII_5001163277684762609090648?categoryNum=014010001,江津区,采购公告,2026-09-09,重庆市公共资源交易网,2026-09-11 11:02:08
大通县桥头镇向阳路2号翰林华府1212室,https://www.cqggzy.com/trade/014/O198899?categoryNum=014013002,市外,司法拍卖,2026-09-09,重庆市公共资源交易网,2026-09-11 11:02:10
关于为【关于采购城投公司委托资产巡查、收租服务】 公开选取【商务服务】机构的公告,https://www.cqggzy.com/trade/014/PNII_500227MA5YN16N12609090641?categoryNum=014010001,璧山区,采购公告,2026-09-09,重庆市公共资源交易网,2026-09-11 11:02:10
关于为【重庆市梁平区梁山街道用水者协会等5个用水者协会注销清算审计】 公开选取【会计师事务所服务】机构的公告,https://www.cqggzy.com/trade/014/PNII_5002287398389872609090629?categoryNum=014010001,梁平区,采购公告,2026-09-09,重庆市公共资源交易网,2026-09-11 11:02:10
关于为【《百安坝组团Ⅰ管理单元控制性详细规划》ⅠD01-19/03地块局部修改方案咨询】 公开选取【城乡规划编制】机构的公告,https://www.cqggzy.com/trade/014/PNII_5001010960049532609090491?categoryNum=014010001,万州区,采购公告,2026-09-09,重庆市公共资源交易网,2026-09-11 11:02:10
关于为【铜梁东部片区排水管网基础设施项目（二标段）】 公开选取【工程造价咨询】机构的公告,https://www.cqggzy.com/trade/014/PNII_5002246965538092609090591?categoryNum=014010001,铜梁区,采购公告,2026-09-09,重庆市公共资源交易网,2026-09-11 11:02:10
关于【响水塘水库、罗家冲水库、青果水库、尖山子水库、板栗湾水库、周家沟水库大坝安全评价设计】中选结果的公告,https://www.cqggzy.com/trade/014/BRII_5001110577965992608250788?categoryNum=014010002,大足区,中选公告,2026-09-09,重庆市公共资源交易网,2026-09-11 11:02:10
关于为【双福街道公(廉)租房维修改造项目监理】 公开选取【工程监理】机构的公告,https://www.cqggzy.com/trade/014/PNII_5001167474908022609090602?categoryNum=014010001,江津区,采购公告,2026-09-09,重庆市公共资源交易网,2026-09-11 11:02:10
关于为【白净室水库改造提升项目前期工作】 公开选取【工程设计】机构的公告,https://www.cqggzy.com/trade/014/PNII_5001197688944192609090598?categoryNum=014010001,南川区,采购公告,2026-09-09,重庆市公共资源交易网,2026-09-11 11:02:10
秀山县跃进、牛栏溪水库除险加固工程(XSX26B00018)中标（成交）结果更正公告,https://www.cqggzy.com/trade/014/1673775558703755264?categoryNum=014005002,秀山县,答疑变更,2026-09-09,重庆市公共资源交易网,2026-09-11 11:02:10
关于为【重庆盛顺肉类加工有限责任公司房屋及1：500地形图测绘】 公开选取【测绘】机构的公告,https://www.cqggzy.com/trade/014/PNII_5001143315711662609090589?categoryNum=014010001,黔江区,采购公告,2026-09-09,重庆市公共资源交易网,2026-09-11 11:02:10
关于【西永组团莲花滩河16路110kV龙学线5号杆线路迁改工程环境影响报告表编制】中选结果的公告,https://www.cqggzy.com/trade/014/BRII_500113MA5U4WFG92609040244?categoryNum=014010002,巴南区,中选公告,2026-09-09,重庆市公共资源交易网,2026-09-11 11:02:10
关于【重光·弹子石运动公园项目场地市场租金咨询】中选结果的公告,https://www.cqggzy.com/trade/014/BRII_500113MA5U4WFG92609040238?categoryNum=014010002,巴南区,中选公告,2026-09-09,重庆市公共资源交易网,2026-09-11 11:02:10
关于为【老木沟水库改造提升项目前期工作】 公开选取【工程设计】机构的公告,https://www.cqggzy.com/trade/014/PNII_5001197688944192609090590?categoryNum=014010001,南川区,采购公告,2026-09-09,重庆市公共资源交易网,2026-09-11 11:02:12
关于【云阳县渠马镇惠龙村檬子垭至土子坳村级公路升级改造工程、渠马镇白岭村土子坳至洞子湾村级公路升级改造工程、渠马镇红河村陈光荣屋至檬子垭村级公路升级改造工程、渠马镇村民小组通硬化路项目（柴林村2组）竣工财务决算审核】中选结果的公告,https://www.cqggzy.com/trade/014/BRII_5002357592791662609040029?categoryNum=014010002,云阳县,中选公告,2026-09-09,重庆市公共资源交易网,2026-09-11 11:02:12
关于为【奉节县长安土家族乡2026年特色旅居村奉建高速配套基础设施以工代赈项目】 公开选取【工程造价咨询】机构的公告,https://www.cqggzy.com/trade/014/PNII_500236MB1M388442609090581?categoryNum=014010001,奉节县,采购公告,2026-09-09,重庆市公共资源交易网,2026-09-11 11:02:12
关于为【万州第二社会福利院失能老人照护能力提升项目消防检测、评定及评估全过程技术服务】 公开选取【建设工程消防设施检测】机构的公告,https://www.cqggzy.com/trade/014/PNII_5001017116985212609090545?categoryNum=014010001,万州区,采购公告,2026-09-09,重庆市公共资源交易网,2026-09-11 11:02:12
关于为【万州区甘宁镇2026年农村供水保障工程】 公开选取【工程造价咨询】机构的公告,https://www.cqggzy.com/trade/014/PNII_5001017748738332609090566?categoryNum=014010001,万州区,采购公告,2026-09-09,重庆市公共资源交易网,2026-09-11 11:02:12
关于为【永川区佛尔岩水库分析评估服务】 公开选取【工程设计，工程勘察】机构的公告,https://www.cqggzy.com/trade/014/PNII_5001187659049252609090483?categoryNum=014010001,永川区,采购公告,2026-09-09,重庆市公共资源交易网,2026-09-11 11:02:12
关于为【重庆市黔江区城市道路照明设备更新改造项目（二期）监理单位采购】 公开选取【工程监理】机构的公告,https://www.cqggzy.com/trade/014/PNII_5001145520002522609080820?categoryNum=014010001,黔江区,采购公告,2026-09-09,重庆市公共资源交易网,2026-09-11 11:02:12
关于为【垫江县永安镇设施蔬菜产业建设项目项目咨询服务】 公开选取【工程咨询】机构的公告,https://www.cqggzy.com/trade/014/PNII_5002310086794682609090677?categoryNum=014010001,垫江县,采购公告,2026-09-09,重庆市公共资源交易网,2026-09-11 11:02:12
关于为【酉阳县可大乡客寨村2026年特色旅居村庄连接道路以工代赈项目】 公开选取【工程监理】机构的公告,https://www.cqggzy.com/trade/014/PNII_50024200914860X2609090669?categoryNum=014010001,酉阳县,采购公告,2026-09-09,重庆市公共资源交易网,2026-09-11 11:02:12
关于为【万州经开区基础设施及配套用房完善工程之纵三路二期污水管网整改（W12-W13段）】 公开选取【工程造价咨询】机构的公告,https://www.cqggzy.com/trade/014/PNII_5001017842280102609090668?categoryNum=014010001,万州区,采购公告,2026-09-09,重庆市公共资源交易网,2026-09-11 11:02:12
关于为【新田中学环境综合整治及附属设施完善工程（预算编制）】 公开选取【工程造价咨询】机构的公告,https://www.cqggzy.com/trade/014/PNII_5001014517578112609090658?categoryNum=014010001,万州区,采购公告,2026-09-09,重庆市公共资源交易网,2026-09-11 11:02:12
关于【巫溪县耕地自主监测技术服务】中选结果的公告,https://www.cqggzy.com/trade/014/BRII_500238MB16074532609030458?categoryNum=014010002,巫溪县,中选公告,2026-09-09,重庆市公共资源交易网,2026-09-11 11:02:12
关于【巫溪县核实建立溶洞清单工作】中选结果的公告,https://www.cqggzy.com/trade/014/BRII_500238MB16074532609030468?categoryNum=014010002,巫溪县,中选公告,2026-09-09,重庆市公共资源交易网,2026-09-11 11:02:13
关于【巫溪县2025年常规监测技术服务】中选结果的公告,https://www.cqggzy.com/trade/014/BRII_500238MB16074532609030319?categoryNum=014010002,巫溪县,中选公告,2026-09-09,重庆市公共资源交易网,2026-09-11 11:02:13
关于为【小叶香樟母树林选育项目（预算）】 公开选取【工程造价咨询】机构的公告,https://www.cqggzy.com/trade/014/PNII_5001163277684762609090655?categoryNum=014010001,江津区,采购公告,2026-09-09,重庆市公共资源交易网,2026-09-11 11:02:13
关于【通桥街道田园综合体设计采购】中选结果的公告,https://www.cqggzy.com/trade/014/BRII_5001110093027262609040469?categoryNum=014010002,大足区,中选公告,2026-09-09,重庆市公共资源交易网,2026-09-11 11:02:13
关于【渠马镇白土路（洞子湾至将军梁社区）改扩建工程可研编制】中选结果的公告,https://www.cqggzy.com/trade/014/BRII_5002357592791662609040045?categoryNum=014010002,云阳县,中选公告,2026-09-09,重庆市公共资源交易网,2026-09-11 11:02:13
关于为【万盛经开区采煤沉陷区中盛小学教学综合楼新建工程项目规划竣工测绘及不动产房屋测绘】 公开选取【测绘】机构的公告,https://www.cqggzy.com/trade/014/PNII_5001996664355962609090255?categoryNum=014010001,万盛区,采购公告,2026-09-09,重庆市公共资源交易网,2026-09-11 11:02:13
关于【高碛社区乡村振兴公共服务综合体建设项目室内装修工程结算审核】中选结果的公告,https://www.cqggzy.com/trade/014/BRII_5001147116416802609040334?categoryNum=014010002,黔江区,中选公告,2026-09-09,重庆市公共资源交易网,2026-09-11 11:02:13
关于为【黑林廉租房B栋消防维保单位采购（一年）】 公开选取【消防技术服务】机构的公告,https://www.cqggzy.com/trade/014/PNII_5001167474908022609090657?categoryNum=014010001,江津区,采购公告,2026-09-09,重庆市公共资源交易网,2026-09-11 11:02:13
关于为【涪陵区蔺市街道历史文化名镇老旧街区配套设施改造提升项目】 公开选取【工程设计】机构的公告,https://www.cqggzy.com/trade/014/PNII_5001027116671512609070354?categoryNum=014010001,涪陵区,采购公告,2026-09-09,重庆市公共资源交易网,2026-09-11 11:02:13
关于为【木凉镇2026年度松材线虫除治项目】 公开选取【招标代理】机构的公告,https://www.cqggzy.com/trade/014/PNII_5001190086858922609090645?categoryNum=014010001,南川区,采购公告,2026-09-09,重庆市公共资源交易网,2026-09-11 11:02:13
关于为【育才中学、龙河新城国际商贸城、文化馆等三处无人值守停车场技术服务】 公开选取【信息咨询和技术服务】机构的公告,https://www.cqggzy.com/trade/014/PNII_5002300824159702609090634?categoryNum=014010001,丰都县,采购公告,2026-09-09,重庆市公共资源交易网,2026-09-11 11:02:13
关于为【重庆市沙坪坝区育英小学校校服采购项目】 公开选取【招标代理】机构的公告,https://www.cqggzy.com/trade/014/PNII_5001064504385362609090621?categoryNum=014010001,沙坪坝区,采购公告,2026-09-09,重庆市公共资源交易网,2026-09-11 11:02:13
关于为【酉阳县兴隆镇狮象村人居环境整治项目】 公开选取【招标代理】机构的公告,https://www.cqggzy.com/trade/014/PNII_5002420091483002609030467?categoryNum=014010001,酉阳县,采购公告,2026-09-09,重庆市公共资源交易网,2026-09-11 11:02:15
罩云山星野公园项目(二期)劳务招标(第二次) 流标公告,https://www.cqggzy.com/trade/014/10393d9f-bfc8-4b2d-a076-dd15e6d2c68b?categoryNum=014012004,武隆区,结果公告,2026-09-09,重庆市公共资源交易网,2026-09-11 11:02:15
关于为【城口县巴山镇巴山社区元坝村2027年度市级美丽移民村建设项目设计单位采购】 公开选取【工程设计】机构的公告,https://www.cqggzy.com/trade/014/PNII_5002295590261642609090606?categoryNum=014010001,城口县,采购公告,2026-09-09,重庆市公共资源交易网,2026-09-11 11:02:15
关于为【烟子厂水库改造提升项目前期工作】 公开选取【工程设计】机构的公告,https://www.cqggzy.com/trade/014/PNII_5001197688944192609090537?categoryNum=014010001,南川区,采购公告,2026-09-09,重庆市公共资源交易网,2026-09-11 11:02:15
关于【云阳县南溪镇天河村2026年特色旅居乡村产业配套基础设施以工代赈项目】中选结果的公告,https://www.cqggzy.com/trade/014/BRII_5002350086579042608260634?categoryNum=014010002,云阳县,中选公告,2026-09-09,重庆市公共资源交易网,2026-09-11 11:02:15
关于为【广阳湾投资集团2026年税务咨询服务】 公开选取【税务师事务所服务】机构的公告,https://www.cqggzy.com/trade/014/PNII_500297MA5UQ3PU82609090587?categoryNum=014010001,市级,采购公告,2026-09-09,重庆市公共资源交易网,2026-09-11 11:02:15
关于【云阳县南溪镇卫星社区2026年特色旅居乡村产业配套基础设施以工代赈项目】中选结果的公告,https://www.cqggzy.com/trade/014/BRII_5002350086579042608260697?categoryNum=014010002,云阳县,中选公告,2026-09-09,重庆市公共资源交易网,2026-09-11 11:02:15
关于为【城区人行道及附属设施改造工程可研编制服务】 公开选取【工程咨询】机构的公告,https://www.cqggzy.com/trade/014/PNII_5002267626713022609090522?categoryNum=014010001,荣昌区,采购公告,2026-09-09,重庆市公共资源交易网,2026-09-11 11:02:15
关于为【关于天空剧院公司（参股公司）财务咨询服务采购】 公开选取【会计师事务所服务】机构的公告,https://www.cqggzy.com/trade/014/PNII_5001155889435272609090597?categoryNum=014010001,长寿区,采购公告,2026-09-09,重庆市公共资源交易网,2026-09-11 11:02:15
关于为【联恩厂房消防系统维修改造项目施工图审查单位采购公告】 公开选取【施工图设计文件审查】机构的公告,https://www.cqggzy.com/trade/014/PNII_5001077339757022609090649?categoryNum=014010001,九龙坡区,采购公告,2026-09-09,重庆市公共资源交易网,2026-09-11 11:02:15
关于为【金洞乡金洞村水毁道路应急抢险项目】 公开选取【工程监理】机构的公告,https://www.cqggzy.com/trade/014/PNII_5001140091438332609090322?categoryNum=014010001,黔江区,采购公告,2026-09-09,重庆市公共资源交易网,2026-09-11 11:02:15
关于为【重庆金佛山山水文旅发展集团有限公司关于开展南川区头渡镇牵牛坪水厂管网延伸及改造工程地勘工作的比选公告】 公开选取【工程勘察】机构的公告,https://www.cqggzy.com/trade/014/PNII_5001196608761982609090596?categoryNum=014010001,南川区,采购公告,2026-09-09,重庆市公共资源交易网,2026-09-11 11:02:15
关于【云阳县南溪镇天河村2026年特色旅居乡村产业配套基础设施以工代赈项目】中选结果的公告,https://www.cqggzy.com/trade/014/BRII_5002350086579042608260660?categoryNum=014010002,云阳县,中选公告,2026-09-09,重庆市公共资源交易网,2026-09-11 11:02:16
关于【潼南区五桂镇倒狮社区至铜梁区双山镇道路加宽工程项目监理】中选结果的公告,https://www.cqggzy.com/trade/014/BRII_5002237717572042609030739?categoryNum=014010002,潼南区,中选公告,2026-09-09,重庆市公共资源交易网,2026-09-11 11:02:16
关于为【江津区李市镇龙吟污水处理厂完善用地手续】 公开选取【城乡规划编制】机构的公告,https://www.cqggzy.com/trade/014/PNII_5001167365831732609090570?categoryNum=014010001,江津区,采购公告,2026-09-09,重庆市公共资源交易网,2026-09-11 11:02:16
关于【云阳县南溪镇卫星社区2026年特色旅居乡村产业配套基础设施以工代赈项目】中选结果的公告,https://www.cqggzy.com/trade/014/BRII_5002350086579042608260701?categoryNum=014010002,云阳县,中选公告,2026-09-09,重庆市公共资源交易网,2026-09-11 11:02:16
关于为【少云镇大佛村2024年度乡村振兴泥结石路硬化项目结算审核采购】 公开选取【工程造价咨询】机构的公告,https://www.cqggzy.com/trade/014/PNII_500224ME16973572609090611?categoryNum=014010001,铜梁区,采购公告,2026-09-09,重庆市公共资源交易网,2026-09-11 11:02:16
关于为【巴南区龙洲湾高级中学项目竣工验收多测合一技术服务】 公开选取【竣工验收多测合一】机构的公告,https://www.cqggzy.com/trade/014/PNII_500113MAE6JL1H42609090505?categoryNum=014010001,巴南区,采购公告,2026-09-09,重庆市公共资源交易网,2026-09-11 11:02:16
关于为【重庆市涪陵区专门学校改扩建项目地勘】 公开选取【工程勘察】机构的公告,https://www.cqggzy.com/trade/014/PNII_500102MB0A680982609090594?categoryNum=014010001,涪陵区,采购公告,2026-09-09,重庆市公共资源交易网,2026-09-11 11:02:16
关于为【城口县厚坪乡庙坪村2027年度市级美丽移民村建设项目设计单位采购】 公开选取【工程设计】机构的公告,https://www.cqggzy.com/trade/014/PNII_5002295590261642609090632?categoryNum=014010001,城口县,采购公告,2026-09-09,重庆市公共资源交易网,2026-09-11 11:02:16
关于为【丰都县森林火灾高风险区综合治理建设项目整改】 公开选取【工程造价咨询】机构的公告,https://www.cqggzy.com/trade/014/PNII_5002300086863932609090633?categoryNum=014010001,丰都县,采购公告,2026-09-09,重庆市公共资源交易网,2026-09-11 11:02:16
关于【云阳县南溪镇卫星社区2026年特色旅居乡村产业配套基础设施以工代赈项目】中选结果的公告,https://www.cqggzy.com/trade/014/BRII_5002350086579042608260855?categoryNum=014010002,云阳县,中选公告,2026-09-09,重庆市公共资源交易网,2026-09-11 11:02:16
重庆人力资源服务产业园后勤保障服务(CQS26C02247)公开招标公告,https://www.cqggzy.com/trade/014/1673765002395561984?categoryNum=014005001,市级,采购公告,2026-09-09,重庆市公共资源交易网,2026-09-11 11:02:16
关于为【双福街道公(廉)租房维修改造项目试验检测】 公开选取【建设工程质量检测】机构的公告,https://www.cqggzy.com/trade/014/PNII_5001167474908022609090614?categoryNum=014010001,江津区,采购公告,2026-09-09,重庆市公共资源交易网,2026-09-11 11:02:16
重庆医科大学缙云校区同生礼堂LED大屏幕显示系统及舞台灯光系统(CQS26A02474)采购更正公告三号,https://www.cqggzy.com/trade/014/1673769908904964096?categoryNum=014005002,市级,答疑变更,2026-09-09,重庆市公共资源交易网,2026-09-11 11:02:18
关于为【江津区永兴镇庙上危岩应急排危处置项目】 公开选取【工程造价咨询】机构的公告,https://www.cqggzy.com/trade/014/PNII_5001160093209672609090612?categoryNum=014010001,江津区,采购公告,2026-09-09,重庆市公共资源交易网,2026-09-11 11:02:18
武汉协和重庆医院开办电器（通用电器）项目(LJQ26A00203)询价公告,https://www.cqggzy.com/trade/014/1673770549626843136?categoryNum=014005001,两江新区,采购公告,2026-09-09,重庆市公共资源交易网,2026-09-11 11:02:18
重庆电子科技职业大学光电检测实验室建设(CQS26A03062)中标（成交）结果公告,https://www.cqggzy.com/trade/014/1673764133671317504_1?categoryNum=014005004,市级,采购结果公告,2026-09-09,重庆市公共资源交易网,2026-09-11 11:02:18
关于为【酉阳县龙潭镇2026年赵庄社区河堤坝修复项目监理服务】 公开选取【工程监理】机构的公告,https://www.cqggzy.com/trade/014/PNII_50024275309171X2609090294?categoryNum=014010001,酉阳县,采购公告,2026-09-09,重庆市公共资源交易网,2026-09-11 11:02:18
关于为【万州区孙家镇天宝村便民服务中心建设项目】 公开选取【工程造价咨询】机构的公告,https://www.cqggzy.com/trade/014/PNII_500101MF221957X2609090236?categoryNum=014010001,万州区,采购公告,2026-09-09,重庆市公共资源交易网,2026-09-11 11:02:18
关于【云阳县南溪镇天河村2026年特色旅居乡村产业配套基础设施以工代赈项目】中选结果的公告,https://www.cqggzy.com/trade/014/BRII_5002350086579042608260839?categoryNum=014010002,云阳县,中选公告,2026-09-09,重庆市公共资源交易网,2026-09-11 11:02:18
关于为【渡B13/02地块剩余部分等6个地块可行性研究报告】 公开选取【管理和决策咨询】机构的公告,https://www.cqggzy.com/trade/014/PNII_5001157428958272609090624?categoryNum=014010001,长寿区,采购公告,2026-09-09,重庆市公共资源交易网,2026-09-11 11:02:18
打造两江新区就业公共服务能力提升示范项目(JBQ26C00081)公开招标公告,https://www.cqggzy.com/trade/014/1673756315228614656?categoryNum=014005001,两江新区,采购公告,2026-09-09,重庆市公共资源交易网,2026-09-11 11:02:18
关于为【酉阳县龙潭镇2026年人行便桥维修项目监理服务】 公开选取【工程监理】机构的公告,https://www.cqggzy.com/trade/014/PNII_50024275309171X2609090282?categoryNum=014010001,酉阳县,采购公告,2026-09-09,重庆市公共资源交易网,2026-09-11 11:02:18
关于【学生宿舍改造工程工程监理】中选结果的公告,https://www.cqggzy.com/trade/014/BRII_5002436992686832609020248?categoryNum=014010002,彭水县,中选公告,2026-09-09,重庆市公共资源交易网,2026-09-11 11:02:18
关于为【“低空+文旅”-专项规划编制】 公开选取【城乡规划编制】机构的公告,https://www.cqggzy.com/trade/014/PNII_5002345748397372609090599?categoryNum=014010001,开州区,采购公告,2026-09-09,重庆市公共资源交易网,2026-09-11 11:02:18
关于【铜梁区标准化畜禽集中屠宰园区配套附属设施建设项目招标代理】中选结果的公告,https://www.cqggzy.com/trade/014/BRII_500224MA5U8ARQ92609040284?categoryNum=014010002,铜梁区,中选公告,2026-09-09,重庆市公共资源交易网,2026-09-11 11:02:20
关于为【城区人行道及附属设施改造工程设计服务】 公开选取【工程设计】机构的公告,https://www.cqggzy.com/trade/014/PNII_5002267626713022609090536?categoryNum=014010001,荣昌区,采购公告,2026-09-09,重庆市公共资源交易网,2026-09-11 11:02:20
关于【綦江区赶水镇高标准农田补助项目（风门片区）】中选结果的公告,https://www.cqggzy.com/trade/014/BRII_5001100093120272608270507?categoryNum=014010002,綦江区,中选公告,2026-09-09,重庆市公共资源交易网,2026-09-11 11:02:20
关于【艺术公园、黄桷坪廉洁展览馆、民主村社区食堂项目购买服务（第三次）】中选结果的公告,https://www.cqggzy.com/trade/014/BRII_500107MAEJW78042609030473?categoryNum=014010002,九龙坡区,中选公告,2026-09-09,重庆市公共资源交易网,2026-09-11 11:02:20
关于【双桥经开区纸品市场城市更新项目一期（设计）】中选结果的公告,https://www.cqggzy.com/trade/014/BRII_50011175926372X2609040302?categoryNum=014010002,大足区,中选公告,2026-09-09,重庆市公共资源交易网,2026-09-11 11:02:20
关于【解放碑地下环道两年期综合运维设计咨询单位】中选结果的公告,https://www.cqggzy.com/trade/014/BRII_500103MACHM0LF02609040348?categoryNum=014010002,渝中区,中选公告,2026-09-09,重庆市公共资源交易网,2026-09-11 11:02:20
血液透析机(BBQ26A00340)废标公告,https://www.cqggzy.com/trade/014/1673768882835599360?categoryNum=014005004,北碚区,采购结果公告,2026-09-09,重庆市公共资源交易网,2026-09-11 11:02:20
关于为【江津花椒标准化加工中心建设项目工程预算编制服务】 公开选取【工程造价咨询】机构的公告,https://www.cqggzy.com/trade/014/PNII_500116MA5UP0AP82609090620?categoryNum=014010001,江津区,采购公告,2026-09-09,重庆市公共资源交易网,2026-09-11 11:02:20
关于为【万州区孙家镇天宝村便民服务中心建设项目】 公开选取【工程造价咨询】机构的公告,https://www.cqggzy.com/trade/014/PNII_500101MF221957X2609090245?categoryNum=014010001,万州区,采购公告,2026-09-09,重庆市公共资源交易网,2026-09-11 11:02:20
重庆市九龙坡区人民医院年度打印机耗材及打印机维修服务(JLP26A00397)中标（成交）结果澄清公告,https://www.cqggzy.com/trade/014/1673765353072930816?categoryNum=014005002,九龙坡区,答疑变更,2026-09-09,重庆市公共资源交易网,2026-09-11 11:02:20
胃肠镜维保服务（第三次）(NCQ26C00015)竞争性磋商公告,https://www.cqggzy.com/trade/014/1673768548599902208?categoryNum=014005001,南川区,采购公告,2026-09-09,重庆市公共资源交易网,2026-09-11 11:02:20
关于为【黄桷坪长江大桥等六项目项目智慧管理智能监控指挥中心建设方案编制】 公开选取【工程设计】机构的公告,https://www.cqggzy.com/trade/014/PNII_500103MA611ABL32609090617?categoryNum=014010001,渝中区,采购公告,2026-09-09,重庆市公共资源交易网,2026-09-11 11:02:20
关于为【重庆市巫溪县农村规模化供水及饮水质量提升项目（南部片区）】 公开选取【工程造价咨询】机构的公告,https://www.cqggzy.com/trade/014/PNII_5002387562254532609090595?categoryNum=014010001,巫溪县,采购公告,2026-09-09,重庆市公共资源交易网,2026-09-11 11:02:22
关于为【收购重庆鹏龙股权投资基金合伙企业（有限合伙）的法律尽职调查】 公开选取【律师事务所服务】机构的公告,https://www.cqggzy.com/trade/014/PNII_5002246889306512609090583?categoryNum=014010001,铜梁区,采购公告,2026-09-09,重庆市公共资源交易网,2026-09-11 11:02:22
2026年度重庆市人事考试网上报名代收代缴服务(CQS26C02478)公开招标公告,https://www.cqggzy.com/trade/014/1673762404405915648?categoryNum=014005001,市级,采购公告,2026-09-09,重庆市公共资源交易网,2026-09-11 11:02:22
关于【沙坪坝区D01单元02街区A12-3-1、A12-3-2、A12-5-2等地块古树名木、古树名木后备资源及大树资源等方面涉绿普查】中选结果的公告,https://www.cqggzy.com/trade/014/BRII_5001067626731802609020434?categoryNum=014010002,沙坪坝区,中选公告,2026-09-09,重庆市公共资源交易网,2026-09-11 11:02:22
关于【重庆市江津区鼎山街道艾坪山片区内涝治理工程水土保持方案编制和水土保持监测及洪水影响评价服务单位采购】中选结果的公告,https://www.cqggzy.com/trade/014/BRII_500116MB1H702922609040534?categoryNum=014010002,江津区,中选公告,2026-09-09,重庆市公共资源交易网,2026-09-11 11:02:22
关于为【江津区李市镇污水处理厂完善用地手续】 公开选取【城乡规划编制】机构的公告,https://www.cqggzy.com/trade/014/PNII_5001167365831732609090525?categoryNum=014010001,江津区,采购公告,2026-09-09,重庆市公共资源交易网,2026-09-11 11:02:22
2026年普通国省道养护项目设计技术审查(CQS26C01784)中标（成交）结果公告,https://www.cqggzy.com/trade/014/1673763823380901888_3?categoryNum=014005004,市级,采购结果公告,2026-09-09,重庆市公共资源交易网,2026-09-11 11:02:22
2026年普通国省道养护项目设计技术审查(CQS26C01784)中标（成交）结果公告,https://www.cqggzy.com/trade/014/1673763823380901888_2?categoryNum=014005004,市级,采购结果公告,2026-09-09,重庆市公共资源交易网,2026-09-11 11:02:22
2026年普通国省道养护项目设计技术审查(CQS26C01784)中标（成交）结果公告,https://www.cqggzy.com/trade/014/1673763823380901888_1?categoryNum=014005004,市级,采购结果公告,2026-09-09,重庆市公共资源交易网,2026-09-11 11:02:22
重庆市开州区职业教育中心学生宿舍及教学用房改扩建项目相关设施设备采购项目(KZQ26A00541)采购更正公告,https://www.cqggzy.com/trade/014/1673766552199278592?categoryNum=014005002,开州区,答疑变更,2026-09-09,重庆市公共资源交易网,2026-09-11 11:02:22
关于【重庆市沙坪坝区中西医结合医院医养结合项目桩基完整性平行检测】中选结果的公告,https://www.cqggzy.com/trade/014/BRII_5001065042822322608240326?categoryNum=014010002,沙坪坝区,中选公告,2026-09-09,重庆市公共资源交易网,2026-09-11 11:02:22
关于【重庆市开州区竹溪初级中学教学楼A栋、学生寝室北面外墙及屋顶漏水维修项目结算审核采购说明】中选结果的公告,https://www.cqggzy.com/trade/014/BRII_5002346689383572608290009?categoryNum=014010002,开州区,中选公告,2026-09-09,重庆市公共资源交易网,2026-09-11 11:02:22
关于【忠县集镇东溪镇姜维路A栋、复兴镇复兴、石宝镇大梁街迁建小区安全隐患治理工程设计】中选结果的公告,https://www.cqggzy.com/trade/014/BRII_5002335868532022609040535?categoryNum=014010002,忠县,中选公告,2026-09-09,重庆市公共资源交易网,2026-09-11 11:02:24
关于【云阳县泥溪河段水环境综合治理项目初步设计服务】中选结果的公告,https://www.cqggzy.com/trade/014/BRII_5002350086578242609070283?categoryNum=014010002,云阳县,中选公告,2026-09-09,重庆市公共资源交易网,2026-09-11 11:02:24
1号学生公寓学生床(TNQ26A00255)中标（成交）结果公告,https://www.cqggzy.com/trade/014/1673766449682100224_1?categoryNum=014005004,潼南区,采购结果公告,2026-09-09,重庆市公共资源交易网,2026-09-11 11:02:24
关于【五布河流域小观场镇段河道综合整治工程可研评审】中选结果的公告,https://www.cqggzy.com/trade/014/BRII_5001130093071642609040044?categoryNum=014010002,巴南区,中选公告,2026-09-09,重庆市公共资源交易网,2026-09-11 11:02:24
关于【西河镇2026年森林防火道路维修项目】中选结果的公告,https://www.cqggzy.com/trade/014/BRII_5002247094720992609040273?categoryNum=014010002,铜梁区,中选公告,2026-09-09,重庆市公共资源交易网,2026-09-11 11:02:24
关于【重庆市江津区鼎山街道艾坪山片区内涝治理工程检测和监测服务单位采购】中选结果的公告,https://www.cqggzy.com/trade/014/BRII_500116MB1H702922609040520?categoryNum=014010002,江津区,中选公告,2026-09-09,重庆市公共资源交易网,2026-09-11 11:02:24
关于【重庆市江津区鼎山街道艾坪山片区内涝治理工程水土保持设施验收服务单位采购】中选结果的公告,https://www.cqggzy.com/trade/014/BRII_500116MB1H702922609040559?categoryNum=014010002,江津区,中选公告,2026-09-09,重庆市公共资源交易网,2026-09-11 11:02:24
关于为【木凉伞水库改造提升项目前期工作】 公开选取【工程设计】机构的公告,https://www.cqggzy.com/trade/014/PNII_5001197688944192609090573?categoryNum=014010001,南川区,采购公告,2026-09-09,重庆市公共资源交易网,2026-09-11 11:02:24
关于为【永川区民主水库分析评估服务】 公开选取【工程设计，工程勘察】机构的公告,https://www.cqggzy.com/trade/014/PNII_5001187659049252609090526?categoryNum=014010001,永川区,采购公告,2026-09-09,重庆市公共资源交易网,2026-09-11 11:02:24
关于为【农畜产品加工区平台项目和荣昌猪精深加工区建设项目竣工测绘】 公开选取【测绘】机构的公告,https://www.cqggzy.com/trade/014/PNII_5002260661650432609090541?categoryNum=014010001,荣昌区,采购公告,2026-09-09,重庆市公共资源交易网,2026-09-11 11:02:24
关于为【2026年龙潭镇产业路】 公开选取【工程监理】机构的公告,https://www.cqggzy.com/trade/014/PNII_50024275309171X2609090260?categoryNum=014010001,酉阳县,采购公告,2026-09-09,重庆市公共资源交易网,2026-09-11 11:02:24
关于为【忠县新生街道新生社区基础设施完善工程】 公开选取【招标代理】机构的公告,https://www.cqggzy.com/trade/014/PNII_5002337093219602609090546?categoryNum=014010001,忠县,采购公告,2026-09-09,重庆市公共资源交易网,2026-09-11 11:02:24
关于为【荣昌猪高值化利用中试验证平台建设项目】 公开选取【招标代理】机构的公告,https://www.cqggzy.com/trade/014/PNII_500226MB1M266912609090139?categoryNum=014010001,荣昌区,采购公告,2026-09-09,重庆市公共资源交易网,2026-09-11 11:02:25
关于为【新南门车站等5个充电站配电建设工程】 公开选取【工程造价咨询】机构的公告,https://www.cqggzy.com/trade/014/PNII_5002246965538092609090568?categoryNum=014010001,铜梁区,采购公告,2026-09-09,重庆市公共资源交易网,2026-09-11 11:02:25
关于【忠县集镇东溪镇姜维路A栋、复兴镇复兴、石宝镇大梁街迁建小区安全隐患治理工程测绘】中选结果的公告,https://www.cqggzy.com/trade/014/BRII_5002335868532022609040526?categoryNum=014010002,忠县,中选公告,2026-09-09,重庆市公共资源交易网,2026-09-11 11:02:25
关于【忠县县城忠州街道红星统建房小区、白公街道怡心园等5个迁建小区安全隐患治理工程测绘服务单位】中选结果的公告,https://www.cqggzy.com/trade/014/BRII_5002335868532022609040508?categoryNum=014010002,忠县,中选公告,2026-09-09,重庆市公共资源交易网,2026-09-11 11:02:25
关于为【徐家沟水库改造提升项目前期工作】 公开选取【工程设计】机构的公告,https://www.cqggzy.com/trade/014/PNII_5001197688944192609090551?categoryNum=014010001,南川区,采购公告,2026-09-09,重庆市公共资源交易网,2026-09-11 11:02:25
关于【三、奉节县诗城西路连片老旧小区出行安全改造项目（施工招标代理）】中选结果的公告,https://www.cqggzy.com/trade/014/BRII_500236MB19206262609040484?categoryNum=014010002,奉节县,中选公告,2026-09-09,重庆市公共资源交易网,2026-09-11 11:02:25
关于【中船重庆枢纽港清洁能源装备产业基地修缮二期项目】中选结果的公告,https://www.cqggzy.com/trade/014/BRII_5001162035809222609070280?categoryNum=014010002,江津区,中选公告,2026-09-09,重庆市公共资源交易网,2026-09-11 11:02:25
关于为【重庆盛顺肉类加工有限责任公司房屋安全鉴定】 公开选取【建设工程质量检测】机构的公告,https://www.cqggzy.com/trade/014/PNII_5001143315711662609090608?categoryNum=014010001,黔江区,采购公告,2026-09-09,重庆市公共资源交易网,2026-09-11 11:02:25
关于为【2026年下半年开州区生活垃圾处理设施第三方监管服务】 公开选取【管理和决策咨询】机构的公告,https://www.cqggzy.com/trade/014/PNII_500234MB13070042609090549?categoryNum=014010001,开州区,采购公告,2026-09-09,重庆市公共资源交易网,2026-09-11 11:02:25
关于为【劳动村地块土壤污染调查】 公开选取【污染场地评估咨询与治理修复】机构的公告,https://www.cqggzy.com/trade/014/PNII_5001077428661102609090567?categoryNum=014010001,九龙坡区,采购公告,2026-09-09,重庆市公共资源交易网,2026-09-11 11:02:25
关于为【忠县新生街道香水社区农村基础设施建设工程】 公开选取【招标代理】机构的公告,https://www.cqggzy.com/trade/014/PNII_5002337093219602609090593?categoryNum=014010001,忠县,采购公告,2026-09-09,重庆市公共资源交易网,2026-09-11 11:02:25
关于为【彭家沟水库改造提升项目前期工作】 公开选取【工程设计】机构的公告,https://www.cqggzy.com/trade/014/PNII_5001197688944192609090564?categoryNum=014010001,南川区,采购公告,2026-09-09,重庆市公共资源交易网,2026-09-11 11:02:25
关于【丰都县公共实训基地建设项目选址及详规修改】中选结果的公告,https://www.cqggzy.com/trade/014/BRII_5002304520264392608250813?categoryNum=014010002,丰都县,中选公告,2026-09-09,重庆市公共资源交易网,2026-09-11 11:02:28
关于【原江北区国土空间三维实景图三级图建设采购】中选结果的公告,https://www.cqggzy.com/trade/014/BRII_500112MB15848532609040209?categoryNum=014010002,渝北区,中选公告,2026-09-09,重庆市公共资源交易网,2026-09-11 11:02:28
重庆市碳排放权交易2026年9月9日成交信息,https://www.cqggzy.com/trade/014/77a9f782-8d40-472b-9fa2-905c1946a1d4?categoryNum=014006004,市级,成交信息,2026-09-09,重庆市公共资源交易网,2026-09-11 11:02:28
关于为【今时云公司实控人股权回购履约能力法律尽职调查服务】 公开选取【律师事务所服务，基层法律服务】机构的公告,https://www.cqggzy.com/trade/014/PNII_5001167474908022609090580?categoryNum=014010001,江津区,采购公告,2026-09-09,重庆市公共资源交易网,2026-09-11 11:02:28
2026重庆城市足球超级联赛高新区赛事安全保障服务(GXQ26C00273)竞争性磋商公告,https://www.cqggzy.com/trade/014/1673752014007611392?categoryNum=014005001,高新区,采购公告,2026-09-09,重庆市公共资源交易网,2026-09-11 11:02:28
秀山县县域紧密型医共体健康服务中心项目(XSX26C00052)公开招标公告,https://www.cqggzy.com/trade/014/1673763040665055232?categoryNum=014005001,秀山县,采购公告,2026-09-09,重庆市公共资源交易网,2026-09-11 11:02:28
2026年江津区粮食作物重大病虫害应急防控物资采购(JJQ26A00922)询价公告,https://www.cqggzy.com/trade/014/1673762970490155008?categoryNum=014005001,江津区,采购公告,2026-09-09,重庆市公共资源交易网,2026-09-11 11:02:28
关于为【白果湾水库改造提升项目前期工作】 公开选取【工程设计】机构的公告,https://www.cqggzy.com/trade/014/PNII_5001197688944192609090527?categoryNum=014010001,南川区,采购公告,2026-09-09,重庆市公共资源交易网,2026-09-11 11:02:28
关于为【巫溪G347墨斗至七星段改建工程项目(二标段)报批先行用地(含办理先行林草地意见)技术服务】 公开选取【土地规划】机构的公告,https://www.cqggzy.com/trade/014/PNII_500238MACRDLFK02609090553?categoryNum=014010001,巫溪县,采购公告,2026-09-09,重庆市公共资源交易网,2026-09-11 11:02:28
关于为【永川区民兴水库分析评估服务】 公开选取【工程设计，工程勘察】机构的公告,https://www.cqggzy.com/trade/014/PNII_5001187659049252609090562?categoryNum=014010001,永川区,采购公告,2026-09-09,重庆市公共资源交易网,2026-09-11 11:02:28
关于为【万州区甘宁镇2026年农村供水保障工程】 公开选取【招标代理】机构的公告,https://www.cqggzy.com/trade/014/PNII_5001017748738332609090585?categoryNum=014010001,万州区,采购公告,2026-09-09,重庆市公共资源交易网,2026-09-11 11:02:28
关于为【永川区团结水库分析评估服务】 公开选取【工程设计，工程勘察】机构的公告,https://www.cqggzy.com/trade/014/PNII_5001187659049252609090542?categoryNum=014010001,永川区,采购公告,2026-09-09,重庆市公共资源交易网,2026-09-11 11:02:28
关于为【奉节县永乐镇2026年消费帮扶优质产区脐橙基础设施以工代赈项目】 公开选取【工程造价咨询】机构的公告,https://www.cqggzy.com/trade/014/PNII_500236MB1M388442609090592?categoryNum=014010001,奉节县,采购公告,2026-09-09,重庆市公共资源交易网,2026-09-11 11:02:29
关于为【神龟峡景区旅游基础设施（栈道及上下河梯道）隧洞部分设计】 公开选取【工程设计】机构的公告,https://www.cqggzy.com/trade/014/PNII_500114MA5U46AQ82609090579?categoryNum=014010001,黔江区,采购公告,2026-09-09,重庆市公共资源交易网,2026-09-11 11:02:29
关于为【石柱县工业园区用户侧储能建设项目融资可行性研究报告】 公开选取【工程咨询】机构的公告,https://www.cqggzy.com/trade/014/PNII_500240MA60G3QY72609090461?categoryNum=014010001,石柱县,采购公告,2026-09-09,重庆市公共资源交易网,2026-09-11 11:02:29
关于为【桃花源新城双福片区3号建筑垃圾消纳场】 公开选取【测绘】机构的公告,https://www.cqggzy.com/trade/014/PNII_500242MA609DA652609090487?categoryNum=014010001,酉阳县,采购公告,2026-09-09,重庆市公共资源交易网,2026-09-11 11:02:29
关于【重庆市大足区龙岗明德小学危房拆除及改造工程价格咨询服务】中选结果的公告,https://www.cqggzy.com/trade/014/BRII_50011145066746X2609030241?categoryNum=014010002,大足区,中选公告,2026-09-09,重庆市公共资源交易网,2026-09-11 11:02:29
关于【永川区红炉镇聘请安全生产专家开展全镇企业安全隐患排查技术服务】中选结果的公告,https://www.cqggzy.com/trade/014/BRII_5001180093382432609030732?categoryNum=014010002,永川区,中选公告,2026-09-09,重庆市公共资源交易网,2026-09-11 11:02:29
关于为【今时云项目实控人股权回购履约能力财务尽职调查服务】 公开选取【会计师事务所服务】机构的公告,https://www.cqggzy.com/trade/014/PNII_5001167474908022609090556?categoryNum=014010001,江津区,采购公告,2026-09-09,重庆市公共资源交易网,2026-09-11 11:02:29
关于【丰都县2026年市级财政常态化帮扶资金推进农村生活垃圾治理重点项目】中选结果的公告,https://www.cqggzy.com/trade/014/BRII_5002307398380712609040475?categoryNum=014010002,丰都县,中选公告,2026-09-09,重庆市公共资源交易网,2026-09-11 11:02:29
关于为【北碚区2026年金刀峡镇高标准农田异地补建项目工程监理单位采购方案】 公开选取【工程监理】机构的公告,https://www.cqggzy.com/trade/014/PNII_5001090092989822609090547?categoryNum=014010001,北碚区,采购公告,2026-09-09,重庆市公共资源交易网,2026-09-11 11:02:29
关于为【云阳县大阳至渝巴路口段公路改建工程等5个项目环境竣工验收服务采购】 公开选取【建设项目环境影响评价】机构的公告,https://www.cqggzy.com/trade/014/PNII_5002357116750472609090485?categoryNum=014010001,云阳县,采购公告,2026-09-09,重庆市公共资源交易网,2026-09-11 11:02:29
重庆市公安局装备资产管理系统(CQS26C01913)中标（成交）结果公告,https://www.cqggzy.com/trade/014/1673759228910940160_1?categoryNum=014005004,市级,采购结果公告,2026-09-09,重庆市公共资源交易网,2026-09-11 11:02:29
关于为【重庆市渝东北三峡库区森林草原防灭火专业设施建设项目（梁平区）招标代理】 公开选取【招标代理】机构的公告,https://www.cqggzy.com/trade/014/PNII_5002280086523962609090529?categoryNum=014010001,梁平区,采购公告,2026-09-09,重庆市公共资源交易网,2026-09-11 11:02:29
关于为【永川区三星水库分析评估服务】 公开选取【工程设计，工程勘察】机构的公告,https://www.cqggzy.com/trade/014/PNII_5001187659049252609090554?categoryNum=014010001,永川区,采购公告,2026-09-09,重庆市公共资源交易网,2026-09-11 11:02:31
关于【重庆市奉节永安中学校南校区科技楼设备购置项目】中选结果的公告,https://www.cqggzy.com/trade/014/BRII_50023645187417X2609020009?categoryNum=014010002,奉节县,中选公告,2026-09-09,重庆市公共资源交易网,2026-09-11 11:02:31
南岸区城市管理综合行政执法支队2026-2027年食堂食材配送服务采购(NAQ26C00192)中标（成交）结果公告,https://www.cqggzy.com/trade/014/1673761287416623104_1?categoryNum=014005004,南岸区,采购结果公告,2026-09-09,重庆市公共资源交易网,2026-09-11 11:02:31
关于为【奉节县三马山片区城市更新策划方案（方案设计）】 公开选取【工程设计，宣传设计服务】机构的公告,https://www.cqggzy.com/trade/014/PNII_500236MB19206262609090490?categoryNum=014010001,奉节县,采购公告,2026-09-09,重庆市公共资源交易网,2026-09-11 11:02:31
重庆市秀山县第二轮土地承包到期后再延长30年试点技术服务项目(XSX26C00051)采购更正公告,https://www.cqggzy.com/trade/014/1673760860885266432?categoryNum=014005002,秀山县,答疑变更,2026-09-09,重庆市公共资源交易网,2026-09-11 11:02:31
2026年常态化帮扶项目咨询和农业项目验收服务采购项目(YOY26C00038)流标结果公告,https://www.cqggzy.com/trade/014/1673760777259233280_1?categoryNum=014005004,酉阳县,采购结果公告,2026-09-09,重庆市公共资源交易网,2026-09-11 11:02:31
关于【石柱县鱼池镇2026年乡村道路硬化以工代赈项目结算审核服务】中选结果的公告,https://www.cqggzy.com/trade/014/BRII_5002407116439422609040495?categoryNum=014010002,石柱县,中选公告,2026-09-09,重庆市公共资源交易网,2026-09-11 11:02:31
关于【建筑材料航运业务招标代理服务采购】中选结果的公告,https://www.cqggzy.com/trade/014/BRII_500235MA60UADE62609040012?categoryNum=014010002,云阳县,中选公告,2026-09-09,重庆市公共资源交易网,2026-09-11 11:02:31
关于为【永川区郑家楼水库分析评估服务】 公开选取【工程设计，工程勘察】机构的公告,https://www.cqggzy.com/trade/014/PNII_5001187659049252609090514?categoryNum=014010001,永川区,采购公告,2026-09-09,重庆市公共资源交易网,2026-09-11 11:02:31
关于为【永川区小桥水库分析评估服务】 公开选取【工程设计，工程勘察】机构的公告,https://www.cqggzy.com/trade/014/PNII_5001187659049252609090493?categoryNum=014010001,永川区,采购公告,2026-09-09,重庆市公共资源交易网,2026-09-11 11:02:31
关于为【万州区城镇天然气企业安全风险评估】 公开选取【安全评价】机构的公告,https://www.cqggzy.com/trade/014/PNII_500101MB0N1725X2609090530?categoryNum=014010001,万州区,采购公告,2026-09-09,重庆市公共资源交易网,2026-09-11 11:02:31
关于【重庆市荣昌区清升镇中心小学食堂维修维护改造预算】中选结果的公告,https://www.cqggzy.com/trade/014/BRII_5002267688935392609040506?categoryNum=014010002,荣昌区,中选公告,2026-09-09,重庆市公共资源交易网,2026-09-11 11:02:31
关于为【大足区三驱镇中心小学校门围墙排危改造工程 结算审核】 公开选取【工程造价咨询】机构的公告,https://www.cqggzy.com/trade/014/PNII_5001114506662482609090543?categoryNum=014010001,大足区,采购公告,2026-09-09,重庆市公共资源交易网,2026-09-11 11:02:33
关于为【铜罐驿镇铜罐片区、冬笋坝片区老旧小区改造项目造价全过程控制单位采购服务】 公开选取【工程造价咨询】机构的公告,https://www.cqggzy.com/trade/014/PNII_50010777845656X2609090463?categoryNum=014010001,九龙坡区,采购公告,2026-09-09,重庆市公共资源交易网,2026-09-11 11:02:33
关于为【大足区2026年重点项目绩效评价包3】 公开选取【会计师事务所服务】机构的公告,https://www.cqggzy.com/trade/014/PNII_5001110532178602609090538?categoryNum=014010001,大足区,采购公告,2026-09-09,重庆市公共资源交易网,2026-09-11 11:02:33
关于为【大足区2026年重点项目绩效评价包4】 公开选取【会计师事务所服务】机构的公告,https://www.cqggzy.com/trade/014/PNII_5001110532178602609090548?categoryNum=014010001,大足区,采购公告,2026-09-09,重庆市公共资源交易网,2026-09-11 11:02:33
关于为【万州区武陵镇美丽城镇建设项目（全过程控制）】 公开选取【工程造价咨询】机构的公告,https://www.cqggzy.com/trade/014/PNII_5001017365971532609090550?categoryNum=014010001,万州区,采购公告,2026-09-09,重庆市公共资源交易网,2026-09-11 11:02:33
关于【国道G243垫江县沙坪至澄溪段新改建工程（一期）县城段土地划拨成本审核】中选结果的公告,https://www.cqggzy.com/trade/014/BRII_5002317562074152609040181?categoryNum=014010002,垫江县,中选公告,2026-09-09,重庆市公共资源交易网,2026-09-11 11:02:33
关于为【云阳县清水土家族乡大堰村组级公路升级改造安全提升工程滑坡路段应急抢险工程结算审核】 公开选取【工程造价咨询】机构的公告,https://www.cqggzy.com/trade/014/PNII_5002357428741292609090519?categoryNum=014010001,云阳县,采购公告,2026-09-09,重庆市公共资源交易网,2026-09-11 11:02:33
关于为【城口县生态文明建设示范区复核技术服务单位采购】 公开选取【管理和决策咨询】机构的公告,https://www.cqggzy.com/trade/014/PNII_500229MB19133972609090518?categoryNum=014010001,城口县,采购公告,2026-09-09,重庆市公共资源交易网,2026-09-11 11:02:33
关于为【重庆市涪陵城建建筑工程有限公司劳务分包单位入库招标代理】 公开选取【招标代理】机构的公告,https://www.cqggzy.com/trade/014/PNII_5001022085506502609090508?categoryNum=014010001,涪陵区,采购公告,2026-09-09,重庆市公共资源交易网,2026-09-11 11:02:33
关于为【重庆市潼南区桂林街道井田社区共谊北都消防整改工程】 公开选取【招标代理，工程建设项目招标代理】机构的公告,https://www.cqggzy.com/trade/014/PNII_500223MEA3023072609090535?categoryNum=014010001,潼南区,采购公告,2026-09-09,重庆市公共资源交易网,2026-09-11 11:02:33
关于为【万州区武陵镇美丽城镇建设项目（工程监理）】 公开选取【工程监理】机构的公告,https://www.cqggzy.com/trade/014/PNII_5001017365971532609090520?categoryNum=014010001,万州区,采购公告,2026-09-09,重庆市公共资源交易网,2026-09-11 11:02:33
关于为【大足区三驱小学运动场改造工程 结算审核】 公开选取【工程造价咨询】机构的公告,https://www.cqggzy.com/trade/014/PNII_5001114506662482609090521?categoryNum=014010001,大足区,采购公告,2026-09-09,重庆市公共资源交易网,2026-09-11 11:02:33
古南中学功能室设施设备采购(第四次）(QJQ25A00730)询价公告,https://www.cqggzy.com/trade/014/1673759683871289344?categoryNum=014005001,綦江区,采购公告,2026-09-09,重庆市公共资源交易网,2026-09-11 11:02:34
关于为【大足区2026年重点项目绩效评价包2】 公开选取【会计师事务所服务】机构的公告,https://www.cqggzy.com/trade/014/PNII_5001110532178602609090528?categoryNum=014010001,大足区,采购公告,2026-09-09,重庆市公共资源交易网,2026-09-11 11:02:34
关于为【紫金御园1#商业1-商业3房屋买卖合同商业公摊面积纠纷法律事务委托单位采购】 公开选取【律师事务所服务】机构的公告,https://www.cqggzy.com/trade/014/PNII_5002355979669902609090517?categoryNum=014010001,云阳县,采购公告,2026-09-09,重庆市公共资源交易网,2026-09-11 11:02:34
关于为【大足区2026年重点项目绩效评价包1】 公开选取【会计师事务所服务】机构的公告,https://www.cqggzy.com/trade/014/PNII_5001110532178602609090509?categoryNum=014010001,大足区,采购公告,2026-09-09,重庆市公共资源交易网,2026-09-11 11:02:34
关于为【永川区花滩水库分析评估服务】 公开选取【工程设计，工程勘察】机构的公告,https://www.cqggzy.com/trade/014/PNII_5001187659049252609090462?categoryNum=014010001,永川区,采购公告,2026-09-09,重庆市公共资源交易网,2026-09-11 11:02:34
关于为【东江水库改造提升项目前提工作】 公开选取【工程设计】机构的公告,https://www.cqggzy.com/trade/014/PNII_5001197688944192609090512?categoryNum=014010001,南川区,采购公告,2026-09-09,重庆市公共资源交易网,2026-09-11 11:02:34
关于为【2026年梁平区多功能运动场、气排球场、羽毛球场项目】 公开选取【工程设计】机构的公告,https://www.cqggzy.com/trade/014/PNII_500228MB1D036352609070961?categoryNum=014010001,梁平区,采购公告,2026-09-09,重庆市公共资源交易网,2026-09-11 11:02:34
关于【小安溪流域水质提升技术方案采购】中选结果的公告,https://www.cqggzy.com/trade/014/BRII_5002244506297622609040065?categoryNum=014010002,铜梁区,中选公告,2026-09-09,重庆市公共资源交易网,2026-09-11 11:02:34
关于为【2026年彭水县红薯脱毒种薯繁育中心项目设备安装及室外工程项目】 公开选取【招标代理】机构的公告,https://www.cqggzy.com/trade/014/PNII_5002430091539272609090513?categoryNum=014010001,彭水县,采购公告,2026-09-09,重庆市公共资源交易网,2026-09-11 11:02:34
关于为【城口县“绿水青山就是金山银山”实践创新基地建设技术服务单位采购】 公开选取【管理和决策咨询】机构的公告,https://www.cqggzy.com/trade/014/PNII_500229MB19133972609090501?categoryNum=014010001,城口县,采购公告,2026-09-09,重庆市公共资源交易网,2026-09-11 11:02:34
关于为【2026年梁平区多功能运动场、气排球场、羽毛球场项目】 公开选取【工程造价咨询】机构的公告,https://www.cqggzy.com/trade/014/PNII_500228MB1D036352609070947?categoryNum=014010001,梁平区,采购公告,2026-09-09,重庆市公共资源交易网,2026-09-11 11:02:34
关于为【川渝东北（开州）检验检测中心一期建设工程设计】 公开选取【工程设计】机构的公告,https://www.cqggzy.com/trade/014/PNII_5002347842266722609090301?categoryNum=014010001,开州区,采购公告,2026-09-09,重庆市公共资源交易网,2026-09-11 11:02:34
中共重庆市两江新区区委宣传部2026年两江新区惠民电影放映工作(YBQ26C00049)结果公告,https://www.cqggzy.com/trade/014/1673758911364378624_1?categoryNum=014005004,两江新区,采购结果公告,2026-09-09,重庆市公共资源交易网,2026-09-11 11:02:36
关于为【川渝东北（开州）检验检测中心一期建设工程监理】 公开选取【工程监理】机构的公告,https://www.cqggzy.com/trade/014/PNII_5002347842266722609090370?categoryNum=014010001,开州区,采购公告,2026-09-09,重庆市公共资源交易网,2026-09-11 11:02:36
关于为【重庆市荣昌区安富街道垭口村“三兴村”建设项目招标代理】 公开选取【招标代理】机构的公告,https://www.cqggzy.com/trade/014/PNII_5002267592632282609090494?categoryNum=014010001,荣昌区,采购公告,2026-09-09,重庆市公共资源交易网,2026-09-11 11:02:36
关于为【川渝东北（开州）检验检测中心一期建设工程预算编制】 公开选取【工程造价咨询】机构的公告,https://www.cqggzy.com/trade/014/PNII_5002347842266722609090381?categoryNum=014010001,开州区,采购公告,2026-09-09,重庆市公共资源交易网,2026-09-11 11:02:36
关于为【南川区G353博览城至福南桥段改建工程弃土场失事影响专题分析报告编制】 公开选取【地质灾害防治】机构的公告,https://www.cqggzy.com/trade/014/PNII_500119MA60FC4592609090373?categoryNum=014010001,南川区,采购公告,2026-09-09,重庆市公共资源交易网,2026-09-11 11:02:36
关于【重庆（璧山）绿色低碳材料产业园#5场地挡墙安评服务】中选结果的公告,https://www.cqggzy.com/trade/014/BRII_500227MA5YN16N12609030381?categoryNum=014010002,璧山区,中选公告,2026-09-09,重庆市公共资源交易网,2026-09-11 11:02:36
关于【重庆市第九十五初级中学校课桌椅采购】中选结果的公告,https://www.cqggzy.com/trade/014/BRII_5001044504269732609030791?categoryNum=014010002,大渡口区,中选公告,2026-09-09,重庆市公共资源交易网,2026-09-11 11:02:36
关于【石柱县龙潭乡历史遗留采矿弃石堆场原位整治项目】中选结果的公告,https://www.cqggzy.com/trade/014/BRII_500240MA60G3QY72609070065?categoryNum=014010002,石柱县,中选公告,2026-09-09,重庆市公共资源交易网,2026-09-11 11:02:36
关于为【重庆市沙坪坝区军休干部服务活动用房功能改造项目概算、预算编制需求说明】 公开选取【工程造价咨询】机构的公告,https://www.cqggzy.com/trade/014/PNII_5001066786668182609090344?categoryNum=014010001,沙坪坝区,采购公告,2026-09-09,重庆市公共资源交易网,2026-09-11 11:02:36
定制文创冰淇淋项目（第二次） 成交结果公告,https://www.cqggzy.com/trade/014/17889395519037419031?categoryNum=014012004,永川区,结果公告,2026-09-09,重庆市公共资源交易网,2026-09-11 11:02:36
关于为【重庆市两江新区技术合同登记便企咨询及支撑委托服务】 公开选取【管理和决策咨询，信息咨询和技术服务】机构的公告,https://www.cqggzy.com/trade/014/PNII_500105MB15761402609090445?categoryNum=014010001,江北区,采购公告,2026-09-09,重庆市公共资源交易网,2026-09-11 11:02:36
关于为【开州区税务局临江税务所综合业务办公用房整治项目】 公开选取【工程造价咨询】机构的公告,https://www.cqggzy.com/trade/014/PNII_500234MB15473312609090459?categoryNum=014010001,开州区,采购公告,2026-09-09,重庆市公共资源交易网,2026-09-11 11:02:36
关于【2026-409#某道路工程（预算）】中选结果的公告,https://www.cqggzy.com/trade/014/BRII_5002236814909052609020876?categoryNum=014010002,潼南区,中选公告,2026-09-09,重庆市公共资源交易网,2026-09-11 11:02:38
关于【2026-408#某灌区抢修工程（预算）】中选结果的公告,https://www.cqggzy.com/trade/014/BRII_5002236814909052609020874?categoryNum=014010002,潼南区,中选公告,2026-09-09,重庆市公共资源交易网,2026-09-11 11:02:38
关于【2026-407#某配电工程（结算）】中选结果的公告,https://www.cqggzy.com/trade/014/BRII_5002236814909052609020870?categoryNum=014010002,潼南区,中选公告,2026-09-09,重庆市公共资源交易网,2026-09-11 11:02:38
关于为【武隆区隆康养老医院局部结构安全性鉴定】 公开选取【建设工程质量检测】机构的公告,https://www.cqggzy.com/trade/014/PNII_5002327530972222609090422?categoryNum=014010001,武隆区,采购公告,2026-09-09,重庆市公共资源交易网,2026-09-11 11:02:38
关于【2026-406#某路面整治工程（结算）】中选结果的公告,https://www.cqggzy.com/trade/014/BRII_5002236814909052609020854?categoryNum=014010002,潼南区,中选公告,2026-09-09,重庆市公共资源交易网,2026-09-11 11:02:38
关于【綦江区三角镇高标准农田补助项目（东岳、石盘、杜家片区）】中选结果的公告,https://www.cqggzy.com/trade/014/BRII_5001100093120272608270533?categoryNum=014010002,綦江区,中选公告,2026-09-09,重庆市公共资源交易网,2026-09-11 11:02:38
关于【南川区国企数智化管理系统建设项目方案设计等服务】中选结果的公告,https://www.cqggzy.com/trade/014/BRII_500119MA60XKAT32609040077?categoryNum=014010002,南川区,中选公告,2026-09-09,重庆市公共资源交易网,2026-09-11 11:02:38
关于为【巫山县政务服务中心内坡道改档案室承重检测】 公开选取【建设工程质量检测】机构的公告,https://www.cqggzy.com/trade/014/PNII_5002370086620332609090414?categoryNum=014010001,巫山县,采购公告,2026-09-09,重庆市公共资源交易网,2026-09-11 11:02:38
关于为【S102渝建路安防设施整治维修工程结算审计】 公开选取【工程造价咨询】机构的公告,https://www.cqggzy.com/trade/014/PNII_5002306689066112609090448?categoryNum=014010001,丰都县,采购公告,2026-09-09,重庆市公共资源交易网,2026-09-11 11:02:38
关于为【万州区2026年-2027年水文监测系统运行维修项目招标代理】 公开选取【招标代理】机构的公告,https://www.cqggzy.com/trade/014/PNII_5001013586983002609090438?categoryNum=014010001,万州区,采购公告,2026-09-09,重庆市公共资源交易网,2026-09-11 11:02:38
关于【2026年易地搬迁庙溪村集中安置点文化广场防洪工程】中选结果的公告,https://www.cqggzy.com/trade/014/BRII_5002420091485112609020816?categoryNum=014010002,酉阳县,中选公告,2026-09-09,重庆市公共资源交易网,2026-09-11 11:02:38
2026年合川区农村生活垃圾治理项目(HCQ26A00847)公开招标公告,https://www.cqggzy.com/trade/014/1673755954413613056?categoryNum=014005001,合川区,采购公告,2026-09-09,重庆市公共资源交易网,2026-09-11 11:02:38
关于为【重庆市綦江区玉河塘水库除险加固工程平行检测】 公开选取【检验检测服务】机构的公告,https://www.cqggzy.com/trade/014/PNII_500110MB1E797532609090437?categoryNum=014010001,綦江区,采购公告,2026-09-09,重庆市公共资源交易网,2026-09-11 11:02:40
关于【2026 年庙溪镇岔河至牛场产业路建设项目】中选结果的公告,https://www.cqggzy.com/trade/014/BRII_5002420091485112609020882?categoryNum=014010002,酉阳县,中选公告,2026-09-09,重庆市公共资源交易网,2026-09-11 11:02:40
关于为【开州区税务局部分房屋资产评估】 公开选取【资产评估】机构的公告,https://www.cqggzy.com/trade/014/PNII_500234MB15473312609090481?categoryNum=014010001,开州区,采购公告,2026-09-09,重庆市公共资源交易网,2026-09-11 11:02:40
关于【庙溪镇2026年农业产业基础设施改造】中选结果的公告,https://www.cqggzy.com/trade/014/BRII_5002420091485112609040186?categoryNum=014010002,酉阳县,中选公告,2026-09-09,重庆市公共资源交易网,2026-09-11 11:02:40
关于为【2026年荣昌区创文设施维护工程项目预算编制服务】 公开选取【工程造价咨询】机构的公告,https://www.cqggzy.com/trade/014/PNII_5002267626713022609090486?categoryNum=014010001,荣昌区,采购公告,2026-09-09,重庆市公共资源交易网,2026-09-11 11:02:40
关于【梁平区精神卫生服务能力提升项目地形图测绘及勘测定界服务】中选结果的公告,https://www.cqggzy.com/trade/014/BRII_500228MB0P291482609030731?categoryNum=014010002,梁平区,中选公告,2026-09-09,重庆市公共资源交易网,2026-09-11 11:02:40
关于【抽取《金桩岩水库维修养护项目》设计服务单位】中选结果的公告,https://www.cqggzy.com/trade/014/BRII_5002247958948282609040378?categoryNum=014010002,铜梁区,中选公告,2026-09-09,重庆市公共资源交易网,2026-09-11 11:02:40
关于为【非繁云居酒店精装修】 公开选取【工程设计】机构的公告,https://www.cqggzy.com/trade/014/PNII_5002336689231042609090499?categoryNum=014010001,忠县,采购公告,2026-09-09,重庆市公共资源交易网,2026-09-11 11:02:40
关于【庙溪镇2026年农业产业基础设施改造】中选结果的公告,https://www.cqggzy.com/trade/014/BRII_5002420091485112609040178?categoryNum=014010002,酉阳县,中选公告,2026-09-09,重庆市公共资源交易网,2026-09-11 11:02:40
新建综合楼多功能报告厅和室内运动场音箱、舞台灯光和终端接收设备采购（第二次）(YCQ26A00611)公开招标公告,https://www.cqggzy.com/trade/014/1673755786213634048?categoryNum=014005001,永川区,采购公告,2026-09-09,重庆市公共资源交易网,2026-09-11 11:02:40
单侧双通道脊柱内窥镜手术系统(NAQ26A00275)废标公告,https://www.cqggzy.com/trade/014/1673755703334187008?categoryNum=014005004,南岸区,采购结果公告,2026-09-09,重庆市公共资源交易网,2026-09-11 11:02:40
关于为【“一带一路”中欧班列集结中心陆港商品流通通道基础设施项目一、二期】 公开选取【工程造价咨询】机构的公告,https://www.cqggzy.com/trade/014/PNII_5001066689199812609080257?categoryNum=014010001,沙坪坝区,采购公告,2026-09-09,重庆市公共资源交易网,2026-09-11 11:02:40
关于为【砂石资源智慧监管平台项目指挥中心顶层钢结构安全隐患整治工程设计】 公开选取【工程设计】机构的公告,https://www.cqggzy.com/trade/014/PNII_500223MB1B863362609090495?categoryNum=014010001,潼南区,采购公告,2026-09-09,重庆市公共资源交易网,2026-09-11 11:02:42
重庆图书馆玻璃幕墙漏水维修项目(CQS26B00117)采购更正公告（一）,https://www.cqggzy.com/trade/014/1673755050381717504?categoryNum=014005002,市级,答疑变更,2026-09-09,重庆市公共资源交易网,2026-09-11 11:02:42
2026年9月9日排污权二级市场交易信息,https://www.cqggzy.com/trade/014/cfd072fa-096a-425a-bade-bf433b45de6c?categoryNum=014009004,市级,成交信息,2026-09-09,重庆市公共资源交易网,2026-09-11 11:02:42
关于为【万州区恒合民族中心小学综合提升工程变形监测采购需求书】 公开选取【工程勘察，测绘】机构的公告,https://www.cqggzy.com/trade/014/PNII_5001012079067902609090403?categoryNum=014010001,万州区,采购公告,2026-09-09,重庆市公共资源交易网,2026-09-11 11:02:42
关于为【重庆市大足区米粮小学老教学楼C类危房加固工程 预算审核】 公开选取【工程造价咨询】机构的公告,https://www.cqggzy.com/trade/014/PNII_5001114506687292609090477?categoryNum=014010001,大足区,采购公告,2026-09-09,重庆市公共资源交易网,2026-09-11 11:02:42
关于为【大足区2026年三个职能部门整体绩效包3】 公开选取【会计师事务所服务，管理和决策咨询】机构的公告,https://www.cqggzy.com/trade/014/PNII_5001110532178602609090352?categoryNum=014010001,大足区,采购公告,2026-09-09,重庆市公共资源交易网,2026-09-11 11:02:42
2026重庆城市足球超级联赛赛事执行服务(YCQ26C00400)中标（成交）结果公告,https://www.cqggzy.com/trade/014/1673755042848747520_1?categoryNum=014005004,永川区,采购结果公告,2026-09-09,重庆市公共资源交易网,2026-09-11 11:02:42
关于为【重庆业典园林工程有限公司主体信用评级】 公开选取【管理和决策咨询】机构的公告,https://www.cqggzy.com/trade/014/PNII_5002305540550972609090472?categoryNum=014010001,丰都县,采购公告,2026-09-09,重庆市公共资源交易网,2026-09-11 11:02:42
石龙镇2026年农村路改建工程(BNQ26B00020)竞争性谈判公告（第二次）中标（成交）结果公告,https://www.cqggzy.com/trade/014/1673753184038072320_1?categoryNum=014005004,巴南区,采购结果公告,2026-09-09,重庆市公共资源交易网,2026-09-11 11:02:42
关于为【无人机察打一体辅助监测支撑治气项目】 公开选取【招标代理】机构的公告,https://www.cqggzy.com/trade/014/PNII_500111MB16467942609090453?categoryNum=014010001,大足区,采购公告,2026-09-09,重庆市公共资源交易网,2026-09-11 11:02:42
垫江县中医院口腔科装修装饰工程项目(DJX26B00008)中标（成交）结果公告,https://www.cqggzy.com/trade/014/1673754728896704512_1?categoryNum=014005004,垫江县,采购结果公告,2026-09-09,重庆市公共资源交易网,2026-09-11 11:02:42
关于为【重庆长寿经开区、高新区停车位及充电桩建设运营项目（一期）概算审核采购文件】 公开选取【工程造价咨询】机构的公告,https://www.cqggzy.com/trade/014/PNII_5001157453112682609090430?categoryNum=014010001,长寿区,采购公告,2026-09-09,重庆市公共资源交易网,2026-09-11 11:02:42
关于【龙兴御园老旧小区幼儿园改造工程等4个项目预算编制】中选结果的公告,https://www.cqggzy.com/trade/014/BRII_500112MA60A6K062609040313?categoryNum=014010002,渝北区,中选公告,2026-09-09,重庆市公共资源交易网,2026-09-11 11:02:43
关于【拔山镇朝阳村道路提质改造工程】中选结果的公告,https://www.cqggzy.com/trade/014/BRII_5002336912222692609040357?categoryNum=014010002,忠县,中选公告,2026-09-09,重庆市公共资源交易网,2026-09-11 11:02:43
关于【奉节县沙码头片区老旧小区改造及基础设施建设项目】中选结果的公告,https://www.cqggzy.com/trade/014/BRII_500236MB1M388442609040109?categoryNum=014010002,奉节县,中选公告,2026-09-09,重庆市公共资源交易网,2026-09-11 11:02:43
关于【江上领秀（锦尚华庭）消防设施整改项目工程评审】中选结果的公告,https://www.cqggzy.com/trade/014/BRII_5001177748560132609040277?categoryNum=014010002,合川区,中选公告,2026-09-09,重庆市公共资源交易网,2026-09-11 11:02:43
关于为【大足区2026年三个职能部门整体绩效包4】 公开选取【会计师事务所服务，管理和决策咨询】机构的公告,https://www.cqggzy.com/trade/014/PNII_5001110532178602609090498?categoryNum=014010001,大足区,采购公告,2026-09-09,重庆市公共资源交易网,2026-09-11 11:02:43
关于为【西湖镇关胜村排洪渠水毁修复工程】 公开选取【工程设计】机构的公告,https://www.cqggzy.com/trade/014/PNII_5001167717567382609090415?categoryNum=014010001,江津区,采购公告,2026-09-09,重庆市公共资源交易网,2026-09-11 11:02:43
关于为【重庆市巫溪县金鱼水库工程大坝安全评价鉴定】 公开选取【安全评价，工程设计】机构的公告,https://www.cqggzy.com/trade/014/PNII_5002383586948602609080041?categoryNum=014010001,巫溪县,采购公告,2026-09-09,重庆市公共资源交易网,2026-09-11 11:02:43
关于为【老旧小区配套基础设施改造项目完工质量检测服务】 公开选取【建设工程质量检测】机构的公告,https://www.cqggzy.com/trade/014/PNII_50022756563764X2609090397?categoryNum=014010001,璧山区,采购公告,2026-09-09,重庆市公共资源交易网,2026-09-11 11:02:43
关于【2026年庙溪镇公共厕所】中选结果的公告,https://www.cqggzy.com/trade/014/BRII_5002420091485112609020877?categoryNum=014010002,酉阳县,中选公告,2026-09-09,重庆市公共资源交易网,2026-09-11 11:02:43
关于【2026-405#某食品库房改造采购项目（预算）】中选结果的公告,https://www.cqggzy.com/trade/014/BRII_5002236814909052609020852?categoryNum=014010002,潼南区,中选公告,2026-09-09,重庆市公共资源交易网,2026-09-11 11:02:43
关于【2026-404#某土石方抢险工程（结算）】中选结果的公告,https://www.cqggzy.com/trade/014/BRII_5002236814909052609020844?categoryNum=014010002,潼南区,中选公告,2026-09-09,重庆市公共资源交易网,2026-09-11 11:02:43
关于为【重庆市荣昌区职业教育中心校园内篮球场维修改造项目结算审核服务采购】 公开选取【工程造价咨询】机构的公告,https://www.cqggzy.com/trade/014/PNII_5002264506786362609090391?categoryNum=014010001,荣昌区,采购公告,2026-09-09,重庆市公共资源交易网,2026-09-11 11:02:43
关于为【重庆市荣昌区职业教育中心2#、3#、4#实训楼外墙排危项目结算审核服务采购】 公开选取【工程造价咨询】机构的公告,https://www.cqggzy.com/trade/014/PNII_5002264506786362609090419?categoryNum=014010001,荣昌区,采购公告,2026-09-09,重庆市公共资源交易网,2026-09-11 11:02:45
关于为【重庆市主城都市区低山丘陵区国土绿化综合项目（长寿区）全程跟踪审计服务】 公开选取【林业调查规划设计】机构的公告,https://www.cqggzy.com/trade/014/PNII_5001150093039642609070850?categoryNum=014010001,长寿区,采购公告,2026-09-09,重庆市公共资源交易网,2026-09-11 11:02:45
关于为【重庆市綦江区大桥口水库除险加固工程平行检测】 公开选取【检验检测服务】机构的公告,https://www.cqggzy.com/trade/014/PNII_500110MB1E797532609090417?categoryNum=014010001,綦江区,采购公告,2026-09-09,重庆市公共资源交易网,2026-09-11 11:02:45
关于为【2026年奉节县城市体检】 公开选取【工程咨询】机构的公告,https://www.cqggzy.com/trade/014/PNII_5002360086585442609090199?categoryNum=014010001,奉节县,采购公告,2026-09-09,重庆市公共资源交易网,2026-09-11 11:02:45
江津区云雾坪林场2026年林下种养产业项目-林下种植部分（第四次）(JJQ26C00055)竞争性磋商公告,https://www.cqggzy.com/trade/014/1673753293517795328?categoryNum=014005001,江津区,采购公告,2026-09-09,重庆市公共资源交易网,2026-09-11 11:02:45
关于【2026年庙溪镇篮球场建设建设项目。】中选结果的公告,https://www.cqggzy.com/trade/014/BRII_5002420091485112609040083?categoryNum=014010002,酉阳县,中选公告,2026-09-09,重庆市公共资源交易网,2026-09-11 11:02:45
关于【璧山区大兴镇友祥塑料制品有限公司评估采购】中选结果的公告,https://www.cqggzy.com/trade/014/BRII_5002270093455312608310250?categoryNum=014010002,璧山区,中选公告,2026-09-09,重庆市公共资源交易网,2026-09-11 11:02:45
关于【大兴镇均田村4胡大荣、冯世学、冯世德户房屋安全鉴定采购】中选结果的公告,https://www.cqggzy.com/trade/014/BRII_5002270093455312609010677?categoryNum=014010002,璧山区,中选公告,2026-09-09,重庆市公共资源交易网,2026-09-11 11:02:45
关于为【2026年董家镇三仙湖村麻辣鸡原料配套建设项目财务决算中介服务采购说明】 公开选取【会计师事务所服务】机构的公告,https://www.cqggzy.com/trade/014/PNII_5002300086895512609090243?categoryNum=014010001,丰都县,采购公告,2026-09-09,重庆市公共资源交易网,2026-09-11 11:02:45
关于【大龙湾酒店维修改造项目】中选结果的公告,https://www.cqggzy.com/trade/014/BRII_5001110605151372609030580?categoryNum=014010002,大足区,中选公告,2026-09-09,重庆市公共资源交易网,2026-09-11 11:02:45
关于【万州区百安坝等5个街道农村饮水质量提升项目招标代理】中选结果的公告,https://www.cqggzy.com/trade/014/BRII_500101MA608QRD02609040048?categoryNum=014010002,万州区,中选公告,2026-09-09,重庆市公共资源交易网,2026-09-11 11:02:45
关于【大四面山污水治理工程规划放线服务】中选结果的公告,https://www.cqggzy.com/trade/014/BRII_5001167659081842609040664?categoryNum=014010002,江津区,中选公告,2026-09-09,重庆市公共资源交易网,2026-09-11 11:02:45
关于【龙兴御园老旧小区幼儿园改造工程（可研评审）】中选结果的公告,https://www.cqggzy.com/trade/014/BRII_500198MB0B190942609040547?categoryNum=014010002,两江新区,中选公告,2026-09-09,重庆市公共资源交易网,2026-09-11 11:02:46
关于为【名山集团发行公司债券专项法律服务采购】 公开选取【律师事务所服务】机构的公告,https://www.cqggzy.com/trade/014/PNII_5002302087531672609090337?categoryNum=014010001,丰都县,采购公告,2026-09-09,重庆市公共资源交易网,2026-09-11 11:02:46
关于为【云阳县G347江口至沙市段公路改建工程等6个项目环境竣工验收服务采购】 公开选取【建设项目环境影响评价】机构的公告,https://www.cqggzy.com/trade/014/PNII_5002357116750472609090469?categoryNum=014010001,云阳县,采购公告,2026-09-09,重庆市公共资源交易网,2026-09-11 11:02:46
关于为【开州区税务局机关大楼外墙整治项目】 公开选取【工程造价咨询】机构的公告,https://www.cqggzy.com/trade/014/PNII_500234MB15473312609090443?categoryNum=014010001,开州区,采购公告,2026-09-09,重庆市公共资源交易网,2026-09-11 11:02:46
关于【2026年庙溪镇篮球场建设建设项目。】中选结果的公告,https://www.cqggzy.com/trade/014/BRII_5002420091485112609040074?categoryNum=014010002,酉阳县,中选公告,2026-09-09,重庆市公共资源交易网,2026-09-11 11:02:46
关于为【埝山苑社区老旧小区油烟集中深度治理项目工程监理服务】 公开选取【工程监理】机构的公告,https://www.cqggzy.com/trade/014/PNII_5001070092934012609090386?categoryNum=014010001,九龙坡区,采购公告,2026-09-09,重庆市公共资源交易网,2026-09-11 11:02:46
蔡家镇公（廉）租房维修改造项目(JJQ26B00034)中标（成交）结果公告,https://www.cqggzy.com/trade/014/1673748412463624192_1?categoryNum=014005004,江津区,采购结果公告,2026-09-09,重庆市公共资源交易网,2026-09-11 11:02:46
关于【重庆市巴南区学堂湾学校2026年校服选购招标代理】中选结果的公告,https://www.cqggzy.com/trade/014/BRII_500113MB1H457242608270368?categoryNum=014010002,巴南区,中选公告,2026-09-09,重庆市公共资源交易网,2026-09-11 11:02:46
关于为【垫江数字经济产业园大数据运营中心改造项目施工图审查】 公开选取【施工图设计文件审查】机构的公告,https://www.cqggzy.com/trade/014/PNII_5002317562463692609090384?categoryNum=014010001,垫江县,采购公告,2026-09-09,重庆市公共资源交易网,2026-09-11 11:02:46
关于为【重庆市开州区文峰街道社区卫生服务中心重点专科建设项目设备采购代理】 公开选取【招标代理】机构的公告,https://www.cqggzy.com/trade/014/PNII_5002345616286822609090447?categoryNum=014010001,开州区,采购公告,2026-09-09,重庆市公共资源交易网,2026-09-11 11:02:46
关于为【资产清理】 公开选取【商务服务，管理和决策咨询】机构的公告,https://www.cqggzy.com/trade/014/PNII_5001150093035852609090372?categoryNum=014010001,长寿区,采购公告,2026-09-09,重庆市公共资源交易网,2026-09-11 11:02:46
关于为【2026年忠县福航昇（重庆）果汁加工项目】 公开选取【工程造价咨询】机构的公告,https://www.cqggzy.com/trade/014/PNII_5002337398070642609090060?categoryNum=014010001,忠县,采购公告,2026-09-09,重庆市公共资源交易网,2026-09-11 11:02:46
关于【大石坝徐悲鸿片区老旧小区配套基础设施工程（二期）电力迁改涉及专变用户保电技术服务】中选结果的公告,https://www.cqggzy.com/trade/014/BRII_5001057474772612609040549?categoryNum=014010002,江北区,中选公告,2026-09-09,重庆市公共资源交易网,2026-09-11 11:02:48
关于【璞园老旧小区幼儿园改造工程（可研评审）】中选结果的公告,https://www.cqggzy.com/trade/014/BRII_500198MB0B190942609040600?categoryNum=014010002,两江新区,中选公告,2026-09-09,重庆市公共资源交易网,2026-09-11 11:02:48
关于【2025年施工图设计及审查质量抽查】中选结果的公告,https://www.cqggzy.com/trade/014/BRII_5001170093255302609020233?categoryNum=014010002,合川区,中选公告,2026-09-09,重庆市公共资源交易网,2026-09-11 11:02:48
关于【龙兴长滩原麓老旧小区幼儿园改造工程（可研评审）】中选结果的公告,https://www.cqggzy.com/trade/014/BRII_500198MB0B190942609040592?categoryNum=014010002,两江新区,中选公告,2026-09-09,重庆市公共资源交易网,2026-09-11 11:02:48
2610号国有建设用地使用权招拍挂出让成交结果公示,https://www.cqggzy.com/trade/014/17871288572537040304-DEAL?categoryNum=014004004,大足区,成交公告,2026-09-09,重庆市公共资源交易网,2026-09-11 11:02:48
关于为【重庆市蜀都中学改扩建工程雕塑及文化建设工程设计】 公开选取【工程设计】机构的公告,https://www.cqggzy.com/trade/014/PNII_5001056219191592609090379?categoryNum=014010001,江北区,采购公告,2026-09-09,重庆市公共资源交易网,2026-09-11 11:02:48
关于为【重庆市荣昌区安富街道自然保护地综合管理（龙家桥小微湿地）项目招标代理】 公开选取【招标代理】机构的公告,https://www.cqggzy.com/trade/014/PNII_5002267592632282609090454?categoryNum=014010001,荣昌区,采购公告,2026-09-09,重庆市公共资源交易网,2026-09-11 11:02:48
关于为【重庆市永川区临江镇永七中房屋资产评估服务】 公开选取【资产评估】机构的公告,https://www.cqggzy.com/trade/014/PNII_5001187784670662609090416?categoryNum=014010001,永川区,采购公告,2026-09-09,重庆市公共资源交易网,2026-09-11 11:02:48
关于为【重庆市大足区米粮小学老教学楼C类危房加固工程 设计】 公开选取【工程设计】机构的公告,https://www.cqggzy.com/trade/014/PNII_5001114506687292609090442?categoryNum=014010001,大足区,采购公告,2026-09-09,重庆市公共资源交易网,2026-09-11 11:02:48
关于为【康湖公园文化升级项目设计服务】 公开选取【工程设计】机构的公告,https://www.cqggzy.com/trade/014/PNII_500227MA5YN16N12609090361?categoryNum=014010001,璧山区,采购公告,2026-09-09,重庆市公共资源交易网,2026-09-11 11:02:48
关于【梁平区梁山街道南门桥康养中心改建项目招标代理服务】中选结果的公告,https://www.cqggzy.com/trade/014/BRII_5002285656382472609040071?categoryNum=014010002,梁平区,中选公告,2026-09-09,重庆市公共资源交易网,2026-09-11 11:02:48
关于为【涞滩镇突发环境事件应急预案编制】 公开选取【管理和决策咨询】机构的公告,https://www.cqggzy.com/trade/014/PNII_50011700932700X2609090423?categoryNum=014010001,合川区,采购公告,2026-09-09,重庆市公共资源交易网,2026-09-11 11:02:48
关于为【酉阳县建筑弃渣场建设项目】 公开选取【测绘】机构的公告,https://www.cqggzy.com/trade/014/PNII_5002426814721172609090473?categoryNum=014010001,酉阳县,采购公告,2026-09-09,重庆市公共资源交易网,2026-09-11 11:02:49
关于为【重庆市涪陵区群众身边体育运动空间扩容项目（一期）1:500地形图测绘服务】 公开选取【测绘】机构的公告,https://www.cqggzy.com/trade/014/PNII_5001020924052902609090409?categoryNum=014010001,涪陵区,采购公告,2026-09-09,重庆市公共资源交易网,2026-09-11 11:02:49
关于为【赵家街道等乡镇农村饮水质量提升项目（一期）】 公开选取【工程造价咨询】机构的公告,https://www.cqggzy.com/trade/014/PNII_5002340086461642609090475?categoryNum=014010001,开州区,采购公告,2026-09-09,重庆市公共资源交易网,2026-09-11 11:02:49
关于为【覃家岗街道梨树湾村瓦厂嘴受大学城复线隧道施工影响李良等3栋（户）房屋排危整治质量检测】 公开选取【建设工程质量检测】机构的公告,https://www.cqggzy.com/trade/014/PNII_5001062030889702609090357?categoryNum=014010001,沙坪坝区,采购公告,2026-09-09,重庆市公共资源交易网,2026-09-11 11:02:49
关于【三官殿小学运动场改造工程质量检测】中选结果的公告,https://www.cqggzy.com/trade/014/BRII_5001187748828282609040072?categoryNum=014010002,永川区,中选公告,2026-09-09,重庆市公共资源交易网,2026-09-11 11:02:49
关于为【重庆市黔江新华中学校g高一 校服招投标代理机构中介服务】 公开选取【招标代理】机构的公告,https://www.cqggzy.com/trade/014/PNII_5001147116415252609090406?categoryNum=014010001,黔江区,采购公告,2026-09-09,重庆市公共资源交易网,2026-09-11 11:02:49
关于【万州区双河口等5个迁建区水质提升工程招标代理】中选结果的公告,https://www.cqggzy.com/trade/014/BRII_500101MA608QRD02609030354?categoryNum=014010002,万州区,中选公告,2026-09-09,重庆市公共资源交易网,2026-09-11 11:02:49
关于【秀山县朝阳及渝秀大道片区污水管网改造项目预算造价绩效评估】中选结果的公告,https://www.cqggzy.com/trade/014/BRII_5002416992941522609030645?categoryNum=014010002,秀山县,中选公告,2026-09-09,重庆市公共资源交易网,2026-09-11 11:02:49
关于为【重庆市大足区米粮小学老教学楼C类危房加固工程 预算编制】 公开选取【工程造价咨询】机构的公告,https://www.cqggzy.com/trade/014/PNII_5001114506687292609090466?categoryNum=014010001,大足区,采购公告,2026-09-09,重庆市公共资源交易网,2026-09-11 11:02:49
关于为【重庆市荣昌区职业教育中心校园内道路路面维修改造项目结算审核服务采购 】 公开选取【工程造价咨询】机构的公告,https://www.cqggzy.com/trade/014/PNII_5002264506786362609090441?categoryNum=014010001,荣昌区,采购公告,2026-09-09,重庆市公共资源交易网,2026-09-11 11:02:49
铜梁区平滩镇PT001/01地块国有建设用地使用权公开出让公告（公告序号：[2026]TL107242- 工业018号）,https://www.cqggzy.com/trade/014/17889376327026900620-SELL?categoryNum=014004001001,铜梁区,交易公告,2026-09-09,重庆市公共资源交易网,2026-09-11 11:02:49
2026年耕地保护工作专项技术服务(CQS26C01941)中标（成交）结果公告,https://www.cqggzy.com/trade/014/1673414373030539264_1?categoryNum=014005004,市级,采购结果公告,2026-09-09,重庆市公共资源交易网,2026-09-11 11:02:49
关于为【沙坪坝区城中村改造一期项目地形图测绘、勘测定界、权属调查服务采购项目】 公开选取【测绘】机构的公告,https://www.cqggzy.com/trade/014/PNII_50010659920640X2609090450?categoryNum=014010001,沙坪坝区,采购公告,2026-09-09,重庆市公共资源交易网,2026-09-11 11:02:51
关于【重庆市南岸区江南小学校无障碍电梯新建工程(招标代理）】中选结果的公告,https://www.cqggzy.com/trade/014/BRII_5001086839456272608290003?categoryNum=014010002,南岸区,中选公告,2026-09-09,重庆市公共资源交易网,2026-09-11 11:02:51
关于【天子殿雕塑修复项目施工招标代理】中选结果的公告,https://www.cqggzy.com/trade/014/BRII_5002302087531672609030041?categoryNum=014010002,丰都县,中选公告,2026-09-09,重庆市公共资源交易网,2026-09-11 11:02:51
关于为【大足区2026年三个职能部门整体绩效包2】 公开选取【会计师事务所服务，管理和决策咨询】机构的公告,https://www.cqggzy.com/trade/014/PNII_5001110532178602609090350?categoryNum=014010001,大足区,采购公告,2026-09-09,重庆市公共资源交易网,2026-09-11 11:02:51
关于为【川渝东北（开州）检验检测中心一期建设工程预算审核】 公开选取【工程造价咨询】机构的公告,https://www.cqggzy.com/trade/014/PNII_5002347842266722609090402?categoryNum=014010001,开州区,采购公告,2026-09-09,重庆市公共资源交易网,2026-09-11 11:02:51
巫溪县古路镇2026年粮油生产社会化服务能力提升项目(WXX26A00213)询价公告,https://www.cqggzy.com/trade/014/1673749637749846016?categoryNum=014005001,巫溪县,采购公告,2026-09-09,重庆市公共资源交易网,2026-09-11 11:02:51
重庆医科大学附属第一医院无线移动中央监护设备(CQS26A01952)中标（成交）结果公告,https://www.cqggzy.com/trade/014/1671153218568368128_1?categoryNum=014005004,市级,采购结果公告,2026-09-09,重庆市公共资源交易网,2026-09-11 11:02:51
关于为【大溪沟胜利路片区老旧小区配套基础设施建设工程（一期）（除便民生活空间部分）消防验收检测单位】 公开选取【建设工程消防设施检测】机构的公告,https://www.cqggzy.com/trade/014/PNII_5001030092846362609090421?categoryNum=014010001,渝中区,采购公告,2026-09-09,重庆市公共资源交易网,2026-09-11 11:02:51
关于为【恒都消防整改项目预算编制】 公开选取【工程造价咨询】机构的公告,https://www.cqggzy.com/trade/014/PNII_5002307935121872609090429?categoryNum=014010001,丰都县,采购公告,2026-09-09,重庆市公共资源交易网,2026-09-11 11:02:51
关于【国市控空气质量站点视频监控数据传输专线租用服务采购需求】中选结果的公告,https://www.cqggzy.com/trade/014/BRII_5001054504307532608180111?categoryNum=014010002,江北区,中选公告,2026-09-09,重庆市公共资源交易网,2026-09-11 11:02:51
关于【綦江区三角镇高标准农田补助项目（乐兴、彭香片区）】中选结果的公告,https://www.cqggzy.com/trade/014/BRII_5001100093120272608270519?categoryNum=014010002,綦江区,中选公告,2026-09-09,重庆市公共资源交易网,2026-09-11 11:02:51
关于【G246改扩建工程上跨来苏三合线燃气管道安全评价采购】中选结果的公告,https://www.cqggzy.com/trade/014/BRII_5001187428731342609010104?categoryNum=014010002,永川区,中选公告,2026-09-09,重庆市公共资源交易网,2026-09-11 11:02:51
关于【G246改扩建工程上跨来苏三合线燃气管道保护方案设计采购】中选结果的公告,https://www.cqggzy.com/trade/014/BRII_5001187428731342609010117?categoryNum=014010002,永川区,中选公告,2026-09-09,重庆市公共资源交易网,2026-09-11 11:02:53
关于【重庆悦来国际会展城城市综合服务造价咨询】中选结果的公告,https://www.cqggzy.com/trade/014/BRII_500198MA5U62C402609010189?categoryNum=014010002,两江新区,中选公告,2026-09-09,重庆市公共资源交易网,2026-09-11 11:02:53
关于【涪陵区某工程项目结算评审】中选结果的公告,https://www.cqggzy.com/trade/014/BRII_5001026608816242609040460?categoryNum=014010002,涪陵区,中选公告,2026-09-09,重庆市公共资源交易网,2026-09-11 11:02:53
酉阳县2026年度调查监测(YOY26C00037)中标（成交）结果公告,https://www.cqggzy.com/trade/014/1673748282771550208_1?categoryNum=014005004,酉阳县,采购结果公告,2026-09-09,重庆市公共资源交易网,2026-09-11 11:02:53
关于【一标段生化池清掏、管网服务】中选结果的公告,https://www.cqggzy.com/trade/014/BRII_50010520304533X2609040374?categoryNum=014010002,江北区,中选公告,2026-09-09,重庆市公共资源交易网,2026-09-11 11:02:53
关于【涪陵区青羊镇2025年安镇片区美丽宜居村庄整治提升以工代赈项目等两个项目竣工财务决算评审】中选结果的公告,https://www.cqggzy.com/trade/014/BRII_5001026608816242609040504?categoryNum=014010002,涪陵区,中选公告,2026-09-09,重庆市公共资源交易网,2026-09-11 11:02:53
关于【万州区城市供水过江管道工程深基坑第三方监测】中选结果的公告,https://www.cqggzy.com/trade/014/BRII_500101MA608QRD02609040359?categoryNum=014010002,万州区,中选公告,2026-09-09,重庆市公共资源交易网,2026-09-11 11:02:53
关于【富华路片区老旧小区公共空间改造】中选结果的公告,https://www.cqggzy.com/trade/014/BRII_5001034504197492609070478?categoryNum=014010002,渝中区,中选公告,2026-09-09,重庆市公共资源交易网,2026-09-11 11:02:53
江苏省中医院重庆医院(重庆市永川区中医院)2026-2029年医疗责任保险服务采购询价公告,https://www.cqggzy.com/trade/014/17889373644263600669?categoryNum=014012001,永川区,招标采购公告,2026-09-09,重庆市公共资源交易网,2026-09-11 11:02:53
关于为【重庆市长寿区云台镇卫生院消防维保】 公开选取【消防技术服务】机构的公告,https://www.cqggzy.com/trade/014/PNII_50011545048505X2609090263?categoryNum=014010001,长寿区,采购公告,2026-09-09,重庆市公共资源交易网,2026-09-11 11:02:53
关于为【川渝东北（开州）检验检测中心一期建设工程施工招标代理】 公开选取【招标代理】机构的公告,https://www.cqggzy.com/trade/014/PNII_5002347842266722609090389?categoryNum=014010001,开州区,采购公告,2026-09-09,重庆市公共资源交易网,2026-09-11 11:02:53
关于为【开州区公安局禁毒驿站等建设项目招标代理服务】 公开选取【招标代理】机构的公告,https://www.cqggzy.com/trade/014/PNII_5002340086462522609080770?categoryNum=014010001,开州区,采购公告,2026-09-09,重庆市公共资源交易网,2026-09-11 11:02:53
关于为【巴南区龙洲湾高级中学项目水土保持方案及水土保持设施验收服务】 公开选取【水土保持方案编制】机构的公告,https://www.cqggzy.com/trade/014/PNII_500113MAE6JL1H42609090444?categoryNum=014010001,巴南区,采购公告,2026-09-09,重庆市公共资源交易网,2026-09-11 11:02:54
关于为【石柱县大歇镇双会村高速沿线房屋外立面整修项目】 公开选取【工程建设项目招标代理】机构的公告,https://www.cqggzy.com/trade/014/PNII_5002407116434832609090336?categoryNum=014010001,石柱县,采购公告,2026-09-09,重庆市公共资源交易网,2026-09-11 11:02:54
超声电子上消化道内窥镜采购(JJQ26A00906)公示,https://www.cqggzy.com/trade/014/1673410396297670656?categoryNum=014005008,江津区,单一来源公示,2026-09-09,重庆市公共资源交易网,2026-09-11 11:02:54
关于【垫江县县域养老服务提升计划项目前期工作咨询设计服务中介服务】中选结果的公告,https://www.cqggzy.com/trade/014/BRII_5002310086782892609030590?categoryNum=014010002,垫江县,中选公告,2026-09-09,重庆市公共资源交易网,2026-09-11 11:02:54
关于【铜梁区虎峰镇2025年第二批乡村振兴泥结石路硬化财政奖补项目】中选结果的公告,https://www.cqggzy.com/trade/014/BRII_500224ME16970742608310778?categoryNum=014010002,铜梁区,中选公告,2026-09-09,重庆市公共资源交易网,2026-09-11 11:02:54
关于【云阳县桑坪大转拐至双土场镇段公路改建工程洪水影响评价报告编制采购】中选结果的公告,https://www.cqggzy.com/trade/014/BRII_5002357116750472609070107?categoryNum=014010002,云阳县,中选公告,2026-09-09,重庆市公共资源交易网,2026-09-11 11:02:54
重庆工业职业技术大学2026-2028年综合运维与数据治理服务项目(CQS26C02206)中标（成交）结果公告,https://www.cqggzy.com/trade/014/1673743315780284416_1?categoryNum=014005004,市级,采购结果公告,2026-09-09,重庆市公共资源交易网,2026-09-11 11:02:54
关于为【丰都县树人镇2026年特色旅居村村庄连接道路以工代赈项目工程施工监理采购】 公开选取【工程监理】机构的公告,https://www.cqggzy.com/trade/014/PNII_5002300086896072609090325?categoryNum=014010001,丰都县,采购公告,2026-09-09,重庆市公共资源交易网,2026-09-11 11:02:54
关于为【龙头港安置房小区道路整治工程一审结算审核】 公开选取【工程造价咨询】机构的公告,https://www.cqggzy.com/trade/014/PNII_5001027339790332609090404?categoryNum=014010001,涪陵区,采购公告,2026-09-09,重庆市公共资源交易网,2026-09-11 11:02:54
2026年水库安全巡逻(BSQ26C00247)竞争性谈判公告,https://www.cqggzy.com/trade/014/1673747329288810496?categoryNum=014005001,璧山区,采购公告,2026-09-09,重庆市公共资源交易网,2026-09-11 11:02:54
关于为【蔡家镇永盛街人行道路维修项目】 公开选取【工程造价咨询】机构的公告,https://www.cqggzy.com/trade/014/PNII_5001167094772952609090319?categoryNum=014010001,江津区,采购公告,2026-09-09,重庆市公共资源交易网,2026-09-11 11:02:54
关于为【保家镇东流村（马家至中堡凹）农村道路及安全提升工程】 公开选取【工程造价咨询】机构的公告,https://www.cqggzy.com/trade/014/PNII_5002437094325642609090440?categoryNum=014010001,彭水县,采购公告,2026-09-09,重庆市公共资源交易网,2026-09-11 11:02:54
关于【有害生物防制技术服务】中选结果的公告,https://www.cqggzy.com/trade/014/BRII_5001097530652632609040027?categoryNum=014010002,北碚区,中选公告,2026-09-09,重庆市公共资源交易网,2026-09-11 11:02:56
关于为【长寿区2024年八颗、梓潼、付何片区燃气管道老化更新改造项目涉及长寿区国道公路安全技术评价】 公开选取【安全评价】机构的公告,https://www.cqggzy.com/trade/014/PNII_5001150093037292609090358?categoryNum=014010001,长寿区,采购公告,2026-09-09,重庆市公共资源交易网,2026-09-11 11:02:56
2026重庆城市足球超级联赛高新区赛事执行服务(GXQ26C00272)竞争性磋商公告,https://www.cqggzy.com/trade/014/1673744756934750208?categoryNum=014005001,高新区,采购公告,2026-09-09,重庆市公共资源交易网,2026-09-11 11:02:56
关于为【重庆市綦江区玉河塘水库除险加固工程监理】 公开选取【工程监理】机构的公告,https://www.cqggzy.com/trade/014/PNII_500110MB1E797532609090428?categoryNum=014010001,綦江区,采购公告,2026-09-09,重庆市公共资源交易网,2026-09-11 11:02:56
关于为【重庆市荣昌区安富街道2026-2027年度松材线虫病防控除治工程招标代理】 公开选取【招标代理】机构的公告,https://www.cqggzy.com/trade/014/PNII_5002267592632282609090392?categoryNum=014010001,荣昌区,采购公告,2026-09-09,重庆市公共资源交易网,2026-09-11 11:02:56
关于为【保家镇清水村道路及安全提升工程】 公开选取【工程造价咨询】机构的公告,https://www.cqggzy.com/trade/014/PNII_5002437094325642609090433?categoryNum=014010001,彭水县,采购公告,2026-09-09,重庆市公共资源交易网,2026-09-11 11:02:56
关于为【双福工业园4个道路交通基础设施项目项目建议书及可研报告编制】 公开选取【工程咨询】机构的公告,https://www.cqggzy.com/trade/014/PNII_500116MB11951962609090314?categoryNum=014010001,江津区,采购公告,2026-09-09,重庆市公共资源交易网,2026-09-11 11:02:56
关于为【酉阳县龙潭镇渤海小学、江丰小学C级危房维修加固项目】 公开选取【招标代理】机构的公告,https://www.cqggzy.com/trade/014/PNII_5002427688912262609090400?categoryNum=014010001,酉阳县,采购公告,2026-09-09,重庆市公共资源交易网,2026-09-11 11:02:56
2026年农村废弃户用沼气设施安全处置项目(PSX26C00030)竞争性谈判公告,https://www.cqggzy.com/trade/014/1673746092476641280?categoryNum=014005001,彭水县,采购公告,2026-09-09,重庆市公共资源交易网,2026-09-11 11:02:56
染溪路安全通行能力提升工程(JLP26B00019)中标（成交）结果公告,https://www.cqggzy.com/trade/014/1673746034037403648_1?categoryNum=014005004,九龙坡区,采购结果公告,2026-09-09,重庆市公共资源交易网,2026-09-11 11:02:56
关于为【温泉镇顺平村中药材产业基地基础设施配 套项目】 公开选取【招标代理】机构的公告,https://www.cqggzy.com/trade/014/PNII_5002340086475462609090359?categoryNum=014010001,开州区,采购公告,2026-09-09,重庆市公共资源交易网,2026-09-11 11:02:56
关于为【酉阳自治县龙潭镇中心幼儿园维修改造项目 （二期）】 公开选取【招标代理】机构的公告,https://www.cqggzy.com/trade/014/PNII_5002427688912262609090420?categoryNum=014010001,酉阳县,采购公告,2026-09-09,重庆市公共资源交易网,2026-09-11 11:02:56
关于为【义和镇太康村2-3组农村公路安全提升工程结算审核服务采购】 公开选取【工程造价咨询】机构的公告,https://www.cqggzy.com/trade/014/PNII_50023400864779X2609090347?categoryNum=014010001,开州区,采购公告,2026-09-09,重庆市公共资源交易网,2026-09-11 11:02:58
关于为【江津区四面山旅游特色小镇文旅片区项目（二期）设计施工总承包 （结算审核）】 公开选取【工程造价咨询】机构的公告,https://www.cqggzy.com/trade/014/PNII_50011606619926X2609090332?categoryNum=014010001,江津区,采购公告,2026-09-09,重庆市公共资源交易网,2026-09-11 11:02:58
农村户用沼气池填埋服务(PSX26C00029)竞争性谈判公告,https://www.cqggzy.com/trade/014/1673745253699727360?categoryNum=014005001,彭水县,采购公告,2026-09-09,重庆市公共资源交易网,2026-09-11 11:02:58
关于为【云阳县2026年面食食品安全专项抽检项目】 公开选取【检验检测服务】机构的公告,https://www.cqggzy.com/trade/014/PNII_500235MB16023452609090287?categoryNum=014010001,云阳县,采购公告,2026-09-09,重庆市公共资源交易网,2026-09-11 11:02:58
关于【涉河建设项目上图工作第三方技术服务】中选结果的公告,https://www.cqggzy.com/trade/014/BRII_5001026992740122609040431?categoryNum=014010002,涪陵区,中选公告,2026-09-09,重庆市公共资源交易网,2026-09-11 11:02:58
关于【北碚区文旅资源经营权项目】中选结果的公告,https://www.cqggzy.com/trade/014/BRII_5001097748763992609040416?categoryNum=014010002,北碚区,中选公告,2026-09-09,重庆市公共资源交易网,2026-09-11 11:02:58
关于为【北碚区澄江镇2025年小型农田水利设施补短板项目(柏林村松林岗山坪塘整治)】 公开选取【工程造价咨询】机构的公告,https://www.cqggzy.com/trade/014/PNII_5001090092988272609090418?categoryNum=014010001,北碚区,采购公告,2026-09-09,重庆市公共资源交易网,2026-09-11 11:02:58
关于【丰都县名山街道2026年城市危旧房改造项目施工图设计】中选结果的公告,https://www.cqggzy.com/trade/014/BRII_5002300086895192609040233?categoryNum=014010002,丰都县,中选公告,2026-09-09,重庆市公共资源交易网,2026-09-11 11:02:58
关于【酉阳自治县青华林场庙湾至印盒岩公路改建工程】中选结果的公告,https://www.cqggzy.com/trade/014/BRII_5002424529981312609040412?categoryNum=014010002,酉阳县,中选公告,2026-09-09,重庆市公共资源交易网,2026-09-11 11:02:58
关于【润通科技租赁的房屋改造维修项目预算编制】中选结果的公告,https://www.cqggzy.com/trade/014/BRII_500116MA5UP1R472609040150?categoryNum=014010002,江津区,中选公告,2026-09-09,重庆市公共资源交易网,2026-09-11 11:02:58
关于【弹子石街道王家沱社区用房改建工程结算采购】中选结果的公告,https://www.cqggzy.com/trade/014/BRII_5001080092956932609030693?categoryNum=014010002,南岸区,中选公告,2026-09-09,重庆市公共资源交易网,2026-09-11 11:02:58
关于【弹子石街道王家沱社区用房改建工程决算采购】中选结果的公告,https://www.cqggzy.com/trade/014/BRII_5001080092956932609030675?categoryNum=014010002,南岸区,中选公告,2026-09-09,重庆市公共资源交易网,2026-09-11 11:02:58
关于为【重庆市綦江区大桥口水库除险加固工程监理】 公开选取【工程监理】机构的公告,https://www.cqggzy.com/trade/014/PNII_500110MB1E797532609090398?categoryNum=014010001,綦江区,采购公告,2026-09-09,重庆市公共资源交易网,2026-09-11 11:02:59
关于【津科津味江津中学食堂设备采购项目（结算审核）】中选结果的公告,https://www.cqggzy.com/trade/014/BRII_500116MACNLEN5X2609040518?categoryNum=014010002,江津区,中选公告,2026-09-09,重庆市公共资源交易网,2026-09-11 11:02:59
关于【润通科技租赁的房屋改造维修项目预算审核】中选结果的公告,https://www.cqggzy.com/trade/014/BRII_500116MA5UP1R472609040156?categoryNum=014010002,江津区,中选公告,2026-09-09,重庆市公共资源交易网,2026-09-11 11:02:59
关于【购买长寿湖收费站顶棚安全隐患整治项目等2个项目建工团意险】中选结果的公告,https://www.cqggzy.com/trade/014/BRII_500115MA5U71B042609040381?categoryNum=014010002,长寿区,中选公告,2026-09-09,重庆市公共资源交易网,2026-09-11 11:02:59
关于为【城口县2026年厚坪乡通行桥建设项目行洪论证报告编制服务】 公开选取【洪水影响评价】机构的公告,https://www.cqggzy.com/trade/014/PNII_5002297717505712609090323?categoryNum=014010001,城口县,采购公告,2026-09-09,重庆市公共资源交易网,2026-09-11 11:02:59
关于为【重庆长寿三倒拐历史文化街区2026年十一开街暨招商推介活动】 公开选取【宣传设计服务，商务服务】机构的公告,https://www.cqggzy.com/trade/014/PNII_500115MA7EATPEX2609090377?categoryNum=014010001,长寿区,采购公告,2026-09-09,重庆市公共资源交易网,2026-09-11 11:02:59
关于为【秀山县跃进、牛栏溪水库除险加固工程质量检测】 公开选取【建设工程质量检测】机构的公告,https://www.cqggzy.com/trade/014/PNII_500241MB1C8231X2609090229?categoryNum=014010001,秀山县,采购公告,2026-09-09,重庆市公共资源交易网,2026-09-11 11:02:59
关于为【重庆市2026年农业机械应急演练活动项目】 公开选取【招标代理】机构的公告,https://www.cqggzy.com/trade/014/PNII_50023375005127X2609090279?categoryNum=014010001,忠县,采购公告,2026-09-09,重庆市公共资源交易网,2026-09-11 11:02:59
关于【购买长寿经开区南北区综合管架工程等6个项目建工团意险】中选结果的公告,https://www.cqggzy.com/trade/014/BRII_500115MA5U71B042609040369?categoryNum=014010002,长寿区,中选公告,2026-09-09,重庆市公共资源交易网,2026-09-11 11:02:59
关于【栖霞镇存量房屋改造保障性租赁项目】中选结果的公告,https://www.cqggzy.com/trade/014/BRII_5002357688854592609070023?categoryNum=014010002,云阳县,中选公告,2026-09-09,重庆市公共资源交易网,2026-09-11 11:02:59
关于为【重庆云阳建全抽水蓄能电站建设征地移民安置规划交通复建道路（海坝村1号）】 公开选取【会计师事务所服务】机构的公告,https://www.cqggzy.com/trade/014/PNII_5002350086578832609090295?categoryNum=014010001,云阳县,采购公告,2026-09-09,重庆市公共资源交易网,2026-09-11 11:02:59
关于为【江津区津北片区农村主供水管网完善保障工程施工招标代理】 公开选取【工程建设项目招标代理】机构的公告,https://www.cqggzy.com/trade/014/PNII_5001166733897432609090401?categoryNum=014010001,江津区,采购公告,2026-09-09,重庆市公共资源交易网,2026-09-11 11:02:59
关于为【建设工程消防现场评定及安全评估技术服务（2026-207年度）】 公开选取【建设工程消防设施检测】机构的公告,https://www.cqggzy.com/trade/014/PNII_5001017842280102609090393?categoryNum=014010001,万州区,采购公告,2026-09-09,重庆市公共资源交易网,2026-09-11 11:03:01
关于为【江津区油溪水厂（一期）农村供水保障工程施工招标代理】 公开选取【工程建设项目招标代理】机构的公告,https://www.cqggzy.com/trade/014/PNII_5001166733897432609090395?categoryNum=014010001,江津区,采购公告,2026-09-09,重庆市公共资源交易网,2026-09-11 11:03:01
关于为【珞璜小学食堂学生就餐区顶棚排危及外墙瓷砖脱落整治工程结算审核服务】 公开选取【工程造价咨询】机构的公告,https://www.cqggzy.com/trade/014/PNII_5001164505504212609090378?categoryNum=014010001,江津区,采购公告,2026-09-09,重庆市公共资源交易网,2026-09-11 11:03:01
关于为【开州区 2026 年大进镇杉园村中药材基地设施改造修复项目工程勘察】 公开选取【工程勘察】机构的公告,https://www.cqggzy.com/trade/014/PNII_5002347688897402609090368?categoryNum=014010001,开州区,采购公告,2026-09-09,重庆市公共资源交易网,2026-09-11 11:03:01
关于为【重庆电厂城市更新项目—轨道18号线电厂站周边区域整治项目招标代理采购服务】 公开选取【工程建设项目招标代理】机构的公告,https://www.cqggzy.com/trade/014/PNII_50010777845656X2609090224?categoryNum=014010001,九龙坡区,采购公告,2026-09-09,重庆市公共资源交易网,2026-09-11 11:03:01
关于【虎峰镇 2026年森林消防水箱建设和防火道路维护项目预算审核单位采购】中选结果的公告,https://www.cqggzy.com/trade/014/BRII_5002247453262592609020343?categoryNum=014010002,铜梁区,中选公告,2026-09-09,重庆市公共资源交易网,2026-09-11 11:03:01
关于【江津区龙华镇五台村五玉路隐患整治工程监理服务单位采购】中选结果的公告,https://www.cqggzy.com/trade/014/BRII_5001160093204142609040169?categoryNum=014010002,江津区,中选公告,2026-09-09,重庆市公共资源交易网,2026-09-11 11:03:01
关于为【2026年苍岭镇农村饮水安全项目招标代理服务】 公开选取【招标代理】机构的公告,https://www.cqggzy.com/trade/014/PNII_50024273395117X2609090364?categoryNum=014010001,酉阳县,采购公告,2026-09-09,重庆市公共资源交易网,2026-09-11 11:03:01
安全生产执法及救援通信装备设备采购项目(CQS26A04022)公开招标公告,https://www.cqggzy.com/trade/014/1673742382514089984?categoryNum=014005001,市级,采购公告,2026-09-09,重庆市公共资源交易网,2026-09-11 11:03:01
关于为【义和镇相辞村、农兴村窄路面加宽安全提升工程（渡福路至临江福德、农兴村至南雅三山村）结算审核服务】 公开选取【工程造价咨询】机构的公告,https://www.cqggzy.com/trade/014/PNII_50023400864779X2609090354?categoryNum=014010001,开州区,采购公告,2026-09-09,重庆市公共资源交易网,2026-09-11 11:03:01
关于为【四川红军第二路游击队陈列馆迁建工程招标代理】 公开选取【招标代理】机构的公告,https://www.cqggzy.com/trade/014/PNII_500102MB1N546502609080745?categoryNum=014010001,涪陵区,采购公告,2026-09-09,重庆市公共资源交易网,2026-09-11 11:03:01
关于为【奉节县香山小学2026年校舍维修改造工程】 公开选取【工程造价咨询】机构的公告,https://www.cqggzy.com/trade/014/PNII_500236MB1M388442609090345?categoryNum=014010001,奉节县,采购公告,2026-09-09,重庆市公共资源交易网,2026-09-11 11:03:01
关于为【重庆市万州区南山公园内附属建筑结构安全性鉴定工作采购需求书（二次采购）】 公开选取【建设工程质量检测】机构的公告,https://www.cqggzy.com/trade/014/PNII_5001012079067902609090390?categoryNum=014010001,万州区,采购公告,2026-09-09,重庆市公共资源交易网,2026-09-11 11:03:03
关于为【忠县金声乡金龟石社区2026年特色旅居以工代赈项目】 公开选取【工程造价咨询】机构的公告,https://www.cqggzy.com/trade/014/PNII_5002337474988712609040557?categoryNum=014010001,忠县,采购公告,2026-09-09,重庆市公共资源交易网,2026-09-11 11:03:03
关于为【《2024年北碚区柳荫镇东升村水源应急保障项目》进行工程结算】 公开选取【工程造价咨询】机构的公告,https://www.cqggzy.com/trade/014/PNII_5001090092989742609090328?categoryNum=014010001,北碚区,采购公告,2026-09-09,重庆市公共资源交易网,2026-09-11 11:03:03
关于为【云阳县高阳镇村民小组通硬化路项目】 公开选取【工程造价咨询】机构的公告,https://www.cqggzy.com/trade/014/PNII_5002350086578832609090302?categoryNum=014010001,云阳县,采购公告,2026-09-09,重庆市公共资源交易网,2026-09-11 11:03:03
关于为【云阳县非物质文化遗产保护利用项目-文创产品设计及样品制作单位采购】 公开选取【文化、体育服务】机构的公告,https://www.cqggzy.com/trade/014/PNII_500235MB19367592609090284?categoryNum=014010001,云阳县,采购公告,2026-09-09,重庆市公共资源交易网,2026-09-11 11:03:03
关于为【重庆市九龙坡区第二人民医院迁建项目（二期）概念方案设计】 公开选取【工程设计】机构的公告,https://www.cqggzy.com/trade/014/PNII_50010745044803X2609070790?categoryNum=014010001,九龙坡区,采购公告,2026-09-09,重庆市公共资源交易网,2026-09-11 11:03:03
关于为【《北碚区2025年小型农田水利设施补短板项目》-柳荫镇山坪塘整治项目工程结算】 公开选取【工程造价咨询】机构的公告,https://www.cqggzy.com/trade/014/PNII_5001090092989742609090330?categoryNum=014010001,北碚区,采购公告,2026-09-09,重庆市公共资源交易网,2026-09-11 11:03:03
关于为【白帝镇坪上村2026年“杜甫橙园”示范项目】 公开选取【工程造价咨询】机构的公告,https://www.cqggzy.com/trade/014/PNII_5002367688758242609090327?categoryNum=014010001,奉节县,采购公告,2026-09-09,重庆市公共资源交易网,2026-09-11 11:03:03
关于为【北碚区城市管理局及所属基层单位2024-2025年度财务收支审计】 公开选取【会计师事务所服务】机构的公告,https://www.cqggzy.com/trade/014/PNII_50010900929827X2609090307?categoryNum=014010001,北碚区,采购公告,2026-09-09,重庆市公共资源交易网,2026-09-11 11:03:03
关于为【永川区供销合作社2027-2029年废弃农膜回收服务】 公开选取【招标代理】机构的公告,https://www.cqggzy.com/trade/014/PNII_5001184506479362609090367?categoryNum=014010001,永川区,采购公告,2026-09-09,重庆市公共资源交易网,2026-09-11 11:03:03
关于为【土湾街道2026年重棉院院城市更新提升项目施工图审查】 公开选取【施工图设计文件审查】机构的公告,https://www.cqggzy.com/trade/014/PNII_5001062030889702609090365?categoryNum=014010001,沙坪坝区,采购公告,2026-09-09,重庆市公共资源交易网,2026-09-11 11:03:03
关于【奉节县吐祥镇就业创业园项目】中选结果的公告,https://www.cqggzy.com/trade/014/BRII_5002360086591762608240290?categoryNum=014010002,奉节县,中选公告,2026-09-09,重庆市公共资源交易网,2026-09-11 11:03:03
关于【忠县X108田园综合体环线高速路口至桂花村段修复养护工程】中选结果的公告,https://www.cqggzy.com/trade/014/BRII_5002336608927292609030063?categoryNum=014010002,忠县,中选公告,2026-09-09,重庆市公共资源交易网,2026-09-11 11:03:05
关于【忠县X818红光桥—福航昇（重庆）柑橘加工厂公路养护工程】中选结果的公告,https://www.cqggzy.com/trade/014/BRII_5002336608927292609030349?categoryNum=014010002,忠县,中选公告,2026-09-09,重庆市公共资源交易网,2026-09-11 11:03:05
关于为【2026-2027年度造价软件技术服务采购】 公开选取【信息咨询和技术服务】机构的公告,https://www.cqggzy.com/trade/014/PNII_5001157453112682609090383?categoryNum=014010001,长寿区,采购公告,2026-09-09,重庆市公共资源交易网,2026-09-11 11:03:05
关于为【树人博文小学新建综合楼项目地质灾害危险性评估】 公开选取【地质灾害防治】机构的公告,https://www.cqggzy.com/trade/014/PNII_5001062030889702609090363?categoryNum=014010001,沙坪坝区,采购公告,2026-09-09,重庆市公共资源交易网,2026-09-11 11:03:05
关于为【聘请律师事务所对竞买荣昌高新区一般工业固体废物处置场经营权项目编制法律意见书】 公开选取【律师事务所服务】机构的公告,https://www.cqggzy.com/trade/014/PNII_5002262038943582609090271?categoryNum=014010001,荣昌区,采购公告,2026-09-09,重庆市公共资源交易网,2026-09-11 11:03:05
关于【巫山县绿色转型发展及新型城镇化PPP项目运维成本评估服务】中选结果的公告,https://www.cqggzy.com/trade/014/BRII_50023770943747X2609030025?categoryNum=014010002,巫山县,中选公告,2026-09-09,重庆市公共资源交易网,2026-09-11 11:03:05
重庆市两江新区人民政府大石坝街道办事处食堂食材采购服务(JBQ26C00041)中标（成交）结果公告,https://www.cqggzy.com/trade/014/1673666784013889536_1?categoryNum=014005004,两江新区,采购结果公告,2026-09-09,重庆市公共资源交易网,2026-09-11 11:03:05
关于为【中加友谊小学风雨球场拆除工程项目】 公开选取【工程造价咨询】机构的公告,https://www.cqggzy.com/trade/014/PNII_5001014517533942609090356?categoryNum=014010001,万州区,采购公告,2026-09-09,重庆市公共资源交易网,2026-09-11 11:03:05
关于为【万州区龙沙镇、瀼渡镇2026年农村公路安防工程打捆项目】 公开选取【工程监理】机构的公告,https://www.cqggzy.com/trade/014/PNII_5001017453093952609090257?categoryNum=014010001,万州区,采购公告,2026-09-09,重庆市公共资源交易网,2026-09-11 11:03:05
关于为【奉节县兴隆镇中心卫生院民族医药文化馆建设暨中医药文化宣传教育基地改造提升工程等9个项目竣工财务决算】 公开选取【会计师事务所服务】机构的公告,https://www.cqggzy.com/trade/014/PNII_5002364518748312609080696?categoryNum=014010001,奉节县,采购公告,2026-09-09,重庆市公共资源交易网,2026-09-11 11:03:05
关于为【重庆市潼南区桂林街道井田社区共谊北都小区消防整改工程】 公开选取【工程设计】机构的公告,https://www.cqggzy.com/trade/014/PNII_500223MEA3023072609080438?categoryNum=014010001,潼南区,采购公告,2026-09-09,重庆市公共资源交易网,2026-09-11 11:03:05
关于为【黔江区濯水花田南区变压器搬迁工程】 公开选取【工程造价咨询】机构的公告,https://www.cqggzy.com/trade/014/PNII_500114MA5U46AQ82609090308?categoryNum=014010001,黔江区,采购公告,2026-09-09,重庆市公共资源交易网,2026-09-11 11:03:05
关于为【大足区2026年三个职能部门整体绩效包1】 公开选取【会计师事务所服务，管理和决策咨询】机构的公告,https://www.cqggzy.com/trade/014/PNII_5001110532178602609090304?categoryNum=014010001,大足区,采购公告,2026-09-09,重庆市公共资源交易网,2026-09-11 11:03:06
关于为【重庆市沙坪坝区五云山寨文教旅综合项目结构安全和抗震鉴定服务】 公开选取【建设工程质量检测】机构的公告,https://www.cqggzy.com/trade/014/PNII_5001062030980952609090266?categoryNum=014010001,沙坪坝区,采购公告,2026-09-09,重庆市公共资源交易网,2026-09-11 11:03:06
关于【城区路灯灯杆及南滨公园消落带护栏防腐工程招标代理】中选结果的公告,https://www.cqggzy.com/trade/014/BRII_500101MB1U461042608260830?categoryNum=014010002,万州区,中选公告,2026-09-09,重庆市公共资源交易网,2026-09-11 11:03:06
关于【江津区龙华镇五台村五玉路隐患整治工程预算编制单位采购服务】中选结果的公告,https://www.cqggzy.com/trade/014/BRII_5001160093204142609040120?categoryNum=014010002,江津区,中选公告,2026-09-09,重庆市公共资源交易网,2026-09-11 11:03:06
关于【江津区龙华镇五台村五玉路隐患整治工程施工图设计服务单位采购】中选结果的公告,https://www.cqggzy.com/trade/014/BRII_5001160093204142609040159?categoryNum=014010002,江津区,中选公告,2026-09-09,重庆市公共资源交易网,2026-09-11 11:03:06
关于为【黔江正阳山观景楼资产办证测绘评估】 公开选取【测绘】机构的公告,https://www.cqggzy.com/trade/014/PNII_500114MAABPXFK02609090299?categoryNum=014010001,黔江区,采购公告,2026-09-09,重庆市公共资源交易网,2026-09-11 11:03:06
关于为【大渡口区民主党派之家建设工程招标代理】 公开选取【工程建设项目招标代理】机构的公告,https://www.cqggzy.com/trade/014/PNII_500104MAD7PPUTX2609090297?categoryNum=014010001,大渡口区,采购公告,2026-09-09,重庆市公共资源交易网,2026-09-11 11:03:06
关于为【开州区义和镇相辞村2026年特色旅居村以工代赈项目检验检测服务】 公开选取【检验检测服务】机构的公告,https://www.cqggzy.com/trade/014/PNII_50023400864779X2609080868?categoryNum=014010001,开州区,采购公告,2026-09-09,重庆市公共资源交易网,2026-09-11 11:03:06
关于为【中加友谊小学风雨球场拆除工程项目】 公开选取【工程造价咨询】机构的公告,https://www.cqggzy.com/trade/014/PNII_5001014517533942609090360?categoryNum=014010001,万州区,采购公告,2026-09-09,重庆市公共资源交易网,2026-09-11 11:03:06
关于为【重庆市云阳实验中学校高中部学生宿舍楼建设项目】 公开选取【工程建设项目招标代理】机构的公告,https://www.cqggzy.com/trade/014/PNII_5002350912228552609090045?categoryNum=014010001,云阳县,采购公告,2026-09-09,重庆市公共资源交易网,2026-09-11 11:03:06
关于为【荣昌区昌州街道城北加油站迁建项目社会风险评估】 公开选取【社会工作服务评估】机构的公告,https://www.cqggzy.com/trade/014/PNII_5002266664367082609090285?categoryNum=014010001,荣昌区,采购公告,2026-09-09,重庆市公共资源交易网,2026-09-11 11:03:06
关于为【重庆电厂城市更新项目—轨道18号线电厂站周边区域整治项目预算编制采购服务】 公开选取【工程造价咨询】机构的公告,https://www.cqggzy.com/trade/014/PNII_50010777845656X2609090289?categoryNum=014010001,九龙坡区,采购公告,2026-09-09,重庆市公共资源交易网,2026-09-11 11:03:06
关于为【覃家岗街道梨树湾村瓦厂嘴受大学城复线隧道施工影响李良等3栋（户）房屋排危整治监理】 公开选取【工程监理】机构的公告,https://www.cqggzy.com/trade/014/PNII_5001062030889702609090353?categoryNum=014010001,沙坪坝区,采购公告,2026-09-09,重庆市公共资源交易网,2026-09-11 11:03:08
关于【2026年8月-2027年8月图跟精度控制点、5米方格网分方、收方测量】中选结果的公告,https://www.cqggzy.com/trade/014/BRII_5001032029337302608280446?categoryNum=014010002,渝中区,中选公告,2026-09-09,重庆市公共资源交易网,2026-09-11 11:03:08
关于【恒大翡翠湾支路土地评估】中选结果的公告,https://www.cqggzy.com/trade/014/BRII_5001097784554792609040082?categoryNum=014010002,北碚区,中选公告,2026-09-09,重庆市公共资源交易网,2026-09-11 11:03:08
关于【关于重庆缙善物业管理有限公司综合金融咨询服务机构采购】中选结果的公告,https://www.cqggzy.com/trade/014/BRII_5001097530652632609040020?categoryNum=014010002,北碚区,中选公告,2026-09-09,重庆市公共资源交易网,2026-09-11 11:03:08
关于为【2026年董家镇三仙湖村麻辣鸡原料配套建设项目结算审核单位中介服务采购说明】 公开选取【工程造价咨询】机构的公告,https://www.cqggzy.com/trade/014/PNII_5002300086895512609090251?categoryNum=014010001,丰都县,采购公告,2026-09-09,重庆市公共资源交易网,2026-09-11 11:03:08
关于为【彭水自治县2025年农村饮水维修养护项目】 公开选取【工程造价咨询】机构的公告,https://www.cqggzy.com/trade/014/PNII_5002430091536872609090341?categoryNum=014010001,彭水县,采购公告,2026-09-09,重庆市公共资源交易网,2026-09-11 11:03:08
关于【开州区2026年大豆单产提升工程建设项目招标代理】中选结果的公告,https://www.cqggzy.com/trade/014/BRII_5002345540924532608250668?categoryNum=014010002,开州区,中选公告,2026-09-09,重庆市公共资源交易网,2026-09-11 11:03:08
关于为【万盛经开区采煤沉陷区中盛小学教学综合楼新建工程项目消防验收前检测】 公开选取【消防技术服务】机构的公告,https://www.cqggzy.com/trade/014/PNII_5001996664355962609090242?categoryNum=014010001,万盛区,采购公告,2026-09-09,重庆市公共资源交易网,2026-09-11 11:03:08
重庆市沙坪坝区公共停车管理处采购“三峡广场、磁器口”一体化智慧停车引导系统服务(SPB26C00155)公开招标公告,https://www.cqggzy.com/trade/014/1673738025903108096?categoryNum=014005001,沙坪坝区,采购公告,2026-09-09,重庆市公共资源交易网,2026-09-11 11:03:08
关于为【彭水县黄家镇2024年黄家镇先锋5组机械冷藏保鲜库建设项目工程造价咨询】 公开选取【工程造价咨询】机构的公告,https://www.cqggzy.com/trade/014/PNII_5002436635822752609090292?categoryNum=014010001,彭水县,采购公告,2026-09-09,重庆市公共资源交易网,2026-09-11 11:03:08
关于为【两路街道2026年三无单体楼化粪池、检查井清掏疏浚项目采购招标代理服务】 公开选取【招标代理】机构的公告,https://www.cqggzy.com/trade/014/PNII_500198MB0B1877X2609090230?categoryNum=014010001,两江新区,采购公告,2026-09-09,重庆市公共资源交易网,2026-09-11 11:03:08
关于为【支坪镇还建房监控安装项目 （结算审核）】 公开选取【工程造价咨询】机构的公告,https://www.cqggzy.com/trade/014/PNII_5001167626581322609090343?categoryNum=014010001,江津区,采购公告,2026-09-09,重庆市公共资源交易网,2026-09-11 11:03:08
关于为【江津区新城佳苑电梯采购及安装工程 （结算审核）】 公开选取【工程造价咨询】机构的公告,https://www.cqggzy.com/trade/014/PNII_5001166862191532609090324?categoryNum=014010001,江津区,采购公告,2026-09-09,重庆市公共资源交易网,2026-09-11 11:03:09
关于为【教学硬件更新项目】 公开选取【工程监理】机构的公告,https://www.cqggzy.com/trade/014/PNII_5002424529984572609090318?categoryNum=014010001,酉阳县,采购公告,2026-09-09,重庆市公共资源交易网,2026-09-11 11:03:09
关于为【渝东北（云阳）军民一体化融合基地户外活动（运动）设施采购及安装】 公开选取【招标代理】机构的公告,https://www.cqggzy.com/trade/014/PNII_5002355979669902609090254?categoryNum=014010001,云阳县,采购公告,2026-09-09,重庆市公共资源交易网,2026-09-11 11:03:09
车牌号为赣B006N6宝马牌小型普通客车一辆,https://www.cqggzy.com/trade/014/O198889?categoryNum=014013002,市级,司法拍卖,2026-09-09,重庆市公共资源交易网,2026-09-11 11:03:09
关于【双凤镇红江水库、杨家院水库维修养护工程设计服务】中选结果的公告,https://www.cqggzy.com/trade/014/BRII_5001170093265682609060001?categoryNum=014010002,合川区,中选公告,2026-09-09,重庆市公共资源交易网,2026-09-11 11:03:09
关于为【重庆站盖上保障性租赁住房项目(A8-7部分地块)土壤污染状况调查服务】 公开选取【污染场地评估咨询与治理修复】机构的公告,https://www.cqggzy.com/trade/014/PNII_500103MA617Q0C62609090303?categoryNum=014010001,渝中区,采购公告,2026-09-09,重庆市公共资源交易网,2026-09-11 11:03:09
关于【拓展区组件三项目用地边界、社界放线测量】中选结果的公告,https://www.cqggzy.com/trade/014/BRII_5001097907117972608260536?categoryNum=014010002,北碚区,中选公告,2026-09-09,重庆市公共资源交易网,2026-09-11 11:03:09
关于【拓展区组件二项目房屋测量】中选结果的公告,https://www.cqggzy.com/trade/014/BRII_5001097907117972608260585?categoryNum=014010002,北碚区,中选公告,2026-09-09,重庆市公共资源交易网,2026-09-11 11:03:09
关于【拓展区组件二项目从事生产经营活动的构筑物清理测量】中选结果的公告,https://www.cqggzy.com/trade/014/BRII_5001097907117972608260562?categoryNum=014010002,北碚区,中选公告,2026-09-09,重庆市公共资源交易网,2026-09-11 11:03:09
关于【拓展区组件二项目用地边界、社界放线测量】中选结果的公告,https://www.cqggzy.com/trade/014/BRII_5001097907117972608260500?categoryNum=014010002,北碚区,中选公告,2026-09-09,重庆市公共资源交易网,2026-09-11 11:03:09
双园路环境整治提升(DDK26B00014)采购更正公告,https://www.cqggzy.com/trade/014/1673729892384288768?categoryNum=014005002,大渡口区,答疑变更,2026-09-09,重庆市公共资源交易网,2026-09-11 11:03:09
航道运行监测预警服务项目(CQS26C02103)采购更正公告（三）,https://www.cqggzy.com/trade/014/1673729607091924992?categoryNum=014005002,市级,答疑变更,2026-09-09,重庆市公共资源交易网,2026-09-11 11:03:09
南川区地质灾害群专结合监测预警（新建）项目(CQS26C02091)中标（成交）结果公告,https://www.cqggzy.com/trade/014/1673727298991599616_1?categoryNum=014005004,市级,采购结果公告,2026-09-09,重庆市公共资源交易网,2026-09-11 11:03:11
关于【铜梁区山洪灾害补充调查评价和危险区图编制项目】中选结果的公告,https://www.cqggzy.com/trade/014/BRII_5002240093345332609030558?categoryNum=014010002,铜梁区,中选公告,2026-09-09,重庆市公共资源交易网,2026-09-11 11:03:11
黔江区2026年城镇生活污泥无害化处置服务采购项目（第二次）(QIJ26C00035)公开招标公告,https://www.cqggzy.com/trade/014/1673721751974227968?categoryNum=014005001,黔江区,采购公告,2026-09-09,重庆市公共资源交易网,2026-09-11 11:03:11
重庆市巴渝山地鸡区域公用品牌建设(CQS26C02280)成交结果公告,https://www.cqggzy.com/trade/014/1673721380530860032_1?categoryNum=014005004,市级,采购结果公告,2026-09-09,重庆市公共资源交易网,2026-09-11 11:03:11
关于【渝中区中山二路沿线人防工程排危改造项目方案设计、项目建议书编制、可行性研究报告编制】中选结果的公告,https://www.cqggzy.com/trade/014/BRII_500103MB1P736262609040438?categoryNum=014010002,渝中区,中选公告,2026-09-09,重庆市公共资源交易网,2026-09-11 11:03:11
关于【渝中区中山二路沿线人防工程排危改造项目初步设计】中选结果的公告,https://www.cqggzy.com/trade/014/BRII_500103MB1P736262609040399?categoryNum=014010002,渝中区,中选公告,2026-09-09,重庆市公共资源交易网,2026-09-11 11:03:11
关于【重庆市江津区中心医院医学检验科PCR室改造项目--招标代理服务】中选结果的公告,https://www.cqggzy.com/trade/014/BRII_5001164505538172609040289?categoryNum=014010002,江津区,中选公告,2026-09-09,重庆市公共资源交易网,2026-09-11 11:03:11
关于【贵祥驾校与廉租房之间隔离防护围栏安装工程项目物资材料采购】中选结果的公告,https://www.cqggzy.com/trade/014/BRII_5002435889002522609040179?categoryNum=014010002,彭水县,中选公告,2026-09-09,重庆市公共资源交易网,2026-09-11 11:03:11
关于【潼樾府幼儿园劳务外包招标采购】中选结果的公告,https://www.cqggzy.com/trade/014/BRII_500223MB1K508092609030742?categoryNum=014010002,潼南区,中选公告,2026-09-09,重庆市公共资源交易网,2026-09-11 11:03:11
关于【彭水县苗医苗药及特色食品产业孵化园建设项目一期（特色食品配套设施）】中选结果的公告,https://www.cqggzy.com/trade/014/BRII_5002435889002522609030745?categoryNum=014010002,彭水县,中选公告,2026-09-09,重庆市公共资源交易网,2026-09-11 11:03:11
关于【彭水县苗医苗药及特色食品产业孵化园建设项目一期（特色食品配套设施）】中选结果的公告,https://www.cqggzy.com/trade/014/BRII_5002435889002522609030734?categoryNum=014010002,彭水县,中选公告,2026-09-09,重庆市公共资源交易网,2026-09-11 11:03:11
关于【朵力名都20栋2、3单元、21栋2单元、22栋1、2、3单元、29栋2号电梯换新项目】中选结果的公告,https://www.cqggzy.com/trade/014/BRII_5001077339831712609040428?categoryNum=014010002,九龙坡区,中选公告,2026-09-09,重庆市公共资源交易网,2026-09-11 11:03:11
财务及项目管理场景建设(CQS26C02148)公开招标公告,https://www.cqggzy.com/trade/014/1673426675540733952?categoryNum=014005001,市级,采购公告,2026-09-09,重庆市公共资源交易网,2026-09-11 11:03:12
关于【石堰镇范家桥休闲垂钓基地建设项目-设计单位】中选结果的公告,https://www.cqggzy.com/trade/014/BRII_5001150093046682609030687?categoryNum=014010002,长寿区,中选公告,2026-09-09,重庆市公共资源交易网,2026-09-11 11:03:12
2026年越南青年来华“红色研学之旅”之“薪火相传”研学营服务项目(CQS26C02393)中标（成交）结果公告,https://www.cqggzy.com/trade/014/1673713306629877760_1?categoryNum=014005004,市级,采购结果公告,2026-09-09,重庆市公共资源交易网,2026-09-11 11:03:12
关于【石堰镇范家桥休闲垂钓基地建设项目-洪水影响评价单位】中选结果的公告,https://www.cqggzy.com/trade/014/BRII_5001150093046682609030692?categoryNum=014010002,长寿区,中选公告,2026-09-09,重庆市公共资源交易网,2026-09-11 11:03:12
大坪监狱围墙加固维修项目(CQS26B00104)中标（成交）结果公告,https://www.cqggzy.com/trade/014/1673710079599489024_1?categoryNum=014005004,市级,采购结果公告,2026-09-09,重庆市公共资源交易网,2026-09-11 11:03:12
关于【芙蓉洞灯光维修项目招标代理】中选结果的公告,https://www.cqggzy.com/trade/014/BRII_50023255203046X2609040434?categoryNum=014010002,武隆区,中选公告,2026-09-09,重庆市公共资源交易网,2026-09-11 11:03:12
关于【八颗垃圾压缩站搬迁项目】中选结果的公告,https://www.cqggzy.com/trade/014/BRII_5001150093048282609040366?categoryNum=014010002,长寿区,中选公告,2026-09-09,重庆市公共资源交易网,2026-09-11 11:03:12
秀山县2026年补充耕地质量验收县级初鉴服务采购（包2：土壤样品制备和检测）（第二次）(XSX26C00046)中标（成交）结果公告,https://www.cqggzy.com/trade/014/1673709584843583488_1?categoryNum=014005004,秀山县,采购结果公告,2026-09-09,重庆市公共资源交易网,2026-09-11 11:03:12
关于【楠木乡冷水鱼加工及配套基础设施建设项目监理服务】中选结果的公告,https://www.cqggzy.com/trade/014/BRII_5002420091484232608170868?categoryNum=014010002,酉阳县,中选公告,2026-09-09,重庆市公共资源交易网,2026-09-11 11:03:12
关于【酉阳县楠木乡公共卫生厕所建设项目监理服务】中选结果的公告,https://www.cqggzy.com/trade/014/BRII_5002420091484232608170843?categoryNum=014010002,酉阳县,中选公告,2026-09-09,重庆市公共资源交易网,2026-09-11 11:03:12
关于【酉阳县楠木乡苍堡屋基等易地扶贫搬迁集中安置点改造项目监理服务】中选结果的公告,https://www.cqggzy.com/trade/014/BRII_5002420091484232608170859?categoryNum=014010002,酉阳县,中选公告,2026-09-09,重庆市公共资源交易网,2026-09-11 11:03:12
关于【丰都县树人镇白江洞村太和书院镇村史文化建设项目结算服务】中选结果的公告,https://www.cqggzy.com/trade/014/BRII_5002300086896072609020164?categoryNum=014010002,丰都县,中选公告,2026-09-09,重庆市公共资源交易网,2026-09-11 11:03:12
关于【马家岩天桥旁堡坎安全隐患整治项目工程监理采购】中选结果的公告,https://www.cqggzy.com/trade/014/BRII_5001067453232692609040389?categoryNum=014010002,沙坪坝区,中选公告,2026-09-09,重庆市公共资源交易网,2026-09-11 11:03:14
关于【酉阳自治县可大乡新溪小学校园线路改造项目-可行性研究报告】中选结果的公告,https://www.cqggzy.com/trade/014/BRII_5002427453249582609040346?categoryNum=014010002,酉阳县,中选公告,2026-09-09,重庆市公共资源交易网,2026-09-11 11:03:14
关于【大足区2026年国梁镇全力村发展新型农村集体经济项目】中选结果的公告,https://www.cqggzy.com/trade/014/BRII_500111MF62174832609030667?categoryNum=014010002,大足区,中选公告,2026-09-09,重庆市公共资源交易网,2026-09-11 11:03:14
关于为【江津区油溪镇、吴滩镇农村供水安全保障工程施工招标代理】 公开选取【工程建设项目招标代理】机构的公告,https://www.cqggzy.com/trade/014/PNII_5001166733897432609090223?categoryNum=014010001,江津区,采购公告,2026-09-09,重庆市公共资源交易网,2026-09-11 11:03:14
关于为【江津区先锋镇、李市镇、西湖镇等7个镇街农村供水安全保障工程施工招标代理】 公开选取【工程建设项目招标代理】机构的公告,https://www.cqggzy.com/trade/014/PNII_5001166733897432609090231?categoryNum=014010001,江津区,采购公告,2026-09-09,重庆市公共资源交易网,2026-09-11 11:03:14
关于【万州区走马镇走马社区环境整治工程监理单位采购】中选结果的公告,https://www.cqggzy.com/trade/014/BRII_5001012079067902609030078?categoryNum=014010002,万州区,中选公告,2026-09-09,重庆市公共资源交易网,2026-09-11 11:03:14
关于【潼南区养老机构品质提升及智能化改造项目预算编制】中选结果的公告,https://www.cqggzy.com/trade/014/BRII_500223MA5YTRPE22609030095?categoryNum=014010002,潼南区,中选公告,2026-09-09,重庆市公共资源交易网,2026-09-11 11:03:14
关于【6寸功率半导体厂房及配套设施项目（电线电缆质量检测）】中选结果的公告,https://www.cqggzy.com/trade/014/BRII_5001022085506502609070195?categoryNum=014010002,涪陵区,中选公告,2026-09-09,重庆市公共资源交易网,2026-09-11 11:03:14
关于【2026年度生命文化服务智慧运营平台三级等级保护测评】中选结果的公告,https://www.cqggzy.com/trade/014/BRII_5001066786647402609040059?categoryNum=014010002,沙坪坝区,中选公告,2026-09-09,重庆市公共资源交易网,2026-09-11 11:03:14
关于【万州区2026年山洪灾害防治非工程措施设施维修养护招标代理】中选结果的公告,https://www.cqggzy.com/trade/014/BRII_5001013586983002609040351?categoryNum=014010002,万州区,中选公告,2026-09-09,重庆市公共资源交易网,2026-09-11 11:03:14
关于【长寿区江南街道2026-2028年度松材线松材线虫病疫木除治项目】中选结果的公告,https://www.cqggzy.com/trade/014/BRII_5001150093038762609040442?categoryNum=014010002,长寿区,中选公告,2026-09-09,重庆市公共资源交易网,2026-09-11 11:03:14
关于【璧山区七塘镇2026年供水保障工程】中选结果的公告,https://www.cqggzy.com/trade/014/BRII_5002270093457932609040314?categoryNum=014010002,璧山区,中选公告,2026-09-09,重庆市公共资源交易网,2026-09-11 11:03:14
关于为【江津区轨道交通北站军缆通信线路拆迁工程 （结算审核）】 公开选取【工程造价咨询】机构的公告,https://www.cqggzy.com/trade/014/PNII_5001166862191532609090312?categoryNum=014010001,江津区,采购公告,2026-09-09,重庆市公共资源交易网,2026-09-11 11:03:16
关于【奉节县夔门街道金盆片区老旧小区配套基础设施改造项目】中选结果的公告,https://www.cqggzy.com/trade/014/BRII_500236MB1M388442609040117?categoryNum=014010002,奉节县,中选公告,2026-09-09,重庆市公共资源交易网,2026-09-11 11:03:16
关于为【学生宿舍（15#楼）渗水、开裂维修改造】 公开选取【工程监理】机构的公告,https://www.cqggzy.com/trade/014/PNII_5002424529984572609090310?categoryNum=014010001,酉阳县,采购公告,2026-09-09,重庆市公共资源交易网,2026-09-11 11:03:16
关于【垫江县2026年杠家镇高标准农田非耕地整改补建项目】中选结果的公告,https://www.cqggzy.com/trade/014/BRII_50023100867953X2609040461?categoryNum=014010002,垫江县,中选公告,2026-09-09,重庆市公共资源交易网,2026-09-11 11:03:16
关于为【新城佳苑项目质保维修（第一期） （结算审核）】 公开选取【工程造价咨询】机构的公告,https://www.cqggzy.com/trade/014/PNII_5001166862191532609090298?categoryNum=014010001,江津区,采购公告,2026-09-09,重庆市公共资源交易网,2026-09-11 11:03:16
关于为【综合保税区周边配套区L01-03/01、L01-06/01、L02-05/01号地块1:500地形图测绘技术服务】 公开选取【测绘】机构的公告,https://www.cqggzy.com/trade/014/PNII_500116MA6036WD02609080200?categoryNum=014010001,江津区,采购公告,2026-09-09,重庆市公共资源交易网,2026-09-11 11:03:16
关于【奉节县黑寒包片区老旧小区改造及配套设施建设项目】中选结果的公告,https://www.cqggzy.com/trade/014/BRII_500236MB1M388442609040129?categoryNum=014010002,奉节县,中选公告,2026-09-09,重庆市公共资源交易网,2026-09-11 11:03:16
关于【万州区瀼渡等镇村供水基础设施改造工程招标代理采购需求】中选结果的公告,https://www.cqggzy.com/trade/014/BRII_5001017428959312609030422?categoryNum=014010002,万州区,中选公告,2026-09-09,重庆市公共资源交易网,2026-09-11 11:03:16
关于【奉节县朝阳社区老旧小区提升改造项目】中选结果的公告,https://www.cqggzy.com/trade/014/BRII_500236MB1M388442609040139?categoryNum=014010002,奉节县,中选公告,2026-09-09,重庆市公共资源交易网,2026-09-11 11:03:16
关于【石柱县三河镇健身动步公园建设项目】中选结果的公告,https://www.cqggzy.com/trade/014/BRII_5002407398140962609040387?categoryNum=014010002,石柱县,中选公告,2026-09-09,重庆市公共资源交易网,2026-09-11 11:03:16
关于【重庆市中韵牧业有限责任公司】中选结果的公告,https://www.cqggzy.com/trade/014/BRII_500235MA603K2522609040009?categoryNum=014010002,云阳县,中选公告,2026-09-09,重庆市公共资源交易网,2026-09-11 11:03:16
关于【大足区宝顶镇2026年度农村旧房整治提升改造工程（监理服务）】中选结果的公告,https://www.cqggzy.com/trade/014/BRII_5001110093489352609040524?categoryNum=014010002,大足区,中选公告,2026-09-09,重庆市公共资源交易网,2026-09-11 11:03:16
关于【开州区中医院共享中药房中药饮片煎煮、配送服务招标代理】中选结果的公告,https://www.cqggzy.com/trade/014/BRII_5002344517887812609040318?categoryNum=014010002,开州区,中选公告,2026-09-09,重庆市公共资源交易网,2026-09-11 11:03:18
关于【重庆市江津区朱杨镇卫生院 门诊住院综合楼屋顶防水改造预算审核】中选结果的公告,https://www.cqggzy.com/trade/014/BRII_5001164505541742609070019?categoryNum=014010002,江津区,中选公告,2026-09-09,重庆市公共资源交易网,2026-09-11 11:03:18
关于【段坪村水厂整治工程、段坪村小垭河水库堰沟整修】中选结果的公告,https://www.cqggzy.com/trade/014/BRII_5002360086588432609030793?categoryNum=014010002,奉节县,中选公告,2026-09-09,重庆市公共资源交易网,2026-09-11 11:03:18
关于【华新桥北村、华新村片区老旧小区基础设施配套工程（二期）概算编制】中选结果的公告,https://www.cqggzy.com/trade/014/BRII_500105MA6105RF72609030652?categoryNum=014010002,江北区,中选公告,2026-09-09,重庆市公共资源交易网,2026-09-11 11:03:18
关于为【HC21道路隐患排查整治项目设计单位招标代理】 公开选取【招标代理】机构的公告,https://www.cqggzy.com/trade/014/PNII_5001087093292252609080638?categoryNum=014010001,南岸区,采购公告,2026-09-09,重庆市公共资源交易网,2026-09-11 11:03:18
关于为【重庆云阳建全抽水蓄能电站建设征地移民安置规划交通复建道路（海坝村2号）】 公开选取【会计师事务所服务】机构的公告,https://www.cqggzy.com/trade/014/PNII_5002350086578832609090296?categoryNum=014010001,云阳县,采购公告,2026-09-09,重庆市公共资源交易网,2026-09-11 11:03:18
关于为【鼎山小学劳动基地建设工程预算编制服务】 公开选取【工程造价咨询】机构的公告,https://www.cqggzy.com/trade/014/PNII_500116MB11174702609090218?categoryNum=014010001,江津区,采购公告,2026-09-09,重庆市公共资源交易网,2026-09-11 11:03:18
南川区三甲医院医疗设备更新项目(康复治疗设备一批)(NCQ26A00405)中标（成交）结果公告,https://www.cqggzy.com/trade/014/1673700747059179520_4?categoryNum=014005004,南川区,采购结果公告,2026-09-09,重庆市公共资源交易网,2026-09-11 11:03:18
南川区三甲医院医疗设备更新项目(康复治疗设备一批)(NCQ26A00405)中标（成交）结果公告,https://www.cqggzy.com/trade/014/1673700747059179520_3?categoryNum=014005004,南川区,采购结果公告,2026-09-09,重庆市公共资源交易网,2026-09-11 11:03:18
南川区三甲医院医疗设备更新项目(康复治疗设备一批)(NCQ26A00405)中标（成交）结果公告,https://www.cqggzy.com/trade/014/1673700747059179520_2?categoryNum=014005004,南川区,采购结果公告,2026-09-09,重庆市公共资源交易网,2026-09-11 11:03:18
南川区三甲医院医疗设备更新项目(康复治疗设备一批)(NCQ26A00405)中标（成交）结果公告,https://www.cqggzy.com/trade/014/1673700747059179520_1?categoryNum=014005004,南川区,采购结果公告,2026-09-09,重庆市公共资源交易网,2026-09-11 11:03:18
重庆五一职业技术学院公共实训教学台式计算机采购(CQS26A02808)中标（成交）结果公告,https://www.cqggzy.com/trade/014/1673394667833831424_1?categoryNum=014005004,市级,采购结果公告,2026-09-09,重庆市公共资源交易网,2026-09-11 11:03:18
关于为【巫溪县渔渡村弃渣场临时用地项目】 公开选取【测绘】机构的公告,https://www.cqggzy.com/trade/014/PNII_50023874530405X2609090209?categoryNum=014010001,巫溪县,采购公告,2026-09-09,重庆市公共资源交易网,2026-09-11 11:03:20
永川区“四好农村路”来苏镇水磨滩、唐家坪、塔院村（CZ4502）斑石路改建工程(YCQ26B00048)中标（成交）结果公告,https://www.cqggzy.com/trade/014/1673425714499858432_1?categoryNum=014005004,永川区,采购结果公告,2026-09-09,重庆市公共资源交易网,2026-09-11 11:03:20
关于【万州区新田等迁建区农村污水管网改造工程招标代理采购需求】中选结果的公告,https://www.cqggzy.com/trade/014/BRII_500101MA608QRD02609030344?categoryNum=014010002,万州区,中选公告,2026-09-09,重庆市公共资源交易网,2026-09-11 11:03:20
关于【被投资单位“重庆市中韵牧业有限责任公司”自投资以来股权价值的评估】中选结果的公告,https://www.cqggzy.com/trade/014/BRII_500235MA603K2522609040466?categoryNum=014010002,云阳县,中选公告,2026-09-09,重庆市公共资源交易网,2026-09-11 11:03:20
关于为【梁平区殡仪馆建设项目】 公开选取【会计师事务所服务】机构的公告,https://www.cqggzy.com/trade/014/PNII_5002286814518932609090191?categoryNum=014010001,梁平区,采购公告,2026-09-09,重庆市公共资源交易网,2026-09-11 11:03:20
关于为【重庆市荣昌区文化和旅游发展委员会关于体育场功能房改造项目招标代理采购】 公开选取【招标代理】机构的公告,https://www.cqggzy.com/trade/014/PNII_5002267093495092609090291?categoryNum=014010001,荣昌区,采购公告,2026-09-09,重庆市公共资源交易网,2026-09-11 11:03:20
关于为【重庆云阳建全抽水蓄能电站建设征地移民安置规划交通复建道路（金惠村）】 公开选取【会计师事务所服务】机构的公告,https://www.cqggzy.com/trade/014/PNII_5002350086578832609090290?categoryNum=014010001,云阳县,采购公告,2026-09-09,重庆市公共资源交易网,2026-09-11 11:03:20
江津科技馆“空天科技互动研学体验区”项目(第二次)(JJQ26A00643)中标（成交）结果公告,https://www.cqggzy.com/trade/014/1673699333293518848_1?categoryNum=014005004,江津区,采购结果公告,2026-09-09,重庆市公共资源交易网,2026-09-11 11:03:20
2026-2027年度两江新区学校一键式紧急报警系统运营维护服务(JBQ26C00072)公开招标公告,https://www.cqggzy.com/trade/014/1673689988283543552?categoryNum=014005001,两江新区,采购公告,2026-09-09,重庆市公共资源交易网,2026-09-11 11:03:20
关于【奉节县老旧小区楼道革命改造项目（一期）】中选结果的公告,https://www.cqggzy.com/trade/014/BRII_500236MB1M388442609040148?categoryNum=014010002,奉节县,中选公告,2026-09-09,重庆市公共资源交易网,2026-09-11 11:03:20
关于为【A级旅游景区边界坐标采集地形图测绘】 公开选取【测绘】机构的公告,https://www.cqggzy.com/trade/014/PNII_500114MA60EM4J52609090189?categoryNum=014010001,黔江区,采购公告,2026-09-09,重庆市公共资源交易网,2026-09-11 11:03:20
关于为【涪陵区白涛街道谷花沟山洪灾害防治工程施工图设计服务】 公开选取【工程设计】机构的公告,https://www.cqggzy.com/trade/014/PNII_5001026608815792609090278?categoryNum=014010001,涪陵区,采购公告,2026-09-09,重庆市公共资源交易网,2026-09-11 11:03:20
关于为【重庆云阳建全抽水蓄能电站建设征地移民安置规划交通复建道路（绕行道路增设错车道）】 公开选取【工程造价咨询】机构的公告,https://www.cqggzy.com/trade/014/PNII_5002350086578832609090275?categoryNum=014010001,云阳县,采购公告,2026-09-09,重庆市公共资源交易网,2026-09-11 11:03:22
关于【垫江县砚台镇盐浴大桥处龙溪河河堤排危整治工程项目测绘、设计及预算服务项目】中选结果的公告,https://www.cqggzy.com/trade/014/BRII_50023174533841X2609040268?categoryNum=014010002,垫江县,中选公告,2026-09-09,重庆市公共资源交易网,2026-09-11 11:03:22
关于为【2026-425#某市政改造项目（预算）】 公开选取【工程造价咨询】机构的公告,https://www.cqggzy.com/trade/014/PNII_5002236814909052609090205?categoryNum=014010001,潼南区,采购公告,2026-09-09,重庆市公共资源交易网,2026-09-11 11:03:22
关于【前沿科技城C4、N8片区剩余道路项目监测】中选结果的公告,https://www.cqggzy.com/trade/014/BRII_5001123556202842609040452?categoryNum=014010002,渝北区,中选公告,2026-09-09,重庆市公共资源交易网,2026-09-11 11:03:22
关于【“两江四岸”治理提升长江北岸线贯通工程住宅部分协议搬迁项目法律风险分析报告采购公告】中选结果的公告,https://www.cqggzy.com/trade/014/BRII_50010777845656X2609070152?categoryNum=014010002,九龙坡区,中选公告,2026-09-09,重庆市公共资源交易网,2026-09-11 11:03:22
关于为【2025年度巫山县三峡库区移民安置区高切坡维护 （第三批）设计单位采购说明】 公开选取【工程设计】机构的公告,https://www.cqggzy.com/trade/014/PNII_50023778420369X2609090187?categoryNum=014010001,巫山县,采购公告,2026-09-09,重庆市公共资源交易网,2026-09-11 11:03:22
关于【巫溪县2026年度林草管理范围内地类变化调查和林业草原湿地荒漠化普查技术服务】中选结果的公告,https://www.cqggzy.com/trade/014/BRII_5002387339647982609020215?categoryNum=014010002,巫溪县,中选公告,2026-09-09,重庆市公共资源交易网,2026-09-11 11:03:22
关于为【重庆云阳建全抽水蓄能电站建设征地移民安置规划交通复建道路（绕行道路增设错车道）】 公开选取【会计师事务所服务】机构的公告,https://www.cqggzy.com/trade/014/PNII_5002350086578832609090280?categoryNum=014010001,云阳县,采购公告,2026-09-09,重庆市公共资源交易网,2026-09-11 11:03:22
关于为【大渡口区民主党派之家建设工程可研评审单位采购】 公开选取【工程咨询】机构的公告,https://www.cqggzy.com/trade/014/PNII_5001040092864202609090177?categoryNum=014010001,大渡口区,采购公告,2026-09-09,重庆市公共资源交易网,2026-09-11 11:03:22
关于【重庆市涪陵区推进新型工业化课题研究报告编制】中选结果的公告,https://www.cqggzy.com/trade/014/BRII_5001026992554602608260557?categoryNum=014010002,涪陵区,中选公告,2026-09-09,重庆市公共资源交易网,2026-09-11 11:03:22
1000kV高压试验大厅（第二次）(CQS26A00972)中标（成交）结果公告,https://www.cqggzy.com/trade/014/1673694002677067776_1?categoryNum=014005004,市级,采购结果公告,2026-09-09,重庆市公共资源交易网,2026-09-11 11:03:22
合川区殡仪馆火化车间殡葬设备采购项目(HCQ26A00772)中标（成交）结果公告,https://www.cqggzy.com/trade/014/1673695479323734016_1?categoryNum=014005004,合川区,采购结果公告,2026-09-09,重庆市公共资源交易网,2026-09-11 11:03:24
关于【2026年乌杨街道五岭社区道路硬化项目结算审核】中选结果的公告,https://www.cqggzy.com/trade/014/BRII_5002337094823502609020758?categoryNum=014010002,忠县,中选公告,2026-09-09,重庆市公共资源交易网,2026-09-11 11:03:24
关于【2026年乌杨街道青岭社区道路硬化项目监理服务】中选结果的公告,https://www.cqggzy.com/trade/014/BRII_5002337094823502609020783?categoryNum=014010002,忠县,中选公告,2026-09-09,重庆市公共资源交易网,2026-09-11 11:03:24
关于【2026年乌杨街道兴合村道路硬化项目结算审核】中选结果的公告,https://www.cqggzy.com/trade/014/BRII_5002337094823502609020773?categoryNum=014010002,忠县,中选公告,2026-09-09,重庆市公共资源交易网,2026-09-11 11:03:24
关于【璧山区2026年七塘镇农创园建设项目】中选结果的公告,https://www.cqggzy.com/trade/014/BRII_5002270093457932609040322?categoryNum=014010002,璧山区,中选公告,2026-09-09,重庆市公共资源交易网,2026-09-11 11:03:24
关于为【垫江县“许裴路”提档升级工程线路迁改产权补偿】 公开选取【工程造价咨询】机构的公告,https://www.cqggzy.com/trade/014/PNII_5002310086795992609090183?categoryNum=014010001,垫江县,采购公告,2026-09-09,重庆市公共资源交易网,2026-09-11 11:03:24
关于【重庆市荣昌区消防救援支队河包消防救援站改造项目（预算审核）】中选结果的公告,https://www.cqggzy.com/trade/014/BRII_5002267659023052609040470?categoryNum=014010002,荣昌区,中选公告,2026-09-09,重庆市公共资源交易网,2026-09-11 11:03:24
关于【重庆市綦江区扶欢中学塑胶运动场检测服务】中选结果的公告,https://www.cqggzy.com/trade/014/BRII_5001107562202572609030553?categoryNum=014010002,綦江区,中选公告,2026-09-09,重庆市公共资源交易网,2026-09-11 11:03:24
关于为【柏杨派出所业务用房搬迁改造项目】 公开选取【工程咨询】机构的公告,https://www.cqggzy.com/trade/014/PNII_5002387562254532609090270?categoryNum=014010001,巫溪县,采购公告,2026-09-09,重庆市公共资源交易网,2026-09-11 11:03:24
关于为【重庆云阳建全抽水蓄能电站建设征地移民安置规划交通复建道路（桂林村）】 公开选取【会计师事务所服务】机构的公告,https://www.cqggzy.com/trade/014/PNII_5002350086578832609090286?categoryNum=014010001,云阳县,采购公告,2026-09-09,重庆市公共资源交易网,2026-09-11 11:03:24
关于为【西南大学附属中学荣昌实验学校新建高中科创楼项目（ 预算编制机构）】 公开选取【工程造价咨询】机构的公告,https://www.cqggzy.com/trade/014/PNII_5002267659023052609090213?categoryNum=014010001,荣昌区,采购公告,2026-09-09,重庆市公共资源交易网,2026-09-11 11:03:24
关于为【巫溪县标准化屠宰场及肉制品加工基础设施建设项目施工前现状及汇水面积测绘】 公开选取【测绘】机构的公告,https://www.cqggzy.com/trade/014/PNII_5002385590112532609090273?categoryNum=014010001,巫溪县,采购公告,2026-09-09,重庆市公共资源交易网,2026-09-11 11:03:24
关于为【万州区龙沙镇2026年农村公路新改建项目】 公开选取【工程监理】机构的公告,https://www.cqggzy.com/trade/014/PNII_5001017453093952609090274?categoryNum=014010001,万州区,采购公告,2026-09-09,重庆市公共资源交易网,2026-09-11 11:03:26
关于为【前卫江畔南侧道路工程全过程跟踪审计】 公开选取【工程造价咨询】机构的公告,https://www.cqggzy.com/trade/014/PNII_5001057474772612609090174?categoryNum=014010001,江北区,采购公告,2026-09-09,重庆市公共资源交易网,2026-09-11 11:03:26
关于【奉节县新民镇高标准农田建设非耕地整改项目】中选结果的公告,https://www.cqggzy.com/trade/014/BRII_5002367748820432608240839?categoryNum=014010002,奉节县,中选公告,2026-09-09,重庆市公共资源交易网,2026-09-11 11:03:26
关于为【涪陵区白涛工业园区后溪河消防队至山窝段山洪灾害防治工程施工图服务】 公开选取【工程设计】机构的公告,https://www.cqggzy.com/trade/014/PNII_5001026608815792609090259?categoryNum=014010001,涪陵区,采购公告,2026-09-09,重庆市公共资源交易网,2026-09-11 11:03:26
关于为【江津综保区网内消防安全隐患整改工程等三个小型项目结算审核服务】 公开选取【工程造价咨询】机构的公告,https://www.cqggzy.com/trade/014/PNII_5001162035870832609090219?categoryNum=014010001,江津区,采购公告,2026-09-09,重庆市公共资源交易网,2026-09-11 11:03:26
关于为【局部新建污水管网项目结算审核】 公开选取【工程造价咨询】机构的公告,https://www.cqggzy.com/trade/014/PNII_5001097748763992609070601?categoryNum=014010001,北碚区,采购公告,2026-09-09,重庆市公共资源交易网,2026-09-11 11:03:26
关于为【酉阳县大中型水库安全监测设施项目工程】 公开选取【工程设计】机构的公告,https://www.cqggzy.com/trade/014/PNII_5002426761124832609090268?categoryNum=014010001,酉阳县,采购公告,2026-09-09,重庆市公共资源交易网,2026-09-11 11:03:26
关于【2026年“两岸青山·千里林带”建设项目 （开州区森林质量提升）施工招标代理】中选结果的公告,https://www.cqggzy.com/trade/014/BRII_5002346889312912609040037?categoryNum=014010002,开州区,中选公告,2026-09-09,重庆市公共资源交易网,2026-09-11 11:03:26
关于【丰都县2026年粮食烘干应急中心建设项目】中选结果的公告,https://www.cqggzy.com/trade/014/BRII_5002307958756192609040340?categoryNum=014010002,丰都县,中选公告,2026-09-09,重庆市公共资源交易网,2026-09-11 11:03:26
关于为【梁滩河流域排水管网更新改造工程勘察外业见证】 公开选取【工程勘察】机构的公告,https://www.cqggzy.com/trade/014/PNII_5001062030889702609090197?categoryNum=014010001,沙坪坝区,采购公告,2026-09-09,重庆市公共资源交易网,2026-09-11 11:03:26
关于为【重庆市酉阳第一中学校学生宿舍及附属工程建设项目概算编制采购】 公开选取【工程造价咨询】机构的公告,https://www.cqggzy.com/trade/014/PNII_5002424529988362609090232?categoryNum=014010001,酉阳县,采购公告,2026-09-09,重庆市公共资源交易网,2026-09-11 11:03:26
关于【渝西水资源配置工程损毁基础设施修复建设项目等两个项目】中选结果的公告,https://www.cqggzy.com/trade/014/BRII_5002270093457932609040296?categoryNum=014010002,璧山区,中选公告,2026-09-09,重庆市公共资源交易网,2026-09-11 11:03:26
关于为【港城园区工业污水处理厂出水污染源在线监测系统运行维护服务】 公开选取【商务服务，检验检测服务，信息咨询和技术服务】机构的公告,https://www.cqggzy.com/trade/014/PNII_500105MB1N382982608250737?categoryNum=014010001,江北区,采购公告,2026-09-09,重庆市公共资源交易网,2026-09-11 11:03:28
2026年规划放线测量服务（区规划自然资源局管辖区）(WZQ26C00062)竞争性磋商公告,https://www.cqggzy.com/trade/014/1673690402261348352?categoryNum=014005001,万州区,采购公告,2026-09-09,重庆市公共资源交易网,2026-09-11 11:03:28
重庆市两江新区中医院医用气体采购(LJQ26A00192)结果公告,https://www.cqggzy.com/trade/014/1673364550621376512?categoryNum=014005004,两江新区,采购结果公告,2026-09-09,重庆市公共资源交易网,2026-09-11 11:03:28
关于为【巫溪县国土空间总体规划2026年度宁河、柏杨街道各项目地块动态维护基本农田调出和开发边界调入确定编制地质灾害危险性评估与环境影响评价报告技术咨询服务】 公开选取【地质灾害防治】机构的公告,https://www.cqggzy.com/trade/014/PNII_50023874530405X2609090225?categoryNum=014010001,巫溪县,采购公告,2026-09-09,重庆市公共资源交易网,2026-09-11 11:03:28
关于【潼南区2026年度太安镇罐坝村农业科技园区核心区产业道路建设项目】中选结果的公告,https://www.cqggzy.com/trade/014/BRII_50022300933260X2609030763?categoryNum=014010002,潼南区,中选公告,2026-09-09,重庆市公共资源交易网,2026-09-11 11:03:28
关于为【龙射镇葡萄村污水处理站应急抢修项目】 公开选取【工程造价咨询】机构的公告,https://www.cqggzy.com/trade/014/PNII_5002436664479842609090233?categoryNum=014010001,彭水县,采购公告,2026-09-09,重庆市公共资源交易网,2026-09-11 11:03:28
关于为【沙坪坝区气压机厂地块住宅项目施工图设计文件审查】 公开选取【施工图设计文件审查】机构的公告,https://www.cqggzy.com/trade/014/PNII_500106MAK2W31W62609090240?categoryNum=014010001,沙坪坝区,采购公告,2026-09-09,重庆市公共资源交易网,2026-09-11 11:03:28
关于为【网络安全设备（公众网防火墙）授权服务】 公开选取【信息咨询和技术服务】机构的公告,https://www.cqggzy.com/trade/014/PNII_5001125699454982609090241?categoryNum=014010001,渝北区,采购公告,2026-09-09,重庆市公共资源交易网,2026-09-11 11:03:28
关于为【华福隧道土建结构和机电设施安全隐患整治工程（二期）监理】 公开选取【工程监理】机构的公告,https://www.cqggzy.com/trade/014/PNII_5002985936581572609090239?categoryNum=014010001,市级,采购公告,2026-09-09,重庆市公共资源交易网,2026-09-11 11:03:28
关于【两江新区木耳镇2026年“四好农村路”建设工程（金刚支线、学堂支线）】中选结果的公告,https://www.cqggzy.com/trade/014/BRII_500198MB0B183822609040285?categoryNum=014010002,两江新区,中选公告,2026-09-09,重庆市公共资源交易网,2026-09-11 11:03:28
关于为【华福隧道土建结构和机电设施安全隐患整治工程（二期）跟踪审计】 公开选取【工程造价咨询】机构的公告,https://www.cqggzy.com/trade/014/PNII_5002985936581572609090227?categoryNum=014010001,市级,采购公告,2026-09-09,重庆市公共资源交易网,2026-09-11 11:03:28
关于为【巫溪县中医院迁建工程配电专用线路建设项目监理服务采购】 公开选取【工程监理】机构的公告,https://www.cqggzy.com/trade/014/PNII_5002384519054232609080737?categoryNum=014010001,巫溪县,采购公告,2026-09-09,重庆市公共资源交易网,2026-09-11 11:03:28
关于为【两路街道2026年三无单体楼化粪池(检查井)清掏疏浚项目预算评审采购】 公开选取【工程造价咨询】机构的公告,https://www.cqggzy.com/trade/014/PNII_500198MB0B1877X2609090226?categoryNum=014010001,两江新区,采购公告,2026-09-09,重庆市公共资源交易网,2026-09-11 11:03:29
关于为【重庆市荣昌区消防救援支队河包消防救援站改造项目（施工招标代理）】 公开选取【工程建设项目招标代理】机构的公告,https://www.cqggzy.com/trade/014/PNII_5002267659023052609090178?categoryNum=014010001,荣昌区,采购公告,2026-09-09,重庆市公共资源交易网,2026-09-11 11:03:29
关于为【巫溪县罗家沟弃渣场临时用地项目】 公开选取【测绘】机构的公告,https://www.cqggzy.com/trade/014/PNII_50023874530405X2609090220?categoryNum=014010001,巫溪县,采购公告,2026-09-09,重庆市公共资源交易网,2026-09-11 11:03:29
关于为【重庆大足假日酒店可研评审】 公开选取【工程咨询】机构的公告,https://www.cqggzy.com/trade/014/PNII_5001115889180142609090250?categoryNum=014010001,大足区,采购公告,2026-09-09,重庆市公共资源交易网,2026-09-11 11:03:29
关于为【江津区2026年补充耕地项目勘察设计招标代理服务】 公开选取【工程建设项目招标代理】机构的公告,https://www.cqggzy.com/trade/014/PNII_500116MA601ANQX2609090164?categoryNum=014010001,江津区,采购公告,2026-09-09,重庆市公共资源交易网,2026-09-11 11:03:29
关于【潼南区2026年度太安镇罐坝村农业科技园区核心区产业道路建设项目】中选结果的公告,https://www.cqggzy.com/trade/014/BRII_50022300933260X2609030755?categoryNum=014010002,潼南区,中选公告,2026-09-09,重庆市公共资源交易网,2026-09-11 11:03:29
重庆医科大学实验教学管理中心人体显微形态学虚拟仿真实验室建设(CQS26A03107)中标（成交）结果公告,https://www.cqggzy.com/trade/014/1673046848186920960_1?categoryNum=014005004,市级,采购结果公告,2026-09-09,重庆市公共资源交易网,2026-09-11 11:03:29
关于为【忠县三汇镇金龙社区、金塘村产业配套项目】 公开选取【工程建设项目招标代理】机构的公告,https://www.cqggzy.com/trade/014/PNII_5002337398135282609080692?categoryNum=014010001,忠县,采购公告,2026-09-09,重庆市公共资源交易网,2026-09-11 11:03:29
关于为【蟠龙大道66号房屋改扩建项目《绿色建材应用比例计算报告》编制单位采购】 公开选取【管理和决策咨询】机构的公告,https://www.cqggzy.com/trade/014/PNII_50010777845656X2609090163?categoryNum=014010001,九龙坡区,采购公告,2026-09-09,重庆市公共资源交易网,2026-09-11 11:03:29
关于为【2027年铜梁区龙灯艺术节设计、制作及实施一体化项目（暂定名）】 公开选取【招标代理】机构的公告,https://www.cqggzy.com/trade/014/PNII_500224MA5YRQU732609090210?categoryNum=014010001,铜梁区,采购公告,2026-09-09,重庆市公共资源交易网,2026-09-11 11:03:29
关于【武隆区白马中学校启德轩楼梯项目钢结构焊缝检测需求书】中选结果的公告,https://www.cqggzy.com/trade/014/BRII_5002327365651352609030303?categoryNum=014010002,武隆区,中选公告,2026-09-09,重庆市公共资源交易网,2026-09-11 11:03:29
关于为【重庆泽足水务投资建设有限公司4座水厂编制水资源论证报告】 公开选取【取水许可论证】机构的公告,https://www.cqggzy.com/trade/014/PNII_5001110542572232609090192?categoryNum=014010001,大足区,采购公告,2026-09-09,重庆市公共资源交易网,2026-09-11 11:03:29
关于【逸景苑13栋2台电梯更新报价审核】中选结果的公告,https://www.cqggzy.com/trade/014/BRII_5001097474823432609040003?categoryNum=014010002,北碚区,中选公告,2026-09-09,重庆市公共资源交易网,2026-09-11 11:03:31
关于【荣昌猪稳产保供基地竣工环保验收】中选结果的公告,https://www.cqggzy.com/trade/014/BRII_5002260661650432609030765?categoryNum=014010002,荣昌区,中选公告,2026-09-09,重庆市公共资源交易网,2026-09-11 11:03:31
关于为【石桥铺地块保障性住房项目《绿色建材应用比例计算报告》编制单位采购】 公开选取【管理和决策咨询】机构的公告,https://www.cqggzy.com/trade/014/PNII_50010777845656X2609090156?categoryNum=014010001,九龙坡区,采购公告,2026-09-09,重庆市公共资源交易网,2026-09-11 11:03:31
关于【大足中学2026年电教设备维修服务及更换耗材】中选结果的公告,https://www.cqggzy.com/trade/014/BRII_5001117453130012609040098?categoryNum=014010002,大足区,中选公告,2026-09-09,重庆市公共资源交易网,2026-09-11 11:03:31
关于【白涛工业园区污水管网改造工程（河道段）方案设计服务】中选结果的公告,https://www.cqggzy.com/trade/014/BRII_5001026608815792609040370?categoryNum=014010002,涪陵区,中选公告,2026-09-09,重庆市公共资源交易网,2026-09-11 11:03:31
大渡口区公安分局执法执勤车辆采购(DDK26A00237)公开招标（第二次）公告,https://www.cqggzy.com/trade/014/1673691529660903424?categoryNum=014005001,大渡口区,采购公告,2026-09-09,重庆市公共资源交易网,2026-09-11 11:03:31
关于为【重庆市铜梁区大庙小学拆除老旧房屋等项目预算审核】 公开选取【工程造价咨询】机构的公告,https://www.cqggzy.com/trade/014/PNII_5002244506284872609090249?categoryNum=014010001,铜梁区,采购公告,2026-09-09,重庆市公共资源交易网,2026-09-11 11:03:31
关于为【万州区国有分水林场2026年长江重庆段“两岸青山.千里林带”封山育林项目预算审核】 公开选取【工程造价咨询】机构的公告,https://www.cqggzy.com/trade/014/PNII_5001014517643412609090217?categoryNum=014010001,万州区,采购公告,2026-09-09,重庆市公共资源交易网,2026-09-11 11:03:31
关于【太安镇养老服务设施购置及公益服务补助项目】中选结果的公告,https://www.cqggzy.com/trade/014/BRII_50022300933260X2608310005?categoryNum=014010002,潼南区,中选公告,2026-09-09,重庆市公共资源交易网,2026-09-11 11:03:31
青少年体质健康监测与运动能力评估科研设备采购(CQS26A02572)中标（成交）结果公告,https://www.cqggzy.com/trade/014/1673693129938874368_1?categoryNum=014005004,市级,采购结果公告,2026-09-09,重庆市公共资源交易网,2026-09-11 11:03:31
关于为【鹿樵路冯家湾立交至樵枰段整治设计】 公开选取【工程设计】机构的公告,https://www.cqggzy.com/trade/014/PNII_5001137094747562609090206?categoryNum=014010001,巴南区,采购公告,2026-09-09,重庆市公共资源交易网,2026-09-11 11:03:31
2026年市街乔木修剪（第二次）(DDK26C00165)中标（成交）结果公告,https://www.cqggzy.com/trade/014/1673693051601858560_1?categoryNum=014005004,大渡口区,采购结果公告,2026-09-09,重庆市公共资源交易网,2026-09-11 11:03:31
重庆工贸职业技术学院采购校企联合新建教材出版服务（第二次）(CQS26C02038)中标（成交）结果公告,https://www.cqggzy.com/trade/014/1673690560814428160_1?categoryNum=014005004,市级,采购结果公告,2026-09-09,重庆市公共资源交易网,2026-09-11 11:03:33
关于【太安镇养老服务设施购置及公益服务补助项目】中选结果的公告,https://www.cqggzy.com/trade/014/BRII_50022300933260X2609010061?categoryNum=014010002,潼南区,中选公告,2026-09-09,重庆市公共资源交易网,2026-09-11 11:03:33
关于为【冲锋村农村基础设施建设项目设计服务】 公开选取【工程设计】机构的公告,https://www.cqggzy.com/trade/014/PNII_5002260093423142609080686?categoryNum=014010001,荣昌区,采购公告,2026-09-09,重庆市公共资源交易网,2026-09-11 11:03:33
关于为【江津区珞璜工业园1号综合能源站项目投融资分析报告编制服务】 公开选取【工程咨询】机构的公告,https://www.cqggzy.com/trade/014/PNII_500116MA601ANQX2609090244?categoryNum=014010001,江津区,采购公告,2026-09-09,重庆市公共资源交易网,2026-09-11 11:03:33
关于【渝中区城市燃气安全设施更新改造项目工程量清单及预算审核服务】中选结果的公告,https://www.cqggzy.com/trade/014/BRII_500103MB14531162609020776?categoryNum=014010002,渝中区,中选公告,2026-09-09,重庆市公共资源交易网,2026-09-11 11:03:33
关于【北碚区雨台山公园危岩、北碚公园变形挡墙排危治理项目勘察、设计采购。】中选结果的公告,https://www.cqggzy.com/trade/014/BRII_500109MB1C269592609030020?categoryNum=014010002,北碚区,中选公告,2026-09-09,重庆市公共资源交易网,2026-09-11 11:03:33
关于为【忠县黄金镇潘家山滑坡群治理工程勘查监理】 公开选取【地质灾害防治】机构的公告,https://www.cqggzy.com/trade/014/PNII_5002337688867852609090070?categoryNum=014010001,忠县,采购公告,2026-09-09,重庆市公共资源交易网,2026-09-11 11:03:33
关于为【2026年部分水源地标识标牌、隔离网和已关闭矿井涌水环境风险管控公示牌建设服务】 公开选取【商务服务】机构的公告,https://www.cqggzy.com/trade/014/PNII_500198MB0B978852609090214?categoryNum=014010001,两江新区,采购公告,2026-09-09,重庆市公共资源交易网,2026-09-11 11:03:33
关于为【重庆市合川区石庙子水库工程施工合同结算审计】 公开选取【工程造价咨询】机构的公告,https://www.cqggzy.com/trade/014/PNII_500117MA5U7XK332608250704?categoryNum=014010001,合川区,采购公告,2026-09-09,重庆市公共资源交易网,2026-09-11 11:03:33
关于为【武隆区2026年鸭江镇高标准农田建设项目土壤检测】 公开选取【检验检测服务】机构的公告,https://www.cqggzy.com/trade/014/PNII_500232MA60UQG712609090237?categoryNum=014010001,武隆区,采购公告,2026-09-09,重庆市公共资源交易网,2026-09-11 11:03:33
关于为【武隆区2026年庙垭乡高标准农田建设项目土壤检测】 公开选取【检验检测服务】机构的公告,https://www.cqggzy.com/trade/014/PNII_500232MA60UQG712609090234?categoryNum=014010001,武隆区,采购公告,2026-09-09,重庆市公共资源交易网,2026-09-11 11:03:33
关于为【两江新区J11单元02街区G20-1地块建筑拆除工程监理】 公开选取【工程监理】机构的公告,https://www.cqggzy.com/trade/014/PNII_5001056219191592609080718?categoryNum=014010001,江北区,采购公告,2026-09-09,重庆市公共资源交易网,2026-09-11 11:03:33
关于【大型设备招标代理服务】中选结果的公告,https://www.cqggzy.com/trade/014/BRII_5001194520049182609040294?categoryNum=014010002,南川区,中选公告,2026-09-09,重庆市公共资源交易网,2026-09-11 11:03:35
关于为【周家坝街道天子路、长生河、双堰塘社区片区老旧小区改造配套基础设施建设项目施工招标代理采购】 公开选取【工程建设项目招标代理】机构的公告,https://www.cqggzy.com/trade/014/PNII_5001012079067902609090138?categoryNum=014010001,万州区,采购公告,2026-09-09,重庆市公共资源交易网,2026-09-11 11:03:35
关于【濑溪河(广顺街道沿河段)广沿桥建设工程（地质勘察外业服务）】中选结果的公告,https://www.cqggzy.com/trade/014/BRII_5002260093429202609010725?categoryNum=014010002,荣昌区,中选公告,2026-09-09,重庆市公共资源交易网,2026-09-11 11:03:35
关于【海关监管区扩容改造工程项目招标代理机构采购】中选结果的公告,https://www.cqggzy.com/trade/014/BRII_5001980772615672609040545?categoryNum=014010002,两江新区,中选公告,2026-09-09,重庆市公共资源交易网,2026-09-11 11:03:35
重庆市合川区机关事业单位公务用车定点租赁服务采购（第三次）(HCQ26C00006)中标（成交）结果公告,https://www.cqggzy.com/trade/014/1673689811376189440_3?categoryNum=014005004,合川区,采购结果公告,2026-09-09,重庆市公共资源交易网,2026-09-11 11:03:35
重庆市合川区机关事业单位公务用车定点租赁服务采购（第三次）(HCQ26C00006)中标（成交）结果公告,https://www.cqggzy.com/trade/014/1673689811376189440_2?categoryNum=014005004,合川区,采购结果公告,2026-09-09,重庆市公共资源交易网,2026-09-11 11:03:35
重庆市合川区机关事业单位公务用车定点租赁服务采购（第三次）(HCQ26C00006)中标（成交）结果公告,https://www.cqggzy.com/trade/014/1673689811376189440_1?categoryNum=014005004,合川区,采购结果公告,2026-09-09,重庆市公共资源交易网,2026-09-11 11:03:35
关于为【《长寿湖景区旅游基础设施提档升级项目》可研报告编制】 公开选取【工程咨询】机构的公告,https://www.cqggzy.com/trade/014/PNII_500115MA7EATPEX2609090058?categoryNum=014010001,长寿区,采购公告,2026-09-09,重庆市公共资源交易网,2026-09-11 11:03:35
关于为【渝北区农村污水设施建设与运维项目合同纠纷法律服务】 公开选取【律师事务所服务】机构的公告,https://www.cqggzy.com/trade/014/PNII_500112MA60A6K062609090127?categoryNum=014010001,渝北区,采购公告,2026-09-09,重庆市公共资源交易网,2026-09-11 11:03:35
关于为【荣昌区2026年“四好农村路”项目（八角井村入院路）、荣昌区2026年“四好农村路”项目（杜家坝社区入院路）建设项目采购选取招标代理公司的说明】 公开选取【招标代理】机构的公告,https://www.cqggzy.com/trade/014/PNII_5002266664367082609090216?categoryNum=014010001,荣昌区,采购公告,2026-09-09,重庆市公共资源交易网,2026-09-11 11:03:35
关于为【黄金湾智谷A4栋改造工程设计】 公开选取【工程设计】机构的公告,https://www.cqggzy.com/trade/014/PNII_5001063050494542609080802?categoryNum=014010001,沙坪坝区,采购公告,2026-09-09,重庆市公共资源交易网,2026-09-11 11:03:35
关于为【万盛经开区丛林镇海孔村补充耕地项目】 公开选取【土地规划，测绘】机构的公告,https://www.cqggzy.com/trade/014/PNII_500199MB1K952142609090207?categoryNum=014010001,万盛区,采购公告,2026-09-09,重庆市公共资源交易网,2026-09-11 11:03:35
关于为【“一带一路”中欧班列集结中心（重庆）枢纽设施综合能力提升工程项目（一期）配电工程施工图设计文件审查】 公开选取【施工图设计文件审查】机构的公告,https://www.cqggzy.com/trade/014/PNII_500106MA5U6M7Y92609080816?categoryNum=014010001,沙坪坝区,采购公告,2026-09-09,重庆市公共资源交易网,2026-09-11 11:03:37
关于为【仙女山街道白果村X787白果干河沟段道路拓宽改造项目测绘】 公开选取【测绘】机构的公告,https://www.cqggzy.com/trade/014/PNII_500232MA60CPM522609090150?categoryNum=014010001,武隆区,采购公告,2026-09-09,重庆市公共资源交易网,2026-09-11 11:03:37
关于【西沱镇第二小学幼儿园消防整改项目结算审核】中选结果的公告,https://www.cqggzy.com/trade/014/BRII_5002404529528622608310912?categoryNum=014010002,石柱县,中选公告,2026-09-09,重庆市公共资源交易网,2026-09-11 11:03:37
关于为【《北碚区 2026 年柳荫镇高标准农田异地补建项目》进行限价】 公开选取【工程造价咨询】机构的公告,https://www.cqggzy.com/trade/014/PNII_5001090092989742609090049?categoryNum=014010001,北碚区,采购公告,2026-09-09,重庆市公共资源交易网,2026-09-11 11:03:37
关于【龙洞河金带街道段堤防水毁修复工程招标代理。】中选结果的公告,https://www.cqggzy.com/trade/014/BRII_500228G550483742609040474?categoryNum=014010002,梁平区,中选公告,2026-09-09,重庆市公共资源交易网,2026-09-11 11:03:37
关于【忠县汝溪镇九亭社区2026年农村公益事业财政奖补项目】中选结果的公告,https://www.cqggzy.com/trade/014/BRII_500233MEA3066582609040422?categoryNum=014010002,忠县,中选公告,2026-09-09,重庆市公共资源交易网,2026-09-11 11:03:37
关于【綦江区东溪镇高标准农田补助项目（结农片区）】中选结果的公告,https://www.cqggzy.com/trade/014/BRII_5001100093120272608270490?categoryNum=014010002,綦江区,中选公告,2026-09-09,重庆市公共资源交易网,2026-09-11 11:03:37
关于【双龙乡龟池村（面房至乌槽池）农村道路及安全提升工程（产业路）】中选结果的公告,https://www.cqggzy.com/trade/014/BRII_5002430091537402609030298?categoryNum=014010002,彭水县,中选公告,2026-09-09,重庆市公共资源交易网,2026-09-11 11:03:37
关于【江津区双福新区综合体育公园（一期）工程预算编制服务】中选结果的公告,https://www.cqggzy.com/trade/014/BRII_500116MA5UP1R472609030193?categoryNum=014010002,江津区,中选公告,2026-09-09,重庆市公共资源交易网,2026-09-11 11:03:37
关于【重庆站红线内市政过境5号排水箱涵临时迁改项目监理】中选结果的公告,https://www.cqggzy.com/trade/014/BRII_500103MA617Q0C62609030291?categoryNum=014010002,渝中区,中选公告,2026-09-09,重庆市公共资源交易网,2026-09-11 11:03:37
关于【江津区双福新区综合体育公园（一期）工程预算审核服务】中选结果的公告,https://www.cqggzy.com/trade/014/BRII_500116MA5UP1R472609030197?categoryNum=014010002,江津区,中选公告,2026-09-09,重庆市公共资源交易网,2026-09-11 11:03:37
关于【黑山谷直升机场配套道路项目结算咨询单位采购】中选结果的公告,https://www.cqggzy.com/trade/014/BRII_500199MA5U8KA642609030426?categoryNum=014010002,万盛区,中选公告,2026-09-09,重庆市公共资源交易网,2026-09-11 11:03:37
关于【双福综合交易市场项目预算编制服务】中选结果的公告,https://www.cqggzy.com/trade/014/BRII_5001167474908022609030163?categoryNum=014010002,江津区,中选公告,2026-09-09,重庆市公共资源交易网,2026-09-11 11:03:39
关于【兴义镇非住宅类乱占耕地问题整改项目】中选结果的公告,https://www.cqggzy.com/trade/014/BRII_5002307116254612609040398?categoryNum=014010002,丰都县,中选公告,2026-09-09,重庆市公共资源交易网,2026-09-11 11:03:39
关于【公路行业评优申报及配套宣传资料制作服务】中选结果的公告,https://www.cqggzy.com/trade/014/BRII_5002406889141332609020855?categoryNum=014010002,石柱县,中选公告,2026-09-09,重庆市公共资源交易网,2026-09-11 11:03:39
关于【东街文旅小镇老房子俱乐部及高空项目室内室外游乐增项部分评估。】中选结果的公告,https://www.cqggzy.com/trade/014/BRII_500119MA6071GJ62609040465?categoryNum=014010002,南川区,中选公告,2026-09-09,重庆市公共资源交易网,2026-09-11 11:03:39
关于为【巫溪县赵家坝D17-01-1/03地块土地成本测算】 公开选取【会计师事务所服务】机构的公告,https://www.cqggzy.com/trade/014/PNII_50023874530405X2609090212?categoryNum=014010001,巫溪县,采购公告,2026-09-09,重庆市公共资源交易网,2026-09-11 11:03:39
南川区河滨南路39号附45号门面招租,https://www.cqggzy.com/trade/014/17889224096734053E228F5C8F63417D?categoryNum=014002004,南川区,成交结果公告,2026-09-09,重庆市公共资源交易网,2026-09-11 11:03:39
关于【武隆区车盘水库工程危大工程第三方监测单位采购】中选结果的公告,https://www.cqggzy.com/trade/014/BRII_5002325967114272608310832?categoryNum=014010002,武隆区,中选公告,2026-09-09,重庆市公共资源交易网,2026-09-11 11:03:39
关于【双福综合交易市场项目预算审核服务】中选结果的公告,https://www.cqggzy.com/trade/014/BRII_5001167474908022609030169?categoryNum=014010002,江津区,中选公告,2026-09-09,重庆市公共资源交易网,2026-09-11 11:03:39
关于【双福新区福城天街西侧道路项目勘界（补）】中选结果的公告,https://www.cqggzy.com/trade/014/BRII_5001167474908022609030147?categoryNum=014010002,江津区,中选公告,2026-09-09,重庆市公共资源交易网,2026-09-11 11:03:39
关于【綦江新能源汽车产业基地项目--多测合一】中选结果的公告,https://www.cqggzy.com/trade/014/BRII_5001106635781372609040138?categoryNum=014010002,綦江区,中选公告,2026-09-09,重庆市公共资源交易网,2026-09-11 11:03:39
关于【开州区2026年大豆单产提升工程】中选结果的公告,https://www.cqggzy.com/trade/014/BRII_5002340086461642609040350?categoryNum=014010002,开州区,中选公告,2026-09-09,重庆市公共资源交易网,2026-09-11 11:03:39
关于【铜梁二中扩建工程食堂新增电力设备采购项目 预算采购】中选结果的公告,https://www.cqggzy.com/trade/014/BRII_5002247094495342609040298?categoryNum=014010002,铜梁区,中选公告,2026-09-09,重庆市公共资源交易网,2026-09-11 11:03:39
关于【铜梁二中扩建工程食堂新增电力设备采购项目 预算审核采购】中选结果的公告,https://www.cqggzy.com/trade/014/BRII_5002247094495342609040305?categoryNum=014010002,铜梁区,中选公告,2026-09-09,重庆市公共资源交易网,2026-09-11 11:03:40
关于【界石小学附属幼儿园教学楼地板更换项目及活动场地改造项目结算服务】中选结果的公告,https://www.cqggzy.com/trade/014/BRII_50011345049997X2609040443?categoryNum=014010002,巴南区,中选公告,2026-09-09,重庆市公共资源交易网,2026-09-11 11:03:40
关于【铜梁二中扩建工程食堂新增电力设备采购项目 招标代理采购】中选结果的公告,https://www.cqggzy.com/trade/014/BRII_5002247094495342609040280?categoryNum=014010002,铜梁区,中选公告,2026-09-09,重庆市公共资源交易网,2026-09-11 11:03:40
关于【南川区城投.天元（二期）能效测评、绿色建材比例核算、海绵城市技术咨询服务】中选结果的公告,https://www.cqggzy.com/trade/014/BRII_500119MAC81XQ232609040468?categoryNum=014010002,南川区,中选公告,2026-09-09,重庆市公共资源交易网,2026-09-11 11:03:40
关于【愉秒充新能源超级充电站项目-海南省龙华区华茗酒店超充站(设计)】中选结果的公告,https://www.cqggzy.com/trade/014/BRII_500107MACYCXCNX2609030717?categoryNum=014010002,九龙坡区,中选公告,2026-09-09,重庆市公共资源交易网,2026-09-11 11:03:40
关于为【荣昌区荣隆全民健身中心项目（施工招标代理）】 公开选取【工程建设项目招标代理】机构的公告,https://www.cqggzy.com/trade/014/PNII_5002267659023052609090167?categoryNum=014010001,荣昌区,采购公告,2026-09-09,重庆市公共资源交易网,2026-09-11 11:03:40
关于为【鼎山小学劳动基地建设工程设计服务】 公开选取【工程设计】机构的公告,https://www.cqggzy.com/trade/014/PNII_500116MB11174702609090202?categoryNum=014010001,江津区,采购公告,2026-09-09,重庆市公共资源交易网,2026-09-11 11:03:40
关于【北碚区三圣镇洪涝和地质灾害灾后应急恢复工程】中选结果的公告,https://www.cqggzy.com/trade/014/BRII_5001090092989152609040388?categoryNum=014010002,北碚区,中选公告,2026-09-09,重庆市公共资源交易网,2026-09-11 11:03:40
关于为【永川区殡葬服务设施改造项目地形管线测量服务】 公开选取【测绘】机构的公告,https://www.cqggzy.com/trade/014/PNII_5001187530835092609090147?categoryNum=014010001,永川区,采购公告,2026-09-09,重庆市公共资源交易网,2026-09-11 11:03:40
重庆市大田湾全民健身中心安保服务(CQS26C01839)更正公告,https://www.cqggzy.com/trade/014/1673684291802148864?categoryNum=014005002,市级,答疑变更,2026-09-09,重庆市公共资源交易网,2026-09-11 11:03:40
重庆市永川区殡葬服务设施改造项目(火化设备尾气排放隐患整改)结果公告,https://www.cqggzy.com/trade/014/17889219788904726901?categoryNum=014012004,永川区,结果公告,2026-09-09,重庆市公共资源交易网,2026-09-11 11:03:40
关于为【大石坝徐悲鸿片区老旧小区配套基础设施工程(二期)电力10KV盘马#1-#6杆电力迁改工程预算审核】 公开选取【工程造价咨询】机构的公告,https://www.cqggzy.com/trade/014/PNII_5001057474772612609090195?categoryNum=014010001,江北区,采购公告,2026-09-09,重庆市公共资源交易网,2026-09-11 11:03:40
关于【万州区农产品集散中心（玉安分中心）绿色建材比 例核算报告采购】中选结果的公告,https://www.cqggzy.com/trade/014/BRII_5001012079067902609020672?categoryNum=014010002,万州区,中选公告,2026-09-09,重庆市公共资源交易网,2026-09-11 11:03:42
关于【重庆市荣昌区行政中心网络维护服务】中选结果的公告,https://www.cqggzy.com/trade/014/BRII_5002260093410472609020262?categoryNum=014010002,荣昌区,中选公告,2026-09-09,重庆市公共资源交易网,2026-09-11 11:03:42
关于【酉阳县农机修配厂至县人民医院临时人行便桥项目】中选结果的公告,https://www.cqggzy.com/trade/014/BRII_500242MA7NGMQU92609010795?categoryNum=014010002,酉阳县,中选公告,2026-09-09,重庆市公共资源交易网,2026-09-11 11:03:42
关于【德感工业园F5-03/02号-01地块土地确权服务】中选结果的公告,https://www.cqggzy.com/trade/014/BRII_5001167365979702609030184?categoryNum=014010002,江津区,中选公告,2026-09-09,重庆市公共资源交易网,2026-09-11 11:03:42
关于【北碚区新朝阳桥吊杆特殊检查项目】中选结果的公告,https://www.cqggzy.com/trade/014/BRII_5001094504635982609040514?categoryNum=014010002,北碚区,中选公告,2026-09-09,重庆市公共资源交易网,2026-09-11 11:03:42
关于为【2026-424#某连接线公路工程（结算）】 公开选取【工程造价咨询】机构的公告,https://www.cqggzy.com/trade/014/PNII_5002236814909052609090203?categoryNum=014010001,潼南区,采购公告,2026-09-09,重庆市公共资源交易网,2026-09-11 11:03:42
关于【5000元（含）以上至20万元以下的单项维修项目造价咨询（结算审核）采购】中选结果的公告,https://www.cqggzy.com/trade/014/BRII_500103MB0U463212609040464?categoryNum=014010002,渝中区,中选公告,2026-09-09,重庆市公共资源交易网,2026-09-11 11:03:42
关于为【永川区永昌街道汇龙苑片区老旧小区改造项目设计服务】 公开选取【工程设计】机构的公告,https://www.cqggzy.com/trade/014/PNII_500118MB18483962609090101?categoryNum=014010001,永川区,采购公告,2026-09-09,重庆市公共资源交易网,2026-09-11 11:03:42
关于为【中石化页岩气东页深2井（二期）燃气管道工程】 公开选取【工程造价咨询】机构的公告,https://www.cqggzy.com/trade/014/PNII_5001107874948912609090146?categoryNum=014010001,綦江区,采购公告,2026-09-09,重庆市公共资源交易网,2026-09-11 11:03:42
关于为【2026-423#某连接线公路工程（结算）】 公开选取【工程造价咨询】机构的公告,https://www.cqggzy.com/trade/014/PNII_5002236814909052609090201?categoryNum=014010001,潼南区,采购公告,2026-09-09,重庆市公共资源交易网,2026-09-11 11:03:42
关于【重庆市万州区燕山乡东峡村民生实事人居环境提升项目招标代理机构采购公告】中选结果的公告,https://www.cqggzy.com/trade/014/BRII_5001017784550302608310574?categoryNum=014010002,万州区,中选公告,2026-09-09,重庆市公共资源交易网,2026-09-11 11:03:42
关于【万州区燕山乡复兴沿江路库岸治理工程招标代理采购公告】中选结果的公告,https://www.cqggzy.com/trade/014/BRII_5001017784550302608310558?categoryNum=014010002,万州区,中选公告,2026-09-09,重庆市公共资源交易网,2026-09-11 11:03:42
关于【武隆区乡村地区“通则式”规划管理规定编制技术服务】中选结果的公告,https://www.cqggzy.com/trade/014/BRII_5002320086905012609040502?categoryNum=014010002,武隆区,中选公告,2026-09-09,重庆市公共资源交易网,2026-09-11 11:03:44
关于为【永川区永昌街道汇龙苑片区老旧小区改造项目咨询服务】 公开选取【工程造价咨询】机构的公告,https://www.cqggzy.com/trade/014/PNII_500118MB18483962609090180?categoryNum=014010001,永川区,采购公告,2026-09-09,重庆市公共资源交易网,2026-09-11 11:03:44
关于【云阳县蔈草镇蔈草社区2026年特色旅居村建设以工代赈项目工程勘察】中选结果的公告,https://www.cqggzy.com/trade/014/BRII_5002357474779822609030722?categoryNum=014010002,云阳县,中选公告,2026-09-09,重庆市公共资源交易网,2026-09-11 11:03:44
关于为【巫山县职教中心公共实训基地建设项目】 公开选取【招标代理】机构的公告,https://www.cqggzy.com/trade/014/PNII_5002374518936372609090030?categoryNum=014010001,巫山县,采购公告,2026-09-09,重庆市公共资源交易网,2026-09-11 11:03:44
关于【北环支路10kV石接线陈司支线22#至25#段线路迁移安装工程预算审核】中选结果的公告,https://www.cqggzy.com/trade/014/BRII_50023255203046X2609040423?categoryNum=014010002,武隆区,中选公告,2026-09-09,重庆市公共资源交易网,2026-09-11 11:03:44
关于【云阳县蔈草镇蔈草社区2026年特色旅居村建设以工代赈项目洪评编制】中选结果的公告,https://www.cqggzy.com/trade/014/BRII_5002357474779822609030691?categoryNum=014010002,云阳县,中选公告,2026-09-09,重庆市公共资源交易网,2026-09-11 11:03:44
关于为【北碚区金刀峡镇胜天湖桃子坪水池、响水赵家坝塘湾山坪塘、石寨村姚家湾唐整治项目预算审核单位采购方案】 公开选取【工程造价咨询】机构的公告,https://www.cqggzy.com/trade/014/PNII_5001090092989822609090151?categoryNum=014010001,北碚区,采购公告,2026-09-09,重庆市公共资源交易网,2026-09-11 11:03:44
关于为【对重庆纽航物业管理有限公司进行财务尽调。】 公开选取【会计师事务所服务】机构的公告,https://www.cqggzy.com/trade/014/PNII_5002377116360722609090141?categoryNum=014010001,巫山县,采购公告,2026-09-09,重庆市公共资源交易网,2026-09-11 11:03:44
关于为【2026-420#某工厂研发制造工程（结算）】 公开选取【工程造价咨询】机构的公告,https://www.cqggzy.com/trade/014/PNII_5002236814909052609090184?categoryNum=014010001,潼南区,采购公告,2026-09-09,重庆市公共资源交易网,2026-09-11 11:03:44
关于【垫江县宝鼎林场管护用房雷电防护装置检测服务采购需求】中选结果的公告,https://www.cqggzy.com/trade/014/BRII_5002314519964922609040282?categoryNum=014010002,垫江县,中选公告,2026-09-09,重庆市公共资源交易网,2026-09-11 11:03:44
关于为【生活污水“零直排”建设设计单位】 公开选取【工程设计】机构的公告,https://www.cqggzy.com/trade/014/PNII_5001070092932332609090088?categoryNum=014010001,九龙坡区,采购公告,2026-09-09,重庆市公共资源交易网,2026-09-11 11:03:44
关于为【2026年农村供水保障项目预算审核采购】 公开选取【工程造价咨询】机构的公告,https://www.cqggzy.com/trade/014/PNII_5001010086459382609090200?categoryNum=014010001,万州区,采购公告,2026-09-09,重庆市公共资源交易网,2026-09-11 11:03:44
关于为【武隆区2023—2025年双河镇高山蔬菜产业项目专项审计服务】 公开选取【会计师事务所服务】机构的公告,https://www.cqggzy.com/trade/014/PNII_5002326814615302609090110?categoryNum=014010001,武隆区,采购公告,2026-09-09,重庆市公共资源交易网,2026-09-11 11:03:46
关于为【重庆市黔江区博通城市运营服务有限公司年度零星材料招标代理采购】 公开选取【招标代理】机构的公告,https://www.cqggzy.com/trade/014/PNII_5001145520002522609090154?categoryNum=014010001,黔江区,采购公告,2026-09-09,重庆市公共资源交易网,2026-09-11 11:03:46
关于为【2026-422#某环境整治项目（结算）】 公开选取【工程造价咨询】机构的公告,https://www.cqggzy.com/trade/014/PNII_5002236814909052609090194?categoryNum=014010001,潼南区,采购公告,2026-09-09,重庆市公共资源交易网,2026-09-11 11:03:46
关于为【涪陵区2026年江东街道智慧化生猪养殖基地建设项目 招标代理单位】 公开选取【招标代理】机构的公告,https://www.cqggzy.com/trade/014/PNII_50010273655708X2609090111?categoryNum=014010001,涪陵区,采购公告,2026-09-09,重庆市公共资源交易网,2026-09-11 11:03:46
关于为【V19-3/08部分地块土地勘测定界采购公告】 公开选取【测绘】机构的公告,https://www.cqggzy.com/trade/014/PNII_5001077474683652609090169?categoryNum=014010001,九龙坡区,采购公告,2026-09-09,重庆市公共资源交易网,2026-09-11 11:03:46
关于为【开州区治理中心保安保洁劳务外包服务项目采购代理服务】 公开选取【招标代理】机构的公告,https://www.cqggzy.com/trade/014/PNII_500234MB08186622609090062?categoryNum=014010001,开州区,采购公告,2026-09-09,重庆市公共资源交易网,2026-09-11 11:03:46
关于为【2026年武隆区非遗及特色产品工坊提档升级项目预算审核】 公开选取【工程造价咨询】机构的公告,https://www.cqggzy.com/trade/014/PNII_500232MA60UQG712609090182?categoryNum=014010001,武隆区,采购公告,2026-09-09,重庆市公共资源交易网,2026-09-11 11:03:46
关于为【“阿里云仓”一层配电及照明工程】 公开选取【工程造价咨询】机构的公告,https://www.cqggzy.com/trade/014/PNII_500116MA60LJFP42609090155?categoryNum=014010001,江津区,采购公告,2026-09-09,重庆市公共资源交易网,2026-09-11 11:03:46
南川区西大街66号附19号门面招租,https://www.cqggzy.com/trade/014/1788921366892BC4F2DE08FA70730DD1?categoryNum=014002004,南川区,成交结果公告,2026-09-09,重庆市公共资源交易网,2026-09-11 11:03:46
关于为【2026年扶持发展新型农村集体经济项目施工图审查服务】 公开选取【施工图设计文件审查】机构的公告,https://www.cqggzy.com/trade/014/PNII_5001010086459382609090193?categoryNum=014010001,万州区,采购公告,2026-09-09,重庆市公共资源交易网,2026-09-11 11:03:46
关于为【S202北环快速路机电升级维护工程施工招标代理】 公开选取【工程建设项目招标代理】机构的公告,https://www.cqggzy.com/trade/014/PNII_500234MB1E514512609090176?categoryNum=014010001,开州区,采购公告,2026-09-09,重庆市公共资源交易网,2026-09-11 11:03:46
关于为【公开选聘常年律师顾问单位】 公开选取【律师事务所服务】机构的公告,https://www.cqggzy.com/trade/014/PNII_500105MA7L3LXE72609090159?categoryNum=014010001,江北区,采购公告,2026-09-09,重庆市公共资源交易网,2026-09-11 11:03:46
关于为【万州城区路面雨水收集能力完善工程(剩余部分)施工招标代理采购】 公开选取【工程建设项目招标代理】机构的公告,https://www.cqggzy.com/trade/014/PNII_5001012079067902609090152?categoryNum=014010001,万州区,采购公告,2026-09-09,重庆市公共资源交易网,2026-09-11 11:03:48
关于为【巫山县高切坡日常维护（2026年度） 预算审核单位采购】 公开选取【工程造价咨询】机构的公告,https://www.cqggzy.com/trade/014/PNII_50023778420369X2609090175?categoryNum=014010001,巫山县,采购公告,2026-09-09,重庆市公共资源交易网,2026-09-11 11:03:48
关于为【重庆两江新区人才发展集团有限公司网络安全等级保护测评】 公开选取【信息咨询和技术服务】机构的公告,https://www.cqggzy.com/trade/014/PNII_5001120598555992609090090?categoryNum=014010001,渝北区,采购公告,2026-09-09,重庆市公共资源交易网,2026-09-11 11:03:48
关于【华福大道绿化品质提升评审单位采购】中选结果的公告,https://www.cqggzy.com/trade/014/BRII_5001040092864202608110270?categoryNum=014010002,大渡口区,中选公告,2026-09-09,重庆市公共资源交易网,2026-09-11 11:03:48
关于【双园路环境整治提升评审单位采购】中选结果的公告,https://www.cqggzy.com/trade/014/BRII_5001040092864202608120611?categoryNum=014010002,大渡口区,中选公告,2026-09-09,重庆市公共资源交易网,2026-09-11 11:03:48
关于为【潼南区崇龛镇临江社区、大屋村、张板村、青山村、汪坝村预算编制】 公开选取【工程造价咨询】机构的公告,https://www.cqggzy.com/trade/014/PNII_5002230093325112609080165?categoryNum=014010001,潼南区,采购公告,2026-09-09,重庆市公共资源交易网,2026-09-11 11:03:48
关于【华生园入口及周边改造提升评审单位采购】中选结果的公告,https://www.cqggzy.com/trade/014/BRII_5001040092864202608260773?categoryNum=014010002,大渡口区,中选公告,2026-09-09,重庆市公共资源交易网,2026-09-11 11:03:48
关于【大渡口区老旧市政管网供水能力改造工程（二期）】中选结果的公告,https://www.cqggzy.com/trade/014/BRII_5001040092864202609020087?categoryNum=014010002,大渡口区,中选公告,2026-09-09,重庆市公共资源交易网,2026-09-11 11:03:48
关于【重庆市万州区图书馆招募2026年度图书采购项目第三方代理机构】中选结果的公告,https://www.cqggzy.com/trade/014/BRII_5001014517535032609040307?categoryNum=014010002,万州区,中选公告,2026-09-09,重庆市公共资源交易网,2026-09-11 11:03:48
关于【梁平区殡仪馆建设项目（勘界）】中选结果的公告,https://www.cqggzy.com/trade/014/BRII_5002286814518932609030635?categoryNum=014010002,梁平区,中选公告,2026-09-09,重庆市公共资源交易网,2026-09-11 11:03:48
关于为【重庆市大仙女山南部片区国土绿化示范项目（万盛经开区）招标代理服务】 公开选取【招标代理】机构的公告,https://www.cqggzy.com/trade/014/PNII_500199MB1J763892609090162?categoryNum=014010001,万盛区,采购公告,2026-09-09,重庆市公共资源交易网,2026-09-11 11:03:48
关于为【恺之峰景区基础及配套设施 经营权项目可行性研究报告采购】 公开选取【工程咨询】机构的公告,https://www.cqggzy.com/trade/014/PNII_500231MA5UK2G852609090105?categoryNum=014010001,垫江县,采购公告,2026-09-09,重庆市公共资源交易网,2026-09-11 11:03:48
重庆市永川区陈食街道道路清扫保洁和市政设施管护服务项目(YCQ26C00343)中标（成交）结果公告,https://www.cqggzy.com/trade/014/1673676498521075712_1?categoryNum=014005004,永川区,采购结果公告,2026-09-09,重庆市公共资源交易网,2026-09-11 11:03:49
关于为【长寿区2026年垃圾分类提质增效小区、“两网融合”点广告制作项目】 公开选取【商务服务，宣传设计服务】机构的公告,https://www.cqggzy.com/trade/014/PNII_5001157688825062609090031?categoryNum=014010001,长寿区,采购公告,2026-09-09,重庆市公共资源交易网,2026-09-11 11:03:49
关于为【西坪村4社铜盆池环境整治预算审核服务采购】 公开选取【工程造价咨询】机构的公告,https://www.cqggzy.com/trade/014/PNII_5002370086610492609080878?categoryNum=014010001,巫山县,采购公告,2026-09-09,重庆市公共资源交易网,2026-09-11 11:03:49
关于为【西坪村4社铜盆池环境整治结算审核服务采购】 公开选取【工程造价咨询】机构的公告,https://www.cqggzy.com/trade/014/PNII_5002370086610492609080883?categoryNum=014010001,巫山县,采购公告,2026-09-09,重庆市公共资源交易网,2026-09-11 11:03:49
关于为【2026巫山县巫峡镇柳树村3社编织厂至五社上湾道路硬化项目招投标委托代理服务采购】 公开选取【招标代理】机构的公告,https://www.cqggzy.com/trade/014/PNII_5002370086610492609080887?categoryNum=014010001,巫山县,采购公告,2026-09-09,重庆市公共资源交易网,2026-09-11 11:03:49
关于为【荣昌区濑溪河流域重要支流（洙溪河、渔箭河）上游入河排污口整治项目（盘龙镇工业园区废水处理工程）环境影响评价报告服务】 公开选取【建设项目环境影响评价】机构的公告,https://www.cqggzy.com/trade/014/PNII_500226MAAC395172609090092?categoryNum=014010001,荣昌区,采购公告,2026-09-09,重庆市公共资源交易网,2026-09-11 11:03:49
关于为【2026年巫山县巫峡镇石里社区和美乡村建设项目设计（含预算编制）服务采购】 公开选取【工程造价咨询，工程设计】机构的公告,https://www.cqggzy.com/trade/014/PNII_5002370086610492609080891?categoryNum=014010001,巫山县,采购公告,2026-09-09,重庆市公共资源交易网,2026-09-11 11:03:49
关于为【万州区长岭镇农村移民道路改造提升工程招标代理】 公开选取【工程建设项目招标代理】机构的公告,https://www.cqggzy.com/trade/014/PNII_5001010086405202609090072?categoryNum=014010001,万州区,采购公告,2026-09-09,重庆市公共资源交易网,2026-09-11 11:03:49
关于为【对重庆纽航物业管理有限公司进行资产评估。】 公开选取【资产评估】机构的公告,https://www.cqggzy.com/trade/014/PNII_5002377116360722609090179?categoryNum=014010001,巫山县,采购公告,2026-09-09,重庆市公共资源交易网,2026-09-11 11:03:49
关于为【2026年巫山县巫峡镇石里社区和美乡村建设项目监理服务采购】 公开选取【工程监理】机构的公告,https://www.cqggzy.com/trade/014/PNII_5002370086610492609080895?categoryNum=014010001,巫山县,采购公告,2026-09-09,重庆市公共资源交易网,2026-09-11 11:03:49
关于【西南大学附属幼儿园荣昌园维修改造项目招标代理】中选结果的公告,https://www.cqggzy.com/trade/014/BRII_500226MB0A942962607210647?categoryNum=014010002,荣昌区,中选公告,2026-09-09,重庆市公共资源交易网,2026-09-11 11:03:49
关于为【涪陵区2026年江东街道智慧化生猪养殖基地建设项目 预算审核单位】 公开选取【工程造价咨询】机构的公告,https://www.cqggzy.com/trade/014/PNII_50010273655708X2609090137?categoryNum=014010001,涪陵区,采购公告,2026-09-09,重庆市公共资源交易网,2026-09-11 11:03:49
关于【万州区龙都街道桐子园沿江连接道整治工程】中选结果的公告,https://www.cqggzy.com/trade/014/BRII_5001015699222452608280529?categoryNum=014010002,万州区,中选公告,2026-09-09,重庆市公共资源交易网,2026-09-11 11:03:52
关于【丰都县水利局升级改造项目招标代理】中选结果的公告,https://www.cqggzy.com/trade/014/BRII_5002300086864062609030190?categoryNum=014010002,丰都县,中选公告,2026-09-09,重庆市公共资源交易网,2026-09-11 11:03:52
关于【陈家桥街道景观大道至轻轨线下十字路口广告牌租金评估】中选结果的公告,https://www.cqggzy.com/trade/014/BRII_5001060093081162609040463?categoryNum=014010002,沙坪坝区,中选公告,2026-09-09,重庆市公共资源交易网,2026-09-11 11:03:52
关于为【黔江区正阳商贸基础设施改造提升项目监理单位的招标代理服务机构采购】 公开选取【招标代理】机构的公告,https://www.cqggzy.com/trade/014/PNII_5001145520002522609090099?categoryNum=014010001,黔江区,采购公告,2026-09-09,重庆市公共资源交易网,2026-09-11 11:03:52
关于为【I04-2地块配套设施及整治项目可研评审单位采购】 公开选取【工程咨询】机构的公告,https://www.cqggzy.com/trade/014/PNII_5001040092864202609090173?categoryNum=014010001,大渡口区,采购公告,2026-09-09,重庆市公共资源交易网,2026-09-11 11:03:52
关于为【 酉酬镇古田村高山猪养殖场建设项目】 公开选取【招标代理】机构的公告,https://www.cqggzy.com/trade/014/PNII_5002427339420032609090114?categoryNum=014010001,酉阳县,采购公告,2026-09-09,重庆市公共资源交易网,2026-09-11 11:03:52
关于【“合川区2026年度物联感知资源接入服务”项目选取招标代理服务机构】中选结果的公告,https://www.cqggzy.com/trade/014/BRII_500117MB18602482609040556?categoryNum=014010002,合川区,中选公告,2026-09-09,重庆市公共资源交易网,2026-09-11 11:03:52
关于为【御湖一支路停车场工程建设项目竣工测绘服务】 公开选取【测绘】机构的公告,https://www.cqggzy.com/trade/014/PNII_500227MA5U57Y572609090106?categoryNum=014010001,璧山区,采购公告,2026-09-09,重庆市公共资源交易网,2026-09-11 11:03:52
关于为【文理附中垃圾站改建工程招标代理选取】 公开选取【工程建设项目招标代理】机构的公告,https://www.cqggzy.com/trade/014/PNII_5001184506416812609090068?categoryNum=014010001,永川区,采购公告,2026-09-09,重庆市公共资源交易网,2026-09-11 11:03:52
关于为【长寿区产教融合片区开发项目EPC总承包全过程工程咨询服务合同纠纷案（与浙江江南工程管理股份有限公司服务合同纠纷案）确定律师服务】 公开选取【律师事务所服务】机构的公告,https://www.cqggzy.com/trade/014/PNII_5001156912158512609090121?categoryNum=014010001,长寿区,采购公告,2026-09-09,重庆市公共资源交易网,2026-09-11 11:03:52
关于为【重庆高新开发建设投资集团有限公司2026年度至2028年度第三方安全生产技术服务】 公开选取【管理和决策咨询】机构的公告,https://www.cqggzy.com/trade/014/PNII_500298MA5U5GY272609090091?categoryNum=014010001,市级,采购公告,2026-09-09,重庆市公共资源交易网,2026-09-11 11:03:52
关于为【丹江口库区上游任河流域城口县东安段水环境综合治理工程】 公开选取【工程咨询】机构的公告,https://www.cqggzy.com/trade/014/PNII_5002297116233192609090165?categoryNum=014010001,城口县,采购公告,2026-09-09,重庆市公共资源交易网,2026-09-11 11:03:52
关于为【丹江口库区上游任河流域城口县厚坪段水环境综合治理工程】 公开选取【工程咨询】机构的公告,https://www.cqggzy.com/trade/014/PNII_5002297116233192609090140?categoryNum=014010001,城口县,采购公告,2026-09-09,重庆市公共资源交易网,2026-09-11 11:03:54
关于【2026 年铜梁区城区国庆期间路灯杆升挂国旗服务项目（预算）】中选结果的公告,https://www.cqggzy.com/trade/014/BRII_5002245868681132609030689?categoryNum=014010002,铜梁区,中选公告,2026-09-09,重庆市公共资源交易网,2026-09-11 11:03:54
关于为【2026巫山县巫峡镇柳树村3社编织厂至五社上湾道路硬化项目预算审核服务采购】 公开选取【工程造价咨询】机构的公告,https://www.cqggzy.com/trade/014/PNII_5002370086610492609080886?categoryNum=014010001,巫山县,采购公告,2026-09-09,重庆市公共资源交易网,2026-09-11 11:03:54
关于【2026 年铜梁区城区国庆期间路灯杆升挂国旗服务项目（预算审核）】中选结果的公告,https://www.cqggzy.com/trade/014/BRII_5002245868681132609030718?categoryNum=014010002,铜梁区,中选公告,2026-09-09,重庆市公共资源交易网,2026-09-11 11:03:54
长寿区智慧教育云平台基础服务采购(CSQ26C00409)中标（成交）结果公告,https://www.cqggzy.com/trade/014/1673382479299653632_1?categoryNum=014005004,长寿区,采购结果公告,2026-09-09,重庆市公共资源交易网,2026-09-11 11:03:54
关于为【2026巫山县巫峡镇柳树村3社编织厂至五社上湾道路硬化项目监理服务采购】 公开选取【工程监理】机构的公告,https://www.cqggzy.com/trade/014/PNII_5002370086610492609080889?categoryNum=014010001,巫山县,采购公告,2026-09-09,重庆市公共资源交易网,2026-09-11 11:03:54
关于【奉节县2026年农村生活垃圾分类治理项目采购说明（招标代理）】中选结果的公告,https://www.cqggzy.com/trade/014/BRII_5002360086585442609030275?categoryNum=014010002,奉节县,中选公告,2026-09-09,重庆市公共资源交易网,2026-09-11 11:03:54
关于为【云阳县红狮镇特色农产品区域物流集散枢纽建设项目可研编制服务】 公开选取【工程咨询】机构的公告,https://www.cqggzy.com/trade/014/PNII_5002356608880682609090055?categoryNum=014010001,云阳县,采购公告,2026-09-09,重庆市公共资源交易网,2026-09-11 11:03:54
关于【奉节县2026年农村生活垃圾分类治理项目采购说明(工程造价咨询)】中选结果的公告,https://www.cqggzy.com/trade/014/BRII_5002360086585442609030258?categoryNum=014010002,奉节县,中选公告,2026-09-09,重庆市公共资源交易网,2026-09-11 11:03:54
关于为【景区地质灾害应急降险项目(一期)施工图审查采购】 公开选取【施工图设计文件审查】机构的公告,https://www.cqggzy.com/trade/014/PNII_500232MAD5THDG32609090094?categoryNum=014010001,武隆区,采购公告,2026-09-09,重庆市公共资源交易网,2026-09-11 11:03:54
关于【2026年龙潭镇产业路招标代理服务】中选结果的公告,https://www.cqggzy.com/trade/014/BRII_50024275309171X2609040130?categoryNum=014010002,酉阳县,中选公告,2026-09-09,重庆市公共资源交易网,2026-09-11 11:03:54
关于【酉阳县龙潭镇2026年人行便桥维修项目招标代理服务】中选结果的公告,https://www.cqggzy.com/trade/014/BRII_50024275309171X2609040125?categoryNum=014010002,酉阳县,中选公告,2026-09-09,重庆市公共资源交易网,2026-09-11 11:03:54
关于【重庆市南川区土溪水厂至石溪管网延伸工程施工招标代理】中选结果的公告,https://www.cqggzy.com/trade/014/BRII_50011968890164X2609040041?categoryNum=014010002,南川区,中选公告,2026-09-09,重庆市公共资源交易网,2026-09-11 11:03:56
关于【重庆市南川区兴隆水厂管网延伸工程施工招标代理】中选结果的公告,https://www.cqggzy.com/trade/014/BRII_50011968890164X2609040031?categoryNum=014010002,南川区,中选公告,2026-09-09,重庆市公共资源交易网,2026-09-11 11:03:56
关于为【黔江区正阳商贸基础设施改造提升项目工程造价全过程控制单位采购】 公开选取【工程造价咨询】机构的公告,https://www.cqggzy.com/trade/014/PNII_5001145520002522609090061?categoryNum=014010001,黔江区,采购公告,2026-09-09,重庆市公共资源交易网,2026-09-11 11:03:56
关于为【忠县石宝镇秦家滑坡治理工程勘查监理】 公开选取【地质灾害防治】机构的公告,https://www.cqggzy.com/trade/014/PNII_5002337688867852609090157?categoryNum=014010001,忠县,采购公告,2026-09-09,重庆市公共资源交易网,2026-09-11 11:03:56
关于为【携港消防整改项目预算编制】 公开选取【工程造价咨询】机构的公告,https://www.cqggzy.com/trade/014/PNII_500230MABR9X0A22609090161?categoryNum=014010001,丰都县,采购公告,2026-09-09,重庆市公共资源交易网,2026-09-11 11:03:56
关于为【市委党校6号楼外立面整治和运动场建设项目扬尘治理工程脚手架及降尘专业分包、基础及附属工程专业分包和气膜安装与拆除服务3个项目招标代理服务】 公开选取【招标代理】机构的公告,https://www.cqggzy.com/trade/014/PNII_500107MA5YU77F72609090124?categoryNum=014010001,九龙坡区,采购公告,2026-09-09,重庆市公共资源交易网,2026-09-11 11:03:56
关于为【西坪村4社铜盆池环境整治招投标委托代理服务采购】 公开选取【招标代理】机构的公告,https://www.cqggzy.com/trade/014/PNII_5002370086610492609080877?categoryNum=014010001,巫山县,采购公告,2026-09-09,重庆市公共资源交易网,2026-09-11 11:03:56
南川区广兴路1号附22号门面招租,https://www.cqggzy.com/trade/014/17889204895551811C226B528F748E4F?categoryNum=014002004,南川区,成交结果公告,2026-09-09,重庆市公共资源交易网,2026-09-11 11:03:56
关于为【几江幼儿园教学楼地板改造项目结算审核】 公开选取【工程造价咨询】机构的公告,https://www.cqggzy.com/trade/014/PNII_5001164505514322609090100?categoryNum=014010001,江津区,采购公告,2026-09-09,重庆市公共资源交易网,2026-09-11 11:03:56
关于为【西坪村4社铜盆池环境整治设计（含预算编制）采购】 公开选取【工程造价咨询，工程设计】机构的公告,https://www.cqggzy.com/trade/014/PNII_5002370086610492609080874?categoryNum=014010001,巫山县,采购公告,2026-09-09,重庆市公共资源交易网,2026-09-11 11:03:56
关于为【珍溪镇卫生院隐患整治工程(招标代理）】 公开选取【招标代理，工程建设项目招标代理】机构的公告,https://www.cqggzy.com/trade/014/PNII_5001027562028922609080298?categoryNum=014010001,涪陵区,采购公告,2026-09-09,重庆市公共资源交易网,2026-09-11 11:03:56
关于【2024年巴南区接龙镇马路村食用菌附属配套设施项目结算审核服务】中选结果的公告,https://www.cqggzy.com/trade/014/BRII_5001130093086182609040010?categoryNum=014010002,巴南区,中选公告,2026-09-09,重庆市公共资源交易网,2026-09-11 11:03:56
关于为【2026巫山县巫峡镇柳树村3社编织厂至五社上湾道路硬化项目可行性研究报告编制服务采购】 公开选取【工程咨询】机构的公告,https://www.cqggzy.com/trade/014/PNII_5002370086610492609080888?categoryNum=014010001,巫山县,采购公告,2026-09-09,重庆市公共资源交易网,2026-09-11 11:03:58
关于为【西坪村4社铜盆池环境整治监理服务采购】 公开选取【工程监理】机构的公告,https://www.cqggzy.com/trade/014/PNII_5002370086610492609080882?categoryNum=014010001,巫山县,采购公告,2026-09-09,重庆市公共资源交易网,2026-09-11 11:03:58
关于为【万州区沱口污水厂服务片区污水管网新建改造工程监理招标代理采购】 公开选取【工程建设项目招标代理】机构的公告,https://www.cqggzy.com/trade/014/PNII_5001012079067902609090170?categoryNum=014010001,万州区,采购公告,2026-09-09,重庆市公共资源交易网,2026-09-11 11:03:58
关于为【宝鼎山80套房屋土地详规编制服务采购】 公开选取【城乡规划编制】机构的公告,https://www.cqggzy.com/trade/014/PNII_500231MA5U58H192609090133?categoryNum=014010001,垫江县,采购公告,2026-09-09,重庆市公共资源交易网,2026-09-11 11:03:58
关于为【2026巫山县巫峡镇柳树村3社编织厂至五社上湾道路硬化项目设计（含预算编制）采购】 公开选取【工程设计，工程造价咨询】机构的公告,https://www.cqggzy.com/trade/014/PNII_5002370086610492609080884?categoryNum=014010001,巫山县,采购公告,2026-09-09,重庆市公共资源交易网,2026-09-11 11:03:58
关于为【2026年巫山县巫峡镇石里社区和美乡村建设项目预算审核服务采购】 公开选取【工程造价咨询】机构的公告,https://www.cqggzy.com/trade/014/PNII_5002370086610492609080892?categoryNum=014010001,巫山县,采购公告,2026-09-09,重庆市公共资源交易网,2026-09-11 11:03:58
长寿教育城域网内网链路租用项目(CSQ26C00410)中标（成交）结果公告,https://www.cqggzy.com/trade/014/1673333002647941120_1?categoryNum=014005004,长寿区,采购结果公告,2026-09-09,重庆市公共资源交易网,2026-09-11 11:03:58
关于为【2026年巫山县巫峡镇石里社区和美乡村建设项目结算审核服务采购】 公开选取【工程造价咨询】机构的公告,https://www.cqggzy.com/trade/014/PNII_5002370086610492609080896?categoryNum=014010001,巫山县,采购公告,2026-09-09,重庆市公共资源交易网,2026-09-11 11:03:58
关于【荣昌区玉屏实验小学劳动基地及功能室维修改造项目】中选结果的公告,https://www.cqggzy.com/trade/014/BRII_5002267688835682608300026?categoryNum=014010002,荣昌区,中选公告,2026-09-09,重庆市公共资源交易网,2026-09-11 11:03:58
关于为【重庆市铜梁区餐饮油烟在线监测建设项目需求调查单位采购】 公开选取【招标代理】机构的公告,https://www.cqggzy.com/trade/014/PNII_5002244506297622609090145?categoryNum=014010001,铜梁区,采购公告,2026-09-09,重庆市公共资源交易网,2026-09-11 11:03:58
关于为【万州区沱口污水厂服务片区污水管网新建改造工程施工招标代理采购】 公开选取【工程建设项目招标代理】机构的公告,https://www.cqggzy.com/trade/014/PNII_5001012079067902609090166?categoryNum=014010001,万州区,采购公告,2026-09-09,重庆市公共资源交易网,2026-09-11 11:03:58
关于【开州区潮玩项目安全生产电力改造工程】中选结果的公告,https://www.cqggzy.com/trade/014/BRII_5002340086461642608310329?categoryNum=014010002,开州区,中选公告,2026-09-09,重庆市公共资源交易网,2026-09-11 11:03:58
关于【丰都县三建镇中心学校厕所维修项目工程造价咨询服务采购】中选结果的公告,https://www.cqggzy.com/trade/014/BRII_500230MB0W660762609030789?categoryNum=014010002,丰都县,中选公告,2026-09-09,重庆市公共资源交易网,2026-09-11 11:04:01
关于【涪陵区2026年龙潭镇新义村高标准农田补建项目】中选结果的公告,https://www.cqggzy.com/trade/014/BRII_5001027365789132609040210?categoryNum=014010002,涪陵区,中选公告,2026-09-09,重庆市公共资源交易网,2026-09-11 11:04:01
关于【2025年滨湖公园歇马段175斜坡提质改造项目结算审核造价咨询】中选结果的公告,https://www.cqggzy.com/trade/014/BRII_500234MB0Q149832609040451?categoryNum=014010002,开州区,中选公告,2026-09-09,重庆市公共资源交易网,2026-09-11 11:04:01
关于为【内环南路723号中河小区片区老旧小区改造项目咨询服务】 公开选取【工程造价咨询】机构的公告,https://www.cqggzy.com/trade/014/PNII_500118MB18483962609090128?categoryNum=014010001,永川区,采购公告,2026-09-09,重庆市公共资源交易网,2026-09-11 11:04:01
关于为【万州区长岭镇柑橘等特色优势农业服务能力保障工程地质灾害评估】 公开选取【地质灾害防治】机构的公告,https://www.cqggzy.com/trade/014/PNII_5001010086405202609090117?categoryNum=014010001,万州区,采购公告,2026-09-09,重庆市公共资源交易网,2026-09-11 11:04:01
关于【板溪镇东环路零星地块整治项目设计服务采购】中选结果的公告,https://www.cqggzy.com/trade/014/BRII_5002420564781692609040311?categoryNum=014010002,酉阳县,中选公告,2026-09-09,重庆市公共资源交易网,2026-09-11 11:04:01
关于【板溪园区创园人才公寓改造项目设计选取的采购】中选结果的公告,https://www.cqggzy.com/trade/014/BRII_5002420564781692609040017?categoryNum=014010002,酉阳县,中选公告,2026-09-09,重庆市公共资源交易网,2026-09-11 11:04:01
医院零星维修项目(CSQ26C00378)中标（成交）结果公告,https://www.cqggzy.com/trade/014/1673329599708442624_1?categoryNum=014005004,长寿区,采购结果公告,2026-09-09,重庆市公共资源交易网,2026-09-11 11:04:01
关于【酉阳县偏柏乡柏溪村2026年特色旅居村庄连接道路以工代赈项目】中选结果的公告,https://www.cqggzy.com/trade/014/BRII_5002420091486502609030399?categoryNum=014010002,酉阳县,中选公告,2026-09-09,重庆市公共资源交易网,2026-09-11 11:04:01
关于为【景区地质灾害应急降险项目（一期）招标代理采购】 公开选取【招标代理】机构的公告,https://www.cqggzy.com/trade/014/PNII_500232MAD5THDG32609090125?categoryNum=014010001,武隆区,采购公告,2026-09-09,重庆市公共资源交易网,2026-09-11 11:04:01
关于为【奉节县殡葬服务中心焚化炉及尾气设备升级改造项目招标代理服务】 公开选取【招标代理】机构的公告,https://www.cqggzy.com/trade/014/PNII_5002365979954252609090032?categoryNum=014010001,奉节县,采购公告,2026-09-09,重庆市公共资源交易网,2026-09-11 11:04:01
关于为【周家坝街道天子路、长生河、双堰塘社区片区老旧小区改造配套基础设施建设项目监理招标代理采购】 公开选取【工程建设项目招标代理】机构的公告,https://www.cqggzy.com/trade/014/PNII_5001012079067902609090130?categoryNum=014010001,万州区,采购公告,2026-09-09,重庆市公共资源交易网,2026-09-11 11:04:01
关于为【垫江县2026年林草湿荒日常调查监测 技术服务】 公开选取【林业调查规划设计】机构的公告,https://www.cqggzy.com/trade/014/PNII_5002310086783932609090098?categoryNum=014010001,垫江县,采购公告,2026-09-09,重庆市公共资源交易网,2026-09-11 11:04:03
关于为【大进茶园加工厂SC认证食品生产许可证办理物资采购】 公开选取【招标代理】机构的公告,https://www.cqggzy.com/trade/014/PNII_5002344517894692609090079?categoryNum=014010001,开州区,采购公告,2026-09-09,重庆市公共资源交易网,2026-09-11 11:04:03
关于为【长寿区2026年国庆期间灯杆升挂国旗实施项目】 公开选取【商务服务，宣传设计服务】机构的公告,https://www.cqggzy.com/trade/014/PNII_5001157688825062609090113?categoryNum=014010001,长寿区,采购公告,2026-09-09,重庆市公共资源交易网,2026-09-11 11:04:03
关于为【重庆市南川区森林草原消防队伍提升项目建设工程质量检测】 公开选取【建设工程质量检测】机构的公告,https://www.cqggzy.com/trade/014/PNII_500119MA61998J92609090064?categoryNum=014010001,南川区,采购公告,2026-09-09,重庆市公共资源交易网,2026-09-11 11:04:03
关于为【垫江县黎明村芍药基地土壤改良项目】 公开选取【工程设计】机构的公告,https://www.cqggzy.com/trade/014/PNII_500231MA5UK2G852609080662?categoryNum=014010001,垫江县,采购公告,2026-09-09,重庆市公共资源交易网,2026-09-11 11:04:03
关于为【景区地质灾害应急降险项目（一期）预算编制采购】 公开选取【工程造价咨询】机构的公告,https://www.cqggzy.com/trade/014/PNII_500232MAD5THDG32609090109?categoryNum=014010001,武隆区,采购公告,2026-09-09,重庆市公共资源交易网,2026-09-11 11:04:03
关于为【万盛经开区2026年城镇配套基础设施EPC项目】 公开选取【招标代理】机构的公告,https://www.cqggzy.com/trade/014/PNII_5001990953339742609090118?categoryNum=014010001,万盛区,采购公告,2026-09-09,重庆市公共资源交易网,2026-09-11 11:04:03
关于为【丰都县2026年市级财政常态化帮扶资金推进农村生活垃圾治理重点项目概算审查】 公开选取【工程造价咨询】机构的公告,https://www.cqggzy.com/trade/014/PNII_5002300086861662609090107?categoryNum=014010001,丰都县,采购公告,2026-09-09,重庆市公共资源交易网,2026-09-11 11:04:03
重庆市大足区人民医院基于AI人工智能病历书写分析系统采购(DZQ26C00067)中标（成交）结果公告,https://www.cqggzy.com/trade/014/1673676696051822592_1?categoryNum=014005004,大足区,采购结果公告,2026-09-09,重庆市公共资源交易网,2026-09-11 11:04:03
巴南区2026年薄改提升信息化设备设施（智慧交互黑板）项目(BNQ26A00346)公开招标公告,https://www.cqggzy.com/trade/014/1673676742625374208?categoryNum=014005001,巴南区,采购公告,2026-09-09,重庆市公共资源交易网,2026-09-11 11:04:03
关于为【重庆市永川区殡葬服务设施改造项目（安全隐患整改）招标代理服务采购说明】 公开选取【招标代理】机构的公告,https://www.cqggzy.com/trade/014/PNII_5001187530835092609090126?categoryNum=014010001,永川区,采购公告,2026-09-09,重庆市公共资源交易网,2026-09-11 11:04:03
关于为【鲁能巴蜀中学高中教学功能综合改造工程项目-概算评审】 公开选取【工程造价咨询】机构的公告,https://www.cqggzy.com/trade/014/PNII_500198MB0B190942609090102?categoryNum=014010001,两江新区,采购公告,2026-09-09,重庆市公共资源交易网,2026-09-11 11:04:03
关于为【忠县白石镇明星村美丽家园建设项目结算审核】 公开选取【工程造价咨询】机构的公告,https://www.cqggzy.com/trade/014/PNII_5002337339732562609090013?categoryNum=014010001,忠县,采购公告,2026-09-09,重庆市公共资源交易网,2026-09-11 11:04:05
关于【酉阳县偏柏乡柏溪村2026年特色旅居村庄连接道路以工代赈项目】中选结果的公告,https://www.cqggzy.com/trade/014/BRII_5002420091486502609030397?categoryNum=014010002,酉阳县,中选公告,2026-09-09,重庆市公共资源交易网,2026-09-11 11:04:05
关于【酉阳县偏柏乡柏溪村2026年特色旅居村庄连接道路以工代赈项目】中选结果的公告,https://www.cqggzy.com/trade/014/BRII_5002420091486502609030394?categoryNum=014010002,酉阳县,中选公告,2026-09-09,重庆市公共资源交易网,2026-09-11 11:04:05
关于【鲁渝协作开州中药材产业集群高质量发展项目-长沙镇齐圣村农村公路安全提升及窄路面加宽工程】中选结果的公告,https://www.cqggzy.com/trade/014/BRII_5002340086461642609020373?categoryNum=014010002,开州区,中选公告,2026-09-09,重庆市公共资源交易网,2026-09-11 11:04:05
关于【童家桥街道2025年老旧小区改造提升项目监理服务】中选结果的公告,https://www.cqggzy.com/trade/014/BRII_5001062030889702609030520?categoryNum=014010002,沙坪坝区,中选公告,2026-09-09,重庆市公共资源交易网,2026-09-11 11:04:05
关于【重庆市开州区桑坪小流域水土保持综合监测站卡口控制站壅水整治项目结算审核服务采购】中选结果的公告,https://www.cqggzy.com/trade/014/BRII_5002347980050962609030735?categoryNum=014010002,开州区,中选公告,2026-09-09,重庆市公共资源交易网,2026-09-11 11:04:05
关于为【长龙河、余马河、断石河清淤疏浚项目可行性研究报告编制采购】 公开选取【工程咨询】机构的公告,https://www.cqggzy.com/trade/014/PNII_500231MA5UK2G852609090115?categoryNum=014010001,垫江县,采购公告,2026-09-09,重庆市公共资源交易网,2026-09-11 11:04:05
关于【涪陵区2026年龙潭镇和睦村高标准农田补建项目】中选结果的公告,https://www.cqggzy.com/trade/014/BRII_5001027365789132609040249?categoryNum=014010002,涪陵区,中选公告,2026-09-09,重庆市公共资源交易网,2026-09-11 11:04:05
关于【荣昌区昌州街道2024年老旧小区主体改造工程项目决算】中选结果的公告,https://www.cqggzy.com/trade/014/BRII_5002266664367082609020408?categoryNum=014010002,荣昌区,中选公告,2026-09-09,重庆市公共资源交易网,2026-09-11 11:04:05
关于【园区物业服务费用测评采购】中选结果的公告,https://www.cqggzy.com/trade/014/BRII_5002420564781692609030627?categoryNum=014010002,酉阳县,中选公告,2026-09-09,重庆市公共资源交易网,2026-09-11 11:04:05
关于为【西坪村4社铜盆池环境整治可行性研究报告编制服务采购】 公开选取【工程咨询】机构的公告,https://www.cqggzy.com/trade/014/PNII_5002370086610492609080880?categoryNum=014010001,巫山县,采购公告,2026-09-09,重庆市公共资源交易网,2026-09-11 11:04:05
关于【就万江万光厂房租赁改造项目（暂定名）出具可研报告】中选结果的公告,https://www.cqggzy.com/trade/014/BRII_500101MAD88Q7L92609040424?categoryNum=014010002,万州区,中选公告,2026-09-09,重庆市公共资源交易网,2026-09-11 11:04:05
关于为【2026巫山县巫峡镇柳树村3社编织厂至五社上湾道路硬化项目结算审核服务采购】 公开选取【工程造价咨询】机构的公告,https://www.cqggzy.com/trade/014/PNII_5002370086610492609080890?categoryNum=014010001,巫山县,采购公告,2026-09-09,重庆市公共资源交易网,2026-09-11 11:04:07
关于为【2026年暨龙镇九龙泉村股份经济合作社渔场改扩建项目设计】 公开选取【工程设计】机构的公告,https://www.cqggzy.com/trade/014/PNII_5002300086897462609090033?categoryNum=014010001,丰都县,采购公告,2026-09-09,重庆市公共资源交易网,2026-09-11 11:04:07
关于为【国乔资产收购法律咨询项目】 公开选取【律师事务所服务】机构的公告,https://www.cqggzy.com/trade/014/PNII_5001107748894992609010432?categoryNum=014010001,綦江区,采购公告,2026-09-09,重庆市公共资源交易网,2026-09-11 11:04:07
关于为【涪陵区2026年玉米柑橘农药使用调查监测】 公开选取【管理和决策咨询】机构的公告,https://www.cqggzy.com/trade/014/PNII_5001026992578292609090025?categoryNum=014010001,涪陵区,采购公告,2026-09-09,重庆市公共资源交易网,2026-09-11 11:04:07
关于为【五大景区品质提升（仙女山景区）项目-木梯子至遛马场段小火车道路改造项目岩土勘察】 公开选取【工程勘察】机构的公告,https://www.cqggzy.com/trade/014/PNII_5002326664218722609090005?categoryNum=014010001,武隆区,采购公告,2026-09-09,重庆市公共资源交易网,2026-09-11 11:04:07
关于为【巫山县2026年城市燃气管网及设施设备老化现状评估】 公开选取【安全评价，特种设备检验检测】机构的公告,https://www.cqggzy.com/trade/014/PNII_5002377094723982609080811?categoryNum=014010001,巫山县,采购公告,2026-09-09,重庆市公共资源交易网,2026-09-11 11:04:07
关于【重庆市林业科学研究院润楠国家林木种质资源库建设项目】中选结果的公告,https://www.cqggzy.com/trade/014/BRII_5001064503845232609040234?categoryNum=014010002,沙坪坝区,中选公告,2026-09-09,重庆市公共资源交易网,2026-09-11 11:04:07
关于为【云阳县红狮镇移民迁建小区居住安全隐患治理工程可研编制服务】 公开选取【工程咨询】机构的公告,https://www.cqggzy.com/trade/014/PNII_5002356608880682609090016?categoryNum=014010001,云阳县,采购公告,2026-09-09,重庆市公共资源交易网,2026-09-11 11:04:07
关于【黔江区集中式饮用水源地生态整治工程（一期）质量检测】中选结果的公告,https://www.cqggzy.com/trade/014/BRII_500114MAABP8AQX2609020052?categoryNum=014010002,黔江区,中选公告,2026-09-09,重庆市公共资源交易网,2026-09-11 11:04:07
关于【开州区2026年天和镇高兴村农村公路安全提升工程】中选结果的公告,https://www.cqggzy.com/trade/014/BRII_5002340086461642609020397?categoryNum=014010002,开州区,中选公告,2026-09-09,重庆市公共资源交易网,2026-09-11 11:04:07
关于【黔江区国有林场管护站森林防火宣传墙设计及维护】中选结果的公告,https://www.cqggzy.com/trade/014/BRII_5001140091304262609030043?categoryNum=014010002,黔江区,中选公告,2026-09-09,重庆市公共资源交易网,2026-09-11 11:04:07
关于【忠县农用地土壤重金属污染溯源项目招标代理服务采购】中选结果的公告,https://www.cqggzy.com/trade/014/BRII_5002337398051142609070925?categoryNum=014010002,忠县,中选公告,2026-09-09,重庆市公共资源交易网,2026-09-11 11:04:07
关于【招商引资数字信息机构合作项目】中选结果的公告,https://www.cqggzy.com/trade/014/BRII_500230MABR9X0A22609040300?categoryNum=014010002,丰都县,中选公告,2026-09-09,重庆市公共资源交易网,2026-09-11 11:04:09
关于【涪陵区2026年龙潭镇和睦村高标准农田补建项目】中选结果的公告,https://www.cqggzy.com/trade/014/BRII_5001027365789132609040253?categoryNum=014010002,涪陵区,中选公告,2026-09-09,重庆市公共资源交易网,2026-09-11 11:04:09
关于为【云阳县红狮镇向阳村等山洪灾害防治工程预算编制服务】 公开选取【工程造价咨询】机构的公告,https://www.cqggzy.com/trade/014/PNII_5002356608880682609090011?categoryNum=014010001,云阳县,采购公告,2026-09-09,重庆市公共资源交易网,2026-09-11 11:04:09
关于为【内环南路723号中河小区片区老旧小区改造项目设计服务】 公开选取【工程设计】机构的公告,https://www.cqggzy.com/trade/014/PNII_500118MB18483962609090089?categoryNum=014010001,永川区,采购公告,2026-09-09,重庆市公共资源交易网,2026-09-11 11:04:09
重庆电力高等专科学校潼南校区2026-2028年校园物业管理与服务项目(CQS26C02207)采购更正公告一号,https://www.cqggzy.com/trade/014/1673662148355862528?categoryNum=014005002,市级,答疑变更,2026-09-09,重庆市公共资源交易网,2026-09-11 11:04:09
麻醉系统（麻醉工作站）(CQS26A02278)公开招标公告,https://www.cqggzy.com/trade/014/1673433101826830336?categoryNum=014005001,市级,采购公告,2026-09-09,重庆市公共资源交易网,2026-09-11 11:04:09
关于为【2026年巫山县巫峡镇石里社区和美乡村建设项目可行性研究报告编制服务采购】 公开选取【工程咨询】机构的公告,https://www.cqggzy.com/trade/014/PNII_5002370086610492609080893?categoryNum=014010001,巫山县,采购公告,2026-09-09,重庆市公共资源交易网,2026-09-11 11:04:09
关于为【重庆生命科技城中医药产业园及配套基础设施建设项目白蚁防治服务采购】 公开选取【有害生物防治服务】机构的公告,https://www.cqggzy.com/trade/014/PNII_500227MA5U57Y572609090076?categoryNum=014010001,璧山区,采购公告,2026-09-09,重庆市公共资源交易网,2026-09-11 11:04:09
关于为【开州区城镇污水处理厂扩容改造及系统效能提升项目环境影响评价招标代理】 公开选取【招标代理】机构的公告,https://www.cqggzy.com/trade/014/PNII_5002347453486342609090122?categoryNum=014010001,开州区,采购公告,2026-09-09,重庆市公共资源交易网,2026-09-11 11:04:09
关于为【涪陵区公安局泽胜中央广场公安、武警联勤巡逻岗亭建设项目结算审核】 公开选取【工程造价咨询】机构的公告,https://www.cqggzy.com/trade/014/PNII_5001020086702522609090123?categoryNum=014010001,涪陵区,采购公告,2026-09-09,重庆市公共资源交易网,2026-09-11 11:04:09
关于为【酉阳车田河、胜利水库、龙潭水库幸福河湖验收报告编制服务】 公开选取【工程设计】机构的公告,https://www.cqggzy.com/trade/014/PNII_5002420091464012609090021?categoryNum=014010001,酉阳县,采购公告,2026-09-09,重庆市公共资源交易网,2026-09-11 11:04:09
关于为【两江至长寿快速路大盛联络线项目（隆仁村应急通道）选取代建业主单位】 公开选取【管理和决策咨询】机构的公告,https://www.cqggzy.com/trade/014/PNII_500109MB07061502609090028?categoryNum=014010001,北碚区,采购公告,2026-09-09,重庆市公共资源交易网,2026-09-11 11:04:09
关于【忠县高新区详细规划J3-7/01（部分）地块】中选结果的公告,https://www.cqggzy.com/trade/014/BRII_5002337659152102608280100?categoryNum=014010002,忠县,中选公告,2026-09-09,重庆市公共资源交易网,2026-09-11 11:04:11
关于【开州区2026年镇东街道金果村农村公路安全提升工程】中选结果的公告,https://www.cqggzy.com/trade/014/BRII_5002340086461642609020392?categoryNum=014010002,开州区,中选公告,2026-09-09,重庆市公共资源交易网,2026-09-11 11:04:11
关于【满月镇马扎营水库集中式饮用水水源地保护区划定】中选结果的公告,https://www.cqggzy.com/trade/014/BRII_5002347688927122609040329?categoryNum=014010002,开州区,中选公告,2026-09-09,重庆市公共资源交易网,2026-09-11 11:04:11
关于【2026年全国女子拳击冠军赛服务项目招标代理采购】中选结果的公告,https://www.cqggzy.com/trade/014/BRII_5002267093495092609030624?categoryNum=014010002,荣昌区,中选公告,2026-09-09,重庆市公共资源交易网,2026-09-11 11:04:11
关于【长坪码头、新田码头造价咨询服务】中选结果的公告,https://www.cqggzy.com/trade/014/BRII_5001017093204742609040188?categoryNum=014010002,万州区,中选公告,2026-09-09,重庆市公共资源交易网,2026-09-11 11:04:11
关于【顶星村燃气调峰站社会稳定风险评估】中选结果的公告,https://www.cqggzy.com/trade/014/BRII_5002347688927122609030752?categoryNum=014010002,开州区,中选公告,2026-09-09,重庆市公共资源交易网,2026-09-11 11:04:11
关于【涪陵区2026年龙潭镇新义村高标准农田补建项目】中选结果的公告,https://www.cqggzy.com/trade/014/BRII_5001027365789132609040227?categoryNum=014010002,涪陵区,中选公告,2026-09-09,重庆市公共资源交易网,2026-09-11 11:04:11
关于【新田、长坪集镇码头尽职调查服务】中选结果的公告,https://www.cqggzy.com/trade/014/BRII_5001017093204742609040206?categoryNum=014010002,万州区,中选公告,2026-09-09,重庆市公共资源交易网,2026-09-11 11:04:11
关于为【四屏旅游度假区户外广告发光字制作安装服务】 公开选取【商务服务】机构的公告,https://www.cqggzy.com/trade/014/PNII_5001167659081842609090087?categoryNum=014010001,江津区,采购公告,2026-09-09,重庆市公共资源交易网,2026-09-11 11:04:11
关于为【重庆市江津区四屏小学塑胶运动场工程】 公开选取【工程造价咨询】机构的公告,https://www.cqggzy.com/trade/014/PNII_5001164505603202609080728?categoryNum=014010001,江津区,采购公告,2026-09-09,重庆市公共资源交易网,2026-09-11 11:04:11
关于为【某项目诉前保全担保服务】 公开选取【商务服务】机构的公告,https://www.cqggzy.com/trade/014/PNII_500107MA5YR4GX72609090008?categoryNum=014010001,九龙坡区,采购公告,2026-09-09,重庆市公共资源交易网,2026-09-11 11:04:11
关于为【金铃镇产业路新建项目结算审计】 公开选取【工程造价咨询】机构的公告,https://www.cqggzy.com/trade/014/PNII_5002407116438622609080859?categoryNum=014010001,石柱县,采购公告,2026-09-09,重庆市公共资源交易网,2026-09-11 11:04:11
关于为【2025—2027年武隆区不动产登记档案数字化技术服务】 公开选取【商务服务】机构的公告,https://www.cqggzy.com/trade/014/PNII_5002320086905012609070515?categoryNum=014010001,武隆区,采购公告,2026-09-09,重庆市公共资源交易网,2026-09-11 11:04:13
关于为【重庆万州综合保税区（一期）二标段】 公开选取【检验检测服务】机构的公告,https://www.cqggzy.com/trade/014/PNII_5001017688900552609090083?categoryNum=014010001,万州区,采购公告,2026-09-09,重庆市公共资源交易网,2026-09-11 11:04:13
关于为【忠县三汇中心卫生院金龙分院排危工程】 公开选取【工程造价咨询】机构的公告,https://www.cqggzy.com/trade/014/PNII_5002334518122432609080899?categoryNum=014010001,忠县,采购公告,2026-09-09,重庆市公共资源交易网,2026-09-11 11:04:13
关于为【丰都县仁沙镇陶家坪村2026年特色旅居乡村人居环境整治以工代赈项目监理服务采购】 公开选取【工程监理】机构的公告,https://www.cqggzy.com/trade/014/PNII_5002300086897032609090082?categoryNum=014010001,丰都县,采购公告,2026-09-09,重庆市公共资源交易网,2026-09-11 11:04:13
2026年度全区公务用车统一配备（二次采购）(RCQ26A00628)询价公告,https://www.cqggzy.com/trade/014/1673671894093836288?categoryNum=014005001,荣昌区,采购公告,2026-09-09,重庆市公共资源交易网,2026-09-11 11:04:13
关于为【忠县白石镇明星村响马沟至望娘滩基础设施建设项目结算审核】 公开选取【工程造价咨询】机构的公告,https://www.cqggzy.com/trade/014/PNII_5002337339732562609090069?categoryNum=014010001,忠县,采购公告,2026-09-09,重庆市公共资源交易网,2026-09-11 11:04:13
关于为【重庆沪渝创智生物科技有限公司团体标准咨询服务采购】 公开选取【商务服务】机构的公告,https://www.cqggzy.com/trade/014/PNII_500227MAEB1RY912608310867?categoryNum=014010001,璧山区,采购公告,2026-09-09,重庆市公共资源交易网,2026-09-11 11:04:13
关于【綦江区新盛街道高标准农田补助项目（宝珠片区）】中选结果的公告,https://www.cqggzy.com/trade/014/BRII_5001100093120272608270637?categoryNum=014010002,綦江区,中选公告,2026-09-09,重庆市公共资源交易网,2026-09-11 11:04:13
关于为【巫山县抱培片区现代化水网先导工程洪水影响评价报告编制】 公开选取【洪水影响评价】机构的公告,https://www.cqggzy.com/trade/014/PNII_50023773980818X2609090097?categoryNum=014010001,巫山县,采购公告,2026-09-09,重庆市公共资源交易网,2026-09-11 11:04:13
关于【杨闇公陵园电杆迁改工程结算审核】中选结果的公告,https://www.cqggzy.com/trade/014/BRII_5002236635623542608310783?categoryNum=014010002,潼南区,中选公告,2026-09-09,重庆市公共资源交易网,2026-09-11 11:04:13
关于【杨闇公陵园增容配电工程招标代理】中选结果的公告,https://www.cqggzy.com/trade/014/BRII_5002236635623542609020587?categoryNum=014010002,潼南区,中选公告,2026-09-09,重庆市公共资源交易网,2026-09-11 11:04:13
关于为【梁平非遗展厅展陈及智慧空间项目(预算审核)】 公开选取【工程造价咨询】机构的公告,https://www.cqggzy.com/trade/014/PNII_500228MB19586162609080862?categoryNum=014010001,梁平区,采购公告,2026-09-09,重庆市公共资源交易网,2026-09-11 11:04:13
关于【开州区2026年赵家街道渔乐村农村公路安全提升 工程】中选结果的公告,https://www.cqggzy.com/trade/014/BRII_5002340086461642609020360?categoryNum=014010002,开州区,中选公告,2026-09-09,重庆市公共资源交易网,2026-09-11 11:04:15
关于【丰都县社坛镇2026年特色旅居村产业基础设施建设以工代赈项目概算审查】中选结果的公告,https://www.cqggzy.com/trade/014/BRII_5002300086861662609020763?categoryNum=014010002,丰都县,中选公告,2026-09-09,重庆市公共资源交易网,2026-09-11 11:04:15
关于【S202北环快速路机电升级维护工程】中选结果的公告,https://www.cqggzy.com/trade/014/BRII_5002340086461642609040352?categoryNum=014010002,开州区,中选公告,2026-09-09,重庆市公共资源交易网,2026-09-11 11:04:15
关于【涪陵区2026年龙潭镇新义村高标准农田补建项目】中选结果的公告,https://www.cqggzy.com/trade/014/BRII_5001027365789132609040239?categoryNum=014010002,涪陵区,中选公告,2026-09-09,重庆市公共资源交易网,2026-09-11 11:04:15
关于【2026年新生街道裕华村中药材产业连接道路监理】中选结果的公告,https://www.cqggzy.com/trade/014/BRII_5002337093219602609030733?categoryNum=014010002,忠县,中选公告,2026-09-09,重庆市公共资源交易网,2026-09-11 11:04:15
关于【S202北环快速路土建结构及其他工程设施维护工程】中选结果的公告,https://www.cqggzy.com/trade/014/BRII_5002340086461642609040356?categoryNum=014010002,开州区,中选公告,2026-09-09,重庆市公共资源交易网,2026-09-11 11:04:15
关于【涪陵区2026年龙潭镇和睦村高标准农田补建项目】中选结果的公告,https://www.cqggzy.com/trade/014/BRII_5001027365789132609040258?categoryNum=014010002,涪陵区,中选公告,2026-09-09,重庆市公共资源交易网,2026-09-11 11:04:15
关于【尿流率检测仪采购】中选结果的公告,https://www.cqggzy.com/trade/014/BRII_5002344517887812609030647?categoryNum=014010002,开州区,中选公告,2026-09-09,重庆市公共资源交易网,2026-09-11 11:04:15
关于为【2026年安防工程（二期）施工招标代理】 公开选取【工程建设项目招标代理】机构的公告,https://www.cqggzy.com/trade/014/PNII_500234MB1E514512609090014?categoryNum=014010001,开州区,采购公告,2026-09-09,重庆市公共资源交易网,2026-09-11 11:04:15
关于为【荣昌区濑溪河流域重要支流（珠溪河、渔箭河）上游入河排污口整治项目（盘龙镇工业园区废水处理工程）排污口论证服务】 公开选取【建设项目环境影响评价】机构的公告,https://www.cqggzy.com/trade/014/PNII_500226MAAC395172609080150?categoryNum=014010001,荣昌区,采购公告,2026-09-09,重庆市公共资源交易网,2026-09-11 11:04:15
关于为【2026年武隆区庙垭乡千里云宿农场农庄山野黑猪繁育养殖基地建设项目】 公开选取【工程监理】机构的公告,https://www.cqggzy.com/trade/014/PNII_5002320086915982609080846?categoryNum=014010001,武隆区,采购公告,2026-09-09,重庆市公共资源交易网,2026-09-11 11:04:15
关于为【重庆市南岸区南山珊瑚实验小学校新增变压器及线路改建工程项目招标代理】 公开选取【招标代理】机构的公告,https://www.cqggzy.com/trade/014/PNII_500108MB1C959462609080881?categoryNum=014010001,南岸区,采购公告,2026-09-09,重庆市公共资源交易网,2026-09-11 11:04:15
关于【重庆市大足区智凤小学围墙排危改造项目结算审计采购】中选结果的公告,https://www.cqggzy.com/trade/014/BRII_5001114506677262609040437?categoryNum=014010002,大足区,中选公告,2026-09-09,重庆市公共资源交易网,2026-09-11 11:04:16
关于【两江新区宝圣湖街道番茄花园电梯更新工程招标代理服务】中选结果的公告,https://www.cqggzy.com/trade/014/BRII_5001126220962622609010337?categoryNum=014010002,渝北区,中选公告,2026-09-09,重庆市公共资源交易网,2026-09-11 11:04:16
关于【武隆区白马镇车盘村2026年特色旅居村（黄柏淌）基础设施建设以工代赈项目】中选结果的公告,https://www.cqggzy.com/trade/014/BRII_5002320086914912609040397?categoryNum=014010002,武隆区,中选公告,2026-09-09,重庆市公共资源交易网,2026-09-11 11:04:16
关于【永川区胜利路沥青混凝土拌和站改扩建项目地质灾害危险性评估服务采购】中选结果的公告,https://www.cqggzy.com/trade/014/BRII_5001186608989282609030744?categoryNum=014010002,永川区,中选公告,2026-09-09,重庆市公共资源交易网,2026-09-11 11:04:16
关于为【S202北环快速路机电升级维护工程监理】 公开选取【工程监理】机构的公告,https://www.cqggzy.com/trade/014/PNII_500234MB1E514512609090073?categoryNum=014010001,开州区,采购公告,2026-09-09,重庆市公共资源交易网,2026-09-11 11:04:16
关于【重庆市楠木国家林业和草原局重点实验室建设项目】中选结果的公告,https://www.cqggzy.com/trade/014/BRII_5001064503845232609040176?categoryNum=014010002,沙坪坝区,中选公告,2026-09-09,重庆市公共资源交易网,2026-09-11 11:04:16
关于【重庆港丰都港区镇江作业区镇江码头2#泊位工程洪水影响评价报告编制服务】中选结果的公告,https://www.cqggzy.com/trade/014/BRII_500230MABR9X0A22609040102?categoryNum=014010002,丰都县,中选公告,2026-09-09,重庆市公共资源交易网,2026-09-11 11:04:16
关于【重庆港丰都港区镇江作业区镇江码头2#泊位工程涉河建设方案编制服务】中选结果的公告,https://www.cqggzy.com/trade/014/BRII_500230MABR9X0A22609040128?categoryNum=014010002,丰都县,中选公告,2026-09-09,重庆市公共资源交易网,2026-09-11 11:04:16
关于【开州区实验中学博翔楼二楼排危改造项目预算审核选取说明】中选结果的公告,https://www.cqggzy.com/trade/014/BRII_5002347339495982609040481?categoryNum=014010002,开州区,中选公告,2026-09-09,重庆市公共资源交易网,2026-09-11 11:04:16
关于【保交楼案件执行程序服务】中选结果的公告,https://www.cqggzy.com/trade/014/BRII_5001027815707342609030747?categoryNum=014010002,涪陵区,中选公告,2026-09-09,重庆市公共资源交易网,2026-09-11 11:04:16
关于【月亮湾口袋公园建设工程招标代理服务】中选结果的公告,https://www.cqggzy.com/trade/014/BRII_5002264506821092609070928?categoryNum=014010002,荣昌区,中选公告,2026-09-09,重庆市公共资源交易网,2026-09-11 11:04:16
关于为【恐龙化石遗址馆项目、外部道路项目及磨刀溪丰河段岸线环境综合整治项目环评验收采购需求】 公开选取【建设项目环境影响评价】机构的公告,https://www.cqggzy.com/trade/014/PNII_500235MA603K2522609080867?categoryNum=014010001,云阳县,采购公告,2026-09-09,重庆市公共资源交易网,2026-09-11 11:04:16
关于【忠州公园管理房改造项目】中选结果的公告,https://www.cqggzy.com/trade/014/BRII_500233G550184902609030646?categoryNum=014010002,忠县,中选公告,2026-09-09,重庆市公共资源交易网,2026-09-11 11:04:18
关于为【重庆市鹅岭公园管理中心2027年至2028年物业服务采购需求调查】 公开选取【商务服务】机构的公告,https://www.cqggzy.com/trade/014/PNII_5001034503914162609090047?categoryNum=014010001,渝中区,采购公告,2026-09-09,重庆市公共资源交易网,2026-09-11 11:04:18
关于为【2026年度柏林镇东胜村农产品交易点建设项目】 公开选取【工程造价咨询】机构的公告,https://www.cqggzy.com/trade/014/PNII_5001167659494022609080861?categoryNum=014010001,江津区,采购公告,2026-09-09,重庆市公共资源交易网,2026-09-11 11:04:18
关于【乐天公园公厕建设项目】中选结果的公告,https://www.cqggzy.com/trade/014/BRII_500233G550184902609030636?categoryNum=014010002,忠县,中选公告,2026-09-09,重庆市公共资源交易网,2026-09-11 11:04:18
关于【河边片区文昌社区基础配套设施及更新改造项目和城市快轨璧铜线河边站与周边地区一体化更新改造项目可行性研究报告编制】中选结果的公告,https://www.cqggzy.com/trade/014/BRII_5002270093450482609020819?categoryNum=014010002,璧山区,中选公告,2026-09-09,重庆市公共资源交易网,2026-09-11 11:04:18
关于为【梁平区高空瞭望试点建设项目】 公开选取【招标代理】机构的公告,https://www.cqggzy.com/trade/014/PNII_500228MB19575332609090067?categoryNum=014010001,梁平区,采购公告,2026-09-09,重庆市公共资源交易网,2026-09-11 11:04:18
关于【复兴小学校附属幼儿园卫生间改造设计审图服务】中选结果的公告,https://www.cqggzy.com/trade/014/BRII_5001984504623922609040500?categoryNum=014010002,两江新区,中选公告,2026-09-09,重庆市公共资源交易网,2026-09-11 11:04:18
关于【潼城匹克球场地建设项目建议书及可研报告编制单位选取说明】中选结果的公告,https://www.cqggzy.com/trade/014/BRII_500223MB19591412609040631?categoryNum=014010002,潼南区,中选公告,2026-09-09,重庆市公共资源交易网,2026-09-11 11:04:18
关于【宝顶镇慈航社区美丽移民村河道环境治理项目可研报告编制】中选结果的公告,https://www.cqggzy.com/trade/014/BRII_500111MA6054NF52609040100?categoryNum=014010002,大足区,中选公告,2026-09-09,重庆市公共资源交易网,2026-09-11 11:04:18
关于【恒大游园场地清理项目】中选结果的公告,https://www.cqggzy.com/trade/014/BRII_500233G550184902609030660?categoryNum=014010002,忠县,中选公告,2026-09-09,重庆市公共资源交易网,2026-09-11 11:04:18
关于为【垫江县凤山片区给排水一体化提升项目代建服务】 公开选取【管理和决策咨询】机构的公告,https://www.cqggzy.com/trade/014/PNII_500231MB1E307492609090029?categoryNum=014010001,垫江县,采购公告,2026-09-09,重庆市公共资源交易网,2026-09-11 11:04:18
关于为【万开周家坝—浦里快速通道工程】 公开选取【会计师事务所服务】机构的公告,https://www.cqggzy.com/trade/014/PNII_5002340086463672609080847?categoryNum=014010001,开州区,采购公告,2026-09-09,重庆市公共资源交易网,2026-09-11 11:04:18
2026年退役军人事务员培训机构采购项目(CQS26C02435)竞争性磋商公告,https://www.cqggzy.com/trade/014/1673668780288684032?categoryNum=014005001,市级,采购公告,2026-09-09,重庆市公共资源交易网,2026-09-11 11:04:20
关于【綦江区石角镇高标准农田补助项目（福禄、刘罗片区）】中选结果的公告,https://www.cqggzy.com/trade/014/BRII_5001100093120272608270576?categoryNum=014010002,綦江区,中选公告,2026-09-09,重庆市公共资源交易网,2026-09-11 11:04:20
关于【濑溪河(广顺街道沿河段)广沿桥建设工程（耕地进出平衡方案编制服务）】中选结果的公告,https://www.cqggzy.com/trade/014/BRII_5002260093429202609010693?categoryNum=014010002,荣昌区,中选公告,2026-09-09,重庆市公共资源交易网,2026-09-11 11:04:20
关于【康养产业(渝北区人民医院)项目可研及概念方案设计服务采购】中选结果的公告,https://www.cqggzy.com/trade/014/BRII_5001985748418292609020289?categoryNum=014010002,两江新区,中选公告,2026-09-09,重庆市公共资源交易网,2026-09-11 11:04:20
关于【荣昌区2026年“四好农村路”项目（铜鼓镇2026年入院路）监理服务】中选结果的公告,https://www.cqggzy.com/trade/014/BRII_5002260093424532609040262?categoryNum=014010002,荣昌区,中选公告,2026-09-09,重庆市公共资源交易网,2026-09-11 11:04:20
关于【康养产业(新能雅苑G1)项目可研及概念方案设计服务采购需求文件】中选结果的公告,https://www.cqggzy.com/trade/014/BRII_5001985748418292609020308?categoryNum=014010002,两江新区,中选公告,2026-09-09,重庆市公共资源交易网,2026-09-11 11:04:20
关于【经开区开学季视频】中选结果的公告,https://www.cqggzy.com/trade/014/BRII_5001115889171932609030271?categoryNum=014010002,大足区,中选公告,2026-09-09,重庆市公共资源交易网,2026-09-11 11:04:20
关于【关于红河大道北段58号等片区改造等23个政府投资项目编制竣工财务决算选取第三方机构的说明】中选结果的公告,https://www.cqggzy.com/trade/014/BRII_5001187365666722609020698?categoryNum=014010002,永川区,中选公告,2026-09-09,重庆市公共资源交易网,2026-09-11 11:04:20
关于【万州经开区五桥光电园M2地块、天子园E栋电梯维修工程】中选结果的公告,https://www.cqggzy.com/trade/014/BRII_5001017842280102609030589?categoryNum=014010002,万州区,中选公告,2026-09-09,重庆市公共资源交易网,2026-09-11 11:04:20
关于【几江街道一楼大会议室漏水整治项目预算编制采购】中选结果的公告,https://www.cqggzy.com/trade/014/BRII_5001167453011232609040146?categoryNum=014010002,江津区,中选公告,2026-09-09,重庆市公共资源交易网,2026-09-11 11:04:20
关于【重庆市水旱灾害防御中心关于重庆市水利防灾物资运维操作手册招标控制价编制】中选结果的公告,https://www.cqggzy.com/trade/014/BRII_50011255204719X2609040198?categoryNum=014010002,渝北区,中选公告,2026-09-09,重庆市公共资源交易网,2026-09-11 11:04:20
关于【开州区云枫街道社区卫生服务中心采购防漏整修工程设计服务】中选结果的公告,https://www.cqggzy.com/trade/014/BRII_5002344517834892609020605?categoryNum=014010002,开州区,中选公告,2026-09-09,重庆市公共资源交易网,2026-09-11 11:04:20
关于【南川区龙岩堆场磷石膏无害化处理回填项目凤顶山第二回填场及附属设施初步设计服务】中选结果的公告,https://www.cqggzy.com/trade/014/BRII_500119MA5ULQF392609040091?categoryNum=014010002,南川区,中选公告,2026-09-09,重庆市公共资源交易网,2026-09-11 11:04:22
关于为【洛卡庄园1-2-3-1、16-1-5-2、财信铂云府5栋4-2违法建筑面积测绘】 公开选取【测绘】机构的公告,https://www.cqggzy.com/trade/014/PNII_5001070092936472609090034?categoryNum=014010001,九龙坡区,采购公告,2026-09-09,重庆市公共资源交易网,2026-09-11 11:04:22
关于【开州区中医院污水处理运行维护】中选结果的公告,https://www.cqggzy.com/trade/014/BRII_5002344517887812609040290?categoryNum=014010002,开州区,中选公告,2026-09-09,重庆市公共资源交易网,2026-09-11 11:04:22
关于【荣昌区2026年“四好农村路”项目（刘共路）监理服务】中选结果的公告,https://www.cqggzy.com/trade/014/BRII_5002260093424532609040287?categoryNum=014010002,荣昌区,中选公告,2026-09-09,重庆市公共资源交易网,2026-09-11 11:04:22
关于【开州区丰泰小学附属工程预算审核】中选结果的公告,https://www.cqggzy.com/trade/014/BRII_5002347339495982609040472?categoryNum=014010002,开州区,中选公告,2026-09-09,重庆市公共资源交易网,2026-09-11 11:04:22
关于【与重庆瑞盈实业有限公司金瑞智慧生活服务分公司买卖合同债权转让纠纷一案法律服务】中选结果的公告,https://www.cqggzy.com/trade/014/BRII_5001073316322562609040473?categoryNum=014010002,九龙坡区,中选公告,2026-09-09,重庆市公共资源交易网,2026-09-11 11:04:22
关于【大足智慧旅游服务平台(一部手机游大足)项目网络信息系统等级保护测评】中选结果的公告,https://www.cqggzy.com/trade/014/BRII_5001116814907532609010807?categoryNum=014010002,大足区,中选公告,2026-09-09,重庆市公共资源交易网,2026-09-11 11:04:22
关于【南川区龙岩堆场磷石膏无害化处理回填项目回填利用实施方案编制服务】中选结果的公告,https://www.cqggzy.com/trade/014/BRII_500119MA5ULQF392609040116?categoryNum=014010002,南川区,中选公告,2026-09-09,重庆市公共资源交易网,2026-09-11 11:04:22
关于【2026年旧县街道铜合路旧县段执法检查站建设项目预算编制服务】中选结果的公告,https://www.cqggzy.com/trade/014/BRII_5002240093343062609030764?categoryNum=014010002,铜梁区,中选公告,2026-09-09,重庆市公共资源交易网,2026-09-11 11:04:22
关于【几江街道一楼大会议室漏水整治项目设计采购服务】中选结果的公告,https://www.cqggzy.com/trade/014/BRII_5001167453011232609040123?categoryNum=014010002,江津区,中选公告,2026-09-09,重庆市公共资源交易网,2026-09-11 11:04:22
关于【南门镇平顶村农村公路安全提升工程（5组石地坝至6组谭圣垭口）】中选结果的公告,https://www.cqggzy.com/trade/014/BRII_5002340086461642609040354?categoryNum=014010002,开州区,中选公告,2026-09-09,重庆市公共资源交易网,2026-09-11 11:04:22
关于【蔡家组团土地租价价值评估】中选结果的公告,https://www.cqggzy.com/trade/014/BRII_5001097784554792609030768?categoryNum=014010002,北碚区,中选公告,2026-09-09,重庆市公共资源交易网,2026-09-11 11:04:22
关于为【万州区长岭镇河二沟小流域山洪灾害防治工程地质勘察】 公开选取【工程勘察】机构的公告,https://www.cqggzy.com/trade/014/PNII_5001010086405202609090012?categoryNum=014010001,万州区,采购公告,2026-09-09,重庆市公共资源交易网,2026-09-11 11:04:23
关于【丰都县南江至崇实道路改建工程】中选结果的公告,https://www.cqggzy.com/trade/014/BRII_5002300086895942608310891?categoryNum=014010002,丰都县,中选公告,2026-09-09,重庆市公共资源交易网,2026-09-11 11:04:23
两江新城运营公司2026年市政管护电池采购及安装项目竞价公告,https://www.cqggzy.com/trade/014/17889181136016943214?categoryNum=014012001,市级,招标采购公告,2026-09-09,重庆市公共资源交易网,2026-09-11 11:04:23
关于为【A08地块项目物业管理招标代理服务】 公开选取【招标代理】机构的公告,https://www.cqggzy.com/trade/014/PNII_5001987093741732609090075?categoryNum=014010001,两江新区,采购公告,2026-09-09,重庆市公共资源交易网,2026-09-11 11:04:23
关于为【马武镇来佛社区、石流村、宝连村便民服务中心整修项目】 公开选取【招标代理】机构的公告,https://www.cqggzy.com/trade/014/PNII_5002407116436942609080826?categoryNum=014010001,石柱县,采购公告,2026-09-09,重庆市公共资源交易网,2026-09-11 11:04:23
关于【重庆市两江新区复兴小学校附属幼儿园卫生间改造设计服务采购】中选结果的公告,https://www.cqggzy.com/trade/014/BRII_5001984504623922609030477?categoryNum=014010002,两江新区,中选公告,2026-09-09,重庆市公共资源交易网,2026-09-11 11:04:23
关于【奉节县殡葬服务中心殡葬用品（骨灰盒、纸棺、寿被）采购招标代理服务项目】中选结果的公告,https://www.cqggzy.com/trade/014/BRII_5002365979954252609040373?categoryNum=014010002,奉节县,中选公告,2026-09-09,重庆市公共资源交易网,2026-09-11 11:04:23
关于为【龙沙镇沿线人居环境提升项目工程结算审计服务】 公开选取【工程造价咨询】机构的公告,https://www.cqggzy.com/trade/014/PNII_5002407116439502609090019?categoryNum=014010001,石柱县,采购公告,2026-09-09,重庆市公共资源交易网,2026-09-11 11:04:23
关于为【雪宝山保护区回归地崖柏抚育项目-招标代理】 公开选取【招标代理】机构的公告,https://www.cqggzy.com/trade/014/PNII_5002347688697662609090041?categoryNum=014010001,开州区,采购公告,2026-09-09,重庆市公共资源交易网,2026-09-11 11:04:23
关于为【万州区水产研究所双河口科研试验场迁建工程水土保持验收报告编制采购】 公开选取【水土保持方案编制】机构的公告,https://www.cqggzy.com/trade/014/PNII_5001012079067902609080841?categoryNum=014010001,万州区,采购公告,2026-09-09,重庆市公共资源交易网,2026-09-11 11:04:23
关于为【2026年安防工程（二期）监理】 公开选取【工程监理】机构的公告,https://www.cqggzy.com/trade/014/PNII_500234MB1E514512609090084?categoryNum=014010001,开州区,采购公告,2026-09-09,重庆市公共资源交易网,2026-09-11 11:04:23
关于为【云阳县青龙、盘龙街道存量资产一体化盘活运营项目资本金投入情况专项审计】 公开选取【会计师事务所服务】机构的公告,https://www.cqggzy.com/trade/014/PNII_5002357717751382609090006?categoryNum=014010001,云阳县,采购公告,2026-09-09,重庆市公共资源交易网,2026-09-11 11:04:23
关于为【巫山县边贸中心电商孵化大楼、龙井湾安置小区门市物业管理服务采购】 公开选取【招标代理】机构的公告,https://www.cqggzy.com/trade/014/PNII_5002377116360722609090050?categoryNum=014010001,巫山县,采购公告,2026-09-09,重庆市公共资源交易网,2026-09-11 11:04:25
关于【康养产业(渝北区人民院)项目房屋安全性、抗震鉴定及测绘服务】中选结果的公告,https://www.cqggzy.com/trade/014/BRII_5001985748418292609020273?categoryNum=014010002,两江新区,中选公告,2026-09-09,重庆市公共资源交易网,2026-09-11 11:04:25
关于【忠县忠州街道独珠村美丽家园建设项目】中选结果的公告,https://www.cqggzy.com/trade/014/BRII_5002337094529012609020856?categoryNum=014010002,忠县,中选公告,2026-09-09,重庆市公共资源交易网,2026-09-11 11:04:25
关于【新能雅苑G1康养策划咨询项目】中选结果的公告,https://www.cqggzy.com/trade/014/BRII_5001985748418292609010539?categoryNum=014010002,两江新区,中选公告,2026-09-09,重庆市公共资源交易网,2026-09-11 11:04:25
关于【彭水自治县万足镇万足社区2027年度市级美丽移民村建设项目】中选结果的公告,https://www.cqggzy.com/trade/014/BRII_5002430091537242609030697?categoryNum=014010002,彭水县,中选公告,2026-09-09,重庆市公共资源交易网,2026-09-11 11:04:25
关于【重庆市合川区华蓥山林场购买防火物资项目招标代理服务】中选结果的公告,https://www.cqggzy.com/trade/014/BRII_5001174505867312609040411?categoryNum=014010002,合川区,中选公告,2026-09-09,重庆市公共资源交易网,2026-09-11 11:04:25
关于【巫溪县红池坝镇茶园村易地搬迁安置点2026年扶持发展项目结算审核】中选结果的公告,https://www.cqggzy.com/trade/014/BRII_5002387453361232609040246?categoryNum=014010002,巫溪县,中选公告,2026-09-09,重庆市公共资源交易网,2026-09-11 11:04:25
重庆财经职业学院跨境电商垂类模型建设项目（一期）(CQS26C02007)中标（成交）结果公告,https://www.cqggzy.com/trade/014/1673405357084684288_1?categoryNum=014005004,市级,采购结果公告,2026-09-09,重庆市公共资源交易网,2026-09-11 11:04:25
关于【小南海灌区水平衡测试评估项目】中选结果的公告,https://www.cqggzy.com/trade/014/BRII_5001147116740792609020561?categoryNum=014010002,黔江区,中选公告,2026-09-09,重庆市公共资源交易网,2026-09-11 11:04:25
关于【2027年两江新区水土-复兴-木耳-古路、玉峰山-石船-洛碛-五宝巴渝和美乡村片区化建设项目编制可行性研究报告（代实施方案）三方服务机构采购需求说明】中选结果的公告,https://www.cqggzy.com/trade/014/BRII_500198MB0B184112609010195?categoryNum=014010002,两江新区,中选公告,2026-09-09,重庆市公共资源交易网,2026-09-11 11:04:25
关于为【大足区棠香街道人居环境整治项目工程招标代理】 公开选取【工程建设项目招标代理】机构的公告,https://www.cqggzy.com/trade/014/PNII_5001117474841622609070906?categoryNum=014010001,大足区,采购公告,2026-09-09,重庆市公共资源交易网,2026-09-11 11:04:25
长寿区G243开凭线K235+200（江南街道马桑村）处地灾治理工程(CSQ26B00009)中标（成交）结果公告,https://www.cqggzy.com/trade/014/1673395269498351616_1?categoryNum=014005004,长寿区,采购结果公告,2026-09-09,重庆市公共资源交易网,2026-09-11 11:04:25
关于为【峰山村小(二)型水库扶助项目小沟湾道路损毁整治工程造价咨询服务采购 （结算审核）】 公开选取【工程造价咨询】机构的公告,https://www.cqggzy.com/trade/014/PNII_5001117842124222609080700?categoryNum=014010001,大足区,采购公告,2026-09-09,重庆市公共资源交易网,2026-09-11 11:04:26
关于【南天湖村2025年中央扶持壮大村集体经济项目结算审计】中选结果的公告,https://www.cqggzy.com/trade/014/BRII_5002300086897702609040057?categoryNum=014010002,丰都县,中选公告,2026-09-09,重庆市公共资源交易网,2026-09-11 11:04:26
关于为【綦江城区及南部四镇国有资产盘活改造项目运营实施方案】 公开选取【工程咨询】机构的公告,https://www.cqggzy.com/trade/014/PNII_500110MA60QLT1X2609090077?categoryNum=014010001,綦江区,采购公告,2026-09-09,重庆市公共资源交易网,2026-09-11 11:04:26
关于【南川区大河电厂电站及职工宿舍拆除及建渣清理工程代理招标服务】中选结果的公告,https://www.cqggzy.com/trade/014/BRII_500119MA60EC7M12609040265?categoryNum=014010002,南川区,中选公告,2026-09-09,重庆市公共资源交易网,2026-09-11 11:04:26
关于【丰都县南天湖镇垫丰武高速公路七曜山隧道渣场临时用地分户测量】中选结果的公告,https://www.cqggzy.com/trade/014/BRII_5002300086897702609040203?categoryNum=014010002,丰都县,中选公告,2026-09-09,重庆市公共资源交易网,2026-09-11 11:04:26
关于【设施农业与休闲农业基础设施建设项目-预算】中选结果的公告,https://www.cqggzy.com/trade/014/BRII_5001090092988272609040639?categoryNum=014010002,北碚区,中选公告,2026-09-09,重庆市公共资源交易网,2026-09-11 11:04:26
关于【綦江区石角镇高标准农田补助项目（回伍、强干、塘岗、天平、砖房片区）】中选结果的公告,https://www.cqggzy.com/trade/014/BRII_5001100093120272608270601?categoryNum=014010002,綦江区,中选公告,2026-09-09,重庆市公共资源交易网,2026-09-11 11:04:26
关于【2026年双桥经开区在建项目质量监督抽测】中选结果的公告,https://www.cqggzy.com/trade/014/BRII_5001115889163772608310263?categoryNum=014010002,大足区,中选公告,2026-09-09,重庆市公共资源交易网,2026-09-11 11:04:26
关于【专项财务审计】中选结果的公告,https://www.cqggzy.com/trade/014/BRII_5001147530541932609030201?categoryNum=014010002,黔江区,中选公告,2026-09-09,重庆市公共资源交易网,2026-09-11 11:04:26
关于【铜梁区2026年西河镇龙岭村高标准农田补建项目】中选结果的公告,https://www.cqggzy.com/trade/014/BRII_500224MF24943442609040444?categoryNum=014010002,铜梁区,中选公告,2026-09-09,重庆市公共资源交易网,2026-09-11 11:04:26
关于【开州区乱占耕地建房住宅类房屋专项整治工作核查验收服务项目招标代理】中选结果的公告,https://www.cqggzy.com/trade/014/BRII_5002345540924532609040114?categoryNum=014010002,开州区,中选公告,2026-09-09,重庆市公共资源交易网,2026-09-11 11:04:26
关于【重庆市李家沱街道马王坪正街道路拓宽改造（水轮机厂段） 概算评审】中选结果的公告,https://www.cqggzy.com/trade/014/BRII_5001130093071642609040458?categoryNum=014010002,巴南区,中选公告,2026-09-09,重庆市公共资源交易网,2026-09-11 11:04:26
关于【万州区牌楼街道迁建小区安全隐患整治工程】中选结果的公告,https://www.cqggzy.com/trade/014/BRII_50010173397403X2609030029?categoryNum=014010002,万州区,中选公告,2026-09-09,重庆市公共资源交易网,2026-09-11 11:04:28
关于【巫溪县红池坝镇小河社区2026年集体光伏电站项目工程监理服务】中选结果的公告,https://www.cqggzy.com/trade/014/BRII_5002387453361232609020570?categoryNum=014010002,巫溪县,中选公告,2026-09-09,重庆市公共资源交易网,2026-09-11 11:04:28
九龙坡区公安分局网络态势感知及应急处置技术服务(JLP26C00088)采购更正公告,https://www.cqggzy.com/trade/014/1673664431055482880?categoryNum=014005002,九龙坡区,答疑变更,2026-09-09,重庆市公共资源交易网,2026-09-11 11:04:28
关于【双凤桥街道综治中心改造项目设计及预算编制】中选结果的公告,https://www.cqggzy.com/trade/014/BRII_500198MB0B195292609040053?categoryNum=014010002,两江新区,中选公告,2026-09-09,重庆市公共资源交易网,2026-09-11 11:04:28
重庆市开州区岳溪镇中心卫生院采购骨科设备一批（第三次）(KZQ26A00543)询价公告,https://www.cqggzy.com/trade/014/1673468462032531456?categoryNum=014005001,开州区,采购公告,2026-09-09,重庆市公共资源交易网,2026-09-11 11:04:28
关于【奉节县公平镇第二幼儿园建设工程】中选结果的公告,https://www.cqggzy.com/trade/014/BRII_5002365779783532609020596?categoryNum=014010002,奉节县,中选公告,2026-09-09,重庆市公共资源交易网,2026-09-11 11:04:28
关于【红狮大道管线及附属设施工程天然气和给水迁改合同结算审核服务采购公告】中选结果的公告,https://www.cqggzy.com/trade/014/BRII_5001070092928552609010874?categoryNum=014010002,九龙坡区,中选公告,2026-09-09,重庆市公共资源交易网,2026-09-11 11:04:28
关于【永安镇高坡村、凤凰村村级道路错车道建设工程招标代理采购】中选结果的公告,https://www.cqggzy.com/trade/014/BRII_5002310086794682609020446?categoryNum=014010002,垫江县,中选公告,2026-09-09,重庆市公共资源交易网,2026-09-11 11:04:28
关于为【巫溪县花台乡山洪沟治理工程】 公开选取【工程咨询】机构的公告,https://www.cqggzy.com/trade/014/PNII_5002387562254532609090063?categoryNum=014010001,巫溪县,采购公告,2026-09-09,重庆市公共资源交易网,2026-09-11 11:04:28
关于【九龙坡区铝城大道221号房地产租金评估项目】中选结果的公告,https://www.cqggzy.com/trade/014/BRII_500107MAK47LQN62609040142?categoryNum=014010002,九龙坡区,中选公告,2026-09-09,重庆市公共资源交易网,2026-09-11 11:04:28
关于【荣昌区2026年“四好农村路”项目（周老路）招标代理中介服务机构选取的说明】中选结果的公告,https://www.cqggzy.com/trade/014/BRII_5002260093427282609040242?categoryNum=014010002,荣昌区,中选公告,2026-09-09,重庆市公共资源交易网,2026-09-11 11:04:28
关于【綦江区后山坡片区老旧小区改造项目（一标段）箱变材料采购招标代理机构选取】中选结果的公告,https://www.cqggzy.com/trade/014/BRII_50011005986847X2609040092?categoryNum=014010002,綦江区,中选公告,2026-09-09,重庆市公共资源交易网,2026-09-11 11:04:28
关于为【路龙地块面积测量】 公开选取【测绘】机构的公告,https://www.cqggzy.com/trade/014/PNII_5001072031045552609080871?categoryNum=014010001,九龙坡区,采购公告,2026-09-09,重庆市公共资源交易网,2026-09-11 11:04:30
关于为【2026年林下经济农特产品推介项目】 公开选取【工程造价咨询】机构的公告,https://www.cqggzy.com/trade/014/PNII_5002360086592212609080852?categoryNum=014010001,奉节县,采购公告,2026-09-09,重庆市公共资源交易网,2026-09-11 11:04:30
关于【明通村龙翔5社荷花池项目】中选结果的公告,https://www.cqggzy.com/trade/014/BRII_5001090092989742608310099?categoryNum=014010002,北碚区,中选公告,2026-09-09,重庆市公共资源交易网,2026-09-11 11:04:30
关于为【重庆市长寿区城市管理局、重庆长寿开投水务有限公司资产评估服务】 公开选取【资产评估】机构的公告,https://www.cqggzy.com/trade/014/PNII_5001152033917502609080854?categoryNum=014010001,长寿区,采购公告,2026-09-09,重庆市公共资源交易网,2026-09-11 11:04:30
关于【2021年柳荫镇永兴村蜡梅产业园建设蜡梅苗木采购项目】中选结果的公告,https://www.cqggzy.com/trade/014/BRII_5001090092989742608310071?categoryNum=014010002,北碚区,中选公告,2026-09-09,重庆市公共资源交易网,2026-09-11 11:04:30
关于为【綦江城区及南部四镇国有资产盘活改造项目第一次项目资本金审计报告】 公开选取【会计师事务所服务】机构的公告,https://www.cqggzy.com/trade/014/PNII_500110MA60QLT1X2609090059?categoryNum=014010001,綦江区,采购公告,2026-09-09,重庆市公共资源交易网,2026-09-11 11:04:30
关于为【中交高速13个场站箱变、主机设备增加围栏等工程项目 (设计)】 公开选取【工程设计】机构的公告,https://www.cqggzy.com/trade/014/PNII_500107MACYCXCNX2609080441?categoryNum=014010001,九龙坡区,采购公告,2026-09-09,重庆市公共资源交易网,2026-09-11 11:04:30
关于【酉阳县中医院消防技术服务咨询】中选结果的公告,https://www.cqggzy.com/trade/014/BRII_5002426814721172609040321?categoryNum=014010002,酉阳县,中选公告,2026-09-09,重庆市公共资源交易网,2026-09-11 11:04:30
关于为【重庆市荣昌区关于“一人成军 数创荣昌”OPC创新创业大赛执行公司招标代理采购】 公开选取【招标代理】机构的公告,https://www.cqggzy.com/trade/014/PNII_500226MB16646182609080701?categoryNum=014010001,荣昌区,采购公告,2026-09-09,重庆市公共资源交易网,2026-09-11 11:04:30
关于为【官坝小学幼儿园围墙排危项目】 公开选取【工程造价咨询】机构的公告,https://www.cqggzy.com/trade/014/PNII_5002334518112912609080858?categoryNum=014010001,忠县,采购公告,2026-09-09,重庆市公共资源交易网,2026-09-11 11:04:30
关于为【万州区长岭镇农村移民道路改造提升工程预算审核】 公开选取【工程造价咨询】机构的公告,https://www.cqggzy.com/trade/014/PNII_5001010086405202609090039?categoryNum=014010001,万州区,采购公告,2026-09-09,重庆市公共资源交易网,2026-09-11 11:04:30
关于为【石笋河四级电站物权纠纷案件】 公开选取【律师事务所服务】机构的公告,https://www.cqggzy.com/trade/014/PNII_500236MACA5KXMX2609090023?categoryNum=014010001,奉节县,采购公告,2026-09-09,重庆市公共资源交易网,2026-09-11 11:04:30
关于为【龙桥河景区龙门坝至孕龙湖段电力贯通及配电设施采购安装预算编制】 公开选取【工程造价咨询】机构的公告,https://www.cqggzy.com/trade/014/PNII_5002367748984832609080865?categoryNum=014010001,奉节县,采购公告,2026-09-09,重庆市公共资源交易网,2026-09-11 11:04:31
关于为【清泉中学沙龙校区食堂后停车场改造工程】 公开选取【工程造价咨询】机构的公告,https://www.cqggzy.com/trade/014/PNII_5001014517536182609090027?categoryNum=014010001,万州区,采购公告,2026-09-09,重庆市公共资源交易网,2026-09-11 11:04:31
关于【永安镇高坡村、凤凰村村级道路错车道建设工程监理服务采购】中选结果的公告,https://www.cqggzy.com/trade/014/BRII_5002310086794682609020445?categoryNum=014010002,垫江县,中选公告,2026-09-09,重庆市公共资源交易网,2026-09-11 11:04:31
关于【水旱灾害防御物资备用仓库项目设计】中选结果的公告,https://www.cqggzy.com/trade/014/BRII_50010970934592X2609040323?categoryNum=014010002,北碚区,中选公告,2026-09-09,重庆市公共资源交易网,2026-09-11 11:04:31
关于为【丰文社区卫生服务中心2026-2028年度电梯维保采购】 公开选取【特种设备检验检测】机构的公告,https://www.cqggzy.com/trade/014/PNII_500106MB14709602609090004?categoryNum=014010001,沙坪坝区,采购公告,2026-09-09,重庆市公共资源交易网,2026-09-11 11:04:31
关于【重庆江来实业集团2026年第三批物资（涂塑钢管和PE管）采购招标代理采购说明】中选结果的公告,https://www.cqggzy.com/trade/014/BRII_5002357958957402609040248?categoryNum=014010002,云阳县,中选公告,2026-09-09,重庆市公共资源交易网,2026-09-11 11:04:31
关于【重庆江来集团2026年第四批物资（商品混凝土）采购招标代理采购说明】中选结果的公告,https://www.cqggzy.com/trade/014/BRII_5002357958957402609040259?categoryNum=014010002,云阳县,中选公告,2026-09-09,重庆市公共资源交易网,2026-09-11 11:04:31
关于【武隆白马工业园区污水处理工程（一期）项目】中选结果的公告,https://www.cqggzy.com/trade/014/BRII_5002320605001462609030694?categoryNum=014010002,武隆区,中选公告,2026-09-09,重庆市公共资源交易网,2026-09-11 11:04:31
关于为【后山镇2026年垓谭路等9条农村公路新改建项目】 公开选取【工程建设项目招标代理】机构的公告,https://www.cqggzy.com/trade/014/PNII_5001010086458822609080716?categoryNum=014010001,万州区,采购公告,2026-09-09,重庆市公共资源交易网,2026-09-11 11:04:31
关于【奉节县新民镇九树社区2026农贸市场地基建设项目】中选结果的公告,https://www.cqggzy.com/trade/014/BRII_5002367748820432608310661?categoryNum=014010002,奉节县,中选公告,2026-09-09,重庆市公共资源交易网,2026-09-11 11:04:31
关于【万天宫群众文化活动基地建设项目】中选结果的公告,https://www.cqggzy.com/trade/014/BRII_5002436664479842609030760?categoryNum=014010002,彭水县,中选公告,2026-09-09,重庆市公共资源交易网,2026-09-11 11:04:31
关于【江南、五桥集中办公区电力系统测试及维修改造项目 预算编制】中选结果的公告,https://www.cqggzy.com/trade/014/BRII_5001013317157992609040052?categoryNum=014010002,万州区,中选公告,2026-09-09,重庆市公共资源交易网,2026-09-11 11:04:31
关于【龙溪河产业大道连接道工程预算审核】中选结果的公告,https://www.cqggzy.com/trade/014/BRII_5002310086794682609020433?categoryNum=014010002,垫江县,中选公告,2026-09-09,重庆市公共资源交易网,2026-09-11 11:04:33
关于为【石溪镇南茶村村容村貌改造（整治提升）项目招标代理服务】 公开选取【招标代理】机构的公告,https://www.cqggzy.com/trade/014/PNII_5001190086857372609080856?categoryNum=014010001,南川区,采购公告,2026-09-09,重庆市公共资源交易网,2026-09-11 11:04:33
关于为【丰文社区卫生服务中心2026-2028年度病媒生物防治服务采购】 公开选取【有害生物防治服务】机构的公告,https://www.cqggzy.com/trade/014/PNII_500106MB14709602609090017?categoryNum=014010001,沙坪坝区,采购公告,2026-09-09,重庆市公共资源交易网,2026-09-11 11:04:33
关于为【清泉中学龙都校区男生宿舍、食堂空调线路及附属设施改造项目预算编制】 公开选取【工程造价咨询】机构的公告,https://www.cqggzy.com/trade/014/PNII_5001014517536182609090015?categoryNum=014010001,万州区,采购公告,2026-09-09,重庆市公共资源交易网,2026-09-11 11:04:33
关于为【黔江区听松岭体育公园项目(施工图审查+边坡可行性评估)】 公开选取【施工图设计文件审查】机构的公告,https://www.cqggzy.com/trade/014/PNII_500114MAABP8AQX2609080145?categoryNum=014010001,黔江区,采购公告,2026-09-09,重庆市公共资源交易网,2026-09-11 11:04:33
关于为【重庆市永川双石中学校智慧黑板采购项目】 公开选取【招标代理】机构的公告,https://www.cqggzy.com/trade/014/PNII_5001184506424812609080897?categoryNum=014010001,永川区,采购公告,2026-09-09,重庆市公共资源交易网,2026-09-11 11:04:33
关于【水旱灾害防御物资备用仓库项目施工图审查】中选结果的公告,https://www.cqggzy.com/trade/014/BRII_50010970934592X2609040331?categoryNum=014010002,北碚区,中选公告,2026-09-09,重庆市公共资源交易网,2026-09-11 11:04:33
关于【荣昌区2026年“四好农村路”项目（李广路）招标代理】中选结果的公告,https://www.cqggzy.com/trade/014/BRII_5002260093427522609020833?categoryNum=014010002,荣昌区,中选公告,2026-09-09,重庆市公共资源交易网,2026-09-11 11:04:33
关于【荣昌区2026年“四好农村路”项目（打五路）和荣昌区2026年“四好农村路”项目（养海路）两个项目招标代理】中选结果的公告,https://www.cqggzy.com/trade/014/BRII_5002260093427522609020823?categoryNum=014010002,荣昌区,中选公告,2026-09-09,重庆市公共资源交易网,2026-09-11 11:04:33
关于【丰都县三元镇庙坝村和罗家场村等2个土地整理项目竣工财务决算】中选结果的公告,https://www.cqggzy.com/trade/014/BRII_5002304520258152609040208?categoryNum=014010002,丰都县,中选公告,2026-09-09,重庆市公共资源交易网,2026-09-11 11:04:33
关于【云阳县鱼泉片区提升农村饮水质量项目—永久用地勘测定界分户、集体土地所有权确权及使用林地可行性研究报告编制服务采购说明】中选结果的公告,https://www.cqggzy.com/trade/014/BRII_500235MA5U77XA22609040436?categoryNum=014010002,云阳县,中选公告,2026-09-09,重庆市公共资源交易网,2026-09-11 11:04:33
关于【鹅岭公园瞰胜楼顶层阁楼修复项目】中选结果的公告,https://www.cqggzy.com/trade/014/BRII_5001034503914162609040390?categoryNum=014010002,渝中区,中选公告,2026-09-09,重庆市公共资源交易网,2026-09-11 11:04:33
关于【丰都县社坛镇2026年特色旅居村农业基础设施建设以工代赈项目（监理）】中选结果的公告,https://www.cqggzy.com/trade/014/BRII_5002300086895272609040162?categoryNum=014010002,丰都县,中选公告,2026-09-09,重庆市公共资源交易网,2026-09-11 11:04:35
关于为【明月山金陵酒店标识牌制作安装工程】 公开选取【招标代理】机构的公告,https://www.cqggzy.com/trade/014/PNII_500228MAEERRA772609080876?categoryNum=014010001,梁平区,采购公告,2026-09-09,重庆市公共资源交易网,2026-09-11 11:04:35
关于为【大进镇农副产品产业园周边环境提升工程】 公开选取【工程监理】机构的公告,https://www.cqggzy.com/trade/014/PNII_5002344517894692609080845?categoryNum=014010001,开州区,采购公告,2026-09-09,重庆市公共资源交易网,2026-09-11 11:04:35
关于【重庆市荣昌区广顺中心幼儿园新建工程竣工决算审核】中选结果的公告,https://www.cqggzy.com/trade/014/BRII_5002264506789352609030478?categoryNum=014010002,荣昌区,中选公告,2026-09-09,重庆市公共资源交易网,2026-09-11 11:04:35
关于为【奉节县兴隆镇2026年特色旅居村大坪森林公园基础设施以工代赈项目】 公开选取【工程监理】机构的公告,https://www.cqggzy.com/trade/014/PNII_5002360086592482609080843?categoryNum=014010001,奉节县,采购公告,2026-09-09,重庆市公共资源交易网,2026-09-11 11:04:35
关于为【潼南区2026年新胜镇高标准农田建设项目】 公开选取【招标代理】机构的公告,https://www.cqggzy.com/trade/014/PNII_5002237398178952609010214?categoryNum=014010001,潼南区,采购公告,2026-09-09,重庆市公共资源交易网,2026-09-11 11:04:35
关于【回兴街道托幼一体园（托育部分）电动遮阳帘采购项目预算评审】中选结果的公告,https://www.cqggzy.com/trade/014/BRII_500198MB0B1885X2609030438?categoryNum=014010002,两江新区,中选公告,2026-09-09,重庆市公共资源交易网,2026-09-11 11:04:35
关于【巫山县抱培片区现代化水网先导工程水土保持方案报告编制采购】中选结果的公告,https://www.cqggzy.com/trade/014/BRII_50023773980818X2609030567?categoryNum=014010002,巫山县,中选公告,2026-09-09,重庆市公共资源交易网,2026-09-11 11:04:35
关于【租赁价值评估】中选结果的公告,https://www.cqggzy.com/trade/014/BRII_5001017842280102609030096?categoryNum=014010002,万州区,中选公告,2026-09-09,重庆市公共资源交易网,2026-09-11 11:04:35
关于【丰都县高家镇场镇基础设施建设项目工程造价咨询（项目预算审核服务）】中选结果的公告,https://www.cqggzy.com/trade/014/BRII_5002300086896232609030092?categoryNum=014010002,丰都县,中选公告,2026-09-09,重庆市公共资源交易网,2026-09-11 11:04:35
关于【大学城西路与D线交叉口增设交通信号设施工程结算审核服务】中选结果的公告,https://www.cqggzy.com/trade/014/BRII_5002985936581572609030679?categoryNum=014010002,市级,中选公告,2026-09-09,重庆市公共资源交易网,2026-09-11 11:04:35
关于【重庆市云阳双江中学校（高中部）教学综合楼扩建项目地质灾害危险性评估服务】中选结果的公告,https://www.cqggzy.com/trade/014/BRII_5002354518518322609040492?categoryNum=014010002,云阳县,中选公告,2026-09-09,重庆市公共资源交易网,2026-09-11 11:04:35
关于【长寿城区排水管阶段性综合咨询服务方案】中选结果的公告,https://www.cqggzy.com/trade/014/BRII_5001157428958272609040324?categoryNum=014010002,长寿区,中选公告,2026-09-09,重庆市公共资源交易网,2026-09-11 11:04:37
关于【丰都县高家镇场镇基础设施建设项目(工程设计)】中选结果的公告,https://www.cqggzy.com/trade/014/BRII_5002300086896232609030071?categoryNum=014010002,丰都县,中选公告,2026-09-09,重庆市公共资源交易网,2026-09-11 11:04:37
关于【重庆市第一二二中学校人工智能体育设施设备采购项目】中选结果的公告,https://www.cqggzy.com/trade/014/BRII_5001094504632802609030616?categoryNum=014010002,北碚区,中选公告,2026-09-09,重庆市公共资源交易网,2026-09-11 11:04:37
关于【大学城西路与D线交叉口增设交通信号设施工程监理项目】中选结果的公告,https://www.cqggzy.com/trade/014/BRII_5002985936581572609030655?categoryNum=014010002,市级,中选公告,2026-09-09,重庆市公共资源交易网,2026-09-11 11:04:37
关于【水土新城桥隧、地通道结构设施检测服务】中选结果的公告,https://www.cqggzy.com/trade/014/BRII_5001985590181482609070467?categoryNum=014010002,两江新区,中选公告,2026-09-09,重庆市公共资源交易网,2026-09-11 11:04:37
关于【朝阳小学(南、北校区)园林绿地管理养护及办公区植物租摆服务预算编制服务】中选结果的公告,https://www.cqggzy.com/trade/014/BRII_5001094504634752609040001?categoryNum=014010002,北碚区,中选公告,2026-09-09,重庆市公共资源交易网,2026-09-11 11:04:37
关于【朝阳小学(南、北校区)园林绿地管理养护及办公区植物租摆服务预算审核服务】中选结果的公告,https://www.cqggzy.com/trade/014/BRII_5001094504634752609040002?categoryNum=014010002,北碚区,中选公告,2026-09-09,重庆市公共资源交易网,2026-09-11 11:04:37
关于【教室灯光改造工程项目结算审核服务】中选结果的公告,https://www.cqggzy.com/trade/014/BRII_500116MB1F015192609030767?categoryNum=014010002,江津区,中选公告,2026-09-09,重庆市公共资源交易网,2026-09-11 11:04:37
关于【三驱游客中心安保、清洁、客服等专业服务采购】中选结果的公告,https://www.cqggzy.com/trade/014/BRII_500111MAK5WH2NX2609040485?categoryNum=014010002,大足区,中选公告,2026-09-09,重庆市公共资源交易网,2026-09-11 11:04:37
关于【垫江县2026年农村公路改建（改造）项目工程招标代理机构采购】中选结果的公告,https://www.cqggzy.com/trade/014/BRII_5002317339476802609040297?categoryNum=014010002,垫江县,中选公告,2026-09-09,重庆市公共资源交易网,2026-09-11 11:04:37
关于【长寿区凤城街道片区污水管网建设项目溯源排查服务】中选结果的公告,https://www.cqggzy.com/trade/014/BRII_5001157428958272609040254?categoryNum=014010002,长寿区,中选公告,2026-09-09,重庆市公共资源交易网,2026-09-11 11:04:37
关于【重庆市璧山区广普镇卫生院 中医文化建设、智能中医馆、标准化康复站氛围改造 项目结算审核】中选结果的公告,https://www.cqggzy.com/trade/014/BRII_5002274506978022609040319?categoryNum=014010002,璧山区,中选公告,2026-09-09,重庆市公共资源交易网,2026-09-11 11:04:37
关于【《民小宝动漫》制作】中选结果的公告,https://www.cqggzy.com/trade/014/BRII_5002345748397372609040496?categoryNum=014010002,开州区,中选公告,2026-09-09,重庆市公共资源交易网,2026-09-11 11:04:38
关于【明月山桂溪片区生态环境系统治理修复项目(垫江县桂溪河流域水生态修复提升工程三期)洪水灾害评价服务采购】中选结果的公告,https://www.cqggzy.com/trade/014/BRII_500231MA5UK2G852609040025?categoryNum=014010002,垫江县,中选公告,2026-09-09,重庆市公共资源交易网,2026-09-11 11:04:38
关于【北碚区江西片区农村饮水质量提升工程(一期)】中选结果的公告,https://www.cqggzy.com/trade/014/BRII_500109MABUKK3P12609040439?categoryNum=014010002,北碚区,中选公告,2026-09-09,重庆市公共资源交易网,2026-09-11 11:04:38
关于【重庆渝北农高区北区污水处理厂自备电源安装】中选结果的公告,https://www.cqggzy.com/trade/014/BRII_5001123459339142609070741?categoryNum=014010002,渝北区,中选公告,2026-09-09,重庆市公共资源交易网,2026-09-11 11:04:38
关于【北碚区2026年补充耕地质量验收工作土壤样品制备检测服务采购】中选结果的公告,https://www.cqggzy.com/trade/014/BRII_500109MB15734682609030500?categoryNum=014010002,北碚区,中选公告,2026-09-09,重庆市公共资源交易网,2026-09-11 11:04:38
关于【北碚区2026年补充耕地质量验收工作区级初鉴服务】中选结果的公告,https://www.cqggzy.com/trade/014/BRII_500109MB15734682609030491?categoryNum=014010002,北碚区,中选公告,2026-09-09,重庆市公共资源交易网,2026-09-11 11:04:38
关于【重庆市梁平区甘井河综合治理工程项目 业主（监理）抽检费用和竣工验收检测费用】中选结果的公告,https://www.cqggzy.com/trade/014/BRII_500228G550483742609030724?categoryNum=014010002,梁平区,中选公告,2026-09-09,重庆市公共资源交易网,2026-09-11 11:04:38
关于【铜梁区城市信用监测服务】中选结果的公告,https://www.cqggzy.com/trade/014/BRII_5002247339570882609040402?categoryNum=014010002,铜梁区,中选公告,2026-09-09,重庆市公共资源交易网,2026-09-11 11:04:38
关于【重庆市酉阳县巴渝风貌图集设计】中选结果的公告,https://www.cqggzy.com/trade/014/BRII_5002420091496102609040326?categoryNum=014010002,酉阳县,中选公告,2026-09-09,重庆市公共资源交易网,2026-09-11 11:04:38
关于【巫山县卫生健康委办公楼装修改造工程】中选结果的公告,https://www.cqggzy.com/trade/014/BRII_500237MB18618572609040087?categoryNum=014010002,巫山县,中选公告,2026-09-09,重庆市公共资源交易网,2026-09-11 11:04:38
关于【万州区罗田镇天生社区2026年扶持发展新型农村集体经济项目招标代理采购】中选结果的公告,https://www.cqggzy.com/trade/014/BRII_5001010086406272609030412?categoryNum=014010002,万州区,中选公告,2026-09-09,重庆市公共资源交易网,2026-09-11 11:04:38
关于【梁平高新区分布式光伏项目可行性研究报告编制】中选结果的公告,https://www.cqggzy.com/trade/014/BRII_5002287626580362609040073?categoryNum=014010002,梁平区,中选公告,2026-09-09,重庆市公共资源交易网,2026-09-11 11:04:38
关于【垫江县双河水库工程质量检测项目】中选结果的公告,https://www.cqggzy.com/trade/014/BRII_5002317842456462609020734?categoryNum=014010002,垫江县,中选公告,2026-09-09,重庆市公共资源交易网,2026-09-11 11:04:40
关于【州区罗田镇“罗田老街”2026 年特色旅居配 套基础设施以工代赈项目监理采购】中选结果的公告,https://www.cqggzy.com/trade/014/BRII_5001010086406272608240779?categoryNum=014010002,万州区,中选公告,2026-09-09,重庆市公共资源交易网,2026-09-11 11:04:40
关于【渝中院区7号楼5、7、9层改造工程设计】中选结果的公告,https://www.cqggzy.com/trade/014/BRII_5001034504057422609010441?categoryNum=014010002,渝中区,中选公告,2026-09-09,重庆市公共资源交易网,2026-09-11 11:04:40
2026年永荣镇烈士陵园维修改造项目采购竞争性比选公告,https://www.cqggzy.com/trade/014/17889148815281277696?categoryNum=014012001,永川区,招标采购公告,2026-09-09,重庆市公共资源交易网,2026-09-11 11:04:40
关于【重庆市荣昌区棠香小学风雨操场室内维修改造工程项目硅PU化学成分及厚度检测服务】中选结果的公告,https://www.cqggzy.com/trade/014/BRII_5002266710328632609030286?categoryNum=014010002,荣昌区,中选公告,2026-09-09,重庆市公共资源交易网,2026-09-11 11:04:40
关于【2026年丰都县兴义镇坦铺村产业道路硬化项目财务决算】中选结果的公告,https://www.cqggzy.com/trade/014/BRII_5002307116254612609020765?categoryNum=014010002,丰都县,中选公告,2026-09-09,重庆市公共资源交易网,2026-09-11 11:04:40
关于【2026年丰都县兴义镇坦铺村产业道路项目结算审核】中选结果的公告,https://www.cqggzy.com/trade/014/BRII_5002307116254612609020754?categoryNum=014010002,丰都县,中选公告,2026-09-09,重庆市公共资源交易网,2026-09-11 11:04:40
关于【重庆市荣昌区棠香小学风雨操场室内维修改造工程项目结算审核公司中介服务机构】中选结果的公告,https://www.cqggzy.com/trade/014/BRII_5002266710328632609020843?categoryNum=014010002,荣昌区,中选公告,2026-09-09,重庆市公共资源交易网,2026-09-11 11:04:40
关于【自给型菜园地初选地块放界址点服务】中选结果的公告,https://www.cqggzy.com/trade/014/BRII_5002306992744342607230095?categoryNum=014010002,丰都县,中选公告,2026-09-09,重庆市公共资源交易网,2026-09-11 11:04:40
关于【合川区2026年补家项目区小流域综合治理提质增效项目业主抽检及竣工验收检测】中选结果的公告,https://www.cqggzy.com/trade/014/BRII_5001177688523582609010747?categoryNum=014010002,合川区,中选公告,2026-09-09,重庆市公共资源交易网,2026-09-11 11:04:40
渝FS9777（北京现代牌 BH6440AY 2.0L）小型普通客车,https://www.cqggzy.com/trade/014/182729?categoryNum=014002001010,万州区,交易公告,2026-09-09,重庆市公共资源交易网,2026-09-11 11:04:40
渝F3A702（东南牌DN6492L4PB 2.0L）小型普通客车,https://www.cqggzy.com/trade/014/182730?categoryNum=014002001010,万州区,交易公告,2026-09-09,重庆市公共资源交易网,2026-09-11 11:04:40
巫溪县2026年老鹰茶功能性研发项目研发服务采购,https://www.cqggzy.com/trade/014/182727?categoryNum=014002001012,巫溪县,交易公告,2026-09-09,重庆市公共资源交易网,2026-09-11 11:04:42
大足区西门货运停车场1号门市招租,https://www.cqggzy.com/trade/014/182715?categoryNum=014002001011,大足区,交易公告,2026-09-09,重庆市公共资源交易网,2026-09-11 11:04:42
大足区龙岗街道滨海路180号阳光鑫城小区B-23-5房产招租,https://www.cqggzy.com/trade/014/182714?categoryNum=014002001011,大足区,交易公告,2026-09-09,重庆市公共资源交易网,2026-09-11 11:04:42
大足区龙水镇龙古路1号附122号门市招租,https://www.cqggzy.com/trade/014/182713?categoryNum=014002001011,大足区,交易公告,2026-09-09,重庆市公共资源交易网,2026-09-11 11:04:42
大足区中敖镇溪源路116号门市招租,https://www.cqggzy.com/trade/014/182708?categoryNum=014002001011,大足区,交易公告,2026-09-09,重庆市公共资源交易网,2026-09-11 11:04:42
武隆区黑湾河小流域水土保持生态产品价值出让,https://www.cqggzy.com/trade/014/182719?categoryNum=014002001010,武隆区,交易公告,2026-09-09,重庆市公共资源交易网,2026-09-11 11:04:42
巫溪县柏杨街道万通路100号生命之光广场4号门市招租,https://www.cqggzy.com/trade/014/182699?categoryNum=014002001011,巫溪县,交易公告,2026-09-09,重庆市公共资源交易网,2026-09-11 11:04:42
巫溪县柏杨街道万通路100号生命之光广场5号门市招租,https://www.cqggzy.com/trade/014/182698?categoryNum=014002001011,巫溪县,交易公告,2026-09-09,重庆市公共资源交易网,2026-09-11 11:04:42
巫溪县柏杨街道万通路100号生命之光广场6号门市招租,https://www.cqggzy.com/trade/014/182697?categoryNum=014002001011,巫溪县,交易公告,2026-09-09,重庆市公共资源交易网,2026-09-11 11:04:42
巫溪县柏杨街道万通路100号生命之光广场7号门市招租,https://www.cqggzy.com/trade/014/182696?categoryNum=014002001011,巫溪县,交易公告,2026-09-09,重庆市公共资源交易网,2026-09-11 11:04:42
巫溪县柏杨街道万通路100号生命之光广场8号门市招租,https://www.cqggzy.com/trade/014/182695?categoryNum=014002001011,巫溪县,交易公告,2026-09-09,重庆市公共资源交易网,2026-09-11 11:04:42
巫溪县柏杨街道万通路100号生命之光广场9号门市招租,https://www.cqggzy.com/trade/014/182694?categoryNum=014002001011,巫溪县,交易公告,2026-09-09,重庆市公共资源交易网,2026-09-11 11:04:42
巫溪县柏杨街道万通路100号生命之光广场10号门市招租,https://www.cqggzy.com/trade/014/182693?categoryNum=014002001011,巫溪县,交易公告,2026-09-09,重庆市公共资源交易网,2026-09-11 11:04:45
重庆市涪陵区李渡工业园区马鞍六组等9处房产及土地使用权（整体）,https://www.cqggzy.com/trade/014/182712?categoryNum=014002001010,市级,交易公告,2026-09-09,重庆市公共资源交易网,2026-09-11 11:04:45
渝BW2989（柯斯达牌SCT6705TRB53LB 2.7L）大型普通客车,https://www.cqggzy.com/trade/014/182709?categoryNum=014002001010,市级,交易公告,2026-09-09,重庆市公共资源交易网,2026-09-11 11:04:45
宁夏星河新材料科技有限公司持有的污水处理车间存货一批,https://www.cqggzy.com/trade/014/182701?categoryNum=014002001010,市级,交易公告,2026-09-09,重庆市公共资源交易网,2026-09-11 11:04:45
中海油服深圳分公司持有的26项油化废旧设备,https://www.cqggzy.com/trade/014/182681?categoryNum=014002001010,市级,交易公告,2026-09-09,重庆市公共资源交易网,2026-09-11 11:04:45
重庆市北碚区中山路123号附7号-1号房产招租,https://www.cqggzy.com/trade/014/182703?categoryNum=014002001011,市级,交易公告,2026-09-09,重庆市公共资源交易网,2026-09-11 11:04:45
重庆市北碚区新星路104号4-2号房产招租,https://www.cqggzy.com/trade/014/182705?categoryNum=014002001011,市级,交易公告,2026-09-09,重庆市公共资源交易网,2026-09-11 11:04:45
重庆市北碚区胜利村2号1-6号房产招租,https://www.cqggzy.com/trade/014/182706?categoryNum=014002001011,市级,交易公告,2026-09-09,重庆市公共资源交易网,2026-09-11 11:04:45
中国铁塔股份有限公司渝中分公司持有的报废设施设备一批（第三批）,https://www.cqggzy.com/trade/014/182690?categoryNum=014002001010,市级,交易公告,2026-09-09,重庆市公共资源交易网,2026-09-11 11:04:45
秀山华兴物流股份有限公司2026年、2027年水泥采购（第一批）,https://www.cqggzy.com/trade/014/182557?categoryNum=014002001012,秀山县,交易公告,2026-09-09,重庆市公共资源交易网,2026-09-11 11:04:45
中海油服深圳分公司以及湛江分公司持有的52项船舶废旧物资,https://www.cqggzy.com/trade/014/182579?categoryNum=014002001010,市级,交易公告,2026-09-09,重庆市公共资源交易网,2026-09-11 11:04:45
重庆市巴南区花溪街道岔路口土地招租（共计2128㎡）,https://www.cqggzy.com/trade/014/182641?categoryNum=014002001011,市级,交易公告,2026-09-09,重庆市公共资源交易网,2026-09-11 11:04:45
