admin_region,agent_address,agent_contact,agent_name,agent_service_fee,attach_file_names,attach_json,budget,budget_source,buyer_address,buyer_contact,buyer_name,change_item,contact_name,contact_tel,crawl_time,judge_experts,notice_title,notice_type,notice_url,open_bid_time,project_code,proposed_supplier,publicity_period,publish_time,purchase_method,single_source_reason,terminate_reason,win_supplier,win_total_amount
杨浦区,上海市延安西路358号美丽园大厦14楼,张胤翀、陈喆仡021-32173637,上海国际招标有限公司,,财大26-29高层次人才医疗保健-招标文件.pdf,"[{""attach_name"": ""财大26-29高层次人才医疗保健-招标文件.pdf"", ""attach_url"": ""https://download.ccgp.gov.cn/oss/download?uuid=EDE52E9A38134D9379B30E7578DCB3""}]",,,上海市杨浦区国定路777号,李老师021-65904549,上海财经大学,,,,2026-09-09 15:21:47,项丹红、张宁、许梅珍、宁仁利、张永铃,2026-2029上海财经大学高层次人才医疗保健服务项目中标公告,中标公告,https://www.ccgp.gov.cn/cggg/zygg/zbgg/./202609/t20260909_27294508.htm,,,,,2026年09月09日 13:53,,,,,110.28
北京市,北京市海淀区学院南路62号中关村资本大厦,侯东艳、张涵睿、蒋雪娜、陈思佳、邓嘉莹，010-61954119、61954120,中招国际招标有限公司,,"关于符合本国产品标准的声明函.pdf,公开招标文件发售稿-北京中医药大学良乡校区中药学院基础与药物生物评价实践教学平台建设(二期）采购项目.pdf,关于符合本国产品标准的成本占比承诺函.pdf","[{""attach_name"": ""关于符合本国产品标准的声明函.pdf"", ""attach_url"": ""https://download.ccgp.gov.cn/oss/download?uuid=33487DB5D76EFA85859A84028BD054""}, {""attach_name"": ""公开招标文件发售稿-北京中医药大学良乡校区中药学院基础与药物生物评价实践教学平台建设(二期）采购项目.pdf"", ""attach_url"": ""https://download.ccgp.gov.cn/oss/download?uuid=EBBB3932046F07B51609A766F8B83D""}, {""attach_name"": ""关于符合本国产品标准的成本占比承诺函.pdf"", ""attach_url"": ""https://download.ccgp.gov.cn/oss/download?uuid=4B2D5E7930C753AF6769C120F4332B""}]",,,北京市朝阳区北三环东路11号,赵老师，010-53911758,北京中医药大学,,,,2026-09-09 15:21:47,孟伟、赵锋、李雪红、吉国凡、张莉（采购人代表）,北京中医药大学良乡校区中药学院基础与药物生物评价实践教学平台建设(二期）采购项目中标公告,中标公告,https://www.ccgp.gov.cn/cggg/zygg/zbgg/./202609/t20260909_27294503.htm,,,,,2026年09月09日 13:51,,,,,163.5
北京市,北京市丰台区金泽东路通用时代中心C座,张曌明  电话：010-81168235，81168212 电子邮箱：guochangqian@cmc.gt.cn,中国机械进出口(集团)有限公司,,8.19 26N7619 北京大学第一医院2026年诊疗能力提升项目放射治疗科后装治疗机采购项目 招标文件.pdf,"[{""attach_name"": ""8.19 26N7619 北京大学第一医院2026年诊疗能力提升项目放射治疗科后装治疗机采购项目 招标文件.pdf"", ""attach_url"": ""https://download.ccgp.gov.cn/oss/download?uuid=2495A82FFEC6DEF17B41BF4151A2FF""}]",,,北京市西城区西什库大街8号,010-83576445,北京大学第一医院,,,,2026-09-09 15:21:48,杨会敏、杨燕佳、郑淑荣、田丽丽、王庆安,北京大学第一医院2026年诊疗能力提升项目放射治疗科后装治疗机采购项目中标公告,中标公告,https://www.ccgp.gov.cn/cggg/zygg/zbgg/./202609/t20260909_27294501.htm,,,,,2026年09月09日 13:50,,,,,628.7
南岗区,黑龙江省哈尔滨市群力新区丽江路3936号银泰城写字楼27层,刘女士18946185481,忱义工程项目管理有限公司,,HITZB-2026000059-哈尔滨工业大学英俄文网站运营以及海外社交媒体平台运营、推广服务-招标文件8.13定稿.pdf,"[{""attach_name"": ""HITZB-2026000059-哈尔滨工业大学英俄文网站运营以及海外社交媒体平台运营、推广服务-招标文件8.13定稿.pdf"", ""attach_url"": ""https://download.ccgp.gov.cn/oss/download?uuid=E55E046CA94D9BE5E37C2417489947""}]",,,哈尔滨市南岗区西大直街92号,0451-86417955,哈尔滨工业大学,,,,2026-09-09 15:21:48,慕国华、宁晓磊、彭钢、王洪刚、于歆（采购人代表）,哈尔滨工业大学英俄文网站运营以及海外社交媒体平台运营、推广服务中标结果公告,中标公告,https://www.ccgp.gov.cn/cggg/zygg/zbgg/./202609/t20260909_27294457.htm,,,,,2026年09月09日 13:38,,,,,125.8175
北京市,北京市丰台区广安路9号国投财富广场6号楼1601室,贾东敏、谭仕宝、姚冲、崔丽洁、刘金秀 18612287813/18612287807,华采招标集团有限公司,,"奥来国信（北京）检测技术有限责任公司-中小企业声明函.pdf,ZB0969【招标文件-发售版】中央戏剧学院东城校区房屋维修和基础设施改造项目之工程检测服务（二次）.pdf","[{""attach_name"": ""奥来国信（北京）检测技术有限责任公司-中小企业声明函.pdf"", ""attach_url"": ""https://download.ccgp.gov.cn/oss/download?uuid=D0F860F79B22295D5AF478B9A0B6EE""}, {""attach_name"": ""ZB0969【招标文件-发售版】中央戏剧学院东城校区房屋维修和基础设施改造项目之工程检测服务（二次）.pdf"", ""attach_url"": ""https://download.ccgp.gov.cn/oss/download?uuid=EB70B4FCE7F894E03D7C65CF810459""}]",,,北京市昌平区宏福中路4号,马老师，010-56620349,中央戏剧学院,,,,2026-09-09 15:21:48,张海君、李茹、王静、忻展华、姚学堂,中央戏剧学院东城校区房屋维修和基础设施改造项目之工程检测服务（二次）中标公告,中标公告,https://www.ccgp.gov.cn/cggg/zygg/zbgg/./202609/t20260909_27294448.htm,,,,,2026年09月09日 13:37,,,,,0.0
重庆市,重庆市两江新区五简路2号重庆咨询大厦B座503室,周建行 谢沛诘 023-67954029 67707022,重庆市政府采购中心,,《中小企业声明函》.jpg,"[{""attach_name"": ""《中小企业声明函》.jpg"", ""attach_url"": ""https://download.ccgp.gov.cn/oss/download?uuid=96B639B2C95C3E57E106BA87FCBC48""}]",,,重庆市两江新区西湖路9号,刘老师 傅老师 023-67572283 63055213,国家税务总局重庆市税务局,,,,2026-09-09 15:21:48,王显科、徐露瑶、朱青青、肖玉秋、傅俊松（采购人代表）,国家税务总局重庆市税务局2026年计算存储类设备维修保养中标公告,中标公告,https://www.ccgp.gov.cn/cggg/zygg/zbgg/./202609/t20260909_27294372.htm,,,,,2026年09月09日 13:05,,,,,398.96
重庆市,重庆市两江新区五简路2号重庆咨询大厦B座503室,周建行 谢沛诘 023-67089269 67707022,重庆市政府采购中心,,"公开招标—国家税务总局重庆市税务局2026年税收大数据平台运维和数据加工服务（发布稿）8.7.doc,中小企业声明函_1.jpg","[{""attach_name"": ""公开招标—国家税务总局重庆市税务局2026年税收大数据平台运维和数据加工服务（发布稿）8.7.doc"", ""attach_url"": ""https://download.ccgp.gov.cn/oss/download?uuid=30F18C152D66E14311A484BC7ECFB5""}, {""attach_name"": ""中小企业声明函_1.jpg"", ""attach_url"": ""https://download.ccgp.gov.cn/oss/download?uuid=32446ACB692FC9F6CD3B7BB9EE8D58""}]",,,重庆市渝北区西湖路9号,刘老师 熊老师 023-67572283 67572128,国家税务总局重庆市税务局,,,,2026-09-09 15:21:48,徐烽  邓燕  彭亮  杨远峰  许涛(采购人代表）,国家税务总局重庆市税务局2026年税收大数据平台运维和数据加工服务（26WC0173）中标(成交）结果公告,中标公告,https://www.ccgp.gov.cn/cggg/zygg/zbgg/./202609/t20260909_27294373.htm,,,,,2026年09月09日 13:04,,,,,398.5
北京市,北京市朝阳区和平街东土城路甲9号,胡成、祝贺，010-64489275，18513310406,中国远东国际招标有限公司,,"中小企业声明函.pdf,2026FE3465热力站值班及管线巡查招标文件（发布）.pdf","[{""attach_name"": ""中小企业声明函.pdf"", ""attach_url"": ""https://download.ccgp.gov.cn/oss/download?uuid=1255D33A36EB8EEE8AE452D3B03CA8""}, {""attach_name"": ""2026FE3465热力站值班及管线巡查招标文件（发布）.pdf"", ""attach_url"": ""https://download.ccgp.gov.cn/oss/download?uuid=A08624ED2DD646495776E6D41D96E6""}]",,,北京市东城区景山前街 4 号,张璐，010-85007056,故宫博物院,,,,2026-09-09 15:21:48,宋庆东、周效华、张占国、杨丽莉、王安华。,故宫博物院2026-2029年度热力站值班服务及管线巡查项目中标公告,中标公告,https://www.ccgp.gov.cn/cggg/zygg/zbgg/./202609/t20260909_27294368.htm,,,,,2026年09月09日 13:03,,,,,199.742596
湖南省,长沙市雨花区韶山中路419号顺天国际金融中心北塔H4楼1434-1435室,王威格,湖南博思智询项目管理有限公司,,"开标一览表.pdf,招标文件.doc,中标通知书.pdf,中小企业声明函.docx","[{""attach_name"": ""开标一览表.pdf"", ""attach_url"": ""https://download.ccgp.gov.cn/oss/download?uuid=C08A2CFCE1675BAE0411D064CF8A72""}, {""attach_name"": ""招标文件.doc"", ""attach_url"": ""https://download.ccgp.gov.cn/oss/download?uuid=DD1D60D9A5CB741B9E4AD002CAC395""}, {""attach_name"": ""中标通知书.pdf"", ""attach_url"": ""https://download.ccgp.gov.cn/oss/download?uuid=72191DBD608EA4405141F40ECC0718""}, {""attach_name"": ""中小企业声明函.docx"", ""attach_url"": ""https://download.ccgp.gov.cn/oss/download?uuid=BEF37DCF6F898418705BB4582D6B20""}]",,,长沙市芙蓉南路4段196号,曾女士 13875957859,湖南省气象台,,,,2026-09-09 15:21:48,曹卫凯（组长）、隋品波、刘洋、蔡璐、周瑛,湖南省气象台极端灾害性天气短临预警能力提升工程(长株潭城市群500米分辨率短临数值预报分系统)中标公告,中标公告,https://www.ccgp.gov.cn/cggg/zygg/zbgg/./202609/t20260909_27294344.htm,,,,,2026年09月09日 12:55,,,,,82.0
长沙市,长沙市雨花区湘府东路199号招标大厦,林丹、丁政勋、张妍 0731-84553843,湖南省招标有限责任公司,,,,,,长沙市岳麓区麓山南路932号,肖老师 0731-88836792,中南大学,,,,2026-09-09 15:21:48,黄敏、陈娴、尚立军、张畅、程光旭,中南大学新校区学生宿舍一期、二期项目智能化工程中标候选人公示,中标公告,https://www.ccgp.gov.cn/cggg/zygg/zbgg/./202609/t20260909_27294340.htm,,,,,2026年09月09日 12:54,,,,,597.923956
北京市,北京市海淀区学院南路62号中关村资本大厦6层611A室,马翔宇、秦璐璐、王丽莉、丁建、曲志鸣、林彧杰、郑碧云、师杉010-61954013、62108152,中招国际招标有限公司,,招标文件-新能源车.docx,"[{""attach_name"": ""招标文件-新能源车.docx"", ""attach_url"": ""https://download.ccgp.gov.cn/oss/download?uuid=7CFD031C889E319BAA4453275613E3""}]",,,北京市西城区西长安街13号,张琛010-68205185,工业和信息化部,,,,2026-09-09 15:21:48,刘明、韩帅、李建勇、张道山、霍海龙,工业和信息化部新能源汽车产品质量和一致性监督检查中标公告,中标公告,https://www.ccgp.gov.cn/cggg/zygg/zbgg/./202609/t20260909_27294248.htm,,,,,2026年09月09日 12:31,,,,,712.7134
北京市,北京市海淀区学院南路62号中关村资本大厦6层611A室,马翔宇、秦璐璐、王丽莉、丁建、曲志鸣、林彧杰、郑碧云、师杉010-61954013、62108152,中招国际招标有限公司,,招标文件-传统车.docx,"[{""attach_name"": ""招标文件-传统车.docx"", ""attach_url"": ""https://download.ccgp.gov.cn/oss/download?uuid=DBFD633B1251FB2A8A4BCA1EC08975""}]",,,北京市西城区西长安街13号,张琛010-68205185,工业和信息化部,,,,2026-09-09 15:21:48,孙月琴、张海艳、闫德刚、刘霞、姚映君,工业和信息化部传统汽车生产一致性专项监督检查中标公告,中标公告,https://www.ccgp.gov.cn/cggg/zygg/zbgg/./202609/t20260909_27294250.htm,,,,,2026年09月09日 12:30,,,,,321.448944
长春市,吉林省长春市南关区亚泰大街5211号五环国际大厦1609室,梁敬保、曹常虎、杨青、张鑫0431-77771889,五矿国际招标有限责任公司,,"【公开招标】吉林大学部分建筑增加火灾自动报警系统工程二标段（第二次）—招标文件0814.docx,中小企业声明函.pdf","[{""attach_name"": ""【公开招标】吉林大学部分建筑增加火灾自动报警系统工程二标段（第二次）—招标文件0814.docx"", ""attach_url"": ""https://download.ccgp.gov.cn/oss/download?uuid=14D73BEBD2EEAE5FC9810216AEC874""}, {""attach_name"": ""中小企业声明函.pdf"", ""attach_url"": ""https://download.ccgp.gov.cn/oss/download?uuid=DE86252DC2104FEF19B9A9412E5ACC""}]",,,吉林省长春市前进大街2699号吉林大学中心校区商贸楼四楼,孙老师 0431-85167313,吉林大学,,,,2026-09-09 15:21:48,齐立志、刘彬、刘立新、南旭良、杨晓昕,吉林大学部分建筑增加火灾自动报警系统工程项目二标段（第二次）中标公告,中标公告,https://www.ccgp.gov.cn/cggg/zygg/zbgg/./202609/t20260909_27294140.htm,,,,,2026年09月09日 12:08,,,,,370.537602
天津市,天津经济技术开发区滨海-中关村科技园大唐总部基地东区7号楼1单元401,吴洁18526373730,中海华咨询有限公司,,"377-办公楼运维服务-政采公开-0820定稿【发售版】.docx,中小企业声明函.jpg","[{""attach_name"": ""377-办公楼运维服务-政采公开-0820定稿【发售版】.docx"", ""attach_url"": ""https://download.ccgp.gov.cn/oss/download?uuid=84D4746316DB6455DD1F4417FC87BC""}, {""attach_name"": ""中小企业声明函.jpg"", ""attach_url"": ""https://download.ccgp.gov.cn/oss/download?uuid=DDB83814D7A3EAC14875926146AF3A""}]",,,天津市滨海新区东疆综合保税区宁夏道119号,刘亮022-25604900,天津市滨海新区消防救援支队五大队,,,,2026-09-09 15:21:48,彭清发、王宝昆、马文杰、郭维强、戴继业（采购人代表）,天津市滨海新区消防救援支队五大队办公楼运维服务项目中标公告,中标公告,https://www.ccgp.gov.cn/cggg/zygg/zbgg/./202609/t20260909_27294138.htm,,,,,2026年09月09日 12:08,,,,,33.894545
和县,马鞍山市和县历阳镇城北社区文昌北路169-2号,黄工18119951086、0555-5130789,安徽兴满招投标代理服务有限公司,,中小企业声明函.pdf,"[{""attach_name"": ""中小企业声明函.pdf"", ""attach_url"": ""https://download.ccgp.gov.cn/oss/download?uuid=97678176BAD2BE5D2A6BCF57F2283C""}]",,,安徽省马鞍山市和县历阳镇,姚先生 0555-5315119,和县消防救援大队,,,,2026-09-09 15:21:48,略,和县消防救援大队2026年度食堂主副食品采购及配送服务项目中标公告,中标公告,https://www.ccgp.gov.cn/cggg/zygg/zbgg/./202609/t20260909_27294116.htm,,,,,2026年09月09日 12:07,,,,,0.0
北京市,北京市海淀区学院南路62号中关村资本大厦,侯东艳、张磊、张涵睿、邓嘉莹、蒋雪娜、陈思佳，010-61954119、4120,中招国际招标有限公司,,"公开招标文件发售稿-清华大学关键尺寸检测系统（CD）采购项目（第二次）.pdf,关于符合本国产品标准的声明函.pdf","[{""attach_name"": ""公开招标文件发售稿-清华大学关键尺寸检测系统（CD）采购项目（第二次）.pdf"", ""attach_url"": ""https://download.ccgp.gov.cn/oss/download?uuid=C915982DD4431E783CC7DD4930FF56""}, {""attach_name"": ""关于符合本国产品标准的声明函.pdf"", ""attach_url"": ""https://download.ccgp.gov.cn/oss/download?uuid=05831571EB206711FA51F534C2868E""}]",,,北京市海淀区清华园,010-62780051,清华大学,,,,2026-09-09 15:21:48,李悦、贺兵、姜明、孙月琴、谭卓英（前序为自选专家）、岳萍（采购人代表）、杨涛（采购人代表）,清华大学关键尺寸检测系统（CD）采购项目（第二次）中标公告,中标公告,https://www.ccgp.gov.cn/cggg/zygg/zbgg/./202609/t20260909_27294103.htm,,,,,2026年09月09日 12:04,,,,,680.0
市辖区,西章胡同9号院,010-83083702,中央国家机关政府采购中心,,中标通知书.zip,"[{""attach_name"": ""中标通知书.zip"", ""attach_url"": ""https://download.ccgp.gov.cn/oss/download?uuid=bd6e1084-5332-44f6-87a7-a53de6""}]",,,北京市海淀区圆明园西路2号,010-62732813,中国农业大学,,,,2026-09-09 15:21:48,不详,中国农业大学国家农业科技创新港人才培养组团项目工程施工采购项目中标结果公示,中标公告,https://www.ccgp.gov.cn/cggg/zygg/zbgg/./202609/t20260909_27293832.htm,,,,,2026年09月09日 11:35,,,,,46047.813067
市辖区,西章胡同9号院,010-83083702,中央国家机关政府采购中心,,中标通知书.zip,"[{""attach_name"": ""中标通知书.zip"", ""attach_url"": ""https://download.ccgp.gov.cn/oss/download?uuid=d60f0646-fb59-48fa-b0d2-7b0106""}]",,,北京市海淀区中关村大街59号,010-62516966,中国人民大学,,,,2026-09-09 15:21:48,不详,中国人民大学中关村校区学生宿舍品园5楼改造项目监理采购项目中标结果公示,中标公告,https://www.ccgp.gov.cn/cggg/zygg/zbgg/./202609/t20260909_27293831.htm,,,,,2026年09月09日 11:35,,,,,106.9532
南山区,济南市市中区经十路22068号山东出版智能产业大厦505室,李老师  赵老师  0531-88286123,山东德远项目管理有限公司,,,,,,济南市历城区宏城路绿锦园西侧,钟老师  0531-82847119,济南市南部山区消防救援大队,,,,2026-09-09 15:21:49,纪晶、刘保灵、王晓翠、訾瀚、张磊,济南市南部山区消防救援大队宣传品及正规化建设服务项目中标公告,中标公告,https://www.ccgp.gov.cn/cggg/zygg/zbgg/./202609/t20260909_27293733.htm,,,,,2026年09月09日 11:30,,,,,60.0
北京市,北京市海淀区学院南路62号中关村资本大厦,侯东艳、张磊、张涵睿、邓嘉莹、蒋雪娜、陈思佳，010-61954119、61954120,中招国际招标有限公司,,"招标文件-导航高加速度电动振动试验系统采购项目.pdf,中小企业声明函.pdf,关于符合本国产品标准的声明函.pdf","[{""attach_name"": ""招标文件-导航高加速度电动振动试验系统采购项目.pdf"", ""attach_url"": ""https://download.ccgp.gov.cn/oss/download?uuid=F0938924F87A598D6642A857792393""}, {""attach_name"": ""中小企业声明函.pdf"", ""attach_url"": ""https://download.ccgp.gov.cn/oss/download?uuid=F674D8CE34A5FB91FBD44119803E63""}, {""attach_name"": ""关于符合本国产品标准的声明函.pdf"", ""attach_url"": ""https://download.ccgp.gov.cn/oss/download?uuid=D5B4CE6E11426549419F4DF69E5A40""}]",,,北京市海淀区清华园,010-62780051,清华大学,,,,2026-09-09 15:21:49,李悦、贺兵、姜明、戴琳、宋亮（前序为自选专家）、沙宇帆（采购人代表）、杨涛（采购人代表）,清华大学导航高加速度电动振动试验系统采购项目中标公告,中标公告,https://www.ccgp.gov.cn/cggg/zygg/zbgg/./202609/t20260909_27293704.htm,,,,,2026年09月09日 11:29,,,,,114.5
浦东新区,上海市浦东新区民生路600号船研所19号楼东门118室。,刘女士、李老师、马晶 15073821367,中科高盛咨询集团有限公司,,,,,,021-34775059,刘先生,中国科学院上海天文台,,,,2026-09-09 15:21:49,李伟杰（评审组长）、赵兵科、肖石林、郑静、宋尚华、刘强（采购人代表）、柳聪（采购人代表）,中国科学院上海天文台天球基准研究运控支撑系统中标公告,中标公告,https://www.ccgp.gov.cn/cggg/zygg/zbgg/./202609/t20260909_27293693.htm,,,,,2026年09月09日 11:26,,,,,627.985
浦东新区,上海市浦东新区民生路600号船研所19号楼东门118室。,刘老师、李老师、马晶  15073821367,中科高盛咨询集团有限公司,,,,,,021-34775059,刘先生,中国科学院上海天文台,,,,2026-09-09 15:21:49,李伟杰（评审组长）、赵兵科、肖石林、郑静、宋尚华、刘强（采购人代表）、柳聪（采购人代表）,中国科学院上海天文台天球基准研发平台实时监控与告警系统中标公告,中标公告,https://www.ccgp.gov.cn/cggg/zygg/zbgg/./202609/t20260909_27293666.htm,,,,,2026年09月09日 11:25,,,,,359.7234
北京市,北京市海淀区丹棱街1号互联网金融中心20层,郭宇涵、王军、李雯、余睿； 010-68290599， 010-68290530,东方国际招标有限责任公司,,"2205.pdf,本国声明.png","[{""attach_name"": ""2205.pdf"", ""attach_url"": ""https://download.ccgp.gov.cn/oss/download?uuid=D18B77486B8E51CA1F4DDF7B011930""}, {""attach_name"": ""本国声明.png"", ""attach_url"": ""https://download.ccgp.gov.cn/oss/download?uuid=4D635CC383E619AB22E9FD4603EB6C""}]",,,北京市怀柔区杨雁路京密北二街,王老师，010-62582861,中国科学院国家空间科学中心,,,,2026-09-09 15:21:49,王东亮、岳震、宋杰、梁润平、周昱成,中国科学院国家空间科学中心圆环阵数据AI服务器存储集群及配套采购项目中标公告,中标公告,https://www.ccgp.gov.cn/cggg/zygg/zbgg/./202609/t20260909_27293541.htm,,,,,2026年09月09日 11:14,,,,,698.9
北京市,北京市丰台区西营街1号院通用时代中心1区1号楼B座1608,王先生 010-81166165,中国仪器进出口集团有限公司,,"分项报价表.docx,招 标 文 件 （岩溶所）最终版.pdf","[{""attach_name"": ""分项报价表.docx"", ""attach_url"": ""https://download.ccgp.gov.cn/oss/download?uuid=E52110768E6BD9F29A71DDCE0C8877""}, {""attach_name"": ""招 标 文 件 （岩溶所）最终版.pdf"", ""attach_url"": ""https://download.ccgp.gov.cn/oss/download?uuid=0C378CC09B1F8450214C0E8F654223""}]",,,广西桂林市七星区七星路50号,李老师  0773-7796670,中国地质科学院岩溶地质研究所,,,,2026-09-09 15:21:49,温新婴、吴亚西、刘锋、李文军、吴夏,中国地质科学院岩溶地质研究所液体闪烁计数仪中标公告,中标公告,https://www.ccgp.gov.cn/cggg/zygg/zbgg/./202609/t20260909_27293480.htm,,,,,2026年09月09日 11:06,,,,,228.8
广东省,广州市环市中路316号金鹰大厦9楼911室,郑淇筠、刘雨婷、陈健、陈安琪、宁小萍、王勇新；020-83543621/4566/1759（电子邮箱：gtczb7@126.com）,广东省机电设备招标有限公司,,,,,,广州市黄埔区瑞和路18号,王小姐；020-29119669,生态环境部华南环境科学研究所,,,,2026-09-09 15:21:49,"1、评审委员会总人数：7；
2、随机抽取专家名单：袁敏（组长）、党红妹、黄滨、唐小军、文燕；
3、采购人代表名单：黄凯华、江占；
4、自行选定专家名单：/。",生态环境部华南环境科学研究所华南区域危险废物环境风险防控技术中心建设项目-专业仪器设备采购项目（一批）（四）（项目编号：M4400000707538972）中标公告（采购包2、采购包3）,中标公告,https://www.ccgp.gov.cn/cggg/zygg/zbgg/./202609/t20260909_27293459.htm,,,,,2026年09月09日 11:05,,,,,1928.1
黄埔区,广州市环市中路316号金鹰大厦9楼911室,梁鸿茵、陈熠行、周艳靖；020-83602969(电子邮箱：gdjdsbzb@126.com),广东省机电设备招标有限公司,,"采购包1报价表.pdf,采购包2报价表.pdf","[{""attach_name"": ""采购包1报价表.pdf"", ""attach_url"": ""https://download.ccgp.gov.cn/oss/download?uuid=E3A60330FBF29367E0BF6A7B0EFFFA""}, {""attach_name"": ""采购包2报价表.pdf"", ""attach_url"": ""https://download.ccgp.gov.cn/oss/download?uuid=CFA415D89FD6F65BD35856CD2E00D4""}]",,,广州市黄埔区瑞和路18号,王小姐；020-29119669,生态环境部华南环境科学研究所,,,,2026-09-09 15:21:49,"评审委员会总人数：7；
随机抽取专家名单：陈铧耀、黄俊夫、万家海、石雪冬、毛暖思；
采购人代表名单：黄凯华、李义豪；
自行选定专家名单：   /",生态环境部华南环境科学研究所华南区域危险废物环境风险防控技术中心建设项目-专业仪器设备采购项目（一批）（三）（项目编号：M4400000707539686）中标公告,中标公告,https://www.ccgp.gov.cn/cggg/zygg/zbgg/./202609/t20260909_27293456.htm,,,,,2026年09月09日 11:04,,,,,1759.5
北京市,北京市海淀区文慧园北路10号，中教仪总公司,谢杰、刘欣、蒋旭、王磊、施歌、杨硕、韩寿国、刘湃010-59893122、010-59893114、010-59893131,北京中教仪国际招标代理有限公司,,"0330中小企业声明函.pdf,0330关于符合本国产品标准的声明函.pdf,2.【公开招标】清华大学附属中学清晏楼及华东楼食堂设备购置项目-最终.pdf","[{""attach_name"": ""0330中小企业声明函.pdf"", ""attach_url"": ""https://download.ccgp.gov.cn/oss/download?uuid=B9F87A7114D5E3B62C82A073C23BD4""}, {""attach_name"": ""0330关于符合本国产品标准的声明函.pdf"", ""attach_url"": ""https://download.ccgp.gov.cn/oss/download?uuid=A4C640719A4A72776F7180F0FBFFF2""}, {""attach_name"": ""2.【公开招标】清华大学附属中学清晏楼及华东楼食堂设备购置项目-最终.pdf"", ""attach_url"": ""https://download.ccgp.gov.cn/oss/download?uuid=F4DE0124CA7F5A868E7D9322E83F83""}]",,,北京市海淀区清华园,周老师010-62789532,清华大学,,,,2026-09-09 15:21:49,陈世东、李向路、秦艳萍、徐明、万缨、杨国兴（采购人代表）、王宇（采购人代表）,清华大学附属中学清晏楼及华东楼食堂设备购置项目中标公告,中标公告,https://www.ccgp.gov.cn/cggg/zygg/zbgg/./202609/t20260909_27293388.htm,,,,,2026年09月09日 10:57,,,,,105.978
北京市,北京市海淀区丹棱街1号互联网金融中心20层,迟兆洋、叶明、荀笑尘、芮虎峥 010-68290589/0548,东方国际招标有限责任公司,,"中小企业声明函.pdf,_远轨航天器闭环测试系统升级项目【7.24发布稿】.doc","[{""attach_name"": ""中小企业声明函.pdf"", ""attach_url"": ""https://download.ccgp.gov.cn/oss/download?uuid=AB03131126F032B39E470FD510D7CF""}, {""attach_name"": ""_远轨航天器闭环测试系统升级项目【7.24发布稿】.doc"", ""attach_url"": ""https://download.ccgp.gov.cn/oss/download?uuid=C1D20DC8059A0AF0131085CF2BBD33""}]",,,北京市海淀区邓庄南路9号,戴老师 010-82178863,中国科学院空间应用工程与技术中心,,,,2026-09-09 15:21:49,魏天兴（专家组长）、曹亚萍、张丽霞、杨慧兰、陈小鱼(用户代表）,中国科学院空间应用工程与技术中心远轨航天器闭环测试系统升级项目中标公告,中标公告,https://www.ccgp.gov.cn/cggg/zygg/zbgg/./202609/t20260909_27293368.htm,,,,,2026年09月09日 10:56,,,,,269.8
甘肃省,北京市海淀区丹棱街1号互联网金融中心20层,冯宇图 吴旭 唐添慧 010-68290550、010-68290510、010-68290526、ytfeng@oitc.com.cn,东方国际招标有限责任公司,,"_881459基于天然射线缪子成像技术的冰川内部构造三维探测系统采购项目（最终稿）.doc,中小企业声明函.pdf,关于符合本国产品标准的声明函.pdf","[{""attach_name"": ""_881459基于天然射线缪子成像技术的冰川内部构造三维探测系统采购项目（最终稿）.doc"", ""attach_url"": ""https://download.ccgp.gov.cn/oss/download?uuid=04360EA644C65359D3B9DAF6360EE8""}, {""attach_name"": ""中小企业声明函.pdf"", ""attach_url"": ""https://download.ccgp.gov.cn/oss/download?uuid=42C3244B1A8688CEAD48BA5270A4AB""}, {""attach_name"": ""关于符合本国产品标准的声明函.pdf"", ""attach_url"": ""https://download.ccgp.gov.cn/oss/download?uuid=CA87588609E90A2DF71E20CCFDF258""}]",,,甘肃省兰州市东岗西路320号,0931-8275129,中国科学院西北生态环境资源研究院,,,,2026-09-09 15:21:49,王军、田俊、樊毅敏、张桐民、杜文涛（全部自行选定）,中国科学院西北生态环境资源研究院基于天然射线缪子成像技术的冰川内部构造三维探测系统采购项目中标公告,中标公告,https://www.ccgp.gov.cn/cggg/zygg/zbgg/./202609/t20260909_27293352.htm,,,,,2026年09月09日 10:52,,,,,170.05
北京市,北京市海淀区学院南路62号中关村资本大厦6层/9层,孙峤  魏志平；010-62192030,中招国际招标有限公司,,TC260W06N-2次-招标文件[最终版].pdf,"[{""attach_name"": ""TC260W06N-2次-招标文件[最终版].pdf"", ""attach_url"": ""https://download.ccgp.gov.cn/oss/download?uuid=B52F057D5F8537DA0FD415795CDD2A""}]",,,北京市海淀区大慧寺路8号,金波；010-62105663,国家海洋环境预报中心,,,,2026-09-09 15:21:49,"第1包：李文正、王继江、张宝栋、肖云、冯立成；
第4包：李文正、王继江、张宝栋、肖云、李涛",国家海洋环境预报中心记录北极专项服务类采购项目2026（一）（第1包和第4包重新招标）中标公告,中标公告,https://www.ccgp.gov.cn/cggg/zygg/zbgg/./202609/t20260909_27293278.htm,,,,,2026年09月09日 10:46,,,,,73.8
市辖区,西章胡同9号院,010-83083702,中央国家机关政府采购中心,,"中央国家机关2026年台式计算机批量集中采购项目-9月采购文件.pdf,中标通知书.zip,天津光电集团信安先进技术（江苏）有限公司残疾人福利性单位声明函.pdf,联想开天科技有限公司残疾人福利性单位声明函.pdf,联想开天科技有限公司关于符合本国产品标准的声明函.pdf,浪潮计算机科技有限公司关于符合本国产品标准的声明函.pdf,技术规范偏离表-5-浪潮.pdf,技术规范偏离表-4-华为.pdf,技术规范偏离表-2-长城.pdf,投标人得分排序表.doc,浪潮计算机科技有限公司中小企业声明函.pdf,天津光电集团信安先进技术（江苏）有限公司中小企业声明函.pdf,华为终端有限公司中小企业声明函.pdf,联想开天科技有限公司中小企业声明函.pdf,联想开天科技有限公司中小企业声明函.pdf,联想开天科技有限公司残疾人福利性单位声明函.pdf,华为终端有限公司残疾人福利性单位声明函.pdf,中国长城科技集团股份有限公司残疾人福利性单位声明函.pdf,浪潮计算机科技有限公司残疾人福利性单位声明函.pdf,天津光电集团信安先进技术（江苏）有限公司关于符合本国产品标准的声明函.pdf,华为终端有限公司关于符合本国产品标准的声明函.pdf,台式机202609计划公示.xls,技术规范偏离表-3-联想.pdf,技术规范偏离表-1-联想.pdf,中国长城科技集团股份有限公司关于符合本国产品标准的声明函.pdf,中国长城科技集团股份有限公司中小企业声明函.pdf,联想开天科技有限公司关于符合本国产品标准的声明函.pdf","[{""attach_name"": ""中央国家机关2026年台式计算机批量集中采购项目-9月采购文件.pdf"", ""attach_url"": ""https://download.ccgp.gov.cn/oss/download?uuid=af13d964-edf4-4931-8c51-45ab12""}, {""attach_name"": ""中标通知书.zip"", ""attach_url"": ""https://download.ccgp.gov.cn/oss/download?uuid=8cf1328f-6931-4d12-aa30-55b9a8""}, {""attach_name"": ""天津光电集团信安先进技术（江苏）有限公司残疾人福利性单位声明函.pdf"", ""attach_url"": ""https://download.ccgp.gov.cn/oss/download?uuid=68915f5a-7e82-4b72-b5a4-287865""}, {""attach_name"": ""联想开天科技有限公司残疾人福利性单位声明函.pdf"", ""attach_url"": ""https://download.ccgp.gov.cn/oss/download?uuid=baaca9aa-19d6-473c-8ffc-801e1c""}, {""attach_name"": ""联想开天科技有限公司关于符合本国产品标准的声明函.pdf"", ""attach_url"": ""https://download.ccgp.gov.cn/oss/download?uuid=ee177995-f1ff-40d9-8d9a-a413c2""}, {""attach_name"": ""浪潮计算机科技有限公司关于符合本国产品标准的声明函.pdf"", ""attach_url"": ""https://download.ccgp.gov.cn/oss/download?uuid=dcb41c07-d271-4a28-b024-25890d""}, {""attach_name"": ""技术规范偏离表-5-浪潮.pdf"", ""attach_url"": ""https://download.ccgp.gov.cn/oss/download?uuid=e26a6b9b-72e3-449c-aaf9-331a3e""}, {""attach_name"": ""技术规范偏离表-4-华为.pdf"", ""attach_url"": ""https://download.ccgp.gov.cn/oss/download?uuid=fd160309-7c1d-40e8-846b-7f7f0d""}, {""attach_name"": ""技术规范偏离表-2-长城.pdf"", ""attach_url"": ""https://download.ccgp.gov.cn/oss/download?uuid=963c1ff1-d947-486e-b90e-68b735""}, {""attach_name"": ""投标人得分排序表.doc"", ""attach_url"": ""https://download.ccgp.gov.cn/oss/download?uuid=80242312-9d59-4b0b-b327-42df7c""}, {""attach_name"": ""浪潮计算机科技有限公司中小企业声明函.pdf"", ""attach_url"": ""https://download.ccgp.gov.cn/oss/download?uuid=7abf92aa-d867-4da7-9d8c-3edf29""}, {""attach_name"": ""天津光电集团信安先进技术（江苏）有限公司中小企业声明函.pdf"", ""attach_url"": ""https://download.ccgp.gov.cn/oss/download?uuid=1854d1f5-b7c5-4bda-b808-c2ca7e""}, {""attach_name"": ""华为终端有限公司中小企业声明函.pdf"", ""attach_url"": ""https://download.ccgp.gov.cn/oss/download?uuid=8dd00037-affc-4b06-b9fb-c7e63e""}, {""attach_name"": ""联想开天科技有限公司中小企业声明函.pdf"", ""attach_url"": ""https://download.ccgp.gov.cn/oss/download?uuid=ea88b8f8-00ed-4303-a1b8-90118c""}, {""attach_name"": ""联想开天科技有限公司中小企业声明函.pdf"", ""attach_url"": ""https://download.ccgp.gov.cn/oss/download?uuid=e66877a5-0655-4257-8c8a-a6faae""}, {""attach_name"": ""联想开天科技有限公司残疾人福利性单位声明函.pdf"", ""attach_url"": ""https://download.ccgp.gov.cn/oss/download?uuid=9ad14212-ab9d-4d07-8f53-fe4b1d""}, {""attach_name"": ""华为终端有限公司残疾人福利性单位声明函.pdf"", ""attach_url"": ""https://download.ccgp.gov.cn/oss/download?uuid=493f2e76-648d-4f1b-ac9b-66411b""}, {""attach_name"": ""中国长城科技集团股份有限公司残疾人福利性单位声明函.pdf"", ""attach_url"": ""https://download.ccgp.gov.cn/oss/download?uuid=25adb240-7206-42fe-8c9b-f8bde5""}, {""attach_name"": ""浪潮计算机科技有限公司残疾人福利性单位声明函.pdf"", ""attach_url"": ""https://download.ccgp.gov.cn/oss/download?uuid=dc0ba4b4-6de2-4009-b32d-496d53""}, {""attach_name"": ""天津光电集团信安先进技术（江苏）有限公司关于符合本国产品标准的声明函.pdf"", ""attach_url"": ""https://download.ccgp.gov.cn/oss/download?uuid=6de93690-9015-4118-ac0e-161001""}, {""attach_name"": ""华为终端有限公司关于符合本国产品标准的声明函.pdf"", ""attach_url"": ""https://download.ccgp.gov.cn/oss/download?uuid=d4e435fb-95d0-4963-8dcf-d854ab""}, {""attach_name"": ""台式机202609计划公示.xls"", ""attach_url"": ""https://download.ccgp.gov.cn/oss/download?uuid=31410ede-2370-481b-b1fd-a0c7b9""}, {""attach_name"": ""技术规范偏离表-3-联想.pdf"", ""attach_url"": ""https://download.ccgp.gov.cn/oss/download?uuid=d86ce6af-c431-4871-b0ee-978c3f""}, {""attach_name"": ""技术规范偏离表-1-联想.pdf"", ""attach_url"": ""https://download.ccgp.gov.cn/oss/download?uuid=7e4ce141-b2c9-4709-945f-de36bb""}, {""attach_name"": ""中国长城科技集团股份有限公司关于符合本国产品标准的声明函.pdf"", ""attach_url"": ""https://download.ccgp.gov.cn/oss/download?uuid=84e1fc59-6259-4032-a6c2-404ac9""}, {""attach_name"": ""中国长城科技集团股份有限公司中小企业声明函.pdf"", ""attach_url"": ""https://download.ccgp.gov.cn/oss/download?uuid=652bfccf-2f6f-4a91-8a80-8da7a6""}, {""attach_name"": ""联想开天科技有限公司关于符合本国产品标准的声明函.pdf"", ""attach_url"": ""https://download.ccgp.gov.cn/oss/download?uuid=022d13e9-601b-402b-848d-9d8be6""}]",,,北京市西城区西章胡同9号院,010-63099478,中央国家机关政府采购中心,,,,2026-09-09 15:21:49,"冀强,朱峰,张宁,刘发国,孙进辉",中央国家机关2026年台式计算机批量集中采购项目-9月中标公告,中标公告,https://www.ccgp.gov.cn/cggg/zygg/zbgg/./202609/t20260909_27293318.htm,,,,,2026年09月09日 10:45,,,,,304.647
罗湖区,上海市闵行区浦江镇三达路299号,联系代表021-33292999,公安部警用装备采购中心,,广东昊方声明函-202609090955423937.pdf,"[{""attach_name"": ""广东昊方声明函-202609090955423937.pdf"", ""attach_url"": ""https://download.ccgp.gov.cn/oss/download?uuid=50e44745-1172-498c-b46a-7a09b7""}]",,,广东省深圳市罗湖区和平路1087号,邓警官0755-84396474,深圳海关缉私局,,,,2026-09-09 15:21:49,任文龙（组长）、王彦亮、安利群、尹建梅、朱鹏飞,深圳海关缉私局新皇岗口岸联检楼办案区装备采购项目Ⅱ中标公告,中标公告,https://www.ccgp.gov.cn/cggg/zygg/zbgg/./202609/t20260909_27293309.htm,,,,,2026年09月09日 10:45,,,,,129.105
北京市,详见公告正文,详见公告正文,详见公告正文,,,,,,北京市海淀区羊坊店西路5号,"010-61986912,010-61986967",国家税务总局,,,,2026-09-09 15:21:49,"刘君,张玮玮,石钰磊,苏俊亚,范青",国家税务总局2026年PC服务器续购维保项目中标结果公告,中标公告,https://www.ccgp.gov.cn/cggg/zygg/zbgg/./202609/t20260909_27293293.htm,,,,,2026年09月09日 10:42,,,,,284.46
北京市,北京市海淀区海淀大街8号中钢国际广场16层,马娟娟、刘圣钰、聂娅琼、王建莉、刘健、陈丽 电 话：010-62688223（获取文件、发票咨询）、010-62686390（项目问询）、liusy5@sstc20.com（项目问询）,中钢招标有限责任公司,,"2641STC73329_中标结果公告及中小企业声明函本国产品声明.docx,2641STC73329-采购文件（公开）4稿-20260810lsy_中国科学技术馆2026年展品升级改造项目.pdf","[{""attach_name"": ""2641STC73329_中标结果公告及中小企业声明函本国产品声明.docx"", ""attach_url"": ""https://download.ccgp.gov.cn/oss/download?uuid=4A5641CCD3AF73D4E589D749885497""}, {""attach_name"": ""2641STC73329-采购文件（公开）4稿-20260810lsy_中国科学技术馆2026年展品升级改造项目.pdf"", ""attach_url"": ""https://download.ccgp.gov.cn/oss/download?uuid=048062AC5300415F12C9B587115A21""}]",,,北京市朝阳区北辰东路5号,李先鹏，010-59041496,中国科学技术馆,,,,2026-09-09 15:21:50,马超、杨朝辉、任香爱、柳妍、仝国利,中国科学技术馆2026年展品升级改造项目中标公告,中标公告,https://www.ccgp.gov.cn/cggg/zygg/zbgg/./202609/t20260909_27293161.htm,,,,,2026年09月09日 10:36,,,,,126.0
云南省,昆明市西山区南亚风情第壹城C4幢1单元1608室,18988472113,云南明竣工程项目管理有限公司,,"北京双顺达信息技术股份有限公司中小企业声明函.pdf,确定稿（招标文件）云南省气象服务中心2026年云南省突发事件预警信息发布系统软件运维服务.pdf","[{""attach_name"": ""北京双顺达信息技术股份有限公司中小企业声明函.pdf"", ""attach_url"": ""https://download.ccgp.gov.cn/oss/download?uuid=9DCA07C1E5315B4F8EC6A995240843""}, {""attach_name"": ""确定稿（招标文件）云南省气象服务中心2026年云南省突发事件预警信息发布系统软件运维服务.pdf"", ""attach_url"": ""https://download.ccgp.gov.cn/oss/download?uuid=6E74959EEC8912805B3CA0EE3583EA""}]",,,昆明市西山区西昌路77号,罗老师0871-64114226,云南省气象服务中心,,,,2026-09-09 15:21:50,余彝汪、李超、陈丽华、张航嘉、彭勃（采购人代表）,云南省气象服务中心2026年云南省突发事件预警信息发布系统软件运维服务中标公告,中标公告,https://www.ccgp.gov.cn/cggg/zygg/zbgg/./202609/t20260909_27293141.htm,,,,,2026年09月09日 10:33,,,,,59.95
北京市,北京市朝阳区和平街东土城路甲9号,范思迪、高冬冬、梅豫家、010-64234102、13611244752,中国远东国际招标有限公司,,"【终稿】民航华北空中交通管理局离退休人员2026-2027年度节日慰问品采购项目（二次）招标文件.doc,中小企业声明函1.pdf","[{""attach_name"": ""【终稿】民航华北空中交通管理局离退休人员2026-2027年度节日慰问品采购项目（二次）招标文件.doc"", ""attach_url"": ""https://download.ccgp.gov.cn/oss/download?uuid=B3F1EDC8645313BAEB1D2269B46118""}, {""attach_name"": ""中小企业声明函1.pdf"", ""attach_url"": ""https://download.ccgp.gov.cn/oss/download?uuid=3C5CC2118177A651ECA18E1B4F50C9""}]",,,北京市朝阳区首都机场航安路11号,黄老师、64590506,中国民用航空华北地区空中交通管理局,,,,2026-09-09 15:21:50,庞博、任颖、徐国星、郭景文、项馨锋,民航华北空中交通管理局离退休人员2026-2027年度节日慰问品采购项目中标公告,中标公告,https://www.ccgp.gov.cn/cggg/zygg/zbgg/./202609/t20260909_27293097.htm,,,,,2026年09月09日 10:29,,,,,0.0567
上海市,北京市顺义区天祥路6号院北京东航中心2号楼8层,赵金倩、王嘉琦、刘昕彤 （电话：021-62412217，010-84384841，电子邮箱：liuxintong@casc.com.cn）,中航材国际招标有限公司,,华东空管局生产用链路租用服务项目-发布版.pdf,"[{""attach_name"": ""华东空管局生产用链路租用服务项目-发布版.pdf"", ""attach_url"": ""https://download.ccgp.gov.cn/oss/download?uuid=E43D81118806C82322E3BE8D5EB106""}]",,,上海市长宁区机场空港一路171号,张晓阳 021-22325113,中国民用航空华东地区空中交通管理局,,,,2026-09-09 15:21:50,孙敏、蔡伟思、王晓亮、钱林伟、闫学文、张晓阳、陈悦诗,华东空管局生产用链路租用服务项目中标公告,中标公告,https://www.ccgp.gov.cn/cggg/zygg/zbgg/./202609/t20260909_27293012.htm,,,,,2026年09月09日 10:20,,,,,1068.507396
上海市,北京市顺义区天祥路6号院北京东航中心2号楼8层,赵金倩、王嘉琦、刘昕彤 021-62412217、010-84384841,中航材国际招标有限公司,,华东空管局民航通信网络中继链路租用服务项目第二次--待发布版(1).pdf,"[{""attach_name"": ""华东空管局民航通信网络中继链路租用服务项目第二次--待发布版(1).pdf"", ""attach_url"": ""https://download.ccgp.gov.cn/oss/download?uuid=8D5879674F3299623E3D9D1E0E90EE""}]",,,上海市长宁区机场空港一路171号,张晓阳 021-22325113,中国民用航空华东地区空中交通管理局,,,,2026-09-09 15:21:50,孙敏、蔡伟思、王晓亮、钱林伟、闫学文、张晓阳、陈悦诗,华东空管局民航通信网络中继链路租用服务项目（第二次）中标公告,中标公告,https://www.ccgp.gov.cn/cggg/zygg/zbgg/./202609/t20260909_27292981.htm,,,,,2026年09月09日 10:18,,,,,2946.7752
长沙市,长沙市万家丽南路二段29号,0731-89665170,湖南省公共资源交易中心,,"分项报价明细表.png,招标文件正文-包12.doc","[{""attach_name"": ""分项报价明细表.png"", ""attach_url"": ""https://download.ccgp.gov.cn/oss/download?uuid=E4DA6DE79F2CED91CCE2EDF212DFA5""}, {""attach_name"": ""招标文件正文-包12.doc"", ""attach_url"": ""https://download.ccgp.gov.cn/oss/download?uuid=26D1F22AB0F149AA0D480344BBD9DB""}]",,,湖南省长沙市岳麓区枫林三路151号,黄助理，073188119296,湖南省消防救援总队,,,,2026-09-09 15:21:50,陈廷勇（组长）、余剑武、杨浪、蒙有清、谢海（采购人评委）,湖南省消防救援总队2023-2025年度部门集中采购消防车辆项目（包12）中标公告,中标公告,https://www.ccgp.gov.cn/cggg/zygg/zbgg/./202609/t20260909_27292847.htm,,,,,2026年09月09日 10:00,,,,,823.0
成都市,成都市武侯区武侯大道铁佛段1号1栋2单元14楼1403号,周女士  028-87695165,四川成尚诚招标代理有限公司,,"某地区1：1万地形图缩编生产项目（终）.docx,中小企业声明函.jpg,评审报告.pdf","[{""attach_name"": ""某地区1：1万地形图缩编生产项目（终）.docx"", ""attach_url"": ""https://download.ccgp.gov.cn/oss/download?uuid=34FD11D6B51041E354E54F54A9B6D1""}, {""attach_name"": ""中小企业声明函.jpg"", ""attach_url"": ""https://download.ccgp.gov.cn/oss/download?uuid=F0229156788AAC59C35F6A5CDAC84F""}, {""attach_name"": ""评审报告.pdf"", ""attach_url"": ""https://download.ccgp.gov.cn/oss/download?uuid=173DC2AB8BE114C01E7125F9F01179""}]",,,四川省成都市龙泉驿区建设路2号,任先生  028-84884666,自然资源部第三航测遥感院,,,,2026-09-09 15:21:50,田志进、桂慧文、孙煊辉、范东明、倪家明（采购人代表）,自然资源部第三航测遥感院某地区1：1万地形图缩编生产项目中标公告,中标公告,https://www.ccgp.gov.cn/cggg/zygg/zbgg/./202609/t20260909_27292796.htm,,,,,2026年09月09日 09:55,,,,,44.55
市辖区,西章胡同9号院,010-83083702,中央国家机关政府采购中心,,"中标通知书.zip,北京安德保安服务有限公司残疾人福利性单位声明函.pdf,投标人得分排序表.doc,北京安德保安服务有限公司中小企业声明函.pdf,北京大学人民医院西直门、白塔寺院区保安服务采购项目采购文件.pdf","[{""attach_name"": ""中标通知书.zip"", ""attach_url"": ""https://download.ccgp.gov.cn/oss/download?uuid=d787375e-5918-4cc8-bcdc-c85fa3""}, {""attach_name"": ""北京安德保安服务有限公司残疾人福利性单位声明函.pdf"", ""attach_url"": ""https://download.ccgp.gov.cn/oss/download?uuid=d5356380-2e64-4425-9efa-13e0b5""}, {""attach_name"": ""投标人得分排序表.doc"", ""attach_url"": ""https://download.ccgp.gov.cn/oss/download?uuid=4485ec7b-474d-423b-a8b9-541741""}, {""attach_name"": ""北京安德保安服务有限公司中小企业声明函.pdf"", ""attach_url"": ""https://download.ccgp.gov.cn/oss/download?uuid=fbbd030e-e3d0-41fe-b662-c267d8""}, {""attach_name"": ""北京大学人民医院西直门、白塔寺院区保安服务采购项目采购文件.pdf"", ""attach_url"": ""https://download.ccgp.gov.cn/oss/download?uuid=23ecd29b-6fac-46bf-9382-9749a4""}]",,,北京市西城区西直门南大街11号,010-88317076,北京大学人民医院(北京大学第二临床医学院),,,,2026-09-09 15:21:50,"郭杰,卜彦强,周艳荣,吕晨阳,白亚芹,马丽青,裴艳",北京大学人民医院西直门、白塔寺院区保安服务采购项目中标公告,中标公告,https://www.ccgp.gov.cn/cggg/zygg/zbgg/./202609/t20260909_27292692.htm,,,,,2026年09月09日 09:35,,,,,1334.88
市辖区,西章胡同9号院,010-83083702,中央国家机关政府采购中心,,"科技部信息中心2026年度商用密码基础设施优化完善采购项目采购文件.pdf,中标通知书.zip,投标人得分排序表.doc,北京海泰方圆科技股份有限公司中小企业声明函.pdf,北京海泰方圆科技股份有限公司残疾人福利性单位声明函.pdf,北京海泰方圆科技股份有限公司关于符合本国产品标准的声明函.pdf","[{""attach_name"": ""科技部信息中心2026年度商用密码基础设施优化完善采购项目采购文件.pdf"", ""attach_url"": ""https://download.ccgp.gov.cn/oss/download?uuid=4f230d6c-47f0-4f20-b34c-846eb7""}, {""attach_name"": ""中标通知书.zip"", ""attach_url"": ""https://download.ccgp.gov.cn/oss/download?uuid=ae0d5655-41da-463e-a413-1881f1""}, {""attach_name"": ""投标人得分排序表.doc"", ""attach_url"": ""https://download.ccgp.gov.cn/oss/download?uuid=65cf91e3-2430-4dd0-8a36-00a436""}, {""attach_name"": ""北京海泰方圆科技股份有限公司中小企业声明函.pdf"", ""attach_url"": ""https://download.ccgp.gov.cn/oss/download?uuid=24b4018e-318b-42ac-9dd1-a4cc0c""}, {""attach_name"": ""北京海泰方圆科技股份有限公司残疾人福利性单位声明函.pdf"", ""attach_url"": ""https://download.ccgp.gov.cn/oss/download?uuid=7df4edd0-9bda-40de-867c-81da11""}, {""attach_name"": ""北京海泰方圆科技股份有限公司关于符合本国产品标准的声明函.pdf"", ""attach_url"": ""https://download.ccgp.gov.cn/oss/download?uuid=54d282ce-bf8d-4507-8d2f-8080fb""}]",,,北京市海淀区复兴路乙15号B段,010-58881071,科学技术部信息中心,,,,2026-09-09 15:21:50,"梁建,马燕生,齐晓巍,张庆,曾德刚",科技部信息中心2026年度商用密码基础设施优化完善采购项目中标公告,中标公告,https://www.ccgp.gov.cn/cggg/zygg/zbgg/./202609/t20260909_27292601.htm,,,,,2026年09月09日 09:20,,,,,109.0
市辖区,西章胡同9号院,010-83083702,中央国家机关政府采购中心,,"中标通知书.zip,阿里云计算有限公司中小企业声明函.pdf,最高人民法院“一张网”云资源租赁采购项目采购文件.pdf,投标人得分排序表.doc,阿里云计算有限公司残疾人福利性单位声明函.pdf","[{""attach_name"": ""中标通知书.zip"", ""attach_url"": ""https://download.ccgp.gov.cn/oss/download?uuid=4307428f-d922-4ef1-a597-afd34e""}, {""attach_name"": ""阿里云计算有限公司中小企业声明函.pdf"", ""attach_url"": ""https://download.ccgp.gov.cn/oss/download?uuid=a0f4bc7f-3f58-43ce-b8e6-537943""}, {""attach_name"": ""最高人民法院“一张网”云资源租赁采购项目采购文件.pdf"", ""attach_url"": ""https://download.ccgp.gov.cn/oss/download?uuid=ccbcf4bd-7a49-4202-b58d-9075ae""}, {""attach_name"": ""投标人得分排序表.doc"", ""attach_url"": ""https://download.ccgp.gov.cn/oss/download?uuid=dadecd15-88f7-4b90-9f27-35a3bc""}, {""attach_name"": ""阿里云计算有限公司残疾人福利性单位声明函.pdf"", ""attach_url"": ""https://download.ccgp.gov.cn/oss/download?uuid=c74f53e0-4f3a-4518-8df8-3965d5""}]",,,北京市东城区东交民巷27号,010-67557312,中华人民共和国最高人民法院,,,,2026-09-09 15:21:50,"高静涛,孙艳彬,李凤霞,张立明,王志鹏",最高人民法院“一张网”云资源租赁采购项目中标公告,中标公告,https://www.ccgp.gov.cn/cggg/zygg/zbgg/./202609/t20260909_27292599.htm,,,,,2026年09月09日 09:20,,,,,187.981058
浙江省,杭州市西湖区玉古路173号中田大厦21楼,陈宵、王娜、姜海军，0571-87666119,浙江求是招标代理有限公司,,9.8AM QSZBA260227ZGGK 浙江大学医学院科研楼A座装修工程 [定稿].docx,"[{""attach_name"": ""9.8AM QSZBA260227ZGGK 浙江大学医学院科研楼A座装修工程 [定稿].docx"", ""attach_url"": ""https://download.ccgp.gov.cn/oss/download?uuid=F491AE122E4E5DBCCE0A2954C23868""}]",,,浙江省杭州市余杭塘路866号,史老师，0571-88981195，采购部门邮箱：cgzx1@zju.edu.cn,浙江大学,,,,2026-09-09 15:21:50,"唐轶繁、胡淑贞、李剑峰、徐能铭、郑钧国、刘有恃（采购人代表）、冯真（采购人代表）
备注：评审专家从浙江省政府采购专家库中抽取。",浙江大学医学院科研楼A座装修工程中标公告,中标公告,https://www.ccgp.gov.cn/cggg/zygg/zbgg/./202609/t20260909_27292546.htm,,,,,2026年09月09日 09:14,,,,,3319.9677
北京市,北京市东城区崇文门外大街90号,马若莎、李萌、李丁 67169727,北京市京发招标有限公司,,"定稿 中国医学科学院基础医学研究所2026年呼吸和共病全国重点实验室设备采购项目第二次 招标文件.pdf,9、中标结果公告.pdf","[{""attach_name"": ""定稿 中国医学科学院基础医学研究所2026年呼吸和共病全国重点实验室设备采购项目第二次 招标文件.pdf"", ""attach_url"": ""https://download.ccgp.gov.cn/oss/download?uuid=3B5E6C20FF9EB28EB9E425C79632D0""}, {""attach_name"": ""9、中标结果公告.pdf"", ""attach_url"": ""https://download.ccgp.gov.cn/oss/download?uuid=D5369B18CC61FF1819B2C41916117E""}]",,,北京市东城区东单三条5号,张心怡 69156927转605,中国医学科学院基础医学研究所,,,,2026-09-09 15:21:50,俞建新、张永祥、郭奋、陈双叶、宋美月,中国医学科学院基础医学研究所2026年呼吸和共病全国重点实验室设备采购项目中标公告,中标公告,https://www.ccgp.gov.cn/cggg/zygg/zbgg/./202609/t20260909_27292510.htm,,,,,2026年09月09日 09:08,,,,,139.8
江苏省,南京市鼓楼区镇江路13号,王雅思，15895877258,江苏中博通信有限公司,,采购文件.pdf,"[{""attach_name"": ""采购文件.pdf"", ""attach_url"": ""https://download.ccgp.gov.cn/oss/download?uuid=4A27948AA947E19AD82DE10B9DDB89""}]",,,南京市建邺区雨顺路8号,何工，025-52698088,江苏省气象探测中心,,,,2026-09-09 15:21:50,李桂洪、储著华、管丽华、朱丽丽、王锰（采购人代表）,江苏省气象探测中心2026年-2027年江苏省风廓线雷达维护保障项目中标公告,中标公告,https://www.ccgp.gov.cn/cggg/zygg/zbgg/./202609/t20260909_27292480.htm,,,,,2026年09月09日 09:02,,,,,187.0
湖南省,长沙市雨花区时代阳光大道西388号轻盐阳光CEO大厦A座10楼,周磊、陈凯伊、许春媛、谭子林、崔鹏、潘伟 0731-84452348、84405538,湖南建业管理咨询有限公司,,附件.rar,"[{""attach_name"": ""附件.rar"", ""attach_url"": ""https://download.ccgp.gov.cn/oss/download?uuid=7561B7B7B67066D4B491F7C6A41A8D""}]",,,湖南省长沙市岳麓区麓山南路,彭老师 0731-88821512,湖南大学,,,,2026-09-09 15:21:50,周延东（主任评委）、蒋仲君、曹蕾、肖志夫、刘见,湖南大学JY-2026055货物及服务采购项目中标公告,中标公告,https://www.ccgp.gov.cn/cggg/zygg/zbgg/./202609/t20260909_27292471.htm,,,,,2026年09月09日 09:00,,,,,157.8459
湖南省,长沙市雨花区时代阳光大道西388号轻盐阳光CEO大厦A座10楼,周磊、陈凯伊、许春媛、谭子林、崔鹏、潘伟 0731-84452348、84405538,湖南建业管理咨询有限公司,,附件.rar,"[{""attach_name"": ""附件.rar"", ""attach_url"": ""https://download.ccgp.gov.cn/oss/download?uuid=30FF3DF7C91D5CF413CA437692EA1A""}]",,,湖南省长沙市岳麓区麓山南路,彭老师 0731-88821512,湖南大学,,,,2026-09-09 15:21:51,周延东（主任评委）、蒋仲君、曹蕾、肖志夫、刘见,湖南大学JY-2026056货物及服务采购项目中标公告,中标公告,https://www.ccgp.gov.cn/cggg/zygg/zbgg/./202609/t20260909_27292473.htm,,,,,2026年09月09日 09:00,,,,,112.3814
北京市,北京市海淀区海淀大街8号中钢国际广场16层,马娟娟、王建莉、聂娅琼010-62688223（获取文件、发票咨询）、010-62688213（项目问询）、wangjl5@sstc20.com（项目问询）,中钢招标有限责任公司,,"2641STC72903_中标结果公告及中小企业声明函.docx,招标文件-中国科学技术信息研究所2026年度NSTL网络服务系统建设项目.pdf","[{""attach_name"": ""2641STC72903_中标结果公告及中小企业声明函.docx"", ""attach_url"": ""https://download.ccgp.gov.cn/oss/download?uuid=F5C6C147406B8D55444A90069CD9FE""}, {""attach_name"": ""招标文件-中国科学技术信息研究所2026年度NSTL网络服务系统建设项目.pdf"", ""attach_url"": ""https://download.ccgp.gov.cn/oss/download?uuid=FF21B4ACD9BF78390422A84711FB7F""}]",,,孟老师010-58882427,北京市海淀区复兴路15号,中国科学技术信息研究所,,,,2026-09-09 15:21:51,张宁、蓝丽梅、奉旭辉、桂婕、付超,中国科学技术信息研究所2026年度NSTL网络服务系统建设项目中标公告,中标公告,https://www.ccgp.gov.cn/cggg/zygg/zbgg/./202609/t20260909_27292463.htm,,,,,2026年09月09日 08:58,,,,,569.5
市辖区,西安市雁塔区电子三路西京国际电气中心A座904,王工、郭工、029-88895769,圣弘建设股份有限公司,,"二标段成交单位清单.doc,8.13  招标文件--西安海关技术中心2026年度试剂耗材采购项目(1).pdf,一标段成交单位清单.doc,三标段成交单位清单.doc","[{""attach_name"": ""二标段成交单位清单.doc"", ""attach_url"": ""https://download.ccgp.gov.cn/oss/download?uuid=A566617AA4A25F86CF2560F7BA3193""}, {""attach_name"": ""8.13  招标文件--西安海关技术中心2026年度试剂耗材采购项目(1).pdf"", ""attach_url"": ""https://download.ccgp.gov.cn/oss/download?uuid=E29C20D70B27F72D01FF882CA71E0A""}, {""attach_name"": ""一标段成交单位清单.doc"", ""attach_url"": ""https://download.ccgp.gov.cn/oss/download?uuid=2E960DF9D1CA4D8B2AAE019E193583""}, {""attach_name"": ""三标段成交单位清单.doc"", ""attach_url"": ""https://download.ccgp.gov.cn/oss/download?uuid=162857C79ECBE394DB3BA990816C9B""}]",,,西安市碑林区含光北路10号,施老师、029-61285516,西安海关技术中心,,,,2026-09-09 15:21:51,薛凯、窦惠茹、朱参胜、王苏民、郭伟,西安海关技术中心2026年度试剂耗材采购项目中标公告,中标公告,https://www.ccgp.gov.cn/cggg/zygg/zbgg/./202609/t20260909_27292427.htm,,,,,2026年09月09日 08:40,,,,,49.93788
北京市,北京市海淀区海淀大街8号中钢国际广场16层,010-62688251,中钢招标有限责任公司,,"3-2641STC73208(01-04)-结果公告-中国药品检定研究院2026年专项设备购置第三批.docx,公开招标-中国药品检定研究院2026年专项设备购置第三批.pdf","[{""attach_name"": ""3-2641STC73208(01-04)-结果公告-中国药品检定研究院2026年专项设备购置第三批.docx"", ""attach_url"": ""https://download.ccgp.gov.cn/oss/download?uuid=411A5F49A17C4080F2FCD2402EFA9E""}, {""attach_name"": ""公开招标-中国药品检定研究院2026年专项设备购置第三批.pdf"", ""attach_url"": ""https://download.ccgp.gov.cn/oss/download?uuid=8C0617B36A70D1FF1AB0936E5D8B4B""}]",,,北京市大兴区华佗路31号,肖老师，010-53852873,中国食品药品检定研究院,,,,2026-09-09 15:21:51,刘京华、赖文川、刘三江、钮文良、林岩、谢丽华（01包）、方鑫（01包）、王云鹏（02包）、史新昌（02包）、李康（03包）、闫建功（03包）、杜加亮（04包）、朱俐（04包）,中国药品检定研究院2026年专项设备购置第三批中标公告,中标公告,https://www.ccgp.gov.cn/cggg/zygg/zbgg/./202609/t20260909_27292424.htm,,,,,2026年09月09日 08:38,,,,,1185.335
广州市,北京市海淀区丹棱街1号互联网金融中心20层,迟兆洋、叶明、林杨婷、王宸极、李飒、020-87001523、0769-26627023,东方国际招标有限责任公司,,"关于符合本国产品标准的声明函-天津诺禾致源生物信息科技有限公司.pdf,关于符合本国产品标准的成本占比承诺函-天津诺禾致源生物信息科技有限公司.pdf,_0298葛洪系统二期采购项目【0817】发布稿.docx","[{""attach_name"": ""关于符合本国产品标准的声明函-天津诺禾致源生物信息科技有限公司.pdf"", ""attach_url"": ""https://download.ccgp.gov.cn/oss/download?uuid=02BCC49496B28D501F8B67D6B30C93""}, {""attach_name"": ""关于符合本国产品标准的成本占比承诺函-天津诺禾致源生物信息科技有限公司.pdf"", ""attach_url"": ""https://download.ccgp.gov.cn/oss/download?uuid=985C3D111135CFFEA7C91DF64142C0""}, {""attach_name"": ""_0298葛洪系统二期采购项目【0817】发布稿.docx"", ""attach_url"": ""https://download.ccgp.gov.cn/oss/download?uuid=079DFAEF01BA1F2641232646EE2126""}]",,,广东省广州市海珠区广州国际生物岛星岛环北路9号,位老师020-89806606（6057）,zycgr22011901,,,,2026-09-09 15:21:51,俞鹤伟（专家组长）、尤德强、廖光华、周铭杰、鲁彬、张芷卉（用户代表）、朱燕（用户代表）,ZYCGR22011901葛洪系统二期采购项目中标公告,中标公告,https://www.ccgp.gov.cn/cggg/zygg/zbgg/./202609/t20260908_27291749.htm,,,,,2026年09月08日 22:06,,,,,3781.24
武汉市,武汉市洪山区书城路170号SBI创意大厦1303室,汪沛、高欣、孙文鲜、张翠粉、马振伟027-87820228,法正项目管理集团有限公司,,定稿-HW20260337--华中科技大学国产化网络安全设备采购项目.docx,"[{""attach_name"": ""定稿-HW20260337--华中科技大学国产化网络安全设备采购项目.docx"", ""attach_url"": ""https://download.ccgp.gov.cn/oss/download?uuid=525AC8EAE3E6DDE8C3034A64387E76""}]",,,湖北省武汉市珞喻路1037号华中科技大学主校区南九楼308室,李老师、027-87540659,华中科技大学,,,,2026-09-09 15:21:51,李新平、王建国、蔡小勇、黄丽萍、刘恋（采购人代表）,华中科技大学国产化网络安全设备采购项目(包1）中标结果公告,中标公告,https://www.ccgp.gov.cn/cggg/zygg/zbgg/./202609/t20260908_27291743.htm,,,,,2026年09月08日 22:02,,,,,237.0
西安市,西安市雁塔区雁翔路111号赛格·中京坊公寓A座1单元二层,李亚男、王真、杜航、任甜 029-88489979-8104,陕西隆信项目管理有限公司,,"20260817招标文件--陕西师范大学人工智能通识教育实验系统+V1【发布最终稿】.pdf,中小企业声明函.pdf,本国产品声明函.pdf","[{""attach_name"": ""20260817招标文件--陕西师范大学人工智能通识教育实验系统+V1【发布最终稿】.pdf"", ""attach_url"": ""https://download.ccgp.gov.cn/oss/download?uuid=5C4F1160595C2A52491B912D1BC8DF""}, {""attach_name"": ""中小企业声明函.pdf"", ""attach_url"": ""https://download.ccgp.gov.cn/oss/download?uuid=2ED16AE332141D0C90133F9C98B6B2""}, {""attach_name"": ""本国产品声明函.pdf"", ""attach_url"": ""https://download.ccgp.gov.cn/oss/download?uuid=64DE38176777CB7999B02B019C3199""}]",,,西安市长安区西长安街620号,曹睿、李婷 029-85310696,陕西师范大学,,,,2026-09-09 15:21:51,吕印庄、薛淑磊、张文弓、毛仲臻、仉万江、强雪（采购人代表）、马君亮（采购人代表）,陕西师范大学人工智能通识教育实验系统中标公告,中标公告,https://www.ccgp.gov.cn/cggg/zygg/zbgg/./202609/t20260908_27291647.htm,,,,,2026年09月08日 21:11,,,,,114.5
上海市,上海市普陀区长寿路285号恒达大厦16楼,应贇豪、穆目、孙瑞强，021-32557809、32557811，传真：021-32557272，电子邮箱：yyh@shbid.com,上海机电设备招标有限公司,,"招标文件f3353.zip,分项报价.zip","[{""attach_name"": ""招标文件f3353.zip"", ""attach_url"": ""https://download.ccgp.gov.cn/oss/download?uuid=075ECABA4DEF17F172F0153734137A""}, {""attach_name"": ""分项报价.zip"", ""attach_url"": ""https://download.ccgp.gov.cn/oss/download?uuid=24ED7E3671B9CA46F9A363937748DE""}]",,,上海市徐汇区东安路270号,钱稳吉、刘雁冰 021-64175590,复旦大学附属肿瘤医院,,,,2026-09-09 15:21:51,董天祯、王帅、蒋建军、赵毅、厉励,复旦大学附属肿瘤医院信息技术应用创新项目中标公告,中标公告,https://www.ccgp.gov.cn/cggg/zygg/zbgg/./202609/t20260908_27291563.htm,,,,,2026年09月08日 20:46,,,,,320.0
合肥市,合肥市包河区紫云路888号,"应急客服电话：0551-62220153（接听时间：8:30-12:00,13:30-17:30，节假日除外。潜在投标人应优先拨打项目联系人联系电话，无人接听时再拨打该“应急客服电话”）",安徽省招标集团股份有限公司,,永磁波荡器中标结果公告附件.zip,"[{""attach_name"": ""永磁波荡器中标结果公告附件.zip"", ""attach_url"": ""https://download.ccgp.gov.cn/oss/download?uuid=F9B8F67CC94F04211AF18CC827F5B9""}]",,,安徽省合肥市,苗老师 0551-65099990,zycgr21070801,,,,2026-09-09 15:21:51,常云、胡爱娟、刘明珠、段剑伟、董自强,某实验室永磁波荡器中标公告,中标公告,https://www.ccgp.gov.cn/cggg/zygg/zbgg/./202609/t20260908_27291524.htm,,,,,2026年09月08日 20:31,,,,,745.0
上海市,上海市宁波路1号11楼,陈忆青、朱佳凝021-63230480转8616,上海东松医疗科技股份有限公司,,262430-招标文件-发售稿.pdf,"[{""attach_name"": ""262430-招标文件-发售稿.pdf"", ""attach_url"": ""https://download.ccgp.gov.cn/oss/download?uuid=C0D0F30816DE5506BFF74AFF2CEC03""}]",,,上海市汾阳路83号,许老师 021-64331573,复旦大学附属眼耳鼻喉科医院,,,,2026-09-09 15:21:51,邵蕾、徐威毅、张立、瞿春芳、谢修璀、郝胜、王士强（采购人代表）,复旦大学附属眼耳鼻喉科医院玻切超乳一体机中标公告,中标公告,https://www.ccgp.gov.cn/cggg/zygg/zbgg/./202609/t20260908_27291467.htm,,,,,2026年09月08日 20:17,,,,,149.0
上海市,上海市黄浦区宁波路1号11楼,陈忆青、朱佳凝021-63230480转8616,上海东松医疗科技股份有限公司,,262436-招标文件-发售稿.pdf,"[{""attach_name"": ""262436-招标文件-发售稿.pdf"", ""attach_url"": ""https://download.ccgp.gov.cn/oss/download?uuid=D04D003927479D6278207BE432A870""}]",,,上海市汾阳路83号,许老师 021-64331573,复旦大学附属眼耳鼻喉科医院,,,,2026-09-09 15:21:51,邵蕾、徐威毅、张立、瞿春芳、谢修璀、郝胜、王士强（采购人代表）,复旦大学附属眼耳鼻喉科医院眼前节测量评估系统中标公告,中标公告,https://www.ccgp.gov.cn/cggg/zygg/zbgg/./202609/t20260908_27291469.htm,,,,,2026年09月08日 20:16,,,,,328.0
上海市,上海市黄浦区宁波路1号11楼,陈忆青、朱佳凝021-63230480转8616,上海东松医疗科技股份有限公司,,262435-招标文件-发售稿.pdf,"[{""attach_name"": ""262435-招标文件-发售稿.pdf"", ""attach_url"": ""https://download.ccgp.gov.cn/oss/download?uuid=0C3F693574ADCCFFBCFFDAB58DFD96""}]",,,上海市汾阳路83号,许老师 021-64331573,复旦大学附属眼耳鼻喉科医院,,,,2026-09-09 15:21:51,邵蕾、徐威毅、张立、瞿春芳、谢修璀、郝胜、王士强（采购人代表）,复旦大学附属眼耳鼻喉科医院内窥镜摄像系统中标公告,中标公告,https://www.ccgp.gov.cn/cggg/zygg/zbgg/./202609/t20260908_27291455.htm,,,,,2026年09月08日 20:15,,,,,402.0
上海市,上海市黄浦区宁波路1号11楼,陈忆青、朱佳凝021-63230480转8616,上海东松医疗科技股份有限公司,,262434-招标文件-发售稿.pdf,"[{""attach_name"": ""262434-招标文件-发售稿.pdf"", ""attach_url"": ""https://download.ccgp.gov.cn/oss/download?uuid=8B258FAC24263D142383CD628FFCE4""}]",,,上海市汾阳路83号,许老师 021-64331573,复旦大学附属眼耳鼻喉科医院,,,,2026-09-09 15:21:51,邵蕾、徐威毅、张立、瞿春芳、谢修璀、郝胜、王士强（采购人代表）,复旦大学附属眼耳鼻喉科医院3D4K内窥镜摄像系统中标公告,中标公告,https://www.ccgp.gov.cn/cggg/zygg/zbgg/./202609/t20260908_27291459.htm,,,,,2026年09月08日 20:15,,,,,245.0
上海市,上海市宁波路1号11楼,陈忆青、朱佳凝,上海东松医疗科技股份有限公司,,262433-招标文件-发售稿 .pdf,"[{""attach_name"": ""262433-招标文件-发售稿 .pdf"", ""attach_url"": ""https://download.ccgp.gov.cn/oss/download?uuid=8C1AA7F4280D208BA1AAEC729845DC""}]",,,上海市汾阳路83号,许老师 021-64331573,复旦大学附属眼耳鼻喉科医院,,,,2026-09-09 15:21:51,邵蕾、徐威毅、张立、瞿春芳、谢修璀、郝胜、王士强（采购人代表）,复旦大学附属眼耳鼻喉科医院4K超高清摄像系统中标公告,中标公告,https://www.ccgp.gov.cn/cggg/zygg/zbgg/./202609/t20260908_27291457.htm,,,,,2026年09月08日 20:14,,,,,147.0
上海市,上海市宁波路1号11楼,陈忆青、朱佳凝 021-63230480转8616,上海东松医疗科技股份有限公司,,262429-招标文件-发售稿.pdf,"[{""attach_name"": ""262429-招标文件-发售稿.pdf"", ""attach_url"": ""https://download.ccgp.gov.cn/oss/download?uuid=19714CB92B5E479AE9BEBAE3EB5711""}]",,,上海市汾阳路83号,许老师 021-64331573,复旦大学附属眼耳鼻喉科医院,,,,2026-09-09 15:21:51,邵蕾、徐威毅、张立、瞿春芳、谢修璀、郝胜、王士强（采购人代表）,复旦大学附属眼耳鼻喉科医院手术导航系统中标公告,中标公告,https://www.ccgp.gov.cn/cggg/zygg/zbgg/./202609/t20260908_27291444.htm,,,,,2026年09月08日 20:13,,,,,260.0
北京市,北京市丰台区广安路9号院国投财富广场5号楼12A16室,张雅楠、王琛、马瑞芳、刘凯南、吴茹群、张运楠、王菲菲、温滢、郝金阳、于淼，010-52474969,中科信佳（北京）项目管理有限公司,,"北京航空航天大学审计处北航人工智能科研楼、沙河校区学生公寓跟踪审计--招标文件清稿.pdf,中小企业声明函--01包.pdf,北京航空航天大学审计处北航人工智能科研楼、沙河校区学生公寓跟踪审计中标结果公告.docx","[{""attach_name"": ""北京航空航天大学审计处北航人工智能科研楼、沙河校区学生公寓跟踪审计--招标文件清稿.pdf"", ""attach_url"": ""https://download.ccgp.gov.cn/oss/download?uuid=E992084CA571E1E432E67275B207B8""}, {""attach_name"": ""中小企业声明函--01包.pdf"", ""attach_url"": ""https://download.ccgp.gov.cn/oss/download?uuid=7A1388D4B4E12CE60AE85936CCEBE2""}, {""attach_name"": ""北京航空航天大学审计处北航人工智能科研楼、沙河校区学生公寓跟踪审计中标结果公告.docx"", ""attach_url"": ""https://download.ccgp.gov.cn/oss/download?uuid=A6D4A8594E9D94CEBCB8579E91166B""}]",,,北京市海淀区学院路 37 号,张老师，010-82315371,北京航空航天大学,,,,2026-09-09 15:21:52,刘学锋、袁志锋、郭祥、王艳凤、张丽花（采购人代表/审计处副处长）,北京航空航天大学审计处北航人工智能科研楼、沙河校区学生公寓跟踪审计中标结果公告,中标公告,https://www.ccgp.gov.cn/cggg/zygg/zbgg/./202609/t20260908_27291312.htm,,,,,2026年09月08日 19:49,,,,,0.0
北京市,北京市海淀区中关村南大街9号理工科技大厦20层2003室,王颖杰 电话：010-88312806,中国仪器进出口集团有限公司,,国家中医药传承创新中心建设项目（第二十五批）-招标文件-发售.pdf,"[{""attach_name"": ""国家中医药传承创新中心建设项目（第二十五批）-招标文件-发售.pdf"", ""attach_url"": ""https://download.ccgp.gov.cn/oss/download?uuid=291E45D6164019E12C4A727B8F9F32""}]",,,北京市西城区北线阁5号,臧老师：010-88001233,中国中医科学院广安门医院,,,,2026-09-09 15:21:52,王丹、单文卫、范平、傅小英、董宇,中国中医科学院广安门医院国家中医药传承创新中心建设项目（第二十五批）中标公告,中标公告,https://www.ccgp.gov.cn/cggg/zygg/zbgg/./202609/t20260908_27290861.htm,,,,,2026年09月08日 18:48,,,,,79.5
北京市,北京市海淀区文慧园北路10号，中教仪总公司,谢杰、刘欣、蒋旭、王磊、施歌、韩寿国、陈清、刘湃010-59893122、010-59893114、010-59893131,北京中教仪国际招标代理有限公司,,329-北京大学化学与分子工程学院超高分辨液质联用仪采购项目-最终.pdf,"[{""attach_name"": ""329-北京大学化学与分子工程学院超高分辨液质联用仪采购项目-最终.pdf"", ""attach_url"": ""https://download.ccgp.gov.cn/oss/download?uuid=D799C825F2B35A1BB0FC5FCE40B62C""}]",,,北京市海淀区颐和园路5号,吴老师010-62758587,北京大学,,,,2026-09-09 15:21:52,张家栋、蔡继勇、李鑫武、周欣、孙敏洁,北京大学化学与分子工程学院超高分辨液质联用仪采购项目中标公告,中标公告,https://www.ccgp.gov.cn/cggg/zygg/zbgg/./202609/t20260908_27290863.htm,,,,,2026年09月08日 18:48,,,,,789.1
湖北省,武汉市武昌区中北路109号中铁1818中心10楼,杨楚君 王丹萍 祝磊 黄雷 洪文金 余轶菲 张锡文 027-87271918,湖北国华项目管理咨询有限公司,,"本国产品声明函-西安中智科仪光电设备有限公司.pdf,中小企业声明函-西安中智科仪光电设备有限公司.pdf,招标文件-武汉大学水风光清洁能源互补运行与控制模拟交叉集成创新支撑中心项目-放电瞬态过程光学高速测量系统-定稿.pdf","[{""attach_name"": ""本国产品声明函-西安中智科仪光电设备有限公司.pdf"", ""attach_url"": ""https://download.ccgp.gov.cn/oss/download?uuid=80076B8C8890A383884A03D9F4A761""}, {""attach_name"": ""中小企业声明函-西安中智科仪光电设备有限公司.pdf"", ""attach_url"": ""https://download.ccgp.gov.cn/oss/download?uuid=946F32BD94ECA3FC7F9AC5DC7E06C3""}, {""attach_name"": ""招标文件-武汉大学水风光清洁能源互补运行与控制模拟交叉集成创新支撑中心项目-放电瞬态过程光学高速测量系统-定稿.pdf"", ""attach_url"": ""https://download.ccgp.gov.cn/oss/download?uuid=4127398E353C96A567247D84EC4CA6""}]",,,湖北省武汉市武昌区八一路,赵老师 027-68754597,武汉大学,,,,2026-09-09 15:21:52,张建军、李蒙、严俊、李发泉、邓冶强（采购人代表）,武汉大学水风光清洁能源互补运行与控制模拟交叉集成创新支撑中心项目-放电瞬态过程光学高速测量系统中标公告,中标公告,https://www.ccgp.gov.cn/cggg/zygg/zbgg/./202609/t20260908_27290848.htm,,,,,2026年09月08日 18:46,,,,,160.0
广东省,广东省广州市越秀区越华路112号珠江国际大厦3楼,020-83187181,广东省政府采购中心,,合同包1：中小企业或残疾人福利单位声明函（广东江禾食品有限公司）.pdf,"[{""attach_name"": ""合同包1：中小企业或残疾人福利单位声明函（广东江禾食品有限公司）.pdf"", ""attach_url"": ""https://download.ccgp.gov.cn/oss/download?uuid=1C61280104E66543F9B88D7B9A227E""}]",,,广东省广州市天河区瘦狗岭路483号,020-87119259,广东省消防救援总队,,,,2026-09-09 15:21:52,吴婷、关汝辑、李海婴、刘芹、左敏？,广东省消防救援总队机关2026至2027年食材采购及配送服务项目中标结果公告,中标公告,https://www.ccgp.gov.cn/cggg/zygg/zbgg/./202609/t20260908_27290797.htm,,,,,2026年09月08日 18:42,,,,,0.0
北京市,北京市丰台区广安路9号国投财富广场6号楼1601室,崔丽洁、赵娜、刘金秀、金珊010-63509799-8038/8078,华采招标集团有限公司,,"ZB1048通用音视频图象文档处理、操作系统和办公软件及服务采购   招标文件  发售版.pdf,1048中标公告.docx","[{""attach_name"": ""ZB1048通用音视频图象文档处理、操作系统和办公软件及服务采购   招标文件  发售版.pdf"", ""attach_url"": ""https://download.ccgp.gov.cn/oss/download?uuid=F6A7814B98DDD0488C9FBDE994C64E""}, {""attach_name"": ""1048中标公告.docx"", ""attach_url"": ""https://download.ccgp.gov.cn/oss/download?uuid=D06500B2FB4E2A15038AD65E8200F3""}]",,,北京市海淀区颐和园路5号,吴老师62758587,北京大学,,,,2026-09-09 15:21:52,张国胜、张英娟、赖文川、沈英琪、李若淼,通用音视频图像文档处理、操作系统和办公软件及服务采购中标公告,中标公告,https://www.ccgp.gov.cn/cggg/zygg/zbgg/./202609/t20260908_27290784.htm,,,,,2026年09月08日 18:41,,,,,129.88
长安区,陕西省西安市长安区郭杜西街41号熙峰广场6楼03、04室,侯美玲、许铖铖、苗增文，17660903000、15264153233、13076005444、18309260068,盛和招标代理有限公司,,"中小企业声明函.pdf,陕西师范大学教育学部未来教师技能实训中心设备采购招标文件pdf.pdf,本国产品声明函.pdf","[{""attach_name"": ""中小企业声明函.pdf"", ""attach_url"": ""https://download.ccgp.gov.cn/oss/download?uuid=FF3B8F9875AED31ADF2CD62925B86A""}, {""attach_name"": ""陕西师范大学教育学部未来教师技能实训中心设备采购招标文件pdf.pdf"", ""attach_url"": ""https://download.ccgp.gov.cn/oss/download?uuid=A91025B91F88B7F6A72857F954EE89""}, {""attach_name"": ""本国产品声明函.pdf"", ""attach_url"": ""https://download.ccgp.gov.cn/oss/download?uuid=AD35F7AF5A8DEB005CA57FC8BD358E""}]",,,陕西省西安市长安区西长安街620号,曹老师、李老师 029-85319096,陕西师范大学,,,,2026-09-09 15:21:52,杨宏、张改慧、王崔峰、高西林、韦小平、杨冬(采购人代表）、门博（采购人代表）,陕西师范大学教育学部未来教师技能实训中心设备采购中标公告,中标公告,https://www.ccgp.gov.cn/cggg/zygg/zbgg/./202609/t20260908_27290664.htm,,,,,2026年09月08日 18:27,,,,,82.1
广东省,广州市越秀区东风中路515号东照大厦5楼,何翠萍、李梦成、钟子融、陶亮、020-66341733、020-66341771,广东省机电设备招标中心有限公司,,"中小企业声明函-西安天伟电子系统工程有限公司.pdf,招标文件（发售稿）-自然资源部南海调查中心2026年第六批采购项目.pdf","[{""attach_name"": ""中小企业声明函-西安天伟电子系统工程有限公司.pdf"", ""attach_url"": ""https://download.ccgp.gov.cn/oss/download?uuid=DC7AE4920D2FD3D6E4B3222C99755C""}, {""attach_name"": ""招标文件（发售稿）-自然资源部南海调查中心2026年第六批采购项目.pdf"", ""attach_url"": ""https://download.ccgp.gov.cn/oss/download?uuid=F21E151BDFCD1EADAB33D95971DFF2""}]",,,广东省广州市海珠区新港西路155号之一,郑工 联系电话:020-84191240,自然资源部南海调查中心,,,,2026-09-09 15:21:52,谭新建、陈学文、唐伟中、孙新萍、刘长建。,自然资源部南海调查中心2026年第六批采购项目中标结果公告,中标公告,https://www.ccgp.gov.cn/cggg/zygg/zbgg/./202609/t20260908_27290643.htm,,,,,2026年09月08日 18:25,,,,,589.0
福州市,福建省福州市鼓楼区杨桥中路柳桥巷10号陆庄庭苑4#楼13层北区,林瑞芳 0591-28661017/22298911,福建融招项目管理有限公司,,附件.zip,"[{""attach_name"": ""附件.zip"", ""attach_url"": ""https://download.ccgp.gov.cn/oss/download?uuid=8C6B48FAA7394C41C7AC64CAF2A030""}]",,,福建省福州市鼓楼区北环西路68号,余警官 0591-87086671,中华人民共和国福州出入境边防检查站,,,,2026-09-09 15:21:52,黄致铃、胡腾旭、郑  芳、李劲松、余凌锋（采购人代表）,厦门边检总站福州边检站食堂餐饮外包服务采购项目中标公告,中标公告,https://www.ccgp.gov.cn/cggg/zygg/zbgg/./202609/t20260908_27290644.htm,,,,,2026年09月08日 18:25,,,,,220.4562
滨湖区,无锡市新吴区江溪街道金城东路9号606室,杨勇超、刘祥18861558989,江苏鸿成工程项目管理有限公司,,中小企业声明函.png,"[{""attach_name"": ""中小企业声明函.png"", ""attach_url"": ""https://download.ccgp.gov.cn/oss/download?uuid=505DFE98890BB1A5763E134D053837""}]",,,无锡市蠡湖大道1800号,王老师0510-85919867,江南大学,,,,2026-09-09 15:21:52,包文玉、徐建功、邵卫国、刘月芹、吴佩龙、张同林、王溢华（采购人代表）,江南大学食品营养与人体健康学科交叉中心大楼项目监理中标公告,中标公告,https://www.ccgp.gov.cn/cggg/zygg/zbgg/./202609/t20260908_27290636.htm,,,,,2026年09月08日 18:24,,,,,205.44
湖北省,湖北省武汉市武昌区东湖西路特2号平安财富中心B座6-10楼,袁金钰、谭韫、卢旭、刘李鹏、郭涵度；027-87816666-8212/8206、17871747814、y_20250716@163.com,湖北省成套招标股份有限公司,,【终稿】263018同济医院频闪喉镜.pdf,"[{""attach_name"": ""【终稿】263018同济医院频闪喉镜.pdf"", ""attach_url"": ""https://download.ccgp.gov.cn/oss/download?uuid=0D519707646F3D20C026C514B8BA7E""}]",,,湖北省武汉市解放大道1095号,冉主任，027-83662896,华中科技大学同济医学院附属同济医院,,,,2026-09-09 15:21:52,李自微（组长）、范文、段守勤、沈会星、余洋（采购人代表）,华中科技大学同济医学院附属同济医院频闪喉镜采购项目中标公告,中标公告,https://www.ccgp.gov.cn/cggg/zygg/zbgg/./202609/t20260908_27290624.htm,,,,,2026年09月08日 18:23,,,,,79.3
湖北省,湖北省武汉市武昌区东湖西路特2号平安财富中心B座6-10楼,袁金钰、谭韫、刘李鹏、郭涵度；027-87816666-8212/8206、17871747814、y_20250716@163.com,湖北省成套招标股份有限公司,,"【终稿】262525 同济医院药品分装机.pdf,附件.pdf","[{""attach_name"": ""【终稿】262525 同济医院药品分装机.pdf"", ""attach_url"": ""https://download.ccgp.gov.cn/oss/download?uuid=8CF8F421A4C57B346A5A4B77F1BAB9""}, {""attach_name"": ""附件.pdf"", ""attach_url"": ""https://download.ccgp.gov.cn/oss/download?uuid=EC8D0C02EEBEA14FDDD75E47D23247""}]",,,湖北省武汉市解放大道1095号,冉主任，027-83662896,华中科技大学同济医学院附属同济医院,,,,2026-09-09 15:21:52,贵敏（组长）、张绍青、孙培、黄鹤、汤莹（采购人代表）,华中科技大学同济医学院附属同济医院药品分装机采购项目中标公告,中标公告,https://www.ccgp.gov.cn/cggg/zygg/zbgg/./202609/t20260908_27290621.htm,,,,,2026年09月08日 18:23,,,,,68.0
北京市,北京市东城区朝内大街南竹杆胡同6号北京INN3号楼9层,戴翔、贾洋 010-65173825,北京汇诚金桥国际招标咨询有限公司,,"中小企业声明函.png,（发售版）大兴校区基本伙餐厅与教工餐厅劳务人员服务项目.pdf","[{""attach_name"": ""中小企业声明函.png"", ""attach_url"": ""https://download.ccgp.gov.cn/oss/download?uuid=A8CDBD0F98588C6C59997BCE02E409""}, {""attach_name"": ""（发售版）大兴校区基本伙餐厅与教工餐厅劳务人员服务项目.pdf"", ""attach_url"": ""https://download.ccgp.gov.cn/oss/download?uuid=33D64B86AB44CA8BAB020A5834F030""}]",,,北京市大兴区科苑东路1号,杨老师 010-80206954,民政职业大学,,,,2026-09-09 15:21:52,米纪英、丁学军、金莎、辛颖、李武,大兴校区基本伙餐厅与教工餐厅劳务人员服务项目中标公告,中标公告,https://www.ccgp.gov.cn/cggg/zygg/zbgg/./202609/t20260908_27290589.htm,,BJJQ-2026-581,,,2026年09月08日 18:20,,,,,284.5
平谷区,北京市海淀区万柳光大西园6号楼0188,申耀朋13651356671,北京科技园拍卖招标有限公司,,,,,,北京市海淀区圆明园西路2号,王馨悦010-62732813,中国农业大学,,,,2026-09-09 15:21:52,黄斌、李洪厂、洪霞、吕书民、段德朝、吕祎文、皇甫国胜,中国农业大学国家农业科技创新港人才培养组团施工中标公告,中标公告,https://www.ccgp.gov.cn/cggg/zygg/zbgg/./202609/t20260908_27290593.htm,,,,,2026年09月08日 18:20,,,,,46047.813067
北京市,北京市丰台区广安路国投财富广场5号楼12A16室,王琛，张雅楠，吴茹群，温滢010-52474969,中科信佳（北京）项目管理有限公司,,,,,,北京市海淀区圆明园西路2号,王馨悦010-62732813,中国农业大学,,,,2026-09-09 15:21:52,1.张*钢、2.余*、3.孙*、4.汪*辉、5.陈*伟、6.袁*、7.皇**胜,中国农业大学国家农业科技创新港国际农业与全球发展创新基地施工中标公告,中标公告,https://www.ccgp.gov.cn/cggg/zygg/zbgg/./202609/t20260908_27290557.htm,,,,,2026年09月08日 18:19,,,,,47925.098505
西安市,陕西省西安市长安区郭杜西街41号熙峰广场6楼03、04室,侯美玲、许铖铖、苗增文，17660903000、15264153233、13076005444、18309260068,盛和招标代理有限公司,,"本国产品声明函.pdf,陕西师范大学比表面孔径测定设备招标文件.pdf,中小企业声明函.pdf","[{""attach_name"": ""本国产品声明函.pdf"", ""attach_url"": ""https://download.ccgp.gov.cn/oss/download?uuid=DC3843B891D9337E67A1ECDD6B362B""}, {""attach_name"": ""陕西师范大学比表面孔径测定设备招标文件.pdf"", ""attach_url"": ""https://download.ccgp.gov.cn/oss/download?uuid=BEF27C9C2E47CD3B9B3F4BE4E9891E""}, {""attach_name"": ""中小企业声明函.pdf"", ""attach_url"": ""https://download.ccgp.gov.cn/oss/download?uuid=FC0B1EED2E1CD5867C4B1642699D6F""}]",,,陕西省西安市长安区西长安街620号,曹老师、李老师 029-85319096,陕西师范大学,,,,2026-09-09 15:21:53,袁挺侠、来水利、李少玲、许诚刚、刘环环（采购人代表）,陕西师范大学比表面孔径测定设备中标公告,中标公告,https://www.ccgp.gov.cn/cggg/zygg/zbgg/./202609/t20260908_27290558.htm,,,,,2026年09月08日 18:19,,,,,39.0
红河县,昆明市盘龙区穿金路205号霖岚广场A座21层2101、2112－2116号,汤润青，13888306560,云南坤丰工程项目管理有限公司,,招标文件20260714105855.docx,"[{""attach_name"": ""招标文件20260714105855.docx"", ""attach_url"": ""https://download.ccgp.gov.cn/oss/download?uuid=4F31BDB604AE57B663B698C093AD26""}]",,,云南省昆明市蓝黑路132号,韩老师，0871-65223079,中国科学院昆明植物研究所,,,,2026-09-09 15:21:53,黄丽荣、刘剑波、旷文良、周晔、赵书学、汪贵芳、陈渝萍、田志端、李云驹。,红河站观测及试验样地安全防护保障项目（一期）中标公告,中标公告,https://www.ccgp.gov.cn/cggg/zygg/zbgg/./202609/t20260908_27290564.htm,,,,,2026年09月08日 18:18,,,,,712.608985
厦门市,厦门市思明区厦禾路1032号（中外运大厦A幢）2001单元,吴枝华、叶郑乐、邱丹婷0592-5889568,福建惠众项目管理有限公司,,中小企业声明函.pdf,"[{""attach_name"": ""中小企业声明函.pdf"", ""attach_url"": ""https://download.ccgp.gov.cn/oss/download?uuid=BADBD8BC4798E894B7F41E55C7C724""}]",,,厦门市海沧区海沧大道19号,韩先生  13799261780,中华人民共和国厦门海事局,,,,2026-09-09 15:21:53,洪艳艳  韩美娇  许慧媛  朱元祥  刘宏琦,中华人民共和国厦门海事局厦门海沧海事处综合保障能力提升-中标公告,中标公告,https://www.ccgp.gov.cn/cggg/zygg/zbgg/./202609/t20260908_27290276.htm,,,,,2026年09月08日 18:01,,,,,138.991747
市辖区,西章胡同9号院,010-83083702,中央国家机关政府采购中心,,"投标人得分排序表.doc,北京大学口腔医院国际口腔医疗器械创新转化基地物业服务采购项目采购文件.pdf,中标通知书.zip,北京佳美世家物业管理有限责任公司中小企业声明函.pdf,北京佳美世家物业管理有限责任公司残疾人福利性单位声明函.pdf","[{""attach_name"": ""投标人得分排序表.doc"", ""attach_url"": ""https://download.ccgp.gov.cn/oss/download?uuid=4390a4f1-4628-47e2-814a-d46ce5""}, {""attach_name"": ""北京大学口腔医院国际口腔医疗器械创新转化基地物业服务采购项目采购文件.pdf"", ""attach_url"": ""https://download.ccgp.gov.cn/oss/download?uuid=b00b58b7-6142-4576-ab0b-4c9b0c""}, {""attach_name"": ""中标通知书.zip"", ""attach_url"": ""https://download.ccgp.gov.cn/oss/download?uuid=c0514bd5-0686-4643-adc5-2560c7""}, {""attach_name"": ""北京佳美世家物业管理有限责任公司中小企业声明函.pdf"", ""attach_url"": ""https://download.ccgp.gov.cn/oss/download?uuid=b06d097e-ac68-415b-885d-81eb07""}, {""attach_name"": ""北京佳美世家物业管理有限责任公司残疾人福利性单位声明函.pdf"", ""attach_url"": ""https://download.ccgp.gov.cn/oss/download?uuid=d8a6bfe8-30bd-4059-90ea-686a32""}]",,,中关村南大街22号,010-82195809,北京大学口腔医院,,,,2026-09-09 15:21:53,"刁建硕,徐亚丽,徐明明,郭小凤,王秀华",北京大学口腔医院国际口腔医疗器械创新转化基地物业服务采购项目中标公告,中标公告,https://www.ccgp.gov.cn/cggg/zygg/zbgg/./202609/t20260908_27290204.htm,,,,,2026年09月08日 17:50,,,,,481.572
新疆维吾尔自治区,乌鲁木齐经济技术开发区九方财富广场 A 座 525 室,代旭、高娟、王金花、文静 13150331012（工作业务电话）,新疆元泓工程项目管理咨询有限公司,,"中小企业声明函.pdf,招标文件-中华人民共和国霍尔果斯海关物业服务采购项目.pdf","[{""attach_name"": ""中小企业声明函.pdf"", ""attach_url"": ""https://download.ccgp.gov.cn/oss/download?uuid=E79B6044DDF853216EE4F345F618AF""}, {""attach_name"": ""招标文件-中华人民共和国霍尔果斯海关物业服务采购项目.pdf"", ""attach_url"": ""https://download.ccgp.gov.cn/oss/download?uuid=452A5EBDDF42E3E0D9BC824317830C""}]",,,新疆乌鲁木齐市北京南路241号乌鲁木齐海关机关综合保障楼二楼,乌鲁木齐海关后勤管理中心0991-3627249（工作业务电话）,乌鲁木齐海关后勤管理中心,,,,2026-09-09 15:21:53,李长燕、李广迪、王莉、葛东苗、兰玉婵（招标人代表）,中华人民共和国霍尔果斯海关物业服务采购项目中标公告,中标公告,https://www.ccgp.gov.cn/cggg/zygg/zbgg/./202609/t20260908_27290030.htm,,,,,2026年09月08日 17:49,,,,,197.0
西安市,西安市高新区高新四路1号高科广场A座10楼1001会议室,陈璐、赵倩、刘洪涛029-87304306、029-87304326、029-88364979转857,陕西中技招标有限公司,,"0414关于符合本国产品标准的声明函.pdf,AJ26032（0414）教师提升-测绘仪器虚拟仿真教学系统项目招标文件d.pdf","[{""attach_name"": ""0414关于符合本国产品标准的声明函.pdf"", ""attach_url"": ""https://download.ccgp.gov.cn/oss/download?uuid=69E37D36F6646EF17B80F8DA186E51""}, {""attach_name"": ""AJ26032（0414）教师提升-测绘仪器虚拟仿真教学系统项目招标文件d.pdf"", ""attach_url"": ""https://download.ccgp.gov.cn/oss/download?uuid=9F4006ED08D4B5B3F48A0997861FEE""}]",,,西安市长安区西长安街620号,曹睿、李婷029-85310696,陕西师范大学,,,,2026-09-09 15:21:53,朱洁、宋玉琴、孔祥虹、郭宏昌、陈颢（采购人代表）,陕西师范大学教师提升-测绘仪器虚拟仿真教学系统项目中标公告,中标公告,https://www.ccgp.gov.cn/cggg/zygg/zbgg/./202609/t20260908_27290027.htm,,,,,2026年09月08日 17:49,,,,,42.68
成都市,成都市成华区招商城市主场A座26楼7号,王子蔓，028-85050899,四川承睿建设工程咨询有限公司,,发售-招标文件-基础测绘工程成果第三方质量检验项目（0813） - 副本(1).pdf,"[{""attach_name"": ""发售-招标文件-基础测绘工程成果第三方质量检验项目（0813） - 副本(1).pdf"", ""attach_url"": ""https://download.ccgp.gov.cn/oss/download?uuid=6C2A7140B402617FE419FDA45D3ABE""}]",,,成都市金牛区天龙大道1333号,廖老师；028-63240091,四川测绘地理信息局测绘技术服务中心,,,,2026-09-09 15:21:53,（组长）李姝、（采购人代表）李娜、（成员）黄茂英、黎波、崔凯,四川测绘地理信息局测绘技术服务中心基础测绘工程成果第三方质量检验服务中标公告,中标公告,https://www.ccgp.gov.cn/cggg/zygg/zbgg/./202609/t20260908_27289594.htm,,,,,2026年09月08日 17:33,,,,,15.2235
金水区,郑州市电厂路河南省国家大学科技园（东区）16号楼C座21层,娄利杰、古丹丹0371-63976218,河南英华咨询有限公司,,,,,,河南省郑州市郑东新区商务外环西三街国龙大厦,付浩然0371-69337767,中国证券监督管理委员会河南监管局,,,,2026-09-09 15:21:53,/,河南证监局中央空调更换项目中标候选人公示,中标公告,https://www.ccgp.gov.cn/cggg/zygg/zbgg/./202609/t20260908_27289591.htm,,,,,2026年09月08日 17:33,,,,,165.395933
广东省,广东省广州市越秀区越华路112号珠江国际大厦3楼,020-83186835/83187283（sczx3@gd.gov.cn推荐使用）,广东省政府采购中心,,"分项报价表.pdf,合同包1：中小企业或残疾人福利单位声明函（广东中客食品有限公司）.pdf","[{""attach_name"": ""分项报价表.pdf"", ""attach_url"": ""https://download.ccgp.gov.cn/oss/download?uuid=40A1FDEB0448238AE91A958DE94CD3""}, {""attach_name"": ""合同包1：中小企业或残疾人福利单位声明函（广东中客食品有限公司）.pdf"", ""attach_url"": ""https://download.ccgp.gov.cn/oss/download?uuid=5DF97814107D474FA9629887120608""}]",,,广东省惠州市大亚湾经济技术开发区中兴南路112号,0752-5562729,国家税务总局惠州大亚湾经济技术开发区税务局,,,,2026-09-09 15:21:53,罗成、李树泉（采购人代表）、刘少丹、金美兰、魏利茂,国家税务总局惠州大亚湾经济技术开发区税务局2026-2027年职工食堂食材配送服务项目中标（成交）结果公告,中标公告,https://www.ccgp.gov.cn/cggg/zygg/zbgg/./202609/t20260908_27289585.htm,,,,,2026年09月08日 17:32,,,,,0.0
云南省,云南省昆明市西山区万达广场南塔32层3201号、33层3310号,李腾芳、王彦飞、刁川娇、肖枝莲、王国玺、吴翊0871-65511240、0871-65511241,云南冠睿咨询有限公司,,"（8.17定稿）云南气象信息网络机房运维项目招标文件.pdf,中标结果公告.pdf,中小企业声明函.pdf","[{""attach_name"": ""（8.17定稿）云南气象信息网络机房运维项目招标文件.pdf"", ""attach_url"": ""https://download.ccgp.gov.cn/oss/download?uuid=2121F04AAE6E79518578EBB00AC603""}, {""attach_name"": ""中标结果公告.pdf"", ""attach_url"": ""https://download.ccgp.gov.cn/oss/download?uuid=D9E3BC749CF45015DADA63BFE12273""}, {""attach_name"": ""中小企业声明函.pdf"", ""attach_url"": ""https://download.ccgp.gov.cn/oss/download?uuid=5D187254880300D85D65ADB470B3FD""}]",,,云南省昆明市西昌路77号,周老师 0871-64114100,云南省气象台,,,,2026-09-09 15:21:53,陈真、张正锋、吴腾飞、李丽、周群（采购人代表）,云南气象信息网络机房运维项目中标结果公告,中标公告,https://www.ccgp.gov.cn/cggg/zygg/zbgg/./202609/t20260908_27289545.htm,,,,,2026年09月08日 17:30,,,,,28.8685
云南省,云南省昆明市西山区万达广场南塔32楼3201号、33楼3310号,李腾芳、王彦飞、刁川娇、肖枝莲、王国玺、吴翊 0871-65511240、0871-65511241,云南冠睿咨询有限公司,,"中标结果公告.pdf,（8.17定稿）云南气象信息网络安全运维项目招标文件.pdf,中小企业声明函.pdf","[{""attach_name"": ""中标结果公告.pdf"", ""attach_url"": ""https://download.ccgp.gov.cn/oss/download?uuid=368B9AA5828B4A64E82DC43E65034F""}, {""attach_name"": ""（8.17定稿）云南气象信息网络安全运维项目招标文件.pdf"", ""attach_url"": ""https://download.ccgp.gov.cn/oss/download?uuid=60400B8E4B9F2B0358D8A9262E59C2""}, {""attach_name"": ""中小企业声明函.pdf"", ""attach_url"": ""https://download.ccgp.gov.cn/oss/download?uuid=2AFB0FEE8666801087DB89DB439C40""}]",,,云南省昆明市西昌路77号,周老师  0871-64114100,云南省气象台,,,,2026-09-09 15:21:53,李建凯、方耀、马骏、余彝汪、张思（采购人代表）,云南气象信息网络安全运维项目中标结果公告,中标公告,https://www.ccgp.gov.cn/cggg/zygg/zbgg/./202609/t20260908_27289542.htm,,,,,2026年09月08日 17:30,,,,,14.8
市辖区,西章胡同9号院,010-83083702,中央国家机关政府采购中心,,中标通知书.zip,"[{""attach_name"": ""中标通知书.zip"", ""attach_url"": ""https://download.ccgp.gov.cn/oss/download?uuid=687d08b0-f9c2-493a-a5a5-20d546""}]",,,北京市东城区王府井帅府园1号,010-69154345,中国医学科学院北京协和医院,,,,2026-09-09 15:21:53,不详,中国医学科学院北京协和医院病房改造建设及能力提升项目（东单院区）监理采购项目中标结果公示,中标公告,https://www.ccgp.gov.cn/cggg/zygg/zbgg/./202609/t20260908_27289656.htm,,,,,2026年09月08日 17:30,,,,,233.7977
南京市,南京市中华路50号弘业大厦10楼1008室,戴婷 宋瞰尘 025-52278371,江苏弘业国际技术工程有限公司,,定稿87F东南大学附属中大医院医用直线加速器设备维保服务项目.docx,"[{""attach_name"": ""定稿87F东南大学附属中大医院医用直线加速器设备维保服务项目.docx"", ""attach_url"": ""https://download.ccgp.gov.cn/oss/download?uuid=1DE928D694D22FD834297912CD2BDA""}]",,,南京市丁家桥87号,025-83261737,东南大学,,,,2026-09-09 15:21:53,吴红宁、刘敏、刘伟、黄增军、卢志强（采购人代表）,东南大学附属中大医院医用直线加速器设备维保服务项目中标公告,中标公告,https://www.ccgp.gov.cn/cggg/zygg/zbgg/./202609/t20260908_27289434.htm,,,,,2026年09月08日 17:26,,,,,99.0
北京市,北京市丰台区丽泽路24号院平安幸福中心B座（邮编100071）,华曲德吉央宗、王梦楠、何姗、蔡培琳、李芊、王宏伟、黄凡010-8392 3519、010-8392 3515,中化商务有限公司,,"本国产品声明函-北京万维盈创科技发展有限公司.pdf,AB311-招标文件-国控城市点位专用材料采购项目-发售稿-20260818.pdf,中小企业声明函-北京万维盈创科技发展有限公司.pdf","[{""attach_name"": ""本国产品声明函-北京万维盈创科技发展有限公司.pdf"", ""attach_url"": ""https://download.ccgp.gov.cn/oss/download?uuid=01093DF803508CF8197C3FCA4443E0""}, {""attach_name"": ""AB311-招标文件-国控城市点位专用材料采购项目-发售稿-20260818.pdf"", ""attach_url"": ""https://download.ccgp.gov.cn/oss/download?uuid=450C44DDAF199832A4E2EDC3479DD1""}, {""attach_name"": ""中小企业声明函-北京万维盈创科技发展有限公司.pdf"", ""attach_url"": ""https://download.ccgp.gov.cn/oss/download?uuid=93003F27C06818DB92C9D174B6EDCD""}]",,,北京市朝阳区安外大羊坊8号院乙,010-8494 3062,中国环境监测总站,,,,2026-09-09 15:21:53,闫树刚、黄永红、张越、郑晓磊、景宽,中国环境监测总站国控城市点位专用材料采购中标公告,中标公告,https://www.ccgp.gov.cn/cggg/zygg/zbgg/./202609/t20260908_27289393.htm,,,,,2026年09月08日 17:25,,,,,199.014
市辖区,西章胡同9号院,010-83083702,中央国家机关政府采购中心,,中标通知书.zip,"[{""attach_name"": ""中标通知书.zip"", ""attach_url"": ""https://download.ccgp.gov.cn/oss/download?uuid=72560d2d-bd23-4f70-b4c5-f660f9""}]",,,北京市东城区建内大街6号,010-65194520,海关总署机关服务中心(海关总署机关服务局),,,,2026-09-09 15:21:53,不详,海关总署海关总署朝阳门外大街甲10号办公楼维修改造项目工程监理采购项目中标结果公示,中标公告,https://www.ccgp.gov.cn/cggg/zygg/zbgg/./202609/t20260908_27289503.htm,,,,,2026年09月08日 17:25,,,,,192.2
广州市,北京市海淀区丹棱街1号互联网金融中心20层,迟兆洋、叶明、林杨婷、020-87001523、ytlin@oitc.com.cn、cjwang@oitc.com.cn 、sli@oitc.com.cn,东方国际招标有限责任公司,,"微旷科技（苏州）有限公司--中小企业声明函.pdf,微旷科技（苏州）有限公司--关于符合本国产品标准的声明函.pdf,_392127Micro-CT原位扫描高压控温多相流体驱替设备【8.3发布稿】.docx","[{""attach_name"": ""微旷科技（苏州）有限公司--中小企业声明函.pdf"", ""attach_url"": ""https://download.ccgp.gov.cn/oss/download?uuid=C74866F0D7ADFFE4435C4BBEB6287F""}, {""attach_name"": ""微旷科技（苏州）有限公司--关于符合本国产品标准的声明函.pdf"", ""attach_url"": ""https://download.ccgp.gov.cn/oss/download?uuid=262CD31D7A20C77295721D2984BC85""}, {""attach_name"": ""_392127Micro-CT原位扫描高压控温多相流体驱替设备【8.3发布稿】.docx"", ""attach_url"": ""https://download.ccgp.gov.cn/oss/download?uuid=283EFFB0FE260D4FD04BEE467A2FCB""}]",,,海南省三亚市鹿回头路28号,李老师  0898-88201306,中国科学院深海科学与工程研究所,,,,2026-09-09 15:21:54,俞鹤伟（专家组长）、黄秋妹、张向云、严丽、陈绮静（用户代表）,中国科学院深海科学与工程研究所Micro-CT原位扫描高压控温多相流体驱替设备采购项目中标公告,中标公告,https://www.ccgp.gov.cn/cggg/zygg/zbgg/./202609/t20260908_27289244.htm,,,,,2026年09月08日 17:18,,,,,174.6
武宁县,江西省九江市濂溪区长虹大道280号信华国际商务中心写字楼十二楼,杨女士/0792-8777985,江西浩瀚工程管理有限公司,,"6、中小企业声明函（江西农博）.pdf,3、JJSWTJCG-2026-02国家税务总局武宁县县税务局2026年食堂食材配送项目（第二次）-9.7招标文件.pdf","[{""attach_name"": ""6、中小企业声明函（江西农博）.pdf"", ""attach_url"": ""https://download.ccgp.gov.cn/oss/download?uuid=218E4380D2A073F0798322A0E23239""}, {""attach_name"": ""3、JJSWTJCG-2026-02国家税务总局武宁县县税务局2026年食堂食材配送项目（第二次）-9.7招标文件.pdf"", ""attach_url"": ""https://download.ccgp.gov.cn/oss/download?uuid=347C27DBB615EBBAD8AB52DD87DCC4""}]",,,九江市开发区九瑞大道82-2号,郭女士/0792-8368061,国家税务总局武宁县税务局,,,,2026-09-09 15:21:54,何列、杨忠辉、夏禹、严旦旦、吴永红,国家税务总局武宁县税务局2026年食堂食材配送服务采购项目（第二次）中标公告,中标公告,https://www.ccgp.gov.cn/cggg/zygg/zbgg/./202609/t20260908_27289138.htm,,,,,2026年09月08日 17:14,,,,,0.0
市辖区,西章胡同9号院,010-83083702,中央国家机关政府采购中心,,"自然资源部国土卫星遥感应用中心自然资源卫星遥感公有云计算服务采购项目采购文件.pdf,投标人得分排序表.doc,北京中软国际信息技术有限公司中小企业声明函.pdf,中标通知书.zip,北京中软国际信息技术有限公司残疾人福利性单位声明函.pdf","[{""attach_name"": ""自然资源部国土卫星遥感应用中心自然资源卫星遥感公有云计算服务采购项目采购文件.pdf"", ""attach_url"": ""https://download.ccgp.gov.cn/oss/download?uuid=d9a3ee20-2d80-4530-b007-20b872""}, {""attach_name"": ""投标人得分排序表.doc"", ""attach_url"": ""https://download.ccgp.gov.cn/oss/download?uuid=45f28fab-d3f1-4846-a7b8-73036c""}, {""attach_name"": ""北京中软国际信息技术有限公司中小企业声明函.pdf"", ""attach_url"": ""https://download.ccgp.gov.cn/oss/download?uuid=c2bd9f85-36b0-4aa9-9168-75f33e""}, {""attach_name"": ""中标通知书.zip"", ""attach_url"": ""https://download.ccgp.gov.cn/oss/download?uuid=ab3548d5-2e14-49d8-af7a-9247c0""}, {""attach_name"": ""北京中软国际信息技术有限公司残疾人福利性单位声明函.pdf"", ""attach_url"": ""https://download.ccgp.gov.cn/oss/download?uuid=45dee513-7fed-4a86-97fe-8f921e""}]",,,北京市海淀区紫竹院百胜村1号,010-68412123,自然资源部国土卫星遥感应用中心,,,,2026-09-09 15:21:54,"赵刚,张海军,张祥,孙进辉,张艳",自然资源部国土卫星遥感应用中心自然资源卫星遥感公有云计算服务采购项目中标公告,中标公告,https://www.ccgp.gov.cn/cggg/zygg/zbgg/./202609/t20260908_27289184.htm,,,,,2026年09月08日 17:10,,,,,428.889595
北京市,北京市海淀区复兴路乙12号中国铝业大厦11层1110室,闫文娟、黄艳、郝路、修海龙、吴众为、赵洁、陈博维、刘海英、姬小雪、成歌、孙银英、王思晨、刘京、杨晓楠、王东衍、孙佳、陈曦、李秋萍、王艳艳、王改茹，010-63974645、010-63969957,北京宏信天诚国际招标有限公司,,"中标结果公告—北京师范大学珠海校区晶圆级污水信息芯片多物理高频探针台设备采购项目BJ1425.docx,小型企业+多场低温科技（北京）有限公司.png,关于符合本国产品标准的声明函+多场低温科技（北京）有限公司.png,BJ1425 北京师范大学珠海校区晶圆级污水信息芯片多物理高频探针台设备采购项目-公开招标文件-定稿.docx","[{""attach_name"": ""中标结果公告—北京师范大学珠海校区晶圆级污水信息芯片多物理高频探针台设备采购项目BJ1425.docx"", ""attach_url"": ""https://download.ccgp.gov.cn/oss/download?uuid=C88B21F5DE4A8E749D3A19E399768E""}, {""attach_name"": ""小型企业+多场低温科技（北京）有限公司.png"", ""attach_url"": ""https://download.ccgp.gov.cn/oss/download?uuid=9567D5B0C9AA8A0F9B5E777FC73D17""}, {""attach_name"": ""关于符合本国产品标准的声明函+多场低温科技（北京）有限公司.png"", ""attach_url"": ""https://download.ccgp.gov.cn/oss/download?uuid=232C8DAF0ACC5123D4F682DAF4E200""}, {""attach_name"": ""BJ1425 北京师范大学珠海校区晶圆级污水信息芯片多物理高频探针台设备采购项目-公开招标文件-定稿.docx"", ""attach_url"": ""https://download.ccgp.gov.cn/oss/download?uuid=C245A16FEC541215655EE44302A257""}]",,,北京市新街口外大街19号,滕老师、陈老师，zfcg@bnu.edu.cn,北京师范大学,,,,2026-09-09 15:21:54,王加加、宋小静、杨维英、赵兴华、张跃林,北京师范大学珠海校区晶圆级污水信息芯片多物理高频探针台设备采购项目中标结果公告,中标公告,https://www.ccgp.gov.cn/cggg/zygg/zbgg/./202609/t20260908_27288905.htm,,,,,2026年09月08日 17:07,,,,,479.7
北京市,北京市丰台区西营街1号院通用时代中心C座,田嘉 010-81168201,中技国际招标有限公司,,"7W71 招标文件 -发售版.pdf,广州云趣信息科技有限公司-中小企业声明函.pdf","[{""attach_name"": ""7W71 招标文件 -发售版.pdf"", ""attach_url"": ""https://download.ccgp.gov.cn/oss/download?uuid=98E8A8DA4D6DA939DA38CD860FC0C1""}, {""attach_name"": ""广州云趣信息科技有限公司-中小企业声明函.pdf"", ""attach_url"": ""https://download.ccgp.gov.cn/oss/download?uuid=57FAFE6845C5218CFAA3CE603A2BE0""}]",,,北京市海淀区花园北路52号,李老师lishangqian@caict.ac.cn,中国信息通信研究院,,,,2026-09-09 15:21:54,张宁、赵伟、王建华、曹学葵、李硕,中国信息通信研究院2025年工业互联网创新发展工程-基于工业互联网标识解析体系的联网设备认证与追溯公共服务平台项目-启动-非零余额项目-物联网码号管理平台中标公告,中标公告,https://www.ccgp.gov.cn/cggg/zygg/zbgg/./202609/t20260908_27288903.htm,,,,,2026年09月08日 17:07,,,,,146.32
北京市,北京市海淀区莲花池东路39号西金大厦8层809,杜芳瑜、叶子青、吴迪、侯子怡  010-63905968,新华招标有限公司,,"招标文件-北京师范大学大数据存储扩容和备.pdf,中标公告1116.pdf,本国产品声明函.pdf","[{""attach_name"": ""招标文件-北京师范大学大数据存储扩容和备.pdf"", ""attach_url"": ""https://download.ccgp.gov.cn/oss/download?uuid=2FD598FA081A7F023EB74ED9B7EA9E""}, {""attach_name"": ""中标公告1116.pdf"", ""attach_url"": ""https://download.ccgp.gov.cn/oss/download?uuid=1E88469439A277E1F29DC6C994E7FA""}, {""attach_name"": ""本国产品声明函.pdf"", ""attach_url"": ""https://download.ccgp.gov.cn/oss/download?uuid=9810814231F3E4B3C619D6440A159E""}]",,,北京市新街口外大街19号,滕老师、陈老师 zfcg@bnu.edu.cn,北京师范大学,,,,2026-09-09 15:21:54,余前佳、杨涛、王代光、齐宝廷、鲁学亮,北京师范大学大数据存储扩容和备份系统升级项目中标公告,中标公告,https://www.ccgp.gov.cn/cggg/zygg/zbgg/./202609/t20260908_27288907.htm,,,,,2026年09月08日 17:07,,,,,159.5
哈尔滨市,哈尔滨市南岗区汉水路180号,王国福、於佳0451-82364713,黑龙江省招标有限公司,,"哈尔滨海关2026年手持式X射线荧光光谱仪采购项目(1).pdf,中小企业声明函-苏州三值.pdf","[{""attach_name"": ""哈尔滨海关2026年手持式X射线荧光光谱仪采购项目(1).pdf"", ""attach_url"": ""https://download.ccgp.gov.cn/oss/download?uuid=6F261A8F1CB24B10306518824BA476""}, {""attach_name"": ""中小企业声明函-苏州三值.pdf"", ""attach_url"": ""https://download.ccgp.gov.cn/oss/download?uuid=B4F27B7789098CD4777BFA33300198""}]",,,黑龙江省哈尔滨市南岗区嵩山路88号,于女士0451-82381410,中华人民共和国哈尔滨海关,,,,2026-09-09 15:21:54,卢秀红、卢东明、钱华明、顾宠禹、郭井刚,中华人民共和国哈尔滨海关哈尔滨海关2026年手持式X射线荧光光谱仪采购项目中标公告,中标公告,https://www.ccgp.gov.cn/cggg/zygg/zbgg/./202609/t20260908_27288798.htm,,,,,2026年09月08日 17:03,,,,,258.8
厦门市,厦门市思明区莲岳路221-1号公交大厦A栋7楼,方慧敏：0592-5822903，前台报名:0592-5822910,厦门市务实采购有限公司,,定稿-WS347 浮游植物分类荧光仪招标文件.pdf,"[{""attach_name"": ""定稿-WS347 浮游植物分类荧光仪招标文件.pdf"", ""attach_url"": ""https://download.ccgp.gov.cn/oss/download?uuid=A4324BCC553204AE2E12D6F302309A""}]",,,厦门市大学路178号,倪老师0592-2195352,自然资源部第三海洋研究所,,,,2026-09-09 15:21:54,庄秋惠、宋艳萍、王大唯、林艺红、许文晓,厦门务实-公开招标-2026-WS347浮游植物分类荧光仪结果公告,中标公告,https://www.ccgp.gov.cn/cggg/zygg/zbgg/./202609/t20260908_27288786.htm,,,,,2026年09月08日 17:02,,,,,63.88
北京市,北京市海淀区学院南路62号中关村资本大厦6层&9层,刘子清、冯佳义、李艳君、侯云燕、崔健 010-62108131、8146、8111,中招国际招标有限公司,,"主要标的信息.pdf,中小企业声明函.zip,招标文件PDF.zip,关于符合本国产品标准的声明函.zip","[{""attach_name"": ""主要标的信息.pdf"", ""attach_url"": ""https://download.ccgp.gov.cn/oss/download?uuid=107D857EB82729102B2F4F888EC7DC""}, {""attach_name"": ""中小企业声明函.zip"", ""attach_url"": ""https://download.ccgp.gov.cn/oss/download?uuid=EFAEE5FD5D2A109BE54759D4732899""}, {""attach_name"": ""招标文件PDF.zip"", ""attach_url"": ""https://download.ccgp.gov.cn/oss/download?uuid=62EE807C8040492E16E81A4A60035B""}, {""attach_name"": ""关于符合本国产品标准的声明函.zip"", ""attach_url"": ""https://download.ccgp.gov.cn/oss/download?uuid=D6542BFD69635198E0DF97F8CCAC3D""}]",,,北京市海淀区中关村南大街22号,010-82195228,北京大学口腔医院,,,,2026-09-09 15:21:54,王继升（01-11包）、张振龙（01-11包）、赵菁（01-11包）、杜燕（01-11包）、杜海燕（01-11包）、崔步云（01-11包）、张建运（01包、02包）、尹丽娜（03包、05包）、王智（04包）、马桂娟（06包）、杨国勇（07包）、闫志敏（08包）、王兵（09包、10包、11包）,北京大学口腔医院2026年度诊疗能力提升项目（第三批）中标公告,中标公告,https://www.ccgp.gov.cn/cggg/zygg/zbgg/./202609/t20260908_27288778.htm,,,,,2026年09月08日 17:02,,,,,1414.76
山东省,德州市天衢新区董子文化街博文街31号,孙先生 13605349639,山东威德项目管理有限公司,,"漳卫南局2026 年超标洪水防御能力提升项目.pdf,中小企业声明函.pdf","[{""attach_name"": ""漳卫南局2026 年超标洪水防御能力提升项目.pdf"", ""attach_url"": ""https://download.ccgp.gov.cn/oss/download?uuid=A13CC68132CBCDED97158EB6187F19""}, {""attach_name"": ""中小企业声明函.pdf"", ""attach_url"": ""https://download.ccgp.gov.cn/oss/download?uuid=EF3C841804696CE1B4F28CC94FCE96""}]",,,山东省德州市德城区东风中路666号,李先生 0534-2658057,水利部海河水利委员会漳卫南运河管理局（本级）,,,,2026-09-09 15:21:54,张勇、邓会杰、刘伟（采购人代表）,漳卫南局2026年超标洪水防御能力提升项目成交结果公告,中标公告,https://www.ccgp.gov.cn/cggg/zygg/zbgg/./202609/t20260908_27288691.htm,,,,,2026年09月08日 16:59,,,,,85.99
北京市,北京市海淀区学院南路62号中关村资本大厦6层&9层,刘子清、冯佳义、李艳君、侯云燕、崔健 010-62108131、8146、8111,中招国际招标有限公司,,"招标文件 PDF.zip,主要标的信息.pdf,中小企业声明函.zip,关于符合本国产品标准的声明函.zip","[{""attach_name"": ""招标文件 PDF.zip"", ""attach_url"": ""https://download.ccgp.gov.cn/oss/download?uuid=87775EFF3C9B23C62381C6308AF478""}, {""attach_name"": ""主要标的信息.pdf"", ""attach_url"": ""https://download.ccgp.gov.cn/oss/download?uuid=67E2E4D459143655DCF9702EA4E474""}, {""attach_name"": ""中小企业声明函.zip"", ""attach_url"": ""https://download.ccgp.gov.cn/oss/download?uuid=102F9EEB0E0920F3430A4D1EB58FEA""}, {""attach_name"": ""关于符合本国产品标准的声明函.zip"", ""attach_url"": ""https://download.ccgp.gov.cn/oss/download?uuid=B112FBC24D95BCB027CDBA50448CAA""}]",,,北京市海淀区中关村南大街22号,010-82195228,北京大学口腔医院,,,,2026-09-09 15:21:54,孙喜文（01-06包）、田丽丽（01-06包）、张庆勇（01-06包）、刘雪林（01-06包）、沈琳（01包、02包、03包、05包）、王兵（04包、06包）,北京大学口腔医院2026年度诊疗能力提升项目（第二批）01-06包中标公告,中标公告,https://www.ccgp.gov.cn/cggg/zygg/zbgg/./202609/t20260908_27288700.htm,,,,,2026年09月08日 16:58,,,,,567.15
长春市,长春市南关区南溪智融一期5号楼,成新宇、刘艳梅、0431-81808101,长春建业集团股份有限公司,,"中小企业声明函.pdf,2026年仪器设备计量检定招标文件.doc","[{""attach_name"": ""中小企业声明函.pdf"", ""attach_url"": ""https://download.ccgp.gov.cn/oss/download?uuid=7ECEDB0E60FA0D9763CD02BC5CE73E""}, {""attach_name"": ""2026年仪器设备计量检定招标文件.doc"", ""attach_url"": ""https://download.ccgp.gov.cn/oss/download?uuid=BEEDFC0BF1B33169C28BDEE16E9E57""}]",,,吉林省长春市绿园区普阳街1301号,钟志达、18686659963,长春海关技术中心,,,,2026-09-09 15:21:54,林春生、周立松、陈建、裴若忠、付永华,长春海关技术中心2026年仪器设备计量检定中标公告,中标公告,https://www.ccgp.gov.cn/cggg/zygg/zbgg/./202609/t20260908_27288683.htm,,,,,2026年09月08日 16:58,,,,,55.59
陕西省,西安市高新三路9号信息港大厦5层506号,毛鑫、宋扬、符宇寒 029-88856058,陕西中采项目管理有限公司,,"（最终）西安电子科技大学车联网攻防平台采购-招标文件.doc,北京犬安科技有限公司-关于符合本国产品标准的声明函.pdf,北京犬安科技有限公司-中小企业声明函.pdf","[{""attach_name"": ""（最终）西安电子科技大学车联网攻防平台采购-招标文件.doc"", ""attach_url"": ""https://download.ccgp.gov.cn/oss/download?uuid=9D8C046EAC341C61CD8A14570348BB""}, {""attach_name"": ""北京犬安科技有限公司-关于符合本国产品标准的声明函.pdf"", ""attach_url"": ""https://download.ccgp.gov.cn/oss/download?uuid=C2FD116EC399A083B678B5232125C7""}, {""attach_name"": ""北京犬安科技有限公司-中小企业声明函.pdf"", ""attach_url"": ""https://download.ccgp.gov.cn/oss/download?uuid=F8CA931F87763EF053C1839AA16140""}]",,,西安市长安区西沣路兴隆段266号,赵老师 029-81891893,西安电子科技大学,,,,2026-09-09 15:21:54,宇文华、申衡、王崔峰、朱洁、郭晶晶（采购人代表）,西安电子科技大学车联网攻防平台采购中标公告,中标公告,https://www.ccgp.gov.cn/cggg/zygg/zbgg/./202609/t20260908_27288648.htm,,,,,2026年09月08日 16:57,,,,,434.6
成都市,成都市武侯区天晖南街茂业中心A座704、705、706,李女士028-85225028,四川钧瀚招标代理有限公司,,"评审情况表.pdf,02包-关于符合本国产品标准的声明函.pdf,02包-本国产品成本比例的声明函.pdf,03包-本国产品成本比例的声明函.pdf,04包-本国产品成本比例的声明函.pdf,02包-中小企业声明函.pdf,03包-关于符合本国产品标准的声明函.pdf,04包-关于符合本国产品标准的声明函.pdf,招标文件-血液成分的科技赋能与再利用体系建设项目-定稿.pdf","[{""attach_name"": ""评审情况表.pdf"", ""attach_url"": ""https://download.ccgp.gov.cn/oss/download?uuid=176281BFF8F80B4A70B26478D786D2""}, {""attach_name"": ""02包-关于符合本国产品标准的声明函.pdf"", ""attach_url"": ""https://download.ccgp.gov.cn/oss/download?uuid=2D26B8CC8DEE7B37CE6AAFD1057160""}, {""attach_name"": ""02包-本国产品成本比例的声明函.pdf"", ""attach_url"": ""https://download.ccgp.gov.cn/oss/download?uuid=1C6B850A96D30AA7612B67F73535A1""}, {""attach_name"": ""03包-本国产品成本比例的声明函.pdf"", ""attach_url"": ""https://download.ccgp.gov.cn/oss/download?uuid=737F92D765479EDD4B706D657E26AE""}, {""attach_name"": ""04包-本国产品成本比例的声明函.pdf"", ""attach_url"": ""https://download.ccgp.gov.cn/oss/download?uuid=F159581C23D25E75D5181B5DAB82A5""}, {""attach_name"": ""02包-中小企业声明函.pdf"", ""attach_url"": ""https://download.ccgp.gov.cn/oss/download?uuid=D77C97C9996DFD3EE5C5731AA5AAE4""}, {""attach_name"": ""03包-关于符合本国产品标准的声明函.pdf"", ""attach_url"": ""https://download.ccgp.gov.cn/oss/download?uuid=809A4889D58FFE94D711A97CD478F5""}, {""attach_name"": ""04包-关于符合本国产品标准的声明函.pdf"", ""attach_url"": ""https://download.ccgp.gov.cn/oss/download?uuid=D257FAE723C6D928ACCA205F0DC716""}, {""attach_name"": ""招标文件-血液成分的科技赋能与再利用体系建设项目-定稿.pdf"", ""attach_url"": ""https://download.ccgp.gov.cn/oss/download?uuid=7EA4628122A25625C3080A9FD8B8BE""}]",,,成都市成华区龙潭工业园华彩路26号,文先生028-61648563,中国医学科学院输血研究所,,,,2026-09-09 15:21:54,尹崇琼、王丽红、袁小雪、罗永虹、陆智、文恒（采购人代表）、袁静（采购人代表）,中国医学科学院输血研究所2026年度中央级科学事业单位改善科研条件专项资金项目--血液成分的科技赋能与再利用体系建设项目中标公告,中标公告,https://www.ccgp.gov.cn/cggg/zygg/zbgg/./202609/t20260908_27288646.htm,,,,,2026年09月08日 16:56,,,,,2244.46
陕西省,西安市高新三路9号信息港大厦5层506号,毛鑫、宋扬、符宇寒 029-88856058,陕西中采项目管理有限公司,,"（最终）西安电子科技大学自主可控的大模型基础与服务集群——AI服务器购置-招标文件.doc,西安慧恒永创科技有限公司-关于符合本国产品标准的声明函.pdf","[{""attach_name"": ""（最终）西安电子科技大学自主可控的大模型基础与服务集群——AI服务器购置-招标文件.doc"", ""attach_url"": ""https://download.ccgp.gov.cn/oss/download?uuid=41DF4CCFC13CC67418B749939BF470""}, {""attach_name"": ""西安慧恒永创科技有限公司-关于符合本国产品标准的声明函.pdf"", ""attach_url"": ""https://download.ccgp.gov.cn/oss/download?uuid=FBC62EEBA9FE5D8563A4EA58DCA617""}]",,,西安市长安区西沣路兴隆段266号,赵老师 029-81891893,西安电子科技大学,,,,2026-09-09 15:21:54,武苏维、颜博、张新生、陈锻炼、魏甜（采购人代表）,西安电子科技大学自主可控的大模型基础与服务集群——AI服务器购置中标公告,中标公告,https://www.ccgp.gov.cn/cggg/zygg/zbgg/./202609/t20260908_27288642.htm,,,,,2026年09月08日 16:56,,,,,243.5
玄武区,南京市建邺区庐山路158号嘉业国际城4号楼2302室,严浩、金瑶瑶 19951754271、18360460879,华春建设工程项目管理有限责任公司,,"本国产品声明.png,【出售稿】东南大学信息科学与工程学院110GHz同轴变频模块采购-招标文件.docx.pdf","[{""attach_name"": ""本国产品声明.png"", ""attach_url"": ""https://download.ccgp.gov.cn/oss/download?uuid=48DD2EF1ABC82B6A2DCFBDE58A3587""}, {""attach_name"": ""【出售稿】东南大学信息科学与工程学院110GHz同轴变频模块采购-招标文件.docx.pdf"", ""attach_url"": ""https://download.ccgp.gov.cn/oss/download?uuid=1E1291D9426568B58A2BBB88C807FE""}]",,,江苏省南京市玄武区新街口街道四牌楼2号,技术咨询：信息科学与工程学院：朱老师：18205188468；实验室与设备管理处：大型装备平台科：025-52091041,东南大学,,,,2026-09-09 15:21:55,沈忻、张兰萍、孙权、马丽、肖金标（招标人代表）,东南大学信息科学与工程学院110GHz同轴变频模块采购（SEU-ZB-260625）中标公告,中标公告,https://www.ccgp.gov.cn/cggg/zygg/zbgg/./202609/t20260908_27288568.htm,,,,,2026年09月08日 16:54,,,,,99.5
金牛区,四川省成都市武侯区锦悦西路160号-1011,郭女士 028-87776332,四川锐与合招投标咨询有限公司,,"0814 发售稿 林地地籍辅助调查.docx,三、中小企业声明函(1).pdf","[{""attach_name"": ""0814 发售稿 林地地籍辅助调查.docx"", ""attach_url"": ""https://download.ccgp.gov.cn/oss/download?uuid=675B49F8AF043EA8BD8FEA36B00FFA""}, {""attach_name"": ""三、中小企业声明函(1).pdf"", ""attach_url"": ""https://download.ccgp.gov.cn/oss/download?uuid=5A477C952D55E39E40B115649201C6""}]",,,成都市天龙大道1333号,潘女士 028-63240091,四川测绘地理信息局测绘技术服务中心,,,,2026-09-09 15:21:55,门娟、田飞、余茂东、周友谊（组长）、樊丽英（采购人代表）,四川测绘地理信息局测绘技术服务中心林地地籍辅助调查中标公告,中标公告,https://www.ccgp.gov.cn/cggg/zygg/zbgg/./202609/t20260908_27288576.htm,,,,,2026年09月08日 16:54,,,,,70.8
北京市,北京市海淀区丹棱街1号互联网金融中心20层,迟兆洋、叶明、芮虎峥、荀笑尘 010-68290589/0583 mye@oitc.com.cn、xcxun@oitc.com.cn、yhli@oitc.com.cn,东方国际招标有限责任公司,,"中小企业声明函、本国产品声明函.pdf,_2084-冷氦气循环系统【8.17评分修改稿】.doc","[{""attach_name"": ""中小企业声明函、本国产品声明函.pdf"", ""attach_url"": ""https://download.ccgp.gov.cn/oss/download?uuid=C34566F0D8AE5967CCE13421CD17B4""}, {""attach_name"": ""_2084-冷氦气循环系统【8.17评分修改稿】.doc"", ""attach_url"": ""https://download.ccgp.gov.cn/oss/download?uuid=93643217E83031EA05F0E47060B96F""}]",,,北京市海淀区中关村北二条6号,刘老师 010-82547016,中国科学院电工研究所,,,,2026-09-09 15:21:55,曹亚萍（专家组长）、刘红、张连清、秦岚、张子立(用户代表）,中国科学院电工研究所冷氦气循环系统采购项目中标公告,中标公告,https://www.ccgp.gov.cn/cggg/zygg/zbgg/./202609/t20260908_27288500.htm,,,,,2026年09月08日 16:52,,,,,565.0
沈阳市,北京市朝阳区东三环中路59号楼京城机电大厦A座第17层1712室,贺廷毅，王冬晗010-87945198-198、296,中信国际招标有限公司,,"中小企业声明函-沈阳国为菜篮子食品有限公司.pdf,沈阳铁路公安局本级食堂食材配送服务采购项目招标文件20260817（发布版）.docx","[{""attach_name"": ""中小企业声明函-沈阳国为菜篮子食品有限公司.pdf"", ""attach_url"": ""https://download.ccgp.gov.cn/oss/download?uuid=3656659771D9E1F74A4D678688CBE3""}, {""attach_name"": ""沈阳铁路公安局本级食堂食材配送服务采购项目招标文件20260817（发布版）.docx"", ""attach_url"": ""https://download.ccgp.gov.cn/oss/download?uuid=80BB32701BFCF347507FF18EBDD03A""}]",,,沈阳市和平区中山路99号,丑警官，024-62025878,沈阳铁路公安局,,,,2026-09-09 15:21:55,曾建强、王贵和、李东生、韩宏伟、邓万里,沈阳铁路公安局本级食堂食材配送服务采购项目中标公告,中标公告,https://www.ccgp.gov.cn/cggg/zygg/zbgg/./202609/t20260908_27288459.htm,,,,,2026年09月08日 16:51,,,,,0.0
湖北省,湖北省武汉市硚口区解放大道586号同馨商务大厦2306室,倪裳、黄敏冲、袁童、柳小豪、徐杜敏027-83799899、19986914585,安徽省招标集团股份有限公司,,(发布版)骨科关节镜系统2套-招标文件.doc,"[{""attach_name"": ""(发布版)骨科关节镜系统2套-招标文件.doc"", ""attach_url"": ""https://download.ccgp.gov.cn/oss/download?uuid=F67D23045564B78DC702CE7790C94D""}]",,,湖北省武汉市解放大道1277号,李老师 027-85726571,华中科技大学同济医学院附属协和医院,,,,2026-09-09 15:21:55,谢文（组长），唐敏，殷明，罗翌菲，孟春庆（采购人代表）,华中科技大学同济医学院附属协和医院骨科关节镜系统2套中标公告,中标公告,https://www.ccgp.gov.cn/cggg/zygg/zbgg/./202609/t20260908_27288388.htm,,,,,2026年09月08日 16:48,,,,,160.0
武汉市,湖北省武汉市解放大道1277号,周丹娜、龙琳、阳世昌、肖书浩、方勇，电话：027-87273661,湖北省招标股份有限公司,,"15262022华中科技大学同济医学院附属协和医院实验动物中心2026年饲料垫料采购项目第三次（定稿）.pdf,中小企业声明函.pdf","[{""attach_name"": ""15262022华中科技大学同济医学院附属协和医院实验动物中心2026年饲料垫料采购项目第三次（定稿）.pdf"", ""attach_url"": ""https://download.ccgp.gov.cn/oss/download?uuid=C1E9066F901CB3236A0CEF064255E0""}, {""attach_name"": ""中小企业声明函.pdf"", ""attach_url"": ""https://download.ccgp.gov.cn/oss/download?uuid=73A40AABDF93D1F3FC33C98E586CBD""}]",,,湖北省武汉市解放大道1277号,周老师  027-87273661,华中科技大学同济医学院附属协和医院,,,,2026-09-09 15:21:55,王朴（组长）、柒惠、黄邵阳、吴飞跃、任精华（采购人代表）,华中科技大学同济医学院附属协和医院实验动物中心2026年饲料垫料采购项目（第三次）中标公告,中标公告,https://www.ccgp.gov.cn/cggg/zygg/zbgg/./202609/t20260908_27288245.htm,,,,,2026年09月08日 16:43,,,,,194.225
湖北省,湖北省武汉市硚口区解放大道586号同馨商务大厦2306室,倪裳、黄敏冲、袁童、柳小豪、徐杜敏027-83799899、19986914585,安徽省招标集团股份有限公司,,(发布版)超声医学科彩色多普勒超声诊断仪3台(全身机)-招标文件.docx,"[{""attach_name"": ""(发布版)超声医学科彩色多普勒超声诊断仪3台(全身机)-招标文件.docx"", ""attach_url"": ""https://download.ccgp.gov.cn/oss/download?uuid=8139C20F8E9D4FAC4588D3F753DD48""}]",,,湖北省武汉市解放大道1277号,李老师 027-85726571,华中科技大学同济医学院附属协和医院,,,,2026-09-09 15:21:55,王昭贯（组长），莫少波，潘群，李咏梅，张丽（采购人代表）,华中科技大学同济医学院附属协和医院超声医学科彩色多普勒超声诊断仪3台(全身机)中标公告,中标公告,https://www.ccgp.gov.cn/cggg/zygg/zbgg/./202609/t20260908_27288236.htm,,,,,2026年09月08日 16:42,,,,,579.81
湖北省,武汉市武昌区民主路782号洪广大酒店A座14楼,谭莉、陈晓君、夏红斌、徐建林、李智斌 18162620221,湖北路港工程咨询有限公司,,"【发售稿】2025年设备更新项目-超声医学科彩色多普勒超声诊断仪6台(腹部机).pdf,本国产品声明函.pdf","[{""attach_name"": ""【发售稿】2025年设备更新项目-超声医学科彩色多普勒超声诊断仪6台(腹部机).pdf"", ""attach_url"": ""https://download.ccgp.gov.cn/oss/download?uuid=DD1E36F3EC896F63184B2BBB12EEE4""}, {""attach_name"": ""本国产品声明函.pdf"", ""attach_url"": ""https://download.ccgp.gov.cn/oss/download?uuid=A98C21F5779109307E13827ECD34CE""}]",,,湖北省武汉市解放大道1277号,李老师 027-85726571,华中科技大学同济医学院附属协和医院,,,,2026-09-09 15:21:55,马江宏；柒惠；肖玫；莫少波；姚迅；张丽；王静,华中科技大学同济医学院附属协和医院2025年设备更新项目-超声医学科彩色多普勒超声诊断仪6台(腹部机)中标公告,中标公告,https://www.ccgp.gov.cn/cggg/zygg/zbgg/./202609/t20260908_27288241.htm,,,,,2026年09月08日 16:42,,,,,1250.0
武汉市,湖北省武汉市武昌区东湖西路特2号平安财富中心B座6-10楼,魏运波、陈祥勇、彭亚美、胡小康、徐沫 /1002730332@qq.com,湖北省成套招标股份有限公司,,【发布稿】公开招标文件-华中科技大学同济医学院附属协和医院2026年网络安全服务项目.pdf,"[{""attach_name"": ""【发布稿】公开招标文件-华中科技大学同济医学院附属协和医院2026年网络安全服务项目.pdf"", ""attach_url"": ""https://download.ccgp.gov.cn/oss/download?uuid=33A542F6D228982E677D558E5960BE""}]",,,湖北省武汉市解放大道1277号,吴老师 027-85726822,华中科技大学同济医学院附属协和医院,,,,2026-09-09 15:21:55,方晓斌（组长）、文晶、杨哲文、刘亚伟、吴檠(采购人代表),华中科技大学同济医学院附属协和医院2026年网络安全服务项目中标公告,中标公告,https://www.ccgp.gov.cn/cggg/zygg/zbgg/./202609/t20260908_27288243.htm,,,,,2026年09月08日 16:42,,,,,127.8
武汉市,湖北省武汉市武昌区东湖西路特2号平安财富中心B座6-10楼,魏运波、陈祥勇、彭亚美、胡小康、徐沫、王保东；15377537087/1002730332@qq.com,湖北省成套招标股份有限公司,,"【发布稿】公开招标文件-华中科技大学同济医学院附属协和医院门诊自助报到机采购项目（第四次）.pdf,中小企业声明函.pdf,本国产品声明函.pdf","[{""attach_name"": ""【发布稿】公开招标文件-华中科技大学同济医学院附属协和医院门诊自助报到机采购项目（第四次）.pdf"", ""attach_url"": ""https://download.ccgp.gov.cn/oss/download?uuid=93AB4684C6EF8C2E43A773356E0109""}, {""attach_name"": ""中小企业声明函.pdf"", ""attach_url"": ""https://download.ccgp.gov.cn/oss/download?uuid=64DD06CCFD3F7303DA11AA59F2BDCF""}, {""attach_name"": ""本国产品声明函.pdf"", ""attach_url"": ""https://download.ccgp.gov.cn/oss/download?uuid=955BC679AD0F423B8953BDDF258545""}]",,,湖北省武汉市解放大道1277号,王老师027-85726090、刘老师 027-85726822,华中科技大学同济医学院附属协和医院,,,,2026-09-09 15:21:55,戴家乐（组长）、杜本松、冯骏、张亮、傅新巧（采购人代表）,华中科技大学同济医学院附属协和医院门诊自助报到机采购项目（第四次）中标公告,中标公告,https://www.ccgp.gov.cn/cggg/zygg/zbgg/./202609/t20260908_27288249.htm,,,,,2026年09月08日 16:42,,,,,71.96
北京市,北京市丰台区丽泽路24号平安幸福中心A座1202室,010-63363289,采联国际招标采购集团有限公司,,,,,,北京市西城区成方街32号,010-66199740,中国人民银行机关服务中心,,,,2026-09-09 15:21:55,高辉、李思远、牛玉芳,网络设备间弱电监控拆分改造服务项目比选结果公告,中标公告,https://www.ccgp.gov.cn/cggg/zygg/zbgg/./202609/t20260908_27288178.htm,,,,,2026年09月08日 16:41,,,,,23.506
北京市,北京市海淀区四季青常青路和泓四季六号楼国信招标,徐常城18100329961、郑越18610487005,国信国际工程咨询集团股份有限公司,,"GXTC-A1-26630036招标文件售卖稿_2_已电子签章.pdf,中小企业声明函.png","[{""attach_name"": ""GXTC-A1-26630036招标文件售卖稿_2_已电子签章.pdf"", ""attach_url"": ""https://download.ccgp.gov.cn/oss/download?uuid=5431D9CCC2579AE42110A657AD0A54""}, {""attach_name"": ""中小企业声明函.png"", ""attach_url"": ""https://download.ccgp.gov.cn/oss/download?uuid=E9791C904A1541E542B8D328CE2ADD""}]",,,北京市海淀区北四环西路11号,孙老师、010-82543195,中国科学院工程热物理研究所,,,,2026-09-09 15:21:55,于兰萍、郭耀红、李佳、刘存良、孙建亭,中国科学院工程热物理研究所中压透平机机壳试验件采购项目中标公告,中标公告,https://www.ccgp.gov.cn/cggg/zygg/zbgg/./202609/t20260908_27288138.htm,,,,,2026年09月08日 16:38,,,,,253.0
成都市,成都市金牛区金科中路18号6楼,周女士、尹女士028-61363972,中恒德佳工程咨询有限公司,,"【中小企业声明函】J-HWCG-2026-072.pdf,J-HWCG-2026-072评审情况表.xls,【分项报价明细表】J-HWCG-2026-072.pdf,【发布版】J-HWCG-2026-072西南交通大学台式显微高分辨无损成像系统项目.docx,【本国产品声明函】J-HWCG-2026-072.pdf","[{""attach_name"": ""【中小企业声明函】J-HWCG-2026-072.pdf"", ""attach_url"": ""https://download.ccgp.gov.cn/oss/download?uuid=568679237D542AEA9132AC5B24821E""}, {""attach_name"": ""J-HWCG-2026-072评审情况表.xls"", ""attach_url"": ""https://download.ccgp.gov.cn/oss/download?uuid=5CD8EA80914AD499EDBCBE6B739E20""}, {""attach_name"": ""【分项报价明细表】J-HWCG-2026-072.pdf"", ""attach_url"": ""https://download.ccgp.gov.cn/oss/download?uuid=D8BB4795D5C125C0E27C472763ED2A""}, {""attach_name"": ""【发布版】J-HWCG-2026-072西南交通大学台式显微高分辨无损成像系统项目.docx"", ""attach_url"": ""https://download.ccgp.gov.cn/oss/download?uuid=10A916709BC2AD3E996F52633D747D""}, {""attach_name"": ""【本国产品声明函】J-HWCG-2026-072.pdf"", ""attach_url"": ""https://download.ccgp.gov.cn/oss/download?uuid=ECA98D2C75FAC03090F388EC00E262""}]",,,四川省成都市郫都区犀安路999号西南交通大学犀浦校区综合楼703室,贾老师028-66367322,西南交通大学,,,,2026-09-09 15:21:55,刘晓铜(组长）、刘红玲、王丽、崔红梅、林强（采购人代表）,西南交通大学台式显微高分辨无损成像系统项目中标公告,中标公告,https://www.ccgp.gov.cn/cggg/zygg/zbgg/./202609/t20260908_27287993.htm,,,,,2026年09月08日 16:34,,,,,96.98
江苏省,江苏省南京市鼓楼区郑和中路118号D座12楼1203室,汪律、姜瑶、陈诚，025-83240902、83249926、83248600,江苏省招标中心有限公司,,"关于符合本国产品标准的声明函.pdf,东南大学机械工程学院拉伸疲劳试验机采购项目-招标文件-发售稿.pdf,中小企业声明函.pdf","[{""attach_name"": ""关于符合本国产品标准的声明函.pdf"", ""attach_url"": ""https://download.ccgp.gov.cn/oss/download?uuid=11031BE326A056E0A464ED5A7486CD""}, {""attach_name"": ""东南大学机械工程学院拉伸疲劳试验机采购项目-招标文件-发售稿.pdf"", ""attach_url"": ""https://download.ccgp.gov.cn/oss/download?uuid=CB16A1D7148D1653B24F7D241BFBE0""}, {""attach_name"": ""中小企业声明函.pdf"", ""attach_url"": ""https://download.ccgp.gov.cn/oss/download?uuid=8DFADC8999E4FBEA88126E7F7A3243""}]",,,江苏省南京市玄武区四牌楼2号,机械工程学院：马老师，13022127377；实验室与设备管理处：罗老师，025-52091041,东南大学,,,,2026-09-09 15:21:55,胡涛（采购人代表）、邱艳、李开宇、刘建云、徐羊华,东南大学机械工程学院拉伸疲劳试验机采购项目中标公告,中标公告,https://www.ccgp.gov.cn/cggg/zygg/zbgg/./202609/t20260908_27287999.htm,,,,,2026年09月08日 16:34,,,,,71.58
北京市,北京市海淀区文慧园北路10号，中教仪总公司,谢杰、刘欣、蒋旭、王磊、杨硕、施歌、孙亚欣、卢琛曦010-59893122、010-59893114、010-59893131,北京中教仪国际招标代理有限公司,,"0364关于符合本国产品标准的声明函.pdf,2.【招标文件】清华大学等离子增强化学气相沉积设备采购项目-最终.pdf","[{""attach_name"": ""0364关于符合本国产品标准的声明函.pdf"", ""attach_url"": ""https://download.ccgp.gov.cn/oss/download?uuid=CFFAC6AE4FF49CAAB25D69455EB9B4""}, {""attach_name"": ""2.【招标文件】清华大学等离子增强化学气相沉积设备采购项目-最终.pdf"", ""attach_url"": ""https://download.ccgp.gov.cn/oss/download?uuid=46A27223794D81C395887D28FA8D16""}]",,,北京市海淀区清华园,010-62785713,清华大学,,,,2026-09-09 15:21:55,王秀德、巩淑英、张永祥、张庆国、何兴帅（采购人代表）,清华大学等离子增强化学气相沉积设备采购项目中标公告,中标公告,https://www.ccgp.gov.cn/cggg/zygg/zbgg/./202609/t20260908_27287902.htm,,,,,2026年09月08日 16:30,,,,,176.6
北京市,北京市海淀区文慧园北路10号，中教仪总公司,谢杰、刘欣、蒋旭、王磊010-59893122、010-59893114、010-59893131,北京中教仪国际招标代理有限公司,,"0363关于符合本国产品标准的声明函.pdf,2.【招标文件】清华大学探针台采购项目-最终.pdf","[{""attach_name"": ""0363关于符合本国产品标准的声明函.pdf"", ""attach_url"": ""https://download.ccgp.gov.cn/oss/download?uuid=71ECAC612A57F20902D11DD887702D""}, {""attach_name"": ""2.【招标文件】清华大学探针台采购项目-最终.pdf"", ""attach_url"": ""https://download.ccgp.gov.cn/oss/download?uuid=A64C2917774DB1E80FBF19BE83D3C3""}]",,,北京市海淀区清华园,010-62785713,清华大学,,,,2026-09-09 15:21:56,王秀德、巩淑英、张永祥、张庆国、何兴帅（采购人代表）,清华大学探针台采购项目中标公告,中标公告,https://www.ccgp.gov.cn/cggg/zygg/zbgg/./202609/t20260908_27287900.htm,,,,,2026年09月08日 16:30,,,,,39.86
四川省,成都市高新区天府大道1700号新世纪环球中心E3门栋6楼2-1-611-615,袁女士：028-87050033-0（报名相关事宜咨询） 028-87050033转2016（采购项目相关事宜咨询）,四川中意招标有限公司,,"包1中小企业声明函.pdf,包2中小企业声明函.pdf,国家税务总局宜宾市税务局、国家税务总局宜宾市税务局稽查局2026年食堂食材采购项目.pdf","[{""attach_name"": ""包1中小企业声明函.pdf"", ""attach_url"": ""https://download.ccgp.gov.cn/oss/download?uuid=0B3370722F5AA446E20E3DDABC9B2A""}, {""attach_name"": ""包2中小企业声明函.pdf"", ""attach_url"": ""https://download.ccgp.gov.cn/oss/download?uuid=909042C99459809AF958D12A53770F""}, {""attach_name"": ""国家税务总局宜宾市税务局、国家税务总局宜宾市税务局稽查局2026年食堂食材采购项目.pdf"", ""attach_url"": ""https://download.ccgp.gov.cn/oss/download?uuid=DCB2CF2D8078010C03ADE3E8C89995""}]",,,四川省宜宾市叙州区赵场街道金沙江大道5号,刘先生 ：0831-8206209,国家税务总局宜宾市税务局,,,,2026-09-09 15:21:56,王季华、黄芝栋、谢培刚、徐丽星、曾星（采购人代表）,国家税务总局宜宾市税务局、国家税务总局宜宾市税务局稽查局2026年食堂食材采购项目中标公告,中标公告,https://www.ccgp.gov.cn/cggg/zygg/zbgg/./202609/t20260908_27287836.htm,,,,,2026年09月08日 16:29,,,,,420.0
湖北省,武汉市武昌区民主路782号洪广大酒店A座14楼,谭莉、陈晓君、夏红斌、徐建林、李智斌 18162620221,湖北路港工程咨询有限公司,,【发售稿】度伐利尤单抗联合EP后接受放化疗随后使用度伐利尤单抗巩固治疗局限期小细胞肺癌患者的II期研究（CONCUR研究）临床研究服务项目（二）.pdf,"[{""attach_name"": ""【发售稿】度伐利尤单抗联合EP后接受放化疗随后使用度伐利尤单抗巩固治疗局限期小细胞肺癌患者的II期研究（CONCUR研究）临床研究服务项目（二）.pdf"", ""attach_url"": ""https://download.ccgp.gov.cn/oss/download?uuid=05B5EAF15956740CBB7E110B7FD3AD""}]",,,湖北省武汉市解放大道1095号,冉科长 027-83662896,华中科技大学同济医学院附属同济医院,,,,2026-09-09 15:21:56,余波；林丽；李萍；李萍萍；刘博,华中科技大学同济医学院附属同济医院度伐利尤单抗联合EP后接受放化疗随后使用度伐利尤单抗巩固治疗局限期小细胞肺癌患者的II期研究（CONCUR研究）临床研究服务项目（二）中标公告,中标公告,https://www.ccgp.gov.cn/cggg/zygg/zbgg/./202609/t20260908_27287841.htm,,,,,2026年09月08日 16:29,,,,,194.192
碑林区,陕西省西安市雁塔区雁翔路111号赛格中京坊6幢1单元2层10201室,任甜、杜航、梁嘉峰、王小琼、王真、李亚男、郑婧婧029-88489979-8203,陕西隆信项目管理有限公司,,,,,,西安市碑林区兴庆南路10号交大出版大厦19层采购办办公室,tender@xjtu.edu.cn，咨询QQ群：367046737；联系电话：029-82668649/029-82668195,西安交通大学,,,,2026-09-09 15:21:56,张莉丽、吕东梅、史鹏、邸双亮、杨松浩（采购人代表）,西安交通大学电力系统通信和继保装置中标公告,中标公告,https://www.ccgp.gov.cn/cggg/zygg/zbgg/./202609/t20260908_27287795.htm,,,,,2026年09月08日 16:27,,,,,397.5
北京市,北京市海淀区海淀大街8号中钢国际广场16层,韩帅文（购买文件、发票咨询）、高源、朱业静、严艳青、徐平、王俊通010-62686385（购买文件、发票咨询）、62688243（项目问询）,中钢招标有限责任公司,,"本国产品声明函.pdf,中小企业声明函.pdf,招标文件-驾驶行为分析与生心理指标采集设备采购项目.pdf","[{""attach_name"": ""本国产品声明函.pdf"", ""attach_url"": ""https://download.ccgp.gov.cn/oss/download?uuid=23A5DA21D442213C39F7A3549D9BAC""}, {""attach_name"": ""中小企业声明函.pdf"", ""attach_url"": ""https://download.ccgp.gov.cn/oss/download?uuid=1A4F40B6282BE8D6AEB56E8382CFA3""}, {""attach_name"": ""招标文件-驾驶行为分析与生心理指标采集设备采购项目.pdf"", ""attach_url"": ""https://download.ccgp.gov.cn/oss/download?uuid=7900CF17FB3CDAC36D7E3B1116A1ED""}]",,,北京市经济技术开发区博兴二路5号院,010-67825579,公安部道路交通安全研究中心,,,,2026-09-09 15:21:56,李艳梅、金晨、张亚楠、王永强、王秋鸿,公安部道路交通安全研究中心驾驶行为分析与生心理指标采集设备采购项目中标公告,中标公告,https://www.ccgp.gov.cn/cggg/zygg/zbgg/./202609/t20260908_27287799.htm,,,,,2026年09月08日 16:27,,,,,159.5
北京市,北京市海淀区莲花池东路39号西金大厦8层,张骏 010-63905815,新华招标有限公司,,"招标文件-清华大学高性能GPU计算服务采购项目-发售版.pdf,中标结果公告-清华大学高性能GPU计算服务采购项目.pdf,中小企业声明函-北京北龙超级云计算有限责任公司.pdf","[{""attach_name"": ""招标文件-清华大学高性能GPU计算服务采购项目-发售版.pdf"", ""attach_url"": ""https://download.ccgp.gov.cn/oss/download?uuid=24D86A3A0BF00FE8CDD9E00A0B3C65""}, {""attach_name"": ""中标结果公告-清华大学高性能GPU计算服务采购项目.pdf"", ""attach_url"": ""https://download.ccgp.gov.cn/oss/download?uuid=BF0B2F2CB9342E69452772059780B7""}, {""attach_name"": ""中小企业声明函-北京北龙超级云计算有限责任公司.pdf"", ""attach_url"": ""https://download.ccgp.gov.cn/oss/download?uuid=A5ED2C50FF2955F4960692CF60D0F9""}]",,,北京市海淀区清华园,010-62772322,清华大学,,,,2026-09-09 15:21:56,王志鹏、孙艳彬、张立明、王枞、王虹（最后一名为采购人代表）,清华大学高性能GPU计算服务采购项目中标结果公告,中标公告,https://www.ccgp.gov.cn/cggg/zygg/zbgg/./202609/t20260908_27287635.htm,,,,,2026年09月08日 16:20,,,,,473.04
广州市,广州市越秀区广仁路1号广仁大厦7楼,田工，hualunsibu@163.com,广东华伦招标有限公司,,"中小企业声明函.jpg,工业和信息化部电子第五研究所液冷服务器典型场景基准程序软件采购项目采购文件（最终稿）.pdf","[{""attach_name"": ""中小企业声明函.jpg"", ""attach_url"": ""https://download.ccgp.gov.cn/oss/download?uuid=5B88E0361F53BFE0ADC935075F2DB1""}, {""attach_name"": ""工业和信息化部电子第五研究所液冷服务器典型场景基准程序软件采购项目采购文件（最终稿）.pdf"", ""attach_url"": ""https://download.ccgp.gov.cn/oss/download?uuid=B1B3D257D3EAB50F283A2D42E3B043""}]",,,广州市增城区朱村街朱村大道西78号,廉工，020-87236881,工业和信息化部电子第五研究所,,,,2026-09-09 15:21:56,林冠良、毛祖铁、吕士亮、何亮、屈志军,工业和信息化部电子第五研究所液冷服务器典型场景基准程序软件采购项目中标公告,中标公告,https://www.ccgp.gov.cn/cggg/zygg/zbgg/./202609/t20260908_27287575.htm,,,,,2026年09月08日 16:19,,,,,101.65
北京市,北京市海淀区学院南路62号中关村资本大厦9层906B室,联 系 人：端木齐进、赵欣、邓鹏、李菲、张楠、夏雪   联系方式：（010）61954052、61954054、62108269、62108241、62108046,中招国际招标有限公司,,"分项报价表.pdf,二次招标文件盖章版.pdf","[{""attach_name"": ""分项报价表.pdf"", ""attach_url"": ""https://download.ccgp.gov.cn/oss/download?uuid=67F0D105D7C70863B3FF2B226B9857""}, {""attach_name"": ""二次招标文件盖章版.pdf"", ""attach_url"": ""https://download.ccgp.gov.cn/oss/download?uuid=1ED7648BFF6F4D4A08BA94D6D6782B""}]",,,北京市海淀区车公庄西路 20 号院,李敬军  010-68786220,中国水利水电科学研究院（本级）,,,,2026-09-09 15:21:56,卢吉海、李中福、陈占英、钮文良和招标人委派的专家李敬军,中国水利水电科学研究院（本级）低应力条件下土及土与结构接触静动力特性测试系统购置项目中标公告,中标公告,https://www.ccgp.gov.cn/cggg/zygg/zbgg/./202609/t20260908_27287547.htm,,,,,2026年09月08日 16:17,,,,,412.98
北京市,北京市海淀区学院南路62号中关村资本大厦9层906B室,联 系 人：端木齐进、赵欣、邓鹏、李菲、张楠、夏雪   联系方式：（010）61954052、61954054、62108269、62108241、62108046,中招国际招标有限公司,,"分项报价表.pdf,符合本国产品标准的声明函.pdf,中小企业声明函.pdf,招标文件盖章版.pdf","[{""attach_name"": ""分项报价表.pdf"", ""attach_url"": ""https://download.ccgp.gov.cn/oss/download?uuid=2E8941278BA00335F33D979B7B92E6""}, {""attach_name"": ""符合本国产品标准的声明函.pdf"", ""attach_url"": ""https://download.ccgp.gov.cn/oss/download?uuid=B1F561DA12910E256968887B75B9EF""}, {""attach_name"": ""中小企业声明函.pdf"", ""attach_url"": ""https://download.ccgp.gov.cn/oss/download?uuid=3195015F3857E80921C86D2E971B75""}, {""attach_name"": ""招标文件盖章版.pdf"", ""attach_url"": ""https://download.ccgp.gov.cn/oss/download?uuid=525D8006F9E11064DEA2EDA92A3D45""}]",,,北京市海淀区复兴路甲1号,包宇飞  010-68781761,中国水利水电科学研究院（本级）,,,,2026-09-09 15:21:56,李京莲、孙伟、高希刚、杨晓冬和招标人委派的专家包宇飞,中国水利水电科学研究院（本级）三峡水库生态观测站科研设备购置项目中标公告,中标公告,https://www.ccgp.gov.cn/cggg/zygg/zbgg/./202609/t20260908_27287541.htm,,,,,2026年09月08日 16:17,,,,,239.36
长安区,西安市未央区凤城十二路与文景路东北角首创·禧悦里25栋A座16层,王超、白丹、王涛、唐昊、秦瑶 029-81317379-606,中昕国际项目管理有限公司,,"2026-08-17-终稿-项目单位审定稿-招标文件-陕西师范大学荧光成像及光谱设备采购（发标版）.pdf,本国产品声明函.pdf,中小企业声明函.pdf","[{""attach_name"": ""2026-08-17-终稿-项目单位审定稿-招标文件-陕西师范大学荧光成像及光谱设备采购（发标版）.pdf"", ""attach_url"": ""https://download.ccgp.gov.cn/oss/download?uuid=7F57EFE9C8078FACD9607A00C37201""}, {""attach_name"": ""本国产品声明函.pdf"", ""attach_url"": ""https://download.ccgp.gov.cn/oss/download?uuid=E002AF647990E232C0B0EDAB766E0F""}, {""attach_name"": ""中小企业声明函.pdf"", ""attach_url"": ""https://download.ccgp.gov.cn/oss/download?uuid=FEE5C15D9643FF4D97F90579910E70""}]",,,西安市长安区西长安街620号,曹睿、李婷 029-85310696,陕西师范大学,,,,2026-09-09 15:21:56,姜得晟、韩琴、徐春娥、殷肖川、严向阳（采购人评审代表）,陕西师范大学荧光成像及光谱设备采购中标公告,中标公告,https://www.ccgp.gov.cn/cggg/zygg/zbgg/./202609/t20260908_27287549.htm,,,,,2026年09月08日 16:17,,,,,211.6
海南省,海口市国贸路49号中衡大厦13楼A座,郑辉琪 0898-68501635/13698927983,海南政采招投标有限公司,,海南税务2026年区块链国有土地使用权出让收入场景优化升级、金四多云运维管理平台及金税三期系统等运行维护项目（HNZC2026-039-00420260821002）-文件集.zip,"[{""attach_name"": ""海南税务2026年区块链国有土地使用权出让收入场景优化升级、金四多云运维管理平台及金税三期系统等运行维护项目（HNZC2026-039-00420260821002）-文件集.zip"", ""attach_url"": ""https://download.ccgp.gov.cn/oss/download?uuid=56C1D04E97F953BE0D9868DCF42F4F""}]",,,海南省海口市龙昆北路10号,王女士 0898-66770981,国家税务总局海南省税务局,,,,2026-09-09 15:21:56,彭少雄、陈小带、张太杰、刘卫军、林政龙（采购人代表）,海南税务2026年区块链国有土地使用权出让收入场景优化升级、金四多云运维管理平台及金税三期系统等运行维护项目结果公告（采购包2、3）,中标公告,https://www.ccgp.gov.cn/cggg/zygg/zbgg/./202609/t20260908_27287556.htm,,,,,2026年09月08日 16:16,,,,,445.9156
北京市,北京市丰台区西营街1号院通用时代中心C座9层,姚玮、孙薇 010－81168492,中技国际招标有限公司,,"检验科设备购置-电泳仪等-发售稿.pdf,110号标-中标公告.doc","[{""attach_name"": ""检验科设备购置-电泳仪等-发售稿.pdf"", ""attach_url"": ""https://download.ccgp.gov.cn/oss/download?uuid=E5C2AB6F4060E59CF55FFCB6D2576C""}, {""attach_name"": ""110号标-中标公告.doc"", ""attach_url"": ""https://download.ccgp.gov.cn/oss/download?uuid=C6C3558D30853F284218BF2403EC57""}]",,,北京市东城区王府井帅府园1号,刘老师 010-69156696,中国医学科学院北京协和医院,,,,2026-09-09 15:21:56,刘骐鸣、贾志凌、徐月萍、焦永春、秦绪珍,中国医学科学院北京协和医院检验科设备购置项目中标公告,中标公告,https://www.ccgp.gov.cn/cggg/zygg/zbgg/./202609/t20260908_27287381.htm,,,,,2026年09月08日 16:11,,,,,71.1
北京市,北京市丰台区西营街1号院通用时代中心C座9层,姚玮、孙薇 010－81168492,中技国际招标有限公司,,"风湿免疫两重-发售稿.pdf,791号标-中标公告.doc","[{""attach_name"": ""风湿免疫两重-发售稿.pdf"", ""attach_url"": ""https://download.ccgp.gov.cn/oss/download?uuid=01FB66914EF12B4CA9B3C20188E425""}, {""attach_name"": ""791号标-中标公告.doc"", ""attach_url"": ""https://download.ccgp.gov.cn/oss/download?uuid=87958F1A36065B40393ED0F201F9C6""}]",,,北京市东城区王府井帅府园1号,刘老师 010-69156696,中国医学科学院北京协和医院,,,,2026-09-09 15:21:56,徐克明、高春平、曹红、刘燕婷、戚豫、徐东、张蜀澜,中国医学科学院北京协和医院国家皮肤与免疫疾病临床医学研究中心创新能力提升两重建设项目第4、5、7包中标公告,中标公告,https://www.ccgp.gov.cn/cggg/zygg/zbgg/./202609/t20260908_27287375.htm,,,,,2026年09月08日 16:10,,,,,822.0
北京市,北京市丰台区西营街1号院通用时代中心C座9层,姚玮、孙薇 010－81168492,中技国际招标有限公司,,"宫内刨削系统-发售稿.pdf,784号标-中标公告.doc","[{""attach_name"": ""宫内刨削系统-发售稿.pdf"", ""attach_url"": ""https://download.ccgp.gov.cn/oss/download?uuid=FADDA6893A80ECBDF5B67CC5ACDC07""}, {""attach_name"": ""784号标-中标公告.doc"", ""attach_url"": ""https://download.ccgp.gov.cn/oss/download?uuid=F6688613FC30C4284C1A39B96FF487""}]",,,北京市东城区王府井帅府园1号,刘老师 010-69156696,中国医学科学院北京协和医院,,,,2026-09-09 15:21:56,高春平、刘淑娟、范平、卢东生、汤萍萍,中国医学科学院北京协和医院宫内刨削系统购置项目中标公告,中标公告,https://www.ccgp.gov.cn/cggg/zygg/zbgg/./202609/t20260908_27287387.htm,,,,,2026年09月08日 16:10,,,,,148.0
广东省,广州市天河区天寿路31号1301室（部位：内自编05房（仅限办公））,王工 020-37209484-823,广东粤信项目管理有限公司,,中小企业声明函.pdf,"[{""attach_name"": ""中小企业声明函.pdf"", ""attach_url"": ""https://download.ccgp.gov.cn/oss/download?uuid=35995CE3EC0AF0A8151B72FB507767""}]",,,广州市海珠区新港中路353号,020-84208042,自然资源部南海预报减灾中心,,,,2026-09-09 15:21:57,史先亮、黄印欣、林琅、郑南荣、雷有雄,典型海洋灾害承灾体易损性研究项目中标公告,中标公告,https://www.ccgp.gov.cn/cggg/zygg/zbgg/./202609/t20260908_27287236.htm,,,,,2026年09月08日 16:05,,,,,295.0
上海市,上海市普陀区长寿路285号恒达大厦16楼,张子豪、孙瑞强，021-32557735、32557738，电子邮箱：zzh@shbid.com,上海机电设备招标有限公司,,"4659招标文件发售稿_复旦大学附属中山医院X射线计算机断层扫描系统（CT）.docx,本国声明函.pdf","[{""attach_name"": ""4659招标文件发售稿_复旦大学附属中山医院X射线计算机断层扫描系统（CT）.docx"", ""attach_url"": ""https://download.ccgp.gov.cn/oss/download?uuid=EBF0AAE80CC3149B9958EAB3EDBDF1""}, {""attach_name"": ""本国声明函.pdf"", ""attach_url"": ""https://download.ccgp.gov.cn/oss/download?uuid=62F7BBCB5EE9B9D6CABC220BD50C7A""}]",,,上海市枫林路180号,仲敏 021-64041990,复旦大学附属中山医院,,,,2026-09-09 15:21:57,徐丽军、孙洪荣、曹春阳、王琪、王一栋,复旦大学附属中山医院X射线计算机断层扫描系统（CT）中标公告,中标公告,https://www.ccgp.gov.cn/cggg/zygg/zbgg/./202609/t20260908_27287202.htm,,,,,2026年09月08日 16:03,,,,,500.0
郑州市,郑州市郑东新区商务外环路3号中华大厦19层1907,王品  卢宗阳  陈政  宋沛轶0371-63911057,河南豫信招标有限责任公司,,"本国产品声明函.pdf,分项报价表.pdf,卫星遥感产品检验基地招标文件（定）.pdf,中小企业声明函.pdf","[{""attach_name"": ""本国产品声明函.pdf"", ""attach_url"": ""https://download.ccgp.gov.cn/oss/download?uuid=652CCF23CE730650959222480560CF""}, {""attach_name"": ""分项报价表.pdf"", ""attach_url"": ""https://download.ccgp.gov.cn/oss/download?uuid=B1E63FC98FFF7D3C723853AE8987A8""}, {""attach_name"": ""卫星遥感产品检验基地招标文件（定）.pdf"", ""attach_url"": ""https://download.ccgp.gov.cn/oss/download?uuid=F2339FB17ABB5BC41A9E6CE208B4FA""}, {""attach_name"": ""中小企业声明函.pdf"", ""attach_url"": ""https://download.ccgp.gov.cn/oss/download?uuid=4AAB9939E6BDDC5DCD818514E12ACC""}]",,,郑州市管城区南三环路2号郑州市气象局院内,李彤霄18638398129,河南省气象科学研究所,,,,2026-09-09 15:21:57,李秋菊、张传军、韩贵黎、朱海华、李彤霄（采购人代表）,河南省气象科学研究所卫星遥感产品真实性检验基地建设项目中标公告,中标公告,https://www.ccgp.gov.cn/cggg/zygg/zbgg/./202609/t20260908_27287167.htm,,,,,2026年09月08日 16:02,,,,,420.0
莱山区,莱山区迎春大街177号润华大厦1号楼20层,李泓颖 0535-6771623,山东隽泓项目管理有限公司,,成交附件.pdf,"[{""attach_name"": ""成交附件.pdf"", ""attach_url"": ""https://download.ccgp.gov.cn/oss/download?uuid=22CCD724D04FAF4C003C1993448617""}]",,,烟台市莱山区芙蓉路4号,李老师 0535-2983912,烟台市消防救援支队,,,,2026-09-09 15:21:57,王俪霖、吕海泳（组长）、王爱民、刘蓬秋、滕秀泽,烟台市消防救援支队办公物资服务单位选定项目中标公告,中标公告,https://www.ccgp.gov.cn/cggg/zygg/zbgg/./202609/t20260908_27287169.htm,,,,,2026年09月08日 16:01,,,,,0.0
抚顺市,抚顺市顺城区高山路155号楼1楼门市,杜娇/024-57658866,辽宁亿隆项目管理有限公司,,,,,,辽宁省抚顺市望花区营口路1号,马云龙/024-56203692,抚顺市消防救援支队,,,,2026-09-09 15:21:57,付铁鹏、姜宝东、张艳丽、刘璐（不含采购人代表）,抚顺市消防救援支队粮油物资集中采购项目中标公告,中标公告,https://www.ccgp.gov.cn/cggg/zygg/zbgg/./202609/t20260908_27287110.htm,,,,,2026年09月08日 15:56,,,,,0.0
呼和浩特市,内蒙古呼和浩特市赛罕区鄂尔多斯东街12号银联大厦10层,高星冰、李驰 0471-5223622,内蒙古中实工程招标咨询有限责任公司,,中国人民银行内蒙古自治区分行数据中心值班巡检服务采购项目招标文件（定稿）.pdf,"[{""attach_name"": ""中国人民银行内蒙古自治区分行数据中心值班巡检服务采购项目招标文件（定稿）.pdf"", ""attach_url"": ""https://download.ccgp.gov.cn/oss/download?uuid=F01D643A3CADCAB230474B2EFC0645""}]",,,呼和浩特市新城区新华大街188号,王进文 0471-6655009,中国人民银行内蒙古自治区分行,,,,2026-09-09 15:21:57,魏钢柱、武常胜、刘继君、高东风、多虹、张富贵（招标人代表）、石博（招标人代表）,中国人民银行内蒙古自治区分行数据中心值班巡检服务采购项目中标结果公告,中标公告,https://www.ccgp.gov.cn/cggg/zygg/zbgg/./202609/t20260908_27287115.htm,,,,,2026年09月08日 15:56,,,,,247.0
北京市,北京市海淀区丹棱街1号互联网金融中心20层,耿佳 段威宇 陈君烁 冀松阳   010-68290565/0549/0509/0515，wyduan@oitc.com.cn/jgeng@oitc.com.cn,东方国际招标有限责任公司,,"0352-高能所-低噪声前置放大电路芯片工程批定型流片-招标文件最终稿.docx,中小企业声明函.pdf","[{""attach_name"": ""0352-高能所-低噪声前置放大电路芯片工程批定型流片-招标文件最终稿.docx"", ""attach_url"": ""https://download.ccgp.gov.cn/oss/download?uuid=ABBB2A1D2B19E4767A16A0CEEE5B68""}, {""attach_name"": ""中小企业声明函.pdf"", ""attach_url"": ""https://download.ccgp.gov.cn/oss/download?uuid=0D5388CB77E5918C21BB278B6F301E""}]",,,北京市石景山区玉泉路19号乙院,暴老师 010-88238792,中国科学院高能物理研究所,,,,2026-09-09 15:21:57,王于仨（组长、自选） 徐玉朋（自选） 张雅聪（自选） 李炜（自选） 李贞杰（用户代表）,中国科学院高能物理研究所低噪声前置放大电路芯片工程批定型流片服务项目中标公告,中标公告,https://www.ccgp.gov.cn/cggg/zygg/zbgg/./202609/t20260908_27287076.htm,,,,,2026年09月08日 15:54,,,,,150.0
青岛市,青岛市市北区敦化路138号西王大厦23A02室,王坚、侯美玲 0532-66753999、19553543726、15966905965,盛和招标代理有限公司,,"定稿-SHSDZB2026-013 中国石油大学（华东）校医院高性能多层螺旋CT系统设备采购公开招标文件.pdf,附件.docx","[{""attach_name"": ""定稿-SHSDZB2026-013 中国石油大学（华东）校医院高性能多层螺旋CT系统设备采购公开招标文件.pdf"", ""attach_url"": ""https://download.ccgp.gov.cn/oss/download?uuid=45AB0A2A743987D20FDC92FE6F6C34""}, {""attach_name"": ""附件.docx"", ""attach_url"": ""https://download.ccgp.gov.cn/oss/download?uuid=D886B3FC3E47E3B8DE90836B180D85""}]",,,山东省青岛市黄岛区长江西路66号,汤老师  0532-86983188,中国石油大学（华东）,,,,2026-09-09 15:21:57,张晓玲、王爱莉、曹正梅 、张友篪 、王大鹏（采购人代表）,中国石油大学（华东）校医院高性能多层螺旋CT系统设备采购中标公告,中标公告,https://www.ccgp.gov.cn/cggg/zygg/zbgg/./202609/t20260908_27287047.htm,,,,,2026年09月08日 15:53,,,,,256.0
江宁区,南京市浦口区新城总部大厦B座515室,陈工025-83286879,南京建凯建设项目管理有限公司,,定稿招标文件-南京航空航天大学将军路校区JA17号理学楼二层实践教学场地建设项目.doc,"[{""attach_name"": ""定稿招标文件-南京航空航天大学将军路校区JA17号理学楼二层实践教学场地建设项目.doc"", ""attach_url"": ""https://download.ccgp.gov.cn/oss/download?uuid=019BF9DDA45083714378370FD5ADEA""}]",,,江苏省南京市江宁区将军大道29号基建处,武老师025-52119862,南京航空航天大学,,,,2026-09-09 15:21:57,陈大远、杨健、纪正华、韦鹏飞、王泽乾,南京航空航天大学将军路校区JA17号理学楼二层实践教学场地建设项目中标结果公告,中标公告,https://www.ccgp.gov.cn/cggg/zygg/zbgg/./202609/t20260908_27287035.htm,,,,,2026年09月08日 15:53,,,,,67.784017
武汉市,湖北省武汉市武昌区中北路108号兴业银行大厦五层,周丹娜、龙琳、阳世昌、肖书浩、方勇，电话：027-87273661,湖北省招标股份有限公司,,15265209华中科技大学同济医学院附属协和医院2026年网络安全设备原厂维保项目（定稿）.pdf,"[{""attach_name"": ""15265209华中科技大学同济医学院附属协和医院2026年网络安全设备原厂维保项目（定稿）.pdf"", ""attach_url"": ""https://download.ccgp.gov.cn/oss/download?uuid=7359EDB86EFEB95F6864691DD2C6F5""}]",,,湖北省武汉市解放大道1277号,吴老师，电话：027-85726822,华中科技大学同济医学院附属协和医院,,,,2026-09-09 15:21:57,李伟（组长）、郭涛、张映、方彦、吴檠（采购人代表）,华中科技大学同济医学院附属协和医院2026年网络安全设备原厂维保项目中标公告,中标公告,https://www.ccgp.gov.cn/cggg/zygg/zbgg/./202609/t20260908_27287033.htm,,,,,2026年09月08日 15:52,,,,,94.85
江苏省,南京市鼓楼区中山北路 285 号电子大楼附楼（原江虞宾馆）406 室,梁诗涵、成翔 025-83581352,江苏苏咨工程咨询有限责任公司,,"中小企业声明函-云南锦锐古建筑园林有限公司.pdf,(线下)东南大学四牌楼校区热工实验室片区修缮改造一期招标文件.pdf","[{""attach_name"": ""中小企业声明函-云南锦锐古建筑园林有限公司.pdf"", ""attach_url"": ""https://download.ccgp.gov.cn/oss/download?uuid=E8B08CBD3A5CD8485171E298D31B09""}, {""attach_name"": ""(线下)东南大学四牌楼校区热工实验室片区修缮改造一期招标文件.pdf"", ""attach_url"": ""https://download.ccgp.gov.cn/oss/download?uuid=B11CC104C31D45A028B2FD7355FB18""}]",,,东南大学四牌楼校区,张老师、025-83795034,东南大学,,,,2026-09-09 15:21:57,顾新红、陶凌芳、徐玉红、胡敏、汤磊(采购人代表),四牌楼校区热工实验室片区修缮改造一期中标公告,中标公告,https://www.ccgp.gov.cn/cggg/zygg/zbgg/./202609/t20260908_27287031.htm,,,,,2026年09月08日 15:52,,,,,566.758026
天津市,天津市河东区红星路79号二楼（邮编：300161）,范志刚、傅耀  022-24538318,天津市政府采购中心,,"招标文件-服务-货物.pdf,中标明细表.doc,更正公告.pdf","[{""attach_name"": ""招标文件-服务-货物.pdf"", ""attach_url"": ""https://download.ccgp.gov.cn/oss/download?uuid=63AD06E74F01B0AABCFC0D1126D365""}, {""attach_name"": ""中标明细表.doc"", ""attach_url"": ""https://download.ccgp.gov.cn/oss/download?uuid=4A5CE05B96242E4CFAE96A279CA984""}, {""attach_name"": ""更正公告.pdf"", ""attach_url"": ""https://download.ccgp.gov.cn/oss/download?uuid=E408DD9B55A5B0C4BEA48980DFA106""}]",,,天津市滨海新区晋州道616号,何福臣  022-66689500,天津市滨海新区消防救援支队,,,,2026-09-09 15:21:57,徐志言、崔雁松、孔祥鑫、李季、王树滨（采购人代表）。,天津市滨海新区消防救援支队为新城镇及杨家泊消防站购置通信设备项目（项目编号：TGPC-2026-A-0202）中标结果公告,中标公告,https://www.ccgp.gov.cn/cggg/zygg/zbgg/./202609/t20260908_27287008.htm,,,,,2026年09月08日 15:51,,,,,88.747
沈阳市,沈阳市和平区绥化东街2号,续晓明024-2253007,沈阳招标中心有限公司,,"发售版-002包招标文件-沈阳海关技术中心试剂耗材采购项目.pdf,001包中小企业声明函.pdf,发售版-001包招标文件-沈阳海关技术中心试剂耗材采购项目.pdf,001包货物明细.pdf,002包货物明细.pdf,002包中小企业声明函.pdf","[{""attach_name"": ""发售版-002包招标文件-沈阳海关技术中心试剂耗材采购项目.pdf"", ""attach_url"": ""https://download.ccgp.gov.cn/oss/download?uuid=107C65AD1F95D99F21414A5CED22DA""}, {""attach_name"": ""001包中小企业声明函.pdf"", ""attach_url"": ""https://download.ccgp.gov.cn/oss/download?uuid=941E9AA0DFFE8911F06CC46688A3E7""}, {""attach_name"": ""发售版-001包招标文件-沈阳海关技术中心试剂耗材采购项目.pdf"", ""attach_url"": ""https://download.ccgp.gov.cn/oss/download?uuid=681E4F355BE3809A4C5303C8330B69""}, {""attach_name"": ""001包货物明细.pdf"", ""attach_url"": ""https://download.ccgp.gov.cn/oss/download?uuid=45C659F5DAF74CB014E2FD63AA3F97""}, {""attach_name"": ""002包货物明细.pdf"", ""attach_url"": ""https://download.ccgp.gov.cn/oss/download?uuid=C4E7796DBDA9A3DF08E0484CDF6535""}, {""attach_name"": ""002包中小企业声明函.pdf"", ""attach_url"": ""https://download.ccgp.gov.cn/oss/download?uuid=1F91F1E5ECD22A0BBDAB16FE98CDBE""}]",,,沈阳市沈河区东滨河路106号,杨沫 024-24123519,沈阳海关技术中心,,,,2026-09-09 15:21:57,申延明、韩笑非、廉守红、张强,沈阳海关技术中心试剂耗材采购项目中标公告,中标公告,https://www.ccgp.gov.cn/cggg/zygg/zbgg/./202609/t20260908_27286891.htm,,,,,2026年09月08日 15:47,,,,,170.385746
北京市,北京市海淀区莲花池东路39号西金大厦8层新华招标,王乙 010-63905838,新华招标有限公司,,"中小企业声明函01.pdf,4.HW0829【招标文件】2026年专项设备购置第五批采购项目-终稿8.6.pdf,11.HW0829【中标公告】.docx","[{""attach_name"": ""中小企业声明函01.pdf"", ""attach_url"": ""https://download.ccgp.gov.cn/oss/download?uuid=2C9F3EBAB4622B758E35791DC63663""}, {""attach_name"": ""4.HW0829【招标文件】2026年专项设备购置第五批采购项目-终稿8.6.pdf"", ""attach_url"": ""https://download.ccgp.gov.cn/oss/download?uuid=9F1DB4478DA771232141658989140E""}, {""attach_name"": ""11.HW0829【中标公告】.docx"", ""attach_url"": ""https://download.ccgp.gov.cn/oss/download?uuid=5CCB13BFB63F15DC2A626FD81E8C6A""}]",,,北京市大兴区华佗路31号,毛老师 010-53852853,中国食品药品检定研究院,,,,2026-09-09 15:21:57,蔡会军、陈东、李中福、刘博、杜海燕、左琴、范涛、韩小旭、张文在、张露勇、张会亮、陈怡文、李樾、陶磊,中国药品检定研究院2026年专项设备购置第五批采购项目中标公告,中标公告,https://www.ccgp.gov.cn/cggg/zygg/zbgg/./202609/t20260908_27286888.htm,,,,,2026年09月08日 15:46,,,,,2025.304
北京市,北京市朝阳区建国门外大街甲3号,胡瑞瑞、尤旭、齐琳 010-85343349/50,北京国际贸易有限公司,,FFFFF-550-大气实体模拟活性有机物全组分实时在线高分辨率质谱分析系统.pdf,"[{""attach_name"": ""FFFFF-550-大气实体模拟活性有机物全组分实时在线高分辨率质谱分析系统.pdf"", ""attach_url"": ""https://download.ccgp.gov.cn/oss/download?uuid=3E819B49A65D2110D7C9AB89E286D6""}]",,,北京市朝阳区安外北苑大羊坊8号,李俊玲 010-84915163,中国环境科学研究院,,,,2026-09-09 15:21:58,魏伟、于勇谋、温新婴、凌东恺、李俊玲（采购人代表）,大气实体模拟活性有机物全组分实时在线高分辨率质谱分析系统中标公告,中标公告,https://www.ccgp.gov.cn/cggg/zygg/zbgg/./202609/t20260908_27286870.htm,,,,,2026年09月08日 15:45,,,,,545.39
湖北省,武汉东湖新技术开发区高新大道666号生物创新园A20栋10楼,刘帆、马荫荫、张宇、陈文静027-59526506、84888156,中科器湖北有限公司,,"采购文件.pdf,本国.docx","[{""attach_name"": ""采购文件.pdf"", ""attach_url"": ""https://download.ccgp.gov.cn/oss/download?uuid=9223EB3C0FCEA075EE40A924A6DF3C""}, {""attach_name"": ""本国.docx"", ""attach_url"": ""https://download.ccgp.gov.cn/oss/download?uuid=959F0C1E1585762D1ABA692F0F7398""}]",,,湖北省武汉市解放大道1277号,李老师027-85726571,华中科技大学同济医学院附属协和医院,,,,2026-09-09 15:21:58,肖玫、马江宏（组长）、潘群、殷明、刘礼霞、张丽（采购人代表）、王静（采购人代表）,华中科技大学同济医学院附属协和医院超声医学科彩色多普勒超声诊断仪6台(心脏机)中标公告,中标公告,https://www.ccgp.gov.cn/cggg/zygg/zbgg/./202609/t20260908_27286868.htm,,,,,2026年09月08日 15:44,,,,,1280.0
西安市,西安市高新区高新四路1号高科广场A座10楼1001会议室,陈璐、赵倩、刘洪涛029-87304306、029-87304326、029-88364979转857,陕西中技招标有限公司,,"0376本国产品函.pdf,26-0376陕西师范大学多场景语言智能竞技与训练实验系统项目招标文件.pdf","[{""attach_name"": ""0376本国产品函.pdf"", ""attach_url"": ""https://download.ccgp.gov.cn/oss/download?uuid=DF6D99F5D5EBE155EF2DDDA7AA274B""}, {""attach_name"": ""26-0376陕西师范大学多场景语言智能竞技与训练实验系统项目招标文件.pdf"", ""attach_url"": ""https://download.ccgp.gov.cn/oss/download?uuid=E81ADC87E6B86C8773B25F654EC365""}]",,,西安市长安区西长安街620号,曹睿、李婷029-85310696,陕西师范大学,,,,2026-09-09 15:21:58,李明昊、陈锻炼、弓海洋、杨宁侠、邢俊升（采购人代表）,陕西师范大学多场景语言智能竞技与训练实验系统项目中标公告,中标公告,https://www.ccgp.gov.cn/cggg/zygg/zbgg/./202609/t20260908_27286716.htm,,,,,2026年09月08日 15:39,,,,,139.86
甘肃省,北京市海淀区丹棱街1号互联网金融中心20层,吴旭 冯宇图 唐添慧  010-68290510、010-68290550、010-68290526、15010068103、xwu@osic.com.cn,东方国际招标有限责任公司,,"中小企业声明函(1).pdf,关于符合本国产品标准的声明函.pdf,_OITC-G260160202中国科学院近代物理研究所氦气采购项目(最终稿）.doc","[{""attach_name"": ""中小企业声明函(1).pdf"", ""attach_url"": ""https://download.ccgp.gov.cn/oss/download?uuid=22577AF67E9B07634741A01D48D9D4""}, {""attach_name"": ""关于符合本国产品标准的声明函.pdf"", ""attach_url"": ""https://download.ccgp.gov.cn/oss/download?uuid=C66520BFDBFC34DEB38B461F313927""}, {""attach_name"": ""_OITC-G260160202中国科学院近代物理研究所氦气采购项目(最终稿）.doc"", ""attach_url"": ""https://download.ccgp.gov.cn/oss/download?uuid=E393D9916B19E8E3A6B9591CD00A56""}]",,,甘肃省兰州市城关区南昌路509号,0931-4969256,中国科学院近代物理研究所,,,,2026-09-09 15:21:58,徐成俊、王军、马泽宝、罗新国、墨海霞、牛小飞、张军辉（全部自行选定）,中国科学院近代物理研究所氦气采购项目中标公告,中标公告,https://www.ccgp.gov.cn/cggg/zygg/zbgg/./202609/t20260908_27286714.htm,,,,,2026年09月08日 15:39,,,,,437.4
甘肃省,北京市海淀区丹棱街1号互联网金融中心20层,吴旭 冯宇图 唐添慧 010-68290510、010-68290550、010-68290526、15010068103、xwu@osic.com.cn,东方国际招标有限责任公司,,_OITC-G260160223加速器驱动次临界反应堆堆芯核热力多场耦合程序研发采购项目(最终稿).docx,"[{""attach_name"": ""_OITC-G260160223加速器驱动次临界反应堆堆芯核热力多场耦合程序研发采购项目(最终稿).docx"", ""attach_url"": ""https://download.ccgp.gov.cn/oss/download?uuid=162079F5431CC25C54A082F54593C9""}]",,,甘肃省兰州市城关区南昌路509号,0931-4969256,中国科学院近代物理研究所,,,,2026-09-09 15:21:58,马泽宝、罗新国、墨海霞、朱永平、张勋超（全部自行选定）,中国科学院近代物理研究所加速器驱动次临界反应堆堆芯核热力多场耦合程序研发采购项目中标公告,中标公告,https://www.ccgp.gov.cn/cggg/zygg/zbgg/./202609/t20260908_27286717.htm,,,,,2026年09月08日 15:38,,,,,129.5
长沙市,长沙市开福区文创路260号创梦文化产业中心S3栋13楼,联 系 人：周成、黄艳林、李志强、赵艳、马伶韵                联系电话：0731-85018855,北京泛华国金工程咨询有限公司,,（发出稿）中南大学湘雅二医院2026年度患者服务短信平台采购 招标（采购）文件.docx,"[{""attach_name"": ""（发出稿）中南大学湘雅二医院2026年度患者服务短信平台采购 招标（采购）文件.docx"", ""attach_url"": ""https://download.ccgp.gov.cn/oss/download?uuid=E4F4BB9151E672CF9666E80A51747B""}]",,,长沙市芙蓉区人民中路139号,联 系 人：黄老师                联系电话：0731-85294138,中南大学湘雅二医院,,,,2026-09-09 15:21:58,宾凌（组长）、唐澄宁、李明明,中南大学湘雅二医院2026年度患者服务短信平台采购中标公告,中标公告,https://www.ccgp.gov.cn/cggg/zygg/zbgg/./202609/t20260908_27286651.htm,,,,,2026年09月08日 15:37,,,,,40.0
甘肃省,北京市海淀区丹棱街1号互联网金融中心20层,吴旭 冯宇图 唐添慧  010-68290510、010-68290550、010-68290526、15010068103、xwu@osic.com.cn,东方国际招标有限责任公司,,"_OITC-G260160225高场铌钛超导二极磁体工程样机设计及研制采购项目(最终稿)(1).doc,符合本国产品标准的声明函.pdf,中小企业声明函(1).pdf","[{""attach_name"": ""_OITC-G260160225高场铌钛超导二极磁体工程样机设计及研制采购项目(最终稿)(1).doc"", ""attach_url"": ""https://download.ccgp.gov.cn/oss/download?uuid=1A7600909FFD23FB77D383B90ACFC7""}, {""attach_name"": ""符合本国产品标准的声明函.pdf"", ""attach_url"": ""https://download.ccgp.gov.cn/oss/download?uuid=6D5B47C1224EB33B91E171B905DF45""}, {""attach_name"": ""中小企业声明函(1).pdf"", ""attach_url"": ""https://download.ccgp.gov.cn/oss/download?uuid=3540C1A207A37A72419A0C83B765A6""}]",,,甘肃省兰州市城关区南昌路509号,0931-4969256,中国科学院近代物理研究所,,,,2026-09-09 15:21:58,马泽宝、王军、罗新国、墨海霞、韩正男（全部自行选定）,中国科学院近代物理研究所高场铌钛超导二极磁体工程样机设计及研制采购项目中标公告,中标公告,https://www.ccgp.gov.cn/cggg/zygg/zbgg/./202609/t20260908_27286647.htm,,,,,2026年09月08日 15:37,,,,,236.0
市辖区,西章胡同9号院,010-83083702,中央国家机关政府采购中心,,"中国安全生产科学研究院密云安科基地物业服务采购项目采购文件.pdf,投标人得分排序表.doc,中标通知书.zip,北京诚威物业管理有限公司中小企业声明函.pdf,北京诚威物业管理有限公司残疾人福利性单位声明函.pdf","[{""attach_name"": ""中国安全生产科学研究院密云安科基地物业服务采购项目采购文件.pdf"", ""attach_url"": ""https://download.ccgp.gov.cn/oss/download?uuid=f75e7df9-5e96-4c70-9520-ae70c0""}, {""attach_name"": ""投标人得分排序表.doc"", ""attach_url"": ""https://download.ccgp.gov.cn/oss/download?uuid=785a3012-43b8-45a6-a415-6b2e19""}, {""attach_name"": ""中标通知书.zip"", ""attach_url"": ""https://download.ccgp.gov.cn/oss/download?uuid=67bb9c70-e544-40d3-9f26-9e4712""}, {""attach_name"": ""北京诚威物业管理有限公司中小企业声明函.pdf"", ""attach_url"": ""https://download.ccgp.gov.cn/oss/download?uuid=dfb792f7-0ad4-4784-865a-62d1a0""}, {""attach_name"": ""北京诚威物业管理有限公司残疾人福利性单位声明函.pdf"", ""attach_url"": ""https://download.ccgp.gov.cn/oss/download?uuid=334f3165-01a7-43d1-85c2-b51ec7""}]",,,北京市朝阳区北苑路32号甲1号楼,010-84911559,中国安全生产科学研究院,,,,2026-09-09 15:21:58,"单广江,马常存,申鹰,黄缨,张友明",中国安全生产科学研究院密云安科基地物业服务采购项目中标公告,中标公告,https://www.ccgp.gov.cn/cggg/zygg/zbgg/./202609/t20260908_27286761.htm,,,,,2026年09月08日 15:35,,,,,283.255
市辖区,上海市静安区梅园路228号企业广场1910-1912室,潘英韬、王捷仪、汤娜 021-62062986,上海中利威项目管理有限公司,,中小企业声明函.pdf,"[{""attach_name"": ""中小企业声明函.pdf"", ""attach_url"": ""https://download.ccgp.gov.cn/oss/download?uuid=71B13DD232F46D281F83FE856DF1B2""}]",,,上海市中山南二路601号,刘老师、021-64175928,应急管理部上海消防研究所,,,,2026-09-09 15:21:58,陈景翎、白美文、陈安萍、夏春红、郭淳,应急管理部上海消防研究所金山基地零星工程施工项目中标公告,中标公告,https://www.ccgp.gov.cn/cggg/zygg/zbgg/./202609/t20260908_27286552.htm,,,,,2026年09月08日 15:33,,,,,0.0
泉州市,福建省泉州市丰泽区城华北路568号华大泰禾广场SOHO-2座1416室,小张、上官尧珍,泉州市信恒招标咨询有限公司,,中小企业声明函.zip,"[{""attach_name"": ""中小企业声明函.zip"", ""attach_url"": ""https://download.ccgp.gov.cn/oss/download?uuid=61ADB3B84B2F6DDC4CBE98A74D6EFC""}]",,,福建省晋江市泉安路与文景路交汇处1号,张先生联系电话15859600876,中华人民共和国泉州海事局,,,,2026-09-09 15:21:58,王晓明、潘佳辉、石黔灵、颜彬彬、颜雅歆。,泉州市信恒招标咨询有限公司关于泉州海事局2026-2029年机关及基层办公院区物业管理服务采购项目的中标公告,中标公告,https://www.ccgp.gov.cn/cggg/zygg/zbgg/./202609/t20260908_27286466.htm,,,,,2026年09月08日 15:28,,,,,173.1
江苏省,江苏省南京市鼓楼区郑和中路118号D座12楼1203室,汪律、姜瑶、陈诚，025-83240902、83249926、83248600,江苏省招标中心有限公司,,"东南大学机械工程学院激光增材制造设备采购项目-招标文件-发售稿.pdf,中小企业声明函.pdf,关于符合本国产品的声明函.pdf","[{""attach_name"": ""东南大学机械工程学院激光增材制造设备采购项目-招标文件-发售稿.pdf"", ""attach_url"": ""https://download.ccgp.gov.cn/oss/download?uuid=2EF289F76CE5F71765DA0DF6632F21""}, {""attach_name"": ""中小企业声明函.pdf"", ""attach_url"": ""https://download.ccgp.gov.cn/oss/download?uuid=05C558CE91A805E8F85BB98C13476B""}, {""attach_name"": ""关于符合本国产品的声明函.pdf"", ""attach_url"": ""https://download.ccgp.gov.cn/oss/download?uuid=1540C387D4DDBF6ED62258BA9FE550""}]",,,江苏省南京市玄武区四牌楼2号,机械工程学院：彭老师，18742037086 ；实验室与设备管理处：罗老师，025-52091041,东南大学,,,,2026-09-09 15:21:58,王晓宇（采购人代表）、俞新兴、杨培红、张葵、曹禄彬,东南大学机械工程学院激光增材制造设备采购项目中标公告,中标公告,https://www.ccgp.gov.cn/cggg/zygg/zbgg/./202609/t20260908_27286464.htm,,,,,2026年09月08日 15:28,,,,,90.0
四川省,成都市高新区天府大道中段530-2号东方希望天祥广场B座12楼10号,李先生；028-61397250；028-61397251,成都盈合工程项目管理有限公司,,西南财经大学2026年中文纸本图书及期刊采购项目招标文件.pdf,"[{""attach_name"": ""西南财经大学2026年中文纸本图书及期刊采购项目招标文件.pdf"", ""attach_url"": ""https://download.ccgp.gov.cn/oss/download?uuid=6BB99F9FE9B5029554ECB46BFA2887""}]",,,四川省成都市温江区柳台大道555号,蔡老师；028-87092439,西南财经大学,,,,2026-09-09 15:21:58,杨晓瑜、谯怀泽、谭利、张俊、欧品山（采购人代表）,西南财经大学2026年中文纸本图书及期刊采购项目中标公告,中标公告,https://www.ccgp.gov.cn/cggg/zygg/zbgg/./202609/t20260908_27286409.htm,,,,,2026年09月08日 15:25,,,,,0.0
北京市,北京市丰台区西营街1号院通用时代中心C座,郝晨、谢乔旭、杨睿铭、吴笛010-81168179,中国通用咨询投资有限公司,,招标文件-中国药品检定研究院生物安全二级实验室和洁净实验室维保服务采购项目（二次）（发出稿0807）.pdf,"[{""attach_name"": ""招标文件-中国药品检定研究院生物安全二级实验室和洁净实验室维保服务采购项目（二次）（发出稿0807）.pdf"", ""attach_url"": ""https://download.ccgp.gov.cn/oss/download?uuid=4C3760D7DF6A1BBD8CB22DB36D54CF""}]",,,北京市大兴区华佗路31号,卢老师 010-53852856,中国食品药品检定研究院,,,,2026-09-09 15:21:58,徐万里、王昆、李雪柏、张红、范涛（采购人代表）,中国药品检定研究院生物安全二级实验室和洁净实验室维保服务采购项目（二次）中标公告,中标公告,https://www.ccgp.gov.cn/cggg/zygg/zbgg/./202609/t20260908_27286383.htm,,,,,2026年09月08日 15:23,,,,,753.09
北京市,北京市丰台区西营街1号院通用时代中心C座9层,张伯涵、肖然、孙薇010-81168683,中技国际招标有限公司,,"附件.zip,中标公告.docx,1-北京中医药大学东方医院国家中医药传承创新中心建设项目（重新招标第二次）-发售稿.pdf","[{""attach_name"": ""附件.zip"", ""attach_url"": ""https://download.ccgp.gov.cn/oss/download?uuid=80B7E89403C207B5F97DC82BEA0A13""}, {""attach_name"": ""中标公告.docx"", ""attach_url"": ""https://download.ccgp.gov.cn/oss/download?uuid=00F1BB26F6DE96A1073073D4D3B74C""}, {""attach_name"": ""1-北京中医药大学东方医院国家中医药传承创新中心建设项目（重新招标第二次）-发售稿.pdf"", ""attach_url"": ""https://download.ccgp.gov.cn/oss/download?uuid=CDFF4B65CBB6955A4100497E3A2DE0""}]",,,北京丰台方庄芳星园一区6号,杨老师 010-67652797,北京中医药大学东方医院,,,,2026-09-09 15:21:59,陈超一、刘峥、孙超、王军、魏红、斯海臣、季坤（12包）、温彬宇（18包）、刘豫玥（20包）,北京中医药大学东方医院国家中医药传承创新中心建设项目（第12包、第18包、第20包）-中标公告,中标公告,https://www.ccgp.gov.cn/cggg/zygg/zbgg/./202609/t20260908_27286320.htm,,,,,2026年09月08日 15:20,,,,,110.6
北京市,北京市丰台区西营街1号院通用时代中心C座9层,张伯涵、肖然、孙薇010-81168683,中技国际招标有限公司,,"中标公告.docx,中小企业声明函.pdf,1-高水平中医医院临床科研业务费-医疗人才培养方案（名医矩阵计划）-发售稿.pdf","[{""attach_name"": ""中标公告.docx"", ""attach_url"": ""https://download.ccgp.gov.cn/oss/download?uuid=5C3237A702EE1433775CC7409E934F""}, {""attach_name"": ""中小企业声明函.pdf"", ""attach_url"": ""https://download.ccgp.gov.cn/oss/download?uuid=BA228C6233BB460950DC327EA91F59""}, {""attach_name"": ""1-高水平中医医院临床科研业务费-医疗人才培养方案（名医矩阵计划）-发售稿.pdf"", ""attach_url"": ""https://download.ccgp.gov.cn/oss/download?uuid=222A099C9A176EB237E888D4EE627A""}]",,,北京丰台方庄芳星园一区6号,杨老师010-67652797,北京中医药大学东方医院,,,,2026-09-09 15:21:59,肖玮、张爱梅、武卫民、赵九洲、任珊,高水平中医医院临床科研业务费-医疗人才培养方案（名医矩阵计划）（第2包）-中标公告,中标公告,https://www.ccgp.gov.cn/cggg/zygg/zbgg/./202609/t20260908_27286326.htm,,,,,2026年09月08日 15:19,,,,,25.38
北京市,北京市丰台区西营街1号院通用时代中心C座,张蕊、潘瑞010-81168634 、010-81168605,中技国际招标有限公司,,"020中标结果公告.docx,《中国农技推广》杂志社有限公司-中小声明函.pdf,020-发售版-20260818-招标文件-基点县农情信息监测项目.pdf","[{""attach_name"": ""020中标结果公告.docx"", ""attach_url"": ""https://download.ccgp.gov.cn/oss/download?uuid=788A40482CEEF49179F5D515071464""}, {""attach_name"": ""《中国农技推广》杂志社有限公司-中小声明函.pdf"", ""attach_url"": ""https://download.ccgp.gov.cn/oss/download?uuid=E3B44C2CB86D93C72C1D9E992B9B77""}, {""attach_name"": ""020-发售版-20260818-招标文件-基点县农情信息监测项目.pdf"", ""attach_url"": ""https://download.ccgp.gov.cn/oss/download?uuid=F7964A8AE82853BF21C2A55BBB8674""}]",,,北京市朝阳区农展馆南里11号,张老师 010-59192478,农业农村部,,,,2026-09-09 15:21:59,郎国超、袁玲、张小玲、李兆英、薛红,基点县农情信息监测项目中标公告,中标公告,https://www.ccgp.gov.cn/cggg/zygg/zbgg/./202609/t20260908_27286273.htm,,,,,2026年09月08日 15:14,,,,,570.0
北京市,北京市海淀区海淀大街8号中钢国际广场16层,010-62688251,中钢招标有限责任公司,,"2641STC32942_招标文件_中国石油大学（北京）极端工况油气生产与应急作业人因安全综合实验平台采购项目.pdf,本国产品声明函.pdf,中小企业声明函.pdf","[{""attach_name"": ""2641STC32942_招标文件_中国石油大学（北京）极端工况油气生产与应急作业人因安全综合实验平台采购项目.pdf"", ""attach_url"": ""https://download.ccgp.gov.cn/oss/download?uuid=2FCE207341CA7F21DEF5B5D888BBE9""}, {""attach_name"": ""本国产品声明函.pdf"", ""attach_url"": ""https://download.ccgp.gov.cn/oss/download?uuid=5ACE45CC1B445CA9223722E709E42B""}, {""attach_name"": ""中小企业声明函.pdf"", ""attach_url"": ""https://download.ccgp.gov.cn/oss/download?uuid=81DDBF96766C0963BC8E49E7E62CC5""}]",,,北京市昌平区府学路18号,张老师 010-89737559,中国石油大学（北京）,,,,2026-09-09 15:21:59,陈世东、汪明启、温新婴、戴琳、吴明远,中国石油大学（北京）极端工况油气生产与应急作业人因安全综合实验平台采购项目中标公告,中标公告,https://www.ccgp.gov.cn/cggg/zygg/zbgg/./202609/t20260908_27286193.htm,,,,,2026年09月08日 15:09,,,,,268.8
西安市,西安市雁塔区雁翔路111号赛格·中京坊公寓A座1单元二层,刘晶、王真、杜航、任甜 029-88489979-8105,陕西隆信项目管理有限公司,,"中小企业声明函.pdf,关于符合本国产品标准的声明函.pdf,招标文件-陕西师范大学纳米流式检测仪.pdf","[{""attach_name"": ""中小企业声明函.pdf"", ""attach_url"": ""https://download.ccgp.gov.cn/oss/download?uuid=8FB9CC3093C74533F09684744AC5E4""}, {""attach_name"": ""关于符合本国产品标准的声明函.pdf"", ""attach_url"": ""https://download.ccgp.gov.cn/oss/download?uuid=240AD2EC767628D34E135D555420E3""}, {""attach_name"": ""招标文件-陕西师范大学纳米流式检测仪.pdf"", ""attach_url"": ""https://download.ccgp.gov.cn/oss/download?uuid=44436DE9E3544D84E8927FF21CFF58""}]",,,西安市长安区西长安街620号,曹睿、李婷 029-85310696,陕西师范大学,,,,2026-09-09 15:21:59,朱荣增、陶秋鹤、李汛、祁宗全、赵伟、何攀（采购人代表）、韩倩（采购人代表）,陕西师范大学纳米流式检测仪中标公告,中标公告,https://www.ccgp.gov.cn/cggg/zygg/zbgg/./202609/t20260908_27286051.htm,,,,,2026年09月08日 14:56,,,,,136.73
济南市,济南市天桥区K88名泉广场E3座7F,刘敏娟、韩蕊 13153177807,山东广源招标有限公司,,附件.zip,"[{""attach_name"": ""附件.zip"", ""attach_url"": ""https://download.ccgp.gov.cn/oss/download?uuid=8D7AE14ECF3CDA0F77EE9E8AB8DF18""}]",,,济南市天桥区无影山路12号,0531-81603696,山东省气象局,,,,2026-09-09 15:21:59,张开海、齐彦波、白康、刘健、刘泉,山东省人工影响天气水资源保障工程人影作业点升级改造深化设计服务项目中标公告,中标公告,https://www.ccgp.gov.cn/cggg/zygg/zbgg/./202609/t20260908_27286030.htm,,,,,2026年09月08日 14:54,,,,,93.5
西安市,西安市雁塔区雁翔路111号赛格·中京坊公寓A座1单元二层,王真、杜航、任甜 029-88489979-8208,陕西隆信项目管理有限公司,,"本国产品声明函.pdf,招标文件-陕西师范大学元宇宙外语师范生三级认证技能提升综合实验教学系统.pdf","[{""attach_name"": ""本国产品声明函.pdf"", ""attach_url"": ""https://download.ccgp.gov.cn/oss/download?uuid=47F441CD9792A80B10BDD8BEBA5ED8""}, {""attach_name"": ""招标文件-陕西师范大学元宇宙外语师范生三级认证技能提升综合实验教学系统.pdf"", ""attach_url"": ""https://download.ccgp.gov.cn/oss/download?uuid=35048E703E3DA13B17086426402FD3""}]",,,西安市长安区西长安街620号,曹睿、李婷 029-85310696,陕西师范大学,,,,2026-09-09 15:21:59,吴锋、张志刚、边瑞卿、杨海明、卢永辉（采购人代表）,陕西师范大学元宇宙外语师范生三级认证技能提升综合实验教学系统中标公告,中标公告,https://www.ccgp.gov.cn/cggg/zygg/zbgg/./202609/t20260908_27286016.htm,,,,,2026年09月08日 14:54,,,,,51.48
北京市,北京市朝阳区和平街东土城路甲9号远东大厦,刁振楠、梅豫家、樊卓 010-64291720转8105； yuandongyuandong@126.com,中国远东国际招标有限公司,,"中小企业声明函.jpg,【26-3370ZB3】新闻播出磁带抢救性数字化生产 发售稿（8.10发、9.1开）.pdf","[{""attach_name"": ""中小企业声明函.jpg"", ""attach_url"": ""https://download.ccgp.gov.cn/oss/download?uuid=E53A7B8A40FB6072D2BAA3C1E84187""}, {""attach_name"": ""【26-3370ZB3】新闻播出磁带抢救性数字化生产 发售稿（8.10发、9.1开）.pdf"", ""attach_url"": ""https://download.ccgp.gov.cn/oss/download?uuid=61BF3BB990EC1B7538D9D6DDB306E6""}]",,,北京市海淀区复兴路11号,王老师 68508752,中央广播电视总台,,,,2026-09-09 15:21:59,王宏、程轩、王继红、陈志国、张杨,中央广播电视总台新闻播出磁带抢救性数字化生产中标公告,中标公告,https://www.ccgp.gov.cn/cggg/zygg/zbgg/./202609/t20260908_27285880.htm,,,,,2026年09月08日 14:39,,,,,132.06
湖北省,武汉东湖新技术开发区高新大道666号生物创新园A20栋10楼,祁兵兵、陈珊027-59526506、59303009,中科器湖北有限公司,,"本国产品标准声明.pdf,华中科技大学同济医学院附属同济医院中法新城院区续建配套工程项目（一期转化医学大楼工程）通风柜采购及安装项目文件定稿.pdf,中小企业声明函.pdf","[{""attach_name"": ""本国产品标准声明.pdf"", ""attach_url"": ""https://download.ccgp.gov.cn/oss/download?uuid=042EB99C02A5B52044793DCA0312E3""}, {""attach_name"": ""华中科技大学同济医学院附属同济医院中法新城院区续建配套工程项目（一期转化医学大楼工程）通风柜采购及安装项目文件定稿.pdf"", ""attach_url"": ""https://download.ccgp.gov.cn/oss/download?uuid=6E607B3C5D87D812BEBA5EBACB29A5""}, {""attach_name"": ""中小企业声明函.pdf"", ""attach_url"": ""https://download.ccgp.gov.cn/oss/download?uuid=105E87A011CC63BE75EAFDCEF01466""}]",,,湖北省武汉市解放大道1095号,冉主任027-83662896,华中科技大学同济医学院附属同济医院,,,,2026-09-09 15:21:59,王桂平、邓士勇、刘俊刚、万胜来、杨燕（采购人代表）,华中科技大学同济医学院附属同济医院中法新城院区续建配套工程项目（一期转化医学大楼工程）通风柜采购及安装项目中标公告,中标公告,https://www.ccgp.gov.cn/cggg/zygg/zbgg/./202609/t20260908_27285871.htm,,,,,2026年09月08日 14:38,,,,,142.14
武汉市,湖北省武汉市武昌区中北路108号兴业银行大厦五层,周丹娜、龙琳、阳世昌、叶雄威、居羿、肖书浩、方勇，电话：027-87273661,湖北省招标股份有限公司,,15265996华中科技大学同济医学院附属同济医院激光角膜手术仪维保项目（定稿）.pdf,"[{""attach_name"": ""15265996华中科技大学同济医学院附属同济医院激光角膜手术仪维保项目（定稿）.pdf"", ""attach_url"": ""https://download.ccgp.gov.cn/oss/download?uuid=C6A0EE6827696DA8E66A2597042D4F""}]",,,湖北省武汉市解放大道1095号,冉主任，电话：027-83662896,华中科技大学同济医学院附属同济医院,,,,2026-09-09 15:21:59,李劲松（组长）、王静、吕三桥、李朝晖、李涛（采购人代表）,华中科技大学同济医学院附属同济医院激光角膜手术仪维保项目中标公告,中标公告,https://www.ccgp.gov.cn/cggg/zygg/zbgg/./202609/t20260908_27285879.htm,,,,,2026年09月08日 14:38,,,,,167.4
北京市,详见公告正文,详见公告正文,详见公告正文,,,,,,北京市东城区金宝街61号鑫海锦江大酒店,"采购机构名称：海关总署物资装备采购中心
地址：北京市东城区金宝街61号鑫海锦江大酒店
邮政编码：100005
联系方式：010-65194838（平台使用技术咨询）
010-65194937（业务咨询）
010-65195677（质疑受理）",海关总署物资装备采购中心,,,,2026-09-09 15:21:59,详见公告正文,全国海关信息中心2026年统计类应用优化完善开发服务采购项目（重新招标）中标公告,中标公告,https://www.ccgp.gov.cn/cggg/zygg/zbgg/./202609/t20260908_27285768.htm,,,,,2026年09月08日 14:27,,,,,222.0
市辖区,武汉市武昌区东湖西路特2号平安财富中心B座6楼（东湖大厦正对面）,毕启明、吴悦、李鑫、邹倪珂，17386163091,湖北省成套招标股份有限公司,,,,,,重庆市两江新区紫园路7号,王天祥，023-86720882,长江重庆航道局离退休职工管理中心,,,,2026-09-09 15:21:59,程宁（组长），万张荣，马秀兰，毛君豪，刘郧霞,长江重庆航道局2026年退休职工健康体检（主城区）采购项目中标公告,中标公告,https://www.ccgp.gov.cn/cggg/zygg/zbgg/./202609/t20260908_27285607.htm,,,,,2026年09月08日 14:13,,,,,0.0
北京市,北京市海淀区文慧园北路10号，中教仪总公司,谢杰、刘欣、蒋旭、王磊、施歌、陆炜、丁玲、陈清010-59893122、010-59893114、010-59893131,北京中教仪国际招标代理有限公司,,"0343关于符合本国产品标准的声明函.pdf,4.【公开招标】清华大学附属中学智慧教学设备采购项目-最终.pdf","[{""attach_name"": ""0343关于符合本国产品标准的声明函.pdf"", ""attach_url"": ""https://download.ccgp.gov.cn/oss/download?uuid=90F90AF689F74FC9A24297184FE45C""}, {""attach_name"": ""4.【公开招标】清华大学附属中学智慧教学设备采购项目-最终.pdf"", ""attach_url"": ""https://download.ccgp.gov.cn/oss/download?uuid=737173230263FF3266B2E8F05FEF07""}]",,,北京市海淀区清华园,周老师010-62789532,清华大学,,,,2026-09-09 15:21:59,杜艳、周欣、巩淑英、杨东波、常昊男（采购人代表）,清华大学附属中学智慧教学设备采购项目中标公告,中标公告,https://www.ccgp.gov.cn/cggg/zygg/zbgg/./202609/t20260908_27285576.htm,,,,,2026年09月08日 14:09,,,,,116.52395
海淀区,北京市海淀区马甸东路17号金澳国际写字楼27层,侯常胜、侯美玲、韩伟、许铖铖、苏云龙、梁冰、李秀艳、毛允东、崔耀文、吕京京 13356792662、13165512595、18706413729,盛和招标代理有限公司,,"本国产品声明函.pdf,定稿-中国农业大学食品学院采购三重四级杆液质联用仪项目.pdf,中小企业声明函.pdf","[{""attach_name"": ""本国产品声明函.pdf"", ""attach_url"": ""https://download.ccgp.gov.cn/oss/download?uuid=681365B03649FF4DD0F2B545C1CB52""}, {""attach_name"": ""定稿-中国农业大学食品学院采购三重四级杆液质联用仪项目.pdf"", ""attach_url"": ""https://download.ccgp.gov.cn/oss/download?uuid=5F12540953D2DD48986A12FD278297""}, {""attach_name"": ""中小企业声明函.pdf"", ""attach_url"": ""https://download.ccgp.gov.cn/oss/download?uuid=4C0B7A07ABECE0B241FC4F66721F90""}]",,,北京市海淀区清华东路17号,王老师 010-62733220,中国农业大学,,,,2026-09-09 15:21:59,刘锋（专家组长）、徐宝财、董小艳、钮文良、姚志轶（采购人代表）,中国农业大学食品学院采购三重四级杆液质联用仪项目中标公告,中标公告,https://www.ccgp.gov.cn/cggg/zygg/zbgg/./202609/t20260908_27285560.htm,,,,,2026年09月08日 14:04,,,,,228.9
天津市,天津市河西区大沽南路882号10号楼303,常欣宇、刘牧晖、张明明、周子雯、付雅雯、岳韫、范继文  15690906185、15222651888,上海建科造价咨询有限公司,,"中小企业声明函.pdf,符合本国产品声明函.pdf,终稿-国产公开-天津大学机械工程学院高温燃料电池测试台采购项目.pdf","[{""attach_name"": ""中小企业声明函.pdf"", ""attach_url"": ""https://download.ccgp.gov.cn/oss/download?uuid=A476D1FB5651779DB3F0BFD0DD6DE1""}, {""attach_name"": ""符合本国产品声明函.pdf"", ""attach_url"": ""https://download.ccgp.gov.cn/oss/download?uuid=536292543B6CF3E311C2770079E3A0""}, {""attach_name"": ""终稿-国产公开-天津大学机械工程学院高温燃料电池测试台采购项目.pdf"", ""attach_url"": ""https://download.ccgp.gov.cn/oss/download?uuid=C914FF805F2699860486B1EEC33331""}]",,,天津市南开区卫津路92号,巩老师、蔡老师 022-27407504（招标办）,天津大学,,,,2026-09-09 15:21:59,王庆法、李乾坤、张军、赵良娟、孟卓、张俊峰（采购人代表）、高琪（采购人代表）,天津大学机械工程学院高温燃料电池测试台采购项目中标公告,中标公告,https://www.ccgp.gov.cn/cggg/zygg/zbgg/./202609/t20260908_27285490.htm,,,,,2026年09月08日 13:47,,,,,155.86
北京市,北京市海淀区首体南路22号楼11层,郭浩13720096225、胡倩燕、康丽娜、杨宠、杨明宇、马吉雅、李含卓、蒋奇阳、赵蒙,国信招标集团股份有限公司,,招标文件-GXTC-C-261560095-信息网络与数据中心超融合算力平台.pdf,"[{""attach_name"": ""招标文件-GXTC-C-261560095-信息网络与数据中心超融合算力平台.pdf"", ""attach_url"": ""https://download.ccgp.gov.cn/oss/download?uuid=6B43391B9A52612DD18376BFDB4F91""}]",,,北京市海淀区学院路29号,田老师，010-82323930,中国地质大学（北京）,,,,2026-09-09 15:22:00,邱勇凯、刘嫚、赵娟梅、闫孟良、周长春、刘英、马勃,中国地质大学（北京）信息网络与数据中心超融合算力平台中标公告,中标公告,https://www.ccgp.gov.cn/cggg/zygg/zbgg/./202609/t20260908_27285368.htm,,,,,2026年09月08日 13:04,,,,,277.88
安徽省,安徽省合肥市经济技术开发区翡翠路港澳广场A座17-20层,0551-65860136-8611,鼎信数智技术集团股份有限公司,,"得分表——zycgr21070801超低振动低温高真空强磁系统.xls,中小企业声明函——嘉兴科迈超导科技有限公司.jpg,关于符合本国产品标准的声明函——嘉兴科迈超导科技有限公司.jpg","[{""attach_name"": ""得分表——zycgr21070801超低振动低温高真空强磁系统.xls"", ""attach_url"": ""https://download.ccgp.gov.cn/oss/download?uuid=0C631CC556B5B8DDCC3250DE3B17B8""}, {""attach_name"": ""中小企业声明函——嘉兴科迈超导科技有限公司.jpg"", ""attach_url"": ""https://download.ccgp.gov.cn/oss/download?uuid=30DFE318D4400AC71800560B5DC2EB""}, {""attach_name"": ""关于符合本国产品标准的声明函——嘉兴科迈超导科技有限公司.jpg"", ""attach_url"": ""https://download.ccgp.gov.cn/oss/download?uuid=BDC3F22E3984549ABA6A8301DF05CF""}]",,,安徽省合肥市内,苗老师，0551-65099990,zycgr21070801,,,,2026-09-09 15:22:00,王景运、李娟、袁传国、张红梅、陈洲盛,zycgr21070801超低振动低温高真空强磁系统项目中标公告,中标公告,https://www.ccgp.gov.cn/cggg/zygg/zbgg/./202609/t20260908_27285060.htm,,,,,2026年09月08日 11:54,,,,,381.0
安徽省,安徽省合肥市经济技术开发区翡翠路港澳广场A座17-20层,0551-65860136-8611,鼎信数智技术集团股份有限公司,,"关于符合本国产品标准的声明函——北京大华无线电仪器有限责任公司.jpg,得分表——zycgr21070801兼容低温强磁场NV探针扫描系统.xls","[{""attach_name"": ""关于符合本国产品标准的声明函——北京大华无线电仪器有限责任公司.jpg"", ""attach_url"": ""https://download.ccgp.gov.cn/oss/download?uuid=D2C9545D18C8D75F503A2A90B39423""}, {""attach_name"": ""得分表——zycgr21070801兼容低温强磁场NV探针扫描系统.xls"", ""attach_url"": ""https://download.ccgp.gov.cn/oss/download?uuid=44C7F4E16B1108F57ED88E43F38C48""}]",,,安徽省合肥市内,苗老师，0551-65099990,zycgr21070801,,,,2026-09-09 15:22:00,王景运、李娟、袁传国、张红梅、陈洲盛,zycgr21070801兼容低温强磁场NV探针扫描系统项目中标公告,中标公告,https://www.ccgp.gov.cn/cggg/zygg/zbgg/./202609/t20260908_27285046.htm,,,,,2026年09月08日 11:52,,,,,394.85
成都市,本项目无代理机构,本项目无代理机构,本项目无代理机构,,,,,,成都市成华区双林路55号,028-60226019,国家税务总局成都市成华区税务局,,,,2026-09-09 15:22:00,"刘春,周玲,廖江（采购人评审代表）,朱敏娜,王叶菲",国家税务总局成都市成华区税务局2026-2028年度物业管理服务项目中标结果公告,中标公告,https://www.ccgp.gov.cn/cggg/zygg/zbgg/./202609/t20260908_27285078.htm,,,,,2026年09月08日 11:52,,,,,262.68
深圳市,深圳市福田区上步南路1001号锦峰大厦24楼,联系人姓名：李工、叶工 电话：（洽购招标文件）0755-83629806/83629816/83629826 （其他咨询）0755-82078919、82077364 传真：0755-82077519,中国远东国际招标有限公司,,"卫星云原生实物验证节点载荷系统采购项目中标公告.pdf,FE6295-定稿DW-卫星云原生实物验证节点载荷系统采购项目.pdf","[{""attach_name"": ""卫星云原生实物验证节点载荷系统采购项目中标公告.pdf"", ""attach_url"": ""https://download.ccgp.gov.cn/oss/download?uuid=951F3637567A68A0A2A4BC48797973""}, {""attach_name"": ""FE6295-定稿DW-卫星云原生实物验证节点载荷系统采购项目.pdf"", ""attach_url"": ""https://download.ccgp.gov.cn/oss/download?uuid=89A454DF3C14A6B58C31BDC0C54482""}]",,,深圳市南山区,联  系  人：徐老师 电      话：0755-85902223/85902242,zycgr21071303,,,,2026-09-09 15:22:00,宋凌云、李坚、张冬玉、郝晓辉、崔红玲,卫星云原生实物验证节点载荷系统采购项目中标公告,中标公告,https://www.ccgp.gov.cn/cggg/zygg/zbgg/./202609/t20260908_27285018.htm,,,,,2026年09月08日 11:51,,,,,368.9
云南省,北京市海淀区丹棱街1号互联网金融中心20层,唐添慧 吴旭 冯宇图 010-68290526、010-68290510、010-68290550,东方国际招标有限责任公司,,"_260160123超分辨超声成像系统采购项目（最终稿）.docx,关于符合本国产品标准的声明函.pdf","[{""attach_name"": ""_260160123超分辨超声成像系统采购项目（最终稿）.docx"", ""attach_url"": ""https://download.ccgp.gov.cn/oss/download?uuid=28ACA775E15FF45A6B4163354A1CBD""}, {""attach_name"": ""关于符合本国产品标准的声明函.pdf"", ""attach_url"": ""https://download.ccgp.gov.cn/oss/download?uuid=7D7DAA31AFC799A90E369FB147EC56""}]",,,云南省昆明市盘龙区茨坝街道龙欣路17号,0871-65190773,中国科学院昆明动物研究所,,,,2026-09-09 15:22:00,赵立兴、李涛、黄晓晖、赵鹏、唐洁（采购人代表）,中国科学院昆明动物研究所超分辨超声成像系统采购项目中标公告,中标公告,https://www.ccgp.gov.cn/cggg/zygg/zbgg/./202609/t20260908_27284849.htm,,,,,2026年09月08日 11:42,,,,,298.5
云南省,北京市海淀区丹棱街1号互联网金融中心20层,唐添慧 吴旭 冯宇图 010-68290526、010-68290510、010-68290550,东方国际招标有限责任公司,,"_260160126中国科学院昆明动物研究所全自动主动透明化染色系统采购项目（最终稿）.docx,中小企业声明函.pdf,关于符合本国产品标准的声明函.pdf","[{""attach_name"": ""_260160126中国科学院昆明动物研究所全自动主动透明化染色系统采购项目（最终稿）.docx"", ""attach_url"": ""https://download.ccgp.gov.cn/oss/download?uuid=4AB079B5035578182CA0EC001278D4""}, {""attach_name"": ""中小企业声明函.pdf"", ""attach_url"": ""https://download.ccgp.gov.cn/oss/download?uuid=5A50A791A0F7EF432A762A28EC773E""}, {""attach_name"": ""关于符合本国产品标准的声明函.pdf"", ""attach_url"": ""https://download.ccgp.gov.cn/oss/download?uuid=7E780CF8DF48DF15D682449B2229AB""}]",,,云南省昆明市盘龙区茨坝街道龙欣路17号,0871-65190773,中国科学院昆明动物研究所,,,,2026-09-09 15:22:00,赵立兴、李涛、黄晓晖、赵鹏、唐洁（采购人代表）,中国科学院昆明动物研究所全自动主动透明化染色系统采购项目中标公告,中标公告,https://www.ccgp.gov.cn/cggg/zygg/zbgg/./202609/t20260908_27284847.htm,,,,,2026年09月08日 11:42,,,,,104.3
云南省,北京市海淀区丹棱街1号互联网金融中心20层,唐添慧 吴旭 冯宇图 010-68290526、010-68290510、010-68290550 thtang@oitc.com.cn,东方国际招标有限责任公司,,"_260160122超高场临床前磁共振系统采购项目（最终稿）.doc,关于符合本国产品标准的声明函.pdf","[{""attach_name"": ""_260160122超高场临床前磁共振系统采购项目（最终稿）.doc"", ""attach_url"": ""https://download.ccgp.gov.cn/oss/download?uuid=FDC2326D4C1145B648F7FF7F2D6F1B""}, {""attach_name"": ""关于符合本国产品标准的声明函.pdf"", ""attach_url"": ""https://download.ccgp.gov.cn/oss/download?uuid=CF0555090CCDBD9F1830D74654633C""}]",,,云南省昆明市盘龙区茨坝街道龙欣路17号,0871-65190773,中国科学院昆明动物研究所,,,,2026-09-09 15:22:00,赵立兴、李涛、黄晓晖、赵鹏、侯春、唐洁（采购人代表）、谢丽分（采购人代表）,中国科学院昆明动物研究所超高场临床前磁共振系统采购项目中标公告,中标公告,https://www.ccgp.gov.cn/cggg/zygg/zbgg/./202609/t20260908_27284843.htm,,,,,2026年09月08日 11:42,,,,,1799.8
沈阳市,北京市海淀区丹棱街1号互联网金融中心20层,余睿、王军、郭宇涵、李雯；010-68290563、010-68290508、010-68290501,东方国际招标有限责任公司,,"附件.pdf,-招标文件-531748--吹扫捕集、热裂解-发布.pdf","[{""attach_name"": ""附件.pdf"", ""attach_url"": ""https://download.ccgp.gov.cn/oss/download?uuid=9C8BCD72573A7CCFC242F9F96CC008""}, {""attach_name"": ""-招标文件-531748--吹扫捕集、热裂解-发布.pdf"", ""attach_url"": ""https://download.ccgp.gov.cn/oss/download?uuid=8E43E76A371D3307F055B7B96FBD76""}]",,,辽宁省沈阳市沈河区文化路72号,王老师，电话：024-83970307,中国科学院沈阳应用生态研究所,,,,2026-09-09 15:22:00,闫树刚 、张养军、汤锋、王璐、李国琛,中国科学院沈阳应用生态研究所土壤-植物-大气挥发/半挥发有机物检测平台采购项目中标公告,中标公告,https://www.ccgp.gov.cn/cggg/zygg/zbgg/./202609/t20260908_27284819.htm,,,,,2026年09月08日 11:42,,,,,269.16
开远市,云南省红河州开远市一行路66号二楼,白华15187320090,云南恺竣工程咨询有限公司,,,,,,云南省红河哈尼族彝族自治州开远市环雅南路69号,王警官13887348405,昆明铁路公安局开远公安处,,,,2026-09-09 15:22:00,付强云（组长）、刘勇、钱科、汤文华、姚晓米,昆明铁路公安局开远公安处机关食堂食材采购项目中标公告,中标公告,https://www.ccgp.gov.cn/cggg/zygg/zbgg/./202609/t20260908_27284723.htm,,,,,2026年09月08日 11:31,,,,,0.0
上海市,上海市曹杨路528弄35号（中世办公楼）,宋文凯、刘湘甜、陈俐瑕 021-62445303,上海中世建设咨询有限公司,,招案2026-3054 2026年全处在职民警体检项目.pdf,"[{""attach_name"": ""招案2026-3054 2026年全处在职民警体检项目.pdf"", ""attach_url"": ""https://download.ccgp.gov.cn/oss/download?uuid=FCF22FCACAAAA814876FBFF9CA1C77""}]",,,上海市静安区虬江路1168号,顾老师021-51236668,上海铁路公安局上海公安处,,,,2026-09-09 15:22:00,"宁仁利,徐丽军,倪美娟,王一栋,朱桂平",上海铁路公安局上海公安处全处在职民警体检项目中标公告,中标公告,https://www.ccgp.gov.cn/cggg/zygg/zbgg/./202609/t20260908_27284520.htm,,,,,2026年09月08日 11:12,,,,,170.24
市辖区,西章胡同9号院,010-83083702,中央国家机关政府采购中心,,"中国科学院声学研究所安保综合服务采购项目采购文件.pdf,北京京铁卫士保安服务有限公司残疾人福利性单位声明函.pdf,投标人得分排序表.doc,中标通知书.zip,北京京铁卫士保安服务有限公司中小企业声明函.pdf","[{""attach_name"": ""中国科学院声学研究所安保综合服务采购项目采购文件.pdf"", ""attach_url"": ""https://download.ccgp.gov.cn/oss/download?uuid=9202cbff-55e2-4bde-8d75-c7282c""}, {""attach_name"": ""北京京铁卫士保安服务有限公司残疾人福利性单位声明函.pdf"", ""attach_url"": ""https://download.ccgp.gov.cn/oss/download?uuid=f2a35295-bafd-4fbf-a6d1-8ead1e""}, {""attach_name"": ""投标人得分排序表.doc"", ""attach_url"": ""https://download.ccgp.gov.cn/oss/download?uuid=dad85bc3-4ee9-4a11-85be-277064""}, {""attach_name"": ""中标通知书.zip"", ""attach_url"": ""https://download.ccgp.gov.cn/oss/download?uuid=0bf43dba-01e0-4d6c-87b3-59dbdb""}, {""attach_name"": ""北京京铁卫士保安服务有限公司中小企业声明函.pdf"", ""attach_url"": ""https://download.ccgp.gov.cn/oss/download?uuid=4a0fcc9c-18f8-4b55-8b60-12d023""}]",,,北京市海淀区北四环西路21号,010-82547610,中国科学院声学研究所,,,,2026-09-09 15:22:00,"秦利辉,王莉霞,赵莹,谢晓峰,吴永拓",中国科学院声学研究所安保综合服务采购项目中标公告,中标公告,https://www.ccgp.gov.cn/cggg/zygg/zbgg/./202609/t20260908_27284428.htm,,,,,2026年09月08日 11:00,,,,,417.09888
金平区,汕头市龙湖区珠津工业区珠津一街3号凯撒工业城2幢2楼215号房（汕头分公司）,纪工、吴工 0754-87277009,同致诚工程咨询有限公司,,"（定稿）汕头海关外马路20号第一宿舍大院4栋5-6层修缮项目招标文件.pdf,中小企业声明函.pdf","[{""attach_name"": ""（定稿）汕头海关外马路20号第一宿舍大院4栋5-6层修缮项目招标文件.pdf"", ""attach_url"": ""https://download.ccgp.gov.cn/oss/download?uuid=6D924C943268F53C5BD9CBCEB12498""}, {""attach_name"": ""中小企业声明函.pdf"", ""attach_url"": ""https://download.ccgp.gov.cn/oss/download?uuid=9181BE12E70EFBDCE884D2F0562D61""}]",,,广东省汕头市龙湖区珠江路34号,郑同志 0754-88078268,中华人民共和国汕头海关,,,,2026-09-09 15:22:00,陈夏财、丁军峰、林茂琴、陈玲、徐楷莹,中华人民共和国汕头海关汕头海关外马路20号第一宿舍大院4栋5-6层修缮项目中标公告,中标公告,https://www.ccgp.gov.cn/cggg/zygg/zbgg/./202609/t20260908_27284371.htm,,,,,2026年09月08日 10:59,,,,,0.0
盐湖区,运城市空港南区柏园村康杰南路33号,董先生13073538888,山西冠标项目管理有限公司,,"中小企业声明函.docx,2026.9.7国家税务总局运城市盐湖区税务局保洁服务采购项目终稿.docx,得分汇总表.jpg","[{""attach_name"": ""中小企业声明函.docx"", ""attach_url"": ""https://download.ccgp.gov.cn/oss/download?uuid=A094EAC96AADEE6B660898C8797FF6""}, {""attach_name"": ""2026.9.7国家税务总局运城市盐湖区税务局保洁服务采购项目终稿.docx"", ""attach_url"": ""https://download.ccgp.gov.cn/oss/download?uuid=FDD0579DC0F80DC3D3EFD70F5ACB04""}, {""attach_name"": ""得分汇总表.jpg"", ""attach_url"": ""https://download.ccgp.gov.cn/oss/download?uuid=5387F1CC5348D2A7FF9FCF45DB9B13""}]",,,运城市盐湖区解放北路1668号,彭先生15534352959,国家税务总局运城市盐湖区税务局,,,,2026-09-09 15:22:00,朱正清、姚仙雯、尚冬强、吴铁茜、王学红（甲方代表）,国家税务总局运城市盐湖区税务局保洁服务采购项目中标公告,中标公告,https://www.ccgp.gov.cn/cggg/zygg/zbgg/./202609/t20260908_27284330.htm,,,,,2026年09月08日 10:55,,,,,69.561564
市辖区,西章胡同9号院,010-83083702,中央国家机关政府采购中心,,"投标人得分排序表.doc,北京润成恒信科技有限公司关于符合本国产品标准的声明函.pdf,教育部学位与研究生教育发展中心NAS存储设备采购项目采购文件.pdf,中标通知书.zip","[{""attach_name"": ""投标人得分排序表.doc"", ""attach_url"": ""https://download.ccgp.gov.cn/oss/download?uuid=71551916-a3de-4842-9129-cf8cd1""}, {""attach_name"": ""北京润成恒信科技有限公司关于符合本国产品标准的声明函.pdf"", ""attach_url"": ""https://download.ccgp.gov.cn/oss/download?uuid=bda8c0ad-206a-43c1-b1e1-6eb1f0""}, {""attach_name"": ""教育部学位与研究生教育发展中心NAS存储设备采购项目采购文件.pdf"", ""attach_url"": ""https://download.ccgp.gov.cn/oss/download?uuid=3ad232f5-f617-4f6e-945a-fb1741""}, {""attach_name"": ""中标通知书.zip"", ""attach_url"": ""https://download.ccgp.gov.cn/oss/download?uuid=85e20ead-8099-4c6a-be4f-080a19""}]",,,北京市海淀区王庄路1号同方科技大厦B座17-18层,010-82379560,教育部学位与研究生教育发展中心,,,,2026-09-09 15:22:01,"冀强,马丁,侯伟东,李建东,吴光",教育部学位与研究生教育发展中心NAS存储设备采购项目中标公告,中标公告,https://www.ccgp.gov.cn/cggg/zygg/zbgg/./202609/t20260908_27284333.htm,,,,,2026年09月08日 10:50,,,,,338.593
山西省,山西省太原市迎泽区西羊市街52号天玉公寓11层,贺女士   0351-4610078,山西亿锦招标代理有限公司,,,,,,太原市迎泽区朝阳街500号,张先生   0351-4661925,山西省大气探测技术保障中心,,,,2026-09-09 15:22:01,李建军、贺友珍、郭琳霞、徐喜英、梁庆丰、李延晖、邢栋,山西省大气探测技术保障中心山西省2026年涉山涉水气象监测补盲工程－自动气象观测站新建及更新项目中标公告,中标公告,https://www.ccgp.gov.cn/cggg/zygg/zbgg/./202609/t20260908_27284167.htm,,,,,2026年09月08日 10:36,,,,,9.9543
长沙市,长沙市雨花区韶山北路254号汇富中心A栋821房,罗细奎、马京松、谭微琳 0731-88282110/13507401081,湖南德顺阳光项目管理有限责任公司,,,,,,长沙市岳麓区麓山南路932号,肖老师 0731-88836792,中南大学,,,,2026-09-09 15:22:01,/,中南大学潇湘校区体育场地维修工程中标结果公告,中标公告,https://www.ccgp.gov.cn/cggg/zygg/zbgg/./202609/t20260908_27284129.htm,,,,,2026年09月08日 10:34,,,,,712.561467
盐湖区,运城市空港南区柏园村康杰南路33号,董先生13073538888,山西冠标项目管理有限公司,,"2026.9.7国家税务总局运城市盐湖区税务局餐厅服务采购项目终稿.docx,评分汇总表.jpg,中小企业声明函.docx","[{""attach_name"": ""2026.9.7国家税务总局运城市盐湖区税务局餐厅服务采购项目终稿.docx"", ""attach_url"": ""https://download.ccgp.gov.cn/oss/download?uuid=9EBE3AAE0BF9CC346A8155308D01DF""}, {""attach_name"": ""评分汇总表.jpg"", ""attach_url"": ""https://download.ccgp.gov.cn/oss/download?uuid=7940D6921A13B6696BD24E669BBAA2""}, {""attach_name"": ""中小企业声明函.docx"", ""attach_url"": ""https://download.ccgp.gov.cn/oss/download?uuid=BE6EE1E13010F24E8F581FBE1B7D73""}]",,,运城市盐湖区解放北路1668号,彭先生15534352959,国家税务总局运城市盐湖区税务局,,,,2026-09-09 15:22:01,雷世民、张继、张雷、杨孟辉、刘中兴（甲方代表）,国家税务总局运城市盐湖区税务局餐厅服务采购项目中标公告,中标公告,https://www.ccgp.gov.cn/cggg/zygg/zbgg/./202609/t20260908_27283988.htm,,,,,2026年09月08日 10:20,,,,,76.2
克拉玛依市,中国新疆乌鲁木齐市西八家户582号,高金星 张拓 于光中  15886901651,新疆建筑科学研究院（有限责任公司）,,"中小企业.pdf,三次招标文件--克拉玛依市消防救援支队独山子区大队食堂主副食品采购项目(1).pdf","[{""attach_name"": ""中小企业.pdf"", ""attach_url"": ""https://download.ccgp.gov.cn/oss/download?uuid=36E93C90EA76B1947523229859902B""}, {""attach_name"": ""三次招标文件--克拉玛依市消防救援支队独山子区大队食堂主副食品采购项目(1).pdf"", ""attach_url"": ""https://download.ccgp.gov.cn/oss/download?uuid=765346FB6034BE0005146AC79EEA89""}]",,,克拉玛依区世纪大道600号,李先生 18997709922,克拉玛依市独山子区消防救援大队,,,,2026-09-09 15:22:01,朱桐、黄文红、鲜军、李岩、郭怀宇（招标人代表）,克拉玛依市消防救援支队独山子区大队食堂主副食品采购项目中标公告,中标公告,https://www.ccgp.gov.cn/cggg/zygg/zbgg/./202609/t20260908_27283968.htm,,,,,2026年09月08日 10:19,,,,,0.0
丹东市,丹东市振兴区滨江西路8号1401室,翟雅琦0415-4157666,丹东中科工程造价咨询有限公司,,"（8.14发布）海关办公区院面改造工程公开招标文件.doc,中小企业声明函.jpg","[{""attach_name"": ""（8.14发布）海关办公区院面改造工程公开招标文件.doc"", ""attach_url"": ""https://download.ccgp.gov.cn/oss/download?uuid=DA18A4F901367D928B98C36F0994EB""}, {""attach_name"": ""中小企业声明函.jpg"", ""attach_url"": ""https://download.ccgp.gov.cn/oss/download?uuid=E629C02E2094173A857471F8BD6802""}]",,,丹东市振兴区十纬路1号,宋先生0415-2279908,中华人民共和国丹东海关,,,,2026-09-09 15:22:01,魏景、马晓苓、王辉、秦艺、宋士龙（采购人代表）,海关办公区院面改造工程中标结果公告,中标公告,https://www.ccgp.gov.cn/cggg/zygg/zbgg/./202609/t20260908_27283956.htm,,,,,2026年09月08日 10:17,,,,,64.918598
北京市,北京市海淀区学院路30号科大天工大厦B座1709室,王蕾蕾、赵文宇、吕绍山、周洁琼、王爽、王希、孙恺宁 010－61196170 wll@zbbmcc.com,北京明德致信咨询有限公司,,"1064中国教育科学研究院国产化财务信息系统建设招标文件-终稿.pdf,中标公告-1064.docx","[{""attach_name"": ""1064中国教育科学研究院国产化财务信息系统建设招标文件-终稿.pdf"", ""attach_url"": ""https://download.ccgp.gov.cn/oss/download?uuid=4B7569F0CC8A03635B9D63F64D077E""}, {""attach_name"": ""中标公告-1064.docx"", ""attach_url"": ""https://download.ccgp.gov.cn/oss/download?uuid=3E75E41EA988AE6F96A1290152AAB0""}]",,,北京市海淀区北三环中路46号办公楼,010-62003369,中国教育科学研究院,,,,2026-09-09 15:22:01,王建华、张焰、杨青林、王昕、薛乐（采购人代表）,中国教育科学研究院财务信息系统建设项目中标公告,中标公告,https://www.ccgp.gov.cn/cggg/zygg/zbgg/./202609/t20260908_27283887.htm,,,,,2026年09月08日 10:09,,,,,196.0
北京市,北京市海淀区阜成路58号新洲商务大厦302室,赵中阳、孙源滨、曹泽鹏、马春娟、李蕊、魏菲、张瑶、刘震、李红梅、李莉010-88956517-803,中盛隆国际招标（北京）有限公司,,北京交通大学铁路数字孪生平台设计等采购项目02包二次采购2026-8-17（发售稿）.pdf,"[{""attach_name"": ""北京交通大学铁路数字孪生平台设计等采购项目02包二次采购2026-8-17（发售稿）.pdf"", ""attach_url"": ""https://download.ccgp.gov.cn/oss/download?uuid=35A46ADB2CFF0B4A477EF40D8850D9""}]",,,北京市海淀区西直门外上园村3号,陈老师010-51683481,北京交通大学,,,,2026-09-09 15:22:01,崔有祯、万缨、赖文川、李静、顾敏,北京交通大学铁路数字孪生平台设计等采购项目02包二次采购中标公告,中标公告,https://www.ccgp.gov.cn/cggg/zygg/zbgg/./202609/t20260908_27283846.htm,,,,,2026年09月08日 10:03,,,,,412.0
北京市,北京市朝阳区东三环中路59号楼京城机电大厦A座第17层1712室,贺廷毅，王冬晗010-87945198-198、296,中信国际招标有限公司,,"中国互联网络信息中心2026年（第七届）中国互联网基础资源大会会务服务采购项目招标文件（发布版）20260812.docx,代理服务费收费标准 (2).pdf,中小企业声明函.pdf","[{""attach_name"": ""中国互联网络信息中心2026年（第七届）中国互联网基础资源大会会务服务采购项目招标文件（发布版）20260812.docx"", ""attach_url"": ""https://download.ccgp.gov.cn/oss/download?uuid=7F1D9474728DADFE7AADC39BAC4664""}, {""attach_name"": ""代理服务费收费标准 (2).pdf"", ""attach_url"": ""https://download.ccgp.gov.cn/oss/download?uuid=FF9AC644027753862F3104C2341BBC""}, {""attach_name"": ""中小企业声明函.pdf"", ""attach_url"": ""https://download.ccgp.gov.cn/oss/download?uuid=D18DAE539DEE1D247A1DD8FF753B09""}]",,,北京市丰台区汽车博物馆西路9号院4号楼,姚睿倩，010-59116156,中国互联网络信息中心,,,,2026-09-09 15:22:01,张健萍、毛恒、彭兴艳、胡燕华、王志洋,中国互联网络信息中心2026年（第七届）中国互联网基础资源大会会务服务采购项目中标公告,中标公告,https://www.ccgp.gov.cn/cggg/zygg/zbgg/./202609/t20260908_27283813.htm,,,,,2026年09月08日 09:56,,,,,91.17
北京市,北京市海淀区学院路30号科大天工大厦B座17层1709室（邮编：100083）,王爽、于歌、高宇、吕绍山 010-8237 0045 ws@zbbmcc.com,北京明德致信咨询有限公司,,"0583-1-本国产品声明函.pdf,0583-1-中标结果公示.docx,ZC26-0583-1-【二次-发售】-中国科学院大学网络信息中心智能体开发平台采购项目.pdf","[{""attach_name"": ""0583-1-本国产品声明函.pdf"", ""attach_url"": ""https://download.ccgp.gov.cn/oss/download?uuid=CEC7CC12A619B0FE18FF51191DAB52""}, {""attach_name"": ""0583-1-中标结果公示.docx"", ""attach_url"": ""https://download.ccgp.gov.cn/oss/download?uuid=325CE7D9F1DA84825CF79997F93A60""}, {""attach_name"": ""ZC26-0583-1-【二次-发售】-中国科学院大学网络信息中心智能体开发平台采购项目.pdf"", ""attach_url"": ""https://download.ccgp.gov.cn/oss/download?uuid=6E5B0E6FB924701354FF632EF1C15B""}]",,,北京市石景山区玉泉路19号（甲）（邮编：100 049）,杨老师，010-6967 1906,中国科学院大学,,,,2026-09-09 15:22:01,丁大伟、王莉、王立、王又军、杨树苹、成婧（采购人代表）、杨俊宇（采购人代表）。,中国科学院大学网络信息中心智能体开发平台采购项目（二次）中标公告,中标公告,https://www.ccgp.gov.cn/cggg/zygg/zbgg/./202609/t20260908_27283720.htm,,,,,2026年09月08日 09:42,,,,,69.1
西安市,陕西省西安市雁塔区太白南路181号西部电子社区A座A区208-1室,孙杰、陈灏、张强/029-89529958-803,东方（西安）国际招标有限公司,,"本国产品声明函.pdf,中小企业声明函.pdf,招标文件-中国科学院国家授时中心导航干扰信号模拟器采购项目（二次）（发售版）.zip","[{""attach_name"": ""本国产品声明函.pdf"", ""attach_url"": ""https://download.ccgp.gov.cn/oss/download?uuid=50A96BA2B6DDD9FA762468C53A4CA3""}, {""attach_name"": ""中小企业声明函.pdf"", ""attach_url"": ""https://download.ccgp.gov.cn/oss/download?uuid=911A41EDDE6D68134BC4CADA4D087B""}, {""attach_name"": ""招标文件-中国科学院国家授时中心导航干扰信号模拟器采购项目（二次）（发售版）.zip"", ""attach_url"": ""https://download.ccgp.gov.cn/oss/download?uuid=D70374BA3BA2D19ACA0CD87F331BD9""}]",,,陕西省西安市临潼区书院东路3号,赵老师/029-83890423,中国科学院国家授时中心,,,,2026-09-09 15:22:01,刘强、吕晔、佘新建、侯睿、邢燕（采购人代表）,中国科学院国家授时中心导航干扰信号模拟器采购项目（二次）中标公告,中标公告,https://www.ccgp.gov.cn/cggg/zygg/zbgg/./202609/t20260908_27283683.htm,,,,,2026年09月08日 09:36,,,,,100.33
市辖区,北京市丰台区丽泽路24号平安幸福中心B座23层,曹宇臣、刘明阳、曹颖、刘畅、王毕申 010-83923562,中化商务有限公司,,中标人分项报价表.pdf,"[{""attach_name"": ""中标人分项报价表.pdf"", ""attach_url"": ""https://download.ccgp.gov.cn/oss/download?uuid=7283C79495BF6E4D9269EDD482CDB0""}]",,,北京市朝阳区农展南里11号,孙老师，010-59191878,农业农村部,,,,2026-09-09 15:22:01,芮洁、高波、白炜、赵咏、李湘,农业农村部“三农”政策宣传服务中标公告,中标公告,https://www.ccgp.gov.cn/cggg/zygg/zbgg/./202609/t20260908_27283608.htm,,,,,2026年09月08日 09:27,,,,,304.8
长春市,长春市南关区解放大路与大经路交汇恒兴国际城5号楼606（全安街道办事处6楼）,曹靖敏0431-80543930,中高建项目管理有限公司,,,,,,长春市新民大街1号,刘老师0431-88783228,吉林大学第一医院,,,,2026-09-09 15:22:01,梁睿、张建中、耿辉、张丽清、高岩,吉林大学第一医院X射线计算机体层摄影设备的维保服务项目（二次）中标公告,中标公告,https://www.ccgp.gov.cn/cggg/zygg/zbgg/./202609/t20260908_27283588.htm,,,,,2026年09月08日 09:22,,,,,60.0
乌海市,乌海市海勃湾区,孟庆丽15149790230,内蒙古华格项目管理咨询有限公司,,,,,,乌海市海勃湾区,白钰冉0473-3155931,中华人民共和国乌海海关,,,,2026-09-09 15:22:02,刘静、林思庆、王辰成,中华人民共和国乌海海关食堂管理服务项目成交结果公告,中标公告,https://www.ccgp.gov.cn/cggg/zygg/zbgg/./202609/t20260908_27283554.htm,,,,,2026年09月08日 09:15,,,,,49.2496
北京市,北京市海淀区学院路30号科大天工大厦B座17层1709室,韩伯阳、杜畅、孙恺宁、王希、周洁琼、王爽、王蕾蕾、王润斯、张闻、王渊、吕绍山、高宇  010-61192278,北京明德致信咨询有限公司,,"1023-1-招标文件-北京科技大学数字孪生技术中心配套硬件采购项目-定稿.pdf,ZC26-1023-1【北京科技大学数字孪生技术中心配套硬件采购项目】中标公告.docx,中小企业声明函.pdf","[{""attach_name"": ""1023-1-招标文件-北京科技大学数字孪生技术中心配套硬件采购项目-定稿.pdf"", ""attach_url"": ""https://download.ccgp.gov.cn/oss/download?uuid=BB82B984C027C33B18D889897DBC11""}, {""attach_name"": ""ZC26-1023-1【北京科技大学数字孪生技术中心配套硬件采购项目】中标公告.docx"", ""attach_url"": ""https://download.ccgp.gov.cn/oss/download?uuid=A43C91CF0022078CD697983D91B41A""}, {""attach_name"": ""中小企业声明函.pdf"", ""attach_url"": ""https://download.ccgp.gov.cn/oss/download?uuid=AFBFCFA6E16C90167053D9741FAAEA""}]",,,北京市海淀区学院路30号,张老师 010-62332135,北京科技大学,,,,2026-09-09 15:22:02,赵林、董佳昀、韩小敬、韩锋、李祯。,北京科技大学数字孪生技术中心配套硬件采购项目中标公告,中标公告,https://www.ccgp.gov.cn/cggg/zygg/zbgg/./202609/t20260908_27283533.htm,,,,,2026年09月08日 09:09,,,,,39.5
广东省,广州市天河北路626号保利中宇广场A座25楼,黄小姐020-83627862,广东有德招标采购有限公司,,"10218中小企业声明函.pdf,10218招标文件.pdf","[{""attach_name"": ""10218中小企业声明函.pdf"", ""attach_url"": ""https://download.ccgp.gov.cn/oss/download?uuid=2235EBEC1844A1C8B97CC17BDFB5B1""}, {""attach_name"": ""10218招标文件.pdf"", ""attach_url"": ""https://download.ccgp.gov.cn/oss/download?uuid=17C78DCD7AB71590A68353A69EA4D9""}]",,,广州市天河区龙口西路207号,邱先生，020-85511923,广州国际旅行卫生保健中心（广州海关口岸门诊部）,,,,2026-09-09 15:22:02,孙莉群、张木利、危加阳、戴学红、陈赟（采购人代表）,广州国际旅行卫生保健中心（广州海关口岸门诊部）物业服务采购项目中标公告,中标公告,https://www.ccgp.gov.cn/cggg/zygg/zbgg/./202609/t20260908_27283472.htm,,,,,2026年09月08日 08:54,,,,,95.994
蜀山区,合肥市蜀山区蜀鑫路69号603室,"汪海虹、刘元军,0551-63735904、63735933",安徽安天利信工程管理股份有限公司,,中标结果附件.zip,"[{""attach_name"": ""中标结果附件.zip"", ""attach_url"": ""https://download.ccgp.gov.cn/oss/download?uuid=B08E26AB89BB2C6B028E29602CD5D7""}]",,,安徽省合肥市屯溪路193号,"韩老师,0551-62901760",合肥工业大学,,,,2026-09-09 15:22:02,乐从发、吕中国、张红、孟祥宇、李星,合肥工业大学2026年海外青年学者交流恳谈会活动服务采购中标结果公告,中标公告,https://www.ccgp.gov.cn/cggg/zygg/zbgg/./202609/t20260908_27283430.htm,,,,,2026年09月08日 08:21,,,,,109.1798
山东省,山东省济南市历下区马鞍山路2-1号山东大厦四楼8405室,高建平、王瑞亭、刘妍0531-67896106,山东英大招投标有限公司,,终稿-纳米压痕仪招标文件（可采进口）.pdf,"[{""attach_name"": ""终稿-纳米压痕仪招标文件（可采进口）.pdf"", ""attach_url"": ""https://download.ccgp.gov.cn/oss/download?uuid=ABBA3DBA468D6CBD73F6032D04C939""}]",,,山东大学中心校区明德楼,0531-88365560,山东大学,,,,2026-09-09 15:22:02,马广存、宋新艳、王尚云、王学荣、孙科科（科研仪器设备自选专家）,山东大学纳米压痕仪中标公告,中标公告,https://www.ccgp.gov.cn/cggg/zygg/zbgg/./202609/t20260908_27283428.htm,,,,,2026年09月08日 08:21,,,,,244.14626
西安市,西安市雁塔区雁翔路111号赛格·中京坊公寓A座1单元二层,王真、杜航、任甜 029-88489979-8208,陕西隆信项目管理有限公司,,"1包：中小企业声明函.pdf,1包本国产品声明函.pdf,2包本国产品声明函.pdf,招标文件-陕西师范大学数学与统计学院未来教师技能实训中心及学科实验中心设备.pdf","[{""attach_name"": ""1包：中小企业声明函.pdf"", ""attach_url"": ""https://download.ccgp.gov.cn/oss/download?uuid=1A72D20646421E1BBEE5E445F3D31D""}, {""attach_name"": ""1包本国产品声明函.pdf"", ""attach_url"": ""https://download.ccgp.gov.cn/oss/download?uuid=B307C9E25CF839667CFCD527B1F982""}, {""attach_name"": ""2包本国产品声明函.pdf"", ""attach_url"": ""https://download.ccgp.gov.cn/oss/download?uuid=09B39C7E77F9D5977FEED17E73D3E1""}, {""attach_name"": ""招标文件-陕西师范大学数学与统计学院未来教师技能实训中心及学科实验中心设备.pdf"", ""attach_url"": ""https://download.ccgp.gov.cn/oss/download?uuid=071FACC0117FEFA368F66CE83DEEBF""}]",,,西安市长安区西长安街620号,曹睿、李婷 029-85310696,陕西师范大学,,,,2026-09-09 15:22:02,赵亚恒、高西林、田小健、吕印庄、韩琴、史维娟（采购人代表）、魏旭光（采购人代表）,陕西师范大学数学与统计学院未来教师技能实训中心及学科实验中心设备中标公告,中标公告,https://www.ccgp.gov.cn/cggg/zygg/zbgg/./202609/t20260907_27282862.htm,,,,,2026年09月07日 22:22,,,,,201.9
北京市,北京市海淀区阜成路58号新洲商务大厦302室,魏菲、马春娟、孙源滨、李蕊、曹泽鹏、赵中阳、刘震、李红梅、李莉 010-88956517-207,中盛隆国际招标（北京）有限公司,,"【发布稿】中国人民大学物理学院低维材料外延协同多维谱学系统采购项目 招标文件.pdf,03包关于符合本国产品标准的声明函.pdf,02包符合本国产品标准的声明函.pdf,02包中小企业声明函.pdf,03包中小企业声明函.pdf","[{""attach_name"": ""【发布稿】中国人民大学物理学院低维材料外延协同多维谱学系统采购项目 招标文件.pdf"", ""attach_url"": ""https://download.ccgp.gov.cn/oss/download?uuid=946B6235C2A7E9A4FBBA3E3BF8B9D1""}, {""attach_name"": ""03包关于符合本国产品标准的声明函.pdf"", ""attach_url"": ""https://download.ccgp.gov.cn/oss/download?uuid=F1834F327606A96EACF7977A756C2A""}, {""attach_name"": ""02包符合本国产品标准的声明函.pdf"", ""attach_url"": ""https://download.ccgp.gov.cn/oss/download?uuid=A6F4C889C2B62DEF84DCA26024F707""}, {""attach_name"": ""02包中小企业声明函.pdf"", ""attach_url"": ""https://download.ccgp.gov.cn/oss/download?uuid=2F24310D211C4F2CC768999FCEA2EA""}, {""attach_name"": ""03包中小企业声明函.pdf"", ""attach_url"": ""https://download.ccgp.gov.cn/oss/download?uuid=9EDB0E50DE001EAF2BD442C4E0CF33""}]",,,北京市海淀区中关村大街59号,党老师 010-62511204,中国人民大学,,,,2026-09-09 15:22:02,王一平、魏伟、沐阿华、陈秀丽、殷鹏,中国人民大学物理学院低维材料外延协同多维谱学系统采购项目01包、02包、03包中标公告,中标公告,https://www.ccgp.gov.cn/cggg/zygg/zbgg/./202609/t20260907_27282814.htm,,,,,2026年09月07日 21:42,,,,,500.93
西安市,西安市雁塔区雁翔路111号赛格·中京坊公寓A座1单元二层,刘晶、王真、杜航、任甜 029-88489979-8105,陕西隆信项目管理有限公司,,"中小企业声明函.pdf,20260817--陕西师范大学卓越师范生实验系统【发售稿】.pdf,关于符合本国产品标准的声明函.pdf","[{""attach_name"": ""中小企业声明函.pdf"", ""attach_url"": ""https://download.ccgp.gov.cn/oss/download?uuid=4EE1D06163FBA08D4195478204DE4C""}, {""attach_name"": ""20260817--陕西师范大学卓越师范生实验系统【发售稿】.pdf"", ""attach_url"": ""https://download.ccgp.gov.cn/oss/download?uuid=8AA62126925D423885EFE8A8F671CA""}, {""attach_name"": ""关于符合本国产品标准的声明函.pdf"", ""attach_url"": ""https://download.ccgp.gov.cn/oss/download?uuid=7D7E701952462EB8D76ADAF3B39392""}]",,,西安市长安区西长安街620号,曹睿、李婷 029-85310696,陕西师范大学,,,,2026-09-09 15:22:02,何攀（采购人代表）、牟朝丽（采购人代表）、杨朋利、付清锋、张武、杨海明、郭怡君,陕西师范大学卓越师范生实验系统中标公告,中标公告,https://www.ccgp.gov.cn/cggg/zygg/zbgg/./202609/t20260907_27282771.htm,,,,,2026年09月07日 21:18,,,,,186.88
北京市,北京市丰台区西营街1号院通用时代中心C座9层,马建、肖然、吴萍、孙薇81168697、81168260,中技国际招标有限公司,,"中标公告.docx,867号标辐射安全所放射诊疗安全与防护设备采购项目招标文件20260814（定稿）.pdf","[{""attach_name"": ""中标公告.docx"", ""attach_url"": ""https://download.ccgp.gov.cn/oss/download?uuid=395908A2BF430EC2107C88640704B0""}, {""attach_name"": ""867号标辐射安全所放射诊疗安全与防护设备采购项目招标文件20260814（定稿）.pdf"", ""attach_url"": ""https://download.ccgp.gov.cn/oss/download?uuid=BF71D9B96E0260BBCEC2CF29B73F3A""}]",,,北京市西城区新康街2号,周老师010-62389752,中国疾病预防控制中心辐射防护与核安全医学所（中国疾病预防控制中心核事故医学应急中心）,,,,2026-09-09 15:22:02,张碎虎、赵庆军、刘峥、虞钢、苏桂同、马向捷、陈佳和,中国疾控中心辐射安全所放射诊疗安全与防护设备采购项目中标结果公告,中标公告,https://www.ccgp.gov.cn/cggg/zygg/zbgg/./202609/t20260907_27282754.htm,,,,,2026年09月07日 21:09,,,,,1393.0
西安市,陕西省西安市长安区郭杜西街41号熙峰广场6楼03、04室,侯美玲、许铖铖、苗增文，17660903000、15264153233、13076005444、18309260068,盛和招标代理有限公司,,创新型公告附件.zip,"[{""attach_name"": ""创新型公告附件.zip"", ""attach_url"": ""https://download.ccgp.gov.cn/oss/download?uuid=0B34954A8DE70B64911E45F24C0E97""}]",,,陕西省西安市长安区西长安街620号,曹老师、李老师 029-85319096,陕西师范大学,,,,2026-09-09 15:22:02,樊富平、阴百胜、袁维、白峰、侯睿、张宗辉（采购人代表）、文瑞娟（采购人代表）,陕西师范大学创新型教师理化性能测试系统中标公告,中标公告,https://www.ccgp.gov.cn/cggg/zygg/zbgg/./202609/t20260907_27282737.htm,,,,,2026年09月07日 21:01,,,,,211.985
北京市,北京市海淀区丹棱街1号互联网金融中心20层,王军、郭宇涵、李雯、余睿； 010-68290508；010- 68290563,东方国际招标有限责任公司,,"2241-招标文件.pdf,第二包小微企业.png,第三包小微企业.png","[{""attach_name"": ""2241-招标文件.pdf"", ""attach_url"": ""https://download.ccgp.gov.cn/oss/download?uuid=EEB5785DAE502B5D5AC44B71C56B6F""}, {""attach_name"": ""第二包小微企业.png"", ""attach_url"": ""https://download.ccgp.gov.cn/oss/download?uuid=0D1426C140A1AF27C2B931CB903FD8""}, {""attach_name"": ""第三包小微企业.png"", ""attach_url"": ""https://download.ccgp.gov.cn/oss/download?uuid=68F82392F795B5F60D919AEF8DD092""}]",,,北京市海淀区颐和园路5号,吴老师；010-62758587,北京大学,,,,2026-09-09 15:22:02,闫树刚、张养军、汤锋、王璐、牛月文,北京大学继续教育学院培训用车租赁服务项目（第三次）中标公告,中标公告,https://www.ccgp.gov.cn/cggg/zygg/zbgg/./202609/t20260907_27282718.htm,,,,,2026年09月07日 20:53,,,,,171.518063
北京市,北京市丰台区西营街1号院通用时代中心C座9层,马建、肖然、吴萍、孙薇81168697、81168260,中技国际招标有限公司,,"869号标中国医学科学院整形外科医院诊疗能力提升项目招标文件20260730（定稿）.pdf,中标结果公告.docx","[{""attach_name"": ""869号标中国医学科学院整形外科医院诊疗能力提升项目招标文件20260730（定稿）.pdf"", ""attach_url"": ""https://download.ccgp.gov.cn/oss/download?uuid=DCA694675EE3955DCDC78EF2B1A34C""}, {""attach_name"": ""中标结果公告.docx"", ""attach_url"": ""https://download.ccgp.gov.cn/oss/download?uuid=66960D00F5FD6A36A5E770FA29D369""}]",,,北京市石景山区八大处路33号,李老师010-88772916,中国医学科学院整形外科医院,,,,2026-09-09 15:22:02,孙喜文、苏根元、王丹、郑淑荣、汪光尧、孙恒赟、李莉,中国医学科学院整形外科医院诊疗能力提升项目中标结果公告,中标公告,https://www.ccgp.gov.cn/cggg/zygg/zbgg/./202609/t20260907_27282643.htm,,,,,2026年09月07日 20:21,,,,,270.0
北京市,北京市丰台区西营街1号院通用时代中心C座9层,马建、肖然、吴萍、孙薇81168697、81168260,中技国际招标有限公司,,"870号标整形外科医院电子病历系统服务能力提升与运行维护项目招标文件20260730（定稿）.pdf,中标结果公告.docx","[{""attach_name"": ""870号标整形外科医院电子病历系统服务能力提升与运行维护项目招标文件20260730（定稿）.pdf"", ""attach_url"": ""https://download.ccgp.gov.cn/oss/download?uuid=6043161FE42824A765EB6AB4A1D552""}, {""attach_name"": ""中标结果公告.docx"", ""attach_url"": ""https://download.ccgp.gov.cn/oss/download?uuid=E34DE588EDC6468AD6FA5141D5C8A9""}]",,,北京市石景山区八大处路33号,李老师010-88772916,中国医学科学院整形外科医院,,,,2026-09-09 15:22:02,赵林、高雅、张永发、陈佳林、陈俊超、史亚坤、刘娜,中国医学科学院整形外科医院信息化运行维护项目中标结果公告,中标公告,https://www.ccgp.gov.cn/cggg/zygg/zbgg/./202609/t20260907_27282646.htm,,,,,2026年09月07日 20:21,,,,,400.0
伊犁哈萨克自治州,伊宁市解放路1巷105号美景华庭1号楼二楼,莫晓燕13070365297   0999-8806660,新疆鼎招工程项目管理有限公司,,"8.17更正招标文件（项目名称：中华人民共和国霍尔果斯出入境边防检查站智能快捷通道升级项目）.docx,关于符合本国产品标准的声明函.pdf","[{""attach_name"": ""8.17更正招标文件（项目名称：中华人民共和国霍尔果斯出入境边防检查站智能快捷通道升级项目）.docx"", ""attach_url"": ""https://download.ccgp.gov.cn/oss/download?uuid=C7E7F9B9F7D197184881B3FC4C6161""}, {""attach_name"": ""关于符合本国产品标准的声明函.pdf"", ""attach_url"": ""https://download.ccgp.gov.cn/oss/download?uuid=5BC293D43FB97E76F9F290115B8BE0""}]",,,新疆伊犁州霍尔果斯市亚欧南路1号,刘警官 0999-6466666,中华人民共和国霍尔果斯出入境边防检查站,,,,2026-09-09 15:22:02,朱靖，王东，余郅博，蔡旺（第1标项采购人代表），朱建中,中华人民共和国霍尔果斯出入境边防检查站智能快捷通道升级项目中标结果公告,中标公告,https://www.ccgp.gov.cn/cggg/zygg/zbgg/./202609/t20260907_27282636.htm,,,,,2026年09月07日 20:19,,,,,188.0
龙华区,海口市美兰区大英山西二街政务二期大楼二楼208房（原省政府政务服务中心大楼北侧）,0898-66529846,海南省政府采购中心,,"中标通知书.pdf,国家税务总局海口市税务局2026-2028年机关、龙华区局和美兰办公楼物业管理服务项目招标文件（HNGP2026-12720260813001）.pdf,中小企业声明函.pdf,分包意向协议.pdf,投标（响应）报价明细表.pdf","[{""attach_name"": ""中标通知书.pdf"", ""attach_url"": ""https://download.ccgp.gov.cn/oss/download?uuid=F593656248F26D2AB5F653FD35DCA0""}, {""attach_name"": ""国家税务总局海口市税务局2026-2028年机关、龙华区局和美兰办公楼物业管理服务项目招标文件（HNGP2026-12720260813001）.pdf"", ""attach_url"": ""https://download.ccgp.gov.cn/oss/download?uuid=C4C83757A6AAB99EA32FD3E4F0616E""}, {""attach_name"": ""中小企业声明函.pdf"", ""attach_url"": ""https://download.ccgp.gov.cn/oss/download?uuid=47C59BE693887B181E53DFAD8182F0""}, {""attach_name"": ""分包意向协议.pdf"", ""attach_url"": ""https://download.ccgp.gov.cn/oss/download?uuid=21645A11220826123AC0496CD82A77""}, {""attach_name"": ""投标（响应）报价明细表.pdf"", ""attach_url"": ""https://download.ccgp.gov.cn/oss/download?uuid=9F0EF710063AAFF5B566C93CB0A2FF""}]",,,海南省海口市龙华区紫荆路9号,卓先生0898-68567680,国家税务总局海口市税务局,,,,2026-09-09 15:22:02,"采购人代表：麦平敏
评审专家：兰石福、周丽珍、黄文婷、邵静萍",国家税务总局海口市税务局2026-2028年机关、龙华区局和美兰办公楼物业管理服务项目中标公告,中标公告,https://www.ccgp.gov.cn/cggg/zygg/zbgg/./202609/t20260907_27282570.htm,,,,,2026年09月07日 19:50,,,,,934.7976
北京市,北京市海淀区丹棱街1号互联网金融中心20层,"赵倩 任伟松 陈君烁 冀松阳,010-68290509/0549，jschen@oitc.com.cn/syji@oitc.com.cn",东方国际招标有限责任公司,,_最终稿-生态中心-城市空气质量监测系统.docx,"[{""attach_name"": ""_最终稿-生态中心-城市空气质量监测系统.docx"", ""attach_url"": ""https://download.ccgp.gov.cn/oss/download?uuid=B6E4E9DF4CEFA18AB87320019D8A98""}]",,,北京市海淀区双清路18号,010-62849178,中国科学院生态环境研究中心,,,,2026-09-09 15:22:03,崔国辉（组长）金晨 王璐 张连清 张红星（采购人代表）,中国科学院生态环境研究中心城市空气质量监测系统采购项目中标公告,中标公告,https://www.ccgp.gov.cn/cggg/zygg/zbgg/./202609/t20260907_27282553.htm,,,,,2026年09月07日 19:47,,,,,99.7
北京市,北京市海淀区丹棱街1号互联网金融中心20层,"赵倩 任伟松 陈君烁 冀松阳,010-68290509/0549，jschen@oitc.com.cn/syji@oitc.com.cn",东方国际招标有限责任公司,,"关于符合本国产品标准的声明函.pdf,_最终稿-生态中心-水生生物在线观测（浮游生物鉴定计数系统）.docx,中小企业声明函.pdf","[{""attach_name"": ""关于符合本国产品标准的声明函.pdf"", ""attach_url"": ""https://download.ccgp.gov.cn/oss/download?uuid=668D77E68978A2AACE32679BF929CA""}, {""attach_name"": ""_最终稿-生态中心-水生生物在线观测（浮游生物鉴定计数系统）.docx"", ""attach_url"": ""https://download.ccgp.gov.cn/oss/download?uuid=A55CC3017EF2E579E10D83DCBB01BF""}, {""attach_name"": ""中小企业声明函.pdf"", ""attach_url"": ""https://download.ccgp.gov.cn/oss/download?uuid=5AC815ACFE0FFDA85E9B484773508B""}]",,,北京市海淀区双清路18号,010-62849178,中国科学院生态环境研究中心,,,,2026-09-09 15:22:03,崔国辉（组长）金晨 王璐 张连清 张红星（采购人代表）,中国科学院生态环境研究中心水生生物在线观测（浮游生物鉴定计数系统）采购项目中标公告,中标公告,https://www.ccgp.gov.cn/cggg/zygg/zbgg/./202609/t20260907_27282557.htm,,,,,2026年09月07日 19:47,,,,,127.0
广东省,广州市东风东路726号7楼,陈东成、高伟雄、曾洁莹 020－37860747/37861143/37860740,国义招标股份有限公司,,招标文件-东华工作区室内活动设施工程施工总承包（发公告）.pdf,"[{""attach_name"": ""招标文件-东华工作区室内活动设施工程施工总承包（发公告）.pdf"", ""attach_url"": ""https://download.ccgp.gov.cn/oss/download?uuid=32D54CCA5EA4AB2A8E3E7327752E02""}]",,,广州市机场路南云东街3号,高敏020-86131015(质疑受理联系方式:020-86130209),中国民用航空中南地区空中交通管理局,,,,2026-09-09 15:22:03,-,东华工作区室内活动设施工程施工总承包中标候选人及中标结果公示,中标公告,https://www.ccgp.gov.cn/cggg/zygg/zbgg/./202609/t20260907_27282435.htm,,,,,2026年09月07日 19:15,,,,,829.091154
苏州市,南京市建邺区西城路300号,顾昀昀、田昭兴、裴健平，电话025-83715090,新华招标有限公司,,"中小微企业声明-沈阳百举捷科学仪器有限公司.pdf,e456380137388bacae939593f1d5cf88 (1).pdf","[{""attach_name"": ""中小微企业声明-沈阳百举捷科学仪器有限公司.pdf"", ""attach_url"": ""https://download.ccgp.gov.cn/oss/download?uuid=D0096BB811F4F5167760CC1A594B33""}, {""attach_name"": ""e456380137388bacae939593f1d5cf88 (1).pdf"", ""attach_url"": ""https://download.ccgp.gov.cn/oss/download?uuid=2464060092C30B9C7264AB387B06E0""}]",,,江苏省苏州市,0512-65187783,zycgr24041501,,,,2026-09-09 15:22:03,陈曦、秦启芳、万骏、蔡文、徐一琛,zycgr24041501大尺寸金属晶体定向凝固炉中标公告,中标公告,https://www.ccgp.gov.cn/cggg/zygg/zbgg/./202609/t20260907_27282437.htm,,,,,2026年09月07日 19:14,,,,,126.2
西安市,太白南路181号西部电子社区A座A区208-1,孙翊轩、陈一凡、张强 029-89585662-806/807 邮箱：3@otxa.com.cn,东方（西安）国际招标有限公司,,,,,,西安市新城区西五路,联系人：马老师 电话：029- 87679801,西安交通大学第二附属医院,,,,2026-09-09 15:22:03,薛凯、王西民、韩晓磊、沈凤婷、王娟(采购人代表),西安交通大学第二附属医院超声治疗仪等设备采购项目第三包（二次）中标公告,中标公告,https://www.ccgp.gov.cn/cggg/zygg/zbgg/./202609/t20260907_27282376.htm,,,,,2026年09月07日 19:03,,,,,66.0
西安市,太白南路181号西部电子社区A座A区208-1,孙翊轩、陈一凡、张强 029-89585662-806/807 邮箱：3@otxa.com.cn,东方（西安）国际招标有限公司,,"报价表.zip,OTXA-2610221213 西安交通大学第二附属医院医用电极片采购项目.pdf,OTXA-2610221213 西安交通大学第二附属医院医用电极片采购项目第四包（二次）.pdf,中小企业声明函-3包.pdf,中小企业声明函-5包.pdf","[{""attach_name"": ""报价表.zip"", ""attach_url"": ""https://download.ccgp.gov.cn/oss/download?uuid=32D4141E419B7ECA836C063B3DCAB4""}, {""attach_name"": ""OTXA-2610221213 西安交通大学第二附属医院医用电极片采购项目.pdf"", ""attach_url"": ""https://download.ccgp.gov.cn/oss/download?uuid=CA3DC99F608B25B8ECDA4018AE281F""}, {""attach_name"": ""OTXA-2610221213 西安交通大学第二附属医院医用电极片采购项目第四包（二次）.pdf"", ""attach_url"": ""https://download.ccgp.gov.cn/oss/download?uuid=2A2F3F54C06663ED9F38CC5D9CCA61""}, {""attach_name"": ""中小企业声明函-3包.pdf"", ""attach_url"": ""https://download.ccgp.gov.cn/oss/download?uuid=C47DB519AAF4182801E7C74E214D46""}, {""attach_name"": ""中小企业声明函-5包.pdf"", ""attach_url"": ""https://download.ccgp.gov.cn/oss/download?uuid=A756C7688F63333AD86A5CC26C311B""}]",,,西安市新城区西五路,联系人：冯女士 联系方式：029-87679801,西安交通大学第二附属医院,,,,2026-09-09 15:22:03,薛凯、白振伟、邓良生、辛四海、宋雅璠（采购代表人）,西安交通大学第二附属医院医用电极片采购项目第三包、第四包、第五包(二次)中标公告,中标公告,https://www.ccgp.gov.cn/cggg/zygg/zbgg/./202609/t20260907_27282195.htm,,,,,2026年09月07日 18:49,,,,,0.0
武汉市,北京市海淀区丹棱街1号互联网金融中心20层,窦志超、徐子通、吴文建 010-68290528、010-68290561,东方国际招标有限责任公司,,"招标文件-水下重力量子传感器.pdf,关于符合本国产品标准的声明函-广东威纳格科技有限公司.pdf,中小企业声明函-广东威纳格科技有限公司.pdf","[{""attach_name"": ""招标文件-水下重力量子传感器.pdf"", ""attach_url"": ""https://download.ccgp.gov.cn/oss/download?uuid=9B529CFE8ED404030A2E39B54353DB""}, {""attach_name"": ""关于符合本国产品标准的声明函-广东威纳格科技有限公司.pdf"", ""attach_url"": ""https://download.ccgp.gov.cn/oss/download?uuid=82823AA1FF935B9816D96BDFD8229E""}, {""attach_name"": ""中小企业声明函-广东威纳格科技有限公司.pdf"", ""attach_url"": ""https://download.ccgp.gov.cn/oss/download?uuid=5149DE51FADC2FCA1C568FC855C6DD""}]",,,武汉市武昌小洪山西30号,027-87199972,中国科学院精密测量科学与技术创新研究院,,,,2026-09-09 15:22:03,曹万强（评审组长）、姜淑雄、严俊、张蕊、田蔚,中国科学院精密测量科学与技术创新研究院水下重力量子传感器采购项目中标公告,中标公告,https://www.ccgp.gov.cn/cggg/zygg/zbgg/./202609/t20260907_27282170.htm,,,,,2026年09月07日 18:44,,,,,629.85
新郑市,上海市闵行区三达路299号,联系代表021-33292999-2,公安部警用装备采购中心,,"JC-HG20260125+2026年郑州警察学院电子数据检验鉴定实验室采购项目-202608061518381579-202609071602191613.docx,中小企业声明函-202609071602267544.pdf,本国产品证明文件-202609071602263133.pdf","[{""attach_name"": ""JC-HG20260125+2026年郑州警察学院电子数据检验鉴定实验室采购项目-202608061518381579-202609071602191613.docx"", ""attach_url"": ""https://download.ccgp.gov.cn/oss/download?uuid=3036b2ed-da60-4b02-8b23-caa78b""}, {""attach_name"": ""中小企业声明函-202609071602267544.pdf"", ""attach_url"": ""https://download.ccgp.gov.cn/oss/download?uuid=eefb4d99-8e07-4c15-84b6-94426f""}, {""attach_name"": ""本国产品证明文件-202609071602263133.pdf"", ""attach_url"": ""https://download.ccgp.gov.cn/oss/download?uuid=d6c85649-2854-41dc-9510-f7c4e5""}]",,,河南省郑州市新郑市龙湖镇新老107连接线如意路6号,高老师0371-60666155,郑州警察学院,,,,2026-09-09 15:22:03,张岩（组长）、张金惠、李壮、舒芳、李瑞明,2026年郑州警察学院电子数据检验鉴定实验室采购项目中标公告,中标公告,https://www.ccgp.gov.cn/cggg/zygg/zbgg/./202609/t20260907_27282121.htm,,,,,2026年09月07日 18:30,,,,,327.455
乌鲁木齐市,乌鲁木齐经济技术开发区九方财富广场 A 座 525 室,代旭、汤新龙、吴洋、高娟 13150331012（工作业务电话）,新疆元泓工程项目管理咨询有限公司,,"中小企业声明函.pdf,招标文件 -生物安全实验室改造项目.pdf","[{""attach_name"": ""中小企业声明函.pdf"", ""attach_url"": ""https://download.ccgp.gov.cn/oss/download?uuid=E88814FE9FBED48886BA3BD4546053""}, {""attach_name"": ""招标文件 -生物安全实验室改造项目.pdf"", ""attach_url"": ""https://download.ccgp.gov.cn/oss/download?uuid=5CA4386C10E4F930BD35AD34F498C3""}]",,,新疆乌鲁木齐市北京南路241号乌鲁木齐海关机关综合保障楼二楼,乌鲁木齐海关后勤管理中心0991-3627247（工作业务电话）,乌鲁木齐海关后勤管理中心,,,,2026-09-09 15:22:03,王鹏、何仕勇、蔺肖梅、苏学英、杨杰,生物安全实验室改造项目中标公告,中标公告,https://www.ccgp.gov.cn/cggg/zygg/zbgg/./202609/t20260907_27282040.htm,,,,,2026年09月07日 18:29,,,,,143.159591
南京市,南京市鼓楼区清江南路18号鼓楼创新广场D栋9楼902室,张蓉、王希稳 025-85360235、17705161691,江苏省设备成套股份有限公司,,"东南大学国家大学科技园综合机加工系统、红外热像仪采购项目【发布稿】.pdf,中小企业声明函+本国产品标准声明函.pdf","[{""attach_name"": ""东南大学国家大学科技园综合机加工系统、红外热像仪采购项目【发布稿】.pdf"", ""attach_url"": ""https://download.ccgp.gov.cn/oss/download?uuid=3C00DAD05CDA53248302FB824CFEBE""}, {""attach_name"": ""中小企业声明函+本国产品标准声明函.pdf"", ""attach_url"": ""https://download.ccgp.gov.cn/oss/download?uuid=3946A6489A383BFE04D5416627CD22""}]",,,南京市四牌楼2号,东南大学国家大学科技园：徐老师18251981390； 实验室与设备管理处：大型装备平台科：025-52091041。,东南大学,,,,2026-09-09 15:22:03,黄鹏（采购人代表）、鲁凯、胡平、周新华、殷小军,东南大学国家大学科技园综合机加工系统、红外热像仪采购项目中标公告,中标公告,https://www.ccgp.gov.cn/cggg/zygg/zbgg/./202609/t20260907_27282001.htm,,,,,2026年09月07日 18:24,,,,,60.45
北京市,北京市东城区东四十条甲22号南新仓商务大厦B座922,董哲、曹珊、陈洁、徐梓瑶、刘戈010-53393825、17710393539,天恒招标有限公司,,"定稿-自然资源确权登记（不动产登记）与全民所有自然资源资产清查一体化运维及优化完善.pdf,中小企业声明函.pdf,联合体协议.pdf","[{""attach_name"": ""定稿-自然资源确权登记（不动产登记）与全民所有自然资源资产清查一体化运维及优化完善.pdf"", ""attach_url"": ""https://download.ccgp.gov.cn/oss/download?uuid=735818634BD6BB65B614E80BD8BE41""}, {""attach_name"": ""中小企业声明函.pdf"", ""attach_url"": ""https://download.ccgp.gov.cn/oss/download?uuid=BBF4CB7565D75F9F1FF457F37E2688""}, {""attach_name"": ""联合体协议.pdf"", ""attach_url"": ""https://download.ccgp.gov.cn/oss/download?uuid=52C46F12B8175BA42A5BC379615DFA""}]",,,北京市海淀区莲花池西路28号,徐老师，010-63882226,自然资源部信息中心,,,,2026-09-09 15:22:03,赵文广、胡新光、蔺佳星、孙笑辉、肖海红,自然资源确权登记（不动产登记）与全民所有自然资源资产清查一体化运维及优化完善中标公告,中标公告,https://www.ccgp.gov.cn/cggg/zygg/zbgg/./202609/t20260907_27281855.htm,,,,,2026年09月07日 18:12,,,,,241.35
洪山区,武汉市江汉区新华西路大武汉1911写字楼A座16楼1-6号,张怡、尤丽容、李艳青、陈思云、戴险峰、雷艳平、秦昌、朱震   027-65610396-8003,武汉天汇诚信工程项目管理有限公司,,"中小企业声明函.pdf,本国产品声明函.pdf,定-武汉大学水风光清洁能源互补运行与控制模拟交叉集成创新支撑中心项目-火电实时仿真功率级平台（第三期）.pdf","[{""attach_name"": ""中小企业声明函.pdf"", ""attach_url"": ""https://download.ccgp.gov.cn/oss/download?uuid=E86BABC6EA2659E040F1388AD0FCC0""}, {""attach_name"": ""本国产品声明函.pdf"", ""attach_url"": ""https://download.ccgp.gov.cn/oss/download?uuid=E5A73E737B20B6EE649814EED81DD7""}, {""attach_name"": ""定-武汉大学水风光清洁能源互补运行与控制模拟交叉集成创新支撑中心项目-火电实时仿真功率级平台（第三期）.pdf"", ""attach_url"": ""https://download.ccgp.gov.cn/oss/download?uuid=B2D0E8B7FC7CF1E2C0C478AD86B7A6""}]",,,武汉市武昌珞珈山,赵老师，027-68754597,武汉大学,,,,2026-09-09 15:22:03,官晶晶、张蕊、魏青、刘超、杨飞、肖非然（采购人评委）、陈江波（采购人评委）,武汉大学水风光清洁能源互补运行与控制模拟交叉集成创新支撑中心项目-火电实时仿真功率级平台（第三期）中标公告,中标公告,https://www.ccgp.gov.cn/cggg/zygg/zbgg/./202609/t20260907_27281706.htm,,,,,2026年09月07日 18:02,,,,,1380.0
北京市,北京市海淀区丹棱街1号互联网金融中心20层,窦志超、曹山 010-68290529,东方国际招标有限责任公司,,"北京时代天启真空科技有限公司-中小企业声明函.pdf,_招标文件1667-等离子体增强原子层沉积设备0813稿(1).pdf,北京时代天启真空科技有限公司-本国产品.pdf","[{""attach_name"": ""北京时代天启真空科技有限公司-中小企业声明函.pdf"", ""attach_url"": ""https://download.ccgp.gov.cn/oss/download?uuid=345801149D67C31B5CD6BC2F5D4946""}, {""attach_name"": ""_招标文件1667-等离子体增强原子层沉积设备0813稿(1).pdf"", ""attach_url"": ""https://download.ccgp.gov.cn/oss/download?uuid=AE02FFD23A1AF11879D4BBF77C49EC""}, {""attach_name"": ""北京时代天启真空科技有限公司-本国产品.pdf"", ""attach_url"": ""https://download.ccgp.gov.cn/oss/download?uuid=9EBC66634E81E88AFD72115E904756""}]",,,北京市海淀区清华东路甲35号,010-82305403,中国科学院半导体研究所,,,,2026-09-09 15:22:03,刘喜荣（评标组长）、张铭、魏天兴、刘成红、包怡迪（采购人代表）,中国科学院半导体研究所等离子体增强原子层沉积设备采购项目中标公告,中标公告,https://www.ccgp.gov.cn/cggg/zygg/zbgg/./202609/t20260907_27281683.htm,,,,,2026年09月07日 18:00,,,,,415.8
贵州省,北京市海淀区丹棱街1号互联网金融中心20层,陈君烁 段威宇 冀松阳  ， 010-68290549/0565，  jschen@oitc.com.cn/wyduan@oitc.com.cn,东方国际招标有限责任公司,,"中小企业声明函.pdf,_毛细硅管-最终发售版.doc,本国产品声明函.pdf,产品占比声明函.pdf","[{""attach_name"": ""中小企业声明函.pdf"", ""attach_url"": ""https://download.ccgp.gov.cn/oss/download?uuid=90139AE0BF29741218D15F447742C9""}, {""attach_name"": ""_毛细硅管-最终发售版.doc"", ""attach_url"": ""https://download.ccgp.gov.cn/oss/download?uuid=247DCC9BA1C69D7D70C44CF9FB7C4F""}, {""attach_name"": ""本国产品声明函.pdf"", ""attach_url"": ""https://download.ccgp.gov.cn/oss/download?uuid=442DFA4ABB8B42AC43DCDAFD5E365F""}, {""attach_name"": ""产品占比声明函.pdf"", ""attach_url"": ""https://download.ccgp.gov.cn/oss/download?uuid=36D0CA0D5284A26275A0BAB1599D15""}]",,,贵州省贵阳市观山湖区林城西路99号,万老师，15365183823,中国科学院地球化学研究所,,,,2026-09-09 15:22:04,陈晓翠（组长）张为 施春华 王科（推荐专家） 万野（采购人代表）,中国科学院地球化学研究所原位控压熔融毛细硅管可视反应装置采购项目中标公告,中标公告,https://www.ccgp.gov.cn/cggg/zygg/zbgg/./202609/t20260907_27281651.htm,,,,,2026年09月07日 17:59,,,,,126.65
贵州省,北京市海淀区丹棱街1号互联网金融中心20层,陈君烁 段威宇 冀松阳 王萱   010-68290549/0565  jschen@oitc.com.cn/wyduan@oitc.com.cn,东方国际招标有限责任公司,,"中小企业声明函.pdf,产品占比声明函.pdf,_0351-地化所-招标文件最终发售稿.docx,本国产品声明函.pdf","[{""attach_name"": ""中小企业声明函.pdf"", ""attach_url"": ""https://download.ccgp.gov.cn/oss/download?uuid=E451013FA4CE9DAB8752A1DAEEFD94""}, {""attach_name"": ""产品占比声明函.pdf"", ""attach_url"": ""https://download.ccgp.gov.cn/oss/download?uuid=E11E982D95387B6C491B0E857062AE""}, {""attach_name"": ""_0351-地化所-招标文件最终发售稿.docx"", ""attach_url"": ""https://download.ccgp.gov.cn/oss/download?uuid=BF8447215989D5D124A08358358B7C""}, {""attach_name"": ""本国产品声明函.pdf"", ""attach_url"": ""https://download.ccgp.gov.cn/oss/download?uuid=55DFF679B703C776F10EE51CDF62CC""}]",,,贵州省贵阳市观山湖区林城西路99号,"褚静, 15285675047",中国科学院地球化学研究所,,,,2026-09-09 15:22:04,张敏（组长）彭海军 孙国涛 邹妞妞（推荐专家）尚林波（采购人代表）,中国科学院地球化学研究所金刚石&蓝宝石压腔实时观测装置采购项目中标公告,中标公告,https://www.ccgp.gov.cn/cggg/zygg/zbgg/./202609/t20260907_27281657.htm,,,,,2026年09月07日 17:58,,,,,123.8
济南市,山东省济南市历下区华润置地广场A5-6号楼27层,王凤英、张洋洋、田飞飞、朱坤乐 0531-88763191,海逸恒安项目管理有限公司,,【招标文件发布稿】山东税务2026年应用集成平台运行维护项目.pdf,"[{""attach_name"": ""【招标文件发布稿】山东税务2026年应用集成平台运行维护项目.pdf"", ""attach_url"": ""https://download.ccgp.gov.cn/oss/download?uuid=5B785CCF1A923A940F572F6600E21C""}]",,,山东省济南市英雄山路155号,李勇，0531-85656103,国家税务总局山东省税务局,,,,2026-09-09 15:22:04,郑浩、徐舒、崔志刚、王崴、常慧敏（采购人代表）,山东税务2026年应用集成平台运行维护项目中标公告,中标公告,https://www.ccgp.gov.cn/cggg/zygg/zbgg/./202609/t20260907_27281623.htm,,,,,2026年09月07日 17:56,,,,,84.6
合肥市,合肥市紫云路888号,"应急客服电话：0551-62220153（接听时间：8:30-12:00,13:30-17:30，节假日除外。潜在供应商应优先拨打项目联系人联系电话，无人接听时再拨打该“应急客服电话”）",安徽省招标集团股份有限公司,,"本国产品声明函.pdf,中小企业声明函.jpg,自动化塑料降解评估测试系统.pdf","[{""attach_name"": ""本国产品声明函.pdf"", ""attach_url"": ""https://download.ccgp.gov.cn/oss/download?uuid=BE30C59E2D9B81E89B5992377B88D4""}, {""attach_name"": ""中小企业声明函.jpg"", ""attach_url"": ""https://download.ccgp.gov.cn/oss/download?uuid=33507F3AEBE4FE293AD3BFB13960FB""}, {""attach_name"": ""自动化塑料降解评估测试系统.pdf"", ""attach_url"": ""https://download.ccgp.gov.cn/oss/download?uuid=47DD09902ACF26B09F1F1A5D36C69F""}]",,,合肥市金寨路96号,宣老师、沈老师 0551-63602706,中国科学技术大学,,,,2026-09-09 15:22:04,张文成、朱克荣、顾问、徐伟、赵亚飞,中国科学技术大学自动化塑料降解评估测试系统中标公告,中标公告,https://www.ccgp.gov.cn/cggg/zygg/zbgg/./202609/t20260907_27281620.htm,,,,,2026年09月07日 17:56,,,,,310.65
沈阳市,北京市海淀区丹棱街1号互联网金融中心20层,余睿、王军、郭宇涵、李雯；010-68290563、010-68290508、010-68290501,东方国际招标有限责任公司,,"_招标文件--1766-Ti80锻件-发布.pdf,附件.pdf","[{""attach_name"": ""_招标文件--1766-Ti80锻件-发布.pdf"", ""attach_url"": ""https://download.ccgp.gov.cn/oss/download?uuid=9462965C4C406BBEE28BA0562C193A""}, {""attach_name"": ""附件.pdf"", ""attach_url"": ""https://download.ccgp.gov.cn/oss/download?uuid=46AD7D6AF03147F2124BFF7AFEB268""}]",,,沈阳市沈河区文化路72号,"佟老师,024-23971066",中国科学院金属研究所,,,,2026-09-09 15:22:04,王玉、吕树龙、韩笑非、李勃、徐斌,中国科学院金属研究所Ti80锻件采购项目中标公告,中标公告,https://www.ccgp.gov.cn/cggg/zygg/zbgg/./202609/t20260907_27281577.htm,,,,,2026年09月07日 17:55,,,,,484.2
合肥市,合肥市紫云路888号,"应急客服电话：0551-62220153（接听时间：8:30-12:00,13:30-17:30，节假日除外。潜在供应商应优先拨打项目联系人联系电话，无人接听时再拨打该“应急客服电话”）",安徽省招标集团股份有限公司,,"化学试剂暂存点改造（安全设备及管理系统升级）.pdf,本国产品声明函.pdf","[{""attach_name"": ""化学试剂暂存点改造（安全设备及管理系统升级）.pdf"", ""attach_url"": ""https://download.ccgp.gov.cn/oss/download?uuid=4BA685B79149279761F1D38937223E""}, {""attach_name"": ""本国产品声明函.pdf"", ""attach_url"": ""https://download.ccgp.gov.cn/oss/download?uuid=603BE98F194519176D258F4A5E8F7E""}]",,,合肥市金寨路96号,宣老师、沈老师 0551-63602706,中国科学技术大学,,,,2026-09-09 15:22:04,王应雪、潘国荣、邓成、吴九天、陈昊,中国科学技术大学化学试剂暂存点改造（安全设备及管理系统升级）中标公告,中标公告,https://www.ccgp.gov.cn/cggg/zygg/zbgg/./202609/t20260907_27281582.htm,,,,,2026年09月07日 17:55,,,,,137.91
江苏省,南京市鼓楼区中山路99号12楼,张薇025-84207240,南京苏宁工程咨询有限公司,,招标文件-南京大学180nm CMOS 工艺流片服务.doc,"[{""attach_name"": ""招标文件-南京大学180nm CMOS 工艺流片服务.doc"", ""attach_url"": ""https://download.ccgp.gov.cn/oss/download?uuid=F5294F76E9D42429345195D6CA2595""}]",,,南京市栖霞区仙林大道163号,周老师 025-89688969,南京大学,,,,2026-09-09 15:22:04,茅力、陈桂奇、吴勇、张迪、曹园(采购人代表）,南京大学180nm CMOS 工艺流片中标公告,中标公告,https://www.ccgp.gov.cn/cggg/zygg/zbgg/./202609/t20260907_27281580.htm,,,,,2026年09月07日 17:55,,,,,159.5
库尔勒市,新疆巴州库尔勒市神州集团617室,付女士18167415527,新疆泽宇慧诚工程项目管理有限公司,,8.27更正-磋商文件-乌鲁木齐铁路公安局库尔勒公安处安防监控维修项目.doc,"[{""attach_name"": ""8.27更正-磋商文件-乌鲁木齐铁路公安局库尔勒公安处安防监控维修项目.doc"", ""attach_url"": ""https://download.ccgp.gov.cn/oss/download?uuid=876F115876AD6EA99C5C23680284A8""}]",,,库尔勒市,李警官18099776812,乌鲁木齐铁路公安局库尔勒公安处,,,,2026-09-09 15:22:04,张豫疆、李春锦、沈淑娟,乌鲁木齐铁路公安局库尔勒公安处安防监控维修项目中标公告,中标公告,https://www.ccgp.gov.cn/cggg/zygg/zbgg/./202609/t20260907_27281542.htm,,,,,2026年09月07日 17:53,,,,,11.6598
北京市,北京市海淀区中关村南大街甲18号院北京国际大厦C座1101室,蔡欣悦、白雪、焦歆茹、张晶、洪京 电 话：010-62695990-803,中国洲际新资源集团股份公司,,"发售稿+（第二次）GN26145中国中医科学院望京医院国家中医药传承创新中心建设项目(设备采购第四批)--骨科相关设备采购项目.pdf,挚本（上海）科技发展有限公司-分项报价表.pdf,北京新辉中盛科技发展有限公司-中小企业声明函.pdf,挚本（上海）科技发展有限公司-中小企业声明函.pdf,北京新辉中盛科技发展有限公司-分项报价表.pdf","[{""attach_name"": ""发售稿+（第二次）GN26145中国中医科学院望京医院国家中医药传承创新中心建设项目(设备采购第四批)--骨科相关设备采购项目.pdf"", ""attach_url"": ""https://download.ccgp.gov.cn/oss/download?uuid=C0D18209F05AA7D710469024024565""}, {""attach_name"": ""挚本（上海）科技发展有限公司-分项报价表.pdf"", ""attach_url"": ""https://download.ccgp.gov.cn/oss/download?uuid=B1987A2126D5E34FB0437757674796""}, {""attach_name"": ""北京新辉中盛科技发展有限公司-中小企业声明函.pdf"", ""attach_url"": ""https://download.ccgp.gov.cn/oss/download?uuid=555F75489B1162FF768308F9A1B735""}, {""attach_name"": ""挚本（上海）科技发展有限公司-中小企业声明函.pdf"", ""attach_url"": ""https://download.ccgp.gov.cn/oss/download?uuid=C6E9BEE359DB9CAE1B05651F6A9DFE""}, {""attach_name"": ""北京新辉中盛科技发展有限公司-分项报价表.pdf"", ""attach_url"": ""https://download.ccgp.gov.cn/oss/download?uuid=3C00688B16ECD54C1FB8A92FDAD004""}]",,,北京市朝阳区望京中环南路6号,池老师 010-84730040,中国中医科学院望京医院,,,,2026-09-09 15:22:04,陶庆春、赵昕、蔡玉琴、杜燕、陈明（01包甲派）、李程（02包甲派）,中国中医科学院望京医院国家中医药传承创新中心建设项目(设备采购第四批)--骨科相关设备采购项目（第二次）中标公告,中标公告,https://www.ccgp.gov.cn/cggg/zygg/zbgg/./202609/t20260907_27281495.htm,,,,,2026年09月07日 17:51,,,,,413.35
市辖区,西章胡同9号院,010-83083702,中央国家机关政府采购中心,,"中标通知书.zip,嘉利信得家具有限公司残疾人福利性单位声明函.pdf,中央芭蕾舞团业务用房家具采购项目采购文件.pdf,投标人得分排序表.doc,嘉利信得家具有限公司中小企业声明函.pdf,嘉利信得家具有限公司关于符合本国产品标准的声明函.pdf","[{""attach_name"": ""中标通知书.zip"", ""attach_url"": ""https://download.ccgp.gov.cn/oss/download?uuid=c1703715-f839-43ea-8164-36a4c3""}, {""attach_name"": ""嘉利信得家具有限公司残疾人福利性单位声明函.pdf"", ""attach_url"": ""https://download.ccgp.gov.cn/oss/download?uuid=0a0eda9f-a24a-44fe-ae09-96528b""}, {""attach_name"": ""中央芭蕾舞团业务用房家具采购项目采购文件.pdf"", ""attach_url"": ""https://download.ccgp.gov.cn/oss/download?uuid=d0c0959e-1edf-490f-9c92-541aa0""}, {""attach_name"": ""投标人得分排序表.doc"", ""attach_url"": ""https://download.ccgp.gov.cn/oss/download?uuid=1f3d2d93-b904-454f-99e1-c327d4""}, {""attach_name"": ""嘉利信得家具有限公司中小企业声明函.pdf"", ""attach_url"": ""https://download.ccgp.gov.cn/oss/download?uuid=9fc6eb29-17c1-401a-8ae0-922fa6""}, {""attach_name"": ""嘉利信得家具有限公司关于符合本国产品标准的声明函.pdf"", ""attach_url"": ""https://download.ccgp.gov.cn/oss/download?uuid=6a3b729f-45fb-49b3-b7a0-2e6686""}]",,,北京市西城区太平街3号,010-83553737,中央芭蕾舞团(中央芭蕾舞团舞蹈学校),,,,2026-09-09 15:22:04,"王自忠,杨祖清,蔡辉,王玲玲,安雅红,黄惠,赵秋阳",中央芭蕾舞团业务用房家具采购项目中标公告,中标公告,https://www.ccgp.gov.cn/cggg/zygg/zbgg/./202609/t20260907_27281615.htm,,,,,2026年09月07日 17:50,,,,,92.3125
北京市,北京市海淀区学院路30号科大天工大厦B座17层09室,徐颖、王爽、吕绍山、孙恺宁、王希、周洁琼、王蕾蕾、张永进，010-61196305（工作日北京时间上午9：00-11:30，下午13:00-17:00）fc@zbbmcc.com（保证金、发票等咨询）,北京明德致信咨询有限公司,,"【定稿】中国石油大学（北京）金属材料氢气环境相容性试验机项目-0357-招标文件（中小）.pdf,本国产品声明函.pdf,中标公告-中国石油大学（北京）金属材料氢气环境相容性试验机项目.docx,中小企业声明函.pdf","[{""attach_name"": ""【定稿】中国石油大学（北京）金属材料氢气环境相容性试验机项目-0357-招标文件（中小）.pdf"", ""attach_url"": ""https://download.ccgp.gov.cn/oss/download?uuid=A51180F3AA37A38BD7EFC7775D65D4""}, {""attach_name"": ""本国产品声明函.pdf"", ""attach_url"": ""https://download.ccgp.gov.cn/oss/download?uuid=C0E4BF7D9F6722122EFF6E2CE7A286""}, {""attach_name"": ""中标公告-中国石油大学（北京）金属材料氢气环境相容性试验机项目.docx"", ""attach_url"": ""https://download.ccgp.gov.cn/oss/download?uuid=C7832661108E01B6BADC04DEEB050D""}, {""attach_name"": ""中小企业声明函.pdf"", ""attach_url"": ""https://download.ccgp.gov.cn/oss/download?uuid=202B4AC7331C32CACCA1260FDCE6F4""}]",,,北京市昌平区府学路18号,张老师，010-89737559,中国石油大学（北京）,,,,2026-09-09 15:22:05,蒋从根、李迎春、宋小静、赵兴华、周一帆（采购人代表）。,中国石油大学（北京）金属材料氢气环境相容性试验机项目中标公告,中标公告,https://www.ccgp.gov.cn/cggg/zygg/zbgg/./202609/t20260907_27281450.htm,,,,,2026年09月07日 17:48,,,,,142.6
广东省,深圳市福田区彩田南路中深花园A座10楼1006A室,林工0755-88605175转503,深圳市合创建设工程顾问有限公司,,,,,,广东省深圳市深南大道2006号,王先生0755-84398208,中华人民共和国深圳海关,,,,2026-09-09 15:22:05,刘伟、何敏华、刘军、黄豪杰、李润铭。,深圳海关小型修缮工程预选供应商库中标结果公告,中标公告,https://www.ccgp.gov.cn/cggg/zygg/zbgg/./202609/t20260907_27281424.htm,,,,,2026年09月07日 17:47,,,,,0.0
广东省,广州市越秀区寺右一马路18号泰恒大厦14楼1409室,侯先生020-87385151、020-37639369、020-87371812、020-87372296,广州中经招标有限公司,,"关于符合本国产品标准的声明函-广东省中科进出口有限公司  -包组一.pdf,关于符合本国产品标准的声明函-广东省中科进出口有限公司  -包组二.pdf,中小企业声明函-广东省中科进出口有限公司-包组二.pdf","[{""attach_name"": ""关于符合本国产品标准的声明函-广东省中科进出口有限公司  -包组一.pdf"", ""attach_url"": ""https://download.ccgp.gov.cn/oss/download?uuid=AF5803C1955C6AF4D5D83392073AA0""}, {""attach_name"": ""关于符合本国产品标准的声明函-广东省中科进出口有限公司  -包组二.pdf"", ""attach_url"": ""https://download.ccgp.gov.cn/oss/download?uuid=BA9B44197294A53C62AF4F149E8969""}, {""attach_name"": ""中小企业声明函-广东省中科进出口有限公司-包组二.pdf"", ""attach_url"": ""https://download.ccgp.gov.cn/oss/download?uuid=864003E288DCDBC015772F48DA0F3A""}]",,,广州市黄埔大道西601号,张老师020-85220458,暨南大学,,,,2026-09-09 15:22:05,俞鹤伟、严丽、谢慕龄、戴新、虞兵（采购人代表）,暨南大学油脂加工与安全联合实验室仪器设备升级改造项目（第三批）中标结果公告,中标公告,https://www.ccgp.gov.cn/cggg/zygg/zbgg/./202609/t20260907_27281285.htm,,,,,2026年09月07日 17:41,,,,,890.11
市辖区,西章胡同9号院,010-83083702,中央国家机关政府采购中心,,中标通知书.zip,"[{""attach_name"": ""中标通知书.zip"", ""attach_url"": ""https://download.ccgp.gov.cn/oss/download?uuid=7251cff0-a390-4db6-8e7e-a85baa""}]",,,北京市朝阳区安定路1号,010-84375035,国家奥林匹克体育中心,,,,2026-09-09 15:22:05,不详,国家奥林匹克体育中心能源机房设备设施维修改造采购项目中标结果公示,中标公告,https://www.ccgp.gov.cn/cggg/zygg/zbgg/./202609/t20260907_27281381.htm,,,,,2026年09月07日 17:40,,,,,1970.650005
市辖区,青海省西宁市城西区西川南路43号夏都青藏大厦12楼,王女士：0971-4398571,青海省国宏工程咨询监理有限公司,,公开招标文件+中国人民银行青海省分行机关办公区综合物业服务外包项目.docx,"[{""attach_name"": ""公开招标文件+中国人民银行青海省分行机关办公区综合物业服务外包项目.docx"", ""attach_url"": ""https://download.ccgp.gov.cn/oss/download?uuid=2370087A535FA461C878791A492DD1""}]",,,青海省西宁市城西区昆仑路3号,马先生：0971-6126204,中国人民银行青海省分行,,,,2026-09-09 15:22:05,胡晋哲、陈东红、吕渊（组长）、练献梅、朱德祥（采购人代表）,中国人民银行青海省分行机关办公区综合物业服务外包项目中标公告,中标公告,https://www.ccgp.gov.cn/cggg/zygg/zbgg/./202609/t20260907_27281248.htm,,,,,2026年09月07日 17:39,,,,,213.6
沈阳市,北京市海淀区丹棱街1号互联网金融中心20层,余睿、王军、郭宇涵、李雯；010-68290563、010-68290508,东方国际招标有限责任公司,,"招标文件-发布.zip,附件.pdf","[{""attach_name"": ""招标文件-发布.zip"", ""attach_url"": ""https://download.ccgp.gov.cn/oss/download?uuid=4A5C34EE5B0CCCF66775920A6C16D9""}, {""attach_name"": ""附件.pdf"", ""attach_url"": ""https://download.ccgp.gov.cn/oss/download?uuid=BA79E102DE79C82A06F2896CBD1BB2""}]",,,沈阳市沈河区南塔街114号,卢老师；024-23970632,中国科学院沈阳自动化研究所,,,,2026-09-09 15:22:05,黎展、姜明、李建勇、李文珍、刘海峥,中国科学院沈阳自动化研究所高焓风洞粒子图像测速系统采购项目中标公告,中标公告,https://www.ccgp.gov.cn/cggg/zygg/zbgg/./202609/t20260907_27281199.htm,,,,,2026年09月07日 17:36,,,,,258.0
深圳市,深圳市福田区红荔路1001号银盛大厦11楼1101-1105,谢宁多、黄颖 0755-82331226,国义招标股份有限公司,,"招标文件-广东省深圳市南山区消防救援大队2026年物业管理服务采购项目.pdf,中小企业声明函.pdf","[{""attach_name"": ""招标文件-广东省深圳市南山区消防救援大队2026年物业管理服务采购项目.pdf"", ""attach_url"": ""https://download.ccgp.gov.cn/oss/download?uuid=60C5BB793BD7E426871C2D2BAEC41C""}, {""attach_name"": ""中小企业声明函.pdf"", ""attach_url"": ""https://download.ccgp.gov.cn/oss/download?uuid=144666693476374258C829D0CD57CE""}]",,,深圳市南山区桃源街道丽山路150号,黄工 0755-86098055,深圳市南山区消防救援大队,,,,2026-09-09 15:22:05,许茂平、汤小峰、施国亮、邓子业、曹振江,广东省深圳市南山区消防救援大队2026年物业管理服务采购项目中标公告,中标公告,https://www.ccgp.gov.cn/cggg/zygg/zbgg/./202609/t20260907_27280923.htm,,,,,2026年09月07日 17:25,,,,,165.9453
泰州市医药高新区,泰州市永定东路399-1号华润双子塔东塔52楼,周女士  0523-81908859,江苏建泰工程项目管理有限公司,,泰州市消防救援支队消防安全科普智能方舱采购项目招标文件2026.8.10定稿（暗标）.pdf,"[{""attach_name"": ""泰州市消防救援支队消防安全科普智能方舱采购项目招标文件2026.8.10定稿（暗标）.pdf"", ""attach_url"": ""https://download.ccgp.gov.cn/oss/download?uuid=F7B95084544A25881DE6DE73CA8D22""}]",,,泰州市青年南路18号,李先生 18752602172,泰州市消防救援支队,,,,2026-09-09 15:22:05,李林祥、郭一飞、郑文才、申晓亮、赵平（采购人代表）,泰州市消防救援支队消防安全科普智能方舱采购项目中标公告,中标公告,https://www.ccgp.gov.cn/cggg/zygg/zbgg/./202609/t20260907_27280882.htm,,,,,2026年09月07日 17:22,,,,,205.8075
北京市,北京市海淀区学院路30号科大天工大厦B座1709室,"刘亚运、孙恺宁、吕家乐 010－82370045,FC@zbbmcc.com（保证金、发票等咨询）",北京明德致信咨询有限公司,,"（发售稿）ZC26-1127网络安全防护措施有效性验证项目-网络安全防护措施有效性验证服务招标文件.pdf,中标公告-ZC26-1127网络安全防护措施有效性验证项目-网络安全防护措施有效性验证服务.docx,中小企业声明函.pdf","[{""attach_name"": ""（发售稿）ZC26-1127网络安全防护措施有效性验证项目-网络安全防护措施有效性验证服务招标文件.pdf"", ""attach_url"": ""https://download.ccgp.gov.cn/oss/download?uuid=CC45CDD35D3BEC166CB6242BE999F7""}, {""attach_name"": ""中标公告-ZC26-1127网络安全防护措施有效性验证项目-网络安全防护措施有效性验证服务.docx"", ""attach_url"": ""https://download.ccgp.gov.cn/oss/download?uuid=EBB766483F49AE9C735FA8463F14F4""}, {""attach_name"": ""中小企业声明函.pdf"", ""attach_url"": ""https://download.ccgp.gov.cn/oss/download?uuid=19DAC70292DF09739D1C75E3B66EB8""}]",,,北京市海淀区花园北路52号,司唯  010-62308780,中国信息通信研究院,,,,2026-09-09 15:22:05,秦勐、范薇莉、姜越鹏、陈忠平、张兴国（采购人代表）。,中国信息通信研究院网络安全防护措施有效性验证项目-网络安全防护措施有效性验证服务中标公告,中标公告,https://www.ccgp.gov.cn/cggg/zygg/zbgg/./202609/t20260907_27280780.htm,,,,,2026年09月07日 17:16,,,,,107.136
大连市,大连市甘井子区东北北路101号,石凯0411-65851242,大连市政府采购中心,,"中小企业声明.png,DLZFCG2026446大连保税区消防救援大队亮甲店救援站食堂食材物资配备供应服务项目.docx","[{""attach_name"": ""中小企业声明.png"", ""attach_url"": ""https://download.ccgp.gov.cn/oss/download?uuid=36EFDAEF8B257D149BB90064748E05""}, {""attach_name"": ""DLZFCG2026446大连保税区消防救援大队亮甲店救援站食堂食材物资配备供应服务项目.docx"", ""attach_url"": ""https://download.ccgp.gov.cn/oss/download?uuid=2ED355404FE72ED3FAA4461549208A""}]",,,大连市保税区通港路117号,孙宝振15566663173,大连保税区消防救援大队,,,,2026-09-09 15:22:05,刘滨疆、张媛媛、赵锡钢、谢春山、张地帝。,大连保税区消防救援大队亮甲店救援站食堂食材物资配备供应服务项目中标公告,中标公告,https://www.ccgp.gov.cn/cggg/zygg/zbgg/./202609/t20260907_27280645.htm,,,,,2026年09月07日 17:11,,,,,0.0
呼和浩特市,北京市顺义区李桥镇翼之城11号楼307室,贺建  联系方式：010-81466499,北京典方建设工程咨询有限公司,,"华北地区（呼和浩特）空中交通管制能力提升基础设施建设工程绿化工程招标文件.doc,中标结果公告-绿化.docx","[{""attach_name"": ""华北地区（呼和浩特）空中交通管制能力提升基础设施建设工程绿化工程招标文件.doc"", ""attach_url"": ""https://download.ccgp.gov.cn/oss/download?uuid=38ACEC24CBE8C56CF8F8CED027BA8B""}, {""attach_name"": ""中标结果公告-绿化.docx"", ""attach_url"": ""https://download.ccgp.gov.cn/oss/download?uuid=B1D88D2A9C3D99B3CDAB0FC4A051BF""}]",,,民航华北空管生产运行中心（北京市顺义区天竺镇四纬路与一经路交叉口）,刘雅巍  联系方式：010-64591345,中国民用航空华北地区空中交通管理局,,,,2026-09-09 15:22:05,齐娜、刘玉萍、李爱珍、李素芬、郝文静、张喆、郭涛,中国民用航空华北地区空中交通管理局华北地区（呼和浩特）空中交通管制能力提升基础设施建设工程绿化工程中标公告,中标公告,https://www.ccgp.gov.cn/cggg/zygg/zbgg/./202609/t20260907_27280525.htm,,,,,2026年09月07日 17:07,,,,,270.815686
成都市,本项目无代理机构,本项目无代理机构,本项目无代理机构,,,,,,成都市成华区双林路55号,028-60226019,国家税务总局成都市成华区税务局,,,,2026-09-09 15:22:05,"吴光成,唐春,岳含云,廖江（采购人评审代表）,朱飞",国家税务总局成都市成华区税务局2026-2028年度食堂劳务服务采购项目中标结果公告,中标公告,https://www.ccgp.gov.cn/cggg/zygg/zbgg/./202609/t20260907_27280619.htm,,,,,2026年09月07日 17:04,,,,,125.4
南京市,南京市长江路198号苏美达大厦9F,邓梦诗、高雅婧、杨扬025-84531619、84532452、84532455,苏美达国际技术贸易有限公司,,"ZF125中小企业声明函.pdf,【定稿】ZF125 (SEU-ZB-260576)东南大学机械工程学院多轴复合操作机器人采购 招标文件20260814.pdf,ZF125本国产品声明函.pdf","[{""attach_name"": ""ZF125中小企业声明函.pdf"", ""attach_url"": ""https://download.ccgp.gov.cn/oss/download?uuid=195832E23EF4F7B9F7310C15CB2AC6""}, {""attach_name"": ""【定稿】ZF125 (SEU-ZB-260576)东南大学机械工程学院多轴复合操作机器人采购 招标文件20260814.pdf"", ""attach_url"": ""https://download.ccgp.gov.cn/oss/download?uuid=BF33658225474DE3CA677EE4D2817C""}, {""attach_name"": ""ZF125本国产品声明函.pdf"", ""attach_url"": ""https://download.ccgp.gov.cn/oss/download?uuid=91FDB1818687607A49FF5375457AAD""}]",,,南京市玄武区四牌楼2号,机械工程学院：彭老师  电话：18742037086 实验室与设备管理处：大型装备平台科 电话：025-52091041,东南大学,,,,2026-09-09 15:22:05,冯建昉、蓝田永、庞宗强、庞斌、王晓宇（采购人代表）,东南大学机械工程学院多轴复合操作机器人采购项目中标公告,中标公告,https://www.ccgp.gov.cn/cggg/zygg/zbgg/./202609/t20260907_27280383.htm,,,,,2026年09月07日 17:01,,,,,90.0
上海市,上海市长寿路285号恒达大厦20楼,王志斌    15026958937,上海机电设备招标有限公司,,星间网络流量测试验证系统-招标文件-发售稿-终稿.pdf,"[{""attach_name"": ""星间网络流量测试验证系统-招标文件-发售稿-终稿.pdf"", ""attach_url"": ""https://download.ccgp.gov.cn/oss/download?uuid=3BF1F3946CEDA5ABE2963192D84BC8""}]",,,上海市浦东新区雪洋路1号,王老师 021-20857000,中国科学院微小卫星创新研究院,,,,2026-09-09 15:22:05,陈向兵、钟洪斌、蒋建军、孙睿珩、马钦,中国科学院微小卫星创新研究院星间网络流量测试验证系统中标公告,中标公告,https://www.ccgp.gov.cn/cggg/zygg/zbgg/./202609/t20260907_27280387.htm,,,,,2026年09月07日 17:00,,,,,292.1095
南京市,南京市鼓楼区清江南路18号鼓楼创新广场D栋9楼902室,张蓉、王希稳 025-85360235、17705161691,江苏省设备成套股份有限公司,,"东南大学机械工程学院高精度复合移动平台采购项目【发布稿】.pdf,中小企业声明函+本国产品声明函.pdf","[{""attach_name"": ""东南大学机械工程学院高精度复合移动平台采购项目【发布稿】.pdf"", ""attach_url"": ""https://download.ccgp.gov.cn/oss/download?uuid=C99FEF0ED28E88DB0B2B26A3361740""}, {""attach_name"": ""中小企业声明函+本国产品声明函.pdf"", ""attach_url"": ""https://download.ccgp.gov.cn/oss/download?uuid=7E4886B1E6176C49461E00B76F2216""}]",,,南京市四牌楼2号,机械工程学院：彭老师 18742037086； 实验室与设备管理处：大型装备平台科 025-52091041。,东南大学,,,,2026-09-09 15:22:05,王晓宇（采购人代表）、宁广东、崔福春、吴立星、程金金,东南大学机械工程学院高精度复合移动平台采购项目中标公告,中标公告,https://www.ccgp.gov.cn/cggg/zygg/zbgg/./202609/t20260907_27280330.htm,,,,,2026年09月07日 16:59,,,,,60.0
广东省,广州市越秀区寺右一马路18号泰恒大厦14楼1409室,侯先生020-87385151、020-37639369、020-87371812、020-87372296,广州中经招标有限公司,,"光原科技(深圳)有限公司  -关于符合本国产品标准的声明函.pdf,光原科技(深圳)有限公司  -中小企业声明函.pdf","[{""attach_name"": ""光原科技(深圳)有限公司  -关于符合本国产品标准的声明函.pdf"", ""attach_url"": ""https://download.ccgp.gov.cn/oss/download?uuid=6D7302EADE8CE644038694E9F06D75""}, {""attach_name"": ""光原科技(深圳)有限公司  -中小企业声明函.pdf"", ""attach_url"": ""https://download.ccgp.gov.cn/oss/download?uuid=EA09B3B2A416D0F4F6284A4871D7F0""}]",,,广州市黄埔大道西601号,顾老师020-85220458,暨南大学,,,,2026-09-09 15:22:06,吴劲、黄秋妹、蒋侬辉、周铭杰、孙一帆（采购人代表）,暨南大学光片显微成像系统采购项目中标结果公告,中标公告,https://www.ccgp.gov.cn/cggg/zygg/zbgg/./202609/t20260907_27280298.htm,,,,,2026年09月07日 16:57,,,,,499.86
西安市,西安市高新区高新四路1号高科广场A座10楼1001会议室,陈璐、赵倩、刘洪涛029-87304306、029-87304326、029-88364979-857,陕西中技招标有限公司,,"小微企业声明函.pdf,AJ26064-0454心理学院未来教师学科实验中心设备更新事件相关电位仪项目8.17.pdf,本国产品声明函.pdf","[{""attach_name"": ""小微企业声明函.pdf"", ""attach_url"": ""https://download.ccgp.gov.cn/oss/download?uuid=059CA9DFE7AB7833869EADC12B2759""}, {""attach_name"": ""AJ26064-0454心理学院未来教师学科实验中心设备更新事件相关电位仪项目8.17.pdf"", ""attach_url"": ""https://download.ccgp.gov.cn/oss/download?uuid=4152777A7B0AD2F51F02F1478D4E5E""}, {""attach_name"": ""本国产品声明函.pdf"", ""attach_url"": ""https://download.ccgp.gov.cn/oss/download?uuid=FE461AE31AD66D237F4C434A2680F0""}]",,,西安市长安区西长安街620号,曹睿、李婷029-85310696,陕西师范大学,,,,2026-09-09 15:22:06,屠小昌、来水利、袁挺侠、徐雯、傅强、赵晶晶（采购人代表）、李宝林（采购人代表）,陕西师范大学心理学院未来教师学科实验中心设备更新脑事件相关电位仪项目中标公告,中标公告,https://www.ccgp.gov.cn/cggg/zygg/zbgg/./202609/t20260907_27280300.htm,,,,,2026年09月07日 16:57,,,,,58.988
南岗区,北京市海淀区学院南路62号中关村资本大厦六层,王峥男、卢晓刚、安文康 13394515577、13836009128,中招国际招标有限公司,,哈尔滨工业大学中俄联合校园项目C-01地块-师生活动中心项目室外环境工程-招标文件.pdf,"[{""attach_name"": ""哈尔滨工业大学中俄联合校园项目C-01地块-师生活动中心项目室外环境工程-招标文件.pdf"", ""attach_url"": ""https://download.ccgp.gov.cn/oss/download?uuid=572CDDF86EA0EBBC39D0FA497BF7BE""}]",,,哈尔滨市南岗区西大直街92号,武俊萍 0451-86417953,哈尔滨工业大学,,,,2026-09-09 15:22:06,/,哈尔滨工业大学中俄联合校园项目C-01地块-师生活动中心项目室外环境工程中标候选人和定标结果公示,中标公告,https://www.ccgp.gov.cn/cggg/zygg/zbgg/./202609/t20260907_27280122.htm,,,,,2026年09月07日 16:51,,,,,630.50405
湖南省,湖南省长沙市湘府东路199号招标大厦,刘陶  何栋  龚翠薇   联系电话：0731-84532855、84532885   e - mail：168905865@qq.com,湖南省招标有限责任公司,,,,,,湖南省长沙市人民中路139号,王老师    0731-85294138,中南大学湘雅二医院,,,,2026-09-09 15:22:06,佘鸥（主任评委）、肖梅玉、申艳平（业主评委）,中南大学湘雅二医院2026年全院计量设备质检服务项目（第二次）结果公告,中标公告,https://www.ccgp.gov.cn/cggg/zygg/zbgg/./202609/t20260907_27279970.htm,,,,,2026年09月07日 16:45,,,,,0.0
广东省,广东省广州市越秀区越华路112号珠江国际大厦3楼,020-83187283（sczx3@gd.gov.cn）,广东省政府采购中心,,"中小企业声明函（广东华盾保安有限公司）.pdf,报价明细表（广东华盾保安有限公司）.pdf","[{""attach_name"": ""中小企业声明函（广东华盾保安有限公司）.pdf"", ""attach_url"": ""https://download.ccgp.gov.cn/oss/download?uuid=97C08879B8514D9B5640EF802EB566""}, {""attach_name"": ""报价明细表（广东华盾保安有限公司）.pdf"", ""attach_url"": ""https://download.ccgp.gov.cn/oss/download?uuid=EE55E67E48AC105036B991413FE58F""}]",,,广东省普宁市流沙北街道福盛南路与赵华路交叉口,0663-2921158,国家税务总局普宁市税务局,,,,2026-09-09 15:22:06,王刚、刘虹、潘惠婷、张志高、吴宇斌（民主推选为评委主任）、冯燕英、余威盛（采购人代表）、李少财（采购人代表）、王泽锴（采购人代表）,国家税务总局普宁市税务局物业管理服务项目中标公告,中标公告,https://www.ccgp.gov.cn/cggg/zygg/zbgg/./202609/t20260907_27279760.htm,,,,,2026年09月07日 16:37,,,,,919.8
大连市,大连市沙河口区西南路350-2号,郭崇瑾、杜俊峰0411-83609543-111、112,大连机械设备成套有限公司,,"关于符合本国产品标准的声明函.docx,(定稿)微纳装配与环境集成系统-招标文件.docx,中小企业声明函.docx","[{""attach_name"": ""关于符合本国产品标准的声明函.docx"", ""attach_url"": ""https://download.ccgp.gov.cn/oss/download?uuid=CF98A5CCE884A50AF9FC2E98B1485E""}, {""attach_name"": ""(定稿)微纳装配与环境集成系统-招标文件.docx"", ""attach_url"": ""https://download.ccgp.gov.cn/oss/download?uuid=6AD8FF5726C273AFAD304E7A4CC2F3""}, {""attach_name"": ""中小企业声明函.docx"", ""attach_url"": ""https://download.ccgp.gov.cn/oss/download?uuid=F85B9FBC379B7C2787945846E39EDC""}]",,,辽宁省大连市高新园区凌工路2号大连理工大学科技园大厦C座409室。,李老师/孙老师；0411-84709969/84706297,大连理工大学,,,,2026-09-09 15:22:06,田宝珍、曾洁、赵晶、韩学锋、陈禹含（采购人代表）,大连理工大学微纳装配与环境集成系统采购项目中标公告,中标公告,https://www.ccgp.gov.cn/cggg/zygg/zbgg/./202609/t20260907_27279693.htm,,,,,2026年09月07日 16:34,,,,,186.9
北京市,北京市海淀区学院路30号科大天工大厦B座1709室,杨梦雪、王蕾蕾、杨欢、孙恺宁、王爽、周洁琼、王希  010－82370045,北京明德致信咨询有限公司,,"0941中国矿业大学（北京）先进制造技术专业实验室设备采购（二次）--招标文件-终稿(2).pdf,中标公告-0941二次-中国矿业大学（北京）先进制造技术专业实验室设备采购.docx,中小企业声明函.pdf","[{""attach_name"": ""0941中国矿业大学（北京）先进制造技术专业实验室设备采购（二次）--招标文件-终稿(2).pdf"", ""attach_url"": ""https://download.ccgp.gov.cn/oss/download?uuid=A52F2F96608AE497B3A55A59BD8783""}, {""attach_name"": ""中标公告-0941二次-中国矿业大学（北京）先进制造技术专业实验室设备采购.docx"", ""attach_url"": ""https://download.ccgp.gov.cn/oss/download?uuid=E4230AAE5D693B80568D745CAE2384""}, {""attach_name"": ""中小企业声明函.pdf"", ""attach_url"": ""https://download.ccgp.gov.cn/oss/download?uuid=68B93394274D9E56CB73F1C296C9D5""}]",,,北京市海淀区学院路丁11号,许老师，010-62331945,中国矿业大学（北京）,,,,2026-09-09 15:22:06,段玉生、杨帆、陈世东、王加加、黄啸（采购人代表）,中国矿业大学（北京）先进制造技术专业实验室设备采购中标公告,中标公告,https://www.ccgp.gov.cn/cggg/zygg/zbgg/./202609/t20260907_27279647.htm,,,,,2026年09月07日 16:33,,,,,73.8
哈尔滨市,黑龙江省哈尔滨市道外区红旗小区26栋8单元1层门市,马女士0451-87904295,黑龙江中强百通咨询服务有限公司,,"招标文件终稿.pdf,中小企业声明函.pdf","[{""attach_name"": ""招标文件终稿.pdf"", ""attach_url"": ""https://download.ccgp.gov.cn/oss/download?uuid=C8E75CF840F89C2809224D2CEB19E4""}, {""attach_name"": ""中小企业声明函.pdf"", ""attach_url"": ""https://download.ccgp.gov.cn/oss/download?uuid=98D7B45FFA3D9A0015C60C17E551B4""}]",,,哈尔滨市南岗区测绘路32号,彭先生0451-86619043,自然资源部黑龙江基础地理信息中心,,,,2026-09-09 15:22:06,刘恒飞（采购人代表）、席丽丽、胡蝶、谢书博、胡景芬,自然资源部黑龙江基础地理信息中心测绘地理信息数据生产与系统研发技术劳务协作中标公告,中标公告,https://www.ccgp.gov.cn/cggg/zygg/zbgg/./202609/t20260907_27279646.htm,,,,,2026年09月07日 16:32,,,,,0.005
天津市,天津市河东区红星路79号二楼（邮编：300161）,张娜  傅耀022-24538217,天津市政府采购中心,,"中小企业声明函.pdf,中标明细表.pdf,招标文件（TGPC-2026-A-0261）.rar","[{""attach_name"": ""中小企业声明函.pdf"", ""attach_url"": ""https://download.ccgp.gov.cn/oss/download?uuid=40C8F4D4B7C5727B2F8B80B12303BE""}, {""attach_name"": ""中标明细表.pdf"", ""attach_url"": ""https://download.ccgp.gov.cn/oss/download?uuid=0584AD752DE2085505CB18F487C16E""}, {""attach_name"": ""招标文件（TGPC-2026-A-0261）.rar"", ""attach_url"": ""https://download.ccgp.gov.cn/oss/download?uuid=80CC6D7F4ADEF0133F2E3A3D094DA1""}]",,,天津市津南区南环路31号天津市津南区税务局,郭岚旭022- 28545653,国家税务总局天津市津南区税务局,,,,2026-09-09 15:22:06,李莎、张燕、杨华、李有起、董荣芳（采购人代表）,国家税务总局天津市津南区税务局2026-2027年度食材采购项目（项目编号：TGPC-2026-A-0261）中标公告,中标公告,https://www.ccgp.gov.cn/cggg/zygg/zbgg/./202609/t20260907_27279583.htm,,,,,2026年09月07日 16:31,,,,,0.0
北京市,北京市海淀区学院南路62号中关村资本大厦911A,刘慧敏、邓嘉莹、蒋雪娜、陈思佳、张涵睿 010-61954143/62108043,中招国际招标有限公司,,"中小企业声明.pdf,0809-招标文件发售稿-癌痛全程管理精准能力提升项目.pdf","[{""attach_name"": ""中小企业声明.pdf"", ""attach_url"": ""https://download.ccgp.gov.cn/oss/download?uuid=B0D204F70C6C9C16F403345E2E426B""}, {""attach_name"": ""0809-招标文件发售稿-癌痛全程管理精准能力提升项目.pdf"", ""attach_url"": ""https://download.ccgp.gov.cn/oss/download?uuid=E749A38786DF1A462EB3C396394C76""}]",,,北京市海淀区知春路27号量子芯座21层,夏园丽010-83041868,国家卫生健康委能力建设和继续教育中心,,,,2026-09-09 15:22:06,陈智滨、毛恒、任京萍、李源、夏园丽,国家卫生健康委能力建设和继续教育中心癌痛全程管理精准能力提升项目中标公告,中标公告,https://www.ccgp.gov.cn/cggg/zygg/zbgg/./202609/t20260907_27279592.htm,,,,,2026年09月07日 16:31,,,,,434.43
南京市,南京市建邺区云龙山路89号龙湖时代上城1栋29楼,马鸣  曹雪 025-58835827-8033（技术咨询） 025-58835827-0（文件获取咨询）,南京江城工程项目管理有限公司,,"中小企业声明函-南京全有电子科技有限公司.pdf,南京大学激光扫描显微共聚焦荧光成像仪（招标文件）.pdf","[{""attach_name"": ""中小企业声明函-南京全有电子科技有限公司.pdf"", ""attach_url"": ""https://download.ccgp.gov.cn/oss/download?uuid=21CFCBD18C6A5C85F62FED72218342""}, {""attach_name"": ""南京大学激光扫描显微共聚焦荧光成像仪（招标文件）.pdf"", ""attach_url"": ""https://download.ccgp.gov.cn/oss/download?uuid=5ABBC56DC24CFFC3D71D09B0C44F92""}]",,,南京市栖霞区仙林大道 163 号,胡老师 025-89688969,南京大学,,,,2026-09-09 15:22:06,张红江、李三龙、郭培志、张欣、鞠熀先（采购人代表）,南京大学激光扫描显微共聚焦荧光成像仪中标公告,中标公告,https://www.ccgp.gov.cn/cggg/zygg/zbgg/./202609/t20260907_27279575.htm,,,,,2026年09月07日 16:30,,,,,123.0
广东省,广东省广州市越秀区越华路112号珠江国际大厦3楼,020-83187191/sczx3@gd.gov.cn,广东省政府采购中心,,"G26C-093F中小企业声明函.pdf,G26C-093F分项报价表.pdf","[{""attach_name"": ""G26C-093F中小企业声明函.pdf"", ""attach_url"": ""https://download.ccgp.gov.cn/oss/download?uuid=C15D61BF352895D0402889C0204F60""}, {""attach_name"": ""G26C-093F分项报价表.pdf"", ""attach_url"": ""https://download.ccgp.gov.cn/oss/download?uuid=5D660C9327EDB375A173D781957F33""}]",,,广东省普宁市流沙北街道福盛南路与赵华路交叉口,0663-2921158,国家税务总局普宁市税务局,,,,2026-09-09 15:22:06,钟岸堂、李裕、王顺太、余威盛（采购人代表）、李少财（采购人代表）、王泽锴（采购人代表）、曾秀谊、汤露珍、蔡立明（民主推选为评委主任）,国家税务总局普宁市税务局机关及各税务分局食堂餐饮管理服务项目中标公告,中标公告,https://www.ccgp.gov.cn/cggg/zygg/zbgg/./202609/t20260907_27279508.htm,,,,,2026年09月07日 16:27,,,,,432.18
南京市,南京市鼓楼区清江南路18号鼓楼创新广场D栋9楼902室,张蓉、王希稳 025-85360235、17705161691,江苏省设备成套股份有限公司,,"东南大学生物科学与医学工程学院激光扫描光声成像分析仪采购项目招标文件（发布稿）.pdf,中小企业声明函+本国产品声明函.pdf","[{""attach_name"": ""东南大学生物科学与医学工程学院激光扫描光声成像分析仪采购项目招标文件（发布稿）.pdf"", ""attach_url"": ""https://download.ccgp.gov.cn/oss/download?uuid=ACB078D4B4091DC93226CA3B4C5EFF""}, {""attach_name"": ""中小企业声明函+本国产品声明函.pdf"", ""attach_url"": ""https://download.ccgp.gov.cn/oss/download?uuid=BCE3ADC4DE85CF669A3A7D43B07037""}]",,,南京市四牌楼2号,生物科学与医学工程学院：杨老师  13016973050  实验室与设备管理处：大型装备平台科 025-52091041,东南大学,,,,2026-09-09 15:22:06,杨芳（采购人代表）、鲁凯、胡平、周新华、殷小军,东南大学生物科学与医学工程学院激光扫描光声成像分析仪采购项目中标公告,中标公告,https://www.ccgp.gov.cn/cggg/zygg/zbgg/./202609/t20260907_27279376.htm,,,,,2026年09月07日 16:21,,,,,169.55
南京市,南京市鼓楼区清江南路18号鼓楼创新广场D栋9楼902室,张蓉、王希稳 025-85360235、17705161691,江苏省设备成套股份有限公司,,"中小企业声明函.pdf,东南大学机械工程学院超高温氧分压精密系统采购项目（发布稿）.pdf,本国产品标准的声明函.pdf","[{""attach_name"": ""中小企业声明函.pdf"", ""attach_url"": ""https://download.ccgp.gov.cn/oss/download?uuid=86FCBAF0DFB06AB73670F7991F8C68""}, {""attach_name"": ""东南大学机械工程学院超高温氧分压精密系统采购项目（发布稿）.pdf"", ""attach_url"": ""https://download.ccgp.gov.cn/oss/download?uuid=CE3E254E47A7E6BA7237D0C8ED0697""}, {""attach_name"": ""本国产品标准的声明函.pdf"", ""attach_url"": ""https://download.ccgp.gov.cn/oss/download?uuid=F80BCAB2C583D3CC9692CDAAD0C8B6""}]",,,南京市四牌楼2号,机械工程学院：陆老师 15895831763；  实验室与设备管理处：大型装备平台科 025-52091041。,东南大学,,,,2026-09-09 15:22:06,李彦斌（采购人代表）、宁广东、崔福春、吴立星、程金金,东南大学机械工程学院超高温氧分压精密系统采购项目中标公告,中标公告,https://www.ccgp.gov.cn/cggg/zygg/zbgg/./202609/t20260907_27279373.htm,,,,,2026年09月07日 16:20,,,,,189.0
辽宁省,沈阳市铁西区北二东路12-1号唐轩中心825,张密、刘嘉莹、024-31332245,辽宁尧舜禹项目管理有限公司,,"定稿-DDWK2026098原位流变可视化系统.docx,中小企业声明函.pdf","[{""attach_name"": ""定稿-DDWK2026098原位流变可视化系统.docx"", ""attach_url"": ""https://download.ccgp.gov.cn/oss/download?uuid=7607FCF72B1003CB1C9DE52BCA6E43""}, {""attach_name"": ""中小企业声明函.pdf"", ""attach_url"": ""https://download.ccgp.gov.cn/oss/download?uuid=C7C924924F35C553228F796921806B""}]",,,沈阳市和平区文化路三巷11号,庄老师、83689255,东北大学,,,,2026-09-09 15:22:07,张劲松、刘丽娜、姜欣、彭春兰、姜海强,东北大学原位流变可视化系统中标公告,中标公告,https://www.ccgp.gov.cn/cggg/zygg/zbgg/./202609/t20260907_27279333.htm,,,,,2026年09月07日 16:19,,,,,113.5
北京市,北京市丰台区西三环南路14号院首科大厦A座4层405号,那志伟，010-81168440,中技国际招标有限公司,,采购蓝光盘匣介质项目-0701-264006110094.pdf,"[{""attach_name"": ""采购蓝光盘匣介质项目-0701-264006110094.pdf"", ""attach_url"": ""https://download.ccgp.gov.cn/oss/download?uuid=2C1CDA00795E517B2BE27D66CAA230""}]",,,北京市海淀区复兴路11号,赵老师，010-68508752,中央广播电视总台,,,,2026-09-09 15:22:07,王海婴、沈聪、杜彦林、孙有胜、张毅,中央广播电视总台采购蓝光盘匣介质中标公告,中标公告,https://www.ccgp.gov.cn/cggg/zygg/zbgg/./202609/t20260907_27279305.htm,,,,,2026年09月07日 16:16,,,,,162.24
玄武区,南京市建邺区庐山路158号嘉业国际城4号楼2302室,严浩、金瑶瑶 19951754271、18360460879,华春建设工程项目管理有限责任公司,,"本国产品声明.png,【出售稿】东南大学信息科学与工程学院信号分析仪采购-招标文件.docx.pdf","[{""attach_name"": ""本国产品声明.png"", ""attach_url"": ""https://download.ccgp.gov.cn/oss/download?uuid=2F1A7095C5D7EC8184849C4A195CFA""}, {""attach_name"": ""【出售稿】东南大学信息科学与工程学院信号分析仪采购-招标文件.docx.pdf"", ""attach_url"": ""https://download.ccgp.gov.cn/oss/download?uuid=26E2F476E614633BFF59ED3F7A5F77""}]",,,江苏省南京市玄武区新街口街道四牌楼2号,技术咨询：信息科学与工程学院：潘老师，电话:15950506140； 实验室与设备管理处：大型装备平台科，电话：025-52091041；,东南大学,,,,2026-09-09 15:22:07,王骁勇、严东、何锁侠、杨洋、陈昊（招标人代表）,东南大学信息科学与工程学院信号分析仪采购(SEU-ZB-260623)中标结果公告,中标公告,https://www.ccgp.gov.cn/cggg/zygg/zbgg/./202609/t20260907_27279221.htm,,,,,2026年09月07日 16:13,,,,,58.0
路北区,河北省唐山市路北区朝阳道南侧、大里路东侧悦翔里铂悦商务中心3楼01单元层922号-2,刘志友，0315-3201888,河北公资共源工程项目管理有限公司,,"招标文件正文.pdf,成交供应商评审总得分.pdf,承诺函(1).pdf","[{""attach_name"": ""招标文件正文.pdf"", ""attach_url"": ""https://download.ccgp.gov.cn/oss/download?uuid=F619D1727D85B639DBDBCBB9DC8D6B""}, {""attach_name"": ""成交供应商评审总得分.pdf"", ""attach_url"": ""https://download.ccgp.gov.cn/oss/download?uuid=E27AC6F7BAFE08306ED4E512A32137""}, {""attach_name"": ""承诺函(1).pdf"", ""attach_url"": ""https://download.ccgp.gov.cn/oss/download?uuid=029370BDA448334625D45966C56774""}]",,,唐山市路北区北新西道 33 号,国家税务总局唐山市路北区税务局，0315-2010024,国家税务总局唐山市路北区税务局,,,,2026-09-09 15:22:07,范威（采购人代表）、张黎黎（组长）、李超、王言、康东风,国家税务总局唐山市路北区税务局2026年食堂食材采购项目第2次采购中标公告,中标公告,https://www.ccgp.gov.cn/cggg/zygg/zbgg/./202609/t20260907_27279159.htm,,,,,2026年09月07日 16:10,,,,,207.2
厦门市,厦门市思明区湖滨南路57号金源大厦18楼,0592-2202255(总机) 传真：0592-2212277、2231155,厦门市中实采购招标有限公司,,"本国产品声明函-厦门云阶网络科技有限公司.pdf,3317招标[2026CGZXGKZB0020]（华侨大学厦门校区实验楼群安全智慧控电节能改造专项）-更改E.pdf,中小企业声明函-厦门云阶网络科技有限公司.pdf","[{""attach_name"": ""本国产品声明函-厦门云阶网络科技有限公司.pdf"", ""attach_url"": ""https://download.ccgp.gov.cn/oss/download?uuid=12247A3FB4D664760C71CFF1810045""}, {""attach_name"": ""3317招标[2026CGZXGKZB0020]（华侨大学厦门校区实验楼群安全智慧控电节能改造专项）-更改E.pdf"", ""attach_url"": ""https://download.ccgp.gov.cn/oss/download?uuid=881F9506BC9172CD6BC7DF9947B488""}, {""attach_name"": ""中小企业声明函-厦门云阶网络科技有限公司.pdf"", ""attach_url"": ""https://download.ccgp.gov.cn/oss/download?uuid=464702343505911D4A10A5A353FBEF""}]",,,福建省厦门市集美区集美大道668号,胡老师/0592-6161557,华侨大学,,,,2026-09-09 15:22:07,黄鸿、刘炳灶、吴咏勤、蒋福成、胡伟石,厦门中实－公开招标－2026-ZS3317[2026CGZXGKZB0020]-厦门校区实验楼群安全智慧控电节能改造专项-结果公告,中标公告,https://www.ccgp.gov.cn/cggg/zygg/zbgg/./202609/t20260907_27279121.htm,,,,,2026年09月07日 16:09,,,,,319.7272
湖北省,武汉市武昌区民主路782号洪广大酒店A座14楼,谭莉、夏红斌、徐建林、陈晓君、李智斌 13720230332,湖北路港工程咨询有限公司,,招标文件-无创多普勒超声血流系统.pdf,"[{""attach_name"": ""招标文件-无创多普勒超声血流系统.pdf"", ""attach_url"": ""https://download.ccgp.gov.cn/oss/download?uuid=792EE3BFF7A189DFE23EF1C2512892""}]",,,湖北省武汉市解放大道1095号,冉科长 027-83662896,华中科技大学同济医学院附属同济医院,,,,2026-09-09 15:22:07,黄雄，吴力，李萍，王芳，廖文慧,华中科技大学同济医学院附属同济医院无创多普勒超声血流系统中标公告,中标公告,https://www.ccgp.gov.cn/cggg/zygg/zbgg/./202609/t20260907_27279119.htm,,,,,2026年09月07日 16:09,,,,,52.41
天津市,天津市河东区红星路79号二楼（邮编：300161）,傅耀、冯强  022-24538307,天津市政府采购中心,,"天津市消防救援总队第四批灭火救援装备采购项目中标明细单.pdf,中小企业声明函（第二包）.pdf,招标文件（TGPC-2026-A-0228）.docx","[{""attach_name"": ""天津市消防救援总队第四批灭火救援装备采购项目中标明细单.pdf"", ""attach_url"": ""https://download.ccgp.gov.cn/oss/download?uuid=A9EE4DF7ADE8A56B7DAC18482F0645""}, {""attach_name"": ""中小企业声明函（第二包）.pdf"", ""attach_url"": ""https://download.ccgp.gov.cn/oss/download?uuid=85A680242EEB5C06D68F80F0A70310""}, {""attach_name"": ""招标文件（TGPC-2026-A-0228）.docx"", ""attach_url"": ""https://download.ccgp.gov.cn/oss/download?uuid=48543E44A91D281AC27CFE1743B856""}]",,,南开区南马路708号,王鹏  022-27330119-8699,天津市消防救援总队,,,,2026-09-09 15:22:07,刘天彦、尼华、刘刚、任初农、刘文波、赵秀兰、徐赓（采购人代表）、赵存建（采购人代表）、王立麟（采购人代表）。,天津市消防救援总队第四批灭火救援装备采购项目（项目编号：TGPC-2026-A-0228）中标公告,中标公告,https://www.ccgp.gov.cn/cggg/zygg/zbgg/./202609/t20260907_27279090.htm,,,,,2026年09月07日 16:07,,,,,297.8
北京市,详见公告正文,详见公告正文,详见公告正文,,,,,,北京市海淀区羊坊店西路5号,"010-61986912,010-61989917",国家税务总局,,,,2026-09-09 15:22:07,"于红,任振强,崔红玉,张露月,李治恩,贺梦迪,赵国栋；于红,任振强,崔红玉,张露月,李治恩,贺梦迪,赵国栋；于红,任振强,崔红玉,张露月,李治恩,贺梦迪,赵国栋",国家税务总局2025-2027年税务制服面料和标志采购项目（第2次）包件号8（12-1子包）、9（12-2子包）、10（13-2子包）中标结果公告,中标公告,https://www.ccgp.gov.cn/cggg/zygg/zbgg/./202609/t20260907_27279209.htm,,,,,2026年09月07日 16:06,,,,,0.001854
天津市,天津市河东区红星路79号二楼（邮编：300161）,丁亚天、王蓉蓉  022-24538301,天津市政府采购中心,,"招标文件-服务-货物.docx,中小企业声明函.pdf","[{""attach_name"": ""招标文件-服务-货物.docx"", ""attach_url"": ""https://download.ccgp.gov.cn/oss/download?uuid=64D6A344948D39A89EB6A6DEF56936""}, {""attach_name"": ""中小企业声明函.pdf"", ""attach_url"": ""https://download.ccgp.gov.cn/oss/download?uuid=C914220888DAF6AF0AAF6B5A70F2C5""}]",,,天津市河北区民主道16号,牛宗雯  022-24465513,国家税务总局天津市税务局,,,,2026-09-09 15:22:07,郝达睿、李文龙、叶欣、许继扬、郑瀛（采购人代表）,国家税务总局天津市税务局天津税务2026年基础环境及数据链路运行维护项目（项目编号：TGPC-2026-D-0895）中标公告,中标公告,https://www.ccgp.gov.cn/cggg/zygg/zbgg/./202609/t20260907_27278961.htm,,,,,2026年09月07日 15:59,,,,,168.5
盐山县,沧州市运河区圣基大厦后身中铁大桥局东侧独栋107号,刘博宁 　0317-2011019,河北盈道工程管理有限公司,,"中小企业声明函.pdf,盐山县消防救援大队-招标文件8.14.pdf","[{""attach_name"": ""中小企业声明函.pdf"", ""attach_url"": ""https://download.ccgp.gov.cn/oss/download?uuid=85B205603238BE497C053612FF1FB7""}, {""attach_name"": ""盐山县消防救援大队-招标文件8.14.pdf"", ""attach_url"": ""https://download.ccgp.gov.cn/oss/download?uuid=0076E3F0C2FED0CA14F5FC3E20BB59""}]",,,河北省沧州市盐山县高成南大街969号,陈通  18903276587,盐山县消防救援大队,,,,2026-09-09 15:22:07,罗坤（采购人代表）、李从达、刘淑梅、宋世芝、季景兰,盐山县消防救援大队2026年伙食食材配送服务采购项目中标公告,中标公告,https://www.ccgp.gov.cn/cggg/zygg/zbgg/./202609/t20260907_27278852.htm,,,,,2026年09月07日 15:52,,,,,0.0
北京市,北京市海淀区丹棱街1号互联网金融中心20层,窦志超、曹山、高天阳 010-68290562,东方国际招标有限责任公司,,"_1244招标文件-IgG4相关性疾病规范化诊疗与多学科协作能力提升项目-8.17.pdf,中小企业声明函-杭州学天砺行教育科技有限公司.pdf","[{""attach_name"": ""_1244招标文件-IgG4相关性疾病规范化诊疗与多学科协作能力提升项目-8.17.pdf"", ""attach_url"": ""https://download.ccgp.gov.cn/oss/download?uuid=838C4DE545717AB31F756BFCD8C223""}, {""attach_name"": ""中小企业声明函-杭州学天砺行教育科技有限公司.pdf"", ""attach_url"": ""https://download.ccgp.gov.cn/oss/download?uuid=271C691F745DE9EE1440376E33BB22""}]",,,北京市海淀区知春路27号量子芯座大厦21层,林老师010-83041812,国家卫生健康委能力建设和继续教育中心,,,,2026-09-09 15:22:07,刘明强（评审组长）、徐枫、陈静、刘畅、李永川,国家卫生健康委能力建设和继续教育中心IgG4相关性疾病规范化诊疗与多学科协作能力提升项目中标公告,中标公告,https://www.ccgp.gov.cn/cggg/zygg/zbgg/./202609/t20260907_27278819.htm,,,,,2026年09月07日 15:51,,,,,192.867
上海市,13127572665、18818252438,张雪燕、韩贞,上海申诣建设咨询有限公司,,上海海关学院互联网出口链路宽带二项目  招标文件（发售稿）.docx,"[{""attach_name"": ""上海海关学院互联网出口链路宽带二项目  招标文件（发售稿）.docx"", ""attach_url"": ""https://download.ccgp.gov.cn/oss/download?uuid=FE84B3A64D06B8A1190609DE889B54""}]",,,上海市浦东新区华夏西路5677号,王老师 021-28991087,上海海关学院,,,,2026-09-09 15:22:07,相岱鹤、孙美选、孙胜军、毛妞、范云欢,上海海关学院互联网出口链路宽带二项目中标公告,中标公告,https://www.ccgp.gov.cn/cggg/zygg/zbgg/./202609/t20260907_27278825.htm,,,,,2026年09月07日 15:50,,,,,71.26
南宁市,广西南宁市青秀区合作路6号五洲国际D栋临街商铺1楼D105室,陈金梅、谭珠、伍波,广西交投宏冠工程咨询有限公司,,,,,,南宁市青秀区新竹路30号,邓纪威，0771-5601106,广西壮族自治区气象局机关服务中心,,,,2026-09-09 15:22:07,/,广西壮族自治区基础设施维修费项目中标候选人公示,中标公告,https://www.ccgp.gov.cn/cggg/zygg/zbgg/./202609/t20260907_27278696.htm,,,,,2026年09月07日 15:45,,,,,525.101157
北京市,北京市丰台区东旭国际中心A座北楼17层,程俊、王斌、李倩、刘晶晶、朱艳梅、张书玲、卢雪、郭玉婷、丁峥敏010-60624505-813,中钰招标有限公司,,"（发布稿）华北电力大学移动座椅8.5.pdf,中小企业声明函.pdf,分项报价表.pdf,本国产品声明函.pdf","[{""attach_name"": ""（发布稿）华北电力大学移动座椅8.5.pdf"", ""attach_url"": ""https://download.ccgp.gov.cn/oss/download?uuid=C92A76450A1790B360F2C639B0C45D""}, {""attach_name"": ""中小企业声明函.pdf"", ""attach_url"": ""https://download.ccgp.gov.cn/oss/download?uuid=28DA92819277CD9DE38007905B19CE""}, {""attach_name"": ""分项报价表.pdf"", ""attach_url"": ""https://download.ccgp.gov.cn/oss/download?uuid=DCC581F868E857E576FA1FB0262C2A""}, {""attach_name"": ""本国产品声明函.pdf"", ""attach_url"": ""https://download.ccgp.gov.cn/oss/download?uuid=CB75A4DB31885F69A393C5D1D69501""}]",,,北京市昌平区北农路2号,张老师010-61772996,华北电力大学,,,,2026-09-09 15:22:07,章斌（组长）、黄为平、方龙辉、李郁、王吉飞（采购人代表）,华北电力大学移动座椅中标公告,中标公告,https://www.ccgp.gov.cn/cggg/zygg/zbgg/./202609/t20260907_27278669.htm,,,,,2026年09月07日 15:43,,,,,145.0458
江苏省,江苏省南京市鼓楼区郑和中路118号D座12楼1203室,汪律、姜瑶、陈诚，025-83240902、83249926、83248600,江苏省招标中心有限公司,3.0,"中小企业声明函-标段1.pdf,中小企业声明函-标段2.pdf,东南大学九龙湖校区校园绿化养护服务项目（2026-2029年度）-招标文件-发售稿.pdf","[{""attach_name"": ""中小企业声明函-标段1.pdf"", ""attach_url"": ""https://download.ccgp.gov.cn/oss/download?uuid=A55EA13C7CA240004D5C45711637B7""}, {""attach_name"": ""中小企业声明函-标段2.pdf"", ""attach_url"": ""https://download.ccgp.gov.cn/oss/download?uuid=86352134C8886D90462B4EB849BA2C""}, {""attach_name"": ""东南大学九龙湖校区校园绿化养护服务项目（2026-2029年度）-招标文件-发售稿.pdf"", ""attach_url"": ""https://download.ccgp.gov.cn/oss/download?uuid=E4E21A185BE3318FFB7A040CF72E68""}]",,,江苏省南京市玄武区四牌楼2号,总务处：魏老师，025-52090315,东南大学,,,,2026-09-09 15:22:07,杨业辉、叶春云、杨丽萍、杨春柳、王  亮（采购人代表）,东南大学九龙湖校区校园绿化养护服务项目（2026-2029年度）中标公告,中标公告,https://www.ccgp.gov.cn/cggg/zygg/zbgg/./202609/t20260907_27278617.htm,,,,,2026年09月07日 15:41,,,,,287.90476
上海市,北京市海淀区丹棱街1号互联网金融中心20层,陈小舫 王淑文 杨帆 赵倩 021-64717141/010-68290560 xfchen@oitc.com.cn,东方国际招标有限责任公司,,2385招标文件.docx,"[{""attach_name"": ""2385招标文件.docx"", ""attach_url"": ""https://download.ccgp.gov.cn/oss/download?uuid=B60DF8973FEF662C6CDF4FE58DFA1D""}]",,,上海市嘉定区和硕路585号,全老师，021-69906570,中国科学院上海硅酸盐研究所,,,,2026-09-09 15:22:07,夏项团（组长）王大伟 蔡勇 刘淑芬（推荐专家）申如香（用户代表）,中国科学院上海硅酸盐研究所X射线光电子能谱仪采购项目中标公告,中标公告,https://www.ccgp.gov.cn/cggg/zygg/zbgg/./202609/t20260907_27278440.htm,,,,,2026年09月07日 15:33,,,,,438.12
长乐市,详见公告正文,详见公告正文,详见公告正文,,,,,,福建省福州市长乐区漳港街道翔通一路7号福州机场出入境边防检查站,俞警官059128620101,中华人民共和国福州机场出入境边防检查站,,,,2026-09-09 15:22:08,孙星、柯秀云、俞颖琪,中华人民共和国福州机场出入境边防检查站特种作业设备运维服务中标公告,中标公告,https://www.ccgp.gov.cn/cggg/zygg/zbgg/./202609/t20260907_27278982.htm,,,,,2026年09月07日 15:32,,,,,36.96
新乡县,河南省新乡市牧野区新中大道560号,孙艳13937348796,河南连昇建筑工程管理有限公司,,,,,,新乡县小冀镇青龙路东段,姬忠伦15836007900,新乡县消防救援大队,,,,2026-09-09 15:22:08,徐伟、浮瑞芳、姬忠伦,新乡县消防救援大队中央大道消防救援站装修项目中标公告,中标公告,https://www.ccgp.gov.cn/cggg/zygg/zbgg/./202609/t20260907_27278402.htm,,,,,2026年09月07日 15:31,,,,,184.139
广东省,广东省广州市越秀区越华路112号珠江国际大厦3楼,020-83187191,广东省政府采购中心,,"分项报价表.pdf,合同包1：本国产品声明函（广州中长康达信息技术有限公司）.pdf","[{""attach_name"": ""分项报价表.pdf"", ""attach_url"": ""https://download.ccgp.gov.cn/oss/download?uuid=A289F48301FBD48D163458AC1F8E2D""}, {""attach_name"": ""合同包1：本国产品声明函（广州中长康达信息技术有限公司）.pdf"", ""attach_url"": ""https://download.ccgp.gov.cn/oss/download?uuid=A7EFCC6D7F036BF95F0C8CFCE2620D""}]",,,广州市花城大道767号,传真37990977,国家税务总局广东省税务局,,,,2026-09-09 15:22:08,肖汕（采购人代表）、樊惠萍、王秋霞、陈秋裕、余焯佳,广东税务2025年网络和数据安全产品购买项目(二次)结果公告,中标公告,https://www.ccgp.gov.cn/cggg/zygg/zbgg/./202609/t20260907_27278400.htm,,,,,2026年09月07日 15:30,,,,,103.745
广东省,广东省广州市越秀区越华路112号珠江国际大厦3楼,020-83186893/83187181（邮箱：gpcgd_zhangzk@gd.gov.cn）,广东省政府采购中心,,"分项报价表.pdf,合同包1：中小企业或残疾人福利单位声明函（广州市味美轩食品科技有限公司）.pdf","[{""attach_name"": ""分项报价表.pdf"", ""attach_url"": ""https://download.ccgp.gov.cn/oss/download?uuid=C4047FE2A7BD9624A2170CD59B4A99""}, {""attach_name"": ""合同包1：中小企业或残疾人福利单位声明函（广州市味美轩食品科技有限公司）.pdf"", ""attach_url"": ""https://download.ccgp.gov.cn/oss/download?uuid=2046CCE839903507E4E2006592C744""}]",,,广州市天河区东莞庄一横路,020-38837001,广州市天河区消防救援大队,,,,2026-09-09 15:22:08,李远斌（采购人代表）、朱新初、关汝辑、吴泽文、陈卫平,广州市天河区消防救援大队2026年大队部及属下各消防站食堂食材配送服务采购项目中标（成交）结果公告,中标公告,https://www.ccgp.gov.cn/cggg/zygg/zbgg/./202609/t20260907_27278324.htm,,,,,2026年09月07日 15:26,,,,,0.0
上海市,上海市宁波路1号11楼,史倩倩、王之风 021-63230480转8607、8631,上海东松医疗科技股份有限公司,,"上海耀熠绮医疗科技有限公司中小企业声明函.pdf,262206-移动式三维C型臂-招标文件-公开-发售稿.pdf","[{""attach_name"": ""上海耀熠绮医疗科技有限公司中小企业声明函.pdf"", ""attach_url"": ""https://download.ccgp.gov.cn/oss/download?uuid=4BEA69A1240D7B23DC382884CE15A9""}, {""attach_name"": ""262206-移动式三维C型臂-招标文件-公开-发售稿.pdf"", ""attach_url"": ""https://download.ccgp.gov.cn/oss/download?uuid=64184576157279993DF8454CB60489""}]",,,上海市枫林路180号,仲敏 021-64041990-5036,复旦大学附属中山医院,,,,2026-09-09 15:22:08,张华、李哲峰、王琪、黄湘蕾、王一栋（采购人代表）,复旦大学附属中山医院移动式三维C型臂中标公告,中标公告,https://www.ccgp.gov.cn/cggg/zygg/zbgg/./202609/t20260907_27278238.htm,,,,,2026年09月07日 15:21,,,,,189.894
北京市,北京市海淀区北三环中路31号院凯奇大厦B座9层,张明磊、刘思雯 张鑫 010-84045803,北京国际招标有限公司,,招标文件-短道速滑国家队2026-2027赛季医疗服务采购0812-终版.pdf,"[{""attach_name"": ""招标文件-短道速滑国家队2026-2027赛季医疗服务采购0812-终版.pdf"", ""attach_url"": ""https://download.ccgp.gov.cn/oss/download?uuid=6F3437D2E8F73782CF900AA48E81A0""}]",,,北京市海淀区中关村南大街56号,张弛 18618385009,国家体育总局冬季运动管理中心,,,,2026-09-09 15:22:08,周新建、柏雪梅、郑淑荣、刘晖、张弛,国家体育总局冬季运动管理中心短道速滑国家队2026-2027赛季医疗服务采购中标公告,中标公告,https://www.ccgp.gov.cn/cggg/zygg/zbgg/./202609/t20260907_27278244.htm,,,,,2026年09月07日 15:21,,,,,29.8
北京市,北京市海淀区北三环中路31号院凯奇大厦B座9层,张明磊、刘思雯 张鑫 010-84045803,北京国际招标有限公司,,招标文件-短道速滑国家队2026-2027赛季训练监控服务采购0812-终版.pdf,"[{""attach_name"": ""招标文件-短道速滑国家队2026-2027赛季训练监控服务采购0812-终版.pdf"", ""attach_url"": ""https://download.ccgp.gov.cn/oss/download?uuid=D97CF43F6C32AFD0F17A1D418EB402""}]",,,北京市海淀区中关村南大街56号,张弛 18618385009,国家体育总局冬季运动管理中心,,,,2026-09-09 15:22:08,周新建、柏雪梅、郑淑荣、刘晖、张弛,国家体育总局冬季运动管理中心短道速滑国家队2026-2027赛季训练监控服务采购中标公告,中标公告,https://www.ccgp.gov.cn/cggg/zygg/zbgg/./202609/t20260907_27278240.htm,,,,,2026年09月07日 15:20,,,,,11.9
浦东新区,浦东新区巨峰路868号巨丰文化大楼6楼,高利峰 18018625393,上海璟钰工程项目管理有限公司,,"关于符合本国产品标准的声明函.pdf,牛顿路园区2号楼办公家具采购-招标文件定稿8.18（更正版）.pdf,报价明细表（货物名称、品牌、型号等）.pdf,中小企业声明函.pdf","[{""attach_name"": ""关于符合本国产品标准的声明函.pdf"", ""attach_url"": ""https://download.ccgp.gov.cn/oss/download?uuid=7EC23D86FF76CDD696A3D582FB6D87""}, {""attach_name"": ""牛顿路园区2号楼办公家具采购-招标文件定稿8.18（更正版）.pdf"", ""attach_url"": ""https://download.ccgp.gov.cn/oss/download?uuid=AA92D34B8D91A442E642D29196909E""}, {""attach_name"": ""报价明细表（货物名称、品牌、型号等）.pdf"", ""attach_url"": ""https://download.ccgp.gov.cn/oss/download?uuid=F4E00C6D6D0F98550DE7309EB4B779""}, {""attach_name"": ""中小企业声明函.pdf"", ""attach_url"": ""https://download.ccgp.gov.cn/oss/download?uuid=54EA043489F4ED233DB2B87DF1FB1A""}]",,,上海市浦东新区祖冲之路555号,魏天骄 021-68077888,中国科学院上海药物研究所,,,,2026-09-09 15:22:08,石约 应启宏 华子义 陈爱鞠 李朝阳,牛顿路园区2号楼办公家具采购中标公告,中标公告,https://www.ccgp.gov.cn/cggg/zygg/zbgg/./202609/t20260907_27278248.htm,,,,,2026年09月07日 15:20,,,,,152.88
云南省,详见公告正文,详见公告正文,详见公告正文,,,,,,云南省昆明市盘龙区白塔路304号,0871-63649372,国家税务总局云南省税务局,,,,2026-09-09 15:22:08,"庞伟,张浩,曾海凤,李俭林,王健鑫",国家税务总局云南省税务局存储资源扩容项目（2026年度）中标结果公告,中标公告,https://www.ccgp.gov.cn/cggg/zygg/zbgg/./202609/t20260907_27278312.htm,,,,,2026年09月07日 15:20,,,,,226.0
北京市,北京市朝阳区建外大街甲三号,李原，17611075829,北京国际贸易有限公司,,"招标文件 - 上.pdf,招标文件 -下.pdf,中标结果公示.docx","[{""attach_name"": ""招标文件 - 上.pdf"", ""attach_url"": ""https://download.ccgp.gov.cn/oss/download?uuid=1A09C0E7814F6C55091A3DFD81584C""}, {""attach_name"": ""招标文件 -下.pdf"", ""attach_url"": ""https://download.ccgp.gov.cn/oss/download?uuid=8F4EB49D45DA50102E877C88AF2712""}, {""attach_name"": ""中标结果公示.docx"", ""attach_url"": ""https://download.ccgp.gov.cn/oss/download?uuid=D50D8A26F7291762A40751C3E4F85B""}]",,,北京市海淀区花园北路49号,黄山，010-82266389,北京大学第三医院,,,,2026-09-09 15:22:08,1.白*；2.张*毅；3.郭*珍；4.程*霞；5.卢*清；6.刘*丹；7.曹*钊。,北京大学第三医院病房改造建设及能力提升项目施工——内科一病区、五官科病房楼、室外管线改造更新及措施费中标公告,中标公告,https://www.ccgp.gov.cn/cggg/zygg/zbgg/./202609/t20260907_27278222.htm,,,,,2026年09月07日 15:19,,,,,12437.994877
北京市,北京市丰台区丽泽路24号平安幸福中心A座1202室,张伟伦、戎天一 电话：13331034866、13366810779,采联国际招标采购集团有限公司,,,,,,北京市西城区成方街32号,010-66195752,中国人民银行机关服务中心,,,,2026-09-09 15:22:08,陈永华、冯志伟、吕丽丽,总行日常网络运维驻场服务项目比选结果公告,中标公告,https://www.ccgp.gov.cn/cggg/zygg/zbgg/./202609/t20260907_27278173.htm,,,,,2026年09月07日 15:15,,,,,46.8
呼和浩特市,内蒙古呼和浩特市新城区兴泰商务广场T4写字楼601室,燕雨景/0471-3307504,内蒙古熙正招标有限公司,,,,,,呼和浩特市新城区海拉尔大街49号,米凯民/0471-3335868,内蒙古自治区气象局机关服务中心,,,,2026-09-09 15:22:08,安*、王*、郭*,内蒙古自治区气象局基础设施维修费项目中标结果公告,中标公告,https://www.ccgp.gov.cn/cggg/zygg/zbgg/./202609/t20260907_27278175.htm,,,,,2026年09月07日 15:15,,,,,380.235494
北京市,北京市海淀区复兴路乙12号中国铝业大厦11层1110室,"郝路、孙佳、闫文娟、黄艳、修海龙、成歌、吴众为、陈博维、吉国侠、赵洁、姬小雪、孙银英、王思晨、刘京、杨晓楠、王东衍、刘海英、彭怡、陈曦、李秋萍、王艳艳、王改茹, 63974645、63977798",北京宏信天诚国际招标有限公司,,"【定稿】GN1394【公开】国家卫生健康委能力建设和继续教育中心肿瘤专科临床医生科研能力提升培训项目20260807.docx,中小企业声明函—中视奥瑞.pdf","[{""attach_name"": ""【定稿】GN1394【公开】国家卫生健康委能力建设和继续教育中心肿瘤专科临床医生科研能力提升培训项目20260807.docx"", ""attach_url"": ""https://download.ccgp.gov.cn/oss/download?uuid=76571593E38F814D0D1F189D89E163""}, {""attach_name"": ""中小企业声明函—中视奥瑞.pdf"", ""attach_url"": ""https://download.ccgp.gov.cn/oss/download?uuid=7EB33FBE0A597780CC8E5A18F95AA2""}]",,,北京市海淀区知春路27号量子芯座21层,夏老师，010-83041868,国家卫生健康委能力建设和继续教育中心,,,,2026-09-09 15:22:08,袁玲、周俊、刘淑娟、王春华、王志会,国家卫生健康委能力建设和继续教育中心肿瘤专科临床医生科研能力提升培训项目中标公告,中标公告,https://www.ccgp.gov.cn/cggg/zygg/zbgg/./202609/t20260907_27278177.htm,,,,,2026年09月07日 15:14,,,,,167.42
市辖区,长春市南关区恒兴国际城2号楼1918室,孙雨 13674315615,吉林省天成工程建设项目招标代理有限责任公司,,,,,,长春市新民大街1号,商务部分联系人：张老师 联系方式：18946612777 技术部分联系人：吴老师 联系方式：0431-88782303,吉林大学第一医院,,,,2026-09-09 15:22:08,崔琦、韩辉、邢燕、徐鸿颖、张黎、丛炳虎、孙飞龙,吉林大学第一医院安保服务项目中标公告,中标公告,https://www.ccgp.gov.cn/cggg/zygg/zbgg/./202609/t20260907_27278083.htm,,,,,2026年09月07日 15:08,,,,,2069.5824
北京市,北京市丰台区西四环南路35号中都科技大厦1009室,成凯、冯英山、崔嘉林、张立、张璐、王芹、马泽涵010-86203831、86203830,中贸国际工程招标（北京）有限公司,,"北京航空航天大学软件学院众核服务器及开发设备采购（重新招标）招标文件-最终稿.pdf,北京航空航天大学软件学院众核服务器及开发设备采购（重新招标）更正公告.pdf","[{""attach_name"": ""北京航空航天大学软件学院众核服务器及开发设备采购（重新招标）招标文件-最终稿.pdf"", ""attach_url"": ""https://download.ccgp.gov.cn/oss/download?uuid=64D808EE7F52B6567C004AD0C5C249""}, {""attach_name"": ""北京航空航天大学软件学院众核服务器及开发设备采购（重新招标）更正公告.pdf"", ""attach_url"": ""https://download.ccgp.gov.cn/oss/download?uuid=6D8A93714D782D601731E749BEE2EF""}]",,,北京市海淀区学院路37号,李老师 010-82313045,北京航空航天大学,,,,2026-09-09 15:22:09,谭卓英、杨翠英、王力、张丽娟 、史晓华（采购人代表/教授）,北京航空航天大学软件学院众核服务器及开发设备采购中标公告,中标公告,https://www.ccgp.gov.cn/cggg/zygg/zbgg/./202609/t20260907_27277982.htm,,,,,2026年09月07日 14:59,,,,,69.6
广州市,广东省广州市越秀区环市东路472号粤海大厦7、23楼,020-87651688-171,采联国际招标采购集团有限公司,,关于符合本国产品标准的声明函.pdf,"[{""attach_name"": ""关于符合本国产品标准的声明函.pdf"", ""attach_url"": ""https://download.ccgp.gov.cn/oss/download?uuid=D79ECAA2C54220F11B38C4B2739C8B""}]",,,广州市沿江西路107号,林老师 020-81338035,中山大学孙逸仙纪念医院,,,,2026-09-09 15:22:09,"评审委员会总人数：5；
随机抽取专家名单：齐炜炜、伍子英、黎瑞冰、郭顺华；
采购人代表名单：刘仲奇；
自行选定专家名单：   /",中山大学孙逸仙纪念医院采购麻醉机项目（CLF0126GZ06ZC07）中标结果公告,中标公告,https://www.ccgp.gov.cn/cggg/zygg/zbgg/./202609/t20260907_27277981.htm,,,,,2026年09月07日 14:59,,,,,154.8
厦门市,北京市海淀区丹棱街1号互联网金融中心20层,陈小舫 王淑文 杨帆 赵倩 021-64717141/010-68290560 swwang@oitc.com.cn,东方国际招标有限责任公司,,2293招标文件.docx,"[{""attach_name"": ""2293招标文件.docx"", ""attach_url"": ""https://download.ccgp.gov.cn/oss/download?uuid=74F205E8A7BBC51A68A9B4531FA08A""}]",,,厦门市集美大道1799号,0592-6190958,中国科学院城市环境研究所,,,,2026-09-09 15:22:09,蔡勇（组长）王大伟 边玮 刘淑芬（推荐专家）徐威（用户代表）,中国科学院城市环境研究所云凝结核计数器采购项目中标公告,中标公告,https://www.ccgp.gov.cn/cggg/zygg/zbgg/./202609/t20260907_27277927.htm,,,,,2026年09月07日 14:54,,,,,143.8
黑龙江省,哈尔滨市道里区友谊西路2982号,孙先生、李女士0451-82663366转8005,黑龙江中冠项目管理有限公司,,附件.zip,"[{""attach_name"": ""附件.zip"", ""attach_url"": ""https://download.ccgp.gov.cn/oss/download?uuid=D256BCF3323000CD2F9C06A89DE781""}]",,,哈尔滨市南岗区南通大街145号,刘老师、0451-82519862,哈尔滨工程大学,,,,2026-09-09 15:22:09,六、董淑玲、曹梅、杜慧卿、才鹤虹、李宏伟（采购人代表）,哈尔滨工程大学XY航车系统轨道及驱动系统采购项目中标公告,中标公告,https://www.ccgp.gov.cn/cggg/zygg/zbgg/./202609/t20260907_27277856.htm,,,,,2026年09月07日 14:49,,,,,378.76
北京市,北京市丰台区丽泽路24号平安幸福中心B座23层,李振、孟庆宝、刘天、蔡华文、曹颖、刘畅、王毕申15711026303,中化商务有限公司,,"NB52 慢性炎症性鼻病诊疗能力提升项目（发售稿）1352730372263200122.pdf,中小企业声明函-北京麒麟轩文化发展有限公司.pdf,分项报价-北京麒麟轩文化发展有限公司.pdf","[{""attach_name"": ""NB52 慢性炎症性鼻病诊疗能力提升项目（发售稿）1352730372263200122.pdf"", ""attach_url"": ""https://download.ccgp.gov.cn/oss/download?uuid=D53C9E7199FA3DDF288C087E5771A3""}, {""attach_name"": ""中小企业声明函-北京麒麟轩文化发展有限公司.pdf"", ""attach_url"": ""https://download.ccgp.gov.cn/oss/download?uuid=6160DB1D5E26C2B2F6B5B747E54C75""}, {""attach_name"": ""分项报价-北京麒麟轩文化发展有限公司.pdf"", ""attach_url"": ""https://download.ccgp.gov.cn/oss/download?uuid=7CDB881CE401E41861B16939A27303""}]",,,北京市海淀区知春路27号,010-83041868,国家卫生健康委能力建设和继续教育中心,,,,2026-09-09 15:22:09,彭兴艳、胡燕华、孙东樊、王影丽、刘淑玲,慢性炎症性鼻病诊疗能力提升项目中标公告,中标公告,https://www.ccgp.gov.cn/cggg/zygg/zbgg/./202609/t20260907_27277838.htm,,,,,2026年09月07日 14:46,,,,,294.097
崇明县,上海市闵行区秀文路898号西子国际中心4号楼,朱婷婷 021-62667333,上海东方投资监理有限公司,,,,,,上海市东川路800号,胡老师 021-54747169,上海交通大学,,,,2026-09-09 15:22:09,谢红莲、魏晓栋、李莉红、杨书君、赵建梅,上海交通大学长兴实验室1号楼7层装修改造中标公告,中标公告,https://www.ccgp.gov.cn/cggg/zygg/zbgg/./202609/t20260907_27277843.htm,,,,,2026年09月07日 14:46,,,,,177.068155
上海市,上海市长寿路285号恒达大厦16楼,沈飏、杨帆、张洁玮 021-32557775/021-32557719,上海机电设备招标有限公司,,激光波前探测器(第二次)（已签章）.pdf,"[{""attach_name"": ""激光波前探测器(第二次)（已签章）.pdf"", ""attach_url"": ""https://download.ccgp.gov.cn/oss/download?uuid=CC14E1771550746A9B24CE496FC95A""}]",,,上海市闵行区东川路800号,王老师 54747337,上海交通大学,,,,2026-09-09 15:22:09,朱丽红、王振宇、孙孟炜、楚丹琪、朱鹏飞,上海交通大学激光波前探测器（第二次）中标公告,中标公告,https://www.ccgp.gov.cn/cggg/zygg/zbgg/./202609/t20260907_27277841.htm,,,,,2026年09月07日 14:46,,,,,44.601367
甘肃省,甘肃省兰州市城关区飞雁街118号（陇星大厦14楼1407室,李思、雷欢 0931-2909765、13919236250、420940846@qq.com,甘肃省招标中心有限公司,,[已备案]-兰州大学基础设施维修改造(一期)工程监理(_监理_招标).pdf,"[{""attach_name"": ""[已备案]-兰州大学基础设施维修改造(一期)工程监理(_监理_招标).pdf"", ""attach_url"": ""https://download.ccgp.gov.cn/oss/download?uuid=3B5AC92A9C621742A068F0B8535983""}]",,,甘肃省兰州市城关区天水南路222号,孙老师、王老师 0931-8912831、zbk@lzu.edu.cn,兰州大学,,,,2026-09-09 15:22:09,何震锋、孙存育、李有存、赵君、张萍、邱建芳、张屹,兰州大学基础设施维修改造(一期)工程监理中标公告,中标公告,https://www.ccgp.gov.cn/cggg/zygg/zbgg/./202609/t20260907_27277799.htm,,,,,2026年09月07日 14:40,,,,,0.0
甘肃省,甘肃省兰州市城关区飞雁街118号（陇星大厦14楼1407室）,雷欢、李思，0931-2909765、13919236250、420940846@qq.com,甘肃省招标中心有限公司,,"兰州大学榆中校区物质科学组团（一期）建设项目造价咨询服务采购项目中标公告.pdf,兰州大学榆中校区物质科学组团(一期)建设项目造价咨询服务采购项目招标文件.pdf","[{""attach_name"": ""兰州大学榆中校区物质科学组团（一期）建设项目造价咨询服务采购项目中标公告.pdf"", ""attach_url"": ""https://download.ccgp.gov.cn/oss/download?uuid=34B29221758803377782A4B4DB299A""}, {""attach_name"": ""兰州大学榆中校区物质科学组团(一期)建设项目造价咨询服务采购项目招标文件.pdf"", ""attach_url"": ""https://download.ccgp.gov.cn/oss/download?uuid=7D23A3635000759A8FD3188224FD7D""}]",,,甘肃省兰州市城关区天水南路222号,孙老师、王老师，0931-8912831、zbk@lzu.edu.cn,兰州大学,,,,2026-09-09 15:22:09,邵丽美、曲奕、贺文英、窦鸿云、刘钟蔚、马璟、孟丽贞,兰州大学榆中校区物质科学组团(一期)建设项目造价咨询服务采购项目中标公告,中标公告,https://www.ccgp.gov.cn/cggg/zygg/zbgg/./202609/t20260907_27277801.htm,,,,,2026年09月07日 14:40,,,,,0.0
昆明市,云南省昆明市西山区滇池路5号方舟大厦16楼6号,龚老师、吴老师 18787499265、15398623468,云南润智项目管理有限公司,,"【招标文件】中华人民共和国云南出入境边防检查总站机关和警犬训练基地食堂农副产品配送服务采购项目（定稿）.pdf,中华人民共和国云南出入境边防检查总站机关和警犬训练基地食堂农副产品配送服务采购项目中标公告.docx,中小企业声明函（1标段（总站机关食堂农副产品配送服务））.pdf,中小企业声明函（2标段（警犬训练基地食堂农副产品配送服务））.pdf","[{""attach_name"": ""【招标文件】中华人民共和国云南出入境边防检查总站机关和警犬训练基地食堂农副产品配送服务采购项目（定稿）.pdf"", ""attach_url"": ""https://download.ccgp.gov.cn/oss/download?uuid=EEC45687793B243141B46C860F9910""}, {""attach_name"": ""中华人民共和国云南出入境边防检查总站机关和警犬训练基地食堂农副产品配送服务采购项目中标公告.docx"", ""attach_url"": ""https://download.ccgp.gov.cn/oss/download?uuid=E47A5A8671850519FA23E4397CD672""}, {""attach_name"": ""中小企业声明函（1标段（总站机关食堂农副产品配送服务））.pdf"", ""attach_url"": ""https://download.ccgp.gov.cn/oss/download?uuid=482DE30A55CDC5A14B7C7E11720CFD""}, {""attach_name"": ""中小企业声明函（2标段（警犬训练基地食堂农副产品配送服务））.pdf"", ""attach_url"": ""https://download.ccgp.gov.cn/oss/download?uuid=B79F5993AE2ED7591A81291C887F99""}]",,,云南省昆明市西山区滇池路966号,闫警官 0871-64025387,云南出入境边防检查总站,,,,2026-09-09 15:22:09,王金浩、李宁宁、李波、郭亚东、蒋次清、韩佳（采购人代表）、董力榕（采购人代表）,中华人民共和国云南出入境边防检查总站机关和警犬训练基地食堂农副产品配送服务采购项目中标公告,中标公告,https://www.ccgp.gov.cn/cggg/zygg/zbgg/./202609/t20260907_27277780.htm,,,,,2026年09月07日 14:39,,,,,0.0
湖北省,武汉市武昌区中北路109号中铁1818中心10楼,洪经理、王经理、祝经理 027-87271918,湖北中天招标有限公司,,华中科技大学同济医学院附属同济医院磁共振成像系统维保（定稿）.pdf,"[{""attach_name"": ""华中科技大学同济医学院附属同济医院磁共振成像系统维保（定稿）.pdf"", ""attach_url"": ""https://download.ccgp.gov.cn/oss/download?uuid=0293C83B01023CBE3BC9038F88035E""}]",,,武汉市硚口区解放大道1095号,冉主任 027-83662896,华中科技大学同济医学院附属同济医院,,,,2026-09-09 15:22:09,"评审专家：谢文、柒惠、伊健健、唐敏
采购人评委：周巧丹",华中科技大学同济医学院附属同济医院水处理机采购项目中标公告,中标公告,https://www.ccgp.gov.cn/cggg/zygg/zbgg/./202609/t20260907_27277727.htm,,,,,2026年09月07日 14:35,,,,,238.6
北京市,北京市朝阳区建国门外大街甲3号,张昊赟睿、臧妍、梁潇、韩威010-85343327、010-85343459,北京国际贸易有限公司,,"公开招标文件-眼科医院-设备第三批.pdf,附件.zip","[{""attach_name"": ""公开招标文件-眼科医院-设备第三批.pdf"", ""attach_url"": ""https://download.ccgp.gov.cn/oss/download?uuid=E3D3B13646A94BE793098CB1B81416""}, {""attach_name"": ""附件.zip"", ""attach_url"": ""https://download.ccgp.gov.cn/oss/download?uuid=D2A68E6A5CF9D76669D8A7868C3EAB""}]",,,北京市石景山区鲁谷路33号,张老师010-68661200,中国中医科学院眼科医院,,,,2026-09-09 15:22:09,林岩、治洪、陈智滨、张碎虎、张志芳,中国中医科学院眼科医院国家中医药传承创新中心建设项目--设备第三批中标公告,中标公告,https://www.ccgp.gov.cn/cggg/zygg/zbgg/./202609/t20260907_27277722.htm,,,,,2026年09月07日 14:34,,,,,582.35
北京市,北京市朝阳区建国门外大街甲3号,张昊赟睿、臧妍、梁潇、韩威010-85343327、010-85343459,北京国际贸易有限公司,,招标文件-眼科医院-设备第四批.pdf,"[{""attach_name"": ""招标文件-眼科医院-设备第四批.pdf"", ""attach_url"": ""https://download.ccgp.gov.cn/oss/download?uuid=C8DCF6F2C390912E3B1BF96BA5226C""}]",,,北京市石景山区鲁谷路33号,张老师010-68661200,中国中医科学院眼科医院,,,,2026-09-09 15:22:09,才秀芬、魏继航、杨树欣、李军延、张志芳,中国中医科学院眼科医院国家中医药传承创新中心建设项目--设备第四批中标公告,中标公告,https://www.ccgp.gov.cn/cggg/zygg/zbgg/./202609/t20260907_27277723.htm,,,,,2026年09月07日 14:34,,,,,388.0
北京市,北京市顺义区天祥路6号院北京东航中心2号楼8层,梁雨荷 010-84384807 liangyuhe@casc.com.cn,中航材国际招标有限公司,,民航通信网中继线路租用服务采购项目-招标文件.pdf,"[{""attach_name"": ""民航通信网中继线路租用服务采购项目-招标文件.pdf"", ""attach_url"": ""https://download.ccgp.gov.cn/oss/download?uuid=2FE5180EA812DCD269640D8CB6E9CE""}]",,,北京市朝阳区东三环中路12号,郭威010-87786919,中国民用航空局空中交通管理局,,,,2026-09-09 15:22:09,高正峰、陈永华、徐燕、宋琦军、李文慧、王天宇、刘正中,中国民用航空局空中交通管理局民航通信网中继线路租用服务采购项目中标公告,中标公告,https://www.ccgp.gov.cn/cggg/zygg/zbgg/./202609/t20260907_27277697.htm,,,,,2026年09月07日 14:30,,,,,125.2794
北京市,北京市海淀区西直门北大街甲43号金运大厦B座1103室（西直门文慧桥西南角）,刘上、董子硕、刘嘉卿，010-62278948-602/601/622,北京华盛中天咨询有限责任公司,,"04-中小企业声明函.jpg,01-中小企业声明函.jpg,国务院国资委2026审计年度内部审计监督与评审评价项目（发布版）-20260811.pdf","[{""attach_name"": ""04-中小企业声明函.jpg"", ""attach_url"": ""https://download.ccgp.gov.cn/oss/download?uuid=CA8523BA55A46DF780C343400C9AEE""}, {""attach_name"": ""01-中小企业声明函.jpg"", ""attach_url"": ""https://download.ccgp.gov.cn/oss/download?uuid=F0C1AE58D5E33D4DD4D9B70819B099""}, {""attach_name"": ""国务院国资委2026审计年度内部审计监督与评审评价项目（发布版）-20260811.pdf"", ""attach_url"": ""https://download.ccgp.gov.cn/oss/download?uuid=D1A5208E79E5E472FA8D73B60143DA""}]",,,北京市西城区宣武门西大街26号,高丹，010-63193321,国务院国有资产监督管理委员会,,,,2026-09-09 15:22:10,秦东英 郭秀蕙 武桂芹 范爱军 赵国军 高丹 韩箫,国务院国有资产监督管理委员会国务院国资委2026审计年度内部审计监督与评审评价项目中标公告,中标公告,https://www.ccgp.gov.cn/cggg/zygg/zbgg/./202609/t20260907_27277658.htm,,,,,2026年09月07日 14:26,,,,,251.2
北京市,北京市海淀区学院南路62号（中关村资本大厦）六层602B,王胜杰、吴镜基；61954003、18210766939,中招国际招标有限公司,,招标文件-SPO卫星MHI载荷焦面盒、偏振分析器、窄带滤光器热设计热实施 - 最终稿.pdf,"[{""attach_name"": ""招标文件-SPO卫星MHI载荷焦面盒、偏振分析器、窄带滤光器热设计热实施 - 最终稿.pdf"", ""attach_url"": ""https://download.ccgp.gov.cn/oss/download?uuid=AAF639D90131B36BBB4AE331E328FF""}]",,,北京市朝阳区大屯路甲20号,王老师；010-64806230,中国科学院国家天文台,,,,2026-09-09 15:22:10,龚朝辉、杜浩维、李艳梅、陈涛、侯俊峰,中国科学院国家天文台SPO卫星MHI载荷焦面盒、偏振分析器、窄带滤光器热设计热实施中标公告,中标公告,https://www.ccgp.gov.cn/cggg/zygg/zbgg/./202609/t20260907_27277664.htm,,,,,2026年09月07日 14:26,,,,,123.808
江苏省,江苏省南京市鼓楼区郑和中路118号D座12楼1203室,汪律、姜瑶、陈诚，025-83240902、83249926、83248600,江苏省招标中心有限公司,,"东南大学土木工程学院电液伺服疲劳试验系统采购项目-招标文件-发售稿.pdf,关于符合本国产品标准的声明函.pdf,中小企业声明函(货物).pdf","[{""attach_name"": ""东南大学土木工程学院电液伺服疲劳试验系统采购项目-招标文件-发售稿.pdf"", ""attach_url"": ""https://download.ccgp.gov.cn/oss/download?uuid=18C233E3AFD75C0F026750C204CFFB""}, {""attach_name"": ""关于符合本国产品标准的声明函.pdf"", ""attach_url"": ""https://download.ccgp.gov.cn/oss/download?uuid=A2DC78C262B5AE260A2501DD444392""}, {""attach_name"": ""中小企业声明函(货物).pdf"", ""attach_url"": ""https://download.ccgp.gov.cn/oss/download?uuid=D1A6DB41ACD0B1159CE0AC62AAFE2A""}]",,,江苏省南京市玄武区四牌楼2号,土木工程学院：王老师，13851783691； 实验室与设备管理处：罗老师，025-52091041,东南大学,,,,2026-09-09 15:22:10,王春林（采购人代表）、俞新兴、杨培红、张葵、曹禄彬,东南大学土木工程学院电液伺服疲劳试验系统采购项目中标公告,中标公告,https://www.ccgp.gov.cn/cggg/zygg/zbgg/./202609/t20260907_27277600.htm,,,,,2026年09月07日 14:18,,,,,72.5
丹东市,辽宁省沈阳市于洪区细河路117甲号2门,刘欣然、024-31509947,中通服项目管理咨询有限公司,,"中小企业声明函.png,丹东国际旅行卫生保健中心劳务外包服务采购终稿.doc","[{""attach_name"": ""中小企业声明函.png"", ""attach_url"": ""https://download.ccgp.gov.cn/oss/download?uuid=7C6E8DAEA418F03E967A6AF9624348""}, {""attach_name"": ""丹东国际旅行卫生保健中心劳务外包服务采购终稿.doc"", ""attach_url"": ""https://download.ccgp.gov.cn/oss/download?uuid=CB1F4FC673467E0A207F6EBDB74508""}]",,,辽宁省丹东市振兴区十纬路 1 号,吕秀芳、0415-2212121,丹东国际旅行卫生保健中心（丹东海关口岸门诊部）,,,,2026-09-09 15:22:10,张世萍、郑佳、丛义阁、李晓、吕秀芳,丹东国际旅行卫生保健中心劳务外包服务采购中标公告,中标公告,https://www.ccgp.gov.cn/cggg/zygg/zbgg/./202609/t20260907_27277558.htm,,,,,2026年09月07日 14:14,,,,,0.0
北京市,北京市海淀区莲花池东路39号西金大厦8层,张骏 010-63905815,新华招标有限公司,,"中标结果公告-清华大学小型热真空试验箱采购项目.pdf,中小企业声明函-维克美（天津）科技发展有限责任公司.pdf,关于符合本国产品标准的声明函及成本占比承诺函.pdf,招标文件-清华大学小型热真空试验箱采购项目-发售版.pdf","[{""attach_name"": ""中标结果公告-清华大学小型热真空试验箱采购项目.pdf"", ""attach_url"": ""https://download.ccgp.gov.cn/oss/download?uuid=8749066ED286BC69ED7C7D7DB1DD2C""}, {""attach_name"": ""中小企业声明函-维克美（天津）科技发展有限责任公司.pdf"", ""attach_url"": ""https://download.ccgp.gov.cn/oss/download?uuid=BCAF5F756383863427D29C49895287""}, {""attach_name"": ""关于符合本国产品标准的声明函及成本占比承诺函.pdf"", ""attach_url"": ""https://download.ccgp.gov.cn/oss/download?uuid=98524CD88DB04F9878CB0AB72F714C""}, {""attach_name"": ""招标文件-清华大学小型热真空试验箱采购项目-发售版.pdf"", ""attach_url"": ""https://download.ccgp.gov.cn/oss/download?uuid=B051A9A8C766DA216AB39CE291E79A""}]",,,北京市海淀区清华园,010-62780051,清华大学,,,,2026-09-09 15:22:10,孙昀、郑铮、王聪、江洋（前序为自选专家）、张春雨（采购人代表）,清华大学小型热真空试验箱采购项目中标结果公告,中标公告,https://www.ccgp.gov.cn/cggg/zygg/zbgg/./202609/t20260907_27277491.htm,,,,,2026年09月07日 14:02,,,,,159.885
辽宁省,沈阳市和平区南京北街65号民生银行大厦10层,李雨萌、张玲玲、赵博、马献之024-31905999转8525、8515,天行健项目管理咨询（北京）有限公司,,"TXJ-024-2026197中国科学院沈阳应用生态研究所森林生长、死亡与更新智慧联网监测平台(台站网络)8.13发售稿.doc,02包中小企业声明函.pdf","[{""attach_name"": ""TXJ-024-2026197中国科学院沈阳应用生态研究所森林生长、死亡与更新智慧联网监测平台(台站网络)8.13发售稿.doc"", ""attach_url"": ""https://download.ccgp.gov.cn/oss/download?uuid=2C639A642B1D20FBAC7A95D04DE0A3""}, {""attach_name"": ""02包中小企业声明函.pdf"", ""attach_url"": ""https://download.ccgp.gov.cn/oss/download?uuid=34994CE1FDB2DDF8F484B531A92D05""}]",,,沈阳市沈河区文化路72号,王老师024-83970307,中国科学院沈阳应用生态研究所,,,,2026-09-09 15:22:10,唐洪波、申延明、宋家龙、韩笑非。,中国科学院沈阳应用生态研究所森林生长、死亡与更新智慧联网监测平台(台站网络)中标公告,中标公告,https://www.ccgp.gov.cn/cggg/zygg/zbgg/./202609/t20260907_27277418.htm,,,,,2026年09月07日 13:47,,,,,193.3
哈尔滨市,黑龙江省哈尔滨市群力新区丽江路3936号银泰城写字楼27层,刘女士 18946185481,忱义工程项目管理有限公司,,"符合本国产品标准的声明函-拜泉县沐晗供应链有限责任公司(1).pdf,中小企业声明函-服务-拜泉县沐晗供应链有限责任公司.pdf,9、中标结果公告，，.docx,HITZB-2026000069-哈尔滨工业大学饮食原材料豆油采购   招标文件8.14定稿.pdf","[{""attach_name"": ""符合本国产品标准的声明函-拜泉县沐晗供应链有限责任公司(1).pdf"", ""attach_url"": ""https://download.ccgp.gov.cn/oss/download?uuid=2F1F4D969D756749EEEB149C8C004A""}, {""attach_name"": ""中小企业声明函-服务-拜泉县沐晗供应链有限责任公司.pdf"", ""attach_url"": ""https://download.ccgp.gov.cn/oss/download?uuid=2834915FA1EE21ACAF4D65FD5EAB39""}, {""attach_name"": ""9、中标结果公告，，.docx"", ""attach_url"": ""https://download.ccgp.gov.cn/oss/download?uuid=B331BA21D170948D2F1EC5BCBC314C""}, {""attach_name"": ""HITZB-2026000069-哈尔滨工业大学饮食原材料豆油采购   招标文件8.14定稿.pdf"", ""attach_url"": ""https://download.ccgp.gov.cn/oss/download?uuid=D0F9434557C681669FB38BE961DFB8""}]",,,哈尔滨市南岗区西大直街92号,0451-86417955,哈尔滨工业大学,,,,2026-09-09 15:22:10,姜雪松、高春艳、徐大江、曾伟、徐立国（采购人代表）,哈尔滨工业大学饮食原材料豆油采购中标结果公告,中标公告,https://www.ccgp.gov.cn/cggg/zygg/zbgg/./202609/t20260907_27277397.htm,,,,,2026年09月07日 13:38,,,,,133.1255
黑龙江省,哈尔滨市南岗区长江路盟科视界商服13-7号,徐玉洁、李志超 0451-87003479,中精信工程技术有限公司,,"招标文件（科技大厦装饰等升级改造工程）8.14定稿.pdf,中小企业声明函-科技大厦项目.png","[{""attach_name"": ""招标文件（科技大厦装饰等升级改造工程）8.14定稿.pdf"", ""attach_url"": ""https://download.ccgp.gov.cn/oss/download?uuid=C52A25393DD7002B9CADBFBBE3B417""}, {""attach_name"": ""中小企业声明函-科技大厦项目.png"", ""attach_url"": ""https://download.ccgp.gov.cn/oss/download?uuid=6164903A17D6FF9B35D48C3E37B8A4""}]",,,哈尔滨市香坊区和兴路26号,靳老师 0451-82191882,东北林业大学,,,,2026-09-09 15:22:10,刘俊玲、江薇、刘新明、郑雯、王闯（招标人代表）,东北林业大学科技大厦装饰等升级改造工程中标公告,中标公告,https://www.ccgp.gov.cn/cggg/zygg/zbgg/./202609/t20260907_27277381.htm,,,,,2026年09月07日 13:32,,,,,748.389156
吉林省,长春市二道区东南湖大路3030号,刘晓丹 0431-82666668,中资国际工程咨询集团有限责任公司,,中小企业声明函-吉林省中坤建筑有限公司.pdf,"[{""attach_name"": ""中小企业声明函-吉林省中坤建筑有限公司.pdf"", ""attach_url"": ""https://download.ccgp.gov.cn/oss/download?uuid=B67C49D6D6B6790ABEEB8D08657688""}]",,,长春市人民大街5268号,陈老师？ 0431-85099967,东北师范大学,,,,2026-09-09 15:22:10,王秀丽、陈健、郎影、李金红、刘丽,[政府采购]东北师范大学人民大街校区学生浴池装饰装修及消防设施改造工程中标结果公告,中标公告,https://www.ccgp.gov.cn/cggg/zygg/zbgg/./202609/t20260907_27277340.htm,,,,,2026年09月07日 13:03,,,,,409.335204
北京市,北京市海淀区四季青镇常青路和泓四季6号楼国信招标,李懋卿、荣蕾、梁超、贾大伟，18601260980,国信国际工程咨询集团股份有限公司,,"中标人-相关附件.pdf,招标文件（签章稿）-物业清洁、应急设备采购项目.pdf","[{""attach_name"": ""中标人-相关附件.pdf"", ""attach_url"": ""https://download.ccgp.gov.cn/oss/download?uuid=6B80DF4103C393A159DD1E60A09727""}, {""attach_name"": ""招标文件（签章稿）-物业清洁、应急设备采购项目.pdf"", ""attach_url"": ""https://download.ccgp.gov.cn/oss/download?uuid=DC3CC44191888FD847EE143757081C""}]",,,北京市海淀区,袁老师，010-87235153,zycgr22011905,,,,2026-09-09 15:22:10,娄建强、李淑娟、姬深堂、高光和、贾鹏辉,某单位物业清洁、应急设备采购项目中标公告,中标公告,https://www.ccgp.gov.cn/cggg/zygg/zbgg/./202609/t20260907_27276922.htm,,,,,2026年09月07日 11:47,,,,,78.0748
徐州市,西章胡同9号院,010-83083702,中央国家机关政府采购中心,,"徐州市消防救援支队指挥中心升级改造及战勤保障站会议室建设采购项目采购文件.pdf,投标人得分排序表.doc,中标通知书.zip,江苏坤之泰信息科技有限公司残疾人福利性单位声明函.pdf,江苏坤之泰信息科技有限公司中小企业声明函.pdf,江苏坤之泰信息科技有限公司关于符合本国产品标准的声明函.pdf","[{""attach_name"": ""徐州市消防救援支队指挥中心升级改造及战勤保障站会议室建设采购项目采购文件.pdf"", ""attach_url"": ""https://download.ccgp.gov.cn/oss/download?uuid=8a4a216a-71a6-4f46-8802-36e831""}, {""attach_name"": ""投标人得分排序表.doc"", ""attach_url"": ""https://download.ccgp.gov.cn/oss/download?uuid=fb74ea1d-efe7-4cfc-b7ec-f40ac9""}, {""attach_name"": ""中标通知书.zip"", ""attach_url"": ""https://download.ccgp.gov.cn/oss/download?uuid=ee9b452d-24d7-4084-b016-baabe9""}, {""attach_name"": ""江苏坤之泰信息科技有限公司残疾人福利性单位声明函.pdf"", ""attach_url"": ""https://download.ccgp.gov.cn/oss/download?uuid=bcc013a2-282e-4f82-b36a-570d34""}, {""attach_name"": ""江苏坤之泰信息科技有限公司中小企业声明函.pdf"", ""attach_url"": ""https://download.ccgp.gov.cn/oss/download?uuid=8ad1c903-2729-47d6-b035-2c8170""}, {""attach_name"": ""江苏坤之泰信息科技有限公司关于符合本国产品标准的声明函.pdf"", ""attach_url"": ""https://download.ccgp.gov.cn/oss/download?uuid=8a30c39b-6026-419d-9146-11b256""}]",,,江苏省徐州市云龙区维维大道延长段119号,0516-83069299,徐州市消防救援支队,,,,2026-09-09 15:22:10,"庄林,温习年,田玉灵,李剑,黄秋芳",徐州市消防救援支队指挥中心升级改造及战勤保障站会议室建设采购项目中标公告,中标公告,https://www.ccgp.gov.cn/cggg/zygg/zbgg/./202609/t20260907_27276954.htm,,,,,2026年09月07日 11:45,,,,,241.232
青海省,西宁市城北区海湖大道延长段青海大学科技园综合楼6楼,王女士15597120106,青海中聚凯工程咨询有限责任公司,,中小企业声明函.pdf,"[{""attach_name"": ""中小企业声明函.pdf"", ""attach_url"": ""https://download.ccgp.gov.cn/oss/download?uuid=FE76569C2AB472E0AC31204D4BBBEC""}]",,,青海省海东市互助县威远镇安定西路,李助理0972- 8317014,青海省消防救援总队训练与战勤保障支队,,,,2026-09-09 15:22:10,杨静云，王红梅，梅晓玲，赵青（第1标项采购人代表），张小光,青海省消防救援总队训练与战勤保障支队劳务派遣（食堂外包服务）项目中标公告,中标公告,https://www.ccgp.gov.cn/cggg/zygg/zbgg/./202609/t20260907_27276904.htm,,,,,2026年09月07日 11:44,,,,,119.8
北京市,北京市海淀区复兴路乙12号中国铝业大厦11层1110室,赵洁、吴众为、闫文娟、彭怡、成歌、刘京、修海龙、陈博维、姬小雪、王思晨、杨晓楠、王东衍、郝路、刘海英、孙佳、王亚东、黄艳、陈曦、吉国侠、孙银英、李秋萍、王艳艳、王改茹63974645、63976753,北京宏信天诚国际招标有限公司,,2606-HXTC-IT1300【2809.3招标文件0814更正】二期工程病原微生物大楼实验室仪器设备开办费(1).docx,"[{""attach_name"": ""2606-HXTC-IT1300【2809.3招标文件0814更正】二期工程病原微生物大楼实验室仪器设备开办费(1).docx"", ""attach_url"": ""https://download.ccgp.gov.cn/oss/download?uuid=DE819601E1F2F1ECB3A6FB472670F2""}]",,,北京市昌平区昌百路155号,张老师 010-58900394,中国疾病预防控制中心病毒病预防控制所,,,,2026-09-09 15:22:11,樊中朝、李向路、宋亮、谭亚芳、丁大伟、张连清、牛树俊,中国疾病预防控制中心病毒病预防控制所二期工程病原微生物大楼实验室仪器设备开办费（第4包、第6包）中标公告,中标公告,https://www.ccgp.gov.cn/cggg/zygg/zbgg/./202609/t20260907_27276848.htm,,,,,2026年09月07日 11:39,,,,,260.95
济南市,山东省济南市历下区华润置地广场A5-6号楼27层,王凤英、张洋洋、田飞飞、朱坤乐 0531-88763191,海逸恒安项目管理有限公司,,"【招标文件发布稿】山东税务2026年大数据云平台基础软件运行维护项目.pdf,中小企业声明函.pdf","[{""attach_name"": ""【招标文件发布稿】山东税务2026年大数据云平台基础软件运行维护项目.pdf"", ""attach_url"": ""https://download.ccgp.gov.cn/oss/download?uuid=EDAFC389855058EDD762FF31248954""}, {""attach_name"": ""中小企业声明函.pdf"", ""attach_url"": ""https://download.ccgp.gov.cn/oss/download?uuid=F4A1FB961645E08F5B860F5DBFABB9""}]",,,山东省济南市英雄山路155号,张家霖，0531-85656051,国家税务总局山东省税务局,,,,2026-09-09 15:22:11,李松廷、郑浩、程旻、刘畅、王敏、汤荣志（采购人代表）、王德才（采购人代表）,山东税务2026年大数据云平台基础软件运行维护项目中标公告,中标公告,https://www.ccgp.gov.cn/cggg/zygg/zbgg/./202609/t20260907_27276765.htm,,,,,2026年09月07日 11:33,,,,,94.86
济南市,山东省济南市历下区华润置地广场A5-6号楼27层,王凤英、张洋洋、田飞飞、朱坤乐 0531-88763191,海逸恒安项目管理有限公司,,【招标文件发布稿】山东税务2026年核心数据运行环境运行维护项目.pdf,"[{""attach_name"": ""【招标文件发布稿】山东税务2026年核心数据运行环境运行维护项目.pdf"", ""attach_url"": ""https://download.ccgp.gov.cn/oss/download?uuid=306177013BA83231FEA99785B2BA54""}]",,,山东省济南市英雄山路155号,张家霖，0531-85656051,国家税务总局山东省税务局,,,,2026-09-09 15:22:11,李松廷、郑浩、程旻、刘畅、王敏、汤荣志（采购人代表）、王德才（采购人代表）,山东税务2026年核心数据运行环境运行维护项目中标公告,中标公告,https://www.ccgp.gov.cn/cggg/zygg/zbgg/./202609/t20260907_27276767.htm,,,,,2026年09月07日 11:32,,,,,158.0
济南市,山东省济南市历下区华润置地广场A5-6号楼27层,王凤英、张洋洋、田飞飞、朱坤乐 0531-88763191,海逸恒安项目管理有限公司,,【招标文件发布稿】山东税务2026年数据管理一体化运行维护项目.pdf,"[{""attach_name"": ""【招标文件发布稿】山东税务2026年数据管理一体化运行维护项目.pdf"", ""attach_url"": ""https://download.ccgp.gov.cn/oss/download?uuid=445B513D064FA07CFD022C009CB384""}]",,,山东省济南市英雄山路155号,张家霖，0531-85656051,国家税务总局山东省税务局,,,,2026-09-09 15:22:11,李松廷、郑浩、程旻、刘畅、王敏、汤荣志（采购人代表）、王德才（采购人代表）,山东税务2026年数据管理一体化运行维护项目中标公告,中标公告,https://www.ccgp.gov.cn/cggg/zygg/zbgg/./202609/t20260907_27276769.htm,,,,,2026年09月07日 11:32,,,,,153.0
市辖区,陕西省西安市雁塔区南二环西段58号成长大厦20楼,钞小龙、刘洋、胡智运、张海飞18191792135,国信招标集团股份有限公司,,"声明函.pdf,GXTC-C-26570257（2026YS37GX）西安交通大学医学院第一附属医院射频微针治疗仪和皮肤毛发镜图像处理工作站采购-招标文件（发）.pdf","[{""attach_name"": ""声明函.pdf"", ""attach_url"": ""https://download.ccgp.gov.cn/oss/download?uuid=7C664E2D41213A5F68F5FDD0EA23F6""}, {""attach_name"": ""GXTC-C-26570257（2026YS37GX）西安交通大学医学院第一附属医院射频微针治疗仪和皮肤毛发镜图像处理工作站采购-招标文件（发）.pdf"", ""attach_url"": ""https://download.ccgp.gov.cn/oss/download?uuid=0B32785F89B1446978442F126249AB""}]",,,陕西省西安市雁塔西路277号,李老师029-85324027,西安交通大学第一附属医院,,,,2026-09-09 15:22:11,赵作宁、刘国琍、熊红燕、李源、郑焱,西安交通大学医学院第一附属医院射频微针治疗仪和皮肤毛发镜图像处理工作站采购中标公告（二标段皮肤毛发镜图像处理工作站）,中标公告,https://www.ccgp.gov.cn/cggg/zygg/zbgg/./202609/t20260907_27276722.htm,,,,,2026年09月07日 11:29,,,,,16.58
市辖区,陕西省西安市曲江新区雁翔路3269号旺座曲江E座29层2901号,余丹、029-88228813、15667200662,华睿诚项目管理有限公司,,"定版-西安交通大学医学院第一附属医院病理科一批设备采购项目（采购包2）.pdf,中小企业声明函、本国产品.pdf","[{""attach_name"": ""定版-西安交通大学医学院第一附属医院病理科一批设备采购项目（采购包2）.pdf"", ""attach_url"": ""https://download.ccgp.gov.cn/oss/download?uuid=3C294CCB7A135F8AE4A949AA61E7A0""}, {""attach_name"": ""中小企业声明函、本国产品.pdf"", ""attach_url"": ""https://download.ccgp.gov.cn/oss/download?uuid=A8F71264B5DF17F6373AA3F68D3C4D""}]",,,西安市雁塔西路277号,徐老师、029-85324027,西安交通大学第一附属医院,,,,2026-09-09 15:22:11,李萍、梁晓聪、惠志英、杨黎燕、李晓锋（采购人代表）,西安交通大学医学院第一附属医院病理科一批设备采购项目(采购包2)中标公告,中标公告,https://www.ccgp.gov.cn/cggg/zygg/zbgg/./202609/t20260907_27276724.htm,,,,,2026年09月07日 11:29,,,,,22.0
湖北省,武汉市武昌区中北路109号中铁1818中心10楼,洪经理、王经理、祝经理 027-87271918,湖北中天招标有限公司,,华中科技大学同济医学院附属同济医院磁共振成像系统维保（定稿）.pdf,"[{""attach_name"": ""华中科技大学同济医学院附属同济医院磁共振成像系统维保（定稿）.pdf"", ""attach_url"": ""https://download.ccgp.gov.cn/oss/download?uuid=69963E7C373ABABA86650AFC432518""}]",,,武汉市硚口区解放大道1095号,冉主任 027-83662896,华中科技大学同济医学院附属同济医院,,,,2026-09-09 15:22:11,"评审专家：潘群、黄邵阳、姚迅、胡远贵
采购人评委：熊颖",华中科技大学同济医学院附属同济医院磁共振成像系统维保中标公告,中标公告,https://www.ccgp.gov.cn/cggg/zygg/zbgg/./202609/t20260907_27276726.htm,,,,,2026年09月07日 11:29,,,,,366.0
福建省,北京市朝阳区东三环中路59号楼京城机电大厦18层1819室,吴乔、蔡赫同、姬翔；010-87945198-626、010-87945198-632,中信国际招标有限公司,,"公开招标文件-福建省档案馆2026年国家重点档案基础目录体系建设项目（外文翻译）.pdf,中小企业声明函-四川快译猫信息科技有限公司.pdf","[{""attach_name"": ""公开招标文件-福建省档案馆2026年国家重点档案基础目录体系建设项目（外文翻译）.pdf"", ""attach_url"": ""https://download.ccgp.gov.cn/oss/download?uuid=E10F2772EDDB23877E2E6C051CFAE4""}, {""attach_name"": ""中小企业声明函-四川快译猫信息科技有限公司.pdf"", ""attach_url"": ""https://download.ccgp.gov.cn/oss/download?uuid=BDFF7D40823553CCEA5129EC2ABAFB""}]",,,北京市西城区阜成门外大街29号,王老师010- 55605270,国家档案局,,,,2026-09-09 15:22:11,生永刚、丁江霞、吴淑娟、杨平、佟贵明,国家档案局福建省档案馆2026年国家重点档案基础目录体系建设项目（外文翻译）中标公告,中标公告,https://www.ccgp.gov.cn/cggg/zygg/zbgg/./202609/t20260907_27276712.htm,,,,,2026年09月07日 11:27,,,,,122.12
上海市,上海市长宁区延安西路1319号15楼,陆雯、陆圆圆；13764031709、18930526587,上海财瑞建设管理有限公司,,"关于符合本国产品标准的声明函.pdf,公开招标文件-2005复旦大学附属中山医院彩色多普勒超声诊断仪（1台）采购.pdf","[{""attach_name"": ""关于符合本国产品标准的声明函.pdf"", ""attach_url"": ""https://download.ccgp.gov.cn/oss/download?uuid=56F220A2979E67AA11B87F1798985C""}, {""attach_name"": ""公开招标文件-2005复旦大学附属中山医院彩色多普勒超声诊断仪（1台）采购.pdf"", ""attach_url"": ""https://download.ccgp.gov.cn/oss/download?uuid=E627071E267770440EEF10FDA1A0BC""}]",,,上海市徐汇区枫林路180号,仲敏；021-64041990,复旦大学附属中山医院,,,,2026-09-09 15:22:11,任宇红、卢保奇、戈立新、曹春阳、王一栋,复旦大学附属中山医院彩色多普勒超声诊断仪（1台）采购中标公告,中标公告,https://www.ccgp.gov.cn/cggg/zygg/zbgg/./202609/t20260907_27276706.htm,,,,,2026年09月07日 11:27,,,,,149.97
上海市,上海市长宁区延安西路1319号15楼,陆雯、陆圆圆；13764031709、18930526587,上海财瑞建设管理有限公司,,"关于符合本国产品标准的声明函.pdf,公开招标文件-复旦大学附属中山医院有创呼吸机（6台）采购.pdf","[{""attach_name"": ""关于符合本国产品标准的声明函.pdf"", ""attach_url"": ""https://download.ccgp.gov.cn/oss/download?uuid=C74665B8C2918826218193E7578843""}, {""attach_name"": ""公开招标文件-复旦大学附属中山医院有创呼吸机（6台）采购.pdf"", ""attach_url"": ""https://download.ccgp.gov.cn/oss/download?uuid=D5FFA624DDBBF39A397A846438F183""}]",,,上海市徐汇区枫林路180号,仲敏；021-64041990,复旦大学附属中山医院,,,,2026-09-09 15:22:11,任宇红、卢保奇、戈立新、曹春阳、王一栋,复旦大学附属中山医院有创呼吸机（6台）采购中标公告,中标公告,https://www.ccgp.gov.cn/cggg/zygg/zbgg/./202609/t20260907_27276714.htm,,,,,2026年09月07日 11:27,,,,,119.928
玄武区,南京市建邺区庐山路158号嘉业国际城4号楼2302室,严浩19951754271,华春建设工程项目管理有限责任公司,,中小企业及本国产品声明函.docx,"[{""attach_name"": ""中小企业及本国产品声明函.docx"", ""attach_url"": ""https://download.ccgp.gov.cn/oss/download?uuid=80C21F8F92F1CDA9D7039498A2D4CB""}]",,,江苏省南京市玄武区新街口街道四牌楼2号,技术咨询：计算机科学与工程学院：王老师：13015762336；实验室与设备管理处：大型装备平台科：025-52091041,东南大学,,,,2026-09-09 15:22:11,黄莉、单冯、肖娟、沙海云、陈学林,东南大学国家工业互联网产教融合创新平台的时间敏感网络终端控制设备采购（SEU-ZB-260666）中标结果公告,中标公告,https://www.ccgp.gov.cn/cggg/zygg/zbgg/./202609/t20260907_27276708.htm,,,,,2026年09月07日 11:27,,,,,79.46
玄武区,南京市建邺区庐山路158号嘉业国际城4号楼2302室,严浩19951754271,华春建设工程项目管理有限责任公司,,中小企业及本国产品政策.docx,"[{""attach_name"": ""中小企业及本国产品政策.docx"", ""attach_url"": ""https://download.ccgp.gov.cn/oss/download?uuid=028FB7A1D1C2C00112C1E0A5A5052E""}]",,,江苏省南京市玄武区新街口街道四牌楼2号,技术咨询：计算机科学与工程学院：王老师：13015762336；实验室与设备管理处：大型装备平台科：025-52091041,东南大学,,,,2026-09-09 15:22:11,黄莉、单冯、肖娟、沙海云、陈学林,东南大学国家工业互联网产教融合创新平台的时间敏感网络接入交换机系统设备采购（SEU-ZB-260667）中标公告,中标公告,https://www.ccgp.gov.cn/cggg/zygg/zbgg/./202609/t20260907_27276705.htm,,,,,2026年09月07日 11:26,,,,,79.38
上海市,中国上海延安西路358号美丽园大厦14楼,联系人：洪伟、王晓，电话：86-21-32173618、32173692,上海国际招标有限公司,,附件.zip,"[{""attach_name"": ""附件.zip"", ""attach_url"": ""https://download.ccgp.gov.cn/oss/download?uuid=61895CA72B6DCE4C6E64DF7D598BDF""}]",,,中国上海邯郸路220号,联系人：沈老师，电话：86-21-65641292,复旦大学,,,,2026-09-09 15:22:11,洪亮亮、朱阳、闫学文、陈丽秋、李锦春,复旦大学分布式存储服务器采购项目中标公告,中标公告,https://www.ccgp.gov.cn/cggg/zygg/zbgg/./202609/t20260907_27276667.htm,,,,,2026年09月07日 11:23,,,,,97.904
北京市,北京市海淀区海淀大街8号中钢国际广场16层,刘晴、邱羽翰、刘姗姗、尹皓，联系方式详见采购公告其他补充事宜,中钢招标有限责任公司,,"招标文件1包_生态质量监测评价数据收集管理服务.pdf,招标文件2包_生态质量监测评价数据收集管理服务.pdf","[{""attach_name"": ""招标文件1包_生态质量监测评价数据收集管理服务.pdf"", ""attach_url"": ""https://download.ccgp.gov.cn/oss/download?uuid=DFEEAFF7071C165035AB74DB58985C""}, {""attach_name"": ""招标文件2包_生态质量监测评价数据收集管理服务.pdf"", ""attach_url"": ""https://download.ccgp.gov.cn/oss/download?uuid=65F3745F8B5A88B5AE460D32FD45BB""}]",,,北京市朝阳区安外大羊坊8号院乙,010-84943062,中国环境监测总站,,,,2026-09-09 15:22:11,魏佳明、李万兴、王艳、武胜林、于洋,中国环境监测总站生态质量监测评价数据收集管理服务中标公告,中标公告,https://www.ccgp.gov.cn/cggg/zygg/zbgg/./202609/t20260907_27276669.htm,,,,,2026年09月07日 11:23,,,,,494.0
市辖区,西章胡同9号院,010-83083702,中央国家机关政府采购中心,,"中标通知书.zip,北京大学第三医院2026年中央党校院区物业服务（物业维修和安保服务）采购项目采购文件.pdf,投标人得分排序表.doc,明洁物业管理有限公司中小企业声明函.pdf,明洁物业管理有限公司残疾人福利性单位声明函.pdf","[{""attach_name"": ""中标通知书.zip"", ""attach_url"": ""https://download.ccgp.gov.cn/oss/download?uuid=7151b5d7-4cce-4778-8a97-54d721""}, {""attach_name"": ""北京大学第三医院2026年中央党校院区物业服务（物业维修和安保服务）采购项目采购文件.pdf"", ""attach_url"": ""https://download.ccgp.gov.cn/oss/download?uuid=8e05c88b-46bb-4513-9092-3b3ca8""}, {""attach_name"": ""投标人得分排序表.doc"", ""attach_url"": ""https://download.ccgp.gov.cn/oss/download?uuid=67f76f74-51c0-4c34-a6df-abe596""}, {""attach_name"": ""明洁物业管理有限公司中小企业声明函.pdf"", ""attach_url"": ""https://download.ccgp.gov.cn/oss/download?uuid=95ad1c8b-438c-44c9-ad18-0ffbd9""}, {""attach_name"": ""明洁物业管理有限公司残疾人福利性单位声明函.pdf"", ""attach_url"": ""https://download.ccgp.gov.cn/oss/download?uuid=39909262-d429-4eb7-9e82-cd597e""}]",,,北京市海淀区花园北路49号,010-82266389,北京大学第三医院（北京大学第三临床医学院）,,,,2026-09-09 15:22:12,"陆丰,陈辰,徐凤奎,郑伯阳,于晓红",北京大学第三医院2026年中央党校院区物业服务（物业维修和安保服务）采购项目中标公告,中标公告,https://www.ccgp.gov.cn/cggg/zygg/zbgg/./202609/t20260907_27276549.htm,,,,,2026年09月07日 11:00,,,,,259.119492
龙湖区,汕头市金平区金砂路99号君悦华庭1幢公寓楼1307号房之三 (广东广瀛工程项目管理有限公司),李女士；0754-82801307,广东广瀛工程项目管理有限公司,,招标文件-2026-2028年度关区广域网数据专线采购项目.pdf,"[{""attach_name"": ""招标文件-2026-2028年度关区广域网数据专线采购项目.pdf"", ""attach_url"": ""https://download.ccgp.gov.cn/oss/download?uuid=14BC455F2C4376E2485922C3362E18""}]",,,广东省汕头市龙湖区珠江路34号,0754-88078268,中华人民共和国汕头海关,,,,2026-09-09 15:22:12,刘广兴、梁琪芬、胡泽金、邓剑欣、李博霖（采购人代表）,2026-2028年度关区广域网数据专线采购项目中标公告,中标公告,https://www.ccgp.gov.cn/cggg/zygg/zbgg/./202609/t20260907_27276484.htm,,,,,2026年09月07日 10:58,,,,,704.6
北京市,北京市海淀区首体南路22号国兴大厦11层,马辰、马晓晴、张静、张薇、张文雪010-88357536/13264590069,国信招标集团股份有限公司,,招标文件8.7终稿--中央团校（中国青年政治学院）食品原材料采购项目.pdf,"[{""attach_name"": ""招标文件8.7终稿--中央团校（中国青年政治学院）食品原材料采购项目.pdf"", ""attach_url"": ""https://download.ccgp.gov.cn/oss/download?uuid=B1F66E5DAD2A1006BB38BC1877C5D5""}]",,,北京市海淀区西三环北路25号,陈老师010-88567376李丹妮010-88567025,中国青年政治学院,,,,2026-09-09 15:22:12,米纪英、王妍、张昀青、王广生、赵培（采购人代表）,中央团校（中国青年政治学院）食品原材料采购项目01包中标公告,中标公告,https://www.ccgp.gov.cn/cggg/zygg/zbgg/./202609/t20260907_27276460.htm,,,,,2026年09月07日 10:56,,,,,0.0
北京市,北京市海淀区学院南路62号中关村资本大厦6层611A室,丁建、林彧杰、曲志鸣、王丽莉、秦璐璐、马翔宇、郑碧云、师杉010-62108156、62108249,中招国际招标有限公司,,产品质量验证性抽样检验-招标文件包6-2终稿.pdf,"[{""attach_name"": ""产品质量验证性抽样检验-招标文件包6-2终稿.pdf"", ""attach_url"": ""https://download.ccgp.gov.cn/oss/download?uuid=E812AA64DFCD77557687C77C71D703""}]",,,北京市海淀区马甸东路9号,010- 82262034,国家市场监督管理总局本级,,,,2026-09-09 15:22:12,刘金光、张海艳、刘京、张静、张红伟,国家市场监督管理总局本级产品质量验证性抽样检验包6-2中标公告,中标公告,https://www.ccgp.gov.cn/cggg/zygg/zbgg/./202609/t20260907_27276174.htm,,,,,2026年09月07日 10:30,,,,,22.0
延安市,陕西省西安市和平路108号佳腾大厦十层招标一部,李楚瑶 孙东 朱颖华 张怡  029-87521312,陕西省招标有限责任公司,,招标文件定稿二次中国延安干部学院无线网络.doc,"[{""attach_name"": ""招标文件定稿二次中国延安干部学院无线网络.doc"", ""attach_url"": ""https://download.ccgp.gov.cn/oss/download?uuid=DAA29DAA16E506CB4583A27F63540B""}]",,,陕西省延安市宝塔区枣园路,李老师 0911-2196157,中国延安干部学院,,,,2026-09-09 15:22:12,毛仲臻、薛淑磊、王娟丽、邢俊莉、赵准,中国延安干部学院无线网络改造项目中标公告,中标公告,https://www.ccgp.gov.cn/cggg/zygg/zbgg/./202609/t20260907_27276059.htm,,,,,2026年09月07日 10:14,,,,,143.0
池州市,安徽省池州市贵池区高新技术产业开发区通港大道89号,汪银 15056600233,阶梯项目咨询有限公司,,,,,,池州市贵池区清风东路88号,吴志宏 13305666169,国家税务总局池州市税务局,,,,2026-09-09 15:22:12,房海滨、吴多义、章玛森、包超、黄磊,国家税务总局池州市税务局2026年度食堂食材采购项目中标公告,中标公告,https://www.ccgp.gov.cn/cggg/zygg/zbgg/./202609/t20260907_27276046.htm,,,,,2026年09月07日 10:13,,,,,0.0
四川省,成都市高新区天晖路360号晶科1号商务楼20楼,袁驰函、童若洋、朱雨晨-028-84469198,中金招标有限责任公司,,SMU-WT2026118-西南民族大学航空港校区五食堂维修改造项目（厨房设施设备-中标公告.rar,"[{""attach_name"": ""SMU-WT2026118-西南民族大学航空港校区五食堂维修改造项目（厨房设施设备-中标公告.rar"", ""attach_url"": ""https://download.ccgp.gov.cn/oss/download?uuid=D57BBB3A0063E9226DC88FE8BB8FEE""}]",,,成都市双流区航空港开发区大件路文星段168号,雷老师-028-85522284,西南民族大学,,,,2026-09-09 15:22:12,米雄、钱水彬、明智勇、李宏，业代：杜星武。,西南民族大学航空港校区五食堂维修改造项目（厨房设施设备）第二批设备采购中标公告,中标公告,https://www.ccgp.gov.cn/cggg/zygg/zbgg/./202609/t20260907_27275985.htm,,,,,2026年09月07日 10:07,,,,,110.536
北京市,北京市海淀区学院南路62号中关村资本大厦6层611A室,王丽莉、师杉、林彧杰、秦璐璐、马翔宇、曲志鸣,中招国际招标有限公司  010－62108150  62108152,,"本国产品声明函.pdf,招标文件（第二包）终稿公示.pdf","[{""attach_name"": ""本国产品声明函.pdf"", ""attach_url"": ""https://download.ccgp.gov.cn/oss/download?uuid=F72A24A56B84A70C852F25BB9B9056""}, {""attach_name"": ""招标文件（第二包）终稿公示.pdf"", ""attach_url"": ""https://download.ccgp.gov.cn/oss/download?uuid=059A8CF020E2A9A4AC7D81C99C8B85""}]",,,北京市西城区复兴门外大街２号,张秋华  010-86095517,国家广播电视总局监管中心,,,,2026-09-09 15:22:12,姜树峰、陈言照、陈凡、孙有胜、王天瑜,国家广播电视总局监管中心视听审核工程二期项目总集成、机房机柜改造和专用设备采购（第二包:专用设备采购）中标公告,中标公告,https://www.ccgp.gov.cn/cggg/zygg/zbgg/./202609/t20260907_27275984.htm,,,,,2026年09月07日 10:06,,,,,272.0
北京市,北京市丰台区西三环南路14号院首科大厦A座4层405号,那志伟，010-81168440,中技国际招标有限公司,,"复兴门办公区直播区技术系统改造-融媒体直播设备-0701-264006110100.pdf,关于本国产品成本占全部产品比例的声明函-森隆.pdf,关于符合本国产品标准的声明函-森隆.pdf","[{""attach_name"": ""复兴门办公区直播区技术系统改造-融媒体直播设备-0701-264006110100.pdf"", ""attach_url"": ""https://download.ccgp.gov.cn/oss/download?uuid=FF89BE4B24CD25713CCF89E960C927""}, {""attach_name"": ""关于本国产品成本占全部产品比例的声明函-森隆.pdf"", ""attach_url"": ""https://download.ccgp.gov.cn/oss/download?uuid=694310D0C02A2532C801A5822A0A01""}, {""attach_name"": ""关于符合本国产品标准的声明函-森隆.pdf"", ""attach_url"": ""https://download.ccgp.gov.cn/oss/download?uuid=69DAD135CF7B2CF8CD752E4ECB919E""}]",,,北京市海淀区复兴路11号,龙老师，010-68508752,中央广播电视总台,,,,2026-09-09 15:22:12,刘志彬、崔维华、宁提纲、吴永波、王宁,中央广播电视总台复兴门办公区直播区技术系统改造-融媒体直播设备中标公告,中标公告,https://www.ccgp.gov.cn/cggg/zygg/zbgg/./202609/t20260907_27275947.htm,,,,,2026年09月07日 10:02,,,,,125.21
北京市,北京市丰台区西四环南路101号创新大厦,赵子豪、王奎儒、吴晨阳、何元婧、李晓倩、祖浩轩、陈存友 010-53388566、010-53388577,中融国远招标有限公司,,公开招标-（二次发售稿）-压力容器检验检测中心2026-2027年专业技术服务-中融国远-2026.8.11.pdf,"[{""attach_name"": ""公开招标-（二次发售稿）-压力容器检验检测中心2026-2027年专业技术服务-中融国远-2026.8.11.pdf"", ""attach_url"": ""https://download.ccgp.gov.cn/oss/download?uuid=982547D2F0406CA72B4534E53BB454""}]",,,北京市朝阳区和平街西苑2号,周老师010-59068237,中国特种设备检测研究院,,,,2026-09-09 15:22:12,李晓威、宋耀民、徐茂、余杰、罗雪梅、吴顺达、李雪梅,中国特种设备检测研究院压力容器检验检测中心2026—2027年专业技术服务（二次）中标公告,中标公告,https://www.ccgp.gov.cn/cggg/zygg/zbgg/./202609/t20260907_27275900.htm,,,,,2026年09月07日 09:58,,,,,1120.0
北京市,北京市朝阳区慧忠路5号远大中心B座,王经理010-84892521、19910701388,中航招采科技（北京）有限公司,,招标文件发售版-某网站英文版建设与内容维护项目.pdf,"[{""attach_name"": ""招标文件发售版-某网站英文版建设与内容维护项目.pdf"", ""attach_url"": ""https://download.ccgp.gov.cn/oss/download?uuid=513BFA67730F0878874210873337AE""}]",,,北京市西城区西长安街5号,010-63095094,中央宣传部,,,,2026-09-09 15:22:12,崔维新、陆峰、赵晶、张籐卿、李凌达,中央宣传部某网站英文版建设与内容维护项目中标公告,中标公告,https://www.ccgp.gov.cn/cggg/zygg/zbgg/./202609/t20260907_27275898.htm,,,,,2026年09月07日 09:56,,,,,699.0
江苏省,南京市长江路198号苏美达大厦9F,王玉雯、高雅婧、杨扬    025-84531054、84532452、84532455,苏美达国际技术贸易有限公司,,6950D（SEU-ZB-260591）东南大学网络与信息中心网站系统云防护服务采购 招标文件.pdf,"[{""attach_name"": ""6950D（SEU-ZB-260591）东南大学网络与信息中心网站系统云防护服务采购 招标文件.pdf"", ""attach_url"": ""https://download.ccgp.gov.cn/oss/download?uuid=24256B5B79D219A6F7723285717CF3""}]",,,南京市玄武区四牌楼2号,技术咨询：网络与信息中心：原老师  电话：025-83792310-819； 实验室与设备管理处：大型装备平台科 电话：025-52091041；,东南大学,,,,2026-09-09 15:22:12,李晓明、林其梅、杨方、杨玉春、李涛（采购人代表）,东南大学网络与信息中心网站系统云防护服务中标公告,中标公告,https://www.ccgp.gov.cn/cggg/zygg/zbgg/./202609/t20260907_27275852.htm,,,,,2026年09月07日 09:51,,,,,65.5
江苏省,南京市长江路198号苏美达大厦9F,王玉雯、高雅婧、杨扬   025-84531054、84532452、84532455,苏美达国际技术贸易有限公司,,"6952D（SEU-ZB-260586）东南大学计算机科学与工程学院智算网络仿真系统与验证平台设备 招标文件.pdf,《关于符合本国产品标准的声明函》-宁波智创芯联科技有限公司.pdf","[{""attach_name"": ""6952D（SEU-ZB-260586）东南大学计算机科学与工程学院智算网络仿真系统与验证平台设备 招标文件.pdf"", ""attach_url"": ""https://download.ccgp.gov.cn/oss/download?uuid=F5D4A24A6B6B596F36C3BFEFA9237F""}, {""attach_name"": ""《关于符合本国产品标准的声明函》-宁波智创芯联科技有限公司.pdf"", ""attach_url"": ""https://download.ccgp.gov.cn/oss/download?uuid=69EFD921738320ADC343F8BEE98DA8""}]",,,南京市玄武区四牌楼2号,技术咨询：计算机科学与工程学院：万老师  电话：18201506663； 实验室与设备管理处：大型装备平台科  电话：025-52091041,东南大学,,,,2026-09-09 15:22:12,李晓明、杨方、林其梅、杨玉春、万颖（采购人代表）,东南大学计算机科学与工程学院智算网络仿真系统与验证平台设备采购中标公告,中标公告,https://www.ccgp.gov.cn/cggg/zygg/zbgg/./202609/t20260907_27275850.htm,,,,,2026年09月07日 09:51,,,,,78.2
江苏省,南京市长江路198号苏美达大厦9F,王玉雯、高雅婧、杨扬   025-84531054、84532452、84532455,苏美达国际技术贸易有限公司,,"6971D（SEU-ZB-260592）东南大学国家工业互联网产教融合创新平台的空间追踪定位系统设备招标文件.pdf,《中小企业声明函》-北京元客视界科技有限公司.pdf,《关于符合本国产品标准的声明函》-北京元客视界科技有限公司.pdf","[{""attach_name"": ""6971D（SEU-ZB-260592）东南大学国家工业互联网产教融合创新平台的空间追踪定位系统设备招标文件.pdf"", ""attach_url"": ""https://download.ccgp.gov.cn/oss/download?uuid=4E71D5F4F64A66F0923E57AB5374C7""}, {""attach_name"": ""《中小企业声明函》-北京元客视界科技有限公司.pdf"", ""attach_url"": ""https://download.ccgp.gov.cn/oss/download?uuid=C1FD354442AB5F8DEA9E38CC468BDD""}, {""attach_name"": ""《关于符合本国产品标准的声明函》-北京元客视界科技有限公司.pdf"", ""attach_url"": ""https://download.ccgp.gov.cn/oss/download?uuid=41B13EF1F1D766E7E547CBA60BEF51""}]",,,南京市玄武区四牌楼2号,技术咨询：计算机科学与工程学院：范老师 电话：13951425920； 实验室与设备管理处：大型装备平台科 电话：025-52091041,东南大学,,,,2026-09-09 15:22:12,李晓明、杨方、杨玉春、林其梅、单冯（采购人代表）,东南大学国家工业互联网产教融合创新平台的空间追踪定位系统设备中标公告,中标公告,https://www.ccgp.gov.cn/cggg/zygg/zbgg/./202609/t20260907_27275854.htm,,,,,2026年09月07日 09:51,,,,,79.3
甘州区,甘肃省张掖市甘州区新墩镇滨河新区肃南北路经营场所208号,李鑫 15393659105,张掖市兆盛工程监理咨询有限责任公司,,,,,,甘肃省张掖市甘州区丹霞东路19号,胡江华 18909369086,中国人民银行甘肃省分行,,,,2026-09-09 15:22:13,宋吉槐、岳丽琴、武建泽、周培蕊、胡江华,中国人民银行张掖市分行办公楼及附属楼采暖改造项目公开招标中标公告,中标公告,https://www.ccgp.gov.cn/cggg/zygg/zbgg/./202609/t20260907_27275833.htm,,,,,2026年09月07日 09:49,,,,,337.532114
陕西省,西安市碑林区长安北路14号,陈老师  029-88661292,陕西省省级单位政府采购中心,,"五标段报价.pdf,2标段企业声明函.png,5标段企业声明函.png,陕西省西咸新区消防救援支队 2026 年度主副食品采购及配送服务采购项目.pdf,1标段企业声明函.png,二标段报价.pdf,3标段企业声明函.png,4标段企业声明函.png,一标段报价.pdf,三标段报价.pdf,四标段报价.pdf","[{""attach_name"": ""五标段报价.pdf"", ""attach_url"": ""https://download.ccgp.gov.cn/oss/download?uuid=9B6CCFD610454334402C84D4F79682""}, {""attach_name"": ""2标段企业声明函.png"", ""attach_url"": ""https://download.ccgp.gov.cn/oss/download?uuid=5C631EEC90914127FD0EBF209698D5""}, {""attach_name"": ""5标段企业声明函.png"", ""attach_url"": ""https://download.ccgp.gov.cn/oss/download?uuid=144C8C717EBF132B89F050DE83BB1F""}, {""attach_name"": ""陕西省西咸新区消防救援支队 2026 年度主副食品采购及配送服务采购项目.pdf"", ""attach_url"": ""https://download.ccgp.gov.cn/oss/download?uuid=5BB9F19D5E40068F683C90C006E3F7""}, {""attach_name"": ""1标段企业声明函.png"", ""attach_url"": ""https://download.ccgp.gov.cn/oss/download?uuid=1B5DAE86E70FC22C9FF73E79104209""}, {""attach_name"": ""二标段报价.pdf"", ""attach_url"": ""https://download.ccgp.gov.cn/oss/download?uuid=B8D7344411E4EBBD81AB8737D97ACE""}, {""attach_name"": ""3标段企业声明函.png"", ""attach_url"": ""https://download.ccgp.gov.cn/oss/download?uuid=3F6C89A6B2F6E8CA3881FF19382016""}, {""attach_name"": ""4标段企业声明函.png"", ""attach_url"": ""https://download.ccgp.gov.cn/oss/download?uuid=B4ABAC28FB3606275FE8B833B00B4F""}, {""attach_name"": ""一标段报价.pdf"", ""attach_url"": ""https://download.ccgp.gov.cn/oss/download?uuid=E083A905C40F5500A3B5F311F962C6""}, {""attach_name"": ""三标段报价.pdf"", ""attach_url"": ""https://download.ccgp.gov.cn/oss/download?uuid=E0649B097ACC7BDD78C2E56542E7A7""}, {""attach_name"": ""四标段报价.pdf"", ""attach_url"": ""https://download.ccgp.gov.cn/oss/download?uuid=F92B842687F3742AAA5933118925F0""}]",,,陕西省咸阳市秦都区兴咸路西咸新区消防救援支队,白老师 029-33186918,西咸新区消防救援支队,,,,2026-09-09 15:22:13,樊柏龙、何成毅、张宗荣、杨峰、刘侠、惠小燕、安宁（采购人代表）,陕西省西咸新区消防救援支队2026年度主副食品采购及配送服务采购项目中标公告,中标公告,https://www.ccgp.gov.cn/cggg/zygg/zbgg/./202609/t20260907_27275763.htm,,,,,2026年09月07日 09:38,,,,,0.0
亭湖区,盐城市青年西路8号,郑女士、0515-68868305、18151389068,江苏仁禾中衡工程咨询房地产估价有限公司,,"中小企业声明函.png,三次—盐城市消防救援支队2026年度食堂外包服务项目08.24（定稿）.doc","[{""attach_name"": ""中小企业声明函.png"", ""attach_url"": ""https://download.ccgp.gov.cn/oss/download?uuid=1F972DEA2190BE02F84268044AF58E""}, {""attach_name"": ""三次—盐城市消防救援支队2026年度食堂外包服务项目08.24（定稿）.doc"", ""attach_url"": ""https://download.ccgp.gov.cn/oss/download?uuid=02883984A4F971AB825FD12530FFDB""}]",,,盐城市开发区岷江路60号,张先生、0515-83568321,盐城市消防救援支队,,,,2026-09-09 15:22:13,万洪坤、曾汉周、崔健,盐城市消防救援支队2026年度食堂外包服务项目中标公告,中标公告,https://www.ccgp.gov.cn/cggg/zygg/zbgg/./202609/t20260907_27275586.htm,,,,,2026年09月07日 09:04,,,,,75.5
江苏省,南京市长江路198号,文件发售：李婧怡025-84532580，技术咨询：朱琳025-84532546、李自牧025-84532531,江苏苏美达仪器设备有限公司,,26-XMGG4061高端X射线计算机体层摄影设备（更正后）.pdf,"[{""attach_name"": ""26-XMGG4061高端X射线计算机体层摄影设备（更正后）.pdf"", ""attach_url"": ""https://download.ccgp.gov.cn/oss/download?uuid=028E2113F64DBEC855A57BAF1143E6""}]",,,南京市蒋王庙街12号,王老师025-85478284,中国医学科学院皮肤病医院（中国医学科学院皮肤病研究所）,,,,2026-09-09 15:22:13,李占峰、李晓菲、田红、秦利荣、周永、张荣林（采购人代表）、李晓乐（采购人代表）,中国医学科学院皮肤病医院（中国医学科学院皮肤病研究所）高端X射线计算机体层摄影设备中标公告,中标公告,https://www.ccgp.gov.cn/cggg/zygg/zbgg/./202609/t20260907_27275516.htm,,,,,2026年09月07日 08:30,,,,,1100.0
岳麓区,长沙市雨花区新兴路268号8#栋,王探春、易丽丽、刘波，0731-85770482、13755041422,湖南长顺项目管理有限公司,,,,,,长沙市岳麓区麓山南路，湖南大学招标与采购中心,周老师0731-88821519,湖南大学,,,,2026-09-09 15:22:13,刘艳（主任评委）、姜喜香、贺业文、孙胜杰、刘俊,湖南大学知新村1-12号(李达故居旧址)建筑及周边环境改造工程中标候选人公告,中标公告,https://www.ccgp.gov.cn/cggg/zygg/zbgg/./202609/t20260905_27273862.htm,,,,,2026年09月05日 14:40,,,,,240.531086
广东省,广东省广州市越秀区先烈中路102号之二26楼自编2608房,020-87258495,广东元正招标采购有限公司,,中小企业声明函（包组1和包组2）.zip,"[{""attach_name"": ""中小企业声明函（包组1和包组2）.zip"", ""attach_url"": ""https://download.ccgp.gov.cn/oss/download?uuid=A395CF6CF5DE7D2F5762A0081243CE""}]",,,广州市新港西路135号,刘老师020-84115091,中山大学,,,,2026-09-09 15:22:13,科研仪器设备自选专家：陈炳辉（组长）、倪芃芃、黄巧娟、韦张文、黄铭倩（用户代表）,中山大学实验动物中心实验动物辐照与影像分析设备采购项目（项目编号：中大招（货）[2026]152号、代理机构编号：0835-260Z13804741）中标结果公告,中标公告,https://www.ccgp.gov.cn/cggg/zygg/zbgg/./202609/t20260904_27272896.htm,,,,,2026年09月04日 22:30,,,,,246.6
广州市,北京市海淀区丹棱街1号互联网金融中心20层,迟兆洋、叶明、林杨婷、王宸极、李飒 020-87001523、0769-26627023 mye@oitc.com.cn、cjwang@oitc.com.cn、sli@oitc.com.cn,东方国际招标有限责任公司,,"中小企业声明函-广州岸氏科技有限公司.pdf,关于符合本国产品标准的声明函-广州岸氏科技有限公司.pdf,关于符合本国产品标准的成本占比承诺函-广州岸氏科技有限公司.pdf,_0281-1中大型动物智能饲喂管理工作站、实验室智能消杀系统采购项目【0814发布稿】.docx","[{""attach_name"": ""中小企业声明函-广州岸氏科技有限公司.pdf"", ""attach_url"": ""https://download.ccgp.gov.cn/oss/download?uuid=F3B15AD5F9078F3C8880162CD4D10B""}, {""attach_name"": ""关于符合本国产品标准的声明函-广州岸氏科技有限公司.pdf"", ""attach_url"": ""https://download.ccgp.gov.cn/oss/download?uuid=7B01AE33FFE568273886567A2C2C97""}, {""attach_name"": ""关于符合本国产品标准的成本占比承诺函-广州岸氏科技有限公司.pdf"", ""attach_url"": ""https://download.ccgp.gov.cn/oss/download?uuid=C5DA5F67CA529927C38F6F7991978F""}, {""attach_name"": ""_0281-1中大型动物智能饲喂管理工作站、实验室智能消杀系统采购项目【0814发布稿】.docx"", ""attach_url"": ""https://download.ccgp.gov.cn/oss/download?uuid=C162DDB2DE0A5B5E74B6663C8E53DA""}]",,,广东省广州市海珠区广州国际生物岛星岛环北路9号,位老师020-89806606（6057）,zycgr22011901,,,,2026-09-09 15:22:13,汤敏（专家组长）、方春生、戴新、严丽、廖光华、李小波（用户代表）、李伟东（用户代表）,ZYCGR22011901中大型动物智能化饲养管理工作站、实验室智能消杀和设施管理系统采购项目（第二次）中标公告,中标公告,https://www.ccgp.gov.cn/cggg/zygg/zbgg/./202609/t20260904_27272841.htm,,,,,2026年09月04日 21:52,,,,,876.2
沂水县,临沂市兰山区商务齐鲁园B号楼1601。,19953976009,山东东润项目管理集团有限公司,,附件.zip,"[{""attach_name"": ""附件.zip"", ""attach_url"": ""https://download.ccgp.gov.cn/oss/download?uuid=1444EECEB725345AF787F37DEC7727""}]",,,沂水县沂城街道东一环路236号。,0539-2225119,沂水县消防救援大队,,,,2026-09-09 15:22:13,徐玉岭、刘兰玉、潘学平、张呈国、耿磊（采购人代表）沂水兴圣供应链管理有限公司（73.84、72.34、71.84、72.84、72.84）、临沂万美达农业发展有限公司（96.00、88.50、90.00、91.00、94.00）、沂水忠荣商贸有限公司（61.30、61.80、61.30、53.30、57.30）、沂水文源食品有限公司（57.50、59.50、59.50、53.50、58.50）、山东宇航餐饮管理有限公司（56.08、55.08、53.08、49.08、56.08）,山东省临沂市沂水县消防救援大队2026年伙食配送项目中标公告,中标公告,https://www.ccgp.gov.cn/cggg/zygg/zbgg/./202609/t20260904_27272770.htm,,,,,2026年09月04日 21:15,,,,,0.0
武汉市,北京市顺义区天祥路6号院北京东航中心2号楼8层,赵金倩、董壁莹 电子邮箱：dongbiying@casc.com.cn,中航材国际招标有限公司,,"中南地区（武汉）空中交通管制能力提升基础设施建设工程记录仪系统招标文件--最终版文件--第三次(2).pdf,中小企业声明函.pdf","[{""attach_name"": ""中南地区（武汉）空中交通管制能力提升基础设施建设工程记录仪系统招标文件--最终版文件--第三次(2).pdf"", ""attach_url"": ""https://download.ccgp.gov.cn/oss/download?uuid=5E5E6FB99B2EE9C538D06416FDCE1A""}, {""attach_name"": ""中小企业声明函.pdf"", ""attach_url"": ""https://download.ccgp.gov.cn/oss/download?uuid=CD077FE8AD9C0DCB4E1F6D6CC3BA40""}]",,,广州市机场路南云东街3号,张工 020-86128776 受理异议联系人:胡女士 020-86130209,中国民用航空中南地区空中交通管理局,,,,2026-09-09 15:22:13,刘泥、曾峰、丁长峰、苏志刚、谢来阳,民航中南地区（武汉）空中交通管制能力提升基础设施建设工程项目记录仪系统采购中标公告,中标公告,https://www.ccgp.gov.cn/cggg/zygg/zbgg/./202609/t20260904_27272671.htm,,,,,2026年09月04日 20:45,,,,,1297.9978
普洱市,昆明市严家地村融城优郡B5幢1206室,"唐齐,13308792684",云南中盈招标咨询有限公司,,"中盈招字P2026070中华人民共和国勐康出入境边防检查站2026年度主副食品配送项目.doc,一标段中小企业声明函.pdf,二标段中小企业声明函.pdf","[{""attach_name"": ""中盈招字P2026070中华人民共和国勐康出入境边防检查站2026年度主副食品配送项目.doc"", ""attach_url"": ""https://download.ccgp.gov.cn/oss/download?uuid=B979B435C16B4B9FE527A8FDB5EBEE""}, {""attach_name"": ""一标段中小企业声明函.pdf"", ""attach_url"": ""https://download.ccgp.gov.cn/oss/download?uuid=464AF9F4F3611DC522FA2695FBE825""}, {""attach_name"": ""二标段中小企业声明函.pdf"", ""attach_url"": ""https://download.ccgp.gov.cn/oss/download?uuid=82B6339C7A4AD5C67FEA4890809C27""}]",,,普洱市思茅区振兴大道79号,0879-2186875,中华人民共和国勐康出入境边防检查站,,,,2026-09-09 15:22:13,章靖（组长）、张华林、张辉、付洲铭、金早潘（一标段采购人代表）、刘少文（二标段采购人代表）,中华人民共和国勐康出入境边防检查站主副食品配送项目公开招标中标公告,中标公告,https://www.ccgp.gov.cn/cggg/zygg/zbgg/./202609/t20260904_27272663.htm,,,,,2026年09月04日 20:42,,,,,0.0
北京市,北京市海淀区阜成路58号新洲商务大厦302室,魏菲、孙源滨、李蕊、马春娟、曹泽鹏、王叔颖、赵中阳、张瑶、刘震、李红梅、李莉 010-88956517-207,中盛隆国际招标（北京）有限公司,,【发布稿】中国人民大学教工校外体检服务采购项目（三次）招标文件.pdf,"[{""attach_name"": ""【发布稿】中国人民大学教工校外体检服务采购项目（三次）招标文件.pdf"", ""attach_url"": ""https://download.ccgp.gov.cn/oss/download?uuid=7F438EDCB851382F7AAEA5CD1C2405""}]",,,北京市海淀区中关村大街59号,党老师 010-62516567,中国人民大学,,,,2026-09-09 15:22:13,杨燕佳、赵建华、俞芳、欧丽桃、张兰惠、汤欣、赵卫,中国人民大学教工校外体检服务项目（三次）中标公告,中标公告,https://www.ccgp.gov.cn/cggg/zygg/zbgg/./202609/t20260904_27272473.htm,,,,,2026年09月04日 20:03,,,,,0.0
市辖区,大连市沙河口区星海广场星海国际金融中心B座4102室,王超逸、邱银妮、车莉 0411-88100946,大连大禹工程项目管理咨询有限公司,,中小企业声明函(吉林省弘方建设集团有限公司（联合体成员：大连先锋建筑设计咨询有限公司））.pdf,"[{""attach_name"": ""中小企业声明函(吉林省弘方建设集团有限公司（联合体成员：大连先锋建筑设计咨询有限公司））.pdf"", ""attach_url"": ""https://download.ccgp.gov.cn/oss/download?uuid=CD37EF42B0DCA1395AC49AEBB1B72C""}]",,,大连市甘井子区凌海路1号,李老师0411-84729274,大连海事大学,,,,2026-09-09 15:22:13,张秀平、林忠利、田兆宇（采购人代表）,大连海事大学智海楼周边环境整治设计施工总承包项目成交公告,中标公告,https://www.ccgp.gov.cn/cggg/zygg/zbgg/./202609/t20260904_27271829.htm,,,,,2026年09月04日 18:31,,,,,80.580047
广州市,广州市环市中路316号金鹰大厦9楼911室,刘雨婷、陈健、郑淇筠、陈安琪、宁小萍、王勇新；020-83543621/4566（电子邮箱：gtczb7@126.com）,广东省机电设备招标有限公司,,,,,,广州市黄埔区瑞和路18号,王小姐；020-29119669,生态环境部华南环境科学研究所,,,,2026-09-09 15:22:13,"1、评审委员会总人数：5；
2、随机抽取专家名单：陈铧耀（组长）、黄滨、杨莘、袁敏；
3、采购人代表名单：赵波；
4、自行选定专家名单：/。",生态环境部华南环境科学研究所华南区域危险废物环境风险防控技术中心建设项目-专业仪器设备采购项目（一批）（七）（项目编号：M4400000707538976）中标公告,中标公告,https://www.ccgp.gov.cn/cggg/zygg/zbgg/./202609/t20260904_27271661.htm,,,,,2026年09月04日 18:15,,,,,684.0
上海市,上海市延安西路358号美丽园大厦14楼,何沛霖，阮相儒，徐迪  021-32173703、32173699,上海国际招标有限公司,,,,,,上海市合川路2380号37号楼4层,宁老师 021-64220895,zycgr22011903,,,,2026-09-09 15:22:14,李翔，闫红霞，马群，陈健慧，董亦知（招标人代表）,zycgr22011903算力租赁和PB级数据存储（二包）采购项目中标公告,中标公告,https://www.ccgp.gov.cn/cggg/zygg/zbgg/./202609/t20260904_27271655.htm,,,,,2026年09月04日 18:14,,,,,180.543712
上海市,上海市延安西路358号美丽园大厦14楼,何沛霖，阮相儒，徐迪 021-32173703、32173699,上海国际招标有限公司,,,,,,上海市合川路2380号37号楼4层,宁老师 021-64220895,zycgr22011903,,,,2026-09-09 15:22:14,陆朝勇，何秀全，梁建军，欧阳为民，董亦知（招标人代表）,zycgr22011903算力租赁和PB级数据存储（一包）采购项目中标公告,中标公告,https://www.ccgp.gov.cn/cggg/zygg/zbgg/./202609/t20260904_27271659.htm,,,,,2026年09月04日 18:14,,,,,378.772032
山东省,济南市经十路5777号万科金域中心A座6楼,王伟、刘新新，0531-86955466,山东广信招标有限责任公司,,"山东税务2026年档案库房设备采购项目招标文件.pdf,分项价格表.pdf,本国产品声明函.pdf,齐鑫中小企业声明函.pdf,本国产品占比承诺函.pdf","[{""attach_name"": ""山东税务2026年档案库房设备采购项目招标文件.pdf"", ""attach_url"": ""https://download.ccgp.gov.cn/oss/download?uuid=DF6D34AF89C1F2E084954441ADA88E""}, {""attach_name"": ""分项价格表.pdf"", ""attach_url"": ""https://download.ccgp.gov.cn/oss/download?uuid=26AA49BFB06BF80EFDB1F024DD1D3F""}, {""attach_name"": ""本国产品声明函.pdf"", ""attach_url"": ""https://download.ccgp.gov.cn/oss/download?uuid=E9B954F94F3AF9B3A9F20C679B24EB""}, {""attach_name"": ""齐鑫中小企业声明函.pdf"", ""attach_url"": ""https://download.ccgp.gov.cn/oss/download?uuid=68249066BB2AE9F595FC90512E1D04""}, {""attach_name"": ""本国产品占比承诺函.pdf"", ""attach_url"": ""https://download.ccgp.gov.cn/oss/download?uuid=9068D37E30298A1BBBE0F4CE25FB61""}]",,,济南市英雄山路155号,李勇， 0531-85656103,国家税务总局山东省税务局,,,,2026-09-09 15:22:14,崔希有、刘敬兵、贾宝坤、张春清、张振颖（采购人代表）,山东税务2026年档案库房设备采购项目中标公告,中标公告,https://www.ccgp.gov.cn/cggg/zygg/zbgg/./202609/t20260904_27271612.htm,,,,,2026年09月04日 18:10,,,,,153.8
广州市,广州市环市中路316号金鹰大厦9楼911室,刘雨婷、陈健、郑淇筠、陈安琪、宁小萍、王勇新；020-83543621/4566（电子邮箱：gtczb7@126.com）,广东省机电设备招标有限公司,,附件：分项报价清单.pdf,"[{""attach_name"": ""附件：分项报价清单.pdf"", ""attach_url"": ""https://download.ccgp.gov.cn/oss/download?uuid=6BC47F8F0634C0482BB8439A42C1C5""}]",,,广州市黄埔区瑞和路18号,王小姐；020-29119669,生态环境部华南环境科学研究所,,,,2026-09-09 15:22:14,"1、评审委员会总人数：7；
2、随机抽取专家名单：周铭杰（组长）、戴新、许秀凤、汤敏、鲁彬；
3、采购人代表名单：赵波、刘鹤；
4、自行选定专家名单：/。",生态环境部华南环境科学研究所华南区域危险废物环境风险防控技术中心建设项目-专业仪器设备采购项目（一批）（六）（项目编号：M4400000707538975）中标公告,中标公告,https://www.ccgp.gov.cn/cggg/zygg/zbgg/./202609/t20260904_27271590.htm,,,,,2026年09月04日 18:09,,,,,1099.2
市辖区,石家庄市工农路486号,李晓伟0311-83086836,河北省成套招标有限公司,,"本国产品声明函.pdf,石家庄邮电职业技术学院多媒体教室及育人活动室LED显示屏采购.pdf,关于石家庄邮电职业技术学院多媒体教室及育人活动室LED显示屏采购招标文件的澄清.pdf","[{""attach_name"": ""本国产品声明函.pdf"", ""attach_url"": ""https://download.ccgp.gov.cn/oss/download?uuid=670E8E3BD1AD820E2F05A2DAA56E15""}, {""attach_name"": ""石家庄邮电职业技术学院多媒体教室及育人活动室LED显示屏采购.pdf"", ""attach_url"": ""https://download.ccgp.gov.cn/oss/download?uuid=B3B2B19EF737E720E6ED7636E05FDC""}, {""attach_name"": ""关于石家庄邮电职业技术学院多媒体教室及育人活动室LED显示屏采购招标文件的澄清.pdf"", ""attach_url"": ""https://download.ccgp.gov.cn/oss/download?uuid=045DA7409D468B99CA3C5ED951B860""}]",,,石家庄市体育南大街318号,魏老师0311-85998150,石家庄邮电职业技术学院,,,,2026-09-09 15:22:14,霍刚（主任）、王志强、张国威、王运宏、牟成哲（采购人代表）,石家庄邮电职业技术学院多媒体教室及育人活动室LED显示屏采购中标公告,中标公告,https://www.ccgp.gov.cn/cggg/zygg/zbgg/./202609/t20260904_27271586.htm,,,,,2026年09月04日 18:09,,,,,73.093
广东省,广州市环市中路316号金鹰大厦9楼911室,陈安琪、刘雨婷、陈健、郑淇筠、宁小萍、王勇新；020-83544566/3621（电子邮箱：gtczb7@126.com）,广东省机电设备招标有限公司,,包3-中标人关于符合本国产品标准的声明函.pdf,"[{""attach_name"": ""包3-中标人关于符合本国产品标准的声明函.pdf"", ""attach_url"": ""https://download.ccgp.gov.cn/oss/download?uuid=B1290C609E60550739B82AB027C0F0""}]",,,广州市黄埔区瑞和路18号,王小姐；020-29119669,生态环境部华南环境科学研究所,,,,2026-09-09 15:22:14,"1、评审委员会总人数：7；
2、随机抽取专家名单：王浩（组长）、严丽、阮萍、李传凤、梁洁银；
3、采购人代表名单：张素坤、贾文超；
4、自行选定专家名单：/。",生态环境部华南环境科学研究所华南区域危险废物环境风险防控技术中心建设项目-专业仪器设备采购项目（一批）（一）（项目编号：M4400000707538973）中标公告,中标公告,https://www.ccgp.gov.cn/cggg/zygg/zbgg/./202609/t20260904_27271564.htm,,,,,2026年09月04日 18:07,,,,,1313.0
广州市,广州市环市中路316号金鹰大厦9楼911室,陈健、刘雨婷、郑淇筠、陈安琪、宁小萍、王勇新；020-83543621/4566（电子邮箱：gtczb7@126.com）,广东省机电设备招标有限公司,,"包5-中标人中小企业声明函.pdf,包5-中标人关于符合本国产品标准的声明函.pdf","[{""attach_name"": ""包5-中标人中小企业声明函.pdf"", ""attach_url"": ""https://download.ccgp.gov.cn/oss/download?uuid=7B1C7C90EF736C80584B51C910C645""}, {""attach_name"": ""包5-中标人关于符合本国产品标准的声明函.pdf"", ""attach_url"": ""https://download.ccgp.gov.cn/oss/download?uuid=16F2313489AF313FA0818125FC11DE""}]",,,广州市黄埔区瑞和路18号,王小姐；020-29119669,生态环境部华南环境科学研究所,,,,2026-09-09 15:22:14,"1、评审委员会总人数：7；
2、随机抽取专家名单：刘海涛（组长）、唐小军、何彤、张凌芳、鲁彬；
3、采购人代表名单：赵波、刘鹤；
4、自行选定专家名单：/。",生态环境部华南环境科学研究所华南区域危险废物环境风险防控技术中心建设项目-专业仪器设备采购项目（一批）（五）（项目编号：M4400000707538974）中标公告,中标公告,https://www.ccgp.gov.cn/cggg/zygg/zbgg/./202609/t20260904_27271537.htm,,,,,2026年09月04日 18:05,,,,,1912.7
黄埔区,广州市环市中路316号金鹰大厦9楼915室,梁鸿茵、陈熠行、周艳靖；020-83602969（电子邮箱：gdjdsbzb@126.com）,广东省机电设备招标有限公司,,,,,,广州市黄埔区瑞和路18号,王小姐；020-29119669,生态环境部华南环境科学研究所,,,,2026-09-09 15:22:14,"评审委员会总人数：7；
随机抽取专家名单：丘麒、周维柏、张以科、张少翃、毛瑞；
采购人代表名单：黄凯华、李义豪；
自行选定专家名单：   /",生态环境部华南环境科学研究所华南区域危险废物环境风险防控技术中心建设项目-专业仪器设备采购项目(一批)（二）中标结果公告,中标公告,https://www.ccgp.gov.cn/cggg/zygg/zbgg/./202609/t20260904_27271538.htm,,,,,2026年09月04日 18:04,,,,,1868.0
市辖区,江西省鹰潭市月湖区信江村委会石鼓渡村小组农家小院,周燕美18870808161,江西裕文工程管理有限公司,,,,,,江西省鹰潭市月湖区交通路36号,吴警官19100280098,南昌铁路公安局鹰潭公安处,,,,2026-09-09 15:22:14,郑华锋、艾芳玲、鄢安华、娄沂星、杨彬,江西裕文工程管理有限公司关于南昌铁路公安局鹰潭公安处2026-2028年社会招标代理机构遴选项目（项目编号：YW-ZF-2026-26）公开招标遴选结果公告,中标公告,https://www.ccgp.gov.cn/cggg/zygg/zbgg/./202609/t20260904_27271523.htm,,,,,2026年09月04日 18:02,,,,,0.0
北京市,北京市朝阳区东三环中路59号京城机电大厦1710,王乾豪、杨东来、和学娟、李思哲、胡杰谦、钱柏丞、刘莎：010-87945198-690、131,中信国际招标有限公司,,北京大学第三医院2026年诊疗能力提升项目-26(腕关节镜系统及牵引架）招标文件20260811SV(1).docx,"[{""attach_name"": ""北京大学第三医院2026年诊疗能力提升项目-26(腕关节镜系统及牵引架）招标文件20260811SV(1).docx"", ""attach_url"": ""https://download.ccgp.gov.cn/oss/download?uuid=8188A0144B52CDBC4DE3019B6EF91A""}]",,,北京市海淀区花园北路49号,刘老师，010-82266699,北京大学第三医院,,,,2026-09-09 15:22:14,崔步云、郑淑荣、陆鸣、魏继航、董仓荣,北京大学第三医院2026年诊疗能力提升项目-26中标公告,中标公告,https://www.ccgp.gov.cn/cggg/zygg/zbgg/./202609/t20260904_27271280.htm,,,,,2026年09月04日 17:48,,,,,88.0
北京市,北京市朝阳区东三环中路59号京城机电大厦1710,王乾豪、杨东来、和学娟、李思哲、胡杰谦、钱柏丞、刘莎：010-87945198-690、131,中信国际招标有限公司,,"中小企业声明函1.pdf,北京大学第三医院2026年设备购置项目-62（手术显微镜）招标文件20260811SV(1).docx,关于符合本国产品标准的声明函.pdf","[{""attach_name"": ""中小企业声明函1.pdf"", ""attach_url"": ""https://download.ccgp.gov.cn/oss/download?uuid=0B6B173F7D539B0424C87F8C4AF531""}, {""attach_name"": ""北京大学第三医院2026年设备购置项目-62（手术显微镜）招标文件20260811SV(1).docx"", ""attach_url"": ""https://download.ccgp.gov.cn/oss/download?uuid=671061A668A7980E06FF9B4DAED031""}, {""attach_name"": ""关于符合本国产品标准的声明函.pdf"", ""attach_url"": ""https://download.ccgp.gov.cn/oss/download?uuid=97DC63D4C42CE63D29DCCD44F45EAE""}]",,,北京市海淀区花园北路49号,闫老师，010-82266699,北京大学第三医院,,,,2026-09-09 15:22:14,崔步云、郑淑荣、陆鸣、魏继航、董仓荣,北京大学第三医院2026年设备购置项目-62中标公告,中标公告,https://www.ccgp.gov.cn/cggg/zygg/zbgg/./202609/t20260904_27271282.htm,,,,,2026年09月04日 17:48,,,,,320.0
天津市,天津经济技术开发区第六大街110号天润科技园A213室,王静、孙超、曹治国、石晶、周艳飞、贺家佳 022-59002816转6686   企业邮箱：bhzbdl2016@163.com,天津滨海招标代理有限责任公司,,"公开招标文件.doc,附件.zip","[{""attach_name"": ""公开招标文件.doc"", ""attach_url"": ""https://download.ccgp.gov.cn/oss/download?uuid=0453DE995F559FAEEC4B8F4BFE6B39""}, {""attach_name"": ""附件.zip"", ""attach_url"": ""https://download.ccgp.gov.cn/oss/download?uuid=072088774D9A3B30C97752C950EA46""}]",,,天津市东丽区津北公路2898号,王老师 022-24092962,中国民航大学,,,,2026-09-09 15:22:14,王玉华、冷华昌、才英杰、任世刚、刘志学（采购人代表）,中国民航大学宁河校区（二期）食堂餐桌椅家具采购项目(项目编号:TJBHGP-ZGZC-2026-009)中标公告,中标公告,https://www.ccgp.gov.cn/cggg/zygg/zbgg/./202609/t20260904_27271193.htm,,,,,2026年09月04日 17:45,,,,,119.0236
市辖区,上海市闵行区三达路299号,联系代表021-33292999,公安部警用装备采购中心,,"本国产品声明函-202609041405378534.pdf,2026年公安部第三研究所业务系统建设设备采购项目-202609041405427565.doc","[{""attach_name"": ""本国产品声明函-202609041405378534.pdf"", ""attach_url"": ""https://download.ccgp.gov.cn/oss/download?uuid=d5336224-c0ac-4fe2-b775-ea199a""}, {""attach_name"": ""2026年公安部第三研究所业务系统建设设备采购项目-202609041405427565.doc"", ""attach_url"": ""https://download.ccgp.gov.cn/oss/download?uuid=306139ce-a4fd-4331-8f94-9eb932""}]",,,上海市岳阳路76号,孙老师021-68699779,公安部第三研究所,,,,2026-09-09 15:22:14,王骆（组长）	杨虹	李海龙,2026年公安部第三研究所业务系统建设设备采购项目成交结果公告,中标公告,https://www.ccgp.gov.cn/cggg/zygg/zbgg/./202609/t20260904_27271337.htm,,,,,2026年09月04日 17:45,,,,,184.677
长沙市,长沙市天心区书院路9号保利国际B3栋1805室,王磊、吴传燕、彭晓坤、粟瑀、何锶、王玥0731-85163777,华新项目管理集团有限公司,,,,,,湖南省长沙市人民中路139号,高老师0731-85294138,中南大学湘雅二医院,,,,2026-09-09 15:22:14,朱广喜（主任评委）、龙跃平、丁芳林、杨莎、钟燕军（目录序号1-3业主评委）、王艳姣（目录序号4业主评委）,中南大学湘雅二医院2026年神经和肌肉刺激器用体表电极等耗材及配套产品入围遴选项目结果公告,中标公告,https://www.ccgp.gov.cn/cggg/zygg/zbgg/./202609/t20260904_27271197.htm,,,,,2026年09月04日 17:44,,,,,0.0
广东省,广州市先烈中路100号科学院大院9号楼东座2楼（中国广州分析测试中心对面）,李小姐，020-87684726、020-87688847,广东国科招标有限公司,,"0973Z-2026年海上调查潜水技术服务（8.19更正稿）.pdf,中小企业声明函-海南近海工程咨询有限公司.pdf","[{""attach_name"": ""0973Z-2026年海上调查潜水技术服务（8.19更正稿）.pdf"", ""attach_url"": ""https://download.ccgp.gov.cn/oss/download?uuid=0BAD13ED7029D0A35363F847BDE0A7""}, {""attach_name"": ""中小企业声明函-海南近海工程咨询有限公司.pdf"", ""attach_url"": ""https://download.ccgp.gov.cn/oss/download?uuid=B3EF9E5C63D27C923738DE35684F64""}]",,,广州市新港西路155号24栋,020-89024833,国家海洋局南海环境监测中心,,,,2026-09-09 15:22:14,"1、评审委员会总人数：5
2、随机抽取专家名单：萧爱群、凌晨、张向云、雷有雄
3、采购人代表名单：叶立金
4、自行选定专家名单：无",2026年海上调查潜水技术服务中标结果公告,中标公告,https://www.ccgp.gov.cn/cggg/zygg/zbgg/./202609/t20260904_27271144.htm,,,,,2026年09月04日 17:40,,,,,185.0
北京市,北京市海淀区丹棱街1号互联网金融中心20层,窦志超、曹山、高天阳010-68290562,东方国际招标有限责任公司,,"中小企业声明函-浙江求实环境监测有限公司、浙江城建勘察研究院有限公司及江西省天久地矿建设集团有限公司3家联合体.pdf,招标文件-衢州园区地下水污染管控修复效果评估项目建井、采样分析等服务项目（第二次）8.3发布稿.pdf","[{""attach_name"": ""中小企业声明函-浙江求实环境监测有限公司、浙江城建勘察研究院有限公司及江西省天久地矿建设集团有限公司3家联合体.pdf"", ""attach_url"": ""https://download.ccgp.gov.cn/oss/download?uuid=607706BAC77EE99DF6AF7DF091A495""}, {""attach_name"": ""招标文件-衢州园区地下水污染管控修复效果评估项目建井、采样分析等服务项目（第二次）8.3发布稿.pdf"", ""attach_url"": ""https://download.ccgp.gov.cn/oss/download?uuid=0D49624D137337EE25269373B8C3C3""}]",,,北京市朝阳区北苑大羊坊8号,010-84757937,生态环境部土壤与农业农村生态环境监管技术中心,,,,2026-09-09 15:22:15,刘明强（评审组长）、李朝阳、陈静、姚远方、赵晓静,衢州园区地下水污染管控修复效果评估项目建井、采样分析等服务项目（第二次）中标公告,中标公告,https://www.ccgp.gov.cn/cggg/zygg/zbgg/./202609/t20260904_27271141.htm,,,,,2026年09月04日 17:40,,,,,120.0
山东省,山东省济南市市中区二环南路6636号中海广场8楼805室招标二部,郭阳 0531-82979333,山东三木招标有限公司,,附件.zip,"[{""attach_name"": ""附件.zip"", ""attach_url"": ""https://download.ccgp.gov.cn/oss/download?uuid=C8C8A3DFA950CC08081518221F6A36""}]",,,山东省济南市英雄山路155号,李勇 0531-85656103,国家税务总局山东省税务局,,,,2026-09-09 15:22:15,王守强、段为萍、李洪岩、段武、邓元媛（采购人代表）,山东税务2026年大数据平台运行维护项目中标公告,中标公告,https://www.ccgp.gov.cn/cggg/zygg/zbgg/./202609/t20260904_27271146.htm,,,,,2026年09月04日 17:40,,,,,104.98
市辖区,西章胡同9号院,010-83083702,中央国家机关政府采购中心,,"中标通知书.zip,中泰建工（北京）建筑工程有限公司中小企业声明函.pdf,清华大学学生服务楼（C楼）四层学生心理健康场地装修改造工程采购项目采购文件.pdf,投标人得分排序表.doc,中泰建工（北京）建筑工程有限公司残疾人福利性单位声明函.pdf,响应（投标）人商务信息公示表.zip","[{""attach_name"": ""中标通知书.zip"", ""attach_url"": ""https://download.ccgp.gov.cn/oss/download?uuid=f5e843d2-7a32-49dc-ba6e-0a9843""}, {""attach_name"": ""中泰建工（北京）建筑工程有限公司中小企业声明函.pdf"", ""attach_url"": ""https://download.ccgp.gov.cn/oss/download?uuid=d846e913-a00f-48cb-b100-94254a""}, {""attach_name"": ""清华大学学生服务楼（C楼）四层学生心理健康场地装修改造工程采购项目采购文件.pdf"", ""attach_url"": ""https://download.ccgp.gov.cn/oss/download?uuid=325d659b-8a7b-404c-b917-ff0b78""}, {""attach_name"": ""投标人得分排序表.doc"", ""attach_url"": ""https://download.ccgp.gov.cn/oss/download?uuid=fd392201-bce2-4196-9e42-1fa7df""}, {""attach_name"": ""中泰建工（北京）建筑工程有限公司残疾人福利性单位声明函.pdf"", ""attach_url"": ""https://download.ccgp.gov.cn/oss/download?uuid=bbc42104-67bb-483a-8015-26921f""}, {""attach_name"": ""响应（投标）人商务信息公示表.zip"", ""attach_url"": ""https://download.ccgp.gov.cn/oss/download?uuid=444a34e2-7070-4e44-b429-05efe4""}]",,,北京市海淀区清华园,010-62785760,清华大学,,,,2026-09-09 15:22:15,"安宁,蒋秀根,贾永超,郝志军,谢会雪,高新爱,韩晶",清华大学学生服务楼（C楼）四层学生心理健康场地装修改造工程采购项目中标公告,中标公告,https://www.ccgp.gov.cn/cggg/zygg/zbgg/./202609/t20260904_27271200.htm,,,,,2026年09月04日 17:40,,,,,417.449239
广东省,广州市环市中路205号恒生大厦B座501室,李小姐   020-83592216,广州顺为招标采购有限公司,,中山大学附属第三医院GE DSA维保项目招标文件.pdf,"[{""attach_name"": ""中山大学附属第三医院GE DSA维保项目招标文件.pdf"", ""attach_url"": ""https://download.ccgp.gov.cn/oss/download?uuid=2CBAC7BA5EB24F1AD7C40826E8D6C0""}]",,,广东省广州市天河路600号,崔老师 020－85253453,中山大学附属第三医院,,,,2026-09-09 15:22:15,董穗麟、汪莹、方河炎、宇丽、谢迭来（采购人代表）,中山大学附属第三医院GE DSA维保项目中标公告,中标公告,https://www.ccgp.gov.cn/cggg/zygg/zbgg/./202609/t20260904_27271039.htm,,,,,2026年09月04日 17:37,,,,,170.7
上海市,上海市宁波路1号11楼,陈忆青、朱佳凝021-63230480转8616,上海东松医疗科技股份有限公司,,东松-德尔格麻醉机维保服务262379-招标文件-发售稿.pdf,"[{""attach_name"": ""东松-德尔格麻醉机维保服务262379-招标文件-发售稿.pdf"", ""attach_url"": ""https://download.ccgp.gov.cn/oss/download?uuid=B4BCD190354E6FF8121659BC366FE4""}]",,,上海市汾阳路83号,许老师 021-64331573,复旦大学附属眼耳鼻喉科医院,,,,2026-09-09 15:22:15,平越、张贵荣、林翠清、瞿春芳、王士强（采购人代表）,复旦大学附属眼耳鼻喉科医院德尔格麻醉机维保服务中标公告,中标公告,https://www.ccgp.gov.cn/cggg/zygg/zbgg/./202609/t20260904_27270803.htm,,,,,2026年09月04日 17:29,,,,,45.0
北京市,北京市海淀区海淀大街8号中钢国际广场16层,马娟娟、王建莉、聂娅琼010-62688223（获取文件、发票咨询）、010-62688213（项目问询）、wangjl5@sstc20.com（项目问询）,中钢招标有限责任公司,,"2641STC72837_中标结果公告含中小企业声明函.docx,招标文件-中国科学技术信息研究所2026年度数据中心机房环境基础设施运行维护服务项目.pdf","[{""attach_name"": ""2641STC72837_中标结果公告含中小企业声明函.docx"", ""attach_url"": ""https://download.ccgp.gov.cn/oss/download?uuid=B9D4F04B36706562286F4A467A1A08""}, {""attach_name"": ""招标文件-中国科学技术信息研究所2026年度数据中心机房环境基础设施运行维护服务项目.pdf"", ""attach_url"": ""https://download.ccgp.gov.cn/oss/download?uuid=2CFAAAD85B811E6E0380FEC08B4FEE""}]",,,张老师010-58882424,北京市海淀区复兴路15号,中国科学技术信息研究所,,,,2026-09-09 15:22:15,陈敏、尹晓晖、王嵘、刘海燕、屈宝强,中国科学技术信息研究所2026年度数据中心机房环境基础设施运行维护服务项目中标公告,中标公告,https://www.ccgp.gov.cn/cggg/zygg/zbgg/./202609/t20260904_27270806.htm,,,,,2026年09月04日 17:28,,,,,345.191
上海市,上海市宁波路1号11楼,陈忆青、朱佳凝 021-63230480转8616,上海东松医疗科技股份有限公司,,东松-飞秒激光、准分子激光维保服务262384-招标文件-发售稿.pdf,"[{""attach_name"": ""东松-飞秒激光、准分子激光维保服务262384-招标文件-发售稿.pdf"", ""attach_url"": ""https://download.ccgp.gov.cn/oss/download?uuid=5DBAB0CCA09CD4EBC8F6210B4B48CD""}]",,,上海市汾阳路83号,许老师 021-64331573,复旦大学附属眼耳鼻喉科医院,,,,2026-09-09 15:22:15,平越、张贵荣、林翠清、瞿春芳、王士强（采购人代表）,复旦大学附属眼耳鼻喉科医院飞秒激光、准分子激光维保服务中标公告,中标公告,https://www.ccgp.gov.cn/cggg/zygg/zbgg/./202609/t20260904_27270804.htm,,,,,2026年09月04日 17:28,,,,,79.7
上海市,上海市宁波路1号11楼,陈忆青、朱佳凝 021-63230480转8616,上海东松医疗科技股份有限公司,,"关于符合本国产品标准声明函.pdf,东松-眼科彩色多普勒超声诊断仪262093-招标文件-发售稿.pdf","[{""attach_name"": ""关于符合本国产品标准声明函.pdf"", ""attach_url"": ""https://download.ccgp.gov.cn/oss/download?uuid=57A15BDD1EB91B2EBD604DAA9CA4BA""}, {""attach_name"": ""东松-眼科彩色多普勒超声诊断仪262093-招标文件-发售稿.pdf"", ""attach_url"": ""https://download.ccgp.gov.cn/oss/download?uuid=1C7F1CC776C9539D7FB7A7CC2BD673""}]",,,上海市汾阳路83号,许老师 021-64331573,复旦大学附属眼耳鼻喉科医院,,,,2026-09-09 15:22:15,平越、张贵荣、林翠清、瞿春芳、王士强（采购人代表）,复旦大学附属眼耳鼻喉科医院眼科彩色多普勒超声诊断仪中标公告,中标公告,https://www.ccgp.gov.cn/cggg/zygg/zbgg/./202609/t20260904_27270773.htm,,,,,2026年09月04日 17:26,,,,,152.0
市辖区,西章胡同9号院,010-83083702,中央国家机关政府采购中心,,"北京大学人民医院2026-2028年度保洁服务采购项目采购文件.pdf,投标人得分排序表.doc,北京市北清物业管理有限责任公司中小企业声明函.pdf,北京市北清物业管理有限责任公司残疾人福利性单位声明函.pdf,中标通知书.zip","[{""attach_name"": ""北京大学人民医院2026-2028年度保洁服务采购项目采购文件.pdf"", ""attach_url"": ""https://download.ccgp.gov.cn/oss/download?uuid=64b37bf8-aeaf-4f97-92c3-ce4cd4""}, {""attach_name"": ""投标人得分排序表.doc"", ""attach_url"": ""https://download.ccgp.gov.cn/oss/download?uuid=e7c2d048-4897-45b0-aae7-dff28e""}, {""attach_name"": ""北京市北清物业管理有限责任公司中小企业声明函.pdf"", ""attach_url"": ""https://download.ccgp.gov.cn/oss/download?uuid=d1ac0675-39ca-4f5f-8d88-f17f95""}, {""attach_name"": ""北京市北清物业管理有限责任公司残疾人福利性单位声明函.pdf"", ""attach_url"": ""https://download.ccgp.gov.cn/oss/download?uuid=534973dc-c730-4a75-9d24-17f6c8""}, {""attach_name"": ""中标通知书.zip"", ""attach_url"": ""https://download.ccgp.gov.cn/oss/download?uuid=53da4d70-a7df-404f-aff8-3537b0""}]",,,北京市西城区西直门南大街11号,010-88317076,北京大学人民医院(北京大学第二临床医学院),,,,2026-09-09 15:22:15,"杨露华,卢富昌,张富荣,吴萍萍,赵立新,严贺玲,甄继鹏",北京大学人民医院2026-2028年度保洁服务采购项目中标公告,中标公告,https://www.ccgp.gov.cn/cggg/zygg/zbgg/./202609/t20260904_27270879.htm,,,,,2026年09月04日 17:25,,,,,6260.72931
市辖区,西章胡同9号院,010-83083702,中央国家机关政府采购中心,,"投标人得分排序表.doc,北京房修一建筑工程有限公司残疾人福利性单位声明函.pdf,响应（投标）人商务信息公示表.zip,中标通知书.zip,北京房修一建筑工程有限公司中小企业声明函.pdf,北京师范大学辅仁大学本部旧址园林建筑修缮工程采购项目采购文件.pdf","[{""attach_name"": ""投标人得分排序表.doc"", ""attach_url"": ""https://download.ccgp.gov.cn/oss/download?uuid=cfb7d058-9a3f-4d11-9c2d-277ad0""}, {""attach_name"": ""北京房修一建筑工程有限公司残疾人福利性单位声明函.pdf"", ""attach_url"": ""https://download.ccgp.gov.cn/oss/download?uuid=0abfa22b-24ba-498c-a918-8e8cc5""}, {""attach_name"": ""响应（投标）人商务信息公示表.zip"", ""attach_url"": ""https://download.ccgp.gov.cn/oss/download?uuid=0d7bb563-493d-41e7-a1fb-6f67c1""}, {""attach_name"": ""中标通知书.zip"", ""attach_url"": ""https://download.ccgp.gov.cn/oss/download?uuid=f7934cbe-9385-423b-8a5c-4ba846""}, {""attach_name"": ""北京房修一建筑工程有限公司中小企业声明函.pdf"", ""attach_url"": ""https://download.ccgp.gov.cn/oss/download?uuid=401845da-7eae-4e30-8f76-5d2664""}, {""attach_name"": ""北京师范大学辅仁大学本部旧址园林建筑修缮工程采购项目采购文件.pdf"", ""attach_url"": ""https://download.ccgp.gov.cn/oss/download?uuid=51d82974-01b3-446b-96cf-88af25""}]",,,北京市海淀区新街口外大街19号,010-58802694,北京师范大学,,,,2026-09-09 15:22:15,"黄颖,张艳豪,秦利辉,张晓辉,张剑智,丁学军,叶莉",北京师范大学辅仁大学本部旧址园林建筑修缮工程采购项目中标公告,中标公告,https://www.ccgp.gov.cn/cggg/zygg/zbgg/./202609/t20260904_27270595.htm,,,,,2026年09月04日 17:15,,,,,2969.359441
青海省,西宁市城北区海西路59号副1号43号楼59-375号（萨尔斯堡西区三期北门东侧）,0971-8241868、联系人：邓女士、苏女士,青海鼎誉工程咨询有限公司,,最终分项报价表.pdf,"[{""attach_name"": ""最终分项报价表.pdf"", ""attach_url"": ""https://download.ccgp.gov.cn/oss/download?uuid=F09F0031F7BA1EB273283302F9389B""}]",,,青海省西宁市城东区金桥路19号,0971-8818074、联系人：苏先生,青海省消防救援总队,,,,2026-09-09 15:22:15,何英、祁明星、景鹏德（采购人代表）,青海省消防救援总队2026年度指挥调度网采购项目（第二次）包一成交结果公告,中标公告,https://www.ccgp.gov.cn/cggg/zygg/zbgg/./202609/t20260904_27270424.htm,,,,,2026年09月04日 17:12,,,,,114.628
北京市,北京市海淀区马甸东路17号金澳国际写字楼27层2707-2710室,崔耀文、陈子轩、毛允东、韩伟、侯美玲、许铖铖、李秀艳、李卫强、孙伟、高干、苏云龙、梁冰13145412332、13731676296、18706413729,盛和招标代理有限公司,,定稿-中国石油大学（北京）高校学科数据治理与成果传播平台项目.pdf,"[{""attach_name"": ""定稿-中国石油大学（北京）高校学科数据治理与成果传播平台项目.pdf"", ""attach_url"": ""https://download.ccgp.gov.cn/oss/download?uuid=74229674B91BB7FEF961BDF6A9AFE6""}]",,,北京市昌平区府学路18号,张老师 010-89737559,中国石油大学（北京）,,,,2026-09-09 15:22:15,李俊、盘仰珂、崔颖、宁璐、孙梦然（采购人代表）,中国石油大学（北京）高校学科数据治理与成果传播平台项目中标公告,中标公告,https://www.ccgp.gov.cn/cggg/zygg/zbgg/./202609/t20260904_27270392.htm,,,,,2026年09月04日 17:11,,,,,192.204
北京市,北京市海淀区马甸东路17号金澳国际写字楼27层2707-2710室,崔耀文、陈子轩、毛允东、韩伟、侯美玲、许铖铖、李秀艳、李卫强、孙伟、高干、苏云龙、梁冰13145412332、13731676296、18706413729,盛和招标代理有限公司,,定稿-中国石油大学（北京）QS学术声誉数据集.pdf,"[{""attach_name"": ""定稿-中国石油大学（北京）QS学术声誉数据集.pdf"", ""attach_url"": ""https://download.ccgp.gov.cn/oss/download?uuid=47B1D717E03EFD2F19909D7174041A""}]",,,北京市昌平区府学路18号,张老师 010-89737559,中国石油大学（北京）,,,,2026-09-09 15:22:15,崔颖、宁璐、段泉圣、梁婷、孙梦然（采购人代表）,中国石油大学（北京）QS学术声誉数据集中标公告,中标公告,https://www.ccgp.gov.cn/cggg/zygg/zbgg/./202609/t20260904_27270378.htm,,,,,2026年09月04日 17:10,,,,,48.72
北京市,北京市海淀区阜成路58号新洲商务大厦302室,孙源滨、魏菲、李蕊、马春娟、曹泽鹏、赵中阳、刘震、李红梅、李莉010-88956517-812,中盛隆国际招标（北京）有限公司,,"29分项报价表.pdf,29关于符合本国产品标准的声明函.pdf,29中小企业声明函.pdf,（发布版）中国石油大学（北京）极端高温高压环境井筒材料腐蚀测试系统项目.pdf","[{""attach_name"": ""29分项报价表.pdf"", ""attach_url"": ""https://download.ccgp.gov.cn/oss/download?uuid=C839CD61891215567300A0FEC16EF9""}, {""attach_name"": ""29关于符合本国产品标准的声明函.pdf"", ""attach_url"": ""https://download.ccgp.gov.cn/oss/download?uuid=DBA696E576E419CDD52FD8A6D1CC79""}, {""attach_name"": ""29中小企业声明函.pdf"", ""attach_url"": ""https://download.ccgp.gov.cn/oss/download?uuid=19C6D4EC90264FC3602E24205AF43F""}, {""attach_name"": ""（发布版）中国石油大学（北京）极端高温高压环境井筒材料腐蚀测试系统项目.pdf"", ""attach_url"": ""https://download.ccgp.gov.cn/oss/download?uuid=8D03935599B5E3DD9005C19BE5669A""}]",,,北京市昌平区府学路18号,张老师 010-89737559,中国石油大学（北京）,,,,2026-09-09 15:22:15,闫伟、姚学军、巩淑英、周慧、金祎,中国石油大学（北京）极端高温高压环境井筒材料腐蚀测试系统项目中标公告,中标公告,https://www.ccgp.gov.cn/cggg/zygg/zbgg/./202609/t20260904_27270384.htm,,,,,2026年09月04日 17:10,,,,,328.8
青岛市,青岛市黄岛区珠江路667号荣德海岸壹号17层,联系人：孙健、朱元泽、朱威、怀硕  联系方式：0532-67761771,山东和信瑞华项目管理有限公司,,"HXSDZB2026-008---两栖智能数据采集系统-7.31.pdf,扫描件.pdf,8.pdf","[{""attach_name"": ""HXSDZB2026-008---两栖智能数据采集系统-7.31.pdf"", ""attach_url"": ""https://download.ccgp.gov.cn/oss/download?uuid=A784C80365026B0152FD8803FE1282""}, {""attach_name"": ""扫描件.pdf"", ""attach_url"": ""https://download.ccgp.gov.cn/oss/download?uuid=DAE6A0608601E6ED71D0E63C786CB8""}, {""attach_name"": ""8.pdf"", ""attach_url"": ""https://download.ccgp.gov.cn/oss/download?uuid=08E7AAAD7E4B262C3E9729B7056770""}]",,,山东省青岛市黄岛区长江西路66号,联系人：汤老师 联系方式：0532-86983188,中国石油大学（华东）,,,,2026-09-09 15:22:16,"赵有星,吴鹏,于磊,赵夕旦,罗偲",中国石油大学（华东）两栖智能数据采集系统采购项目中标公告,中标公告,https://www.ccgp.gov.cn/cggg/zygg/zbgg/./202609/t20260904_27270281.htm,,,,,2026年09月04日 17:06,,,,,86.68
青岛市,青岛市黄岛区珠江路667号荣德海岸壹号17层,联系人：孙健、朱元泽、朱威、怀硕  联系方式：0532-67761771,山东和信瑞华项目管理有限公司,,"HXSDZB2026-009---双天线GNSS海面测高系统.pdf,9.pdf,扫描版.pdf","[{""attach_name"": ""HXSDZB2026-009---双天线GNSS海面测高系统.pdf"", ""attach_url"": ""https://download.ccgp.gov.cn/oss/download?uuid=018FF8A0A1D24AFF6D0ACDDA0AF40D""}, {""attach_name"": ""9.pdf"", ""attach_url"": ""https://download.ccgp.gov.cn/oss/download?uuid=52D8BC906D748C09DF359852215B67""}, {""attach_name"": ""扫描版.pdf"", ""attach_url"": ""https://download.ccgp.gov.cn/oss/download?uuid=FD70DB17ECDBEA13BE5B5886061B27""}]",,,山东省青岛市黄岛区长江西路66号,联系人：汤老师 联系方式：0532-86983188,中国石油大学（华东）,,,,2026-09-09 15:22:16,赵有星，吴鹏，于磊，赵夕旦，贺凯飞,中国石油大学（华东）双天线GNSS海面测高系统采购项目中标公告,中标公告,https://www.ccgp.gov.cn/cggg/zygg/zbgg/./202609/t20260904_27270282.htm,,,,,2026年09月04日 17:06,,,,,74.2
广州市,广州市越秀区东风中路515号东照大厦5楼,梁慧姗、陈晓静；020-66341728、020-66341735,广东省机电设备招标中心有限公司,,,,,,020-81322279,颜先生,中国人民银行广东省分行,,,,2026-09-09 15:22:16,袁灼清、彭荣、吴杰康、凃霞、何铭强（招标人代表）,中国人民银行广东省分行省级数据中心机房配电柜更新项目中标公告,中标公告,https://www.ccgp.gov.cn/cggg/zygg/zbgg/./202609/t20260904_27270179.htm,,,,,2026年09月04日 17:03,,,,,29.5622
蒸湘区,衡阳市衡州大道西段衡阳市公共资源交易中心15楼1502室,黄鑫、0734-8846522,衡阳市政府集中采购中心,,"报价明细.xls,开标一览表.png,招标文件--衡阳市消防救援支队茶山坳消防站全套设备采购项目包2重新立项.pdf","[{""attach_name"": ""报价明细.xls"", ""attach_url"": ""https://download.ccgp.gov.cn/oss/download?uuid=CBC6818B061E48B4E33CABC87D807B""}, {""attach_name"": ""开标一览表.png"", ""attach_url"": ""https://download.ccgp.gov.cn/oss/download?uuid=34DD7D039F53C46D180AC89789DBC6""}, {""attach_name"": ""招标文件--衡阳市消防救援支队茶山坳消防站全套设备采购项目包2重新立项.pdf"", ""attach_url"": ""https://download.ccgp.gov.cn/oss/download?uuid=627FF568E34389E09B8E84320E3457""}]",,,衡阳市蒸湘区芙蓉路17号,张强 13575288895,衡阳市消防救援支队,,,,2026-09-09 15:22:16,刘蓓、谢扩华、徐德心、卜利英、孙云,茶山坳消防站全套设备采购项目包2重新立项中标（成交）公告,中标公告,https://www.ccgp.gov.cn/cggg/zygg/zbgg/./202609/t20260904_27270892.htm,,,,,2026年09月04日 17:01,,,,,82.224
北京市,北京市海淀区文慧园北路10号,陈杏媛、施歌、陆炜、杨硕、谢杰、蒋旭、韩寿国、陈清010-59893127、010-59893121、010-59893126,北京中教仪国际招标代理有限公司,,"0873-2026HW2L0201招标文件-成像规划与处理算法硬件验证设备接口板处理板核心集成电路及其组件（第二次）-发售版.pdf,西安中讯达科技有限公司-本国产品声明函.pdf,西安中讯达科技有限公司-主要投标标的情况表.pdf","[{""attach_name"": ""0873-2026HW2L0201招标文件-成像规划与处理算法硬件验证设备接口板处理板核心集成电路及其组件（第二次）-发售版.pdf"", ""attach_url"": ""https://download.ccgp.gov.cn/oss/download?uuid=1B1E5F7C30B477DDF6E618613268B4""}, {""attach_name"": ""西安中讯达科技有限公司-本国产品声明函.pdf"", ""attach_url"": ""https://download.ccgp.gov.cn/oss/download?uuid=813F2CC11D3B5EB77B1AD3F51CBA96""}, {""attach_name"": ""西安中讯达科技有限公司-主要投标标的情况表.pdf"", ""attach_url"": ""https://download.ccgp.gov.cn/oss/download?uuid=D9DEA23E9B04FC60C8C7571116A19E""}]",,,北京市海淀区中关村南大街5号,陈老师010-68912384,北京理工大学,,,,2026-09-09 15:22:16,吉国凡、秦岚、王加加、孙月琴、张玺（采购人代表）,北京理工大学成像规划与处理算法硬件验证设备接口板处理板核心集成电路及其组件采购中标公告,中标公告,https://www.ccgp.gov.cn/cggg/zygg/zbgg/./202609/t20260904_27269966.htm,,,,,2026年09月04日 16:53,,,,,247.0113
广东省,广州市天河北路626号保利中宇广场A座25楼,汪丽莎，020-83629157,广东有德招标采购有限公司,,中小企业声明函-北京湘信科技有限公司.pdf,"[{""attach_name"": ""中小企业声明函-北京湘信科技有限公司.pdf"", ""attach_url"": ""https://download.ccgp.gov.cn/oss/download?uuid=8E812D067713466618020261484FAB""}]",,,广州市新港西路135号,罗老师， 020-84111301,中山大学,,,,2026-09-09 15:22:16,翟伟（组长）、林锐标、张潮、刘定心、肖凡（用户代表）,中山大学地球科学与工程学院岩石综合物性参数测量系统采购项目中标公告,中标公告,https://www.ccgp.gov.cn/cggg/zygg/zbgg/./202609/t20260904_27269924.htm,,,,,2026年09月04日 16:50,,,,,101.58
白山市,白山市浑江区江北街道翠柏路15号政务大厅五楼（522室）,李环宇 0439-3243977,白山市公共资源交易中心（白山市政府采购中心）,,,,,,白山市浑江区,徐仕颖  0439-3560818,白山市消防救援支队,,,,2026-09-09 15:22:16,徐学利，胡金雯，张清，邹炬红，张秀红,白山市消防救援支队浑江区大队营房主体屋面防水及体育馆整体改造工程中标公告,中标公告,https://www.ccgp.gov.cn/cggg/zygg/zbgg/./202609/t20260904_27269831.htm,,,,,2026年09月04日 16:49,,,,,63.880864
铁岭市,辽宁省沈阳市和平区和平南大街2号东宇大厦18层,王欣、吉涵、赵婧涵、田梓含 024-89128867,中工国际招标有限公司,,【终稿】810公开招标-铁岭市特困群体家庭房屋消防安全提升项目(4).pdf,"[{""attach_name"": ""【终稿】810公开招标-铁岭市特困群体家庭房屋消防安全提升项目(4).pdf"", ""attach_url"": ""https://download.ccgp.gov.cn/oss/download?uuid=5AA7BA0A8DF7C505B5CFB3EF0C1059""}]",,,铁岭市银州区北市路119号,王老师,铁岭市消防救援支队,,,,2026-09-09 15:22:16,杨学斌、乔冬喜、张海晶、杨政伟、王博（采购人代表）,铁岭市消防救援支队铁岭市特困群体家庭房屋消防安全提升项目中标公告,中标公告,https://www.ccgp.gov.cn/cggg/zygg/zbgg/./202609/t20260904_27269828.htm,,,,,2026年09月04日 16:48,,,,,107.0608
南京市,南京市鼓楼区清江南路18号鼓楼创新广场D栋9楼902室,张蓉、王希稳 025-85360235、17705161691,江苏省设备成套股份有限公司,,东南大学校园自动贩卖机运营服务采购项目【发布稿】.pdf,"[{""attach_name"": ""东南大学校园自动贩卖机运营服务采购项目【发布稿】.pdf"", ""attach_url"": ""https://download.ccgp.gov.cn/oss/download?uuid=76129444F1E3D1E00FE2A4001A53CC""}]",,,南京市四牌楼2号,陈老师 025-83794370 。,东南大学,,,,2026-09-09 15:22:16,吴凌尧（采购人代表）、黄利华、吕桂琴、杨春、潘强,东南大学校园自动贩卖机运营服务采购项目中标公告,中标公告,https://www.ccgp.gov.cn/cggg/zygg/zbgg/./202609/t20260904_27269769.htm,,,,,2026年09月04日 16:47,,,,,0.0
江苏省,南京市鼓楼区郑和中路118号D座16楼1610室,黄 沛、张成玉、杨 涛 025-83249912、13601468104,江苏省招标中心有限公司,,正式版--东南大学附属中大医院彩色超声诊断仪招标文件.pdf,"[{""attach_name"": ""正式版--东南大学附属中大医院彩色超声诊断仪招标文件.pdf"", ""attach_url"": ""https://download.ccgp.gov.cn/oss/download?uuid=D9030EF877DB57059815BC6DB9194C""}]",,,南京市鼓楼区丁家桥87号,李 政 025-83261737,东南大学,,,,2026-09-09 15:22:16,潘岳荣、虞小玲、唐道军、虞鹤鸣、贾瑞喆（采购人代表）,东南大学附属中大医院彩色超声诊断仪中标公告,中标公告,https://www.ccgp.gov.cn/cggg/zygg/zbgg/./202609/t20260904_27269672.htm,,,,,2026年09月04日 16:43,,,,,165.0
浙江省,杭州市凤起路334号同方财富大厦14层,杨慧0571-85860557,浙江省国际技术设备招标有限公司,,"（0625-26216847）【紫金港校区图C多功能交流中心厨房设备采购项目】-公开招标文件（发布稿）.pdf,附件：报价明细表.pdf,附件：中小企业声明函.pdf,附件：关于符合本国产品标准的声明函.pdf","[{""attach_name"": ""（0625-26216847）【紫金港校区图C多功能交流中心厨房设备采购项目】-公开招标文件（发布稿）.pdf"", ""attach_url"": ""https://download.ccgp.gov.cn/oss/download?uuid=2401DDA26ED53D2F4A1482F5D1416F""}, {""attach_name"": ""附件：报价明细表.pdf"", ""attach_url"": ""https://download.ccgp.gov.cn/oss/download?uuid=702D96978D9D83C8D84D799775B8CA""}, {""attach_name"": ""附件：中小企业声明函.pdf"", ""attach_url"": ""https://download.ccgp.gov.cn/oss/download?uuid=5083BCFEDB0F73684FDCE17B98CBFA""}, {""attach_name"": ""附件：关于符合本国产品标准的声明函.pdf"", ""attach_url"": ""https://download.ccgp.gov.cn/oss/download?uuid=FBD350B2D33E7B74822DD91F28C7C6""}]",,,杭州市西湖区余杭塘路866号,金老师0571-88206558 采购部门邮箱：cgzx1@zju.edu.cn,浙江大学,,,,2026-09-09 15:22:16,"黄建辉、姜玲丹、黄俊臣、兰云生、李奉平
备注：评审专家从浙江省政府采购专家库中抽取。",紫金港校区图C多功能交流中心厨房设备采购项目（0625-26216847）中标结果公告,中标公告,https://www.ccgp.gov.cn/cggg/zygg/zbgg/./202609/t20260904_27269629.htm,,,,,2026年09月04日 16:41,,,,,147.9922
浙江省,杭州市西湖区玉古路173号中田大厦21楼,陈宵、刘冰冰、姜海军，0571-87666119,浙江求是招标代理有限公司,,"9.3.AM QSZBA260204ZHGK 浙江大学 两百通道强力稀释制冷机 [定稿].docx,中小企业声明函.pdf,关于符合本国产品标准的声明函(1).pdf","[{""attach_name"": ""9.3.AM QSZBA260204ZHGK 浙江大学 两百通道强力稀释制冷机 [定稿].docx"", ""attach_url"": ""https://download.ccgp.gov.cn/oss/download?uuid=FB094887C1C8FB843602D3790AA766""}, {""attach_name"": ""中小企业声明函.pdf"", ""attach_url"": ""https://download.ccgp.gov.cn/oss/download?uuid=24C1595224D1F1924B2370F4B081B2""}, {""attach_name"": ""关于符合本国产品标准的声明函(1).pdf"", ""attach_url"": ""https://download.ccgp.gov.cn/oss/download?uuid=88815EC5CAC1D1EAA64CBAF24630A6""}]",,,杭州市西湖区余杭塘路866号,王老师，0571-88273467，采购部门邮箱：cgzx1@zju.edu.cn,浙江大学,,,,2026-09-09 15:22:16,"金立、王宝华、沈俊、张麟、郭秋江（采购人代表）
备注：评审专家从浙江省政府采购专家库中抽取。",浙江大学两百通道强力稀释制冷机中标公告,中标公告,https://www.ccgp.gov.cn/cggg/zygg/zbgg/./202609/t20260904_27269636.htm,,,,,2026年09月04日 16:41,,,,,779.8
黄岛区,山东省青岛市黄岛区辛屯路37号海月星湾商墅16栋108户,吴泓霏 15621141418,山东中孚项目管理有限公司,,中国石油大学（华东）微区电化学测试系统采购项目-招标文件.pdf,"[{""attach_name"": ""中国石油大学（华东）微区电化学测试系统采购项目-招标文件.pdf"", ""attach_url"": ""https://download.ccgp.gov.cn/oss/download?uuid=3520C7BDDB56A3885AACB5AA2C076B""}]",,,山东省青岛市黄岛区长江西路66号,汤老师 0532-86983188,中国石油大学（华东）,,,,2026-09-09 15:22:16,刘永波、齐建明、高小童、王宗花、刘建国,中国石油大学（华东）微区电化学测试系统采购项目中标公告,中标公告,https://www.ccgp.gov.cn/cggg/zygg/zbgg/./202609/t20260904_27269634.htm,,,,,2026年09月04日 16:40,,,,,82.671589
杭州市,浙江省杭州市西湖区文三路90号1号楼3楼,谢凯枫、谭策 联系电话：0571-89731841、0571-81061837 传真：0571-81061837 质疑联系人：王麟；电话：0571-81061839,浙江国际招投标有限公司,,ZJ-2661912-12G  常规透射电镜招标文件0813发布稿.docx,"[{""attach_name"": ""ZJ-2661912-12G  常规透射电镜招标文件0813发布稿.docx"", ""attach_url"": ""https://download.ccgp.gov.cn/oss/download?uuid=C5B25E31945408A188E1FF20CD2CCE""}]",,,杭州市西湖区余杭塘路866号,蒋老师 联系电话：0571-88206558 采购部门邮箱：cgzx1@zju.edu.cn,浙江大学,,,,2026-09-09 15:22:16,"骆倩、崔丽丽、汪开江、倪佳丰、楼东波、凌道盛（采购人代表）、李俊超（采购人代表）
备注：评审专家从浙江省政府采购专家库中抽取",浙江大学常规透射电镜中标公告,中标公告,https://www.ccgp.gov.cn/cggg/zygg/zbgg/./202609/t20260904_27269631.htm,,,,,2026年09月04日 16:40,,,,,2899.35
北京市,北京市海淀区阜成路58号新洲商务大厦302室,孙源滨、魏菲、李蕊、马春娟、曹泽鹏、赵中阳、刘震、李红梅、李莉010-88956517-812,中盛隆国际招标（北京）有限公司,,"关于符合本国产品标准的声明函.pdf,（发布版）中国石油大学（北京）油气田防爆防水防尘多功能机器人综合实验系统.pdf,分项报价表.pdf","[{""attach_name"": ""关于符合本国产品标准的声明函.pdf"", ""attach_url"": ""https://download.ccgp.gov.cn/oss/download?uuid=0BCB000F4BF3E98CE7EB88FB319540""}, {""attach_name"": ""（发布版）中国石油大学（北京）油气田防爆防水防尘多功能机器人综合实验系统.pdf"", ""attach_url"": ""https://download.ccgp.gov.cn/oss/download?uuid=0CD36E3DFFBAE77F2897C78A6CC32B""}, {""attach_name"": ""分项报价表.pdf"", ""attach_url"": ""https://download.ccgp.gov.cn/oss/download?uuid=2BB9FC17C48501DB302E9D61D1F6D5""}]",,,北京市昌平区府学路18号,沈老师 010-89739971,中国石油大学（北京）,,,,2026-09-09 15:22:17,金祎、巩淑英、周惠、姚学军、顾继俊,中国石油大学（北京）油气田防爆防水防尘多功能机器人综合实验系统中标公告,中标公告,https://www.ccgp.gov.cn/cggg/zygg/zbgg/./202609/t20260904_27269638.htm,,,,,2026年09月04日 16:40,,,,,197.0
北京市,北京市西城区广安门外大街248号机械大厦1401室,李美琪、贾小文 010-83509321,北京国裕招标有限公司,,,,,,北京市西城区广安门外大街305号荣丰2008小区八区a2楼,陈超 010-58336029,中国西藏信息中心,,,,2026-09-09 15:22:17,李和平、黄梅、张莉、王帅、刘晓波,中国西藏信息中心人工智能增强检索系统建设运维服务中标公告,中标公告,https://www.ccgp.gov.cn/cggg/zygg/zbgg/./202609/t20260904_27269505.htm,,,,,2026年09月04日 16:38,,,,,33.0
广东省,广东省广州市越秀区越华路112号珠江国际大厦3楼,020-83187181,广东省政府采购中心,,"本国产品证明材料.zip,合同包3：中小企业或残疾人福利单位声明函（南京雷沃特种车辆有限公司）.pdf","[{""attach_name"": ""本国产品证明材料.zip"", ""attach_url"": ""https://download.ccgp.gov.cn/oss/download?uuid=FD6E0B73097D0B71F845C566059ED7""}, {""attach_name"": ""合同包3：中小企业或残疾人福利单位声明函（南京雷沃特种车辆有限公司）.pdf"", ""attach_url"": ""https://download.ccgp.gov.cn/oss/download?uuid=9398FCCA59E1AB5D57915E26C90520""}]",,,广东省广州市天河区瘦狗岭路483号,020-87119058,广东省消防救援总队,,,,2026-09-09 15:22:17,董耕野、傅海涛、郑辉坚、刘伟、何冰强、王囤、杨庆苏,广东省消防救援总队2025年扶持苏区老区消防车采购项目中标结果公告,中标公告,https://www.ccgp.gov.cn/cggg/zygg/zbgg/./202609/t20260904_27269500.htm,,,,,2026年09月04日 16:37,,,,,4265.5
北京市,详见公告正文,详见公告正文,详见公告正文,,,,,,北京市海淀区羊坊店西路5号,010-61986912、61986917,国家税务总局,,,,2026-09-09 15:22:17,刘京亭、李治恩、高长新、曾献平、治洪、崔红玉、朱晗,国家税务总局2025-2027年税务制服面料和标志采购项目（第2次）包件号7（10-2子包）、11（14-2子包）中标结果公告,中标公告,https://www.ccgp.gov.cn/cggg/zygg/zbgg/./202609/t20260904_27269654.htm,,,,,2026年09月04日 16:36,,,,,0.026656
北京市,北京市朝阳区东三环中路59号楼京城机电大厦1801室,010-87945198转618  15010022194,中信国际招标有限公司,,"中小企业声明函.pdf,【定稿】招标文件-故宫博物院2026-2029年食堂用柴油采购及其配套服务项目.pdf","[{""attach_name"": ""中小企业声明函.pdf"", ""attach_url"": ""https://download.ccgp.gov.cn/oss/download?uuid=2AD2B8515ECFE33C6D5F51C27F09AB""}, {""attach_name"": ""【定稿】招标文件-故宫博物院2026-2029年食堂用柴油采购及其配套服务项目.pdf"", ""attach_url"": ""https://download.ccgp.gov.cn/oss/download?uuid=9D25E9ED4B8A692DE9147E393654EC""}]",,,北京市东城区景山前街4号,张老师，010-85007056,故宫博物院,,,,2026-09-09 15:22:17,韩继国、刘顺涛、徐骁、陈惠卿、程杰,故宫博物院2026-2029年食堂用柴油采购及其配套服务项目中标公告,中标公告,https://www.ccgp.gov.cn/cggg/zygg/zbgg/./202609/t20260904_27269445.htm,,,,,2026年09月04日 16:35,,,,,0.0
北京市,北京市海淀区阜成路58号新洲商务大厦302室,李蕊、孙源滨、曹泽鹏、马春娟、魏菲、赵中阳、刘震、李红梅、李莉、010-88956517-214,中盛隆国际招标（北京）有限公司,,"（发售稿）招标文件5-北京科技大学超低温力学性能试验环境仓-S098.pdf,98关于符合本国产品标准的声明函.pdf,98分项报价表.pdf","[{""attach_name"": ""（发售稿）招标文件5-北京科技大学超低温力学性能试验环境仓-S098.pdf"", ""attach_url"": ""https://download.ccgp.gov.cn/oss/download?uuid=E56B50CCBDAC71DD84116929F549EB""}, {""attach_name"": ""98关于符合本国产品标准的声明函.pdf"", ""attach_url"": ""https://download.ccgp.gov.cn/oss/download?uuid=E0140F0E39C17E0FC42E4A1E8FE549""}, {""attach_name"": ""98分项报价表.pdf"", ""attach_url"": ""https://download.ccgp.gov.cn/oss/download?uuid=E680992967D8ACAF1A749812A89185""}]",,,北京市海淀区学院路30号,张老师，010-62332135,北京科技大学,,,,2026-09-09 15:22:17,张超、陈秀丽、绕励、张英娟、吕旭志,北京科技大学超低温力学性能试验环境仓中标公告,中标公告,https://www.ccgp.gov.cn/cggg/zygg/zbgg/./202609/t20260904_27269450.htm,,,,,2026年09月04日 16:34,,,,,55.0
北京市,北京市海淀区阜成路58号新洲商务大厦302室,李蕊、孙源滨、曹泽鹏、马春娟、魏菲、赵中阳、刘震、李红梅、李莉、010-88956517-214,中盛隆国际招标（北京）有限公司,,"99关于符合本国产品标准的声明函.pdf,99中小企业声明函.pdf,（发售版）招标文件5-北京科技大学金属小型熔炼和高温蠕变、低温冲击试验机采购项目-S099.pdf,99分项报价表.pdf","[{""attach_name"": ""99关于符合本国产品标准的声明函.pdf"", ""attach_url"": ""https://download.ccgp.gov.cn/oss/download?uuid=95AA02046FF5489A3208319925AAD4""}, {""attach_name"": ""99中小企业声明函.pdf"", ""attach_url"": ""https://download.ccgp.gov.cn/oss/download?uuid=B3D3A47820C6AD43F12505306B478B""}, {""attach_name"": ""（发售版）招标文件5-北京科技大学金属小型熔炼和高温蠕变、低温冲击试验机采购项目-S099.pdf"", ""attach_url"": ""https://download.ccgp.gov.cn/oss/download?uuid=DC5E14001B1AB9A3BC1903CDA3EF46""}, {""attach_name"": ""99分项报价表.pdf"", ""attach_url"": ""https://download.ccgp.gov.cn/oss/download?uuid=E227B4A8181BE547F6F87574E47E03""}]",,,北京市海淀区学院路30号,张老师，010-62332135,北京科技大学,,,,2026-09-09 15:22:17,张超、陈秀丽、绕励、张英娟、吕旭志,北京科技大学金属小型熔炼和高温蠕变、低温冲击试验机采购项目中标公告,中标公告,https://www.ccgp.gov.cn/cggg/zygg/zbgg/./202609/t20260904_27269452.htm,,,,,2026年09月04日 16:34,,,,,74.5
北京市,北京市海淀区阜成路58号新洲商务大厦302室,李蕊、孙源滨、曹泽鹏、马春娟、魏菲、赵中阳、刘震、李红梅、李莉、010-88956517-214,中盛隆国际招标（北京）有限公司,,"97分项报价表.pdf,97中小企业声明函.pdf,（发售版）招标文件5-北京科技大学低温静态和动态力学试验机S097.pdf","[{""attach_name"": ""97分项报价表.pdf"", ""attach_url"": ""https://download.ccgp.gov.cn/oss/download?uuid=95DCB9A4B3011ABD14931DA2038E1F""}, {""attach_name"": ""97中小企业声明函.pdf"", ""attach_url"": ""https://download.ccgp.gov.cn/oss/download?uuid=E121FDA5FD68158AC5E34185F57A85""}, {""attach_name"": ""（发售版）招标文件5-北京科技大学低温静态和动态力学试验机S097.pdf"", ""attach_url"": ""https://download.ccgp.gov.cn/oss/download?uuid=6637F9666C4E83E525F80BC84B0077""}]",,,北京市海淀区学院路30号,张老师，010-62332135,北京科技大学,,,,2026-09-09 15:22:17,张超、陈秀丽、绕励、张英娟、吕旭志,北京科技大学低温静态和动态力学试验机中标公告,中标公告,https://www.ccgp.gov.cn/cggg/zygg/zbgg/./202609/t20260904_27269443.htm,,,,,2026年09月04日 16:34,,,,,62.2
北京市,北京市海淀区阜成路58号新洲商务大厦302室,李蕊、孙源滨、曹泽鹏、马春娟、魏菲、赵中阳、刘震、李红梅、李莉、010-88956517-214,中盛隆国际招标（北京）有限公司,,"96中小企业声明函.pdf,96分项报价表.pdf,(发售稿）招标文件5-北京科技大学高温疲劳试验机-招标文件s096.pdf","[{""attach_name"": ""96中小企业声明函.pdf"", ""attach_url"": ""https://download.ccgp.gov.cn/oss/download?uuid=4B3C00BACCCA69F37D822879334130""}, {""attach_name"": ""96分项报价表.pdf"", ""attach_url"": ""https://download.ccgp.gov.cn/oss/download?uuid=B8B3F25A08180971DEC411B54CC02D""}, {""attach_name"": ""(发售稿）招标文件5-北京科技大学高温疲劳试验机-招标文件s096.pdf"", ""attach_url"": ""https://download.ccgp.gov.cn/oss/download?uuid=D66BC7E2DF9221A00B3F927CF46E2D""}]",,,北京市海淀区学院路30号,张老师，010-62332135,北京科技大学,,,,2026-09-09 15:22:17,张超、陈秀丽、绕励、张英娟、吕旭志,北京科技大学高温疲劳试验机中标公告,中标公告,https://www.ccgp.gov.cn/cggg/zygg/zbgg/./202609/t20260904_27269438.htm,,,,,2026年09月04日 16:34,,,,,59.9
广州市,28866288、28866163,李女士（采购文件咨询）、何女士（质疑受理）,广州市政府采购中心,,"合同包1：中小企业或残疾人福利单位声明函（北京曼哈格生物科技有限公司）_.pdf,分项报价表.pdf,发布稿0814-广州海关技术中心2026年实验室试剂耗材采购项目（四次）.pdf","[{""attach_name"": ""合同包1：中小企业或残疾人福利单位声明函（北京曼哈格生物科技有限公司）_.pdf"", ""attach_url"": ""https://download.ccgp.gov.cn/oss/download?uuid=1B0C71C13CA1A776B6865E5B4B64DA""}, {""attach_name"": ""分项报价表.pdf"", ""attach_url"": ""https://download.ccgp.gov.cn/oss/download?uuid=8FE888F452EE2440E68EE323C3DE52""}, {""attach_name"": ""发布稿0814-广州海关技术中心2026年实验室试剂耗材采购项目（四次）.pdf"", ""attach_url"": ""https://download.ccgp.gov.cn/oss/download?uuid=BFB6E16DA67F0B2302B82EA1C9882D""}]",,,广州市天河区珠江新城花城大道66号,邓工、张工  020-38290552,广州海关技术中心,,,,2026-09-09 15:22:17,丁钿（采购人代表）、杨晓云、毛瑞、刘永平、陈旭升,广州海关技术中心2026年实验室试剂耗材采购项目(四次)（QCZ2026-0016）中标（成交）结果公告,中标公告,https://www.ccgp.gov.cn/cggg/zygg/zbgg/./202609/t20260904_27269386.htm,,,,,2026年09月04日 16:32,,,,,0.0
陕西省,西安市莲湖区环城西路南段元晟合中心6层,梁文龙 李雨 马演 蔡丹 029-88110800转8028,陕西正信招标有限公司,,【定稿8.12】260602国家税务总局陕西省税务局系统2026-2028年公务用车定点保险服务项目（安康、商洛、延安、榆林）.pdf,"[{""attach_name"": ""【定稿8.12】260602国家税务总局陕西省税务局系统2026-2028年公务用车定点保险服务项目（安康、商洛、延安、榆林）.pdf"", ""attach_url"": ""https://download.ccgp.gov.cn/oss/download?uuid=529BCE94DA26FA07545FA0824CB656""}]",,,陕西省西安市二环南路西段39号,苗老师 029-87695195,国家税务总局陕西省税务局,,,,2026-09-09 15:22:17,葛连迎、梁松茂、闵绥艳、张先锋、黄丽娟、支育辉、张兆永（采购人代表）,国家税务总局陕西省税务局系统2026-2028年公务用车定点保险服务项目（安康、商洛、延安、榆林）中标公告,中标公告,https://www.ccgp.gov.cn/cggg/zygg/zbgg/./202609/t20260904_27269267.htm,,,,,2026年09月04日 16:28,,,,,0.5
市辖区,宁波市鄞州区东柳街道福康大厦裙楼2楼,袁舒、赵琦、杨静雯、曹龙苗/0574-89079336,浙江宁越工程管理咨询有限公司,,,,,,宁波市海曙区气象路118号,励老师/0574-89185764,宁波市气象局,,,,2026-09-09 15:22:17,/,宁波市气象局宁波市人工影响天气水资源保障工程-天工云支撑数据支撑平台扩展（天擎、实况）项目成交结果公告,中标公告,https://www.ccgp.gov.cn/cggg/zygg/zbgg/./202609/t20260904_27269190.htm,,,,,2026年09月04日 16:24,,,,,98.3
北京市,北京市丰台区广安路9号国投财富广场6号楼1601室,崔丽洁、赵娜、刘金秀、金珊010-63509799-8038/8078,华采招标集团有限公司,,"0896中标公告.docx,ZB896洁净室超净系统  招标文件 发售版.pdf","[{""attach_name"": ""0896中标公告.docx"", ""attach_url"": ""https://download.ccgp.gov.cn/oss/download?uuid=1495E65E0DEF35D0983A58FE7EFDFB""}, {""attach_name"": ""ZB896洁净室超净系统  招标文件 发售版.pdf"", ""attach_url"": ""https://download.ccgp.gov.cn/oss/download?uuid=51097E3D280B2D0B566AFD785C70EA""}]",,,北京市海淀区颐和园路5号,吴老师62758587,北京大学,,,,2026-09-09 15:22:17,党建伟、王莉丽、孟青、陈世东、朱文萍,洁净室超净系统中标公告,中标公告,https://www.ccgp.gov.cn/cggg/zygg/zbgg/./202609/t20260904_27269136.htm,,,,,2026年09月04日 16:22,,,,,118.6328
苏州市,苏州市干将西路1296号深业姑苏中心17层,李晶晶、陈璐佳0512-69165615,苏州市卫康招投标咨询服务有限公司,,"分包意向协议和中小企业声明函.pdf,JS2026-DLGK-C0217-B00苏州市税务局12366纳税咨询服务（苏州市税务局）招标文件.doc","[{""attach_name"": ""分包意向协议和中小企业声明函.pdf"", ""attach_url"": ""https://download.ccgp.gov.cn/oss/download?uuid=D51D9A3C42ACC3515DC564798DF34D""}, {""attach_name"": ""JS2026-DLGK-C0217-B00苏州市税务局12366纳税咨询服务（苏州市税务局）招标文件.doc"", ""attach_url"": ""https://download.ccgp.gov.cn/oss/download?uuid=F4056E03EA2DA8A8C035E757E37AD1""}]",,,苏州市姑苏区干将西路535号,袁老师（商务）、任老师（技术）0512-68358426、 0512-69829546,国家税务总局苏州市税务局,,,,2026-09-09 15:22:17,陈昌琴、毛林芳、蒋招林、周素芹、任思桦（采购人代表）,国家税务总局苏州市税务局2026-2027年12366纳税咨询服务中标公告,中标公告,https://www.ccgp.gov.cn/cggg/zygg/zbgg/./202609/t20260904_27269078.htm,,,,,2026年09月04日 16:21,,,,,727.5
南京市,南京市鼓楼区清江南路18号鼓楼创新广场D栋9楼902室,张蓉、王希稳 025-85360235、17705161691,江苏省设备成套股份有限公司,,东南大学生命科学与技术学院膜片钳记录仪采购项目（发布稿）.pdf,"[{""attach_name"": ""东南大学生命科学与技术学院膜片钳记录仪采购项目（发布稿）.pdf"", ""attach_url"": ""https://download.ccgp.gov.cn/oss/download?uuid=3F8E211FFCD903E97997742A156320""}]",,,南京市四牌楼2号,生命科学与技术学院 李老师17762492214；  实验室与设备管理处：大型装备平台科 025-52091041。,东南大学,,,,2026-09-09 15:22:17,李雷（采购人代表）、李开宇、魏爱泓、李萍、李时伟,东南大学生命科学与技术学院膜片钳记录仪采购项目中标公告,中标公告,https://www.ccgp.gov.cn/cggg/zygg/zbgg/./202609/t20260904_27268854.htm,,,,,2026年09月04日 16:11,,,,,139.0
北京市,北京市丰台区西营街1号院通用时代中心C座9层,侯雅雯、孙薇010－81168618,中技国际招标有限公司,,"1-中标公告.docx,北京大学人民医院超声一体化建设改造项目发售稿.pdf","[{""attach_name"": ""1-中标公告.docx"", ""attach_url"": ""https://download.ccgp.gov.cn/oss/download?uuid=5F0695CDFFA9E3A10E40A79F2E3F8D""}, {""attach_name"": ""北京大学人民医院超声一体化建设改造项目发售稿.pdf"", ""attach_url"": ""https://download.ccgp.gov.cn/oss/download?uuid=CA6C05213B887535F5CA5E3741FC26""}]",,,北京市西城区西直门南大街11号,鞠老师010-88317043,北京大学人民医院,,,,2026-09-09 15:22:18,高雅、王妍、董红芳、阳美兰、陈征,北京大学人民医院超声一体化建设改造项目中标公告,中标公告,https://www.ccgp.gov.cn/cggg/zygg/zbgg/./202609/t20260904_27268864.htm,,,,,2026年09月04日 16:11,,,,,91.2
北京市,北京市丰台区西营街1号院通用时代中心C座9层,侯雅雯、孙薇010－81168618,中技国际招标有限公司,,"1-中标公告.docx,北京大学人民医院术前管理中心系统建设项目（发售稿）.pdf","[{""attach_name"": ""1-中标公告.docx"", ""attach_url"": ""https://download.ccgp.gov.cn/oss/download?uuid=2915D947563C032610A604491F1CF2""}, {""attach_name"": ""北京大学人民医院术前管理中心系统建设项目（发售稿）.pdf"", ""attach_url"": ""https://download.ccgp.gov.cn/oss/download?uuid=2DFF7E46FFDB808FB03841E2453F38""}]",,,北京市西城区西直门南大街11号,鞠老师010-88317043,北京大学人民医院,,,,2026-09-09 15:22:18,高雅、王妍、董红芳、阳美兰、黄丽巧,北京大学人民医院术前管理中心系统建设项目中标公告,中标公告,https://www.ccgp.gov.cn/cggg/zygg/zbgg/./202609/t20260904_27268858.htm,,,,,2026年09月04日 16:11,,,,,94.0
北京市,北京市海淀区学院南路62号中关村资本大厦6层&9层,刘子清、冯佳义、李艳君、崔健、侯云燕 010-62108131、62108146、62108111,中招国际招标有限公司,,"关于符合本国产品标准的声明函.pdf,招标文件 (PDF).zip,主要标的信息.pdf","[{""attach_name"": ""关于符合本国产品标准的声明函.pdf"", ""attach_url"": ""https://download.ccgp.gov.cn/oss/download?uuid=B42F491761B661F57D787CAF595DB4""}, {""attach_name"": ""招标文件 (PDF).zip"", ""attach_url"": ""https://download.ccgp.gov.cn/oss/download?uuid=A2BAED501A399D85D3CF812D01CD5B""}, {""attach_name"": ""主要标的信息.pdf"", ""attach_url"": ""https://download.ccgp.gov.cn/oss/download?uuid=92A063310520C71FD75698CD022F97""}]",,,北京市东城区天坛西里1号,010-67022138、63016908,中国医学科学院医药生物技术研究所,,,,2026-09-09 15:22:18,蔡玉琴、潘世芬、董辉、赵昕、刘荣梅、武临专、贺海燕,中国医学科学院医药生物技术研究所2026年改善科研条件专项项目（生物药创制的关键共性技术平台建设）中标公告,中标公告,https://www.ccgp.gov.cn/cggg/zygg/zbgg/./202609/t20260904_27268866.htm,,,,,2026年09月04日 16:10,,,,,2538.546
南京市,南京市鼓楼区清江南路18号鼓楼创新广场D栋9楼902室,张蓉、王希稳 025-85360235、17705161691,江苏省设备成套股份有限公司,,"中小企业声明函.pdf,东南大学生命科学与技术学院高密度电极记录分析仪采购项目（发布稿）.pdf,本国产品标准声明函.pdf","[{""attach_name"": ""中小企业声明函.pdf"", ""attach_url"": ""https://download.ccgp.gov.cn/oss/download?uuid=D5F23D815BE70A7C99C3F7186E2929""}, {""attach_name"": ""东南大学生命科学与技术学院高密度电极记录分析仪采购项目（发布稿）.pdf"", ""attach_url"": ""https://download.ccgp.gov.cn/oss/download?uuid=E2CFFFD608F1D9A4CE401FAE5A3F45""}, {""attach_name"": ""本国产品标准声明函.pdf"", ""attach_url"": ""https://download.ccgp.gov.cn/oss/download?uuid=C96E79A5EDE58F16325923561B7ABA""}]",,,南京市四牌楼2号,生命科学与技术学院：李老师17762492214；  实验室与设备管理处：大型装备平台科 025-52091041。,东南大学,,,,2026-09-09 15:22:18,李雷（采购人代表）、李开宇、魏爱泓、李萍、李时伟,东南大学生命科学与技术学院高密度电极记录分析仪采购项目中标公告,中标公告,https://www.ccgp.gov.cn/cggg/zygg/zbgg/./202609/t20260904_27268857.htm,,,,,2026年09月04日 16:10,,,,,115.0
北京市,北京市海淀区学院南路62号中关村资本大厦911A,刘慧敏、邓嘉莹、蒋雪娜、陈思佳、张涵睿010-61954143、62108043,中招国际招标有限公司,,"0804-招标文件发售稿-第2包-2026年集群打印支持服务项目.pdf,包2-中小企业声明函.pdf","[{""attach_name"": ""0804-招标文件发售稿-第2包-2026年集群打印支持服务项目.pdf"", ""attach_url"": ""https://download.ccgp.gov.cn/oss/download?uuid=D2F5C2E25A8752E029201785696658""}, {""attach_name"": ""包2-中小企业声明函.pdf"", ""attach_url"": ""https://download.ccgp.gov.cn/oss/download?uuid=93BC83BE9E6CBC6DCC41B8E3F18E39""}]",,,北京市昌平区朱辛庄中路国家知识产权局科学城办公区4#526,鲍老师 010-61073352,中国专利信息中心,,,,2026-09-09 15:22:18,张爱恭、申维俊、殷铭、张雪峰、李燕晨,中国专利信息中心2026年集群打印支持服务项目（包2）中标公告,中标公告,https://www.ccgp.gov.cn/cggg/zygg/zbgg/./202609/t20260904_27268626.htm,,,,,2026年09月04日 15:58,,,,,40.128
太原市,山西省太原市万柏林区迎泽西大街迎西佳园底商8号,郭利帅、任金云、李福顺，0351-8619166，0351-3184999,山西中鸿招标代理有限公司,,,,,,/,/,zycgr22011902,,,,2026-09-09 15:22:18,侯俊义、芦成世、李向伟、赵刚、杨盼盼（采购人代表）,zycgr22011902芳烃转化固定床、芳烃转化反应釜、超重力烷基化反应器采购项目中标公告,中标公告,https://www.ccgp.gov.cn/cggg/zygg/zbgg/./202609/t20260904_27268594.htm,,,,,2026年09月04日 15:57,,,,,27.68
沈阳市,沈阳市皇姑区昆山中路2号 万众商务大厦7楼 1-7-6,李晓宇13066531820,沈阳盛联招标咨询有限公司,,,,,,沈阳市大东区小河沿路3号,姜旭024—88299063,民航东北地区管理局民用航空医学中心,,,,2026-09-09 15:22:18,董雪、杨东丽、吴丽霞、苏显红、陈婉婷,民航东北地区管理局民用航空医学中心2026年度医用耗材招标采购(第四包：一次性耗材)中标公告,中标公告,https://www.ccgp.gov.cn/cggg/zygg/zbgg/./202609/t20260904_27268487.htm,,,,,2026年09月04日 15:51,,,,,16.0965
沈阳市,沈阳市皇姑区昆山中路2号 万众商务大厦7楼 1-7-6,李晓宇13066531820,沈阳盛联招标咨询有限公司,,,,,,沈阳市大东区小河沿路3号,姜旭024—88299063,民航东北地区管理局民用航空医学中心,,,,2026-09-09 15:22:18,董雪、杨东丽、吴丽霞、苏显红、陈婉婷,民航东北地区管理局民用航空医学中心2026年度医用耗材招标采购(第三包：尿毒品耗材)中标公告,中标公告,https://www.ccgp.gov.cn/cggg/zygg/zbgg/./202609/t20260904_27268479.htm,,,,,2026年09月04日 15:51,,,,,32.4295
沈阳市,沈阳市皇姑区昆山中路2号 万众商务大厦7楼 1-7-6,李晓宇13066531820,沈阳盛联招标咨询有限公司,,,,,,沈阳市大东区小河沿路3号,姜旭024—88299063,民航东北地区管理局民用航空医学中心,,,,2026-09-09 15:22:18,董雪、杨东丽、吴丽霞、苏显红、陈婉婷,民航东北地区管理局民用航空医学中心2026年度医用耗材招标采购(第二包：罗氏设备配套试剂耗材)中标公告,中标公告,https://www.ccgp.gov.cn/cggg/zygg/zbgg/./202609/t20260904_27268485.htm,,,,,2026年09月04日 15:51,,,,,14.6862
沈阳市,沈阳市皇姑区昆山中路2号 万众商务大厦7楼 1-7-6,李晓宇13066531820,沈阳盛联招标咨询有限公司,,,,,,沈阳市大东区小河沿路3号,姜旭024—88299063,民航东北地区管理局民用航空医学中心,,,,2026-09-09 15:22:18,董雪、杨东丽、吴丽霞、苏显红、陈婉婷,民航东北地区管理局民用航空医学中心2026年度医用耗材招标采购(第一包：迈瑞设备配套试剂耗材)中标公告,中标公告,https://www.ccgp.gov.cn/cggg/zygg/zbgg/./202609/t20260904_27268482.htm,,,,,2026年09月04日 15:50,,,,,31.8172
鹤壁市,河南省郑州市金水区文化路优胜南路国奥大厦22楼2209,曹记磊    0371-63976573，15903655125,鑫诚国际工程咨询有限公司,,"中小企业声明函.jpg,招标文件.pdf","[{""attach_name"": ""中小企业声明函.jpg"", ""attach_url"": ""https://download.ccgp.gov.cn/oss/download?uuid=93F23A340229EE6B547EA368100541""}, {""attach_name"": ""招标文件.pdf"", ""attach_url"": ""https://download.ccgp.gov.cn/oss/download?uuid=73A674D24BCF81BADA4766CEFCEC11""}]",,,河南省鹤壁市淇滨区长江路街道兴鹤大街392号,喻先生，陈先生    15837111796，15803922887,中华人民共和国鹤壁海关,,,,2026-09-09 15:22:18,何玲、陈伟、葛雁、白露、罗纯德,郑州海关消除安全隐患综合维修改造项目-鹤壁海关中标结果公告,中标公告,https://www.ccgp.gov.cn/cggg/zygg/zbgg/./202609/t20260904_27268353.htm,,,,,2026年09月04日 15:47,,,,,93.616939
西安市,西安市航天基地雁塔南路391号正衡金融广场A座18楼,姚立涛、吕浩岳、安维霞 02987515810,陕西正衡工程项目管理有限公司,,"投标报价函、开标一览表及分项报价表.pdf,定稿2026年购买慰问品项目招标文件 (1).pdf","[{""attach_name"": ""投标报价函、开标一览表及分项报价表.pdf"", ""attach_url"": ""https://download.ccgp.gov.cn/oss/download?uuid=7E2CB9F0CCAF6DCEBF74CBF8A3DB8F""}, {""attach_name"": ""定稿2026年购买慰问品项目招标文件 (1).pdf"", ""attach_url"": ""https://download.ccgp.gov.cn/oss/download?uuid=8FB73398C2DF029706F2EB2D1A7986""}]",,,西安市新城区西八路82号,高老师  029-82131048,西安铁路公安局西安公安处,,,,2026-09-09 15:22:18,袁原、黄蓓、高运华、韩喜娥、邹爱微（采购人代表）,2026年西安铁路公安局西安公安处为离退休人员重要节日购买慰问品项目中标公告,中标公告,https://www.ccgp.gov.cn/cggg/zygg/zbgg/./202609/t20260904_27268355.htm,,,,,2026年09月04日 15:46,,,,,87.5505
上海市,上海市普陀区曹杨路528弄35号（中世办公楼）,沈思骏、陈沁雯 021-52555817,上海中世建设咨询有限公司,,"本国产品声明函（包件三）.pdf,华东理工大学在线学习一体化配套项目-包3-文件.pdf,华东理工大学在线学习一体化配套项目-包1-文件.pdf,华东理工大学在线学习一体化配套项目-包2-文件.pdf","[{""attach_name"": ""本国产品声明函（包件三）.pdf"", ""attach_url"": ""https://download.ccgp.gov.cn/oss/download?uuid=7DF7B4CD36293AAC0E50A2605DABBA""}, {""attach_name"": ""华东理工大学在线学习一体化配套项目-包3-文件.pdf"", ""attach_url"": ""https://download.ccgp.gov.cn/oss/download?uuid=28342DEBB01C1CEDF91AB47656FA11""}, {""attach_name"": ""华东理工大学在线学习一体化配套项目-包1-文件.pdf"", ""attach_url"": ""https://download.ccgp.gov.cn/oss/download?uuid=FF604120D5B78A5284AD84FF0E7A52""}, {""attach_name"": ""华东理工大学在线学习一体化配套项目-包2-文件.pdf"", ""attach_url"": ""https://download.ccgp.gov.cn/oss/download?uuid=41097D1A35D42D5EE54920E3EEF027""}]",,,上海市梅陇路130号,王老师021-64252247,华东理工大学,,,,2026-09-09 15:22:18,钟建华、万镓源、刘珠惠、杨勇、沈斌,华东理工大学在线学习一体化配套项目中标公告,中标公告,https://www.ccgp.gov.cn/cggg/zygg/zbgg/./202609/t20260904_27268357.htm,,,,,2026年09月04日 15:46,,,,,236.3
北京市,北京市丰台区西营街1号院通用时代中心C座9层,徐亚希、张伯涵、赵祚铭、杨子铭、戴铁诚、孙薇010-81168701,中技国际招标有限公司,,"应急总医院食材采购项目—中标结果公告.pdf,第3包：蔬菜类等  应急总医院食材采购项目（发售稿）20260810.pdf,北京九原供应链管理有限公司-2包中小企业声明函.jpg,北京品味美食品有限公司-1包中小企业声明函.jpg,第1包：粮油类等  应急总医院食材采购项目（发售稿）20260810.pdf,第2包：肉类等  应急总医院食材采购项目（发售稿）20260810.pdf","[{""attach_name"": ""应急总医院食材采购项目—中标结果公告.pdf"", ""attach_url"": ""https://download.ccgp.gov.cn/oss/download?uuid=BFF826C6CB6B3FEA058DB8C3FEE631""}, {""attach_name"": ""第3包：蔬菜类等  应急总医院食材采购项目（发售稿）20260810.pdf"", ""attach_url"": ""https://download.ccgp.gov.cn/oss/download?uuid=E97171E37E0D1C07644C8D8DB2189E""}, {""attach_name"": ""北京九原供应链管理有限公司-2包中小企业声明函.jpg"", ""attach_url"": ""https://download.ccgp.gov.cn/oss/download?uuid=95AE8DF13FD447D1A3DF38B15C2457""}, {""attach_name"": ""北京品味美食品有限公司-1包中小企业声明函.jpg"", ""attach_url"": ""https://download.ccgp.gov.cn/oss/download?uuid=9CE20D6F52B0CD84F9652438DAD0F7""}, {""attach_name"": ""第1包：粮油类等  应急总医院食材采购项目（发售稿）20260810.pdf"", ""attach_url"": ""https://download.ccgp.gov.cn/oss/download?uuid=3E6300536D66059BAB4F196750FB4A""}, {""attach_name"": ""第2包：肉类等  应急总医院食材采购项目（发售稿）20260810.pdf"", ""attach_url"": ""https://download.ccgp.gov.cn/oss/download?uuid=6E6701DB532DE5DE222F2BF4B92FFB""}]",,,北京朝阳区西坝河南里29号,贺老师010-50866520,应急总医院,,,,2026-09-09 15:22:18,五、芦前凤、孙超、王凯、吴志平、孟涛疆,应急总医院食材采购项目—中标结果公告,中标公告,https://www.ccgp.gov.cn/cggg/zygg/zbgg/./202609/t20260904_27268329.htm,,,,,2026年09月04日 15:44,,,,,0.0
南京市,南京市建邺区楠溪江东街58号,朱晓琦（18021521325）、郑春雅、胡洋、徐敏,中通服咨询设计研究院有限公司,,中小企业声明函.pdf,"[{""attach_name"": ""中小企业声明函.pdf"", ""attach_url"": ""https://download.ccgp.gov.cn/oss/download?uuid=5DC7B627E95F332DE1E2749AC04542""}]",,,南京市玄武区龙蟠路 141 号,陈先生，025-85823468,上海铁路公安局南京公安处,,,,2026-09-09 15:22:18,张中云、郭冬青、石叶飞、吕正超、陈洛慧（招标人代表）,上海铁路公安局南京公安处南京南站派出所办公生活用房局部维修改造项目中标公告,中标公告,https://www.ccgp.gov.cn/cggg/zygg/zbgg/./202609/t20260904_27268293.htm,,,,,2026年09月04日 15:43,,,,,334.244576
济南市,山东省济南市历下区华润置地广场A5-6号楼27层招标一部,王硕、田晓苑15866348336、19510194558,海逸恒安项目管理有限公司,,"【8.13发布稿】山东大学原岩试验多场耦合箱体锻造加工.pdf,中小企业声明函.pdf","[{""attach_name"": ""【8.13发布稿】山东大学原岩试验多场耦合箱体锻造加工.pdf"", ""attach_url"": ""https://download.ccgp.gov.cn/oss/download?uuid=11B08338C21D96121A7BF7100E0892""}, {""attach_name"": ""中小企业声明函.pdf"", ""attach_url"": ""https://download.ccgp.gov.cn/oss/download?uuid=3A08A6B5CACB8283E850CD0DB1CCC6""}]",,,山东大学中心校区明德楼,0531-88365560,山东大学,,,,2026-09-09 15:22:19,杨玉杰、王永彬、杨帆、季喆、张冰（采购人代表）,山东大学原岩试验多场耦合箱体锻造加工中标公告,中标公告,https://www.ccgp.gov.cn/cggg/zygg/zbgg/./202609/t20260904_27268299.htm,,,,,2026年09月04日 15:43,,,,,463.5
泰和县,吉安市吉州区井冈山大道粤商大厦B 座1803,盛女士18664332404,江西新生代工程项目管理有限公司,,,,,,江西省吉安市泰和县工业园区119号,吴先生   15679677738,泰和县消防救援大队,,,,2026-09-09 15:22:19,刘文炬、宋小涛、阮昊,泰和县消防救援大队车辆保险采购项目中标公告,中标公告,https://www.ccgp.gov.cn/cggg/zygg/zbgg/./202609/t20260904_27268264.htm,,,,,2026年09月04日 15:41,,,,,28.33871
北京市,北京市海淀区学院南路62号中关村资本大厦,王佳月、刘洋、刘振宇、朱宏波、王巍、黄志勇；010-62108223、61954009,中招国际招标有限公司,,"招标文件.zip,中小企业声明函.zip","[{""attach_name"": ""招标文件.zip"", ""attach_url"": ""https://download.ccgp.gov.cn/oss/download?uuid=8CCB426FC056A8C9CDC266ECFEF66B""}, {""attach_name"": ""中小企业声明函.zip"", ""attach_url"": ""https://download.ccgp.gov.cn/oss/download?uuid=99BBBA313D814E8D0F0B0402548234""}]",,,北京市西城区月坛南街59号新华大厦,姚老师，010-68538380,国家公共信用和地理空间信息中心,,,,2026-09-09 15:22:19,杨慧平、秦勐、张学义、王艳、简映、沈宇超、杨耀东,国家公共信用和地理空间信息中心信用与地理信息系统运维项目（包7、包8）二次中标公告,中标公告,https://www.ccgp.gov.cn/cggg/zygg/zbgg/./202609/t20260904_27268239.htm,,,,,2026年09月04日 15:39,,,,,164.0
昆明市,云南省昆明市北京路900号颐高数码中心A座15楼,陈楚虹、何定建、杨永婧 0871-64875672、0871-64885092,昆明华辰招标代理有限公司,,"符合本国产品声明函.pdf,【定稿】昆明海关2026年监管查验技术装备设备采购项目（手持式物项识别仪）招标文件.pdf,中小企业声明函.pdf","[{""attach_name"": ""符合本国产品声明函.pdf"", ""attach_url"": ""https://download.ccgp.gov.cn/oss/download?uuid=A41CD10B37F5F951FFAFD247D6F9C5""}, {""attach_name"": ""【定稿】昆明海关2026年监管查验技术装备设备采购项目（手持式物项识别仪）招标文件.pdf"", ""attach_url"": ""https://download.ccgp.gov.cn/oss/download?uuid=A63B23808F4617B77E38E7BAF2590A""}, {""attach_name"": ""中小企业声明函.pdf"", ""attach_url"": ""https://download.ccgp.gov.cn/oss/download?uuid=A03CF50575D8C822E8B89594C8A8B3""}]",,,云南省昆明市北京路618号,杨老师0871-63016344,中华人民共和国昆明海关,,,,2026-09-09 15:22:19,刘希福（组长）、马艺菡、彭湘滇、李朝翠、赵熙（采购人代表）。,昆明海关2026年监管查验技术装备设备采购项目（手持式物项识别仪）中标公告,中标公告,https://www.ccgp.gov.cn/cggg/zygg/zbgg/./202609/t20260904_27268183.htm,,,,,2026年09月04日 15:37,,,,,82.8
武汉市,湖北省武汉市东湖新技术开发区高新大道666号国药大厦A20栋（中国医疗器械有限公司大楼）10楼中科器湖北有限公司,张宇、黄思格、马荫荫、刘洋、刘帆、陈文静、刘国奇、张剑晖（027）84888155，84888156转（867）,中科器湖北有限公司,,"本国产品.pdf,发售稿-HW20260373公开招标文件.pdf","[{""attach_name"": ""本国产品.pdf"", ""attach_url"": ""https://download.ccgp.gov.cn/oss/download?uuid=DB2CB9A6A2ECD0F0D53DF9765F7D78""}, {""attach_name"": ""发售稿-HW20260373公开招标文件.pdf"", ""attach_url"": ""https://download.ccgp.gov.cn/oss/download?uuid=F2812FC80D35364E2CAE43348100A7""}]",,,湖北省武汉市洪山区珞喻路1037号,李老师（027）87540659,华中科技大学,,,,2026-09-09 15:22:19,徐祖伟（采购人代表）、吴亚明、卢俊辉（组长）、孙斌、黎华,华中科技大学数字化设备采购项目中标公告,中标公告,https://www.ccgp.gov.cn/cggg/zygg/zbgg/./202609/t20260904_27268147.htm,,,,,2026年09月04日 15:34,,,,,130.2
北京市,北京市海淀区丹棱街1号互联网金融中心20层,迟兆洋、叶明、荀笑尘、芮虎峥 010-68290585/0589 hzrui@oitc.com.cn、xcxun@oitc.com.cn,东方国际招标有限责任公司,,_300kv扫描电镜【8.4发布稿】.doc,"[{""attach_name"": ""_300kv扫描电镜【8.4发布稿】.doc"", ""attach_url"": ""https://download.ccgp.gov.cn/oss/download?uuid=8F23D0D30999791830E09FFCA60B21""}]",,,北京市朝阳区北辰西路1号院3号,齐建勋老师 010-64806182/13691594671,中国科学院微生物研究所,,,,2026-09-09 15:22:19,曹亚萍（专家组长）、王加加、高连荣、温新婴、王东黎、黄荣清、齐建勋（用户代表）,中国科学院微生物研究所300kV冷冻透射电子显微镜采购项目中标公告,中标公告,https://www.ccgp.gov.cn/cggg/zygg/zbgg/./202609/t20260904_27268073.htm,,,,,2026年09月04日 15:31,,,,,4629.5
北京市,北京市海淀区丹棱街1号互联网金融中心20层,迟兆洋、叶明、荀笑尘、芮虎峥 010-68290585/0589 hzrui@oitc.com.cn、xcxun@oitc.com.cn,东方国际招标有限责任公司,,_离子束电子显微镜【8.4发布稿】.doc,"[{""attach_name"": ""_离子束电子显微镜【8.4发布稿】.doc"", ""attach_url"": ""https://download.ccgp.gov.cn/oss/download?uuid=73353DF4286F157C07F33E194F09D3""}]",,,北京市朝阳区北辰西路1号院3号,齐建勋老师 010-64806182,中国科学院微生物研究所,,,,2026-09-09 15:22:19,曹亚萍（专家组长）、王加加、高连荣、温新婴、王东黎、黄荣清、齐建勋（用户代表）,中国科学院微生物研究所冷冻聚焦离子束电子显微镜采购项目中标公告,中标公告,https://www.ccgp.gov.cn/cggg/zygg/zbgg/./202609/t20260904_27268072.htm,,,,,2026年09月04日 15:31,,,,,799.5
阜阳市,安徽省合肥市经济技术开发区翡翠路港澳广场A座17-20层,彭健、吴垚，0551-65860136-8647、19805655022,鼎信数智技术集团股份有限公司,,招标文件-阜阳国家高空气象观测站迁建业务系统建设及设备搬迁调试项目-发布稿.pdf,"[{""attach_name"": ""招标文件-阜阳国家高空气象观测站迁建业务系统建设及设备搬迁调试项目-发布稿.pdf"", ""attach_url"": ""https://download.ccgp.gov.cn/oss/download?uuid=E24E17F21217B483CD1FADA56718FE""}]",,,安徽省阜阳市颍州区人民西路106号,李主任，0558-2577101,阜阳市气象局,,,,2026-09-09 15:22:19,"魏永恒,童海峰,毛家来,吴文光,李慧春(采购人代表)",阜阳国家高空气象观测站迁建业务系统建设及设备搬迁调试项目中标结果公告,中标公告,https://www.ccgp.gov.cn/cggg/zygg/zbgg/./202609/t20260904_27267857.htm,,,,,2026年09月04日 15:19,,,,,367.9261
长宁区,上海市长宁区延安西路1319号15楼,徐静怡、陆圆圆 18321655018、18930526587,上海财瑞建设管理有限公司,,"中小企业声明函-上海加杰特种气体有限公司.pdf,招2026-1792-001_采购文件[1].pdf","[{""attach_name"": ""中小企业声明函-上海加杰特种气体有限公司.pdf"", ""attach_url"": ""https://download.ccgp.gov.cn/oss/download?uuid=343AFA888811FF802055B122C5907D""}, {""attach_name"": ""招2026-1792-001_采购文件[1].pdf"", ""attach_url"": ""https://download.ccgp.gov.cn/oss/download?uuid=7959263FA9ED8BFC68F9FED0B6FF79""}]",,,上海市徐汇区东安路270号,钱稳吉、刘雁冰 021-64175590,复旦大学附属肿瘤医院,,,,2026-09-09 15:22:19,"孙怀远,徐丽军,黄湘蕾,项丹红,赵东旭",复旦大学附属肿瘤医院徐汇院区医用特种气体供应服务项目中标公告,中标公告,https://www.ccgp.gov.cn/cggg/zygg/zbgg/./202609/t20260904_27267830.htm,,,,,2026年09月04日 15:17,,,,,132.0
长春市,吉林省长春市南关区人民大街9999号,罗忠凯0431-81866996,吉林省公共资源交易中心（吉林省政府采购中心）,,"中小企业声明函.pdf,中标结果公示PDF.pdf","[{""attach_name"": ""中小企业声明函.pdf"", ""attach_url"": ""https://download.ccgp.gov.cn/oss/download?uuid=6C94CF05F926AE8B7787E29B503F6E""}, {""attach_name"": ""中标结果公示PDF.pdf"", ""attach_url"": ""https://download.ccgp.gov.cn/oss/download?uuid=9D444CA33173B63D4749DB76D371C0""}]",,,吉林省长春市二道区自由大路6699号,陈岩18844073399,吉林省消防救援总队,,,,2026-09-09 15:22:19,"吴杰,于成龙,孙野,李诗伟,崔志刚",吉林省消防救援总队全媒体中心运维服务项目中标公告,中标公告,https://www.ccgp.gov.cn/cggg/zygg/zbgg/./202609/t20260904_27267808.htm,,,,,2026年09月04日 15:14,,,,,119.0
北京市,北京市海淀区中关村南大街9号理工科技大厦20层2003室,王颖杰、宁文秀 电话：010-88312806、88312807（退投标保证金及开具标书款发票）,中国仪器进出口集团有限公司,,机会性筛查数据治理、模型优化及筛查推广应用-发售（二次）.pdf,"[{""attach_name"": ""机会性筛查数据治理、模型优化及筛查推广应用-发售（二次）.pdf"", ""attach_url"": ""https://download.ccgp.gov.cn/oss/download?uuid=418CCAF64A20F5DC78A481A2438CB5""}]",,,北京市朝阳区潘家园街道南里17号,郎老师：010-87788727,国家癌症中心,,,,2026-09-09 15:22:19,张赛赛、许月珊、徐建华、王灵、任建松,国家癌症中心机会性筛查数据治理、模型优化及筛查推广应用采购项目中标公告,中标公告,https://www.ccgp.gov.cn/cggg/zygg/zbgg/./202609/t20260904_27267743.htm,,,,,2026年09月04日 15:11,,,,,741.0
市辖区,大连市甘井子区东北北路101号,邱宇明0411-65851242,大连市政府采购中心,,DLZFCG2026313大连市消防救援支队2026年度车辆维修配件供应定点服务采购项目招标文件20260730发出.docx,"[{""attach_name"": ""DLZFCG2026313大连市消防救援支队2026年度车辆维修配件供应定点服务采购项目招标文件20260730发出.docx"", ""attach_url"": ""https://download.ccgp.gov.cn/oss/download?uuid=63BA2B8F2BDDF71DC166E58EAEB90D""}]",,,大连市甘井子区东北北路50号,孙先生，0411-86779119,大连市消防救援支队,,,,2026-09-09 15:22:19,刘奕、杨华、朱国有、郭晓丹、邵东生,大连市消防救援支队2026年度车辆维修配件供应定点服务采购项目中标公告,中标公告,https://www.ccgp.gov.cn/cggg/zygg/zbgg/./202609/t20260904_27267731.htm,,,,,2026年09月04日 15:11,,,,,0.0
广州市,广州市天河区天润路6号三楼,黄碧燕、文锦荣、020-87180896、zbdl@gdtd.net,采招国际招标有限公司,,,,,,广州市天河区五山能源路2号,陈二雄、13560419702,中国科学院广州能源研究所,,,,2026-09-09 15:22:20,夏娟（组长）、邱丹、刘建文、付海金、杨丽嘉,中国科学院广州能源研究所冰源热泵系统升级改造服务中标公告,中标公告,https://www.ccgp.gov.cn/cggg/zygg/zbgg/./202609/t20260904_27267400.htm,,,,,2026年09月04日 14:49,,,,,44.632
湖北省,湖北省武汉市武昌区东湖西路特2号平安财富中心B座6-10楼,王婧怡、刘李鹏，19171557709,湖北省成套招标股份有限公司,,"中小企业声明函.pdf,公开招标文件 同济医院潜在捐献者转运项目.pdf","[{""attach_name"": ""中小企业声明函.pdf"", ""attach_url"": ""https://download.ccgp.gov.cn/oss/download?uuid=043A33D44776FA36EB0E904642C4C8""}, {""attach_name"": ""公开招标文件 同济医院潜在捐献者转运项目.pdf"", ""attach_url"": ""https://download.ccgp.gov.cn/oss/download?uuid=37E6BF5BCA1880400CB707C7D59E7B""}]",,,湖北省武汉市解放大道1095号,冉主任，027-83662896,华中科技大学同济医学院附属同济医院,,,,2026-09-09 15:22:20,许浪（组长）、明凤英、吕莉珍、陈爱萍、施辉波（采购人代表）,同济医院潜在捐献者转运服务项目中标公告,中标公告,https://www.ccgp.gov.cn/cggg/zygg/zbgg/./202609/t20260904_27267364.htm,,,,,2026年09月04日 14:45,,,,,120.24
西安市,西安市碑林区兴庆南路10号交大出版大厦19层采购办办公室,采购与招标管理办公室tender@xjtu.edu.cn，咨询QQ群：367046737;联系电话：029-82668649/029-82668195,西安交通大学,,,,,,西安市碑林区兴庆南路10号交大出版大厦19层采购办办公室,采购与招标管理办公室tender@xjtu.edu.cn，咨询QQ群：367046737;联系电话：029-82668649/029-82668195,西安交通大学,,,,2026-09-09 15:22:20,"赵韫哲,冯锦鹏,王俊平,梁鸿,李伟昭",西安交通大学兴庆校区家属区远传物联电表及管理平台采购中标公告,中标公告,https://www.ccgp.gov.cn/cggg/zygg/zbgg/./202609/t20260904_27267741.htm,,,,,2026年09月04日 14:40,,,,,252.7
北京市,详见公告正文,详见公告正文,详见公告正文,,,,,,北京市东城区金宝街61号鑫海锦江大酒店,"采购机构名称：海关总署物资装备采购中心
地址：北京市东城区金宝街61号鑫海锦江大酒店
邮政编码：100005
联系方式：
010-65194838（平台使用技术咨询）
010-65195929（业务咨询）
010-65195677（质疑受理）",海关总署物资装备采购中心,,,,2026-09-09 15:22:20,详见公告正文,昆明海关2026年河口海关检验检疫能力提升采购项目中标公告,中标公告,https://www.ccgp.gov.cn/cggg/zygg/zbgg/./202609/t20260904_27267354.htm,,,,,2026年09月04日 14:39,,,,,1050.0
北京市,北京市海淀区学院路35号世宁大厦807室,杨银龙、李建立、闫紫阳、路福红、张鹏飞、王宁,北京星舟工程管理有限公司,,"BUAAZB20260094北京航空航天大学档案馆电子档案智能存储管理应用平台建设项目终稿.pdf,北京航空航天大学档案馆电子档案智能存储管理应用平台建设项目中标结果公告.docx","[{""attach_name"": ""BUAAZB20260094北京航空航天大学档案馆电子档案智能存储管理应用平台建设项目终稿.pdf"", ""attach_url"": ""https://download.ccgp.gov.cn/oss/download?uuid=9EA3CB88CC038C23DFF5B0DFB0BBD4""}, {""attach_name"": ""北京航空航天大学档案馆电子档案智能存储管理应用平台建设项目中标结果公告.docx"", ""attach_url"": ""https://download.ccgp.gov.cn/oss/download?uuid=90BD72406A42B396027EBF9751E79C""}]",,,北京市海淀区学院路37号,毕老师、010-82338149；采购人业务监督联系人：庞老师，朱老师 联系方式：010-82314673，010-82314680,北京航空航天大学,,,,2026-09-09 15:22:20,赵明（组长）、李建英、栗明、谭卓英、宋志琼（采购人代表/副研究员）,北京航空航天大学档案馆电子档案智能存储管理应用平台建设项目中标结果公告,中标公告,https://www.ccgp.gov.cn/cggg/zygg/zbgg/./202609/t20260904_27267309.htm,,,,,2026年09月04日 14:38,,,,,149.61
长沙市,长沙市雨花区湘府东路二段199号招标大厦301,黄泽林、杨乐、唐靓、聂毅、王思、李正达   0731-82686656/84514218,湖南省招标有限责任公司,,,,,,长沙市芙蓉南路四段196号,汤先生   13687311019,湖南省气象局机关服务中心,,,,2026-09-09 15:22:20,殷川湘（组长）、陈洁、严瑞稀、谭文畅、范嘉智（业主评委）,湖南省气象局机关服务中心湖南省气象局东区院内基础设施建设项目中标公告,中标公告,https://www.ccgp.gov.cn/cggg/zygg/zbgg/./202609/t20260904_27267230.htm,,,,,2026年09月04日 14:31,,,,,443.922784
北京市,北京市海淀区学院南路62号中关村资本大厦6层611A室,马翔宇、丁建、秦璐璐、曲志鸣、郑碧云、王丽莉、林彧杰、师杉010-61954013、62108156、62108152,中招国际招标有限公司,,,,,,北京市西城区,/,SPD,,,,2026-09-09 15:22:20,王东红、张金山、王梅、任玉锁、刘金华,某单位办公用品及物资供应采购项目中标公告,中标公告,https://www.ccgp.gov.cn/cggg/zygg/zbgg/./202609/t20260904_27267215.htm,,,,,2026年09月04日 14:29,,,,,0.0
北京市,北京市海淀区丹棱街1号互联网金融中心20层,"任伟松 冀松阳 陈君烁,010-68290509/0549，syji@oitc.com.cn",东方国际招标有限责任公司,,"中小企业声明函.pdf,_发售稿—CCD真空杜瓦.docx","[{""attach_name"": ""中小企业声明函.pdf"", ""attach_url"": ""https://download.ccgp.gov.cn/oss/download?uuid=B6AF7AA2691B43AEDBC1277EB2C23A""}, {""attach_name"": ""_发售稿—CCD真空杜瓦.docx"", ""attach_url"": ""https://download.ccgp.gov.cn/oss/download?uuid=1A7073684CB4520B2BA665352F9152""}]",,,北京市朝阳区大屯路甲20号,"王老师,010-64806230",中国科学院国家天文台,,,,2026-09-09 15:22:20,崔国辉（组长）柴志刚 王吉有 钮文良 徐永祥 罗阿理（采购人代表） 李双（采购人代表）,中国科学院国家天文台大天区面积多目标光纤光谱天文望远镜仪器设备更新改造项目CCD真空杜瓦采购项目中标公告,中标公告,https://www.ccgp.gov.cn/cggg/zygg/zbgg/./202609/t20260904_27267183.htm,,,,,2026年09月04日 14:26,,,,,125.0
北京市,北京市海淀区丹棱街1号互联网金融中心20层,"任伟松 冀松阳 陈君烁,010-68290509/0549，syji@oitc.com.cn",东方国际招标有限责任公司,,"_发售稿—CCD电子学系统.docx,关于符合本国产品标准的声明函.pdf","[{""attach_name"": ""_发售稿—CCD电子学系统.docx"", ""attach_url"": ""https://download.ccgp.gov.cn/oss/download?uuid=07191D0FEDE032730518D356F86B42""}, {""attach_name"": ""关于符合本国产品标准的声明函.pdf"", ""attach_url"": ""https://download.ccgp.gov.cn/oss/download?uuid=C3F47112867482F7566F3052DEE7CB""}]",,,北京市朝阳区大屯路甲20号,"王老师,010-64806230",中国科学院国家天文台,,,,2026-09-09 15:22:20,崔国辉（组长）柴志刚 王吉有 钮文良 徐永祥 罗阿理（采购人代表）李双（采购人代表）,中国科学院国家天文台大天区面积多目标光纤光谱天文望远镜仪器设备更新改造项目CCD电子学系统采购项目中标公告,中标公告,https://www.ccgp.gov.cn/cggg/zygg/zbgg/./202609/t20260904_27267170.htm,,,,,2026年09月04日 14:25,,,,,140.0
上海市,上海市普陀区云岭东路235号上海跨采中心3号楼5层,刘翠红、章月华 021-52181959,江苏省华采招标有限公司,,"本国产品声明函-上海惠衡科技发展有限公司.pdf,【定稿】S2026072301--华东理工大学AI+语言实验室及多媒体教室改造--公开招标--280万元.pdf","[{""attach_name"": ""本国产品声明函-上海惠衡科技发展有限公司.pdf"", ""attach_url"": ""https://download.ccgp.gov.cn/oss/download?uuid=128E469EB4405D224F055A9A5CD6E7""}, {""attach_name"": ""【定稿】S2026072301--华东理工大学AI+语言实验室及多媒体教室改造--公开招标--280万元.pdf"", ""attach_url"": ""https://download.ccgp.gov.cn/oss/download?uuid=576F9761FB3A562301298D403A8A0F""}]",,,上海市徐汇区梅陇路130号,王老师  021-64252247,华东理工大学,,,,2026-09-09 15:22:20,季洪飞、魏国强、宋帅、刘文、熊祥军（采购人代表）,华东理工大学AI+语言实验室及多媒体教室改造中标公告,中标公告,https://www.ccgp.gov.cn/cggg/zygg/zbgg/./202609/t20260904_27267174.htm,,,,,2026年09月04日 14:24,,,,,274.6
北京市,北京市海淀区丹棱街1号互联网金融中心20层,"任伟松 冀松阳 陈君烁,010-68290509/0549，syji@oitc.com.cn",东方国际招标有限责任公司,,_发售稿-高精度氢原子钟 (1).docx,"[{""attach_name"": ""_发售稿-高精度氢原子钟 (1).docx"", ""attach_url"": ""https://download.ccgp.gov.cn/oss/download?uuid=6C98EA3EACDEB4EC97F8CCA49A2D90""}]",,,北京市朝阳区大屯路甲20号,"王老师,010-64806230",中国科学院国家天文台,,,,2026-09-09 15:22:20,路驰（组长）柴春鹏 贲伟伟 张丽霞 岳友岭（采购人代表）,中国科学院国家天文台高精度氢原子钟采购项目中标公告,中标公告,https://www.ccgp.gov.cn/cggg/zygg/zbgg/./202609/t20260904_27267172.htm,,,,,2026年09月04日 14:24,,,,,403.8
市辖区,北京市西城区新风街1号院甲6号楼,详见：http://www.zzcg.gov.cn/contact.jhtml,中共中央直属机关采购中心,,国家电影事业发展专项资金管理委员会办公室信息系统云资源租用采购项目采购文件.pdf,"[{""attach_name"": ""国家电影事业发展专项资金管理委员会办公室信息系统云资源租用采购项目采购文件.pdf"", ""attach_url"": ""https://download.ccgp.gov.cn/oss/download?uuid=A0C45974F03DEFE3F5C3EF1D4C886C""}]",,,北京市西城区复兴门外大街2号,010-86091575,国家电影事业发展专项资金管理委员会办公室,,,,2026-09-09 15:22:20,"杨艳娟, 宋秀明, 母润平, 樊海涛, 张旭明",国家电影事业发展专项资金管理委员会办公室信息系统云资源租用采购项目中标公告,中标公告,https://www.ccgp.gov.cn/cggg/zygg/zbgg/./202609/t20260904_27267138.htm,,,,,2026年09月04日 14:14,,,,,530.86
市辖区,长春市南关区恒兴国际城2号楼1918室,孙雨 13674315615,吉林省天成工程建设项目招标代理有限责任公司,,附件.png,"[{""attach_name"": ""附件.png"", ""attach_url"": ""https://download.ccgp.gov.cn/oss/download?uuid=72B52CF24C53940F8FA654FC44A313""}]",,,长春市新民大街1号,商务部分联系人：王老师、杨老师 联系方式：18343118882  技术部分联系人：刘老师 联系方式：0431-88782858,吉林大学第一医院,,,,2026-09-09 15:22:20,王洪德、吕玉明、韩喜涛、肖旭、刘斌,吉林大学第一医院吉林大学人类疾病动物模型国家地方联合工程实验室污水处理站运营维保服务项目中标公告,中标公告,https://www.ccgp.gov.cn/cggg/zygg/zbgg/./202609/t20260904_27267104.htm,,,,,2026年09月04日 14:13,,,,,59.8158
金牛区,四川省成都市武侯区锦悦西路160号-1011,李先生 028-87776332,四川锐与合招投标咨询有限公司,,"0813 发售稿 林草地现状辅助调查与统计分析招标文件 (1).docx,三、中小企业声明函.pdf","[{""attach_name"": ""0813 发售稿 林草地现状辅助调查与统计分析招标文件 (1).docx"", ""attach_url"": ""https://download.ccgp.gov.cn/oss/download?uuid=B13447478B920E400335933C9847B2""}, {""attach_name"": ""三、中小企业声明函.pdf"", ""attach_url"": ""https://download.ccgp.gov.cn/oss/download?uuid=BE0D79AC4F591A24E1440DB7D33CB6""}]",,,成都市天龙大道1333号,潘女士  028-63240091,四川测绘地理信息局测绘技术服务中心,,,,2026-09-09 15:22:21,马毅、郭剑（组长）、邓鸿、崔建军、皮安林（采购人代表）,四川测绘地理信息局测绘技术服务中心林草地现状辅助调查与统计分析中标公告,中标公告,https://www.ccgp.gov.cn/cggg/zygg/zbgg/./202609/t20260904_27267106.htm,,,,,2026年09月04日 14:12,,,,,30.0
上海市,北京市顺义区天祥路6号院北京东航中心2号楼8层,赵金倩、冯艳、刘昕彤、王文娟 021-62412217、010-84384841,中航材国际招标有限公司,,"四川九洲本国产品声明函.pdf,新建南通二次雷达工程、上海浦东机场二次雷达更新工程雷达设备采购项目招标文件.pdf","[{""attach_name"": ""四川九洲本国产品声明函.pdf"", ""attach_url"": ""https://download.ccgp.gov.cn/oss/download?uuid=5BE5028C4EDCB3DEAE438777EE85BA""}, {""attach_name"": ""新建南通二次雷达工程、上海浦东机场二次雷达更新工程雷达设备采购项目招标文件.pdf"", ""attach_url"": ""https://download.ccgp.gov.cn/oss/download?uuid=30159C646CEB8A1EAC53CCBE372106""}]",,,上海市长宁区机场空港一路171号,丁暘晟 021-22325637,中国民用航空华东地区空中交通管理局,,,,2026-09-09 15:22:21,葛万成、郑正奇、王晓峰、苏丹丹、王令侃、邵建军、蔡明俊,新建南通二次雷达工程、上海浦东机场Thales二次雷达更新工程二次雷达设备采购项目中标公告,中标公告,https://www.ccgp.gov.cn/cggg/zygg/zbgg/./202609/t20260904_27267094.htm,,,,,2026年09月04日 14:10,,,,,2038.0
吉林省,长春市二道区荣光路913号吉柴宿舍71栋3门202室,白悦明15643188186,中安实信（吉林）项目管理有限责任公司,,中小企业声明函.pdf,"[{""attach_name"": ""中小企业声明函.pdf"", ""attach_url"": ""https://download.ccgp.gov.cn/oss/download?uuid=83EB10D249C10B630DC1C7CE90BB57""}]",,,长春市自由大路5070号,邵先生0431-80611079,吉林省森林消防总队,,,,2026-09-09 15:22:21,李明刚、李孟禹、钱金丹、徐鸿颖、秦文豪,吉林省森林消防总队吉林消防救援机动总队2026年度训保基地购买伙食保障社会化服务项目中标公告,中标公告,https://www.ccgp.gov.cn/cggg/zygg/zbgg/./202609/t20260904_27267046.htm,,,,,2026年09月04日 13:59,,,,,0.00098
西山区,上海市闵行区三达路299号,联系代表021-33292999,公安部警用装备采购中心,,"本国产品声明函-202609041102056548.pdf,中小企业声明函-202609041102053288.pdf,云南省某单位装备采购项目Ⅱ-202609041101554987.docx","[{""attach_name"": ""本国产品声明函-202609041102056548.pdf"", ""attach_url"": ""https://download.ccgp.gov.cn/oss/download?uuid=7cf668af-94c0-49ea-86f3-9cc639""}, {""attach_name"": ""中小企业声明函-202609041102053288.pdf"", ""attach_url"": ""https://download.ccgp.gov.cn/oss/download?uuid=91713f61-18e0-43f4-9b9f-9c1d03""}, {""attach_name"": ""云南省某单位装备采购项目Ⅱ-202609041101554987.docx"", ""attach_url"": ""https://download.ccgp.gov.cn/oss/download?uuid=176860b0-93d6-4d64-96c8-70c0dc""}]",,,云南省昆明市西山区广福路8号,钱警官：0871-63054520,云南省公安厅特勤局,,,,2026-09-09 15:22:21,张真军（组长）、刘强、甘志军、杨蕴敏、李超,云南省某单位装备采购项目Ⅱ中标公告,中标公告,https://www.ccgp.gov.cn/cggg/zygg/zbgg/./202609/t20260904_27267035.htm,,,,,2026年09月04日 13:50,,,,,192.739
市辖区,上海市闵行区三达路299号,联系代表021-33292999,公安部警用装备采购中心,,"JC-HG20260127中华人民共和国长春海关缉私局警用装备采购项目-202608101602463439-202609040958225175.doc,中小企业声明函-202609040958324279.pdf,本国产品声明函-202609040958322781.pdf","[{""attach_name"": ""JC-HG20260127中华人民共和国长春海关缉私局警用装备采购项目-202608101602463439-202609040958225175.doc"", ""attach_url"": ""https://download.ccgp.gov.cn/oss/download?uuid=af7617dd-2d4d-408e-b5ec-e708c2""}, {""attach_name"": ""中小企业声明函-202609040958324279.pdf"", ""attach_url"": ""https://download.ccgp.gov.cn/oss/download?uuid=af796069-ac86-418c-abd4-22feaf""}, {""attach_name"": ""本国产品声明函-202609040958322781.pdf"", ""attach_url"": ""https://download.ccgp.gov.cn/oss/download?uuid=55532847-6f87-4d2b-9704-215107""}]",,,吉林省长春市东南湖大路1066号,邵警官0431-84601943,中华人民共和国长春海关缉私局,,,,2026-09-09 15:22:21,万宇杰（组长）、黄元耀、孙云、王伟娟、康可佺,中华人民共和国长春海关缉私局警用装备采购项目中标公告,中标公告,https://www.ccgp.gov.cn/cggg/zygg/zbgg/./202609/t20260904_27267034.htm,,,,,2026年09月04日 13:50,,,,,66.85
爱辉区,上海市闵行区三达路299号,联系代表 021-33292999,公安部警用装备采购中心,,"开标一览表-202609040845303372.pdf,本国产品声明函-202609040845342739.pdf","[{""attach_name"": ""开标一览表-202609040845303372.pdf"", ""attach_url"": ""https://download.ccgp.gov.cn/oss/download?uuid=ce09d8c4-2a0b-45a2-b279-66a7c3""}, {""attach_name"": ""本国产品声明函-202609040845342739.pdf"", ""attach_url"": ""https://download.ccgp.gov.cn/oss/download?uuid=33b0e41a-c9ae-4813-af7e-0d3c03""}]",,,黑龙江省黑河市爱辉区学院路2号,王警官 0456-2833555,黑河边境管理支队,,,,2026-09-09 15:22:21,王东红（组长）、任彤、王今美、姜立、李德新,黑河边境管理支队2026年基层单位执法办案区智能化设备采购项目中标公告,中标公告,https://www.ccgp.gov.cn/cggg/zygg/zbgg/./202609/t20260904_27267033.htm,,,,,2026年09月04日 13:50,,,,,253.555
平谷区,北京市海淀区万柳光大西园6号楼0188,申耀朋13651356671,北京科技园拍卖招标有限公司,,,,,,北京市海淀区圆明园西路2号,王馨悦010-62732813,中国农业大学,,,,2026-09-09 15:22:21,王振惠、石忠刚、刘群、胡玉明、孙宝明、刘志伟、袁强,中国农业大学国家农业科技创新港图书信息综合中心监理中标公告,中标公告,https://www.ccgp.gov.cn/cggg/zygg/zbgg/./202609/t20260904_27266949.htm,,,,,2026年09月04日 13:37,,,,,358.8357
大连市,大连市甘井子区软件园路80号科技园大厦B座601室,李楠、张淑媛   电话：0411-39700100/101,辽宁利盟校企招标有限公司,,26.8.14发售稿-大连理工大学原位拉曼光谱设备采购项目.pdf,"[{""attach_name"": ""26.8.14发售稿-大连理工大学原位拉曼光谱设备采购项目.pdf"", ""attach_url"": ""https://download.ccgp.gov.cn/oss/download?uuid=A48AEB42FADF491851EB3B9A798CFF""}]",,,辽宁省大连市甘井子区凌工路2号大连理工大学科技园大厦C座409室,李老师/孙老师；0411-84709969/84706297,大连理工大学,,,,2026-09-09 15:22:21,关伟翔、王强、陈玉晶、于伟臣、罗靖洁（采购人代表）,大连理工大学原位拉曼光谱设备采购项目中标公告,中标公告,https://www.ccgp.gov.cn/cggg/zygg/zbgg/./202609/t20260904_27266953.htm,,,,,2026年09月04日 13:37,,,,,337.0
吉林省,长春市二道区荣光路913号吉柴宿舍71栋3门202室,白悦明15643188186,中安实信（吉林）项目管理有限责任公司,,,,,,长春市自由大路5070号,邵先生0431-80611079,吉林省森林消防总队,,,,2026-09-09 15:22:21,李明刚、李孟禹、钱金丹、徐鸿颖、秦文豪,吉林省森林消防总队吉林消防救援机动总队2026年度训保基地购买伙食保障社会化服务项目中标公告,中标公告,https://www.ccgp.gov.cn/cggg/zygg/zbgg/./202609/t20260904_27266918.htm,,,,,2026年09月04日 13:20,,,,,0.00098
长安区,陕西省西安市长安区郭杜西街41号熙峰广场,侯美玲、许铖铖、苗增文、17660903000 15264153233、13076005444,盛和招标代理有限公司,,蔬菜中标公告附件.zip,"[{""attach_name"": ""蔬菜中标公告附件.zip"", ""attach_url"": ""https://download.ccgp.gov.cn/oss/download?uuid=7E9C02C386F265ADEFC35399E31A62""}]",,,陕西省西安市长安区西长安街620号,杨老师029-85319928,陕西师范大学,,,,2026-09-09 15:22:21,王俊明、牟树红、马亚妮、马屹立、刘侠、鲍计刚（采购人代表）、李志平（采购人代表）,陕西师范大学学生食堂蔬菜采购项目中标公告,中标公告,https://www.ccgp.gov.cn/cggg/zygg/zbgg/./202609/t20260904_27266686.htm,,,,,2026年09月04日 12:17,,,,,700.0
上海市,上海市大名路108号上海滩国际大厦601室,王琴    021-63234076-1032,上海上投招标有限公司,,"浦东新区创新金融气象双向赋能高质量发展保障平台项目(一期)招标文件.pdf,中小企业声明函.pdf","[{""attach_name"": ""浦东新区创新金融气象双向赋能高质量发展保障平台项目(一期)招标文件.pdf"", ""attach_url"": ""https://download.ccgp.gov.cn/oss/download?uuid=DA07F85594D6362C83861230874A6B""}, {""attach_name"": ""中小企业声明函.pdf"", ""attach_url"": ""https://download.ccgp.gov.cn/oss/download?uuid=E3A076524C34E5D427334925F72954""}]",,,上海市浦东新区锦绣路951号,李凯飞    021-58338920,上海市浦东新区气象局,,,,2026-09-09 15:22:22,毛轶嘉、谢卫国、钟建华、王世杰、李凯飞,上海市浦东新区气象局浦东新区创新金融气象双向赋能高质量发展保障平台项目(一期)中标公告,中标公告,https://www.ccgp.gov.cn/cggg/zygg/zbgg/./202609/t20260904_27266669.htm,,,,,2026年09月04日 12:14,,,,,492.95
广东省,广州市越秀区广仁路1号广仁大厦7楼,詹旭曦、梁勇、赖俊锋、蔡国舜、钟宜航、胡易荣；（邮箱：hualunyibu@163.com）,广东华伦招标有限公司,,【发布稿0811】101007801 三维标测.pdf,"[{""attach_name"": ""【发布稿0811】101007801 三维标测.pdf"", ""attach_url"": ""https://download.ccgp.gov.cn/oss/download?uuid=AC2CA5CA5F806C5C9AD3C366894CE0""}]",,,广州市天河区黄埔大道西613号,万老师，020-38688898,广州华侨医院,,,,2026-09-09 15:22:22,雍军光（评标委员会组长）、黎明、汪莹、顾琳、欧伟光（采购人代表）,暨南大学附属第一医院（广州华侨医院）三维标测采购项目（0809-26411GJG101007801）中标结果公告,中标公告,https://www.ccgp.gov.cn/cggg/zygg/zbgg/./202609/t20260904_27266651.htm,,0809-26411GJG101007801                                     评审日期：2026年09月01日,,,2026年09月04日 12:12,,,,,230.0
云南省,云南省昆明市滇池度假区中天融域小区17幢1单元4楼,解亚洲、周橼杰、李杰 0871-68103717,云南中咨海外咨询有限公司,,"（发布稿）中华人民共和国云南出入境边防检查总站红河片区辅警服装采购项目-招标文件.pdf,中小企业声明函.pdf,关于符合本国产品标准的声明函.pdf,（中标公告）中华人民共和国云南出入境边防检查总站红河片区辅警服装采购项目.pdf","[{""attach_name"": ""（发布稿）中华人民共和国云南出入境边防检查总站红河片区辅警服装采购项目-招标文件.pdf"", ""attach_url"": ""https://download.ccgp.gov.cn/oss/download?uuid=9D59E2FD1EBF99711D3B8D65BAE835""}, {""attach_name"": ""中小企业声明函.pdf"", ""attach_url"": ""https://download.ccgp.gov.cn/oss/download?uuid=DE6245B3EF2D5736EA6B4731ECC9A6""}, {""attach_name"": ""关于符合本国产品标准的声明函.pdf"", ""attach_url"": ""https://download.ccgp.gov.cn/oss/download?uuid=D22D7BCD9021CA04C88A4802DC9DDA""}, {""attach_name"": ""（中标公告）中华人民共和国云南出入境边防检查总站红河片区辅警服装采购项目.pdf"", ""attach_url"": ""https://download.ccgp.gov.cn/oss/download?uuid=E2F3EC0EEB7AB6D6D931930557EA33""}]",,,红河州蒙自市天马路延长线102号,张警官 0873-3865151,红河边境管理支队（红河州公安局边境管理支队）,,,,2026-09-09 15:22:22,史艳菊、李兴毅、杨艳、钟远宏、李竹华（采购人代表）,红河边境管理支队（红河州公安局边境管理支队）中华人民共和国云南出入境边防检查总站红河片区辅警服装采购项目中标公告,中标公告,https://www.ccgp.gov.cn/cggg/zygg/zbgg/./202609/t20260904_27266607.htm,,,,,2026年09月04日 12:06,,,,,152.25
新疆维吾尔自治区,北京市顺义区天祥路6号院北京东航中心2号楼,王文娟、王宗凯、张照  0991-3720012、3720013 wangzk@casc.com.cn,中航材国际招标有限公司,,"中小企业声明函.pdf,采购文件.pdf","[{""attach_name"": ""中小企业声明函.pdf"", ""attach_url"": ""https://download.ccgp.gov.cn/oss/download?uuid=3522A1CD3D45B3C2BC703F9C126262""}, {""attach_name"": ""采购文件.pdf"", ""attach_url"": ""https://download.ccgp.gov.cn/oss/download?uuid=4B50BF963D5DC4DEC714F74FCCC286""}]",,,新疆乌鲁木齐市迎宾路1341号,李建伟    0991-3805303,中国民用航空新疆管理局,,,,2026-09-09 15:22:22,刘立忠、郭凤兰、杨艳芳、彭超、李建伟,民航新疆管理局办公楼物业服务项目中标公告,中标公告,https://www.ccgp.gov.cn/cggg/zygg/zbgg/./202609/t20260904_27266476.htm,,,,,2026年09月04日 11:50,,,,,184.3521
高新区,山东省烟台市莱山区观海路75-1号烟台市总工会501室,张念磊、丛华怡、傅雪、0535-6083123,青岛建通工程招标咨询有限公司,,中标单位-中小企业声明函.pdf,"[{""attach_name"": ""中标单位-中小企业声明函.pdf"", ""attach_url"": ""https://download.ccgp.gov.cn/oss/download?uuid=62E536B810A7577E782C6C3FFA49AB""}]",,,烟台高新区创新路与纬四路交汇处,姜老师、0535-6922696,烟台高新技术产业开发区消防救援大队,,,,2026-09-09 15:22:22,远方（招标人代表）、肖开春、王红琴、刘静、战久岩,烟台高新技术产业开发区消防救援大队零星维修服务中标公告,中标公告,https://www.ccgp.gov.cn/cggg/zygg/zbgg/./202609/t20260904_27266187.htm,,QDJTLD2026-01-017,,,2026年09月04日 11:29,,,,,0.0
自贡市,四川省自贡市沿滩区富川路29号2栋,戚星月、邹杰 0813-5358802,融汇项目管理有限公司,,"评审情况表.pdf,（定稿）国家税务总局自贡高新技术产业开发区税务局2026年食堂食材采购项目.doc","[{""attach_name"": ""评审情况表.pdf"", ""attach_url"": ""https://download.ccgp.gov.cn/oss/download?uuid=7FBAEAC6438E6660C46D1AA9EA912B""}, {""attach_name"": ""（定稿）国家税务总局自贡高新技术产业开发区税务局2026年食堂食材采购项目.doc"", ""attach_url"": ""https://download.ccgp.gov.cn/oss/download?uuid=712B12EE723A9A82AB3453C4BE934B""}]",,,四川省自贡市自流井区汇川路1393号,刘老师 0813-8237132,国家税务总局自贡市税务局,,,,2026-09-09 15:22:22,罗飞、葛俊波、李璀、毕常彬、杨敏（采购人代表）,国家税务总局自贡市税务局国家税务总局自贡高新技术产业开发区税务局2026年食堂食材采购项目中标公告,中标公告,https://www.ccgp.gov.cn/cggg/zygg/zbgg/./202609/t20260904_27266024.htm,,,,,2026年09月04日 11:16,,,,,145.0
市辖区,西章胡同9号院,010-83083702,中央国家机关政府采购中心,,"投标人得分排序表.doc,国务院办公厅机关服务中心国务院公报印刷服务采购项目采购文件.pdf,中标通知书.zip,新华社印务有限责任公司残疾人福利性单位声明函.pdf,新华社印务有限责任公司中小企业声明函.pdf","[{""attach_name"": ""投标人得分排序表.doc"", ""attach_url"": ""https://download.ccgp.gov.cn/oss/download?uuid=60d80697-a78e-4530-95ea-ecbcff""}, {""attach_name"": ""国务院办公厅机关服务中心国务院公报印刷服务采购项目采购文件.pdf"", ""attach_url"": ""https://download.ccgp.gov.cn/oss/download?uuid=42f0e8fe-1ce1-4f12-86a2-053659""}, {""attach_name"": ""中标通知书.zip"", ""attach_url"": ""https://download.ccgp.gov.cn/oss/download?uuid=8881c691-ab2f-4934-b1a7-ee2963""}, {""attach_name"": ""新华社印务有限责任公司残疾人福利性单位声明函.pdf"", ""attach_url"": ""https://download.ccgp.gov.cn/oss/download?uuid=a5d456d6-f4eb-4795-8e87-2e1118""}, {""attach_name"": ""新华社印务有限责任公司中小企业声明函.pdf"", ""attach_url"": ""https://download.ccgp.gov.cn/oss/download?uuid=74e607c7-b1f7-4499-9e5a-9a5ad0""}]",,,北京市西城区府右街3号,010-55602359,国务院办公厅机关服务中心,,,,2026-09-09 15:22:22,"李新红,季艳玲,高凯敏,黄敏,李雅楠",国务院办公厅机关服务中心国务院公报印刷服务采购项目中标公告,中标公告,https://www.ccgp.gov.cn/cggg/zygg/zbgg/./202609/t20260904_27266057.htm,,,,,2026年09月04日 11:15,,,,,416.556
朝阳区,长春市南关区绿地中央广场B8A栋-24层,"项目联系人：姜思羽,联系方式：0431-80543099",吉林省中寰工程项目管理有限公司,,"【中寰文件定稿8月31日1330二标段】吉林大学口腔医院诊疗环境修缮改造项目（变配电系统及输配水系统）2标段：输配水系统(4).doc,【中寰文件定稿8月31日1330一标段】吉林大学口腔医院诊疗环境修缮改造项目（变配电系统及输配水系统）1标段：变配电系统(4).doc","[{""attach_name"": ""【中寰文件定稿8月31日1330二标段】吉林大学口腔医院诊疗环境修缮改造项目（变配电系统及输配水系统）2标段：输配水系统(4).doc"", ""attach_url"": ""https://download.ccgp.gov.cn/oss/download?uuid=5A241ACDE2D27CC210D363511F1D5F""}, {""attach_name"": ""【中寰文件定稿8月31日1330一标段】吉林大学口腔医院诊疗环境修缮改造项目（变配电系统及输配水系统）1标段：变配电系统(4).doc"", ""attach_url"": ""https://download.ccgp.gov.cn/oss/download?uuid=1F0D903F077A4A0B743AED0FB7ACC1""}]",,,长春市朝阳区清华路1500号,"联系人：于老师、滕老师,联系电话：0431-85579345",吉林大学口腔医院,,,,2026-09-09 15:22:22,/,吉林大学口腔医院诊疗环境修缮改造项目(变配电系统及输配水系统)中标结果公告,中标公告,https://www.ccgp.gov.cn/cggg/zygg/zbgg/./202609/t20260904_27266004.htm,,,,,2026年09月04日 11:14,,,,,493.898774
北京市,北京市海淀区中关村南大街18号北京国际大厦C座1106室,刘倩倩、魏磊、仝丽东、姚紫珺、刘佳通、冯宇森、普晶、刘宇晴 010-63966992,中招政采（北京）咨询有限公司,,"中小企业声明函.pdf,2026年_科创中国_数字平台运营项目招标文件.pdf","[{""attach_name"": ""中小企业声明函.pdf"", ""attach_url"": ""https://download.ccgp.gov.cn/oss/download?uuid=B2D6781543A664BC8BFF01249B17F6""}, {""attach_name"": ""2026年_科创中国_数字平台运营项目招标文件.pdf"", ""attach_url"": ""https://download.ccgp.gov.cn/oss/download?uuid=F8222E084095F6A1EEB0680CE89402""}]",,,北京市海淀区复兴路3号,王老师 010-68517798,中国科学技术协会,,,,2026-09-09 15:22:22,李鑫、徐腾、赵华、骆冬梅、毛恒、高紫宇、李明凡,中国科学技术协会2026年“科创中国”数字平台运营项目中标公告,中标公告,https://www.ccgp.gov.cn/cggg/zygg/zbgg/./202609/t20260904_27266009.htm,,,,,2026年09月04日 11:14,,,,,1778.0
呼和浩特市,呼和浩特市赛罕区腾飞路1号众生大厦17层政府采购事业部,邓婷婷0471-3255292,内蒙古招标有限责任公司,,中小企业声明函.pdf,"[{""attach_name"": ""中小企业声明函.pdf"", ""attach_url"": ""https://download.ccgp.gov.cn/oss/download?uuid=6F615E70F94E3F36E620E69EBC4449""}]",,,呼和浩特市赛罕区大学东街128号,高天明13947176728,水利部牧区水利科学研究所,,,,2026-09-09 15:22:22,安荷胜（组长）、高天明（招标人代表）、李岳娟、张明、张向东,水利部牧区水利科学研究所阴山北麓国家站物候相机购置项目中标公告,中标公告,https://www.ccgp.gov.cn/cggg/zygg/zbgg/./202609/t20260904_27266007.htm,,,,,2026年09月04日 11:14,,,,,57.78
裕华区,河北省石家庄市裕华区槐安路152号金源商务广场B座,张晓丽  0311-85880482,石家庄乐宇企业管理咨询有限公司,,,,,,石家庄市裕华区石栾大街105号,张女士 0311-68023297,石家庄市裕华区消防救援大队,,,,2026-09-09 15:22:22,张存柱、贾利、王力斌、孙洪、田光,河北省消防救援总队石家庄支队裕华大队租赁执勤备战场所服务项目中标公告,中标公告,https://www.ccgp.gov.cn/cggg/zygg/zbgg/./202609/t20260904_27265987.htm,,,,,2026年09月04日 11:12,,,,,63.6
北京市,北京市海淀区学院路30号科大天工大厦B座17层1709室,韩伯阳、杜畅、孙恺宁、王希、周洁琼、王爽、王蕾蕾、王润斯、张闻、王渊、吕绍山、高宇  010-61192278,北京明德致信咨询有限公司,,"1112-招标文件-北京林业大学国家林草种质资源设施保存库（雄安）建设项目采购项目（六）-定稿.pdf,ZC26-1112【国家林草种质资源设施保存库（雄安）建设项目采购项目（六）】中标公告.docx","[{""attach_name"": ""1112-招标文件-北京林业大学国家林草种质资源设施保存库（雄安）建设项目采购项目（六）-定稿.pdf"", ""attach_url"": ""https://download.ccgp.gov.cn/oss/download?uuid=755580D33EB6E3065B18011F3195F0""}, {""attach_name"": ""ZC26-1112【国家林草种质资源设施保存库（雄安）建设项目采购项目（六）】中标公告.docx"", ""attach_url"": ""https://download.ccgp.gov.cn/oss/download?uuid=67BCCF2CA1FA991C18758EE228C428""}]",,,北京市海淀区清华东路35号,李老师、张老师 010-62337427、010-62337876,北京林业大学,,,,2026-09-09 15:22:22,金祎、李跃、王璐、王立、王铁梅（采购人代表）,国家林草种质资源设施保存库（雄安）建设项目采购项目（六）中标公告,中标公告,https://www.ccgp.gov.cn/cggg/zygg/zbgg/./202609/t20260904_27265849.htm,,,,,2026年09月04日 10:59,,,,,794.2745
石家庄市,石家庄市西三庄街88号慢城1号商业办公楼7层,胡亚军0311-80682006,中合安建工程管理有限公司,,"承诺函.png,招标文件8.12终稿.pdf,中小企业声明函.rar,本国产品声明函.rar","[{""attach_name"": ""承诺函.png"", ""attach_url"": ""https://download.ccgp.gov.cn/oss/download?uuid=D102B78455482F2D6D77E89957BC06""}, {""attach_name"": ""招标文件8.12终稿.pdf"", ""attach_url"": ""https://download.ccgp.gov.cn/oss/download?uuid=4ED726A9D3432381BBBB3DC02C048C""}, {""attach_name"": ""中小企业声明函.rar"", ""attach_url"": ""https://download.ccgp.gov.cn/oss/download?uuid=023398CE12D16B5ABC2675349F73D1""}, {""attach_name"": ""本国产品声明函.rar"", ""attach_url"": ""https://download.ccgp.gov.cn/oss/download?uuid=B69F4E6350D6C68BE86FEF0ADB933E""}]",,,石家庄市新华区天翼路16号,赵天源0335-5993666；李炜鹏0311-88704200,中华人民共和国河北出入境边防检查总站,,,,2026-09-09 15:22:23,郭云超（主任）、杜克明、马海荣、张值华，张鹏（采购人代表）,中华人民共和国河北出入境边防检查总站(秦皇岛边检站、轮训大队)智能化库室设备采购项目中标公告,中标公告,https://www.ccgp.gov.cn/cggg/zygg/zbgg/./202609/t20260904_27265740.htm,,,,,2026年09月04日 10:48,,,,,106.8
广州市,广州市越秀区沿江中路298号江湾新城A幢8A-8G房,杨文哲、李燕玲，020-87605285,中招国际招标有限公司,,"招标文件-工信部电子五所二期地块B7实验室机电工艺安装（发布稿）.pdf,中小企业声明函-广东华青建设工程有限公司.pdf","[{""attach_name"": ""招标文件-工信部电子五所二期地块B7实验室机电工艺安装（发布稿）.pdf"", ""attach_url"": ""https://download.ccgp.gov.cn/oss/download?uuid=679D2535D08CED8003E24F26FE1BF7""}, {""attach_name"": ""中小企业声明函-广东华青建设工程有限公司.pdf"", ""attach_url"": ""https://download.ccgp.gov.cn/oss/download?uuid=49019A844C8A137F8E6B90A4625A9A""}]",,,广东省广州市增城区朱村街朱村大道西78号,廖工，020-87023629,工业和信息化部电子第五研究所,,,,2026-09-09 15:22:23,吴世鹏、钟肇均、李洁萍、许志敏、高绪军,工信部电子五所二期地块B7实验室机电工艺安装中标结果公告,中标公告,https://www.ccgp.gov.cn/cggg/zygg/zbgg/./202609/t20260904_27265697.htm,,,,,2026年09月04日 10:44,,,,,677.456218
北京市,北京市西城区月坛南街14号月新大厦7层,刘俊、孙凤娇、钱丹  010-67613337,北京数字支点国际项目管理有限公司,,08-国家医疗保障局大数据中心短信服务租赁项目招标文件.pdf,"[{""attach_name"": ""08-国家医疗保障局大数据中心短信服务租赁项目招标文件.pdf"", ""attach_url"": ""https://download.ccgp.gov.cn/oss/download?uuid=964E7F42AE28F2AB327A9CBCFA4356""}]",,,北京市西城区月坛北小街甲2号,张老师     010-89061367,国家医疗保障局大数据中心,,,,2026-09-09 15:22:23,程君、喻乃忠、周然、王晓华、张帅,国家医疗保障局大数据中心短信服务租赁项目中标公告,中标公告,https://www.ccgp.gov.cn/cggg/zygg/zbgg/./202609/t20260904_27265633.htm,,,,,2026年09月04日 10:38,,,,,209.6
宿豫区,江苏省宿迁经济技术开发区金茂府2期南门109商铺,张静，17802555288,江苏文鼎工程管理有限公司,,"（发布版）【招标文件】国家税务总局宿迁市宿豫区税务局2026年食堂食材配送服务采购项目8.13.docx,《中小企业声明函》-江苏瑞时达餐饮配送服务有限公司.pdf","[{""attach_name"": ""（发布版）【招标文件】国家税务总局宿迁市宿豫区税务局2026年食堂食材配送服务采购项目8.13.docx"", ""attach_url"": ""https://download.ccgp.gov.cn/oss/download?uuid=E782EADC03857C02CC648291BAF195""}, {""attach_name"": ""《中小企业声明函》-江苏瑞时达餐饮配送服务有限公司.pdf"", ""attach_url"": ""https://download.ccgp.gov.cn/oss/download?uuid=094EC577E2EFC37A91F76CC8B42834""}]",,,宿迁市宿豫区项王东路11号,吴老师（商务）：0527-84465808 ，陈老师（技术）：0527-84465800,国家税务总局宿迁市宿豫区税务局,,,,2026-09-09 15:22:23,王坤、任仁、陈婷、蔡伟俊、陈慧（采购人代表）,国家税务总局宿迁市宿豫区税务局2026年食堂食材配送服务采购项目中标公告,中标公告,https://www.ccgp.gov.cn/cggg/zygg/zbgg/./202609/t20260904_27265555.htm,,,,,2026年09月04日 10:33,,,,,0.0
中山区,北京市西城区西直门内大街西章胡同9号院,李云峰 010-55602390,中央国家机关政府采购中心,,,,,,辽宁省大连市中山区解放路349号,毛书岭、0411-82688446,中国船级社,,,,2026-09-09 15:22:23,"蒋志建,刘克俭,赵志强,保向东(组长),唐宏维",中国船级社大连分社批量集中采购1台A4彩色打印机中标公告,中标公告,https://www.ccgp.gov.cn/cggg/zygg/zbgg/./202609/t20260904_27265889.htm,,,,,2026年09月04日 10:32,,,,,0.176
北京市,北京市丰台区金泽东路通用时代中心C座,刘青、刘泽民，电话：010-81168214、010-81168263　 电子邮箱：liuqing9@cmc.gt.cn,中国机械进出口（集团）有限公司,,7055-倒置荧光显微镜-招标文件-电子版.pdf,"[{""attach_name"": ""7055-倒置荧光显微镜-招标文件-电子版.pdf"", ""attach_url"": ""https://download.ccgp.gov.cn/oss/download?uuid=073EDC67EE983256AD2CACF8E1390F""}]",,,北京市西城区北礼士路167号,彭老师，010-88396152,中国医学科学院阜外医院,,,,2026-09-09 15:22:23,刘成红、刘佩霞、杨会敏、徐克明、柳胜华,中国医学科学院阜外医院倒置荧光显微镜购置项目中标公告,中标公告,https://www.ccgp.gov.cn/cggg/zygg/zbgg/./202609/t20260904_27265294.htm,,,,,2026年09月04日 09:58,,,,,136.7
北京市,北京市丰台区金泽东路通用时代中心C座,刘青、刘泽民，电话：010-81168214、010-81168263　电子邮箱：liuqing9@cmc.gt.cn,中国机械进出口（集团）有限公司,,7056-体式荧光显微镜-招标文件-电子版.pdf,"[{""attach_name"": ""7056-体式荧光显微镜-招标文件-电子版.pdf"", ""attach_url"": ""https://download.ccgp.gov.cn/oss/download?uuid=EABA3D8B98DF4120E6C0394C2AF6B2""}]",,,北京市西城区北礼士路167号,彭老师，010-88396152,中国医学科学院阜外医院,,,,2026-09-09 15:22:23,刘成红、刘佩霞、杨会敏、徐克明、柳胜华,中国医学科学院阜外医院体式荧光显微镜购置项目中标公告,中标公告,https://www.ccgp.gov.cn/cggg/zygg/zbgg/./202609/t20260904_27265283.htm,,,,,2026年09月04日 09:57,,,,,87.55
北京市,北京市丰台区金泽东路通用时代中心C座,刘青、刘泽民，电话：010-81168214、010-81168263　电子邮箱：liuqing9@cmc.gt.cn,中国机械进出口（集团）有限公司,,7057-微血管张力测定系统-招标文件-电子版.pdf,"[{""attach_name"": ""7057-微血管张力测定系统-招标文件-电子版.pdf"", ""attach_url"": ""https://download.ccgp.gov.cn/oss/download?uuid=3F3963BB576AE4D93D0F3E66D75C33""}]",,,北京市西城区北礼士路167号,彭老师，010-88396152,中国医学科学院阜外医院,,,,2026-09-09 15:22:23,刘成红、刘佩霞、杨会敏、徐克明、柳胜华,中国医学科学院阜外医院微血管张力测定系统购置项目中标公告,中标公告,https://www.ccgp.gov.cn/cggg/zygg/zbgg/./202609/t20260904_27265272.htm,,,,,2026年09月04日 09:54,,,,,82.6
北京市,北京市丰台区金泽东路通用时代中心C座,刘青、刘泽民，电话：010-81168214、010-81168263　电子邮箱：liuqing9@cmc.gt.cn,中国机械进出口（集团）有限公司,,7058-心肌细胞电生理功能分析系统-招标文件-电子版.pdf,"[{""attach_name"": ""7058-心肌细胞电生理功能分析系统-招标文件-电子版.pdf"", ""attach_url"": ""https://download.ccgp.gov.cn/oss/download?uuid=03F7600EFBB781A8D1BB7F1843E02B""}]",,,北京市西城区北礼士路167号,彭老师，010-88396152,中国医学科学院阜外医院,,,,2026-09-09 15:22:23,刘成红、刘佩霞、杨会敏、徐克明、柳胜华,中国医学科学院阜外医院心肌细胞电生理功能分析系统购置项目中标公告,中标公告,https://www.ccgp.gov.cn/cggg/zygg/zbgg/./202609/t20260904_27265266.htm,,,,,2026年09月04日 09:53,,,,,228.5
北京市,北京市丰台区金泽东路通用时代中心C座,刘青、刘泽民，电话：010-81168214、010-81168263，邮箱：liuqing9@cmc.gt.cn,中国机械进出口（集团）有限公司,,"7054-酶标仪-招标文件-电子版.pdf,7054-2本国产品声明函.pdf,7054-2小微声明函.pdf","[{""attach_name"": ""7054-酶标仪-招标文件-电子版.pdf"", ""attach_url"": ""https://download.ccgp.gov.cn/oss/download?uuid=26335D92C56F9C072334D867E52109""}, {""attach_name"": ""7054-2本国产品声明函.pdf"", ""attach_url"": ""https://download.ccgp.gov.cn/oss/download?uuid=CCBDF4146E24574CB6EDCCF62CB79D""}, {""attach_name"": ""7054-2小微声明函.pdf"", ""attach_url"": ""https://download.ccgp.gov.cn/oss/download?uuid=8AB00A2035C33D358CF3C51B5E7EC4""}]",,,北京市西城区北礼士路167号,彭老师，010-88396152,中国医学科学院阜外医院,,,,2026-09-09 15:22:24,刘成红、刘佩霞、杨会敏、徐克明、柳胜华,中国医学科学院阜外医院多功能酶标仪购置项目中标公告,中标公告,https://www.ccgp.gov.cn/cggg/zygg/zbgg/./202609/t20260904_27265268.htm,,,,,2026年09月04日 09:52,,,,,49.5
梁山县,山东省济宁市高新区柳行街道摩天集团A座7层,陈经理 ；18953758825,山东龙诚项目管理咨询有限公司,,,,,,山东省济宁市梁山县安民山路与济水路交叉口,陈助理； 0537-7529119,梁山县消防救援大队,,,,2026-09-09 15:22:24,田仲民、王东俊、王存动,梁山县消防救援大队关于119指挥中心内配套设备升级改造设施项目中标公告,中标公告,https://www.ccgp.gov.cn/cggg/zygg/zbgg/./202609/t20260904_27265232.htm,,,,,2026年09月04日 09:49,,,,,19.72
