notice_title,notice_type,project_code,publish_time,admin_region,buyer_name,buyer_address,buyer_contact,agent_name,agent_address,agent_contact,contact_name,contact_tel,attach_file_names,attach_json,notice_url,crawl_time,content_text,industry,bid_deadline,source,purchase_method,budget,budget_source,terminate_reason,change_item,win_total_amount,win_detail_json,judge_experts,agent_service_fee,win_supplier,proposed_supplier,single_source_reason,publicity_period,open_bid_time
浙江和源项目管理有限公司关于浙江省杭州市萧山区消防救援大队2026年度零星维修项目的更正公告,变更公告,ZJHY-GKFW-20260826,2026年09月09日 16:17,杭州市,杭州市萧山区消防救援大队,杭州市萧山区晨晖路1089号,姜老师0571-83812706,浙江和源项目管理有限公司,杭州市上城区秋涛北路332号佰富时代中心3幢16楼1603,王老师17682339490,王博,17682339490,,,https://www.ccgp.gov.cn/cggg/zygg/gzgg/202609/t20260909_27296577.htm,2026-09-10 09:45:18,一、项目基本情况 原公告的采购项目编号：ZJHY-GKFW-20260826 原公告的采购项目名称：浙江省杭州市萧山区消防救援大队2026年度零星维修项目 首次公告日期：2026年09月07日 二、更正信息 更正事项：采购文件 更正内容： 序号 更正项 更正前内容 更正后内容 1 政采云系统设置中评标办法第2条 投标人自2023年08月01日以来（以签订合同时间为准）承担过类似年度零星维修业绩的，每个得0.5分，最高得1分。 投标人自2023年08月01日以来（以签订合同时间为准）承担过类似零星维修业绩的，每个得0.5分，最高得1分。 2 政采云系统设置中评标办法第4条 拟派项目经理具有中级工程师及以上职称的得4分，其余不得分。本项最高得４分。 拟派项目经理具有工程类中级工程师及以上职称的得4分，其余不得分。本项最高得４分。 3 政采云系统设置中评标办法第5条 拟派项目技术负责人（项目经理不得兼任）具有中级工程师及以上职称的得4分，其余不得分。本项最高得4分。 拟派项目技术负责人（项目经理不得兼任）具有工程类中级工程师及以上职称的得4分，其余不得分。本项最高得4分。 更正日期：2026年09月09日 三、其他补充事宜 其他内容不变。  四、凡对本次公告内容提出询问，请按以下方式联系。 1.采购人信息 名 称：杭州市萧山区消防救援大队 地址：杭州市萧山区晨晖路1089号 联系方式：姜老师0571-83812706 2.采购代理机构信息 名 称：浙江和源项目管理有限公司 地 址：杭州市上城区秋涛北路332号佰富时代中心3幢16楼1603 联系方式：王老师17682339490 3.项目联系方式 项目联系人：王博 电 话： 17682339490,公共安全,,中国政府采购网,,,default,,采购文件,,,,,,,,,
华北电力大学维修类物资采购更正公告,变更公告,2026FW041,2026年09月09日 16:09,北京市,华北电力大学,北京市昌平区北农路2号,张老师010-61772996,盛和招标代理有限公司,北京市海淀区马甸东路17号金澳国际写字楼27层2707-2710室,侯美玲、许铖铖、韩伟、李秀艳、李卫强、孙伟、高干、苏云龙、梁冰、毛允东、侯常胜、崔耀文、陈子轩13731676296、13145412332、18706413729,侯美玲、许铖铖、韩伟、李秀艳,13731676296、13145412332、18706413729,附件.docx,"[{""attach_name"": ""附件.docx"", ""attach_url"": ""https://download.ccgp.gov.cn/oss/download?uuid=1B423E39ADCF5165FDF09B713BAD53""}]",https://www.ccgp.gov.cn/cggg/zygg/gzgg/202609/t20260909_27296390.htm,2026-09-10 09:45:19,一、项目基本情况 原公告的采购项目编号：2026FW041 原公告的采购项目名称：华北电力大学维修类物资采购公开招标公告 首次公告日期：2026年08月27日 二、更正信息 更正事项：采购文件 更正内容： 详见附件。 更正日期：2026年09月09日 三、其他补充事宜 无。 四、凡对本次公告内容提出询问，请按以下方式联系。 1.采购人信息 名 称：华北电力大学 地址：北京市昌平区北农路2号 联系方式：张老师010-61772996 2.采购代理机构信息 名 称：盛和招标代理有限公司 地 址：北京市海淀区马甸东路17号金澳国际写字楼27层2707-2710室 联系方式：侯美玲、许铖铖、韩伟、李秀艳、李卫强、孙伟、高干、苏云龙、梁冰、毛允东、侯常胜、崔耀文、陈子轩13731676296、13145412332、18706413729 3.项目联系方式 项目联系人：侯美玲、许铖铖、韩伟、李秀艳、李卫强、孙伟、高干、苏云龙、梁冰、毛允东、侯常胜、崔耀文、陈子轩 电 话： 13731676296、13145412332、18706413729,教育培训,,中国政府采购网,,,default,,采购文件,,,,,,,,,
中国药品检定研究院基因测序科学监管智慧平台更正公告,变更公告,2641STC73104,2026年09月09日 16:09,北京市,中国食品药品检定研究院,北京市大兴区华佗路31号,肖老师，010-53852873,中钢招标有限责任公司,北京市海淀区海淀大街8号中钢国际广场16层,010-62688251,马娟娟、陈丽、刘健、聂娅琼、王,010-62688223,,,https://www.ccgp.gov.cn/cggg/zygg/gzgg/202609/t20260909_27296378.htm,2026-09-10 09:45:19,一、项目基本情况 原公告的采购项目编号：2641STC73104 原公告的采购项目名称：中国药品检定研究院基因测序科学监管智慧平台 首次公告日期：2026年08月19日 二、更正信息 更正事项：采购公告 更正内容： 1.获取招标文件时间延长至2026年9月17日17:00（北京时间，法定节假日除外）。2.提交投标文件截止时间、开标时间更正为：2026年9月18日9点30分（北京时间）。3.提交投标文件地点更正为：北京市海淀大街8号中钢国际广场21层会议室。更正事项：采购公告、采购文件 更正日期：2026年09月09日 三、其他补充事宜 招标文件其他内容不变。 四、凡对本次公告内容提出询问，请按以下方式联系。 1.采购人信息 名 称：中国食品药品检定研究院 地址：北京市大兴区华佗路31号 联系方式：肖老师，010-53852873 2.采购代理机构信息 名 称：中钢招标有限责任公司 地 址：北京市海淀区海淀大街8号中钢国际广场16层 联系方式：010-62688251 3.项目联系方式 项目联系人：马娟娟、陈丽、刘健、聂娅琼、王建莉、刘圣钰、宋达 电 话： 010-62688223（获取文件、发票咨询）、010-62686521（项目问询）、010-62688249（项目问询）、chenli@sstc20.com（项目问询）,医疗卫生,,中国政府采购网,,,default,,采购公告,,,,,,,,,
电子科技大学后勤保障部退休人员2026年中秋节慰问品采购项目更正公告,变更公告,HQ20260802,2026年09月09日 16:08,四川省,电子科技大学,成都市高新区（西区）西源大道2006号电子科技大学清水河校区综合楼433室,刘老师  丁老师  028-61831779,详见公告正文,详见公告正文,详见公告正文,史老师,028-61832996,HQ20260802-电子科技大学后勤保障部退休人员2026年中秋节慰问品采购项目-报价邀请文件（最终稿） (更正后).docx,"[{""attach_name"": ""HQ20260802-电子科技大学后勤保障部退休人员2026年中秋节慰问品采购项目-报价邀请文件（最终稿） (更正后).docx"", ""attach_url"": ""https://download.ccgp.gov.cn/oss/download?uuid=18D472F74981F3D156F9B0833F4EB8""}]",https://www.ccgp.gov.cn/cggg/zygg/gzgg/202609/t20260909_27296389.htm,2026-09-10 09:45:20,一、项目基本情况 原公告的采购项目编号：HQ20260802 原公告的采购项目名称：电子科技大学后勤保障部退休人员2026年中秋节慰问品采购项目 首次公告日期：2026年09月07日 二、更正信息 更正事项：采购文件 更正内容： 1.采购文件“第一章邀请公告”的“五、报价邀请文件获取方式、时间、地点：自2026年9月8日至2026年9月10日在“电子科技大学后勤保障部”网站……”修改为“五、报价邀请文件获取方式、时间、地点：自2026年9月8日至2026年9月13日在“电子科技大学后勤保障部”网站……”。2.采购文件“第一章邀请公告”的“六、递交响应文件截止时间：2026年9月11日上午09:30（北京时间）。”修改为“六、递交响应文件截止时间：2026年9月14日上午09:30（北京时间）。”。3.采购文件“第四章采购项目技术、服务及其他商务要求”的“一、★技术、服务要求”中第6项“（2）湿巾，规格：袋装，8包，80片/包。克重：≥60g/㎡，纸张尺寸：长不小于180mm，宽不小于140mm。（所投货物须提供实物图片（或第三方检测报告或产品说明书），图片应清晰展示货物上述信息）”修改为“（2）湿巾，规格：袋装，6包，80片/包。克重：≥60g/㎡，纸张尺寸：长不小于180mm，宽不小于140mm。（所投货物须提供实物图片（或第三方检测报告或产品说明书），图片应清晰展示货物上述信息）”。 更正日期：2026年09月09日 三、其他补充事宜 原公告信息：电子科技大学后勤保障部退休人员2026年中秋节慰问品采购项目邀请公告https://www.ccgp.gov.cn/cggg/zygg/qtgg/202609/t20260907_27280784.htm 四、凡对本次公告内容提出询问，请按以下方式联系。 1.采购人信息 名 称：电子科技大学 地址：成都市高新区（西区）西源大道2006号电子科技大学清水河校区综合楼433室 联系方式：刘老师 丁老师 028-61831779 2.项目联系方式 项目联系人：史老师 电 话： 028-61832996,教育培训,,中国政府采购网,,,default,,采购文件,,,,,,,,,
商务部国际商务官员研修学院某国农民大豆玉米种植技术培训专家顾问项目更正公告,变更公告,2026-019,2026年09月09日 16:08,北京市,商务部,北京市昌平区东三旗商务部国际商务官员研修学院,杨婷、010-80127885,建经投资咨询有限公司,北京市丰台区总部基地17区18号楼13层,魏增雪、赵金丹、向生建  15011419084,魏增雪,15011419084,,,https://www.ccgp.gov.cn/cggg/zygg/gzgg/202609/t20260909_27296380.htm,2026-09-10 09:45:20,一、项目基本情况 原公告的采购项目编号：2026-019 原公告的采购项目名称：某国农民大豆玉米种植技术培训专家顾问项目 首次公告日期：2026年09月02日 二、更正信息 更正事项：采购公告 更正内容： 本项目招标文件获取及报名时间延期至2026年9月16日16:30（北京时间，法定节假日除外）。招标文件其他内容不变。 更正日期：2026年09月09日 三、其他补充事宜 无。 四、凡对本次公告内容提出询问，请按以下方式联系。 1.采购人信息 名 称：商务部 地址：北京市昌平区东三旗商务部国际商务官员研修学院 联系方式：杨婷、010-80127885 2.采购代理机构信息 名 称：建经投资咨询有限公司 地 址：北京市丰台区总部基地17区18号楼13层 联系方式：魏增雪、赵金丹、向生建 15011419084 3.项目联系方式 项目联系人：魏增雪 电 话： 15011419084,教育培训,,中国政府采购网,,,default,,采购公告,,,,,,,,,
天津大学北洋园校区网络安全与人工智能大楼三通一平更正公告,变更公告,TDJJ202600032,2026年09月09日 16:08,天津市,天津大学,天津市南开区卫津路92号,蒯老师、马老师，022-27407597（招标办）,上海建科造价咨询有限公司,天津市河西区大沽南路882号10号楼303,常欣宇、刘牧晖、周子雯、付雅雯、温立军、范继文  15690906185、15222651888,常欣宇、刘牧晖、周子雯、付雅雯,15690906185、15222651888,"更正附件.docx,更正公告确认函.docx","[{""attach_name"": ""更正附件.docx"", ""attach_url"": ""https://download.ccgp.gov.cn/oss/download?uuid=6C0C26CFFB6334EBB111C50C124A1A""}, {""attach_name"": ""更正公告确认函.docx"", ""attach_url"": ""https://download.ccgp.gov.cn/oss/download?uuid=0E5AE360E04D61ACCDA075D91782DD""}]",https://www.ccgp.gov.cn/cggg/zygg/gzgg/202609/t20260909_27296386.htm,2026-09-10 09:45:21,一、项目基本情况 原公告的采购项目编号：TDJJ202600032 原公告的采购项目名称：天津大学北洋园校区网络安全与人工智能大楼三通一平竞争性磋商公告 首次公告日期：2026年09月02日 二、更正信息 更正事项：采购文件 更正内容： 对天津大学北洋园校区网络安全与人工智能大楼三通一平竞争性磋商文件“第七部分 响应文件格式 技术资信响应文件 附件（6）”进行更正，内容详见附件，其他内容不变，请知悉。 更正日期：2026年09月09日 三、其他补充事宜 / 四、凡对本次公告内容提出询问，请按以下方式联系。 1.采购人信息 名 称：天津大学 地址：天津市南开区卫津路92号 联系方式：蒯老师、马老师，022-27407597（招标办） 2.采购代理机构信息 名 称：上海建科造价咨询有限公司 地 址：天津市河西区大沽南路882号10号楼303 联系方式：常欣宇、刘牧晖、周子雯、付雅雯、温立军、范继文 15690906185、15222651888 3.项目联系方式 项目联系人：常欣宇、刘牧晖、周子雯、付雅雯、温立军、范继文 电 话： 15690906185、15222651888,教育培训,,中国政府采购网,,,default,,采购文件,,,,,,,,,
HRL1300电堆组装用膜电极和制备工装采购项目更正公告,变更公告,THTC-HR-RLDC2026032,2026年09月09日 16:05,北京市,zycgr22011902,/,冯老师 010-57305132,天恒招标有限公司,北京市东城区东四十条甲22号南新仓商务大厦B座922,赵梦媛、王文静、陈洁、徐梓瑶、刘戈 010-53393815、17710393237,赵梦媛、王文静、陈洁、徐梓瑶,010-53393815、17710393237,HRL1300电堆组装用膜电极和制备工装采购项目更正公告.docx,"[{""attach_name"": ""HRL1300电堆组装用膜电极和制备工装采购项目更正公告.docx"", ""attach_url"": ""https://download.ccgp.gov.cn/oss/download?uuid=5ABB5BEEE2E9479D78617D4FE8E9A4""}]",https://www.ccgp.gov.cn/cggg/zygg/gzgg/202609/t20260909_27296318.htm,2026-09-10 09:45:21,一、项目基本情况 原公告的采购项目编号：THTC-HR-RLDC2026032 原公告的采购项目名称：HRL1300电堆组装用膜电极和制备工装采购项目 首次公告日期：2026年09月01日 二、更正信息 更正事项：采购文件 更正内容： 原招标文件：第五章   采购需求 9付款条件付款方式：分期支付按照预付款、首次货款、末次货款分阶段支付，支付比例为30%：40%：10%。更正为：第五章   采购需求 9付款条件付款方式：分期支付按照预付款、首次货款、末次货款分阶段支付，支付比例为30%：40%：30%。 更正日期：2026年09月09日 三、其他补充事宜 发布公告的媒介：中国政府采购网 四、凡对本次公告内容提出询问，请按以下方式联系。 1.采购人信息 名 称：zycgr22011902 地址：/ 联系方式：冯老师 010-57305132 2.采购代理机构信息 名 称：天恒招标有限公司 地 址：北京市东城区东四十条甲22号南新仓商务大厦B座922 联系方式：赵梦媛、王文静、陈洁、徐梓瑶、刘戈 010-53393815、17710393237 3.项目联系方式 项目联系人：赵梦媛、王文静、陈洁、徐梓瑶、刘戈 电 话： 010-53393815、17710393237,其他,,中国政府采购网,,,default,,采购文件,,,,,,,,,
中国民用航空飞行学院航空气象空中实验室项目更正公告,变更公告,RHZJ2026037,2026年09月09日 16:02,广汉市,中国民用航空飞行学院,四川省广汉市雒城镇南昌路4段46号,肖老师13658167368,融汇项目管理有限公司,成都市高新区吉泰一街99号国际科技节能大厦B座23层2301号,陈女士028-67697399,陈书萍、钟晓虹、曾俊、黄小雨,028-67697399,,,https://www.ccgp.gov.cn/cggg/zygg/gzgg/202609/t20260909_27296272.htm,2026-09-10 09:45:22,一、项目基本情况 原公告的采购项目编号：RHZJ2026037 原公告的采购项目名称：中国民用航空飞行学院航空气象空中实验室项目 首次公告日期：2026年09月03日 二、更正信息 更正事项：采购文件 更正内容： 竞争性磋商文件第五章的三、项目清单及技术要求中机载大气参数测量系统的技术参数与性能指标“3.静压范围覆盖0~103.4kPa，静压分辨率0.01 Pa”。更正为：“3.静压范围覆盖0~103.4kPa，静压分辨率0.01 kPa”。其余内容不变！ 更正日期：2026年09月09日 三、其他补充事宜 / 四、凡对本次公告内容提出询问，请按以下方式联系。 1.采购人信息 名 称：中国民用航空飞行学院 地址：四川省广汉市雒城镇南昌路4段46号 联系方式：肖老师13658167368 2.采购代理机构信息 名 称：融汇项目管理有限公司 地 址：成都市高新区吉泰一街99号国际科技节能大厦B座23层2301号 联系方式：陈女士028-67697399 3.项目联系方式 项目联系人：陈书萍、钟晓虹、曾俊、黄小雨 电 话： 028-67697399,教育培训,,中国政府采购网,,,default,,采购文件,,,,,,,,,
2026年成都铁路公安局成都公安处民警（含退休）成都片区健康体检服务项目更正公告,变更公告,SCTFD-,2026年09月09日 16:00,市辖区,成都铁路公安局,成都市金牛区站西路2号附2号,吴老师028-86424769,四川鑫同方招投标咨询有限公司,成都市高新区锦晖西一街99号荣盛·布鲁明顿广场B座1501室,陈女士028-62079118,陈女士,028-62079118,"采购文件购买登记表.docx,采购需求.docx","[{""attach_name"": ""采购文件购买登记表.docx"", ""attach_url"": ""https://download.ccgp.gov.cn/oss/download?uuid=2328FCF1088369AD7B3FD56CC47828""}, {""attach_name"": ""采购需求.docx"", ""attach_url"": ""https://download.ccgp.gov.cn/oss/download?uuid=285E5075C0621F04C11FE13FA55239""}]",https://www.ccgp.gov.cn/cggg/zygg/gzgg/202609/t20260909_27296230.htm,2026-09-10 09:45:23,一、项目基本情况 原公告的采购项目编号：SCTFD-采-26ZC072 原公告的采购项目名称：2026年成都铁路公安局成都公安处民警（含退休）成都片区健康体检服务项目 首次公告日期：2026年09月08日 二、更正信息 更正事项：采购公告 更正内容： 1、原公告提交投标文件截止时间：2026年09月28日 10点30分（北京时间）开标时间：2026年09月28日 10点30分（北京时间）更正为：提交投标文件截止时间：2026年09月29日 10点30分（北京时间）开标时间：2026年09月29日 10点30分（北京时间）2、原采购文件 第六章 项目技术、服务、采购合同内容条款及其他商务要求 一、技术要求 （2） 女性职工体检项目 中 第3条  外科（肛诊）了解浅表淋巴结、甲状腺、肛门（含指检）、前列腺（男）等基本情况。  更正为:删除前列腺（男）。3、原采购文件第六章 项目技术、服务、采购合同内容条款及其他商务要求  三、服务要求 中 （7）向采购人提供参检人员的全部体检报告。 更正为：（7）待全部体检工作结束后，中标供应商出具完整的体检报告及建档资料完成后7个工作日内向采购人提供参检人员的全部体检报告。4、原采购文件第六章 项目技术、服务、采购合同内容条款及其他商务要求 四 、商务要求中遗漏服务期限。更正为：1、服务期限:合同签订之日起至2026年12月31日止，具体体检时间与采购人协商。      5、其他内容不变。 更正日期：2026年09月09日 三、其他补充事宜 无 四、凡对本次公告内容提出询问，请按以下方式联系。 1.采购人信息 名 称：成都铁路公安局 地址：成都市金牛区站西路2号附2号 联系方式：吴老师028-86424769 2.采购代理机构信息 名 称：四川鑫同方招投标咨询有限公司 地 址：成都市高新区锦晖西一街99号荣盛·布鲁明顿广场B座1501室 联系方式：陈女士028-62079118 3.项目联系方式 项目联系人：陈女士 电 话： 028-62079118,公共安全,2026-09-28 10:30,中国政府采购网,,,default,,采购公告,,,,,,,,,
中国科学院广州生物医药与健康研究院非标记生物分子相互作用分析系统采购项目更正公告,变更公告,OITC-G260601988,2026年09月09日 15:54,广州市,中国科学院广州生物医药与健康研究院,广州市黄埔区开源大道190号,020-32015352,东方国际招标有限责任公司,北京市海淀区丹棱街1号互联网金融中心20层,迟兆洋、叶明、林杨婷、020-87001523、010-68290583/0548、ytlin@oitc.com.cn、cjwang@oitc.com.cn、sli@oitc.com.cn,迟兆洋、叶明、林杨婷,020-87001523、010-68290583,,,https://www.ccgp.gov.cn/cggg/zygg/gzgg/202609/t20260909_27296098.htm,2026-09-10 09:45:23,"一、项目基本情况 原公告的采购项目编号：OITC-G260601988 原公告的采购项目名称：中国科学院广州生物医药与健康研究院非标记生物分子相互作用分析系统采购项目 首次公告日期：2026年08月21日 二、更正信息 更正事项：采购文件 更正内容： 一、招标文件第四章项目需求“★2.独立检测通道≥6个，可单独、配对、大串联使用(4个一组或6个一组),单针进一个分析物即能获得与5个配体的互作数据，相比多针同时进样更加节省样品。(需提供软件功能截图)。”更正为：“▲2.独立检测通道≥6个，可单独、配对、大串联使用，单针进一个分析物即能获得与5个配体的互作数据。(需提供软件功能截图)。”二、删除原招标文件第四章项目需求：“▲28:原厂能够提供至少4种不同规格的同品牌重力脱盐柱，适配不同处理体积的样品，能开展重力/离心方式的样品脱盐实验。”条款。三、提交投标文件截止时间、开标时间更正为：2026年9月28日14点30分（北京时间）四、其余均不变。 更正日期：2026年09月09日 三、其他补充事宜 中国科学院广州生物医药与健康研究院非标记生物分子相互作用分析系统采购项目公开招标公告：https://www.ccgp.gov.cn/cggg/zygg/gkzb/202608/t20260821_27179561.htm 四、凡对本次公告内容提出询问，请按以下方式联系。 1.采购人信息 名 称：中国科学院广州生物医药与健康研究院 地址：广州市黄埔区开源大道190号 联系方式：020-32015352 2.采购代理机构信息 名 称：东方国际招标有限责任公司 地 址：北京市海淀区丹棱街1号互联网金融中心20层 联系方式：迟兆洋、叶明、林杨婷、020-87001523、010-68290583/0548、ytlin@oitc.com.cn、cjwang@oitc.com.cn、sli@oitc.com.cn 3.项目联系方式 项目联系人：迟兆洋、叶明、林杨婷 电 话： 020-87001523、010-68290583/0548（电话若一时无人接听请发邮件ytlin@oitc.com.cn、cjwang@oitc.com.cn、sli@oitc.com.cn 咨询，我司会及时回复）",医疗卫生,,中国政府采购网,,,default,,采购文件,,,,,,,,,
中国人民银行吉林省分行慰问品配送服务采购项目更正公告,变更公告,GMGITC-JL-260812,2026年09月09日 15:45,吉林省,中国人民银行吉林省分行,长春市朝阳区新民大街1027号,宋女士、0431-88572107,国义招标股份有限公司,长春市朝阳区富强街399号,吴思远、0431-80531173,吴思远,0431-80531173,,,https://www.ccgp.gov.cn/cggg/zygg/gzgg/202609/t20260909_27295869.htm,2026-09-10 09:45:24,一、项目基本情况 原公告的采购项目编号：GMGITC-JL-260812 原公告的采购项目名称：中国人民银行吉林省分行慰问品配送服务采购项目成交公告 首次公告日期：2026年09月08日 二、更正信息 更正事项：采购结果 更正内容： 中标（成交）信息供应商名称：长春市厚德电子设备有限公司供应商地址：长春市绿园区城西镇四间村四间房屯包组或产品名称：无折扣率(%)：76.0000000 更正日期：2026年09月09日 三、其他补充事宜 四、凡对本次公告内容提出询问，请按以下方式联系。 1.采购人信息 名 称：中国人民银行吉林省分行 地址：长春市朝阳区新民大街1027号 联系方式：宋女士、0431-88572107 2.采购代理机构信息 名 称：国义招标股份有限公司 地 址：长春市朝阳区富强街399号 联系方式：吴思远、0431-80531173 3.项目联系方式 项目联系人：吴思远 电 话： 0431-80531173,设备购置,,中国政府采购网,,,default,,采购结果,,,,,,,,,
国家税务总局北京市税务局2026-2027年安保服务项目更正公告,变更公告,BJSW-YF260901,2026年09月09日 15:39,北京市,国家税务总局北京市税务局,北京市海淀区苏州街36号,刘老师，010-88376262,北京汇诚金桥国际招标咨询有限公司,北京市东城区朝内大街南竹杆胡同6号北京INN3号楼9层,赵一鸣、王秋凌 010-65699122、65173825、65244483,赵一鸣、王秋凌,010-65699122、65173825、65244483,项目更正公告9.9.doc,"[{""attach_name"": ""项目更正公告9.9.doc"", ""attach_url"": ""https://download.ccgp.gov.cn/oss/download?uuid=D6664403F6EFC4E1E3D9EE0073BB1A""}]",https://www.ccgp.gov.cn/cggg/zygg/gzgg/202609/t20260909_27295762.htm,2026-09-10 09:45:25,一、项目基本情况 原公告的采购项目编号：BJSW-YF260901 原公告的采购项目名称：国家税务总局北京市税务局2026-2027年安保服务项目 首次公告日期：2026年09月02日 二、更正信息 更正事项：采购文件 更正内容： 一、对招标文件进行更正：招标文件P7页“8采购标的对应的中小企业划分标准所属行业”由“（十六）其他未列明行业”更正为“（十五）租赁和商务服务业”，与招标文件P87页“9.2所属行业”所述相关内容保持一致。注：招标文件中涉及上述要求的条款均做相应调整，其余条款按原招标文件规定的内容执行。 更正日期：2026年09月09日 三、其他补充事宜 无 四、凡对本次公告内容提出询问，请按以下方式联系。 1.采购人信息 名 称：国家税务总局北京市税务局 地址：北京市海淀区苏州街36号 联系方式：刘老师，010-88376262 2.采购代理机构信息 名 称：北京汇诚金桥国际招标咨询有限公司 地 址：北京市东城区朝内大街南竹杆胡同6号北京INN3号楼9层 联系方式：赵一鸣、王秋凌 010-65699122、65173825、65244483 3.项目联系方式 项目联系人：赵一鸣、王秋凌 电 话： 010-65699122、65173825、65244483,服务外包,,中国政府采购网,,,default,,采购文件,,,,,,,,,
中国地质科学院地质力学研究所超深孔地应力测量与监测系统研发配套组件采购项目更正公告,变更公告,2641STC43406,2026年09月09日 15:31,海淀区,中国地质科学院地质力学研究所,北京市海淀区民族大学南路11号,010-88815501,中钢招标有限责任公司,北京市海淀区海淀大街8号中钢国际广场16层,010-62688251,杨绍帅、刘思琪、李炳勋、梁爽,010-62686515,,,https://www.ccgp.gov.cn/cggg/zygg/gzgg/202609/t20260909_27295576.htm,2026-09-10 09:45:25,一、项目基本情况 原公告的采购项目编号：2641STC43406 原公告的采购项目名称：超深孔地应力测量与监测系统研发 配套组件采购项目 首次公告日期：2026年09月02日 二、更正信息 更正事项：采购公告 更正内容： 获取招标文件时间变更为：2026年9月2日至2026年9月16日，每天上午9:00至12:00，下午12:00至17:00（北京时间，法定节假日除外）。招标文件其他内容不变。 更正日期：2026年09月09日 三、其他补充事宜 四、凡对本次公告内容提出询问，请按以下方式联系。 1.采购人信息 名 称：中国地质科学院地质力学研究所 地址：北京市海淀区民族大学南路11号 联系方式：010-88815501 2.采购代理机构信息 名 称：中钢招标有限责任公司 地 址：北京市海淀区海淀大街8号中钢国际广场16层 联系方式：010-62688251 3.项目联系方式 项目联系人：杨绍帅、刘思琪、李炳勋、梁爽、董虓鸣、陈俊、尹皓 电 话： 010-62686515、liusq@sstc20.com,教育培训,,中国政府采购网,,,default,,采购公告,,,,,,,,,
中华人民共和国东莞海事局东莞海事局购买服务项目（2026年10月至2027年9月）更正公告（第二次）,变更公告,,2026年09月09日 15:29,东莞市,中华人民共和国东莞海事局,东莞市沙田镇港口大道虎门港服务大楼五楼东莞海事局党群工作部,0769-82793127,广东计安招标采购有限公司,佛山市禅城区澜石(国际）金属交易中心第9座二楼25-27号,"张小姐  ,0757-82615983",杨先生,0769-82793127,,,https://www.ccgp.gov.cn/cggg/zygg/gzgg/202609/t20260909_27295533.htm,2026-09-10 09:45:26,"一、项目基本情况 原公告的采购项目编号： 原公告的采购项目名称：东莞海事局购买服务项目（2026年10月至2027年9月） 首次公告日期：2026年08月19日 二、更正信息 更正事项：采购公告 更正内容： 1、原《采购公告》中：项目概况东莞海事局购买服务项目（2026年10月至2027年9月） 招标项目的潜在投标人应在佛山市禅城区澜石(国际）金属交易中心第9座二楼25-27号获取招标文件，并于2026年09月10日 10点00分（北京时间）前递交投标文件。现更改为：项目概况东莞海事局购买服务项目（2026年10月至2027年9月） 招标项目的潜在投标人应在佛山市禅城区澜石(国际）金属交易中心第9座二楼25-27号获取招标文件，并于2026年09月17日 10点00分（北京时间）前递交投标文件。 2、原《采购公告》中：四、提交投标文件截止时间、开标时间和地点提交投标文件截止时间：2026年09月10日 10点00分（北京时间）开标时间：2026年09月10日 10点00分（北京时间）地点：广州市海珠区新港东路2519号大院33号楼一楼会议室 现更改为：四、提交投标文件截止时间、开标时间和地点提交投标文件截止时间：2026年09月17日 10点00分（北京时间）开标时间：2026年09月17日 10点00分（北京时间）地点：广州市海珠区新港东路2519号大院33号楼一楼会议室 更正日期：2026年09月09日 三、其他补充事宜 无 四、凡对本次公告内容提出询问，请按以下方式联系。 1.采购人信息 名 称：中华人民共和国东莞海事局 地址：东莞市沙田镇港口大道虎门港服务大楼五楼东莞海事局党群工作部 联系方式：0769-82793127 2.采购代理机构信息 名 称：广东计安招标采购有限公司 地 址：佛山市禅城区澜石(国际）金属交易中心第9座二楼25-27号 联系方式：张小姐 ,0757-82615983 3.项目联系方式 项目联系人：杨先生 电 话： 0769-82793127",其他,2026-09-10 10:00,中国政府采购网,,,default,,采购公告,,,,,,,,,
中国疾病预防控制中心环境与健康相关产品安全所DNA甲基化芯片检测服务采购项目更正公告,变更公告,2026NIEH034,2026年09月09日 15:20,朝阳区,中国疾病预防控制中心环境与健康相关产品安全所,北京市朝阳区潘家园南里7号,王政凯  50930202,详见公告正文,详见公告正文,详见公告正文,张曾航,50930241,,,https://www.ccgp.gov.cn/cggg/zygg/gzgg/202609/t20260909_27295965.htm,2026-09-10 09:45:27,一、项目基本情况 原公告的采购项目编号：2026NIEH034 原公告的采购项目名称：中国疾病预防控制中心环境与健康相关产品安全所DNA甲基化芯片检测服务采购项目竞争性磋商 首次公告日期：2026年09月07日 二、更正信息 更正事项：采购文件 更正内容： 更正内容：1.采购文件“四、（六）、具备《医疗机构执业许可证》”取消。2.本项目开标及评审日期变更为：2026年9月21日上午9:30；递交确认函和响应文件截至日期变更为2026年9月20日。 更正日期：2026年09月09日 三、其他补充事宜 四、凡对本次公告内容提出询问，请按以下方式联系。 1.采购人信息 名 称：中国疾病预防控制中心环境与健康相关产品安全所 地址：北京市朝阳区潘家园南里7号 联系方式：王政凯 50930202 2.项目联系方式 项目联系人：张曾航 电 话： 50930241,科研检测,,中国政府采购网,,,default,,采购文件,,,,,,,,,
暨南大学石牌校区科学馆一楼接待室项目更正公告,变更公告,0809-2640GZX24065,2026年09月09日 14:54,天河区,暨南大学,广州市天河区黄埔大道西601号,李老师，020-85223022,广东华伦招标有限公司,广州市越秀区广仁路1号广仁大厦7楼,麦工，020-83172166-843,麦工,020-83172166-843,暨南大学石牌校区科学馆一楼接待室项目询比文件（发布稿）.pdf,"[{""attach_name"": ""暨南大学石牌校区科学馆一楼接待室项目询比文件（发布稿）.pdf"", ""attach_url"": ""https://download.ccgp.gov.cn/oss/download?uuid=EF81540E57FBB348657BBD053836ED""}]",https://www.ccgp.gov.cn/cggg/zygg/gzgg/202609/t20260909_27294999.htm,2026-09-10 09:45:27,一、项目基本情况 原公告的采购项目编号：0809-2640GZX24065 原公告的采购项目名称：暨南大学石牌校区科学馆一楼接待室项目询比公告 首次公告日期：2026年09月03日 二、更正信息 更正事项：采购文件 更正内容： 1、原询比公告和询比文件：安全生产措施费22680.89元，暂列金额66017.40元；修改为：安全生产措施费22692.57元，暂列金额66015.19元；以公布的工程量清单为准。2、询比公告及询比文件其他内容不变，有不一致的地方，以本更正公告为准。  更正日期：2026年09月09日 三、其他补充事宜 / 四、凡对本次公告内容提出询问，请按以下方式联系。 1.采购人信息 名 称：暨南大学 地址：广州市天河区黄埔大道西601号 联系方式：李老师，020-85223022 2.采购代理机构信息 名 称：广东华伦招标有限公司 地 址：广州市越秀区广仁路1号广仁大厦7楼 联系方式：麦工，020-83172166-843 3.项目联系方式 项目联系人：麦工 电 话： 020-83172166-843,教育培训,,中国政府采购网,,,default,,采购文件,,,,,,,,,
中山大学孙逸仙纪念医院采购监护仪项目延期公告,变更公告,CLF0126GZ06ZC59,2026年09月09日 14:37,广州市,中山大学孙逸仙纪念医院,广州市沿江西路107号,林老师 020-81338035,采联国际招标采购集团有限公司,广东省广州市越秀区环市东路472号粤海大厦7、23楼,020-87651688-171/705,,020-87651688-171,,,https://www.ccgp.gov.cn/cggg/zygg/gzgg/202609/t20260909_27294794.htm,2026-09-10 09:45:28,一、项目基本情况 原公告的采购项目编号：CLF0126GZ06ZC59 原公告的采购项目名称：中山大学孙逸仙纪念医院采购监护仪项目 首次公告日期：2026年08月24日 二、更正信息 更正事项：采购公告 更正内容：  （1） 原采购公告“中山大学孙逸仙纪念医院采购监护仪项目招标项目的潜在投标人应在广东省广州市越秀区环市东路472号粤海大厦7楼获取招标文件，并于2026年09月15日10点00分（北京时间）前递交投标文件。”延长至“中山大学孙逸仙纪念医院采购监护仪项目招标项目的潜在投标人应在广东省广州市越秀区环市东路472号粤海大厦7楼获取招标文件，并于2026年09月20日10点00分（北京时间）前递交投标文件。”（2） 原采购公告“四、提交投标文件截止时间、开标时间和地点：提交投标文件截止时间：2026年09月15日10点00分（北京时间）开标时间：2026年09月15日10点00分（北京时间）”，延长至“四、提交投标文件截止时间、开标时间和地点：提交投标文件截止时间：2026年09月20日10点00分（北京时间）开标时间：2026年09月20日10点00分（北京时间）”。 更正日期：2026年09月09日 三、其他补充事宜 采购文件如涉及上述内容的亦作相应修改，其他内容不变。 四、凡对本次公告内容提出询问，请按以下方式联系。 1.采购人信息 名 称：中山大学孙逸仙纪念医院 地址：广州市沿江西路107号 联系方式：林老师 020-81338035 2.采购代理机构信息 名 称：采联国际招标采购集团有限公司 地 址：广东省广州市越秀区环市东路472号粤海大厦7、23楼 联系方式：020-87651688-171/705 3.项目联系方式 项目联系人：（采购代理机构）郭女士/李女士；（采购人）林老师 电 话： 020-87651688-171/705；020-81338035,医疗卫生,2026-09-15 10:00,中国政府采购网,,,default,,采购公告,,,,,,,,,
天津大学医院西药和成药配送服务项目（第二次）更正公告,变更公告,TDQT202600057,2026年09月09日 14:29,天津市,天津大学,天津市南开区卫津路92号,孔老师、李老师022-27407559（招标办）,中招国际招标有限公司,中招国际招标有限公司（天津市河西区泰山路6号北门（光电生活区北门）17#楼二层A座）,王擎、陈琛、董辉、马静、傅秋玲、张虓宇、赵玉亭 022-28224220,王擎、陈琛、董辉、马静、傅秋玲,022-28224220,,,https://www.ccgp.gov.cn/cggg/zygg/gzgg/202609/t20260909_27294712.htm,2026-09-10 09:45:29,一、项目基本情况 原公告的采购项目编号：TDQT202600057 原公告的采购项目名称：天津大学医院西药和成药配送服务项目（第二次） 首次公告日期：2026年08月12日 二、更正信息 更正事项：采购文件 更正内容： 1.投标文件递交截止时间及开标时间更正为：2026年09月22日 13：302.除以上更正内容外，招标文件其他部分不变。投标文件中涉及原开标时间的相关内容，不做否决投标处理。 更正日期：2026年09月09日 三、其他补充事宜 招标文件与本公告有不符之处，以本公告为准，本公告未涉及内容仍以招标文件为准。 四、凡对本次公告内容提出询问，请按以下方式联系。 1.采购人信息 名 称：天津大学 地址：天津市南开区卫津路92号 联系方式：孔老师、李老师022-27407559（招标办） 2.采购代理机构信息 名 称：中招国际招标有限公司 地 址：中招国际招标有限公司（天津市河西区泰山路6号北门（光电生活区北门）17#楼二层A座） 联系方式：王擎、陈琛、董辉、马静、傅秋玲、张虓宇、赵玉亭 022-28224220 3.项目联系方式 项目联系人：王擎、陈琛、董辉、马静、傅秋玲、张虓宇、赵玉亭 电 话： 022-28224220,医疗卫生,,中国政府采购网,,,default,,采购文件,,,,,,,,,
中国科学院南海海洋研究所科学调查船保险服务采购项目更正公告,变更公告,OITC-G260601985,2026年09月09日 14:13,广州市,中国科学院南海海洋研究所,广州市海珠区新港西路164号,路船长 020-89023709,东方国际招标有限责任公司,北京市海淀区丹棱街1号互联网金融中心20层,迟兆洋、叶明、林杨婷、020-87001523、ytlin@oitc.com.cn、cjwang@oitc.com.cn,迟兆洋、叶明、林杨婷,020-87001523,,,https://www.ccgp.gov.cn/cggg/zygg/gzgg/202609/t20260909_27294608.htm,2026-09-10 09:45:29,一、项目基本情况 原公告的采购项目编号：OITC-G260601985 原公告的采购项目名称：中国科学院南海海洋研究所科学调查船保险服务采购项目 首次公告日期：2026年08月21日 二、更正信息 更正事项：采购公告 更正内容： 一、提交投标文件截止时间、开标时间更正为：2026年9月17日14点30分（北京时间）二、提交投标文件、开标地点更正为：广州市海珠区新港西路164号1号楼708会议室三、其余均不变  更正日期：2026年09月09日 三、其他补充事宜 中国科学院南海海洋研究所科学调查船保险服务采购项目：https://www.ccgp.gov.cn/cggg/zygg/gkzb/202608/t20260821_27179429.htm 四、凡对本次公告内容提出询问，请按以下方式联系。 1.采购人信息 名 称：中国科学院南海海洋研究所 地址：广州市海珠区新港西路164号 联系方式：路船长 020-89023709 2.采购代理机构信息 名 称：东方国际招标有限责任公司 地 址：北京市海淀区丹棱街1号互联网金融中心20层 联系方式：迟兆洋、叶明、林杨婷、020-87001523、ytlin@oitc.com.cn、cjwang@oitc.com.cn 3.项目联系方式 项目联系人：迟兆洋、叶明、林杨婷 电 话： 020-87001523,教育培训,,中国政府采购网,,,default,,采购公告,,,,,,,,,
中国国际经济技术交流中心采购货物项目实施任务更正公告,变更公告,,2026年09月09日 13:52,北京市,中国国际经济技术交流中心,北京市东城区安定门东大街28号雍和大厦C座11层,时老师010-84000767,中钰招标有限公司,北京市丰台区东旭国际中心A座北楼17层,郭玉婷、王斌、张书玲、李倩、马俊影、刘晶晶电话：010-60624505-807 传真：010-60624505-840，  电子信箱：zhaobiao04@zyzbdl.com,郭玉婷、王斌、张书玲、李倩、马,010-60624505-807,,,https://www.ccgp.gov.cn/cggg/zygg/gzgg/202609/t20260909_27294504.htm,2026-09-10 09:45:30,一、项目基本情况 原公告的采购项目编号：物资2026-007 原公告的采购项目名称：中国国际经济技术交流中心采购货物项目实施任务 首次公告日期：2026年08月20日 二、更正信息 更正事项：采购文件 更正内容： 本项目投标截止时间和开标时间延期至2026年9月28日上午9:30。 更正日期：2026年09月09日 三、其他补充事宜 无 四、凡对本次公告内容提出询问，请按以下方式联系。 1.采购人信息 名 称：中国国际经济技术交流中心 地址：北京市东城区安定门东大街28号雍和大厦C座11层 联系方式：时老师010-84000767 2.采购代理机构信息 名 称：中钰招标有限公司 地 址：北京市丰台区东旭国际中心A座北楼17层 联系方式：郭玉婷、王斌、张书玲、李倩、马俊影、刘晶晶电话：010-60624505-807 传真：010-60624505-840， 电子信箱：zhaobiao04@zyzbdl.com 3.项目联系方式 项目联系人：郭玉婷、王斌、张书玲、李倩、马俊影、刘晶晶 电 话： 010-60624505-807,其他,,中国政府采购网,,,default,,采购文件,,,,,,,,,
zycgr22011903临床CRO服务采购招标项目更正公告,变更公告,2505004079,2026年09月09日 13:47,上海市,zycgr22011903,上海市合川路2380号,杨老师 021-33885359,上海国际招标有限公司,上海市延安西路358号美丽园大厦14楼,阮相儒、徐迪、何沛霖 021-32173699、32173620,阮相儒,021-32173699、32173620,,,https://www.ccgp.gov.cn/cggg/zygg/gzgg/202609/t20260909_27294484.htm,2026-09-10 09:45:30,一、项目基本情况 原公告的采购项目编号：2505004079 原公告的采购项目名称：zycgr22011903临床CRO服务采购招标项目公开招标公告 首次公告日期：2026年08月28日 二、更正信息 更正事项：采购文件 更正内容： 本项目投标截止时间、开标时间更正为：2026年9月28日，上午9:00（北京时间）本项目开标会地点更正为：上海市延安西路358号美丽园大厦19楼1904-1会议室 更正日期：2026年09月09日 三、其他补充事宜 四、凡对本次公告内容提出询问，请按以下方式联系。 1.采购人信息 名 称：zycgr22011903 地址：上海市合川路2380号 联系方式：杨老师 021-33885359 2.采购代理机构信息 名 称：上海国际招标有限公司 地 址：上海市延安西路358号美丽园大厦14楼 联系方式：阮相儒、徐迪、何沛霖 021-32173699、32173620 3.项目联系方式 项目联系人：阮相儒，徐迪，何沛霖 电 话： 021-32173699、32173620,其他,,中国政府采购网,,,default,,采购文件,,,,,,,,,
zycgr220119032026年CMC工艺研发和生产委托服务第一批采购招标项目更正公告,变更公告,2505004067,2026年09月09日 13:46,上海市,zycgr22011903,上海市合川路2380号,韩老师 021-33885359,上海国际招标有限公司,上海市延安西路358号美丽园大厦14楼,阮相儒、徐迪、何沛霖 021-32173699、32173620,阮相儒,021-32173699、32173620,,,https://www.ccgp.gov.cn/cggg/zygg/gzgg/202609/t20260909_27294480.htm,2026-09-10 09:45:31,一、项目基本情况 原公告的采购项目编号：2505004067 原公告的采购项目名称：zycgr220119032026年CMC工艺研发和生产委托服务第一批采购招标项目公开招标公告 首次公告日期：2026年08月25日 二、更正信息 更正事项：采购文件 更正内容： 本项目投标截止时间、开标时间、投标保证金递交截止时间更正为：2026年9月21日，上午9:00（北京时间）本项目开标会地点更正为：上海市延安西路358号美丽园大厦19楼1904-1会议室 更正日期：2026年09月09日 三、其他补充事宜 四、凡对本次公告内容提出询问，请按以下方式联系。 1.采购人信息 名 称：zycgr22011903 地址：上海市合川路2380号 联系方式：韩老师 021-33885359 2.采购代理机构信息 名 称：上海国际招标有限公司 地 址：上海市延安西路358号美丽园大厦14楼 联系方式：阮相儒、徐迪、何沛霖 021-32173699、32173620 3.项目联系方式 项目联系人：阮相儒，徐迪，何沛霖 电 话： 021-32173699、32173620,其他,,中国政府采购网,,,default,,采购文件,,,,,,,,,
中国人民银行湛江市分行办公楼玻璃窗维修改造工程项目更正公告,变更公告,ZJMZ-CG-2026-030,2026年09月09日 12:58,湛江市,中国人民银行湛江市分行,/,李先生/13828279358,湛江明正工程管理有限公司,湛江市赤坎区湾南路26号A3栋201房,宋先生/0759-3362277,宋先生,0759-3362277,,,https://www.ccgp.gov.cn/cggg/zygg/gzgg/202609/t20260909_27294354.htm,2026-09-10 09:45:32,一、项目基本情况 原公告的采购项目编号：ZJMZ-CG-2026-030 原公告的采购项目名称：中国人民银行湛江市分行办公楼玻璃窗维修改造工程项目竞争性磋商公告 首次公告日期：2026年09月09日 二、更正信息 更正事项：采购公告 更正内容： 1、响应文件提交截止时间：2026年09月21日 09点30分（北京时间）更正为：响应文件提交截止时间：2026年09月22日 15点30分。2、开启时间：2026年09月21日 09点30分（北京时间）更正为：开启时间：2026年09月22日15点30分（北京时间）。 更正日期：2026年09月09日 三、其他补充事宜 四、凡对本次公告内容提出询问，请按以下方式联系。 1.采购人信息 名 称：中国人民银行湛江市分行 地址：/ 联系方式：李先生/13828279358 2.采购代理机构信息 名 称：湛江明正工程管理有限公司 地 址：湛江市赤坎区湾南路26号A3栋201房 联系方式：宋先生/0759-3362277 3.项目联系方式 项目联系人：宋先生 电 话： 0759-3362277,工程建设,2026-09-21 09:30,中国政府采购网,,,default,,采购公告,,,,,,,,,
北京市通州区消防救援支队2026年度通州区消防救援网站运维服务比选公告更正公告,变更公告,ZYZX-FW-26133,2026年09月09日 12:47,北京市,通州区消防救援支队,北京市通州区潞源街道镜澄街与畅和西路交叉口,张老师  010-52821101,北京中域正信工程咨询有限公司,北京市昌平区碧水庄园A5-5,贾志伟 15718847463,贾志伟,15718847463,,,https://www.ccgp.gov.cn/cggg/zygg/gzgg/202609/t20260909_27294312.htm,2026-09-10 09:45:32,一、项目基本情况 原公告的采购项目编号：ZYZX-FW-26133 原公告的采购项目名称：北京市通州区消防救援支队2026年度通州区消防救援网站运维服务比选公告 首次公告日期：2026年09月09日 二、更正信息 更正事项：采购公告 更正内容： 原比选公告：二、申请人的资格要求：1）在中华人民共和国境内注册的、具有独立承担民事责任的能力的供应商；2）具有良好的商业信誉和健全的财务会计制度；3）具有履行合同所必需的设备和专业技术能力；4）有依法缴纳税收和社会保障资金的良好记录；5）近三年内，在经营活动中没有重大违法记录，通过“信用中国”网站（www.creditchina.gov.cn）和中国政府采购网（www.ccgp.gov.cn）查询信用记录（截止时间点为投标截止时间），被列入失信被执行人、重大税收违法案件当事人名单或政府采购严重违法失信行为记录名单的供应商，没有资格参加本项目的采购活动；6）本项目不接受联合体投标；7）单位负责人为同一人或者存在直接控股、管理关系的不同供应商，不得同时参加本项目的投标；8）法律、行政法规规定的其他条件。9）本项目专门面向中小企业采购更正为：二、申请人的资格要求：1）在中华人民共和国境内注册的、具有独立承担民事责任的能力的供应商；2）具有良好的商业信誉和健全的财务会计制度；3）具有履行合同所必需的设备和专业技术能力；4）有依法缴纳税收和社会保障资金的良好记录；5）近三年内，在经营活动中没有重大违法记录，通过“信用中国”网站（www.creditchina.gov.cn）和中国政府采购网（www.ccgp.gov.cn）查询信用记录（截止时间点为投标截止时间），被列入失信被执行人、重大税收违法案件当事人名单或政府采购严重违法失信行为记录名单的供应商，没有资格参加本项目的采购活动；6）本项目不接受联合体投标；7）单位负责人为同一人或者存在直接控股、管理关系的不同供应商，不得同时参加本项目的投标；8）法律、行政法规规定的其他条件。 更正日期：2026年09月09日 三、其他补充事宜 无 四、凡对本次公告内容提出询问，请按以下方式联系。 1.采购人信息 名 称：通州区消防救援支队 地址：北京市通州区潞源街道镜澄街与畅和西路交叉口 联系方式：张老师 010-52821101 2.采购代理机构信息 名 称：北京中域正信工程咨询有限公司 地 址：北京市昌平区碧水庄园A5-5 联系方式：贾志伟 15718847463 3.项目联系方式 项目联系人：贾志伟 电 话： 15718847463,公共安全,,中国政府采购网,,,default,,采购公告,,,,,,,,,
温州联合产权交易中心有限公司关于瓯海大队站西消防站及娄桥消防站综合训练设施采购项目更正公告,变更公告,WZYGCG2026080219,2026年09月09日 12:05,瓯海区,温州市瓯海区消防救援大队,温州市瓯海区牛山南路119号,李先生 15088953224,温州联合产权交易中心有限公司,温州市海事路17号金可达商务楼3楼,沈先生0577-85502018,沈先生,0577-85502018,,,https://www.ccgp.gov.cn/cggg/zygg/gzgg/202609/t20260909_27294099.htm,2026-09-10 09:45:33,一、项目基本情况 原公告的采购项目编号：WZYGCG2026080219 原公告的采购项目名称：瓯海大队站西消防站及娄桥消防站综合训练设施采购项目 首次公告日期：2026年08月25日 二、更正信息 更正事项：采购文件 更正内容： 序号 更正项 更正前 更正后 1 第二部分  采购合同 合同签订后7个工作日内完成预付款（合同金额40%，乙方必须先开具合同金额40%的正式发票）。乙方完成全部供货及安装、调试、培训等服务并通过甲方验收后7个工作日内，甲方向乙方支付60%合同价款（乙方必须先开具合同金额60%的正式发票（税点13%））。 合同签订后7个工作日内完成预付款（合同金额40%，乙方必须先开具合同金额40%的正式发票）。乙方完成全部供货及安装、调试、培训等服务并通过甲方验收后7个工作日内，甲方向乙方支付60%合同价款（乙方必须先开具合同金额60%的正式发票）。注：投标人按照自身税务资质，开具国家税务机关认可的合法有效增值税专用发票或增值税普通发票。 2 采购公告“提交响应文件截止时间、开标时间和地点”   四、提交响应文件截止时间、开标时间和地点 响应文件递交的截止时间（即投标截止时间）为2026年9月15日09:30（注：投标截止时间和开标时间需为工作日）。供应商应在投标截止时间之前，登录“温州市阳光采购服务平台-供应商登录-我要投标-上传响应文件”模块，上传CA加密后的电子响应文件。逾期上传响应文件的，采购人将不予受理。 响应文件制作软件下载地址详见“温州市阳光采购服务平台网站-下载中心”。 网上开标时间：2026年9月15日09:30    开标地点：供应商不必抵达开标现场，通过温州市阳光采购服务平台-不见面开标大厅（网址：https://www.wzygcg.com/）线上开启 四、提交响应文件截止时间、开标时间和地点 响应文件递交的截止时间（即投标截止时间）为2026年9月29日09:30（注：投标截止时间和开标时间需为工作日）。供应商应在投标截止时间之前，登录“温州市阳光采购服务平台-供应商登录-我要投标-上传响应文件”模块，上传CA加密后的电子响应文件。逾期上传响应文件的，采购人将不予受理。 响应文件制作软件下载地址详见“温州市阳光采购服务平台网站-下载中心”。 网上开标时间：2026年9月29日09:30    开标地点：供应商不必抵达开标现场，通过温州市阳光采购服务平台-不见面开标大厅（网址：https://www.wzygcg.com/）线上开启   更正日期：2026年09月09日 三、其他补充事宜 无 四、凡对本次公告内容提出询问，请按以下方式联系。 1.采购人信息 名 称：温州市瓯海区消防救援大队 地址：温州市瓯海区牛山南路119号 联系方式：李先生 15088953224 2.采购代理机构信息 名 称：温州联合产权交易中心有限公司 地 址：温州市海事路17号金可达商务楼3楼 联系方式：沈先生0577-85502018 3.项目联系方式 项目联系人：沈先生 电 话： 0577-85502018,公共安全,,中国政府采购网,,,default,,采购文件,,,,,,,,,
新疆税务2026年网络安全设备采购项目（第一包：网络设备采购）第2次采购更正公告,变更公告,XJ2026-ZXGK-A0103-B00,2026年09月09日 11:26,新疆维吾尔自治区,国家税务总局新疆维吾尔自治区税务局,乌鲁木齐市青年路397号,0991-2982309,详见公告正文,详见公告正文,详见公告正文,夏蒙召电,0991-2982407,,,https://www.ccgp.gov.cn/cggg/zygg/gzgg/202609/t20260909_27293734.htm,2026-09-10 09:45:34,"更正公告更正公告一、项目基本情况原公告的采购项目编号：XJ2026-ZXGK-A0103-B00原公告的采购项目名称：新疆税务2026年网络安全设备采购项目（第一包：网络设备采购）第2次采购首次公告日期：2026年8月31日二、更正信息更正事项：采购公告 ☑采购文件 采购结果     更正内容：原采购文件商务部分中""投标人须知前附标""第“6、7、8、11、15、17、25、26、27”项内容未显示，现对未显示内容予以完善。更正日期：2026年9月9日三、其他补充事宜四、凡对本次公告内容提出询问，请按以下方式联系。1.采购人信息名    称：国家税务总局新疆维吾尔自治区税务局地    址：乌鲁木齐市天山区青年路397号联系方式：0991-2982407 2.项目联系方式项目联系人： 夏蒙召电     话： 0991-2982407",信息技术,,中国政府采购网,,,default,,,,,,,,,,,
中国科学院计算机网络信息中心人机物融合信息基础设施创新与试验平台项目数据通信网络安全网络设备采购项目更正公告,变更公告,260111-THHD,2026年09月09日 11:20,市辖区,中国科学院计算机网络信息中心,北京市海淀区东升南路2号院,程老师 010-58812262,北京太和华典工程咨询有限公司,北京市海淀区西直门北大街甲43号金运大厦B座908室,程宇  关曲葳  王琦 13911818887（项目咨询）、13611041948（获取发票）、thhd0908@163.com（项目问询）,程宇,13911818887,,,https://www.ccgp.gov.cn/cggg/zygg/gzgg/202609/t20260909_27293633.htm,2026-09-10 09:45:34,一、项目基本情况 原公告的采购项目编号：260111-THHD<5>-ZBDL-0111 原公告的采购项目名称：中国科学院计算机网络信息中心人机物融合信息基础设施创新与试验平台项目数据通信网络安全网络设备采购项目 首次公告日期：2026年09月08日 二、更正信息 更正事项：采购公告 更正内容： 序号 更正项 更正前内容 更正后内容 1 获取招标文件时间 2026年09月09日  至 2026年09月15日，每天上午8:00至14:00，下午12:00至21:00。（北京时间，法定节假日除外） 2026年9月9日至2026年9月15日，每天上午8:30至12:00，下午12:00至16:30。（北京时间，法定节假日除外）。 更正日期：2026年09月09日 三、其他补充事宜 其他内容不变。 四、凡对本次公告内容提出询问，请按以下方式联系。 1.采购人信息 名 称：中国科学院计算机网络信息中心 地址：北京市海淀区东升南路2号院 联系方式：程老师 010-58812262 2.采购代理机构信息 名 称：北京太和华典工程咨询有限公司 地 址：北京市海淀区西直门北大街甲43号金运大厦B座908室 联系方式：程宇 关曲葳 王琦 13911818887（项目咨询）、13611041948（获取发票）、thhd0908@163.com（项目问询） 3.项目联系方式 项目联系人：程宇 关曲葳 王琦 电 话： 13911818887（项目咨询）、13611041948（获取发票）、thhd0908@163.com（项目问询）,教育培训,,中国政府采购网,,,default,,采购公告,,,,,,,,,
北京大学微米纳米加工技术全国重点实验室台阶仪采购项目（第二次）更正公告,变更公告,OITC-G260310427,2026年09月09日 10:24,北京市,北京大学,北京市海淀区颐和园路5号,吴老师；010-62758587,东方国际招标有限责任公司,北京市海淀区丹棱街1号互联网金融中心20层,王军、郭宇涵、李雯、余睿； 010-68290508；010-68290563；010-68290501,吴老师,010-62758587,第六章 澄清后.pdf,"[{""attach_name"": ""第六章 澄清后.pdf"", ""attach_url"": ""https://download.ccgp.gov.cn/oss/download?uuid=E23FB64DA6E3CD4069F7A7EB9663F6""}]",https://www.ccgp.gov.cn/cggg/zygg/gzgg/202609/t20260909_27293060.htm,2026-09-10 09:45:35,一、项目基本情况 原公告的采购项目编号：OITC-G260310427 原公告的采购项目名称：北京大学微米纳米加工技术全国重点实验室台阶仪采购项目公开招标公告（第二次） 首次公告日期：2026年09月05日 二、更正信息 更正事项：采购公告 更正内容： 1）原招标文件第六章 技术要求中原★1.4：增加:本条只需提供盖章应答或承诺.2）原招标文件第六章 技术要求中原3.4.2.中第1、外观与配置清点：去掉真空泵3）原招标文件第六章 技术要求中原4.4.中第1、外观与配置清点中：去掉真空泵4）原招标文件第六章 技术要求中原★3.2.1.：去掉★。5）原招标文件第六章 技术要求中第六交货期，由原来的“2027年8月30日之前到货并安装完毕。”变更为：“2027年8月30日之前到货。”6）其他不变，特此澄清。 更正日期：2026年09月08日 三、其他补充事宜 无 四、凡对本次公告内容提出询问，请按以下方式联系。 1.采购人信息 名 称：北京大学 地址：北京市海淀区颐和园路5号 联系方式：吴老师；010-62758587 2.采购代理机构信息 名 称：东方国际招标有限责任公司 地 址：北京市海淀区丹棱街1号互联网金融中心20层 联系方式：王军、郭宇涵、李雯、余睿； 010-68290508；010-68290563；010-68290501 3.项目联系方式 项目联系人：吴老师 电 话： 010-62758587,教育培训,,中国政府采购网,,,default,,采购公告,,,,,,,,,
关于吉林大学中日联谊医院病房改造建设及能力提升项目-7号楼改造工程施工监理第一中标候选人放弃中标的公告,变更公告,CCS20260714FJSZ01,2026年09月09日 09:31,长春市,吉林大学中日联谊医院,长春市仙台大街126号,米先生0431-84995171,五矿国际招标有限责任公司,吉林省长春市南关区亚泰大街5211号五环国际大厦1609室,杨青、孙钰坤0431-77771889,杨青、孙钰坤,0431-77771889,,,https://www.ccgp.gov.cn/cggg/zygg/gzgg/202609/t20260909_27292629.htm,2026-09-10 09:45:36,一、项目基本情况 原公告的采购项目编号：CCS20260714FJSZ01 原公告的采购项目名称：吉林大学中日联谊医院病房改造建设及能力提升项目-7号楼改造工程施工监理 首次公告日期：2026年08月28日 二、更正信息 更正事项：采购结果 更正内容： 本项目于2026年8月28日发布了中标候选人公示。公示期内第一中标候选人（中恒一信项目管理咨询有限公司）放弃中标资格，招标人在评标委员会推荐的中标候选人名单中，按顺序确定第二中标候选人（长春市唯实建设工程项目管理有限公司）为第一中标候选人。投标人或其他利害关系人有异议的，应当在公示期间提出。 更正日期：2026年09月09日 三、其他补充事宜 本公告同时在中国招标投标公共服务平台、中国政府采购网、长春市公共资源交易网上发布，同步推送至吉林省公共资源交易公共服务平台、长春经济技术开发区网。招标监督管理部门：长春经济技术开发区建设发展局电话：0431-89960251通讯地址：吉林省长春市吉林大路6188号吉林省建设工程招标投标领域扫黑除恶专项斗争线索举报方式：电话：0431-82752638邮箱：jstzbc123@126.com地址：长春市贵阳街287号建设大厦428室招投标管理处邮编：130051长春市建筑市场招标投标领域扫黑除恶专项斗争线索举报方式：电话：0431-88779829邮箱：ccjw88779829@163.com地址：长春市政务中心（长春市南关区华新街700号）邮编：130400 四、凡对本次公告内容提出询问，请按以下方式联系。 1.采购人信息 名 称：吉林大学中日联谊医院 地址：长春市仙台大街126号 联系方式：米先生0431-84995171 2.采购代理机构信息 名 称：五矿国际招标有限责任公司 地 址：吉林省长春市南关区亚泰大街5211号五环国际大厦1609室 联系方式：杨青、孙钰坤0431-77771889 3.项目联系方式 项目联系人：杨青、孙钰坤 电 话： 0431-77771889,医疗卫生,,中国政府采购网,,,default,,采购结果,,,,,,,,,
国家林业和草原局信息中心2026年国家林业和草原局网络安全监测设备租赁项目更正公告,变更公告,ZGGJ-BJ03-26071495,2026年09月09日 09:27,北京市,国家林业和草原局信息中心,北京市东城区和平里东街18号,010-84238223,中工国际招标有限公司,北京市朝阳区慧忠路5号远大中心C座2层203,刘展闻、张跃18811045595,刘展闻,18811045595,,,https://www.ccgp.gov.cn/cggg/zygg/gzgg/202609/t20260909_27292606.htm,2026-09-10 09:45:36,一、项目基本情况 原公告的采购项目编号：ZGGJ-BJ03-26071495 原公告的采购项目名称：国家林业和草原局信息中心2026年国家林业和草原局网络安全监测设备租赁项目中选公告 首次公告日期：2026年09月08日 二、更正信息 更正事项：采购结果 更正内容： 原中选公告“七、公告期限”由“自本公告发布之日起1个工作日。”更正为“自本公告发布之日起5日。” 更正日期：2026年09月08日 三、其他补充事宜 原公告其他内容不变。 四、凡对本次公告内容提出询问，请按以下方式联系。 1.采购人信息 名 称：国家林业和草原局信息中心 地址：北京市东城区和平里东街18号 联系方式：010-84238223 2.采购代理机构信息 名 称：中工国际招标有限公司 地 址：北京市朝阳区慧忠路5号远大中心C座2层203 联系方式：刘展闻、张跃18811045595 3.项目联系方式 项目联系人：刘展闻 电 话： 18811045595,信息技术,,中国政府采购网,,,default,,采购结果,,,,,,,,,
中国疾病预防控制中心性病艾滋病预防控制中心2026年中国疾控中心性病艾滋病预防控制中心疾病预防控制专用设备购置项目更正公告,变更公告,0701-264106070119,2026年09月09日 09:13,北京市,中国疾病预防控制中心性病艾滋病预防控制中心,北京市昌平区昌百路155号,张老师 58900935,中技国际招标有限公司,北京市丰台区西营街1号院通用时代中心C座9层,姚玮、孙薇 010-81168492,张老师,58900935,,,https://www.ccgp.gov.cn/cggg/zygg/gzgg/202609/t20260909_27292527.htm,2026-09-10 09:45:37,一、项目基本情况 原公告的采购项目编号：0701-264106070119 原公告的采购项目名称：2026年中国疾控中心性病艾滋病预防控制中心疾病预防控制专用设备购置项目 首次公告日期：2026年09月07日 二、更正信息 更正事项：采购文件 更正内容： 招标文件第三章 采购需求中“四、采购标的需满足的服务标准、期限、效率等要求（二）采购标的需满足的服务期限要求”：1. 品目1-3质保期≥2年更正为品目1-3质保期≥10年招标文件其他内容不变。 更正日期：2026年09月09日 三、其他补充事宜 无 四、凡对本次公告内容提出询问，请按以下方式联系。 1.采购人信息 名 称：中国疾病预防控制中心性病艾滋病预防控制中心 地址：北京市昌平区昌百路155号 联系方式：张老师 58900935 2.采购代理机构信息 名 称：中技国际招标有限公司 地 址：北京市丰台区西营街1号院通用时代中心C座9层 联系方式：姚玮、孙薇 010-81168492 3.项目联系方式 项目联系人：张老师 电 话： 58900935,医疗卫生,,中国政府采购网,,,default,,采购文件,,,,,,,,,
广东省梅州市梅县区消防救援大队伙食配送服务采购项目更正公告(第二次）,变更公告,GDXZ-ZG-2026535,2026年09月08日 23:20,梅县,梅州市梅县区消防救援大队,广东省梅州市梅县区政法路5号,胡先生；0753-2561039,广东协作项目管理有限公司,梅州市梅县区新县城新兴路百福豪园63号,杨工；0753-2501516,杨工,0753-2501516,"GDXZ-ZG-2026535招标文件发售登记表.doc,（定稿）广东省梅州市梅县区消防救援大队伙食配送服务采购项目招标文件.pdf,广东省梅州市梅县区消防救援大队伙食配送服务采购项目委托协议.pdf,广东省梅州市梅县区消防救援大队2026年食堂食材配送采购清单.xls,资格承诺函.docx","[{""attach_name"": ""GDXZ-ZG-2026535招标文件发售登记表.doc"", ""attach_url"": ""https://download.ccgp.gov.cn/oss/download?uuid=54C5F8CD39551C2BFCEEA45905E0EE""}, {""attach_name"": ""（定稿）广东省梅州市梅县区消防救援大队伙食配送服务采购项目招标文件.pdf"", ""attach_url"": ""https://download.ccgp.gov.cn/oss/download?uuid=002771E622EF03EA5D40CF0AE2EA50""}, {""attach_name"": ""广东省梅州市梅县区消防救援大队伙食配送服务采购项目委托协议.pdf"", ""attach_url"": ""https://download.ccgp.gov.cn/oss/download?uuid=EEC5028B64EC35602F5E7405F7AD4A""}, {""attach_name"": ""广东省梅州市梅县区消防救援大队2026年食堂食材配送采购清单.xls"", ""attach_url"": ""https://download.ccgp.gov.cn/oss/download?uuid=287C2A479609E4C4822D98EA197A15""}, {""attach_name"": ""资格承诺函.docx"", ""attach_url"": ""https://download.ccgp.gov.cn/oss/download?uuid=86333C8A01D415AD89BBA1F133D68A""}]",https://www.ccgp.gov.cn/cggg/zygg/gzgg/202609/t20260908_27291831.htm,2026-09-10 09:45:38,一、项目基本情况 原公告的采购项目编号：GDXZ-ZG-2026535 原公告的采购项目名称：广东省梅州市梅县区消防救援大队伙食配送服务采购项目公开招标公告 首次公告日期：2026年09月07日 二、更正信息 更正事项：采购公告 更正内容： 1.第三部分须知附表二  技术商务评分表，详见附件。2.食材清单，详见附件。 更正日期：2026年09月08日 三、其他补充事宜 更正公告为原采购公告、原采购文件不可分割的部分，原采购公告、原采购文件相应条款与本公告有不一致之处，以本公告为准。请供应商务必按照更正后的内容编制投标/响应文件，本公告发布，视同书面通知所有潜在供应商。 四、凡对本次公告内容提出询问，请按以下方式联系。 1.采购人信息 名 称：梅州市梅县区消防救援大队 地址：广东省梅州市梅县区政法路5号 联系方式：胡先生；0753-2561039 2.采购代理机构信息 名 称：广东协作项目管理有限公司 地 址：梅州市梅县区新县城新兴路百福豪园63号 联系方式：杨工；0753-2501516 3.项目联系方式 项目联系人：杨工 电 话： 0753-2501516,公共安全,,中国政府采购网,,,default,,采购公告,,,,,,,,,
中国科学院赣江创新研究院超导线采购项目延期公告,变更公告,TC26070JB,2026年09月08日 22:12,赣州市,中国科学院赣江创新研究院,江西省赣州市科学院路1号,联系人：罗老师 电话：0797-4565919,中招国际招标有限公司,北京市海淀区学院南路62号中关村资本大厦911B室,罗子琦、徐子玲、王高云、郭文星、徐润斌 010-61954095、61954155  luoziqi@cntcitc.com.cn,罗子琦、徐子玲、王高云、郭文星,010-61954095、61954155,,,https://www.ccgp.gov.cn/cggg/zygg/gzgg/202609/t20260908_27291761.htm,2026-09-10 09:45:38,一、项目基本情况 原公告的采购项目编号：TC26070JB 原公告的采购项目名称：中国科学院赣江创新研究院超导线采购项目公开招标公告 首次公告日期：2026年09月01日 二、更正信息 更正事项：采购公告 更正内容： 因项目需要，获取招标文件截止时间顺延至2026年09月21日17时00分止。 更正日期：2026年09月08日 三、其他补充事宜 无 四、凡对本次公告内容提出询问，请按以下方式联系。 1.采购人信息 名 称：中国科学院赣江创新研究院 地址：江西省赣州市科学院路1号 联系方式：联系人：罗老师 电话：0797-4565919 2.采购代理机构信息 名 称：中招国际招标有限公司 地 址：北京市海淀区学院南路62号中关村资本大厦911B室 联系方式：罗子琦、徐子玲、王高云、郭文星、徐润斌 010-61954095、61954155 luoziqi@cntcitc.com.cn 3.项目联系方式 项目联系人：罗子琦、徐子玲、王高云、郭文星、徐润斌 电 话： 010-61954095、61954155,教育培训,,中国政府采购网,,,default,,采购公告,,,,,,,,,
ZYCGR22011901自动化高通量序列合成系统采购项目更正公告,变更公告,GZGK26C111A1043Z,2026年09月08日 22:06,广东省,zycgr22011901,广东省广州市海珠区广州国际生物岛星岛环北路9号,位老师020-89806606（6057）,广东国科招标有限公司,广州市先烈中路100号科学院大院9号楼东座2楼（中国广州分析测试中心对面）,罗小姐、苏先生，020-37674721、020-87687651,位老师,020-89806606（6057）,附件 (1).doc,"[{""attach_name"": ""附件 (1).doc"", ""attach_url"": ""https://download.ccgp.gov.cn/oss/download?uuid=CB2AC5D342C9E6E2DC27B9BD7355FB""}]",https://www.ccgp.gov.cn/cggg/zygg/gzgg/202609/t20260908_27291753.htm,2026-09-10 09:45:39,一、项目基本情况 原公告的采购项目编号：GZGK26C111A1043Z 原公告的采购项目名称：ZYCGR22011901自动化高通量序列合成系统采购项目 首次公告日期：2026年08月24日 二、更正信息 更正事项：采购文件 更正内容： 1、《第一章  投标邀请函》中“ZYCGR22011901自动化高通量序列合成系统采购项目的潜在投标人应在“在线获取文件系统”（http://oa.gzgkbidding.com/qpoaweb/prg/gys/prolist.aspx）获取招标文件，并于2026年9月14日09时30分00秒（北京时间）前递交投标文件。”更正为“ZYCGR22011901自动化高通量序列合成系统采购项目的潜在投标人应在“在线获取文件系统”（http://oa.gzgkbidding.com/qpoaweb/prg/gys/prolist.aspx）获取招标文件，并于2026年9月24日09时30分00秒（北京时间）前递交投标文件。”2.《第一章  投标邀请函》“四、提交投标文件截止时间、开标时间和地点”中“2026年9月14日09时30分00秒（北京时间）（自招标文件开始发出之日起至投标人提交投标文件截止之日止，不得少于20日）地点：广州市先烈中路100号科学院大院9号楼东座2楼（中国广州分析测试中心对面）投标文件现场递交时间：2026年09月14日09时00分00秒～09时30分00秒（北京时间）”更正为“2026年9月24日09时30分00秒（北京时间）（自招标文件开始发出之日起至投标人提交投标文件截止之日止，不得少于20日）地点：广州市先烈中路100号科学院大院9号楼东座2楼（中国广州分析测试中心对面）投标文件现场递交时间：2026年09月24日09时00分00秒～09时30分00秒（北京时间）”3、《第二章  采购需求》“四、商务要求”的“2、售后服务要求：”增加内容详见附件4、《第四章  合同条款》“九、售后服务”增加内容详见附件。5、采购文件《第一章  投标邀请函》及《第五章 投标文件格式》涉及上述相关内容亦作相应修改。6、其他均不变。采购文件如涉及上述内容的亦作相应修改。原采购文件与更正公告有矛盾的地方，以此更正公告为准。 更正日期：2026年09月08日 三、其他补充事宜 无 四、凡对本次公告内容提出询问，请按以下方式联系。 1.采购人信息 名 称：zycgr22011901 地址：广东省广州市海珠区广州国际生物岛星岛环北路9号 联系方式：位老师020-89806606（6057） 2.采购代理机构信息 名 称：广东国科招标有限公司 地 址：广州市先烈中路100号科学院大院9号楼东座2楼（中国广州分析测试中心对面） 联系方式：罗小姐、苏先生，020-37674721、020-87687651 3.项目联系方式 项目联系人：位老师 电 话： 020-89806606（6057）,教育培训,2026-09-14 09:30,中国政府采购网,,,default,,采购文件,,,,,,,,,
国家海洋局北海海洋技术保障中心2026年船舶运行保障物资采购项目变更及延期公告,变更公告,JY-DJSO-26022,2026年09月08日 21:54,青岛市,国家海洋局北海海洋技术保障中心,青岛市崂山区崂山路22号,李忠强 0532-58761296,青岛聚元招标有限公司,0532-85899955,付萌青、李欣、张积乐,付萌青、李欣、张积乐,0532-85899955,2026年船舶运行保障物资采购项目变更及延期公告.pdf,"[{""attach_name"": ""2026年船舶运行保障物资采购项目变更及延期公告.pdf"", ""attach_url"": ""https://download.ccgp.gov.cn/oss/download?uuid=67FA1A42FD51B744A16974CF7F7BBE""}]",https://www.ccgp.gov.cn/cggg/zygg/gzgg/202609/t20260908_27291733.htm,2026-09-10 09:45:40,一、项目基本情况 原公告的采购项目编号：JY-DJSO-26022 原公告的采购项目名称：国家海洋局北海海洋技术保障中心2026年船舶运行保障物资采购项目公开招标公告 首次公告日期：2026年08月24日 二、更正信息 更正事项：采购文件 更正内容： 原采购文件：第一章 招标公告项目概况2026年船舶运行保障物资采购项目的潜在投标人应在青岛市市南区宁夏路288号1号楼2102室获取招标文件，并于2026年9月15日9点30分（北京时间）前递交投标文件。三、获取招标文件时间：2026年8月25日起至2026年9月3日，每天上午8:30-11:30，下午13:30-16:30（北京时间，双休日及法定节假日除外）。四、提交投标文件截止时间、开标时间和地点提交投标文件截止时间：2026年9月15日9点30分(北京时间)开标时间：2026年9月15日9点30分(北京时间)第二章 投标人须知前附表 17 投标报价的方式 唯一投标系数。 1.供货价格＝市场基准价格×投标系数。 2.市场基准价格：中标人应在接到采购人下达的计划采购订单通知后3日内完成报价，其中，以京东平台（自营/旗舰）中采购人所需相同品牌、规格、型号的物资价格（简称“商超价格”）为市场参考基准价格；若采购人所需物资京东平台（自营/旗舰）无法提供相关价格支持，则通过同类型商超如亚马逊/天猫（自营/旗舰）等大型采购平台物资价格作为市场参考基准价格；若如上述采购平台均无采购人所需物资，中标人应提供可查询的采购平台价格作为市场参考基准价格（并提交价格证明）。中标人报价时应根据计划采购清单逐项提供市场参考基准价格截图（截图应至少体现采购平台、截图日期、物资价格/主要规格/品牌等信息）。采购人收到报价后根据报价、价格截图、投标系数等进行抽查复核，复核后的价格作为市场基准价格。 2.投标系数保留两位小数，对于小数点两位后的数字，无论大小，直接舍去。不接受选择性报价。 3.供应商只能填报唯一投标系数，不得有选择性报价。 19 投标保证金 1.投标保证金金额：第一包人民币20000元（贰万元整）；第二包人民币10000元（壹万元整）。 2.2026年9月15日9时30分前（以投标保证金到账时间为准）交纳，交纳账户信息如下： 开户名称：青岛聚元招标有限公司 开户银行：青岛银行股份有限公司崂山第三支行 银行账号：802350200407529 3.投标保证金的交纳单位必须与投标人名称一致。 4.投标保证金办理时应注明项目编号。 24 确定核心产品 属于非单一产品采购项目，其中：●为核心产品。  现变更为：第一章 招标公告项目概况2026年船舶运行保障物资采购项目的潜在投标人应在青岛市市南区宁夏路288号1号楼2102室获取招标文件，并于2026年9月24日9点30分（北京时间）前递交投标文件。三、获取招标文件时间：截止至2026年9月24日9点30分（北京时间，双休日及法定节假日除外）。四、提交投标文件截止时间、开标时间和地点提交投标文件截止时间：2026年9月24日9点30分(北京时间)开标时间：2026年9月24日9点30分(北京时间)第二章 投标人须知前附表 17 投标报价的方式 唯一投标系数。 1.供货价格＝市场基准价格×投标系数。 2.市场基准价格：中标人应在接到采购人下达的计划采购订单通知后3日内完成报价，其中，以京东平台（自营/旗舰）中采购人所需相同品牌、规格、型号的物资价格（简称“商超价格”）为市场参考基准价格；若采购人所需物资京东平台（自营/旗舰）无法提供相关价格支持，则通过同类型商超如亚马逊/天猫（自营/旗舰）等大型采购平台物资价格作为市场参考基准价格；若如上述采购平台均无采购人所需物资，中标人应提供可查询的采购平台价格作为市场参考基准价格（并提交价格证明）。中标人报价时应根据计划采购清单逐项提供市场参考基准价格截图（截图应至少体现采购平台、截图日期、物资价格/主要规格/品牌等信息）。采购人收到报价后根据报价、价格截图、投标系数等进行抽查复核，复核后的价格作为市场基准价格。 2.投标系数保留两位小数，对于小数点两位后的数字，无论大小，直接舍去。不接受选择性报价。 3.供应商只能填报唯一投标系数，不得有选择性报价。 4.投标系数上限1.2，超过投标系数上限的报价视为无效报价。 19 投标保证金 1.投标保证金金额：第一包人民币20000元（贰万元整）；第二包人民币10000元（壹万元整）。 2.2026年9月24日9时30分前（以投标保证金到账时间为准）交纳，交纳账户信息如下： 开户名称：青岛聚元招标有限公司 开户银行：青岛银行股份有限公司崂山第三支行 银行账号：802350200407529 3.投标保证金的交纳单位必须与投标人名称一致。 4.投标保证金办理时应注明项目编号。 24 确定核心产品 属于非单一产品采购项目，本项目核心产品为：●电动扳手。  新增：第四章 采购需求二.采购需求 2.2.服务内容新增采购标的清单，因字数限制详见附件。注：1.投标人在投标时需要明确标注出产品品牌及规格。2.投标人应当按照该货物清单提供中小企业声明函。采购人供货时，可以按照实际工作需要调整供货清单，但投标人所供货物必须为中小企业生产和制造的，否则采购人有权拒绝支付。三.商务要求 3.3.3投标系数使用说明如下（4）唯一投标系数上限1.2，超过投标系数上限的报价视为无效报价。 更正日期：2026年09月08日 三、其他补充事宜 无 四、凡对本次公告内容提出询问，请按以下方式联系。 1.采购人信息 名 称：国家海洋局北海海洋技术保障中心 地址：青岛市崂山区崂山路22号 联系方式：李忠强 0532-58761296 2.采购代理机构信息 名 称：青岛聚元招标有限公司 地 址：0532-85899955 联系方式：付萌青、李欣、张积乐 3.项目联系方式 项目联系人：付萌青、李欣、张积乐 电 话： 0532-85899955,其他,2026-09-15 09:30,中国政府采购网,,,default,,采购文件,,,,,,,,,
中山大学化学学院原位低温漫反射红外光谱仪采购项目更正公告,变更公告,,2026年09月08日 21:14,广东省,中山大学,广州市新港西路135号,罗老师  020-84111301,广东志正招标有限公司,广东省广州市天河区龙怡路117号五楼,李小姐、罗小姐、叶小姐   020-85165610、020-87554018,李小姐、罗小姐、叶小姐,020-85165610、020-87554018,中大招（货）[2026]188号_中山大学化学学院原位低温漫反射红外光谱仪采购项目（变更版招标文件）.pdf,"[{""attach_name"": ""中大招（货）[2026]188号_中山大学化学学院原位低温漫反射红外光谱仪采购项目（变更版招标文件）.pdf"", ""attach_url"": ""https://download.ccgp.gov.cn/oss/download?uuid=487471BE96F4C1E5A6F341F71118D3""}]",https://www.ccgp.gov.cn/cggg/zygg/gzgg/202609/t20260908_27291652.htm,2026-09-10 09:45:41,一、项目基本情况 原公告的采购项目编号：中大招（货）[2026]188号 原公告的采购项目名称：中山大学化学学院原位低温漫反射红外光谱仪采购项目 首次公告日期：2026年09月02日 二、更正信息 更正事项：采购文件 更正内容： 1.原招标公告及原招标文件中涉及到的以下内容：（1）提交投标文件截止时间和开标时间：2026年09月23日 14:30:00 （北京时间）。（2）投标文件解密时间：2026年09月23日 14:30:00 至 2026年09月23日 15:00:00（3）投标截止时间：2026年09月23日 14:30:00更正为：（1）提交投标文件截止时间和开标时间：2026年09月24日 14:30:00 （北京时间）。（2）投标文件解密时间：2026年09月24日 14:30:00 至 2026年09月24日 15:00:00（3）投标截止时间：2026年09月24日 14:30:002.原招标文件《第二部分 用户需求书》三、本项目其它需要特别说明的情况、《第五部分 投标文件格式》八、实质性响应条款一览表格式中涉及到的以下内容：★5.投标报价须用人民币报价。本项目的付款方式按《中山大学货物采购合同》的“5.付款及结算方式 5.1.3 其他支付方式”。更正为：★5.投标报价须用人民币报价。本项目的货款支付按照《中山大学货物采购合同》的第5条执行，如中标设备是进口产品按照5.1.2款方式结算，如中标设备是国产设备按照5.1.3款方式结算。 更正日期：2026年09月08日 三、其他补充事宜 1、招标文件如涉及上述内容的亦作相应修改。其他内容不变。2、更正公告为原招标公告、原招标文件不可分割的部分，原招标公告、原招标文件相应条款与本公告有不一致之处，以本公告为准。请供应商务必按照更正后的内容编制投标文件，本公告发布，视同书面通知所有潜在供应商。 四、凡对本次公告内容提出询问，请按以下方式联系。 1.采购人信息 名 称：中山大学 地址：广州市新港西路135号 联系方式：罗老师 020-84111301 2.采购代理机构信息 名 称：广东志正招标有限公司 地 址：广东省广州市天河区龙怡路117号五楼 联系方式：李小姐、罗小姐、叶小姐 020-85165610、020-87554018 3.项目联系方式 项目联系人：李小姐、罗小姐、叶小姐 电 话： 020-85165610、020-87554018,教育培训,2026-09-23 14:30,中国政府采购网,,,default,,采购文件,,,,,,,,,
中山大学化学学院高辉度微焦斑转靶X射线单晶衍射仪采购项目更正公告,变更公告,,2026年09月08日 20:52,广东省,中山大学,广州市新港西路135号,罗老师  020-84111301,广东志正招标有限公司,广东省广州市天河区龙怡路117号五楼,李小姐、罗小姐、叶小姐   020-85165610、020-87554018,李小姐、罗小姐、叶小姐,020-85165610、020-87554018,中大招（货）[2026]187号_中山大学化学学院高辉度微焦斑转靶X射线单晶衍射仪采购项目（变更版招标文件）.pdf,"[{""attach_name"": ""中大招（货）[2026]187号_中山大学化学学院高辉度微焦斑转靶X射线单晶衍射仪采购项目（变更版招标文件）.pdf"", ""attach_url"": ""https://download.ccgp.gov.cn/oss/download?uuid=CAC348CC4C68E5A4E52DD1C9454F14""}]",https://www.ccgp.gov.cn/cggg/zygg/gzgg/202609/t20260908_27291575.htm,2026-09-10 09:45:41,一、项目基本情况 原公告的采购项目编号：中大招（货）[2026]187号 原公告的采购项目名称：中山大学化学学院原位低温漫反射红外光谱仪采购项目 首次公告日期：2026年09月02日 二、更正信息 更正事项：采购文件 更正内容： 1.原招标公告及原招标文件中涉及到的以下内容：（1）提交投标文件截止时间和开标时间：2026年09月23日 09:30:00 （北京时间）。（2）投标文件解密时间：2026年09月23日 09:30:00 至 2026年09月23日 10:00:00（3）投标截止时间：2026年09月23日 09:30:00更正为：（1）提交投标文件截止时间和开标时间：2026年09月24日 09:30:00 （北京时间）。（2）投标文件解密时间：2026年09月24日 09:30:00 至 2026年09月24日 10:00:00（3）投标截止时间：2026年09月24日 09:30:002.原招标文件《第二部分 用户需求书》三、本项目其它需要特别说明的情况、《第五部分 投标文件格式》八、实质性响应条款一览表格式中涉及到的以下内容：★5.投标报价须用人民币报价。本项目的付款方式按《中山大学货物采购合同》的“5.付款及结算方式 5.1.3 其他支付方式”。更正为：★5.投标报价须用人民币报价。本项目的货款支付按照《中山大学货物采购合同》的第5条执行，如中标设备是进口产品按照5.1.2款方式结算，如中标设备是国产设备按照5.1.3款方式结算。 更正日期：2026年09月08日 三、其他补充事宜 1、招标文件如涉及上述内容的亦作相应修改。其他内容不变。2、更正公告为原招标公告、原招标文件不可分割的部分，原招标公告、原招标文件相应条款与本公告有不一致之处，以本公告为准。请供应商务必按照更正后的内容编制投标文件，本公告发布，视同书面通知所有潜在供应商。 四、凡对本次公告内容提出询问，请按以下方式联系。 1.采购人信息 名 称：中山大学 地址：广州市新港西路135号 联系方式：罗老师 020-84111301 2.采购代理机构信息 名 称：广东志正招标有限公司 地 址：广东省广州市天河区龙怡路117号五楼 联系方式：李小姐、罗小姐、叶小姐 020-85165610、020-87554018 3.项目联系方式 项目联系人：李小姐、罗小姐、叶小姐 电 话： 020-85165610、020-87554018,教育培训,2026-09-23 09:30,中国政府采购网,,,default,,采购文件,,,,,,,,,
山东大学青岛校区工程技术研究院D区（D1、D5）项目报告厅及会议室会议系统工程变更公告,变更公告,SDQDGD20260197-J008,2026年09月08日 19:59,青岛市,山东大学,青岛市即墨区滨海公路72号,王老师0532-58630095,海逸恒安项目管理有限公司,lingmingjia@sdhyha.com,凌明嘉、曹丽娜0532-85662599,凌明嘉、曹丽娜,0532-85662599,,,https://www.ccgp.gov.cn/cggg/zygg/gzgg/202609/t20260908_27291378.htm,2026-09-10 09:45:41,"一、项目基本情况 原公告的采购项目编号：SDQDGD20260197-J008（HYHAQD2026-0478） 原公告的采购项目名称：山东大学青岛校区工程技术研究院D区（D1、D5）项目报告厅及会议室会议系统工程 首次公告日期：2026年08月20日 二、更正信息 更正事项：采购文件 更正内容： 1.原招标文件内容:本项目工程量清单 ""云存储"" 分项中列有：·8T 硬盘，数量 87 块（项目编码：030501004001）·   32T 硬盘，数量 12 块（项目编码：030501004002）现变更为:本项目工程量清单 ""云存储"" 分项中列有：·8T 硬盘，数量 87 块（项目编码：030501004001）·8T硬盘参数：3.5 英寸企业级机械硬盘，容量8TB，支持 7×24 小时连续运行；采用 CMR 垂直磁记录，不得采用 SMR 叠瓦式磁记录技术，适用于高密度磁盘阵列应用场景；接口采用行业通用SATA 6Gb/s标准接口，兼容学校现有安防监控存储平台，可稳定用于 RAID 阵列存储环境；32T 硬盘，数量 12 块（项目编码：030501004002）32T硬盘参数：3.5 英寸企业级机械硬盘，容量32TB，支持 7×24 小时连续运行；采用 CMR 垂直磁记录，不得采用 SMR 叠瓦式磁记录技术；接口采用行业通用标准接口，满足 RAID 阵列存储使用。2.原招标文件内容:4.2.1递交电子投标文件截止时间2026 年 9 月 11 日上午 9 时 30 分现变更为:4.2.1递交电子投标文件截止时间2026 年 9 月 24 日上午 9 时 30 分招标文件中的内容与本变更公告内容不一致的，以本变更公告内容为准，特此变更。 更正日期：2026年09月08日 三、其他补充事宜 无 四、凡对本次公告内容提出询问，请按以下方式联系。 1.采购人信息 名 称：山东大学 地址：青岛市即墨区滨海公路72号 联系方式：王老师0532-58630095 2.采购代理机构信息 名 称：海逸恒安项目管理有限公司 地 址：lingmingjia@sdhyha.com 联系方式：凌明嘉、曹丽娜0532-85662599 3.项目联系方式 项目联系人：凌明嘉、曹丽娜 电 话： 0532-85662599",教育培训,,中国政府采购网,,,default,,采购文件,,,,,,,,,
中华人民共和国马关出入境边防检查站执勤一队训练场改造项目二次更正公告,变更公告,MGZ-2026-8-1,2026年09月08日 19:58,马关县,中华人民共和国马关出入境边防检查站,文山州马关县马白镇宁安路,王真0876-85392325,云南星盛爵项目管理有限公司,云南省文山壮族苗族自治州文山市卧龙街道中天名郡A区商铺10-06号,李洪文0876-3015393,李洪文,0876-3015393,"二次更正公告.pdf,2026.9.8发布稿中华人民共和国马关出入境边防检查站执勤一队训练场改造项目(2).pdf","[{""attach_name"": ""二次更正公告.pdf"", ""attach_url"": ""https://download.ccgp.gov.cn/oss/download?uuid=CB700FB0D7D65F073BCABB8BEF8A5B""}, {""attach_name"": ""2026.9.8发布稿中华人民共和国马关出入境边防检查站执勤一队训练场改造项目(2).pdf"", ""attach_url"": ""https://download.ccgp.gov.cn/oss/download?uuid=38BDB8053E13D24B2A1A7A50DFE4DB""}]",https://www.ccgp.gov.cn/cggg/zygg/gzgg/202609/t20260908_27291371.htm,2026-09-10 09:45:42,一、项目基本情况 原公告的采购项目编号：MGZ-2026-8-1 原公告的采购项目名称：中华人民共和国马关出入境边防检查站执勤一队训练场改造项目竞争性谈判公告 首次公告日期：2026年09月04日 二、更正信息 更正事项：采购文件 更正内容： 更正事项：谈判文件更正内容：    序号 更正项 更正前内容 更正后内容 1 谈判文件更正 修改谈判文件 详见附件（谈判文件），以最终上传的谈判文件为准 更正日期：2026年09月08日 三、其他补充事宜 无 四、凡对本次公告内容提出询问，请按以下方式联系。 1.采购人信息 名 称：中华人民共和国马关出入境边防检查站 地址：文山州马关县马白镇宁安路 联系方式：王真0876-85392325 2.采购代理机构信息 名 称：云南星盛爵项目管理有限公司 地 址：云南省文山壮族苗族自治州文山市卧龙街道中天名郡A区商铺10-06号 联系方式：李洪文0876-3015393 3.项目联系方式 项目联系人：李洪文 电 话： 0876-3015393,工程建设,,中国政府采购网,,,default,,采购文件,,,,,,,,,
青岛海关技术中心试剂耗材采购项目（三）更正公告,变更公告,HYHAQD2026-0380,2026年09月08日 19:51,青岛市,青岛海关技术中心,青岛市城阳区新悦路83号,王铭 0532-58253626,海逸恒安项目管理有限公司,山东省青岛市崂山区香岭路1号北大资源博雅3号楼22层2203室,逄昊晟、曹丽娜 0532-85761207,逄昊晟、曹丽娜,0532-85761207,,,https://www.ccgp.gov.cn/cggg/zygg/gzgg/202609/t20260908_27291324.htm,2026-09-10 09:45:43,一、项目基本情况 原公告的采购项目编号：HYHAQD2026-0380 原公告的采购项目名称：青岛海关技术中心试剂耗材采购项目（三） 首次公告日期：2026年08月19日 二、更正信息 更正事项：采购文件 更正内容： 1.原招标文件第四章  采购需求：2.招标产品技术规格、要求和数量（包括附件、图纸等）：第一包： 序号 货物名称 英文 规格型号 单位 数量 技术指标 控制单价（限价），元 控制总价（限价），元 59 pNPP底物缓冲液   100张/盒 盒 2 透明，高粘型，适应96孔，无DNA酶、RNA酶污染及PCR抑制剂 200 400 现变更为：第一包： 序号 货物名称 英文 规格型号 单位 数量 技术指标 控制单价（限价），元 控制总价（限价），元 59 PCR96孔板封板膜   100张/盒 盒 2 透明，高粘型，适应96孔，无DNA酶、RNA酶污染及PCR抑制剂 200 400 2.原第一章  招标公告：海逸恒安项目管理有限公司受青岛海关技术中心的委托，对所需青岛海关技术中心试剂耗材采购项目（三）方式组织采购。潜在投标人应在邮箱<panghaosheng@sdhyha.com>获取公开招标文件，并于2026年9月11日09点30分（北京时间）前递交投标文件。现变更为：海逸恒安项目管理有限公司受青岛海关技术中心的委托，对所需青岛海关技术中心试剂耗材采购项目（三）方式组织采购。潜在投标人应在邮箱<panghaosheng@sdhyha.com>获取公开招标文件，并于2026年9月24日09点30分（北京时间）前递交投标文件。3.原提交投标文件截止时间：2026年9月11日09点30分（北京时间）。开标时间：2026年9月11日09点30分（北京时间）。地点：山东省青岛市崂山区香岭路1号北大资源博雅3号楼22层2204会议室。现变更为：提交投标文件截止时间：2026年9月24日09点30分（北京时间）。开标时间：2026年9月24日09点30分（北京时间）。地点：山东省青岛市崂山区香岭路1号北大资源博雅3号楼22层2204会议室。其他内容不变。 更正日期：2026年09月08日 三、其他补充事宜 无。 四、凡对本次公告内容提出询问，请按以下方式联系。 1.采购人信息 名 称：青岛海关技术中心 地址：青岛市城阳区新悦路83号 联系方式：王铭 0532-58253626 2.采购代理机构信息 名 称：海逸恒安项目管理有限公司 地 址：山东省青岛市崂山区香岭路1号北大资源博雅3号楼22层2203室 联系方式：逄昊晟、曹丽娜 0532-85761207 3.项目联系方式 项目联系人：逄昊晟、曹丽娜 电 话： 0532-85761207,其他,2026-09-11 09:30,中国政府采购网,,,default,,采购文件,,,,,,,,,
长江航运公安局泸州分局宜宾派出所项目公开招标更正公告,变更公告,,2026年09月08日 18:47,叙州区,长江航运公安局泸州分局,四川省泸州市龙马潭区龙马大道三段103号,毛小毛  08303625152,四川鹏宸项目管理有限公司,四川省成都市高新区汇川街166号1栋10层10号,漆雪菲  19960445102,毛小毛,17608301886,,,https://www.ccgp.gov.cn/cggg/zygg/gzgg/202609/t20260908_27290846.htm,2026-09-10 09:45:44,一、项目基本情况 原公告的采购项目编号： 原公告的采购项目名称：长江航运公安局泸州分局 首次公告日期：2026年09月08日 二、更正信息 更正事项：采购公告 更正内容： 项目名称由原“长江航运公安局泸州分局”更正为“长江航运公安局泸州分局宜宾派出所项目” 更正日期：2026年09月08日 三、其他补充事宜 四、凡对本次公告内容提出询问，请按以下方式联系。 1.采购人信息 名 称：长江航运公安局泸州分局 地址：四川省泸州市龙马潭区龙马大道三段103号 联系方式：毛小毛 08303625152 2.采购代理机构信息 名 称：四川鹏宸项目管理有限公司 地 址：四川省成都市高新区汇川街166号1栋10层10号 联系方式：漆雪菲 19960445102 3.项目联系方式 项目联系人：毛小毛 电 话： 17608301886,公共安全,,中国政府采购网,,,default,,采购公告,,,,,,,,,
多模态非线性光学显微成像系统更正公告,变更公告,HCZB-2026-ZB0820,2026年09月08日 18:39,北京市,北京大学,北京市海淀区颐和园路5号,吴老师 62758587,华采招标集团有限公司,北京市丰台区广安路9号国投财富广场6号楼1601室,崔丽洁、赵娜、刘金秀、金珊 010-63509799-8038、8078,崔丽洁、赵娜、刘金秀、金珊,010-63509799-8038、8078,,,https://www.ccgp.gov.cn/cggg/zygg/gzgg/202609/t20260908_27290763.htm,2026-09-10 09:45:44,一、项目基本情况 原公告的采购项目编号：HCZB-2026-ZB0820 原公告的采购项目名称：多模态非线性光学显微成像系统中标公告 首次公告日期：2026年08月28日 二、更正信息 更正事项：采购结果 更正内容： 评审专家（单一来源采购人员）名单变更为：李建英、金祎、梁秀荣、王栋臣、关妍 更正日期：2026年09月08日 三、其他补充事宜 四、凡对本次公告内容提出询问，请按以下方式联系。 1.采购人信息 名 称：北京大学 地址：北京市海淀区颐和园路5号 联系方式：吴老师 62758587 2.采购代理机构信息 名 称：华采招标集团有限公司 地 址：北京市丰台区广安路9号国投财富广场6号楼1601室 联系方式：崔丽洁、赵娜、刘金秀、金珊 010-63509799-8038、8078 3.项目联系方式 项目联系人：崔丽洁、赵娜、刘金秀、金珊 电 话： 010-63509799-8038、8078,教育培训,,中国政府采购网,,,default,,采购结果,,,,,,,,,
大兴校区基本伙餐厅与教工餐厅劳务人员服务项目更正公告,变更公告,BJJQ-2026-581,2026年09月08日 18:34,北京市,民政职业大学,北京市大兴区科苑东路1号,杨老师 010-80206954,北京汇诚金桥国际招标咨询有限公司,北京市东城区朝内大街南竹杆胡同6号北京INN3号楼9层,戴翔、贾洋 010-65173825,戴翔、贾洋,010-65173825,,,https://www.ccgp.gov.cn/cggg/zygg/gzgg/202609/t20260908_27290719.htm,2026-09-10 09:45:45,一、项目基本情况 原公告的采购项目编号：BJJQ-2026-581 原公告的采购项目名称：大兴校区基本伙餐厅与教工餐厅劳务人员服务项目中标公告 首次公告日期：2026年08月13日 二、更正信息 更正事项：采购结果 更正内容： 将原中标（成交）信息：供应商名称：北京都市美洁餐饮管理有限公司供应商地址：北京市昌平区沟自头街8号院1号楼6层601-6038中标（成交）金额：284.5（万元） 现更正为：供应商名称：北京明帝餐饮管理有限公司供应商地址：北京市东城区体育馆西路7号中标（成交）金额：283.656（万元） 更正日期：2026年09月08日 三、其他补充事宜 3.1本公告在中国政府采购网（https://www.ccgp.gov.cn）发布。3.2采购代理机构项目编号：BJJQ-2026-5813.3中标供应商得分：82.233.4中标供应商劳务派遣服务费报价为：260元/岗/月 四、凡对本次公告内容提出询问，请按以下方式联系。 1.采购人信息 名 称：民政职业大学 地址：北京市大兴区科苑东路1号 联系方式：杨老师 010-80206954 2.采购代理机构信息 名 称：北京汇诚金桥国际招标咨询有限公司 地 址：北京市东城区朝内大街南竹杆胡同6号北京INN3号楼9层 联系方式：戴翔、贾洋 010-65173825 3.项目联系方式 项目联系人：戴翔、贾洋 电 话： 010-65173825,服务外包,,中国政府采购网,,,default,,采购结果,,,,,,,,,
北京化工大学本科智慧慕课建设服务采购项目更正公告,变更公告,BUCTHGKZB20260025/202607135004,2026年09月08日 18:29,北京市,北京化工大学,北京市朝阳区北三环东路15号,曾老师010-64433870,北京市京发招标有限公司,北京市东城区崇文门外大街90号,马若莎、张超、李丁010-67169727,马若莎、张超、李丁,010-67169727,"澄清文件-01包.pdf,澄清文件-02包.pdf","[{""attach_name"": ""澄清文件-01包.pdf"", ""attach_url"": ""https://download.ccgp.gov.cn/oss/download?uuid=205B74B46F089019C04C86F0DAD025""}, {""attach_name"": ""澄清文件-02包.pdf"", ""attach_url"": ""https://download.ccgp.gov.cn/oss/download?uuid=42B1399BD3B9B857BC5F68CE70CECE""}]",https://www.ccgp.gov.cn/cggg/zygg/gzgg/202609/t20260908_27290676.htm,2026-09-10 09:45:46,一、项目基本情况 原公告的采购项目编号：BUCTHGKZB20260025/202607135004 原公告的采购项目名称：北京化工大学本科智慧慕课建设服务采购项目公开招标 首次公告日期：2026年08月25日 二、更正信息 更正事项：采购文件 更正内容： 1、包号01、包号02：履约保证金原招标文件 第五章 采购需求 三、商务要求2.付款方式（1）履约保证金：合同签订后15天内，按约定的方式向甲方提交合同金额5%，货物经验收合格后4个月内退还。原招标文件 第六章 拟签订的合同文本第三条 履约担保1.本合同履约保证金按以下第（2）种方式执行：（1）本项目无质量保证期，无履约保证金。（2）本项目履约保证金为合同金额的5%，即人民币¥XXX元，大写XXX元，乙方须在合同签订后15个工作日内向甲方缴纳履约保证金，作为本合同服务费用支付的依据。现更正为：招标文件 第五章 采购需求 三、商务要求2.付款方式（1）履约保证金：合同签订后15个工作日内，按约定的方式向甲方提交合同金额6%。具体详见第六章 拟签订的合同文本。招标文件 第六章 拟签订的合同文本第三条  履约担保1.本合同履约保证金按以下第（2）种方式执行：（1）本项目无质量保证期，无履约保证金。（2）本项目履约保证金为合同金额的6%，即人民币¥XXX元，大写XXX元，乙方须在合同签订后15个工作日内向甲方缴纳履约保证金，作为本合同服务费用支付的依据。2、包号02：补充“具备面向国际学习者开放、与国际课程平台资源互通的现实条件”需求内容原招标文件 第五章 采购需求 二、技术需求 3.服务内容及标准本包需建设6门慕课视频及11门智慧课程，每门课程在拍摄制作前需由投标人针对本包的服务进行顾问沟通：现更正为：北京化工大学是教育部直属的全国重点大学、国家“双一流”建设高校，承担来华留学生教育、中外合作办学与课程国际推广的任务。本项目所建慕课及智慧课程，需具备面向国际学习者开放、与国际课程平台资源互通的现实条件。本包需建设6门慕课视频及11门智慧课程，每门课程在拍摄制作前需由投标人针对本包的服务进行顾问沟通： 更正日期：2026年09月08日 三、其他补充事宜 1、提交投标文件截止时间、开标时间和地点（1）投标截止时间、开标时间：2026年09月24日09点30分(北京时间)（2）地点：北京市东城区崇文门外大街90号815室（北京市京发招标有限公司）         2、其他内容不变。 四、凡对本次公告内容提出询问，请按以下方式联系。 1.采购人信息 名 称：北京化工大学 地址：北京市朝阳区北三环东路15号 联系方式：曾老师010-64433870 2.采购代理机构信息 名 称：北京市京发招标有限公司 地 址：北京市东城区崇文门外大街90号 联系方式：马若莎、张超、李丁010-67169727 3.项目联系方式 项目联系人：马若莎、张超、李丁 电 话： 010-67169727,教育培训,,中国政府采购网,,,default,,采购文件,,,,,,,,,
种子保藏科研用房防渗维修及消防改造更正公告,变更公告,GC530100202600523001001,2026年09月08日 18:17,盘龙区,中国科学院昆明植物研究所,云南省昆明市蓝黑路132号,韩老师，0871-65223079,云南坤丰工程项目管理有限公司,昆明市盘龙区穿金路205号霖岚广场A座21层2101、2112－2116号,汤润青，13888306560,汤润青,13888306560,,,https://www.ccgp.gov.cn/cggg/zygg/gzgg/202609/t20260908_27290540.htm,2026-09-10 09:45:46,一、项目基本情况 原公告的采购项目编号：GC530100202600523001001 原公告的采购项目名称：种子保藏科研用房防渗维修及消防改造中标公示 首次公告日期：2026年08月06日 二、更正信息 更正事项：采购结果 更正内容： 评标委员会成员名单及工作单位：组长 苏一宇（云南乐信建设工程有限公司）、马国美（昆明建投建设工程有限公司）、张洪媛（云南源安建筑工程有限公司）、普国联（昆钢安宁公司）、陈友超（龙建玉溪工程有限公司）、许方今（云南电力建设监理咨询有限责任公司）、李德福（昆明隆程工程管理有限公司）、李宏伟（昆明植物研究所）、于富强（昆明植物研究所） 更正日期：2026年09月08日 三、其他补充事宜 四、凡对本次公告内容提出询问，请按以下方式联系。 1.采购人信息 名 称：中国科学院昆明植物研究所 地址：云南省昆明市蓝黑路132号 联系方式：韩老师，0871-65223079 2.采购代理机构信息 名 称：云南坤丰工程项目管理有限公司 地 址：昆明市盘龙区穿金路205号霖岚广场A座21层2101、2112－2116号 联系方式：汤润青，13888306560 3.项目联系方式 项目联系人：汤润青 电 话： 13888306560,公共安全,,中国政府采购网,,,default,,采购结果,,,,,,,,,
气象智库交流展示平台建设项目更正公告,变更公告,ZQCD-26195,2026年09月08日 18:10,北京市,中国气象局气象发展与规划院,北京市海淀区中关村南大街46号,闫一铭，010-58993582,中国气象局气象发展与规划院（中国气象局政府采购中心）,北京市海淀区中关村南大街46号中国气象局北区7号楼,刘亚明，010-68400081,刘亚明电,010-68400081,,,https://www.ccgp.gov.cn/cggg/zygg/gzgg/202609/t20260908_27290506.htm,2026-09-10 09:45:47,更正公告 一、项目基本情况原公告的采购项目编号： ZQCD-26195原公告的采购项目名称： 气象智库交流展示平台建设项目首次公告日期：2026-09-04 16:17:57。二、更正信息更正事项： 项目招标公告变更更正内容： 响应文件提交截止时间及开启时间更正为：2026年09月15日 14:00:00（北京时间）更正日期：本公告在中国政府采购网发布之日三、其他补充事宜无四、凡对本次招标提出询问，请按以下方式联系。1.采购人信息名 称：中国气象局气象发展与规划院地址：北京市海淀区中关村南大街46号联系方式：闫一铭 010-589935822.采购代理机构信息名 称：中国气象局气象发展与规划院（中国气象局政府采购中心）地 址：北京市海淀区中关村南大街46号中国气象局北区7号楼联系方式：刘亚明 010-68400081 3.项目联系方式项目联系人：刘亚明电 话： 010-68400081,其他,,中国政府采购网,,,default,,,,,,,,,,,
气象科技管理系统开发变更公告,变更公告,ZQCD-26189,2026年09月08日 18:10,北京市,国家气象信息中心,北京市海淀区中关村南大街46号,谭婷婷，010-58994101,中国气象局气象发展与规划院（中国气象局政府采购中心）,北京市海淀区中关村南大街46号中国气象局北区7号楼,刘亚明，010-68400081,刘亚明电,010-68400081,,,https://www.ccgp.gov.cn/cggg/zygg/gzgg/202609/t20260908_27290505.htm,2026-09-10 09:45:47,更正公告 一、项目基本情况原公告的采购项目编号： ZQCD-26189原公告的采购项目名称： 气象科技管理系统开发首次公告日期：2026-08-27 15:44:46。二、更正信息更正事项： 项目招标公告变更更正内容： 响应文件提交截止时间及开启时间：2026年09月10日 14:00:00（北京时间）更正日期：本公告在中国政府采购网发布之日三、其他补充事宜无四、凡对本次招标提出询问，请按以下方式联系。1.采购人信息名 称：国家气象信息中心地址：北京市海淀区中关村南大街46号联系方式：谭婷婷 010-589941012.采购代理机构信息名 称：中国气象局气象发展与规划院（中国气象局政府采购中心）地 址：北京市海淀区中关村南大街46号中国气象局北区7号楼联系方式：刘亚明 010-68400081 3.项目联系方式项目联系人：刘亚明电 话： 010-68400081,其他,,中国政府采购网,,,default,,,,,,,,,,,
中国社会科学院大学新文科综合楼及宿舍项目水土保持方案编制服务更正公告,变更公告,ZCZB-2026-014,2026年09月08日 18:08,北京市,中国社会科学院大学,北京市房山区良乡高教园区长于大街11号,010-81360229,北京中昌工程咨询有限公司,北京市朝阳区劲松三区甲302号华腾大厦21层,邢先生、李先生 19933602884、17200368230,邢先生、李先生,19933602884、17200368230,,,https://www.ccgp.gov.cn/cggg/zygg/gzgg/202609/t20260908_27290416.htm,2026-09-10 09:45:48,一、项目基本情况 原公告的采购项目编号：ZCZB-2026-014 原公告的采购项目名称：中国社会科学院大学新文科综合楼及宿舍项目水土保持方案编制服务校内竞磋公告 首次公告日期：2026年09月03日 二、更正信息 更正事项：采购文件 更正内容： 1、原文件中项目名称：中国社会科学院大学新文科综合楼及宿舍项目水土保持方案编制服务现修改为：项目名称：中国社会科学院大学新文科综合楼及宿舍项目水土保持方案编制及监测服务2、原文件中评分标准： 生产建设项目水土保持方案编制单位水平评价证书 5 具备中国水土保持学会颁发的生产建设项目水土保持方案编制单位水平评价证书. 三星（不含）以上得5分； 三星得3分； 三星（不含）以下得0分；注：提供证书复印件，加盖供应商公章 现修改为： 水平评价证书 5 同时具备中国水土保持学会颁发的生产建设项目水土保持方案编制单位水平评价证书及水土保持监测单位水平评价证书，两个证书均是 三星(不含)以上得5分; 其中1个三星，另一个三星以上得3分; 均是三星(不含)以下得0分;注:提供证书复印件，加盖供应商公章。 3、原文件中 业绩 10 供应商具有自2023年9月1日至递交截止日（以合同签订时间为准）的类似项目业绩，每提供一个合同得5分，最多得10分；提供合同关键页（包括但不限于封面、工作内容页、金额页、盖章签字页、签订日期页）复印件并加盖供应商公章，否则不得分。 现修改为： 业绩 10 供应商具有自2023年9月1日至递交截止日（以合同签订时间为准）的类似项目业绩，每提供一个合同得5分，最多得10分；提供合同关键页（包括但不限于封面、工作内容页、金额页、盖章签字页、签订日期页）复印件并加盖供应商公章，否则不得分。 类似业绩是指:项目服务范围包括水土保持方案编制及水土保持施工过程监测。 4、原文件中响应文件格式10 校内竞磋文件要求提供或供应商认为应附的其他材料10-1生产建设项目水土保持方案编制单位水平评价证书（如有）现修改为：10 校内竞磋文件要求提供或供应商认为应附的其他材料10-1生产建设项目水土保持方案编制单位水平评价证书及水土保持监测单位水平评价证书（如有）5、原文件中：文件所有涉及水影响报告现更正为：水土保持方案编制报告6、原文件中投标截止时间、开标时间2026年9月9日9点00分（北京时间）现修改为：2026年9月14日9点00分（北京时间） 更正日期：2026年09月08日 三、其他补充事宜 无 四、凡对本次公告内容提出询问，请按以下方式联系。 1.采购人信息 名 称：中国社会科学院大学 地址：北京市房山区良乡高教园区长于大街11号 联系方式：010-81360229 2.采购代理机构信息 名 称：北京中昌工程咨询有限公司 地 址：北京市朝阳区劲松三区甲302号华腾大厦21层 联系方式：邢先生、李先生 19933602884、17200368230 3.项目联系方式 项目联系人：邢先生、李先生 电 话： 19933602884、17200368230,教育培训,,中国政府采购网,,,default,,采购文件,,,,,,,,,
温宿县消防救援大队2026年伙食采购项目中标公告更正公告,变更公告,WSXXF-GK-001,2026年09月08日 18:02,温宿县,阿克苏地区消防救援支队,阿克苏市交通路 119 号,联系人：熊满菊  电话：18299594324,新疆皓天凌翔工程管理有限公司,阿克苏市银基王朝4号写字楼11楼,联系人：吴瑀桐   电话：13139740100,熊满菊,18299594324,"温宿县消防救援大队2026年伙食采购项目招标文件.pdf,中小企业声明函.pdf,弃标函.pdf","[{""attach_name"": ""温宿县消防救援大队2026年伙食采购项目招标文件.pdf"", ""attach_url"": ""https://download.ccgp.gov.cn/oss/download?uuid=C2C298EDE43DB62504B9860D95DA2D""}, {""attach_name"": ""中小企业声明函.pdf"", ""attach_url"": ""https://download.ccgp.gov.cn/oss/download?uuid=C2B76411B89DCD005128A7BC1AC02F""}, {""attach_name"": ""弃标函.pdf"", ""attach_url"": ""https://download.ccgp.gov.cn/oss/download?uuid=676AA8BDCAF5C08CA8C58C88D807C7""}]",https://www.ccgp.gov.cn/cggg/zygg/gzgg/202609/t20260908_27290316.htm,2026-09-10 09:45:48,一、项目基本情况 原公告的采购项目编号：WSXXF-GK-001 原公告的采购项目名称：温宿县消防救援大队2026年伙食采购项目中标公告 首次公告日期：2026年08月17日 二、更正信息 更正事项：采购结果 更正内容： （1）更正前内容中标（成交）信息供应商名称：阿克苏市翔赫有品商行(个体工商户)供应商地址：新疆阿克苏地区阿克苏市红旗坡片区管委会解放碑社区乌喀路阿克苏商贸物流产业园内5-9-3号（昌盛达陶瓷市场）下浮率(%)：19.5000000（2）更正后内容中标（成交）信息供应商名称：新疆鲜秦鲜食品供应链科技有限公司供应商地址：新疆阿克苏地区阿克苏市红旗坡片区管委会解放碑社区东八路绿色农业交易中心三栋一层16号商铺下浮率(%)：10.2200000%（3）变更原因本项目原中标单位阿克苏市翔赫有品商行(个体工商户)向采购人递交加盖公章的《弃标函》，自愿放弃本项目中标资格，未签订采购合同。根据《中华人民共和国政府采购法实施条例》第四十九条规定，经采购人确认，按照评审报告推荐的中标候选人排序，顺延确定第二中标候选人为本项目中标单位。 更正日期：2026年08月31日 三、其他补充事宜 中标单位综合得分表 序号 投标单位  商务得分  投标报价得分 技术标得分 总得分 1 新疆鲜秦鲜食品供应链科技有限公司 40 26.9 27.05 93.95 四、凡对本次公告内容提出询问，请按以下方式联系。 1.采购人信息 名 称：阿克苏地区消防救援支队 地址：阿克苏市交通路 119 号 联系方式：联系人：熊满菊 电话：18299594324 2.采购代理机构信息 名 称：新疆皓天凌翔工程管理有限公司 地 址：阿克苏市银基王朝4号写字楼11楼 联系方式：联系人：吴瑀桐 电话：13139740100 3.项目联系方式 项目联系人：熊满菊 电 话： 18299594324,公共安全,,中国政府采购网,,,default,,采购结果,,,,,,,,,
中国社会科学院大学科技考古实验楼项目水土保持方案编制服务更正公告,变更公告,ZSLTC-2026-F186,2026年09月08日 17:50,北京市,中国社会科学院大学,北京市房山区长于大街11号,曲老师、010-81360229,中盛隆国际招标（北京）有限公司,北京市海淀区阜成路58号新洲商务大厦302室,李蕊、孙源滨、曹泽鹏、魏菲、马春娟、赵中阳、刘震、李红梅、李莉、010-88956517-214,李蕊、孙源滨、曹泽鹏、魏菲、马,010-88956517-214,,,https://www.ccgp.gov.cn/cggg/zygg/gzgg/202609/t20260908_27290097.htm,2026-09-10 09:45:49,一、项目基本情况 原公告的采购项目编号：ZSLTC-2026-F186 原公告的采购项目名称：中国社会科学院大学科技考古实验楼项目水土保持方案编制服务校内磋商公告 首次公告日期：2026年09月03日 二、更正信息 更正事项：采购文件 更正内容： 1、原文件中项目名称：中国社会科学院大学科技考古实验楼项目水土保持方案编制服务现更正为：中国社会科学院大学科技考古实验楼项目水土保持方案编制及监测服务2、原文件中评分标准： 企业实力 5 具备中国水土保持学会颁发的生产建设项目水土保持方案编制单位水平评价证书. 三星（不含）以上得5分； 三星得3分； 三星（不含）以下得0分；注：提供证书复印件，加盖供应商公章 现更正为： 企业实力 5 同时具备中国水土保持学会颁发的生产建设项目水土保持方案编制单位水平评价证书及水土保持监测单位水平评价证书，两个证书均是： 三星(不含)以上得5分: 其中一个三星，另一个三星（含）以上得3分; 均是三星(不含)以下得0分;注:提供证书复印件，加盖供应商公章 3、原文件中 水影响方案 8 （1）水影响方案科学、全面、合理、针对性强得8分； （2）水影响方案较科学、较全面、较合理、针对性较强得6分； （3）水影响方案不够全面、合理性一般、针对性有欠缺，得3分； （4）水影响方案存在欠缺、不合理、针对性差，得1分 （5）水影响方案未提供，不得分； 现更正为： 水土保持方案报告书编制服务方案 8 （1）服务方案科学、全面、合理、针对性强得8分； （2）服务方案较科学、较全面、较合理、针对性较强得6分； （3）服务方案不够全面、合理性一般、针对性有欠缺，得3分； （4）服务方案存在欠缺、不合理、针对性差，得1分 （5）服务方案未提供，不得分； 3、原文件中 业绩 10 提供供应商近3年(2023年8月至今，以合同签订日期为准）类似本项目业绩，每提供1个得2分，最多得10分） 注：提供合同复印件（包含合同首页、服务内容页及签字盖章页）并加盖供应商公章。 现更正为： 业绩 10 提供供应商近3年(2023年8月至今，以合同签订日期为准）类似本项目业绩（项目服务范围包括水土保持方案编制及水土保持施工过程监测），每提供1个得2分，最多得10分） 注：提供合同复印件（包含合同首页、服务内容页及签字盖章页）并加盖供应商公章。 4、原文件中分项报价 序号 服务内容 单价（元） 总价（元） 备注 1 水影响评价       2 水土保持监测         合计       现更正为： 序号 服务内容 单价（元） 总价（元） 备注 1 水土保持方案编制       2 水土保持监测         合计       5、原文件中：文件所有涉及水影响报告现更正为：水土保持方案编制报告6、原文件中：响应文件提交截止时间：2026年09月09日09点00分现更正为：响应文件提交截止时间：2026年09月14日09点00分 更正日期：2026年09月08日 三、其他补充事宜 / 四、凡对本次公告内容提出询问，请按以下方式联系。 1.采购人信息 名 称：中国社会科学院大学 地址：北京市房山区长于大街11号 联系方式：曲老师、010-81360229 2.采购代理机构信息 名 称：中盛隆国际招标（北京）有限公司 地 址：北京市海淀区阜成路58号新洲商务大厦302室 联系方式：李蕊、孙源滨、曹泽鹏、魏菲、马春娟、赵中阳、刘震、李红梅、李莉、010-88956517-214 3.项目联系方式 项目联系人：李蕊、孙源滨、曹泽鹏、魏菲、马春娟、赵中阳、刘震、李红梅、李莉 电 话： 010-88956517-214,教育培训,2026-09-09 09:00,中国政府采购网,,,default,,采购文件,,,,,,,,,
国际综合消防应急救援实战训练基地厨房设备项目-更正公告01,变更公告,ZJGJHN-2026-094,2026年09月08日 17:35,海南省,海南省消防救援总队,海南省海口市龙华区龙昆南路170号,马助、0898-65921174,中经国际工程咨询集团有限公司,海南省海口市五指山路61号和谐家园B栋二单元1805室,周工、0898-66737732,马助,0898-65921174,,,https://www.ccgp.gov.cn/cggg/zygg/gzgg/202609/t20260908_27289652.htm,2026-09-10 09:45:50,"一、项目基本情况 原公告的采购项目编号：ZJGJHN-2026-094 原公告的采购项目名称：国际综合消防应急救援实战训练基地厨房设备项目 首次公告日期：2026年08月20日 二、更正信息 更正事项：采购文件 更正内容： 1、原招标文件第三章采购需求三、详细技术需求中的全不锈钢绞切两用机（刀俎可拆卸式）参数“7.带3C认证”更正为“7.设备使用环境为单位食堂，用于大规模食物加工”。2、原招标文件第三章采购需求三、详细技术需求中的自动和面机40L参数“9.带3C认证。”更正为“9.设备使用环境为单位食堂，用于大规模食物加工。”3、原招标文件第三章采购需求三、详细技术需求中的油烟净化一体机参数“2.依据GB/T2423.65-2024《环境试验 第2部分：试验方法 试验:盐雾/温度/湿度/太阳辐射综合》标准，进行了3个阶段试验，分别为2小时湿热(高温、高湿)、盐雾和太阳辐射组成的试验阶段Z1，2小时干热(高温、低湿)和太阳辐射组成的试验阶段Z2，4小时湿热(高温、高湿)和盐雾组成的试验阶段Z3。3个阶段为一个循环，共循环15次120小时。检测结果：15次循环后外观无剥落，无功能异常。提供标注CMA标识检测报告复印件。 3.依据GB/T 5169.12-2024《电工电子产品着火危险试验 第12部分：灼热丝/热丝基本试验方法 材料的灼热丝可燃性指数（GWFI）试验方法》标准，对产品外壳进行灼热丝试验，结果灼热丝温度达到960℃时，碳化但未起燃碳化深度＜0.21mm），则外壳的GWFI≥960℃；对绝缘瓷瓶进行灼热丝试验，结果灼热丝温度达到850℃时，碳化但未起燃碳化深度＜0.23mm），则绝缘瓷瓶的GWFI≥850℃；对电路板进行灼热丝试验，结果灼热丝温度达到850℃时，碳化但未起燃碳化深度＜0.28mm），则电路板的GWFI≥850℃，提供标注CMA检测报告复印件。”更正为“2.符合GB/T 5169.12-2024《电工电子产品着火危险试验 第12部分：灼热丝/热丝基本试验方法 材料的灼热丝可燃性指数（GWFI）试验方法》标准。”4、删除原招标文件第三章采购需求三、详细技术需求中的净化器参数“7、本产品依据GB/T 2423.55-2023《环境试验 第2部分：试验方法 试验Eh：锤击试验》标准，进行锤击试验，所检项目无结构性损坏，功能正常，均达到B级或B级以上，符合标准要求，判定合格。提供所投产品标注CMA检测报告复印件。”5、原招标文件第三章采购需求三、详细技术需求中的冷冻库参数“4.保温层材质采用厚度不少于100mm的环保型无 CFC聚氨基甲酸酯，密度标准需符合《冰箱、冰柜用硬质聚氨酯泡沫塑料》标准规定。”更正为“4.保温层材质采用厚度不少于100mm的环保型无 CFC聚氨基甲酸酯，密度标准需符合《硬质聚氨酯泡沫塑料》标准规定。”6、原招标文件第三章采购需求三、详细技术需求中的冷藏库参数“4.保温层材质应采用厚度不少于100mm的环保型无 CFC聚氨基甲酸酯，密度标准需符合《冰箱、冰柜用硬质聚氨酯泡沫塑料》标准规定。”更正为“4.保温层材质应采用厚度不少于100mm的环保型无 CFC聚氨基甲酸酯，密度标准需符合《硬质聚氨酯泡沫塑料》标准规定。”7、原招标文件第三章采购需求三、详细技术需求中的搅拌机参数“7.通过不锈钢的抗菌性能测试：金黄色葡萄球菌的抗菌率≥92%，大肠杆菌的抗菌率≥90%，肠炎沙门菌的抗菌率≥91%，具有依据国标GB/T24170.1-2023,GB/T21510-2024的合规检测报告，检测报告含CMA标识；”更正为“7.接触食品的不锈钢部件应通过抗菌性能测试。其中金黄色葡萄球菌的抗菌率≥92%，大肠杆菌的抗菌率≥90%，肠炎沙门菌的抗菌率≥91%，具有依据GB/T21510-2024的合规检测报告，检测报告含CMA标识；”8、原提交投标文件截止时间、开标时间为“2026年09月10日08时30分”更正为“2026年09月24日09时30分”9、原开标地点为“海南省海口市美兰区大英山西二街政务二期大楼（原省政府政务服务中心大楼北侧）202”更正为“海南省海口市美兰区大英山西二街政务二期大楼（原省政府政务服务中心大楼北侧）201”10、本项目其余内容不变。 更正日期：2026年09月08日 三、其他补充事宜 本项目其他内容不变，如有不便,敬请谅解！ 四、凡对本次公告内容提出询问，请按以下方式联系。 1.采购人信息 名 称：海南省消防救援总队 地址：海南省海口市龙华区龙昆南路170号 联系方式：马助、0898-65921174 2.采购代理机构信息 名 称：中经国际工程咨询集团有限公司 地 址：海南省海口市五指山路61号和谐家园B栋二单元1805室 联系方式：周工、0898-66737732 3.项目联系方式 项目联系人：马助 电 话： 0898-65921174",医疗卫生,,中国政府采购网,,,default,,采购文件,,,,,,,,,
上海交通大学工业具身智能安全设备更正公告,变更公告,,2026年09月08日 17:27,上海市,上海交通大学,上海市东川路800号,招采经办人：章老师 电话：021-54747337 技术联系人：徐老师 电话：17501680390,上海国际招标有限公司,上海市延安西路358号美丽园大厦14楼,张靖姝、张义恒，021-32173698、32173690，zhangjingshu@shabidding.com、zhangyiheng@shabidding.com,张靖姝,021-32173698,,,https://www.ccgp.gov.cn/cggg/zygg/gzgg/202609/t20260908_27289432.htm,2026-09-10 09:45:50,一、项目基本情况 原公告的采购项目编号：招设2026A00134/2606003065 原公告的采购项目名称：上海交通大学工业具身智能安全设备 首次公告日期：2026年09月04日 二、更正信息 更正事项：采购公告 更正内容： 采购公告中获取招标文件的时间更正为：2026年09月04日 00:00:00至 2026年09月11日 00:00:00止。 更正日期：2026年09月08日 三、其他补充事宜 其余内容均不变。 四、凡对本次公告内容提出询问，请按以下方式联系。 1.采购人信息 名 称：上海交通大学 地址：上海市东川路800号 联系方式：招采经办人：章老师 电话：021-54747337 技术联系人：徐老师 电话：17501680390 2.采购代理机构信息 名 称：上海国际招标有限公司 地 址：上海市延安西路358号美丽园大厦14楼 联系方式：张靖姝、张义恒，021-32173698、32173690，zhangjingshu@shabidding.com、zhangyiheng@shabidding.com 3.项目联系方式 项目联系人：张靖姝 电 话： 021-32173698,教育培训,,中国政府采购网,,,default,,采购公告,,,,,,,,,
全国海关信息中心2026年智能算力服务器设备采购项目更正公告,变更公告,CG2026-WT-GK-HW-050,2026年09月08日 17:26,北京市,海关总署物资装备采购中心,北京市东城区金宝街61号鑫海锦江大酒店,"采购机构名称：海关总署物资装备采购中心
地址：北京市东城区金宝街61号鑫海锦江大酒店
邮政编码：100005
联系方式：
010-65194838（平台使用技术咨询）
010-65195929（业务咨询）
010-65195677（质疑受理）",详见公告正文,详见公告正文,详见公告正文,杨女士电,010-65195929,,,https://www.ccgp.gov.cn/cggg/zygg/gzgg/202609/t20260908_27289583.htm,2026-09-10 09:45:51,一、项目基本情况项目编号:CG2026-WT-GK-HW-050项目名称:全国海关信息中心2026年智能算力服务器设备采购项目首次公告日期：2026-08-25 16:40:47二、更正信息一、“★11、运行调优服务”中“①技术团队人员清单及资质证明：列出拟为本项目投入的技术服务人员名单，至少包含：人员姓名、学历、专业背景；相关工作年限及参与过的算力平台调优项目经历；所持相关技术认证（如芯片厂商或服务器厂商颁发的计算/存储/网络方向技术认证、HPC（高性能计算）或AI加速方向专业认证等，提供证书复印件）；至少1名具备通信库（NCCL/HCCL）调优经验、1名具备深度学习模型训练或推理优化经验的工程师，并在项目经历中予以体现。”修改为：“①技术团队人员清单及资质证明：列出拟为本项目投入的技术服务人员名单，至少包含：人员姓名、学历、专业背景；相关工作年限及参与过的算力平台调优项目经历；至少1名具备通信库（NCCL/HCCL）调优经验、1名具备深度学习模型训练或推理优化经验的工程师，并在项目经历中予以体现。”二、“★12、业务支持服务”中“①技术团队人员清单及资质证明：列出拟为本项目投入的技术服务人员名单，至少包含：人员姓名、学历、专业背景；相关工作年限及参与过的AI平台或模型迁移部署项目经历；所持相关技术认证（如芯片厂商或服务器厂商颁发的AI计算方向技术认证、深度学习框架认证等，提供证书复印件）；团队中至少包含1名具备容器化部署（Docker/Kubernetes）经验、1名具备模型推理优化经验的工程师，并在项目经历中予以体现。”修改为：“①技术团队人员清单及资质证明：列出拟为本项目投入的技术服务人员名单，至少包含：人员姓名、学历、专业背景；相关工作年限及参与过的AI平台或模型迁移部署项目经历；团队中至少包含1名具备容器化部署（Docker/Kubernetes）经验、1名具备模型推理优化经验的工程师，并在项目经历中予以体现。”  三、其他补充事宜无四、凡对本次公告内容提出询问，请按以下方式联系。1.采购人信息名    称：全国海关信息中心地    址：北京市东城区金宝街63号联系方式：010-851930642.采购执行机构信息名 称：海关总署物资装备采购中心 地址：北京市东城区金宝街61号联系方式：见项目联系方式 3.项目联系方式项目联系人：杨女士电     话：010-65195929 下载相关附件,设备购置,,中国政府采购网,,,default,,,,,,,,,,,
吉林省某单位食堂食材配送供应商采购项目更正公告,变更公告,2026ZYYC0807,2026年09月08日 17:24,长春市,SPD-27,吉林省长春市,杨超、0431-82097135,中盈永诚咨询集团有限公司,长春市南关区福祉大路与生态大街交汇恒丰国际A座1306室,李艳秋、0431-88001028,李艳秋,0431-88001028,,,https://www.ccgp.gov.cn/cggg/zygg/gzgg/202609/t20260908_27289391.htm,2026-09-10 09:45:52,一、项目基本情况 原公告的采购项目编号：2026ZYYC0807 原公告的采购项目名称：吉林省某单位食堂食材配送供应商采购项目 首次公告日期：2026年08月19日 二、更正信息 更正事项：采购公告 更正内容： 更正事项：招标公告、招标文件递交投标文件截止时间（投标截止时间，下同）为2026年9月11日13时30分（北京时间），递交地点为长春市二道区洋浦大街6999号凯利中心AB栋101开标二室。 更正日期：2026年09月08日 三、其他补充事宜 无 四、凡对本次公告内容提出询问，请按以下方式联系。 1.采购人信息 名 称：SPD-27 地址：吉林省长春市 联系方式：杨超、0431-82097135 2.采购代理机构信息 名 称：中盈永诚咨询集团有限公司 地 址：长春市南关区福祉大路与生态大街交汇恒丰国际A座1306室 联系方式：李艳秋、0431-88001028 3.项目联系方式 项目联系人：李艳秋 电 话： 0431-88001028,服务外包,,中国政府采购网,,,default,,采购公告,,,,,,,,,
龙岩市消防救援支队训练基地挡墙拆除重建项目标后更正公告,变更公告,FJZZCS,2026年09月08日 17:11,新罗区,龙岩市消防救援支队,龙岩市新罗区曹溪中路119号,董先生、18060191920,福建智卓咨询服务有限公司,福建省龙岩市新罗区龙岩大道商会大厦E栋8楼801室,翁志蕾、0597-2385155,翁志蕾,0597-2385155,中小企业声明函.pdf,"[{""attach_name"": ""中小企业声明函.pdf"", ""attach_url"": ""https://download.ccgp.gov.cn/oss/download?uuid=AECBD4BC769A14899D7815C41AF92D""}]",https://www.ccgp.gov.cn/cggg/zygg/gzgg/202609/t20260908_27289037.htm,2026-09-10 09:45:52,一、项目基本情况 原公告的采购项目编号：FJZZCS(2026)030 原公告的采购项目名称：龙岩市消防救援支队训练基地挡墙拆除重建项目 首次公告日期：2026年08月25日 二、更正信息 更正事项：采购结果 更正内容： 原第一成交候选人福建陆捌建设有限公司自愿放弃成交资格，现顺延由第二成交候选人福建省昶盛建设工程有限公司递补为本项目成交供应商，成交K值（下浮率）：10%；供应商地址：福建省龙岩市武平县平川街道西厢新村6号；项目经理：肖玲（执业证书信息：闽2352020202103150）。 更正日期：2026年09月08日 三、其他补充事宜 无 四、凡对本次公告内容提出询问，请按以下方式联系。 1.采购人信息 名 称：龙岩市消防救援支队 地址：龙岩市新罗区曹溪中路119号 联系方式：董先生、18060191920 2.采购代理机构信息 名 称：福建智卓咨询服务有限公司 地 址：福建省龙岩市新罗区龙岩大道商会大厦E栋8楼801室 联系方式：翁志蕾、0597-2385155 3.项目联系方式 项目联系人：翁志蕾 电 话： 0597-2385155,公共安全,,中国政府采购网,,,default,,采购结果,,,,,,,,,
厦门大学思明校区芙蓉湖控污设施改造暂停公告,变更公告,2026-DCZX054,2026年09月08日 17:10,厦门市,厦门大学,福建省厦门市思明南路422号,陈老师、陈老师，0592-2182297、2189925,大成工程咨询有限公司,厦门市思明区湖滨北路15号外贸大厦11楼1101室大成工程咨询有限公司厦门分公司,林磊、林骁,林磊、林骁,15980872900,,,https://www.ccgp.gov.cn/cggg/zygg/gzgg/202609/t20260908_27289033.htm,2026-09-10 09:45:53,一、项目基本情况 原公告的采购项目编号：2026-DCZX054 原公告的采购项目名称：大成工程-公开招标-2026-DCZX054-厦门大学思明校区芙蓉湖控污设施改造-招标公告 首次公告日期：2026年08月24日 二、更正信息 更正事项：采购文件 更正内容： 本项目因采购需求调整，现暂停本次采购活动。后续将重启招标活动，时间另行公告通知。敬请各潜在投标人及时关注公告。给各潜在投标人造成的不便敬请谅解。 更正日期：2026年09月08日 三、其他补充事宜 无 四、凡对本次公告内容提出询问，请按以下方式联系。 1.采购人信息 名 称：厦门大学 地址：福建省厦门市思明南路422号 联系方式：陈老师、陈老师，0592-2182297、2189925 2.采购代理机构信息 名 称：大成工程咨询有限公司 地 址：厦门市思明区湖滨北路15号外贸大厦11楼1101室大成工程咨询有限公司厦门分公司 联系方式：林磊、林骁 3.项目联系方式 项目联系人：林磊、林骁 电 话： 15980872900,教育培训,,中国政府采购网,,,default,,采购文件,,,,,,,,,
多塔吸附评价装置采购项目更正公告,变更公告,TC260N08H-TBJ029,2026年09月08日 17:07,北京市,zycgr22011902,北京市,唐老师 010-57305133,中招国际招标有限公司,北京市海淀区学院南路62号中关村资本大厦906A,张靖、武靖、彭小娟、王波、王鹏、胡亚平 010－62108242、8032,张靖、武靖、彭小娟、王波、王鹏,010-62108242,,,https://www.ccgp.gov.cn/cggg/zygg/gzgg/202609/t20260908_27288915.htm,2026-09-10 09:45:54,一、项目基本情况 原公告的采购项目编号：TC260N08H-TBJ029 原公告的采购项目名称：多塔吸附评价装置采购项目 首次公告日期：2026年09月04日 二、更正信息 更正事项：采购文件 更正内容： 招标文件“第五章货物需求一览表及技术规格 12.合同专用”合同价格分预付款、进度款、验收款和质保金四次支付，支付比例为40%：30%：20%：10%。在招标人付款前，投标人应向招标人开具正规、等额、符合招标人要求的发票，投标人延迟开具发票的，招标人有权延迟付款且无需承担任何责任：（1）合同生效后30个工作日内，支付预付款：合同金额的40%；（2）具备入场施工条件，提供施工方案，经甲方单位与监理单位审核批准后，支付进度款：合同金额的30%；（3）设备通过最终验收合格后30个工作日内，支付验收款:合同金额的20%；（4）质量保证期满，确认无质量问题或质量问题及时解决后，在收到支付申请后30个工作日内，支付质保金：合同金额的10%。其他内容不变。 更正日期：2026年09月08日 三、其他补充事宜 原招标公告链接：https://www.ccgp.gov.cn/cggg/zygg/gkzb/202609/t20260904_27268237.htm 四、凡对本次公告内容提出询问，请按以下方式联系。 1.采购人信息 名 称：zycgr22011902 地址：北京市 联系方式：唐老师 010-57305133 2.采购代理机构信息 名 称：中招国际招标有限公司 地 址：北京市海淀区学院南路62号中关村资本大厦906A 联系方式：张靖、武靖、彭小娟、王波、王鹏、胡亚平 010－62108242、8032 3.项目联系方式 项目联系人：张靖、武靖、彭小娟、王波、王鹏 电 话： 010-62108242,工程建设,,中国政府采购网,,,default,,采购文件,,,,,,,,,
材料柔性化试制装置采购项目更正公告,变更公告,TC260N08M-TBJ030,2026年09月08日 17:07,北京市,zycgr22011902,北京市,唐老师 010-57305133,中招国际招标有限公司,北京市海淀区学院南路62号中关村资本大厦906A,张靖、武靖、彭小娟、王波、王鹏、胡亚平 010－62108242、8032,张靖、武靖、彭小娟、王波、王鹏,010-62108242,,,https://www.ccgp.gov.cn/cggg/zygg/gzgg/202609/t20260908_27288911.htm,2026-09-10 09:45:55,一、项目基本情况 原公告的采购项目编号：TC260N08M-TBJ030 原公告的采购项目名称：材料柔性化试制装置采购项目 首次公告日期：2026年09月04日 二、更正信息 更正事项：采购文件 更正内容： 招标文件“第五章货物需求一览表及技术规格 12.合同专用”合同价格分预付款、进度款、验收款和质保金四次支付，支付比例为40%：30%：20%：10%。在招标人付款前，投标人应向招标人开具正规、等额、符合招标人要求的发票，投标人延迟开具发票的，招标人有权延迟付款且无需承担任何责任：（1）合同生效后30个工作日内，支付预付款：合同金额的40%；（2）具备入场施工条件，提供施工方案，经甲方单位与监理单位审核批准后，支付进度款：合同金额的30%；（3）设备通过最终验收合格后30个工作日内，支付验收款:合同金额的20%；（4）质量保证期满，确认无质量问题或质量问题及时解决后，在收到支付申请后30个工作日内，支付质保金：合同金额的10%。其他内容不变。 更正日期：2026年09月08日 三、其他补充事宜 原招标公告链接：https://www.ccgp.gov.cn/cggg/zygg/gkzb/202609/t20260904_27268187.htm 四、凡对本次公告内容提出询问，请按以下方式联系。 1.采购人信息 名 称：zycgr22011902 地址：北京市 联系方式：唐老师 010-57305133 2.采购代理机构信息 名 称：中招国际招标有限公司 地 址：北京市海淀区学院南路62号中关村资本大厦906A 联系方式：张靖、武靖、彭小娟、王波、王鹏、胡亚平 010－62108242、8032 3.项目联系方式 项目联系人：张靖、武靖、彭小娟、王波、王鹏 电 话： 010-62108242,工程建设,,中国政府采购网,,,default,,采购文件,,,,,,,,,
阿坝藏族羌族自治州消防救援支队2026年装备采购需求调查（战勤保障类装备）更正公告（第二次）,变更公告,/,2026年09月08日 17:07,四川省,阿坝藏族羌族自治州消防救援支队,四川省阿坝藏族羌族自治州马尔康市马尔康镇格央街40号,王老师 0837-6992304,四川谨言招标代理有限公司,成都市武侯区武兴四路203号智谷C8环球数码大厦1栋1单元5楼508,李老师 15719425623,李老师,15719425623,,,https://www.ccgp.gov.cn/cggg/zygg/gzgg/202609/t20260908_27288898.htm,2026-09-10 09:45:55,一、项目基本情况 原公告的采购项目编号：/ 原公告的采购项目名称：阿坝藏族羌族自治州消防救援支队2026年装备采购需求调查(战勤保障类装备)需求调查公告 首次公告日期：2026年08月24日 二、更正信息 更正事项：采购公告 更正内容： 本次需求调查接收资料期限范围为：2026年09月09日09:00至2026年09月14日17:00。 更正日期：2026年09月08日 三、其他补充事宜 四、凡对本次公告内容提出询问，请按以下方式联系。 1.采购人信息 名 称：阿坝藏族羌族自治州消防救援支队 地址：四川省阿坝藏族羌族自治州马尔康市马尔康镇格央街40号 联系方式：王老师 0837-6992304 2.采购代理机构信息 名 称：四川谨言招标代理有限公司 地 址：成都市武侯区武兴四路203号智谷C8环球数码大厦1栋1单元5楼508 联系方式：李老师 15719425623 3.项目联系方式 项目联系人：李老师 电 话： 15719425623,公共安全,,中国政府采购网,,,default,,采购公告,,,,,,,,,
红河边境管理支队（红河州公安局边境管理支队）红河边境管理支队普角所营区变压器扩容及真空断路器维修工程（三次）更正公告,变更公告,YNSZ,2026年09月08日 17:06,蒙自市,红河边境管理支队（红河州公安局边境管理支队）,云南省红河州蒙自市天马路102号,张老师-0873-3865151,云南拾州项目管理有限公司,云南省红河州蒙自市上海路西城丽景25幢5号,段思亭-15911667402,段思亭,15911667402,"【更正定稿】谈判文件--红河边境管理支队普角所营区变压器扩容及真空断路器维修工程（三次）.doc,更正公告.docx","[{""attach_name"": ""【更正定稿】谈判文件--红河边境管理支队普角所营区变压器扩容及真空断路器维修工程（三次）.doc"", ""attach_url"": ""https://download.ccgp.gov.cn/oss/download?uuid=3B38A3F2CC4B411A8A3B84A68E66FE""}, {""attach_name"": ""更正公告.docx"", ""attach_url"": ""https://download.ccgp.gov.cn/oss/download?uuid=F3AF1E3C7600D28E6599603C96DF85""}]",https://www.ccgp.gov.cn/cggg/zygg/gzgg/202609/t20260908_27288913.htm,2026-09-10 09:45:56,一、项目基本情况 原公告的采购项目编号：YNSZ【招】GC26-105-2 原公告的采购项目名称：红河边境管理支队普角所营区变压器扩容及真空断路器维修工程（三次） 首次公告日期：2026年09月04日 二、更正信息 更正事项：采购文件 更正内容： 综合本项目工作实际需要，竞争性谈判文件获取截止时间由2026年9月8日17:30时变更为2026年9月10日17:30时，递交响应文件的截止时间由2026年9月9日14点30分变更为2026年9月11日9点30分。竞争性谈判文件其余内容不变。 更正日期：2026年09月08日 三、其他补充事宜 / 四、凡对本次公告内容提出询问，请按以下方式联系。 1.采购人信息 名 称：红河边境管理支队（红河州公安局边境管理支队） 地址：云南省红河州蒙自市天马路102号 联系方式：张老师-0873-3865151 2.采购代理机构信息 名 称：云南拾州项目管理有限公司 地 址：云南省红河州蒙自市上海路西城丽景25幢5号 联系方式：段思亭-15911667402 3.项目联系方式 项目联系人：段思亭 电 话： 15911667402,公共安全,,中国政府采购网,,,default,,采购文件,,,,,,,,,
南京农业大学园艺学院+温室采购更正公告,变更公告,ZF20260360,2026年09月08日 16:55,南京市,南京农业大学,南京市江北新区滨江大道666号,陈老师025-84395896,江苏省华采招标有限公司,南京市建邺区嘉陵江东街8号综合体B3栋一单元16层,马倩、刘洁025-83603368,马倩、刘洁,025-83603368,,,https://www.ccgp.gov.cn/cggg/zygg/gzgg/202609/t20260908_27288572.htm,2026-09-10 09:45:56,"一、项目基本情况 原公告的采购项目编号：ZF20260360（代理机构内部编号：JSHC-2026070529B5） 原公告的采购项目名称：南京农业大学园艺学院+温室采购公开招标公告 首次公告日期：2026年08月27日 二、更正信息 更正事项：采购文件 更正内容： 一、采购文件第四章 项目采购需求二、技术要求1、（一）锯齿连栋温室2. 覆盖系统“温室的屋顶及四周覆盖材料全部采用PEP3层共挤长寿无滴膜，厚度≥0.15mm，薄膜初始透光率≥85%，卡槽厚度≥1.0mm，铝合金材质。系统包含内容：PEP3层共挤长寿无滴膜厚度≥0.15mm、配套卡簧、卡槽固定等所有材料。”更正为“温室的屋顶及四周覆盖材料全部采用PO散射膜，厚度≥0.15mm，薄膜初始透光率≥85%，卡槽厚度≥1.0mm，铝合金材质。系统包含内容：PO散射膜厚度≥0.15mm、配套卡簧、卡槽固定等所有材料。”（二）连栋薄膜温室2. 覆盖系统“温室的屋顶及四周覆盖材料全部采用PEP3层共挤长寿无滴膜，厚度≥0.15 mm，薄膜初始透光率≥85%，卡槽厚度≥1.0mm，铝合金材质。系统包含内容：PEP 三层共挤长寿无滴膜、配套卡簧、卡槽固定等所有材料。”更正为“温室的屋顶及四周覆盖材料全部采用PO散射膜，厚度≥0.15 mm，薄膜初始透光率≥85%，卡槽厚度≥1.0mm，铝合金材质。系统包含内容：PO散射膜厚度≥0.15mm、配套卡簧、卡槽固定等所有材料。”2、（一）锯齿连栋温室8.湿帘风机降温系统：“湿帘规格型号≥2000mm*60mm*150mm，在完全浸湿后不应有材料塌陷、孔洞等缺陷；湿帘框架采用铝合金型材；风机采用轴流式排风扇，电机驱动叶片旋转产生气流，电机功率0.55kW～1.5kW，电压380V/50Hz；温室常用单台风量≥4800m³/h，噪声≤80dB(A)。”更正为：”湿帘规格型号≥2000mm*600mm*150mm，在完全浸湿后不应有材料塌陷、孔洞等缺陷；湿帘框架采用铝合金型材；风机采用轴流式排风扇，电机驱动叶片旋转产生气流，电机功率 1.1kW～1.5kW，电压380V/50Hz；温室常用单台风量≥42000m³/h，噪声≤80dB(A)。”（二）连栋薄膜温室8. 湿帘风机降温系统：”湿帘规格型号≥2000mm*60mm*150mm，在完全浸湿后不应有材料塌陷、孔洞等缺陷；湿帘框架采用铝合金型材；风机采用轴流式排风扇，电机驱动叶片旋转产生气流，电机功率0.55kW～1.5kW，电压380V/50Hz；温室常用单台风量≥4800m³/h，噪声≤80dB(A)。”更正为：”湿帘规格型号≥2000mm*600mm*150mm，在完全浸湿后不应有材料塌陷、孔洞等缺陷；湿帘框架采用铝合金型材；风机采用轴流式排风扇，电机驱动叶片旋转产生气流，电机功率1.1kW～1.5kW，电压380V/50Hz；温室常用单台风量≥42000m³/h，噪声≤80dB(A)。”3、（一）锯齿连栋温室5. 二层保温系统：“遮阳电机可在操作人员现场手动或计算机控制系统远程的指令下实现开闭。系统包含内容：电机、齿轮、齿条、内遮阳幕布系统、安装配件等。”更正为：“保温系统电机可在操作人员现场手动或计算机控制系统远程的指令下实现开闭。系统包含内容：电机、齿轮、齿条、内保温幕系统、安装配件等。”；7.内循环风机系统：“遮阳电机可在操作人员现场手动或计算机控制系统远程的指令下实现开闭内循环风机系统。”更正为：“风机可在操作人员现场手动或计算机控制系统远程的指令下实现开闭。”。（二）连栋薄膜温室5. 二层保温系统：“遮阳电机可在操作人员现场手动或计算机控制系统远程的指令下实现开闭。系统包含内容：电机、齿轮、齿条、内遮阳幕布系统、安装配件等。”更正为“保温系统电机可在操作人员现场手动或计算机控制系统远程的指令下实现开闭。系统包含内容：电机、齿轮、齿条、内保温幕系统、安装配件等。”；7.内循环风机系统：“遮阳电机可在操作人员现场手动或计算机控制系统远程的指令下实现开闭内循环风机系统。”更正为“风机可在操作人员现场手动或计算机控制系统远程的指令下实现开闭。”。4、（一）锯齿连栋温室10.配电系统：“柜体尺寸≥600mm×800mm×1200mm（宽×深×高）”更正为：“柜体尺寸≥600mm×400mm×1200mm（宽×深×高）”。（二）连栋薄膜温室10. 配电系统：“柜体尺寸≥600mm×800mm×1200mm（宽×深×高）”更正为：“柜体尺寸≥600mm×400mm×1200mm（宽×深×高）”。5、（一）锯齿连栋温室11. 温室智能控制系统11.1环境监测和控制系统：“▲（6）在测试温度≥65±2℃的环境下，持续时间：不低于3H，处于工作状态。”更正为：“▲（6）在测试温度≥65±2℃的环境下，持续时间：不低于2H，处于工作状态。”；“(7)在相对湿度≥95%，温度40±2°C的环境下，持续时间不低于24H，处于非工作状态;”更正为：“(7)在相对湿度≥95%，温度40±2°C的环境下，持续时间不低于2H，处于工作状态。”6、（一）锯齿连栋温室11. 温室智能控制系统11.2温室智能化控制软件系统平台（3）：“手机、电脑远程查询各种环境数据和曲线，数据存储：监测数据自动上传云端，保留不少于30历史数据；”更正为：“手机、电脑远程查询各种环境数据和曲线，数据存储：监测数据自动上传云端，保留不少于30天历史数据；”（二）连栋薄膜温室11. 温室智能控制系统11.2温室智能化控制软件系统平台（3）：手机、电脑远程查询各种环境数据和曲线，数据存储：监测数据自动上传云端，保留不少于30历史数据；”更正为：“手机、电脑远程查询各种环境数据和曲线，数据存储：监测数据自动上传云端，保留不少于30天历史数据；”7、（一）锯齿连栋温室13. 配套栽培系统13.1 容器栽培系统（锯齿连栋温室1#）轨道参数：“p50（48）mm直径x（2.5-3.25）mm厚度，热镀锌管”更正为：轨道参数：“（48）mm直径x（2.5-3.25）mm厚度，热镀锌管”；8、（一）锯齿连栋温室13. 配套栽培系统13.2苗床系统（锯齿连栋温室2#和3#）材料要求: “滚轴采用热镀锌钢管，壁厚≥1.5mm；”更正为：“滚轴采用热镀锌钢管，壁厚≥1.8mm”；9、（二）连栋薄膜温室11. 温室智能控制系统  11.1环境监测和控制系统：“（6）在测试温度≥-25±3℃的环境下，持续时间：不低于3H，处于工作状态;“更正为：“（6）在测试温度≤-25±3℃的环境下，持续时间：不低于2H，处于工作状态。“；“▲(7)在相对湿度≥95%，温度≥40±2°C的环境下，持续时间不低于24H，处于非工作状态;""更正为：“▲(7)在相对湿度≥95%，温度≥40±2°C的环境下，持续时间不低于2H，处于工作状态。二、第一章 投标邀请（采购公告）四、提交投标文件截止时间、开标时间更正为：截止时间：2026年09月24日09点30分00秒（北京时间）开标时间：2026年09月24日09点30分00秒后（北京时间） 更正日期：2026年09月08日 三、其他补充事宜 无。 四、凡对本次公告内容提出询问，请按以下方式联系。 1.采购人信息 名 称：南京农业大学 地址：南京市江北新区滨江大道666号 联系方式：陈老师025-84395896 2.采购代理机构信息 名 称：江苏省华采招标有限公司 地 址：南京市建邺区嘉陵江东街8号综合体B3栋一单元16层 联系方式：马倩、刘洁025-83603368 3.项目联系方式 项目联系人：马倩、刘洁 电 话： 025-83603368",教育培训,2026-09-24 09:30,中国政府采购网,,,default,,采购文件,,,,,,,,,
国家税务总局胶州市税务局2026-2028年物业管理服务采购项目更正公告,变更公告,ZYCGQD2026006,2026年09月08日 16:49,胶州市,国家税务总局胶州市税务局,山东省胶州市滕州路9号税务局,0532-58861160,青岛市政务服务和公共资源交易中心,青岛市福州南路27 号,0532-66209821,李工,0532-66209821,,,https://www.ccgp.gov.cn/cggg/zygg/gzgg/202609/t20260908_27288383.htm,2026-09-10 09:45:57,一、项目基本情况 原公告的采购项目编号：ZYCGQD2026006 原公告的采购项目名称：国家税务总局胶州市税务局2026-2028年物业管理服务采购项目公开招标公告 首次公告日期：2026年09月08日 二、更正信息 更正事项：采购公告 更正内容： 三、获取招标文件“时间：2026年09月08日  至 2026年09月28日，每天上午8:00至12:00，下午12:00至21:00。（北京时间，法定节假日除外）”更正为“时间：招标文件发布日起至提交投标文件截止时间：2026-9-29 10:30:00（北京时间）”。 更正日期：2026年09月08日 三、其他补充事宜 1. 公告媒介：本项目采购公告同时在中国政府采购网（https://www.ccgp.gov.cn）和全国公共资源交易平台（山东省青岛市）青岛市公共资源交易电子服务系统（https://ggzy.qingdao.gov.cn）上发布。2. 投标文件提交方式：投标人应当在提交投标文件截止时间前，通过【（国产化版）青岛市公共资源投标（响应）文件制作工具】上传投标文件。3. 支持网上远程开标，投标人无需到现场参加开标会。 四、凡对本次公告内容提出询问，请按以下方式联系。 1.采购人信息 名 称：国家税务总局胶州市税务局 地址：山东省胶州市滕州路9号税务局 联系方式：0532-58861160 2.采购代理机构信息 名 称：青岛市政务服务和公共资源交易中心 地 址：青岛市福州南路27 号 联系方式：0532-66209821 3.项目联系方式 项目联系人：李工 电 话： 0532-66209821,服务外包,,中国政府采购网,,,default,,采购公告,,,,,,,,,
南京大学X射线荧光光谱仪采购项目更正公告,变更公告,JSTCC26002105973/GZH2602400,2026年09月08日 16:47,南京市,南京大学,南京市栖霞区仙林大道163号,周老师，025-89688969,江苏省招标中心有限公司,025-82281932、83307019、83249927、83249926、83248600,崔煜婷、赵真、鲁民颉、姜瑶、陈诚,崔煜婷、赵真、鲁民颉、姜瑶、陈,025-82281932、83307019、83249927、83249926,南京大学X射线荧光光谱仪采购项目更正公告.pdf,"[{""attach_name"": ""南京大学X射线荧光光谱仪采购项目更正公告.pdf"", ""attach_url"": ""https://download.ccgp.gov.cn/oss/download?uuid=670AA0ED6051696E0B81B943168F2A""}]",https://www.ccgp.gov.cn/cggg/zygg/gzgg/202609/t20260908_27288348.htm,2026-09-10 09:45:57,一、项目基本情况 原公告的采购项目编号：JSTCC26002105973/GZH2602400 原公告的采购项目名称：南京大学X射线荧光光谱仪 首次公告日期：2026年08月18日 二、更正信息 更正事项：采购文件 更正内容： 1.招标文件“第四章 招标内容与技术要求  三、产品需满足的功能和质量要求”部分内容更正，具体详见附件;2.招标文件“第四章 招标内容与技术要求  七、商务要求”部分内容更正，具体详见附件; 更正日期：2026年09月08日 三、其他补充事宜 无 四、凡对本次公告内容提出询问，请按以下方式联系。 1.采购人信息 名 称：南京大学 地址：南京市栖霞区仙林大道163号 联系方式：周老师，025-89688969 2.采购代理机构信息 名 称：江苏省招标中心有限公司 地 址：025-82281932、83307019、83249927、83249926、83248600 联系方式：崔煜婷、赵真、鲁民颉、姜瑶、陈诚 3.项目联系方式 项目联系人：崔煜婷、赵真、鲁民颉、姜瑶、陈诚 电 话： 025-82281932、83307019、83249927、83249926、83248600,教育培训,,中国政府采购网,,,default,,采购文件,,,,,,,,,
2026至2028年度斗门海关食堂食材配送项目更正公告,变更公告,YC26378015,2026年09月08日 16:45,珠海市,拱北海关后勤管理中心,珠海市拱北侨光路5号拱北海关后勤管理中心政府采购工作办公室,龚小姐，谢小姐、0756-8162443、8164350,亿诚建设项目管理有限公司,珠海市香洲区银桦路317号203,胡锦成、13286037720,胡锦成,13286037720,,,https://www.ccgp.gov.cn/cggg/zygg/gzgg/202609/t20260908_27288289.htm,2026-09-10 09:45:58,一、项目基本情况 原公告的采购项目编号：YC26378015（CGQ） 原公告的采购项目名称：2026至2028年度斗门海关食堂食材配送项目 首次公告日期：2026年09月03日 二、更正信息 更正事项：采购文件 更正内容： 《商务评审表》中第4项“食品安全检测能力：6.大米，检测项目包含：①黄曲霉毒素B”，更正为：①黄曲霉毒素B1；第5项“检测仪器：投标人自有或租赁食品安全检测设备:3.肉类水份快速测定仪”，更正为：3.肉类水分快速测定仪。 更正日期：2026年09月08日 三、其他补充事宜 更正公告为原采购公告、原采购文件不可分割的部分，原采购公告、原采购文件相应条款与本公告有不一致之处，以本公告为准。请供应商务必按照更正后的内容编制投标文件，本公告发布，视同书面通知所有潜在供应商。 四、凡对本次公告内容提出询问，请按以下方式联系。 1.采购人信息 名 称：拱北海关后勤管理中心 地址：珠海市拱北侨光路5号拱北海关后勤管理中心政府采购工作办公室 联系方式：龚小姐，谢小姐、0756-8162443、8164350 2.采购代理机构信息 名 称：亿诚建设项目管理有限公司 地 址：珠海市香洲区银桦路317号203 联系方式：胡锦成、13286037720 3.项目联系方式 项目联系人：胡锦成 电 话： 13286037720,服务外包,,中国政府采购网,,,default,,采购文件,,,,,,,,,
长江航运公安局泸州分局宜宾派出所项目更正公告,变更公告,/,2026年09月08日 16:41,宜宾县,长江航运公安局泸州分局,四川省泸州市龙马潭区龙马大道3段103号,毛先生15095981067,四川鹏宸项目管理有限公司,四川省成都市高新区（西区）汇川街166号1栋10层10号,严先生19940978896,毛先生,15095981067,,,https://www.ccgp.gov.cn/cggg/zygg/gzgg/202609/t20260908_27288180.htm,2026-09-10 09:45:58,一、项目基本情况 原公告的采购项目编号：/ 原公告的采购项目名称：长江航运公安局泸州分局宜宾派出所项目 首次公告日期：2026年09月08日 二、更正信息 更正事项：采购公告 更正内容： 本项目招标公告预算金额： 0.00万元 更正为：741.12万元最高限价：0.00万元 更正为：740.225274万元其他不变。 更正日期：2026年09月08日 三、其他补充事宜 四、凡对本次公告内容提出询问，请按以下方式联系。 1.采购人信息 名 称：长江航运公安局泸州分局 地址：四川省泸州市龙马潭区龙马大道3段103号 联系方式：毛先生15095981067 2.采购代理机构信息 名 称：四川鹏宸项目管理有限公司 地 址：四川省成都市高新区（西区）汇川街166号1栋10层10号 联系方式：严先生19940978896 3.项目联系方式 项目联系人：毛先生 电 话： 15095981067,公共安全,,中国政府采购网,,0.0,content,,采购公告,,,,,,,,,
国家消防救援局国家综合性消防救援队伍2026年度消防常服类被装部门集中采购项目更正公告,变更公告,GC-HGX260706W,2026年09月08日 16:40,市辖区,国家消防救援局,北京市海淀区紫竹院路118号,010-83932856,中央国家机关政府采购中心,西章胡同9号院,010-83083702,,010-83932856,国家消防救援局国家综合性消防救援队伍2026年度消防常服类被装部门集中采购项目变更文件.pdf,"[{""attach_name"": ""国家消防救援局国家综合性消防救援队伍2026年度消防常服类被装部门集中采购项目变更文件.pdf"", ""attach_url"": ""https://download.ccgp.gov.cn/oss/download?uuid=396c2231-7510-44a2-a874-da4e69""}]",https://www.ccgp.gov.cn/cggg/zygg/gzgg/202609/t20260908_27288318.htm,2026-09-10 09:45:59,国家消防救援局国家综合性消防救援队伍2026年度消防常服类被装部门集中采购项目更正公告 一、项目基本情况 1．项目编号：GC-HGX260706W 2．项目名称：国家消防救援局国家综合性消防救援队伍2026年度消防常服类被装部门集中采购项目 3．首次公告日期：2026年8月19日 二、更正信息 1. 更正事项： 暂停公告 2. 更正内容： 本项目暂停，请关注后续公告。 3. 更正日期： 2026年9月8日 三、获取变更文件 1．时间：5个工作日 2．地点：中央政府采购网（http://www.zycg.gov.cn） 3．方式：在线下载 4．售价：免费 四、公告期限 自本公告发布之日起5个工作日，公告期限届满后获取变更文件的，获取时间以公告期限届满之日为准。 五、凡对本次公告内容提出询问，请按以下方式联系 1．采购人信息 名 称：国家消防救援局 地 址：北京市北京市海淀区北京市海淀区紫竹院路118号 联系方式：010-83932856 2．采购执行机构信息 名 称：中央国家机关政府采购中心 地 址：北京市西城区西直门内大街西章胡同9号院 邮政编码：100035 联系方式：详见http://www.zycg.gov.cn/home/contactus 3．项目联系方式 文件联系人及电话： 刘士伟 010-55602803 王云飞 010-55603585 六、附件 1.国家消防救援局国家综合性消防救援队伍2026年度消防常服类被装部门集中采购项目变更文件 中央国家机关政府采购中心 2026年9月8日,公共安全,,中国政府采购网,,,default,,,,,,,,,,,
中国民航大学宁河校区(二期西区)学生宿舍家具采购项目（项目编号:TJBHGP-ZGZC-2026-012）更正公告,变更公告,TJBHGP-ZGZC-2026-012,2026年09月08日 16:37,天津市,中国民航大学,天津市东丽区津北公路2898号,王老师 022-24092962,天津滨海招标代理有限责任公司,天津经济技术开发区第六大街110号天润科技园A213室,王静、孙超、曹治国、石晶、周艳飞、贺家佳022-59002816转6686 企业邮箱：bhzbdl2016@163.com,王静、孙超、曹治国、石晶、周艳,022-59002816转6686,,,https://www.ccgp.gov.cn/cggg/zygg/gzgg/202609/t20260908_27288062.htm,2026-09-10 09:46:00,一、项目基本情况 原公告的采购项目编号：TJBHGP-ZGZC-2026-012 原公告的采购项目名称：中国民航大学宁河校区(二期西区)学生宿舍家具采购项目 首次公告日期：2026年08月24日 二、更正信息 更正事项：采购文件 更正内容： （1）本项目投标文件递交截止时间延期，具体时间另行通知；（2）本项目开标时间延期，具体时间另行通知。 更正日期：2026年09月08日 三、其他补充事宜 无 四、凡对本次公告内容提出询问，请按以下方式联系。 1.采购人信息 名 称：中国民航大学 地址：天津市东丽区津北公路2898号 联系方式：王老师 022-24092962 2.采购代理机构信息 名 称：天津滨海招标代理有限责任公司 地 址：天津经济技术开发区第六大街110号天润科技园A213室 联系方式：王静、孙超、曹治国、石晶、周艳飞、贺家佳022-59002816转6686 企业邮箱：bhzbdl2016@163.com 3.项目联系方式 项目联系人：王静、孙超、曹治国、石晶、周艳飞、贺家佳 电 话： 022-59002816转6686,教育培训,,中国政府采购网,,,default,,采购文件,,,,,,,,,
中国地震应急搜救中心救援队个人装备购置项目更正公告,变更公告,CMEETC-248XR363DD80,2026年09月08日 16:36,北京市,中国地震应急搜救中心,北京市石景山区玉泉西街1号,于敬泽15001349064,中国机电工程招标有限公司,北京市海淀区车公庄西路乙19号华通大厦B座南塔14层,卢毅轩、魏新卓、付颖、姜琳琳、喻晓娇15901207228,卢毅轩、魏新卓、付颖、姜琳琳,15901207228,,,https://www.ccgp.gov.cn/cggg/zygg/gzgg/202609/t20260908_27288060.htm,2026-09-10 09:46:00,一、项目基本情况 原公告的采购项目编号：CMEETC-248XR363DD80 原公告的采购项目名称：中国地震应急搜救中心救援队个人装备购置项目竞争性磋商公告 首次公告日期：2026年08月31日 二、更正信息 更正事项：采购文件 更正内容： 现对中国地震应急搜救中心救援队个人装备购置项目竞争性磋商文件的部分内容进行修改，并顺延本项目的响应文件提交时间及开启时间。变更内容详见《竞争性磋商文件变更文件》。 更正日期：2026年09月08日 三、其他补充事宜 无 四、凡对本次公告内容提出询问，请按以下方式联系。 1.采购人信息 名 称：中国地震应急搜救中心 地址：北京市石景山区玉泉西街1号 联系方式：于敬泽15001349064 2.采购代理机构信息 名 称：中国机电工程招标有限公司 地 址：北京市海淀区车公庄西路乙19号华通大厦B座南塔14层 联系方式：卢毅轩、魏新卓、付颖、姜琳琳、喻晓娇15901207228 3.项目联系方式 项目联系人：卢毅轩、魏新卓、付颖、姜琳琳、喻晓娇 电 话： 15901207228,公共安全,,中国政府采购网,,,default,,采购文件,,,,,,,,,
全国海关信息中心2026年备份及虚拟化平台维保服务（重新招标）采购项目更正公告,变更公告,CG2026-WT-GK-FW-028-C01,2026年09月08日 16:36,北京市,海关总署物资装备采购中心,北京市东城区金宝街61号鑫海锦江大酒店,"采购机构名称：海关总署物资装备采购中心
地址：北京市东城区金宝街61号鑫海锦江大酒店
邮政编码：100005
联系方式：010-65194838（平台使用技术咨询）
010-65194619（业务咨询）
010-65195677（质疑受理）",详见公告正文,详见公告正文,详见公告正文,乔先生,010-65194619,,,https://www.ccgp.gov.cn/cggg/zygg/gzgg/202609/t20260908_27288201.htm,2026-09-10 09:46:01,一、项目基本情况项目编号:CG2026-WT-GK-FW-028-C01项目名称:全国海关信息中心2026年备份及虚拟化平台维保服务（重新招标）采购项目首次公告日期：2026-08-25 09:41:13二、更正信息因质疑事项成立，根据《政府采购质疑和投诉办法》（财政部第94号令）第十六条第（二）项的规定，应依法另行确定中标供应商，对该项目中标结果进行变更。中标供应商由“国利灏业科技有限公司”变更为“北京网智易通科技有限公司”。中标供应商地址为“北京市石景山区国际雕塑公园西园管理处西侧展厅3号”，中标金额229.95万元。评审总得分：92.24分。主要标的信息：序号供应商名称服务名称服务范围服务要求服务时间服务标准中小企业1北京网智易通科技有限公司备份及虚拟化平台维保服务全国海关信息中心按照项目需求书提供本项目服务期至2027年8月31日按照项目需求书提供中型企业评审专家名单：张皓、杨慧平、王艳、袁佳文、蔡唯  三、其他补充事宜无四、凡对本次公告内容提出询问，请按以下方式联系。1.采购人信息名    称：全国海关信息中心地    址：北京市东城区金宝街63号联系方式：王启隆2.采购执行机构信息名 称：海关总署物资装备采购中心 地址：北京市东城区金宝街61号鑫海锦江大酒店联系方式：见项目联系方式 3.项目联系方式项目联系人：乔先生/女士电     话：010-65194619 下载相关附件,服务外包,,中国政府采购网,,,default,,,,,,,,,,,
东南大学物理学院背景辐射测量云室采购项目更正公告,变更公告,JSTCC26002106706,2026年09月08日 16:34,江苏省,东南大学,江苏省南京市玄武区四牌楼2号,物理学院：陈老师，13813900801 ；实验室与设备管理处：罗老师，025-52091041,江苏省招标中心有限公司,江苏省南京市鼓楼区郑和中路118号D座12楼1203室,汪律、姜瑶、陈诚，025-83240902、83249926、83248600,汪律,025-83240902,,,https://www.ccgp.gov.cn/cggg/zygg/gzgg/202609/t20260908_27287997.htm,2026-09-10 09:46:02,一、项目基本情况 原公告的采购项目编号：JSTCC26002106706（SEU-ZB-260808） 原公告的采购项目名称：东南大学物理学院背景辐射测量云室采购项目 首次公告日期：2026年09月08日 二、更正信息 更正事项：采购公告 更正内容： 1、提交投标文件截止时间和开标时间变更为2026年9月30日9:30（北京时间）；2、原采购公告、采购文件中与以上更正不一致处，以以上更正为准。 更正日期：2026年09月08日 三、其他补充事宜 无。 四、凡对本次公告内容提出询问，请按以下方式联系。 1.采购人信息 名 称：东南大学 地址：江苏省南京市玄武区四牌楼2号 联系方式：物理学院：陈老师，13813900801 ；实验室与设备管理处：罗老师，025-52091041 2.采购代理机构信息 名 称：江苏省招标中心有限公司 地 址：江苏省南京市鼓楼区郑和中路118号D座12楼1203室 联系方式：汪律、姜瑶、陈诚，025-83240902、83249926、83248600 3.项目联系方式 项目联系人：汪律 电 话： 025-83240902,教育培训,,中国政府采购网,,,default,,采购公告,,,,,,,,,
中华人民共和国马关出入境边防检查站执勤一队训练场改造项目更正公告,变更公告,MGZ-2026-8-1,2026年09月08日 16:28,马关县,中华人民共和国马关出入境边防检查站,文山州马关县马白镇宁安路,王真0876-85392325,云南星盛爵项目管理有限公司,云南省文山壮族苗族自治州文山市卧龙街道中天名郡A区商铺10-06号,李洪文0876-3015393,李洪文,0876-3015393,"更正公告扫描件1.docx,2026.9.8发布稿中华人民共和国马关出入境边防检查站执勤一队训练场改造项目.doc","[{""attach_name"": ""更正公告扫描件1.docx"", ""attach_url"": ""https://download.ccgp.gov.cn/oss/download?uuid=685C2ADD2774F110063C485AFBF55C""}, {""attach_name"": ""2026.9.8发布稿中华人民共和国马关出入境边防检查站执勤一队训练场改造项目.doc"", ""attach_url"": ""https://download.ccgp.gov.cn/oss/download?uuid=25318259ED341D6DDC387229E68401""}]",https://www.ccgp.gov.cn/cggg/zygg/gzgg/202609/t20260908_27287845.htm,2026-09-10 09:46:02,一、项目基本情况 原公告的采购项目编号：MGZ-2026-8-1 原公告的采购项目名称：中华人民共和国马关出入境边防检查站执勤一队训练场改造项目竞争性谈判公告 首次公告日期：2026年09月04日 二、更正信息 更正事项：采购文件 更正内容：  更正信息更正事项：谈判文件更正内容：    序号 更正项 更正前内容 更正后内容 1 响应文件开启时间更改 时间：2026年9月10日15时30分 时间：2026年9月15日15时30分 2 质量保证期更改 质量保证期：要求不低于1年。质量保证期从货物供货、安装、调试正常且验收合格后开始计算。 质量保证期：电线、管线排水装修等部分2年，防水部分5年，其余按照《建设工程质量管理条例》要求执行，不得响应低于最低法定标准。 3 工程量清单错误的修正   工程量清单错的修正出现工程量清单错误时，是否调整合同价格否。 允许调整合同价格的工程量偏差范围：    / 。   工程量清单错误的修正出现工程量清单错误时，是否调整合同价格：按照《建设工程工程量清单计价规范GB50500-2024》进行调整。允许调整合同价格的工程量偏差范围： 。   4 进度付款申请单的编制   进度付款申请的编制 关于进度付款申请单编制的约定：按合同条款执行，最终结算价格以结算审计完成，缴纳审定总价3%的质量保证金后，一次性支付审定总价后续工程款。   进度付款申请单的编制 关于进度付款申请单编制的约定：按合同条款执行，最终结算价格以结算审计完成，提供审定总价3%的质量保证金后（保函或双方约定法定条件下其他具有同等保证金效力的材料均可），一次性支付审定总价后续工程款。   5 质量保证金 15.3 质量保证金 关于是否扣留质量保证金的约定：本项目质保金为项目工程款审定后结算价格的3%，质保满1年后，办理完缺陷责任终止手续后无息退还。在工程项目竣工前，承包人按专用合同条款第3.7条提供履约担保的，发包人不得同时预留工程质量保证金。 15.3.1 承包人提供质量保证金的方式 （2）该项目质保金为项目工程款审定后结算价格的3%的工程款； 15.3.2 质量保证金的扣留 （1）工程竣工结算时一次性缴纳质量保证金； 关于质量保证金的补充约定：     /   。   15.3质量保证金 关于是否扣留质量保证金的约定：                  ，在工程项目竣工前，承包人按专用合同条款第3.7条提供履约担保的，发包人不得同时预留工程质量保证金。 15.3.1 承包人提供质量保证金的方式 质量保证金采用以下第              种方式： （1）质量保证金保函，保证金额为：                   ； （2）项目工程款审定后结算价格的3%的工程款； （3）双方约定的其他方式:    15.3.2 质量保证金的扣留 扣留方式:                  关于质量保证金的补充约定：      。        更正日期：2026年09月08日 三、其他补充事宜 无 四、凡对本次公告内容提出询问，请按以下方式联系。 1.采购人信息 名 称：中华人民共和国马关出入境边防检查站 地址：文山州马关县马白镇宁安路 联系方式：王真0876-85392325 2.采购代理机构信息 名 称：云南星盛爵项目管理有限公司 地 址：云南省文山壮族苗族自治州文山市卧龙街道中天名郡A区商铺10-06号 联系方式：李洪文0876-3015393 3.项目联系方式 项目联系人：李洪文 电 话： 0876-3015393,工程建设,,中国政府采购网,,,default,,采购文件,,,,,,,,,
西安交通大学医学院第一附属医院急救培训智能模拟人采购项目更正公告,变更公告,2026YS54ZK,2026年09月08日 16:24,西安市,西安交通大学第一附属医院,陕西省西安市雁塔区雁塔西路277号,李老师 029-85324027,中科经纬工程技术有限公司,陕西省西安市浐灞生态区欧亚一路世园大观3栋5层502室,李颖华、康怡悦、张倩 029-85261162、15829556882,李颖华、康怡悦、张倩,029-85261162、15829556882,,,https://www.ccgp.gov.cn/cggg/zygg/gzgg/202609/t20260908_27287747.htm,2026-09-10 09:46:03,一、项目基本情况 原公告的采购项目编号：2026YS54ZK 原公告的采购项目名称：西安交通大学医学院第一附属医院急救培训智能模拟人采购项目公开招标公告 首次公告日期：2026年09月07日 二、更正信息 更正事项：采购公告 更正内容： 原公告内容：提交投标文件截止时间：2026年09月29日 16点00分（北京时间）开标时间：2026年09月29日 16点00分（北京时间）地点：陕西省西安市碑林区和平路108号佳腾大厦9楼C室开标室一现更正为：提交投标文件截止时间：2026年09月30日 09点30分（北京时间）开标时间：2026年09月30日 09点30分（北京时间）地点：陕西省西安市碑林区长安北路陕西企业阳光采购交易平台二楼会议室其他内容不变 更正日期：2026年09月08日 三、其他补充事宜 无 四、凡对本次公告内容提出询问，请按以下方式联系。 1.采购人信息 名 称：西安交通大学第一附属医院 地址：陕西省西安市雁塔区雁塔西路277号 联系方式：李老师 029-85324027 2.采购代理机构信息 名 称：中科经纬工程技术有限公司 地 址：陕西省西安市浐灞生态区欧亚一路世园大观3栋5层502室 联系方式：李颖华、康怡悦、张倩 029-85261162、15829556882 3.项目联系方式 项目联系人：李颖华、康怡悦、张倩 电 话： 029-85261162、15829556882,医疗卫生,2026-09-29 16:00,中国政府采购网,,,default,,采购公告,,,,,,,,,
中央司法警官学院融媒体会议视听设备购置拆除项目结果更正公告,变更公告,BHZB-2026-156,2026年09月08日 16:23,市辖区,中央司法警官学院,河北省保定市七一中路103号,李晓 0312-5911245,并辉建设工程招标代理有限公司,山西综改示范区太原学府园区长治路科技街17号晟辉科创三层,林晓龙、刘爱宏、郭源、王乾英、闫炅 0351-7035990,林晓龙、刘爱宏、郭源、王乾英,0351-7035990,,,https://www.ccgp.gov.cn/cggg/zygg/gzgg/202609/t20260908_27287709.htm,2026-09-10 09:46:03,一、项目基本情况 原公告的采购项目编号：BHZB-2026-156 原公告的采购项目名称：中央司法警官学院融媒体会议视听设备购置拆除项目 首次公告日期：2026年08月24日 二、更正信息 更正事项：采购结果 更正内容： 序号 更正项 更正前内容 更正后内容 1 中标（成交）信息 供应商名称：保定技锋电子科技有限公司 供应商地址：保定市莲池区裕华西路294号颐高数码广场B1017号 中标（成交）金额：68.7145（万元） 供应商名称：河北雄智安业网络科技有限公司 供应商地址：保定市竞秀区韩村北路街道办事处隆兴中路781号门脸 中标（成交）金额：73.529（万元）   更正日期：2026年09月08日 三、其他补充事宜 序号 供应商名称 货物名称 货物品牌 货物型号 货物数量 货物单价（元） 1 河北雄智安业网络科技有限公司 视频矩阵、无线麦克风、COB一体化全彩LED显示 屏1、会标屏（全彩）、COB一体化全彩LED显示 屏2、全画幅4K电影摄影机套装、斯坦尼康背负减震摄影套 装、碳纤维专业摄影三脚架 （含一键竖拍液压阻尼云 台）、大号专业摄像机包、专业机头麦克风、4K专业无线图传设备、DV及配套设备、非线编工作站、NAS网络存储服务器、直播专用补光灯、线材1、线材2、移动电缆盘、原有大屏拆除1、原有大屏拆除2 迈拓维矩、大疆、利亚德、利亚德、利亚德、索尼、铁头、米泊、蒲公英、索尼、猛犸、佳能、联想、威联通、艾蒙拉、迈拓维矩、迈拓维矩、公牛、定制、定制 MT-HD88LH、DJI Mic 3、VCS012、LUS0186、VCS012、FX6V、GSS-T01-V、MUFP、OneproFlex、ECM-674、极影H、HFG70、ThinkStation P3 Tower、TS-h1677AXU-RP、爱图仕Ray 660c、光纤HDMI线2.0 版、光纤HDMI线2.0版、806DC*50米、定制、定制 1、1、1、1、1、1、1、1、1、1、1、6、1、1、2、1、1、2、1、1 5000.00、5000.00、160000.00、60000.00、215000.00、70000.00、15000.00、2000.00、2000.00、4000.00、4000.00、10000.00、25000.00、80000.00、6000.00、1000.00、4000.00、1000.00、5000.00、4290.00  评审总得分：87.64 四、凡对本次公告内容提出询问，请按以下方式联系。 1.采购人信息 名 称：中央司法警官学院 地址：河北省保定市七一中路103号 联系方式：李晓 0312-5911245 2.采购代理机构信息 名 称：并辉建设工程招标代理有限公司 地 址：山西综改示范区太原学府园区长治路科技街17号晟辉科创三层 联系方式：林晓龙、刘爱宏、郭源、王乾英、闫炅 0351-7035990 3.项目联系方式 项目联系人：林晓龙、刘爱宏、郭源、王乾英 电 话： 0351-7035990,教育培训,,中国政府采购网,,,default,,采购结果,,,,,,,,,
中林智建控股集团有限公司关于景德镇市昌江区消防救援大队主副食品配送服务项目（项目编号：ZLZJ-JDZ-20260629）更正公告,变更公告,ZLZJ-JDZ-20260629,2026年09月08日 16:08,昌江区,景德镇市昌江区消防救援大队,景德镇市昌江区瓷都大道都市绿洲旁,李先生15679276136,中林智建控股集团有限公司,长沙市雨花区同升街道汇金路877号嘉华智谷产业园Q1、A2、A3栋1311,王先生19979891176,王先生,19979891176,,,https://www.ccgp.gov.cn/cggg/zygg/gzgg/202609/t20260908_27287313.htm,2026-09-10 09:46:04,一、项目基本情况 原公告的采购项目编号：ZLZJ-JDZ-20260629 原公告的采购项目名称：景德镇市昌江区消防救援大队主副食品配送服务项目 首次公告日期：2026年09月04日 二、更正信息 更正事项：采购文件 更正内容：        原招标文件中“五、附件(投标文件格式) ”“六、用户需求 (二)商务条款”“七、评审办法”存在部分调整，具体调整详见最新的招标文件。       变更内容具体以最新的招标文件为准。 更正日期：2026年09月08日 三、其他补充事宜 无 四、凡对本次公告内容提出询问，请按以下方式联系。 1.采购人信息 名 称：景德镇市昌江区消防救援大队 地址：景德镇市昌江区瓷都大道都市绿洲旁 联系方式：李先生15679276136 2.采购代理机构信息 名 称：中林智建控股集团有限公司 地 址：长沙市雨花区同升街道汇金路877号嘉华智谷产业园Q1、A2、A3栋1311 联系方式：王先生19979891176 3.项目联系方式 项目联系人：王先生 电 话： 19979891176,公共安全,,中国政府采购网,,,default,,采购文件,,,,,,,,,
天津市滨海新区消防救援支队为新建站购置智能空呼充气设备项目（项目编号：TGPC-2026-A-0262）更正公告第1号,变更公告,TGPC-2026-A-0262,2026年09月08日 16:07,天津市,天津市滨海新区消防救援支队,天津市滨海新区晋州道616号,王树滨  022-66689500,天津市政府采购中心,天津市河东区红星路79号二楼（邮编：300161）,丁亚天、王蓉蓉  022-24538301,王树滨,022-66689500,,,https://www.ccgp.gov.cn/cggg/zygg/gzgg/202609/t20260908_27287285.htm,2026-09-10 09:46:05,一、项目基本情况 原公告的采购项目编号：TGPC-2026-A-0262 原公告的采购项目名称：天津市滨海新区消防救援支队为新建站购置智能空呼充气设备项目（项目编号：TGPC-2026-A-0262） 首次公告日期：2026年08月19日 二、更正信息 更正事项：采购文件 更正内容： （一）评分因素及评标标准中客观分第6项“产品参数证明评价”中，“每证明1条得1.5分，最多10分。”更正为“每证明1条得1.5分，最多15分。”（二）其他内容无变更。 更正日期：2026年09月08日 三、其他补充事宜 四、凡对本次公告内容提出询问，请按以下方式联系。 1.采购人信息 名 称：天津市滨海新区消防救援支队 地址：天津市滨海新区晋州道616号 联系方式：王树滨 022-66689500 2.采购代理机构信息 名 称：天津市政府采购中心 地 址：天津市河东区红星路79号二楼（邮编：300161） 联系方式：丁亚天、王蓉蓉 022-24538301 3.项目联系方式 项目联系人：王树滨 电 话： 022-66689500,公共安全,,中国政府采购网,,,default,,采购文件,,,,,,,,,
西南民族大学2026年校内零星维修材料供应服务商采购项目更正公告,变更公告,SMU-WT2026120,2026年09月08日 15:52,四川省,西南民族大学,成都市双流区航空港开发区大件路文星段168号,晏老师，028-85522936,中航招采科技（北京）有限公司,成都市高新区益州大道北段777号中航国际交流中心A座1501-1502、1508-1510,贾静、易力、刘佳婷、王楠，028-86266522-614、606,贾静、易力、刘佳婷、王楠,028-86266522-614、606,,,https://www.ccgp.gov.cn/cggg/zygg/gzgg/202609/t20260908_27287029.htm,2026-09-10 09:46:05,一、项目基本情况 原公告的采购项目编号：SMU-WT2026120 原公告的采购项目名称：西南民族大学2026年校内零星维修材料供应服务商采购项目 首次公告日期：2026年08月25日 二、更正信息 更正事项：采购文件 更正内容： （1）删除招标文件项目清单中第300项“电子镇流器”；（2）招标文件第五章“★二、技术/服务要求”中“4．PP-R、PP-B 管材需满足GB/T18742.2-2017， PP-R、PP-B管件需满足GB/T18742.3-2017，给水用聚乙烯(PE)管材需满足GB/T 13663.2-2018”更正为“4．PP-R管材需满足GB/T18742.2-2017， PP-R管件需满足GB/T18742.3-2017，给水用聚乙烯(PE)管材需满足GB/T 13663.2-2018”；（3）本项目提交投标文件截止时间及开标时间延期至2026年9月24日10:30分（北京时间）。请投标人重新下载更正后的招标文件。其他内容不变。 更正日期：2026年09月08日 三、其他补充事宜 无 四、凡对本次公告内容提出询问，请按以下方式联系。 1.采购人信息 名 称：西南民族大学 地址：成都市双流区航空港开发区大件路文星段168号 联系方式：晏老师，028-85522936 2.采购代理机构信息 名 称：中航招采科技（北京）有限公司 地 址：成都市高新区益州大道北段777号中航国际交流中心A座1501-1502、1508-1510 联系方式：贾静、易力、刘佳婷、王楠，028-86266522-614、606 3.项目联系方式 项目联系人：贾静、易力、刘佳婷、王楠 电 话： 028-86266522-614、606,教育培训,,中国政府采购网,,,default,,采购文件,,,,,,,,,
北京航空航天大学自动化科学与电气工程学院多泵驱动组件及台架采购更正公告,变更公告,BUAAZB20260087,2026年09月08日 15:52,北京市,北京航空航天大学,北京市海淀区学院路37号,徐老师 010-82338917,中贸国际工程招标（北京）有限公司,北京市丰台区西四环南路35号中都科技大厦1009室,成凯、冯英山、崔嘉林、张立、张璐、王芹、马泽涵010-86203831、86203830,成凯、冯英山,010-86203831、86203830,,,https://www.ccgp.gov.cn/cggg/zygg/gzgg/202609/t20260908_27287041.htm,2026-09-10 09:46:06,一、项目基本情况 原公告的采购项目编号：BUAAZB20260087（CTIETC-HWZB-2607015） 原公告的采购项目名称：北京航空航天大学自动化科学与电气工程学院多泵驱动组件及台架采购 首次公告日期：2026年08月24日 二、更正信息 更正事项：采购文件 更正内容： 序号 招标文件原内容 现更正为： 1 招标文件P1，第一章投标邀请：项目概况：北京航空航天大学自动化科学与电气工程学院多泵驱动组件及台架采购招标项目的潜在投标人应在北京市丰台区西四环南路35号中都科技大厦1009室或通过邮件方式获取招标文件，并于2026年9月15日14：00（北京时间）前递交投标文件。 北京航空航天大学自动化科学与电气工程学院多泵驱动组件及台架采购招标项目的潜在投标人应在北京市丰台区西四环南路35号中都科技大厦1009室或通过邮件方式获取招标文件，并于2026年9月16日14：00（北京时间）前递交投标文件。 2 招标文件P2，第一章投标邀请四、提交投标文件截止时间、开标时间和地点 提交投标截止时间：2026年9月15日14时00分（北京时间）。 开标时间：2026年9月15日14时00分（北京时间）。 四、提交投标文件截止时间、开标时间和地点 提交投标截止时间：2026年9月16日14时00分（北京时间）。 开标时间：2026年9月16日14时00分（北京时间）。 招标文件其他内容不变 更正日期：2026年09月08日 三、其他补充事宜 采购人业务监督联系人：庞老师，朱老师联系方式：010-82314673，010-82314680  四、凡对本次公告内容提出询问，请按以下方式联系。 1.采购人信息 名 称：北京航空航天大学 地址：北京市海淀区学院路37号 联系方式：徐老师 010-82338917 2.采购代理机构信息 名 称：中贸国际工程招标（北京）有限公司 地 址：北京市丰台区西四环南路35号中都科技大厦1009室 联系方式：成凯、冯英山、崔嘉林、张立、张璐、王芹、马泽涵010-86203831、86203830 3.项目联系方式 项目联系人：成凯、冯英山 电 话： 010-86203831、86203830,教育培训,2026-09-15 14:00,中国政府采购网,,,default,,采购文件,,,,,,,,,
东北区域气象中心配套设施空调工程改造（空调机组采购）更正公告,变更公告,LNTH2026298D,2026年09月08日 15:49,辽宁省,辽宁省气象局财务核算中心,沈阳和平区长白南路388号,王茗琪,辽宁天泓工程项目管理有限公司,沈阳市和平区和平南大街20号玉麟地产B座5楼－辽宁省委正门斜对面,于月 、乔涛 024-23933220,于月、乔涛,024-23933220,东北区域气象中心配套设施空调工程改造（空调机组采购）   更正公告及回执.pdf,"[{""attach_name"": ""东北区域气象中心配套设施空调工程改造（空调机组采购）   更正公告及回执.pdf"", ""attach_url"": ""https://download.ccgp.gov.cn/oss/download?uuid=3594ABE95B538552658752D0748F00""}]",https://www.ccgp.gov.cn/cggg/zygg/gzgg/202609/t20260908_27286934.htm,2026-09-10 09:46:07,一、项目基本情况 原公告的采购项目编号：LNTH2026298D 原公告的采购项目名称：东北区域气象中心配套设施空调工程改造（空调机组采购） 首次公告日期：2026年08月21日 二、更正信息 更正事项：采购文件 更正内容： 1、招标文件技术规格响应表中的相关参数调整如下：电量≤375.1kW，水流量≥219.4m³/h，阻力限值≤70kPa，其他参数内容保持不变。2、开标时间变更为：2026年9月24日9：00（北京时间）3、开标地点变更为：辽宁天泓工程项目管理有限公司(沈阳市和平区和平南大街20号玉麟地产B座)5楼第二开标室。 更正日期：2026年09月08日 三、其他补充事宜 四、凡对本次公告内容提出询问，请按以下方式联系。 1.采购人信息 名 称：辽宁省气象局财务核算中心 地址：沈阳和平区长白南路388号 联系方式：王茗琪 2.采购代理机构信息 名 称：辽宁天泓工程项目管理有限公司 地 址：沈阳市和平区和平南大街20号玉麟地产B座5楼－辽宁省委正门斜对面 联系方式：于月 、乔涛 024-23933220 3.项目联系方式 项目联系人：于月、乔涛 电 话： 024-23933220,工程建设,,中国政府采购网,,,default,,采购文件,,,,,,,,,
湖州市消防救援支队基层政治工作实训室项目更正公告,变更公告,,2026年09月08日 15:36,市辖区,湖州市消防救援支队,湖州市仁皇山街道3588号,吕助理 0572-2399373,湖州市仁皇工程咨询有限公司,浙江省湖州市凤凰路137号国贸大厦15层,潘雄斌15868270199,潘雄斌,15868270199,,,https://www.ccgp.gov.cn/cggg/zygg/gzgg/202609/t20260908_27286653.htm,2026-09-10 09:46:07,"一、项目基本情况 原公告的采购项目编号：湖消采-J2026023 原公告的采购项目名称：湖州市消防救援支队基层政治工作实训室项目 首次公告日期：2026年08月19日 二、更正信息 更正事项：采购文件 更正内容：                       序号 更正项 更正前内容 更正后内容 1 工程量清单-“通用安装工程”-“展厅互动系统”项目特征 1.名称:展厅互动系统（详见图纸内容） 1.名称:展厅互动系统 2.这套展厅互动系统以移动互联网为入口，参观者通过扫码即可唤醒个人智能终端，接入展厅物联网中枢。系统依托云计算与大数据分析引擎，将消防思政知识解构为模块化数字内容，穿插AR增强现实情景模拟、限时答题闯关等沉浸式交互游戏，配合AI智能评估算法对参与者的学习轨迹进行即时反馈与积分排名。知识学习、行为演练与数据沉淀在云端无缝融合，打造""学—玩—评""闭环。 2 工程量清单-“通用安装工程”-“智能化考评系统设备”项目特征 1.名称:智能化考评系统设备（详见图纸内容） 1.名称:智能化考评系统设备 2.以集成化推车为硬件载体，搭载4K超高清云台摄像机阵列与360°全向麦克风矩阵，可灵活推拉至任意教学场地。系统通过AI视觉识别与声纹采集技术，同步捕捉讲师授课画面、学员听课状态及全场互动音频，经由边缘计算节点实时编码，一路输出至本地存储，一路通过5G网络推流至云平台实现远程直播。后端搭载深度学习算法引擎，对授课语速、学员抬头率、互动频次等维度进行NLP语义分析与行为建模，自动生成授课效果评估报告与数据可视化看板，为思政教学质量提升提供精准数字化依据。 3 工程量清单-“通用安装工程”-“展厅中控主机”项目特征 1.名称:展厅中控主机（详见图纸内容） 1.名称:展厅中控主机 2.展厅中控主机是展厅智能化管控核心设备，集中管理展厅内灯光、投影、显示屏、音响、信号切换等各类设备。可通过触摸屏、平板实现一键场景调用，如开馆模式、闭馆模式、演示模式，一键完成多设备联动切换。 主机接收控制指令，统一调度外设，简化现场操作，避免单独逐台调试设备。稳定保障展厅展项有序运行，降低运维难度，广泛用于展馆、企业展厅，实现整套展陈系统高效集中管控。                      更正日期：2026年09月08日 三、其他补充事宜 四、凡对本次公告内容提出询问，请按以下方式联系。 1.采购人信息 名 称：湖州市消防救援支队 地址：湖州市仁皇山街道3588号 联系方式：吕助理 0572-2399373 2.采购代理机构信息 名 称：湖州市仁皇工程咨询有限公司 地 址：浙江省湖州市凤凰路137号国贸大厦15层 联系方式：潘雄斌15868270199 3.项目联系方式 项目联系人：潘雄斌 电 话： 15868270199",教育培训,,中国政府采购网,,,default,,采购文件,,,,,,,,,
中国医学科学院肿瘤医院超高清3D腹腔镜采购项目更正公告,变更公告,26CNIC381070-028,2026年09月08日 15:32,北京市,中国医学科学院肿瘤医院,北京市朝阳区潘家园街道南里17号,刘老师：010-87788933,中国仪器进出口集团有限公司,北京市海淀区中关村南大街9号理工科技大厦20层2003室,王颖杰、宁文秀 电话：010-88312806、88312807,王颖杰,010-88312806,,,https://www.ccgp.gov.cn/cggg/zygg/gzgg/202609/t20260908_27286550.htm,2026-09-10 09:46:08,一、项目基本情况 原公告的采购项目编号：26CNIC381070-028 原公告的采购项目名称：中国医学科学院肿瘤医院超高清3D腹腔镜采购项目 首次公告日期：2026年08月25日 二、更正信息 更正事项：采购文件 更正内容： 更正前 更正后 第一章 投标邀请 四、提交投标文件截止时间、开标时间和地点 2026年9月15日14点00分（北京时间） 地点：中国医学科学院肿瘤医院5号楼614（北京市朝阳区潘家园南里 17 号） 第一章 投标邀请 四、提交投标文件截止时间、开标时间和地点 2026年9月23日14点00分（北京时间） 地点：中国医学科学院肿瘤医院5号楼614（北京市朝阳区潘家园南里 17 号） 更正日期：2026年09月08日 三、其他补充事宜 无 四、凡对本次公告内容提出询问，请按以下方式联系。 1.采购人信息 名 称：中国医学科学院肿瘤医院 地址：北京市朝阳区潘家园街道南里17号 联系方式：刘老师：010-87788933 2.采购代理机构信息 名 称：中国仪器进出口集团有限公司 地 址：北京市海淀区中关村南大街9号理工科技大厦20层2003室 联系方式：王颖杰、宁文秀 电话：010-88312806、88312807 3.项目联系方式 项目联系人：王颖杰 电 话： 010-88312806,医疗卫生,,中国政府采购网,,,default,,采购文件,,,,,,,,,
中华人民共和国西藏出入境边防检查总站亚东出入境边防检查站NDL边贸通道复通工作边检建设项目更正公告,变更公告,XZRFZB-RKZCG-2026047,2026年09月08日 15:30,亚东县,中华人民共和国亚东出入境边防检查站,日喀则市亚东县下司马镇亚东出入境边防检查站,0892-8336658,西藏瑞丰工程项目管理有限公司,西藏日喀则市桑珠孜区天龙矿工贸公司第二安居园2号楼4单元208,18391065334,何先生,18391065334,,,https://www.ccgp.gov.cn/cggg/zygg/gzgg/202609/t20260908_27286499.htm,2026-09-10 09:46:08,一、项目基本情况 原公告的采购项目编号：XZRFZB-RKZCG-2026047 原公告的采购项目名称：中华人民共和国西藏出入境边防检查总站亚东出入境边防检查站NDL边贸通道复通工作边检建设项目 首次公告日期：2026年09月07日 二、更正信息 更正事项：采购公告 更正内容： 原公告：采购需求中“配置AI分析服务器”现更正为：配置AI大模型服务终端  更正日期：2026年09月08日 三、其他补充事宜 1、本更正公告为原采购公告的组成部分，与原采购公告具有同等法律效力。原采购公告与本更正公告不一致的内容，以本更正公告为准。2、本项目更正公告在《中国政府采购网》上发布。 四、凡对本次公告内容提出询问，请按以下方式联系。 1.采购人信息 名 称：中华人民共和国亚东出入境边防检查站 地址：日喀则市亚东县下司马镇亚东出入境边防检查站 联系方式：0892-8336658 2.采购代理机构信息 名 称：西藏瑞丰工程项目管理有限公司 地 址：西藏日喀则市桑珠孜区天龙矿工贸公司第二安居园2号楼4单元208 联系方式：18391065334 3.项目联系方式 项目联系人：何先生 电 话： 18391065334,工程建设,,中国政府采购网,,,default,,采购公告,,,,,,,,,
全国畜牧总站顺义基地房屋修缮项目更正公告,变更公告,WGZF202603262224,2026年09月08日 15:23,北京市,全国畜牧总站,北京市朝阳区麦子店街20号,苏晓朔，010-59194620,北京维公工程项目管理有限公司,北京市丰台区宋庄路71号院1号楼7层701,王金雨、杨晓蒙、魏晓玉，010-67136191-212,王金雨、杨晓蒙、魏晓玉,010-67136191-212,,,https://www.ccgp.gov.cn/cggg/zygg/gzgg/202609/t20260908_27286385.htm,2026-09-10 09:46:09,一、项目基本情况 原公告的采购项目编号：WGZF202603262224 原公告的采购项目名称：全国畜牧总站顺义基地房屋修缮项目 首次公告日期：2026年08月28日 二、更正信息 更正事项：采购文件 更正内容： 针对 “全国畜牧总站顺义基地房屋修缮项目” 工程量清单中拆除工程相关内容及竞争性磋商文件的澄清补充如下：一、拆除工程计量单位修正原工程量清单 “分部分项工程项目清单计价表” 中，拆除工程单项工程 - 拆除工程单位工程子目计量单位标注为 “㎡”，现正式修正为 “项”。该子目实行总价固定包干，供应商应根据现场勘查的具体情况，结合企业自身施工实力综合报价，结算时对此项不再做任何调整。二、拆除工程内容调整总体原则说明：本项目现场拆除内容复杂，所有拆除工作的具体范围、做法及工程量均以施工图纸及现场实际内容为准。门厅拆除内容修正：原清单中门厅拆除内容表述为 “拆除门厅现状地面、喷泉景观、内墙面天棚等”，现明确调整为：拆除门厅现状地面、喷泉景观、内墙面及现状门斗等，不包含天棚拆除。 具体拆除范围与工程量以施工图纸及现场实际情况为准。三、5 号楼门厅装饰改造工程新增清单子目在 “5 号楼门厅修缮工程单项工程 — 门厅装饰改造单位工程” 对应的《分部分项工程项目清单计价表》中，新增 1 项清单子目，具体信息如下：项目名称：清理并翻新现状玻璃天棚项目特征描述：清理并清洗原玻璃天棚；清除旧密封胶，重新打密封胶；其他详见设计图纸及竞争性磋商文件；报价中应综合考虑与本工艺及工序相关的全部费用及风险，满足图集、标准、规范等相关法律法规的规定，符合图纸、技术标准等相应要求。计量单位：㎡工程量：250本新增子目属于 5 号楼门厅修缮工程单项工程 — 门厅装饰改造单位工程范畴，供应商须将其综合单价及合价纳入该单位工程报价汇总，并计入投标总报价；报价应充分结合现场实际情况、施工工序难度及相关风险自主报价，除正式设计变更外，结算时综合单价不作调整。 四、响应文件提交截止时间及开启时间变更原竞争性磋商文件及公告中规定：“四、响应文件提交。截止时间： 2026年 09 月 11 日 09 时 30 分（北京时间）。地点：北京市丰台区宋庄路扑满山大厦1号楼7层703，逾期送达或不符合竞争性磋商文件密封规定的响应文件恕不接受。五、开启。时间： 2026年 09 月 11 日 09 时 30 分（北京时间）。地点：北京市丰台区宋庄路扑满山大厦1号楼7层703。”现变更为：“四、响应文件提交。截止时间： 2026年 09 月 14 日 09 时 30 分（北京时间）。地点：北京市丰台区宋庄路扑满山大厦1号楼7层703，逾期送达或不符合竞争性磋商文件密封规定的响应文件恕不接受。五、开启。时间： 2026年 09 月 14 日 09 时 30 分（北京时间）。地点：北京市丰台区宋庄路扑满山大厦1号楼7层703。”五、其他说明本补充文件为本项目竞争性磋商文件及工程量清单的组成部分，与原竞争性磋商文件、工程量清单具有同等法律效力。原工程量清单中与本补充文件不一致的内容，以本补充文件为准；其余未涉及内容仍按原工程量清单及竞争性磋商文件执行。 更正日期：2026年09月08日 三、其他补充事宜 无 四、凡对本次公告内容提出询问，请按以下方式联系。 1.采购人信息 名 称：全国畜牧总站 地址：北京市朝阳区麦子店街20号 联系方式：苏晓朔，010-59194620 2.采购代理机构信息 名 称：北京维公工程项目管理有限公司 地 址：北京市丰台区宋庄路71号院1号楼7层701 联系方式：王金雨、杨晓蒙、魏晓玉，010-67136191-212 3.项目联系方式 项目联系人：王金雨、杨晓蒙、魏晓玉 电 话： 010-67136191-212,工程建设,2026-09-11 09:30,中国政府采购网,,,default,,采购文件,,,,,,,,,
人民大会堂周界视频监控系统升级改造采购项目更正公告,变更公告,RC-H26021,2026年09月08日 15:11,北京市,人民大会堂管理局,北京市西城区人民大会堂西侧路,010-63094633,全国人大机关采购中心,北京市西城区西交民巷23号,010-63094892,郭兴达,010-83086445,,,https://www.ccgp.gov.cn/cggg/zygg/gzgg/202609/t20260908_27286222.htm,2026-09-10 09:46:09,一、项目基本情况 原公告的采购项目编号：RC-H26021 原公告的采购项目名称：人民大会堂周界视频监控系统升级改造采购项目 首次公告日期：2026年08月25日 二、更正信息 更正事项：采购公告 更正内容： 本项目提交投标文件截止时间顺延至2026年9月24日9:00。 更正日期：2026年09月08日 三、其他补充事宜 无 四、凡对本次公告内容提出询问，请按以下方式联系。 1.采购人信息 名 称：人民大会堂管理局 地址：北京市西城区人民大会堂西侧路 联系方式：010-63094633 2.采购代理机构信息 名 称：全国人大机关采购中心 地 址：北京市西城区西交民巷23号 联系方式：010-63094892 3.项目联系方式 项目联系人：郭兴达 电 话： 010-83086445,工程建设,,中国政府采购网,,,default,,采购公告,,,,,,,,,
中南大学湘雅二医院肿瘤科CT球管采购及服务项目中标结果更正公告,变更公告,,2026年09月08日 14:51,长沙市,中南大学湘雅二医院,湖南省长沙市人民中路139号,王老师  0731- 85294138,北京泛华国金工程咨询有限公司,湖南省长沙市开福区世纪金源云创中心S3栋13楼,黄艳林、李志强、赵艳、周成、马伶韵，0731-85018855,黄艳林、李志强、赵艳、周成、马,0731-85018855,,,https://www.ccgp.gov.cn/cggg/zygg/gzgg/202609/t20260908_27285982.htm,2026-09-10 09:46:10,一、项目基本情况 原公告的采购项目编号：货物-2026088 原公告的采购项目名称：中南大学湘雅二医院肿瘤科CT球管采购及服务项目中标（成交）结果公告 首次公告日期：2026年08月25日 二、更正信息 更正事项：采购结果 更正内容： 1、中标（成交）信息更正为：供应商名称：通用电气医疗系统贸易发展（上海）有限公司供应商地址：中国（上海）自由贸易试验区意威路96号1幢中标（成交）金额：850000.00元2、主要标的信息更正为：  序号 供应商名称 货物名称 品牌 规格型号 数量 单价 1 通用电气医疗系统贸易发展（上海）有限公司 CT球管 GE/美国 2219500-5 （订货号：D3195T) 1套 850000.00元   更正日期：2026年09月08日 三、其他补充事宜 因本项目收到对原中标结果的质疑函，部分质疑成立且影响原中标结果，现由第二名顺延。 四、凡对本次公告内容提出询问，请按以下方式联系。 1.采购人信息 名 称：中南大学湘雅二医院 地址：湖南省长沙市人民中路139号 联系方式：王老师 0731- 85294138 2.采购代理机构信息 名 称：北京泛华国金工程咨询有限公司 地 址：湖南省长沙市开福区世纪金源云创中心S3栋13楼 联系方式：黄艳林、李志强、赵艳、周成、马伶韵，0731-85018855 3.项目联系方式 项目联系人：黄艳林、李志强、赵艳、周成、马伶韵 电 话： 0731-85018855,医疗卫生,,中国政府采购网,,,default,,采购结果,,,,,,,,,
中国科学技术馆2026年度流动科普设施资源采购项目（第12包、第13包）更正公告,变更公告,WKZB2631BJU3005005,2026年09月08日 14:49,北京市,中国科学技术馆,北京市朝阳区北辰东路5号,赵文娅 010-59041178,五矿国际招标有限责任公司,北京市海淀区三里河路七号新疆大厦写字楼8层,夏凡、席桥、石浩人、付文超、潘爽、徐娜、宋程程、梁敬保 010-81125776、81125774,夏凡、席桥、石浩人、付文超、潘,010-81125776、81125774,,,https://www.ccgp.gov.cn/cggg/zygg/gzgg/202609/t20260908_27285960.htm,2026-09-10 09:46:10,一、项目基本情况 原公告的采购项目编号：WKZB2631BJU3005005 原公告的采购项目名称：中国科学技术馆2026年度流动科普设施资源采购项目（第12包、第13包）公开招标公告 首次公告日期：2026年08月24日 二、更正信息 更正事项：采购文件 更正内容： 1、招标文件第五章技术要求车载设备清单中“55英寸液晶电视（144Hz原生刷新率、Mini LED、3000nits、屏幕反射率小于1%），具有防震功能，具备USB播放功能”现更正为：55英寸液晶电视（144Hz 原生刷新率、Mini LED、3000nits），具有防震功能，具备 USB 播放功能。2、提交投标文件截止时间、开标时间更正为：2026年9月24日09:30（北京时间）3、其他未涉及到事宜不变。 更正日期：2026年09月08日 三、其他补充事宜 无。 四、凡对本次公告内容提出询问，请按以下方式联系。 1.采购人信息 名 称：中国科学技术馆 地址：北京市朝阳区北辰东路5号 联系方式：赵文娅 010-59041178 2.采购代理机构信息 名 称：五矿国际招标有限责任公司 地 址：北京市海淀区三里河路七号新疆大厦写字楼8层 联系方式：夏凡、席桥、石浩人、付文超、潘爽、徐娜、宋程程、梁敬保 010-81125776、81125774 3.项目联系方式 项目联系人：夏凡、席桥、石浩人、付文超、潘爽、徐娜、宋程程、梁敬保 电 话： 010-81125776、81125774,设备购置,,中国政府采购网,,,default,,采购文件,,,,,,,,,
国家税务总局烟台市蓬莱区税务局2026年物业管理服务项目更正公告,变更公告,SD2026-DLGK-C0107-B00,2026年09月08日 14:38,蓬莱区,国家税务总局烟台市蓬莱区税务局,山东省烟台市蓬莱区南关路247号,王殿飞0535-5720907,山东广信招标有限责任公司烟台市分公司,山东省烟台市高新区农业大学西门1012-306,张婷婷、乔一凤0535-3941913,张婷婷、乔一凤,0535-3941913,,,https://www.ccgp.gov.cn/cggg/zygg/gzgg/202609/t20260908_27285875.htm,2026-09-10 09:46:11,一、项目基本情况 原公告的采购项目编号：SD2026-DLGK-C0107-B00 原公告的采购项目名称：国家税务总局烟台市蓬莱区税务局2026年物业管理服务项目公开招标公告 首次公告日期：2026年09月01日 二、更正信息 更正事项：采购文件 更正内容： 将投标截止时间：2026年9月23日14点30分（北京时间）；开标时间：2026年9月23日14点30分（北京时间）。更正为：投标截止时间：2026年9月28日09点00分（北京时间）；开标时间：2026年9月28日09点00分（北京时间）。 更正日期：2026年09月08日 三、其他补充事宜 更正后采购需求详见补充文件。 四、凡对本次公告内容提出询问，请按以下方式联系。 1.采购人信息 名 称：国家税务总局烟台市蓬莱区税务局 地址：山东省烟台市蓬莱区南关路247号 联系方式：王殿飞0535-5720907 2.采购代理机构信息 名 称：山东广信招标有限责任公司烟台市分公司 地 址：山东省烟台市高新区农业大学西门1012-306 联系方式：张婷婷、乔一凤0535-3941913 3.项目联系方式 项目联系人：张婷婷、乔一凤 电 话： 0535-3941913,服务外包,2026-09-23 14:30,中国政府采购网,,,default,,采购文件,,,,,,,,,
长春海关技术中心海关仪器设备购置及能力保障专项设备更正公告,变更公告,JLSBLB2026-CG164,2026年09月08日 13:41,吉林省,长春海关技术中心,长春市绿园区普阳街与皓月大路交汇,李宇诗 0431-87607229,吉林省百利邦项目管理咨询有限公司,长春净月高新技术产业开发区生态东街3330号吉林省国家广告产业园,"李洋,0431-81685832",李洋,0431-81685832,,,https://www.ccgp.gov.cn/cggg/zygg/gzgg/202609/t20260908_27285462.htm,2026-09-10 09:46:11,"一、项目基本情况 原公告的采购项目编号：JLSBLB2026-CG164 原公告的采购项目名称：长春海关技术中心海关仪器设备购置及能力保障专项设备 首次公告日期：2026年08月24日 二、更正信息 更正事项：采购结果 更正内容： 长春海关技术中心海关仪器设备购置及能力保障专项设备更正公告一、项目基本情况原公告的采购项目编号：JLSBLB2026-CG164原公告的采购项目名称：长春海关技术中心海关仪器设备购置及能力保障专项设备首次公告日期：2026年8月24日二、更正信息更正事项：采购结果     更正内容： 序号 更正项 更正前内容 更正后内容 2 主要标的信息 供应商名称：吉林省倾诚商贸有限公司 货物品牌：盛泰科技 货物型号：ST109B1 货物单价：12000元 供应商名称：吉林省倾诚商贸有限公司 货物品牌：盛泰科技 货物型号：ST109B1 货物单价：120000元   更正日期：2026年9月8日三、其他补充事宜本次公告同时在中国政府采购网、中国采购与招标网、中国招标投标公共服务平台上发布。四、凡对本次公告内容提出询问，请按以下方式联系1.采购人信息名 称：长春海关技术中心地 址：长春市绿园区普阳街与皓月大路交汇联系方式：李宇诗 0431-876072292.采购代理机构信息名称：吉林省百利邦项目管理咨询有限公司 地址：长春净月高新技术产业开发区生态东街3330号吉林省国家广告产业园 联系方式：0431-81685832 3.项目联系方式项目联系人：李洋电话：0431-81685832 更正日期：2026年09月08日 三、其他补充事宜 四、凡对本次公告内容提出询问，请按以下方式联系。 1.采购人信息 名 称：长春海关技术中心 地址：长春市绿园区普阳街与皓月大路交汇 联系方式：李宇诗 0431-87607229 2.采购代理机构信息 名 称：吉林省百利邦项目管理咨询有限公司 地 址：长春净月高新技术产业开发区生态东街3330号吉林省国家广告产业园 联系方式：李洋,0431-81685832 3.项目联系方式 项目联系人：李洋 电 话： 0431-81685832",设备购置,,中国政府采购网,,,default,,采购结果,,,,,,,,,
中国科学院微小卫星创新研究院环月低频射电天文台卫星主星对地数传射频单元更正公告,变更公告,ZC26G220295,2026年09月08日 13:40,上海市,中国科学院微小卫星创新研究院,上海市浦东新区雪洋路1号,廖名传  021-20857000,中招工业发展（北京）有限公司,北京市海淀区皂君庙14号院9号楼1至5层,李静  010-87139662,李静,010-87139662,,,https://www.ccgp.gov.cn/cggg/zygg/gzgg/202609/t20260908_27285467.htm,2026-09-10 09:46:12,一、项目基本情况 原公告的采购项目编号：ZC26G220295 原公告的采购项目名称：ET卫星电源子系统研制 首次公告日期：2026年08月31日 二、更正信息 更正事项：采购公告 更正内容： 延长招标文件购买截止时间至2026年9月15日17:00时。 更正日期：2026年09月08日 三、其他补充事宜 无。 四、凡对本次公告内容提出询问，请按以下方式联系。 1.采购人信息 名 称：中国科学院微小卫星创新研究院 地址：上海市浦东新区雪洋路1号 联系方式：廖名传 021-20857000 2.采购代理机构信息 名 称：中招工业发展（北京）有限公司 地 址：北京市海淀区皂君庙14号院9号楼1至5层 联系方式：李静 010-87139662 3.项目联系方式 项目联系人：李静 电 话： 010-87139662,教育培训,,中国政府采购网,,,default,,采购公告,,,,,,,,,
中国科学院微小卫星创新研究院环月低频射电天文台卫星子星电源分系统研制更正公告,变更公告,ZC26G220291,2026年09月08日 13:40,上海市,中国科学院微小卫星创新研究院,上海市浦东新区雪洋路1号,廖名传  021-20857000,中招工业发展（北京）有限公司,北京市海淀区皂君庙14号院9号楼1至5层,李静  010-87139662,李静,010-87139662,,,https://www.ccgp.gov.cn/cggg/zygg/gzgg/202609/t20260908_27285468.htm,2026-09-10 09:46:13,一、项目基本情况 原公告的采购项目编号：ZC26G220291 原公告的采购项目名称：ET卫星电源子系统研制 首次公告日期：2026年08月31日 二、更正信息 更正事项：采购公告 更正内容： 延长招标文件购买截止时间至2026年9月15日17:00时。 更正日期：2026年09月08日 三、其他补充事宜 无。 四、凡对本次公告内容提出询问，请按以下方式联系。 1.采购人信息 名 称：中国科学院微小卫星创新研究院 地址：上海市浦东新区雪洋路1号 联系方式：廖名传 021-20857000 2.采购代理机构信息 名 称：中招工业发展（北京）有限公司 地 址：北京市海淀区皂君庙14号院9号楼1至5层 联系方式：李静 010-87139662 3.项目联系方式 项目联系人：李静 电 话： 010-87139662,教育培训,,中国政府采购网,,,default,,采购公告,,,,,,,,,
中华人民共和国新沙海关新沙海关办公楼家具更新项目更正公告,变更公告,DGXYCG2026040,2026年09月08日 13:33,东莞市,中华人民共和国新沙海关,东莞市麻涌镇港前路19号新沙口岸大楼,中华人民共和国新沙海关 0769-22004376,东莞市新叶招标代理有限公司,东莞市南城街道宏图路232号（汉远华坚数字智造园）2栋301室,李工 0769－28334039,李工,,,,https://www.ccgp.gov.cn/cggg/zygg/gzgg/202609/t20260908_27285438.htm,2026-09-10 09:46:13,一、项目基本情况 原公告的采购项目编号：DGXYCG2026040 原公告的采购项目名称：新沙海关新沙海关办公楼家具更新项目 首次公告日期：2026年08月26日 二、更正信息 更正事项：采购公告 更正内容： 更正事项：磋商文件、更正公告更正原因：本项目第一次更正公告中首次公告日期填写有误，同时因项目磋商小组未及时组建，无法正常开启评审，现对第一次更正公告进行更正及磋商文件开启时间进行调整。更正内容：本项目已于2026年09月02日发布第一次更正公告，现发布第二次更正公告，相关调整事项如下：（1）原于2026年09月02日发布的第一次更正公告“首次公告日期：2026年09月02日”更正为“首次公告日期：2026年08月26日”（2）原磋商文件开启时间“2026年09月08日15时00分（北京时间）”调整为“2026年09月16日15时00分（北京时间）”其他内容不变更正日期：2026年09月08日 更正日期：2026年09月08日 三、其他补充事宜 四、凡对本次公告内容提出询问，请按以下方式联系。 1.采购人信息 名 称：中华人民共和国新沙海关 地址：东莞市麻涌镇港前路19号新沙口岸大楼 联系方式：中华人民共和国新沙海关 0769-22004376 2.采购代理机构信息 名 称：东莞市新叶招标代理有限公司 地 址：东莞市南城街道宏图路232号（汉远华坚数字智造园）2栋301室 联系方式：李工 0769－28334039 3.项目联系方式 项目联系人：李工 电 话： 0769－28334039,设备购置,,中国政府采购网,,,default,,采购公告,,,,,,,,,
失能老年人评估及智能照护系统研发平台建设更正公告,变更公告,GXTC-C-26050138,2026年09月08日 13:06,北京市,国家康复辅具研究中心,北京经济技术开发区荣华中路1号,康老师 010-58122826,国信招标集团股份有限公司,北京市海淀区首体南路22号国兴大厦10层,李歆然、李山、张翊、李雪莹、吴剑鸣、涂莉，010-88354433-420，bear19851125@126.com,李歆然、李山、张翊、李雪莹、吴,010-88354433-420,,,https://www.ccgp.gov.cn/cggg/zygg/gzgg/202609/t20260908_27285373.htm,2026-09-10 09:46:14,一、项目基本情况 原公告的采购项目编号：GXTC-C-26050138 原公告的采购项目名称：失能老年人评估及智能照护系统研发平台建设 首次公告日期：2026年08月31日 二、更正信息 更正事项：采购文件 更正内容： 1、招标文件第70页第4包中气动式水平冲击响应谱试验设备的设备参数增加“★冲击台面尺寸2m×2m”。2、本项目第4包投标截止时间和开标时间原定为2026年9月21日9点00分（北京时间），现变更为2026年9月24日9点00分（北京时间）。3、本项目第4包提交投标文件和开标地点原定为北京市海淀区首体南路22号国兴大厦11层第四会议室，现变更为北京市海淀区首体南路22号国兴大厦9层第二会议室。招标文件其他内容不变。 更正日期：2026年09月08日 三、其他补充事宜 第1包、第2包、第3包内容均不变。 四、凡对本次公告内容提出询问，请按以下方式联系。 1.采购人信息 名 称：国家康复辅具研究中心 地址：北京经济技术开发区荣华中路1号 联系方式：康老师 010-58122826 2.采购代理机构信息 名 称：国信招标集团股份有限公司 地 址：北京市海淀区首体南路22号国兴大厦10层 联系方式：李歆然、李山、张翊、李雪莹、吴剑鸣、涂莉，010-88354433-420，bear19851125@126.com 3.项目联系方式 项目联系人：李歆然、李山、张翊、李雪莹、吴剑鸣、涂莉 电 话： 010-88354433-420,医疗卫生,,中国政府采购网,,,default,,采购文件,,,,,,,,,
浙江省衢州市消防救援支队2026年度指战员综合保险采购项目更正公告,变更公告,ZJHWCG2026111,2026年09月08日 12:04,柯城区,衢州市消防救援支队,浙江省衢州市柯城区芹江东路40号,郜女士15660128902,浙江浩文工程项目管理有限公司,浙江省衢州市柯城区弈谷文体城二区17幢803室,"小樊0570-3355001,18268996579",郜女士,15660128902,（定稿）浙江省衢州市消防救援支队2026年度指战员综合保险采购项目9.8.doc,"[{""attach_name"": ""（定稿）浙江省衢州市消防救援支队2026年度指战员综合保险采购项目9.8.doc"", ""attach_url"": ""https://download.ccgp.gov.cn/oss/download?uuid=D61E4CBAB57E98319AA06715C1D016""}]",https://www.ccgp.gov.cn/cggg/zygg/gzgg/202609/t20260908_27285125.htm,2026-09-10 09:46:15,"一、项目基本情况 原公告的采购项目编号：ZJHWCG2026111 原公告的采购项目名称：浙江省衢州市消防救援支队2026年度指战员综合保险采购项目 首次公告日期：2026年09月03日 二、更正信息 更正事项：采购文件 更正内容： 招标文件第五部分评标办法评标标准部分内容更正更正前内容：意外住院津贴服务方案更正后内容：住院津贴服务方案 更正日期：2026年09月08日 三、其他补充事宜 / 四、凡对本次公告内容提出询问，请按以下方式联系。 1.采购人信息 名 称：衢州市消防救援支队 地址：浙江省衢州市柯城区芹江东路40号 联系方式：郜女士15660128902 2.采购代理机构信息 名 称：浙江浩文工程项目管理有限公司 地 址：浙江省衢州市柯城区弈谷文体城二区17幢803室 联系方式：小樊0570-3355001,18268996579 3.项目联系方式 项目联系人：郜女士 电 话： 15660128902",公共安全,,中国政府采购网,,,default,,采购文件,,,,,,,,,
怒江边境管理支队2026年教育训练装备采购项目暂停公告,变更公告,WH-533300-2026-0014-0101,2026年09月08日 11:28,云南省,怒江边境管理支队（怒江州公安局边境管理支队）,怒江傈僳族自治州泸水市六库街道八一路128号,闫警官0886-3615148,旺和招标咨询有限公司,怒江州泸水市大练地街道泸水碧桂园1期1栋1-17,0886-3565666,黎霞辐、杨艳芬,13988658951,,,https://www.ccgp.gov.cn/cggg/zygg/gzgg/202609/t20260908_27284689.htm,2026-09-10 09:46:15,一、项目基本情况 原公告的采购项目编号：WH-533300-2026-0014-0101 原公告的采购项目名称：怒江边境管理支队2026年教育训练装备采购项目 首次公告日期：2026年09月07日 二、更正信息 更正事项：采购文件 更正内容： 因本项目采购清单需要进一步校核完善，为保证谈判文件质量、维护各潜在供应商合法权益，现暂停本项目采购活动。后续恢复采购时间另行公告通知，请各潜在供应商持续关注本平台后续公告。由此给各供应商带来的不便，敬请谅解。  更正日期：2026年09月08日 三、其他补充事宜 无 四、凡对本次公告内容提出询问，请按以下方式联系。 1.采购人信息 名 称：怒江边境管理支队（怒江州公安局边境管理支队） 地址：怒江傈僳族自治州泸水市六库街道八一路128号 联系方式：闫警官0886-3615148 2.采购代理机构信息 名 称：旺和招标咨询有限公司 地 址：怒江州泸水市大练地街道泸水碧桂园1期1栋1-17 联系方式：0886-3565666 3.项目联系方式 项目联系人：黎霞辐、杨艳芬 电 话： 13988658951,教育培训,,中国政府采购网,,,default,,采购文件,,,,,,,,,
西安交通大学高真空多腔体高温溅射机更正公告,变更公告,,2026年09月08日 11:04,西安市,西安交通大学,西安市碑林区兴庆南路10号交大南一号楼19层采购办办公室,tender@xjtu.edu.cn，咨询QQ群：367046737；联系电话：029-82668195/029-82668649,龙寰项目管理咨询有限公司,陕西省西安市高新区太白南路181号西部电子社区A座A区501室,高维、李嘉良、王飞,林芳,029-82668195,,,https://www.ccgp.gov.cn/cggg/zygg/gzgg/202609/t20260908_27284419.htm,2026-09-10 09:46:16,一、项目基本情况 原公告的采购项目编号：西交采招（2026）388 原公告的采购项目名称：西安交通大学高真空多腔体高温溅射机公开招标公告 首次公告日期：2026年08月27日 二、更正信息 更正事项：采购文件 更正内容： 1、采购需求补充说明，具体内容详见澄清文件。2、提交投标文件截止时间（开标时间）更正为：2026年09月24日09点00分（北京时间）。3、其他内容不变。 更正日期：2026年09月08日 三、其他补充事宜 无 四、凡对本次公告内容提出询问，请按以下方式联系。 1.采购人信息 名 称：西安交通大学 地址：西安市碑林区兴庆南路10号交大南一号楼19层采购办办公室 联系方式： tender@xjtu.edu.cn，咨询QQ群：367046737；联系电话：029-82668195/029-82668649 2.采购代理机构信息 名 称：龙寰项目管理咨询有限公司 地 址：陕西省西安市高新区太白南路181号西部电子社区A座A区501室 联系方式：高维、李嘉良、王飞 3.项目联系方式 项目联系人：林芳 电 话： eaf-lin@mail.xjtu.edu.cn,教育培训,,中国政府采购网,,,default,,采购文件,,,,,,,,,
中华人民共和国佳木斯海关老旧设施维修改造项目更正公告,变更公告,DYZB,2026年09月08日 10:51,佳木斯市,中华人民共和国佳木斯海关,佳木斯市前进区杏林路532号,魏先生、15765376044,黑龙江德誉工程咨询有限公司,佳木斯市向阳区联盟华庭二期P栋103门市,张女士、0454-8387977,张女士,0454-8387977,,,https://www.ccgp.gov.cn/cggg/zygg/gzgg/202609/t20260908_27284296.htm,2026-09-10 09:46:17,"一、项目基本情况 原公告的采购项目编号：DYZB[2026]002 原公告的采购项目名称：中华人民共和国佳木斯海关老旧设施维修改造项目 首次公告日期：2026年09月07日 二、更正信息 更正事项：采购公告 更正内容： 原采购预算金额：600,000.00元，现变更为539600.00元；原采购最高限价：600,000.00元，现变更为539600.00元；其他内容不变； 更正日期：2026年09月08日 三、其他补充事宜 本变更公告是磋商文件的组成部分，与磋商文件具有同等法律效力，以上变更内容如与磋商文件不一致之处，以本变更公告内容为准，潜在投标人因信息不畅，造成影响自行负责。 四、凡对本次公告内容提出询问，请按以下方式联系。 1.采购人信息 名 称：中华人民共和国佳木斯海关 地址：佳木斯市前进区杏林路532号 联系方式：魏先生、15765376044 2.采购代理机构信息 名 称：黑龙江德誉工程咨询有限公司 地 址：佳木斯市向阳区联盟华庭二期P栋103门市 联系方式：张女士、0454-8387977 3.项目联系方式 项目联系人：张女士 电 话： 0454-8387977",工程建设,,中国政府采购网,,600000.0,content,,采购公告,,,,,,,,,
中国医学科学院肿瘤医院地面停车管理运营服务项目更正公告,变更公告,XHTC-FW-2026-1073,2026年09月08日 10:16,北京市,中国医学科学院肿瘤医院,北京市朝阳区潘家园街道南里17号,刘老师 010-87788702,新华招标有限公司,北京市海淀区莲花池东路39号西金大厦8层,王乙 010-63905838,王乙、赵静颖、闫馨月,010-63905827、010-63905961,,,https://www.ccgp.gov.cn/cggg/zygg/gzgg/202609/t20260908_27283949.htm,2026-09-10 09:46:17,一、项目基本情况 原公告的采购项目编号：XHTC-FW-2026-1073 原公告的采购项目名称：中国医学科学院肿瘤医院地面停车管理运营服务项目 首次公告日期：2026年08月20日 二、更正信息 更正事项：采购文件 更正内容： 1、原招标文件“第一章  投标邀请”中：四、提交投标文件截止时间、开标时间和地点投标截止时间、开标时间：2026年9月10日09点00分（北京时间）。地点：北京市朝阳区潘家园南里17号中国医学科学院肿瘤医院5号楼科研楼1212会议室。变更为：四、提交投标文件截止时间、开标时间和地点投标截止时间、开标时间：2026年9月20日09点00分（北京时间）。地点：北京市朝阳区潘家园南里17号中国医学科学院肿瘤医院5号楼科研楼1212会议室。 更正日期：2026年09月08日 三、其他补充事宜 相关修改按此执行，其余不变，特此公告。本公告同时在中国政府采购网（https://www.ccgp.gov.cn）上发布。公告期限：自本公告发布之日起1个工作日。 四、凡对本次公告内容提出询问，请按以下方式联系。 1.采购人信息 名 称：中国医学科学院肿瘤医院 地址：北京市朝阳区潘家园街道南里17号 联系方式：刘老师 010-87788702 2.采购代理机构信息 名 称：新华招标有限公司 地 址：北京市海淀区莲花池东路39号西金大厦8层 联系方式：王乙 010-63905838 3.项目联系方式 项目联系人：王乙、赵静颖、闫馨月 电 话： 010-63905827、010-63905961,医疗卫生,,中国政府采购网,,,default,,采购文件,,,,,,,,,
西南大学精准pH自控脉冲补料生物振荡器采购中标结果更正公告,变更公告,AZF202600051,2026年09月08日 10:00,北碚区,西南大学,西南大学2号门内进入直行约400米，南区文俊楼（南区行政楼）二楼右侧,戴老师  袁老师  023-68254338  68252007,重庆泓展建设工程咨询有限公司,重庆市两江新区东湖南路333号中渝爱都会国际中心2幢25楼,田老师  023-63082043,徐老师,13648378692,,,https://www.ccgp.gov.cn/cggg/zygg/gzgg/202609/t20260908_27283832.htm,2026-09-10 09:46:17,一、项目基本情况 原公告的采购项目编号：AZF202600051 原公告的采购项目名称：西南大学精准pH自控脉冲补料生物振荡器采购中标公告 首次公告日期：2026年08月27日 二、更正信息 更正事项：采购结果 更正内容： 五、评审专家（单一来源采购人员）名单：由原来的“王佳、张正圣、彭红军、刘列钊、李宗峰（采购人代表）”更正为：”王佳（自行选定）、张正圣（自行选定）、彭红军（自行选定）、刘列钊（自行选定）、李宗峰（采购人代表）“。 更正日期：2026年09月08日 三、其他补充事宜 四、凡对本次公告内容提出询问，请按以下方式联系。 1.采购人信息 名 称：西南大学 地址：西南大学2号门内进入直行约400米，南区文俊楼（南区行政楼）二楼右侧 联系方式：戴老师 袁老师 023-68254338 68252007 2.采购代理机构信息 名 称：重庆泓展建设工程咨询有限公司 地 址：重庆市两江新区东湖南路333号中渝爱都会国际中心2幢25楼 联系方式：田老师 023-63082043 3.项目联系方式 项目联系人：徐老师 电 话： 13648378692,教育培训,,中国政府采购网,,,default,,采购结果,,,,,,,,,
中国科学院大学怀柔综合性国家科学中心支撑保障条件平台综合楼家具采购项目更正公告,变更公告,GC-HGX260942X,2026年09月08日 09:50,市辖区,中国科学院大学,北京市怀柔区雁栖湖东路1号,010-69671908,中央国家机关政府采购中心,西章胡同9号院,010-83083702,,010-69671908,中国科学院大学怀柔综合性国家科学中心支撑保障条件平台综合楼家具采购项目变更文件.pdf,"[{""attach_name"": ""中国科学院大学怀柔综合性国家科学中心支撑保障条件平台综合楼家具采购项目变更文件.pdf"", ""attach_url"": ""https://download.ccgp.gov.cn/oss/download?uuid=90e48b1e-606b-42bc-9e39-3f535d""}]",https://www.ccgp.gov.cn/cggg/zygg/gzgg/202609/t20260908_27283810.htm,2026-09-10 09:46:18,中国科学院大学怀柔综合性国家科学中心支撑保障条件平台综合楼家具采购项目更正公告 一、项目基本情况 1．项目编号：GC-HGX260942X 2．项目名称：中国科学院大学怀柔综合性国家科学中心支撑保障条件平台综合楼家具采购项目 3．首次公告日期：2026年8月19日 二、更正信息 1. 更正事项： 采购公告 2. 更正内容： 对采购需求中部分产品名称和产品实际不能对应等问题进行勘误，详情见变更后招标文件， 开标时间及投标截止时间由9月9日调整为9月24日。 3. 更正日期： 2026年9月8日 三、获取变更文件 1．时间：5个工作日 2．地点：中央政府采购网（http://www.zycg.gov.cn） 3．方式：在线下载 4．售价：免费 四、公告期限 自本公告发布之日起5个工作日，公告期限届满后获取变更文件的，获取时间以公告期限届满之日为准。 五、凡对本次公告内容提出询问，请按以下方式联系 1．采购人信息 名 称：中国科学院大学 地 址：北京市北京市怀柔区北京市怀柔区雁栖湖东路1号 联系方式：010-69671908 2．采购执行机构信息 名 称：中央国家机关政府采购中心 地 址：北京市西城区西直门内大街西章胡同9号院 邮政编码：100035 联系方式：详见http://www.zycg.gov.cn/home/contactus 3．项目联系方式 文件联系人及电话： 王震 010-55602563 徐婧婧 010-83084953 六、附件 1.中国科学院大学怀柔综合性国家科学中心支撑保障条件平台综合楼家具采购项目变更文件 中央国家机关政府采购中心 2026年9月8日,教育培训,,中国政府采购网,,,default,,,,,,,,,,,
国家税务总局文山市税务局食堂食材配送服务项目中标公告更正公告,变更公告,YN2026-DLGK-C0017-B00,2026年09月08日 09:18,文山市,国家税务总局文山市税务局,文山市开化街道普阳西路2号,龙老师18088283932,国信招标集团股份有限公司,文山市凤凰路1号华宇卧龙府1幢1层1-110号,谭仲秋199908763987,谭仲秋,19908763987,"中标公告扫描件.pdf,云南每鲜商贸有限公司中小企业声明函.pdf,国家税务总局文山市税务局食堂食材采购配送服务项目招标文件（定稿）.pdf","[{""attach_name"": ""中标公告扫描件.pdf"", ""attach_url"": ""https://download.ccgp.gov.cn/oss/download?uuid=2D7D236FCEBD4D694F172AEC870219""}, {""attach_name"": ""云南每鲜商贸有限公司中小企业声明函.pdf"", ""attach_url"": ""https://download.ccgp.gov.cn/oss/download?uuid=A30D99820A45DF27B05F7FC43D6AC5""}, {""attach_name"": ""国家税务总局文山市税务局食堂食材采购配送服务项目招标文件（定稿）.pdf"", ""attach_url"": ""https://download.ccgp.gov.cn/oss/download?uuid=553821442B3E27654FA5ED3FF7E1F4""}]",https://www.ccgp.gov.cn/cggg/zygg/gzgg/202609/t20260908_27283571.htm,2026-09-10 09:46:19,一、项目基本情况 原公告的采购项目编号：YN2026-DLGK-C0017-B00 原公告的采购项目名称：国家税务总局文山市税务局食堂食材配送服务项目中标公告 首次公告日期：2026年04月15日 二、更正信息 更正事项：采购结果 更正内容： 添加附件文件《招标文件》，其他内容不变。 更正日期：2026年09月08日 三、其他补充事宜 四、凡对本次公告内容提出询问，请按以下方式联系。 1.采购人信息 名 称：国家税务总局文山市税务局 地址：文山市开化街道普阳西路2号 联系方式：龙老师18088283932 2.采购代理机构信息 名 称：国信招标集团股份有限公司 地 址：文山市凤凰路1号华宇卧龙府1幢1层1-110号 联系方式：谭仲秋199908763987 3.项目联系方式 项目联系人：谭仲秋 电 话： 19908763987,服务外包,,中国政府采购网,,,default,,采购结果,,,,,,,,,
郴州市消防救援支队政府专职消防员退出激励金托管服务更正公告,变更公告,CZZD-2026FSCG-004,2026年09月08日 08:58,市辖区,郴州市消防救援支队,郴州市郴州大道1277号,蒋琼13975508668,湖南金翔项目咨询管理有限公司,郴州市文锦路鑫沙苑A2栋205-207室,雷莎07352233598,雷莎,07352233598,,,https://www.ccgp.gov.cn/cggg/zygg/gzgg/202609/t20260908_27283486.htm,2026-09-10 09:46:20,一、项目基本情况 原公告的采购项目编号：CZZD-2026FSCG-004 原公告的采购项目名称：郴州市消防救援支队政府专职消防员退出激励金托管服务竞争性磋商 首次公告日期：2026年08月31日 二、更正信息 更正事项：采购公告 更正内容： 更正前内容 更正后内容 原采购公告：三、磋商文件获取1、凡有意参加磋商采购活动的，请你单位于2026年9月1日至2026年9月7日止，每日上午9：00～12：00，下午2：30～5：00，获取磋商文件。 三、磋商文件获取1、凡有意参加磋商采购活动的，请你单位于2026年9月1日至2026年9月15日止，每日上午9：00～12：00，下午2：30～5：00，获取磋商文件。 原采购公告：四、响应文件提交的截止时间、开标时间及地点 1、响应文件提交的截止时间：2026年9月11日09时30分(北京时间)停止提交纸质响应文件，超过截止时间的响应文件为无效文件。 四、响应文件提交的截止时间、开标时间及地点 1、响应文件提交的截止时间：2026年9月18日10时00分(北京时间)停止提交纸质响应文件，超过截止时间的响应文件为无效文件。 更正日期：2026年09月08日 三、其他补充事宜 / 四、凡对本次公告内容提出询问，请按以下方式联系。 1.采购人信息 名 称：郴州市消防救援支队 地址：郴州市郴州大道1277号 联系方式：蒋琼13975508668 2.采购代理机构信息 名 称：湖南金翔项目咨询管理有限公司 地 址：郴州市文锦路鑫沙苑A2栋205-207室 联系方式：雷莎07352233598 3.项目联系方式 项目联系人：雷莎 电 话： 07352233598,公共安全,2026-09-11 09:30,中国政府采购网,,,default,,采购公告,,,,,,,,,
浦东校区超市及两校区咖啡店招商项目更正公告,变更公告,CGXQ-2026-07-625,2026年09月07日 22:55,上海市,上海民航职业技术学院,上海市龙华西路1号,刘老师  021-54103488,上海政采项目管理有限公司,上海市静安区天目中路383号10楼,单杰、王静雯、戴小军 021-62091253*8006,单杰、王静雯、戴小军,021-62091253,,,https://www.ccgp.gov.cn/cggg/zygg/gzgg/202609/t20260907_27282881.htm,2026-09-10 09:46:20,一、项目基本情况 原公告的采购项目编号：CGXQ-2026-07-625（招标代理机构内部编号：SHZC20262523） 原公告的采购项目名称：浦东校区超市及两校区咖啡店招商项目 首次公告日期：2026年08月24日 二、更正信息 更正事项：采购文件 更正内容： 1、本项目包件3：两校区（徐汇校区、浦东校区）品牌咖啡店中：“徐汇校区”本年度资产评估价格为准金额由原来的1.70元每平方更正为3.2元每平方；浦东校区不变。2、本项目包件3：两校区（徐汇校区、浦东校区）品牌咖啡店投标文件递交截止时间、开标会时间延期至9月23日上午9点00分。 更正日期：2026年09月07日 三、其他补充事宜 除以上更正内容外，采购文件其它要求和内容不变，特此告知。 四、凡对本次公告内容提出询问，请按以下方式联系。 1.采购人信息 名 称：上海民航职业技术学院 地址：上海市龙华西路1号 联系方式：刘老师 021-54103488 2.采购代理机构信息 名 称：上海政采项目管理有限公司 地 址：上海市静安区天目中路383号10楼 联系方式：单杰、王静雯、戴小军 021-62091253*8006 3.项目联系方式 项目联系人：单杰、王静雯、戴小军 电 话： 021-62091253*8006,教育培训,,中国政府采购网,,,default,,采购文件,,,,,,,,,
徐闻县消防救援大队2026年团体意外伤害保险服务采购项目采购需求调查（市场价格征集）更正公告,变更公告,/,2026年09月07日 21:45,徐闻县,徐闻县消防救援大队,广东省湛江市徐闻县徐城街道爱民路211号,"胡先生，15521683116,1309129315@qq.com",详见公告正文,详见公告正文,详见公告正文,胡先生,15521683116,附件 1报价函.docx,"[{""attach_name"": ""附件 1报价函.docx"", ""attach_url"": ""https://download.ccgp.gov.cn/oss/download?uuid=F0BD1A3B7BA0E355796A791C7B431F""}]",https://www.ccgp.gov.cn/cggg/zygg/gzgg/202609/t20260907_27282815.htm,2026-09-10 09:46:21,"一、项目基本情况 原公告的采购项目编号：/ 原公告的采购项目名称：徐闻县消防救援大队2026年团体意外伤害保险服务采购项目采购需求调查（市场价格征集）公告 首次公告日期：2026年09月07日 二、更正信息 更正事项：采购公告 更正内容：   根据《中华人民共和国政府采购法》《政府采购需求管理办法》（财库〔2021〕22号）相关规定，我单位拟开展徐闻县消防救援大队团体意外伤害保险服务采购项目，因项目投保总金额暂未确定，现面向社会开展采购需求调查及市场价格征集，用于测算本项目保险单人保费最高限价。本次仅为前期市场调研，不属于采购正式采购活动，现邀请符合资格保险机构报送报价及方案。一、项目概况项目名称：徐闻县消防救援大队团体意外伤害保险服务采购项目采购单位：徐闻县消防救援大队项目概况：拟为内勤人员14人、消防员81人投保团体意外伤害保险；预估参保人数：95人（人数仅预估，最终以实际参保名单为准）；保险期限：12个月。保险保障方案（固定，所有报价必须按本保障方案报价，保证比价口径统一）意外身故 / 伤残：_100___万元 / 人猝死： 20    万元/人意外医疗：10万元 / 人；免赔额：50元，赔付比例_100%___意外住院津贴：_100___元 / 天，最高_90___天 注：保障方案为本次调研统一标准，所有响应单位不得擅自删减保障责任。报价要求：报单人每年保费单价（元 / 人 / 年），同时按预估人数填报预估总保费；报价为全包价（含保费、税费、理赔服务、人员增减保全等全部费用，后续不再收取任何手续费）。        公示时间：本项目市场价格公开征集：自2026年09月07日起至2026年09月11日17：00止（北京时间）回复截止时间：2026年09月11日17:00（北京时间）回复方式与格式:请根据报价函（附件1）的参考格式修改后签字盖章以PDF扫描件发送至指定邮箱1309129315@qq.com。本次调查目的：采集市场合理费率，测算本项目单人保费最高限价，用于后续正式采购。 更正日期：2026年09月07日 三、其他补充事宜 四、凡对本次公告内容提出询问，请按以下方式联系。 1.采购人信息 名 称：徐闻县消防救援大队 地址：广东省湛江市徐闻县徐城街道爱民路211号 联系方式：胡先生，15521683116,1309129315@qq.com 2.项目联系方式 项目联系人：胡先生 电 话： 15521683116",公共安全,2026-09-11 17:00,中国政府采购网,,,default,,采购公告,,,,,,,,,
清华大学附属中学数字孪生综合系统建设项目更正公告（2）,变更公告,,2026年09月07日 21:21,北京市,清华大学,北京市海淀区清华园,周老师，010-62789532,新华招标有限公司,北京市海淀区莲花池东路39号西金大厦8层,张骏 010-63905815,刁玉蕊、张骏,010-63905815、010-63905973,公告附件-清华大学附属中学数字孪生综合系统建设项目更正公告（2）.pdf,"[{""attach_name"": ""公告附件-清华大学附属中学数字孪生综合系统建设项目更正公告（2）.pdf"", ""attach_url"": ""https://download.ccgp.gov.cn/oss/download?uuid=1B4B7058397A83D6736D20D0214D3E""}]",https://www.ccgp.gov.cn/cggg/zygg/gzgg/202609/t20260907_27282777.htm,2026-09-10 09:46:21,一、项目基本情况 原公告的采购项目编号：清采招第20260343号/XHTC-FW-2026-1500 原公告的采购项目名称：清华大学附属中学数字孪生综合系统建设项目 首次公告日期：2026年08月17日 二、更正信息 更正事项：采购文件 更正内容： 1. “第一章 投标邀请，四、提交投标文件截止时间、开标时间和地点”更正为：投标截止时间、开标时间：2026年9月23日9点00分（北京时间）。2.其他更正内容详见附件 更正日期：2026年09月07日 三、其他补充事宜 相关修改按此执行，其余不变，特此公告。本公告同时在中国政府采购网和清华大学采购信息发布平台上发布。公告期限:自本公告发布之日起1个工作日。 四、凡对本次公告内容提出询问，请按以下方式联系。 1.采购人信息 名 称：清华大学 地址：北京市海淀区清华园 联系方式：周老师，010-62789532 2.采购代理机构信息 名 称：新华招标有限公司 地 址：北京市海淀区莲花池东路39号西金大厦8层 联系方式：张骏 010-63905815 3.项目联系方式 项目联系人：刁玉蕊、张骏 电 话： 010-63905815、010-63905973,教育培训,,中国政府采购网,,,default,,采购文件,,,,,,,,,
（BZF202600012）公共实验室通风改造项目（二期）—隆平楼通风系统改造澄清更正公告（二）,变更公告,BZF202600012,2026年09月07日 20:35,北碚区,西南大学,西南大学文俊楼（即南区行政楼）二楼（二号门内400米处）,倪老师、袁老师 023-68366012、68252007,重庆联盛建设项目管理有限公司,重庆市两江新区翠云云柏路2号,张梦蝶、王缙身 023-61896023,王老师,023-68253742,"（更正）询问技术问题的回复.doc,（更正）公共实验室通风改造项目（二期）—隆平楼通风系统改造货物参考品牌表.xls","[{""attach_name"": ""（更正）询问技术问题的回复.doc"", ""attach_url"": ""https://download.ccgp.gov.cn/oss/download?uuid=67415C511C06E6CF3F14AE18B89B1F""}, {""attach_name"": ""（更正）公共实验室通风改造项目（二期）—隆平楼通风系统改造货物参考品牌表.xls"", ""attach_url"": ""https://download.ccgp.gov.cn/oss/download?uuid=79752F80C0E1878416F41DBBE43FBF""}]",https://www.ccgp.gov.cn/cggg/zygg/gzgg/202609/t20260907_27282676.htm,2026-09-10 09:46:22,一、项目基本情况 原公告的采购项目编号：BZF202600012 原公告的采购项目名称：公共实验室通风改造项目（二期）—隆平楼通风系统改造 首次公告日期：2026年08月18日 二、更正信息 更正事项：采购文件 更正内容： 更正内容一：技术问题的澄清回复原发布的“附件2：询问技术问题的回复”作废，以随本次澄清更正公告发布的“（更正）询问技术问题的回复”为准。 更正内容二：货物参考品牌更正竞争性磋商文件中“第六篇 合同草案条款”中“第三部分 专用合同条款”中“附件12：《公共实验室通风改造项目（二期）—隆平楼通风系统改造货物参考品牌表》”及原发布的“公共实验室通风改造项目（二期）—隆平楼通风系统改造货物参考品牌表.xls”作废，以随本次澄清更正公告发布的“（更正）公共实验室通风改造项目（二期）—隆平楼通风系统改造货物参考品牌表.xls”为准 更正内容三：响应文件提交及开启时间延期四、响应文件提交（一）响应文件（资格、技术、商务部分）提交1.时间：2026年9月 8 日9:00:00至2026年9月8 日9:30:00（北京时间）。五、开启1.时间：2026年9月 8 日9：30：00（北京时间）。更正为：四、响应文件提交（一）响应文件（资格、技术、商务部分）提交1.时间：2026年9月15日9:00:00至2026年9月15日9:30:00（北京时间）。五、开启1.时间：2026年9月15日9：30：00（北京时间）。 更正日期：2026年09月07日 三、其他补充事宜 已发竞争性磋商文件与本公告内容不一致的，以本公告内容为准。本公告未进行修改的内容，以原竞争性磋商文件为准。 四、凡对本次公告内容提出询问，请按以下方式联系。 1.采购人信息 名 称：西南大学 地址：西南大学文俊楼（即南区行政楼）二楼（二号门内400米处） 联系方式：倪老师、袁老师 023-68366012、68252007 2.采购代理机构信息 名 称：重庆联盛建设项目管理有限公司 地 址：重庆市两江新区翠云云柏路2号 联系方式：张梦蝶、王缙身 023-61896023 3.项目联系方式 项目联系人：王老师 电 话： 023-68253742,工程建设,,中国政府采购网,,,default,,采购文件,,,,,,,,,
国家税务总局青岛市税务局2026年传统网络安全设备维护保养项目更正公告,变更公告,JXQGC-01-20260903,2026年09月07日 20:24,青岛市,国家税务总局青岛市税务局,青岛市市南区延安三路236号,王超0532-83931226、刘晓庆0532-83931235,嘉信全过程项目咨询管理有限公司,青岛市市北区台柳路196号和达新都汇三层,周涛；13605327893,周涛,13605327893,,,https://www.ccgp.gov.cn/cggg/zygg/gzgg/202609/t20260907_27282653.htm,2026-09-10 09:46:23,一、项目基本情况 原公告的采购项目编号：JXQGC-01-20260903 原公告的采购项目名称：国家税务总局青岛市税务局2026年传统网络安全设备维护保养项目 首次公告日期：2026年09月07日 二、更正信息 更正事项：采购公告 更正内容： 原采购公告中“提交投标文件地点”、“开标地点”：青岛市市北区台柳路196号和达新都汇三层309室，现变更为：山东省青岛市市南区香港西路55号汇融广场C座706。其他内容不变，特此公告。 更正日期：2026年09月07日 三、其他补充事宜 无 四、凡对本次公告内容提出询问，请按以下方式联系。 1.采购人信息 名 称：国家税务总局青岛市税务局 地址：青岛市市南区延安三路236号 联系方式：王超0532-83931226、刘晓庆0532-83931235 2.采购代理机构信息 名 称：嘉信全过程项目咨询管理有限公司 地 址：青岛市市北区台柳路196号和达新都汇三层 联系方式：周涛；13605327893 3.项目联系方式 项目联系人：周涛 电 话： 13605327893,信息技术,,中国政府采购网,,,default,,采购公告,,,,,,,,,
南宁市消防救援支队房屋安全鉴定项目更正公告,变更公告,NNXF-2026FWAQJD-001,2026年09月07日 20:23,青秀区,南宁市消防救援支队,广西壮族自治区南宁市青秀区佛子岭路2号,郑助理15278121008,详见公告正文,详见公告正文,详见公告正文,郑助理,15278121008,比选采购文件（南宁市消防救援支队房屋安全鉴定项目）.pdf,"[{""attach_name"": ""比选采购文件（南宁市消防救援支队房屋安全鉴定项目）.pdf"", ""attach_url"": ""https://download.ccgp.gov.cn/oss/download?uuid=113E1AB454E036F24074D2980A1E2B""}]",https://www.ccgp.gov.cn/cggg/zygg/gzgg/202609/t20260907_27282647.htm,2026-09-10 09:46:23,一、项目基本情况 原公告的采购项目编号：NNXF-2026FWAQJD-001 原公告的采购项目名称：南宁市消防救援支队房屋安全鉴定项目比价公告 首次公告日期：2026年09月07日 二、更正信息 更正事项：采购文件 更正内容： 对原公告采购文件进行更正。 更正日期：2026年09月07日 三、其他补充事宜 四、凡对本次公告内容提出询问，请按以下方式联系。 1.采购人信息 名 称：南宁市消防救援支队 地址：广西壮族自治区南宁市青秀区佛子岭路2号 联系方式：郑助理15278121008 2.项目联系方式 项目联系人：郑助理 电 话： 15278121008,公共安全,,中国政府采购网,,,default,,采购文件,,,,,,,,,
中央财经大学实证数据分析平台采购项目更正公告,变更公告,HW-2026026-ZG,2026年09月07日 20:17,北京市,中央财经大学,北京市海淀区学院南路39号,常老师、梁老师010-62289113,中钢招标有限责任公司,北京市海淀区海淀大街8号中钢国际广场16层,010-62688251,韩帅文,010-62686385,,,https://www.ccgp.gov.cn/cggg/zygg/gzgg/202609/t20260907_27282630.htm,2026-09-10 09:46:24,一、项目基本情况 原公告的采购项目编号：HW-2026026-ZG 原公告的采购项目名称：中央财经大学实证数据分析平台采购项目 首次公告日期：2026年09月01日 二、更正信息 更正事项：采购文件 更正内容： 本项目招标文件第六章-拟签订的合同文本-五、付款方式中“第一笔付款、第二笔付款、第三笔付款、第四笔付款”分别修改为如下内容，其他内容不变。1.第一笔付款。合同生效后，甲方收到乙方的履约保证金汇款凭证、增值税专用发票后7个工作日内，向乙方支付合同总金额50%的合同款（金额：￥____元人民币）。2.第二笔付款。60%的货物到达安装现场后的30天内完成安装、调试和试阶段运行，在经甲方初验合格后，甲方收到乙方阶段性验收材料、增值税专用发票等资料且资金到位后【两个月】内，向乙方支付合同总金额20%的合同款（金额￥____元人民币）。3.第三笔付款。80%的货物到达安装现场后的30天内完成安装、调试和试阶段运行，在经甲方初验合格后，甲方收到乙方阶段性验收材料、增值税专用发票等资料且资金到位后【两个月】内，向乙方支付合同总金额10%的合同款（金额￥____元人民币）。4.第四笔付款。全部货物到达安装现场后的30天内完成安装、调试并进入试运行阶段，试运行两个月内，甲方收到乙方增值税专用发票且资金到位后，向乙方支付合同总金额20%的合同款（金额￥____元人民币）。 更正日期：2026年09月07日 三、其他补充事宜 无 四、凡对本次公告内容提出询问，请按以下方式联系。 1.采购人信息 名 称：中央财经大学 地址：北京市海淀区学院南路39号 联系方式：常老师、梁老师010-62289113 2.采购代理机构信息 名 称：中钢招标有限责任公司 地 址：北京市海淀区海淀大街8号中钢国际广场16层 联系方式：010-62688251 3.项目联系方式 项目联系人：韩帅文（购买文件、发票咨询）、高源、朱业静、严艳青、徐平、杨俏、孔伟、王俊通、封勋 电 话： 010-62686385（购买文件、发票咨询）、62688243（项目问询）、62688245、010-86397110（供应商注册、保证金账号获取等系统操作问题）,教育培训,,中国政府采购网,,,default,,采购文件,,,,,,,,,
中央财经大学财经生成任务实训平台采购项目更正公告,变更公告,HW-2026025-ZG,2026年09月07日 20:11,北京市,中央财经大学,北京市海淀区学院南路39号,常老师、梁老师010-62289113,中钢招标有限责任公司,北京市海淀区海淀大街8号中钢国际广场16层,010-62688251,韩帅文,010-62686385,,,https://www.ccgp.gov.cn/cggg/zygg/gzgg/202609/t20260907_27282613.htm,2026-09-10 09:46:25,一、项目基本情况 原公告的采购项目编号：HW-2026025-ZG 原公告的采购项目名称：中央财经大学财经生成任务实训平台采购项目 首次公告日期：2026年09月01日 二、更正信息 更正事项：采购文件 更正内容： 本项目招标文件第六章-拟签订的合同文本-五、付款方式中“第一笔付款、第二笔付款、第三笔付款、第四笔付款”分别修改为如下内容，其他内容不变。1.第一笔付款。合同生效后，甲方收到乙方的履约保证金汇款凭证、增值税专用发票后7个工作日内，向乙方支付合同总金额50%的合同款（金额：￥____元人民币）。2.第二笔付款。60%的货物到达安装现场后的30天内完成安装、调试和试阶段运行，在经甲方初验合格后，甲方收到乙方阶段性验收材料、增值税专用发票等资料且资金到位后【两个月】内，向乙方支付合同总金额20%的合同款（金额￥____元人民币）。3.第三笔付款。80%的货物到达安装现场后的30天内完成安装、调试和试阶段运行，在经甲方初验合格后，甲方收到乙方阶段性验收材料、增值税专用发票等资料且资金到位后【两个月】内，向乙方支付合同总金额10%的合同款（金额￥____元人民币）。4.第四笔付款。全部货物到达安装现场后的30天内完成安装、调试并进入试运行阶段，试运行两个月内，甲方收到乙方增值税专用发票且资金到位后，向乙方支付合同总金额20%的合同款（金额￥____元人民币）。 更正日期：2026年09月07日 三、其他补充事宜 无 四、凡对本次公告内容提出询问，请按以下方式联系。 1.采购人信息 名 称：中央财经大学 地址：北京市海淀区学院南路39号 联系方式：常老师、梁老师010-62289113 2.采购代理机构信息 名 称：中钢招标有限责任公司 地 址：北京市海淀区海淀大街8号中钢国际广场16层 联系方式：010-62688251 3.项目联系方式 项目联系人：韩帅文（购买文件、发票咨询）、高源、朱业静、严艳青、徐平、杨俏、孔伟、王俊通、封勋 电 话： 010-62686385（购买文件、发票咨询）、62688243（项目问询）、62688245、010-86397110（供应商注册、保证金账号获取等系统操作问题）,教育培训,,中国政府采购网,,,default,,采购文件,,,,,,,,,
海关总署2026年-2029年毛衣加工服务采购项目更正公告,变更公告,CG2026-PL-GK-FW-011,2026年09月07日 19:40,北京市,海关总署物资装备采购中心,北京市东城区金宝街61号鑫海锦江大酒店,"采购机构名称：海关总署物资装备采购中心
地址：北京市东城区金宝街61号鑫海锦江大酒店
邮政编码：100005
联系方式：
010-65194838（平台使用技术咨询）
01065195902（业务咨询）
010-65195677（质疑受理）",详见公告正文,详见公告正文,详见公告正文,高先生,01065195902,,,https://www.ccgp.gov.cn/cggg/zygg/gzgg/202609/t20260907_27282552.htm,2026-09-10 09:46:26,一、项目基本情况项目编号:CG2026-PL-GK-FW-011项目名称:海关总署2026年-2029年毛衣加工服务采购项目首次公告日期：2026-07-30 17:18:28二、更正信息因相关预算金额发生变化，终止海关总署2026年—2029年毛衣加工服务采购项目。 三、其他补充事宜无四、凡对本次公告内容提出询问，请按以下方式联系。1.采购人信息名    称：海关总署地    址：建内大街6号联系方式：651960462.采购执行机构信息名 称：海关总署物资装备采购中心 地址：北京市东城区金宝街61号鑫海锦江大酒店联系方式：见项目联系方式 3.项目联系方式项目联系人：高先生/女士电     话：01065195902 下载相关附件,其他,,中国政府采购网,,,default,,,,,,,,,,,
海关总署2026年-2029年制服加工服务采购项目更正公告,变更公告,CG2026-PL-GK-FW-010,2026年09月07日 19:35,北京市,海关总署物资装备采购中心,北京市东城区金宝街61号鑫海锦江大酒店,"采购机构名称：海关总署物资装备采购中心
地址：北京市东城区金宝街61号鑫海锦江大酒店
邮政编码：100005
联系方式：
010-65194838（平台使用技术咨询）
01065195902（业务咨询）
010-65195677（质疑受理）",详见公告正文,详见公告正文,详见公告正文,高先生,01065195902,,,https://www.ccgp.gov.cn/cggg/zygg/gzgg/202609/t20260907_27282534.htm,2026-09-10 09:46:26,一、项目基本情况项目编号:CG2026-PL-GK-FW-010项目名称:海关总署2026年-2029年制服加工服务采购项目首次公告日期：2026-07-30 16:55:58二、更正信息（一）包1、包2招标文件中涉及以下三处：第1处：第二部分 投标人须知 投标人须知前附表 第17项“样品检测”；第2处：四、投标文件的提交 “19.样品提交”；第3处：第三部分 项目需求书 附件1： 原内容：春秋装男裤规格175/74A变更为：春秋装男裤规格175/82A原内容：春秋装女上衣规格165/82A变更为：春秋装女上衣规格165/84A （二）“收样时间”变更本项目“收样时间”由“2026-09-11 09:00:00-11:00:00（北京时间）”变更为“2026-09-23  09:00:00-11:00:00（北京时间）”。（三）“投标文件提交截止时间”和“开标时间”进行变更本项目“投标文件提交截止时间”和“开标时间”均由“2026-09-22  08:45:00（北京时间）”变更为“2026-10-10 08:45:00（北京时间）”。其它内容不变。1三、其他补充事宜无四、凡对本次公告内容提出询问，请按以下方式联系。1.采购人信息名    称：海关总署地    址：建内大街6号联系方式：651960462.采购执行机构信息名 称：海关总署物资装备采购中心 地址：北京市东城区金宝街61号鑫海锦江大酒店联系方式：见项目联系方式 3.项目联系方式项目联系人：高先生/女士电     话：01065195902 下载相关附件,科研检测,,中国政府采购网,,,default,,,,,,,,,,,
陕西师范大学体育学院未来教师学科实验中心设备采购更正公告,变更公告,SHZB2026-359,2026年09月07日 19:33,长安区,陕西师范大学,陕西省西安市长安区西长安街620号,曹老师、李老师 029-85319096,盛和招标代理有限公司,陕西省西安市长安区郭杜西街41号熙峰广场,侯美玲、许铖铖、苗增文、17660903000 15264153233、13076005444,侯美玲、许铖铖、苗增文,1766090300015264153233、13076005444,,,https://www.ccgp.gov.cn/cggg/zygg/gzgg/202609/t20260907_27282519.htm,2026-09-10 09:46:27,一、项目基本情况 原公告的采购项目编号：SHZB2026-359【AJ26024】 原公告的采购项目名称：陕西师范大学体育学院未来教师学科实验中心设备采购 首次公告日期：2026年08月17日 二、更正信息 更正事项：采购文件 更正内容： （一）采购需求中“便携式近红外脑功能成像系统”内容进行更正。1.将“3.光源波长：双波长760和850nm”更改为“3.光源波长：双波长”。2.将“7.探测器集成性：8个探测器集成为一个组块，直接插入设备”更改为“7.探测器集成性：模块化设计，直接插入设备”。3.将“★9.近红外主机自带可触摸显示屏控制系统，能通过直接设置采集参数并实时显示通道信号质量和信号采集界面（提供产品实物图作为证明材料）”更改为“★9.设备可通过配套软件实时显示通道信号质量和信号采集界面”。4.将“11.探头设计：双头设计，便于拨开头发接触头皮，保证信号采集质量”更改为“11.探头设计：便于拨开头发接触头皮，保证信号采集质量”。5.将“▲15.支持最高8位同步触发输入和同步触发输出接口，LSL数据流同步功能”更改为“▲15.支持同步触发输入和同步触发输出接口，LSL数据流同步功能”。6.将“★16.支持多模态联用，包括但不限于和同品牌的脑电、经颅磁、经颅电刺激等设备进行同步采集”更改为“★16.支持多模态联用，能够与脑电、经颅磁、经颅电刺激等设备进行同步采集”。7.将“19.供电模式：可插室电使用，内置电源/电池连续使用4h左右”更改为“19.供电模式：可插室电使用或连接电池连续使用4h以上”。8.将“★21.1中英文软件界面，采集分析一体式软件”更改为“★21.1配套采集、分析为两套独立软件；分析软件支持中英文界面，实现数据分析全流程”.9.将“★21.7信号质量检测表现形式：信号灯设计，自动区分为绿—黄—红—白，四种不同信号质量；（提供软件截图作为证明材料）”更改为“★21.7信号质量检测表现形式：信号灯设计支持四种不同信号质量；（提供软件截图作为证明材料）”。10.将“★21.11数据处理与报告：可对数据进行预处理：移动平均、加权移动平均、去不连续性、低通、高通、分段删除、去伪迹，并在处理后导出同一脑区平均波形的S积分、T重心、峰值、均值、K激活；（提供软件截图作为证明材料）”更改为“★21.11数据处理与报告：支持多种数据处理操作，支持处理后数据结果导出”。（二）提交投标文件截止时间、开标时间进行更正。提交投标文件截止时间更正为：2026年09月23日 10点00分（北京时间）开标时间更正为：2026年09月23日 10点00分（北京时间）（三）其他内容不变。 更正日期：2026年09月07日 三、其他补充事宜 / 四、凡对本次公告内容提出询问，请按以下方式联系。 1.采购人信息 名 称：陕西师范大学 地址：陕西省西安市长安区西长安街620号 联系方式：曹老师、李老师 029-85319096 2.采购代理机构信息 名 称：盛和招标代理有限公司 地 址：陕西省西安市长安区郭杜西街41号熙峰广场 联系方式：侯美玲、许铖铖、苗增文、17660903000 15264153233、13076005444 3.项目联系方式 项目联系人：侯美玲、许铖铖、苗增文 电 话： 17660903000 15264153233、13076005444,教育培训,,中国政府采购网,,,default,,采购文件,,,,,,,,,
海关总署2026年-2029年查验服（春夏）加工服务采购项目更正公告,变更公告,CG2026-PL-GK-FW-004,2026年09月07日 19:26,北京市,海关总署物资装备采购中心,北京市东城区金宝街61号鑫海锦江大酒店,"采购机构名称：海关总署物资装备采购中心
地址：北京市东城区金宝街61号鑫海锦江大酒店
邮政编码：100005
联系方式：010-65194838（平台使用技术咨询）
010-65195171（业务咨询）
010-65195677（质疑受理）",详见公告正文,详见公告正文,详见公告正文,武先生,010-65195171,,,https://www.ccgp.gov.cn/cggg/zygg/gzgg/202609/t20260907_27282510.htm,2026-09-10 09:46:27,一、项目基本情况项目编号:CG2026-PL-GK-FW-004项目名称:海关总署2026年-2029年查验服（春夏）加工服务采购项目首次公告日期：2026-07-30 16:51:14二、更正信息（一）包1、包2招标文件中涉及以下三处：第1处：第二部分 投标人须知 投标人须知前附表 第17项“样品检测”；第2处：四、投标文件的提交 “19.样品提交”；第3处：第三部分 项目需求书 附件1。 原内容：查验女春秋裤规格165/72变更为：查验女春秋裤规格165/74（二）“收样时间”变更本项目“收样时间”由“2026-09-14  09:00:00-11:00:00（北京时间）”变更为“2026-09-24 09:00:00-11:00:00（北京时间）”。（三）“投标文件提交截止时间”和“开标时间”进行变更本项目“投标文件提交截止时间”和“开标时间”均由“2026-09-23  08:45:00（北京时间）”变更为“2026-10-10 08:45:00（北京时间）”。其它内容不变。三、其他补充事宜无四、凡对本次公告内容提出询问，请按以下方式联系。1.采购人信息名    称：海关总署地    址：建内大街6号联系方式：651960462.采购执行机构信息名 称：海关总署物资装备采购中心 地址：北京市东城区金宝街61号鑫海锦江大酒店联系方式：见项目联系方式 3.项目联系方式项目联系人：武先生/女士电     话：010-65195171 下载相关附件,科研检测,,中国政府采购网,,,default,,,,,,,,,,,
商丘市消防救援支队印刷印务及广告设计定点供应项目延期公告,变更公告,HT2026-0817,2026年09月07日 19:01,商丘市,商丘市消防救援支队,商丘市华商大道西段,周先生、0370-6037026,宏泰项目管理有限公司,陕西省西安市雁塔区电子一路253号,胡女士、15503867321,周先生,0370-6037026,延期公告-商丘市消防救援支队印刷印务及广告设计定点供应项目.docx,"[{""attach_name"": ""延期公告-商丘市消防救援支队印刷印务及广告设计定点供应项目.docx"", ""attach_url"": ""https://download.ccgp.gov.cn/oss/download?uuid=E9FEC3F5D7AB24B3BD4151D0F08191""}]",https://www.ccgp.gov.cn/cggg/zygg/gzgg/202609/t20260907_27282364.htm,2026-09-10 09:46:28,一、项目基本情况 原公告的采购项目编号：HT2026-0817 原公告的采购项目名称：商丘市消防救援支队印刷印务及广告设计定点供应项目 首次公告日期：2026年08月17日 二、更正信息 更正事项：采购公告 更正内容： 原征集公告中：开标时间：2026年9月8日上午9：30 ；现延期为：开标时间：2026年9月17日上午9：30 ；其他内容不变，给供应商带来的不便，敬请谅解。 更正日期：2026年09月07日 三、其他补充事宜 四、凡对本次公告内容提出询问，请按以下方式联系。 1.采购人信息 名 称：商丘市消防救援支队 地址：商丘市华商大道西段 联系方式：周先生、0370-6037026 2.采购代理机构信息 名 称：宏泰项目管理有限公司 地 址：陕西省西安市雁塔区电子一路253号 联系方式：胡女士、15503867321 3.项目联系方式 项目联系人：周先生 电 话： 0370-6037026,公共安全,,中国政府采购网,,,default,,采购公告,,,,,,,,,
乌鲁木齐海关手持式核素识别仪采购项目更正公告,变更公告,TH2026-ZH0154,2026年09月07日 18:29,乌鲁木齐市,乌鲁木齐海关后勤管理中心,乌鲁木齐市北京南路241号乌鲁木齐海关机关综合保障楼二楼,0991-3627246（办公业务用）,新疆天合新动力工程管理有限公司,乌鲁木齐市水磨沟区立井街198号9号楼11层,马龙、金云花、丁爱民、朱春华0991-3508696、3508697,马龙、金云花、丁爱民、朱春华,0991-3508696、3508697,,,https://www.ccgp.gov.cn/cggg/zygg/gzgg/202609/t20260907_27282038.htm,2026-09-10 09:46:28,一、项目基本情况 原公告的采购项目编号：TH2026-ZH0154 原公告的采购项目名称：乌鲁木齐海关手持式核素识别仪采购项目 首次公告日期：2026年08月26日 二、更正信息 更正事项：采购文件 更正内容： 响应文件提交截止时间：2026年9月8日12点00分（北京时间）更正为2026年9月18日12点00分（北京时间）时间：2026年9月8日12点00分（北京时间）更正为2026年9月18日12点00分（北京时间） 更正日期：2026年09月07日 三、其他补充事宜 无 四、凡对本次公告内容提出询问，请按以下方式联系。 1.采购人信息 名 称：乌鲁木齐海关后勤管理中心 地址：乌鲁木齐市北京南路241号乌鲁木齐海关机关综合保障楼二楼 联系方式：0991-3627246（办公业务用） 2.采购代理机构信息 名 称：新疆天合新动力工程管理有限公司 地 址：乌鲁木齐市水磨沟区立井街198号9号楼11层 联系方式：马龙、金云花、丁爱民、朱春华0991-3508696、3508697 3.项目联系方式 项目联系人：马龙、金云花、丁爱民、朱春华 电 话： 0991-3508696、3508697,工程建设,2026-09-08 12:00,中国政府采购网,,,default,,采购文件,,,,,,,,,
东南大学国家工业互联网产教融合创新平台的超宽带定位辅助的数据接入系统设备采购项目更正公告,变更公告,SEU-ZB-260664,2026年09月07日 18:24,南京市,东南大学,南京市四牌楼2号,计算机科学与工程学院：单老师 13914487644； 实验室与设备管理处：大型装备平台科 025-52091041。,江苏省设备成套股份有限公司,南京市鼓楼区清江南路18号鼓楼创新广场D栋9楼902室,张蓉、王希稳 025-85360235、17705161691,张蓉、王希稳,025-85360235、17705161691,,,https://www.ccgp.gov.cn/cggg/zygg/gzgg/202609/t20260907_27281999.htm,2026-09-10 09:46:29,一、项目基本情况 原公告的采购项目编号：SEU-ZB-260664（JD066026M8ZC03083） 原公告的采购项目名称：东南大学国家工业互联网产教融合创新平台的超宽带定位辅助的数据接入系统设备采购项目 首次公告日期：2026年08月24日 二、更正信息 更正事项：采购文件 更正内容： 第一章 招标公告四、提交投标文件截止时间、开标时间和地点提交投标文件截止时间：2026年09月15日 09点00分（北京时间）开标时间：2026年09月15日 09点00分（北京时间）第四章 采购需求二、技术要求：2.具体参数如下：2.1硬件部分：2.1.1Wi-Fi 7+UWB融合基站（核心产品）2.1.2UWB人员标签（卡片式普通型）2.1.3UWB人员标签（智能手表型）2.1.4UWB墨水屏物资定位标签2.1.5UWB微型模组2.2软件部分：2.2.1嵌入式位置计算服务器软件2.2.2位置数字化信息服务平台软件2.3技术对接与辅助配件/服务 更正为：第一章 招标公告四、提交投标文件截止时间、开标时间和地点提交投标文件截止时间：2026年09月23日 14点30分（北京时间）开标时间：2026年09月23日 14点30分（北京时间）第四章 采购需求二、技术要求：2.具体参数如下：2.1硬件部分：2.1.1 72台Wi-Fi 7+UWB融合基站（核心产品）2.1.2 10只UWB人员标签（卡片式普通型）2.1.3 10只UWB人员标签（智能手表型）2.1.4 10只UWB墨水屏物资定位标签2.1.5 30块UWB微型模组2.2 软件部分：2.2.1 1套嵌入式位置计算服务器软件2.2.2 1套位置数字化信息服务平台软件2.3 技术对接与辅助配件/服务 更正日期：2026年09月07日 三、其他补充事宜 无。 四、凡对本次公告内容提出询问，请按以下方式联系。 1.采购人信息 名 称：东南大学 地址：南京市四牌楼2号 联系方式：计算机科学与工程学院：单老师 13914487644； 实验室与设备管理处：大型装备平台科 025-52091041。 2.采购代理机构信息 名 称：江苏省设备成套股份有限公司 地 址：南京市鼓楼区清江南路18号鼓楼创新广场D栋9楼902室 联系方式：张蓉、王希稳 025-85360235、17705161691 3.项目联系方式 项目联系人：张蓉、王希稳 电 话： 025-85360235、17705161691,教育培训,2026-09-15 09:00,中国政府采购网,,,default,,采购文件,,,,,,,,,
广东省深圳市南山区消防救援大队2026年职业健康检查服务采购项目更正公告,变更公告,UHONSC20260580,2026年09月07日 18:05,南山区,深圳市南山区消防救援大队,深圳市南山区桃源街道丽山路150号南山消防救援大队,黄工0755-86098055,深圳市友和招标有限公司,深圳市福田区福强路3030号福田体育公园西北角友和招标代理服务中心（靠近北门）,朴雪花0755-83889026,朴雪花,0755-83889026,,,https://www.ccgp.gov.cn/cggg/zygg/gzgg/202609/t20260907_27281732.htm,2026-09-10 09:46:29,一、项目基本情况 原公告的采购项目编号：UHONSC20260580 原公告的采购项目名称：广东省深圳市南山区消防救援大队2026年职业健康检查服务采购项目 首次公告日期：2026年08月28日 二、更正信息 更正事项：采购公告 更正内容： 提交参评文件截止时间、评选时间和地点评选文件提交截止时间：2026年9月11日9点30分00秒（北京时间）评选时间：2026年9月11日9点30分00秒（北京时间） 更正日期：2026年09月07日 三、其他补充事宜 （1）招标文件如涉及上述内容的亦作相应修改，本通知与原招标文件矛盾之处，以本通知为准。其余内容不变。（2）投标人有义务在采购活动期间浏览相关网站，在网上公布的与本次采购项目有关的信息视为已送达各投标人。 四、凡对本次公告内容提出询问，请按以下方式联系。 1.采购人信息 名 称：深圳市南山区消防救援大队 地址：深圳市南山区桃源街道丽山路150号南山消防救援大队 联系方式：黄工0755-86098055 2.采购代理机构信息 名 称：深圳市友和招标有限公司 地 址：深圳市福田区福强路3030号福田体育公园西北角友和招标代理服务中心（靠近北门） 联系方式：朴雪花0755-83889026 3.项目联系方式 项目联系人：朴雪花 电 话： 0755-83889026,公共安全,2026-09-11 09:30,中国政府采购网,,,default,,采购公告,,,,,,,,,
广东省梅州市梅县区消防救援大队伙食配送服务采购项目更正公告,变更公告,GDXZ-ZG-2026535,2026年09月07日 17:52,梅县,梅州市梅县区消防救援大队,广东省梅州市梅县区政法路5号,胡先生；0753-2561039,广东协作项目管理有限公司,梅州市梅县区新县城新兴路百福豪园63号,杨工；0753-2501516,杨工,0753-2501516,（定稿）广东省梅州市梅县区消防救援大队伙食配送服务采购项目招标文件.pdf,"[{""attach_name"": ""（定稿）广东省梅州市梅县区消防救援大队伙食配送服务采购项目招标文件.pdf"", ""attach_url"": ""https://download.ccgp.gov.cn/oss/download?uuid=8B025B59419F53902C66E913D8F3F7""}]",https://www.ccgp.gov.cn/cggg/zygg/gzgg/202609/t20260907_27281541.htm,2026-09-10 09:46:30,一、项目基本情况 原公告的采购项目编号：GDXZ-ZG-2026535 原公告的采购项目名称：广东省梅州市梅县区消防救援大队伙食配送服务采购项目公开招标公告 首次公告日期：2026年09月07日 二、更正信息 更正事项：采购公告 更正内容： 1.获取文件时间：2026年09月08日  至 2026年09月14日，每天上午8:30至12:00，下午14:30至17:30。（北京时间，法定节假日除外）2.招标文件上传错误，重新上传，详见附件。 更正日期：2026年09月07日 三、其他补充事宜 四、凡对本次公告内容提出询问，请按以下方式联系。 1.采购人信息 名 称：梅州市梅县区消防救援大队 地址：广东省梅州市梅县区政法路5号 联系方式：胡先生；0753-2561039 2.采购代理机构信息 名 称：广东协作项目管理有限公司 地 址：梅州市梅县区新县城新兴路百福豪园63号 联系方式：杨工；0753-2501516 3.项目联系方式 项目联系人：杨工 电 话： 0753-2501516,公共安全,,中国政府采购网,,,default,,采购公告,,,,,,,,,
国家税务总局文山壮族苗族自治州税务局国家税务总局文山州税务局食堂食材配送服务项目中标结果公告的补充更正公告,变更公告,YN2025-DLGK-C0086-B00,2026年09月07日 17:52,文山市,国家税务总局文山壮族苗族自治州税务局,文山市凤凰路32号1幢,联系人：范雪霞，联系电话：0876-2183234,云南星盛爵项目管理有限公司,云南省文山市中天名郡A区商10-06号,联系人：太起业，联系电话：0876-3015393,太起业,0876-3015393,"中小企业声明函(1).pdf,中标公告.pdf,文山州国税局食堂食材配送招文25.10.23定稿 (1).pdf","[{""attach_name"": ""中小企业声明函(1).pdf"", ""attach_url"": ""https://download.ccgp.gov.cn/oss/download?uuid=D266F575CA7A5019F5D69955FE3CC0""}, {""attach_name"": ""中标公告.pdf"", ""attach_url"": ""https://download.ccgp.gov.cn/oss/download?uuid=24B3848D17AC6F576BEF17C5674D51""}, {""attach_name"": ""文山州国税局食堂食材配送招文25.10.23定稿 (1).pdf"", ""attach_url"": ""https://download.ccgp.gov.cn/oss/download?uuid=81C790BD15560BA6E11A140C2D5559""}]",https://www.ccgp.gov.cn/cggg/zygg/gzgg/202609/t20260907_27281549.htm,2026-09-10 09:46:31,一、项目基本情况 原公告的采购项目编号：YN2025-DLGK-C0086-B00 原公告的采购项目名称：国家税务总局文山壮族苗族自治州税务局国家税务总局文山州税务局食堂食材配送服务项目中标公告 首次公告日期：2025年11月14日 二、更正信息 更正事项：采购结果 更正内容： 关于国家税务总局文山州税务局食堂食材配送服务项目中标结果公告的补充更正公告 各相关供应商：我单位于2025年11月14日发布国家税务总局文山州税务局食堂食材配送服务项目（项目编号：YN2025-DLGK-C0086-B00）中标结果公告，未将招标文件作为附件同步发布。现予以补充，本项目招标文件详见本更正公告附件。本更正公告不改变原中标结果，原中标公告其他内容保持不变。特此公告。  更正日期：2026年09月07日 三、其他补充事宜 四、凡对本次公告内容提出询问，请按以下方式联系。 1.采购人信息 名 称：国家税务总局文山壮族苗族自治州税务局 地址：文山市凤凰路32号1幢 联系方式：联系人：范雪霞，联系电话：0876-2183234 2.采购代理机构信息 名 称：云南星盛爵项目管理有限公司 地 址：云南省文山市中天名郡A区商10-06号 联系方式：联系人：太起业，联系电话：0876-3015393 3.项目联系方式 项目联系人：太起业 电 话： 0876-3015393,服务外包,,中国政府采购网,,,default,,采购结果,,,,,,,,,
商都消防增容400kVA变压器工程更正公告,变更公告,ZFCG304526094189,2026年09月07日 17:49,商都县,内蒙古自治区消防救援总队乌兰察布市支队商都大队,乌兰察布市商都县,史秉淦 17547403176,内蒙古阳光采购服务平台有限责任公司,内蒙古呼和浩特市赛罕区阿吉泰路3号,李睿文18947104716,李睿文,18947104716,,,https://www.ccgp.gov.cn/cggg/zygg/gzgg/202609/t20260907_27281454.htm,2026-09-10 09:46:31,"一、项目基本情况 原公告的采购项目编号：ZFCG304526094189 原公告的采购项目名称：商都消防增容400kVA变压器工程竞争性磋商公告 首次公告日期：2026年09月01日 二、更正信息 更正事项：采购文件 更正内容：  项目名称：商都消防增容400kVA变压器工程项目编号：ZFCG304526094189一、变更原因本项目于2026年9月1日通过内蒙古阳光采购服务平台有限责任公司在中国招标投标公共服务平台、内蒙古产权交易市场、内蒙古自治区企业阳光采购服务平台网站上发布采购公告，现予以变更：二、变更内容原工程量清单中列有以下条目（共6项）1.5.2招标人供应设备卸车费保管费1.5.3招标人供应材料卸车费保管费1.5.4招标人供应设备配送费1.5.5招标人供应材料配送费1.5.6建设场地征用及清理项目1.5.7设计费以上6项费用不在本次采购范围内，供应商无需报价，修改后的完整工程量清单随本澄清一并发出，请各供应商据此编制响应文件；其余内容不变。三、相关通知各位供应商：感谢各位供应商积极参与本次项目，请各供应商及时查阅本公告并获取澄清文件。四、发布公告的媒介本次变更公告同时在中国招标投标公共服务平台（http://www.cebpubservice.com/）、内蒙古产权交易市场(http://www.nmcqjy.com/)、内蒙古自治区企业阳光采购服务平台（http://www.nmgygcg.com/）上发布,其他网站转载无效。五、联系方式采购人：商都县消防救援大队地址：乌兰察布市商都县联系人：史秉淦联系电话：17547403176 采购组织方：内蒙古阳光采购服务平台有限责任公司地址：内蒙古呼和浩特市赛罕区阿吉泰路3号联系人：李睿文联系电话：18947104716  0471-3473025  邮  箱：18947104716@163.com  2026年9月7日  更正日期：2026年09月07日 三、其他补充事宜 四、凡对本次公告内容提出询问，请按以下方式联系。 1.采购人信息 名 称：内蒙古自治区消防救援总队乌兰察布市支队商都大队 地址：乌兰察布市商都县 联系方式：史秉淦 17547403176 2.采购代理机构信息 名 称：内蒙古阳光采购服务平台有限责任公司 地 址：内蒙古呼和浩特市赛罕区阿吉泰路3号 联系方式：李睿文18947104716 3.项目联系方式 项目联系人：李睿文 电 话： 18947104716",公共安全,,中国政府采购网,,,default,,采购文件,,,,,,,,,
ZYCGR24041501液压张力冷/温轧实验轧机和热轧实验轧机更正公告（二）,变更公告,JSTCC26021104937,2026年09月07日 17:40,苏州市,zycgr24041501,苏州市,0512-65187783,江苏省招标中心有限公司,江苏省南京市鼓楼区郑和中路118号D座,毛哲宇、黄志浩、郑兴东、顾建钧17626046040、17855967601（办公电话）,毛哲宇、黄志浩、郑兴东、顾建钧,17626046040、17855967601,,,https://www.ccgp.gov.cn/cggg/zygg/gzgg/202609/t20260907_27281246.htm,2026-09-10 09:46:32,一、项目基本情况 原公告的采购项目编号：JSTCC26021104937 原公告的采购项目名称：ZYCGR24041501液压张力冷/温轧实验轧机和热轧实验轧机更正公告 首次公告日期：2026年08月18日 二、更正信息 更正事项：采购公告 更正内容： 1、招标文件发售结束时间更正为：2026年9月11日下午17时00分止2、提交投标文件截止时间及开标时间更正为：2026年9月23日上午10时00分止3、投标人应根据采购人税务主体资格开具合法有效的增值税专用发票。注:与招标公告和招标文件不一致之处请以本更正公告为准。 更正日期：2026年09月07日 三、其他补充事宜 无。 四、凡对本次公告内容提出询问，请按以下方式联系。 1.采购人信息 名 称：zycgr24041501 地址：苏州市 联系方式：0512-65187783 2.采购代理机构信息 名 称：江苏省招标中心有限公司 地 址：江苏省南京市鼓楼区郑和中路118号D座 联系方式：毛哲宇、黄志浩、郑兴东、顾建钧17626046040、17855967601（办公电话） 3.项目联系方式 项目联系人：毛哲宇、黄志浩、郑兴东、顾建钧 电 话： 17626046040、17855967601（办公电话）,其他,,中国政府采购网,,,default,,采购公告,,,,,,,,,
中国地质调查局乌鲁木齐自然资源综合调查中心分析测试实验室物资采购项目（第二批）更正公告,变更公告,XJJL2026013,2026年09月07日 17:36,新市区,中国地质调查局乌鲁木齐自然资源综合调查中心,新疆乌鲁木齐市新市区西环北路555号,韩工，0991-3741132----纪检审计联系方式0991-3618160,新疆嘉良工程项目管理有限责任公司,新疆乌鲁木齐市水磨沟区立井街198号商住（丽景.名都）10#-办公2303室,程先生     联系电话：13139606599,韩工,0991-3741132,,,https://www.ccgp.gov.cn/cggg/zygg/gzgg/202609/t20260907_27281197.htm,2026-09-10 09:46:33,一、项目基本情况 原公告的采购项目编号：XJJL2026013 原公告的采购项目名称：中国地质调查局乌鲁木齐自然资源综合调查中心分析测试实验室物资采购项目（第二批）询价公告 首次公告日期：2026年09月02日 二、更正信息 更正事项：采购公告 更正内容： 原公告中：“获取询价文件：时间：2026年09月3日至2026年09月07日，每天上午10:00至13:30，下午15:30至19:30。”更正为：“获取询价文件：时间：2026年09月3日至2026年09月08日，每天上午10:00至13:30，下午15:30至19:30。”原公告中：“响应文件提交、开启：截止时间：2026年09月08日 16点00分（北京时间）。”更正为：响应文件提交、开启：截止时间：2026年09月11日 11点30分（北京时间）。”原询价公告中部分采购物资材料规格进行更正。 更正日期：2026年09月07日 三、其他补充事宜 无 四、凡对本次公告内容提出询问，请按以下方式联系。 1.采购人信息 名 称：中国地质调查局乌鲁木齐自然资源综合调查中心 地址：新疆乌鲁木齐市新市区西环北路555号 联系方式：韩工，0991-3741132----纪检审计联系方式0991-3618160 2.采购代理机构信息 名 称：新疆嘉良工程项目管理有限责任公司 地 址：新疆乌鲁木齐市水磨沟区立井街198号商住（丽景.名都）10#-办公2303室 联系方式：程先生 联系电话：13139606599 3.项目联系方式 项目联系人：韩工 电 话： 0991-3741132,科研检测,2026-09-08 16:00,中国政府采购网,,,default,,采购公告,,,,,,,,,
国家税务总局云南省税务局存储资源扩容项目（2026年度）更正公告,变更公告,YN2026-ZXGK-A0046-B00,2026年09月07日 17:28,云南省,国家税务总局云南省税务局,云南省昆明市盘龙区白塔路304号,0871-63649372,详见公告正文,详见公告正文,详见公告正文,张老师,0871-63649372,,,https://www.ccgp.gov.cn/cggg/zygg/gzgg/202609/t20260907_27281135.htm,2026-09-10 09:46:33,"国家税务总局云南省税务局存储资源扩容项目（2026年度）中标结果公告 一、 项目编号： YN2026-ZXGK-A0046-B00二、 项目名称： 国家税务总局云南省税务局存储资源扩容项目（2026年度）三、 中标（成交）信息供应商名称：云南博科信息技术有限公司供应商地址：云南省昆明市五华区龙泉路万彩城市花园17幢2812-2814号中标（成交）金额：226.000000万元评审总得分：90.7 四、 主要标的信息项目类型：货物类名称：全闪存存储扩容设备品牌：宏杉规格型号：MS9040G2-AF-HG数量：1单价：226.000000万元 五、 评审专家名单/单一来源采购人员名单：庞伟,张浩,曾海凤,李俭林,王健鑫 六、 代理服务收费标准及金额： 七、 公告期限自本公告发布之日起1个工作日。  八、 其他补充事宜无 九、 凡对本次公告内容提出询问，请按以下方式联系。1.采购人信息名称：国家税务总局云南省税务局地址：云南省昆明市盘龙区白塔路304号联系方式：0871-63649372 采购代理机构信息（如有）名称：详见公告正文地址：详见公告正文联系方式：详见公告正文 项目联系方式项目联系人：张老师电话：0871-63649372附件：国家税务总局云南省税务局存储资源扩容项目（2026年度）采购文件-技术部分.docx国家税务总局云南省税务局存储资源扩容项目（2026年度）采购文件-商务部分.docx",设备购置,,中国政府采购网,,,default,,,,,,,,,,,
建筑材料工业技术监督研究中心硫铁铝酸盐水泥基材料损伤分析研究平台建设项目更正公告,变更公告,26CNIC-027420-72,2026年09月07日 17:17,北京市,建筑材料工业技术监督研究中心,北京市朝阳区管庄东里三区5号,汪老师；010-65580866,中国仪器进出口集团有限公司,北京市丰台区西营街1号院通用时代中心1区1号楼B座1608,李新宇、王雪乔010-81166170、010-81166178,汪老师,010-65580866,,,https://www.ccgp.gov.cn/cggg/zygg/gzgg/202609/t20260907_27280782.htm,2026-09-10 09:46:34,一、项目基本情况 原公告的采购项目编号：26CNIC-027420-72 原公告的采购项目名称：建筑材料工业技术监督研究中心硫铁铝酸盐水泥基材料损伤分析研究平台建设项目 首次公告日期：2026年08月27日 二、更正信息 更正事项：采购文件 更正内容： 原招标文件内容:招标文件P36 第四章 拟签订政府采购合同 5、付款比例 （1）签约后付款：甲方与乙方签署合同且收到乙方提供履约保证金或保函及应付货款发票后15个工作日内，甲方将合同总价50%的合同价款支付给乙方。（2）合同中全部货物经采购方验收合格并签署验收证明后15个工作日内，甲方将合同总价  50% 的合同价款支付乙方。现变更为:招标文件P36 第四章 拟签订政府采购合同 5、付款比例 （1）签约后付款：甲方与乙方签署合同且收到乙方提供履约保证金或保函及应付货款发票后15个工作日内，甲方将合同总价80%的合同价款支付给乙方。（2）合同中全部货物经采购方验收合格并签署验收证明后15个工作日内，甲方将合同总价  20% 的合同价款支付乙方。其他内容以原公告为准。 更正日期：2026年09月07日 三、其他补充事宜 无 四、凡对本次公告内容提出询问，请按以下方式联系。 1.采购人信息 名 称：建筑材料工业技术监督研究中心 地址：北京市朝阳区管庄东里三区5号 联系方式：汪老师；010-65580866 2.采购代理机构信息 名 称：中国仪器进出口集团有限公司 地 址：北京市丰台区西营街1号院通用时代中心1区1号楼B座1608 联系方式：李新宇、王雪乔010-81166170、010-81166178 3.项目联系方式 项目联系人：汪老师 电 话： 010-65580866,工程建设,,中国政府采购网,,,default,,采购文件,,,,,,,,,
中国地质大学（武汉）西区钻探实验楼维修改造工程总承包（EPC）（第二次）项目第一次答疑公告,变更公告,HBSJ-202606FJ-134001001,2026年09月07日 17:13,武昌区,中国地质大学（武汉）,湖北省武汉市洪山区鲁磨路388号,赵老师  027-67885905,湖北省招标股份有限公司,武汉市武昌区中北路108号兴业银行大厦五层,胡秀坤、胡致远、姚昌  027-87273603,赵老师,027-67885905,,,https://www.ccgp.gov.cn/cggg/zygg/gzgg/202609/t20260907_27280704.htm,2026-09-10 09:46:35,一、项目基本情况 原公告的采购项目编号：HBSJ-202606FJ-134001001(DDCG-20262018) 原公告的采购项目名称：中国地质大学（武汉）西区钻探实验楼维修改造工程总承包（EPC）（第二次） 首次公告日期：2026年09月02日 二、更正信息 更正事项：采购文件 更正内容： 各潜在投标人：现就投标人所提疑问作如下回复：问题1：投标函附录中“缺陷责任期”，是否以招标公告2.3中为准，即约定内容处填写“整体工程缺陷责任期为2年，屋面及其他部位防水责任期为5年。”？回复1：是。问题2：投标函附录中的“分包”对应合同条款4.5.2，约定内容处是否按照招标文件P80的4.5.2款内容填写？回复2：是。问题3：招标文件P74页，“承包人文件的内容、提供期限、名称、数量和形式:(1)承包人应在合同签订后30天内，完成施工图设计文件的编制工作。承包人应在施工图设计文件完成后，向发包人(校园规划与基建处、审计处)提交施工图预算。若发包人进行施工图预算审核，承包人应予以配合。”考虑到该项目施工工期仅5个月，施工图预算报送及审核能否与结算流程合并？回复3：后期根据进展情况另行商定。问题4：招标文件P77页，“对于项目质量验收所需的所有检验检测，承包人应全力配合检测机构开展工作；若检测合格，承包人应无条件对检测过程中结构、部件、专项工程等产生的破损进行修复和保护，修复费用及工期应在承包人总工期中予以考虑；若检测不合格，则承包人需尽快整改直至检测合格为止，且工期不予顺延。以上费用均由投标人在投标报价中自行考虑，发包人不再另行支付其它费用。”根据相关规定，材料检查由发包人委托，所产生费用由发包人承担，能否调整为材料检测费由招标人承担？回复4：按招标文件执行。问题5：招标文件P80页，“联合体各成员的分工、费用收取、发票开具等事项:本项目设计费和建安工程费分别支付给联合体成员，由设计单位、施工单位分别向监理人、发包人申请款项。”该项目为EPC项目，设计费和建安工程费能否支付至联合体牵头方，再由联合体牵头方支付至联合体成员方？回复5：按招标文件执行。  招标人：中国地质大学（武汉）招标代理：湖北省招标股份有限公司2026年9月7日     更正日期：2026年09月07日 三、其他补充事宜 四、凡对本次公告内容提出询问，请按以下方式联系。 1.采购人信息 名 称：中国地质大学（武汉） 地址：湖北省武汉市洪山区鲁磨路388号 联系方式：赵老师 027-67885905 2.采购代理机构信息 名 称：湖北省招标股份有限公司 地 址：武汉市武昌区中北路108号兴业银行大厦五层 联系方式：胡秀坤、胡致远、姚昌 027-87273603 3.项目联系方式 项目联系人：赵老师 电 话： 027-67885905,教育培训,,中国政府采购网,,,default,,采购文件,,,,,,,,,
北京中医药大学东直门医院国家中医药传承创新中心建设项目（第六批）设备采购项目第二包更正公告,变更公告,HHGZ-HW-2026-019,2026年09月07日 17:04,北京市,北京中医药大学东直门医院,北京市东城区海运仓5号,武老师 010-84013273,汉华国招（北京）工程咨询有限公司,北京市丰台区日月天地A-902,郝婉莹、汪伟佳、谷振彬、韩雪、曹彩凤、白燕010-58076608-826/828,郝婉莹、汪伟佳、谷振彬、韩雪,010-58076608-826,,,https://www.ccgp.gov.cn/cggg/zygg/gzgg/202609/t20260907_27280485.htm,2026-09-10 09:46:35,一、项目基本情况 原公告的采购项目编号：HHGZ-HW-2026-019 原公告的采购项目名称：北京中医药大学东直门医院国家中医药传承创新中心建设项目（第六批）设备采购项目 首次公告日期：2026年07月27日 二、更正信息 更正事项：采购结果 更正内容： 本项目第二包采购结果被提出质疑后，经评标委员会复核结果为：实质性响应家数不足3家。根据《政府采购质疑和投诉办法》相关规定，本标包废标，重新开展采购活动。 更正日期：2026年09月07日 三、其他补充事宜 本公告在中国政府采购网（https://www.ccgp.gov.cn）发布。 四、凡对本次公告内容提出询问，请按以下方式联系。 1.采购人信息 名 称：北京中医药大学东直门医院 地址：北京市东城区海运仓5号 联系方式：武老师 010-84013273 2.采购代理机构信息 名 称：汉华国招（北京）工程咨询有限公司 地 址：北京市丰台区日月天地A-902 联系方式：郝婉莹、汪伟佳、谷振彬、韩雪、曹彩凤、白燕010-58076608-826/828 3.项目联系方式 项目联系人：郝婉莹、汪伟佳、谷振彬、韩雪、曹彩凤、白燕 电 话： 010-58076608-826/828,医疗卫生,,中国政府采购网,,,default,,采购结果,,,,,,,,,
浙江省嘉兴支队浙江乍浦经济开发区消防救援大队2026年度食堂伙食配送采购项目更正公告,变更公告,,2026年09月07日 17:02,平湖市,浙江乍浦经济开发区消防救援大队,浙江省平湖市乍浦镇东方大道111号,张琪18215671526,浙江天钫工程管理咨询有限公司,浙江省嘉兴市秀洲区新城街道洪兴路2616号未来科技广场E座9楼902-2室,张先生0573-82270515/18057310623,张琪,18215671526,,,https://www.ccgp.gov.cn/cggg/zygg/gzgg/202609/t20260907_27280430.htm,2026-09-10 09:46:36,一、项目基本情况 原公告的采购项目编号：嘉消采-GK2026008 原公告的采购项目名称：浙江省嘉兴支队浙江乍浦经济开发区消防救援大队2026年度食堂伙食配送采购项目公开招标公告 首次公告日期：2026年09月04日 二、更正信息 更正事项：采购公告 更正内容： 序号 更正项 更正前内容 更正后内容 1 获取招标文件 时间：2026年9月4日至2026年9月28日，每天09：00—17：00（北京时间，法定节假日除外） 时间：2026年9月4日至2026年9月28日，每天上午00:00至12:00 ，下午12:00至23:59（北京时间，线上获取法定节假日均可，线下获取文件法定节假日除外）   更正日期：2026年09月07日 三、其他补充事宜 无 四、凡对本次公告内容提出询问，请按以下方式联系。 1.采购人信息 名 称：浙江乍浦经济开发区消防救援大队 地址：浙江省平湖市乍浦镇东方大道111号 联系方式：张琪18215671526 2.采购代理机构信息 名 称：浙江天钫工程管理咨询有限公司 地 址：浙江省嘉兴市秀洲区新城街道洪兴路2616号未来科技广场E座9楼902-2室 联系方式：张先生0573-82270515/18057310623 3.项目联系方式 项目联系人：张琪 电 话： 18215671526,公共安全,,中国政府采购网,,,default,,采购公告,,,,,,,,,
哈尔滨市消防救援支队“消防科普宣传品采购”活动服务项目更正公告,变更公告,ZLZB,2026年09月07日 16:55,哈尔滨市,哈尔滨市消防救援支队,哈尔滨市香坊区和平路111号,周先生0451-51190817,黑龙江众联工程咨询管理有限公司,哈尔滨市道外区太古街341号,李女士0451-59565777,李女士,0451-59565777,,,https://www.ccgp.gov.cn/cggg/zygg/gzgg/202609/t20260907_27280230.htm,2026-09-10 09:46:37,一、项目基本情况 原公告的采购项目编号：ZLZB[2026]1037 原公告的采购项目名称：哈尔滨市消防救援支队“消防科普宣传品采购”活动服务项目公开招标公告 首次公告日期：2026年08月19日 二、更正信息 更正事项：采购文件 更正内容： 1.更正内容详见采购文件；2.原公告的提交投标文件截止时间、开标时间：2026-09-10 09:30:00，更正为：2026-09-28 09:30:00。 更正日期：2026年09月07日 三、其他补充事宜 无 四、凡对本次公告内容提出询问，请按以下方式联系。 1.采购人信息 名 称：哈尔滨市消防救援支队 地址：哈尔滨市香坊区和平路111号 联系方式：周先生0451-51190817 2.采购代理机构信息 名 称：黑龙江众联工程咨询管理有限公司 地 址：哈尔滨市道外区太古街341号 联系方式：李女士0451-59565777 3.项目联系方式 项目联系人：李女士 电 话： 0451-59565777,公共安全,,中国政府采购网,,,default,,采购文件,,,,,,,,,
哈尔滨市消防救援支队全媒体中心办公设备购置更正公告,变更公告,ZLZB,2026年09月07日 16:55,市辖区,哈尔滨市消防救援支队,哈尔滨市香坊区和平路111号,周先生0451-51190817,黑龙江众联工程咨询管理有限公司,哈尔滨市道外区太古街341号,李女士0451-59565777,李女士,0451-59565777,,,https://www.ccgp.gov.cn/cggg/zygg/gzgg/202609/t20260907_27280232.htm,2026-09-10 09:46:37,一、项目基本情况 原公告的采购项目编号：ZLZB[2026]1036 原公告的采购项目名称： 哈尔滨市消防救援支队全媒体中心办公设备购置公开招标公告 首次公告日期：2026年08月19日 二、更正信息 更正事项：采购文件 更正内容： 1.更正内容详见采购文件；2.原公告的提交投标文件截止时间、开标时间：2026-09-10 09:30:00，更正为：2026-09-28 09:30:00。 更正日期：2026年09月07日 三、其他补充事宜 无 四、凡对本次公告内容提出询问，请按以下方式联系。 1.采购人信息 名 称：哈尔滨市消防救援支队 地址：哈尔滨市香坊区和平路111号 联系方式：周先生0451-51190817 2.采购代理机构信息 名 称：黑龙江众联工程咨询管理有限公司 地 址：哈尔滨市道外区太古街341号 联系方式：李女士0451-59565777 3.项目联系方式 项目联系人：李女士 电 话： 0451-59565777,公共安全,,中国政府采购网,,,default,,采购文件,,,,,,,,,
广东省农垦中心医院门诊综合楼医用吊塔采购项目更正公告,变更公告,0692-2631ZJ095160,2026年09月07日 16:45,湛江农垦,广东省农垦中心医院,广东省湛江市霞山区人民大道中2号,刘先生0759-2633657,广东省机电设备招标中心有限公司,广东省湛江市赤坎区体育北路15号湛江商务大厦11楼1105房,马日辉、项倩0759-2324210、0759-2110313,刘先生,0759-2633657,,,https://www.ccgp.gov.cn/cggg/zygg/gzgg/202609/t20260907_27279959.htm,2026-09-10 09:46:38,一、项目基本情况 原公告的采购项目编号：0692-2631ZJ095160 原公告的采购项目名称：广东省农垦中心医院门诊综合楼医用吊塔采购项目公开招标公告 首次公告日期：2026年08月20日 二、更正信息 更正事项：采购文件 更正内容： 1、招标文件第一部分投标邀请函“交货期：合同签订之日起60日内完成所有采购货物的供货、安装、调试和验收，并交付给采购人正常使用。”与第二部分用户需求书“交货期：合同生效之日起30个日历日内完成所有采购货物的供货、安装、调试和验收，并交付给甲方正常使用。”不一致。现将第二部分用户需求书“交货期：合同生效之日起30个日历日内完成所有采购货物的供货、安装、调试和验收，并交付给甲方正常使用。”更正为“交货期：合同签订之日起60日内完成所有采购货物的供货、安装、调试和验收，并交付给采购人正常使用。”2.原“投标文件递交截止时间：2026年09月11日10点00分（北京时间）”更正为：“投标文件递交截止时间：2026年09月24日10点00分（北京时间）”3.原“开标时间：2026年09月11日 10点00分（北京时间）”更正为：“开标时间：2026年09月24日 10点00分（北京时间）” 更正日期：2026年09月07日 三、其他补充事宜 更正公告为原采购公告、原采购文件不可分割的部分，原采购公告、原采购文件相应条款与本公告有不一致之处，以本公告为准。请供应商务必按照更正后的内容编制投标/响应文件，本公告发布，视同书面通知所有潜在供应商。 四、凡对本次公告内容提出询问，请按以下方式联系。 1.采购人信息 名 称：广东省农垦中心医院 地址：广东省湛江市霞山区人民大道中2号 联系方式：刘先生0759-2633657 2.采购代理机构信息 名 称：广东省机电设备招标中心有限公司 地 址：广东省湛江市赤坎区体育北路15号湛江商务大厦11楼1105房 联系方式：马日辉、项倩0759-2324210、0759-2110313 3.项目联系方式 项目联系人：刘先生 电 话： 0759-2633657,医疗卫生,2026-09-11 10:00,中国政府采购网,,,default,,采购文件,,,,,,,,,
中国民航大学内蒙古飞行学院物业服务项目更正公告,变更公告,SHZB2026-543,2026年09月07日 16:44,天津市,中国民航大学,天津市东丽区津北公路2898号,王老师 022-24092962,盛和招标代理有限公司,天津市南开区白堤路180号万科时代中心26楼2601-2603房间,侯美玲、许铖铖、梁冰、韩伟、李秀艳、李卫强、孙伟、高干、苏云龙、 毛允东、王聪、窦玉玲13194691601、13805423303,侯美玲、许铖铖、梁冰、韩伟、李,13194691601、13805423303,,,https://www.ccgp.gov.cn/cggg/zygg/gzgg/202609/t20260907_27279972.htm,2026-09-10 09:46:39,一、项目基本情况 原公告的采购项目编号：SHZB2026-543 原公告的采购项目名称：中国民航大学内蒙古飞行学院物业服务项目 首次公告日期：2026年08月30日 二、更正信息 更正事项：采购公告 更正内容： 1、原公告获取招标文件时间：2026年08月31日  至 2026年09月04日，每天上午8:30至12:00，下午13:00至17:30。（北京时间，法定节假日除外）更正为：2026年08月31日  至 2026年09月11日，每天上午8:30至12:00，下午13:00至17:30。（北京时间，法定节假日除外）2、原公告提交投标文件截止时间、开标时间和地点提交投标文件截止时间:2026年09月20日 09点30分(北京时间)开标时间:2026年09月20日 09点30分(北京时间)地点:中国民航大学东丽校区北院北四综合楼(校史馆对面原老校医院)一楼107号会议室更正为：提交投标文件截止时间:2026年09月23日 09点30分(北京时间)开标时间:2026年09月23日 09点30分(北京时间)地点:中国民航大学东丽校区北院北四综合楼(校史馆对面原老校医院)一楼114号会议室 更正日期：2026年09月07日 三、其他补充事宜 无 四、凡对本次公告内容提出询问，请按以下方式联系。 1.采购人信息 名 称：中国民航大学 地址：天津市东丽区津北公路2898号 联系方式：王老师 022-24092962 2.采购代理机构信息 名 称：盛和招标代理有限公司 地 址：天津市南开区白堤路180号万科时代中心26楼2601-2603房间 联系方式：侯美玲、许铖铖、梁冰、韩伟、李秀艳、李卫强、孙伟、高干、苏云龙、 毛允东、王聪、窦玉玲13194691601、13805423303 3.项目联系方式 项目联系人：侯美玲、许铖铖、梁冰、韩伟、李秀艳、李卫强、孙伟、高干、苏云龙、 毛允东、王聪、窦玉玲 电 话： 13194691601、13805423303,教育培训,2026-09-20 09:30,中国政府采购网,,,default,,采购公告,,,,,,,,,
中国农业科学院兰州兽医研究所图书馆修缮项目更正公告,变更公告,lsy-cwccg-2026030,2026年09月07日 16:35,甘肃省,中国农业科学院兰州兽医研究所,甘肃省兰州市城关区徐家坪1号,曹老师 17726963842,兰州正泽招投标代理有限公司,兰州市城关区甘南路39号商务宾馆写字楼四楼,张军宏  0931-8892333   8824333   13993154091,张军宏,0931-8892333882433313993154091,"中国农业科学院兰州兽医研究所图书馆修缮项目—澄清文件9.7（终）.doc,中国农业科学院兰州兽医研究所图书馆修缮项目—更正公告.docx","[{""attach_name"": ""中国农业科学院兰州兽医研究所图书馆修缮项目—澄清文件9.7（终）.doc"", ""attach_url"": ""https://download.ccgp.gov.cn/oss/download?uuid=26E787D044FE0330FC03B06A6A52A7""}, {""attach_name"": ""中国农业科学院兰州兽医研究所图书馆修缮项目—更正公告.docx"", ""attach_url"": ""https://download.ccgp.gov.cn/oss/download?uuid=006677B647274D24E754803CC8DD29""}]",https://www.ccgp.gov.cn/cggg/zygg/gzgg/202609/t20260907_27279694.htm,2026-09-10 09:46:39,一、项目基本情况 原公告的采购项目编号：lsy-cwccg-2026030、LZ2026-GK007(S) 原公告的采购项目名称：中国农业科学院兰州兽医研究所图书馆修缮项目 首次公告日期：2026年08月27日 二、更正信息 更正事项：采购文件 更正内容： 1.技术参数2.投标文件递交截止时间：2026年9月18日上午9：30分。开标时间及地址：2026年9月18日上午9：30分，兰州正泽招投标代理有限公司（兰州市城关区甘南路39号商务宾馆写字楼四楼开标室）。现更正为：1.对原技术参数进行澄清，澄清文件详见附件。2.投标文件递交截止时间：2026年9月23日上午9：30分。开标时间及地址：2026年9月23日上午9：30分，兰州正泽招投标代理有限公司（兰州市城关区甘南路39号商务宾馆写字楼四楼开标室）。 更正日期：2026年09月07日 三、其他补充事宜 投标文件里凡涉及“投标文件递交截止时间”和“开标时间及地址”一并更正，其他事项不变。 四、凡对本次公告内容提出询问，请按以下方式联系。 1.采购人信息 名 称：中国农业科学院兰州兽医研究所 地址：甘肃省兰州市城关区徐家坪1号 联系方式：曹老师 17726963842 2.采购代理机构信息 名 称：兰州正泽招投标代理有限公司 地 址：兰州市城关区甘南路39号商务宾馆写字楼四楼 联系方式：张军宏 0931-8892333 8824333 13993154091 3.项目联系方式 项目联系人：张军宏 电 话： 0931-8892333 8824333 13993154091,教育培训,,中国政府采购网,,,default,,采购文件,,,,,,,,,
吉林大学第二医院建院90周年文创产品设计制作项目恢复采购公告,变更公告,HCZB-2026-ZB1088,2026年09月07日 16:31,市辖区,吉林大学第二医院,吉林省长春市南关区亚泰大街4026号,郭老师 0431-81136241,华采招标集团有限公司,吉林省长春市南关区锦湖大路保合大厦9楼,王鑫、陈胤冰0431-80531139,王鑫、陈胤冰,0431-80531139,,,https://www.ccgp.gov.cn/cggg/zygg/gzgg/202609/t20260907_27279579.htm,2026-09-10 09:46:40,一、项目基本情况 原公告的采购项目编号：HCZB-2026-ZB1088 原公告的采购项目名称：吉林大学第二医院建院90周年文创产品设计制作项目 首次公告日期：2026年08月17日 二、更正信息 更正事项：采购公告 更正内容： 1、本项目现已恢复采购。2、开标时间：2026年09月23日09点30分（北京时间）3、开标地点：吉林省长春市南关区锦湖大路保合大厦9楼902开标室4、采购公告中服务时间：中标后，按甲方要求的开始供货之日起35个日历天内将货物送至甲方要求的指定地点。现更正为：中标后，按甲方要求的时间之日起30个日历天将货物送至甲方要求的指定地点。 更正日期：2026年09月07日 三、其他补充事宜 其它内容不变。 四、凡对本次公告内容提出询问，请按以下方式联系。 1.采购人信息 名 称：吉林大学第二医院 地址：吉林省长春市南关区亚泰大街4026号 联系方式：郭老师 0431-81136241 2.采购代理机构信息 名 称：华采招标集团有限公司 地 址：吉林省长春市南关区锦湖大路保合大厦9楼 联系方式：王鑫、陈胤冰0431-80531139 3.项目联系方式 项目联系人：王鑫、陈胤冰 电 话： 0431-80531139,医疗卫生,,中国政府采购网,,,default,,采购公告,,,,,,,,,
西安交通大学医学院第一附属医院外线电缆更换项目更正公告（2）,变更公告,2026HG16ZK,2026年09月07日 16:19,西安市,西安交通大学第一附属医院,陕西省西安市雁塔区雁塔西路277号,董老师 029-85323684,中科经纬工程技术有限公司,陕西省西安市浐灞生态区欧亚一路世园大观3栋5层502室,康怡悦、李颖华、张倩 029-85261162、18209181365,康怡悦、李颖华、张倩,029-85261162、18209181365,,,https://www.ccgp.gov.cn/cggg/zygg/gzgg/202609/t20260907_27279331.htm,2026-09-10 09:46:40,一、项目基本情况 原公告的采购项目编号：2026HG16ZK 原公告的采购项目名称：西安交通大学医学院第一附属医院外线电缆更换项目资格预审公告 首次公告日期：2026年08月26日 二、更正信息 更正事项：采购文件 更正内容： 1、原资格预审文件 第二章 申请人须知前附表 5.1.2  “审查委员会人数：共7人，其中：采购人代表2人，专家5人。”     现变更为 “审查委员会人数：共5人，其中：采购人代表1人，专家4人。”2、原资格预审文件 第二章 申请人须知前附表 5.2 “资格审查方法：有限数量制（12家）”     现变更为“资格审查方法：有限数量制（7家）”其他内容不变 更正日期：2026年09月07日 三、其他补充事宜 无 四、凡对本次公告内容提出询问，请按以下方式联系。 1.采购人信息 名 称：西安交通大学第一附属医院 地址：陕西省西安市雁塔区雁塔西路277号 联系方式：董老师 029-85323684 2.采购代理机构信息 名 称：中科经纬工程技术有限公司 地 址：陕西省西安市浐灞生态区欧亚一路世园大观3栋5层502室 联系方式：康怡悦、李颖华、张倩 029-85261162、18209181365 3.项目联系方式 项目联系人：康怡悦、李颖华、张倩 电 话： 029-85261162、18209181365,医疗卫生,,中国政府采购网,,,default,,采购文件,,,,,,,,,
南京大学光刻胶合成中试线更正公告,变更公告,GZH2602428,2026年09月07日 16:17,南京市,南京大学,南京市栖霞区仙林大道 163 号,周老师 025-89688969,南京江城工程项目管理有限公司,南京市建邺区云龙山路89号龙湖时代上城1栋29楼,曹雪025-58835827-8016（技术咨询） 025-58835827-0（文件获取咨询）,曹雪,025-58835827-8016,澄清修改说明.pdf,"[{""attach_name"": ""澄清修改说明.pdf"", ""attach_url"": ""https://download.ccgp.gov.cn/oss/download?uuid=6B93ECF1AB80C090DCB760CBA8B823""}]",https://www.ccgp.gov.cn/cggg/zygg/gzgg/202609/t20260907_27279304.htm,2026-09-10 09:46:41,一、项目基本情况 原公告的采购项目编号：GZH2602428 原公告的采购项目名称：南京大学光刻胶合成中试线 首次公告日期：2026年09月02日 二、更正信息 更正事项：采购文件 更正内容： 招标文件“第四章 招标技术规格及要求”中“三、产品需满足的功能和质量要求”部分内容更正，具体详见澄清修改说明； 更正日期：2026年09月07日 三、其他补充事宜 无 四、凡对本次公告内容提出询问，请按以下方式联系。 1.采购人信息 名 称：南京大学 地址：南京市栖霞区仙林大道 163 号 联系方式：周老师 025-89688969 2.采购代理机构信息 名 称：南京江城工程项目管理有限公司 地 址：南京市建邺区云龙山路89号龙湖时代上城1栋29楼 联系方式：曹雪025-58835827-8016（技术咨询） 025-58835827-0（文件获取咨询） 3.项目联系方式 项目联系人：曹雪 电 话： 025-58835827-8016（技术咨询） 025-58835827-0（文件获取咨询）,教育培训,,中国政府采购网,,,default,,采购文件,,,,,,,,,
丹东边境管理支队警用装备（电磁网捕器）采购项目（第三次）更正公告,变更公告,LNGB2026034,2026年09月07日 16:09,沈河区,丹东边境管理支队,辽宁省丹东市振兴区中心北路1号,张警官，0415-4144699；支队纪检监督电话：0415-4144991转308 ；总站纪检监督电话：024-86501111转7203、7208,辽宁冠标项目管理有限公司,沈阳市沈河区先农坛路30-1号,孔祥楠024-31932999,孔祥楠,024-31932999,,,https://www.ccgp.gov.cn/cggg/zygg/gzgg/202609/t20260907_27279123.htm,2026-09-10 09:46:41,一、项目基本情况 原公告的采购项目编号：LNGB2026034 原公告的采购项目名称：丹东边境管理支队警用装备（电磁网捕器）采购项目（第三次）成交公告 首次公告日期：2026年09月07日 二、更正信息 更正事项：采购结果 更正内容： 供应商名称：沈阳中安高科电子科技有限公司更正为：沈阳中安高科电子有限公司 更正日期：2026年09月07日 三、其他补充事宜 四、凡对本次公告内容提出询问，请按以下方式联系。 1.采购人信息 名 称：丹东边境管理支队 地址：辽宁省丹东市振兴区中心北路1号 联系方式：张警官，0415-4144699；支队纪检监督电话：0415-4144991转308 ；总站纪检监督电话：024-86501111转7203、7208 2.采购代理机构信息 名 称：辽宁冠标项目管理有限公司 地 址：沈阳市沈河区先农坛路30-1号 联系方式：孔祥楠024-31932999 3.项目联系方式 项目联系人：孔祥楠 电 话： 024-31932999,其他,,中国政府采购网,,,default,,采购结果,,,,,,,,,
金堂县消防救援大队食堂副食品采购配送服务采购项目更正公告,变更公告,SCJH,2026年09月07日 16:02,金堂县,金堂县消防救援大队,成都市金堂县成金大道1699号,杨老师、028-84938119,四川钧瀚招标代理有限公司,成都市高新区天府大道北段1480号孵化园9号楼F座10层1013号,苟先生、028-85225028,杨老师,028-84938119,,,https://www.ccgp.gov.cn/cggg/zygg/gzgg/202609/t20260907_27278984.htm,2026-09-10 09:46:42,一、项目基本情况 原公告的采购项目编号：SCJH（ZF)-GZ260810 原公告的采购项目名称：金堂县消防救援大队食堂副食品采购配送服务采购项目 首次公告日期：2026年09月03日 二、更正信息 更正事项：采购文件 更正内容： 一、招标文件第七章评标办法4.3.2 综合评分明细表 配送能力中“投标人为项目配置一名农副产品（食品）检测员得5分。（提供农副产品（食品）检测员证件复印件、合格有效的健康证复印件）”更正为“投标人为项目配置一名农副产品（食品）检验员得5分。（提供农副产品（食品）检验员证件复印件、合格有效的健康证复印件）”二、招标文件第七章评标办法4.3.2 综合评分明细表 配送能力中注：1.冷藏车与封闭式运输车为不同的车辆，所有证明材料需加盖投标人公章鲜章。2.以上人员证书须为国家职业技能等级认定机构或经人社部门备案的第三方评价机构颁发的有效证书，需提供官网查询截图。3.以上人员同一人持有多个证书的，按最高得分项计分一次，其他项不重复计分。4.所有证明材料须加盖投标人公章鲜章。复印件模糊、关键信息缺失、租赁期限不满足、证书或社保缴纳材料缺项的，对应小项不得分。更正为：注：1.冷藏车与封闭式运输车为不同的车辆，所有证明材料需加盖投标人公章鲜章。2.以上人员同一人持有多个证书的，按最高得分项计分一次，其他项不重复计分。3.所有证明材料须加盖投标人公章鲜章。复印件模糊、关键信息缺失、租赁期限不满足、证书缺项或过期的，对应小项不得分。三、其余内容不变。 更正日期：2026年09月07日 三、其他补充事宜 因系统固化，代理机构地址新迁地址为：成都市武侯区天晖南街茂业中心A座704、705、706 四、凡对本次公告内容提出询问，请按以下方式联系。 1.采购人信息 名 称：金堂县消防救援大队 地址：成都市金堂县成金大道1699号 联系方式：杨老师、028-84938119 2.采购代理机构信息 名 称：四川钧瀚招标代理有限公司 地 址：成都市高新区天府大道北段1480号孵化园9号楼F座10层1013号 联系方式：苟先生、028-85225028 3.项目联系方式 项目联系人：杨老师 电 话： 028-84938119,公共安全,,中国政府采购网,,,default,,采购文件,,,,,,,,,
中华人民共和国大连出入境边防检查站边检设备购置项目更正公告,变更公告,SHY-20260824001,2026年09月07日 15:57,大连市,中华人民共和国大连出入境边防检查站,大连市中山区人民路65号,李老师 0411-82634181,辽宁浩亿招投标有限公司,沈阳市皇姑区同江街11-1号3门,宋继尧 024-81231520,宋继尧,024-81231520,,,https://www.ccgp.gov.cn/cggg/zygg/gzgg/202609/t20260907_27278931.htm,2026-09-10 09:46:43,一、项目基本情况 原公告的采购项目编号：SHY-20260824001 原公告的采购项目名称：中华人民共和国大连出入境边防检查站边检设备购置项目公开招标公告 首次公告日期：2026年09月02日 二、更正信息 更正事项：采购公告 更正内容： 1.在“二、投标人的资格要求：2.落实政府采购政策需满足的资格要求：”中增加：“本项目不专门面向中小企业采购，符合《政府采购促进中小企业发展管理办法》（财库〔2020〕46号）第六条“（三）按照本办法规定预留采购份额无法确保充分供应、充分竞争，或者存在可能影响政府采购目标实现的情形”；”2.在“ 三、获取采购文件 获取方式：”中变更为：“通过邮箱进行报名或者现场报名并领取采购文件（syhygs@163.com），邮件内注明单位名称、联系人、联系电话。（报名须提供法人或者其他组织的营业执照等主体证明文件或自然人的身份证明复印件（自然人身份证明仅限在自然人作为投标主体时使用）”、“法定代表人（或非法人组织负责人）身份证明书（自然人作为投标主体时不需提供）”、“授权委托书（法定代表人、非法人组织负责人、自然人本人购买采购文件的无需提供）”）邮箱报名需提供以上证明材料扫描件，现场报名提供以上证明材料原件。现场报名地址：沈阳市皇姑区同江街11-1号3门。”3.在“八、其他补充事宜”中变更为：“（1）项目性质：财政资金（非辽宁省财政资金）（2）需落实的政府采购政策内容：落实中小微企业（含监狱企业）、残疾人就业、节能产品、环境标志产品、创新产品和服务、对本国产品的支持等政府采购政策。（3）监督举报电话中华人民共和国辽宁出入境边防检查总站纪委电话：024-86501111-7203、7208（4）开户行：盛京银行沈阳市向工支行账户名称：辽宁浩亿招投标有限公司账号：0338260102000001621”其他内容不变，详见变更后的招标公告及招标文件。 更正日期：2026年09月07日 三、其他补充事宜 四、凡对本次公告内容提出询问，请按以下方式联系。 1.采购人信息 名 称：中华人民共和国大连出入境边防检查站 地址：大连市中山区人民路65号 联系方式：李老师 0411-82634181 2.采购代理机构信息 名 称：辽宁浩亿招投标有限公司 地 址：沈阳市皇姑区同江街11-1号3门 联系方式：宋继尧 024-81231520 3.项目联系方式 项目联系人：宋继尧 电 话： 024-81231520,设备购置,,中国政府采购网,,,default,,采购公告,,,,,,,,,
SPD-23安徽某单位比武队训练装备及消耗品采购项目更正公告,变更公告,GXCZ-C-26220024,2026年09月07日 15:36,安徽省,SPD-23,合肥市庐阳区沿河西路,鲁主任；19356550178,国信招标集团股份有限公司,安徽省合肥市黄山路665号汇峰大厦2418室,陆娟、孙崔群；18726390768、0551-63616570转8016,陆娟,18726390768,,,https://www.ccgp.gov.cn/cggg/zygg/gzgg/202609/t20260907_27278539.htm,2026-09-10 09:46:43,一、项目基本情况 原公告的采购项目编号：GXCZ-C-26220024 原公告的采购项目名称：安徽某单位比武队训练装备及消耗品采购项目 首次公告日期：2026年08月27日 二、更正信息 更正事项：采购文件 更正内容： 1、磋商文件第三章评审办法和标准中附表四“商务技术及价格评审表-响应报价得分计算”原文：以满足磋商文件要求的有效供应商最后报价的最低价为评审基准价。最低报价供应商的价格分为满分；其他供应商的价格分统一按照下列公式计算：响应报价得分＝（响应报价/评审基准价）×30。以上计算小数点后保留两位，第三位四舍五入。现修改为：以满足磋商文件要求的有效供应商最后报价的最低价为评审基准价。最低报价供应商的价格分为满分；其他供应商的价格分统一按照下列公式计算：响应报价得分＝（评审基准价/响应报价）×30。以上计算小数点后保留两位，第三位四舍五入。2、本项目响应文件首次递交截止时间及磋商时间延期至2026年9月14日14时00分00秒（北京时间）。 更正日期：2026年09月07日 三、其他补充事宜 本项目磋商文件其他条款不变。如澄清内容与磋商文件原内容有冲突，以澄清内容为准。特此通知。 四、凡对本次公告内容提出询问，请按以下方式联系。 1.采购人信息 名 称：SPD-23 地址：合肥市庐阳区沿河西路 联系方式：鲁主任；19356550178 2.采购代理机构信息 名 称：国信招标集团股份有限公司 地 址：安徽省合肥市黄山路665号汇峰大厦2418室 联系方式：陆娟、孙崔群；18726390768、0551-63616570转8016 3.项目联系方式 项目联系人：陆娟 电 话： 18726390768,其他,,中国政府采购网,,,default,,采购文件,,,,,,,,,
森林消防局机动支队北京消防救援机动支队森林灭火装备采购项目技术需求征求意见公告更正公告,变更公告,,2026年09月07日 15:20,北京市,森林消防局机动支队,北京市朝阳区南豆各庄甲六号,王助理，13051600909,详见公告正文,详见公告正文,详见公告正文,王助理,13051600909,9.3附件2：北京消防救援机动支队森林灭火装备技术需求意见填报表.doc,"[{""attach_name"": ""9.3附件2：北京消防救援机动支队森林灭火装备技术需求意见填报表.doc"", ""attach_url"": ""https://download.ccgp.gov.cn/oss/download?uuid=0A5B3C1CDC9D0E7116BDC48BF6F2E3""}]",https://www.ccgp.gov.cn/cggg/zygg/gzgg/202609/t20260907_27278821.htm,2026-09-10 09:46:44,一、项目基本情况 原公告的采购项目编号： 原公告的采购项目名称：森林消防局机动支队北京消防救援机动支队森林灭火装备采购项目技术需求征求意见公告 首次公告日期：2026年09月03日 二、更正信息 更正事项：采购公告 更正内容： （三）公告期限及回复意见截止时间1.公告期限自本公告发布之日起至2026年9月14日17时止（北京时间）2．回复意见截止时间：2026年9月14日17时00分（北京时间）。（四）回复意见格式及方式1．回复意见格式：按照下载附件提供的格式要求，填写《北京消防救援机动支队森林灭火装备采购项目技术需求参数公开征求意见反馈表》，回复电子版（word格式文件）及法人签字并加盖单位公章的彩色扫描件（pdf文件）。上述两个文件内容必须完全一致。2．回复意见方式：以电子邮件方式发至332686022@qq.com，邮件主题为：XXX公司（公司全称）+《北京消防救援机动支队森林灭火装备采购技术参数修改意见》。 更正日期：2026年09月07日 三、其他补充事宜 四、凡对本次公告内容提出询问，请按以下方式联系。 1.采购人信息 名 称：森林消防局机动支队 地址：北京市朝阳区南豆各庄甲六号 联系方式：王助理，13051600909 2.项目联系方式 项目联系人：王助理 电 话： 13051600909,公共安全,2026-09-14 17:00,中国政府采购网,,,default,,采购公告,,,,,,,,,
德庆县消防救援大队播植镇农村基础设施安全工程更正公告,变更公告,GDRYCG-2026-136,2026年09月07日 15:15,高要市,德庆县消防救援大队,德庆县香山大道东4号,詹先生0758-7733119,广东荣逸项目管理顾问有限公司,肇庆市端州区信安路西侧83区敏捷广场四期H2栋商业办公楼1702室,梁先生、0758-2284323,梁先生,0758-2284323,,,https://www.ccgp.gov.cn/cggg/zygg/gzgg/202609/t20260907_27278181.htm,2026-09-10 09:46:45,一、项目基本情况 原公告的采购项目编号：GDRYCG-2026-136 原公告的采购项目名称：播植镇农村基础设施安全工程 首次公告日期：2026年09月04日 二、更正信息 更正事项：采购公告 更正内容： 原公告：五、开启时间：2026年09月04日 15点00分（北京时间）更正为：五、开启时间：2026年09月15日 15点00分（北京时间）其他内容不变 更正日期：2026年09月07日 三、其他补充事宜 / 四、凡对本次公告内容提出询问，请按以下方式联系。 1.采购人信息 名 称：德庆县消防救援大队 地址：德庆县香山大道东4号 联系方式：詹先生0758-7733119 2.采购代理机构信息 名 称：广东荣逸项目管理顾问有限公司 地 址：肇庆市端州区信安路西侧83区敏捷广场四期H2栋商业办公楼1702室 联系方式：梁先生、0758-2284323 3.项目联系方式 项目联系人：梁先生 电 话： 0758-2284323,公共安全,,中国政府采购网,,,default,,采购公告,,,,,,,,,
中华人民共和国吉林出入境边防检查总站通化边境管理支队2026年社会化保障服务采购项目更正公告,变更公告,THBJFW-2026-002,2026年09月07日 15:03,市辖区,通化边境管理支队,通化市东昌区修正路38号,李警官0435-3943366,吉林省九合工程咨询有限公司,长春市二道区远达大街以东红星美凯龙全球家居生活广场第7幢1008号房,聂蕾、唐仁秋0431-88547197,聂蕾、唐仁秋,0431-88547197,,,https://www.ccgp.gov.cn/cggg/zygg/gzgg/202609/t20260907_27278020.htm,2026-09-10 09:46:45,"一、项目基本情况 原公告的采购项目编号：THBJFW-2026-002 原公告的采购项目名称：中华人民共和国吉林出入境边防检查总站通化边境管理支队2026年社会化保障服务采购项目 首次公告日期：2026年09月01日 二、更正信息 更正事项：采购公告 更正内容： 序号 更正项 更正前 更正后 1 采购需求 选取1家投标人为支队机关及基层单位提供社会化保障服务 为通化边境管理支队提供物业服务，包括但不限于基本服务、房屋维护服务、公用设施设备维护服务、保洁服务、绿化服务、保安服务、会议服务等。 2 二、申请人的资格要求 1.满足《中华人民共和国政府采购法》第二十二条规定。 2.落实政府采购政策需满足的资格要求：本项目专门面向中小企业采购，须是中小微企业、监狱企业、残疾人福利性单位享受政府采购政策需提供相关声明，本项目所属行业为物业管理。   3.本项目的特定资格要求： 3.1投标人须是在中华人民共和国境内注册具有独立承担民事责任能力的独立法人资格，具有有效的营业执照。 3.2 具有良好的商业信誉和健全的财务会计制度,并具有依法缴纳税收和社会保障资金的良好记录。 3.3 截至招标文件开始发售之日，经“信用中国”网站(www.creditchina.gov.cn）、“中国政府采购网”网站（www.ccgp.gov.cn）查询，“被列入失信被执行人”“重大税收违法案件当事人名单”“政府采购严重违法失信行为记录名单”的不得参加本项目投标。 1.满足《中华人民共和国政府采购法》第二十二条规定； 2.落实政府采购政策需满足的资格要求：本项目专门面向中小企业采购。监狱企业、残疾人福利性单位视同中小企业，参与投标须提供对应声明函；本项目所属行业为物业管理。 3.本项目特定资格要求：无 3 三、获取招标文件 现场获取或网上获取（电子邮箱获取），售价：300.00元/份，过时不售，售后不退。 现场获取纸质文件，售价：300.00元/份，过时不售，售后不退。 4 六、其他补充事宜 发布媒介：《中国政府采购网》上发布，其他媒介转载无效。 1、发布媒介：本公告在中国政府采购网发布，其他任何网站转载的公告信息，均以在中国政府采购网发布的内容为准。 2、投标截止时间前供应商不得为“信用中国”网站(www.creditchina.gov.cn）中列入失信被执行人和重大税收违法失信主体名单的供应商，不得为“中国政府采购网”（www.ccgp.gov.cn）政府采购严重违法失信行为记录名单中被财政部门禁止参加政府采购活动的供应商（处罚决定规定的时间和地域范围内）。评审前采购人或采购代理机构将通过相关网站查询，并留存网站查询结果截图或打印件，提供给评标委员会。 更正日期：2026年09月07日 三、其他补充事宜 发布媒介：本公告在中国政府采购网发布，其他任何网站转载的公告信息，均以在中国政府采购网发布的内容为准。 四、凡对本次公告内容提出询问，请按以下方式联系。 1.采购人信息 名 称：通化边境管理支队 地址：通化市东昌区修正路38号 联系方式：李警官0435-3943366 2.采购代理机构信息 名 称：吉林省九合工程咨询有限公司 地 址：长春市二道区远达大街以东红星美凯龙全球家居生活广场第7幢1008号房 联系方式：聂蕾、唐仁秋0431-88547197 3.项目联系方式 项目联系人：聂蕾、唐仁秋 电 话： 0431-88547197",公共安全,,中国政府采购网,,,default,,采购公告,,,,,,,,,
“中山大学孙逸仙纪念医院全量数据中心医学大数据平台一期（数据治理和中台建设）项目”项目更正及延期公告,变更公告,CLF0126GZ05ZC22,2026年09月07日 15:01,广州市,中山大学孙逸仙纪念医院,广州市沿江西路 107 号,020-81338019,采联国际招标采购集团有限公司,广东省广州市越秀区环市东路472号粤海大厦7、23楼,郭女士/陈女士 020-87651688-171/114,郭女士,020-87651688-171,,,https://www.ccgp.gov.cn/cggg/zygg/gzgg/202609/t20260907_27278001.htm,2026-09-10 09:46:46,一、项目基本情况 原公告的采购项目编号：CLF0126GZ05ZC22 原公告的采购项目名称：中山大学孙逸仙纪念医院全量数据中心医学大数据平台一期（数据治理和中台建设）项目 首次公告日期：2026年08月14日 二、更正信息 更正事项：采购文件 更正内容： 更正事项 更正内容 更正前 更正后 采购文件 《第一章 投标邀请》 项目概况 中山大学孙逸仙纪念医院全量数据中心医学大数据平台一期（数据治理和中台建设）项目招标项目的潜在投标人应在 广东省广州市越秀区环市东路472号粤海大厦7楼 获取招标文件，并于2026年09月11日09点30分（北京时间）前递交投标文件。 项目概况 中山大学孙逸仙纪念医院全量数据中心医学大数据平台一期（数据治理和中台建设）项目招标项目的潜在投标人应在 广东省广州市越秀区环市东路472号粤海大厦7楼 获取招标文件，并于2026年09月24日09点30分（北京时间）前递交投标文件。 《第一章 投标邀请》 四、提交投标文件截止时间、开标时间和地点 2026年09月11日09点30分（北京时间）（自招标文件开始发出之日起至投标人提交投标文件截止之日止，不得少于20日） 四、提交投标文件截止时间、开标时间和地点 2026年09月24日09点30分（北京时间）（自招标文件开始发出之日起至投标人提交投标文件截止之日止，不得少于20日） 《第二章 采购需求》“用户需求书”“一、技术要求” ▲2.3.6.4 大模型智能治理工作台：提供与大模型能力对接的专用工作界面。支持（投标时提供系统截图并加盖供应商公章）： ▲2.3.6.4 大模型智能治理工作台：提供与大模型能力对接的专用工作界面。支持（投标时提供功能截图并加盖供应商公章）： 《第二章 采购需求》“用户需求书”“一、技术要求” 2.3.8.2 数据质量规则与治理中心 …… ▲（2）规则管理（投标时提供系统截图并加盖供应商公章）： 2.3.8.2 数据质量规则与治理中心 …… ▲（2）规则管理（投标时提供功能截图并加盖供应商公章）： 《第二章 采购需求》“用户需求书”“一、技术要求” ▲2.3.9.5 专病数据指标（投标时提供系统截图并加盖供应商公章） …… 项目计划为重点专科病种进行带有疾病特性的数据治理，给重点专科病种提供L2和L3类型字段合共不少于400个。 ▲2.3.9.5 专病数据指标（针对第（1）-（2）点，投标时提供功能截图并加盖供应商公章；针对第（3）点，投标时提供加盖供应商公章的承诺函） …… （3）项目计划为重点专科病种进行带有疾病特性的数据治理，给重点专科病种提供L2和L3类型字段合共不少于400个。 《第二章 采购需求》“用户需求书”“二、商务要求”“(一)采购项目交付（实施）的时间（期限）和地点（范围） ”“3.团队人员要求” （7）拟投入本项目的团队人员应对基础医学和临床医学理论知识有一定掌握，能结合实际临床场景中运用相关知识梳理和分析数据，保障项目实施，因此要求团队成员应具有临床类初级或以上的医师资格证。 （7）拟投入本项目的团队人员应对基础医学和临床医学理论知识有一定掌握，能结合实际临床场景中运用相关知识梳理和分析数据，保障项目实施，因此要求团队成员应具有临床医学相关专业背景或者具有卫生专业技术人员医疗类初级（医士级或医师级）或以上职称。 《第二章 采购需求》“用户需求书”“二、商务要求”“(一)采购项目交付（实施）的时间（期限）和地点（范围） ”“7.知识产权归属” 7.知识产权归属     为本项目定制开发部分的源代码知识产权（包括但不限于著作权、专利申请权等）归采购人所有；而投标人原有的核心技术、框架、组件库等知识产权仍归投标人所有，但授予采购人永久、免费、不可撤销的使用许可。 7.评级评审要求 为本项目定制开发部分的源代码知识产权（包括但不限于著作权、专利申请权等）归采购人所有；而投标人原有的核心技术、框架、组件库等知识产权仍归投标人所有，但授予采购人永久、免费、不可撤销的使用许可。 （此段删除） 《第二章 采购需求》“用户需求书”“二、商务要求”“（四）其他要求” “3.演示要求” （2）演示时间：不得超过10分钟。 （4）演示方式：真实系统或Demo或PPT演示。 （2）演示时间：不得超过15分钟。 （4）演示方式：已具备的同类功能系统或者临时搭建的演示环境。 《第三章 评标方法和标准》“综合评分表”“技术部分”“（二）演示情况” 2.演示要求：演示内容共12项。每使用真实系统完整演示一项内容，得1.5分；每使用Demo完整演示一项内容，得1分；每使用PPT或者其他形式完整演示一项内容，得0.5分；演示不完整或者未演示的，不得分；本项最高得18分。 2.演示要求：演示内容共12项。每使用已具备的同类功能系统或者临时搭建的演示环境完整演示一项内容，得1.5分；演示不完整或者未演示的，不得分；本项最高得18分。 《第三章 评标方法和标准》“综合评分表”“商务部分”“（二）拟派驻项目人员资质情况及服务能力” 4.拟派驻本项目的团队成员具有临床类初级或以上医师资格证（提供资格证书复印件），具有初级资格证书得0.5分，中级或以上资格证书得1分，最高得1分； 4.拟派驻本项目的团队成员具有临床医学相关专业学历证书，或者具有卫生专业技术人员医疗类初级（医士级或医师级）或以上职称证书（如有其他证书按照相关规定等同于满足评审要求的，需同步提供说明或相关材料佐证，经评审委员会认定，视同满足要求），每提供1个得0.5分，最高得1分； 《第四章 投标人须知》“第一部分 投标人须知前附表”“五、开标、评标、定标与合同签订”“（四）1采购代理服务费” （1）本次采购代理服务费向 中标人 收取。 按照下述方式向采购代理机构按如下标准和规定缴纳采购代理服务费： ①采购代理服务费一（招标代理服务费）： ……参照中华人民共和国国家发展计划委员会颁发的计价格[2002]1980号、国家发改委[2003]857号及发改价格[2011]534号文规定的“货物类”下浮20%计算。…… （1）本次采购代理服务费向 中标人 收取。 按照下述方式向采购代理机构按如下标准和规定缴纳采购代理服务费： ①采购代理服务费一（招标代理服务费）： ……参照中华人民共和国国家发展计划委员会颁发的计价格[2002]1980号、国家发改委[2003]857号及发改价格[2011]534号文规定的“服务类”下浮20%计算。…… 采购公告 项目概况 项目概况 中山大学孙逸仙纪念医院全量数据中心医学大数据平台一期（数据治理和中台建设）项目招标项目的潜在投标人应在 广东省广州市越秀区环市东路472号粤海大厦7楼 获取招标文件，并于2026年09月11日09点30分（北京时间）前递交投标文件。 项目概况 中山大学孙逸仙纪念医院全量数据中心医学大数据平台一期（数据治理和中台建设）项目招标项目的潜在投标人应在 广东省广州市越秀区环市东路472号粤海大厦7楼 获取招标文件，并于2026年09月24日09点30分（北京时间）前递交投标文件。 四、提交投标文件截止时间、开标时间和地点 四、提交投标文件截止时间、开标时间和地点： 提交投标文件截止时间：2026年09月11日09点30分（北京时间） 开标时间：2026年09月11日09点30分（北京时间） 四、提交投标文件截止时间、开标时间和地点 提交投标文件截止时间：2026年09月24日09点30分（北京时间） 开标时间：2026年09月24日09点30分（北京时间） 更正日期：2026年09月07日 三、其他补充事宜 其他内容不变。采购文件其他地方如涉及上述内容的亦作相应修改。原采购文件及采购公告与更正公告有矛盾的地方，以此更正公告为准。附件：1、更正后采购文件 四、凡对本次公告内容提出询问，请按以下方式联系。 1.采购人信息 名 称：中山大学孙逸仙纪念医院 地址：广州市沿江西路 107 号 联系方式：020-81338019 2.采购代理机构信息 名 称：采联国际招标采购集团有限公司 地 址：广东省广州市越秀区环市东路472号粤海大厦7、23楼 联系方式：郭女士/陈女士 020-87651688-171/114 3.项目联系方式 项目联系人：郭女士/陈女士 电 话： 020-87651688-171/114,医疗卫生,2026-09-11 09:30,中国政府采购网,,,default,,采购文件,,,,,,,,,
某实验室隔离原子层沉积系统更正公告（二次）,变更公告,ZF2026-17-0946,2026年09月07日 14:55,合肥市,zycgr21070801,安徽省合肥市,苗老师 0551-65099990,安徽省招标集团股份有限公司,合肥市包河区紫云路888号,"应急客服电话：0551-62220153（接听时间：8:30-12:00,13:30-17:30，节假日除外。潜在投标人应优先拨打项目联系人联系电话，无人接听时再拨打该“应急客服电话”）",刘工、张工、陈工、李工,0551-66061459、66061461、66061460、66061496,,,https://www.ccgp.gov.cn/cggg/zygg/gzgg/202609/t20260907_27277928.htm,2026-09-10 09:46:47,"一、项目基本情况 原公告的采购项目编号：ZF2026-17-0946 原公告的采购项目名称：某实验室隔离原子层沉积系统 首次公告日期：2026年08月18日 二、更正信息 更正事项：采购文件 更正内容： 递交投标文件的截止时间、开标时间修改为2026年9月18日9：30（北京时间）。 更正日期：2026年09月07日 三、其他补充事宜 本项目相关信息同时在“中国政府采购网（www.ccgp.gov.cn）、中国招标投标公共服务平台（www.cebpubservice.cn）、优质采云采购平台（www.youzhicai.com）、优质采招标采购平台（www.yzczb.com）”等媒介上发布。 四、凡对本次公告内容提出询问，请按以下方式联系。 1.采购人信息 名 称：zycgr21070801 地址：安徽省合肥市 联系方式：苗老师 0551-65099990 2.采购代理机构信息 名 称：安徽省招标集团股份有限公司 地 址：合肥市包河区紫云路888号 联系方式：应急客服电话：0551-62220153（接听时间：8:30-12:00,13:30-17:30，节假日除外。潜在投标人应优先拨打项目联系人联系电话，无人接听时再拨打该“应急客服电话”） 3.项目联系方式 项目联系人：刘工、张工、陈工、李工（1501室） 电 话： 0551-66061459、66061461、66061460、66061496、15855137303",科研检测,,中国政府采购网,,,default,,采购文件,,,,,,,,,
中国人民警察大学（广州）警体馆吸音改造项目更正公告,变更公告,GZGCCG-2026073,2026年09月07日 14:41,广州市,中国人民警察大学,广州市天河区奥体南路399号,李助理020-82335351,广州市广采招标有限公司,广州市黄埔区和沙街30号人为峰大厦A1栋601室,邹工020-37201839,邹工,020-37201839,"工程量清单及图纸.zip,中国人民警察大学（广州）警体馆吸音改造项目-竞争性磋商文件9.7更正稿.docx","[{""attach_name"": ""工程量清单及图纸.zip"", ""attach_url"": ""https://download.ccgp.gov.cn/oss/download?uuid=2581BDBF52C1EEBA24DA4435E734B1""}, {""attach_name"": ""中国人民警察大学（广州）警体馆吸音改造项目-竞争性磋商文件9.7更正稿.docx"", ""attach_url"": ""https://download.ccgp.gov.cn/oss/download?uuid=19DB605DBC2FF13EE23B763450282B""}]",https://www.ccgp.gov.cn/cggg/zygg/gzgg/202609/t20260907_27277797.htm,2026-09-10 09:46:47,一、项目基本情况 原公告的采购项目编号：GZGCCG-2026073 原公告的采购项目名称：中国人民警察大学（广州）警体馆吸音改造项目 首次公告日期：2026年08月28日 二、更正信息 更正事项：采购文件 更正内容： 更正事项：竞争性磋商文件及竞争性磋商公告更正原因：更正第三章评分体系与标准-（一）商务评分表-项目主要团队人员配备及项目其他团队人员配备；同时顺延竞争性磋商文件中的获取采购文件时间、响应文件递交时间、提交响应文件截止时间、磋商时间、踏勘时间。更正内容：（一）原内容： 项目主要团队人员配备 项目经理：1人（6分） （1）具有建筑工程相关专业中级工程师职称的，得2分；高级（或以上）工程师职称的，得3分。 （2）2023年1月1日至投标截止时间止担任项目经理完成过质量合格的改造工程或钢结构工程类业绩的，得2分；本小项最高得2分。 （3）具有5年及以上（以职称证发证时间为准）施工管理经验的，得1分，本小项最高得1分。 专职安全员：（5分） （1）具有建筑工程相关专业中级工程师职称的，得2分；高级（或以上）工程师职称的，得3分。 （2）具有注册安全工程师的执业资格得2分。 注： （1）需同时提供以上人员的身份证、证书复印件及提交投标截止日前六个月中任意一个月在本单位的社会保险参保证明，提供相关证明材料的复印件或者扫描件加盖供应商公章，不提供或提供证明材料不齐全均不得分。（2）人员业绩需提供中标通知书（如有）、合同协议书、竣工验收报告；完成时间以竣工验收报告时间为准。负责人名字以竣工验收相关文件上的名字为准，竣工验收相关文件上应能体现相关负责人的身份。如上述业绩证明资料中无法体现负责人姓名或身份，需提供经建设单位及监理单位盖章的相关证明材料。不符合上述条件或无法证明的不得分，否则不得分。 11% 11分 项目其他团队人员配备 除项目经理、技术负责人、专职安全员外，供应商拟投入本项目项目团队的其他专业人员： （1）拟投入人员具有具有中级工程师职称的，得2分，具有初级工程师职称，得1分，本项最高得4分； （2）拟投入人员具有施工员1人 、质量员1人、资料员1人、材料员1人、安全员1人，每人得1分，最高得5分， 注：需同时提供以上人员的身份证、证书复印件及提交投标截止日前六个月中任意一个月在本单位的社会保险参保证明，提供相关证明材料的复印件或者扫描件加盖供应商公章，不提供或提供证明材料不齐全均不得分。同一人具有多个证书不重复得分。拟投入项目所有人员一人一岗，不得兼任。 9% 9分  现修正为： 项目主要团队人员配备 项目经理：1人（6分） （1）具有建筑工程相关专业中级工程师职称的，得2分；高级（或以上）工程师职称的，得3分。 （2）2023年1月1日至投标截止时间止担任项目经理完成过同类改造工程或钢结构工程类业绩的，得2分；本小项最高得2分。 （3）具有5年及以上（以职称证发证时间为准）施工管理经验的，得1分，本小项最高得1分。 安全负责人：（5分） （1）具有建筑工程相关专业中级工程师职称的，得2分；高级（或以上）工程师职称的，得3分。 （2）具有注册安全工程师的执业资格得2分。 注： （1）需同时提供以上人员的身份证、证书复印件及提交投标截止日前六个月中任意一个月在本单位的社会保险参保证明，提供相关证明材料的复印件或者扫描件加盖供应商公章，不提供或提供证明材料不齐全均不得分。（2）人员业绩需提供中标通知书（如有）、合同协议书、竣工验收报告；完成时间以竣工验收报告时间为准。负责人名字以竣工验收相关文件上的名字为准，竣工验收相关文件上应能体现相关负责人的身份。如上述业绩证明资料中无法体现负责人姓名或身份，需提供经建设单位及监理单位盖章的相关证明材料。不符合上述条件或无法证明的不得分，否则不得分。 11% 11分 项目其他团队人员配备 除项目经理、技术负责人、安全负责人、专职安全员外，供应商拟投入本项目项目团队的其他专业人员： （1）拟投入人员具有具有中级工程师职称的，得2分，具有初级工程师职称，得1分，本项最高得4分； （2）拟投入人员具有施工员1人 、质量员1人、资料员1人、材料员1人、安全员1人，每人得1分，最高得5分， 注：需同时提供以上人员的身份证、证书复印件及提交投标截止日前六个月中任意一个月在本单位的社会保险参保证明，提供相关证明材料的复印件或者扫描件加盖供应商公章，不提供或提供证明材料不齐全均不得分。拟投入项目所有人员一人一岗，不得兼任。 9% 9分  （二）原内容：七、获取采购文件时间：2026年 08月28日至2026 年 09月07日，每天上午09:00至12:00，下午14:30至17:30（北京时间，法定节假日除外）4.响应文件递交时间为2026年09月10日09:00:00至09:30:00九、提交响应文件截止时间：2026年09月10日 09:30:00。十一、磋商时间：2026年09月10日09:30:00。现修正为：七、获取采购文件时间：2026年 08月28日至2026 年 09月08日，每天上午09:00至12:00，下午14:30至17:30（北京时间，法定节假日除外）4.响应文件递交时间为2026年09月15日09:00:00至09:30:00九、提交响应文件截止时间：2026年09月15日 09:30:00。十一、磋商时间：2026年09月15日09:30:00。（三）原内容： 1.  是否需要现场考察   是，集合时间：2026年9月8日上午9:00；集合地点：中国人民警察大学（广州），联系人：沈助理  联系电话：020-82335341 ，届时请每家潜在投标人可安排不超过2人出席，并须携带本人身份证原件、复印件（加盖公章）及加盖投标单位公章的介绍信（证明函）。  现修正为： 1.  是否需要现场考察   是，集合时间：2026年9月10日上午9:00；集合地点：中国人民警察大学（广州），联系人：沈助理  联系电话：020-82335341 ，届时请每家潜在投标人可安排不超过2人出席，并须携带本人身份证原件、复印件（加盖公章）及加盖投标单位公章的介绍信（证明函）。  修改部分详见附件竞争性磋商文件标红部分内容其他内容不变更正日期：2026年9月7日 更正日期：2026年09月07日 三、其他补充事宜 更正公告为原竞争性磋商公告、原竞争性磋商文件不可分割的部分，原竞争性磋商公告、原竞争性磋商文件相应条款与本公告有不一致之处，以本公告为准。请供应商务必按照更正后的内容编制投标/响应文件，本公告发布，视同书面通知所有潜在供应商。 四、凡对本次公告内容提出询问，请按以下方式联系。 1.采购人信息 名 称：中国人民警察大学 地址：广州市天河区奥体南路399号 联系方式：李助理020-82335351 2.采购代理机构信息 名 称：广州市广采招标有限公司 地 址：广州市黄埔区和沙街30号人为峰大厦A1栋601室 联系方式：邹工020-37201839 3.项目联系方式 项目联系人：邹工 电 话： 020-37201839,教育培训,2026-09-10 09:30,中国政府采购网,,,default,,采购文件,,,,,,,,,
人民大会堂周界视频监控系统升级改造采购项目更正公告,变更公告,RC-H26021,2026年09月07日 14:29,北京市,人民大会堂管理局,北京市西城区人民大会堂西侧路,010-63094633,全国人大机关采购中心,北京市西城区西交民巷23号,010-63094892,李彬,010-63094892,,,https://www.ccgp.gov.cn/cggg/zygg/gzgg/202609/t20260907_27277685.htm,2026-09-10 09:46:47,"一、项目基本情况 原公告的采购项目编号：RC-H26021 原公告的采购项目名称：人民大会堂周界视频监控系统升级改造采购项目 首次公告日期：2026年08月25日 二、更正信息 更正事项：采购文件 更正内容： 一、招标文件第六部分“招标内容和要求”中“（三）、采购标的需满足的质量、安全、技术规格、物理特性等要求”部分“1.热成像枪球一体机”技术要求由：1.热成像枪球一体机1）一般指标（1）热成像分辨率不低于256×192。（2）可见光球机分辨率不低于2560×1440。（3）补光距离不低于200m。★（4）球机支持不低于40倍光学变焦，16倍数字变焦。（5）内置喇叭，支持声光警戒，报警联动白光闪烁报警和声音报警，声音内容可选。（6）低照度不大于0.0003 Lux/F1.3（彩色）。（7）支持点击联动功能，通过在客户端点击或者框选枪机画面任意位置，球机可自动通过云台调整与变焦，将该区域置于画面中心。（8）支持自动跟随功能，通过设置智能事件规则，对设定区域内触发事件的未授权运动目标进行持续稳定跟随。2）重要指标（1）人员最远报警距离（以1.8米×0.5米为准）不低于100m。（2）支持热成像、可见光双通道区域入侵、越界检测、进入区域检测、离开区域检测。双通道均可全天候精准报警，并联动全彩球机智能复核。（3）内置不少于2颗GPU芯片、1颗氧化钒探测器、2颗CMOS图像传感器、3个镜头。（4）支持220m夜间全彩。（5）设备标定完成后，能在全景画面上点击某个点位，球机自动转动且中心点移动到该位置。（6）当报警触发后，支持百米声音和光照驱离。（7）图像设定的侦测区域内有目标移动时，该区域将变为绿色，并可在客户端给出报警提示。（8）内置大模型算法芯片，通过热成像周界大模型算法检测识别目标(人员、机动车、动物)。（需提供加盖投标人公章的第三方检测报告证明）”变更为：1.热成像枪球一体机（以下指标需提供加盖投标人公章的第三方检测报告证明）1）一般指标（1）热成像分辨率不低于256×192。（2）可见光球机分辨率不低于2560×1440。（3）补光距离不低于200m。★（4）球机支持不低于40倍光学变焦，16倍数字变焦。（5）内置喇叭，支持声光警戒，报警联动白光闪烁报警和声音报警，声音内容可选。（6）低照度不大于0.0003 Lux/F1.3（彩色）。（7）支持点击联动功能，通过在客户端点击或者框选枪机画面任意位置，球机可自动通过云台调整与变焦，将该区域置于画面中心。（8）支持自动跟随功能，通过设置智能事件规则，对设定区域内触发事件的未授权运动目标进行持续稳定跟随。2）重要指标（1）人员最远报警距离（以1.8米×0.5米为准）不低于100m。（2）支持热成像、可见光双通道区域入侵、越界检测、进入区域检测、离开区域检测。双通道均可全天候精准报警，并联动全彩球机智能复核。（3）内置不少于2颗GPU芯片、1颗氧化钒探测器、2颗CMOS图像传感器、3个镜头。（4）支持220m夜间全彩。（5）设备标定完成后，能在全景画面上点击某个点位，球机自动转动且中心点移动到该位置。（6）当报警触发后，支持百米声音和光照驱离。（7）图像设定的侦测区域内有目标移动时，该区域将变为绿色，并可在客户端给出报警提示。（8）内置大模型算法芯片，通过热成像周界大模型算法检测识别目标(人员、机动车、动物)。二、招标文件第六部分“招标内容和要求”中“（三）、采购标的需满足的质量、安全、技术规格、物理特性等要求”部分“2.智能球机”技术要求由：      2.智能球机1）一般指标（1）分辨率不低于2560×1440 @30fps。（2）水平范围：360°，垂直范围：-20°-90°（自动翻转）。（3）不低于7路报警输入、2路报警输出、1路音频输入、1路音频输出。（4）防护不低于IP67，6000V 防雷、防浪涌、防突波，符合GB/T17626.2/3/4/5/6四级标准。（5）支持越界侦测，区域入侵侦测，进入/离开区域侦测等智能侦测功能。（6）支持300个预置位，可设置8条巡航路径，支持预置位视频冻结功能。（7）设备具有 H.265、H.264、MJPEG设置选项。2）重要指标（1）传感器尺寸不低于1/1.8＂ CMOS。★（2）光学变焦不低于25倍。（3）最低照度彩色不大于0.0005 lx，黑白不大于0.0002 lx。（4）红外距离不小于220米。（5）摄像机内置2个图像传感器，可分别输出黑白视频图像和彩色视频图像，并可对这两路视频图像进行融合输出。（需提供加盖投标人公章的第三方检测报告证明）（6）内置GPU芯片，可对监控范围内出现的行人、机动车、非机动车进行检测和抓拍。   变更为：      2.智能球机（以下指标需提供加盖投标人公章的第三方检测报告证明）1）一般指标（1）分辨率不低于2560×1440 @30fps。（2）水平范围：360°，垂直范围：-20°-90°（自动翻转）。（3）不低于7路报警输入、2路报警输出、1路音频输入、1路音频输出。（4）防护不低于IP67，6000V 防雷、防浪涌、防突波，符合GB/T17626.2/3/4/5/6四级标准。（5）支持越界侦测，区域入侵侦测，进入/离开区域侦测等智能侦测功能。（6）支持300个预置位，可设置8条巡航路径，支持预置位视频冻结功能。（7）设备具有 H.265、H.264、MJPEG设置选项。2）重要指标（1）传感器尺寸不低于1/1.8＂ CMOS。★（2）光学变焦不低于25倍。（3）最低照度彩色不大于0.0005 lx，黑白不大于0.0002 lx。（4）红外距离不小于220米。（5）摄像机内置2个图像传感器，可分别输出黑白视频图像和彩色视频图像，并可对这两路视频图像进行融合输出。（6）内置GPU芯片，可对监控范围内出现的行人、机动车、非机动车进行检测和抓拍。三、招标文件第六部分“招标内容和要求”中“（三）、采购标的需满足的质量、安全、技术规格、物理特性等要求”部分“3.大模型周界枪机”技术要求由：      3.大模型周界枪机1）一般指标（1）传感器尺寸不低于1/2.7""。（2）最低照度不大于彩色：0.005 Lux。（3）支持越界侦测，区域入侵侦测，进入区域侦测，离开区域侦测。（4）内置不少于2个麦克风和1个扬声器。（5）防护等级不低于IP67。（6）支持POE供电。（7）红外补光不低于80米，白光不低于30米。2）重要指标（1）主码流视频分辨率不小于1920×1080。（2）采用智能大模型算法，在环境光照度不高于1lx的情况下，当检测区域存在晃动的树叶、光影时，可对人员、机动车、狗进行目标检测，检测上报时不大于1.5s。（3）人员最远报警距离（以1.8米×0.5米为准）不低于50米。（4）内置1颗算力不小于8TOPS的CPU、GPU、NPU一体化芯片。（5）内置大模型算法芯片，运用大模型算法检测并分类识别目标（人员、机动车、动物）。   变更为：     3.大模型周界枪机（以下指标需提供加盖投标人公章的第三方检测报告证明）1）一般指标（1）传感器尺寸不低于1/2.7""。（2）最低照度不大于彩色：0.005 Lux。（3）支持越界侦测，区域入侵侦测，进入区域侦测，离开区域侦测。（4）内置不少于2个麦克风和1个扬声器。（5）防护等级不低于IP67。（6）支持POE供电。（7）红外补光不低于80米，白光不低于30米。2）重要指标（1）主码流视频分辨率不小于1920×1080。（2）采用智能大模型算法，在环境光照度不高于1lx的情况下，当检测区域存在晃动的树叶、光影时，可对人员、机动车、狗进行目标检测，检测上报时不大于1.5s。（3）人员最远报警距离（以1.8米×0.5米为准）不低于50米。（4）内置1颗算力不小于8TOPS的CPU、GPU、NPU一体化芯片。（5）内置大模型算法芯片，运用大模型算法检测并分类识别目标（人员、机动车、动物）。四、招标文件第六部分“招标内容和要求”中“（三）、采购标的需满足的质量、安全、技术规格、物理特性等要求”部分“4.全景拼接周界枪球”技术要求由：      4.全景拼接周界枪球1）一般指标（1）摄像机内置不少于3个镜头，可输出至少1路全景视频图像和1路细节视频图像，全景视频图像由内置的2个镜头采集，细节视频图像由内置的1个镜头采集。★（2）全景摄像机分辨率不低于3680 × 1656，细节摄像机分辨率不低于2688 × 1520。（3）可识别距设备250m处的人体轮廓。（4）传感器尺寸不低于1/1.8＂。（5）防护等级不低于IP67。（6）摄像机的实时视频画面中支持添加500个AR标签，且可实现标签与标签联动的功能。（7）全景大模型智能事件全天候检测距离40米。细节球机1倍下白天检测距离100米，夜间检测距离70米。2）重要指标★（1）摄像机内置镜头支持不小于32倍光学变焦。（2）设备内置不低于8GB eMMC，内置大模型算法芯片，可调用大模型算法检测并分类识别目标。（需提供加盖投标人公章的第三方检测报告证明）（3）采用不低于4核处理器，主频不低于1.4GHz，内置1颗算力不低于10TOPS的NPU芯片。（4）可同时对行人、非机动车、机动车进行检测、跟踪、抓拍，支持人脸与人体、车牌与车辆关联显示。（5）内置不少于2颗GPU芯片，全景通道可输出两个镜头无缝拼接的全景图像，纵向拼接偏差像素不大于4个，全景画面水平视场角不小于190°，垂直视场角不小于80°。（6）目标属性显示功能支持人脸属性、人体属性、非机动车属性、机动车属性。   变更为：     4.全景拼接周界枪球（以下指标需提供加盖投标人公章的第三方检测报告证明）1）一般指标（1）摄像机内置不少于3个镜头，可输出至少1路全景视频图像和1路细节视频图像，全景视频图像由内置的2个镜头采集，细节视频图像由内置的1个镜头采集。★（2）全景摄像机分辨率不低于3680 × 1656，细节摄像机分辨率不低于2688 × 1520。（3）可识别距设备250m处的人体轮廓。（4）传感器尺寸不低于1/1.8＂。（5）防护等级不低于IP67。（6）摄像机的实时视频画面中支持添加500个AR标签，且可实现标签与标签联动的功能。（7）全景大模型智能事件全天候检测距离40米。细节球机1倍下白天检测距离100米，夜间检测距离70米。2）重要指标★（1）摄像机内置镜头支持不小于32倍光学变焦。（2）设备内置不低于8GB eMMC，内置大模型算法芯片，可调用大模型算法检测并分类识别目标。（3）采用不低于4核处理器，主频不低于1.4GHz，内置1颗算力不低于10TOPS的NPU芯片。（4）可同时对行人、非机动车、机动车进行检测、跟踪、抓拍，支持人脸与人体、车牌与车辆关联显示。（5）内置不少于2颗GPU芯片，全景通道可输出两个镜头无缝拼接的全景图像，纵向拼接偏差像素不大于4个，全景画面水平视场角不小于190°，垂直视场角不小于80°。（6）目标属性显示功能支持人脸属性、人体属性、非机动车属性、机动车属性。五、招标文件第六部分“招标内容和要求”中“（三）、采购标的需满足的质量、安全、技术规格、物理特性等要求”部分“5.周界分析服务器”技术要求由：      5.周界分析服务器1）一般指标（1）存储接口：不低于16个SATA3.0接口，满配硬盘，支持硬盘热插拔，单个硬盘不低于12TB，7200RPM，传输不低于速率245MB/s，支持AllFrame AI全帧技术。（2）视频接口：2×HDMI，2×VGA。（3）网络接口：2×RJ45 10/100/1000Mbps自适应以太网口。（4）报警接口：16路报警输入，9路报警输出。（5）支持以下智能功能：目标识别、周界防范、周界大模型二次分析、视频结构化、以图搜图、高空抛物。（6）智能分析不低于64路图片流。2）重要指标（1）支持最大接入带宽256Mbps，最大存储带宽256Mbps，最大转发带宽256Mbps。（2）可同时解码输出24路2MP、H.265编码、25fps、1920×1080格式的视频图像。（3）支持报警事件、异常事件计数提醒功能，以图标形式在监控界面上提醒用户。（4）支持手动选择开启周界大模型，启用后可将周界报警误报降低99%。（5）周界大模型支持视频分析、图片分析、图片二次分析过滤。（需提供加盖投标人公章的第三方检测报告证明）   变更为：      5.周界分析服务器（以下指标需提供加盖投标人公章的第三方检测报告证明）1）一般指标（1）存储接口：不低于16个SATA3.0接口，满配硬盘，支持硬盘热插拔，单个硬盘不低于12TB，7200RPM，传输不低于速率245MB/s，支持AllFrame AI全帧技术。（2）视频接口：2×HDMI，2×VGA。（3）网络接口：2×RJ45 10/100/1000Mbps自适应以太网口。（4）报警接口：16路报警输入，9路报警输出。（5）支持以下智能功能：目标识别、周界防范、周界大模型二次分析、视频结构化、以图搜图、高空抛物。（6）智能分析不低于64路图片流。2）重要指标（1）支持最大接入带宽256Mbps，最大存储带宽256Mbps，最大转发带宽256Mbps。（2）可同时解码输出24路2MP、H.265编码、25fps、1920×1080格式的视频图像。（3）支持报警事件、异常事件计数提醒功能，以图标形式在监控界面上提醒用户。（4）支持手动选择开启周界大模型，启用后可将周界报警误报降低99%。（5）周界大模型支持视频分析、图片分析、图片二次分析过滤。六、招标文件第六部分“招标内容和要求”中“（三）、采购标的需满足的质量、安全、技术规格、物理特性等要求”部分“6.综合安防管理平台”技术要求由：      6.综合安防管理平台1）一般指标（1）具有接入视频监控、入侵报警、一卡通、停车场、动环等系统的设备，获取边缘节点数据，实现安防信息化集成与联动的能力。（2）支持对用户、角色、组织、区域、人员、车辆、卡片、设备等基础资源进行管理调配。（3）支持软件授权方式，支持部署在服务器或虚拟机上。2）重要指标（1）支持BS客户端、CS客户端、视频预览，支持多浏览器实时预览。（2）支持全景摄像机，实现180度的全景监控，可以对全景区域内的多个目标进行穿越警戒面、区域入侵、进入区域、离开区域行为的检测。（3）客户端支持主/子码流切换和预览码流自适应功能，可按4/9/16分屏进行主子码流切换。（4）支持在预览监控点画面时进行一键上墙、云台控制、语音对讲。（5）支持设备录像回传至中心存储，可以支持计划回传和手动回传两种模式。   变更为：      6.综合安防管理平台(含服务器)1）一般指标（1）具有接入视频监控、入侵报警等系统的设备，获取边缘节点数据，实现安防信息化集成与联动的能力。（2）支持对用户、角色、组织、区域、人员、车辆、卡片、设备等基础资源进行管理调配。（3）支持部署在服务器或虚拟机上。2）重要指标（1）支持BS客户端、CS客户端，支持多浏览器实时预览。（2）支持全景摄像机，实现180度的全景监控，可以对全景区域内的多个目标进行穿越警戒面、区域入侵、进入区域、离开区域行为的检测。（3）客户端支持主/子码流切换和预览码流自适应功能，可按4/9/16分屏进行主子码流切换。（4）支持在预览监控点画面时进行一键上墙、云台控制、语音对讲。（5）支持设备录像回传至中心存储，可以支持计划回传和手动回传两种模式。（6）服务器参数：技术规格：2U机架式国产双路服务器。CPU：配置2颗X86 架构处理器，单处理器物理核心数≥8核，主频≥3.0GHz,末级缓存容量≥16MB，线程数≥16线程，支持内存的最高速率≥3200MHz；内存：配置64G DDR4，≥8根内存插槽；硬盘：配置2块1.2T 10K SAS 硬盘（Raid1），前置最大可选支持≥12块3.5寸（兼容2.5寸）热插拔SATA/SAS硬盘，板载≥1个SATA M.2硬盘；阵列卡：配置SAS-HBA卡（支持RAID 0/1/10）；PCIE扩展：最大支持≥4个标准PCIE插槽；网口：标配板载2个千兆电口，支持选配10GbE SFP+网络接口；其他接口：标配1个IPMI RJ-45管理接口，≥7个USB3.0接口 ，≥2个VGA接口；电源：配置550W（1+1）高效铂金CRPS冗余电源；机箱：2U架构机箱；设备重量≤23千克。七、招标文件第六部分“招标内容和要求”中“（三）、采购标的需满足的质量、安全、技术规格、物理特性等要求”部分“9.核心交换机”技术要求由：      9、核心交换机（1）支持独立主控板槽位数≥2，独立网络业务板槽位数≥6(主控加业务板块数槽位数≥8)，可插拔电源模块槽位数≥2，设备高度≤13U。（2）支持OpenFlow功能，支持VxLAN功能，支持VXLAN二三层互通，支持VxLAN OAM ping和tracert。（3）支持IPv4\IPv6 BFD功能，支持与OSPF/v2/v3、VRRP联动，BFD 3ms最小探测间隔测试，平均收敛性能≤12ms。（4）支持MACsec加密技术。（5）支持专门针对CPU保护机制的功能，具备 CPU 防攻击能力，保障CPU工作安全。（6）支持IPv6协议，支持IPv4和IPv6双协议栈；支持6over4 隧道，4over6 隧道。支持IPV4/IPv6策略路由，支持DHCPv6功能、IPv6 portal功能、IPv6管理功能，支持基于IPv4\IPv6的VRRP功能。（7）支持Telemetry流量可视化功能。（8）支持配置文件加密，支持 Secure boot(安全boot)。（9）ARP容量≥90K个，ARP学习速率≥800个每秒，支持的MAC容量≥280K个，MAC学习速率≥3.5K个每秒，支持的ACL条目容量≥3K。（10）支持NQA、iNQA(IPCA)功能。通过直接对业务报文进行标记的方法，实现对网络级和设备级的丢包统计，支持VoQ功能；支持IP分片重组功能。（11）支持在网络管理平台上实现对交换机和摄像头、门禁、对讲等终端设备进行系统拓扑展示及管理功能。（12）支持的IPv4 FIB容量≥100K，支持IPv6 FIB容量≥28K，支持的IPv4组播路由容量≥3K个，支持的ND容量≥25K，支持的端口缓存≥2MBytes。提供工信部入网许可证，入网检测报告证明。（需提供加盖投标人公章的第三方检测报告证明）    变更为：      9、核心交换机（1）支持独立主控板槽位数≥2，独立网络业务板槽位数≥6(主控加业务板块数槽位数≥8)，可插拔电源模块槽位数≥2，设备高度≤13U。（2）支持OpenFlow功能，支持VxLAN功能，支持VXLAN二三层互通，支持VxLAN OAM ping和tracert。（3）支持IPv4\IPv6 BFD功能，支持与OSPF/v2/v3、VRRP联动，BFD 3ms最小探测间隔测试，平均收敛性能≤12ms。（4）支持MACsec加密技术。（5）支持专门针对CPU保护机制的功能，具备 CPU 防攻击能力，保障CPU工作安全。（6）支持IPv6协议，支持IPv4和IPv6双协议栈；支持6over4 隧道，4over6 隧道。支持IPV4/IPv6策略路由，支持DHCPv6功能、IPv6 portal功能、IPv6管理功能，支持基于IPv4\IPv6的VRRP功能。（7）支持Telemetry流量可视化功能。（8）支持配置文件加密，支持 Secure boot(安全boot)。（9）ARP容量≥90K个，ARP学习速率≥800个每秒，支持的MAC容量≥280K个，MAC学习速率≥3.5K个每秒，支持的ACL条目容量≥3K。（10）支持NQA、iNQA(IPCA)功能。通过直接对业务报文进行标记的方法，实现对网络级和设备级的丢包统计，支持VoQ功能；支持IP分片重组功能。（11）支持在网络管理平台上实现对交换机和摄像头、门禁、对讲等终端设备进行系统拓扑展示及管理功能。（12）支持的IPv4 FIB容量≥100K，支持IPv6 FIB容量≥28K，支持的IPv4组播路由容量≥3K个，支持的ND容量≥25K，支持的端口缓存≥2MBytes。（13）配置要求：机箱数量1个；主控板卡数量2个；电源数量2个；板卡24千兆电，4万兆光，配置2个；板卡48千兆电，配置1个；板卡48千兆光，配置1个。提供工信部入网许可证，入网检测报告证明。（需提供加盖投标人公章的第三方检测报告证明）八、招标文件第六部分“招标内容和要求”中“（四）、采购标的的数量、采购项目交付或者实施的时间和地点”部分“（二）后端建设”第1条设备名称由“综合安防管理平台”变更为“综合安防管理平台（含服务器）”。九、招标文件第五部分“评标原则和评标方法（综合评分法）”中“B2主要设备技术性能”部分“6、综合安防管理平台”评分标准由：     6、综合安防管理平台采购需求中综合安防管理平台共有8条技术指标，其中一般指标共3项，每完全满足一项一般指标，得0.2分，最高得0.6分；重要指标共5条，每完全满足一项重要指标，得0.6分，最高得3分。本项最高得3.6分。  变更为：     6、综合安防管理平台（含服务器）采购需求中综合安防管理平台共有9条技术指标，其中一般指标共3项，每完全满足一项一般指标，得0.2分，最高得0.6分；重要指标共6条，每完全满足一项重要指标，得0.5分，最高得3分。本项最高得3.6分。 更正日期：2026年09月07日 三、其他补充事宜 无。 四、凡对本次公告内容提出询问，请按以下方式联系。 1.采购人信息 名 称：人民大会堂管理局 地址：北京市西城区人民大会堂西侧路 联系方式：010-63094633 2.采购代理机构信息 名 称：全国人大机关采购中心 地 址：北京市西城区西交民巷23号 联系方式：010-63094892 3.项目联系方式 项目联系人：李彬 电 话： 010-63094892",工程建设,,中国政府采购网,,,default,,采购文件,,,,,,,,,
中国科学院微小卫星创新研究院ET卫星高精度控温仪采购项目更正公告,变更公告,OITC-G260302320,2026年09月07日 13:59,上海市,中国科学院微小卫星创新研究院,上海市浦东新区雪洋路1号,高彦俊，021-28057000,东方国际招标有限责任公司,北京市海淀区丹棱街1号互联网金融中心20层,陈小舫 王淑文 杨帆 赵倩 021-64717141/010-68290551/010-68290560 xfchen@oitc.com.cn,陈小舫,021-64717141,,,https://www.ccgp.gov.cn/cggg/zygg/gzgg/202609/t20260907_27277468.htm,2026-09-10 09:46:48,一、项目基本情况 原公告的采购项目编号：OITC-G260302320 原公告的采购项目名称：中国科学院微小卫星创新研究院ET卫星高精度控温仪采购项目 首次公告日期：2026年08月27日 二、更正信息 更正事项：采购公告 更正内容： 本项目的获取招标文件时间更正为：2026年8月27日至2026年9月11日，每天上午9:00至11:00，下午13:00至17:00（北京时间，法定节假日除外）；其余内容不变。 更正日期：2026年09月07日 三、其他补充事宜 无 四、凡对本次公告内容提出询问，请按以下方式联系。 1.采购人信息 名 称：中国科学院微小卫星创新研究院 地址：上海市浦东新区雪洋路1号 联系方式：高彦俊，021-28057000 2.采购代理机构信息 名 称：东方国际招标有限责任公司 地 址：北京市海淀区丹棱街1号互联网金融中心20层 联系方式：陈小舫 王淑文 杨帆 赵倩 021-64717141/010-68290551/010-68290560 xfchen@oitc.com.cn 3.项目联系方式 项目联系人：陈小舫 王淑文 杨帆 赵倩 电 话： 021-64717141/010-68290551/010-68290560,教育培训,,中国政府采购网,,,default,,采购公告,,,,,,,,,
中国科学院微小卫星创新研究院eXTP卫星磁组件采购项目更正公告,变更公告,OITC-G260302342,2026年09月07日 13:59,上海市,中国科学院微小卫星创新研究院,上海市浦东新区雪洋路1号,高彦俊，021-28057000,东方国际招标有限责任公司,北京市海淀区丹棱街1号互联网金融中心20层,"陈小舫 王淑文 杨帆 赵倩,021-64717141/010-68290551/010-68290560,  swwang@oitc.com.cn",陈小舫,021-64717141,,,https://www.ccgp.gov.cn/cggg/zygg/gzgg/202609/t20260907_27277473.htm,2026-09-10 09:46:49,"一、项目基本情况 原公告的采购项目编号：OITC-G260302342 原公告的采购项目名称：中国科学院微小卫星创新研究院eXTP卫星磁组件采购项目 首次公告日期：2026年08月27日 二、更正信息 更正事项：采购公告 更正内容： 本项目的获取招标文件时间更正为：2026年8月27日至2026年9月11日，每天上午9:00至11:00，下午13:00至17:00（北京时间，法定节假日除外）；其余内容不变。 更正日期：2026年09月07日 三、其他补充事宜 无 四、凡对本次公告内容提出询问，请按以下方式联系。 1.采购人信息 名 称：中国科学院微小卫星创新研究院 地址：上海市浦东新区雪洋路1号 联系方式：高彦俊，021-28057000 2.采购代理机构信息 名 称：东方国际招标有限责任公司 地 址：北京市海淀区丹棱街1号互联网金融中心20层 联系方式：陈小舫 王淑文 杨帆 赵倩,021-64717141/010-68290551/010-68290560, swwang@oitc.com.cn 3.项目联系方式 项目联系人：陈小舫 王淑文 杨帆 赵倩 电 话： 021-64717141/010-68290551/010-68290560",教育培训,,中国政府采购网,,,default,,采购公告,,,,,,,,,
金山区消防救援支队新建山阳站文体器材采购更正公告,变更公告,Shxr-zfcg-2604,2026年09月07日 13:59,金山区,金山区消防救援支队,金山区沪杭公路8868号,卜老师-57945119,上海信润建设工程咨询有限公司,上海市金山区浦卫公路16299弄13号508室,孙亚龙-15921800646,孙亚龙,15921800646,,,https://www.ccgp.gov.cn/cggg/zygg/gzgg/202609/t20260907_27277475.htm,2026-09-10 09:46:50,一、项目基本情况 原公告的采购项目编号：Shxr-zfcg-2604 原公告的采购项目名称：金山区消防救援支队新建山阳站文体器材采购 首次公告日期：2026年08月26日 二、更正信息 更正事项：采购文件 更正内容： 原招标文件中，采购需求更正为： 12 赛架（卧推+深蹲）侧面带保护臂 台 2   设备框架需考虑结构稳固安全； 舒适度高，耐用性强。   投标人或制造商所投标产品具有国家体育工程重点实验室出具的体育器械表面涂层检测评定报告，且评定结果按照GB/T 9286-2021《色漆和清漆划格试验》里的脱离抗性标准进行实验，评定结果脱离抗性综合等级为0级 。 ★提供国家体育用品质量检测中心检测报告复印件加盖制造商公章。    21 屈臂侧平举飞鸟推肩一体机 台 2 设备框架采用方形管材，外观流线设计，结构稳固安全 ；不脱皮、不掉色，耐用性强。 投标人或制造商所投标产品具有国家体育工程重点实验室出具的体育器械表面涂层检测评定报告，且评定结果按照GB/T 9286-2021《色漆和清漆划格试验》里的脱离抗性标准进行实验，评定结果脱离抗性综合等级为0级。 ★提供国家体育用品质量检测中心检测报告复印件加盖制造商公章。  原招标文件开标日期更正为：开标时间：2026年09月23日09点30分（北京时间）地点：上海市金山区浦卫公路16299弄13号508楼会议室 更正日期：2026年09月07日 三、其他补充事宜 四、凡对本次公告内容提出询问，请按以下方式联系。 1.采购人信息 名 称：金山区消防救援支队 地址：金山区沪杭公路8868号 联系方式：卜老师-57945119 2.采购代理机构信息 名 称：上海信润建设工程咨询有限公司 地 址：上海市金山区浦卫公路16299弄13号508室 联系方式：孙亚龙-15921800646 3.项目联系方式 项目联系人：孙亚龙 电 话： 15921800646,公共安全,,中国政府采购网,,,default,,采购文件,,,,,,,,,
中国科学院微小卫星创新研究院环月低频射电天文台卫星子星反作用轮采购项目更正公告,变更公告,OITC-G260302325,2026年09月07日 13:59,上海市,中国科学院微小卫星创新研究院,上海市浦东新区雪洋路1号,高彦俊，021-28057000,东方国际招标有限责任公司,北京市海淀区丹棱街1号互联网金融中心20层,"陈小舫 王淑文 杨帆 赵倩,021-64717141/010-68290551/010-68290560,  xfchen@oitc.com.cn",陈小舫,021-64717141,,,https://www.ccgp.gov.cn/cggg/zygg/gzgg/202609/t20260907_27277479.htm,2026-09-10 09:46:50,"一、项目基本情况 原公告的采购项目编号：OITC-G260302325 原公告的采购项目名称：中国科学院微小卫星创新研究院环月低频射电天文台卫星子星反作用轮采购项目 首次公告日期：2026年08月27日 二、更正信息 更正事项：采购公告 更正内容： 本项目的获取招标文件时间更正为：2026年8月27日至2026年9月11日，每天上午9:00至11:00，下午13:00至17:00（北京时间，法定节假日除外）；其余内容不变。 更正日期：2026年09月07日 三、其他补充事宜 无 四、凡对本次公告内容提出询问，请按以下方式联系。 1.采购人信息 名 称：中国科学院微小卫星创新研究院 地址：上海市浦东新区雪洋路1号 联系方式：高彦俊，021-28057000 2.采购代理机构信息 名 称：东方国际招标有限责任公司 地 址：北京市海淀区丹棱街1号互联网金融中心20层 联系方式：陈小舫 王淑文 杨帆 赵倩,021-64717141/010-68290551/010-68290560, xfchen@oitc.com.cn 3.项目联系方式 项目联系人：陈小舫 王淑文 杨帆 赵倩 电 话： 021-64717141/010-68290551/010-68290560",教育培训,,中国政府采购网,,,default,,采购公告,,,,,,,,,
中国科学院微小卫星创新研究院环月低频射电天文台卫星子星光纤陀螺采购项目更正公告,变更公告,OITC-G260302323,2026年09月07日 13:59,上海市,中国科学院微小卫星创新研究院,上海市浦东新区雪洋路1号,高彦俊，021-28057000,东方国际招标有限责任公司,北京市海淀区丹棱街1号互联网金融中心20层,"陈小舫 王淑文 杨帆 赵倩,021-64717141/010-68290551/010-68290560,  xfchen@oitc.com.cn",陈小舫,021-64717141,,,https://www.ccgp.gov.cn/cggg/zygg/gzgg/202609/t20260907_27277472.htm,2026-09-10 09:46:51,"一、项目基本情况 原公告的采购项目编号：OITC-G260302323 原公告的采购项目名称：中国科学院微小卫星创新研究院环月低频射电天文台卫星子星光纤陀螺采购项目 首次公告日期：2026年08月27日 二、更正信息 更正事项：采购公告 更正内容： 本项目的获取招标文件时间更正为：2026年8月27日至2026年9月11日，每天上午9:00至11:00，下午13:00至17:00（北京时间，法定节假日除外）；其余内容不变。 更正日期：2026年09月07日 三、其他补充事宜 无 四、凡对本次公告内容提出询问，请按以下方式联系。 1.采购人信息 名 称：中国科学院微小卫星创新研究院 地址：上海市浦东新区雪洋路1号 联系方式：高彦俊，021-28057000 2.采购代理机构信息 名 称：东方国际招标有限责任公司 地 址：北京市海淀区丹棱街1号互联网金融中心20层 联系方式：陈小舫 王淑文 杨帆 赵倩,021-64717141/010-68290551/010-68290560, xfchen@oitc.com.cn 3.项目联系方式 项目联系人：陈小舫 王淑文 杨帆 赵倩 电 话： 021-64717141/010-68290551/010-68290560",教育培训,,中国政府采购网,,,default,,采购公告,,,,,,,,,
中国科学院微小卫星创新研究院ET卫星解锁机构采购项目更正公告,变更公告,OITC-G260302321,2026年09月07日 13:59,上海市,中国科学院微小卫星创新研究院,上海市浦东新区雪洋路1号,高彦俊，021-28057000,东方国际招标有限责任公司,北京市海淀区丹棱街1号互联网金融中心20层,"陈小舫 王淑文 杨帆 赵倩,021-64717141/010-68290551/010-68290560,  xfchen@oitc.com.cn",陈小舫,021-64717141,,,https://www.ccgp.gov.cn/cggg/zygg/gzgg/202609/t20260907_27277476.htm,2026-09-10 09:46:52,"一、项目基本情况 原公告的采购项目编号：OITC-G260302321 原公告的采购项目名称：中国科学院微小卫星创新研究院ET卫星解锁机构采购项目 首次公告日期：2026年08月27日 二、更正信息 更正事项：采购公告 更正内容： 本项目的获取招标文件时间更正为：2026年8月27日至2026年9月11日，每天上午9:00至11:00，下午13:00至17:00（北京时间，法定节假日除外）；其余内容不变。 更正日期：2026年09月07日 三、其他补充事宜 无 四、凡对本次公告内容提出询问，请按以下方式联系。 1.采购人信息 名 称：中国科学院微小卫星创新研究院 地址：上海市浦东新区雪洋路1号 联系方式：高彦俊，021-28057000 2.采购代理机构信息 名 称：东方国际招标有限责任公司 地 址：北京市海淀区丹棱街1号互联网金融中心20层 联系方式：陈小舫 王淑文 杨帆 赵倩,021-64717141/010-68290551/010-68290560, xfchen@oitc.com.cn 3.项目联系方式 项目联系人：陈小舫 王淑文 杨帆 赵倩 电 话： 021-64717141/010-68290551/010-68290560",教育培训,,中国政府采购网,,,default,,采购公告,,,,,,,,,
中国科学院微小卫星创新研究院eXTP卫星帆板驱动装置采购项目更正公告,变更公告,OITC-G260302345,2026年09月07日 13:59,上海市,中国科学院微小卫星创新研究院,上海市浦东新区雪洋路1号,高彦俊，021-28057000,东方国际招标有限责任公司,北京市海淀区丹棱街1号互联网金融中心20层,"陈小舫 王淑文 杨帆 赵倩,021-64717141/010-68290551/010-68290560,  xfchen@oitc.com.cn",陈小舫,021-64717141,,,https://www.ccgp.gov.cn/cggg/zygg/gzgg/202609/t20260907_27277471.htm,2026-09-10 09:46:52,"一、项目基本情况 原公告的采购项目编号：OITC-G260302345 原公告的采购项目名称：中国科学院微小卫星创新研究院eXTP卫星帆板驱动装置采购项目 首次公告日期：2026年08月27日 二、更正信息 更正事项：采购公告 更正内容： 本项目的获取招标文件时间更正为：2026年8月27日至2026年9月11日，每天上午9:00至11:00，下午13:00至17:00（北京时间，法定节假日除外）；其余内容不变。 更正日期：2026年09月07日 三、其他补充事宜 无 四、凡对本次公告内容提出询问，请按以下方式联系。 1.采购人信息 名 称：中国科学院微小卫星创新研究院 地址：上海市浦东新区雪洋路1号 联系方式：高彦俊，021-28057000 2.采购代理机构信息 名 称：东方国际招标有限责任公司 地 址：北京市海淀区丹棱街1号互联网金融中心20层 联系方式：陈小舫 王淑文 杨帆 赵倩,021-64717141/010-68290551/010-68290560, xfchen@oitc.com.cn 3.项目联系方式 项目联系人：陈小舫 王淑文 杨帆 赵倩 电 话： 021-64717141/010-68290551/010-68290560",教育培训,,中国政府采购网,,,default,,采购公告,,,,,,,,,
中国科学院微小卫星创新研究院eXTP卫星时频管理子系统采购项目更正公告,变更公告,OITC-G260302344,2026年09月07日 13:58,上海市,中国科学院微小卫星创新研究院,上海市浦东新区雪洋路1号,高彦俊，021-28057000,东方国际招标有限责任公司,北京市海淀区丹棱街1号互联网金融中心20层,"陈小舫 王淑文 杨帆 赵倩,021-64717141/010-68290551/010-68290560,  xfchen@oitc.com.cn",陈小舫,021-64717141,,,https://www.ccgp.gov.cn/cggg/zygg/gzgg/202609/t20260907_27277470.htm,2026-09-10 09:46:53,"一、项目基本情况 原公告的采购项目编号：OITC-G260302344 原公告的采购项目名称：中国科学院微小卫星创新研究院eXTP卫星时频管理子系统采购项目 首次公告日期：2026年08月27日 二、更正信息 更正事项：采购公告 更正内容： 本项目的获取招标文件时间更正为：2026年8月27日至2026年9月11日，每天上午9:00至11:00，下午13:00至17:00（北京时间，法定节假日除外）；其余内容不变。 更正日期：2026年09月07日 三、其他补充事宜 无 四、凡对本次公告内容提出询问，请按以下方式联系。 1.采购人信息 名 称：中国科学院微小卫星创新研究院 地址：上海市浦东新区雪洋路1号 联系方式：高彦俊，021-28057000 2.采购代理机构信息 名 称：东方国际招标有限责任公司 地 址：北京市海淀区丹棱街1号互联网金融中心20层 联系方式：陈小舫 王淑文 杨帆 赵倩,021-64717141/010-68290551/010-68290560, xfchen@oitc.com.cn 3.项目联系方式 项目联系人：陈小舫 王淑文 杨帆 赵倩 电 话： 021-64717141/010-68290551/010-68290560",教育培训,,中国政府采购网,,,default,,采购公告,,,,,,,,,
江苏省气候中心精细化气象灾害风险区划系统功能改造项目更正公告,变更公告,JSDY-2026F087,2026年09月07日 12:53,江苏省,江苏省气候中心,南京市建邺区雨顺路8号,汪老师 025-52698041,江苏大友招标代理咨询有限公司,南京市鼓楼区江东北路95号3楼,周工、祝工 025-69576325,周工、祝工,025-69576325,,,https://www.ccgp.gov.cn/cggg/zygg/gzgg/202609/t20260907_27277324.htm,2026-09-10 09:46:53,一、项目基本情况 原公告的采购项目编号：JSDY-2026F087 原公告的采购项目名称：江苏省气候中心精细化气象灾害风险区划系统功能改造项目 首次公告日期：2026年09月07日 二、更正信息 更正事项：采购公告 更正内容： 1.采购文件获取时间：自磋商公告发布之日起至2026年09月11日上午9：30-11：30，下午14：00-17：00止（北京时间，法定节假日除外）更正为采购文件获取时间：自磋商公告发布之日起至2026年09月14日上午9：30-11：30，下午14：00-17：00止（北京时间，法定节假日除外）2.响应文件提交截至时间：2026年09月16日14点00分-14点30分更正为2026年09月18日14点00分-14点30分3.开启时间：2026年09月16日14点30分更正为2026年09月18日14点30分 更正日期：2026年09月07日 三、其他补充事宜 四、凡对本次公告内容提出询问，请按以下方式联系。 1.采购人信息 名 称：江苏省气候中心 地址：南京市建邺区雨顺路8号 联系方式：汪老师 025-52698041 2.采购代理机构信息 名 称：江苏大友招标代理咨询有限公司 地 址：南京市鼓楼区江东北路95号3楼 联系方式：周工、祝工 025-69576325 3.项目联系方式 项目联系人：周工、祝工 电 话： 025-69576325,工程建设,,中国政府采购网,,,default,,采购公告,,,,,,,,,
广东税务2024年不间断电源购买项目采购更正公告（第一次）,变更公告,GPCGD25C500HG208F.,2026年09月07日 12:21,广东省,国家税务总局广东省税务局,广东省广州市天河区花城大道767号,传真37990977,广东省政府采购中心,广东省广州市越秀区越华路112号珠江国际大厦3楼,020-83187191/sczx3@gd.gov.cn,王工,020-83187191,广东税务2024年不间断电源购买项目（GPCGD25C500HG208F.20260907002）-文件集.zip,"[{""attach_name"": ""广东税务2024年不间断电源购买项目（GPCGD25C500HG208F.20260907002）-文件集.zip"", ""attach_url"": ""https://download.ccgp.gov.cn/oss/download?uuid=32EBBCED22B509BCAE52C5B4CCAB37""}]",https://www.ccgp.gov.cn/cggg/zygg/gzgg/202609/t20260907_27277228.htm,2026-09-10 09:46:54,一、项目基本情况 原公告的采购项目编号：GPCGD25C500HG208F. 原公告的采购项目名称：广东税务2024年不间断电源购买项目 首次公告日期：2026年08月26日 二、更正信息 更正事项：采购文件 更正内容： 原公告的投标文件提交截止时间：2026-09-18 09:30:00，更正为：2026-10-09 09:30:00。原公告的开标时间：2026-09-18 09:30:00，更正为：2026-10-09 09:30:00。1.原文件第21页增加：“9.现场踏勘安排：采购人将统一组织现场勘察，投标人法定代表人或投标人授权代表（不超过2人），在规定的时间内自愿前往现场踏勘。集中时间：2026年9月9日10:00集中地点： 广东省广州市天河区汇景南路10号联系人： 谭工联系电话：13719289594踏勘期间请各投标人参加勘察的人员按要求携带身份证原件及身份证复印件（一份）、法定代表人证明函原件（或投标人授权委托书原件）。”2.原文件第26页现场踏勘：由“不组织”更正为：“组织”。其他内容不变 更正日期：2026年09月07日 三、其他补充事宜 更正公告为原采购公告、原采购文件不可分割的部分，原采购公告、原采购文件相应条款与本公告有不一致之处，以本公告为准。请供应商务必按照更正后的内容编制投标/响应文件，本公告发布，视同书面通知所有潜在供应商。 四、凡对本次公告内容提出询问，请按以下方式联系。 1.采购人信息 名 称：国家税务总局广东省税务局 地址：广东省广州市天河区花城大道767号 联系方式：传真37990977 2.采购代理机构信息 名 称：广东省政府采购中心 地 址：广东省广州市越秀区越华路112号珠江国际大厦3楼 联系方式：020-83187191/sczx3@gd.gov.cn 3.项目联系方式 项目联系人：王工 电 话： 020-83187191/sczx3@gd.gov.cn,其他,,中国政府采购网,,,default,,采购文件,,,,,,,,,
中华人民共和国友谊关出入境边防检查站2026-2027年度社会化保障服务采购项目更正公告,变更公告,CZ2026-G3-003-DCZX,2026年09月07日 11:47,凭祥市,中华人民共和国友谊关出入境边防检查站,广西凭祥市南大路326号,刘警官  0771-8520889,广西大成项目咨询有限公司,广西崇左市新城路鸿都大厦4楼,陈铎文  0771-7886187,陈铎文,0771-7886187,,,https://www.ccgp.gov.cn/cggg/zygg/gzgg/202609/t20260907_27276924.htm,2026-09-10 09:46:55,一、项目基本情况 原公告的采购项目编号：CZ2026-G3-003-DCZX 原公告的采购项目名称：中华人民共和国友谊关出入境边防检查站2026-2027年度社会化保障服务采购项目 首次公告日期：2026年09月01日 二、更正信息 更正事项：采购公告 更正内容： 序号 更正项 更正前内容 更正后内容 1 招标公告→一、项目基本情况 6.采购需求： 中华人民共和国友谊关出入境边防检查站2026-2027年度社会化保障服务采购项目，包含站机关(凭祥市区)、执勤三队营区(友谊关口岸)、浦寨分站站部、弄尧分站站部和平而关分站站部5个营区的社会化保障服务。配套的公建有:配电房、保卫室、水泵房、电梯间、健身房等配套设施设备。如需进一步了解详细内容，具体内容详见招标文件。 6.采购需求： 中华人民共和国友谊关出入境边防检查站2026-2027年度社会化保障服务采购项目，包含站机关(凭祥市区)、执勤三队营区(友谊关口岸)、浦寨分站站部、弄尧分站站部和平而关分站站部5个营区的社会化保障服务（物业服务和餐饮服务）。 配套的公建有:配电房、保卫室、水泵房、电梯间、健身房等配套设施设备。如需进一步了解详细内容，具体内容详见招标文件。 2 招标公告→三、获取招标文件 1.时间：2026年9月1日至2026年9月8日，每天上午8:00至12:00，下午15:00至18:00（北京时间，法定节假日除外） 1.时间：2026年9月2日至2026年9月8日，每天上午8:00至12:00，下午15:00至18:00（北京时间，法定节假日除外） 更正日期：2026年09月07日 三、其他补充事宜 中国政府采购网（https://www.ccgp.gov.cn）、中国采购与招标网（http://www.chinabidding.com.cn） 四、凡对本次公告内容提出询问，请按以下方式联系。 1.采购人信息 名 称：中华人民共和国友谊关出入境边防检查站 地址：广西凭祥市南大路326号 联系方式： 刘警官 0771-8520889 2.采购代理机构信息 名 称：广西大成项目咨询有限公司 地 址：广西崇左市新城路鸿都大厦4楼 联系方式：陈铎文 0771-7886187 3.项目联系方式 项目联系人：陈铎文 电 话： 0771-7886187,能源电力,,中国政府采购网,,,default,,采购公告,,,,,,,,,
张家界市消防救援支队指挥中心智能接处警系统升级改造项目更正公告,变更公告,JFZB2026-030,2026年09月07日 11:45,张家界市,张家界市消防救援支队,张家界市永定区南武路81号,向先生  17774475009,张家界金府招投标代理有限公司,张家界市永定区站前路1号（张家界第一建筑设计有限公司综合服务中心五楼）,李先生  0744-8543308/18627442898,李先生,0744-8543308,中小企业申明函.docx,"[{""attach_name"": ""中小企业申明函.docx"", ""attach_url"": ""https://download.ccgp.gov.cn/oss/download?uuid=6425F76EF4D27364D147BFC6BFF145""}]",https://www.ccgp.gov.cn/cggg/zygg/gzgg/202609/t20260907_27276902.htm,2026-09-10 09:46:56,一、项目基本情况 原公告的采购项目编号：JFZB2026-030 原公告的采购项目名称：张家界市消防救援支队指挥中心智能接处警系统升级改造项目竞争性谈判公告 首次公告日期：2026年09月03日 二、更正信息 更正事项：采购公告 更正内容： 原《中小企业申明函》附件中：属于建筑业行业，现修改为：其他未列明行业。其他内容不变。 更正日期：2026年09月07日 三、其他补充事宜 无 四、凡对本次公告内容提出询问，请按以下方式联系。 1.采购人信息 名 称：张家界市消防救援支队 地址：张家界市永定区南武路81号 联系方式：向先生 17774475009 2.采购代理机构信息 名 称：张家界金府招投标代理有限公司 地 址：张家界市永定区站前路1号（张家界第一建筑设计有限公司综合服务中心五楼） 联系方式：李先生 0744-8543308/18627442898 3.项目联系方式 项目联系人：李先生 电 话： 0744-8543308/18627442898,公共安全,,中国政府采购网,,,default,,采购公告,,,,,,,,,
国家体育总局射击射箭运动管理中心2026至2027年度猪肉类采购更正公告,变更公告,XHTC-FW-2026-1400,2026年09月07日 11:40,北京市,国家体育总局射击射箭运动管理中心,北京市石景山区香山南路103号院内,15010124903,新华招标有限公司,北京市海淀区莲花池东路39号西金大厦8层810,王延举010-63905946,王延举,010-63905946,,,https://www.ccgp.gov.cn/cggg/zygg/gzgg/202609/t20260907_27276865.htm,2026-09-10 09:46:56,一、项目基本情况 原公告的采购项目编号：XHTC-FW-2026-1400 原公告的采购项目名称：国家体育总局射击射箭运动管理中心2026至2027年度猪肉类采购 首次公告日期：2026年08月28日 二、更正信息 更正事项：采购文件 更正内容： 1.原竞争性磋商文件第一部分 磋商邀请 三、获取采购文件时间：2026年8月28日至2026年9月4日，每天上午09:30至12:00，下午13:00至16:00 (北京时间，法定节假日除外)四、响应文件提交截止时间：2026年9月8日14:00 (北京时间)五、开启时间：2026年9月8日14:00（北京时间）现修改为：1.竞争性磋商文件第一部分 磋商邀请三、获取采购文件时间：2026年8月28日至2026年9月14日，每天上午09:30至12:00，下午13:00至16:00 (北京时间，法定节假日除外)四、响应文件提交截止时间：2026年9月21日14:00 (北京时间)五、开启时间：2026年9月21日14:00（北京时间） 2.原竞争性磋商文件第二部分 磋商前附表8、响应文件递交截止时间、地点 14.1 接收响应文件截止时间：2026年9月8日14:00（北京时间）9、磋商时间、地点 15.2 磋商时间：2026年9月8日14:00（北京时间）现修改为：2.竞争性磋商文件第二部分 磋商前附表8、响应文件递交截止时间、地点 14.1 接收响应文件截止时间：2026年9月21日14:00（北京时间）9、磋商时间、地点 15.2 磋商时间：2026年9月21日14:00（北京时间） 相关修改按此执行，其他内容不变。 更正日期：2026年09月07日 三、其他补充事宜 / 四、凡对本次公告内容提出询问，请按以下方式联系。 1.采购人信息 名 称：国家体育总局射击射箭运动管理中心 地址：北京市石景山区香山南路103号院内 联系方式：15010124903 2.采购代理机构信息 名 称：新华招标有限公司 地 址：北京市海淀区莲花池东路39号西金大厦8层810 联系方式：王延举010-63905946 3.项目联系方式 项目联系人：王延举 电 话： 010-63905946,文化旅游,2026-09-08 14:00,中国政府采购网,,,default,,采购文件,,,,,,,,,
生态环境部环境规划院河北区域土壤及地下水调查监测井建设服务更正公告,变更公告,FT24017-2,2026年09月07日 11:00,石景山区,生态环境部环境规划院,北京市石景山区实兴大街 15 号院,李老师，010-89658145,北京中昌工程咨询有限公司,北京市朝阳区劲松三区甲302号华腾大厦21、24层,陈伟祎，010-56866986,陈伟祎,010-56866986,,,https://www.ccgp.gov.cn/cggg/zygg/gzgg/202609/t20260907_27276512.htm,2026-09-10 09:46:57,一、项目基本情况 原公告的采购项目编号：FT24017-2 原公告的采购项目名称：生态环境部环境规划院河北区域土壤及地下水调查监测井建设服务 首次公告日期：2026年09月04日 二、更正信息 更正事项：采购公告 更正内容： 1.投标截止时间、开标时间由“2026年9月25日9点00分”更正为“2026年9月29日9点00分”。2.其他内容不变。   更正日期：2026年09月07日 三、其他补充事宜 / 四、凡对本次公告内容提出询问，请按以下方式联系。 1.采购人信息 名 称：生态环境部环境规划院 地址：北京市石景山区实兴大街 15 号院 联系方式：李老师，010-89658145 2.采购代理机构信息 名 称：北京中昌工程咨询有限公司 地 址：北京市朝阳区劲松三区甲302号华腾大厦21、24层 联系方式：陈伟祎，010-56866986 3.项目联系方式 项目联系人：陈伟祎 电 话： 010-56866986,水利环保,,中国政府采购网,,,default,,采购公告,,,,,,,,,
生态环境部环境规划院河北区域土壤及地下水调查样品检测技术服务（第一包）更正公告,变更公告,FT24017-3,2026年09月07日 11:00,石景山区,生态环境部环境规划院,北京市石景山区实兴大街 15 号院,李老师，010-89658145,北京中昌工程咨询有限公司,北京市朝阳区劲松三区甲302号华腾大厦21、24层,陈伟祎，010-56866986,陈伟祎,010-56866986,,,https://www.ccgp.gov.cn/cggg/zygg/gzgg/202609/t20260907_27276514.htm,2026-09-10 09:46:58,一、项目基本情况 原公告的采购项目编号：FT24017-3 原公告的采购项目名称：生态环境部环境规划院河北区域土壤及地下水调查样品检测技术服务（第一包） 首次公告日期：2026年09月04日 二、更正信息 更正事项：采购公告 更正内容： 1.投标截止时间、开标时间由“2026年9月25日14点00分”更正为“2026年9月29日14点00分”。2.其他内容不变。 更正日期：2026年09月07日 三、其他补充事宜 / 四、凡对本次公告内容提出询问，请按以下方式联系。 1.采购人信息 名 称：生态环境部环境规划院 地址：北京市石景山区实兴大街 15 号院 联系方式：李老师，010-89658145 2.采购代理机构信息 名 称：北京中昌工程咨询有限公司 地 址：北京市朝阳区劲松三区甲302号华腾大厦21、24层 联系方式：陈伟祎，010-56866986 3.项目联系方式 项目联系人：陈伟祎 电 话： 010-56866986,水利环保,,中国政府采购网,,,default,,采购公告,,,,,,,,,
生态环境部环境规划院河北区域土壤及地下水调查样品检测技术服务（第二包）更正公告,变更公告,FT24017-4,2026年09月07日 10:59,石景山区,生态环境部环境规划院,北京市石景山区实兴大街 15 号院,李老师，010-89658145,北京中昌工程咨询有限公司,北京市朝阳区劲松三区甲302号华腾大厦21、24层,陈伟祎，010-56866986,陈伟祎,010-56866986,,,https://www.ccgp.gov.cn/cggg/zygg/gzgg/202609/t20260907_27276487.htm,2026-09-10 09:46:58,一、项目基本情况 原公告的采购项目编号：FT24017-4 原公告的采购项目名称：生态环境部环境规划院河北区域土壤及地下水调查样品检测技术服务（第二包） 首次公告日期：2026年09月04日 二、更正信息 更正事项：采购公告 更正内容： 1.投标截止时间、开标时间由“2026年9月25日14点00分”更正为“2026年9月29日14点00分”。2.其他内容不变。 更正日期：2026年09月07日 三、其他补充事宜 / 四、凡对本次公告内容提出询问，请按以下方式联系。 1.采购人信息 名 称：生态环境部环境规划院 地址：北京市石景山区实兴大街 15 号院 联系方式：李老师，010-89658145 2.采购代理机构信息 名 称：北京中昌工程咨询有限公司 地 址：北京市朝阳区劲松三区甲302号华腾大厦21、24层 联系方式：陈伟祎，010-56866986 3.项目联系方式 项目联系人：陈伟祎 电 话： 010-56866986,水利环保,,中国政府采购网,,,default,,采购公告,,,,,,,,,
国家体育总局体育器材装备中心代表团装备保障与良乡基地仓储代管综合服务采购更正公告,变更公告,0701-264104350214,2026年09月07日 10:49,北京市,国家体育总局体育器材装备中心,北京市东城区体育馆路3号,田嘉琦87182632,中技国际招标有限公司,北京市丰台区西营街1号院通用时代中心C座8层813室,李悦杨、宋佳、刘子璐、郭振海、高子皓、路亚男、燕冬梅、孙思懿、吴晶晶、汪锴（010-81168670、8287、13811024262、18610895715）,李悦杨、宋佳、刘子璐、郭振海,010-81168670、8287、13811024262、1861089571,"变更公告.docx,更正后招标公告.pdf","[{""attach_name"": ""变更公告.docx"", ""attach_url"": ""https://download.ccgp.gov.cn/oss/download?uuid=7E366D28A781431841DD9428853944""}, {""attach_name"": ""更正后招标公告.pdf"", ""attach_url"": ""https://download.ccgp.gov.cn/oss/download?uuid=A97192A870EAC1DB1C5974083FEF28""}]",https://www.ccgp.gov.cn/cggg/zygg/gzgg/202609/t20260907_27276362.htm,2026-09-10 09:46:59,一、项目基本情况 原公告的采购项目编号：0701-264104350214 原公告的采购项目名称：国家体育总局体育器材装备中心代表团装备保障与良乡基地仓储代管综合服务采购 首次公告日期：2026年08月28日 二、更正信息 更正事项：采购公告 更正内容： 采购公告招标文件发售时间延长（以及招标文件中相同内容）更正前：招标文件发售时间：从2026年8月31日上午9:00起到2026年9月4日下午16:00时止。更正后：         招标文件发售时间：从2026年8月31日上午9:00起到2026年9月18日下午16:00时止。 更正日期：2026年09月04日 三、其他补充事宜 更正公告为原采购公告、原采购文件不可分割的部分，原采购公告、原采购文件相应条款与本公告有不一致之处，以本公告为准。请供应商务必按照更正后的内容编制投标/响应文件，本公告发布，视同书面通知所有潜在供应商。 四、凡对本次公告内容提出询问，请按以下方式联系。 1.采购人信息 名 称：国家体育总局体育器材装备中心 地址：北京市东城区体育馆路3号 联系方式：田嘉琦87182632 2.采购代理机构信息 名 称：中技国际招标有限公司 地 址：北京市丰台区西营街1号院通用时代中心C座8层813室 联系方式：李悦杨、宋佳、刘子璐、郭振海、高子皓、路亚男、燕冬梅、孙思懿、吴晶晶、汪锴（010-81168670、8287、13811024262、18610895715） 3.项目联系方式 项目联系人：李悦杨、宋佳、刘子璐、郭振海、高子皓、路亚男、燕冬梅、孙思懿、吴晶晶、汪锴 电 话： 010-81168670、8287、13811024262、18610895715,文化旅游,,中国政府采购网,,,default,,采购公告,,,,,,,,,
中国民用航空局国际合作服务中心办公自动化(OA)系统建设项目更正公告,变更公告,0748-2611CA1101GQ,2026年09月07日 10:39,北京市,中国民用航空局国际合作服务中心,北京市东城区南竹竿胡同2号11幢11层51209室,胡旭 ；010-58297381,中航材国际招标有限公司,北京市顺义区天祥路6号院北京东航中心2号楼8层,晨歌、赵雅妮；010-84384865；zhaoyani@casc.com.cn,晨歌、赵雅妮,010-84384865,,,https://www.ccgp.gov.cn/cggg/zygg/gzgg/202609/t20260907_27276245.htm,2026-09-10 09:47:00,一、项目基本情况 原公告的采购项目编号：0748-2611CA1101GQ 原公告的采购项目名称：中国民用航空局国际合作服务中心办公自动化(OA)系统建设项目竞争性磋商公告 首次公告日期：2026年09月07日 二、更正信息 更正事项：采购公告 更正内容： “三、获取采购文件时间变更为：2026年09月07日至2026年09月14日（磋商文件的发售期限自开始之日起不得少于5个工作日），每天上午09:00至11:00，14:00至16:00（北京时间，法定节假日除外）四、响应文件提交截止时间变更为：2026年9月18日9点30分（北京时间）五、开启时间变更为：2026年9月18日9点30分（北京时间）”  更正日期：2026年09月07日 三、其他补充事宜 其他内容不变。 四、凡对本次公告内容提出询问，请按以下方式联系。 1.采购人信息 名 称：中国民用航空局国际合作服务中心 地址：北京市东城区南竹竿胡同2号11幢11层51209室 联系方式：胡旭 ；010-58297381 2.采购代理机构信息 名 称：中航材国际招标有限公司 地 址：北京市顺义区天祥路6号院北京东航中心2号楼8层 联系方式：晨歌、赵雅妮；010-84384865；zhaoyani@casc.com.cn 3.项目联系方式 项目联系人：晨歌、赵雅妮 电 话： 010-84384865,其他,,中国政府采购网,,,default,,采购公告,,,,,,,,,
退役军人事务部烈保中心办公用房租赁项目更正公告,变更公告,TYB-LBZX2026-001,2026年09月07日 10:24,北京市,退役军人事务部烈士纪念设施保护中心（退役军人事务部烈士遗骸搜寻鉴定中心）,北京市东城区,"朱老师    010-89658659（工作日8:00-12:00,14:00-17:00）",北京中外建工程管理有限公司,北京市丰台区福宜街5号院1号楼新时代国际中心15层,沈丹蕊    13552763735,沈丹蕊,13552763735,,,https://www.ccgp.gov.cn/cggg/zygg/gzgg/202609/t20260907_27276132.htm,2026-09-10 09:47:00,"一、项目基本情况 原公告的采购项目编号：TYB-LBZX2026-001 原公告的采购项目名称：退役军人事务部烈保中心办公用房租赁项目 首次公告日期：2026年08月21日 二、更正信息 更正事项：采购文件 更正内容： 一、提交投标文件截止时间、开标时间延期至2026年09月23日09点30分（北京时间）二、已向各投标人电子邮箱发放本项目答疑文件1号，请各投标人自行察看并下载相关内容。 更正日期：2026年09月07日 三、其他补充事宜 无 四、凡对本次公告内容提出询问，请按以下方式联系。 1.采购人信息 名 称：退役军人事务部烈士纪念设施保护中心（退役军人事务部烈士遗骸搜寻鉴定中心） 地址：北京市东城区 联系方式：朱老师 010-89658659（工作日8:00-12:00,14:00-17:00） 2.采购代理机构信息 名 称：北京中外建工程管理有限公司 地 址：北京市丰台区福宜街5号院1号楼新时代国际中心15层 联系方式：沈丹蕊 13552763735 3.项目联系方式 项目联系人：沈丹蕊 电 话： 13552763735",服务外包,,中国政府采购网,,,default,,采购文件,,,,,,,,,
国家检察官学院物业服务采购项目更正公告,变更公告,GC-FGX260923,2026年09月07日 09:10,市辖区,国家检察官学院,昌平百沙路9号,010-61719228,中央国家机关政府采购中心,西章胡同9号院,010-83083702,,010-61719228,国家检察官学院物业服务采购项目变更文件.pdf,"[{""attach_name"": ""国家检察官学院物业服务采购项目变更文件.pdf"", ""attach_url"": ""https://download.ccgp.gov.cn/oss/download?uuid=485017cd-ef59-4095-a932-8ea177""}]",https://www.ccgp.gov.cn/cggg/zygg/gzgg/202609/t20260907_27275609.htm,2026-09-10 09:47:00,国家检察官学院物业服务采购项目更正公告 一、项目基本情况 1．项目编号：GC-FGX260923 2．项目名称：国家检察官学院物业服务采购项目 3．首次公告日期：2026年9月2日 二、更正信息 1. 更正事项： 采购公告 2. 更正内容： 1、项目概述明确三种状态的具体情况说明；2、人员配置明细表，配电室明确已配备智能远程值班系统，可替代一部分岗位工作量；3、服务保障条件内容修改。请重新下载文件。 3. 更正日期： 2026年9月7日 三、获取变更文件 1．时间：5个工作日 2．地点：中央政府采购网（http://www.zycg.gov.cn） 3．方式：在线下载 4．售价：免费 四、公告期限 自本公告发布之日起5个工作日，公告期限届满后获取变更文件的，获取时间以公告期限届满之日为准。 五、凡对本次公告内容提出询问，请按以下方式联系 1．采购人信息 名 称：国家检察官学院 地 址：北京市北京市昌平区昌平百沙路9号 联系方式：010-61719228 2．采购执行机构信息 名 称：中央国家机关政府采购中心 地 址：北京市西城区西直门内大街西章胡同9号院 邮政编码：100035 联系方式：详见http://www.zycg.gov.cn/home/contactus 3．项目联系方式 文件联系人及电话： 卢昀灿灿 010-55602722 徐婧婧 010-83084953 六、附件 1.国家检察官学院物业服务采购项目变更文件 中央国家机关政府采购中心 2026年9月7日,教育培训,,中国政府采购网,,,default,,,,,,,,,,,
南京农业大学滨江校区二期工程学生宿舍组团（一）项目标段一电梯采购及安装,变更公告,JBFJ2500966-05HWGH,2026年09月07日 09:00,南京市江北新区,南京农业大学,江苏省南京市江北新区滨江大道 666号,刘老师025-84395896,南京科谨工程管理咨询有限责任公司,南京市建邺区广聚路33号25层2505,章硕欣025-83231931,章硕欣,025-83231931,,,https://www.ccgp.gov.cn/cggg/zygg/gzgg/202609/t20260907_27275571.htm,2026-09-10 09:47:01,一、项目基本情况 原公告的采购项目编号：JBFJ2500966-05HWGH 原公告的采购项目名称：南京农业大学滨江校区二期工程学生宿舍组团（一）项目标段一电梯采购及安装公开招标公告 首次公告日期：2026年08月31日 二、更正信息 更正事项：采购文件 更正内容： 厅门尺寸（高*宽mm）调整为2200×1200，具体详见招标文件第六章供货要求。 更正日期：2026年09月04日 三、其他补充事宜 详见：https://njggzy.nanjing.gov.cn/njweb/gchw/070001/20260904/acfdd0ee-9c27-432f-9f52-42cb7f809bd1.html 四、凡对本次公告内容提出询问，请按以下方式联系。 1.采购人信息 名 称：南京农业大学 地址：江苏省南京市江北新区滨江大道 666号 联系方式：刘老师025-84395896 2.采购代理机构信息 名 称：南京科谨工程管理咨询有限责任公司 地 址：南京市建邺区广聚路33号25层2505 联系方式：章硕欣025-83231931 3.项目联系方式 项目联系人：章硕欣 电 话： 025-83231931,教育培训,,中国政府采购网,,,default,,采购文件,,,,,,,,,
南京农业大学滨江校区二期工程学生宿舍组团(二)项目标段一电梯采购与安装澄清修改公告,变更公告,JBFJ2500965-05HWGH,2026年09月07日 09:00,南京市江北新区,南京农业大学,江苏省南京市江北新区滨江大道666号,025-84395896,江苏省招标中心有限公司,南京市鼓楼区郑和中路118号1605室,胡工，15050541813,胡钰钊,15050541813,,,https://www.ccgp.gov.cn/cggg/zygg/gzgg/202609/t20260907_27275573.htm,2026-09-10 09:47:02,一、项目基本情况 原公告的采购项目编号：JBFJ2500965-05HWGH 原公告的采购项目名称：南京农业大学滨江校区二期工程学生宿舍组团(二)项目标段一电梯采购与安装 首次公告日期：2026年08月31日 二、更正信息 更正事项：采购文件 更正内容： 一、澄清修改内容第六章供货要求“二、一般技术要求”中无机房电梯、无障碍电梯DT5-1、DT5-6、无机房电梯DT5-3、DT5-4、无机房电梯、担架电梯DT5-2、DT-5的厅门尺寸（高*宽mm），均修改为“2200×1200”。详见修改后招标文件。二、其他说明（1）对招标文件所作的澄清、修改，构成招标文件的组成部分，未按澄清、修改后的招标文件编制投标文件的，由此造成的后果由投标人自行承担。（2）本项目投标截止时间为：2026年09月21日 09:30 未改变。 更正日期：2026年09月04日 三、其他补充事宜 无 四、凡对本次公告内容提出询问，请按以下方式联系。 1.采购人信息 名 称：南京农业大学 地址： 江苏省南京市江北新区滨江大道666号 联系方式：025-84395896 2.采购代理机构信息 名 称：江苏省招标中心有限公司 地 址：南京市鼓楼区郑和中路118号1605室 联系方式：胡工，15050541813 3.项目联系方式 项目联系人：胡钰钊 电 话： 15050541813,教育培训,,中国政府采购网,,,default,,采购文件,,,,,,,,,
湖北国际旅行卫生保健中心（武汉海关口岸门诊部）2026年试剂耗材采购更正公告（第二次）,变更公告,HBT-204126127-266589,2026年09月06日 19:20,东湖高新区,湖北国际旅行卫生保健中心（武汉海关口岸门诊部）,武汉市东湖高新技术开发区高新大道 430 号,汤部长 50187663,湖北省招标股份有限公司,武汉市武昌区中北路108号兴业银行大厦五层,李彦豪、陈芳铭、田翠 027-87716883,李彦豪、陈芳铭、田翠,027-87716883,项目采购需求.pdf,"[{""attach_name"": ""项目采购需求.pdf"", ""attach_url"": ""https://download.ccgp.gov.cn/oss/download?uuid=41EF3D6B7925FF98504853A31DF528""}]",https://www.ccgp.gov.cn/cggg/zygg/gzgg/202609/t20260906_27275344.htm,2026-09-10 09:47:02,一、项目基本情况 原公告的采购项目编号：HBT-204126127-266589 原公告的采购项目名称：湖北国际旅行卫生保健中心（武汉海关口岸门诊部）2026年试剂耗材采购 首次公告日期：2026年08月24日 二、更正信息 更正事项：采购文件 更正内容： 一、原招标公告中“四、提交投标文件截止时间、开标时间和地点1.2026年9月16日09点30分（北京时间）2.地点：武汉市武昌区中北路108号兴业银行大厦五层开标评标室（二 ）”变更为：“四、提交投标文件截止时间、开标时间和地点1.2026年9月22日09点30分（北京时间）2.地点：武汉市武昌区中北路108号兴业银行大厦五层开标评标室（十一 ）”二、原招标文件中“第三章 项目采购需求中”中的“三、采购标的需满足的数量、质量、安全、技术规格、物理特性等要求”中的“第一包：湖北国际旅行卫生保健中心（武汉海关口岸门诊部）2026年试剂耗材采购（一）；试剂耗材配送清单（一）”和“第二包：湖北国际旅行卫生保健中心（武汉海关口岸门诊部）2026年试剂耗材采购（二）；试剂耗材配送清单（二）”有变更，具体详见附件：“项目采购需求”。 更正日期：2026年09月06日 三、其他补充事宜 招标文件其他相同地方均对应修改。 四、凡对本次公告内容提出询问，请按以下方式联系。 1.采购人信息 名 称：湖北国际旅行卫生保健中心（武汉海关口岸门诊部） 地址：武汉市东湖高新技术开发区高新大道 430 号 联系方式：汤部长 50187663 2.采购代理机构信息 名 称：湖北省招标股份有限公司 地 址：武汉市武昌区中北路108号兴业银行大厦五层 联系方式：李彦豪、陈芳铭、田翠 027-87716883 3.项目联系方式 项目联系人：李彦豪、陈芳铭、田翠 电 话： 027-87716883,医疗卫生,,中国政府采购网,,,default,,采购文件,,,,,,,,,
福建省森林消防总队南昌消防救援机动支队综合楼改造项目更正公告,变更公告,SRXNCG-20260826-001,2026年09月05日 17:27,南昌市,福建省森林消防总队,江西省南昌市新建区望城镇三联村甲 1 号,林先生 18805020522,上饶星诺工程管理有限公司,江西省上饶市鄱阳县鄱阳镇奥林雅苑1幢1单元2层201号,程先生 15270080020,程先生,15270080020,南昌消防救援机动支队综合楼改造项目变更公告.pdf,"[{""attach_name"": ""南昌消防救援机动支队综合楼改造项目变更公告.pdf"", ""attach_url"": ""https://download.ccgp.gov.cn/oss/download?uuid=F25A416DEDB79CF84EE060C3A23055""}]",https://www.ccgp.gov.cn/cggg/zygg/gzgg/202609/t20260905_27274362.htm,2026-09-10 09:47:03,一、项目基本情况 原公告的采购项目编号：SRXNCG-20260826-001 原公告的采购项目名称：南昌消防救援机动支队综合楼改造项目竞争性磋商采购公告 首次公告日期：2026年08月28日 二、更正信息 更正事项：采购文件 更正内容： 南昌消防救援机动支队综合楼改造项目招标变更公告各潜在投标人：本项目 南昌消防救援机动支队综合楼改造项目（项目编号： SRXNCG-20260826-001）于 2026年 8月 28 日在中国政府采购网发布招标公告（招标文件）。现对原公告/招标文件内容作出变更，变更内容如下：一、变更内容 原内容 变更后内容 核心人员配置： ①岗位齐全性（4分）：     配备施工员、质量员、安全员、材料员4类关键岗位人员，且均持对应岗位证书得4分；    美缺1类岗位或1人无证扣1分；    缺2类及以上岗位或2人及以上无证得0分。 评审依据：①施工员、质量员、安全员、材料员岗位证书复印件加盖公章及员证书及开标前6个月内任意一个月的社保缴纳证明）。 注：该评分项与技术部分‘项目负责人’‘技术负责人’及商务部分“1.项目经理资质与业绩”提供的人员不得重复，否则不予重复计分。 核心人员配置： ①岗位齐全性（4分）：     配备施工员、质量员、安全员、材料员4类关键岗位人员，且均持对应岗位证书得4分；    每缺1类岗位或1人无证扣1分；    缺2类及以上岗位或2人及以上无证得0分。 评审依据：①施工员、质量员、安全员、材料员岗位证书复印件加盖公章及员证书及开标前6个月内任意一个月的社保缴纳证明）。 注：该评分项与技术部分‘项目负责人’‘技术负责人’及商务部分“1.项目经理资质与业绩”提供的人员不得重复，否则不予重复计分。 一、磋商响应书 根据贵方为(项目名称)项目通过竞争性磋商采购货物和服务的文件(项目编号)，签字代表(姓名、职务)经正式授权并代表我方(单位名称、地址)提交下述文件正本一份及副本两份: 一、磋商响应书 根据贵方为(项目名称)项目通过竞争性磋商采购货物和服务的文件(项目编号)，签字代表(姓名、职务)经正式授权并代表我方(单位名称、地址)提交下述文件正本一份及副本三份:  二、新增内容：新增九、磋商保证金凭证及退还保证金的信息(格式)三、其他说明本变更公告为 南昌消防救援机动支队综合楼改造项目 招标文件的组成部分，与原招标公告、招标文件具有同等法律效力；除本次变更内容外，原招标公告、招标文件其余内容不变；若变更内容影响潜在投标人编制投标文件，投标人可依法提出疑问；本次变更公告在 中国政府采购网 发布，请各潜在投标人自行关注，因未及时查看造成的后果自行承担。 更正日期：2026年09月05日 三、其他补充事宜 四、凡对本次公告内容提出询问，请按以下方式联系。 1.采购人信息 名 称：福建省森林消防总队 地址：江西省南昌市新建区望城镇三联村甲 1 号 联系方式：林先生 18805020522 2.采购代理机构信息 名 称：上饶星诺工程管理有限公司 地 址：江西省上饶市鄱阳县鄱阳镇奥林雅苑1幢1单元2层201号 联系方式：程先生 15270080020 3.项目联系方式 项目联系人： 程先生 电 话： 15270080020,公共安全,,中国政府采购网,,,default,,采购文件,,,,,,,,,
中国地质大学（武汉）资源学院固体矿产勘查国家级实验教学示范中心偏反光显微镜及显微成像系统采购项目（第二次）更正公告（二）,变更公告,,2026年09月05日 16:06,武汉市,中国地质大学（武汉）,武汉市洪山区鲁磨路388号,陈老师 027-67886485；技术联系人：江老师13387650830,中科器湖北有限公司,武汉东湖新技术开发区高新大道666号A20栋(中国医疗器械有限公司)国药大厦10楼,王玉洁、刘志轩、胡苏明、陈伟、刘国奇、陈文静；027-84888156 转856,王玉洁、刘志轩、胡苏明、陈伟,027-84888156转856,更正公告附件.pdf,"[{""attach_name"": ""更正公告附件.pdf"", ""attach_url"": ""https://download.ccgp.gov.cn/oss/download?uuid=5B1CE7C14C50B1FCAFCA01F96A9A81""}]",https://www.ccgp.gov.cn/cggg/zygg/gzgg/202609/t20260905_27274047.htm,2026-09-10 09:47:03,一、项目基本情况 原公告的采购项目编号：（地大编号：DDCG-20261027）ZKQ2026-061406259ZF(H) 原公告的采购项目名称：中国地质大学（武汉）资源学院固体矿产勘查国家级实验教学示范中心偏反光显微镜及显微成像系统采购项目（第二次） 首次公告日期：2026年08月16日 二、更正信息 更正事项：采购文件 更正内容： 详见附件内容 更正日期：2026年09月05日 三、其他补充事宜 无 四、凡对本次公告内容提出询问，请按以下方式联系。 1.采购人信息 名 称：中国地质大学（武汉） 地址：武汉市洪山区鲁磨路388号 联系方式：陈老师 027-67886485；技术联系人：江老师13387650830 2.采购代理机构信息 名 称：中科器湖北有限公司 地 址：武汉东湖新技术开发区高新大道666号A20栋(中国医疗器械有限公司)国药大厦10楼 联系方式：王玉洁、刘志轩、胡苏明、陈伟、刘国奇、陈文静；027-84888156 转856 3.项目联系方式 项目联系人：王玉洁、刘志轩、胡苏明、陈伟、刘国奇、陈文静 电 话： 027-84888156 转856,教育培训,,中国政府采购网,,,default,,采购文件,,,,,,,,,
南京大学试验卫星天基大面阵相机更正公告,变更公告,GZH2602369,2026年09月05日 14:48,江苏省,南京大学,南京市栖霞区仙林大道163号,胡老师 025-89688969,南京苏宁工程咨询有限公司,南京市鼓楼区中山路99号12楼,张薇025-84207240,张薇,025-84207240,,,https://www.ccgp.gov.cn/cggg/zygg/gzgg/202609/t20260905_27273874.htm,2026-09-10 09:47:04,一、项目基本情况 原公告的采购项目编号：GZH2602369（SNZX-20260802） 原公告的采购项目名称：南京大学试验卫星天基大面阵相机 首次公告日期：2026年08月25日 二、更正信息 更正事项：采购公告 更正内容： 原公告开标时间：2026年9月7日9:30，报价文件开始接收时间：2026年9月7日9时00分，报价文件接收截止时间：2026年9月7日9时30分。更正为：开标时间：2026年9月15日16:30，报价文件开始接收时间：2026年9月15日16时00分，报价文件接收截止时间：2026年9月15日16时30分。 更正日期：2026年09月05日 三、其他补充事宜 无 四、凡对本次公告内容提出询问，请按以下方式联系。 1.采购人信息 名 称：南京大学 地址：南京市栖霞区仙林大道163号 联系方式：胡老师 025-89688969 2.采购代理机构信息 名 称：南京苏宁工程咨询有限公司 地 址：南京市鼓楼区中山路99号12楼 联系方式：张薇025-84207240 3.项目联系方式 项目联系人：张薇 电 话： 025-84207240,教育培训,2026-09-07 09:30,中国政府采购网,,,default,,采购公告,,,,,,,,,
吉林大学危险废弃物处理服务更正公告,变更公告,JLU-WT26233,2026年09月05日 11:39,长春市,吉林大学,吉林省长春市前进大街2699号,李老师  0431-85167309,中峪国际项目管理有限公司,长春市经开区浦东路12号虹湾国际A座15层,袁新桐  17767728616、18686601880,袁新桐,17767728616,,,https://www.ccgp.gov.cn/cggg/zygg/gzgg/202609/t20260905_27273627.htm,2026-09-10 09:47:05,一、项目基本情况 原公告的采购项目编号：JLU-WT26233 原公告的采购项目名称：吉林大学危险废弃物处理服务 首次公告日期：2026年09月04日 二、更正信息 更正事项：采购文件 更正内容： 删除招标文件中资格要求关于“供应商近三年（2023年-至今）内供应商、法定代表人未在“中国裁判文书网”（https://wenshu.court.gov.cn/）有行贿犯罪记录”的要求。其他内容不变。 更正日期：2026年09月05日 三、其他补充事宜 发布公告媒介：中国政府采购网、吉林大学招标与采购管理中心网站 四、凡对本次公告内容提出询问，请按以下方式联系。 1.采购人信息 名 称：吉林大学 地址：吉林省长春市前进大街2699号 联系方式：李老师 0431-85167309 2.采购代理机构信息 名 称：中峪国际项目管理有限公司 地 址：长春市经开区浦东路12号虹湾国际A座15层 联系方式：袁新桐 17767728616、18686601880 3.项目联系方式 项目联系人：袁新桐 电 话： 17767728616,教育培训,,中国政府采购网,,,default,,采购文件,,,,,,,,,
哈尔滨工业大学质子剂量学矩阵测量系统更正公告,变更公告,HITZB-2026000074,2026年09月05日 11:19,哈尔滨市,哈尔滨工业大学,哈尔滨市南岗区西大直街92号,0451-86417955,忱义工程项目管理有限公司,黑龙江省哈尔滨市群力新区丽江路3936号银泰城写字楼27层,刘女士 18946185481,刘女士,18946185481,更正公告----HITZB-2026000074哈尔滨工业大学质子剂量学矩阵测量系统9.5(2).docx,"[{""attach_name"": ""更正公告----HITZB-2026000074哈尔滨工业大学质子剂量学矩阵测量系统9.5(2).docx"", ""attach_url"": ""https://download.ccgp.gov.cn/oss/download?uuid=202464DEC6E5EE727EE54D96EB0678""}]",https://www.ccgp.gov.cn/cggg/zygg/gzgg/202609/t20260905_27273582.htm,2026-09-10 09:47:05,一、项目基本情况 原公告的采购项目编号：HITZB-2026000074 原公告的采购项目名称：哈尔滨工业大学质子剂量学矩阵测量系统 首次公告日期：2026年09月02日 二、更正信息 更正事项：采购公告 更正内容： 1.本项目（是/否）专门面向中小企业：否；2. 获取招标文件截止时间更正为2026年09月11日16时30分;3. 提交投标文件截止时间、开标时间及保证金递交截止时间变更为: 2026年09月28日09时30分。4. 请已经获取招标文件的投标人在中招联合招标采购平台重新下载招标文件。  更正日期：2026年09月05日 三、其他补充事宜 无 四、凡对本次公告内容提出询问，请按以下方式联系。 1.采购人信息 名 称：哈尔滨工业大学 地址：哈尔滨市南岗区西大直街92号 联系方式：0451-86417955 2.采购代理机构信息 名 称：忱义工程项目管理有限公司 地 址：黑龙江省哈尔滨市群力新区丽江路3936号银泰城写字楼27层 联系方式：刘女士 18946185481 3.项目联系方式 项目联系人：刘女士 电 话： 18946185481,教育培训,,中国政府采购网,,,default,,采购公告,,,,,,,,,
兰州铁路公安局武威公安处2026年国庆慰问品采购项目更正公告,变更公告,GSTDH-ZFCG-57,2026年09月04日 22:06,武威市,兰州铁路公安局武威公安处,武威市凉州区武南镇,高治山19893134152,甘肃天地合工程项目管理有限公司,甘肃省兰州市城关区南滨河东路5198号（名城广场）2号楼529号,张工18893253691,张工,18893253691,兰州铁路公安局武威公安处2026年国庆慰问品采购项目-第1标段招标文件（PDF版）.pdf,"[{""attach_name"": ""兰州铁路公安局武威公安处2026年国庆慰问品采购项目-第1标段招标文件（PDF版）.pdf"", ""attach_url"": ""https://download.ccgp.gov.cn/oss/download?uuid=F36BBE18DB1670C73123A72DDEB893""}]",https://www.ccgp.gov.cn/cggg/zygg/gzgg/202609/t20260904_27272869.htm,2026-09-10 09:47:06,一、项目基本情况 原公告的采购项目编号：GSTDH-ZFCG-57 原公告的采购项目名称：兰州铁路公安局武威公安处2026年国庆慰问品采购项目 首次公告日期：2026年09月01日 二、更正信息 更正事项：采购文件 更正内容： 原采购文件中第三章、第二部分投标函填写有误，具体内容详见澄清文件。 更正日期：2026年09月04日 三、其他补充事宜 无 四、凡对本次公告内容提出询问，请按以下方式联系。 1.采购人信息 名 称：兰州铁路公安局武威公安处 地址：武威市凉州区武南镇 联系方式：高治山19893134152 2.采购代理机构信息 名 称：甘肃天地合工程项目管理有限公司 地 址：甘肃省兰州市城关区南滨河东路5198号（名城广场）2号楼529号 联系方式：张工18893253691 3.项目联系方式 项目联系人：张工 电 话： 18893253691,公共安全,,中国政府采购网,,,default,,采购文件,,,,,,,,,
ZYCGR22011901设备工业视觉体系设计规范服务采购项目（第二次）更正公告,变更公告,OITC-G260600283-1,2026年09月04日 21:53,广州市,zycgr22011901,广东省广州市海珠区广州国际生物岛星岛环北路9号,位老师020-89806606（6057）,东方国际招标有限责任公司,北京市海淀区丹棱街1号互联网金融中心20层,迟兆洋、叶明、林杨婷、王宸极、李飒020-87001523、0769-26627023,迟兆洋、叶明、林杨婷、王宸极,020-87001523、0769-26627023,0283-1商务要求更正稿.docx,"[{""attach_name"": ""0283-1商务要求更正稿.docx"", ""attach_url"": ""https://download.ccgp.gov.cn/oss/download?uuid=BEF80A63A985BA5BB4D48DCAE02FCA""}]",https://www.ccgp.gov.cn/cggg/zygg/gzgg/202609/t20260904_27272842.htm,2026-09-10 09:47:07,一、项目基本情况 原公告的采购项目编号：OITC-G260600283-1 原公告的采购项目名称：ZYCGR22011901设备工业视觉体系设计规范服务采购项目（第二次） 首次公告日期：2026年09月01日 二、更正信息 更正事项：采购文件 更正内容： 1、获取招标文件截止时间延长至2026年9月11日17：00（北京时间，法定节假日除外）；2、本项目商务要求更正稿详见附件；3、其他均不变。 更正日期：2026年09月04日 三、其他补充事宜 无 四、凡对本次公告内容提出询问，请按以下方式联系。 1.采购人信息 名 称：zycgr22011901 地址：广东省广州市海珠区广州国际生物岛星岛环北路9号 联系方式：位老师020-89806606（6057） 2.采购代理机构信息 名 称：东方国际招标有限责任公司 地 址：北京市海淀区丹棱街1号互联网金融中心20层 联系方式：迟兆洋、叶明、林杨婷、王宸极、李飒020-87001523、0769-26627023 3.项目联系方式 项目联系人：迟兆洋、叶明、林杨婷、王宸极、李飒 电 话： 020-87001523、0769-26627023（电话若一时无人接听请发邮件ytlin@oitc.com.cn、mye@oitc.com.cn 咨询，我司会及时回复）,设备购置,,中国政府采购网,,,default,,采购文件,,,,,,,,,
中国科学院微小卫星创新研究院ET卫星光学基准板更正公告,变更公告,ZC26G220287,2026年09月04日 21:27,上海市,中国科学院微小卫星创新研究院,上海市浦东新区雪洋路1号,廖名传  021-20857000,中招工业发展（北京）有限公司,北京市海淀区皂君庙14号院9号楼1至5层,李静  010-87139662,李静,010-87139662,,,https://www.ccgp.gov.cn/cggg/zygg/gzgg/202609/t20260904_27272785.htm,2026-09-10 09:47:07,一、项目基本情况 原公告的采购项目编号：ZC26G220287 原公告的采购项目名称：ET卫星光学基准板 首次公告日期：2026年08月28日 二、更正信息 更正事项：采购公告 更正内容： 延长招标文件购买截止时间至2026年9月11日17:00时。 更正日期：2026年09月04日 三、其他补充事宜 无。 四、凡对本次公告内容提出询问，请按以下方式联系。 1.采购人信息 名 称：中国科学院微小卫星创新研究院 地址：上海市浦东新区雪洋路1号 联系方式：廖名传 021-20857000 2.采购代理机构信息 名 称：中招工业发展（北京）有限公司 地 址：北京市海淀区皂君庙14号院9号楼1至5层 联系方式：李静 010-87139662 3.项目联系方式 项目联系人：李静 电 话： 010-87139662,教育培训,,中国政府采购网,,,default,,采购公告,,,,,,,,,
中国科学院微小卫星创新研究院ET卫星数传分系统部组件研制更正公告,变更公告,ZC26G220294,2026年09月04日 21:27,上海市,中国科学院微小卫星创新研究院,上海市浦东新区雪洋路1号,廖名传  021-20857000,中招工业发展（北京）有限公司,北京市海淀区皂君庙14号院9号楼1至5层,李静  010-87139662,李静,010-87139662,,,https://www.ccgp.gov.cn/cggg/zygg/gzgg/202609/t20260904_27272788.htm,2026-09-10 09:47:08,一、项目基本情况 原公告的采购项目编号：ZC26G220294 原公告的采购项目名称：ET卫星数传分系统部组件研制 首次公告日期：2026年08月28日 二、更正信息 更正事项：采购公告 更正内容： 延长招标文件购买截止时间至2026年9月11日17:00时。 更正日期：2026年09月04日 三、其他补充事宜 无。 四、凡对本次公告内容提出询问，请按以下方式联系。 1.采购人信息 名 称：中国科学院微小卫星创新研究院 地址：上海市浦东新区雪洋路1号 联系方式：廖名传 021-20857000 2.采购代理机构信息 名 称：中招工业发展（北京）有限公司 地 址：北京市海淀区皂君庙14号院9号楼1至5层 联系方式：李静 010-87139662 3.项目联系方式 项目联系人：李静 电 话： 010-87139662,教育培训,,中国政府采购网,,,default,,采购公告,,,,,,,,,
中国科学院微小卫星创新研究院ET卫星电源子系统研制更正公告,变更公告,ZC26G220297,2026年09月04日 21:27,上海市,中国科学院微小卫星创新研究院,上海市浦东新区雪洋路1号,廖名传  021-20857000,中招工业发展（北京）有限公司,北京市海淀区皂君庙14号院9号楼1至5层,李静  010-87139662,李静,010-87139662,,,https://www.ccgp.gov.cn/cggg/zygg/gzgg/202609/t20260904_27272786.htm,2026-09-10 09:47:08,一、项目基本情况 原公告的采购项目编号：ZC26G220297 原公告的采购项目名称：ET卫星电源子系统研制 首次公告日期：2026年08月28日 二、更正信息 更正事项：采购公告 更正内容： 延长招标文件购买截止时间至2026年9月11日17:00时。 更正日期：2026年09月04日 三、其他补充事宜 无。 四、凡对本次公告内容提出询问，请按以下方式联系。 1.采购人信息 名 称：中国科学院微小卫星创新研究院 地址：上海市浦东新区雪洋路1号 联系方式：廖名传 021-20857000 2.采购代理机构信息 名 称：中招工业发展（北京）有限公司 地 址：北京市海淀区皂君庙14号院9号楼1至5层 联系方式：李静 010-87139662 3.项目联系方式 项目联系人：李静 电 话： 010-87139662,教育培训,,中国政府采购网,,,default,,采购公告,,,,,,,,,
中南地区（南宁）空中交通管制能力提升基础设施建设工程备用自动化系统采购更正公告,变更公告,0748-2612CA3040DK,2026年09月04日 20:44,南宁市,中国民用航空中南地区空中交通管理局,广州市机场路南云东街3号,赖先生 020-86125325,中航材国际招标有限公司,北京市顺义区天祥路6号院北京东航中心2号楼8层,赵金倩、董壁莹 19121072242,赖先生,020-86125325,,,https://www.ccgp.gov.cn/cggg/zygg/gzgg/202609/t20260904_27272667.htm,2026-09-10 09:47:09,一、项目基本情况 原公告的采购项目编号：0748-2612CA3040DK 原公告的采购项目名称：中南地区（南宁）空中交通管制能力提升基础设施建设工程备用自动化系统采购货物采购招标公告 首次公告日期：2026年08月12日 二、更正信息 更正事项：采购公告 更正内容： 原投标文件递交的截止时间（投标截止时间，下同）为2026-9-3   9:30:00现投标文件递交的截止时间（投标截止时间，下同）为2026-9-16   9:30:00其他内容不变 更正日期：2026年08月25日 三、其他补充事宜 该项目为民航专业工程项目，适用招标投标法、招标投标法实施条例、民航专业工程建设项目招标投标管理办法。本招标公告仅为同步发布，具体详见民航专业工程建设项目招标投标管理系统。 四、凡对本次公告内容提出询问，请按以下方式联系。 1.采购人信息 名 称：中国民用航空中南地区空中交通管理局 地址：广州市机场路南云东街3号 联系方式：赖先生 020-86125325 2.采购代理机构信息 名 称：中航材国际招标有限公司 地 址：北京市顺义区天祥路6号院北京东航中心2号楼8层 联系方式：赵金倩、董壁莹 19121072242 3.项目联系方式 项目联系人：赖先生 电 话： 020-86125325,工程建设,,中国政府采购网,,,default,,采购公告,,,,,,,,,
zycgr21071302超导加速器测控系统更正公告,变更公告,STC26A396,2026年09月04日 20:43,上海市,zycgr21071302,上海市,杨老师 021-20538775,上海中招招标有限公司,上海市静安区恒丰路600号5楼C座,吴小晶、朱昌丽 021-66275357、021-66279718 crystal_wxjing@163.com、zhuchangliv@sina.cn,吴小晶、朱昌丽,021-66275357、021-66279718,,,https://www.ccgp.gov.cn/cggg/zygg/gzgg/202609/t20260904_27272661.htm,2026-09-10 09:47:10,一、项目基本情况 原公告的采购项目编号：STC26A396 原公告的采购项目名称：zycgr21071302超导加速器测控系统公开招标公告 首次公告日期：2026年08月20日 二、更正信息 更正事项：采购公告 更正内容： 本项目投标截止时间和开标时间延期至：2026年9月17日9:30。其余不变。 更正日期：2026年09月04日 三、其他补充事宜 四、凡对本次公告内容提出询问，请按以下方式联系。 1.采购人信息 名 称：zycgr21071302 地址：上海市 联系方式：杨老师 021-20538775 2.采购代理机构信息 名 称：上海中招招标有限公司 地 址：上海市静安区恒丰路600号5楼C座 联系方式：吴小晶、朱昌丽 021-66275357、021-66279718 crystal_wxjing@163.com、zhuchangliv@sina.cn 3.项目联系方式 项目联系人：吴小晶、朱昌丽 电 话： 021-66275357、021-66279718,其他,,中国政府采购网,,,default,,采购公告,,,,,,,,,
济宁高新技术产业开发区消防救援大队副食品配送采购项目更正公告,变更公告,SDZG-2026-HW-037,2026年09月04日 19:38,高新区,济宁高新技术产业开发区消防救援大队,山东省济宁市高新区同济路119号,张明明：15864974078,山东中广项目管理咨询有限公司,济宁市任城区阜桥街道洸河路48号银河大厦七楼,刘辰雪 ：13176763344,刘辰雪,13176763344,,,https://www.ccgp.gov.cn/cggg/zygg/gzgg/202609/t20260904_27272340.htm,2026-09-10 09:47:10,一、项目基本情况 原公告的采购项目编号：SDZG-2026-HW-037 原公告的采购项目名称：济宁高新技术产业开发区消防救援大队副食品配送采购项目（二次） 首次公告日期：2026年08月26日 二、更正信息 更正事项：采购公告 更正内容：  1、原采购文件时间：开标时间2026年09月07日09时30分（北京时间）变更为：开标时间2026年09月10日09时30分（北京时间）更正日期：2026年09月04日 更正日期：2026年09月04日 三、其他补充事宜 无 四、凡对本次公告内容提出询问，请按以下方式联系。 1.采购人信息 名 称：济宁高新技术产业开发区消防救援大队 地址：山东省济宁市高新区同济路119号 联系方式：张明明：15864974078 2.采购代理机构信息 名 称：山东中广项目管理咨询有限公司 地 址：济宁市任城区阜桥街道洸河路48号银河大厦七楼 联系方式：刘辰雪 ：13176763344 3.项目联系方式 项目联系人：刘辰雪 电 话： 13176763344,公共安全,,中国政府采购网,,,default,,采购公告,,,,,,,,,
德庆县消防救援大队官圩镇农村基础设施安全工程更正公告,变更公告,ZQCGJZ2026001,2026年09月04日 19:19,德庆县,德庆县消防救援大队,德庆县新圩镇香山大道东4号,詹阳阳0758-7733119,广东建咨工程管理有限公司,佛山市南海区城街道夏南路61号创越时代文化创意园4号楼920室,招工18998593935,招工,18998593935,,,https://www.ccgp.gov.cn/cggg/zygg/gzgg/202609/t20260904_27272238.htm,2026-09-10 09:47:11,一、项目基本情况 原公告的采购项目编号：ZQCGJZ2026001 原公告的采购项目名称：官圩镇农村基础设施安全工程 首次公告日期：2026年09月04日 二、更正信息 更正事项：采购公告 更正内容： 原响应文件递交截止 / 开标时间：2026年9月14日09:30原响应文件递交地点：肇庆市端州三路24号（即肇庆市公共资源交易中心）303室现作如下变更：1、磋商响应文件递交截止及开标时间变更为：2026年9月16日09:30（北京时间）。2、响应文件递交地点：肇庆市端州三路24号（即肇庆市公共资源交易中心）301室除上述变更外，磋商文件其余内容不变。本公告为磋商文件组成部分，具有同等法律效力，如有冲突以本公告为准。 更正日期：2026年09月04日 三、其他补充事宜 四、凡对本次公告内容提出询问，请按以下方式联系。 1.采购人信息 名 称：德庆县消防救援大队 地址：德庆县新圩镇香山大道东4号 联系方式：詹阳阳0758-7733119 2.采购代理机构信息 名 称：广东建咨工程管理有限公司 地 址：佛山市南海区城街道夏南路61号创越时代文化创意园4号楼920室 联系方式：招工18998593935 3.项目联系方式 项目联系人：招工 电 话： 18998593935,公共安全,,中国政府采购网,,,default,,采购公告,,,,,,,,,
天津大学保卫处2026年双校区安防改造项目采购项目更正公告,变更公告,TDZC2026N0120,2026年09月04日 19:08,天津市,天津大学,天津市南开区卫津路92号,巩老师、蔡老师022-27407504（招标办）,天津滨德招标代理有限公司,天津市河东区九纬路103号万泰大厦10层,郝均璐、王萌、杨姣姣、郝文杰022-24213608,郝均璐、王萌、杨姣姣、郝文杰,022-24213608,【更正公告附件】更正公告确认函.docx,"[{""attach_name"": ""【更正公告附件】更正公告确认函.docx"", ""attach_url"": ""https://download.ccgp.gov.cn/oss/download?uuid=914C16FEA0A54001EF891073A8CB5E""}]",https://www.ccgp.gov.cn/cggg/zygg/gzgg/202609/t20260904_27272178.htm,2026-09-10 09:47:12,一、项目基本情况 原公告的采购项目编号：TDZC2026N0120 原公告的采购项目名称：天津大学保卫处2026年双校区安防改造项目采购项目 首次公告日期：2026年08月27日 二、更正信息 更正事项：采购文件 更正内容： 1.投标文件的递交截止时间更正为（北京时间）：2026年9月20日上午9:30。2.开标时间更正为：2026年9月20日上午9:30。3.招标文件第四章 用户需求书二、技术要求第2包：视频智能分析预警及人员聚档平台：第11项原文： 11 硬盘录像机 否 套 1 1.支持≥32路H.264、H.265格式高清码流接入。 2.支持≥8个SATA接口，可满配8TB硬盘；实配≥块8TB硬盘。 3.支持≥16个人脸库，库容≥5万张人脸图片。 4.支持≥2路视频流人脸识别，支持≥8路图片流人脸识别。 5.目标识别应用：目标比对报警，1V1比对；支持以图搜图、按姓名检索、按属性检索。  更正为： 11 硬盘录像机 否 台 6 1.支持≥32路H.264、H.265格式高清码流接入。 2.支持≥8个SATA接口，可满配8TB硬盘；每台实配≥5块8TB硬盘。 3.支持≥16个人脸库，库容≥5万张人脸图片。 4.支持≥2路视频流人脸识别，支持≥8路图片流人脸识别。 5.目标识别应用：目标比对报警，1V1比对；支持以图搜图、按姓名检索、按属性检索。  4.招标文件第六章  投标文件格式二、开标一览表第2包“硬盘录像机”数量1套更正为6台。 更正日期：2026年09月04日 三、其他补充事宜 请各投标人在收到更正公告后，将“更正公告确认函”附在投标文件中，并将加盖单位公章的“更正公告确认函”扫描件发至zb@tjbd666.com邮箱。招标文件与本公告有不符之处，以本公告为准，本公告未涉及内容仍以招标文件为准。 四、凡对本次公告内容提出询问，请按以下方式联系。 1.采购人信息 名 称：天津大学 地址：天津市南开区卫津路92号 联系方式：巩老师、蔡老师022-27407504（招标办） 2.采购代理机构信息 名 称：天津滨德招标代理有限公司 地 址：天津市河东区九纬路103号万泰大厦10层 联系方式：郝均璐、王萌、杨姣姣、郝文杰022-24213608 3.项目联系方式 项目联系人：郝均璐、王萌、杨姣姣、郝文杰 电 话： 022-24213608,教育培训,,中国政府采购网,,,default,,采购文件,,,,,,,,,
华中师范大学高性能电子测量仪器采购项目更正公告,变更公告,HSAWT01-20260195,2026年09月04日 18:14,湖北省,华中师范大学,武汉市洪山区珞喻路152号,张老师；027-67862880,上海中世建设咨询有限公司,武汉市武昌区中北路86号汉街总部国际B座508室,熊赣、王帆、董娜、丁一；027-86602235-812、027-86602235-802；xionggan@cwcc.net.cn,熊赣、王帆、董娜、丁一,027-86602235-812、027-86602235-802,,,https://www.ccgp.gov.cn/cggg/zygg/gzgg/202609/t20260904_27271662.htm,2026-09-10 09:47:12,一、项目基本情况 原公告的采购项目编号：招案2026-2799（华师校内项目编号：HSAWT01-20260195） 原公告的采购项目名称：华中师范大学高性能电子测量仪器采购项目 首次公告日期：2026年08月17日 二、更正信息 更正事项：采购文件 更正内容： 经招标人确认，本项目包件4的采购需求将进行调整，本项目包件4提交投标文件截止时间、开标时间做延期处理，调整后的招标文件及提交投标文件截止时间、开标时间将另行公告。  更正日期：2026年09月04日 三、其他补充事宜 本项目包件1、包件2、包件3情况不变。 四、凡对本次公告内容提出询问，请按以下方式联系。 1.采购人信息 名 称：华中师范大学 地址：武汉市洪山区珞喻路152号 联系方式：张老师；027-67862880 2.采购代理机构信息 名 称：上海中世建设咨询有限公司 地 址：武汉市武昌区中北路86号汉街总部国际B座508室 联系方式：熊赣、王帆、董娜、丁一；027-86602235-812、027-86602235-802；xionggan@cwcc.net.cn 3.项目联系方式 项目联系人：熊赣、王帆、董娜、丁一 电 话： 027-86602235-812、027-86602235-802,教育培训,,中国政府采购网,,,default,,采购文件,,,,,,,,,
甘肃某单位2026年度至2027年度餐厅食品采购项目更正公告,变更公告,TQ-2026-GS25-A001,2026年09月04日 18:12,兰州市,SPD-08,甘肃省兰州市,刘英杰0931-5157230,甘肃安易工程咨询有限公司,甘肃省兰州市七里河区西园街道上西园438-30号第一层002室,王亚龙15193134560,王亚龙,15193134560,"甘肃某单位2026年度至2027年度餐厅食品采购项目-第1标段招标文件（PDF版）.pdf,甘肃某单位2026年度至2027年度餐厅食品采购项目-第2标段招标文件（PDF版）.pdf","[{""attach_name"": ""甘肃某单位2026年度至2027年度餐厅食品采购项目-第1标段招标文件（PDF版）.pdf"", ""attach_url"": ""https://download.ccgp.gov.cn/oss/download?uuid=450B1833999310B1E2B3B5D9404CF5""}, {""attach_name"": ""甘肃某单位2026年度至2027年度餐厅食品采购项目-第2标段招标文件（PDF版）.pdf"", ""attach_url"": ""https://download.ccgp.gov.cn/oss/download?uuid=64DDEFEE5757BD7330B0CB15B761AB""}]",https://www.ccgp.gov.cn/cggg/zygg/gzgg/202609/t20260904_27271633.htm,2026-09-10 09:47:13,一、项目基本情况 原公告的采购项目编号：TQ-2026-GS25-A001 原公告的采购项目名称：甘肃某单位2026年度至2027年度餐厅食品采购项目 首次公告日期：2026年08月31日 二、更正信息 更正事项：采购文件 更正内容： 招标文件中投标函有误。（具体详见更正后招标文件） 更正日期：2026年09月04日 三、其他补充事宜 无 四、凡对本次公告内容提出询问，请按以下方式联系。 1.采购人信息 名 称：SPD-08 地址：甘肃省兰州市 联系方式：刘英杰0931-5157230 2.采购代理机构信息 名 称：甘肃安易工程咨询有限公司 地 址：甘肃省兰州市七里河区西园街道上西园438-30号第一层002室 联系方式：王亚龙15193134560 3.项目联系方式 项目联系人：王亚龙 电 话： 15193134560,工程建设,,中国政府采购网,,,default,,采购文件,,,,,,,,,
中华人民共和国昆明出入境边防检查站2026年度食堂给养器材采购项目成交结果公告终止公告,变更公告,GR26A207QHJ0001,2026年09月04日 18:09,云南省,中华人民共和国昆明出入境边防检查站,云南省昆明市官渡区长水国际机场机场西一路,吴警官0871-67094111,云南冠睿咨询有限公司,云南省昆明市西山区万达广场南塔32层3201号,陈沿锦、祝欣、丁传觐、王国玺、吴翊、汪怡含、邓楚卿、蒋兴杰、李腾芳、王彦飞、肖枝莲、刘晓云、张振荣、杨益鑫、戚玮薇0871-65511240、0871-65511241,陈沿锦、祝欣、丁传觐、王国玺,0871-65511240、0871-65511241,,,https://www.ccgp.gov.cn/cggg/zygg/gzgg/202609/t20260904_27271592.htm,2026-09-10 09:47:14,一、项目基本情况 原公告的采购项目编号：GR26A207QHJ0001 原公告的采购项目名称：中华人民共和国昆明出入境边防检查站2026年度食堂给养器材采购项目 首次公告日期：2026年09月02日 二、更正信息 更正事项：采购结果 更正内容： 由中华人民共和国昆明出入境边防检查站委托云南冠睿咨询有限公司组织的“中华人民共和国昆明出入境边防检查站2026年度食堂给养器材采购项目”（项目编号：GR26A207QHJ0001）竞争性谈判项目，于2026年08月27日完成评审工作，评审结束后，采购人、采购代理机构发现谈判小组未按照采购文件规定的评定成交的标准进行评审。参照《政府采购非招标采购方式管理办法》第二十一条“除资格性审查认定错误和价格计算错误外，采购人或者采购代理机构不得以任何理由组织重新评审。采购人、采购代理机构发现谈判小组、询价小组未按照采购文件规定的评定成交的标准进行评审的，应当重新开展采购活动，并同时书面报告本级财政部门。”的规定，经研究决定，本项目重新开展采购活动。 更正日期：2026年09月04日 三、其他补充事宜 在此，谨对积极参与本项目的供应商表示衷心感谢！ 四、凡对本次公告内容提出询问，请按以下方式联系。 1.采购人信息 名 称：中华人民共和国昆明出入境边防检查站 地址：云南省昆明市官渡区长水国际机场机场西一路 联系方式：吴警官0871-67094111 2.采购代理机构信息 名 称：云南冠睿咨询有限公司 地 址：云南省昆明市西山区万达广场南塔32层3201号 联系方式：陈沿锦、祝欣、丁传觐、王国玺、吴翊、汪怡含、邓楚卿、蒋兴杰、李腾芳、王彦飞、肖枝莲、刘晓云、张振荣、杨益鑫、戚玮薇0871-65511240、0871-65511241 3.项目联系方式 项目联系人：陈沿锦、祝欣、丁传觐、王国玺、吴翊、汪怡含、邓楚卿、蒋兴杰、李腾芳、王彦飞、肖枝莲、刘晓云、张振荣、杨益鑫、戚玮薇 电 话： 0871-65511240、0871-65511241,服务外包,,中国政府采购网,,,default,,采购结果,,,,,,,,,
清华大学附属中学数字孪生综合系统建设项目更正公告,变更公告,,2026年09月04日 18:08,北京市,清华大学,北京市海淀区清华园,周老师，010-62789532,新华招标有限公司,北京市海淀区莲花池东路39号西金大厦8层,张骏 010-63905815,刁玉蕊、张骏,010-63905815、010-63905973,清华大学附属中学数字孪生综合系统建设项目更正公告.pdf,"[{""attach_name"": ""清华大学附属中学数字孪生综合系统建设项目更正公告.pdf"", ""attach_url"": ""https://download.ccgp.gov.cn/oss/download?uuid=EB9357D17DDA70C49D731F49F014C8""}]",https://www.ccgp.gov.cn/cggg/zygg/gzgg/202609/t20260904_27271594.htm,2026-09-10 09:47:14,一、项目基本情况 原公告的采购项目编号：清采招第20260343号/XHTC-FW-2026-1500 原公告的采购项目名称：清华大学附属中学数字孪生综合系统建设项目 首次公告日期：2026年08月17日 二、更正信息 更正事项：采购文件 更正内容： 原招标文件中第一章 投标邀请，四、提交投标文件截止时间、开标时间和地点投标截止时间、开标时间：2026年9月7日13点30分（北京时间）现修改为：投标截止时间、开标时间：另行通知 更正日期：2026年09月04日 三、其他补充事宜 相关修改按此执行，其余不变，特此公告。本公告同时在中国政府采购网和清华大学采购信息发布平台上发布。公告期限:自本公告发布之日起1个工作日。 四、凡对本次公告内容提出询问，请按以下方式联系。 1.采购人信息 名 称：清华大学 地址：北京市海淀区清华园 联系方式：周老师，010-62789532 2.采购代理机构信息 名 称：新华招标有限公司 地 址：北京市海淀区莲花池东路39号西金大厦8层 联系方式：张骏 010-63905815 3.项目联系方式 项目联系人：刁玉蕊、张骏 电 话： 010-63905815、010-63905973,教育培训,,中国政府采购网,,,default,,采购文件,,,,,,,,,
自然资源部南海生态中心2026-2027年船舶租赁服务（采购包1）中标结果调整公告,变更公告,GZGK26C746C0746Z,2026年09月04日 17:47,广东省,国家海洋局南海环境监测中心,广州市新港西路155号24栋,020-89024833,广东国科招标有限公司,广州市先烈中路100号科学院大院9号楼东座2楼（中国广州分析测试中心对面）,罗小姐、李小姐，020-37674721，020-87688847,罗小姐、李小姐,020-37674721，020-87688847,中小企业声明函-东海.pdf,"[{""attach_name"": ""中小企业声明函-东海.pdf"", ""attach_url"": ""https://download.ccgp.gov.cn/oss/download?uuid=B106D774CFBA745D3DC4EB381F7DBD""}]",https://www.ccgp.gov.cn/cggg/zygg/gzgg/202609/t20260904_27271237.htm,2026-09-10 09:47:15,"一、项目基本情况 原公告的采购项目编号：GZGK26C746C0746Z 原公告的采购项目名称：自然资源部南海生态中心2026-2027年船舶租赁服务 首次公告日期：2026年08月10日 二、更正信息 更正事项：采购结果 更正内容： 采购包一：供应商名称：湛江维海海洋工程服务有限公司供应商地址： 湛江市麻章区湖光快线88号科技创新大厦4层404室中标（成交）金额： 中标人名称 船舶（作业）类型 船舶级别 计价单位 航行、作业船舶租金 单价投标报价（元） 湛江维海海洋工程服务有限公司 海洋调查用船 300（含）~500（含）吨级 每艘船舶每天日租费 ¥19,000.00 500（不含）~600（含）吨级 ¥22,000.00 600（不含）~800（含）吨级 ¥30,000.00 海流观测类用船 （注：以从码头出发至返回码头为一个潮次） 船长15（含）~18（不含）米、功率100（含）~120（不含）千瓦 每艘船舶单潮次租费 ¥83,00.00 船长18（含）~30（不含）米，功率120（含）~300（不含）千瓦 ¥12,000.00 船长大于或等于30米，功率大于或等于300千瓦 ¥13,800.00  调整为三、中标（成交）信息采购包一：供应商名称：湛江市东海广兴船务有限公司供应商地址：广东省湛江市赤坎区调顺路20号中标（成交）金额： 中标人名称 船舶（作业）类型 船舶级别 计价单位 航行、作业船舶租金 单价投标报价（元） 湛江市东海广兴船务有限公司 海洋调查用船 300（含）~500（含）吨级 每艘船舶每天日租费 ￥20,400.00 500（不含）~600（含）吨级 ￥29,000.00 600（不含）~800（含）吨级 ￥38,000.00 海流观测类用船 （注：以从码头出发至返回码头为一个潮次） 船长15（含）~18（不含）米、功率100（含）~120（不含）千瓦 每艘船舶单潮次租费 ￥9,000.00 船长18（含）~30（不含）米，功率120（含）~300（不含）千瓦 ￥13,000.00 船长大于或等于30米，功率大于或等于300千瓦 ￥15,000.00  更正日期：2026年09月04日 三、其他补充事宜 / 四、凡对本次公告内容提出询问，请按以下方式联系。 1.采购人信息 名 称：国家海洋局南海环境监测中心 地址：广州市新港西路155号24栋 联系方式：020-89024833 2.采购代理机构信息 名 称：广东国科招标有限公司 地 址：广州市先烈中路100号科学院大院9号楼东座2楼（中国广州分析测试中心对面） 联系方式：罗小姐、李小姐，020-37674721，020-87688847 3.项目联系方式 项目联系人：罗小姐、李小姐 电 话： 020-37674721，020-87688847",水利环保,,中国政府采购网,,,default,,采购结果,,,,,,,,,
中华人民共和国青岛出入境边防检查站印刷、展板类服务采购项目更正公告,变更公告,HYHAQD2026-0471,2026年09月04日 17:44,青岛市,中华人民共和国青岛出入境边防检查站,青岛市市南区宁夏路276号,董警官 0532-57752020,海逸恒安项目管理有限公司,青岛市崂山区香岭路1号资源博雅广场3号楼2203室,于志洋、曹丽娜 0532-85761207,于志洋、曹丽娜,0532-85761207,,,https://www.ccgp.gov.cn/cggg/zygg/gzgg/202609/t20260904_27271191.htm,2026-09-10 09:47:15,一、项目基本情况 原公告的采购项目编号：HYHAQD2026-0471 原公告的采购项目名称：中华人民共和国青岛出入境边防检查站印刷、展板类服务采购项目竞争性磋商公告 首次公告日期：2026年08月26日 二、更正信息 更正事项：采购公告 更正内容： 本项目开标时间及响应文件提交截止时间延期至2026年9月10日下午14:00，其余内容不变。 更正日期：2026年09月04日 三、其他补充事宜 无。 四、凡对本次公告内容提出询问，请按以下方式联系。 1.采购人信息 名 称：中华人民共和国青岛出入境边防检查站 地址：青岛市市南区宁夏路276号 联系方式：董警官 0532-57752020 2.采购代理机构信息 名 称：海逸恒安项目管理有限公司 地 址：青岛市崂山区香岭路1号资源博雅广场3号楼2203室 联系方式：于志洋、曹丽娜 0532-85761207 3.项目联系方式 项目联系人：于志洋、曹丽娜 电 话： 0532-85761207,服务外包,,中国政府采购网,,,default,,采购公告,,,,,,,,,
内蒙古自治区气象局华北区域人工影响天气能力建设新舟60国家作业飞机监造服务采购项目更正公告,变更公告,NMGCZ-2026-051,2026年09月04日 17:43,呼和浩特市,内蒙古自治区气象局,呼和浩特市新城区海拉尔大街 49 号,李汉超0471-3335237,内蒙古采招工程项目管理有限公司,内蒙古呼和浩特市新城区东二环北路绿地智海大厦A3-A4座裙楼3楼325号,郑云茂  15560740090,郑云茂,15560740090,,,https://www.ccgp.gov.cn/cggg/zygg/gzgg/202609/t20260904_27271174.htm,2026-09-10 09:47:16,一、项目基本情况 原公告的采购项目编号：NMGCZ-2026-051 原公告的采购项目名称：内蒙古自治区气象局华北区域人工影响天气能力建设新舟60国家作业飞机监造服务采购项目竞争性磋商 首次公告日期：2026年09月03日 二、更正信息 更正事项：采购公告 更正内容： 原项目概况中2025年09月14日14时30分（北京时间）前提交响应文件，更正为2026年09月14日14时30分（北京时间）前提交响应文件，其他内容不变。 更正日期：2026年09月04日 三、其他补充事宜 四、凡对本次公告内容提出询问，请按以下方式联系。 1.采购人信息 名 称：内蒙古自治区气象局 地址：呼和浩特市新城区海拉尔大街 49 号 联系方式：李汉超0471-3335237 2.采购代理机构信息 名 称：内蒙古采招工程项目管理有限公司 地 址：内蒙古呼和浩特市新城区东二环北路绿地智海大厦A3-A4座裙楼3楼325号 联系方式：郑云茂 15560740090 3.项目联系方式 项目联系人：郑云茂 电 话： 15560740090,工程建设,,中国政府采购网,,,default,,采购公告,,,,,,,,,
中华人民共和国威海海事局节能减排改造项目更正公告,变更公告,WHHSJ2026-010,2026年09月04日 17:33,市辖区,中华人民共和国威海海事局,威海市环翠区海滨南路2号,冷丽君  0631-3853635,山东省鲁成招标有限公司,威海市昆明路81号（金猴购物广场）五楼北区,白文玉、张敏华  0631－5273175,张敏华,0631-5273175,变更内容.docx,"[{""attach_name"": ""变更内容.docx"", ""attach_url"": ""https://download.ccgp.gov.cn/oss/download?uuid=A9B2FC992094454147243347571DA5""}]",https://www.ccgp.gov.cn/cggg/zygg/gzgg/202609/t20260904_27270934.htm,2026-09-10 09:47:16,一、项目基本情况 原公告的采购项目编号：WHHSJ2026-010 原公告的采购项目名称：威海海事局节能减排改造项目 首次公告日期：2026年08月31日 二、更正信息 更正事项：采购文件 更正内容： 详见附件 更正日期：2026年09月04日 三、其他补充事宜 四、凡对本次公告内容提出询问，请按以下方式联系。 1.采购人信息 名 称：中华人民共和国威海海事局 地址：威海市环翠区海滨南路2号 联系方式：冷丽君 0631-3853635 2.采购代理机构信息 名 称：山东省鲁成招标有限公司 地 址：威海市昆明路81号（金猴购物广场）五楼北区 联系方式：白文玉、张敏华 0631－5273175 3.项目联系方式 项目联系人：张敏华 电 话： 0631-5273175,工程建设,,中国政府采购网,,,default,,采购文件,,,,,,,,,
西南交通大学原子级表面精密数控刀具智能磨削应用验证示范线设备采购项目更正公告,变更公告,J-HWCG-2026-096,2026年09月04日 17:32,四川省,西南交通大学,四川省成都市郫都区犀安路999号西南交通大学犀浦校区综合楼703室,贾老师 028-66367322、ztb@swjtu.edu.cn,四川中志招标代理有限公司,成都市高新区吉泰五路88号3栋7层1号（花样年·香年广场）,谢孝寒、佟巍、陈艳 028-83381881,谢孝寒、佟巍、陈艳,028-83381881,,,https://www.ccgp.gov.cn/cggg/zygg/gzgg/202609/t20260904_27270932.htm,2026-09-10 09:47:17,"一、项目基本情况 原公告的采购项目编号：J-HWCG-2026-096 原公告的采购项目名称：西南交通大学原子级表面精密数控刀具智能磨削应用验证示范线设备采购项目 首次公告日期：2026年08月25日 二、更正信息 更正事项：采购文件 更正内容： 致各投标人:现对西南交通大学原子级表面精密数控刀具智能磨削应用验证示范线设备采购项目（项目编号：J-HWCG-2026-096）招标文件相关内容作出如下更正：（一）将招标文件第1章 投标邀请 中 “十、投标文件递交地点及开标地点：四川省成都市郫都区犀安路999号西南交通大学犀浦校区综合楼701室”更正为:“十、投标文件递交地点及开标地点：成都市高新区吉泰五路88号（花样年香年广场）3栋7层四川中志招标代理有限公司开标厅。” （二）将本项目采购公告界面中“四、提交投标文件截止时间、开标时间和地点  地点：四川省成都市郫都区犀安路999号西南交通大学犀浦校区综合楼701室”更正为:“四、提交投标文件截止时间、开标时间和地点  地点：成都市高新区吉泰五路88号（花样年香年广场）3栋7层四川中志招标代理有限公司开标厅。” （三）将招标文件第6章 技术、商务及其他要求 三、技术要求中1．五轴数控精密立铣刀磨床的“(3)△工件直径：1.0mm~10mm；装夹长度：≥30mm~110mm，磨削长度≥30mm；(4)△砂轮永磁同步变频电主轴，功率≥15kW，转速4000rpm~10000rpm；(6)△X轴行程：不小于600mm，Y轴行程：不小于350mm，Z轴行程：不小于200mm，C轴行程：不小于±150°，A轴工件轴行程：不小于360°；(7)△XYZ直线轴定位精度：优于5μm；AC轴定位精度：优于±5″；(10)△工件夹持座接口BT50，配置气动夹方夹头座一套、气动夹头座及W2夹头一套；(18)△设备安装场地配置：260平方米、不少于3.5米高钢构、防火板封闭厂房，吊顶高度不低于3米，配置温度调节系统以保持厂房温度恒定26°±3°；(20)#集中式压缩空气供应系统：采用螺杆式空压方式，高压储气罐不小于10m³，空气压力≥0.6MPa，具有独立压缩空气设备间；(21)#集中式磨削油冷却过滤和加压系统：磨削油泵流量≥1200升/分钟，供油端压力≥15bar@1200升/分钟，采用磁性过滤方式，磨削油过滤精度2μm，磨削油温度为30°±1°，具有独立磨削油冷却过滤和加压设备间。”更正为：“(3)△工件直径：1.0mm~10mm；装夹长度：30mm~110mm，磨削长度≥30mm；(4)△砂轮永磁同步变频电主轴，功率≥15kW，转速范围4000rpm~10000rpm；(6)△X轴行程：不小于600mm，Y轴行程：不小于350mm，Z轴行程：不小于200mm，C轴行程：±150°，A轴工件轴行程：不小于360°；(7)△XYZ直线轴定位精度：优于5μm；AC轴定位精度：优于5″；(10)△工件夹持座接口BT50，配置气动夹方夹头座一套、气动夹头座及W20夹头一套；(18)△设备安装场地配置：260平方米、不少于3.5米高钢构、防火板封闭厂房，吊顶高度不低于3米，配置温度调节系统以保持厂房温度恒定26℃±3℃；(20)#集中式压缩空气供应系统：采用螺杆式空压方式，高压储气罐不小于1m³，空气压力≥0.6MPa，具有独立压缩空气设备间；(21)#集中式磨削油冷却过滤和加压系统：磨削油泵流量≥1200升/分钟，供油端压力≥15bar@1200升/分钟，采用磁性过滤方式，磨削油过滤精度2μm，磨削油温度为30℃±1℃，具有独立磨削油冷却过滤和加压设备间。” （四）将招标文件第6章 技术、商务及其他要求 三、技术要求中 2．五轴数控精密丝锥磨床的“(3)△工件直径：不小于M1~M12；(4)△装夹长度：≥30mm~110mm，磨削长度≥30mm；(5)△砂轮永磁同步变频电主轴，功率≥15kW，转速范围不小于4000rpm~10000rpm；(7)△ X轴行程：不小于600mm，Y轴行程：不小于350mm，Z轴行程：不小于200mm，C轴行程：不小于±150°，A轴工件轴行程：360°；(8)△XYZ直线轴定位精度：优于5μm，AC轴定位精度：优于±5″；(11)△工件夹持座接口BT50，配置气动夹方夹头座一套、气动高精度夹头座及W2夹头一套。”更正为：“(3)△工件直径：M1~M12；(4)△装夹长度：30mm~110mm，磨削长度≥30mm；(5)△砂轮永磁同步变频电主轴，功率≥15kW，转速范围4000rpm~10000rpm；(7)△X轴行程：不小于600mm，Y轴行程：不小于350mm，Z轴行程：不小于200mm，C轴行程：±150°，A轴工件轴行程：不小于360°；(8)△XYZ直线轴定位精度：优于5μm，AC轴定位精度：优于5″；(11)△工件夹持座接口BT50，配置气动夹方夹头座一套、气动高精度夹头座及W20夹头一套。” （五）将招标文件第6章 技术、商务及其他要求 三、技术要求中 3．五轴数控精密刀具沟槽成形磨床的“(4)△工件直径：优于M3~M18；(5)△装夹长度：不小于30mm~150mm，磨槽长度≥30mm；(6)△砂轮永磁同步变频电主轴，功率≥15kW，转速4000rpm~10000rpm；(8)△X轴行程：不小于200mm，Y轴行程：不小于100mm，Z轴行程：不小于150mm，C轴行程：不小于±150°，A轴工件轴行程：360°；(9)△XYZ直线轴定位精度：优于5μm，AC轴定位精度：优于±5″；(10)#独立用于铲磨的直驱铲磨轴（U轴），铲磨效率A轴转速150rpm以上，表面质量Ra≤0.4μm；(12)△工件夹持座接口BT50，配置气动夹方夹头座一套、气动夹头座及W2夹头一套。”更正为：“(4)△工件直径： M3~M18；(5)△装夹长度：30mm~150mm，磨槽长度≥30mm；(6)△砂轮永磁同步变频电主轴，功率≥15kW，转速范围4000rpm~10000rpm；(8)△X轴行程：不小于200mm，Y轴行程：不小于100mm，Z轴行程：不小于150mm，C轴行程：±150°，A轴工件轴行程：不小于360°；(9)△XYZ直线轴定位精度：优于5μm，AC轴定位精度：优于5″；(10)#独立用于铲磨的直驱铲磨轴（U轴），铲磨效率A轴转速150rpm及以上，表面质量Ra≤0.4μm；(12)△工件夹持座接口BT50，配置气动夹方夹头座一套、气动高精度夹头座及W20夹头一套。” （六）将招标文件第6章 技术、商务及其他要求 三、技术要求中 4．五轴数控精密沟槽铣刀成形磨床的“(4)△工件直径：不小于M3~M18，装夹长度：≥30mm~150mm，磨槽长度≥30mm；(5)△砂轮永磁同步变频电主轴功率：≥15kW，转速范围不小于4000rpm~10000rpm；(7)△X轴行程：不小于200mm，Y轴行程：不小于100mm，Z轴行程：不小于150mm，C轴行程：不小于±150°，A轴工件轴行程：360°；(8)△XYZ直线轴定位精度：优于5μm，AC轴定位精度：优于±5″；(9)#独立用于铲磨的直驱铲磨轴（U轴），铲磨效率A轴转速150rpm以上，表面质量Ra≤0.4μm；（11）△工件夹持座接口BT50，配置气动夹方夹头座一套、气动高精度夹头座及W2夹头一套。”更正为：“(4)△工件直径：M3~M18，装夹长度：30mm~150mm，磨槽长度≥30mm；(5)△砂轮永磁同步变频电主轴功率：≥15kW，转速范围4000rpm~10000rpm；(7)△X轴行程：不小于200mm，Y轴行程：不小于100mm，Z轴行程：不小于150mm，C轴行程：±150°，A轴工件轴行程：不小于360°；(8)△XYZ直线轴定位精度：优于5μm，AC轴定位精度：优于5″；(9)#独立用于铲磨的直驱铲磨轴（U轴），铲磨效率A轴转速150rpm及以上，表面质量Ra≤0.4μm；(11)△工件夹持座接口BT50，配置气动夹方夹头座一套、气动高精度夹头座及W20夹头一套。” （七）将招标文件第6章 技术、商务及其他要求 三、技术要求中 5．五轴数控精密螺纹铣刀成形磨床的“(4)△工件直径：不小于M3~M18；磨削长度：不小于150mm；(7)△X轴行程：不小于200mm，Y轴行程：不小于100mm，Z轴行程：不小于150mm，C轴行程：不小于±150°，A轴工件轴行程：360°；(8)△XYZ直线轴定位精度：优于5μm，AC轴定位精度：优于±5″；(9)#独立用于铲磨的直驱铲磨轴（U轴），铲磨效率A轴转速150rpm以上，表面质量Ra≤0.4μm；（11）△工件夹持座接口BT50，配置气动夹方夹头座一套、气动高精度夹头座及W2夹头一套。”更正为：“(4)△工件直径： M3~M18；磨削长度：不小于150mm；(7)△X轴行程：不小于200mm，Y轴行程：不小于100mm，Z轴行程：不小于150mm，C轴行程：±150°，A轴工件轴行程：不小于360°；(8)△XYZ直线轴定位精度：优于5μm，AC轴定位精度：优于5″；(9)#独立用于铲磨的直驱铲磨轴（U轴），铲磨效率A轴转速150rpm及以上，表面质量Ra≤0.4μm；(11)△工件夹持座接口BT50，配置气动夹方夹头座一套、气动高精度夹头座及W20夹头一套。” （八）将招标文件第6章 技术、商务及其他要求 三、技术要求中 6．五轴数控超硬刀具激光加工机床的“(2)△机床行程X：不小于360mm，机床行程Y：不小于770mm，机床行程Z：不小于300mm，A/C转台行程：不小于±125°/C360°；(3)△直线轴重复定位精度：不大于1μm，直线轴定位精度：不大于2μm；（4）△装夹接口：BT40，含BT40夹头，装夹直径：不小于200mm，装夹长度：不小于300mm”更正为：“(2)△机床行程X：不小于350mm，机床行程Y：不小于320mm，机床行程Z：不小于300mm，A行程：-35°~,+60°，C行程：不小于360°；(3)△直线轴重复定位精度：不大于2μm，直线轴定位精度：不大于2μm；(4)△装夹接口：BT40，含BT40夹头；最大加工范围不小于300mm。” （九）将招标文件第6章 技术、商务及其他要求 三、技术要求中 7．高精度数控刀具刃口钝化机床的“(2)△工位轴数：不小于30个；(5)△钝化工艺方式：喷砂和毛刷。”更正为：“(2)△工位轴数：不小于24个；(5)△钝化工艺方式：喷砂或毛刷。” （十）将招标文件第6章 技术、商务及其他要求 三、技术要求中 9．高精度超高速磨削实验台的“(4)△X轴倾斜布置，Y轴前后水平布置于大理石床身，具备重力自然回油功能；(17)★XYZ轴定位精度：≤±120nm/40mm，XYZ轴重复定位精度：≤±80nm/40mm；(25)△磨削轴摆动范围：≥0-45°；(26)△Z轴卸荷模块卸荷力波动低于±2%。”更正为：“（4）△X轴倾斜布置，Y轴前后水平布置于天然花岗岩床身，具备重力自然回油功能；(17)★XYZ轴定位精度：≤120nm/40mm，XYZ轴重复定位精度：≤80nm/40mm；(25)△磨削轴摆动范围：0°~45°；(26)△Z轴卸荷模块卸荷力波动低于2%；。” （十一）将招标文件第6章 技术、商务及其他要求 三、技术要求中 11．刀具产线立体仓储设备的“1. 堆垛机系统 1套(3) △堆垛机驱动均采用伺服电机驱动，升降Z轴伺服驱动电机带抱闸，伸缩货叉采用三节式结构，与托盘接触面设有防滑材料，XYZ三轴电机均使用减速机，XYZ三轴重复定位精度不低于±0.1mm；(8)△直线最大运动速度：≥1m/s，刹车距离：≤1m；”更正为：“1. 堆垛机系统 1套(3) △堆垛机驱动均采用伺服电机驱动，升降Z轴伺服驱动电机带抱闸，伸缩货叉采用三节式结构，与托盘接触面设有防滑材料，XYZ三轴电机均使用减速机，XYZ三轴重复定位精度不低于0.1mm；(8)△直线最大运动速度：≥0.5m/s，刹车距离：≤1m。”  （十二）将招标文件第6章 技术、商务及其他要求 三、技术要求中 12．刀具产线工业物联设备的“1.2 自动化PLC控制器 1个 (4)# 支持CodesysV3.5编程，支持正版操作系统。”更正为：“1.2 自动化PLC控制器 1个  (4)# 支持CodesysV3.5编程。” （十三）将招标文件第6章 技术、商务及其他要求 三、技术要求中 13．刀具产线物流与调度系统的“1. 工业机器人5台  (7)★运动范围：轴1 +170°~-170°；轴2 +135°~-96°；轴3 +65°~-195°；轴4 +170°~-170°；轴5 +120°~-120°；轴6 +360°~-360°；(8)★最大速度： 轴1 440°/s；轴2 355°/s；轴3 440°/s；轴4 480°/s；轴5 450°/s；轴6 900°/s；2. 复合机器人(即组合桁架机械手) 1台 2.1功能及结构要求 (1)△桁架结构：XYZR四轴龙门加双夹爪结构，各轴采用伺服控制，夹爪动力类型不限；2.2 技术指标(16) ★XYZ轴重复定位精度：≤±0.05mm；(17) ★XZ轴最小进给量：≤0.05mm；(18) ★Y轴最小进给量：≤0.005mm。”更正为：“1. 工业机器人5台 (7)★运动范围：轴1 +170°~-170°；轴2 +135°~-96°；轴3 +65°~-195°；轴4 +170°~-170°；轴5 +120°~-120°；轴6 +360°~-360°；(8)★最大速度： 轴1 440°/s；轴2 355°/s；轴3 440°/s；轴4 480°/s；轴5 450°/s；轴6 900°/s；2. 复合机器人(即组合桁架机械手) 1台2.1功能及结构要求  （1）△桁架结构： XYZ三轴单排立柱加夹爪结构，各轴采用伺服控制，夹爪动力类型不限；2.2 技术指标(16) ★XYZ轴重复定位精度：≤0.1mm；(17) ★XZ轴最小进给量：≤0.1mm；(18) ★Y轴最小进给量：≤0.1mm；” （十四）将招标文件第6章 技术、商务及其他要求 三、技术要求中 14．加工质量数据采集装置的“(2)△ 采集子模块一（10套三向压电式加速度传感器）：轴向灵敏度（23±5℃）：～1mV/m·s-2（9.8mV/g），量程：±500g，线性：<1%，最大横向灵敏度：<5%，频率响应（±10%）：0.5～10000Hz，安装谐振频率≥5kHz，分辨率≥0.01g；(3)△ 采集子模块二（9套单向加速度传感器）：轴向灵敏度（23±5℃）：～1mV/m·s-2（9.8mV/g），量程：±500g，线性：<1%，最大横向灵敏度：<5%，频率响应（±10%）：0.5～10000Hz，安装谐振频率>35kHz，分辨率≥0.01g；(4)△采集子模块三（6套温度传感）：量程-40~500℃，精度±0.75℃；(5)△采集子模块四（3套红外温度传感器）：量程：-50至600℃，精度≥1%或1℃；(6)△ 采集子模块五（3套噪声传感器）：声压传感器+前置放大器，测试范围20~140dB，精度：±1dB。”更正为：“(2)△ 采集子模块一（10套三向压电式加速度传感器）：轴向灵敏度（23±5℃）：～1mV/m·s-2（9.8mV/g），量程范围：±500g，线性：<1%，最大横向灵敏度：<5%，频率响应（±10%）：0.5～10000Hz，安装谐振频率≥5kHz，分辨率优于0.01g；(3)△ 采集子模块二（9套单向加速度传感器）：轴向灵敏度（23±5℃）：～1mV/m·s-2（9.8mV/g），量程范围：±500g，线性：<1%，最大横向灵敏度：<5%，频率响应（±10%）：0.5～10000Hz，安装谐振频率>35kHz，分辨率优于0.01g；(4)△采集子模块三（6套温度传感）：量程范围：-40~500℃，精度优于0.75℃；(5)△采集子模块四（3套红外温度传感器）：量程范围：-50℃~600℃，精度优于1%或1℃；(6)△ 采集子模块五（3套噪声传感器）：声压传感器+前置放大器，测试范围20~140dB，精度优于1dB。” （十五）将招标文件第6章 技术、商务及其他要求 三、技术要求中 15．加工产品性能退化耐久性试验装置的“(9)△支持采集电机的三相电流、转矩、转速信号，以及齿轮箱的温度信号，输出信号范围≤±10V。”更正为：“（9）△支持采集电机的三相电流、转矩、转速信号，以及齿轮箱的温度信号，输出信号范围±10V。” （十六）将招标文件第6章 技术、商务及其他要求 四、技术服务要求 中 4.#售后服务要求“1.质保期：所有软硬件自验收合格之日起一年；7.★集成实施服务：2、本项目中所采购所有的软硬件资源（包括仓储与物流、底层数采与控制、数控加工系统、压缩空气供气、磨削油冷却过滤加压）为集中控制方式且互为补充与适用，实现无缝连接与接口，在环网通信、设备数采、逻辑控制、上层软件方面实现融合与集成，保证单台设备冷却温度控制在30°±1°，单台设备流量≥120升/分钟，单台设备磨削油压≥10bar，保障刀具生产制造业务的完整性，实现智能制造生产线的全要素整体运行。整体形成一套完整的刀具智能制造生产线。”更正为：“1.质保期：所有软硬件自验收合格之日起一年（招标文件中另有要求的除外）；7.★集成实施服务：2、本项目中所采购所有的软硬件资源（包括仓储与物流、底层数采与控制、数控加工系统、压缩空气供气、磨削油冷却过滤加压）为集中控制方式且互为补充与适用，实现无缝连接与接口，在环网通信、设备数采、逻辑控制、上层软件方面实现融合与集成，保证单台设备冷却温度控制在30℃±1℃，单台设备流量≥120升/分钟，单台设备磨削油压≥10bar，保障刀具生产制造业务的完整性，实现智能制造生产线的全要素整体运行。整体形成一套完整的刀具智能制造生产线。” 凡是涉及以上内容的均以更正后的招标文件为准，投标人应依据更正后的招标文件编制投标文件。若投标人未按要求进行响应的，自行承担不利后果。 更正日期：2026年09月04日 三、其他补充事宜 更正事项：采购公告、采购文件 四、凡对本次公告内容提出询问，请按以下方式联系。 1.采购人信息 名 称：西南交通大学 地址：四川省成都市郫都区犀安路999号西南交通大学犀浦校区综合楼703室 联系方式：贾老师 028-66367322、ztb@swjtu.edu.cn 2.采购代理机构信息 名 称：四川中志招标代理有限公司 地 址：成都市高新区吉泰五路88号3栋7层1号（花样年·香年广场） 联系方式：谢孝寒、佟巍、陈艳 028-83381881 3.项目联系方式 项目联系人：谢孝寒、佟巍、陈艳 电 话： 028-83381881",教育培训,,中国政府采购网,,,default,,采购文件,,,,,,,,,
万能材料试验机更正公告,变更公告,ZGGJ-BJ04-26071481/LZ20260017,2026年09月04日 17:27,北京市,zycgr22011902,/,李老师010-57305134,中工国际招标有限公司,北京市朝阳区慧忠路5号远大中心C座2层203,王宇婷、王欣、康进、张跃   010-82952950-814,王宇婷、王欣、康进、张跃,010-82952950-814,,,https://www.ccgp.gov.cn/cggg/zygg/gzgg/202609/t20260904_27270763.htm,2026-09-10 09:47:18,一、项目基本情况 原公告的采购项目编号：ZGGJ-BJ04-26071481/LZ20260017 原公告的采购项目名称：万能材料试验机 首次公告日期：2026年08月18日 二、更正信息 更正事项：采购文件 更正内容： 更正事项：因招标文件采购需求调整，原提交投标文件截止时间、开标时间：2026年9月9日9点00分（北京时间）现更正为：提交投标文件截止时间、开标时间：2026年9月21日9点00分（北京时间） 更正日期：2026年09月04日 三、其他补充事宜 / 四、凡对本次公告内容提出询问，请按以下方式联系。 1.采购人信息 名 称：zycgr22011902 地址：/ 联系方式：李老师010-57305134 2.采购代理机构信息 名 称：中工国际招标有限公司 地 址：北京市朝阳区慧忠路5号远大中心C座2层203 联系方式：王宇婷、王欣、康进、张跃 010-82952950-814 3.项目联系方式 项目联系人：王宇婷、王欣、康进、张跃 电 话： 010-82952950-814,科研检测,,中国政府采购网,,,default,,采购文件,,,,,,,,,
光学平行度检测仪更正公告,变更公告,ZGGJ-BJ04-26071480/LZ20260018,2026年09月04日 17:27,北京市,zycgr22011902,/,李老师010-57305134,中工国际招标有限公司,北京市朝阳区慧忠路5号远大中心C座2层203,王宇婷、王欣、康进、张跃   010-82952950-814,王宇婷、王欣、康进、张跃,010-82952950-814,,,https://www.ccgp.gov.cn/cggg/zygg/gzgg/202609/t20260904_27270772.htm,2026-09-10 09:47:18,一、项目基本情况 原公告的采购项目编号：ZGGJ-BJ04-26071480/LZ20260018 原公告的采购项目名称：光学平行度检测仪 首次公告日期：2026年08月18日 二、更正信息 更正事项：采购文件 更正内容： 更正事项：因招标文件采购需求调整，原提交投标文件截止时间、开标时间：2026年9月9日9点30分（北京时间）现更正为：提交投标文件截止时间、开标时间：2026年9月21日9点30分（北京时间） 更正日期：2026年09月04日 三、其他补充事宜 / 四、凡对本次公告内容提出询问，请按以下方式联系。 1.采购人信息 名 称：zycgr22011902 地址：/ 联系方式：李老师010-57305134 2.采购代理机构信息 名 称：中工国际招标有限公司 地 址：北京市朝阳区慧忠路5号远大中心C座2层203 联系方式：王宇婷、王欣、康进、张跃 010-82952950-814 3.项目联系方式 项目联系人：王宇婷、王欣、康进、张跃 电 话： 010-82952950-814,科研检测,,中国政府采购网,,,default,,采购文件,,,,,,,,,
激光闪光法导热仪更正公告,变更公告,ZGGJ-BJ04-26071478/LZ20260020,2026年09月04日 17:27,北京市,zycgr22011902,/,李老师010-57305134,中工国际招标有限公司,北京市朝阳区慧忠路5号远大中心C座2层203,王宇婷、王欣、康进、张跃   010-82952950-814,王宇婷、王欣、康进、张跃,010-82952950-814,,,https://www.ccgp.gov.cn/cggg/zygg/gzgg/202609/t20260904_27270776.htm,2026-09-10 09:47:19,一、项目基本情况 原公告的采购项目编号：ZGGJ-BJ04-26071478/LZ20260020 原公告的采购项目名称：激光闪光法导热仪 首次公告日期：2026年08月18日 二、更正信息 更正事项：采购文件 更正内容： 更正事项：因招标文件采购需求调整，原提交投标文件截止时间、开标时间：2026年9月9日10点00分（北京时间）现更正为：提交投标文件截止时间、开标时间：2026年9月21日10点00分（北京时间） 更正日期：2026年09月04日 三、其他补充事宜 / 四、凡对本次公告内容提出询问，请按以下方式联系。 1.采购人信息 名 称：zycgr22011902 地址：/ 联系方式：李老师010-57305134 2.采购代理机构信息 名 称：中工国际招标有限公司 地 址：北京市朝阳区慧忠路5号远大中心C座2层203 联系方式：王宇婷、王欣、康进、张跃 010-82952950-814 3.项目联系方式 项目联系人：王宇婷、王欣、康进、张跃 电 话： 010-82952950-814,其他,,中国政府采购网,,,default,,采购文件,,,,,,,,,
膜带备样瑕疵检测设备更正公告,变更公告,ZGGJ-BJ04-26071477/LZ20260021,2026年09月04日 17:27,北京市,zycgr22011902,/,李老师010-57305134,中工国际招标有限公司,北京市朝阳区慧忠路5号远大中心C座2层203,王宇婷、王欣、康进、张跃   010-82952950-814,王宇婷、王欣、康进、张跃,010-82952950-814,,,https://www.ccgp.gov.cn/cggg/zygg/gzgg/202609/t20260904_27270765.htm,2026-09-10 09:47:19,一、项目基本情况 原公告的采购项目编号：ZGGJ-BJ04-26071477/LZ20260021 原公告的采购项目名称：膜带备样瑕疵检测设备 首次公告日期：2026年08月18日 二、更正信息 更正事项：采购文件 更正内容： 更正事项：因招标文件采购需求调整，原提交投标文件截止时间、开标时间：2026年9月9日10点30分（北京时间）现更正为：提交投标文件截止时间、开标时间：2026年9月21日10点30分（北京时间） 更正日期：2026年09月04日 三、其他补充事宜 / 四、凡对本次公告内容提出询问，请按以下方式联系。 1.采购人信息 名 称：zycgr22011902 地址：/ 联系方式：李老师010-57305134 2.采购代理机构信息 名 称：中工国际招标有限公司 地 址：北京市朝阳区慧忠路5号远大中心C座2层203 联系方式：王宇婷、王欣、康进、张跃 010-82952950-814 3.项目联系方式 项目联系人：王宇婷、王欣、康进、张跃 电 话： 010-82952950-814,科研检测,,中国政府采购网,,,default,,采购文件,,,,,,,,,
膜带备样裁切机更正公告,变更公告,ZGGJ-BJ04-26071476/LZ20260022,2026年09月04日 17:27,北京市,zycgr22011902,/,李老师010-57305134,中工国际招标有限公司,北京市朝阳区慧忠路5号远大中心C座2层203,王宇婷、王欣、康进、张跃   010-82952950-814,王宇婷、王欣、康进、张跃,010-82952950-814,,,https://www.ccgp.gov.cn/cggg/zygg/gzgg/202609/t20260904_27270767.htm,2026-09-10 09:47:20,一、项目基本情况 原公告的采购项目编号：ZGGJ-BJ04-26071476/LZ20260022 原公告的采购项目名称：膜带备样裁切机 首次公告日期：2026年08月18日 二、更正信息 更正事项：采购文件 更正内容： 更正事项：因招标文件采购需求调整，原提交投标文件截止时间、开标时间：2026年9月9日11点00分（北京时间）现更正为：提交投标文件截止时间、开标时间：2026年9月21日11点00分（北京时间） 更正日期：2026年09月04日 三、其他补充事宜 / 四、凡对本次公告内容提出询问，请按以下方式联系。 1.采购人信息 名 称：zycgr22011902 地址：/ 联系方式：李老师010-57305134 2.采购代理机构信息 名 称：中工国际招标有限公司 地 址：北京市朝阳区慧忠路5号远大中心C座2层203 联系方式：王宇婷、王欣、康进、张跃 010-82952950-814 3.项目联系方式 项目联系人：王宇婷、王欣、康进、张跃 电 话： 010-82952950-814,其他,,中国政府采购网,,,default,,采购文件,,,,,,,,,
高压可视PVT测试装置更正公告,变更公告,ZGGJ-BJ04-26071472/LZ20260026,2026年09月04日 17:27,北京市,zycgr22011902,/,李老师010-57305134,中工国际招标有限公司,北京市朝阳区慧忠路5号远大中心C座2层203,王宇婷、王欣、康进、张跃010-82952950-814,王宇婷、王欣、康进、张跃,010-82952950-814,,,https://www.ccgp.gov.cn/cggg/zygg/gzgg/202609/t20260904_27270768.htm,2026-09-10 09:47:20,一、项目基本情况 原公告的采购项目编号：ZGGJ-BJ04-26071472/LZ20260026 原公告的采购项目名称：高压可视PVT测试装置 首次公告日期：2026年08月18日 二、更正信息 更正事项：采购文件 更正内容： 更正事项：因招标文件采购需求调整，原提交投标文件截止时间、开标时间：2026年9月9日11点30分（北京时间）现更正为：提交投标文件截止时间、开标时间：2026年9月21日11点30分（北京时间） 更正日期：2026年09月04日 三、其他补充事宜 / 四、凡对本次公告内容提出询问，请按以下方式联系。 1.采购人信息 名 称：zycgr22011902 地址：/ 联系方式：李老师010-57305134 2.采购代理机构信息 名 称：中工国际招标有限公司 地 址：北京市朝阳区慧忠路5号远大中心C座2层203 联系方式：王宇婷、王欣、康进、张跃010-82952950-814 3.项目联系方式 项目联系人：王宇婷、王欣、康进、张跃 电 话： 010-82952950-814,其他,,中国政府采购网,,,default,,采购文件,,,,,,,,,
真三轴声光电一体化力学特性测试装置更正公告,变更公告,ZGGJ-BJ04-26071468/LZ20260030,2026年09月04日 17:27,北京市,zycgr22011902,/,李老师010-57305134,中工国际招标有限公司,北京市朝阳区慧忠路5号远大中心C座2层203,王宇婷、王欣、康进、张跃   010-82952950-814,王宇婷、王欣、康进、张跃,010-82952950-814,,,https://www.ccgp.gov.cn/cggg/zygg/gzgg/202609/t20260904_27270777.htm,2026-09-10 09:47:21,一、项目基本情况 原公告的采购项目编号：ZGGJ-BJ04-26071468/LZ20260030 原公告的采购项目名称：真三轴声光电一体化力学特性测试装置 首次公告日期：2026年08月18日 二、更正信息 更正事项：采购文件 更正内容： 更正事项：因招标文件采购需求调整，原提交投标文件截止时间、开标时间：2026年9月9日12点00分（北京时间）现更正为：提交投标文件截止时间、开标时间：2026年9月21日12点00分（北京时间） 更正日期：2026年09月04日 三、其他补充事宜 / 四、凡对本次公告内容提出询问，请按以下方式联系。 1.采购人信息 名 称：zycgr22011902 地址：/ 联系方式：李老师010-57305134 2.采购代理机构信息 名 称：中工国际招标有限公司 地 址：北京市朝阳区慧忠路5号远大中心C座2层203 联系方式：王宇婷、王欣、康进、张跃 010-82952950-814 3.项目联系方式 项目联系人：王宇婷、王欣、康进、张跃 电 话： 010-82952950-814,其他,,中国政府采购网,,,default,,采购文件,,,,,,,,,
中国科学院声学研究所传感综合性能评估系统采购项目更正公告,变更公告,OITC-G260670610,2026年09月04日 17:26,北京市,中国科学院声学研究所,北京市海淀区北四环西路21号,克老师010-82547847,东方国际招标有限责任公司,北京市海淀区丹棱街1号互联网金融中心20层,窦志超、李安齐、许宁010-68290502、0507,窦志超、李安齐、许宁,010-68290502、0507,,,https://www.ccgp.gov.cn/cggg/zygg/gzgg/202609/t20260904_27270760.htm,2026-09-10 09:47:21,一、项目基本情况 原公告的采购项目编号：OITC-G260670610 原公告的采购项目名称：传感综合性能评估系统采购项目 首次公告日期：2026年08月31日 二、更正信息 更正事项：采购文件 更正内容： 修改-1：对于“第五章供货要求”中3.3.8计算机系统序号2“★显示器：17英寸，1280*1024分辨率”修改为“★显示器：17寸，1280*1024分辨率”；修改-2：对于“第六章投标文件格式”中五、2-1★条款技术偏差表-序号25“3.3.8计算机系统序号2-★显示器：17英寸， 1280*1024分辨率”修改为“3.3.8计算机系统序号2-★显示器：17寸，1280*1024分辨率”。其他内容无变更。 更正日期：2026年09月04日 三、其他补充事宜 无 四、凡对本次公告内容提出询问，请按以下方式联系。 1.采购人信息 名 称：中国科学院声学研究所 地址：北京市海淀区北四环西路21号 联系方式：克老师010-82547847 2.采购代理机构信息 名 称：东方国际招标有限责任公司 地 址：北京市海淀区丹棱街1号互联网金融中心20层 联系方式：窦志超、李安齐、许宁010-68290502、0507 3.项目联系方式 项目联系人：窦志超、李安齐、许宁 电 话： 010-68290502、0507,教育培训,,中国政府采购网,,,default,,采购文件,,,,,,,,,
中国科学院声学研究所模拟阵列系统采购项目更正公告,变更公告,OITC-G260670614,2026年09月04日 17:26,北京市,中国科学院声学研究所,北京市海淀区北四环西路21号,克老师010-82547847,东方国际招标有限责任公司,北京市海淀区丹棱街1号互联网金融中心20层,窦志超、李安齐、许宁010-68290502、0507,窦志超、李安齐、许宁,010-68290502、0507,,,https://www.ccgp.gov.cn/cggg/zygg/gzgg/202609/t20260904_27270709.htm,2026-09-10 09:47:22,一、项目基本情况 原公告的采购项目编号：OITC-G260670614 原公告的采购项目名称：模拟阵列系统采购项目 首次公告日期：2026年08月31日 二、更正信息 更正事项：采购文件 更正内容： 修改-1：对于“第五章供货要求”中2.2总体指标-表1-序号2“信号调制：支持1Hz~14kHz信号调制”修改为“信号调制：支持1Hz~10kHz信号调制”；修改-2：对于“第五章供货要求”中3技术指标要求-表2-序号2“★信号调制：支持1Hz~14kHz信号调制”修改为“★信号调制：支持1Hz~10kHz信号调制”；修改-3：对于“第六章投标文件格式”中五、2-1★条款技术偏差表-序号2“3技术指标要求-模拟阵列系统主要技术指标-序号2-★信号调制：支持1Hz~14kHz信号调制”修改为“3技术指标要求-模拟阵列系统主要技术指标-序号2-★信号调制：支持1Hz~10kHz信号调制”。其他内容无变更。 更正日期：2026年09月04日 三、其他补充事宜 无 四、凡对本次公告内容提出询问，请按以下方式联系。 1.采购人信息 名 称：中国科学院声学研究所 地址：北京市海淀区北四环西路21号 联系方式：克老师010-82547847 2.采购代理机构信息 名 称：东方国际招标有限责任公司 地 址：北京市海淀区丹棱街1号互联网金融中心20层 联系方式：窦志超、李安齐、许宁010-68290502、0507 3.项目联系方式 项目联系人：窦志超、李安齐、许宁 电 话： 010-68290502、0507,教育培训,,中国政府采购网,,,default,,采购文件,,,,,,,,,
益阳市消防救援支队2024-2025年度支队本级装备采购项目更正公告,变更公告,MB1E528171783909471355-2026080511,2026年09月04日 17:15,益阳市,益阳市消防救援支队,益阳市金防路18号,刘先生、07374111119,益阳市公共资源交易中心,益阳市市民服务中心（迎宾东路555号A区3楼）,薛先生、07374248886,刘先生,07374111119,益阳市消防救援支队2024-2025年度本级装备采购项目-第一次更正.doc,"[{""attach_name"": ""益阳市消防救援支队2024-2025年度本级装备采购项目-第一次更正.doc"", ""attach_url"": ""https://download.ccgp.gov.cn/oss/download?uuid=4F6FF53C6C81357879163505D14792""}]",https://www.ccgp.gov.cn/cggg/zygg/gzgg/202609/t20260904_27270497.htm,2026-09-10 09:47:23,一、项目基本情况 原公告的采购项目编号：MB1E528171783909471355-2026080511 原公告的采购项目名称：益阳市消防救援支队2024-2025年度支队本级装备采购项目 首次公告日期：2026年09月03日 二、更正信息 更正事项：采购文件 更正内容： 原第五章采购需求的第二节技术要求中，包4灭火药剂类的B类泡沫灭火泡沫参数要求为： 2 B类泡沫灭火泡沫 1.整体要求 ▲1.1 符合GB15308-2006《泡沫灭火剂》标准要求，提供由国家级权威检测机构出具与所投产品型号一致、完整有效的型式试验报告，添加RFID标签、配备永久性标识、二维码。 1.2提供与所投产品型号（认证单元）一致的、有效期内的消防产品自愿性/强制性认证证书。 1.3 如型号产品为分型产品，主型检验报告应明确说明涵盖该产品，主型产品检测报告没有涵盖分型产品时，应同时提供主、分型检测报告。检验报告内容不完整、缺页、与所投产品型号不一致的视为未提供。 1.4 符合中国环境标志产品技术要求HJ/T 225-2005，提供相关认证证书。 2.技术要求 ▲2.1 凝固点；≤-10℃。 2.2 表面张力（mN/m）：15.0～16.0。 2.3 界面张力（mN/m）：≤4.5。 2.4 扩散系数（mN/m）：≥4.5。 ▲2.5 腐蚀率mg/（d·dm²）：Q235A钢片≤10，3A21铝片≤10。 2.6 发泡倍数≥7.5倍。 2.7 25%析液时间≥2.5min。 2.8 灭火性能（IA级别）：灭火时间≤2min 抗烧时间≥10min。 ▲2.9 有效期≥8年。 2.10 温度敏感性判定：非温度敏感性泡沫液。 2.11 混合比6%型。 32 吨 现更正为： 2 B类泡沫灭火泡沫 1.整体要求 ▲1.1 符合GB15308-2025《泡沫灭火剂》标准要求，提供由国家级权威检测机构出具与所投产品型号一致、完整有效的型式试验报告，添加RFID标签、配备永久性标识、二维码。 1.2 如型号产品为分型产品，主型检验报告应明确说明涵盖该产品，主型产品检测报告没有涵盖分型产品时，应同时提供主、分型检测报告。检验报告内容不完整、缺页、与所投产品型号不一致的视为未提供。 2.技术要求 ▲2.1 凝固点；≤-10℃ 2.2 表面张力（mN/m）：15.0～16.0 2.3 界面张力（mN/m）：≤4.5 2.4 扩散系数（mN/m）：≥4.5 2.5 粘度（mm²/s）：≤15 ▲2.6 发泡倍数≥7.5倍 2.7  25%析液时间≥3.6min。 2.8 灭火性能（IA级别）：灭火时间≤2.0min 抗烧时间≥12.0min ▲2.9 有效期≥8年 2.10 温度敏感性判定：非温度敏感性泡沫液 2.11 混合比6%型。 32 吨  原第三章资格审查的资格审查表中第五项审查项目和审查标准为： 5 资格证明文件的签署、盖章 资格证明文件按照招标文件要求签署、盖章（在资料上手写签名或手动盖章再扫描上传的均为无效投标）  现更正为： 5 资格证明文件的签署、盖章 资格证明文件按照招标文件要求签署、盖章   更正日期：2026年09月04日 三、其他补充事宜 四、凡对本次公告内容提出询问，请按以下方式联系。 1.采购人信息 名 称：益阳市消防救援支队 地址：益阳市金防路18号 联系方式：刘先生、07374111119 2.采购代理机构信息 名 称：益阳市公共资源交易中心 地 址：益阳市市民服务中心（迎宾东路555号A区3楼） 联系方式：薛先生、07374248886 3.项目联系方式 项目联系人：刘先生 电 话： 07374111119,公共安全,,中国政府采购网,,,default,,采购文件,,,,,,,,,
青岛某单位视频感知分析云平台服务项目更正公告,变更公告,MDWCG-20260828,2026年09月04日 17:14,青岛市,SPD-A30,/,/,青岛青招招标有限公司,青岛市崂山区辽阳东路23号山钢东部新天地1幢15层,刘工0532-88913680,刘工,0532-88913680,,,https://www.ccgp.gov.cn/cggg/zygg/gzgg/202609/t20260904_27270491.htm,2026-09-10 09:47:24,一、项目基本情况 原公告的采购项目编号：MDWCG-20260828 原公告的采购项目名称：青岛某单位视频感知分析云平台服务项目 首次公告日期：2026年08月28日 二、更正信息 更正事项：采购公告 更正内容： 原开标时间:2026-9-8 14:00:00 变更后时间:2026-09-10 14:00:00 更正日期：2026年09月04日 三、其他补充事宜 / 四、凡对本次公告内容提出询问，请按以下方式联系。 1.采购人信息 名 称：SPD-A30 地址：/ 联系方式：/ 2.采购代理机构信息 名 称：青岛青招招标有限公司 地 址：青岛市崂山区辽阳东路23号山钢东部新天地1幢15层 联系方式：刘工0532-88913680 3.项目联系方式 项目联系人：刘工 电 话： 0532-88913680,其他,,中国政府采购网,,,default,,采购公告,,,,,,,,,
2026年度车辆油料采购项目更正公告（第三次）,变更公告,0877-26GZTP5XE0563,2026年09月04日 17:14,广东省,SPD-25,广东省广州市,87186546,广东广招国际招标有限公司,广州市东风东路745号东山紫园商务大厦2003单元,020-37816286,胡工,020-37816286-837,,,https://www.ccgp.gov.cn/cggg/zygg/gzgg/202609/t20260904_27270489.htm,2026-09-10 09:47:24,一、项目基本情况 原公告的采购项目编号：0877-26GZTP5XE0563 原公告的采购项目名称：2026年度车辆油料采购项目 首次公告日期：2026年08月19日 二、更正信息 更正事项：采购公告 更正内容： 原公告的获取招标文件截止时间：2026年09月04日 17点30分（北京时间），更正为：2026年09月14日 17点30分（北京时间）。其余内容不变 更正日期：2026年09月04日 三、其他补充事宜 更正公告为原采购公告、原采购文件不可分割的部分，原采购公告、原采购文件相应条款与本公告有不一致之处，以本公告为准。请供应商务必按照更正后的内容编制投标文件，本公告发布，视同书面通知所有潜在供应商。 四、凡对本次公告内容提出询问，请按以下方式联系。 1.采购人信息 名 称：SPD-25 地址：广东省广州市 联系方式：87186546 2.采购代理机构信息 名 称：广东广招国际招标有限公司 地 址：广州市东风东路745号东山紫园商务大厦2003单元 联系方式：020-37816286 3.项目联系方式 项目联系人：胡工（跟进人员）（电话无人接听请发邮件huyerong@gztpc.com咨询，我司会及时回复） 电 话： 020-37816286-837,设备购置,2026-09-04 17:30,中国政府采购网,,,default,,采购公告,,,,,,,,,
同济医院潜在捐献者丧葬服务项目延期公告,变更公告,HBCZ-2502010136-263077,2026年09月04日 17:07,湖北省,华中科技大学同济医学院附属同济医院,华中科技大学同济医学院附属同济医院湖北省武汉市解放大道1095号,冉主任  027-83662896,湖北省成套招标股份有限公司,湖北省武汉市武昌区东湖西路特2号平安财富中心B座6-10楼,王婧怡、刘李鹏，19171557709,王婧怡、刘李鹏,19171557709,,,https://www.ccgp.gov.cn/cggg/zygg/gzgg/202609/t20260904_27270286.htm,2026-09-10 09:47:25,一、项目基本情况 原公告的采购项目编号：HBCZ-2502010136-263077 原公告的采购项目名称：同济医院潜在捐献者丧葬服务项目公开招标公告 首次公告日期：2026年08月28日 二、更正信息 更正事项：采购公告 更正内容： 截至本项目招标文件获取截止时间，获取本项目招标文件的投标人不足三家。经采购人确认，现将本项目的招标文件获取时间延长至2026年09月11日（每天上午8:30至12:00，下午14:00至16:30）（北京时间，法定节假日除外）。招标文件其他内容均不变，特此通知。 更正日期：2026年09月04日 三、其他补充事宜 / 四、凡对本次公告内容提出询问，请按以下方式联系。 1.采购人信息 名 称：华中科技大学同济医学院附属同济医院 地址：华中科技大学同济医学院附属同济医院湖北省武汉市解放大道1095号 联系方式：冉主任 027-83662896 2.采购代理机构信息 名 称：湖北省成套招标股份有限公司 地 址：湖北省武汉市武昌区东湖西路特2号平安财富中心B座6-10楼 联系方式：王婧怡、刘李鹏，19171557709 3.项目联系方式 项目联系人：王婧怡、刘李鹏 电 话： 19171557709,医疗卫生,,中国政府采购网,,,default,,采购公告,,,,,,,,,
国家税务总局浙江省税务局浙江税务新电子税务局系统运行维护项目采购结果补充公告,变更公告,ZZCG2025H-GK-110,2026年09月04日 17:07,杭州市,国家税务总局浙江省税务局,浙江省杭州市西湖区体环二路1号,周老师 0571-85273751,浙江省政府采购中心,浙江省杭州市西湖区宝石一路3号,方岚  0571-88907784,周老师,0571-85273751,,,https://www.ccgp.gov.cn/cggg/zygg/gzgg/202609/t20260904_27271041.htm,2026-09-10 09:47:26,一、项目基本情况 原公告的采购项目编号：ZZCG2025H-GK-110 原公告的采购项目名称：浙江税务新电子税务局系统运行维护项目 首次公告日期：2026年07月13日 二、更正信息 更正事项：采购结果 更正内容： 补充中标供应商得分：89.84。 更正日期：2026年09月04日 三、其他补充事宜 原项目结果公告网址：https://www.ccgp.gov.cn/cggg/dfgg/zbgg/202607/t20260713_26921554.htm 四、凡对本次公告内容提出询问，请按以下方式联系。 1.采购人信息 名 称：国家税务总局浙江省税务局 地址：浙江省杭州市西湖区体环二路1号 联系方式：周老师 0571-85273751 2.采购代理机构信息 名 称：浙江省政府采购中心 地 址：浙江省杭州市西湖区宝石一路3号 联系方式：方岚 0571-88907784 3.项目联系方式 项目联系人：周老师 电 话： 0571-85273751,其他,,中国政府采购网,,,default,,采购结果,,,,,,,,,
广州铁路公安局大数据建模平台建设项目更正公告(一次),变更公告,HS202604GA12,2026年09月04日 17:05,广东省,广州铁路公安局,广州市中山一路151号,020-61329258,华晟（广东）招标采购有限公司,广州市天河区天源路767号兴怡物业2栋5楼501,020-85645549、19120483622,黄工,020-85645549,（09-04更正稿）广州铁路公安局大数据建模平台建设项目招标文件.pdf,"[{""attach_name"": ""（09-04更正稿）广州铁路公安局大数据建模平台建设项目招标文件.pdf"", ""attach_url"": ""https://download.ccgp.gov.cn/oss/download?uuid=26E0EB53FFAB9208B488C739DFCC86""}]",https://www.ccgp.gov.cn/cggg/zygg/gzgg/202609/t20260904_27270234.htm,2026-09-10 09:47:26,一、项目基本情况 原公告的采购项目编号：HS202604GA12 原公告的采购项目名称：广州铁路公安局大数据建模平台建设项目 首次公告日期：2026年08月26日 二、更正信息 更正事项：采购文件 更正内容： 1.原招标文件P54《详细评审表》技术部分“关键技术能力1-根据投标人提供的产品在CPU核数≤120核、内存≤150GB的大数据集群资源环境下性能是否满足以下关键技术能力要求进行评审：①大表关联计算：将2张分别包含1亿条/1亿条数据的表，先进行字段关联计算，再进行统计总行数，并将计算结果写入结果表的耗时应≤50秒；②过滤计算：分别对包含20亿条/100亿条数据的表，先进行字段过滤，再进行统计总行数，并将计算结果接入结果表的耗时应分别≤2秒/11秒；数据量10亿级的单表，过滤算子的计算时间≤10秒。③并发访问数：对一张包含10亿条数据的表进行100用户并发总行数统计操作，场景持续运行5分钟后停止，统计事务平均响应时间应≤6秒；④去重计算：分别对包含20亿条/100亿条数据的表，先进行字段去重，再进行统计总行数，并将计算结果写入结果表的耗时应≤10秒/50秒；完全满足上述要求得8分，每有1项不满足扣2分，扣完为止。注：依据投标人提供的由具备CNAS（中国合格评定国家认可委员会）认可资质的第三方检验机构出具的产品性能检测报告复印件作为评审依据，检测报告需加盖投标人公章，否则视为不满足。”更正为：“关键技术能力1-根据投标人提供的产品在CPU核数≤120核、内存≤150GB的大数据集群资源环境下性能是否满足以下关键技术能力要求进行评审：①大表关联计算：将2张分别包含1亿条/1亿条数据的表，先进行字段关联计算，再进行统计总行数，并将计算结果写入结果表的耗时应≤50秒；②过滤计算：分别对包含20亿条/100亿条数据的表，先进行字段过滤，再进行统计总行数，并将计算结果接入结果表的耗时应分别≤2秒/11秒；数据量10亿级的单表，过滤算子的计算时间≤10秒；③并发访问数：对一张包含10亿条数据的表进行100用户并发总行数统计操作，场景持续运行5分钟后停止，统计事务平均响应时间应≤6秒；④去重计算：分别对包含20亿条/100亿条数据的表，先进行字段去重，再进行统计总行数，并将计算结果写入结果表的耗时应≤10秒/50秒。完全满足上述要求得8分，每有1项不满足扣2分，扣完为止。注：依据投标人提供的由具备CNAS（中国合格评定国家认可委员会）认可资质的第三方检验机构出具的产品性能检测报告复印件或提供满足上述要求的产品性能界面截图作为评审依据，检测报告或产品性能界面截图需加盖投标人公章，否则视为不满足。”2.原招标文件P55《详细评审表》技术部分“关键技术能力2-根据投标人提供的建模平台产品是否具备①数据表自运算、②数据多表运算、③离线模型构建、④流式模型构建能力进行评审：每满足1项得1分，完全满足得4分，不提供不得分。注：依据投标人提供的由具备CNAS（中国合格评定国家认可委员会）认可资质的第三方检验机构出具的产品功能检测报告复印件作为评审依据，检测报告需加盖投标人公章，否则视为不满足。”更正为：“关键技术能力2-根据投标人提供的建模平台产品是否具备①数据表自运算、②数据多表运算、③离线模型构建、④流式模型构建能力进行评审：每满足1项得1分，完全满足得4分，不提供不得分。注：依据投标人提供的由具备CNAS（中国合格评定国家认可委员会）认可资质的第三方检验机构出具的产品功能检测报告复印件或提供满足上述要求的产品性能界面截图作为评审依据，检测报告或产品性能界面截图需加盖投标人公章，否则视为不满足。”3.原招标文件P59《详细评审表》商务部分“企业综合实力-投标人具有以下认证证书且证书在有效期内：1.具有质量管理体系认证证书得2分； 2.具有环境管理体系认证证书得2分； 3.具有职业健康安全管理体系认证证书得2分。注：提供相关证书扫描件及全国认证认可信息公共服务平台（cx.cnca.cn）查询结果为有效的截图作证明材料，已失效、撤销、暂停或不提供的不得分。如投标人单位成立时间不足3个月导致无法取得上述证书，视同满足相应得分。”更正为：“质量管理体系认证情况-投标人或产品厂家具有有效期内的质量管理体系认证证书，得6分。注：提供上述证书扫描件及全国认证认可信息公共服务平台（cx.cnca.cn）查询结果为有效的截图作证明材料，已失效、撤销、暂停或不提供的不得分。如投标人单位成立时间不足3个月导致无法取得上述证书，视同满足相应得分。”4.原招标文件P59《详细评审表》商务部分“软件研发能力-为考察投标人或产品厂家的软件自主研发能力及技术保障水平，对投标人或产品厂家拥有的与本项目产品相关的计算机软件著作权登记证书进行评审：投标人所提供的软件产品具有可视化建模、大数据模型、业务算子建模、模型运营、多维可视分析、流式建模等相关软件著作权的，每提供1项计算机软件著作权登记证书得1分；最高得6分。注：提供国家版权局颁发的《计算机软件著作权登记证书》复印件并加盖投标人公章，证书权利人名称须与投标人或产品厂家一致。”更正为：“软件研发能力-为考察投标人或产品厂家的软件自主研发能力及技术保障水平，对投标人或产品厂家拥有的与本项目产品相关的计算机软件著作权登记证书进行评审：投标人所提供的软件产品具有可视化建模、大数据模型、业务算子建模、模型运营、多维可视分析、流式建模等相关软件著作权，按下列两类情形认定计分：第一类（持有多项软著）：投标人或产品厂家按上述各功能类别分别持有软件著作权登记证书的，每提供1项对应功能类别的计算机软件著作权登记证书得1分，最高得6分。第二类（持有非多项软著）：投标人或产品厂家仅持有一项计算机软件著作权登记证书，但软件产品同时实现上述多个功能类别的，提供该软件著作权登记证书，并结合该软件对应的软件说明书（功能说明）或功能清单等材料佐证其实际实现的功能类别的，按其证实的功能类别分别计分，每实现1个功能类别得1分，最高得6分，不要求各功能类别分别办理独立软件著作权登记。注：1.提供国家版权局颁发的《计算机软件著作权登记证书》复印件并加盖投标人公章，证书权利人名称须与投标人或产品厂家一致；2.属于第二类情况的需同时提供软件说明书（功能说明）或功能清单，且所提供产品须与该软件著作权登记证书对应软件为同一软件产品（名称、版本一致）。要求所提供的各功能类别能体现上述功能类别关键词，无法明确对应到具体功能类别的，相应类别不予计分。”5.原招标文件P60《详细评审表》商务部分“培训及售后方案-根据投标人提供的拟投入本项目的培训讲师经验进行评审：1.投标人提供的培训讲师具备5年或以上警务数据分析或与本项目相关的培训经验，得2分；2.投标人提供的培训讲师具备3年（含）-5年（不含）警务数据分析或与本项目相关的培训经验，得1分。注：提供培训讲师履历表（含培训经验年限、培训经验内容），其他情况或未提供履历表不得分。”更正为：商务部分“培训及售后方案-根据投标人提供的拟投入本项目的培训讲师经验进行评审：1.投标人提供的培训讲师具备3年或以上警务数据分析或与本项目相关的培训经验，得2分；2.投标人提供的培训讲师具备1年（含）-3年（不含）警务数据分析或与本项目相关的培训经验，得1分。注：提供培训讲师履历表（含培训经验年限、培训经验内容），其他情况或未提供履历表不得分。”6.原招标文件/公告：“三、获取招标文件：1.时间： 2026年08月26日至 2026年09月02日，每天上午8:30至12:00，下午14:00至17:30（北京时间，法定节假日除外）”更正为：“三、获取招标文件：1.时间： 2026年08月26日至 2026年09月11日，每天上午8:30至12:00，下午14:00至17:30（北京时间，法定节假日除外）”7.原招标文件/公告：“四、提交投标文件截止时间、开标时间和地点：2026年09月16日09点30分（北京时间）”更正为：“四、提交投标文件截止时间、开标时间和地点：2026年09月21日09点30分（北京时间）” 更正日期：2026年09月04日 三、其他补充事宜 无。 四、凡对本次公告内容提出询问，请按以下方式联系。 1.采购人信息 名 称：广州铁路公安局 地址：广州市中山一路151号 联系方式：020-61329258 2.采购代理机构信息 名 称：华晟（广东）招标采购有限公司 地 址：广州市天河区天源路767号兴怡物业2栋5楼501 联系方式：020-85645549、19120483622 3.项目联系方式 项目联系人：黄工 电 话： 020-85645549,公共安全,,中国政府采购网,,,default,,采购文件,,,,,,,,,
天津大学国家低空技术工程产教融合创新平台（设备更新）项目初步设计及投资概算报告编制更正公告,变更公告,TDQT202600060,2026年09月04日 17:01,天津市,天津大学,天津市南开区卫津路92号,郝老师、孔老师、李老师 022-27409559（招标办）,天津市泛亚工程咨询有限公司,天津市河西区广顺道2号,武宇哲、孙春建、杭斌、莫砚  022-23239906,武宇哲、孙春建、杭斌、莫砚,022-23239906,,,https://www.ccgp.gov.cn/cggg/zygg/gzgg/202609/t20260904_27270125.htm,2026-09-10 09:47:27,一、项目基本情况 原公告的采购项目编号：TDQT202600060 原公告的采购项目名称：天津大学国家低空技术工程产教融合创新平台（设备更新）项目初步设计及投资概算报告编制快速磋商公告 首次公告日期：2026年08月31日 二、更正信息 更正事项：采购公告 更正内容： 1.本项目获取磋商文件的时间延期至：2026年9月8日17:00（北京时间）2.本项目响应文件提交的截止时间、响应文件开启时间、磋商时间更正为：2026年9月11日上午09:30（北京时间）。3、除以上更正内容外，快速磋商文件其他部分内容不变。 更正日期：2026年09月04日 三、其他补充事宜 无 四、凡对本次公告内容提出询问，请按以下方式联系。 1.采购人信息 名 称：天津大学 地址：天津市南开区卫津路92号 联系方式：郝老师、孔老师、李老师 022-27409559（招标办） 2.采购代理机构信息 名 称：天津市泛亚工程咨询有限公司 地 址：天津市河西区广顺道2号 联系方式：武宇哲、孙春建、杭斌、莫砚 022-23239906 3.项目联系方式 项目联系人：武宇哲、孙春建、杭斌、莫砚 电 话： 022-23239906,教育培训,,中国政府采购网,,,default,,采购公告,,,,,,,,,
东北师范大学马部搬迁至外语楼家具采购更正公告,变更公告,ZZ61757HW04310097,2026年09月04日 16:59,吉林省,东北师范大学,吉林省长春市人民大街5268号,陈老师  0431-85099967,中资国际工程咨询集团有限责任公司,长春市二道区东南湖大路3030号,陈东  0431-82666668,徐老师,13321416266,,,https://www.ccgp.gov.cn/cggg/zygg/gzgg/202609/t20260904_27270083.htm,2026-09-10 09:47:28,一、项目基本情况 原公告的采购项目编号：ZZ61757HW04310097 原公告的采购项目名称：东北师范大学马部搬迁至外语楼家具采购 首次公告日期：2026年08月27日 二、更正信息 更正事项：采购文件 更正内容： 1.采购文件中1.12偏离：不允许负偏离，更正为：1.12偏离：允许正偏离，除技术指标参数外不允许负偏离。2.采购文件第五章评审方法 响应性评审标准 磋商项目需求：满足第三章“磋商项目需求”规定。更正为：除技术指标参数外均满足第三章“磋商项目需求”。3.响应文件递交截止时间（开启时间、磋商截止时间）变更至2026年9月18日14时00分（北京时间）。 更正日期：2026年09月04日 三、其他补充事宜 其他内容不变 四、凡对本次公告内容提出询问，请按以下方式联系。 1.采购人信息 名 称：东北师范大学 地址：吉林省长春市人民大街5268号 联系方式：陈老师 0431-85099967 2.采购代理机构信息 名 称：中资国际工程咨询集团有限责任公司 地 址：长春市二道区东南湖大路3030号 联系方式：陈东 0431-82666668 3.项目联系方式 项目联系人：徐老师 电 话： 13321416266,教育培训,,中国政府采购网,,,default,,采购文件,,,,,,,,,
中国科学院自动化研究所消防设施及电气防火检测项目比选公告更正公告,变更公告,KJY20261996,2026年09月04日 16:53,北京市,中国科学院自动化研究所,北京市海淀区中关村东路95号,李老师,北京科技园拍卖招标有限公司,北京市海淀区万柳光大西园6号楼0188,张曼、庞海礁  010-82575731/5831-270/269,张曼、庞海礁,010-82575731,,,https://www.ccgp.gov.cn/cggg/zygg/gzgg/202609/t20260904_27269969.htm,2026-09-10 09:47:29,一、项目基本情况 原公告的采购项目编号：KJY20261996 原公告的采购项目名称：中国科学院自动化研究所消防设施及电气防火检测项目比选公告 首次公告日期：2026年08月31日 二、更正信息 更正事项：采购公告 更正内容： 原比选公告：一、采购项目内容1.3服务期限：2年现更正为：一、采购项目内容1.3服务期限：1年其他内容不变。 更正日期：2026年09月04日 三、其他补充事宜 无 四、凡对本次公告内容提出询问，请按以下方式联系。 1.采购人信息 名 称：中国科学院自动化研究所 地址：北京市海淀区中关村东路95号 联系方式：李老师 2.采购代理机构信息 名 称：北京科技园拍卖招标有限公司 地 址：北京市海淀区万柳光大西园6号楼0188 联系方式：张曼、庞海礁 010-82575731/5831-270/269 3.项目联系方式 项目联系人：张曼、庞海礁 电 话： 010-82575731/5831-270/269,教育培训,,中国政府采购网,,,default,,采购公告,,,,,,,,,
清华大学附属中学2026年度教学家具购置项目更正公告,变更公告,,2026年09月04日 16:44,北京市,清华大学,北京市海淀区清华园,周老师，010-62789532,新华招标有限公司,北京市海淀区莲花池东路39号西金大厦8层,张骏 010-63905815,刁玉蕊、张骏,010-63905815、010-63905973,清华大学附属中学2026年度教学家具购置项目更正公告.pdf,"[{""attach_name"": ""清华大学附属中学2026年度教学家具购置项目更正公告.pdf"", ""attach_url"": ""https://download.ccgp.gov.cn/oss/download?uuid=4A4432B2C52A56F456A1635B3287A3""}]",https://www.ccgp.gov.cn/cggg/zygg/gzgg/202609/t20260904_27269716.htm,2026-09-10 09:47:29,一、项目基本情况 原公告的采购项目编号：清采招第20260358号/XHTC-HW-2026-1130 原公告的采购项目名称：清华大学附属中学2026年度教学家具购置项目 首次公告日期：2026年08月21日 二、更正信息 更正事项：采购文件 更正内容： 原招标文件中1．第一章 投标邀请，四、提交投标文件截止时间、开标时间和地点地点：北京市海淀区莲花池东路39号西金大厦8层新华招标有限公司。现修改为：地点：第三街区数字经济产业园（北京市西城区马连道胡同甲1号，西南门进左转）。2. 第二章 投标人须知资料表，4.1样品，（3）样品递交要求1）投标样品请于开标前一天8:00-12:00送达开标地点，请联系代理公司办理样品接收和退换事宜。现修改为：1）投标样品请于开标当天7:30-9:00送达开标地点，请联系代理公司办理样品接收和退换事宜。联系人：张骏，联系电话：13161303736。 更正日期：2026年09月04日 三、其他补充事宜 相关修改按此执行，其余不变，特此公告。本公告同时在中国政府采购网和清华大学采购信息发布平台上发布。公告期限:自本公告发布之日起1个工作日。 四、凡对本次公告内容提出询问，请按以下方式联系。 1.采购人信息 名 称：清华大学 地址：北京市海淀区清华园 联系方式：周老师，010-62789532 2.采购代理机构信息 名 称：新华招标有限公司 地 址：北京市海淀区莲花池东路39号西金大厦8层 联系方式：张骏 010-63905815 3.项目联系方式 项目联系人：刁玉蕊、张骏 电 话： 010-63905815、010-63905973,教育培训,,中国政府采购网,,,default,,采购文件,,,,,,,,,
江西鑫中建工程管理咨询有限公司关于万年县消防救援大队人身意外伤害保险购置项目更正公告,变更公告,JXXZJ2026-FW-C003,2026年09月04日 16:42,万年县,万年县消防救援大队,江西省上饶市万年县四邑路18号,秦先生13247711579,江西鑫中建工程管理咨询有限公司,江西省南昌市青山湖区顺外路189号1栋1单元601室,周先生13576287239,秦先生,13247711579,,,https://www.ccgp.gov.cn/cggg/zygg/gzgg/202609/t20260904_27269676.htm,2026-09-10 09:47:30,一、项目基本情况 原公告的采购项目编号：JXXZJ2026-FW-C003 原公告的采购项目名称：万年县消防救援大队人身意外伤害保险购置项目 首次公告日期：2026年08月31日 二、更正信息 更正事项：采购文件 更正内容： 本磋商文件第一章磋商邀请引文（磋商邀请文字第二行）中载明的响应文件提交时间 “2026 年 9 月 11 日 09 点 30 分 (北京时间)” 与第一章磋商邀请 六、“响应文件提交与开启” 条款时间冲突，本项目响应文件提交截止时间、开启时间统一以“六、响应文件提交与开启”内容为准：2026 年 9 月 20 日 09 点 00 分（北京时间）；提交及开启地点：上饶市公共资源交易中心开标室。本提示作为本项目磋商文件补充说明，请供应商按本更正提示时间编制、提交响应文件。 更正日期：2026年09月04日 三、其他补充事宜 四、凡对本次公告内容提出询问，请按以下方式联系。 1.采购人信息 名 称：万年县消防救援大队 地址：江西省上饶市万年县四邑路18号 联系方式：秦先生13247711579 2.采购代理机构信息 名 称：江西鑫中建工程管理咨询有限公司 地 址：江西省南昌市青山湖区顺外路189号1栋1单元601室 联系方式：周先生13576287239 3.项目联系方式 项目联系人：秦先生 电 话： 13247711579,公共安全,,中国政府采购网,,,default,,采购文件,,,,,,,,,
2026年度丽水市消防救援支队车辆保险服务采购项目更正公告,变更公告,,2026年09月04日 16:41,市辖区,丽水市消防救援支队,丽水市莲都区城北街399号,戴先生/0578-2216023,浙江方圆工程咨询有限公司,丽水市莲都区北苑路198号财富大厦5楼,杨静、杨冯倩/0578-2185319,杨静、杨冯倩,0578-2185319,,,https://www.ccgp.gov.cn/cggg/zygg/gzgg/202609/t20260904_27269632.htm,2026-09-10 09:47:31,一、项目基本情况 原公告的采购项目编号：浙方咨招2026046号 原公告的采购项目名称：2026年度丽水市消防救援支队车辆保险服务采购项目 首次公告日期：2026年09月04日 二、更正信息 更正事项：采购公告 更正内容： 原公告内容：获取招标文件时须向采购代理机构提供以下资料： （1）委托书（格式自拟）、联系人及联系方式； （2）营业执照副本复印件、食品经营许可证复印件； 以上资料须加盖单位公章，现场递交或以电子邮件（邮箱：283970387@qq.com）的形式发送，未提交报名资料的投标人对招标文件提出的质疑，不予受理。现更改为：获取采购文件时需向采购代理机构提供以下资料：（1）报名委托书（格式自拟）、联系人及联系方式；（2）营业执照副本、保险许可证复印件；以上资料须加盖单位公章，现场递交或以电子邮件（邮箱：283970387@qq.com）的形式发送，未提交报名资料的供应商对磋商文件提出的质疑不予受理。 更正日期：2026年09月04日 三、其他补充事宜 无 四、凡对本次公告内容提出询问，请按以下方式联系。 1.采购人信息 名 称：丽水市消防救援支队 地址：丽水市莲都区城北街399号 联系方式：戴先生/0578-2216023 2.采购代理机构信息 名 称：浙江方圆工程咨询有限公司 地 址：丽水市莲都区北苑路198号财富大厦5楼 联系方式：杨静、杨冯倩/0578-2185319 3.项目联系方式 项目联系人：杨静、杨冯倩 电 话： 0578-2185319,公共安全,,中国政府采购网,,,default,,采购公告,,,,,,,,,
2026年中央国家机关充电基础设施更正公告（二次）,变更公告,ZTXY-2026-G390581,2026年09月04日 16:40,北京市,北京科技大学,北京科技大学海淀区学院路30号,胡老师；010-62333209/gccg@ustb.edu.cn,中天信远国际招投标咨询(北京)有限公司,北京市朝阳区南磨房路37号华腾北搪商务大厦11层1105室,张鹏、车颖颖、王新力、李响、王文姣、孙兴旺、李卓原、周姗、成志凯、张静、王平、鲁智慧；010-53779910,张鹏、车颖颖、王新力、李响、王,010-53779910,,,https://www.ccgp.gov.cn/cggg/zygg/gzgg/202609/t20260904_27269627.htm,2026-09-10 09:47:31,一、项目基本情况 原公告的采购项目编号：ZTXY-2026-G390581 原公告的采购项目名称：2026年中央国家机关充电基础设施 首次公告日期：2026年08月14日 二、更正信息 更正事项：采购文件 更正内容： 原招标文件《第一章 招标公告》四、提交投标文件截止时间、开标时间和地点提交投标文件截止时间、开标时间：2026年9月7日09点30分（北京时间）地点：北京市朝阳区南磨房路37号华腾北搪商务大厦11层1113室。更正为：四、提交投标文件截止时间、开标时间和地点提交投标文件截止时间、开标时间：2026年9月11日09点30分（北京时间）地点：北京市朝阳区南磨房路37号华腾北搪商务大厦11层1115第一会议室。 更正日期：2026年09月04日 三、其他补充事宜 公告期限：自本公告发布之日起1个工作日。 四、凡对本次公告内容提出询问，请按以下方式联系。 1.采购人信息 名 称：北京科技大学 地址：北京科技大学海淀区学院路30号 联系方式：胡老师；010-62333209/gccg@ustb.edu.cn 2.采购代理机构信息 名 称：中天信远国际招投标咨询(北京)有限公司 地 址：北京市朝阳区南磨房路37号华腾北搪商务大厦11层1105室 联系方式：张鹏、车颖颖、王新力、李响、王文姣、孙兴旺、李卓原、周姗、成志凯、张静、王平、鲁智慧；010-53779910 3.项目联系方式 项目联系人：张鹏、车颖颖、王新力、李响、王文姣、孙兴旺、李卓原、周姗、成志凯、张静、王平、鲁智慧 电 话： 010-53779910,教育培训,,中国政府采购网,,,default,,采购文件,,,,,,,,,
华中科技大学同济医学院附属协和医院心外科、神经外科、麻醉科、血液科等多科室输注泵404台更正公告,变更公告,ZF2026-HB-0817,2026年09月04日 16:25,湖北省,华中科技大学同济医学院附属协和医院,湖北省武汉市解放大道1277号,李老师 027-85726571,安徽省招标集团股份有限公司,湖北省武汉市硚口区解放大道586号同馨商务大厦2306室,倪裳、黄敏冲、袁童、柳小豪、徐杜敏 027-83799899、19986914585,倪裳、黄敏冲、袁童、柳小豪、徐,027-83799899、19986914585,,,https://www.ccgp.gov.cn/cggg/zygg/gzgg/202609/t20260904_27269191.htm,2026-09-10 09:47:32,一、项目基本情况 原公告的采购项目编号：ZF2026-HB-0817 原公告的采购项目名称：心外科、神经外科、麻醉科、血液科等多科室输注泵404台 首次公告日期：2026年08月28日 二、更正信息 更正事项：采购公告 更正内容： 本项目“获取招标文件”的时间更正为：2026年08月28日  至 2026年09月09日，每天上午9:00至12:00，下午14:00至17:30。（北京时间，法定节假日除外） 更正日期：2026年09月04日 三、其他补充事宜 无 四、凡对本次公告内容提出询问，请按以下方式联系。 1.采购人信息 名 称：华中科技大学同济医学院附属协和医院 地址：湖北省武汉市解放大道1277号 联系方式：李老师 027-85726571 2.采购代理机构信息 名 称：安徽省招标集团股份有限公司 地 址：湖北省武汉市硚口区解放大道586号同馨商务大厦2306室 联系方式：倪裳、黄敏冲、袁童、柳小豪、徐杜敏 027-83799899、19986914585 3.项目联系方式 项目联系人：倪裳、黄敏冲、袁童、柳小豪、徐杜敏 电 话： 027-83799899、19986914585,医疗卫生,,中国政府采购网,,,default,,采购公告,,,,,,,,,
国家深海基地管理中心科考船保税油采购项目更正公告2,变更公告,ZYZB2026-01-114,2026年09月04日 16:16,青岛市,国家深海基地管理中心,青岛市即墨区鳌山卫街道问海东路69号,曹老师0532-67722082,青岛中盈招标咨询有限公司,青岛市市北区敦化路381号中铁青岛广场C座623,李工、杨工0532-80977978、0532-55725015,李工、杨工,0532-80977978、0532-55725015,,,https://www.ccgp.gov.cn/cggg/zygg/gzgg/202609/t20260904_27268982.htm,2026-09-10 09:47:33,一、项目基本情况 原公告的采购项目编号：ZYZB2026-01-114 原公告的采购项目名称：国家深海基地管理中心科考船保税油采购项目招标公告 首次公告日期：2026年08月25日 二、更正信息 更正事项：采购公告 更正内容： 本项目获取招标文件时间变更为2026年8月 26日至2026年 9月11日，每天上午09:00至11:30，下午13：30至16:30（北京时间，法定节假日除外） 更正日期：2026年09月04日 三、其他补充事宜 四、凡对本次公告内容提出询问，请按以下方式联系。 1.采购人信息 名 称：国家深海基地管理中心 地址：青岛市即墨区鳌山卫街道问海东路69号 联系方式：曹老师0532-67722082 2.采购代理机构信息 名 称：青岛中盈招标咨询有限公司 地 址：青岛市市北区敦化路381号中铁青岛广场C座623 联系方式：李工、杨工0532-80977978、0532-55725015 3.项目联系方式 项目联系人：李工、杨工 电 话： 0532-80977978、0532-55725015,服务外包,,中国政府采购网,,,default,,采购公告,,,,,,,,,
北京外国语大学开户银行竞争性选择项目更正公告,变更公告,BMCC-ZC26-0935,2026年09月04日 16:08,北京市,北京外国语大学,北京市海淀区西三环北路2号,吴老师 010-88818218,北京明德致信咨询有限公司,北京市海淀区学院路30号科大天工大厦B座17层1709室,王爽、于歌、高宇、吕绍山 010-61196301 ws@zbbmcc.com,王爽、于歌、高宇、吕绍山,010-61196301,0935-北京外国语大学开户银行竞争性选择项目-更正公告.docx,"[{""attach_name"": ""0935-北京外国语大学开户银行竞争性选择项目-更正公告.docx"", ""attach_url"": ""https://download.ccgp.gov.cn/oss/download?uuid=AB88EB903341067CC17FE0D63CBAEF""}]",https://www.ccgp.gov.cn/cggg/zygg/gzgg/202609/t20260904_27268803.htm,2026-09-10 09:47:33,一、项目基本情况 原公告的采购项目编号：BMCC-ZC26-0935 原公告的采购项目名称：北京外国语大学开户银行竞争性选择项目 首次公告日期：2026年09月02日 二、更正信息 更正事项：采购文件 更正内容： 1.对竞争性选择文件“第三章 竞争性选择办法 评分指标【02包】”的服务水平中的服务方案的内容进行更正。以上更正后的文件已上传至系统，请各供应商登录“北京明德致信咨询有限公司”官网重新下载更新后的竞争性选择文件。 更正日期：2026年09月04日 三、其他补充事宜 其他事宜均不做更正。具体内容详见附件下载 四、凡对本次公告内容提出询问，请按以下方式联系。 1.采购人信息 名 称：北京外国语大学 地址：北京市海淀区西三环北路2号 联系方式：吴老师 010-88818218 2.采购代理机构信息 名 称：北京明德致信咨询有限公司 地 址：北京市海淀区学院路30号科大天工大厦B座17层1709室 联系方式：王爽、于歌、高宇、吕绍山 010-61196301 ws@zbbmcc.com 3.项目联系方式 项目联系人：王爽、于歌、高宇、吕绍山 电 话： 010-61196301,教育培训,,中国政府采购网,,,default,,采购文件,,,,,,,,,
中华人民共和国南通海关南通海关青年西路办公大楼15层候梯厅及16层电梯机房屋顶维修与防水工程更正公告,变更公告,NTHG-JH20260802,2026年09月04日 16:05,市辖区,中华人民共和国南通海关,南通市青年西路208号,邱女士，0513-68283829,江苏省江豪工程项目管理有限公司,南通市崇川区幸福街道永福路10号江豪大厦10楼,王盼   18862954806,王盼,18862954806,更正-技术标评审.docx,"[{""attach_name"": ""更正-技术标评审.docx"", ""attach_url"": ""https://download.ccgp.gov.cn/oss/download?uuid=ACA8804AE42087A1D929FD5BFBCE57""}]",https://www.ccgp.gov.cn/cggg/zygg/gzgg/202609/t20260904_27268734.htm,2026-09-10 09:47:34,"一、项目基本情况 原公告的采购项目编号：NTHG-JH20260802 原公告的采购项目名称：中华人民共和国南通海关南通海关青年西路办公大楼15层候梯厅及16层电梯机房屋顶维修与防水工程竞争性磋商公告 首次公告日期：2026年08月27日 二、更正信息 更正事项：采购文件 更正内容： 1、原招标文件“第四章 评标办法和程序 技术分评定表”中，序号2、序号3分值调整，技术标总分值不变，详见附件。2、磋商文件获取截止时间更正为：2026年8月27日-2026年9月8日,每天上午9:30分至11:30分，下午14:30分至17:00分（北京时间，法定节假日除外）3、开标时间更正为：9月9日14时30分，其他内容不变。 更正日期：2026年09月04日 三、其他补充事宜 四、凡对本次公告内容提出询问，请按以下方式联系。 1.采购人信息 名 称：中华人民共和国南通海关 地址：南通市青年西路208号 联系方式：邱女士，0513-68283829 2.采购代理机构信息 名 称：江苏省江豪工程项目管理有限公司 地 址：南通市崇川区幸福街道永福路10号江豪大厦10楼 联系方式：王盼 18862954806 3.项目联系方式 项目联系人：王盼 电 话： 18862954806",信息技术,,中国政府采购网,,,default,,采购文件,,,,,,,,,
云南省墨江哈尼族自治县气象局墨江县极端灾害性天气监测预报预警能力提升建设项目--自动气象观测设备及备品备件采购项目更正公告,变更公告,ZYZB-2026-126,2026年09月04日 15:49,墨江哈尼族自治县,云南省墨江哈尼族自治县气象局,墨江县联珠镇者铁村大巴豆组,吴仕轩13769912869,云南智扬工程项目管理有限公司,云南省昆明市盘龙区白云路168号瑞鼎城A栋商务中心第11层1118号,羊振、张洋铭、苏凤霞、普清秀0871-63856268,羊振、张洋铭、苏凤霞、普清秀,0871-63856268,"中标结果公告-气象局.pdf,墨江县极端灾害性天气监测预报预警能力提升建设项目--自动气象观测设备及备品备件采购项目（定稿8.12).pdf,中小企业声明函--新气象.pdf","[{""attach_name"": ""中标结果公告-气象局.pdf"", ""attach_url"": ""https://download.ccgp.gov.cn/oss/download?uuid=8977556F51A2CD82E05B38E5ADF0BB""}, {""attach_name"": ""墨江县极端灾害性天气监测预报预警能力提升建设项目--自动气象观测设备及备品备件采购项目（定稿8.12).pdf"", ""attach_url"": ""https://download.ccgp.gov.cn/oss/download?uuid=EF25A2EBDAD649891F2457000BEACF""}, {""attach_name"": ""中小企业声明函--新气象.pdf"", ""attach_url"": ""https://download.ccgp.gov.cn/oss/download?uuid=A892FF8E34DD1FB4A2A680CA12ECE2""}]",https://www.ccgp.gov.cn/cggg/zygg/gzgg/202609/t20260904_27268394.htm,2026-09-10 09:47:34,一、项目基本情况 原公告的采购项目编号：ZYZB-2026-126 原公告的采购项目名称：墨江县极端灾害性天气监测预报预警能力提升建设项目--自动气象观测设备及备品备件采购项目中标结果公告 首次公告日期：2026年09月03日 二、更正信息 更正事项：采购结果 更正内容： 原主要标的信息“基础设施”更正为“结构件、辅材及技术服务费”。其他内容不变。 更正日期：2026年09月04日 三、其他补充事宜 无 四、凡对本次公告内容提出询问，请按以下方式联系。 1.采购人信息 名 称：云南省墨江哈尼族自治县气象局 地址：墨江县联珠镇者铁村大巴豆组 联系方式：吴仕轩13769912869 2.采购代理机构信息 名 称：云南智扬工程项目管理有限公司 地 址：云南省昆明市盘龙区白云路168号瑞鼎城A栋商务中心第11层1118号 联系方式：羊振、张洋铭、苏凤霞、普清秀0871-63856268 3.项目联系方式 项目联系人：羊振、张洋铭、苏凤霞、普清秀 电 话： 0871-63856268,设备购置,,中国政府采购网,,,default,,采购结果,,,,,,,,,
复旦大学附属中山医院青浦新城一期项目开办运营标识设计制作维护项目招标文件澄清,变更公告,0613-267133054808,2026年09月04日 15:48,上海市,复旦大学附属中山医院,上海市枫林路180号,杨老师021-64041990,上海机电设备招标有限公司,上海市普陀区长寿路285号恒达大厦16楼1606室,盛晓敏、孙瑞强021-32557729、32557738,盛晓敏,021-32557729,,,https://www.ccgp.gov.cn/cggg/zygg/gzgg/202609/t20260904_27268393.htm,2026-09-10 09:47:35,一、项目基本情况 原公告的采购项目编号：0613-267133054808 原公告的采购项目名称：复旦大学附属中山医院青浦新城一期项目开办运营标识设计制作维护项目公开招标公告 首次公告日期：2026年08月21日 二、更正信息 更正事项：采购文件 更正内容： ①取消10%履约保证金银行保函。②提交投标文件截止时间和开标时间延期至2026年9月20日09点00分③其余内容不变。 更正日期：2026年09月04日 三、其他补充事宜 / 四、凡对本次公告内容提出询问，请按以下方式联系。 1.采购人信息 名 称：复旦大学附属中山医院 地址：上海市枫林路180号 联系方式：杨老师021-64041990 2.采购代理机构信息 名 称：上海机电设备招标有限公司 地 址：上海市普陀区长寿路285号恒达大厦16楼1606室 联系方式：盛晓敏、孙瑞强021-32557729、32557738 3.项目联系方式 项目联系人：盛晓敏 电 话： 021-32557729,医疗卫生,,中国政府采购网,,,default,,采购文件,,,,,,,,,
中国地震应急搜救中心中国国际救援队搜索营救装备购置项目包6澄清公告,变更公告,TC260104J,2026年09月04日 15:40,北京市,中国地震应急搜救中心,北京市石景山区玉泉西街1号,王老师、010-59956335,中招国际招标有限公司,北京市海淀区中关村资本大厦613B,周毅、010-62108092,周毅,010-62108092,,,https://www.ccgp.gov.cn/cggg/zygg/gzgg/202609/t20260904_27268242.htm,2026-09-10 09:47:35,一、项目基本情况 原公告的采购项目编号：TC260104J 原公告的采购项目名称：中国地震应急搜救中心中国国际救援队搜索营救装备购置项目公开招标公告 首次公告日期：2026年08月25日 二、更正信息 更正事项：采购文件 更正内容： 现对中国地震应急搜救中心中国国际救援队搜索营救装备购置项目包6补充通信装备招标文件第五章采购需求的部分内容进行修改，并顺延了本项目包6的投标截止时间及开标时间。澄清内容详见《招标文件澄清文件-包6-1》。 更正日期：2026年09月04日 三、其他补充事宜 无。 四、凡对本次公告内容提出询问，请按以下方式联系。 1.采购人信息 名 称：中国地震应急搜救中心 地址：北京市石景山区玉泉西街1号 联系方式：王老师、010-59956335 2.采购代理机构信息 名 称：中招国际招标有限公司 地 址：北京市海淀区中关村资本大厦613B 联系方式：周毅、010-62108092 3.项目联系方式 项目联系人：周毅 电 话： 010-62108092,公共安全,,中国政府采购网,,,default,,采购文件,,,,,,,,,
中国科学院微生物研究所分析型流式细胞仪采购项目更正公告,变更公告,OITC-G260390912,2026年09月04日 15:33,北京市,中国科学院微生物研究所,北京市朝阳区北辰西路1号院3号,王老师 010-64806141,东方国际招标有限责任公司,北京市海淀区丹棱街1号互联网金融中心20层,迟兆洋、叶明、荀笑尘、芮虎峥 010-68290585/0589 hzrui@oitc.com.cn、xcxun@oitc.com.cn,迟兆洋、叶明、荀笑尘、芮虎峥,010-68290585,,,https://www.ccgp.gov.cn/cggg/zygg/gzgg/202609/t20260904_27268097.htm,2026-09-10 09:47:36,一、项目基本情况 原公告的采购项目编号： OITC-G260390912 原公告的采购项目名称：中国科学院微生物研究所分析型流式细胞仪采购项目 首次公告日期：2026年08月04日 二、更正信息 更正事项：采购文件 更正内容： 1、▲3、可实现在常规流式设备的基础上外加独立的光谱模块升级到全光谱流式，至少升级到 4 激光 63 个检测通道，同时可实现常规流式与全光谱流式的自由切换（需要提供成型机的官网截图证明和对应官网链接和制造商公开发布的印刷资料，中标后 3 天内提供样机参观）；更正为：▲3、可实现在常规流式设备的基础上外加独立的光谱模块升级到全光谱流式或者直接具有全光谱流式功能，可实现常规流式与全光谱流式的自由切换（需要提供成型机的官网截图证明和对应官网链接和制造商公开发布的印刷资料，中标后3天内提供样机参观）2、▲11.升级后的光谱软件可以基于降维聚类算法对所有通道信号进行解析，自动寻找不同的自发荧光群体并进行扣除（提供相应光谱软件截图）更正为：▲11.升级后的光谱软件可以对不同的自发荧光群体进行扣除(提供相应光谱软件截图)”3、▲19.分析软件支持中英文操作界面，安装无版权限制。升级后的光谱流式分析软件具备最小二乘法和混合柏松算法（提供相应光谱软件截图）更正为：▲19.分析软件支持中英文操作界面，安装无版权限制。升级后的光谱流式分析软件具备≥1种算法，降低扩散误差，提高数据准确性（提供相应光谱软件截图）。4、本项目递交文件截止时间、开标时间更正为：2026年9月20日09:30（北京时间）5、本项目递交文件地点、开标地点更正为：北京市海淀区丹棱街1号互联网金融中心20层东方厅（一）6、其余内容事项无变化 更正日期：2026年09月04日 三、其他补充事宜 无 四、凡对本次公告内容提出询问，请按以下方式联系。 1.采购人信息 名 称：中国科学院微生物研究所 地址：北京市朝阳区北辰西路1号院3号 联系方式：王老师 010-64806141 2.采购代理机构信息 名 称：东方国际招标有限责任公司 地 址：北京市海淀区丹棱街1号互联网金融中心20层 联系方式：迟兆洋、叶明、荀笑尘、芮虎峥 010-68290585/0589 hzrui@oitc.com.cn、xcxun@oitc.com.cn 3.项目联系方式 项目联系人：迟兆洋、叶明、荀笑尘、芮虎峥 电 话： 010-68290585/0589,教育培训,,中国政府采购网,,,default,,采购文件,,,,,,,,,
合肥工业大学购置电加热器和红外辐射板更正公告（二次）,变更公告,ZF2026-17-1036,2026年09月04日 15:28,市辖区,合肥工业大学,合肥市屯溪路193号,韩老师 0551-62901760,安徽省招标集团股份有限公司,合肥市包河区紫云路888号,"应急客服电话：0551-62220153（接听时间：8:30-12:00,13:30-17:30，节假日除外。潜在投标人应优先拨打项目联系人联系电话，无人接听时再拨打该“应急客服电话”）",张文奇、刘志凌,0551-66061459、66061461、15209887650,,,https://www.ccgp.gov.cn/cggg/zygg/gzgg/202609/t20260904_27268035.htm,2026-09-10 09:47:37,"一、项目基本情况 原公告的采购项目编号：ZF2026-17-1036 原公告的采购项目名称：合肥工业大学购置电加热器和红外辐射板更正公告（二次） 首次公告日期：2026年08月25日 二、更正信息 更正事项：采购文件 更正内容： 我公司现对合肥工业大学购置电加热器和红外辐射板招标文件做出如下答疑澄清。此次答疑澄清为招标文件的组成部分，具有同等效力。答疑澄清内容与招标文件不同之处，按本次答疑澄清内容执行。项目答疑澄清内容如下：1.加热器、红外线辐射板安装在热压罐什么位置?热压罐体什么规格?加热器、红外线辐射板之间的连接电缆在不在供货范围内?答：电加热器安装于热压罐尾部，红外线辐射板安装在定制的安装架上；电加热器、红外线辐射板与热压罐本体均不连接，热压罐体规格不予公开；加热器、红外线辐射板之间的连接电缆不在本次供货范围内。2.提交投标文件截止时间、开标时间修改为2026年9月21日14点30分（北京时间）。 更正日期：2026年09月04日 三、其他补充事宜 本项目相关信息同时在“中国政府采购网（www.ccgp.gov.cn）、中国招标投标公共服务平台（www.cebpubservice.cn）、安徽省招标投标信息网（www.ahtba.org.cn）、合肥工业大学招标与采购管理中心官网（zb.hfut.edu.cn）、优质采云采购平台（www.youzhicai.com）、优质采招标采购平台（www.yzczb.com）”等媒介上发布。 四、凡对本次公告内容提出询问，请按以下方式联系。 1.采购人信息 名 称：合肥工业大学 地址：合肥市屯溪路193号 联系方式：韩老师 0551-62901760 2.采购代理机构信息 名 称：安徽省招标集团股份有限公司 地 址：合肥市包河区紫云路888号 联系方式：应急客服电话：0551-62220153（接听时间：8:30-12:00,13:30-17:30，节假日除外。潜在投标人应优先拨打项目联系人联系电话，无人接听时再拨打该“应急客服电话”） 3.项目联系方式 项目联系人：张文奇、刘志凌 电 话： 0551-66061459、66061461、15209887650",教育培训,,中国政府采购网,,,default,,采购文件,,,,,,,,,
公安部道路交通安全研究中心地理信息系统软件项目更正公告,变更公告,ZZHQ-2026-ZBZ029,2026年09月04日 15:23,北京市,公安部道路交通安全研究中心,北京市经济技术开发区博兴二路5号院,郦老师;010-67825597,中咨环球（北京）工程咨询有限公司,北京市丰台区富丰路4号工商联大厦A座1402室,张赞伟;13511051511,张赞伟,13511051511,,,https://www.ccgp.gov.cn/cggg/zygg/gzgg/202609/t20260904_27267949.htm,2026-09-10 09:47:37,一、项目基本情况 原公告的采购项目编号：ZZHQ-2026-ZBZ029 原公告的采购项目名称：地理信息系统软件项目 首次公告日期：2026年08月28日 二、更正信息 更正事项：采购文件 更正内容： 更正内容（采购文件）：招标文件-第五章-采购需求-相关功能需提供的证明资料更正，详见更正后的招标文件； 更正日期：2026年09月04日 三、其他补充事宜 / 四、凡对本次公告内容提出询问，请按以下方式联系。 1.采购人信息 名 称：公安部道路交通安全研究中心 地址：北京市经济技术开发区博兴二路5号院 联系方式：郦老师;010-67825597 2.采购代理机构信息 名 称：中咨环球（北京）工程咨询有限公司 地 址：北京市丰台区富丰路4号工商联大厦A座1402室 联系方式：张赞伟;13511051511 3.项目联系方式 项目联系人：张赞伟 电 话： 13511051511,公共安全,,中国政府采购网,,,default,,采购文件,,,,,,,,,
贵州税务2026年基础资源运维项目结果变更公告,变更公告,MCHC-DZ-ZG20261131,2026年09月04日 15:02,贵州省,国家税务总局贵州省税务局,贵州省贵阳市观山湖区通宝路2号,欧老师（0851-86906093）,明诚汇采项目管理有限公司,贵阳市观山湖区大唐·东原财富广场6号栋7层,刘真跃、聂小菊、姜荷花（18984151543）,刘真跃、聂小菊、姜荷花,18984151543,1131采购文件（售卖稿）.pdf,"[{""attach_name"": ""1131采购文件（售卖稿）.pdf"", ""attach_url"": ""https://download.ccgp.gov.cn/oss/download?uuid=3B80238066F7152D26921069A5EB7C""}]",https://www.ccgp.gov.cn/cggg/zygg/gzgg/202609/t20260904_27267620.htm,2026-09-10 09:47:38,一、项目基本情况 原公告的采购项目编号：MCHC-DZ-ZG20261131 原公告的采购项目名称：贵州税务2026年基础资源运维项目 首次公告日期：2026年07月06日 二、更正信息 更正事项：采购结果 更正内容： 更正原因：A包中标供应商新华三技术有限公司放弃中标资格。更正前内容：详见贵州税务2026年基础资源运维项目中标（成交）结果公告。更正后内容：根据《中华人民共和国政府采购法实施条例》第四十九条规定，本项目A包按废标处理，重新开展政府采购活动。 更正日期：2026年09月04日 三、其他补充事宜 无 四、凡对本次公告内容提出询问，请按以下方式联系。 1.采购人信息 名 称：国家税务总局贵州省税务局 地址：贵州省贵阳市观山湖区通宝路2号 联系方式：欧老师（0851-86906093） 2.采购代理机构信息 名 称：明诚汇采项目管理有限公司 地 址：贵阳市观山湖区大唐·东原财富广场6号栋7层 联系方式：刘真跃、聂小菊、姜荷花（18984151543） 3.项目联系方式 项目联系人：刘真跃、聂小菊、姜荷花 电 话： 18984151543,信息技术,,中国政府采购网,,,default,,采购结果,,,,,,,,,
泸州市消防救援支队泸州支队机关公寓房装修改造工程项目更正公告,变更公告,26WB0135,2026年09月04日 14:37,江阳区,泸州市消防救援支队,泸州市江阳区酒城大道二段丹艳路119号,陈老师   0830-2646357,重庆市政府采购中心,重庆市两江新区五简路2号重庆咨询大厦B座502室,袁建文 钟若仪 023-67703281 67120648,王迪,023-630104556320610367703875,第二次竞争性磋商-泸州支队机关公寓房装修改造工程项目8.13.docx,"[{""attach_name"": ""第二次竞争性磋商-泸州支队机关公寓房装修改造工程项目8.13.docx"", ""attach_url"": ""https://download.ccgp.gov.cn/oss/download?uuid=611E8DDB619D8495137F1B6EFA8E87""}]",https://www.ccgp.gov.cn/cggg/zygg/gzgg/202609/t20260904_27267289.htm,2026-09-10 09:47:39,一、项目基本情况 原公告的采购项目编号：26WB0135（ZC-CS-26001108-2） 原公告的采购项目名称：泸州市消防救援支队泸州支队机关公寓房装修改造工程项目成交公告 首次公告日期：2026年09月03日 二、更正信息 更正事项：采购结果 更正内容： 采购文件详见附件 更正日期：2026年09月04日 三、其他补充事宜 四、凡对本次公告内容提出询问，请按以下方式联系。 1.采购人信息 名 称：泸州市消防救援支队 地址：泸州市江阳区酒城大道二段丹艳路119号 联系方式：陈老师 0830-2646357 2.采购代理机构信息 名 称：重庆市政府采购中心 地 址：重庆市两江新区五简路2号重庆咨询大厦B座502室 联系方式：袁建文 钟若仪 023-67703281 67120648 3.项目联系方式 项目联系人：王迪 电 话： 023-63010455 63206103 67703875,公共安全,,中国政府采购网,,,default,,采购结果,,,,,,,,,
中国社会科学院2026年妇科专项体检项目比选公告更正公告,变更公告,HSBJ26D-309-26-546,2026年09月04日 14:37,北京市,中国社会科学院服务中心,北京市东城区建国门内大街5号,刘老师  010-85196050,北京华审金建国际工程项目管理有限公司,北京市西城区北三环中路29号院3号楼12层1501,李倩、马静、张露、张焦、孔博阳、邢美玉、董雷、魏春萍等19568762248,李倩、马静、张露、张焦、孔博阳,19568762248,,,https://www.ccgp.gov.cn/cggg/zygg/gzgg/202609/t20260904_27267287.htm,2026-09-10 09:47:40,一、项目基本情况 原公告的采购项目编号：HSBJ26D-309-26-546 原公告的采购项目名称：中国社会科学院2026年妇科专项体检项目比选公告 首次公告日期：2026年08月25日 二、更正信息 更正事项：采购公告 更正内容： 获取比选文件：1、时间：2026年08月26日09时00分至2026年09月11日16时00分。递交参选文件截止及开启时间：2026年09月16日09时30分。 更正日期：2026年09月04日 三、其他补充事宜 无 四、凡对本次公告内容提出询问，请按以下方式联系。 1.采购人信息 名 称：中国社会科学院服务中心 地址：北京市东城区建国门内大街5号 联系方式：刘老师 010-85196050 2.采购代理机构信息 名 称：北京华审金建国际工程项目管理有限公司 地 址：北京市西城区北三环中路29号院3号楼12层1501 联系方式：李倩、马静、张露、张焦、孔博阳、邢美玉、董雷、魏春萍等19568762248 3.项目联系方式 项目联系人：李倩、马静、张露、张焦、孔博阳、邢美玉、董雷、魏春萍等 电 话： 19568762248,教育培训,,中国政府采购网,,,default,,采购公告,,,,,,,,,
中国科学院微小卫星创新研究院环月低频射电天文台卫星主星SADA采购项目更正公告,变更公告,OITC-G260302327,2026年09月04日 14:29,上海市,中国科学院微小卫星创新研究院,上海市浦东新区雪洋路1号,高彦俊，021-28057000,东方国际招标有限责任公司,北京市海淀区丹棱街1号互联网金融中心20层,"陈小舫 王淑文 杨帆 赵倩,021-64717141/010-68290551/010-68290560,  xfchen@oitc.com.cn",陈小舫,021-64717141,,,https://www.ccgp.gov.cn/cggg/zygg/gzgg/202609/t20260904_27267208.htm,2026-09-10 09:47:40,"一、项目基本情况 原公告的采购项目编号：OITC-G260302327 原公告的采购项目名称：中国科学院微小卫星创新研究院环月低频射电天文台卫星主星SADA采购项目 首次公告日期：2026年08月27日 二、更正信息 更正事项：采购公告 更正内容： 本项目的获取招标文件时间更正为：2026年8月27日至2026年9月10日，每天上午9:00至11:00，下午13:00至17:00（北京时间，法定节假日除外）；其余内容不变。 更正日期：2026年09月04日 三、其他补充事宜 无 四、凡对本次公告内容提出询问，请按以下方式联系。 1.采购人信息 名 称：中国科学院微小卫星创新研究院 地址：上海市浦东新区雪洋路1号 联系方式：高彦俊，021-28057000 2.采购代理机构信息 名 称：东方国际招标有限责任公司 地 址：北京市海淀区丹棱街1号互联网金融中心20层 联系方式：陈小舫 王淑文 杨帆 赵倩,021-64717141/010-68290551/010-68290560, xfchen@oitc.com.cn 3.项目联系方式 项目联系人：陈小舫 王淑文 杨帆 赵倩 电 话： 021-64717141/010-68290551/010-68290560",教育培训,,中国政府采购网,,,default,,采购公告,,,,,,,,,
某单位鲁能领寓物业服务采购项目更正公告,变更公告,B0708-CMC26N7210,2026年09月04日 14:29,北京市,SPD,北京市西城区闹市口大街甲11号,/,中国机械进出口（集团）有限公司,北京市丰台区金泽东路通用时代中心C座,孙老师、刘老师，电话：010-81168213、81168214、81168263 电子邮箱：sunyixia@cmc.gt.cn,孙老师、刘老师,010-81168213、81168214、81168263,,,https://www.ccgp.gov.cn/cggg/zygg/gzgg/202609/t20260904_27267213.htm,2026-09-10 09:47:41,一、项目基本情况 原公告的采购项目编号：B0708-CMC26N7210 原公告的采购项目名称：某单位鲁能领寓物业服务采购项目 首次公告日期：2026年08月31日 二、更正信息 更正事项：采购文件 更正内容： 招标文件修改前 招标文件修改后 第五章 采购需求 服务组织及人员配备要求 人员配置标准 （5）工程维修人员 综合维修人员：综合维修人员配置，原则上不少于4人，全部综合维修人员应按具备相关资质（如电工证、暖通等），全员应具备电梯安全员证书和高压电工证。 第五章 采购需求 五、服务组织及人员配备要求 （三）人员配置标准 （5）工程维修人员 综合维修人员：综合维修人员配置，原则上不少于4人，全部综合维修人员应具备相关资质（如电工证、暖通等），全员应具备电梯操作员证书和高压电工证。 更正日期：2026年09月04日 三、其他补充事宜 无 四、凡对本次公告内容提出询问，请按以下方式联系。 1.采购人信息 名 称：SPD 地址：北京市西城区闹市口大街甲11号 联系方式：/ 2.采购代理机构信息 名 称：中国机械进出口（集团）有限公司 地 址：北京市丰台区金泽东路通用时代中心C座 联系方式：孙老师、刘老师，电话：010-81168213、81168214、81168263 电子邮箱：sunyixia@cmc.gt.cn 3.项目联系方式 项目联系人：孙老师、刘老师 电 话： 010-81168213、81168214、81168263,服务外包,,中国政府采购网,,,default,,采购文件,,,,,,,,,
中国消防救援学院部分楼宇屋面防水修缮改造项目成交公告更正公告,变更公告,FGZB-2026-024,2026年09月04日 14:09,昌平区,中国消防救援学院,北京市昌平区南口镇南雁路4号,刘老师，010-69787153,北京方格管理咨询有限公司,北京市朝阳区金隅大成国际中心B2座09B20,胡酩斯，18513460920,胡酩斯,18513460920,"中国消防救援学院部分楼宇屋面防水修缮改造项目竞争性磋商文件.pdf,中小企业声明函-北京金壹工程技术有限公司.pdf","[{""attach_name"": ""中国消防救援学院部分楼宇屋面防水修缮改造项目竞争性磋商文件.pdf"", ""attach_url"": ""https://download.ccgp.gov.cn/oss/download?uuid=05C6156EC2060AE7E15B3CDEC41968""}, {""attach_name"": ""中小企业声明函-北京金壹工程技术有限公司.pdf"", ""attach_url"": ""https://download.ccgp.gov.cn/oss/download?uuid=81F990308DF1695BFE574EE5DC59A4""}]",https://www.ccgp.gov.cn/cggg/zygg/gzgg/202609/t20260904_27267082.htm,2026-09-10 09:47:42,一、项目基本情况 原公告的采购项目编号：FGZB-2026-024 原公告的采购项目名称：中国消防救援学院部分楼宇屋面防水修缮改造项目成交公告 首次公告日期：2026年08月12日 二、更正信息 更正事项：采购结果 更正内容： 1.原成交供应商评审总得分（综合评分法）：84.07分，因录入错误，更正为成交供应商评审总得分（综合评分法）85.17分。2.原成交供应商隽融建工(集团)有限公司向采购人提交弃标书，无法与采购人签订采购合同。根据“《政府采购竞争性磋商采购方式管理暂行办法》第三十三条、成交供应商拒绝签订政府采购合同的，采购人可以按照本办法第二十八条第二款规定的原则确定其他供应商作为成交供应商并签订政府采购合同，也可以重新开展采购活动。拒绝签订政府采购合同的成交供应商不得参加对该项目重新开展的采购活动。”的规定，更正为：经采购人确认，本项目综合得分排名第二的成交候选人北京金壹工程技术有限公司为本项目成交供应商。3.中标（成交）信息更正为：三、中标（成交）信息中标人名称：北京金壹工程技术有限公司中标人地址：北京市房山区长阳镇昊天北大街15号1幢2层029中标（成交）金额：198.30143400（万元）四、主要标的信息 序号 供应商名称 工程名称 施工范围 施工工期 项目经理 执业证书 1 北京金壹工程技术有限公司 中国消防救援学院部分楼宇屋面防水修缮改造项目 学院北区1号楼、北区3号楼、北区4号楼、北区6号楼、北区院史馆、北区俱乐部、北区体育馆、北区13号楼、北区14号楼、北区15号楼、北区17号楼、北区18号楼、南区25号楼、南区26号楼、南区29号楼、南区30号楼、南区31号楼、南区32号楼、南区33号楼、南区34号楼、南区35号楼、南区38号楼、南区39号楼的混凝土屋面及彩钢板屋面的防水系统改造，包括檐沟修复、排水系统完善、屋面防水层更新、光伏板安装区域的防水处理等全部工作。具体内容详见图纸和清单。 详见磋商文件。 张海新 京2112014201656275、京建安B（2016）0132859 六、代理服务收费标准及金额：本项目代理费收费标准：参照国家发展改革委发改价格[2011]534号和国家发展改革委《关于进一步放开建设项目专业服务价格的通知》（发改价格〔2015〕299号）文件，按中标金额计算后下浮20%向中标人收取招标代理服务费。本项目代理费总金额：1.350488万元（人民币）七、公告期限自本公告发布之日起1个工作日。八、其它补充事宜（1）成交供应商评审总得分（综合评分法）：84.28分（2）代理服务费收款账户户名：北京方格管理咨询有限公司账号：643730577开户行：中国民生银行股份有限公司北京西大望路支行联行行号：305100001678              备  注：代理服务费 更正日期：2026年09月04日 三、其他补充事宜 无。 四、凡对本次公告内容提出询问，请按以下方式联系。 1.采购人信息 名 称：中国消防救援学院 地址：北京市昌平区南口镇南雁路4号 联系方式：刘老师，010-69787153 2.采购代理机构信息 名 称：北京方格管理咨询有限公司 地 址：北京市朝阳区金隅大成国际中心B2座09B20 联系方式：胡酩斯，18513460920 3.项目联系方式 项目联系人：胡酩斯 电 话： 18513460920,教育培训,,中国政府采购网,,,default,,采购结果,,,,,,,,,
中央财经大学智慧城市与智能决策实验实训平台采购项目更正公告,变更公告,HW-2026024-ZHSW,2026年09月04日 13:44,北京市,中央财经大学,北京市海淀区学院南路39号,常老师010-62289113,中化商务有限公司,北京市丰台区丽泽路24号平安幸福中心B座23层,李振、孟庆宝、蔡华文、刘天、曹颖、刘畅、王毕申15711026303,李振、孟庆宝、蔡华文、刘天、曹,15711026303,,,https://www.ccgp.gov.cn/cggg/zygg/gzgg/202609/t20260904_27266972.htm,2026-09-10 09:47:42,一、项目基本情况 原公告的采购项目编号：HW-2026024-ZHSW 原公告的采购项目名称：中央财经大学智慧城市与智能决策实验实训平台采购项目 首次公告日期：2026年09月01日 二、更正信息 更正事项：采购文件 更正内容： （1）删除 第一章 投标邀请 （1）采购需求一览表中★2.1.14、所投相机须提供投标产品对应型号的  中国强制性产品认证（CCC）证书，证书应在有效期内。（2）删除 第四章 技术服务需求 4.技术要求中★2.1.14、所投相机须提供投标产品对应型号的  中国强制性产品认证（CCC）证书，证书应在有效期内。招标文件相应内容做同样变更，其他内容不变。 更正日期：2026年09月04日 三、其他补充事宜 无。 四、凡对本次公告内容提出询问，请按以下方式联系。 1.采购人信息 名 称：中央财经大学 地址：北京市海淀区学院南路39号 联系方式：常老师010-62289113 2.采购代理机构信息 名 称：中化商务有限公司 地 址：北京市丰台区丽泽路24号平安幸福中心B座23层 联系方式：李振、孟庆宝、蔡华文、刘天、曹颖、刘畅、王毕申15711026303 3.项目联系方式 项目联系人：李振、孟庆宝、蔡华文、刘天、曹颖、刘畅、王毕申 电 话： 15711026303,教育培训,,中国政府采购网,,,default,,采购文件,,,,,,,,,
中国疾病预防控制中心二期工程总部窗帘项目更正公告,变更公告,09-02-04F-2026-D-F-E24603,2026年09月04日 13:43,北京市,中国疾病预防控制中心,北京市昌平区昌百路 155 号,李老师，010-58900134,公诚管理咨询有限公司,北京市丰台区开阳路8号京印国际中心A区701-1室,曹月悦、邵倩、周茅、王义同、王容倩、王瑞贤，17276714684,曹月悦、邵倩、周茅、王义同、王,17276714684,,,https://www.ccgp.gov.cn/cggg/zygg/gzgg/202609/t20260904_27266968.htm,2026-09-10 09:47:43,一、项目基本情况 原公告的采购项目编号：09-02-04F-2026-D-F-E24603 原公告的采购项目名称：中国疾病预防控制中心二期工程总部窗帘项目 首次公告日期：2026年08月26日 二、更正信息 更正事项：采购文件 更正内容： 1.采购文件第四章（一）手动遮阳卷帘“★4.阻燃要求：本体阻燃，非后整理涂层或浸轧处理，不低于 B1 级标准（依据 GB8624-2025 标准）。”更正为“★4.阻燃要求：本体阻燃，非后整理涂层或浸轧处理，不低于 B1 级标准（依据 GB8624-2012 标准）。”2.采购文件第四章（三）布帘“★6.防火要求：本体阻燃，非后整理涂层或浸轧处理（执行标准为GB8624-2025）”更正为“★6.防火要求：本体阻燃，非后整理涂层或浸轧处理（执行标准为GB8624-2012）”。3.采购文件第四章（四）纱帘“★5. 防火要求：本体阻燃，非后整理涂层或浸轧处理(执行标准为GB8624-2025）”更正为“★5. 防火要求：本体阻燃，非后整理涂层或浸轧处理(执行标准为GB8624-2012）”。4.响应文件提交截止时间更正为：2026年9月14日9点30分（北京时间）。 更正日期：2026年09月04日 三、其他补充事宜 采购文件其他内容不变。 四、凡对本次公告内容提出询问，请按以下方式联系。 1.采购人信息 名 称：中国疾病预防控制中心 地址：北京市昌平区昌百路 155 号 联系方式：李老师，010-58900134 2.采购代理机构信息 名 称：公诚管理咨询有限公司 地 址：北京市丰台区开阳路8号京印国际中心A区701-1室 联系方式：曹月悦、邵倩、周茅、王义同、王容倩、王瑞贤，17276714684 3.项目联系方式 项目联系人：曹月悦、邵倩、周茅、王义同、王容倩、王瑞贤 电 话： 17276714684,工程建设,,中国政府采购网,,,default,,采购文件,,,,,,,,,
青岛市气象服务中心（青岛市金融与能源气象中心）2027年天气预报上电视更正公告,变更公告,JXQGC-01-20260827,2026年09月04日 13:32,青岛市,青岛市气象服务中心（青岛市金融与能源气象中心）,青岛市市南区伏龙山33号青岛市气象服务中心,杨蕾0532-82796398,嘉信全过程项目咨询管理有限公司,青岛市市北区台柳路196号和达新都汇三层,周涛 13605327893,周涛,13605327893,,,https://www.ccgp.gov.cn/cggg/zygg/gzgg/202609/t20260904_27266933.htm,2026-09-10 09:47:43,一、项目基本情况 原公告的采购项目编号：JXQGC-01-20260827 原公告的采购项目名称：2027年天气预报上电视 首次公告日期：2026年08月28日 二、更正信息 更正事项：采购文件 更正内容： 1.原招标公告、招标文件规定招标文件的获取时间：自2026年8月29日起至2026年9月4日，每天上午8：30至12：00，下午13：00至17：30（北京时间，法定节假日除外）；现报名时间延期为1.招标文件的获取时间：自2026年8月29日起至2026年9月17日，每天上午8：30至12：00，下午13：00至17：30（北京时间，法定节假日除外）； 更正日期：2026年09月04日 三、其他补充事宜 无 四、凡对本次公告内容提出询问，请按以下方式联系。 1.采购人信息 名 称：青岛市气象服务中心（青岛市金融与能源气象中心） 地址：青岛市市南区伏龙山33号青岛市气象服务中心 联系方式：杨蕾0532-82796398 2.采购代理机构信息 名 称：嘉信全过程项目咨询管理有限公司 地 址：青岛市市北区台柳路196号和达新都汇三层 联系方式：周涛 13605327893 3.项目联系方式 项目联系人：周涛 电 话： 13605327893,能源电力,,中国政府采购网,,,default,,采购文件,,,,,,,,,
中国农业科学院哈尔滨兽医研究所实验室关键防护设备（禽负压隔离器）维修升级改造项目更正公告,变更公告,HTCL-JC-266021,2026年09月04日 12:45,黑龙江省,中国农业科学院哈尔滨兽医研究所,哈尔滨市香坊区哈平路678号,高锐  电 话：0451-51051630,黑龙江省招标有限公司,哈尔滨市南岗区汉水路180号,陆超、陈飞  电 话：0451-82375252,陆超、陈飞,0451-82375252,,,https://www.ccgp.gov.cn/cggg/zygg/gzgg/202609/t20260904_27266793.htm,2026-09-10 09:47:44,一、项目基本情况 原公告的采购项目编号：HTCL-JC-266021 原公告的采购项目名称：实验室关键防护设备（禽负压隔离器）维修升级改造项目 首次公告日期：2026年09月02日 二、更正信息 更正事项：采购文件 更正内容： 将本项目磋商文件商务条款中质保要求内容更正为： 质保要求：禽负压隔离器自最终验收合格之日起整体质保均不少于24个月。磋商文件其他内容不变。 更正日期：2026年09月04日 三、其他补充事宜 无 四、凡对本次公告内容提出询问，请按以下方式联系。 1.采购人信息 名 称：中国农业科学院哈尔滨兽医研究所 地址：哈尔滨市香坊区哈平路678号 联系方式：高锐 电 话：0451-51051630 2.采购代理机构信息 名 称：黑龙江省招标有限公司 地 址：哈尔滨市南岗区汉水路180号 联系方式：陆超、陈飞 电 话：0451-82375252 3.项目联系方式 项目联系人：陆超、陈飞 电 话： 0451-82375252,教育培训,,中国政府采购网,,,default,,采购文件,,,,,,,,,
清华大学高性能服务器及相关配件采购项目更正公告,变更公告,,2026年09月04日 11:40,北京市,清华大学,北京市海淀区清华园,傅老师fuyifeng@tsinghua.edu.cn,北京中教仪国际招标代理有限公司,北京市海淀区文慧园北路10号，中教仪总公司,谢杰、刘欣、蒋旭、王磊、陆炜、陈杏媛、丁玲、卢琛曦010-59893122、010-59893114、010-59893131,谢杰、刘欣、蒋旭、王磊、陆炜,010-59893122、010-59893114、010-59893131,,,https://www.ccgp.gov.cn/cggg/zygg/gzgg/202609/t20260904_27266312.htm,2026-09-10 09:47:45,一、项目基本情况 原公告的采购项目编号：清采招第20260387号（0873-2026HW3L0340） 原公告的采购项目名称：清华大学高性能服务器及相关配件采购项目 首次公告日期：2026年08月28日 二、更正信息 更正事项：采购文件 更正内容： 1.第一章投标邀请-简要技术需求或服务要求-更正为“01包：采购5台高性能计算服务器、1台高性能数据服务器、1张高性能GPU、4条DDR5内存和2块3.84TB NVMe固态硬盘，具体技术指标以本章技术要求及逐条响应为准。”2.第四章采购需求-3.2 技术参数指标要求-3.4显存带宽更正为“1597GB/s（配套高性能数据服务器使用）”3.第四章采购需求-3.2 技术参数指标要求-5.1更正为“容量不少于3.84TB，支持PCIe Gen5×4、NVMe 2.0协议，支持热插拔，适配7×24小时不间断读写业务。”4.提交投标文件截止时间、开标时间更正为：2026年09月20日09点30分（北京时间） 更正日期：2026年09月04日 三、其他补充事宜 1.更正事项为采购公告及采购文件。2.本项目其他内容不变。 四、凡对本次公告内容提出询问，请按以下方式联系。 1.采购人信息 名 称：清华大学 地址：北京市海淀区清华园 联系方式：傅老师fuyifeng@tsinghua.edu.cn 2.采购代理机构信息 名 称：北京中教仪国际招标代理有限公司 地 址：北京市海淀区文慧园北路10号，中教仪总公司 联系方式：谢杰、刘欣、蒋旭、王磊、陆炜、陈杏媛、丁玲、卢琛曦010-59893122、010-59893114、010-59893131 3.项目联系方式 项目联系人：谢杰、刘欣、蒋旭、王磊、陆炜、陈杏媛、丁玲、卢琛曦 电 话： 010-59893122、010-59893114、010-59893131,教育培训,,中国政府采购网,,,default,,采购文件,,,,,,,,,
北京中医药大学东直门医院《基层非中医类别医师“西学中”专题培训》第三方实施服务项目更正公告,变更公告,B0708-CMC26N7344,2026年09月04日 11:39,北京市,北京中医药大学东直门医院,北京市东城区海运仓5号,魏老师 010-84013265,中国机械进出口(集团)有限公司,北京市丰台区金泽东路通用时代中心C座,郭女士、张女士、刘先生   电话：010-81168212 邮箱：guochangqian@cmc.gt.cn,郭女士、张女士、刘先生,010-81168212,,,https://www.ccgp.gov.cn/cggg/zygg/gzgg/202609/t20260904_27266296.htm,2026-09-10 09:47:45,一、项目基本情况 原公告的采购项目编号：B0708-CMC26N7344 原公告的采购项目名称：北京中医药大学东直门医院《基层非中医类别医师“西学中”专题培训》第三方实施服务项目 首次公告日期：2026年08月27日 二、更正信息 更正事项：采购公告 更正内容： 采购文件更正前 采购文件更正后 第一章 三、获取采购文件 时间：2026年8月28日至2026年9月3日 第一章 三、获取采购文件 时间：2026年8月28日至2026年9月4日 更正日期：2026年09月04日 三、其他补充事宜 无 四、凡对本次公告内容提出询问，请按以下方式联系。 1.采购人信息 名 称：北京中医药大学东直门医院 地址：北京市东城区海运仓5号 联系方式：魏老师 010-84013265 2.采购代理机构信息 名 称：中国机械进出口(集团)有限公司 地 址：北京市丰台区金泽东路通用时代中心C座 联系方式：郭女士、张女士、刘先生 电话：010-81168212 邮箱：guochangqian@cmc.gt.cn 3.项目联系方式 项目联系人：郭女士、张女士、刘先生 电 话： 010-81168212,医疗卫生,,中国政府采购网,,,default,,采购公告,,,,,,,,,
呼伦贝尔边境管理支队新巴尔虎左旗第一边境管理大队执法办案管理中心审讯设备采购项目更正公告（第一次）,变更公告,HLJAT-2026-018,2026年09月04日 11:36,新巴尔虎左旗,呼伦贝尔边境管理支队,内蒙古呼伦贝尔市鄂温克族自治旗河西新区大雁街外环路,王警官0470-8133325,黑龙江安拓工程咨询有限公司,黑龙江省哈尔滨市高新技术产业开发区科技创新城创新创业广场19号楼(创新一路699号)B516-106室,付女士15047240221,黑龙江安拓工程咨询有限公司,15047240221,,,https://www.ccgp.gov.cn/cggg/zygg/gzgg/202609/t20260904_27266278.htm,2026-09-10 09:47:46,一、项目基本情况 原公告的采购项目编号：HLJAT-2026-018 原公告的采购项目名称：呼伦贝尔边境管理支队新巴尔虎左旗第一边境管理大队执法办案管理中心审讯设备采购项目公开商洽公告 首次公告日期：2026年09月04日 二、更正信息 更正事项：采购公告 更正内容： 原公告中“二、开标时间：2026年09月11日 09:30”现更正为：二、开标时间：2026年09月14日 09:30商洽文件其他内容不变。 更正日期：2026年09月04日 三、其他补充事宜 四、凡对本次公告内容提出询问，请按以下方式联系。 1.采购人信息 名 称：呼伦贝尔边境管理支队 地址：内蒙古呼伦贝尔市鄂温克族自治旗河西新区大雁街外环路 联系方式：王警官0470-8133325 2.采购代理机构信息 名 称：黑龙江安拓工程咨询有限公司 地 址：黑龙江省哈尔滨市高新技术产业开发区科技创新城创新创业广场19号楼(创新一路699号)B516-106室 联系方式：付女士15047240221 3.项目联系方式 项目联系人：黑龙江安拓工程咨询有限公司 电 话： 15047240221,公共安全,,中国政府采购网,,,default,,采购公告,,,,,,,,,
工业和信息化部电子第五研究所纳米探针系统采购项目更正公告,变更公告,TC269407X,2026年09月04日 11:11,广州市,工业和信息化部电子第五研究所,广州市增城区朱村街朱村大道西78号,曲晨冰 17802929709,中招国际招标有限公司,广州市越秀区沿江中路298号江湾新城A座8A-8G房,陈敏、林思韵、阮子珊020-83336359、020-83516212,陈敏、林思韵、阮子珊,020-83336359、020-83516212,,,https://www.ccgp.gov.cn/cggg/zygg/gzgg/202609/t20260904_27265970.htm,2026-09-10 09:47:47,一、项目基本情况 原公告的采购项目编号：TC269407X 原公告的采购项目名称：工业和信息化部电子第五研究所纳米探针系统采购项目 首次公告日期：2026年08月25日 二、更正信息 更正事项：采购文件 更正内容： 1、原招标文件“第六章  货物需求一览表及技术规格-五、商务要求”中的“5.4.1 付款：无预付款；供方将货物送达需方指定地点安装测试，经需方验收合格后，供方向需方提供保函（合同总金额10%，有效期一年）。验收完毕后20个工作日内，且收到供方保函的前提下，需方支付合同总金额100 %的货款。如果在首次付款前货物（设备）又出现故障，付款将延至设备功能正常再验收合格后的40个工作日内支付。”更正为：“★5.4.1 付款：投标人在以下a、b两种方案中择一：方案a：无预付款；供方将货物送达需方指定地点安装测试，经需方验收合格后，供方向需方提供履约保函（合同总金额5%，有效期三年）。验收完毕后20个工作日内，且收到供方保函的前提下，需方支付合同总金额100 %的货款。如果在首次付款前货物（设备）又出现故障，付款将延至设备功能正常再验收合格后的40个工作日内支付。方案b:合同生效后10个工作日内，供方开具合同总价30%的见索即付预付款保函（经需方认可的银行保函），需方收函后15个工作日内支付合同总价30%的预付款。货到后10个工作日内，供方开具合同总价30%的到货款保函，需方收函后15个工作日内支付合同总价30%的到货款。设备验收合格后，供方向需方提供履约保函（合同总金额5%，有效期三年），需方收函后20个工作日内支付40%合同尾款。若供方逾期交货或验收不合格，需方有权全额兑付预付款保函和到货款保函作为违约赔偿，并保留追偿超出部分损失及解除合同的权利。如果在付尾款前货物（设备）又出现故障，尾款将延至设备功能正常再验收合格后的40个工作日内支付。尾款付清后20个工作日内，需方退还预付款保函及到货款保函给供方。”2、投标截止时间延期至：2026年9月20日14时30分（北京时间）3、开标时间延期至：2026年9月20日14时30分（北京时间） 更正日期：2026年09月04日 三、其他补充事宜 此更正公告为工业和信息化部电子第五研究所纳米探针系统采购项目（项目编号：TC269407X）招标文件不可分割的部分，原《招标文件》相应条款与文本有不一致之处，以本文为准。特此通知 四、凡对本次公告内容提出询问，请按以下方式联系。 1.采购人信息 名 称：工业和信息化部电子第五研究所 地址：广州市增城区朱村街朱村大道西78号 联系方式：曲晨冰 17802929709 2.采购代理机构信息 名 称：中招国际招标有限公司 地 址：广州市越秀区沿江中路298号江湾新城A座8A-8G房 联系方式：陈敏、林思韵、阮子珊020-83336359、020-83516212 3.项目联系方式 项目联系人：陈敏、林思韵、阮子珊 电 话： 020-83336359、020-83516212,信息技术,,中国政府采购网,,,default,,采购文件,,,,,,,,,
关于海南省人工影响天气水资源保障工程项目机动集成作业系统建设项目（二次招标）暂停的公告,变更公告,HNZS-2026-013R,2026年09月04日 10:54,海口市,海南省气象灾害防御技术中心,海南省海口市秀英区南海大道286号,邢先生/0898-68606962,海南政生项目管理有限公司,海南省海口市美兰区蓝天街道蓝天路28号名门广场南区D503,吴先生/15808940962,吴先生,15808940962,,,https://www.ccgp.gov.cn/cggg/zygg/gzgg/202609/t20260904_27265802.htm,2026-09-10 09:47:48,一、项目基本情况 原公告的采购项目编号：HNZS-2026-013R 原公告的采购项目名称：海南省人工影响天气水资源保障工程项目机动集成作业系统建设项目（二次招标） 首次公告日期：2026年08月25日 二、更正信息 更正事项：采购公告 更正内容： 海南省气象灾害防御技术中心委托海南政生项目管理有限公司就海南省人工影响天气水资源保障工程项目机动集成作业系统建设项目（二次招标）（采购编号:HNZS-2026-013R）组织公开招标，该项目原定于2026年08月25日发布采购公告，2026年08月25日至2026年09月01日发售招标文件，2026年09月15日开评标。因行业主管部门收到该项目的投诉书，要求暂停本项目的采购活动，具体恢复时间另行通知。 更正日期：2026年09月04日 三、其他补充事宜 本项目采购信息指定发布媒体为全国公共资源交易网（海南省）、中国政府采购网。有关本项目下一步的采购活动敬请关注相关媒体公告，由此给大家带来的不便敬请谅解。 四、凡对本次公告内容提出询问，请按以下方式联系。 1.采购人信息 名 称：海南省气象灾害防御技术中心 地址：海南省海口市秀英区南海大道286号 联系方式：邢先生/0898-68606962 2.采购代理机构信息 名 称：海南政生项目管理有限公司 地 址：海南省海口市美兰区蓝天街道蓝天路28号名门广场南区D503 联系方式：吴先生/15808940962 3.项目联系方式 项目联系人：吴先生 电 话： 15808940962,工程建设,,中国政府采购网,,,default,,采购公告,,,,,,,,,
河源市消防救援支队2026年财务审计服务（二次）（FCC2026-5002）采购包2结果更正公告,变更公告,FCC2026-5002,2026年09月04日 10:54,广东省,河源市消防救援支队,河源市源城区永福西路303号河源市消防救援支队,许先生，0762-3889012,广州市政府采购中心,广州市天河区天润路447号,王女士，（020）87155280、28866444,王小姐,（020）87155280、28866444,,,https://www.ccgp.gov.cn/cggg/zygg/gzgg/202609/t20260904_27265795.htm,2026-09-10 09:47:48,一、项目基本情况 原公告的采购项目编号：FCC2026-5002 原公告的采购项目名称：河源市消防救援支队2026年财务审计服务（二次）（FCC2026-5002）采购包2成交公告 首次公告日期：2026年09月01日 二、更正信息 更正事项：采购结果 更正内容： 原公告本项目代理费总金额为1.500000 万元（人民币），现修正为0.7000万元（人民币）。 更正日期：2026年09月03日 三、其他补充事宜 四、凡对本次公告内容提出询问，请按以下方式联系。 1.采购人信息 名 称：河源市消防救援支队 地址：河源市源城区永福西路303号河源市消防救援支队 联系方式：许先生，0762-3889012 2.采购代理机构信息 名 称：广州市政府采购中心 地 址：广州市天河区天润路447号 联系方式：王女士，（020）87155280、28866444 3.项目联系方式 项目联系人：王小姐 电 话： （020）87155280、28866444,公共安全,,中国政府采购网,,,default,,采购结果,,,,,,,,,
国家体育总局训练局体能训练及物理治疗设备公开招标采购（2次）的更正公告,变更公告,ZBWJ26-08,2026年09月04日 10:45,北京市,国家体育总局训练局,北京市东城区体育馆路2号,010-87183275,国家体育总局体育器材装备中心,北京市东城区体育馆路3号,010-67171186,吴老师,010-67171186,,,https://www.ccgp.gov.cn/cggg/zygg/gzgg/202609/t20260904_27265774.htm,2026-09-10 09:47:49,"th,td {border:1px solid #DDD;padding: 5px 10px;}.template-center-hide-state{display:none !important;}一、项目基本情况                原公告的采购项目编号：ZBWJ26-08                    原公告的采购项目名称：国家体育总局训练局体能训练及物理治疗设备公开招标采购（2次）                    首次公告日期：2026年09月02日                    二、更正信息                更正事项：采购文件                    更正内容：                             序号更正项更正前内容更正后内容1标项 2 物理治疗设备（预算 353 万元），设备 6 威伐光治疗仪（1台，26万元），技术参数第 4 条设备连续开机4小时，光功率密度持续稳定在220mw/cm2以上；100C以下低温工作环境中，光功率密度持续稳定在220mw/cm2以上；设备连续开机4小时，光功率密度持续稳定在220mw/cm2以上；10℃以下低温工作环境中，光功率密度持续稳定在220mw/cm2以上；2标项 2 物理治疗设备（预算 353 万元），设备 6 威伐光治疗仪（1台，26万元），技术参数第 5 条▲400℃以上高温工作环境中，光功率密度持续稳定在220mw/cm2以上；▲40℃以上高温工作环境中，光功率密度持续稳定在220mw/cm2以上；3标项2产品8 物理治疗工作站（1台，68万元），技术参数8负压抽吸机脉冲数量：5，9，15，20次脉冲/分；负压抽吸机脉冲数量：5，10，15，20次脉冲/分；4标项2产品6威伐光治疗仪、产品7无线神经肌肉刺激训练仪、产品8物理治疗工作站的单位误粘贴为单价“26”“10”“68”统一更正为“台”                   更正日期：2026年09月04日                    三、其他补充事宜                以上参数属于笔误，不产生实质性影响。                四、对本次公告提出询问，请按以下方式联系。             1.采购人信息                        名    称：国家体育总局训练局                        地    址：北京市东城区体育馆路2号                        联系方式：010-87183275                                                2.采购代理机构信息 名    称：国家体育总局体育器材装备中心                        地    址：北京市东城区体育馆路3号                        联系方式：010-67171186 3.项目联系方式                        项目联系人：吴老师  电      话：010-67171186 附件信息：训练局体能训练及物理治疗设备采购项目招标文件(二次) .docx495.7K",文化旅游,,中国政府采购网,,,default,,,,,,,,,,,
方山县消防救援大队主副食品配送服务采购项目成交结果更正公告,变更公告,LLSXFJYZD-2026-FW-005,2026年09月04日 10:23,方山县,方山县消防救援大队,山西省吕梁市方山县圪洞镇津良庄村对面,15525757819,山西交科开发经营有限公司,山西省太原市小店区许坦西街36号交科大厦2层,王女士0351-8868115、0351-8868125,王慧,0351-8868115、0351-8868125,成交供应商评审得分信息.docx,"[{""attach_name"": ""成交供应商评审得分信息.docx"", ""attach_url"": ""https://download.ccgp.gov.cn/oss/download?uuid=26DB194EA8D0123401CBDFF83B5EEC""}]",https://www.ccgp.gov.cn/cggg/zygg/gzgg/202609/t20260904_27265474.htm,2026-09-10 09:47:50,一、项目基本情况 原公告的采购项目编号：LLSXFJYZD-2026-FW-005 原公告的采购项目名称：方山县消防救援大队主副食品配送服务采购项目三次成交结果公告 首次公告日期：2026年08月21日 二、更正信息 更正事项：采购结果 更正内容： 对成交结果公告附件成交供应商评审得分信息进行更正 更正日期：2026年09月04日 三、其他补充事宜 无 四、凡对本次公告内容提出询问，请按以下方式联系。 1.采购人信息 名 称：方山县消防救援大队 地址：山西省吕梁市方山县圪洞镇津良庄村对面 联系方式：15525757819 2.采购代理机构信息 名 称：山西交科开发经营有限公司 地 址：山西省太原市小店区许坦西街36号交科大厦2层 联系方式：王女士0351-8868115、0351-8868125 3.项目联系方式 项目联系人：王慧 电 话： 0351-8868115、0351-8868125,公共安全,,中国政府采购网,,,default,,采购结果,,,,,,,,,
北京大学人民医院西直门、白塔寺院区保安服务采购项目更正公告,变更公告,GC-FGX260937,2026年09月04日 10:20,市辖区,北京大学人民医院(北京大学第二临床医学院),北京市西城区西直门南大街11号,010-88317076,中央国家机关政府采购中心,西章胡同9号院,010-83083702,,010-88317076,北京大学人民医院西直门、白塔寺院区保安服务采购项目变更文件.pdf,"[{""attach_name"": ""北京大学人民医院西直门、白塔寺院区保安服务采购项目变更文件.pdf"", ""attach_url"": ""https://download.ccgp.gov.cn/oss/download?uuid=053356ca-bbdb-4eec-8bb5-51081b""}]",https://www.ccgp.gov.cn/cggg/zygg/gzgg/202609/t20260904_27265502.htm,2026-09-10 09:47:50,北京大学人民医院西直门、白塔寺院区保安服务采购项目更正公告 一、项目基本情况 1．项目编号：GC-FGX260937 2．项目名称：北京大学人民医院西直门、白塔寺院区保安服务采购项目 3．首次公告日期：2026年8月17日 二、更正信息 1. 更正事项： 采购公告 2. 更正内容： 删除安检人员案件证明材料要求，改为承诺，其他内容不变。详情见变更后招标文件。 3. 更正日期： 2026年9月4日 三、获取变更文件 1．时间：5个工作日 2．地点：中央政府采购网（http://www.zycg.gov.cn） 3．方式：在线下载 4．售价：免费 四、公告期限 自本公告发布之日起5个工作日，公告期限届满后获取变更文件的，获取时间以公告期限届满之日为准。 五、凡对本次公告内容提出询问，请按以下方式联系 1．采购人信息 名 称：北京大学人民医院(北京大学第二临床医学院) 地 址：北京市北京市西城区北京市西城区西直门南大街11号 联系方式：010-88317076 2．采购执行机构信息 名 称：中央国家机关政府采购中心 地 址：北京市西城区西直门内大街西章胡同9号院 邮政编码：100035 联系方式：详见http://www.zycg.gov.cn/home/contactus 3．项目联系方式 文件联系人及电话： 王震 010-55602563 姜文涛 010-83084975 六、附件 1.北京大学人民医院西直门、白塔寺院区保安服务采购项目变更文件 中央国家机关政府采购中心 2026年9月4日,医疗卫生,,中国政府采购网,,,default,,,,,,,,,,,
中国科学院动物研究所器官芯片打印平台—器官芯片高精度打印系统-高精度型打印机及综合型打印机采购项目更正公告,变更公告,0733-26193346,2026年09月04日 10:07,北京市,中国科学院动物研究所,北京市朝阳区北辰西路1号院5号,侯老师，010-64806898,中信国际招标有限公司,北京市朝阳区东三环中路59号楼京城机电大厦18层1819,吴乔、蔡赫同、姬翔、王垚； 010-87945198-632,吴乔、蔡赫同、姬翔、王垚,010-87945198-632,采购需求-中国科学院动物研究所器官芯片打印平台—器官芯片高精度打印系统-高精度型打印机及综合型打印机采购项目.pdf,"[{""attach_name"": ""采购需求-中国科学院动物研究所器官芯片打印平台—器官芯片高精度打印系统-高精度型打印机及综合型打印机采购项目.pdf"", ""attach_url"": ""https://download.ccgp.gov.cn/oss/download?uuid=6389BB9ADD625AA8C7174E05683A7F""}]",https://www.ccgp.gov.cn/cggg/zygg/gzgg/202609/t20260904_27265353.htm,2026-09-10 09:47:51,一、项目基本情况 原公告的采购项目编号：0733-26193346 原公告的采购项目名称：中国科学院动物研究所器官芯片打印平台—器官芯片高精度打印系统-高精度型打印机及综合型打印机采购项目 首次公告日期：2026年09月02日 二、更正信息 更正事项：采购文件 更正内容： 经与采购人确认，现对采购需求内容澄清更正，详见附件。 更正日期：2026年09月04日 三、其他补充事宜 无。 四、凡对本次公告内容提出询问，请按以下方式联系。 1.采购人信息 名 称：中国科学院动物研究所 地址：北京市朝阳区北辰西路1号院5号 联系方式：侯老师，010-64806898 2.采购代理机构信息 名 称：中信国际招标有限公司 地 址：北京市朝阳区东三环中路59号楼京城机电大厦18层1819 联系方式：吴乔、蔡赫同、姬翔、王垚； 010-87945198-632 3.项目联系方式 项目联系人：吴乔、蔡赫同、姬翔、王垚 电 话： 010-87945198-632,教育培训,,中国政府采购网,,,default,,采购文件,,,,,,,,,
中国人民银行天津市分行职工体检服务采购项目更正公告,变更公告,BHXD2026-07,2026年09月04日 09:46,天津市,中国人民银行天津市分行,天津市和平区解放北路119号,侯老师 23209765,天津滨海信德工程咨询有限公司,天津市河东区远洋未来广场3号门远洋国际商务905,王工13920133236,王金善,13920133236,,,https://www.ccgp.gov.cn/cggg/zygg/gzgg/202609/t20260904_27265219.htm,2026-09-10 09:47:51,一、项目基本情况 原公告的采购项目编号：BHXD2026-07号 原公告的采购项目名称：中国人民银行天津市分行职工体检服务采购项目竞争性磋商公告 首次公告日期：2026年09月04日 二、更正信息 更正事项：采购文件 更正内容：  原磋商文件：“预计参加体检职工约 784 人，实际人数每年存在小幅浮动，具体以实际体检人数为准。” 现更正为：预计参加体检职工约 784 人，其中男性 434 人，女性 350 人；实际体检男、女人数每年均存在小幅浮动，最终结算以实际参检人数为准。 更正日期：2026年09月04日 三、其他补充事宜 四、凡对本次公告内容提出询问，请按以下方式联系。 1.采购人信息 名 称：中国人民银行天津市分行 地址：天津市和平区解放北路119号 联系方式：侯老师 23209765 2.采购代理机构信息 名 称：天津滨海信德工程咨询有限公司 地 址：天津市河东区远洋未来广场3号门远洋国际商务905 联系方式：王工13920133236 3.项目联系方式 项目联系人：王金善 电 话： 13920133236,工程建设,,中国政府采购网,,,default,,采购文件,,,,,,,,,
2026年度车辆油料采购项目更正公告（第二次）,变更公告,0877-26GZTP5XE0563,2026年09月04日 09:24,广东省,SPD-25,广东省广州市,87186546,广东广招国际招标有限公司,广州市东风东路745号东山紫园商务大厦2003单元,020-37816286,胡工,020-37816286-837,,,https://www.ccgp.gov.cn/cggg/zygg/gzgg/202609/t20260904_27265067.htm,2026-09-10 09:47:52,一、项目基本情况 原公告的采购项目编号：0877-26GZTP5XE0563 原公告的采购项目名称：2026年度车辆油料采购项目 首次公告日期：2026年08月19日 二、更正信息 更正事项：采购公告 更正内容： 原公告的提交投标文件截止时间：2026年09月09日 09点30分（北京时间），更正为：2026年09月15日 09点30分（北京时间）。原公告的开标时间：2026年09月09日 09点30分（北京时间），更正为：2026年09月15日 09点30分（北京时间）。其余内容不变 更正日期：2026年09月04日 三、其他补充事宜 更正公告为原采购公告、原采购文件不可分割的部分，原采购公告、原采购文件相应条款与本公告有不一致之处，以本公告为准。请供应商务必按照更正后的内容编制投标文件，本公告发布，视同书面通知所有潜在供应商。 四、凡对本次公告内容提出询问，请按以下方式联系。 1.采购人信息 名 称：SPD-25 地址：广东省广州市 联系方式：87186546 2.采购代理机构信息 名 称：广东广招国际招标有限公司 地 址：广州市东风东路745号东山紫园商务大厦2003单元 联系方式：020-37816286 3.项目联系方式 项目联系人：胡工（跟进人员）（电话无人接听请发邮件huyerong@gztpc.com咨询，我司会及时回复） 电 话： 020-37816286-837,设备购置,2026-09-09 09:30,中国政府采购网,,,default,,采购公告,,,,,,,,,
中华人民共和国勐康出入境边防检查站执法记录仪采集工作站采购项目更正公告,变更公告,YNS,2026年09月03日 22:45,普洱市,中华人民共和国勐康出入境边防检查站,云南省普洱市思茅区振兴大道79号,陈老师、0879-2186875,山标工程项目管理咨询（云南）有限公司,云南省普洱市思茅区茶马古镇B区12-33-03(永平路东),王佳俊、张聚超、罗琪、周焕萍、吴学玉 0871-63522591、0879-3016506,王佳俊、张聚超、罗琪、周焕萍,0871-63522591、0879-3016506,,,https://www.ccgp.gov.cn/cggg/zygg/gzgg/202609/t20260903_27263777.htm,2026-09-10 09:47:53,一、项目基本情况 原公告的采购项目编号：YNS（普）202601-03 原公告的采购项目名称：中华人民共和国勐康出入境边防检查站执法记录仪采集工作站采购项目 首次公告日期：2026年08月27日 二、更正信息 更正事项：采购文件 更正内容： 1、关于本国产品价格扣除说明更正前内容：36、本国产品（本项目不适用）。更正后内容：36、本国产品。增加《关于符合本国产品标准的声明函》。对本国产品的支持政策，政府采购活动中既有本国产品又有非本国产品参与竞争的，依法对本国产品给予价格评审优惠，对本国产品的报价给予20%的价格扣除，用扣除后的价格参与评审。2、评审程序更正前内容：无更正后内容：增加同一品牌同一型号产品不同供应商的处理方式3、响应文件提交截止时间更正前内容：截止时间： 2026 年 09 月 04 日 9 点 00 分（北京时间）更正后内容：截止时间： 2026 年 09 月 09 日 9 点 00 分（北京时间） 更正日期：2026年09月03日 三、其他补充事宜 给各位供应商带来不便，敬请谅解。 四、凡对本次公告内容提出询问，请按以下方式联系。 1.采购人信息 名 称：中华人民共和国勐康出入境边防检查站 地址：云南省普洱市思茅区振兴大道79号 联系方式：陈老师、0879-2186875 2.采购代理机构信息 名 称：山标工程项目管理咨询（云南）有限公司 地 址：云南省普洱市思茅区茶马古镇B区12-33-03(永平路东) 联系方式：王佳俊、张聚超、罗琪、周焕萍、吴学玉 0871-63522591、0879-3016506 3.项目联系方式 项目联系人：王佳俊、张聚超、罗琪、周焕萍、吴学玉 电 话： 0871-63522591、0879-3016506,公共安全,2026-09-04 09:00,中国政府采购网,,,default,,采购文件,,,,,,,,,
华中科技大学二氧化碳光电热催化子系统-CO2热催化模块-电解水制氢装置采购项目更正公告,变更公告,HW20260392,2026年09月03日 20:37,武汉市,华中科技大学,湖北省武汉市洪山区珞喻路1037号,李老师（027）87540659,中科器湖北有限公司,湖北省武汉市东湖新技术开发区高新大道666号国药大厦A20栋（中国医疗器械有限公司大楼）10楼中科器湖北有限公司,张宇、黄思格、马荫荫、刘洋、刘帆、陈文静、刘国奇、张剑晖（027）84888155，84888156转（867）,张宇、黄思格、马荫荫、刘洋、刘,（027）84888155，84888156转（867）,附件：关于“HW20260392+华中科技大学二氧化碳光电热催化子系统-+CO2热催化模块-电解水制氢装置采购项目”的更正通知.pdf,"[{""attach_name"": ""附件：关于“HW20260392+华中科技大学二氧化碳光电热催化子系统-+CO2热催化模块-电解水制氢装置采购项目”的更正通知.pdf"", ""attach_url"": ""https://download.ccgp.gov.cn/oss/download?uuid=5CEC4CFB6C480B0FA9736368FBF8CE""}]",https://www.ccgp.gov.cn/cggg/zygg/gzgg/202609/t20260903_27263537.htm,2026-09-10 09:47:53,一、项目基本情况 原公告的采购项目编号：HW20260392；ZKQ2026-020514470ZF(H) 原公告的采购项目名称：华中科技大学二氧化碳光电热催化子系统- CO2热催化模块-电解水制氢装置采购项目 首次公告日期：2026年08月19日 二、更正信息 更正事项：采购文件 更正内容： 详见附件。 更正日期：2026年09月03日 三、其他补充事宜 本项目的所有更正公告是构成招标文件的一个组成部分，应与招标文件共同阅读。如果本更正公告与招标文件发生矛盾，应以本更正公告为准。 四、凡对本次公告内容提出询问，请按以下方式联系。 1.采购人信息 名 称：华中科技大学 地址：湖北省武汉市洪山区珞喻路1037号 联系方式：李老师（027）87540659 2.采购代理机构信息 名 称：中科器湖北有限公司 地 址：湖北省武汉市东湖新技术开发区高新大道666号国药大厦A20栋（中国医疗器械有限公司大楼）10楼中科器湖北有限公司 联系方式：张宇、黄思格、马荫荫、刘洋、刘帆、陈文静、刘国奇、张剑晖（027）84888155，84888156转（867） 3.项目联系方式 项目联系人：张宇、黄思格、马荫荫、刘洋、刘帆、陈文静、刘国奇、张剑晖 电 话： （027）84888155，84888156转（867）,教育培训,,中国政府采购网,,,default,,采购文件,,,,,,,,,
中华人民共和国新疆出入境边防检查总站过渡期公安网主备链路租赁采购项目更正公告,变更公告,2026,2026年09月03日 20:33,乌鲁木齐市,中华人民共和国新疆出入境边防检查总站,乌鲁木齐天山区团结路1551号,王警官、0991-8512158,新疆君凯杰工程项目管理有限公司,乌鲁木齐市水磨沟区会展大道1119号大成尔雅A座807室,陈晨、吕砚君、胡雪玲、周芸；13201097601,陈晨、吕砚君、胡雪玲、周芸,13201097601,,,https://www.ccgp.gov.cn/cggg/zygg/gzgg/202609/t20260903_27263528.htm,2026-09-10 09:47:54,一、项目基本情况 原公告的采购项目编号：2026（JKJ）400 原公告的采购项目名称：中华人民共和国新疆出入境边防检查总站过渡期公安网主备链路租赁采购项目 首次公告日期：2026年08月28日 二、更正信息 更正事项：采购公告 更正内容： 更正项1：标项一最高限价更正前内容：3967539.90元更正后内容：3893846.01元更正项2：提交投标文件截止时间、开标时间更正前内容：2026年09月18日 10:30（北京时间）更正后内容：2026年09月20日 10:30（北京时间） 更正日期：2026年09月03日 三、其他补充事宜 四、凡对本次公告内容提出询问，请按以下方式联系。 1.采购人信息 名 称：中华人民共和国新疆出入境边防检查总站 地址：乌鲁木齐天山区团结路1551号 联系方式：王警官、0991-8512158 2.采购代理机构信息 名 称：新疆君凯杰工程项目管理有限公司 地 址：乌鲁木齐市水磨沟区会展大道1119号大成尔雅A座807室 联系方式：陈晨、吕砚君、胡雪玲、周芸；13201097601 3.项目联系方式 项目联系人：陈晨、吕砚君、胡雪玲、周芸 电 话： 13201097601,公共安全,,中国政府采购网,,,default,,采购公告,,,,,,,,,
2026年应急储备物资（装备类）项目更正公告,变更公告,JC-HG20260248,2026年09月03日 19:45,北京市,公安部装备财务局,北京市东长安街14号,010-66263690,公安部警用装备采购中心,上海市闵行区三达路299号,联系代表021-33292999,联系代表,021-33292999,2026年应急储备物资（装备类）项目-20260903-202609031817526173.doc,"[{""attach_name"": ""2026年应急储备物资（装备类）项目-20260903-202609031817526173.doc"", ""attach_url"": ""https://download.ccgp.gov.cn/oss/download?uuid=e256c105-36d3-4685-92cc-47c069""}]",https://www.ccgp.gov.cn/cggg/zygg/gzgg/202609/t20260903_27263313.htm,2026-09-10 09:47:54,一、项目基本情况项目编号：JC-HG20260248原公告的采购项目名称：2026年应急储备物资（装备类）项目首次公告日期：2026年8月28日二、更正信息更正事项：采购文件更正内容：1、第3包技术要求增加：“序号：8；重要性：*；指标项：防刺层材质；技术要求：非金属；证明材料要求：检测报告。”2、第7包技术要求更改：“序号1执行标准证明材料要求：检测报告，”更改为“序号1执行标准证明材料要求：承诺函”。以上更正内容具体详见公开招标文件。三、其他补充事宜无四、凡对本次公告内容提出询问，请按以下方式联系。1.采购人信息采购人名称：公安部装备财务局地址：北京市东长安街14号联系方式：010-662636902.采购代理机构信息名称：公安部警用装备采购中心地址：上海市闵行区三达路299号联系方式：联系代表 021-332929993.项目联系方式项目联系人：联系代表电话：021-33292999,公共安全,,中国政府采购网,,,default,,,,,,,,,,,
云阳县消防救援大队伙食配送服务项目更正公告一号,变更公告,26WC0203,2026年09月03日 18:36,市辖区,云阳县消防救援大队,重庆市云阳县双江街道纱滨路333号,董老师 023-55168701,重庆市政府采购中心,重庆市两江新区五简路2号重庆咨询大厦B座503室,周建行 白喆 023-67954029   67703509,周建行,023-6795402967703509,澄清文件一号-云阳县消防救援大队伙食配送服务项目9.3.doc,"[{""attach_name"": ""澄清文件一号-云阳县消防救援大队伙食配送服务项目9.3.doc"", ""attach_url"": ""https://download.ccgp.gov.cn/oss/download?uuid=5C67D8DAC70A6BCD1AC779C5CBED05""}]",https://www.ccgp.gov.cn/cggg/zygg/gzgg/202609/t20260903_27262823.htm,2026-09-10 09:47:55,一、项目基本情况 原公告的采购项目编号：26WC0203（ZC-GZ-26001439） 原公告的采购项目名称：云阳县消防救援大队伙食配送服务项目公开招标公告 首次公告日期：2026年08月31日 二、更正信息 更正事项：采购文件 更正内容： 各潜在供应商：现对本项目招标文件的内容作出澄清或修改，详见附件“澄清文件一号”。 更正日期：2026年09月03日 三、其他补充事宜 四、凡对本次公告内容提出询问，请按以下方式联系。 1.采购人信息 名 称：云阳县消防救援大队 地址：重庆市云阳县双江街道纱滨路333号 联系方式：董老师 023-55168701 2.采购代理机构信息 名 称：重庆市政府采购中心 地 址：重庆市两江新区五简路2号重庆咨询大厦B座503室 联系方式：周建行 白喆 023-67954029 67703509 3.项目联系方式 项目联系人：周建行 白喆 电 话： 023-67954029 67703509,公共安全,,中国政府采购网,,,default,,采购文件,,,,,,,,,
中国科学院西安光学精密机械研究所大面阵软X射线成像采集CCD采购项目更正公告,变更公告,OITC-G260812749,2026年09月03日 18:34,甘肃省,中国科学院西安光学精密机械研究所,西安市高新区新型工业园信息大道17号,weipy@opt.ac.cn,东方国际招标有限责任公司,北京市海淀区丹棱街1号互联网金融中心20层,吴旭 冯宇图 陈文雄 010-68290510、010-68290550、13021163517、 xwu@osic.com.cn,吴旭,010-68290510、010-68290550、13021163517,,,https://www.ccgp.gov.cn/cggg/zygg/gzgg/202609/t20260903_27262806.htm,2026-09-10 09:47:56,一、项目基本情况 原公告的采购项目编号：OITC-G260812749 原公告的采购项目名称：中国科学院西安光学精密机械研究所大面阵软X射线成像采集CCD采购项目 首次公告日期：2026年09月03日 二、更正信息 更正事项：采购公告 更正内容： （一）、行政区域：陕西省 西安市（二）、其余不变 更正日期：2026年09月03日 三、其他补充事宜 无 四、凡对本次公告内容提出询问，请按以下方式联系。 1.采购人信息 名 称：中国科学院西安光学精密机械研究所 地址：西安市高新区新型工业园信息大道17号 联系方式：weipy@opt.ac.cn 2.采购代理机构信息 名 称：东方国际招标有限责任公司 地 址：北京市海淀区丹棱街1号互联网金融中心20层 联系方式：吴旭 冯宇图 陈文雄 010-68290510、010-68290550、13021163517、 xwu@osic.com.cn 3.项目联系方式 项目联系人：吴旭 冯宇图 陈文雄 电 话： 010-68290510、010-68290550、13021163517,教育培训,,中国政府采购网,,,default,,采购公告,,,,,,,,,
东南大学生物科学与医学工程学院光镊拉曼高内涵分析仪更正公告,变更公告,0664-2640SUMECZF094,2026年09月03日 17:30,南京市,东南大学,南京市玄武区四牌楼2号,生物科学与医学工程学院：赵老师 电话：18912971863；实验室与设备管理处：大型装备平台科 电话：025-52091041,苏美达国际技术贸易有限公司,南京市长江路198号苏美达大厦9F,冯帆、高雅婧、杨扬 025-84531327、84532452、84532455,冯帆、高雅婧、杨扬,025-84531327、84532452、84532455,,,https://www.ccgp.gov.cn/cggg/zygg/gzgg/202609/t20260903_27261841.htm,2026-09-10 09:47:57,一、项目基本情况 原公告的采购项目编号：0664-2640SUMECZF094（SEU-ZB-260413） 原公告的采购项目名称：东南大学生物科学与医学工程学院光镊拉曼高内涵分析仪 首次公告日期：2026年08月12日 二、更正信息 更正事项：采购公告 更正内容： 原招标文件：提交投标文件截止时间、开标时间和地点1、投标截止时间：2026年9月4日9点30分（北京时间）2、开标时间：2026年9月4日9点30分（北京时间）3、开标地点：南京市长江路198号苏美达大厦辅楼303会议室现变更为：1、投标截止时间：2026年9月11日9点30分（北京时间）2、开标时间：2026年9月11日9点30分（北京时间）3、开标地点：南京市长江路198号苏美达大厦辅楼303会议室其余事项不变。 更正日期：2026年09月03日 三、其他补充事宜 无 四、凡对本次公告内容提出询问，请按以下方式联系。 1.采购人信息 名 称：东南大学 地址：南京市玄武区四牌楼2号 联系方式：生物科学与医学工程学院：赵老师 电话：18912971863；实验室与设备管理处：大型装备平台科 电话：025-52091041 2.采购代理机构信息 名 称：苏美达国际技术贸易有限公司 地 址：南京市长江路198号苏美达大厦9F 联系方式：冯帆、高雅婧、杨扬 025-84531327、84532452、84532455 3.项目联系方式 项目联系人：冯帆、高雅婧、杨扬 电 话： 025-84531327、84532452、84532455,医疗卫生,2026-09-04 09:30,中国政府采购网,,,default,,采购公告,,,,,,,,,
华中科技大学同济医学院附属协和医院干部保健项目-综合医疗科激光扫描检眼镜1台更正公告,变更公告,ZF2026-HB-0706,2026年09月03日 17:24,湖北省,华中科技大学同济医学院附属协和医院,湖北省武汉市解放大道1277号,李老师 027-85726571,安徽省招标集团股份有限公司,湖北省武汉市硚口区解放大道586号同馨商务大厦2306室,倪裳、黄敏冲、袁童、柳小豪、徐杜敏027-83799899、19986914585,倪裳、黄敏冲、袁童、柳小豪、徐,027-83799899、19986914585,,,https://www.ccgp.gov.cn/cggg/zygg/gzgg/202609/t20260903_27261698.htm,2026-09-10 09:47:58,一、项目基本情况 原公告的采购项目编号：ZF2026-HB-0706 原公告的采购项目名称：干部保健项目-综合医疗科激光扫描检眼镜1台 首次公告日期：2026年08月27日 二、更正信息 更正事项：采购公告 更正内容： 本项目“获取招标文件”的时间更正为：2026年08月27日  至 2026年09月08日，每天上午9:00至12:00，下午14:00至17:30。（北京时间，法定节假日除外） 更正日期：2026年09月03日 三、其他补充事宜 无 四、凡对本次公告内容提出询问，请按以下方式联系。 1.采购人信息 名 称：华中科技大学同济医学院附属协和医院 地址：湖北省武汉市解放大道1277号 联系方式：李老师 027-85726571 2.采购代理机构信息 名 称：安徽省招标集团股份有限公司 地 址：湖北省武汉市硚口区解放大道586号同馨商务大厦2306室 联系方式：倪裳、黄敏冲、袁童、柳小豪、徐杜敏027-83799899、19986914585 3.项目联系方式 项目联系人：倪裳、黄敏冲、袁童、柳小豪、徐杜敏 电 话： 027-83799899、19986914585,医疗卫生,,中国政府采购网,,,default,,采购公告,,,,,,,,,
四川大学华西医院西区配电室变配电设备汰旧更新改造项目结果更正公告,变更公告,ZY20260420ZC-C,2026年09月03日 17:23,四川省,四川大学华西医院,四川省成都市武侯区国学巷37号,姚老师 ：028-85422788,四川中意招标有限公司,四川省成都市高新区天府大道1700号新世纪环球中心E3门栋6楼2-1-611-615,袁女士：028-87050033,张先生,028-87050033转2052,,,https://www.ccgp.gov.cn/cggg/zygg/gzgg/202609/t20260903_27261664.htm,2026-09-10 09:47:58,"一、项目基本情况 原公告的采购项目编号：ZY20260420ZC-C 原公告的采购项目名称：四川大学华西医院西区配电室变配电设备汰旧更新改造项目 首次公告日期：2026年08月19日 二、更正信息 更正事项：采购结果 更正内容： 原中标供应商（四川锦信建筑工程有限公司））放弃中标资格,经采购人确认顺延第二名为中标供应商。1.原中标公告供应商名称由“四川锦信建筑工程有限公司”更正为“四川京锋电力工程有限公司”；2.原中标公告供应商地址更正为“成都市武侯区人民南路三段17号华西美庐2栋一单元25楼F”3.原中标公告中标金额更正为“项目内容一（投标报价总价：2097188.8元），项目内容二（报价金额：112520元）”4.原中标公告主要标的信息更正为:“名称：干式电力变压器等品牌（如有）：顺特(SUNTEN)等规格型号：SCB14-1250/10等数量：1批单价：2097188.8元”5.原中标公告代理费总金额更正为“2.1655万元” 更正日期：2026年09月03日 三、其他补充事宜 项目负责人：张健、杨皓、陈媛、赵龙、潘家萍、黄媛。 四、凡对本次公告内容提出询问，请按以下方式联系。 1.采购人信息 名 称：四川大学华西医院 地址：四川省成都市武侯区国学巷37号 联系方式：姚老师 ：028-85422788 2.采购代理机构信息 名 称：四川中意招标有限公司 地 址：四川省成都市高新区天府大道1700号新世纪环球中心E3门栋6楼2-1-611-615 联系方式：袁女士：028-87050033 3.项目联系方式 项目联系人：张先生 电 话： 028-87050033转2052",医疗卫生,,中国政府采购网,,,default,,采购结果,,,,,,,,,
上林县消防救援大队食堂主副食品配送项目更正公告,变更公告,GXZB-ZBDL-260709,2026年09月03日 17:22,上林县,上林县消防救援大队,南宁市上林县大丰镇丰岭路657号,冯工、0771-5221925,广西中邦工程项目管理有限公司,南宁市青秀区民族大道192号鑫隆国际商业中心1号楼1310、1311、1312、1313、1314号房,苏工、0771-2751537,苏工,0771-2751537,,,https://www.ccgp.gov.cn/cggg/zygg/gzgg/202609/t20260903_27261668.htm,2026-09-10 09:47:59,一、项目基本情况 原公告的采购项目编号：GXZB-ZBDL-260709 原公告的采购项目名称：上林县消防救援大队食堂主副食品配送项目公开招标公告 首次公告日期：2026年09月03日 二、更正信息 更正事项：采购公告 更正内容： 序号     更正项 更正前内容 更正后内容 1   招标公告三、获取招标文件   2、网上获取方式：将授权委托人携带本人身份证、授权委托书（授权委托时需提供）、企业营业执照副本（以上资料均为复印件并加盖单位公章）及购买招标文件缴费凭证扫描件在获取招标文件时间内发送至指定邮箱：499953825@qq.com，电子邮件内请注明项目名称、项目编号、供应商名称及相关信息，以及供应商的收件人姓名、联系电话、收件地址、电子邮箱、开票信息等；网上获取招标文件联系人：苏工，联系电话：0771-2751537。   2、网上获取方式：将授权委托人携带本人身份证、授权委托书（授权委托时需提供）、企业营业执照副本（以上资料均为复印件并加盖单位公章）及购买招标文件缴费凭证扫描件在获取招标文件时间内发送至指定邮箱：499953825@qq.com，电子邮件内请注明项目名称、项目编号、供应商名称及相关信息，以及供应商的收件人姓名、联系电话、收件地址、电子邮箱、开票信息等；网上获取招标文件联系人：苏工，联系电话：0771-2751537、18878730822。   更正日期：2026年09月03日 三、其他补充事宜 无 四、凡对本次公告内容提出询问，请按以下方式联系。 1.采购人信息 名 称：上林县消防救援大队 地址：南宁市上林县大丰镇丰岭路657号 联系方式：冯工、0771-5221925 2.采购代理机构信息 名 称：广西中邦工程项目管理有限公司 地 址：南宁市青秀区民族大道192号鑫隆国际商业中心1号楼1310、1311、1312、1313、1314号房 联系方式：苏工、0771-2751537 3.项目联系方式 项目联系人：苏工 电 话： 0771-2751537,公共安全,,中国政府采购网,,,default,,采购公告,,,,,,,,,
中华人民共和国天府新区海关电路改造及膜结构停车棚工程比选更正公告,变更公告,SCIT-FB,2026年09月03日 17:18,四川省,中华人民共和国天府新区海关,四川省成都市天府新区广州路东段1号,陈老师 028-85390465,四川国际招标有限责任公司,中国（四川）自由贸易试验区成都市高新区天府四街66号2栋22层1号,联系人：王女士、贺女士 联系电话：18583959483、13111881702,王女士,18583959483,,,https://www.ccgp.gov.cn/cggg/zygg/gzgg/202609/t20260903_27261563.htm,2026-09-10 09:48:00,一、项目基本情况 原公告的采购项目编号：SCIT-FB（Z）-2026080001 原公告的采购项目名称：中华人民共和国天府新区海关电路改造及膜结构停车棚工程比选采购公告 首次公告日期：2026年08月28日 二、更正信息 更正事项：采购文件 更正内容： 一、原比选文件发售时间2026年8月31日至2026年09月02日每日9:00-17:00（北京时间）更正为：2026年8月31日至2026年09月04日每日9:00-17:00（北京时间）二、原比选截止时间：2026年09月04日13:30（北京时间）更正为：2026年09月08日13:30（北京时间）三、原文件接收时间段：2026年09月04日13:00（北京时间）-2026年09月04日13:30（北京时间）更正为：2026年09月08日13:00（北京时间）-2026年09月08日13:30（北京时间）四、其余不变 更正日期：2026年09月03日 三、其他补充事宜 无 四、凡对本次公告内容提出询问，请按以下方式联系。 1.采购人信息 名 称：中华人民共和国天府新区海关 地址：四川省成都市天府新区广州路东段1号 联系方式：陈老师 028-85390465 2.采购代理机构信息 名 称：四川国际招标有限责任公司 地 址：中国（四川）自由贸易试验区成都市高新区天府四街66号2栋22层1号 联系方式：联系人：王女士、贺女士 联系电话：18583959483、13111881702 3.项目联系方式 项目联系人：王女士 电 话： 18583959483,工程建设,2026-09-04 13:30,中国政府采购网,,,default,,采购文件,,,,,,,,,
中华人民共和国上海海关2026年上海海关监管工作犬采购项目更正公告,变更公告,SYZB20260469,2026年09月03日 17:06,上海市,中华人民共和国上海海关,上海市陆家嘴西路153号906室,安老师68891000-623199,上海申诣建设咨询有限公司,13127572665、18818252438,张雪燕、韩贞,张雪燕,13127572665,,,https://www.ccgp.gov.cn/cggg/zygg/gzgg/202609/t20260903_27261245.htm,2026-09-10 09:48:01,一、项目基本情况 原公告的采购项目编号：SYZB20260469 原公告的采购项目名称：中华人民共和国上海海关2026年上海海关监管工作犬采购项目公开招标公告 首次公告日期：2026年08月20日 二、更正信息 更正事项：采购文件 更正内容： 原招标文件：预算金额：95万元。修改为：预算金额：95万元（预估金额）。 更正日期：2026年09月03日 三、其他补充事宜 / 四、凡对本次公告内容提出询问，请按以下方式联系。 1.采购人信息 名 称：中华人民共和国上海海关 地址：上海市陆家嘴西路153号906室 联系方式：安老师68891000-623199 2.采购代理机构信息 名 称：上海申诣建设咨询有限公司 地 址：13127572665、18818252438 联系方式：张雪燕、韩贞 3.项目联系方式 项目联系人：张雪燕 电 话： 13127572665,服务外包,,中国政府采购网,,95.0,content,,采购文件,,,,,,,,,
阿坝藏族羌族自治州森林消防支队阿坝消防救援机动支队2026-2027年度主副食品采购配送项目（第二次）更正公告01号,变更公告,/,2026年09月03日 17:02,阿坝藏族羌族自治州,阿坝藏族羌族自治州森林消防支队,四川省阿坝州马尔康市达萨街689号,高先生18514236892,四川省中基建设工程项目管理有限公司,成都市锦江区宏济新路5号SOHO商务港2楼207号,易老师028-84595370,高先生,18514236892,阿坝消防救援机动支队2026-2027年度主副食品采购配送项目（第二次）补遗01号.pdf,"[{""attach_name"": ""阿坝消防救援机动支队2026-2027年度主副食品采购配送项目（第二次）补遗01号.pdf"", ""attach_url"": ""https://download.ccgp.gov.cn/oss/download?uuid=64CF7DE670C96A870A579F4DD2BC20""}]",https://www.ccgp.gov.cn/cggg/zygg/gzgg/202609/t20260903_27261093.htm,2026-09-10 09:48:01,一、项目基本情况 原公告的采购项目编号：/ 原公告的采购项目名称：阿坝藏族羌族自治州森林消防支队阿坝消防救援机动支队2026-2027年度主副食品采购配送项目（第二次） 首次公告日期：2026年08月19日 二、更正信息 更正事项：采购文件 更正内容：  致：各潜在供应商现就采购文件“第二章 供应商须知前附表”新增第20条。1.更正后： 20 政策性鼓励与惩戒 （实质性要求） 一、促进中小企业发展 1、根据四川省财政厅关于转发财政部 《关于进一步加大政府采购支持中小企业力度的通知》的通知（川财采〔2022〕78号）的规定，对符合本办法规定的小微企业报价给予10%的扣除，用扣除后的价格参加评审。 2、参加政府采购活动的中小微企业应当提供《中小企业声明函》原件。 3、监狱企业、残疾人福利性单位视为小型或微型企业，供应商提供相关证明材料。 注：根据《政府采购促进中小企业发展管理办法》（财库〔2020〕46号）的规定本办法所称中小企业，是指在中华人民共和国境内依法设立，依据国务院批准的中小企业划分标准确定的中型企业、小型企业和微型企业，但与大企业的负责人为同一人，或者与大型企业存在直接控股、管理关系的除外。 符合中小企业划分标准的个体工商户，在政府采购活动中视同中小企业。 二、节能、环保产品政府采购政策（本项目不涉及） 1、根据《财政部 发展改革委 生态环境部 市场监管总局关于调整优化节能产品、环境标志产品政府采购执行机制的通知》（财库〔2019〕9号）相关要求，依据品目清单和认证证书实施政府优先采购和强制采购。本项目采购的产品属于品目清单范围的，依据国家确定的认证机构出具的、处于有效期之内的节能产品、环境标志产品认证证书，对获得证书的产品实施政府优先采购或强制采购。 2、本项目采购的产品属于品目清单强制采购范围的，供应商应按上述要求提供产品认证证书复印件并加盖供应商单位公章（鲜章），否则投标无效。 注：对政府采购节能产品、环境标志产品实施品目清单管理。财政部、发展改革委、生态环境部等部门根据产品节能环保性能、技术水平和市场成熟程度等因素，确定实施政府优先采购和强制采购的产品类别及所依据的相关标准规范，以品目清单的形式发布并适时调整。 三、无线局域网产品政府采购政策（本项目不涉及） 四、符合扶持不发达地区和少数民族地区政策条件的，在同等条件下享有优先采购的机会。 五、根据财政部《关于在政府采购活动中查询及使用信用记录有关问题的通知》(财库〔2016〕125号)，对被列入失信被执行人、重大税收违法案件当事人名单、政府采购严重违法失信行为记录名单及其他不符合《中华人民共和国政府采购法》第二十二条规定条件的供应商，拒绝其参与本项目的政府采购活动。  2.原定开标时间为2026年9月11日14时:00分，现顺延至2026年9月20日 14时:00分（北京时间）。如本补遗文件与采购文件内容不一致的，以本补遗文件为准。采购文件中其他内容不变。  更正日期：2026年09月03日 三、其他补充事宜 四、凡对本次公告内容提出询问，请按以下方式联系。 1.采购人信息 名 称：阿坝藏族羌族自治州森林消防支队 地址：四川省阿坝州马尔康市达萨街689号 联系方式：高先生18514236892 2.采购代理机构信息 名 称：四川省中基建设工程项目管理有限公司 地 址：成都市锦江区宏济新路5号SOHO商务港2楼207号 联系方式：易老师028-84595370 3.项目联系方式 项目联系人：高先生 电 话： 18514236892,公共安全,,中国政府采购网,,,default,,采购文件,,,,,,,,,
中国科学院西安光学精密机械研究所大动态高灵敏高帧频微光成像器件多参量集同测试设备（标包二：大动态宽谱光学测量设备）更正公告,变更公告,MY-26JS004,2026年09月03日 16:48,西安市,中国科学院西安光学精密机械研究所,陕西省西安市高新区新型工业园信息大道17号,赵老师 029-88880958,陕西铭源项目管理有限公司,陕西省西安市高新区锦业路2号境商未来中心12111号,李冰、程洋超 029-85723384、029-85723378,李冰,029-85723384,,,https://www.ccgp.gov.cn/cggg/zygg/gzgg/202609/t20260903_27260827.htm,2026-09-10 09:48:01,一、项目基本情况 原公告的采购项目编号：MY-26JS004 原公告的采购项目名称：中国科学院西安光学精密机械研究所大动态高灵敏高帧频微光成像器件多参量集同测试设备（标包二：大动态宽谱光学测量设备）公开招标公告 首次公告日期：2026年08月26日 二、更正信息 更正事项：采购公告 更正内容： 原公告获取招标文件时间，变更为2026年08月26日至2026年09月08日，每天上午9:00至12：00，下午14:00至18:00。（北京时间，法定节假日除外） 更正日期：2026年09月03日 三、其他补充事宜 其他内容不变 四、凡对本次公告内容提出询问，请按以下方式联系。 1.采购人信息 名 称：中国科学院西安光学精密机械研究所 地址：陕西省西安市高新区新型工业园信息大道17号 联系方式：赵老师 029-88880958 2.采购代理机构信息 名 称：陕西铭源项目管理有限公司 地 址：陕西省西安市高新区锦业路2号境商未来中心12111号 联系方式：李冰、程洋超 029-85723384、029-85723378 3.项目联系方式 项目联系人：李冰 电 话： 029-85723384,教育培训,,中国政府采购网,,,default,,采购公告,,,,,,,,,
国家税务总局上栗县税务局2026-2027年度综合服务项目（第二次）澄清公告,变更公告,JXRJ-2026-033,2026年09月03日 16:43,萍乡市,国家税务总局萍乡市税务局,萍乡市安源区滨河东路382号,龙女士 0799-6789899,江西睿佳工程咨询有限公司,萍乡市安源区翡翠城悦凯酒店23楼,杨女士13217997663,杨女士,13217997663,,,https://www.ccgp.gov.cn/cggg/zygg/gzgg/202609/t20260903_27260645.htm,2026-09-10 09:48:02,一、项目基本情况 原公告的采购项目编号：JXRJ-2026-033 原公告的采购项目名称：国家税务总局上栗县税务局2026-2027年度综合服务项目 首次公告日期：2026年08月24日 二、更正信息 更正事项：采购文件 更正内容： 对本项目采购文件第六章 项目采购需求3.3.1.1.2办税辅助服务内容中★（2）纳税辅导服务更正为#（2）纳税辅导服务。采购文件其余内容保持不变，特此公告。 更正日期：2026年09月03日 三、其他补充事宜 / 四、凡对本次公告内容提出询问，请按以下方式联系。 1.采购人信息 名 称：国家税务总局萍乡市税务局 地址：萍乡市安源区滨河东路382号 联系方式：龙女士 0799-6789899 2.采购代理机构信息 名 称：江西睿佳工程咨询有限公司 地 址：萍乡市安源区翡翠城悦凯酒店23楼 联系方式：杨女士13217997663 3.项目联系方式 项目联系人：杨女士 电 话： 13217997663,工程建设,,中国政府采购网,,,default,,采购文件,,,,,,,,,
大兴安岭地区森林消防支队大兴安岭地区消防救援机动支队2026年度取暖包烧服务采购项目更正公告,变更公告,HX-2026-CS0010,2026年09月03日 16:41,大兴安岭地区,大兴安岭地区森林消防支队,加格达奇区光华路61号,贾立恒0457-2123433,黑龙江桓熙项目管理咨询有限公司,哈尔滨市南岗区信恒现代城文园B栋1层3号,刘女士15663743141,刘女士,15663743141,,,https://www.ccgp.gov.cn/cggg/zygg/gzgg/202609/t20260903_27260584.htm,2026-09-10 09:48:03,一、项目基本情况 原公告的采购项目编号：HX-2026-CS0010 原公告的采购项目名称：大兴安岭地区森林消防支队大兴安岭地区消防救援机动支队2026年度取暖包烧服务采购项目成交结果公告 首次公告日期：2026年08月26日 二、更正信息 更正事项：采购结果 更正内容： 原成交公告第二包服务范围更正为十八站大队取暖包烧服务、图强中队取暖包烧服务 更正日期：2026年09月03日 三、其他补充事宜 无 四、凡对本次公告内容提出询问，请按以下方式联系。 1.采购人信息 名 称：大兴安岭地区森林消防支队 地址：加格达奇区光华路61号 联系方式：贾立恒0457-2123433 2.采购代理机构信息 名 称：黑龙江桓熙项目管理咨询有限公司 地 址：哈尔滨市南岗区信恒现代城文园B栋1层3号 联系方式：刘女士15663743141 3.项目联系方式 项目联系人：刘女士 电 话： 15663743141,公共安全,,中国政府采购网,,,default,,采购结果,,,,,,,,,
东阿县消防救援大队招标餐饮服务项目更正公告,变更公告,YC26476021,2026年09月03日 16:33,东阿县,东阿县消防救援大队,东阿县新聊滑路路北,郭队长18663509537,亿诚建设项目管理有限公司,山东省聊城经济技术开发区东城街道东昌东路星美办公2号楼1001室,田丙强16606356367,郭队长,18663509537,,,https://www.ccgp.gov.cn/cggg/zygg/gzgg/202609/t20260903_27260393.htm,2026-09-10 09:48:03,一、项目基本情况 原公告的采购项目编号：YC26476021（CGQ） 原公告的采购项目名称：东阿县消防救援大队招标餐饮服务项目竞争性磋商公告 首次公告日期：2026年08月28日 二、更正信息 更正事项：采购公告 更正内容： 更正前采购公告内容：响应文件提交截止时间及报价时间：2026年9月8日09时00分更正后采购公告内容：响应文件提交截止时间及报价时间：2026年9月9日09时00分 更正日期：2026年09月03日 三、其他补充事宜 四、凡对本次公告内容提出询问，请按以下方式联系。 1.采购人信息 名 称：东阿县消防救援大队 地址：东阿县新聊滑路路北 联系方式：郭队长18663509537 2.采购代理机构信息 名 称：亿诚建设项目管理有限公司 地 址：山东省聊城经济技术开发区东城街道东昌东路星美办公2号楼1001室 联系方式：田丙强16606356367 3.项目联系方式 项目联系人：郭队长 电 话： 18663509537,公共安全,,中国政府采购网,,,default,,采购公告,,,,,,,,,
哈尔滨工程大学第二十九学生公寓建设项目工程造价咨询服务采购项目更正公告,变更公告,YGFZB20260350,2026年09月03日 15:45,黑龙江省,哈尔滨工程大学,哈尔滨市南岗区南通大街145号,0451-82519446,宜国发项目管理有限公司,哈尔滨市道里区群力第四大道399号汇智广场中楼401室,佟龙、王金丹、朱国凤、郑天琪  0451-55671212,佟龙、王金丹、朱国凤、郑天琪,0451-55671212,,,https://www.ccgp.gov.cn/cggg/zygg/gzgg/202609/t20260903_27259441.htm,2026-09-10 09:48:04,一、项目基本情况 原公告的采购项目编号：YGFZB20260350 原公告的采购项目名称：哈尔滨工程大学第二十九学生公寓建设项目工程造价咨询服务采购项目 首次公告日期：2026年08月20日 二、更正信息 更正事项：采购文件 更正内容： 序号 位置 原要求 现更正为 1 供应商须知前附表--第43项中小企业有关政策 注：（1）依据工信部联企业〔2011〕300号文件，如供应商在中小企业声明函中填报的从业人员、营业收入、资产总额等数据与填报的所属企业类型（中型企业、小型企业、微型企业）不对应的，声明函不做无效处理，评审委员会以数据为准认定其企业类型。 （2）如供应商在中小企业声明函中“采购文件中明确的所属行业”及“企业类型”填写有误的，声明函不做无效处理，评审委员会将依据供应商填写的企业数据认定其所属企业类型。 注：（1）依据工信部联企业〔2011〕300号文件，如供应商在中小企业声明函中填报的从业人员、营业收入、资产总额等数据与填报的所属企业类型（中型企业、小型企业、微型企业）不对应的，声明函不做无效处理，以数据为准认定其企业类型。 （2）如供应商在中小企业声明函中“采购文件中明确的所属行业”及“企业类型”填写有误的，声明函不做无效处理，依据供应商填写的企业数据认定其所属企业类型。 2 投标文件格式--中小企业声明函 注：（3）依据工信部联企业〔2011〕300号文件，如供应商在中小企业声明函中填报的从业人员、营业收入、资产总额等数据与填报的所属企业类型（中型企业、小型企业、微型企业）不对应的，声明函不做无效处理，评审委员会以数据为准认定其企业类型。 （4）如供应商在中小企业声明函中“采购文件中明确的所属行业”及“企业类型”填写有误的，声明函不做无效处理，评审委员会将依据供应商填写的企业数据认定其所属企业类型。 注：（3）依据工信部联企业〔2011〕300号文件，如供应商在中小企业声明函中填报的从业人员、营业收入、资产总额等数据与填报的所属企业类型（中型企业、小型企业、微型企业）不对应的，声明函不做无效处理，以数据为准认定其企业类型。 （4）如供应商在中小企业声明函中“采购文件中明确的所属行业”及“企业类型”填写有误的，声明函不做无效处理，依据供应商填写的企业数据认定其所属企业类型。   更正日期：2026年09月03日 三、其他补充事宜 无 四、凡对本次公告内容提出询问，请按以下方式联系。 1.采购人信息 名 称：哈尔滨工程大学 地址：哈尔滨市南岗区南通大街145号 联系方式：0451-82519446 2.采购代理机构信息 名 称：宜国发项目管理有限公司 地 址：哈尔滨市道里区群力第四大道399号汇智广场中楼401室 联系方式：佟龙、王金丹、朱国凤、郑天琪 0451-55671212 3.项目联系方式 项目联系人：佟龙、王金丹、朱国凤、郑天琪 电 话： 0451-55671212,教育培训,,中国政府采购网,,,default,,采购文件,,,,,,,,,
北京大学第三医院生殖医学中心三层局部改造项目更正公告,变更公告,20240735274016,2026年09月03日 15:10,北京市,北京大学第三医院,北京市海淀区花园北路49号,黄老师82265789,北京市京发招标有限公司,北京市东城区崇文门外大街90号,杨栋、李丁67169727,杨栋、李丁,67169727,"发售稿-北京大学第三医院生殖医学中心三层局部改造项目-比选文件-20260810稿.pdf,中小企业声明函.pdf","[{""attach_name"": ""发售稿-北京大学第三医院生殖医学中心三层局部改造项目-比选文件-20260810稿.pdf"", ""attach_url"": ""https://download.ccgp.gov.cn/oss/download?uuid=A7A479788DB3E0CF2ACFA8DD73F447""}, {""attach_name"": ""中小企业声明函.pdf"", ""attach_url"": ""https://download.ccgp.gov.cn/oss/download?uuid=2A1CEB122268E510F726CFA1449290""}]",https://www.ccgp.gov.cn/cggg/zygg/gzgg/202609/t20260903_27258801.htm,2026-09-10 09:48:05,一、项目基本情况 原公告的采购项目编号：20240735274016 原公告的采购项目名称：北京大学第三医院生殖医学中心三层局部改造项目成交公告 首次公告日期：2026年08月21日 二、更正信息 更正事项：采购结果 更正内容： 成交供应商名称：北京戎信建筑装饰工程有限公司成交供应商地址：北京市朝阳区久文路6号院45号楼1层(01)101内D室成交金额：132.96115万元成交供应商最终得分：85.46分主要标的信息：名称：北京大学第三医院生殖医学中心三层局部改造项目施工范围：本次装修改造图纸范围内的建筑、结构、给排水、暖通、电气施工。将生殖医学中心三层现状药房、药库等区域改为27床位休息区，并增设一个卫生间，一间库房，具体要求详见技术要求、图纸及工程量清单。质量标准：合格。施工现场安全生产标准化管理目标等级：达标。工期：90日历天。计划开竣工日期：2026年8月30日至2026年11月31日。项目经理：黄继生执业证书信息：京1212004200802432代理服务收费标准及金额：代理服务费参照国家计委《招标代理服务收费管理暂行办法》（计价格[2002]1980号）下浮20%收取，合计0.9845万元。 更正日期：2026年09月03日 三、其他补充事宜 / 四、凡对本次公告内容提出询问，请按以下方式联系。 1.采购人信息 名 称：北京大学第三医院 地址：北京市海淀区花园北路49号 联系方式：黄老师82265789 2.采购代理机构信息 名 称：北京市京发招标有限公司 地 址：北京市东城区崇文门外大街90号 联系方式：杨栋、李丁67169727 3.项目联系方式 项目联系人：杨栋、李丁 电 话： 67169727,医疗卫生,,中国政府采购网,,,default,,采购结果,,,,,,,,,
西安交通大学医学院第一附属医院外线电缆更换项目更正公告,变更公告,2026HG16ZK,2026年09月03日 15:01,西安市,西安交通大学第一附属医院,陕西省西安市雁塔区雁塔西路277号,董老师 029-85323684,中科经纬工程技术有限公司,陕西省西安市浐灞生态区欧亚一路世园大观3栋5层502室,康怡悦、李颖华、张倩 029-85261162、18209181365,康怡悦、李颖华、张倩,029-85261162、18209181365,,,https://www.ccgp.gov.cn/cggg/zygg/gzgg/202609/t20260903_27258678.htm,2026-09-10 09:48:05,一、项目基本情况 原公告的采购项目编号：2026HG16ZK 原公告的采购项目名称：西安交通大学医学院第一附属医院外线电缆更换项目资格预审公告 首次公告日期：2026年08月26日 二、更正信息 更正事项：采购公告 更正内容： 原申请文件提交地点：陕西省西安市碑林区和平路108号佳腾大厦9楼C室开标室一现更正申请文件提交地点：陕西省西安市碑林区长安北路陕西企业阳光采购交易平台二楼会议室其他内容不变 更正日期：2026年09月03日 三、其他补充事宜 无 四、凡对本次公告内容提出询问，请按以下方式联系。 1.采购人信息 名 称：西安交通大学第一附属医院 地址：陕西省西安市雁塔区雁塔西路277号 联系方式：董老师 029-85323684 2.采购代理机构信息 名 称：中科经纬工程技术有限公司 地 址：陕西省西安市浐灞生态区欧亚一路世园大观3栋5层502室 联系方式：康怡悦、李颖华、张倩 029-85261162、18209181365 3.项目联系方式 项目联系人：康怡悦、李颖华、张倩 电 话： 029-85261162、18209181365,医疗卫生,,中国政府采购网,,,default,,采购公告,,,,,,,,,
广东省湛江市气象局湛江市气象综合探测基地等配套基础设施安全隐患改造项目延期公告,变更公告,GDYD260521,2026年09月03日 14:56,湛江市,广东省湛江市气象局,\,李小姐,广东远东招标代理有限公司,广州市越秀区越华路112号珠江国际大厦4303单元,高小姐 020-83642820转826,高小姐,020-83642820转826,,,https://www.ccgp.gov.cn/cggg/zygg/gzgg/202609/t20260903_27258629.htm,2026-09-10 09:48:06,一、项目基本情况 原公告的采购项目编号：GDYD260521 原公告的采购项目名称：湛江市气象综合探测基地等配套基础设施安全隐患改造项目 首次公告日期：2026年08月26日 二、更正信息 更正事项：采购公告 更正内容： 原公告的磋商文件提交截止时间：2026-09-08 10:00:00，更正为：2026-09-22 10:00:00。       原公告的开标时间：2026-09-08 10:00:00，更正为：2026-09-22 10:00:00。其他内容不变。 更正日期：2026年09月03日 三、其他补充事宜 更正原因：因特殊原因，延长投标文件提交截止时间、开标时间。更正公告为原采购公告、原采购文件不可分割的部分，原采购公告、原采购文件相应条款与本公告有不一致之处，以本公告为准。请供应商务必按照更正后的内容编制投标/响应文件，本公告发布，视同书面通知所有潜在供应商。 四、凡对本次公告内容提出询问，请按以下方式联系。 1.采购人信息 名 称：广东省湛江市气象局 地址：\ 联系方式：李小姐 2.采购代理机构信息 名 称：广东远东招标代理有限公司 地 址：广州市越秀区越华路112号珠江国际大厦4303单元 联系方式：高小姐 020-83642820转826 3.项目联系方式 项目联系人：高小姐 电 话： 020-83642820转826,工程建设,,中国政府采购网,,,default,,采购公告,,,,,,,,,
山东省聊城市消防救援支队2026年大队级单位经济责任审计中介采购项目更正公告,变更公告,XLCQTCG-2026-210,2026年09月03日 14:55,东昌府区,聊城市消防救援支队,聊城市东昌府区陈庄路56号,孙主任、0635-8626655,山东层峰招标有限公司,山东省聊城市东昌府区新区办事处花园北路38号华远楼五楼,宁凤平、19963598118,孙主任,0635-8626655,,,https://www.ccgp.gov.cn/cggg/zygg/gzgg/202609/t20260903_27258601.htm,2026-09-10 09:48:07,一、项目基本情况 原公告的采购项目编号：XLCQTCG-2026-210 原公告的采购项目名称：山东省聊城市消防救援支队2026年大队级单位经济责任审计中介采购项目招标公告 首次公告日期：2026年08月14日 二、更正信息 更正事项：采购公告 更正内容： 更正内容：原公告内容：四、提交投标文件截止时间、开标时间和地点截止时间：2026 年 09 月 04 日 09 时 00 分（北京时间）各投标人在投标文件提交截止时间前将电子投标文件上传到新版聊城市公共资源电子交易系（http://ggzyjy.liaocheng.gov.cn:8601/tpbidder）开标时间：2026 年 09 月 04 日 09 时 00 分（北京时间）现更正为： 四、提交投标文件截止时间、开标时间和地点截止时间：2026 年 09 月 10 日 09 时 00 分（北京时间）各投标人在投标文件提交截止时间前将电子投标文件上传到新版聊城市公共资源电子交易系统（http://ggzyjy.liaocheng.gov.cn:8601/tpbidder）开标时间：2026 年 09 月 10 日 09 时 00 分（北京时间） 更正日期：2026年09月03日 三、其他补充事宜 四、凡对本次公告内容提出询问，请按以下方式联系。 1.采购人信息 名 称：聊城市消防救援支队 地址：聊城市东昌府区陈庄路56号 联系方式：孙主任、0635-8626655 2.采购代理机构信息 名 称：山东层峰招标有限公司 地 址：山东省聊城市东昌府区新区办事处花园北路38号华远楼五楼 联系方式：宁凤平、19963598118 3.项目联系方式 项目联系人：孙主任 电 话： 0635-8626655,公共安全,2026-09-04 09:00,中国政府采购网,,,default,,采购公告,,,,,,,,,
中国科学院国家授时中心时间基准与机房基础设施系统研制项目更正公告,变更公告,OTXA-2610121359,2026年09月03日 14:43,西安市,中国科学院国家授时中心,陕西省西安市临潼区书院东路3号,郑老师/029-83894683,东方（西安）国际招标有限公司,西安市太白南路181号西部电子社区A座A区208-1室,孙杰、王诗瑶、陈灏、张强/029-89529958-803,孙杰、王诗瑶、陈灏、张强,029-89529958-803,,,https://www.ccgp.gov.cn/cggg/zygg/gzgg/202609/t20260903_27258462.htm,2026-09-10 09:48:07,一、项目基本情况 原公告的采购项目编号：OTXA-2610121359 原公告的采购项目名称：中国科学院国家授时中心时间基准与机房基础设施系统研制项目 首次公告日期：2026年08月24日 二、更正信息 更正事项：采购文件 更正内容： 本项目投标截止时间及开标日期变更为2026年9月17日14时00分，其他内容不变。 更正日期：2026年09月03日 三、其他补充事宜 无。 四、凡对本次公告内容提出询问，请按以下方式联系。 1.采购人信息 名 称：中国科学院国家授时中心 地址：陕西省西安市临潼区书院东路3号 联系方式：郑老师/029-83894683 2.采购代理机构信息 名 称：东方（西安）国际招标有限公司 地 址：西安市太白南路181号西部电子社区A座A区208-1室 联系方式：孙杰、王诗瑶、陈灏、张强/029-89529958-803 3.项目联系方式 项目联系人：孙杰、王诗瑶、陈灏、张强 电 话： 029-89529958-803,教育培训,,中国政府采购网,,,default,,采购文件,,,,,,,,,
江西省永晋招标咨询有限公司关于赣州市气象局2026年中央自然灾害救灾项目（项目编号：JXYJ2026-GZ-J009）的竞争性谈判的更正公告,变更公告,JXYJ2026-GZ-J009,2026年09月03日 14:37,赣州市,江西省赣州市气象局,赣州市章贡区张家围路9号,曾先生0797-8123071,江西省永晋招标咨询有限公司,江西省赣州市赣州经济技术开发区迎宾大道1号“御景江山”小区2#写字楼二楼,熊蕾云、邱艳菲、郭玲、徐云海、0797-8213777,熊蕾云、邱艳菲、郭玲、徐云海,0797-8213777,,,https://www.ccgp.gov.cn/cggg/zygg/gzgg/202609/t20260903_27258415.htm,2026-09-10 09:48:08,一、项目基本情况 原公告的采购项目编号：JXYJ2026-GZ-J009 原公告的采购项目名称：赣州市气象局2026年中央自然灾害救灾项目 首次公告日期：2026年08月27日 二、更正信息 更正事项：采购文件 更正内容： 更正事项1：原磋商文件P22页中“三、采购项目需求-（五）技术规格及要求 - 3、本项目采购设备清单如下表所示：备注：以上型号为受灾设备原型号，供应商可提供同等或更优性能的替代型号，但须提供技术参数对比证明材料，并确保与现有站点设备兼容。”，现更正为：“三、采购项目需求-（五）技术规格及要求 - 3、本项目采购设备清单如下表所示：备注:以上型号为受灾设备原型号，供应商可提供同等或更优性能的替代型号，响应供应商须在投标文件中提供相关证明材料，并确保与现有站点设备兼容。”更正事项2：删除原磋商文件P23页中“三、采购项目需求-（五）技术规格及要求 - 4、标准与规范 -“ 4.3. 设备须取得气象装备使用许可证或通过中国气象局考核。”。更正事项3：原磋商文件P3页中“（七）响应截止时间和谈判时间、地点：时间：2026年09月04日上午9:30（北京时间）；”，现更正为：“（七）响应截止时间和谈判时间、地点：时间：2026年09月09日上午09:00（北京时间）；” 更正日期：2026年09月03日 三、其他补充事宜 此更正公告为《竞争性谈判文件》不可分割的部分，原谈判文件相应条款与本公告有不一致之处，以本公告为准。 四、凡对本次公告内容提出询问，请按以下方式联系。 1.采购人信息 名 称：江西省赣州市气象局 地址：赣州市章贡区张家围路9号 联系方式：曾先生0797-8123071 2.采购代理机构信息 名 称：江西省永晋招标咨询有限公司 地 址：江西省赣州市赣州经济技术开发区迎宾大道1号“御景江山”小区2#写字楼二楼 联系方式：熊蕾云、邱艳菲、郭玲、徐云海、0797-8213777 3.项目联系方式 项目联系人：熊蕾云、邱艳菲、郭玲、徐云海 电 话： 0797-8213777,服务外包,,中国政府采购网,,,default,,采购文件,,,,,,,,,
宁夏回族自治区气象数据中心（宁夏回族自治区气象探测中心、宁夏回族自治区气象档案馆）计算机网络设备（询价）采购项目结果变更公告,变更公告,DZXJ260722410048920,2026年09月03日 14:32,宁夏回族自治区,宁夏回族自治区气象信息中心,宁夏回族自治区银川市金凤区新昌西路71号,刘国云 0951-5029863,宁夏志成时代招标咨询有限公司,银川市兴庆区虹桥南街天鹅湖小镇旁陕西大厦B座2003室,姚璐、龙鹏羽、马晓萍 0951-5967667,刘国云,0951-5029863,"本国产品声明函.pdf,询价通知书.pdf,报价明细表.pdf","[{""attach_name"": ""本国产品声明函.pdf"", ""attach_url"": ""https://download.ccgp.gov.cn/oss/download?uuid=3483B4B5846155514B34DD6CF8B6F9""}, {""attach_name"": ""询价通知书.pdf"", ""attach_url"": ""https://download.ccgp.gov.cn/oss/download?uuid=767054326F793988611ADBAD1BE1AA""}, {""attach_name"": ""报价明细表.pdf"", ""attach_url"": ""https://download.ccgp.gov.cn/oss/download?uuid=E9C863BA6EA42C3CC185AD8D718B51""}]",https://www.ccgp.gov.cn/cggg/zygg/gzgg/202609/t20260903_27258372.htm,2026-09-10 09:48:08,一、项目基本情况 原公告的采购项目编号：DZXJ260722410048920 原公告的采购项目名称：宁夏回族自治区气象数据中心（宁夏回族自治区气象探测中心、宁夏回族自治区气象档案馆）计算机网络设备（询价）采购项目 首次公告日期：2026年08月20日 二、更正信息 更正事项：采购结果 更正内容： 原排名第一的成交供应商宁夏亿兆科技有限公司因质疑事项成立，不再具备成交资格，剩余合格供应商5家，满足法定数量条件。根据询价小组评审报告的候选人排序，我单位依法顺延本项目成交候选人第二名的中国广电宁夏网络有限公司确定为本项目新的成交供应商。 更正日期：2026年09月03日 三、其他补充事宜 无 四、凡对本次公告内容提出询问，请按以下方式联系。 1.采购人信息 名 称：宁夏回族自治区气象信息中心 地址：宁夏回族自治区银川市金凤区新昌西路71号 联系方式：刘国云 0951-5029863 2.采购代理机构信息 名 称：宁夏志成时代招标咨询有限公司 地 址：银川市兴庆区虹桥南街天鹅湖小镇旁陕西大厦B座2003室 联系方式：姚璐、龙鹏羽、马晓萍 0951-5967667 3.项目联系方式 项目联系人：刘国云 电 话： 0951-5029863,信息技术,,中国政府采购网,,,default,,采购结果,,,,,,,,,
中国国际经济技术交流中心采购货物项目实施任务更正公告(7),变更公告,,2026年09月03日 14:31,北京市,中国国际经济技术交流中心,北京市东城区安定门东大街28号雍和大厦C座11层,时丽泓010-84000767,中招国际招标有限公司,北京市海淀区学院南路62号中关村资本大厦613C室,姚启洪、李莉、崔凯、杨慧君、靳艳刚、王丽莉、秦璐璐010-62108088、62108210、62108291,姚启洪、李莉、崔凯、杨慧君、靳,010-62108088、62108210、62108291,,,https://www.ccgp.gov.cn/cggg/zygg/gzgg/202609/t20260903_27258362.htm,2026-09-10 09:48:09,一、项目基本情况 原公告的采购项目编号：物资2026-001 原公告的采购项目名称：中国国际经济技术交流中心采购货物项目实施任务 首次公告日期：2026年01月21日 二、更正信息 更正事项：采购文件 更正内容： 本项目投标截止时间和开标时间延期，具体时间待定。 更正日期：2026年09月03日 三、其他补充事宜 无 四、凡对本次公告内容提出询问，请按以下方式联系。 1.采购人信息 名 称：中国国际经济技术交流中心 地址：北京市东城区安定门东大街28号雍和大厦C座11层 联系方式：时丽泓010-84000767 2.采购代理机构信息 名 称：中招国际招标有限公司 地 址：北京市海淀区学院南路62号中关村资本大厦613C室 联系方式：姚启洪、李莉、崔凯、杨慧君、靳艳刚、王丽莉、秦璐璐010-62108088、62108210、62108291 3.项目联系方式 项目联系人：姚启洪、李莉、崔凯、杨慧君、靳艳刚、王丽莉、秦璐璐 电 话： 010-62108088、62108210、62108291,教育培训,,中国政府采购网,,,default,,采购文件,,,,,,,,,
中国医学科学院阜外医院西院区咖啡及西式简餐采购项目更正公告,变更公告,HCBY-2026-013,2026年09月03日 14:21,北京市,中国医学科学院阜外医院,北京市西城区北礼士路167号,王老师  010-88398563,华诚博远工程咨询有限公司,北京市门头沟区远洋新天地2期2号楼5层506,卢永男 、周满堂  69858246,卢永男、周满堂,69858246,,,https://www.ccgp.gov.cn/cggg/zygg/gzgg/202609/t20260903_27258293.htm,2026-09-10 09:48:10,一、项目基本情况 原公告的采购项目编号：HCBY-2026-013 原公告的采购项目名称：中国医学科学院阜外医院西院区咖啡及西式简餐采购项目 首次公告日期：2026年09月02日 二、更正信息 更正事项：采购公告 更正内容： 原招标公告：3.2其他特定资格要求：（1）根据财库〔2016〕125号《财政部关于在政府采购活动中查询及使用信用记录有关问题的通知》的要求，通过“信用中国”网站（www.creditchina.gov.cn）、中国政府采购网（www.ccgp.gov.cn）查询相关主体信用记录，截止时间点为投标截止时间当天。对列入失信被执行人、重大税收违法失信主体、政府采购严重违法失信行为记录名单的投标人，拒绝其参与政府采购活动（无须投标人提供，由采购人或采购代理机构查询）；（2）单位负责人为同一人或者存在直接控股、管理关系的不同供应商，不得同时参加本项目；为本项目提供整体设计、规范编制或者项目管理、监理、检测等服务的投标人，不得再参加本项目的投标：（3）供应商须具有有效的《食品经营许可证》或《餐饮服务许可证》，需至少包括热食类食品制售、冷食类食品制售和自制饮品制售。 现更正为：3.2其他特定资格要求：（1）根据财库〔2016〕125号《财政部关于在政府采购活动中查询及使用信用记录有关问题的通知》的要求，通过“信用中国”网站（www.creditchina.gov.cn）、中国政府采购网（www.ccgp.gov.cn）查询相关主体信用记录，截止时间点为投标截止时间当天。对列入失信被执行人、重大税收违法失信主体、政府采购严重违法失信行为记录名单的投标人，拒绝其参与政府采购活动（无须投标人提供，由采购人或采购代理机构查询）；（2）单位负责人为同一人或者存在直接控股、管理关系的不同供应商，不得同时参加本项目；为本项目提供整体设计、规范编制或者项目管理、监理、检测等服务的投标人，不得再参加本项目的投标：（3）供应商须具有有效的《食品经营许可证》或《餐饮服务许可证》。其他内容均保持不变，详见招标文件。 更正日期：2026年09月03日 三、其他补充事宜 无 四、凡对本次公告内容提出询问，请按以下方式联系。 1.采购人信息 名 称：中国医学科学院阜外医院 地址：北京市西城区北礼士路167号 联系方式：王老师 010-88398563 2.采购代理机构信息 名 称：华诚博远工程咨询有限公司 地 址：北京市门头沟区远洋新天地2期2号楼5层506 联系方式：卢永男 、周满堂 69858246 3.项目联系方式 项目联系人：卢永男、周满堂 电 话： 69858246,医疗卫生,,中国政府采购网,,,default,,采购公告,,,,,,,,,
福州航标处2026年第二批航标灯器采购项目更正公告,变更公告,KTZBG-2026125,2026年09月03日 14:07,福建省,交通运输部东海航海保障中心福州航标处,0591-87110082,吴先生,福建康泰招标有限公司,福州市鼓楼区湖东路169号中闽天骜大厦13层,陈东英、刘传玉、陈诗琦0591-87803505,陈东英、刘传玉、陈诗琦,0591-87803505,,,https://www.ccgp.gov.cn/cggg/zygg/gzgg/202609/t20260903_27258208.htm,2026-09-10 09:48:11,一、项目基本情况 原公告的采购项目编号：KTZBG-2026125 原公告的采购项目名称：福州航标处2026年第二批航标灯器采购项目 首次公告日期：2026年08月31日 二、更正信息 更正事项：采购文件 更正内容： 原招标文件二、评标标准和方法：B、商务部分评分中“B4、质保期：根据各投标人对本项目内所有投标产品免费保修期的承诺情况进行评分，在满足招标文件要求（2年）的基础上，每延长一年得0.7分，满分2.1分。需提供承诺函（承诺函格式自拟），未提供的不得分。”现更正为“B4、质保期：根据各投标人对本项目内所有投标产品免费保修期的承诺情况进行评分，在满足招标文件要求（叁年）的基础上，每延长一年得0.7分，满分2.1分。需提供承诺函（承诺函格式自拟），未提供的不得分。” 更正日期：2026年09月03日 三、其他补充事宜 其他内容不变，以上更正内容为招标文件的组成部分，对各投标人均具有约束力。 四、凡对本次公告内容提出询问，请按以下方式联系。 1.采购人信息 名 称：交通运输部东海航海保障中心福州航标处 地址：0591-87110082 联系方式：吴先生 2.采购代理机构信息 名 称：福建康泰招标有限公司 地 址：福州市鼓楼区湖东路169号中闽天骜大厦13层 联系方式：陈东英、刘传玉、陈诗琦0591-87803505 3.项目联系方式 项目联系人：陈东英、刘传玉、陈诗琦 电 话： 0591-87803505,市政交通,,中国政府采购网,,,default,,采购文件,,,,,,,,,
中国美术馆2026年度印刷服务（特展门票）采购项目更正公告,变更公告,GC-FGX260993,2026年09月03日 13:10,市辖区,中国美术馆,北京市东城区五四大街1号,010-64007990,中央国家机关政府采购中心,西章胡同9号院,010-83083702,,010-64007990,中国美术馆2026年度印刷服务（特展门票）采购项目变更文件.pdf,"[{""attach_name"": ""中国美术馆2026年度印刷服务（特展门票）采购项目变更文件.pdf"", ""attach_url"": ""https://download.ccgp.gov.cn/oss/download?uuid=fcd520c4-9e7c-4663-b058-0e7d84""}]",https://www.ccgp.gov.cn/cggg/zygg/gzgg/202609/t20260903_27258041.htm,2026-09-10 09:48:11,中国美术馆2026年度印刷服务（特展门票）采购项目更正公告 一、项目基本情况 1．项目编号：GC-FGX260993 2．项目名称：中国美术馆2026年度印刷服务（特展门票）采购项目 3．首次公告日期：2026年8月28日 二、更正信息 1. 更正事项： 采购公告 2. 更正内容： 更新电子样品，请下载附件。 3. 更正日期： 2026年9月3日 三、获取变更文件 1．时间：5个工作日 2．地点：中央政府采购网（http://www.zycg.gov.cn） 3．方式：在线下载 4．售价：免费 四、公告期限 自本公告发布之日起5个工作日，公告期限届满后获取变更文件的，获取时间以公告期限届满之日为准。 五、凡对本次公告内容提出询问，请按以下方式联系 1．采购人信息 名 称：中国美术馆 地 址：北京市北京市东城区北京市东城区五四大街1号 联系方式：010-64007990 2．采购执行机构信息 名 称：中央国家机关政府采购中心 地 址：北京市西城区西直门内大街西章胡同9号院 邮政编码：100035 联系方式：详见http://www.zycg.gov.cn/home/contactus 3．项目联系方式 文件联系人及电话： 卢昀灿灿 010-55602722 徐婧婧 010-83084953 六、附件 1.中国美术馆2026年度印刷服务（特展门票）采购项目变更文件 中央国家机关政府采购中心 2026年9月3日,服务外包,,中国政府采购网,,,default,,,,,,,,,,,
公安部机关服务中心公安部机关2026年度保洁日常消耗品（二次）更正公告,变更公告,2641STC42353,2026年09月03日 12:07,北京市,公安部机关服务中心,北京市东城区东长安街14号,010-66263368,中钢招标有限责任公司,北京市海淀区海淀大街8号中钢国际广场16层,刘思琪、李炳勋、董虓鸣、梁爽、陈俊、尹皓，010-62688391、liusq@sstc20.com,刘思琪、李炳勋、董虓鸣、梁爽,010-62688391,"更正公告及附件终稿.docx,询价文件（二次）2稿发售稿2026.7.3lsq-公安部2026年度保洁日常消耗品.pdf","[{""attach_name"": ""更正公告及附件终稿.docx"", ""attach_url"": ""https://download.ccgp.gov.cn/oss/download?uuid=9E17E0720162C19EA61778389FD279""}, {""attach_name"": ""询价文件（二次）2稿发售稿2026.7.3lsq-公安部2026年度保洁日常消耗品.pdf"", ""attach_url"": ""https://download.ccgp.gov.cn/oss/download?uuid=E9E9185336F6C2689640694636E1E6""}]",https://www.ccgp.gov.cn/cggg/zygg/gzgg/202609/t20260903_27257797.htm,2026-09-10 09:48:12,一、项目基本情况 原公告的采购项目编号：2641STC42353 原公告的采购项目名称：公安部机关服务中心公安部机关2026年度保洁日常消耗品（二次）成交公告 首次公告日期：2026年07月20日 二、更正信息 更正事项：采购结果 更正内容： 本项目原成交候选人放弃成交资格，采购人按照评审报告推荐的成交候选人名单排序，现确定各包成交供应商如下：01包：鑫国发(北京)国际智能科技有限公司02包：河北军勤科技发展有限公司03包：北京万丰华泰科贸有限公司 更正日期：2026年09月03日 三、其他补充事宜 详见附件 四、凡对本次公告内容提出询问，请按以下方式联系。 1.采购人信息 名 称：公安部机关服务中心 地址：北京市东城区东长安街14号 联系方式：010-66263368 2.采购代理机构信息 名 称：中钢招标有限责任公司 地 址：北京市海淀区海淀大街8号中钢国际广场16层 联系方式：刘思琪、李炳勋、董虓鸣、梁爽、陈俊、尹皓，010-62688391、liusq@sstc20.com 3.项目联系方式 项目联系人：刘思琪、李炳勋、董虓鸣、梁爽、陈俊、尹皓 电 话： 010-62688391、liusq@sstc20.com,公共安全,,中国政府采购网,,,default,,采购结果,,,,,,,,,
国家统计局福建调查总队农业普查调查用无人机采购项目更正公告（第一次）,变更公告,HMZB-202606065,2026年09月03日 11:42,福建省,国家统计局福建调查总队,福建省福州市鼓楼区华林路196号,王涵，0591-88012019,福建华闽招标有限公司,福建省福州市鼓楼区华林路128号屏东写字楼19层,林瑾南、张凌璇、胡静，0591-87752770,林瑾南、张凌璇、胡静,0591-87752770,,,https://www.ccgp.gov.cn/cggg/zygg/gzgg/202609/t20260903_27257592.htm,2026-09-10 09:48:13,一、项目基本情况 原公告的采购项目编号：HMZB-202606065 原公告的采购项目名称：国家统计局福建调查总队农业普查调查用无人机采购项目 首次公告日期：2026年08月19日 二、更正信息 更正事项：采购文件 更正内容： 1.原招标文件第五章招标内容及要求三、商务要求11、技术培训及技术资料要求中“11.1技术培训：中标人免费对采购人的技术人员就有关系统安装、维护、操作使用等方面进行现场技术培训，使培训人员能熟练掌握所有的安装测试和维护方法以及操作命令的使用。”更正为“11.1技术培训：中标人免费对采购人的技术人员就有关系统安装、维护、操作使用等方面进行现场技术培训，使培训人员能熟练掌握所有的安装测试和维护方法以及操作命令的使用，培训内容须包含无人机应用技能培训的测绘与建模、巡检、装调检修，中标人须派遣专业的无人机驾驶员对采购人在福建省九地市的技术人员进行培训。”2.提交投标文件截止时间及开标时间由：“2026年9月10日9:00（北京时间）”更正为“2026年9月28日9:00（北京时间）”。其余不变，特此更正。 更正日期：2026年09月03日 三、其他补充事宜 四、凡对本次公告内容提出询问，请按以下方式联系。 1.采购人信息 名 称：国家统计局福建调查总队 地址：福建省福州市鼓楼区华林路196号 联系方式：王涵，0591-88012019 2.采购代理机构信息 名 称：福建华闽招标有限公司 地 址：福建省福州市鼓楼区华林路128号屏东写字楼19层 联系方式：林瑾南、张凌璇、胡静，0591-87752770 3.项目联系方式 项目联系人：林瑾南、张凌璇、胡静 电 话： 0591-87752770,农林牧渔,,中国政府采购网,,,default,,采购文件,,,,,,,,,
商务部国际经济合作事务局援某国打井项目工程总承包任务更正公告,变更公告,2026-,2026年09月03日 11:08,北京市,商务部,北京市海淀区阜成路18号华融大厦1001室,张贺  15210315671,中钢招标有限责任公司,北京市海淀区海淀大街8号,张贺、曹军、孔伟 15210315671、13302067067,张贺,15210315671,,,https://www.ccgp.gov.cn/cggg/zygg/gzgg/202609/t20260903_27257275.htm,2026-09-10 09:48:13,一、项目基本情况 原公告的采购项目编号：2026-** 原公告的采购项目名称：援某国打井项目工程总承包任务 首次公告日期：2026年08月13日 二、更正信息 更正事项：采购公告 更正内容： 本项目投标文件递交截止时间和第一阶段开标时间调整为2026年9月22日9:00时；第二阶段开标时间调整为2026年9月23日9:00时。 更正日期：2026年09月03日 三、其他补充事宜 无 四、凡对本次公告内容提出询问，请按以下方式联系。 1.采购人信息 名 称：商务部 地址：北京市海淀区阜成路18号华融大厦1001室 联系方式：张贺 15210315671 2.采购代理机构信息 名 称：中钢招标有限责任公司 地 址：北京市海淀区海淀大街8号 联系方式：张贺、曹军、孔伟 15210315671、13302067067 3.项目联系方式 项目联系人：张贺 电 话： 15210315671,工程建设,,中国政府采购网,,,default,,采购公告,,,,,,,,,
晋城市消防救援支队2025年度灭火救援车辆采购项目（第一批次）采购结果更正公告,变更公告,JCXFZD2026001H,2026年09月03日 10:39,市辖区,晋城市消防救援支队,晋城市城区迎宾街411号,晋城市消防救援支队 0356-2305014,晋城市公共资源交易中心,晋城市文博路366号（市政务服务中心东区483室）,杨逮宁 0356-2218438？,晋城市消防救援支队,0356-2305014,,,https://www.ccgp.gov.cn/cggg/zygg/gzgg/202609/t20260903_27256919.htm,2026-09-10 09:48:14,一、项目基本情况 原公告的采购项目编号：JCXFZD2026001H 原公告的采购项目名称：晋城市消防救援支队2024年度灭火救援车辆采购项目 首次公告日期：2026年08月31日 二、更正信息 更正事项：采购结果 更正内容： 原公告标题：晋城市消防救援支队2024年度灭火救援装备采购项目（第一批次）成交公告更正为：晋城市消防救援支队2025年度灭火救援车辆采购项目（第一批次）成交公告原公告项目名称：晋城市消防救援支队2024年度灭火救援装备采购项目更正为：晋城市消防救援支队2025年度灭火救援车辆采购项目 更正日期：2026年09月03日 三、其他补充事宜 无 四、凡对本次公告内容提出询问，请按以下方式联系。 1.采购人信息 名 称：晋城市消防救援支队 地址：晋城市城区迎宾街411号 联系方式：晋城市消防救援支队 0356-2305014 2.采购代理机构信息 名 称：晋城市公共资源交易中心 地 址：晋城市文博路366号（市政务服务中心东区483室） 联系方式：杨逮宁 0356-2218438？ 3.项目联系方式 项目联系人：晋城市消防救援支队 电 话： 0356-2305014,公共安全,,中国政府采购网,,,default,,采购结果,,,,,,,,,
自然资源部珠海海洋中心实验仪器采购项目成交更正公告,变更公告,GDSY-2026-102C,2026年09月03日 10:38,广东省,自然资源部珠海海洋中心,珠海市吉大情侣中路31号2栋,陈工、高工、胡工        0756-3183120,广东森源建项目管理有限公司,珠海市高新区唐家湾镇软件园路1号教学区3#四层409室,陈刚        15919145105,陈工、高工、胡工,0756-3183120,"包组2中小企业声明函.pdf,包组1中小企业声明函.pdf","[{""attach_name"": ""包组2中小企业声明函.pdf"", ""attach_url"": ""https://download.ccgp.gov.cn/oss/download?uuid=194C6742ECCA5C75D00AFD078C01A4""}, {""attach_name"": ""包组1中小企业声明函.pdf"", ""attach_url"": ""https://download.ccgp.gov.cn/oss/download?uuid=6F19D669E7DD525E41D8284EA1EEC0""}]",https://www.ccgp.gov.cn/cggg/zygg/gzgg/202609/t20260903_27256922.htm,2026-09-10 09:48:15,一、项目基本情况 原公告的采购项目编号：GDSY-2026-102C 原公告的采购项目名称：自然资源部珠海海洋中心实验仪器采购项目成交公告 首次公告日期：2026年08月24日 二、更正信息 更正事项：采购结果 更正内容： 包组1荧光分光光度计 序号 供应商名称 货物名称 货物品牌 货物型号 货物数量 货物单(元) 1 北京中科进新科技发展有限公司（包组1第一中标候选人） 荧光分光光度计 上海棱光 F97Pro 1台套 167000.00 2 广州思威泰克供应链管理有限公司（包组1第二中标候选人） 荧光分光光度计 上海奥析 FL66 1台套 167280.00 3 深圳市学思生物科技有限公司（包组1第三中标候选人） 荧光分光光度计 上海忻一 F2800 1台套 167360.00  包组2原子荧光光度计 序号 供应商名称 货物名称 货物品牌 货物型号 货物数量 货物单(元) 1 北京中科进新科技发展有限公司（包组2第一中标候选人） 原子荧光光度计 北京普析 PF32 1台套 189000.00 2 广州思威泰克供应链管理有限公司（包组2第二中标候选人） 原子荧光光度计 北京莱伯泰科 LabAF1200 1台套 189290.00 3 深圳市学思生物科技有限公司（包组2第三中标候选人） 原子荧光光度计 浙江福立 AFS1790 1台套 189500.00 更正日期：2026年09月03日 三、其他补充事宜 1、原竞争性谈判评审日期：2026年08月17日项目成交公告公示成交候选人后收到供应商质疑。采购代理机构邀请原竞争性谈判小组开展质疑事项协助事实核查，出具核查意见。本次核查仅用于协助答复质疑，不属于重新评审，不改变原评审报告及评审排序。2、更正事由：①包组1：原第一中标候选人为广州利标科技有限公司。经核查，该供应商无法提供采购人要求的相关证明材料，存在履约隐患。采购人结合核查意见及采购文件约定，取消其包组1第一中标候选人。②包组 2：原第一成交候选人为广州上轻汇进出口贸易有限公司。经核查，该供应商未能按采购人要求提供对应技术性能佐证材料。采购人结合核查意见及采购文件约定，取消其包组 2 第一成交候选人资格。3、本更正公告在中国政府采购网（www.ccgp.gov.cn）发布，公告期限为1个工作日。4、招标代理费：包组1招标代理费4000.00元、包组2招标代理费4000.00元。  5、供应商对本更正公告内容有异议的，可以在公告期限届满之日起7个工作日内，以书面形式向采购代理机构提出质疑，逾期将依法不予受理。6、根据本项目竞争性谈判文件约定，合同签订前，成交供应商须按谈判文件要求提交相关履约证明材料。成交供应商应当对所提交全部资料的真实性负责，严格履行谈判文件约定的全部义务。     注：本项目此前已就原中标候选人公示相关质疑事项完成处理答复；供应商就同一事项再次提出质疑的，应当提供新的事实及有效证据。   四、凡对本次公告内容提出询问，请按以下方式联系。 1.采购人信息 名 称：自然资源部珠海海洋中心 地址：珠海市吉大情侣中路31号2栋 联系方式：陈工、高工、胡工 0756-3183120 2.采购代理机构信息 名 称：广东森源建项目管理有限公司 地 址：珠海市高新区唐家湾镇软件园路1号教学区3#四层409室 联系方式：陈刚 15919145105 3.项目联系方式 项目联系人：陈工、高工、胡工 电 话： 0756-3183120,设备购置,,中国政府采购网,,,default,,采购结果,,,,,,,,,
广西睿鸿项目管理有限公司关于贺州市八步区里松镇政府专职消防救援站（GXRH2026G026）更正公告,变更公告,GXRH2026G026,2026年09月03日 10:12,八步区,贺州市八步区消防救援大队,贺州市八步区平安西路260号,邱鹏 0774-5139683,广西睿鸿项目管理有限公司,贺州市八步区城东新区回建地F地块172号二、三层,朱敦章 0774-5220655,朱敦章,0774-5220655,,,https://www.ccgp.gov.cn/cggg/zygg/gzgg/202609/t20260903_27256673.htm,2026-09-10 09:48:15,一、项目基本情况 原公告的采购项目编号：GXRH2026G026 原公告的采购项目名称：贺州市八步区里松镇政府专职消防救援站 首次公告日期：2026年09月02日 二、更正信息 更正事项：采购文件 更正内容： 序号 原采购文件的内容 更正后的内容 1 第一章 竞争性磋商公告一．项目基本情况 6.要求工期：计划开工日期以开工令为准，施工总工期为60日历天。 6.要求工期：计划开工日期以开工令为准，施工总工期为120日历天。 2 第一章 竞争性磋商公告--第三章 项目需求和说明--【★】三.商务要求（标准） （二）要求工期：计划开工日期以开工令为准，施工总工期为60日历天。 （二）要求工期：计划开工日期以开工令为准，施工总工期为120日历天。     更正日期：2026年09月03日 三、其他补充事宜 发布公告的媒介：中国政府采购网（网址：https://www.ccgp.gov.cn/）、全国公共资源交易平台（广西•贺州）（网址：http://ggzy.jgswj.gxzf.gov.cn/hzggzy/）及广西睿鸿项目管理有限公司网（网址：http://www.gxruihong.cn/）。 四、凡对本次公告内容提出询问，请按以下方式联系。 1.采购人信息 名 称：贺州市八步区消防救援大队 地址：贺州市八步区平安西路260号 联系方式：邱鹏 0774-5139683 2.采购代理机构信息 名 称：广西睿鸿项目管理有限公司 地 址：贺州市八步区城东新区回建地F地块172号二、三层 联系方式：朱敦章 0774-5220655 3.项目联系方式 项目联系人：朱敦章 电 话： 0774-5220655,公共安全,,中国政府采购网,,,default,,采购文件,,,,,,,,,
国家海洋信息中心海冰和空间环境数字模拟仿真子系统建设项目更正公告,变更公告,QXZB-2026-046,2026年09月03日 10:10,天津市,国家海洋信息中心,天津市河东区六纬路93号,丁峰，022-24010885,山东齐信全程工程咨询有限公司,天津市华苑产业区（环外）创新六路华鼎新区1号21号楼2门,罗伟、高学磊、米安平，022-24327119,吕憧憬,022-24012132,,,https://www.ccgp.gov.cn/cggg/zygg/gzgg/202609/t20260903_27256655.htm,2026-09-10 09:48:16,一、项目基本情况 原公告的采购项目编号：QXZB-2026-046 原公告的采购项目名称：国家海洋信息中心海冰和空间环境数字模拟仿真子系统建设项目公开招标公告 首次公告日期：2026年09月03日 二、更正信息 更正事项：采购公告 更正内容： 项目联系人：吕憧憬   联系电话变更为：022-24012363 更正日期：2026年09月03日 三、其他补充事宜 四、凡对本次公告内容提出询问，请按以下方式联系。 1.采购人信息 名 称：国家海洋信息中心 地址：天津市河东区六纬路93号 联系方式：丁峰，022-24010885 2.采购代理机构信息 名 称：山东齐信全程工程咨询有限公司 地 址：天津市华苑产业区（环外）创新六路华鼎新区1号21号楼2门 联系方式：罗伟、高学磊、米安平，022-24327119 3.项目联系方式 项目联系人：吕憧憬 电 话： 022-24012132,工程建设,,中国政府采购网,,,default,,采购公告,,,,,,,,,
大连保税区消防救援大队大连保税区航运中心消防职业技能综合训练中心内部设施建设工程更正公告,变更公告,DLZFCG2026385,2026年09月03日 09:53,市辖区,大连保税区消防救援大队,大连市保税区通港路117号,孙宝振15566663173,大连市政府采购中心,大连市甘井子区东北北路101号,石凯0411-65851242,孙宝振,15566663173,DLZFCG2026385大连保税区航运中心消防职业技能综合训练中心内部设施建设工程-更正稿.doc,"[{""attach_name"": ""DLZFCG2026385大连保税区航运中心消防职业技能综合训练中心内部设施建设工程-更正稿.doc"", ""attach_url"": ""https://download.ccgp.gov.cn/oss/download?uuid=CE0E573011E8CF4CFBA272622E91FE""}]",https://www.ccgp.gov.cn/cggg/zygg/gzgg/202609/t20260903_27256481.htm,2026-09-10 09:48:17,一、项目基本情况 原公告的采购项目编号：DLZFCG2026385 原公告的采购项目名称：大连保税区航运中心消防职业技能综合训练中心内部设施建设工程 首次公告日期：2026年08月24日 二、更正信息 更正事项：采购文件 更正内容： 1.采购文件中供应商基本情况表中由“营业注册执照号”更正为“统一社会信用代码”。2.付款方式更正为“无预付款，无进度款，工程竣工验收合格后且完成财政审决后支付决算额98.5%，剩余 1.5%作为质保金，待质保期满后无息付清。”3.更改合同范本。 更正日期：2026年09月03日 三、其他补充事宜 四、凡对本次公告内容提出询问，请按以下方式联系。 1.采购人信息 名 称：大连保税区消防救援大队 地址：大连市保税区通港路117号 联系方式：孙宝振15566663173 2.采购代理机构信息 名 称：大连市政府采购中心 地 址：大连市甘井子区东北北路101号 联系方式：石凯0411-65851242 3.项目联系方式 项目联系人：孙宝振 电 话： 15566663173,公共安全,,中国政府采购网,,,default,,采购文件,,,,,,,,,
山东大学齐鲁医院服务器存储网络设备维保服务项目更正公告,变更公告,SDSL-2026-176,2026年09月03日 09:18,济南市,山东大学齐鲁医院,济南市文化西路 107号,秦老师0531-82169509,山东善立招标有限公司,济南市历下区茂岭山三号路与规划路交叉口中欧校友产业大厦20楼,田新荣、宋佳；0531-82971357,田新荣、宋佳,0531-82971357,,,https://www.ccgp.gov.cn/cggg/zygg/gzgg/202609/t20260903_27256265.htm,2026-09-10 09:48:18,一、项目基本情况 原公告的采购项目编号：SDSL-2026-176 原公告的采购项目名称：山东大学齐鲁医院服务器存储网络设备维保服务项目 首次公告日期：2026年08月31日 二、更正信息 更正事项：采购公告 更正内容： 响应文件提交地点更正为：济南市历下区文化西路107号山东大学齐鲁医院齐鲁楼北塔13楼会议室开启地点更正为：济南市历下区文化西路107号山东大学齐鲁医院齐鲁楼北塔13楼会议室其他内容不变。 更正日期：2026年09月03日 三、其他补充事宜 无 四、凡对本次公告内容提出询问，请按以下方式联系。 1.采购人信息 名 称：山东大学齐鲁医院 地址：济南市文化西路 107号 联系方式：秦老师0531-82169509 2.采购代理机构信息 名 称：山东善立招标有限公司 地 址：济南市历下区茂岭山三号路与规划路交叉口中欧校友产业大厦20楼 联系方式：田新荣、宋佳；0531-82971357 3.项目联系方式 项目联系人：田新荣、宋佳 电 话： 0531-82971357,医疗卫生,,中国政府采购网,,,default,,采购公告,,,,,,,,,
山东大学齐鲁医院网络安全委托服务项目更正公告,变更公告,SDSL-2026-173,2026年09月03日 09:18,济南市,山东大学齐鲁医院,济南市文化西路 107号,秦老师；0531-82169509,山东善立招标有限公司,济南市历下区茂岭山三号路与规划路交叉口中欧校友产业大厦20楼,田新荣、宋佳；0531-82971357,田新荣、宋佳,0531-82971357,,,https://www.ccgp.gov.cn/cggg/zygg/gzgg/202609/t20260903_27256264.htm,2026-09-10 09:48:18,一、项目基本情况 原公告的采购项目编号：SDSL-2026-173 原公告的采购项目名称：山东大学齐鲁医院网络安全委托服务项目 首次公告日期：2026年08月31日 二、更正信息 更正事项：采购公告 更正内容： 响应文件提交地点更正为：济南市历下区文化西路107号山东大学齐鲁医院齐鲁楼北塔13楼会议室开启地点更正为：济南市历下区文化西路107号山东大学齐鲁医院齐鲁楼北塔13楼会议室其他内容不变。 更正日期：2026年09月03日 三、其他补充事宜 无 四、凡对本次公告内容提出询问，请按以下方式联系。 1.采购人信息 名 称：山东大学齐鲁医院 地址：济南市文化西路 107号 联系方式：秦老师；0531-82169509 2.采购代理机构信息 名 称：山东善立招标有限公司 地 址：济南市历下区茂岭山三号路与规划路交叉口中欧校友产业大厦20楼 联系方式：田新荣、宋佳；0531-82971357 3.项目联系方式 项目联系人：田新荣、宋佳 电 话： 0531-82971357,医疗卫生,,中国政府采购网,,,default,,采购公告,,,,,,,,,
延寿县消防救援大队延寿大队2026年食堂食材供应商服务项目更正公告,变更公告,CFGC,2026年09月03日 08:20,延寿县,延寿县消防救援大队,延寿镇工业园区泰山路18号,张女士0451-53014119,黑龙江省颀晟全过程项目管理有限公司,黑龙江省齐齐哈尔市龙沙区黑龙江省齐齐哈尔市龙沙区民生创业园5层508室,黑龙江省颀晟全过程项目管理有限公司16517075411,黑龙江省颀晟全过程项目管理有限,16517075411,,,https://www.ccgp.gov.cn/cggg/zygg/gzgg/202609/t20260903_27256112.htm,2026-09-10 09:48:19,一、项目基本情况 原公告的采购项目编号： CFGC(CG-CS)2026-003 原公告的采购项目名称：延寿县消防救援大队延寿大队2026年食堂食材供应商服务项目竞争性磋商(四次) 首次公告日期：2026年08月25日 二、更正信息 更正事项：采购文件 更正内容： 竞争性磋商文件变更，以本次发放为准。 更正日期：2026年09月02日 三、其他补充事宜 无 四、凡对本次公告内容提出询问，请按以下方式联系。 1.采购人信息 名 称：延寿县消防救援大队 地址：延寿镇工业园区泰山路18号 联系方式：张女士0451-53014119 2.采购代理机构信息 名 称：黑龙江省颀晟全过程项目管理有限公司 地 址：黑龙江省齐齐哈尔市龙沙区黑龙江省齐齐哈尔市龙沙区民生创业园5层508室 联系方式：黑龙江省颀晟全过程项目管理有限公司16517075411 3.项目联系方式 项目联系人：黑龙江省颀晟全过程项目管理有限公司 电 话： 16517075411,公共安全,,中国政府采购网,,,default,,采购文件,,,,,,,,,
浙江省消防救援总队2026年度机关大楼维修改造项目更正公告,变更公告,A3301020001002279001001,2026年09月02日 21:12,浙江省,浙江省消防救援总队,杭州市文晖路319号,余先生，0571-85863569,浙江产权交易所有限公司,浙江省杭州市上城区望江东路332号望江国际4号楼3层,沈工，0571-87162039,沈工,0571-87162039,更正公告附件.docx,"[{""attach_name"": ""更正公告附件.docx"", ""attach_url"": ""https://download.ccgp.gov.cn/oss/download?uuid=D29F31A35BB6562D9F40884C9FD9B9""}]",https://www.ccgp.gov.cn/cggg/zygg/gzgg/202609/t20260902_27255926.htm,2026-09-10 09:48:20,一、项目基本情况 原公告的采购项目编号：A3301020001002279001001 原公告的采购项目名称：浙江省消防救援总队2026年度机关大楼维修改造项目 首次公告日期：2026年08月26日 二、更正信息 更正事项：采购文件 更正内容： 1.采购文件“附件8：工程量清单（报价清单）”中，第50项“304 不锈钢水箱制作”和第51项“壁挂转接箱”原为： 序号 范围 项目 工程量 单位 工作内容 备注 工程量 单价（元） 总价（元） 50 水箱更换 304 不锈钢水箱制作 2mx2mx3 m 台 新水箱制作 含材料、制作、安装 1     51 壁挂转接箱 80cmx80 cmx5 个 个   含材料、制作、安装 含材料、制作、安装      现更正为： 序号 范围 项目 工程量 单位 工作内容 备注 工程量 单价（元） 总价（元） 50 水箱更换 304 不锈钢水箱制作 1 台 新水箱制作，2mx2mx3m 含材料、制作、安装 1     51 壁挂转接箱 1 个 80cmx80cmx20cm 含材料、制作、安装 1     2.更正后的“附件8：工程量清单（报价清单）”以附件形式提供，请供应商自行下载。 更正日期：2026年09月02日 三、其他补充事宜 无 四、凡对本次公告内容提出询问，请按以下方式联系。 1.采购人信息 名 称：浙江省消防救援总队 地址：杭州市文晖路319号 联系方式：余先生，0571-85863569 2.采购代理机构信息 名 称：浙江产权交易所有限公司 地 址：浙江省杭州市上城区望江东路332号望江国际4号楼3层 联系方式：沈工，0571-87162039 3.项目联系方式 项目联系人：沈工 电 话： 0571-87162039,公共安全,,中国政府采购网,,,default,,采购文件,,,,,,,,,
清华大学何添楼配电室改造工程设备采购更正公告,变更公告,,2026年09月02日 21:00,北京市,清华大学,北京市海淀区清华园,张老师 010-62785468,新华招标有限公司,北京市海淀区莲花池东路39号西金大厦8层,张骏 010-63905815,刁玉蕊、张骏,010-63905815、010-63905973,清华大学何添楼配电室改造工程设备采购更正公告.pdf,"[{""attach_name"": ""清华大学何添楼配电室改造工程设备采购更正公告.pdf"", ""attach_url"": ""https://download.ccgp.gov.cn/oss/download?uuid=D2E5752794AEECBDA8DC70CB6CF38D""}]",https://www.ccgp.gov.cn/cggg/zygg/gzgg/202609/t20260902_27255897.htm,2026-09-10 09:48:20,一、项目基本情况 原公告的采购项目编号：清采招第20260336号/XHTC-HW-2026-1109 原公告的采购项目名称：清华大学何添楼配电室改造工程设备采购 首次公告日期：2026年08月14日 二、更正信息 更正事项：采购文件 更正内容： 招标文件修改内容：1．“第一章 投标邀请，四、提交投标文件截止时间、开标时间和地点”投标截止时间、开标时间：2026年9月4日9点00分（北京时间）。现修改为：投标截止时间、开标时间：2026年9月18日13点30分（北京时间）。2、其他修改内容详见附件。 更正日期：2026年09月02日 三、其他补充事宜 相关修改按此执行，其余不变，特此公告。本公告同时在中国政府采购网和清华大学采购信息发布平台上发布。公告期限:自本公告发布之日起1个工作日。 四、凡对本次公告内容提出询问，请按以下方式联系。 1.采购人信息 名 称：清华大学 地址：北京市海淀区清华园 联系方式：张老师 010-62785468 2.采购代理机构信息 名 称：新华招标有限公司 地 址：北京市海淀区莲花池东路39号西金大厦8层 联系方式：张骏 010-63905815 3.项目联系方式 项目联系人：刁玉蕊、张骏 电 话： 010-63905815、010-63905973,教育培训,,中国政府采购网,,,default,,采购文件,,,,,,,,,
武汉理工大学水电安全保障工程(三期)项目(EPC)第1次答疑澄清公告,变更公告,HBSJ-202605QG-019002001,2026年09月02日 20:36,湖北省,武汉理工大学,湖北省武汉市洪山区珞狮路122号,苏老师 027-87285065,湖北国华项目管理咨询有限公司,武汉市武昌区中北路109号中铁1818中心10楼,王攀登、刘素芳、朱晶玲、刘志承、余轶菲、孙宁宁、高双、027-87272702、邮箱：823316413@qq.com,王攀登、刘素芳、朱晶玲、刘志承,027-87272702,,,https://www.ccgp.gov.cn/cggg/zygg/gzgg/202609/t20260902_27255848.htm,2026-09-10 09:48:21,一、项目基本情况 原公告的采购项目编号：HBSJ-202605QG-019002001 原公告的采购项目名称：武汉理工大学水电安全保障工程(三期)项目(EPC) 首次公告日期：2026年08月25日 二、更正信息 更正事项：采购文件 更正内容： 武汉理工大学水电安全保障工程（三期）项目（EPC）第1次答疑澄清公告（招标编号HBSJ-202605QG-019002001）各投标人：“武汉理工大学水电安全保障工程（三期）项目（EPC）”招标文件第1次答疑澄清已发布。请各投标人通过互联网使用移动数字证书(CA)、电子营业执照或办理实体数字证书(CA)登录湖北省电子招投标交易平台，下载查阅具体答疑澄清内容。 本项目投标文件递交截止时间及开标时间同步延期至2026年9月18日09：30（北京时间）。           招标人：武汉理工大学  招标代理机构：湖北国华项目管理咨询有限公司 日期：2026年9月2日 更正日期：2026年09月02日 三、其他补充事宜 / 四、凡对本次公告内容提出询问，请按以下方式联系。 1.采购人信息 名 称：武汉理工大学 地址：湖北省武汉市洪山区珞狮路122号 联系方式：苏老师 027-87285065 2.采购代理机构信息 名 称：湖北国华项目管理咨询有限公司 地 址：武汉市武昌区中北路109号中铁1818中心10楼 联系方式：王攀登、刘素芳、朱晶玲、刘志承、余轶菲、孙宁宁、高双、027-87272702、邮箱：823316413@qq.com 3.项目联系方式 项目联系人：王攀登、刘素芳、朱晶玲、刘志承、余轶菲、孙宁宁、高双 电 话： 027-87272702,教育培训,,中国政府采购网,,,default,,采购文件,,,,,,,,,
宁夏回族自治区气象数据中心（宁夏回族自治区气象探测中心、宁夏回族自治区气象档案馆）计算机网络设备（询价）采购项目结果变更公告,变更公告,DZXJ260625710228920,2026年09月02日 18:18,宁夏回族自治区,宁夏回族自治区气象信息中心,宁夏回族自治区银川市金凤区新昌西路71号,刘国云 0951-5029863,宁夏志成时代招标咨询有限公司,银川市兴庆区虹桥南街天鹅湖小镇旁陕西大厦B座2003室,姚璐、龙鹏羽、马晓萍 0951-5967667,刘国云,0951-5029863,"本国产品声明函(2).pdf,报价明细表(1).pdf,二标段询价通知书（电子询价）.pdf","[{""attach_name"": ""本国产品声明函(2).pdf"", ""attach_url"": ""https://download.ccgp.gov.cn/oss/download?uuid=C847BB76011ED5244F0099EE8DCE46""}, {""attach_name"": ""报价明细表(1).pdf"", ""attach_url"": ""https://download.ccgp.gov.cn/oss/download?uuid=77C9C52F3D6D8290955166EA052F2A""}, {""attach_name"": ""二标段询价通知书（电子询价）.pdf"", ""attach_url"": ""https://download.ccgp.gov.cn/oss/download?uuid=A6E853350BF26EF49D14ED25368A02""}]",https://www.ccgp.gov.cn/cggg/zygg/gzgg/202609/t20260902_27254914.htm,2026-09-10 09:48:22,一、项目基本情况 原公告的采购项目编号：DZXJ260625710228920 原公告的采购项目名称：宁夏回族自治区气象数据中心（宁夏回族自治区气象探测中心、宁夏回族自治区气象档案馆）计算机网络设备（询价）采购项目 首次公告日期：2026年08月20日 二、更正信息 更正事项：采购结果 更正内容： 原排名第一的成交供应商北京八零九零科技有限公司因质疑事项成立，不再具备成交资格，剩余合格供应商5家，满足法定数量条件。根据询价小组评审报告的候选人排序，我单位依法顺延本项目成交候选人第二名的中国广电宁夏网络有限公司确定为本项目新的成交供应商 更正日期：2026年09月02日 三、其他补充事宜 无 四、凡对本次公告内容提出询问，请按以下方式联系。 1.采购人信息 名 称：宁夏回族自治区气象信息中心 地址：宁夏回族自治区银川市金凤区新昌西路71号 联系方式：刘国云 0951-5029863 2.采购代理机构信息 名 称：宁夏志成时代招标咨询有限公司 地 址：银川市兴庆区虹桥南街天鹅湖小镇旁陕西大厦B座2003室 联系方式：姚璐、龙鹏羽、马晓萍 0951-5967667 3.项目联系方式 项目联系人：刘国云 电 话： 0951-5029863,信息技术,,中国政府采购网,,,default,,采购结果,,,,,,,,,
南开大学接待服务中心餐饮原材料采购项目更正公告,变更公告,NK2026F064,2026年09月02日 18:04,天津市,南开大学,天津市南开区卫津路94号,于老师、牛老师  022-23501661,昱丰（天津）项目管理有限公司,天津市河西区解放南路与湘江道交口海河大观三期18-85底商三楼,高彩虹/杨帆 /董凤荣  13114858466/022-84858338,高彩虹,13114858466,,,https://www.ccgp.gov.cn/cggg/zygg/gzgg/202609/t20260902_27254743.htm,2026-09-10 09:48:23,一、项目基本情况 原公告的采购项目编号：NK2026F064 原公告的采购项目名称：南开大学接待服务中心餐饮原材料采购项目 首次公告日期：2026年08月26日 二、更正信息 更正事项：采购公告 更正内容： 1.本项目获取招标文件时间延期至2026年9月9日，每天上午8:30至12:00，下午13:00至16:00。（北京时间，法定节假日除外）2.其他内容不变。 更正日期：2026年09月02日 三、其他补充事宜 无 四、凡对本次公告内容提出询问，请按以下方式联系。 1.采购人信息 名 称：南开大学 地址：天津市南开区卫津路94号 联系方式：于老师、牛老师 022-23501661 2.采购代理机构信息 名 称：昱丰（天津）项目管理有限公司 地 址：天津市河西区解放南路与湘江道交口海河大观三期18-85底商三楼 联系方式：高彩虹/杨帆 /董凤荣 13114858466/022-84858338 3.项目联系方式 项目联系人：高彩虹/杨帆/董凤荣 电 话： 13114858466/022-84858338,教育培训,,中国政府采购网,,,default,,采购公告,,,,,,,,,
民政职业大学安防设备购置、系统升级改造项目澄清公告,变更公告,ZYZB-2026-0859,2026年09月02日 17:48,北京市,民政职业大学,北京市大兴区科苑东路1号,杨老师 010-80206954,中钰招标有限公司,北京市丰台区东旭国际中心A座北楼17层,何新宇、孙佳睿、朱艳梅、刘晶晶、李倩、金俐成、郭玉婷、卢雪、张书玲,何新宇、孙佳睿、朱艳梅、刘晶晶,010-60624505转809,民政职业大学安防设备购置、系统升级改造项目澄清通知.docx,"[{""attach_name"": ""民政职业大学安防设备购置、系统升级改造项目澄清通知.docx"", ""attach_url"": ""https://download.ccgp.gov.cn/oss/download?uuid=59A58E33EBFC49E7859906C46C5976""}]",https://www.ccgp.gov.cn/cggg/zygg/gzgg/202609/t20260902_27254446.htm,2026-09-10 09:48:23,一、项目基本情况 原公告的采购项目编号：ZYZB-2026-0859 原公告的采购项目名称：民政职业大学安防设备购置、系统升级改造项目 首次公告日期：2026年08月20日 二、更正信息 更正事项：采购文件 更正内容： 详见澄清附件《民政职业大学安防设备购置、系统升级改造项目澄清通知》 更正日期：2026年09月02日 三、其他补充事宜 无 四、凡对本次公告内容提出询问，请按以下方式联系。 1.采购人信息 名 称：民政职业大学 地址：北京市大兴区科苑东路1号 联系方式：杨老师 010-80206954 2.采购代理机构信息 名 称：中钰招标有限公司 地 址：北京市丰台区东旭国际中心A座北楼17层 联系方式：何新宇、孙佳睿、朱艳梅、刘晶晶、李倩、金俐成、郭玉婷、卢雪、张书玲 3.项目联系方式 项目联系人：何新宇、孙佳睿、朱艳梅、刘晶晶、李倩、金俐成、郭玉婷、卢雪、张书玲 电 话： 010-60624505转809,教育培训,,中国政府采购网,,,default,,采购文件,,,,,,,,,
云南省加密气象观测网建设项目（2025年-2026年）-相干多普勒测风激光雷达（远距型）系统采购项目更正公告,变更公告,ZQCD-26174,2026年09月02日 17:39,云南省,云南省气象局,云南省昆明市西昌路77号,解莉燕，0871-64114397,中国气象局气象发展与规划院（中国气象局政府采购中心）,北京市海淀区中关村南大街46号中国气象局北区7号楼,王妍，010-68406642,王妍电,010-68406642,,,https://www.ccgp.gov.cn/cggg/zygg/gzgg/202609/t20260902_27254359.htm,2026-09-10 09:48:24,更正公告 一、项目基本情况原公告的采购项目编号： ZQCD-26174原公告的采购项目名称： 云南省加密气象观测网建设项目（2025年-2026年）-相干多普勒测风激光雷达（远距型）系统采购项目首次公告日期：2026-08-12 14:28:16。二、更正信息更正事项： 项目招标公告变更更正内容： 本项目因修改采购文件，经采购人研究，暂停本项目采购活动，项目后续安排另行通知。更正日期：本公告在中国政府采购网发布之日三、其他补充事宜无四、凡对本次招标提出询问，请按以下方式联系。1.采购人信息名 称：云南省气象局地址：云南省昆明市西昌路77号联系方式：解莉燕 0871-641143972.采购代理机构信息名 称：中国气象局气象发展与规划院（中国气象局政府采购中心）地 址：北京市海淀区中关村南大街46号中国气象局北区7号楼联系方式：王妍 010-68406642 3.项目联系方式项目联系人：王妍电 话： 010-68406642,其他,,中国政府采购网,,,default,,,,,,,,,,,
云南省加密气象观测网建设项目（2025年-2026年）-微小型X波段天气雷达系统采购项目更正公告,变更公告,ZQCD-26169,2026年09月02日 17:39,云南省,云南省气象局,云南省昆明市西昌路77号,解莉燕，0871-64114397,中国气象局气象发展与规划院（中国气象局政府采购中心）,北京市海淀区中关村南大街46号中国气象局北区7号楼,王妍，010-68406642,王妍电,010-68406642,,,https://www.ccgp.gov.cn/cggg/zygg/gzgg/202609/t20260902_27254360.htm,2026-09-10 09:48:24,更正公告 一、项目基本情况原公告的采购项目编号： ZQCD-26169原公告的采购项目名称： 云南省加密气象观测网建设项目（2025年-2026年）-微小型X波段天气雷达系统采购项目首次公告日期：2026-08-12 11:16:26。二、更正信息更正事项： 项目招标公告变更更正内容： 本项目因修改采购文件，经采购人研究，暂停本项目采购活动，项目后续安排另行通知。更正日期：本公告在中国政府采购网发布之日三、其他补充事宜无四、凡对本次招标提出询问，请按以下方式联系。1.采购人信息名 称：云南省气象局地址：云南省昆明市西昌路77号联系方式：解莉燕 0871-641143972.采购代理机构信息名 称：中国气象局气象发展与规划院（中国气象局政府采购中心）地 址：北京市海淀区中关村南大街46号中国气象局北区7号楼联系方式：王妍 010-68406642 3.项目联系方式项目联系人：王妍电 话： 010-68406642,其他,,中国政府采购网,,,default,,,,,,,,,,,
广州白云国际机场三期扩建工程空管工程信息系统网络安全防护平台采购项目更正公告,变更公告,GC-HGX260397,2026年09月02日 17:30,广州市,中国民用航空中南地区空中交通管理局,广东省广州市白云区机场路南云东街,020-86121066,中央国家机关政府采购中心,西章胡同9号院,010-83083702,,020-86121066,广州白云国际机场三期扩建工程空管工程信息系统网络安全防护平台采购项目变更文件.pdf,"[{""attach_name"": ""广州白云国际机场三期扩建工程空管工程信息系统网络安全防护平台采购项目变更文件.pdf"", ""attach_url"": ""https://download.ccgp.gov.cn/oss/download?uuid=f5d18530-cb19-4f06-951e-829e11""}]",https://www.ccgp.gov.cn/cggg/zygg/gzgg/202609/t20260902_27254177.htm,2026-09-10 09:48:25,广州白云国际机场三期扩建工程空管工程信息系统网络安全防护平台采购项目更正公告 一、项目基本情况 1．项目编号：GC-HGX260397 2．项目名称：广州白云国际机场三期扩建工程空管工程信息系统网络安全防护平台采购项目 3．首次公告日期：2026年8月14日 二、更正信息 1. 更正事项： 采购公告 2. 更正内容： 采购需求调整，投标截止、文件解密及开标时间变更为2026年9月18日9：00，请重新下载采购文件。 3. 更正日期： 2026年9月2日 三、获取变更文件 1．时间：5个工作日 2．地点：中央政府采购网（http://www.zycg.gov.cn） 3．方式：在线下载 4．售价：免费 四、公告期限 自本公告发布之日起5个工作日，公告期限届满后获取变更文件的，获取时间以公告期限届满之日为准。 五、凡对本次公告内容提出询问，请按以下方式联系 1．采购人信息 名 称：中国民用航空中南地区空中交通管理局 地 址：广东省广州市白云区广东省广州市白云区机场路南云东街 联系方式：020-86121066 2．采购执行机构信息 名 称：中央国家机关政府采购中心 地 址：北京市西城区西直门内大街西章胡同9号院 邮政编码：100035 联系方式：详见http://www.zycg.gov.cn/home/contactus 3．项目联系方式 文件联系人及电话： 刘士伟 010-55602803 侯凤成 010-83083527 六、附件 1.广州白云国际机场三期扩建工程空管工程信息系统网络安全防护平台采购项目变更文件 中央国家机关政府采购中心 2026年9月2日,信息技术,,中国政府采购网,,,default,,,,,,,,,,,
应急管理部信息化出保基础设施及软硬件维保服务项目（二次）更正公告,变更公告,GXTC-C-26070103,2026年09月02日 17:28,北京市,应急管理部,北京市东城区和平里北街21号,丁女士，010-64463503,国信招标集团股份有限公司,北京市海淀区首体南路22号国兴大厦10层,黄婧、郭培晨、张画冰，010-88354433转365、327,黄婧,010-88354433转365,,,https://www.ccgp.gov.cn/cggg/zygg/gzgg/202609/t20260902_27254049.htm,2026-09-10 09:48:25,一、项目基本情况 原公告的采购项目编号：GXTC-C-26070103 原公告的采购项目名称：应急管理部信息化出保基础设施及软硬件维保服务项目（二次） 首次公告日期：2026年09月01日 二、更正信息 更正事项：采购文件 更正内容： 招标文件中涉及“应用软件维保服务时间：2026年9月1日-2027年8月31日”的，服务时间均更正为一年。招标文件其他内容不变。 更正日期：2026年09月02日 三、其他补充事宜 四、凡对本次公告内容提出询问，请按以下方式联系。 1.采购人信息 名 称：应急管理部 地址：北京市东城区和平里北街21号 联系方式：丁女士，010-64463503 2.采购代理机构信息 名 称：国信招标集团股份有限公司 地 址：北京市海淀区首体南路22号国兴大厦10层 联系方式：黄婧、郭培晨、张画冰，010-88354433转365、327 3.项目联系方式 项目联系人：黄婧 电 话： 010-88354433转365,公共安全,,中国政府采购网,,,default,,采购文件,,,,,,,,,
连城县消防救援大队2026年食堂菜品配送服务采购项目（三次）标后更正公告,变更公告,FJZZGK,2026年09月02日 17:26,连城县,连城县消防救援大队,福建省龙岩市连城县莲峰镇西环中路401号,卢女士、0597-8918520,福建智卓咨询服务有限公司,福建省龙岩市新罗区龙岩大道商会大厦E栋8楼801室,翁志蕾、0597-2385155,翁志蕾,0597-2385155,,,https://www.ccgp.gov.cn/cggg/zygg/gzgg/202609/t20260902_27253999.htm,2026-09-10 09:48:26,一、项目基本情况 原公告的采购项目编号：FJZZGK(2026)003 原公告的采购项目名称：连城县消防救援大队2026年食堂菜品配送服务采购项目（三次） 首次公告日期：2026年08月14日 二、更正信息 更正事项：采购结果 更正内容： 因本项目原中标人自愿放弃中标资格，依据《中华人民共和国政府采购法实施条例》第四十九条相关规定，经采购人研究决定，本项目重新开展采购活动。 更正日期：2026年09月02日 三、其他补充事宜 无 四、凡对本次公告内容提出询问，请按以下方式联系。 1.采购人信息 名 称：连城县消防救援大队 地址：福建省龙岩市连城县莲峰镇西环中路401号 联系方式：卢女士、0597-8918520 2.采购代理机构信息 名 称：福建智卓咨询服务有限公司 地 址：福建省龙岩市新罗区龙岩大道商会大厦E栋8楼801室 联系方式：翁志蕾、0597-2385155 3.项目联系方式 项目联系人：翁志蕾 电 话： 0597-2385155,公共安全,,中国政府采购网,,,default,,采购结果,,,,,,,,,
（BZF202600012）公共实验室通风改造项目（二期）—隆平楼通风系统改造澄清更正公告（一）,变更公告,BZF202600012,2026年09月02日 17:16,北碚区,西南大学,西南大学文俊楼（即南区行政楼）二楼（二号门内400米处）,倪老师、袁老师 023-68366012、68252007,重庆联盛建设项目管理有限公司,重庆市两江新区翠云云柏路2号,张梦蝶、王缙身 023-61896023,王老师,023-68253742,"附件1：（9.2修改）西南大学公共实验室通风改造项目（二期）—隆平楼通风系统改造(分部分项工程项目清单控制价表).xlsx,附件2：询问技术问题的回复.doc","[{""attach_name"": ""附件1：（9.2修改）西南大学公共实验室通风改造项目（二期）—隆平楼通风系统改造(分部分项工程项目清单控制价表).xlsx"", ""attach_url"": ""https://download.ccgp.gov.cn/oss/download?uuid=BC6F0CA91EC0C08EEE26B4117AC909""}, {""attach_name"": ""附件2：询问技术问题的回复.doc"", ""attach_url"": ""https://download.ccgp.gov.cn/oss/download?uuid=8D4498756F8FC1E293EC1EAB7FC1F8""}]",https://www.ccgp.gov.cn/cggg/zygg/gzgg/202609/t20260902_27253756.htm,2026-09-10 09:48:26,一、项目基本情况 原公告的采购项目编号：BZF202600012 原公告的采购项目名称：公共实验室通风改造项目（二期）—隆平楼通风系统改造 首次公告日期：2026年08月18日 二、更正信息 更正事项：采购文件 更正内容： 更正内容一：工程量清单控制价更正原发布的“西南大学公共实验室通风改造项目（二期）—隆平楼通风系统改造(分部分项工程项目清单控制价表).xlsx”作废，以随本次澄清更正公告发布的“附件1：（9.2修改）西南大学公共实验室通风改造项目（二期）—隆平楼通风系统改造(分部分项工程项目清单控制价表).xlsx”为准。 更正内容二：最高限价更正（1）磋商文件“第一篇  竞争性磋商公告”中“一、项目基本情况”预算金额（最高限价）：¥2897332.38元修改为：预算金额（最高限价）：¥2956572.44元（2）磋商文件“第五篇 项目商务要求”中“三、报价要求”：3.本工程设置总报价最高限价、措施项目费总报价最高限价、分部分项工程量清单综合单价最高限价。本工程总报价最高限价为¥2897332.38元（大写：贰佰捌拾玖万柒仟叁佰叁拾贰元叁角捌分），其中：含措施项目费总报价最高限价¥109242.24元（含安全文明施工费暂定金额¥48631.63元），含暂列金额230000元。修改为：3.本工程设置总报价最高限价、措施项目费总报价最高限价、分部分项工程量清单综合单价最高限价。本工程总报价最高限价为¥2956572.44元（大写：贰佰玖拾伍万陆仟伍佰柒拾贰元肆角肆分），其中：含措施项目费总报价最高限价¥109242.24元（含安全文明施工费暂定金额¥48631.63元），含暂列金额230000元。 更正内容三：技术问题的澄清回复具体内容详见“附件2：询问技术问题的回复”。 更正内容四：响应文件提交及开启时间延期四、响应文件提交（一）响应文件（资格、技术、商务部分）提交1.时间：2026年9月 3 日9:00:00至2026年9月3 日9:30:00（北京时间）。五、开启1.时间：2026年9月 3 日9：30：00（北京时间）。更正为：四、响应文件提交（一）响应文件（资格、技术、商务部分）提交1.时间：2026年9月8日9:00:00至2026年9月8日9:30:00（北京时间）。五、开启1.时间：2026年9月8日9：30：00（北京时间）。 更正日期：2026年09月02日 三、其他补充事宜 已发竞争性磋商文件与本公告内容不一致的，以本公告内容为准。本公告未进行修改的内容，以原竞争性磋商文件为准。 四、凡对本次公告内容提出询问，请按以下方式联系。 1.采购人信息 名 称：西南大学 地址：西南大学文俊楼（即南区行政楼）二楼（二号门内400米处） 联系方式：倪老师、袁老师 023-68366012、68252007 2.采购代理机构信息 名 称：重庆联盛建设项目管理有限公司 地 址：重庆市两江新区翠云云柏路2号 联系方式：张梦蝶、王缙身 023-61896023 3.项目联系方式 项目联系人：王老师 电 话： 023-68253742,工程建设,,中国政府采购网,,,default,,采购文件,,,,,,,,,
云南省消防救援总队2025年总队本级器材装备采购项目更正公告（四）,变更公告,ZC-GZ-26001268,2026年09月02日 16:51,昆明市,云南省消防救援总队,云南省昆明市官渡区海塘路666号,张睿0871-64569343,重庆市政府采购中心,重庆市两江新区五简路2号重庆咨询大厦B座504室,张苹 周建行15213298127、023-67954029,张苹,15213298127、023-67954029,"附件-澄清文件供应商操作指引.wps,云南省消防救援总队2025年总队本级器材装备采购项目澄清文件四号.docx","[{""attach_name"": ""附件-澄清文件供应商操作指引.wps"", ""attach_url"": ""https://download.ccgp.gov.cn/oss/download?uuid=E2ABA0964A54D45E4D3DFC1D385C4F""}, {""attach_name"": ""云南省消防救援总队2025年总队本级器材装备采购项目澄清文件四号.docx"", ""attach_url"": ""https://download.ccgp.gov.cn/oss/download?uuid=BF064472F9298157AE261AAE379768""}]",https://www.ccgp.gov.cn/cggg/zygg/gzgg/202609/t20260902_27253063.htm,2026-09-10 09:48:27,一、项目基本情况 原公告的采购项目编号：ZC-GZ-26001268 原公告的采购项目名称：云南省消防救援总队2025年总队本级器材装备采购项目 首次公告日期：2026年08月06日 二、更正信息 更正事项：采购文件 更正内容： 具体修改内容详见附件”云南省消防救援总队2025年总队本级器材装备采购项目澄清文件四号“。 更正日期：2026年09月02日 三、其他补充事宜 投标人可登录“大家采-数智招采服务平台”下载修改后的招标文件。 四、凡对本次公告内容提出询问，请按以下方式联系。 1.采购人信息 名 称：云南省消防救援总队 地址：云南省昆明市官渡区海塘路666号 联系方式：张睿0871-64569343 2.采购代理机构信息 名 称：重庆市政府采购中心 地 址：重庆市两江新区五简路2号重庆咨询大厦B座504室 联系方式：张苹 周建行15213298127、023-67954029 3.项目联系方式 项目联系人：张苹 周建行 电 话： 15213298127、023-67954029,公共安全,,中国政府采购网,,,default,,采购文件,,,,,,,,,
长安大学明远教学楼室内修缮改造—2区5层修缮项目延期公告,变更公告,CZB2026116G/YMD-2023633F-053,2026年09月02日 16:41,雁塔区,长安大学,陕西省西安市雁塔区南二环路中段,韩老师 029-82334618,永明项目管理有限公司,陕西省西咸新区沣西新城尚业路1309号总部经济园6号楼516室,张玲玲  王梅  18710892128,张玲玲,18710892128,,,https://www.ccgp.gov.cn/cggg/zygg/gzgg/202609/t20260902_27252781.htm,2026-09-10 09:48:28,一、项目基本情况 原公告的采购项目编号：CZB2026116G/YMD-2023633F-053 原公告的采购项目名称：长安大学明远教学楼室内修缮改造—2区5层修缮项目 首次公告日期：2026年08月26日 二、更正信息 更正事项：采购公告 更正内容： 长安大学明远教学楼室内修缮改造—2区5层修缮项目延期进行磋商，具体时间另行通知。 更正日期：2026年09月02日 三、其他补充事宜 无 四、凡对本次公告内容提出询问，请按以下方式联系。 1.采购人信息 名 称：长安大学 地址：陕西省西安市雁塔区南二环路中段 联系方式：韩老师 029-82334618 2.采购代理机构信息 名 称：永明项目管理有限公司 地 址：陕西省西咸新区沣西新城尚业路1309号总部经济园6号楼516室 联系方式：张玲玲 王梅 18710892128 3.项目联系方式 项目联系人：张玲玲 王梅 电 话： 18710892128,教育培训,,中国政府采购网,,,default,,采购公告,,,,,,,,,
国家广播电视总局监管中心视听审核工程二期项目总集成、机房机柜改造和专用设备采购（第一包：总集成和机房机柜改造）更正公告,变更公告,TC26080AL,2026年09月02日 16:33,北京市,国家广播电视总局监管中心,北京市西城区复兴门外大街２号,张秋华  010-86095517,中招国际招标有限公司  010－62108150  62108152,北京市海淀区学院南路62号中关村资本大厦6层611A室,王丽莉、师杉、林彧杰、秦璐璐、马翔宇、曲志鸣,王丽莉、师杉、林彧杰、秦璐璐,,,,https://www.ccgp.gov.cn/cggg/zygg/gzgg/202609/t20260902_27252583.htm,2026-09-10 09:48:29,一、项目基本情况 原公告的采购项目编号：TC26080AL 原公告的采购项目名称：国家广播电视总局监管中心视听审核工程二期项目总集成、机房机柜改造和专用设备采购 首次公告日期：2026年08月14日 二、更正信息 更正事项：采购文件 更正内容： 1、删除招标文件“第五章服务内容及需求 二、总体需求 （二）机房机柜改造 3.4湖南长沙指定地点货物配置清单”表中“第3项 变频柜式制冷设备 主要技术指标 1、选型要求（3）和（6）”中所要求的全部内容。2、投标文件递交时间及截止时间变更为：2026年9月18日上午8时30分开始至2026年9月18日上午9：00截止（北京时间）3、开标时间变更为：2026年9月18日上午09时00分。 更正日期：2026年09月02日 三、其他补充事宜 其他内容不变。 四、凡对本次公告内容提出询问，请按以下方式联系。 1.采购人信息 名 称：国家广播电视总局监管中心 地址：北京市西城区复兴门外大街２号 联系方式：张秋华 010-86095517 2.采购代理机构信息 名 称：中招国际招标有限公司 010－62108150 62108152 地 址：北京市海淀区学院南路62号中关村资本大厦6层611A室 联系方式：王丽莉、师杉、林彧杰、秦璐璐、马翔宇、曲志鸣 3.项目联系方式 项目联系人：王丽莉、师杉、林彧杰、秦璐璐、马翔宇、曲志鸣 电 话： 010－62108150 62108152,信息技术,,中国政府采购网,,,default,,采购文件,,,,,,,,,
中央广播电视总台2023年工信部5G+8K项目-光华路办公区新建总控系统（四）制式转换设备等第1包更正公告,变更公告,WKZB2531BJI3003278,2026年09月02日 16:31,北京市,中央广播电视总台,北京市海淀区复兴路11号,刘老师68508752,五矿国际招标有限责任公司,北京市海淀区三里河路七号新疆大厦写字楼8层,石浩人 潘爽010-81125778/81125775,石浩人,010-81125778,,,https://www.ccgp.gov.cn/cggg/zygg/gzgg/202609/t20260902_27252502.htm,2026-09-10 09:48:29,一、项目基本情况 原公告的采购项目编号：WKZB2531BJI3003278 原公告的采购项目名称：2023年工信部5G+8K项目-光华路办公区新建总控系统（四）制式转换设备等 首次公告日期：2026年05月09日 二、更正信息 更正事项：采购结果 更正内容： 由于本项目的中标人自动放弃中标，本项目废标。 更正日期：2026年09月02日 三、其他补充事宜 无。 四、凡对本次公告内容提出询问，请按以下方式联系。 1.采购人信息 名 称：中央广播电视总台 地址：北京市海淀区复兴路11号 联系方式：刘老师68508752 2.采购代理机构信息 名 称：五矿国际招标有限责任公司 地 址：北京市海淀区三里河路七号新疆大厦写字楼8层 联系方式：石浩人 潘爽010-81125778/81125775 3.项目联系方式 项目联系人：石浩人 潘爽 电 话： 010-81125778/81125775,设备购置,,中国政府采购网,,,default,,采购结果,,,,,,,,,
中日友好环境保护中心2026年度仪器设备采购项目更正公告,变更公告,0701-264101140141,2026年09月02日 16:27,北京市,中日友好环境保护中心,北京市朝阳区育慧南路一号,刘先生，010-84665639,中技国际招标有限公司,北京市丰台区西营街1号院通用时代中心C座8层,冯敏、李伟、齐璇、陆善泓、周焱，010-81168540、81168570,冯敏、李伟、齐璇、陆善泓、周焱,010-81168540、81168570,,,https://www.ccgp.gov.cn/cggg/zygg/gzgg/202609/t20260902_27252427.htm,2026-09-10 09:48:30,一、项目基本情况 原公告的采购项目编号：0701-264101140141 原公告的采购项目名称：中日友好环境保护中心2026年度仪器设备采购项目公开招标公告 首次公告日期：2026年08月13日 二、更正信息 更正事项：采购文件 更正内容： 02包中1、高精度温室气体分析仪中，将“2.1.4 测量精度（5min，1σ，即：24 h 连续测量时，5 min 均值的标准偏差）：CO2：≤10 ppb、CH4：≤0.2 ppb。”中，“CO2：≤10 ppb”改为“CO2：≤20 ppb”。2、紫外烟气分析仪中，将“▲2.5线性：≤±1%满量程。”更改为：▲2.5线性：≤±2%满量程。3、对招标文件02包采购需求中涉及到的“提供中国计量科学研究院出具的测试报告”改为“提供检测机构出具的检测报告（加盖CMA标志）或投标货物制造商公开发布的印刷资料”。4、02包投标截止时间及开标时间延期至2026年9月18日上午9:30时。 更正日期：2026年09月02日 三、其他补充事宜 无 四、凡对本次公告内容提出询问，请按以下方式联系。 1.采购人信息 名 称：中日友好环境保护中心 地址：北京市朝阳区育慧南路一号 联系方式：刘先生，010-84665639 2.采购代理机构信息 名 称：中技国际招标有限公司 地 址：北京市丰台区西营街1号院通用时代中心C座8层 联系方式：冯敏、李伟、齐璇、陆善泓、周焱，010-81168540、81168570 3.项目联系方式 项目联系人：冯敏、李伟、齐璇、陆善泓、周焱 电 话： 010-81168540、81168570,设备购置,,中国政府采购网,,,default,,采购文件,,,,,,,,,
中国信息通信研究院通感智融合的无线通信网络测试计量平台-选频式互调分析仪升级-5G-A设备荧光测厚分析装置更正公告,变更公告,BMCC-ZC26-1220,2026年09月02日 16:11,北京市,中国信息通信研究院,北京市海淀区花园北路52号,丁雪 010-62304366,北京明德致信咨询有限公司,北京市海淀区学院路30号科大天工大厦B座1709室,"刘亚运,孙恺宁,吕家乐  010－82370045、FC@zbbmcc.com（保证金、发票等咨询）",刘亚运,,更正公告-ZC26-1220通感智融合的无线通信网络测试计量平台-选频式互调分析仪升级-5G-A设备荧光测厚分析装置.docx,"[{""attach_name"": ""更正公告-ZC26-1220通感智融合的无线通信网络测试计量平台-选频式互调分析仪升级-5G-A设备荧光测厚分析装置.docx"", ""attach_url"": ""https://download.ccgp.gov.cn/oss/download?uuid=E639B1830539F5FD9A2B2D9DCBB00E""}]",https://www.ccgp.gov.cn/cggg/zygg/gzgg/202609/t20260902_27252122.htm,2026-09-10 09:48:31,"一、项目基本情况 原公告的采购项目编号：BMCC-ZC26-1220 原公告的采购项目名称：通感智融合的无线通信网络测试计量平台-选频式互调分析仪升级-5G-A设备荧光测厚分析装置 首次公告日期：2026年08月26日 二、更正信息 更正事项：采购公告 更正内容： 获取采购文件时间，响应文件提交截至时间、地点，开启时间、地点1.获取采购文件时间延期至：2026年09月07日，下午17:00 (北京时间)。2.响应文件提交截止时间：2026年09月15日14点00分地点：北京市海淀区学院路30号科大天工大厦B座17层1706室第五会议室开启时间：2026年09月15日14点00分地点：北京市海淀区学院路30号科大天工大厦B座17层1706室第五会议室 更正日期：2026年09月02日 三、其他补充事宜 其他事宜不变。具体内容详见附件下载 四、凡对本次公告内容提出询问，请按以下方式联系。 1.采购人信息 名 称：中国信息通信研究院 地址：北京市海淀区花园北路52号 联系方式：丁雪 010-62304366 2.采购代理机构信息 名 称：北京明德致信咨询有限公司 地 址：北京市海淀区学院路30号科大天工大厦B座1709室 联系方式：刘亚运,孙恺宁,吕家乐 010－82370045、FC@zbbmcc.com（保证金、发票等咨询） 3.项目联系方式 项目联系人：刘亚运,孙恺宁,吕家乐 电 话： 010－61192267、lyy@zbbmcc.com（仅用于采购文件咨询）",科研检测,2026-09-15 14:00,中国政府采购网,,,default,,采购公告,,,,,,,,,
中华人民共和国新沙海关新沙海关办公楼家具更新项目更正公告,变更公告,DGXYCG2026040,2026年09月02日 15:54,东莞市,中华人民共和国新沙海关,东莞市麻涌镇港前路19号新沙口岸大楼,中华人民共和国新沙海关 0769-22004376,东莞市新叶招标代理有限公司,东莞市南城街道宏图路232号（汉远华坚数字智造园）2栋301室,李工 0769－28334039,李工,,,,https://www.ccgp.gov.cn/cggg/zygg/gzgg/202609/t20260902_27251817.htm,2026-09-10 09:48:32,一、项目基本情况 原公告的采购项目编号：DGXYCG2026040 原公告的采购项目名称：中华人民共和国新沙海关新沙海关办公楼家具更新项目竞争性磋商 首次公告日期：2026年09月02日 二、更正信息 更正事项：采购文件 更正内容： 更正事项：磋商文件更正原因：现对磋商文件第二章采购需求中技术标准与要求附表一相关内容作出更正更正内容：1、原磋商文件“技术标准与要求”、“附表一”中的“3.接待室接待沙发”更正为“3.接待室接待沙发：12套”2、原磋商文件“技术标准与要求”、“附表一”中的“9.旁听桌：2张规格1400*400*750mm”更正为：“9.旁听桌：4张规格1200*400*750mm”3、原磋商文件“技术标准与要求”、“附表一”中的“11.办公椅E”更正为：“11.办公椅E：:1把”4、原磋商文件“技术标准与要求”、“附表一”中的“12.茶水柜”更正为：“12.茶水柜：1个”5、原磋商文件“技术标准与要求”、“附表一”中的“13.会议桌：56张规格、材质与工艺要求”更正为“13.旁听桌：56张规格：1200*400*750mm、材质与工艺要求”6、原磋商文件“响应文件提交截止时间2026年09月07日10时00分（北京时间）”更正为“响应文件提交截止时间2026年09月08日15时00分（北京时间）”7、原磋商文件“开启时间2026年09月07日10时00分（北京时间）”更正为“开启2026年09月08日15时00分（北京时间）”其他内容不变 更正日期：2026年09月02日 三、其他补充事宜 四、凡对本次公告内容提出询问，请按以下方式联系。 1.采购人信息 名 称：中华人民共和国新沙海关 地址：东莞市麻涌镇港前路19号新沙口岸大楼 联系方式：中华人民共和国新沙海关 0769-22004376 2.采购代理机构信息 名 称：东莞市新叶招标代理有限公司 地 址：东莞市南城街道宏图路232号（汉远华坚数字智造园）2栋301室 联系方式：李工 0769－28334039 3.项目联系方式 项目联系人：李工 电 话： 0769－28334039,设备购置,2026-09-07 10:00,中国政府采购网,,,default,,采购文件,,,,,,,,,
北京中医药大学东方医院律师服务采购项目更正公告,变更公告,ZXHD26231,2026年09月02日 15:35,北京市,北京中医药大学东方医院,北京市丰台区方庄芳星园一区六号,010-67652797,北京中兴恒达招标有限公司,北京市朝阳区裕民路12号元辰鑫大厦E1座424室,朱国华、周连妹、李世静010-8225 0125,朱国华、周连妹、李世静,010-82250125,,,https://www.ccgp.gov.cn/cggg/zygg/gzgg/202609/t20260902_27251476.htm,2026-09-10 09:48:32,一、项目基本情况 原公告的采购项目编号：ZXHD26231 原公告的采购项目名称：北京中医药大学东方医院律师服务采购项目二次公开招标公告 首次公告日期：2026年09月01日 二、更正信息 更正事项：采购公告 更正内容： 对开标地点的变更：原开标地点：北京市朝阳区裕民路12号元辰鑫大厦E1座422室现变更开标地点：北京市朝阳区裕民路12号元辰鑫大厦E1座421室 更正日期：2026年09月02日 三、其他补充事宜 无 四、凡对本次公告内容提出询问，请按以下方式联系。 1.采购人信息 名 称：北京中医药大学东方医院 地址：北京市丰台区方庄芳星园一区六号 联系方式：010-67652797 2.采购代理机构信息 名 称：北京中兴恒达招标有限公司 地 址：北京市朝阳区裕民路12号元辰鑫大厦E1座424室 联系方式：朱国华、周连妹、李世静010-8225 0125 3.项目联系方式 项目联系人：朱国华、周连妹、李世静 电 话： 010-8225 0125,医疗卫生,,中国政府采购网,,,default,,采购公告,,,,,,,,,
哈尔滨工业大学智谷大厦家具采购暂停公告,变更公告,HITZB-2026000066,2026年09月02日 15:28,哈尔滨市,哈尔滨工业大学,哈尔滨市南岗区西大直街92号,0451-86417953,忱义工程项目管理有限公司,黑龙江省哈尔滨市群力新区丽江路3936号银泰城写字楼27层,刘女士 18946185481,刘女士,18946185481,暂停公告9.2.docx,"[{""attach_name"": ""暂停公告9.2.docx"", ""attach_url"": ""https://download.ccgp.gov.cn/oss/download?uuid=1D1053BA496D0596C360A24EC721B6""}]",https://www.ccgp.gov.cn/cggg/zygg/gzgg/202609/t20260902_27251350.htm,2026-09-10 09:48:33,一、项目基本情况 原公告的采购项目编号：HITZB-2026000066 原公告的采购项目名称：哈尔滨工业大学智谷大厦家具采购 首次公告日期：2026年08月21日 二、更正信息 更正事项：采购文件 更正内容： 本项目因采购需求调整，现暂停本次采购活动。后续将重启招标活动，时间另行公告通知。敬请各潜在投标人及时关注公告。给各潜在投标人造成的不便敬请谅解。 更正日期：2026年09月02日 三、其他补充事宜 无 四、凡对本次公告内容提出询问，请按以下方式联系。 1.采购人信息 名 称：哈尔滨工业大学 地址：哈尔滨市南岗区西大直街92号 联系方式：0451-86417953 2.采购代理机构信息 名 称：忱义工程项目管理有限公司 地 址：黑龙江省哈尔滨市群力新区丽江路3936号银泰城写字楼27层 联系方式：刘女士 18946185481 3.项目联系方式 项目联系人：刘女士 电 话： 18946185481,教育培训,,中国政府采购网,,,default,,采购文件,,,,,,,,,
中国科学院合肥物质科学研究院大气修正技术外场试验站点租赁服务更正公告,变更公告,ZF2026-36-1079,2026年09月02日 15:18,市辖区,中国科学院合肥物质科学研究院,合肥市蜀山湖路350号,李老师0551-65590305,安徽省招标集团股份有限公司,合肥市紫云路888号,"应急客服电话：0551-62220153（接听时间：8:30-12:00,13:30-17:30，节假日除外。潜在投标人应优先拨打项目联系人联系电话，无人接听时再拨打该“应急客服电话”）",章永兴,"0551-66061349,15077906489",,,https://www.ccgp.gov.cn/cggg/zygg/gzgg/202609/t20260902_27251154.htm,2026-09-10 09:48:33,"一、项目基本情况 原公告的采购项目编号：ZF2026-36-1079 原公告的采购项目名称：中国科学院合肥物质科学研究院大气修正技术外场试验站点租赁服务 首次公告日期：2026年09月02日 二、更正信息 更正事项：采购文件 更正内容： 采购需求2.项目概况里的“首尾站点海拔落差3400-3500米”修改为“首尾站点海拔落差2800-3500米”。 更正日期：2026年09月02日 三、其他补充事宜 无。 四、凡对本次公告内容提出询问，请按以下方式联系。 1.采购人信息 名 称：中国科学院合肥物质科学研究院 地址：合肥市蜀山湖路350号 联系方式：李老师0551-65590305 2.采购代理机构信息 名 称：安徽省招标集团股份有限公司 地 址：合肥市紫云路888号 联系方式：应急客服电话：0551-62220153（接听时间：8:30-12:00,13:30-17:30，节假日除外。潜在投标人应优先拨打项目联系人联系电话，无人接听时再拨打该“应急客服电话”） 3.项目联系方式 项目联系人：章永兴 电 话： 0551-66061349,15077906489",教育培训,,中国政府采购网,,,default,,采购文件,,,,,,,,,
中国刑事警察学院警犬犬粮采购中标结果更正公告,变更公告,RHZB0061-2026,2026年09月02日 15:07,辽宁省,中国刑事警察学院,辽宁省沈阳市皇姑区塔湾街83号,陈老师024-86982574,辽宁仁合项目管理有限公司,沈阳市和平区丽岛路46-1号,姜女士15940121171,姜女士,15940121171,中小企业声明函及本国产品声明.pdf,"[{""attach_name"": ""中小企业声明函及本国产品声明.pdf"", ""attach_url"": ""https://download.ccgp.gov.cn/oss/download?uuid=BDFE78E0FC1C7F0EC0C58D5AECF56E""}]",https://www.ccgp.gov.cn/cggg/zygg/gzgg/202609/t20260902_27250957.htm,2026-09-10 09:48:34,一、项目基本情况 原公告的采购项目编号：RHZB0061-2026 原公告的采购项目名称：中国刑事警察学院警犬犬粮采购 首次公告日期：2026年06月04日 二、更正信息 更正事项：采购结果 更正内容： 原公告中标人：天津竭诚生物科技有限公司，中标金额：1865880元，广州锦义卫生物科技有限公司，中标金额：1908950.00元，原中标结果作废。经组织原评标委员会进行复会，评审结果发生变化，现更正中标结果；中标（成交）信息：包组编号：RHZB0061-2026包组名称：中国刑事警察学院警犬犬粮采购供应商名称：徐州睦阳犬业有限公司供应商地址：江苏省徐州市铜山区宝信润山B1号楼0-719中标（成交）金额：1792150元四、主要标的信息 货物类 名称：幼犬犬粮、成犬犬粮 品牌（如有）：贝达威 规格型号：15kg/包 数量：73吨、54.75吨 单价：14200元、13800元 更正日期：2026年9月2日 更正日期：2026年09月02日 三、其他补充事宜 更正原因：本项目成交结果公告发布后，收到参与项目供应商的书面质疑。经核查认定：本项目广州锦义卫生物科技有限公司所中标产品“食极”供应商为广东嘉仕和宠物食品有限公司，中标产品“食极”广东嘉仕和宠物食品有限公司仅取得该商标的独占使用授权，并非商标合法权利人，无法认定本产品使用了制造商自有注册商标，不符合《政府采购促进中小企业发展管理办法》（财库〔2020〕46号第四条第一款第（一）项明确规定，“在货物采购项目中，货物由中小企业制造，即货物由中小企业生产且使用该中小企业商号或者注册商标”，方可享受中小企业扶持政策，质疑事项成立。经组织原评审小组对质疑事项进行复核后，原评审给予的价格扣除无政策依据的认定意见。故取消广州锦义卫生物科技有限公司不当享受的价格扣除，全程未调整任何评分标准、未对其他评审内容或其他投标文件（包括主观分、客观分评判）进行复核，仅还原了“无价格扣除时的真实得分排序”，剩余的合格有效的供应商数量达到法定要求，按照综合得分排名第一的徐州睦阳犬业有限公司推荐为中标人。 四、凡对本次公告内容提出询问，请按以下方式联系。 1.采购人信息 名 称：中国刑事警察学院 地址：辽宁省沈阳市皇姑区塔湾街83号 联系方式：陈老师024-86982574 2.采购代理机构信息 名 称：辽宁仁合项目管理有限公司 地 址：沈阳市和平区丽岛路46-1号 联系方式：姜女士15940121171 3.项目联系方式 项目联系人：姜女士 电 话： 15940121171,教育培训,,中国政府采购网,,,default,,采购结果,,,,,,,,,
中国科学院物理研究所TOF探测器采购项目更正公告,变更公告,OITC-G260571743,2026年09月02日 15:00,北京市,中国科学院物理研究所,北京市海淀区中关村南三街8号,010-82649232,东方国际招标有限责任公司,北京市海淀区丹棱街1号互联网金融中心20层,窦志超、曹山010-68290529,窦志超、曹山,010-68290529,,,https://www.ccgp.gov.cn/cggg/zygg/gzgg/202609/t20260902_27250879.htm,2026-09-10 09:48:34,一、项目基本情况 原公告的采购项目编号：OITC-G260571743 原公告的采购项目名称：中国科学院物理研究所TOF探测器采购项目 首次公告日期：2026年09月01日 二、更正信息 更正事项：采购文件 更正内容： 招标文件第八部分采购需求更正内容如下：# 3.7.2  光电子能谱理论分辨率：0.3 eV @ 40 eV（不加减速电压）更正为：# 3.7.2 光电子能谱理论分辨率：≤0.3 eV @ 40 eV（不加减速电压）# 3.7.3  光电子能谱理论分辨率：2 eV @ 200 eV（高分辨率减速电压模式）更正为：# 3.7.3  光电子能谱理论分辨率：≤2 eV @ 200 eV（高分辨率减速电压模式） 更正日期：2026年09月02日 三、其他补充事宜 无 四、凡对本次公告内容提出询问，请按以下方式联系。 1.采购人信息 名 称：中国科学院物理研究所 地址：北京市海淀区中关村南三街8号 联系方式：010-82649232 2.采购代理机构信息 名 称：东方国际招标有限责任公司 地 址：北京市海淀区丹棱街1号互联网金融中心20层 联系方式：窦志超、曹山010-68290529 3.项目联系方式 项目联系人：窦志超、曹山 电 话： 010-68290529,教育培训,,中国政府采购网,,,default,,采购文件,,,,,,,,,
中国科学院物理研究所计算服务器和管理服务器采购项目更正公告,变更公告,OITC-G260571745,2026年09月02日 14:59,北京市,中国科学院物理研究所,北京市海淀区中关村南三街8号,010-82649232,东方国际招标有限责任公司,北京市海淀区丹棱街1号互联网金融中心20层,窦志超、曹山 010-68290529,窦志超、曹山,010-68290529,,,https://www.ccgp.gov.cn/cggg/zygg/gzgg/202609/t20260902_27250854.htm,2026-09-10 09:48:35,一、项目基本情况 原公告的采购项目编号：OITC-G260571745 原公告的采购项目名称：中国科学院物理研究所计算服务器和管理服务器采购项目 首次公告日期：2026年09月01日 二、更正信息 更正事项：采购文件 更正内容： 招标文件第八部分采购需求更正内容如下:（四）付款方式：通过电汇方式。合同签订后30日内，买方支付合同总价的70％ ，现场安装验收合格，凭买方用户签字的验收报告支付合同总价的30％。更正为：（四）付款方式：通过电汇方式。合同签订后30日内，买方支付合同总价的50％ ，现场安装验收合格，凭买方用户签字的验收报告支付合同总价的50％。 更正日期：2026年09月02日 三、其他补充事宜 无 四、凡对本次公告内容提出询问，请按以下方式联系。 1.采购人信息 名 称：中国科学院物理研究所 地址：北京市海淀区中关村南三街8号 联系方式：010-82649232 2.采购代理机构信息 名 称：东方国际招标有限责任公司 地 址：北京市海淀区丹棱街1号互联网金融中心20层 联系方式：窦志超、曹山 010-68290529 3.项目联系方式 项目联系人：窦志超、曹山 电 话： 010-68290529,教育培训,,中国政府采购网,,,default,,采购文件,,,,,,,,,
成都海关2026年天府国际机场传染病检测仪器设备采购项目更正公告,变更公告,CG2026-WT-GK-HW-046,2026年09月02日 14:54,北京市,海关总署物资装备采购中心,北京市东城区金宝街61号鑫海锦江大酒店,"采购机构名称：海关总署物资装备采购中心
地址：北京市东城区金宝街61号鑫海锦江大酒店
邮政编码：100005
联系方式：010-65194838（平台使用技术咨询）
010-65195831（业务咨询）
010-65195677（质疑受理）",详见公告正文,详见公告正文,详见公告正文,任先生,010-65195831,,,https://www.ccgp.gov.cn/cggg/zygg/gzgg/202609/t20260902_27250857.htm,2026-09-10 09:48:35,一、项目基本情况项目编号:CG2026-WT-GK-HW-046项目名称:成都海关2026年天府国际机场传染病检测仪器设备采购项目首次公告日期：2026-08-17 17:09:03二、更正信息包2品目1：彩色多普勒超声诊断仪产品参数要求▲10“脂肪定量超声技术，可评估脂肪肝疾病的超声定量脂肪分数，可同时完成肝脏脂肪定量测量分数显示及肝脏硬度测定；支持≥2把探头”变更为“脂肪定量超声技术，可提供脂肪肝疾病的相关量化参数，实现对肝脏脂肪定量评估并显示量化数值”。  三、其他补充事宜无四、凡对本次公告内容提出询问，请按以下方式联系。1.采购人信息名    称：成都海关地    址：四川省成都市武侯区天顺中街66号联系方式：028-85390651/182002455562.采购执行机构信息名 称：海关总署物资装备采购中心 地址：北京市东城区金宝街61号鑫海锦江大酒店联系方式：见项目联系方式 3.项目联系方式项目联系人：任先生/女士电     话：010-65195831 下载相关附件,科研检测,,中国政府采购网,,,default,,,,,,,,,,,
中国疾病预防控制中心营养与健康所二期工程精密及大型仪器搬运、调试采购项目更正公告,变更公告,0701-264106060883,2026年09月02日 14:52,北京市,中国疾病预防控制中心营养与健康所,北京市西城区南纬路29号,张老师-010-66237294,中技国际招标有限公司,北京市丰台区西营街1号院通用时代中心C座9层,肖然、马建、吴萍、孙薇-010－81168260,肖然,,883-更正公告.docx,"[{""attach_name"": ""883-更正公告.docx"", ""attach_url"": ""https://download.ccgp.gov.cn/oss/download?uuid=B248777FB091641FBD192FA91EA2D8""}]",https://www.ccgp.gov.cn/cggg/zygg/gzgg/202609/t20260902_27250785.htm,2026-09-10 09:48:36,"一、项目基本情况 原公告的采购项目编号：0701-264106060883 原公告的采购项目名称：中国疾病预防控制中心营养与健康所二期工程精密及大型仪器搬运、调试采购项目 首次公告日期：2026年08月27日 二、更正信息 更正事项：采购文件 更正内容： 经采购人确认，本项目第二章投标人须知中投标人须知附件评标办法和评标标准8.评分因素和评分标准由原：项目团队人员：“评分项3：技术团队人员持有危险及化学品管理培训证书、实验室安全管理培训证书、特种设备作业证书，每提供1份证书得1分，最高得4分。注：投标人需提供相关人员证书复印件以及近三个月任意一个月投标人为其缴纳社保证明或《劳动合同》复印件并加盖公章。”更正为：项目团队人员：“评分项3：技术团队人员持有危险及化学品管理培训证书、实验室安全管理培训证书，每提供1份证书得1分，最高得4分。注：投标人需提供相关人员证书复印件以及近三个月任意一个月投标人为其缴纳社保证明或《劳动合同》复印件并加盖公章。”  经采购人确认，本项目第三章采购需求中4.搬迁物资统计清单由原：“此次仪器搬迁项目涉及实验室精密仪器、通用仪器、化学品、实验耗材、生物样本、其他物料物资等。其中：实验室精密仪器（A类）：搬迁类别为A类的仪器设备，包括但不限于各类成像类设备、质谱系统、色谱光谱系统、生物制剂系统、分子学系统、细胞培养系统、样本制备系统和检测系统等，合计82台套。此类设备均为大型高端精密仪器，需由专业工程师进行拆卸，并在搬运至指定位置后进行安装调试，需达到搬运前的使用性能，并由采购人签字确认。通用仪器设备（B类）：搬迁类别为B类的项目，包括但不限于小型设备、通用仪器等，数量为896台套，需由专业工程师进行拆卸，并在搬运至指定位置后进行安装调试，需达到搬运前的使用性能，并由采购人签字确认。物料物资办公类（C类）：搬迁类别为C类的项目，包括但不限于实验家具、办公家具及用品等，数量为37件/套，以及相关文件资料，此类项目不涉及专业安装及调试。化学品、实验耗材及生物样品（C类）：物资耗材类约1576标准箱，低温冷链约369标准箱，普通危险化学品相关105标准箱。招标文件所附搬迁物资清单仅供参考，具体内容以实际为准。搬迁现场少量仪器设备及物资因遗漏未列入附件清单的包含在搬迁范围及合同总价中，具体数量以实际搬迁前盘点以及搬迁过程中发生为准。”更正为：“此次仪器搬迁项目涉及实验室精密仪器、通用仪器、化学品、实验耗材、生物样本、其他物料物资等。其中：实验室精密仪器（A类）：搬迁类别为A类的仪器设备，包括但不限于各类成像类设备、质谱系统、色谱光谱系统、生物制剂系统、分子学系统、细胞培养系统、样本制备系统和检测系统等，合计203台套。此类设备均为大型高端精密仪器，需由专业工程师进行拆卸，并在搬运至指定位置后进行安装调试，需达到搬运前的使用性能，并由采购人签字确认。通用仪器设备（B类）：搬迁类别为B类的项目，包括但不限于小型设备、通用仪器等，数量为775台套，需由专业工程师进行拆卸，并在搬运至指定位置后进行安装调试，需达到搬运前的使用性能，并由采购人签字确认。物料物资办公类（C类）：搬迁类别为C类的项目，包括但不限于实验家具、办公家具及用品等，数量为37件/套，以及相关文件资料，此类项目不涉及专业安装及调试。化学品、实验耗材及生物样品（C类）：物资耗材类约1576标准箱，低温冷链约369标准箱，普通危险化学品相关105标准箱。招标文件所附搬迁物资清单仅供参考，具体内容以实际为准。搬迁现场少量仪器设备及物资因遗漏未列入附件清单的包含在搬迁范围及合同总价中，具体数量以实际搬迁前盘点以及搬迁过程中发生为准。”  经采购人确认，本项目第三章采购需求中8.仪器设备搬迁更正为：搬迁服务应包括仪器状态确认、搬迁前仪器性能测试、打包、运输、搬运、拆装、搬迁后仪器性能测试等，仪器清单见表1-表3，具体清单以成交后最终清单为准。仪器设备搬迁前后需进行运行状态测试且提供测试报告并经双方确认。仪器的搬迁内容还包括清单中所列设备附属的电脑、打印机和辅助仪器（如顶空进样器、氮气发生器、UPS电源等）、仪器配件耗材等，见附件设备清单，具体以现场实际为准。设备清单中需要原厂工程师指导（或实施）拆卸和安装的设备，中标人应承诺原厂进行仪器的状态确认、拆卸、安装及仪器验收；承诺函应标明承诺内容，比如仪器型号、设备信息等，或项目名称和项目编号。并加盖投标单位的公章 。 需原厂拆卸调试仪器 序号 名称 所属房间 品牌型号 台数 1 全自动明场荧光全切片成像分析系统 29号楼112 莱卡 Aperio VERSA8 1 2 离子淌度质谱仪（液相色谱-四级杆-飞行时间质谱联用仪） 29号楼121 沃特世 SYNAPT G2-Si HDMS 1 3 高分辨电耦合等离子体质谱仪 29号楼122 赛默飞世尔 Element2 1 4 四级杆-静电场轨道阱串联液质谱仪 29号楼125 赛默飞世尔 Q-Exactive 1 5 共聚焦激光扫描显微镜 29号楼128 尼康 AIR HD25 1 6 液相色谱三重四极杆质谱联用仪 29号楼145 岛津 8060 1 7 双能X线骨密度吸收仪 29号楼146 Hologic Discovery Wi 1 8 全自动生化分析系统 29号楼147 日立Hitachi 7600-210IDISE+Cobas e601 1 9 气相色谱三重四极杆质谱联用仪 29号楼149 赛默飞世尔 TSQ 8000 EVO 1 10 超高效液相色谱-三重四极杆质谱联用仪 29号楼150 沃斯特 ACQUITY UPLC 2D XEVO TQ-S 1 11 电感耦合等离子体质谱仪（ICP-MS） 29号楼450 美国铂金埃尔默仪器有限公司 NexION 350D 1 12 SCIEX超高效-质谱联用仪液相色谱 29号楼451 爱博才思 AB4500 1 13 电感耦合等离子体质谱仪（ICP-MS） 碘缺乏病室 Agilent 7700x 1  搬迁中所有涉及计量溯源的仪器设备，搬迁完成后，投标方需委托具计量检定/校准资质的第三方检测机构出具仪器检定计量报告，费用由投标人负责。搬迁中涉及电感耦合等离子体质谱仪设备（ICP-MS），需完成场地变更所需各类报批及备案手续。搬迁中涉及生物安全柜等需要消毒的设备，需进行有效的消毒。 需检定仪器 序号 仪器名称 关键量值 台数 1 pH计（酸度计） pH示值误差 示值重复性 7 2 标准砝码 500g、200g、100g、50g、20g、10g 1 3 玻璃酒精温度计 4±1℃、37±1℃、 45±1℃、 90±1℃ 15 4 单标线吸量管（大肚移液管） 标称值、误差、修正值 6 5 电导率仪 电导池常数 1 6 电热恒温鼓风干燥箱 100℃ 2 7 电热恒温水槽 37±1℃、  45±1℃、 90±1℃ 1 8 电热恒温水槽 44.5±0.2℃,46±1℃，48±2℃ 1 9 电子分析天平 最大称量、天平重复性 30 10 电子秒表 0.1s 1 11 电子温湿度表 2-8℃、-4~-20℃ 5 12 定氮仪 精密度、准确度、信噪比 1 13 定时器 10s、10min、1h 1 14 独立控制的双模块干式恒温器 37℃±1℃ 1 15 砝码 精确到1mg 4 19 分度吸量管 标称值、误差、修正值 3 20 高分辨电感耦合等离子体质谱分析仪 精密度、准确度、信噪比 2 21 高压蒸汽灭菌器 121℃,示值误差±1℃ 1 22 高压蒸汽灭菌器 121℃,115℃,示值误差±1℃ 1 23 个人剂量笔检测   1 24 骨密度仪防护检测   1 25 恒温恒湿培养箱 30,37,45度 1 26 恒温水浴箱 30℃ 1 27 灰化炉   1 28 具塞滴定管 标称值、误差、修正值 2 29 可见分光光度计 350nm和540nm处波长和透射比的示值误差和重复性 1 30 可见分光光度计 220~1100 2 31 可见分光光度计 透射比0%、波长示值误差 2 32 快速液相色谱仪 精密度、准确度、信噪比 1 33 立式压力蒸汽灭菌器 121℃，温度不确定度0.4℃;压力不确定度0.004MPa 1 34 量筒 标称值、误差、修正值 6 35 马弗炉 600℃ 2 36 酶标分析仪 400~620 1 37 酶标仪 450nm，492nm 1 38 酶标仪   1 39 酶标仪 ±1.0% 或 0.010 于 0.000–3.000 OD 于 490 nm 1 40 酶标仪 示值稳定性小于0.01；405nm、450nm、492nm、620nm吸光度示值误差不超过±0.01；吸光度重复性不超过1%；通道差异不超过0.01 1 41 免疫分析仪 携带污染率不超过1%、重复性相对标准偏差不超过3% 1 42 尿液分析仪 pH 1 43 培养箱 温度分辨率：0.1℃ 1 44 普通玻璃温度计 标称值、误差、修正值、25、60、40、100℃检定点 4 45 普通玻璃液体温度计 0℃～200℃时 分量值为1℃ 1 46 全自动生化分析仪 吸光度示值误差不超过±0.01，吸光重复性不超过0.01，交叉污染率不超过2%。 1 47 容量瓶 标称值、误差、修正值 8 48 生化培养箱 25℃ 1 49 生物安全柜 尘埃粒子计数器0粒/L;照度平均值1356lx;噪声65dB；下降气流流速：0.57m/s；流入气流流速1.04m/s；高效过滤器最大漏过率0%. 6 50 双能X线骨密度吸收仪 骨密度值和体成分 1 51 微孔板恒温振荡器 37℃±1℃ 1 52 微量进样针 20、25、30、50μL 1 53 微量进样针 50、100μL 1 54 微量进样针 100、150、250μL 1 55 微量进样针 50、80、100μL 1 56 温度计 3个指定温度 6 57 温湿度表 指定温度和指定湿度，温度不确定度±2.0; 湿度不确定度±5% 60 58 血凝仪 凝血酶原时间测量重复性不超过3%； 活化部分凝血活酶时间测量重复性不超过3% 1 59 血糖仪 血糖值在1-30mmol/L内的误差 1 60 血液分析仪 红细胞、白细胞、血小板、血红蛋白：污染率小于3%，示值误差不超过±9%，重复性不超过5% 1 61 液相色谱仪 紫外检测器、荧光检测器、示差折光检测器 精密度、准确度、信噪比 3 62 液相色谱质谱联用仪 精密度、准确度、信噪比 3 63 移液器 重复性和相对误差 45 64 荧光分光光度计 波长范围：（190～900）nm;波长：0.5nm,k=2 荧光标准物质：0.5％，k=2 1 65 游标卡尺 0~150mm测量范围内示值误差不超过 1 66 紫外分光光度计 指定波长 3 67 紫外可见分光光度计 透射比0%、波长示值误差 3 68 自动高压蒸汽灭菌锅 温度显示、控制精度：0.1℃ 2 69 气相色谱三重四极杆质谱联用仪 精密度、准确度、信噪比 1 70 气相色谱仪 精密度、准确度、信噪比 1   4、招标文件其他内容不变。 更正日期：2026年09月02日 三、其他补充事宜 无 四、凡对本次公告内容提出询问，请按以下方式联系。 1.采购人信息 名 称：中国疾病预防控制中心营养与健康所 地址：北京市西城区南纬路29号 联系方式：张老师-010-66237294 2.采购代理机构信息 名 称：中技国际招标有限公司 地 址：北京市丰台区西营街1号院通用时代中心C座9层 联系方式：肖然、马建、吴萍、孙薇-010－81168260 3.项目联系方式 项目联系人：肖然 电 话： 010－81168260",工程建设,,中国政府采购网,,,default,,采购文件,,,,,,,,,
中国科学院微生物研究所厌氧微生物培养观察系统采购项目更正公告,变更公告,OITC-G260390940,2026年09月02日 14:12,北京市,中国科学院微生物研究所,北京市朝阳区北辰西路1号院3号,朱老师 010-64807353,东方国际招标有限责任公司,北京市海淀区丹棱街1号互联网金融中心20层,迟兆洋、叶明、荀笑尘、芮虎峥 010-68290585/0589 hzrui@oitc.com.cn、xcxun@oitc.com.cn,迟兆洋、叶明、荀笑尘、芮虎峥,010-68290585,需求更正.doc,"[{""attach_name"": ""需求更正.doc"", ""attach_url"": ""https://download.ccgp.gov.cn/oss/download?uuid=ED5B399B6B077482391FAE8104DAD6""}]",https://www.ccgp.gov.cn/cggg/zygg/gzgg/202609/t20260902_27250407.htm,2026-09-10 09:48:37,一、项目基本情况 原公告的采购项目编号：OITC-G260390940 原公告的采购项目名称：中国科学院微生物研究所厌氧微生物培养观察系统采购项目 首次公告日期：2026年08月21日 二、更正信息 更正事项：采购文件 更正内容： 1、经与采购人确认，现对采购需求内容澄清更正，详见附件2、本项目递交文件截止时间、开标时间更正为：2026年09月17日 14点00分（北京时间）3、本项目递交文件地点、开标地点更正为：北京市海淀区丹棱街1号互联网金融中心20层科创厅4、其余内容事项无变化 更正日期：2026年09月01日 三、其他补充事宜 无 四、凡对本次公告内容提出询问，请按以下方式联系。 1.采购人信息 名 称：中国科学院微生物研究所 地址：北京市朝阳区北辰西路1号院3号 联系方式：朱老师 010-64807353 2.采购代理机构信息 名 称：东方国际招标有限责任公司 地 址：北京市海淀区丹棱街1号互联网金融中心20层 联系方式：迟兆洋、叶明、荀笑尘、芮虎峥 010-68290585/0589 hzrui@oitc.com.cn、xcxun@oitc.com.cn 3.项目联系方式 项目联系人：迟兆洋、叶明、荀笑尘、芮虎峥 电 话： 010-68290585/0589,教育培训,,中国政府采购网,,,default,,采购文件,,,,,,,,,
邹城市消防救援大队档案室装修改造工程更正公告,变更公告,ZX-2026-XF-02,2026年09月02日 12:25,邹城市,邹城市消防救援大队,邹城市国宏大道333号,周队长0537-5199106,知行（山东）项目管理有限公司,济宁市中德广场D座26楼,张经理15053760310,张经理,15053760310,,,https://www.ccgp.gov.cn/cggg/zygg/gzgg/202609/t20260902_27250038.htm,2026-09-10 09:48:38,一、项目基本情况 原公告的采购项目编号：ZX-2026-XF-02 原公告的采购项目名称：邹城市消防救援大队档案室装修改造工程 首次公告日期：2026年08月27日 二、更正信息 更正事项：采购公告 更正内容： 原公告中，响应文件提交及开启时间为2026年9月7日14点30分；现更正为2026年9月8日14点30分。 更正日期：2026年09月02日 三、其他补充事宜 无 四、凡对本次公告内容提出询问，请按以下方式联系。 1.采购人信息 名 称：邹城市消防救援大队 地址：邹城市国宏大道333号 联系方式：周队长0537-5199106 2.采购代理机构信息 名 称：知行（山东）项目管理有限公司 地 址：济宁市中德广场D座26楼 联系方式：张经理15053760310 3.项目联系方式 项目联系人：张经理 电 话： 15053760310,公共安全,,中国政府采购网,,,default,,采购公告,,,,,,,,,
广东省消防救援总队训练和战勤保障支队特种车辆装备维修中心运行服务采购项目(三次)采购更正公告（第一次）,变更公告,GPCGD26B800FG015F,2026年09月02日 12:09,广东省,广东省消防救援总队训练与战勤保障支队,广东省广州市花都区秀全街聚龙庄大树林四巷,020-36869858,广东省政府采购中心,广东省广州市越秀区越华路112号珠江国际大厦3楼,020-83187181,潘岳健,020-83187181,,,https://www.ccgp.gov.cn/cggg/zygg/gzgg/202609/t20260902_27249945.htm,2026-09-10 09:48:38,一、项目基本情况 原公告的采购项目编号：GPCGD26B800FG015F 原公告的采购项目名称：广东省消防救援总队训练和战勤保障支队特种车辆装备维修中心运行服务采购项目(三次) 首次公告日期：2026年08月20日 二、更正信息 更正事项：采购公告 更正内容： 原公告的获取招标文件结束日期：2026-08-27，更正为：2026-09-10。 其他内容不变 更正日期：2026年09月01日 三、其他补充事宜 更正公告为原采购公告、原采购文件不可分割的部分，原采购公告、原采购文件相应条款与本公告有不一致之处，以本公告为准。请供应商务必按照更正后的内容编制投标/响应文件，本公告发布，视同书面通知所有潜在供应商。 四、凡对本次公告内容提出询问，请按以下方式联系。 1.采购人信息 名 称：广东省消防救援总队训练与战勤保障支队 地址：广东省广州市花都区秀全街聚龙庄大树林四巷 联系方式：020-36869858 2.采购代理机构信息 名 称：广东省政府采购中心 地 址：广东省广州市越秀区越华路112号珠江国际大厦3楼 联系方式：020-83187181 3.项目联系方式 项目联系人：潘岳健 电 话： 020-83187181,公共安全,,中国政府采购网,,,default,,采购公告,,,,,,,,,
青海省消防救援总队消防宣传文创品制作项目更正公告,变更公告,,2026年09月02日 11:46,青海省,青海省消防救援总队,青海省西宁市城东区金桥路19号,项目联系人：苏先生         联系方式：0971-8818074,青海正诚招标咨询有限公司,西宁市城西区五四西路66号五矿云金贸中心A座13层(索菲特酒店北),联系人：李女士      联系方式：0971-6118821、0971-6118160,苏先生,0971-8818074,青海省消防救援总队消防宣传文创品制作项目（9.2澄清文件）.docx,"[{""attach_name"": ""青海省消防救援总队消防宣传文创品制作项目（9.2澄清文件）.docx"", ""attach_url"": ""https://download.ccgp.gov.cn/oss/download?uuid=634268E16CB3308C5E5EBE8C09CD4D""}]",https://www.ccgp.gov.cn/cggg/zygg/gzgg/202609/t20260902_27249764.htm,2026-09-10 09:48:39,一、项目基本情况 原公告的采购项目编号：青海正诚竞磋（货物）2026-040 原公告的采购项目名称：青海省消防救援总队消防宣传文创品制作项目 首次公告日期：2026年08月25日 二、更正信息 更正事项：采购文件 更正内容： 序号 更正项 更正前内容 更正后内容 1 技术参数第7项：多功能应急手电筒 材质：铝合金，五档调光，灯芯：LED， IPX4防水，工作时间≥2小时以上；具备3种灯光模式；内置电池规格≥2000mAh ;具备多元化充电功能、强光聚光远射≥500m；具备不少于8种核心功能；独立包装。 材质：铝合金，支持三档调光，灯芯：LED，IPX4防水，工作时间≥2小时以上；内置电池规格≥2000mAh；具备多元化充电功能、强光聚光远射≥300m；具备不少于8种核心功能，独立包装。 2 其他 其他内容不变 其他内容不变 更正日期：2026年09月02日 三、其他补充事宜 四、凡对本次公告内容提出询问，请按以下方式联系。 1.采购人信息 名 称：青海省消防救援总队 地址：青海省西宁市城东区金桥路19号 联系方式：项目联系人：苏先生 联系方式：0971-8818074 2.采购代理机构信息 名 称：青海正诚招标咨询有限公司 地 址：西宁市城西区五四西路66号五矿云金贸中心A座13层(索菲特酒店北) 联系方式：联系人：李女士 联系方式：0971-6118821、0971-6118160 3.项目联系方式 项目联系人：苏先生 电 话： 0971-8818074,公共安全,,中国政府采购网,,,default,,采购文件,,,,,,,,,
中国农业科学院蜜蜂研究所农业农村部蜂产品加工技术科研试验基地建设项目（进口仪器）更正公告,变更公告,RGS-ZCZB-20260810,2026年09月02日 11:24,北京市,中国农业科学院蜜蜂研究所,北京市海淀区香山北沟一号,张老师 010-62596028,北京荣广盛工程管理有限公司,北京市海淀区马甸东路17号金澳国际写字楼718,王微 15144002291,王微,15144002291,,,https://www.ccgp.gov.cn/cggg/zygg/gzgg/202609/t20260902_27249498.htm,2026-09-10 09:48:39,一、项目基本情况 原公告的采购项目编号：RGS-ZCZB-20260810 原公告的采购项目名称：中国农业科学院蜜蜂研究所农业农村部蜂产品加工技术科研试验基地建设项目（进口仪器）公开招标公告 首次公告日期：2026年08月13日 二、更正信息 更正事项：采购文件 更正内容： 原内容:1、原采购文件【供应商须知前附表】投标保证金金额：30000.00 元。2、原采购文件【投标邀请】投标文件截止时间、开标时间:2026年9月3日9点30分现更正为:1、原采购文件【供应商须知前附表】投标保证金金额：3000.00元。2、原采购文件【投标邀请】投标文件截止时间、开标时间:2026年9月18日9点30分 更正日期：2026年09月02日 三、其他补充事宜 其他内容不变 四、凡对本次公告内容提出询问，请按以下方式联系。 1.采购人信息 名 称：中国农业科学院蜜蜂研究所 地址：北京市海淀区香山北沟一号 联系方式：张老师 010-62596028 2.采购代理机构信息 名 称：北京荣广盛工程管理有限公司 地 址：北京市海淀区马甸东路17号金澳国际写字楼718 联系方式：王微 15144002291 3.项目联系方式 项目联系人：王微 电 话： 15144002291,教育培训,,中国政府采购网,,,default,,采购文件,,,,,,,,,
中国中医科学院广安门医院国家中医药传承创新中心建设项目（第六批）更正公告（3）,变更公告,B0708-CMC26N7105,2026年09月02日 11:05,北京市,中国中医科学院广安门医院,北京市西城区北线阁5号,王老师，010-88001233,中国机械进出口（集团）有限公司,北京市丰台区金泽东路通用时代中心C座,刘青、刘泽民，电话：010-81168214、010-81168263　　 电子邮箱：liuqing9@cmc.gt.cn,刘青、刘泽民,010-81168214、010-81168263,,,https://www.ccgp.gov.cn/cggg/zygg/gzgg/202609/t20260902_27249299.htm,2026-09-10 09:48:40,一、项目基本情况 原公告的采购项目编号：B0708-CMC26N7105 原公告的采购项目名称：中国中医科学院广安门医院国家中医药传承创新中心建设项目（第六批） 首次公告日期：2026年05月12日 二、更正信息 更正事项：采购文件 更正内容： 提交投标文件截止时间：2026年9月24日14:00（北京时间）开标时间：2026年9月24日14:00（北京时间）地点：北京市丰台区西三环南路14号院首科大厦A座4层405号第9评标室接收投标文件时间：2026年9月24日13:30-14:00（北京时间）招标文件第五章技术要求增加如下内容：“本部分技术要求需提供技术支持材料，否则评标时不予认可。技术支持材料需为生产厂家正式发布的材料并加盖生产厂家（如为进口产品，加盖医疗器械注册证中代理人）鲜章，如照抄招标技术要求并加盖生产厂家（如为进口产品，加盖医疗器械注册证中代理人）鲜章则不予认可。 更正日期：2026年09月02日 三、其他补充事宜 无 四、凡对本次公告内容提出询问，请按以下方式联系。 1.采购人信息 名 称：中国中医科学院广安门医院 地址：北京市西城区北线阁5号 联系方式：王老师，010-88001233 2.采购代理机构信息 名 称：中国机械进出口（集团）有限公司 地 址：北京市丰台区金泽东路通用时代中心C座 联系方式：刘青、刘泽民，电话：010-81168214、010-81168263 电子邮箱：liuqing9@cmc.gt.cn 3.项目联系方式 项目联系人：刘青、刘泽民 电 话： 010-81168214、010-81168263,医疗卫生,2026-09-24 14:00,中国政府采购网,,,default,,采购文件,,,,,,,,,
中国民用航空总局第二研究所民航科技创新示范区一期工程科研辅助设施采购项目更正公告,变更公告,0748-2611CA3070GQ/01,2026年09月02日 11:02,成都市,中国民用航空总局第二研究所,四川省成都市武侯区二环路南二段17号,田老师028-81360322,中航材国际招标有限公司,北京市顺义区天祥路6号院北京东航中心2号楼8层,黄重威、杨秋月、但文森、范思迪028-66265005,黄重威、杨秋月、但文森、范思迪,028-66265005,,,https://www.ccgp.gov.cn/cggg/zygg/gzgg/202609/t20260902_27249280.htm,2026-09-10 09:48:40,一、项目基本情况 原公告的采购项目编号：0748-2611CA3070GQ/01 原公告的采购项目名称：民航科技创新示范区一期工程科研辅助设施采购项目 首次公告日期：2026年08月13日 二、更正信息 更正事项：采购文件 更正内容： 各投标人：现对招标文件做如下说明：一、采购人将对招标文件内容进行补充调整，补充调整完成后将通过huangchongwei@casc.com.cn邮箱发送给各投标人，请各投标人注意查收。二、本项目提交投标文件截止时间、开标时间变更为：2026年09月23日09点30分（北京时间），地点不变。 更正日期：2026年09月02日 三、其他补充事宜 四、凡对本次公告内容提出询问，请按以下方式联系。 1.采购人信息 名 称：中国民用航空总局第二研究所 地址：四川省成都市武侯区二环路南二段17号 联系方式：田老师028-81360322 2.采购代理机构信息 名 称：中航材国际招标有限公司 地 址：北京市顺义区天祥路6号院北京东航中心2号楼8层 联系方式：黄重威、杨秋月、但文森、范思迪028-66265005 3.项目联系方式 项目联系人：黄重威、杨秋月、但文森、范思迪 电 话： 028-66265005电 子 邮 箱：huangchongwei@casc.com.cn,工程建设,,中国政府采购网,,,default,,采购文件,,,,,,,,,
银川市消防救援支队机关车辆维修保养服务采购项目（一标段）更正公告,变更公告,CXZB-2026ZC083,2026年09月02日 10:59,宁夏回族自治区,银川市消防救援支队,银川市金凤区泰康街300号,靳班长  17752313334,宁夏骋翔招标代理有限公司,银川市虹桥南街西侧天源财汇中心A座1801室,仇学刚、马小龙  0951-5699246,靳班长,17752313334,,,https://www.ccgp.gov.cn/cggg/zygg/gzgg/202609/t20260902_27249244.htm,2026-09-10 09:48:41,一、项目基本情况 原公告的采购项目编号：CXZB-2026ZC083 原公告的采购项目名称：银川市消防救援支队机关车辆维修保养服务采购项目 首次公告日期：2026年08月10日 二、更正信息 更正事项：采购结果 更正内容： 本项目（一标段）成交公告现更正为：1.服务名称：银川市消防救援支队机关车辆维修保养服务采购项目（一标段）；2.本项目代理费总金额：0.12万元。 更正日期：2026年09月02日 三、其他补充事宜 无 四、凡对本次公告内容提出询问，请按以下方式联系。 1.采购人信息 名 称：银川市消防救援支队 地址：银川市金凤区泰康街300号 联系方式：靳班长 17752313334 2.采购代理机构信息 名 称：宁夏骋翔招标代理有限公司 地 址：银川市虹桥南街西侧天源财汇中心A座1801室 联系方式：仇学刚、马小龙 0951-5699246 3.项目联系方式 项目联系人：靳班长 电 话： 17752313334,公共安全,,中国政府采购网,,,default,,采购结果,,,,,,,,,
重庆国际旅行卫生保健中心2026年口岸“多病同检”试剂采购项目更正公告,变更公告,HDFZB-HW-20260821143,2026年09月02日 10:50,重庆市,重庆国际旅行卫生保健中心（重庆海关口岸门诊部）,两江新区红石路185号,付老师  023-86883311,重庆欣宏达项目管理有限公司,重庆市两江新区新南路164号龙湖水晶国际15楼,廖老师  023-63003900,廖老师,023-63003900,,,https://www.ccgp.gov.cn/cggg/zygg/gzgg/202609/t20260902_27249100.htm,2026-09-10 09:48:42,"一、项目基本情况 原公告的采购项目编号：HDFZB-HW-20260821143 原公告的采购项目名称：重庆国际旅行卫生保健中心2026年口岸“多病同检”试剂采购项目 首次公告日期：2026年08月28日 二、更正信息 更正事项：采购文件 更正内容： 第二篇  项目技术需求 序号 产品名称 更正前 技术参数 更正后 技术参数 1 呼吸道传染病病原核酸多联检测试剂盒（PCR-荧光探针法） ★2、检测病原种类≥10种，必须包括新冠病毒，猴痘病毒，甲型流感病毒，乙型流感病毒，脑膜炎奈瑟菌、麻疹病毒6种病原，其余项目在以下自选项目中选择； 自选项目1：人感染新亚新流感（H5,H7,H9,H10），尼帕病毒，白喉棒状杆菌，百日咳鲍特菌；A组链球菌，风疹病毒，腮腺炎病毒，水痘-带状疱疹病毒； 自选项目2：嗜肺军团菌，鼻病毒，偏肺病毒，博卡病毒，副流感病毒，肺炎衣原体，肺炎支原体，肺炎链球菌，呼吸道腺病毒，呼吸道合胞病毒，EB病毒。 ★2、检测病原种类≥10种，必须包括新冠病毒，猴痘病毒，甲型流感病毒，乙型流感病毒，脑膜炎奈瑟菌、麻疹病毒6种病原，其余项目在以下自选项目中选择； 自选项目1：人感染新亚新流感（H5），人感染新亚新流感（H7），人感染新亚新流感（H9），人感染新亚新流感（H10），尼帕病毒，白喉棒状杆菌，百日咳鲍特菌；A组链球菌，风疹病毒，腮腺炎病毒，水痘-带状疱疹病毒； 自选项目2：嗜肺军团菌，鼻病毒，偏肺病毒，博卡病毒，副流感病毒，肺炎衣原体，肺炎支原体，肺炎链球菌，呼吸道腺病毒，呼吸道合胞病毒，EB病毒。 更正日期：2026年09月02日 三、其他补充事宜 无 四、凡对本次公告内容提出询问，请按以下方式联系。 1.采购人信息 名 称：重庆国际旅行卫生保健中心（重庆海关口岸门诊部） 地址：两江新区红石路185号 联系方式：付老师 023-86883311 2.采购代理机构信息 名 称：重庆欣宏达项目管理有限公司 地 址：重庆市两江新区新南路164号龙湖水晶国际15楼 联系方式：廖老师 023-63003900 3.项目联系方式 项目联系人：廖老师 电 话： 023-63003900",医疗卫生,,中国政府采购网,,,default,,采购文件,,,,,,,,,
民族出版社部分图书用纸采购项目更正公告,变更公告,0773-2641GNOEHWGK2092,2026年09月02日 10:34,东城区,民族出版社,北京市东城区和平里北街14号,周老师，010-58130035,中金招标有限责任公司,北京市海淀区西直门外大街168号腾达大厦29层,何工，010-67409997,何工,010-67409997,,,https://www.ccgp.gov.cn/cggg/zygg/gzgg/202609/t20260902_27248981.htm,2026-09-10 09:48:43,"一、项目基本情况 原公告的采购项目编号：0773-2641GNOEHWGK2092 原公告的采购项目名称：民族出版社部分图书用纸采购项目 首次公告日期：2026年08月10日 二、更正信息 更正事项：采购文件 更正内容： 1.原招标文件第五章采购需求第2包，挺度 (纵向/横向) ≥，★128 g/m²，★≥200 g/m²；★尘埃度（涂布面）。修改为：挺度(纵向/横向)≥，128 g/m²，≥200 g/m²；尘埃度（涂布面），（删除★号项）2.原招标文件第四章评标程序、评标方法和评标标准：第2包对招标文件技术规格要求的响应程度（20分）（1）非▲（一般指标）：每负偏离1项，扣1.18分（采购需求偏离表中逐项响应且为正偏离或者无偏离视为满足,否则不得分），本包共计17个，满分20分（2）★（废标条款）：必须满足，否则视为无效投标（采购需求偏离表中逐项响应且为正偏离或者无偏离视为满足，未提供证明材料视为不满足），本包共计3个备注：其中★技术应答的证明材料指提供带有CMA标识的检测报告需加盖供应商公章,未提供的评标委员会可不予承认。修改为：第2包（1）非▲（一般指标）：每负偏离1项，扣1分（采购需求偏离表中逐项响应且为正偏离或者无偏离视为满足,否则不得分），本包共计20个，满分20分。备注：提供带有CMA标识的检测报告需加盖供应商公章.3. 原招标文件第2包投标截止时间、开标时间：2026年9月3日9点30分（北京时间）。现修改为：第2包投标截止时间、开标时间：2026年9月18日13点30分（北京时间）。 更正日期：2026年09月02日 三、其他补充事宜 无 四、凡对本次公告内容提出询问，请按以下方式联系。 1.采购人信息 名 称：民族出版社 地址：北京市东城区和平里北街14号 联系方式：周老师，010-58130035 2.采购代理机构信息 名 称：中金招标有限责任公司 地 址：北京市海淀区西直门外大街168号腾达大厦29层 联系方式：何工，010-67409997 3.项目联系方式 项目联系人：何工 电 话： 010-67409997",文化旅游,,中国政府采购网,,,default,,采购文件,,,,,,,,,
国家税务总局九江市税务局2026年度全光网网络项目更正公告第二次,变更公告,JJSWCG-2026-02,2026年09月02日 10:19,市辖区,国家税务总局九江市税务局,九江市九瑞大道82-2号,郭女士0792-8368061,江西省机电设备招标有限公司,江西省南昌市东湖区省政府大院北二路92号（咨询大厦）313室,万里阳、胡显帧、熊泽锦、张鸿0791-86214279,万里阳、胡显帧、熊泽锦、张鸿,0791-86214279,,,https://www.ccgp.gov.cn/cggg/zygg/gzgg/202609/t20260902_27248836.htm,2026-09-10 09:48:43,一、项目基本情况 原公告的采购项目编号：JJSWCG-2026-02 原公告的采购项目名称：国家税务总局九江市税务局2026年度全光网网络项目 首次公告日期：2026年08月12日 二、更正信息 更正事项：采购文件 更正内容： 1、提交投标文件截止时间、开标时间更正为2026年9月20日9点30分。2、预算金额、最高限价更正为140万元人民币。3、第六章项目采购需求及第三章评标办法有更正。请有意向的投标人及时获取最新的澄清文件，并依据其制作投标文件。 更正日期：2026年09月02日 三、其他补充事宜 四、凡对本次公告内容提出询问，请按以下方式联系。 1.采购人信息 名 称：国家税务总局九江市税务局 地址：九江市九瑞大道82-2号 联系方式：郭女士0792-8368061 2.采购代理机构信息 名 称：江西省机电设备招标有限公司 地 址：江西省南昌市东湖区省政府大院北二路92号（咨询大厦）313室 联系方式：万里阳、胡显帧、熊泽锦、张鸿0791-86214279 3.项目联系方式 项目联系人：万里阳、胡显帧、熊泽锦、张鸿 电 话： 0791-86214279,服务外包,,中国政府采购网,,,default,,采购文件,,,,,,,,,
国家体育总局2026年度科技研发与推广服务采购中标(成交)结果更正公告,变更公告,ZBZJ26-02,2026年09月02日 09:39,北京市,国家体育总局,北京市东城区体育馆路2号,010-87182333,国家体育总局体育器材装备中心,北京市东城区体育馆路3号,010-87182686,周老师,010-87182333,,,https://www.ccgp.gov.cn/cggg/zygg/gzgg/202609/t20260902_27248599.htm,2026-09-10 09:48:44,"th,td {border:1px solid #DDD;padding: 5px 10px;}.template-center-hide-state{display:none !important;}一、项目基本情况    原公告的采购项目编号： ZBZJ26-02     原公告的采购项目名称： 国家体育总局2026年度科技研发与推广服务采购     首次公告日期： 2026年08月05日  二、更正信息    更正事项：代理服务收费金额（元）：标项2：7500；标项4：7425   特此更正。三、其他补充事宜     无  四、对本次公告内容提出询问，请按以下方式联系                  1.采购人信息               名    称：国家体育总局                  地    址：北京市东城区体育馆路2号              项目联系人：周老师                 项目联系方式： 010-87182333                  2.采购代理机构信息                名    称：国家体育总局体育器材装备中心                 地    址：北京市东城区体育馆路3号                 项目联系人：张老师                    项目联系方式：010-87182686  附件信息：1.ZBZJ26-02采购文件.docx411.8K",文化旅游,,中国政府采购网,,,default,,,,,,,,,,,
农作物病虫气象灾害监测系统更正公告,变更公告,1064-261HD1415113,2026年09月02日 09:32,重庆市,重庆市气象科学研究所,重庆市两江新区新牌坊一路68号,罗老师   （023）89116131,重庆和定招标代理有限责任公司,地  址：重庆市两江新区金昌路7号融创·竣爵堡23栋4号,杨女士  （023）86715401,杨女士,（023）86715401,农作物病虫气象灾害监测系统-澄清文件001.doc,"[{""attach_name"": ""农作物病虫气象灾害监测系统-澄清文件001.doc"", ""attach_url"": ""https://download.ccgp.gov.cn/oss/download?uuid=1DE69AB025593E2C1E4F800EC84F42""}]",https://www.ccgp.gov.cn/cggg/zygg/gzgg/202609/t20260902_27248501.htm,2026-09-10 09:48:44,一、项目基本情况 原公告的采购项目编号：1064-261HD1415113 原公告的采购项目名称：农作物病虫气象灾害监测系统 首次公告日期：2026年08月25日 二、更正信息 更正事项：采购文件 更正内容： 各潜在供应商：现将农作物病虫气象灾害监测系统项目竞争性磋商文件第四篇“二、评审标准”中的“技术参数评审”变更为： 序号 评分因素及权值 分值 评分标准 说明 2 技术 部分 (40%) 技术参数 评审 （15分） 1.起评分： 有效供应商的起评分为15分。 2.扣分条款： 2.1响应文件中有一条不满足磋商文件重要技术需求的（磋商文件第二篇“二、技术参数及服务要求”中“（二）硬件参数要求”标注“★”号的条款），从起评分中扣除3分（共3项，共9分）。 2.2响应文件中有一条不满足磋商文件一般性技术需求的（磋商文件第二篇“二、技术参数及服务要求”中“（二）硬件参数要求”未标注“★”或“※”号的条款），从起评分中扣除0.0566分（共106项，共6分）。 标注“★”号的参数须提供第三方检验/检测机构出具的检验/检测报告）  其余内容不变，特此通知！  更正日期：2026年09月02日 三、其他补充事宜 无。 四、凡对本次公告内容提出询问，请按以下方式联系。 1.采购人信息 名 称：重庆市气象科学研究所 地址：重庆市两江新区新牌坊一路68号 联系方式：罗老师 （023）89116131 2.采购代理机构信息 名 称：重庆和定招标代理有限责任公司 地 址：地 址：重庆市两江新区金昌路7号融创·竣爵堡23栋4号 联系方式：杨女士 （023）86715401 3.项目联系方式 项目联系人：杨女士 电 话： （023）86715401,科研检测,,中国政府采购网,,,default,,采购文件,,,,,,,,,
龙岩经济技术开发区消防救援大队食堂菜品及主副食品配送服务采购项目标后更正公告,变更公告,FJZZCS,2026年09月02日 08:54,龙岩经济技术开发区,龙岩经济技术开发区消防救援大队,龙岩市新罗区东肖街道龙工路27号,王女士、0597-2966951,福建智卓咨询服务有限公司,福建省龙岩市新罗区龙岩大道商会大厦E栋8楼801室,翁志蕾、0597-2385155,翁志蕾,0597-2385155,,,https://www.ccgp.gov.cn/cggg/zygg/gzgg/202609/t20260902_27248323.htm,2026-09-10 09:48:45,一、项目基本情况 原公告的采购项目编号：FJZZCS(2026)029 原公告的采购项目名称：龙岩经济技术开发区消防救援大队食堂菜品及主副食品配送服务采购项目 首次公告日期：2026年08月18日 二、更正信息 更正事项：采购结果 更正内容： 龙岩速得鲜餐饮管理有限公司提交的从业人员相关材料存在虚假，依据本项目采购文件约定，取消其成交资格。经采购人研究决定，重新开展采购活动，后续采购相关安排另行发布公告。 更正日期：2026年09月02日 三、其他补充事宜 无 四、凡对本次公告内容提出询问，请按以下方式联系。 1.采购人信息 名 称：龙岩经济技术开发区消防救援大队 地址：龙岩市新罗区东肖街道龙工路27号 联系方式：王女士、0597-2966951 2.采购代理机构信息 名 称：福建智卓咨询服务有限公司 地 址：福建省龙岩市新罗区龙岩大道商会大厦E栋8楼801室 联系方式：翁志蕾、0597-2385155 3.项目联系方式 项目联系人：翁志蕾 电 话： 0597-2385155,公共安全,,中国政府采购网,,,default,,采购结果,,,,,,,,,
中国人民公安大学两校区室外空间体育设施及体能拓展训练场地建设项目更正公告,变更公告,BMCC-ZC26-1097,2026年09月01日 22:10,北京市,中国人民公安大学,北京市西城区木樨地南里1号,010-83903428,北京明德致信咨询有限公司,北京市海淀区学院路30号科大天工大厦B座17层09室,徐颖、王希、王爽、孙恺宁、王蕾蕾、周洁琼、高宇，010-82370045，fc@zbbmcc.com（保证金、发票等咨询）,徐颖,010-61196305x,"更正后《技术要求》(2).docx,更正公告-中国人民公安大学两校区室外空间体育设施及体能拓展训练场地建设项目.docx","[{""attach_name"": ""更正后《技术要求》(2).docx"", ""attach_url"": ""https://download.ccgp.gov.cn/oss/download?uuid=BDCB446B7704A4FC1246EAAAAC9AC0""}, {""attach_name"": ""更正公告-中国人民公安大学两校区室外空间体育设施及体能拓展训练场地建设项目.docx"", ""attach_url"": ""https://download.ccgp.gov.cn/oss/download?uuid=517697C1FA5E788511B98D133A2D3B""}]",https://www.ccgp.gov.cn/cggg/zygg/gzgg/202609/t20260901_27247769.htm,2026-09-10 09:48:45,一、项目基本情况 原公告的采购项目编号：BMCC-ZC26-1097 原公告的采购项目名称：中国人民公安大学两校区室外空间体育设施及体能拓展训练场地建设项目 首次公告日期：2026年08月17日 二、更正信息 更正事项：采购文件 更正内容： 1、本项目招标文件中“第五章 采购需求 四、技术要求 （一）产品清单及指标要求”内容以附件为准。2、提交投标文件截止时间、开标时间和地点更正为：时间：2026年9月16日9点00分（北京时间）。地点：北京市海淀区学院路30号科大天工大厦B座17层1706第四会议室。 更正日期：2026年09月01日 三、其他补充事宜 1、投标保证金到账（保函提交）截止时间同投标截止时间。2、本项目其他内容不作变更。3、请投标人根据更正后的招标文件内容，积极准备本项目投标的相关事宜。 四、凡对本次公告内容提出询问，请按以下方式联系。 1.采购人信息 名 称：中国人民公安大学 地址：北京市西城区木樨地南里1号 联系方式：010-83903428 2.采购代理机构信息 名 称：北京明德致信咨询有限公司 地 址：北京市海淀区学院路30号科大天工大厦B座17层09室 联系方式：徐颖、王希、王爽、孙恺宁、王蕾蕾、周洁琼、高宇，010-82370045，fc@zbbmcc.com（保证金、发票等咨询） 3.项目联系方式 项目联系人：徐颖 电 话： 010-61196305 xy@zbbmcc.com（仅用于采购文件咨询）,教育培训,,中国政府采购网,,,default,,采购文件,,,,,,,,,
湖南大学科创港校区（二期）南片校园基础设施项目（一标段）澄清答疑公告,变更公告,/,2026年09月01日 21:07,湖南省,湖南大学,湖南大学科创港校区,周老师  18817127416,湖南省招标有限责任公司,长沙市雨花区湘府东路二段199号,周婷、刘欣鑫、杨洋   13278879266,周婷、刘欣鑫、杨洋,13278879266,【发布版】湖南大学科创港校区（二期）南片校园基础设施项目（一标段）澄清答疑公告(定稿)(2).pdf,"[{""attach_name"": ""【发布版】湖南大学科创港校区（二期）南片校园基础设施项目（一标段）澄清答疑公告(定稿)(2).pdf"", ""attach_url"": ""https://download.ccgp.gov.cn/oss/download?uuid=E3695809C5021295A44CB4FD255CE9""}]",https://www.ccgp.gov.cn/cggg/zygg/gzgg/202609/t20260901_27247657.htm,2026-09-10 09:48:46,一、项目基本情况 原公告的采购项目编号：/ 原公告的采购项目名称：湖南大学科创港校区（二期）南片校园基础设施项目（一标段） 首次公告日期：2026年08月25日 二、更正信息 更正事项：采购文件 更正内容： 澄清答疑公告内容详见附件 更正日期：2026年09月01日 三、其他补充事宜 / 四、凡对本次公告内容提出询问，请按以下方式联系。 1.采购人信息 名 称：湖南大学 地址：湖南大学科创港校区 联系方式：周老师 18817127416 2.采购代理机构信息 名 称：湖南省招标有限责任公司 地 址：长沙市雨花区湘府东路二段199号 联系方式： 周婷、刘欣鑫、杨洋 13278879266 3.项目联系方式 项目联系人：周婷、刘欣鑫、杨洋 电 话： 13278879266,教育培训,,中国政府采购网,,,default,,采购文件,,,,,,,,,
中国海洋大学西海岸校区智慧研讨空间建设项目更正公告,变更公告,SHZB2026-701,2026年09月01日 20:33,山东省,中国海洋大学,山东省青岛市崂山区松岭路238号,崔老师 0532-66781979,盛和招标代理有限公司,山东省青岛市市北区敦化路138号甲西王大厦24楼23A01房间,刘梦华、肖颖梦、孙伟、侯美玲 0532-67737979,刘梦华、肖颖梦、孙伟、侯美玲,0532-67737979,中国海洋大学西海岸校区智慧研讨空间建设项目更正内容.docx,"[{""attach_name"": ""中国海洋大学西海岸校区智慧研讨空间建设项目更正内容.docx"", ""attach_url"": ""https://download.ccgp.gov.cn/oss/download?uuid=9C03A94B685BF3A60D8E50679D25B1""}]",https://www.ccgp.gov.cn/cggg/zygg/gzgg/202609/t20260901_27247570.htm,2026-09-10 09:48:47,一、项目基本情况 原公告的采购项目编号：SHZB2026-701 原公告的采购项目名称：中国海洋大学西海岸校区智慧研讨空间建设项目 首次公告日期：2026年08月14日 二、更正信息 更正事项：采购文件 更正内容： 详见公告附件 更正日期：2026年09月01日 三、其他补充事宜 四、凡对本次公告内容提出询问，请按以下方式联系。 1.采购人信息 名 称：中国海洋大学 地址：山东省青岛市崂山区松岭路238号 联系方式：崔老师 0532-66781979 2.采购代理机构信息 名 称：盛和招标代理有限公司 地 址：山东省青岛市市北区敦化路138号甲西王大厦24楼23A01房间 联系方式：刘梦华、肖颖梦、孙伟、侯美玲 0532-67737979 3.项目联系方式 项目联系人：刘梦华、肖颖梦、孙伟、侯美玲 电 话： 0532-67737979,教育培训,,中国政府采购网,,,default,,采购文件,,,,,,,,,
杭州出入境边防检查站档案室及文电中心设备购置项目更正公告,变更公告,ZJWS2026-HZBJ05,2026年09月01日 20:01,杭州市,中华人民共和国杭州出入境边防检查站,萧山机场杭州出入境边防检查站,徐先生0571-86660139,浙江五石中正工程咨询有限公司,杭州市拱墅区白石路318号中国人力资源产业园北楼5楼512,王剑强、高琳0571-85334203,王剑强,0571-85342190,,,https://www.ccgp.gov.cn/cggg/zygg/gzgg/202609/t20260901_27247426.htm,2026-09-10 09:48:48,一、项目基本情况 原公告的采购项目编号：ZJWS2026-HZBJ05 原公告的采购项目名称：杭州出入境边防检查站档案室及文电中心设备购置项目 首次公告日期：2026年08月12日 二、更正信息 更正事项：采购文件 更正内容： 序号 更正项 更正前内容 更正后内容 1 采购文件第二章 采购需求 智能手机屏蔽柜 ▲7、智能手机屏蔽柜需符合BMB54-2020要求。 ▲7、智能手机屏蔽柜需符合BMB49-2020要求。 2 采购文件第二章 采购需求 智能手机屏蔽柜 整体尺寸要求:≥1500(高)x4500(宽)x360(深)mm” 整体尺寸要求:≥1500(高)x450(宽)x360(深)mm” 3 提交投标文件截止时间、开标时间和地点   1.时间：2026年9月2日10时00分（北京时间） 1.时间：2026年9月16日10时00分（北京时间） 更正日期：2026年09月01日 三、其他补充事宜 无 四、凡对本次公告内容提出询问，请按以下方式联系。 1.采购人信息 名 称：中华人民共和国杭州出入境边防检查站 地址：萧山机场杭州出入境边防检查站 联系方式：徐先生0571-86660139 2.采购代理机构信息 名 称：浙江五石中正工程咨询有限公司 地 址：杭州市拱墅区白石路318号中国人力资源产业园北楼5楼512 联系方式：王剑强、高琳0571-85334203 3.项目联系方式 项目联系人：王剑强 电 话： 0571-85342190,文化旅游,,中国政府采购网,,,default,,采购文件,,,,,,,,,
浦东校区超市及两校区咖啡店招商项目延期公告,变更公告,CGXQ-2026-07-625,2026年09月01日 19:49,上海市,上海民航职业技术学院,上海市龙华西路1号,刘老师  021-54103488,上海政采项目管理有限公司,上海市静安区天目中路383号10楼,单杰、王静雯、戴小军 021-62091253*8006,单杰、王静雯、戴小军,021-62091253,,,https://www.ccgp.gov.cn/cggg/zygg/gzgg/202609/t20260901_27247329.htm,2026-09-10 09:48:48,一、项目基本情况 原公告的采购项目编号：CGXQ-2026-07-625（招标代理机构内部编号：SHZC20262523） 原公告的采购项目名称：浦东校区超市及两校区咖啡店招商项目 首次公告日期：2026年08月24日 二、更正信息 更正事项：采购公告 更正内容： 本项目包件3：两校区（徐汇校区、浦东校区）品牌咖啡店，获取采购文件截止时间延期至2026年9月15日上午10点00分。 更正日期：2026年09月01日 三、其他补充事宜 除以上更正内容之外，采购文件其它内容和要求不变，特此告知。 四、凡对本次公告内容提出询问，请按以下方式联系。 1.采购人信息 名 称：上海民航职业技术学院 地址：上海市龙华西路1号 联系方式：刘老师 021-54103488 2.采购代理机构信息 名 称：上海政采项目管理有限公司 地 址：上海市静安区天目中路383号10楼 联系方式：单杰、王静雯、戴小军 021-62091253*8006 3.项目联系方式 项目联系人：单杰、王静雯、戴小军 电 话： 021-62091253*8006,教育培训,,中国政府采购网,,,default,,采购公告,,,,,,,,,
杭州出入境边防检查站勤务处置中心设备采购项目更正公告,变更公告,ZJWS2026-HZBJ06,2026年09月01日 19:45,杭州市,中华人民共和国杭州出入境边防检查站,萧山机场杭州出入境边防检查站,徐先生0571-86660139,浙江五石中正工程咨询有限公司,杭州市拱墅区白石路318号中国人力资源产业园北楼5楼512,王剑强、高琳0571-85334203,王剑强,0571-85342190,,,https://www.ccgp.gov.cn/cggg/zygg/gzgg/202609/t20260901_27247313.htm,2026-09-10 09:48:49,一、项目基本情况 原公告的采购项目编号：ZJWS2026-HZBJ06 原公告的采购项目名称：杭州出入境边防检查站勤务处置中心设备采购项目 首次公告日期：2026年08月31日 二、更正信息 更正事项：采购公告 更正内容： 序号 更正项 更正前内容 更正后内容 1 采购公告一、项目基本情况 合同履行期限 签订合同后60个日历天内完成设备供货、安装、调试，并通过采购人验收。 签订合同后40个日历天内完成设备供货、安装、调试，并通过采购人验收。 更正日期：2026年09月01日 三、其他补充事宜 无 四、凡对本次公告内容提出询问，请按以下方式联系。 1.采购人信息 名 称：中华人民共和国杭州出入境边防检查站 地址：萧山机场杭州出入境边防检查站 联系方式：徐先生0571-86660139 2.采购代理机构信息 名 称：浙江五石中正工程咨询有限公司 地 址：杭州市拱墅区白石路318号中国人力资源产业园北楼5楼512 联系方式：王剑强、高琳0571-85334203 3.项目联系方式 项目联系人：王剑强 电 话： 0571-85342190,设备购置,,中国政府采购网,,,default,,采购公告,,,,,,,,,
HRL1300电堆组装用膜电极和制备工装采购项目更正公告,变更公告,THTC-HR-RLDC2026032,2026年09月01日 18:58,北京市,zycgr22011902,/,冯老师 010-57305132,天恒招标有限公司,北京市东城区东四十条甲22号南新仓商务大厦B座922,赵梦媛、王文静、陈洁、徐梓瑶、刘戈 010-53393815、17710393237,赵梦媛、王文静、陈洁、徐梓瑶,010-53393815、17710393237,,,https://www.ccgp.gov.cn/cggg/zygg/gzgg/202609/t20260901_27246998.htm,2026-09-10 09:48:50,一、项目基本情况 原公告的采购项目编号：THTC-HR-RLDC2026032 原公告的采购项目名称：HRL1300电堆组装用膜电极和制备工装采购项目 首次公告日期：2026年09月01日 二、更正信息 更正事项：采购公告 更正内容： 原公告标题由：“电堆组装用膜电极和制备工装采购项目公开招标公告”更正为：“ HRL1300电堆组装用膜电极和制备工装采购项目公开招标公告“ 更正日期：2026年09月01日 三、其他补充事宜 无 四、凡对本次公告内容提出询问，请按以下方式联系。 1.采购人信息 名 称：zycgr22011902 地址：/ 联系方式：冯老师 010-57305132 2.采购代理机构信息 名 称：天恒招标有限公司 地 址：北京市东城区东四十条甲22号南新仓商务大厦B座922 联系方式：赵梦媛、王文静、陈洁、徐梓瑶、刘戈 010-53393815、17710393237 3.项目联系方式 项目联系人：赵梦媛、王文静、陈洁、徐梓瑶、刘戈 电 话： 010-53393815、17710393237,其他,,中国政府采购网,,,default,,采购公告,,,,,,,,,
湖北国际旅行卫生保健中心（武汉海关口岸门诊部）2026年试剂耗材采购更正公告,变更公告,HBT-204126127-266589,2026年09月01日 18:47,东湖高新区,湖北国际旅行卫生保健中心（武汉海关口岸门诊部）,武汉市东湖高新技术开发区高新大道 430 号,汤部长 50187663,湖北省招标股份有限公司,武汉市武昌区中北路108号兴业银行大厦五层,李彦豪、陈芳铭、田翠 027-87716883,李彦豪、陈芳铭、田翠,027-87716883,"评分标准.pdf,项目采购需求.pdf","[{""attach_name"": ""评分标准.pdf"", ""attach_url"": ""https://download.ccgp.gov.cn/oss/download?uuid=06C932255CC5CAAE12B0F9C137F1E8""}, {""attach_name"": ""项目采购需求.pdf"", ""attach_url"": ""https://download.ccgp.gov.cn/oss/download?uuid=0E9F63391582C85B3EBA734DAFBC88""}]",https://www.ccgp.gov.cn/cggg/zygg/gzgg/202609/t20260901_27246803.htm,2026-09-10 09:48:50,一、项目基本情况 原公告的采购项目编号：HBT-204126127-266589 原公告的采购项目名称：湖北国际旅行卫生保健中心（武汉海关口岸门诊部）2026年试剂耗材采购 首次公告日期：2026年08月24日 二、更正信息 更正事项：采购文件 更正内容： 一、原招标公告中“四、提交投标文件截止时间、开标时间和地点1.2026年9月16日09点30分（北京时间）2.地点：武汉市武昌区中北路108号兴业银行大厦五层开标评标室（二 ）”变更为：“四、提交投标文件截止时间、开标时间和地点1.2026年9月17日09点30分（北京时间）2.地点：武汉市武昌区中北路108号兴业银行大厦五层开标评标室（十一 ）” 二、原招标文件中“第三章 项目采购需求中”中的“三、采购标的需满足的数量、质量、安全、技术规格、物理特性等要求”中的“第一包：湖北国际旅行卫生保健中心（武汉海关口岸门诊部）2026年试剂耗材采购（一）；试剂耗材配送清单（一）”有变更，具体详见附件：“项目采购需求”。 三、原招标文件中“第四章评标方法、步骤及标准”中的“附表3：评分标准”中“供货保证”有变更，具体详见附件：“评分标准”。 更正日期：2026年09月01日 三、其他补充事宜 招标文件其他相同地方均对应修改。 四、凡对本次公告内容提出询问，请按以下方式联系。 1.采购人信息 名 称：湖北国际旅行卫生保健中心（武汉海关口岸门诊部） 地址：武汉市东湖高新技术开发区高新大道 430 号 联系方式：汤部长 50187663 2.采购代理机构信息 名 称：湖北省招标股份有限公司 地 址：武汉市武昌区中北路108号兴业银行大厦五层 联系方式：李彦豪、陈芳铭、田翠 027-87716883 3.项目联系方式 项目联系人：李彦豪、陈芳铭、田翠 电 话： 027-87716883,医疗卫生,,中国政府采购网,,,default,,采购文件,,,,,,,,,
哈尔滨工业大学中俄联合校园项目C-01地块-师生活动中心项目室外环境工程更正公告,变更公告,SG0100G26096,2026年09月01日 18:40,南岗区,哈尔滨工业大学,哈尔滨市南岗区西大直街92号,武俊萍 0451-86417953,中招国际招标有限公司,北京市海淀区学院南路62号中关村资本大厦六层,王峥男、卢晓刚、安文康 13394515577、13836009128,安文康,13836009128,,,https://www.ccgp.gov.cn/cggg/zygg/gzgg/202609/t20260901_27246769.htm,2026-09-10 09:48:51,一、项目基本情况 原公告的采购项目编号：SG0100G26096 原公告的采购项目名称：哈尔滨工业大学中俄联合校园项目C-01地块-师生活动中心项目室外环境工程 首次公告日期：2026年08月11日 二、更正信息 更正事项：采购文件 更正内容： 哈尔滨工业大学中俄联合校园项目C-01地块-师生活动中心项目室外环境工程评标结果公示（项目编号：SG0100G26096） 哈尔滨工业大学中俄联合校园项目C-01地块-师生活动中心项目室外环境工程已于2026年09月01日在哈尔滨市公共资源交易中心（哈尔滨市南岗区中山路181号市民大厦）四楼开标室开标。现已按照招标文件的规定完成评标工作，现对评标结果进行公示。（一）项目名称：哈尔滨工业大学中俄联合校园项目C-01地块-师生活动中心项目室外环境工程（二）招标人：哈尔滨工业大学（三）招标代理机构：中招国际招标有限公司（四）招标方式：公开招标（五）定标方法：票决定标法（逐轮票决定标）（六）评标情况经评标委员会评审，推荐以下投标人为中标候选人（排名不分先后）： 序号 单位名称 投标报价（元） 质量标准 工期 资质 项目负责人 姓名 证书名称 证书编号 1 四川二三肆建筑工程有限公司 5889037.75 符合现行国家、地方及行业相关设计及施工质量验收标准、规范、规程及有关规定，工程质量达到“合格”等级，并通过建设单位的专项验收。 72日历天 市政公用工程施工总承包二级 周天勇 二级建造师注册证书 川 2512017201809662 2 黑龙江省臻盛建筑工程有限公司 6490257.23 符合现行国家、地方及行业相关设计及施工质量验收标准、规范、规程及有关规定，工程质量达到“合格”等级，并通过建设单位的专项验收。 72日历天 市政公用工程施工总承包二级 许社军 二级建造师注册证书 黑 2232012202314717 3 黑龙江恒智建设工程有限公司 7571615.22 符合现行国家、地方及行业相关设计及施工质量验收标准、规范、规程及有关规定，工程质量达到“合格”等级，并通过建设单位的专项验收。 72日历天 市政公用工程施工总承包二级 于威 二级建造师注册证书 黑 2232022202309796 4 黑龙江吉赫建设工程有限公司 7281130.37 符合现行国家、地方及行业相关设计及施工质量验收标准、规范、规程及有关规定，工程质量达到“合格”等级，并通过建设单位的专项验收。 72日历天 市政公用工程施工总承包二级 潘丽娜 二级建造师注册证书 黑 2232022202411472 5 广唯建设集团有限公司 7729109.64 符合现行国家、地方及行业相关设计及施工质量验收标准、规范、规程及有关规定，工程质量达到“合格”等级，并通过建设单位的专项验收。 72日历天 市政公用工程施工总承包一级 单小亮 一级建造师注册证书 黑 1372020202106179 6 哈尔滨筑鹏建筑工程有限公司 6309731.00 符合现行国家、地方及行业相关设计及施工质量验收标准、规范、规程及有关规定，工程质量达到“合格”等级，并通过建设单位的专项验收。 72日历天 市政公用工程施工总承包二级 王利国 二级建造师注册证书 黑 2232015202220474 7 哈尔滨市第二市政工程有限公司 8087481.35 符合现行国家、地方及行业相关设计及施工质量验收标准、规范、规程及有关规定，工程质量达到“合格”等级，并通过建设单位的专项验收。 72日历天 市政公用工程施工总承包一级 张萌 二级建造师注册证书 黑 2232025202529393 8 黑龙江省诺锐建筑工程有限公司 7281818.68 符合现行国家、地方及行业相关设计及施工质量验收标准、规范、规程及有关规定，工程质量达到“合格”等级，并通过建设单位的专项验收。 72日历天 市政公用工程施工总承包二级 代英波 二级建造师注册证书 黑223141422006 9 黑龙江佳和市政工程有限公司 6305040.50 符合现行国家、地方及行业相关设计及施工质量验收标准、规范、规程及有关规定，工程质量达到“合格”等级，并通过建设单位的专项验收。 72日历天 市政公用工程施工总承包二级 耿明臣 二级建造师注册证书 黑 2232012202129323 10 黑龙江佰仕达建筑工程有限公司 7391894.58 符合现行国家、地方及行业相关设计及施工质量验收标准、规范、规程及有关规定，工程质量达到“合格”等级，并通过建设单位的专项验收。 72日历天 市政公用工程施工总承包二级 杨程 二级建造师注册证书 黑 2232021202609344 11 吉林恒泽建筑工程有限公司 6393786.28 符合现行国家、地方及行业相关设计及施工质量验收标准、规范、规程及有关规定，工程质量达到“合格”等级，并通过建设单位的专项验收。 72日历天 市政公用工程施工总承包二级 陶晓敏 二级建造师注册证书 吉 222151623791 12 黑龙江省淮冶建筑工程有限公司 7566209.17 符合现行国家、地方及行业相关设计及施工质量验收标准、规范、规程及有关规定，工程质量达到“合格”等级，并通过建设单位的专项验收。 72日历天 市政公用工程施工总承包二级 王玉红 二级建造师注册证书 黑 2232014202522744 （七）被否决投标的情况：无。（八）提出异议的渠道和方式：相关单位如有异议请以书面形式向招标人提出，如无异议，以上投标人即为中标候选人（排名不分先后）。（九）联系方式招标投标行政监督单位：哈尔滨市建设工程招投标站地  址：哈尔滨市道里区通达街317号电  话：0451-84518543招 标 人：哈尔滨工业大学地 址：哈尔滨市南岗区西大直街92号联 系 人：武俊萍联系方式：0451-86417953招标代理机构：中招国际招标有限公司地址：北京市海淀区学院南路62号中关村资本大厦六层邮编：100081代理机构负责人：安文康联系人：王峥男、卢晓刚电话：13394515577、13836009128电子邮箱：wangzhengnan@cntcitc.com.cn日   期：2026年09月01日  更正日期：2026年09月01日 三、其他补充事宜 无 四、凡对本次公告内容提出询问，请按以下方式联系。 1.采购人信息 名 称：哈尔滨工业大学 地址：哈尔滨市南岗区西大直街92号 联系方式：武俊萍 0451-86417953 2.采购代理机构信息 名 称：中招国际招标有限公司 地 址：北京市海淀区学院南路62号中关村资本大厦六层 联系方式：王峥男、卢晓刚、安文康 13394515577、13836009128 3.项目联系方式 项目联系人：安文康 电 话： 13836009128,教育培训,,中国政府采购网,,,default,,采购文件,,,,,,,,,
中南大学高水平地球科学与信息物理学院超长程激光雷达扫描仪采购项目更正公告,变更公告,HZ20260203-0187,2026年09月01日 18:30,长沙市,中南大学,长沙市麓山南路932号，中南大学采购与招标管理中心,"张老师,联系方式：0731-88836937",湖南国联招标有限公司,湖南省长沙市开福区黄兴北路112号华润置地中心2号栋45楼,王亚丽、何浩、薛浩、季飞腾、陈家乐；联系电话：0731-85177559,邹老师,15200857385,,,https://www.ccgp.gov.cn/cggg/zygg/gzgg/202609/t20260901_27246686.htm,2026-09-10 09:48:52,"一、项目基本情况 原公告的采购项目编号：HZ20260203-0187 原公告的采购项目名称：中南大学高水平地球科学与信息物理学院超长程激光雷达扫描仪采购项目 首次公告日期：2026年07月30日 二、更正信息 更正事项：采购文件 更正内容： 序号 第五章采购需求第二节技术要求：原内容 第五章采购需求第二节技术要求：更正内容 标的1 超长程激光雷达模块 1 2.★扫描角：最大可至360° 2.★扫描角：最大可至360°，提供适配的地基测量搭载平台（比如三角架） 2 5.★回波技术：支持MTA技术即多周期回波技术 此项参数删除 3 8.★回波次数：≥15次回波 8.★回波次数：≥10次回波 4 10.★测量距离：≥1800m 10.★测量距离：≥1500m 5 15.陀螺偏置重复性≥7°/hr,1δ 15.陀螺偏置重复性≤7°/hr,1δ 6 17.陀螺标度因数精确度≥±100ppm 17.陀螺标度因数精确度≤±100ppm 标的2 多旋翼飞行平台 1 2.机身尺寸：对称电机轴距≥1.6m；高度≤1m 2.机身尺寸：对称电机轴距≥1.0m；高度≤1m 2 4.★动力系统：纯电动；六旋翼 4.▲动力系统：纯电动；多旋翼 3 13. ▲FPV摄像头：具备两轴以上（含两轴）云台的FPV摄像头，具备实时视频监控能力 13.▲FPV摄像头：具备云台的FPV摄像头 4 15.图传频段：1427MHz-1447MHz 此项参数删除 5 17. ▲多旋翼数传模块：测控半径≥50km 17.▲多旋翼数传模块：测控半径≥10km 6 22.▲断桨保护：具有单动力失效保护功能（需提供具备CNAS或CMA认证资质的第三方检测机构出具的检测报告） 22.▲断桨保护：具有单动力失效保护功能。（需提供第三方的证明材料） 标的3 地面站及数据处理软件 1 3.飞行监控模块： ▲（1）具备步骤引导式操作流程、全自动作业模式；具备实时信息显示及语音播报功能；具备断点续飞及日志回放功能。（需提供具备CNAS或CMA认证资质的第三方检测机构出具的检测报告） ▲（1）具备步骤引导式操作流程、全自动作业模式；具备实时信息显示及语音播报功能；具备断点续飞及日志回放功能。 2 10.云监控模块 ▲（1）同时具备WEB端和微信小程序远程实时监控能力，包括飞机信息、实时飞行参数等。 ▲（1）具备远程实时监控能力，包括飞机信息、实时飞行参数等。  本项目原定的提交投标文件的截止时间（开标时间）：2026年08月24日9时30分（北京时间）；现将提交投标文件的截止时间（开标时间）延期至：2026年09月18日9时00分（北京时间）；其余内容不变！ 更正日期：2026年09月01日 三、其他补充事宜 3.1 本更正公告在中国政府采购网（https://www.ccgp.gov.cn/）、中南大学校园网（https://oa.csu.edu.cn/con/ggtz）、中南大学采购与招标管理中心网（http://czzx.csu.edu.cn/）发布。3.2 本更正公告作为招标文件的组成部分，与招标文件具有同等法律效力，招标公告、招标文件如涉及上述内容的应作相应修改，若本更正公告与原招标文件内容有不一致之处，应以本更正公告为准。本项目其他内容不变。 四、凡对本次公告内容提出询问，请按以下方式联系。 1.采购人信息 名 称：中南大学 地址：长沙市麓山南路932号，中南大学采购与招标管理中心 联系方式：张老师,联系方式：0731-88836937 2.采购代理机构信息 名 称：湖南国联招标有限公司 地 址：湖南省长沙市开福区黄兴北路112号华润置地中心2号栋45楼 联系方式：王亚丽、何浩、薛浩、季飞腾、陈家乐；联系电话：0731-85177559 3.项目联系方式 项目联系人：邹老师 电 话： 15200857385",教育培训,,中国政府采购网,,,default,,采购文件,,,,,,,,,
西藏自治区消防救援总队2026年专用设备购置项目（XZ1包）更正公告,变更公告,LSZC-202618RG,2026年09月01日 18:15,西藏自治区,西藏自治区消防救援总队,西藏拉萨市城关区太阳岛1路9号,西藏自治区消防总队 0891-6878036,拉萨市政府采购中心,拉萨市城关区江冲路 15 号,仁卓 0891-6572058,西藏自治区消防总队,0891-6878036,"西藏自治区消防救援总队2026年专用设备购置项目（XZ1包）.pdf,更正公告.doc","[{""attach_name"": ""西藏自治区消防救援总队2026年专用设备购置项目（XZ1包）.pdf"", ""attach_url"": ""https://download.ccgp.gov.cn/oss/download?uuid=A5263027DF37FE10B97923ACFE85FD""}, {""attach_name"": ""更正公告.doc"", ""attach_url"": ""https://download.ccgp.gov.cn/oss/download?uuid=11645255AAB23924F0A6C3CC73A4AC""}]",https://www.ccgp.gov.cn/cggg/zygg/gzgg/202609/t20260901_27246796.htm,2026-09-10 09:48:52,一、项目基本情况 原公告的采购项目编号：LSZC-202618RG 原公告的采购项目名称：西藏自治区消防救援总队2026年专用设备购置项目（XZ1包）公开招标公告 首次公告日期：2026年08月25日 二、更正信息 更正事项：采购文件 更正内容： 原公开招标文件第五章 采购需求“第22项混凝土电动破拆工具组”、“第79项消防员水域救援防护服（套装）”因系统问题，招标文件中部分参数显示不全，现对参数进行更正。详见附件。 更正日期：2026年09月01日 三、其他补充事宜 无 四、凡对本次公告内容提出询问，请按以下方式联系。 1.采购人信息 名 称：西藏自治区消防救援总队 地址：西藏拉萨市城关区太阳岛1路9号 联系方式：西藏自治区消防总队 0891-6878036 2.采购代理机构信息 名 称：拉萨市政府采购中心 地 址：拉萨市城关区江冲路 15 号 联系方式：仁卓 0891-6572058 3.项目联系方式 项目联系人：西藏自治区消防总队 电 话： 0891-6878036,公共安全,,中国政府采购网,,,default,,采购文件,,,,,,,,,
山东大学齐鲁第二医院放射科云胶片服务项目更正公告,变更公告,HYHA2026-2287,2026年09月01日 18:14,济南市,山东大学齐鲁第二医院,济南市北园大街247号,0531-85875076,海逸恒安项目管理有限公司,山东省济南市历下区华润置地广场A5-6号楼27层,王凤英、田飞飞、张洋洋、朱坤乐 0531-88763191,王凤英、田飞飞、张洋洋、朱坤乐,0531-88763191,附件：更正文件-山东大学齐鲁第二医院放射科云胶片服务项目.pdf,"[{""attach_name"": ""附件：更正文件-山东大学齐鲁第二医院放射科云胶片服务项目.pdf"", ""attach_url"": ""https://download.ccgp.gov.cn/oss/download?uuid=264C99FCF61E6C732CECD070559001""}]",https://www.ccgp.gov.cn/cggg/zygg/gzgg/202609/t20260901_27246524.htm,2026-09-10 09:48:53,一、项目基本情况 原公告的采购项目编号：HYHA2026-2287 原公告的采购项目名称：山东大学齐鲁第二医院放射科云胶片服务项目 首次公告日期：2026年08月26日 二、更正信息 更正事项：采购文件 更正内容： 详见附件。 更正日期：2026年09月01日 三、其他补充事宜 无。 四、凡对本次公告内容提出询问，请按以下方式联系。 1.采购人信息 名 称：山东大学齐鲁第二医院 地址：济南市北园大街247号 联系方式：0531-85875076 2.采购代理机构信息 名 称：海逸恒安项目管理有限公司 地 址：山东省济南市历下区华润置地广场A5-6号楼27层 联系方式：王凤英、田飞飞、张洋洋、朱坤乐 0531-88763191 3.项目联系方式 项目联系人：王凤英、田飞飞、张洋洋、朱坤乐 电 话： 0531-88763191,医疗卫生,,中国政府采购网,,,default,,采购文件,,,,,,,,,
丽江消防救援机动支队古城大队临时营区修缮项目（二次）更正公告,变更公告,LJMCCS-2026-0805-01,2026年09月01日 18:03,古城区,丽江市森林消防支队,丽江市古城区文智路11号,唐绍明0888-3111222转2731,丽江洺辰项目管理有限公司,丽江市体育发展中心市体育场八区二楼,胡崇云 13368880931,胡崇云,13368880931,"丽江消防救援机动支队古城大队临时营区修缮项目（二次）更正公告.pdf,2026-9-1（工程量清单）古城大队临时营地修缮项目(最终)(1).PDF","[{""attach_name"": ""丽江消防救援机动支队古城大队临时营区修缮项目（二次）更正公告.pdf"", ""attach_url"": ""https://download.ccgp.gov.cn/oss/download?uuid=67F046CF4983AD20C2525A19F31649""}, {""attach_name"": ""2026-9-1（工程量清单）古城大队临时营地修缮项目(最终)(1).PDF"", ""attach_url"": ""https://download.ccgp.gov.cn/oss/download?uuid=1BE1E845281B2B5F48B91F0745A69F""}]",https://www.ccgp.gov.cn/cggg/zygg/gzgg/202609/t20260901_27246344.htm,2026-09-10 09:48:53,一、项目基本情况 原公告的采购项目编号：LJMCCS-2026-0805-01 原公告的采购项目名称：丽江消防救援机动支队古城大队临时营区修缮项目（二次）竞争性磋商公告 首次公告日期：2026年08月26日 二、更正信息 更正事项：采购文件 更正内容： 工程量清单有变更，各供应商按最新的工程量清单为准编制。其余事项不变。 更正日期：2026年09月01日 三、其他补充事宜 请各潜在供应商获取最新版工程量清单后，对应编制响应文件，以此带来的不便敬请谅解！ 四、凡对本次公告内容提出询问，请按以下方式联系。 1.采购人信息 名 称：丽江市森林消防支队 地址：丽江市古城区文智路11号 联系方式：唐绍明0888-3111222转2731 2.采购代理机构信息 名 称：丽江洺辰项目管理有限公司 地 址：丽江市体育发展中心市体育场八区二楼 联系方式：胡崇云 13368880931 3.项目联系方式 项目联系人：胡崇云 电 话： 13368880931,公共安全,,中国政府采购网,,,default,,采购文件,,,,,,,,,
中国科学院金属研究所NS3105合金锻件更正公告,变更公告,LNXY-JSYJS-2026-006,2026年09月01日 17:59,辽宁省,中国科学院金属研究所,辽宁省沈阳市沈河区文化路72号,佟老师024-23971066,辽宁轩宇工程管理有限公司,沈阳市皇姑区黄河南大街56号中建峰汇广场A座8楼,赵子淇、张冬妮、齐俭、石增良024-31918388-333,赵子淇、张冬妮、齐俭、石增良,024-31918388-333,,,https://www.ccgp.gov.cn/cggg/zygg/gzgg/202609/t20260901_27246275.htm,2026-09-10 09:48:54,一、项目基本情况 原公告的采购项目编号：LNXY-JSYJS-2026-006 原公告的采购项目名称：NS3105合金锻件 首次公告日期：2026年08月25日 二、更正信息 更正事项：采购公告 更正内容： 本项目获取招标文件时间延长至2026年9月8日16:00（北京时间）其他相关事宜不变。 更正日期：2026年09月01日 三、其他补充事宜 无 四、凡对本次公告内容提出询问，请按以下方式联系。 1.采购人信息 名 称：中国科学院金属研究所 地址：辽宁省沈阳市沈河区文化路72号 联系方式：佟老师024-23971066 2.采购代理机构信息 名 称：辽宁轩宇工程管理有限公司 地 址：沈阳市皇姑区黄河南大街56号中建峰汇广场A座8楼 联系方式：赵子淇、张冬妮、齐俭、石增良024-31918388-333 3.项目联系方式 项目联系人：赵子淇、张冬妮、齐俭、石增良 电 话： 024-31918388-333,教育培训,,中国政府采购网,,,default,,采购公告,,,,,,,,,
四川省成都市青白江区消防救援大队2026年度人身意外险采购项目更正公告,变更公告,SCSWZB-CD202610236,2026年09月01日 17:31,成都市,成都市青白江区消防救援大队,青白江区复兴大道766号消防救援大队,肖老师 028-83665081,四川顺为招标代理有限公司,成都市武侯区武科西一路3号2栋1单元5层,宋老师 19180456384,宋老师,19180456384,,,https://www.ccgp.gov.cn/cggg/zygg/gzgg/202609/t20260901_27245677.htm,2026-09-10 09:48:54,一、项目基本情况 原公告的采购项目编号：SCSWZB-CD202610236 原公告的采购项目名称：四川省成都市青白江区消防救援大队2026年度人身意外险采购项目竞争性磋商公告 首次公告日期：2026年08月21日 二、更正信息 更正事项：采购文件 更正内容： 1、成都市青白江区消防救援大队2026年度人身意外险采购项目（采购编号：SCSWZB-CD202610236）竞争性磋商文件第八章3.3.2综合评分明细表中第4项“偿付能力充足率”评分标准由“2023或2024年末综合偿付能力充足率100%-150%的，得5分；151%-200%的得8分；240%以上的得16分。”变更为：“2024或2025年末综合偿付能力充足率100%-150%的，得5分；151%-200%的得8分，201%-239%的得12分，240%以上的得16分。”2、本项目递交响应文件截止时间(参加磋商的时间)及响应文件开启时间由“2026年09月03日14:00（北京时间）”变更为：“2026年09月07日15:00（北京时间）”。其余内容不变。 更正日期：2026年09月01日 三、其他补充事宜 无 四、凡对本次公告内容提出询问，请按以下方式联系。 1.采购人信息 名 称：成都市青白江区消防救援大队 地址：青白江区复兴大道766号消防救援大队 联系方式：肖老师 028-83665081 2.采购代理机构信息 名 称：四川顺为招标代理有限公司 地 址：成都市武侯区武科西一路3号2栋1单元5层 联系方式：宋老师 19180456384 3.项目联系方式 项目联系人：宋老师 电 话： 19180456384,公共安全,,中国政府采购网,,,default,,采购文件,,,,,,,,,
天津训练总队第一、二教学楼升级改造项目1标段更正公告,变更公告,I12000054050002YH001,2026年09月01日 17:12,天津市,应急管理部消防救援局天津训练总队,天津市北辰区津榆公路224号,陈乐  022-26850309,天津市泛亚工程咨询有限公司,天津市河西区广顺道2号,石恩婧  18622239545,石恩婧,18622239545,,,https://www.ccgp.gov.cn/cggg/zygg/gzgg/202609/t20260901_27245234.htm,2026-09-10 09:48:55,一、项目基本情况 原公告的采购项目编号：I12000054050002YH001 原公告的采购项目名称：天津训练总队第一、二教学楼升级改造项目1标段施工招标公告 首次公告日期：2026年08月06日 二、更正信息 更正事项：采购文件 更正内容： 通过天津市公共资源交易-投标服务平台 https://ebid.tjggzy.cn:8052网址处获取电子补遗文件 更正日期：2026年09月01日 三、其他补充事宜 四、凡对本次公告内容提出询问，请按以下方式联系。 1.采购人信息 名 称：应急管理部消防救援局天津训练总队 地址：天津市北辰区津榆公路224号 联系方式：陈乐 022-26850309 2.采购代理机构信息 名 称：天津市泛亚工程咨询有限公司 地 址：天津市河西区广顺道2号 联系方式：石恩婧 18622239545 3.项目联系方式 项目联系人：石恩婧 电 话： 18622239545,教育培训,,中国政府采购网,,,default,,采购文件,,,,,,,,,
中国信息通信研究院通感智融合的无线通信网络测试计量平台-智能实体功率器件可靠性验证装置升级-气候模拟与加速老化装置更正公告,变更公告,BMCC-ZC26-1218,2026年09月01日 17:04,北京市,中国信息通信研究院,北京市海淀区花园北路52号,丁雪 010-62304366,北京明德致信咨询有限公司,北京市海淀区学院路30号科大天工大厦B座1709室,"刘亚运,孙恺宁,吕家乐 010－82370045、FC@zbbmcc.com（保证金、发票等咨询）",刘亚运,,更正公告-ZC26-1218通感智融合的无线通信网络测试计量平台-智能实体功率器件可靠性验证装置升级-气候模拟与加速老化装置.docx,"[{""attach_name"": ""更正公告-ZC26-1218通感智融合的无线通信网络测试计量平台-智能实体功率器件可靠性验证装置升级-气候模拟与加速老化装置.docx"", ""attach_url"": ""https://download.ccgp.gov.cn/oss/download?uuid=E9EE51089F375C1F3FB9679B6B105A""}]",https://www.ccgp.gov.cn/cggg/zygg/gzgg/202609/t20260901_27245008.htm,2026-09-10 09:48:56,"一、项目基本情况 原公告的采购项目编号：BMCC-ZC26-1218 原公告的采购项目名称：通感智融合的无线通信网络测试计量平台-智能实体功率器件可靠性验证装置升级-气候模拟与加速老化装置 首次公告日期：2026年08月20日 二、更正信息 更正事项：采购公告 更正内容： 获取采购文件时间，响应文件提交截至时间、地点，开启时间、地点1.获取采购文件时间延期至：2026年09月03日，下午17:00 (北京时间)。2.响应文件提交截止时间：2026年09月04日14点00分地点：北京市海淀区学院路30号科大天工大厦B座17层1706室第五会议室开启时间：2026年09月04日14点00分地点：北京市海淀区学院路30号科大天工大厦B座17层1706室第五会议室 更正日期：2026年09月01日 三、其他补充事宜 其他事宜不变。 四、凡对本次公告内容提出询问，请按以下方式联系。 1.采购人信息 名 称：中国信息通信研究院 地址：北京市海淀区花园北路52号 联系方式：丁雪 010-62304366 2.采购代理机构信息 名 称：北京明德致信咨询有限公司 地 址：北京市海淀区学院路30号科大天工大厦B座1709室 联系方式：刘亚运,孙恺宁,吕家乐 010－82370045、FC@zbbmcc.com（保证金、发票等咨询） 3.项目联系方式 项目联系人：刘亚运,孙恺宁,吕家乐 电 话： 010－61192267、lyy@zbbmcc.com（仅用于采购文件咨询）",科研检测,2026-09-04 14:00,中国政府采购网,,,default,,采购公告,,,,,,,,,
广西壮族自治区气象台面向东盟的气象监测预警中心配套基础设施建设项目基坑气膜租赁服务项目更正公告,变更公告,HG2026-FW340,2026年09月01日 16:53,南宁市,广西壮族自治区气象台,南宁市青秀区民族大道81号,肖志鹏0771-5601106,广西交投宏冠工程咨询有限公司,广西南宁市青秀区合作路6号五洲国际D栋临街商铺1楼D105室,谭珠0771-2115807,肖志鹏,0771-5601106,,,https://www.ccgp.gov.cn/cggg/zygg/gzgg/202609/t20260901_27244717.htm,2026-09-10 09:48:57,"一、项目基本情况 原公告的采购项目编号：HG2026-FW340 原公告的采购项目名称：面向东盟的气象监测预警中心配套基础设施建设项目基坑气膜租赁服务项目 首次公告日期：2026年08月26日 二、更正信息 更正事项：采购文件 更正内容： 各潜在投标人：现就本项目招标文件收到的潜在投标人疑问，统一答疑如下：1、招标文件第七章“技术标准和要求”中的1.2.3.2 送风、空调系统有明确本项目风机与空调的参数及规格，但清单中只有风机没有空调。鉴于本项目使用场景及特征，请招标方明确本项目1.2.3.2项是否仅需考虑送风系统？回复：本项目仅需对送风加压系统进行考虑。2、招标工程量清单中H 配电系统部分设备电缆和控制电缆均有提到“品牌参照桂林国际电缆或广西中为电缆”。请问招标方，投标人是否可以采用同等级或以上品牌响应此项？回复：将对工程量清单中该类表述进行修改，最终以更正后的工程量清单为准。3、请招标方提供本项目基本条件图纸以供投标人进行投标方案设计，包括但不限于：总图、基坑建筑、结构图等内容。回复：补充提供基坑平面布置图、基坑支护剖面图，请自行在广西交投宏冠电子招标投标交易平台系统下载。4、本项目为""气膜租赁服务""，属于服务类采购，并非建筑工程施工项目。招标文件工程量清单提供的格式为标准工程造价文件格式（含封面、扉页及一级注册造价工程师签章要求），该格式通常适用于施工类项目。请招标人明确投标报价是否只提供分部分项工程清单计价表即可？回复：本招标文件未对造价工程师、造价员岗位人员提出持证要求，投标人可结合自身实际情况，依据招标文件及招标工程量清单填报投标报价。 现已对工程量清单进行修正，修正后的工程已重新上传至广西交投宏冠电子招标投标交易平台系统，请各潜在投标人自行下载。本答疑澄清及更正公告为招标文件的组成部分，对所有投标人均具有约束力。如本公告内容与原招标文件不一致的，以本公告为准。特此公告。招标人：广西壮族自治区气象台招标代理机构：广西交投宏冠工程咨询有限公司 2026年9月1日 更正日期：2026年09月01日 三、其他补充事宜 无 四、凡对本次公告内容提出询问，请按以下方式联系。 1.采购人信息 名 称：广西壮族自治区气象台 地址：南宁市青秀区民族大道81号 联系方式：肖志鹏0771-5601106 2.采购代理机构信息 名 称：广西交投宏冠工程咨询有限公司 地 址：广西南宁市青秀区合作路6号五洲国际D栋临街商铺1楼D105室 联系方式：谭珠0771-2115807 3.项目联系方式 项目联系人：肖志鹏 电 话： 0771-5601106",服务外包,,中国政府采购网,,,default,,采购文件,,,,,,,,,
清华大学高性能服务器及相关配件采购项目更正公告,变更公告,,2026年09月01日 16:48,北京市,清华大学,北京市海淀区清华园,傅老师fuyifeng@tsinghua.edu.cn,北京中教仪国际招标代理有限公司,北京市海淀区文慧园北路10号，中教仪总公司,谢杰、刘欣、蒋旭、王磊、陆炜、陈杏媛、丁玲、卢琛曦010-59893122、010-59893114、010-59893131,谢杰、刘欣、蒋旭、王磊、陆炜,010-59893122、010-59893114、010-59893131,,,https://www.ccgp.gov.cn/cggg/zygg/gzgg/202609/t20260901_27244613.htm,2026-09-10 09:48:57,一、项目基本情况 原公告的采购项目编号：清采招第20260387号（0873-2026HW3L0340） 原公告的采购项目名称：清华大学高性能服务器及相关配件采购项目 首次公告日期：2026年08月28日 二、更正信息 更正事项：采购文件 更正内容： 1.第二章投标人须知资料表“2.4核心产品”-更正为“本项目1包为非单一产品采购项目，核心产品为：高性能计算服务器。”2.第四章采购需求-“3.1 配置要求”-“3、GPU卡”更正为“1张”3.第四章采购需求-“3.2 技术参数指标要求”-2.2更正为“内存： 支持 24 个 DDR5 6400 MT/s DIMM，实配不少于4条64GB DDR5 6400MHz（2Rx4）RDIMM”；2.3更正为“GPU： 支持最多8卡 GPU，单颗 GPU 最高 600W，实配不低于1块GPU，单GPU参数： 24064CUDA，96G GDDR7，1597GB/S带宽，FP32单精度最大120 TFLOPS，TF32 算力234 TFLOPS，最大功耗600W”；3更正为“显卡（1张）”。 更正日期：2026年09月01日 三、其他补充事宜 本项目其他内容不变。 四、凡对本次公告内容提出询问，请按以下方式联系。 1.采购人信息 名 称：清华大学 地址：北京市海淀区清华园 联系方式：傅老师fuyifeng@tsinghua.edu.cn 2.采购代理机构信息 名 称：北京中教仪国际招标代理有限公司 地 址：北京市海淀区文慧园北路10号，中教仪总公司 联系方式：谢杰、刘欣、蒋旭、王磊、陆炜、陈杏媛、丁玲、卢琛曦010-59893122、010-59893114、010-59893131 3.项目联系方式 项目联系人：谢杰、刘欣、蒋旭、王磊、陆炜、陈杏媛、丁玲、卢琛曦 电 话： 010-59893122、010-59893114、010-59893131,教育培训,,中国政府采购网,,,default,,采购文件,,,,,,,,,
中国政法大学综合演播室建设采购项目（三次）更正公告,变更公告,BMCC-ZC26-0607,2026年09月01日 16:33,北京市,中国政法大学,北京市昌平区府学路27号,仰老师，010-58909967,北京明德致信咨询有限公司,北京市海淀区学院路30号科大天工大厦B座1709室,刘佳、李东阳、孙恺宁、王蕾蕾  010-82370045,刘佳、李东阳、孙恺宁、王蕾蕾,010-61192219,0607-2更正公告.docx,"[{""attach_name"": ""0607-2更正公告.docx"", ""attach_url"": ""https://download.ccgp.gov.cn/oss/download?uuid=B8D5FEB0D50AE15A8EA49675A57602""}]",https://www.ccgp.gov.cn/cggg/zygg/gzgg/202609/t20260901_27244205.htm,2026-09-10 09:48:58,一、项目基本情况 原公告的采购项目编号：BMCC-ZC26-0607 原公告的采购项目名称：中国政法大学综合演播室建设采购项目（三次） 首次公告日期：2026年08月26日 二、更正信息 更正事项：采购文件 更正内容： 1、对招标文件第四章评标标准与第五章采购需求进行了更正，具体详见更正后的招标文件，请投标人自行前往中国政法大学采购与招标管理系统（http://cgw.cupl.edu.cn/）下载。 更正日期：2026年09月01日 三、其他补充事宜 1、除上述更正信息外，其余事项不做变更。详见附件下载 四、凡对本次公告内容提出询问，请按以下方式联系。 1.采购人信息 名 称：中国政法大学 地址：北京市昌平区府学路27号 联系方式：仰老师，010-58909967 2.采购代理机构信息 名 称：北京明德致信咨询有限公司 地 址：北京市海淀区学院路30号科大天工大厦B座1709室 联系方式：刘佳、李东阳、孙恺宁、王蕾蕾 010-82370045 3.项目联系方式 项目联系人：刘佳、李东阳、孙恺宁、王蕾蕾 电 话： 010-61192219 lj@zbbmcc.com,教育培训,,中国政府采购网,,,default,,采购文件,,,,,,,,,
国家深海基地管理中心科考船保税油采购项目更正公告,变更公告,ZYZB2026-01-114,2026年09月01日 16:26,青岛市,国家深海基地管理中心,青岛市即墨区鳌山卫街道问海东路69号,曹老师0532-67722082,青岛中盈招标咨询有限公司,青岛市市北区敦化路381号中铁青岛广场C座623,李工、杨工0532-80977978、0532-55725015,李工、杨工,0532-80977978、0532-55725015,,,https://www.ccgp.gov.cn/cggg/zygg/gzgg/202609/t20260901_27244060.htm,2026-09-10 09:48:58,一、项目基本情况 原公告的采购项目编号：ZYZB2026-01-114 原公告的采购项目名称：国家深海基地管理中心科考船保税油采购项目招标公告 首次公告日期：2026年08月25日 二、更正信息 更正事项：采购公告 更正内容： 1、本项目获取招标文件时间变更为2026年8月 26日至2026年 9月4日，每天上午09:00至11:30，下午13：30至16:30（北京时间，法定节假日除外）2、提交投标文件截止时间变更为2026年 9月 18日09点00分至09点30分止（北京时间）3、开标时间变更为2026年 9月 18日09点30分（北京时间）其他内容不变本公告作为招标文件的组成部分之一，对各相关投标单位均具有同等约束力，与招标文件或招标公告不一致的部分以本公告为准。 更正日期：2026年09月01日 三、其他补充事宜 四、凡对本次公告内容提出询问，请按以下方式联系。 1.采购人信息 名 称：国家深海基地管理中心 地址：青岛市即墨区鳌山卫街道问海东路69号 联系方式：曹老师0532-67722082 2.采购代理机构信息 名 称：青岛中盈招标咨询有限公司 地 址：青岛市市北区敦化路381号中铁青岛广场C座623 联系方式：李工、杨工0532-80977978、0532-55725015 3.项目联系方式 项目联系人：李工、杨工 电 话： 0532-80977978、0532-55725015,服务外包,,中国政府采购网,,,default,,采购公告,,,,,,,,,
徐州市消防救援支队指挥中心升级改造及战勤保障站会议室建设采购项目更正公告,变更公告,GC-HGX260820,2026年09月01日 16:15,徐州市,徐州市消防救援支队,江苏省徐州市云龙区维维大道延长段119号,0516-83069299,中央国家机关政府采购中心,西章胡同9号院,010-83083702,,0516-83069299,徐州市消防救援支队指挥中心升级改造及战勤保障站会议室建设采购项目变更文件.pdf,"[{""attach_name"": ""徐州市消防救援支队指挥中心升级改造及战勤保障站会议室建设采购项目变更文件.pdf"", ""attach_url"": ""https://download.ccgp.gov.cn/oss/download?uuid=edab6402-a2eb-4a63-bc73-505a02""}]",https://www.ccgp.gov.cn/cggg/zygg/gzgg/202609/t20260901_27243854.htm,2026-09-10 09:48:59,徐州市消防救援支队指挥中心升级改造及战勤保障站会议室建设采购项目更正公告 一、项目基本情况 1．项目编号：GC-HGX260820 2．项目名称：徐州市消防救援支队指挥中心升级改造及战勤保障站会议室建设采购项目 3．首次公告日期：2026年8月14日 二、更正信息 1. 更正事项： 采购公告 2. 更正内容： 1、分布式中控主机（指挥中心*1）节能环保指标项删除加盖厂商鲜章要求。 2、其它内容不变。 3. 更正日期： 2026年9月1日 三、获取变更文件 1．时间：5个工作日 2．地点：中央政府采购网（http://www.zycg.gov.cn） 3．方式：在线下载 4．售价：免费 四、公告期限 自本公告发布之日起5个工作日，公告期限届满后获取变更文件的，获取时间以公告期限届满之日为准。 五、凡对本次公告内容提出询问，请按以下方式联系 1．采购人信息 名 称：徐州市消防救援支队 地 址：江苏省徐州市云龙区江苏省徐州市云龙区维维大道延长段119号 联系方式：0516-83069299 2．采购执行机构信息 名 称：中央国家机关政府采购中心 地 址：北京市西城区西直门内大街西章胡同9号院 邮政编码：100035 联系方式：详见http://www.zycg.gov.cn/home/contactus 3．项目联系方式 文件联系人及电话： 张雷 010-83084967 刘士伟 010-55602803 六、附件 1.徐州市消防救援支队指挥中心升级改造及战勤保障站会议室建设采购项目变更文件 中央国家机关政府采购中心 2026年9月1日,公共安全,,中国政府采购网,,,default,,,,,,,,,,,
贵州税务2026年安全运维服务（A包二次）更正公告,变更公告,GZWH-2026-15110-1,2026年09月01日 16:09,贵州省,国家税务总局贵州省税务局,贵州省贵阳市观山湖区通宝路2号,欧老师（0851-86906093）,贵州卫虹招标有限公司,贵州省贵阳市云岩区大十字时代名仕楼18楼,许明霞、赵军、邹燕（0851-85801822）,许明霞、赵军、邹燕,0851-85801822,,,https://www.ccgp.gov.cn/cggg/zygg/gzgg/202609/t20260901_27243629.htm,2026-09-10 09:49:00,一、项目基本情况 原公告的采购项目编号：GZWH-2026-15110-1 原公告的采购项目名称：贵州税务2026年安全运维服务（A包二次） 首次公告日期：2026年08月13日 二、更正信息 更正事项：采购文件 更正内容： （1）现对本项目采购文件的评审因素“项目实施团队能力”中的“现场安全运维服务人员和现场网络运维服务人员之间证书不可复用，且须提供以上所有人员资质证书复印件及由投标人为该人员缴纳的投标截止日前6个月内任意1个月的个人社保证明及劳动合同复印件，并加盖投标人公章”修改为：“现场安全运维服务人员和现场网络运维服务人员之间证书不可复用，供应商须提供项目人员对应的资质证书复印件，并提供投标截止时间前6个月内任意1个月由投标人为项目人员缴纳的社会保险缴纳证明，或该人员与投标人签订的有效劳动合同复印件，以上材料均须加盖投标人公章。未按上述要求提供对应资料的，本项不得分”。（2）将提交投标文件截止时间“2026年09月03日 09点30分（北京时间）”调整为“2026年09月17日 09点30分（北京时间）”（3）将开标时间“2026年09月03日 09点30分（北京时间）”调整为“2026年09月17日 09点30分（北京时间）” 更正日期：2026年09月01日 三、其他补充事宜 请各潜在供应商自行到贵州省公共资源交易中心交易系统内查看并下载更正后的采购文件，按更正后的采购文件编制投标文件。 四、凡对本次公告内容提出询问，请按以下方式联系。 1.采购人信息 名 称：国家税务总局贵州省税务局 地址：贵州省贵阳市观山湖区通宝路2号 联系方式：欧老师（0851-86906093） 2.采购代理机构信息 名 称：贵州卫虹招标有限公司 地 址：贵州省贵阳市云岩区大十字时代名仕楼18楼 联系方式：许明霞、赵军、邹燕（0851-85801822） 3.项目联系方式 项目联系人：许明霞、赵军、邹燕 电 话： 0851-85801822,信息技术,,中国政府采购网,,,default,,采购文件,,,,,,,,,
中华人民共和国皇岗出入境边防检查站智能验讫章柜采购项目成交结果更正公告,变更公告,LD2026GP-BJA004,2026年09月01日 15:54,深圳市,中华人民共和国皇岗出入境边防检查站,深圳市罗湖区人民南路1006号,苏警官0755-84498653,深圳龙达招标有限公司,深圳市福田区沙头街道新华社区新洲十一街139号中央西谷大厦1806,张志辉0755-83864290-820,苏警官,,,,https://www.ccgp.gov.cn/cggg/zygg/gzgg/202609/t20260901_27243374.htm,2026-09-10 09:49:00,一、项目基本情况 原公告的采购项目编号：LD2026GP-BJA004 原公告的采购项目名称：中华人民共和国皇岗出入境边防检查站智能验讫章柜采购项目 首次公告日期：2026年05月13日 二、更正信息 更正事项：采购结果 更正内容： 本项目由于原成交供应商放弃成交资格，根据《中华人民共和国政府采购法实施条例》第四十九条规定：“中标或者成交供应商拒绝与采购人签订合同的，采购人可以按照评审报告推荐的中标或者成交候选人名单排序，确定下一候选人为中标或者成交供应商，也可以重新开展政府采购活动。”经采购人研究决定，本项目重新开展政府采购活动。 更正日期：2026年09月01日 三、其他补充事宜 本项目后续事宜，敬请各供应商留意网站公告。 四、凡对本次公告内容提出询问，请按以下方式联系。 1.采购人信息 名 称：中华人民共和国皇岗出入境边防检查站 地址：深圳市罗湖区人民南路1006号 联系方式：苏警官0755-84498653 2.采购代理机构信息 名 称：深圳龙达招标有限公司 地 址：深圳市福田区沙头街道新华社区新洲十一街139号中央西谷大厦1806 联系方式：张志辉0755-83864290-820 3.项目联系方式 项目联系人：苏警官 电 话： 苏警官,其他,,中国政府采购网,,,default,,采购结果,,,,,,,,,
暨南大学实验动物管理中心饲料采购项目更正公告（第二次）,变更公告,GZZJ-ZFG-2026450,2026年09月01日 15:53,广东省,暨南大学,广州市黄埔大道西601号,顾老师020-85220458,广州中经招标有限公司,广州市越秀区寺右一马路18号泰恒大厦14楼1409室,侯先生020-87385151、020-37639369、020-87371812、020-87372296,侯先生,020-87385151,2-2026450暨南大学实验动物管理中心饲料采购项目（定稿0819)第二次更正.pdf,"[{""attach_name"": ""2-2026450暨南大学实验动物管理中心饲料采购项目（定稿0819)第二次更正.pdf"", ""attach_url"": ""https://download.ccgp.gov.cn/oss/download?uuid=C63510FD5D900C716EBC4497DBE274""}]",https://www.ccgp.gov.cn/cggg/zygg/gzgg/202609/t20260901_27243340.htm,2026-09-10 09:49:01,一、项目基本情况 原公告的采购项目编号：GZZJ-ZFG-2026450 原公告的采购项目名称：暨南大学实验动物管理中心饲料采购项目 首次公告日期：2026年08月19日 二、更正信息 更正事项：采购文件 更正内容： （一）公开招标文件第19页 “★7、付款方式”：原：1）付款条件：无论采购数量多少，均采用“先送货，后结算”的方式，由中标人将货物送达采购人指定地点（采购人不再额外支付费用），并随货提供标准格式的货物清单（同时将货物清单的电子文档发送给采购人），货物经采购人验收合格并签署采购人版本的验收报告后付款。按采购人要求分批送货，分批验收，中标人按国家有关财税规定向采购人开具全额完税销售发票（增值税专用发票），按季度结算。2）结算方式：①货物经采购人验收合格后，采购人根据提交的采购订单及实际交货数量按中标单价结算。②中标人按实际交货数量、中标单价和结算总价开具正式完税发票（增值税专用发票），且收款方、出具发票方名称信息均必须与中标人名称一致，采购人在收到发票和相应的单证资料后的十五个工作日内一次性付款给中标人。3）若属国库支付项目的，其支付时间按财政部相关规定执行。 更正为：1）付款条件：无论采购数量多少，均采用“先送货，后结算”的方式，由中标人将货物送达采购人指定地点（采购人不再额外支付费用），并随货提供标准格式的货物清单（同时将货物清单的电子文档发送给采购人），货物经采购人验收合格并签署采购人版本的验收报告后付款。按采购人要求分批送货，分批验收，中标人按国家有关财税规定向采购人开具全额完税销售发票，按季度结算。2）结算方式：①货物经采购人验收合格后，采购人根据提交的采购订单及实际交货数量按中标单价结算。②中标人按实际交货数量、中标单价和结算总价开具正式完税发票，且收款方、出具发票方名称信息均必须与中标人名称一致，采购人在收到发票和相应的单证资料后的十五个工作日内一次性付款给中标人。3）若属国库支付项目的，其支付时间按财政部相关规定执行。  （二）公开招标文件第64页 “九、付款”：原：1.付款条件：无论采购数量多少，均采用“先送货，后结算”的方式，由乙方将货物送达甲方指定地点（甲方不再额外支付费用），并随货提供标准格式的货物清单（同时将货物清单的电子文档发送给甲方），货物经甲方验收合格并签署甲方版本的验收报告后付款。按甲方要求分批送货，分批验收，乙方按国家有关财税规定向甲方开具全额完税销售发票（增值税专用发票），按季度结算。2.结算方式：①货物经甲方验收合格后，甲方根据提交的采购订单及实际交货数量按中标单价结算。②乙方按实际交货数量、中标单价和结算总价开具正式完税发票（增值税专用发票），且收款方、出具发票方名称信息均必须与乙方名称一致，甲方在收到发票和相应的单证资料后的十五个工作日内一次性付款给乙方。更正为：1.付款条件：无论采购数量多少，均采用“先送货，后结算”的方式，由乙方将货物送达甲方指定地点（甲方不再额外支付费用），并随货提供标准格式的货物清单（同时将货物清单的电子文档发送给甲方），货物经甲方验收合格并签署甲方版本的验收报告后付款。按甲方要求分批送货，分批验收，乙方按国家有关财税规定向甲方开具全额完税销售发票，按季度结算。2.结算方式：①货物经甲方验收合格后，甲方根据提交的采购订单及实际交货数量按中标单价结算。②乙方按实际交货数量、中标单价和结算总价开具正式完税发票，且收款方、出具发票方名称信息均必须与乙方名称一致，甲方在收到发票和相应的单证资料后的十五个工作日内一次性付款给乙方。（三）投标截止时间及开标时间：原：投标截止时间2026年9月9日9时30分(建议投标人9时00分至9时30分递交投标文件)开标评标时间：2026年9月9日9时30分更正为：投标截止时间2026年9月17日9时15分(建议投标人8时45分至9时15分递交投标文件)开标评标时间：2026年9月17日9时15分 招标文件中与此有矛盾的地方，以此更正为准。其它内容不变。 更正日期：2026年09月01日 三、其他补充事宜 / 四、凡对本次公告内容提出询问，请按以下方式联系。 1.采购人信息 名 称：暨南大学 地址：广州市黄埔大道西601号 联系方式：顾老师020-85220458 2.采购代理机构信息 名 称：广州中经招标有限公司 地 址：广州市越秀区寺右一马路18号泰恒大厦14楼1409室 联系方式：侯先生020-87385151、020-37639369、020-87371812、020-87372296 3.项目联系方式 项目联系人：侯先生 电 话： 020-87385151,教育培训,,中国政府采购网,,,default,,采购文件,,,,,,,,,
双球差校正电镜和透射电子显微镜和冷冻聚焦离子束切割-扫描电镜系统采购项目更正公告,变更公告,HR-LZ2026080,2026年09月01日 15:42,北京市,zycgr22011902,/,李老师 010-50918221,天恒招标有限公司,北京市东城区东四十条甲22号南新仓商务大厦B座922,刘海桐、李亚娜、陈洁、徐梓瑶、刘戈010-53350061、17710393237,刘海桐、李亚娜、陈洁、徐梓瑶,010-53350061、17710393237,副本冷冻聚焦离子束切割-更正公告9.1.docx,"[{""attach_name"": ""副本冷冻聚焦离子束切割-更正公告9.1.docx"", ""attach_url"": ""https://download.ccgp.gov.cn/oss/download?uuid=6C82E2469A2BC1F3A831E629DCAB28""}]",https://www.ccgp.gov.cn/cggg/zygg/gzgg/202609/t20260901_27243130.htm,2026-09-10 09:49:02,"一、项目基本情况 原公告的采购项目编号：HR-LZ2026080 原公告的采购项目名称：双球差校正电镜和透射电子显微镜和冷冻聚焦离子束切割-扫描电镜系统采购项目 首次公告日期：2026年08月18日 二、更正信息 更正事项：采购文件 更正内容： 1）第一章   《投标邀请》四、提交投标文件截止时间、开标时间和地点投标截止时间、开标时间：2026年9月10日9时30分（北京时间）。地点：天恒招标有限公司会议室（北京市东城区东四十条甲22号南新仓商务大厦B座922）。 2）第四章《评标程序、评标方法和评标标准》二、评标标准 技术部分 （63分 技术指标响应 （45分） 投标人需对第五章采购需求中“5技术要求”逐条进行应答，根据各投标人响应情况进行评分。 未标注“*”的一般性条款（共114项），每有一项负偏离扣0.4分，本项最低得0分。。 正偏离不加分，全部满足招标文件要求的得45分， 注：标注*的为实质性响应指标，每有一项实质性响应指标不满足，其投标无效。 供货及安 装调试方案 （8分） 根据投标人提供的供货及安装调试方案进行评价： 供货及安装调试方案内容完整全面、合理细致，符合采购需求中的要求，可行性高，针对性强，得8分； 供货及安装调试方案内容较完整全面，比较符合采购需求中的要求，可行性较高，针对性较强，存在轻微缺项、漏项，得6分； 供货及安装调试方案内容一般、可行性和针对性一般，存在一定的缺项、漏项，得4分； 供货及安装调试方案内容简单，可行性和针对性不强，存在明显缺项、漏项，得2分； 未提供项目供货及安装调试方案，得0分。   3）第五章《采购需求》3.供货范围3.1.3冷冻聚焦离子束切割-扫描电镜系统 序号 货物名称 数量 单位 备注 1 冷冻聚焦离子束切割-扫描电镜 1 套   1.1 冷冻聚焦离子束切割-扫描电镜主机 1 套   1.2 全自动纳米机械手 1 套   1.3 制样模块：铂、碳沉积源 2 套 各一套 2 EBSD采集模块 1 套   2.1 EDS能谱采集模块 1 套   2.2 TOF-SIMS模块 1 套   2.3 三维重构数据采集、分析软件 2 套   2.4 自动化样品制备软件 1 套   2.5 图像拼接软件 1 套   2.6 操作桌台 1 套   2.7 空压模块 1 台   2.8 冷却循环水模块 1 台   3 冷冻传输模块 1 套      技术要求5.1双球差校正电镜要求双球差校正电镜 序号 项目 采购方要求值 应答方保证值   电子枪类型 高亮高相干性电子枪，束流、信号、长期稳定性不低于冷场发射电子枪     *电子枪亮度 ≥3.3*107 A/m2/sr/V     TEM 线分辨率 ≤50 pm@300kV     *STEM分辨率 ≤53 pm@300kV     *能量分辨率 ≤0.35 eV     加速电压 40-300 kV     加速电压切换稳定时间 ≤15 min     高压合轴 60/80、200、300 kV     束斑漂移 ≤0.5 nm/min     *聚光镜像差校正器 校正至A5阶 用于提高HR-STEM分辨率   *物镜像差校正器 校正至A5阶 用于提高HR-STEM分辨率   STEM高分辨自动优化软件 自动修正残余像差     物镜 采用恒功率透镜设计或Enoaqua循环水方式，实现透镜控温精度、有效束流。     光阑系统 物镜光阑孔数目 ≥8个     选区光阑孔数目 ≥4个     挡针 配备全自动挡针     洛伦兹模式 TEM/STEM两个模式     物镜极靴间距 适配于目前商用电镜样品杆     STEM探测器附加探头功能 ≥16分割（不低于SAAF探头）     *STEM探测器成像模式 HAADF、BF、ABF、DF、ADF     STEM模式图像像素 最大图像分辨率≥4096×4096 像素（1600 万像素），支持 2048×2048、1024×1024 等多档像素可选     双倾样品杆倾转角度 ≥± 30°(a) / ± 29° (b)     三维重构样品杆最大倾转角度 ≥±70°     样品移动范围 ≥X/Y：±1; Z: ±0.200 mm     样品漂移速率 ≤0.5 nm/min     一体化快速 CMOS相机 性能不低于Gatan oneview。     相机读取模式 具备原位模式     原位实验记录 支持20s缓存记忆功能     能谱分析模块 能谱仪探测器数量 ≥2个     能谱仪探测器晶体面积 ≥600 mm2（不低于JED-2300T  158mm2双探头））     能谱图像分辨率 4k x 4k     *能谱仪探测器能量分辨率 ≤136 eV (Mn-Kα)     能谱仪探测器最大输出计数率 ≥ 600 kcps     能量损失谱模块 *能量过滤器电子能量损失谱 功能包括能量过滤透射电镜成像（Energy Filtered TEM, EFTEM）和电子能量损失谱（EELS）分析。通过能量过滤，提高成像质量，尤其厚试样和断层成像（Tomography）的图像质量，分析材料的化学价态、电子结构、元素组成及其面分布等。     能量过滤器电子能量损失谱型号 分辨率优于0.025 eV（性能不低于Gantan 1069 K3）；     能量过滤器电子能量损失谱采谱速度 8000 谱/秒     *超快直接电子探测相机 包含1套     4D-STEM成像系统 Arina 等相机系统     Free Lens Control功能 样品任意高度下用户可以自由控制各级聚光镜电流，实现目标会聚角主动调节     图像采集模块 连续自动化连续欠焦，欠焦变化时间≤0.1s     电镜样品杆 单、双倾样品杆（各1支）     电子束超快定量控制系统 对STEM及TEM模式进行自动化电子束脉冲控制、定量调节、超快电子束闸时间分辨率≤10 ns（不低于IDES）     原位实验保护镜筒污染 具有镜筒内置自动烘烤功能，可全范围去除镜筒污染 具有冷井烘烤(ACD/CryoCircle)功能 具有编程设置Beam Shower清洗功能     STEM事件驱动模组 支持     自动带轴倾转软件 支持     Autoscript数据采集和分析模块 可以通过Python语言编程实现透射自动功能:如电子束开关、探测器进出、自动聚焦/明暗对比度、放大倍率改变、样品移动以及自动TEM/STEM图像获取、存储等等。     最新一代电镜软件及硬件控制系统；（velox及同等以上）可实现快速操作，包括光学模式设置、探测器选择以及数据采集和分析等等，可以同时快速获取多达 4 个 STEM 信号       2套图像显示终端，能流畅地实现常用功能, 包括样品移动、光束移动、放大倍数、模式切换、聚焦、合轴操作等。能非常便捷的将数据、软件各模块在两台液晶显示器之间显示     提供TEM和STEM三维重构全套相关软件及离线数据处理软件     提供EDS采集、分析相关软件及离线数据处理软件     *杆泵 干泵最大抽速3 m3/h，极限真空度0.1 mbar     离子清洗模块 等离子清洗仪，功率 0-150 W 连续可调     空压模块 配有压力计、控制阀、压力开关、进气阀和安全阀。 功耗≤0.34 kW      数据储存工作站  机柜：[2盘位1个，铁威马、威联通、华硕或同等优质品牌] 硬盘≥20T*12        冷却循环水模块 空气增强型冷却器     5.2透射电子显微镜要求 序号 项目 采购方要求值 应答方保证值   *电子枪类型 场发射电子枪     *电子枪亮度 ≥4.0×108 A/cm2/sr @ 200 kV     束斑漂移 ≤1 nm/min     *加速电压 20-200 kV     *高压合轴 80、200 kV     加速电压稳定度 1.0 ppm/10 min     *TEM信息分辨率 ≤0.12 nm     最大衍射角 ≥±12 °     会聚束电子衍射（CBED）最大会聚角 ≥100 mrad     衍射模式相机长度范围 14-5700 mm     物镜极靴间距 极靴间距≥5.4 mm，充分支持三维重构及原位动态分析     STEM分辨率 ≤0.14 mm     STEM探测器数量 ≥3个     特定功能探测器 STEM分割探测器或SEI 二次电子探测器     *STEM探测器成像模式 HAADF、BF、ADF、ABF     STEM探测器附加探头功能 ≥16分割（不低于DPC/SAAF探头）     STEM模式图像像素 最大图像分辨率≥4096×4096 像素（1600 万像素），支持 2048×2048、1024×1024 等多档像素可选     双倾样品杆最大样品倾斜角度 X 向 /α 侧倾≥±30°，Y 向 /β 倾转≥±29°。     *样品移动范围 X,Y≥2mm；Z≥0.75 mm     样品台最小移动步长 ≤36 nm     样品漂移（使用标准样品杆） ≤1.0 nm/min     高分辨CMOS相机像素 有效像素≥4096×4096（1600 万像素），像素尺寸 12-14 μm；支持 4096×4096、2048×2048、1024×1024 、512×512多档像素可选     相机动态范围 ≥16 Bit     相机读取模式 采集速度40 fps @4k x 4k     真空系统 采用完全无油的机械泵、涡轮分子泵与离子泵构成的真空系统，以防止真空系统造成的样品污染。     电镜操作和控制 配备全自动合轴模块，可用于日常合轴与维护性系统合轴的全自动优化，以保证电子光学系统维持良好的状态，从而稳定获取高质量数据     自动带轴倾转软件 1套       能谱分析模块       能谱仪探测器数量 ≥4个     能谱探测 元素分析范围B-U，能量分辨率≤136 eV     *能谱仪探测器晶体面积 ≥100 mm2     能谱仪峰背比 ≥4000     最大输出计数率 ≥600 Kcps     图像采集模块 可进行图像定量的三维重构软件     通讯接口 GPIB通信接口，支持以太网（TCP/IP）、OPC UA或REST API等现代通信协议，便于接入实验室信息管理系统     空压模块 配有压力计、控制阀、压力开关、进气阀和安全阀。 功耗≤0.34 kW     冷却循环水模块 冷却能力：在20°C的环境空气温度下为3.3 kW 温度稳定性：±0.05°C 水泵容量：13.6 l/min @4 bar     5.3冷冻聚焦离子束切割-扫描电镜系统要求 冷冻聚焦离子束切割-扫描电镜系统 序号   项目 采购方要求值 应答人 保证值   离子束及辅助气体注入系统 离子源种类 液态Ga离子源或Xe离子源     离子源寿命 ≥1000小时     分辨率 2.5nm @ 30 kV (采用选边法测量)     离子束加速电压 0.5 kV-30 kV     离子束流强度 1.0 pA-100 nA     电子束系统 *电子枪类型 高稳定性肖特基（ZrO/W）场发射灯丝/超高分辨浸没式复合电子枪     分辨率 0.6 nm@15 kV;1.0 nm@ 1kV:0.9 nm@1kV (电子束减速模式)     *电子束加速电压 0.35 kV-30 kV（连续可调）     电子束流强度 0.9 pA-170 nA     离子束电子束交叉点工作距 离 距离极靴 4 mm     光阑系统 全自动光阑系统，可加热自清洁     样品室 *样品室尺寸 样品室有效内径≥320 mm（扣除接口占用后）     样品台 五轴马达驱动样品台； X、Y 方向移动范围≥110mm；Z方向移动范围65 mm；倾转范围-15°至+90°；旋转：360°     最大样品高度 样品台到束交叉点85 mm     *附件/探测器接口 ≥18个     真空系统 完全无油真空系统 机械干泵、磁悬浮涡轮分子泵和离子泵等构成     抽气时间 ＜5分钟     气体注入系统 *2支及以上气体注入系统 Pt，C，W     沉积模块 *2种以上 Pt，C，W     探测器 *透镜内探测器 具有SE/BSE模式     *样品室红外 CCD 相机 具备样品室红外CCD相机     *集成式等离子清洗仪 具备等离子清洗仪，软件全自动控制     冷却水系统 冷却水系统 具备空压机和冷却循环水系统     自动化加工功能 纳米机械手 配有一体化的纳米机械手，电镜操作与纳米机械手协同操作，漂移精度≤100 nm/min；      纳米机械手马达驱动 马达驱动360度无限制旋转机械手，可通过冷台系统实现低温提取样品     自动化样品制备软件 可实现自动粗切、自动最终减薄和抛光、引导式样品提取与转移     软件 专业三维重构软件 可实现对切片图像的自动对中，支持统计与分析，支持多模态数据，可融合来自不同探测器的图像数据     冷冻系统 冷冻样品台旋转 可以360°旋转     冷冻样品台最低温度 ≤-170℃     冷冻样品台冷却时间 从常温至工作温度的冷却时间≤20分钟     能谱EDS *晶体面积 ≥60 mm2     元素测试范围 B5～Cf 98     能量分辨率 在100,000CPS条件下Mn-Ka保证优于129eV，轻元素分辨率C-K/57eV, F-K/67eV     最大输出计数率 ≥1,500,000cps     EBSD 芯片/探测技术 直接电子探测     离线条带标定和解析速度 最高20,000点每秒     离线再分析速度 ≥60,000点每秒     TOF-SIMS 质谱分辨率 质谱分辨率≥800（m/z=29）     质量数范围 质量数范围1-2500     *FIB-TOF-SIMS联用 空间分辨率≤50nm；纵向图像分辨率优于20nm，同时能对H开始的轻元素进行检出分析     冷冻传输系统 样品台 360°度旋转的冷冻样品台： 可实现360°连续旋转，-4—70°倾转；保证开展复杂应用或面对复杂样品的适用性；     温度 工作温度室温至-170°C范围内任意可调可控，实际温度误差可稳定控制在1°C以内。     抽气系统 涡轮分子泵抽气系统     接口 通讯接口 GPIB通信接口，支持以太网（TCP/IP）、OPC UA或REST API等现代通信协议，便于接入实验室信息管理系统     附件/探测器接口 附件/探测器接口≥20个（含预留接口）     数据处理系统 控制终端 可实现 4K 图像滤波处理 3.5-6 秒每帧、晶粒特征识别 7-12 秒每帧，EELS 谱成像处理 2.5-4 分钟每组，EDS 元素 Mapping 生成 5-9 分钟每张，60 张 4K 切片三维重构耗时 2-3.5 小时，高效完成冷冻 FIB-SEM 各类图像解析、成分分析与三维重构工作。     显示终端 配备双屏显示器，单屏尺寸≥24英寸，分辨率≥3840×2160     稳定系统 减震 集成式主动减震     Ups电源 配备≥6 kVA不间断电源UPS一台     冷却循环模块 循环冷水机 循环式冷水机可提供5至40°C之间的恒定连续冷却，温度稳定性高达0.1°C，采用风冷方式。 制冷能力：最高可达1100/1300瓦     空压模块 空压机 操作气动阀门和显微镜调平系统。    6.安全要求应答方应严格落实国家安全生产相关规定，所供设备在设计选型、制造供货、安装调试、操作使用中应满足仪器安全、电气安全以及运行安全要求。设备应具备可靠接地、过载保护、漏电保护、异常报警、故障提示等功能。应答方应提供安全操作规程、维护手册、风险提示、应急处理方法及相关安全合规文件，并对采购方人员开展安全操作和应急处置培训。  更正为：1）第一章   《投标邀请》四、提交投标文件截止时间、开标时间和地点投标截止时间、开标时间：2026年9月17日9时30分（北京时间）。地点：天恒招标有限公司会议室（北京市东城区东四十条甲22号南新仓商务大厦B座922）。 2）第四章《评标程序、评标方法和评标标准》二、评标标准 技术部分 （63分 技术指标响应 （48分） 投标人需对第五章采购需求中“5技术要求”逐条进行应答，根据各投标人响应情况进行评分。 标注“#”的重要条款（共16项），每有一项负偏离扣2分，本项最低得0分。 未标注“*”和“#”的一般性条款（共80项），每有一项负偏离扣0.2分，本项最低得0分。 正偏离不加分，全部满足招标文件要求的得48分， 注：标注*的为实质性响应指标，每有一项实质性响应指标不满足，其投标无效。 供货及安 装调试方案 （5分） 根据投标人提供的供货及安装调试方案进行评价： 供货及安装调试方案内容完整全面、合理细致，符合采购需求中的要求，可行性高，针对性强，得5分； 供货及安装调试方案内容较完整全面，比较符合采购需求中的要求，可行性较高，针对性较强，存在轻微缺项、漏项，得3分； 供货及安装调试方案内容一般、可行性和针对性一般，存在一定的缺项、漏项，得2分； 供货及安装调试方案内容简单，可行性和针对性不强，存在明显缺项、漏项，得1分； 未提供项目供货及安装调试方案，得0分。  3）第五章《采购需求》3.供货范围3.1.3冷冻聚焦离子束切割-扫描电镜系统 序号 货物名称 数量 单位 备注 1 冷冻聚焦离子束切割-扫描电镜 1 套   1.1 冷冻聚焦离子束切割-扫描电镜主机 1 套   1.2 全自动纳米机械手 1 套   1.3 制样模块：铂、碳沉积源 2 套 各一套 2 EBSD采集模块 1 套   2.1 EDS能谱采集模块 1 套   2.2 TOF-SIMS模块 1 套   2.3 三维重构数据采集、分析软件 2 套 各一套 2.4 自动化样品制备软件 1 套   2.5 图像拼接软件 1 套   2.6 操作桌台 1 套   2.7 空压模块 1 台   2.8 冷却循环水模块 1 台   3 冷冻传输模块 1 套     5技术要求5.1双球差校正电镜要求双球差校正电镜 序号 项目 采购方要求值 应答方保证值   *电子枪类型 高亮高相干性电子枪，束流、信号、长期稳定性不低于冷场发射电子枪     电子枪亮度 ≥3.3*107 A/m2/sr/V     *TEM 线分辨率 ≤50 pm@300kV     *STEM分辨率 ≤53 pm@300kV     能量分辨率 ≤0.35 eV     *加速电压 40-300 kV     #加速电压切换稳定时间 ≤15 min     *高压合轴 60/80、200、300 kV     #束斑漂移 ≤0.5 nm/min     *聚光镜像差校正器 校正至A5阶     *物镜像差校正器 校正至A5阶     STEM高分辨自动优化软件 自动修正残余像差     物镜 采用恒功率透镜设计或Enoaqua循环水方式，实现透镜控温精度、有效束流。     光阑系统 物镜光阑孔数目 ≥8个     选区光阑孔数目 ≥4个     挡针 配备全自动挡针     洛伦兹模式 TEM/STEM两个模式     #物镜极靴间距 适配于目前商用电镜样品杆     *STEM探测器附加探头功能 ≥16分割     STEM探测器成像模式 HAADF、BF、ABF、DF、ADF     STEM模式图像像素 最大图像分辨率≥4096×4096 像素（1600 万像素），支持 2048×2048、1024×1024 等多档像素可选     双倾样品杆倾转角度 ≥± 30°(a) / ± 29° (b)     三维重构样品杆最大倾转角度 ≥±70°     样品移动范围 ≥X/Y：±1 mm；Z: ±0.200 mm     样品漂移速率 ≤0.5 nm/min     *一体化快速 CMOS相机 30-300kV电压，4,096×4,096像素，40 fps @ 4k*4k和300 fps @ 512*512读取速度     相机读取模式 具备原位模式     原位实验记录 支持20s缓存记忆功能     能谱分析模块 能谱仪探测器数量 ≥2个     *能谱仪探测器晶体面积 ≥600 mm2（不低于JED-2300T  158mm2双探头）     能谱图像分辨率 4k x 4k     *能谱仪探测器能量分辨率 ≤136 eV (Mn-Kα)     能谱仪探测器最大输出计数率 ≥ 600 kcps     能量损失谱模块 能量过滤器电子能量损失谱 功能包括能量过滤透射电镜成像（Energy Filtered TEM）和电子能量损失谱（EELS）分析。通过能量过滤，提高成像质量，尤其厚试样和断层成像（Tomography）的图像质量，分析材料的化学价态、电子结构、元素组成及其面分布等。     *能量过滤器电子能量损失谱型号 分辨率优于0.025 eV，直接探测相机，EELS数据原位采集功能，30-300 kV（60/200/300 kV合轴），Q-slit功能     #能量过滤器电子能量损失谱采谱速度 8000 谱/秒     超快直接电子探测相机 包含1套     *4D-STEM成像系统 ≥55 x 55 μm像素尺寸；≤200ps事件模式；1k x 1k采集<0.5s；≥ 40000fps @ 8bit帧模式；软件连续更新     Free Lens Control功能 样品任意高度下用户可以自由控制各级聚光镜电流，实现目标会聚角主动调节     图像采集模块 连续自动化连续欠焦，欠焦变化时间≤0.1s     *电镜样品杆 单、双倾样品杆（各1支）     *电子束超快定量控制系统 对STEM及TEM模式进行自动化电子束脉冲控制、定量调节、超快电子束闸时间分辨率≤10 ns     原位实验保护镜筒污染 具有镜筒内置自动烘烤功能，可全范围去除镜筒污染 具有冷井烘烤(ACD/CryoCircle)功能 具有编程设置Beam Shower清洗功能     STEM事件驱动模组 支持     自动带轴倾转软件 支持     Autoscript数据采集和分析模块 可以通过Python语言编程实现透射自动功能:如电子束开关、探测器进出、自动聚焦/明暗对比度、放大倍率改变、样品移动以及自动TEM/STEM图像获取、存储等等。     最新一代电镜软件及硬件控制系统；（velox及同等以上）；可实现快速操作，包括光学模式设置、探测器选择以及数据采集和分析等等，可以同时快速获取多达 4 个 STEM 信号       2套图像显示终端，能流畅地实现常用功能，包括样品移动、光束移动、放大倍数、模式切换、聚焦、合轴操作等。能非常便捷的将数据、软件各模块在两台液晶显示器之间显示     提供TEM和STEM三维重构全套相关软件及离线数据处理软件     提供EDS采集、分析相关软件及离线数据处理软件     #杆泵 干泵最大抽速3 m3/h，极限真空度0.1 mbar     离子清洗模块 等离子清洗仪，功率 0-150 W 连续可调     数据存储工作站 机柜：12盘位1个，硬盘≥ 20 T*12     空压模块 配有压力计、控制阀、压力开关、进气阀和安全阀。 功耗≤0.34 kW     冷却循环水模块 空气增强型冷却器     #原位电镜样品杆 冷冻三维重构原位电镜样品杆（1支）     5.2透射电子显微镜要求 序号 项目 采购方要求值 应答方保证值   *电子枪类型 场发射电子枪     *电子枪亮度 ≥4.0×108 A/cm2/sr @ 200 kV   束斑漂移 ≤1 nm/min     *加速电压 20-200 kV     *高压合轴 80、200 kV     加速电压稳定度 1.0 ppm/10 min     *TEM信息分辨率 ≤0.12 nm     最大衍射角 ≥±12 °     会聚束电子衍射（CBED）最大会聚角 ≥100 mrad     衍射模式相机长度范围 14-5700 mm     #物镜极靴间距 极靴间距≥5.4 mm，充分支持三维重构及原位动态分析     *STEM分辨率 ≤0.14 mm     #STEM探测器数量 ≥3个     特定功能探测器 STEM分割探测器或SEI 二次电子探测器     *STEM探测器成像模式 HAADF、BF、ADF、ABF     #STEM探测器附加探头功能 ≥16分割（不低于DPC/SAAF探头）     STEM模式图像像素 最大图像分辨率≥4096×4096 像素（1600 万像素），支持 2048×2048、1024×1024 等多档像素可选     *双倾样品杆最大样品倾斜角度 X 向 /α 侧倾≥±30°，Y 向 /β 倾转≥±29°。     *样品移动范围 X,Y≥2mm；Z≥0.75 mm     样品台最小移动步长 ≤36 nm     样品漂移（使用标准样品杆） ≤1.0 nm/min     高分辨CMOS相机像素 有效像素≥4096×4096（1600 万像素），像素尺寸 12-14 μm；支持 4096×4096、2048×2048、1024×1024 、512×512多档像素可选     #相机动态范围 ≥16 Bit     相机读取模式 采集速度40 fps @4k x 4k     真空系统 采用完全无油的机械泵、涡轮分子泵与离子泵构成的真空系统，以防止真空系统造成的样品污染。     电镜操作和控制 配备全自动合轴模块，可用于日常合轴与维护性系统合轴的全自动优化，以保证电子光学系统维持良好的状态，从而稳定获取高质量数据     自动带轴倾转软件 1套       能谱分析模块       *能谱仪探测器数量 ≥4个     *能谱探测 元素分析范围B-U，能量分辨率≤136 eV     *能谱仪探测器晶体面积 ≥100 mm2     能谱仪峰背比 ≥4000     最大输出计数率 ≥600 Kcps     *图像采集模块 可进行图像定量的三维重构软件     通讯接口 GPIB通信接口，支持以太网（TCP/IP）、OPC UA或REST API等现代通信协议，便于接入实验室信息管理系统     空压模块 配有压力计、控制阀、压力开关、进气阀和安全阀。 功耗≤0.34 kW     冷却循环水模块 冷却能力：在20°C的环境空气温度下为3.3 kW 温度稳定性：±0.05°C 水泵容量：13.6 l/min @4 bar      5.3冷冻聚焦离子束切割-扫描电镜系统要求冷冻聚焦离子束切割-扫描电镜系统 序号   项目 采购方要求值 应答人 保证值   离子束及辅助气体注入系统 *离子源种类 液态Ga离子源，可选配Xe离子源     离子源寿命 ≥1000小时     *分辨率 2.5nm @ 30 kV (采用选边法测量)     *离子束加速电压 0.5 kV-30 kV     *离子束流强度 1.0 pA-100 nA     电子束系统 *电子枪类型 高稳定性肖特基（ZrO/W）场发射灯丝/超高分辨浸没式复合电子枪     *分辨率 0.6 nm@15 kV;1.0 nm@ 1kV:0.9 nm@1kV (电子束减速模式)     #电子束加速电压 0.35 kV-30 kV（连续可调）     *电子束流强度 0.9 pA-170 nA     离子束电子束交叉点工作距离 *距离极靴 ≤4 mm     光阑系统 全自动光阑系统，可加热自清洁     样品室 样品室尺寸 样品室有效内径≥320 mm（扣除接口占用后）     *样品台 五轴马达驱动样品台； X、Y 方向移动范围≥110mm；Z方向移动范围65 mm；倾转范围-15°至+90°；旋转：360°     *最大样品高度 样品台到束交叉点85 mm     附件/探测器接口 ≥18个     真空系统 完全无油真空系统 机械干泵、磁悬浮涡轮分子泵和离子泵等构成     抽气时间 ＜5分钟     气体注入系统 *2支及以上气体注入系统 Pt，C，W     沉积模块 *2种以上 Pt，C，W     探测器 *透镜内探测器 具有SE/BSE模式     *样品室红外 CCD 相机 具备样品室红外CCD相机     *集成式等离子清洗仪 具备等离子清洗仪，软件全自动控制     冷却水系统 冷却水系统 具备空压机和冷却循环水系统     自动化加工功能 *纳米机械手 配有一体化的纳米机械手，电镜操作与纳米机械手协同操作，漂移精度≤100 nm/min；      #纳米机械手马达驱动 马达驱动360度无限制旋转机械手，可通过冷台系统实现低温提取样品     *自动化样品制备软件 可实现自动粗切、自动最终减薄和抛光、引导式样品提取与转移     软件 *专业三维重构软件 可实现对切片图像的自动对中，支持统计与分析，支持多模态数据，可融合来自不同探测器的图像数据     冷冻系统 冷冻样品台旋转 可以360°旋转     *冷冻样品台最低温度 ≤-170℃     冷冻样品台冷却时间 从常温至工作温度的冷却时间≤20分钟     能谱EDS *晶体面积 ≥60 mm2     元素测试范围 B5～Cf 98     能量分辨率 在100,000CPS条件下Mn-Ka保证优于129eV，轻元素分辨率C-K/57eV, F-K/67eV     最大输出计数率 ≥1,500,000cps     EBSD #芯片/探测技术 直接电子探测     离线条带标定和解析速度 最高20,000点每秒     离线再分析速度 ≥60,000点每秒     TOF-SIMS 质谱分辨率 质谱分辨率≥800（m/z=29）     质量数范围 质量数范围1-2500     *FIB-TOF-SIMS联用 空间分辨率≤50nm；纵向图像分辨率优于20nm，同时能对H开始的轻元素进行检出分析     冷冻传输系统 #样品台 360°度旋转的冷冻样品台： 可实现360°连续旋转，-4—70°倾转；保证开展复杂应用或面对复杂样品的适用性；     温度 工作温度室温至-170°C范围内任意可调可控，实际温度误差可稳定控制在1°C以内。     #接口 配置与手套箱连接接口     前处理 配置前处理制样锅     抽气系统 涡轮分子泵抽气系统     接口 通讯接口 GPIB通信接口，支持以太网（TCP/IP）、OPC UA或REST API等现代通信协议，便于接入实验室信息管理系统     #附件/探测器接口 附件/探测器接口≥20个（含预留接口）     数据处理系统 控制终端 可实现 4K 图像滤波处理 3.5-6 秒每帧、晶粒特征识别 7-12 秒每帧，EELS 谱成像处理 2.5-4 分钟每组，EDS 元素 Mapping 生成 5-9 分钟每张，60 张 4K 切片三维重构耗时 2-3.5 小时，高效完成冷冻 FIB-SEM 各类图像解析、成分分析与三维重构工作。     显示终端 配备双屏显示器，单屏尺寸≥24英寸，分辨率≥3840×2160     稳定系统 减震 集成式主动减震     Ups电源 配备≥6 kVA不间断电源UPS一台     冷却循环模块 循环冷水机 循环式冷水机可提供5至40°C之间的恒定连续冷却，温度稳定性高达0.1°C，采用风冷方式。 制冷能力：最高可达1100/1300瓦     空压模块 空压机 操作气动阀门和显微镜调平系统。    6.安全要求应答方应严格落实国家安全生产相关规定，所供设备在设计选型时应严格落实国家安全、电气安全以及运行安全要求。设备应具备可靠接地、维护故障提示、安全过载保护、漏电保护、异常报警等功能，并出具设备安全合规文件，且对采购方进行安全操作及应急处置方法等培训。 更正日期：2026年09月01日 三、其他补充事宜 发布公告的媒介：中国政府采购网 四、凡对本次公告内容提出询问，请按以下方式联系。 1.采购人信息 名 称：zycgr22011902 地址：/ 联系方式：李老师 010-50918221 2.采购代理机构信息 名 称：天恒招标有限公司 地 址：北京市东城区东四十条甲22号南新仓商务大厦B座922 联系方式：刘海桐、李亚娜、陈洁、徐梓瑶、刘戈010-53350061、17710393237 3.项目联系方式 项目联系人：刘海桐、李亚娜、陈洁、徐梓瑶、刘戈 电 话： 010-53350061、17710393237",其他,,中国政府采购网,,,default,,采购文件,,,,,,,,,
某实验室隔离原子层沉积系统更正公告,变更公告,ZF2026-17-0946,2026年09月01日 15:40,合肥市,zycgr21070801,安徽省合肥市,苗老师 0551-65099990,安徽省招标集团股份有限公司,合肥市包河区紫云路888号,"应急客服电话：0551-62220153（接听时间：8:30-12:00,13:30-17:30，节假日除外。潜在投标人应优先拨打项目联系人联系电话，无人接听时再拨打该“应急客服电话”）",刘工、张工、陈工、李工,0551-66061459、66061461、66061460、66061496,,,https://www.ccgp.gov.cn/cggg/zygg/gzgg/202609/t20260901_27243069.htm,2026-09-10 09:49:03,"一、项目基本情况 原公告的采购项目编号：ZF2026-17-0946 原公告的采购项目名称：某实验室隔离原子层沉积系统 首次公告日期：2026年08月18日 二、更正信息 更正事项：采购文件 更正内容： 我公司现对某实验室隔离原子层沉积系统招标文件做出如下更正。此次更正为招标文件的组成部分，具有同等效力。更正内容与招标文件不同之处，按本次更正内容执行。项目更正更正如下：1.采购需求的三、技术要求-3.2采购内容-3.2.2.5工艺性能指标中“●①Al2O3工艺指标：12 英寸硅片衬底，均匀性(12寸全片)≤1.5%（1σ），片间重复性≤2.0%（1σ），折射率1.65±0.01@633mm，粗糙度RMS≤1nm，薄膜厚度、折射率标准测试条件:硅裸片上50nm Al2O3镀层，椭偏仪≥49点测试”修改为“●①Al2O3工艺指标：12 英寸硅片衬底，均匀性(12寸全片)≤1.5%（1σ），片间重复性≤2.0%（1σ），折射率1.65±0.01@633nm，粗糙度RMS≤1nm，薄膜厚度、折射率标准测试条件:硅裸片上50nm Al2O3镀层，椭偏仪≥49点测试”。2.递交投标文件的截止时间、开标时间修改为2026年9月17日9：30（北京时间）。 更正日期：2026年09月01日 三、其他补充事宜 本项目相关信息同时在“中国政府采购网（www.ccgp.gov.cn）、中国招标投标公共服务平台（www.cebpubservice.cn）、优质采云采购平台（www.youzhicai.com）、优质采招标采购平台（www.yzczb.com）”等媒介上发布。 四、凡对本次公告内容提出询问，请按以下方式联系。 1.采购人信息 名 称：zycgr21070801 地址：安徽省合肥市 联系方式：苗老师 0551-65099990 2.采购代理机构信息 名 称：安徽省招标集团股份有限公司 地 址：合肥市包河区紫云路888号 联系方式：应急客服电话：0551-62220153（接听时间：8:30-12:00,13:30-17:30，节假日除外。潜在投标人应优先拨打项目联系人联系电话，无人接听时再拨打该“应急客服电话”） 3.项目联系方式 项目联系人：刘工、张工、陈工、李工（1501室） 电 话： 0551-66061459、66061461、66061460、66061496、15855137303",科研检测,,中国政府采购网,,,default,,采购文件,,,,,,,,,
两院区信息系统安全等级保护测评服务项目更正公告,变更公告,B0708-CMC26N7341,2026年09月01日 15:32,北京市,北京中医药大学东直门医院,北京市东城区海运仓5号,魏老师 010-84013265,中国机械进出口(集团)有限公司,北京市丰台区金泽东路通用时代中心C座,郭女士、张女士、刘先生   电话：010-81168212 邮箱：guochangqian@cmc.gt.cn,郭女士、张女士、刘先生,010-81168212,,,https://www.ccgp.gov.cn/cggg/zygg/gzgg/202609/t20260901_27242853.htm,2026-09-10 09:49:04,一、项目基本情况 原公告的采购项目编号：B0708-CMC26N7341 原公告的采购项目名称：两院区信息系统安全等级保护测评服务项目 首次公告日期：2026年08月24日 二、更正信息 更正事项：采购文件 更正内容： 采购文件更正前 采购文件更正后 第二章 第二部分 评分细则 3.8 等级保护定级梳理服务方案 （4分） 根据磋商文件要求和供应商响应情况，对供应商提供的等级保护定级梳理和网络安全评估服务方案进行评价，供应商应对现有未备案系统进行定级梳理及相关重要信息系统网络安全评估服务   第二章 第二部分 评分细则 3.8 等级保护定级梳理服务方案 （4分） 根据磋商文件要求和供应商响应情况，对供应商提供的等级保护定级梳理服务方案进行评价，供应商应对现有未备案系统进行定级梳理服务   更正日期：2026年09月01日 三、其他补充事宜 无 四、凡对本次公告内容提出询问，请按以下方式联系。 1.采购人信息 名 称：北京中医药大学东直门医院 地址：北京市东城区海运仓5号 联系方式：魏老师 010-84013265 2.采购代理机构信息 名 称：中国机械进出口(集团)有限公司 地 址：北京市丰台区金泽东路通用时代中心C座 联系方式：郭女士、张女士、刘先生 电话：010-81168212 邮箱：guochangqian@cmc.gt.cn 3.项目联系方式 项目联系人：郭女士、张女士、刘先生 电 话： 010-81168212,信息技术,,中国政府采购网,,,default,,采购文件,,,,,,,,,
关于FX2026-SH190福建东山岛台湾海峡海洋观测与实验站改扩建工程（碧海楼修缮）补充通知（一）,变更公告,FX2026-SH190,2026年09月01日 15:30,厦门市,厦门大学,厦门市思明南路422号,陈老师   0592-2189925；洪老师   0592-2182298,厦门市丰信采购招标有限公司,0592-5585556,富女士，0592-5585556,富梅,0592-5585556,,,https://www.ccgp.gov.cn/cggg/zygg/gzgg/202609/t20260901_27242821.htm,2026-09-10 09:49:04,一、项目基本情况 原公告的采购项目编号：FX2026-SH190 原公告的采购项目名称：福建东山岛台湾海峡海洋观测与实验站改扩建工程（碧海楼修缮） 首次公告日期：2026年08月25日 二、更正信息 更正事项：采购文件 更正内容： 1、本项目第三章“4.12合同价格形式”内容调整为：“4.12本工程的合同价格形式为单价合同。 4.12.1综合单价包含的风险范围：人工、材料、机械台班的市场价格波动。 4.12.2风险费用的计算方法：除工程量清单明确计取风险费外，其他情况下不计取。投标人在投标报价时应已充分考虑风险范围，结算不予调整。 4.12.3风险范围以外合同价格的调整方法：工程量按实计算，以竣工图和招标人现场代表签证为准。工程量清单内项目，单价套用中标人报价中的综合单价；若工程量增加的项目中标人报价中的综合单价高于招标控制价中相应项目综合单价10%幅度范围以外的，该项目增加部分单价套用控制价中相应项目的综合单价。工程量清单外项目，根据实际施工中有效的设计变更及工程签证单进行计算增减，单价按照控制价的计算原则计算。 4.12.4定额缺项时由中标人提出适当的单价，经招标人审核后确定。”2、本项目第五章投标文件格式“项目负责人无在建工程和现场管理人员到位承诺书”内容有调整，请各潜在投标人登陆丰信电子招标采购服务平台(www.xmfxcgzb.com)自行下载附件。3、本项目投标截止时间、开标时间、投标保证金的递交截止时间调整为2026年09月17日上午9：00。根据招标文件的规定，本通知为招标文件的组成部分，对投标人有约束力。 更正日期：2026年09月01日 三、其他补充事宜 / 四、凡对本次公告内容提出询问，请按以下方式联系。 1.采购人信息 名 称：厦门大学 地址：厦门市思明南路422号 联系方式：陈老师 0592-2189925；洪老师 0592-2182298 2.采购代理机构信息 名 称：厦门市丰信采购招标有限公司 地 址：0592-5585556 联系方式：富女士，0592-5585556 3.项目联系方式 项目联系人：富梅 电 话： 0592-5585556,工程建设,,中国政府采购网,,,default,,采购文件,,,,,,,,,
中国农业科学院哈尔滨兽医研究所高级别实验室2026年维保服务项目更正公告,变更公告,HTCL-ZB-266111,2026年09月01日 15:28,黑龙江省,中国农业科学院哈尔滨兽医研究所,哈尔滨市香坊区哈平路678号,高锐   电话：0451-51051630,黑龙江省招标有限公司,哈尔滨市南岗区汉水路180号,陆超、陈飞  电 话：0451-82375252,陆超、陈飞,0451-82375252,,,https://www.ccgp.gov.cn/cggg/zygg/gzgg/202609/t20260901_27242769.htm,2026-09-10 09:49:05,一、项目基本情况 原公告的采购项目编号：HTCL-ZB-266111 原公告的采购项目名称：中国农业科学院哈尔滨兽医研究所高级别实验室2026年维保服务项目 首次公告日期：2026年08月30日 二、更正信息 更正事项：采购文件 更正内容： 将本项目招标文件投标人须知表中1.1采购人内容更正为：名  称：中国农业科学院哈尔滨兽医研究所地  址：哈尔滨市香坊区哈平路678号联系人：高锐电  话：0451-51051630招标文件其他内容不变。 更正日期：2026年09月01日 三、其他补充事宜 无 四、凡对本次公告内容提出询问，请按以下方式联系。 1.采购人信息 名 称：中国农业科学院哈尔滨兽医研究所 地址：哈尔滨市香坊区哈平路678号 联系方式：高锐 电话：0451-51051630 2.采购代理机构信息 名 称：黑龙江省招标有限公司 地 址：哈尔滨市南岗区汉水路180号 联系方式：陆超、陈飞 电 话：0451-82375252 3.项目联系方式 项目联系人：陆超、陈飞 电 话： 0451-82375252,教育培训,,中国政府采购网,,,default,,采购文件,,,,,,,,,
《党建》杂志印刷服务采购项目更正公告,变更公告,ZC-CZB26093,2026年09月01日 15:04,市辖区,《党建》杂志社,北京市东城区珠市口东大街10号东段,010-66064893,中共中央直属机关采购中心,北京市西城区新风街1号院甲6号楼,详见：http://www.zzcg.gov.cn/contact.jhtml,张庆,010-82273334,,,https://www.ccgp.gov.cn/cggg/zygg/gzgg/202609/t20260901_27242466.htm,2026-09-10 09:49:06,"一、项目基本情况原公告的采购项目编号：ZC-CZB26093原公告的采购项目名称：《党建》杂志印刷服务采购项目首次公告日期：2026年8月18日二、更正信息更正事项：■采购公告 ■采购文件 □采购结果更正内容：1.采购需求中“13.★纸张要求:本项目纸张由供应商提供。封面：157克亚光铜版纸。定量（g/m2）157×（1±4.0%），亮度（%）≦93.0，不透明度（%）≥95.0，光泽度（%）50。内文：70克本白双胶纸。定量（g/m2）70.0±4.0%，亮度（%）75.0～85.0，不透明度（%）≥82.0，平滑度（s）≥25。”，更正为“13.★纸张要求：本项目纸张由供应商提供。封面：157 克双面铜版纸。定量（g/m2）157×（1±4.0%），亮度（%）≦93.0，不透明度（%）≥95.0，光泽度（%）≥50。内文：70 克胶版纸(本白)。定量（g/m2）70.0±4.0%,亮度（%）75.0～85.0，不透明度（%）≥82.0，平滑度（s）≥25。”2.将本项目投标文件提交时间更正为“2026年9月14日至2026年9月17日（北京时间）”，投标截止时间更正为“2026年9月17日8时30分（北京时间）”；3.将本项目开标时间更正为“2026年9月17日8时30分”，供应商应通过互联网在2026年9月17日8时30分至2026年9月17日8时45分（北京时间）内进行投标文件解密操作。更正日期：2026年9月1日三、其他补充事宜已下载采购文件的潜在供应商须重新下载，并依据新的采购文件重新制作投标文件，避免投标无效。四、凡对本次公告内容提出询问，请按以下方式联系。（一）采购人信息名称：《党建》杂志社地址：北京市东城区珠市口东大街10号东段联系方式：010-66064893（项目咨询）010-66064893（质疑受理）（二）采购代理机构信息名称：中共中央直属机关采购中心地址：北京市西城区新风街1号院甲6号楼联系方式：010-82273334（项目咨询）010-82270326（质疑受理）010-82273269/75（技术支持）（三）项目联系方式项目联系人：张庆联系方式：010-82273334评审联系电话：010-82272151  中共中央直属机关采购中心2026年9月1日",服务外包,,中国政府采购网,,,default,,,,,,,,,,,
复旦大学附属华山医院2026华山医院院本部高压配电值班维保更正公告,变更公告,HSFW20260066,2026年09月01日 14:51,上海市,复旦大学附属华山医院,上海市乌鲁木齐中路12号,潘黎姿021-52889999,上海东松医疗科技股份有限公司,上海市宁波路1号11楼,陈忆青、朱佳凝021-63230480转8616、8632,陈忆青、朱佳凝,021-63230480转8616、8632,,,https://www.ccgp.gov.cn/cggg/zygg/gzgg/202609/t20260901_27242225.htm,2026-09-10 09:49:07,一、项目基本情况 原公告的采购项目编号：HSFW20260066 （招标代理机构内部编号：0811-DSITC262623） 原公告的采购项目名称：2026华山医院院本部高压配电值班维保 首次公告日期：2026年08月25日 二、更正信息 更正事项：采购公告 更正内容： 对投标截止时间及开标时间的更正。原招标文件要求为：2026年09月15日北京时间09:30。现更正为：2026年09月21日北京时间13:30。 更正日期：2026年09月01日 三、其他补充事宜 其他内容不变。 四、凡对本次公告内容提出询问，请按以下方式联系。 1.采购人信息 名 称：复旦大学附属华山医院 地址：上海市乌鲁木齐中路12号 联系方式：潘黎姿021-52889999 2.采购代理机构信息 名 称：上海东松医疗科技股份有限公司 地 址：上海市宁波路1号11楼 联系方式：陈忆青、朱佳凝021-63230480转8616、8632 3.项目联系方式 项目联系人：陈忆青、朱佳凝 电 话： 021-63230480转8616、8632,医疗卫生,,中国政府采购网,,,default,,采购公告,,,,,,,,,
中国疾控中心充电基础设施项目更正公告,变更公告,2607-HXTC-IT1376,2026年09月01日 14:37,北京市,中国疾病预防控制中心,北京市昌平区昌百路155号,王老师，010-58900140,北京宏信天诚国际招标有限公司,北京市海淀区复兴路乙12号中国铝业大厦11层1110室,赵洁、吴众为、闫文娟、彭怡、成歌、刘京、修海龙、陈博维、姬小雪、王思晨、杨晓楠、王东衍、郝路、刘海英、孙佳、王亚东、黄艳、陈曦、吉国侠、孙银英、李秋萍、王艳艳、王改茹63974645、63976753,赵洁、吴众为、闫文娟、彭怡、成,010-63974645、63976753,,,https://www.ccgp.gov.cn/cggg/zygg/gzgg/202609/t20260901_27242046.htm,2026-09-10 09:49:07,一、项目基本情况 原公告的采购项目编号：2607-HXTC-IT1376 原公告的采购项目名称：中国疾控中心充电基础设施项目 首次公告日期：2026年08月03日 二、更正信息 更正事项：采购文件 更正内容： 1、获取采购文件时间更正为2026年08月03日至2026年09月04日，每天上午9:00至11:30，下午13:30至16：00（北京时间，法定节假日除外）2、响应文件提交时间更正为截止时间：2026年09月10日10点00分（北京时间）其他内容不变 更正日期：2026年09月01日 三、其他补充事宜 本项目其他内容保持不变。请潜在投标人按照以上要求准备投标事宜，并务必在收(看)到本公告后尽快将公告内容打印并加盖公章后发扫描件至hongxintiancheng@126.com 四、凡对本次公告内容提出询问，请按以下方式联系。 1.采购人信息 名 称：中国疾病预防控制中心 地址：北京市昌平区昌百路155号 联系方式：王老师，010-58900140 2.采购代理机构信息 名 称：北京宏信天诚国际招标有限公司 地 址：北京市海淀区复兴路乙12号中国铝业大厦11层1110室 联系方式：赵洁、吴众为、闫文娟、彭怡、成歌、刘京、修海龙、陈博维、姬小雪、王思晨、杨晓楠、王东衍、郝路、刘海英、孙佳、王亚东、黄艳、陈曦、吉国侠、孙银英、李秋萍、王艳艳、王改茹63974645、63976753 3.项目联系方式 项目联系人：赵洁、吴众为、闫文娟、彭怡、成歌、刘京、修海龙、陈博维、姬小雪、王思晨、杨晓楠、王东衍、郝路、刘海英、孙佳、王亚东、黄艳、陈曦、吉国侠、孙银英、李秋萍、王艳艳、王改茹 电 话： 010-63974645、63976753,医疗卫生,2026-09-10 10:00,中国政府采购网,,,default,,采购文件,,,,,,,,,
中国科学院成都生物研究所全自动活细胞荧光显微成像系统采购项目（第二次）更正公告,变更公告,OITC-G260170044-1,2026年09月01日 14:28,四川省,中国科学院成都生物研究所,成都市双流区群贤南街23号,崔欣 028-82890810,东方国际招标有限责任公司,北京市海淀区丹棱街1号互联网金融中心20层,迟兆洋、叶明、林杨婷 020-87001523  ytlin@oitc.com.cn、cjwang@oitc.com.cn 、sli@oitc.com.cn,迟兆洋、叶明、林杨婷,020-87001523,0044-1项目需求【更正稿】.docx,"[{""attach_name"": ""0044-1项目需求【更正稿】.docx"", ""attach_url"": ""https://download.ccgp.gov.cn/oss/download?uuid=AB1C86A557ECAF54154A5463CB5DCE""}]",https://www.ccgp.gov.cn/cggg/zygg/gzgg/202609/t20260901_27241972.htm,2026-09-10 09:49:08,一、项目基本情况 原公告的采购项目编号：OITC-G260170044-1 原公告的采购项目名称：中国科学院成都生物研究所全自动活细胞荧光显微成像系统采购项目（第二次） 首次公告日期：2026年08月18日 二、更正信息 更正事项：采购文件 更正内容： 一、项目需求书更正稿详见附件二、提交投标文件截止时间、开标时间更正为：2026年9月17日09点30分（北京时间）三、投标文件递交地点、开标地点更正为：北京市海淀区丹棱街1号互联网金融中心 20 层科创厅。四、其余均不变 更正日期：2026年09月01日 三、其他补充事宜 中国科学院成都生物研究所全自动活细胞荧光显微成像系统采购项目（第二次）公开招标公告：https://www.ccgp.gov.cn/cggg/zygg/gkzb/202608/t20260818_27151599.htm 四、凡对本次公告内容提出询问，请按以下方式联系。 1.采购人信息 名 称：中国科学院成都生物研究所 地址：成都市双流区群贤南街23号 联系方式：崔欣 028-82890810 2.采购代理机构信息 名 称：东方国际招标有限责任公司 地 址：北京市海淀区丹棱街1号互联网金融中心20层 联系方式：迟兆洋、叶明、林杨婷 020-87001523 ytlin@oitc.com.cn、cjwang@oitc.com.cn 、sli@oitc.com.cn 3.项目联系方式 项目联系人：迟兆洋、叶明、林杨婷 电 话： 020-87001523,教育培训,,中国政府采购网,,,default,,采购文件,,,,,,,,,
2026-2028年度中国质量检验检测科学研究院职工健康体检项目三次磋商更正公告,变更公告,0701-2641HB01-0053,2026年09月01日 14:24,北京市,中国质量检验检测科学研究院,北京市亦庄经济技术开发区荣华南路11号,53897215,中技国际招标有限公司,北京市丰台区通用时代中心,吴家豪、冯靖安、王曦晨010-81168098、17718375251,吴家豪、冯靖安、王曦晨,010-81168098、17718375251,,,https://www.ccgp.gov.cn/cggg/zygg/gzgg/202609/t20260901_27241943.htm,2026-09-10 09:49:09,一、项目基本情况 原公告的采购项目编号：0701-2641HB01-0053 原公告的采购项目名称：2026-2028年度中国质量检验检测科学研究院职工健康体检项目三次磋商竞争性磋商 首次公告日期：2026年08月31日 二、更正信息 更正事项：采购文件 更正内容： 原内容：磋商保证金金额：第1包：0.5万元；第2包：0.5万元更正后：本项目不收取保证金。 更正日期：2026年09月01日 三、其他补充事宜 其他内容不变 四、凡对本次公告内容提出询问，请按以下方式联系。 1.采购人信息 名 称：中国质量检验检测科学研究院 地址：北京市亦庄经济技术开发区荣华南路11号 联系方式：53897215 2.采购代理机构信息 名 称：中技国际招标有限公司 地 址：北京市丰台区通用时代中心 联系方式：吴家豪、冯靖安、王曦晨010-81168098、17718375251 3.项目联系方式 项目联系人：吴家豪、冯靖安、王曦晨 电 话： 010-81168098、17718375251,科研检测,,中国政府采购网,,,default,,采购文件,,,,,,,,,
河海大学西康路校区图书馆改造项目监理澄清修改公告,变更公告,NJFJ2600211-03JLGH,2026年09月01日 14:15,市辖区,河海大学,南京市鼓楼区西康路1号,陈剑 025-83787152,江苏建诚工程咨询有限公司,南京市玄武区龙蟠路151-1号赞成湖畔居商务楼三楼,夏成明 13913961135,夏成明,13913961135,,,https://www.ccgp.gov.cn/cggg/zygg/gzgg/202609/t20260901_27241877.htm,2026-09-10 09:49:09,一、项目基本情况 原公告的采购项目编号：NJFJ2600211-03JLGH 原公告的采购项目名称：河海大学西康路校区图书馆改造项目监理 首次公告日期：2026年08月26日 二、更正信息 更正事项：采购文件 更正内容： 招标文件P5和P14是否接受退休人员担任总监前后要求不一致，请招标文件明确是否接受退休人员担任总监？回复：总监接受退休人员担任。 更正日期：2026年09月01日 三、其他补充事宜 （1）对招标文件所作的澄清、修改，构成招标文件的组成部分，未按澄清、修改后的招标文件编制投标文件的，由此造成的后果由投标人自行承担。（2）本项目投标截止时间为：2026年09月16日 09:30 未改变。（3）具体内容以南京市公共资源交易中心网址为准:http://njggzy.nanjing.gov.cn/njweb/fjsz/068001/068001001/20260901/bf497401-4c43-4657-bb81-1265c2f4d8c3.html 四、凡对本次公告内容提出询问，请按以下方式联系。 1.采购人信息 名 称：河海大学 地址：南京市鼓楼区西康路1号 联系方式：陈剑 025-83787152 2.采购代理机构信息 名 称：江苏建诚工程咨询有限公司 地 址：南京市玄武区龙蟠路151-1号赞成湖畔居商务楼三楼 联系方式：夏成明 13913961135 3.项目联系方式 项目联系人：夏成明 电 话： 13913961135,教育培训,,中国政府采购网,,,default,,采购文件,,,,,,,,,
东北区域气象中心配套设施空调工程改造（基础工程改造）更正公告,变更公告,LNTH2026297C,2026年09月01日 14:10,辽宁省,辽宁省气象局财务核算中心,沈阳和平区长白南路388号,王茗琪 024-83862083,辽宁天泓工程项目管理有限公司,024-23933220,于月、乔涛,王茗琪,024-83862083,,,https://www.ccgp.gov.cn/cggg/zygg/gzgg/202609/t20260901_27241849.htm,2026-09-10 09:49:10,一、项目基本情况 原公告的采购项目编号：LNTH2026297C 原公告的采购项目名称：东北区域气象中心配套设施空调工程改造（基础工程改造） 首次公告日期：2026年08月21日 二、更正信息 更正事项：采购文件 更正内容： 1、工程量清单变更2、开标时间变更为：2026年9月8日9：00（北京时间） 更正日期：2026年09月01日 三、其他补充事宜 四、凡对本次公告内容提出询问，请按以下方式联系。 1.采购人信息 名 称：辽宁省气象局财务核算中心 地址：沈阳和平区长白南路388号 联系方式：王茗琪 024-83862083 2.采购代理机构信息 名 称：辽宁天泓工程项目管理有限公司 地 址：024-23933220 联系方式：于月、乔涛 3.项目联系方式 项目联系人：王茗琪 电 话： 024-83862083,工程建设,,中国政府采购网,,,default,,采购文件,,,,,,,,,
中国中医科学院眼科医院医用耗材（贰）招标采购项目更正公告,变更公告,0701-264110080088,2026年09月01日 14:07,北京市,中国中医科学院眼科医院,北京市石景山区鲁谷路33号,010-68661200,中技国际招标有限公司,北京市丰台区西营街1号院通用时代中心C座811,白梦阳、高竹君、刘璐    010-81168611/8076,白梦阳,010-81168611,,,https://www.ccgp.gov.cn/cggg/zygg/gzgg/202609/t20260901_27241826.htm,2026-09-10 09:49:11,一、项目基本情况 原公告的采购项目编号：0701-264110080088 原公告的采购项目名称：中国中医科学院眼科医院医用耗材（贰）招标采购项目公开招标公告 首次公告日期：2026年08月31日 二、更正信息 更正事项：采购公告 更正内容： 递交投标文件截止时间更正为：2026年9月22日下午2：00（北京时间）开标时间更正为：2026年9月22日下午2：00（北京时间）公告其他内容不变！  更正日期：2026年09月01日 三、其他补充事宜 无 四、凡对本次公告内容提出询问，请按以下方式联系。 1.采购人信息 名 称：中国中医科学院眼科医院 地址：北京市石景山区鲁谷路33号 联系方式：010-68661200 2.采购代理机构信息 名 称：中技国际招标有限公司 地 址：北京市丰台区西营街1号院通用时代中心C座811 联系方式：白梦阳、高竹君、刘璐 010-81168611/8076 3.项目联系方式 项目联系人：白梦阳 电 话： 010-81168611,医疗卫生,,中国政府采购网,,,default,,采购公告,,,,,,,,,
天津出入境边防检查总站轮训大队营区生活区及附属设施升级改造工程更正公告,变更公告,2465-264010100080,2026年09月01日 14:06,天津市,中华人民共和国天津出入境边防检查总站,天津市东丽区卫国道216号,唐警官022-24739099,天津渤化化工进出口有限责任公司,天津市和平区辽宁路187号,杨旭022-58980908,杨旭,13752709028,,,https://www.ccgp.gov.cn/cggg/zygg/gzgg/202609/t20260901_27241825.htm,2026-09-10 09:49:11,一、项目基本情况 原公告的采购项目编号：2465-264010100080 原公告的采购项目名称：天津出入境边防检查总站轮训大队营区生活区及附属设施升级改造工程竞争性磋商公告 首次公告日期：2026年08月24日 二、更正信息 更正事项：采购文件 更正内容： 1、提交响应文件截止时间和响应文件开启时间：2026年09月08日10时00分（北京时间）。2、合同价款形式：固定单价合同。3、付款方式及合同文本详见竞争性磋商文件。 更正日期：2026年09月01日 三、其他补充事宜 四、凡对本次公告内容提出询问，请按以下方式联系。 1.采购人信息 名 称：中华人民共和国天津出入境边防检查总站 地址：天津市东丽区卫国道216号 联系方式：唐警官022-24739099 2.采购代理机构信息 名 称：天津渤化化工进出口有限责任公司 地 址：天津市和平区辽宁路187号 联系方式：杨旭022-58980908 3.项目联系方式 项目联系人：杨旭 电 话： 13752709028,工程建设,,中国政府采购网,,,default,,采购文件,,,,,,,,,
华东师范大学临港校区组团二（新建图书馆、1#2#教学实验综合楼、3#4#教学实验综合楼）工程检测服务澄清公告,变更公告,H2026107,2026年09月01日 13:48,上海市,华东师范大学,上海市中山北路3663号、东川路500号,刘老师 021-33503431、62232260,上海晶誉建设管理咨询有限公司,上海市杨浦区纪念路8号财大科技园5号楼105B,赵晨阳 18521524100,赵晨阳,18521524100,,,https://www.ccgp.gov.cn/cggg/zygg/gzgg/202609/t20260901_27241729.htm,2026-09-10 09:49:12,一、项目基本情况 原公告的采购项目编号：H2026107 原公告的采购项目名称：华东师范大学临港校区组团二（新建图书馆、1#2#教学实验综合楼、3#4#教学实验综合楼）工程检测服务采购项目公开招标公告 首次公告日期：2026年08月21日 二、更正信息 更正事项：采购文件 更正内容： 1.图纸补充，详见发布在澄清答疑文件附件；2、开标时间延期至2026年9月17日上午09:30； 具体详见发布在华东师范大学线上采购信息系统（https://cgxx.ecnu.edu.cn）的澄清说明文件 更正日期：2026年09月01日 三、其他补充事宜 四、凡对本次公告内容提出询问，请按以下方式联系。 1.采购人信息 名 称：华东师范大学 地址：上海市中山北路3663号、东川路500号 联系方式：刘老师 021-33503431、62232260 2.采购代理机构信息 名 称：上海晶誉建设管理咨询有限公司 地 址：上海市杨浦区纪念路8号财大科技园5号楼105B 联系方式：赵晨阳 18521524100 3.项目联系方式 项目联系人：赵晨阳 电 话： 18521524100,教育培训,,中国政府采购网,,,default,,采购文件,,,,,,,,,
泰州市消防救援支队活动中心一体化改造项目（二次）更正公告,变更公告,JSJT-XF2026004,2026年09月01日 12:11,泰州市医药高新区,泰州市消防救援支队,泰州市青年南路18号,李先生 15852953883,江苏建泰工程项目管理有限公司,泰州市永定东路399-1号华润双子塔东塔52楼,袁女士 0523-86898859,袁女士,0523-81908859,,,https://www.ccgp.gov.cn/cggg/zygg/gzgg/202609/t20260901_27241429.htm,2026-09-10 09:49:13,一、项目基本情况 原公告的采购项目编号：JSJT-XF2026004 原公告的采购项目名称：泰州市消防救援支队活动中心一体化改造项目（二次） 首次公告日期：2026年08月17日 二、更正信息 更正事项：采购文件 更正内容： 1.本项目编制说明内容和最高投标限价有调整，最高投标限价调整为60.097032万元，请在邮箱里重新下载。2.响应文件的提交时间修改为：2026年9月9日9点00分至9点30分（北京时间）；响应文件开启时间修改为：2026年9月9日9点30分（北京时间）。 更正日期：2026年09月01日 三、其他补充事宜 无 四、凡对本次公告内容提出询问，请按以下方式联系。 1.采购人信息 名 称：泰州市消防救援支队 地址：泰州市青年南路18号 联系方式：李先生 15852953883 2.采购代理机构信息 名 称：江苏建泰工程项目管理有限公司 地 址：泰州市永定东路399-1号华润双子塔东塔52楼 联系方式：袁女士 0523-86898859 3.项目联系方式 项目联系人：袁女士 电 话： 0523-81908859,公共安全,,中国政府采购网,,,default,,采购文件,,,,,,,,,
北京化工大学研究生AI课程建设服务项目更正公告,变更公告,BUCTHJZXCS20260002,2026年09月01日 12:03,北京市,北京化工大学,北京市朝阳区北三环东路15号,曾老师 010-64433870,北京明德致信咨询有限公司,北京市海淀区学院路30号科大天工大厦B座1709室,"刘亚运、孙恺宁、吕家乐 010－82370045,FC@zbbmcc.com（保证金、发票等咨询）",刘亚运、孙恺宁、吕家乐,,更正公告-ZC26-1187北京化工大学研究生AI课程建设服务项目.docx,"[{""attach_name"": ""更正公告-ZC26-1187北京化工大学研究生AI课程建设服务项目.docx"", ""attach_url"": ""https://download.ccgp.gov.cn/oss/download?uuid=698D3119A44AFC88FEF07CED699C20""}]",https://www.ccgp.gov.cn/cggg/zygg/gzgg/202609/t20260901_27241355.htm,2026-09-10 09:49:13,"一、项目基本情况 原公告的采购项目编号：BUCTHJZXCS20260002(BMCC-ZC26-1187) 原公告的采购项目名称：北京化工大学研究生AI课程建设服务项目 首次公告日期：2026年08月21日 二、更正信息 更正事项：采购公告 更正内容： 响应文件提交截至时间、地点，开启时间、地点原内容：响应文件提交截止时间：2026年09月01日14点00分（北京时间）地点：北京市海淀区学院路30号科大天工大厦B座17层1706室第五会议室开启时间：2026年09月01日14点00分（北京时间）地点：北京市海淀区学院路30号科大天工大厦B座17层1706室第五会议室更正为：响应文件提交截止时间：另行通知地点：另行通知开启时间：另行通知地点：另行通知 更正日期：2026年09月01日 三、其他补充事宜 其他事宜不变。 四、凡对本次公告内容提出询问，请按以下方式联系。 1.采购人信息 名 称：北京化工大学 地址：北京市朝阳区北三环东路15号 联系方式：曾老师 010-64433870 2.采购代理机构信息 名 称：北京明德致信咨询有限公司 地 址：北京市海淀区学院路30号科大天工大厦B座1709室 联系方式：刘亚运、孙恺宁、吕家乐 010－82370045,FC@zbbmcc.com（保证金、发票等咨询） 3.项目联系方式 项目联系人：刘亚运、孙恺宁、吕家乐 电 话： 010－61192267 lyy@zbbmcc.com（仅限采购文件咨询）",教育培训,2026-09-01 14:00,中国政府采购网,,,default,,采购公告,,,,,,,,,
中国医学科学院北区配电室采购24小时无人值守系统采购项目成交公告更正公告,变更公告,BZZB-26-328,2026年09月01日 11:18,北京市,中国医学科学院,北京市东城区东单三条9号,李老师、司老师  010-65105541、65105925,北京北咨招标有限公司,北京市朝阳区华腾世纪总部公园F座11层1106室,李雪娇   13011142397,李雪娇,13011142397,,,https://www.ccgp.gov.cn/cggg/zygg/gzgg/202609/t20260901_27240789.htm,2026-09-10 09:49:14,一、项目基本情况 原公告的采购项目编号：BZZB-26-328 原公告的采购项目名称：中国医学科学院北区配电室采购24小时无人值守系统采购项目成交公告 首次公告日期：2026年08月17日 二、更正信息 更正事项：采购结果 更正内容： 中标（成交）金额为:50.785696万元更正为中标（成交）金额为:50.785896万元。 更正日期：2026年09月01日 三、其他补充事宜 无 四、凡对本次公告内容提出询问，请按以下方式联系。 1.采购人信息 名 称：中国医学科学院 地址：北京市东城区东单三条9号 联系方式：李老师、司老师 010-65105541、65105925 2.采购代理机构信息 名 称：北京北咨招标有限公司 地 址：北京市朝阳区华腾世纪总部公园F座11层1106室 联系方式：李雪娇 13011142397 3.项目联系方式 项目联系人：李雪娇 电 话： 13011142397,医疗卫生,,中国政府采购网,,,default,,采购结果,,,,,,,,,
中山大学孙逸仙纪念医院全量数据中心医学大数据平台一期（数据治理和中台建设）项目延期公告,变更公告,CLF0126GZ05ZC22,2026年09月01日 10:52,广州市,中山大学孙逸仙纪念医院,广州市沿江西路 107 号,020-81338019,采联国际招标采购集团有限公司,广东省广州市越秀区环市东路472号粤海大厦7、23楼,郭女士/陈女士 020-87651688-171/114,郭女士,020-87651688-171,,,https://www.ccgp.gov.cn/cggg/zygg/gzgg/202609/t20260901_27240502.htm,2026-09-10 09:49:15,一、项目基本情况 原公告的采购项目编号：CLF0126GZ05ZC22 原公告的采购项目名称：中山大学孙逸仙纪念医院全量数据中心医学大数据平台一期（数据治理和中台建设）项目 首次公告日期：2026年08月14日 二、更正信息 更正事项：采购公告 更正内容： （1） 原采购公告“项目概况：中山大学孙逸仙纪念医院全量数据中心医学大数据平台一期（数据治理和中台建设）项目招标项目的潜在投标人应在 广东省广州市越秀区环市东路472号粤海大厦7楼 获取招标文件，并于 2026年09月04日09点30分（北京时间）前递交投标文件。”延长至“项目概况：中山大学孙逸仙纪念医院全量数据中心医学大数据平台一期（数据治理和中台建设）项目招标项目的潜在投标人应在 广东省广州市越秀区环市东路472号粤海大厦7楼 获取招标文件，并于 2026年09月11日09点30分（北京时间）前递交投标文件。”（2） 原采购公告“四、提交投标文件截止时间、开标时间和地点：提交投标文件截止时间：2026年09月04日09点30分（北京时间）开标时间：2026年09月04日09点30分（北京时间）”，延长至“四、提交投标文件截止时间、开标时间和地点：提交投标文件截止时间：2026年09月11日09点30分（北京时间）开标时间： 2026年09月11日09点30分（北京时间）”。 更正日期：2026年09月01日 三、其他补充事宜 采购文件如涉及上述内容的亦作相应修改，其他内容不变。 四、凡对本次公告内容提出询问，请按以下方式联系。 1.采购人信息 名 称：中山大学孙逸仙纪念医院 地址：广州市沿江西路 107 号 联系方式：020-81338019 2.采购代理机构信息 名 称：采联国际招标采购集团有限公司 地 址：广东省广州市越秀区环市东路472号粤海大厦7、23楼 联系方式：郭女士/陈女士 020-87651688-171/114 3.项目联系方式 项目联系人：郭女士/陈女士 电 话： 020-87651688-171/114,医疗卫生,2026-09-04 09:30,中国政府采购网,,,default,,采购公告,,,,,,,,,
厦门出入境边防检查总站信息化硬件设备采购项目更正公告,变更公告,GC-HGX260807,2026年09月01日 10:50,厦门市,中华人民共和国厦门出入境边防检查总站,福建省厦门市海沧区马青路2001号,0592-6583562,中央国家机关政府采购中心,西章胡同9号院,010-83083702,,0592-6583562,厦门出入境边防检查总站信息化硬件设备采购项目变更文件.pdf,"[{""attach_name"": ""厦门出入境边防检查总站信息化硬件设备采购项目变更文件.pdf"", ""attach_url"": ""https://download.ccgp.gov.cn/oss/download?uuid=26cafb1f-8977-403b-a070-dba927""}]",https://www.ccgp.gov.cn/cggg/zygg/gzgg/202609/t20260901_27240551.htm,2026-09-10 09:49:16,厦门出入境边防检查总站信息化硬件设备采购项目更正公告 一、项目基本情况 1．项目编号：GC-HGX260807 2．项目名称：厦门出入境边防检查总站信息化硬件设备采购项目 3．首次公告日期：2026年8月31日 二、更正信息 1. 更正事项： 采购公告 2. 更正内容： 1、最高限价变更为：203.5万元，请重新下载招标文件。 2、其他内容不变。 3. 更正日期： 2026年9月1日 三、获取变更文件 1．时间：5个工作日 2．地点：中央政府采购网（http://www.zycg.gov.cn） 3．方式：在线下载 4．售价：免费 四、公告期限 自本公告发布之日起5个工作日，公告期限届满后获取变更文件的，获取时间以公告期限届满之日为准。 五、凡对本次公告内容提出询问，请按以下方式联系 1．采购人信息 名 称：中华人民共和国厦门出入境边防检查总站 地 址：福建省厦门市海沧区福建省厦门市海沧区马青路2001号 联系方式：0592-6583562 2．采购执行机构信息 名 称：中央国家机关政府采购中心 地 址：北京市西城区西直门内大街西章胡同9号院 邮政编码：100035 联系方式：详见http://www.zycg.gov.cn/home/contactus 3．项目联系方式 文件联系人及电话： 张雷 010-83084967 刘士伟 010-55602803 六、附件 1.厦门出入境边防检查总站信息化硬件设备采购项目变更文件 中央国家机关政府采购中心 2026年9月1日,信息技术,,中国政府采购网,,,default,,,,,,,,,,,
中国民用航空局空中交通管理局双井业务楼一层、六层部分业务用房更新改造项目会商系统及业务用房设备改造采购项目更正公告,变更公告,GC-HGX260659,2026年09月01日 10:35,市辖区,中国民用航空局空中交通管理局,北京市东城区东四西大街155号,010-87786367,中央国家机关政府采购中心,西章胡同9号院,010-83083702,,010-87786367,中国民用航空局空中交通管理局双井业务楼一层、六层部分业务用房更新改造项目会商系统及业务用房设备改造采购项目变更文件.pdf,"[{""attach_name"": ""中国民用航空局空中交通管理局双井业务楼一层、六层部分业务用房更新改造项目会商系统及业务用房设备改造采购项目变更文件.pdf"", ""attach_url"": ""https://download.ccgp.gov.cn/oss/download?uuid=2d97e7e9-44f1-4406-9318-acaf9d""}]",https://www.ccgp.gov.cn/cggg/zygg/gzgg/202609/t20260901_27240361.htm,2026-09-10 09:49:17,中国民用航空局空中交通管理局双井业务楼一层、六层部分业务用房更新改造项目会商系统及业务用房设备改造采购项目更正公告 一、项目基本情况 1．项目编号：GC-HGX260659 2．项目名称：中国民用航空局空中交通管理局双井业务楼一层、六层部分业务用房更新改造项目会商系统及业务用房设备改造采购项目 3．首次公告日期：2026年8月12日 二、更正信息 1. 更正事项： 采购公告 2. 更正内容： 招标文件第五部分采购需求磁盘阵列存储系统指标参数部分变更。 开标日期从9月2日变更至9月17日。 请重新下载招标文件。 3. 更正日期： 2026年9月1日 三、获取变更文件 1．时间：5个工作日 2．地点：中央政府采购网（http://www.zycg.gov.cn） 3．方式：在线下载 4．售价：免费 四、公告期限 自本公告发布之日起5个工作日，公告期限届满后获取变更文件的，获取时间以公告期限届满之日为准。 五、凡对本次公告内容提出询问，请按以下方式联系 1．采购人信息 名 称：中国民用航空局空中交通管理局 地 址：北京市北京市东城区北京市东城区东四西大街155号 联系方式：010-87786367 2．采购执行机构信息 名 称：中央国家机关政府采购中心 地 址：北京市西城区西直门内大街西章胡同9号院 邮政编码：100035 联系方式：详见http://www.zycg.gov.cn/home/contactus 3．项目联系方式 文件联系人及电话： 徐婧婧 010-83084953 张雷 010-83084967 六、附件 1.中国民用航空局空中交通管理局双井业务楼一层、六层部分业务用房更新改造项目会商系统及业务用房设备改造采购项目变更文件 中央国家机关政府采购中心 2026年9月1日,工程建设,,中国政府采购网,,,default,,,,,,,,,,,
关于GW2026-SH491厦门市思明区税务局、厦门市税务局稽查局税保大厦及其他办公点2026年-2029年物业管理服务项目的更正通知,变更公告,GW2026-SH491,2026年09月01日 10:34,厦门市,国家税务总局厦门市税务局,厦门市鹭江道318号鹭滨大厦,刘先生，0592-5360646,厦门市公物采购招投标有限公司,厦门市湖滨南路81号光大银行大厦10楼,黄龙华、黄丽萍0592-2279310、2233021,黄龙华、黄丽萍,0592-2279310、2233021,,,https://www.ccgp.gov.cn/cggg/zygg/gzgg/202609/t20260901_27240233.htm,2026-09-10 09:49:17,一、项目基本情况 原公告的采购项目编号：GW2026-SH491 原公告的采购项目名称：厦门公物－公开招标－GW2026-SH491-厦门市思明区税务局、厦门市税务局稽查局税保大厦及其他办公点2026年-2029年物业管理服务-采购公告 首次公告日期：2026年08月31日 二、更正信息 更正事项：采购公告 更正内容： 各潜在投标人：现对厦门市思明区税务局、厦门市税务局稽查局税保大厦及其他办公点2026年-2029年物业管理服务项目（项目编号：GW2026-SH491）更正通知如下：将本项目于2026年8月31日在中国政府采购网发布的采购公告中“提交投标文件截止时间：2026年09月07日 18点00分（北京时间）”澄清为“提交投标文件截止时间：2026年09月21日 09点00分（北京时间）”。采购人为：国家税务总局厦门市思明区税务局、国家税务总局厦门市税务局稽查局。 更正日期：2026年09月01日 三、其他补充事宜 四、凡对本次公告内容提出询问，请按以下方式联系。 1.采购人信息 名 称：国家税务总局厦门市税务局 地址：厦门市鹭江道318号鹭滨大厦 联系方式：刘先生，0592-5360646 2.采购代理机构信息 名 称：厦门市公物采购招投标有限公司 地 址：厦门市湖滨南路81号光大银行大厦10楼 联系方式：黄龙华、黄丽萍0592-2279310、2233021 3.项目联系方式 项目联系人：黄龙华、黄丽萍 电 话： 0592-2279310、2233021 咨询时间：法定工作日，上午8:30-12:00、下午14:30-18:00。,服务外包,2026-09-07 18:00,中国政府采购网,,,default,,采购公告,,,,,,,,,
中华人民共和国宁波海关缉私局办案区装备采购项目更正公告,变更公告,JC-HG20260222,2026年09月01日 10:25,海曙区,宁波海关缉私局,上海市闵行区三达路299号,李警官0574-89091129,公安部警用装备采购中心,上海市闵行区三达路299号,联系代表021-33292999,联系代表,021-33292999,JC-HG20260222中华人民共和国宁波海关缉私局办案区装备采购项目-202609010820183745.doc,"[{""attach_name"": ""JC-HG20260222中华人民共和国宁波海关缉私局办案区装备采购项目-202609010820183745.doc"", ""attach_url"": ""https://download.ccgp.gov.cn/oss/download?uuid=90be632d-9600-4aa0-80e8-a2e2d3""}]",https://www.ccgp.gov.cn/cggg/zygg/gzgg/202609/t20260901_27240210.htm,2026-09-10 09:49:18,一、项目基本情况项目编号：JC-HG20260222原公告的采购项目名称：中华人民共和国宁波海关缉私局办案区装备采购项目首次公告日期：2026年8月21日二、更正信息更正事项：采购文件更正内容：1、“1投标邀请”-1.10中报名时间更正为“投标人须在2026年9月22日17:00前，在电子化政府采购平台进行网上报名”；1.11中接受投标文件时间更正为：“即日起至2026年9月23日9时00分（北京时间）”，投标文件提交截止时间及开标时间更正为：“2026年9月23日9时00分（北京时间）”；1.12中签到和解密时间更正为：“2026年9月23日0:00分到9时00分，投标人须登录电子化政府采购平台办理签到；2026年9月23日9时00分到10时00分，投标人须登录电子化政府采购平台解密投标文件”。2、“2投标人须知前附表”-“24市场准入类资质”-“*本项目采购的产品中便携式讯问记录工作站和移动警务终端属于国家强制性产品，投标人须按照要求提供依据国家确定的认证机构出具的、处于有效期之内的中国强制性产品认证证书（扫描件加盖响应人公章），否则响应无效。”删除。以上更正内容具体详见公开招标文件。三、其他补充事宜无四、凡对本次公告内容提出询问，请按以下方式联系。1.采购人信息采购人名称：中华人民共和国宁波海关缉私局地址：浙江省宁波市海曙区长春路150号联系方式：李警官0574-890911292.采购代理机构信息名称：公安部警用装备采购中心地址：上海市闵行区三达路299号联系方式：联系代表 021-332929993.项目联系方式项目联系人：联系代表电话：021-33292999,公共安全,,中国政府采购网,,,default,,,,,,,,,,,
中国疾病预防控制中心2026年服务器采购项目更正公告,变更公告,GC-HGX260746,2026年09月01日 10:20,市辖区,中国疾病预防控制中心,北京市昌平区昌百路155号,010-58900135,中央国家机关政府采购中心,西章胡同9号院,010-83083702,,010-58900135,中国疾病预防控制中心2026年服务器采购项目变更文件.pdf,"[{""attach_name"": ""中国疾病预防控制中心2026年服务器采购项目变更文件.pdf"", ""attach_url"": ""https://download.ccgp.gov.cn/oss/download?uuid=8849d6d5-b90d-4f7c-b07a-cfdf3d""}]",https://www.ccgp.gov.cn/cggg/zygg/gzgg/202609/t20260901_27240143.htm,2026-09-10 09:49:19,中国疾病预防控制中心2026年服务器采购项目更正公告 一、项目基本情况 1．项目编号：GC-HGX260746 2．项目名称：中国疾病预防控制中心2026年服务器采购项目 3．首次公告日期：2026年8月18日 二、更正信息 1. 更正事项： 采购公告 2. 更正内容： 招标文件第四部分评标方法和评标标准非强制资质要求变更、第五部分采购需求“三、服务要求”变更，请重新下载招标文件。 开标日期从9月8日变更至9月17日。 3. 更正日期： 2026年9月1日 三、获取变更文件 1．时间：5个工作日 2．地点：中央政府采购网（http://www.zycg.gov.cn） 3．方式：在线下载 4．售价：免费 四、公告期限 自本公告发布之日起5个工作日，公告期限届满后获取变更文件的，获取时间以公告期限届满之日为准。 五、凡对本次公告内容提出询问，请按以下方式联系 1．采购人信息 名 称：中国疾病预防控制中心 地 址：北京市北京市昌平区北京市昌平区昌百路155号 联系方式：010-58900135 2．采购执行机构信息 名 称：中央国家机关政府采购中心 地 址：北京市西城区西直门内大街西章胡同9号院 邮政编码：100035 联系方式：详见http://www.zycg.gov.cn/home/contactus 3．项目联系方式 文件联系人及电话： 徐婧婧 010-83084953 王震 010-55602563 六、附件 1.中国疾病预防控制中心2026年服务器采购项目变更文件 中央国家机关政府采购中心 2026年9月1日,其他,,中国政府采购网,,,default,,,,,,,,,,,
大连保税区消防救援大队空气能热泵工程更正公告,变更公告,DLZFCG2026469,2026年09月01日 10:00,大连市,大连保税区消防救援大队,大连市保税区通港路117号,孙宝振15566663173,大连市政府采购中心,大连市甘井子区东北北路101号,石凯0411-65851242,孙宝振,15566663173,DLZFCG2026469大连保税区消防救援大队空气能热泵工程-更正稿-二次.docx,"[{""attach_name"": ""DLZFCG2026469大连保税区消防救援大队空气能热泵工程-更正稿-二次.docx"", ""attach_url"": ""https://download.ccgp.gov.cn/oss/download?uuid=ED551129D8E1238C7ACF4C0DDE579A""}]",https://www.ccgp.gov.cn/cggg/zygg/gzgg/202609/t20260901_27239946.htm,2026-09-10 09:49:20,一、项目基本情况 原公告的采购项目编号：DLZFCG2026469 原公告的采购项目名称：大连保税区消防救援大队空气能热泵工程 首次公告日期：2026年08月19日 二、更正信息 更正事项：采购文件 更正内容： 更正最高限价及递交投标文件截止时间。 更正日期：2026年09月01日 三、其他补充事宜 四、凡对本次公告内容提出询问，请按以下方式联系。 1.采购人信息 名 称：大连保税区消防救援大队 地址：大连市保税区通港路117号 联系方式：孙宝振15566663173 2.采购代理机构信息 名 称：大连市政府采购中心 地 址：大连市甘井子区东北北路101号 联系方式：石凯0411-65851242 3.项目联系方式 项目联系人：孙宝振 电 话： 15566663173,公共安全,,中国政府采购网,,,default,,采购文件,,,,,,,,,
中国科学院高能物理研究所高温原位多晶X射线衍射仪采购项目更正公告,变更公告,OITC-G260360361,2026年09月01日 09:59,北京市,中国科学院高能物理研究所,北京市石景山区玉泉路19号乙,梅雷  010-88235242,东方国际招标有限责任公司,北京市海淀区丹棱街1号互联网金融中心20层,耿佳 段威宇 陈君烁 冀松阳  010-68290565/0549/0509/0515，wyduan@oitc.com.cn/jgeng@oitc.com.cn,耿佳,010-68290565,0361更正公告附件.doc,"[{""attach_name"": ""0361更正公告附件.doc"", ""attach_url"": ""https://download.ccgp.gov.cn/oss/download?uuid=6F865B1665A2C049E7A34B195CC4A3""}]",https://www.ccgp.gov.cn/cggg/zygg/gzgg/202609/t20260901_27239926.htm,2026-09-10 09:49:20,一、项目基本情况 原公告的采购项目编号：OITC-G260360361 原公告的采购项目名称：中国科学院高能物理研究所高温原位多晶X射线衍射仪采购项目 首次公告日期：2026年08月21日 二、更正信息 更正事项：采购文件 更正内容： 1、本项目招标文件需求部分有更正，详见更正公告附件；2、本项目提交投标文件截止时间、开标时间更正为：2026年9月17日14:00（北京时间）；3、其余均不变。 更正日期：2026年09月01日 三、其他补充事宜 无 四、凡对本次公告内容提出询问，请按以下方式联系。 1.采购人信息 名 称：中国科学院高能物理研究所 地址：北京市石景山区玉泉路19号乙 联系方式： 梅雷 010-88235242 2.采购代理机构信息 名 称：东方国际招标有限责任公司 地 址：北京市海淀区丹棱街1号互联网金融中心20层 联系方式：耿佳 段威宇 陈君烁 冀松阳 010-68290565/0549/0509/0515，wyduan@oitc.com.cn/jgeng@oitc.com.cn 3.项目联系方式 项目联系人：耿佳 段威宇 陈君烁 冀松阳 电 话： 010-68290565/0549/0509/0515,教育培训,,中国政府采购网,,,default,,采购文件,,,,,,,,,
北京邮电大学动态多目标专用阵列存储嵌入模块、区域-平台复合高频专用并行嵌入模块、电磁参数测试模块、前处理网格生成嵌入模块、几何建模嵌入模块、国产化适配性嵌入模块货物采购项目【包5】更正公告,变更公告,BUPT-HWXCZB-26013/XHTC-HW-2026-0877,2026年09月01日 09:30,北京市,北京邮电大学,北京市海淀区西土城路10号,周老师 010-62282312,新华招标有限公司,北京市海淀区莲花池东路39号西金大厦8层,王乙 010-63905838,王乙、赵静颖、闫馨月、叶子青,010-63905961、010-63905827,"投标文件分项报价表.pdf,HW0877招标文件.pdf","[{""attach_name"": ""投标文件分项报价表.pdf"", ""attach_url"": ""https://download.ccgp.gov.cn/oss/download?uuid=7DE042E9C15E57652CC624986E4E50""}, {""attach_name"": ""HW0877招标文件.pdf"", ""attach_url"": ""https://download.ccgp.gov.cn/oss/download?uuid=8173A565896A5D46E527D1C586B09C""}]",https://www.ccgp.gov.cn/cggg/zygg/gzgg/202609/t20260901_27239734.htm,2026-09-10 09:49:21,一、项目基本情况 原公告的采购项目编号：BUPT-HWXCZB-26013/XHTC-HW-2026-0877 原公告的采购项目名称：北京邮电大学动态多目标专用阵列存储嵌入模块、区域-平台复合高频专用并行嵌入模块、电磁参数测试模块、前处理网格生成嵌入模块、几何建模嵌入模块、国产化适配性嵌入模块货物采购项目 首次公告日期：2026年07月03日 二、更正信息 更正事项：采购结果 更正内容： 本项目包五原中标供应商放弃中标，采购人按照评审报告推荐的中标候选人名单排序，确定下一候选人为中标供应商。中标信息如下：供应商名称：广州中望龙腾软件股份有限公司供应商地址：广州市天河区天坤四路118号中标（成交）金额：29.68（万元）主要中标标的名称、品牌、型号、数量、单价等信息，详见附件。本项目代理费收费标准：中标服务费以中标通知书的中标金额作为收取的计算基数，参照《招标代理服务收费管理暂行办法》（计价格[2002]1980号）下浮20%，按差额定率累进法计算。本项目代理费总金额：0.3562万元（人民币） 更正日期：2026年09月01日 三、其他补充事宜 相关修改按此执行，其余不变，特此公告。本公告同时在中国政府采购网（https://www.ccgp.gov.cn）和北京邮电大学校园网（https://www.bupt.edu.cn）上发布。公告期限：自本公告发布之日起1个工作日。 四、凡对本次公告内容提出询问，请按以下方式联系。 1.采购人信息 名 称：北京邮电大学 地址：北京市海淀区西土城路10号 联系方式：周老师 010-62282312 2.采购代理机构信息 名 称：新华招标有限公司 地 址：北京市海淀区莲花池东路39号西金大厦8层 联系方式：王乙 010-63905838 3.项目联系方式 项目联系人：王乙、赵静颖、闫馨月、叶子青、刁玉蕊、张际阳、赵静淑、杜芳瑜 电 话： 010-63905961、010-63905827,教育培训,,中国政府采购网,,,default,,采购结果,,,,,,,,,
中国科学院成都生物研究所自动聚焦声波样本处理系统采购项目中标更正公告,变更公告,OITC-G260170042,2026年09月01日 09:08,四川省,中国科学院成都生物研究所,成都市双流区群贤南街23号,李海腾 liht@cib.ac.cn,东方国际招标有限责任公司,北京市海淀区丹棱街1号互联网金融中心20层,迟兆洋、叶明、林杨婷 020-87001523  ytlin@oitc.com.cn、cjwang@oitc.com.cn 、sli@oitc.com.cn,迟兆洋、叶明、林杨婷,020-87001523,中小企业声明函、本国产品声明函.pdf,"[{""attach_name"": ""中小企业声明函、本国产品声明函.pdf"", ""attach_url"": ""https://download.ccgp.gov.cn/oss/download?uuid=BC5FDBD1791B8BC520CDFD7D0145AC""}]",https://www.ccgp.gov.cn/cggg/zygg/gzgg/202609/t20260901_27239613.htm,2026-09-10 09:49:22,"一、项目基本情况 原公告的采购项目编号：OITC-G260170042 原公告的采购项目名称：中国科学院成都生物研究所自动聚焦声波样本处理系统采购项目 首次公告日期：2026年08月10日 二、更正信息 更正事项：采购结果 更正内容： 本项目中标供应商研创科（成都）科技有限公司放弃中标资格。根据政府采购相关规定，经采购人确认，按照评审报告的中标候选人名单排序，确定下一候选人深圳达远辰光科技有限公司为中标供应商。中标(成交）信息：供应商名称：深圳达远辰光科技有限公司供应商地址：深圳市南山区桃源街道平山社区留仙大道4093号南山云谷创新产业园南风楼B座202主要标的信息： 序号    供应商名称      货物名称      货物品牌      货物型号      货物数量      货物单价(元)   1    深圳达远辰光科技有限公司    自动聚焦声波样本处理系统    达远辰光    CS-100    1套     288000 更正日期：2026年08月31日 三、其他补充事宜 1、原中标公告链接：https://www.ccgp.gov.cn/cggg/zygg/zbgg/202608/t20260810_27104025.htm2、本项目采用综合评分法，中标供应商的评审总得分为81.99分。3、本项目代理费收费标准：按照国家计委招标代理服务费暂行标准[2002]1980号文件中规定的货物采购收费比率。4、本项目代理费总金额为4200元人民币。5、 包号 货物名称 数量 中标投标人 中标投标人地址 中标价格 1 自动聚焦声波样本处理系统 1套 深圳达远辰光科技有限公司 深圳市南山区桃源街道平山社区留仙大道4093号南山云谷创新产业园南风楼B座202 ￥288,000.00   四、凡对本次公告内容提出询问，请按以下方式联系。 1.采购人信息 名 称：中国科学院成都生物研究所 地址：成都市双流区群贤南街23号 联系方式：李海腾 liht@cib.ac.cn 2.采购代理机构信息 名 称：东方国际招标有限责任公司 地 址：北京市海淀区丹棱街1号互联网金融中心20层 联系方式：迟兆洋、叶明、林杨婷 020-87001523 ytlin@oitc.com.cn、cjwang@oitc.com.cn 、sli@oitc.com.cn 3.项目联系方式 项目联系人：迟兆洋、叶明、林杨婷 电 话： 020-87001523",教育培训,,中国政府采购网,,,default,,采购结果,,,,,,,,,
中国科学院声学研究所深海无人集群实时监测系统一期（区域中心）（第二次）更正公告,变更公告,OITC-G260670540,2026年09月01日 09:08,北京市,中国科学院声学研究所,北京市海淀区北四环西路21号,鲁老师，010-68290584,东方国际招标有限责任公司,北京市海淀区丹棱街1号互联网金融中心20层,窦志超、李安齐、许宁010-68290507,窦志超、李安齐、许宁,010-68290507,,,https://www.ccgp.gov.cn/cggg/zygg/gzgg/202609/t20260901_27239611.htm,2026-09-10 09:49:22,一、项目基本情况 原公告的采购项目编号：OITC-G260670540 原公告的采购项目名称：深海无人集群实时监测系统一期（区域中心） 首次公告日期：2026年08月11日 二、更正信息 更正事项：采购公告 更正内容： 本项目招标文件售卖截止时间延长到2026年09月04日17:00（北京时间）；本项目提交投标文件截止时间、开标时间更正为：2026年09月08日09点30分（北京时间）；本项目提交投标文件地点、开标地点更正为：北京市海淀区丹棱街1号互联网金融中心20层科进厅。 更正日期：2026年09月01日 三、其他补充事宜 无 四、凡对本次公告内容提出询问，请按以下方式联系。 1.采购人信息 名 称：中国科学院声学研究所 地址：北京市海淀区北四环西路21号 联系方式：鲁老师，010-68290584 2.采购代理机构信息 名 称：东方国际招标有限责任公司 地 址：北京市海淀区丹棱街1号互联网金融中心20层 联系方式：窦志超、李安齐、许宁010-68290507 3.项目联系方式 项目联系人：窦志超、李安齐、许宁 电 话： 010-68290507,教育培训,,中国政府采购网,,,default,,采购公告,,,,,,,,,
中国科学院成都生物研究所微纳级超高精密3D打印平台(微纳级超高精度面投影微立体光刻系统)采购项目中标更正公告,变更公告,OITC-G260170046,2026年09月01日 09:07,四川省,中国科学院成都生物研究所,成都市双流区群贤南街23号,王斌 wangbin@cib.ac.cn,东方国际招标有限责任公司,北京市海淀区丹棱街1号互联网金融中心20层,迟兆洋、叶明、林杨婷 020-87001523  ytlin@oitc.com.cn、cjwang@oitc.com.cn 、sli@oitc.com.cn,迟兆洋、叶明、林杨婷,020-87001523,中小企业声明函、本国产品声明函.pdf,"[{""attach_name"": ""中小企业声明函、本国产品声明函.pdf"", ""attach_url"": ""https://download.ccgp.gov.cn/oss/download?uuid=420EC0BC7951CC4E755B31642FF38F""}]",https://www.ccgp.gov.cn/cggg/zygg/gzgg/202609/t20260901_27239602.htm,2026-09-10 09:49:23,"一、项目基本情况 原公告的采购项目编号：OITC-G260170046 原公告的采购项目名称：中国科学院成都生物研究所微纳级超高精密3D 打印平台(微纳级超高精度面投影微立体光刻系统)采购项目 首次公告日期：2026年08月10日 二、更正信息 更正事项：采购结果 更正内容： 本项目中标供应商四川昭阳宏远国际贸易有限公司放弃中标资格。根据政府采购相关规定，经采购人确认，按照评审报告的中标候选人名单排序，确定下一候选人新疆拉瓦锡科技技术有限责任公司为中标供应商。中标(成交）信息：供应商名称：新疆拉瓦锡科技技术有限责任公司供应商地址：新疆阿克苏地区拜城县拜城镇温泉南路团结社区（艺苑小区）8幢3单元302室主要标的信息： 序号    供应商名称      货物名称      货物品牌      货物型号      货物数量      货物单价(元)   1    新疆拉瓦锡科技技术有限责任公司    微纳级超高精密 3D 打印平台(微纳级超高精度面投影微立体光刻系统)    摩方精密    S460A      1套      1498000    更正日期：2026年08月31日 三、其他补充事宜 1、原中标公告链接：https://www.ccgp.gov.cn/cggg/zygg/zbgg/202608/t20260810_27104145.htm2、本项目采用综合评分法，中标供应商的评审总得分为84.63分。3、本项目代理费收费标准：按照国家计委招标代理服务费暂行标准[2002]1980号文件中规定的货物采购收费比率。4、本项目代理费总金额为20478元人民币。5、 包号 货物名称 数量 中标投标人 中标投标人地址 中标价格 1 微纳级超高精密 3D 打印平台(微纳级超高精度面投影微立体光刻系统) 1套 新疆拉瓦锡科技技术有限责任公司 新疆阿克苏地区拜城县拜城镇温泉南路团结社区（艺苑小区）8幢3单元302室 ￥1,498,000.00 四、凡对本次公告内容提出询问，请按以下方式联系。 1.采购人信息 名 称：中国科学院成都生物研究所 地址：成都市双流区群贤南街23号 联系方式：王斌 wangbin@cib.ac.cn 2.采购代理机构信息 名 称：东方国际招标有限责任公司 地 址：北京市海淀区丹棱街1号互联网金融中心20层 联系方式：迟兆洋、叶明、林杨婷 020-87001523 ytlin@oitc.com.cn、cjwang@oitc.com.cn 、sli@oitc.com.cn 3.项目联系方式 项目联系人：迟兆洋、叶明、林杨婷 电 话： 020-87001523",教育培训,,中国政府采购网,,,default,,采购结果,,,,,,,,,
开封市消防救援支队2026年度机关餐饮管理公司及副食品配送定点单位项目-第一标段更正公告,变更公告,,2026年08月31日 22:03,河南省,开封市消防救援支队,河南省开封市宋城路与五大街交叉口北200米路东,石先生0371-22260026,河南铭巨工程管理咨询有限公司,河南省开封市顺河回族区铁塔街道北门大街314号303室,陈女士15937855217,石先生,0371-22260026,,,https://www.ccgp.gov.cn/cggg/zygg/gzgg/202608/t20260831_27238986.htm,2026-09-10 09:49:23,一、项目基本情况 原公告的采购项目编号：汴财招标采购-2026-60 原公告的采购项目名称：开封市消防救援支队2026年度机关餐饮管理公司及副食品配送定点单位项目 首次公告日期：2026年08月11日 二、更正信息 更正事项：采购文件 更正内容： 1、原文件获取时间：2026年08月12日 - 2026年08月31日（北京时间）文件获取截止时间变更为：2026年09月15日23时59分（北京时间）2、原开标时间：2026年09月01日09时30分（北京时间）开标时间变更为：2026年09月16日09时30分（北京时间）3、原采购信息内容原开标时间：2026年09月01日09时30分（北京时间）变更为开标时间：2026年09月16日09时30分（北京时间） 更正日期：2026年08月31日 三、其他补充事宜 监督部门：开封市财政局政府采购管理办公室联系方式：0371-23876034 四、凡对本次公告内容提出询问，请按以下方式联系。 1.采购人信息 名 称：开封市消防救援支队 地址：河南省开封市宋城路与五大街交叉口北200米路东 联系方式：石先生0371-22260026 2.采购代理机构信息 名 称：河南铭巨工程管理咨询有限公司 地 址：河南省开封市顺河回族区铁塔街道北门大街314号303室 联系方式：陈女士15937855217 3.项目联系方式 项目联系人：石先生 电 话： 0371-22260026,公共安全,,中国政府采购网,,,default,,采购文件,,,,,,,,,
开封市消防救援支队2026年度机关餐饮管理公司及副食品配送定点单位项目-第二标段更正公告-更正公告,变更公告,,2026年08月31日 22:02,河南省,开封市消防救援支队,河南省开封市宋城路与五大街交叉口北200米路东,石先生0371-22260026,河南铭巨工程管理咨询有限公司,河南省开封市顺河回族区铁塔街道北门大街314号303室,陈女士15937855217,石先生,0371-22260026,,,https://www.ccgp.gov.cn/cggg/zygg/gzgg/202608/t20260831_27238982.htm,2026-09-10 09:49:24,一、项目基本情况 原公告的采购项目编号：汴财招标采购-2026-60 原公告的采购项目名称：开封市消防救援支队2026年度机关餐饮管理公司及副食品配送定点单位项目 首次公告日期：2026年08月11日 二、更正信息 更正事项：采购文件 更正内容： 1、原文件获取时间：2026年08月12日 - 2026年08月31日（北京时间）文件获取截止时间变更为：2026年09月15日23时59分（北京时间）2、原开标时间：2026年09月01日09时30分（北京时间）开标时间变更为：2026年09月16日09时30分（北京时间）3、原采购信息内容原开标时间：2026年09月01日09时30分（北京时间）变更为开标时间：2026年09月16日09时30分（北京时间） 4、原采购信息内容 原招标文件中1.结算价=当月货款*（1-投标人所报折扣率）。2.招标文件第一章招标公告中采购项目名称：开封市消防救援支队2025年度开封市消防救援支队机关餐饮管理公司及副食品配送定点单位项目 变更为结算价=当月货款*投标人所报折扣率。2.招标文件第一章招标公告中采购项目名称：开封市消防救援支队2026年度机关餐饮管理公司及副食品配送定点单位项目 更正日期：2026年08月31日 三、其他补充事宜 监督部门：开封市财政局政府采购管理办公室联系方式：0371-23876034 四、凡对本次公告内容提出询问，请按以下方式联系。 1.采购人信息 名 称：开封市消防救援支队 地址：河南省开封市宋城路与五大街交叉口北200米路东 联系方式：石先生0371-22260026 2.采购代理机构信息 名 称：河南铭巨工程管理咨询有限公司 地 址：河南省开封市顺河回族区铁塔街道北门大街314号303室 联系方式：陈女士15937855217 3.项目联系方式 项目联系人：石先生 电 话： 0371-22260026,公共安全,,中国政府采购网,,,default,,采购文件,,,,,,,,,
山东大学齐鲁第二医院放射科云胶片服务项目更正公告,变更公告,HYHA2026-2287,2026年08月31日 21:07,济南市,山东大学齐鲁第二医院,济南市北园大街247号,0531-85875076,海逸恒安项目管理有限公司,山东省济南市历下区华润置地广场A5-6号楼27层,王凤英、田飞飞、张洋洋、朱坤乐 0531-88763191,王凤英、田飞飞、张洋洋、朱坤乐,0531-88763191,附件：更正文件-山东大学齐鲁第二医院放射科云胶片服务项目.pdf,"[{""attach_name"": ""附件：更正文件-山东大学齐鲁第二医院放射科云胶片服务项目.pdf"", ""attach_url"": ""https://download.ccgp.gov.cn/oss/download?uuid=327E443C8E14BBF64DAEC4B4AA1D47""}]",https://www.ccgp.gov.cn/cggg/zygg/gzgg/202608/t20260831_27238901.htm,2026-09-10 09:49:25,一、项目基本情况 原公告的采购项目编号：HYHA2026-2287 原公告的采购项目名称：山东大学齐鲁第二医院放射科云胶片服务项目 首次公告日期：2026年08月26日 二、更正信息 更正事项：采购文件 更正内容： 详见附件。 更正日期：2026年08月31日 三、其他补充事宜 无。 四、凡对本次公告内容提出询问，请按以下方式联系。 1.采购人信息 名 称：山东大学齐鲁第二医院 地址：济南市北园大街247号 联系方式：0531-85875076 2.采购代理机构信息 名 称：海逸恒安项目管理有限公司 地 址：山东省济南市历下区华润置地广场A5-6号楼27层 联系方式：王凤英、田飞飞、张洋洋、朱坤乐 0531-88763191 3.项目联系方式 项目联系人：王凤英、田飞飞、张洋洋、朱坤乐 电 话： 0531-88763191,医疗卫生,,中国政府采购网,,,default,,采购文件,,,,,,,,,
南京大学小动物超分辨多频超声成像仪更正公告,变更公告,GZH2602409,2026年08月31日 21:05,南京市,南京大学,江苏省南京市栖霞区仙林大道163号,卢老师 025-89688969,江苏省设备采购国际招标中心有限公司,江苏省南京市鼓楼区草场门大街101号文荟大厦5楼,浦芳芳、刘流、黄磊、王汝宝 025-83718532、83712161、83705998、83712908,浦芳芳、刘流、黄磊、王汝宝,025-83718532、83712161、83705998、83712908,澄清修改说明.pdf,"[{""attach_name"": ""澄清修改说明.pdf"", ""attach_url"": ""https://download.ccgp.gov.cn/oss/download?uuid=BD7A5A72E04677C09E765B883A82CB""}]",https://www.ccgp.gov.cn/cggg/zygg/gzgg/202608/t20260831_27238890.htm,2026-09-10 09:49:25,一、项目基本情况 原公告的采购项目编号：GZH2602409（采购代理机构编号：0667-261JIBEP9067） 原公告的采购项目名称：小动物超分辨多频超声成像仪 首次公告日期：2026年08月26日 二、更正信息 更正事项：采购文件 更正内容： 1、招标文件“第三章 招标需求”第七条商务要求部分内容更正，具体详见澄清修改说明；2、招标文件“第五章 拟签订合同格式”部分内容更正，具体详见澄清修改说明； 更正日期：2026年08月31日 三、其他补充事宜 无 四、凡对本次公告内容提出询问，请按以下方式联系。 1.采购人信息 名 称：南京大学 地址：江苏省南京市栖霞区仙林大道163号 联系方式：卢老师 025-89688969 2.采购代理机构信息 名 称：江苏省设备采购国际招标中心有限公司 地 址：江苏省南京市鼓楼区草场门大街101号文荟大厦5楼 联系方式：浦芳芳、刘流、黄磊、王汝宝 025-83718532、83712161、83705998、83712908 3.项目联系方式 项目联系人：浦芳芳、刘流、黄磊、王汝宝 电 话： 025-83718532、83712161、83705998、83712908,教育培训,,中国政府采购网,,,default,,采购文件,,,,,,,,,
中国石油大学（北京）QS学术声誉数据集更正公告,变更公告,SHZB2026-574,2026年08月31日 20:48,北京市,中国石油大学（北京）,北京市昌平区府学路18号,张老师 010-89737559,盛和招标代理有限公司,北京市海淀区马甸东路17号金澳国际写字楼27层2707-2710室,崔耀文、陈子轩、毛允东、韩伟、侯美玲、许铖铖、李秀艳、李卫强、孙伟、高干、苏云龙、梁冰13145412332、13731676296、18706413729,崔耀文、陈子轩、毛允东、韩伟,13145412332、13731676296、18706413729,,,https://www.ccgp.gov.cn/cggg/zygg/gzgg/202608/t20260831_27238844.htm,2026-09-10 09:49:26,一、项目基本情况 原公告的采购项目编号：SHZB2026-574 原公告的采购项目名称：中国石油大学（北京）QS学术声誉数据集公开招标公告 首次公告日期：2026年08月07日 二、更正信息 更正事项：采购公告 更正内容： 一、原内容：四、提交投标文件截止时间、开标时间和地点提交投标文件截止时间：2026年09月03日 14点30分（北京时间）开标时间：2026年09月03日 14点30分（北京时间）地点：盛和招标代理有限公司（北京市海淀区马甸东路17号金澳国际写字楼27层第二开标室）。变更后：四、提交投标文件截止时间、开标时间和地点提交投标文件截止时间：2026年09月03日 14点30分（北京时间）开标时间：2026年09月03日 14点30分（北京时间）地点：中国石油大学（北京）主楼A座（校东门旁）A1222会议室（北京市昌平区府学路18号）。二、其他内容不变。 更正日期：2026年08月31日 三、其他补充事宜 无。 四、凡对本次公告内容提出询问，请按以下方式联系。 1.采购人信息 名 称：中国石油大学（北京） 地址：北京市昌平区府学路18号 联系方式：张老师 010-89737559 2.采购代理机构信息 名 称：盛和招标代理有限公司 地 址：北京市海淀区马甸东路17号金澳国际写字楼27层2707-2710室 联系方式：崔耀文、陈子轩、毛允东、韩伟、侯美玲、许铖铖、李秀艳、李卫强、孙伟、高干、苏云龙、梁冰13145412332、13731676296、18706413729 3.项目联系方式 项目联系人：崔耀文、陈子轩、毛允东、韩伟、侯美玲、许铖铖、李秀艳、李卫强、孙伟、高干、苏云龙、梁冰 电 话： 13145412332、13731676296、18706413729,教育培训,2026-09-03 14:30,中国政府采购网,,,default,,采购公告,,,,,,,,,
200W、500W燃料电池测试系统采购项目更正公告,变更公告,HR-LZ20260083,2026年08月31日 19:50,北京市,zycgr22011902,/,李老师 010-57305134,天恒招标有限公司,北京市东城区东四十条甲22号南新仓商务大厦B座922,刘艳素、王文静、陈洁、徐梓瑶、刘戈 010-53347227、17710393237,刘艳素、王文静、陈洁、徐梓瑶,010-53347227、17710393237,200W、500W燃料电池测试系统采购项目-更正公告(1).docx,"[{""attach_name"": ""200W、500W燃料电池测试系统采购项目-更正公告(1).docx"", ""attach_url"": ""https://download.ccgp.gov.cn/oss/download?uuid=8DE602800F8B06A88C9142945DE8F0""}]",https://www.ccgp.gov.cn/cggg/zygg/gzgg/202608/t20260831_27238684.htm,2026-09-10 09:49:26,一、项目基本情况 原公告的采购项目编号：HR-LZ20260083 原公告的采购项目名称：200W、500W燃料电池测试系统采购项目 首次公告日期：2026年08月18日 二、更正信息 更正事项：采购文件 更正内容： 原招标文件：1）第一章《投标邀请》四、提交投标文件截止时间、开标时间和地点投标截止时间、开标时间：2026年9月10日09时30分（北京时间）。地点：天恒招标有限公司会议室（北京市东城区东四十条甲22号南新仓商务大厦B座922）。 更正为：1）第一章《投标邀请》四、提交投标文件截止时间、开标时间和地点投标截止时间、开标时间：2026年9月17日09时30分（北京时间）。地点：天恒招标有限公司会议室（北京市东城区东四十条甲22号南新仓商务大厦B座922）。 更正日期：2026年08月31日 三、其他补充事宜 发布公告的媒介：中国政府采购网。 四、凡对本次公告内容提出询问，请按以下方式联系。 1.采购人信息 名 称：zycgr22011902 地址：/ 联系方式：李老师 010-57305134 2.采购代理机构信息 名 称：天恒招标有限公司 地 址：北京市东城区东四十条甲22号南新仓商务大厦B座922 联系方式：刘艳素、王文静、陈洁、徐梓瑶、刘戈 010-53347227、17710393237 3.项目联系方式 项目联系人：刘艳素、王文静、陈洁、徐梓瑶、刘戈 电 话： 010-53347227、17710393237,其他,,中国政府采购网,,,default,,采购文件,,,,,,,,,
中国海洋大学工程1号楼修缮工程变更公告,变更公告,QDQZZB-260812,2026年08月31日 19:41,青岛市,中国海洋大学,山东省青岛市崂山区松岭路238号,王老师0532- 66781808,青岛青招招标有限公司,青岛市崂山区辽阳东路23号山钢东部新天地1幢15层,徐芬0532-88913680,徐芬,0532-88913680,,,https://www.ccgp.gov.cn/cggg/zygg/gzgg/202608/t20260831_27238654.htm,2026-09-10 09:49:27,一、项目基本情况 原公告的采购项目编号：QDQZZB-260812 原公告的采购项目名称：中国海洋大学工程1号楼修缮工程 首次公告日期：2026年08月21日 二、更正信息 更正事项：采购公告 更正内容： 1.原递交响应文件时间：2026年9月3日9时00分至9时30分。2.原开标时间：2026年9月3日9时30分。现变更为：1.递交响应文件时间：2026年9月7日9时00分至9时30分。2.开标时间：2026年9月7日9时30分。 更正日期：2026年08月31日 三、其他补充事宜 竞争性磋商文件其他内容不变，特此公告。本公告作为竞争性磋商文件的组成部分之一，与竞争性磋商文件不一致的部分以本公告为准。由此带来的不便敬请谅解。 四、凡对本次公告内容提出询问，请按以下方式联系。 1.采购人信息 名 称：中国海洋大学 地址：山东省青岛市崂山区松岭路238号 联系方式：王老师0532- 66781808 2.采购代理机构信息 名 称：青岛青招招标有限公司 地 址：青岛市崂山区辽阳东路23号山钢东部新天地1幢15层 联系方式：徐芬0532-88913680 3.项目联系方式 项目联系人：徐芬 电 话： 0532-88913680,教育培训,,中国政府采购网,,,default,,采购公告,,,,,,,,,
皇岗海关2026年海关监管闸机采购项目更正公告,变更公告,SZZZ2026-QA0203,2026年08月31日 19:31,深圳市,中华人民共和国皇岗海关,深圳市福田南路22号皇岗海关,林工，0755-84396729,深圳市中正招标有限公司,深圳市福田区民田路171号新华保险大厦903,0755-83026699,林丹呈,0755-83026699,,,https://www.ccgp.gov.cn/cggg/zygg/gzgg/202608/t20260831_27238622.htm,2026-09-10 09:49:28,一、项目基本情况 原公告的采购项目编号：SZZZ2026-QA0203 原公告的采购项目名称：皇岗海关2026年海关监管闸机采购项目 首次公告日期：2026年08月17日 二、更正信息 更正事项：采购文件 更正内容： 根据采购单位意见，本项目更正如下：（1）招标文件项目需求/三、技术要求/旅检进出境监管闸机 原内容 更正后内容 ★4.具备红外体温监测功能，在旅客进行证件读取的同时，对旅客进行无感式额温探测，并自动拟合人体体温，实现高精度体温探测；内置黑体辐射源，黑体辐射面≤14mm×14mm，红外热像模块分辨率≥1920×1080。测温精度:≤±0.3°C；测温范围覆盖30~42°C。设备应实现人脸检测，防止水杯、食物等物品误报。 ★4.具备红外体温监测功能，在旅客进行证件读取的同时，对旅客进行无感式额温探测，并自动拟合人体体温，实现高精度体温探测；内置黑体辐射源，黑体辐射面≤14mm×14mm，红外热成像模块分辨率≥384×288，可见光成像分辨率≥1920×1080。测温精度:≤±0.3°C；测温范围覆盖30~42°C。设备应实现人脸检测，防止水杯、食物等物品误报。 （2）投标截止时间、开标时间 原内容 更正后内容 2026年9月7日14点30分（北京时间） 2026年9月16日14点30分（北京时间） 原采购公告及采购文件其他内容不作修改，如有不一致或矛盾之处，以本公告更正内容为准。 更正日期：2026年08月31日 三、其他补充事宜 无 四、凡对本次公告内容提出询问，请按以下方式联系。 1.采购人信息 名 称：中华人民共和国皇岗海关 地址：深圳市福田南路22号皇岗海关 联系方式：林工，0755-84396729 2.采购代理机构信息 名 称：深圳市中正招标有限公司 地 址：深圳市福田区民田路171号新华保险大厦903 联系方式：0755-83026699 3.项目联系方式 项目联系人：林丹呈/武国柱 电 话： 0755-83026699,科研检测,,中国政府采购网,,,default,,采购文件,,,,,,,,,
中国科学院心理研究所超快光学层切全景扫描系统采购项目更正公告,变更公告,OITC-G260160216,2026年08月31日 19:21,北京市,中国科学院心理研究所,北京市朝阳区林萃路16号院,010-64850863,东方国际招标有限责任公司,北京市海淀区丹棱街1号互联网金融中心20层,唐添慧 吴旭 冯宇图 010-68290526、010-68290510、010-68290550   thtang@oitc.com.cn,唐添慧,010-68290526、010-68290510、010-68290550,,,https://www.ccgp.gov.cn/cggg/zygg/gzgg/202608/t20260831_27238565.htm,2026-09-10 09:49:28,一、项目基本情况 原公告的采购项目编号：OITC-G260160216 原公告的采购项目名称：中国科学院心理研究所超快光学层切全景扫描系统采购项目 首次公告日期：2026年08月24日 二、更正信息 更正事项：采购公告 更正内容： 1、本项目获取招标文件时间延期至：2026年09月13日 17：00（北京时间，法定节假日除外）2、其余不变 更正日期：2026年08月31日 三、其他补充事宜 无 四、凡对本次公告内容提出询问，请按以下方式联系。 1.采购人信息 名 称：中国科学院心理研究所 地址：北京市朝阳区林萃路16号院 联系方式：010-64850863 2.采购代理机构信息 名 称：东方国际招标有限责任公司 地 址：北京市海淀区丹棱街1号互联网金融中心20层 联系方式：唐添慧 吴旭 冯宇图 010-68290526、010-68290510、010-68290550 thtang@oitc.com.cn 3.项目联系方式 项目联系人：唐添慧 吴旭 冯宇图 电 话： 010-68290526、010-68290510、010-68290550,教育培训,,中国政府采购网,,,default,,采购公告,,,,,,,,,
泾源县消防救援大队白通路消防救援站训练场地建设项目更正公告,变更公告,HCZB-2026-,2026年08月31日 19:15,泾源县,泾源县消防救援大队,宁夏固原市泾源县滨河路,王骏卿0954-5011105,宁夏汇程项目管理有限公司,宁夏银川市金凤区鸿曦悦海湾C区1栋2层,开博辉、师晓荣0951-6150811、17395195455,王骏卿,0954-5011105,,,https://www.ccgp.gov.cn/cggg/zygg/gzgg/202608/t20260831_27238537.htm,2026-09-10 09:49:29,一、项目基本情况 原公告的采购项目编号：HCZB-2026-（采）-48 原公告的采购项目名称：泾源县消防救援大队白通路消防救援站训练场地建设项目 首次公告日期：2026年08月25日 二、更正信息 更正事项：采购文件 更正内容： 本项目预算金额及最高限价变更为291334.77元，其他内容不变！ 更正日期：2026年08月31日 三、其他补充事宜 本项目变更公告在中国政府采购网发布。 四、凡对本次公告内容提出询问，请按以下方式联系。 1.采购人信息 名 称：泾源县消防救援大队 地址：宁夏固原市泾源县滨河路 联系方式：王骏卿0954-5011105 2.采购代理机构信息 名 称：宁夏汇程项目管理有限公司 地 址：宁夏银川市金凤区鸿曦悦海湾C区1栋2层 联系方式：开博辉、师晓荣0951-6150811、17395195455 3.项目联系方式 项目联系人：王骏卿 电 话： 0954-5011105,公共安全,,中国政府采购网,,,default,,采购文件,,,,,,,,,
开封市消防救援支队全市消防救援队伍米面油实施集中采购定点单位项目-更正公告,变更公告,,2026年08月31日 18:46,市辖区,开封市消防救援支队,河南省开封市宋城路与五大街交叉口北200米路东,石先生0371-22260026,河南铭巨工程管理咨询有限公司,河南省开封市顺河回族区铁塔街道北门大街314号303室,陈女士15937855217,石先生,0371-22260026,,,https://www.ccgp.gov.cn/cggg/zygg/gzgg/202608/t20260831_27238323.htm,2026-09-10 09:49:29,一、项目基本情况 原公告的采购项目编号：汴财招标采购-2026-59 原公告的采购项目名称：开封市消防救援支队全市消防救援队伍米面油实施集中采购定点单位项目 首次公告日期：2026年08月11日 二、更正信息 更正事项：采购文件 更正内容： 1、原文件获取时间：2026年08月12日 - 2026年09月02日（北京时间）文件获取截止时间变更为：2026年09月16日23时59分（北京时间）2、原开标时间：2026年09月03日09时30分（北京时间）开标时间变更为：2026年09月17日09时30分（北京时间）3、原采购信息内容原招标文件中结算价=当月货款*(1-投标人所报折扣率)。变更为结算价=当月货款*投标人所报折扣率。  更正日期：2026年08月31日 三、其他补充事宜 监督部门：开封市财政局政府采购管理办公室联系方式：0371-23876034 四、凡对本次公告内容提出询问，请按以下方式联系。 1.采购人信息 名 称：开封市消防救援支队 地址：河南省开封市宋城路与五大街交叉口北200米路东 联系方式：石先生0371-22260026 2.采购代理机构信息 名 称：河南铭巨工程管理咨询有限公司 地 址：河南省开封市顺河回族区铁塔街道北门大街314号303室 联系方式：陈女士15937855217 3.项目联系方式 项目联系人：石先生 电 话： 0371-22260026,公共安全,,中国政府采购网,,,default,,采购文件,,,,,,,,,
中国海洋大学旋转流变仪、X射线衍射仪等设备采购项目更正公告,变更公告,HYHAQD2026-0447,2026年08月31日 18:00,青岛市,中国海洋大学,山东省青岛市崂山区松岭路238号,崔老师 0532-66781979,海逸恒安项目管理有限公司,山东省青岛市崂山区香岭路1号北大资源博雅3号楼22层2203室,逄昊晟、曹丽娜 0532-85761207,逄昊晟、曹丽娜,0532-85761207,中国海洋大学旋转流变仪、X射线衍射仪等设备采购项目中标清单.doc,"[{""attach_name"": ""中国海洋大学旋转流变仪、X射线衍射仪等设备采购项目中标清单.doc"", ""attach_url"": ""https://download.ccgp.gov.cn/oss/download?uuid=25E89CEE219F743B28802FAFBC181A""}]",https://www.ccgp.gov.cn/cggg/zygg/gzgg/202608/t20260831_27237851.htm,2026-09-10 09:49:30,一、项目基本情况 原公告的采购项目编号：HYHAQD2026-0447 原公告的采购项目名称：中国海洋大学旋转流变仪、X射线衍射仪等设备采购项目 首次公告日期：2026年08月10日 二、更正信息 更正事项：采购结果 更正内容： 针对原中国海洋大学旋转流变仪、X射线衍射仪等设备采购项目中标公告附件—中标清单进行变更，具体详见本公告附件。 更正日期：2026年08月31日 三、其他补充事宜 中标公告其他内容不变，特此公告。由此带来的不便敬请谅解。 四、凡对本次公告内容提出询问，请按以下方式联系。 1.采购人信息 名 称：中国海洋大学 地址：山东省青岛市崂山区松岭路238号 联系方式：崔老师 0532-66781979 2.采购代理机构信息 名 称：海逸恒安项目管理有限公司 地 址：山东省青岛市崂山区香岭路1号北大资源博雅3号楼22层2203室 联系方式：逄昊晟、曹丽娜 0532-85761207 3.项目联系方式 项目联系人：逄昊晟、曹丽娜 电 话： 0532-85761207,教育培训,,中国政府采购网,,,default,,采购结果,,,,,,,,,
中国药科大学游泳馆大屏购置采购项目更正公告,变更公告,GC-HGX260646,2026年08月31日 18:00,南京市,中国药科大学,江苏省南京市江宁区龙眠大道639号,025-86185261,中央国家机关政府采购中心,西章胡同9号院,010-83083702,,025-86185261,中国药科大学游泳馆大屏购置采购项目变更文件.pdf,"[{""attach_name"": ""中国药科大学游泳馆大屏购置采购项目变更文件.pdf"", ""attach_url"": ""https://download.ccgp.gov.cn/oss/download?uuid=7c07fa3a-0fcb-4032-be13-126deb""}]",https://www.ccgp.gov.cn/cggg/zygg/gzgg/202608/t20260831_27237902.htm,2026-09-10 09:49:31,中国药科大学游泳馆大屏购置采购项目更正公告 一、项目基本情况 1．项目编号：GC-HGX260646 2．项目名称：中国药科大学游泳馆大屏购置采购项目 3．首次公告日期：2026年8月12日 二、更正信息 1. 更正事项： 采购公告 2. 更正内容： 1、采购文件第五部分采购需求(三)产品清单及指标要求中游泳馆全彩LED显示屏指标项序号1硬件要求内容有更正；2、第五部分采购需求三、服务要求中人员资格标准3要求内容有更正；3、投标截止及开标时间调整为 2026-09-16 09:00:00。请重新下载采购文件。 3. 更正日期： 2026年8月31日 三、获取变更文件 1．时间：5个工作日 2．地点：中央政府采购网（http://www.zycg.gov.cn） 3．方式：在线下载 4．售价：免费 四、公告期限 自本公告发布之日起5个工作日，公告期限届满后获取变更文件的，获取时间以公告期限届满之日为准。 五、凡对本次公告内容提出询问，请按以下方式联系 1．采购人信息 名 称：中国药科大学 地 址：江苏省南京市江宁区江苏省南京市江宁区龙眠大道639号 联系方式：025-86185261 2．采购执行机构信息 名 称：中央国家机关政府采购中心 地 址：北京市西城区西直门内大街西章胡同9号院 邮政编码：100035 联系方式：详见http://www.zycg.gov.cn/home/contactus 3．项目联系方式 文件联系人及电话： 姜文涛 010-83084975 张雷 010-83084967 六、附件 1.中国药科大学游泳馆大屏购置采购项目变更文件 中央国家机关政府采购中心 2026年8月31日,医疗卫生,,中国政府采购网,,,default,,,,,,,,,,,
青岛海关技术中心试剂耗材采购项目（二）更正公告,变更公告,GHHX2026000066,2026年08月31日 17:47,青岛市,青岛海关技术中心,青岛市城阳区新悦路83号,王铭0532-85253626,山东国华厚信工程咨询有限公司,青岛市城阳区正阳路305号天一仁和广场写字楼14楼,陈星0532-66656399,陈星,0532-66656399,青岛海关技术中心关于试剂耗材采购项目(二）更正公告.docx,"[{""attach_name"": ""青岛海关技术中心关于试剂耗材采购项目(二）更正公告.docx"", ""attach_url"": ""https://download.ccgp.gov.cn/oss/download?uuid=62BCB138FDF3D989421FB0EEEBBA86""}]",https://www.ccgp.gov.cn/cggg/zygg/gzgg/202608/t20260831_27237599.htm,2026-09-10 09:49:31,一、项目基本情况 原公告的采购项目编号：GHHX2026000066 原公告的采购项目名称：青岛海关技术中心试剂耗材采购项目（二） 首次公告日期：2026年08月19日 二、更正信息 更正事项：采购公告 更正内容： 更正事项：招标文件第四章  采购需求四包：物料耗材如下货物： 序号 cas 货物名称 英文 规格型号 单位 数量 技术指标 控制单价 控制总价 397   塑料搅拌棒   壹米直径10cm 个 1 1m PP 搅拌棒，直径 10mm，一体成型，无毛刺，耐常规有机溶剂 2 2 492   一次性活性炭口罩   50只/盒 非独立包装 盒 1 50只/盒 非独立包装，4层，活性炭高密度微细透气孔、保证异味快速吸收、表面很粗糙劣质、不能保证异味吸收、加软无纺布、柔软舒适、轻薄透气 20 20 493   一次性活性炭口罩   50/只 独立包装 盒 1 独立包装，4层，活性炭高密度微细透气孔、保证异味快速吸收、表面很粗糙劣质、不能保证异味吸收、加软无纺布、柔软舒适、轻薄透气 25 25 494   一次性活性炭口罩   50/只 独立包装 盒 1 独立包装，4层，活性炭高密度微细透气孔、保证异味快速吸收、表面很粗糙劣质、不能保证异味吸收、加软无纺布、柔软舒适、轻薄透气 25 25 495   一次性活性炭口罩   50/只 独立包装 盒 1 50只/盒 非独立包装，4层，活性炭高密度微细透气孔、保证异味快速吸收、表面很粗糙劣质、不能保证异味吸收、加软无纺布、柔软舒适、轻薄透气 20.5 20.5 496   一次性活性炭口罩   50/只 独立包装 盒 1 50只/盒 每只口罩独立包装，4层，活性炭高密度微细透气孔、保证异味快速吸收、表面很粗糙劣质、不能保证异味吸收、加软无纺布、柔软舒适、轻薄透气 20.5 20.5 549   一次性注射器   100只/盒 盒 1 5ml/只 ，医用 PP 材质，密封性良好，适用于实验室液体移取 1 1 现变更为： 序号 cas 货物名称 英文 规格型号 单位 数量 技术指标 控制单价 控制总价 397   塑料搅拌棒   壹米直径10mm 个 1 1m PP 搅拌棒，直径 10mm，一体成型，无毛刺，耐常规有机溶剂 2 2 492   一次性活性炭口罩   50只/盒 非独立包装 盒 1 50只/盒 非独立包装，4层，活性炭高密度微细透气孔、加软无纺布、保证异味快速吸收 20 20 493   一次性活性炭口罩   50/只 独立包装 盒 1 独立包装，4层，活性炭高密度微细透气孔、加软无纺布、柔软舒适、轻薄透气、保证异味快速吸收 25 25 494   一次性活性炭口罩   50/只 独立包装 盒 1 独立包装，4层，活性炭高密度微细透气孔、加软无纺布、柔软舒适、轻薄透气、保证异味快速吸收 25 25 495   一次性活性炭口罩   50/只 非独立包装 盒 1 50只/盒 非独立包装，4层，活性炭高密度微细透气孔、加软无纺布、柔软舒适、轻薄透气、保证异味快速吸收 20.5 20.5 496   一次性活性炭口罩   50/只 非独立包装 盒 1 50只/盒 非独立包装，4层，活性炭高密度微细透气孔、加软无纺布、柔软舒适、轻薄透气、保证异味快速吸收 20.5 20.5 549   一次性注射器   100支/盒 支 1 5ml/支 ，医用 PP 材质，密封性良好，适用于实验室液体移取 1 1  原招标文件：提交投标文件截止时间、开标时间：2026年9月10日9点30分（北京时间）。现变更为：投标文件截止时间、开标时间：2026年9月16日9点30分（北京时间）。更正日期：2026年08月31日 更正日期：2026年08月31日 三、其他补充事宜 其他内容不变。 四、凡对本次公告内容提出询问，请按以下方式联系。 1.采购人信息 名 称：青岛海关技术中心 地址：青岛市城阳区新悦路83号 联系方式：王铭0532-85253626 2.采购代理机构信息 名 称：山东国华厚信工程咨询有限公司 地 址：青岛市城阳区正阳路305号天一仁和广场写字楼14楼 联系方式：陈星0532-66656399 3.项目联系方式 项目联系人：陈星 电 话： 0532-66656399,其他,,中国政府采购网,,,default,,采购公告,,,,,,,,,
西安交通大学医学院第一附属医院院内各类卫生纸和其他医用类耗材采购项目（采购包2）更正公告,变更公告,HRC-ZBDL-2026-00976,2026年08月31日 17:45,市辖区,西安交通大学第一附属医院,西安市雁塔西路277号,董老师、029-85323684,华睿诚项目管理有限公司,陕西省西安市曲江新区雁翔路3269号旺座曲江E座29层2901号,余丹、029-88228813、15667200662,余丹,029-88228813、15667200662,,,https://www.ccgp.gov.cn/cggg/zygg/gzgg/202608/t20260831_27237574.htm,2026-09-10 09:49:32,一、项目基本情况 原公告的采购项目编号：HRC-ZBDL-2026-00976（2026YH58HR） 原公告的采购项目名称：西安交通大学医学院第一附属医院院内各类卫生纸和其他医用类耗材采购项目（采购包2）招标公告 首次公告日期：2026年08月31日 二、更正信息 更正事项：采购公告 更正内容： 原招标公告中提交投标文件截止时间及开标时间为“2026年09月21日 09点30分（北京时间）”，现更正为“2026年09月22日09点30分（北京时间）” 更正日期：2026年08月31日 三、其他补充事宜 招标公告其余内容不变 四、凡对本次公告内容提出询问，请按以下方式联系。 1.采购人信息 名 称：西安交通大学第一附属医院 地址：西安市雁塔西路277号 联系方式：董老师、029-85323684 2.采购代理机构信息 名 称：华睿诚项目管理有限公司 地 址：陕西省西安市曲江新区雁翔路3269号旺座曲江E座29层2901号 联系方式：余丹、029-88228813、15667200662 3.项目联系方式 项目联系人：余丹 电 话： 029-88228813、15667200662,医疗卫生,,中国政府采购网,,,default,,采购公告,,,,,,,,,
东北大学秦皇岛分校新校区9号学生公寓家具采购项目更正公告,变更公告,2026006zx,2026年08月31日 17:31,市辖区,东北大学秦皇岛分校,秦皇岛市开发区泰山路143号,李老师  0335-8396404,河北泓远工程项目管理有限公司,秦皇岛经济技术开发区中科遥感产业园一号楼三楼,刘琎进0335-6899672,刘琎进,0335-6899672,,,https://www.ccgp.gov.cn/cggg/zygg/gzgg/202608/t20260831_27237272.htm,2026-09-10 09:49:33,一、项目基本情况 原公告的采购项目编号：2026006zx 原公告的采购项目名称：东北大学秦皇岛分校新校区9号学生公寓家具采购项目公开招标公告 首次公告日期：2026年08月13日 二、更正信息 更正事项：采购文件 更正内容： 原招标文件34页，采购需求附件2 技术指标 第44项 “床梯在外侧护栏缺口处与床厅焊接成型” 调整为 “床梯在外侧护栏缺口处通过优质五金件与床厅连接固定”。原“提交招标文件截止时间及开标时间：2026年9月8日09点30分”调整为“提交招标文件截止时间及开标时间：2026年9月17日09点30分”，其他相关时间顺延。其他内容不变。 更正日期：2026年08月31日 三、其他补充事宜 四、凡对本次公告内容提出询问，请按以下方式联系。 1.采购人信息 名 称：东北大学秦皇岛分校 地址：秦皇岛市开发区泰山路143号 联系方式：李老师 0335-8396404 2.采购代理机构信息 名 称：河北泓远工程项目管理有限公司 地 址：秦皇岛经济技术开发区中科遥感产业园一号楼三楼 联系方式：刘琎进0335-6899672 3.项目联系方式 项目联系人：刘琎进 电 话： 0335-6899672,教育培训,,中国政府采购网,,,default,,采购文件,,,,,,,,,
东北大学秦皇岛分校新校区8号学生公寓家具采购项目更正公告,变更公告,2026005zx,2026年08月31日 17:31,市辖区,东北大学秦皇岛分校,秦皇岛市开发区泰山路143号,李老师  0335-8396404,河北泓远工程项目管理有限公司,秦皇岛经济技术开发区中科遥感产业园一号楼三楼,刘琎进0335-6899672,刘琎进,0335-6899672,,,https://www.ccgp.gov.cn/cggg/zygg/gzgg/202608/t20260831_27237268.htm,2026-09-10 09:49:33,一、项目基本情况 原公告的采购项目编号：2026005zx 原公告的采购项目名称：东北大学秦皇岛分校新校区8号学生公寓家具采购项目公开招标公告 首次公告日期：2026年08月13日 二、更正信息 更正事项：采购文件 更正内容： 原招标文件34页，采购需求附件2 技术指标 第44项 “床梯在外侧护栏缺口处与床厅焊接成型” 调整为 “床梯在外侧护栏缺口处通过优质五金件与床厅连接固定”。原“提交招标文件截止时间及开标时间：2026年9月7日09点30分”调整为“提交招标文件截止时间及开标时间：2026年9月15日09点30分”，其他相关时间顺延。其他内容不变。 更正日期：2026年08月31日 三、其他补充事宜 四、凡对本次公告内容提出询问，请按以下方式联系。 1.采购人信息 名 称：东北大学秦皇岛分校 地址：秦皇岛市开发区泰山路143号 联系方式：李老师 0335-8396404 2.采购代理机构信息 名 称：河北泓远工程项目管理有限公司 地 址：秦皇岛经济技术开发区中科遥感产业园一号楼三楼 联系方式：刘琎进0335-6899672 3.项目联系方式 项目联系人：刘琎进 电 话： 0335-6899672,教育培训,,中国政府采购网,,,default,,采购文件,,,,,,,,,
中国科学院水生生物研究所痕量污染物监测技术平台采购项目更正公告,变更公告,OITC-G260861539,2026年08月31日 17:26,武汉市,中国科学院水生生物研究所,湖北省武汉市东湖南路7号,027-68780839,东方国际招标有限责任公司,北京市海淀区丹棱街1号互联网金融中心20层,窦志超、徐子通、吴文建 010-68290528、010-68290561,窦志超、徐子通、吴文建,010-68290528、010-68290561,,,https://www.ccgp.gov.cn/cggg/zygg/gzgg/202608/t20260831_27237178.htm,2026-09-10 09:49:34,一、项目基本情况 原公告的采购项目编号：OITC-G260861539 原公告的采购项目名称：中国科学院水生生物研究所痕量污染物监测技术平台采购项目 首次公告日期：2026年08月12日 二、更正信息 更正事项：采购公告 更正内容： 1、招标文件第八部分 采购需求中“品目1：质谱成像三重四级杆液质联用系统 3.技术规格”作出更正，具体如下：（1）技术参数#3.1.2，更正为：“#3.1.2 探针角度≤60度，可在任意位置固定并实现三维调节（需提供仪器实物照片证明）”（2）技术参数#3.3.1，更正为：“#3.3.1 分段式双曲面四级杆，分辨率≤0.2FWHM（需提供分辨率指标的软件界面截图证明）”（3）技术参数3.3.2，更正为：“ 3.3.2 碰撞池：具有加速电场的碰撞池，驻留时间低于1ms 时，无灵敏度损失。”（4）技术参数#3.8.4，更正为：“#3.8.4 具有与离子色谱的连接接口和通讯协议，方便后续升级，实现离子色谱和质谱的联用控制。”2、招标文件第八部分 采购需求中“品目2：串联四级杆电感耦合等离子体质谱仪 3.技术规格”作出更正，具体如下：（1）技术参数#3.7.6，更正为：“#3.7.6 具有与离子色谱的连接接口和通讯协议，方便后续升级，实现离子色谱和质谱的联用控制。”（2）技术参数3.8.2.4，更正为：“3.8.2.4 样品容量：≥196位2ml样品瓶（需提供仪器软件设置界面截图证明）”3、本项目提交投标文件截止时间和开标时间更正为：2026年9月16日14点00分（北京时间）4、本项目提交投标文件地点更正为：武汉市珞珈山路19号高科技产业大楼（中科开物）23层2310室 更正日期：2026年08月31日 三、其他补充事宜 无 四、凡对本次公告内容提出询问，请按以下方式联系。 1.采购人信息 名 称：中国科学院水生生物研究所 地址：湖北省武汉市东湖南路7号 联系方式：027-68780839 2.采购代理机构信息 名 称：东方国际招标有限责任公司 地 址：北京市海淀区丹棱街1号互联网金融中心20层 联系方式：窦志超、徐子通、吴文建 010-68290528、010-68290561 3.项目联系方式 项目联系人：窦志超、徐子通、吴文建 电 话： 010-68290528、010-68290561,教育培训,,中国政府采购网,,,default,,采购公告,,,,,,,,,
黄埔海关新增锚地监控摄像头结果更正公告,变更公告,1210-2641YDZB10033,2026年08月31日 17:25,广东省,中华人民共和国黄埔海关,广州市黄埔区大沙地东333号,何小姐020-82130279,广东有德招标采购有限公司,广州市天河北路626号保利中宇广场A座25楼,黄小姐020-83627862,黄小姐,020-83627862,,,https://www.ccgp.gov.cn/cggg/zygg/gzgg/202608/t20260831_27237133.htm,2026-09-10 09:49:35,一、项目基本情况 原公告的采购项目编号：1210-2641YDZB10033 原公告的采购项目名称：黄埔海关新增锚地监控摄像头 首次公告日期：2026年08月11日 二、更正信息 更正事项：采购结果 更正内容： 成交人弃标，本项目作废标处理。 更正日期：2026年08月31日 三、其他补充事宜 如依法重新组织采购，将另行通知。 四、凡对本次公告内容提出询问，请按以下方式联系。 1.采购人信息 名 称：中华人民共和国黄埔海关 地址：广州市黄埔区大沙地东333号 联系方式：何小姐020-82130279 2.采购代理机构信息 名 称：广东有德招标采购有限公司 地 址：广州市天河北路626号保利中宇广场A座25楼 联系方式：黄小姐020-83627862 3.项目联系方式 项目联系人：黄小姐 电 话： 020-83627862,其他,,中国政府采购网,,,default,,采购结果,,,,,,,,,
华中科技大学同济医学院附属协和医院科研处分析型液相色谱仪2台更正公告,变更公告,ZKQ2026-020403414ZF,2026年08月31日 17:21,湖北省,华中科技大学同济医学院附属协和医院,湖北省武汉市解放大道1277号,李老师027-85726571,中科器湖北有限公司,武汉东湖新技术开发区高新大道666号生物创新园A20栋10楼,刘帆、马荫荫、张宇、陈文静027-59303009、84888156,刘帆、马荫荫、张宇、陈文静,027-59303009,,,https://www.ccgp.gov.cn/cggg/zygg/gzgg/202608/t20260831_27237019.htm,2026-09-10 09:49:35,一、项目基本情况 原公告的采购项目编号：ZKQ2026-020403414ZF（H） 原公告的采购项目名称：华中科技大学同济医学院附属协和医院科研处分析型液相色谱仪2台 首次公告日期：2026年08月24日 二、更正信息 更正事项：采购公告 更正内容： 本项目“获取招标文件”的时间更正为：时间：2026年08月25日  至 2026年09月07日，每天上午9:00至11:00，下午14:00至16:00。（北京时间，法定节假日除外） 更正日期：2026年08月31日 三、其他补充事宜 其他内容保持不变。 四、凡对本次公告内容提出询问，请按以下方式联系。 1.采购人信息 名 称：华中科技大学同济医学院附属协和医院 地址：湖北省武汉市解放大道1277号 联系方式：李老师027-85726571 2.采购代理机构信息 名 称：中科器湖北有限公司 地 址：武汉东湖新技术开发区高新大道666号生物创新园A20栋10楼 联系方式：刘帆、马荫荫、张宇、陈文静027-59303009、84888156 3.项目联系方式 项目联系人：刘帆、马荫荫、张宇、陈文静 电 话： 027-59303009,医疗卫生,,中国政府采购网,,,default,,采购公告,,,,,,,,,
北京市消防救援总队轨道交通支队宋家庄特勤消防站开办费项目更正公告,变更公告,ZYZB-2026-0467,2026年08月31日 17:18,北京市,北京市消防救援总队轨道交通支队,北京市朝阳区常营回族乡草房村草房路甲1号,樊老师，010-85706119,中钰招标有限公司,北京市丰台区四合庄路2号院4号楼1至17层101内17层1701,李雪阳、陈思思、李倩、刘晶晶、朱艳梅、郭玉婷、丁峥敏、卢雪、张书玲010-60624505-805,李雪阳、陈思思、李倩、刘晶晶,010-60624505-805,宋家庄采购需求（更正后）.docx,"[{""attach_name"": ""宋家庄采购需求（更正后）.docx"", ""attach_url"": ""https://download.ccgp.gov.cn/oss/download?uuid=AFC3FE18FC660457FB6AEC94780207""}]",https://www.ccgp.gov.cn/cggg/zygg/gzgg/202608/t20260831_27236976.htm,2026-09-10 09:49:36,一、项目基本情况 原公告的采购项目编号：ZYZB-2026-0467 原公告的采购项目名称：北京市消防救援总队轨道交通支队宋家庄特勤消防站开办费项目公开招标公告 首次公告日期：2026年08月27日 二、更正信息 更正事项：采购文件 更正内容： 原采购文件中第五章采购需求采购标的明细表: 序号 标的名称 技术参数 数量 更正为： 序号 标的名称 技术参数 单位 数量 更正日期：2026年08月31日 三、其他补充事宜 本项目共分7个包，其中03包：北京市消防救援总队轨道交通支队宋家庄特勤消防站开办费项目正规化建设项目采购标的明细表中序号更正详见采购需求附件；04包：北京市消防救援总队轨道交通支队宋家庄特勤消防站开办费项目厨房设备项目采购标的明细表中序号29、30、31、32、33、37、47、48、49、50、51、52、58更正内容详见采购需求附件；01、02、05、06、07每包更正事项一致（增加一列单位），除更正事项外，其他内容不变。 四、凡对本次公告内容提出询问，请按以下方式联系。 1.采购人信息 名 称：北京市消防救援总队轨道交通支队 地址：北京市朝阳区常营回族乡草房村草房路甲1号 联系方式：樊老师，010-85706119 2.采购代理机构信息 名 称：中钰招标有限公司 地 址：北京市丰台区四合庄路2号院4号楼1至17层101内17层1701 联系方式：李雪阳、陈思思、李倩、刘晶晶、朱艳梅、郭玉婷、丁峥敏、卢雪、张书玲010-60624505-805 3.项目联系方式 项目联系人：李雪阳、陈思思、李倩、刘晶晶、朱艳梅、郭玉婷、丁峥敏、卢雪、张书玲 电 话： 010-60624505-805,公共安全,,中国政府采购网,,,default,,采购文件,,,,,,,,,
中山大学附属第三医院萝岗院区小动物PET—CT实验室装修改造项目【项目编号：ZC2026070119】更正公告（第二次）,变更公告,ZC2026070119,2026年08月31日 17:15,广东省,中山大学附属第三医院,广州市天河区天河路600号,何老师 020-85253485,广州中经招标有限公司,广州市越秀区寺右一马路18号泰恒大厦14楼1409室,黄先生 020-87385151、37639369、87371812、87372296,黄先生,020-87385151、37639369、87371812、87372296,,,https://www.ccgp.gov.cn/cggg/zygg/gzgg/202608/t20260831_27236907.htm,2026-09-10 09:49:37,一、项目基本情况 原公告的采购项目编号：ZC2026070119 原公告的采购项目名称：中山大学附属第三医院萝岗院区小动物PET—CT实验室装修改造项目 首次公告日期：2026年08月14日 二、更正信息 更正事项：采购公告 更正内容： （一）获取采购文件：原：时间：2026年08月15日 至 2026年08月31日，每天上午9:00至12:00，下午14:30至17:30。（北京时间，法定节假日除外）更正为：时间：2026年08月15日 至 2026年09月07日，每天上午9:00至12:00，下午14:30至17:30。（北京时间，法定节假日除外）（二）响应文件提交：原：截止时间：2026年09月03日 09点00分（北京时间）更正为：截止时间：2026年09月11日 09点15分（北京时间）（三）开启：原：时间：2026年09月03日 09点00分（北京时间）更正为：时间：2026年09月11日 09点15分（北京时间） 竞争性磋商文件中与此有矛盾的地方，以此更正为准。其它内容不变。 更正日期：2026年08月31日 三、其他补充事宜 / 四、凡对本次公告内容提出询问，请按以下方式联系。 1.采购人信息 名 称：中山大学附属第三医院 地址：广州市天河区天河路600号 联系方式：何老师 020-85253485 2.采购代理机构信息 名 称：广州中经招标有限公司 地 址：广州市越秀区寺右一马路18号泰恒大厦14楼1409室 联系方式：黄先生 020-87385151、37639369、87371812、87372296 3.项目联系方式 项目联系人：黄先生 电 话： 020-87385151、37639369、87371812、87372296,医疗卫生,2026-09-03 09:00,中国政府采购网,,,default,,采购公告,,,,,,,,,
清华大学高带宽实时示波器采购项目更正公告,变更公告,,2026年08月31日 17:15,北京市,清华大学,北京市海淀区清华园,010-62799552,新华招标有限公司,北京市海淀区莲花池东路39号西金大厦8层,张骏 010-63905815,刁玉蕊、张骏,010-63905815、010-63905973,清华大学高带宽实时示波器采购项目更正公告.pdf,"[{""attach_name"": ""清华大学高带宽实时示波器采购项目更正公告.pdf"", ""attach_url"": ""https://download.ccgp.gov.cn/oss/download?uuid=A722545447DB1C4021FD6AB554E898""}]",https://www.ccgp.gov.cn/cggg/zygg/gzgg/202608/t20260831_27236914.htm,2026-09-10 09:49:37,一、项目基本情况 原公告的采购项目编号：清采招第20260255号/XHTC-HW-2026-0976 原公告的采购项目名称：清华大学高带宽实时示波器采购项目 首次公告日期：2026年08月24日 二、更正信息 更正事项：采购文件 更正内容： 原招标文件中1．“第一章 投标邀请 三、获取招标文件”时间：2026年8月24日至2026年8月31日，每天上午9:00至12:00，下午12:00至17:00（北京时间，法定节假日除外）。现修改为：时间：2026年8月24日至2026年9月7日，每天上午9:00至12:00，下午12:00至17:00（北京时间，法定节假日除外）。 更正日期：2026年08月31日 三、其他补充事宜 相关修改按此执行，其余不变，特此公告。本公告同时在中国政府采购网和清华大学采购信息发布平台上发布。公告期限:自本公告发布之日起1个工作日。 四、凡对本次公告内容提出询问，请按以下方式联系。 1.采购人信息 名 称：清华大学 地址：北京市海淀区清华园 联系方式：010-62799552 2.采购代理机构信息 名 称：新华招标有限公司 地 址：北京市海淀区莲花池东路39号西金大厦8层 联系方式：张骏 010-63905815 3.项目联系方式 项目联系人：刁玉蕊、张骏 电 话： 010-63905815、010-63905973,教育培训,,中国政府采购网,,,default,,采购文件,,,,,,,,,
北京市消防救援总队轨道交通支队马泉营消防站开办费项目更正公告,变更公告,BJJZZB-2026081807,2026年08月31日 17:13,朝阳区,北京市消防救援总队轨道交通支队,北京市朝阳区常营回族乡草房村草房路甲1号,樊老师、85706119,北京市建壮咨询有限公司,北京市丰台区南四环西路188号十六区18号楼弘源·丰恒大厦12层,周仔茜、13811829731,周仔茜,13811829731,马泉营采购需求表(终)附件.docx,"[{""attach_name"": ""马泉营采购需求表(终)附件.docx"", ""attach_url"": ""https://download.ccgp.gov.cn/oss/download?uuid=DA7B906AF396F1F5AC6DDA7AC494D7""}]",https://www.ccgp.gov.cn/cggg/zygg/gzgg/202608/t20260831_27236858.htm,2026-09-10 09:49:38,一、项目基本情况 原公告的采购项目编号：BJJZZB-2026081807 原公告的采购项目名称：北京市消防救援总队轨道交通支队马泉营消防站开办费项目公开招标公告 首次公告日期：2026年08月27日 二、更正信息 更正事项：采购文件 更正内容： 原采购文件中第五章采购需求设备参数表： 序号 项目明细 规格 产品描述 数量 更正为： 序号 项目明细 规格 产品描述 单位 数量 增加一列“单位”，其他名称、规格、数量不变。（详见附件）  更正日期：2026年08月31日 三、其他补充事宜 说明：本项目共分7个包，每包更正事项一致，除更正事项外，其他内容不变。 四、凡对本次公告内容提出询问，请按以下方式联系。 1.采购人信息 名 称：北京市消防救援总队轨道交通支队 地址：北京市朝阳区常营回族乡草房村草房路甲1号 联系方式：樊老师、85706119 2.采购代理机构信息 名 称：北京市建壮咨询有限公司 地 址：北京市丰台区南四环西路188号十六区18号楼弘源·丰恒大厦12层 联系方式：周仔茜、13811829731 3.项目联系方式 项目联系人：周仔茜 电 话： 13811829731,公共安全,,中国政府采购网,,,default,,采购文件,,,,,,,,,
阿坝藏族羌族自治州消防救援支队2026年装备采购需求调查（战勤保障类装备）更正公告,变更公告,/,2026年08月31日 17:09,四川省,阿坝藏族羌族自治州消防救援支队,四川省阿坝藏族羌族自治州马尔康市马尔康镇格央街40号,王老师 0837-6992304,四川谨言招标代理有限公司,成都市武侯区武兴四路203号智谷C8环球数码大厦1栋1单元5楼508,李老师 15719425623,李老师,15719425623,,,https://www.ccgp.gov.cn/cggg/zygg/gzgg/202608/t20260831_27236749.htm,2026-09-10 09:49:39,一、项目基本情况 原公告的采购项目编号：/ 原公告的采购项目名称：阿坝藏族羌族自治州消防救援支队2026年装备采购需求调查(战勤保障类装备)需求调查公告 首次公告日期：2026年08月24日 二、更正信息 更正事项：采购公告 更正内容： 本次需求调查接收资料期限范围为：2026年09月01日09:00至2026年09月06日17:00。 更正日期：2026年08月31日 三、其他补充事宜 四、凡对本次公告内容提出询问，请按以下方式联系。 1.采购人信息 名 称：阿坝藏族羌族自治州消防救援支队 地址：四川省阿坝藏族羌族自治州马尔康市马尔康镇格央街40号 联系方式：王老师 0837-6992304 2.采购代理机构信息 名 称：四川谨言招标代理有限公司 地 址：成都市武侯区武兴四路203号智谷C8环球数码大厦1栋1单元5楼508 联系方式：李老师 15719425623 3.项目联系方式 项目联系人：李老师 电 话： 15719425623,公共安全,,中国政府采购网,,,default,,采购公告,,,,,,,,,
西北空管局民航通信网中继链路租用服务项目更正公告,变更公告,0748-2611CA6039GK,2026年08月31日 16:56,陕西省,中国民用航空西北地区空中交通管理局,陕西省西安市莲湖区丰庆路中段239号,崔葺宇029-88791821,中航材国际招标有限公司,北京市顺义区天祥路6号院北京东航中心2号楼8层,李冰、张照、刘忻029-84230847 libing@casc.com.cn,李冰、张照、刘忻,029-84230847,,,https://www.ccgp.gov.cn/cggg/zygg/gzgg/202608/t20260831_27236482.htm,2026-09-10 09:49:39,一、项目基本情况 原公告的采购项目编号：0748-2611CA6039GK 原公告的采购项目名称：西北空管局民航通信网中继链路租用服务项目 首次公告日期：2026年08月28日 二、更正信息 更正事项：采购公告 更正内容： 原公告内容：最高限价：人民币2191.478万元/年第1包预算金额：人民币971.262万元/年；第2包预算金额：人民币1220.216万元/年。       更正为：最高限价：人民币1950.216万元/年第1包预算金额：人民币730万元/年；第2包预算金额：人民币1220.216万元/年。其余内容不变。 更正日期：2026年08月31日 三、其他补充事宜 异议联系人：白静联系电话：029-88793230  四、凡对本次公告内容提出询问，请按以下方式联系。 1.采购人信息 名 称：中国民用航空西北地区空中交通管理局 地址：陕西省西安市莲湖区丰庆路中段239号 联系方式：崔葺宇029-88791821 2.采购代理机构信息 名 称：中航材国际招标有限公司 地 址：北京市顺义区天祥路6号院北京东航中心2号楼8层 联系方式：李冰、张照、刘忻029-84230847 libing@casc.com.cn 3.项目联系方式 项目联系人： 李冰、张照、刘忻 电 话： 029-84230847,市政交通,,中国政府采购网,,,default,,采购公告,,,,,,,,,
国家工业信息安全发展研究中心西楼7层局部适应性改造比选延期公告,变更公告,TC261403M,2026年08月31日 16:52,北京市,国家工业信息安全发展研究中心,北京市石景山区鲁谷路35号,王敬宇，010-88686045,中招国际招标有限公司,北京市海淀区学院南路62号中关村资本大厦902A,王圣英、张晓辉、索宏颖、李洋、王冲，010-61954162,王圣英、张晓辉,010-61954162,,,https://www.ccgp.gov.cn/cggg/zygg/gzgg/202608/t20260831_27236385.htm,2026-09-10 09:49:40,一、项目基本情况 原公告的采购项目编号：TC261403M 原公告的采购项目名称：国家工业信息安全发展研究中心西楼7层局部适应性改造公开征集供应商公告 首次公告日期：2026年08月24日 二、更正信息 更正事项：采购公告 更正内容： 本项目比选文件领取截止时间延期至 2026年09月3日，其他内容保持不变，特此公告。 更正日期：2026年08月31日 三、其他补充事宜 / 四、凡对本次公告内容提出询问，请按以下方式联系。 1.采购人信息 名 称：国家工业信息安全发展研究中心 地址：北京市石景山区鲁谷路35号 联系方式：王敬宇，010-88686045 2.采购代理机构信息 名 称：中招国际招标有限公司 地 址：北京市海淀区学院南路62号中关村资本大厦902A 联系方式：王圣英、张晓辉、索宏颖、李洋、王冲，010-61954162 3.项目联系方式 项目联系人：王圣英、张晓辉 电 话： 010-61954162,信息技术,,中国政府采购网,,,default,,采购公告,,,,,,,,,
北京市消防救援总队轨道交通支队定泗路特勤消防站开办费项目更正公告,变更公告,2026DL000023ZC,2026年08月31日 16:24,北京市,北京市消防救援总队轨道交通支队,北京市朝阳区常营乡草房路甲一号,樊老师,北京中城建建设管理有限公司,15231452800,张卓燕、王艳,张卓燕、王艳,15231452800,更正内容。。.docx,"[{""attach_name"": ""更正内容。。.docx"", ""attach_url"": ""https://download.ccgp.gov.cn/oss/download?uuid=75B8948397FD59C5877FF3839DFCF4""}]",https://www.ccgp.gov.cn/cggg/zygg/gzgg/202608/t20260831_27235656.htm,2026-09-10 09:49:40,一、项目基本情况 原公告的采购项目编号：2026DL000023ZC 原公告的采购项目名称：北京市消防救援总队轨道交通支队定泗路特勤消防站开办费项目公开招标公告 首次公告日期：2026年08月27日 二、更正信息 更正事项：采购文件 更正内容： 原采购文件中第五章采购需求设备参数表： 序号 名称 规格 数量 更正为： 序号 名称 规格 数量 单位 增加一列“单位”，其他名称、规格、数量不变。（详见附件）  更正日期：2026年08月31日 三、其他补充事宜 说明：本项目共分7个包，每包更正事项一致，除更正事项外，其他内容不变。 四、凡对本次公告内容提出询问，请按以下方式联系。 1.采购人信息 名 称：北京市消防救援总队轨道交通支队 地址：北京市朝阳区常营乡草房路甲一号 联系方式：樊老师 2.采购代理机构信息 名 称：北京中城建建设管理有限公司 地 址：15231452800 联系方式：张卓燕、王艳 3.项目联系方式 项目联系人：张卓燕、王艳 电 话： 15231452800,公共安全,,中国政府采购网,,,default,,采购文件,,,,,,,,,
中日友好环境保护中心2026年度仪器设备采购项目更正公告,变更公告,0701-264101140141,2026年08月31日 16:20,北京市,中日友好环境保护中心,北京市朝阳区育慧南路一号,刘先生，010-84665639,中技国际招标有限公司,北京市丰台区西营街1号院通用时代中心C座8层,冯敏、李伟、齐璇、陆善泓、周焱，010-81168540、81168570,冯敏、李伟、齐璇、陆善泓、周焱,010-81168540、81168570,,,https://www.ccgp.gov.cn/cggg/zygg/gzgg/202608/t20260831_27235580.htm,2026-09-10 09:49:41,一、项目基本情况 原公告的采购项目编号：0701-264101140141 原公告的采购项目名称：中日友好环境保护中心2026年度仪器设备采购项目公开招标公告 首次公告日期：2026年08月13日 二、更正信息 更正事项：采购公告 更正内容： 02包投标截止时间及开标时间延期至2026年9月17日上午9:30时 更正日期：2026年08月31日 三、其他补充事宜 无 四、凡对本次公告内容提出询问，请按以下方式联系。 1.采购人信息 名 称：中日友好环境保护中心 地址：北京市朝阳区育慧南路一号 联系方式：刘先生，010-84665639 2.采购代理机构信息 名 称：中技国际招标有限公司 地 址：北京市丰台区西营街1号院通用时代中心C座8层 联系方式：冯敏、李伟、齐璇、陆善泓、周焱，010-81168540、81168570 3.项目联系方式 项目联系人：冯敏、李伟、齐璇、陆善泓、周焱 电 话： 010-81168540、81168570,设备购置,,中国政府采购网,,,default,,采购公告,,,,,,,,,
北大荒集团北安医院医疗附属用房配套工程项目4包（室外污水处理设备）更正公告,变更公告,KC2026G0050,2026年08月31日 16:09,黑龙江省,北大荒集团北安医院,黑龙江省北安市北大荒街1号,张先生、0456-6401598,黑龙江康程建设工程咨询有限公司,哈尔滨市南岗区闽江路75号3栋1单元1901室,曲贵瑜、13329466663,曲女士,13329466663,,,https://www.ccgp.gov.cn/cggg/zygg/gzgg/202608/t20260831_27235353.htm,2026-09-10 09:49:42,一、项目基本情况 原公告的采购项目编号：KC2026G0050 原公告的采购项目名称：北大荒集团北安医院医疗附属用房配套工程项目4包（室外污水处理设备） 首次公告日期：2026年08月19日 二、更正信息 更正事项：采购公告 更正内容： 北大荒集团北安医院医疗附属用房配套工程项目4包（室外污水处理设备）招标公告：四、提交投标文件截止时间、开标时间和地点中地点：黑龙江省北安市北大荒街32号更改为：地点：哈尔滨市南岗区闽江路75号3栋1单元1901室 更正日期：2026年08月31日 三、其他补充事宜 无 四、凡对本次公告内容提出询问，请按以下方式联系。 1.采购人信息 名 称：北大荒集团北安医院 地址：黑龙江省北安市北大荒街1号 联系方式：张先生、0456-6401598 2.采购代理机构信息 名 称：黑龙江康程建设工程咨询有限公司 地 址：哈尔滨市南岗区闽江路75号3栋1单元1901室 联系方式：曲贵瑜、13329466663 3.项目联系方式 项目联系人：曲女士 电 话： 13329466663,医疗卫生,,中国政府采购网,,,default,,采购公告,,,,,,,,,
中国医学科学院北京协和医院高性能计算平台一期设备维保服务采购更正公告,变更公告,0701-264106070793,2026年08月31日 15:57,北京市,中国医学科学院北京协和医院,北京市东城区王府井帅府园1号,刘老师 010-69156696,中技国际招标有限公司,北京市丰台区西营街1号院通用时代中心C座9层,姚玮、孙薇 010-81168492,刘老师,010-69156696,,,https://www.ccgp.gov.cn/cggg/zygg/gzgg/202608/t20260831_27235174.htm,2026-09-10 09:49:43,一、项目基本情况 原公告的采购项目编号：0701-264106070793 原公告的采购项目名称：中国医学科学院北京协和医院高性能计算平台一期设备维保服务采购公开招标公告 首次公告日期：2026年08月26日 二、更正信息 更正事项：采购文件 更正内容： 本项目第三章采购需求“二、服务范围和服务期限中： 院内资产编号056620的交换机，品牌型号由原S6735-S24X6C 更正为 S6735-S48X6C”招标文件其他内容不变 更正日期：2026年08月31日 三、其他补充事宜 无 四、凡对本次公告内容提出询问，请按以下方式联系。 1.采购人信息 名 称：中国医学科学院北京协和医院 地址：北京市东城区王府井帅府园1号 联系方式：刘老师 010-69156696 2.采购代理机构信息 名 称：中技国际招标有限公司 地 址：北京市丰台区西营街1号院通用时代中心C座9层 联系方式：姚玮、孙薇 010-81168492 3.项目联系方式 项目联系人：刘老师 电 话： 010-69156696,医疗卫生,,中国政府采购网,,,default,,采购文件,,,,,,,,,
华中科技大学同济医学院附属协和医院心内科介入式左心室辅助系统2台更正公告,变更公告,HBCZ-2606050280-261817,2026年08月31日 15:48,武汉市,华中科技大学同济医学院附属协和医院,湖北省武汉市解放大道1277号,李老师 027-85726571,湖北省成套招标股份有限公司,湖北省武汉市武昌区东湖西路特2号平安财富中心B座6-10楼,魏运波、陈祥勇、彭亚美、胡小康、徐沫 /1002730332@qq.com,魏运波、陈祥勇、彭亚美、胡小康,15377537087,,,https://www.ccgp.gov.cn/cggg/zygg/gzgg/202608/t20260831_27234989.htm,2026-09-10 09:49:43,一、项目基本情况 原公告的采购项目编号：HBCZ-2606050280-261817 原公告的采购项目名称：华中科技大学同济医学院附属协和医院心内科介入式左心室辅助系统2台 首次公告日期：2026年08月24日 二、更正信息 更正事项：采购公告 更正内容： 本项目原获取招标文件时间：“2026年08月25日至2026年08月31日，每天上午8:00至12:00，下午12:00至17:00。（北京时间，法定节假日除外）”更正为：“2026年08月25日至2026年09月03日，每天上午8:00至12:00，下午12:00至17:00。（北京时间，法定节假日除外）”，其他内容不变。 更正日期：2026年08月31日 三、其他补充事宜 / 四、凡对本次公告内容提出询问，请按以下方式联系。 1.采购人信息 名 称：华中科技大学同济医学院附属协和医院 地址：湖北省武汉市解放大道1277号 联系方式：李老师 027-85726571 2.采购代理机构信息 名 称：湖北省成套招标股份有限公司 地 址：湖北省武汉市武昌区东湖西路特2号平安财富中心B座6-10楼 联系方式：魏运波、陈祥勇、彭亚美、胡小康、徐沫 /1002730332@qq.com 3.项目联系方式 项目联系人：魏运波、陈祥勇、彭亚美、胡小康、徐沫 电 话： 15377537087,医疗卫生,,中国政府采购网,,,default,,采购公告,,,,,,,,,
中国医学科学院北京协和医院高性能计算平台一期设备维保服务采购更正公告,变更公告,0701-264106070793,2026年08月31日 15:45,北京市,中国医学科学院北京协和医院,北京市东城区王府井帅府园1号,刘老师 010-69156696,中技国际招标有限公司,北京市丰台区西营街1号院通用时代中心C座9层,姚玮、孙薇 010-81168492,刘老师,010-69156696,,,https://www.ccgp.gov.cn/cggg/zygg/gzgg/202608/t20260831_27234931.htm,2026-09-10 09:49:44,一、项目基本情况 原公告的采购项目编号：0701-264106070793 原公告的采购项目名称：中国医学科学院北京协和医院高性能计算平台一期设备维保服务采购 首次公告日期：2026年08月26日 二、更正信息 更正事项：采购公告 更正内容： 本项目招标编号更正为：0701-264106071003 更正日期：2026年08月28日 三、其他补充事宜 无 四、凡对本次公告内容提出询问，请按以下方式联系。 1.采购人信息 名 称：中国医学科学院北京协和医院 地址：北京市东城区王府井帅府园1号 联系方式：刘老师 010-69156696 2.采购代理机构信息 名 称：中技国际招标有限公司 地 址：北京市丰台区西营街1号院通用时代中心C座9层 联系方式：姚玮、孙薇 010-81168492 3.项目联系方式 项目联系人：刘老师 电 话： 010-69156696,医疗卫生,,中国政府采购网,,,default,,采购公告,,,,,,,,,
北京华信医院（清华大学第一附属医院）老旧建筑安全综合改造及功能提升项目（1号楼安全综合改造工程）【设计】更正公告,变更公告,,2026年08月31日 15:26,北京市,北京华信医院,北京市朝阳区酒仙桥一街坊6号,韩老师 010-64308428,新华招标有限公司,北京市海淀区莲花池东路39号西金大厦8层,王乙 010-63905838,王乙,010-63905838、010-63905972,5.FW1459【更正公告2号】.docx,"[{""attach_name"": ""5.FW1459【更正公告2号】.docx"", ""attach_url"": ""https://download.ccgp.gov.cn/oss/download?uuid=EE7965EA15F18A8D01390FEAEC68C4""}]",https://www.ccgp.gov.cn/cggg/zygg/gzgg/202608/t20260831_27234557.htm,2026-09-10 09:49:44,一、项目基本情况 原公告的采购项目编号：清华一附院采招【2026】30号/XHTC-FW-2026-1459 原公告的采购项目名称：北京华信医院（清华大学第一附属医院）老旧建筑安全综合改造及功能提升项目（1号楼安全综合改造工程）【设计】 首次公告日期：2026年08月20日 二、更正信息 更正事项：采购文件 更正内容： （1）原招标文件“第一章 投标邀请”中：四、提交投标文件截止时间、开标时间和地点投标截止时间、开标时间：2026年9月10日14点00分（北京时间）。地点：北京市海淀区莲花池东路39号西金大厦8层新华招标有限公司变更为：四、提交投标文件截止时间、开标时间和地点投标截止时间、开标时间：2026年9月17日14点00分（北京时间）。地点：北京市海淀区莲花池东路39号西金大厦8层新华招标有限公司 （2）原招标文件“第二章 投标人须知”中： 25.5 分包 本项目的非主体、非关键性工作是否允许分包： ■不允许 □允许，具体要求： （1）可以分包履行的具体内容：_____； （2）允许分包的金额或者比例：_____； （3）其他要求：_____。  变更为： 25.5 分包 本项目的非主体、非关键性工作是否允许分包： □不允许 ■允许，具体要求： （1）可以分包履行的具体内容：消防安全综合评估； （2）允许分包的金额或者比例：_25%_； （3）其他要求： ①投标人不得将所承包的项目进行转包，只能按照招标文件规定的可分包范围进行分包。 ②投标人对分包项目的质量、进度、安全等承担连带责任，若因分包商原因导致项目出现问题，需先行承担相应责任，并负责协调解决。 ③每个分包项目只能确定一家分包商，不得将一个分包项目再次分包给其他供应商。  （3）原招标文件“第六章 拟签订的合同文本”中：3.4.2设计分包的确定允许分包的专业工程包括：      /       。其他关于分包的约定：   /   。3.4.3 设计人向发包人提交有关分包人资料包括： /     。3.4.4 分包工程设计费支付方式：        /      。变更为：3.4.2设计分包的确定允许分包的专业工程包括：消防安全综合评估。其他关于分包的约定：分包商应具有开展相关工作的资质和能力。3.4.3 设计人向发包人提交有关分包人资料包括：营业执照、资质证书。3.4.4 分包工程设计费支付方式：分包工程设计费包含在施工图阶段设计费中，同步支付。（4）补充附件CAD底图。 更正日期：2026年08月31日 三、其他补充事宜 相关修改按此执行，其余不变，特此公告。公告期限：自本公告发布之日起1个工作日。 四、凡对本次公告内容提出询问，请按以下方式联系。 1.采购人信息 名 称：北京华信医院 地址：北京市朝阳区酒仙桥一街坊6号 联系方式：韩老师 010-64308428 2.采购代理机构信息 名 称：新华招标有限公司 地 址：北京市海淀区莲花池东路39号西金大厦8层 联系方式：王乙 010-63905838 3.项目联系方式 项目联系人：王乙（项目咨询）、曹亦凡（报名、发票、保证金咨询） 电 话： 010-63905838、010-63905972,医疗卫生,,中国政府采购网,,,default,,采购文件,,,,,,,,,
外交学院两校区电梯采购项目更正公告,变更公告,ZSLTC-2026-S112,2026年08月31日 15:12,北京市,外交学院,北京市西城区展览馆路24号,"曾老师, 010-68323941",中盛隆国际招标（北京）有限公司,北京市海淀区阜成路58号新洲商务大厦302室,李莉、马春娟、孙源滨、李蕊、魏菲、曹泽鹏、赵中阳、刘震、李红梅010-88956517-812,李莉、马春娟、孙源滨、李蕊、魏,010-88956517-812,,,https://www.ccgp.gov.cn/cggg/zygg/gzgg/202608/t20260831_27234295.htm,2026-09-10 09:49:45,"一、项目基本情况 原公告的采购项目编号：ZSLTC-2026-S112 原公告的采购项目名称：外交学院两校区电梯采购项目 首次公告日期：2026年08月19日 二、更正信息 更正事项：采购文件 更正内容： 更正事项1：原竞争性磋商文件第四章 采购需求“一、采购需求”： 梯号 展览路校区主楼客梯（加装电梯） 底坑深度 ≥900MM以最终图纸为准 现更正为： 梯号 展览路校区主楼客梯（加装电梯） 底坑深度 ≥1900MM以最终图纸为准 其他内容不变。 更正日期：2026年08月31日 三、其他补充事宜 无 四、凡对本次公告内容提出询问，请按以下方式联系。 1.采购人信息 名 称：外交学院 地址：北京市西城区展览馆路24号 联系方式：曾老师, 010-68323941 2.采购代理机构信息 名 称：中盛隆国际招标（北京）有限公司 地 址：北京市海淀区阜成路58号新洲商务大厦302室 联系方式：李莉、马春娟、孙源滨、李蕊、魏菲、曹泽鹏、赵中阳、刘震、李红梅010-88956517-812 3.项目联系方式 项目联系人：李莉、马春娟、孙源滨、李蕊、魏菲、曹泽鹏、赵中阳、刘震、李红梅 电 话： 010-88956517-812",教育培训,,中国政府采购网,,,default,,采购文件,,,,,,,,,
国家税务总局天津市宝坻区税务局2026年-2027年食堂食材采购项目（项目编号：TGPC-2026-A-0232）更正公告,变更公告,TGPC-2026-A-0232,2026年08月31日 14:43,天津市,国家税务总局天津市宝坻区税务局,天津市宝坻区潮阳大道与开元路交口西侧,刘建山 022-29241159,天津市政府采购中心,天津市河东区红星路79号二楼（邮编：300161）,梁晨、冯强  022-24538307,徐颢,022-24538225,,,https://www.ccgp.gov.cn/cggg/zygg/gzgg/202608/t20260831_27234021.htm,2026-09-10 09:49:45,一、项目基本情况 原公告的采购项目编号：TGPC-2026-A-0232 原公告的采购项目名称：国家税务总局天津市宝坻区税务局2026年-2027年食堂食材采购项目（项目编号：TGPC-2026-A-0232） 首次公告日期：2026年08月28日 二、更正信息 更正事项：采购结果 更正内容： 中标供应商天津金钟生活超市有限公司评审综合得分：99分。 更正日期：2026年08月31日 三、其他补充事宜 四、凡对本次公告内容提出询问，请按以下方式联系。 1.采购人信息 名 称：国家税务总局天津市宝坻区税务局 地址：天津市宝坻区潮阳大道与开元路交口西侧 联系方式：刘建山 022-29241159 2.采购代理机构信息 名 称：天津市政府采购中心 地 址：天津市河东区红星路79号二楼（邮编：300161） 联系方式：梁晨、冯强 022-24538307 3.项目联系方式 项目联系人：徐颢 电 话： 022-24538225,服务外包,,中国政府采购网,,,default,,采购结果,,,,,,,,,
中国民航大学朝阳飞行学院部分学生宿舍维修改造、机库大门维修、机库顶棚修缮、空勤食堂修缮项目更正公告,变更公告,ZRZX2026-B-0126,2026年08月31日 14:42,天津市,中国民航大学,天津市东丽区津北公路2898号,董老师、刘老师 022-24092963,政融（天津）工程咨询有限公司,天津市南开区红旗路218号慧谷大厦1010室,赵扬、苗洁、李佳  022-83571558,赵扬、苗洁、李佳,022-83571558,,,https://www.ccgp.gov.cn/cggg/zygg/gzgg/202608/t20260831_27234013.htm,2026-09-10 09:49:46,一、项目基本情况 原公告的采购项目编号：ZRZX2026-B-0126 原公告的采购项目名称：中国民航大学朝阳飞行学院部分学生宿舍维修改造、机库大门维修、机库顶棚修缮、空勤食堂修缮项目 首次公告日期：2026年08月11日 二、更正信息 更正事项：采购文件 更正内容： 1、“朝阳飞行学院部分学生宿舍维修改造”工程量清单中的第1项（项目编码010802002001）、第2项（项目编码010802002002）、第3项（项目编码010802002003）的计量单位由原先的“m2”，更正为“樘”。2、“朝阳飞行学院机库顶棚修缮项目”工程量清单中的第8项（项目编码01B002）不涉及，删除此项。3、以本次更正的工程量清单为最终版本。4、本项目响应文件提交截止时间、响应文件开启时间均修改为：2026年9月7日09点30分（北京时间） ；如响应文件已制作完成，响应文件及密封包装中涉及响应文件提交截止时间、响应文件开启时间的相关内容可不做修改。 更正日期：2026年08月31日 三、其他补充事宜 无 四、凡对本次公告内容提出询问，请按以下方式联系。 1.采购人信息 名 称：中国民航大学 地址：天津市东丽区津北公路2898号 联系方式：董老师、刘老师 022-24092963 2.采购代理机构信息 名 称：政融（天津）工程咨询有限公司 地 址：天津市南开区红旗路218号慧谷大厦1010室 联系方式：赵扬、苗洁、李佳 022-83571558 3.项目联系方式 项目联系人：赵扬、苗洁、李佳 电 话： 022-83571558,教育培训,,中国政府采购网,,,default,,采购文件,,,,,,,,,
中国国际经济技术交流中心采购货物项目实施任务更正公告（一）,变更公告,,2026年08月31日 14:33,北京市,中国国际经济技术交流中心,北京市东城区安定门东大街28号雍和大厦C座11层,赵老师010-84000757,中钰招标有限公司,北京市丰台区东旭国际中心A座北楼17层,郭玉婷、王斌、张书玲、李倩、马俊影、朱艳梅、刘晶晶电话：010-60624505-813，传真：010-60624505-840，电子信箱：zhaobiao01@zyzbdl.com,郭玉婷、王斌、张书玲、李倩、马,010-60624505-813,,,https://www.ccgp.gov.cn/cggg/zygg/gzgg/202608/t20260831_27233917.htm,2026-09-10 09:49:47,一、项目基本情况 原公告的采购项目编号：物资2026-004 原公告的采购项目名称：中国国际经济技术交流中心采购货物项目实施任务 首次公告日期：2026年08月10日 二、更正信息 更正事项：采购文件 更正内容： 本项目投标文件递交截止时间、开标时间延期，具体时间另行通知。其余内容无变动。 更正日期：2026年08月31日 三、其他补充事宜 本次招标，项目编号为物资2026-004c。 四、凡对本次公告内容提出询问，请按以下方式联系。 1.采购人信息 名 称：中国国际经济技术交流中心 地址：北京市东城区安定门东大街28号雍和大厦C座11层 联系方式：赵老师010-84000757 2.采购代理机构信息 名 称：中钰招标有限公司 地 址：北京市丰台区东旭国际中心A座北楼17层 联系方式：郭玉婷、王斌、张书玲、李倩、马俊影、朱艳梅、刘晶晶电话：010-60624505-813，传真：010-60624505-840，电子信箱：zhaobiao01@zyzbdl.com 3.项目联系方式 项目联系人：郭玉婷、王斌、张书玲、李倩、马俊影、朱艳梅、刘晶晶 电 话： 010-60624505-813,其他,,中国政府采购网,,,default,,采购文件,,,,,,,,,
合肥工业大学新能源高效智能变换与综合利用科学研究中心项目监理及项目管理一体化服务招标文件的答疑文件,变更公告,2026AFABZ50966,2026年08月31日 14:19,安徽省,合肥工业大学,安徽省合肥市屯溪路193号,叶老师 0551-62901772,安徽中技工程咨询有限公司,合肥市合作化南路27号,汪浩、王婧 0551-65149581转875、871、15056060897,汪浩、王婧,0551-65149581转875、871、15056060897,答疑文件（工大科学研究中心项目管理及监理）8.31（定稿）.doc,"[{""attach_name"": ""答疑文件（工大科学研究中心项目管理及监理）8.31（定稿）.doc"", ""attach_url"": ""https://download.ccgp.gov.cn/oss/download?uuid=BC0EFEC233F473DA5D5C3E69FD2B3A""}]",https://www.ccgp.gov.cn/cggg/zygg/gzgg/202608/t20260831_27233829.htm,2026-09-10 09:49:47,一、项目基本情况 原公告的采购项目编号：2026AFABZ50966 原公告的采购项目名称：合肥工业大学新能源高效智能变换与综合利用科学研究中心项目监理及项目管理一体化服务 首次公告日期：2026年08月24日 二、更正信息 更正事项：采购文件 更正内容： 合肥工业大学新能源高效智能变换与综合利用科学研究中心项目监理及项目管理一体化服务招标文件的答疑文件 各潜在投标人：现就“合肥工业大学新能源高效智能变换与综合利用科学研究中心项目监理及项目管理一体化服务”招标文件中有关问题澄清说明如下： 投标人疑问回复：疑问1、招标文件“第三章 评标办法”项目总负责人奖项、荣誉中要求：2.自2021年1月1日以来(以颁奖时间为准)，投标人拟任项目总负责人获得过行政主管部门或在国内依法登记注册的行业协会(或学会)颁发的优秀监理工程师或优秀(先进)项目管理负责人或全过程工程咨询优秀(先进)项目负责人表彰的得2分，满分2分。 请问此处要求的优秀监理工程师奖项，我单位提供拟派项目总负责人获得安徽省建设监理协会颁发的“优秀总监理工程师”奖项是否符合？答：本条所列“优秀监理工程师或优秀(先进)项目管理负责人或全过程工程咨询优秀(先进)项目负责人”仅为概括性表述，表彰内容或奖项名称的文字并非要求一一对应，投标人提供符合招标文件要求的类似荣誉均予以认可。疑问2、本次招标要求投标人业绩（含资审、评审）、项目总负责人业绩的项目类型为“公共建筑”。我方疑问：如为学校项目，学校内宿舍、公寓、地下室等是否均视为公共建筑？答：本项目招标文件第三章“评标办法”中已对“公共建筑”的界定进行了说明，按招标文件执行。疑问3、投标人须知“3.2投标报价”中：3.2.1投标报价应包括国家规定的增值税税金，除投标人须知前附表另有规定外，增值税税金按照一般计税方法计算。投标人应按照第六章“投标文件格式”的要求在报价文件投标函中进行报价并填写监理报酬清单。3.2.3本项目的报价方式见投标人须知前附表。投标人在投标截止时间前修改报价文件投标函中的投标报价，应同时修改投标文件“监理报酬清单”中的相应报价。此修改须符合本章第4.3款的有关要求。我方疑问：招标文件第六章投标文件格式中无“监理报酬清单”，投标文件是否无需提交“监理报酬清单”？答：无需提交“监理报酬清单”疑问4、第五章委托人要求中3.人员配备要求，问题①对项目总负责人要求为“国家注册监理工程师”与招标公告中的“具备国家注册监理工程师或一级注册建造师或注册一级造价工程师”不符，以哪个为准？问题②专业要求的“建筑工程”，因各类注册执业证书仅有建造师明确有建筑工程专业，若为房屋建筑工程专业国家注册监理师是否满足“建筑工程”的专业要求？若为土木建筑工程专业一级造价师是否满足“建筑工程”的专业要求？职称或学历专业为建筑工程相关专业（比如工民建、土木建筑、结构等），是否满足“建筑工程”的专业要求？问题③土建专业监理工程师要求专业为“建筑工程”，投标人须知前附表附录5资格审查条件（其他主要人员最低要求）中要求一名专业监理工程为“房屋建筑专业监理工程师”，从专业角度存在描述偏差，以哪个为准？答：问题①：以招标公告为准；问题②、问题③：“建筑工程”专业为概括性表述，各类证书中专业并非要求文字一一对应，符合相关要求的均予以认可。疑问5、技术文件评审因素包括“监理大纲内容”、“质量、进度、造价控制方法和措施”、“合同、信息管理方案”、“现场组织协调方案措施”、“文明施工、扬尘污染治理、安全控制方法和措施”、“重点和难点的控制方法和措施”等。我方疑问：本次招标为项目监理及项目管理一体化服务，项目管理和监理在工作依据、范围、服务周期，岗位设置，管理对象及侧重点，输出成果等方面均有明显差异。故，我方理解，“监理大纲内容”评审要素是否编制单独的监理大纲进行独立评审；“质量、进度、造价控制方法和措施”、“合同、信息管理方案”、“现场组织协调方案措施”、“文明施工、扬尘污染治理、安全控制方法和措施”、“重点和难点的控制方法和措施”等评审因素是否要从项目管理角度进行编制、即属于项目管理方案？避免给潜在投标人的文件编制和专家评委的评审造成困难。答：按招标文件执行。疑问6、投标人须知前附表10.11条要求“答辩时长不超过10分钟”，技术文件评审因素的“演示、答辩（项目总负责人陈述和答辩）”要求“陈述时间不超过10分钟（不含现场评标委员会提问时间）”。我方理解，是否意分为陈述和答辩两个环节，且陈述和答辩时长均不超过10分钟？答：陈述和答辩时长均不超过10分钟。疑问7、《商务、技术及报价文件详细评审标准》“投标人奖项、荣誉”、“项目总负责人奖项、荣誉”中注1要求“市级优质工程奖是指合肥市城乡建设局（或合肥市建筑工程协会）颁发的“琥珀杯”或外市等同奖项；省级优质工程奖是指安徽省住房和城乡建设厅（或安徽省建筑业协会）颁发的“黄山杯”或外省同等奖项；国家级奖项是指住房和城乡建设部（或中国建筑业协会）颁发的鲁班奖或住房和城乡建设部（或中国施工企业管理协会）颁发的国家优质工程奖”。我方疑问：①上述奖项对颁发单位描述有误，合肥市建筑工程协会现已更名为合肥市建筑业协会；2020和2021年度“黄山杯”由安徽省建设监理协会面向参建监理单位颁发黄山杯奖项。是否予以认可？对于项目总负责人奖项评审，若优质工程奖项的颁奖文件（或截图）和业绩合同不能体现项目总负责人姓名或岗位任职情况（比如中国建筑业协会颁发的鲁班奖不体现监理单位和总监姓名、中国施工企业管理协会颁发的国家优质工程奖不体现总监姓名），提供竣工验收资料或业主盖章的证明材料加以证明，是否予以认可？答：按招标文件执行。如相关奖项颁发单位已更名，更名前后符合招标文件要求的奖项均予以认可，其他按招标文件执行。疑问8、《商务、技术及报价文件详细评审标准》“项目总负责人业绩”要求“自2021年1月1日以来（以竣工验收时间为准），项目总负责人具备单个合同总建筑面积2.2万平方米及以上的公共建筑建筑工程监理服务业绩”，且要求“拟派项目总负责人须在投标业绩项目中担任项目总负责人或项目管理负责人或项目总监”。我方疑问：对业绩要求为“监理服务业绩”，但对拟派项目总负责人在监理业绩中的任职情况描述有误，在监理项目中不会设置“项目总负责人”和“项目管理负责人”岗位，故，是否应为“拟派项目总负责人须在投标业绩项目中担任项目总监”？答：按招标文件执行。疑问9、《商务、技术及报价文件详细评审标准》“项目总负责人奖项、荣誉”第1项要求“拟任总负责人承担的公共建筑项目（在项目中任总负责人或项目管理负责人或总监理工程师岗位）”。我方认为，是否应明确获奖项目的服务方式并匹配相应合理的岗位，比如，拟任总负责人承担的公共建筑项目（在全过程工程咨询项目（或项目管理和监理一体化项目）中任总负责人或项目管理负责人或总监理工程师（或监理专项负责人）岗位，在监理项目中任总监理工程师）。答：按招标文件执行。疑问10、《商务、技术及报价文件详细评审标准》“项目总负责人奖项、荣誉”第2项要求“自2021年1月1日以来（以颁奖时间为准），投标人拟任项目总负责人获得过行政主管部门或在国内依法登记注册的行业协会（或学会）颁发的优秀监理工程师或优秀（先进）项目管理负责人或全过程工程咨询优秀（先进）项目负责人表彰的”。我方疑问：优秀（或先进）总监理工程师是否应予认可？答：详见本文件疑问1回复内容。疑问11、投标人须知前附表《附录 4 资格审查条件（项目总负责人、总监理工程师最低要求）》中，“项目总负责人”第3条“其他要求：具有类似工作经验”。我方疑问：“类似工作经验”具体是指什么？需要提供哪些证明资料？答：无须提供证明材料。二、招标人补充修改内容：1、本项目招标文件第五章委托人要求“其他要求”第10条中，“未经招标人同意，中标人擅自更换监理人员时，将被视为监理单位违约。情节严重的，招标人将同时没收部分或全部履约保证金。如监理人员的更换造成损失的应当全额赔偿，招标人可以单方面解除本监理合同。”修改为“未经招标人同意，中标人擅自更换监理人员时，将被视为监理单位违约。情节严重的，招标人将不予退还部分或全部履约保证金。如监理人员的更换造成损失的应当全额赔偿，招标人可以单方面解除本监理合同。”2、由于本项目招标文件采用结构化制作，投标人在电子交易系统制作投标文件时使用的投标文件格式模块和招标文件有不一致的（务必仔细核对），以招标文件为准（电子投标系统中的模块格式可以正常填写，但不作为评审依据），同时按照招标文件规定的投标文件格式制作投标文件并扫描上传至相应模块“其他资料”等章节中。  合肥工业大学安徽中技工程咨询有限公司2026年8月31日 更正日期：2026年08月31日 三、其他补充事宜 无 四、凡对本次公告内容提出询问，请按以下方式联系。 1.采购人信息 名 称：合肥工业大学 地址：安徽省合肥市屯溪路193号 联系方式：叶老师 0551-62901772 2.采购代理机构信息 名 称：安徽中技工程咨询有限公司 地 址：合肥市合作化南路27号 联系方式：汪浩、王婧 0551-65149581转875、871、15056060897 3.项目联系方式 项目联系人：汪浩、王婧 电 话： 0551-65149581转875、871、15056060897,教育培训,,中国政府采购网,,,default,,采购文件,,,,,,,,,
电子科技大学清水河校区学生食堂设备采购项目结果更正公告,变更公告,HW20260000801,2026年08月31日 14:14,四川省,电子科技大学,四川省成都市高新区（西区）西源大道2006号,梁老师 028-61830809-801,四川中泽盛世项目管理有限公司,成都金牛高新技术产业园区蜀西路46号1栋1单元3楼301号,杨老师 028-87789977,杨老师,028-87789977,,,https://www.ccgp.gov.cn/cggg/zygg/gzgg/202608/t20260831_27233800.htm,2026-09-10 09:49:48,一、项目基本情况 原公告的采购项目编号：HW20260000801 原公告的采购项目名称：电子科技大学清水河校区学生食堂设备采购项目 首次公告日期：2026年04月28日 二、更正信息 更正事项：采购结果 更正内容： 依据财政部投诉处理决定书（财库法[2026]413号）处理决定，原公告的中标状态:中标，更正为：废标 更正日期：2026年08月31日 三、其他补充事宜 项目负责：刘沐晨、喻宇；质控审核：宋伟；项目执行：文荟尧；询问、质疑、投诉受理：李静怡 四、凡对本次公告内容提出询问，请按以下方式联系。 1.采购人信息 名 称：电子科技大学 地址：四川省成都市高新区（西区）西源大道2006号 联系方式：梁老师 028-61830809-801 2.采购代理机构信息 名 称：四川中泽盛世项目管理有限公司 地 址：成都金牛高新技术产业园区蜀西路46号1栋1单元3楼301号 联系方式：杨老师 028-87789977 3.项目联系方式 项目联系人：杨老师 电 话： 028-87789977,教育培训,,中国政府采购网,,,default,,采购结果,,,,,,,,,
零星工程维修服务采购项目更正公告,变更公告,0686-2611CJ145888Z,2026年08月31日 14:11,北京市,SPD,北京市西城区,/,北京国际贸易有限公司,北京市朝阳区建外大街甲3号,黄正、孙羽辰  010-85343324,黄正、孙羽辰,010-85343324,,,https://www.ccgp.gov.cn/cggg/zygg/gzgg/202608/t20260831_27233789.htm,2026-09-10 09:49:49,一、项目基本情况 原公告的采购项目编号：0686-2611CJ145888Z 原公告的采购项目名称：零星工程维修服务采购项目竞争性磋商公告 首次公告日期：2026年08月28日 二、更正信息 更正事项：采购公告 更正内容： 响应文件提交截止时间：2026年9月9日9点30分（北京时间）响应文件提交地点：北京市朝阳区建外大街甲三号北京国际贸易有限公司第一评标室开启时间：2026年9月9日9点30分（北京时间）开启地点：北京市朝阳区建外大街甲三号北京国际贸易有限公司第一评标室 更正日期：2026年08月31日 三、其他补充事宜 四、凡对本次公告内容提出询问，请按以下方式联系。 1.采购人信息 名 称：SPD 地址：北京市西城区 联系方式：/ 2.采购代理机构信息 名 称：北京国际贸易有限公司 地 址：北京市朝阳区建外大街甲3号 联系方式：黄正、孙羽辰 010-85343324 3.项目联系方式 项目联系人：黄正、孙羽辰 电 话： 010-85343324,工程建设,2026-09-09 09:30,中国政府采购网,,,default,,采购公告,,,,,,,,,
中国社会科学院服务中心检验科试剂耗材采购项目更正公告,变更公告,ZZDH2026-014,2026年08月31日 13:17,北京市,中国社会科学院服务中心,北京市东城区建国门内大街5号,刘老师    85196011,中招鼎华（北京）工程咨询有限公司,北京市朝阳区齐鲁海泰商务楼,王小千  13910365869,王小千,13910365869,,,https://www.ccgp.gov.cn/cggg/zygg/gzgg/202608/t20260831_27233645.htm,2026-09-10 09:49:49,一、项目基本情况 原公告的采购项目编号：ZZDH2026-014 原公告的采购项目名称：中国社会科学院服务中心检验科试剂耗材采购项目公开招标公告 首次公告日期：2026年08月27日 二、更正信息 更正事项：采购公告 更正内容： 原公告二、申请人资格要求2.落实政府采购政策需满足的资格要求：2.1 中小企业政策□本项目不专门面向中小企业预留采购份额。□本项目专门面向  ■中小 □小微企业  采购。即：提供的货物全部由符合政策要求的中小/小微企业制造、服务全部由符合政策要求的中小/小微企业承接。□本项目预留部分采购项目预算专门面向中小企业采购。对于预留份额，提供的货物由符合政策要求的中小企业制造、服务由符合政策要求的中小企业承接。预留份额通过以下措施进行：________/__________。 更正为二、申请人资格要求2.落实政府采购政策需满足的资格要求：2.1 中小企业政策■本项目不专门面向中小企业预留采购份额。□本项目专门面向  □中小 □小微企业  采购。即：提供的货物全部由符合政策要求的中小/小微企业制造、服务全部由符合政策要求的中小/小微企业承接。□本项目预留部分采购项目预算专门面向中小企业采购。对于预留份额，提供的货物由符合政策要求的中小企业制造、服务由符合政策要求的中小企业承接。预留份额通过以下措施进行：________/__________。 更正日期：2026年08月31日 三、其他补充事宜 公告其他内容不变，招标文件其他部分内容与上述调整内容不一致的，以上述调整内容为准 四、凡对本次公告内容提出询问，请按以下方式联系。 1.采购人信息 名 称：中国社会科学院服务中心 地址：北京市东城区建国门内大街5号 联系方式：刘老师 85196011 2.采购代理机构信息 名 称：中招鼎华（北京）工程咨询有限公司 地 址：北京市朝阳区齐鲁海泰商务楼 联系方式：王小千 13910365869 3.项目联系方式 项目联系人：王小千 电 话： 13910365869,教育培训,,中国政府采购网,,,default,,采购公告,,,,,,,,,
2026年度X波段相控阵雷达数据接入服务项目更正公告,变更公告,0748-2611CA8008CK,2026年08月31日 12:19,上海市,中国民用航空华东地区空中交通管理局,上海市长宁区机场空港一路171号,夏莹 021-22327512（异议及质疑联系人及联系方式：李俊 021-22325502）,中航材国际招标有限公司,北京市顺义区天祥路6号院北京东航中心2号楼8层,王嘉琦、刘昕彤、赵金倩（电话：021-62412217 电子邮箱：liuxintong@casc.com.cn）,王嘉琦、赵金倩、刘昕彤,021-62412217,,,https://www.ccgp.gov.cn/cggg/zygg/gzgg/202608/t20260831_27233522.htm,2026-09-10 09:49:50,一、项目基本情况 原公告的采购项目编号：0748-2611CA8008CK 原公告的采购项目名称：2026年度X波段相控阵雷达数据接入服务项目(第三次)公开招标公告 首次公告日期：2026年08月18日 二、更正信息 更正事项：采购公告 更正内容： 1.本项目招标公告标题错误，原标题“2026年度X波段相控阵雷达数据接入服务项目(第三次)公开招标公告”更正为“2026年度X波段相控阵雷达数据接入服务项目(第三次)竞争性磋商公告”。2.原公告：       三、获取采购文件时间：2026年8月18日至2026年8月25日每天上午9:00至11:00，下午14:00至16:00（北京时间，法定节假日除外）。四、提交投标文件截止时间、开标时间和地点提交投标文件截止时间：2026年08月31日 14点00分（北京时间）开标时间：2026年08月31日 14点00分（北京时间）地点：上海市长宁区迎宾三路50号4楼会议室五、公告期限      自本公告发布之日起5个工作日。更正为 三、获取采购文件时间：获取采购文件截止时间变更为2026年9月7日下午16:00四、提交投标文件截止时间、开标时间和地点提交投标文件截止时间：2026年09月11日 9点30分（北京时间）开标时间：2026年09月11日 9点30分（北京时间）地点：上海市长宁区迎宾三路50号4楼会议室五、公告期限      自本公告发布之日起3个工作日。    更正日期：2026年08月31日 三、其他补充事宜 本项目采购方式：竞争性磋商 四、凡对本次公告内容提出询问，请按以下方式联系。 1.采购人信息 名 称：中国民用航空华东地区空中交通管理局 地址：上海市长宁区机场空港一路171号 联系方式：夏莹 021-22327512（异议及质疑联系人及联系方式：李俊 021-22325502） 2.采购代理机构信息 名 称：中航材国际招标有限公司 地 址：北京市顺义区天祥路6号院北京东航中心2号楼8层 联系方式：王嘉琦、刘昕彤、赵金倩（电话：021-62412217 电子邮箱：liuxintong@casc.com.cn） 3.项目联系方式 项目联系人：王嘉琦、赵金倩、刘昕彤 电 话： 021-62412217,其他,2026-08-31 14:00,中国政府采购网,,,default,,采购公告,,,,,,,,,
果洛玛沁县特勤消防站综合救援能力提升项目的更正公告,变更公告,,2026年08月31日 12:02,玛沁县,果洛藏族自治州消防救援支队,玛沁县大武镇黄河路540号,蔡老师 0975-8384637,青海诚鑫招标有限公司,青海省西宁市城西区文景街14号,沈慧、李昕 0971-6128259,蔡老师,0975-8384637,,,https://www.ccgp.gov.cn/cggg/zygg/gzgg/202608/t20260831_27233434.htm,2026-09-10 09:49:51,一、项目基本情况 原公告的采购项目编号：青海诚鑫竞磋（工程）2026-084 原公告的采购项目名称：果洛玛沁县特勤消防站综合救援能力提升项目的竞争性磋商公告 首次公告日期：2026年08月19日 二、更正信息 更正事项：采购公告 更正内容： 序号 更正项 更正前内容 更正后内容 1 工程量清单 详见更正前《清单》 详见更正后 《更正后工程量清单》 2 响应文件提交 截止时间 2026年8月31日14时30分 2026年9月8日 14时30分 更正日期：2026年08月31日 三、其他补充事宜 / 四、凡对本次公告内容提出询问，请按以下方式联系。 1.采购人信息 名 称：果洛藏族自治州消防救援支队 地址：玛沁县大武镇黄河路540号 联系方式：蔡老师 0975-8384637 2.采购代理机构信息 名 称：青海诚鑫招标有限公司 地 址：青海省西宁市城西区文景街14号 联系方式：沈慧、李昕 0971-6128259 3.项目联系方式 项目联系人：蔡老师 电 话： 0975-8384637,公共安全,2026-08-31 14:30,中国政府采购网,,,default,,采购公告,,,,,,,,,
紫云苗族布依族自治县消防救援大队格凸大道消防救援站老旧营房修缮改造项目（二次）更正公告,变更公告,ASHF-26--QGC05,2026年08月31日 11:57,紫云苗族布依族自治县,紫云苗族布依族自治县消防救援大队,紫云县格凸大道北段216号,吴家文：0851-35232781,安顺汇丰招标采购有限公司,安顺市西秀区塔山东路38号（三楼）,潘清：18484152494,吴家文,0851-35232781,"ASHF-26-QGC05招标文件（二次）更正.pdf,招标工程量清单-更正.pdf","[{""attach_name"": ""ASHF-26-QGC05招标文件（二次）更正.pdf"", ""attach_url"": ""https://download.ccgp.gov.cn/oss/download?uuid=D1D64058618FDAD3A3E26B16FD6DF0""}, {""attach_name"": ""招标工程量清单-更正.pdf"", ""attach_url"": ""https://download.ccgp.gov.cn/oss/download?uuid=650B9987AE7106A84978890D9E0133""}]",https://www.ccgp.gov.cn/cggg/zygg/gzgg/202608/t20260831_27233401.htm,2026-09-10 09:49:51,一、项目基本情况 原公告的采购项目编号：ASHF-26--QGC05 原公告的采购项目名称：紫云苗族布依族自治县消防救援大队格凸大道消防救援站老旧营房修缮改造项目（二次）竞争性磋商 首次公告日期：2026年08月21日 二、更正信息 更正事项：采购文件 更正内容： 更正内容： 序号 更正项 更正前内容 更正后内容 1 开标时间 开标时间（北京时间）：2026年9月2日10时30分 开标时间（北京时间）：2026年9月9日10时30分 2 工程量清单 原工程量清单有误 详见更正后工程量清单 3 保证金缴纳时间 2026年8月21日 00时00分到2026年9月2日 10时30分 2026年8月21日 00时00分到2026年9月9日 10时30分       更正日期：2026年08月31日 三、其他补充事宜 无 四、凡对本次公告内容提出询问，请按以下方式联系。 1.采购人信息 名 称：紫云苗族布依族自治县消防救援大队 地址：紫云县格凸大道北段216号 联系方式：吴家文：0851-35232781 2.采购代理机构信息 名 称：安顺汇丰招标采购有限公司 地 址：安顺市西秀区塔山东路38号（三楼） 联系方式：潘清：18484152494 3.项目联系方式 项目联系人：吴家文 电 话： 0851-35232781,公共安全,,中国政府采购网,,,default,,采购文件,,,,,,,,,
吉林省消防救援总队2025年战勤保障物资采购项目装备物资模块箱，防坠落装备等[变更公告],变更公告,JLSZC20260089407,2026年08月31日 11:54,长春市,吉林省消防救援总队,吉林省长春市二道区自由大路6699号,姜博涵15144322999,吉林省公共资源交易中心（吉林省政府采购中心）,吉林省长春市南关区人民大街9999号,罗忠凯0431-81866996,姜博涵,15144322999,,,https://www.ccgp.gov.cn/cggg/zygg/gzgg/202608/t20260831_27233386.htm,2026-09-10 09:49:52,一、项目基本情况 原公告的采购项目编号：JLSZC20260089407 原公告的采购项目名称：吉林省消防救援总队吉林省消防救援总队2025年战勤保障物资采购项目 首次公告日期：2026年08月14日 二、更正信息 更正事项：采购文件 更正内容： 更正事项：采购公告、采购文件更正内容：现对采购文件作如下变更：1、变更的事项和内容：（1）需求中1、装备物资模块箱数量更改为100个；（2）需求中3、轻量化绳索救援装备数量更改为50套；（3）需求中5、50米水面漂浮救生绳【水面漂浮救生绳（50米以上）】数量更改为50个；（4）需求中6、绳索救援套装（70种器材装备）数量更改为2套。 更正日期：2026年08月26日 三、其他补充事宜 本公告与原招标文件具有同等法律效力，凡发布的公告内容出现不一致的，以本公告为准。  四、凡对本次公告内容提出询问，请按以下方式联系。 1.采购人信息 名 称：吉林省消防救援总队 地址：吉林省长春市二道区自由大路6699号 联系方式：姜博涵15144322999 2.采购代理机构信息 名 称：吉林省公共资源交易中心（吉林省政府采购中心） 地 址：吉林省长春市南关区人民大街9999号 联系方式：罗忠凯0431-81866996 3.项目联系方式 项目联系人：姜博涵 电 话： 15144322999,公共安全,,中国政府采购网,,,default,,采购文件,,,,,,,,,
中华人民共和国东兴出入境边防检查站机房动环监控系统采购项目更正公告,变更公告,FCG-DH2026-007,2026年08月31日 11:43,东兴市,中华人民共和国东兴出入境边防检查站,东兴市兴东路402号,郑警官  0770-2230566,广西达华工程造价咨询有限责任公司,广西防城港市北湖街路金石国际财富中心1302房,林桦   0770-2882618,林桦,0770-2882618,,,https://www.ccgp.gov.cn/cggg/zygg/gzgg/202608/t20260831_27233229.htm,2026-09-10 09:49:52,一、项目基本情况 原公告的采购项目编号：FCG-DH2026-007（重） 原公告的采购项目名称：中华人民共和国东兴出入境边防检查站机房动环监控系统采购项目 首次公告日期：2026年08月25日 二、更正信息 更正事项：采购文件 更正内容： 序号 更正项 更正前内容 更正后内容 1 原采购文件第二章“供应商须知前附表”第12.1.1“资格证明文件”第6项 6.中小企业声明函或残疾人福利性单位声明函或供应商属于监狱企业的证明材料；（必须提供，否则响应文件按无效处理） 6.中小企业声明函或残疾人福利性单位声明函或供应商属于监狱企业的证明材料；（如有，请提供） 2 原竞争性谈判公告及采购文件“响应文件提交”及“开启”时间 2026年9月1日9时30分 2026年9月4日9时30分   更正日期：2026年08月31日 三、其他补充事宜 无 四、凡对本次公告内容提出询问，请按以下方式联系。 1.采购人信息 名 称：中华人民共和国东兴出入境边防检查站 地址：东兴市兴东路402号 联系方式：郑警官 0770-2230566 2.采购代理机构信息 名 称：广西达华工程造价咨询有限责任公司 地 址：广西防城港市北湖街路金石国际财富中心1302房 联系方式：林桦 0770-2882618 3.项目联系方式 项目联系人：林桦 电 话： 0770-2882618,信息技术,,中国政府采购网,,,default,,采购文件,,,,,,,,,
中国计量科学研究院2026年至2029年互联网接入服务采购项目更正公告,变更公告,GC-FGX260896,2026年08月31日 11:40,市辖区,中国计量科学研究院,北京市朝阳区北三环东路18号,010-64525659,中央国家机关政府采购中心,西章胡同9号院,010-83083702,,010-64525659,中国计量科学研究院2026年至2029年互联网接入服务采购项目变更文件.pdf,"[{""attach_name"": ""中国计量科学研究院2026年至2029年互联网接入服务采购项目变更文件.pdf"", ""attach_url"": ""https://download.ccgp.gov.cn/oss/download?uuid=836cd71a-7d5e-4545-b631-824a22""}]",https://www.ccgp.gov.cn/cggg/zygg/gzgg/202608/t20260831_27233246.htm,2026-09-10 09:49:53,中国计量科学研究院2026年至2029年互联网接入服务采购项目更正公告 一、项目基本情况 1．项目编号：GC-FGX260896 2．项目名称：中国计量科学研究院2026年至2029年互联网接入服务采购项目 3．首次公告日期：2026年8月18日 二、更正信息 1. 更正事项： 采购公告 2. 更正内容： 招标文件第四部分评标方法和评标标准变更。 开标日期从9月8日变更为9月16日。 请重新下载招标文件。 3. 更正日期： 2026年8月31日 三、获取变更文件 1．时间：5个工作日 2．地点：中央政府采购网（http://www.zycg.gov.cn） 3．方式：在线下载 4．售价：免费 四、公告期限 自本公告发布之日起5个工作日，公告期限届满后获取变更文件的，获取时间以公告期限届满之日为准。 五、凡对本次公告内容提出询问，请按以下方式联系 1．采购人信息 名 称：中国计量科学研究院 地 址：北京市北京市朝阳区北京市朝阳区北三环东路18号 联系方式：010-64525659 2．采购执行机构信息 名 称：中央国家机关政府采购中心 地 址：北京市西城区西直门内大街西章胡同9号院 邮政编码：100035 联系方式：详见http://www.zycg.gov.cn/home/contactus 3．项目联系方式 文件联系人及电话： 徐婧婧 010-83084953 刘士伟 010-55602803 六、附件 1.中国计量科学研究院2026年至2029年互联网接入服务采购项目变更文件 中央国家机关政府采购中心 2026年8月31日,信息技术,,中国政府采购网,,,default,,,,,,,,,,,
民政职业大学燕郊校区物业服务项目更正公告,变更公告,CFTC-BJ01-2607012,2026年08月31日 11:09,北京市,民政职业大学,北京市大兴区科苑东路1号,杨老师 010-80206954,国金招标有限公司,北京市朝阳区东三环南路甲52号顺迈金钻国际商务中心9层9C,谢丹丹、段嘉磊、边璐、杨振豪、孙涛、张含勇、邵柄强、孔政010-52216033、13521749581,谢丹丹、段嘉磊、边璐、杨振豪,010-52216033、13521749581,,,https://www.ccgp.gov.cn/cggg/zygg/gzgg/202608/t20260831_27232909.htm,2026-09-10 09:49:54,一、项目基本情况 原公告的采购项目编号：CFTC-BJ01-2607012 原公告的采购项目名称：民政职业大学燕郊校区物业服务项目 首次公告日期：2026年07月13日 二、更正信息 更正事项：采购结果 更正内容： 因中标人放弃中标，本项目更正中标人。原中标公告中内容：中标信息中标（成交）信息供应商名称：北京依利特物业服务有限公司供应商地址：北京市丰台区榴乡路88号院5号楼-1层-102中标（成交）金额：321.111000（万元）现更正为：中标信息中标（成交）信息供应商名称：北京汇杰物业管理有限公司供应商地址：北京市延庆区颍泽洲小区四区23号楼1层402中标（成交）金额：329.162256 （万元）其他内容均无修改。 更正日期：2026年08月31日 三、其他补充事宜 无 四、凡对本次公告内容提出询问，请按以下方式联系。 1.采购人信息 名 称：民政职业大学 地址：北京市大兴区科苑东路1号 联系方式：杨老师 010-80206954 2.采购代理机构信息 名 称：国金招标有限公司 地 址：北京市朝阳区东三环南路甲52号顺迈金钻国际商务中心9层9C 联系方式：谢丹丹、段嘉磊、边璐、杨振豪、孙涛、张含勇、邵柄强、孔政010-52216033、13521749581 3.项目联系方式 项目联系人：谢丹丹、段嘉磊、边璐、杨振豪、孙涛、张含勇、邵柄强、孔政 电 话： 010-52216033、13521749581,教育培训,,中国政府采购网,,,default,,采购结果,,,,,,,,,
贵州省消防救援总队2026年物业及厨师第三方服务团队采购项目的更正公告,变更公告,XSSCG-2026-632,2026年08月31日 11:03,南明区,贵州省消防救援总队,贵州省贵阳市沙冲南路198号,徐助理0851-83990053,贵州新山水建设咨询（集团）有限公司,贵州省观山湖区麒龙贵州塔31楼,林洪玫、马慧、向秀18085097557,林洪玫、马慧、向秀,18085097557,,,https://www.ccgp.gov.cn/cggg/zygg/gzgg/202608/t20260831_27232855.htm,2026-09-10 09:49:55,一、项目基本情况 原公告的采购项目编号：XSSCG-2026-632 原公告的采购项目名称：贵州省消防救援总队2026年物业及厨师第三方服务团队采购项目 首次公告日期：2026年08月31日 二、更正信息 更正事项：采购公告 更正内容： 原提交投标文件截止时间：2026年09月22日 09点03分（北京时间）。现更正提交投标文件截止时间：2026年09月22日 09点30分（北京时间） 更正日期：2026年08月31日 三、其他补充事宜 其余事项不变。 四、凡对本次公告内容提出询问，请按以下方式联系。 1.采购人信息 名 称：贵州省消防救援总队 地址：贵州省贵阳市沙冲南路198号 联系方式：徐助理0851-83990053 2.采购代理机构信息 名 称：贵州新山水建设咨询（集团）有限公司 地 址：贵州省观山湖区麒龙贵州塔31楼 联系方式：林洪玫、马慧、向秀18085097557 3.项目联系方式 项目联系人：林洪玫、马慧、向秀 电 话： 18085097557,公共安全,2026-09-22 09:03,中国政府采购网,,,default,,采购公告,,,,,,,,,
复旦大学附属华山医院浦东院区信息中心机房改造扩容项目延期公告,变更公告,HSFW20260124,2026年08月31日 10:40,上海市,复旦大学附属华山医院,上海市静安区乌鲁木齐中路12号,彭俊彦，021-52889999,上海机电设备招标有限公司,上海市普陀区长寿路285号恒达大厦16楼,孙瑞强、蒋颖、孙瑞强，021-32557738、32557750、32557809，电子邮箱：srq@shbid.com,蒋颖,021-32557750,,,https://www.ccgp.gov.cn/cggg/zygg/gzgg/202608/t20260831_27232641.htm,2026-09-10 09:49:55,一、项目基本情况 原公告的采购项目编号：HSFW20260124 原公告的采购项目名称：复旦大学附属华山医院浦东院区信息中心机房改造扩容项目公开招标公告 首次公告日期：2026年08月24日 二、更正信息 更正事项：采购公告 更正内容： 因故延期，延期后的提交投标文件截止时间、开标时间为：2026年9月18日8点15分。其余不变。 更正日期：2026年08月31日 三、其他补充事宜 / 四、凡对本次公告内容提出询问，请按以下方式联系。 1.采购人信息 名 称：复旦大学附属华山医院 地址：上海市静安区乌鲁木齐中路12号 联系方式：彭俊彦，021-52889999 2.采购代理机构信息 名 称：上海机电设备招标有限公司 地 址：上海市普陀区长寿路285号恒达大厦16楼 联系方式：孙瑞强、蒋颖、孙瑞强，021-32557738、32557750、32557809，电子邮箱：srq@shbid.com 3.项目联系方式 项目联系人：蒋颖 电 话： 021-32557750,医疗卫生,,中国政府采购网,,,default,,采购公告,,,,,,,,,
景县消防救援大队食堂主副食配送项目中标结果更正公告,变更公告,HBJP-20260827,2026年08月31日 10:20,景县,景县消防救援大队,景县景兴大街北、港华燃气西,贾站长0318-5839776,河北锦鹏工程项目管理有限公司,河北省衡水市桃城区育才南大街御景城二区六号楼2-2301,陈林 0318-6871127,贾站长,0318-5839776,,,https://www.ccgp.gov.cn/cggg/zygg/gzgg/202608/t20260831_27232490.htm,2026-09-10 09:49:56,一、项目基本情况 原公告的采购项目编号：HBJP-20260827 原公告的采购项目名称：景县消防救援大队食堂主副食配送项目成交结果公告 首次公告日期：2026年08月27日 二、更正信息 更正事项：采购结果 更正内容： 1、中标供应商：景县千庄商贸有限公司2、中标价为单价综合折扣为 95.88 %。3、合同履行期限：自中标后签订合同之日起12个月。4、质量标准：合格。 更正日期：2026年08月31日 三、其他补充事宜 四、凡对本次公告内容提出询问，请按以下方式联系。 1.采购人信息 名 称：景县消防救援大队 地址：景县景兴大街北、港华燃气西 联系方式：贾站长0318-5839776 2.采购代理机构信息 名 称：河北锦鹏工程项目管理有限公司 地 址：河北省衡水市桃城区育才南大街御景城二区六号楼2-2301 联系方式：陈林 0318-6871127 3.项目联系方式 项目联系人：贾站长 电 话： 0318-5839776,公共安全,,中国政府采购网,,,default,,采购结果,,,,,,,,,
东北林业大学智慧校园综合建设项目-教科研一体化管理平台及网络设备配备升级采购项目更正公告,变更公告,2026-30058,2026年08月31日 08:31,黑龙江省,东北林业大学,哈尔滨市香坊区和兴路26号,靳老师0451-82191882,宜国发项目管理有限公司,黑龙江省哈尔滨市南岗区闽江路75号华鸿国际中心3号楼25层2501室,王莹   李亮    0451-51963073,靳老师,0451-82191882,,,https://www.ccgp.gov.cn/cggg/zygg/gzgg/202608/t20260831_27232092.htm,2026-09-10 09:49:56,一、项目基本情况 原公告的采购项目编号：2026-30058 原公告的采购项目名称：东北林业大学智慧校园综合建设项目-教科研一体化管理平台及网络设备配备升级采购项目招标公告 首次公告日期：2026年08月11日 二、更正信息 更正事项：采购文件 更正内容： 各有关投标人：现对《东北林业大学智慧校园综合建设项目-教科研一体化管理平台及网络设备配备升级采购项目》招标文件（项目编号：2026-30058）做如下变更：1、招标文件第三章采购需求中采购标的技术（参数）表中的6.7.3条及23.2.2条中提及“天眼查”企业数据服务为利旧对接学校既有数据服务，无需重复建设，可直接使用，使用过程中产生的接口次数费用需包含在本项目固定总价范围内，不再另行计取。2、招标文件第三章采购需求中采购标的技术（参数）表中的27.7条“本项目建设的系统必须按照《网络安全等级保护基本要求》（GB/T 22239-2019）第二级及以上标准进行规划、设计与实施，需提供测评机构出具的《网络安全等级保护测评报告》作为证明材料。本次建设系统需配合完成系统的等级保护备案工作，并配合具有相关资质的第三方测评机构（由采购人最终确认）完成等级保护测评。”变更为“本项目建设的系统必须按照《网络安全等级保护基本要求》（GB/T 22239-2019）第二级及以上标准进行规划、设计与实施，需提供测评机构出具“针对所投平台软件产品的”《网络安全等级保护测评报告》作为证明材料。本次建设系统需配合完成系统的等级保护备案工作，并配合具有相关资质的第三方测评机构（由采购人最终确认）完成等级保护测评。”。3、招标文件第五章评标办法及标准中综合评分表中的“项目团队评审标准”由“（1）项目负责人：具备信息系统项目管理师高级职称的得2分，否则不得分。（2）团队成员：项目团队其他人员（除项目经理外）具备系统集成项目管理工程师、信息系统项目管理师证书、软件设计师证书、网络安全工程师，每提供一类证书得1分，最高得4分。（若1人同时具有多类证书，只计算其中一类）。注：上述项目团队所有人员须为投标人合法在职人员，提供拟派项目负责人近6个月(2026年1月-2026年8月任意连续6个月)投标人为其缴纳的企业职工社会保险证明和有效的资格证书（若上述证书存在更高级别的亦认可）复印件作为佐证材料，佐证材料缺一不得分。”修改为“（1）项目负责人：具备信息系统项目管理师高级职称的得2分，否则不得分。（2）团队成员：项目团队其他人员（除项目负责人外）具备系统集成项目管理工程师、信息系统项目管理师证书、软件设计师证书、网络安全工程师，每提供一类证书得1分，最高得4分。（若1人同时具有多类证书，只计算其中一类）。（3）上述项目负责人和团队成员均须为企业合法在职员工，提供“拟派项目负责人和团队成员均为企业合法在职员工，若中标，可提供相关证明材料，如相关人员非本单位在职员工，招标人有权取消中标资格”的承诺函，（承诺函格式自拟，加盖公章）。注：上述所有人员均须提供有效的资格证书（若上述证书存在更高级别的亦认可）复印件和承诺书作为佐证材料，佐证材料缺一不得分。”。4、本项目开标时间（投标截止时间）变更为“2026年9月15日9时30分”；5、投标文件递交截止时间变更为“2026年9月15日9时30分前”；6、投标保证金递交时间截止变更为“2026年9月15日9时30分前”；其它条款仍执行原编号为2026-30058《招标文件》的要求。其他内容及要求不变。 更正日期：2026年08月31日 三、其他补充事宜 无 四、凡对本次公告内容提出询问，请按以下方式联系。 1.采购人信息 名 称：东北林业大学 地址：哈尔滨市香坊区和兴路26号 联系方式：靳老师0451-82191882 2.采购代理机构信息 名 称：宜国发项目管理有限公司 地 址：黑龙江省哈尔滨市南岗区闽江路75号华鸿国际中心3号楼25层2501室 联系方式：王莹 李亮 0451-51963073 3.项目联系方式 项目联系人：靳老师 电 话： 0451-82191882,教育培训,,中国政府采购网,,,default,,采购文件,,,,,,,,,
中华人民共和国北海出入境边防检查站2026年单警装备采购项目更正公告,变更公告,,2026年08月29日 17:15,海城区,中华人民共和国北海出入境边防检查站,广西北海市海城区北部湾西路60号，北海出入境边防检查站,韦警官，0779-3902868,详见公告正文,详见公告正文,详见公告正文,韦警官,0779-3902868,,,https://www.ccgp.gov.cn/cggg/zygg/gzgg/202608/t20260829_27230885.htm,2026-09-10 09:49:57,一、项目基本情况 原公告的采购项目编号： 原公告的采购项目名称：中华人民共和国北海出入境边防检查站2026年单警装备采购项目采购公告 首次公告日期：2026年08月28日 二、更正信息 更正事项：采购文件 更正内容： 对原公告附件《中华人民共和国北海出入境边防检查站2026年单警装备采购项目竞价文件》和《中华人民共和国北海出入境边防检查站2026年单警装备采购项目采购清单》中“警用肩灯”的采购内容更正为：“执行GA/T 2140-2024《警用肩灯》标准，配备可旋转肩袢挂扣，设置防闪光干扰遮光部件；产品总质量≤70g；采用单按键控制，开机默认红蓝频闪模式；1.频闪性能：频闪发光强度2cd-4cd，频闪频率4Hz-6Hz，频闪模式续航时间≥10h；2.照明模式：开启照明模式，距离光源300mm处光斑中心照度80lx-110lx，照明模式续航时间≥2h；3.防护及环境适应性：防护等级IP56；工作环境温度-20℃～+55℃；开关按压寿命≥10000次；具备欠压、满电提示功能；4.须提供公安部检测中心出具的符合GA/T 2140-2024标准的检测报告。” 更正日期：2026年08月29日 三、其他补充事宜 公告媒体：中 国 政 府 采 购 网 （ https://www.ccgp.gov.cn ）  四、凡对本次公告内容提出询问，请按以下方式联系。 1.采购人信息 名 称：中华人民共和国北海出入境边防检查站 地址：广西北海市海城区北部湾西路60号，北海出入境边防检查站 联系方式：韦警官，0779-3902868 2.项目联系方式 项目联系人：韦警官 电 话： 0779-3902868,公共安全,,中国政府采购网,,,default,,采购文件,,,,,,,,,
ZYCGR22011901自动化高通量质粒构建筛选系统一期和高通量自动化蛋白扩大表达功能平台一期采购项目更正公告,变更公告,OITC-G260602603,2026年08月29日 15:17,广州市,zycgr22011901,广东省广州市海珠区广州国际生物岛星岛环北路9号,位老师020-89806606（6057）,东方国际招标有限责任公司,北京市海淀区丹棱街1号互联网金融中心20层,迟兆洋、叶明、林杨婷、王宸极、李飒020-87001523、0769-26627023,迟兆洋、叶明、林杨婷、王宸极,020-87001523、0769-26627023,,,https://www.ccgp.gov.cn/cggg/zygg/gzgg/202608/t20260829_27230499.htm,2026-09-10 09:49:58,一、项目基本情况 原公告的采购项目编号：OITC-G260602603 原公告的采购项目名称：ZYCGR22011901自动化高通量质粒构建筛选系统一期和高通量自动化蛋白扩大表达功能平台一期采购项目公开招标公告 首次公告日期：2026年08月29日 二、更正信息 更正事项：采购文件 更正内容： 1、商务要求   5、综合验收  （2）达到验收条件后，投标人向采购人提出验收申请，采购人或者采购人委托第三方测试机构组织专家评审并形成评审意见，确认是否通过验收，验收通过后各项材料进行归档。更正为：（2）投标人完成所有设备安装调试、完成工作站联调、72小时连续运行测试，所有设备运行正常，并按照采购人的要求准备好所有验收资料后向采购人提交书面综合验收申请。采购人或者采购人委托第三方测试机构组织专家评审并形成评审意见，确认是否通过验收，验收通过后各项材料进行归档。2、其他不变。 更正日期：2026年08月29日 三、其他补充事宜 无 四、凡对本次公告内容提出询问，请按以下方式联系。 1.采购人信息 名 称：zycgr22011901 地址：广东省广州市海珠区广州国际生物岛星岛环北路9号 联系方式：位老师020-89806606（6057） 2.采购代理机构信息 名 称：东方国际招标有限责任公司 地 址：北京市海淀区丹棱街1号互联网金融中心20层 联系方式：迟兆洋、叶明、林杨婷、王宸极、李飒020-87001523、0769-26627023 3.项目联系方式 项目联系人：迟兆洋、叶明、林杨婷、王宸极、李飒 电 话： 020-87001523、0769-26627023（电话若一时无人接听请发邮件mye@oitc.com.cn、cjwang@oitc.com.cn、sli@oitc.com.cn 咨询，我司会及时回复）,信息技术,,中国政府采购网,,,default,,采购文件,,,,,,,,,
外交学院两校区电梯采购项目更正公告,变更公告,ZSLTC-2026-S112,2026年08月29日 12:51,北京市,外交学院,北京市西城区展览馆路24号,"曾老师, 010-68323941",中盛隆国际招标（北京）有限公司,北京市海淀区阜成路58号新洲商务大厦302室,李莉、马春娟、孙源滨、李蕊、魏菲、曹泽鹏、赵中阳、刘震、李红梅010-88956517-812,李莉、马春娟、孙源滨、李蕊、魏,010-88956517-812,,,https://www.ccgp.gov.cn/cggg/zygg/gzgg/202608/t20260829_27230331.htm,2026-09-10 09:49:58,"一、项目基本情况 原公告的采购项目编号：ZSLTC-2026-S112 原公告的采购项目名称：外交学院两校区电梯采购项目竞争性磋商 首次公告日期：2026年08月19日 二、更正信息 更正事项：采购公告 更正内容： 原开标时间：2026年8月31日13点30分（北京时间）现更正为：2026年9月8日13点30分（北京时间）其他内容不变。 更正日期：2026年08月28日 三、其他补充事宜 无 四、凡对本次公告内容提出询问，请按以下方式联系。 1.采购人信息 名 称：外交学院 地址：北京市西城区展览馆路24号 联系方式：曾老师, 010-68323941 2.采购代理机构信息 名 称：中盛隆国际招标（北京）有限公司 地 址：北京市海淀区阜成路58号新洲商务大厦302室 联系方式：李莉、马春娟、孙源滨、李蕊、魏菲、曹泽鹏、赵中阳、刘震、李红梅010-88956517-812 3.项目联系方式 项目联系人：李莉、马春娟、孙源滨、李蕊、魏菲、曹泽鹏、赵中阳、刘震、李红梅 电 话： 010-88956517-812",教育培训,,中国政府采购网,,,default,,采购公告,,,,,,,,,
200W、500W燃料电池测试系统采购项目更正公告,变更公告,HR-LZ20260083,2026年08月28日 22:37,北京市,zycgr22011902,/,李老师 010-57305134,天恒招标有限公司,北京市东城区东四十条甲22号南新仓商务大厦B座922,刘艳素、王文静、陈洁、徐梓瑶、刘戈 010-53347227、17710393237,刘艳素、王文静、陈洁、徐梓瑶,010-53347227、17710393237,,,https://www.ccgp.gov.cn/cggg/zygg/gzgg/202608/t20260828_27229405.htm,2026-09-10 09:49:59,"一、项目基本情况 原公告的采购项目编号：HR-LZ20260083 原公告的采购项目名称：200W、500W燃料电池测试系统采购项目 首次公告日期：2026年08月18日 二、更正信息 更正事项：采购文件 更正内容： 原招标文件： 第二章   投标人须知 投标人须知资料表 2.4 核心产品   本项目不适用。 √为单一产品采购项目。   为非单一产品采购项目，核心产品为：      。 2.5 项目预算及 最高限价 预算金额： 210.00 万元。 最高限价：  /  元（人民币） 5.3.4 标的 所属行业 本项目采购标的对应的中小企业划分标准所属行业： 标的名称 所属行业 200W燃料电池小单片高精度膜电极测试系统 工业（包括采矿业，制造业，电力、热力、燃气及水生产和供应业）     2)第四章《评标程序、评标方法和评标标准》二、评标标准 3 技术部分（63分） 技术指标响应 （49分） 投标人需对第五章采购需求中“5.1技术要求”逐条进行应答，根据各投标人响应情况进行评分。 1、标注*的实质性响应指标，每有一项实质性响应指标不满足，其投标无效； 2、未标注*的为一般技术指标，每有一项一般技术指标不满足，本项扣0.5分，直至扣完为止。正偏离不加分，全部满足得49分。 注：标注*的为实质性响应指标，每有一项实质性响应指标不满足，其投标无效。 供货及安 装调试方案 （5分） 根据投标人提供的供货及安装调试方案进行评价： 供货及安装调试方案内容完整全面、合理细致，符合采购需求中的要求，可行性高，针对性强，得5分； 供货及安装调试方案内容较完整全面，比较符合采购需求中的要求，可行性较高，针对性较强，存在轻微缺项、漏项，得4分； 供货及安装调试方案内容一般、可行性和针对性一般，存在一定的缺项、漏项，得2分； 供货及安装调试方案内容简单，可行性和针对性不强，存在明显缺项、漏项，得1分； 未提供项目供货及安装调试方案，得0分。 3)第五章《采购需求》3.供货范围3.1详细的供货清单表一 200W燃料电池小单片高精度膜电极测试系统 序号 货物名称 数量 单位 备注 1. 燃料电池膜电极测试系统 1 套   2. 数据处理工作站 1 套    3.2需一并提供的备品备件 序号 货物名称 规格/型号 单位 数量 备注 1. 燃料电池连接管路及附件 配套 套 1   2. 加热管保温棉 配套 卷 2   3. 氢气背压阀膜片 适配测试台氢气背压阀 片 2   4. 空气背压阀膜片 适配测试台空气背压阀 片 2   5. 卡盘密封垫片 材质：PTFE，耐温250℃，耐压1MPa 套 5 测试台所用规格密封垫片各配5个 6. 流量控制器 与测试台原装一致 个 2 阴、阳极各一个 7. 产品维修手册 配套 套 1   8. 电磁阀 与测试台原装一致 个 2 阴、阳极各一个 9. 背压阀 与测试台原装一致 个 2 阴、阳极各一个  注：以上所列品项均须包含在投标报价中，供应周期不大于3个月。表二 500W燃料电池耐久性测试台3.3详细的供货清单 序号 货物名称 数量 单位 备注 1. 燃料电池测试台 1 套   2. 数据处理工作站 1 套    3.4需一并提供的备品备件 序号 货物名称 规格/型号 单位 数量 备注 1. 燃料电池连接管路及附件 配套 套 1   2. 加热管保温棉 配套 卷 2   3. 氢气背压阀膜片 适配测试台氢气背压阀 片 2   4. 空气背压阀膜片 适配测试台空气背压阀 片 2   5. 卡盘密封垫片 材质：PTFE，耐温250℃，耐压1MPa 套 5 测试台所用规格密封垫片各配5个 6. 流量控制器 与测试台原装一致 个 2 阴、阳极各一个 7. 产品维修手册 配套 套 1   8. 电磁阀 与测试台原装一致 个 2 阴、阳极各一个 9. 背压阀 与测试台原装一致 个 2 阴、阳极各一个  注：以上所列品项均须包含在投标报价中，供应周期不大于3个月。 表三 500W高精度燃料电池膜电极测试系统3.5详细的供货清单 序号 货物名称 数量 单位 备注 1. 燃料电池膜电极测试系统 1 套   2. 数据处理工作站 1 套    3.6需一并提供的备品备件 序号 货物名称 规格/型号 单位 数量 备注 1. 燃料电池连接管路及附件 配套 套 1   2. 加热管保温棉 配套 卷 2   3. 氢气背压阀膜片 适配测试台氢气背压阀 片 2   4. 空气背压阀膜片 适配测试台空气背压阀 片 2   5. 卡盘密封垫片 材质：PTFE，耐温250℃，耐压1MPa 套 5 测试台所用规格密封垫片各配5个 6. 产品维修手册 配套 套 1   7. 电磁阀 与测试台原装一致 个 2 阴、阳极各一个 8. 背压阀 与测试台原装一致 个 2 阴、阳极各一个  注：以上所列品项均须包含在投标报价中，供应周期不大于3个月。4.使用条件4.1 200W燃料电池小单片高精度膜电极测试系统1) 长期运行环境温度：10~40℃2) 储存温度：0~30℃3) 长期运行相对湿度： 10~80%RH4) 大气压力： 常压4.2 500W燃料电池耐久性测试台1)长期运行环境温度：10~40℃2)储存温度：0~40℃3)长期运行相对湿度： 10~80%RH4)大气压力： 常压4.3 500W高精度燃料电池膜电极测试系统1)长期运行环境温度：10~40℃2)储存温度：0~40℃3)长期运行相对湿度： 10~80%RH4)大气压力： 常压5.技术要求5.1 200W燃料电池小单片高精度膜电极测试系统200W燃料电池小单片高精度膜电极测试系统用于质子交换膜燃料电池小面积（≤100 cm2）单电池的高精度性能测试，包含膜电极材料选型（阴/阳极催化剂、质子膜、碳纸）、浆料优化、性能及耐久性测试，除常规的氢-空测试条件外，还要求可以满足阴极为不同氧浓度（氧气和空气的混合气）的富氧测试条件。此测试系统可实现常规测试条件下（60-80℃）的高精度控温控气体流速能力，具有高气体流量控制精度（0.8% RD）和高露点控制精度（±1℃），可作为小面积膜电极测试性能标定用设备。阴阳极气体控制要求具备手动和软件程序自动控制两种方式，阴阳极反应气体控制模式为计量比和流量模式，阴阳极具备混合气体的功能。5.1.1要求1 序号 项目 采购方要求值 应答方保证值 1. 阳极 氢气流量范围* 0-4 L/min   2. 氮气流量范围* 0-4 L/min   3. 特殊气体流量范围* 0-4 L/min   4. 混气功能 具备不同比例氢气和氮气混合功能   5. 流量控制精度* ±（0.8% RD+0.2%FS）   6. 流量控制模式 计量比或流量模式可选   7. 气体压力控制单元* 背压控制范围：0~350 kPag   8. 背压测量精度：≤±0.5%FS；背压控制精度：≤±0.5%FS；进出口压力都需要检测   9. 压力响应速率≥3kPa/s   10. 露点温度* 环境温度~95℃(控制精度：±1℃)   11. 入口温度 环境温度~110℃(精度稳态±1℃ 动态±2℃)   12. 干湿模式* 具备纯干气模式   13. 阴极   特殊气体流量范围* 0.1-10 L/min   14. 空气流量范围* 0.1-10 L/min   15. 氮气流量范围* 0.1-10 L/min   16. 氧气流量范围* 0.1-10 L/min   17. 混气功能 具备不同比例空气、氮气、氧气混合功能   18. 流量控制精度* ±（0.8% RD+0.2%FS）   19. 流量控制模式 计量比或流量模式可选   20. 气体压力控制单元* 背压控制范围：0~350 kPag   21. 背压测量精度：≤±0.5%FS；背压控制精度：≤±0.5%FS；进出口压力都需要检测   22. 压力响应速率≥3kPa/s   23. 露点温度* 环境温度~95℃(控制精度：±1℃)   24. 入口温度 环境温度~110℃(精度稳态≤±1℃ 动态≤±2℃)   25. 干湿模式* 具备纯干气模式   26. 氮气 吹扫范围 阳极/阴极，阴阳极具备氮气可控流量吹扫、浮子流量吹扫   27. 流量范围 0-5NLPM   28. 吹扫方式 手动/自动 双路/单路   29. 端板温控性能指标 运行温度 室温～95℃   30. 加热端板温控电压要求 200～240VAC   31. 加热端板温控电流 ≥1A   32. 温度测量精度 ≤±0.5℃   33. 测温接口数量 ≥8个   34. 加热系统 控温系统 测试环境温度范围20-80℃，内置恒温加热模块。具有水冷、电加热两套单电池控温系统，温度控制精度±0.5℃   35. 电子负载   负载类型 消耗式电子负载   36. 电流* 范围：≥200A 电流分辨率：≤1mA 电流测定精度：≤±0.5%FS   37. 电压* 控制范围：-1.5V–5 V 电压分辨率: ≤±1mV 电压测定精度： ≤0.1%FS   38. 功率 0-200W   39. 电流响应速率 (10%-90%跃迁) ≤1ms   40. CVM   电压检测范围 ±2.5VDC   41. 电压检测精度 ≤±1mV   42. 数据记录速率 ≥10 Hz   43. 通道数 ≥5   44. 反极测试 反极功能 具备，允许被测试燃料电池的最低电压≤-1.5V   45. 负载集成或带内阻仪 电阻测量范围 0.1μΩ-33Ω   46. 电阻准确度 0.5% rdg   47. 实时监测* 与测试台连用可实时监测并记录电阻   48. 电化学测试 电化学工作站* 自带恒电位恒电流仪及阻抗测试模块或可与外部电化学工作站连用； 覆盖EIS、CV等电化学测试方法，低频阻抗谱测试精度大于1%   49. 整机参数 无人值守* 具备24小时无人值守功能。支持用户定义的方程式和统计计算，通过用户定义的方程式和自动化脚本。可以实时监控用户定义的计算变量，并可根据这些变量设置远程报警   50. 安全系统* 具备电压、压力、温度以及气体泄漏联动触发报警及启动安全保护功能，外围氢浓度检测报警，阈值可调，精度±2%FS。   51. 进气管控要求* 进气端配备止回阀，防止瞬间串气现象。氢气端需需要单独排气功能。   52. 安全要求 测试台可满足富氧条件使用，控制精度和检测精度可满足所列技术指标，同时在使用过程中确保安全和可靠性。配置过压保护、过流保护、气体泄漏报警及紧急停机连锁系统。   53. 自动化脚本编写功能*   具备自定义编写功能，成熟的逻辑控制语言。例如： • 启动和关闭脚本程序 • 耐久性脚本程序（包含AST测试方法模块） • 诊断测试 • 动态负载循环   54. 数据采集 采样频率≥50Hz，实时记录电压、电流、功率、气体流量等参数，支持CSV/Excel格式导出。   55. 工况可设置* 能根据需求设计工况程序自动运行，具有自动测试和手动测试两种模式，自动模式允许长时间无人值守并可靠动态运行。满足多工况单次编程自动化连续测试   56. 可执行实验测试种类 涵盖极化曲线测试、功率密度测试、效率测试、阻抗分析等。可进行开路电路测试，定电流测试，定电压测试，定功率测试, 扫电流测试，扫电压测试，任意控制，更换燃料设定，阻抗测量等   57. 耐久性测试 支持恒电流/恒电压循环测试，可自定义循环次数、负载区间及时长，模拟高低负载切换、启停冲击等复杂场景。   58. 接口兼容性 适配标准燃料电池单片（如50cm2、100cm2电极面积），支持快速装卸夹具。支持测试台中多通道夹具兼容。   59. 软件集成 集成专用测试软件，支持测试流程自定义、实时曲线绘制及历史数据对比分析。   60. 数据存储 数据通讯接口 优选LAN通讯驱动或GPIB，支持LIMS系统；USB接口≥4   61. 数据保存 机械硬盘≥1TB；固态硬盘≥512GB    注：应答时，供应商不能简单的写“满足”或“符合”，如无偏离，则应在响应文件中逐一列明具体响应情况，特别对有具体参数要求的指标，供应商必须提供所投设备的具体参数值，否则按投标无效处理。（带“*”技术指标为实质性指标不满足作投标无效处理）。5.2 500W燃料电池耐久性测试台500W燃料电池耐久性测试台用于质子交换膜燃料电池普通尺寸（50-150 cm2）单电池的耐久性测试，包含膜电极材料选型（阴/阳极催化剂、质子膜、碳纸）、浆料优化、性能及耐久性测试，除常规的氢-空测试条件外，还要求可以满足阴极为不同氧浓度（氧气和空气的混合气）的富氧测试条件。同时测试台具有宽温域测试能力，露点控制需达到120℃，具备长时间耐久测试及数据存储能力。阴阳极气体控制要求具备手动和软件程序自动控制两种方式，阴阳极反应气体控制模式为计量比和流量模式，阴阳极具备混合气体的功能。5.2.1要求1 序号 项目 采购方要求值 应答方保证值 1. 阳极 氢气流量范围* 0.1-10 NLPM   2. 氮气流量范围* 0.1-10 NLPM   3. 特殊气体流量范围* 0.1-10 NLPM   4. 混气功能 具备不同比例氢气和氮气混合功能   5. 流量控制精度 ≤±1%RD   6. 流量控制模式 计量比或流量模式可选   7. 气体压力控制单元* 背压控制范围：0~350 kPag   8. 背压测量精度：≤±0.5%FS；背压控制精度：≤±0.5%FS；进出口压力都需要检测   9. 压力响应速率≥3kPa/s   10. 气体湿度控制单元* 露点温度控制范围：冷却水+5℃~120℃   11. 露点控制精度：稳态≤±1℃，动态≤±2℃   12. 露点控制方式：具备标准增湿和快速增湿功能   13. 气体温度控制单元* 室温~130℃(精度稳态±1℃ 动态±2℃)   14. 干湿模式* 具备纯干气模式；具备标准增湿和快速增湿功能   15. 阴极   空气流量范围* 0.2-20 NLPM   16. 氮气流量范围* 0.1-10 NLPM   17. 氧气流量范围* 0.1-10 NLPM   18. 混气功能 具备不同比例空气、氮气、氧气混合功能   19. 流量控制精度* ≤±1%RD   20. 流量控制模式 计量比或流量模式可选   21. 气体压力控制单元* 背压控制范围：0~350 kPag   22. 背压测量精度：≤±0.5%FS；背压控制精度：≤±0.5%FS；进出口压力都需要检测   23. 压力响应速率≥3kPa/s   24. 气体湿度控制单元* 露点温度控制范围：冷却水+5℃~120℃   25. 露点控制精度：稳态≤±1℃，动态≤±2℃   26. 露点控制方式：具备标准增湿和快速增湿功能   27. 气体温度控制单元* 室温~130℃(控制精度稳态≤±1℃，动态≤±2℃)   28. 干湿模式* 具备纯干气模式；具备标准增湿和快速增湿功能   29. 热管理单元 控温系统* 水冷、电加热两套单电池控温系统，控制精度±1℃   30. 冷却液流量范围* 0.15-1.5 L/min，需配置变频泵及旁路阀调节   31. 冷却液流量精度* ≤±1% of reading   32. 冷却液流量响应速度 ≤20 s   33. 冷却液温度控制范围* 冷却水温+5℃～120℃，满足乙二醇和纯水的使用，具有乙二醇回收和自动补充功能   34. 冷却液温度控制精度* ≤±1 ℃（稳态），≤±2 ℃（动态）   35. 冷却液温度动态响应* 加热≥1.5 ℃/min@最大流量；冷却≥4 ℃/min@最大流量   36. 压力控制 压力控制范围：0～300kpa 压力控制精度：≤±2kPa；具备电加热功能。   37. 电导率系统* 电导率测量范围0.05～20us/cm，精度±1.5%FS，电导率自动控制   38. 氮气 吹扫范围 阳极/阴极，阴阳极具备氮气可控流量吹扫、浮子流量吹扫   39. 流量范围 0-5NLPM   40. 吹扫方式 手动/自动 双路/单路   41. 端板温控性能指标 运行温度 室温～120℃   42. 加热端板温控电压要求 200～240VAC   43. 加热端板温控电流 ≥1A   44. 温度测量精度 ≤±0.5℃   45. 测温接口数量 ≥4个   46. 电子负载   负载类型 消耗式电子负载   47. 电流* 范围：≥250A 电流分辨率：≤1mA 电流控制精度：≤±0.05%FS   48. 功率 0-500W   49. 电压* 控制范围：-1.5–5 V 电压分辨率: ≤±1mV 电压控制精度： ≤0.025%FS   50. 电流响应速率* (10%-90%跃迁) <0.5ms   51. CVM   电压检测范围* ±5VDC   52. 电压检测精度 ≤±1mV   53. 数据记录速率 ≥10 Hz   54. 通道数* ≥5   55. 反极测试 反极功能 具备，允许被测试燃料电池的最低电压≤-1.5V   56. 负载集成或带内阻仪 电阻测量范围 0.1μΩ-33Ω   57. 电阻准确度 0.5% rdg   58. 实时监测* 与测试台连用可实时监测并记录电阻   59. 电化学测试 电化学测试 自带恒电位恒电流仪及阻抗测试模块或可与外部电化学工作站连用   60. 电化学工作站* 覆盖EIS、CV、交流阻抗测试等电化学测试方法，低频阻抗谱测试精度大于1%。最大电流≥ ±3A， 最大电压≥ ±5V。多档位电流精确控制。   61. 整机参数 无人值守 具备24小时无人值守功能。控制软件允许执行数学函数。支持用户定义的方程式和统计计算，通过用户定义的方程式和自动化脚本。可以实时监控用户定义的计算变量，并可根据这些变量设置远程报警   62. 安全系统* 具备电压、压力、温度以及气体泄漏联动触发报警及启动安全保护功能，外围氢浓度检测报警，阈值可调，精度±2%FS。   63. 进气管控* 进气端配备止回阀，防止瞬间串气现象。氢气端需需要单独排气功能。   64. 安全要求* 测试台可满足富氧条件使用，控制精度和检测精度可满足所列技术指标，同时在使用过程中确保安全和可靠性。   65. 耐久性要求* 具有尾气排放的氧中氢检测功能。测试台需满足长期稳定性运行的要求，需提供现有同类功率（0.1-2kW）范围测试设备运行周期不低于2个月的运行数据，数据内容须包括设备正常运行数据（存在输出功率即为正常运行，且须含功率参数）以及设备出现故障的故障类型、周期和次数等信息。   66. 自动化脚本编写功能*   具备自定义编写功能，成熟的逻辑控制语言。例如： • 启动和关闭脚本程序 • 耐久性脚本程序（包含AST测试方法模块） • 诊断测试 • 动态负载循环   67. 工况可设置 能根据需求设计工况程序自动运行，具有自动测试和手动测试两种模式，自动模式允许长时间无人值守并可靠动态运行。   68. 可执行实验测试种类 开路电路测试，定电流测试，定电压测试，定功率测试, 扫电流测试，扫电压测试，任意控制，更换燃料设定，阻抗测量等   69. 软件集成 所有采集、显示、控制应集成在同一软件   70. 数据存储 数据通讯接口 优选LAN通讯驱动或GPIB，支持LIMS系统；USB接口≥4   71. 数据保存 机械硬盘≥1TB；固态硬盘≥512GB   72. 数据计入能力 可实时记录数据，可稳定运行200小时以上并实时持续记录相关测试数据   73. 内存监控 实时监测硬盘的存储空间，剩余内存不足以储存50G数据时，可提前预警空间不足；    注：应答时，供应商不能简单的写“满足”或“符合”，如无偏离，则应在响应文件中逐一列明具体响应情况，特别对有具体参数要求的指标，供应商必须提供所投设备的具体参数值，否则按投标无效处理。（带“*”技术指标为实质性指标不满足作投标无效处理）。5.3 500W高精度燃料电池膜电极测试系统500W高精度燃料电池膜电极测试系统用于质子交换膜燃料电池普通尺寸（100-200 cm2）单电池的高精度测试，包含膜电极材料选型（阴/阳极催化剂、质子膜、碳纸）、浆料优化、性能及耐久性测试，除常规的氢-空测试条件外，还要求可以满足阴极为不同氧浓度（氧气和空气的混合气）的富氧测试条件。此测试系统可实现常规测试条件下（60-80℃）的高精度控温控气体流速能力，具有更高的气体流量控制精度（0.8% RD）、电子负载电流（≥400A），可作为普通尺寸膜电极测试性能标定用设备。阴阳极气体控制要求具备手动和软件程序自动控制两种方式，阴阳极反应气体控制模式为计量比和流量模式，阴阳极具备混合气体的功能。5.3.1要求1 序号 项目 采购方要求值 应答方保证值 1. 阳极 氢气流量范围* 0-10 L/min   2. 氮气流量范围* 0-10 L/min   3. 特殊气体流量范围* 0-10 L/min   4. 混气功能 具备不同比例氢气和氮气混合功能   5. 流量控制精度* ±（0.8% RD+0.2%FS）   6. 流量控制模式 计量比或流量模式可选   7. 气体压力控制单元* 背压控制范围：0~350 kPag   8. 背压测量精度：≤±0.5%FS；背压控制精度：≤±0.5%FS；进出口压力都需要检测   9. 压力响应速率≥3kPa/s   10. 露点温度* 环境温度~95℃(控制精度：±1℃)   11. 入口温度 环境温度~110℃(精度稳态≤±1℃ 动态≤±2℃)   12. 干湿模式* 具备纯干气模式   13. 阴极 特殊气体流量范围* 0-20 L/min   14. 空气流量范围* 0-20 L/min   15. 氮气流量范围* 0-20 L/min   16. 氧气流量范围* 0-20 L/min   17. 混气功能 具备不同比例空气、氮气、氧气混合功能   18. 流量控制精度* ±（0.8% RD+0.2%FS）   19. 流量控制模式 计量比或流量模式可选   20. 气体压力控制单元* 背压控制范围：0~350 kPag   21. 背压测量精度：≤±0.5%FS；背压控制精度：≤±0.5%FS；进出口压力都需要检测   22. 压力响应速率≥3kPa/s   23. 露点温度* 环境温度~95℃(控制精度：±1℃)   24. 入口温度 环境温度~110℃(精度稳态≤±1℃ 动态≤±2℃)   25. 干湿模式* 具备纯干气模式   26. 氮气 吹扫范围 阳极/阴极，阴阳极具备氮气可控流量吹扫、浮子流量吹扫   27. 流量范围 0-5NLPM   28. 吹扫方式 手动/自动 双路/单路   29. 端板温控性能指标 运行温度 室温～95℃   30. 加热端板温控电压要求 200～240VAC   31. 加热端板温控电流 ≥1A   32. 温度测量精度 ≤±0.5℃   33. 测温接口数量 ≥8个   34. 控制系统 环境控制 运行温度20-80℃（精度±0.5℃），电堆压力0.1~3MPa（精度±1%FS），配备恒温加热与压力调节模块。   35. 控温系统 测试环境温度范围20-80℃，内置恒温加热模块。具有水冷、电加热两套单电池控温系统，运行温度控制精度±0.5℃   36. 电子负载 负载类型 消耗式电子负载   37. 电流* 范围：≥400A 电流分辨率：≤1mA 电流测定精度：≤±0.05%FS   38. 电压* 控制范围：-1.5V–10 V 电压分辨率: ≤±1mV 电压测定精度： ≤±0.3%FS，支持毫伏级微电流检测。   39. 功率 0-500W   40. 电流响应速率 (10%-90%跃迁) ≤1ms   41. CVM 电压检测范围 ±2.5VDC   42. 电压检测精度 ≤±1mV   43. 数据记录速率 ≥100 Hz   44. 通道数* ≥5   45. 反极测试 反极功能 具备，允许被测试燃料电池的最低电压≤-1.5V   46. 负载集成或带内阻仪 电阻测量范围 0.1μΩ-33Ω   47. 电阻准确度 0.5% rdg   48. 实时监测* 与测试台连用可实时监测并记录电阻   49. 电化学测试 电化学工作站* 自带恒电位恒电流仪及阻抗测试模块或可与外部电化学工作站连用； 覆盖EIS、CV等电化学测试方法，低频阻抗谱测试精度大于1%   50. 整机参数 无人值守* 具备24小时无人值守功能。支持用户定义的方程式和统计计算，通过用户定义的方程式和自动化脚本。可以实时监控用户定义的计算变量，并可根据这些变量设置远程报警   51. 安全系统 具备电压、压力、温度以及气体泄漏联动触发报警及启动安全保护功能，外围氢浓度检测报警，阈值可调，精度±2%FS。过压/过流保护、气体泄漏报警、紧急停机连锁系统，符合燃料电池安全测试标准。   52. 进气管控 进气端配备止回阀，防止瞬间串气现象。氢气端需需要单独排气功能。   53. 安全要求 测试台可满足富氧条件使用，控制精度和检测精度可满足所列技术指标，同时在使用过程中确保安全和可靠性。   54. 自动化脚本编写功能* 具备自定义编写功能，成熟的逻辑控制语言。例如： • 启动和关闭脚本程序 • 耐久性脚本程序（包含AST测试方法模块） • 诊断测试 • 动态负载循环   55. 数据采集 采样频率≥100Hz，实时记录电压、电流、功率、温度、压力等参数，支持多通道同步监测。   56. 工况可设置* 内置GB/T 20042等国家标准测试流程模板，支持用户自定义标准导入与管理。满足多工况单次编程自动化连续测试。多工况模拟功能可动态调节温度、压力及气体成分，还原启停循环、变载冲击等实际运行场景，精准定位膜电极的性能瓶颈与失效模式。标准化测试流程模块支持自定义测试序列。   57. 可执行实验测试种类 极化曲线测试、功率密度测试、阻抗分析、耐久性循环测试。   58. 接口兼容性 适配标准尺寸膜电极（电极面积≤200cm²），支持快速更换夹具，兼容主流燃料电池单体制备工艺。   59. 软件集成 集成专用测试软件，支持测试流程自定义、实时曲线绘制及历史数据对比分析。   60. 数据存储 数据通讯接口 优选LAN通讯驱动或GPIB，支持LIMS系统；USB接口≥4   61. 数据保存 机械硬盘≥1TB；固态硬盘≥512GB    注：应答时，供应商不能简单的写“满足”或“符合”，如无偏离，则应在响应文件中逐一列明具体响应情况，特别对有具体参数要求的指标，供应商必须提供所投设备的具体参数值，否则按投标无效处理。（带“*”技术指标为实质性指标不满足作投标无效处理）。 7.试验验证7.1 200W燃料电池小单片高精度膜电极测试系统货物在出厂时必须通过下列所有试验验证，应答方应邀请采购方到场见证，并向采购方提供试验报告。 序号 项目 采购方要求值 应答方保证值   阳极氢气流量范围 0-4 L/min     阳极氮气流量范围 0-4 L/min     阳极特殊气体流量范围 0-4 L/min     阳极气体、露点温度控制精度 ≤±1℃     阳极压力控制精度 稳态下≤±1kPa     阳极混气功能 具备不同比例氢气和氮气混合功能 注：氢气路和氮气路均需配置流量控制器。     阳极总流量控制精度 ±（0.8% RD+0.2%FS）     阴极空气流量范围 0.1-10 L/min     阴极氮气流量范围 0.1-10 L/min     阴极氧气流量范围 0.1-10 L/min     阴极特殊气体流量范围 0.1-10 L/min     阴极气体、露点温度控制精度 ≤±1℃     阴极压力控制精度 稳态下≤±1kPa     阴极混气功能 具备不同比例空气、氮气、氧气混合功能 注：空气路、氮气路和氧气路均需配置流量控制器     阴极总流量控制精度 ±（0.8% RD+0.2%FS）     冷却路温度控制精度 ≤±1℃     冷却路背压控制精度 稳态下≤±2kPa（压力升高/降低到达设定值15s后为稳态）     电子负载最高电流 ≥200A    验收补充说明：（1）流量验证在气体不加热，3bar 背压/无背压的条件下进行，按照梯度 10%进行加载流量和减载流量测试，气体加载流量和减载流量各十个梯度（0-100%）。当测试台设定值与反馈值（收敛时间≤1min 满足技术要求）无较大波动时（偏差≤±1%FS）作为流量稳定的初始值，稳定时长≥120 秒后，对稳定时长的数据进行处理（最大值，最小值和平均值在合同技术范围内）得出最终的测量值。控制精度为： ±（0.8% RD+0.2%FS）。（2）混气验证在气体不加热，无背压的条件下进行，选定（混合比例）： 95%，50%，5%进行测试。当测试台设定值与反馈值（收敛时间≤1min 满足技术要求）无较大波动时（偏差≤± 1%FS）作为流量稳定的初始值，稳定时长≥120 秒，对稳定时长的数据进行处理（最大值，最小值和平均值在技术范围内）得出最终的测量值。（3）背压控制验证在气体不加热条件下进行，根据技术协议识别氢气侧（阳极侧），空气侧（阴极侧），冷却水测的压力控制范围，在 40%、80%、100%流量下按照步长 50kPa 进行升压、降压。在气体流量和压力设定值与反馈值无较大差异时，作为流量和压力稳定的初始值。稳定时长≥120s。对稳定时长的数据进行处理（例如加权平均等）得出最终的压力测量值。（4）气体、露点温度控制精度验证在 40%、80%、100%流量下，气体温度 95℃ , 露点温度设定按照 50℃、70℃、90℃进行升温，按照90℃、70℃、50℃进行降温，升温及降温速率按照协商要求进行设置。当露点温度到达设定值（实际值与设定值偏差±1℃) 2 分钟后，作为温度稳定的初始值，稳定时长≥360s。同时记录尾排气体温度。对稳定时长的数据进行加权平均数据（最大值，最小值需要在区间内）处理得出最终的测量温度值。湿度传感器测试露点与设定露点的偏差满足技术要求。（5）电子负载电流、功率验证提供出厂测试报告，质量认证报告。（6）交流阻抗通道数验证提供出厂测试报告，质量认证报告。7.2 500W高精度燃料电池膜电极测试系统采购项目货物在出厂时必须通过下列所有试验验证，应答方应邀请采购方到场见证，并向采购方提供试验报告。 序号 项目 采购方要求值 应答方保证值   阳极氢气流量范围 0-10 L/min     阳极氮气流量范围 0-10 L/min     阳极特殊气体流量范围 0-10 L/min     阳极气体、露点温度控制精度 ≤±1℃     阳极压力控制精度 稳态下≤±1kPa     阳极混气功能 具备不同比例氢气和氮气混合功能 注：氢气路和氮气路均需配置流量控制器。     阳极总流量控制精度 ±（0.8% RD+0.2%FS）     阴极空气流量范围 0-20 L/min     阴极氮气流量范围 0-20 L/min     阴极氧气流量范围 0-20 L/min     阴极特殊气体流量范围 0-20 L/min     阴极气体、露点温度控制精度 ≤±1℃     阴极压力控制精度 稳态下≤±1kPa     阴极混气功能 具备不同比例空气、氮气、氧气混合功能 注：空气路、氮气路和氧气路均需配置流量控制器     阴极总流量控制精度 ±（0.8% RD+0.2%FS）     冷却路温度控制精度 ≤±1℃     冷却路背压控制精度 稳态下≤±2kPa（压力升高/降低到达设定值15s后为稳态）     电子负载最高电流 ≥400A    验收补充说明：（1）流量验证在气体不加热，3bar 背压/无背压的条件下进行，按照梯度 10%进行加载流量和减载流量测试，气体加载流量和减载流量各十个梯度（0-100%）。当测试台设定值与反馈值（收敛时间≤1min 满足技术要求）无较大波动时（偏差≤±1%FS）作为流量稳定的初始值，稳定时长≥120 秒后，对稳定时长的数据进行处理（最大值，最小值和平均值在合同技术范围内）得出最终的测量值。控制精度为： ±（0.8% RD+0.2%FS）。（2）混气验证在气体不加热，无背压的条件下进行，选定（混合比例）： 95%，50%，5%进行测试。当测试台设定值与反馈值（收敛时间≤1min 满足技术要求）无较大波动时（偏差≤± 1%FS）作为流量稳定的初始值，稳定时长≥120 秒，对稳定时长的数据进行处理（最大值，最小值和平均值在技术范围内）得出最终的测量值。（3）背压控制验证在气体不加热条件下进行，根据技术协议识别氢气侧（阳极侧），空气侧（阴极侧），冷却水测的压力控制范围，在 40%、80%、100%流量下按照步长 50kPa 进行升压、降压。在气体流量和压力设定值与反馈值无较大差异时，作为流量和压力稳定的初始值。稳定时长≥120s。对稳定时长的数据进行处理（例如加权平均等）得出最终的压力测量值。（4）气体、露点温度控制精度验证在 40%、80%、100%流量下，气体温度 95℃ , 露点温度设定按照 50℃、70℃、90℃进行升温，按照90℃、70℃、50℃进行降温，升温及降温速率按照协商要求进行设置。当露点温度到达设定值（实际值与设定值偏差±1℃) 2 分钟后，作为温度稳定的初始值，稳定时长≥360s。同时记录尾排气体温度。对稳定时长的数据进行加权平均数据（最大值，最小值需要在区间内）处理得出最终的测量温度值。湿度传感器测试露点与设定露点的偏差满足技术要求。（5）电子负载电流、功率验证提供出厂测试报告，质量认证报告。（6）交流阻抗通道数验证提供出厂测试报告，质量认证报告。7.3 500W燃料电池耐久性测试台货物在出厂时必须通过下列所有试验验证，应答方应邀请采购方到场见证，并向采购方提供试验报告。 序号 项目 采购方要求值 应答方保证值   阳极氢气流量范围 0.1-10 NLPM     阳极氮气流量范围 0.1-10 NLPM     阳极特殊气体流量范围 0.1-10 NLPM     阳极气体、露点温度控制精度 ≤±1℃     阳极压力控制精度 稳态下≤±1kPa     阳极混气功能 具备不同比例氢气和氮气混合功能 注：氢气路和氮气路均需配置流量控制器。     阳极总流量控制精度 ≤±1%RD     阴极空气流量范围 0.2-20 NLPM     阴极氮气流量范围 0.1-10 NLPM     阴极氧气流量范围 0.1-10 NLPM     阴极气体、露点温度控制精度 ≤±1℃     阴极压力控制精度 稳态下≤±1kPa     阴极混气功能 具备不同比例空气、氮气、氧气混合功能 注：空气路、氮气路和氧气路均需配置流量控制器     阴极总流量控制精度 ≤±1%RD     冷却路温度控制精度 ≤±1℃     冷却路背压控制精度 稳态下≤±2kPa（压力升高/降低到达设定值15s后为稳态）     电子负载最高电流 ≥250A    验收补充说明：（1）流量验证在气体不加热，3bar 背压/无背压的条件下进行，按照梯度 10%进行加载流量和减载流量测试，气体加载流量和减载流量各十个梯度（0-100%）。当测试台设定值与反馈值（收敛时间≤1min 满足技术要求）无较大波动时（偏差≤±1%FS）作为流量稳定的初始值，稳定时长≥120 秒后，对稳定时长的数据进行处理（最大值，最小值和平均值在合同技术范围内）得出最终的测量值。控制精度为： ±1% RD。（2）混气验证在气体不加热，无背压的条件下进行，选定（混合比例）： 95%，50%，5%进行测试。当测试台设定值与反馈值（收敛时间≤1min 满足技术要求）无较大波动时（偏差≤± 1%FS）作为流量稳定的初始值，稳定时长≥120 秒，对稳定时长的数据进行处理（最大值，最小值和平均值在技术范围内）得出最终的测量值。（3）背压控制验证在气体不加热条件下进行，根据技术协议识别氢气侧（阳极侧），空气侧（阴极侧），冷却水测的压力控制范围，在 40%、80%、100%流量下按照步长 50kPa 进行升压、降压。在气体流量和压力设定值与反馈值无较大差异时，作为流量和压力稳定的初始值。稳定时长≥120s。对稳定时长的数据进行处理（例如加权平均等）得出最终的压力测量值。（4）气体、露点温度控制精度验证在 40%、80%、100%流量下，气体温度 95℃ , 露点温度设定按照 50℃、70℃、90℃进行升温，按照90℃、70℃、50℃进行降温，升温及降温速率按照协商要求进行设置。当露点温度到达设定值（实际值与设定值偏差±1℃) 2 分钟后，作为温度稳定的初始值，稳定时长≥360s。同时记录尾排气体温度。对稳定时长的数据进行加权平均数据（最大值，最小值需要在区间内）处理得出最终的测量温度值。湿度传感器测试露点与设定露点的偏差满足技术要求。（5）电子负载电流、功率验证提供出厂测试报告，质量认证报告。（6）交流阻抗通道数验证提供出厂测试报告，质量认证报告。9.到货验收9.1 200W燃料电池小单片高精度膜电极测试系统9.1.1外观验收货物在到达目的地后，采购方将根据提货单校对包装数量，检查货物包装情况，在装运中是否有损坏，并对全部货物的型号、规格、数量、外形、外观、资料、文件（包括装箱单、保修单、随箱介质等）等进行验收。随货物提供的技术资料应完整无缺。采购方、应答方对到货货物共同进行开箱检查，出现损坏、数量不全或者货物不符合合同要求等问题时，由应答方负责解决，所需费用由应答方承担；若到货验收中发现货物性能指标或功能上不满足合同要求，采购方有权拒绝收货；若因货物的质量、数量等与合同不符而对采购方造成损失，采购方有权向应答方索赔。采购方、应答方可签署合同货物的到货验收证明书，该证明书共两份，采购方、应答方各执一份。9.1.2资料验收应答方在货物到货时应一并提交纸质及电子版技术资料，采购方依据合同或技术协议所附的资料清单，对随货提供的全部资料进行逐项清点与内容核验，重点核对资料是否齐全、无破损、无涂改，并对照合同逐条检查产品合格证、出厂检测报告、装箱单、保修单、随箱介质、操作与维护说明书中的关键技术参数是否一致，同时查验涉及特种设备或计量器具的官方检定/校准证书是否在有效期内且与实物对应。若存在资料缺失、参数不符或证书失效等情形，应答方须在采购方要求的期限内补齐或更换，逾期未完成或仍不合格的，该项验收不通过。9.1.3安装调试应答方负责在采购方指定地点完成设备的安装与系统整体调试，安装完成后应提交自检记录。采购方现场核实设备安装是否牢固、安全合规，系统能否正常启停且所有功能运行平稳，达到可进行性能验收的待验状态。确认上述内容后，进行通电并由应答方开展功能调试，使设备进入额定工作状态，连续空载（不带电堆进行管路短接）稳定运行，期间设备应无异常振动、泄漏或报警等，关键运行参数须在合同或技术要求范围内。若验收不合格，应答方须在采购方要求的期限内完成整改，并承担整改及复检的全部费用;整改后仍不通过的，视为安装调试验收不合格。9.1.4性能验收设备完成调试后，采购方、应答方双方共同按照“3.供货范围和5.技术要求”进行各技术项验收，记录实测结果，形成验收报告，共两份，双方签字确认，各执一份。 序号 项目 招标人要求值 1 外观验收 采购方、应答方双方共同按照第3章供货范围要求进行各设备项验收，设备各部件完整，外观无损伤 2 功能验收 流量控制、温度控制、压力控制、混气控制、干湿切换、电子负载变载、内阻测量、交流阻抗测试等各模式功能完整，切换稳定，无异常报错 3 技术项验收 采购方、应答方双方共同按照第5章技术要求进行各技术项验收  4 软件及数据处理功能验收 测试软件、数据处理软件功能完整，数据格式与主流分析软件兼容，脚本接口开放 5 安全及防护验收 安全报警与保护装置完整 6 连续运行稳定性验收 测试台连续无故障运行时间≥100小时  到货验收工艺步骤如下：1）气体流量精度验收0-100%流量范围内，每增加10%流量为一点稳态过程，进行流量拉升及下降，干气体不加热无背压，每个稳态点运行不低于30s，通过图表和记录数据确认整组数据内的动态超调、收敛时间和稳态波动；湿气体50℃露点温度，60℃气体温度，每个稳态点运行不低于30s，通过图表和记录数据确认整组数据内的收敛时间和稳态波动。2）气体压力精度验收流量40%、60%和80%下，在0-300kPa(g)内，每增加50kPa为一稳态过程，进行压力拉升及下降，干气体不加热，每个稳态点运行不低于30s，通过图表和记录数据确认整组数据内的斜率和精度，同时确认与相关压力传感器数值的一致性；湿气体50℃露点温度，60℃气体温度，每个稳态点运行不低于30s，通过图表和记录数据确认整组数据内的斜率、稳态和动态精度，同时确认与相关压力传感器数值的一致性；3）气体露点温度精度验收流量40%、60%和80%下，以50℃、70℃、90℃露点温度为稳态过程，进行露点温度拉升及下降，背压要求由甲方指定，每个稳态点运行不低于5min，通过图表和记录数据确认整组数据内的升温斜率、稳态和动态精度，同时确认与相关温度传感器数值的一致性；4）气体温度精度验收流量40%、60%和80%下，以50℃、70℃、90℃气体温度为稳态过程，进行气体温度拉升及下降，背压要求由甲方指定，每个稳态点运行不低于5min，通过图表和记录数据确认整组数据内的升温斜率、稳态和动态精度，同时确认与相关温度传感器数值的一致性；5）冷却路流量精度验收0-100%流量范围内，以20%、60%、80%、100%流量下为稳态过程，进行流量拉升及下降，无背压，每个稳态点运行不低于30s，通过图表和记录数据确认整组数据内的动态超调、收敛时间和稳态波动；6）冷却路压力精度验收流量20%、60%和80%下，在0-300kPa(g)内，每增加50kPa为一稳态过程，进行压力拉升及下降，不加热，每个稳态点运行不低于30s，通过图表和记录数据确认整组数据内的斜率和精度，同时确认与相关压力传感器数值的一致性；7）冷却路温度精度验收流量20%、60%和80%下，以50℃、70℃为稳态过程，进行温度拉升及下降，背压要求由甲方指定，每个稳态点运行不低于5min，通过图表和记录数据确认整组数据内的升温斜率和精度，同时确认与相关温度传感器数值的一致性；8）带堆验收需带堆进行稳态精度、动态响应、自动工况等完整过程的整堆性能测试，相关控制结果满足第五部分技术要求表内的要求值。9）运行稳定性验收测试台需在供货商场地进行100小时膜电极运行测试，使用采购方提供的自测膜电极在供货商场地进行实际操作测试，测试单电池功率范围为20-200W，运行顺畅即认为稳定性运行验收通过。9.2 500W高精度燃料电池膜电极测试系统采购项目9.2.1外观验收货物在到达目的地后，采购方将根据提货单校对包装数量，检查货物包装情况，在装运中是否有损坏，并对全部货物的型号、规格、数量、外形、外观、资料、文件（包括装箱单、保修单、随箱介质等）等进行验收。随货物提供的技术资料应完整无缺。采购方、应答方对到货货物共同进行开箱检查，出现损坏、数量不全或者货物不符合合同要求等问题时，由应答方负责解决，所需费用由应答方承担；若到货验收中发现货物性能指标或功能上不满足合同要求，采购方有权拒绝收货；若因货物的质量、数量等与合同不符而对采购方造成损失，采购方有权向应答方索赔。采购方、应答方可签署合同货物的到货验收证明书，该证明书共两份，采购方、应答方各执一份。9.2.2资料验收应答方在货物到货时应一并提交纸质及电子版技术资料，采购方依据合同或技术协议所附的资料清单，对随货提供的全部资料进行逐项清点与内容核验，重点核对资料是否齐全、无破损、无涂改，并对照合同逐条检查产品合格证、出厂检测报告、装箱单、保修单、随箱介质、操作与维护说明书中的关键技术参数是否一致，同时查验涉及特种设备或计量器具的官方检定/校准证书是否在有效期内且与实物对应。若存在资料缺失、参数不符或证书失效等情形，应答方须在采购方要求的期限内补齐或更换，逾期未完成或仍不合格的，该项验收不通过。9.2.3安装调试应答方负责在采购方指定地点完成设备的安装与系统整体调试，安装完成后应提交自检记录。采购方现场核实设备安装是否牢固、安全合规，系统能否正常启停且所有功能运行平稳，达到可进行性能验收的待验状态。确认上述内容后，进行通电并由应答方开展功能调试，使设备进入额定工作状态，连续空载（不带电堆进行管路短接）稳定运行，期间设备应无异常振动、泄漏或报警等，关键运行参数须在合同或技术要求范围内。若验收不合格，应答方须在采购方要求的期限内完成整改，并承担整改及复检的全部费用;整改后仍不通过的，视为安装调试验收不合格。9.2.4性能验收设备完成调试后，采购方、应答方双方共同按照“3.供货范围和5.技术要求”进行各技术项验收，记录实测结果，形成验收报告，共两份，双方签字确认，各执一份。 序号 项目 招标人要求值 1 外观验收 采购方、应答方双方共同按照第3章供货范围要求进行各设备项验收，设备各部件完整，外观无损伤 2 功能验收 流量控制、温度控制、压力控制、混气控制、干湿切换、电子负载变载、内阻测量、交流阻抗测试等各模式功能完整，切换稳定，无异常报错 3 技术项验收 采购方、应答方双方共同按照第5章技术要求进行各技术项验收  4 软件及数据处理功能验收 测试软件、数据处理软件功能完整，数据格式与主流分析软件兼容，脚本接口开放 5 安全及防护验收 安全报警与保护装置完整 6 连续运行稳定性验收 测试台连续无故障运行时间≥100小时  到货验收工艺步骤如下：1）气体流量精度验收0-100%流量范围内，每增加10%流量为一点稳态过程，进行流量拉升及下降，干气体不加热无背压，每个稳态点运行不低于30s，通过图表和记录数据确认整组数据内的动态超调、收敛时间和稳态波动；湿气体50℃露点温度，60℃气体温度，每个稳态点运行不低于30s，通过图表和记录数据确认整组数据内的收敛时间和稳态波动。2）气体压力精度验收流量40%、60%和80%下，在0-300kPa(g)内，每增加50kPa为一稳态过程，进行压力拉升及下降，干气体不加热，每个稳态点运行不低于30s，通过图表和记录数据确认整组数据内的斜率和精度，同时确认与相关压力传感器数值的一致性；湿气体50℃露点温度，60℃气体温度，每个稳态点运行不低于30s，通过图表和记录数据确认整组数据内的斜率、稳态和动态精度，同时确认与相关压力传感器数值的一致性；3）气体露点温度精度验收流量40%、60%和80%下，以50℃、70℃、90℃露点温度为稳态过程，进行露点温度拉升及下降，背压要求由甲方指定，每个稳态点运行不低于5min，通过图表和记录数据确认整组数据内的升温斜率、稳态和动态精度，同时确认与相关温度传感器数值的一致性；4）气体温度精度验收流量40%、60%和80%下，以50℃、70℃、90℃气体温度为稳态过程，进行气体温度拉升及下降，背压要求由甲方指定，每个稳态点运行不低于5min，通过图表和记录数据确认整组数据内的升温斜率、稳态和动态精度，同时确认与相关温度传感器数值的一致性；5）冷却路流量精度验收0-100%流量范围内，以20%、60%、80%、100%流量下为稳态过程，进行流量拉升及下降，无背压，每个稳态点运行不低于30s，通过图表和记录数据确认整组数据内的动态超调、收敛时间和稳态波动；6）冷却路压力精度验收流量20%、60%和80%下，在0-300kPa(g)内，每增加50kPa为一稳态过程，进行压力拉升及下降，不加热，每个稳态点运行不低于30s，通过图表和记录数据确认整组数据内的斜率和精度，同时确认与相关压力传感器数值的一致性；7）冷却路温度精度验收流量20%、60%和80%下，以50℃、70℃为稳态过程，进行温度拉升及下降，背压要求由甲方指定，每个稳态点运行不低于5min，通过图表和记录数据确认整组数据内的升温斜率和精度，同时确认与相关温度传感器数值的一致性；8）带堆验收需带堆进行稳态精度、动态响应、自动工况等完整过程的整堆性能测试，相关控制结果满足第五部分技术要求表内的要求值。9）运行稳定性验收测试台需在供货商场地进行100小时膜电极运行测试，使用采购方提供的自测膜电极在供货商场地进行实际操作测试，测试单电池功率范围为50-500W，运行顺畅即认为稳定性运行验收通过。9.3 500W燃料电池耐久性测试台9.3.1外观验收货物在到达目的地后，采购方将根据提货单校对包装数量，检查货物包装情况，在装运中是否有损坏，并对全部货物的型号、规格、数量、外形、外观、资料、文件（包括装箱单、保修单、随箱介质等）等进行验收。随货物提供的技术资料应完整无缺。采购方、应答方对到货货物共同进行开箱检查，出现损坏、数量不全或者货物不符合合同要求等问题时，由应答方负责解决，所需费用由应答方承担；若到货验收中发现货物性能指标或功能上不满足合同要求，采购方有权拒绝收货；若因货物的质量、数量等与合同不符而对采购方造成损失，采购方有权向应答方索赔。采购方、应答方可签署合同货物的到货验收证明书，该证明书共两份，采购方、应答方各执一份。9.3.2资料验收应答方在货物到货时应一并提交纸质及电子版技术资料，采购方依据合同或技术协议所附的资料清单，对随货提供的全部资料进行逐项清点与内容核验，重点核对资料是否齐全、无破损、无涂改，并对照合同逐条检查产品合格证、出厂检测报告、装箱单、保修单、随箱介质、操作与维护说明书中的关键技术参数是否一致，同时查验涉及特种设备或计量器具的官方检定/校准证书是否在有效期内且与实物对应。若存在资料缺失、参数不符或证书失效等情形，应答方须在采购方要求的期限内补齐或更换，逾期未完成或仍不合格的，该项验收不通过。9.3.3安装调试应答方负责在采购方指定地点完成设备的安装与系统整体调试，安装完成后应提交自检记录。采购方现场核实设备安装是否牢固、安全合规，系统能否正常启停且所有功能运行平稳，达到可进行性能验收的待验状态。确认上述内容后，进行通电并由应答方开展功能调试，使设备进入额定工作状态，连续空载（不带电堆进行管路短接）稳定运行，期间设备应无异常振动、泄漏或报警等，关键运行参数须在合同或技术要求范围内。若验收不合格，应答方须在采购方要求的期限内完成整改，并承担整改及复检的全部费用;整改后仍不通过的，视为安装调试验收不合格。9.3.4性能验收设备完成调试后，采购方、应答方双方共同按照“3.供货范围和5.技术要求”进行各技术项验收，记录实测结果，形成验收报告，共两份，双方签字确认，各执一份。 序号 项目 招标人要求值 1 外观验收 采购方、应答方双方共同按照第3章供货范围要求进行各设备项验收，设备各部件完整，外观无损伤 2 功能验收 流量控制、温度控制、压力控制、混气控制、干湿切换、电子负载变载、内阻测量、交流阻抗测试等各模式功能完整，切换稳定，无异常报错 3 技术项验收 采购方、应答方双方共同按照第5章技术要求进行各技术项验收  4 软件及数据处理功能验收 测试软件、数据处理软件功能完整，数据格式与主流分析软件兼容，脚本接口开放 5 安全及防护验收 安全报警与保护装置完整 6 连续运行稳定性验收 测试台连续无故障运行时间≥100小时  到货验收工艺步骤如下：1）气体流量精度验收0-100%流量范围内，每增加10%流量为一点稳态过程，进行流量拉升及下降，干气体不加热无背压，每个稳态点运行不低于30s，通过图表和记录数据确认整组数据内的动态超调、收敛时间和稳态波动；湿气体50℃露点温度，60℃气体温度，每个稳态点运行不低于30s，通过图表和记录数据确认整组数据内的收敛时间和稳态波动。2）气体压力精度验收流量40%、60%和80%下，在0-300kPa(g)内，每增加50kPa为一稳态过程，进行压力拉升及下降，干气体不加热，每个稳态点运行不低于30s，通过图表和记录数据确认整组数据内的斜率和精度，同时确认与相关压力传感器数值的一致性；湿气体50℃露点温度，60℃气体温度，每个稳态点运行不低于30s，通过图表和记录数据确认整组数据内的斜率、稳态和动态精度，同时确认与相关压力传感器数值的一致性；3）气体露点温度精度验收流量40%、60%和80%下，以50℃、70℃、90℃露点温度为稳态过程，进行露点温度拉升及下降，背压要求由甲方指定，每个稳态点运行不低于5min，通过图表和记录数据确认整组数据内的升温斜率、稳态和动态精度，同时确认与相关温度传感器数值的一致性；4）气体温度精度验收流量40%、60%和80%下，以50℃、70℃、90℃气体温度为稳态过程，进行气体温度拉升及下降，背压要求由甲方指定，每个稳态点运行不低于5min，通过图表和记录数据确认整组数据内的升温斜率、稳态和动态精度，同时确认与相关温度传感器数值的一致性；5）冷却路流量精度验收0-100%流量范围内，以20%、60%、80%、100%流量下为稳态过程，进行流量拉升及下降，无背压，每个稳态点运行不低于30s，通过图表和记录数据确认整组数据内的动态超调、收敛时间和稳态波动；6）冷却路压力精度验收流量20%、60%和80%下，在0-300kPa(g)内，每增加50kPa为一稳态过程，进行压力拉升及下降，不加热，每个稳态点运行不低于30s，通过图表和记录数据确认整组数据内的斜率和精度，同时确认与相关压力传感器数值的一致性；7）冷却路温度精度验收流量20%、60%和80%下，以50℃、70℃、95℃为稳态过程，进行温度拉升及下降，背压要求由甲方指定，每个稳态点运行不低于5min，通过图表和记录数据确认整组数据内的升温斜率和精度，同时确认与相关温度传感器数值的一致性；8）带堆验收需带堆进行稳态精度、动态响应、自动工况等完整过程的整堆性能测试，相关控制结果满足第五部分技术要求表内的要求值。9）运行稳定性验收测试台需在供货商场地进行100小时膜电极运行测试，使用采购方提供的自测膜电极在供货商场地进行实际操作测试，测试单电池功率范围为50-500W，运行顺畅即认为稳定性运行验收通过。11.质量保证及售后11.1 200W燃料电池小单片高精度膜电极测试系统11.1.1质量保证应答方应保证其所提供的所有货物都是全新的，未经使用过的，采用的是优质材料和先进工艺，并在各方面符合合同规定的质量、规格和性能要求。应答方应对合同货物的设计、材料和零部件选购、加工、制造、试验等过程建立严格的质量保证体系，并在合同的整个制造过程中严格按其执行。应答方提供的所有货物均应附质量保证书或试验报告等文件。应答方应采用有运行经验证明正确的、成熟的技术来进行合同货物的生产和系统的集成。如采用应答方过去从未采用过的新技术，应征得采购方的同意。应答方从其他厂商采购货物，一切质量问题由应答方负责。11.1.2售后服务质保期自采购方、应答方共同完成到货验收、性能验收报告双方签字之日起12个月，另有约定除外。在质保期内，由于应答方货物质量问题造成的系统中断或其余故障，在接到采购方通知后的24小时内负责处理缺陷并更换有损坏的部件，且不收取任何额外费用，由此造成的采购方损失由应答方承担。质保服务内容包括但不限于：1) 故障部件或货物的免费更换或维修，并提供质量分析报告；2) 货物的现场维护；3) 电话技术支持等。质保期内货物发生故障并由应答方处理完毕后，新质保期需按照原定质保时长自货物再次投运之日起重新计算。在质保期内，应答方应提供7×24小时响应的技术服务，在需要现场服务时，应答方应在24小时内赶赴现场，偏远地区36小时内赶赴现场；在质量保证期后，由于应答方货物质量问题而造成的系统停运或中断，应答方应在接到采购方通知后的48小时内负责协助处理缺陷并更换有损坏的部件。对易损部件优先、优惠供应，并提供终身服务。针对本套燃料电池测试台，供方明确界定易损部件清单，承诺该类配件实行优先排产、优先发货保障；设备全生命周期内提供终身技术支持与维修服务，具体执行条件如下：易损件范围：密封件、热电偶、管路接头、流量传感器等常规易耗部件。价格优惠：质保期内易损件免费更换；质保期满后，易损配件长期按出厂成本价 / 协议优惠价供应，价格体系保持稳定。供货时效：接到易损件采购需求后，常规配件24 小时内安排发货，急单启动应急供货通道。终身服务条件：设备在正常工况、按操作规程使用前提下，供方永久提供故障排查、远程指导、技术答疑、软件运维服务；终身维修仅收取配件成本费及标准上门工时费，不额外加收技术服务费。如质量流量计控制器等硬件损坏只收取硬件成本费，且保修期需大于12个月，配套的软件可终身免费使用并进行升级。质保期内，供应商可免费提供至少3次设备使用的培训，培训人数不限，每次培训时长不少于4小时。11.2 500W高精度燃料电池膜电极测试系统采购项目11.2.1质量保证应答方应保证其所提供的所有货物都是全新的，未经使用过的，采用的是优质材料和先进工艺，并在各方面符合合同规定的质量、规格和性能要求。应答方应对合同货物的设计、材料和零部件选购、加工、制造、试验等过程建立严格的质量保证体系，并在合同的整个制造过程中严格按其执行。应答方提供的所有货物均应附质量保证书或试验报告等文件。应答方应采用有运行经验证明正确的、成熟的技术来进行合同货物的生产和系统的集成。如采用应答方过去从未采用过的新技术，应征得采购方的同意。应答方从其他厂商采购货物，一切质量问题由应答方负责。11.2.2售后服务质保期自采购方、应答方共同完成到货验收、性能验收报告双方签字之日起12个月，另有约定除外。在质保期内，由于应答方货物质量问题造成的系统中断或其余故障，在接到采购方通知后的24小时内负责处理缺陷并更换有损坏的部件，且不收取任何额外费用，由此造成的采购方损失由应答方承担。质保服务内容包括但不限于：1) 故障部件或货物的免费更换或维修，并提供质量分析报告；2) 货物的现场维护；3) 电话技术支持等。质保期内货物发生故障并由应答方处理完毕后，新质保期需按照原定质保时长自货物再次投运之日起重新计算。在质保期内，应答方应提供7×24小时响应的技术服务，在需要现场服务时，应答方应在24小时内赶赴现场，偏远地区36小时内赶赴现场；在质量保证期后，由于应答方货物质量问题而造成的系统停运或中断，应答方应在接到采购方通知后的48小时内负责协助处理缺陷并更换有损坏的部件。对易损部件优先、优惠供应，并提供终身服务。针对本套燃料电池测试台，供方明确界定易损部件清单，承诺该类配件实行优先排产、优先发货保障；设备全生命周期内提供终身技术支持与维修服务，具体执行条件如下：易损件范围：密封件、热电偶、管路接头、流量传感器等常规易耗部件。价格优惠：质保期内易损件免费更换；质保期满后，易损配件长期按出厂成本价 / 协议优惠价供应，价格体系保持稳定。供货时效：接到易损件采购需求后，常规配件24 小时内安排发货，急单启动应急供货通道。终身服务条件：设备在正常工况、按操作规程使用前提下，供方永久提供故障排查、远程指导、技术答疑、软件运维服务；终身维修仅收取配件成本费及标准上门工时费，不额外加收技术服务费。如质量流量计控制器等硬件损坏只收取硬件成本费，且保修期需大于12个月，配套的软件可终身免费使用并进行升级。质保期内，供应商可免费提供至少3次设备使用的培训，培训人数不限，每次培训时长不少于4小时。11.3 500W燃料电池耐久性测试台11.3.1质量保证应答方应保证其所提供的所有货物都是全新的，未经使用过的，采用的是优质材料和先进工艺，并在各方面符合合同规定的质量、规格和性能要求。应答方应对合同货物的设计、材料和零部件选购、加工、制造、试验等过程建立严格的质量保证体系，并在合同的整个制造过程中严格按其执行。应答方提供的所有货物均应附质量保证书或试验报告等文件。应答方应采用有运行经验证明正确的、成熟的技术来进行合同货物的生产和系统的集成。如采用应答方过去从未采用过的新技术，应征得采购方的同意。应答方从其他厂商采购货物，一切质量问题由应答方负责。11.3.2售后服务质保期自采购方、应答方共同完成到货验收、性能验收报告双方签字之日起12个月，另有约定除外。在质保期内，由于应答方货物质量问题造成的系统中断或其余故障，在接到采购方通知后的24小时内负责处理缺陷并更换有损坏的部件，且不收取任何额外费用，由此造成的采购方损失由应答方承担。质保服务内容包括但不限于：1) 故障部件或货物的免费更换或维修，并提供质量分析报告；2)货物的现场维护；3)电话技术支持等。质保期内货物发生故障并由应答方处理完毕后，新质保期需按照原定质保时长自货物再次投运之日起重新计算。在质保期内，应答方应提供7×24小时响应的技术服务，在需要现场服务时，应答方应在24小时内赶赴现场，偏远地区36小时内赶赴现场；在质量保证期后，由于应答方货物质量问题而造成的系统停运或中断，应答方应在接到采购方通知后的48小时内负责协助处理缺陷并更换有损坏的部件。对易损部件优先、优惠供应，并提供终身服务。针对本套燃料电池测试台，供方明确界定易损部件清单，承诺该类配件实行优先排产、优先发货保障；设备全生命周期内提供终身技术支持与维修服务，具体执行条件如下：易损件范围：密封件、热电偶、管路接头、流量传感器等常规易耗部件。价格优惠：质保期内易损件免费更换；质保期满后，易损配件长期按出厂成本价 / 协议优惠价供应，价格体系保持稳定。供货时效：接到易损件采购需求后，常规配件24 小时内安排发货，急单启动应急供货通道。终身服务条件：设备在正常工况、按操作规程使用前提下，供方永久提供故障排查、远程指导、技术答疑、软件运维服务；终身维修仅收取配件成本费及标准上门工时费，不额外加收技术服务费。质保期内，供应商可免费提供至少3次设备使用的培训，培训人数不限，每次培训时长不少于4小时。  更正为： 第二章   投标人须知 投标人须知资料表 2.4 核心产品    本项目不适用。   为单一产品采购项目。 √为非单一产品采购项目，核心产品为：200W燃料电池小单片高精度膜电极测试系统、500W高精度燃料电池膜电极测试系统、500W燃料电池耐久性测试台。 2.5 项目预算及 最高限价 预算金额： 537.00 万元。 最高限价：  /  元（人民币） 5.3.4 标的 所属行业 本项目采购标的对应的中小企业划分标准所属行业： 标的名称 所属行业 200W燃料电池小单片高精度膜电极测试系统 工业（包括采矿业，制造业，电力、热力、燃气及水生产和供应业） 500W高精度燃料电池膜电极测试系统 工业（包括采矿业，制造业，电力、热力、燃气及水生产和供应业） 500W燃料电池耐久性测试台 工业（包括采矿业，制造业，电力、热力、燃气及水生产和供应业）     2)第四章《评标程序、评标方法和评标标准》二、评标标准 3 技术部分（63分） 技术指标响应 （48分） 投标人需对第五章采购需求中“5.1技术要求”逐条进行应答，根据各投标人响应情况进行评分。 1、标注*的实质性响应指标，每有一项实质性响应指标不满足，其投标无效； 2、未标注*（共61项）的为一般技术指标，每有一项一般技术指标不满足，本项扣0.8分，直至扣完为止。正偏离不加分，全部满足得49分。 注：标注*的为实质性响应指标，每有一项实质性响应指标不满足，其投标无效。 供货及安 装调试方案 （6分） 根据投标人提供的供货及安装调试方案进行评价： 供货及安装调试方案内容完整全面、合理细致，符合采购需求中的要求，可行性高，针对性强，得6分； 供货及安装调试方案内容较完整全面，比较符合采购需求中的要求，可行性较高，针对性较强，存在轻微缺项、漏项，得3分； 供货及安装调试方案内容一般、可行性和针对性一般，存在一定的缺项、漏项，得2分； 供货及安装调试方案内容简单，可行性和针对性不强，存在明显缺项、漏项，得1分； 未提供项目供货及安装调试方案，得0分。 3)第五章《采购需求》3.供货范围3.1详细的供货清单表一 200W燃料电池小单片高精度膜电极测试系统 序号 货物名称 数量 单位 备注 燃料电池膜电极测试系统 1 套 双通道测试系统   数据处理工作站 2 套     电化学工作站 2 套     3.2需一并提供的备品备件 序号 货物名称 规格/型号 单位 数量 备注   燃料电池连接管路及附件 配套 套 1     加热管保温棉 配套 卷 2     氢气背压阀膜片 适配测试台氢气背压阀 片 2     空气背压阀膜片 适配测试台空气背压阀 片 2     卡盘密封垫片 材质：PTFE，耐温250℃，耐压1MPa 套 5 测试台所用规格密封垫片各配5个   流量控制器 与测试台原装一致 个 2 阴、阳极各一个   产品维修手册 配套 套 1     电磁阀 与测试台原装一致 个 2 阴、阳极各一个   背压阀 与测试台原装一致 个 2 阴、阳极各一个  注：以上所列品项均须包含在投标报价中，供应周期不大于3个月。表二 500W燃料电池耐久性测试台3.3详细的供货清单 序号 货物名称 数量 单位 备注   燃料电池测试台 1 套     数据处理工作站 1 套     3.4需一并提供的备品备件 序号 货物名称 规格/型号 单位 数量 备注   燃料电池连接管路及附件 配套 套 1     加热管保温棉 配套 卷 2     氢气背压阀膜片 适配测试台氢气背压阀 片 2     空气背压阀膜片 适配测试台空气背压阀 片 2     卡盘密封垫片 材质：PTFE，耐温250℃，耐压1MPa 套 5 测试台所用规格密封垫片各配5个   流量控制器 与测试台原装一致 个 2 阴、阳极各一个   产品维修手册 配套 套 1     电磁阀 与测试台原装一致 个 2 阴、阳极各一个   背压阀 与测试台原装一致 个 2 阴、阳极各一个  注：以上所列品项均须包含在投标报价中，供应周期不大于3个月。 表三 500W高精度燃料电池膜电极测试系统3.5详细的供货清单 序号 货物名称 数量 单位 备注   燃料电池膜电极测试系统 1 套 双通道测试系统   数据处理工作站 2 套     电化学工作站 2 套    3.6需一并提供的备品备件 序号 货物名称 规格/型号 单位 数量 备注   燃料电池连接管路及附件 配套 套 1     加热管保温棉 配套 卷 2     氢气背压阀膜片 适配测试台氢气背压阀 片 2     空气背压阀膜片 适配测试台空气背压阀 片 2     卡盘密封垫片 材质：PTFE，耐温250℃，耐压1MPa 套 5 测试台所用规格密封垫片各配5个   流量控制器 与测试台原装一致 个 2 阴、阳极各一个   产品维修手册 配套 套 1     电磁阀 与测试台原装一致 个 2 阴、阳极各一个   背压阀 与测试台原装一致 个 2 阴、阳极各一个  注：以上所列品项均须包含在投标报价中，供应周期不大于3个月。4.使用条件4.1 200W燃料电池小单片高精度膜电极测试系统5) 长期运行环境温度：10~40℃6) 储存温度：0~30℃7) 长期运行相对湿度： 10~80%RH8) 大气压力： 常压9) 厂务接口要求: 设备应答方应明确提供公用工程接口技术要求及参数表。包括但不限于电源(电压、频率、容量、接线方式)、工艺气体(气体种类、纯度、接口规格)、排风(风量、接口尺寸、背压要求)、地沟尺寸、设备放置尺寸等。设备与外部管线的接口分界点为设备附近的水、电、工艺气体的二级阀门、二级开关或插座，其向上级延伸的外部管线及公用工程供应由采购方负责实施，其与设备连接部分管线由应答方负责安装调试。4.2 500W燃料电池耐久性测试台1) 长期运行环境温度：10~40℃2) 储存温度：0~40℃3) 长期运行相对湿度： 10~80%RH4) 大气压力： 常压厂务接口要求: 设备应答方应明确提供公用工程接口技术要求及参数表。包括但不限于电源(电压、频率、容量、接线方式)、工艺气体(气体种类、纯度、接口规格)、排风(风量、接口尺寸、背压要求)、地沟尺寸、设备放置尺寸等。设备与外部管线的接口分界点为设备附近的水、电、工艺气体的二级阀门、二级开关或插座，其向上级延伸的外部管线及公用工程供应由采购方负责实施，其与设备连接部分管线由应答方负责安装调试4.3 500W高精度燃料电池膜电极测试系统1) 长期运行环境温度：10~40℃2) 储存温度：0~40℃3) 长期运行相对湿度： 10~80%RH4) 大气压力： 常压厂务接口要求: 设备应答方应明确提供公用工程接口技术要求及参数表。包括但不限于电源(电压、频率、容量、接线方式)、工艺气体(气体种类、纯度、接口规格)、排风(风量、接口尺寸、背压要求)、地沟尺寸、设备放置尺寸等。设备与外部管线的接口分界点为设备附近的水、电、工艺气体的二级阀门、二级开关或插座，其向上级延伸的外部管线及公用工程供应由采购方负责实施，其与设备连接部分管线由应答方负责安装调试。5.技术要求5.1 200W燃料电池小单片高精度膜电极测试系统200W燃料电池小单片高精度膜电极测试系统用于质子交换膜燃料电池小面积（≤100 cm2）单电池的高精度性能测试，包含膜电极材料选型（阴/阳极催化剂、质子膜、碳纸）、浆料优化、性能及耐久性测试，除常规的氢-空测试条件外，还要求可以满足阴极为不同氧浓度（氧气和空气的混合气）的富氧测试条件。此测试系统可实现常规测试条件下（60-80℃）的高精度控温控气体流速能力，具有双通道测试能力、高气体流量控制精度（0.8% RD）和高露点控制精度（±1℃），可作为小面积膜电极测试性能标定用设备。阴阳极气体控制要求具备手动和软件程序自动控制两种方式，阴阳极反应气体控制模式为计量比和流量模式，阴阳极具备混合气体的功能。5.1.1要求1 序号 项目 采购方要求值 应答方保证值   阳极 氢气流量范围* 0-4 L/min （干、湿气）     氮气流量范围* 0-4 L/min     特殊气体流量范围* 0-4 L/min     混气功能* 具备不同比例氢气和氮气混合功能     流量控制精度* ≤±（0.8% RD+0.2%FS），量程比≥200:1     流量控制模式 计量比或流量模式可选     气体压力控制单元* 背压控制范围：0~350 kPag     背压测量精度：≤±0.5%FS（可实现≤±0.25%FS）；背压控制精度：≤±0.5%FS；进出口压力都需要检测     压力响应速率≥3kPa/s     露点温度* 环境温度~95℃(控制精度：±1℃)     入口温度 环境温度~110℃(精度稳态±1℃ 动态±2℃)   干湿模式* 具备纯干气模式     阴极   特殊气体流量范围* 0.1-10 L/min     空气流量范围* 0.1-10 L/min （干、湿气）     氮气流量范围* 0.1-10 L/min     氧气流量范围* 0.1-10 L/min （干、湿气）     氢气流量范围* 提供氢气路安全闭环方案及证明文件     混气功能 具备不同比例空气、氮气、氧气混合功能     流量控制精度* ≤±（0.8% RD+0.2%FS），量程比≥200:1     流量控制模式 计量比或流量模式可选     气体压力控制单元* 背压控制范围：0~350 kPag     背压测量精度：≤±0.5%FS（可实现≤±0.25%FS）；背压控制精度：≤±0.5%FS；进出口压力都需要检测     压力响应速率≥3kPa/s     露点温度* 环境温度~95℃(控制精度：±1℃)     入口温度 环境温度~110℃(精度稳态≤±1℃ 动态≤±2℃)     干湿模式* 具备纯干气模式，干湿切换要求在60s内可达到源端气体露点温度（湿气切换干气）/100%RH（干气切换湿气）     氮气 吹扫范围 阳极/阴极/冷却路，阴阳极具备氮气可控流量吹扫、浮子流量吹扫     流量范围 0-5NLPM     吹扫方式 手动/自动 双路/单路     端板温控性能指标 运行温度* 室温～110℃     加热端板温控电压要求* 200～240VAC     加热端板温控电流* ≥1A     温度测量精度 ≤±0.5℃     测温接口数量 ≥8个     加热系统 控温系统* 测试环境温度范围20-80℃，内置恒温加热模块。具有水冷、电加热两套单电池控温系统，温度控制精度≤±0.5℃（稳态≤±1℃，动态≤±2℃）     冷却路压力检测范围* 0~400kPa(g)（≤±0.25%FS）     电子负载   负载类型* 消耗式电子负载     电流* 范围：≥200A（分段数量≥3，扩展至≥500A） 电流分辨率：≤1mA 电流测定精度：≤±0.5%FS（提升至≤0.05%FS）     电压* 控制范围：-1.5V–5 V （分段数量≥3，扩展至≥10V） 电压分辨率: ≤±1mV 电压测定精度： ≤0.1%FS（提升至≤0.05%FS）     功率* 0-200W     电流响应速率* (10%-90%跃迁) ≤1ms     CVM   电压检测范围* ≥±2.5VDC     电压检测精度 ≤±1mV     数据记录速率 ≥10 Hz     通道数* ≥5     反极测试 反极功能* 具备，允许被测试燃料电池的最低电压≤-1.5V     内阻仪 电阻测量范围 0.1μΩ-33Ω     电压测量量程* 6 V（分辨率: 10 μV） 60 V（分辨率: 100 μV）     电阻准确度* ≤±0.5% rdg ± 5 dgt     实时监测* 与测试台连用可实时监测并记录电阻，使用夹型测试线（线长≥1.5米）     电化学测试 电化学工作站* 自带恒电位恒电流仪及阻抗测试模块或可与外部电化学工作站连用； 覆盖EIS、CV等电化学测试方法，低频阻抗谱测试精度大于1%     控制电流：≥±20A，控制电压：≥±6V 电流精度：≤0.1% 电流分辨率：≤0.001%  EIS 频率范围：10μHz-2MHz     整机参数 无人值守* 具备24小时无人值守功能。支持用户定义的方程式和统计计算，通过用户定义的方程式和自动化脚本。可以实时监控用户定义的计算变量，并可根据这些变量设置远程报警     安全系统* 具备电压、压力、温度以及气体泄漏联动触发报警及启动安全保护功能，外围氢浓度检测报警，阈值可调，精度≤±2%FS。     进气管控要求* 进气端配备止回阀，防止瞬间串气现象。氢气端需需要单独排气功能。     尾气微量气体分析* 具备二氧化碳、一氧化碳测量能力（T90≤15s），阴阳极均可使用     安全要求* 测试台可满足富氧条件使用，控制精度和检测精度可满足所列技术指标，同时在使用过程中确保安全和可靠性。配置过压保护、过流保护、气体泄漏报警及紧急停机连锁系统。     自动化脚本编写功能*   具备自定义编写功能，成熟的逻辑控制语言。例如： • 启动和关闭脚本程序 • 耐久性脚本程序（包含AST测试方法模块） • 诊断测试 • 动态负载循环     数据采集* 采样频率≥50Hz，实时记录电压、电流、功率、气体流量等参数，支持CSV/Excel格式导出。数据处理工作站：配备独立显卡（内存≥8G），DDR5（≥32GB）。     工况可设置* 能根据需求设计工况程序自动运行，具有自动测试和手动测试两种模式，自动模式允许长时间无人值守并可靠动态运行。满足多工况单次编程自动化连续测试     可执行实验测试种类 涵盖极化曲线测试、功率密度测试、效率测试、阻抗分析等。可进行开路电路测试，定电流测试，定电压测试，定功率测试, 扫电流测试，扫电压测试，任意控制，更换燃料设定，阻抗测量等。具备生成水、循环水线采样功能。具备水平衡测试功能，可实时测量电堆的进水量、出水量和生成水量     耐久性测试 支持恒电流/恒电压循环测试，可自定义循环次数、负载区间及时长，模拟高低负载切换、启停冲击等复杂场景。     接口兼容性* 适配标准燃料电池单片（如50cm2、100cm2电极面积），支持快速装卸夹具。支持测试台中多通道夹具兼容。     软件集成 集成专用测试软件，支持测试流程自定义、实时曲线绘制及历史数据对比分析。     数据存储 数据通讯接口* 优选LAN通讯驱动，支持LIMS系统；USB接口≥4；通讯接口配置以太网，保障数据传输通讯。     数据保存* 机械硬盘≥4TB；固态硬盘≥2TB    注：应答时，供应商不能简单的写“满足”或“符合”，如无偏离，则应在响应文件中逐一列明具体响应情况，特别对有具体参数要求的指标，供应商必须提供所投设备的具体参数值，否则按投标无效处理。（带“*”技术指标为实质性指标不满足作投标无效处理）。5.2 500W燃料电池耐久性测试台500W燃料电池耐久性测试台用于质子交换膜燃料电池普通尺寸（50-150 cm2）单电池的耐久性测试，包含膜电极材料选型（阴/阳极催化剂、质子膜、碳纸）、浆料优化、性能及耐久性测试，除常规的氢-空测试条件外，还要求可以满足阴极为不同氧浓度（氧气和空气的混合气）的富氧测试条件。同时测试台具有宽温域测试能力，露点控制需达到120℃，具备长时间耐久测试及数据存储能力。阴阳极气体控制要求具备手动和软件程序自动控制两种方式，阴阳极反应气体控制模式为计量比和流量模式，阴阳极具备混合气体的功能。5.2.1要求1 序号 项目 采购方要求值 应答方保证值   阳极 氢气流量范围* 0.1-10 NLPM（干、湿气）     氮气流量范围* 0.1-10 NLPM     特殊气体流量范围* 0.1-10 NLPM     混气功能* 具备不同比例氢气和氮气混合功能     流量控制精度* ≤ ±(0.8%RD+0.2%FS)，量程比≥200:1     流量控制模式 计量比或流量模式可选     气体压力控制单元* 背压控制范围：0~350 kPag     背压测量精度：≤±0.5%FS（可实现≤±0.25%FS）；背压控制精度：≤±0.5%FS；进出口压力都需要检测     压力响应速率≥3kPa/s     气体湿度控制单元* 露点温度控制范围：冷却水+5℃~120℃     露点控制精度：稳态≤±1℃，动态≤±2℃     露点控制方式：具备标准增湿和快速增湿功能     气体温度控制单元* 室温~130℃(精度稳态±1℃ 动态±2℃)     干湿模式* 具备纯干气模式；具备标准增湿和快速增湿功能     阴极   空气流量范围* 0.2-20 NLPM（干、湿气）     氮气流量范围* 0.1-10 NLPM     氧气流量范围* 0.1-10 NLPM（干、湿气）     氢气流量范围 提供氢气路安全闭环方案及证明文件     混气功能 具备不同比例空气、氮气、氧气混合功能     流量控制精度* ≤±（0.8% RD+0.2%FS），量程比≥200:1     流量控制模式 计量比或流量模式可选     气体压力控制单元* 背压控制范围：0~350 kPag     背压测量精度：≤±0.5%FS（可实现≤±0.25%FS）；背压控制精度：≤±0.5%FS；进出口压力都需要检测     压力响应速率≥3kPa/s     气体湿度控制单元* 露点温度控制范围：冷却水+5℃~120℃     露点控制精度：稳态≤±1℃，动态≤±2℃     露点控制方式：具备标准增湿和快速增湿功能（采用干湿气混合）     气体温度控制单元* 室温~130℃(控制精度稳态≤±1℃，动态≤±2℃)     干湿模式* 具备纯干气模式；具备标准增湿和快速增湿功能     热管理单元 控温系统* 水冷、电加热两套单电池控温系统，控制精度±1℃     冷却液流量范围* 0.15-3 L/min，需配置变频泵及旁路阀调节（稳态下精度≤±1%FS）     冷却液流量精度* ≤±1% of reading     冷却液流量响应速度* ≤20 s     冷却液温度控制范围* 冷却水温+5℃～120℃，满足乙二醇和纯水的使用，具有乙二醇回收和自动补充功能     冷却液温度控制精度* ≤±1 ℃（稳态），≤±2 ℃（动态）     冷却液温度动态响应* 加热≥1.5 ℃/min@最大流量；冷却≥4 ℃/min@最大流量     压力控制 压力控制范围：0～300kpa 压力控制精度：≤±2kPa；具备电加热功能。     电导率系统* 电导率测量范围0.05～20us/cm，精度±1.5%FS，电导率自动控制     氮气 吹扫范围 阳极/阴极，阴阳极具备氮气可控流量吹扫、浮子流量吹扫     流量范围 0-5NLPM     吹扫方式 手动/自动 双路/单路     端板温控性能指标 运行温度 室温～120℃     加热端板温控电压要求 200～240VAC     加热端板温控电流 ≥1A     温度测量精度 ≤±0.5℃     测温接口数量 ≥4个     电子负载   负载类型 消耗式电子负载     电流* 范围：≥250A（分段数量≥3，电流扩展至≥500A） 电流分辨率：≤1mA 电流控制精度：≤±0.05%FS     功率 0-500W     电压* 控制范围：-1.5–5 V（分段数量≥3，电压扩展≥10V） 电压分辨率: ≤±1mV 电压控制精度： ≤0.025%FS     电流响应速率* (10%-90%跃迁) <0.5ms     CVM   电压检测范围* ±5VDC     电压检测精度 ≤±1mV     数据记录速率 ≥10 Hz     通道数* ≥5     反极测试 反极功能 具备，允许被测试燃料电池的最低电压≤-1.5V     内阻仪 电阻测量范围 0.1μΩ-33Ω     电阻准确度 ±0.5% rdg ±10 dgt（3 毫欧量程）, ±0.5% rdg ±5 dgt（30 mΩ量程以上）     实时监测* 与测试台连用可实时监测并记录电阻     电化学测试 电化学工作站* 自带恒电位恒电流仪及阻抗测试模块或可与外部电化学工作站连用     主机控制电流：≥±4A，控制电压：≥±15V，电流分辨率：≤±2 aA，控制电压分辨率：≤±7.5 nV，控制电压精度：≤±450 µV，EIS 频率范围：10μHz-12MHz。具备并行阻抗测试能力 使用电流放大器：电流：≥±40A；EIS 频率：10 µHz - 400 kHz     覆盖EIS、CV、交流阻抗测试等电化学测试方法，低频阻抗谱测试精度大于1%。多档位电流精确控制。     整机参数 尾气微量气体分析* 具备二氧化碳、一氧化碳、测量能力（T90≤15s），阴阳极均可使用     无人值守 具备24小时无人值守功能。控制软件允许执行数学函数。支持用户定义的方程式和统计计算，通过用户定义的方程式和自动化脚本。可以实时监控用户定义的计算变量，并可根据这些变量设置远程报警     安全系统* 具备电压、压力、温度以及气体泄漏联动触发报警及启动安全保护功能，外围氢浓度检测报警，阈值可调，精度±2%FS。     进气管控* 进气端配备止回阀，防止瞬间串气现象。氢气端需需要单独排气功能。     安全要求* 测试台可满足富氧条件使用，控制精度和检测精度可满足所列技术指标，同时在使用过程中确保安全和可靠性。     数据采集* 采样频率≥100Hz，实时记录电压、电流、功率、温度、压力等参数，支持多通道同步监测。     耐久性要求* 具有尾气排放的氧中氢检测功能。测试台需满足长期稳定性运行的要求，需提供现有同类功率（0.1-2kW）范围测试设备运行周期不低于2个月的运行数据，数据内容须包括设备正常运行数据（存在输出功率即为正常运行，且须含功率参数）以及设备出现故障的故障类型、周期和次数等信息。     接口兼容性* 适配标准燃料电池单片（如100cm2、200cm2电极面积），支持快速装卸夹具。支持测试台中多通道夹具兼容。     自动化脚本编写功能*   具备自定义编写功能，成熟的逻辑控制语言。例如： • 启动和关闭脚本程序 • 耐久性脚本程序（包含AST测试方法模块） • 诊断测试 • 动态负载循环     工况可设置* 能根据需求设计工况程序自动运行，具有自动测试和手动测试两种模式，自动模式允许长时间无人值守并可靠动态运行。     可执行实验测试种类 开路电路测试，定电流测试，定电压测试，定功率测试, 扫电流测试，扫电压测试，任意控制，更换燃料设定，阻抗测量等。具备生成水、循环水线采样功能。具备水平衡测试功能，可实时测量电堆的进水量、出水量和生成水量     数据存储 数据通讯接口* 优选LAN通讯驱动或GPIB，支持LIMS系统；USB接口≥4；通讯接口配置以太网或 USB 接口。     数据保存* 机械硬盘≥4TB；固态硬盘≥2TB     数据计入能力* 可实时记录数据，可稳定运行200小时以上并实时持续记录相关测试数据     内存监控* 实时监测硬盘的存储空间，剩余内存不足以储存50G数据时，可提前预警空间不足；    注：应答时，供应商不能简单的写“满足”或“符合”，如无偏离，则应在响应文件中逐一列明具体响应情况，特别对有具体参数要求的指标，供应商必须提供所投设备的具体参数值，否则按投标无效处理。（带“*”技术指标为实质性指标不满足作投标无效处理）。5.3 500W高精度燃料电池膜电极测试系统500W高精度燃料电池膜电极测试系统用于质子交换膜燃料电池普通尺寸（100-200 cm2）单电池的高精度测试，包含膜电极材料选型（阴/阳极催化剂、质子膜、碳纸）、浆料优化、性能及耐久性测试，除常规的氢-空测试条件外，还要求可以满足阴极为不同氧浓度（氧气和空气的混合气）的富氧测试条件。此测试系统可实现常规测试条件下（60-80℃）的高精度控温控气体流速能力，具有更高的气体流量控制精度（0.8% RD）、电子负载电流（≥400A）、双通道测试能力，可作为普通尺寸膜电极测试性能标定用设备。阴阳极气体控制要求具备手动和软件程序自动控制两种方式，阴阳极反应气体控制模式为计量比和流量模式，阴阳极具备混合气体的功能。5.3.1要求1 序号 项目 采购方要求值 应答方保证值   阳极 氢气流量范围* 0-10 L/min （干、湿气）     氮气流量范围* 0-10 L/min     特殊气体流量范围* 0-10 L/min     混气功能 具备不同比例氢气和氮气混合功能     流量控制精度* ≤±（0.8% RD+0.2%FS），量程比≥200:1     流量控制模式 计量比或流量模式可选     气体压力控制单元* 背压控制范围：0~350 kPag     背压测量精度：≤±0.5%FS（可实现≤±0.25%FS）；背压控制精度：≤±0.5%FS；进出口压力都需要检测     压力响应速率≥3kPa/s     露点温度* 环境温度~95℃(控制精度：±1℃)     入口温度 环境温度~110℃(精度稳态≤±1℃ 动态≤±2℃)     干湿模式* 具备纯干气模式，具备标准增湿和快速增湿功能（采用干湿气混合）     阴极 特殊气体流量范围* 0-20 L/min     空气流量范围* 0-20 L/min （干、湿气）     氮气流量范围* 0-20 L/min     氧气流量范围* 0-20 L/min （干、湿气）     氢气流量范围 提供氢气路安全闭环方案及证明文件     混气功能 具备不同比例空气、氮气、氧气混合功能     流量控制精度* ≤±（0.8% RD+0.2%FS），量程比≥200:1     流量控制模式 计量比或流量模式可选     气体压力控制单元* 背压控制范围：0~350 kPag     背压测量精度：≤±0.5%FS（可实现≤±0.25%FS）；背压控制精度：≤±0.5%FS；进出口压力都需要检测     压力响应速率≥3kPa/s     露点温度* 环境温度~95℃(控制精度：≤±1℃)     入口温度 环境温度~110℃(精度稳态≤±1℃ 动态≤±2℃)     干湿模式* 具备纯干气模式，具备标准增湿和快速增湿功能（采用干湿气混合）     氮气 吹扫范围 阳极/阴极/冷却路，阴阳极具备氮气可控流量吹扫、浮子流量吹扫     流量范围 0-5NLPM     吹扫方式 手动/自动 双路/单路     端板温控性能指标 运行温度* 室温～110℃     加热端板温控电压要求* 200～240VAC     加热端板温控电流 ≥1A     温度测量精度* ≤±0.5℃     温度控制精度 ≤±1℃，（带温控风扇）     测温接口数量* ≥8个     控制系统 环境控制 运行温度20-80℃（精度±0.5℃），电堆压力0.1~3MPa（精度±1%FS），配备恒温加热与压力调节模块。     冷却路压力检测范围* 0~400kPa(g)（±0.25%FS）     控温系统 测试环境温度范围20-80℃，内置恒温加热模块。具有水冷、电加热两套单电池控温系统，运行温度控制精度≤±0.5℃     电子负载 负载类型* 消耗式电子负载     电流* 范围：≥400A 电流分辨率：≤1mA 电流测定精度：≤±0.5%FS（提升至≤0.05%FS），分段数量≥3，电流扩展≥500A     电压* 控制范围：-1.5V–10 V 电压分辨率: ≤±1mV 电压测定精度： ≤±0.5%FS（提升至≤0.05%FS），支持毫伏级微电流检测。分段数量≥3，电压扩展≥10V     功率 0-500W     电流响应速率 (10%-90%跃迁) ≤1ms     CVM 电压检测范围* ±2.5VDC     电压检测精度 ≤±1mV     数据记录速率 ≥10 Hz     通道数* ≥5     反极测试 反极功能 具备，允许被测试燃料电池的最低电压≤-1.5V     内阻仪 电阻测量范围 0.1μΩ-33Ω       电阻准确度* ±0.5% rdg ±10 dgt（3 毫欧量程）, ±0.5% rdg ±5 dgt（30 mΩ量程以上）     实时监测* 与测试台连用可实时监测并记录电阻，使用夹型测试线（线长≥1.5米）     电化学测试 电化学工作站* 自带恒电位恒电流仪及阻抗测试模块或可与外部电化学工作站连用； 覆盖EIS、CV等电化学测试方法，低频阻抗谱测试精度大于1%     控制电流：≥60A，控制电压：-1.5-5V 电流精度：≤0.1% 电流分辨率：≤0.001%  EIS 频率范围：1mHz-10kHz     整机参数 尾气微量气体分析* 具备二氧化碳、一氧化碳、测量能量（T90≤15s），阴阳极均可使用     无人值守* 具备24小时无人值守功能。支持用户定义的方程式和统计计算，通过用户定义的方程式和自动化脚本。可以实时监控用户定义的计算变量，并可根据这些变量设置远程报警     安全系统* 具备电压、压力、温度以及气体泄漏联动触发报警及启动安全保护功能，外围氢浓度检测报警，阈值可调，精度±2%FS。过压/过流保护、气体泄漏报警、紧急停机连锁系统，符合燃料电池安全测试标准。     进气管控 进气端配备止回阀，防止瞬间串气现象。氢气端需需要单独排气功能。     安全要求 测试台可满足富氧条件使用，控制精度和检测精度可满足所列技术指标，同时在使用过程中确保安全和可靠性。     自动化脚本编写功能* 具备自定义编写功能，成熟的逻辑控制语言。例如： • 启动和关闭脚本程序 • 耐久性脚本程序（包含AST测试方法模块） • 诊断测试 • 动态负载循环     数据采集* 采样频率≥100Hz，实时记录电压、电流、功率、温度、压力等参数，支持多通道同步监测。数据处理工作站：配备独立显卡（内存≥8G），DDR5（≥32GB）。     工况可设置* 内置GB/T 20042等国家标准测试流程模板，支持用户自定义标准导入与管理。满足多工况单次编程自动化连续测试。多工况模拟功能可动态调节温度、压力及气体成分，还原启停循环、变载冲击等实际运行场景，精准定位膜电极的性能瓶颈与失效模式。标准化测试流程模块支持自定义测试序列。     可执行实验测试种类 极化曲线测试、功率密度测试、阻抗分析、耐久性循环测试。具备生成水、循环水线采样功能。具备水平衡测试功能，可实时测量电堆的进水量、出水量和生成水量     接口兼容性* 适配标准尺寸膜电极（电极面积≤200cm²），支持快速更换夹具，兼容主流燃料电池单体制备工艺。     数据存储 数据通讯接口* 优选LAN通讯驱动或GPIB，支持LIMS系统；USB接口≥4；通讯接口配置以太网，保障数据传输通讯。     数据保存* 机械硬盘≥4TB；固态硬盘≥2TB；    注：应答时，供应商不能简单的写“满足”或“符合”，如无偏离，则应在响应文件中逐一列明具体响应情况，特别对有具体参数要求的指标，供应商必须提供所投设备的具体参数值，否则按投标无效处理。（带“*”技术指标为实质性指标不满足作投标无效处理）。7.试验验证7.1 200W燃料电池小单片高精度膜电极测试系统货物在出厂时必须通过下列所有试验验证，应答方应邀请采购方到场见证，并向采购方提供试验报告。 序号 项目 采购方要求值 应答方保证值   阳极氢气流量范围 0-4 L/min     阳极氮气流量范围 0-4 L/min     阳极特殊气体流量范围 0-4 L/min     阳极气体、露点温度控制精度 ≤±1℃     阳极压力控制精度 稳态下≤±1kPa     阳极混气功能 具备不同比例氢气和氮气混合功能（浓度控制精度≤±1%） 注：氢气路和氮气路均需配置流量控制器。     阳极总流量控制精度 ≤±(0.8% RD+0.2%FS)     阴极空气流量范围 0.1-10 L/min     阴极氮气流量范围 0.1-10 L/min     阴极氧气流量范围 0.1-10 L/min     阴极特殊气体流量范围 0.1-10 L/min     阴极气体、露点温度控制精度 ≤±1℃     阴极压力控制精度 稳态下≤±1kPa     阴极混气功能 具备不同比例空气、氮气、氧气混合功能 注：空气路、氮气路和氧气路均需配置流量控制器     阴极总流量控制精度 ≤±(0.8% RD+0.2%FS)     冷却路温度控制精度 ≤±1℃     冷却路温度改变速率* 加热/冷却≥4 ℃/min@最大流量     冷却路背压控制精度 稳态下≤±2kPa（压力升高/降低到达设定值15s后为稳态）     冷却路流量控制范围 0.15~1.5 LPM（稳态下精度≤±1%FS）     电子负载最高电流 ≥200A    验收补充说明：（1）流量验证在气体不加热，3bar 背压/无背压的条件下进行，按照梯度 10%进行加载流量和减载流量测试，气体加载流量和减载流量各十个梯度（0-100%）。当测试台设定值与反馈值（收敛时间≤1min 满足技术要求）无较大波动时（偏差≤±1%FS）作为流量稳定的初始值，稳定时长≥120 秒后，对稳定时长的数据进行处理（最大值，最小值和平均值在合同技术范围内）得出最终的测量值。控制精度为： ±（0.8% RD+0.2%FS）。（2）混气验证在气体不加热，无背压的条件下进行，选定（混合比例）： 95%，50%，5%进行测试。当测试台设定值与反馈值（收敛时间≤1min 满足技术要求）无较大波动时（偏差≤± 1%FS）作为流量稳定的初始值，稳定时长≥120 秒，对稳定时长的数据进行处理（最大值，最小值和平均值在技术范围内）得出最终的测量值。在1-10% O2浓度下，偏差≤0.5%。（3）背压控制验证在气体不加热条件下进行，根据技术协议识别氢气侧（阳极侧），空气侧（阴极侧），冷却水测的压力控制范围，在 40%、80%、100%流量下按照步长 50kPa 进行升压、降压。在气体流量和压力设定值与反馈值无较大差异时，作为流量和压力稳定的初始值。稳定时长≥120s。对稳定时长的数据进行处理（例如加权平均等）得出最终的压力测量值。（4）气体、露点温度控制精度验证在 40%、80%、100%流量下，气体温度 95℃ , 露点温度设定按照 50℃、70℃、90℃进行升温，按照90℃、70℃、50℃进行降温，升温及降温速率按照协商要求进行设置。当露点温度到达设定值（实际值与设定值偏差±1℃) 2 分钟后，作为温度稳定的初始值，稳定时长≥360s。同时记录尾排气体温度。对稳定时长的数据进行加权平均数据（最大值，最小值需要在区间内）处理得出最终的测量温度值。湿度传感器测试露点与设定露点的偏差满足技术要求。（5）电子负载电流、功率验证提供出厂测试报告，质量认证报告。（6）交流阻抗通道数验证提供出厂测试报告，质量认证报告。（7）尾气微量气体分析验收通过配比不同比例的标气进行测试，需配置多种背景气条件下的标准气，多种背景气条件为H2/CO、H2/CO2、O2/CO、O2/CO2或其他混合背景气。可以采用99.99%/0.01%和99.98%/0.02%浓度的标气对尾气微量气体分析单元进行校准，标准气通入的压力和流量可以控制，满足分析单元所需气体流量范围（建议流量范围为400~600mL/min）和压力范围（建议压力范围为90~100kPag）。记录通入标准气进入管道中的时间、分析单元读出稳定数值的时间，计算出T90时间是否满足技术要求；（8）软件操作系统及AI联动功能验收  在现有操作系统之外，提供数据层与接口层的二次开发能力；支持 AI 辅助生成和编辑测试脚本；内置测试集，包含膜电极寿命、性能恢复策略测试集。支持通过自然语言对话方式或依据国家标准、测试大纲自动生成寿命及耐久性测试流程模板。人工智能相关功能支持在测试工作站本地离线部署运行，投标时应答方应说明AI功能的部署架构。知识库本地存储，并可持续维护更新。（9）气密性验收关闭阳极、阴极、冷却水出口气动阀门，向管路中进行增压，增压至100kPag、200kPag、300kPag、350kPag，稳定30min后，进行泄压，泄压通过一键泄压方式进行泄压，同时可设定阳极、阴极、冷却水三腔的压降，避免泄压时压力超调。测试过程中记录稳定前初始压力和稳定后压力，同时记录过程中的温度变化数据。7.2 500W燃料电池耐久性测试台货物在出厂时必须通过下列所有试验验证，应答方应邀请采购方到场见证，并向采购方提供试验报告。 序号 项目 采购方要求值 应答方保证值   阳极氢气流量范围 0.1-10 NLPM     阳极氮气流量范围 0.1-10 NLPM     阳极特殊气体流量范围 0.1-10 NLPM     阳极气体、露点温度控制精度 ≤±1℃ （温度升高/降低到达设定值2min后为稳态）@满量程30%流量及以上；超调量≤2℃     阳极压力控制精度 稳态下≤±1kPa     阳极混气功能 具备不同比例氢气和氮气混合功能，氢浓度可调范围0-90%（浓度控制精度≤±1%） 注：氢气路和氮气路均需配置流量控制器。     阳极总流量控制精度 ≤±1%RD     阴极空气流量范围 0.2-20 NLPM     阴极氮气流量范围 0.1-10 NLPM     阴极氧气流量范围 0.1-10 NLPM     阴极气体、露点温度控制精度 ≤±1℃ （温度升高/降低到达设定值2min后为稳态）@满量程30%流量及以上；超调量≤2℃     阴极压力控制精度 稳态下≤±1kPa     阴极混气功能 具备不同比例空气、氮气、氧气混合功能 注：空气路、氮气路和氧气路均需配置流量控制器     阴极总流量控制精度 ≤±1%RD     冷却路温度控制精度 ≤±1℃     冷却路流量控制范围 0.15~3 LPM（稳态下精度≤±1%FS）     冷却路背压控制精度 稳态下≤±2kPa（压力升高/降低到达设定值15s后为稳态）     电子负载最高电流 ≥250A    验收补充说明：（1）流量验证在气体不加热，3bar 背压/无背压的条件下进行，按照梯度 10%进行加载流量和减载流量测试，气体加载流量和减载流量各十个梯度（0-100%）。当测试台设定值与反馈值（收敛时间≤1min 满足技术要求）无较大波动时（偏差≤±1%FS）作为流量稳定的初始值，稳定时长≥120 秒后，对稳定时长的数据进行处理（最大值，最小值和平均值在合同技术范围内）得出最终的测量值。控制精度为： ±1% RD。（2）混气验证在气体不加热，无背压的条件下进行，选定（混合比例）： 95%，50%，5%进行测试。当测试台设定值与反馈值（收敛时间≤1min 满足技术要求）无较大波动时（偏差≤± 1%FS）作为流量稳定的初始值，稳定时长≥120 秒，对稳定时长的数据进行处理（最大值，最小值和平均值在技术范围内）得出最终的测量值。在1-10% O2浓度下，偏差≤0.5%。（3）背压控制验证在气体不加热条件下进行，根据技术协议识别氢气侧（阳极侧），空气侧（阴极侧），冷却水测的压力控制范围，在 40%、80%、100%流量下按照步长 50kPa 进行升压、降压。在气体流量和压力设定值与反馈值无较大差异时，作为流量和压力稳定的初始值。稳定时长≥120s。对稳定时长的数据进行处理（例如加权平均等）得出最终的压力测量值。（4）气体、露点温度控制精度验证在 40%、80%、100%流量下，气体温度 95℃ , 露点温度设定按照 50℃、70℃、90℃进行升温，按照90℃、70℃、50℃进行降温，升温及降温速率按照协商要求进行设置。当露点温度到达设定值（实际值与设定值偏差±1℃) 2 分钟后，作为温度稳定的初始值，稳定时长≥360s。同时记录尾排气体温度。对稳定时长的数据进行加权平均数据（最大值，最小值需要在区间内）处理得出最终的测量温度值。湿度传感器测试露点与设定露点的偏差满足技术要求。（5）电子负载电流、功率验证提供出厂测试报告，质量认证报告。（6）交流阻抗通道数验证提供出厂测试报告，质量认证报告。（7）尾气微量气体分析验收通过配比不同比例的标气进行测试，需配置多种背景气条件下的标准气，多种背景气条件为H2/CO、H2/CO2、O2/CO、O2/CO2或其他混合背景气。可以采用99.99%/0.01%和99.98%/0.02%浓度的标气对尾气微量气体分析单元进行校准，标准气通入的压力和流量可以控制，满足分析单元所需气体流量范围（建议流量范围为400~600mL/min）和压力范围（建议压力范围为90~100kPag）。记录通入标准气进入管道中的时间、分析单元读出稳定数值的时间，计算出T90时间是否满足技术要求；（8）软件操作系统及AI联动功能验收  在现有操作系统之外，提供数据层与接口层的二次开发能力；支持 AI 辅助生成和编辑测试脚本；内置测试集，包含膜电极寿命、性能恢复策略测试集。支持通过自然语言对话方式或依据国家标准、测试大纲自动生成寿命及耐久性测试流程模板。人工智能相关功能支持在测试工作站本地离线部署运行，投标时应答方应说明AI功能的部署架构。知识库本地存储，并可持续维护更新。（9）气密性验收关闭阳极、阴极、冷却水出口气动阀门，向管路中进行增压，增压至100kPag、200kPag、300kPag、350kPag，稳定30min后，进行泄压，泄压通过一键泄压方式进行泄压，同时可设定阳极、阴极、冷却水三腔的压降，避免泄压时压力超调。测试过程中记录稳定前初始压力和稳定后压力，同时记录过程中的温度变化数据。7.3 500W高精度燃料电池膜电极测试系统采购项目货物在出厂时必须通过下列所有试验验证，应答方应邀请采购方到场见证，并向采购方提供试验报告。 序号 项目 采购方要求值 应答方保证值   阳极氢气流量范围 0-10 L/min     阳极氮气流量范围 0-10 L/min     阳极特殊气体流量范围 0-10 L/min     阳极气体、露点温度控制精度 ≤±1℃ （温度升高/降低到达设定值2min后为稳态）@满量程30%流量及以上；超调量≤2℃     阳极压力控制精度 稳态下≤±1kPa     阳极混气功能 具备不同比例氢气和氮气混合功能，氢浓度可调范围0-90%（浓度控制精度±1%） 注：氢气路和氮气路均需配置流量控制器。     阳极总流量控制精度 ≤±(0.8% RD+0.2%FS)     阴极空气流量范围 0-20 L/min     阴极氮气流量范围 0-20 L/min     阴极氧气流量范围 0-20 L/min     阴极特殊气体流量范围 0-20 L/min     阴极气体、露点温度控制精度 ≤±1℃ （温度升高/降低到达设定值2min后为稳态）@满量程30%流量及以上；超调量≤2℃     阴极压力控制精度 稳态下≤±1kPa     阴极混气功能 具备不同比例空气、氮气、氧气混合功能 注：空气路、氮气路和氧气路均需配置流量控制器     阴极总流量控制精度 ≤±(0.8% RD+0.2%FS)     冷却路温度控制精度 ≤±1℃     冷却路流量控制范围 0.15~3 LPM（稳态下精度≤±1%FS）     冷却路背压控制精度 稳态下≤±2kPa（压力升高/降低到达设定值15s后为稳态）     电子负载最高电流 ≥400A    验收补充说明：（1）流量验证在气体不加热，3bar 背压/无背压的条件下进行，按照梯度 10%进行加载流量和减载流量测试，气体加载流量和减载流量各十个梯度（0-100%）。当测试台设定值与反馈值（收敛时间≤1min 满足技术要求）无较大波动时（偏差≤±1%FS）作为流量稳定的初始值，稳定时长≥120 秒后，对稳定时长的数据进行处理（最大值，最小值和平均值在合同技术范围内）得出最终的测量值。控制精度为： ±（0.8% RD+0.2%FS）。（2）混气验证在气体不加热，无背压的条件下进行，选定（混合比例）： 95%，50%，5%进行测试。当测试台设定值与反馈值（收敛时间≤1min 满足技术要求）无较大波动时（偏差≤± 1%FS）作为流量稳定的初始值，稳定时长≥120 秒，对稳定时长的数据进行处理（最大值，最小值和平均值在技术范围内）得出最终的测量值。在1-10% O2浓度下，偏差≤0.5%。（3）背压控制验证在气体不加热条件下进行，根据技术协议识别氢气侧（阳极侧），空气侧（阴极侧），冷却水测的压力控制范围，在 40%、80%、100%流量下按照步长 50kPa 进行升压、降压。在气体流量和压力设定值与反馈值无较大差异时，作为流量和压力稳定的初始值。稳定时长≥120s。对稳定时长的数据进行处理（例如加权平均等）得出最终的压力测量值。（4）气体、露点温度控制精度验证在 40%、80%、100%流量下，气体温度 95℃ , 露点温度设定按照 50℃、70℃、90℃进行升温，按照90℃、70℃、50℃进行降温，升温及降温速率按照协商要求进行设置。当露点温度到达设定值（实际值与设定值偏差±1℃) 2 分钟后，作为温度稳定的初始值，稳定时长≥360s。同时记录尾排气体温度。对稳定时长的数据进行加权平均数据（最大值，最小值需要在区间内）处理得出最终的测量温度值。湿度传感器测试露点与设定露点的偏差满足技术要求。（5）电子负载电流、功率验证提供出厂测试报告，质量认证报告。（6）交流阻抗通道数验证提供出厂测试报告，质量认证报告。（7）尾气微量气体分析验收通过配比不同比例的标气进行测试，需配置多种背景气条件下的标准气，多种背景气条件为H2/CO、H2/CO2、O2/CO、O2/CO2或其他混合背景气。可以采用99.99%/0.01%和99.98%/0.02%浓度的标气对尾气微量气体分析单元进行校准，标准气通入的压力和流量可以控制，满足分析单元所需气体流量范围（建议流量范围为400~600mL/min）和压力范围（建议压力范围为90~100kPag）。记录通入标准气进入管道中的时间、分析单元读出稳定数值的时间，计算出T90时间是否满足技术要求；（8）软件操作系统及AI联动功能验收  在现有操作系统之外，提供数据层与接口层的二次开发能力；支持 AI 辅助生成和编辑测试脚本；内置测试集，包含膜电极寿命、性能恢复策略测试集。支持通过自然语言对话方式或依据国家标准、测试大纲自动生成寿命及耐久性测试流程模板。人工智能相关功能支持在测试工作站本地离线部署运行，投标时应答方应说明AI功能的部署架构。知识库本地存储，并可持续维护更新。（9）气密性验收关闭阳极、阴极、冷却水出口气动阀门，向管路中进行增压，增压至100kPag、200kPag、300kPag、350kPag，稳定30min后，进行泄压，泄压通过一键泄压方式进行泄压，同时可设定阳极、阴极、冷却水三腔的压降，避免泄压时压力超调。测试过程中记录稳定前初始压力和稳定后压力，同时记录过程中的温度变化数据。9.到货验收9.1 200W燃料电池小单片高精度膜电极测试系统9.1.1外观验收货物在到达目的地后，采购方将根据提货单校对包装数量，检查货物包装情况，在装运中是否有损坏，并对全部货物的型号、规格、数量、外形、外观、资料、文件（包括装箱单、保修单、随箱介质等）等进行验收。随货物提供的技术资料应完整无缺。采购方、应答方对到货货物共同进行开箱检查，出现损坏、数量不全或者货物不符合合同要求等问题时，由应答方负责解决，所需费用由应答方承担；若到货验收中发现货物性能指标或功能上不满足合同要求，采购方有权拒绝收货；若因货物的质量、数量等与合同不符而对采购方造成损失，采购方有权向应答方索赔。采购方、应答方可签署合同货物的到货验收证明书，该证明书共两份，采购方、应答方各执一份。9.1.2资料验收应答方在货物到货时应一并提交纸质及电子版技术资料，采购方依据合同或技术协议所附的资料清单，对随货提供的全部资料进行逐项清点与内容核验，重点核对资料是否齐全、无破损、无涂改，并对照合同逐条检查产品合格证、出厂检测报告、装箱单、保修单、随箱介质、操作与维护说明书中的关键技术参数是否一致，同时查验涉及特种设备或计量器具的官方检定/校准证书是否在有效期内且与实物对应。若存在资料缺失、参数不符或证书失效等情形，应答方须在采购方要求的期限内补齐或更换，逾期未完成或仍不合格的，该项验收不通过。9.1.3安装调试应答方负责在采购方指定地点完成设备的安装与系统整体调试，安装完成后应提交自检记录。采购方现场核实设备安装是否牢固、安全合规，系统能否正常启停且所有功能运行平稳，达到可进行性能验收的待验状态。确认上述内容后，进行通电并由应答方开展功能调试，使设备进入额定工作状态，连续空载（不带电堆进行管路短接）稳定运行，期间设备应无异常振动、泄漏或报警等，关键运行参数须在合同或技术要求范围内。若验收不合格，应答方须在采购方要求的期限内完成整改，并承担整改及复检的全部费用;整改后仍不通过的，视为安装调试验收不合格。9.1.4性能验收设备完成调试后，采购方、应答方双方共同按照“3.供货范围和5.技术要求”进行各技术项验收，记录实测结果，形成验收报告，共两份，双方签字确认，各执一份。 序号 项目 招标人要求值 1 外观验收 采购方、应答方双方共同按照第3章供货范围要求进行各设备项验收，设备各部件完整，外观无损伤 2 功能验收 流量控制、温度控制、压力控制、混气控制、干湿切换（具备标准增湿和快速增湿功能，采用干湿气混合）、电子负载变载、内阻测量、交流阻抗测试等各模式功能完整，切换稳定，无异常报错 3 技术项验收 采购方、应答方双方共同按照第5章技术要求进行各技术项验收  4 软件及数据处理功能验收 测试软件、数据处理软件功能完整，数据格式与主流分析软件兼容，脚本接口开放 5 安全及防护验收 安全报警与保护装置完整 6 连续运行稳定性验收 测试台连续无故障运行时间≥100小时  到货验收工艺步骤如下：1）气体流量精度验收0-100%流量范围内，每增加10%流量为一点稳态过程，进行流量拉升及下降，干气体不加热无背压，每个稳态点运行不低于30s，通过图表和记录数据确认整组数据内的动态超调、收敛时间和稳态波动；湿气体50℃露点温度，60℃气体温度，每个稳态点运行不低于30s，通过图表和记录数据确认整组数据内的收敛时间和稳态波动。2）气体压力精度验收流量40%、60%和80%下，在0-300kPa(g)内，每增加50kPa为一稳态过程，进行压力拉升及下降，干气体不加热，每个稳态点运行不低于30s，通过图表和记录数据确认整组数据内的斜率和精度，同时确认与相关压力传感器数值的一致性；湿气体50℃露点温度，60℃气体温度，每个稳态点运行不低于30s，通过图表和记录数据确认整组数据内的斜率、稳态和动态精度，同时确认与相关压力传感器数值的一致性；3）气体露点温度精度验收流量40%、60%和80%下，以50℃、70℃、90℃露点温度为稳态过程，进行露点温度拉升及下降，背压要求由甲方指定，每个稳态点运行不低于5min，通过图表和记录数据确认整组数据内的升温斜率、稳态和动态精度，同时确认与相关温度传感器数值的一致性；4）气体温度精度验收流量40%、60%和80%下，以50℃、70℃、90℃气体温度为稳态过程，进行气体温度拉升及下降，背压要求由甲方指定，每个稳态点运行不低于5min，通过图表和记录数据确认整组数据内的升温斜率、稳态和动态精度，同时确认与相关温度传感器数值的一致性；5）冷却路流量精度验收0-100%流量范围内，以20%、60%、80%、100%流量下为稳态过程，进行流量拉升及下降，无背压，每个稳态点运行不低于30s，通过图表和记录数据确认整组数据内的动态超调、收敛时间和稳态波动；6）冷却路压力精度验收流量10%、50%和100%下，在0-300kPa(g)内，每增加50kPa为一稳态过程，进行压力拉升及下降，不加热，每个稳态点运行不低于30s，通过图表和记录数据确认整组数据内的斜率和精度，同时确认与相关压力传感器数值的一致性；7）冷却路温度精度验收流量10%、50%和100%下，以50℃、70℃、90℃为稳态过程，进行温度拉升及下降，背压要求由甲方指定，每个稳态点运行不低于5min，通过图表和记录数据确认整组数据内的升温斜率和精度，同时确认与相关温度传感器数值的一致性；8）带堆验收需带堆进行稳态精度、动态响应、自动工况等完整过程的整堆性能测试，相关控制结果满足第五部分技术要求表内的要求值。9）运行稳定性验收测试台需在供货商场地进行100小时膜电极运行测试，持续运行时间≥24小时，使用采购方提供的自测膜电极在供货商场地进行实际操作测试，测试单电池功率范围为20-200W，运行顺畅即认为稳定性运行验收通过。9.2 500W燃料电池耐久性测试台9.2.1外观验收货物在到达目的地后，采购方将根据提货单校对包装数量，检查货物包装情况，在装运中是否有损坏，并对全部货物的型号、规格、数量、外形、外观、资料、文件（包括装箱单、保修单、随箱介质等）等进行验收。随货物提供的技术资料应完整无缺。采购方、应答方对到货货物共同进行开箱检查，出现损坏、数量不全或者货物不符合合同要求等问题时，由应答方负责解决，所需费用由应答方承担；若到货验收中发现货物性能指标或功能上不满足合同要求，采购方有权拒绝收货；若因货物的质量、数量等与合同不符而对采购方造成损失，采购方有权向应答方索赔。采购方、应答方可签署合同货物的到货验收证明书，该证明书共两份，采购方、应答方各执一份。9.2.2资料验收应答方在货物到货时应一并提交纸质及电子版技术资料，采购方依据合同或技术协议所附的资料清单，对随货提供的全部资料进行逐项清点与内容核验，重点核对资料是否齐全、无破损、无涂改，并对照合同逐条检查产品合格证、出厂检测报告、装箱单、保修单、随箱介质、操作与维护说明书中的关键技术参数是否一致，同时查验涉及特种设备或计量器具的官方检定/校准证书是否在有效期内且与实物对应。若存在资料缺失、参数不符或证书失效等情形，应答方须在采购方要求的期限内补齐或更换，逾期未完成或仍不合格的，该项验收不通过。9.2.3安装调试应答方负责在采购方指定地点完成设备的安装与系统整体调试，安装完成后应提交自检记录。采购方现场核实设备安装是否牢固、安全合规，系统能否正常启停且所有功能运行平稳，达到可进行性能验收的待验状态。确认上述内容后，进行通电并由应答方开展功能调试，使设备进入额定工作状态，连续空载（不带电堆进行管路短接）稳定运行，期间设备应无异常振动、泄漏或报警等，关键运行参数须在合同或技术要求范围内。若验收不合格，应答方须在采购方要求的期限内完成整改，并承担整改及复检的全部费用;整改后仍不通过的，视为安装调试验收不合格。9.2.4性能验收设备完成调试后，采购方、应答方双方共同按照“3.供货范围和5.技术要求”进行各技术项验收，记录实测结果，形成验收报告，共两份，双方签字确认，各执一份。 序号 项目 招标人要求值 1 外观验收 采购方、应答方双方共同按照第3章供货范围要求进行各设备项验收，设备各部件完整，外观无损伤 2 功能验收 流量控制、温度控制、压力控制、混气控制、干湿切换（具备标准增湿和快速增湿功能，采用干湿气混合）、电子负载变载、内阻测量、交流阻抗测试等各模式功能完整，切换稳定，无异常报错 3 技术项验收 采购方、应答方双方共同按照第5章技术要求进行各技术项验收  4 软件及数据处理功能验收 测试软件、数据处理软件功能完整，数据格式与主流分析软件兼容，脚本接口开放 5 安全及防护验收 安全报警与保护装置完整 6 连续运行稳定性验收 测试台连续无故障运行时间≥100小时  到货验收工艺步骤如下：1）气体流量精度验收0-100%流量范围内，每增加10%流量为一点稳态过程，进行流量拉升及下降，干气体不加热无背压，每个稳态点运行不低于30s，通过图表和记录数据确认整组数据内的动态超调、收敛时间和稳态波动；湿气体50℃露点温度，60℃气体温度，每个稳态点运行不低于30s，通过图表和记录数据确认整组数据内的收敛时间和稳态波动。2）气体压力精度验收流量40%、60%和80%下，在0-300kPa(g)内，每增加50kPa为一稳态过程，进行压力拉升及下降，干气体不加热，每个稳态点运行不低于30s，通过图表和记录数据确认整组数据内的斜率和精度，同时确认与相关压力传感器数值的一致性；湿气体50℃露点温度，60℃气体温度，每个稳态点运行不低于30s，通过图表和记录数据确认整组数据内的斜率、稳态和动态精度，同时确认与相关压力传感器数值的一致性；3）气体露点温度精度验收流量40%、60%和80%下，以50℃、70℃、90℃、110℃露点温度为稳态过程，进行露点温度拉升及下降，背压要求由甲方指定，每个稳态点运行不低于5min，通过图表和记录数据确认整组数据内的升温斜率、稳态和动态精度，同时确认与相关温度传感器数值的一致性；4）气体温度精度验收流量40%、60%和80%下，以50℃、70℃、90℃、120℃气体温度为稳态过程，进行气体温度拉升及下降，背压要求由甲方指定，每个稳态点运行不低于5min，通过图表和记录数据确认整组数据内的升温斜率、稳态和动态精度，同时确认与相关温度传感器数值的一致性；5）冷却路流量精度验收0-100%流量范围内，以20%、60%、80%、100%流量下为稳态过程，进行流量拉升及下降，无背压，每个稳态点运行不低于30s，通过图表和记录数据确认整组数据内的动态超调、收敛时间和稳态波动；6）冷却路压力精度验收流量10%、50%和100%下，在0-300kPa(g)内，每增加50kPa为一稳态过程，进行压力拉升及下降，不加热，每个稳态点运行不低于30s，通过图表和记录数据确认整组数据内的斜率和精度，同时确认与相关压力传感器数值的一致性；7）冷却路温度精度验收流量10%、50%和100%下，以50℃、70℃、90℃、110℃为稳态过程，进行温度拉升及下降，背压要求由甲方指定，每个稳态点运行不低于5min，通过图表和记录数据确认整组数据内的升温斜率和精度，同时确认与相关温度传感器数值的一致性；8）带堆验收需带堆进行稳态精度、动态响应、自动工况等完整过程的整堆性能测试，相关控制结果满足第五部分技术要求表内的要求值。9）运行稳定性验收测试台需在供货商场地进行100小时膜电极运行测试，持续运行时间≥24小时，使用采购方提供的自测膜电极在供货商场地进行实际操作测试，测试单电池功率范围为50-500W，运行顺畅即认为稳定性运行验收通过。9.3 500W高精度燃料电池膜电极测试系统采购项目9.3.1外观验收货物在到达目的地后，采购方将根据提货单校对包装数量，检查货物包装情况，在装运中是否有损坏，并对全部货物的型号、规格、数量、外形、外观、资料、文件（包括装箱单、保修单、随箱介质等）等进行验收。随货物提供的技术资料应完整无缺。采购方、应答方对到货货物共同进行开箱检查，出现损坏、数量不全或者货物不符合合同要求等问题时，由应答方负责解决，所需费用由应答方承担；若到货验收中发现货物性能指标或功能上不满足合同要求，采购方有权拒绝收货；若因货物的质量、数量等与合同不符而对采购方造成损失，采购方有权向应答方索赔。采购方、应答方可签署合同货物的到货验收证明书，该证明书共两份，采购方、应答方各执一份。9.3.2资料验收应答方在货物到货时应一并提交纸质及电子版技术资料，采购方依据合同或技术协议所附的资料清单，对随货提供的全部资料进行逐项清点与内容核验，重点核对资料是否齐全、无破损、无涂改，并对照合同逐条检查产品合格证、出厂检测报告、装箱单、保修单、随箱介质、操作与维护说明书中的关键技术参数是否一致，同时查验涉及特种设备或计量器具的官方检定/校准证书是否在有效期内且与实物对应。若存在资料缺失、参数不符或证书失效等情形，应答方须在采购方要求的期限内补齐或更换，逾期未完成或仍不合格的，该项验收不通过。9.3.3安装调试应答方负责在采购方指定地点完成设备的安装与系统整体调试，安装完成后应提交自检记录。采购方现场核实设备安装是否牢固、安全合规，系统能否正常启停且所有功能运行平稳，达到可进行性能验收的待验状态。确认上述内容后，进行通电并由应答方开展功能调试，使设备进入额定工作状态，连续空载（不带电堆进行管路短接）稳定运行，期间设备应无异常振动、泄漏或报警等，关键运行参数须在合同或技术要求范围内。若验收不合格，应答方须在采购方要求的期限内完成整改，并承担整改及复检的全部费用;整改后仍不通过的，视为安装调试验收不合格。9.3.4性能验收设备完成调试后，采购方、应答方双方共同按照“3.供货范围和5.技术要求”进行各技术项验收，记录实测结果，形成验收报告，共两份，双方签字确认，各执一份。 序号 项目 招标人要求值 1 外观验收 采购方、应答方双方共同按照第3章供货范围要求进行各设备项验收，设备各部件完整，外观无损伤 2 功能验收 流量控制、温度控制、压力控制、混气控制、干湿切换（具备标准增湿和快速增湿功能，采用干湿气混合）、电子负载变载、内阻测量、交流阻抗测试等各模式功能完整，切换稳定，无异常报错 3 技术项验收 采购方、应答方双方共同按照第5章技术要求进行各技术项验收  4 软件及数据处理功能验收 测试软件、数据处理软件功能完整，数据格式与主流分析软件兼容，脚本接口开放 5 安全及防护验收 安全报警与保护装置完整 6 连续运行稳定性验收 测试台连续无故障运行时间≥100小时  到货验收工艺步骤如下：1）气体流量精度验收0-100%流量范围内，每增加10%流量为一点稳态过程，进行流量拉升及下降，干气体不加热无背压，每个稳态点运行不低于30s，通过图表和记录数据确认整组数据内的动态超调、收敛时间和稳态波动；湿气体50℃露点温度，60℃气体温度，每个稳态点运行不低于30s，通过图表和记录数据确认整组数据内的收敛时间和稳态波动。2）气体压力精度验收流量40%、60%和80%下，在0-300kPa(g)内，每增加50kPa为一稳态过程，进行压力拉升及下降，干气体不加热，每个稳态点运行不低于30s，通过图表和记录数据确认整组数据内的斜率和精度，同时确认与相关压力传感器数值的一致性；湿气体50℃露点温度，60℃气体温度，每个稳态点运行不低于30s，通过图表和记录数据确认整组数据内的斜率、稳态和动态精度，同时确认与相关压力传感器数值的一致性；3）气体露点温度精度验收流量40%、60%和80%下，以50℃、70℃、90℃露点温度为稳态过程，进行露点温度拉升及下降，背压要求由甲方指定，每个稳态点运行不低于5min，通过图表和记录数据确认整组数据内的升温斜率、稳态和动态精度，同时确认与相关温度传感器数值的一致性；4）气体温度精度验收流量40%、60%和80%下，以50℃、70℃、90℃气体温度为稳态过程，进行气体温度拉升及下降，背压要求由甲方指定，每个稳态点运行不低于5min，通过图表和记录数据确认整组数据内的升温斜率、稳态和动态精度，同时确认与相关温度传感器数值的一致性；5）冷却路流量精度验收0-100%流量范围内，以20%、60%、80%、100%流量下为稳态过程，进行流量拉升及下降，无背压，每个稳态点运行不低于30s，通过图表和记录数据确认整组数据内的动态超调、收敛时间和稳态波动；6）冷却路压力精度验收流量10%、50%和100%下，在0-300kPa(g)内，每增加50kPa为一稳态过程，进行压力拉升及下降，不加热，每个稳态点运行不低于30s，通过图表和记录数据确认整组数据内的斜率和精度，同时确认与相关压力传感器数值的一致性；7）冷却路温度精度验收流量10%、50%和100%下，以50℃、70℃、90℃为稳态过程，进行温度拉升及下降，背压要求由甲方指定，每个稳态点运行不低于5min，通过图表和记录数据确认整组数据内的升温斜率和精度，同时确认与相关温度传感器数值的一致性；8）带堆验收需带堆进行稳态精度、动态响应、自动工况等完整过程的整堆性能测试，相关控制结果满足第五部分技术要求表内的要求值。9）运行稳定性验收测试台需在供货商场地进行100小时膜电极运行测试，持续运行时间≥24小时，使用采购方提供的自测膜电极在供货商场地进行实际操作测试，测试单电池功率范围为50-500W，运行顺畅即认为稳定性运行验收通过。11.质量保证及售后11.1 200W燃料电池小单片高精度膜电极测试系统11.1.1质量保证应答方应保证其所提供的所有货物都是全新的，未经使用过的，采用的是优质材料和先进工艺，并在各方面符合合同规定的质量、规格和性能要求。应答方应对合同货物的设计、材料和零部件选购、加工、制造、试验等过程建立严格的质量保证体系，并在合同的整个制造过程中严格按其执行。应答方提供的所有货物均应附质量保证书或试验报告等文件。应答方应采用有运行经验证明正确的、成熟的技术来进行合同货物的生产和系统的集成。如采用应答方过去从未采用过的新技术，应征得采购方的同意。应答方从其他厂商采购货物，一切质量问题由应答方负责。11.1.2售后服务质保期自采购方、应答方共同完成到货验收、性能验收报告双方签字之日起12个月，另有约定除外。在质保期内，由于应答方货物质量问题造成的系统中断或其余故障，在接到采购方通知后的24小时内负责处理缺陷并更换有损坏的部件，且不收取任何额外费用，由此造成的采购方损失由应答方承担。质保服务内容包括但不限于：4) 故障部件或货物的免费更换或维修，并提供质量分析报告；5) 货物的现场维护；6) 电话技术支持等。质保期内货物发生故障并由应答方处理完毕后，新质保期需按照原定质保时长自货物再次投运之日起重新计算。在质保期内，应答方应提供7×24小时响应的技术服务，在需要现场服务时，应答方应在24小时内赶赴现场，偏远地区36小时内赶赴现场；在质量保证期后，由于应答方货物质量问题而造成的系统停运或中断，应答方应在接到采购方通知后的48小时内负责协助处理缺陷并更换有损坏的部件。对易损部件优先、优惠供应，并提供终身服务。针对本套燃料电池测试台，供方明确界定易损部件清单，承诺该类配件实行优先排产、优先发货保障；设备全生命周期内提供终身技术支持与维修服务，具体执行条件如下：易损件范围：密封件、热电偶、管路接头、流量传感器等常规易耗部件。价格优惠：质保期内易损件免费更换；质保期满后，易损配件长期按出厂成本价 / 协议优惠价供应，价格体系保持稳定。供货时效：接到易损件采购需求后，常规配件24 小时内安排发货，急单启动应急供货通道。终身服务条件：设备在正常工况、按操作规程使用前提下，供方永久提供故障排查、远程指导、技术答疑、软件运维服务；终身维修仅收取配件成本费及标准上门工时费，不额外加收技术服务费。质保期内，供应商可免费提供至少3次设备使用的培训，培训人数不限，每次培训时长不少于4小时。提供设备校准培训，提供自动校准流程，提供≥2年无偿校准服务，出厂提供CNAS校准报告。11.2 500W燃料电池耐久性测试台11.2.1质量保证应答方应保证其所提供的所有货物都是全新的，未经使用过的，采用的是优质材料和先进工艺，并在各方面符合合同规定的质量、规格和性能要求。应答方应对合同货物的设计、材料和零部件选购、加工、制造、试验等过程建立严格的质量保证体系，并在合同的整个制造过程中严格按其执行。应答方提供的所有货物均应附质量保证书或试验报告等文件。应答方应采用有运行经验证明正确的、成熟的技术来进行合同货物的生产和系统的集成。如采用应答方过去从未采用过的新技术，应征得采购方的同意。应答方从其他厂商采购货物，一切质量问题由应答方负责。11.2.2售后服务质保期自采购方、应答方共同完成到货验收、性能验收报告双方签字之日起12个月，另有约定除外。在质保期内，由于应答方货物质量问题造成的系统中断或其余故障，在接到采购方通知后的24小时内负责处理缺陷并更换有损坏的部件，且不收取任何额外费用，由此造成的采购方损失由应答方承担。质保服务内容包括但不限于：7) 故障部件或货物的免费更换或维修，并提供质量分析报告；8) 货物的现场维护；9) 电话技术支持等。质保期内货物发生故障并由应答方处理完毕后，新质保期需按照原定质保时长自货物再次投运之日起重新计算。在质保期内，应答方应提供7×24小时响应的技术服务，在需要现场服务时，应答方应在24小时内赶赴现场，偏远地区36小时内赶赴现场；在质量保证期后，由于应答方货物质量问题而造成的系统停运或中断，应答方应在接到采购方通知后的48小时内负责协助处理缺陷并更换有损坏的部件。对易损部件优先、优惠供应，并提供终身服务。针对本套燃料电池测试台，供方明确界定易损部件清单，承诺该类配件实行优先排产、优先发货保障；设备全生命周期内提供终身技术支持与维修服务，具体执行条件如下：易损件范围：密封件、热电偶、管路接头、流量传感器等常规易耗部件。价格优惠：质保期内易损件免费更换；质保期满后，易损配件长期按出厂成本价 / 协议优惠价供应，价格体系保持稳定。供货时效：接到易损件采购需求后，常规配件24 小时内安排发货，急单启动应急供货通道。终身服务条件：设备在正常工况、按操作规程使用前提下，供方永久提供故障排查、远程指导、技术答疑、软件运维服务；终身维修仅收取配件成本费及标准上门工时费，不额外加收技术服务费。质保期内，供应商可免费提供至少3次设备使用的培训，培训人数不限，每次培训时长不少于4小时。提供设备校准培训，提供自动校准流程，提供≥2年无偿校准服务，出厂提供CNAS校准报告。11.3 500W高精度燃料电池膜电极测试系统采购项目11.3.1质量保证应答方应保证其所提供的所有货物都是全新的，未经使用过的，采用的是优质材料和先进工艺，并在各方面符合合同规定的质量、规格和性能要求。应答方应对合同货物的设计、材料和零部件选购、加工、制造、试验等过程建立严格的质量保证体系，并在合同的整个制造过程中严格按其执行。应答方提供的所有货物均应附质量保证书或试验报告等文件。应答方应采用有运行经验证明正确的、成熟的技术来进行合同货物的生产和系统的集成。如采用应答方过去从未采用过的新技术，应征得采购方的同意。应答方从其他厂商采购货物，一切质量问题由应答方负责。11.3.2售后服务质保期自采购方、应答方共同完成到货验收、性能验收报告双方签字之日起12个月，另有约定除外。在质保期内，由于应答方货物质量问题造成的系统中断或其余故障，在接到采购方通知后的24小时内负责处理缺陷并更换有损坏的部件，且不收取任何额外费用，由此造成的采购方损失由应答方承担。质保服务内容包括但不限于：10) 故障部件或货物的免费更换或维修，并提供质量分析报告；11) 货物的现场维护；12) 电话技术支持等。质保期内货物发生故障并由应答方处理完毕后，新质保期需按照原定质保时长自货物再次投运之日起重新计算。在质保期内，应答方应提供7×24小时响应的技术服务，在需要现场服务时，应答方应在24小时内赶赴现场，偏远地区36小时内赶赴现场；在质量保证期后，由于应答方货物质量问题而造成的系统停运或中断，应答方应在接到采购方通知后的48小时内负责协助处理缺陷并更换有损坏的部件。对易损部件优先、优惠供应，并提供终身服务。针对本套燃料电池测试台，供方明确界定易损部件清单，承诺该类配件实行优先排产、优先发货保障；设备全生命周期内提供终身技术支持与维修服务，具体执行条件如下：易损件范围：密封件、热电偶、管路接头、流量传感器等常规易耗部件。价格优惠：质保期内易损件免费更换；质保期满后，易损配件长期按出厂成本价 / 协议优惠价供应，价格体系保持稳定。供货时效：接到易损件采购需求后，常规配件24 小时内安排发货，急单启动应急供货通道。终身服务条件：设备在正常工况、按操作规程使用前提下，供方永久提供故障排查、远程指导、技术答疑、软件运维服务；终身维修仅收取配件成本费及标准上门工时费，不额外加收技术服务费。如质量流量计控制器等硬件损坏只收取硬件成本费，且保修期需大于12个月，配套的软件可终身免费使用并进行升级。质保期内，供应商可免费提供至少3次设备使用的培训，培训人数不限，每次培训时长不少于4小时。提供设备校准培训，提供自动校准流程，提供≥2年无偿校准服务，出厂提供CNAS校准报告。 更正日期：2026年08月28日 三、其他补充事宜 发布公告的媒介：中国政府采购网。 四、凡对本次公告内容提出询问，请按以下方式联系。 1.采购人信息 名 称：zycgr22011902 地址：/ 联系方式：李老师 010-57305134 2.采购代理机构信息 名 称：天恒招标有限公司 地 址：北京市东城区东四十条甲22号南新仓商务大厦B座922 联系方式：刘艳素、王文静、陈洁、徐梓瑶、刘戈 010-53347227、17710393237 3.项目联系方式 项目联系人：刘艳素、王文静、陈洁、徐梓瑶、刘戈 电 话： 010-53347227、17710393237",能源电力,,中国政府采购网,,210.0,content,,采购文件,,,,,,,,,
中国石油大学（北京）校园地下综合管廊工程项目全过程跟踪审计项目更正公告,变更公告,20250647767006,2026年08月28日 20:50,昌平区,中国石油大学（北京）,北京市昌平区府学路18号,张老师                       010-89737559,北京市京发招标有限公司,北京市东城区崇文门外大街90号,薛越、张晨    010-67103685,薛越,010-67103685,变更公告2.docx,"[{""attach_name"": ""变更公告2.docx"", ""attach_url"": ""https://download.ccgp.gov.cn/oss/download?uuid=7D749F61B65C5C935E0C9BE6B082C3""}]",https://www.ccgp.gov.cn/cggg/zygg/gzgg/202608/t20260828_27229225.htm,2026-09-10 09:50:00,一、项目基本情况 原公告的采购项目编号：20250647767006 原公告的采购项目名称：中国石油大学（北京）校园地下综合管廊工程项目全过程跟踪审计招标公告 首次公告日期：2026年08月11日 二、更正信息 更正事项：采购文件 更正内容： 中国石油大学（北京）校园地下综合管廊工程（项目编号：20250647767009）招标文件做出如下变更1、原文件：开标一览表 项目编号：_____________________     项目名称：__________价格单位：人民币元 包号 投标人名称 投标报价 大写 小写                  注：1.此表中，每包的投标报价应和《投标分项报价表》中的总价相一致。2.本表必须按包分别填写。                        投标人名称（加盖公章）：____________日期：_____年______月______日  注:1.投标总价应包含完成项目所需的全部费用（包括进口产品），包含但不限于：设备费、人员费、安装费、集成费、测试费、运输费、管理费、培训费、相关的服务费及税费等一切费用。中国石油大学（北京）不再支付本项目投标报价外的任何费用。2.此表应按投标人须知的规定密封标记并单独递交一份原件。3.如单独递交的此表与投标文件正本中不一致的，以单独递交的为准。4.此表中，每包的投标总价应和“4 投标分项报价表”中的总价相一致。5.此表格经投标人授权代表签字并加盖投标人公章方有效 变更为：开标一览表项目编号：_____________________     项目名称：____________报价单位：人民币元 序号 服务项目 实际收费基数 投标报价折扣率 （%） 合同履行期限 其他声明 1 工程量清单审核费用 可研阶段的建安工程造价       2 控制价审核费用 招标文件控制价 3 全过程审计基本费 施工合同价中的建安工程造价 4 全过程审计效益费 结算审计审减额  注： 1）供应商应按上表统一报价，不得拆分，且不得超过招标最高限价（即预算金额）。2）内部控制审计工作不单独收取审计费，包含在投标报价中，不再另计费用。3）要求钢筋精细算量的，相关费用已包含在响应报价中，不再另计费用。4）报价折扣即：委托项目的服务费应为在京标价协（2022）71 号文规定的取费标准基础上让利后的百分比。例如折扣率为85% ，即取费按标准计算后打85折。除此载明的收费内容外，审计人不得以任何理由向委托人主张其他任何费用和成本开支。                       投标人名称：____________（加盖公章）日期：_____年______月______日 2、“投标分项报价表（服务类项目）”取消 更正日期：2026年08月28日 三、其他补充事宜 无 四、凡对本次公告内容提出询问，请按以下方式联系。 1.采购人信息 名 称：中国石油大学（北京） 地址：北京市昌平区府学路18号 联系方式：张老师 010-89737559 2.采购代理机构信息 名 称：北京市京发招标有限公司 地 址：北京市东城区崇文门外大街90号 联系方式：薛越、张晨 010-67103685 3.项目联系方式 项目联系人：薛越 电 话： 010-67103685,教育培训,,中国政府采购网,,,default,,采购文件,,,,,,,,,
清华大学科学博物馆展陈设计服务项目更正公告,变更公告,OITC-G260571699/,2026年08月28日 19:54,北京市,清华大学,北京市海淀区清华园,董老师 010-62790272,东方国际招标有限责任公司,北京市海淀区丹棱街1号互联网金融中心20层,窦志超、曹山、乔潘010-68290504、010-68290502、010-68290529,窦志超、曹山、乔潘,010-68290504、010-68290502、010-68290529,更正内容(最终版）.pdf,"[{""attach_name"": ""更正内容(最终版）.pdf"", ""attach_url"": ""https://download.ccgp.gov.cn/oss/download?uuid=AB957BCBED50478649BACC15D11ECF""}]",https://www.ccgp.gov.cn/cggg/zygg/gzgg/202608/t20260828_27228998.htm,2026-09-10 09:50:01,一、项目基本情况 原公告的采购项目编号：OITC-G260571699/清采招第20260360号 原公告的采购项目名称：清华大学科学博物馆展陈设计服务项目 首次公告日期：2026年08月25日 二、更正信息 更正事项：采购文件 更正内容： 招标文件附件《清华大学科学博物馆-B2主展厅》内容更正，详见本公告附件。 更正日期：2026年08月28日 三、其他补充事宜 招标文件附件《主展厅展品清单》仅供参考，仅提供布展思路，具体布置可中标后与策展人详细沟通。 四、凡对本次公告内容提出询问，请按以下方式联系。 1.采购人信息 名 称：清华大学 地址：北京市海淀区清华园 联系方式：董老师 010-62790272 2.采购代理机构信息 名 称：东方国际招标有限责任公司 地 址：北京市海淀区丹棱街1号互联网金融中心20层 联系方式：窦志超、曹山、乔潘010-68290504、010-68290502、010-68290529 3.项目联系方式 项目联系人：窦志超、曹山、乔潘 电 话： 010-68290504、010-68290502、010-68290529,教育培训,,中国政府采购网,,,default,,采购文件,,,,,,,,,
国家体育总局训练局体能训练及物理治疗设备公开招标采购结果更正公告,变更公告,ZBWJ26-04,2026年08月28日 19:47,北京市,国家体育总局训练局,北京市东城区体育馆路甲2号,87183248,国家体育总局体育器材装备中心,北京市东城区体育馆路3号,67171186,,,,,https://www.ccgp.gov.cn/cggg/zygg/gzgg/202608/t20260828_27228993.htm,2026-09-10 09:50:01,"th,td {border:1px solid #DDD;padding: 5px 10px;}.template-center-hide-state{display:none !important;}一、项目基本情况                原公告的采购项目编号：ZBWJ26-04                    原公告的采购项目名称：国家体育总局训练局体能康复设备公开招标采购结果公告                    首次公告日期：2026年08月28日                    二、更正信息                更正事项：/                    更正内容：                             序号更正项更正前内容更正后内容1项目名称国家体育总局训练局体能康复设备公开招标采购结果公告国家体育总局训练局体能训练及物理治疗设备公开招标采购结果公告                   更正日期：2026年08月28日                    三、其他补充事宜                /                四、对本次公告提出询问，请按以下方式联系。             1.采购人信息                        名    称：国家体育总局训练局                        地    址：北京市东城区体育馆路甲2号                        联系方式：侯老师   87183248                                                2.采购代理机构信息 名    称：国家体育总局体育器材装备中心                        地    址：北京市东城区体育馆路3号                        联系方式：吴老师   67171186 附件信息: 训练局体能训练及物理治疗设备采购项目招标文件 (2).docx (455.8 KB)",文化旅游,,中国政府采购网,,,default,,,,,,,,,,,
动态实时电堆部件CT表征系统采购项目更正公告,变更公告,HR-LZ2026082,2026年08月28日 19:40,北京市,zycgr22011902,/,李老师 010-57305134,天恒招标有限公司,北京市东城区东四十条甲22号南新仓商务大厦B座922,刘艳素、王文静、陈洁、徐梓瑶、刘戈 010-53347227、17710393237,刘艳素、王文静、陈洁、徐梓瑶,010-53347227、17710393237,动态实时电堆部件CT表征系统采购项目-更正公告.docx,"[{""attach_name"": ""动态实时电堆部件CT表征系统采购项目-更正公告.docx"", ""attach_url"": ""https://download.ccgp.gov.cn/oss/download?uuid=6F11C8318B8ED70A0D30A72AC5044B""}]",https://www.ccgp.gov.cn/cggg/zygg/gzgg/202608/t20260828_27228942.htm,2026-09-10 09:50:01,"一、项目基本情况 原公告的采购项目编号：HR-LZ2026082 原公告的采购项目名称：动态实时电堆部件CT表征系统采购项目 首次公告日期：2026年08月18日 二、更正信息 更正事项：采购文件 更正内容： 原招标文件：1）第一章《投标邀请》四、提交投标文件截止时间、开标时间和地点投标截止时间、开标时间：2026年9月10日09时30分（北京时间）。地点：天恒招标有限公司会议室（北京市东城区东四十条甲22号南新仓商务大厦B座922）。2）第四章《评标程序、评标方法和评标标准》二、评标标准 3 技术部分（63分） 技术指标响应 （48分） 投标人需对第五章采购需求中“5.1技术要求”逐条进行应答，根据各投标人响应情况进行评分。 1、标注*的实质性响应指标，每有一项实质性响应指标不满足，其投标无效； 2、未标注*的为一般技术指标，每有一项一般技术指标不满足，本项扣1.5分，直至扣完为止。正偏离不加分，全部满足得48分。 注：标注*的为实质性响应指标，每有一项实质性响应指标不满足，其投标无效。 3）第五章《采购需求》1.1. 模块要求 序号 项目 招标人要求值 投标人保证值   射线源 射线源电压范围 包含30~160kV及30~230kV范围，分段可调     ★射线管最大功率 ≥25w     ★射线最大穿透 ≥10mm钛     ★射线管类型 透射X光管     分辨率及成像 ★空间分辨率 ≤500nm     ★3D成像时间分辨率 ≤15s，15s内成像可实现最小体素≤10μm体     ★最高空间分辨率时视场尺寸 空间分辨率500nm时，扫描样品范围≥0.45 mm × 0.3 mm （直径×高度）     ★常规尺寸样品最高成像分辨率 对于直径50mm的片状样品，实现局部≤1.5μm体素分辨成像     ★大尺寸样品最高成像分辨率 对于直径300mm的片状样品，可实现局部≤9μm体素分辨成像     工作模式及光学系统 工作模式 吸收衬度模式、相位衬度模式和原位动态实时成像     聚光镜 椭圆体反射镜式聚光镜，带有光圈系统     X射线聚焦(物镜)系统 菲涅耳衍射波带片X射线聚焦(物镜)系统， 2套， 分别对应50nm和150nm分辨率模式     相衬度光学系统 环形泽尔尼克相移片     高精密样品台 ★最大样品尺寸 最大样品直径不小于300mm，最大样品高度不小于400mm     ★样品台承重 ≥25kg     马达台运行范围 X轴≥12mm，Y轴≥10mm，Z轴≥12mm；运行精度XYZ 20nm，定位精度XYZ 100nm；     样品台旋转角度 可以实现正反360°旋转，原位实验时可以连续旋转超过100周。旋转轴≥R ±140º，运行精度0.004º，定位精度0.01º     样品台与光源距离(SOD) 0-550mm连续可调     样品台与探测器距离(ODD) 0-850mm连续可调     工作距离 覆盖7mm     ★轴向位移速度 连续可调，范围覆盖0.1mm/min ~1.0mm/min     原位扩展接口 配备辐射迷宫接口，可以接入光纤、水路、气路和电路等管线； 以上接口类型需与客户确认     原位台外接口 配备通讯控制内、外接口，及专用电缆管理工具，解决原位台适配问题，所提供接口必须至少包括：RJ45、DB串行接口； 样品旋转台配置DB15串行接口，并且DB 15串行接口配备无线滑环，可以跟随旋转台实现没有线路缠绕风险的连续旋转，提供线路的具体连接及使用方法； 以上接口类型需与客户确认     原位加载装置 ★原位力学加载装置 提供高达5kN的拉伸力和压力，具有力及位移显示及保持功能；最大满量程误差小于1%；位移速度范围：覆盖0.1μm/min ~10mm/min；最大行程≥10mm；拉伸量≥10-20mm，配置样品夹持装置，可夹持0.05-1mm厚度样品，使用压缩夹具可以达到15-5mm 压缩量； 提供供电、信号和气路连接装置，可以实现连续旋转且没有线路缠绕风险； 可拆装， 原位加载装置上样品尺寸：直径≥10mm、高度≥30mm     ★高精度原位力学装置 提供高达200N的高精度拉伸力和压力，具有力及位移显示及保持功能；最大满量程误差小于1%；位移速度范围覆盖0.1μm /min ~1.0mm/min；配置样品夹持装置，可夹持0.05-1mm厚度样品； 提供供电、信号和气路连接装置，可以实现连续旋转且没有线路缠绕风险； 可拆装， 原位加载装置上样品尺寸：直径≥10mm、高度≥30mm     ★温湿度原位装置 具备以下环境，且均可独立与原位力学装置耦合。 1，温度环境： 高温温度范围：室温～200℃； 低温温度范围：-150℃到室温 温度精度：+/-1℃以内，温度连续可调； 温度显示分辨率0.2℃；温度稳定性+/-0.2℃； 最大制冷/加热速度：20℃/min； 2，湿度环境： 湿度范围：20%-95%，湿度范围连续可调，可以耦合室温到100℃ 高温环境； 3，气氛环境： 气体氛围：可以接通氧气和氮气进行氛围环境原位； 配备CT样品台承接平台，便于原位装置及功能附件，规避走线与缠绕拉拽；原位加载装置上样品尺寸：直径≥10mm、高度≥30mm     ★超高温原位装置 可以和原位力学装置耦合； 1000℃高温装置：最高温度1000℃；装置结构方便试样装卸，配备耐高温水冷承载筒子，保证射线穿过的同时，外部温度不超过40℃。 温度控制精度：±1℃ 配备各类滑环，实现加载装置随转台360°无限旋转，进行原位4D拍摄     原位腐蚀装置 可以和原位力学装置耦合； 可以集成带“-40至90”℃下的，耐酸耐碱溶液环境装置，酸性环境≤PH4，碱性液体环境≥PH12；原位加载装置上样品尺寸：直径≥10mm、高度≥30mm     ★原位电化学装置 包含1套原位电解池夹具及电解水控制单元： 1、原位电解池夹具： 有效面积≤2cm × 2cm，可以实现加液、加电上转台旋转，可排氢气，可被X光穿透。夹具平整度要求：平均表面粗糙度方差≤10微米。设备本体预留相应管路接口 配备电学、液体和气体滑环，可以实现连续旋转且没有线路缠绕风险； 2、电解水控制单元： 加热范围：室温-90℃； 温控精度：稳态±0.5℃，动态±1℃； 测温范围：0-100℃； 流量范围：0.01-200mL/min（泵空载），阳极侧背压≥3.5MPa； 氢气侧背压≥3.5MPa； 配备纯化柱具备净水功能； 自动补水功能；     原位加载分辨率 样品+原位样品台条件下，旋转直径50mm时，最高不低于1.5μm体素分辨率     探测器   探测器数量及种类 数量≥3；包含高分辨成像、高速成像、超高速动态成像探测器     ★高分辨成像探测器 像素数量≥2048 × 2048像素     高分辨成像探测器 探测器像素间距≤13.5μm     高分辨成像探测器 满足以上两项时，成像速度≥1帧/秒     ★高速成像探测器 像素数量≥3020 × 1890     高速成像探测器 探测器像素间距≤75μm     高速成像探测器 满足以上两项时，成像速度≥86帧/秒     超高速动态成像探测器 成像速度≥100帧/秒     宽场拼接模式 具备扩展视场扫描功能，支持在样品宽度超过探测器单次视场时，通过探测器水平位移实现多区域扫描与图像融合，可自动拍摄左、右偏移图像并进行无缝拼接，具备自动图像拼接算法，支持重叠区域融合     ★快速扫描模式 此模式下样品快速扫描成像在30秒内完成，需满足≥180°下拍摄至少400张图像     软件系统 ★数据采集和控制软件系统 能实现设备全系统控制和数字射线图像采集功能，设备通信接口至少包含以太网或者USB     ★采集软件 1、可实现通过低分辨率或快速扫描的三维图像，设定任意感兴趣区域，软件对感兴趣区域扫描得到更高分辨率成像；可自动查找同一位置； 2、系统具有用户可编程功能，以在无人值守的情况下采集样品的多组断层扫描数据。最多可实现≥10个感兴趣区的连续自动扫描； 3、配备自动防撞机制，对源、探测器位置进行限位，以保证硬件和样品安全     成像模式及对应体素与视场 （1）大视场模式：64nm体素；65微米视场，体素分辨率≤150nm； （2）高分辨模式：16nm体素；16微米视场，体素分辨率≤50nm     三维重构软件 能实现三维CT数据重构和优化处理三维数据功能，包括射线硬化、伪影处理、滤波增效等功能，可提供三维重构、缺陷分析、形变前后受力分析、渗透率计算、孔径分析功能     ★AI重构功能 需配备制造商原厂基于AI人工智能深度学习的高级三维重构模块，具备一键式AI模型训练，训练的模型可重复使用（需提供深度学习前后重构对比图片，证明提升图像质量和成像效率）。软件模块提供终生许可证，没有使用时间限制     专业三维分析软件 高级三维重构后视图展示、高级数据处理与分析，包括定量化统计分析、高级滤镜、图像分割等     CT分析软件 提供全套可视化CT数据分析和处理软件，可实现三维CT数据的检查、分析和测量以及图像处理等基本功能     原位动态数据采集软件 配备主机原厂开发的原位动态 CT数据采集软件功能模块，可实现样品在原位下CT下50组以上数据无人值守不间断连续采集；以及采集过程中的实时重建和预览软件，从而监控原位过程中的变化（提供真实有效的制造商软件操作演示视频，视频内容包括功能介绍、所使用软件、品牌、型号，以及批量50组以上CT数据原位动态采集的流程，未提供的视为该项负偏离）     动态数据处理软件 配备主机原厂开发的原位动态 CT数据处理软件功能，提供完整的原位动态CT实验的可用实施方案和数据结果（投标文件中需提供50组以上包含原位动态 CT实验数据的批量重建、可视化分析的完整步骤，视频内容包括功能介绍、所使用软件、品牌、型号，以及批量50组以上CT数据原位动态处理的全流程，未提供的视为该项负偏离）       4D数据处理软件 可以提供原位4D数据重建、可视化和数据分析软件功能,并提供详细的功能介绍     采集硬件 ★采集工控工作站 系统控制和图像采集处理系统1套，硬盘需为工业级，性能不低于以下： CPU：Xeon  4316； GPU：Quadro P2200； RAM：64GB； SSD：1TB； HDD：12TB； Windows10 enterprise； 额外配备4个硬盘卡槽扩展接口； 32英寸显示器； 可扩容100TB以上硬盘空间；     重建和分析硬件 ★重建和分析图形工作站 配置数据分析系统1套，硬盘需为工业级，性能不低于以下： CPU：Xeon 4316， GPU：RTX A5000， RAM：512GB， SSD：1TB， HDD：12TB， Windows10 enterprise， 额外配备4个硬盘卡槽扩展接口，据可扩容100TB以上硬盘空间； 32英寸显示器； 重建及处理终端与采集及处理终端通过快速万兆网络交换机连接，重建工作站可用于处理采集工作站的数     安全运行 UPS（不间断稳压电源） 配备UPS（不间断稳压电源）与市电连接，为系统供电，容量不低于3kVA     辐射屏蔽 自屏蔽式设计，X射线泄露≤1μSv/hr（距离设备外壳10cm以上处），符合辐射安全许可要求     样品室监视功能 样品室内配备可见光相机，可实时监控舱室内样品情况，同时配备防辐射透明观察玻璃窗，可以避免X射线辐射泄漏，能同时实时观察设备内部运转情况。投标文件中需要提供设备的全景视频     预警灯及急停功能 配备≥2个X射线工作的预警灯，紧急按钮≥3个   注：1、本文件中，“★”项表示必须满足的实质性条款，偏离将导致投标无效；2、应答时，应答方不能简单的写“满足”或“符合”，应列出投标产品的具体技术参数。更正为：1）第一章《投标邀请》四、提交投标文件截止时间、开标时间和地点投标截止时间、开标时间：2026年9月17日09时30分（北京时间）。地点：天恒招标有限公司会议室（北京市东城区东四十条甲22号南新仓商务大厦B座922）。2）第四章《评标程序、评标方法和评标标准》二、评标标准 3 技术部分（63分） 技术指标响应 （48分） 投标人需对第五章采购需求中“5.技术要求”逐条进行应答，根据各投标人响应情况进行评分。全部满足招标文件要求的得48分，标注“#”的重要条款（共7项），每有一项负偏离扣5分，未标注“#”的一般性条款（共20项），每有一项负偏离扣0.65分，本项最低得0分。正偏离不加分。 注：标注★的为实质性响应指标，每有一项实质性响应指标不满足，其投标无效。 3）第五章《采购需求》1.2. 模块要求 序号 项目 招标人要求值 投标人保证值   射线源 ★射线源电压范围 包含30~160kV及30~230kV范围，分段可调     ★射线管最大功率 ≥25w     ★射线最大穿透 ≥10mm钛     ★射线管类型 透射X光管     分辨率及成像 ★空间分辨率 ≤500nm     ★3D成像时间分辨率 ≤15s，15s内成像可实现最小体素≤10μm体     ★最高空间分辨率时视场尺寸 空间分辨率500nm时，扫描样品范围≥0.45 mm × 0.3 mm （直径×高度）     ★常规尺寸样品最高成像分辨率 对于直径50mm的片状样品，实现局部≤1.5μm体素分辨成像     ★大尺寸样品最高成像分辨率 对于直径300mm的片状样品，可实现局部≤9μm体素分辨成像     工作模式及光学系统 ★工作模式 吸收衬度模式、相位衬度模式和原位动态实时成像     ★聚光镜 椭圆体反射镜式聚光镜，带有光圈系统     ★X射线聚焦(物镜)系统 菲涅耳衍射波带片X射线聚焦(物镜)系统， 2套， 分别对应50nm和150nm分辨率模式     ★相衬度光学系统 环形泽尔尼克相移片     高精密样品台 ★最大样品尺寸 最大样品直径不小于300mm，最大样品高度不小于400mm     ★样品台承重 ≥25kg     ★马达台运行范围 X轴≥12mm，Y轴≥10mm，Z轴≥12mm；运行精度XYZ≤20nm，定位精度XYZ≤100nm；     ★样品台旋转角度 可以实现正反360°旋转，原位实验时可以连续旋转超过100周。旋转轴≥R ±140º，运行精度0.004º，定位精度0.01º     样品台与光源距离(SOD) 0-550mm连续可调     样品台与探测器距离(ODD) 0-850mm连续可调     ★工作距离 覆盖7mm     ★轴向位移速度 连续可调，范围覆盖0.1mm/min ~1.0mm/min     原位扩展接口 配备辐射迷宫接口，可以接入光纤、水路、气路和电路等管线； 以上接口类型需与客户确认     #原位台外接口 配备通讯控制内、外接口，及专用电缆管理工具，解决原位台适配问题，所提供接口必须至少包括：RJ45、DB串行接口； 样品旋转台配置DB15串行接口，并且DB 15串行接口配备无线滑环，可以跟随旋转台实现没有线路缠绕风险的连续旋转，提供线路的具体连接及使用方法； 以上接口类型需与客户确认     原位加载装置 原位力学加载装置 提供高达5kN的拉伸力和压力，具有力及位移显示及保持功能；最大满量程误差小于1%；位移速度范围：覆盖0.1μm/min ~10mm/min；最大行程≥10mm；拉伸量≥10-20mm，配置样品夹持装置，可夹持0.05-1mm厚度样品，使用压缩夹具可以达到15-5mm 压缩量； 提供供电、信号和气路连接装置，可以实现连续旋转且没有线路缠绕风险； 可拆装， 原位加载装置上样品尺寸：直径≥10mm、高度≥30mm     高精度原位力学装置 提供高达200N的高精度拉伸力和压力，具有力及位移显示及保持功能；最大满量程误差小于1%；位移速度范围覆盖0.1μm /min ~1.0mm/min；配置样品夹持装置，可夹持0.05-1mm厚度样品； 提供供电、信号和气路连接装置，可以实现连续旋转且没有线路缠绕风险； 可拆装， 原位加载装置上样品尺寸：直径≥10mm、高度≥30mm     温湿度原位装置 具备以下环境，且均可独立与原位力学装置耦合。 1，温度环境： 高温温度范围：室温～200℃； 低温温度范围：-150℃到室温 温度精度：+/-1℃以内，温度连续可调； 温度显示分辨率0.2℃；温度稳定性+/-0.2℃； 最大制冷/加热速度：≥20℃/min； 2，湿度环境： 湿度范围：20%-95%，湿度范围连续可调，可以耦合室温到100℃ 高温环境； 3，气氛环境： 气体氛围：可以接通氧气和氮气进行氛围环境原位； 配备CT样品台承接平台，便于原位装置及功能附件，规避走线与缠绕拉拽；原位加载装置上样品尺寸：直径≥10mm、高度≥30mm     超高温原位装置 可以和原位力学装置耦合； 1000℃高温装置：最高温度1000℃；装置结构方便试样装卸，配备耐高温水冷承载筒子，保证射线穿过的同时，外部温度不超过40℃。 温度控制精度：±1℃ 配备各类滑环，实现加载装置随转台360°无限旋转，进行原位4D拍摄     原位腐蚀装置 可以和原位力学装置耦合； 可以集成带“-40至90”℃下的，耐酸耐碱溶液环境装置，酸性环境≤PH4，碱性液体环境≥PH12；原位加载装置上样品尺寸：直径≥10mm、高度≥30mm     ★原位电化学装置 包含1套原位电解池夹具及电解水控制单元： 1、原位电解池夹具： 有效面积≤2cm × 2cm，可以实现加液、加电上转台旋转，可排氢气，可被X光穿透。夹具平整度要求：平均表面粗糙度方差≤10微米。设备本体预留相应管路接口 配备电学、液体和气体滑环，可以实现连续旋转且没有线路缠绕风险； 2、电解水控制单元： 加热范围：室温-90℃； 温控精度：稳态±0.5℃，动态±1℃； 测温范围：0-100℃； 流量范围：0.01-200mL/min（泵空载），阳极侧背压≥3.5MPa； 氢气侧背压≥3.5MPa； 配备纯化柱具备净水功能； 自动补水功能；     原位加载分辨率 样品+原位样品台条件下，旋转直径50mm时，最高不低于1.5μm体素分辨率     探测器   探测器数量及种类 数量≥3；包含高分辨成像、高速成像、超高速动态成像探测器     ★高分辨成像探测器 像素数量≥2048 × 2048像素     #高分辨成像探测器 探测器像素间距≤5μm     #高分辨成像探测器 满足以上两项时，成像速度≥70帧/秒     ★高速成像探测器 像素数量≥3020 × 1890     高速成像探测器 探测器像素间距≤75μm     高速成像探测器 满足以上两项时，成像速度≥86帧/秒     #超高速动态成像探测器 成像速度≥100帧/秒     宽场拼接模式 具备扩展视场扫描功能，支持在样品宽度超过探测器单次视场时，通过探测器水平位移实现多区域扫描与图像融合，可自动拍摄左、右偏移图像并进行无缝拼接，具备自动图像拼接算法，支持重叠区域融合     ★快速扫描模式 此模式下样品快速扫描成像在30秒内完成，需满足≥180°下拍摄至少400张图像     软件系统 ★数据采集和控制软件系统 能实现设备全系统控制和数字射线图像采集功能，设备通信接口至少包含以太网或者USB     ★采集软件 1、可实现通过低分辨率或快速扫描的三维图像，设定任意感兴趣区域，软件对感兴趣区域扫描得到更高分辨率成像；可自动查找同一位置； 2、系统具有用户可编程功能，以在无人值守的情况下采集样品的多组断层扫描数据。最多可实现≥10个感兴趣区的连续自动扫描； 3、配备自动防撞机制，对源、探测器位置进行限位，以保证硬件和样品安全     ★成像模式及对应体素与视场 （1）大视场模式：64nm体素；65微米视场，体素分辨率≤150nm； （2）高分辨模式：16nm体素；16微米视场，体素分辨率≤50nm     三维重构软件 能实现三维CT数据重构和优化处理三维数据功能，包括射线硬化、伪影处理、滤波增效等功能，可提供三维重构、缺陷分析、形变前后受力分析、渗透率计算、孔径分析功能     ★AI重构功能 需配备制造商原厂基于AI人工智能深度学习的高级三维重构模块，具备一键式AI模型训练，训练的模型可重复使用（需提供深度学习前后重构对比图片，证明提升图像质量和成像效率）。软件模块提供终生许可证，没有使用时间限制     ★专业三维分析软件 高级三维重构后视图展示、高级数据处理与分析，包括定量化统计分析、高级滤镜、图像分割等     CT分析软件 提供全套可视化CT数据分析和处理软件，可实现三维CT数据的检查、分析和测量以及图像处理等基本功能     #原位动态数据采集软件 配备主机原厂开发的原位动态 CT数据采集软件功能模块，可实现样品在原位下CT下50组以上数据无人值守不间断连续采集；以及采集过程中的实时重建和预览软件，从而监控原位过程中的变化（提供真实有效的制造商软件操作演示视频，视频内容包括功能介绍、所使用软件、品牌、型号，以及批量50组以上CT数据原位动态采集的流程，未提供的视为该项负偏离）     #动态数据处理软件 配备主机原厂开发的原位动态 CT数据处理软件功能，提供完整的原位动态CT实验的可用实施方案和数据结果（投标文件中需提供50组以上包含原位动态 CT实验数据的批量重建、可视化分析的完整步骤，视频内容包括功能介绍、所使用软件、品牌、型号，以及批量50组以上CT数据原位动态处理的全流程，未提供的视为该项负偏离）       4D数据处理软件 可以提供原位4D数据重建、可视化和数据分析软件功能,并提供详细的功能介绍     采集硬件 ★采集工控工作站 系统控制和图像采集处理系统1套，硬盘需为工业级，性能不低于以下： 处理器：20核40线程； 专业图形处理器显存：5 GB； RAM：64GB； SSD：1TB； HDD：12TB； Windows10 enterprise； 额外配备4个硬盘卡槽扩展接口； 32英寸显示器； 可扩容100TB以上硬盘空间；     重建和分析硬件 ★重建和分析图形工作站 配置数据分析系统1套，硬盘需为工业级，性能不低于以下： 处理器：20核40线程， 专业高性能计算显卡显存：96 GB， RAM：1TB， SSD：1TB， HDD：12TB， Windows10 enterprise， 额外配备4个硬盘卡槽扩展接口，据可扩容100TB以上硬盘空间； 32英寸显示器； 重建及处理终端与采集及处理终端通过快速万兆网络交换机连接，重建工作站可用于处理采集工作站的数     安全运行 UPS（不间断稳压电源） 配备UPS（不间断稳压电源）与市电连接，为系统供电，容量不低于3kVA     # 能谱断层扫描技术及滤片 预留能谱断层扫描软件和硬件接口，支持未来升级能谱CT断层扫描技术。 设备需配置滤片支架，至少提供 12个或以上 不同材质及厚度的标准滤过片，需涵盖铜（Cu）、锡（Sn）、铝（Al）等不同原子序数的金属材质，以满足不同检测/成像场景下射线能量谱的优化需求。系统需具备良好的开放性与扩展能力，支持用户在后期根据应用需求，自行定制或更换不同材质及厚度的滤片     辐射屏蔽 自屏蔽式设计，X射线泄露≤1μSv/hr（距离设备外壳10cm以上处），符合辐射安全许可要求     样品室监视功能 样品室内配备可见光相机，可实时监控舱室内样品情况，同时配备防辐射透明观察玻璃窗，可以避免X射线辐射泄漏，能同时实时观察设备内部运转情况。投标文件中需要提供设备的全景视频     预警灯及急停功能 配备≥2个X射线工作的预警灯，紧急按钮≥3个     更正日期：2026年08月28日 三、其他补充事宜 发布公告的媒介：中国政府采购网。 四、凡对本次公告内容提出询问，请按以下方式联系。 1.采购人信息 名 称：zycgr22011902 地址：/ 联系方式：李老师 010-57305134 2.采购代理机构信息 名 称：天恒招标有限公司 地 址：北京市东城区东四十条甲22号南新仓商务大厦B座922 联系方式：刘艳素、王文静、陈洁、徐梓瑶、刘戈 010-53347227、17710393237 3.项目联系方式 项目联系人：刘艳素、王文静、陈洁、徐梓瑶、刘戈 电 话： 010-53347227、17710393237",其他,,中国政府采购网,,,default,,采购文件,,,,,,,,,
5000cm2片材狭缝涂布采购项目更正公告,变更公告,HR-LZ2026079,2026年08月28日 19:14,北京市,zycgr22011902,/,李老师 010-57305134,天恒招标有限公司,董哲、曹珊、陈洁、徐梓瑶、刘戈   010-53393825、17710393539,董哲、曹珊、陈洁、徐梓瑶、刘戈   010-53393825、17710393539,董哲、曹珊、陈洁、徐梓瑶、刘戈,010-53393825、17710393539,5000cm2片材狭缝涂布-更正公告.docx,"[{""attach_name"": ""5000cm2片材狭缝涂布-更正公告.docx"", ""attach_url"": ""https://download.ccgp.gov.cn/oss/download?uuid=DB84E59436028210BE10658FDCCC06""}]",https://www.ccgp.gov.cn/cggg/zygg/gzgg/202608/t20260828_27228757.htm,2026-09-10 09:50:02,一、项目基本情况 原公告的采购项目编号：HR-LZ2026079 原公告的采购项目名称：5000cm2片材狭缝涂布采购项目 首次公告日期：2026年08月18日 二、更正信息 更正事项：采购文件 更正内容： 原招标文件：1）第一章《投标邀请》四、提交投标文件截止时间、开标时间和地点投标截止时间、开标时间：2026年9月10日09时30分（北京时间）。地点：天恒招标有限公司会议室（北京市东城区东四十条甲22号南新仓商务大厦B座922）。2）第四章《评标程序、评标方法和评标标准》二、评标标准 技术部分 （63分 技术指标响应 （48分） 投标人需对第五章采购需求中“5.技术要求”逐条进行应答，根据各投标人响应情况进行评分。全部满足招标文件要求的得48分，未标注“*”的一般性条款（共21项），每有一项负偏离扣2.3分，本项最低得0分。正偏离不加分。 注：标注*的为实质性响应指标，每有一项实质性响应指标不满足，其投标无效。   3）第五章《采购需求》5.技术要求5000 cm2片材狭缝涂布用于大尺寸片状PEM电解水膜电极催化层的涂布工艺验证及涂层样片制备，研究大宽幅膜电极（800 mm）的催化层涂布工艺，同时可用于兆瓦级PEM制氢电解槽所需的膜电极小批量制备。5.1总体要求 序号 项目 采购方要求值 应答方保证值 1 涂布宽度精度 ≤±1 mm   2 拖尾尺寸 ≤5 mm   3 供料量波动参数 ±0.5%   4 真空吸附板平整度 ≤10 um@最高温度   5 涂层面密度偏差 ±5%    5.2供料模块要求  序号 项目 采购方要求值 应答方保证值 1 *模头唇口直线度 ≤2 μm/m（涂布范围内）   2 模头材质 SUS316L   3 模头狭缝幅面平面度 ≤2 μm/m   4 流道表面抛光精度 ≤Ra 0.2   5 浆料适应范围 ≥15~500 mPa·s@50s-1    5.3涂布模块要求 序号 项目 采购方要求值 应答方保证值 1 *防沉降功能 供料管路及模头应具备浆料防沉降功能，搅拌速度：0-120 rd/min   2 真空功能 真空搅拌负压：0~-80 kPa   3 螺杆泵精度 ≤±1%   4 螺杆泵压力 ≥500 kPa   5 *供料量波动参数 ≤±0.5%    5.4吸附平台要求 序号 项目 采购方要求值 应答方保证值 1 *模头与涂覆吸附台平行度 ≤5 μm   2 真空吸附台平整度 ≤5 μm@最高温度   3 真空吸附台加热方式及温度 电加热方式，最高加热温度≥90 ℃   4 加热温度精度 ≤±3 ℃   5 吸附台真空度 0~-70kPa    5.5涂布参数要求 序号 项目 采购方要求值 应答方保证值 1 *涂布宽度 300mm-800 mm   2 *涂布长度 ≥1000 mm   3 涂布湿厚 可涂范围：20-200 μm   4 涂布尺寸精度 ≤±1 mm（长、宽尺寸）   5 涂布速度范围 0.5~3 m/min   6 *拖尾尺寸 ≤5 mm   7 *涂层面密度偏差 ≤±5%（取φ30 mm样片称重）    5.6设备基建与机台规格要求 序号 项目 采购方要求值 应答方保证值 1 平台材质 大理石基台：常温，000级，平面度≤5μm@涂布区域； 吸附台材质：粉末烧结透气钢   2 *设备最大尺寸 长*宽*高：≤2350mm*1800mm*2350 mm   3 *设备单体重量及承重 设备重量≤3 t； 承重：≤1 t/m2   4 设备颜色 RAL7035 灰色    注：应答时，应答方不能简单的写“满足”或“符合”，应列出投标产品的具体技术参数，标注“*”技术指标为实质性指标，不满足作投标无效处理。6.安全要求应答方应严格落实国家安全生产相关规定，所供设备在设计选型、应答方应严格落实国家安全、电气安全以及运行安全要求。设备应具备可靠接地、调试、操作使用中应满足仪器安全操作规程、维护故障提示等功能。应答方应提供安全过载保护、漏电保护、异常报警、开展安全操作和及相关安全合规文件，并对采购方人员手册、风险提示、应急处理方法入应急处置培训。更正为：1）第一章《投标邀请》四、提交投标文件截止时间、开标时间和地点投标截止时间、开标时间：2026年9月17日09时30分（北京时间）。地点：天恒招标有限公司会议室（北京市东城区东四十条甲22号南新仓商务大厦B座922）。2）第四章《评标程序、评标方法和评标标准》二、评标标准 技术部分 （63分 技术指标响应 （48分） 投标人需对第五章采购需求中“5.技术要求”逐条进行应答，根据各投标人响应情况进行评分。全部满足招标文件要求的得48分，未标注“*”的一般性条款（共15项），每有一项负偏离扣3.2分，本项最低得0分。正偏离不加分。 注：标注*的为实质性响应指标，每有一项实质性响应指标不满足，其投标无效。  3）第五章《采购需求》5.技术要求5000 cm2片材狭缝涂布用于大尺寸片状PEM电解水膜电极催化层的涂布工艺验证及涂层样片制备，研究大宽幅膜电极（800 mm）的催化层涂布工艺，同时可用于兆瓦级PEM制氢电解槽所需的膜电极小批量制备。5.1供料模块要求  序号 项目 采购方要求值 应答方保证值 1 *模头唇口直线度 ≤2 μm/m（涂布范围内）   2 模头材质 SUS316L   3 模头狭缝幅面平面度 ≤2 μm/m   4 流道表面抛光精度 ≤Ra 0.2   5 浆料适应范围 ≥15~500 mPa·s@50s-1    5.2涂布模块要求 序号 项目 采购方要求值 应答方保证值 1 *防沉降功能 供料管路及模头应具备浆料防沉降功能，搅拌速度：0-120 rd/min   2 真空功能 真空搅拌负压：0~-80 kPa   3 螺杆泵精度 ≤±1%   4 螺杆泵压力 ≥500 kPa   5 *供料量波动参数 ≤±0.5%    5.3吸附平台要求 序号 项目 采购方要求值 应答方保证值 1 *模头与涂覆吸附台平行度 ≤5 μm   2 *真空吸附台平整度 ≤5 μm@最高温度   3 真空吸附台加热方式及温度 电加热方式，最高加热温度≥90 ℃   4 加热温度精度 ≤±3 ℃   5 吸附台真空度 0~-70kPa    5.4涂布参数要求 序号 项目 采购方要求值 应答方保证值 1 *涂布宽度 300mm-800 mm   2 *涂布长度 ≥1000 mm   3 涂布湿厚 可涂范围：20-200 μm   4 *涂布尺寸精度 ≤±1 mm（长、宽尺寸）   5 涂布速度范围 0.5~3 m/min   6 *拖尾尺寸 ≤5 mm   7 *涂层面密度偏差 ≤±5%（取φ30 mm样片称重）    5.5设备基建与机台规格要求 序号 项目 采购方要求值 应答方保证值 1 平台材质 大理石基台：常温，000级，平面度≤5μm@涂布区域； 吸附台材质：粉末烧结透气钢   2 *设备最大尺寸 长*宽*高：≤2350mm*1800mm*2350 mm   3 *设备单体重量及承重 设备重量≤3 t； 承重：≤1 t/m2   4 设备颜色 RAL7035 灰色   5 数据接口 设备通信接口最少包含以太网和USB； 数据存储容量：≥2T    注：应答时，应答方不能简单的写“满足”或“符合”，应列出投标产品的具体技术参数，标注“*”技术指标为实质性指标，不满足作投标无效处理。6.安全要求应答方应严格落实国家安全生产相关规定，所供设备在设计选型时应严格落实国家安全、电气安全以及运行安全要求。设备应具备可靠接地、维护故障提示、安全过载保护、漏电保护、异常报警等功能，并出具设备安全合规文件，且对采购方进行安全操作及应急处置方法等培训。 更正日期：2026年08月28日 三、其他补充事宜 发布公告的媒介：中国政府采购网 四、凡对本次公告内容提出询问，请按以下方式联系。 1.采购人信息 名 称：zycgr22011902 地址：/ 联系方式：李老师 010-57305134 2.采购代理机构信息 名 称：天恒招标有限公司 地 址：董哲、曹珊、陈洁、徐梓瑶、刘戈 010-53393825、17710393539 联系方式：董哲、曹珊、陈洁、徐梓瑶、刘戈 010-53393825、17710393539 3.项目联系方式 项目联系人：董哲、曹珊、陈洁、徐梓瑶、刘戈 电 话： 010-53393825、17710393539,其他,,中国政府采购网,,,default,,采购文件,,,,,,,,,
黄埔海关消除安全隐患综合维修改造（沙田海关）项目更正公告,变更公告,FDZX-GC-2026-0020,2026年08月28日 18:38,东莞市,中华人民共和国沙田海关,莞市沙田镇沙田大道 61 号,幸小姐0769-22007863,方大国际工程咨询股份有限公司,深圳市南山区南头街道梦海大道卓越前海壹号 B 座 1208,李小姐 13076171696,李小姐,13076171696,,,https://www.ccgp.gov.cn/cggg/zygg/gzgg/202608/t20260828_27228347.htm,2026-09-10 09:50:03,一、项目基本情况 原公告的采购项目编号：FDZX-GC-2026-0020 原公告的采购项目名称：黄埔海关消除安全隐患综合维修改造（沙田海关）项目公开招标公告 首次公告日期：2026年08月28日 二、更正信息 更正事项：采购公告 更正内容： 内容一：“招标公告中三、获取招标文件”新增：获取了招标文件，而不参加的投标供应商，请在开标日期三日前以书面形式通知采购代理机构。内容二：“招标公告中六、其他补充事宜”新增：本项目需落实的政府采购政策：《政府采购促进中小企业发展管理办法》 （财库〔2020〕46 号）、《关于政府采购支持监狱企业发展有关问 题的通知》 (财库〔2014〕68 号)、《三部门联合发布关于促进残疾人就业政府采购政策的通知》（财库〔2017〕141 号）、《关于调整优化节能产品、环境标志产品 政府采购执行机制的通知》（财库〔2019〕9 号）、关于印发节能产品政府采购品目清单的通知（财库〔2019〕19 号）、《财政部 生态环境部关于印发环境标志产品政府采购品目清单的通知》(财库〔2019〕18 号 )、《财政部 农业部 国家乡村振兴局关于运用政府采购政策支持乡村产业振兴的通知》(财库〔2021〕19 号 )等。其他内容保持不变 更正日期：2026年08月28日 三、其他补充事宜 无 四、凡对本次公告内容提出询问，请按以下方式联系。 1.采购人信息 名 称：中华人民共和国沙田海关 地址：莞市沙田镇沙田大道 61 号 联系方式：幸小姐0769-22007863 2.采购代理机构信息 名 称：方大国际工程咨询股份有限公司 地 址：深圳市南山区南头街道梦海大道卓越前海壹号 B 座 1208 联系方式：李小姐 13076171696 3.项目联系方式 项目联系人：李小姐 电 话： 13076171696,工程建设,,中国政府采购网,,,default,,采购公告,,,,,,,,,
中南大学湘雅二医院2026-2027年度临床支持及医辅服务项目更正公告,变更公告,,2026年08月28日 18:24,长沙市,中南大学湘雅二医院,长沙市芙蓉区人民中路139号,黄老师、0731-85294138,北京泛华国金工程咨询有限公司,湖南省长沙市开福区世纪金源云创中心S3栋13楼,周成、黄艳林、李志强、赵艳、马伶韵，0731-85018855,周成、黄艳林、李志强、赵艳、马,0731-85018855,,,https://www.ccgp.gov.cn/cggg/zygg/gzgg/202608/t20260828_27228174.htm,2026-09-10 09:50:03,一、项目基本情况 原公告的采购项目编号：服务-2026088 原公告的采购项目名称：中南大学湘雅二医院2026-2027年度临床支持及医辅服务项目 首次公告日期：2026年08月14日 二、更正信息 更正事项：采购文件 更正内容： （一）招标文件第四章第四节附表1评标方法及标准表：“1、拟任项目经理负责人（1人）（2分）：（1）具有人社部门颁发物业管理师的计1分；（2）具有市级或以上政府部门颁发的‘先进个人’或‘成绩突出个人’荣誉的计1分”；更正为：“1、拟任项目经理（1人）（2分）：具有人社部门认可的或行业组织颁发的物业管理师证书（或同等效力证书）计2分”。 （二）招标文件第五章第二节五、服务人员要求：“投标人具有市州级及以上公安部门颁发的“保安服务许可证”或“自行招用保安员单位备案证”（提供证书复印件并加盖投标人公章）”；更正为：“投标人承诺自开始服务之日起30日内依法完成自行招用保安员单位备案（提供承诺函并加盖投标人公章，格式自拟）”。 （三）删除招标文件第五章第二节六、服务单位要求：“服务单位应具备政府部门颁发的物业服务企业诚信等级备案证书”。 （四）原招标文件“提交投标文件截止时间、开标时间：2026年09月07日09点30分（北京时间）”均延期至：“2026年09月14日09点30分（北京时间）”。投标保证金缴纳时间相应顺延。 更正日期：2026年08月28日 三、其他补充事宜 无。 四、凡对本次公告内容提出询问，请按以下方式联系。 1.采购人信息 名 称：中南大学湘雅二医院 地址：长沙市芙蓉区人民中路139号 联系方式：黄老师、0731-85294138 2.采购代理机构信息 名 称：北京泛华国金工程咨询有限公司 地 址：湖南省长沙市开福区世纪金源云创中心S3栋13楼 联系方式：周成、黄艳林、李志强、赵艳、马伶韵，0731-85018855 3.项目联系方式 项目联系人：周成、黄艳林、李志强、赵艳、马伶韵 电 话： 0731-85018855,医疗卫生,,中国政府采购网,,,default,,采购文件,,,,,,,,,
山东大学齐鲁第二医院超声乳化仪采购项目更正公告,变更公告,SHZB2026-666,2026年08月28日 18:13,山东省,山东大学齐鲁第二医院,济南市天桥区北园大街247号,0531-85875076,盛和招标代理有限公司,山东济南唐冶西路868号山东设计创意产业园南区B1楼,许铖铖、王凯、谢文豪、张越0531-88260568、15153117917、17862114460、17866617312,许铖铖、王凯、谢文豪、张越,0531-88260568、15153117917、17862114460、17,SHZB2026-666山东大学齐鲁第二医院超声乳化仪采购竞争性磋商文件.doc,"[{""attach_name"": ""SHZB2026-666山东大学齐鲁第二医院超声乳化仪采购竞争性磋商文件.doc"", ""attach_url"": ""https://download.ccgp.gov.cn/oss/download?uuid=8EA8FA12645A1F50E5E3B878CF9B1D""}]",https://www.ccgp.gov.cn/cggg/zygg/gzgg/202608/t20260828_27228037.htm,2026-09-10 09:50:04,一、项目基本情况 原公告的采购项目编号：SHZB2026-666 原公告的采购项目名称：山东大学齐鲁第二医院超声乳化仪采购项目竞争性磋商 首次公告日期：2026年08月21日 二、更正信息 更正事项：采购公告 更正内容： 原磋商公告内容“四、响应文件提交：截止时间：2026年09月01日14点00分（北京时间），地点：山东大学齐鲁第二医院文会学堂（地址：济南市天桥区北园大街247号）。五、开启：时间：2026年9月03日 08点30分（北京时间），地点：山东大学齐鲁第二医院文会学堂（地址：济南市天桥区北园大街247号）”更正为“四、响应文件提交：截止时间：2026年09月3日 08点30分（北京时间），地点：山东大学齐鲁第二医院文会学堂（地址：济南市天桥区北园大街247号）。五、开启：时间：2026年09月03日 08点30分（北京时间），地点：山东大学齐鲁第二医院文会学堂（地址：济南市天桥区北园大街247号）” 更正日期：2026年08月28日 三、其他补充事宜 无 四、凡对本次公告内容提出询问，请按以下方式联系。 1.采购人信息 名 称：山东大学齐鲁第二医院 地址：济南市天桥区北园大街247号 联系方式：0531-85875076 2.采购代理机构信息 名 称：盛和招标代理有限公司 地 址：山东济南唐冶西路868号山东设计创意产业园南区B1楼 联系方式：许铖铖、王凯、谢文豪、张越0531-88260568、15153117917、17862114460、17866617312 3.项目联系方式 项目联系人：许铖铖、王凯、谢文豪、张越 电 话： 0531-88260568、15153117917、17862114460、17866617312,医疗卫生,2026-09-01 14:00,中国政府采购网,,,default,,采购公告,,,,,,,,,
合肥工业大学购置电加热器和红外辐射板更正公告,变更公告,ZF2026-17-1036,2026年08月28日 18:13,市辖区,合肥工业大学,合肥市屯溪路193号,韩老师 0551-62901760,安徽省招标集团股份有限公司,合肥市包河区紫云路888号,"应急客服电话：0551-62220153（接听时间：8:30-12:00,13:30-17:30，节假日除外。潜在投标人应优先拨打项目联系人联系电话，无人接听时再拨打该“应急客服电话”）",张文奇、刘志凌,0551-66061459、66061461、15209887650,,,https://www.ccgp.gov.cn/cggg/zygg/gzgg/202608/t20260828_27228034.htm,2026-09-10 09:50:05,"一、项目基本情况 原公告的采购项目编号：ZF2026-17-1036 原公告的采购项目名称：合肥工业大学购置电加热器和红外辐射板 首次公告日期：2026年08月25日 二、更正信息 更正事项：采购文件 更正内容： 我公司现对合肥工业大学购置电加热器和红外辐射板招标文件做出如下答疑澄清。此次答疑澄清为招标文件的组成部分，具有同等效力。答疑澄清内容与招标文件不同之处，按本次答疑澄清内容执行。项目答疑澄清内容如下：1.1800Kw 电加热器采购数量1 套，是由两件1800Kw 电加热器（对称制作）组成吗？供货范围包括电气控制系统吗？；答：1800Kw电加热器采购数量1套，是由两件1800Kw电加热器（对称制作）组成，即总功率为3600Kw。供货范围不包括电气控制系统。2.红外辐射板辐射管材质是石英玻璃管还是金属管。答：红外辐射板辐射管材质是石英玻璃管。3.因项目进度要求需要，合同履行期限（供货及安装期限）修改为“合同签订之日起1个月内完成供货、安装、调试”。 更正日期：2026年08月28日 三、其他补充事宜 本项目相关信息同时在“中国政府采购网（www.ccgp.gov.cn）、中国招标投标公共服务平台（www.cebpubservice.cn）、安徽省招标投标信息网（www.ahtba.org.cn）、合肥工业大学招标与采购管理中心官网（zb.hfut.edu.cn）、优质采云采购平台（www.youzhicai.com）、优质采招标采购平台（www.yzczb.com）”等媒介上发布。 四、凡对本次公告内容提出询问，请按以下方式联系。 1.采购人信息 名 称：合肥工业大学 地址：合肥市屯溪路193号 联系方式：韩老师 0551-62901760 2.采购代理机构信息 名 称：安徽省招标集团股份有限公司 地 址：合肥市包河区紫云路888号 联系方式：应急客服电话：0551-62220153（接听时间：8:30-12:00,13:30-17:30，节假日除外。潜在投标人应优先拨打项目联系人联系电话，无人接听时再拨打该“应急客服电话”） 3.项目联系方式 项目联系人：张文奇、刘志凌 电 话： 0551-66061459、66061461、15209887650",教育培训,,中国政府采购网,,,default,,采购文件,,,,,,,,,
上海民航职业技术学院IMA标准线路施工实训设备台（光纤+电缆）和IMA电子线路故障模拟软件采购项目更正公告,变更公告,CGXQ-2026-06-461/SYZB20260465,2026年08月28日 18:00,上海市,上海民航职业技术学院,上海市徐汇区龙华西路1号,孙老师18521368019,上海申诣建设咨询有限公司,上海市静安区长安路1001号长安大厦1号楼（办公楼）20层,李文婷、韩贞17855530732、18818252438,李文婷,17855530732,,,https://www.ccgp.gov.cn/cggg/zygg/gzgg/202608/t20260828_27227867.htm,2026-09-10 09:50:05,一、项目基本情况 原公告的采购项目编号：CGXQ-2026-06-461/SYZB20260465 原公告的采购项目名称：上海民航职业技术学院IMA标准线路施工实训设备台（光纤+电缆）和IMA电子线路故障模拟软件采购项目中标公告 首次公告日期：2026年08月28日 二、更正信息 更正事项：采购结果 更正内容： 更正事项：评审专家(单一来源采购人员)名单更正内容：原评审专家(单一来源采购人员)名单：许晓洁、姚黎强、方立勇、王敏、王晨(采购人代表)现更正为：许晓洁、姚黎强、方立勇、王敏、王诚(采购人代表) 更正日期：2026年08月28日 三、其他补充事宜 无 四、凡对本次公告内容提出询问，请按以下方式联系。 1.采购人信息 名 称：上海民航职业技术学院 地址：上海市徐汇区龙华西路1号 联系方式：孙老师18521368019 2.采购代理机构信息 名 称：上海申诣建设咨询有限公司 地 址：上海市静安区长安路1001号长安大厦1号楼（办公楼）20层 联系方式：李文婷、韩贞17855530732、18818252438 3.项目联系方式 项目联系人：李文婷 电 话： 17855530732,教育培训,,中国政府采购网,,,default,,采购结果,,,,,,,,,
华北电力大学学生公寓自助洗衣服务更正公告,变更公告,HCZB-2026-ZB1106,2026年08月28日 17:56,北京市,华北电力大学,北京市昌平区回龙观北农路2号,张老师 010-61772996,华采招标集团有限公司,北京市丰台区广安路9号国投财富广场6号楼1601室,贾东敏、姚冲、刘金秀 186-1228-7813/7807,贾东敏、姚冲、刘金秀,186-1228-7813,,,https://www.ccgp.gov.cn/cggg/zygg/gzgg/202608/t20260828_27227814.htm,2026-09-10 09:50:06,一、项目基本情况 原公告的采购项目编号：HCZB-2026-ZB1106 原公告的采购项目名称：华北电力大学学生公寓自助洗衣服务 首次公告日期：2026年08月17日 二、更正信息 更正事项：采购文件 更正内容：         1、第五章 评标标准中【投入的设备质量及性能】2、提交投标文件截止时间、开标时间原内容：1、第五章 评标标准中【投入的设备质量及性能】 5 投入的设备质量及性能 1、洗衣机洗涤总容量为10千克以上得2分；否则不得分。 2、洗净比：洗衣机洗净比≥1.10得3分，1.08≤洗净比＜1.10得2分， 1.05≤洗净比＜1.08得1分，＜1.05得0分。 3、洗衣机洗涤噪音≤48dB，且脱水噪音≤68dB ，得2分，48 dB ＜洗涤噪音＜62dB ，且68 dB ＜脱水噪音≤72dB，得1分；其他不得分。 （以上证明材料要求提供官网截图或技术白皮书或检测报告复印件，加盖投标人公章） 4、为本项目提供的商用洗衣机为全新机器，得2分。（提供承诺函并加盖投标人公章，不满足不得分） 9分  2、提交投标文件截止时间、开标时间：2026年09月07日下午13:30（北京时间） 现更正为: 1、第五章 评标标准中【投入的设备质量及性能】 5 投入的设备质量及性能 1、洗衣机洗涤总容量为10千克以上得2分；否则不得分。 2、为本项目提供的商用洗衣机为全新机器，得2分。（提供承诺函并加盖投标人公章，不满足不得分） 3、设备整体性能评价： 整体质量可靠、商用适配性能优异、设备稳定性强，完全满足采购需求，得5分； 整体质量较好、商用适配性能符合要求、设备能稳定运行，基本满足采购需求，得3分； 整体质量一般、商用适配性能欠缺、设备能稳定性不足，不满足采购需求，得1分； 未提供，得0分。 9分  2、提交投标文件截止时间、开标时间：2026年09月15日上午09:30（北京时间）其他内容不变。 更正日期：2026年08月28日 三、其他补充事宜 无。 四、凡对本次公告内容提出询问，请按以下方式联系。 1.采购人信息 名 称：华北电力大学 地址：北京市昌平区回龙观北农路2号 联系方式：张老师 010-61772996 2.采购代理机构信息 名 称：华采招标集团有限公司 地 址：北京市丰台区广安路9号国投财富广场6号楼1601室 联系方式：贾东敏、姚冲、刘金秀 186-1228-7813/7807 3.项目联系方式 项目联系人：贾东敏、姚冲、刘金秀 电 话： 186-1228-7813/7807,教育培训,,中国政府采购网,,,default,,采购文件,,,,,,,,,
南京理工大学明苑美食广场自动扶梯采购项目更正公告,变更公告,ZZ0158-G26HZ0463,2026年08月28日 17:47,江苏省,南京理工大学,江苏省南京市孝陵卫街200号,025-84303870,南京汇采项目管理有限公司,南京市汉中门大街1号金鹰汉中新城17楼A座,陈俐君、张娜、郑吉玉025-86606690,陈俐君、张娜、郑吉玉,025-86606690,,,https://www.ccgp.gov.cn/cggg/zygg/gzgg/202608/t20260828_27227598.htm,2026-09-10 09:50:06,一、项目基本情况 原公告的采购项目编号：ZZ0158-G26HZ0463（HC2026-25537GK） 原公告的采购项目名称：南京理工大学明苑美食广场自动扶梯采购项目 首次公告日期：2026年08月12日 二、更正信息 更正事项：采购文件 更正内容： （1）原“第一章 投标邀请”南京理工大学明苑美食广场自动扶梯采购项目招标项目的潜在投标人可在南京理工大学校园网（http://zbpt.njust.edu.cn/）获取招标文件，并于2026-09-02，09:30（北京时间）前递交投标文件。现更正为：南京理工大学明苑美食广场自动扶梯采购项目招标项目的潜在投标人可在南京理工大学校园网（http://zbpt.njust.edu.cn/）获取招标文件，并于2026-09-14，14:00（北京时间）前递交投标文件。 （2）原“第一章 投标邀请 四、提交投标文件截止时间、开标时间和地点”（一）提交投标文件截止时间和开标时间：2026-09-02，09:30（北京时间）现更正为：（一）提交投标文件截止时间和开标时间：2026-09-14，14:00（北京时间） （3）原“第三章 项目需求”、“第四章 评标方法与评标标准”变更内容详见更正后招标文件（以邮件形式发送） 更正日期：2026年08月28日 三、其他补充事宜 无 四、凡对本次公告内容提出询问，请按以下方式联系。 1.采购人信息 名 称：南京理工大学 地址：江苏省南京市孝陵卫街200号 联系方式：025-84303870 2.采购代理机构信息 名 称：南京汇采项目管理有限公司 地 址：南京市汉中门大街1号金鹰汉中新城17楼A座 联系方式：陈俐君、张娜、郑吉玉025-86606690 3.项目联系方式 项目联系人：陈俐君、张娜、郑吉玉 电 话： 025-86606690,教育培训,,中国政府采购网,,,default,,采购文件,,,,,,,,,
株洲市消防救援支队2026年支队本级车辆维修保养服务采购项目更正公告,变更公告,HNHZ-CS-2026109,2026年08月28日 17:43,株洲市,株洲市消防救援支队,株洲市芦淞区枫溪大道519号,谢先生、0731-28492883,湖南恒泽项目管理有限公司,长沙市天心区雀园路568号创谷产业园A1栋1220-1225房,张冠军、张志鹏、唐小茜、张翅翔、王婷、0731-82288998,张冠军、张志鹏、唐小茜、张翅翔,0731-82288998,,,https://www.ccgp.gov.cn/cggg/zygg/gzgg/202608/t20260828_27227496.htm,2026-09-10 09:50:07,一、项目基本情况 原公告的采购项目编号：HNHZ-CS-2026109 原公告的采购项目名称：株洲市消防救援支队2026年支队本级车辆维修保养服务采购项目竞争性磋商邀请公告 首次公告日期：2026年08月21日 二、更正信息 更正事项：采购公告 更正内容： 序号 更正项 更正前内容 更正后内容 1 采购公告 三、获取采购文件 时间：2026年08月21日至 2026年08月28日，每天上午9:00至12:00，下午14:00至17:00。（北京时间，法定节假日除外） 四、响应文件提交的截止时间、开启时间及地点 首次响应文件的提交截止时间：2026年 09月 02 日10时00分； 首次响应文件的开启时间：2026年 09月 02 日10时00分； 三、获取采购文件 时间：2026年08月21日至 2026年09月02日，每天上午9:00至12:00，下午14:00至17:00。（北京时间，法定节假日除外） 四、响应文件提交的截止时间、开启时间及地点 首次响应文件的提交截止时间：2026年 09月04 日10时00分； 首次响应文件的开启时间：2026年 09月04日10时00分；  其他内容不变。 更正日期：2026年08月28日 三、其他补充事宜 无 四、凡对本次公告内容提出询问，请按以下方式联系。 1.采购人信息 名 称：株洲市消防救援支队 地址：株洲市芦淞区枫溪大道519号 联系方式：谢先生、0731-28492883 2.采购代理机构信息 名 称：湖南恒泽项目管理有限公司 地 址：长沙市天心区雀园路568号创谷产业园A1栋1220-1225房 联系方式：张冠军、张志鹏、唐小茜、张翅翔、王婷、0731-82288998 3.项目联系方式 项目联系人：张冠军、张志鹏、唐小茜、张翅翔、王婷 电 话： 0731-82288998,公共安全,2026-09-02 10:00,中国政府采购网,,,default,,采购公告,,,,,,,,,
北京市延庆区消防救援支队延庆区沈家营特勤站建设工程质量检测服务更正公告,变更公告,,2026年08月28日 17:39,延庆县,延庆区消防救援支队,北京市延庆区妫水南街43号,任老师；81195633转8208,北京建友工程造价咨询有限公司,北京市延庆区山水融城138号,孙新；13520288155,孙新,13520288155,,,https://www.ccgp.gov.cn/cggg/zygg/gzgg/202608/t20260828_27227402.htm,2026-09-10 09:50:07,"一、项目基本情况 原公告的采购项目编号：京建友招字【2026】第7512号 原公告的采购项目名称：延庆区沈家营特勤站建设工程质量检测服务 首次公告日期：2026年08月27日 二、更正信息 更正事项：采购公告 更正内容： 原比选公告三、比选文件的获取2.凡有意参加本次比选的比选申请人，请将公司营业执照、法人授权委托书（注明项目名称、项目编号、办理事项）及经办人身份证扫描件（以上资料加盖单位公章），发送至邮箱(120906145@qq.com),邮件标题注明项目名称和单位全称，比选代理机构审核无误后将以邮件形式发送《报名及领取比选文件记录表》，比选申请人填写完成后将该表扫描件回传至上述代理机构邮箱，代理机构收到后以邮件形式发放比选文件。现更正为三、比选文件的获取2.凡有意参加本次比选的比选申请人，请将公司营业执照、法人授权委托书（注明项目名称、项目编号、办理事项）及经办人身份证扫描件（以上资料加盖单位公章），发送至邮箱(121906145@qq.com),邮件标题注明项目名称和单位全称，比选代理机构审核无误后将以邮件形式发送《报名及领取比选文件记录表》，比选申请人填写完成后将该表扫描件回传至上述代理机构邮箱，代理机构收到后以邮件形式发放比选文件。其他内容不变 更正日期：2026年08月28日 三、其他补充事宜 更正公告为原比选公告不可分割的部分，原比选公告相应条款与本公告有不一致之处，以本公告为准。 四、凡对本次公告内容提出询问，请按以下方式联系。 1.采购人信息 名 称：延庆区消防救援支队 地址：北京市延庆区妫水南街43号 联系方式：任老师；81195633转8208 2.采购代理机构信息 名 称：北京建友工程造价咨询有限公司 地 址：北京市延庆区山水融城138号 联系方式：孙新；13520288155 3.项目联系方式 项目联系人：孙新 电 话： 13520288155",公共安全,,中国政府采购网,,,default,,采购公告,,,,,,,,,
中国科学院水生生物研究所小型齿鲸实时被动声学监测系统采购项目更正公告,变更公告,OITC-G260861555,2026年08月28日 17:36,武汉市,中国科学院水生生物研究所,湖北省武汉市东湖南路7号,027-68780839,东方国际招标有限责任公司,北京市海淀区丹棱街1号互联网金融中心20层,窦志超、徐子通、吴文建 010-68290528、010-68290561,窦志超、徐子通、吴文建,010-68290528、010-68290561,,,https://www.ccgp.gov.cn/cggg/zygg/gzgg/202608/t20260828_27227372.htm,2026-09-10 09:50:08,一、项目基本情况 原公告的采购项目编号：OITC-G260861555 原公告的采购项目名称：小型齿鲸实时被动声学监测系统采购项目 首次公告日期：2026年08月21日 二、更正信息 更正事项：采购公告 更正内容： 本项目获取招标文件时间延期至：2026年9月2日17：00。 更正日期：2026年08月28日 三、其他补充事宜 无 四、凡对本次公告内容提出询问，请按以下方式联系。 1.采购人信息 名 称：中国科学院水生生物研究所 地址：湖北省武汉市东湖南路7号 联系方式：027-68780839 2.采购代理机构信息 名 称：东方国际招标有限责任公司 地 址：北京市海淀区丹棱街1号互联网金融中心20层 联系方式：窦志超、徐子通、吴文建 010-68290528、010-68290561 3.项目联系方式 项目联系人：窦志超、徐子通、吴文建 电 话： 010-68290528、010-68290561,教育培训,,中国政府采购网,,,default,,采购公告,,,,,,,,,
广州市消防救援支队越秀大队解放路消防救援站（原解放北中队）改造项目澄清答疑,变更公告,JG2026-13043,2026年08月28日 17:36,广州市,广州市消防救援支队,广州市天河区车陂路463号,林小姐，020-38766163,国盛招标项目管理咨询（广州）有限公司,广州市天河区广州大道北520号中创盈科大厦12楼1202室,林志佳，020-38814714,林志佳,020-38814714,答疑纪要.pdf,"[{""attach_name"": ""答疑纪要.pdf"", ""attach_url"": ""https://download.ccgp.gov.cn/oss/download?uuid=A2A0CA0E167BD99AA304161351DD49""}]",https://www.ccgp.gov.cn/cggg/zygg/gzgg/202608/t20260828_27227367.htm,2026-09-10 09:50:08,一、项目基本情况 原公告的采购项目编号：JG2026-13043 原公告的采购项目名称：广州市消防救援支队越秀大队解放路消防救援站（原解放北中队）改造项目公开招标公告 首次公告日期：2026年08月07日 二、更正信息 更正事项：采购文件 更正内容： 现对广州市消防救援支队越秀大队解放路消防救援站（原解放北中队）改造项目(项目编号:JG2026-13043)进行招标澄清修改，凡原招标文件、原招标公告、补充公告与本澄清答疑不一致之处，以本澄清及答疑文件为准，详见附件。 更正日期：2026年08月28日 三、其他补充事宜 / 四、凡对本次公告内容提出询问，请按以下方式联系。 1.采购人信息 名 称：广州市消防救援支队 地址：广州市天河区车陂路463号 联系方式：林小姐，020-38766163 2.采购代理机构信息 名 称：国盛招标项目管理咨询（广州）有限公司 地 址：广州市天河区广州大道北520号中创盈科大厦12楼1202室 联系方式：林志佳，020-38814714 3.项目联系方式 项目联系人：林志佳 电 话： 020-38814714,公共安全,,中国政府采购网,,,default,,采购文件,,,,,,,,,
电子内窥胃肠镜更正公告（一）,变更公告,CQU-CZ-ZC-HW-2026-023,2026年08月28日 17:24,重庆市,重庆大学,重庆市沙坪坝区沙正街174号,王老师023-65106239,重庆赛迪工程咨询有限公司,重庆市渝中区双钢路1号,文静023-63545924、谢玙婧023-63548173,张老师,15390125299,重庆市公共资源交易网挂网链接.docx,"[{""attach_name"": ""重庆市公共资源交易网挂网链接.docx"", ""attach_url"": ""https://download.ccgp.gov.cn/oss/download?uuid=59422EF6B2FC7C1B56588C82615D4C""}]",https://www.ccgp.gov.cn/cggg/zygg/gzgg/202608/t20260828_27226976.htm,2026-09-10 09:50:09,一、项目基本情况 原公告的采购项目编号：CQU-CZ-ZC-HW-2026-023 原公告的采购项目名称：电子内窥胃肠镜 首次公告日期：2026年08月25日 二、更正信息 更正事项：采购文件 更正内容： 1.招标文件“第二篇  项目技术（质量）要求”-二、招标项目技术需求-（一）技术参数中调整内容如下： 序号 原条款参数要求 修改后参数要求 1 ※1.2兼容性:系统可适配投标产品同品牌常规胃肠镜、扇扫超声内镜、环扫超声内镜、光学放大胃肠镜、超细胃肠镜、十二指肠镜、支气管镜、电子喉镜； ※1.2兼容性：系统可适配投标产品同品牌常规胃肠镜、扇扫超声内镜、光学放大胃肠镜、超细胃肠镜、十二指肠镜、支气管镜； 2 ※1.11整机质保≥5年。 ※1.11采用≥3路LED照明光源。 2.招标文件“第二篇  项目技术（质量）要求”中““▲”标注的技术需求为重要技术需求，若不满足将按照评标因素中相关规定处理。”修改为““▲”标注的技术需求为重要技术需求，若不满足将按照评标因素中相关规定处理。需提供佐证（证明）材料，佐证（证明）材料包括:①产品宣传彩页(中文版原件，标注有技术参数)，②产品白皮书(中文版)，③产品使用说明书(中文版)，④产品检测报告，⑤产品注册证；投标人可任意提供其中一种或者几种，但是必须要能证明所投产品的技术指标与标书要求的一致性或者差异，如果有差异，需要在技术参数偏离表中标注清楚。”。3.招标文件“第二篇  项目技术（质量）要求”-（二）配置清单中第15项“1.5P挂式空调”的相关内容作删除。招标文件“第三篇 项目商务需求”-二、报价要求中的“2台1.5P空调”作删除。4.招标文件“第四篇  资格审查及评标办法”-三、评审标准-（一）评审因素-说明中调整内容如下： 序号 原条款要求 修改后要求 1 2. 招标文件第二篇 二、招标项目技术需求（一）技术参数中列明需提供资料证明的部分技术参数须按照要求提供相关资料；未提供或提供资料不够清楚明了的，视为未响应；若投标应答和所提供的证明资料不一致，以证明资料为准。   2. 招标文件第二篇 二、招标项目技术需求（一）技术参数中列明需提供资料证明的部分技术参数须按照要求提供相关资料；其中，▲标注的重要技术需求需提供佐证（证明）材料，佐证（证明）材料包括: ①产品宣传彩页(中文版原件，标注有技术参数)，②产品白皮书(中文版)，③产品使用说明书(中文版)，④产品检测报告，⑤产品注册证；除明确指定要求提供证明资料以外，投标人可任意提供其中一种或者几种，但是必须要能证明所投产品的技术指标与标书要求的一致性或者差异，如果有差异，需要在技术参数偏离表中标注清楚； 未提供或提供资料不够清楚明了的，视为未响应；若投标应答和所提供的证明资料不一致，以证明资料为准。 5.招标文件“第七篇 投标文件格式”-（二）分项报价明细表，投标人须按招标文件“第二篇  项目技术（质量）要求”-（二）配置清单中内容进行详细填报，配置清单中第15项已作删除，详见第3条。 更正日期：2026年08月28日 三、其他补充事宜 1.请投标人在制作电子投标文件时，以本次公告发布的“.CQCF”软件版本为准，重新制作电子投标文件。        2.招标文件与本更正公告内容不一致的，以本更正公告为准。 四、凡对本次公告内容提出询问，请按以下方式联系。 1.采购人信息 名 称：重庆大学 地址：重庆市沙坪坝区沙正街174号 联系方式：王老师023-65106239 2.采购代理机构信息 名 称：重庆赛迪工程咨询有限公司 地 址：重庆市渝中区双钢路1号 联系方式：文静023-63545924、谢玙婧023-63548173 3.项目联系方式 项目联系人：张老师 电 话： 15390125299,服务外包,,中国政府采购网,,,default,,采购文件,,,,,,,,,
中国气象局上海台风研究所台风移动观测系统建设更正公告,变更公告,STC26A352,2026年08月28日 17:19,上海市,中国气象局上海台风研究所,上海市徐汇区蒲西路166号,梅老师 021-54891080,上海中招招标有限公司,上海市静安区恒丰路600号5楼C座,吴小晶、朱昌丽 021-66275357、021-66279718  crystal_wxjing@163.com、zhuchangliv@sina.cn,吴小晶、朱昌丽,021-66275357、021-66279718,,,https://www.ccgp.gov.cn/cggg/zygg/gzgg/202608/t20260828_27226881.htm,2026-09-10 09:50:10,一、项目基本情况 原公告的采购项目编号：STC26A352 原公告的采购项目名称：中国气象局上海台风研究所台风移动观测系统建设公开招标公告 首次公告日期：2026年08月10日 二、更正信息 更正事项：采购文件 更正内容： 1. 采购清单及技术参数1）删除以下内容2）原：“1.1车载平台”，更正为：“1.车载平台”3）原：“1.2 X波段双偏振相控阵天气雷达”，更正为：“2.X波段双偏振相控阵天气雷达 1套”4）原：“1.3移动探空系统”，更正为：“3.移动探空系统 1套”5）原：“（1）卫星导航探空仪”，更正为：“（1）卫星导航探空仪 1套”6）原：“（2）探空接收系统”，更正为：“（2）探空接收系统 1套”7）原：“（3）电子探空仪基测箱”，更正为：“（3）电子探空仪基测箱 1套”2. 付款方式原付款方式：(1)合同签订后，收到中标人10%合同总价的履约保函后，支付合同总价的70%；(2)系统建设通过中期验收合格后，支付合同总价的30%；(3)系统建设通过验收稳定运行一年后，退还中标人10%的履约保函。更正为：(1)合同签订后，收到中标人10%合同总价的履约保函（有效期不少于11个月）后，支付合同总价的30%。若项目实际履约周期超过保函有效期，中标人须于保函到期前30日完成续保，保函有效期须覆盖至本项目全部合同验收合格之日止；(2)X波段双偏振相控阵天气雷达参照中国气象局观测司下发的《X波段双线偏振一维平面相控阵天气雷达测试大纲》开展出厂测试验收，形成出厂测试验收报告；且车载平台改装设计由甲方确认后，支付合同总价的30%；(3)车载平台完成改装，并且X波段双偏振相控阵天气雷达、移动探空系统、车载观测数据中心站及台风显示与分析单元安装调试完成，采购人组织对整体性能进行测试，对系统功能进行检验，按照标准规范进行现场验收，形成现场验收报告，且中标人提供与本次投标产品相匹配的、在有效期内的气象专用技术装备使用许可证后，支付合同总价的30%；(4)中标人完成合同内容全部工作后，开展一个月试运行，形成试运行报告并取得采购人确认。采购人根据出厂测试、现场验收、试运行完成情况，组织合同验收，验收合格后，支付合同总价的10%。3. 验收条款1）原验收条款第(7)项：(7)采购人根据出厂测试、现场验收、试运行完成情况，组织终验。更正为：(7)采购人根据出厂测试、现场验收、试运行完成情况，组织合同验收。合同验收时，中标人若无法提供与本次投标产品相匹配的、在有效期内的气象专用技术装备使用许可证书，承担合同项下全部违约责任，包括不予验收、退回采购人已支付货款、承担采购人损失等。2）调整第（9）项序号（8），第（10）项序号为（9）4. 详细评审表 1）原评分标准1企业综合实力（客观分）：投标人具有有效的ISO9001质量管理体系认证证书，或信息安全服务资质认证证书的，每提供1个得0.5分，最多得1分。注：需提供有效期内的认证证书扫描件，以及全国认证认可信息公共服务平台（cx.cnca.cn）上的查询结果截图，并附入投标文件中，否则不得分。更正为：1企业综合实力（客观分）：投标人具有有效的ISO9001质量管理体系认证证书，得1分。注：需提供有效期内的认证证书扫描件，以及全国认证认可信息公共服务平台（cx.cnca.cn）上的查询结果截图，并附入投标文件中，否则不得分。2）原评分标准5核心设备资质要求（客观分）为保障本项目核心设备技术指标符合招标文件要求、供货来源合法合规，本次采购所投核心设备的制造商，须满足以下资质要求及对应评分标准（各得分情形互斥，按最高符合项计分）：1）投标设备制造商持有中国气象局主管部门核发、在有效期内的气象专用技术装备许可证书，且证书许可产品名称与本次投标核心产品实质对应的，得4分；2）投标设备制造商无有效气象专用技术装备许可证书，但能提供有效证明材料（如官方受理回执等），证实其已正式提交该证书申请的，得3分；3）投标设备制造商提供承诺函，承诺所投X波段双偏振相控阵天气雷达在项目竣工验收前之前取得中国气象局主管部门核发的气象专用技术装备使用许可证，并加盖设备制造商公章的，得2分；3）存在以下情形之一的，本项不得分：①未提供任何相关证书及证明材料；②所提供的气象专用技术装备许可证书超出有效期；③所提供的证书许可产品类别不属于气象雷达相关范畴。更正为：5核心设备要求（客观分）根据《气象专用技术装备使用许可管理办法》的规定，为保障本项目核心设备技术指标符合招标文件要求、供货来源合法合规，须承诺所投X波段双偏振相控阵天气雷达在项目合同验收之前取得中国气象局主管部门核发的、与本次投标产品相匹配，且在有效期内的气象专用技术装备使用许可证，并加盖公章，得4分；未提供或承诺内容不符合要求的不得分。5.合同资料表 八 履约保证金原：“不要求提交履约保证金”，更正为：“10%合同总价的履约保函”6. 投标截止时间及开标时间原投标截止时间及开标时间：2026年8月31日10:00（北京时间）更正为：2026年9月14日10:00（北京时间） 更正日期：2026年08月28日 三、其他补充事宜 四、凡对本次公告内容提出询问，请按以下方式联系。 1.采购人信息 名 称：中国气象局上海台风研究所 地址：上海市徐汇区蒲西路166号 联系方式：梅老师 021-54891080 2.采购代理机构信息 名 称：上海中招招标有限公司 地 址：上海市静安区恒丰路600号5楼C座 联系方式：吴小晶、朱昌丽 021-66275357、021-66279718 crystal_wxjing@163.com、zhuchangliv@sina.cn 3.项目联系方式 项目联系人：吴小晶、朱昌丽 电 话： 021-66275357、021-66279718,其他,,中国政府采购网,,,default,,采购文件,,,,,,,,,
中国气象局上海台风研究所台风移动观测系统建设更正公告,变更公告,STC26A352,2026年08月28日 17:19,上海市,中国气象局上海台风研究所,上海市徐汇区蒲西路166号,梅老师 021-54891080,上海中招招标有限公司,上海市静安区恒丰路600号5楼C座,吴小晶、朱昌丽 021-66275357、021-66279718  crystal_wxjing@163.com、zhuchangliv@sina.cn,吴小晶、朱昌丽,021-66275357、021-66279718,,,https://www.ccgp.gov.cn/cggg/zygg/gzgg/202608/t20260828_27226821.htm,2026-09-10 09:50:11,一、项目基本情况 原公告的采购项目编号：STC26A352 原公告的采购项目名称：中国气象局上海台风研究所台风移动观测系统建设公开招标公告 首次公告日期：2026年08月10日 二、更正信息 更正事项：采购文件 更正内容： 1. 采购清单及技术参数1）删除以下内容2）原：“1.1车载平台”，更正为：“1.车载平台”3）原：“1.2 X波段双偏振相控阵天气雷达”，更正为：“2.X波段双偏振相控阵天气雷达 1套”4）原：“1.3移动探空系统”，更正为：“3.移动探空系统 1套”5）原：“（1）卫星导航探空仪”，更正为：“（1）卫星导航探空仪 1套”6）原：“（2）探空接收系统”，更正为：“（2）探空接收系统 1套”7）原：“（3）电子探空仪基测箱”，更正为：“（3）电子探空仪基测箱 1套”2. 付款方式原付款方式：(1)合同签订后，收到中标人10%合同总价的履约保函后，支付合同总价的70%；(2)系统建设通过中期验收合格后，支付合同总价的30%；(3)系统建设通过验收稳定运行一年后，退还中标人10%的履约保函。更正为：(1)合同签订后，收到中标人10%合同总价的履约保函（有效期不少于11个月）后，支付合同总价的30%。若项目实际履约周期超过保函有效期，中标人须于保函到期前30日完成续保，保函有效期须覆盖至本项目全部合同验收合格之日止；(2)X波段双偏振相控阵天气雷达参照中国气象局观测司下发的《X波段双线偏振一维平面相控阵天气雷达测试大纲》开展出厂测试验收，形成出厂测试验收报告；且车载平台改装设计由甲方确认后，支付合同总价的30%；(3)车载平台完成改装，并且X波段双偏振相控阵天气雷达、移动探空系统、车载观测数据中心站及台风显示与分析单元安装调试完成，采购人组织对整体性能进行测试，对系统功能进行检验，按照标准规范进行现场验收，形成现场验收报告，且中标人提供与本次投标产品相匹配的、在有效期内的气象专用技术装备使用许可证后，支付合同总价的30%；(4)中标人完成合同内容全部工作后，开展一个月试运行，形成试运行报告并取得采购人确认。采购人根据出厂测试、现场验收、试运行完成情况，组织合同验收，验收合格后，支付合同总价的10%。3. 验收条款1）原验收条款第(7)项：(7)采购人根据出厂测试、现场验收、试运行完成情况，组织终验。更正为：(7)采购人根据出厂测试、现场验收、试运行完成情况，组织合同验收。合同验收时，中标人若无法提供与本次投标产品相匹配的、在有效期内的气象专用技术装备使用许可证书，承担合同项下全部违约责任，包括不予验收、退回采购人已支付货款、承担采购人损失等。2）调整第（9）项序号（8），第（10）项序号为（9）4. 详细评审表 1）原评分标准1企业综合实力（客观分）：投标人具有有效的ISO9001质量管理体系认证证书，或信息安全服务资质认证证书的，每提供1个得0.5分，最多得1分。注：需提供有效期内的认证证书扫描件，以及全国认证认可信息公共服务平台（cx.cnca.cn）上的查询结果截图，并附入投标文件中，否则不得分。更正为：1企业综合实力（客观分）：投标人具有有效的ISO9001质量管理体系认证证书，得1分。注：需提供有效期内的认证证书扫描件，以及全国认证认可信息公共服务平台（cx.cnca.cn）上的查询结果截图，并附入投标文件中，否则不得分。2）原评分标准5核心设备资质要求（客观分）为保障本项目核心设备技术指标符合招标文件要求、供货来源合法合规，本次采购所投核心设备的制造商，须满足以下资质要求及对应评分标准（各得分情形互斥，按最高符合项计分）：1）投标设备制造商持有中国气象局主管部门核发、在有效期内的气象专用技术装备许可证书，且证书许可产品名称与本次投标核心产品实质对应的，得4分；2）投标设备制造商无有效气象专用技术装备许可证书，但能提供有效证明材料（如官方受理回执等），证实其已正式提交该证书申请的，得3分；3）投标设备制造商提供承诺函，承诺所投X波段双偏振相控阵天气雷达在项目竣工验收前之前取得中国气象局主管部门核发的气象专用技术装备使用许可证，并加盖设备制造商公章的，得2分；3）存在以下情形之一的，本项不得分：①未提供任何相关证书及证明材料；②所提供的气象专用技术装备许可证书超出有效期；③所提供的证书许可产品类别不属于气象雷达相关范畴。更正为：5核心设备要求（客观分）根据《气象专用技术装备使用许可管理办法》的规定，为保障本项目核心设备技术指标符合招标文件要求、供货来源合法合规，须承诺所投X波段双偏振相控阵天气雷达在项目合同验收之前取得中国气象局主管部门核发的、与本次投标产品相匹配，且在有效期内的气象专用技术装备使用许可证，并加盖公章，得4分；未提供或承诺内容不符合要求的不得分。5.合同资料表 八 履约保证金原：“不要求提交履约保证金”，更正为：“10%合同总价的履约保函”6. 投标截止时间及开标时间原投标截止时间及开标时间：2026年8月31日10:00（北京时间）更正为：2026年9月14日10:00（北京时间） 更正日期：2026年08月28日 三、其他补充事宜 四、凡对本次公告内容提出询问，请按以下方式联系。 1.采购人信息 名 称：中国气象局上海台风研究所 地址：上海市徐汇区蒲西路166号 联系方式：梅老师 021-54891080 2.采购代理机构信息 名 称：上海中招招标有限公司 地 址：上海市静安区恒丰路600号5楼C座 联系方式：吴小晶、朱昌丽 021-66275357、021-66279718 crystal_wxjing@163.com、zhuchangliv@sina.cn 3.项目联系方式 项目联系人：吴小晶、朱昌丽 电 话： 021-66275357、021-66279718,其他,,中国政府采购网,,,default,,采购文件,,,,,,,,,
民航华北空中交通管理局终端管制中心不间断电源蓄电池更新项目更正公告,变更公告,0748-2611CA1028GK,2026年08月28日 17:16,北京市,中国民用航空华北地区空中交通管理局,北京市朝阳区首都机场T1航站楼东侧塔台,叶倩文、陈祎 010-64590336,中航材国际招标有限公司,北京市顺义区天祥路6号院北京东航中心2号楼8层,贾明太、李少譞、晨歌 010-84384875、010-84384737,李少譞,010-84384875、010-84384737,,,https://www.ccgp.gov.cn/cggg/zygg/gzgg/202608/t20260828_27226793.htm,2026-09-10 09:50:12,一、项目基本情况 原公告的采购项目编号：0748-2611CA1028GK 原公告的采购项目名称：民航华北空中交通管理局终端管制中心不间断电源蓄电池更新项目 首次公告日期：2026年07月31日 二、更正信息 更正事项：采购文件 更正内容： 各投标人：关于本项目的招标文件，现有如下澄清及修改：1、招标文件“第四章 评标标准及评标方法”中的3.3技术评审细则表格中，以下条目： 评审因素 评分标准说明 满分 产品技术要求 容量保存率：蓄电池静置28天后，剩余容量在96%的基础上，每增加1%得2分，不足1%按1%计算，提供带有CMA标识的第三方机构出具的有效检测报告，共8分。 8分 蓄电池的密封反应效率在95%的基础上投标产品每增加1%数值加1分，不足1%按1%计算，提供带有CMA标识的第三方机构出具的有效检测报告，共5分。 5分 提供UPS及蓄电池监控系统调试服务 投标人承诺提供UPS原厂调试服务得4分； 投标人承诺提供非UPS原厂调试服务得2分； 投标人不提供UPS调试服务得0分。 （须提供加盖投标人公章的承诺函） 4分 备件情况 质保期内出现发生需要更换电池的故障，承诺自故障确认之日起15日内完成更新，能在2日内备货并寄出。质保到期后5年内所投产品同型号备件不断供。提供承诺书，满足得3分，不满足得0分。 3分  修改为： 评审因素 评分标准说明 满分 产品技术要求 容量保存率：蓄电池静置28天后，剩余容量在96%的基础上，每增加1%得2分，不足1%按1%计算，提供带有CMA标识的第三方机构出具的有效检测报告，共8分；在此基础上提供泰尔认证中心出具的有效检测报告，加1分；本项总分共9分。 9分 蓄电池的密封反应效率在95%的基础上投标产品每增加1%数值加1分，不足1%按1%计算，提供带有CMA标识的第三方机构出具的有效检测报告，共5分。在此基础上提供泰尔认证中心出具的有效检测报告，加1分；本项总分共6分。 6分 提供UPS及蓄电池监控系统调试服务 投标人承诺提供UPS原厂调试服务得3分； 投标人承诺提供非UPS原厂调试服务得1分； 投标人不提供UPS调试服务得0分。 （须提供加盖投标人公章的承诺函） 3分 备件情况 质保期内出现发生需要更换电池的故障，承诺自故障确认之日起15日内完成更新，能在2日内备货并寄出。质保到期后5年内所投产品同型号备件不断供。提供承诺书，满足得2分，不满足得0分。 2分  2、招标文件“第五章 采购内容及服务要求”中的5.4.5.14验收条款中的验收合格条件：“已提供了合同规定的全部货物；投标方已完成按合同约定的设备安装督导、调试及联合调试等一切工作；试运行时性能满足合同及本招标书的技术要求；性能测试和试运行验收时出现的问题已被解决至招标方满意；投标方竣工资料齐备完整且满足招标方和工程所在地档案管理要求，并移交完整的档案资料；”修改为：“投标方已提供了型号、容量、数量符合合同规定的全部货物，且产品合格证齐全；所供蓄电池各项技术参数、性能指标须与投标文件技术响应内容一致，实际供货指标不得低于投标承诺；蓄电池外观应无裂纹、无损伤；密封应良好，应无渗漏；安全排气阀应处于正常状态；蓄电池的正、负端接线柱应极性正确，应无变形、无损伤；投标方已完成按合同约定的设备安装督导、调试及联合调试等一切工作；蓄电池转入浮充状态24h后，单体蓄电池之间端电压差值不大于60mV；试运行时性能满足合同及本招标书的技术要求；性能测试和试运行验收时出现的问题已被解决至招标方满意；投标方竣工资料齐备完整且满足招标方和工程所在地档案管理要求，并移交完整的档案资料；” 更正日期：2026年08月28日 三、其他补充事宜 四、凡对本次公告内容提出询问，请按以下方式联系。 1.采购人信息 名 称：中国民用航空华北地区空中交通管理局 地址：北京市朝阳区首都机场T1航站楼东侧塔台 联系方式：叶倩文、陈祎 010-64590336 2.采购代理机构信息 名 称：中航材国际招标有限公司 地 址：北京市顺义区天祥路6号院北京东航中心2号楼8层 联系方式：贾明太、李少譞、晨歌 010-84384875、010-84384737 3.项目联系方式 项目联系人：李少譞，贾明太，晨歌 电 话： 010-84384875、010-84384737,市政交通,,中国政府采购网,,,default,,采购文件,,,,,,,,,
广东省消防救援总队特勤支队2026年车辆保险服务采购项目（项目编号：ZJZB-2026-20350）更正公告（第二次）,变更公告,ZJZB-2026-20350,2026年08月28日 17:15,广州市,广东省消防救援总队特勤大队,广州市天河区高普路86号,谢先生，020-38270886,中捷通信有限公司,广州市越秀区较场西路21号中捷通信有限公司,黄丹彤16620120513/崔世杰15800204406/余镇华/施其铿/谢知,黄丹彤,16620120513、15800204406,,,https://www.ccgp.gov.cn/cggg/zygg/gzgg/202608/t20260828_27226742.htm,2026-09-10 09:50:12,一、项目基本情况 原公告的采购项目编号：ZJZB-2026-20350 原公告的采购项目名称：广东省消防救援总队特勤支队2026年车辆保险服务采购项目 首次公告日期：2026年08月24日 二、更正信息 更正事项：采购文件 更正内容： 1、原公告内容： 技术评审内容（70分） 序号 评审项目 评审细则 分值（分） 1 技术条款响应程度（一） 完全响应或正偏离或无偏离采购需求书中“三、服务内容及服务要求：（二）服务要求”的一般技术参数条款【除“★”、“▲”以及“6．车辆定损时效”之外的条款】（共12项），得18分，每有一条参数负偏离或未响应扣1.5分，最低扣至0分。 备注：如采购需求中有明确提供的证明资料，则以采购需求中要求的为准，无或未按要求提供证明材料的不得分；如采购需求中无明确证明材料的，以供应商响应文件中的《采购需求响应一览表》中的响应情况填写内容为准，未填写的视为负偏离。 18 2 技术条款响应程度 （二） 完全响应或正偏离或无偏离采购需求书中“三、服务内容及服务要求：（四）技术支持”的一般技术参数条款【除“★”、“▲”之外的条款】（共2项），得10分，每有一条参数负偏离或未响应扣5分，最低扣至0分。 备注：如采购需求中有明确提供的证明资料，则以采购需求中要求的为准，无或未按要求提供证明材料的不得分；如采购需求中无明确证明材料的，以供应商响应文件中的《采购需求响应一览表》中的响应情况填写内容为准，未填写的视为负偏离。 10  更正为： 技术评审内容（60分） 序号 评审项目 评审细则 分值（分） 1 技术条款响应程度（一） 完全响应或正偏离或无偏离采购需求书中“三、服务内容及服务要求：（二）服务要求”的一般技术参数条款【除“★”、“▲”以及“6．车辆定损时效”之外的条款】（共12项），得12分，每有一条参数负偏离或未响应扣1分，最低扣至0分。 备注：如采购需求中有明确提供的证明资料，则以采购需求中要求的为准，无或未按要求提供证明材料的不得分；如采购需求中无明确证明材料的，以供应商响应文件中的《采购需求响应一览表》中的响应情况填写内容为准，未填写的视为负偏离。 12 2 技术条款响应程度 （二） 完全响应或正偏离或无偏离采购需求书中“三、服务内容及服务要求：（四）技术支持”的一般技术参数条款【除“★”、“▲”之外的条款】（共2项），得6分，每有一条参数负偏离或未响应扣3分，最低扣至0分。 备注：如采购需求中有明确提供的证明资料，则以采购需求中要求的为准，无或未按要求提供证明材料的不得分；如采购需求中无明确证明材料的，以供应商响应文件中的《采购需求响应一览表》中的响应情况填写内容为准，未填写的视为负偏离。 6 其他内容不变。 更正日期：2026年08月28日 三、其他补充事宜 更正公告为原采购公告、原采购文件不可分割的部分，原采购公告、原采购文件相应条款与本公告有不一致之处，以本公告为准。请供应商务必按照更正后的内容编制响应文件，本公告发布，视同书面通知所有潜在供应商。 四、凡对本次公告内容提出询问，请按以下方式联系。 1.采购人信息 名 称：广东省消防救援总队特勤大队 地址：广州市天河区高普路86号 联系方式：谢先生，020-38270886 2.采购代理机构信息 名 称：中捷通信有限公司 地 址：广州市越秀区较场西路21号中捷通信有限公司 联系方式：黄丹彤16620120513/崔世杰15800204406/余镇华/施其铿/谢知 3.项目联系方式 项目联系人：黄丹彤/崔世杰 电 话： 16620120513、15800204406,公共安全,,中国政府采购网,,,default,,采购文件,,,,,,,,,
中国特种设备检测研究院上海外高桥一厂扩容量替代项目（2×1000MW）锅炉安装监督检验更正公告,变更公告,0773-2641GNQGFWCS1558,2026年08月28日 17:05,北京市,中国特种设备检测研究院,北京市朝阳区和平街西苑2号,郭老师 13811403668,中金招标有限责任公司,北京市海淀区西三环北路21号久凌大厦15层,桑工、周工13121879350,桑工、周工,13121879350,更正公告-上海外高桥一厂扩容量替代项目（2×1000MW）锅炉安装监督检验.docx,"[{""attach_name"": ""更正公告-上海外高桥一厂扩容量替代项目（2×1000MW）锅炉安装监督检验.docx"", ""attach_url"": ""https://download.ccgp.gov.cn/oss/download?uuid=A67B70F7413E6219B80E2ABBE083EB""}]",https://www.ccgp.gov.cn/cggg/zygg/gzgg/202608/t20260828_27226487.htm,2026-09-10 09:50:13,一、项目基本情况 原公告的采购项目编号：0773-2641GNQGFWCS1558 原公告的采购项目名称：上海外高桥一厂扩容量替代项目（2×1000MW）锅炉安装监督检验 首次公告日期：2026年08月24日 二、更正信息 更正事项：采购结果 更正内容： 更正原因：变更中标成交金额更正内容：原中标成交金额：144.0225万元（人民币）修改为中标成交金额：114.0225万元（人民币） 原项目代理费总金额：1.85万元修改为代理费总金额：1.61万元 更正日期：2026年08月28日 三、其他补充事宜 无 四、凡对本次公告内容提出询问，请按以下方式联系。 1.采购人信息 名 称：中国特种设备检测研究院 地址：北京市朝阳区和平街西苑2号 联系方式：郭老师 13811403668 2.采购代理机构信息 名 称：中金招标有限责任公司 地 址：北京市海淀区西三环北路21号久凌大厦15层 联系方式：桑工、周工13121879350 3.项目联系方式 项目联系人：桑工、周工 电 话： 13121879350,能源电力,,中国政府采购网,,,default,,采购结果,,,,,,,,,
哈尔滨工程大学综合教学楼建设项目超低能耗断桥铝合金门窗等采购及安装项目延期定标公告,变更公告,FJ0101G260722001001,2026年08月28日 17:03,松北区,哈尔滨工程大学,哈尔滨市南岗区南通大街145号、北京市石景山区石景山路20号,杨帆、张庆贺、杜佳媛、单玙璠,宜国发项目管理有限公司,0451-84215818,曲柠、孙悦龙,曲柠、孙悦龙,04451-84215818,,,https://www.ccgp.gov.cn/cggg/zygg/gzgg/202608/t20260828_27226426.htm,2026-09-10 09:50:14,一、项目基本情况 原公告的采购项目编号：FJ0101G260722001001 原公告的采购项目名称：哈尔滨工程大学综合教学楼建设项目超低能耗断桥铝合金门窗等采购及安装 首次公告日期：2026年07月27日 二、更正信息 更正事项：采购结果 更正内容： 哈尔滨工程大学综合教学楼建设项目超低能耗断桥铝合金门窗等采购及安装项目延期定标公告哈尔滨工程大学综合教学楼建设项目超低能耗断桥铝合金门窗等采购及安装项目（项目编号：FJ0101G260722001001），因招标人工作计划调整，现将定标时间延期，具体时间及地点详见黑龙江公共资源交易网发布的中标候选人和定标结果公示。 招标人：哈尔滨工程大学、中铁建设集团有限公司地址：哈尔滨市南岗区南通大街145号、北京市石景山区石景山路20号联系人：杨帆、张庆贺、杜佳媛、单玙璠 联系方式：0451-82519863招标代理机构：宜国发项目管理有限公司地址：哈尔滨市道里区群力第四大道399号汇智广场中楼401邮编：150070招标代理项目负责人：李贵涛联系人：曲柠、孙悦龙联系方式：0451-84215818电子邮箱：Dept1@guofa818.com招标投标行政监督与受理投诉单位：哈尔滨市松北区住房和城乡建设局地  址：哈尔滨市松北区世茂西大道2829号联系人：陈秀华、林红艳 电  话：0451-58795593 更正日期：2026年08月28日 三、其他补充事宜 四、凡对本次公告内容提出询问，请按以下方式联系。 1.采购人信息 名 称：哈尔滨工程大学 地址：哈尔滨市南岗区南通大街145号、北京市石景山区石景山路20号 联系方式：杨帆、张庆贺、杜佳媛、单玙璠 2.采购代理机构信息 名 称：宜国发项目管理有限公司 地 址：0451-84215818 联系方式：曲柠、孙悦龙 3.项目联系方式 项目联系人：曲柠、孙悦龙 电 话： 04451-84215818,教育培训,,中国政府采购网,,,default,,采购结果,,,,,,,,,
青海省消防救援总队训练与战勤保障支队训保支队车辆维修维保服务项目更正公告,变更公告,,2026年08月28日 16:56,西宁市,青海省消防救援总队训练与战勤保障支队,海东市互助县威远镇安定西路,联系人：李先生                           电话：0972-5920757,青海骁驰项目管理有限公司,青海省西宁市城中区香格里拉8号21号楼8-172室,联系人：祁女士                    电话：0971-5165338,李先生,0972-5920757,,,https://www.ccgp.gov.cn/cggg/zygg/gzgg/202608/t20260828_27226246.htm,2026-09-10 09:50:14,一、项目基本情况 原公告的采购项目编号：青海骁驰竞磋（服务）2026-153 原公告的采购项目名称：青海省消防救援总队训练与战勤保障支队训保支队车辆维修维保服务项目成交公告 首次公告日期：2026年08月27日 二、更正信息 更正事项：采购结果 更正内容： 中标供应商折扣率（%）：85.0000000更正为中标供应商折扣率（%）：82.0000000 更正日期：2026年08月28日 三、其他补充事宜 无 四、凡对本次公告内容提出询问，请按以下方式联系。 1.采购人信息 名 称：青海省消防救援总队训练与战勤保障支队 地址：海东市互助县威远镇安定西路 联系方式：联系人：李先生 电话：0972-5920757 2.采购代理机构信息 名 称：青海骁驰项目管理有限公司 地 址：青海省西宁市城中区香格里拉8号21号楼8-172室 联系方式：联系人：祁女士 电话：0971-5165338 3.项目联系方式 项目联系人：李先生 电 话： 0972-5920757,公共安全,,中国政府采购网,,,default,,采购结果,,,,,,,,,
天津大学后勤保障与基本建设部新校区食堂多联机空调购置及安装采购项目更正公告,变更公告,TDZC2026N0125,2026年08月28日 16:56,天津市,天津大学,天津市南开区卫津路92号,巩老师、蔡老师022-27407504（招标办）,昱丰（天津）项目管理有限公司,天津市河西区解放南路与湘江道交口海河大观三期18号楼底商85三层,刘女士02284858338,吴建芳、高彩虹、韩莹、张琪、褚,15620612730,,,https://www.ccgp.gov.cn/cggg/zygg/gzgg/202608/t20260828_27226248.htm,2026-09-10 09:50:15,一、项目基本情况 原公告的采购项目编号：TDZC2026N0125 原公告的采购项目名称：天津大学后勤保障与基本建设部新校区食堂多联机空调购置及安装采购项目 首次公告日期：2026年08月20日 二、更正信息 更正事项：采购公告 更正内容： 项目编号统一为TDZC2026N0125 更正日期：2026年08月28日 三、其他补充事宜 请各供应商在收到此更正公告后，将“更正公告确认函”附在响应文件中，并将加盖公章的“更正公告确认函”扫描件发至627035570@qq.com邮箱。磋商文件与本公告有不符之处，以本公告为准，本公告未涉及内容仍以磋商文件为准。 四、凡对本次公告内容提出询问，请按以下方式联系。 1.采购人信息 名 称：天津大学 地址：天津市南开区卫津路92号 联系方式：巩老师、蔡老师022-27407504（招标办） 2.采购代理机构信息 名 称：昱丰（天津）项目管理有限公司 地 址：天津市河西区解放南路与湘江道交口海河大观三期18号楼底商85三层 联系方式：刘女士02284858338 3.项目联系方式 项目联系人：吴建芳、高彩虹、韩莹、张琪、褚娜 电 话： 15620612730,教育培训,,中国政府采购网,,,default,,采购公告,,,,,,,,,
哈尔滨工程大学松北校区第二十三、二十四学生公寓组团建设项目超低能耗断桥铝合金门窗等采购及安装项目延期定标公告,变更公告,FJ0101G260723001001,2026年08月28日 16:51,哈尔滨市,哈尔滨工程大学,0451-82519863,杨帆、张庆贺、杜佳媛、王瑞森,宜国发项目管理有限公司,哈尔滨市道里区群力第四大道399号汇智广场中楼401,曲柠、孙悦龙,曲柠、孙悦龙,0451-84215818,,,https://www.ccgp.gov.cn/cggg/zygg/gzgg/202608/t20260828_27226078.htm,2026-09-10 09:50:16,一、项目基本情况 原公告的采购项目编号：FJ0101G260723001001 原公告的采购项目名称：哈尔滨工程大学松北校区第二十三、二十四学生公寓组团建设项目超低能耗断桥铝合金门窗等采购及安装项目 首次公告日期：2026年07月28日 二、更正信息 更正事项：采购结果 更正内容： 哈尔滨工程大学松北校区第二十三、二十四学生公寓组团建设项目超低能耗断桥铝合金门窗等采购及安装项目延期定标公告哈尔滨工程大学松北校区第二十三、二十四学生公寓组团建设项目超低能耗断桥铝合金门窗等采购及安装项目（项目编号：FJ0101G260723001001），因招标人工作计划调整，现将定标时间延期，具体时间及地点详见黑龙江公共资源交易网发布的中标候选人和定标结果公示。 招标人：哈尔滨工程大学、哈尔滨建工集团有限责任公司地址：哈尔滨市南岗区南通大街145号、黑龙江省哈尔滨市松北区天元街726 号中关村松北商贸区 A 区二期6#楼联系人：杨帆、张庆贺、杜佳媛、王瑞森 联系方式：0451-82519863招标代理机构：宜国发项目管理有限公司地址：哈尔滨市道里区群力第四大道399号汇智广场中楼401邮编：150070招标代理项目负责人：李贵涛联系人：曲柠、孙悦龙联系方式：0451-84215818电子邮箱：Dept1@guofa818.com招标投标行政监督与受理投诉单位：哈尔滨市松北区住房和城乡建设局地  址：哈尔滨市松北区世茂西大道2829号联系人：陈秀华、林红艳 电  话：0451-58795593 更正日期：2026年08月28日 三、其他补充事宜 四、凡对本次公告内容提出询问，请按以下方式联系。 1.采购人信息 名 称：哈尔滨工程大学 地址：0451-82519863 联系方式：杨帆、张庆贺、杜佳媛、王瑞森 2.采购代理机构信息 名 称：宜国发项目管理有限公司 地 址：哈尔滨市道里区群力第四大道399号汇智广场中楼401 联系方式：曲柠、孙悦龙 3.项目联系方式 项目联系人：曲柠、孙悦龙 电 话： 0451-84215818,教育培训,,中国政府采购网,,,default,,采购结果,,,,,,,,,
华中科技大学同济医学院附属协和医院超声医学科彩色多普勒超声诊断仪3台(全身机)更正公告（二）,变更公告,ZF2026-HB-0258,2026年08月28日 16:48,湖北省,华中科技大学同济医学院附属协和医院,湖北省武汉市解放大道1277号,李老师 027-85726571,安徽省招标集团股份有限公司,湖北省武汉市硚口区解放大道586号同馨商务大厦2306室,倪裳、黄敏冲、袁童、柳小豪、徐杜敏027-83799899、19986914585,倪裳、黄敏冲、袁童、柳小豪、徐,027-83799899、19986914585,,,https://www.ccgp.gov.cn/cggg/zygg/gzgg/202608/t20260828_27225989.htm,2026-09-10 09:50:16,一、项目基本情况 原公告的采购项目编号：ZF2026-HB-0258 原公告的采购项目名称：超声医学科彩色多普勒超声诊断仪3台(全身机) 首次公告日期：2026年07月29日 二、更正信息 更正事项：采购公告 更正内容： 本项目提交投标文件截止时间、开标时间变更为2026年9月2日09时00分00秒（北京时间）。其他内容不变。 更正日期：2026年08月28日 三、其他补充事宜 无 四、凡对本次公告内容提出询问，请按以下方式联系。 1.采购人信息 名 称：华中科技大学同济医学院附属协和医院 地址：湖北省武汉市解放大道1277号 联系方式：李老师 027-85726571 2.采购代理机构信息 名 称：安徽省招标集团股份有限公司 地 址：湖北省武汉市硚口区解放大道586号同馨商务大厦2306室 联系方式：倪裳、黄敏冲、袁童、柳小豪、徐杜敏027-83799899、19986914585 3.项目联系方式 项目联系人：倪裳、黄敏冲、袁童、柳小豪、徐杜敏 电 话： 027-83799899、19986914585,医疗卫生,,中国政府采购网,,,default,,采购公告,,,,,,,,,
华中科技大学同济医学院附属协和医院心内科数字减影X线机(DSA)1套更正公告,变更公告,HBCZ-2606050280-261388,2026年08月28日 16:48,武汉市,华中科技大学同济医学院附属协和医院,湖北省武汉市解放大道1277号,李老师 027-85726571,湖北省成套招标股份有限公司,湖北省武汉市武昌区东湖西路特2号平安财富中心B座6-10楼,魏运波、陈祥勇、彭亚美、胡小康、徐沫 /1002730332@qq.com,魏运波、陈祥勇、彭亚美、胡小康,15377537087,,,https://www.ccgp.gov.cn/cggg/zygg/gzgg/202608/t20260828_27225987.htm,2026-09-10 09:50:17,一、项目基本情况 原公告的采购项目编号：HBCZ-2606050280-261388 原公告的采购项目名称：华中科技大学同济医学院附属协和医院心内科数字减影X线机(DSA)1套 首次公告日期：2026年08月07日 二、更正信息 更正事项：采购公告 更正内容： 因项目需要，本项目提交投标文件截止时间及开标时间延期，具体时间另行通知。 更正日期：2026年08月28日 三、其他补充事宜 / 四、凡对本次公告内容提出询问，请按以下方式联系。 1.采购人信息 名 称：华中科技大学同济医学院附属协和医院 地址：湖北省武汉市解放大道1277号 联系方式：李老师 027-85726571 2.采购代理机构信息 名 称：湖北省成套招标股份有限公司 地 址：湖北省武汉市武昌区东湖西路特2号平安财富中心B座6-10楼 联系方式：魏运波、陈祥勇、彭亚美、胡小康、徐沫 /1002730332@qq.com 3.项目联系方式 项目联系人：魏运波、陈祥勇、彭亚美、胡小康、徐沫 电 话： 15377537087,医疗卫生,,中国政府采购网,,,default,,采购公告,,,,,,,,,
中华人民共和国昆明海关昆明海关2026年监管查验技术装备设备采购项目（手持式背散射检测仪）更正公告（二）,变更公告,KMHGHWCG2026-008,2026年08月28日 16:42,云南省,中华人民共和国昆明海关,云南省昆明市北京路618号,杨老师0871-63016344,云南中招招标有限公司,昆明市五华区王筇路176号绿地创海大厦21层,周桃、钱文君、张广闻、陈婧博、张俊、果磊、李庆梅0871-68308282、68308030-641,周桃、钱文君、张广闻、陈婧博,0871-68308282、68308030-641,,,https://www.ccgp.gov.cn/cggg/zygg/gzgg/202608/t20260828_27225802.htm,2026-09-10 09:50:18,"一、项目基本情况 原公告的采购项目编号：KMHGHWCG2026-008 原公告的采购项目名称：昆明海关2026年监管查验技术装备设备采购项目（手持式背散射检测仪） 首次公告日期：2026年08月13日 二、更正信息 更正事项：采购文件 更正内容： 删除原招标文件 第三章 项目需求书 4.软件功能“4.7配套软件：支持通过专用数据线连接笔记本电脑导出图像，并提供配套PC端图像分析软件（免费授权）” 更正日期：2026年08月28日 三、其他补充事宜 给各投标人带来不便,敬请谅解。 四、凡对本次公告内容提出询问，请按以下方式联系。 1.采购人信息 名 称：中华人民共和国昆明海关 地址：云南省昆明市北京路618号 联系方式：杨老师0871-63016344 2.采购代理机构信息 名 称：云南中招招标有限公司 地 址：昆明市五华区王筇路176号绿地创海大厦21层 联系方式：周桃、钱文君、张广闻、陈婧博、张俊、果磊、李庆梅0871-68308282、68308030-641 3.项目联系方式 项目联系人：周桃、钱文君、张广闻、陈婧博、张俊、果磊、李庆梅 电 话： 0871-68308282、68308030-641",科研检测,,中国政府采购网,,,default,,采购文件,,,,,,,,,
哈尔滨工程大学杂品类、干调类配送服务更正公告,变更公告,TC269202S,2026年08月28日 16:38,市辖区,哈尔滨工程大学,哈尔滨市南岗区南通大街145号,杜老师、杨老师、张老师  0451- 82519863,中招国际招标有限公司,哈尔滨市香坊区红旗大街227号四通中心701室,芦炳男、王峥男、伦惠东  13394515577、18846040119,王峥男,13394515577,中小企业声明函.pdf,"[{""attach_name"": ""中小企业声明函.pdf"", ""attach_url"": ""https://download.ccgp.gov.cn/oss/download?uuid=EBA9B9DAF4112CBDD7629E3C91A9DD""}]",https://www.ccgp.gov.cn/cggg/zygg/gzgg/202608/t20260828_27225662.htm,2026-09-10 09:50:19,一、项目基本情况 原公告的采购项目编号：TC269202S 原公告的采购项目名称：哈尔滨工程大学杂品类、干调类配送服务中标公告 首次公告日期：2026年08月13日 二、更正信息 更正事项：采购结果 更正内容： 因标包1中标人哈尔滨安念商贸有限公司放弃中标，现对原中标公告进行部分更正。原公告内容（三、中标(成交)信息）：供应商名称：哈尔滨安念商贸有限公司供应商地址：黑龙江省哈尔滨市南岗区建新街31号包组或产品名称：1折扣率(%)：68.0000000现更正为：供应商名称：哈尔滨展益厨房设备有限公司供应商地址：黑龙江省哈尔滨市道外区太古街 681-1 号包组或产品名称：1折扣率(%)：11.0000000（即折扣：89%）原公告内容（四、主要标的信息）： 序号 供应商名称 服务名称 服务范围 服务要求 服务时间 服务标准 1 哈尔滨安念商贸有限公司 杂品类配送服务 包含厨房用具、一次性用品等 符合招标文件要求 三年（合同签订时间起算）。本项目采用一签三年方式采购，合同一年一签。甲方根据服务质量、服务内容、服务标准等情况决定是否续签。若甲方未获得预算批复或需求取消，经甲方提前书面通知乙方后，合同到期终止，不再续签。 符合招标文件要求  现更正为： 序号 供应商名称 服务名称 服务范围 服务要求 服务时间 服务标准 1 哈尔滨展益厨房设备有限公司 杂品类配送服务 包含厨房用具、一次性用品等 符合招标文件要求 三年（合同签订时间起算）。本项目采用一签三年方式采购，合同一年一签。甲方根据服务质量、服务内容、服务标准等情况决定是否续签。若甲方未获得预算批复或需求取消，经甲方提前书面通知乙方后，合同到期终止，不再续签。 符合招标文件要求  原公告内容（六、代理服务收费标准及金额）：本项目代理费收费标准：参照原计价格[2002]1980号文件的规定，本项目第一包代理酬金为6120.00 元、第二包代理酬金为7200.00 元。本项目代理费总金额：1.332000 万元（人民币）现更正为：本项目代理费收费标准：参照原计价格[2002]1980号文件的规定，本项目第一包代理酬金为8010.00 元、第二包代理酬金为7200.00 元。本项目代理费总金额：1.521000 万元（人民币） 更正日期：2026年08月28日 三、其他补充事宜 无 四、凡对本次公告内容提出询问，请按以下方式联系。 1.采购人信息 名 称：哈尔滨工程大学 地址：哈尔滨市南岗区南通大街145号 联系方式：杜老师、杨老师、张老师 0451- 82519863 2.采购代理机构信息 名 称：中招国际招标有限公司 地 址：哈尔滨市香坊区红旗大街227号四通中心701室 联系方式：芦炳男、王峥男、伦惠东 13394515577、18846040119 3.项目联系方式 项目联系人：王峥男 电 话： 13394515577,教育培训,,中国政府采购网,,,default,,采购结果,,,,,,,,,
广东省消防救援总队特勤支队2026年车辆保险服务采购项目（项目编号：ZJZB-2026-20350）更正公告,变更公告,ZJZB-2026-20350,2026年08月28日 16:19,广州市,广东省消防救援总队特勤大队,广州市天河区高普路86号,谢先生，020-38270886,中捷通信有限公司,广州市越秀区较场西路21号中捷通信有限公司,黄丹彤16620120513/崔世杰15800204406/余镇华/施其铿/谢知,黄丹彤,16620120513、15800204406,,,https://www.ccgp.gov.cn/cggg/zygg/gzgg/202608/t20260828_27225144.htm,2026-09-10 09:50:19,一、项目基本情况 原公告的采购项目编号：ZJZB-2026-20350 原公告的采购项目名称：广东省消防救援总队特勤支队2026年车辆保险服务采购项目 首次公告日期：2026年08月24日 二、更正信息 更正事项：采购文件 更正内容： 1、原公告内容： 技术评审内容（70分） 序号 评审项目 评审细则 分值（分） 1 技术条款响应程度（一） 完全响应或正偏离或无偏离采购需求书中“三、服务内容及服务要求：（二）服务要求”的一般技术参数条款【除“★”、“▲”以及“6．车辆定损时效”之外的条款】（共12项），得12分，每有一条参数负偏离或未响应扣1分，最低扣至0分。 备注：如采购需求中有明确提供的证明资料，则以采购需求中要求的为准，无或未按要求提供证明材料的不得分；如采购需求中无明确证明材料的，以供应商响应文件中的《采购需求响应一览表》中的响应情况填写内容为准，未填写的视为负偏离。 12 2 技术条款响应程度 （二） 完全响应或正偏离或无偏离采购需求书中“三、服务内容及服务要求：（四）技术支持”的一般技术参数条款【除“★”、“▲”之外的条款】（共2项），得6分，每有一条参数负偏离或未响应扣3分，最低扣至0分。 备注：如采购需求中有明确提供的证明资料，则以采购需求中要求的为准，无或未按要求提供证明材料的不得分；如采购需求中无明确证明材料的，以供应商响应文件中的《采购需求响应一览表》中的响应情况填写内容为准，未填写的视为负偏离。 6 更正为： 技术评审内容（70分） 序号 评审项目 评审细则 分值（分） 1 技术条款响应程度（一） 完全响应或正偏离或无偏离采购需求书中“三、服务内容及服务要求：（二）服务要求”的一般技术参数条款【除“★”、“▲”以及“6．车辆定损时效”之外的条款】（共12项），得18分，每有一条参数负偏离或未响应扣1.5分，最低扣至0分。 备注：如采购需求中有明确提供的证明资料，则以采购需求中要求的为准，无或未按要求提供证明材料的不得分；如采购需求中无明确证明材料的，以供应商响应文件中的《采购需求响应一览表》中的响应情况填写内容为准，未填写的视为负偏离。 18 2 技术条款响应程度 （二） 完全响应或正偏离或无偏离采购需求书中“三、服务内容及服务要求：（四）技术支持”的一般技术参数条款【除“★”、“▲”之外的条款】（共2项），得10分，每有一条参数负偏离或未响应扣5分，最低扣至0分。 备注：如采购需求中有明确提供的证明资料，则以采购需求中要求的为准，无或未按要求提供证明材料的不得分；如采购需求中无明确证明材料的，以供应商响应文件中的《采购需求响应一览表》中的响应情况填写内容为准，未填写的视为负偏离。 10  其他内容不变。 更正日期：2026年08月28日 三、其他补充事宜 更正公告为原采购公告、原采购文件不可分割的部分，原采购公告、原采购文件相应条款与本公告有不一致之处，以本公告为准。请供应商务必按照更正后的内容编制响应文件，本公告发布，视同书面通知所有潜在供应商。 四、凡对本次公告内容提出询问，请按以下方式联系。 1.采购人信息 名 称：广东省消防救援总队特勤大队 地址：广州市天河区高普路86号 联系方式：谢先生，020-38270886 2.采购代理机构信息 名 称：中捷通信有限公司 地 址：广州市越秀区较场西路21号中捷通信有限公司 联系方式：黄丹彤16620120513/崔世杰15800204406/余镇华/施其铿/谢知 3.项目联系方式 项目联系人：黄丹彤/崔世杰 电 话： 16620120513、15800204406,公共安全,,中国政府采购网,,,default,,采购文件,,,,,,,,,
2026年度车辆油料采购项目更正公告（第一次）,变更公告,0877-26GZTP5XE0563,2026年08月28日 16:13,广东省,SPD-25,广东省广州市,87186546,广东广招国际招标有限公司,广州市东风东路745号东山紫园商务大厦2003单元,020-37816286,胡工,020-37816286-837,,,https://www.ccgp.gov.cn/cggg/zygg/gzgg/202608/t20260828_27225020.htm,2026-09-10 09:50:20,一、项目基本情况 原公告的采购项目编号：0877-26GZTP5XE0563 原公告的采购项目名称：2026年度车辆油料采购项目 首次公告日期：2026年08月19日 二、更正信息 更正事项：采购公告 更正内容： 原采购公告、采购文件中：三、获取招标文件时间：2026年08月19日至2026年08月26日，每天上午9:00至12:00，下午14:30至17:30。（北京时间，法定节假日除外）现更正为：获取招标文件截止时间更正为2026年09月04日下午17:30（北京时间，法定节假日除外）其余内容不变 更正日期：2026年08月28日 三、其他补充事宜 更正公告为原采购公告、原采购文件不可分割的部分，原采购公告、原采购文件相应条款与本公告有不一致之处，以本公告为准。请供应商务必按照更正后的内容编制投标文件，本公告发布，视同书面通知所有潜在供应商。 四、凡对本次公告内容提出询问，请按以下方式联系。 1.采购人信息 名 称：SPD-25 地址：广东省广州市 联系方式：87186546 2.采购代理机构信息 名 称：广东广招国际招标有限公司 地 址：广州市东风东路745号东山紫园商务大厦2003单元 联系方式：020-37816286 3.项目联系方式 项目联系人：胡工（跟进人员）（电话无人接听请发邮件huyerong@gztpc.com咨询，我司会及时回复） 电 话： 020-37816286-837,设备购置,,中国政府采购网,,,default,,采购公告,,,,,,,,,
淄博市周村区消防救援大队车辆定点维修、保养单位采购项目成交结果更正公告,变更公告,SHJYCS20260729-1,2026年08月28日 16:09,周村区,淄博市周村区消防救援大队,淄博市周村区周隆路5666号,0533-2827217,山东晟和嘉业项目管理有限公司,山东省淄博市高新区金晶大道267号,王艳13287079026,谢先生,0533-2827217,,,https://www.ccgp.gov.cn/cggg/zygg/gzgg/202608/t20260828_27224897.htm,2026-09-10 09:50:20,一、项目基本情况 原公告的采购项目编号：SHJYCS20260729-1 原公告的采购项目名称：淄博市周村区消防救援大队车辆定点维修、保养单位采购项目成交公告 首次公告日期：2026年08月18日 二、更正信息 更正事项：采购结果 更正内容： 原：配件单价折扣率/工时单价折扣率成交折扣率(%)：96.0000000变更为：配件单价折扣率/工时单价折扣率成交折扣率(%)：95.0000000 更正日期：2026年08月28日 三、其他补充事宜 无 四、凡对本次公告内容提出询问，请按以下方式联系。 1.采购人信息 名 称：淄博市周村区消防救援大队 地址：淄博市周村区周隆路5666号 联系方式：0533-2827217 2.采购代理机构信息 名 称：山东晟和嘉业项目管理有限公司 地 址：山东省淄博市高新区金晶大道267号 联系方式：王艳13287079026 3.项目联系方式 项目联系人：谢先生 电 话： 0533-2827217,公共安全,,中国政府采购网,,,default,,采购结果,,,,,,,,,
南开大学国有资产管理办公室博士后公寓消防设施改造项目更正公告,变更公告,NK2026G038,2026年08月28日 15:49,天津市,南开大学,天津市南开区卫津路94号,满老师、王老师022-23508050,中钰招标有限公司,天津市南开区长江道与南丰路交口博朗园1号楼宝利国际广场20层2001、2007号,王斌、朱艳梅、郭玉婷、李倩、刘晶晶、金俐成、丁峥敏、卢雪、张书玲18532156542,王斌、朱艳梅、郭玉婷、李倩、刘,18532156542,南开大学国有资产管理办公室博士后公寓消防设改造项目答疑澄清文件2026.8.28.doc,"[{""attach_name"": ""南开大学国有资产管理办公室博士后公寓消防设改造项目答疑澄清文件2026.8.28.doc"", ""attach_url"": ""https://download.ccgp.gov.cn/oss/download?uuid=1C12E950C044AC7751764ED4E983A9""}]",https://www.ccgp.gov.cn/cggg/zygg/gzgg/202608/t20260828_27224436.htm,2026-09-10 09:50:21,一、项目基本情况 原公告的采购项目编号：NK2026G038 原公告的采购项目名称：南开大学国有资产管理办公室博士后公寓消防设施改造项目 首次公告日期：2026年08月18日 二、更正信息 更正事项：采购文件 更正内容： 致：各潜在供应商关于“南开大学国有资产管理办公室博士后公寓消防设施改造项目”的供应商问题澄清详见附件内容。 更正日期：2026年08月28日 三、其他补充事宜 无 四、凡对本次公告内容提出询问，请按以下方式联系。 1.采购人信息 名 称：南开大学 地址：天津市南开区卫津路94号 联系方式：满老师、王老师022-23508050 2.采购代理机构信息 名 称：中钰招标有限公司 地 址：天津市南开区长江道与南丰路交口博朗园1号楼宝利国际广场20层2001、2007号 联系方式：王斌、朱艳梅、郭玉婷、李倩、刘晶晶、金俐成、丁峥敏、卢雪、张书玲18532156542 3.项目联系方式 项目联系人：王斌、朱艳梅、郭玉婷、李倩、刘晶晶、金俐成、丁峥敏、卢雪、张书玲 电 话： 18532156542,教育培训,,中国政府采购网,,,default,,采购文件,,,,,,,,,
广西壮族自治区基础设施维修费项目招标控制价公告,变更公告,HG2026-JZ336,2026年08月28日 15:40,南宁市,广西壮族自治区气象局机关服务中心,南宁市青秀区新竹路30号,邓纪威，0771-5601106,广西交投宏冠工程咨询有限公司,广西南宁市青秀区合作路6号五洲国际D栋临街商铺1楼D105室,陈金梅、谭珠、伍波,邓纪威,0771-5601106,,,https://www.ccgp.gov.cn/cggg/zygg/gzgg/202608/t20260828_27224302.htm,2026-09-10 09:50:22,一、项目基本情况 原公告的采购项目编号：HG2026-JZ336 原公告的采购项目名称：广西壮族自治区基础设施维修费项目招标公告 首次公告日期：2026年08月17日 二、更正信息 更正事项：采购公告 更正内容： 各潜在投标人：现将“广西壮族自治区基础设施维修费项目（招标编号：HG2026-JZ336）”招标人确定的招标控制价公布如下：招标控制价为人民币伍佰叁拾万零陆仟肆佰贰拾陆元陆角玖分（¥5306426.69）。特此通知。 招标人：广西壮族自治区气象局机关服务中心招标代理机构：广西交投宏冠工程咨询有限公司                                                2026年8月28日 更正日期：2026年08月28日 三、其他补充事宜 四、凡对本次公告内容提出询问，请按以下方式联系。 1.采购人信息 名 称：广西壮族自治区气象局机关服务中心 地址：南宁市青秀区新竹路30号 联系方式：邓纪威，0771-5601106 2.采购代理机构信息 名 称：广西交投宏冠工程咨询有限公司 地 址：广西南宁市青秀区合作路6号五洲国际D栋临街商铺1楼D105室 联系方式：陈金梅、谭珠、伍波 3.项目联系方式 项目联系人：邓纪威 电 话： 0771-5601106,工程建设,,中国政府采购网,,,default,,采购公告,,,,,,,,,
中心食堂设备设施项目更正公告,变更公告,0701-264106090901,2026年08月28日 15:15,北京市,中国疾病预防控制中心,北京市昌平区昌百路155号,李老师010-58900134,中技国际招标有限公司,北京市丰台区西营街1号院通用时代中心C座9层,侯雅雯、孙薇010－81168618,侯雅雯、孙薇,,更正公告-中心食堂设备设施项目.docx,"[{""attach_name"": ""更正公告-中心食堂设备设施项目.docx"", ""attach_url"": ""https://download.ccgp.gov.cn/oss/download?uuid=7122FA06CF569001EAB405AE5BBF6F""}]",https://www.ccgp.gov.cn/cggg/zygg/gzgg/202608/t20260828_27223770.htm,2026-09-10 09:50:22,一、项目基本情况 原公告的采购项目编号：0701-264106090901 原公告的采购项目名称：中心食堂设备设施项目 首次公告日期：2026年08月11日 二、更正信息 更正事项：采购文件 更正内容： 1、经采购人确认，本项目招标文件第五章采购需求六、采购标的的其他技术、服务等要求中：“15、四门高身冰箱”指标要求中增加“4.双温分区，两区独立控温，冷藏温度范围2℃~8℃，冷冻温度范围﹣15℃~-20℃。”“29、灭火系统”指标要求中增加“4.均采用双瓶配置。”2、经采购人确认，本项目递交投标文件截止时间、开标时间由“2026年9月1日9点00分（北京时间）”更正为“2026年9月14日9点00分（北京时间）”。3、招标文件其他内容不变。 更正日期：2026年08月28日 三、其他补充事宜 无 四、凡对本次公告内容提出询问，请按以下方式联系。 1.采购人信息 名 称：中国疾病预防控制中心 地址：北京市昌平区昌百路155号 联系方式：李老师010-58900134 2.采购代理机构信息 名 称：中技国际招标有限公司 地 址：北京市丰台区西营街1号院通用时代中心C座9层 联系方式：侯雅雯、孙薇010－81168618 3.项目联系方式 项目联系人：侯雅雯、孙薇 电 话： 010－81168618,服务外包,,中国政府采购网,,,default,,采购文件,,,,,,,,,
凉山消防救援机动支队无人机采购项目（第二次）更正公告一号,变更公告,SCJD-2026-0404-01GK,2026年08月28日 15:01,四川省,凉山彝族自治州森林消防支队,四川省凉山彝族自治州西昌市航天大道四段35号,赵禹霖 0834-2182763,重庆市政府采购中心,重庆市两江新区五简路2号重庆咨询大厦B座503室,周建行 白喆 023-67954029   67703509,周建行,023-6795402967703509,"凉山消防救援机动支队无人机采购项目-澄清文件一号.doc,附件-澄清文件供应商操作指引.wps","[{""attach_name"": ""凉山消防救援机动支队无人机采购项目-澄清文件一号.doc"", ""attach_url"": ""https://download.ccgp.gov.cn/oss/download?uuid=8E7BE5B8A4AFCF22606B2C022D3626""}, {""attach_name"": ""附件-澄清文件供应商操作指引.wps"", ""attach_url"": ""https://download.ccgp.gov.cn/oss/download?uuid=AC17BE8EA58AEBA95D7CB3B195FE8B""}]",https://www.ccgp.gov.cn/cggg/zygg/gzgg/202608/t20260828_27223523.htm,2026-09-10 09:50:23,一、项目基本情况 原公告的采购项目编号：SCJD-2026-0404-01GK（ZC-GZ-26000898-2） 原公告的采购项目名称：凉山消防救援机动支队无人机采购项目（第二次）重新启动公开招标公告 首次公告日期：2026年08月17日 二、更正信息 更正事项：采购文件 更正内容： 各潜在供应商：1、现对本项目招标文件部分内容进行更正或修改，详见附件“澄清文件一号”。2、中国政府采购网发布更正（澄清）公告后，供应商应登录大家采-数智招采服务平台（https://szzc.gec123.com）进行处理，详见附件“澄清文件供应商操作指引”。 更正日期：2026年08月28日 三、其他补充事宜 公告中采购人名称：“凉山彝族自治州森林消防支队”应为“凉山消防救援机动支队”。 四、凡对本次公告内容提出询问，请按以下方式联系。 1.采购人信息 名 称：凉山彝族自治州森林消防支队 地址：四川省凉山彝族自治州西昌市航天大道四段35号 联系方式：赵禹霖 0834-2182763 2.采购代理机构信息 名 称：重庆市政府采购中心 地 址：重庆市两江新区五简路2号重庆咨询大厦B座503室 联系方式：周建行 白喆 023-67954029 67703509 3.项目联系方式 项目联系人：周建行 白喆 电 话： 023-67954029 67703509,公共安全,,中国政府采购网,,,default,,采购文件,,,,,,,,,
中国儿童中心配电系统改造工程更正公告,变更公告,ZC-BZB26096,2026年08月28日 14:45,市辖区,中国儿童中心,北京市西城区平安里西大街43号,010-66160146,中共中央直属机关采购中心,北京市西城区新风街1号院甲6号楼,详见：http://www.zzcg.gov.cn/contact.jhtml,杨兰,010-82273745,,,https://www.ccgp.gov.cn/cggg/zygg/gzgg/202608/t20260828_27223426.htm,2026-09-10 09:50:23,一、项目基本情况原公告的采购项目编号：ZC-BZB26096原公告的采购项目名称：中国儿童中心配电系统改造工程首次公告日期：2026年8月21日二、更正信息更正事项：□资格预审公告 ■资格预审文件 □资格预审结果更正内容：本项目资格预审文件第二章 第一部分 申请人须知前附表9.1.1中，“合同额1300万及以上的输变电工程”，修改为“合同额1300万及以上的配电室新建或改造工程”；资格预审文件第三章 第二部分 资格审查办法（有限数量制）正文部分中的附表A-4，拟派项目经理同类工程业绩、拟派项目技术负责人同类工程业绩、企业工程业绩中的“合同金额1300万元及以上的输变电工程”，修改为“合同金额1300万元及以上的配电室新建或改造工程”。 更正日期：2026年8月28日三、其他补充事宜已下载资格预审文件的潜在供应商须重新下载，并依据新的资格预审文件重新制作投标文件，避免投标无效。四、凡对本次公告内容提出询问，请按以下方式联系。（一）采购人信息名称：中国儿童中心地址：北京市西城区平安里西大街43号联系方式：010-66160146（项目咨询）010-66160146（异议受理）（二）采购代理机构信息名称：中共中央直属机关采购中心地址：北京市西城区新风街1号院甲6号楼联系方式：010-82273745（项目咨询）010-82270326（质疑受理）010-82273269/75（技术支持）（三）项目联系方式项目联系人：杨兰联系方式：010-82273745评审联系电话：010-82272151 中共中央直属机关采购中心2026年8月28日,工程建设,,中国政府采购网,,,default,,,,,,,,,,,
中华人民共和国重庆出入境边防检查总站台式计算机及配件（询价）采购项目更正公告,变更公告,DZXJ260630210217320,2026年08月28日 14:08,两江新区,中华人民共和国重庆出入境边防检查总站,重庆市两江新区航宾大道67号,于钦 023-65593409,中央国家机关政府采购中心,北京市西城区西直门内大街西章胡同9号院 邮政编码：100035,详见http://www.zycg.gov.cn/home/contactus,于钦,023-65593409,"本国产品声明函.pdf,中小企业声明函.pdf,放弃函.pdf","[{""attach_name"": ""本国产品声明函.pdf"", ""attach_url"": ""https://download.ccgp.gov.cn/oss/download?uuid=5935991F41382E4A8A6CB88F041524""}, {""attach_name"": ""中小企业声明函.pdf"", ""attach_url"": ""https://download.ccgp.gov.cn/oss/download?uuid=73BEFBF47C828E3D381032FB766428""}, {""attach_name"": ""放弃函.pdf"", ""attach_url"": ""https://download.ccgp.gov.cn/oss/download?uuid=4CDE26954E4391808E4BEBD5A105DB""}]",https://www.ccgp.gov.cn/cggg/zygg/gzgg/202608/t20260828_27223111.htm,2026-09-10 09:50:24,一、项目基本情况 原公告的采购项目编号：DZXJ260630210217320 原公告的采购项目名称：中华人民共和国重庆出入境边防检查总站台式计算机及配件（询价）采购项目成交公告 首次公告日期：2026年07月30日 二、更正信息 更正事项：采购结果 更正内容：     中华人民共和国重庆出入境边防检查总站台式计算机及配件（询价）采购项目（项目编号： DZXJ260630210217320）经中央国家机关政府采购中心组织的评审委员会评定，第一推荐候选供应商为北京向航科技有限公司。现因第一推荐候选人（北京向航科技有限公司）主动放弃成交资格，并向采购人提交了《放弃函》。根据《中华人民共和国政府采购法实施条例》（国务院令第658号）第四十九条规定，确认第二推荐候选供应商（轩羿科技有限公司）为本项目成交供应商；中标产品：触摸屏；中标品牌：华海专显；型号：ZX-98HC；成交金额：人民币8.2212万元。 更正日期：2026年08月28日 更正日期：2026年08月28日 三、其他补充事宜 四、凡对本次公告内容提出询问，请按以下方式联系。 1.采购人信息 名 称：中华人民共和国重庆出入境边防检查总站 地址：重庆市两江新区航宾大道67号 联系方式：于钦 023-65593409 2.采购代理机构信息 名 称：中央国家机关政府采购中心 地 址：北京市西城区西直门内大街西章胡同9号院 邮政编码：100035 联系方式：详见http://www.zycg.gov.cn/home/contactus 3.项目联系方式 项目联系人：于钦 电 话： 023-65593409,信息技术,,中国政府采购网,,,default,,采购结果,,,,,,,,,
中国社会科学院2026年妇科专项体检项目比选公告更正公告,变更公告,HSBJ26D-309-26-546,2026年08月28日 14:06,北京市,中国社会科学院服务中心,北京市东城区建国门内大街5号,刘老师  010-85196050,北京华审金建国际工程项目管理有限公司,北京市西城区北三环中路29号院3号楼12层1501,李倩、马静、张露、张焦、孔博阳、邢美玉、董雷、魏春萍等19568762248,李倩、马静、张露、张焦、孔博阳,19568762248,,,https://www.ccgp.gov.cn/cggg/zygg/gzgg/202608/t20260828_27223097.htm,2026-09-10 09:50:25,一、项目基本情况 原公告的采购项目编号：HSBJ26D-309-26-546 原公告的采购项目名称：中国社会科学院2026年妇科专项体检项目比选公告 首次公告日期：2026年08月25日 二、更正信息 更正事项：采购公告 更正内容： 获取比选文件：1、时间：2026年08月26日09时00分至2026年09月04日16时00分。递交参选文件截止及开启时间：2026年09月10日09时30分。 更正日期：2026年08月28日 三、其他补充事宜 无 四、凡对本次公告内容提出询问，请按以下方式联系。 1.采购人信息 名 称：中国社会科学院服务中心 地址：北京市东城区建国门内大街5号 联系方式：刘老师 010-85196050 2.采购代理机构信息 名 称：北京华审金建国际工程项目管理有限公司 地 址：北京市西城区北三环中路29号院3号楼12层1501 联系方式：李倩、马静、张露、张焦、孔博阳、邢美玉、董雷、魏春萍等19568762248 3.项目联系方式 项目联系人：李倩、马静、张露、张焦、孔博阳、邢美玉、董雷、魏春萍等 电 话： 19568762248,教育培训,,中国政府采购网,,,default,,采购公告,,,,,,,,,
北京大学第一医院病案数字化加工管理服务采购项目更正公告,变更公告,TC260307S,2026年08月28日 13:42,北京市,北京大学第一医院,北京市西什库大街8号,张老师 010-83576445,中招国际招标有限公司,北京市海淀区学院南路62号，中关村资本大厦六层601C,曹宁、张启航、崔健、李艳君、侯云燕  010-62108066,曹宁、张启航、崔健、李艳君、侯,010-62108066,,,https://www.ccgp.gov.cn/cggg/zygg/gzgg/202608/t20260828_27223000.htm,2026-09-10 09:50:25,一、项目基本情况 原公告的采购项目编号：TC260307S 原公告的采购项目名称：北京大学第一医院病案数字化加工管理服务采购项目公开招标公告 首次公告日期：2026年08月21日 二、更正信息 更正事项：采购文件 更正内容： 一、招标文件第一部分-投标邀请“一、项目基本情况”中“本项目扫描页数以实际数量为准，招标人结算时以实际扫描页数乘以中标单价据实结算，最终实际支付金额不超过本项目预算金额”对应调整为“本项目扫描页数以实际数量为准，招标人结算时以实际扫描页数乘以中标单价据实结算，最终实际支付金额不超过本项目投标人中标金额”。二、招标文件第三部分-技术需求书“四.项目需求”中“5、…服务期内若结算金额达到本项目预算时，视为本合同已经履行完毕。”对应调整为“5、…服务期内若结算金额达到本项目投标人中标金额时，视为本合同已经履行完毕”。三、招标文件第四部分-合同主要条款“八、本合同生效及其它”中“3.本合同为固定单价合同，合同期满或据实结算付款金额达到本项目预算金额时，合同终止。”对应调整为“3.本合同为固定单价合同，合同期满或据实结算付款金额达到本项目投标人中标金额时，合同终止。”四、招标文件第五部分附件（格式）“附件二、开标一览表” 投标报价（人民币）下表格中“扫描页面：   元/页” 对应调整为“扫描页面：  元/页；合计：  元（扫描页面单价×3年合计预估数量）”。五、本项目“投标截止时间、开标时间：2026年9月11日09点30分”对应调整为“投标截止时间、开标时间：2026年9月14日09点30分”。 更正日期：2026年08月28日 三、其他补充事宜 招标文件其他部分内容与上述调整内容不一致的，以上述调整内容为准。 四、凡对本次公告内容提出询问，请按以下方式联系。 1.采购人信息 名 称：北京大学第一医院 地址：北京市西什库大街8号 联系方式：张老师 010-83576445 2.采购代理机构信息 名 称：中招国际招标有限公司 地 址：北京市海淀区学院南路62号，中关村资本大厦六层601C 联系方式：曹宁、张启航、崔健、李艳君、侯云燕 010-62108066 3.项目联系方式 项目联系人：曹宁、张启航、崔健、李艳君、侯云燕 电 话： 010-62108066,医疗卫生,,中国政府采购网,,,default,,采购文件,,,,,,,,,
清华大学核磁共振波谱仪更新采购项目更正公告,变更公告,,2026年08月28日 13:24,北京市,清华大学,北京市海淀区清华园,010-62788971,新华招标有限公司,北京市海淀区莲花池东路39号西金大厦8层,张骏 010-63905815,刁玉蕊、张骏,010-63905815、010-63905973,清华大学核磁共振波谱仪更新采购项目更正公告.pdf,"[{""attach_name"": ""清华大学核磁共振波谱仪更新采购项目更正公告.pdf"", ""attach_url"": ""https://download.ccgp.gov.cn/oss/download?uuid=D5BA42ABA8FBF2ABC0C797761E9FB8""}]",https://www.ccgp.gov.cn/cggg/zygg/gzgg/202608/t20260828_27222932.htm,2026-09-10 09:50:26,一、项目基本情况 原公告的采购项目编号：清采招第20260266号/XHTC-HW-2026-1007 原公告的采购项目名称：清华大学核磁共振波谱仪更新采购项目 首次公告日期：2026年08月19日 二、更正信息 更正事项：采购文件 更正内容： 原招标文件中1．“第一章 投标邀请 三、获取招标文件”时间：2026年8月19日至2026年8月26日，每天上午9:00至12:00，下午12:00至17:00（北京时间，法定节假日除外）。现修改为：时间：2026年8月19日至2026年9月4日，每天上午9:00至12:00，下午12:00至17:00（北京时间，法定节假日除外）。 更正日期：2026年08月28日 三、其他补充事宜 相关修改按此执行，其余不变，特此公告。本公告同时在中国政府采购网和清华大学采购信息发布平台上发布。公告期限:自本公告发布之日起1个工作日。 四、凡对本次公告内容提出询问，请按以下方式联系。 1.采购人信息 名 称：清华大学 地址：北京市海淀区清华园 联系方式：010-62788971 2.采购代理机构信息 名 称：新华招标有限公司 地 址：北京市海淀区莲花池东路39号西金大厦8层 联系方式：张骏 010-63905815 3.项目联系方式 项目联系人：刁玉蕊、张骏 电 话： 010-63905815、010-63905973,教育培训,,中国政府采购网,,,default,,采购文件,,,,,,,,,
zycgr21071302超导加速器测控系统更正公告,变更公告,STC26A396,2026年08月28日 13:20,上海市,zycgr21071302,上海市,杨老师 021-20538775,上海中招招标有限公司,上海市静安区恒丰路600号5楼C座,吴小晶、朱昌丽 021-66275357、021-66279718 crystal_wxjing@163.com、zhuchangliv@sina.cn,吴小晶、朱昌丽,021-66275357、021-66279718,,,https://www.ccgp.gov.cn/cggg/zygg/gzgg/202608/t20260828_27222924.htm,2026-09-10 09:50:27,一、项目基本情况 原公告的采购项目编号：STC26A396 原公告的采购项目名称：zycgr21071302超导加速器测控系统公开招标公告 首次公告日期：2026年08月20日 二、更正信息 更正事项：采购公告 更正内容： 本项目获取招标文件时间延期至2026年09月04日，每天上午9:30至11:00，下午13:30至16:00。（北京时间，法定节假日除外）。 更正日期：2026年08月28日 三、其他补充事宜 四、凡对本次公告内容提出询问，请按以下方式联系。 1.采购人信息 名 称：zycgr21071302 地址：上海市 联系方式：杨老师 021-20538775 2.采购代理机构信息 名 称：上海中招招标有限公司 地 址：上海市静安区恒丰路600号5楼C座 联系方式：吴小晶、朱昌丽 021-66275357、021-66279718 crystal_wxjing@163.com、zhuchangliv@sina.cn 3.项目联系方式 项目联系人：吴小晶、朱昌丽 电 话： 021-66275357、021-66279718,其他,,中国政府采购网,,,default,,采购公告,,,,,,,,,
江苏省气候中心江苏省人工影响天气水资源保障工程(地面作业安全提升项目)-其他配套防护装备采购项目更正公告,变更公告,JSTCC26022104037,2026年08月28日 12:37,南京市,江苏省气候中心,南京市双闸街道雨顺路8号江苏省气象中心,王工，15050589753,江苏省招标中心有限公司,江苏省南京市郑和中路118号D座14楼,周堃、柳婷婷、叶冬冬 13914784776,柳婷婷、周堃、叶冬冬,13914784776,中小企业声明函.pdf,"[{""attach_name"": ""中小企业声明函.pdf"", ""attach_url"": ""https://download.ccgp.gov.cn/oss/download?uuid=D4DF25F6359B129EA679167BEB5D9A""}]",https://www.ccgp.gov.cn/cggg/zygg/gzgg/202608/t20260828_27222781.htm,2026-09-10 09:50:27,一、项目基本情况 原公告的采购项目编号：JSTCC26022104037 原公告的采购项目名称：江苏省气候中心江苏省人工影响天气水资源保障工程(地面作业安全提升项目)-其他配套防护装备采购项目 首次公告日期：2026年08月26日 二、更正信息 更正事项：采购结果 更正内容： 在本次更正公告附件中补充上传中标供应商《中小企业声明函》。原公告其余内容保持不变。 更正日期：2026年08月28日 三、其他补充事宜 无 四、凡对本次公告内容提出询问，请按以下方式联系。 1.采购人信息 名 称：江苏省气候中心 地址：南京市双闸街道雨顺路8号江苏省气象中心 联系方式：王工，15050589753 2.采购代理机构信息 名 称：江苏省招标中心有限公司 地 址：江苏省南京市郑和中路118号D座14楼 联系方式：周堃、柳婷婷、叶冬冬 13914784776 3.项目联系方式 项目联系人：柳婷婷、周堃、叶冬冬 电 话： 13914784776,工程建设,,中国政府采购网,,,default,,采购结果,,,,,,,,,
江苏省气候中心江苏省人工影响天气水资源保障工程—临时弹药存放点配套设施采购项目更正公告,变更公告,JSTCC26022102636,2026年08月28日 12:37,南京市,江苏省气候中心,南京市双闸街道雨顺路8号江苏省气象中心,王工，15050589753,江苏省招标中心有限公司,江苏省南京市郑和中路118号D座14楼,周堃、柳婷婷、叶冬冬 13914784776,周堃、柳婷婷、叶冬冬,13914784776,北泰智能中小企业声明函.pdf,"[{""attach_name"": ""北泰智能中小企业声明函.pdf"", ""attach_url"": ""https://download.ccgp.gov.cn/oss/download?uuid=341115EF2A944F561ABC39722942A0""}]",https://www.ccgp.gov.cn/cggg/zygg/gzgg/202608/t20260828_27222780.htm,2026-09-10 09:50:28,一、项目基本情况 原公告的采购项目编号：JSTCC26022102636 原公告的采购项目名称：江苏省人工影响天气水资源保障工程—临时弹药存放点配套设施采购项目 首次公告日期：2026年08月27日 二、更正信息 更正事项：采购结果 更正内容： 在本次更正公告附件中补充上传中标供应商《中小企业声明函》。原公告其余内容保持不变。 更正日期：2026年08月28日 三、其他补充事宜 无 四、凡对本次公告内容提出询问，请按以下方式联系。 1.采购人信息 名 称：江苏省气候中心 地址：南京市双闸街道雨顺路8号江苏省气象中心 联系方式：王工，15050589753 2.采购代理机构信息 名 称：江苏省招标中心有限公司 地 址：江苏省南京市郑和中路118号D座14楼 联系方式：周堃、柳婷婷、叶冬冬 13914784776 3.项目联系方式 项目联系人：周堃、柳婷婷、叶冬冬 电 话： 13914784776,医疗卫生,,中国政府采购网,,,default,,采购结果,,,,,,,,,
重庆大学校医院医疗设备采购更正公告（一）,变更公告,CQU-CZ-ZC-HW-2026-021,2026年08月28日 12:09,重庆市,重庆大学,重庆市沙坪坝区沙正街174号,陈老师023-65102678,重庆赛迪工程咨询有限公司,重庆市渝中区双钢路1号,文静023-63545924、谢玙婧023-63548173,陈老师,023-65113083,重庆市公共资源交易网挂网链接.docx,"[{""attach_name"": ""重庆市公共资源交易网挂网链接.docx"", ""attach_url"": ""https://download.ccgp.gov.cn/oss/download?uuid=A54449A403B51F1E750A2459B7E09C""}]",https://www.ccgp.gov.cn/cggg/zygg/gzgg/202608/t20260828_27222623.htm,2026-09-10 09:50:29,一、项目基本情况 原公告的采购项目编号：CQU-CZ-ZC-HW-2026-021 原公告的采购项目名称：重庆大学校医院医疗设备采购 首次公告日期：2026年08月25日 二、更正信息 更正事项：采购文件 更正内容： 1.招标文件“第二篇  项目技术（质量）要求”-二、招标项目技术需求-（一）技术参数中调整内容如下： 序号 原条款参数要求 修改后参数要求 1 ▲2.4阳极最大散热率≥1400KHU/min；（提供技术佐证资料） ▲2.4阳极最大散热率≥1050KHU/min；(提供技术佐证资料) 2 2.5高压发生器功率(非等效值)≥73KW； 2.5高压发生器功率(非等效值)≥70KW； 3 ▲2.8最小球管电压(非等效值):≤70KV(提供技术佐证资料) ▲2.8最小球管电压(非等效值):≤80KV(提供技术佐证资料) 4 ※3.5每排探测器物理宽度:≤0.6mm。(提供技术佐证资料) ※3.5每排探测器物理宽度:≤0.625mm。(提供技术佐证资料) 5 ▲7.1最快扫描速度(360度非等效)≤0.34s；(提供技术佐证资料) ▲7.1最快扫描速度(360度非等效)≤0.35s；(提供技术佐证资料) 6 ▲7.6最薄重建层厚≤0.6mm；(提供技术佐证资料) ▲7.6最薄重建层厚≤0.625mm；(提供技术佐证资料) 更正日期：2026年08月28日 三、其他补充事宜 1.请投标人在制作电子投标文件时，以本次公告发布的“.CQCF”软件版本为准，重新制作电子投标文件。        2.招标文件与本更正公告内容不一致的，以本更正公告为准。 四、凡对本次公告内容提出询问，请按以下方式联系。 1.采购人信息 名 称：重庆大学 地址：重庆市沙坪坝区沙正街174号 联系方式：陈老师023-65102678 2.采购代理机构信息 名 称：重庆赛迪工程咨询有限公司 地 址：重庆市渝中区双钢路1号 联系方式：文静023-63545924、谢玙婧023-63548173 3.项目联系方式 项目联系人：陈老师 电 话： 023-65113083,医疗卫生,,中国政府采购网,,,default,,采购文件,,,,,,,,,
中国科学院成都生物研究所计算机服务器采购项目第二次更正公告,变更公告,OITC-G260170062,2026年08月28日 11:59,四川省,中国科学院成都生物研究所,成都市双流区群贤南街23号,江老师，jiangyy@cib.ac.cn,东方国际招标有限责任公司,北京市海淀区丹棱街1号互联网金融中心20层,迟兆洋、叶明、林杨婷 020-87001523  ytlin@oitc.com.cn、cjwang@oitc.com.cn 、sli@oitc.com.cn,迟兆洋、叶明、林杨婷,020-87001523,,,https://www.ccgp.gov.cn/cggg/zygg/gzgg/202608/t20260828_27222537.htm,2026-09-10 09:50:29,一、项目基本情况 原公告的采购项目编号：OITC-G260170062 原公告的采购项目名称：中国科学院成都生物研究所计算机服务器采购项目 首次公告日期：2026年08月19日 二、更正信息 更正事项：采购公告 更正内容： 一、预算金额、最高限价（如有）更正为：39.690000 万元（人民币）二、获取采购文件时间更正为：2026年08月19日 至 2026年09月08日，每天上午9:00至12:00，下午14:00至17:00。（北京时间，法定节假日除外）三、响应文件提交、开启时间更正为：2026年09月10日14点30分（北京时间）四、响应文件提交、开启地点更正为：北京市海淀区丹棱街1号互联网金融中心20层科进厅。五、其余均不变。 更正日期：2026年08月28日 三、其他补充事宜 一、中国科学院成都生物研究所计算机服务器采购项目竞争性磋商：https://www.ccgp.gov.cn/cggg/zygg/jzxcs/202608/t20260819_27163555.htm二、中国科学院成都生物研究所计算机服务器采购项目更正公告：https://www.ccgp.gov.cn/cggg/zygg/gzgg/202608/t20260825_27202115.htm 四、凡对本次公告内容提出询问，请按以下方式联系。 1.采购人信息 名 称：中国科学院成都生物研究所 地址：成都市双流区群贤南街23号 联系方式：江老师，jiangyy@cib.ac.cn 2.采购代理机构信息 名 称：东方国际招标有限责任公司 地 址：北京市海淀区丹棱街1号互联网金融中心20层 联系方式：迟兆洋、叶明、林杨婷 020-87001523 ytlin@oitc.com.cn、cjwang@oitc.com.cn 、sli@oitc.com.cn 3.项目联系方式 项目联系人：迟兆洋、叶明、林杨婷 电 话： 020-87001523,教育培训,,中国政府采购网,,,default,,采购公告,,,,,,,,,
中国民用航空局空中交通管理局双井业务楼一层、六层部分业务用房更新改造项目会商系统及业务用房设备改造采购项目更正公告,变更公告,GC-HGX260659,2026年08月28日 11:45,市辖区,中国民用航空局空中交通管理局,北京市东城区东四西大街155号,010-87786367,中央国家机关政府采购中心,西章胡同9号院,010-83083702,,010-87786367,,,https://www.ccgp.gov.cn/cggg/zygg/gzgg/202608/t20260828_27222442.htm,2026-09-10 09:50:30,中国民用航空局空中交通管理局双井业务楼一层、六层部分业务用房更新改造项目会商系统及业务用房设备改造采购项目更正公告 一、项目基本情况 1．项目编号：GC-HGX260659 2．项目名称：中国民用航空局空中交通管理局双井业务楼一层、六层部分业务用房更新改造项目会商系统及业务用房设备改造采购项目 3．首次公告日期：2026年8月12日 二、更正信息 1. 更正事项： 暂停公告 2. 更正内容： 因需求变更，该项目暂停，后续项目变更情况请关注网站公告。 3. 更正日期： 2026年8月28日 三、获取变更文件 1．时间：5个工作日 2．地点：中央政府采购网（http://www.zycg.gov.cn） 3．方式：在线下载 4．售价：免费 四、公告期限 自本公告发布之日起5个工作日，公告期限届满后获取变更文件的，获取时间以公告期限届满之日为准。 五、凡对本次公告内容提出询问，请按以下方式联系 1．采购人信息 名 称：中国民用航空局空中交通管理局 地 址：北京市北京市东城区北京市东城区东四西大街155号 联系方式：010-87786367 2．采购执行机构信息 名 称：中央国家机关政府采购中心 地 址：北京市西城区西直门内大街西章胡同9号院 邮政编码：100035 联系方式：详见http://www.zycg.gov.cn/home/contactus 3．项目联系方式 文件联系人及电话： 徐婧婧 010-83084953 张雷 010-83084967 六、附件 1.中国民用航空局空中交通管理局双井业务楼一层、六层部分业务用房更新改造项目会商系统及业务用房设备改造采购项目变更文件 中央国家机关政府采购中心 2026年8月28日,工程建设,,中国政府采购网,,,default,,,,,,,,,,,
zycgr24041501氛围自动化互联手套箱采购项目更正公告,变更公告,OITC-G260610666,2026年08月28日 11:35,苏州市,zycgr24041501,江苏省苏州市,0512-65187783,东方国际招标有限责任公司,北京市海淀区丹棱街1号互联网金融中心20层,李雯、王军、郭宇涵、余睿；  010-68290530、010-68290508,李雯、王军、郭宇涵、余睿,010-68290530、010-68290508,更正内容-最终版.docx,"[{""attach_name"": ""更正内容-最终版.docx"", ""attach_url"": ""https://download.ccgp.gov.cn/oss/download?uuid=FE4990C29CFE76145A905E81130C16""}]",https://www.ccgp.gov.cn/cggg/zygg/gzgg/202608/t20260828_27222157.htm,2026-09-10 09:50:30,一、项目基本情况 原公告的采购项目编号：OITC-G260610666 原公告的采购项目名称：zycgr24041501氛围自动化互联手套箱采购项目 首次公告日期：2026年08月04日 二、更正信息 更正事项：采购文件 更正内容： 1、本项目获取招标文件时间延期至：2026年09月04日17:00。（北京时间）2、本项目提交投标文件截止时间、开标时间延期至：2026年09月15日09:30:00（北京时间）。3、其他更正内容详见附件。 更正日期：2026年08月28日 三、其他补充事宜 无 四、凡对本次公告内容提出询问，请按以下方式联系。 1.采购人信息 名 称：zycgr24041501 地址：江苏省苏州市 联系方式：0512-65187783 2.采购代理机构信息 名 称：东方国际招标有限责任公司 地 址：北京市海淀区丹棱街1号互联网金融中心20层 联系方式：李雯、王军、郭宇涵、余睿； 010-68290530、010-68290508 3.项目联系方式 项目联系人：李雯、王军、郭宇涵、余睿 电 话： 010-68290530、010-68290508,信息技术,,中国政府采购网,,,default,,采购文件,,,,,,,,,
广西建宇工程招标有限公司关于旺高工业园区消防救援站装修改造项目（GXJY2026工字16号）的更正公告,变更公告,GXJY2026,2026年08月28日 11:26,市辖区,贺州市平桂区消防救援大队,广西壮族自治区贺州市平桂区西湾街道办事处五拱水河南面,宁尚华0774836119,广西建宇工程招标有限公司,07745137829、19977478577,郭茜、莫诗香,郭茜,07745137829,更正公告.doc,"[{""attach_name"": ""更正公告.doc"", ""attach_url"": ""https://download.ccgp.gov.cn/oss/download?uuid=F4A44E9B92B1690FBD4C93B25295F1""}]",https://www.ccgp.gov.cn/cggg/zygg/gzgg/202608/t20260828_27222058.htm,2026-09-10 09:50:31,一、项目基本情况 原公告的采购项目编号：GXJY2026工字16号 原公告的采购项目名称：旺高工业园区消防救援站装修改造项目 首次公告日期：2026年08月21日 二、更正信息 更正事项：采购文件 更正内容： 序号 更正项 更正前内容 更正后内容 1 第五章 响应文件（格式）--一、资格响应文件--5.竞标身份属性的响应承诺--中小企业声明函 1.                         （采购内容【范围（“标的”）】）属于《中小企业划型标准规定的通知（工信部联企业〔2011〕300号）》划定的          行业，承包企业为                   （竞标人名称（全称）），2025年度从业人员     人，2025年度营业收入为人民币     万元，2025年度资产总额为人民币     万元，属于     （请填写：小型、微型）企业。 1.                         （采购内容【范围（“标的”）】）属于《中小企业划型标准规定的通知（工信部联企业〔2011〕300号）》划定的          行业，承包企业为                   （竞标人名称（全称）），2025年度从业人员     人，2025年度营业收入为人民币     万元，2025年度资产总额为人民币     万元，属于     （请填写：中型、小型、微型）企业。 2 第六章 评审办法和评审标准--三．评审办法前附表--详细评审--技术标 评审标准--项目管理机构--项目经理 （2）项目经理职称：拟派往本项目的项目经理具备工程类专业（以其职称证上载明专业为准）中级职称的得2分，高级职称的得3分。 （2）项目经理职称：拟派往本项目的项目经理具备工程类专业（以其职称证上载明专业为准）中级职称的得4分，高级职称的得5分（提供多项职称证书的，取职称级别最高的进行评审）。 更正日期：2026年08月28日 三、其他补充事宜 一、项目基本情况   原公告的采购项目编号：GXJY2026工字16号   原公告的采购项目名称：旺高工业园区消防救援站装修改造项目首次公告日期：2026年8月21日 二、更正信息更正事项：采购文件更正理由：原采购文件中内容有误。更正内容： 序号 更正项 更正前内容 更正后内容 1 第五章 响应文件（格式）--一、资格响应文件--5.竞标身份属性的响应承诺--中小企业声明函 1.                         （采购内容【范围（“标的”）】）属于《中小企业划型标准规定的通知（工信部联企业〔2011〕300号）》划定的          行业，承包企业为                   （竞标人名称（全称）），2025年度从业人员     人，2025年度营业收入为人民币     万元，2025年度资产总额为人民币     万元，属于     （请填写：小型、微型）企业。 1.                         （采购内容【范围（“标的”）】）属于《中小企业划型标准规定的通知（工信部联企业〔2011〕300号）》划定的          行业，承包企业为                   （竞标人名称（全称）），2025年度从业人员     人，2025年度营业收入为人民币     万元，2025年度资产总额为人民币     万元，属于     （请填写：中型、小型、微型）企业。 2 第六章 评审办法和评审标准--三．评审办法前附表--详细评审--技术标 评审标准--项目管理机构--项目经理 （2）项目经理职称：拟派往本项目的项目经理具备工程类专业（以其职称证上载明专业为准）中级职称的得2分，高级职称的得3分。 （2）项目经理职称：拟派往本项目的项目经理具备工程类专业（以其职称证上载明专业为准）中级职称的得4分，高级职称的得5分（提供多项职称证书的，取职称级别最高的进行评审）。 更正日期：2026年8月28日 三、其他补充事宜其余事项不变。 四、对本次采购提出询问，请按以下方式联系。            1.采购人信息名称（全称）：贺州市平桂区消防救援大队地址：广西壮族自治区贺州市平桂区西湾街道办事处五拱水河南面邮编：542827联系人：宁尚华电话/传真：07748836119电子邮箱：pgxf8836119@163.com2.采购代理机构信息名称（全称）：广西建宇工程招标有限公司地址：广西贺州市新风街26号邮编：542800联系人：郭茜、莫诗香电话/传真：07745137829、19977478577电子邮箱：gxjianyu@163.com  四、凡对本次公告内容提出询问，请按以下方式联系。 1.采购人信息 名 称：贺州市平桂区消防救援大队 地址：广西壮族自治区贺州市平桂区西湾街道办事处五拱水河南面 联系方式：宁尚华0774836119 2.采购代理机构信息 名 称：广西建宇工程招标有限公司 地 址：07745137829、19977478577 联系方式：郭茜、莫诗香 3.项目联系方式 项目联系人：郭茜 电 话： 07745137829,公共安全,,中国政府采购网,,,default,,采购文件,,,,,,,,,
海关总署2026年-2029年领带加工服务采购项目更正公告,变更公告,CG2026-PL-GK-FW-014,2026年08月28日 11:23,北京市,海关总署物资装备采购中心,北京市东城区金宝街61号鑫海锦江大酒店,"采购机构名称：海关总署物资装备采购中心
地址：北京市东城区金宝街61号鑫海锦江大酒店
邮政编码：100005
联系方式：010-65194838（平台使用技术咨询）
010-65195171（业务咨询）
010-65195677（质疑受理）",详见公告正文,详见公告正文,详见公告正文,,010-65195429,,,https://www.ccgp.gov.cn/cggg/zygg/gzgg/202608/t20260828_27222069.htm,2026-09-10 09:50:32,一、项目基本情况项目编号:CG2026-PL-GK-FW-014项目名称:海关总署2026年-2029年领带加工服务采购项目首次公告日期：2026-07-31 16:41:33二、更正信息对“投标文件提交截止时间”和“开标时间”进行变更本项目“投标文件提交截止时间”和“开标时间”均由“2026-09-25 08:45:00（北京时间）”变更为“2026-09-30 08:45:00（北京时间）”。 其它内容不变。三、其他补充事宜无四、凡对本次公告内容提出询问，请按以下方式联系。1.采购人信息名    称：海关总署地    址：建内大街6号联系方式：60462.采购执行机构信息名 称：海关总署物资装备采购中心 地 址：北京市东城区金宝街61号鑫海锦江大酒店电 话：010-65195429 下载相关附件,其他,,中国政府采购网,,,default,,,,,,,,,,,
海关总署2026年网络安全设备采购项目（重新招标）更正公告,变更公告,CG2026-PL-GK-HW-003-C01,2026年08月28日 11:15,北京市,海关总署物资装备采购中心,北京市东城区金宝街61号鑫海锦江大酒店,"采购机构名称：海关总署物资装备采购中心
地址：北京市东城区金宝街61号鑫海锦江大酒店
邮政编码：100005
联系方式：
010-65194838（平台使用技术咨询）
010-65195929（业务咨询）
010-65195677（质疑受理）",详见公告正文,详见公告正文,详见公告正文,龚先生,01065195929,,,https://www.ccgp.gov.cn/cggg/zygg/gzgg/202608/t20260828_27221968.htm,2026-09-10 09:50:32,一、项目基本情况项目编号:CG2026-PL-GK-HW-003-C01项目名称:海关总署2026年网络安全设备采购项目（重新招标）首次公告日期：2026-08-11 14:15:09二、更正信息因质疑事项成立，根据《政府采购质疑和投诉办法》（财政部第94号令）第十六条第（二）项的规定，应依法另行确定中标供应商，对该项目中标结果进行变更。中标供应商由“荣联科技集团股份有限公司”变更为“北京天融信网络安全技术有限公司”。中标金额1057.17万元。评审总得分：94.83分。主要标的信息：序号供应商名称货物名称货物品牌货物型号货物数量货物单价（元）1北京天融信网络安全技术有限公司一类防火墙新华三H3C SecPath M9000-CN04-G15575，0002北京天融信网络安全技术有限公司二类防火墙天融信天融信防火墙系统NGFW4000-UF（万兆）V3 （NG-81626）12350，0003北京天融信网络安全技术有限公司VPN网关深信服深信服SDP安全网关aTrust-1000-LS1080M398，900评审专家名单：杨兴国、吴金凤、文晖、李秋云、黄悦、张照斌、徐春利  三、其他补充事宜无四、凡对本次公告内容提出询问，请按以下方式联系。1.采购人信息名    称：海关总署地    址：北京市东城区建国门内大街6号联系方式：010-651948292.采购执行机构信息名 称：海关总署物资装备采购中心 地址：北京市东城区金宝街61号鑫海锦江大酒店联系方式：见项目联系方式 3.项目联系方式项目联系人：龚先生/女士电     话：01065195929 下载相关附件,信息技术,,中国政府采购网,,,default,,,,,,,,,,,
长春海关技术中心海关仪器设备购置及能力保障专项设备更正公告,变更公告,JLSBLB2026-CG164,2026年08月28日 11:04,吉林省,长春海关技术中心,长春市绿园区普阳街与皓月大路交汇,李宇诗 0431-87607229,吉林省百利邦项目管理咨询有限公司,长春净月高新技术产业开发区生态东街3330号吉林省国家广告产业园,"李洋,0431-81685832",李洋,0431-81685832,,,https://www.ccgp.gov.cn/cggg/zygg/gzgg/202608/t20260828_27221806.htm,2026-09-10 09:50:33,"一、项目基本情况 原公告的采购项目编号：JLSBLB2026-CG164 原公告的采购项目名称：长春海关技术中心海关仪器设备购置及能力保障专项设备 首次公告日期：2026年08月24日 二、更正信息 更正事项：采购结果 更正内容： 长春海关技术中心海关仪器设备购置及能力保障专项设备更正公告一、项目基本情况原公告的采购项目编号：JLSBLB2026-CG164原公告的采购项目名称：长春海关技术中心海关仪器设备购置及能力保障专项设备首次公告日期：2026年8月24日二、更正信息更正事项：采购结果     更正内容： 序号 更正项 更正前内容 更正后内容 1 中标信息 供应商名称：吉林省倾诚商贸有限公司 供应商地址：吉林省长春市宽城区建业大街1688号轨道客车装备产业园区办公楼5108室 中标金额：60.5000000万元 供应商名称：北京光合信达科技有限公司 供应商地址：北京市通州区台湖北里24号楼11层1123 中标金额：59.9150万元 2 主要标的信息 供应商名称：吉林省倾诚商贸有限公司 货物品牌：铂温仪器、上海雷磁、力辰、普兰德、力辰、力辰、力辰、奥特赛恩斯、格瑞德曼、盛泰科技、格瑞德曼、立达新科   货物型号：SH-82R、DDBJ-350、LC-MSE-HD、VITLAB®micropipette、LC-MUC-220E、LC-MUC-220E 、LC-IEH45-3、AP-9100A、MG200、ST109B1、SS2000、NEW-80   货物单价：32000元、5000元、1000元、2000元、10000元、5000元、10000元、5000元、69000元、12000元、118000元、228000元   供应商名称：北京光合信达科技有限公司 货物品牌：五相、雷磁、医卡、普兰德、小美、小美、医卡、奥特赛恩斯、格瑞德曼、盛泰、格瑞德曼、睿科、 货物型号：WXUSHZ-A、DDBJ-350F、KMS-400、VITLAB®micropipette、XM-P30H、XM-P102HJ+XM-P222HJ、YK-600GFT、8.AP-9925、MG200 ST109B1、SS2000、Auto EVA80 货物单价：30500元、4800元、990元、1900元、8500元、4980元、9980元、4500元、69000元、118000元、118000元、228000元 3 代理服务收费标准及金额 本项目代理费收费标准：按照发改价格[2015]299号文件规定的标准由中标人向采购代理机构缴纳招标代理服务费。代理费金额为9100元 本项目代理费总金额：0.910000 万元（人民币） 本项目代理费收费标准：按照发改价格[2015]299号文件规定的标准由中标人向采购代理机构缴纳招标代理服务费。代理费金额为8900元 本项目代理费总金额：0.89万元（人民币）   更正日期：2026年8月28日三、其他补充事宜本次公告同时在中国政府采购网、中国采购与招标网、中国招标投标公共服务平台上发布。四、凡对本次公告内容提出询问，请按以下方式联系1.采购人信息名 称：长春海关技术中心地 址：长春市绿园区普阳街与皓月大路交汇联系方式：李宇诗 0431-876072292.采购代理机构信息名称：吉林省百利邦项目管理咨询有限公司 地址：长春净月高新技术产业开发区生态东街3330号吉林省国家广告产业园 联系方式：0431-81685832 3.项目联系方式项目联系人：李洋电话：0431-81685832 更正日期：2026年08月28日 三、其他补充事宜 四、凡对本次公告内容提出询问，请按以下方式联系。 1.采购人信息 名 称：长春海关技术中心 地址：长春市绿园区普阳街与皓月大路交汇 联系方式：李宇诗 0431-87607229 2.采购代理机构信息 名 称：吉林省百利邦项目管理咨询有限公司 地 址：长春净月高新技术产业开发区生态东街3330号吉林省国家广告产业园 联系方式：李洋,0431-81685832 3.项目联系方式 项目联系人：李洋 电 话： 0431-81685832",设备购置,,中国政府采购网,,,default,,采购结果,,,,,,,,,
中华人民共和国昆明海关昆明海关2026年监管查验技术装备设备采购项目（手持式背散射检测仪）更正公告,变更公告,KMHGHWCG2026-008,2026年08月28日 11:03,云南省,中华人民共和国昆明海关,云南省昆明市北京路618号,杨老师0871-63016344,云南中招招标有限公司,昆明市五华区王筇路176号绿地创海大厦21层,周桃、钱文君、张广闻、陈婧博、张俊、果磊、李庆梅0871-68308282、68308030-641,周桃、钱文君、张广闻、陈婧博,0871-68308282、68308030-641,,,https://www.ccgp.gov.cn/cggg/zygg/gzgg/202608/t20260828_27221782.htm,2026-09-10 09:50:34,一、项目基本情况 原公告的采购项目编号：KMHGHWCG2026-008 原公告的采购项目名称：昆明海关2026年监管查验技术装备设备采购项目（手持式背散射检测仪） 首次公告日期：2026年08月13日 二、更正信息 更正事项：采购文件 更正内容： ①原招标文件 第三章 项目需求书 2.基本功能参数中“★2.1穿透力：1.可穿透≥3.5mm厚度的钢板，并能以高亮或其他突出、醒目形式显示钢板后的有机物（如聚乙烯块）；2.可穿透以下厚度的物质并分辨出后方的聚乙烯块：①≥25mm铝板；②≥70mm ABS；③≥100mm松木；④≥45mm橡胶”更正为“★2.1穿透力：可穿透以下厚度的物质并能以高亮或其他突出、醒目形式显示其后的有机物（如聚乙烯块）：①≥25mm铝板；②≥70mm ABS；③≥100mm松木；④≥45mm橡胶；⑤≥3.5mm厚度的钢板”②原招标文件 第三章 项目需求书 2.基本功能参数中“★2.2精细线分辨力：1.能穿透3.5mm钢板后，清晰成像并分辨后方直径≤0.5mm的单根实芯铜线；2.能穿透≥4mm厚度的铝板并分辨出铝板后直径≤1mm的单根实芯铜线;3.分辨线宽≤3mm的聚乙烯线对;4.图像信 噪比≥20dB；”更正为“★2.2 精细线分辨力：1.能分辨聚乙烯板背景下直径≤0.5mm的单根实芯铜线；2.能穿透≥4mm厚度的铝板并分辨出铝板后直径≤1mm的单根实芯铜线;3.分辨线宽≤3mm的聚乙烯线对;”③原招标文件 第三章 项目需求书 4.软件功能“★4.3图像处理设置设备端软件具备常规、高穿透、高分辨率、扫描速率、可排除金属/钢铁等干扰内容等图像处理设置选项；扫描完成后，可在扫描图像中自动框选嫌疑物”更正为“★4.3图像处理设置 设备端软件具备常规、高穿透、高分辨率、可排除金属/钢铁等干扰内容等图像处理设置选项；扫描完成后，可在扫描图像中框选嫌疑物”④原招标文件 第三章 项目需求书 4.软件功能“▲4.5数据传输与对接要求：1.支持USB、蓝牙、Wi-Fi数据传输；支持Wi-Fi和4G/5G移动通信模式连接互联网； 可通过蓝牙连接手机传输图像2.设备需具备通过MQTT、HTTP/HTTPS通信协议，具备数据通信接口，并具备对外数据开放及数据交换能力并符合安全要求情况（支持采用国密SM4算法或TLS 1.2以上协议加密）下，满足与智慧海关智能装备接入平台对接的技术要求，包括但不限于数据传输、本地缓存断网补传、完整性校验等功能。投标方需出具承诺函在后期按采购方要求完善实现。本项无需演示。”更正为“▲4.5 数据传输与对接要求：1.支持USB、蓝牙、Wi-Fi数据传输；支持Wi-Fi和4G/5G移动通信模式连接互联网； 可通过蓝牙、数据线等方式向电脑、手机等外部设备传输图像 2.（该项无需演示，需出具承诺函）设备需具备通过MQTT、HTTP/HTTPS通信协议，具备数据通信接口，并具备对外数据开放及数据交换能力并符合安全要求情况（支持采用国密SM4算法或TLS 1.2以上协议加密）下，满足与智慧海关智能装备接入平台对接的技术要求，包括但不限于数据传输、本地缓存断网补传、完整性校验等功能。投标方需出具承诺函在后期按采购方要求完善实现。”⑥更正原招标文件 第三章 项目需求书 主要技术参数数量统计中一般指标 条目数量（个）”⑦提交投标文件截止时间、开标时间现顺延至2026年09月14日09时30分（北京时间）。更正后内容详见“昆明海关2026年监管查验技术装备设备采购项目（手持式背散射检测仪）招标文件（更正后定稿）” 更正日期：2026年08月28日 三、其他补充事宜 因此给各投标人带来的不便，敬请谅解！ 四、凡对本次公告内容提出询问，请按以下方式联系。 1.采购人信息 名 称：中华人民共和国昆明海关 地址：云南省昆明市北京路618号 联系方式：杨老师0871-63016344 2.采购代理机构信息 名 称：云南中招招标有限公司 地 址：昆明市五华区王筇路176号绿地创海大厦21层 联系方式：周桃、钱文君、张广闻、陈婧博、张俊、果磊、李庆梅0871-68308282、68308030-641 3.项目联系方式 项目联系人：周桃、钱文君、张广闻、陈婧博、张俊、果磊、李庆梅 电 话： 0871-68308282、68308030-641,科研检测,,中国政府采购网,,,default,,采购文件,,,,,,,,,
陕西省地震局科技服务项目浅层地震勘探框架协议采购征集公告更正公告,变更公告,ZDJ126-013ZSA,2026年08月28日 10:52,陕西省,陕西省地震局,西安市边家村水文巷4号,逄晓燕029-88465494,正大方略工程咨询有限公司,029-82471109,卓腾、杨东华,卓腾,029-82471109,,,https://www.ccgp.gov.cn/cggg/zygg/gzgg/202608/t20260828_27221695.htm,2026-09-10 09:50:34,一、项目基本情况 原公告的采购项目编号：ZDJ126-013ZSA 原公告的采购项目名称：科技服务项目浅层地震勘探框架协议采购 首次公告日期：2026年08月21日 二、更正信息 更正事项：采购文件 更正内容： 征集文件供应商须知前附表第12条更正为： 采购代理服务费支付 1.金额：采购代理服务费共计13000元，由所有入围供应商平均分摊，各供应商按分摊金额2600元自行支付。 2.收取对象：入围供应商 3.缴纳时间：领取入围通知书时一次性支付 4.采购代理服务费缴纳信息 开户名称：正大方略工程咨询有限公司 开户行：西安银行股份有限公司东二环南段支行 账号：209011580000076430   更正日期：2026年08月28日 三、其他补充事宜 无 四、凡对本次公告内容提出询问，请按以下方式联系。 1.采购人信息 名 称：陕西省地震局 地址：西安市边家村水文巷4号 联系方式：逄晓燕029-88465494 2.采购代理机构信息 名 称：正大方略工程咨询有限公司 地 址：029-82471109 联系方式：卓腾、杨东华 3.项目联系方式 项目联系人：卓腾 电 话： 029-82471109,工程建设,,中国政府采购网,,,default,,采购文件,,,,,,,,,
全国海关信息中心2026年国产奇安信浏览器维保服务采购项目（重新招标）更正公告,变更公告,CG2026-WT-JC-FW-007-C01,2026年08月28日 10:38,北京市,海关总署物资装备采购中心,北京市东城区金宝街61号鑫海锦江大酒店,"采购机构名称：海关总署物资装备采购中心
地址：北京市东城区金宝街61号鑫海锦江大酒店
邮政编码：100005
联系方式：010-65194838（平台使用技术咨询）
010-65194937（业务咨询）
010-65195677（质疑受理）",详见公告正文,详见公告正文,详见公告正文,李先生,010-65194937,,,https://www.ccgp.gov.cn/cggg/zygg/gzgg/202608/t20260828_27221616.htm,2026-09-10 09:50:35,一、项目基本情况项目编号:CG2026-WT-JC-FW-007-C01项目名称:全国海关信息中心2026年国产奇安信浏览器维保服务采购项目（重新招标）首次公告日期：2026-08-19 15:07:15二、更正信息（一）“投标文件提交截止时间”和“开标时间”调整：投标文件提交截止时间和开标时间均由“2026-09-21 08:45:00（北京时间）”调整为“2026-09-22 08:45:00（北京时间）”。（二）在线磋商流程：原内容：1.磋商前自行安装腾讯会议软件，并请您单位于：2026年9月21日09点30分前登陆腾讯会议（会议号：304820203）等待协商；更正为：1.磋商前自行安装腾讯会议软件，并请您单位于：2026年9月22日09点30分前登陆腾讯会议（会议号：698613182）等待协商；三、其他补充事宜无四、凡对本次公告内容提出询问，请按以下方式联系。1.采购人信息名    称：全国海关信息中心地    址：东城区金宝街63号联系方式：010-651930642.采购执行机构信息名 称：海关总署物资装备采购中心 地址：北京市东城区金宝街61号鑫海锦江大酒店联系方式：见项目联系方式 3.项目联系方式项目联系人：李先生/女士电     话：010-65194937 下载相关附件,服务外包,,中国政府采购网,,,default,,,,,,,,,,,
中国国际经济技术交流中心采购货物项目实施任务更正公告,变更公告,,2026年08月28日 10:22,北京市,中国国际经济技术交流中心,北京市东城区安定门东大街28号雍和大厦C座11层,时老师010-84000767,中钢招标有限责任公司,北京市海淀区海淀大街8号中钢国际广场16层,高源、马娟娟、王建莉、刘健、聂娅琼、陈俊010-62688243，62688251,高源、马娟娟、王建莉、刘健、聂,010-62688243，62688251,,,https://www.ccgp.gov.cn/cggg/zygg/gzgg/202608/t20260828_27221422.htm,2026-09-10 09:50:35,一、项目基本情况 原公告的采购项目编号：物资2026-012 原公告的采购项目名称：中国国际经济技术交流中心采购货物项目实施任务 首次公告日期：2026年07月15日 二、更正信息 更正事项：采购文件 更正内容： 本项目投标截止时间和开标时间延期至2026年9月14日9:30，开标地点：北京市海淀区海淀大街8号中钢国际广场16层1610会议室 更正日期：2026年08月28日 三、其他补充事宜 无 四、凡对本次公告内容提出询问，请按以下方式联系。 1.采购人信息 名 称：中国国际经济技术交流中心 地址：北京市东城区安定门东大街28号雍和大厦C座11层 联系方式：时老师010-84000767 2.采购代理机构信息 名 称：中钢招标有限责任公司 地 址：北京市海淀区海淀大街8号中钢国际广场16层 联系方式：高源、马娟娟、王建莉、刘健、聂娅琼、陈俊010-62688243，62688251 3.项目联系方式 项目联系人：高源、马娟娟、王建莉、刘健、聂娅琼、陈俊 电 话： 010-62688243，62688251,其他,,中国政府采购网,,,default,,采购文件,,,,,,,,,
中国科学院亚热带农业生态研究所高分辨率倒置荧光显微镜采购项目更正公告,变更公告,OITC-G260802730,2026年08月28日 10:13,湖南省,中国科学院亚热带农业生态研究所,湖南省长沙市芙蓉区远大二路644号,万老师 w.dan@isa.ac.cn，王老师 0731-84619778,东方国际招标有限责任公司,北京市海淀区丹棱街1号互联网金融中心20层,王精华 冯宇图 吴旭 唐添慧 010-68290524、010-68290550、010-68290510、010-68290526、jhwang@oitc.com.cn,王精华,010-68290524、010-68290550、010-68290510、0,,,https://www.ccgp.gov.cn/cggg/zygg/gzgg/202608/t20260828_27221346.htm,2026-09-10 09:50:36,一、项目基本情况 原公告的采购项目编号：OITC-G260802730 原公告的采购项目名称：中国科学院亚热带农业生态研究所高分辨率倒置荧光显微镜采购项目 首次公告日期：2026年08月25日 二、更正信息 更正事项：采购文件 更正内容： 1、采购需求中★2.10更正为：载物台外形尺寸不小于230mm×200mm；XY有效移动行程不小于120mm×80mm；兼容培养皿、多孔板、玻片；配备同轴XY操作手柄，手柄扭力可调，具备XY位置锁定。2、其余不变。 更正日期：2026年08月27日 三、其他补充事宜 无 四、凡对本次公告内容提出询问，请按以下方式联系。 1.采购人信息 名 称：中国科学院亚热带农业生态研究所 地址：湖南省长沙市芙蓉区远大二路644号 联系方式：万老师 w.dan@isa.ac.cn，王老师 0731-84619778 2.采购代理机构信息 名 称：东方国际招标有限责任公司 地 址：北京市海淀区丹棱街1号互联网金融中心20层 联系方式：王精华 冯宇图 吴旭 唐添慧 010-68290524、010-68290550、010-68290510、010-68290526、jhwang@oitc.com.cn 3.项目联系方式 项目联系人：王精华 冯宇图 吴旭 唐添慧 jhwang@oitc.com.cn 电 话： 010-68290524、010-68290550、010-68290510、010-68290526,教育培训,,中国政府采购网,,,default,,采购文件,,,,,,,,,
浦东新区消防救援支队2026年指战员疗养项目更正公告,变更公告,,2026年08月28日 09:35,上海市,浦东新区消防救援支队,浦东新区杜鹃路260号,王老师021-20272287,上海财瑞建设管理有限公司,上海市延安西路1319号15楼,王瑢、孙瑞声15001951689、18964609709,王瑢,15001951689,,,https://www.ccgp.gov.cn/cggg/zygg/gzgg/202608/t20260828_27221093.htm,2026-09-10 09:50:37,一、项目基本情况 原公告的采购项目编号：招2026-2292 原公告的采购项目名称：浦东新区消防救援支队2026年指战员疗养项目比选公告 首次公告日期：2026年08月27日 二、更正信息 更正事项：采购公告 更正内容： 本项目比选公告中“二、开标时间”更正为：2026-09-02 10：00；其他公告内容不变。 更正日期：2026年08月28日 三、其他补充事宜 无 四、凡对本次公告内容提出询问，请按以下方式联系。 1.采购人信息 名 称：浦东新区消防救援支队 地址：浦东新区杜鹃路260号 联系方式：王老师021-20272287 2.采购代理机构信息 名 称：上海财瑞建设管理有限公司 地 址：上海市延安西路1319号15楼 联系方式：王瑢、孙瑞声15001951689、18964609709 3.项目联系方式 项目联系人：王瑢 电 话： 15001951689,公共安全,,中国政府采购网,,,default,,采购公告,,,,,,,,,
秦皇岛市消防救援支队河北省消防救援总队2025年度装备集中采购项目（第二批次）秦皇岛支队昌黎大队车辆采购项目C标段更正公告,变更公告,Z1303002606781001,2026年08月28日 09:24,昌黎县,秦皇岛市消防救援支队,秦皇岛市海港区开发区兴凯湖路6号,郭先生 0335-5943691,秦皇岛市公共资源交易中心（秦皇岛市政府采购中心、秦皇岛市产权交易中心）,秦皇岛市海港区民族路6号政务服务中心四楼（原绿色商厦）,王雪梅  0335-3617628,郭先生,0335-5943691,,,https://www.ccgp.gov.cn/cggg/zygg/gzgg/202608/t20260828_27221049.htm,2026-09-10 09:50:37,一、项目基本情况 原公告的采购项目编号：Z1303002606781001 原公告的采购项目名称：秦皇岛市消防救援支队河北省消防救援总队2025年度装备集中采购项目（第二批次）秦皇岛支队昌黎大队车辆采购项目C标段公开招标公告 首次公告日期：2026年08月20日 二、更正信息 更正事项：采购文件 更正内容： 1、原招标文件中第六部分 政府采购合同3.合同履行（3）履约担保中的“履约担保期限：自提交之日至全部货物到货验收合格后满一年。”，更正为：履约担保期限：自提交之日起至全部货物到货验收合格止。2、其他事项不变。 更正日期：2026年08月28日 三、其他补充事宜 无。 四、凡对本次公告内容提出询问，请按以下方式联系。 1.采购人信息 名 称：秦皇岛市消防救援支队 地址：秦皇岛市海港区开发区兴凯湖路6号 联系方式：郭先生 0335-5943691 2.采购代理机构信息 名 称：秦皇岛市公共资源交易中心（秦皇岛市政府采购中心、秦皇岛市产权交易中心） 地 址：秦皇岛市海港区民族路6号政务服务中心四楼（原绿色商厦） 联系方式：王雪梅 0335-3617628 3.项目联系方式 项目联系人：郭先生 电 话： 0335-5943691,公共安全,,中国政府采购网,,,default,,采购文件,,,,,,,,,
