notice_title,notice_type,project_code,publish_time,admin_region,buyer_name,buyer_address,buyer_contact,agent_name,agent_address,agent_contact,attach_file_names,attach_json,notice_url,crawl_time,purchase_method,budget,budget_source,terminate_reason,change_item,win_total_amount,judge_experts,agent_service_fee,win_supplier,proposed_supplier,single_source_reason,publicity_period,open_bid_time,contact_name,contact_tel
怒江边境管理支队2026年教育训练装备采购项目（二次）竞争性谈判公告,竞争性谈判公告,WH-533300-2026-0014-0102,2026年09月09日 15:33,云南省,怒江边境管理支队（怒江州公安局边境管理支队）,怒江傈僳族自治州泸水市六库街道八一路128号,闫警官0886-3615148,旺和招标咨询有限公司,怒江州泸水市大练地街道泸水碧桂园1期1栋1-17,黎霞辐、杨艳芬,,,https://www.ccgp.gov.cn/cggg/zygg/jzxtpgg/./202609/t20260909_27295639.htm,2026-09-09 16:18:18,竞争性谈判,33.74,table,,,,,,,,,,,,
中华人民共和国新疆出入境边防检查总站繁育种犬及待训警犬采购项目（二次）竞争性谈判公告,竞争性谈判公告,hcxjczt-2026-547,2026年09月09日 13:07,新疆维吾尔自治区,中华人民共和国新疆出入境边防检查总站,新疆乌鲁木齐市天山区团结路1551号,王警官/0991-8512158,华春建设工程项目管理有限责任公司,新疆乌鲁木齐市水磨沟区浙商大厦15楼1505室,孔伟国、0991-2629781、17590034636,采购需求.docx,"[{""attach_name"": ""采购需求.docx"", ""attach_url"": ""https://download.ccgp.gov.cn/oss/download?uuid=04ED8F55C79002EA2B9F1461444266""}]",https://www.ccgp.gov.cn/cggg/zygg/jzxtpgg/./202609/t20260909_27294376.htm,2026-09-09 16:18:18,竞争性谈判,48.0,table,,,,,,,,,,,,
炉管设备耗材、石英舟（二次）竞争性谈判公告,竞争性谈判公告,ZGGJ-BJ04-26081636/SiC2026032,2026年09月08日 19:06,北京市,zycgr22011902,/,杨老师 010-57305334,中工国际招标有限公司,北京市朝阳区慧忠路5号远大中心C座2层203,王宇婷、王欣、康进、张跃   010-82952950-814,,,https://www.ccgp.gov.cn/cggg/zygg/jzxtpgg/./202609/t20260908_27291080.htm,2026-09-09 16:18:18,竞争性谈判,65.0,table,,,,,,,,,,,,
氮化硅衬板竞争性谈判公告,竞争性谈判公告,ZGGJ-BJ04-26091692/SIC2026045,2026年09月08日 18:54,北京市,zycgr22011902,/,杨老师 010-57305334,中工国际招标有限公司,北京市朝阳区慧忠路5号远大中心C座2层203,王宇婷、王欣、康进、张跃   010-82952950-814,,,https://www.ccgp.gov.cn/cggg/zygg/jzxtpgg/./202609/t20260908_27290898.htm,2026-09-09 16:18:18,竞争性谈判,55.0,table,,,,,,,,,,,,
中华人民共和国深圳机场出入境边防检查站警员之家修缮项目竞争性谈判公告,竞争性谈判公告,GXSZ-20260277BAJZ,2026年09月08日 18:00,深圳市,中华人民共和国深圳机场出入境边防检查站,深圳市罗湖区人民南路1006号,苏警官0755-84498264,深圳高星项目管理有限公司,深圳市福田区泰然九路天地源盛唐大厦东座1403,郑工0755-88918226,,,https://www.ccgp.gov.cn/cggg/zygg/jzxtpgg/./202609/t20260908_27290274.htm,2026-09-09 16:18:18,竞争性谈判,25.011765,table,,,,,,,,,,,,
福建省漳州台商投资区消防救援大队2026-2027年度宣传品供应商服务采购项目竞争性谈判公告,竞争性谈判公告,ZZHH采购20260805,2026年09月08日 17:47,漳州市,漳州台商投资区消防救援大队,漳州台商投资区中闽大道33号,张先生 联系电话：17606066427,福建互华土木工程管理有限公司,漳州市龙文区明发广场1号楼1711-1716号,小欧 联系电话：0596-2933815,,,https://www.ccgp.gov.cn/cggg/zygg/jzxtpgg/./202609/t20260908_27289991.htm,2026-09-09 16:18:18,竞争性谈判,80.201,table,,,,,,,,,,,,
中国科学技术协会智能型积层式多功能密集柜采购项目竞争性谈判公告,竞争性谈判公告,ZZGJ20260164,2026年09月08日 17:12,市辖区,中国科学技术协会,北京市海淀区复兴路3号,赵老师 010-68571878,中招政采（北京）咨询有限公司,北京市海淀区中关村南大街18号北京国际大厦C座1106室,刘倩倩、魏磊、仝丽东、姚紫珺、刘佳通、冯宇森、普晶、刘宇晴 010-63966992,购买文件登记表及付款账户信息.docx,"[{""attach_name"": ""购买文件登记表及付款账户信息.docx"", ""attach_url"": ""https://download.ccgp.gov.cn/oss/download?uuid=993F0C971B71590FF03E98F73F31BE""}]",https://www.ccgp.gov.cn/cggg/zygg/jzxtpgg/./202609/t20260908_27289087.htm,2026-09-09 16:18:18,竞争性谈判,134.89,table,,,,,,,,,,,,
文山边境管理支队2026年生活家具采购项目竞争性谈判公告,竞争性谈判公告,YNZH-HW-WSBJ-260126,2026年09月08日 16:59,文山壮族苗族自治州,中华人民共和国文山边境管理支队（文山州公安局边境管理支队）,云南省文山壮族苗族自治州文山市华龙南路16号,陈警官 0876-2845056,云南自厚建设项目管理有限公司,云南省昆明市西山区西福路87号,冯连、董洪斌、王小强、陆红梅、李芳、陆志翔/0871-65518886,文山边境管理支队2026年生活家具采购项目（发售稿）.docx,"[{""attach_name"": ""文山边境管理支队2026年生活家具采购项目（发售稿）.docx"", ""attach_url"": ""https://download.ccgp.gov.cn/oss/download?uuid=75813369F3E9F02675DB95575D5E50""}]",https://www.ccgp.gov.cn/cggg/zygg/jzxtpgg/./202609/t20260908_27288697.htm,2026-09-09 16:18:18,竞争性谈判,52.864,table,,,,,,,,,,,,
中国疾病预防控制中心传染病预防控制所GPU服务器相关配件采购项目竞争性谈判公告,竞争性谈判公告,0722-26FE4084ZB3,2026年09月08日 15:41,北京市,中国疾病预防控制中心传染病预防控制所,北京市昌平区昌百路155号,焦振得 李丹、010-58900734 58900725,中国远东国际招标有限公司,北京市朝阳区和平街东土城路甲9号10层,范思迪、刁振楠、高冬冬、梅豫家，64234102,,,https://www.ccgp.gov.cn/cggg/zygg/jzxtpgg/./202609/t20260908_27286770.htm,2026-09-09 16:18:18,竞争性谈判,50.0,table,,,,,,,,,,,,
北京中医药大学东直门医院《基层非中医类别医师“西学中”专题培训》第三方实施服务项目竞争性谈判公告,竞争性谈判公告,B0708-CMC26N7344,2026年09月08日 15:04,北京市,北京中医药大学东直门医院,北京市东城区海运仓5号,魏老师 010-84013265,中国机械进出口(集团)有限公司,北京市丰台区金泽东路通用时代中心C座,郭女士、张女士、刘先生   电话：010-81168212 邮箱：guochangqian@cmc.gt.cn,,,https://www.ccgp.gov.cn/cggg/zygg/jzxtpgg/./202609/t20260908_27286140.htm,2026-09-09 16:18:18,竞争性谈判,85.0,table,,,,,,,,,,,,
盘锦市大洼区气象局2026年大洼区应急指挥平台升级项目竞争性谈判公告,竞争性谈判公告,BZXHPJ-20260908,2026年09月08日 14:40,大洼县,盘锦市大洼区气象局,盘锦市大洼区大洼街道办事处振兴社区,张南、15942755773,博智兴华工程顾问有限公司,盘锦市大洼区田家街道璧城康桥K区S1#1-4室,张工、13842722731,,,https://www.ccgp.gov.cn/cggg/zygg/jzxtpgg/./202609/t20260908_27285889.htm,2026-09-09 16:18:18,竞争性谈判,8.918,table,,,,,,,,,,,,
重庆出入境边防检查总站执法执勤装备购置（26WA0086）竞争性谈判公告,竞争性谈判公告,26WA0086,2026年09月08日 11:28,市辖区,中华人民共和国重庆出入境边防检查总站,重庆市两江新区航宾大道67号,于警官023-65593409,重庆市政府采购中心,重庆市两江新区五简路2号重庆咨询大厦B座502室,杨敬杰  唐 玮023-67707261 67523244,谈判-重庆出入境边防检查总站执法执勤装备购置（第三次终审稿）.doc,"[{""attach_name"": ""谈判-重庆出入境边防检查总站执法执勤装备购置（第三次终审稿）.doc"", ""attach_url"": ""https://download.ccgp.gov.cn/oss/download?uuid=6DFFE81424E67447A5956561ED0361""}]",https://www.ccgp.gov.cn/cggg/zygg/jzxtpgg/./202609/t20260908_27284690.htm,2026-09-09 16:18:18,竞争性谈判,101.85,table,,,,,,,,,,,,
国家体育总局手曲棒垒球运动管理中心国家女子垒球队训练器材采购竞争性谈判公告,竞争性谈判公告,,2026年09月07日 19:47,北京市,国家体育总局手曲棒垒球运动管理中心,北京市东城区体育馆路4号,010-87183539,国家体育总局体育器材装备中心,北京市东城区体育馆路3号,010-87182686,,,https://www.ccgp.gov.cn/cggg/zygg/jzxtpgg/./202609/t20260907_27282576.htm,2026-09-09 16:18:19,竞争性谈判,118.82,table,,,,,,,,,,,,
中华人民共和国山东出入境边防检查总站轮训大队车棚建设项目竞争性谈判公告,竞争性谈判公告,SDLXDD2026-003,2026年09月07日 19:00,东营市,中华人民共和国山东出入境边防检查总站,东营市东营经济开发区登州路610号,王警官；0546-6375110,山东华胜项目管理咨询有限公司,东营市东城南一路与东二路交叉口西南角人社局,商女士；0546-8307399,山东出入境边防检查总站轮训大队车棚建设项目-采购需求.pdf,"[{""attach_name"": ""山东出入境边防检查总站轮训大队车棚建设项目-采购需求.pdf"", ""attach_url"": ""https://download.ccgp.gov.cn/oss/download?uuid=87C411A8845B02FA2D1EC2050B4ADD""}]",https://www.ccgp.gov.cn/cggg/zygg/jzxtpgg/./202609/t20260907_27282360.htm,2026-09-09 16:18:19,竞争性谈判,42.12,table,,,,,,,,,,,,
哈密边境管理支队二红山边境派出所电锅炉采购项目竞争性谈判公告,竞争性谈判公告,HMZD2026-21,2026年09月07日 18:19,新疆维吾尔自治区,哈密边境管理支队,新疆哈密市伊州区青年南路 45 号,张警官  0902-2275246,新疆诚誉工程项目管理有限公司,哈密市伊州区环城路紫馨花园商住高层1号楼7层3号,刘慧敏  2307055,哈密边境管理支队二红山边境派出所电锅炉采购项目竞争性谈判公告.docx,"[{""attach_name"": ""哈密边境管理支队二红山边境派出所电锅炉采购项目竞争性谈判公告.docx"", ""attach_url"": ""https://download.ccgp.gov.cn/oss/download?uuid=ECB9BA2F889832EB10E0EEAE3C1596""}]",https://www.ccgp.gov.cn/cggg/zygg/jzxtpgg/./202609/t20260907_27281951.htm,2026-09-09 16:18:19,竞争性谈判,20.0,table,,,,,,,,,,,,
国家体育总局手曲棒垒球运动管理中心训练器材采购竞争性谈判公告,竞争性谈判公告,,2026年09月07日 17:13,北京市,国家体育总局手曲棒垒球运动管理中心,北京市东城区体育馆路4号,010-67133918,国家体育总局体育器材装备中心,北京市东城区体育馆路3号,010-87182686,,,https://www.ccgp.gov.cn/cggg/zygg/jzxtpgg/./202609/t20260907_27280795.htm,2026-09-09 16:18:19,竞争性谈判,57.25,table,,,,,,,,,,,,
长江三峡通航管理局仙人桥基地护坡应急修缮施工竞争性谈判公告,竞争性谈判公告,HSZB-2026-153,2026年09月07日 16:46,市辖区,长江三峡通航管理局,湖北省宜昌市西陵区上导堤路12号,向黎航、吴先伟0717-6961324、0717-6962891,湖北华审工程造价咨询有限公司,宜昌市伍家岗区沿江大道特162号福江铭座21楼,方天涯0717-6775732,竞争性谈判公告-仙人桥基地护坡应急修缮施工.pdf,"[{""attach_name"": ""竞争性谈判公告-仙人桥基地护坡应急修缮施工.pdf"", ""attach_url"": ""https://download.ccgp.gov.cn/oss/download?uuid=3CE5ABB8CCF7BF597F14477EE8FCE6""}]",https://www.ccgp.gov.cn/cggg/zygg/jzxtpgg/./202609/t20260907_27280002.htm,2026-09-09 16:18:19,竞争性谈判,174.62,table,,,,,,,,,,,,
永州经济技术开发区消防救援大队战勤保障楼班宿舍床铺购置项目竞争性谈判公告,竞争性谈判公告,HNRCXFCG-JJJSKF-20260702,2026年09月07日 16:01,永州市,永州市消防救援支队,湖南省永州市冷水滩区梅湾街道育才路8号,肖海涛 15116608211（经本人同意公开）,湖南荣畅项目管理有限公司,永州市冷水滩区中兴路首衡城1号门右侧A11栋2楼,刘元华 18075823006（经本人同意后公开）,,,https://www.ccgp.gov.cn/cggg/zygg/jzxtpgg/./202609/t20260907_27278988.htm,2026-09-09 16:18:19,竞争性谈判,16.6756,table,,,,,,,,,,,,
福建省消防救援总队训练和战勤保障支队电缆及配套电气设备采购项目竞争性谈判公告,竞争性谈判公告,FJLQ20260220,2026年09月07日 11:31,福建省,福建省消防救援总队训练和战勤保障支队,福州市闽候县上街镇旗麓北大道11号,张先生0591-23533595,福建立勤项目管理有限公司,福州市鼓楼区工业路523号福大怡山文化创意园北区3号楼101,徐朕、曾佳、钱文星0591-88169153,福建立勤项目管理有限公司获取招标(采购)文件登记表.doc,"[{""attach_name"": ""福建立勤项目管理有限公司获取招标(采购)文件登记表.doc"", ""attach_url"": ""https://download.ccgp.gov.cn/oss/download?uuid=D2F929B4BF4506C6F3A2CB5810B953""}]",https://www.ccgp.gov.cn/cggg/zygg/jzxtpgg/./202609/t20260907_27276751.htm,2026-09-09 16:18:19,竞争性谈判,32.03,table,,,,,,,,,,,,
北碚区消防救援支队科学城小型消防站装修项目（26WB0181）竞争性谈判公告,竞争性谈判公告,26WB0181,2026年09月07日 11:14,北碚区,北碚区消防救援支队,重庆市北碚区金华路338号,于老师  023-68316296,重庆市政府采购中心,重庆市两江新区五简路2号重庆咨询大厦B座502室,袁建文 钟若仪 023-67703281 67120648,"清单及资料.zip,竞争性谈判-科学城小型建房站装上网.doc,科学城小型消防站建设项目装饰+水电暖.rar","[{""attach_name"": ""清单及资料.zip"", ""attach_url"": ""https://download.ccgp.gov.cn/oss/download?uuid=5DFB0D084085E0E4028EB3911E9295""}, {""attach_name"": ""竞争性谈判-科学城小型建房站装上网.doc"", ""attach_url"": ""https://download.ccgp.gov.cn/oss/download?uuid=E7AD78FFFF71E18EB1376DAC6A8F6D""}, {""attach_name"": ""科学城小型消防站建设项目装饰+水电暖.rar"", ""attach_url"": ""https://download.ccgp.gov.cn/oss/download?uuid=D6506B2C4535604674EBE79D0AFB59""}]",https://www.ccgp.gov.cn/cggg/zygg/jzxtpgg/./202609/t20260907_27276597.htm,2026-09-09 16:18:19,竞争性谈判,85.830118,table,,,,,,,,,,,,
中华人民共和国磨憨出入境边防检查站勐润通道边检执勤现场及查验设施设备升级改造项目（三次）竞争性谈判公告,竞争性谈判公告,TPZB-BN-2026-053,2026年09月07日 10:13,勐腊县,中华人民共和国磨憨出入境边防检查站,云南省西双版纳州勐腊县雨林大道34号,黄警官、0691-8127604,云南天平工程项目管理有限公司,景洪市曼弄枫曼城C1栋1单元5楼502室,李金妹、黄茜茜、黄艳、罗鸿翔0691-2741622,公告.doc,"[{""attach_name"": ""公告.doc"", ""attach_url"": ""https://download.ccgp.gov.cn/oss/download?uuid=B9063761763270F7EBEE51F79E2162""}]",https://www.ccgp.gov.cn/cggg/zygg/jzxtpgg/./202609/t20260907_27276040.htm,2026-09-09 16:18:19,竞争性谈判,24.9,table,,,,,,,,,,,,
国家体育总局体育器材装备中心关于国家体育总局举摔柔中心 国产器材竞争性谈判采购的竞争性谈判公告,竞争性谈判公告,,2026年09月07日 10:09,北京市,国家体育总局举重摔跤柔道运动管理中心,北京市东城区东大地街一号院10号楼,13520193669,国家体育总局体育器材装备中心,北京市东城区体育馆路3号,010-87182681,,,https://www.ccgp.gov.cn/cggg/zygg/jzxtpgg/./202609/t20260907_27276068.htm,2026-09-09 16:18:19,竞争性谈判,161.544,table,,,,,,,,,,,,
航行体尾流场数值计算服务竞争性谈判公告,竞争性谈判公告,ZC26GHB0053,2026年09月04日 19:04,湖北省,zycgr20240515,武汉市东湖新技术开发区启明一路2号,张淼17824838703,中招工业发展（北京）有限公司,北京市海淀区皂君庙14号院9号楼1至5层全部,李婧璇/钱超逸/周天维13349890817/15327119716,,,https://www.ccgp.gov.cn/cggg/zygg/jzxtpgg/./202609/t20260904_27272155.htm,2026-09-09 16:18:19,竞争性谈判,28.0,table,,,,,,,,,,,,
怒江边境管理支队2026年基层单位机房升级改造项目竞争性谈判公告,竞争性谈判公告,NJBG2026008,2026年09月04日 18:30,怒江傈僳族自治州,怒江边境管理支队（怒江州公安局边境管理支队）,云南省怒江州泸水市六库镇八一路128号,闫警官 0886-3615148,昆明建设咨询管理有限公司,云南省昆明市西山区润城第四大道3栋3楼303室,泰应勤、王晓光、周宏伟、张晋、夏添、吴勇15288238707,怒江边境管理支队2026年基层单位机房升级改造项目竞争性谈判公告.docx,"[{""attach_name"": ""怒江边境管理支队2026年基层单位机房升级改造项目竞争性谈判公告.docx"", ""attach_url"": ""https://download.ccgp.gov.cn/oss/download?uuid=129B076982F853E73CBFFF8D60DA4B""}]",https://www.ccgp.gov.cn/cggg/zygg/jzxtpgg/./202609/t20260904_27271825.htm,2026-09-09 16:18:19,竞争性谈判,54.5218,table,,,,,,,,,,,,
怒江边境管理支队2026年教育训练装备采购项目竞争性谈判公告,竞争性谈判公告,WH-533300-2026-0014-0101,2026年09月04日 17:49,云南省,怒江边境管理支队（怒江州公安局边境管理支队）,怒江傈僳族自治州泸水市六库街道八一路128号,闫警官0886-3615148,旺和招标咨询有限公司,怒江州泸水市大练地街道泸水碧桂园1期1栋1-17,0886-3565666,,,https://www.ccgp.gov.cn/cggg/zygg/jzxtpgg/./202609/t20260904_27271278.htm,2026-09-09 16:18:19,竞争性谈判,33.74,table,,,,,,,,,,,,
怒江边境管理支队基层档案室视频监控系统升级改造项目竞争性谈判公告,竞争性谈判公告,YNNJYH202609-02,2026年09月04日 17:48,怒江傈僳族自治州,怒江边境管理支队（怒江州公安局边境管理支队）,云南省怒江州泸水市六库镇八一路128号边境管理支队,项目联系人：闫警官 联系电话：0886-3615148,怒江煜昊工程项目管理有限公司,云南省怒江州泸水市六库镇山水蓝岸二期文盛路5号,项目联系人：胡缘琴电      电话：0886-3891999、19908862027,,,https://www.ccgp.gov.cn/cggg/zygg/jzxtpgg/./202609/t20260904_27271275.htm,2026-09-09 16:18:19,竞争性谈判,25.786,table,,,,,,,,,,,,
石狮市消防救援大队石狮市消防科普教育基地配套设备采购项目竞争性谈判公告,竞争性谈判公告,FJQYCG2026116,2026年09月04日 17:37,石狮市,石狮市消防救援大队,石狮市永宁镇共富路1500号,赖先生 15260364051,福建省仟羽工程咨询有限公司,泉州市丰泽区田安北路武夷花园文昌大厦10楼A座,谢小灿 0595-22108509/13655959891,,,https://www.ccgp.gov.cn/cggg/zygg/jzxtpgg/./202609/t20260904_27271043.htm,2026-09-09 16:18:19,竞争性谈判,85.904,table,,,,,,,,,,,,
石狮市消防救援大队海宁路消防救援站健身房配套设备采购项目竞争性谈判公告,竞争性谈判公告,QZWB[TP]SS2026083,2026年09月04日 17:16,石狮市,石狮市消防救援大队,泉州市石狮市共富路与院东村大道交叉口南约160米,小林15959125957,泉州晚报项目咨询管理有限公司,福建省泉州市丰泽区刺桐路82号泉州晚报社附属楼一层106,小黄0595-28189943,购买采购文件登记表.doc,"[{""attach_name"": ""购买采购文件登记表.doc"", ""attach_url"": ""https://download.ccgp.gov.cn/oss/download?uuid=FCF0891CB937C4071988865B3BBA23""}]",https://www.ccgp.gov.cn/cggg/zygg/jzxtpgg/./202609/t20260904_27270531.htm,2026-09-09 16:18:20,竞争性谈判,32.7734,table,,,,,,,,,,,,
中华人民共和国马关出入境边防检查站执勤一队训练场改造项目竞争性谈判公告,竞争性谈判公告,MGZ-2026-8-1,2026年09月04日 16:56,马关县,中华人民共和国马关出入境边防检查站,文山州马关县马白镇宁安路,王真0876-85392325,云南星盛爵项目管理有限公司,云南省文山壮族苗族自治州文山市卧龙街道中天名郡A区商铺10-06号,李洪文0876-3015393,"中华人民共和国马关出入境边防检查站执勤一队训练场改造项目.doc,公告1_20260904132521.pdf","[{""attach_name"": ""中华人民共和国马关出入境边防检查站执勤一队训练场改造项目.doc"", ""attach_url"": ""https://download.ccgp.gov.cn/oss/download?uuid=3BE229D58CCDB0A28733EC071A6544""}, {""attach_name"": ""公告1_20260904132521.pdf"", ""attach_url"": ""https://download.ccgp.gov.cn/oss/download?uuid=685566E8532A59E0D53B28BEEB90A6""}]",https://www.ccgp.gov.cn/cggg/zygg/jzxtpgg/./202609/t20260904_27270056.htm,2026-09-09 16:18:20,竞争性谈判,31.05,table,,,,,,,,,,,,
中国科学院信息工程研究所2026年资产处置第三批竞争性谈判公告,竞争性谈判公告,HCZB2026-XGS-10,2026年09月04日 16:06,北京市,中国科学院信息工程研究所,北京市海淀区树村路19号,申老师   010-82345112,华诚博远工程咨询有限公司,北京市西城区宣武门外大街10号庄胜广场中央办公楼北翼19层,王经理   17319483702,"文件领取表-2026年第三批.doc,第三章资产处置清单.doc","[{""attach_name"": ""文件领取表-2026年第三批.doc"", ""attach_url"": ""https://download.ccgp.gov.cn/oss/download?uuid=A636F65E2921D2DFE3B11294F01ABB""}, {""attach_name"": ""第三章资产处置清单.doc"", ""attach_url"": ""https://download.ccgp.gov.cn/oss/download?uuid=C529B35AFE1A296CCC301371AA301B""}]",https://www.ccgp.gov.cn/cggg/zygg/jzxtpgg/./202609/t20260904_27268773.htm,2026-09-09 16:18:20,竞争性谈判,0.0,table,,,,,,,,,,,,
榆阳大队运动相机采购项目竞争性谈判公告（二次）,竞争性谈判公告,SXSY[2026招]0312号,2026年09月04日 15:31,榆阳区,榆林市榆阳区消防救援大队,陕西省榆林市榆阳区上郡北路243号,侯先生 0912-3701806,陕西圣业招标有限公司,陕西省榆林市榆阳区航宇路弘景国际B座0621室,陈女士 0912-3529957,,,https://www.ccgp.gov.cn/cggg/zygg/jzxtpgg/./202609/t20260904_27268068.htm,2026-09-09 16:18:20,竞争性谈判,25.68,table,,,,,,,,,,,,
中国信息通信研究院人形机器人仿生灵巧手测试验证平台-智能机器人执行机构与交互安全综合性能测试系统竞争性谈判公告,竞争性谈判公告,BMCC-ZC26-1293,2026年09月04日 15:29,北京市,中国信息通信研究院,北京市海淀区花园北路52号,丁雪 010-62304366,北京明德致信咨询有限公司,北京市海淀区学院路30号科大天工大厦B座1709室,"刘亚运,孙恺宁,吕家乐  010－82370045,FC@zbbmcc.com（保证金、发票等咨询）",（发售稿）ZC26-1293人形机器人仿生灵巧手测试验证平台-智能机器人执行机构与交互安全综合性能测试系统竞争性谈判公告.docx,"[{""attach_name"": ""（发售稿）ZC26-1293人形机器人仿生灵巧手测试验证平台-智能机器人执行机构与交互安全综合性能测试系统竞争性谈判公告.docx"", ""attach_url"": ""https://download.ccgp.gov.cn/oss/download?uuid=C232542B56B5DB6631BFA2F00CB5B7""}]",https://www.ccgp.gov.cn/cggg/zygg/jzxtpgg/./202609/t20260904_27268033.htm,2026-09-09 16:18:20,竞争性谈判,85.2,table,,,,,,,,,,,,
包头市消防救援支队通信指挥车维修改造项目【第2次重新采购】竞争性谈判公告,竞争性谈判公告,ZFCG304526072990,2026年09月04日 15:23,九原区,包头市消防救援支队,包头市稀土高新区稀土大街51号,徐宁 15049366655,内蒙古阳光采购服务平台有限责任公司,内蒙古呼和浩特市赛罕区阿吉泰路3号,赵玉信18586095939,包头市消防救援支队通信指挥车维修改造项目【第2次重新采购】.pdf,"[{""attach_name"": ""包头市消防救援支队通信指挥车维修改造项目【第2次重新采购】.pdf"", ""attach_url"": ""https://download.ccgp.gov.cn/oss/download?uuid=A542137989B990052ED1F5860E2B61""}]",https://www.ccgp.gov.cn/cggg/zygg/jzxtpgg/./202609/t20260904_27267945.htm,2026-09-09 16:18:20,竞争性谈判,29.5,table,,,,,,,,,,,,
乌兰察布市消防救援支队无人机驾驶员培训服务竞争性谈判公告,竞争性谈判公告,ZFCG304526094236,2026年09月04日 15:10,集宁区,乌兰察布市消防救援支队,内蒙古乌兰察市集宁区察哈尔西街57号,田晓宇、19997789555,内蒙古阳光采购服务平台有限责任公司,内蒙古呼和浩特市赛罕区阿吉泰路3号,樊增、18586095931、0471-3473025,,,https://www.ccgp.gov.cn/cggg/zygg/jzxtpgg/./202609/t20260904_27267733.htm,2026-09-09 16:18:20,竞争性谈判,17.92,table,,,,,,,,,,,,
吉林大学中日联谊医院职业健康检查服务合同竞争性谈判公告,竞争性谈判公告,WKZB2631JLQTF405803,2026年09月04日 15:03,长春市,吉林大学中日联谊医院,吉林省长春市仙台大街126号吉林大学中日联谊医院,米杨，穆雪0431-84995171,五矿国际招标有限责任公司,吉林省长春市南关区亚泰大街5211号五环国际大厦1609室,曹常虎、杨青、孙钰坤，0431-77771889,,,https://www.ccgp.gov.cn/cggg/zygg/jzxtpgg/./202609/t20260904_27267619.htm,2026-09-09 16:18:20,竞争性谈判,12.0,table,,,,,,,,,,,,
四川省成都高新技术产业开发区消防救援大队“5分钟消防救援圈”街道社区消防站电路改造采购项目（二次）竞争性谈判公告,竞争性谈判公告,XYZXYC-20260116-02,2026年09月04日 14:49,成都市,成都高新技术产业开发区消防救援大队,成都市高新区天府三街1266号,陈老师028-85189141,四川鑫沅招标代理有限公司,成都市武侯区武科西一路65号B座201号,王女士028-87765239或87766602转8803,,,https://www.ccgp.gov.cn/cggg/zygg/jzxtpgg/./202609/t20260904_27267402.htm,2026-09-09 16:18:20,竞争性谈判,81.315403,table,,,,,,,,,,,,
山西省消防救援总队2026年度消防员招录体检项目竞争性谈判公告,竞争性谈判公告,ZLZX采【2026】0074号,2026年09月04日 14:47,太原市,山西省消防救援总队,山西省太原市迎泽区桃园南路59号,谷先生；0351-3135119,山西重力工程咨询有限公司,太原市万柏林区长兴北街1号华润大厦T4楼15层,段振宇、乔舒琪、黄东、孙远东；15735516478、0351-7077533,山西省消防救援总队2026年度消防员招录体检项目9.3.doc,"[{""attach_name"": ""山西省消防救援总队2026年度消防员招录体检项目9.3.doc"", ""attach_url"": ""https://download.ccgp.gov.cn/oss/download?uuid=BAF833F48E0E76F417670429B3FFD8""}]",https://www.ccgp.gov.cn/cggg/zygg/jzxtpgg/./202609/t20260904_27267385.htm,2026-09-09 16:18:20,竞争性谈判,167.5,table,,,,,,,,,,,,
中华人民共和国四川出入境边防检查总站执法执勤文检仪采购项目竞争性谈判采购公告,竞争性谈判公告,SCBJZZ-2026-0717-01,2026年09月04日 13:58,四川省,中华人民共和国四川出入境边防检查总站,成都市高新区新园南二路6号,李老师 028-86022136,四川中泽盛世项目管理有限公司,成都金牛高新技术产业园区蜀西路46号1栋1单元3楼301号,夏老师 028-87789977,,,https://www.ccgp.gov.cn/cggg/zygg/jzxtpgg/./202609/t20260904_27267044.htm,2026-09-09 16:18:20,竞争性谈判,83.832,table,,,,,,,,,,,,
中华人民共和国马关出入境边防检查站机房升级改造采购项目二期竞争性谈判公告,竞争性谈判公告,MGZ-2026-8-2,2026年09月04日 11:10,马关县,中华人民共和国马关出入境边防检查站,文山州马关县马白镇宁安路,王警官0876-85392326,云南佳晨项目管理咨询有限公司,云南省文山壮族苗族自治州文山市卧龙街道华宇卧龙府四期转角写字楼3楼,苏远春0876-2668809,竞争性谈判公告.pdf,"[{""attach_name"": ""竞争性谈判公告.pdf"", ""attach_url"": ""https://download.ccgp.gov.cn/oss/download?uuid=AB1C092B0EBAF87C0053774840FA04""}]",https://www.ccgp.gov.cn/cggg/zygg/jzxtpgg/./202609/t20260904_27265968.htm,2026-09-09 16:18:20,竞争性谈判,9.511,table,,,,,,,,,,,,
中国特种设备检测研究院热成像仪采购项目竞争性谈判公告,竞争性谈判公告,26CNIC01-6036,2026年09月04日 08:54,北京市,中国特种设备检测研究院,北京市朝阳区和平街西苑2号,张老师，电话：010-59068634,中国仪器进出口集团有限公司,北京市海淀区西直门北大街甲43号金运大厦B座902室,王剑/牟炳祯 010-62261185、01062268670转8313、010-81166132,竞争性谈判公告.docx,"[{""attach_name"": ""竞争性谈判公告.docx"", ""attach_url"": ""https://download.ccgp.gov.cn/oss/download?uuid=02808181E850DF02845EB0AD598160""}]",https://www.ccgp.gov.cn/cggg/zygg/jzxtpgg/./202609/t20260904_27264957.htm,2026-09-09 16:18:20,竞争性谈判,36.0,table,,,,,,,,,,,,
红河边境管理支队（红河州公安局边境管理支队）红河边境管理支队普角所营区变压器扩容及真空断路器维修工程（三次）竞争性谈判公告,竞争性谈判公告,YNSZ【招】GC26-105-2,2026年09月03日 21:07,蒙自市,红河边境管理支队（红河州公安局边境管理支队）,云南省红河州蒙自市天马路102号,张老师-0873-3865151,云南拾州项目管理有限公司,云南省红河州蒙自市上海路西城丽景25幢5号,段思亭-15911667402,"竞争性谈判公告.docx,【定稿】谈判文件--红河边境管理支队普角所营区变压器扩容及真空断路器维修工程（三次）.doc","[{""attach_name"": ""竞争性谈判公告.docx"", ""attach_url"": ""https://download.ccgp.gov.cn/oss/download?uuid=FB70B5CEE20FA1CCC9DCB2C6041DE6""}, {""attach_name"": ""【定稿】谈判文件--红河边境管理支队普角所营区变压器扩容及真空断路器维修工程（三次）.doc"", ""attach_url"": ""https://download.ccgp.gov.cn/oss/download?uuid=7CFA5F96310770BA200A3B760F9FDC""}]",https://www.ccgp.gov.cn/cggg/zygg/jzxtpgg/./202609/t20260903_27263656.htm,2026-09-09 16:18:20,竞争性谈判,13.956992,table,,,,,,,,,,,,
武汉理工大学余家头校区16号楼维修工程竞争性谈判公告,竞争性谈判公告,WUTG2026080027/ZB0105-202609-ZCGC1452,2026年09月03日 20:32,湖北省,武汉理工大学,洪山区珞狮南路122号,苏老师027-87285065,湖北国华项目管理咨询有限公司,武汉市武昌区中北路109号中铁1818中心10楼,刘志承、刘素芳、朱晶玲、王攀登、余轶菲、孙宁宁、高双、027-87272702,,,https://www.ccgp.gov.cn/cggg/zygg/jzxtpgg/./202609/t20260903_27263526.htm,2026-09-09 16:18:21,竞争性谈判,236.532477,table,,,,,,,,,,,,
中国人民银行新疆维吾尔自治区分行消防系统气体钢瓶定期检验项目（二次）竞争性谈判公告,竞争性谈判公告,0724-2631XJ765425,2026年09月03日 17:37,新疆维吾尔自治区,中国人民银行新疆维吾尔自治区分行,乌鲁木齐市天山区人民路395号,冉赤军0991-2373268,国义招标股份有限公司,乌鲁木齐市水磨沟区红光山路888号绿城广场1B栋35楼3504室,钟晓涵、周鑫0991-4664267、13009638607,,,https://www.ccgp.gov.cn/cggg/zygg/jzxtpgg/./202609/t20260903_27261964.htm,2026-09-09 16:18:21,竞争性谈判,24.62,table,,,,,,,,,,,,
黄埔海关技术中心综合实验大楼租赁互联网宽带和无线AP服务采购项目竞争性谈判公告,竞争性谈判公告,ZYDG-26-148,2026年09月03日 17:34,东莞市,黄埔海关技术中心,广东省东莞市南城区三元路66号,谢小姐0769-22005750,广东中元招标代理有限公司,东莞市莞城街道创业社区莞太大道120号金马大厦八楼806-809室,李小姐0769-23663761-610,,,https://www.ccgp.gov.cn/cggg/zygg/jzxtpgg/./202609/t20260903_27261928.htm,2026-09-09 16:18:21,竞争性谈判,30.0,table,,,,,,,,,,,,
张家界市消防救援支队指挥中心智能接处警系统升级改造项目竞争性谈判公告,竞争性谈判公告,JFZB2026-030,2026年09月03日 16:57,张家界市,张家界市消防救援支队,张家界市永定区南武路81号,向先生  17774475009,张家界金府招投标代理有限公司,张家界市永定区站前路1号（张家界第一建筑设计有限公司综合服务中心五楼）,李先生  0744-8543308/18627442898,"中小企业申明函.docx,竞争性谈判邀请公告.doc,湖南省政府采购供应商资格承诺函.doc","[{""attach_name"": ""中小企业申明函.docx"", ""attach_url"": ""https://download.ccgp.gov.cn/oss/download?uuid=C2EC8EAA438B6143CF1DFD143B5769""}, {""attach_name"": ""竞争性谈判邀请公告.doc"", ""attach_url"": ""https://download.ccgp.gov.cn/oss/download?uuid=32EA7C54FA3A6AB429B0DE5F17A746""}, {""attach_name"": ""湖南省政府采购供应商资格承诺函.doc"", ""attach_url"": ""https://download.ccgp.gov.cn/oss/download?uuid=11415049CEF739279AD8C98285A5D5""}]",https://www.ccgp.gov.cn/cggg/zygg/jzxtpgg/./202609/t20260903_27261016.htm,2026-09-09 16:18:21,竞争性谈判,36.712256,table,,,,,,,,,,,,
中国人民银行四川省分行大数据平台软件国产化升级竞争性谈判采购公告,竞争性谈判公告,SCRH[2026]030号,2026年09月03日 16:54,四川省,中国人民银行四川省分行,成都市二环路南二段15号,刘老师 028-85261145,四川国际招标有限责任公司,中国（四川）自由贸易试验区成都市高新区天府四街66号2栋22层1号,徐茂莲/沈润莲/谢良帅 13111881770,,,https://www.ccgp.gov.cn/cggg/zygg/jzxtpgg/./202609/t20260903_27260972.htm,2026-09-09 16:18:21,竞争性谈判,21.0,table,,,,,,,,,,,,
全国海关信息中心2026年深信服负载均衡维保服务采购项目竞争性谈判公告,竞争性谈判公告,0610-2641NF051731,2026年09月03日 16:28,北京市,全国海关信息中心,北京市东城区金宝街63号,王老师  010-85193333,北京国际招标有限公司,北京市海淀区北三环中路31号院凯奇大厦B座3层,张鑫、刘思雯、张晨楚  010-84045310,,,https://www.ccgp.gov.cn/cggg/zygg/jzxtpgg/./202609/t20260903_27260298.htm,2026-09-09 16:18:21,竞争性谈判,44.125,table,,,,,,,,,,,,
武汉长江新区消防救援大队2026年仓埠站烟热综合训练设施工程采购竞争性谈判公告,竞争性谈判公告,HBT-203126092-266473,2026年09月03日 15:40,湖北省,武汉长江新区消防救援大队,武汉市黄陂区武湖汉施路特1号,朱女士 027-62301119,湖北省招标股份有限公司,武汉市武昌区中北路108号兴业银行大厦五层,史俊峰、胡火轮、王蓓  027-87711736,,,https://www.ccgp.gov.cn/cggg/zygg/jzxtpgg/./202609/t20260903_27259380.htm,2026-09-09 16:18:21,竞争性谈判,79.416574,table,,,,,,,,,,,,
重庆市万州区消防救援支队船舶特检保养及高速艇维护服务采购竞争性谈判公告,竞争性谈判公告,26WC0113,2026年09月03日 15:31,重庆市,万州区消防救援支队,重庆市万州区歇凤路126号,丁帅  13635357775,重庆市政府采购中心,重庆市两江新区五简路2号重庆咨询大厦B座503室,白喆  史庭茜  023-67703509   67561982,重庆市万州区消防救援支队船舶特检保养及高速艇维护服务采购（终审稿）26WC0113.doc,"[{""attach_name"": ""重庆市万州区消防救援支队船舶特检保养及高速艇维护服务采购（终审稿）26WC0113.doc"", ""attach_url"": ""https://download.ccgp.gov.cn/oss/download?uuid=BD479A7025075111964FFE35D65DB1""}]",https://www.ccgp.gov.cn/cggg/zygg/jzxtpgg/./202609/t20260903_27259156.htm,2026-09-09 16:18:21,竞争性谈判,84.605385,table,,,,,,,,,,,,
哈密边境管理支队无人机保险采购项目竞争性谈判公告,竞争性谈判公告,HMZD2026-4,2026年09月03日 11:53,新疆维吾尔自治区,哈密边境管理支队,新疆哈密市伊州区青年南路 45 号,张警官  0902-2275246,新疆诚誉工程项目管理有限公司,哈密市伊州区环城路紫馨花园商住高层 1 号楼 7 层 3 号,刘慧敏  2307055,哈密边境管理支队无人机保险采购项目竞争性谈判公告.docx,"[{""attach_name"": ""哈密边境管理支队无人机保险采购项目竞争性谈判公告.docx"", ""attach_url"": ""https://download.ccgp.gov.cn/oss/download?uuid=5F4823436B228B8824F16EC04C0EB6""}]",https://www.ccgp.gov.cn/cggg/zygg/jzxtpgg/./202609/t20260903_27257676.htm,2026-09-09 16:18:21,竞争性谈判,14.4051,table,,,,,,,,,,,,
哈密边境管理支队移动警务终端通讯服务采购项目竞争性谈判公告,竞争性谈判公告,HMZD2026-5,2026年09月03日 11:52,新疆维吾尔自治区,哈密边境管理支队,新疆哈密市伊州区青年南路 45 号,张警官  0902-2275246,新疆诚誉工程项目管理有限公司,哈密市伊州区环城路紫馨花园商住高层1号楼7层3号,刘慧敏  2307055,哈密边境管理支队移动警务终端通讯服务采购项目竞争性谈判公告.docx,"[{""attach_name"": ""哈密边境管理支队移动警务终端通讯服务采购项目竞争性谈判公告.docx"", ""attach_url"": ""https://download.ccgp.gov.cn/oss/download?uuid=62C59837DC67BF1FBF97C32E844818""}]",https://www.ccgp.gov.cn/cggg/zygg/jzxtpgg/./202609/t20260903_27257674.htm,2026-09-09 16:18:21,竞争性谈判,24.336,table,,,,,,,,,,,,
中华人民共和国西九龙出入境边防检查站口岸B2层执法办案场所维修改造工程项目（二次）竞争性谈判公告,竞争性谈判公告,XRZB202608005,2026年09月03日 09:44,市辖区,中华人民共和国西九龙出入境边防检查站,罗湖区人民南路1006号,苏警官 0755-84498653,深圳市鑫润招标代理有限公司,深圳市龙岗区龙城街道爱联社区缤纷世纪公寓A座31E、31F,冷工 0755-28680185/18988757177,,,https://www.ccgp.gov.cn/cggg/zygg/jzxtpgg/./202609/t20260903_27256415.htm,2026-09-09 16:18:21,竞争性谈判,22.683125,table,,,,,,,,,,,,
中华人民共和国皇岗出入境边防检查站智能验讫章柜采购项目（二次）竞争性谈判公告,竞争性谈判公告,LD2026GP-BJA004,2026年09月02日 19:35,深圳市,中华人民共和国皇岗出入境边防检查站,深圳市罗湖区人民南路1006号,苏警官0755-84498653,深圳龙达招标有限公司,深圳市福田区沙头街道新华社区新洲十一街139号中央西谷大厦1806,张志辉0755-83864290-820,,,https://www.ccgp.gov.cn/cggg/zygg/jzxtpgg/./202609/t20260902_27255520.htm,2026-09-09 16:18:21,竞争性谈判,144.54,table,,,,,,,,,,,,
科学技术部信息中心科技部政务云平台配套设备采购竞争性谈判公告,竞争性谈判公告,GXCZ-D-26070168,2026年09月02日 17:28,北京市,科学技术部信息中心,北京市海淀区复兴路乙15号,白洁，010-58881060,国信国采（北京）招标咨询有限责任公司,北京市海淀区首体南路22号国兴大厦11层,黄婧、郭培晨、张画冰 ，010-88354433转365、327,竞争性谈判公告.pdf,"[{""attach_name"": ""竞争性谈判公告.pdf"", ""attach_url"": ""https://download.ccgp.gov.cn/oss/download?uuid=00F195A33631223B6E804A28D07B80""}]",https://www.ccgp.gov.cn/cggg/zygg/jzxtpgg/./202609/t20260902_27254050.htm,2026-09-09 16:18:21,竞争性谈判,66.0,table,,,,,,,,,,,,
黄埔海关新增锚地监控摄像头（重招）竞争性谈判公告,竞争性谈判公告,1210-2641YDZB10033,2026年09月02日 17:25,广东省,中华人民共和国黄埔海关,广州市黄埔区大沙地东333号,何小姐020-82130279,广东有德招标采购有限公司,广州市天河北路626号保利中宇广场A座25楼,黄小姐020-83627862,,,https://www.ccgp.gov.cn/cggg/zygg/jzxtpgg/./202609/t20260902_27253936.htm,2026-09-09 16:18:21,竞争性谈判,55.5,table,,,,,,,,,,,,
乐平市消防救援大队多功能集装箱式真火烟热模拟训练设施建设项目竞争性谈判公告,竞争性谈判公告,QZ-JDZ-202623号,2026年09月02日 15:58,乐平市,乐平市消防救援大队,景德镇市乐平市人民中路110号,马先生13517981296,浙江衢州公信工程管理有限公司,江西省景德镇市珠山区和谐家园二期6栋601-701复式号,涂先生13979856309,谈判技术需求.pdf,"[{""attach_name"": ""谈判技术需求.pdf"", ""attach_url"": ""https://download.ccgp.gov.cn/oss/download?uuid=E7956F0446D6D1D6161774DCFACE6D""}]",https://www.ccgp.gov.cn/cggg/zygg/jzxtpgg/./202609/t20260902_27251887.htm,2026-09-09 16:18:22,竞争性谈判,74.3486,table,,,,,,,,,,,,
中国疾病预防控制中心环境与健康相关产品安全所二期新址智能档案密集架采购项目竞争性谈判公告,竞争性谈判公告,2026NIEH029,2026年09月02日 15:08,朝阳区,中国疾病预防控制中心环境与健康相关产品安全所,北京市朝阳区潘家园南里7号,王老师、刘老师  50930202,详见公告正文,详见公告正文,详见公告正文,环境所二期新址档案密集架采购项目竞争性谈判通知书2026.9.doc,"[{""attach_name"": ""环境所二期新址档案密集架采购项目竞争性谈判通知书2026.9.doc"", ""attach_url"": ""https://download.ccgp.gov.cn/oss/download?uuid=57B475164EC00EB526D11CD3AFB741""}]",https://www.ccgp.gov.cn/cggg/zygg/jzxtpgg/./202609/t20260902_27251558.htm,2026-09-09 16:18:22,竞争性谈判,40.32,table,,,,,,,,,,,,
国家粮食和物资储备局山西局六三九处山西局639处安全防范监控改造提升项目施工采购竞争性谈判公告,竞争性谈判公告,,2026年09月02日 14:45,盐湖区,国家粮食和物资储备局山西局六三九处,山西省运城市盐湖区上王乡六三九处,樊家明，15934103876，cbj639@163.com,详见公告正文,详见公告正文,详见公告正文,竞谈公告.docx,"[{""attach_name"": ""竞谈公告.docx"", ""attach_url"": ""https://download.ccgp.gov.cn/oss/download?uuid=C9045C8EE34F3761DEEDB55E6B45CA""}]",https://www.ccgp.gov.cn/cggg/zygg/jzxtpgg/./202609/t20260902_27251088.htm,2026-09-09 16:18:22,竞争性谈判,9.92,table,,,,,,,,,,,,
全国海关信息中心2026年部分网络设备维保采购项目（二次）竞争性谈判公告,竞争性谈判公告,CMEETC-267FR331EE760,2026年09月02日 08:34,北京市,全国海关信息中心,北京市东城区金宝街63号710室,原野010-85193824,中国机电工程招标有限公司,北京市海淀区车公庄西路乙19号华通大厦B座南塔14层,李晓茹、李鹏飞、刘伟、张博88018616-8065、15931332841,,,https://www.ccgp.gov.cn/cggg/zygg/jzxtpgg/./202609/t20260902_27248289.htm,2026-09-09 16:18:22,竞争性谈判,24.5,table,,,,,,,,,,,,
中国人民银行新疆维吾尔自治区分行新疆分行发行库库区北门交接场地安全防护遮蔽房建设项目竞争性谈判公告,竞争性谈判公告,XYTDZB-2026TP307,2026年09月01日 17:45,新疆维吾尔自治区,中国人民银行新疆维吾尔自治区分行,乌鲁木齐市天山区人民路395号,杨玥  0991-4186322,新疆星耀天都项目管理有限责任公司,新疆乌鲁木齐市天山区时代广场A座24层25AF室,丁睿、李芸  18832665876、15276553675,,,https://www.ccgp.gov.cn/cggg/zygg/jzxtpgg/./202609/t20260901_27246026.htm,2026-09-09 16:18:22,竞争性谈判,25.418,table,,,,,,,,,,,,
中国电子技术标准化研究院J2455060101项目竞争性谈判公告,竞争性谈判公告,1396-02-26GN0451,2026年09月01日 17:08,市辖区,中国电子技术标准化研究院,北京市东城区安定门东大街1号,李玉亮   15810733454,新时代工程咨询有限公司,北京海淀区花园路7号新时代大厦10层,曹晓健  李霁  徐晗  徐加慧     010-82034401、82034467、15614097878,,,https://www.ccgp.gov.cn/cggg/zygg/jzxtpgg/./202609/t20260901_27245122.htm,2026-09-09 16:18:22,竞争性谈判,135.0,table,,,,,,,,,,,,
2026年华为网络设备维保服务采购项目竞争性谈判公告,竞争性谈判公告,ZYZB-2026-0844,2026年09月01日 16:42,北京市,全国海关信息中心,北京市东城区金宝街63号,孟老师  010-85193064,中钰招标有限公司,北京市丰台区四合庄路2号院4号楼1至17层101内17层1701,郭小芳、刘晶晶、朱艳梅、李倩、郭玉婷、金俐成、丁峥敏、张书玲、卢雪010-60624505转831/816,,,https://www.ccgp.gov.cn/cggg/zygg/jzxtpgg/./202609/t20260901_27244476.htm,2026-09-09 16:18:22,竞争性谈判,28.0,table,,,,,,,,,,,,
中华人民共和国昆明出入境边防检查站出境现场工作人员通道采购项目（五次）竞争性谈判公告,竞争性谈判公告,ZYZB-2026-107,2026年09月01日 15:59,昆明市,中华人民共和国昆明出入境边防检查站,昆明市官渡区长水国际机场长港中路西一路昆明出入境边防检查站,吴警官0871-67094111,云南智扬工程项目管理有限公司,云南省昆明市盘龙区白云路168号瑞鼎城A座第11层1118号,羊振、张洋铭、普清秀0871-63856268,,,https://www.ccgp.gov.cn/cggg/zygg/jzxtpgg/./202609/t20260901_27243460.htm,2026-09-09 16:18:22,竞争性谈判,23.96,table,,,,,,,,,,,,
中国人民银行喀什地区分行办公楼内办公室及发行库房粉刷项目竞争性谈判公告,竞争性谈判公告,26GJ-(TP)077,2026年09月01日 13:07,喀什市,中国人民银行喀什地区分行,中国人民银行喀什地区分行,周光睿 0998-2901523,新疆共建恒业信息咨询有限责任公司,喀什经济开发区深喀大道陕西大厦12楼1208室,刘薇、张玉 18209987338,竞争性谈判公告-中国人民银行喀什地区分行办公楼内办公室及发行库房粉刷项目.docx,"[{""attach_name"": ""竞争性谈判公告-中国人民银行喀什地区分行办公楼内办公室及发行库房粉刷项目.docx"", ""attach_url"": ""https://download.ccgp.gov.cn/oss/download?uuid=45147EA5BEB67C6D443116C890CF15""}]",https://www.ccgp.gov.cn/cggg/zygg/jzxtpgg/./202609/t20260901_27241696.htm,2026-09-09 16:18:22,竞争性谈判,25.0,table,,,,,,,,,,,,
中华人民共和国腾冲出入境边防检查站智慧档案室设施设备采购项目竞争性谈判公告,竞争性谈判公告,TCJYZB2026-CJ75,2026年09月01日 09:34,腾冲市,中华人民共和国腾冲出入境边防检查站,云南省保山市腾冲市腾越镇观音塘社区红星小区189号,李先生 0875-5131115,腾冲市锦业工程招标有限责任公司,云南省腾冲市腾越街道满邑社区上村小区214号,陈先生 0875—5162066,,,https://www.ccgp.gov.cn/cggg/zygg/jzxtpgg/./202609/t20260901_27239756.htm,2026-09-09 16:18:23,竞争性谈判,62.557,table,,,,,,,,,,,,
文山边境管理支队轮训队2026年警营文化建设项目竞争性谈判公告,竞争性谈判公告,YNWCZB〔2026〕08025号,2026年08月31日 17:26,文山市,中华人民共和国文山边境管理支队（文山州公安局边境管理支队）,文山市华龙南路16号,陈浩/0876-2845056,云南文诚招标有限公司,文山市华龙北路州政务管理局旁锦屏苑A区K-16号商铺,施万美0876-2136488,,,https://www.ccgp.gov.cn/cggg/zygg/jzxtpgg/./202608/t20260831_27237186.htm,2026-09-09 16:18:23,竞争性谈判,16.0,table,,,,,,,,,,,,
勐腊海关综合技术中心2026年9月-2027年8月部分物业管理服务项目（二次）竞争性谈判公告,竞争性谈判公告,YNS,2026年08月31日 17:21,勐腊县,勐腊海关综合技术中心,西双版纳傣族自治州勐腊县相思路3号,周老师0691-8121205,山标工程项目管理咨询（云南）有限公司,云南省普洱市思茅区茶马古镇B区12-33-03(永平路东),王佳俊、张聚超、罗琪、周焕萍、吴学玉 0871-63522591、0879-3016506,竞争性谈判公告.doc,"[{""attach_name"": ""竞争性谈判公告.doc"", ""attach_url"": ""https://download.ccgp.gov.cn/oss/download?uuid=FF135CC9224E258227D324A5B78E8C""}]",https://www.ccgp.gov.cn/cggg/zygg/jzxtpgg/./202608/t20260831_27237020.htm,2026-09-09 16:18:23,竞争性谈判,85.0,table,,,,,,,,,,,,
江西首信招标咨询有限公司关于江西省南昌市西湖区消防救援大队八一站跑道翻新改造工程项目（JXSX2026-J4699）竞争性谈判公告,竞争性谈判公告,JXSX2026-J4699,2026年08月31日 17:10,南昌市,南昌市西湖区消防救援大队,江西省南昌市西湖区云天路520号文广大楼,郭倩 13979144133,江西首信招标咨询有限公司,江西省南昌市高新区恒大中心B座四楼417、418、419室,姜元元、章乐、刘涛0791-88857006,公告中上传：采购需求.docx,"[{""attach_name"": ""公告中上传：采购需求.docx"", ""attach_url"": ""https://download.ccgp.gov.cn/oss/download?uuid=96B882DB64038369B0D7EF6EE1C73E""}]",https://www.ccgp.gov.cn/cggg/zygg/jzxtpgg/./202608/t20260831_27236827.htm,2026-09-09 16:18:23,竞争性谈判,39.317514,table,,,,,,,,,,,,
中华人民共和国畹町出入境边防检查站正规化设施设备采购项目（二次）竞争性谈判公告,竞争性谈判公告,WDCRJBFJCZ2026016,2026年08月31日 16:50,瑞丽市,中华人民共和国畹町出入境边防检查站,云南省德宏州瑞丽市畹町经济开发区国防街3号,联系人：杨警官；联系方式：0692-5150086,昆明晨晟招标有限责任公司,云南省昆明市盘龙区世博生态城低碳中心B栋1单元12层,联系人：李沁、胡琛；联系方式：18669165207、13577020330,,,https://www.ccgp.gov.cn/cggg/zygg/jzxtpgg/./202608/t20260831_27236341.htm,2026-09-09 16:18:23,竞争性谈判,80.902,table,,,,,,,,,,,,
乐山市消防救援支队营区监控系统升级改造项目竞争性谈判公告,竞争性谈判公告,SCYSZC,2026年08月31日 10:08,乐山市,乐山市消防救援支队,乐山市市中区肖坝路119号,孙老师 0833-2445119,四川昀思工程管理有限公司,乐山市市中区嘉兴路678号,郭老师 0833-2608686,"采购需求（监控系统升级）.docx,谈判邀请（监控系统升级）.docx","[{""attach_name"": ""采购需求（监控系统升级）.docx"", ""attach_url"": ""https://download.ccgp.gov.cn/oss/download?uuid=FE85DE8343375CB1FC82729075F89C""}, {""attach_name"": ""谈判邀请（监控系统升级）.docx"", ""attach_url"": ""https://download.ccgp.gov.cn/oss/download?uuid=4D32AA10FA9404349CF642A3AD7201""}]",https://www.ccgp.gov.cn/cggg/zygg/jzxtpgg/./202608/t20260831_27232410.htm,2026-09-09 16:18:23,竞争性谈判,21.9975,table,,,,,,,,,,,,
中国疾病预防控制中心农村改水技术指导中心研究生宿舍（昌平教学区）服务承包项目竞争性谈判竞争性谈判公告,竞争性谈判公告,CDCGS-HQ202607,2026年08月31日 09:49,昌平区,中国疾病预防控制中心农村改水技术指导中心,北京市昌平区政府街13号,田向红  010-80117708,详见公告正文,详见公告正文,详见公告正文,中国疾病预防控制中心农村改水技术指导中心研究生宿舍（昌平教学区）服务承包项目竞争性谈判公告.docx,"[{""attach_name"": ""中国疾病预防控制中心农村改水技术指导中心研究生宿舍（昌平教学区）服务承包项目竞争性谈判公告.docx"", ""attach_url"": ""https://download.ccgp.gov.cn/oss/download?uuid=A9A4455C310ED145BDC3FA2BDA7DE0""}]",https://www.ccgp.gov.cn/cggg/zygg/jzxtpgg/./202608/t20260831_27232476.htm,2026-09-09 16:18:23,竞争性谈判,23.21,table,,,,,,,,,,,,
福建省漳州市芗城区消防救援大队2026年度零星修缮供应商采购项目竞争性谈判公告,竞争性谈判公告,建盛,2026年08月29日 11:27,芗城区,漳州市芗城区消防救援大队,漳州市芗城区惠民路8号,陈先生0596-2877512,时代建盛工程管理有限公司,福建省漳州市龙文区新浦东路22号明发商业广场20幢1101-1116室,小唐0596-2962965-801,,,https://www.ccgp.gov.cn/cggg/zygg/jzxtpgg/./202608/t20260829_27230177.htm,2026-09-09 16:18:23,竞争性谈判,30.0,table,,,,,,,,,,,,
张家界市消防救援支队工会武陵源大队工会小组森林公园站健身房综合项目竞争性谈判公告,竞争性谈判公告,TCZY-2026-ZJJ002,2026年08月28日 18:36,武陵源区,张家界市武陵源区消防救援大队,13974470119,王先生,天策致远工程咨询管理有限公司,张家界市永定区子午路金业大厦401室,杨经理,森林公园站健身房综合项目谈判公告.docx,"[{""attach_name"": ""森林公园站健身房综合项目谈判公告.docx"", ""attach_url"": ""https://download.ccgp.gov.cn/oss/download?uuid=86C3E3CD6AD8CA4717F47F16776863""}]",https://www.ccgp.gov.cn/cggg/zygg/jzxtpgg/./202608/t20260828_27228334.htm,2026-09-09 16:18:23,竞争性谈判,27.360263,table,,,,,,,,,,,,
高性能FPGA竞争性谈判公告,竞争性谈判公告,ZGGJ-BJ04-26081653/DZFZ009,2026年08月28日 18:02,北京市,zycgr22011902,/,杨老师 010-57305334,中工国际招标有限公司,北京市朝阳区慧忠路5号远大中心C座2层203,王宇婷、王欣、康进、张跃   010-82952950-814,,,https://www.ccgp.gov.cn/cggg/zygg/jzxtpgg/./202608/t20260828_27227895.htm,2026-09-09 16:18:23,竞争性谈判,85.0,table,,,,,,,,,,,,
新疆分行高低压配电室消防系统改造项目竞争性谈判公告,竞争性谈判公告,XJYHZB2026-198,2026年08月28日 17:36,乌鲁木齐市,中国人民银行新疆维吾尔自治区分行,乌鲁木齐市天山区解放北路街道人民路395号,冉赤军 0991-2373268,新疆元泓工程项目管理咨询有限公司,乌鲁木齐经济技术开发区乌昌路九方财富广场A座5楼525室,孙江彦、高娟、王金花、文静、段春丽  17699056208,,,https://www.ccgp.gov.cn/cggg/zygg/jzxtpgg/./202608/t20260828_27227376.htm,2026-09-09 16:18:23,竞争性谈判,19.5,table,,,,,,,,,,,,
中华人民共和国中山出入境边防检查站2026年智能枪弹柜升级改造服务采购项目简易竞争性谈判公告,竞争性谈判公告,ZSBJ20260817,2026年08月28日 17:03,中山市,中华人民共和国中山出入境边防检查站,广东省中山市火炬开发区中山港大道108号,王佳  0760-85593838,详见公告正文,详见公告正文,详见公告正文,"（采购文件）中华人民共和国中山出入境边防检查站2026年智能枪弹柜升级改造服务采购项目.doc,（合同模板）中华人民共和国中山出入境边防检查站2026年智能枪弹柜升级改造服务采购项目.doc,（需求清单）中华人民共和国中山出入境边防检查站2026年智能枪弹柜升级改造服务清单.docx","[{""attach_name"": ""（采购文件）中华人民共和国中山出入境边防检查站2026年智能枪弹柜升级改造服务采购项目.doc"", ""attach_url"": ""https://download.ccgp.gov.cn/oss/download?uuid=ED790E7584CDC0EA6EF0793BC2CCA4""}, {""attach_name"": ""（合同模板）中华人民共和国中山出入境边防检查站2026年智能枪弹柜升级改造服务采购项目.doc"", ""attach_url"": ""https://download.ccgp.gov.cn/oss/download?uuid=BEA4C2213AB188A6C3B220462D391A""}, {""attach_name"": ""（需求清单）中华人民共和国中山出入境边防检查站2026年智能枪弹柜升级改造服务清单.docx"", ""attach_url"": ""https://download.ccgp.gov.cn/oss/download?uuid=259CDDD3863EE64E9992272CCA31AB""}]",https://www.ccgp.gov.cn/cggg/zygg/jzxtpgg/./202608/t20260828_27226422.htm,2026-09-09 16:18:23,竞争性谈判,4.4964,table,,,,,,,,,,,,
中国人民银行新疆维吾尔自治区分行消防系统气体钢瓶定期检验项目竞争性谈判公告,竞争性谈判公告,0724-2631XJ765425,2026年08月28日 16:58,新疆维吾尔自治区,中国人民银行新疆维吾尔自治区分行,乌鲁木齐市天山区人民路395号,冉赤军0991-2373268,国义招标股份有限公司,乌鲁木齐市水磨沟区红光山路888号绿城广场1B栋35楼3504室,钟晓涵、周鑫0991-4664267、13009638607,,,https://www.ccgp.gov.cn/cggg/zygg/jzxtpgg/./202608/t20260828_27226284.htm,2026-09-09 16:18:23,竞争性谈判,24.62,table,,,,,,,,,,,,
甘肃省地震局庆阳华池南梁地震监测基准站建设设备采购及安装集成竞争性谈判公告,竞争性谈判公告,TC26930BB,2026年08月28日 15:17,甘肃省,甘肃省地震局,兰州市城关区东岗西路450号,马工 0931-8271088,中招国际招标有限公司甘肃分公司,甘肃省兰州市城关区天水北路222号第36层9-13室,朱蕾 19993076909,附件-技术要求.pdf,"[{""attach_name"": ""附件-技术要求.pdf"", ""attach_url"": ""https://download.ccgp.gov.cn/oss/download?uuid=237175E113B78E2078DE152E55F953""}]",https://www.ccgp.gov.cn/cggg/zygg/jzxtpgg/./202608/t20260828_27223796.htm,2026-09-09 16:18:23,竞争性谈判,24.1,table,,,,,,,,,,,,
中华人民共和国磨憨出入境边防检查站勐润通道边检执勤现场及查验设施设备升级改造项目（二次）竞争性谈判公告,竞争性谈判公告,TPZB-BN-2026-053,2026年08月28日 14:40,勐腊县,中华人民共和国磨憨出入境边防检查站,云南省西双版纳州勐腊县雨林大道34号,黄警官、0691-8127604,云南天平工程项目管理有限公司,景洪市曼弄枫曼城C1栋1单元5楼502室,李金妹、黄茜茜、黄艳、罗鸿翔0691-2741622,公告.doc,"[{""attach_name"": ""公告.doc"", ""attach_url"": ""https://download.ccgp.gov.cn/oss/download?uuid=5329DC71B2C4AA69A79D99D0025459""}]",https://www.ccgp.gov.cn/cggg/zygg/jzxtpgg/./202608/t20260828_27223311.htm,2026-09-09 16:18:24,竞争性谈判,24.9,table,,,,,,,,,,,,
国家体育总局体育器材装备中心关于国家体育总局体操中心训练器材 竞争性谈判采购的竞争性谈判公告,竞争性谈判公告,,2026年08月28日 11:17,北京市,国家体育总局体操运动管理中心,北京市东城区体育馆路5号,010-87182758,国家体育总局体育器材装备中心,北京市东城区体育馆路3号620,010-87182635,,,https://www.ccgp.gov.cn/cggg/zygg/jzxtpgg/./202608/t20260828_27222005.htm,2026-09-09 16:18:24,竞争性谈判,61.0,table,,,,,,,,,,,,
饶平县消防救援大队视频传输设备项目竞争性谈判公告,竞争性谈判公告,立信CZ2026032号,2026年08月28日 10:34,饶平县,饶平县消防救援大队,饶平县黄冈镇汕汾西路37号之一饶平县消防救援大队,0768-7810351,蚌埠市立信工程咨询有限公司,13828381727,庄素曼,附件一-饶平县消防救援大队视频传输设备项目.docx,"[{""attach_name"": ""附件一-饶平县消防救援大队视频传输设备项目.docx"", ""attach_url"": ""https://download.ccgp.gov.cn/oss/download?uuid=34DF9B9F2E7CC708DB1583D60A3FF4""}]",https://www.ccgp.gov.cn/cggg/zygg/jzxtpgg/./202608/t20260828_27221534.htm,2026-09-09 16:18:24,竞争性谈判,19.2,table,,,,,,,,,,,,
中华人民共和国皇岗出入境边防检查站金安花园部分宿舍用房修缮项目（二次招标）竞争性谈判公告,竞争性谈判公告,SZCGPC2026-0016,2026年08月28日 10:27,深圳市,中华人民共和国皇岗出入境边防检查站,广东省深圳市福田区福田南路4号,苏警官/0755-84498653,深圳市鹏承工程咨询有限公司,深圳市福田区皇都广场C座8楼,潘工、刘工/13418563949,投标报名登记表.doc,"[{""attach_name"": ""投标报名登记表.doc"", ""attach_url"": ""https://download.ccgp.gov.cn/oss/download?uuid=C0951DB730E0D8D49CCAFF2A80ECA6""}]",https://www.ccgp.gov.cn/cggg/zygg/jzxtpgg/./202608/t20260828_27221456.htm,2026-09-09 16:18:24,竞争性谈判,26.729689,table,,,,,,,,,,,,
新疆分中心综合机房楼暖通维修改造项目竞争性谈判公告,竞争性谈判公告,/,2026年08月27日 19:12,新疆维吾尔自治区,国家计算机网络与信息安全管理中心新疆分中心,乌鲁木齐市天鹅湖路501号5楼,汪老师 0991-4680282,中招国际招标有限公司,乌鲁木齐市卫星路西黄山街南乌鲁木齐轨道交通产业总部基地B栋3楼,文宇琪  0991－3929888,,,https://www.ccgp.gov.cn/cggg/zygg/jzxtpgg/./202608/t20260827_27219799.htm,2026-09-09 16:18:24,竞争性谈判,9.516,table,,,,,,,,,,,,
江西省永晋招标咨询有限公司关于赣州市气象局2026年中央自然灾害救灾项目（项目编号：JXYJ2026-GZ-J009）的竞争性谈判采购公告,竞争性谈判公告,JXYJ2026-GZ-J009,2026年08月27日 18:09,赣州市,江西省赣州市气象局,赣州市章贡区张家围路9号,曾先生0797-8123071,江西省永晋招标咨询有限公司,江西省赣州市赣州经济技术开发区迎宾大道1号“御景江山”小区2#写字楼二楼,熊蕾云、邱艳菲、郭玲、徐云海、0797-8213777,附件：供应商报名联系表.docx,"[{""attach_name"": ""附件：供应商报名联系表.docx"", ""attach_url"": ""https://download.ccgp.gov.cn/oss/download?uuid=988CBAC30B020FD04AB3364653B4B7""}]",https://www.ccgp.gov.cn/cggg/zygg/jzxtpgg/./202608/t20260827_27219162.htm,2026-09-09 16:18:24,竞争性谈判,40.0,table,,,,,,,,,,,,
广西瑞冠工程咨询有限公司关于三门海镇消防站办公生活设施设备采购项目（项目编号：HCXF2026-J1-035-GXRG）竞争性谈判公告,竞争性谈判公告,HCXF2026-J1-035-GXRG,2026年08月27日 17:44,市辖区,河池市消防救援支队,河池市金城江区西环路 401 号,韦助理    联系电话：0778-2111811,广西瑞冠工程咨询有限公司,河池市金城江区澳北路162号,联系人：魏清 联系电话：0778-2786596,,,https://www.ccgp.gov.cn/cggg/zygg/jzxtpgg/./202608/t20260827_27218718.htm,2026-09-09 16:18:24,竞争性谈判,28.59058,table,,,,,,,,,,,,
四川省成都高新技术产业开发区消防救援大队“5分钟消防救援圈”街道社区消防站电路改造采购项目竞争性谈判公告,竞争性谈判公告,XYZXYC-20260116,2026年08月27日 17:01,成都市,成都高新技术产业开发区消防救援大队,成都市高新区天府三街1266号,陈老师028-85189141,四川鑫沅招标代理有限公司,成都市武侯区武科西一路65号B座201号,王女士028-87765239或87766602转8803,,,https://www.ccgp.gov.cn/cggg/zygg/jzxtpgg/./202608/t20260827_27217584.htm,2026-09-09 16:18:24,竞争性谈判,81.315403,table,,,,,,,,,,,,
红河边境管理支队（红河州公安局边境管理支队）红河边境管理支队普角所营区变压器扩容及真空断路器维修工程（二次）竞争性谈判公告,竞争性谈判公告,YNSZ【招】GC26-105-1,2026年08月27日 16:57,蒙自市,红河边境管理支队（红河州公安局边境管理支队）,云南省红河州蒙自市天马路102号,张老师-0873-3865151,云南拾州项目管理有限公司,云南省红河州蒙自市上海路西城丽景25幢5号,段思亭-15911667402,"【定稿】谈判文件-红河边境管理支队普角所营区变压器扩容及真空断路器维修工程（二次）.doc,竞争性谈判公告.docx","[{""attach_name"": ""【定稿】谈判文件-红河边境管理支队普角所营区变压器扩容及真空断路器维修工程（二次）.doc"", ""attach_url"": ""https://download.ccgp.gov.cn/oss/download?uuid=E2707F07D965DE1BE147FF93CE3DFB""}, {""attach_name"": ""竞争性谈判公告.docx"", ""attach_url"": ""https://download.ccgp.gov.cn/oss/download?uuid=905A57E48F333CAE839EE2A0A5C521""}]",https://www.ccgp.gov.cn/cggg/zygg/jzxtpgg/./202608/t20260827_27217490.htm,2026-09-09 16:18:24,竞争性谈判,13.956992,table,,,,,,,,,,,,
自然资源部第二海洋研究所船舶柴油机底座隔振器项目竞争性谈判公告（重新采购）,竞争性谈判公告,CTZB-2026080368,2026年08月27日 16:55,浙江省,自然资源部第二海洋研究所,杭州市保俶北路36号,于菁，0571-81963027,浙江省成套招标代理有限公司,杭州市文晖路42号现代置业大厦西楼18层1802室,邱能晖，0571-85830113,"采购需求--（重新采购）自然资源部第二海洋研究所船舶柴油机底座隔振器项目.pdf,附件--获取采购文件登记表（2）.xls","[{""attach_name"": ""采购需求--（重新采购）自然资源部第二海洋研究所船舶柴油机底座隔振器项目.pdf"", ""attach_url"": ""https://download.ccgp.gov.cn/oss/download?uuid=BEC41ED1598CFE283ED9C1B193D31F""}, {""attach_name"": ""附件--获取采购文件登记表（2）.xls"", ""attach_url"": ""https://download.ccgp.gov.cn/oss/download?uuid=5713E2172D47836D2E3F740250F9E6""}]",https://www.ccgp.gov.cn/cggg/zygg/jzxtpgg/./202608/t20260827_27217417.htm,2026-09-09 16:18:24,竞争性谈判,38.146,table,,,,,,,,,,,,
中国疾病预防控制中心职业卫生与中毒控制所低温高速离心机采购项目竞争性谈判公告,竞争性谈判公告,zw-jt-2026008,2026年08月27日 14:28,西城区,中国疾病预防控制中心职业卫生与中毒控制所,北京市西城区南纬路29号,张老师，010-83132098,详见公告正文,详见公告正文,详见公告正文,"zw-jt-2026008低温高速离心机项目采购文件260827.doc,zw-jt-2026008低温高速离心机项目采购文件260827.doc","[{""attach_name"": ""zw-jt-2026008低温高速离心机项目采购文件260827.doc"", ""attach_url"": ""https://download.ccgp.gov.cn/oss/download?uuid=B99C8F3916373A80E75E2AA39A736E""}, {""attach_name"": ""zw-jt-2026008低温高速离心机项目采购文件260827.doc"", ""attach_url"": ""https://download.ccgp.gov.cn/oss/download?uuid=3980AB365B03B8368024319CB0470F""}]",https://www.ccgp.gov.cn/cggg/zygg/jzxtpgg/./202608/t20260827_27214833.htm,2026-09-09 16:18:24,竞争性谈判,10.0,table,,,,,,,,,,,,
桑植县消防救援大队岗哨外包服务项目（第二次）竞争性谈判公告,竞争性谈判公告,ZYYC-ZJJZC[2026]03,2026年08月27日 11:58,桑植县,桑植县消防救援大队,湖南省张家界市桑植县澧源镇文明路101,陈先生19536194119,中盈永诚咨询集团有限公司,湖南省张家界市永定区大庸桥街道民惠家园二期对面(好地建安综合楼)202室,林女士15574927685,"谈判邀请公告（第二次）2603（发布版）.docx,采购需求.docx","[{""attach_name"": ""谈判邀请公告（第二次）2603（发布版）.docx"", ""attach_url"": ""https://download.ccgp.gov.cn/oss/download?uuid=4A7C6B5B2595BB79A0A91603AB2AC6""}, {""attach_name"": ""采购需求.docx"", ""attach_url"": ""https://download.ccgp.gov.cn/oss/download?uuid=CE73B05E02F482D56C89A6DE20C399""}]",https://www.ccgp.gov.cn/cggg/zygg/jzxtpgg/./202608/t20260827_27214267.htm,2026-09-09 16:18:25,竞争性谈判,21.643531,table,,,,,,,,,,,,
中华人民共和国新疆出入境边防检查总站繁育种犬及待训警犬采购项目竞争性谈判公告,竞争性谈判公告,hcxjczt-2026-547,2026年08月26日 17:10,新疆维吾尔自治区,中华人民共和国新疆出入境边防检查总站,新疆乌鲁木齐市天山区团结路1551号,王警官0991-8512158,华春建设工程项目管理有限责任公司,新疆乌鲁木齐市水磨沟区浙商大厦15楼1505室,孔伟国 0991-2629781、17590034636,第三章采购需求.docx,"[{""attach_name"": ""第三章采购需求.docx"", ""attach_url"": ""https://download.ccgp.gov.cn/oss/download?uuid=56A8EA4D227009C061EBE17802F8D0""}]",https://www.ccgp.gov.cn/cggg/zygg/jzxtpgg/./202608/t20260826_27209387.htm,2026-09-09 16:18:25,竞争性谈判,93.0,table,,,,,,,,,,,,
自然资源部第二海洋研究所北京先驱第7航次洞察系列技术服务保障任务竞争性谈判公告,竞争性谈判公告,0625-26312889,2026年08月26日 16:23,浙江省,自然资源部第二海洋研究所,浙江省杭州市保俶北路36号,于菁   0571-81963027,浙江省国际技术设备招标有限公司,杭州市凤起路334号同方财富大厦14层 邮政编码：310003,杨孟雅  0571-85864987,"北京先驱第7航次洞察系列技术服务保障任务采购需求.pdf,获取采购文件登记表.doc","[{""attach_name"": ""北京先驱第7航次洞察系列技术服务保障任务采购需求.pdf"", ""attach_url"": ""https://download.ccgp.gov.cn/oss/download?uuid=E7B63D5FD3148919799445D40F2654""}, {""attach_name"": ""获取采购文件登记表.doc"", ""attach_url"": ""https://download.ccgp.gov.cn/oss/download?uuid=8484242948A50636CF8E37931DC367""}]",https://www.ccgp.gov.cn/cggg/zygg/jzxtpgg/./202608/t20260826_27208224.htm,2026-09-09 16:18:25,竞争性谈判,80.0,table,,,,,,,,,,,,
江西省鼎跃招标咨询有限公司关于江西省消防救援总队训练和战勤保障支队鉴定站技能考场设施设备系统化升级改造项目（采购编号：JXDY2026-GC-J0022）第四次竞争性谈判公告,竞争性谈判公告,JXDY2026-GC-J0022,2026年08月26日 16:04,南昌县,江西省消防救援总队训练与战勤保障支队,南昌市南昌县银三角管委会溪山大道51号,刘先生18007000305,江西省鼎跃招标咨询有限公司,江西省南昌市红谷滩区嘉言路668号用友产业园二期1号科研楼BC区4楼,徐燕敏、刘霞、李扬、张慧琴、申宝祥 0791-87090903,"采购需求.docx,项目信息登记表.docx","[{""attach_name"": ""采购需求.docx"", ""attach_url"": ""https://download.ccgp.gov.cn/oss/download?uuid=CF047619706D07BD487C0DC0E18482""}, {""attach_name"": ""项目信息登记表.docx"", ""attach_url"": ""https://download.ccgp.gov.cn/oss/download?uuid=FAA498FC1FEE24BC18D28CA811DD2F""}]",https://www.ccgp.gov.cn/cggg/zygg/jzxtpgg/./202608/t20260826_27207810.htm,2026-09-09 16:18:25,竞争性谈判,35.334353,table,,,,,,,,,,,,
福建经发-竞争性谈判-2026-JF111C1-厦门市消防救援支队（职业技能鉴定站）新增考务设备采购-采购公告,竞争性谈判公告,2026-JF111C1,2026年08月26日 15:23,厦门市,厦门市消防救援支队,福建省厦门市集美区杏林西路45-1号,虢工0592-3660260,福建经发招标代理有限公司,厦门市思明区湖滨南路359号海晟国际大厦24层2401室,林艳辉0592-5990056,购标流程表（报名表）.xlsx,"[{""attach_name"": ""购标流程表（报名表）.xlsx"", ""attach_url"": ""https://download.ccgp.gov.cn/oss/download?uuid=29B7E34744A9F6DA0B470F34E860FE""}]",https://www.ccgp.gov.cn/cggg/zygg/jzxtpgg/./202608/t20260826_27206976.htm,2026-09-09 16:18:25,竞争性谈判,35.0,table,,,,,,,,,,,,
江西明台项目咨询管理有限公司关于江西省地震局监测站点数据传输电路租赁服务项目3包（项目编号：JXMT20260819B-04）竞争性谈判采购公告,竞争性谈判公告,JXMT20260819B-04,2026年08月26日 15:06,南昌市,江西省地震局,南昌市昌东大道6929号,万先生 0791-88621955,江西明台项目咨询管理有限公司,江西省南昌市西湖区沿江南大道国金滨江云中心（朝阳中心）3116室,夏志勇、吴周艳、唐正、史济荣 0791-88228222/88228333,,,https://www.ccgp.gov.cn/cggg/zygg/jzxtpgg/./202608/t20260826_27206755.htm,2026-09-09 16:18:25,竞争性谈判,17.568,table,,,,,,,,,,,,
江西明台项目咨询管理有限公司关于江西省地震局监测站点数据传输电路租赁服务项目2包（项目编号：JXMT20260819B-03）竞争性谈判采购公告,竞争性谈判公告,JXMT20260819B-03,2026年08月26日 15:06,南昌市,江西省地震局,南昌市昌东大道6929号,万先生 0791-88621955,江西明台项目咨询管理有限公司,江西省南昌市西湖区沿江南大道国金滨江云中心（朝阳中心）3116室,夏志勇、吴周艳、唐正、史济荣 0791-88228222/88228333,,,https://www.ccgp.gov.cn/cggg/zygg/jzxtpgg/./202608/t20260826_27206752.htm,2026-09-09 16:18:25,竞争性谈判,22.572,table,,,,,,,,,,,,
江西明台项目咨询管理有限公司关于江西省地震局监测站点数据传输电路租赁服务项目1包（项目编号：JXMT20260819B-02）竞争性谈判采购公告,竞争性谈判公告,JXMT20260819B-02,2026年08月26日 15:06,南昌市,江西省地震局,南昌市昌东大道6929号,万先生 0791-88621955,江西明台项目咨询管理有限公司,江西省南昌市西湖区沿江南大道国金滨江云中心（朝阳中心）3116室,夏志勇、吴周艳、唐正、史济荣 0791-88228222/88228333,,,https://www.ccgp.gov.cn/cggg/zygg/jzxtpgg/./202608/t20260826_27206754.htm,2026-09-09 16:18:25,竞争性谈判,42.492,table,,,,,,,,,,,,
中华人民共和国东营出入境边防检查站机关营区维修项目竞争性谈判公告,竞争性谈判公告,DYBJZ-20260826,2026年08月26日 13:53,市辖区,中华人民共和国东营出入境边防检查站,东营东城府前大街126号附近,王警官0546-8088020,海逸恒安项目管理有限公司,东营市红河路219号,赵先生0546-8329908,,,https://www.ccgp.gov.cn/cggg/zygg/jzxtpgg/./202608/t20260826_27206151.htm,2026-09-09 16:18:25,竞争性谈判,20.533709,table,,,,,,,,,,,,
中华人民共和国甘肃出入境边防检查总站库室智能化升级改造项目竞争性谈判公告,竞争性谈判公告,MSZFCGZB2026094,2026年08月26日 13:35,兰州市,中华人民共和国甘肃出入境边防检查总站,甘肃省兰州市城关区嘉峪关东路577号,联 系 人：寇警官    电    话：0931-5157050,鸣森项目管理咨询有限公司,兰州市城关区天水北路280号枫叶国际9号楼B塔2单元13层,联 系 人：牛斌   电话： 13359319600,,,https://www.ccgp.gov.cn/cggg/zygg/jzxtpgg/./202608/t20260826_27206063.htm,2026-09-09 16:18:26,竞争性谈判,128.0,table,,,,,,,,,,,,
全国海关信息中心2026年部分网络设备维保采购项目竞争性谈判公告,竞争性谈判公告,CMEETC-267FR331EE760,2026年08月26日 11:24,北京市,全国海关信息中心,北京市东城区金宝街63号710室,原野010-85193824,中国机电工程招标有限公司,北京市海淀区车公庄西路乙19号华通大厦B座南塔14层,李晓茹、李鹏飞、刘伟、张博88018616-8065、15931332841,,,https://www.ccgp.gov.cn/cggg/zygg/jzxtpgg/./202608/t20260826_27205295.htm,2026-09-09 16:18:26,竞争性谈判,24.5,table,,,,,,,,,,,,
丹东边境管理支队警用装备（电磁网捕器）采购项目（第三次）竞争性谈判公告,竞争性谈判公告,LNGB2026034,2026年08月26日 10:59,沈河区,丹东边境管理支队,辽宁省丹东市振兴区中心北路1号,张警官，0415-4144699；支队纪检监督电话：0415-4144991转308 ；总站纪检监督电话：024-86501111转7203、7208,辽宁冠标项目管理有限公司,沈阳市沈河区先农坛路30-1号,孔祥楠024-31932999,,,https://www.ccgp.gov.cn/cggg/zygg/jzxtpgg/./202608/t20260826_27204978.htm,2026-09-09 16:18:26,竞争性谈判,35.0,table,,,,,,,,,,,,
中华人民共和国东兴出入境边防检查站机房动环监控系统采购项目竞争性谈判公告,竞争性谈判公告,FCG-DH2026-007,2026年08月25日 19:21,东兴市,中华人民共和国东兴出入境边防检查站,东兴市兴东路402号,郑警官  0770-2230566,广西达华工程造价咨询有限责任公司,广西防城港市北湖街路金石国际财富中心1302房,林桦   0770-2882618,,,https://www.ccgp.gov.cn/cggg/zygg/jzxtpgg/./202608/t20260825_27202911.htm,2026-09-09 16:18:26,竞争性谈判,12.775,table,,,,,,,,,,,,
丰泽区消防科普教育基地设备采购项目（二次采购）竞争性谈判公告,竞争性谈判公告,GW2026-SH464C,2026年08月25日 16:39,丰泽区,泉州市丰泽区消防救援大队,泉州市丰泽区附中路,黄女士  联系电话: 0595-22289513,厦门市公物采购招投标有限公司,福建省泉州经济技术开发区德泰路186号办公宿舍楼203,吴树炜、张长淮 18965651201 13305972737,,,https://www.ccgp.gov.cn/cggg/zygg/jzxtpgg/./202608/t20260825_27199983.htm,2026-09-09 16:18:26,竞争性谈判,76.19,table,,,,,,,,,,,,
中华人民共和国钦州出入境边防检查站2026年度营区零星维修服务采购项目（项目编号：CJNF2026380F）竞争性谈判公告,竞争性谈判公告,CJNF2026380F,2026年08月25日 12:34,钦北区,中华人民共和国钦州出入境边防检查站,钦州市钦南区蓬莱南大道101号,陈警官，0777-2392828转4558502,广西城建咨询设计有限公司,南宁市青秀区金湖路58号广西建设大厦三楼,梁宝月/苏龙葭；15977505290/19175895822,,,https://www.ccgp.gov.cn/cggg/zygg/jzxtpgg/./202608/t20260825_27197312.htm,2026-09-09 16:18:26,竞争性谈判,20.0,table,,,,,,,,,,,,
中南大学后勤保障部饮食服务中心一次性包装产品采购项目（第四次）竞争性谈判邀请公告,竞争性谈判公告,HZ20260202-0172,2026年08月25日 12:16,市辖区,中南大学,长沙市麓山南路932号，中南大学采购与招标管理中心,陈老师：0731-88836549,中技建设咨询有限公司,长沙市雨花区湘府中路117号高升金典商务楼12层,马丽、龚芮民、向丹丹、聂艳君：0731-84169659,,,https://www.ccgp.gov.cn/cggg/zygg/jzxtpgg/./202608/t20260825_27197231.htm,2026-09-09 16:18:26,竞争性谈判,120.0,table,,,,,,,,,,,,
国家体育总局射击射箭运动管理中心国产飞碟项目计分显示屏二次采购竞争性谈判公告,竞争性谈判公告,,2026年08月25日 11:36,北京市,国家体育总局射击射箭运动管理中心,北京市石景山区福田寺甲3号,010-88962650,国家体育总局体育器材装备中心,北京市东城区体育馆路3号,010-87182686,,,https://www.ccgp.gov.cn/cggg/zygg/jzxtpgg/./202608/t20260825_27196893.htm,2026-09-09 16:18:27,竞争性谈判,77.0,table,,,,,,,,,,,,
中华人民共和国腾冲出入境边防检查站向阳分站一楼库室改造采购项目（二次）竞争性谈判公告,竞争性谈判公告,CXZB2026-TP37-1,2026年08月25日 11:19,腾冲市,中华人民共和国腾冲出入境边防检查站,云南省保山市腾冲市腾越镇观音塘社区红星小区189号,李警官 0875-5131115,云南承鑫招标有限责任公司,腾冲市腾越镇观音塘社区花园小区100号,许萍萍  0875-5875666,中华人民共和国腾冲出入境边防检查站向阳分站一楼库室改造采购项目(二次）竞争性谈判公告.docx,"[{""attach_name"": ""中华人民共和国腾冲出入境边防检查站向阳分站一楼库室改造采购项目(二次）竞争性谈判公告.docx"", ""attach_url"": ""https://download.ccgp.gov.cn/oss/download?uuid=AC991C1F7E09E31A419E8E00758B56""}]",https://www.ccgp.gov.cn/cggg/zygg/jzxtpgg/./202608/t20260825_27196652.htm,2026-09-09 16:18:27,竞争性谈判,16.7087,table,,,,,,,,,,,,
华中科技大学海水泵精密零部件加工项目（第三次）竞争性谈判公告,竞争性谈判公告,HW20260264、HBT-105126066-264112,2026年08月25日 09:58,武汉市,华中科技大学,湖北省武汉市洪山区珞喻路1037号,李老师，电话：027-87540659，邮箱：hustcgzx@hust.edu.cn,湖北省招标股份有限公司,龙琳、阳世昌、周丹娜、肖书浩、程毅、方勇，电话：027-87273661，邮箱：31848804@qq.com,湖北省武汉市武昌区中北路108号兴业银行大厦五层,,,https://www.ccgp.gov.cn/cggg/zygg/jzxtpgg/./202608/t20260825_27195877.htm,2026-09-09 16:18:27,竞争性谈判,98.0,table,,,,,,,,,,,,
中国疾病预防控制中心辐射防护与核安全医学所（中国疾病预防控制中心核事故医学应急中心）中国疾控中心辐射安全所档案室设备采购项目竞争性谈判公告,竞争性谈判公告,FSS-dassb-002根据贵司采购             项目的竞争性谈判邀请,2026年08月25日 08:26,北京市,中国疾病预防控制中心辐射防护与核安全医学所（中国疾病预防控制中心核事故医学应急中心）,北京市西城区德外新康街2号,周老师 010-62389752,详见公告正文,详见公告正文,详见公告正文,中国疾控中心辐射安全所档案室设备采购项目谈判文件.doc,"[{""attach_name"": ""中国疾控中心辐射安全所档案室设备采购项目谈判文件.doc"", ""attach_url"": ""https://download.ccgp.gov.cn/oss/download?uuid=157FBCC07F277277A4F0D2E79213FE""}]",https://www.ccgp.gov.cn/cggg/zygg/jzxtpgg/./202608/t20260825_27195482.htm,2026-09-09 16:18:27,竞争性谈判,66.6,table,,,,,,,,,,,,
铜排、电缆采购项目竞争性谈判公告,竞争性谈判公告,THTC-HR-HLZB2026028,2026年08月24日 20:11,北京市,zycgr22011902,/,田老师 010-57568038,天恒招标有限公司,北京市东城区东四十条甲22号南新仓商务大厦B座922,董哲、曹珊、陈洁、徐梓瑶、刘戈010-53393825、17710393539,采购文件获取登记表.xls,"[{""attach_name"": ""采购文件获取登记表.xls"", ""attach_url"": ""https://download.ccgp.gov.cn/oss/download?uuid=EB21B72EC6EC609BDD010F4965BCF8""}]",https://www.ccgp.gov.cn/cggg/zygg/jzxtpgg/./202608/t20260824_27194740.htm,2026-09-09 16:18:27,竞争性谈判,55.0,table,,,,,,,,,,,,
伊犁边境管理支队亚欧路边境派出所家具采购项目竞争性谈判公告,竞争性谈判公告,YLZDCG202637,2026年08月24日 20:01,伊宁市,伊犁边境管理支队,新疆伊宁市斯大林街五巷5号,司警官  0999-8069277,新疆玖信项目管理有限公司,伊宁边境经济合作区北京南路3222号新房大厦18楼,王迎   15739035544,（终）竞争性谈判文件-伊犁边境管理支队亚欧路边境派出所家具采购项目.pdf,"[{""attach_name"": ""（终）竞争性谈判文件-伊犁边境管理支队亚欧路边境派出所家具采购项目.pdf"", ""attach_url"": ""https://download.ccgp.gov.cn/oss/download?uuid=B9689EBD98767FE9611FD66F80AADD""}]",https://www.ccgp.gov.cn/cggg/zygg/jzxtpgg/./202608/t20260824_27194715.htm,2026-09-09 16:18:27,竞争性谈判,13.44,table,,,,,,,,,,,,
中国电子技术标准化研究院3D NAND存储器设计制造工艺用关键EDA工具项目竞争性谈判公告,竞争性谈判公告,1396-02-26GN0452,2026年08月24日 16:52,市辖区,中国电子技术标准化研究院,北京市东城区安定门东大街1号,李玉亮  15810733454,新时代工程咨询有限公司,北京海淀区花园路7号新时代大厦10层,曹晓健  李霁  徐晗  徐加慧     010-82034401、82034467、15614097878,,,https://www.ccgp.gov.cn/cggg/zygg/jzxtpgg/./202608/t20260824_27192475.htm,2026-09-09 16:18:27,竞争性谈判,151.0,table,,,,,,,,,,,,
中国电子技术标准化研究院新型液冷整机柜服务器竞争性谈判公告,竞争性谈判公告,1396-02-26GN0393,2026年08月24日 16:17,市辖区,中国电子技术标准化研究院,北京市东城区安定门东大街1号,徐泺 18672364912,新时代工程咨询有限公司,北京海淀区花园路7号新时代大厦10层,曹晓健  李霁  徐晗  徐加慧     010-82034401、82034467、15614097878,,,https://www.ccgp.gov.cn/cggg/zygg/jzxtpgg/./202608/t20260824_27191665.htm,2026-09-09 16:18:28,竞争性谈判,72.0,table,,,,,,,,,,,,
中华人民共和国腾冲出入境边防检查站口岸（通道）“三防”设施设备采购项目竞争性谈判公告,竞争性谈判公告,TCJYZB2026-CJ71,2026年08月24日 16:16,腾冲市,中华人民共和国腾冲出入境边防检查站,云南省保山市腾冲市腾越镇观音塘社区红星小区189号,李先生 0875-5131115,腾冲市锦业工程招标有限责任公司,云南省腾冲市腾越街道满邑社区上村小区214号,陈先生 0875—5162066,,,https://www.ccgp.gov.cn/cggg/zygg/jzxtpgg/./202608/t20260824_27191653.htm,2026-09-09 16:18:28,竞争性谈判,22.71,table,,,,,,,,,,,,
江西新明工程服务有限公司关于赣州市消防救援支队机关及直属单位2026年-2027年人身意外险采购项目（项目编号：JXXM2026-GZ-J009-1）的竞争性谈判公告,竞争性谈判公告,JXXM2026-GZ-J009-1,2026年08月24日 15:01,市辖区,赣州市消防救援支队,赣州市章贡区长征大道25号,王先生0797-7391835,江西新明工程服务有限公司,江西省赣州市章贡区登峰大道21号达芬奇城市中心1栋20楼（赣州城市中央公园对面的赣州沃尔顿ACA酒店20楼）,钟民、陈芳、赖连梅、张海清0797-8400907、18379788528,供应商报名联系表.docx,"[{""attach_name"": ""供应商报名联系表.docx"", ""attach_url"": ""https://download.ccgp.gov.cn/oss/download?uuid=5B70D8BD74796A4F6B25CA76C5B2B4""}]",https://www.ccgp.gov.cn/cggg/zygg/jzxtpgg/./202608/t20260824_27190337.htm,2026-09-09 16:18:28,竞争性谈判,29.392,table,,,,,,,,,,,,
伊犁边境管理支队基层单位空气能设备采购项目竞争性谈判公告,竞争性谈判公告,YLZDCG202638-1,2026年08月21日 22:03,新疆维吾尔自治区,伊犁边境管理支队,伊宁市斯大林街五巷5号,司警官 0999-8069277,新疆鼎招工程项目管理有限公司,伊宁市解放路1巷105号美景华庭1号楼二楼,鞠工   18194946080 0999-8806662,二次竞争性谈判文件（项目名称：伊犁边境管理支队基层单位空气能设备采购项目）8.21.docx,"[{""attach_name"": ""二次竞争性谈判文件（项目名称：伊犁边境管理支队基层单位空气能设备采购项目）8.21.docx"", ""attach_url"": ""https://download.ccgp.gov.cn/oss/download?uuid=42FA87D4DC01545019A97DDA16677E""}]",https://www.ccgp.gov.cn/cggg/zygg/jzxtpgg/./202608/t20260821_27185424.htm,2026-09-09 16:18:28,竞争性谈判,30.0,table,,,,,,,,,,,,
伊犁边境管理支队基层单位专用设备采购项目竞争性谈判公告,竞争性谈判公告,YLZDCG202631-2,2026年08月21日 22:02,新疆维吾尔自治区,伊犁边境管理支队,伊宁市斯大林街五巷5号,司警官 0999-8069277,新疆鼎招工程项目管理有限公司,伊宁市解放路1巷105号美景华庭1号楼二楼,鞠工   18194946080 0999-8806662,,,https://www.ccgp.gov.cn/cggg/zygg/jzxtpgg/./202608/t20260821_27185428.htm,2026-09-09 16:18:28,竞争性谈判,60.0,table,,,,,,,,,,,,
伊犁边境管理支队业务技术用房家具采购项目竞争性谈判公告,竞争性谈判公告,YLZDCG202636-1,2026年08月21日 21:57,伊宁市,伊犁边境管理支队,新疆伊宁市斯大林街五巷5号,司警官 0999-8069277,新疆玖信项目管理有限公司,伊宁边境经济合作区北京南路3222号新房大厦18楼,王迎 15739035544,竞争性谈判文件—伊犁边境管理支队业务技术用房家具采购项目.pdf,"[{""attach_name"": ""竞争性谈判文件—伊犁边境管理支队业务技术用房家具采购项目.pdf"", ""attach_url"": ""https://download.ccgp.gov.cn/oss/download?uuid=9B7A1758078C40550D6A6478DC26AC""}]",https://www.ccgp.gov.cn/cggg/zygg/jzxtpgg/./202608/t20260821_27185412.htm,2026-09-09 16:18:28,竞争性谈判,105.3653,table,,,,,,,,,,,,
中华人民共和国西九龙出入境边防检查站口岸B2层执法办案场所维修改造工程项目竞争性谈判公告,竞争性谈判公告,XRZB202608005,2026年08月21日 16:58,深圳市,中华人民共和国西九龙出入境边防检查站,广东省深圳市罗湖区人民南路1006号,苏警官 0755-84498653,深圳市鑫润招标代理有限公司,深圳市龙岗区龙城街道爱联社区缤纷世纪公寓A座31E、31F,冷工 0755-28680185/18988757177,,,https://www.ccgp.gov.cn/cggg/zygg/jzxtpgg/./202608/t20260821_27182593.htm,2026-09-09 16:18:28,竞争性谈判,22.683125,table,,,,,,,,,,,,
中华人民共和国磨憨出入境边防检查站勐润通道边检执勤现场及查验设施设备升级改造项目竞争性谈判公告,竞争性谈判公告,TPZB-BN-2026-053,2026年08月21日 15:10,勐腊县,中华人民共和国磨憨出入境边防检查站,云南省西双版纳州勐腊县雨林大道34号,黄警官、0691-8127604,云南天平工程项目管理有限公司,景洪市曼弄枫曼城C1栋1单元5楼502室,李金妹、黄茜茜、黄艳、罗鸿翔0691-2741622,公告.doc,"[{""attach_name"": ""公告.doc"", ""attach_url"": ""https://download.ccgp.gov.cn/oss/download?uuid=0402224EF42FED3E950F5152CAA60A""}]",https://www.ccgp.gov.cn/cggg/zygg/jzxtpgg/./202608/t20260821_27180320.htm,2026-09-09 16:18:28,竞争性谈判,24.9,table,,,,,,,,,,,,
国家金融监督管理总局辽宁监管局电子邮件系统改造项目竞争性谈判公告,竞争性谈判公告,2026-003,2026年08月21日 14:37,沈河区,国家金融监督管理总局辽宁监管局,辽宁省沈阳市沈河区友好街18号,胡大鹏，024-22572126,国家金融监督管理总局辽宁监管局,辽宁省沈阳市沈河区友好街18号,胡大鹏，024-22572126,,,https://www.ccgp.gov.cn/cggg/zygg/jzxtpgg/./202608/t20260821_27179818.htm,2026-09-09 16:18:28,竞争性谈判,16.0,table,,,,,,,,,,,,
中华人民共和国新疆出入境边防检查总站南疆轮训大队实践教学功能区物品采购项目竞争性谈判公告,竞争性谈判公告,XJLC-2026-061,2026年08月20日 19:36,喀什市,中华人民共和国新疆出入境边防检查总站,喀什市西域大道161号,王警官 0998-2840216,新疆联诚项目咨询管理有限公司,喀什市创新大道273号金泰综合商务区写字楼5楼03号,邢佳乐  0998-2205569,中华人民共和国新疆出入境边防检查总站南疆轮训大队实践教学功能区物品采购项目-谈判文件.docx,"[{""attach_name"": ""中华人民共和国新疆出入境边防检查总站南疆轮训大队实践教学功能区物品采购项目-谈判文件.docx"", ""attach_url"": ""https://download.ccgp.gov.cn/oss/download?uuid=93DF55854B5E5CF7EED9BEC327CF8A""}]",https://www.ccgp.gov.cn/cggg/zygg/jzxtpgg/./202608/t20260820_27176417.htm,2026-09-09 16:18:29,竞争性谈判,20.1,table,,,,,,,,,,,,
炉管设备耗材、石英舟竞争性谈判公告,竞争性谈判公告,ZGGJ-BJ04-26081636/SiC2026032,2026年08月20日 18:31,北京市,zycgr22011902,/,杨老师 010-57305334,中工国际招标有限公司,北京市朝阳区慧忠路5号远大中心C座2层203,王宇婷、王欣、康进、张跃   010-82952950-814,,,https://www.ccgp.gov.cn/cggg/zygg/jzxtpgg/./202608/t20260820_27175908.htm,2026-09-09 16:18:29,竞争性谈判,65.0,table,,,,,,,,,,,,
光刻设备耗材竞争性谈判公告,竞争性谈判公告,ZGGJ-BJ04-26081635/SiC2026033,2026年08月20日 18:30,北京市,zycgr22011902,/,杨老师 010-57305334,中工国际招标有限公司,北京市朝阳区慧忠路5号远大中心C座2层203,王宇婷、王欣、康进、张跃   010-82952950-814,,,https://www.ccgp.gov.cn/cggg/zygg/jzxtpgg/./202608/t20260820_27175888.htm,2026-09-09 16:18:29,竞争性谈判,76.0,table,,,,,,,,,,,,
中华人民共和国皇岗出入境边防检查站金安花园部分宿舍用房修缮项目竞争性谈判公告,竞争性谈判公告,SZCGPC2026-0016,2026年08月20日 17:33,深圳市,中华人民共和国皇岗出入境边防检查站,广东省深圳市福田区福田南路4号,苏警官/0755-84498653,深圳市鹏承工程咨询有限公司,深圳市福田区皇都广场C座8楼,潘工、刘工/13418563949,投标报名登记表.doc,"[{""attach_name"": ""投标报名登记表.doc"", ""attach_url"": ""https://download.ccgp.gov.cn/oss/download?uuid=3482370C5E54BEDB22B125FB9716EC""}]",https://www.ccgp.gov.cn/cggg/zygg/jzxtpgg/./202608/t20260820_27174968.htm,2026-09-09 16:18:29,竞争性谈判,26.729689,table,,,,,,,,,,,,
自然资源部第二海洋研究所2027年文献数据库项目竞争性谈判公告,竞争性谈判公告,0625-26312878,2026年08月20日 17:29,浙江省,自然资源部第二海洋研究所,浙江省杭州市保俶北路36号,于菁   0571-81963027,浙江省国际技术设备招标有限公司,杭州市凤起路334号同方财富大厦14层 邮政编码：310003,杨孟雅  0571-85864987,"获取采购文件登记表.doc,2027年文献数据库采购需求.pdf","[{""attach_name"": ""获取采购文件登记表.doc"", ""attach_url"": ""https://download.ccgp.gov.cn/oss/download?uuid=2989A86D85883AFBE1DB5E4077CD7B""}, {""attach_name"": ""2027年文献数据库采购需求.pdf"", ""attach_url"": ""https://download.ccgp.gov.cn/oss/download?uuid=DA36ECCF91BC5BDB66E7900CB2D4C1""}]",https://www.ccgp.gov.cn/cggg/zygg/jzxtpgg/./202608/t20260820_27174860.htm,2026-09-09 16:18:29,竞争性谈判,46.0,table,,,,,,,,,,,,
红河边境管理支队（红河州公安局边境管理支队）红河边境管理支队普角所营区变压器扩容及真空断路器维修工程竞争性谈判公告,竞争性谈判公告,YNSZ【招】GC26-105,2026年08月20日 17:11,蒙自市,红河边境管理支队（红河州公安局边境管理支队）,云南省红河州蒙自市天马路102号,张老师-0873-3865151,云南拾州项目管理有限公司,云南省红河州蒙自市上海路西城丽景25幢5号,段思亭-0873-3216750,"【定稿】谈判文件-红河边境管理支队普角所营区变压器扩容及真空断路器维修工程.doc,竞争性谈判公告.docx","[{""attach_name"": ""【定稿】谈判文件-红河边境管理支队普角所营区变压器扩容及真空断路器维修工程.doc"", ""attach_url"": ""https://download.ccgp.gov.cn/oss/download?uuid=86C4F470A1A15BFEC0ECA96FA5AD81""}, {""attach_name"": ""竞争性谈判公告.docx"", ""attach_url"": ""https://download.ccgp.gov.cn/oss/download?uuid=AAD1F4E02E0EF6668E0CF987187E4E""}]",https://www.ccgp.gov.cn/cggg/zygg/jzxtpgg/./202608/t20260820_27174466.htm,2026-09-09 16:18:29,竞争性谈判,13.956992,table,,,,,,,,,,,,
N-甲基二乙醇胺（CAS:105-59-9）采购项目竞争性谈判公告,竞争性谈判公告,TC260N07S-TBJ027,2026年08月20日 17:09,北京市,zycgr22011902,/,唐老师 010-57305133,中招国际招标有限公司,北京市海淀区学院南路62号中关村资本大厦906A,张靖、彭小娟、武靖、王波、王鹏、胡亚平  010－62108242、8032,,,https://www.ccgp.gov.cn/cggg/zygg/jzxtpgg/./202608/t20260820_27174408.htm,2026-09-09 16:18:29,竞争性谈判,96.0,table,,,,,,,,,,,,
网络隔离设备采购项目（二次）竞争性谈判公告,竞争性谈判公告,0701-264101130116,2026年08月20日 16:38,北京市,公安部第一研究所,北京市海淀区,祁老师 010-68773226,中技国际招标有限公司,北京市丰台区西营街1号院通用时代中心C座8层,王记东、陆善泓、沈浩 010-81168537,采购需求_网络隔离设备.pdf,"[{""attach_name"": ""采购需求_网络隔离设备.pdf"", ""attach_url"": ""https://download.ccgp.gov.cn/oss/download?uuid=F00B2EC973AB5FC2BEDED943C71F10""}]",https://www.ccgp.gov.cn/cggg/zygg/jzxtpgg/./202608/t20260820_27173620.htm,2026-09-09 16:18:29,竞争性谈判,92.3,table,,,,,,,,,,,,
2026年中国疾控中心信用系统和消毒系统运维项目竞争性谈判公告,竞争性谈判公告,0701-264106090908,2026年08月20日 15:20,北京市,中国疾病预防控制中心,北京市昌平区昌百路155号,王老师010-58900135,中技国际招标有限公司,北京市丰台区西营街1号院通用时代中心C座9层,侯雅雯、孙薇010－81168618,"采购需求.docx,竞争性谈判公告.docx","[{""attach_name"": ""采购需求.docx"", ""attach_url"": ""https://download.ccgp.gov.cn/oss/download?uuid=4E4A6D6152E01271A159890656B24A""}, {""attach_name"": ""竞争性谈判公告.docx"", ""attach_url"": ""https://download.ccgp.gov.cn/oss/download?uuid=E0FB9BC836A40323EC08E9F1DCCEB2""}]",https://www.ccgp.gov.cn/cggg/zygg/jzxtpgg/./202608/t20260820_27172038.htm,2026-09-09 16:18:29,竞争性谈判,39.85,table,,,,,,,,,,,,
2026年中国疾控中心国家级卫生健康监督信息系统运维项目竞争性谈判公告,竞争性谈判公告,0701-264106090907,2026年08月20日 15:20,北京市,中国疾病预防控制中心,北京市昌平区昌百路155号,王老师010-58900135,中技国际招标有限公司,北京市丰台区西营街1号院通用时代中心C座9层,侯雅雯、孙薇010－81168618,"采购需求.docx,竞争性谈判公告.docx","[{""attach_name"": ""采购需求.docx"", ""attach_url"": ""https://download.ccgp.gov.cn/oss/download?uuid=3F38A518069FF648DA9ACE8C201AE0""}, {""attach_name"": ""竞争性谈判公告.docx"", ""attach_url"": ""https://download.ccgp.gov.cn/oss/download?uuid=71617C40CB8231E18B13B2FB26AD33""}]",https://www.ccgp.gov.cn/cggg/zygg/jzxtpgg/./202608/t20260820_27172043.htm,2026-09-09 16:18:29,竞争性谈判,49.45,table,,,,,,,,,,,,
德宏边境管理支队福特全顺T6冲锋车加装项目竞争性谈判公告,竞争性谈判公告,DHZH2026-079,2026年08月20日 11:41,德宏傣族景颇族自治州,德宏边境管理支队（德宏州公安局边境管理支队）,云南省德宏芒市阔时路26号,段警官  0692-2975102,德宏众恒工程管理有限公司,德宏州芒市勐焕街道锦华社区胞波路46号4楼,周岩团所  0692-2270999,"报名登记表（格式）.docx,竞争性谈判公告-德宏边境管理支队福特全顺T6冲锋车加装项目.docx","[{""attach_name"": ""报名登记表（格式）.docx"", ""attach_url"": ""https://download.ccgp.gov.cn/oss/download?uuid=AB5F0EB169A75FAF841D359F704FF0""}, {""attach_name"": ""竞争性谈判公告-德宏边境管理支队福特全顺T6冲锋车加装项目.docx"", ""attach_url"": ""https://download.ccgp.gov.cn/oss/download?uuid=F9CF56B2EB73AEEF142D8C75F5143D""}]",https://www.ccgp.gov.cn/cggg/zygg/jzxtpgg/./202608/t20260820_27170582.htm,2026-09-09 16:18:29,竞争性谈判,29.4,table,,,,,,,,,,,,
梧州出入境边防检查站机房设备采购及安装项目竞争性谈判公告,竞争性谈判公告,TXZB2026WZF11B,2026年08月20日 11:39,梧州市,中华人民共和国梧州出入境边防检查站,梧州市下三云路49号,李工 0774-3823926,广西天翔工程管理有限公司,广西壮族自治区梧州市新兴三路中正华庭1606层,林工    18177407862,,,https://www.ccgp.gov.cn/cggg/zygg/jzxtpgg/./202608/t20260820_27170561.htm,2026-09-09 16:18:30,竞争性谈判,35.808981,table,,,,,,,,,,,,
2026年度中国疾病预防控制中心专属通讯平台短信服务项目（三次）竞争性谈判公告,竞争性谈判公告,09-02-04E-2026-D-F-E19455C02,2026年08月20日 08:50,北京市,中国疾病预防控制中心,北京市昌平区昌百路 155 号,王老师，010-58900135,公诚管理咨询有限公司,北京市丰台区开阳路8号京印国际中心A区701-1室,曹月悦、邵倩、梁艳超、高寒、赵振强、王瑞贤；17276714684,,,https://www.ccgp.gov.cn/cggg/zygg/jzxtpgg/./202608/t20260820_27169373.htm,2026-09-09 16:18:30,竞争性谈判,25.0,table,,,,,,,,,,,,
自然资源部第二海洋研究所曼塔系列技术服务保障任务项目竞争性谈判公告,竞争性谈判公告,ZJ-2642689,2026年08月19日 18:32,浙江省,自然资源部第二海洋研究所,杭州市保俶北路36号,马晓骏 0571-81963065,浙江国际招投标有限公司,杭州市文三路90号东部软件园1号楼3楼,唐稳 0571-81061825,2642689采购公告附件及采购需求.docx,"[{""attach_name"": ""2642689采购公告附件及采购需求.docx"", ""attach_url"": ""https://download.ccgp.gov.cn/oss/download?uuid=ABE93DEBF13C1730C688000BCB9573""}]",https://www.ccgp.gov.cn/cggg/zygg/jzxtpgg/./202608/t20260819_27167930.htm,2026-09-09 16:18:30,竞争性谈判,80.0,table,,,,,,,,,,,,
江西省永晋招标咨询有限公司关于江西省南昌市西湖区消防救援大队2026年厨房、岗亭、值班室、卫生间、走廊升级改造工程项目（项目编号：JXYJ2026-F0062）竞争性谈判采购公告,竞争性谈判公告,JXYJ2026-F0062,2026年08月19日 18:17,江西省,南昌市西湖区消防救援大队,江西省南昌市新建区文化大道2225号东维生活广场2号楼第3层,郭女士 13979144133,江西省永晋招标咨询有限公司,江西省南昌市新建区文化大道2225号东维生活广场2号楼第3层,熊蕾云、石朋霞、李珅、郭玲、徐云海  0791-86286217,"项目报名登记表.xls,JXYJ2026-F0062技术需求.pdf","[{""attach_name"": ""项目报名登记表.xls"", ""attach_url"": ""https://download.ccgp.gov.cn/oss/download?uuid=0CDFDD449315B3A2D46F43B37C4CBE""}, {""attach_name"": ""JXYJ2026-F0062技术需求.pdf"", ""attach_url"": ""https://download.ccgp.gov.cn/oss/download?uuid=1E5810AD23821136DC4DC2027121F3""}]",https://www.ccgp.gov.cn/cggg/zygg/jzxtpgg/./202608/t20260819_27167765.htm,2026-09-09 16:18:30,竞争性谈判,53.05558,table,,,,,,,,,,,,
江西省鼎跃招标咨询有限公司关于江西省消防救援总队训练和战勤保障支队鉴定站技能考场设施设备系统化升级改造项目（采购编号：JXDY2026-GC-J0022）第三次竞争性谈判公告,竞争性谈判公告,JXDY2026-GC-J0022,2026年08月19日 16:54,南昌县,江西省消防救援总队训练与战勤保障支队,南昌市南昌县银三角管委会溪山大道51号,刘先生18007000305,江西省鼎跃招标咨询有限公司,江西省南昌市红谷滩区嘉言路668号用友产业园二期1号科研楼BC区4楼,徐燕敏、刘霞、李扬、张慧琴、申宝祥 0791-87090903,"采购需求.docx,项目信息登记表.docx","[{""attach_name"": ""采购需求.docx"", ""attach_url"": ""https://download.ccgp.gov.cn/oss/download?uuid=D156913EC9D49BDD9065DE8463E5B7""}, {""attach_name"": ""项目信息登记表.docx"", ""attach_url"": ""https://download.ccgp.gov.cn/oss/download?uuid=532F368A760D1AC83F3C32AB7B9330""}]",https://www.ccgp.gov.cn/cggg/zygg/jzxtpgg/./202608/t20260819_27165980.htm,2026-09-09 16:18:30,竞争性谈判,35.334353,table,,,,,,,,,,,,
宜宾三江新区消防救援大队综合楼功能库室正规化改造项目竞争性谈判公告第二次,竞争性谈判公告,SJXF20260801,2026年08月19日 16:38,临港区,宜宾三江新区消防救援大队,四川省宜宾市三江新区白沙湾街道黄桷坪路79号,魏先生0831-7192103,宜宾诺昱项目管理有限公司,宜宾市叙州区柏溪街道城北新区一曼大道（三益·幸福里）1幢3层3、4号,陈女士0831-6887669,三江新区消防队（第二次）.rar,"[{""attach_name"": ""三江新区消防队（第二次）.rar"", ""attach_url"": ""https://download.ccgp.gov.cn/oss/download?uuid=9DB92B11B574E2FC40436E977AC4D3""}]",https://www.ccgp.gov.cn/cggg/zygg/jzxtpgg/./202608/t20260819_27165602.htm,2026-09-09 16:18:30,竞争性谈判,118.882335,table,,,,,,,,,,,,
中华人民共和国昆明出入境边防检查站出境现场工作人员通道采购项目（四次）竞争性谈判公告,竞争性谈判公告,ZYZB-2026-107,2026年08月19日 16:12,昆明市,中华人民共和国昆明出入境边防检查站,昆明市官渡区长水国际机场长港中路西一路昆明出入境边防检查站,吴警官0871-67094111,云南智扬工程项目管理有限公司,云南省昆明市盘龙区白云路168号瑞鼎城A座第11层1118号,羊振、张洋铭、普清秀0871-63856268,,,https://www.ccgp.gov.cn/cggg/zygg/jzxtpgg/./202608/t20260819_27164990.htm,2026-09-09 16:18:30,竞争性谈判,23.96,table,,,,,,,,,,,,
中国疾病预防控制中心辐射防护与核安全医学所（中国疾病预防控制中心核事故医学应急中心）中国疾控中心辐射安全所二期建设项目辐射安全分析报告服务采购项目竞争性谈判公告,竞争性谈判公告,FSS-fsaqfx-011.2项目编号：FSS-fsaqfx-01项目编号：,2026年08月19日 16:01,北京市,中国疾病预防控制中心辐射防护与核安全医学所（中国疾病预防控制中心核事故医学应急中心）,北京市西城区德外新康街2号,周老师 010-62389752,详见公告正文,详见公告正文,详见公告正文,中国疾控中心辐射安全所二期建设项目辐射安全分析报告服务采购项目谈判文件.doc,"[{""attach_name"": ""中国疾控中心辐射安全所二期建设项目辐射安全分析报告服务采购项目谈判文件.doc"", ""attach_url"": ""https://download.ccgp.gov.cn/oss/download?uuid=7228CC917C169B851158DBFB250AD2""}]",https://www.ccgp.gov.cn/cggg/zygg/jzxtpgg/./202608/t20260819_27164727.htm,2026-09-09 16:18:30,竞争性谈判,30.0,table,,,,,,,,,,,,
2026年华为网络设备维保服务采购项目竞争性谈判公告,竞争性谈判公告,ZYZB-2026-0844,2026年08月19日 15:58,北京市,全国海关信息中心,北京市东城区金宝街63号,孟老师  010-85193064,中钰招标有限公司,北京市丰台区四合庄路2号院4号楼1至17层101内17层1701,郭小芳、刘晶晶、朱艳梅、李倩、郭玉婷、金俐成、丁峥敏、张书玲、卢雪010-60624505转831/816,【竞争性谈判公告】2026年华为网络设备维保服务采购项目.pdf,"[{""attach_name"": ""【竞争性谈判公告】2026年华为网络设备维保服务采购项目.pdf"", ""attach_url"": ""https://download.ccgp.gov.cn/oss/download?uuid=BF41BED1C2A53F68078A6A7E5B01B9""}]",https://www.ccgp.gov.cn/cggg/zygg/jzxtpgg/./202608/t20260819_27164676.htm,2026-09-09 16:18:30,竞争性谈判,28.0,table,,,,,,,,,,,,
中国疾病预防控制中心环境与健康相关产品安全所二期新址净气型试剂柜采购项目竞争性谈判公告,竞争性谈判公告,2026NIEH032,2026年08月19日 15:55,朝阳区,中国疾病预防控制中心环境与健康相关产品安全所,北京市朝阳区潘家园南里7号,郑磊  50930139,详见公告正文,详见公告正文,详见公告正文,环境所二期新址净气型试剂柜采购项目竞争性谈判通知书2026.8.doc,"[{""attach_name"": ""环境所二期新址净气型试剂柜采购项目竞争性谈判通知书2026.8.doc"", ""attach_url"": ""https://download.ccgp.gov.cn/oss/download?uuid=B088DFE39889DD528B596C5667A87C""}]",https://www.ccgp.gov.cn/cggg/zygg/jzxtpgg/./202608/t20260819_27165267.htm,2026-09-09 16:18:30,竞争性谈判,37.8,table,,,,,,,,,,,,
中国大熊猫保护研究中心2026年园区移动设备采购项目竞争性谈判采购公告,竞争性谈判公告,CCRCGPCG2026031,2026年08月19日 15:33,成都市,中国大熊猫保护研究中心,成都市成华区熊猫大道1375号,连老师 028-61427019,四川中志招标代理有限公司,成都市高新区吉泰五路88号3栋7层1号（花样年·香年广场）,王子雄、曹晓宇、佟巍 028-85353312-611,,,https://www.ccgp.gov.cn/cggg/zygg/jzxtpgg/./202608/t20260819_27164214.htm,2026-09-09 16:18:30,竞争性谈判,65.0,table,,,,,,,,,,,,
中国疾病预防控制中心辐射防护与核安全医学所（中国疾病预防控制中心核事故医学应急中心）中国疾控中心辐射安全所流行病学调查问卷软件设计开发采购项目竞争性谈判公告,竞争性谈判公告,FSS-lxbdcwj-001项目编号：FSS-lxbdcwj-001本授权委托书声明：注册于,2026年08月19日 13:38,北京市,中国疾病预防控制中心辐射防护与核安全医学所（中国疾病预防控制中心核事故医学应急中心）,北京市西城区德外新康街2号,周老师 010-62389752,详见公告正文,详见公告正文,详见公告正文,中国疾控中心辐射安全所流行病学调查问卷软件设计开发采购项目谈判文件.doc,"[{""attach_name"": ""中国疾控中心辐射安全所流行病学调查问卷软件设计开发采购项目谈判文件.doc"", ""attach_url"": ""https://download.ccgp.gov.cn/oss/download?uuid=E5C0DB7175351C9AB27381300F1430""}]",https://www.ccgp.gov.cn/cggg/zygg/jzxtpgg/./202608/t20260819_27163126.htm,2026-09-09 16:18:31,竞争性谈判,12.0,table,,,,,,,,,,,,
苏州市气象局基础设施建设项目工程代建的竞争性谈判采购公告,竞争性谈判公告,SZHR2026-QX-T019,2026年08月19日 10:26,苏州市,苏州市气象局,苏州市相城区嘉元路8号,陈彦0512-66182191,苏州和融招投标服务有限公司,苏州市人民路3188号平江万达广场B座1905,丁菊妹0512-65125118,,,https://www.ccgp.gov.cn/cggg/zygg/jzxtpgg/./202608/t20260819_27161633.htm,2026-09-09 16:18:31,竞争性谈判,16.0,table,,,,,,,,,,,,
福建省漳州市平和县消防救援大队科普教育基地配套设施及科普设备采购项目竞争性谈判公告,竞争性谈判公告,晨东[2026]021号,2026年08月19日 09:47,平和县,平和县消防救援大队,平和县小溪镇河滨南路2号,呼先生13063019119,福建晨东工程管理咨询有限公司,福建省漳州市龙文区水仙大街锦绣碧湖A区15幢B701室、B702室、B708室,小吴0596-2631069,,,https://www.ccgp.gov.cn/cggg/zygg/jzxtpgg/./202608/t20260819_27159642.htm,2026-09-09 16:18:31,竞争性谈判,85.112,table,,,,,,,,,,,,
丹东边境管理支队警用装备（电磁网捕器）采购项目（第二次）竞争性谈判公告,竞争性谈判公告,LNGB2026034,2026年08月19日 08:49,沈河区,丹东边境管理支队,辽宁省丹东市振兴区中心北路1号,张警官，0415-4144699；支队纪检监督电话：0415-4144991转308 ；总站纪检监督电话：024-86501111转7203、7208,辽宁冠标项目管理有限公司,沈阳市沈河区先农坛路30-1号,孔祥楠024-31932999,,,https://www.ccgp.gov.cn/cggg/zygg/jzxtpgg/./202608/t20260819_27159380.htm,2026-09-09 16:18:31,竞争性谈判,35.0,table,,,,,,,,,,,,
中华人民共和国新疆出入境边防检查总站北疆轮训大队塑胶跑道修缮项目竞争性谈判公告,竞争性谈判公告,hcxjczt-2026-549,2026年08月18日 21:23,新疆维吾尔自治区,中华人民共和国新疆出入境边防检查总站,新疆乌鲁木齐市天山区团结路1551号,王警官0991-8512158,华春建设工程项目管理有限责任公司,0991-2629781、17590034636,孔伟国,,,https://www.ccgp.gov.cn/cggg/zygg/jzxtpgg/./202608/t20260818_27158673.htm,2026-09-09 16:18:31,竞争性谈判,28.2,table,,,,,,,,,,,,
交直流电流传感器测试设备采购项目竞争性谈判公告,竞争性谈判公告,THTC-HR-SOC2026009,2026年08月18日 19:41,北京市,zycgr22011902,/,田老师 010-57568038,天恒招标有限公司,北京市东城区东四十条甲22号南新仓商务大厦B座922,刘清帅、王雪梅、徐梓瑶、陈洁、刘戈010- 53393728,（新版）采购文件获取登记表.xls,"[{""attach_name"": ""（新版）采购文件获取登记表.xls"", ""attach_url"": ""https://download.ccgp.gov.cn/oss/download?uuid=B7BF03ECF5B7B4D53CE52E866A8B5A""}]",https://www.ccgp.gov.cn/cggg/zygg/jzxtpgg/./202608/t20260818_27158225.htm,2026-09-09 16:18:31,竞争性谈判,65.0,table,,,,,,,,,,,,
阿克苏边境管理支队机房改造采购项目（二次）竞争性谈判公告,竞争性谈判公告,AKSCG-2026-023-02,2026年08月18日 17:56,阿克苏市,阿克苏边境管理支队,阿克苏市兰干街道兰干社区复兴大道东一巷4号,周警官0997-2192253,新疆泽一项目管理有限公司,新疆阿克苏地区阿克苏市幸福南路6号锦程.玫瑰园小区1#2#楼401商铺,李凤娇，吴富君15886806770，18710303944,,,https://www.ccgp.gov.cn/cggg/zygg/jzxtpgg/./202608/t20260818_27157054.htm,2026-09-09 16:18:32,竞争性谈判,13.0,table,,,,,,,,,,,,
国家体育总局安阳航空运动学校飞机维修追加采购项目(二次）竞争性谈判公告,竞争性谈判公告,TYDL26-229,2026年08月18日 17:46,安阳市,国家体育总局安阳航空运动学校,河南省安阳市殷都区胜利路41号,乔先生0372-2910174、张老师0372-2913272,中科天一工程管理有限公司,安阳市文峰区财富公馆西单元3楼,刘女士16637261636,,,https://www.ccgp.gov.cn/cggg/zygg/jzxtpgg/./202608/t20260818_27156883.htm,2026-09-09 16:18:32,竞争性谈判,26.76,table,,,,,,,,,,,,
国家移民管理局瑞丽遣返中心2026年度特定人员被服采购项目（二次）竞争性谈判公告,竞争性谈判公告,DHHCRL-2026-005,2026年08月18日 17:37,瑞丽市,国家移民管理局瑞丽遣返中心,德宏州瑞丽市勐秀乡瑞章路7号,0692-3015054,德宏州浩创工程管理服务有限公司,德宏州芒市阿露窝罗路25号,0692-2129529,瑞丽遣返中心2026年度被羁押人员被服采购项目（二次）-竞争性谈判公告.docx,"[{""attach_name"": ""瑞丽遣返中心2026年度被羁押人员被服采购项目（二次）-竞争性谈判公告.docx"", ""attach_url"": ""https://download.ccgp.gov.cn/oss/download?uuid=B3CDFDC74583F952D1A577784E5FC0""}]",https://www.ccgp.gov.cn/cggg/zygg/jzxtpgg/./202608/t20260818_27156654.htm,2026-09-09 16:18:32,竞争性谈判,9.85,table,,,,,,,,,,,,
水上情指中心指挥调度设备竞争性谈判公告,竞争性谈判公告,1210-2641YDZB10023,2026年08月18日 17:31,广东省,中华人民共和国黄埔海关,广州市黄埔区大沙地东333号,林小姐020-82130504,广东有德招标采购有限公司,广州市天河北路626号保利中宇广场A座25楼,李小姐，020-83627862,,,https://www.ccgp.gov.cn/cggg/zygg/jzxtpgg/./202608/t20260818_27156473.htm,2026-09-09 16:18:32,竞争性谈判,18.277,table,,,,,,,,,,,,
国家体育总局体育器材装备中心关于国家体育总局登山中心滑雪登山国家队训练器材竞争性谈判采购的竞争性谈判公告,竞争性谈判公告,,2026年08月18日 16:46,北京市,国家体育总局登山运动管理中心,北京市东城区体育馆路9号,010-87182692,国家体育总局体育器材装备中心,北京市东城区体育馆路3号620,010-87182635,,,https://www.ccgp.gov.cn/cggg/zygg/jzxtpgg/./202608/t20260818_27155493.htm,2026-09-09 16:18:32,竞争性谈判,64.45,table,,,,,,,,,,,,
重庆高新技术产业开发区消防救援支队石板小型消防站装饰装修项目竞争性谈判公告,竞争性谈判公告,26WB0180,2026年08月18日 16:42,重庆市,重庆高新技术产业开发区消防救援支队,重庆市沙坪坝区思贤路17号附47号,毛老师  13452198267,重庆市政府采购中心,重庆市两江新区五简路2号重庆咨询大厦B座503室,白喆  史庭茜  023-67703509   67561982,"4.附件三：工程量清单.xlsx,石板小型消防站装饰装修项目（终审稿）26WB0180.doc,石板小型消防站装饰装修项目图纸.rar","[{""attach_name"": ""4.附件三：工程量清单.xlsx"", ""attach_url"": ""https://download.ccgp.gov.cn/oss/download?uuid=6E487DE7ECA25A0D69E7BD26C1AE56""}, {""attach_name"": ""石板小型消防站装饰装修项目（终审稿）26WB0180.doc"", ""attach_url"": ""https://download.ccgp.gov.cn/oss/download?uuid=F42DF594CC26DD21C94D538D282FEC""}, {""attach_name"": ""石板小型消防站装饰装修项目图纸.rar"", ""attach_url"": ""https://download.ccgp.gov.cn/oss/download?uuid=133AE9D91E25EFDD98151736A20B12""}]",https://www.ccgp.gov.cn/cggg/zygg/jzxtpgg/./202608/t20260818_27155286.htm,2026-09-09 16:18:32,竞争性谈判,101.784831,table,,,,,,,,,,,,
公安部道路交通安全研究中心生理动作捕捉设备和扩展现实体验设备采购项目竞争性谈判公告,竞争性谈判公告,2641STC23458,2026年08月18日 16:39,北京市,公安部道路交通安全研究中心,北京市经济技术开发区博兴二路5号院,010-67825579,中钢招标有限责任公司,北京市海淀区海淀大街8号中钢国际广场16层,韩帅文（购买文件、发票咨询）、高源、朱业静、严艳青、徐平、王俊通010-62686385（购买文件、发票咨询）、62688243（项目问询）,,,https://www.ccgp.gov.cn/cggg/zygg/jzxtpgg/./202608/t20260818_27155197.htm,2026-09-09 16:18:33,竞争性谈判,138.0,table,,,,,,,,,,,,
中华人民共和国昆明出入境边防检查站2026年度食堂给养器材采购项目竞争性谈判公告,竞争性谈判公告,GR26A207QHJ0001,2026年08月18日 16:22,云南省,中华人民共和国昆明出入境边防检查站,云南省昆明市官渡区长水国际机场机场西一路,吴警官0871-67094111,云南冠睿咨询有限公司,云南省昆明市西山区万达广场南塔32层3201号,陈沿锦、祝欣、丁传觐、王国玺、吴翊、汪怡含、邓楚卿、蒋兴杰、李腾芳、王彦飞、肖枝莲、刘晓云、张振荣、杨益鑫、戚玮薇0871-65511240、0871-65511241,,,https://www.ccgp.gov.cn/cggg/zygg/jzxtpgg/./202608/t20260818_27154820.htm,2026-09-09 16:18:33,竞争性谈判,14.5,table,,,,,,,,,,,,
中国疾病预防控制中心辐射防护与核安全医学所（中国疾病预防控制中心核事故医学应急中心）疾病预防控制基础设施修缮改造与运行保障（实验大楼修缮工程）监理采购项目竞争性谈判公告,竞争性谈判公告,FSS-JLCG-0011.2项目编号：FSS-JLCG-001项目编号：,2026年08月18日 14:53,北京市,中国疾病预防控制中心辐射防护与核安全医学所（中国疾病预防控制中心核事故医学应急中心）,北京市西城区德外新康街2号,时老师 010-62389752,详见公告正文,详见公告正文,详见公告正文,疾病预防控制基础设施修缮改造与运行保障（实验大楼修缮工程）监理采购项目谈判文件.doc,"[{""attach_name"": ""疾病预防控制基础设施修缮改造与运行保障（实验大楼修缮工程）监理采购项目谈判文件.doc"", ""attach_url"": ""https://download.ccgp.gov.cn/oss/download?uuid=D733E65BAE418CA54E23FE0908CADD""}]",https://www.ccgp.gov.cn/cggg/zygg/jzxtpgg/./202608/t20260818_27153186.htm,2026-09-09 16:18:33,竞争性谈判,5.6929,table,,,,,,,,,,,,
中华人民共和国红山嘴出入境边防检查站发电机及配套设施安装采购项目（三次）竞争性谈判公告,竞争性谈判公告,ZFCG-JTSZZB2026---76,2026年08月17日 19:59,阿勒泰市,中华人民共和国红山嘴出入境边防检查站,阿勒泰市迎宾路276号,陈警官0906-7602111,新疆金泰首致项目管理咨询有限公司,阿勒泰市佰颂广场雲汐酒店6楼,冯成成18509944088,中华人民共和国红山嘴出入境边防检查站柴油发电机组采购及安装项目（三次）—竞争性谈判公告.pdf,"[{""attach_name"": ""中华人民共和国红山嘴出入境边防检查站柴油发电机组采购及安装项目（三次）—竞争性谈判公告.pdf"", ""attach_url"": ""https://download.ccgp.gov.cn/oss/download?uuid=A4C184666891360E15C15ADC234805""}]",https://www.ccgp.gov.cn/cggg/zygg/jzxtpgg/./202608/t20260817_27149806.htm,2026-09-09 16:18:33,竞争性谈判,19.7,table,,,,,,,,,,,,
江西新明工程服务有限公司关于赣州市消防救援支队机关及直属单位2026年-2027年人身意外险采购项目（项目编号：JXXM2026-GZ-J009）的竞争性谈判公告,竞争性谈判公告,JXXM2026-GZ-J009,2026年08月17日 17:22,市辖区,赣州市消防救援支队,赣州市章贡区长征大道25号,王先生0797-7391835,江西新明工程服务有限公司,江西省赣州市章贡区登峰大道21号达芬奇城市中心1栋20楼（赣州城市中央公园对面的赣州沃尔顿ACA酒店20楼）,陈芳、钟民、赖连梅、张海清0797-8400907、18379788528,"（谈判公告）赣州市消防救援支队机关及直属单位2026年-2027年人身意外险采购项.docx,供应商报名联系表.docx","[{""attach_name"": ""（谈判公告）赣州市消防救援支队机关及直属单位2026年-2027年人身意外险采购项.docx"", ""attach_url"": ""https://download.ccgp.gov.cn/oss/download?uuid=CA02B81E7D9D5E801DC337BF5A5222""}, {""attach_name"": ""供应商报名联系表.docx"", ""attach_url"": ""https://download.ccgp.gov.cn/oss/download?uuid=3852BC38510A5FD939CECD4A85EB52""}]",https://www.ccgp.gov.cn/cggg/zygg/jzxtpgg/./202608/t20260817_27148269.htm,2026-09-09 16:18:34,竞争性谈判,29.392,table,,,,,,,,,,,,
湖南省娄底市消防救援支队无人机更新采购项目竞争性谈判公告,竞争性谈判公告,LDXFJC-20260705,2026年08月17日 16:34,市辖区,娄底市消防救援支队,娄底市娄星区福星路478号,刘惠敏、0738-8811985,中采联合招标有限公司,湖南省娄底市娄星区吉星路与金和巷交叉口,彭天龙、18620397329,谈判邀请附件.docx,"[{""attach_name"": ""谈判邀请附件.docx"", ""attach_url"": ""https://download.ccgp.gov.cn/oss/download?uuid=44F8E6A5F2B8E1A92D98140710B5FD""}]",https://www.ccgp.gov.cn/cggg/zygg/jzxtpgg/./202608/t20260817_27147116.htm,2026-09-09 16:18:34,竞争性谈判,28.402,table,,,,,,,,,,,,
武汉理工大学调载泵及控制阀组采购（第二次）竞争性谈判公告,竞争性谈判公告,WUTH2026070043【ZKQ2026-020514408ZF(H)】,2026年08月15日 15:58,武汉市,武汉理工大学,洪山区珞狮南路122号,苏老师（027）87285065,中科器湖北有限公司,湖北省武汉市东湖新技术开发区高新大道666号国药大厦A20栋（中国医疗器械有限公司大楼）10楼中科器湖北有限公司,张宇、黄思格、陈文静（027）84888155，84888156,文件获取表（网上报名）.docx,"[{""attach_name"": ""文件获取表（网上报名）.docx"", ""attach_url"": ""https://download.ccgp.gov.cn/oss/download?uuid=F4EB3448AF16F40E208E937C9CEFEE""}]",https://www.ccgp.gov.cn/cggg/zygg/jzxtpgg/./202608/t20260815_27140822.htm,2026-09-09 16:18:34,竞争性谈判,150.0,table,,,,,,,,,,,,
乐平市消防救援大队多功能集装箱式真火烟热模拟训练设施建设项目竞争性谈判公告,竞争性谈判公告,QZ-JDZ-202623号,2026年08月14日 22:48,乐平市,乐平市消防救援大队,景德镇市乐平市人民中路110号,马先生13517981296,浙江衢州公信工程管理有限公司,江西省景德镇市珠山区和谐家园二期6栋601-701复式号,涂先生13979856309,采购需求上传023.pdf,"[{""attach_name"": ""采购需求上传023.pdf"", ""attach_url"": ""https://download.ccgp.gov.cn/oss/download?uuid=B9ABE01B438963C2C1B59480FA03D2""}]",https://www.ccgp.gov.cn/cggg/zygg/jzxtpgg/./202608/t20260814_27139656.htm,2026-09-09 16:18:34,竞争性谈判,74.3486,table,,,,,,,,,,,,
中国人民警察大学无人机（一）采购项目竞争性谈判公告,竞争性谈判公告,HBKH-2026-58号,2026年08月14日 21:59,安次区,中国人民警察大学,河北省廊坊市安次区西昌路220号,张老师0316-2068446,河北坤后工程项目管理有限公司,廊坊市广阳区西昌路288号金昭大厦B座813室,宋工 15076653238,,,https://www.ccgp.gov.cn/cggg/zygg/jzxtpgg/./202608/t20260814_27139607.htm,2026-09-09 16:18:34,竞争性谈判,177.08,table,,,,,,,,,,,,
伊犁边境管理支队基层单位变压器采购项目竞争性谈判公告,竞争性谈判公告,YLZDCG202640,2026年08月14日 20:10,伊犁哈萨克自治州,伊犁边境管理支队,伊宁市斯大林街五巷5号,司警官 0999-8069277,新疆鼎招工程项目管理有限公司,伊宁市解放路1巷105号美景华庭1号楼二楼,鞠工 18194946080 0999-8806662,8.13 竞争性谈判文件（项目名称：伊犁边境管理支队基层单位变压器采购项目）.docx,"[{""attach_name"": ""8.13 竞争性谈判文件（项目名称：伊犁边境管理支队基层单位变压器采购项目）.docx"", ""attach_url"": ""https://download.ccgp.gov.cn/oss/download?uuid=3DE91C8F1EDA5F9CB0F59E245EE21C""}]",https://www.ccgp.gov.cn/cggg/zygg/jzxtpgg/./202608/t20260814_27139358.htm,2026-09-09 16:18:34,竞争性谈判,140.0,table,,,,,,,,,,,,
中国人民警察大学智能无人机系统采购项目竞争性谈判公告,竞争性谈判公告,HBKH-2026-59号,2026年08月14日 18:36,安次区,中国人民警察大学,河北省廊坊市安次区西昌路220号,张老师0316-2068446,河北坤后工程项目管理有限公司,廊坊市广阳区西昌路288号金昭大厦B座813室,宋工15076653238,,,https://www.ccgp.gov.cn/cggg/zygg/jzxtpgg/./202608/t20260814_27138624.htm,2026-09-09 16:18:35,竞争性谈判,188.944,table,,,,,,,,,,,,
阿克苏市大队柯柯牙消防站安装LED全彩高清显示屏竞争性谈判公告,竞争性谈判公告,AKS-ZF-XFDD-02,2026年08月14日 17:01,阿克苏市,阿克苏市消防救援大队,15292522552,丁先生,新疆卓丰工程咨询有限公司,新疆阿克苏地区阿克苏市英巴扎街道春华社区南大 街 59-1 号南泉小区 9 号三层 301-309 室,赵岩,竞争性谈判公告.docx,"[{""attach_name"": ""竞争性谈判公告.docx"", ""attach_url"": ""https://download.ccgp.gov.cn/oss/download?uuid=38DB943B25E2A380C125776E8E0741""}]",https://www.ccgp.gov.cn/cggg/zygg/jzxtpgg/./202608/t20260814_27136888.htm,2026-09-09 16:18:35,竞争性谈判,24.567,table,,,,,,,,,,,,
全国海关信息中心2026年总署对外接入局域网部分安全设备维保服务采购项目竞争性谈判公告,竞争性谈判公告,CMEETC-267FR331EE735,2026年08月14日 16:43,北京市,全国海关信息中心,北京市东城区金宝街63号710室,原野010-85193824,中国机电工程招标有限公司,北京市海淀区车公庄西路乙19号华通大厦B座南塔14层,李晓茹、李鹏飞、刘伟、张博88018616-8065、15931332841,,,https://www.ccgp.gov.cn/cggg/zygg/jzxtpgg/./202608/t20260814_27136417.htm,2026-09-09 16:18:35,竞争性谈判,58.0,table,,,,,,,,,,,,
全国海关信息中心2026年终端保密检查系统维保服务采购项目竞争性谈判公告,竞争性谈判公告,BIECC-26CG10463,2026年08月14日 16:43,北京市,全国海关信息中心,北京市东城区金宝街63号,原老师，010-87163824,北京国际工程咨询有限公司,北京市西城区广安门外大街甲275号,任英杰、王思宇、李湘平、崔云龙、黄春艳、周圆圆，010-63368392,,,https://www.ccgp.gov.cn/cggg/zygg/jzxtpgg/./202608/t20260814_27136413.htm,2026-09-09 16:18:35,竞争性谈判,10.0,table,,,,,,,,,,,,
丰泽区消防科普教育基地设备采购项目竞争性谈判公告,竞争性谈判公告,GW2026-SH464,2026年08月14日 16:42,丰泽区,泉州市丰泽区消防救援大队,泉州市丰泽区附中路,黄女士  联系电话: 0595-22289513,厦门市公物采购招投标有限公司,福建省泉州经济技术开发区德泰路186号办公宿舍楼203,吴树炜、张长淮 18965651201 13305972737,,,https://www.ccgp.gov.cn/cggg/zygg/jzxtpgg/./202608/t20260814_27136419.htm,2026-09-09 16:18:35,竞争性谈判,76.19,table,,,,,,,,,,,,
上海地区空管台站UPS及直流电池更新项目竞争性谈判公告,竞争性谈判公告,0748-2621CA8152NK,2026年08月14日 16:10,上海市,中国民用航空华东地区空中交通管理局,上海市长宁区机场空港一路171号,翟海鸣；021-22327126,中航材国际招标有限公司,北京市顺义区天祥路6号院北京东航中心2号楼8层,鲁权、刘昕彤、赵金倩（电话：021-62412217；电子邮箱：liuxintong@casc.com.cn）,,,https://www.ccgp.gov.cn/cggg/zygg/jzxtpgg/./202608/t20260814_27135601.htm,2026-09-09 16:18:35,竞争性谈判,100.64,table,,,,,,,,,,,,
自然资源部第二海洋研究所船舶租赁项目竞争性谈判公告,竞争性谈判公告,CTZB-2026080084,2026年08月14日 15:58,浙江省,自然资源部第二海洋研究所,浙江省杭州市保俶北路36号,于菁，0571-81963027,浙江省成套招标代理有限公司,杭州市文晖路42号现代置业大厦西楼18层1802室,邱能晖，0571-85830113,"附件--获取采购文件登记表（2）.xls,采购需求-船舶租赁项目.pdf","[{""attach_name"": ""附件--获取采购文件登记表（2）.xls"", ""attach_url"": ""https://download.ccgp.gov.cn/oss/download?uuid=993D22767506AE55DFF9323C2C69A6""}, {""attach_name"": ""采购需求-船舶租赁项目.pdf"", ""attach_url"": ""https://download.ccgp.gov.cn/oss/download?uuid=2A084201D96B4350E9097F0DC4A015""}]",https://www.ccgp.gov.cn/cggg/zygg/jzxtpgg/./202608/t20260814_27135346.htm,2026-09-09 16:18:36,竞争性谈判,45.0,table,,,,,,,,,,,,
国家体育总局体育器材装备中心关于国家体育总局排球中心训练器材 竞争性谈判采购的竞争性谈判公告,竞争性谈判公告,,2026年08月14日 14:32,北京市,国家体育总局排球运动管理中心,北京市东城区体育馆路2号,87183528,国家体育总局体育器材装备中心,北京市东城区体育馆路3号620,010-87182635,,,https://www.ccgp.gov.cn/cggg/zygg/jzxtpgg/./202608/t20260814_27134135.htm,2026-09-09 16:18:36,竞争性谈判,32.191,table,,,,,,,,,,,,
国家体育总局登山运动管理中心科研及训练器材采购的竞争性谈判公告,竞争性谈判公告,,2026年08月14日 14:28,北京市,国家体育总局登山运动管理中心,北京市东城区体育馆路9号,010-87182972,国家体育总局体育器材装备中心,北京市东城区体育馆路3号,010-87182666,,,https://www.ccgp.gov.cn/cggg/zygg/jzxtpgg/./202608/t20260814_27134087.htm,2026-09-09 16:18:36,竞争性谈判,106.42,table,,,,,,,,,,,,
中华人民共和国南通出入境边防检查站零星维修工程项目竞争性谈判公告,竞争性谈判公告,JSADTCG202608035,2026年08月14日 14:28,崇川区,中华人民共和国南通出入境边防检查站,南通市崇川区观新路1号,沈超逸0513-85517121,江苏爱德信工程项目管理有限公司,南通市人民中路95号纺织大厦14楼1401室,张爱霞0513-80901356,"中华人民共和国南通出入境边防检查站零星维修工程项目竞争性谈判公告.docx,文件领取申请表.doc","[{""attach_name"": ""中华人民共和国南通出入境边防检查站零星维修工程项目竞争性谈判公告.docx"", ""attach_url"": ""https://download.ccgp.gov.cn/oss/download?uuid=A18CD98A85BE6D885459CC3A55C13F""}, {""attach_name"": ""文件领取申请表.doc"", ""attach_url"": ""https://download.ccgp.gov.cn/oss/download?uuid=7FBFE9E5E2DFEDC553165F79045FA9""}]",https://www.ccgp.gov.cn/cggg/zygg/jzxtpgg/./202608/t20260814_27134037.htm,2026-09-09 16:18:36,竞争性谈判,26.0,table,,,,,,,,,,,,
国家体育总局登山运动管理中心国家攀岩队攀岩鞋采购的竞争性谈判公告,竞争性谈判公告,,2026年08月14日 14:25,北京市,国家体育总局登山运动管理中心,北京市东城区体育馆路9号,010-87182972,国家体育总局体育器材装备中心,北京市东城区体育馆路3号,010-87182666,,,https://www.ccgp.gov.cn/cggg/zygg/jzxtpgg/./202608/t20260814_27134062.htm,2026-09-09 16:18:36,竞争性谈判,14.0,table,,,,,,,,,,,,
国家体育总局登山运动管理中心国家攀岩队攀岩支点采购的竞争性谈判公告,竞争性谈判公告,,2026年08月14日 14:20,北京市,国家体育总局登山运动管理中心,北京市东城区体育馆路9号,010-87182972,国家体育总局体育器材装备中心,北京市东城区体育馆路3号,010-87182666,,,https://www.ccgp.gov.cn/cggg/zygg/jzxtpgg/./202608/t20260814_27134024.htm,2026-09-09 16:18:37,竞争性谈判,57.45,table,,,,,,,,,,,,
中国特种设备检测研究院网络版计算机终端保密检查系统竞争性谈判公告,竞争性谈判公告,26CNIC01-6031,2026年08月14日 09:50,北京市,中国特种设备检测研究院,北京市朝阳区和平街西苑2号,胡珊珊  010-59068037,中国仪器进出口集团有限公司,北京市海淀区西直门北大街甲43号金运大厦B座902室,010-62261185、01062268670转8313、010-81166132,竞争性谈判公告.docx,"[{""attach_name"": ""竞争性谈判公告.docx"", ""attach_url"": ""https://download.ccgp.gov.cn/oss/download?uuid=7A785772CBF13292167ACB2B3D6253""}]",https://www.ccgp.gov.cn/cggg/zygg/jzxtpgg/./202608/t20260814_27132085.htm,2026-09-09 16:18:37,竞争性谈判,40.0,table,,,,,,,,,,,,
中国人民银行四川省分行综合服务平台等保及商用密码改造（2026-2027）竞争性谈判采购公告,竞争性谈判公告,SCRH〔2026〕028号,2026年08月13日 17:12,成都市,中国人民银行四川省分行,成都市二环路南二段15号,刘老师：028-85261145,四川煊正招标代理有限公司,成都市武侯区武科西三路2号西物慧鼎A座301室,徐梦雨、周鹏、蒋馨雨：028-87764351转805,,,https://www.ccgp.gov.cn/cggg/zygg/jzxtpgg/./202608/t20260813_27128935.htm,2026-09-09 16:18:37,竞争性谈判,62.0,table,,,,,,,,,,,,
中国人民银行四川省分行营业办公大楼外墙及室内设备设施整体维修改造项目质量检测服务竞争性谈判采购公告,竞争性谈判公告,SCRH〔2026〕029号,2026年08月13日 16:51,四川省,中国人民银行四川省分行,成都市二环路南二段15号,刘老师；028-85261145,四川乾新招投标代理有限公司,成都市高新区吉庆三路333号蜀都中心二期一号楼一单元401号,郭婉莹；028-61375575转612,,,https://www.ccgp.gov.cn/cggg/zygg/jzxtpgg/./202608/t20260813_27128427.htm,2026-09-09 16:18:37,竞争性谈判,29.5,table,,,,,,,,,,,,
酒泉边境管理支队边境检查站执勤现场改造采购项目竞争性谈判公告,竞争性谈判公告,JQBJGLZD(2026)-5号,2026年08月13日 16:39,市辖区,酒泉边境管理支队,甘肃省酒泉市金塔路11号,邢警官0937-5926482,甘肃恒远正信项目管理有限公司,甘肃省酒泉市肃州区莫高路2号阳光小区16号楼2号门店,张明春15209375155/0937-5900178,酒泉边境管理支队边境检查站执勤现场改造采购项目-竞争性谈判文件.pdf,"[{""attach_name"": ""酒泉边境管理支队边境检查站执勤现场改造采购项目-竞争性谈判文件.pdf"", ""attach_url"": ""https://download.ccgp.gov.cn/oss/download?uuid=2155E77265758AE062DC06B542584C""}]",https://www.ccgp.gov.cn/cggg/zygg/jzxtpgg/./202608/t20260813_27128086.htm,2026-09-09 16:18:37,竞争性谈判,50.0,table,,,,,,,,,,,,
萍乡市湘东区消防救援大队湘东区消防救援大队车辆维修保养服务项目竞争性谈判公告,竞争性谈判公告,JXRJ-2026-016,2026年08月13日 16:31,湘东区,萍乡市湘东区消防救援大队,萍乡市湘东区东环路应急救援基地,钟先生17779977044,江西睿佳工程咨询有限公司,萍乡市安源区翡翠城1栋23楼,何女士18807998987,,,https://www.ccgp.gov.cn/cggg/zygg/jzxtpgg/./202608/t20260813_27127897.htm,2026-09-09 16:18:38,竞争性谈判,26.0077,table,,,,,,,,,,,,
服务器存储设备扩容采购项目竞争性谈判公告,竞争性谈判公告,,2026年08月13日 16:13,仓山区,福建省气象科学研究所,福州市仓山区建新中路108号,高先生0591-83354144,建融建设管理集团有限责任公司,福州市鼓楼区五一北路158号高景商贸中心7层A区,陈焜英0591-83722566,,,https://www.ccgp.gov.cn/cggg/zygg/jzxtpgg/./202608/t20260813_27127534.htm,2026-09-09 16:18:38,竞争性谈判,20.0,table,,,,,,,,,,,,
徐州市消防救援支队消防设施操作员技能考场设施设备采购项目竞争性谈判公告（二次）,竞争性谈判公告,JSJTCG(2026)052,2026年08月13日 15:13,泉山区,徐州市消防救援支队,徐州市云龙区维维大道延长段119号,吴先生，0516-83069299,江苏骏通建设项目管理咨询有限公司,徐州市泉山区软件园路同创新座A4号楼（东侧）三楼,"李振  0516-83891178 ,18068721900",,,https://www.ccgp.gov.cn/cggg/zygg/jzxtpgg/./202608/t20260813_27126532.htm,2026-09-09 16:18:38,竞争性谈判,33.62198,table,,,,,,,,,,,,
中华人民共和国腾冲出入境边防检查站办证室设施设备采购项目竞争性谈判公告（二次）,竞争性谈判公告,TCJYZB2026-CJ59,2026年08月13日 15:10,腾冲市,中华人民共和国腾冲出入境边防检查站,云南省保山市腾冲市腾越镇观音塘社区红星小区189号,李先生 0875-5131115,腾冲市锦业工程招标有限责任公司,云南省腾冲市腾越街道满邑社区上村小区214号,陈先生 0875—5162066,,,https://www.ccgp.gov.cn/cggg/zygg/jzxtpgg/./202608/t20260813_27126509.htm,2026-09-09 16:18:38,竞争性谈判,29.86,table,,,,,,,,,,,,
中华人民共和国腾冲出入境边防检查站向阳分站一楼库室改造采购项目竞争性谈判公告,竞争性谈判公告,CXZB2026-TP37,2026年08月13日 15:09,腾冲市,中华人民共和国腾冲出入境边防检查站,云南省保山市腾冲市腾越镇观音塘社区红星小区189号,李警官 0875-5131115,云南承鑫招标有限责任公司,腾冲市腾越镇观音塘社区花园小区100号,许萍萍  0875-5875666,谈判公告.docx,"[{""attach_name"": ""谈判公告.docx"", ""attach_url"": ""https://download.ccgp.gov.cn/oss/download?uuid=38C787FFA8451B231B5B05B3D7BBD5""}]",https://www.ccgp.gov.cn/cggg/zygg/jzxtpgg/./202608/t20260813_27126497.htm,2026-09-09 16:18:38,竞争性谈判,16.7087,table,,,,,,,,,,,,
中国工程物理研究院动力部2026年污水处理厂污泥处置项目（第三次）竞争性谈判公告,竞争性谈判公告,0747-2661SCCMY206,2026年08月13日 15:08,绵阳市,中国工程物理研究院动力部,四川省绵阳绵山路64号,付浩   0816-2493267,中化商务有限公司,北京市丰台区平安幸福中心B座26层/四川省绵阳市绵山路64号华庭酒店301（绵阳项目部地址）,景傅、黄龙伟 0816-2489230,第四章 .docx,"[{""attach_name"": ""第四章 .docx"", ""attach_url"": ""https://download.ccgp.gov.cn/oss/download?uuid=97435E1C9CF63CA8859FC7B47CD0AD""}]",https://www.ccgp.gov.cn/cggg/zygg/jzxtpgg/./202608/t20260813_27126491.htm,2026-09-09 16:18:39,竞争性谈判,130.0,table,,,,,,,,,,,,
中国疾病预防控制中心职业卫生与中毒控制所中毒应急毒物检测实验室比对样本冷链运输服务项目竞争性谈判公告,竞争性谈判公告,zw-jt-2026006,2026年08月13日 14:25,西城区,中国疾病预防控制中心职业卫生与中毒控制所,北京市西城区南纬路29号,张老师，010-83132098,详见公告正文,详见公告正文,详见公告正文,"zw-jt-2026006中毒应急毒物检测实验室比对样本冷链运输服务项目采购文件260813.doc,zw-jt-2026006中毒应急毒物检测实验室比对样本冷链运输服务项目采购文件260813.doc","[{""attach_name"": ""zw-jt-2026006中毒应急毒物检测实验室比对样本冷链运输服务项目采购文件260813.doc"", ""attach_url"": ""https://download.ccgp.gov.cn/oss/download?uuid=45DD3C639CC9B62334BB02DD5316EA""}, {""attach_name"": ""zw-jt-2026006中毒应急毒物检测实验室比对样本冷链运输服务项目采购文件260813.doc"", ""attach_url"": ""https://download.ccgp.gov.cn/oss/download?uuid=BD89F30BFDF8B43B0BE8095FEB847E""}]",https://www.ccgp.gov.cn/cggg/zygg/jzxtpgg/./202608/t20260813_27126002.htm,2026-09-09 16:18:39,竞争性谈判,7.2,table,,,,,,,,,,,,
福建经发-竞争性谈判-2026-JF111-厦门市消防救援支队（职业技能鉴定站）新增考务设备采购-采购公告,竞争性谈判公告,2026-JF111,2026年08月13日 10:47,厦门市,厦门市消防救援支队,福建省厦门市集美区杏林西路45-1号,虢工18150903133,福建经发招标代理有限公司,厦门市思明区湖滨南路359号海晟国际大厦24层2401室,林艳辉、0592-5990056,购标流程表（报名表）.xlsx,"[{""attach_name"": ""购标流程表（报名表）.xlsx"", ""attach_url"": ""https://download.ccgp.gov.cn/oss/download?uuid=820882BD9F425A2996028A6E97CB9E""}]",https://www.ccgp.gov.cn/cggg/zygg/jzxtpgg/./202608/t20260813_27124620.htm,2026-09-09 16:18:39,竞争性谈判,35.0,table,,,,,,,,,,,,
江西合胜合招标咨询有限公司关于南昌市西湖区消防救援大队2026年团体人身意外险服务项目（项目编号：HSH2026ZJ080）竞争性谈判公告,竞争性谈判公告,HSH2026ZJ080,2026年08月13日 09:11,江西省,南昌市西湖区消防救援大队,江西省南昌市西湖区云天路520号文广大楼,郭女士   13979144133,江西合胜合招标咨询有限公司,江西省南昌市红谷滩区红谷北大道968号绿地外滩公馆写字楼19栋406室,姜梅、聂亮、范丹萍  0791-83978376,技术要求.docx,"[{""attach_name"": ""技术要求.docx"", ""attach_url"": ""https://download.ccgp.gov.cn/oss/download?uuid=A9616E5FD904F015CCEDDAFF273BF6""}]",https://www.ccgp.gov.cn/cggg/zygg/jzxtpgg/./202608/t20260813_27123919.htm,2026-09-09 16:18:39,竞争性谈判,35.955,table,,,,,,,,,,,,
国家体育总局射击射箭运动管理中心仪器设备采购竞争性谈判公告,竞争性谈判公告,,2026年08月12日 18:38,北京市,国家体育总局射击射箭运动管理中心,北京市石景山区福田寺甲3号,010-88962193,国家体育总局体育器材装备中心,北京市东城区体育馆路3号,010-87182686,,,https://www.ccgp.gov.cn/cggg/zygg/jzxtpgg/./202608/t20260812_27122363.htm,2026-09-09 16:18:39,竞争性谈判,144.9,table,,,,,,,,,,,,
广州消防救援机动支队车辆保险服务采购项目竞争性谈判公告,竞争性谈判公告,GDXFJYJDZD-2026-0013-C01,2026年08月12日 18:09,广州市,福建省森林消防总队,广州市白云区钟落潭镇陈洞村坑边街183号穗华心素质教育培训基地教学楼4-6层,刘工，020-85686119,中技国际招标有限公司,北京市丰台区西营街1号院通用时代中心C座,余乐、徐聪宇、廖声惠，17875039025,竞争性谈判文件-广州消防救援机动支队车辆保险服务采购项目.pdf,"[{""attach_name"": ""竞争性谈判文件-广州消防救援机动支队车辆保险服务采购项目.pdf"", ""attach_url"": ""https://download.ccgp.gov.cn/oss/download?uuid=88DA6152E1405B412A52C5EB792898""}]",https://www.ccgp.gov.cn/cggg/zygg/jzxtpgg/./202608/t20260812_27122011.htm,2026-09-09 16:18:40,竞争性谈判,34.0,table,,,,,,,,,,,,
中华人民共和国八所海事局八所海事局2026年度海巡船船员服务采购竞争性谈判公告,竞争性谈判公告,YZZB-2026C-036,2026年08月12日 17:39,东方市,中华人民共和国八所海事局,海南省东方市解放西路104号,李洋 19983201192,海南易正招标代理有限公司,海南省海口市龙华区文华路8号建信大厦1507,薛小年 18689586503,,,https://www.ccgp.gov.cn/cggg/zygg/jzxtpgg/./202608/t20260812_27121480.htm,2026-09-09 16:18:40,竞争性谈判,124.0,table,,,,,,,,,,,,
湛江海关缉私局护航自贸港数智融战中心（设计及造价咨询服务）竞争性谈判公告,竞争性谈判公告,GDGF2026-088,2026年08月12日 17:18,市辖区,中华人民共和国湛江海关缉私局,广东省湛江市乐山大道62号,麦先生13902508201,广东国丰项目管理有限公司,湛江市赤坎区体育北路湛江商务大厦20楼2006室,王小姐0759-3971373,088-获取谈判文件登记表.doc,"[{""attach_name"": ""088-获取谈判文件登记表.doc"", ""attach_url"": ""https://download.ccgp.gov.cn/oss/download?uuid=806DADA42D87696225E3ADBCE840FF""}]",https://www.ccgp.gov.cn/cggg/zygg/jzxtpgg/./202608/t20260812_27121068.htm,2026-09-09 16:18:40,竞争性谈判,2.2,table,,,,,,,,,,,,
江西合胜合招标咨询有限公司关于南昌县消防救援大队新增队站接警系统及指挥系统采购项目（项目编号：HSH2026ZJ022）竞争性谈判公告,竞争性谈判公告,HSH2026ZJ022,2026年08月12日 16:52,江西省,南昌县消防救援大队,南昌县小蓝经济开发区金沙二路703号,林先生 0791-87700166,江西合胜合招标咨询有限公司,江西省南昌市红谷滩区红谷北大道968号绿地外滩公馆写字楼19栋406室,姜梅、聂亮、范丹萍  0791-83978376,技术要求.docx,"[{""attach_name"": ""技术要求.docx"", ""attach_url"": ""https://download.ccgp.gov.cn/oss/download?uuid=56A15BD1883759CE3CC268B77F5CDD""}]",https://www.ccgp.gov.cn/cggg/zygg/jzxtpgg/./202608/t20260812_27120385.htm,2026-09-09 16:18:40,竞争性谈判,48.702023,table,,,,,,,,,,,,
北京体育大学国家队训练基地运动员公寓智能门锁采购项目竞争性谈判公告,竞争性谈判公告,JJBJ260721191,2026年08月12日 16:31,北京市,北京体育大学,北京市海淀区信息路48号,张老师010-62989458,建经投资咨询有限公司,北京市丰台区总部基地17区18号楼13层,杨梦洁、向生建、赵金丹、陈文彪、唐迈、艾永峰，010-63753216、13691461737,,,https://www.ccgp.gov.cn/cggg/zygg/jzxtpgg/./202608/t20260812_27119885.htm,2026-09-09 16:18:40,竞争性谈判,83.0375,table,,,,,,,,,,,,
沈阳海关涉案财物（木材）存储保管服务竞争性谈判公告,竞争性谈判公告,0614SY260789,2026年08月12日 16:17,沈阳市,中华人民共和国沈阳海关,辽宁省沈阳市浑南区浑南三路16号,沈先生 13898875689,沈阳招标中心有限公司,沈阳市和平区绥化东街2号,康先生、续先生024-22530070,,,https://www.ccgp.gov.cn/cggg/zygg/jzxtpgg/./202608/t20260812_27119628.htm,2026-09-09 16:18:40,竞争性谈判,30.0,table,,,,,,,,,,,,
江西省鼎跃招标咨询有限公司关于江西省消防救援总队训练和战勤保障支队鉴定站技能考场设施设备系统化升级改造项目（采购编号：JXDY2026-GC-J0022）第二次竞争性谈判公告,竞争性谈判公告,JXDY2026-GC-J0022,2026年08月12日 15:55,南昌县,江西省消防救援总队训练与战勤保障支队,南昌市南昌县银三角管委会溪山大道51号,刘先生18007000305,江西省鼎跃招标咨询有限公司,江西省南昌市红谷滩区嘉言路668号用友产业园二期1号科研楼BC区4楼,徐燕敏、刘霞、李扬、张慧琴、申宝祥 0791-87090903,"采购需求.docx,项目信息登记表.docx","[{""attach_name"": ""采购需求.docx"", ""attach_url"": ""https://download.ccgp.gov.cn/oss/download?uuid=7AEA638980CCEC50281C5425C5C74C""}, {""attach_name"": ""项目信息登记表.docx"", ""attach_url"": ""https://download.ccgp.gov.cn/oss/download?uuid=D0B6BC0657659D1C9A6C6BAE3BA421""}]",https://www.ccgp.gov.cn/cggg/zygg/jzxtpgg/./202608/t20260812_27119187.htm,2026-09-09 16:18:40,竞争性谈判,35.334353,table,,,,,,,,,,,,
网络隔离设备采购项目竞争性谈判公告,竞争性谈判公告,0701-264101130116,2026年08月11日 17:05,北京市,公安部第一研究所,北京市海淀区,祁老师 010-68773226,中技国际招标有限公司,北京市丰台区西营街1号院通用时代中心C座8层,王记东、陆善泓、沈浩 010-81168537,采购需求_网络隔离设备.pdf,"[{""attach_name"": ""采购需求_网络隔离设备.pdf"", ""attach_url"": ""https://download.ccgp.gov.cn/oss/download?uuid=A234824641B6EF50D50191B4D54717""}]",https://www.ccgp.gov.cn/cggg/zygg/jzxtpgg/./202608/t20260811_27112506.htm,2026-09-09 16:18:40,竞争性谈判,92.3,table,,,,,,,,,,,,
宜宾三江新区消防救援大队综合楼功能库室正规化改造项目竞争性谈判公告,竞争性谈判公告,SJXF20260801,2026年08月11日 17:05,临港区,宜宾三江新区消防救援大队,四川省宜宾市三江新区白沙湾街道黄桷坪路79号,魏先生0831-7192103,宜宾诺昱项目管理有限公司,宜宾市叙州区柏溪街道城北新区一曼大道（三益·幸福里）1幢3层3、4号,陈女士0831-6887669,宜宾三江新区消防救援大队综合楼功能库室正规化改造项目.rar,"[{""attach_name"": ""宜宾三江新区消防救援大队综合楼功能库室正规化改造项目.rar"", ""attach_url"": ""https://download.ccgp.gov.cn/oss/download?uuid=640DD7195A7C5417B9B24876282640""}]",https://www.ccgp.gov.cn/cggg/zygg/jzxtpgg/./202608/t20260811_27112514.htm,2026-09-09 16:18:41,竞争性谈判,118.882335,table,,,,,,,,,,,,
勐腊海关综合技术中心2026年9月-2027年8月部分物业管理服务项目竞争性谈判公告,竞争性谈判公告,YNS,2026年08月11日 16:39,勐腊县,勐腊海关综合技术中心,西双版纳傣族自治州勐腊县相思路3号,周老师0691-8121205,山标工程项目管理咨询（云南）有限公司,云南省普洱市思茅区茶马古镇B区12-33-03(永平路东),王佳俊、张聚超、罗琪、周焕萍、吴学玉 0871-63522591、0879-3016506,勐腊海关综合技术中心2026年9月-2027年8月部分物业管理服务项目谈判公告.pdf,"[{""attach_name"": ""勐腊海关综合技术中心2026年9月-2027年8月部分物业管理服务项目谈判公告.pdf"", ""attach_url"": ""https://download.ccgp.gov.cn/oss/download?uuid=EDF00F840D05EECAA26EF535167292""}]",https://www.ccgp.gov.cn/cggg/zygg/jzxtpgg/./202608/t20260811_27111828.htm,2026-09-09 16:18:41,竞争性谈判,85.0,table,,,,,,,,,,,,
国家体育总局安阳航空运动学校飞机维修追加采购项目竞争性谈判公告,竞争性谈判公告,TYDL26-229,2026年08月11日 11:53,安阳市,国家体育总局安阳航空运动学校,河南省安阳市殷都区胜利路41号,乔先生0372-2910174、张老师0372-2913272,中科天一工程管理有限公司,安阳市文峰区财富公馆西单元3楼,刘女士16637261636,竞争性谈判公告-国家体育总局安阳航空运动学校飞机维修追加采购项目.docx,"[{""attach_name"": ""竞争性谈判公告-国家体育总局安阳航空运动学校飞机维修追加采购项目.docx"", ""attach_url"": ""https://download.ccgp.gov.cn/oss/download?uuid=E9CAECD5AE46F1FA25DA8EB4E4F4F6""}]",https://www.ccgp.gov.cn/cggg/zygg/jzxtpgg/./202608/t20260811_27108965.htm,2026-09-09 16:18:41,竞争性谈判,26.76,table,,,,,,,,,,,,
焦作市消防救援支队行政车辆及执勤消防车保险服务采购项目竞争性谈判公告,竞争性谈判公告,SH-ZB-2026146,2026年08月10日 19:24,市辖区,焦作市消防救援支队,焦作市解放区丰收路179号,张老师  0391-3556119,中建山河建设管理集团有限公司,郑州市郑东新区圃田西路与七里河南路交叉口西南角明亮集团大楼3楼,王朝艳、夏鹏程  0371-86556161、19937233779,,,https://www.ccgp.gov.cn/cggg/zygg/jzxtpgg/./202608/t20260810_27106539.htm,2026-09-09 16:18:41,竞争性谈判,0.0,table,,,,,,,,,,,,
伊犁边境管理支队基层单位专用设备采购项目竞争性谈判公告,竞争性谈判公告,YLZDCG202631-1,2026年08月10日 18:55,伊犁哈萨克自治州,伊犁边境管理支队,伊宁市斯大林街五巷5号,司警官 0999-8069277,新疆鼎招工程项目管理有限公司,伊宁市解放路1巷105号美景华庭1号楼二楼,鞠工 18194946080 0999-8806662,二次竞争性谈判文件（项目名称：伊犁边境管理支队基层单位专用设备采购项目）.docx,"[{""attach_name"": ""二次竞争性谈判文件（项目名称：伊犁边境管理支队基层单位专用设备采购项目）.docx"", ""attach_url"": ""https://download.ccgp.gov.cn/oss/download?uuid=C66C002397BF98923FDCE2DD676F5C""}]",https://www.ccgp.gov.cn/cggg/zygg/jzxtpgg/./202608/t20260810_27106289.htm,2026-09-09 16:18:41,竞争性谈判,60.0,table,,,,,,,,,,,,
中国科学院上海硅酸盐研究所晶体与器件极端环境模拟测试舱竞争性谈判公告,竞争性谈判公告,STC26A362,2026年08月10日 18:49,上海市,中国科学院上海硅酸盐研究所,上海市嘉定区和硕路585号,全老师，电话：021-69906570,上海中招招标有限公司,上海市静安区恒丰路600号机电大厦5楼C座,"姚庆忠、唐毅杰,电话：021-66279072、021-66272029",报名表格.docx,"[{""attach_name"": ""报名表格.docx"", ""attach_url"": ""https://download.ccgp.gov.cn/oss/download?uuid=EF0B0F9D7BEA1E113C6A77CE8FA866""}]",https://www.ccgp.gov.cn/cggg/zygg/jzxtpgg/./202608/t20260810_27106271.htm,2026-09-09 16:18:41,竞争性谈判,120.0,table,,,,,,,,,,,,
中华人民共和国罗湖出入境边防检查站罗湖口岸九楼备勤室修缮维护项目竞争性谈判公告,竞争性谈判公告,SZCGPC2026-0015,2026年08月10日 17:54,深圳市,中华人民共和国罗湖出入境边防检查站,深圳市罗湖区沿河南路1068号,苏警官/0755-84498653,深圳市鹏承工程咨询有限公司,深圳市福田区皇都广场C座8楼,潘工、刘工/13418563949,《投标报名登记表》.doc,"[{""attach_name"": ""《投标报名登记表》.doc"", ""attach_url"": ""https://download.ccgp.gov.cn/oss/download?uuid=5C2CD3CA0260CD0F9B188905DE464A""}]",https://www.ccgp.gov.cn/cggg/zygg/jzxtpgg/./202608/t20260810_27105664.htm,2026-09-09 16:18:41,竞争性谈判,18.295128,table,,,,,,,,,,,,
中国特种设备检测研究院便携式金相显微镜竞争性谈判公告,竞争性谈判公告,0773-2641GNQGHWJT0906,2026年08月10日 16:15,北京市,中国特种设备检测研究院,北京市朝阳区和平街西苑2号,杨老师010-59068171,中金招标有限责任公司,北京市海淀区西直门外大街168号腾达大厦29层,桑工、周工13121879350,"竞争性谈判公告.docx,授权委托书格式（参考）.docx","[{""attach_name"": ""竞争性谈判公告.docx"", ""attach_url"": ""https://download.ccgp.gov.cn/oss/download?uuid=D892A7B2BFE2F49C1AC8BB8755F90E""}, {""attach_name"": ""授权委托书格式（参考）.docx"", ""attach_url"": ""https://download.ccgp.gov.cn/oss/download?uuid=2C2FD263F3FA79CA3006AF88286DF4""}]",https://www.ccgp.gov.cn/cggg/zygg/jzxtpgg/./202608/t20260810_27103554.htm,2026-09-09 16:18:42,竞争性谈判,54.0,table,,,,,,,,,,,,
中捷通信有限公司关于金秀瑶族自治县消防救援大队队站办公设施及公寓楼所需家具、电器等设备采购项目（重）竞争性谈判公告,竞争性谈判公告,ZJZB-2026-19791,2026年08月10日 16:09,市辖区,金秀瑶族自治县消防救援大队,来宾市兴宾区翠屏路198号,霍助理、 0772-4282786,中捷通信有限公司,广西壮族自治区南宁市青秀区金湖北路52-1号东方曼哈顿13楼1303B室,黄珍珍、梁柳婷、王？    联系电话：19378874136、15177194546、13380098671、0771-3322852,,,https://www.ccgp.gov.cn/cggg/zygg/jzxtpgg/./202608/t20260810_27103386.htm,2026-09-09 16:18:42,竞争性谈判,45.16486,table,,,,,,,,,,,,
中华人民共和国昆明出入境边防检查站出境现场工作人员通道采购项目三次竞争性谈判公告,竞争性谈判公告,ZYZB-2026-107,2026年08月10日 16:05,昆明市,中华人民共和国昆明出入境边防检查站,昆明市官渡区长水国际机场长港中路西一路昆明出入境边防检查站,吴警官0871-67094111,云南智扬工程项目管理有限公司,云南省昆明市盘龙区白云路168号瑞鼎城A座第11层1118号,羊振、张洋铭、普清秀0871-63856268,,,https://www.ccgp.gov.cn/cggg/zygg/jzxtpgg/./202608/t20260810_27103295.htm,2026-09-09 16:18:42,竞争性谈判,23.96,table,,,,,,,,,,,,
中华人民共和国香格里拉海关香格里拉海关基础设施修缮项目(二包件）二次竞争性谈判公告,竞争性谈判公告,YT-ZB-26095,2026年08月10日 15:53,香格里拉市,中华人民共和国香格里拉海关,云南省迪庆藏族自治州香格里拉市康珠大道香格里拉海关,张杰15308780896,屿投咨询（云南）股份有限公司,昆明市西山区日新中路润城第一大道D栋6层,陈静、李竹俊、李明祥、喻江贤、钱宇、孔娇,香格里拉海关基础设施修缮项目(二包件）二次竞争性谈判公告.docx,"[{""attach_name"": ""香格里拉海关基础设施修缮项目(二包件）二次竞争性谈判公告.docx"", ""attach_url"": ""https://download.ccgp.gov.cn/oss/download?uuid=3326268E4D3AF03B06338D5A8768D8""}]",https://www.ccgp.gov.cn/cggg/zygg/jzxtpgg/./202608/t20260810_27103123.htm,2026-09-09 16:18:42,竞争性谈判,19.26,table,,,,,,,,,,,,
德宏边境管理支队户育、姐那边境派出所办案区建设项目（二次）竞争性谈判公告,竞争性谈判公告,DHZH2026-059,2026年08月10日 15:41,德宏傣族景颇族自治州,德宏边境管理支队（德宏州公安局边境管理支队）,云南省德宏芒市阔时路26号,罗警官  0692-2975102,德宏众恒工程管理有限公司,德宏州芒市勐焕街道锦华社区胞波路46号4楼,周岩团所  0692-2270999,"（二次）竞争性谈判公告.docx,报名登记表（格式）.docx","[{""attach_name"": ""（二次）竞争性谈判公告.docx"", ""attach_url"": ""https://download.ccgp.gov.cn/oss/download?uuid=A1E5D8D83BB4E6A5F63417A15C333F""}, {""attach_name"": ""报名登记表（格式）.docx"", ""attach_url"": ""https://download.ccgp.gov.cn/oss/download?uuid=ED422D5B21E403FE9A48CBDC165E0A""}]",https://www.ccgp.gov.cn/cggg/zygg/jzxtpgg/./202608/t20260810_27102908.htm,2026-09-09 16:18:42,竞争性谈判,194.9922,table,,,,,,,,,,,,
中华人民共和国磨憨出入境边防检查站应急快反队伍装备项目（二次）竞争性谈判公告,竞争性谈判公告,TPZB-BN-2026-047,2026年08月10日 15:40,勐腊县,中华人民共和国磨憨出入境边防检查站,云南省西双版纳州勐腊县雨林大道34号,黄警官、0691-8127604,云南天平工程项目管理有限公司,景洪市曼弄枫曼城C1栋1单元5楼502室,李金妹、黄茜茜、黄艳、罗鸿翔0691-2741622,公告.doc,"[{""attach_name"": ""公告.doc"", ""attach_url"": ""https://download.ccgp.gov.cn/oss/download?uuid=5FD3B5325EBE2C27C73DC852E922E7""}]",https://www.ccgp.gov.cn/cggg/zygg/jzxtpgg/./202608/t20260810_27102907.htm,2026-09-09 16:18:43,竞争性谈判,14.908,table,,,,,,,,,,,,
中国人民政治协商会议全国委员会干部培训中心全国政协干部培训中心（全国政协北戴河管理局）2026年院内建筑物运行维护项目（二次）竞争性谈判公告,竞争性谈判公告,1301000075079949001,2026年08月10日 14:58,北戴河区,中国人民政治协商会议全国委员会干部培训中心,秦皇岛市北戴河区东山街道康乐路5号,王晓洋   0335-4663003,瑞和安惠项目管理集团有限公司,秦皇岛市红旗路233号政务大厦913室,王玲玲    0335-3643270,,,https://www.ccgp.gov.cn/cggg/zygg/jzxtpgg/./202608/t20260810_27102333.htm,2026-09-09 16:18:43,竞争性谈判,67.53,table,,,,,,,,,,,,
中国人民银行喀什地区分行中国人民银行喀什地区原老干部活动中心二楼改造为2套周转房采购项目竞争性谈判公告,竞争性谈判公告,HZDLTP,2026年08月10日 12:16,喀什市,中国人民银行喀什地区分行,新疆喀什市西域大道158号,周光睿    0998-2901523,新疆昊泽工程管理有限公司,新疆维吾尔自治区喀什地区喀什市创新大道金泰综合商务区3号写字楼8层8号10号(小亚郎湿地公园对面),谷超超   15276061261,,,https://www.ccgp.gov.cn/cggg/zygg/jzxtpgg/./202608/t20260810_27101618.htm,2026-09-09 16:18:43,竞争性谈判,16.0,table,,,,,,,,,,,,
中国疾病预防控制中心环境与健康相关产品安全所二期新址智能档案密集架采购项目竞争性谈判公告,竞争性谈判公告,403200,2026年08月10日 10:06,朝阳区,中国疾病预防控制中心环境与健康相关产品安全所,北京市朝阳区潘家园南里7号,王政凯  50930202,详见公告正文,详见公告正文,详见公告正文,环境所二期新址档案密集架采购项目竞争性谈判通知书2026.8.doc,"[{""attach_name"": ""环境所二期新址档案密集架采购项目竞争性谈判通知书2026.8.doc"", ""attach_url"": ""https://download.ccgp.gov.cn/oss/download?uuid=0B6ACC206F171B430BF9F96F624593""}]",https://www.ccgp.gov.cn/cggg/zygg/jzxtpgg/./202608/t20260810_27100768.htm,2026-09-09 16:18:43,竞争性谈判,40.32,table,,,,,,,,,,,,
自然资源部黑龙江基础地理信息中心移动工作站采购项目竞争性谈判公告,竞争性谈判公告,ZKBT-2026-00361.项目编号：ZKBT-2026-0036,2026年08月10日 08:33,南岗区,自然资源部黑龙江基础地理信息中心,哈尔滨市南岗区测绘路32号,周先生0451-86623334,黑龙江省中科博泰项目管理咨询有限公司,哈尔滨市南岗区王岗大街18-1号商服，项目管理,王先生0451-51805222,,,https://www.ccgp.gov.cn/cggg/zygg/jzxtpgg/./202608/t20260810_27100229.htm,2026-09-09 16:18:43,竞争性谈判3.采购方式：■竞争性谈判,23.0,table,,,,,,,,,,,,
中国疾病预防控制中心辐射防护与核安全医学所（中国疾病预防控制中心核事故医学应急中心）中国疾控中心辐射安全所通用试剂柜等设备采购项目竞争性谈判公告,竞争性谈判公告,FSS-tysjg-001项目编号：FSS-tysjg-001本授权委托书声明：注册于,2026年08月09日 06:59,北京市,中国疾病预防控制中心辐射防护与核安全医学所（中国疾病预防控制中心核事故医学应急中心）,北京市西城区德外新康街2号,周老师 010-62389752,详见公告正文,详见公告正文,详见公告正文,中国疾控中心辐射安全所通用试剂柜等设备采购项目谈判文件.doc,"[{""attach_name"": ""中国疾控中心辐射安全所通用试剂柜等设备采购项目谈判文件.doc"", ""attach_url"": ""https://download.ccgp.gov.cn/oss/download?uuid=924CB8160FF2DB3309675D584E380B""}]",https://www.ccgp.gov.cn/cggg/zygg/jzxtpgg/./202608/t20260809_27099793.htm,2026-09-09 16:18:43,竞争性谈判,73.7,table,,,,,,,,,,,,
中国疾病预防控制中心辐射防护与核安全医学所（中国疾病预防控制中心核事故医学应急中心）中国疾控中心辐射安全所液质联用仪保修维护项目竞争性谈判公告,竞争性谈判公告,FSS-yzlywx-001项目编号：FSS-yzlywx-001本授权委托书声明：注册于,2026年08月09日 06:47,北京市,中国疾病预防控制中心辐射防护与核安全医学所（中国疾病预防控制中心核事故医学应急中心）,北京市西城区德外新康街2号,周老师 010-62389752,详见公告正文,详见公告正文,详见公告正文,中国疾控中心辐射安全所液质联用仪保修维护项目谈判文件.docx,"[{""attach_name"": ""中国疾控中心辐射安全所液质联用仪保修维护项目谈判文件.docx"", ""attach_url"": ""https://download.ccgp.gov.cn/oss/download?uuid=DFC6B55E9EC54AEFA6AFCF4D59DEEB""}]",https://www.ccgp.gov.cn/cggg/zygg/jzxtpgg/./202608/t20260809_27099792.htm,2026-09-09 16:18:44,竞争性谈判,29.0,table,,,,,,,,,,,,
阿勒泰地区消防救援支队空调设备采购及安装项目（三次）竞争性谈判公告,竞争性谈判公告,XZ2026-CG23,2026年08月07日 23:03,阿勒泰市,阿勒泰地区消防救援支队,阿勒泰市交通路118号,魏先生、13779397345,新疆鑫泽工程咨询有限公司,阿勒泰市东风路翡翠湾商业楼门面4栋2层,冯青华、15909065797,,,https://www.ccgp.gov.cn/cggg/zygg/jzxtpgg/./202608/t20260807_27097427.htm,2026-09-09 16:18:44,竞争性谈判,19.669,table,,,,,,,,,,,,
西南大学榕园学生宿舍（荣昌校区）空调采购竞争性谈判公告,竞争性谈判公告,AZF202600047,2026年08月07日 20:39,北碚区,西南大学,重庆市北碚区天生路2号,龚老师   袁老师、023-68250189  68252007,西恒工程咨询集团有限公司,重庆市两江新区黄山大道中段70号两江星界2幢9楼,许老师 周老师、023-67766894 15723037330,,,https://www.ccgp.gov.cn/cggg/zygg/jzxtpgg/./202608/t20260807_27097188.htm,2026-09-09 16:18:44,竞争性谈判,86.339,table,,,,,,,,,,,,
伊犁边境管理支队基层单位空气能设备采购项目竞争性谈判公告,竞争性谈判公告,YLZDCG202638,2026年08月07日 20:21,伊犁哈萨克自治州,伊犁边境管理支队,伊宁市斯大林街五巷5号,司警官 0999-8069277,新疆鼎招工程项目管理有限公司,伊宁市解放路1巷105号美景华庭1号楼二楼,鞠工 18194946080 0999-8806662,,,https://www.ccgp.gov.cn/cggg/zygg/jzxtpgg/./202608/t20260807_27097126.htm,2026-09-09 16:18:44,竞争性谈判,30.0,table,,,,,,,,,,,,
中华人民共和国新疆出入境边防检查总站越障器材采购项目竞争性谈判公告,竞争性谈判公告,XJCY2026-ZB(M)-05,2026年08月07日 20:19,新疆维吾尔自治区,中华人民共和国新疆出入境边防检查总站,新疆乌鲁木齐市团结路1551号,王警官 ，0991-8512158,新疆诚誉工程项目管理有限公司,乌鲁木齐市会展大道 599 号新疆财富中心 C 座 6 楼 601 室,马瑞，0991-8890252，18997950031,,,https://www.ccgp.gov.cn/cggg/zygg/jzxtpgg/./202608/t20260807_27097104.htm,2026-09-09 16:18:44,竞争性谈判,28.9,table,,,,,,,,,,,,
国家移民管理局瑞丽遣返中心2026年度特定人员被服采购项目竞争性谈判公告,竞争性谈判公告,DHHCRL-2026-005,2026年08月07日 18:02,瑞丽市,国家移民管理局瑞丽遣返中心,德宏州瑞丽市勐秀乡瑞章路7号,张警官0692-3015054,德宏州浩创工程管理服务有限公司,德宏州芒市阿露窝罗路25号,苏娴0692-2129529,瑞丽遣返中心2026年度被羁押人员被服采购项目-竞争性谈判公告.docx,"[{""attach_name"": ""瑞丽遣返中心2026年度被羁押人员被服采购项目-竞争性谈判公告.docx"", ""attach_url"": ""https://download.ccgp.gov.cn/oss/download?uuid=7702B626EF176E20D3B1475104C912""}]",https://www.ccgp.gov.cn/cggg/zygg/jzxtpgg/./202608/t20260807_27095938.htm,2026-09-09 16:18:45,竞争性谈判,9.85,table,,,,,,,,,,,,
中华人民共和国皇岗出入境边防检查站新皇岗口岸执勤队楼道宣传文化阵地建设项目竞争性谈判公告,竞争性谈判公告,GXSZ-20260264SZJZ,2026年08月07日 16:53,深圳市,中华人民共和国皇岗出入境边防检查站,深圳市罗湖区人民南路1006号,何警官0755-84498651,深圳高星项目管理有限公司,深圳市福田区泰然九路天地源盛唐大厦东座1403,郑工0755-88918226,中华人民共和国皇岗出入境边防检查站新皇岗口岸执勤队楼道宣传文化阵地建设项目谈判邀请公告.docx,"[{""attach_name"": ""中华人民共和国皇岗出入境边防检查站新皇岗口岸执勤队楼道宣传文化阵地建设项目谈判邀请公告.docx"", ""attach_url"": ""https://download.ccgp.gov.cn/oss/download?uuid=7986FAA76B66AF98AE82923F9CD342""}]",https://www.ccgp.gov.cn/cggg/zygg/jzxtpgg/./202608/t20260807_27094175.htm,2026-09-09 16:18:45,竞争性谈判,27.998653,table,,,,,,,,,,,,
唐山市消防救援支队明湖路消防站项目设计竞争性谈判公告,竞争性谈判公告,HXZB2026-B1-01050-001,2026年08月07日 16:40,市辖区,唐山市消防救援支队,唐山市路南区新华东道72号,张鑫 0315-5907681,河北宏信招标有限公司,河北省唐山市路北区茂华金汇公馆2508室,王昌建 0315-5309616,,,https://www.ccgp.gov.cn/cggg/zygg/jzxtpgg/./202608/t20260807_27093857.htm,2026-09-09 16:18:45,竞争性谈判,37.0,table,,,,,,,,,,,,
甘肃省地震局搜救基地雷达生命探测仪采购项目竞争性谈判公告,竞争性谈判公告,TC26930AR,2026年08月07日 15:59,甘肃省,甘肃省地震局,兰州市城关区东岗西路450号,马工 0931-8271088,中招国际招标有限公司,甘肃省兰州市城关区天水北路222号第36层9-13室,朱蕾 17352180712,,,https://www.ccgp.gov.cn/cggg/zygg/jzxtpgg/./202608/t20260807_27092817.htm,2026-09-09 16:18:45,竞争性谈判,23.0,table,,,,,,,,,,,,
中华人民共和国畹町出入境边防检查站2026年度发电机采购项目（三次）竞争性谈判公告,竞争性谈判公告,WDCRJBFJCZ2026012/YDCTH20260975,2026年08月07日 11:21,瑞丽市,中华人民共和国畹町出入境边防检查站,云南省德宏州瑞丽市畹町经济开发区国防街3号,杨警官（0692）5150086,云南元大工程咨询有限责任公司,云南省昆明市盘龙区联盟路与万宏路交叉处万宏嘉园沣苑（地块三）B座15层（奥斯迪商务中心B座15楼）,段广超、陶泽强、毛冬慧、赵熙、胡仕骏、蔡慈进、曾桂华、赵德武、曹魁、王祥远、张琼、庄艳兰、夏晔、王琼焕、环艳娟、闫梅（0871）63335856,(YDCTH20260975)谈判公告.doc,"[{""attach_name"": ""(YDCTH20260975)谈判公告.doc"", ""attach_url"": ""https://download.ccgp.gov.cn/oss/download?uuid=5043D6CEDE01DB7BA35BC7C0B379A6""}]",https://www.ccgp.gov.cn/cggg/zygg/jzxtpgg/./202608/t20260807_27090169.htm,2026-09-09 16:18:45,竞争性谈判,24.99,table,,,,,,,,,,,,
中华人民共和国云南出入境边防检查总站轮训大队基础设施改造采购项目竞争性谈判公告,竞争性谈判公告,YNZZ20260801,2026年08月06日 23:52,昆明市,云南出入境边防检查总站,云南省昆明市西山区滇池路966号,陈警官、郑警官；0871-64025378、0871-64025386,云南润滇工程技术咨询有限公司,云南省昆明市西山区采莲路共信时代广场B座21楼,李工、韩工 15752875670、15288497707,竞争性谈判公告(4).docx,"[{""attach_name"": ""竞争性谈判公告(4).docx"", ""attach_url"": ""https://download.ccgp.gov.cn/oss/download?uuid=FCDE866ED2625009A7AD960E1A136F""}]",https://www.ccgp.gov.cn/cggg/zygg/jzxtpgg/./202608/t20260806_27088875.htm,2026-09-09 16:18:45,竞争性谈判,310.53,table,,,,,,,,,,,,
达拉特旗消防救援大队三晌梁专职队六层训练塔购置项目竞争性谈判公告,竞争性谈判公告,ZFCG304526083654,2026年08月06日 18:05,达拉特旗,达拉特旗消防救援大队,达拉特旗树林召镇,孙林15248442898,内蒙古阳光采购服务平台有限责任公司,内蒙古包头市九原区呼得木林大街与荣仕雅路交叉口西北140米 劳动路59号B座4F,赵玉信18586095939,【20260804修订】竞争性谈判文件.pdf,"[{""attach_name"": ""【20260804修订】竞争性谈判文件.pdf"", ""attach_url"": ""https://download.ccgp.gov.cn/oss/download?uuid=95FCC5E500D790BB167820518BB128""}]",https://www.ccgp.gov.cn/cggg/zygg/jzxtpgg/./202608/t20260806_27087086.htm,2026-09-09 16:18:46,竞争性谈判,51.8,table,,,,,,,,,,,,
一体化集成印制电路板采购项目竞争性谈判公告,竞争性谈判公告,THTC-HR-IGCT2026020,2026年08月06日 17:52,北京市,zycgr22011902,/,李老师 010-57305134,天恒招标有限公司,北京市东城区东四十条甲22号南新仓商务大厦B座922,李雅奇、李亚娜、陈洁、徐梓瑶、刘戈010-53399157、17710393237,采购文件获取登记表.xls,"[{""attach_name"": ""采购文件获取登记表.xls"", ""attach_url"": ""https://download.ccgp.gov.cn/oss/download?uuid=EF1528139423FCFE37F6057C0EDB3F""}]",https://www.ccgp.gov.cn/cggg/zygg/jzxtpgg/./202608/t20260806_27086894.htm,2026-09-09 16:18:46,竞争性谈判,50.0,table,,,,,,,,,,,,
交通运输部南海航海保障中心海口航标处2026年AIS实体航标、遥测遥控终端采购竞争性谈判公告,竞争性谈判公告,ZTHN20260801,2026年08月06日 17:27,海南省,交通运输部南海航海保障中心海口航标处,海南省海口市滨海大道173号,王工0898-68626280,中途项目管理有限公司,海口市秀英区文锦路荣锦花园2号楼1单元701室,李工15348883299,采购需求.pdf,"[{""attach_name"": ""采购需求.pdf"", ""attach_url"": ""https://download.ccgp.gov.cn/oss/download?uuid=C8E7068B0694D0DE502381C777BB77""}]",https://www.ccgp.gov.cn/cggg/zygg/jzxtpgg/./202608/t20260806_27086209.htm,2026-09-09 16:18:46,竞争性谈判,16.84,table,,,,,,,,,,,,
中华人民共和国昆明出入境边防检查站执法执勤装备采购项目竞争性谈判公告（二次）,竞争性谈判公告,云鑫招字2026-2-0821.项目编号：云鑫招字2026-2-082；,2026年08月06日 17:13,昆明市,中华人民共和国昆明出入境边防检查站,云南省昆明市官渡区长水国际机场西一路,吴老师,云南鑫德招标咨询有限公司,昆明市五华区科普路503号固地尚诚B座9楼,罗建萍、李才华、李明宇、官华 13888393092,,,https://www.ccgp.gov.cn/cggg/zygg/jzxtpgg/./202608/t20260806_27085910.htm,2026-09-09 16:18:46,竞争性谈判3.采购方式：竞争性谈判,10.704,table,,,,,,,,,,,,
株洲市消防救援支队康复理疗服务与相关器械采购项目竞争性谈判公告,竞争性谈判公告,ZZRY-ZZ-20260703,2026年08月06日 16:57,株洲市,株洲市消防救援支队,株洲市芦淞区枫溪大道519号,谢先生    0731-28492883,株洲润亿项目管理咨询有限公司,株洲市天元区泰山西路1399号龙腾国际13栋27楼,王萍    0731-27699789,谈判文件--株洲市消防救援支队康复理疗服务与相关器械采购项目--定稿.docx,"[{""attach_name"": ""谈判文件--株洲市消防救援支队康复理疗服务与相关器械采购项目--定稿.docx"", ""attach_url"": ""https://download.ccgp.gov.cn/oss/download?uuid=995FCD327E02B2FCF9FA763C16BF9A""}]",https://www.ccgp.gov.cn/cggg/zygg/jzxtpgg/./202608/t20260806_27085547.htm,2026-09-09 16:18:46,竞争性谈判,37.26,table,,,,,,,,,,,,
中华人民共和国甘肃出入境边防检查总站机房改造和基础设备更新替换项目竞争性谈判公告,竞争性谈判公告,MSZFCGZB2026093,2026年08月06日 16:40,兰州市,中华人民共和国甘肃出入境边防检查总站,甘肃省兰州市城关区嘉峪关东路577号,寇警官0931-5157050,鸣森项目管理咨询有限公司,甘肃省兰州市城关区天水北路280号枫叶国际9号楼B塔2单元13层,牛斌13359319600,中华人民共和国甘肃出入境边防检查总站机房改造和基础设备更新替换项目谈判文件(最终版).pdf,"[{""attach_name"": ""中华人民共和国甘肃出入境边防检查总站机房改造和基础设备更新替换项目谈判文件(最终版).pdf"", ""attach_url"": ""https://download.ccgp.gov.cn/oss/download?uuid=3E41ED37C7A85403909A6BCA0004AB""}]",https://www.ccgp.gov.cn/cggg/zygg/jzxtpgg/./202608/t20260806_27085200.htm,2026-09-09 16:18:47,竞争性谈判,39.380208,table,,,,,,,,,,,,
自然资源部珠海海洋中心实验仪器采购项目竞争性谈判公告,竞争性谈判公告,GDSY-2026-102C,2026年08月06日 16:34,广东省,自然资源部珠海海洋中心,珠海市吉大情侣中路31号2栋,陈工、高工、胡工        0756-3183120,广东森源建项目管理有限公司,珠海市高新区唐家湾镇软件园路1号教学区3#四层409室,陈刚        15919145105,谈判邀请函.pdf,"[{""attach_name"": ""谈判邀请函.pdf"", ""attach_url"": ""https://download.ccgp.gov.cn/oss/download?uuid=2E3D86DBD5A63F3E50DDF0ED56BE7E""}]",https://www.ccgp.gov.cn/cggg/zygg/jzxtpgg/./202608/t20260806_27085058.htm,2026-09-09 16:18:47,竞争性谈判,35.8,table,,,,,,,,,,,,
中国人民银行四川省分行四川重点库贵金属货架竞争性谈判采购公告,竞争性谈判公告,SCRH[2026]025号,2026年08月06日 15:46,成都市,中国人民银行四川省分行,成都市武侯区二环路南二段15号,熊老师  028-85261833,四川鑫沅招标代理有限公司,成都市武侯区武科西一路65号B座201号,王女士028-87765239或87766602转8803,,,https://www.ccgp.gov.cn/cggg/zygg/jzxtpgg/./202608/t20260806_27084023.htm,2026-09-09 16:18:47,竞争性谈判,56.0,table,,,,,,,,,,,,
张家界市永定区消防救援大队永定大队执勤车及公务车维修保养采购项目（第二次）竞争性谈判公告,竞争性谈判公告,YFZB2026-017,2026年08月06日 15:25,永定区,张家界市永定区消防救援大队,张家界市永定区古庸路469号,蒋先生13574491119,张家界市誉丰招标代理有限公司,张家界市永定区南庄坪路桥公司3楼,李小慧13307441688,采购需求.docx,"[{""attach_name"": ""采购需求.docx"", ""attach_url"": ""https://download.ccgp.gov.cn/oss/download?uuid=A2C78DBF0497FBB99E63A0CF6918A4""}]",https://www.ccgp.gov.cn/cggg/zygg/jzxtpgg/./202608/t20260806_27083652.htm,2026-09-09 16:18:48,竞争性谈判,30.9,table,,,,,,,,,,,,
国家矿山安全监察局贵州局云安全产品租赁服务竞争性谈判公告,竞争性谈判公告,PRJD2026-079CG,2026年08月06日 15:02,贵州省,国家矿山安全监察局贵州局,贵州省贵阳市云岩区北京路202号,赵丁莹 0851-86891242,贵州普瑞君德工程咨询有限公司,贵州省贵阳市观山湖区阳关大道麒龙商务港A地块第1幢18层2号,柳圆圆、彭洁 18198550029,采购公告.pdf,"[{""attach_name"": ""采购公告.pdf"", ""attach_url"": ""https://download.ccgp.gov.cn/oss/download?uuid=88E7A502178DCEB1B8ED0353523F92""}]",https://www.ccgp.gov.cn/cggg/zygg/jzxtpgg/./202608/t20260806_27083369.htm,2026-09-09 16:18:48,竞争性谈判,76.0,table,,,,,,,,,,,,
科学技术部信息中心会议保障配套设备采购项目竞争性谈判公告,竞争性谈判公告,GXCZ-D-26070139,2026年08月06日 11:16,北京市,科学技术部信息中心,北京市海淀区复兴路乙15号,刘大铭，010-58884967,国信国采（北京）招标咨询有限责任公司,北京市海淀区首体南路22号国兴大厦11层,黄婧、郭培晨、张画冰，010-88354433转365、327,竞争性谈判公告.docx,"[{""attach_name"": ""竞争性谈判公告.docx"", ""attach_url"": ""https://download.ccgp.gov.cn/oss/download?uuid=FAB2E260618CF00B219C0D0706ECE9""}]",https://www.ccgp.gov.cn/cggg/zygg/jzxtpgg/./202608/t20260806_27081907.htm,2026-09-09 16:18:48,竞争性谈判,34.85,table,,,,,,,,,,,,
荆州市沙市区消防救援大队沙市大队中山路及红门路政府专职消防救援站营区配套设施货物类采购(新式战斗服架)第二次竞争性谈判公告,竞争性谈判公告,HBFC-SSQ-20260701-N00001,2026年08月06日 11:14,沙市区,荆州市沙市区消防救援大队,湖北省荆州市沙市区红星路27号,柳宇 13972382119,湖北方成项目管理有限公司,荆州市沙市区洋码头B17栋402号,徐义雄 17707168244,"竞争性谈判公告-第二次.docx,中山路站及红门路站新式战斗服架采购第二次.docx","[{""attach_name"": ""竞争性谈判公告-第二次.docx"", ""attach_url"": ""https://download.ccgp.gov.cn/oss/download?uuid=14769F9DC79F6595C4117F711F9805""}, {""attach_name"": ""中山路站及红门路站新式战斗服架采购第二次.docx"", ""attach_url"": ""https://download.ccgp.gov.cn/oss/download?uuid=A7367C6F1DD195C38D24F5DE54A2DF""}]",https://www.ccgp.gov.cn/cggg/zygg/jzxtpgg/./202608/t20260806_27081890.htm,2026-09-09 16:18:48,竞争性谈判,11.52,table,,,,,,,,,,,,
广西嘉达工程咨询管理有限公司关于桂林市消防救援支队训练基地升级改造项目（重1）竞争性谈判公告,竞争性谈判公告,GXJDGL-2026(TP)-001,2026年08月06日 08:53,秀峰区,桂林市消防救援支队,桂林市中隐路119号,李先生、15296007570,广西嘉达工程咨询管理有限公司,桂林市七星区穿山东路11号樱特莱庄园阳光44#1-3层,蒋工、0773-8997990,竞争性谈判公告.pdf,"[{""attach_name"": ""竞争性谈判公告.pdf"", ""attach_url"": ""https://download.ccgp.gov.cn/oss/download?uuid=91A0B9135A56712C17DE7568E988B2""}]",https://www.ccgp.gov.cn/cggg/zygg/jzxtpgg/./202608/t20260806_27080868.htm,2026-09-09 16:18:48,竞争性谈判,73.904852,table,,,,,,,,,,,,
江西省鼎跃招标咨询有限公司关于江西省消防救援总队训练和战勤保障支队鉴定站技能考场设施设备系统化升级改造项目（采购编号：JXDY2026-GC-J0022）竞争性谈判公告,竞争性谈判公告,JXDY2026-GC-J0022,2026年08月05日 20:26,南昌县,江西省消防救援总队训练与战勤保障支队,南昌市南昌县银三角管委会溪山大道51号,刘先生18007000305,江西省鼎跃招标咨询有限公司,江西省南昌市红谷滩区嘉言路668号用友产业园二期1号科研楼BC区4楼,徐燕敏、刘霞、李扬、张慧琴、申宝祥 0791-87090903,"采购需求.docx,项目信息登记表.docx","[{""attach_name"": ""采购需求.docx"", ""attach_url"": ""https://download.ccgp.gov.cn/oss/download?uuid=D203C92CECFDEC8941C6E97986B9F5""}, {""attach_name"": ""项目信息登记表.docx"", ""attach_url"": ""https://download.ccgp.gov.cn/oss/download?uuid=401C0BC141FF085B72B649F7F7A578""}]",https://www.ccgp.gov.cn/cggg/zygg/jzxtpgg/./202608/t20260805_27080114.htm,2026-09-09 16:18:49,竞争性谈判,35.334353,table,,,,,,,,,,,,
中华人民共和国红山嘴出入境边防检查站发电机及配套设施安装采购项目（二次）竞争性谈判公告,竞争性谈判公告,ZFCG-JTSZZB2026--76,2026年08月05日 20:21,阿勒泰市,中华人民共和国红山嘴出入境边防检查站,阿勒泰市迎宾路276号,陈警官0906-7602111,新疆金泰首致项目管理咨询有限公司,阿勒泰市佰颂广场雲汐酒店6楼,冯成成18509944088,中华人民共和国红山嘴出入境边防检查站柴油发电机组采购及安装项目（二次）—竞争性谈判公告.pdf,"[{""attach_name"": ""中华人民共和国红山嘴出入境边防检查站柴油发电机组采购及安装项目（二次）—竞争性谈判公告.pdf"", ""attach_url"": ""https://download.ccgp.gov.cn/oss/download?uuid=5F2AD1ECC32FD7CB3F6737F9CAA0B7""}]",https://www.ccgp.gov.cn/cggg/zygg/jzxtpgg/./202608/t20260805_27080103.htm,2026-09-09 16:18:49,竞争性谈判,19.7,table,,,,,,,,,,,,
国家体育总局安阳航空运动学校《奔跑吧少年》2026青少年航空体育科普室内跳伞体验活动服务竞争性谈判公告,竞争性谈判公告,方正招标采购,2026年08月05日 18:58,安阳市,国家体育总局安阳航空运动学校,河南省安阳市殷都区胜利路41号,刘老师、周老师0372-2910174、5391651,安阳市方正招标采购服务有限责任公司,安阳市安钢大道39号（人民大道北地下道口南侧、安阳粮食产业集团-后 院办公楼五楼）,白杨0372-2283981,,,https://www.ccgp.gov.cn/cggg/zygg/jzxtpgg/./202608/t20260805_27079679.htm,2026-09-09 16:18:49,竞争性谈判,13.5,table,,,,,,,,,,,,
中华人民共和国文锦渡出入境边防检查站不锈钢门及围栏施工项目竞争性谈判公告,竞争性谈判公告,XRZB202607004,2026年08月05日 17:00,市辖区,中华人民共和国文锦渡出入境边防检查站,广东省深圳市罗湖区人民南路1006号,苏警官 0755-84498653,深圳市鑫润招标代理有限公司,深圳市龙岗区龙城街道爱联社区缤纷世纪公寓A座31E、31F,冷工 0755-28680185/18988757177,,,https://www.ccgp.gov.cn/cggg/zygg/jzxtpgg/./202608/t20260805_27077483.htm,2026-09-09 16:18:49,竞争性谈判,24.637579,table,,,,,,,,,,,,
2026-2027年中国疾控中心北区学生宿舍管理服务项目竞争性谈判公告,竞争性谈判公告,0701-264106090814,2026年08月05日 15:47,北京市,中国疾病预防控制中心,北京市昌平区昌百路155号,王老师010-58900135,中技国际招标有限公司,北京市丰台区西营街1号院通用时代中心C座9层,侯雅雯、孙薇010－81168618,"竞争性谈判公告.docx,采购需求.docx","[{""attach_name"": ""竞争性谈判公告.docx"", ""attach_url"": ""https://download.ccgp.gov.cn/oss/download?uuid=B90ECC4A124896126AACABDAAE4D3C""}, {""attach_name"": ""采购需求.docx"", ""attach_url"": ""https://download.ccgp.gov.cn/oss/download?uuid=7EEF87F1C6A3DF71AA00294CCD319A""}]",https://www.ccgp.gov.cn/cggg/zygg/jzxtpgg/./202608/t20260805_27075726.htm,2026-09-09 16:18:49,竞争性谈判,45.0,table,,,,,,,,,,,,
国家卫星气象中心（国家空间天气监测预警中心）风云卫星在首都关键区的定量应用（二次）竞争性谈判公告,竞争性谈判公告,GXCZ-C-26070017,2026年08月05日 15:43,北京市,国家卫星气象中心,北京海淀区中关村南大街46号,韩老师，010-58994548,国信招标集团股份有限公司,北京市海淀区首体南路22号国兴大厦11层,张画冰/王婉婷，010-88354433-231,谈判公告-二次.pdf,"[{""attach_name"": ""谈判公告-二次.pdf"", ""attach_url"": ""https://download.ccgp.gov.cn/oss/download?uuid=8047A00695257595C6FD527DEFD0B5""}]",https://www.ccgp.gov.cn/cggg/zygg/jzxtpgg/./202608/t20260805_27075664.htm,2026-09-09 16:18:49,竞争性谈判,36.9,table,,,,,,,,,,,,
2026年度中国疾病预防控制中心专属通讯平台短信服务项目（二次）竞争性谈判公告,竞争性谈判公告,09-02-04E-2026-D-F-E19455C01,2026年08月05日 15:10,北京市,中国疾病预防控制中心,北京市昌平区昌百路 155 号,王老师，010-58900135,公诚管理咨询有限公司,北京市丰台区开阳路8号京印国际中心A区701-1室,曹月悦、邵倩、梁艳超、高寒、赵振强、王瑞贤；17276714684,,,https://www.ccgp.gov.cn/cggg/zygg/jzxtpgg/./202608/t20260805_27075140.htm,2026-09-09 16:18:50,竞争性谈判,25.0,table,,,,,,,,,,,,
丹东边境管理支队警用装备（电磁网捕器）采购项目竞争性谈判公告,竞争性谈判公告,LNGB2026034,2026年08月05日 14:10,沈河区,丹东边境管理支队,辽宁省丹东市振兴区中心北路1号,张警官，0415-4144699；支队纪检监督电话：0415-4144991转308 ；总站纪检监督电话：024-86501111转7203、7208,辽宁冠标项目管理有限公司,沈阳市沈河区先农坛路30-1号,孔祥楠024-31932999,,,https://www.ccgp.gov.cn/cggg/zygg/jzxtpgg/./202608/t20260805_27074490.htm,2026-09-09 16:18:50,竞争性谈判,35.0,table,,,,,,,,,,,,
中国疾病预防控制中心辐射防护与核安全医学所（中国疾病预防控制中心核事故医学应急中心）中国疾控中心辐射安全所职业病危害因素定期检测与职业卫生档案建设服务采购项目竞争性谈判公告,竞争性谈判公告,FSS-zybwh-0011.2项目编号：FSS-zybwh-001项目编号：,2026年08月05日 08:19,北京市,中国疾病预防控制中心辐射防护与核安全医学所（中国疾病预防控制中心核事故医学应急中心）,北京市西城区德外新康街2号,周老师 010-62389752,详见公告正文,详见公告正文,详见公告正文,中国疾控中心辐射安全所职业病危害因素定期检测与职业卫生档案建设服务采购项目谈判文件.docx,"[{""attach_name"": ""中国疾控中心辐射安全所职业病危害因素定期检测与职业卫生档案建设服务采购项目谈判文件.docx"", ""attach_url"": ""https://download.ccgp.gov.cn/oss/download?uuid=4D35AAD29E46B42146E02B7A8B4C0E""}]",https://www.ccgp.gov.cn/cggg/zygg/jzxtpgg/./202608/t20260805_27072164.htm,2026-09-09 16:18:50,竞争性谈判,20.0,table,,,,,,,,,,,,
中华人民共和国东兴出入境边防检查站机房动环监控系统采购项目竞争性谈判公告,竞争性谈判公告,FCG-DH2026-007,2026年08月04日 22:13,东兴市,中华人民共和国东兴出入境边防检查站,东兴市兴东路402号,郑警官  0770-2230566,广西达华工程造价咨询有限责任公司,广西防城港市北湖街路金石国际财富中心1302房,林桦   0770-2882618,,,https://www.ccgp.gov.cn/cggg/zygg/jzxtpgg/./202608/t20260804_27071514.htm,2026-09-09 16:18:50,竞争性谈判,12.775,table,,,,,,,,,,,,
北京理工大学中关村部分道路翻修、管线更新及周边绿化改造工程竞争性谈判公告,竞争性谈判公告,2026-30802-ZC0109,2026年08月04日 22:04,北京市,北京理工大学,北京市海淀区中关村南大街5号,刘老师；010-68915778,中咨工程管理咨询有限公司,北京市海淀区紫竹院南路20号（国际传播科技文化园）1号楼,陈倍倍、冯斌、韩曦、李栋，010-68909060、68900339,,,https://www.ccgp.gov.cn/cggg/zygg/jzxtpgg/./202608/t20260804_27071505.htm,2026-09-09 16:18:50,竞争性谈判,246.209846,table,,,,,,,,,,,,
达拉特旗消防救援大队阅览室、VR减压室、询问室及资料室建设改造项目竞争性谈判公告,竞争性谈判公告,ZFCG304526083590,2026年08月04日 17:34,达拉特旗,达拉特旗消防救援大队,达拉特旗树林召镇,孙林 15248442898,内蒙古阳光采购服务平台有限责任公司,内蒙古包头市九原区呼得木林大街与荣仕雅路交叉口西北140米 劳动路59号B座4F,赵玉信 18586095939,【20260803修订】竞争性谈判文件.pdf,"[{""attach_name"": ""【20260803修订】竞争性谈判文件.pdf"", ""attach_url"": ""https://download.ccgp.gov.cn/oss/download?uuid=247DDBA7D95F5CD70796A225EFF1E9""}]",https://www.ccgp.gov.cn/cggg/zygg/jzxtpgg/./202608/t20260804_27069470.htm,2026-09-09 16:18:50,竞争性谈判,42.7,table,,,,,,,,,,,,
贵州出入境边防检查总站训练器材道具项目竞争性谈判公告,竞争性谈判公告,TXZB4208-26T07,2026年08月04日 16:23,贵阳市,中华人民共和国贵州出入境边防检查总站,贵阳市南明区汤巴关路88号,联系人：杜警官， 联系方式：0851-88114115-2052,贵州天信招标有限公司,贵阳市南明区花果园中央商务区一号楼二单元42楼4208,联系人： 赖维维、陈一鸣、孙海玥、刘雅君、易应东、曲菲菲 ，联系电话：0851-85824610,贵州出入境边防检查总站训练器材道具项目公告.pdf,"[{""attach_name"": ""贵州出入境边防检查总站训练器材道具项目公告.pdf"", ""attach_url"": ""https://download.ccgp.gov.cn/oss/download?uuid=8B1C017E65AFF0B06EFD75BFE57324""}]",https://www.ccgp.gov.cn/cggg/zygg/jzxtpgg/./202608/t20260804_27067442.htm,2026-09-09 16:18:51,竞争性谈判,19.2,table,,,,,,,,,,,,
苏州市姑苏区消防救援大队关于姑苏大队南环西路站家具设备采购项目的竞争性谈判公告,竞争性谈判公告,SZJX2026-GS-Q-T-0011.项目编号：SZJX2026-GS-Q-T-001号,2026年08月04日 10:15,姑苏区,苏州市姑苏区消防救援大队,苏州市姑苏区平泉路2号,张工18206130683,苏州捷信招投标咨询有限公司,苏州市南园北路118号天和商务大厦6-206,丁亚萍、汪业超0512-65200361,报名表格式.doc,"[{""attach_name"": ""报名表格式.doc"", ""attach_url"": ""https://download.ccgp.gov.cn/oss/download?uuid=B33D3BF514D1E0A8DB7B42FC414DB8""}]",https://www.ccgp.gov.cn/cggg/zygg/jzxtpgg/./202608/t20260804_27063555.htm,2026-09-09 16:18:51,竞争性谈判3.采购方式：竞争性谈判,77.3952,table,,,,,,,,,,,,
国家粮食和物资储备局湖北局七三六处装卸劳务外包项目竞争性谈判公告,竞争性谈判公告,GLC-736-2026-003,2026年08月04日 09:43,宜昌市,国家粮食和物资储备局湖北局七三六处,湖北省当阳市庙前镇桐树垭村烟远路特1号,周玉昊，17354474895,详见公告正文,详见公告正文,详见公告正文,国家粮食和物资储备局湖北局七三六处装卸劳务外包项目竞争性谈判文件.docx,"[{""attach_name"": ""国家粮食和物资储备局湖北局七三六处装卸劳务外包项目竞争性谈判文件.docx"", ""attach_url"": ""https://download.ccgp.gov.cn/oss/download?uuid=674B66057ABBE6F6FA12B9D7F509F9""}]",https://www.ccgp.gov.cn/cggg/zygg/jzxtpgg/./202608/t20260804_27063337.htm,2026-09-09 16:18:51,竞争性谈判,35.0,table,,,,,,,,,,,,
某单位海底光缆及配件竞争性谈判公告,竞争性谈判公告,ZKGSF(ZB)-20261632,2026年08月03日 20:06,青岛市,zycgr20240418,/,/,中科高盛咨询集团有限公司,青岛市市北区舞阳路7号9号楼304室,矫玲玲、纪占采、吴沙沙、司马维祖、殷琳琳、张鑫；0532-85859786；zkgsqd00@163.com,海底光缆及配件.pdf,"[{""attach_name"": ""海底光缆及配件.pdf"", ""attach_url"": ""https://download.ccgp.gov.cn/oss/download?uuid=0A2F9F4F47B36CD5E9CF53C2143E6A""}]",https://www.ccgp.gov.cn/cggg/zygg/jzxtpgg/./202608/t20260803_27062296.htm,2026-09-09 16:18:51,竞争性谈判,128.3,table,,,,,,,,,,,,
凉山彝族自治州消防救援支队四川省凉山州消防救援支队网络安全建设项目竞争性谈判公告,竞争性谈判公告,SCCX2026-083,2026年08月03日 19:26,凉山彝族自治州,凉山彝族自治州消防救援支队,四川省西昌市航天大道一段383号,杨老师0834-2510619,四川畅鑫工程项目管理有限公司,西昌市胜利北路190号附11号,郭老师；0834-2338389,"需求文件1.docx,文件购买登记表.doc","[{""attach_name"": ""需求文件1.docx"", ""attach_url"": ""https://download.ccgp.gov.cn/oss/download?uuid=BC24C34DF753D2466352CAED585C66""}, {""attach_name"": ""文件购买登记表.doc"", ""attach_url"": ""https://download.ccgp.gov.cn/oss/download?uuid=4BC2DF1F27966F103DF9441A6FE047""}]",https://www.ccgp.gov.cn/cggg/zygg/jzxtpgg/./202608/t20260803_27062172.htm,2026-09-09 16:18:51,竞争性谈判,58.1,table,,,,,,,,,,,,
中国信息通信研究院信息资源服务采购-IoT Analytics、Lexis、CB insights数据库采购等竞争性谈判公告,竞争性谈判公告,BMCC-ZC26-1142,2026年08月03日 17:30,北京市,中国信息通信研究院,北京市海淀区花园北路52号,薛磊 010-62302414,北京明德致信咨询有限公司,北京市海淀区学院路30号科大天工大厦B座1709室,"刘亚运,孙恺宁,吕家乐 010－82370045,FC@zbbmcc.com（保证金、发票等咨询）",（发售稿）ZC26-1142信息资源服务采购-IoT？Analytics、Lexis、CB？insights数据库采购等竞争性谈判公告.docx,"[{""attach_name"": ""（发售稿）ZC26-1142信息资源服务采购-IoT？Analytics、Lexis、CB？insights数据库采购等竞争性谈判公告.docx"", ""attach_url"": ""https://download.ccgp.gov.cn/oss/download?uuid=33A6140717A3AC1BFE277D17EFEE0E""}]",https://www.ccgp.gov.cn/cggg/zygg/jzxtpgg/./202608/t20260803_27060828.htm,2026-09-09 16:18:51,竞争性谈判,137.1,table,,,,,,,,,,,,
铜梁区消防救援支队2026高层建筑消防安全守护感知设备建设竞争性谈判公告,竞争性谈判公告,26WA0128,2026年08月03日 17:00,重庆市,铜梁区消防救援支队,重庆市铜梁区南城街道迎宾东路1119号,吴老师  45689115,重庆市政府采购中心,重庆市两江新区五简路2号重庆咨询大厦B座503室,白喆  史庭茜  023-67703509   67561982,2026高层建筑消防安全守护感知设备建设（终审稿）26WA0128.doc,"[{""attach_name"": ""2026高层建筑消防安全守护感知设备建设（终审稿）26WA0128.doc"", ""attach_url"": ""https://download.ccgp.gov.cn/oss/download?uuid=276B3C1000F8F923660F2532FDDD80""}]",https://www.ccgp.gov.cn/cggg/zygg/jzxtpgg/./202608/t20260803_27060144.htm,2026-09-09 16:18:52,竞争性谈判,64.0692,table,,,,,,,,,,,,
文山边境管理支队麻栗坡大队2026年零星工程建设项目（二次）竞争性谈判公告,竞争性谈判公告,云润招字 GC2026-121,2026年08月03日 16:25,云南省,中华人民共和国文山边境管理支队（文山州公安局边境管理支队）,文山市华龙南路16号,陈浩 0876-2845056,云南润达工程项目管理咨询有限公司,昆明市西山区西福路中铁山海春风小区一期3幢101号,杨涛、黄涛、王德琨，0871-65353686,竞争性谈判公告-文山边境管理支队麻栗坡大队2026年零星工程建设项目（二次）.docx,"[{""attach_name"": ""竞争性谈判公告-文山边境管理支队麻栗坡大队2026年零星工程建设项目（二次）.docx"", ""attach_url"": ""https://download.ccgp.gov.cn/oss/download?uuid=4EE4B364ABDF83B83E022BBAADFB33""}]",https://www.ccgp.gov.cn/cggg/zygg/jzxtpgg/./202608/t20260803_27059289.htm,2026-09-09 16:18:52,竞争性谈判,39.530504,table,,,,,,,,,,,,
中华人民共和国郑州出入境边防检查站机房UPS设备购置项目（三次）竞争性谈判公告,竞争性谈判公告,ZZBJZ2026006,2026年08月03日 16:20,郑州市,中华人民共和国郑州出入境边防检查站,河南省郑州市航空港经济综合实验区长鹰路与货运路交叉口郑州边检站,万先生，0371-68510771,河南建威工程管理咨询有限公司,河南省郑州市航空港经济综合实验区长鹰路与货运路交叉口郑州边检站,朱先生，0371-63326826,三次竞争性谈判公告.pdf,"[{""attach_name"": ""三次竞争性谈判公告.pdf"", ""attach_url"": ""https://download.ccgp.gov.cn/oss/download?uuid=97CA284650B9FDEC806EE244160ADB""}]",https://www.ccgp.gov.cn/cggg/zygg/jzxtpgg/./202608/t20260803_27059225.htm,2026-09-09 16:18:52,竞争性谈判,29.424,table,,,,,,,,,,,,
中华人民共和国郑州出入境边防检查站移民服务场地LED显示大屏购置项目（二次）竞争性谈判公告,竞争性谈判公告,ZZBJZ2026005,2026年08月03日 16:20,河南省,中华人民共和国郑州出入境边防检查站,河南省郑州市航空港经济综合实验区长鹰路与货运路交叉口郑州边检站,杨先生  0371-68510501,河南宏业建设管理股份有限公司,郑州市郑东新区寿丰街50号A座28层,韩女士  0371—56505020,LED显示大屏购置项目二次公告_20260803161153.pdf,"[{""attach_name"": ""LED显示大屏购置项目二次公告_20260803161153.pdf"", ""attach_url"": ""https://download.ccgp.gov.cn/oss/download?uuid=7B84CA9A2217C0CF181C489BB62913""}]",https://www.ccgp.gov.cn/cggg/zygg/jzxtpgg/./202608/t20260803_27059227.htm,2026-09-09 16:18:52,竞争性谈判,21.66,table,,,,,,,,,,,,
国家移民管理局瑞丽遣返中心专用网络传输设备采购项目（二次）竞争性谈判公告,竞争性谈判公告,YNLB20260726,2026年08月03日 15:38,瑞丽市,国家移民管理局瑞丽遣返中心,德宏州瑞丽市勐秀乡小街村委会雷寨村民小组,张警官0692-3015054,云南蓝本招标咨询有限公司,云南省昆明市西山区环城南路668号东南亚商场写字楼A座17楼2、3号,李工18213826028、0871-64158494,"采购需求.docx,竞争性谈判公告.pdf","[{""attach_name"": ""采购需求.docx"", ""attach_url"": ""https://download.ccgp.gov.cn/oss/download?uuid=6A7AF5EB8459256C04B576F7C8E522""}, {""attach_name"": ""竞争性谈判公告.pdf"", ""attach_url"": ""https://download.ccgp.gov.cn/oss/download?uuid=DC262B2DFB50F61EB4E66AFD02203B""}]",https://www.ccgp.gov.cn/cggg/zygg/jzxtpgg/./202608/t20260803_27058518.htm,2026-09-09 16:18:52,竞争性谈判,11.5,table,,,,,,,,,,,,
中捷通信有限公司关于金秀瑶族自治县消防救援大队队站办公设施及公寓楼所需家具、电器等设备采购项目竞争性谈判公告,竞争性谈判公告,ZJZB-2026-18935,2026年08月03日 15:10,金秀瑶族自治县,金秀瑶族自治县消防救援大队,来宾市兴宾区翠屏路198号,霍助理 0772-4282786,中捷通信有限公司,广西壮族自治区南宁市青秀区金湖北路52-1号东方曼哈顿13楼1303B室,黄珍珍、梁柳婷、王？    联系电话：19378874136、15177194546、13380098671、0771-3322852,,,https://www.ccgp.gov.cn/cggg/zygg/jzxtpgg/./202608/t20260803_27058060.htm,2026-09-09 16:18:53,竞争性谈判,45.16486,table,,,,,,,,,,,,
中国工程物理研究院动力部2026年污水处理厂污泥处置项目（第二次）竞争性谈判公告,竞争性谈判公告,0747-2661SCCMY206,2026年08月03日 14:36,市辖区,中国工程物理研究院动力部,四川省绵阳绵山路64号,付浩   0816-2493267,中化商务有限公司,北京市丰台区平安幸福中心B座26层/四川省绵阳市绵山路64号华庭酒店301（绵阳项目部地址）,蒋贵思、黄龙伟 0816-2489230,第四章.doc,"[{""attach_name"": ""第四章.doc"", ""attach_url"": ""https://download.ccgp.gov.cn/oss/download?uuid=0B772D47F547F630F9B76C0D85A5B8""}]",https://www.ccgp.gov.cn/cggg/zygg/jzxtpgg/./202608/t20260803_27057700.htm,2026-09-09 16:18:53,竞争性谈判,130.0,table,,,,,,,,,,,,
zycgr22011902原位处理及放大设备采购项目竞争性谈判公告,竞争性谈判公告,0632-2621H03P0927,2026年08月03日 10:52,太原市,zycgr22011902,1,1,山西省国际招标有限公司,山西省太原市晋源区长兴南街8号阳光城环球金融中心B座9层,滕博君、谷华、李馨、刘鹏0351-7882993,供应商基本信息表.docx,"[{""attach_name"": ""供应商基本信息表.docx"", ""attach_url"": ""https://download.ccgp.gov.cn/oss/download?uuid=0D8024CCB96F30239A69D855EA754F""}]",https://www.ccgp.gov.cn/cggg/zygg/jzxtpgg/./202608/t20260803_27056410.htm,2026-09-09 16:18:53,竞争性谈判,90.482,table,,,,,,,,,,,,
中国农业科学院哈尔滨兽医研究所学生食堂屋面防水维修工程竞争性谈判公告,竞争性谈判公告,HTCL-JT-266001项目编号：HTCL-JT-266001,2026年08月02日 14:47,黑龙江省,中国农业科学院哈尔滨兽医研究所,哈尔滨市香坊区哈平路678号,高锐    电话：0451-51051630,黑龙江省招标有限公司,哈尔滨市南岗区汉水路180号,陆超、陈飞  电 话：0451-82375252,,,https://www.ccgp.gov.cn/cggg/zygg/jzxtpgg/./202608/t20260802_27055318.htm,2026-09-09 16:18:53,竞争性谈判采购方式：竞争性谈判,39.209096,table,,,,,,,,,,,,
中国疾病预防控制中心辐射防护与核安全医学所（中国疾病预防控制中心核事故医学应急中心）中国疾控中心辐射安全所固体核径迹自动蚀刻测量装置维修服务采购项目竞争性谈判公告,竞争性谈判公告,FSS-gtjjwx-001项目编号：FSS-gtjjwx-001本授权委托书声明：注册于,2026年08月02日 10:22,北京市,中国疾病预防控制中心辐射防护与核安全医学所（中国疾病预防控制中心核事故医学应急中心）,北京市西城区德外新康街2号,周老师 010-62389752,详见公告正文,详见公告正文,详见公告正文,中国疾控中心辐射安全所固体核径迹自动蚀刻测量装置维修服务采购项目谈判文件.docx,"[{""attach_name"": ""中国疾控中心辐射安全所固体核径迹自动蚀刻测量装置维修服务采购项目谈判文件.docx"", ""attach_url"": ""https://download.ccgp.gov.cn/oss/download?uuid=33A634184506BD43B4586A047D9655""}]",https://www.ccgp.gov.cn/cggg/zygg/jzxtpgg/./202608/t20260802_27055237.htm,2026-09-09 16:18:53,竞争性谈判,54.0,table,,,,,,,,,,,,
中国疾病预防控制中心辐射防护与核安全医学所（中国疾病预防控制中心核事故医学应急中心）中国疾控中心辐射安全所档案室设备采购项目竞争性谈判公告,竞争性谈判公告,FSS-dassb-001项目编号：FSS-dassb-001本授权委托书声明：注册于,2026年08月02日 10:13,北京市,中国疾病预防控制中心辐射防护与核安全医学所（中国疾病预防控制中心核事故医学应急中心）,北京市西城区德外新康街2号,周老师 010-62389752,详见公告正文,详见公告正文,详见公告正文,中国疾控中心辐射安全所档案室设备采购项目谈判文件.doc,"[{""attach_name"": ""中国疾控中心辐射安全所档案室设备采购项目谈判文件.doc"", ""attach_url"": ""https://download.ccgp.gov.cn/oss/download?uuid=CDF60364B2BDD03276E44136826E1E""}]",https://www.ccgp.gov.cn/cggg/zygg/jzxtpgg/./202608/t20260802_27055233.htm,2026-09-09 16:18:53,竞争性谈判,66.6,table,,,,,,,,,,,,
中国工程物理研究院科研保障中心二小、技校操场集中安置点建设竞争性谈判公告,竞争性谈判公告,XHTC-GC-2026-0202,2026年07月31日 18:17,绵阳市,中国工程物理研究院科研保障中心,四川省绵阳市游仙区绵山路64号,余洪   15508065556,新华招标有限公司,地址：北京市海淀区莲花池东路39号西金大厦8层810室 绵阳分处地址：绵阳市涪城区高水中街29号院内,高金梅 18989289701（文件获取咨询）、张晟 18989289713（文件咨询）,附件-.zip,"[{""attach_name"": ""附件-.zip"", ""attach_url"": ""https://download.ccgp.gov.cn/oss/download?uuid=0499CD649D1E0C8C31713A9AB04006""}]",https://www.ccgp.gov.cn/cggg/zygg/jzxtpgg/./202607/t20260731_27051480.htm,2026-09-09 16:18:54,竞争性谈判,313.0,table,,,,,,,,,,,,
中华人民共和国清水河出入境边防检查站文体器材采购项目竞争性谈判公告,竞争性谈判公告,H2026081.项目编号：H202608,2026年07月31日 18:06,双江拉祜族佤族布朗族傣族自治县,中华人民共和国清水河出入境边防检查站,云南省临沧市耿马傣族佤族自治县孟定镇耿孟公路一侧,李警官0883-8826903,云南燕国工程咨询有限公司,临沧市临翔区凤翔街道忙角社区新安路504号一楼商铺,黄伟15198894563,,,https://www.ccgp.gov.cn/cggg/zygg/jzxtpgg/./202607/t20260731_27051311.htm,2026-09-09 16:18:54,竞争性谈判3.采购方式：竞争性谈判,26.3553,table,,,,,,,,,,,,
阿勒泰地区消防救援支队空调设备采购及安装项目(二次）竞争性谈判公告,竞争性谈判公告,XZ2026-CG23,2026年07月31日 17:46,阿勒泰市,阿勒泰地区消防救援支队,阿勒泰市交通路118号,魏先生、13779397345,新疆鑫泽工程咨询有限公司,阿勒泰市东风路翡翠湾商业楼门面4栋2层,冯青华、15909065797,,,https://www.ccgp.gov.cn/cggg/zygg/jzxtpgg/./202607/t20260731_27050906.htm,2026-09-09 16:18:54,竞争性谈判,19.669,table,,,,,,,,,,,,
中国宋庆龄青少年科技文化交流中心宋庆龄和平天使艺术团赴澳门参加第三届国际儿童艺术节往返交通、食宿、活动组织及保障服务项目竞争性谈判公告,竞争性谈判公告,HSZT2026FJ/143,2026年07月31日 17:34,北京市,中国宋庆龄青少年科技文化交流中心,北京市海淀区玉渊潭南路11号,李老师 010-53935571,北京华盛中天咨询有限责任公司,北京市海淀区西直门北大街甲43号金运大厦B座1103室,孙丽丽  张静超  周爽 010-62278948-627/628,"报名登记表-143.xlsx,143-宋庆龄和平天使艺术团赴澳门参加第三届国际儿童艺术节往返交通、食宿、活动组织及保障服务项目竞争性谈判文件-20260731公告版(2).doc","[{""attach_name"": ""报名登记表-143.xlsx"", ""attach_url"": ""https://download.ccgp.gov.cn/oss/download?uuid=678A17BD05949EB9B8A9387218383A""}, {""attach_name"": ""143-宋庆龄和平天使艺术团赴澳门参加第三届国际儿童艺术节往返交通、食宿、活动组织及保障服务项目竞争性谈判文件-20260731公告版(2).doc"", ""attach_url"": ""https://download.ccgp.gov.cn/oss/download?uuid=15F2343383BF4340C93EB476AD4FD9""}]",https://www.ccgp.gov.cn/cggg/zygg/jzxtpgg/./202607/t20260731_27050619.htm,2026-09-09 16:18:54,竞争性谈判,74.365,table,,,,,,,,,,,,
国家计算机网络与信息安全管理中心天津分中心电缆采购项目（项目编号：TGPC-2026-A-0215）竞争性谈判公告,竞争性谈判公告,TGPC-2026-A-0215） 采购项目的潜在供应商应在天津市政府采购中心网,2026年07月31日 17:14,天津市,国家计算机网络与信息安全管理中心,天津市南开区南门外大街386号,蔡老师  022-85685826,天津市政府采购中心,天津市河东区红星路79号二楼（邮编：300161）,王蓉蓉、丁亚天  022-24538301,竞争性谈判文件（TGPC-2026-A-0215）.docx,"[{""attach_name"": ""竞争性谈判文件（TGPC-2026-A-0215）.docx"", ""attach_url"": ""https://download.ccgp.gov.cn/oss/download?uuid=95CF2338C9510DB0E56A5E51D98A18""}]",https://www.ccgp.gov.cn/cggg/zygg/jzxtpgg/./202607/t20260731_27050130.htm,2026-09-09 16:18:55,竞争性谈判,147.224688,table,,,,,,,,,,,,
徐州市消防救援支队消防设施操作员技能考场设施设备采购项目竞争性谈判公告,竞争性谈判公告,JSJTCG(2026)052,2026年07月31日 16:55,泉山区,徐州市消防救援支队,徐州市云龙区维维大道延长段119号,吴先生，0516-83069299,江苏骏通建设项目管理咨询有限公司,徐州市泉山区软件园路同创新座A4号楼（东侧）三楼,"李振  0516-83891178 ,18068721900",,,https://www.ccgp.gov.cn/cggg/zygg/jzxtpgg/./202607/t20260731_27049652.htm,2026-09-09 16:18:55,竞争性谈判,33.62198,table,,,,,,,,,,,,
黄埔海关新增锚地监控摄像头竞争性谈判公告,竞争性谈判公告,1210-2641YDZB10033,2026年07月31日 16:46,广东省,中华人民共和国黄埔海关,广州市黄埔区大沙地东333号,何小姐020-82130279,广东有德招标采购有限公司,广州市天河北路626号保利中宇广场A座25楼,黄小姐020-83627862,,,https://www.ccgp.gov.cn/cggg/zygg/jzxtpgg/./202607/t20260731_27049419.htm,2026-09-09 16:18:55,竞争性谈判,55.5,table,,,,,,,,,,,,
中华人民共和国皇岗出入境边防检查站福田口岸设备间动环监控系统更新改造项目（二次）竞争性谈判公告,竞争性谈判公告,LD2026GP-BJA008,2026年07月31日 16:20,深圳市,中华人民共和国皇岗出入境边防检查站,深圳市罗湖区人民南路1006号,苏警官0755-84498653,深圳龙达招标有限公司,深圳市福田区沙头街道新华社区新洲十一街139号中央西谷大厦1806,张志辉0755-83864290,,,https://www.ccgp.gov.cn/cggg/zygg/jzxtpgg/./202607/t20260731_27048622.htm,2026-09-09 16:18:55,竞争性谈判,13.9618,table,,,,,,,,,,,,
江西省百巨招标咨询有限公司关于中国人民银行江西省分行铁街办公楼空调主机设备（更换压缩机）维修项目（项目编号：JXBJ26121348202）竞争性谈判采购公告,竞争性谈判公告,JXBJ26121348202,2026年07月31日 14:08,江西省,中国人民银行江西省分行,江西省南昌市东湖区滕王阁街道铁街25号,文先生18179105799,江西省百巨招标咨询有限公司,江西省南昌市红谷滩区庐山南大道1999号保利高尔夫花园配套中心3#商业楼店面110-113室,0791-85230668、85230868,,,https://www.ccgp.gov.cn/cggg/zygg/jzxtpgg/./202607/t20260731_27046400.htm,2026-09-09 16:18:55,竞争性谈判,17.82,table,,,,,,,,,,,,
专用算法仿真与实现工作站采购项目竞争性谈判公告,竞争性谈判公告,THTC-HR-SOC2026019,2026年07月31日 12:13,北京市,zycgr22011902,/,李老师 010-57305134,天恒招标有限公司,北京市东城区东四十条甲22号南新仓商务大厦B座922,董哲、曹珊、陈洁、徐梓瑶、刘戈010-53393825、17710393539,采购文件获取登记表.xls,"[{""attach_name"": ""采购文件获取登记表.xls"", ""attach_url"": ""https://download.ccgp.gov.cn/oss/download?uuid=B8A3AFC1A095BA04AFDA3B9A1B837C""}]",https://www.ccgp.gov.cn/cggg/zygg/jzxtpgg/./202607/t20260731_27045870.htm,2026-09-09 16:18:56,竞争性谈判,66.0,table,,,,,,,,,,,,
频谱分析仪采购项目竞争性谈判公告,竞争性谈判公告,THTC-HR-SOC2026018,2026年07月31日 11:55,北京市,zycgr22011902,/,李老师 010-57305134,天恒招标有限公司,北京市东城区东四十条甲22号南新仓商务大厦B座922,刘艳素、王雪梅、陈洁、徐梓瑶、刘戈 010-53347227、17710393237,采购文件获取登记表.xls,"[{""attach_name"": ""采购文件获取登记表.xls"", ""attach_url"": ""https://download.ccgp.gov.cn/oss/download?uuid=F88B85D39FEAE7B7883BA0E639B4D3""}]",https://www.ccgp.gov.cn/cggg/zygg/jzxtpgg/./202607/t20260731_27045675.htm,2026-09-09 16:18:56,竞争性谈判,55.0,table,,,,,,,,,,,,
中华人民共和国磨憨出入境边防检查站应急快反队伍装备项目竞争性谈判公告,竞争性谈判公告,TPZB-BN-2026-047,2026年07月30日 19:16,勐腊县,中华人民共和国磨憨出入境边防检查站,云南省西双版纳州勐腊县雨林大道34号,黄警官、0691-8127604,云南天平工程项目管理有限公司,景洪市曼弄枫曼城C1栋1单元5楼502室,李金妹、黄茜茜、黄艳、罗鸿翔0691-2741622,公告.doc,"[{""attach_name"": ""公告.doc"", ""attach_url"": ""https://download.ccgp.gov.cn/oss/download?uuid=B764C36BA58C933F7272922FCD9E9E""}]",https://www.ccgp.gov.cn/cggg/zygg/jzxtpgg/./202607/t20260730_27042882.htm,2026-09-09 16:18:56,竞争性谈判,14.908,table,,,,,,,,,,,,
张家界市永定区消防救援大队永定区消防救援大队厨师外包服务项目竞争性谈判公告,竞争性谈判公告,YFZB2026-028,2026年07月30日 18:37,永定区,张家界市永定区消防救援大队,张家界市永定区古庸路469号,蒋先生  13574491119,张家界市誉丰招标代理有限公司,张家界市永定区南庄坪路桥公司3楼,李女士 13307441688,采购需求.docx,"[{""attach_name"": ""采购需求.docx"", ""attach_url"": ""https://download.ccgp.gov.cn/oss/download?uuid=DF779FB943AB7720FEF57AFE6E9F77""}]",https://www.ccgp.gov.cn/cggg/zygg/jzxtpgg/./202607/t20260730_27042563.htm,2026-09-09 16:18:56,竞争性谈判,33.240048,table,,,,,,,,,,,,
张家界市永定区消防救援大队永定大队本级训练塔改造项目竞争性谈判公告,竞争性谈判公告,YFZB2026-023,2026年07月30日 18:26,永定区,张家界市永定区消防救援大队,张家界市永定区古庸路469号,蒋先生  13574491119,张家界市誉丰招标代理有限公司,张家界市永定区南庄坪路桥公司3楼,李女士 13307441688,采购需求.docx,"[{""attach_name"": ""采购需求.docx"", ""attach_url"": ""https://download.ccgp.gov.cn/oss/download?uuid=9867B3C3545015BE744567370D7CA2""}]",https://www.ccgp.gov.cn/cggg/zygg/jzxtpgg/./202607/t20260730_27042476.htm,2026-09-09 16:18:57,竞争性谈判,19.424634,table,,,,,,,,,,,,
伊犁边境管理支队业务技术用房家具采购项目竞争性谈判公告,竞争性谈判公告,YLZDCG202636,2026年07月30日 18:03,伊宁市,伊犁边境管理支队,新疆伊宁市斯大林街五巷5号,司警官 0999-8069277,新疆玖信项目管理有限公司,伊宁边境经济合作区北京南路3222号新房大厦18楼,王迎  15739035544,竞争性谈判文件（终）-伊犁边境管理支队业务技术用房家具采购项目.pdf,"[{""attach_name"": ""竞争性谈判文件（终）-伊犁边境管理支队业务技术用房家具采购项目.pdf"", ""attach_url"": ""https://download.ccgp.gov.cn/oss/download?uuid=F6B59C14DCF17B7E0818BADA860F6C""}]",https://www.ccgp.gov.cn/cggg/zygg/jzxtpgg/./202607/t20260730_27042058.htm,2026-09-09 16:18:57,竞争性谈判,105.3653,table,,,,,,,,,,,,
自然资源部第二海洋研究所2026年航次地震空压机及震源技术服务竞争性谈判公告,竞争性谈判公告,0625-26312961,2026年07月30日 17:43,浙江省,自然资源部第二海洋研究所,浙江省杭州市保俶北路36号,于菁   0571-81963027,浙江省国际技术设备招标有限公司,杭州市凤起路334号同方财富大厦14层 邮政编码：310003,杨孟雅  0571-85864987,"2026年航次地震空压机及震源技术服务采购需求.pdf,获取采购文件登记表.doc","[{""attach_name"": ""2026年航次地震空压机及震源技术服务采购需求.pdf"", ""attach_url"": ""https://download.ccgp.gov.cn/oss/download?uuid=48E88994223C051EC1E6816D0FA594""}, {""attach_name"": ""获取采购文件登记表.doc"", ""attach_url"": ""https://download.ccgp.gov.cn/oss/download?uuid=C8650DF06AEED5829E670DDA44AFD6""}]",https://www.ccgp.gov.cn/cggg/zygg/jzxtpgg/./202607/t20260730_27041698.htm,2026-09-09 16:18:57,竞争性谈判,96.0,table,,,,,,,,,,,,
重庆市消防救援总队两江新区支队大竹林龙头寺站外墙改造项目（26WB0087）竞争性谈判公告,竞争性谈判公告,26WB0087,2026年07月30日 16:34,两江新区,重庆市消防救援总队两江新区支队,重庆市两江新区平宁路3号,陈老师  023-63020262,重庆市政府采购中心,重庆市两江新区五简路2号重庆咨询大厦B座502室,袁建文 钟若仪 023-67703281 67120648,"大竹林消防站、龙头寺消防站外墙改造项目.xlsx,2026.7.27竞争性谈判-大竹林龙头寺站外墙改造项目上网版.doc,（已压缩）大竹林消防站、龙头寺消防站外墙改造项目设计图纸(终)+盖章——共14页(1)_1(1).pdf","[{""attach_name"": ""大竹林消防站、龙头寺消防站外墙改造项目.xlsx"", ""attach_url"": ""https://download.ccgp.gov.cn/oss/download?uuid=0818FBC9706F21DF70AF2F35058098""}, {""attach_name"": ""2026.7.27竞争性谈判-大竹林龙头寺站外墙改造项目上网版.doc"", ""attach_url"": ""https://download.ccgp.gov.cn/oss/download?uuid=14D7FFF95666E31633626F8DC6B802""}, {""attach_name"": ""（已压缩）大竹林消防站、龙头寺消防站外墙改造项目设计图纸(终)+盖章——共14页(1)_1(1).pdf"", ""attach_url"": ""https://download.ccgp.gov.cn/oss/download?uuid=C4AA505FF924DD95F25E3A40A4D396""}]",https://www.ccgp.gov.cn/cggg/zygg/jzxtpgg/./202607/t20260730_27039869.htm,2026-09-09 16:18:57,竞争性谈判,79.253931,table,,,,,,,,,,,,
中国地震局工程力学研究所小台实验室环境改造工程竞争性谈判公告,竞争性谈判公告,HTCL-JT-265010,2026年07月30日 16:19,黑龙江省,中国地震局工程力学研究所,黑龙江省哈尔滨市南岗区学府路29号,付正喆 0451-86652612,黑龙江省招标有限公司,黑龙江省哈尔滨市南岗区汉水路180号,苏锐张婧羽 0451-82364797,,,https://www.ccgp.gov.cn/cggg/zygg/jzxtpgg/./202607/t20260730_27039533.htm,2026-09-09 16:18:57,竞争性谈判,26.351185,table,,,,,,,,,,,,
龙湖出入境边防检查站枪弹库建设项目（第二次）竞争性谈判公告,竞争性谈判公告,2026ZB025汕头市海岸工程管理有限公司,2026年07月30日 16:07,汕头市,中华人民共和国龙湖出入境边防检查站,/,0754-88972006,汕头市海岸工程管理有限公司,广东省汕头市龙湖区侨韵路22号（深汕数字科创产业园）14栋603房,陈工0754-86537189/13342707240,【附件】获取文件登记表.docx,"[{""attach_name"": ""【附件】获取文件登记表.docx"", ""attach_url"": ""https://download.ccgp.gov.cn/oss/download?uuid=AE30FE0B7286BF863B71ADEFA52E49""}]",https://www.ccgp.gov.cn/cggg/zygg/jzxtpgg/./202607/t20260730_27039302.htm,2026-09-09 16:18:58,竞争性谈判,29.957,table,,,,,,,,,,,,
兴化市消防救援大队2026年度人身意外伤害保险项目竞争性谈判公告,竞争性谈判公告,XHXF2026-2号,2026年07月30日 15:38,兴化市,兴化市消防救援大队,兴化市五里西路30号,刘先生     15861047565,泰州兴建项目管理有限公司,泰州市兴化市昭阳街道海德国际儒学街15号,李女士      18262589937,,,https://www.ccgp.gov.cn/cggg/zygg/jzxtpgg/./202607/t20260730_27038784.htm,2026-09-09 16:18:58,竞争性谈判,21.7,table,,,,,,,,,,,,
中华人民共和国重庆出入境边防检查总站重庆出入境边防检查总站执勤现场智能验证台改造项目竞争性谈判公告,竞争性谈判公告,JL-GC-2026-0014,2026年07月30日 14:40,重庆市,中华人民共和国重庆出入境边防检查总站,重庆市渝北区航宾大道67号,于警官023-65593409,重庆京琳工程咨询有限公司,重庆市渝北区泰山大道2号贝蒙盘古7栋406,蒋老师023-86851051,7.30挂网谈判 重庆出入境边防检查总站执勤现场智能验证台改造项目(1).doc,"[{""attach_name"": ""7.30挂网谈判 重庆出入境边防检查总站执勤现场智能验证台改造项目(1).doc"", ""attach_url"": ""https://download.ccgp.gov.cn/oss/download?uuid=24E68F94BC29698BB59F7C838C4AC3""}]",https://www.ccgp.gov.cn/cggg/zygg/jzxtpgg/./202607/t20260730_27037894.htm,2026-09-09 16:18:58,竞争性谈判,18.185,table,,,,,,,,,,,,
全国海关信息中心2026年-2027年电子政务外网网络威胁监控分析服务采购项目竞争性谈判公告,竞争性谈判公告,CMEETC-267FR331EE678,2026年07月30日 11:01,北京市,全国海关信息中心,北京市东城区金宝街63号710室,王老师010-87163333,中国机电工程招标有限公司,北京市海淀区车公庄西路乙19号华通大厦B座南塔14层,李晓茹、李鹏飞、刘伟、张博88018616-8065、15931332841,,,https://www.ccgp.gov.cn/cggg/zygg/jzxtpgg/./202607/t20260730_27036390.htm,2026-09-09 16:18:58,竞争性谈判,18.0,table,,,,,,,,,,,,
阿克苏边境管理支队机房改造采购项目竞争性谈判公告,竞争性谈判公告,AKSCG-2026-023-01,2026年07月29日 19:42,阿克苏市,阿克苏边境管理支队,阿克苏市兰干街道兰干社区复兴大道东一巷4号,周警官0997-2192253,新疆泽一项目管理有限公司,新疆阿克苏地区阿克苏市幸福南路6号锦程.玫瑰园小区1#2#楼401商铺,李凤娇，吴富君15886806770，18710303944,,,https://www.ccgp.gov.cn/cggg/zygg/jzxtpgg/./202607/t20260729_27034339.htm,2026-09-09 16:18:58,竞争性谈判,13.0,table,,,,,,,,,,,,
中华人民共和国深圳湾出入境边防检查站宿舍及办公家具采购项目（二次）竞争性谈判公告,竞争性谈判公告,3324-DH2630H4132,2026年07月29日 18:56,深圳市,中华人民共和国深圳湾出入境边防检查站,广东省深圳市罗湖区人民南路1006号,苏警官  0755-84498653,深圳市东海国际招标有限公司,深圳市罗湖区太宁路2号百仕达大厦27B,常女士、覃女士0755-86959378或86959778转8020,,,https://www.ccgp.gov.cn/cggg/zygg/jzxtpgg/./202607/t20260729_27034051.htm,2026-09-09 16:18:59,竞争性谈判,43.104952,table,,,,,,,,,,,,
包头市消防救援支队通信指挥车维修改造项目【第1次重新采购】竞争性谈判公告,竞争性谈判公告,ZFCG304526072990,2026年07月29日 17:40,九原区,包头市消防救援支队,包头市稀土高新区稀土大街51号,徐宁 15049366655,内蒙古阳光采购服务平台有限责任公司,内蒙古呼和浩特市赛罕区阿吉泰路3号,赵玉信18586095939,包头市消防救援支队通信指挥车维修改造项目【第1次重新采购】.pdf,"[{""attach_name"": ""包头市消防救援支队通信指挥车维修改造项目【第1次重新采购】.pdf"", ""attach_url"": ""https://download.ccgp.gov.cn/oss/download?uuid=5151E1770D4B980097D55187A1471C""}]",https://www.ccgp.gov.cn/cggg/zygg/jzxtpgg/./202607/t20260729_27032933.htm,2026-09-09 16:18:59,竞争性谈判,29.5,table,,,,,,,,,,,,
中华人民共和国昆明出入境边防检查站执法执勤装备采购项目竞争性谈判公告,竞争性谈判公告,云鑫招字2026-2-082,2026年07月29日 17:07,昆明市,中华人民共和国昆明出入境边防检查站,云南省昆明市官渡区长水国际机场西一路,吴老师,云南鑫德招标咨询有限公司,昆明市五华区科普路503号固地尚诚B座9楼,罗建萍、李才华、李明宇、官华 13888393092,,,https://www.ccgp.gov.cn/cggg/zygg/jzxtpgg/./202607/t20260729_27032036.htm,2026-09-09 16:18:59,竞争性谈判,10.704,table,,,,,,,,,,,,
中华人民共和国昆明出入境边防检查站出境现场工作人员通道采购项目（二次）竞争性谈判公告,竞争性谈判公告,ZYZB-2026-107,2026年07月29日 17:07,昆明市,中华人民共和国昆明出入境边防检查站,昆明市官渡区长水国际机场长港中路西一路昆明出入境边防检查站,吴警官0871-67094111,云南智扬工程项目管理有限公司,云南省昆明市盘龙区白云路168号瑞鼎城A座第11层1118号,羊振、张洋铭、普清秀0871-63856268,,,https://www.ccgp.gov.cn/cggg/zygg/jzxtpgg/./202607/t20260729_27032037.htm,2026-09-09 16:18:59,竞争性谈判,23.96,table,,,,,,,,,,,,
成都消防救援机动支队地震地质灾害救援训练耗材采购项目竞争性谈判采购公告,竞争性谈判公告,SCIT-FT,2026年07月29日 17:05,四川省,四川消防救援机动总队,成都市高新区府城大道东段9号,联系人：宫老师  联系电话：028-65002316,四川国际招标有限责任公司,中国（四川）自由贸易试验区成都市高新区天府四街66号2栋22层1号,联系人：王女士、贺女士 联系电话：18583959483、13111881702,采购文件.docx,"[{""attach_name"": ""采购文件.docx"", ""attach_url"": ""https://download.ccgp.gov.cn/oss/download?uuid=0D1E22FF927ACD4BEA7D04E308BFB9""}]",https://www.ccgp.gov.cn/cggg/zygg/jzxtpgg/./202607/t20260729_27031986.htm,2026-09-09 16:19:00,竞争性谈判,72.0455,table,,,,,,,,,,,,
中国大熊猫保护研究中心红外相机采购项目竞争性谈判公告,竞争性谈判公告,CCRCGPCG2026029,2026年07月29日 14:39,成华区,中国大熊猫保护研究中心,成都市成华区熊猫大道1375号,连老师 028-61427019,四川中采宏泰工程项目管理有限公司,成都市武侯区新光路1号5栋16层1601号,樊老师  028-86159973,采购需求0729.docx,"[{""attach_name"": ""采购需求0729.docx"", ""attach_url"": ""https://download.ccgp.gov.cn/oss/download?uuid=A807A6CE7A76F441F43B275259801E""}]",https://www.ccgp.gov.cn/cggg/zygg/jzxtpgg/./202607/t20260729_27029106.htm,2026-09-09 16:19:00,竞争性谈判,40.0,table,,,,,,,,,,,,
氮化铝衬板竞争性谈判公告,竞争性谈判公告,ZGGJ-BJ04-26061437/SiC2026016,2026年07月29日 13:35,北京市,zycgr22011902,/,李老师 010-57305134,中工国际招标有限公司,北京市朝阳区慧忠路5号远大中心C座2层203,王宇婷、王欣、康进、张跃   010-82952950-814,,,https://www.ccgp.gov.cn/cggg/zygg/jzxtpgg/./202607/t20260729_27028697.htm,2026-09-09 16:19:00,竞争性谈判,95.0,table,,,,,,,,,,,,
国家体育总局冬季运动管理中心便携式速度爆发力抗阻训练器采购的竞争性谈判公告,竞争性谈判公告,,2026年07月29日 10:06,北京市,国家体育总局体育冬季运动管理中心,北京市海淀区中关村南大街56号,010-88318733,国家体育总局体育器材装备中心,北京市东城区体育馆路3号,010-87182666,,,https://www.ccgp.gov.cn/cggg/zygg/jzxtpgg/./202607/t20260729_27027045.htm,2026-09-09 16:19:00,竞争性谈判,35.0,table,,,,,,,,,,,,
德宏边境管理支队户育、姐那边境派出所办案区建设项目竞争性谈判公告,竞争性谈判公告,DHZH2026-059,2026年07月28日 19:41,德宏傣族景颇族自治州,德宏边境管理支队（德宏州公安局边境管理支队）,云南省德宏芒市阔时路26号,罗警官  0692-2975102,德宏众恒工程管理有限公司,德宏州芒市勐焕街道锦华社区胞波路46号4楼,周岩团所  0692-2270999,"竞争性谈判公告.docx,报名登记表（格式）.docx","[{""attach_name"": ""竞争性谈判公告.docx"", ""attach_url"": ""https://download.ccgp.gov.cn/oss/download?uuid=DF71C2EB1630A0A8D7562827208B80""}, {""attach_name"": ""报名登记表（格式）.docx"", ""attach_url"": ""https://download.ccgp.gov.cn/oss/download?uuid=E7AB0C2F788751259863396FE6C1E8""}]",https://www.ccgp.gov.cn/cggg/zygg/jzxtpgg/./202607/t20260728_27025474.htm,2026-09-09 16:19:00,竞争性谈判,194.9922,table,,,,,,,,,,,,
中华人民共和国畹町出入境边防检查站标准化床品采购项目（二次）竞争性谈判公告,竞争性谈判公告,WDCRJBFJCZ2026015,2026年07月28日 18:31,德宏傣族景颇族自治州,中华人民共和国畹町出入境边防检查站,云南省德宏州瑞丽市畹町经济开发区国防街3号,杨警官0692-5150086,云南立友工程咨询有限公司,云南省德宏州芒市榕树北路5号,叶杨、张辉13578266575、19987295581,2026-108 谈判公告（二次）.docx,"[{""attach_name"": ""2026-108 谈判公告（二次）.docx"", ""attach_url"": ""https://download.ccgp.gov.cn/oss/download?uuid=7334CE6EB59CE7D8CDFC2F5157B1BB""}]",https://www.ccgp.gov.cn/cggg/zygg/jzxtpgg/./202607/t20260728_27024913.htm,2026-09-09 16:19:01,竞争性谈判,24.75,table,,,,,,,,,,,,
防城港边境管理支队智能武器室改造项目（重）竞争性谈判公告,竞争性谈判公告,FC2026-1013-J1-GXHC-1,2026年07月28日 17:33,市辖区,防城港边境管理支队,防城港市防城区山海大道28号,吴警官、刘警官，0770-3251501（转36702）,广西汉昌工程咨询有限公司,南宁市青秀区仙葫大道西16号鼎丰国际美食广场A栋11楼HC区域？,黄健、唐华林，0770-3255155或0771-5718293,,,https://www.ccgp.gov.cn/cggg/zygg/jzxtpgg/./202607/t20260728_27023722.htm,2026-09-09 16:19:01,竞争性谈判,28.7,table,,,,,,,,,,,,
中山大学中山眼科中心实验动物饲料垫料采购及配送服务项目（实验动物中心）（0809-26411GJT303015201）竞争性谈判公告,竞争性谈判公告,0809-26411GJT303015201,2026年07月28日 17:22,广州市,中山大学中山眼科中心,广州市天河区金穗路7号,020-66322140,广东华伦招标有限公司,广州市广仁路1号广仁大厦7楼,黄金韵、杨立敏、常逸明、陈昊俊、郑名洪、黄茜怡、吴思瑜、罗坚；020-83172166-864（834/867/863）；联系邮箱：hlzb03@163.com,,,https://www.ccgp.gov.cn/cggg/zygg/jzxtpgg/./202607/t20260728_27023461.htm,2026-09-09 16:19:01,竞争性谈判,170.0,table,,,,,,,,,,,,
江西合胜合招标咨询有限公司关于南昌市西湖区消防救援大队2026年物业管理服务采购项目（项目编号：HSH2026ZJ009）第四次竞争性谈判公告,竞争性谈判公告,HSH2026ZJ009,2026年07月28日 16:44,南昌市,南昌市西湖区消防救援大队,江西省南昌市西湖区云天路520号文广大楼,郭女士 13979144133,江西合胜合招标咨询有限公司,江西省南昌市红谷滩区红谷北大道968号绿地外滩公馆写字楼19栋406室,姜梅、聂亮、范丹萍 0791-83978376,技术要求.docx,"[{""attach_name"": ""技术要求.docx"", ""attach_url"": ""https://download.ccgp.gov.cn/oss/download?uuid=660488E582D4B2371AE3AF6E4BC327""}]",https://www.ccgp.gov.cn/cggg/zygg/jzxtpgg/./202607/t20260728_27022316.htm,2026-09-09 16:19:01,竞争性谈判,164.061288,table,,,,,,,,,,,,
信用报告自助查询机更换（二次）采购公告,采购公告,GZXYG-2026--T-36122.项目编号：GZXYG-2026--T-3612,2026年07月28日 15:10,贵州省,中国人民银行贵州省分行,贵州省贵阳市云岩区宝山北路2号,赵老师、黄雨老师0851-85650883,贵州新阳光项目管理有限公司,0851-86790171（前台）、0851-84398719、13765040645,梁秋霞、康宇昊迪、李圣倩,,,https://www.ccgp.gov.cn/cggg/zygg/jzxtpgg/./202607/t20260728_27020278.htm,2026-09-09 16:19:01,竞争性谈判3.采购方式：竞争性谈判（谈判比价）,80.0,table,,,,,,,,,,,,
张家界市消防救援支队智慧消防云平台服务项目(第三次）竞争性谈判公告,竞争性谈判公告,JFZB2026-017,2026年07月28日 11:39,张家界市,张家界市消防救援支队,张家界市永定区南武路81号,向先生  17774475009,张家界金府招投标代理有限公司,张家界市永定区站前路1号（张家界第一建筑设计有限公司综合服务中心五楼）,李先生  0744-8543308/18627442898,竞争性谈判邀请公告.doc,"[{""attach_name"": ""竞争性谈判邀请公告.doc"", ""attach_url"": ""https://download.ccgp.gov.cn/oss/download?uuid=A9526D789A66FFB166E60B5E60E571""}]",https://www.ccgp.gov.cn/cggg/zygg/jzxtpgg/./202607/t20260728_27018766.htm,2026-09-09 16:19:02,竞争性谈判,10.36,table,,,,,,,,,,,,
中国疾病预防控制中心辐射防护与核安全医学所（中国疾病预防控制中心核事故医学应急中心）中国疾控中心辐射安全所全自动消解仪采购项目竞争性谈判公告,竞争性谈判公告,FSS-qzdxjy-001项目编号：FSS-qzdxjy-001本授权委托书声明：注册于,2026年07月28日 09:03,北京市,中国疾病预防控制中心辐射防护与核安全医学所（中国疾病预防控制中心核事故医学应急中心）,北京市西城区德外新康街2号,周老师 010-62389752,详见公告正文,详见公告正文,详见公告正文,中国疾控中心辐射安全所全自动消解仪采购项目谈判文件.docx,"[{""attach_name"": ""中国疾控中心辐射安全所全自动消解仪采购项目谈判文件.docx"", ""attach_url"": ""https://download.ccgp.gov.cn/oss/download?uuid=61BEA98CA4768ED0A37EEAA7AF6C17""}]",https://www.ccgp.gov.cn/cggg/zygg/jzxtpgg/./202607/t20260728_27017596.htm,2026-09-09 16:19:02,竞争性谈判,19.2,table,,,,,,,,,,,,
中国疾病预防控制中心辐射防护与核安全医学所（中国疾病预防控制中心核事故医学应急中心）中国疾控中心辐射安全所开荒服务采购项目竞争性谈判公告,竞争性谈判公告,项目编号：FSS-khfw-001本授权委托书声明：注册于,2026年07月27日 20:20,北京市,中国疾病预防控制中心辐射防护与核安全医学所（中国疾病预防控制中心核事故医学应急中心）,北京市西城区德外新康街2号,周老师 010-62389752,详见公告正文,详见公告正文,详见公告正文,中国疾控中心辐射安全所开荒服务采购项目谈判文件.doc,"[{""attach_name"": ""中国疾控中心辐射安全所开荒服务采购项目谈判文件.doc"", ""attach_url"": ""https://download.ccgp.gov.cn/oss/download?uuid=50816184C7884C49AB11EA359CC6BA""}]",https://www.ccgp.gov.cn/cggg/zygg/jzxtpgg/./202607/t20260727_27016673.htm,2026-09-09 16:19:02,竞争性谈判,31.14,table,,,,,,,,,,,,
中华人民共和国红山嘴出入境边防检查站发电机及配套设施安装采购项目竞争性谈判公告,竞争性谈判公告,ZFCG-JTSZZB2026-76,2026年07月27日 19:57,阿勒泰市,中华人民共和国红山嘴出入境边防检查站,新疆阿勒泰市迎宾路276号,陈警官0906-7602111,新疆金泰首致项目管理咨询有限公司,阿勒泰市佰颂广场雲汐酒店6楼,冯成成18509944088,竞争性谈判公告.pdf,"[{""attach_name"": ""竞争性谈判公告.pdf"", ""attach_url"": ""https://download.ccgp.gov.cn/oss/download?uuid=C533A581B4BEDA907B13623EC4A219""}]",https://www.ccgp.gov.cn/cggg/zygg/jzxtpgg/./202607/t20260727_27016536.htm,2026-09-09 16:19:02,竞争性谈判,19.7,table,,,,,,,,,,,,
四川省攀枝花市消防救援支队“两智一图”系统运维服务项目（第二次）竞争性谈判公告,竞争性谈判公告,SCJC-ZG(P)-202607002L1,2026年07月27日 17:24,攀枝花市,攀枝花市消防救援支队,攀枝花市东区攀枝花大道东段809号,文老师  0812-3356457,四川锦创全过程工程项目管理有限公司,攀枝花市东区奥林匹克北路8号D座3楼（攀枝花现代服务业产业园）C 区 20.22.24.26 号,刘女士  15196517658  0812-5556733,采购需求.docx,"[{""attach_name"": ""采购需求.docx"", ""attach_url"": ""https://download.ccgp.gov.cn/oss/download?uuid=5061E289084E421F252E90DBBA01A9""}]",https://www.ccgp.gov.cn/cggg/zygg/jzxtpgg/./202607/t20260727_27014771.htm,2026-09-09 16:19:02,竞争性谈判,16.0,table,,,,,,,,,,,,
自然资源部第二海洋研究所船舶柴油机底座隔振器项目竞争性谈判公告,竞争性谈判公告,CTZB-2026060319,2026年07月27日 17:22,浙江省,自然资源部第二海洋研究所,杭州市保俶北路36号,于菁，0571-81963027,浙江省成套招标代理有限公司,杭州市文晖路42号现代置业大厦西楼18层1802室,邱能晖，0571-85830113,"采购需求--自然资源部第二海洋研究所船舶柴油机底座隔振器项目.pdf,附件--获取采购文件登记表（2）.xls","[{""attach_name"": ""采购需求--自然资源部第二海洋研究所船舶柴油机底座隔振器项目.pdf"", ""attach_url"": ""https://download.ccgp.gov.cn/oss/download?uuid=742A7F2A963D4D10D50EE980695AF2""}, {""attach_name"": ""附件--获取采购文件登记表（2）.xls"", ""attach_url"": ""https://download.ccgp.gov.cn/oss/download?uuid=45C8596D1602AD5D363B960D3A3AE0""}]",https://www.ccgp.gov.cn/cggg/zygg/jzxtpgg/./202607/t20260727_27014736.htm,2026-09-09 16:19:03,竞争性谈判,38.146,table,,,,,,,,,,,,
自然资源部第二海洋研究所海上地震调查设备使用维护维修技术服务竞争性谈判公告,竞争性谈判公告,0625-26312737,2026年07月27日 16:14,浙江省,自然资源部第二海洋研究所,浙江省杭州市保俶北路36号,于菁   0571-81963027,浙江省国际技术设备招标有限公司,杭州市凤起路334号同方财富大厦14层 邮政编码：310003,杨孟雅  0571-85864987,"海上地震调查设备使用维护维修技术服务采购需求.pdf,获取采购文件登记表.doc","[{""attach_name"": ""海上地震调查设备使用维护维修技术服务采购需求.pdf"", ""attach_url"": ""https://download.ccgp.gov.cn/oss/download?uuid=7E526ECEB89768C469B90F5B0BCFC0""}, {""attach_name"": ""获取采购文件登记表.doc"", ""attach_url"": ""https://download.ccgp.gov.cn/oss/download?uuid=F608A13F08DD922B411997793732DA""}]",https://www.ccgp.gov.cn/cggg/zygg/jzxtpgg/./202607/t20260727_27013211.htm,2026-09-09 16:19:03,竞争性谈判,99.0,table,,,,,,,,,,,,
盘锦市气象局专业气象服务数据及网络安全保障服务项目竞争性谈判公告（二次公告）,竞争性谈判公告,BZXHPJ-20260720,2026年07月27日 15:33,市辖区,盘锦市气象局,盘锦市兴隆台区石油大街143号,雷居翰、14704274724,博智兴华工程顾问有限公司,盘锦市大洼区田家街道璧城康桥K区S1#1-4室,张工、13842722731,,,https://www.ccgp.gov.cn/cggg/zygg/jzxtpgg/./202607/t20260727_27012399.htm,2026-09-09 16:19:03,竞争性谈判,27.52,table,,,,,,,,,,,,
台前县消防救援大队兴工路消防站室内综合训练馆体育器材及音响设备等采购项目竞争性谈判公告,竞争性谈判公告,HFZX-CG[2026]005,2026年07月27日 15:22,台前县,台前县消防救援大队,濮阳市台前县长庆路与兴工路交叉口南100米,高立：15236181126,河南恒发工程技术咨询有限公司,濮阳市开州路绿洲风景小区4号楼1单元5楼东户,秦小楠：18530321114,,,https://www.ccgp.gov.cn/cggg/zygg/jzxtpgg/./202607/t20260727_27012233.htm,2026-09-09 16:19:03,竞争性谈判,24.9943,table,,,,,,,,,,,,
2026年度张家界市消防救援支队保洁及洗碗工劳务外包采购项目竞争性谈判公告,竞争性谈判公告,ZKGSF(ZB)-20261451,2026年07月27日 15:21,市辖区,张家界市消防救援支队,张家界市永定区南庄坪街道,向先生、17774475009,中科高盛咨询集团有限公司,张家界市永定区崇文办事处南正社区（东方曼哈顿）1-2307（本项目联系地址）,吴先生、07448351777,"2026年度张家界市消防救援支队保洁及洗碗工劳务外包采购项目.doc,湖南省政府采购供应商资格承诺函.doc,中小企业声明函.doc","[{""attach_name"": ""2026年度张家界市消防救援支队保洁及洗碗工劳务外包采购项目.doc"", ""attach_url"": ""https://download.ccgp.gov.cn/oss/download?uuid=F2CAEDF70B409D7752125A91A9945B""}, {""attach_name"": ""湖南省政府采购供应商资格承诺函.doc"", ""attach_url"": ""https://download.ccgp.gov.cn/oss/download?uuid=74D59EE238EED2F3B474C9DA3EE206""}, {""attach_name"": ""中小企业声明函.doc"", ""attach_url"": ""https://download.ccgp.gov.cn/oss/download?uuid=3B3BB4D0ED726C3288EFC5A8F79C6A""}]",https://www.ccgp.gov.cn/cggg/zygg/jzxtpgg/./202607/t20260727_27012217.htm,2026-09-09 16:19:03,竞争性谈判,26.356699,table,,,,,,,,,,,,
阿勒泰地区消防救援支队空调设备采购及安装项目竞争性谈判公告,竞争性谈判公告,XZ2026-CG23,2026年07月25日 13:41,阿勒泰市,阿勒泰地区消防救援支队,阿勒泰市交通路118号,魏先生、13779397345,新疆鑫泽工程咨询有限公司,阿勒泰市东风路翡翠湾商业楼门面4栋2层,冯青华、15909065797,,,https://www.ccgp.gov.cn/cggg/zygg/jzxtpgg/./202607/t20260725_27007744.htm,2026-09-09 16:19:04,竞争性谈判,19.669,table,,,,,,,,,,,,
伊犁边境管理支队基层单位专用设备采购项目竞争性谈判公告,竞争性谈判公告,YLZDCG202631,2026年07月24日 22:12,新疆维吾尔自治区,伊犁边境管理支队,伊宁市斯大林街五巷5号,司警官  0999-8069277,新疆鼎招工程项目管理有限公司,伊宁市解放路1巷105号美景华庭1号楼二楼,鞠工   18194946080   0999-8806662,"竞争性谈判文件（项目名称：伊犁边境管理支队基层单位专用设备采购项目）.pdf,竞争性谈判文件格式（项目名称：伊犁边境管理支队基层单位专用设备采购项目）.docx","[{""attach_name"": ""竞争性谈判文件（项目名称：伊犁边境管理支队基层单位专用设备采购项目）.pdf"", ""attach_url"": ""https://download.ccgp.gov.cn/oss/download?uuid=D4D647C17A273D4A7286612CD0C5CF""}, {""attach_name"": ""竞争性谈判文件格式（项目名称：伊犁边境管理支队基层单位专用设备采购项目）.docx"", ""attach_url"": ""https://download.ccgp.gov.cn/oss/download?uuid=2F7FD1180B94D0EFF7C5069508A5B0""}]",https://www.ccgp.gov.cn/cggg/zygg/jzxtpgg/./202607/t20260724_27006674.htm,2026-09-09 16:19:04,竞争性谈判,60.0,table,,,,,,,,,,,,
中华人民共和国霍尔果斯出入境边防检查站专用检测设备采购项目竞争性谈判公告,竞争性谈判公告,XJJXZB-2026-076,2026年07月24日 20:29,霍尔果斯市,中华人民共和国霍尔果斯出入境边防检查站,新疆维吾尔自治区伊犁哈萨克自治州霍尔果斯市亚欧南路1号,刘琦0999-6466666,新疆玖信项目管理有限公司,伊宁边境经济合作区北京南路3222号新房大厦18楼,王迎  15739035544,7.24竞争性谈判文件-中华人民共和国霍尔果斯出入境边防检查站专用检测设备采购项目.pdf,"[{""attach_name"": ""7.24竞争性谈判文件-中华人民共和国霍尔果斯出入境边防检查站专用检测设备采购项目.pdf"", ""attach_url"": ""https://download.ccgp.gov.cn/oss/download?uuid=EA91FC8D51DB2C4B32A5B72BB92C3F""}]",https://www.ccgp.gov.cn/cggg/zygg/jzxtpgg/./202607/t20260724_27006468.htm,2026-09-09 16:19:04,竞争性谈判,95.0,table,,,,,,,,,,,,
株洲市消防救援支队2026年真烟真火适应性轮训物资采购竞争性谈判公告,竞争性谈判公告,HNZT-2026ZF225,2026年07月24日 16:27,湖南省,株洲市消防救援支队,株洲市芦淞区枫溪大道519号,谢先生  0731-28492883,湖南中投项目管理有限公司,长沙市雨花区万家丽中路469号华雅国际财富中心9楼904室,王莎莎、谭运耀、吴颖、盛娟、王依     0731-82255989,"采购需求.doc,株洲市消防救援支队2026年真烟真火适应性轮训物资采购竞争性谈判公告.doc","[{""attach_name"": ""采购需求.doc"", ""attach_url"": ""https://download.ccgp.gov.cn/oss/download?uuid=7C4C59D65F570209F01F1C3469550B""}, {""attach_name"": ""株洲市消防救援支队2026年真烟真火适应性轮训物资采购竞争性谈判公告.doc"", ""attach_url"": ""https://download.ccgp.gov.cn/oss/download?uuid=10B16859A0C76AC2C152AAC38FF901""}]",https://www.ccgp.gov.cn/cggg/zygg/jzxtpgg/./202607/t20260724_27002740.htm,2026-09-09 16:19:04,竞争性谈判,34.127,table,,,,,,,,,,,,
厦门万翔-竞争性谈判-XM2026-TZ0331C1研究生综合楼（南楼）分体空调采购采购公告,竞争性谈判公告,XM2026-TZ0331C1,2026年07月24日 16:21,福建省,厦门国家会计学院,厦门市思明区环岛南路4001号,/,厦门万翔招标有限公司,厦门市湖里区机场北路476号,黄超群，0592-2298125,,,https://www.ccgp.gov.cn/cggg/zygg/jzxtpgg/./202607/t20260724_27002616.htm,2026-09-09 16:19:04,竞争性谈判,18.72,table,,,,,,,,,,,,
2026-2027年中国疾控中心北区学生宿舍管理服务项目竞争性谈判公告,竞争性谈判公告,0701-264106090814,2026年07月24日 14:48,北京市,中国疾病预防控制中心,北京市昌平区昌百路155号,王老师010-58900135,中技国际招标有限公司,北京市丰台区西营街1号院通用时代中心C座9层,侯雅雯、孙薇010－81168618,"竞争性谈判公告.docx,采购需求.docx","[{""attach_name"": ""竞争性谈判公告.docx"", ""attach_url"": ""https://download.ccgp.gov.cn/oss/download?uuid=EE00F68CD370F4C33DA483981B7DFC""}, {""attach_name"": ""采购需求.docx"", ""attach_url"": ""https://download.ccgp.gov.cn/oss/download?uuid=D5F7AD51401E79986876144A8F7DB1""}]",https://www.ccgp.gov.cn/cggg/zygg/jzxtpgg/./202607/t20260724_27000689.htm,2026-09-09 16:19:05,竞争性谈判,45.0,table,,,,,,,,,,,,
中国地震局工程力学研究所组网平台运行维护及技术支撑服务竞争性谈判公告,竞争性谈判公告,LFJFZC-2026-032,2026年07月24日 14:48,三河市,中国地震局工程力学研究所,河北省三河市燕郊开发区潮白大街1号,高生15931606121,廊坊建丰工程项目管理有限公司,河北省廊坊市三河市区兴安路南和平街路东,代顺利15132637598,,,https://www.ccgp.gov.cn/cggg/zygg/jzxtpgg/./202607/t20260724_27000699.htm,2026-09-09 16:19:05,竞争性谈判,60.0,table,,,,,,,,,,,,
福州海关综合楼窗帘采购项目竞争性谈判公告,竞争性谈判公告,福顺恒[2026]政招字第A-141-1号2、请供应商在转账或电汇的凭证上务必按照以下格式注明，以便核对：“公司名称：***,2026年07月24日 14:35,福州市,中华人民共和国福州海关,福州市马尾区江滨东大道76号,谢工、陈工0591-87081991、0591-87081954,福建顺恒工程项目管理有限公司,福州市鼓楼区西洪路363号4、5楼（福州市孟超肝胆医院正对面4、5楼）,胡文秀、刘韦华、吕兵18060513824,,,https://www.ccgp.gov.cn/cggg/zygg/jzxtpgg/./202607/t20260724_27000542.htm,2026-09-09 16:19:05,竞争性谈判,74.989,table,,,,,,,,,,,,
阿勒泰边境管理支队网络租赁服务项目竞争性谈判公告,竞争性谈判公告,ZFCG-JTSZZB2026-71,2026年07月23日 20:22,阿勒泰市,阿勒泰边境管理支队,阿勒泰市交通路40号,王警官0906-2130276,新疆金泰首致项目管理咨询有限公司,阿勒泰市佰颂广场雲汐酒店6楼,冯成成18509944088,竞争性谈判文件--阿勒泰边境管理支队网络租赁服务项目.pdf,"[{""attach_name"": ""竞争性谈判文件--阿勒泰边境管理支队网络租赁服务项目.pdf"", ""attach_url"": ""https://download.ccgp.gov.cn/oss/download?uuid=95B5DCD7D04DCFD5B5405ED2F97F3D""}]",https://www.ccgp.gov.cn/cggg/zygg/jzxtpgg/./202607/t20260723_26996822.htm,2026-09-09 16:19:05,竞争性谈判,37.8,table,,,,,,,,,,,,
中华人民共和国云南出入境边防检查总站河西边境检查站智能查验系统建设采购项目（三次）竞争性谈判公告,竞争性谈判公告,YNZZ20260401,2026年07月23日 18:05,云南省,云南出入境边防检查总站,云南省昆明市西山区滇池路966号,陈警官  0871-64025378,云南自厚建设项目管理有限公司,云南省昆明市西山区西福路87号,冯连、董洪斌、陆红梅、王小强、李芳0871-68233395、0871-65518886,,,https://www.ccgp.gov.cn/cggg/zygg/jzxtpgg/./202607/t20260723_26995741.htm,2026-09-09 16:19:06,竞争性谈判,125.3973,table,,,,,,,,,,,,
中华人民共和国腾冲出入境边防检查站办证室设施设备采购项目竞争性谈判公告,竞争性谈判公告,TCJYZB2026-CJ59,2026年07月23日 17:27,腾冲市,中华人民共和国腾冲出入境边防检查站,云南省保山市腾冲市腾越镇观音塘社区红星小区189号,李先生 0875-5131115,腾冲市锦业工程招标有限责任公司,云南省腾冲市腾越街道满邑社区上村小区214号,陈先生 0875—5162066,,,https://www.ccgp.gov.cn/cggg/zygg/jzxtpgg/./202607/t20260723_26994937.htm,2026-09-09 16:19:06,竞争性谈判,28.36,table,,,,,,,,,,,,
中华人民共和国中华人民共和国畹町出入境边防检查站2026年度发电机采购项目（二次）竞争性谈判公告,竞争性谈判公告,WDCRJBFJCZ2026012/YDCTH20260975,2026年07月23日 16:38,瑞丽市,中华人民共和国畹町出入境边防检查站,云南省德宏州瑞丽市畹町经济开发区国防街3号,杨警官（0692）5150086,云南元大工程咨询有限责任公司,云南省昆明市盘龙区联盟路与万宏路交叉处万宏嘉园沣苑（地块三）B座15层（奥斯迪商务中心B座15楼）,段广超、陶泽强、毛冬慧、赵熙、胡仕骏、蔡慈进、曾桂华、赵德武、曹魁、王祥远、张琼、庄艳兰、夏晔、王琼焕、环艳娟、闫梅（0871）63335856,(YDCTH20260975)谈判公告 二次.doc,"[{""attach_name"": ""(YDCTH20260975)谈判公告 二次.doc"", ""attach_url"": ""https://download.ccgp.gov.cn/oss/download?uuid=4349F0F3CDB0259EEF3CB160F48B12""}]",https://www.ccgp.gov.cn/cggg/zygg/jzxtpgg/./202607/t20260723_26993684.htm,2026-09-09 16:19:06,竞争性谈判,24.99,table,,,,,,,,,,,,
警察大学2026年被装项目III竞争性谈判公告,竞争性谈判公告,,2026年07月23日 16:25,安次区,中国人民警察大学,河北省廊坊市安次区西昌路220号,张老师 0316-2068440,公安部警用装备采购中心,上海市闵行区三达路299号,联系代表021-33292999,"附件1、警察大学2026年被装项目III竞争性谈判文件-202607231532075533.docx,附件2、执行标准-202607231543422133.zip","[{""attach_name"": ""附件1、警察大学2026年被装项目III竞争性谈判文件-202607231532075533.docx"", ""attach_url"": ""https://download.ccgp.gov.cn/oss/download?uuid=f29d7aea-9544-43af-8df4-4cdde1""}, {""attach_name"": ""附件2、执行标准-202607231543422133.zip"", ""attach_url"": ""https://download.ccgp.gov.cn/oss/download?uuid=8110b9f9-4076-40de-a940-c59f5e""}]",https://www.ccgp.gov.cn/cggg/zygg/jzxtpgg/./202607/t20260723_26993456.htm,2026-09-09 16:19:06,竞争性谈判,73.33798,table,,,,,,,,,,,,
中华人民共和国红其拉甫出入境边防检查站专用设备采购项目竞争性谈判公告,竞争性谈判公告,KSMYCG2026-095,2026年07月23日 16:08,塔什库尔干塔吉克自治县,中华人民共和国红其拉甫出入境边防检查站,新疆喀什地区塔什库尔干塔吉克自治县中巴友谊路005号,革定凯0998-3422090,喀什铭远建设工程项目管理咨询有限公司,喀什市新城南路5号院金洋芋大厦11楼,王梦笛13779711392,,,https://www.ccgp.gov.cn/cggg/zygg/jzxtpgg/./202607/t20260723_26992923.htm,2026-09-09 16:19:06,竞争性谈判,90.0,table,,,,,,,,,,,,
中华人民共和国腾冲出入境边防检查站胆扎分站2026年零星工程采购项目竞争性谈判公告,竞争性谈判公告,CXZB2026-TP36,2026年07月23日 14:56,腾冲市,中华人民共和国腾冲出入境边防检查站,云南省保山市腾冲市腾越镇观音塘社区红星小区189号,李警官 0875-5131115,云南承鑫招标有限责任公司,腾冲市腾越镇观音塘社区花园小区100号,许萍萍  0875-5875666,谈判公告.docx,"[{""attach_name"": ""谈判公告.docx"", ""attach_url"": ""https://download.ccgp.gov.cn/oss/download?uuid=91FBCA0F5BF861088C1FCDF4F3FCBD""}]",https://www.ccgp.gov.cn/cggg/zygg/jzxtpgg/./202607/t20260723_26991615.htm,2026-09-09 16:19:07,竞争性谈判,24.163874,table,,,,,,,,,,,,
自然资源部第四地形测量队图形工作站硬件升级服务采购项目竞争性谈判公告,竞争性谈判公告,FA2026-041,2026年07月23日 13:57,黑龙江省,自然资源部第四地形测量队,黑龙江省哈尔滨市呼兰区学院路1001号-省地理信息产业园,刘先生,黑龙江丰安工程项目咨询有限公司,哈尔滨市南岗区西溪橡园小区123号,徐女士 18646158468,,,https://www.ccgp.gov.cn/cggg/zygg/jzxtpgg/./202607/t20260723_26991123.htm,2026-09-09 16:19:07,竞争性谈判,6.03,table,,,,,,,,,,,,
荆州市沙市区消防救援大队沙市大队中山路及红门路政府专职消防救援站营区配套设施货物类采购（硬件设施设备）竞争性谈判公告,竞争性谈判公告,HBYS-SSQ-20260701-N00001,2026年07月23日 12:07,沙市区,荆州市沙市区消防救援大队,湖北省荆州市沙市区红星路27号,柳宇 13972382119,湖北元胜项目管理有限公司,荆州市沙市区洋码头B17栋401室,马永胜 13235546609,"湖北元胜-竞争性谈判邀请.doc,硬件设施设备竞争性谈判文件.docx","[{""attach_name"": ""湖北元胜-竞争性谈判邀请.doc"", ""attach_url"": ""https://download.ccgp.gov.cn/oss/download?uuid=E69C69D692A65F4EF6D7B9D71BD8C8""}, {""attach_name"": ""硬件设施设备竞争性谈判文件.docx"", ""attach_url"": ""https://download.ccgp.gov.cn/oss/download?uuid=E660BD392AD238281010EEA6AF5EC0""}]",https://www.ccgp.gov.cn/cggg/zygg/jzxtpgg/./202607/t20260723_26990687.htm,2026-09-09 16:19:07,竞争性谈判,27.9454,table,,,,,,,,,,,,
国家计算机网络与信息安全管理中心北京分中心算力服务器采购项目竞争性谈判公告,竞争性谈判公告,,2026年07月23日 11:12,市辖区,国家计算机网络与信息安全管理中心北京分中心,北京市西城区马连道路4号,010-88118192,中共中央直属机关采购中心,北京市西城区新风街1号院甲6号楼,详见：http://www.zzcg.gov.cn/contact.jhtml,,,https://www.ccgp.gov.cn/cggg/zygg/jzxtpgg/./202607/t20260723_26990133.htm,2026-09-09 16:19:07,竞争性谈判,95.0,table,,,,,,,,,,,,
武汉理工大学调载泵及控制阀组采购竞争性谈判公告,竞争性谈判公告,WUTH2026070043【ZKQ2026-020514408ZF(H)】,2026年07月23日 10:27,武汉市,武汉理工大学,洪山区珞狮南路122号,苏老师（027）87285065,中科器湖北有限公司,湖北省武汉市东湖新技术开发区高新大道666号国药大厦A20栋（中国医疗器械有限公司大楼）10楼中科器湖北有限公司,张宇、黄思格、陈文静（027）84888155，84888156,文件获取表.docx,"[{""attach_name"": ""文件获取表.docx"", ""attach_url"": ""https://download.ccgp.gov.cn/oss/download?uuid=440F053CCD1BC5A9D785AFCE6718C6""}]",https://www.ccgp.gov.cn/cggg/zygg/jzxtpgg/./202607/t20260723_26989576.htm,2026-09-09 16:19:07,竞争性谈判,150.0,table,,,,,,,,,,,,
福建省漳州市龙海区消防救援大队2026-2027年度零星修缮供应商采购项目竞争性谈判采购公告,竞争性谈判公告,建盛,2026年07月22日 18:14,龙海市,漳州市龙海区消防救援大队,福建省漳州市龙海区紫葳路38号,张先生0596-6527820,时代建盛工程管理有限公司,福建省漳州市龙文区新浦东路22号明发商业广场20幢1101-1116室,小唐0596-2962965-801,,,https://www.ccgp.gov.cn/cggg/zygg/jzxtpgg/./202607/t20260722_26987534.htm,2026-09-09 16:19:08,竞争性谈判,50.0,table,,,,,,,,,,,,
荆州市沙市区消防救援大队沙市大队中山路及红门路政府专职消防救援站营区配套设施货物类采购(新式战斗服架)竞争性谈判公告,竞争性谈判公告,HBFC-SSQ-20260701-N00001,2026年07月22日 18:04,沙市区,荆州市沙市区消防救援大队,湖北省荆州市沙市区红星路27号,柳宇 13972382119,湖北方成项目管理有限公司,荆州市沙市区洋码头B17栋402号,徐义雄 17707168244,"中山路站及红门路站新式战斗服架采购-竞争性谈判公告.doc,中山路站及红门路站新式战斗服架采购.docx","[{""attach_name"": ""中山路站及红门路站新式战斗服架采购-竞争性谈判公告.doc"", ""attach_url"": ""https://download.ccgp.gov.cn/oss/download?uuid=9D1AB549B75014CA9D2168FF234138""}, {""attach_name"": ""中山路站及红门路站新式战斗服架采购.docx"", ""attach_url"": ""https://download.ccgp.gov.cn/oss/download?uuid=D824C47AF4B6DFC42613472FCCF420""}]",https://www.ccgp.gov.cn/cggg/zygg/jzxtpgg/./202607/t20260722_26987035.htm,2026-09-09 16:19:08,竞争性谈判,11.52,table,,,,,,,,,,,,
荆州市沙市区消防救援大队沙市大队中山路及红门路政府专职消防救援站营区配套设施货物类采购(中山路站消防员之家及健身房设备)竞争性谈判公告,竞争性谈判公告,HBDB-SSQ-20260701-N00001,2026年07月22日 17:19,沙市区,荆州市沙市区消防救援大队,湖北省荆州市沙市区红星路27号,柳宇 13972382119,湖北达标项目管理有限公司,荆州市沙市区洋码头B17栋201号,余东东 15826525963,"竞争性谈判公告.doc,中山路站消防员之家及健身房设备采购.docx","[{""attach_name"": ""竞争性谈判公告.doc"", ""attach_url"": ""https://download.ccgp.gov.cn/oss/download?uuid=8A0860A0A887D3AAFF28BD3E1C9DF1""}, {""attach_name"": ""中山路站消防员之家及健身房设备采购.docx"", ""attach_url"": ""https://download.ccgp.gov.cn/oss/download?uuid=8BE7A5D3BB43B965815FD6391959A4""}]",https://www.ccgp.gov.cn/cggg/zygg/jzxtpgg/./202607/t20260722_26986045.htm,2026-09-09 16:19:08,竞争性谈判,14.3114,table,,,,,,,,,,,,
酒泉边境管理支队戍边公寓房附属设施维修运维采购项目（二次）竞争性谈判公告,竞争性谈判公告,JQBJGLZD(2026)-4号,2026年07月22日 16:47,市辖区,酒泉边境管理支队,酒泉市肃州区金塔路11号,邢徐峰，0937-5926482,甘肃华洲工程咨询有限公司,甘肃省酒泉市肃州区瓜州路16号,杨斌德，17325139468,"晋城路改造-施工图.rar,招标文件7.22.pdf","[{""attach_name"": ""晋城路改造-施工图.rar"", ""attach_url"": ""https://download.ccgp.gov.cn/oss/download?uuid=A882639B27C31D29FA8831FB722C24""}, {""attach_name"": ""招标文件7.22.pdf"", ""attach_url"": ""https://download.ccgp.gov.cn/oss/download?uuid=4669C576F9E044137FB8825C73A1C0""}]",https://www.ccgp.gov.cn/cggg/zygg/jzxtpgg/./202607/t20260722_26985112.htm,2026-09-09 16:19:08,竞争性谈判,66.28,table,,,,,,,,,,,,
国家粮食和物资储备局山西局六三九处山西局639处安防监控改造项目施工采购竞争性谈判公告,竞争性谈判公告,,2026年07月22日 15:53,盐湖区,国家粮食和物资储备局山西局六三九处,山西省运城市盐湖区上王乡六三九处,樊家明，15934103876，cbj639@163.com,详见公告正文,详见公告正文,详见公告正文,,,https://www.ccgp.gov.cn/cggg/zygg/jzxtpgg/./202607/t20260722_26983905.htm,2026-09-09 16:19:08,竞争性谈判,9.92,table,,,,,,,,,,,,
2026年度中国疾病预防控制中心专属通讯平台短信服务项目竞争性谈判公告,竞争性谈判公告,09-02-04E-2026-D-F-E19455,2026年07月22日 15:19,北京市,中国疾病预防控制中心,北京市昌平区昌百路 155 号,王老师，010-58900135,公诚管理咨询有限公司,北京市丰台区开阳路8号京印国际中心A区701-1室,曹月悦、邵倩、梁艳超、高寒、赵振强、王瑞贤；17276714684,,,https://www.ccgp.gov.cn/cggg/zygg/jzxtpgg/./202607/t20260722_26983233.htm,2026-09-09 16:19:09,竞争性谈判,25.0,table,,,,,,,,,,,,
信用报告自助查询机更换采购公告,采购公告,GZXYG-2026--T-36122.项目编号：GZXYG-2026--T-3612,2026年07月22日 14:41,贵州省,中国人民银行贵州省分行,贵州省贵阳市云岩区宝山北路2号,赵老师、黄雨老师0851-85650883,贵州新阳光项目管理有限公司,贵州省贵阳市观山湖区诚信北路8号绿地联盛5号楼1单元30层1号,梁秋霞、康宇昊迪、李圣倩0851-86790171（前台）、0851-84398719、13765040645,,,https://www.ccgp.gov.cn/cggg/zygg/jzxtpgg/./202607/t20260722_26982735.htm,2026-09-09 16:19:09,竞争性谈判3.采购方式：竞争性谈判（谈判比价）,80.0,table,,,,,,,,,,,,
桑植县消防救援大队岗哨外包服务项目竞争性谈判公告,竞争性谈判公告,ZYYC-ZJJZC[2026]03,2026年07月22日 12:29,桑植县,桑植县消防救援大队,湖南省张家界市桑植县澧源镇文明路101,陈先生19536194119,中盈永诚咨询集团有限公司,湖南省张家界市永定区大庸桥街道民惠家园二期对面(好地建安综合楼)202室,林女士15574927685,"采购需求.docx,谈判邀请公告（发布版）.docx","[{""attach_name"": ""采购需求.docx"", ""attach_url"": ""https://download.ccgp.gov.cn/oss/download?uuid=093CF7A1EAA58E64FF0F3EEA02C0DE""}, {""attach_name"": ""谈判邀请公告（发布版）.docx"", ""attach_url"": ""https://download.ccgp.gov.cn/oss/download?uuid=F8D2620A504F8D5C464F989C175F84""}]",https://www.ccgp.gov.cn/cggg/zygg/jzxtpgg/./202607/t20260722_26982083.htm,2026-09-09 16:19:09,竞争性谈判,21.643531,table,,,,,,,,,,,,
平潭综合实验区消防救援支队2026年平潭县消防救援大队零星修缮项目竞争性谈判公告,竞争性谈判公告,ZDZB,2026年07月22日 11:46,福建省,平潭综合实验区消防救援支队,福建省平潭综合实验区兴港南路1号,高助理0591-23169033,福建省中达招标代理有限公司,福建省福州市台江区祥坂路357号阳光城时代广场1709,陈丽芳、林丽平0591-88231280,招标（采购）文件购买登记表.xls,"[{""attach_name"": ""招标（采购）文件购买登记表.xls"", ""attach_url"": ""https://download.ccgp.gov.cn/oss/download?uuid=E93E4D98817A05211D17F5EA6E0F9D""}]",https://www.ccgp.gov.cn/cggg/zygg/jzxtpgg/./202607/t20260722_26981670.htm,2026-09-09 16:19:09,竞争性谈判,85.5,table,,,,,,,,,,,,
平潭综合实验区消防救援支队平潭县消防救援大队2026年执勤应急车辆维修定点服务项目竞争性谈判公告,竞争性谈判公告,ZDZB,2026年07月22日 11:46,福建省,平潭综合实验区消防救援支队,福建省平潭综合实验区兴港南路1号,高助理0591-23169033,福建省中达招标代理有限公司,福建省福州市台江区祥坂路357号阳光城时代广场1709,陈丽芳、林丽平0591-88231280,招标（采购）文件购买登记表.xls,"[{""attach_name"": ""招标（采购）文件购买登记表.xls"", ""attach_url"": ""https://download.ccgp.gov.cn/oss/download?uuid=E42207A81F248723DC12273AE48839""}]",https://www.ccgp.gov.cn/cggg/zygg/jzxtpgg/./202607/t20260722_26981668.htm,2026-09-09 16:19:09,竞争性谈判,44.94,table,,,,,,,,,,,,
中华人民共和国河南出入境边防检查总站机关锅炉供暖改造项目（二次）竞争性谈判公告,竞争性谈判公告,HNZZ2026ZC013,2026年07月22日 11:28,市辖区,中华人民共和国河南出入境边防检查总站,郑州市中州大道1108号中华人民共和国河南出入境边防检查总站,吴警官  0371-69513988,大成工程咨询有限公司,郑州市经三路与纬五路交叉口西北角广汇国贸A区12楼1202,杨永丽 田兴 王女士  0371-65585906,副本中华人民共和国河南出入境边防检查总站机关锅炉供暖改造项目竞争性谈判公告（二次）-7.22(1).doc,"[{""attach_name"": ""副本中华人民共和国河南出入境边防检查总站机关锅炉供暖改造项目竞争性谈判公告（二次）-7.22(1).doc"", ""attach_url"": ""https://download.ccgp.gov.cn/oss/download?uuid=E500BA01DCA075EA1A0CB3B08CDD71""}]",https://www.ccgp.gov.cn/cggg/zygg/jzxtpgg/./202607/t20260722_26981446.htm,2026-09-09 16:19:10,竞争性谈判,36.0,table,,,,,,,,,,,,
国家粮食和物资储备局山西局六三九处山西局639处消防管线及给排水管线维修项目施工采购竞争性谈判公告,竞争性谈判公告,,2026年07月22日 11:10,盐湖区,国家粮食和物资储备局山西局六三九处,山西省运城市盐湖区上王乡六三九处,樊家明，15934103876，cbj639@163.com,详见公告正文,详见公告正文,详见公告正文,,,https://www.ccgp.gov.cn/cggg/zygg/jzxtpgg/./202607/t20260722_26981218.htm,2026-09-09 16:19:10,竞争性谈判,12.0,table,,,,,,,,,,,,
运城出入境边防检查站现场勤务指挥中心改造项目竞争性谈判公告,竞争性谈判公告,SXEZDL2026013,2026年07月22日 09:13,盐湖区,中华人民共和国运城出入境边防检查站,山西省运城市空港新区关东街,郑先生   0359-2536019（转5016）,山西恩正工程项目管理有限公司,运城市盐湖区条山街怡世名邸1-2-1503室,窦女士   0359-8763435,,,https://www.ccgp.gov.cn/cggg/zygg/jzxtpgg/./202607/t20260722_26980248.htm,2026-09-09 16:19:10,竞争性谈判,20.0,table,,,,,,,,,,,,
中国疾病预防控制中心辐射防护与核安全医学所（中国疾病预防控制中心核事故医学应急中心）中国疾控中心辐射安全所热释光读出仪采购项目竞争性谈判公告,竞争性谈判公告,FSS-rsgdcy-001项目编号：FSS-rsgdcy-001本授权委托书声明：注册于,2026年07月21日 22:34,北京市,中国疾病预防控制中心辐射防护与核安全医学所（中国疾病预防控制中心核事故医学应急中心）,北京市西城区德外新康街2号,周老师 010-62389752,详见公告正文,详见公告正文,详见公告正文,中国疾控中心辐射安全所热释光读出仪采购项目谈判文件.docx,"[{""attach_name"": ""中国疾控中心辐射安全所热释光读出仪采购项目谈判文件.docx"", ""attach_url"": ""https://download.ccgp.gov.cn/oss/download?uuid=B5DE77B85154C74539D00D0BB7AC3B""}]",https://www.ccgp.gov.cn/cggg/zygg/jzxtpgg/./202607/t20260721_26979543.htm,2026-09-09 16:19:10,竞争性谈判,58.0,table,,,,,,,,,,,,
中华人民共和国清水河出入境边防检查站生活家具采购项目竞争性谈判公告,竞争性谈判公告,H202606,2026年07月21日 22:25,临沧市,中华人民共和国清水河出入境边防检查站,临沧市耿马县孟定镇中国边检,李警官；0883-8826903,云南中诚全心招标咨询有限公司,云南省昆明市西山区日新路广福城写字楼A11-2栋19B,官慧敏、兰程皓、张筱瑜、农翠姣、曾志强、王晓维、王剑虹0871-65646310,,,https://www.ccgp.gov.cn/cggg/zygg/jzxtpgg/./202607/t20260721_26979534.htm,2026-09-09 16:19:11,竞争性谈判,38.64,table,,,,,,,,,,,,
郑州警察学院2026年新生警服采购项目Ⅱ竞争性谈判公告,竞争性谈判公告,,2026年07月21日 21:30,新郑市,郑州警察学院,河南省郑州市新郑市龙湖镇如意路6号,高老师0371-60666155,公安部警用装备采购中心,上海市闵行区三达路299号,联系代表021-33292999,"郑州警察学院2026年新生警服采购项目Ⅱ-202607211013464849.docx,标准-202607211013511865.zip","[{""attach_name"": ""郑州警察学院2026年新生警服采购项目Ⅱ-202607211013464849.docx"", ""attach_url"": ""https://download.ccgp.gov.cn/oss/download?uuid=13551656-457d-4d10-b147-e3c3c2""}, {""attach_name"": ""标准-202607211013511865.zip"", ""attach_url"": ""https://download.ccgp.gov.cn/oss/download?uuid=287e2a1f-ab6c-43a6-92aa-0356f3""}]",https://www.ccgp.gov.cn/cggg/zygg/jzxtpgg/./202607/t20260721_26979466.htm,2026-09-09 16:19:11,竞争性谈判,54.19806,table,,,,,,,,,,,,
中华人民共和国深圳出入境边防检查总站离退休干部活动中心装修项目竞争性谈判公告,竞争性谈判公告,GXSZ-20260238SZJZ,2026年07月21日 19:08,深圳市,中华人民共和国深圳出入境边防检查总站,深圳市罗湖区人民南路1006号,苏警官0755-84498264,深圳高星项目管理有限公司,深圳市福田区泰然九路天地源盛唐大厦东座1403,郑工0755-88918226,,,https://www.ccgp.gov.cn/cggg/zygg/jzxtpgg/./202607/t20260721_26978923.htm,2026-09-09 16:19:11,竞争性谈判,28.495992,table,,,,,,,,,,,,
盘锦市气象局专业气象服务数据及网络安全保障服务项目竞争性谈判公告,竞争性谈判公告,BZXHPJ-20260720,2026年07月21日 16:25,市辖区,盘锦市气象局,盘锦市兴隆台区石油大街143号,雷居翰、14704274724,博智兴华工程顾问有限公司,盘锦市大洼区田家街道璧城康桥K区S1#1-4室,张工、13842722731,,,https://www.ccgp.gov.cn/cggg/zygg/jzxtpgg/./202607/t20260721_26975631.htm,2026-09-09 16:19:11,竞争性谈判,27.52,table,,,,,,,,,,,,
全国海关信息中心2026年软交换系统设备维保服务采购项目竞争性谈判公告,竞争性谈判公告,CMEETC-267FR331EE635,2026年07月21日 15:26,北京市,全国海关信息中心,北京市东城区金宝街63号710室,孟老师010-85193064,中国机电工程招标有限公司,北京市海淀区车公庄西路乙19号华通大厦B座南塔14层,李晓茹、李鹏飞、刘伟、张博88018616-8065、15931332841,,,https://www.ccgp.gov.cn/cggg/zygg/jzxtpgg/./202607/t20260721_26974396.htm,2026-09-09 16:19:11,竞争性谈判,40.5,table,,,,,,,,,,,,
中华人民共和国三峡机场出入境边防检查站洗衣房设备购置项目（第2次采购）竞争性谈判公告,竞争性谈判公告,湖胜宜招2026-105,2026年07月20日 21:08,湖北省,中华人民共和国三峡机场出入境边防检查站,湖北省宜昌市西陵区发展大道89号,李警官/15672498933,湖北胜捷工程咨询有限责任公司,宜昌市发展大道16号金德瑞国际酒店22楼,尹镭/0717-6253135-8004,,,https://www.ccgp.gov.cn/cggg/zygg/jzxtpgg/./202607/t20260720_26970569.htm,2026-09-09 16:19:12,竞争性谈判,21.53,table,,,,,,,,,,,,
中华人民共和国爱店出入境边防检查站警务通采购项目竞争性谈判公告,竞争性谈判公告,CZ2026-J1-004-DCZX,2026年07月20日 20:16,宁明县,中华人民共和国爱店出入境边防检查站,崇左市宁明县城中镇希望路1号,孙警官  19528667885,广西大成项目咨询有限公司,广西崇左市新城路鸿都大厦4楼,陈铎文  0771-7886187,,,https://www.ccgp.gov.cn/cggg/zygg/jzxtpgg/./202607/t20260720_26970457.htm,2026-09-09 16:19:12,竞争性谈判,30.0,table,,,,,,,,,,,,
江西合胜合招标咨询有限公司关于南昌消防救援机动支队文化装备采购项目（项目编号：HSH2026ZJ011）（第四次）竞争性谈判公告,竞争性谈判公告,HSH2026ZJ011,2026年07月20日 20:09,南昌市,福建省森林消防总队,南昌市新建区望城镇三联村甲1号,林助理 18805020522,江西合胜合招标咨询有限公司,江西省南昌市红谷滩区红谷北大道968号绿地外滩公馆写字楼19栋406室,姜梅、聂亮、范丹萍 0791-83978376,技术需求内容.docx,"[{""attach_name"": ""技术需求内容.docx"", ""attach_url"": ""https://download.ccgp.gov.cn/oss/download?uuid=89B3CFDC0B2F6CF86323FB3EE05ABD""}]",https://www.ccgp.gov.cn/cggg/zygg/jzxtpgg/./202607/t20260720_26970432.htm,2026-09-09 16:19:12,竞争性谈判,32.7292,table,,,,,,,,,,,,
国家体育总局射击射箭运动管理中心射箭器材采购竞争性谈判公告,竞争性谈判公告,,2026年07月20日 19:29,北京市,国家体育总局射击射箭运动管理中心,北京市石景山区福田寺甲3号,010-88962193,国家体育总局体育器材装备中心,北京市东城区体育馆路3号,010-87182686,,,https://www.ccgp.gov.cn/cggg/zygg/jzxtpgg/./202607/t20260720_26970330.htm,2026-09-09 16:19:12,竞争性谈判,147.965,table,,,,,,,,,,,,
中华人民共和国莲塘出入境边防检查站笋岗综合楼燃气管网改造工程（二次招标）竞争性谈判公告,竞争性谈判公告,XRZB202607003,2026年07月20日 18:30,市辖区,中华人民共和国莲塘出入境边防检查站,罗湖区人民南路1006号,苏警官 0755-84498653,深圳市鑫润招标代理有限公司,深圳市龙岗区龙城街道爱联社区缤纷世纪公寓A座31E、31F,冷工 0755-28680185/18988757177,,,https://www.ccgp.gov.cn/cggg/zygg/jzxtpgg/./202607/t20260720_26969874.htm,2026-09-09 16:19:13,竞争性谈判,40.253958,table,,,,,,,,,,,,
青阳县消防救援大队训练设施设备采购及安装项目竞争性谈判公告,竞争性谈判公告,AHHX[2026]024,2026年07月20日 17:48,青阳县,青阳县消防救援大队,青阳县蓉城镇公园路与西峰路交叉口,雷刚18156663566,安徽恒信造价咨询有限公司,池州市波斯曼公寓,汪工18856668979,,,https://www.ccgp.gov.cn/cggg/zygg/jzxtpgg/./202607/t20260720_26969275.htm,2026-09-09 16:19:13,竞争性谈判,18.0,table,,,,,,,,,,,,
四川省攀枝花市消防救援支队“两智一图”系统运维服务项目竞争性谈判公告,竞争性谈判公告,SCJC-ZG(P)-202607002,2026年07月20日 17:24,攀枝花市,攀枝花市消防救援支队,攀枝花市东区攀枝花大道东段809号,文老师 0812-3356457,四川锦创全过程工程项目管理有限公司,攀枝花市东区奥林匹克北路8号D座3楼（攀枝花现代服务业产业园）C 区 20.22.24.26 号,刘女士 15196517658.0812-5556733,采购需求.docx,"[{""attach_name"": ""采购需求.docx"", ""attach_url"": ""https://download.ccgp.gov.cn/oss/download?uuid=6BAE2DDF1EF84F8ACA11F822DBE563""}]",https://www.ccgp.gov.cn/cggg/zygg/jzxtpgg/./202607/t20260720_26968819.htm,2026-09-09 16:19:13,竞争性谈判,16.0,table,,,,,,,,,,,,
中华人民共和国郑州出入境边防检查站机房UPS设备购置项目（二次）竞争性谈判公告,竞争性谈判公告,ZZBJZ2026006,2026年07月20日 16:59,郑州市,中华人民共和国郑州出入境边防检查站,河南省郑州市航空港经济综合实验区长鹰路与货运路交叉口郑州边检站,万先生，0371-68510771,河南建威工程管理咨询有限公司,河南省郑州市航空港经济综合实验区长鹰路与货运路交叉口郑州边检站,朱先生，0371-63326826,二次竞争性谈判公告.pdf,"[{""attach_name"": ""二次竞争性谈判公告.pdf"", ""attach_url"": ""https://download.ccgp.gov.cn/oss/download?uuid=329B8B68EE3F0CD2DAEF81764E75D2""}]",https://www.ccgp.gov.cn/cggg/zygg/jzxtpgg/./202607/t20260720_26968235.htm,2026-09-09 16:19:13,竞争性谈判,29.424,table,,,,,,,,,,,,
中华人民共和国深圳湾出入境边防检查站宿舍及办公家具采购项目竞争性谈判公告,竞争性谈判公告,3324-DH2630H4132,2026年07月20日 16:42,深圳市,中华人民共和国深圳湾出入境边防检查站,广东省深圳市罗湖区人民南路1006号,苏警官  0755-84498653,深圳市东海国际招标有限公司,深圳市罗湖区太宁路2号百仕达大厦27B,常女士、覃女士0755-86959378或86959778转8020,,,https://www.ccgp.gov.cn/cggg/zygg/jzxtpgg/./202607/t20260720_26967843.htm,2026-09-09 16:19:13,竞争性谈判,43.104952,table,,,,,,,,,,,,
中华人民共和国畹町出入境边防检查站正规化设施设备采购项目竞争性谈判公告,竞争性谈判公告,WDCRJBFJCZ2026016,2026年07月20日 16:18,瑞丽市,中华人民共和国畹町出入境边防检查站,云南省德宏州瑞丽市畹町经济开发区国防街3号,联系人：杨警官；联系方式：0692-5150086,昆明晨晟招标有限责任公司,云南省昆明市盘龙区世博生态城低碳中心B栋1单元12层,联系人：李沁、胡琛；联系方式：18669165207、13577020330,,,https://www.ccgp.gov.cn/cggg/zygg/jzxtpgg/./202607/t20260720_26967292.htm,2026-09-09 16:19:14,竞争性谈判,80.902,table,,,,,,,,,,,,
全国海关信息中心2026年监控技术服务采购项目竞争性谈判公告,竞争性谈判公告,BIECC-25CG10414,2026年07月20日 14:47,北京市,全国海关信息中心,北京市东城区金宝街63号,王老师，010-85193333,北京国际工程咨询有限公司,北京市西城区广安门外大街甲275号,任英杰、王思宇、李湘平、崔云龙、黄春艳、周圆圆，010-63368392,BIECC-26CG10414竞争性谈判公告.docx,"[{""attach_name"": ""BIECC-26CG10414竞争性谈判公告.docx"", ""attach_url"": ""https://download.ccgp.gov.cn/oss/download?uuid=6DBF22268F05751E7A95EF1731C1C5""}]",https://www.ccgp.gov.cn/cggg/zygg/jzxtpgg/./202607/t20260720_26965853.htm,2026-09-09 16:19:14,竞争性谈判,54.0,table,,,,,,,,,,,,
厦门万翔-竞争性谈判-XM2026-TZ0331研究生综合楼（南楼）分体空调采购采购公告,竞争性谈判公告,XM2026-TZ0331,2026年07月20日 14:39,福建省,厦门国家会计学院,厦门市思明区环岛南路4001号,/,厦门万翔招标有限公司,厦门市湖里区机场北路476号,黄超群，0592-2298125,,,https://www.ccgp.gov.cn/cggg/zygg/jzxtpgg/./202607/t20260720_26965784.htm,2026-09-09 16:19:14,竞争性谈判,18.72,table,,,,,,,,,,,,
中华人民共和国郑州出入境边防检查站移民服务场地LED显示大屏购置项目竞争性谈判公告,竞争性谈判公告,ZZBJZ2026005,2026年07月20日 13:00,河南省,中华人民共和国郑州出入境边防检查站,河南省郑州市航空港经济综合实验区长鹰路与货运路交叉口郑州边检站,杨先生  0371-68510501,河南宏业建设管理股份有限公司,郑州市郑东新区寿丰街50号A座28层,韩女士  0371—56505020,附件：竞争性谈判公告.pdf,"[{""attach_name"": ""附件：竞争性谈判公告.pdf"", ""attach_url"": ""https://download.ccgp.gov.cn/oss/download?uuid=3DE043941CBF2A693A08156FE964B2""}]",https://www.ccgp.gov.cn/cggg/zygg/jzxtpgg/./202607/t20260720_26965317.htm,2026-09-09 16:19:14,竞争性谈判,21.66,table,,,,,,,,,,,,
中华人民共和国昆明出入境边防检查站出境现场工作人员通道采购项目竞争性谈判公告,竞争性谈判公告,ZYZB-2026-107,2026年07月20日 10:39,昆明市,中华人民共和国昆明出入境边防检查站,昆明市官渡区长水国际机场长港中路西一路昆明出入境边防检查站,吴警官0871-67094111,云南智扬工程项目管理有限公司,云南省昆明市盘龙区白云路168号瑞鼎城A座第11层1118号,羊振、张洋铭、普清秀0871-63856268,,,https://www.ccgp.gov.cn/cggg/zygg/jzxtpgg/./202607/t20260720_26964383.htm,2026-09-09 16:19:14,竞争性谈判,23.96,table,,,,,,,,,,,,
中国疾病预防控制中心辐射防护与核安全医学所（中国疾病预防控制中心核事故医学应急中心）中国疾控中心辐射安全所生物安全柜等设备采购项目竞争性谈判公告,竞争性谈判公告,FSS-swaqg-001项目编号：FSS-swaqg-001本授权委托书声明：注册于,2026年07月19日 21:32,北京市,中国疾病预防控制中心辐射防护与核安全医学所（中国疾病预防控制中心核事故医学应急中心）,北京市西城区德外新康街2号,周老师 010-62389752,详见公告正文,详见公告正文,详见公告正文,中国疾控中心辐射安全所生物安全柜等设备采购项目谈判文件.doc,"[{""attach_name"": ""中国疾控中心辐射安全所生物安全柜等设备采购项目谈判文件.doc"", ""attach_url"": ""https://download.ccgp.gov.cn/oss/download?uuid=6BECA8C6AE1656D3402C9FA8779F53""}]",https://www.ccgp.gov.cn/cggg/zygg/jzxtpgg/./202607/t20260719_26963649.htm,2026-09-09 16:19:15,竞争性谈判,70.0,table,,,,,,,,,,,,
中国疾病预防控制中心辐射防护与核安全医学所（中国疾病预防控制中心核事故医学应急中心）中国疾控中心辐射安全所实验室通用实验器材采购项目竞争性谈判公告,竞争性谈判公告,FSS-systyqc-001项目编号：FSS-systyqc-001本授权委托书声明：注册于,2026年07月19日 21:25,北京市,中国疾病预防控制中心辐射防护与核安全医学所（中国疾病预防控制中心核事故医学应急中心）,北京市西城区德外新康街2号,周老师 010-62389752,详见公告正文,详见公告正文,详见公告正文,中国疾控中心辐射安全所实验室通用实验器材采购项目谈判文件.doc,"[{""attach_name"": ""中国疾控中心辐射安全所实验室通用实验器材采购项目谈判文件.doc"", ""attach_url"": ""https://download.ccgp.gov.cn/oss/download?uuid=CEFC540262B7B0B9C231A233B3C32E""}]",https://www.ccgp.gov.cn/cggg/zygg/jzxtpgg/./202607/t20260719_26963645.htm,2026-09-09 16:19:16,竞争性谈判,83.5,table,,,,,,,,,,,,
中华人民共和国皇岗出入境边防检查站福田口岸设备间动环监控系统更新改造项目竞争性谈判公告,竞争性谈判公告,LD2026GP-BJA008,2026年07月17日 22:36,深圳市,中华人民共和国皇岗出入境边防检查站,深圳市罗湖区人民南路1006号,苏警官0755-84498653,深圳龙达招标有限公司,深圳市福田区沙头街道新华社区新洲十一街139号中央西谷大厦1806,张志辉0755-83864290-820,,,https://www.ccgp.gov.cn/cggg/zygg/jzxtpgg/./202607/t20260717_26960738.htm,2026-09-09 16:19:16,竞争性谈判,13.9618,table,,,,,,,,,,,,
昌吉边境管理支队家具采购项目竞争性谈判公告,竞争性谈判公告,XJCYCJ-ZB-2026-026,2026年07月17日 21:56,昌吉市,昌吉边境管理支队,昌吉市北外环西路796号,耿警官  0994-2385237,新疆诚誉工程项目管理有限公司,昌吉市北京南路与塔城西路交汇处和谐玫瑰国际A座写字楼20楼,寇女士    13689924266,竞争性谈判公告-昌吉边境管理支队家具采购项目.pdf,"[{""attach_name"": ""竞争性谈判公告-昌吉边境管理支队家具采购项目.pdf"", ""attach_url"": ""https://download.ccgp.gov.cn/oss/download?uuid=7C40EA75018E9124BC990B868F5CA0""}]",https://www.ccgp.gov.cn/cggg/zygg/jzxtpgg/./202607/t20260717_26960629.htm,2026-09-09 16:19:16,竞争性谈判,64.71,table,,,,,,,,,,,,
任意波形发生器采购项目竞争性谈判公告,竞争性谈判公告,THTC-HR-SOC2026013,2026年07月17日 19:31,北京市,zycgr22011902,/,李老师 010-57305134,天恒招标有限公司,北京市东城区东四十条甲22号南新仓商务大厦B座922,刘清帅、王雪梅、陈洁、徐梓瑶、刘戈 010-53393728、17710390275,采购文件获取登记表.xls,"[{""attach_name"": ""采购文件获取登记表.xls"", ""attach_url"": ""https://download.ccgp.gov.cn/oss/download?uuid=2BB3EF1953FB58DE932D5897BA9ACF""}]",https://www.ccgp.gov.cn/cggg/zygg/jzxtpgg/./202607/t20260717_26960065.htm,2026-09-09 16:19:16,竞争性谈判,55.0,table,,,,,,,,,,,,
四平市消防救援支队机关及直属单位物业服务项目竞争性谈判公告,竞争性谈判公告,SPZFCG-JZXTP2026-006,2026年07月17日 18:38,市辖区,四平市消防救援支队,铁西区创业路511号,吴先生0434-3201300,四平市政府采购中心,四平市铁西区政新街2号四平市财政局四楼,李妍慧0434-3216009,"（7.17定稿）四平市消防救援支队机关及直属单位物业服务.doc,公告-7.17.docx","[{""attach_name"": ""（7.17定稿）四平市消防救援支队机关及直属单位物业服务.doc"", ""attach_url"": ""https://download.ccgp.gov.cn/oss/download?uuid=5BF62067EC3A0CF6037AD801D37250""}, {""attach_name"": ""公告-7.17.docx"", ""attach_url"": ""https://download.ccgp.gov.cn/oss/download?uuid=CB8C692D1368DE6B39DD21D02A7EEE""}]",https://www.ccgp.gov.cn/cggg/zygg/jzxtpgg/./202607/t20260717_26959951.htm,2026-09-09 16:19:16,竞争性谈判,93.8,table,,,,,,,,,,,,
德宏边境管理支队老旧办案区改造项目竞争性谈判公告,竞争性谈判公告,YNLH202606030541,2026年07月17日 17:39,云南省,德宏边境管理支队（德宏州公安局边境管理支队）,云南省德宏州芒市阔时路26号,罗警官 0692-2975102,云南力宏建设工程咨询有限公司,云南省昆明市五华区西城时代西城中心A座2906室,0871-68315533,德宏边境管理支队老旧办案区改造项目竞争性谈判公告.docx,"[{""attach_name"": ""德宏边境管理支队老旧办案区改造项目竞争性谈判公告.docx"", ""attach_url"": ""https://download.ccgp.gov.cn/oss/download?uuid=6B1322345263AC4800389FA3BB8A66""}]",https://www.ccgp.gov.cn/cggg/zygg/jzxtpgg/./202607/t20260717_26958479.htm,2026-09-09 16:19:17,竞争性谈判,50.0,table,,,,,,,,,,,,
国家移民管理局瑞丽遣返中心专用网络传输设备采购项目竞争性谈判公告,竞争性谈判公告,YNLB20260726,2026年07月17日 17:18,瑞丽市,国家移民管理局瑞丽遣返中心,德宏州瑞丽市勐秀乡小街村委会雷寨村民小组,张警官0692-3015054,云南蓝本招标咨询有限公司,云南省昆明市西山区环城南路668号东南亚商场写字楼A座17楼2、3号,李工18213826028、0871-64158494,"国家移民管理局瑞丽遣返中心专用网络传输设备采购项目（定稿7.16）.pdf,采购需求.docx","[{""attach_name"": ""国家移民管理局瑞丽遣返中心专用网络传输设备采购项目（定稿7.16）.pdf"", ""attach_url"": ""https://download.ccgp.gov.cn/oss/download?uuid=A0DB8A7A7D11F88DC2CCC7CFD9B1F4""}, {""attach_name"": ""采购需求.docx"", ""attach_url"": ""https://download.ccgp.gov.cn/oss/download?uuid=E3EA04BED8E34CB81839CE38F39187""}]",https://www.ccgp.gov.cn/cggg/zygg/jzxtpgg/./202607/t20260717_26957975.htm,2026-09-09 16:19:17,竞争性谈判,11.5,table,,,,,,,,,,,,
中国电子技术标准化研究院高通量服务器项目竞争性谈判公告,竞争性谈判公告,1396-02-26GN0340,2026年07月17日 15:45,市辖区,中国电子技术标准化研究院,北京市东城区安定门东大街1号,徐泺  010-64102856,新时代工程咨询有限公司,北京海淀区花园路7号新时代大厦10层,曹晓健  李霁  徐晗  徐加慧     010-82034401、82034467、15614097878,,,https://www.ccgp.gov.cn/cggg/zygg/jzxtpgg/./202607/t20260717_26955503.htm,2026-09-09 16:19:17,竞争性谈判,66.5,table,,,,,,,,,,,,
中国科学院高能物理研究所CSNS-II靶站水冷却系统催化合成装置采购项目竞争性谈判公告,竞争性谈判公告,OITC-G260DY0037,2026年07月17日 15:25,北京市,中国科学院高能物理研究所,广东省东莞市松山湖园区中子源路1号,吉文君，0769-88931096,国科东仪(广东)项目管理有限公司,东莞市莞城街道旗峰路莞城段200号1单元602室,徐兵、张莲、宣柏林/0769-26627023、020-87001523 /bxu@oitc.com.cn、lzhang@oitc.com.cn、mye@oitc.com.cn,0037项目需求.docx,"[{""attach_name"": ""0037项目需求.docx"", ""attach_url"": ""https://download.ccgp.gov.cn/oss/download?uuid=396CCB511F1EF7E577686571314676""}]",https://www.ccgp.gov.cn/cggg/zygg/jzxtpgg/./202607/t20260717_26955142.htm,2026-09-09 16:19:17,竞争性谈判,415.0,table,,,,,,,,,,,,
训练和战勤保障支队自来水管网改造项目竞争性谈判公告,竞争性谈判公告,FJXW2026068,2026年07月17日 15:10,福建省,福建省消防救援总队训练和战勤保障支队,闽侯县上街镇旗麓北大道11号,张先生？0591-23533595,福建省新卫招标代理有限公司,福建省福州市鼓楼区西二环中路301号东南医药大楼6层,卓敏灵、刘鼎埕、郑道铖0591-87807330,,,https://www.ccgp.gov.cn/cggg/zygg/jzxtpgg/./202607/t20260717_26954946.htm,2026-09-09 16:19:17,竞争性谈判,50.3376,table,,,,,,,,,,,,
中国人民政治协商会议全国委员会干部培训中心全国政协干部培训中心（全国政协北戴河管理局）2026年院内建筑物运行维护项目竞争性谈判公告,竞争性谈判公告,1301000075079949001,2026年07月17日 14:47,北戴河区,中国人民政治协商会议全国委员会干部培训中心,秦皇岛市北戴河区东山街道康乐路5号,王晓洋   0335-4663003,瑞和安惠项目管理集团有限公司,秦皇岛市红旗路233号政务大厦913室,王玲玲    0335-3643270,,,https://www.ccgp.gov.cn/cggg/zygg/jzxtpgg/./202607/t20260717_26954628.htm,2026-09-09 16:19:18,竞争性谈判,67.53,table,,,,,,,,,,,,
泰州医药高新技术产业开发区消防救援大队2026年物业管理服务项目竞争性谈判采购公告,竞争性谈判公告,JSGC26G10234,2026年07月17日 12:07,泰州市医药高新区,泰州医药高新技术产业开发区消防救援大队,泰州医药高新区姜高路与祥泰路交叉口泰州医药高新技术产业开发区消防救援大队,杨女士 0523-80185609,江苏国采工程咨询有限公司,泰州市白马镇将军南路江苏国采工程咨询有限公司泰州分公司,陈女士19052353095,,,https://www.ccgp.gov.cn/cggg/zygg/jzxtpgg/./202607/t20260717_26953771.htm,2026-09-09 16:19:18,竞争性谈判,17.12,table,,,,,,,,,,,,
中华人民共和国黄岛出入境边防检查站“中国移民管理37401”艇保险服务采购项目竞争性谈判公告,竞争性谈判公告,ZQHC370202232026,2026年07月16日 21:47,青岛市,中华人民共和国黄岛出入境边防检查站,青岛市黄岛区江山南路662号,周警官，0532-68059278,山东中青汇采招标咨询有限公司,青岛市市南区山东路17号海信创业中心903室,时琪琪、孟东，0532-85859807,中华人民共和国黄岛出入境边防检查站“中国移民管理37401”艇保险服务采购项目采购需求.pdf,"[{""attach_name"": ""中华人民共和国黄岛出入境边防检查站“中国移民管理37401”艇保险服务采购项目采购需求.pdf"", ""attach_url"": ""https://download.ccgp.gov.cn/oss/download?uuid=836FBC6C381FA6C792E3AD1AE49A0D""}]",https://www.ccgp.gov.cn/cggg/zygg/jzxtpgg/./202607/t20260716_26951279.htm,2026-09-09 16:19:18,竞争性谈判,22.0,table,,,,,,,,,,,,
园区建筑物屋面防水修缮改造项目竞争性谈判公告,竞争性谈判公告,CIGITCGM202620855,2026年07月16日 17:12,重庆市,中国科学院重庆绿色智能技术研究院,重庆市两江新区方正大道266号,姚老师023-65935453,重庆赛迪工程咨询有限公司,重庆市渝中区双钢路1号,夏老师 18523083630,"投标保证金递交账号一览表.doc,竞争性谈判-园区建筑物屋面防水修缮改造项目-2026.7.16.doc","[{""attach_name"": ""投标保证金递交账号一览表.doc"", ""attach_url"": ""https://download.ccgp.gov.cn/oss/download?uuid=AB87B9FF8150819B4AA00C78C7B921""}, {""attach_name"": ""竞争性谈判-园区建筑物屋面防水修缮改造项目-2026.7.16.doc"", ""attach_url"": ""https://download.ccgp.gov.cn/oss/download?uuid=C4CCC5EEEEF75DA4275D636BDA6C1A""}]",https://www.ccgp.gov.cn/cggg/zygg/jzxtpgg/./202607/t20260716_26948683.htm,2026-09-09 16:19:18,竞争性谈判,98.925,table,,,,,,,,,,,,
防城港边境管理支队智能武器室改造项目竞争性谈判公告,竞争性谈判公告,FC2026-1013-J1-GXHC,2026年07月16日 16:58,市辖区,防城港边境管理支队,防城港市防城区山海大道28号,吴警官、刘警官，0770-3251501（转36702）,广西汉昌工程咨询有限公司,防城港防城区木头滩社区社山边五组宅基地号一百九十一号,"黄健、唐华林,0770-3255155或0771-5718293",,,https://www.ccgp.gov.cn/cggg/zygg/jzxtpgg/./202607/t20260716_26948355.htm,2026-09-09 16:19:18,竞争性谈判,28.7,table,,,,,,,,,,,,
中国人民银行四川省分行全省机房动环监控系统配套外设采购项目（第四次）竞争性谈判采购公告,竞争性谈判公告,SCRH[2026]014号,2026年07月16日 15:57,四川省,中国人民银行四川省分行,成都市二环路南二段15号,李老师 028-85261569,四川国际招标有限责任公司,中国（四川）自由贸易试验区成都市高新区天府四街66号2栋22层1号,沈润莲/周备/张慧静/谢良帅 13111881792,,,https://www.ccgp.gov.cn/cggg/zygg/jzxtpgg/./202607/t20260716_26946921.htm,2026-09-09 16:19:18,竞争性谈判,50.0,table,,,,,,,,,,,,
中华人民共和国畹町出入境边防检查站标准化床品采购项目竞争性谈判公告,竞争性谈判公告,WDCRJBFJCZ2026015,2026年07月15日 21:58,德宏傣族景颇族自治州,中华人民共和国畹町出入境边防检查站,云南省德宏州瑞丽市畹町经济开发区国防街3号,杨警官0692-5150086,云南立友工程咨询有限公司,云南省德宏州芒市榕树北路5号,叶杨、张辉13578266575、19987295581,2026-108 谈判公告.docx,"[{""attach_name"": ""2026-108 谈判公告.docx"", ""attach_url"": ""https://download.ccgp.gov.cn/oss/download?uuid=9688CACD873E7A1DE81BF64FE57933""}]",https://www.ccgp.gov.cn/cggg/zygg/jzxtpgg/./202607/t20260715_26942748.htm,2026-09-09 16:19:19,竞争性谈判,24.75,table,,,,,,,,,,,,
中华人民共和国畹町出入境边防检查站2026年度空调采购项目竞争性谈判公告,竞争性谈判公告,WDCRJBFJCZ2026013,2026年07月15日 20:29,云南省,中华人民共和国畹町出入境边防检查站,云南省德宏州瑞丽市畹町经济开发区国防街3号,杨警官：0692-5150086,昆明晨晟招标有限责任公司,云南省昆明市盘龙区世博生态城低碳中心B栋1单元12层,联系人：李沁、胡琛；联系方式：18669165207、13577020330,,,https://www.ccgp.gov.cn/cggg/zygg/jzxtpgg/./202607/t20260715_26942570.htm,2026-09-09 16:19:19,竞争性谈判,25.28,table,,,,,,,,,,,,
中国疾病预防控制中心辐射防护与核安全医学所（中国疾病预防控制中心核事故医学应急中心）中国疾控中心辐射安全所放射诊疗设备采购项目竞争性谈判公告,竞争性谈判公告,FSS-fszlsb-001项目编号：FSS-fszlsb-001本授权委托书声明：注册于,2026年07月15日 20:02,北京市,中国疾病预防控制中心辐射防护与核安全医学所（中国疾病预防控制中心核事故医学应急中心）,北京市西城区德外新康街2号,周羿 010-62389752,详见公告正文,详见公告正文,详见公告正文,中国疾控中心辐射安全所放射诊疗设备采购项目谈判文件.docx,"[{""attach_name"": ""中国疾控中心辐射安全所放射诊疗设备采购项目谈判文件.docx"", ""attach_url"": ""https://download.ccgp.gov.cn/oss/download?uuid=CF447BC19FE739683EB83528CC95A1""}]",https://www.ccgp.gov.cn/cggg/zygg/jzxtpgg/./202607/t20260715_26942452.htm,2026-09-09 16:19:19,竞争性谈判,25.0,table,,,,,,,,,,,,
湖北省消防救援总队2026年新消防员招录面试考核服务采购项目竞争性谈判公告,竞争性谈判公告,HBYFF-2026-C07034,2026年07月15日 17:52,湖北省,湖北省消防救援总队,湖北省武汉市武昌区公正路7号,027-87269999-9228,湖北引发管理咨询有限公司,武汉市武昌区东湖路181号楚天文化创意产业园5号楼3层,027-88220660,,,https://www.ccgp.gov.cn/cggg/zygg/jzxtpgg/./202607/t20260715_26941261.htm,2026-09-09 16:19:19,竞争性谈判,34.4288,table,,,,,,,,,,,,
中华人民共和国深圳出入境边防检查总站外环光缆部分路由结构优化调整项目竞争性谈判公告,竞争性谈判公告,3324-DH2630H4127,2026年07月15日 17:42,深圳市,中华人民共和国深圳出入境边防检查总站,广东省深圳市罗湖区人民南路1006号,苏警官  0755-84498653,深圳市东海国际招标有限公司,深圳市罗湖区太宁路2号百仕达大厦27B,常女士、覃女士0755-86959378或86959778转8020,,,https://www.ccgp.gov.cn/cggg/zygg/jzxtpgg/./202607/t20260715_26941005.htm,2026-09-09 16:19:19,竞争性谈判,15.262843,table,,,,,,,,,,,,
云南省消防救援总队特勤支队3D打印机采购项目竞争性谈判公告,竞争性谈判公告,YNSXFJYZDTQZD3DDYJCGXM,2026年07月15日 16:50,云南省,云南省消防救援总队训练与战勤保障支队,云南省昆明市安宁市草铺街道马明安明安路与龙宁路交叉口,李老师,云南蓝本招标咨询有限公司,昆明市西山区环城南路668号东南亚商场写字楼A座17楼,白玉琴/0871-64158494,公告.docx,"[{""attach_name"": ""公告.docx"", ""attach_url"": ""https://download.ccgp.gov.cn/oss/download?uuid=2C8C33C78B38A7BB037841F3C6B30C""}]",https://www.ccgp.gov.cn/cggg/zygg/jzxtpgg/./202607/t20260715_26939804.htm,2026-09-09 16:19:19,竞争性谈判,28.25,table,,,,,,,,,,,,
中华人民共和国延吉出入境边防检查站融媒体器材采购项目竞争性谈判公告（二次）,竞争性谈判公告,JLLT2026163,2026年07月15日 14:42,延吉市,中华人民共和国延吉出入境边防检查站,延吉市长白山西路6666号,牟晓国 0433-2211122,吉林省朗图工程咨询有限公司,延吉市公园街延大学府广场1号楼,张婧涵  0433-2333132,竞争性谈判.pdf,"[{""attach_name"": ""竞争性谈判.pdf"", ""attach_url"": ""https://download.ccgp.gov.cn/oss/download?uuid=DA284B709DC31CCE2C96FDB0CCAC62""}]",https://www.ccgp.gov.cn/cggg/zygg/jzxtpgg/./202607/t20260715_26937409.htm,2026-09-09 16:19:20,竞争性谈判,19.352,table,,,,,,,,,,,,
全国海关信息中心2026年网络安全设备维保服务采购项目竞争性谈判公告,竞争性谈判公告,0701-264113027R37,2026年07月15日 14:03,北京市,全国海关信息中心,北京市东城区金宝街63号,孟老师、010-85193064,中技国际招标有限公司,北京市丰台区西营街1号院通用时代中心C座,田嘉、010-81168201,,,https://www.ccgp.gov.cn/cggg/zygg/jzxtpgg/./202607/t20260715_26937083.htm,2026-09-09 16:19:20,竞争性谈判,94.0,table,,,,,,,,,,,,
中华人民共和国圈河出入境边防检查站龙门架专用设备购置项目竞争性谈判公告（二次）,竞争性谈判公告,ZQGL[2026]-311,2026年07月15日 13:47,珲春市,中华人民共和国圈河出入境边防检查站,吉林省珲春市站前西街860号,段警官  0433-7988002,吉林省中旗项目管理有限公司,延吉市公园街延大学府广场一号楼二层2005号,楚雪凝  0433-2233377,竞争性谈判文件260715.pdf,"[{""attach_name"": ""竞争性谈判文件260715.pdf"", ""attach_url"": ""https://download.ccgp.gov.cn/oss/download?uuid=B39A66A66B8780B1BBA337151C812C""}]",https://www.ccgp.gov.cn/cggg/zygg/jzxtpgg/./202607/t20260715_26937021.htm,2026-09-09 16:19:20,竞争性谈判,17.0,table,,,,,,,,,,,,
中华人民共和国畹町出入境边防检查站2026年度发电机采购项目竞争性谈判公告,竞争性谈判公告,WDCRJBFJCZ2026012/YDCTH20260975,2026年07月14日 23:45,瑞丽市,中华人民共和国畹町出入境边防检查站,云南省德宏州瑞丽市畹町经济开发区国防街3号,杨警官（0692）5150086,云南元大工程咨询有限责任公司,云南省昆明市盘龙区联盟路与万宏路交叉处万宏嘉园沣苑（地块三）B座15层（奥斯迪商务中心B座15楼）,段广超、陶泽强、毛冬慧、赵熙、胡仕骏、蔡慈进、曾桂华、赵德武、曹魁、王祥远、张琼、庄艳兰、夏晔、王琼焕、环艳娟、闫梅（0871）63335856,竞争性谈判公告(1).doc,"[{""attach_name"": ""竞争性谈判公告(1).doc"", ""attach_url"": ""https://download.ccgp.gov.cn/oss/download?uuid=C8A05BCB7B2499F41539416CEBF093""}]",https://www.ccgp.gov.cn/cggg/zygg/jzxtpgg/./202607/t20260714_26934331.htm,2026-09-09 16:19:20,竞争性谈判,24.99,table,,,,,,,,,,,,
应急指挥网链路服务竞争性谈判公告,竞争性谈判公告,JMSHCG2026-18,2026年07月14日 18:16,荆门市,荆门市消防救援支队,荆门市漳河新区深圳大道71号,周雷  0724-2354078,荆门商合工程咨询有限公司,荆门市掇刀区龙井大道100号,刘工  19971550051,,,https://www.ccgp.gov.cn/cggg/zygg/jzxtpgg/./202607/t20260714_26933104.htm,2026-09-09 16:19:20,竞争性谈判,18.05,table,,,,,,,,,,,,
文山边境管理支队2026年边境检查站深度查验区查验设备采购项目竞争性谈判公告,竞争性谈判公告,YNWCZB〔2026〕07009号,2026年07月14日 17:38,文山壮族苗族自治州,中华人民共和国文山边境管理支队（文山州公安局边境管理支队）,文山市华龙南路16号,陈浩 /0876-2845056,云南文诚招标有限公司,文山市华龙北路州政务管理局旁锦屏苑A区K-16号商铺,施万美0876-2136488,"（谈判文件）文山边境管理支队2026年边境检查站深度查验区查验设备采购项目7.14.docx,（竞争性谈判公告）文山边境管理支队2026年边境检查站深度查验区查验设备采购项目.docx","[{""attach_name"": ""（谈判文件）文山边境管理支队2026年边境检查站深度查验区查验设备采购项目7.14.docx"", ""attach_url"": ""https://download.ccgp.gov.cn/oss/download?uuid=2E9DAE153E2791792EABB4B25EB995""}, {""attach_name"": ""（竞争性谈判公告）文山边境管理支队2026年边境检查站深度查验区查验设备采购项目.docx"", ""attach_url"": ""https://download.ccgp.gov.cn/oss/download?uuid=E30A61A8BEC1326EB145CD5688A7C0""}]",https://www.ccgp.gov.cn/cggg/zygg/jzxtpgg/./202607/t20260714_26932399.htm,2026-09-09 16:19:21,竞争性谈判,16.67,table,,,,,,,,,,,,
文山边境管理支队警务通通信服务项目竞争性谈判公告,竞争性谈判公告,YNWCZB〔2026〕07006号,2026年07月14日 17:07,文山壮族苗族自治州,中华人民共和国文山边境管理支队（文山州公安局边境管理支队）,文山市华龙南路16号,陈浩0876-2845056,云南文诚招标有限公司,文山市华龙北路州政务管理局旁锦屏苑A区K-16号商铺,施万美0876-2136488,定（竞争性谈判公告）文山边境管理支队警务通通信服务项目.docx,"[{""attach_name"": ""定（竞争性谈判公告）文山边境管理支队警务通通信服务项目.docx"", ""attach_url"": ""https://download.ccgp.gov.cn/oss/download?uuid=5B2EB6D5B76C4421A603C44F8D3C26""}]",https://www.ccgp.gov.cn/cggg/zygg/jzxtpgg/./202607/t20260714_26931591.htm,2026-09-09 16:19:21,竞争性谈判,24.3,table,,,,,,,,,,,,
中国信息通信研究院2023年服务器互联项目-服务器节点间测试模块升级等竞争性谈判公告,竞争性谈判公告,BMCC-ZC26-1021,2026年07月14日 17:00,北京市,中国信息通信研究院,北京市海淀区花园北路52号,张焕焕 010-62302264,北京明德致信咨询有限公司,北京市海淀区学院路30号科大天工大厦B座1709室,"刘亚运,孙恺宁,吕家乐 010－82370045、FC@zbbmcc.com（保证金、发票等咨询）",（发售稿）ZC26-1021 2023年服务器互联项目-服务器节点间测试模块升级等竞争性谈判公告.docx,"[{""attach_name"": ""（发售稿）ZC26-1021 2023年服务器互联项目-服务器节点间测试模块升级等竞争性谈判公告.docx"", ""attach_url"": ""https://download.ccgp.gov.cn/oss/download?uuid=F00FCCFADAABF842987EC929151BE5""}]",https://www.ccgp.gov.cn/cggg/zygg/jzxtpgg/./202607/t20260714_26931440.htm,2026-09-09 16:19:21,竞争性谈判,47.0,table,,,,,,,,,,,,
中华人民共和国三峡机场出入境边防检查站洗衣房设备购置项目竞争性谈判公告,竞争性谈判公告,湖胜宜招2026-105,2026年07月14日 16:41,湖北省,中华人民共和国三峡机场出入境边防检查站,湖北省宜昌市西陵区发展大道89号,李警官/15672498933,湖北胜捷工程咨询有限责任公司,宜昌市发展大道16号金德瑞国际酒店22楼,尹镭/0717-6253135-8004,,,https://www.ccgp.gov.cn/cggg/zygg/jzxtpgg/./202607/t20260714_26930977.htm,2026-09-09 16:19:21,竞争性谈判,21.53,table,,,,,,,,,,,,
江西合胜合招标咨询有限公司关于南昌市西湖区消防救援大队2026年物业管理服务采购项目（项目编号：HSH2026ZJ009）第三次竞争性谈判公告,竞争性谈判公告,HSH2026ZJ009,2026年07月13日 17:06,南昌市,南昌市西湖区消防救援大队,江西省南昌市西湖区云天路520号文广大楼,郭女士 13979144133,江西合胜合招标咨询有限公司,江西省南昌市红谷滩区红谷北大道968号绿地外滩公馆写字楼19栋406室,姜梅、聂亮、范丹萍 0791-83978376,技术要求.docx,"[{""attach_name"": ""技术要求.docx"", ""attach_url"": ""https://download.ccgp.gov.cn/oss/download?uuid=7DB5552C83AC488C9FE61498284239""}]",https://www.ccgp.gov.cn/cggg/zygg/jzxtpgg/./202607/t20260713_26923652.htm,2026-09-09 16:19:21,竞争性谈判,164.061288,table,,,,,,,,,,,,
中华人民共和国郑州出入境边防检查站机房UPS设备购置项目竞争性谈判公告,竞争性谈判公告,ZZBJZ2026006,2026年07月13日 16:40,郑州市,中华人民共和国郑州出入境边防检查站,河南省郑州市航空港经济综合实验区长鹰路与货运路交叉口郑州边检站,万先生，0371-68510771,河南建威工程管理咨询有限公司,河南省郑州市航空港经济综合实验区长鹰路与货运路交叉口郑州边检站,朱先生，0371-63326826,竞争性谈判公告.pdf,"[{""attach_name"": ""竞争性谈判公告.pdf"", ""attach_url"": ""https://download.ccgp.gov.cn/oss/download?uuid=6377D2483B7397B0B6E8A9879A4372""}]",https://www.ccgp.gov.cn/cggg/zygg/jzxtpgg/./202607/t20260713_26923028.htm,2026-09-09 16:19:22,竞争性谈判,29.424,table,,,,,,,,,,,,
中华人民共和国莲塘出入境边防检查站笋岗综合楼燃气管网改造工程竞争性谈判公告,竞争性谈判公告,XRZB202607003,2026年07月13日 16:13,深圳市,中华人民共和国莲塘出入境边防检查站,广东省深圳市罗湖区人民南路1006号,苏警官 0755-84498653,深圳市鑫润招标代理有限公司,深圳市龙岗区龙城街道爱联社区缤纷世纪公寓A座31E、31F,冷工 0755-28680185/18988757177,,,https://www.ccgp.gov.cn/cggg/zygg/jzxtpgg/./202607/t20260713_26922437.htm,2026-09-09 16:19:22,竞争性谈判,40.253958,table,,,,,,,,,,,,
黄山市屯溪区消防救援大队宣传物料及印刷印制定点服务采购项目竞争性谈判公告,竞争性谈判公告,HSCX-TX2026005,2026年07月13日 15:30,屯溪区,黄山市屯溪区消防救援大队,安徽省黄山市屯溪区G205(五里亭路),程先生 0559-2511119,黄山诚信工程管理有限公司,黄山市屯溪区江南新城北区梧桐苑10幢403室,黄工 0559-2554466,"7.13采购需求.docx,7.13-黄山市屯溪区消防救援大队宣传物料及印刷印制定点服务采购项目.docx","[{""attach_name"": ""7.13采购需求.docx"", ""attach_url"": ""https://download.ccgp.gov.cn/oss/download?uuid=910D82AE720EB8138EE42719BC6339""}, {""attach_name"": ""7.13-黄山市屯溪区消防救援大队宣传物料及印刷印制定点服务采购项目.docx"", ""attach_url"": ""https://download.ccgp.gov.cn/oss/download?uuid=310F3F04332E394CC986D07CBCD310""}]",https://www.ccgp.gov.cn/cggg/zygg/jzxtpgg/./202607/t20260713_26921663.htm,2026-09-09 16:19:22,竞争性谈判,9.5,table,,,,,,,,,,,,
中华人民共和国龙湖出入境边防检查站龙湖出入境边防检查站枪弹库建设项目竞争性谈判公告,竞争性谈判公告,2026ZB025汕头市海岸工程管理有限公司,2026年07月13日 15:03,汕头市,中华人民共和国龙湖出入境边防检查站,/,0754-88972006,汕头市海岸工程管理有限公司,广东省汕头市龙湖区侨韵路22号（深汕数字科创产业园）14栋603房,陈工0754-86537189/13342707240,【附件】获取文件登记表.docx,"[{""attach_name"": ""【附件】获取文件登记表.docx"", ""attach_url"": ""https://download.ccgp.gov.cn/oss/download?uuid=1EB840D3EAB84AF0D80470BF6F85E7""}]",https://www.ccgp.gov.cn/cggg/zygg/jzxtpgg/./202607/t20260713_26921252.htm,2026-09-09 16:19:22,竞争性谈判,40.797499,table,,,,,,,,,,,,
成都高新技术产业开发区消防救援大队无人机救援设备采购项目竞争性谈判公告,竞争性谈判公告,CDYW-2026【采】-107号,2026年07月13日 11:23,成都市高新区,成都高新技术产业开发区消防救援大队,四川省成都市高新区天府三街1266号,陈老师028-85189141,成都一问工程技术咨询有限公司,四川省成都市金牛区一品天下大街999号金牛市民中心B座2102号,李先生028-83375882,采购文件领取登记表.docx,"[{""attach_name"": ""采购文件领取登记表.docx"", ""attach_url"": ""https://download.ccgp.gov.cn/oss/download?uuid=3FD0861FC3F5C0AE3C81F52EFA44C4""}]",https://www.ccgp.gov.cn/cggg/zygg/jzxtpgg/./202607/t20260713_26920017.htm,2026-09-09 16:19:22,竞争性谈判,48.0,table,,,,,,,,,,,,
中华人民共和国深圳出入境边防检查总站智能穿戴设备（智能眼镜）管理平台建设项目竞争性谈判公告,竞争性谈判公告,LD2026GP-BJA010,2026年07月13日 11:20,深圳市,中华人民共和国深圳出入境边防检查总站,深圳市罗湖区人民南路1006号,苏警官0755-84498653,深圳龙达招标有限公司,深圳市福田区沙头街道新华社区新洲十一街139号中央西谷大厦1806,张志辉0755-83864290-820,,,https://www.ccgp.gov.cn/cggg/zygg/jzxtpgg/./202607/t20260713_26919999.htm,2026-09-09 16:19:22,竞争性谈判,32.037,table,,,,,,,,,,,,
中华人民共和国皇岗边检站、罗湖边检站及深圳边检总站机关ups和空调等设备维保联合采购项目竞争性谈判公告,竞争性谈判公告,SZZZ2026-TQC0010,2026年07月13日 10:38,深圳市,中华人民共和国深圳出入境边防检查总站,深圳市罗湖区人民南路1006号,苏警官,深圳市中正招标有限公司,深圳市福田区民田路171号新华保险大厦903,杨琛，潘胤全，0755-83026699,,,https://www.ccgp.gov.cn/cggg/zygg/jzxtpgg/./202607/t20260713_26919665.htm,2026-09-09 16:19:23,竞争性谈判,58.6265,table,,,,,,,,,,,,
中华人民共和国深圳出入境边防检查总站数字证书应用审计系统采购项目竞争性谈判公告,竞争性谈判公告,LD2026GP-BJA009,2026年07月13日 10:07,深圳市,中华人民共和国深圳出入境边防检查总站,深圳市罗湖区人民南路1006号,苏警官0755-84498653,深圳龙达招标有限公司,深圳市福田区沙头街道新华社区新洲十一街139号中央西谷大厦1806,张志辉0755-83864290-820,,,https://www.ccgp.gov.cn/cggg/zygg/jzxtpgg/./202607/t20260713_26919441.htm,2026-09-09 16:19:23,竞争性谈判,19.5,table,,,,,,,,,,,,
江西合胜合招标咨询有限公司关于南昌消防救援机动支队文化装备采购项目（项目编号：HSH2026ZJ011）（第三次）竞争性谈判公告,竞争性谈判公告,HSH2026ZJ011,2026年07月10日 22:47,南昌市,福建省森林消防总队,南昌市新建区望城镇三联村甲1号,林助理 18805020522,江西合胜合招标咨询有限公司,江西省南昌市红谷滩区红谷北大道968号绿地外滩公馆写字楼19栋406室,姜梅、聂亮、范丹萍 0791-83978376,技术需求内容.docx,"[{""attach_name"": ""技术需求内容.docx"", ""attach_url"": ""https://download.ccgp.gov.cn/oss/download?uuid=29170752952B3317DF88E51190E59D""}]",https://www.ccgp.gov.cn/cggg/zygg/jzxtpgg/./202607/t20260710_26916168.htm,2026-09-09 16:19:23,竞争性谈判,32.7292,table,,,,,,,,,,,,
目标工频电磁探测数据分析软件竞争性谈判公告,竞争性谈判公告,ZC26GHB0054,2026年07月10日 19:34,湖北省,zycgr20240515,武汉市东湖新技术开发区启明一路2号,熊锋18228912141,中招工业发展（北京）有限公司,北京市海淀区皂君庙14号院9号楼1至5层全部,李婧璇/钱超逸/周天维13349890817/15327119716,,,https://www.ccgp.gov.cn/cggg/zygg/jzxtpgg/./202607/t20260710_26915645.htm,2026-09-09 16:19:23,竞争性谈判,27.0,table,,,,,,,,,,,,
文山边境管理支队麻栗坡大队2026年零星工程建设项目竞争性谈判公告,竞争性谈判公告,云润招字 GC2026-121,2026年07月10日 17:42,云南省,中华人民共和国文山边境管理支队（文山州公安局边境管理支队）,文山市华龙南路16号,陈浩，0876-2845056,云南润达工程项目管理咨询有限公司,昆明市西山区西福路中铁山海春风小区一期3幢101号,杨涛、黄涛、王德琨，0871-65353686,竞争性谈判公告-文山边境管理支队麻栗坡大队2026年零星工程建设项目.docx,"[{""attach_name"": ""竞争性谈判公告-文山边境管理支队麻栗坡大队2026年零星工程建设项目.docx"", ""attach_url"": ""https://download.ccgp.gov.cn/oss/download?uuid=CBEA6592F0C31AFF3976F28094D0DE""}]",https://www.ccgp.gov.cn/cggg/zygg/jzxtpgg/./202607/t20260710_26914230.htm,2026-09-09 16:19:23,竞争性谈判,39.530504,table,,,,,,,,,,,,
国家移民管理局常备力量第三总队洗车防护设施和非机动车棚建设项目（三次）竞争性谈判公告,竞争性谈判公告,GXCZ-A1-26610089,2026年07月10日 16:18,北京市,国家移民管理局常备力量第三总队,北京市丰台区右安路9号,/,国信国际工程咨询集团股份有限公司,北京市海淀区首体南路22号国兴大厦11层11B,李烁、贺莹  010-88357518-806,,,https://www.ccgp.gov.cn/cggg/zygg/jzxtpgg/./202607/t20260710_26911876.htm,2026-09-09 16:19:24,竞争性谈判,21.6883,table,,,,,,,,,,,,
包头市消防救援支队通信指挥车维修改造项目竞争性谈判公告,竞争性谈判公告,ZFCG304526072990,2026年07月10日 15:54,九原区,包头市消防救援支队,包头市稀土高新区稀土大街51号,徐宁 15049366655,内蒙古阳光采购服务平台有限责任公司,内蒙古呼和浩特市赛罕区阿吉泰路3号,赵玉信18586095939,【20260708修订】竞争性谈判文件(信通指挥车-修改版1).pdf,"[{""attach_name"": ""【20260708修订】竞争性谈判文件(信通指挥车-修改版1).pdf"", ""attach_url"": ""https://download.ccgp.gov.cn/oss/download?uuid=D010E47509342407AD24F7E5C4B18F""}]",https://www.ccgp.gov.cn/cggg/zygg/jzxtpgg/./202607/t20260710_26911362.htm,2026-09-09 16:19:24,竞争性谈判,29.5,table,,,,,,,,,,,,
2026-2027年中国疾控中心北区学生宿舍管理服务项目竞争性谈判公告,竞争性谈判公告,0701-264106090814,2026年07月10日 15:08,北京市,中国疾病预防控制中心,北京市昌平区昌百路155号,王老师010-58900135,中技国际招标有限公司,北京市丰台区西营街1号院通用时代中心C座9层,侯雅雯、孙薇010－81168618,"竞争性谈判公告.docx,采购需求.docx","[{""attach_name"": ""竞争性谈判公告.docx"", ""attach_url"": ""https://download.ccgp.gov.cn/oss/download?uuid=725684C2EAC8DCF7777AFFF025369B""}, {""attach_name"": ""采购需求.docx"", ""attach_url"": ""https://download.ccgp.gov.cn/oss/download?uuid=9B98A813FAC77E305421504383EF03""}]",https://www.ccgp.gov.cn/cggg/zygg/jzxtpgg/./202607/t20260710_26910526.htm,2026-09-09 16:19:24,竞争性谈判,45.0,table,,,,,,,,,,,,
酒泉边境管理支队戍边公寓房附属设施维修运维采购项目竞争性谈判公告,竞争性谈判公告,JQBJGLZD(2026)-4号,2026年07月10日 11:27,市辖区,酒泉边境管理支队,酒泉市肃州区金塔路11号,邢徐峰，0937-5926482,甘肃华洲工程咨询有限公司,甘肃省酒泉市肃州区瓜州路16号,杨斌德，17325139468,"7.10定稿-招标文件.pdf,晋城路改造-施工图.rar","[{""attach_name"": ""7.10定稿-招标文件.pdf"", ""attach_url"": ""https://download.ccgp.gov.cn/oss/download?uuid=97EDE07E3072A79375E2F9F8244355""}, {""attach_name"": ""晋城路改造-施工图.rar"", ""attach_url"": ""https://download.ccgp.gov.cn/oss/download?uuid=249CBE2DA7B8BCE29DF41EA19D179F""}]",https://www.ccgp.gov.cn/cggg/zygg/jzxtpgg/./202607/t20260710_26909008.htm,2026-09-09 16:19:24,竞争性谈判,66.28,table,,,,,,,,,,,,
怒江边境管理支队涉案财物室及案管室设备采购项目竞争性谈判公告,竞争性谈判公告,NJBG2026006,2026年07月09日 18:58,怒江傈僳族自治州,怒江边境管理支队（怒江州公安局边境管理支队）,云南省怒江州泸水市六库镇八一路128号,闫警官 0886-3615148,昆明建设咨询管理有限公司,云南省昆明市西山区润城第四大道3栋3楼303室,泰应勤、王晓光、周宏伟、张晋、夏添、吴勇15288238707,竞争性谈判公告.docx,"[{""attach_name"": ""竞争性谈判公告.docx"", ""attach_url"": ""https://download.ccgp.gov.cn/oss/download?uuid=1AFB03AE5AA3777D5149B3741C5CBC""}]",https://www.ccgp.gov.cn/cggg/zygg/jzxtpgg/./202607/t20260709_26906383.htm,2026-09-09 16:19:24,竞争性谈判,74.9355,table,,,,,,,,,,,,
博州边境管理支队基层单位弱电线路维修项目竞争性谈判公告,竞争性谈判公告,ZCTP2026-011,2026年07月09日 18:33,博尔塔拉蒙古自治州,博州边境管理支队,新疆博乐市和平路183号,张警官；0909-2237370,中创名建工程管理集团有限公司,新疆博州博乐市克尔根卓街道文化路中央名筑42 号楼 4 层 12 号,谷芳；17399097222,,,https://www.ccgp.gov.cn/cggg/zygg/jzxtpgg/./202607/t20260709_26906052.htm,2026-09-09 16:19:24,竞争性谈判,15.0,table,,,,,,,,,,,,
国家移民管理局瑞丽遣返中心2026年度办公用品供应服务采购项目竞争性谈判公告,竞争性谈判公告,YNJH2026022,2026年07月09日 16:07,瑞丽市,国家移民管理局瑞丽遣返中心,云南省德宏州瑞丽市勐秀乡小街村委会瑞章路7号（瑞丽遣返中心）,张老师，0692-3015054,云南骏航工程咨询有限责任公司,昆明市五华区沙河路中铁云时代广场金地6楼,侍文凡、郎婷、莫玉婷、马素蓉、周海芳、谭昕、沈冲、刘柏元0871-68105375、0871-68215086,竞争性谈判公告.docx,"[{""attach_name"": ""竞争性谈判公告.docx"", ""attach_url"": ""https://download.ccgp.gov.cn/oss/download?uuid=20DFE71256F93D1FE78D6F149C1AD4""}]",https://www.ccgp.gov.cn/cggg/zygg/jzxtpgg/./202607/t20260709_26903036.htm,2026-09-09 16:19:25,竞争性谈判,48.270386,table,,,,,,,,,,,,
中华人民共和国友谊关出入境边防检查站标准化床品套组采购项目（重）竞争性谈判公告,竞争性谈判公告,GXJJ08202601-18,2026年07月09日 11:27,凭祥市,中华人民共和国友谊关出入境边防检查站,广西凭祥市南大路326号,刘警官  0771-8520889,广西建基项目管理顾问有限公司,崇左市江州区龙胤金街31栋1-105号房,周工  18648918807,,,https://www.ccgp.gov.cn/cggg/zygg/jzxtpgg/./202607/t20260709_26900491.htm,2026-09-09 16:19:25,竞争性谈判,13.982,table,,,,,,,,,,,,
江西骏马招标咨询有限公司关于南昌铁路公安局南昌公安处2026年度公务用车保险采购项目（第三次）[项目编号:JXJM20260466]竞争性谈判采购公告,竞争性谈判公告,JXJM20260466,2026年07月08日 19:52,江西省,南昌铁路公安局南昌公安处,南昌市西湖区二七南路129号,杜先生  0791-87022448,江西骏马招标咨询有限公司,南昌市红谷滩区凤凰中大道926号中洋大厦12楼,祖浩然、马诗勇0791-88615995,,,https://www.ccgp.gov.cn/cggg/zygg/jzxtpgg/./202607/t20260708_26898360.htm,2026-09-09 16:19:25,竞争性谈判,50.0,table,,,,,,,,,,,,
北京理工大学怀来科研试验基地1295亩围墙建设项目竞争性谈判公告,竞争性谈判公告,TC260803L,2026年07月08日 19:03,北京市,北京理工大学,北京市海淀区中关村南大街5号,张老师；010-68917514,中招国际招标有限公司,北京市海淀区学院南路62号中关村资本大厦6层611A室,曲志鸣、师杉；010-62108149、62108152,,,https://www.ccgp.gov.cn/cggg/zygg/jzxtpgg/./202607/t20260708_26898078.htm,2026-09-09 16:19:25,竞争性谈判,188.0479,table,,,,,,,,,,,,
中华人民共和国莲塘出入境边防检查站中华人民共和国莲塘边检站笋岗综合楼防水及消防系统修缮工程竞争性谈判公告,竞争性谈判公告,GXSZ-20260202SZJZ,2026年07月08日 18:32,深圳市,中华人民共和国莲塘出入境边防检查站,深圳市罗湖区人民南路1006号,何警官0755-84498651,深圳高星项目管理有限公司,深圳市福田区泰然九路天地源盛唐大厦东座1403,郑工0755-88918226,中华人民共和国莲塘边检站笋岗综合楼防水及消防系统修缮工程谈判邀请公告(3).doc,"[{""attach_name"": ""中华人民共和国莲塘边检站笋岗综合楼防水及消防系统修缮工程谈判邀请公告(3).doc"", ""attach_url"": ""https://download.ccgp.gov.cn/oss/download?uuid=0E50D46A806A26676FEF844DF35F8A""}]",https://www.ccgp.gov.cn/cggg/zygg/jzxtpgg/./202607/t20260708_26897758.htm,2026-09-09 16:19:25,竞争性谈判,44.371334,table,,,,,,,,,,,,
中国人民银行四川省分行全省机房动环监控系统配套外设采购项目（第三次）竞争性谈判采购公告,竞争性谈判公告,SCRH[2026]014号,2026年07月08日 17:24,四川省,中国人民银行四川省分行,成都市二环路南二段15号,李老师 028-85261569,四川国际招标有限责任公司,中国（四川）自由贸易试验区成都市高新区天府四街66号2栋22层1号,张女士 13111881792,,,https://www.ccgp.gov.cn/cggg/zygg/jzxtpgg/./202607/t20260708_26896592.htm,2026-09-09 16:19:25,竞争性谈判,50.0,table,,,,,,,,,,,,
中华人民共和国山东出入境边防检查总站山东出入境边防检查总站轮训大队营门改造项目竞争性谈判公告,竞争性谈判公告,SDLXDD2026-001,2026年07月08日 16:58,市辖区,中华人民共和国山东出入境边防检查总站,东营市东营经济开发区登州路610号,王警官0546-6375110,山东华胜项目管理咨询有限公司,东营市东城南一路与东二路交叉口西南角人社局17楼1711室,商女士；0546-8307399,山东出入境边防检查总站轮训大队营门改造项目采购需求.pdf,"[{""attach_name"": ""山东出入境边防检查总站轮训大队营门改造项目采购需求.pdf"", ""attach_url"": ""https://download.ccgp.gov.cn/oss/download?uuid=C622B4F2238D4A707E5302AE9DBC5E""}]",https://www.ccgp.gov.cn/cggg/zygg/jzxtpgg/./202607/t20260708_26895897.htm,2026-09-09 16:19:26,竞争性谈判,10.0,table,,,,,,,,,,,,
中华人民共和国河南出入境边防检查总站机关锅炉供暖改造项目竞争性谈判公告,竞争性谈判公告,HNZZ2026ZC013,2026年07月08日 16:46,市辖区,中华人民共和国河南出入境边防检查总站,郑州市中州大道1108号中华人民共和国河南出入境边防检查总站,吴警官  0371-69513988,大成工程咨询有限公司,郑州市经三路与纬五路交叉口西北角广汇国贸A区12楼1202,杨永丽 田兴 王女士  0371-65585906,中华人民共和国河南出入境边防检查总站机关锅炉供暖改造项目竞争性谈判公告7.8.doc,"[{""attach_name"": ""中华人民共和国河南出入境边防检查总站机关锅炉供暖改造项目竞争性谈判公告7.8.doc"", ""attach_url"": ""https://download.ccgp.gov.cn/oss/download?uuid=CEE822A23BD29BFBAF5DC7EDB64CE4""}]",https://www.ccgp.gov.cn/cggg/zygg/jzxtpgg/./202607/t20260708_26895525.htm,2026-09-09 16:19:26,竞争性谈判,36.0,table,,,,,,,,,,,,
准格尔旗消防救援大队世纪大道消防站车库门改造【第1次重新采购】竞争性谈判公告,竞争性谈判公告,ZFCG304526062537,2026年07月08日 16:23,准格尔旗,准格尔旗消防救援大队,鄂尔多斯市准格尔旗腾飞路,王珍 15661898509,内蒙古阳光采购服务平台有限责任公司,内蒙古呼和浩特市赛罕区阿吉泰路3号,赵玉信 18586095939  李经理 13624839479,竞争性谈判文件终稿.pdf,"[{""attach_name"": ""竞争性谈判文件终稿.pdf"", ""attach_url"": ""https://download.ccgp.gov.cn/oss/download?uuid=8AC57638101C13A3D54FB365B97356""}]",https://www.ccgp.gov.cn/cggg/zygg/jzxtpgg/./202607/t20260708_26895004.htm,2026-09-09 16:19:26,竞争性谈判,49.5,table,,,,,,,,,,,,
2026-2027年度漳州海关综合技术服务中心气体采购（二次）竞争性谈判公告,竞争性谈判公告,闽瑞晟漳采【2026】013号-1,2026年07月08日 15:54,龙文区,漳州海关综合技术服务中心,福建省漳州市龙文区石仓南路7号,张先生、0596-3983195,福建瑞晟建设工程造价咨询有限公司,漳州市芗城区江滨花园沿江2号楼606室,曾友华、0596-2568567,,,https://www.ccgp.gov.cn/cggg/zygg/jzxtpgg/./202607/t20260708_26894428.htm,2026-09-09 16:19:26,竞争性谈判,0.8008,table,,,,,,,,,,,,
福州海关信息中心机房及支持热线值守服务采购项目竞争性谈判公告,竞争性谈判公告,FJTH-132202607011、请供应商务必认真核对账户信息，将谈判保证金款项汇入对应账户，并自行承担因款项汇错而产生的一切后果。 2、请供应商在转账或电汇的凭证上务必按照以下格式注明，以便核对：“,2026年07月08日 14:51,福建省,福州海关信息中心,福州市马尾区江滨东大道76号,何女士0591-87082242,福建省天海招标有限公司,福州市鼓楼区营迹路69号恒力创富中心西塔8楼,吴彬彬/王秀熔/古雯/林彬0591-87878462-810/819,,,https://www.ccgp.gov.cn/cggg/zygg/jzxtpgg/./202607/t20260708_26893330.htm,2026-09-09 16:19:26,竞争性谈判,39.6,table,,,,,,,,,,,,
运城出入境边防检查站现场勤务指挥中心改造项目竞争性谈判公告,竞争性谈判公告,SXEZDL2026013,2026年07月08日 08:46,盐湖区,中华人民共和国运城出入境边防检查站,山西省运城市空港新区关东街,郑先生   0359-2536019（转5016）,山西恩正工程项目管理有限公司,运城市盐湖区条山街怡世名邸1-2-1503室,窦女士   0359-8763435,,,https://www.ccgp.gov.cn/cggg/zygg/jzxtpgg/./202607/t20260708_26890765.htm,2026-09-09 16:19:27,竞争性谈判,20.0,table,,,,,,,,,,,,
某单位采购药品及医疗耗材配送服务采购项目竞争性谈判公告,竞争性谈判公告,B0708-CMC26N7204,2026年07月08日 08:09,北京市,SPD,北京市西城区闹市口大街甲11号,/,中国机械进出口（集团）有限公司,北京市丰台区金泽东路通用时代中心C座,孙老师、刘老师，电话：010-81168213、81168214、81168263 电子邮箱：sunyixia@cmc.gt.cn,附件 购买招标文件 采购文件登记表.docx,"[{""attach_name"": ""附件 购买招标文件 采购文件登记表.docx"", ""attach_url"": ""https://download.ccgp.gov.cn/oss/download?uuid=D514686ADB46D75AF9CCB5712D1DD1""}]",https://www.ccgp.gov.cn/cggg/zygg/jzxtpgg/./202607/t20260708_26890730.htm,2026-09-09 16:19:27,竞争性谈判,179.0,table,,,,,,,,,,,,
中华人民共和国红山嘴出入境边防检查站2026年车辆维修服务采购项目竞争性谈判公告,竞争性谈判公告,ZFCG-JTSZZB2026-67,2026年07月07日 20:00,阿勒泰市,中华人民共和国红山嘴出入境边防检查站,新疆阿勒泰市迎宾路276号,陈警官0906-7602111,新疆金泰首致项目管理咨询有限公司,阿勒泰市佰颂广场雲汐酒店6楼,冯成成18509944088,竞争性谈判公告.pdf,"[{""attach_name"": ""竞争性谈判公告.pdf"", ""attach_url"": ""https://download.ccgp.gov.cn/oss/download?uuid=5D3A2234908E1A6EA579612F90DF33""}]",https://www.ccgp.gov.cn/cggg/zygg/jzxtpgg/./202607/t20260707_26889761.htm,2026-09-09 16:19:27,竞争性谈判,14.25,table,,,,,,,,,,,,
自然资源部宁德海洋中心业务用船租赁服务项目竞争性谈判公告,竞争性谈判公告,HZXM-2026-029,2026年07月07日 19:18,市辖区,国家海洋局宁德海洋环境监测中心站,福建省宁德市兴宁路3号,廖先生/0591-28325608,福建华泽项目管理有限公司,宁德市蕉城区蕉城南路40号锦绣茗苑1幢1梯6层,谢宇星/0593-2356788,招标文件获取登记表6.docx,"[{""attach_name"": ""招标文件获取登记表6.docx"", ""attach_url"": ""https://download.ccgp.gov.cn/oss/download?uuid=4B79896C35E13E47B1A9948B880196""}]",https://www.ccgp.gov.cn/cggg/zygg/jzxtpgg/./202607/t20260707_26889594.htm,2026-09-09 16:19:27,竞争性谈判,0.0,table,,,,,,,,,,,,
中华人民共和国延吉出入境边防检查站融媒体器材采购项目竞争性谈判公告,竞争性谈判公告,JLLT2026163,2026年07月07日 16:50,延吉市,中华人民共和国延吉出入境边防检查站,延吉市长白山西路6666号,牟晓国 0433-2211122,吉林省朗图工程咨询有限公司,延吉市公园街延大学府广场1号楼,张婧涵  0433-2333132,,,https://www.ccgp.gov.cn/cggg/zygg/jzxtpgg/./202607/t20260707_26886949.htm,2026-09-09 16:19:27,竞争性谈判,19.352,table,,,,,,,,,,,,
中国人民银行四川省分行天府金信网升级整合竞争性谈判采购公告,竞争性谈判公告,SCRH[2026]023号,2026年07月07日 16:49,四川省,中国人民银行四川省分行,四川省成都市二环路南二段15号,联系人：刘老师；联系电话：028-85261145,四川中汇恒工程项目管理咨询有限公司,四川省成都市武侯区太平园中四路大合仓星商界4栋3单元310号,联系人：赵瑾；联系电话：028-85558473,,,https://www.ccgp.gov.cn/cggg/zygg/jzxtpgg/./202607/t20260707_26886854.htm,2026-09-09 16:19:27,竞争性谈判,56.0,table,,,,,,,,,,,,
丹东边境管理支队警务站（室）建设采购项目竞争性谈判公告,竞争性谈判公告,LNBC20260624001,2026年07月07日 10:15,振兴区,丹东边境管理支队,辽宁省丹东市振兴区中心北路1号,于先生0415-4144699、支队纪检监督电话：0415-4144991转308 、总站纪检监督电话：024-86501111转7203、7208,辽宁百成项目管理有限公司,辽宁省丹东市振兴区兴五路26-2-10号,庄丽婷0415-2299899,,,https://www.ccgp.gov.cn/cggg/zygg/jzxtpgg/./202607/t20260707_26882491.htm,2026-09-09 16:19:28,竞争性谈判,29.837101,table,,,,,,,,,,,,
云南省消防救援总队总队机关静中通升级改造项目（三次）竞争性谈判公告,竞争性谈判公告,YNSXFJYZDZDJGJZTSJGZXM,2026年07月07日 10:00,云南省,云南省消防救援总队,云南省昆明市官渡区海塘路666号,王老师 0871-64569344,云南卓宙工程咨询有限公司,昆明市五华区科普路与王筇路交叉口绿地创海大厦6楼,余文瑞、余敏、赵梦蝶、叶瑞龙  0871-68101652,"磋商公告.doc,附件.docx","[{""attach_name"": ""磋商公告.doc"", ""attach_url"": ""https://download.ccgp.gov.cn/oss/download?uuid=2E2E862E7B6BA030A8845528074F9E""}, {""attach_name"": ""附件.docx"", ""attach_url"": ""https://download.ccgp.gov.cn/oss/download?uuid=28CE4533AAFE61E2A8DC5D4E8CAAFA""}]",https://www.ccgp.gov.cn/cggg/zygg/jzxtpgg/./202607/t20260707_26882376.htm,2026-09-09 16:19:28,竞争性谈判,41.4315,table,,,,,,,,,,,,
山西省运城盐湖高新技术产业开发区消防救援大队正规化建设项目（货物部分）竞争性谈判公告,竞争性谈判公告,YCZD-H-2026001,2026年07月06日 17:39,盐湖区,运城市消防救援支队城南大队,运城市盐湖区北城街道东留村,王先生、13834942757,山西诚赢天下工程项目管理有限公司,运城市红旗东街金水湾小区1号楼,张先生、0359-8333373,,,https://www.ccgp.gov.cn/cggg/zygg/jzxtpgg/./202607/t20260706_26879878.htm,2026-09-09 16:19:28,竞争性谈判,37.049167,table,,,,,,,,,,,,
国家卫星气象中心（国家空间天气监测预警中心）风云卫星在首都关键区的定量应用竞争性谈判公告,竞争性谈判公告,GXCZ-C-26070017,2026年07月06日 17:27,北京市,国家卫星气象中心,北京海淀区中关村南大街46号,韩老师，010-58994548,国信招标集团股份有限公司,北京市海淀区首体南路22号国兴大厦11层,张画冰/王婉婷，010-88354433-231,谈判公告.pdf,"[{""attach_name"": ""谈判公告.pdf"", ""attach_url"": ""https://download.ccgp.gov.cn/oss/download?uuid=1C2D4D863A9FF4C3FED46D60333931""}]",https://www.ccgp.gov.cn/cggg/zygg/jzxtpgg/./202607/t20260706_26879589.htm,2026-09-09 16:19:28,竞争性谈判,36.9,table,,,,,,,,,,,,
崇信县消防救援大队食堂主副食采购配送项目竞争性谈判公告,竞争性谈判公告,CXJYZXZC2026017,2026年07月06日 17:24,崇信县,崇信县消防救援大队,18694153658,苟鑫,平凉市康润工程管理咨询有限责任公司,18193331033,史玲,"崇信县消防救援大队食堂主副食采购配送项目——竞争性谈判公告.docx,崇信县消防救援大队食堂主副食采购配送项目.zip","[{""attach_name"": ""崇信县消防救援大队食堂主副食采购配送项目——竞争性谈判公告.docx"", ""attach_url"": ""https://download.ccgp.gov.cn/oss/download?uuid=81DB341F68599D6CB0473BC533B1BE""}, {""attach_name"": ""崇信县消防救援大队食堂主副食采购配送项目.zip"", ""attach_url"": ""https://download.ccgp.gov.cn/oss/download?uuid=02AE0801FC9479833115A4D2CC481E""}]",https://www.ccgp.gov.cn/cggg/zygg/jzxtpgg/./202607/t20260706_26879540.htm,2026-09-09 16:19:28,竞争性谈判,46.52,table,,,,,,,,,,,,
中国特种设备检测研究院能量色散X射线荧光光谱仪竞争性谈判公告（第二次）,竞争性谈判公告,0773-2641GNQGHWJT0542,2026年07月06日 17:11,北京市,中国特种设备检测研究院,北京市朝阳区和平街西苑2号,杨老师01056993566,中金招标有限责任公司,北京市海淀区西三环北路21号久凌大厦15层,桑工、周工13121879350,"授权委托书格式（参考）.docx,能量色散X射线荧光光谱仪竞争性谈判公告.docx","[{""attach_name"": ""授权委托书格式（参考）.docx"", ""attach_url"": ""https://download.ccgp.gov.cn/oss/download?uuid=8A958F9D78298B9312D3A9893A6692""}, {""attach_name"": ""能量色散X射线荧光光谱仪竞争性谈判公告.docx"", ""attach_url"": ""https://download.ccgp.gov.cn/oss/download?uuid=CCD5D2E879F6DEE6ED0BF3A7A05E70""}]",https://www.ccgp.gov.cn/cggg/zygg/jzxtpgg/./202607/t20260706_26879268.htm,2026-09-09 16:19:29,竞争性谈判,80.0,table,,,,,,,,,,,,
新余市消防救援支队本级2026年车辆保险服务采购项目竞争性谈判公告,竞争性谈判公告,JDGR2026-XY-F010,2026年07月06日 16:36,市辖区,新余市消防救援支队,新余市渝水区城北街道平安路175号,刘先生13507909237,九鼎赣饶国际项目管理有限公司,新余市仰天岗大道359号宜和新苑北门东面,彭女士0790-6428855,"新余市消防救援支队本级2026年车辆保险服务采购项目XY-F010.pdf,新余市消防救援支队本级2026年车辆保险服务采购公告XY-F010.pdf","[{""attach_name"": ""新余市消防救援支队本级2026年车辆保险服务采购项目XY-F010.pdf"", ""attach_url"": ""https://download.ccgp.gov.cn/oss/download?uuid=6E4CC4FBB323DB0BF8512C0E751765""}, {""attach_name"": ""新余市消防救援支队本级2026年车辆保险服务采购公告XY-F010.pdf"", ""attach_url"": ""https://download.ccgp.gov.cn/oss/download?uuid=2ED62A55AD109F7B92FD79BB804574""}]",https://www.ccgp.gov.cn/cggg/zygg/jzxtpgg/./202607/t20260706_26878396.htm,2026-09-09 16:19:29,竞争性谈判,24.513283,table,,,,,,,,,,,,
中国地震局工程力学研究所离退办、变电所办公室维修改造工程竞争性谈判公告,竞争性谈判公告,HTCL-JT-265007,2026年07月06日 15:40,哈尔滨市,中国地震局工程力学研究所,黑龙江省哈尔滨市南岗区学府路29号,付正喆，0451-86652612,黑龙江省招标有限公司,哈尔滨市南岗区汉水路180号,苏锐、张婧羽，0451-82364797,,,https://www.ccgp.gov.cn/cggg/zygg/jzxtpgg/./202607/t20260706_26877290.htm,2026-09-09 16:19:29,竞争性谈判,43.626327,table,,,,,,,,,,,,
北京大学燕园校区危险树修剪服务竞争性谈判公告（二次）,竞争性谈判公告,HCZB-2026-ZB0620,2026年07月06日 15:34,北京市,北京大学,北京市海淀区颐和园路5号,李老师010-62753242,华采招标集团有限公司,北京市丰台区广安路9号国投财富广场6号楼1601室,010-63509799-8038/8078,谈判公告  危险树木二次.docx,"[{""attach_name"": ""谈判公告  危险树木二次.docx"", ""attach_url"": ""https://download.ccgp.gov.cn/oss/download?uuid=720B3B43A57D218254B8048BD9C59C""}]",https://www.ccgp.gov.cn/cggg/zygg/jzxtpgg/./202607/t20260706_26877194.htm,2026-09-09 16:19:29,竞争性谈判,24.0,table,,,,,,,,,,,,
中华人民共和国重庆出入境边防检查总站重庆出入境边防检查总站执法执勤装备购置（26WA0086）竞争性谈判公告,竞争性谈判公告,26WA0086,2026年07月06日 14:26,渝北区,中华人民共和国重庆出入境边防检查总站,重庆市两江新区航宾大道67号,于警官023-65593409,重庆市政府采购中心,重庆市两江新区五简路2号重庆咨询大厦B座502室,杨敬杰  唐 玮023-67707261 67523244,谈判-重庆出入境边防检查总站执法执勤装备购置（第二次终审稿）.doc,"[{""attach_name"": ""谈判-重庆出入境边防检查总站执法执勤装备购置（第二次终审稿）.doc"", ""attach_url"": ""https://download.ccgp.gov.cn/oss/download?uuid=9DBE799016695C33D9CF380286CC17""}]",https://www.ccgp.gov.cn/cggg/zygg/jzxtpgg/./202607/t20260706_26876423.htm,2026-09-09 16:19:29,竞争性谈判,101.85,table,,,,,,,,,,,,
中华人民共和国开平出入境边防检查站2026年营房营具维修改造工程项目简易竞争性谈判公告,竞争性谈判公告,,2026年07月06日 11:19,开平市,中华人民共和国开平出入境边防检查站,广东省开平市金山西路13号,叶克剑:0750-8507232,详见公告正文,详见公告正文,详见公告正文,"开平出入境边防检查站2026年营房营具维修改造工程-空白清单Excel.zip,（图纸）中华人民共和国开平出入境边防检查站2026年营房营具维修改造工程.zip,（谈判文件）中华人民共和国开平出入境边防检查站2026年营房营具维修改造工程项目简易竞争性谈判文件.doc,（合同）中华人民共和国开平出入境边防检查站2026年营房营具维修改造工程施工合同.docx,开平出入境边防检查站2026营房营具维修改造工程项目需求文件.doc","[{""attach_name"": ""开平出入境边防检查站2026年营房营具维修改造工程-空白清单Excel.zip"", ""attach_url"": ""https://download.ccgp.gov.cn/oss/download?uuid=7F2BF398C38AEE1D909E5A0FEC9BCD""}, {""attach_name"": ""（图纸）中华人民共和国开平出入境边防检查站2026年营房营具维修改造工程.zip"", ""attach_url"": ""https://download.ccgp.gov.cn/oss/download?uuid=EB38E322E3B51363D6A4E9A0C17F98""}, {""attach_name"": ""（谈判文件）中华人民共和国开平出入境边防检查站2026年营房营具维修改造工程项目简易竞争性谈判文件.doc"", ""attach_url"": ""https://download.ccgp.gov.cn/oss/download?uuid=A29CE48CBA97E328B704EE6B48274B""}, {""attach_name"": ""（合同）中华人民共和国开平出入境边防检查站2026年营房营具维修改造工程施工合同.docx"", ""attach_url"": ""https://download.ccgp.gov.cn/oss/download?uuid=2E1775D2E3DFC96706BD125D6F9A47""}, {""attach_name"": ""开平出入境边防检查站2026营房营具维修改造工程项目需求文件.doc"", ""attach_url"": ""https://download.ccgp.gov.cn/oss/download?uuid=90D997AFBDBB15D17B6BECF7D3097C""}]",https://www.ccgp.gov.cn/cggg/zygg/jzxtpgg/./202607/t20260706_26875492.htm,2026-09-09 16:19:29,竞争性谈判,42.0,table,,,,,,,,,,,,
2026年中国疾控中心全球疫情数据分析和风险评估平台运维项目竞争性谈判公告,竞争性谈判公告,0701-264106090804,2026年07月06日 11:18,北京市,中国疾病预防控制中心,北京市昌平区昌百路155号,王老师010-58900135,中技国际招标有限公司,北京市丰台区西营街1号院通用时代中心C座9层,侯雅雯、孙薇010－81168618,"竞争性谈判公告.docx,采购需求.docx","[{""attach_name"": ""竞争性谈判公告.docx"", ""attach_url"": ""https://download.ccgp.gov.cn/oss/download?uuid=E798824B25B9F4B9239FF6686F888D""}, {""attach_name"": ""采购需求.docx"", ""attach_url"": ""https://download.ccgp.gov.cn/oss/download?uuid=AAA79BD37C13DCB6C1361E115AF95F""}]",https://www.ccgp.gov.cn/cggg/zygg/jzxtpgg/./202607/t20260706_26875494.htm,2026-09-09 16:19:30,竞争性谈判,89.0,table,,,,,,,,,,,,
中国人民银行福建省分行2026-2029年全省网络租赁项目（二次）竞争性谈判公告,竞争性谈判公告,2026-FZST155-1,2026年07月06日 10:56,鼓楼区,中国人民银行福建省分行,福建省福州市五四路220号,吴女士/0591-88010950,福建中实招标有限公司,福州市鼓楼区华林路201号华林大厦10层,刘冬华、方立、胡文姬、陈小芳/0591-87767687-8606,,,https://www.ccgp.gov.cn/cggg/zygg/jzxtpgg/./202607/t20260706_26875325.htm,2026-09-09 16:19:30,竞争性谈判,43.0,table,,,,,,,,,,,,
中国科学院赣江创新研究院高新技术企业产品研发责任保险采购项目竞争性谈判公告,竞争性谈判公告,TC26070G7,2026年07月03日 20:50,赣州市,中国科学院赣江创新研究院,江西省赣州市赣县区科学院路1号,联系人：罗老师 电话：0797-4565919,中招国际招标有限公司,北京市海淀区学院南路62号中关村资本大厦911B室,罗子琦、徐子玲、王高云、郭文星、徐润斌 010-61954095、61954155  luoziqi@cntcitc.com.cn,,,https://www.ccgp.gov.cn/cggg/zygg/jzxtpgg/./202607/t20260703_26871515.htm,2026-09-09 16:19:30,竞争性谈判,39.0,table,,,,,,,,,,,,
中国工程物理研究院动力部2026年污水处理厂污泥处置项目竞争性谈判公告,竞争性谈判公告,0747-2661SCCMY206,2026年07月03日 16:36,绵阳市,中国工程物理研究院动力部,四川省绵阳绵山路64号,付浩   0816-2493267,中化商务有限公司,北京市丰台区平安幸福中心B座26层/四川省绵阳市绵山路64号华庭酒店301（绵阳项目部地址）,景傅、黄龙伟 0816-2489230,第四章2.pdf,"[{""attach_name"": ""第四章2.pdf"", ""attach_url"": ""https://download.ccgp.gov.cn/oss/download?uuid=CC96302CF00F8FFC018164A90F380D""}]",https://www.ccgp.gov.cn/cggg/zygg/jzxtpgg/./202607/t20260703_26867895.htm,2026-09-09 16:19:30,竞争性谈判,130.0,table,,,,,,,,,,,,
中国科学院高能物理研究所CSNS-II靶站水冷却系统气体循环泵采购项目竞争性谈判公告,竞争性谈判公告,OITC-G260DY0030,2026年07月03日 15:30,北京市,中国科学院高能物理研究所,广东省东莞市松山湖园区中子源路1号,吉文君，0769-88931096,国科东仪(广东)项目管理有限公司,东莞市莞城街道旗峰路莞城段200号1单元602室,徐兵、张莲、宣柏林/0769-26627023、020-87001523 /bxu@oitc.com.cn、lzhang@oitc.com.cn、mye@oitc.com.cn,0030项目需求.docx,"[{""attach_name"": ""0030项目需求.docx"", ""attach_url"": ""https://download.ccgp.gov.cn/oss/download?uuid=99E2BB9F0E461C4BF995D0F5D27F16""}]",https://www.ccgp.gov.cn/cggg/zygg/jzxtpgg/./202607/t20260703_26866387.htm,2026-09-09 16:19:30,竞争性谈判,250.0,table,,,,,,,,,,,,
中华人民共和国友谊关出入境边防检查站标准化床品套组采购项目竞争性谈判公告,竞争性谈判公告,GXJJ08202601-18,2026年07月02日 17:22,凭祥市,中华人民共和国友谊关出入境边防检查站,广西凭祥市南大路326号,刘警官  0771-8520889,广西建基项目管理顾问有限公司,崇左市江州区龙胤金街31栋1-105号房,周工  18648918807,,,https://www.ccgp.gov.cn/cggg/zygg/jzxtpgg/./202607/t20260702_26860745.htm,2026-09-09 16:19:30,竞争性谈判,13.982,table,,,,,,,,,,,,
国家移民管理局常备力量第三总队洗车防护设施和非机动车棚建设项目（二次）竞争性谈判公告,竞争性谈判公告,GXCZ-A1-26610089,2026年07月02日 15:23,北京市,国家移民管理局常备力量第三总队,北京市丰台区右安路9号,/,国信国际工程咨询集团股份有限公司,北京市海淀区首体南路22号国兴大厦11层11B,李烁、贺莹  010-88357518-806,,,https://www.ccgp.gov.cn/cggg/zygg/jzxtpgg/./202607/t20260702_26858124.htm,2026-09-09 16:19:30,竞争性谈判,21.6883,table,,,,,,,,,,,,
中国电子技术标准化研究院面向新型计算模式的存储设备与系统项目竞争性谈判公告,竞争性谈判公告,0701-264112300103,2026年07月02日 14:20,北京市,中国电子技术标准化研究院,北京市东城区安定门东大街1号,徐老师，010-64102597,中技国际招标有限公司,北京市丰台区通用时代中心C座810室,夏祎/王小磊，010-81168231,,,https://www.ccgp.gov.cn/cggg/zygg/jzxtpgg/./202607/t20260702_26857349.htm,2026-09-09 16:19:31,竞争性谈判,58.0,table,,,,,,,,,,,,
榆阳大队运动相机采购项目竞争性谈判公告,竞争性谈判公告,SXSY[2026招]0312号,2026年07月02日 09:37,榆阳区,榆林市榆阳区消防救援大队,陕西省榆林市榆阳区上郡北路243号,侯先生 0912-3701806,陕西圣业招标有限公司,陕西省榆林市榆阳区航宇路弘景国际B座0621室,陈女士 0912-3529957,,,https://www.ccgp.gov.cn/cggg/zygg/jzxtpgg/./202607/t20260702_26855599.htm,2026-09-09 16:19:31,竞争性谈判,25.8,table,,,,,,,,,,,,
训练和战勤保障支队模拟训练设施维修改造项目竞争性谈判公告,竞争性谈判公告,KTZBJ-2026077,2026年07月01日 18:31,福州市,福建省消防救援总队训练和战勤保障支队,福州市闽候县上街镇旗麓北大道11号,吴先生0591-22821307,福建康泰招标有限公司,福州市鼓楼区湖东路169号中闽天骜大厦第十三层02A单元,陈东英、陈焕亮、陈诗琦、林晓芳 0591-87803505,附件.zip,"[{""attach_name"": ""附件.zip"", ""attach_url"": ""https://download.ccgp.gov.cn/oss/download?uuid=523DBFBB35FEBABD7A8EDCF5134980""}]",https://www.ccgp.gov.cn/cggg/zygg/jzxtpgg/./202607/t20260701_26853779.htm,2026-09-09 16:19:31,竞争性谈判,26.295,table,,,,,,,,,,,,
中华人民共和国云南出入境边防检查总站2026年怒江支队鹿马登边境派出所老旧房屋及附属设施建设工程采购项目竞争性谈判公告,竞争性谈判公告,YNZZ20260601,2026年07月01日 18:03,西山区,云南出入境边防检查总站,云南省昆明市西山区滇池路966号,李警官 0871-64025378,云南润滇工程技术咨询有限公司,云南省昆明市西山区采莲路共信时代广场B座21楼,李工、韩工、金工 15752875670、15288497707、18508891927,竞争性谈判公告.docx,"[{""attach_name"": ""竞争性谈判公告.docx"", ""attach_url"": ""https://download.ccgp.gov.cn/oss/download?uuid=3BE5303849BE5F47956D001E504BB3""}]",https://www.ccgp.gov.cn/cggg/zygg/jzxtpgg/./202607/t20260701_26853388.htm,2026-09-09 16:19:31,竞争性谈判,60.0,table,,,,,,,,,,,,
中华人民共和国云南出入境边防检查总站河西边境检查站智能查验系统建设采购项目（二次）竞争性谈判公告,竞争性谈判公告,YNZZ20260401,2026年07月01日 17:34,云南省,云南出入境边防检查总站,云南省昆明市西山区滇池路966号,陈警官  0871-64025378,云南自厚建设项目管理有限公司,云南省昆明市西山区西福路87号,冯连、董洪斌、陆红梅、王小强、李芳0871-68233395、0871-65518886,,,https://www.ccgp.gov.cn/cggg/zygg/jzxtpgg/./202607/t20260701_26852888.htm,2026-09-09 16:19:31,竞争性谈判,125.3973,table,,,,,,,,,,,,
2026-2027年度漳州海关综合技术服务中心气体采购竞争性谈判公告,竞争性谈判公告,闽瑞晟漳采【2026】013号,2026年07月01日 17:17,龙文区,漳州海关综合技术服务中心,福建省漳州市龙文区石仓南路7号,张先生、0596-3983195,福建瑞晟建设工程造价咨询有限公司,漳州市芗城区江滨花园沿江2号楼606室,曾友华、0596-2568567,,,https://www.ccgp.gov.cn/cggg/zygg/jzxtpgg/./202607/t20260701_26852492.htm,2026-09-09 16:19:32,竞争性谈判,0.8008,table,,,,,,,,,,,,
成都高新技术产业开发区消防救援大队体育用品更新及盛邦街消防站训练器材采购项目二次竞争性谈判公告,竞争性谈判公告,CDYW-2026[采]-038号-3,2026年07月01日 17:10,成都市高新区,成都高新技术产业开发区消防救援大队,四川省成都市高新区天府三街1266号,陈老师028-85189141,成都一问工程技术咨询有限公司,四川省成都市金牛区一品天下大街999号金牛市民中心B座2102号,李先生028-83375882,采购文件领取登记表.docx,"[{""attach_name"": ""采购文件领取登记表.docx"", ""attach_url"": ""https://download.ccgp.gov.cn/oss/download?uuid=7ECBA610C85490CC37FDF3388E2376""}]",https://www.ccgp.gov.cn/cggg/zygg/jzxtpgg/./202607/t20260701_26852320.htm,2026-09-09 16:19:32,竞争性谈判,55.0,table,,,,,,,,,,,,
中华人民共和国磨憨出入境边防检查站中老铁路国门普法教育实践基地扩建项目（二次）竞争性谈判公告,竞争性谈判公告,JHHX2026-招-119,2026年07月01日 14:38,勐腊县,中华人民共和国磨憨出入境边防检查站,云南省西双版纳州勐腊县雨林大道34号,黄警官0691-8127604,景洪市和信建设工程咨询有限责任公司,云南省西双版纳州景洪市勐泐大道98号浙商大厦1栋4楼,闻耕13577837333,,,https://www.ccgp.gov.cn/cggg/zygg/jzxtpgg/./202607/t20260701_26849381.htm,2026-09-09 16:19:32,竞争性谈判,14.40558,table,,,,,,,,,,,,
中华人民共和国磨憨出入境边防检查站机关档案室建设选址结构加固项目（二次）竞争性谈判公告,竞争性谈判公告,JHHX2026-招-116,2026年07月01日 14:38,勐腊县,中华人民共和国磨憨出入境边防检查站,云南省西双版纳州勐腊县雨林大道34号,黄警官0691-8127604,景洪市和信建设工程咨询有限责任公司,云南省西双版纳州景洪市勐泐大道98号浙商大厦1栋4楼,闻耕13577837333,,,https://www.ccgp.gov.cn/cggg/zygg/jzxtpgg/./202607/t20260701_26849384.htm,2026-09-09 16:19:32,竞争性谈判,32.462472,table,,,,,,,,,,,,
阿克苏边境管理支队机关维修运维采购项目竞争性谈判公告,竞争性谈判公告,AKSCG-2026-026,2026年06月30日 19:30,阿克苏市,阿克苏边境管理支队,阿克苏市兰干街道兰干社区复兴大道东一巷4号,0997-2192253,新疆华远建设工程项目管理有限公司,新疆阿克苏地区阿克苏市御城大厦 A 座七楼,祁刚刚18999070859,,,https://www.ccgp.gov.cn/cggg/zygg/jzxtpgg/./202606/t20260630_26845807.htm,2026-09-09 16:19:32,竞争性谈判,34.5,table,,,,,,,,,,,,
保山边境管理支队（保山市公安局边境管理支队）保山边境管理支队芒颜边境检查站执勤现场及安防设施维修维护项目竞争性谈判公告,竞争性谈判公告,BSZDCG2026015,2026年06月30日 18:04,保山市,保山边境管理支队（保山市公安局边境管理支队）,云南省保山市隆阳区象山路135号,张警官、秦警官0875-2868146、0875-2868056,保山市天瑞建设工程招标咨询有限公司,保山市隆阳区象山路5号,杨先生、王先生 0875-2147689,发布稿竞争性谈判公告-保山边境管理支队芒颜边境检查站执勤现场及安防设施维修维护项目.docx,"[{""attach_name"": ""发布稿竞争性谈判公告-保山边境管理支队芒颜边境检查站执勤现场及安防设施维修维护项目.docx"", ""attach_url"": ""https://download.ccgp.gov.cn/oss/download?uuid=B3625FEB76F887B41768FE84F5DBE3""}]",https://www.ccgp.gov.cn/cggg/zygg/jzxtpgg/./202606/t20260630_26844896.htm,2026-09-09 16:19:33,竞争性谈判,22.0311,table,,,,,,,,,,,,
氮化铝衬板竞争性谈判公告,竞争性谈判公告,ZGGJ-BJ04-26061437/SiC2026016,2026年06月30日 17:21,北京市,zycgr22011902,/,李老师 010-57305134,中工国际招标有限公司,北京市朝阳区慧忠路5号远大中心C座2层203,王宇婷、王欣、康进、张跃   010-82952950-814,,,https://www.ccgp.gov.cn/cggg/zygg/jzxtpgg/./202606/t20260630_26843903.htm,2026-09-09 16:19:33,竞争性谈判,95.0,table,,,,,,,,,,,,
九鼎赣饶国际项目管理有限公司关于新余市消防救援支队本级2026年车辆保险服务采购项目竞争性谈判公告,竞争性谈判公告,JDGR2026-XY-F010,2026年06月30日 16:50,市辖区,新余市消防救援支队,新余市渝水区城北街道平安路175号,刘先生13507909237,九鼎赣饶国际项目管理有限公司,新余市仰天岗大道359号宜和新苑北门东面,彭女士0790-6428855,"新余市消防救援支队本级2026年车辆保险服务采购项目XY-F010挂网.pdf,新余市消防救援支队本级2026年车辆保险服务采购公告目XY-F010.pdf","[{""attach_name"": ""新余市消防救援支队本级2026年车辆保险服务采购项目XY-F010挂网.pdf"", ""attach_url"": ""https://download.ccgp.gov.cn/oss/download?uuid=85B1001C3112ADB78A37DEE5E66D87""}, {""attach_name"": ""新余市消防救援支队本级2026年车辆保险服务采购公告目XY-F010.pdf"", ""attach_url"": ""https://download.ccgp.gov.cn/oss/download?uuid=D9791411D606461985A7D6D73576C2""}]",https://www.ccgp.gov.cn/cggg/zygg/jzxtpgg/./202606/t20260630_26843068.htm,2026-09-09 16:19:33,竞争性谈判,24.513283,table,,,,,,,,,,,,
中国科学院上海营养与健康研究所高性能计算服务器采购项目竞争性谈判公告,竞争性谈判公告,OITC-G260302296,2026年06月30日 16:49,上海市,中国科学院上海营养与健康研究所,上海市岳阳路319号,王瑞华 021-54920156,东方国际招标有限责任公司,北京市海淀区丹棱街1号互联网金融中心20层,陈小舫 王淑文 杨帆 赵倩 021-64717141/010-68290551/010-68290560 xfchen@oitc.com.cn,2296需求部分.doc,"[{""attach_name"": ""2296需求部分.doc"", ""attach_url"": ""https://download.ccgp.gov.cn/oss/download?uuid=28F551831AD1648B8DA64D857547D8""}]",https://www.ccgp.gov.cn/cggg/zygg/jzxtpgg/./202606/t20260630_26842984.htm,2026-09-09 16:19:33,竞争性谈判,99.5,table,,,,,,,,,,,,
中华人民共和国上海邮局海关上海邮局海关2025年口岸检疫查验能力提升项目竞争性谈判公告,竞争性谈判公告,PCMET-2611YJ0659,2026年06月30日 14:59,上海市,中华人民共和国上海邮局海关,上海市武定路458号,徐老师 021- 60153904,上海浦成机电设备招标有限公司,上海市浦东新区商城路618号良友大厦8楼,洪燕    021-50934537,,,https://www.ccgp.gov.cn/cggg/zygg/jzxtpgg/./202606/t20260630_26840668.htm,2026-09-09 16:19:34,竞争性谈判,67.0,table,,,,,,,,,,,,
中国人民银行四川省分行全省机房动环监控系统配套外设采购项目（第二次）竞争性谈判采购公告,竞争性谈判公告,SCRH[2026]014号,2026年06月30日 14:49,四川省,中国人民银行四川省分行,成都市二环路南二段15号,李老师 028-85261569,四川国际招标有限责任公司,中国（四川）自由贸易试验区成都市高新区天府四街66号2栋22层1号,张女士 13111881792,,,https://www.ccgp.gov.cn/cggg/zygg/jzxtpgg/./202606/t20260630_26840550.htm,2026-09-09 16:19:34,竞争性谈判,50.0,table,,,,,,,,,,,,
中华人民共和国南京海关缉私局指挥调度台购置项目Ⅱ竞争性谈判公告,竞争性谈判公告,,2026年06月29日 19:35,秦淮区,中华人民共和国南京海关缉私局,江苏省南京市秦淮区白下路360号,刘警官：025-84422501,公安部警用装备采购中心,上海市闵行区浦江镇三达路299号,联系代表：021-33292999,南京海关缉私局指挥调度台购置项目-202606291734241448.docx,"[{""attach_name"": ""南京海关缉私局指挥调度台购置项目-202606291734241448.docx"", ""attach_url"": ""https://download.ccgp.gov.cn/oss/download?uuid=b4670ba3-851c-4895-b8a0-ff883d""}]",https://www.ccgp.gov.cn/cggg/zygg/jzxtpgg/./202606/t20260629_26837070.htm,2026-09-09 16:19:34,竞争性谈判,19.8,table,,,,,,,,,,,,
伊犁边境管理支队2026年链路租赁服务采购项目竞争性谈判公告,竞争性谈判公告,YLZDCG202629,2026年06月29日 19:16,霍尔果斯市,伊犁边境管理支队,新疆伊宁市斯大林街五巷5号,司警官 0999-8069277,新疆玖信项目管理有限公司,伊宁边境经济合作区北京南路3222号新房大厦18楼,王迎  15739035544,2026.6.29（终，无批注）竞争性谈判文件-.伊犁边境管理支队链路租赁服务.pdf,"[{""attach_name"": ""2026.6.29（终，无批注）竞争性谈判文件-.伊犁边境管理支队链路租赁服务.pdf"", ""attach_url"": ""https://download.ccgp.gov.cn/oss/download?uuid=36832B92D196C80AF0A0C6ADE3C8CA""}]",https://www.ccgp.gov.cn/cggg/zygg/jzxtpgg/./202606/t20260629_26836973.htm,2026-09-09 16:19:34,竞争性谈判,33.0008,table,,,,,,,,,,,,
国家核安保技术中心低空小型无人飞行器入侵防御系统硬件设备竞争性谈判公告,竞争性谈判公告,GKJY-0126ZH184,2026年06月29日 17:44,北京市,国家核安保技术中心,北京市房山区长阳科技园,谭西早，010-60336662,北京国科军友工程咨询有限公司,北京市海淀区知春路61号院科研楼8层,王朋、姚子良，15330188728、15311427849,,,https://www.ccgp.gov.cn/cggg/zygg/jzxtpgg/./202606/t20260629_26835979.htm,2026-09-09 16:19:35,竞争性谈判,110.04,table,,,,,,,,,,,,
国家核安保技术中心水域安全防范系统设计与集成研制竞争性谈判公告,竞争性谈判公告,GKJY-0126ZF185,2026年06月29日 17:41,北京市,国家核安保技术中心,北京市房山区长阳科技园,王岳泉，010-60336557,北京国科军友工程咨询有限公司,北京市海淀区知春路61号院科研楼8层,王朋、姚子良，15330188728、15311427849,,,https://www.ccgp.gov.cn/cggg/zygg/jzxtpgg/./202606/t20260629_26835918.htm,2026-09-09 16:19:35,竞争性谈判,170.0,table,,,,,,,,,,,,
国家核安保技术中心水域安全防范系统硬件设备竞争性谈判公告,竞争性谈判公告,GKJY-0126ZH188,2026年06月29日 17:40,北京市,国家核安保技术中心,北京市房山区长阳科技园,王岳泉，010-60336557,北京国科军友工程咨询有限公司,北京市海淀区知春路61号院科研楼8层,王朋、姚子良，15330188728、15311427849,,,https://www.ccgp.gov.cn/cggg/zygg/jzxtpgg/./202606/t20260629_26835912.htm,2026-09-09 16:19:35,竞争性谈判,190.66,table,,,,,,,,,,,,
中国特种设备检测研究院原子吸收光谱仪采购项目竞争性谈判公告,竞争性谈判公告,26CNIC01-6022,2026年06月29日 14:16,北京市,中国特种设备检测研究院,北京市朝阳区和平街西苑2号,010-56993567,中国仪器进出口集团有限公司,北京市海淀区西直门北大街甲43号金运大厦B座902室,王剑/孙伟 010-62261185、010-62266010、010-81166132,竞争性谈判公告6022.docx,"[{""attach_name"": ""竞争性谈判公告6022.docx"", ""attach_url"": ""https://download.ccgp.gov.cn/oss/download?uuid=DC754E620A3898914F489AA99D7F57""}]",https://www.ccgp.gov.cn/cggg/zygg/jzxtpgg/./202606/t20260629_26832300.htm,2026-09-09 16:19:35,竞争性谈判,65.0,table,,,,,,,,,,,,
中国特种设备检测研究院水汽中痕量TOCi分析仪采购项目竞争性谈判公告,竞争性谈判公告,26CNIC01-6023,2026年06月29日 14:16,北京市,中国特种设备检测研究院,北京市朝阳区和平街西苑2号,010-56993567,中国仪器进出口集团有限公司,北京市海淀区西直门北大街甲43号金运大厦B座902室,王剑/孙伟 010-62261185、010-62266010、010-81166132,竞争性谈判公告6023.docx,"[{""attach_name"": ""竞争性谈判公告6023.docx"", ""attach_url"": ""https://download.ccgp.gov.cn/oss/download?uuid=61A4A0F4413B843A2433ADCB841CB4""}]",https://www.ccgp.gov.cn/cggg/zygg/jzxtpgg/./202606/t20260629_26832298.htm,2026-09-09 16:19:35,竞争性谈判,40.0,table,,,,,,,,,,,,
zycgr22011902微型快速热解反应分析仪采购项目竞争性谈判公告,竞争性谈判公告,ZJZC-262HW143,2026年06月29日 11:37,太原市,zycgr22011902,/,/,中嘉至成企业管理有限公司,太原市万柏林区长兴路华润大厦T7栋8层808室,潘丽萍、张宇   0351-7025388、19176606595,附件---竞争性谈判公告.docx,"[{""attach_name"": ""附件---竞争性谈判公告.docx"", ""attach_url"": ""https://download.ccgp.gov.cn/oss/download?uuid=EF9274E2250360A19DB24441325570""}]",https://www.ccgp.gov.cn/cggg/zygg/jzxtpgg/./202606/t20260629_26831431.htm,2026-09-09 16:19:36,竞争性谈判,30.0,table,,,,,,,,,,,,
桑植县消防救援大队食堂主副食品统一配送采购项目竞争性谈判公告,竞争性谈判公告,ZYYC-ZJJZC[2026]01,2026年06月29日 11:25,桑植县,桑植县消防救援大队,湖南省张家界市桑植县澧源镇文明路101,陈先生19536194119,中盈永诚咨询集团有限公司,湖南省张家界市永定区大庸桥街道民惠家园二期对面(好地建安综合楼)202室,林女士15574927685,"采购需求.docx,谈判邀请公告2601（发布版）.docx","[{""attach_name"": ""采购需求.docx"", ""attach_url"": ""https://download.ccgp.gov.cn/oss/download?uuid=A911BE1A42E5DEC490D273DEB28A5C""}, {""attach_name"": ""谈判邀请公告2601（发布版）.docx"", ""attach_url"": ""https://download.ccgp.gov.cn/oss/download?uuid=3D658904ACD092419465193C3A5E62""}]",https://www.ccgp.gov.cn/cggg/zygg/jzxtpgg/./202606/t20260629_26831292.htm,2026-09-09 16:19:36,竞争性谈判,74.3239,table,,,,,,,,,,,,
黑龙江省地震局一带一路地震监测台网项目信道租赁采购服务项目（三次）竞争性谈判公告,竞争性谈判公告,GLTC-267DR334A059,2026年06月29日 10:38,黑龙江省,黑龙江省地震局,哈尔滨市南岗区鸿翔路24号,黑龙江省地震局，0451-87016602,黑龙江省国律招标有限责任公司,哈尔滨市香坊区衡山路18号（远东大厦）A区10层,黑龙江省国律招标有限责任公司0451-82367162转8402,,,https://www.ccgp.gov.cn/cggg/zygg/jzxtpgg/./202606/t20260629_26830953.htm,2026-09-09 16:19:36,竞争性谈判,19.9,table,,,,,,,,,,,,
红河哈尼族彝族自治州消防救援支队2026年新训汽车驾驶员B2、A1驾驶证培训服务（二次）竞争性谈判公告,竞争性谈判公告,YNYS2026-06-08,2026年06月29日 09:16,红河哈尼族彝族自治州,红河哈尼族彝族自治州消防救援支队,云南省红河哈尼族彝族自治州蒙自市银河路,凡工0873-3790534,云南谊升项目管理咨询有限公司,云南省红河哈尼族彝族自治州蒙自市天萃花园A-27号,王宏宇15287324678,,,https://www.ccgp.gov.cn/cggg/zygg/jzxtpgg/./202606/t20260629_26830463.htm,2026-09-09 16:19:36,竞争性谈判,49.8,table,,,,,,,,,,,,
福建省漳州市龙海区消防救援大队泰山路消防救援站和店地政府专职消防救援站2026年7月-9月食材配送项目竞争性谈判公告,竞争性谈判公告,FJTHZZ-4920260618,2026年06月26日 18:57,龙海市,漳州市龙海区消防救援大队,漳州市龙海区石码镇紫崴路38号,张先生  15260110555,福建省天海招标有限公司,福建省漳州市芗城区南昌中路31号丽园广场1幢1906室,黄秋香、童木香、蒋梅珍 17305968169,,,https://www.ccgp.gov.cn/cggg/zygg/jzxtpgg/./202606/t20260626_26826543.htm,2026-09-09 16:19:36,竞争性谈判,25.9048,table,,,,,,,,,,,,
自然资源部第二海洋研究所船舶租赁服务竞争性谈判公告,竞争性谈判公告,0625-26212792,2026年06月26日 17:28,浙江省,自然资源部第二海洋研究所,浙江省杭州市保俶北路36号,于菁   0571-81963027,浙江省国际技术设备招标有限公司,杭州市凤起路334号同方财富大厦14层 邮政编码：310003,杨孟雅  0571-85864987,"获取采购文件登记表.doc,船舶租赁服务采购需求.pdf","[{""attach_name"": ""获取采购文件登记表.doc"", ""attach_url"": ""https://download.ccgp.gov.cn/oss/download?uuid=E9BE8C3E8DAC6442EEBAC2FF2BE8F5""}, {""attach_name"": ""船舶租赁服务采购需求.pdf"", ""attach_url"": ""https://download.ccgp.gov.cn/oss/download?uuid=721F2510D4FBD60ABE3281D9B3CDFD""}]",https://www.ccgp.gov.cn/cggg/zygg/jzxtpgg/./202606/t20260626_26824956.htm,2026-09-09 16:19:37,竞争性谈判,140.0,table,,,,,,,,,,,,
临沧边境管理支队芒卡边境派出所2026年零星工程改造项目竞争性谈判公告,竞争性谈判公告,LCBG202626,2026年06月26日 16:28,临沧市,临沧边境管理支队（临沧市公安局边境管理支队）,云南省临沧市临翔区沧江路112号,杨警官、陈警官/0883-2685146,云南力勤工程咨询有限公司,云南省临沧市临翔区忙角社区世纪路 428 号临沧市消防支队干部统建房1幢1单元 201室,林超、施泽涛/19188300225/18408827394,竞争性谈判公告.pdf,"[{""attach_name"": ""竞争性谈判公告.pdf"", ""attach_url"": ""https://download.ccgp.gov.cn/oss/download?uuid=C48530CB9F2AE293ABE117528BA972""}]",https://www.ccgp.gov.cn/cggg/zygg/jzxtpgg/./202606/t20260626_26823374.htm,2026-09-09 16:19:37,竞争性谈判,19.92,table,,,,,,,,,,,,
中国羽毛球协会体能训练器材采购竞争性谈判的公告,竞争性谈判公告,,2026年06月26日 14:12,北京市,中国羽毛球协会,北京市东城区龙潭路20号,67115182,国家体育总局体育器材装备中心,北京市东城区体育馆路3号,87182634,,,https://www.ccgp.gov.cn/cggg/zygg/jzxtpgg/./202606/t20260626_26820955.htm,2026-09-09 16:19:37,竞争性谈判,38.685,table,,,,,,,,,,,,
国家计算机网络与信息安全管理中心天津分中心电缆采购项目（项目编号：TGPC-2026-A-0132）竞争性谈判公告,竞争性谈判公告,TGPC-2026-A-0132） 采购项目的潜在供应商应在天津市政府采购中心网,2026年06月26日 10:00,天津市,国家计算机网络与信息安全管理中心,天津市南开区南门外大街386号,蔡老师  022-85685823,天津市政府采购中心,天津市河东区红星路79号二楼（邮编：300161）,王蓉蓉、丁亚天  022-24538301,竞争性谈判文件（TGPC-2026-A-0132）.docx,"[{""attach_name"": ""竞争性谈判文件（TGPC-2026-A-0132）.docx"", ""attach_url"": ""https://download.ccgp.gov.cn/oss/download?uuid=FC19D11FDEE449C83BAFB76D707E1B""}]",https://www.ccgp.gov.cn/cggg/zygg/jzxtpgg/./202606/t20260626_26819052.htm,2026-09-09 16:19:37,竞争性谈判,139.7408,table,,,,,,,,,,,,
宜宾三江新区消防救援大队灭火器及灭火箱采购项目竞争性谈判公告,竞争性谈判公告,SJXF2026002,2026年06月25日 16:17,临港区,宜宾三江新区消防救援大队,四川省宜宾市三江新区白沙湾街道黄桷坪路79号,魏先生  0831-7192102,四川星禾天宇工程项目管理有限公司,四川省宜宾市叙州区碧水山庄C栋1B,陈老师   13698227910,"介绍信1.doc,QQ二维码.jpg,采购公告.doc","[{""attach_name"": ""介绍信1.doc"", ""attach_url"": ""https://download.ccgp.gov.cn/oss/download?uuid=ADE6B551C090EE4CEB01EF5ABC2159""}, {""attach_name"": ""QQ二维码.jpg"", ""attach_url"": ""https://download.ccgp.gov.cn/oss/download?uuid=5227F89E600FA18DB88D7E4D5E1BAC""}, {""attach_name"": ""采购公告.doc"", ""attach_url"": ""https://download.ccgp.gov.cn/oss/download?uuid=89065A2D2195B3A5A4930F384F3577""}]",https://www.ccgp.gov.cn/cggg/zygg/jzxtpgg/./202606/t20260625_26813953.htm,2026-09-09 16:19:38,竞争性谈判,55.539,table,,,,,,,,,,,,
中国疾病预防控制中心（中国预防医学科学院）后勤服务保障一体化管理方案编制工作项目竞争性谈判公告,竞争性谈判公告,0701-264106090349C,2026年06月25日 13:37,北京市,中国疾病预防控制中心,北京市昌平区昌百路155号,李老师010-58900134,中技国际招标有限公司,北京市丰台区西营街1号院通用时代中心C座9层,侯雅雯、孙薇010－81168618,"竞争性谈判公告.docx,采购需求.docx","[{""attach_name"": ""竞争性谈判公告.docx"", ""attach_url"": ""https://download.ccgp.gov.cn/oss/download?uuid=980F29EB7CE60400C7540673999E55""}, {""attach_name"": ""采购需求.docx"", ""attach_url"": ""https://download.ccgp.gov.cn/oss/download?uuid=C7A144BF4689ED3A82FF49ACDDA89F""}]",https://www.ccgp.gov.cn/cggg/zygg/jzxtpgg/./202606/t20260625_26811957.htm,2026-09-09 16:19:38,竞争性谈判,40.0,table,,,,,,,,,,,,
张家界市消防救援支队智慧消防云平台服务项目(第二次）竞争性谈判公告,竞争性谈判公告,JFZB2026-017,2026年06月25日 11:42,张家界市,张家界市消防救援支队,张家界市永定区南武路81号,向先生  17774475009,张家界金府招投标代理有限公司,张家界市永定区站前路1号（张家界第一建筑设计有限公司综合服务中心五楼）,李先生  0744-8543308/18627442898,竞争性谈判邀请公告.doc,"[{""attach_name"": ""竞争性谈判邀请公告.doc"", ""attach_url"": ""https://download.ccgp.gov.cn/oss/download?uuid=09433A18422E75C0AA3B87030C31A9""}]",https://www.ccgp.gov.cn/cggg/zygg/jzxtpgg/./202606/t20260625_26811346.htm,2026-09-09 16:19:38,竞争性谈判,10.36,table,,,,,,,,,,,,
株洲市消防救援支队株洲鉴定站消防设施操作员职业技能鉴定实操考核考场和设施设备升级改造项目竞争性谈判邀请公告,竞争性谈判公告,HNHZ-CS-2026078,2026年06月25日 10:14,株洲市,株洲市消防救援支队,株洲市芦淞区枫溪大道519号,汪科长、0731-28492883,湖南恒泽项目管理有限公司,长沙市天心区雀园路568号创谷产业园A1栋1220-1225房,张志鹏、张冠军、胡艳、唐小茜、舒超凡、0731-82288998,株洲鉴定站消防设施操作员职业技能鉴定实操考核考场和设施设备升级改造项目.docx,"[{""attach_name"": ""株洲鉴定站消防设施操作员职业技能鉴定实操考核考场和设施设备升级改造项目.docx"", ""attach_url"": ""https://download.ccgp.gov.cn/oss/download?uuid=2F9004ADDA6A650C1877C6E1F8C6C4""}]",https://www.ccgp.gov.cn/cggg/zygg/jzxtpgg/./202606/t20260625_26810455.htm,2026-09-09 16:19:38,竞争性谈判,38.534048,table,,,,,,,,,,,,
中华人民共和国云南出入境边防检查总站普洱片区2026年度警犬犬粮采购项目竞争性谈判公告,竞争性谈判公告,鑫浩招2026-011,2026年06月24日 20:10,思茅区,中华人民共和国勐康出入境边防检查站,普洱市思茅区振兴大道79号,陈警官0879-2308110,云南鑫浩项目管理咨询有限公司,普洱市思茅区思亭路平原人家8栋,魏先生、张女士0879-2866768、19912898918,"报名信息登记表.docx,竞争性谈判公告.docx","[{""attach_name"": ""报名信息登记表.docx"", ""attach_url"": ""https://download.ccgp.gov.cn/oss/download?uuid=58EA76A26BA106245445A35646FC5B""}, {""attach_name"": ""竞争性谈判公告.docx"", ""attach_url"": ""https://download.ccgp.gov.cn/oss/download?uuid=6F85D5F802A8001CF23CD29A0D33EF""}]",https://www.ccgp.gov.cn/cggg/zygg/jzxtpgg/./202606/t20260624_26808791.htm,2026-09-09 16:19:38,竞争性谈判,27.32435,table,,,,,,,,,,,,
中华人民共和国霍尔果斯出入境边防检查站围墙修缮改造项目竞争性谈判公告（三次）,竞争性谈判公告,XJJXZB-2026-037-2,2026年06月23日 20:28,霍尔果斯市,中华人民共和国霍尔果斯出入境边防检查站,新疆维吾尔自治区伊犁哈萨克自治州霍尔果斯市亚欧南路1号,刘琦0999-6466666,新疆玖信项目管理有限公司,伊宁边境经济合作区北京南路3222号新房大厦18楼,王迎  15739035544,"6.22竞争性谈判文件—中华人民共和国霍尔果斯出入境边防检查站围墙修缮项目.pdf,清单及图纸.zip","[{""attach_name"": ""6.22竞争性谈判文件—中华人民共和国霍尔果斯出入境边防检查站围墙修缮项目.pdf"", ""attach_url"": ""https://download.ccgp.gov.cn/oss/download?uuid=19DAAFB0C6116B3F8CB6670DFA5E42""}, {""attach_name"": ""清单及图纸.zip"", ""attach_url"": ""https://download.ccgp.gov.cn/oss/download?uuid=8B765099CDE7942061A1FC58A281E4""}]",https://www.ccgp.gov.cn/cggg/zygg/jzxtpgg/./202606/t20260623_26799686.htm,2026-09-09 16:19:39,竞争性谈判,18.0,table,,,,,,,,,,,,
江西靖鸿工程咨询有限公司关于江西省宜春市消防救援支队训练与保障基地停车棚钢结构扩建、改造项目（第二次）（项目编号：江西靖鸿-YC2026-05-1）竞争性谈判采购公告,竞争性谈判公告,江西靖鸿-YC2026-05-1,2026年06月23日 18:35,市辖区,宜春市消防救援支队,宜春市袁州区宜阳大道56号,喻先生   18270568166,江西靖鸿工程咨询有限公司,江西省宜春市经发大道广汇建材馆21楼,刘琼   13479514645,采购需求.docx,"[{""attach_name"": ""采购需求.docx"", ""attach_url"": ""https://download.ccgp.gov.cn/oss/download?uuid=2180741A4B857E56614E69C8710653""}]",https://www.ccgp.gov.cn/cggg/zygg/jzxtpgg/./202606/t20260623_26799010.htm,2026-09-09 16:19:39,竞争性谈判,45.439155,table,,,,,,,,,,,,
福建省漳州市长泰区消防救援大队部分场室改造及兴泰站阳光房搭建项目竞争性谈判公告,竞争性谈判公告,FJZMCGZA,2026年06月23日 17:03,长泰县,漳州市长泰区消防救援大队,福建省漳州市长泰区武安镇人和北路1号,15059651118,福建省卓闽建设管理有限公司,福建省漳州市龙文区迎宾大道10号锦绣一方水仙里62幢1单元10A室,小沈18065658468,漳州市长泰区消防救援大队公告(2026.6.23).doc,"[{""attach_name"": ""漳州市长泰区消防救援大队公告(2026.6.23).doc"", ""attach_url"": ""https://download.ccgp.gov.cn/oss/download?uuid=261399BE928A21D6CFCB6DA7FF7457""}]",https://www.ccgp.gov.cn/cggg/zygg/jzxtpgg/./202606/t20260623_26797979.htm,2026-09-09 16:19:39,竞争性谈判,15.9487,table,,,,,,,,,,,,
东南大学2026年度院系跨校区搬迁车辆租赁服务项目竞争性谈判公告,竞争性谈判公告,SEU-FZB-260021,2026年06月23日 16:59,南京市,东南大学,南京市四牌楼2号,沈老师 025-83792421 18913381100,江苏省设备成套股份有限公司,南京市鼓楼区清江南路18号鼓楼创新广场D栋9楼902室,张蓉、王希稳 025-85360235、17705161691,,,https://www.ccgp.gov.cn/cggg/zygg/jzxtpgg/./202606/t20260623_26797036.htm,2026-09-09 16:19:39,竞争性谈判,30.0,table,,,,,,,,,,,,
普格县气象局2026年烤烟防雹弹药采购竞争性谈判公告,竞争性谈判公告,SCYK2026-25号,2026年06月23日 15:35,普格县,普格县气象局,普格县普基镇新建南路410号,联 系 人：母老师  联系电话：19160289793,四川爻奎项目管理有限公司,四川省凉山彝族自治州西昌市航天大道五段16号西昌市旅游文化科技创意产业园C03地块6栋3单元2层6-3-201四川爻奎项目管理有限公司,联系人：罗先生       联系电话：13281250227（报名咨询）,,,https://www.ccgp.gov.cn/cggg/zygg/jzxtpgg/./202606/t20260623_26795079.htm,2026-09-09 16:19:39,竞争性谈判,95.4,table,,,,,,,,,,,,
磨憨出入境边防检查站中老铁路国门普法教育实践基地扩建项目竞争性谈判公告,竞争性谈判公告,JHHX2026-招-119,2026年06月23日 15:09,勐腊县,中华人民共和国磨憨出入境边防检查站,云南省西双版纳州勐腊县雨林大道34号,黄警官0691-8127604,景洪市和信建设工程咨询有限责任公司,云南省西双版纳州景洪市勐泐大道98号浙商大厦1栋4楼,闻耕13577837333,,,https://www.ccgp.gov.cn/cggg/zygg/jzxtpgg/./202606/t20260623_26794630.htm,2026-09-09 16:19:40,竞争性谈判,14.40558,table,,,,,,,,,,,,
磨憨出入境边防检查站机关档案室建设选址结构加固项目竞争性谈判公告,竞争性谈判公告,JHHX2026-招-116,2026年06月23日 15:08,勐腊县,中华人民共和国磨憨出入境边防检查站,云南省西双版纳州勐腊县雨林大道34号,黄警官0691-8127604,景洪市和信建设工程咨询有限责任公司,云南省西双版纳州景洪市勐泐大道98号浙商大厦1栋4楼,闻耕13577837333,,,https://www.ccgp.gov.cn/cggg/zygg/jzxtpgg/./202606/t20260623_26794636.htm,2026-09-09 16:19:40,竞争性谈判,32.462472,table,,,,,,,,,,,,
湖北省消防救援总队2026年新消防员招录体能测试和岗位适应性测试期间人身意外伤害险项目竞争性谈判公告,竞争性谈判公告,XDZBWH-260631,2026年06月23日 14:59,湖北省,湖北省消防救援总队,任主任，027-87269999-9228,湖北省武汉市武昌区公正路7号,湖北旭鼎项目管理咨询有限公司,湖北省武汉市汉阳区龙阳街陶家岭社区陶家岭5.5产业园综合楼第11层01室(-34),赵蓉、彭梦洁、王文静，17720463170,,,https://www.ccgp.gov.cn/cggg/zygg/jzxtpgg/./202606/t20260623_26794495.htm,2026-09-09 16:19:40,竞争性谈判,21.0,table,,,,,,,,,,,,
中国人民银行甘肃省分行征信自助查询机及征信查询前置管理系统升级改造项目竞争性谈判公告,竞争性谈判公告,LZ2026--TP001(S),2026年06月22日 18:37,甘肃省,中国人民银行甘肃省分行,兰州市城关区东岗西路698号,张老师  0931-8800678,兰州正泽招投标代理有限公司,兰州市城关区甘南路39号商务宾馆写字楼四楼,张军宏  王玲  0931-8892333   8824333,中国人民银行甘肃省分行征信自助查询机及征信查询前置管理系统升级改造项目—竞争性谈判公告.docx,"[{""attach_name"": ""中国人民银行甘肃省分行征信自助查询机及征信查询前置管理系统升级改造项目—竞争性谈判公告.docx"", ""attach_url"": ""https://download.ccgp.gov.cn/oss/download?uuid=8FBC84A3E05CE702FC93029B728C7D""}]",https://www.ccgp.gov.cn/cggg/zygg/jzxtpgg/./202606/t20260622_26790676.htm,2026-09-09 16:19:40,竞争性谈判,60.2,table,,,,,,,,,,,,
