notice_title,notice_type,project_code,publish_time,admin_region,buyer_name,buyer_address,buyer_contact,agent_name,agent_address,agent_contact,contact_name,contact_tel,attach_file_names,attach_json,notice_url,crawl_time,content_text,industry,bid_deadline,source,purchase_method,budget,budget_source,terminate_reason,change_item,win_total_amount,win_detail_json,judge_experts,agent_service_fee,win_supplier,proposed_supplier,single_source_reason,publicity_period,open_bid_time
中国国家博物馆2026年馆藏文物三维数据采集项目成交公告,成交公告,TC260409L,2026年09月09日 16:13,北京市,中国国家博物馆,北京市东城区天安门广场东侧,胡老师 010-65119112,中招国际招标有限公司,北京市海淀区学院南路62号中关村资本大厦,赵曰贤、张百娇、张 洁 010-61954124、62108084、62108070,赵曰贤、张百娇、张,010-61954124、62108084、62108070,"磋商文件-2026年馆藏文物三维数据采集.pdf,中小企业声明函.pdf","[{""attach_name"": ""磋商文件-2026年馆藏文物三维数据采集.pdf"", ""attach_url"": ""https://download.ccgp.gov.cn/oss/download?uuid=A308276DFC4D56A157C6A2C4BBA80B""}, {""attach_name"": ""中小企业声明函.pdf"", ""attach_url"": ""https://download.ccgp.gov.cn/oss/download?uuid=BA4BBE8C5840EB59E93F1C4C108E9D""}]",https://www.ccgp.gov.cn/cggg/zygg/cjgg/202609/t20260909_27296486.htm,2026-09-10 09:34:41,一、项目编号：TC260409L（招标文件编号：TC260409L） 二、项目名称：中国国家博物馆2026年馆藏文物三维数据采集 三、中标（成交）信息 供应商名称：北京雅昌艺术数据有限公司供应商地址：北京市顺义区达盛路3号院1号楼1至4层101中标（成交）金额：136.0000000（万元）四、主要标的信息 序号    供应商名称      服务名称      服务范围      服务要求      服务时间      服务标准   1    北京雅昌艺术数据有限公司      中国国家博物馆2026年馆藏文物三维数据采集      本项目计划完成约300件文物的三维数据采集及后期处理工作，具体采购内容详见第三章 采购需求      满足磋商文件要求      满足磋商文件要求      满足磋商文件要求                 五、评审专家（单一来源采购人员）名单： 磋商小组成员名单：吴昊（组长）、王昕、李洋（采购人代表） 六、代理服务收费标准及金额： 本项目代理费收费标准：按照磋商文件规定 本项目代理费总金额：1.788000 万元（人民币） 七、公告期限 自本公告发布之日起1个工作日。 八、其它补充事宜 成交供应商名称：北京雅昌艺术数据有限公司评审总得分(综合评分法)：89.83分 九、凡对本次公告内容提出询问，请按以下方式联系。 1.采购人信息 名 称：中国国家博物馆 地址：北京市东城区天安门广场东侧 联系方式：胡老师 010-65119112 2.采购代理机构信息 名 称：中招国际招标有限公司 地 址：北京市海淀区学院南路62号中关村资本大厦 联系方式：赵曰贤、张百娇、张 洁 010-61954124、62108084、62108070 3.项目联系方式 项目联系人：赵曰贤、张百娇、张 洁 电 话： 010-61954124、62108084、62108070,文化旅游,,中国政府采购网,,,,,,136.0,"[{""序号"": ""1"", ""供应商名称"": ""北京雅昌艺术数据有限公司"", ""服务名称"": ""中国国家博物馆2026年馆藏文物三维数据采集"", ""服务范围"": ""本项目计划完成约300件文物的三维数据采集及后期处理工作，具体采购内容详见第三章 采购需求"", ""服务要求"": ""满足磋商文件要求"", ""服务时间"": ""满足磋商文件要求"", ""服务标准"": ""满足磋商文件要求""}]",磋商小组成员名单：吴昊（组长）、王昕、李洋（采购人代表）,1.788,北京雅昌艺术数据有限公司,,,,
国家税务总局无极县税务局（中昌路办公区）综合业务办公用房维修改造项目成交公告,成交公告,HBBHB26049,2026年09月09日 16:10,无极县,国家税务总局无极县税务局,河北省石家庄市无极县建设西路,刘士超0311-85588553,河北博鸿工程项目管理有限公司,河北省石家庄市桥西区槐安西路35号瑞特家园11号楼802,谢靖0311-85291060,谢靖,0311-85291060,"国家税务总局无极县税务局（中昌路办公区）综合业务办公用房维修改造项目磋商文件.pdf,中小企业声明函.png","[{""attach_name"": ""国家税务总局无极县税务局（中昌路办公区）综合业务办公用房维修改造项目磋商文件.pdf"", ""attach_url"": ""https://download.ccgp.gov.cn/oss/download?uuid=640D2BB0CBBD806450A7B39E5E3B1F""}, {""attach_name"": ""中小企业声明函.png"", ""attach_url"": ""https://download.ccgp.gov.cn/oss/download?uuid=6CB03BE36C9D1513BDC449819AA0BA""}]",https://www.ccgp.gov.cn/cggg/zygg/cjgg/202609/t20260909_27296423.htm,2026-09-10 09:34:42,一、项目编号：HBBHB26049（招标文件编号：HBBHB26049） 二、项目名称：国家税务总局无极县税务局（中昌路办公区）综合业务办公用房维修改造项目 三、中标（成交）信息 供应商名称：河北金湖建设集团有限公司供应商地址：石家庄高新区天山大街38号-1号云科中心B座16楼中标（成交）金额：290.1666000（万元）四、主要标的信息 序号    供应商名称     工程名称     施工范围     施工工期     项目经理     执业证书 1    河北金湖建设集团有限公司    国家税务总局无极县税务局（中昌路办公区）综合业务办公用房维修改造项目    工程量清单内所含全部内容    12个月    李海珲    冀213141457894               五、评审专家（单一来源采购人员）名单： 张亚丽、李志强（组长）、张晓楠 （采购人代表） 六、代理服务收费标准及金额： 本项目代理费收费标准：根据财政部印发《政府采购代理机构管理暂行办法》（财库〔2018〕2 号）、《关于进一步放开建设项目专业服务价格的通知》（发改价格〔2015〕299号）及原国家计委《关于印发招标代理服务收费管理暂行办法的通知》（计价格[2002]1980 号）的规定收费标准的90%收取，由中标（成交）供应商在领取中标（成交）通知书时一次性向采购代理机构付清。 本项目代理费总金额：2.098000 万元（人民币） 七、公告期限 自本公告发布之日起1个工作日。 八、其它补充事宜 成交供应商：河北金湖建设集团有限公司，评审总得分：92.25分公告媒体：中国政府采购网 九、凡对本次公告内容提出询问，请按以下方式联系。 1.采购人信息 名 称：国家税务总局无极县税务局 地址：河北省石家庄市无极县建设西路 联系方式：刘士超0311-85588553 2.采购代理机构信息 名 称：河北博鸿工程项目管理有限公司 地 址：河北省石家庄市桥西区槐安西路35号瑞特家园11号楼802 联系方式：谢靖0311-85291060 3.项目联系方式 项目联系人：谢靖 电 话： 0311-85291060,工程建设,,中国政府采购网,,,,,,290.1666,"[{""序号"": ""1"", ""供应商名称"": ""河北金湖建设集团有限公司"", ""工程名称"": ""国家税务总局无极县税务局（中昌路办公区）综合业务办公用房维修改造项目"", ""施工范围"": ""工程量清单内所含全部内容"", ""施工工期"": ""12个月"", ""项目经理"": ""李海珲"", ""执业证书"": ""冀213141457894""}]",张亚丽、李志强（组长）、张晓楠 （采购人代表）,2.098,河北金湖建设集团有限公司,,,,
中华人民共和国皇岗出入境边防检查站智能验讫章柜采购项目（二次）成交公告,成交公告,LD2026GP-BJA004,2026年09月09日 16:10,深圳市,中华人民共和国皇岗出入境边防检查站,深圳市罗湖区人民南路1006号,苏警官0755-84498653,深圳龙达招标有限公司,深圳市福田区沙头街道新华社区新洲十一街139号中央西谷大厦1806,张志辉0755-83864290-820,张志辉,0755-83864290-820,"（竞争性谈判文件）中华人民共和国皇岗出入境边防检查站智能验讫章柜采购项目（二次） 发售稿20260901.doc,中小企业声明函.pdf","[{""attach_name"": ""（竞争性谈判文件）中华人民共和国皇岗出入境边防检查站智能验讫章柜采购项目（二次） 发售稿20260901.doc"", ""attach_url"": ""https://download.ccgp.gov.cn/oss/download?uuid=9DAB300DBA2E9FDA04C01F85F48A3B""}, {""attach_name"": ""中小企业声明函.pdf"", ""attach_url"": ""https://download.ccgp.gov.cn/oss/download?uuid=77F4C04F6923B7891CCE64E5F6030B""}]",https://www.ccgp.gov.cn/cggg/zygg/cjgg/202609/t20260909_27296427.htm,2026-09-10 09:34:42,"一、项目编号：LD2026GP-BJA004（招标文件编号：LD2026GP-BJA004） 二、项目名称：中华人民共和国皇岗出入境边防检查站智能验讫章柜采购项目（二次） 三、中标（成交）信息 供应商名称：北京文哲科技有限公司供应商地址：北京市海淀区安宁庄西三条9号1幢6层6单元611中标（成交）金额：142.1820000（万元）四、主要标的信息 序号    供应商名称      货物名称      货物品牌      货物型号      货物数量      货物单价(元)   1    北京文哲科技有限公司      智能验讫章柜      北京文哲科技有限公司      ZNZT-WZ01 高*宽*深2000*2000*550 单门:高*宽*深120*140*200      18个      78,990元                 五、评审专家（单一来源采购人员）名单： 任晓兵、朱江、廖肇刚。 六、代理服务收费标准及金额： 本项目代理费收费标准：依据采购文件规定，按差额定率累进法计算并下浮20% 本项目代理费总金额：1.469965 万元（人民币） 七、公告期限 自本公告发布之日起1个工作日。 八、其它补充事宜 公告查询网址：深圳龙达招标网http://www.szldzb.com中国政府采购网https://www.ccgp.gov.cn 九、凡对本次公告内容提出询问，请按以下方式联系。 1.采购人信息 名 称：中华人民共和国皇岗出入境边防检查站 地址：深圳市罗湖区人民南路1006号 联系方式：苏警官0755-84498653 2.采购代理机构信息 名 称：深圳龙达招标有限公司 地 址：深圳市福田区沙头街道新华社区新洲十一街139号中央西谷大厦1806 联系方式：张志辉0755-83864290-820 3.项目联系方式 项目联系人：张志辉 电 话： 0755-83864290-820",其他,,中国政府采购网,,,,,,142.182,"[{""序号"": ""1"", ""供应商名称"": ""北京文哲科技有限公司"", ""货物名称"": ""智能验讫章柜"", ""货物品牌"": ""北京文哲科技有限公司"", ""货物型号"": ""ZNZT-WZ01 高*宽*深2000*2000*550 单门:高*宽*深120*140*200"", ""货物数量"": ""18个"", ""货物单价(元)"": ""78,990元""}]",任晓兵、朱江、廖肇刚。,1.469965,北京文哲科技有限公司,,,,
天津出入境边防检查总站轮训大队营区生活区及附属设施升级改造工程成交公告,成交公告,2465-264010100080,2026年09月09日 16:05,天津市,中华人民共和国天津出入境边防检查总站,天津市东丽区卫国道216号,唐警官022-24739099,天津渤化化工进出口有限责任公司,天津市和平区辽宁路187号,杨旭022-58980908,杨旭,13752709028,"终稿-轮训大队营区生活区及附属设施升级改造工程-磋商文件.pdf,专家意见表.pdf,中小企业声明函.pdf","[{""attach_name"": ""终稿-轮训大队营区生活区及附属设施升级改造工程-磋商文件.pdf"", ""attach_url"": ""https://download.ccgp.gov.cn/oss/download?uuid=821CC95F1CF8A34039DC84D947DB39""}, {""attach_name"": ""专家意见表.pdf"", ""attach_url"": ""https://download.ccgp.gov.cn/oss/download?uuid=FEA19C14E4969A7F8132ED998E9060""}, {""attach_name"": ""中小企业声明函.pdf"", ""attach_url"": ""https://download.ccgp.gov.cn/oss/download?uuid=60AB81729DB5CA6B6FB8BEE20A4EAB""}]",https://www.ccgp.gov.cn/cggg/zygg/cjgg/202609/t20260909_27296305.htm,2026-09-10 09:34:43,一、项目编号：2465-264010100080（招标文件编号：2465-264010100080） 二、项目名称：天津出入境边防检查总站轮训大队营区生活区及附属设施升级改造工程 三、中标（成交）信息 供应商名称：莱克建设集团有限公司供应商地址：天津市滨海新区中新天津生态城滨海新区望溪园22#楼-1-1301中标（成交）金额：200.3360000（万元）四、主要标的信息 序号    供应商名称       工程名称       施工范围       施工工期       项目经理       执业证书   1    莱克建设集团有限公司      天津出入境边防检查总站轮训大队营区生活区及附属设施升级改造工程      详见竞争性磋商文件      自合同签订之日起70个日历日内竣工并验收合格      胡青改      津212141530381                 五、评审专家（单一来源采购人员）名单： 孟莹、焦雷、高航 六、代理服务收费标准及金额： 本项目代理费收费标准：按竞争性磋商文件中的规定执行。 本项目代理费总金额：0.936294 万元（人民币） 七、公告期限 自本公告发布之日起1个工作日。 八、其它补充事宜 九、凡对本次公告内容提出询问，请按以下方式联系。 1.采购人信息 名 称：中华人民共和国天津出入境边防检查总站 地址：天津市东丽区卫国道216号 联系方式：唐警官022-24739099 2.采购代理机构信息 名 称：天津渤化化工进出口有限责任公司 地 址：天津市和平区辽宁路187号 联系方式：杨旭022-58980908 3.项目联系方式 项目联系人：杨旭 电 话： 13752709028,工程建设,,中国政府采购网,,,,,,200.336,"[{""序号"": ""1"", ""供应商名称"": ""莱克建设集团有限公司"", ""工程名称"": ""天津出入境边防检查总站轮训大队营区生活区及附属设施升级改造工程"", ""施工范围"": ""详见竞争性磋商文件"", ""施工工期"": ""自合同签订之日起70个日历日内竣工并验收合格"", ""项目经理"": ""胡青改"", ""执业证书"": ""津212141530381""}]",孟莹、焦雷、高航,0.936294,莱克建设集团有限公司,,,,
云南省地震局绿化补绿提质改造施工总承包项目成交公告,成交公告,KCGC-2026-11422,2026年09月09日 15:56,昆明市,云南省地震局,昆明市盘龙区北辰大道148号,李老师（0871-65747138）,昆明晨晟招标有限责任公司,昆明市世博路16号世博生态城低碳中心B座1单元12层,浦艺晴（13759529693）、李俊（15911723151）、胡兴松、陈红、胡琛、张昊然,浦艺晴、李俊、胡兴松、陈红、胡,13759529693、0871-68338999,云南省地震局绿化补绿提质改造施工总承包项目-竞争性磋商文件（定稿）9.7开标.doc,"[{""attach_name"": ""云南省地震局绿化补绿提质改造施工总承包项目-竞争性磋商文件（定稿）9.7开标.doc"", ""attach_url"": ""https://download.ccgp.gov.cn/oss/download?uuid=58B53A20E78DAEFE79A64CA03BFB78""}]",https://www.ccgp.gov.cn/cggg/zygg/cjgg/202609/t20260909_27296148.htm,2026-09-10 09:34:43,一、项目编号：KCGC-2026-11422（招标文件编号：KCGC-2026-11422） 二、项目名称：云南省地震局绿化补绿提质改造施工总承包项目 三、中标（成交）信息 供应商名称：云南惠轩建筑工程有限公司供应商地址：中国（云南）自由贸易试验区昆明片区官渡区小板桥街道办事处昌宏路699号1幢2号中标（成交）金额：34.8460000（万元）四、主要标的信息 序号    供应商名称       工程名称       施工范围       施工工期       项目经理       执业证书   1    云南惠轩建筑工程有限公司      云南省地震局绿化补绿提质改造施工总承包项目      （1）设计质量标准：设计成果符合现行国家标准、规范和强制性条文并通过采购人审查；（2）施工质量标准及要求：符合国家和地方现行施工质量验收规范、相关专业技术标准、执行《园林绿化工程施工及验收规范》CJJ82-2012及昆明市现行关于绿化工程的规范规程、行政管理性文件，通过政府相关部门验收达一次性验收合格；（3）园林绿化养护质量：执行《园林绿化养护标准》CJJ/T2872017；苗木花卉优先选用昆明本地乡土多年生宿根、灌木低维护品种，适配养护期满缺少专人管护条件存活；若使用季节性草花，后期补植更换全部费用由成交单位包干承担。      总工期在45日历天内完成本项目的所有工作；养护期自竣工验收合格之日起计算      罗刚      竞争性磋商文件未要求。                 五、评审专家（单一来源采购人员）名单： 项玉红、罗婷婷、王林建（采购人代表） 六、代理服务收费标准及金额： 本项目代理费收费标准：根据原“国家计委计价格[2002]1980号文”的规定下浮20%收取采购代理服务费。 本项目代理费总金额：0.278896 万元（人民币） 七、公告期限 自本公告发布之日起1个工作日。 八、其它补充事宜 本项目成交单位：云南惠轩建筑工程有限公司，最后得分：87.33分；请成交人到云南省昆明市盘龙区世博生态城低碳中心B栋1单元12层昆明晨晟招标有限责任公司前台办理领取成交通知书等事宜。在此，谨对积极参与本项目的投标人表示感谢。 九、凡对本次公告内容提出询问，请按以下方式联系。 1.采购人信息 名 称：云南省地震局 地址：昆明市盘龙区北辰大道148号 联系方式：李老师（0871-65747138） 2.采购代理机构信息 名 称：昆明晨晟招标有限责任公司 地 址：昆明市世博路16号世博生态城低碳中心B座1单元12层 联系方式：浦艺晴（13759529693）、李俊（15911723151）、胡兴松、陈红、胡琛、张昊然 3.项目联系方式 项目联系人：浦艺晴、李俊、胡兴松、陈红、胡琛、张昊然 电 话： 13759529693、0871-68338999,工程建设,,中国政府采购网,,,,,,34.846,"[{""序号"": ""1"", ""供应商名称"": ""云南惠轩建筑工程有限公司"", ""工程名称"": ""云南省地震局绿化补绿提质改造施工总承包项目"", ""施工范围"": ""（1）设计质量标准：设计成果符合现行国家标准、规范和强制性条文并通过采购人审查；（2）施工质量标准及要求：符合国家和地方现行施工质量验收规范、相关专业技术标准、执行《园林绿化工程施工及验收规范》CJJ82-2012及昆明市现行关于绿化工程的规范规程、行政管理性文件，通过政府相关部门验收达一次性验收合格；（3）园林绿化养护质量：执行《园林绿化养护标准》CJJ/T2872017；苗木花卉优先选用昆明本地乡土多年生宿根、灌木低维护品种，适配养护期满缺少专人管护条件存活；若使用季节性草花，后期补植更换全部费用由成交单位包干承担。"", ""施工工期"": ""总工期在45日历天内完成本项目的所有工作；养护期自竣工验收合格之日起计算"", ""项目经理"": ""罗刚"", ""执业证书"": ""竞争性磋商文件未要求。""}]",项玉红、罗婷婷、王林建（采购人代表）,0.278896,云南惠轩建筑工程有限公司,,,,
中国人民银行云南省分行公有周转房维修改造项目成交公告,成交公告,ZZ2601543B050219,2026年09月09日 15:54,昆明市,中国人民银行云南省分行,云南省昆明市正义路69号,朱老师0871-63212058,云南中咨海外咨询有限公司,云南省昆明市滇池度假区中天融域小区17幢1单元4楼,孔明慧、卓超、龙月、解亚洲、李林宁、周橼杰、李杰 0871-68103717,朱老师,0871-63212058,"08.19中国人民银行云南省分行公有周转房维修改造项目-竞争性磋商文件-定稿.pdf,（成交公告）中国人民银行云南省分行公有周转房维修改造项目.pdf","[{""attach_name"": ""08.19中国人民银行云南省分行公有周转房维修改造项目-竞争性磋商文件-定稿.pdf"", ""attach_url"": ""https://download.ccgp.gov.cn/oss/download?uuid=F54640C70ACFF4F67C650F286B451B""}, {""attach_name"": ""（成交公告）中国人民银行云南省分行公有周转房维修改造项目.pdf"", ""attach_url"": ""https://download.ccgp.gov.cn/oss/download?uuid=B1356D999423A6DD5B97633075BAF9""}]",https://www.ccgp.gov.cn/cggg/zygg/cjgg/202609/t20260909_27296091.htm,2026-09-10 09:34:44,一、项目编号：ZZ2601543B050219（招标文件编号：ZZ2601543B050219） 二、项目名称：中国人民银行云南省分行公有周转房维修改造项目 三、中标（成交）信息 供应商名称：云南中九项目管理有限公司供应商地址：中国（云南）自由贸易试验区昆明片区官渡区宝海路馨逸雅筑1幢1单元11层1105号中标（成交）金额：78.3158290（万元）四、主要标的信息 序号    供应商名称       工程名称       施工范围       施工工期       项目经理       执业证书   1    云南中九项目管理有限公司      中国人民银行云南省分行公有周转房维修改造项目      中国人民银行云南省分行公有周转房维修改造项目      50个工作日（含竣工验收）      苟国勇      二级建造师注册证书、云2532018202116819                 五、评审专家（单一来源采购人员）名单： 耿华、侯庆桃、刘春林（采购人代表） 六、代理服务收费标准及金额： 本项目代理费收费标准：采购代理服务费按[计价格［2002］1980号]文件规定的收费标准及发改办价格[2003]857号文下浮30%，由成交供应商承担（计算基准价为成交总价） 本项目代理费总金额：0.548211 万元（人民币） 七、公告期限 自本公告发布之日起1个工作日。 八、其它补充事宜 详见成交公告 九、凡对本次公告内容提出询问，请按以下方式联系。 1.采购人信息 名 称：中国人民银行云南省分行 地址：云南省昆明市正义路69号 联系方式：朱老师0871-63212058 2.采购代理机构信息 名 称：云南中咨海外咨询有限公司 地 址：云南省昆明市滇池度假区中天融域小区17幢1单元4楼 联系方式：孔明慧、卓超、龙月、解亚洲、李林宁、周橼杰、李杰 0871-68103717 3.项目联系方式 项目联系人：朱老师 电 话： 0871-63212058,工程建设,,中国政府采购网,,,,,,78.315829,"[{""序号"": ""1"", ""供应商名称"": ""云南中九项目管理有限公司"", ""工程名称"": ""中国人民银行云南省分行公有周转房维修改造项目"", ""施工范围"": ""中国人民银行云南省分行公有周转房维修改造项目"", ""施工工期"": ""50个工作日（含竣工验收）"", ""项目经理"": ""苟国勇"", ""执业证书"": ""二级建造师注册证书、云2532018202116819""}]",耿华、侯庆桃、刘春林（采购人代表）,0.548211,云南中九项目管理有限公司,,,,
国家统计局湖南调查总队2026年信息化安全服务项目成交公告,成交公告,0730-2623HN0095,2026年09月09日 15:45,长沙市,国家统计局湖南调查总队,湖南省长沙市芙蓉中路二段新世纪花苑华侨国际大厦15楼,彭先生18627581682,中航招采科技（北京）有限公司,长沙市芙蓉区蓉园路6号湖南省老干部大学金秋楼10楼,刘萍萍、何菲、杨馨、吴赛0731-89791108,彭先生,18627581682,"国家统计局湖南调查总队2026年信息化安全服务项目竞争性磋商文件（定稿）.pdf,中小企业声明函.pdf,最后报价.pdf","[{""attach_name"": ""国家统计局湖南调查总队2026年信息化安全服务项目竞争性磋商文件（定稿）.pdf"", ""attach_url"": ""https://download.ccgp.gov.cn/oss/download?uuid=93A296A3204DCAFE9B89AC75938BE0""}, {""attach_name"": ""中小企业声明函.pdf"", ""attach_url"": ""https://download.ccgp.gov.cn/oss/download?uuid=E193ED8F11BE7519DDAF1AA926B77B""}, {""attach_name"": ""最后报价.pdf"", ""attach_url"": ""https://download.ccgp.gov.cn/oss/download?uuid=AE6A466B2BB7D23FE96B6C4A1C0E45""}]",https://www.ccgp.gov.cn/cggg/zygg/cjgg/202609/t20260909_27295867.htm,2026-09-10 09:34:45,一、项目编号：0730-2623HN0095（招标文件编号：0730-2623HN0095） 二、项目名称：国家统计局湖南调查总队2026年信息化安全服务项目 三、中标（成交）信息 供应商名称：湖南浩基信息技术有限公司供应商地址：长沙高新开发区麓云路100号兴工科技园3栋405室中标（成交）金额：26.0000000（万元）四、主要标的信息 序号    供应商名称      服务名称      服务范围      服务要求      服务时间      服务标准   1    湖南浩基信息技术有限公司      国家统计局湖南调查总队2026年信息化安全服务项目      详见磋商文件      详见磋商文件      壹年      详见磋商文件                 五、评审专家（单一来源采购人员）名单： 彭蓉（主任评委）、谢鼎新、彭泽洲（采购人代表） 六、代理服务收费标准及金额： 本项目代理费收费标准：本项目代理服务费4000.00元，由成交供应商向采购代理机构支付。 本项目代理费总金额：0.400000 万元（人民币） 七、公告期限 自本公告发布之日起1个工作日。 八、其它补充事宜 序号 排序 成交候选人名称 评审总得分 1 1 湖南浩基信息技术有限公司 95.67分 九、凡对本次公告内容提出询问，请按以下方式联系。 1.采购人信息 名 称：国家统计局湖南调查总队 地址：湖南省长沙市芙蓉中路二段新世纪花苑华侨国际大厦15楼 联系方式：彭先生18627581682 2.采购代理机构信息 名 称：中航招采科技（北京）有限公司 地 址：长沙市芙蓉区蓉园路6号湖南省老干部大学金秋楼10楼 联系方式：刘萍萍、何菲、杨馨、吴赛0731-89791108 3.项目联系方式 项目联系人：彭先生 电 话： 18627581682,信息技术,,中国政府采购网,,,,,,26.0,"[{""序号"": ""1"", ""供应商名称"": ""湖南浩基信息技术有限公司"", ""服务名称"": ""国家统计局湖南调查总队2026年信息化安全服务项目"", ""服务范围"": ""详见磋商文件"", ""服务要求"": ""详见磋商文件"", ""服务时间"": ""壹年"", ""服务标准"": ""详见磋商文件""}]",彭蓉（主任评委）、谢鼎新、彭泽洲（采购人代表）,0.4,湖南浩基信息技术有限公司,,,,
中国人民银行南充市分行2026-2027年度机关食堂原材料供应服务采购项目成交公告,成交公告,LJZB-2026187,2026年09月09日 15:44,顺庆区,中国人民银行南充市分行,南充市顺庆区涪江路7号,刘女士，0817-2262628,南充临江招标代理有限公司,南充市顺庆区丝绸路丝绸大厦2楼,袁先生，0817-2586065,袁先生,0817-2586065,"中小企业声明函.pdf,评审情况.xls","[{""attach_name"": ""中小企业声明函.pdf"", ""attach_url"": ""https://download.ccgp.gov.cn/oss/download?uuid=E54A033DF50AB1EBE4048EDFAA46B5""}, {""attach_name"": ""评审情况.xls"", ""attach_url"": ""https://download.ccgp.gov.cn/oss/download?uuid=2E7E239F25A98C660220FB2FEB4187""}]",https://www.ccgp.gov.cn/cggg/zygg/cjgg/202609/t20260909_27295865.htm,2026-09-10 09:34:45,一、项目编号：LJZB-2026187（招标文件编号：LJZB-2026187） 二、项目名称：中国人民银行南充市分行2026-2027年度机关食堂原材料供应服务采购项目 三、中标（成交）信息 供应商名称：南充一元食品供应链科技有限公司供应商地址：四川省南充市嘉陵区剑科街53号3号楼包组或产品名称：肉类下浮率(%)：18.0000000四、主要标的信息 序号    供应商名称      服务名称      服务范围      服务要求      服务时间      服务标准   1    南充一元食品供应链科技有限公司      中国人民银行南充市分行2026-2027年度机关食堂原材料供应服务      按磋商文件要求执行。      按磋商文件要求执行。      合同期为自签订之日起1年，如遇到国家或上级主管部门的政策进行调整，或者采购人人员增减预算金额发生变化，采购人将对服务期限另行调整，供应商须无条件解除合同。      按磋商文件要求执行。                 五、评审专家（单一来源采购人员）名单： 游建华、李茂枝、李强（采购人代表） 六、代理服务收费标准及金额： 本项目代理费收费标准：本项目代理服务费按照采购人与代理机构签订的代理协议的约定执行。代理服务费收费标准为：按差额定率累进法计算，（0-100万）×1.5%、100万（不含100万）-500万×0.8%；服务费下浮55%收取 本项目代理费总金额：0.816700 万元（人民币） 七、公告期限 自本公告发布之日起1个工作日。 八、其它补充事宜 因系统固化，现补充成交金额：肉类基准价下浮 18 %、蔬菜类基准价下浮 33 %、米面油类基准价下浮 15 %、干杂调料类基准价下浮 17 %、日用杂品类基准价下浮 15 %、水果类基准价下浮 30 %、饮料类基准价下浮 15 %、蛋类基准价下浮 15 % 九、凡对本次公告内容提出询问，请按以下方式联系。 1.采购人信息 名 称：中国人民银行南充市分行 地址：南充市顺庆区涪江路7号 联系方式：刘女士，0817-2262628 2.采购代理机构信息 名 称：南充临江招标代理有限公司 地 址：南充市顺庆区丝绸路丝绸大厦2楼 联系方式：袁先生，0817-2586065 3.项目联系方式 项目联系人：袁先生 电 话： 0817-2586065,服务外包,,中国政府采购网,,,,,,0.0,"[{""序号"": ""1"", ""供应商名称"": ""南充一元食品供应链科技有限公司"", ""服务名称"": ""中国人民银行南充市分行2026-2027年度机关食堂原材料供应服务"", ""服务范围"": ""按磋商文件要求执行。"", ""服务要求"": ""按磋商文件要求执行。"", ""服务时间"": ""合同期为自签订之日起1年，如遇到国家或上级主管部门的政策进行调整，或者采购人人员增减预算金额发生变化，采购人将对服务期限另行调整，供应商须无条件解除合同。"", ""服务标准"": ""按磋商文件要求执行。""}]",游建华、李茂枝、李强（采购人代表）,0.8167,南充一元食品供应链科技有限公司,,,,
湖北某单位2026年职工体检服务采购项目成交结果公告,成交公告,ZCZB-2607-FF113,2026年09月09日 15:40,湖北省,SPD-17,武汉市武昌区洪山路89号,027-87133082,湖北嘉汇志诚招标咨询有限公司,武汉市武昌区和平大道513号绿地铭创大厦2005室,祝晶、廖寿杰  027-86652085-8003,祝晶、廖寿杰,027-86652085-8003,,,https://www.ccgp.gov.cn/cggg/zygg/cjgg/202609/t20260909_27295792.htm,2026-09-10 09:34:46,一、项目编号：ZCZB-2607-FF113（招标文件编号：ZCZB-2607-FF113） 二、项目名称：湖北某单位2026年职工体检服务采购项目 三、中标（成交）信息 供应商名称：武汉大学中南医院供应商地址：武汉市东湖路169号中标（成交）金额：33.4440000（万元）四、主要标的信息 序号    供应商名称      服务名称      服务范围      服务要求      服务时间      服务标准   1    武汉大学中南医院      2026年职工体检服务      满足采购文件要求      满足采购文件要求      具体体检时间以合同签订后采购人指定时间为准。本项目服务期为合同签订之日起1年。在采购需求具有相对固定性、延续性且价格变化幅度小、次年预算能保障的前提下，服务期满经采购人考核合格，可签订下一年度的服务合同，续签最多不超过两年。      满足采购文件要求                 五、评审专家（单一来源采购人员）名单： 周素华（组长）、肖正芳（组员）、邹新（组员） 六、代理服务收费标准及金额： 本项目代理费收费标准：参照《关于招标代理服务收费有关问题的通知》（发改办价格〔2003〕857号）及《国家发展改革委关于降低部分建设项目收费标准规范收费行为等有关问题的通知》（发改价格〔2011〕534号）规定，在采购人确认代理机构提供合格的服务且采购项目结果确定后，以具体项目中标/成交通知书的中标/成交金额为基数，由代理机构按不超过上述收费标准向中标/成交供应商收取服务费。不足3000元按3000元收取。代理机构不得再向采购人或其他人收取任何费用。 本项目代理费总金额：0.501660 万元（人民币） 七、公告期限 自本公告发布之日起1个工作日。 八、其它补充事宜 1.评审时间：2026年09月07日上午09点30分2.评审地点：湖北嘉汇志诚招标咨询有限公司2号会议室3.采购方式：大额采购4.评审总得分：89.03分5.发布公告的媒介：中国政府采购网（https://www.ccgp.gov.cn/）6.供应商认为采购文件、采购过程和中标结果使自己的权益受到损害的，可以在知道或者应知其权益受到损害之日起7个工作日内，以书面形式一次性向湖北嘉汇志诚招标咨询有限公司提出质疑，逾期将不再受理。 九、凡对本次公告内容提出询问，请按以下方式联系。 1.采购人信息 名 称：SPD-17 地址：武汉市武昌区洪山路89号 联系方式：027-87133082 2.采购代理机构信息 名 称：湖北嘉汇志诚招标咨询有限公司 地 址：武汉市武昌区和平大道513号绿地铭创大厦2005室 联系方式：祝晶、廖寿杰 027-86652085-8003 3.项目联系方式 项目联系人：祝晶、廖寿杰 电 话： 027-86652085-8003,医疗卫生,,中国政府采购网,,,,,,33.444,"[{""序号"": ""1"", ""供应商名称"": ""武汉大学中南医院"", ""服务名称"": ""2026年职工体检服务"", ""服务范围"": ""满足采购文件要求"", ""服务要求"": ""满足采购文件要求"", ""服务时间"": ""具体体检时间以合同签订后采购人指定时间为准。本项目服务期为合同签订之日起1年。在采购需求具有相对固定性、延续性且价格变化幅度小、次年预算能保障的前提下，服务期满经采购人考核合格，可签订下一年度的服务合同，续签最多不超过两年。"", ""服务标准"": ""满足采购文件要求""}]",周素华（组长）、肖正芳（组员）、邹新（组员）,0.50166,武汉大学中南医院,,,,
宁夏回族自治区消防救援总队全区消防信息网适配改造项目第一标段成交结果公告,成交公告,NXBS-2026-ZC032,2026年09月09日 15:33,市辖区,宁夏自治区消防救援总队,银川市兴庆区北京东路169号,张助理 0951-5057641,宁夏碧晟工程咨询有限公司,银川市金凤区满城南街东侧臻君豪庭1号综合楼13层,姜欢 0951-6110980,张助理,0951-5057641,中小企业声明函.pdf,"[{""attach_name"": ""中小企业声明函.pdf"", ""attach_url"": ""https://download.ccgp.gov.cn/oss/download?uuid=CD4E0BB6558DCF4238CC330B213BA8""}]",https://www.ccgp.gov.cn/cggg/zygg/cjgg/202609/t20260909_27295636.htm,2026-09-10 09:34:46,"一、项目编号：NXBS-2026-ZC032（招标文件编号：NXBS-2026-ZC032） 二、项目名称：宁夏回族自治区消防救援总队全区消防信息网适配改造项目 三、中标（成交）信息 供应商名称：宁夏峰火科技服务有限责任公司供应商地址：宁夏银川市金凤区黄河东路656号宁夏大学国家大学科技园科创中心3楼309-312室中标（成交）金额：28.7700000（万元）四、主要标的信息 序号    供应商名称      服务名称      服务范围      服务要求      服务时间      服务标准   1    宁夏峰火科技服务有限责任公司      宁夏回族自治区消防救援总队全区消防信息网适配改造项目第一标段      全区消防信息网适配改造,主要改造内容包括cms内容网站群管理系统、子站扩容、页面迁移、项目实施、旧站数据迁移及网站运行维护等，具体详见第四章采购需求。      满足竞争性磋商文件的要求。      自合同签订之日起3个月内完成适配改造、调试并交付使用；质保期：本项目整体验收合格、正式上线交付使用后1年。      符合现行国家有关服务验收规范和标准的要求，达到合格标准。                 五、评审专家（单一来源采购人员）名单： 王家黎（组长）、马旸、毛红海（采购人评委） 六、代理服务收费标准及金额： 本项目代理费收费标准：参照《招标代理服务收费管理暂行办法》（计价格〔2002〕1980号）和《国家发展改革委关于降低部分建设项目收费标准规范收费行为等有关问题的通知》（发改价格〔2011〕534号）的规定计取，由成交供应商一次性支付。 本项目代理费总金额：0.431600 万元（人民币） 七、公告期限 自本公告发布之日起1个工作日。 八、其它补充事宜 无 九、凡对本次公告内容提出询问，请按以下方式联系。 1.采购人信息 名 称：宁夏自治区消防救援总队 地址：银川市兴庆区北京东路169号 联系方式：张助理 0951-5057641 2.采购代理机构信息 名 称：宁夏碧晟工程咨询有限公司 地 址：银川市金凤区满城南街东侧臻君豪庭1号综合楼13层 联系方式：姜欢 0951-6110980 3.项目联系方式 项目联系人：张助理 电 话： 0951-5057641",公共安全,,中国政府采购网,,,,,,28.77,"[{""序号"": ""1"", ""供应商名称"": ""宁夏峰火科技服务有限责任公司"", ""服务名称"": ""宁夏回族自治区消防救援总队全区消防信息网适配改造项目第一标段"", ""服务范围"": ""全区消防信息网适配改造,主要改造内容包括cms内容网站群管理系统、子站扩容、页面迁移、项目实施、旧站数据迁移及网站运行维护等，具体详见第四章采购需求。"", ""服务要求"": ""满足竞争性磋商文件的要求。"", ""服务时间"": ""自合同签订之日起3个月内完成适配改造、调试并交付使用；质保期：本项目整体验收合格、正式上线交付使用后1年。"", ""服务标准"": ""符合现行国家有关服务验收规范和标准的要求，达到合格标准。""}]",王家黎（组长）、马旸、毛红海（采购人评委）,0.4316,宁夏峰火科技服务有限责任公司,,,,
中国科学院大气物理研究所地球系统数值模拟装置UPS后备电池采购项目成交公告,成交公告,GXCZ-C-26080073,2026年09月09日 15:32,北京市,中国科学院大气物理研究所,北京市朝阳区北辰西路81号,周老师     010-82995386,国信招标集团股份有限公司,010-88354433-347,郭振华,郭振华,13720096133,"地球系统数值模拟装置UPS后备电池采购项目——北京伟亚达科技发展有限公司-关于符合本国标准的产品声明函.pdf,成交公告.doc,ups后备电池采购项目-磋商文件-8-25（审核版）.pdf","[{""attach_name"": ""地球系统数值模拟装置UPS后备电池采购项目——北京伟亚达科技发展有限公司-关于符合本国标准的产品声明函.pdf"", ""attach_url"": ""https://download.ccgp.gov.cn/oss/download?uuid=4827A9DA19C6CFB01501EC59AEAC46""}, {""attach_name"": ""成交公告.doc"", ""attach_url"": ""https://download.ccgp.gov.cn/oss/download?uuid=B6E098FB3AA4CDF8BC8B9874A54F4B""}, {""attach_name"": ""ups后备电池采购项目-磋商文件-8-25（审核版）.pdf"", ""attach_url"": ""https://download.ccgp.gov.cn/oss/download?uuid=AB9C2269FCDCB88EF38B4380DC68BA""}]",https://www.ccgp.gov.cn/cggg/zygg/cjgg/202609/t20260909_27295632.htm,2026-09-10 09:34:47,一、项目编号：GXCZ-C-26080073（招标文件编号：GXCZ-C-26080073） 二、项目名称：地球系统数值模拟装置UPS后备电池采购项目 三、中标（成交）信息 供应商名称：北京伟亚达科技发展有限公司供应商地址：北京市昌平区北清路1号院3号楼5层1单元614中标（成交）金额：155.7600000（万元）四、主要标的信息 序号    供应商名称      货物名称      货物品牌      货物型号      货物数量      货物单价(元)   1    北京伟亚达科技发展有限公司      铅酸蓄电池      科华      H12V700F      880节      1770                 五、评审专家（单一来源采购人员）名单： 姜晓波、邵金霞、周邵阳（采购人代表） 六、代理服务收费标准及金额： 本项目代理费收费标准：参照原国家计委计价格【2002】1980号文和国家发改委发改办价格【2011】534号文的货物类收费标准下浮30%收取。 本项目代理费总金额：1.479400 万元（人民币） 七、公告期限 自本公告发布之日起1个工作日。 八、其它补充事宜 详见附件。 九、凡对本次公告内容提出询问，请按以下方式联系。 1.采购人信息 名 称：中国科学院大气物理研究所 地址：北京市朝阳区北辰西路81号 联系方式：周老师 010-82995386 2.采购代理机构信息 名 称：国信招标集团股份有限公司 地 址：010-88354433-347 联系方式：郭振华 3.项目联系方式 项目联系人：郭振华 电 话： 13720096133,教育培训,,中国政府采购网,,,,,,155.76,"[{""序号"": ""1"", ""供应商名称"": ""北京伟亚达科技发展有限公司"", ""货物名称"": ""铅酸蓄电池"", ""货物品牌"": ""科华"", ""货物型号"": ""H12V700F"", ""货物数量"": ""880节"", ""货物单价(元)"": ""1770""}]",姜晓波、邵金霞、周邵阳（采购人代表）,1.4794,北京伟亚达科技发展有限公司,,,,
襄阳市襄城区消防救援大队食堂主副食品配送服务采购成交公告,成交公告,DZ26B2DHF0009,2026年09月09日 15:31,襄阳市,襄阳市襄城区消防救援大队,湖北省襄阳市襄城区环城东路241号,0710-3607432,东风咨询有限公司,湖北省襄阳市中原西路8号襄阳市市民服务中心8楼,刘娅15671297919,刘娅,15671297919,"中小企业声明函.pdf,襄阳市襄城区消防救援大队食堂主副食品配送服务采购（二次）-政府采购竞争性磋商文件.pdf","[{""attach_name"": ""中小企业声明函.pdf"", ""attach_url"": ""https://download.ccgp.gov.cn/oss/download?uuid=5D69F1AD4D1F18418773C4852FCBC8""}, {""attach_name"": ""襄阳市襄城区消防救援大队食堂主副食品配送服务采购（二次）-政府采购竞争性磋商文件.pdf"", ""attach_url"": ""https://download.ccgp.gov.cn/oss/download?uuid=4E79B11B3E83483E4453070B6E3079""}]",https://www.ccgp.gov.cn/cggg/zygg/cjgg/202609/t20260909_27295579.htm,2026-09-10 09:34:47,一、项目编号：DZ26B2DHF0009（招标文件编号：DZ26B2DHF0009） 二、项目名称：襄阳市襄城区消防救援大队食堂主副食品配送服务采购 三、中标（成交）信息 供应商名称：襄阳高新商务物业有限公司供应商地址：湖北省襄阳市高新技术产业开发区东风汽车大道168-2号包组或产品名称：襄阳市襄城区消防救援大队食堂主副食品配送服务折扣率(%)：85.0000000四、主要标的信息 序号    供应商名称      服务名称      服务范围      服务要求      服务时间      服务标准   1    襄阳高新商务物业有限公司      襄阳市襄城区消防救援大队食堂主副食品配送服务      采购主副食品配送服务，供应品种包括不限于主副食、农畜产品（鲜肉类、禽蛋、水产品、水果蔬菜等）及食品饮料（粮油调味品、豆制品类、干货类等)。      详见磋商文件第三章采购需求        合同履行期限：本项目一次采购可执行三年，合同一年一签。在合同期满前30天，经甲方对乙方在合同期内进行考核，考核合格可与乙方续签次年合同，最多续签两次，且成交供应商不得擅自更改合同价格。       详见磋商文件第三章采购需求                  五、评审专家（单一来源采购人员）名单： 田国文、雷伟锋、刘麦芝 六、代理服务收费标准及金额： 本项目代理费收费标准：按照《湖北省招标代理机构服务标准规范》中的规定执行 本项目代理费总金额：1.946168 万元（人民币） 七、公告期限 自本公告发布之日起1个工作日。 八、其它补充事宜 本项目综合评审总分100分，成交供应商评审总得分91.86分 九、凡对本次公告内容提出询问，请按以下方式联系。 1.采购人信息 名 称：襄阳市襄城区消防救援大队 地址：湖北省襄阳市襄城区环城东路241号 联系方式：0710-3607432 2.采购代理机构信息 名 称：东风咨询有限公司 地 址：湖北省襄阳市中原西路8号襄阳市市民服务中心8楼 联系方式：刘娅15671297919 3.项目联系方式 项目联系人：刘娅 电 话： 15671297919,公共安全,,中国政府采购网,,,,,,0.0,"[{""序号"": ""1"", ""供应商名称"": ""襄阳高新商务物业有限公司"", ""服务名称"": ""襄阳市襄城区消防救援大队食堂主副食品配送服务"", ""服务范围"": ""采购主副食品配送服务，供应品种包括不限于主副食、农畜产品（鲜肉类、禽蛋、水产品、水果蔬菜等）及食品饮料（粮油调味品、豆制品类、干货类等)。"", ""服务要求"": ""详见磋商文件第三章采购需求"", ""服务时间"": ""合同履行期限：本项目一次采购可执行三年，合同一年一签。在合同期满前30天，经甲方对乙方在合同期内进行考核，考核合格可与乙方续签次年合同，最多续签两次，且成交供应商不得擅自更改合同价格。"", ""服务标准"": ""详见磋商文件第三章采购需求""}]",田国文、雷伟锋、刘麦芝,1.946168,襄阳高新商务物业有限公司,,,,
中国疾病预防控制中心环境与健康相关产品安全所二期新址智能档案密集架采购项目成交公告,成交公告,2026NIEH029,2026年09月09日 15:30,朝阳区,中国疾病预防控制中心环境与健康相关产品安全所,北京市朝阳区潘家园南里7号,王老师、刘老师  50930202,详见公告正文,详见公告正文,详见公告正文,赵老师,50930223,,,https://www.ccgp.gov.cn/cggg/zygg/cjgg/202609/t20260909_27296234.htm,2026-09-10 09:34:48,一、项目编号：2026NIEH029（招标文件编号：2026NIEH029） 二、项目名称：二期新址智能档案密集架采购项目 三、中标（成交）信息 供应商名称：江西远大保险设备实业集团有限公司供应商地址：江西省樟树市观上工业区中标（成交）金额：34.9600000（万元）四、主要标的信息 序号    供应商名称      货物名称      货物品牌      货物型号      货物数量      货物单价(元)   1    江西远大保险设备实业集团有限公司      智能档案密集架      江西远大      *      168m³      349600                 五、评审专家（单一来源采购人员）名单： 闫银锁（组长）、于涛、王友斌 六、代理服务收费标准及金额： 本项目代理费收费标准：0 本项目代理费总金额：0.000000 万元（人民币） 七、公告期限 自本公告发布之日起1个工作日。 八、其它补充事宜 九、凡对本次公告内容提出询问，请按以下方式联系。 1.采购人信息 名 称：中国疾病预防控制中心环境与健康相关产品安全所 地址：北京市朝阳区潘家园南里7号 联系方式：王老师、刘老师 50930202 2.项目联系方式 项目联系人：赵老师 电 话： 50930223,文化旅游,,中国政府采购网,,,,,,34.96,"[{""序号"": ""1"", ""供应商名称"": ""江西远大保险设备实业集团有限公司"", ""货物名称"": ""智能档案密集架"", ""货物品牌"": ""江西远大"", ""货物型号"": ""*"", ""货物数量"": ""168m³"", ""货物单价(元)"": ""349600""}]",闫银锁（组长）、于涛、王友斌,0.0,江西远大保险设备实业集团有限公司,,,,
中国劳动关系学院智能心理测评与服务系统项目成交公告,成交公告,ZYZB-2026-0788,2026年09月09日 15:29,北京市,中国劳动关系学院,北京市海淀区增光路45号,高老师 010-88561883,中钰招标有限公司,北京市丰台区四合庄路2号院4号楼1至17层101内17层1701,单楠、郭玉婷、刘晶晶、李倩、金俐成、张书玲、卢雪010-60624505转807/821,单楠、郭玉婷、刘晶晶、李倩、金,010-60624505转807,"中小企业声明函(1).pdf,中国劳动关系学院智能心理测评与服务系统项目-成交公告.pdf,磋商文件（货物类）ZY 中国劳动关系学院智能心理测评与服务系统项目 08.20定稿.pdf","[{""attach_name"": ""中小企业声明函(1).pdf"", ""attach_url"": ""https://download.ccgp.gov.cn/oss/download?uuid=0A82EC9CDFEDCA1D48ADA4601DC950""}, {""attach_name"": ""中国劳动关系学院智能心理测评与服务系统项目-成交公告.pdf"", ""attach_url"": ""https://download.ccgp.gov.cn/oss/download?uuid=854F8E9D88DA76BF8684068DD5480D""}, {""attach_name"": ""磋商文件（货物类）ZY 中国劳动关系学院智能心理测评与服务系统项目 08.20定稿.pdf"", ""attach_url"": ""https://download.ccgp.gov.cn/oss/download?uuid=9925D6C3610F3471B8E4CB981364ED""}]",https://www.ccgp.gov.cn/cggg/zygg/cjgg/202609/t20260909_27295534.htm,2026-09-10 09:34:49,"一、项目编号：ZYZB-2026-0788（招标文件编号：ZYZB-2026-0788） 二、项目名称：中国劳动关系学院智能心理测评与服务系统项目 三、中标（成交）信息 供应商名称：深圳市镜象科技有限公司供应商地址：深圳市南山区西丽街道云城社区留仙大道7025号烯创科技大厦A座1806中标（成交）金额：45.0000000（万元）四、主要标的信息 序号    供应商名称      货物名称      货物品牌      货物型号      货物数量      货物单价(元)   1    深圳市镜象科技有限公司      学生&AI访谈测评；职工落地场景适配；学生/职工AGI陪伴；职工落地场景适配；AI模拟培训；系统管理平台；职工落地场景匹配；干预练习；本地部署；云服务部署      镜象科技；镜象科技；镜象科技；镜象科技；镜象科技；镜象科技；镜象科技；镜象科技；镜象科技；镜象科技      心理健康评估软件V1.0；定制；AI倾述聊天软件V1.0；定制；AI虚拟心理辅导咨询软件v1.0；心理管理平台v1.0；定制；定制；定制；定制      1套；1套；1套；1套；1套；1套；1套；1套；1套；1套      114,800.00；30,000.00；80,000.00；30,000.00；90,000.00；10,000.00；20,000.00；12,000.00；40,000.00；23,200.00                 五、评审专家（单一来源采购人员）名单： 李跃（组长）、杨东波、李慕轼 六、代理服务收费标准及金额： 本项目代理费收费标准：以成交金额作为收费的计算基数,采购代理机构参照原国家计委《招标代理服务收费管理暂行办法》（计价格﹝2002﹞1980号）的计算方法和标准下浮20%向成交供应商收取代理服务费。 本项目代理费总金额：0.540000 万元（人民币） 七、公告期限 自本公告发布之日起1个工作日。 八、其它补充事宜 成交供应商：深圳市镜象科技有限公司平均得分：88.49分 九、凡对本次公告内容提出询问，请按以下方式联系。 1.采购人信息 名 称：中国劳动关系学院 地址：北京市海淀区增光路45号 联系方式：高老师 010-88561883 2.采购代理机构信息 名 称：中钰招标有限公司 地 址：北京市丰台区四合庄路2号院4号楼1至17层101内17层1701 联系方式：单楠、郭玉婷、刘晶晶、李倩、金俐成、张书玲、卢雪010-60624505转807/821 3.项目联系方式 项目联系人：单楠、郭玉婷、刘晶晶、李倩、金俐成、张书玲、卢雪 电 话： 010-60624505转807/821",教育培训,,中国政府采购网,,,,,,45.0,"[{""序号"": ""1"", ""供应商名称"": ""深圳市镜象科技有限公司"", ""货物名称"": ""学生&AI访谈测评；职工落地场景适配；学生/职工AGI陪伴；职工落地场景适配；AI模拟培训；系统管理平台；职工落地场景匹配；干预练习；本地部署；云服务部署"", ""货物品牌"": ""镜象科技；镜象科技；镜象科技；镜象科技；镜象科技；镜象科技；镜象科技；镜象科技；镜象科技；镜象科技"", ""货物型号"": ""心理健康评估软件V1.0；定制；AI倾述聊天软件V1.0；定制；AI虚拟心理辅导咨询软件v1.0；心理管理平台v1.0；定制；定制；定制；定制"", ""货物数量"": ""1套；1套；1套；1套；1套；1套；1套；1套；1套；1套"", ""货物单价(元)"": ""114,800.00；30,000.00；80,000.00；30,000.00；90,000.00；10,000.00；20,000.00；12,000.00；40,000.00；23,200.00""}]",李跃（组长）、杨东波、李慕轼,0.54,深圳市镜象科技有限公司,,,,
东阿县消防救援大队招标餐饮服务项目成交公告,成交公告,YC26476021,2026年09月09日 15:24,东阿县,东阿县消防救援大队,东阿县新聊滑路路北,郭队长18663509537,亿诚建设项目管理有限公司,山东省聊城经济技术开发区东城街道东昌东路星美办公2号楼1001室,田丙强16606356367,田丙强,16606356367,,,https://www.ccgp.gov.cn/cggg/zygg/cjgg/202609/t20260909_27295445.htm,2026-09-10 09:34:50,一、项目编号：YC26476021（CGQ）（招标文件编号：YC26476021（CGQ）） 二、项目名称：东阿县消防救援大队招标餐饮服务项目 三、中标（成交）信息 供应商名称：聊城恒毅人力资源有限公司供应商地址：山东省聊城市东阿县青年街北首路西金域豪庭 6 号楼商-A106-3室中标（成交）金额：17.3880000（万元）四、主要标的信息 序号    供应商名称      服务名称      服务范围      服务要求      服务时间      服务标准   1    聊城恒毅人力资源有限公司      东阿县消防救援大队招标餐饮服务      详见采购文件      详见采购文件      1年      详见采购文件                 五、评审专家（单一来源采购人员）名单： 钟道彬、陈永保、郭焕彬 六、代理服务收费标准及金额： 本项目代理费收费标准：由成交供应商按定额叁仟元（3000.00元）向采购代理机构交纳代理费。 本项目代理费总金额：0.300000 万元（人民币） 七、公告期限 自本公告发布之日起1个工作日。 八、其它补充事宜 九、凡对本次公告内容提出询问，请按以下方式联系。 1.采购人信息 名 称：东阿县消防救援大队 地址：东阿县新聊滑路路北 联系方式：郭队长18663509537 2.采购代理机构信息 名 称：亿诚建设项目管理有限公司 地 址：山东省聊城经济技术开发区东城街道东昌东路星美办公2号楼1001室 联系方式：田丙强16606356367 3.项目联系方式 项目联系人：田丙强 电 话： 16606356367,公共安全,,中国政府采购网,,,,,,17.388,"[{""序号"": ""1"", ""供应商名称"": ""聊城恒毅人力资源有限公司"", ""服务名称"": ""东阿县消防救援大队招标餐饮服务"", ""服务范围"": ""详见采购文件"", ""服务要求"": ""详见采购文件"", ""服务时间"": ""1年"", ""服务标准"": ""详见采购文件""}]",钟道彬、陈永保、郭焕彬,0.3,聊城恒毅人力资源有限公司,,,,
中山大学孙逸仙纪念医院固定电话、移动电话通讯服务采购项目(项目编号：0724-2631Z2094493)成交结果公告,成交公告,0724-2631Z2094493,2026年09月09日 15:19,广州市,中山大学孙逸仙纪念医院,广州市沿江西路107号,梁小姐，020-81338019,国义招标股份有限公司,广州市东风东路726号18楼,李婕、邓子华，020-37860533、37860526,李婕、邓子华,020-37860533、37860526,,,https://www.ccgp.gov.cn/cggg/zygg/cjgg/202609/t20260909_27295334.htm,2026-09-10 09:34:50,一、项目编号：0724-2631Z2094493（招标文件编号：0724-2631Z2094493） 二、项目名称：中山大学孙逸仙纪念医院固定电话、移动电话通讯服务采购项目 三、中标（成交）信息 供应商名称：中国电信股份有限公司广东分公司供应商地址：广州市越秀区中山二路18号电信广场1层中标（成交）金额：168.7776000（万元）四、主要标的信息 序号    供应商名称      服务名称      服务范围      服务要求      服务时间      服务标准   1    中国电信股份有限公司广东分公司      固定电话、移动电话通讯服务      固定电话服务：覆盖中山大学孙逸仙纪念医院南北院区（含中大南校园门诊部、基础与转化医学研究中心生物岛分部）及花都院区； 移动电话通讯服务：覆盖全院区。      响应供应商在本项目中提供的通讯系统能维持医院长号和短号不变更，保留采购人原全部固定电话号码及移动手机号码，无需作号码调整，无中断时间，能保留采购人原有的固话使用习惯。可实现群内短号互拨，享受网内互打包月优惠。      7*24小时通信运维服务良好，信号覆盖通畅稳定，且供应商完成所有合同义务。      2026年10月1日至2027年9月30日（共12个月）                 五、评审专家（单一来源采购人员）名单： 项目谈判小组组成：黄苑玲、赵征、吴向群谈判小组组长：黄苑玲 六、代理服务收费标准及金额： 本项目代理费收费标准：按采购文件要求收取 本项目代理费总金额：1.640177 万元（人民币） 七、公告期限 自本公告发布之日起1个工作日。 八、其它补充事宜 1.本项目评审委员会一致通过，推荐中国电信股份有限公司广东分公司为成交供应商。2.供应商对中标、成交结果有异议的，可以在中标（成交）结果公告期限届满之日起7个工作日内以书面形式向采购代理机构（或采购人）提出质疑，逾期将依法不予受理。联系方式如下：地址：广州市东风东路726号9楼903室联系人：郭小姐、李小姐电话：020-37860713/715 附件：采购文件 九、凡对本次公告内容提出询问，请按以下方式联系。 1.采购人信息 名 称：中山大学孙逸仙纪念医院 地址：广州市沿江西路107号 联系方式：梁小姐，020-81338019 2.采购代理机构信息 名 称：国义招标股份有限公司 地 址：广州市东风东路726号18楼 联系方式：李婕、邓子华，020-37860533、37860526 3.项目联系方式 项目联系人：李婕、邓子华 电 话： 020-37860533、37860526,医疗卫生,,中国政府采购网,,,,,,168.7776,"[{""序号"": ""1"", ""供应商名称"": ""中国电信股份有限公司广东分公司"", ""服务名称"": ""固定电话、移动电话通讯服务"", ""服务范围"": ""固定电话服务：覆盖中山大学孙逸仙纪念医院南北院区（含中大南校园门诊部、基础与转化医学研究中心生物岛分部）及花都院区；\t\t\t移动电话通讯服务：覆盖全院区。"", ""服务要求"": ""响应供应商在本项目中提供的通讯系统能维持医院长号和短号不变更，保留采购人原全部固定电话号码及移动手机号码，无需作号码调整，无中断时间，能保留采购人原有的固话使用习惯。可实现群内短号互拨，享受网内互打包月优惠。"", ""服务时间"": ""7*24小时通信运维服务良好，信号覆盖通畅稳定，且供应商完成所有合同义务。"", ""服务标准"": ""2026年10月1日至2027年9月30日（共12个月）""}]","项目谈判小组组成：黄苑玲、赵征、吴向群
谈判小组组长：黄苑玲",1.640177,中国电信股份有限公司广东分公司,,,,
福建经发-竞争性谈判-2026-JF111C1-厦门市消防救援支队（职业技能鉴定站）新增考务设备采购)-结果公告,成交公告,2026-JF111C1,2026年09月09日 15:17,厦门市,厦门市消防救援支队,福建省厦门市集美区杏林西路45-1号,虢工0592-3660260,福建经发招标代理有限公司,厦门市思明区湖滨南路359号海晟国际大厦24层2401室,林艳辉0592-5990056,林艳辉,0592-5990056,2026-JF111C1-厦门市消防救援支队（职业技能鉴定站）新增考务设备采购-竞争性谈判文件 （发售稿）.pdf,"[{""attach_name"": ""2026-JF111C1-厦门市消防救援支队（职业技能鉴定站）新增考务设备采购-竞争性谈判文件 （发售稿）.pdf"", ""attach_url"": ""https://download.ccgp.gov.cn/oss/download?uuid=EF454B0B3B7BED3B3DABE9A9EA31E0""}]",https://www.ccgp.gov.cn/cggg/zygg/cjgg/202609/t20260909_27295299.htm,2026-09-10 09:34:51,一、项目编号：2026-JF111C1（招标文件编号：2026-JF111C1） 二、项目名称：厦门市消防救援支队（职业技能鉴定站）新增考务设备采购 三、中标（成交）信息 供应商名称：厦门佰仕安建设有限公司供应商地址：厦门市湖里区海天路231号601室之二中标（成交）金额：33.3800000（万元）四、主要标的信息 序号    供应商名称      货物名称      货物品牌      货物型号      货物数量      货物单价(元)   1    厦门佰仕安建设有限公司      厦门市消防救援支队（职业技能鉴定站）新增考务设备采购)；      上海金盾等；      JB-QG/QT-F11等；      1批      /                 五、评审专家（单一来源采购人员）名单： 郑秀妹、黄鸿、虢荣伟 六、代理服务收费标准及金额： 本项目代理费收费标准：基数≤100万元部分，按1.5%计取。收款单位账户：福建经发招标代理有限公司开户银行: 中国农业银行股份有限公司厦门莲前支行账号: 4038 6001 0400 33344 本项目代理费总金额：0.500700 万元（人民币） 七、公告期限 自本公告发布之日起1个工作日。 八、其它补充事宜 未成交供应商可发送保证金底单资料至我司fjjfzb@163.com邮箱，联系退还保证金；联系人：罗小姐，联系电话：0592-5990719。 九、凡对本次公告内容提出询问，请按以下方式联系。 1.采购人信息 名 称：厦门市消防救援支队 地址：福建省厦门市集美区杏林西路45-1号 联系方式：虢工0592-3660260 2.采购代理机构信息 名 称：福建经发招标代理有限公司 地 址：厦门市思明区湖滨南路359号海晟国际大厦24层2401室 联系方式：林艳辉0592-5990056 3.项目联系方式 项目联系人：林艳辉 电 话： 0592-5990056,公共安全,,中国政府采购网,,,,,,33.38,"[{""序号"": ""1"", ""供应商名称"": ""厦门佰仕安建设有限公司"", ""货物名称"": ""厦门市消防救援支队（职业技能鉴定站）新增考务设备采购)；"", ""货物品牌"": ""上海金盾等；"", ""货物型号"": ""JB-QG/QT-F11等；"", ""货物数量"": ""1批"", ""货物单价(元)"": ""/""}]",郑秀妹、黄鸿、虢荣伟,0.5007,厦门佰仕安建设有限公司,,,,
暨南大学2026年紫外可见近红外分光光度计采购项目成交结果公告,成交公告,GZZJ-FG-2026423,2026年09月09日 15:14,广东省,暨南大学,广州市黄埔大道西601号,涂老师020-85220066,广州中经招标有限公司,广州市越秀区寺右一马路18号泰恒大厦14楼1409室,侯先生020-87385151、020-37639369、020-87371812、020-87372296,侯先生,020-87385151,,,https://www.ccgp.gov.cn/cggg/zygg/cjgg/202609/t20260909_27295262.htm,2026-09-10 09:34:52,"一、项目编号：GZZJ-FG-2026423（招标文件编号：GZZJ-FG-2026423） 二、项目名称：暨南大学2026年紫外可见近红外分光光度计采购项目 三、中标（成交）信息 供应商名称：广东省中科进出口有限公司供应商地址：广州市越秀区先烈中路100号大院9号102房自编A一楼（仅限办公）中标（成交）金额：37.7500000（万元）四、主要标的信息 序号    供应商名称      货物名称      货物品牌      货物型号      货物数量      货物单价(元)   1    广东省中科进出口有限公司      紫外可见近红外分光光度计      SHIMADZU      UV-3600iPlus      1套      377,500.00                 五、评审专家（单一来源采购人员）名单： 吴劲、何俊强、缪伟业（采购人代表） 六、代理服务收费标准及金额： 本项目代理费收费标准：按询比文件要求 本项目代理费总金额：0.566200 万元（人民币） 七、公告期限 自本公告发布之日起1个工作日。 八、其它补充事宜 （一）项目内容 项目内容 数量 最高限价 是否允许进口产品 紫外可见近红外分光光度计 1套 人民币38万元 是 （二）成交供应商的评审总得分：90.83（三）各有关当事人对中标、成交结果有异议的，可以在中标、成交公告发布之日起3个工作日内以书面形式向（政府采购代理机构）（或采购人）提出质疑，逾期将依法不予受理。 九、凡对本次公告内容提出询问，请按以下方式联系。 1.采购人信息 名 称：暨南大学 地址：广州市黄埔大道西601号 联系方式：涂老师020-85220066 2.采购代理机构信息 名 称：广州中经招标有限公司 地 址：广州市越秀区寺右一马路18号泰恒大厦14楼1409室 联系方式：侯先生020-87385151、020-37639369、020-87371812、020-87372296 3.项目联系方式 项目联系人：侯先生 电 话： 020-87385151",教育培训,,中国政府采购网,,,,,,37.75,"[{""序号"": ""1"", ""供应商名称"": ""广东省中科进出口有限公司"", ""货物名称"": ""紫外可见近红外分光光度计"", ""货物品牌"": ""SHIMADZU"", ""货物型号"": ""UV-3600iPlus"", ""货物数量"": ""1套"", ""货物单价(元)"": ""377,500.00""}]",吴劲、何俊强、缪伟业（采购人代表）,0.5662,广东省中科进出口有限公司,,,,
中国科学院赣江创新研究院单晶炉加热模块采购项目成交公告,成交公告,TC26070FH,2026年09月09日 15:11,赣州市,中国科学院赣江创新研究院,江西省赣州市科学院路1号,联系人：罗老师 电话：0797-4565919,中招国际招标有限公司,北京市海淀区学院南路62号中关村资本大厦911B室,罗子琦、徐子玲、王高云、郭文星、徐润斌 010-61954095、61954155 luoziqi@cntcitc.com.cn,罗子琦、徐子玲、王高云、郭文星,010-61954095、61954155,竞磋发布稿-中国科学院赣江创新研究院单晶炉加热模块采购项目.pdf,"[{""attach_name"": ""竞磋发布稿-中国科学院赣江创新研究院单晶炉加热模块采购项目.pdf"", ""attach_url"": ""https://download.ccgp.gov.cn/oss/download?uuid=1F15139D5EF0C761A0122428576A82""}]",https://www.ccgp.gov.cn/cggg/zygg/cjgg/202609/t20260909_27295208.htm,2026-09-10 09:34:52,一、项目编号：TC26070FH（招标文件编号：TC26070FH） 二、项目名称：中国科学院赣江创新研究院单晶炉加热模块采购项目 三、中标（成交）信息 供应商名称：福州福雷德实验设备有限公司供应商地址：福州市闽侯县上街镇建平村金上大道博仕后家园7#206室-2中标（成交）金额：76.8000000（万元）四、主要标的信息 序号    供应商名称      货物名称      货物品牌      货物型号      货物数量      货物单价(元)   1    福州福雷德实验设备有限公司      单晶炉加热模块      福雷德      定制      24套      32000                 五、评审专家（单一来源采购人员）名单： 程诚、刘颖、李涛 六、代理服务收费标准及金额： 本项目代理费收费标准：参照原国家计委计价格【2002】1980号文和国家发改委发改办价格【2003】857号文的计算方法并下浮20%收取，收费金额不足6000元的按6000元收取。 本项目代理费总金额：0.921600 万元（人民币） 七、公告期限 自本公告发布之日起1个工作日。 八、其它补充事宜 成交供应商最终评审得分：95.94.70分 九、凡对本次公告内容提出询问，请按以下方式联系。 1.采购人信息 名 称：中国科学院赣江创新研究院 地址：江西省赣州市科学院路1号 联系方式：联系人：罗老师 电话：0797-4565919 2.采购代理机构信息 名 称：中招国际招标有限公司 地 址：北京市海淀区学院南路62号中关村资本大厦911B室 联系方式：罗子琦、徐子玲、王高云、郭文星、徐润斌 010-61954095、61954155 luoziqi@cntcitc.com.cn 3.项目联系方式 项目联系人：罗子琦、徐子玲、王高云、郭文星、徐润斌 电 话： 010-61954095、61954155,教育培训,,中国政府采购网,,,,,,76.8,"[{""序号"": ""1"", ""供应商名称"": ""福州福雷德实验设备有限公司"", ""货物名称"": ""单晶炉加热模块"", ""货物品牌"": ""福雷德"", ""货物型号"": ""定制"", ""货物数量"": ""24套"", ""货物单价(元)"": ""32000""}]",程诚、刘颖、李涛,0.9216,福州福雷德实验设备有限公司,,,,
北京市消防救援总队消防主题影视作品制作及动画短视频制作推广采购项目成交公告,成交公告,TC260102A,2026年09月09日 15:11,北京市,北京市消防救援总队,北京市西城区西直门南小街1号,刘助理，010-82215233,中招国际招标有限公司,北京市海淀区学院南路62号中关村资本大厦6层613B室,樊雨婷、丁敏，010-62108196,樊雨婷、丁敏,010-62108196,"包2-企业类型声明函.pdf,包1-消防主题影视作品制作及动画短视频制作推广采购项目磋商文件-发售版.pdf,包2-消防主题影视作品制作及动画短视频制作推广采购项目磋商文件-发售版.pdf,包1-企业类型声明函.pdf","[{""attach_name"": ""包2-企业类型声明函.pdf"", ""attach_url"": ""https://download.ccgp.gov.cn/oss/download?uuid=7849C2443DD36CC192C555865D9EE0""}, {""attach_name"": ""包1-消防主题影视作品制作及动画短视频制作推广采购项目磋商文件-发售版.pdf"", ""attach_url"": ""https://download.ccgp.gov.cn/oss/download?uuid=8DB4A2D10E5FE416B3B8237470ED05""}, {""attach_name"": ""包2-消防主题影视作品制作及动画短视频制作推广采购项目磋商文件-发售版.pdf"", ""attach_url"": ""https://download.ccgp.gov.cn/oss/download?uuid=E94375F7307186A6695DEB19132A21""}, {""attach_name"": ""包1-企业类型声明函.pdf"", ""attach_url"": ""https://download.ccgp.gov.cn/oss/download?uuid=AFD4FAD8C885CFF0C6CD479532A2E9""}]",https://www.ccgp.gov.cn/cggg/zygg/cjgg/202609/t20260909_27295212.htm,2026-09-10 09:34:53,一、项目编号：TC260102A（招标文件编号：TC260102A） 二、项目名称：北京市消防救援总队消防主题影视作品制作及动画短视频制作推广采购项目 三、中标（成交）信息 供应商名称：北京多艺华彩数字科技有限公司供应商地址：北京市朝阳区龙源文化创意大厦D座406中标（成交）金额：32.5000000（万元） 供应商名称：北京视天嘉艺影视文化有限公司供应商地址：北京市朝阳区安德鲁斯西区 213-104 栋中标（成交）金额：9.8400000（万元）四、主要标的信息 序号    供应商名称      服务名称      服务范围      服务要求      服务时间      服务标准   1    北京多艺华彩数字科技有限公司      第1包：消防主题影视作品制作采购项目      制作1部消防公益影视作品，时长不少于2分钟。生动展现消防科普常识，创作形式新颖、内容精炼、具备完整故事情节和观赏性、适合户外大屏、楼宇电视等公益播出平台及线上媒体平台推广格式要求的消防主题影视作品，用于广泛传播消防安全常识，提高首都市民风险防范意识。      详见竞争性磋商文件      自合同签订之日起至2026年11月30日前。      详见竞争性磋商文件                 序号    供应商名称      服务名称      服务范围      服务要求      服务时间      服务标准   2    北京视天嘉艺影视文化有限公司      第2包：消防动画短视频制作推广项目      结合北京市消防工作以及采购人工作需求等，制作推广3个AI3D或MG动画短视频，用于媒体平台宣传和推广。      详见竞争性磋商文件      自合同签订之日起至2026年11月30日前。      详见竞争性磋商文件                 五、评审专家（单一来源采购人员）名单： 陆峰、陈江、李宝萍 六、代理服务收费标准及金额： 本项目代理费收费标准：包1服务费金额：4143.75元；包2服务费金额：1254.60元。按照磋商文件规定标准执行。 本项目代理费总金额：0.539835 万元（人民币） 七、公告期限 自本公告发布之日起1个工作日。 八、其它补充事宜 包1成交供应商综合得分：95.00分包2成交供应商综合得分：84.00分 九、凡对本次公告内容提出询问，请按以下方式联系。 1.采购人信息 名 称：北京市消防救援总队 地址：北京市西城区西直门南小街1号 联系方式：刘助理，010-82215233 2.采购代理机构信息 名 称：中招国际招标有限公司 地 址：北京市海淀区学院南路62号中关村资本大厦6层613B室 联系方式：樊雨婷、丁敏，010-62108196 3.项目联系方式 项目联系人：樊雨婷、丁敏 电 话： 010-62108196,公共安全,,中国政府采购网,,,,,,42.34,"[{""序号"": ""1"", ""供应商名称"": ""北京多艺华彩数字科技有限公司"", ""服务名称"": ""第1包：消防主题影视作品制作采购项目"", ""服务范围"": ""制作1部消防公益影视作品，时长不少于2分钟。生动展现消防科普常识，创作形式新颖、内容精炼、具备完整故事情节和观赏性、适合户外大屏、楼宇电视等公益播出平台及线上媒体平台推广格式要求的消防主题影视作品，用于广泛传播消防安全常识，提高首都市民风险防范意识。"", ""服务要求"": ""详见竞争性磋商文件"", ""服务时间"": ""自合同签订之日起至2026年11月30日前。"", ""服务标准"": ""详见竞争性磋商文件""}, {""序号"": ""序号"", ""供应商名称"": ""供应商名称"", ""服务名称"": ""服务名称"", ""服务范围"": ""服务范围"", ""服务要求"": ""服务要求"", ""服务时间"": ""服务时间"", ""服务标准"": ""服务标准""}, {""序号"": ""2"", ""供应商名称"": ""北京视天嘉艺影视文化有限公司"", ""服务名称"": ""第2包：消防动画短视频制作推广项目"", ""服务范围"": ""结合北京市消防工作以及采购人工作需求等，制作推广3个AI3D或MG动画短视频，用于媒体平台宣传和推广。"", ""服务要求"": ""详见竞争性磋商文件"", ""服务时间"": ""自合同签订之日起至2026年11月30日前。"", ""服务标准"": ""详见竞争性磋商文件""}]",陆峰、陈江、李宝萍,0.539835,北京多艺华彩数字科技有限公司、供应商名称、北京视天嘉艺影视文化有限公司,,,,
中华人民共和国天府新区海关电路改造及膜结构停车棚工程比选结果公告,成交公告,SCIT-FB,2026年09月09日 15:08,四川省,中华人民共和国天府新区海关,四川省成都市天府新区广州路东段1号,陈老师 028-85390465,四川国际招标有限责任公司,中国（四川）自由贸易试验区成都市高新区天府四街66号2栋22层1号,联系人：王女士、贺女士 联系电话：18583959483、13111881702,王女士,18583959483,,,https://www.ccgp.gov.cn/cggg/zygg/cjgg/202609/t20260909_27295136.htm,2026-09-10 09:34:53,一、项目编号：SCIT-FB（Z）-2026080001（招标文件编号：SCIT-FB（Z）-2026080001） 二、项目名称：中华人民共和国天府新区海关电路改造及膜结构停车棚工程 三、中标（成交）信息 供应商名称：四川建鸣电力工程有限公司供应商地址：成都市青羊区草堂北西街18号2栋1单元11层1101号中标（成交）金额：19.8097000（万元）四、主要标的信息 序号    供应商名称       工程名称       施工范围       施工工期       项目经理       执业证书   1    四川建鸣电力工程有限公司      电路改造      中华人民共和国天府新区海关      15个工作日内完成全部工作      徐艳      川2512021202202268                 五、评审专家（单一来源采购人员）名单： 杜天羽、易佳、胡英芬 六、代理服务收费标准及金额： 本项目代理费收费标准：由中选人在领取中选通知书前向比选代理机构交纳比选服务费。以定额收取，包1：5000元。 本项目代理费总金额：0.500000 万元（人民币） 七、公告期限 自本公告发布之日起1个工作日。 八、其它补充事宜 01包：成交供应商名称：四川建鸣电力工程有限公司成交金额：人民币19.8097万元02包递交文件人数不足三家，采购失败。 九、凡对本次公告内容提出询问，请按以下方式联系。 1.采购人信息 名 称：中华人民共和国天府新区海关 地址：四川省成都市天府新区广州路东段1号 联系方式：陈老师 028-85390465 2.采购代理机构信息 名 称：四川国际招标有限责任公司 地 址：中国（四川）自由贸易试验区成都市高新区天府四街66号2栋22层1号 联系方式：联系人：王女士、贺女士 联系电话：18583959483、13111881702 3.项目联系方式 项目联系人：王女士 电 话： 18583959483,工程建设,,中国政府采购网,,,,,,19.8097,"[{""序号"": ""1"", ""供应商名称"": ""四川建鸣电力工程有限公司"", ""工程名称"": ""电路改造"", ""施工范围"": ""中华人民共和国天府新区海关"", ""施工工期"": ""15个工作日内完成全部工作"", ""项目经理"": ""徐艳"", ""执业证书"": ""川2512021202202268""}]",杜天羽、易佳、胡英芬,0.5,四川建鸣电力工程有限公司,,,,
中国科学院海洋研究所超微量移液工作站购买项目成交公告,成交公告,QDYN-2026-135,2026年09月09日 15:04,青岛市,中国科学院海洋研究所,青岛市西海岸新区海军路88号,王家栋13678882347,青岛一诺项目咨询管理有限公司,青岛市市北区辽阳西路567号浮山国际1号楼911室,丁鑫、18753288591,丁鑫,17561842663,超微量移液工作站购买项目.pdf,"[{""attach_name"": ""超微量移液工作站购买项目.pdf"", ""attach_url"": ""https://download.ccgp.gov.cn/oss/download?uuid=1795CC21F4A4BE3792AE6FE8E3AA4B""}]",https://www.ccgp.gov.cn/cggg/zygg/cjgg/202609/t20260909_27295101.htm,2026-09-10 09:34:54,一、项目编号：QDYN-2026-135（招标文件编号：QDYN-2026-135） 二、项目名称：超微量移液工作站购买项目 三、中标（成交）信息 供应商名称：仪智科技（上海）有限公司供应商地址：上海市普陀区丹巴路99号B2幢1601/1603室中标（成交）金额：71.8000000（万元）四、主要标的信息 序号    供应商名称      货物名称      货物品牌      货物型号      货物数量      货物单价(元)   1    仪智科技（上海）有限公司      Nano-plotter系列超微量移液工作站      GESIM      NP2.1 单通道      1      718000                 五、评审专家（单一来源采购人员）名单： 曹正梅、李云芳、王丹阳 六、代理服务收费标准及金额： 本项目代理费收费标准：详见文件 本项目代理费总金额：0.861600 万元（人民币） 七、公告期限 自本公告发布之日起1个工作日。 八、其它补充事宜 / 九、凡对本次公告内容提出询问，请按以下方式联系。 1.采购人信息 名 称：中国科学院海洋研究所 地址：青岛市西海岸新区海军路88号 联系方式：王家栋13678882347 2.采购代理机构信息 名 称：青岛一诺项目咨询管理有限公司 地 址：青岛市市北区辽阳西路567号浮山国际1号楼911室 联系方式：丁鑫、18753288591 3.项目联系方式 项目联系人：丁鑫 电 话： 17561842663,教育培训,,中国政府采购网,,,,,,71.8,"[{""序号"": ""1"", ""供应商名称"": ""仪智科技（上海）有限公司"", ""货物名称"": ""Nano-plotter系列超微量移液工作站"", ""货物品牌"": ""GESIM"", ""货物型号"": ""NP2.1 单通道"", ""货物数量"": ""1"", ""货物单价(元)"": ""718000""}]",曹正梅、李云芳、王丹阳,0.8616,仪智科技（上海）有限公司,,,,
中国科学院西双版纳热带植物园科研中心文体活动室建设项目成交公告,成交公告,YNZF2026-70,2026年09月09日 15:04,西双版纳傣族自治州,中国科学院西双版纳热带植物园,云南省西双版纳傣族自治州勐腊县勐仑镇,姜海平 0691-8716819,云南中方工程项目管理有限公司,云南省西双版纳州景洪市世纪金源望江苑15栋101,王超 0691-2195111  18787951151,姜海平,0691-8716819,"成交结果公告.pdf,中小企业声明函.pdf","[{""attach_name"": ""成交结果公告.pdf"", ""attach_url"": ""https://download.ccgp.gov.cn/oss/download?uuid=8DC43CD1AC9CF8C8E91F0B4E7FC60F""}, {""attach_name"": ""中小企业声明函.pdf"", ""attach_url"": ""https://download.ccgp.gov.cn/oss/download?uuid=63150DFF333439B2F742E21C619B34""}]",https://www.ccgp.gov.cn/cggg/zygg/cjgg/202609/t20260909_27295105.htm,2026-09-10 09:34:54,一、项目编号：YNZF2026-70号（招标文件编号：YNZF2026-70号） 二、项目名称：中国科学院西双版纳热带植物园科研中心文体活动室建设项目 三、中标（成交）信息 供应商名称：宁创建设(云南)有限公司供应商地址：云南省昆明市呈贡区雨花街道颐明园一期冬青里19幢2单元1-3层101号中标（成交）金额：247.7524030（万元）四、主要标的信息 序号    供应商名称       工程名称       施工范围       施工工期       项目经理       执业证书   1    宁创建设(云南)有限公司      中国科学院西双版纳热带植物园科研中心文体活动室建设项目      主要内容为新建钢框架结构文体活动室一幢，以及室外附属工程等。其中，文体活动室建筑面积958.32平方米，建筑高度10.6米，地上一层，局部二层，包含土建、装修、给排水、电气、消防、排烟等。      120日历天      周德志      中华人民共和国二级建造师注册证书 注册编号：云2532022202298461                 五、评审专家（单一来源采购人员）名单： 王艳美、王艳君（组长）、姜海平（采购人代表） 六、代理服务收费标准及金额： 本项目代理费收费标准：参考云南省建设工程招标投标行业协会印发的《云南省建设工程及政府采购代理服务收费参考意见》的通知(云建招协(2026)11号)规定计费方法计算，以中标价为基数计算后下浮20%计取。招标代理服务费由成交（中标）人支付。 本项目代理费总金额：2.380000 万元（人民币） 七、公告期限 自本公告发布之日起1个工作日。 八、其它补充事宜 九、凡对本次公告内容提出询问，请按以下方式联系。 1.采购人信息 名 称：中国科学院西双版纳热带植物园 地址：云南省西双版纳傣族自治州勐腊县勐仑镇 联系方式：姜海平 0691-8716819 2.采购代理机构信息 名 称：云南中方工程项目管理有限公司 地 址：云南省西双版纳州景洪市世纪金源望江苑15栋101 联系方式：王超 0691-2195111 18787951151 3.项目联系方式 项目联系人：姜海平 电 话： 0691-8716819,教育培训,,中国政府采购网,,,,,,247.752403,"[{""序号"": ""1"", ""供应商名称"": ""宁创建设(云南)有限公司"", ""工程名称"": ""中国科学院西双版纳热带植物园科研中心文体活动室建设项目"", ""施工范围"": ""主要内容为新建钢框架结构文体活动室一幢，以及室外附属工程等。其中，文体活动室建筑面积958.32平方米，建筑高度10.6米，地上一层，局部二层，包含土建、装修、给排水、电气、消防、排烟等。"", ""施工工期"": ""120日历天"", ""项目经理"": ""周德志"", ""执业证书"": ""中华人民共和国二级建造师注册证书 注册编号：云2532022202298461""}]",王艳美、王艳君（组长）、姜海平（采购人代表）,2.38,宁创建设(云南)有限公司,,,,
北京市消防救援总队社会单位消防安全非现场监管技术要求项目成交公告,成交公告,DT2026ZB107,2026年09月09日 15:00,市辖区,北京市消防救援总队,北京市西城区西直门南小街1号,刘老师，010-82215233,中咨达腾（北京）工程咨询有限公司,北京市丰台区宋庄路71号院扑满山2号楼20层2003室,赵梦妍、齐浩，010-57230996、13366624997,赵梦妍、齐浩,010-57230996、13366624997,"02.pdf,01.pdf","[{""attach_name"": ""02.pdf"", ""attach_url"": ""https://download.ccgp.gov.cn/oss/download?uuid=4FE26289370D6070743D75FFCFAC49""}, {""attach_name"": ""01.pdf"", ""attach_url"": ""https://download.ccgp.gov.cn/oss/download?uuid=9962E9EC735077D49A5F81153C1B5D""}]",https://www.ccgp.gov.cn/cggg/zygg/cjgg/202609/t20260909_27295055.htm,2026-09-10 09:34:55,一、项目编号：DT2026ZB107（招标文件编号：DT2026ZB107） 二、项目名称：社会单位消防安全非现场监管技术要求项目 三、中标（成交）信息 供应商名称：北京博信高科技术有限公司供应商地址：北京市海淀区学清路8号(科技财富中心)B座8层B801中标（成交）金额：16.8000000（万元）四、主要标的信息 序号    供应商名称      服务名称      服务范围      服务要求      服务时间      服务标准   1    北京博信高科技术有限公司      社会单位消防安全非现场监管技术要求项目      采购社会单位消防安全非现场监管技术要求的服务，提供现状梳理、调研分析、框架完善、标准编制、专家研讨完善、标准试点完善、审查报批、技术支撑与资料交付等服务。      采购社会单位消防安全非现场监管技术要求的服务，提供现状梳理、调研分析、框架完善、标准编制、专家研讨完善、标准试点完善、审查报批、技术支撑与资料交付等服务。      自合同签订之日起12个月。      满足采购人要求                 五、评审专家（单一来源采购人员）名单： 李沛俊、王玉红、李小营 六、代理服务收费标准及金额： 本项目代理费收费标准：按照采购文件规定收费 本项目代理费总金额：0.214200 万元（人民币） 七、公告期限 自本公告发布之日起1个工作日。 八、其它补充事宜 成交供应商名称 综合得分 北京博信高科技术有限公司 89.00   九、凡对本次公告内容提出询问，请按以下方式联系。 1.采购人信息 名 称：北京市消防救援总队 地址：北京市西城区西直门南小街1号 联系方式：刘老师，010-82215233 2.采购代理机构信息 名 称：中咨达腾（北京）工程咨询有限公司 地 址：北京市丰台区宋庄路71号院扑满山2号楼20层2003室 联系方式：赵梦妍、齐浩，010-57230996、13366624997 3.项目联系方式 项目联系人：赵梦妍、齐浩 电 话： 010-57230996、13366624997,公共安全,,中国政府采购网,,,,,,16.8,"[{""序号"": ""1"", ""供应商名称"": ""北京博信高科技术有限公司"", ""服务名称"": ""社会单位消防安全非现场监管技术要求项目"", ""服务范围"": ""采购社会单位消防安全非现场监管技术要求的服务，提供现状梳理、调研分析、框架完善、标准编制、专家研讨完善、标准试点完善、审查报批、技术支撑与资料交付等服务。"", ""服务要求"": ""采购社会单位消防安全非现场监管技术要求的服务，提供现状梳理、调研分析、框架完善、标准编制、专家研讨完善、标准试点完善、审查报批、技术支撑与资料交付等服务。"", ""服务时间"": ""自合同签订之日起12个月。"", ""服务标准"": ""满足采购人要求""}, {""成交供应商名称"": ""北京博信高科技术有限公司"", ""综合得分"": ""89.00""}]",李沛俊、王玉红、李小营,0.2142,北京博信高科技术有限公司,,,,
中国特种设备检测研究院2026—2027年通勤班车租赁服务项目成交公告,成交公告,26CNIC01-6037,2026年09月09日 14:58,北京市,中国特种设备检测研究院,北京市朝阳区和平街西苑2号,010-59068527,中国仪器进出口集团有限公司,北京市海淀区西直门北大街甲43号金运大厦B座902室,王剑/孙伟 010-62261185、010-62266010、010-81166132,王剑,010-62261185、010-62266010、010-81166132,"竞争性磋商文件-6037-最终版(1).pdf,中小企业声明函.pdf","[{""attach_name"": ""竞争性磋商文件-6037-最终版(1).pdf"", ""attach_url"": ""https://download.ccgp.gov.cn/oss/download?uuid=30BC1C8FCD754C12304B240920C7E3""}, {""attach_name"": ""中小企业声明函.pdf"", ""attach_url"": ""https://download.ccgp.gov.cn/oss/download?uuid=636C5B0D82AEA4B0B937317BA88981""}]",https://www.ccgp.gov.cn/cggg/zygg/cjgg/202609/t20260909_27295032.htm,2026-09-10 09:34:56,一、项目编号：26CNIC01-6037（招标文件编号：26CNIC01-6037） 二、项目名称：中国特种设备检测研究院2026—2027年通勤班车租赁服务项目 三、中标（成交）信息 供应商名称：北京浩顺达客运服务有限公司供应商地址：北京市怀柔区渤海镇环镇路81号1307室中标（成交）金额：22.8000000（万元）四、主要标的信息 序号    供应商名称      服务名称      服务范围      服务要求      服务时间      服务标准   1    北京浩顺达客运服务有限公司      50座通勤班车租赁服务      中国特种设备检测研究院2026—2027年通勤班车租赁服务项目      投标人根据采购人的实际用车需求，提供一辆50座大巴车为采购人提供通勤班车服务。      服务周期：一年      根据相关规定、依据采购人要求。详见竞争性磋商文件。                 五、评审专家（单一来源采购人员）名单： 姜东升、秦勐、沙喜峰 六、代理服务收费标准及金额： 本项目代理费收费标准：根据国家发改委颁布的《招标代理服务收费管理暂行办法》（计价格[2002]1980号）中的招标收费标准，按照中标额差额定率累进法计算。 本项目代理费总金额：0.342000 万元（人民币） 七、公告期限 自本公告发布之日起1个工作日。 八、其它补充事宜 北京浩顺达客运服务有限公司评审总得分：95.33 九、凡对本次公告内容提出询问，请按以下方式联系。 1.采购人信息 名 称：中国特种设备检测研究院 地址：北京市朝阳区和平街西苑2号 联系方式：010-59068527 2.采购代理机构信息 名 称：中国仪器进出口集团有限公司 地 址：北京市海淀区西直门北大街甲43号金运大厦B座902室 联系方式：王剑/孙伟 010-62261185、010-62266010、010-81166132 3.项目联系方式 项目联系人：王剑/孙伟 电 话： 010-62261185、010-62266010、010-81166132,服务外包,,中国政府采购网,,,,,,22.8,"[{""序号"": ""1"", ""供应商名称"": ""北京浩顺达客运服务有限公司"", ""服务名称"": ""50座通勤班车租赁服务"", ""服务范围"": ""中国特种设备检测研究院2026—2027年通勤班车租赁服务项目"", ""服务要求"": ""投标人根据采购人的实际用车需求，提供一辆50座大巴车为采购人提供通勤班车服务。"", ""服务时间"": ""服务周期：一年"", ""服务标准"": ""根据相关规定、依据采购人要求。详见竞争性磋商文件。""}]",姜东升、秦勐、沙喜峰,0.342,北京浩顺达客运服务有限公司,,,,
长江三峡通航管理局左坝头公务码头临时过渡搬迁供配电设施建设工程成交结果公告,成交公告,TZC-YC2026716-03,2026年09月09日 14:57,宜昌市,长江三峡通航管理局,湖北省宜昌市西陵区上导堤路12号,向黎航/高攀；0717-6961324/6961281,同致诚工程咨询有限公司,宜昌市发展大道三峡云计算中心B座1201室,李超、13227271739,向黎航,0717-6961324,"中小企业声明函.pdf,8.21（定稿）左坝头公务码头临时过渡搬迁供配电设施建设工程.pdf","[{""attach_name"": ""中小企业声明函.pdf"", ""attach_url"": ""https://download.ccgp.gov.cn/oss/download?uuid=D8DA369BF9EC7671BDB0006948B346""}, {""attach_name"": ""8.21（定稿）左坝头公务码头临时过渡搬迁供配电设施建设工程.pdf"", ""attach_url"": ""https://download.ccgp.gov.cn/oss/download?uuid=B4005396F5C758523E1AC5A85344AB""}]",https://www.ccgp.gov.cn/cggg/zygg/cjgg/202609/t20260909_27295015.htm,2026-09-10 09:34:56,一、项目编号：TZC-YC2026716-03（招标文件编号：TZC-YC2026716-03） 二、项目名称：左坝头公务码头临时过渡搬迁供配电设施建设工程 三、中标（成交）信息 供应商名称：湖北智谦成安装工程有限公司供应商地址：武汉市江岸区塔子湖西路1号星悦城一期10栋9层7室中标（成交）金额：305.0000000（万元）四、主要标的信息 序号    供应商名称       工程名称       施工范围       施工工期       项目经理       执业证书   1    湖北智谦成安装工程有限公司      左坝头公务码头临时过渡搬迁供配电设施建设工程      左坝头公务码头临时过渡搬迁供配电设施建设工程，建设内容包括南津关基地至项目陆域10kV外线、箱变设备、高低压电缆、岸电充电配套、防雷接地全套供配电工程，并全程配合国网供电部门中间检查、竣工验收、送电试验、备案等，确保满足国网送电条件和入网要求等，详见施工图及工程量清单。      45日历天。      杨胜      鄂242081218478                 五、评审专家（单一来源采购人员）名单： 席涛、覃文正、王忠民 六、代理服务收费标准及金额： 本项目代理费收费标准：采购人与采购代理机构签订的采购代理协议及其它相关规定。 本项目代理费总金额：0.669200 万元（人民币） 七、公告期限 自本公告发布之日起1个工作日。 八、其它补充事宜 各有关当事人对成交结果有异议的，可在成交公告期限届满之日起7个工作日内，向采购人或采购代理机构提出质疑，质疑时请提交书面质疑函一份（法人代表签字、加盖单位公章），并附相关证据材料。 九、凡对本次公告内容提出询问，请按以下方式联系。 1.采购人信息 名 称：长江三峡通航管理局 地址：湖北省宜昌市西陵区上导堤路12号 联系方式：向黎航/高攀；0717-6961324/6961281 2.采购代理机构信息 名 称：同致诚工程咨询有限公司 地 址：宜昌市发展大道三峡云计算中心B座1201室 联系方式：李超、13227271739 3.项目联系方式 项目联系人：向黎航/高攀 电 话： 0717-6961324/6961281,工程建设,,中国政府采购网,,,,,,305.0,"[{""序号"": ""1"", ""供应商名称"": ""湖北智谦成安装工程有限公司"", ""工程名称"": ""左坝头公务码头临时过渡搬迁供配电设施建设工程"", ""施工范围"": ""左坝头公务码头临时过渡搬迁供配电设施建设工程，建设内容包括南津关基地至项目陆域10kV外线、箱变设备、高低压电缆、岸电充电配套、防雷接地全套供配电工程，并全程配合国网供电部门中间检查、竣工验收、送电试验、备案等，确保满足国网送电条件和入网要求等，详见施工图及工程量清单。"", ""施工工期"": ""45日历天。"", ""项目经理"": ""杨胜"", ""执业证书"": ""鄂242081218478""}]",席涛、覃文正、王忠民,0.6692,湖北智谦成安装工程有限公司,,,,
中国劳动关系学院智慧学工2.0项目成交公告,成交公告,CFTC-BJ01-2607079,2026年09月09日 14:50,北京市,中国劳动关系学院,北京市海淀区增光路45号,刘老师、010-88561791,国金招标有限公司,北京市朝阳区东三环南路甲52号顺迈金钻国际商务中心9层9C,边璐、邵柄强、谢丹丹、杨振豪、孙涛、张含勇010-52138809、13521749581,边璐、邵柄强、谢丹丹、杨振豪,010-52138809、13521749581,"8.20发售稿（货物）-竞争性磋商文件-46W--中国劳动关系学院智慧学工2.0 项目.pdf,中小企业声明函-北京三易拓科技有限公司.pdf,本国产品声明函-北京三易拓科技有限公司.pdf,主要标的信息-北京三易拓科技有限公司.pdf","[{""attach_name"": ""8.20发售稿（货物）-竞争性磋商文件-46W--中国劳动关系学院智慧学工2.0 项目.pdf"", ""attach_url"": ""https://download.ccgp.gov.cn/oss/download?uuid=7A60AA3164E3A714A37F0808D75A3F""}, {""attach_name"": ""中小企业声明函-北京三易拓科技有限公司.pdf"", ""attach_url"": ""https://download.ccgp.gov.cn/oss/download?uuid=2E1C4D6BC87BF1F1C0A29E88364F5A""}, {""attach_name"": ""本国产品声明函-北京三易拓科技有限公司.pdf"", ""attach_url"": ""https://download.ccgp.gov.cn/oss/download?uuid=3CEC58C94805360BDE2868F8D3C0A1""}, {""attach_name"": ""主要标的信息-北京三易拓科技有限公司.pdf"", ""attach_url"": ""https://download.ccgp.gov.cn/oss/download?uuid=044C97FC191676258DB2A2EDAABAC0""}]",https://www.ccgp.gov.cn/cggg/zygg/cjgg/202609/t20260909_27294950.htm,2026-09-10 09:34:57,一、项目编号：CFTC-BJ01-2607079（招标文件编号：CFTC-BJ01-2607079） 二、项目名称：中国劳动关系学院智慧学工2.0 项目 三、中标（成交）信息 供应商名称：北京三易拓科技有限公司供应商地址：北京市海淀区东升科技园北街6号院4号楼10层101中标（成交）金额：25.0000000（万元）四、主要标的信息 序号    供应商名称      货物名称      货物品牌      货物型号      货物数量      货物单价(元)   1    北京三易拓科技有限公司      详见附件      详见附件      详见附件      详见附件      详见附件                 五、评审专家（单一来源采购人员）名单： 郑军、杜艳 、李颖 六、代理服务收费标准及金额： 本项目代理费收费标准：详见竞争性磋商文件 本项目代理费总金额：0.300000 万元（人民币） 七、公告期限 自本公告发布之日起1个工作日。 八、其它补充事宜 成交供应商评审总得分：92.67分。 九、凡对本次公告内容提出询问，请按以下方式联系。 1.采购人信息 名 称：中国劳动关系学院 地址：北京市海淀区增光路45号 联系方式：刘老师、010-88561791 2.采购代理机构信息 名 称：国金招标有限公司 地 址：北京市朝阳区东三环南路甲52号顺迈金钻国际商务中心9层9C 联系方式：边璐、邵柄强、谢丹丹、杨振豪、孙涛、张含勇010-52138809、13521749581 3.项目联系方式 项目联系人：边璐、邵柄强、谢丹丹、杨振豪、孙涛、张含勇 电 话： 010-52138809、13521749581,教育培训,,中国政府采购网,,,,,,25.0,"[{""序号"": ""1"", ""供应商名称"": ""北京三易拓科技有限公司"", ""货物名称"": ""详见附件"", ""货物品牌"": ""详见附件"", ""货物型号"": ""详见附件"", ""货物数量"": ""详见附件"", ""货物单价(元)"": ""详见附件""}]",郑军、杜艳 、李颖,0.3,北京三易拓科技有限公司,,,,
湖南大学JY-2026062货物及服务采购项目成交结果公告,成交公告,JYCZ202601245,2026年09月09日 14:50,湖南省,湖南大学,湖南省长沙市岳麓区天马一街,彭老师、0731-88821512,湖南建业管理咨询有限公司,长沙市雨花区时代阳光大道西388号轻盐阳光CEO大厦A座10楼,周磊、李小梅、陈凯伊、鲁奕伶、谭子林 0731-84452348、84405538,彭老师,0731-88821512,附件.rar,"[{""attach_name"": ""附件.rar"", ""attach_url"": ""https://download.ccgp.gov.cn/oss/download?uuid=850B3B89B6FA4A330AB6E40A947107""}]",https://www.ccgp.gov.cn/cggg/zygg/cjgg/202609/t20260909_27294946.htm,2026-09-10 09:34:57,一、项目编号：JYCZ202601245（招标文件编号：JYCZ202601245） 二、项目名称：湖南大学JY-2026062货物及服务采购项目 三、中标（成交）信息 供应商名称：北京时间线影视传媒有限公司供应商地址：北京市海淀区中关村东路66号1号楼10层1104中标（成交）金额：48.7000000（万元）四、主要标的信息 序号    供应商名称      服务名称      服务范围      服务要求      服务时间      服务标准   1    北京时间线影视传媒有限公司      “传承”文化育人主题宣传创作服务      详见响应文件      详见响应文件      自合同签订之日起12个月内      详见响应文件                 五、评审专家（单一来源采购人员）名单： 杜启平（主任评委）、黄新华、叶郁 六、代理服务收费标准及金额： 本项目代理费收费标准：按照采购代理机构与采购人签订的代理合同的规定向成交单位收取。 本项目代理费总金额：0.547900 万元（人民币） 七、公告期限 自本公告发布之日起1个工作日。 八、其它补充事宜 评审情况： 排序 供应商名称 最终报价(元) 得分 1 北京时间线影视传媒有限公司 487000.00 91.83 2 北京育和文化科技有限公司 490000.00 67.41 3 北京尚乙文化科技中心（个体工商户） 489472.00 50.09 九、凡对本次公告内容提出询问，请按以下方式联系。 1.采购人信息 名 称：湖南大学 地址：湖南省长沙市岳麓区天马一街 联系方式：彭老师、0731-88821512 2.采购代理机构信息 名 称：湖南建业管理咨询有限公司 地 址：长沙市雨花区时代阳光大道西388号轻盐阳光CEO大厦A座10楼 联系方式：周磊、李小梅、陈凯伊、鲁奕伶、谭子林 0731-84452348、84405538 3.项目联系方式 项目联系人：彭老师 电 话： 0731-88821512,教育培训,,中国政府采购网,,,,,,48.7,"[{""序号"": ""1"", ""供应商名称"": ""北京时间线影视传媒有限公司"", ""服务名称"": ""“传承”文化育人主题宣传创作服务"", ""服务范围"": ""详见响应文件"", ""服务要求"": ""详见响应文件"", ""服务时间"": ""自合同签订之日起12个月内"", ""服务标准"": ""详见响应文件""}, {""排序"": ""1"", ""供应商名称"": ""北京时间线影视传媒有限公司"", ""最终报价(元)"": ""487000.00"", ""得分"": ""91.83""}, {""排序"": ""2"", ""供应商名称"": ""北京育和文化科技有限公司"", ""最终报价(元)"": ""490000.00"", ""得分"": ""67.41""}, {""排序"": ""3"", ""供应商名称"": ""北京尚乙文化科技中心（个体工商户）"", ""最终报价(元)"": ""489472.00"", ""得分"": ""50.09""}]",杜启平（主任评委）、黄新华、叶郁,0.5479,北京时间线影视传媒有限公司、北京育和文化科技有限公司、北京尚乙文化科技中心（个体工商户）,,,,
中国石油大学（北京）校园地下综合管廊工程项目全过程跟踪审计项目成交公告,成交公告,20250647767006,2026年09月09日 14:48,昌平区,中国石油大学（北京）,北京市昌平区府学路18号,张老师                       010-89737559,北京市京发招标有限公司,北京市东城区崇文门外大街90号,薛越、张晨    010-67103685,薛越,010-67103685,"中国石油大学（北京）校园地下综合管廊工程项目全过程跟踪审计项目招标文件（最终版）811.pdf,中小企业声明函.png","[{""attach_name"": ""中国石油大学（北京）校园地下综合管廊工程项目全过程跟踪审计项目招标文件（最终版）811.pdf"", ""attach_url"": ""https://download.ccgp.gov.cn/oss/download?uuid=291B4B6EFAE13D4E9EBF651F9663EA""}, {""attach_name"": ""中小企业声明函.png"", ""attach_url"": ""https://download.ccgp.gov.cn/oss/download?uuid=FA6A0FBE4D90A68F5B116FE13F98A8""}]",https://www.ccgp.gov.cn/cggg/zygg/cjgg/202609/t20260909_27294919.htm,2026-09-10 09:34:58,一、项目编号：20250647767006（招标文件编号：20250647767009） 二、项目名称：中国石油大学（北京）校园地下综合管廊工程项目全过程跟踪审计项目 三、中标（成交）信息 供应商名称：北京京城招建设工程咨询有限公司供应商地址：北京市海淀区花园东路11号泰兴大厦八层805室包组或产品名称：无折扣率(%)：65.0000000四、主要标的信息 序号    供应商名称      服务名称      服务范围      服务要求      服务时间      服务标准   1    北京京城招建设工程咨询有限公司      中国石油大学（北京）校园地下综合管廊工程项目全过程跟踪审计项目      主要内容为校园地下综合管廊工程项目全过程跟踪审计工作。包括清单审核；最高投标限价审核；全过程或若干阶段审计；审核服务；工程结算等      满足采购人要求      以合同签订时间开始计算，至项目竣工结算审核完成，审计资料移交完成为止      满足采购人要求                 五、评审专家（单一来源采购人员）名单： 郑乐明 刘海萍 杨淑萍 邸玉环 刘春丽 六、代理服务收费标准及金额： 本项目代理费收费标准：按“国家计委关于印发《招标代理服务收费管理暂行办法》的通知”（计价格[2002]1980号）规定的服务类标准下浮20%收取代理服务费，采用差额定率累进计费方式计算。 本项目代理费总金额：1.379200 万元（人民币） 七、公告期限 自本公告发布之日起1个工作日。 八、其它补充事宜 综合得分：92.18分 九、凡对本次公告内容提出询问，请按以下方式联系。 1.采购人信息 名 称：中国石油大学（北京） 地址：北京市昌平区府学路18号 联系方式：张老师 010-89737559 2.采购代理机构信息 名 称：北京市京发招标有限公司 地 址：北京市东城区崇文门外大街90号 联系方式：薛越、张晨 010-67103685 3.项目联系方式 项目联系人：薛越 电 话： 010-67103685,教育培训,,中国政府采购网,,,,,,0.0,"[{""序号"": ""1"", ""供应商名称"": ""北京京城招建设工程咨询有限公司"", ""服务名称"": ""中国石油大学（北京）校园地下综合管廊工程项目全过程跟踪审计项目"", ""服务范围"": ""主要内容为校园地下综合管廊工程项目全过程跟踪审计工作。包括清单审核；最高投标限价审核；全过程或若干阶段审计；审核服务；工程结算等"", ""服务要求"": ""满足采购人要求"", ""服务时间"": ""以合同签订时间开始计算，至项目竣工结算审核完成，审计资料移交完成为止"", ""服务标准"": ""满足采购人要求""}]",郑乐明	刘海萍	杨淑萍	邸玉环	刘春丽,1.3792,北京京城招建设工程咨询有限公司,,,,
北京市朝阳区消防救援支队2026—2027年购买人事代理服务项目中选公告,成交公告,ZYZB-2026-0774,2026年09月09日 14:38,北京市,朝阳区消防救援支队,北京市朝阳区百子湾路与西大望路交叉口东北角,010-85851341,中钰招标有限公司,北京市丰台区四合庄路2号院4号楼1至17层101内17层1701,崔鹏、朱艳梅、刘晶晶、李倩、金俐成、郭玉婷、丁峥敏、卢雪、张书玲010-60624505转810/816,崔鹏、朱艳梅、刘晶晶、李倩、金,010-60624505转810,"最终稿-北京市朝阳区消防救援支队2026—2027年购买人事代理服务项目.pdf,1.北京市朝阳区消防救援支队2026—2027年购买人事代理服务项目中选公告.docx,中小企业声明函.pdf","[{""attach_name"": ""最终稿-北京市朝阳区消防救援支队2026—2027年购买人事代理服务项目.pdf"", ""attach_url"": ""https://download.ccgp.gov.cn/oss/download?uuid=F7BF3CBA416F8EE8760478E24ACFB6""}, {""attach_name"": ""1.北京市朝阳区消防救援支队2026—2027年购买人事代理服务项目中选公告.docx"", ""attach_url"": ""https://download.ccgp.gov.cn/oss/download?uuid=D8F755366382FFABD69F0B3AEF85A7""}, {""attach_name"": ""中小企业声明函.pdf"", ""attach_url"": ""https://download.ccgp.gov.cn/oss/download?uuid=CD77F6A70E7BF96CBFA9C61411D46B""}]",https://www.ccgp.gov.cn/cggg/zygg/cjgg/202609/t20260909_27294818.htm,2026-09-10 09:34:58,一、项目编号：ZYZB-2026-0774（招标文件编号：ZYZB-2026-0774） 二、项目名称：北京市朝阳区消防救援支队2026—2027年购买人事代理服务项目 三、中标（成交）信息 供应商名称：北京威克逊顾问有限公司供应商地址：北京市朝阳区东三环中路39号院17号楼12层1502中标（成交）金额：16.8000000（万元）四、主要标的信息 序号    供应商名称      服务名称      服务范围      服务要求      服务时间      服务标准   1    北京威克逊顾问有限公司      北京市朝阳区消防救援支队2026—2027年购买人事代理服务      为北京市朝阳区消防救援支队2026—2027年提供消防文职、森林消防综合应急救援队员岗位人事代理服务      按照采购人要求完成北京市朝阳区消防救援支队2026—2027年购买人事代理服务，满足采购人需求      2026.11.1-2027.10.31      详见比选文件                 五、评审专家（单一来源采购人员）名单： 李健期（组长）、杜凤毅、曹虹 六、代理服务收费标准及金额： 本项目代理费收费标准：详见比选文件 本项目代理费总金额：0.201600 万元（人民币） 七、公告期限 自本公告发布之日起1个工作日。 八、其它补充事宜 中选名称：北京威克逊顾问有限公司综合得分：91.00 九、凡对本次公告内容提出询问，请按以下方式联系。 1.采购人信息 名 称：朝阳区消防救援支队 地址：北京市朝阳区百子湾路与西大望路交叉口东北角 联系方式：010-85851341 2.采购代理机构信息 名 称：中钰招标有限公司 地 址：北京市丰台区四合庄路2号院4号楼1至17层101内17层1701 联系方式：崔鹏、朱艳梅、刘晶晶、李倩、金俐成、郭玉婷、丁峥敏、卢雪、张书玲010-60624505转810/816 3.项目联系方式 项目联系人：崔鹏、朱艳梅、刘晶晶、李倩、金俐成、郭玉婷、丁峥敏、卢雪、张书玲 电 话： 010-60624505转810/816,公共安全,,中国政府采购网,,,,,,16.8,"[{""序号"": ""1"", ""供应商名称"": ""北京威克逊顾问有限公司"", ""服务名称"": ""北京市朝阳区消防救援支队2026—2027年购买人事代理服务"", ""服务范围"": ""为北京市朝阳区消防救援支队2026—2027年提供消防文职、森林消防综合应急救援队员岗位人事代理服务"", ""服务要求"": ""按照采购人要求完成北京市朝阳区消防救援支队2026—2027年购买人事代理服务，满足采购人需求"", ""服务时间"": ""2026.11.1-2027.10.31"", ""服务标准"": ""详见比选文件""}]",李健期（组长）、杜凤毅、曹虹,0.2016,北京威克逊顾问有限公司,,,,
中华人民共和国腾冲出入境边防检查站智慧档案室设施设备采购项目成交结果公告,成交公告,TCJYZB2026-CJ75,2026年09月09日 14:29,腾冲市,中华人民共和国腾冲出入境边防检查站,云南省保山市腾冲市腾越镇观音塘社区红星小区189号,李先生 0875-5131115,腾冲市锦业工程招标有限责任公司,云南省腾冲市腾越街道满邑社区上村小区214号,陈先生 0875—5162066,李先生,0875-5131115,"中华人民共和国腾冲出入境边防检查站智慧档案室设施设备采购项目竞争性谈判文件.pdf,本国产品声明函.pdf,中小企业声明函.pdf","[{""attach_name"": ""中华人民共和国腾冲出入境边防检查站智慧档案室设施设备采购项目竞争性谈判文件.pdf"", ""attach_url"": ""https://download.ccgp.gov.cn/oss/download?uuid=D43049B389CC2666C35D8463D342F0""}, {""attach_name"": ""本国产品声明函.pdf"", ""attach_url"": ""https://download.ccgp.gov.cn/oss/download?uuid=1FE998734DD18B47801F333A4A754D""}, {""attach_name"": ""中小企业声明函.pdf"", ""attach_url"": ""https://download.ccgp.gov.cn/oss/download?uuid=85957B4623712B64E2F47275A06512""}]",https://www.ccgp.gov.cn/cggg/zygg/cjgg/202609/t20260909_27294714.htm,2026-09-10 09:34:59,一、项目编号：TCJYZB2026-CJ75（招标文件编号：TCJYZB2026-CJ75） 二、项目名称：中华人民共和国腾冲出入境边防检查站智慧档案室设施设备采购项目 三、中标（成交）信息 供应商名称：昆明鸿致科技有限责任公司供应商地址：云南省昆明市盘龙区鼓楼街道办事处环城北路281号华鑫商务楼四楼东侧中标（成交）金额：41.5600000（万元）四、主要标的信息 序号    供应商名称      货物名称      货物品牌      货物型号      货物数量      货物单价(元)   1    昆明鸿致科技有限责任公司      智能密集架；智慧档案馆综合运行管理平台；RFID档案标签；RFID层架标签；馆员工作站一体机；智能盘点车；智能监测门禁；标签打印机；空气质量仪；智能设备通讯卡；恒湿净化一体机；移动扩容水箱；霉菌净化机；壁挂式新风净化机；报警主机；报警控制键盘；红外探测器；驱鼠漏水云测仪；漏水检测线；轻型防水堰；区域控制器；门禁控制器；人脸识别门禁机；电磁锁；门禁管理二次开发集成；网络摄像机；硬盘录像机；硬盘；交换机；视频监控二次开发集成；工控机；液晶电视；档案消毒柜；交换机；机柜；网线；电线；电线；配管；配管；排水管道；壁挂式数据汇聚箱；数字档案管理系统；数据库；中间件；UPS电源主机；蓄电池；电池柜；复印一体机；扫描仪；移动固态加密硬盘。      震海；鑫泰格；甬之毅；甬之毅；甬之毅；甬之毅；甬之毅；致明兴；鑫泰格；鑫泰格；鑫泰格；鑫泰格；鑫泰格；鑫泰格；优周；优周；优周；鑫泰格；圣兰德；鑫泰格；鑫泰格；鑫泰格；鑫泰格；海康威视；海康威视；海康威视；鑫泰格；海康威视；海康威视；希捷；海康威视；鑫泰格；华为；华为；福诺；海康威视；图腾；国标；国标；国标；国标；国标；国标；鑫泰格；鸿致；/；/；艾晨数能；艾晨数能；定制；中矗；影源；闪迪。      ZHZN-02；XTGV6.0/A；L120；D55；LB-GY-01；LB-PD-01；LB-MJ-01；XLID；XTG-K8S；XTG-818；XTG-HSJH1；20Pro-7；XTG-YDSX100Pro；XTG-MJ600；XTG-XF480；AS-9000FX（ZX）；AS-90；AS-928；XTG-K8S；SD-042；XTG-L100；XTG-L105M；定制；XTG-R22B/G；DS-K7B-12V5A（国内标配）；DS-K1T6QT-F72M（国内标配）；DS-K4H230BSC（国内标配）；XTG-MJJK；DS-2CD3T46WDV3-I；DS-8816N-R8（C）（标配）；6TB；DS-3E1526P-370W-E（B）（国内标配）；XTG-SPJC；W585y；6SERGB；PLD-420；DS-3E1526P-370W-E（B）（国内标配）；TT-02；/；/；/；/；/；/；XTG-C800；HZ-02；/；/；SSO03L-96V；LEAD100-12；A8；中矗7225；M3230。      50m³；1项；3800个；400个；1台；1台；1套；1套；1台；1台；1台；1台；2台；1台；1个；7个；1台；1张；1台；1条；15m；1台；3个；3套；3把；1项；4台；1台；5块；1台；1项；1台；1台；1台；1台；1台；135m；85m；85m；30m；30m；15m；1个；1项；1套；1套；1台；8节；1套；1台；1台；1个。      1348.04；24780.10；0.50；2.48；6740.19；15661.03；8722.60；13678.62；2656.43；1566.10；9398.25；3766.58；7731.39；6522.12；1268.74；257.71；79.30；2160.83；446.04；674.02；376.66；99.12；19427.60；376.66；1268.74；376.66；1486.81；346.92；852.44；1843.64；364.76；1486.81；14868.06；4460.42；2874.49；852.44；792.96；4.96；5.95；9.91；14.87；11.89；14.87；991.20；44604.19；49560.21；19824.08；1665.22；941.64；485.69；29537.88；2359.07；6591.51。                 五、评审专家（单一来源采购人员）名单： 刘际、陈训昌、谢文松（采购人代表） 六、代理服务收费标准及金额： 本项目代理费收费标准：5000.00元，由成交供应商向代理机构支付。 本项目代理费总金额：0.500000 万元（人民币） 七、公告期限 自本公告发布之日起1个工作日。 八、其它补充事宜 废标情况：经评审，丽江市古城区永正商贸有限公司响应文件中未提供国家认可检测报告书；云南凡信数字科技有限公司响应文件明细报价表上未提供品牌及型号；故2家供应商未通过符合性评审。 九、凡对本次公告内容提出询问，请按以下方式联系。 1.采购人信息 名 称：中华人民共和国腾冲出入境边防检查站 地址：云南省保山市腾冲市腾越镇观音塘社区红星小区189号 联系方式：李先生 0875-5131115 2.采购代理机构信息 名 称：腾冲市锦业工程招标有限责任公司 地 址：云南省腾冲市腾越街道满邑社区上村小区214号 联系方式：陈先生 0875—5162066 3.项目联系方式 项目联系人：李先生 电 话： 0875-5131115,信息技术,,中国政府采购网,,,,,,41.56,"[{""序号"": ""1"", ""供应商名称"": ""昆明鸿致科技有限责任公司"", ""货物名称"": ""智能密集架；智慧档案馆综合运行管理平台；RFID档案标签；RFID层架标签；馆员工作站一体机；智能盘点车；智能监测门禁；标签打印机；空气质量仪；智能设备通讯卡；恒湿净化一体机；移动扩容水箱；霉菌净化机；壁挂式新风净化机；报警主机；报警控制键盘；红外探测器；驱鼠漏水云测仪；漏水检测线；轻型防水堰；区域控制器；门禁控制器；人脸识别门禁机；电磁锁；门禁管理二次开发集成；网络摄像机；硬盘录像机；硬盘；交换机；视频监控二次开发集成；工控机；液晶电视；档案消毒柜；交换机；机柜；网线；电线；电线；配管；配管；排水管道；壁挂式数据汇聚箱；数字档案管理系统；数据库；中间件；UPS电源主机；蓄电池；电池柜；复印一体机；扫描仪；移动固态加密硬盘。"", ""货物品牌"": ""震海；鑫泰格；甬之毅；甬之毅；甬之毅；甬之毅；甬之毅；致明兴；鑫泰格；鑫泰格；鑫泰格；鑫泰格；鑫泰格；鑫泰格；优周；优周；优周；鑫泰格；圣兰德；鑫泰格；鑫泰格；鑫泰格；鑫泰格；海康威视；海康威视；海康威视；鑫泰格；海康威视；海康威视；希捷；海康威视；鑫泰格；华为；华为；福诺；海康威视；图腾；国标；国标；国标；国标；国标；国标；鑫泰格；鸿致；/；/；艾晨数能；艾晨数能；定制；中矗；影源；闪迪。"", ""货物型号"": ""ZHZN-02；XTGV6.0/A；L120；D55；LB-GY-01；LB-PD-01；LB-MJ-01；XLID；XTG-K8S；XTG-818；XTG-HSJH1；20Pro-7；XTG-YDSX100Pro；XTG-MJ600；XTG-XF480；AS-9000FX（ZX）；AS-90；AS-928；XTG-K8S；SD-042；XTG-L100；XTG-L105M；定制；XTG-R22B/G；DS-K7B-12V5A（国内标配）；DS-K1T6QT-F72M（国内标配）；DS-K4H230BSC（国内标配）；XTG-MJJK；DS-2CD3T46WDV3-I；DS-8816N-R8（C）（标配）；6TB；DS-3E1526P-370W-E（B）（国内标配）；XTG-SPJC；W585y；6SERGB；PLD-420；DS-3E1526P-370W-E（B）（国内标配）；TT-02；/；/；/；/；/；/；XTG-C800；HZ-02；/；/；SSO03L-96V；LEAD100-12；A8；中矗7225；M3230。"", ""货物数量"": ""50m³；1项；3800个；400个；1台；1台；1套；1套；1台；1台；1台；1台；2台；1台；1个；7个；1台；1张；1台；1条；15m；1台；3个；3套；3把；1项；4台；1台；5块；1台；1项；1台；1台；1台；1台；1台；135m；85m；85m；30m；30m；15m；1个；1项；1套；1套；1台；8节；1套；1台；1台；1个。"", ""货物单价(元)"": ""1348.04；24780.10；0.50；2.48；6740.19；15661.03；8722.60；13678.62；2656.43；1566.10；9398.25；3766.58；7731.39；6522.12；1268.74；257.71；79.30；2160.83；446.04；674.02；376.66；99.12；19427.60；376.66；1268.74；376.66；1486.81；346.92；852.44；1843.64；364.76；1486.81；14868.06；4460.42；2874.49；852.44；792.96；4.96；5.95；9.91；14.87；11.89；14.87；991.20；44604.19；49560.21；19824.08；1665.22；941.64；485.69；29537.88；2359.07；6591.51。""}]",刘际、陈训昌、谢文松（采购人代表）,0.5,昆明鸿致科技有限责任公司,,,,
中央财经大学沙河校区学院三号楼教室及楼道空调和管线升级改造采购项目成交公告,成交公告,GC-2026020-ZHSW,2026年09月09日 14:22,北京市,中央财经大学,北京市海淀区学院南路39号,刘老师、梁老师、李老师010-62288125,中化商务有限公司,北京市丰台区丽泽路24号平安幸福中心B座23层,李振、孟庆宝、蔡华文、刘天、曹颖、刘畅、王毕申15711026303,李振、孟庆宝、蔡华文、刘天、曹,15711026303,中央财经大学沙河校区学院三号楼教室及楼道空调和管线升级改造采购项目-比选文件（发售稿）(1)3093284979483577915.pdf,"[{""attach_name"": ""中央财经大学沙河校区学院三号楼教室及楼道空调和管线升级改造采购项目-比选文件（发售稿）(1)3093284979483577915.pdf"", ""attach_url"": ""https://download.ccgp.gov.cn/oss/download?uuid=59E0E5E4135D665A0331E550F7FCE9""}]",https://www.ccgp.gov.cn/cggg/zygg/cjgg/202609/t20260909_27294663.htm,2026-09-10 09:34:59,一、项目编号：GC-2026020-ZHSW（招标文件编号：GC-2026020-ZHSW） 二、项目名称：中央财经大学沙河校区学院三号楼教室及楼道空调和管线升级改造采购项目 三、中标（成交）信息 供应商名称：戴工建设集团有限公司供应商地址：北京市大兴区宏业东路2号院6号楼2-5层中标（成交）金额：106.5423400（万元）四、主要标的信息 序号    供应商名称       工程名称       施工范围       施工工期       项目经理       执业证书   1    戴工建设集团有限公司      中央财经大学沙河校区学院三号楼教室及楼道空调和管线升级改造采购项目      详见比选文件      30日历天      祝立源      京2112014201547198                 五、评审专家（单一来源采购人员）名单： 刘丙周、李哲琳、罗卓笔 六、代理服务收费标准及金额： 本项目代理费收费标准：详见比选文件 本项目代理费总金额：0.836637 万元（人民币） 七、公告期限 自本公告发布之日起1个工作日。 八、其它补充事宜 8.1、成交供应商综合得分：86.978.2、本公告同时在中国政府采购网、中央财经大学网站、中央财经大学采购与招标管理中心网站上发布。 九、凡对本次公告内容提出询问，请按以下方式联系。 1.采购人信息 名 称：中央财经大学 地址：北京市海淀区学院南路39号 联系方式：刘老师、梁老师、李老师010-62288125 2.采购代理机构信息 名 称：中化商务有限公司 地 址：北京市丰台区丽泽路24号平安幸福中心B座23层 联系方式：李振、孟庆宝、蔡华文、刘天、曹颖、刘畅、王毕申15711026303 3.项目联系方式 项目联系人：李振、孟庆宝、蔡华文、刘天、曹颖、刘畅、王毕申 电 话： 15711026303,教育培训,,中国政府采购网,,,,,,106.54234,"[{""序号"": ""1"", ""供应商名称"": ""戴工建设集团有限公司"", ""工程名称"": ""中央财经大学沙河校区学院三号楼教室及楼道空调和管线升级改造采购项目"", ""施工范围"": ""详见比选文件"", ""施工工期"": ""30日历天"", ""项目经理"": ""祝立源"", ""执业证书"": ""京2112014201547198""}]",刘丙周、李哲琳、罗卓笔,0.836637,戴工建设集团有限公司,,,,
国家档案局2026年度零星建设工程项目成交结果公告,成交公告,ZC-BCS26097,2026年09月09日 14:22,市辖区,国家档案局,北京市西城区阜成门外大街29号,010-55605270,中共中央直属机关采购中心,北京市西城区新风街1号院甲6号楼,详见：http://www.zzcg.gov.cn/contact.jhtml,李夏电,010-82275705,"国家档案局2026年度零星建设工程项目采购文件.pdf,技术标准和要求（发布）.wps,推荐供应商和理由 .wps","[{""attach_name"": ""国家档案局2026年度零星建设工程项目采购文件.pdf"", ""attach_url"": ""https://download.ccgp.gov.cn/oss/download?uuid=D61C50FF55BE384374653D0D17735A""}, {""attach_name"": ""技术标准和要求（发布）.wps"", ""attach_url"": ""https://download.ccgp.gov.cn/oss/download?uuid=312E496F836A6861600EA350F32AE3""}, {""attach_name"": ""推荐供应商和理由 .wps"", ""attach_url"": ""https://download.ccgp.gov.cn/oss/download?uuid=9E4DC17EA1BB22A22CA18C92406D92""}]",https://www.ccgp.gov.cn/cggg/zygg/cjgg/202609/t20260909_27294704.htm,2026-09-10 09:35:00,一、项目编号：ZC-BCS26097二、项目名称：国家档案局2026年度零星建设工程项目三、成交信息供应商名称：北京房修一建筑工程有限公司供应商地址：北京市西城区太平湖东里甲5号成交金额：3465000.00元成交供应商评审总得分：98.99四、主要标的信息名称：国家档案局2026年度零星建设工程项目施工范围：国家档案局2026年度零星建设工程施工工期：365日历天项目经理：郭振亚执业证书信息：京 1112010201118236五、评审专家名单：张国生，严芳，毛赞六、代理服务收费标准及金额：未收取代理服务费。七、公告期限自本公告发布之日起1个工作日。八、其他补充事宜无。九、凡对本次公告内容提出询问，请按以下方式联系。1.采购人信息名    称：国家档案局地    址：北京市西城区阜成门外大街29号联系方式：010-556052702.采购代理机构信息名    称：中共中央直属机关采购中心地   址：北京市西城区新风街1号院甲6号楼联系方式：010-822703263.项目联系方式项目联系人：李夏电   话：010-82275705十、附件1.采购文件2.被推荐供应商名单和推荐理由 中共中央直属机关采购中心2026年9月9日,工程建设,,中国政府采购网,,,,,,346.5,,"张国生, 严芳, 毛赞",,北京房修一建筑工程有限公司供应商地址：北京市西城区太平湖东里甲5号成交金额：3465000.00元成交供应商评审总得分：,,,,
北京中医药大学第三附属医院门诊楼、磁共振2室、北侧平房区域避雷设施改造项目成交公告,成交公告,CMEETC-268VB263KK140,2026年09月09日 14:17,北京市,北京中医药大学第三附属医院,北京市朝阳区安定门外小关街51号,孔老师  010-84982013,中国机电工程招标有限公司,北京市海淀区车公庄西路乙19号华通大厦B座南塔14层,陆金梅、姜琳琳、刘伟、李天磊、唐蕊、王世君、付颖 13716066278、010-88018616,陆金梅、姜琳琳、刘伟、李天磊,13716066278、010-88018616,"北京天鸿金盛科技发展有限公司-中小企业声明函.pdf,【竞争性磋商文件发售稿】北京中医药大学第三附属医院医院门诊楼、磁共振2室、北侧平房区域避雷设施改造项目.pdf","[{""attach_name"": ""北京天鸿金盛科技发展有限公司-中小企业声明函.pdf"", ""attach_url"": ""https://download.ccgp.gov.cn/oss/download?uuid=0C4D0B6B9F4CBC3FE522B5B16A403E""}, {""attach_name"": ""【竞争性磋商文件发售稿】北京中医药大学第三附属医院医院门诊楼、磁共振2室、北侧平房区域避雷设施改造项目.pdf"", ""attach_url"": ""https://download.ccgp.gov.cn/oss/download?uuid=4E5ABFC095DF2D547AA22FC930E028""}]",https://www.ccgp.gov.cn/cggg/zygg/cjgg/202609/t20260909_27294628.htm,2026-09-10 09:35:00,一、项目编号：CMEETC-268VB263KK140（招标文件编号：CMEETC-268VB263KK140） 二、项目名称：北京中医药大学第三附属医院门诊楼、磁共振2室、北侧平房区域避雷设施改造项目 三、中标（成交）信息 供应商名称：北京天鸿金盛科技发展有限公司供应商地址：北京市平谷区马昌营镇天井大街甲2号中标（成交）金额：27.5121690（万元）四、主要标的信息 序号    供应商名称     工程名称     施工范围     施工工期     项目经理     执业证书 1    北京天鸿金盛科技发展有限公司    北京中医药大学第三附属医院门诊楼、磁共振2室、北侧平房区域避雷设施改造    满足竞争性磋商文件要求    20日历天（含竣工验收）    李永杰    二级注册建造师               五、评审专家（单一来源采购人员）名单： 孙悦、白正红、王爱玲 六、代理服务收费标准及金额： 本项目代理费收费标准：根据国家计划委员会计价格(2002)1980号《招标代理服务收费管理暂行办法》及发改价格(2011)534号《国家发展改革委关于降低部分建设项目收费标准规范收费行为等有关问题的通知》等文件的规定收取； 本项目代理费总金额：0.2751217 万元（人民币） 七、公告期限 自本公告发布之日起1个工作日。 八、其它补充事宜 成交供应商名称：北京天鸿金盛科技发展有限公司总得分：93.33分 九、凡对本次公告内容提出询问，请按以下方式联系。 1.采购人信息 名 称：北京中医药大学第三附属医院 地址：北京市朝阳区安定门外小关街51号 联系方式：孔老师 010-84982013 2.采购代理机构信息 名 称：中国机电工程招标有限公司 地 址：北京市海淀区车公庄西路乙19号华通大厦B座南塔14层 联系方式：陆金梅、姜琳琳、刘伟、李天磊、唐蕊、王世君、付颖 13716066278、010-88018616 3.项目联系方式 项目联系人：陆金梅、姜琳琳、刘伟、李天磊、唐蕊、王世君、付颖 电 话： 13716066278、010-88018616,医疗卫生,,中国政府采购网,,,,,,27.512169,"[{""序号"": ""1"", ""供应商名称"": ""北京天鸿金盛科技发展有限公司"", ""工程名称"": ""北京中医药大学第三附属医院门诊楼、磁共振2室、北侧平房区域避雷设施改造"", ""施工范围"": ""满足竞争性磋商文件要求"", ""施工工期"": ""20日历天（含竣工验收）"", ""项目经理"": ""李永杰"", ""执业证书"": ""二级注册建造师""}]",孙悦、白正红、王爱玲,0.2751217,北京天鸿金盛科技发展有限公司,,,,
2026新风系统维保服务成交公告,成交公告,XHTC-FW-2026-1473,2026年09月09日 14:15,市辖区,体育彩票管理中心,北京市朝阳区东三环南路23号,邓老师 010-87731720,新华招标有限公司,北京市海淀区莲花池东路39号西金大厦8层,张云驰、刘佳010-63905857、010-63905926,刘佳,010-63905926,,,https://www.ccgp.gov.cn/cggg/zygg/cjgg/202609/t20260909_27294619.htm,2026-09-10 09:35:01,一、项目编号：XHTC-FW-2026-1473（招标文件编号：XHTC-FW-2026-1473） 二、项目名称：2026新风系统维保服务 三、中标（成交）信息 供应商名称：北京珂铭机电设备有限公司供应商地址：北京市大兴区青云店镇104国道南侧57号045幢平房中标（成交）金额：28.0052000（万元）四、主要标的信息 序号    供应商名称      服务名称      服务范围      服务要求      服务时间      服务标准   1    北京珂铭机电设备有限公司      2026新风系统维保服务      详见遴选文件      定期对空调系统、热水系统、新风系统进行检测、维护、保养和滤芯等耗材的更换等。      采购服务期限为3年，每年为1期，每期12个月，合同1年1签。      详见遴选文件                 五、评审专家（单一来源采购人员）名单： 徐红其、于保华、刁运飞 六、代理服务收费标准及金额： 本项目代理费收费标准：参照1980号文下浮30%计取 本项目代理费总金额：0.294000 万元（人民币） 七、公告期限 自本公告发布之日起1个工作日。 八、其它补充事宜 定标日期：2026年09月09日本公告在中国政府采购网https://www.ccgp.gov.cn/上发布。 九、凡对本次公告内容提出询问，请按以下方式联系。 1.采购人信息 名 称：体育彩票管理中心 地址：北京市朝阳区东三环南路23号 联系方式：邓老师 010-87731720 2.采购代理机构信息 名 称：新华招标有限公司 地 址：北京市海淀区莲花池东路39号西金大厦8层 联系方式：张云驰、刘佳010-63905857、010-63905926 3.项目联系方式 项目联系人：刘佳 电 话： 010-63905926,服务外包,,中国政府采购网,,,,,,28.0052,"[{""序号"": ""1"", ""供应商名称"": ""北京珂铭机电设备有限公司"", ""服务名称"": ""2026新风系统维保服务"", ""服务范围"": ""详见遴选文件"", ""服务要求"": ""定期对空调系统、热水系统、新风系统进行检测、维护、保养和滤芯等耗材的更换等。"", ""服务时间"": ""采购服务期限为3年，每年为1期，每期12个月，合同1年1签。"", ""服务标准"": ""详见遴选文件""}]",徐红其、于保华、刁运飞,0.294,北京珂铭机电设备有限公司,,,,
北京中医药大学多语种智慧翻译平台采购项目成交公告,成交公告,ZTXY-2026-F260481,2026年09月09日 13:56,北京市,北京中医药大学,北京市朝阳区北三环东路11号,赵老师 010-53911758,中天信远国际招投标咨询(北京)有限公司,北京市朝阳区南磨房路37号华腾北搪商务大厦1109室,李响、王文姣、周姗、成志凯、张静、鲁智慧 010-53779915,李响、王文姣、周姗、成志凯、张,010-53779915,20260824北京中医药大学多语种智慧翻译平台采购项目比选文件（发布版）.pdf,"[{""attach_name"": ""20260824北京中医药大学多语种智慧翻译平台采购项目比选文件（发布版）.pdf"", ""attach_url"": ""https://download.ccgp.gov.cn/oss/download?uuid=82BC98D4F01FD33DED2A277F604A0F""}]",https://www.ccgp.gov.cn/cggg/zygg/cjgg/202609/t20260909_27294525.htm,2026-09-10 09:35:02,一、项目编号：ZTXY-2026-F260481（招标文件编号：ZTXY-2026-F260481） 二、项目名称：北京中医药大学多语种智慧翻译平台采购项目 三、中标（成交）信息 供应商名称：北京三极众合科技有限公司供应商地址：北京市房山区良乡凯旋大街建设路18号—D14876(集群注册)中标（成交）金额：92.5000000（万元）四、主要标的信息 序号    供应商名称      货物名称      货物品牌      货物型号      货物数量      货物单价(元)   1    北京三极众合科技有限公司      多语种智慧翻译平台； 同传耳机配套设备      讯飞听见； 得胜      定制； 配套5个发射器主机：尺寸：约为113*56.5*20mm，重量：95g；频道：UHF102      1套； 1套      900000； 25000                 五、评审专家（单一来源采购人员）名单： 高子萍、李向路、徐晓新（采购人代表） 六、代理服务收费标准及金额： 本项目代理费收费标准：参照国家计委计价格[2002]1980号文及比选文件规定。 本项目代理费总金额：1.110000 万元（人民币） 七、公告期限 自本公告发布之日起1个工作日。 八、其它补充事宜 中标（成交）人评审汇总得分：88.28分。请中标（成交）人到招标代理机构领取中标通知书，缴纳招标代理服务费。退保证金事宜：未中标（成交）的供应商在五个工作日内到（联系）代理机构办理退还保证金事宜；中标（成交）的供应商在三十日内与采购人签订合同，合同签订后五个工作日内到（联系）代理机构办理退还保证金事宜。 九、凡对本次公告内容提出询问，请按以下方式联系。 1.采购人信息 名 称：北京中医药大学 地址：北京市朝阳区北三环东路11号 联系方式：赵老师 010-53911758 2.采购代理机构信息 名 称：中天信远国际招投标咨询(北京)有限公司 地 址：北京市朝阳区南磨房路37号华腾北搪商务大厦1109室 联系方式：李响、王文姣、周姗、成志凯、张静、鲁智慧 010-53779915 3.项目联系方式 项目联系人：李响、王文姣、周姗、成志凯、张静、鲁智慧 电 话： 010-53779915,医疗卫生,,中国政府采购网,,,,,,92.5,"[{""序号"": ""1"", ""供应商名称"": ""北京三极众合科技有限公司"", ""货物名称"": ""多语种智慧翻译平台；\t\t\t同传耳机配套设备"", ""货物品牌"": ""讯飞听见；\t\t\t得胜"", ""货物型号"": ""定制；\t\t\t配套5个发射器主机：尺寸：约为113*56.5*20mm，重量：95g；频道：UHF102"", ""货物数量"": ""1套；\t\t\t1套"", ""货物单价(元)"": ""900000；\t\t\t25000""}]",高子萍、李向路、徐晓新（采购人代表）,1.11,北京三极众合科技有限公司,,,,
中国科学院信息工程研究所UPS电池维保服务采购项目成交公告,成交公告,HCZB2026-XGS-6,2026年09月09日 13:01,北京市,中国科学院信息工程研究所,北京市海淀区树村路19号,申老师，010-82345112,华诚博远工程咨询有限公司,北京市西城区宣武门外大街10号庄胜广场中央办公楼北翼19层,王亚宁 010-59050337、17319483702,申老师,010-82345112,"专家推荐意见.pdf,中小企业声明函.pdf,中国科学院信息工程研究所UPS电池维保服务采购项目-谈判文件2026-8-19终稿.pdf","[{""attach_name"": ""专家推荐意见.pdf"", ""attach_url"": ""https://download.ccgp.gov.cn/oss/download?uuid=3EF6C9139BF135D773B3435FA8AE72""}, {""attach_name"": ""中小企业声明函.pdf"", ""attach_url"": ""https://download.ccgp.gov.cn/oss/download?uuid=7FF55B2CAB5A97CE437A6978980060""}, {""attach_name"": ""中国科学院信息工程研究所UPS电池维保服务采购项目-谈判文件2026-8-19终稿.pdf"", ""attach_url"": ""https://download.ccgp.gov.cn/oss/download?uuid=B015FF9DA5025D52C2C19CB4D188A2""}]",https://www.ccgp.gov.cn/cggg/zygg/cjgg/202609/t20260909_27294366.htm,2026-09-10 09:35:03,一、项目编号：HCZB2026-XGS-6（招标文件编号：HCZB2026-XGS-6） 二、项目名称：中国科学院信息工程研究所UPS电池维保服务采购项目 三、中标（成交）信息 供应商名称：北京东青互联科技有限公司供应商地址：北京市丰台区科学城星火路10号2号楼309室(园区)中标（成交）金额：88.5000000（万元）四、主要标的信息 序号    供应商名称      服务名称      服务范围      服务要求      服务时间      服务标准   1    北京东青互联科技有限公司      中国科学院信息工程研究所UPS电池维保服务采购项目      包含两部分，第一部分为UPS不间断电源的基础环境设备运行维护，包括25台UPS硬件设备及电池监测系统的原厂续保、维修、更换、日常维护检测等；第二部分为UPS配套的蓄电池设备运行维护，包括蓄电池的维修、更换、日常维护检测等，具体详见第四章内容。      包含两部分，第一部分为UPS不间断电源的基础环境设备运行维护，包括25台UPS硬件设备及电池监测系统的原厂续保、维修、更换、日常维护检测等；第二部分为UPS配套的蓄电池设备运行维护，包括蓄电池的维修、更换、日常维护检测等，具体详见第四章内容。      本项目服务周期为一年。      包含两部分，第一部分为UPS不间断电源的基础环境设备运行维护，包括25台UPS硬件设备及电池监测系统的原厂续保、维修、更换、日常维护检测等；第二部分为UPS配套的蓄电池设备运行维护，包括蓄电池的维修、更换、日常维护检测等，具体详见第四章内容。                 五、评审专家（单一来源采购人员）名单： 李印刚、王娟、申英明 六、代理服务收费标准及金额： 本项目代理费收费标准：采购代理机构参照国家发展和改革委员会颁发的《招标代理服务收费管理暂行办法》即（计价格[2002]1980号）货物招标收费标准和国家发展改革委办公厅关于招标代理服务收费有关问题的通知（发改办价格[2003]857号）、执行。 本项目代理费总金额：1.327500 万元（人民币） 七、公告期限 自本公告发布之日起1个工作日。 八、其它补充事宜 九、凡对本次公告内容提出询问，请按以下方式联系。 1.采购人信息 名 称：中国科学院信息工程研究所 地址：北京市海淀区树村路19号 联系方式：申老师，010-82345112 2.采购代理机构信息 名 称：华诚博远工程咨询有限公司 地 址：北京市西城区宣武门外大街10号庄胜广场中央办公楼北翼19层 联系方式：王亚宁 010-59050337、17319483702 3.项目联系方式 项目联系人：申老师 电 话： 010-82345112,教育培训,,中国政府采购网,,,,,,88.5,"[{""序号"": ""1"", ""供应商名称"": ""北京东青互联科技有限公司"", ""服务名称"": ""中国科学院信息工程研究所UPS电池维保服务采购项目"", ""服务范围"": ""包含两部分，第一部分为UPS不间断电源的基础环境设备运行维护，包括25台UPS硬件设备及电池监测系统的原厂续保、维修、更换、日常维护检测等；第二部分为UPS配套的蓄电池设备运行维护，包括蓄电池的维修、更换、日常维护检测等，具体详见第四章内容。"", ""服务要求"": ""包含两部分，第一部分为UPS不间断电源的基础环境设备运行维护，包括25台UPS硬件设备及电池监测系统的原厂续保、维修、更换、日常维护检测等；第二部分为UPS配套的蓄电池设备运行维护，包括蓄电池的维修、更换、日常维护检测等，具体详见第四章内容。"", ""服务时间"": ""本项目服务周期为一年。"", ""服务标准"": ""包含两部分，第一部分为UPS不间断电源的基础环境设备运行维护，包括25台UPS硬件设备及电池监测系统的原厂续保、维修、更换、日常维护检测等；第二部分为UPS配套的蓄电池设备运行维护，包括蓄电池的维修、更换、日常维护检测等，具体详见第四章内容。""}]",李印刚、王娟、申英明,1.3275,北京东青互联科技有限公司,,,,
中国科学院信息工程研究所职工和学生体检项目成交公告,成交公告,HCZB2026-XGS-9,2026年09月09日 13:01,北京市,中国科学院信息工程研究所,北京市海淀区树村路19号,申老师，010-82345112,华诚博远工程咨询有限公司,北京市西城区宣武门外大街10号庄胜广场中央办公楼北翼19层,王亚宁 010-59050337、17319483702,申老师,010-82345112,"专家推荐意见.pdf,中国科学院信息工程研究所职工和学生体检项目-谈判文件2025-8-21终稿.pdf","[{""attach_name"": ""专家推荐意见.pdf"", ""attach_url"": ""https://download.ccgp.gov.cn/oss/download?uuid=7706FE9D71E3A65AF27CD9BA2F3157""}, {""attach_name"": ""中国科学院信息工程研究所职工和学生体检项目-谈判文件2025-8-21终稿.pdf"", ""attach_url"": ""https://download.ccgp.gov.cn/oss/download?uuid=8CDF359125886F8F28B27381E42454""}]",https://www.ccgp.gov.cn/cggg/zygg/cjgg/202609/t20260909_27294364.htm,2026-09-10 09:35:03,一、项目编号：HCZB2026-XGS-9（招标文件编号：HCZB2026-XGS-9） 二、项目名称：中国科学院信息工程研究所职工和学生体检项目 三、中标（成交）信息 供应商名称：北京市中关村医院供应商地址：北京市海淀区中关村南路12号中标（成交）金额：175.0000000（万元）四、主要标的信息 序号    供应商名称      服务名称      服务范围      服务要求      服务时间      服务标准   1    北京市中关村医院      中国科学院信息工程研究所职工和学生体检项目      体检服务商应在2026年9月至2026年11月之间完成中科院信息工程研究所职工和学生的体检工作，期间安排不低于5场的专场服务。职工因特殊情况无法在此期间体检的，服务商应另安排时段，允许职工在2027年春节前完成体检。具体详见第四章内容。      体检服务商应在2026年9月至2026年11月之间完成中科院信息工程研究所职工和学生的体检工作，期间安排不低于5场的专场服务。职工因特殊情况无法在此期间体检的，服务商应另安排时段，允许职工在2027年春节前完成体检。具体详见第四章内容。      体检服务商应在2026年9月至2026年11月之间完成中科院信息工程研究所职工和学生的体检工作，期间安排不低于5场的专场服务。职工因特殊情况无法在此期间体检的，服务商应另安排时段，允许职工在2027年春节前完成体检。具体详见第四章内容。      体检服务商应在2026年9月至2026年11月之间完成中科院信息工程研究所职工和学生的体检工作，期间安排不低于5场的专场服务。职工因特殊情况无法在此期间体检的，服务商应另安排时段，允许职工在2027年春节前完成体检。具体详见第四章内容。                 五、评审专家（单一来源采购人员）名单： 姚尚武、张新京、李琳 六、代理服务收费标准及金额： 本项目代理费收费标准：采购代理机构参照国家发展和改革委员会颁发的《招标代理服务收费管理暂行办法》即（计价格[2002]1980号）货物招标收费标准和国家发展改革委办公厅关于招标代理服务收费有关问题的通知（发改办价格[2003]857号）、执行。 本项目代理费总金额：2.100000 万元（人民币） 七、公告期限 自本公告发布之日起1个工作日。 八、其它补充事宜 九、凡对本次公告内容提出询问，请按以下方式联系。 1.采购人信息 名 称：中国科学院信息工程研究所 地址：北京市海淀区树村路19号 联系方式：申老师，010-82345112 2.采购代理机构信息 名 称：华诚博远工程咨询有限公司 地 址：北京市西城区宣武门外大街10号庄胜广场中央办公楼北翼19层 联系方式：王亚宁 010-59050337、17319483702 3.项目联系方式 项目联系人：申老师 电 话： 010-82345112,教育培训,,中国政府采购网,,,,,,175.0,"[{""序号"": ""1"", ""供应商名称"": ""北京市中关村医院"", ""服务名称"": ""中国科学院信息工程研究所职工和学生体检项目"", ""服务范围"": ""体检服务商应在2026年9月至2026年11月之间完成中科院信息工程研究所职工和学生的体检工作，期间安排不低于5场的专场服务。职工因特殊情况无法在此期间体检的，服务商应另安排时段，允许职工在2027年春节前完成体检。具体详见第四章内容。"", ""服务要求"": ""体检服务商应在2026年9月至2026年11月之间完成中科院信息工程研究所职工和学生的体检工作，期间安排不低于5场的专场服务。职工因特殊情况无法在此期间体检的，服务商应另安排时段，允许职工在2027年春节前完成体检。具体详见第四章内容。"", ""服务时间"": ""体检服务商应在2026年9月至2026年11月之间完成中科院信息工程研究所职工和学生的体检工作，期间安排不低于5场的专场服务。职工因特殊情况无法在此期间体检的，服务商应另安排时段，允许职工在2027年春节前完成体检。具体详见第四章内容。"", ""服务标准"": ""体检服务商应在2026年9月至2026年11月之间完成中科院信息工程研究所职工和学生的体检工作，期间安排不低于5场的专场服务。职工因特殊情况无法在此期间体检的，服务商应另安排时段，允许职工在2027年春节前完成体检。具体详见第四章内容。""}]",姚尚武、张新京、李琳,2.1,北京市中关村医院,,,,
北川羌族自治县气象局气象系统防汛抗旱减灾能力提升采购项目成交公告,成交公告,,2026年09月09日 12:32,北川羌族自治县,北川羌族自治县气象局,北川羌族自治县永昌镇永昌大道21号,谭老师      0816-4822252,四川鑫联航工程项目管理有限公司,绵阳高新区火炬西街北段——护航者孵化产业园 B 区 4 楼,杨老师    0816-2126162,杨老师,0816-2126162,"2026.8+气象系统防汛抗旱减灾能力提升采购项目+磋商文件.pdf,评审情况.zip","[{""attach_name"": ""2026.8+气象系统防汛抗旱减灾能力提升采购项目+磋商文件.pdf"", ""attach_url"": ""https://download.ccgp.gov.cn/oss/download?uuid=1095CCDE907C49EAC54E9F18347FBE""}, {""attach_name"": ""评审情况.zip"", ""attach_url"": ""https://download.ccgp.gov.cn/oss/download?uuid=324ADA2222A2CE1A867560E2CE62F1""}]",https://www.ccgp.gov.cn/cggg/zygg/cjgg/202609/t20260909_27294253.htm,2026-09-10 09:35:04,一、项目编号：四川鑫联航政采磋（2026）25号（招标文件编号：四川鑫联航政采磋（2026）25号） 二、项目名称：气象系统防汛抗旱减灾能力提升采购项目 三、中标（成交）信息 供应商名称：绵阳大唐盛世科技有限公司供应商地址：绵阳市长虹大道中段110号（崇尚国际1幢1-28-5号）中标（成交）金额：29.8500000（万元）四、主要标的信息 序号    供应商名称      货物名称      货物品牌      货物型号      货物数量      货物单价(元)   1    绵阳大唐盛世科技有限公司      详见磋商文件      详见投标文件      详见投标文件      详见磋商文件      详见投标文件                 五、评审专家（单一来源采购人员）名单： 谭春雷、颜永碧、彭声泽 六、代理服务收费标准及金额： 本项目代理费收费标准：代理服务费参照国家计委《招标代理服务收费管理暂行办法》(计价格〔2002〕1980号)价格标准比例收费和《国家发展改革委关于进一步放开建设项目专业服务价格的通知》（发改价格〔2015〕299号）规定，本项目按照定额5000元（大写：伍仟元整）收取。招标代理费在成交供应商领取中标（成交）通知书时由成交供应商一次性支付。 本项目代理费总金额：0.500000 万元（人民币） 七、公告期限 自本公告发布之日起1个工作日。 八、其它补充事宜 / 九、凡对本次公告内容提出询问，请按以下方式联系。 1.采购人信息 名 称：北川羌族自治县气象局 地址：北川羌族自治县永昌镇永昌大道21号 联系方式：谭老师 0816-4822252 2.采购代理机构信息 名 称：四川鑫联航工程项目管理有限公司 地 址：绵阳高新区火炬西街北段——护航者孵化产业园 B 区 4 楼 联系方式：杨老师 0816-2126162 3.项目联系方式 项目联系人：杨老师 电 话： 0816-2126162,其他,,中国政府采购网,,,,,,29.85,"[{""序号"": ""1"", ""供应商名称"": ""绵阳大唐盛世科技有限公司"", ""货物名称"": ""详见磋商文件"", ""货物品牌"": ""详见投标文件"", ""货物型号"": ""详见投标文件"", ""货物数量"": ""详见磋商文件"", ""货物单价(元)"": ""详见投标文件""}]",谭春雷、颜永碧、彭声泽,0.5,绵阳大唐盛世科技有限公司,,,,
全国海关信息中心2026年海关布控智能辅助审核模型技术服务采购项目成交公告,成交公告,0701-264113027R60,2026年09月09日 12:17,北京市,全国海关信息中心,北京市东城区金宝街63号,原老师、010-85193824,中技国际招标有限公司,北京市丰台区西营街1号院通用时代中心C座,田嘉、010-81168201,李杰、冷润,010-81168201、81168273,7R60-竞争性磋商文件.pdf,"[{""attach_name"": ""7R60-竞争性磋商文件.pdf"", ""attach_url"": ""https://download.ccgp.gov.cn/oss/download?uuid=65A0E7AE6B7F762AC6C00BABAAE910""}]",https://www.ccgp.gov.cn/cggg/zygg/cjgg/202609/t20260909_27294187.htm,2026-09-10 09:35:05,一、项目编号：0701-264113027R60（招标文件编号：0701-264113027R60） 二、项目名称：全国海关信息中心2026年海关布控智能辅助审核模型技术服务采购项目 三、中标（成交）信息 供应商名称：讯飞智元信息科技有限公司供应商地址：安徽省合肥市高新区云飞路66号天源迪科1号楼5-8层中标（成交）金额：67.0000000（万元）四、主要标的信息 序号    供应商名称      服务名称      服务范围      服务要求      服务时间      服务标准   1    讯飞智元信息科技有限公司      全国海关信息中心2026年海关布控智能辅助审核模型技术服务采购项目      详见竞争性磋商文件第四章采购需求      满足竞争性磋商文件要求      自合同签订之日起至售后服务期满止      详见竞争性磋商文件第四章采购需求                 五、评审专家（单一来源采购人员）名单： 赵善仁、池锋、王齐 六、代理服务收费标准及金额： 本项目代理费收费标准：参照原国家计委计价格【2002】1980号文和国家发改委发改办价格【2003】857号文的计算方法收取。 本项目代理费总金额：1.005000 万元（人民币） 七、公告期限 自本公告发布之日起1个工作日。 八、其它补充事宜 成交供应商：讯飞智元信息科技有限公司综合得分：91.97分 九、凡对本次公告内容提出询问，请按以下方式联系。 1.采购人信息 名 称：全国海关信息中心 地址：北京市东城区金宝街63号 联系方式：原老师、010-85193824 2.采购代理机构信息 名 称：中技国际招标有限公司 地 址：北京市丰台区西营街1号院通用时代中心C座 联系方式：田嘉、010-81168201 3.项目联系方式 项目联系人：李杰、冷润 电 话： 010-81168201、81168273、lijie38@cmc.gt.cn,其他,,中国政府采购网,,,,,,67.0,"[{""序号"": ""1"", ""供应商名称"": ""讯飞智元信息科技有限公司"", ""服务名称"": ""全国海关信息中心2026年海关布控智能辅助审核模型技术服务采购项目"", ""服务范围"": ""详见竞争性磋商文件第四章采购需求"", ""服务要求"": ""满足竞争性磋商文件要求"", ""服务时间"": ""自合同签订之日起至售后服务期满止"", ""服务标准"": ""详见竞争性磋商文件第四章采购需求""}]",赵善仁、池锋、王齐,1.005,讯飞智元信息科技有限公司,,,,
西安交通大学发电厂最小安全子系统和新能源发电模块成交公告,成交公告,,2026年09月09日 11:48,西安市,西安交通大学,西安市碑林区兴庆南路10号交大出版大厦19层采购办办公室,采购与招标管理办公室tender@xjtu.edu.cn，咨询QQ群：367046737;联系电话：029-82668649/029-82668195,西安交通大学,西安市碑林区兴庆南路10号交大出版大厦19层采购办办公室,采购与招标管理办公室tender@xjtu.edu.cn，咨询QQ群：367046737;联系电话：029-82668649/029-82668195,李俊娜,029-82668649,,,https://www.ccgp.gov.cn/cggg/zygg/cjgg/202609/t20260909_27294200.htm,2026-09-10 09:35:05,"一、项目编号：西交采招（2026）364（招标文件编号：西交采招（2026）391） 二、项目名称：发电厂最小安全子系统和新能源发电模块 三、中标（成交）信息 供应商名称：西安热工研究院有限公司供应商地址：西安市雁塔区雁翔路99号博源科技广场A座中标（成交）金额：334.8000000（万元）四、主要标的信息 序号    供应商名称      货物名称      货物品牌      货物型号      货物数量      货物单价(元)   1    西安热工研究院有限公司      发电厂最小安全子系统和新能源发电模块      华能睿渥等      HNICS-T316等      1套      3348000                 五、评审专家（单一来源采购人员）名单： 张翠翠,张莉丽,李俊娜,刘新正,杨玉孝 六、代理服务收费标准及金额： 本项目代理费收费标准：无 本项目代理费总金额：0.000000 万元（人民币） 七、公告期限 自本公告发布之日起1个工作日。 八、其它补充事宜 九、凡对本次公告内容提出询问，请按以下方式联系。 1.采购人信息 名 称：西安交通大学 地址：西安市碑林区兴庆南路10号交大出版大厦19层采购办办公室 联系方式：采购与招标管理办公室tender@xjtu.edu.cn，咨询QQ群：367046737;联系电话：029-82668649/029-82668195 2.采购代理机构信息 名 称：西安交通大学 地 址：西安市碑林区兴庆南路10号交大出版大厦19层采购办办公室 联系方式：采购与招标管理办公室tender@xjtu.edu.cn，咨询QQ群：367046737;联系电话：029-82668649/029-82668195 3.项目联系方式 项目联系人：李俊娜 电 话： uvlina@xjtu.edu.cn",教育培训,,中国政府采购网,,,,,,334.8,"[{""序号"": ""1"", ""供应商名称"": ""西安热工研究院有限公司"", ""货物名称"": ""发电厂最小安全子系统和新能源发电模块"", ""货物品牌"": ""华能睿渥等"", ""货物型号"": ""HNICS-T316等"", ""货物数量"": ""1套"", ""货物单价(元)"": ""3348000""}]","张翠翠,张莉丽,李俊娜,刘新正,杨玉孝",0.0,西安热工研究院有限公司,,,,
丰镇市消防救援大队及政府专职消防队2026-2027年度伙食项目【第1次重新采购】成交公告,成交公告,ZFCG304526083675,2026年09月09日 11:46,丰镇市,丰镇市消防救援大队,内蒙古自治区乌兰察布市丰镇市柏宝庄街,王福龙、13296950765,内蒙古阳光采购服务平台有限责任公司,内蒙古呼和浩特市赛罕区阿吉泰路3号,樊增、18247126907、0471-3473025,樊增,18247126907,"中小企业声明函.jpg,丰镇市消防救援大队及政府专职消防队2026-2027年度伙食项目【第1次重新采购】-竞争性磋商文件(定稿版).pdf","[{""attach_name"": ""中小企业声明函.jpg"", ""attach_url"": ""https://download.ccgp.gov.cn/oss/download?uuid=82DA324327814295B8714447C5F7A6""}, {""attach_name"": ""丰镇市消防救援大队及政府专职消防队2026-2027年度伙食项目【第1次重新采购】-竞争性磋商文件(定稿版).pdf"", ""attach_url"": ""https://download.ccgp.gov.cn/oss/download?uuid=4EF8DBB7899F0945780D6A6C509ED6""}]",https://www.ccgp.gov.cn/cggg/zygg/cjgg/202609/t20260909_27293889.htm,2026-09-10 09:35:06,一、项目编号：ZFCG304526083675（招标文件编号：ZFCG304526083675） 二、项目名称：丰镇市消防救援大队及政府专职消防队2026-2027年度伙食项目【第1次重新采购】 三、中标（成交）信息 供应商名称：丰镇市永盛家乐家商贸有限公司供应商地址：丰镇市久福中央广场地下负一层C座)包组或产品名称：丰镇市消防救援大队及政府专职消防队2026-2027年度伙食项目折扣率(%)：8.0000000四、主要标的信息 序号    供应商名称      服务名称      服务范围      服务要求      服务时间      服务标准   1    丰镇市永盛家乐家商贸有限公司      丰镇市消防救援大队及政府专职消防队2026-2027年度伙食项目      满足竞争性磋商文件要求      满足竞争性磋商文件要求      满足竞争性磋商文件要求      满足竞争性磋商文件要求                 五、评审专家（单一来源采购人员）名单： 张春生、王福龙、韩长宫(组长) 六、代理服务收费标准及金额： 本项目代理费收费标准：服务费以预算金额乘以（1-中标费率）为基数，按标准收费的80%收取，不足8000元按8000元收取。由采购人支付。 本项目代理费总金额：0.974800 万元（人民币） 七、公告期限 自本公告发布之日起1个工作日。 八、其它补充事宜 无 九、凡对本次公告内容提出询问，请按以下方式联系。 1.采购人信息 名 称：丰镇市消防救援大队 地址：内蒙古自治区乌兰察布市丰镇市柏宝庄街 联系方式：王福龙、13296950765 2.采购代理机构信息 名 称：内蒙古阳光采购服务平台有限责任公司 地 址：内蒙古呼和浩特市赛罕区阿吉泰路3号 联系方式：樊增、18247126907、0471-3473025 3.项目联系方式 项目联系人：樊增 电 话： 18247126907,公共安全,,中国政府采购网,,,,,,0.0,"[{""序号"": ""1"", ""供应商名称"": ""丰镇市永盛家乐家商贸有限公司"", ""服务名称"": ""丰镇市消防救援大队及政府专职消防队2026-2027年度伙食项目"", ""服务范围"": ""满足竞争性磋商文件要求"", ""服务要求"": ""满足竞争性磋商文件要求"", ""服务时间"": ""满足竞争性磋商文件要求"", ""服务标准"": ""满足竞争性磋商文件要求""}]",张春生、王福龙、韩长宫(组长),0.9748,丰镇市永盛家乐家商贸有限公司,,,,
长治市消防救援支队原长潞大队(战勤保障大队)选取2026年食堂副食品供应服务供应商项目竞争性磋商成交结果公告,成交公告,ZZJXFG-CZ-2026072-2,2026年09月09日 11:35,市辖区,长治市消防救援支队,山西省长治市潞州区紫金东街342号,0355-6866020（办公）,山西中正佳信工程咨询有限公司,山西省太原市晋源区集阜路1号鸿昇时代广场A座9层903室,0351-6585777（办公）,梁女士、胥先生、郭先生、张女士,0351-6585777,中小企业声明函-长治市璞汇商贸有限公司.pdf,"[{""attach_name"": ""中小企业声明函-长治市璞汇商贸有限公司.pdf"", ""attach_url"": ""https://download.ccgp.gov.cn/oss/download?uuid=B7563CC6123C2CCE4432C83B75D234""}]",https://www.ccgp.gov.cn/cggg/zygg/cjgg/202609/t20260909_27293773.htm,2026-09-10 09:35:06,一、项目编号：ZZJXFG-CZ-2026072-2（招标文件编号：ZZJXFG-CZ-2026072-2） 二、项目名称：长治市消防救援支队原长潞大队(战勤保障大队)选取2026年食堂副食品供应服务供应商项目 三、中标（成交）信息 供应商名称：长治市璞汇商贸有限公司供应商地址：长治市郊区普光南路111号门面房包组或产品名称：长治市消防救援支队原长潞大队(战勤保障大队)选取2026年食堂副食品供应服务供应商项目折扣率(%)：97.0000000四、主要标的信息 序号    供应商名称      服务名称      服务范围      服务要求      服务时间      服务标准   1    长治市璞汇商贸有限公司      长治市消防救援支队原长潞大队(战勤保障大队)选取2026年食堂副食品供应服务供应商项目      详见磋商文件。      详见磋商文件。      自合同签订之日起至2027年2月5日。      符合国家、行业相关规范、规定合格标准，且满足采购人的服务要求。                 五、评审专家（单一来源采购人员）名单： 来国方，王立芳，王明丽（采购人代表） 六、代理服务收费标准及金额： 本项目代理费收费标准：参照国家计委计价格【2002】1980号文件规定的80%收取。 本项目代理费总金额：0.419376 万元（人民币） 七、公告期限 自本公告发布之日起1个工作日。 八、其它补充事宜 评审总得分：88.86 九、凡对本次公告内容提出询问，请按以下方式联系。 1.采购人信息 名 称：长治市消防救援支队 地址：山西省长治市潞州区紫金东街342号 联系方式：0355-6866020（办公） 2.采购代理机构信息 名 称：山西中正佳信工程咨询有限公司 地 址：山西省太原市晋源区集阜路1号鸿昇时代广场A座9层903室 联系方式：0351-6585777（办公） 3.项目联系方式 项目联系人：梁女士、胥先生、郭先生、张女士 电 话： 0351-6585777（办公）,公共安全,,中国政府采购网,,,,,,0.0,"[{""序号"": ""1"", ""供应商名称"": ""长治市璞汇商贸有限公司"", ""服务名称"": ""长治市消防救援支队原长潞大队(战勤保障大队)选取2026年食堂副食品供应服务供应商项目"", ""服务范围"": ""详见磋商文件。"", ""服务要求"": ""详见磋商文件。"", ""服务时间"": ""自合同签订之日起至2027年2月5日。"", ""服务标准"": ""符合国家、行业相关规范、规定合格标准，且满足采购人的服务要求。""}]",来国方，王立芳，王明丽（采购人代表）,0.419376,长治市璞汇商贸有限公司,,,,
中国共产党历史展览馆《不忘初心、牢记使命——中国共产党历史展览精品图录》（暂定名）（中、英文版）出版项目单一来源采购成交公告,成交公告,0730-2623ZC0186-01,2026年09月09日 11:26,北京市,中国共产党历史展览馆,北京市朝阳区北辰东路9号,杨老师,中航招采科技（北京）有限公司,北京市朝阳区慧忠路5号远大中心B座,王经理010-84892521、19910701388,王经理,010-84892521、19910701388,单一来源采购文件发售版-《不忘初心、牢记使命——中国共产党历史展览精品图录》（暂定名）（中、英文版）出版项目.pdf,"[{""attach_name"": ""单一来源采购文件发售版-《不忘初心、牢记使命——中国共产党历史展览精品图录》（暂定名）（中、英文版）出版项目.pdf"", ""attach_url"": ""https://download.ccgp.gov.cn/oss/download?uuid=00931D77BCC8B2984E2ABCBC9BDBBA""}]",https://www.ccgp.gov.cn/cggg/zygg/cjgg/202609/t20260909_27293694.htm,2026-09-10 09:35:07,一、项目编号：0730-2623ZC0186-01（招标文件编号：0730-2623ZC0186-01） 二、项目名称：《不忘初心、牢记使命——中国共产党历史展览精品图录》（暂定名）（中、英文版）出版项目 三、中标（成交）信息 供应商名称：人民出版社供应商地址：北京市东城区朝阳门内大街166号中标（成交）金额：160.0000000（万元）四、主要标的信息 序号    供应商名称      服务名称      服务范围      服务要求      服务时间      服务标准   1    人民出版社      《不忘初心、牢记使命——中国共产党历史展览精品图录》（暂定名）（中、英文版）出版项目      详见采购文件      详见采购文件      详见采购文件      详见采购文件                 五、评审专家（单一来源采购人员）名单： 耿静、巩微、余平、韩志萍、解智龙 六、代理服务收费标准及金额： 本项目代理费收费标准：本项目的采购代理服务费以成交金额作为收费计算基数进行计算，参照执行【2002】1980号国家计委关于印发《招标代理服务收费管理暂行办法》的收费标准下浮20%，在向成交人发出成交通知书的同时向成交人收取。 本项目代理费总金额：1.584000 万元（人民币） 七、公告期限 自本公告发布之日起1个工作日。 八、其它补充事宜 无 九、凡对本次公告内容提出询问，请按以下方式联系。 1.采购人信息 名 称：中国共产党历史展览馆 地址：北京市朝阳区北辰东路9号 联系方式：杨老师 2.采购代理机构信息 名 称：中航招采科技（北京）有限公司 地 址：北京市朝阳区慧忠路5号远大中心B座 联系方式：王经理010-84892521、19910701388 3.项目联系方式 项目联系人：王经理 电 话： 010-84892521、19910701388,市政交通,,中国政府采购网,,,,,,160.0,"[{""序号"": ""1"", ""供应商名称"": ""人民出版社"", ""服务名称"": ""《不忘初心、牢记使命——中国共产党历史展览精品图录》（暂定名）（中、英文版）出版项目"", ""服务范围"": ""详见采购文件"", ""服务要求"": ""详见采购文件"", ""服务时间"": ""详见采购文件"", ""服务标准"": ""详见采购文件""}]",耿静、巩微、余平、韩志萍、解智龙,1.584,人民出版社,,,,
国家税务总局江西省税务局2026年房屋维修项目第二次竞争性磋商成交结果公告,成交公告,JXSWCG-2026-17,2026年09月09日 11:23,市辖区,国家税务总局江西省税务局,南昌市红谷滩区红谷南大道456号,朱女士/0791-86211285,江西省鼎跃招标咨询有限公司,江西省南昌市红谷滩区嘉言路668号用友产业园二期1号科研楼BC区4楼,徐燕敏、刘霞、李扬、张慧琴/0791-87090903,徐燕敏、刘霞、李扬、张慧琴,0791-87090903,"河南水诚建设工程有限公司中小企业声明函.pdf,（第二次挂网定稿）国家税务总局江西省税务局2026年房屋维修项目.pdf,代理费用收费标准.docx","[{""attach_name"": ""河南水诚建设工程有限公司中小企业声明函.pdf"", ""attach_url"": ""https://download.ccgp.gov.cn/oss/download?uuid=B2BA2E28F49A6ADD7F2CB5D684A3F7""}, {""attach_name"": ""（第二次挂网定稿）国家税务总局江西省税务局2026年房屋维修项目.pdf"", ""attach_url"": ""https://download.ccgp.gov.cn/oss/download?uuid=660ECE4ACB7272D0309DF0301325AA""}, {""attach_name"": ""代理费用收费标准.docx"", ""attach_url"": ""https://download.ccgp.gov.cn/oss/download?uuid=DBBA5C5B651DBE7A9F8552BD225981""}]",https://www.ccgp.gov.cn/cggg/zygg/cjgg/202609/t20260909_27293653.htm,2026-09-10 09:35:08,一、项目编号：JXSWCG-2026-17（招标文件编号：JXSWCG-2026-17） 二、项目名称：国家税务总局江西省税务局2026年房屋维修项目 三、中标（成交）信息 供应商名称：河南水诚建设工程有限公司供应商地址：河南省安阳市滑县桑村乡道桑路107号院128房间中标（成交）金额：157.2500000（万元）四、主要标的信息 序号    供应商名称       工程名称       施工范围       施工工期       项目经理       执业证书   1    河南水诚建设工程有限公司      国家税务总局江西省税务局2026年房屋维修项目      详见竞争性磋商文件      合同签订生效之日起至2026年11月30日      刘莎莎      豫241131338423                 五、评审专家（单一来源采购人员）名单： 周微、万刚、齐美花、徐晓春、邓树高（采购人代表） 六、代理服务收费标准及金额： 本项目代理费收费标准：采购代理服务费按差额定率累进法计算收取，收费标准具体详见附件。 本项目代理费总金额：1.400700 万元（人民币） 七、公告期限 自本公告发布之日起1个工作日。 八、其它补充事宜 （1）成交供应商河南水诚建设工程有限公司评审总得分为93.20。（2）采购代理服务费收取对象：由采购代理机构向成交供应商收取。（3）采购代理服务费收取方式：采用银行转账、现金等形式。 九、凡对本次公告内容提出询问，请按以下方式联系。 1.采购人信息 名 称：国家税务总局江西省税务局 地址：南昌市红谷滩区红谷南大道456号 联系方式：朱女士/0791-86211285 2.采购代理机构信息 名 称：江西省鼎跃招标咨询有限公司 地 址：江西省南昌市红谷滩区嘉言路668号用友产业园二期1号科研楼BC区4楼 联系方式：徐燕敏、刘霞、李扬、张慧琴/0791-87090903 3.项目联系方式 项目联系人：徐燕敏、刘霞、李扬、张慧琴 电 话： 0791-87090903,工程建设,,中国政府采购网,,,,,,157.25,"[{""序号"": ""1"", ""供应商名称"": ""河南水诚建设工程有限公司"", ""工程名称"": ""国家税务总局江西省税务局2026年房屋维修项目"", ""施工范围"": ""详见竞争性磋商文件"", ""施工工期"": ""合同签订生效之日起至2026年11月30日"", ""项目经理"": ""刘莎莎"", ""执业证书"": ""豫241131338423""}]",周微、万刚、齐美花、徐晓春、邓树高（采购人代表）,1.4007,河南水诚建设工程有限公司,,,,
上海出入境边防检查总站工会委员会2026年总站机关人员电影观摩服务项目成交公告,成交公告,PCMET-26118C0845,2026年09月09日 11:18,上海市,中华人民共和国上海出入境边防检查总站,上海市浦东新区滨江大道233号,高老师 021-31361053,上海浦成机电设备招标有限公司,上海市浦东新区商城路618号8楼,高仁宗021-50934509,高仁宗,021-50934509,"【发售稿】上海出入境边防检查总站工会委员会2026年总站机关人员电影观摩服务项目.pdf,中小企业声明函.pdf","[{""attach_name"": ""【发售稿】上海出入境边防检查总站工会委员会2026年总站机关人员电影观摩服务项目.pdf"", ""attach_url"": ""https://download.ccgp.gov.cn/oss/download?uuid=D9643F8AB9304253CBB3110098C969""}, {""attach_name"": ""中小企业声明函.pdf"", ""attach_url"": ""https://download.ccgp.gov.cn/oss/download?uuid=4F125E0AAEB140EC36CAE6BF425189""}]",https://www.ccgp.gov.cn/cggg/zygg/cjgg/202609/t20260909_27293606.htm,2026-09-10 09:35:08,一、项目编号：PCMET-26118C0845（招标文件编号：PCMET-26118C0845） 二、项目名称：上海出入境边防检查总站工会委员会2026年总站机关人员电影观摩服务项目 三、中标（成交）信息 供应商名称：上海汉美达网络科技有限公司供应商地址：上海市宝山区长江南路180号B620室中标（成交）金额：13.5100000（万元）四、主要标的信息 序号    供应商名称      服务名称      服务范围      服务要求      服务时间      服务标准   1    上海汉美达网络科技有限公司      上海出入境边防检查总站工会委员会2026年总站机关人员电影观摩服务      详见采购文件及响应文件      详见采购文件及响应文件      成交供应商在合同签订后的10日内，将所有产品以观摩券方式配送至采购方指定地点。 观摩券有效期：合同签订后不少于2年有效期      详见采购文件及响应文件                 五、评审专家（单一来源采购人员）名单： 朱前、徐雨清、陆茵 六、代理服务收费标准及金额： 本项目代理费收费标准：代理费用：本项目代理服务费以中标（成交）金额为基准、按差额定率累进法计算(低于6000元按6000元收取)。其中专家评审费由甲方支付，剩余费用由中标（成交）供应商支付。 本项目代理费总金额：0.500000 万元（人民币） 七、公告期限 自本公告发布之日起1个工作日。 八、其它补充事宜 上海汉美达网络科技有限公司成交报价：1、每张电影点卷面值为700元/人份，数量193人份，合计总价13.51万元。2、每张电影点卷实际价值为1000元/人份。推荐理由：经评审委员会独立评审，上海汉美达网络科技有限公司响应文件能够较好的满足采购文件要求，综合得分95.16，排序第一，推荐为成交单位。如对本次结果有异议，请于结果公布期限届满之日起7个工作日内以书面形式向上海浦成机电设备招标有限公司（上海市浦东新区商城路618号良友大厦8楼，电话50934509）提出质疑。在此，上海出入境边防检查总站工会委员会和上海浦成机电设备招标有限公司谨对积极参与本项目投标的供应商表示衷心的感谢！ 九、凡对本次公告内容提出询问，请按以下方式联系。 1.采购人信息 名 称：中华人民共和国上海出入境边防检查总站 地址：上海市浦东新区滨江大道233号 联系方式：高老师 021-31361053 2.采购代理机构信息 名 称：上海浦成机电设备招标有限公司 地 址：上海市浦东新区商城路618号8楼 联系方式：高仁宗021-50934509 3.项目联系方式 项目联系人：高仁宗 电 话： 021-50934509,其他,,中国政府采购网,,,,,,13.51,"[{""序号"": ""1"", ""供应商名称"": ""上海汉美达网络科技有限公司"", ""服务名称"": ""上海出入境边防检查总站工会委员会2026年总站机关人员电影观摩服务"", ""服务范围"": ""详见采购文件及响应文件"", ""服务要求"": ""详见采购文件及响应文件"", ""服务时间"": ""成交供应商在合同签订后的10日内，将所有产品以观摩券方式配送至采购方指定地点。\t\t\t观摩券有效期：合同签订后不少于2年有效期"", ""服务标准"": ""详见采购文件及响应文件""}]",朱前、徐雨清、陆茵,0.5,上海汉美达网络科技有限公司,,,,
盐城市大丰区消防救援大队大丰大队及专职队车辆保险项目（二次）成交公告,成交公告,DFXFCG2026-A04,2026年09月09日 11:17,大丰区,盐城市大丰区消防救援大队,盐城市大丰区幸福西大街11号,段先生，18862091458,盐城市泰诚项目管理有限公司,盐城市大丰区汇坚商贸城20号楼3楼,孙昕，17768969152,段先生,18862091458,8.26招标文件定稿【大丰大队及专职队车辆保险项目二次】 .doc,"[{""attach_name"": ""8.26招标文件定稿【大丰大队及专职队车辆保险项目二次】 .doc"", ""attach_url"": ""https://download.ccgp.gov.cn/oss/download?uuid=23034157A3C62F3C54B8068151CC15""}]",https://www.ccgp.gov.cn/cggg/zygg/cjgg/202609/t20260909_27293585.htm,2026-09-10 09:35:09,一、项目编号：DFXFCG2026-A04 （招标文件编号：DFXFCG2026-A04） 二、项目名称：大丰大队及专职队车辆保险项目（二次） 三、中标（成交）信息 供应商名称：紫金财产保险股份有限公司盐城中心支公司供应商地址：盐城市府西路1号盐城市国投商务楼11层北侧1102-1146号包组或产品名称：车辆保险折扣率(%)：50.0000000四、主要标的信息 序号    供应商名称      服务名称      服务范围      服务要求      服务时间      服务标准   1    紫金财产保险股份有限公司盐城中心支公司      大丰大队及专职队车辆保险      拟为盐城市大丰区消防救援大队的车辆（65辆，具体详见清单）投保，投保险种包含但不限于：交强险、车损险（绝对免赔额0元）、第三者责任险（不低于300万元）、座位险（不低于1万元/座）、附加医保外医疗费用责任险（机动车第三者责任保险）。      详见磋商文件      三年，合同一年一签（年度考核不合格不可以续签）      国家“合格”标准                 五、评审专家（单一来源采购人员）名单： 杨崇德、朱小芹、韦斌 六、代理服务收费标准及金额： 本项目代理费收费标准：本项目代理服务费用按照计价格【2002】1980号文（服务类）标准的30%进行计取，不足2000按照2000元计取，本项目代理费2000元整。 本项目代理费总金额：0.200000 万元（人民币） 七、公告期限 自本公告发布之日起1个工作日。 八、其它补充事宜 无 九、凡对本次公告内容提出询问，请按以下方式联系。 1.采购人信息 名 称：盐城市大丰区消防救援大队 地址：盐城市大丰区幸福西大街11号 联系方式：段先生，18862091458 2.采购代理机构信息 名 称：盐城市泰诚项目管理有限公司 地 址：盐城市大丰区汇坚商贸城20号楼3楼 联系方式：孙昕，17768969152 3.项目联系方式 项目联系人：段先生 电 话： 18862091458,公共安全,,中国政府采购网,,,,,,0.0,"[{""序号"": ""1"", ""供应商名称"": ""紫金财产保险股份有限公司盐城中心支公司"", ""服务名称"": ""大丰大队及专职队车辆保险"", ""服务范围"": ""拟为盐城市大丰区消防救援大队的车辆（65辆，具体详见清单）投保，投保险种包含但不限于：交强险、车损险（绝对免赔额0元）、第三者责任险（不低于300万元）、座位险（不低于1万元/座）、附加医保外医疗费用责任险（机动车第三者责任保险）。"", ""服务要求"": ""详见磋商文件"", ""服务时间"": ""三年，合同一年一签（年度考核不合格不可以续签）"", ""服务标准"": ""国家“合格”标准""}]",杨崇德、朱小芹、韦斌,0.2,紫金财产保险股份有限公司盐城中心支公司,,,,
自然资源部北海海洋中心雷州市西部海岸带区域海洋观监测数据治理服务成交公告,成交公告,GXTZ-2026,2026年09月09日 11:04,北海市,自然资源部北海海洋中心,广西北海市海城区西南大道中段612号,刘工0779-3218575,广西同洲工程咨询管理有限公司,北海市北京路49号桂城大厦B座1706室,方工0779-3185998,刘工,0779-3218575,磋商采购文件-雷州市西部海岸带区域海洋观监测数据治理服务.doc,"[{""attach_name"": ""磋商采购文件-雷州市西部海岸带区域海洋观监测数据治理服务.doc"", ""attach_url"": ""https://download.ccgp.gov.cn/oss/download?uuid=F4321FD562E0D117E3AF6363BF49FC""}]",https://www.ccgp.gov.cn/cggg/zygg/cjgg/202609/t20260909_27293461.htm,2026-09-10 09:35:10,一、项目编号：GXTZ-2026(ZB)-017（招标文件编号：GXTZ-2026(ZB)-017） 二、项目名称：雷州市西部海岸带区域海洋观监测数据治理服务 三、中标（成交）信息 供应商名称：自然资源部南海海域海岛中心（自然资源部南海标准计量与信息中心）供应商地址：广东省广州市新港中路353号院自编5栋中标（成交）金额：85.7000000（万元）四、主要标的信息 序号    供应商名称      服务名称      服务范围      服务要求      服务时间      服务标准   1    自然资源部南海海域海岛中心（自然资源部南海标准计量与信息中心）      雷州市西部海岸带区域海洋观监测数据治理服务      完成采购文件要求的雷州市西部海岸带区域海洋观监测数据服务工作。      详见招标文件及供应商响应文件      2027年9月30日前，完成雷州市西部海岸带区域海洋观监测数据服务，提交相关成果材料，通过采购人组织的验收。      详见招标文件及供应商响应文件                 五、评审专家（单一来源采购人员）名单： 徐旭（组长）、周盛能、刘保良 六、代理服务收费标准及金额： 本项目代理费收费标准：依据《国家发展改革委办公厅关于招标代理服务收费有关问题的通知》（发改办价格［2003］857号）、《国家发展改革委关于降低部分建设项目收费标准规范收费行为等有关问题的通知》（发改价格[2011]534号）。本项目代理服务费计算方法：代理服务费=成交金额×1.5%，代理服务费不足伍仟元按伍仟元收取 本项目代理费总金额：1.285500 万元（人民币） 七、公告期限 自本公告发布之日起1个工作日。 八、其它补充事宜 / 九、凡对本次公告内容提出询问，请按以下方式联系。 1.采购人信息 名 称：自然资源部北海海洋中心 地址：广西北海市海城区西南大道中段612号 联系方式：刘工0779-3218575 2.采购代理机构信息 名 称：广西同洲工程咨询管理有限公司 地 址：北海市北京路49号桂城大厦B座1706室 联系方式：方工0779-3185998 3.项目联系方式 项目联系人：刘工 电 话： 0779-3218575,科研检测,,中国政府采购网,,,,,,85.7,"[{""序号"": ""1"", ""供应商名称"": ""自然资源部南海海域海岛中心（自然资源部南海标准计量与信息中心）"", ""服务名称"": ""雷州市西部海岸带区域海洋观监测数据治理服务"", ""服务范围"": ""完成采购文件要求的雷州市西部海岸带区域海洋观监测数据服务工作。"", ""服务要求"": ""详见招标文件及供应商响应文件"", ""服务时间"": ""2027年9月30日前，完成雷州市西部海岸带区域海洋观监测数据服务，提交相关成果材料，通过采购人组织的验收。"", ""服务标准"": ""详见招标文件及供应商响应文件""}]",徐旭（组长）、周盛能、刘保良,1.2855,自然资源部南海海域海岛中心（自然资源部南海标准计量与信息中心）,,,,
中国科学院动物研究所存储系统采购项目成交公告,成交公告,OITC-G260172066,2026年09月09日 11:04,北京市,中国科学院动物研究所,北京市朝阳区北辰西路1号院5号,袁老师010-64807573,东方国际招标有限责任公司,北京市海淀区丹棱街1号互联网金融中心20层,迟兆洋、叶明、芮虎峥、荀笑尘 010-68290589/0583 mye@oitc.com.cn、hzrui@oitc.com.cn、xcxun@oitc.com.cn,迟兆洋、叶明、芮虎峥、荀笑尘,010-68290589,"_2066存储系统【8.26发布稿】.doc,本国产品声明函.pdf","[{""attach_name"": ""_2066存储系统【8.26发布稿】.doc"", ""attach_url"": ""https://download.ccgp.gov.cn/oss/download?uuid=E9DE408CE35B2B9B5450AE83C3C9AC""}, {""attach_name"": ""本国产品声明函.pdf"", ""attach_url"": ""https://download.ccgp.gov.cn/oss/download?uuid=AA3C0A3975405EF7036AAEA479D6E5""}]",https://www.ccgp.gov.cn/cggg/zygg/cjgg/202609/t20260909_27293457.htm,2026-09-10 09:35:10,一、项目编号：OITC-G260172066（招标文件编号：OITC-G260172066） 二、项目名称：中国科学院动物研究所存储系统采购项目 三、中标（成交）信息 供应商名称：北京卓优云智科技有限公司供应商地址：北京市东城区安定门东大街28号2号楼F座815室中标（成交）金额：118.4000000（万元）四、主要标的信息 序号    供应商名称      货物名称      货物品牌      货物型号      货物数量      货物单价(元)   1    北京卓优云智科技有限公司      存储系统      华为      OceanStor Pacific 9546      2台      /                 五、评审专家（单一来源采购人员）名单： 赵林（专家组长）、秦岚、张营（用户代表） 六、代理服务收费标准及金额： 本项目代理费收费标准：国家计委招标代理服务费暂行标准[2002]1980号文件中规定的货物采购收费比率收取。 本项目代理费总金额：1.702400 万元（人民币） 七、公告期限 自本公告发布之日起1个工作日。 八、其它补充事宜 本项目采用综合评分法，成交供应商的评审总得分为93.33分。 九、凡对本次公告内容提出询问，请按以下方式联系。 1.采购人信息 名 称：中国科学院动物研究所 地址：北京市朝阳区北辰西路1号院5号 联系方式：袁老师010-64807573 2.采购代理机构信息 名 称：东方国际招标有限责任公司 地 址：北京市海淀区丹棱街1号互联网金融中心20层 联系方式：迟兆洋、叶明、芮虎峥、荀笑尘 010-68290589/0583 mye@oitc.com.cn、hzrui@oitc.com.cn、xcxun@oitc.com.cn 3.项目联系方式 项目联系人：迟兆洋、叶明、芮虎峥、荀笑尘 电 话： 010-68290589/0583,教育培训,,中国政府采购网,,,,,,118.4,"[{""序号"": ""1"", ""供应商名称"": ""北京卓优云智科技有限公司"", ""货物名称"": ""存储系统"", ""货物品牌"": ""华为"", ""货物型号"": ""OceanStor Pacific 9546"", ""货物数量"": ""2台"", ""货物单价(元)"": ""/""}]",赵林（专家组长）、秦岚、张营（用户代表）,1.7024,北京卓优云智科技有限公司,,,,
大连海关技术中心危险货物包装检验恒温恒湿室改造项目-监理成交公告,成交公告,ZXCD20260813,2026年09月09日 11:01,大连市,大连海关技术中心,大连市中山区长江东路60号,丁工 0411-87954576,辽宁中信诚达项目管理有限公司,大连市沙河口区同泰街11号（优豪斯B区（南门）院内，物业东侧）,郝燕、李佳、于冶、刘永澎、赵莎、闻晶、奚旺 0411-83729660-804,郝燕、李佳、于冶、刘永澎、赵莎,0411-83729660-804,"中小企业声明函.pdf,大连海关技术中心危险货物包装检验恒温恒湿室改造项目-监理.docx","[{""attach_name"": ""中小企业声明函.pdf"", ""attach_url"": ""https://download.ccgp.gov.cn/oss/download?uuid=5B2842BBBBC4256BB48433E225B3B2""}, {""attach_name"": ""大连海关技术中心危险货物包装检验恒温恒湿室改造项目-监理.docx"", ""attach_url"": ""https://download.ccgp.gov.cn/oss/download?uuid=D63D31A8017979F56A743D8A5F3F02""}]",https://www.ccgp.gov.cn/cggg/zygg/cjgg/202609/t20260909_27293426.htm,2026-09-10 09:35:11,一、项目编号：ZXCD20260813（招标文件编号：ZXCD20260813） 二、项目名称：大连海关技术中心危险货物包装检验恒温恒湿室改造项目-监理 三、中标（成交）信息 供应商名称：大连建发工程建设管理咨询有限公司供应商地址：辽宁省大连市西岗区北岗街27A号D2018号中标（成交）金额：1.7600000（万元）四、主要标的信息 序号    供应商名称      服务名称      服务范围      服务要求      服务时间      服务标准   1    大连建发工程建设管理咨询有限公司      大连海关技术中心危险货物包装检验恒温恒湿室改造项目-监理      大连海关技术中心危险货物包装检验恒温恒湿室改造的监理服务      详见竞争性磋商文件      与施工工期同步(具体开工与完工时间以合同约定为准)。工程完工后，通过项目整体竣工验收并交付全部监理资料，项目竣工备案手续完成、交付使用且工程保修期结束，监理任务结束。      详见竞争性磋商文件                 五、评审专家（单一来源采购人员）名单： 单云峰、张娣、丁健 六、代理服务收费标准及金额： 本项目代理费收费标准：按照竞争性磋商文件要求收取 本项目代理费总金额：0.200000 万元（人民币） 七、公告期限 自本公告发布之日起1个工作日。 八、其它补充事宜 1.大连建发工程建设管理咨询有限公司，成交价：17600元，监理费率：2.74%，综合得分：88分 九、凡对本次公告内容提出询问，请按以下方式联系。 1.采购人信息 名 称：大连海关技术中心 地址：大连市中山区长江东路60号 联系方式：丁工 0411-87954576 2.采购代理机构信息 名 称：辽宁中信诚达项目管理有限公司 地 址：大连市沙河口区同泰街11号（优豪斯B区（南门）院内，物业东侧） 联系方式：郝燕、李佳、于冶、刘永澎、赵莎、闻晶、奚旺 0411-83729660-804 3.项目联系方式 项目联系人：郝燕、李佳、于冶、刘永澎、赵莎、闻晶、奚旺 电 话： 0411-83729660-804,工程建设,,中国政府采购网,,,,,,1.76,"[{""序号"": ""1"", ""供应商名称"": ""大连建发工程建设管理咨询有限公司"", ""服务名称"": ""大连海关技术中心危险货物包装检验恒温恒湿室改造项目-监理"", ""服务范围"": ""大连海关技术中心危险货物包装检验恒温恒湿室改造的监理服务"", ""服务要求"": ""详见竞争性磋商文件"", ""服务时间"": ""与施工工期同步(具体开工与完工时间以合同约定为准)。工程完工后，通过项目整体竣工验收并交付全部监理资料，项目竣工备案手续完成、交付使用且工程保修期结束，监理任务结束。"", ""服务标准"": ""详见竞争性磋商文件""}]",单云峰、张娣、丁健,0.2,大连建发工程建设管理咨询有限公司,,,,
中华人民共和国打洛海关打洛海关消除安全隐患综合维修改造项目成交公告,成交公告,GCJH532800202606110001,2026年09月09日 10:59,勐海县,中华人民共和国打洛海关,云南省西双版纳傣族自治州勐海县勐海镇南海巷7号,13608788137,勐海县海民招标代理有限公司,云南省西双版纳傣族自治州勐海县勐海镇双塔国际五楼F3-513号,15393818333,岩三,15393818333,中标结果公告（全国招投标网）.pdf,"[{""attach_name"": ""中标结果公告（全国招投标网）.pdf"", ""attach_url"": ""https://download.ccgp.gov.cn/oss/download?uuid=817602ED64AB0DFFBF88C42400CA79""}]",https://www.ccgp.gov.cn/cggg/zygg/cjgg/202609/t20260909_27293402.htm,2026-09-10 09:35:12,一、项目编号：GCJH532800202606110001（招标文件编号：GC532800202600094001001） 二、项目名称：打洛海关消除安全隐患综合维修改造项目 三、中标（成交）信息 供应商名称：云南惠滇建设工程有限公司供应商地址：云南省昆明市五华区小康大道红云街道办事处德润朗悦湾17栋1609-1611号中标（成交）金额：291.9355500（万元）四、主要标的信息 序号    供应商名称       工程名称       施工范围       施工工期       项目经理       执业证书   1    云南惠滇建设工程有限公司      打洛海关消除安全隐患综合维修改造项目      拆除工程、加固工程、建筑及装修工程、给排水及消防工程、电气及照明工程、弱电工程等，维修改造总面积为1124平方米。（招标规模应根据《建筑业企业资质标准》中从业标准，包括招标项目面积、高度、跨度、金额等内容的详细说明）      80日历天      杨水艳      云建安（2023）0048466                 五、评审专家（单一来源采购人员）名单： 赵举兴、付春华、周良、浦理琴、张海英 六、代理服务收费标准及金额： 本项目代理费收费标准：代理服务费由成交供应商在领取成交通知书前一次性支付，采购代理机构参照云建招协〔2026〕11号文的收费标准，以成交价为基准价向成交供应商收取代理服务费。 本项目代理费总金额：3.000000 万元（人民币） 七、公告期限 自本公告发布之日起1个工作日。 八、其它补充事宜 九、凡对本次公告内容提出询问，请按以下方式联系。 1.采购人信息 名 称：中华人民共和国打洛海关 地址：云南省西双版纳傣族自治州勐海县勐海镇南海巷7号 联系方式：13608788137 2.采购代理机构信息 名 称：勐海县海民招标代理有限公司 地 址：云南省西双版纳傣族自治州勐海县勐海镇双塔国际五楼F3-513号 联系方式：15393818333 3.项目联系方式 项目联系人：岩三 电 话： 15393818333,工程建设,,中国政府采购网,,,,,,291.93555,"[{""序号"": ""1"", ""供应商名称"": ""云南惠滇建设工程有限公司"", ""工程名称"": ""打洛海关消除安全隐患综合维修改造项目"", ""施工范围"": ""拆除工程、加固工程、建筑及装修工程、给排水及消防工程、电气及照明工程、弱电工程等，维修改造总面积为1124平方米。（招标规模应根据《建筑业企业资质标准》中从业标准，包括招标项目面积、高度、跨度、金额等内容的详细说明）"", ""施工工期"": ""80日历天"", ""项目经理"": ""杨水艳"", ""执业证书"": ""云建安（2023）0048466""}]",赵举兴、付春华、周良、浦理琴、张海英,3.0,云南惠滇建设工程有限公司,,,,
乐山市消防救援支队营区监控系统升级改造项目成交公告,成交公告,SCYSZC,2026年09月09日 10:54,乐山市,乐山市消防救援支队,乐山市市中区肖坝路119号,孙老师 0833-2445119,四川昀思工程管理有限公司,乐山市市中区嘉兴路678号,郭老师 0833-2608686,郭老师,0833-2608686,"评审情况（监控系统升级）.pdf,规格型号.pdf","[{""attach_name"": ""评审情况（监控系统升级）.pdf"", ""attach_url"": ""https://download.ccgp.gov.cn/oss/download?uuid=3F24FD05CE7DB726F631810BBF8497""}, {""attach_name"": ""规格型号.pdf"", ""attach_url"": ""https://download.ccgp.gov.cn/oss/download?uuid=600BAC17A1EC9A40A289C97208512E""}]",https://www.ccgp.gov.cn/cggg/zygg/cjgg/202609/t20260909_27293372.htm,2026-09-10 09:35:12,一、项目编号：SCYSZC（2026）53号（招标文件编号：SCYSZC（2026）53号） 二、项目名称：乐山市消防救援支队营区监控系统升级改造项目 三、中标（成交）信息 供应商名称：中国移动通信集团四川有限公司乐山分公司供应商地址：四川省乐山高新区茶山路259号中标（成交）金额：14.2983750（万元）四、主要标的信息 序号    供应商名称      货物名称      货物品牌      货物型号      货物数量      货物单价(元)   1    中国移动通信集团四川有限公司乐山分公司      详见附件。      详见附件。      详见附件。      详见附件。      详见附件。                 五、评审专家（单一来源采购人员）名单： 姚晨、胡章林、曾晨曦（采购人代表） 六、代理服务收费标准及金额： 本项目代理费收费标准：本项目采购代理服务费以成交金额作为代理服务费收费基数，根据国家计委“计价格[2002]1980号”和国家发改委“发改办价格[2003]857号”“发改价格[2011]534号”规定取费标准下浮 10% 收取。 本项目代理费总金额：0.193000 万元（人民币） 七、公告期限 自本公告发布之日起1个工作日。 八、其它补充事宜 / 九、凡对本次公告内容提出询问，请按以下方式联系。 1.采购人信息 名 称：乐山市消防救援支队 地址：乐山市市中区肖坝路119号 联系方式：孙老师 0833-2445119 2.采购代理机构信息 名 称：四川昀思工程管理有限公司 地 址：乐山市市中区嘉兴路678号 联系方式：郭老师 0833-2608686 3.项目联系方式 项目联系人：郭老师 电 话： 0833-2608686,公共安全,,中国政府采购网,,,,,,14.298375,"[{""序号"": ""1"", ""供应商名称"": ""中国移动通信集团四川有限公司乐山分公司"", ""货物名称"": ""详见附件。"", ""货物品牌"": ""详见附件。"", ""货物型号"": ""详见附件。"", ""货物数量"": ""详见附件。"", ""货物单价(元)"": ""详见附件。""}]",姚晨、胡章林、曾晨曦（采购人代表）,0.193,中国移动通信集团四川有限公司乐山分公司,,,,
沧州市消防救援支队2026年度机关物业服务采购项目成交公告,成交公告,HJZB-2026-029,2026年09月09日 10:52,市辖区,沧州市消防救援支队,沧州市运河区求是北大道2号,张巍  0317-5636657,河北华景通泰工程项目管理有限公司,沧州市运河区解放西路颐和大厦1601室,韩工  0317-5298566,张巍,0317-5636657,,,https://www.ccgp.gov.cn/cggg/zygg/cjgg/202609/t20260909_27293351.htm,2026-09-10 09:35:13,一、项目编号：HJZB-2026-029（招标文件编号：HJZB-2026-029） 二、项目名称：沧州市消防救援支队2026年度机关物业服务采购项目 三、中标（成交）信息 供应商名称：沧州邦庆物业管理有限公司供应商地址：河北省沧州市运河区宏宇城A区11 号一单元603 室中标（成交）金额：89.1000000（万元）四、主要标的信息 序号    供应商名称      服务名称      服务范围      服务要求      服务时间      服务标准   1    沧州邦庆物业管理有限公司      沧州市消防救援支队2026年度机关物业服务采购项目      详见文件      详见文件      一年（2026年10月31日至2027年10月30日止）      详见文件                 五、评审专家（单一来源采购人员）名单： 赵巧萍、魏月梅、孙硕（采购人代表） 六、代理服务收费标准及金额： 本项目代理费收费标准：以成交金额为基数，参考国家发展计划委员会颁发的计价格[2002]1980 号附件《招标代理服务收费管理暂行办法》规定的差额定率累进法及发改价格[2011]534 号文的80%计算。该代理服务费在成交供应商领取成交通知书前一次性支付。 本项目代理费总金额：1.069200 万元（人民币） 七、公告期限 自本公告发布之日起1个工作日。 八、其它补充事宜 无 九、凡对本次公告内容提出询问，请按以下方式联系。 1.采购人信息 名 称：沧州市消防救援支队 地址：沧州市运河区求是北大道2号 联系方式：张巍 0317-5636657 2.采购代理机构信息 名 称：河北华景通泰工程项目管理有限公司 地 址：沧州市运河区解放西路颐和大厦1601室 联系方式：韩工 0317-5298566 3.项目联系方式 项目联系人：张巍 电 话： 0317-5636657,公共安全,,中国政府采购网,,,,,,89.1,"[{""序号"": ""1"", ""供应商名称"": ""沧州邦庆物业管理有限公司"", ""服务名称"": ""沧州市消防救援支队2026年度机关物业服务采购项目"", ""服务范围"": ""详见文件"", ""服务要求"": ""详见文件"", ""服务时间"": ""一年（2026年10月31日至2027年10月30日止）"", ""服务标准"": ""详见文件""}]",赵巧萍、魏月梅、孙硕（采购人代表）,1.0692,沧州邦庆物业管理有限公司,,,,
国家卫生健康委员会机关第二届医学高层次人才计划项目评审技术支持成交公告,成交公告,CFTC-BJ01-2607045,2026年09月09日 10:49,北京市,国家卫生健康委员会机关,北京市西城区西直门外南路一号,郑老师   010-68791085,国金招标有限公司,北京市朝阳区东三环南路甲52号顺迈金钻国际商务中心9层9C,段嘉磊、谢丹丹、边璐、张含勇 13521749581,段嘉磊、谢丹丹、边璐、张含勇,13521749581,发售稿-第二届医学高层次人才计划项目评审技术支持.pdf,"[{""attach_name"": ""发售稿-第二届医学高层次人才计划项目评审技术支持.pdf"", ""attach_url"": ""https://download.ccgp.gov.cn/oss/download?uuid=54FD7EF09F634DD3C921A554B67CBE""}]",https://www.ccgp.gov.cn/cggg/zygg/cjgg/202609/t20260909_27293297.htm,2026-09-10 09:35:13,一、项目编号：CFTC-BJ01-2607045（招标文件编号：CFTC-BJ01-2607045） 二、项目名称：第二届医学高层次人才计划项目评审技术支持 三、中标（成交）信息 供应商名称：赛尔网络有限公司供应商地址：北京市海淀区中关村东路1号院清华科技园8号楼B座赛尔大厦中标（成交）金额：44.2000000（万元）四、主要标的信息 序号    供应商名称      服务名称      服务范围      服务要求      服务时间      服务标准   1    赛尔网络有限公司      第二届医学高层次人才计划项目评审技术支持      详见单一来源采购文件      详见单一来源采购文件      详见单一来源采购文件      详见单一来源采购文件                 五、评审专家（单一来源采购人员）名单： 王贺一、董仓荣、贡冬菊 六、代理服务收费标准及金额： 本项目代理费收费标准：详见单一来源采购文件 本项目代理费总金额：0.684000 万元（人民币） 七、公告期限 自本公告发布之日起1个工作日。 八、其它补充事宜 本公告在中国政府采购网上发布。 九、凡对本次公告内容提出询问，请按以下方式联系。 1.采购人信息 名 称：国家卫生健康委员会机关 地址：北京市西城区西直门外南路一号 联系方式：郑老师 010-68791085 2.采购代理机构信息 名 称：国金招标有限公司 地 址：北京市朝阳区东三环南路甲52号顺迈金钻国际商务中心9层9C 联系方式：段嘉磊、谢丹丹、边璐、张含勇 13521749581 3.项目联系方式 项目联系人：段嘉磊、谢丹丹、边璐、张含勇 电 话： 13521749581,医疗卫生,,中国政府采购网,,,,,,44.2,"[{""序号"": ""1"", ""供应商名称"": ""赛尔网络有限公司"", ""服务名称"": ""第二届医学高层次人才计划项目评审技术支持"", ""服务范围"": ""详见单一来源采购文件"", ""服务要求"": ""详见单一来源采购文件"", ""服务时间"": ""详见单一来源采购文件"", ""服务标准"": ""详见单一来源采购文件""}]",王贺一、董仓荣、贡冬菊,0.684,赛尔网络有限公司,,,,
国家卫生健康委员会机关第二届医学高层次人才计划项目评审成交公告,成交公告,CFTC-BJ01-2607044,2026年09月09日 10:49,北京市,国家卫生健康委员会机关,北京市西城区西直门外南路一号,郑老师   010-68791085,国金招标有限公司,北京市朝阳区东三环南路甲52号顺迈金钻国际商务中心9层9C,段嘉磊、谢丹丹、边璐、张含勇 13521749581,段嘉磊、谢丹丹、边璐、张含勇,13521749581,发售稿--第二届医学高层次人才计划项目评审.pdf,"[{""attach_name"": ""发售稿--第二届医学高层次人才计划项目评审.pdf"", ""attach_url"": ""https://download.ccgp.gov.cn/oss/download?uuid=5FF5132409089FB234164900450C1B""}]",https://www.ccgp.gov.cn/cggg/zygg/cjgg/202609/t20260909_27293295.htm,2026-09-10 09:35:14,一、项目编号：CFTC-BJ01-2607044（招标文件编号：CFTC-BJ01-2607044） 二、项目名称：第二届医学高层次人才计划项目评审 三、中标（成交）信息 供应商名称：国家卫生健康委人才交流服务中心供应商地址：北京市海淀区火器营路3号中标（成交）金额：34.2000000（万元）四、主要标的信息 序号    供应商名称      服务名称      服务范围      服务要求      服务时间      服务标准   1    国家卫生健康委人才交流服务中心      第二届医学高层次人才计划项目评审      详见单一来源采购文件      详见单一来源采购文件      详见单一来源采购文件      详见单一来源采购文件                 五、评审专家（单一来源采购人员）名单： 王贺一、董仓荣、贡冬菊 六、代理服务收费标准及金额： 本项目代理费收费标准：详见单一来源采购文件 本项目代理费总金额：0.513000 万元（人民币） 七、公告期限 自本公告发布之日起1个工作日。 八、其它补充事宜 本公告在中国政府采购网上发布。 九、凡对本次公告内容提出询问，请按以下方式联系。 1.采购人信息 名 称：国家卫生健康委员会机关 地址：北京市西城区西直门外南路一号 联系方式：郑老师 010-68791085 2.采购代理机构信息 名 称：国金招标有限公司 地 址：北京市朝阳区东三环南路甲52号顺迈金钻国际商务中心9层9C 联系方式：段嘉磊、谢丹丹、边璐、张含勇 13521749581 3.项目联系方式 项目联系人：段嘉磊、谢丹丹、边璐、张含勇 电 话： 13521749581,医疗卫生,,中国政府采购网,,,,,,34.2,"[{""序号"": ""1"", ""供应商名称"": ""国家卫生健康委人才交流服务中心"", ""服务名称"": ""第二届医学高层次人才计划项目评审"", ""服务范围"": ""详见单一来源采购文件"", ""服务要求"": ""详见单一来源采购文件"", ""服务时间"": ""详见单一来源采购文件"", ""服务标准"": ""详见单一来源采购文件""}]",王贺一、董仓荣、贡冬菊,0.513,国家卫生健康委人才交流服务中心,,,,
中国科学院海洋研究所声学释放器及甲板单元采购项目成交公告,成交公告,QDYN-2026-124,2026年09月09日 10:43,青岛市,中国科学院海洋研究所,青岛市西海岸新区海军路88号,王家栋13678882347,青岛一诺项目咨询管理有限公司,青岛市市北区辽阳西路567号浮山国际1号楼911室,丁鑫、18753288591,丁鑫,18753288591,声学释放器及甲板单元采购项目-定稿版.pdf,"[{""attach_name"": ""声学释放器及甲板单元采购项目-定稿版.pdf"", ""attach_url"": ""https://download.ccgp.gov.cn/oss/download?uuid=B1B443E37083DD2EC950D0A42D557F""}]",https://www.ccgp.gov.cn/cggg/zygg/cjgg/202609/t20260909_27293244.htm,2026-09-10 09:35:15,一、项目编号：QDYN-2026-124（招标文件编号：QDYN-2026-124） 二、项目名称：声学释放器及甲板单元采购项目 三、中标（成交）信息 供应商名称：北京澜海通科技有限公司供应商地址：北京市朝阳区曙光西里甲 5 号院凤凰置地广场16 号楼A座 21 层 2103A中标（成交）金额：71.0000000（万元）四、主要标的信息 序号    供应商名称      货物名称      货物品牌      货物型号      货物数量      货物单价(元)   1    北京澜海通科技有限公司      声学释放器、声学释放器甲板单元      EDGE TECH 、EDGE TECH      8242XS、8011M      2对、1套      284000、142000                 五、评审专家（单一来源采购人员）名单： 曹正梅、姜辉、吴佳佳 六、代理服务收费标准及金额： 本项目代理费收费标准：详见文件 本项目代理费总金额：0.852000 万元（人民币） 七、公告期限 自本公告发布之日起1个工作日。 八、其它补充事宜 九、凡对本次公告内容提出询问，请按以下方式联系。 1.采购人信息 名 称：中国科学院海洋研究所 地址：青岛市西海岸新区海军路88号 联系方式：王家栋13678882347 2.采购代理机构信息 名 称：青岛一诺项目咨询管理有限公司 地 址：青岛市市北区辽阳西路567号浮山国际1号楼911室 联系方式：丁鑫、18753288591 3.项目联系方式 项目联系人：丁鑫 电 话： 18753288591,教育培训,,中国政府采购网,,,,,,71.0,"[{""序号"": ""1"", ""供应商名称"": ""北京澜海通科技有限公司"", ""货物名称"": ""声学释放器、声学释放器甲板单元"", ""货物品牌"": ""EDGE TECH 、EDGE TECH"", ""货物型号"": ""8242XS、8011M"", ""货物数量"": ""2对、1套"", ""货物单价(元)"": ""284000、142000""}]",曹正梅、姜辉、吴佳佳,0.852,北京澜海通科技有限公司,,,,
东北区域气象中心1#楼一层及中区采暖工程改造成交公告,成交公告,LNTH2026320C,2026年09月09日 10:38,辽宁省,辽宁省气象局财务核算中心,024-83862083,王茗琪,辽宁天泓工程项目管理有限公司,沈阳市和平区和平南大街20号玉麟世家B座5楼,于月、乔涛,于月、乔涛,024-23933220,"辽宁中尚   中小企业声明函.jpg,东北区域气象中心1#楼一层及中区采暖工程改造+竞争性磋商文件+8.28.doc","[{""attach_name"": ""辽宁中尚   中小企业声明函.jpg"", ""attach_url"": ""https://download.ccgp.gov.cn/oss/download?uuid=8E54E8352C1A21DE0CF5CBF87FC3E5""}, {""attach_name"": ""东北区域气象中心1#楼一层及中区采暖工程改造+竞争性磋商文件+8.28.doc"", ""attach_url"": ""https://download.ccgp.gov.cn/oss/download?uuid=B3B81096548F619775DA075CE1D4BC""}]",https://www.ccgp.gov.cn/cggg/zygg/cjgg/202609/t20260909_27293210.htm,2026-09-10 09:35:16,一、项目编号：LNTH2026320C （招标文件编号：LNTH2026320C） 二、项目名称：东北区域气象中心1#楼一层及中区采暖工程改造 三、中标（成交）信息 供应商名称：辽宁中尚建设工程有限公司供应商地址：辽宁省沈阳市铁西区兴顺街6甲2号（12门）中标（成交）金额：108.2200000（万元）四、主要标的信息 序号    供应商名称     工程名称     施工范围     施工工期     项目经理     执业证书 1    辽宁中尚建设工程有限公司    东北区域气象中心1#楼一层及中区采暖工程改造    东北区域气象中心1#楼一层及中区采暖工程改造（具体内容详见工程量清单）    自签订合同之日起45天。    郭占旺    二级建造师 辽2212023202400559               五、评审专家（单一来源采购人员）名单： 陆亮（组长）、马英丽、王茗琪（采购人代表） 六、代理服务收费标准及金额： 本项目代理费收费标准：参照国家发展计划委员会计价格【2002】1980号文件和国家发展改革委员会发改办价格【2003】857号文件的规定标准缴纳招标代理服务费。 本项目代理费总金额：1.057500 万元（人民币） 七、公告期限 自本公告发布之日起1个工作日。 八、其它补充事宜 成交供应商得分情况：辽宁中尚建设工程有限公司   得分：94.33 九、凡对本次公告内容提出询问，请按以下方式联系。 1.采购人信息 名 称：辽宁省气象局财务核算中心 地址：024-83862083 联系方式：王茗琪 2.采购代理机构信息 名 称：辽宁天泓工程项目管理有限公司 地 址：沈阳市和平区和平南大街20号玉麟世家B座5楼 联系方式：于月、乔涛 3.项目联系方式 项目联系人：于月、乔涛 电 话： 024-23933220,工程建设,,中国政府采购网,,,,,,108.22,"[{""序号"": ""1"", ""供应商名称"": ""辽宁中尚建设工程有限公司"", ""工程名称"": ""东北区域气象中心1#楼一层及中区采暖工程改造"", ""施工范围"": ""东北区域气象中心1#楼一层及中区采暖工程改造（具体内容详见工程量清单）"", ""施工工期"": ""自签订合同之日起45天。"", ""项目经理"": ""郭占旺"", ""执业证书"": ""二级建造师 辽2212023202400559""}]",陆亮（组长）、马英丽、王茗琪（采购人代表）,1.0575,辽宁中尚建设工程有限公司,,,,
东北区域气象中心配套设施空调工程改造（基础工程改造）成交公告,成交公告,LNTH2026297C,2026年09月09日 10:37,辽宁省,辽宁省气象局财务核算中心,沈阳和平区长白南路388号,王茗琪 024-83862083,辽宁天泓工程项目管理有限公司,024-23933220,于月、乔涛,王茗琪,024-83862083,"辽宁宏弘  中小企业声明函.jpg,东北区域气象中心配套设施空调工程改造（基础工程改造）   竞争性磋商文件  8.21.doc","[{""attach_name"": ""辽宁宏弘  中小企业声明函.jpg"", ""attach_url"": ""https://download.ccgp.gov.cn/oss/download?uuid=AC80E9408FD06CF851976E52A38241""}, {""attach_name"": ""东北区域气象中心配套设施空调工程改造（基础工程改造）   竞争性磋商文件  8.21.doc"", ""attach_url"": ""https://download.ccgp.gov.cn/oss/download?uuid=BEFD8B2EBC3FC078B9450FB2B59F87""}]",https://www.ccgp.gov.cn/cggg/zygg/cjgg/202609/t20260909_27293187.htm,2026-09-10 09:35:16,一、项目编号：LNTH2026297C （招标文件编号：LNTH2026297C ） 二、项目名称：东北区域气象中心配套设施空调工程改造（基础工程改造） 三、中标（成交）信息 供应商名称：辽宁宏弘建设有限公司供应商地址：辽宁省沈阳市大东区银元街19号（6-3-2）中标（成交）金额：127.8007870（万元）四、主要标的信息 序号    供应商名称     工程名称     施工范围     施工工期     项目经理     执业证书 1    辽宁宏弘建设有限公司    东北区域气象中心配套设施空调工程改造（基础工程改造）    东北区域气象中心配套设施空调工程改造（基础工程改造）（具体内容详见工程量清单）    自签订合同之日起30天。    佟超    二级建造师 辽221202094438               五、评审专家（单一来源采购人员）名单： 王开杰（组长）、赵戈、王茗琪（采购人代表） 六、代理服务收费标准及金额： 本项目代理费收费标准：参照国家发展计划委员会计价格【2002】1980号文件和国家发展改革委员会发改办价格【2003】857号文件的规定标准缴纳招标代理服务费。 本项目代理费总金额：1.194600 万元（人民币） 七、公告期限 自本公告发布之日起1个工作日。 八、其它补充事宜 成交供应商得分情况：辽宁宏弘建设有限公司    得分：86.90 九、凡对本次公告内容提出询问，请按以下方式联系。 1.采购人信息 名 称：辽宁省气象局财务核算中心 地址：沈阳和平区长白南路388号 联系方式：王茗琪 024-83862083 2.采购代理机构信息 名 称：辽宁天泓工程项目管理有限公司 地 址：024-23933220 联系方式：于月、乔涛 3.项目联系方式 项目联系人：王茗琪 电 话： 024-83862083,工程建设,,中国政府采购网,,,,,,127.800787,"[{""序号"": ""1"", ""供应商名称"": ""辽宁宏弘建设有限公司"", ""工程名称"": ""东北区域气象中心配套设施空调工程改造（基础工程改造）"", ""施工范围"": ""东北区域气象中心配套设施空调工程改造（基础工程改造）（具体内容详见工程量清单）"", ""施工工期"": ""自签订合同之日起30天。"", ""项目经理"": ""佟超"", ""执业证书"": ""二级建造师 辽221202094438""}]",王开杰（组长）、赵戈、王茗琪（采购人代表）,1.1946,辽宁宏弘建设有限公司,,,,
全国海关信息中心2026年粤港澳大湾区跨境通关车辆风险甄别模型优化迭代技术服务采购项目成交公告,成交公告,CMEETC-267FR361EE761,2026年09月09日 10:27,北京市,全国海关信息中心,北京市东城区金宝街63号710室,原野010-85193824,中国机电工程招标有限公司,北京市海淀区车公庄西路乙19号华通大厦B座南塔14层,李晓茹、李鹏飞、刘伟、张博88018616-8065、15931332841,李晓茹,88018616-8065,,,https://www.ccgp.gov.cn/cggg/zygg/cjgg/202609/t20260909_27293079.htm,2026-09-10 09:35:17,一、项目编号：CMEETC-267FR361EE761（招标文件编号：CMEETC-267FR361EE761） 二、项目名称：全国海关信息中心2026年粤港澳大湾区跨境通关车辆风险甄别模型优化迭代技术服务采购项目 三、中标（成交）信息 供应商名称：唯思科技（北京）有限公司供应商地址：北京市海淀区中关村大街18号B座17层1712室中标（成交）金额：74.8000000（万元）四、主要标的信息 序号    供应商名称      服务名称      服务范围      服务要求      服务时间      服务标准   1    唯思科技（北京）有限公司      全国海关信息中心2026年粤港澳大湾区跨境通关车辆风险甄别模型优化迭代技术服务采购项目      满足采购文件要求      满足采购文件要求      满足采购文件要求      满足采购文件要求                 五、评审专家（单一来源采购人员）名单： 徐军，赵顺强，李玄。 六、代理服务收费标准及金额： 本项目代理费收费标准：参照原国家计委关于《招标代理服务收费管理暂行办法》的通知（计价格〔2002〕1980号）的标准收取招标代理服务费 本项目代理费总金额：1.122000 万元（人民币） 七、公告期限 自本公告发布之日起1个工作日。 八、其它补充事宜 九、凡对本次公告内容提出询问，请按以下方式联系。 1.采购人信息 名 称：全国海关信息中心 地址：北京市东城区金宝街63号710室 联系方式：原野010-85193824 2.采购代理机构信息 名 称：中国机电工程招标有限公司 地 址：北京市海淀区车公庄西路乙19号华通大厦B座南塔14层 联系方式：李晓茹、李鹏飞、刘伟、张博88018616-8065、15931332841 3.项目联系方式 项目联系人：李晓茹 电 话： 88018616-8065,设备购置,,中国政府采购网,,,,,,74.8,"[{""序号"": ""1"", ""供应商名称"": ""唯思科技（北京）有限公司"", ""服务名称"": ""全国海关信息中心2026年粤港澳大湾区跨境通关车辆风险甄别模型优化迭代技术服务采购项目"", ""服务范围"": ""满足采购文件要求"", ""服务要求"": ""满足采购文件要求"", ""服务时间"": ""满足采购文件要求"", ""服务标准"": ""满足采购文件要求""}]",徐军，赵顺强，李玄。,1.122,唯思科技（北京）有限公司,,,,
北京中医药大学第三附属医院3号楼北侧停车区域改造成交公告,成交公告,HCZB2026-0809,2026年09月09日 10:25,朝阳区,北京中医药大学第三附属医院,北京市朝阳区安定门外小关街51号,010-84982013,华诚博远工程咨询有限公司,北京市丰台区吴家村路57号华诚博远设计产业园,周满堂、黄佳、来畅、王雪、李莉010-81123510、010-81123506,周满堂、黄佳、来畅、王雪、李莉,010-81123510、010-81123506,"【磋商文件】北京中医药大学第三附属医院3号楼北侧停车区域改造.pdf,中小企业声明函.pdf","[{""attach_name"": ""【磋商文件】北京中医药大学第三附属医院3号楼北侧停车区域改造.pdf"", ""attach_url"": ""https://download.ccgp.gov.cn/oss/download?uuid=523CBB2AFBFD67C9AB47BE62746D3F""}, {""attach_name"": ""中小企业声明函.pdf"", ""attach_url"": ""https://download.ccgp.gov.cn/oss/download?uuid=29124AF856E2FA66B8298890DD897F""}]",https://www.ccgp.gov.cn/cggg/zygg/cjgg/202609/t20260909_27293058.htm,2026-09-10 09:35:18,一、项目编号：HCZB2026-0809（招标文件编号：HCZB2026-0809） 二、项目名称：北京中医药大学第三附属医院3号楼北侧停车区域改造 三、中标（成交）信息 供应商名称：贝森铭筑（北京）建筑工程有限公司供应商地址：北京市平谷区南独乐河镇同乐路126号101室-0010号中标（成交）金额：17.4000000（万元）四、主要标的信息 序号    供应商名称       工程名称       施工范围       施工工期       项目经理       执业证书   1    贝森铭筑（北京）建筑工程有限公司      北京中医药大学第三附属医院3号楼北侧停车区域改造      原有旧渗水砖路面拆除、3:7灰土垫层、混凝土路面拆除新做（面积630平米）、地面锯缝、污水井雨水井拆砌修补找平、楼房滴水局部拆除新做、挡车杆拆旧做新（详见工程量清单）      项目全部建设任务计划21日历天完成（含竣工验收）      孙璐璐      一级建造师京1312013201401622                 五、评审专家（单一来源采购人员）名单： 夏玉森、缪卓卫、杜韫韬 六、代理服务收费标准及金额： 本项目代理费收费标准：按照采购文件规定计取。 本项目代理费总金额：0.500000 万元（人民币） 七、公告期限 自本公告发布之日起1个工作日。 八、其它补充事宜 成交供应商评审得分：92.33分。 九、凡对本次公告内容提出询问，请按以下方式联系。 1.采购人信息 名 称：北京中医药大学第三附属医院 地址：北京市朝阳区安定门外小关街51号 联系方式：010-84982013 2.采购代理机构信息 名 称：华诚博远工程咨询有限公司 地 址：北京市丰台区吴家村路57号华诚博远设计产业园 联系方式：周满堂、黄佳、来畅、王雪、李莉010-81123510、010-81123506 3.项目联系方式 项目联系人：周满堂、黄佳、来畅、王雪、李莉 电 话： 010-81123510、010-81123506,医疗卫生,,中国政府采购网,,,,,,17.4,"[{""序号"": ""1"", ""供应商名称"": ""贝森铭筑（北京）建筑工程有限公司"", ""工程名称"": ""北京中医药大学第三附属医院3号楼北侧停车区域改造"", ""施工范围"": ""原有旧渗水砖路面拆除、3:7灰土垫层、混凝土路面拆除新做（面积630平米）、地面锯缝、污水井雨水井拆砌修补找平、楼房滴水局部拆除新做、挡车杆拆旧做新（详见工程量清单）"", ""施工工期"": ""项目全部建设任务计划21日历天完成（含竣工验收）"", ""项目经理"": ""孙璐璐"", ""执业证书"": ""一级建造师京1312013201401622""}]",夏玉森、缪卓卫、杜韫韬,0.5,贝森铭筑（北京）建筑工程有限公司,,,,
中华人民共和国南宁出入境边防检查站2026年公务用车维修服务项目成交公告,成交公告,,2026年09月09日 10:24,江南区,中华人民共和国南宁出入境边防检查站,广西壮族自治区南宁市江南区五一路186号,徐月月       0771-2306050,详见公告正文,详见公告正文,详见公告正文,徐月月,0771-2306050,,,https://www.ccgp.gov.cn/cggg/zygg/cjgg/202609/t20260909_27293370.htm,2026-09-10 09:35:18,一、项目编号：（招标文件编号：无） 二、项目名称：中华人民共和国南宁出入境边防检查站2026年公务用车维修服务 三、中标（成交）信息 供应商名称：广西盈科汽车维修服务有限公司供应商地址：广西南宁市友谊路48-19号海王产业园2栋2跨厂房包组或产品名称：南宁出入境边防检查站2026年公务用车维修保养服务下浮率(%)：45.0000000四、主要标的信息 序号    供应商名称      服务名称      服务范围      服务要求      服务时间      服务标准   1    广西盈科汽车维修服务有限公司      中华人民共和国南宁出入境边防检查站2026年公务用车维修保养服务      包括但不限于单位大型客车、中型客车、商务车、越野车、轿车、特种车、勤务巡逻车等公务车两的汽车大修、总成修理、保养、小修和专项维修、轮胎供应、洗车、美容和其他有关汽车维修护理服务项目。      详见竞价文件      合同签订之日起1年      详见竞价文件                 五、评审专家（单一来源采购人员）名单： 王相武、苏羿畅、徐月月 六、代理服务收费标准及金额： 本项目代理费收费标准：无 本项目代理费总金额：0.000000 万元（人民币） 七、公告期限 自本公告发布之日起1个工作日。 八、其它补充事宜 九、凡对本次公告内容提出询问，请按以下方式联系。 1.采购人信息 名 称：中华人民共和国南宁出入境边防检查站 地址：广西壮族自治区南宁市江南区五一路186号 联系方式：徐月月 0771-2306050 2.项目联系方式 项目联系人：徐月月 电 话： 0771-2306050,医疗卫生,,中国政府采购网,,,,,,0.0,"[{""序号"": ""1"", ""供应商名称"": ""广西盈科汽车维修服务有限公司"", ""服务名称"": ""中华人民共和国南宁出入境边防检查站2026年公务用车维修保养服务"", ""服务范围"": ""包括但不限于单位大型客车、中型客车、商务车、越野车、轿车、特种车、勤务巡逻车等公务车两的汽车大修、总成修理、保养、小修和专项维修、轮胎供应、洗车、美容和其他有关汽车维修护理服务项目。"", ""服务要求"": ""详见竞价文件"", ""服务时间"": ""合同签订之日起1年"", ""服务标准"": ""详见竞价文件""}]",王相武、苏羿畅、徐月月,0.0,广西盈科汽车维修服务有限公司,,,,
中国极地研究中心（中国极地研究所）“雪龙”号第43次南极前修理成交公告,成交公告,PCMET-2612YC0898,2026年09月09日 10:20,上海市,中国极地研究中心（中国极地研究所）,上海市浦东新区曹路镇雪龙路1000号,丁吉斌，021-58710116,上海浦成机电设备招标有限公司,上海市浦东新区商城路618号良友大厦8楼,王志坚，021-58792595,王志坚,021-58792595,"PCMET-2612YC0898“雪龙”号第43次南极前修理.pdf,中交上海航道中小企业声明函.pdf","[{""attach_name"": ""PCMET-2612YC0898“雪龙”号第43次南极前修理.pdf"", ""attach_url"": ""https://download.ccgp.gov.cn/oss/download?uuid=D5FF4EF9D3A4F3EDC866038090BC18""}, {""attach_name"": ""中交上海航道中小企业声明函.pdf"", ""attach_url"": ""https://download.ccgp.gov.cn/oss/download?uuid=32876EB535B1B85375461B0F8EA5CB""}]",https://www.ccgp.gov.cn/cggg/zygg/cjgg/202609/t20260909_27293014.htm,2026-09-10 09:35:19,一、项目编号：PCMET-2612YC0898（招标文件编号：PCMET-2612YC0898） 二、项目名称：“雪龙”号第43次南极前修理 三、中标（成交）信息 供应商名称：中交上海航道装备工业有限公司供应商地址：上海市浦东新区江心沙路21号中标（成交）金额：87.5487000（万元）四、主要标的信息 序号    供应商名称      服务名称      服务范围      服务要求      服务时间      服务标准   1    中交上海航道装备工业有限公司      “雪龙”号第43次南极前修理      “雪龙”号第43次南极前修理，包括甲板轮机等维修项，详见技术需求。      满足采购文件要求。      20天      满足采购文件要求和国家标准。                 五、评审专家（单一来源采购人员）名单： 陈文忠、万沪广、龚洪清 六、代理服务收费标准及金额： 本项目代理费收费标准：按照6000元收取。 本项目代理费总金额：0.600000 万元（人民币） 七、公告期限 自本公告发布之日起1个工作日。 八、其它补充事宜 本项目采购形式为竞争性磋商，采用综合评分法，经评审委员会综合评审，中交上海航道装备工业有限公司汇总平均得分96.18，排名第一，推荐为成交候选人。如对本次结果有异议，请于结果公布期限届满之日起7个工作日内以书面形式向上海浦成机电设备招标有限公司（上海市浦东新区商城路618号良友大厦8楼，王志坚，电话：021-58792595）提出质疑。 九、凡对本次公告内容提出询问，请按以下方式联系。 1.采购人信息 名 称：中国极地研究中心（中国极地研究所） 地址：上海市浦东新区曹路镇雪龙路1000号 联系方式：丁吉斌，021-58710116 2.采购代理机构信息 名 称：上海浦成机电设备招标有限公司 地 址：上海市浦东新区商城路618号良友大厦8楼 联系方式：王志坚，021-58792595 3.项目联系方式 项目联系人：王志坚 电 话： 021-58792595,市政交通,,中国政府采购网,,,,,,87.5487,"[{""序号"": ""1"", ""供应商名称"": ""中交上海航道装备工业有限公司"", ""服务名称"": ""“雪龙”号第43次南极前修理"", ""服务范围"": ""“雪龙”号第43次南极前修理，包括甲板轮机等维修项，详见技术需求。"", ""服务要求"": ""满足采购文件要求。"", ""服务时间"": ""20天"", ""服务标准"": ""满足采购文件要求和国家标准。""}]",陈文忠、万沪广、龚洪清,0.6,中交上海航道装备工业有限公司,,,,
中国人民警察大学（广州）8号楼4间多功能教室改造项目-工程部分（三次）成交公告,成交公告,HXGZ202607B68,2026年09月09日 10:17,广州市,中国人民警察大学,广州市天河区奥体南路399号,李助理 020-82335351,广东华信招标有限公司,广州市天河区天河北路618号A栋11楼,杨工 020-87564924,杨工,020-87564924,"中小企业声明函.pdf,竞价文件（定稿08.24）-中国人民警察大学（广州）8号楼4间多功能教室改造项目-工程部分（三次）.docx","[{""attach_name"": ""中小企业声明函.pdf"", ""attach_url"": ""https://download.ccgp.gov.cn/oss/download?uuid=5C49CC967A5E28E3E74397E3D40954""}, {""attach_name"": ""竞价文件（定稿08.24）-中国人民警察大学（广州）8号楼4间多功能教室改造项目-工程部分（三次）.docx"", ""attach_url"": ""https://download.ccgp.gov.cn/oss/download?uuid=57877680308B29963DF7DD8B88E033""}]",https://www.ccgp.gov.cn/cggg/zygg/cjgg/202609/t20260909_27292968.htm,2026-09-10 09:35:20,一、项目编号：HXGZ202607B68（招标文件编号：HXGZ202607B68） 二、项目名称：中国人民警察大学（广州）8号楼4间多功能教室改造项目-工程部分（三次） 三、中标（成交）信息 供应商名称：广州辰希声学工程有限公司供应商地址：广州市天河区沙太南路770号103铺中标（成交）金额：14.4650000（万元）四、主要标的信息 序号    供应商名称       工程名称       施工范围       施工工期       项目经理       执业证书   1    广州辰希声学工程有限公司      中国人民警察大学（广州）8号楼4间多功能教室改造项目-工程部分（三次）      详见竞价文件      合同签订后，接到采购人书面开工通知后20个日历天内完工      杨永霞      粤2442024202407907； 粤建安B （2024）0088927                 五、评审专家（单一来源采购人员）名单： 陈德玉（组长）、黎志祥、蔡宇杰 六、代理服务收费标准及金额： 本项目代理费收费标准：招标代理机构向成交供应商收取代理服务费。 本项目代理费总金额：0.413450 万元（人民币） 七、公告期限 自本公告发布之日起1个工作日。 八、其它补充事宜 序号 供应商 是否通过资格性、符合性审查 竞价报价 （元） 推荐排名 1 广州辰希声学工程有限公司 是 144650.00元 1 2 深圳市中筑营造建设工程有限公司 是 144860.00元 2 3 深圳市益信建设工程有限公司 是 145780.00元 3 4 深圳市中筑通建设工程有限公司 是 146647.00元 4 5 深圳鸿致建设集团有限公司 是 148484.00元 5   九、凡对本次公告内容提出询问，请按以下方式联系。 1.采购人信息 名 称：中国人民警察大学 地址：广州市天河区奥体南路399号 联系方式：李助理 020-82335351 2.采购代理机构信息 名 称：广东华信招标有限公司 地 址：广州市天河区天河北路618号A栋11楼 联系方式：杨工 020-87564924 3.项目联系方式 项目联系人：杨工 电 话： 020-87564924,教育培训,,中国政府采购网,,,,,,14.465,"[{""序号"": ""1"", ""供应商名称"": ""广州辰希声学工程有限公司"", ""工程名称"": ""中国人民警察大学（广州）8号楼4间多功能教室改造项目-工程部分（三次）"", ""施工范围"": ""详见竞价文件"", ""施工工期"": ""合同签订后，接到采购人书面开工通知后20个日历天内完工"", ""项目经理"": ""杨永霞"", ""执业证书"": ""粤2442024202407907；\t\t\t粤建安B （2024）0088927""}, {""序号"": ""1"", ""供应商"": ""广州辰希声学工程有限公司"", ""是否通过资格性、符合性审查"": ""是"", ""竞价报价\t\t\t（元）"": ""144650.00元"", ""推荐排名"": ""1""}, {""序号"": ""2"", ""供应商"": ""深圳市中筑营造建设工程有限公司"", ""是否通过资格性、符合性审查"": ""是"", ""竞价报价\t\t\t（元）"": ""144860.00元"", ""推荐排名"": ""2""}, {""序号"": ""3"", ""供应商"": ""深圳市益信建设工程有限公司"", ""是否通过资格性、符合性审查"": ""是"", ""竞价报价\t\t\t（元）"": ""145780.00元"", ""推荐排名"": ""3""}, {""序号"": ""4"", ""供应商"": ""深圳市中筑通建设工程有限公司"", ""是否通过资格性、符合性审查"": ""是"", ""竞价报价\t\t\t（元）"": ""146647.00元"", ""推荐排名"": ""4""}, {""序号"": ""5"", ""供应商"": ""深圳鸿致建设集团有限公司"", ""是否通过资格性、符合性审查"": ""是"", ""竞价报价\t\t\t（元）"": ""148484.00元"", ""推荐排名"": ""5""}]",陈德玉（组长）、黎志祥、蔡宇杰,0.41345,广州辰希声学工程有限公司、深圳市中筑营造建设工程有限公司、深圳市益信建设工程有限公司、深圳市中筑通建设工程有限公司、深圳鸿致建设集团有限公司,,,,
中华人民共和国爱店出入境边防检查站爱店营区厨房装修改造项目成交公告,成交公告,GXJJ08202601-35,2026年09月09日 10:15,宁明县,中华人民共和国爱店出入境边防检查站,崇左市宁明县城中镇希望路1号,黄警官0771-6606022,广西建基项目管理顾问有限公司,广西建基项目管理顾问有限公司（嘉苑小区北区J-05号）,潘工18177172990,潘工,18177172990,"中华人民共和国爱店出入境边防检查站爱店营区厨房装修改造项目竞争性磋商文件——正式稿.pdf,中小企业声明函.pdf,最终磋商报价表.pdf","[{""attach_name"": ""中华人民共和国爱店出入境边防检查站爱店营区厨房装修改造项目竞争性磋商文件——正式稿.pdf"", ""attach_url"": ""https://download.ccgp.gov.cn/oss/download?uuid=25927D7360B6A8B68252FFFC758F03""}, {""attach_name"": ""中小企业声明函.pdf"", ""attach_url"": ""https://download.ccgp.gov.cn/oss/download?uuid=B6B7B247DB668FA677F8E875247324""}, {""attach_name"": ""最终磋商报价表.pdf"", ""attach_url"": ""https://download.ccgp.gov.cn/oss/download?uuid=108D9D50074D256416EE87DD4E3265""}]",https://www.ccgp.gov.cn/cggg/zygg/cjgg/202609/t20260909_27292946.htm,2026-09-10 09:35:20,一、项目编号：GXJJ08202601-35（招标文件编号：GXJJ08202601-35） 二、项目名称：中华人民共和国爱店出入境边防检查站爱店营区厨房装修改造项目 三、中标（成交）信息 供应商名称：广西骏迈建设工程有限公司供应商地址：崇左市宁明县城中镇沿江路9号中标（成交）金额：59.2101890（万元）四、主要标的信息 序号    供应商名称       工程名称       施工范围       施工工期       项目经理       执业证书   1    广西骏迈建设工程有限公司      中华人民共和国爱店出入境边防检查站爱店营区厨房装修改造项目      中华人民共和国爱店出入境边防检查站爱店营区厨房装修改造项目，其项目建筑层数为地上2层，建筑高度为8.80米，总建筑面积为360.51㎡，占地面积为180.82㎡，包括：场地土方及基坑工程、建筑装饰装修工程、拆除工程，如需进一步了解详细内容，详见工程量清单及图纸。      60个日历天。      阮钰婷      桂245161653648                 五、评审专家（单一来源采购人员）名单： 甘雪萍、韦丽芬、唐慧强 六、代理服务收费标准及金额： 本项目代理费收费标准：根据与采购人的代理协议约定，采购代理服务费由成交供应商向采购代理机构支付，采购代理服务费以成交金额作为收费的计算基数，收取标准为百分之一；支付方式为成交供应商在发布成交公告之日起3日内，向采购代理机构支付。 本项目代理费总金额：0.592100 万元（人民币） 七、公告期限 自本公告发布之日起1个工作日。 八、其它补充事宜 1、网上查询地址：中国政府采购网(www.ccgp.gov.cn)、中国采购与招标网（http://www.chinabidding.com.cn）。2、成交供应商评审总得分：89.67分。 九、凡对本次公告内容提出询问，请按以下方式联系。 1.采购人信息 名 称：中华人民共和国爱店出入境边防检查站 地址：崇左市宁明县城中镇希望路1号 联系方式：黄警官0771-6606022 2.采购代理机构信息 名 称：广西建基项目管理顾问有限公司 地 址：广西建基项目管理顾问有限公司（嘉苑小区北区J-05号） 联系方式：潘工18177172990 3.项目联系方式 项目联系人：潘工 电 话： 18177172990,工程建设,,中国政府采购网,,,,,,59.210189,"[{""序号"": ""1"", ""供应商名称"": ""广西骏迈建设工程有限公司"", ""工程名称"": ""中华人民共和国爱店出入境边防检查站爱店营区厨房装修改造项目"", ""施工范围"": ""中华人民共和国爱店出入境边防检查站爱店营区厨房装修改造项目，其项目建筑层数为地上2层，建筑高度为8.80米，总建筑面积为360.51㎡，占地面积为180.82㎡，包括：场地土方及基坑工程、建筑装饰装修工程、拆除工程，如需进一步了解详细内容，详见工程量清单及图纸。"", ""施工工期"": ""60个日历天。"", ""项目经理"": ""阮钰婷"", ""执业证书"": ""桂245161653648""}]",甘雪萍、韦丽芬、唐慧强,0.5921,广西骏迈建设工程有限公司,,,,
中央财经大学公开引入食堂原材料入围供应商采购项目04包（三次）成交公告,成交公告,FW-2026008-XH,2026年09月09日 10:02,北京市,中央财经大学,北京市海淀区学院南路39号,常老师，齐老师 010-62289113,新华招标有限公司,北京市海淀区莲花池东路39号西金大厦八层,张际阳010-63905975、孟雨、张凯 010-63905861 zk@xhtc.com.cn,张际阳,010-63905975,"发布稿-FW-2026008-XH-中央财经大学公开引入食堂原材料入围供应商采购项目04包（三次）.pdf,中小企业声明函.zip,成交公告-中央财经大学公开引入食堂原材料入围供应商采购项目04包（三次）成交公告.pdf","[{""attach_name"": ""发布稿-FW-2026008-XH-中央财经大学公开引入食堂原材料入围供应商采购项目04包（三次）.pdf"", ""attach_url"": ""https://download.ccgp.gov.cn/oss/download?uuid=F3E1BC3CC895F8126452B3166782C0""}, {""attach_name"": ""中小企业声明函.zip"", ""attach_url"": ""https://download.ccgp.gov.cn/oss/download?uuid=F231824388804176B1E7D9C7D2DCD9""}, {""attach_name"": ""成交公告-中央财经大学公开引入食堂原材料入围供应商采购项目04包（三次）成交公告.pdf"", ""attach_url"": ""https://download.ccgp.gov.cn/oss/download?uuid=B8C45149C5B54E912095FC73684B51""}]",https://www.ccgp.gov.cn/cggg/zygg/cjgg/202609/t20260909_27292857.htm,2026-09-10 09:35:21,一、项目编号：FW-2026008-XH（招标文件编号：FW-2026008-XH） 二、项目名称：中央财经大学公开引入食堂原材料入围供应商采购项目04包（三次） 三、中标（成交）信息 供应商名称：北京农家庄园食品集团有限公司供应商地址：北京市昌平区流村镇振兴路3号包组或产品名称：04禽蛋类折扣率(%)：94.0000000 供应商名称：领鲜供应链科技有限公司供应商地址：北京市朝阳区八里庄西里100号15层西区1503包组或产品名称：04禽蛋类折扣率(%)：94.0000000 供应商名称：北京振隆金源农产品集团有限公司供应商地址：北京市昌平区流村镇南雁路流村段52号及南雁路52号院水屯农副产品批发市场鸡蛋区7号包组或产品名称：04禽蛋类折扣率(%)：93.0000000四、主要标的信息 序号    供应商名称      服务名称      服务范围      服务要求      服务时间      服务标准   1    北京农家庄园食品集团有限公司      04包禽蛋类      具体详见采购需求      食堂原材料供货，具体详见采购需求      入围服务期限共计叁年。合同一年一签，具体详见采购需求      参照项目验收标准，详见采购文件第四章采购需求                 序号    供应商名称      服务名称      服务范围      服务要求      服务时间      服务标准   2    领鲜供应链科技有限公司      04包禽蛋类      具体详见采购需求      食堂原材料供货，具体详见采购需求      入围服务期限共计叁年。合同一年一签，具体详见采购需求      参照项目验收标准，详见采购文件第四章采购需求                 序号    供应商名称      服务名称      服务范围      服务要求      服务时间      服务标准   3    北京振隆金源农产品集团有限公司      04包禽蛋类      具体详见采购需求      食堂原材料供货，具体详见采购需求      入围服务期限共计叁年。合同一年一签，具体详见采购需求      参照项目验收标准，详见采购文件第四章采购需求                 五、评审专家（单一来源采购人员）名单： 孙翠萍、吴文斌、贾敬清、吴丹阳、李金星、孙晓燕、张金霞 六、代理服务收费标准及金额： 本项目代理费收费标准：固定取费，每家入围供应商固定金额2000元 本项目代理费总金额：0.600000 万元（人民币） 七、公告期限 自本公告发布之日起1个工作日。 八、其它补充事宜 入围供应商综合得分：04包第一名：93.70分第二名：91.98分第三名：91.57分本公告仅在中国政府采购网和中央财经大学官网上发布。受格式所限，如有不一致，以附件为准。 九、凡对本次公告内容提出询问，请按以下方式联系。 1.采购人信息 名 称：中央财经大学 地址：北京市海淀区学院南路39号 联系方式：常老师，齐老师 010-62289113 2.采购代理机构信息 名 称：新华招标有限公司 地 址：北京市海淀区莲花池东路39号西金大厦八层 联系方式：张际阳010-63905975、孟雨、张凯 010-63905861 zk@xhtc.com.cn 3.项目联系方式 项目联系人：张际阳 电 话： 010-63905975,教育培训,,中国政府采购网,,,,,,0.0,"[{""序号"": ""1"", ""供应商名称"": ""北京农家庄园食品集团有限公司"", ""服务名称"": ""04包禽蛋类"", ""服务范围"": ""具体详见采购需求"", ""服务要求"": ""食堂原材料供货，具体详见采购需求"", ""服务时间"": ""入围服务期限共计叁年。合同一年一签，具体详见采购需求"", ""服务标准"": ""参照项目验收标准，详见采购文件第四章采购需求""}, {""序号"": ""序号"", ""供应商名称"": ""供应商名称"", ""服务名称"": ""服务名称"", ""服务范围"": ""服务范围"", ""服务要求"": ""服务要求"", ""服务时间"": ""服务时间"", ""服务标准"": ""服务标准""}, {""序号"": ""2"", ""供应商名称"": ""领鲜供应链科技有限公司"", ""服务名称"": ""04包禽蛋类"", ""服务范围"": ""具体详见采购需求"", ""服务要求"": ""食堂原材料供货，具体详见采购需求"", ""服务时间"": ""入围服务期限共计叁年。合同一年一签，具体详见采购需求"", ""服务标准"": ""参照项目验收标准，详见采购文件第四章采购需求""}, {""序号"": ""序号"", ""供应商名称"": ""供应商名称"", ""服务名称"": ""服务名称"", ""服务范围"": ""服务范围"", ""服务要求"": ""服务要求"", ""服务时间"": ""服务时间"", ""服务标准"": ""服务标准""}, {""序号"": ""3"", ""供应商名称"": ""北京振隆金源农产品集团有限公司"", ""服务名称"": ""04包禽蛋类"", ""服务范围"": ""具体详见采购需求"", ""服务要求"": ""食堂原材料供货，具体详见采购需求"", ""服务时间"": ""入围服务期限共计叁年。合同一年一签，具体详见采购需求"", ""服务标准"": ""参照项目验收标准，详见采购文件第四章采购需求""}]",孙翠萍、吴文斌、贾敬清、吴丹阳、李金星、孙晓燕、张金霞,0.6,北京农家庄园食品集团有限公司、供应商名称、领鲜供应链科技有限公司、北京振隆金源农产品集团有限公司,,,,
辐射探测计量校准项目成交公告,成交公告,SYZB20260629,2026年09月09日 09:52,上海市,中华人民共和国上海海关,浦东新区陆家嘴西路153号,郭老师/13671712090,上海申诣建设咨询有限公司,上海市静安区长安路1001号长安大厦（办公楼）1号楼20层,李文婷17855530732,李文婷,17855530732,"（定稿）-辐射探测计量校准项目竞争性磋商文件.pdf,中小企业声明函.pdf","[{""attach_name"": ""（定稿）-辐射探测计量校准项目竞争性磋商文件.pdf"", ""attach_url"": ""https://download.ccgp.gov.cn/oss/download?uuid=5A3A99A33712775F90471F83B2FC9F""}, {""attach_name"": ""中小企业声明函.pdf"", ""attach_url"": ""https://download.ccgp.gov.cn/oss/download?uuid=502B72537E4730AE05CD85626DE8EC""}]",https://www.ccgp.gov.cn/cggg/zygg/cjgg/202609/t20260909_27292786.htm,2026-09-10 09:35:21,一、项目编号：SYZB20260629（招标文件编号：SYZB20260629） 二、项目名称：辐射探测计量校准项目 三、中标（成交）信息 供应商名称：中检计量有限公司供应商地址：北京市朝阳区西坝河东里18号7层18-2-2内705中标（成交）金额：39.9700000（万元）四、主要标的信息 序号    供应商名称      服务名称      服务范围      服务要求      服务时间      服务标准   1    中检计量有限公司      辐射探测计量校准项目      对上海海关45套固定式辐射探测设备和107套手持式辐射探测设备需进行年度计量校准检测。      详见竞争性磋商文件      合同签订后60个工作日内完成      详见竞争性磋商文件及响应文件                 五、评审专家（单一来源采购人员）名单： 秦明友、钱平、郑岚 六、代理服务收费标准及金额： 本项目代理费收费标准：本项目成交人领取成交通知书时，成交人一次性向采购代理单位支付代理服务费，计取标准如下：固定收费4000元/单个项目。 本项目代理费总金额：0.400000 万元（人民币） 七、公告期限 自本公告发布之日起1个工作日。 八、其它补充事宜 专家推荐理由：中检计量有限公司实施方案较详细全面、保障措施完较完善，人员配置较好，验收内容较详细，综合得分最高，为89.08分，排名第一。在此，谨对积极参与本项目的所有投标人表示衷心的感谢!提出异议的渠道和方式：公告有效期为1个工作日。如对成交结果有异议，请于本公告有效期截止之日起7个工作日内以书面形式向上海申诣建设咨询有限公司（地址：上海市静安区长安路1001号长安大厦1号楼（办公楼）20层，联系人：李文婷，电话：17855530732）提出疑问。 九、凡对本次公告内容提出询问，请按以下方式联系。 1.采购人信息 名 称：中华人民共和国上海海关 地址：浦东新区陆家嘴西路153号 联系方式：郭老师/13671712090 2.采购代理机构信息 名 称：上海申诣建设咨询有限公司 地 址：上海市静安区长安路1001号长安大厦（办公楼）1号楼20层 联系方式：李文婷17855530732 3.项目联系方式 项目联系人：李文婷 电 话： 17855530732,科研检测,,中国政府采购网,,,,,,39.97,"[{""序号"": ""1"", ""供应商名称"": ""中检计量有限公司"", ""服务名称"": ""辐射探测计量校准项目"", ""服务范围"": ""对上海海关45套固定式辐射探测设备和107套手持式辐射探测设备需进行年度计量校准检测。"", ""服务要求"": ""详见竞争性磋商文件"", ""服务时间"": ""合同签订后60个工作日内完成"", ""服务标准"": ""详见竞争性磋商文件及响应文件""}]",秦明友、钱平、郑岚,0.4,中检计量有限公司,,,,
中国极地研究中心（中国极地研究所）存储服务器扩容配件采购项目成交公告,成交公告,PCMET-2612YX0880,2026年09月09日 09:50,上海市,中国极地研究中心（中国极地研究所）,上海市浦东新区曹路镇雪龙路1000号,王浩，021-58466639,上海浦成机电设备招标有限公司,上海市浦东新区商城路618号良友大厦8楼,王志坚，021-58792595,王志坚,021-58792595,PCMET-2612YX0880 存储服务器扩容配件采购项目.pdf,"[{""attach_name"": ""PCMET-2612YX0880 存储服务器扩容配件采购项目.pdf"", ""attach_url"": ""https://download.ccgp.gov.cn/oss/download?uuid=84122EA81AF44FE709A070FFEACD44""}]",https://www.ccgp.gov.cn/cggg/zygg/cjgg/202609/t20260909_27292778.htm,2026-09-10 09:35:22,"一、项目编号：PCMET-2612YX0880（招标文件编号：PCMET-2612YX0880） 二、项目名称：存储服务器扩容配件采购项目 三、中标（成交）信息 供应商名称：顺歆信息技术（上海）有限公司供应商地址：上海市闵行区纪鹤路128号燎申智城A栋7层701,702室中标（成交）金额：34.2600000（万元）四、主要标的信息 序号    供应商名称      货物名称      货物品牌      货物型号      货物数量      货物单价(元)   1    顺歆信息技术（上海）有限公司      存储模块DDR5内存；存储模块硬盘      三星；西部数据      M321R8GA0PB0-CWMKJ，64GB DDR5 5600 RDIMM ECC RECC，2Rx4 双列；Ultrastar DC HC555 WUH722020CLE604，20TB，3.5 英寸企业级 SATA 硬盘，7200RPM，SATA6Gb/s，氦气密封，512e 扇区模式      12；16      19150.00；7050.00                 五、评审专家（单一来源采购人员）名单： 鲁 明、苏朝阳、王 浩 六、代理服务收费标准及金额： 本项目代理费收费标准：按照6000元收取。 本项目代理费总金额：0.600000 万元（人民币） 七、公告期限 自本公告发布之日起1个工作日。 八、其它补充事宜 本项目采购形式为询价，采用最低评标价法，根据质量和服务能满足询价采购文件实质性响应要求且报价最低的原则确定成交供应商，经评审委员会评审，顺歆信息技术（上海）有限公司评审价格最低，推荐为成交候选人。如对本次结果有异议，请于结果公布期限届满之日起7个工作日内以书面形式向上海浦成机电设备招标有限公司（上海市浦东新区商城路618号良友大厦8楼，王志坚，电话：021-58792595）提出质疑。 九、凡对本次公告内容提出询问，请按以下方式联系。 1.采购人信息 名 称：中国极地研究中心（中国极地研究所） 地址：上海市浦东新区曹路镇雪龙路1000号 联系方式：王浩，021-58466639 2.采购代理机构信息 名 称：上海浦成机电设备招标有限公司 地 址：上海市浦东新区商城路618号良友大厦8楼 联系方式：王志坚，021-58792595 3.项目联系方式 项目联系人：王志坚 电 话： 021-58792595",其他,,中国政府采购网,,,,,,34.26,"[{""序号"": ""1"", ""供应商名称"": ""顺歆信息技术（上海）有限公司"", ""货物名称"": ""存储模块DDR5内存；存储模块硬盘"", ""货物品牌"": ""三星；西部数据"", ""货物型号"": ""M321R8GA0PB0-CWMKJ，64GB DDR5 5600 RDIMM ECC RECC，2Rx4 双列；Ultrastar DC HC555 WUH722020CLE604，20TB，3.5 英寸企业级 SATA 硬盘，7200RPM，SATA6Gb/s，氦气密封，512e 扇区模式"", ""货物数量"": ""12；16"", ""货物单价(元)"": ""19150.00；7050.00""}]",鲁 明、苏朝阳、王 浩,0.6,顺歆信息技术（上海）有限公司,,,,
邹城市消防救援大队档案室装修改造工程成交公告,成交公告,ZX-2026-XF-02,2026年09月09日 09:47,邹城市,邹城市消防救援大队,邹城市国宏大道333号,周队长0537-5199106,知行（山东）项目管理有限公司,济宁市中德广场D座26楼,张经理15053760310,张经理,15053760310,,,https://www.ccgp.gov.cn/cggg/zygg/cjgg/202609/t20260909_27292749.htm,2026-09-10 09:35:23,一、项目编号：ZX-2026-XF-02（招标文件编号：ZX-2026-XF-02） 二、项目名称：邹城市消防救援大队档案室装修改造工程 三、中标（成交）信息 供应商名称：济宁市拓居装饰工程有限公司供应商地址：山东省济宁市任城区金城街道红星西路阳光花园商住楼1-2层中标（成交）金额：9.4700000（万元）四、主要标的信息 序号    供应商名称       工程名称       施工范围       施工工期       项目经理       执业证书   1    济宁市拓居装饰工程有限公司      邹城市消防救援大队档案室装修改造工程      工程量清单内所有内容      30日历天      /      /                 五、评审专家（单一来源采购人员）名单： 李祖海、李坤、秦源卿（采购人代表） 六、代理服务收费标准及金额： 本项目代理费收费标准：按照国家发展改革委员会发改价格【2015】299号文件，执行市场调节价。 本项目代理费总金额：0.400000 万元（人民币） 七、公告期限 自本公告发布之日起1个工作日。 八、其它补充事宜 无 九、凡对本次公告内容提出询问，请按以下方式联系。 1.采购人信息 名 称：邹城市消防救援大队 地址：邹城市国宏大道333号 联系方式：周队长0537-5199106 2.采购代理机构信息 名 称：知行（山东）项目管理有限公司 地 址：济宁市中德广场D座26楼 联系方式：张经理15053760310 3.项目联系方式 项目联系人：张经理 电 话： 15053760310,公共安全,,中国政府采购网,,,,,,9.47,"[{""序号"": ""1"", ""供应商名称"": ""济宁市拓居装饰工程有限公司"", ""工程名称"": ""邹城市消防救援大队档案室装修改造工程"", ""施工范围"": ""工程量清单内所有内容"", ""施工工期"": ""30日历天"", ""项目经理"": ""/"", ""执业证书"": ""/""}]",李祖海、李坤、秦源卿（采购人代表）,0.4,济宁市拓居装饰工程有限公司,,,,
应急管理部森林消防局昆明航空救援支队2026年发动机燃油喷嘴翻修项目成交公告,成交公告,SNCG-XF-2026025,2026年09月09日 09:47,安宁市,昆明航空救援支队,云南省昆明市安宁市县街街道马场村直升机场,王老师 029-87223061,陕西省省级单位政府采购中心,西安市碑林区长安北路14号,文件岗029-88661294组织岗029-88661292,王老师,029-87223061,"西安翼为航空科技有限公司公司声明函.pdf,应急管理部森林消防局昆明航空救援支队2026年发动机燃油喷嘴翻修项目.pdf,西安翼为航空科技有限公司最终报价表.pdf","[{""attach_name"": ""西安翼为航空科技有限公司公司声明函.pdf"", ""attach_url"": ""https://download.ccgp.gov.cn/oss/download?uuid=394331A35189BE565EF02DDB4F841B""}, {""attach_name"": ""应急管理部森林消防局昆明航空救援支队2026年发动机燃油喷嘴翻修项目.pdf"", ""attach_url"": ""https://download.ccgp.gov.cn/oss/download?uuid=10588CC84333BE63ED5CA1CFD90C32""}, {""attach_name"": ""西安翼为航空科技有限公司最终报价表.pdf"", ""attach_url"": ""https://download.ccgp.gov.cn/oss/download?uuid=B00586FCD2B28654FE8A4FE8A263E9""}]",https://www.ccgp.gov.cn/cggg/zygg/cjgg/202609/t20260909_27292751.htm,2026-09-10 09:35:23,一、项目编号：SNCG-XF-2026025（招标文件编号：SNCG-XF-2026025） 二、项目名称：应急管理部森林消防局昆明航空救援支队2026年发动机燃油喷嘴翻修项目 三、中标（成交）信息 供应商名称：西安翼为航空科技有限公司供应商地址：西安市高新区新型工业园发展大道30 号新泰综合楼3层中标（成交）金额：16.6320000（万元）四、主要标的信息 序号    供应商名称      服务名称      服务范围      服务要求      服务时间      服务标准   1    西安翼为航空科技有限公司      详见磋商文件      详见磋商文件      详见磋商文件      详见磋商文件      详见磋商文件                 五、评审专家（单一来源采购人员）名单： 林忠 周阿珍 胡雷（采购人代表） 六、代理服务收费标准及金额： 本项目代理费收费标准：无 本项目代理费总金额：0.000000 万元（人民币） 七、公告期限 自本公告发布之日起1个工作日。 八、其它补充事宜 根据财办库〔2023〕243号《关于进一步提高政府采购透明度和采购效率相关事项的通知》公示如下：西安翼为航空科技有限公司    评审总得分：179.5分；评审平均分：59.83分；最终得分：89.83分。 九、凡对本次公告内容提出询问，请按以下方式联系。 1.采购人信息 名 称：昆明航空救援支队 地址：云南省昆明市安宁市县街街道马场村直升机场 联系方式：王老师 029-87223061 2.采购代理机构信息 名 称：陕西省省级单位政府采购中心 地 址：西安市碑林区长安北路14号 联系方式：文件岗029-88661294组织岗029-88661292 3.项目联系方式 项目联系人：王老师 电 话： 029-87223061,公共安全,,中国政府采购网,,,,,,16.632,"[{""序号"": ""1"", ""供应商名称"": ""西安翼为航空科技有限公司"", ""服务名称"": ""详见磋商文件"", ""服务范围"": ""详见磋商文件"", ""服务要求"": ""详见磋商文件"", ""服务时间"": ""详见磋商文件"", ""服务标准"": ""详见磋商文件""}]",林忠 周阿珍 胡雷（采购人代表）,0.0,西安翼为航空科技有限公司,,,,
襄垣县消防救援大队2026年食堂餐饮服务项目成交公告,成交公告,SXKR-FW-2026-0820,2026年09月09日 09:44,襄垣县,襄垣县消防救援大队,山西省襄垣县王桥镇天仓村,张先生、0355-7229111,山西柯睿建设项目管理有限公司,山西省长治市潞州区潞阳门中路都市名门写字楼二楼209号,武女士、13935505110,张先生,0355-7229111,"中小企业声明函.pdf,襄垣县消防救援大队2026年食堂餐饮服务项目磋商文件.pdf","[{""attach_name"": ""中小企业声明函.pdf"", ""attach_url"": ""https://download.ccgp.gov.cn/oss/download?uuid=5D970C9CCD9F252A3CCDB4563DCC33""}, {""attach_name"": ""襄垣县消防救援大队2026年食堂餐饮服务项目磋商文件.pdf"", ""attach_url"": ""https://download.ccgp.gov.cn/oss/download?uuid=B715BD68FD10C90C40BC76B490AE35""}]",https://www.ccgp.gov.cn/cggg/zygg/cjgg/202609/t20260909_27292736.htm,2026-09-10 09:35:24,一、项目编号：SXKR-FW-2026-0820（招标文件编号：SXKR-FW-2026-0820） 二、项目名称：襄垣县消防救援大队2026年食堂餐饮服务项目 三、中标（成交）信息 供应商名称：山西华美大众餐饮管理有限公司供应商地址：山西省长治市潞州区紫金街道紫金东街329号滨河物贸商城西区前排8号中标（成交）金额：39.8000000（万元）四、主要标的信息 序号    供应商名称      服务名称      服务范围      服务要求      服务时间      服务标准   1    山西华美大众餐饮管理有限公司      襄垣县消防救援大队2026年食堂餐饮服务 项目      详见磋商文件第四部分商务技术标准要求      详见磋商文件第四部分商务技术标准要求      12个月      符合国家相关行业标准                 五、评审专家（单一来源采购人员）名单： 孟俊玲、申旭剑、景文利 六、代理服务收费标准及金额： 本项目代理费收费标准：参照国家计委计价格【2002】1980号文件规定的 90%收取。 本项目代理费总金额：0.537300 万元（人民币） 七、公告期限 自本公告发布之日起1个工作日。 八、其它补充事宜 根据财办库〔2023〕243号《关于进一步提高政府采购透明度和采购效率相关事项的通知》的规定，现公布本项目成交供应商的评审总得分：79.00分. 九、凡对本次公告内容提出询问，请按以下方式联系。 1.采购人信息 名 称：襄垣县消防救援大队 地址：山西省襄垣县王桥镇天仓村 联系方式：张先生、0355-7229111 2.采购代理机构信息 名 称：山西柯睿建设项目管理有限公司 地 址：山西省长治市潞州区潞阳门中路都市名门写字楼二楼209号 联系方式：武女士、13935505110 3.项目联系方式 项目联系人：张先生 电 话： 0355-7229111,公共安全,,中国政府采购网,,,,,,39.8,"[{""序号"": ""1"", ""供应商名称"": ""山西华美大众餐饮管理有限公司"", ""服务名称"": ""襄垣县消防救援大队2026年食堂餐饮服务\t\t\t项目"", ""服务范围"": ""详见磋商文件第四部分商务技术标准要求"", ""服务要求"": ""详见磋商文件第四部分商务技术标准要求"", ""服务时间"": ""12个月"", ""服务标准"": ""符合国家相关行业标准""}]",孟俊玲、申旭剑、景文利,0.5373,山西华美大众餐饮管理有限公司,,,,
杭州市钱塘区消防救援大队2026年度营门夜岗警卫外包服务项目成交公告,成交公告,2026-0724-080802,2026年09月09日 09:35,钱塘区,杭州市钱塘区消防救援大队,杭州市钱塘区下沙街道七格路116号,赵工、15268820720,杭州建设工程造价咨询有限公司,杭州市萧山区联合中心D座4楼,曹工、15158899663,赵工,15268820720,"杭州市钱塘区消防救援大队2026年度营门夜岗警卫外包服务项目 -发布稿.docx,中小企业声明函.pdf","[{""attach_name"": ""杭州市钱塘区消防救援大队2026年度营门夜岗警卫外包服务项目 -发布稿.docx"", ""attach_url"": ""https://download.ccgp.gov.cn/oss/download?uuid=800382F06EA1A6B38458BE970F5784""}, {""attach_name"": ""中小企业声明函.pdf"", ""attach_url"": ""https://download.ccgp.gov.cn/oss/download?uuid=40DE2FBA593E6D546C1A6C3E514AD4""}]",https://www.ccgp.gov.cn/cggg/zygg/cjgg/202609/t20260909_27292652.htm,2026-09-10 09:35:24,一、项目编号：2026-0724-080802（招标文件编号：2026-0724-080802） 二、项目名称：杭州市钱塘区消防救援大队2026年度营门夜岗警卫外包服务项目 三、中标（成交）信息 供应商名称：杭州赛福保安服务有限公司、浙江国晟安保服务有限公司（联合体）供应商地址：杭州市滨江区长河街道建业路511号华业大厦1317室中标（成交）金额：79.8584000（万元）四、主要标的信息 序号    供应商名称      服务名称      服务范围      服务要求      服务时间      服务标准   1    杭州赛福保安服务有限公司、浙江国晟安保服务有限公司（联合体）      杭州市钱塘区消防救援大队2026年度营门夜岗警卫外包服务项目      按招标文件要求      按招标文件要求      1年      按招标文件要求                 五、评审专家（单一来源采购人员）名单： 卜小燕、汪颖红、喻详（采购人代表）、陈映华、孔相玲 六、代理服务收费标准及金额： 本项目代理费收费标准：招标代理费（按预算金额计算）：按下表服务类标准收取；中标金额（万元） 货物招标 服务招标 工程招标100以下 1.5% 1.5% 1.0%招标代理服务收费按差额定率累进法计算上述费用由中标人支付，应当自中标结果公告发布之日起5个工作日内一次性向采购代理机构支付。 本项目代理费总金额：1.199376 万元（人民币） 七、公告期限 自本公告发布之日起1个工作日。 八、其它补充事宜 序号 中标(成交)金额(元) 中标供应商得分 中标供应商名称 中标供应商地址 1 79.8584 90.89 杭州赛福保安服务有限公司（牵头单位）、浙江国晟安保服务有限公司 杭州市滨江区长河街道建业路511号华业大厦1317室 九、凡对本次公告内容提出询问，请按以下方式联系。 1.采购人信息 名 称：杭州市钱塘区消防救援大队 地址：杭州市钱塘区下沙街道七格路116号 联系方式：赵工、15268820720 2.采购代理机构信息 名 称：杭州建设工程造价咨询有限公司 地 址：杭州市萧山区联合中心D座4楼 联系方式：曹工、15158899663 3.项目联系方式 项目联系人：赵工 电 话： 15268820720,公共安全,,中国政府采购网,,,,,,79.0,"[{""序号"": ""1"", ""供应商名称"": ""杭州赛福保安服务有限公司、浙江国晟安保服务有限公司（联合体）"", ""服务名称"": ""杭州市钱塘区消防救援大队2026年度营门夜岗警卫外包服务项目"", ""服务范围"": ""按招标文件要求"", ""服务要求"": ""按招标文件要求"", ""服务时间"": ""1年"", ""服务标准"": ""按招标文件要求""}, {""序号"": ""1"", ""中标(成交)金额(元)"": ""79.8584"", ""中标供应商得分"": ""90.89"", ""中标供应商名称"": ""杭州赛福保安服务有限公司（牵头单位）、浙江国晟安保服务有限公司"", ""中标供应商地址"": ""杭州市滨江区长河街道建业路511号华业大厦1317室""}]",卜小燕、汪颖红、喻详（采购人代表）、陈映华、孔相玲,1.199376,杭州赛福保安服务有限公司、浙江国晟安保服务有限公司（联合体）、90.89、杭州赛福保安服务有限公司（牵头单位）、浙江国晟安保服务有限公司、杭州市滨江区长河街道建业路511号华业大厦1317室,,,,
临沂市消防救援支队2026年度全市森林消防队伍灭火救援技术培训服务成交公告,成交公告,SDZYCS-2026-022,2026年09月09日 09:30,兰山区,临沂市消防救援支队,临沂市兰山区汶河路92号,唐队长 0539-8965677,山东中煜建设项目管理有限公司,临沂市兰山区天津路三立大厦411室,王工 17568128978,唐队长,0539-8965677,（定稿）临沂市消防救援支队竞争性磋商文件(2).pdf,"[{""attach_name"": ""（定稿）临沂市消防救援支队竞争性磋商文件(2).pdf"", ""attach_url"": ""https://download.ccgp.gov.cn/oss/download?uuid=336A934C31649E847D38F7241F91AA""}]",https://www.ccgp.gov.cn/cggg/zygg/cjgg/202609/t20260909_27292626.htm,2026-09-10 09:35:25,一、项目编号：SDZYCS-2026-022（招标文件编号：SDZYCS-2026-022） 二、项目名称：2026年度全市森林消防队伍灭火救援技术培训服务 三、中标（成交）信息 供应商名称：临沂喜唐文化传媒有限公司供应商地址：山东省临沂市兰山区兰山街道解放路与工业大道交汇西200米路北云智谷办公室1楼中标（成交）金额：29.2000300（万元）四、主要标的信息 序号    供应商名称      服务名称      服务范围      服务要求      服务时间      服务标准   1    临沂喜唐文化传媒有限公司      2026年度全市森林消防队伍灭火救援技术培训服务      培训服务包含培训期间的住宿费、伙食费、被装费、学习用品、师资、外出学习、实战演练、医疗用品、油料等      按每人每天不超过280元标准，培训时间不少于15天，人数不超过80人提供优质服务。      不能少于15天。      详见磋商文件                 五、评审专家（单一来源采购人员）名单： 曾宪臣、贾庆媛、王远见（采购人代表） 六、代理服务收费标准及金额： 本项目代理费收费标准：按照采购文件规定收取。 本项目代理费总金额：0.435000 万元（人民币） 七、公告期限 自本公告发布之日起1个工作日。 八、其它补充事宜 无 九、凡对本次公告内容提出询问，请按以下方式联系。 1.采购人信息 名 称：临沂市消防救援支队 地址：临沂市兰山区汶河路92号 联系方式：唐队长 0539-8965677 2.采购代理机构信息 名 称：山东中煜建设项目管理有限公司 地 址：临沂市兰山区天津路三立大厦411室 联系方式：王工 17568128978 3.项目联系方式 项目联系人：唐队长 电 话： 0539-8965677,教育培训,,中国政府采购网,,,,,,29.20003,"[{""序号"": ""1"", ""供应商名称"": ""临沂喜唐文化传媒有限公司"", ""服务名称"": ""2026年度全市森林消防队伍灭火救援技术培训服务"", ""服务范围"": ""培训服务包含培训期间的住宿费、伙食费、被装费、学习用品、师资、外出学习、实战演练、医疗用品、油料等"", ""服务要求"": ""按每人每天不超过280元标准，培训时间不少于15天，人数不超过80人提供优质服务。"", ""服务时间"": ""不能少于15天。"", ""服务标准"": ""详见磋商文件""}]",曾宪臣、贾庆媛、王远见（采购人代表）,0.435,临沂喜唐文化传媒有限公司,,,,
国家卫生健康委药具管理中心2026年短缺药品信息直报系统云服务项目成交公告,成交公告,0701-264103180234,2026年09月09日 09:29,海淀区,国家卫生健康委药具管理中心,北京市海淀区皂君庙甲14号,毛老师、荣老师  010-62116622-3090、4101,中技国际招标有限公司,北京市丰台区西营街1号院通用时代中心C座9层,蔡国华、张天然  010-81168641/13681359678,毛老师、荣老师,010-62116622-3090、4101,"02-竞争性磋商文件-2026年短缺药品信息直报系统云服务-装订版.pdf,成交公告-2026年短缺药品信息直报系统云服务项目.docx","[{""attach_name"": ""02-竞争性磋商文件-2026年短缺药品信息直报系统云服务-装订版.pdf"", ""attach_url"": ""https://download.ccgp.gov.cn/oss/download?uuid=826F822A8CBD123CE768646E383899""}, {""attach_name"": ""成交公告-2026年短缺药品信息直报系统云服务项目.docx"", ""attach_url"": ""https://download.ccgp.gov.cn/oss/download?uuid=A45C7A2AA80560A4F47741D02481CA""}]",https://www.ccgp.gov.cn/cggg/zygg/cjgg/202609/t20260909_27292612.htm,2026-09-10 09:35:26,一、项目编号：0701-264103180234（招标文件编号：0701-264103180234） 二、项目名称：2026年短缺药品信息直报系统云服务项目 三、中标（成交）信息 供应商名称：北京国信新网通讯技术有限公司供应商地址：北京市西城区广安门内大街315号A座4层中标（成交）金额：66.6598800（万元）四、主要标的信息 序号    供应商名称      服务名称      服务范围      服务要求      服务时间      服务标准   1    北京国信新网通讯技术有限公司      云服务      机房环境、云主机、云存储、数据容灾备份、负载均衡、安全防护、系统上线和迁移、运维保障、信息安全保障等服务      详见项目采购需求      详见项目采购需求      详见项目采购需求                 五、评审专家（单一来源采购人员）名单： 彭伟、杨琍明、郝长英 六、代理服务收费标准及金额： 本项目代理费收费标准：协商 本项目代理费总金额：1.500000 万元（人民币） 七、公告期限 自本公告发布之日起1个工作日。 八、其它补充事宜 北京国信新网通讯技术有限公司评审得分：96.33分 九、凡对本次公告内容提出询问，请按以下方式联系。 1.采购人信息 名 称：国家卫生健康委药具管理中心 地址：北京市海淀区皂君庙甲14号 联系方式：毛老师、荣老师 010-62116622-3090、4101 2.采购代理机构信息 名 称：中技国际招标有限公司 地 址：北京市丰台区西营街1号院通用时代中心C座9层 联系方式：蔡国华、张天然 010-81168641/13681359678 3.项目联系方式 项目联系人：毛老师、荣老师 电 话： 010-62116622-3090、4101,医疗卫生,,中国政府采购网,,,,,,66.65988,"[{""序号"": ""1"", ""供应商名称"": ""北京国信新网通讯技术有限公司"", ""服务名称"": ""云服务"", ""服务范围"": ""机房环境、云主机、云存储、数据容灾备份、负载均衡、安全防护、系统上线和迁移、运维保障、信息安全保障等服务"", ""服务要求"": ""详见项目采购需求"", ""服务时间"": ""详见项目采购需求"", ""服务标准"": ""详见项目采购需求""}]",彭伟、杨琍明、郝长英,1.5,北京国信新网通讯技术有限公司,,,,
海关总署广东分署广东口岸外贸监测及应对国际经贸摩擦预警评估体系服务项目成交公告,成交公告,1210-2641YDZB10193,2026年09月09日 09:25,广东省,中华人民共和国海关总署广东分署,广州市荔湾区沙面五街2号,池小姐 020-81108169,广东有德招标采购有限公司,广州市天河北路626号保利中宇广场A座25楼,梁小姐020-83629360,梁小姐,020-83629360,《中小企业声明函》-广东嘉贸通科技有限公司.pdf,"[{""attach_name"": ""《中小企业声明函》-广东嘉贸通科技有限公司.pdf"", ""attach_url"": ""https://download.ccgp.gov.cn/oss/download?uuid=890D05143B744AC7D0159EFC970DA0""}]",https://www.ccgp.gov.cn/cggg/zygg/cjgg/202609/t20260909_27292592.htm,2026-09-10 09:35:26,一、项目编号：1210-2641YDZB10193（招标文件编号：1210-2641YDZB10193） 二、项目名称：海关总署广东分署广东口岸外贸监测及应对国际经贸摩擦预警评估体系服务项目 三、中标（成交）信息 供应商名称：广东嘉贸通科技有限公司供应商地址：广州市海珠区南洲路183号二层B11房中标（成交）金额：47.3000000（万元）四、主要标的信息 序号    供应商名称      服务名称      服务范围      服务要求      服务时间      服务标准   1    广东嘉贸通科技有限公司      海关总署广东分署广东口岸外贸监测及应对国际经贸摩擦预警评估体系服务项目      按磋商文件要求      按磋商文件要求      按磋商文件要求      按磋商文件要求                 五、评审专家（单一来源采购人员）名单： 陈仕深、许荔莹、陈泽（采购人代表） 六、代理服务收费标准及金额： 本项目代理费收费标准：按磋商文件规定收取 本项目代理费总金额：0.800000 万元（人民币） 七、公告期限 自本公告发布之日起1个工作日。 八、其它补充事宜 序号 供应商名称 是否通过资格性及符合性审查 综合得分 推荐排名 1 广东嘉贸通科技有限公司 是 95.27 1 2 广东镜天数据科技有限公司 是 63.52 2 3 广州市悦程信息科技有限公司 是 62.00 3   九、凡对本次公告内容提出询问，请按以下方式联系。 1.采购人信息 名 称：中华人民共和国海关总署广东分署 地址：广州市荔湾区沙面五街2号 联系方式：池小姐 020-81108169 2.采购代理机构信息 名 称：广东有德招标采购有限公司 地 址：广州市天河北路626号保利中宇广场A座25楼 联系方式：梁小姐020-83629360 3.项目联系方式 项目联系人：梁小姐 电 话： 020-83629360,其他,,中国政府采购网,,,,,,47.3,"[{""序号"": ""1"", ""供应商名称"": ""广东嘉贸通科技有限公司"", ""服务名称"": ""海关总署广东分署广东口岸外贸监测及应对国际经贸摩擦预警评估体系服务项目"", ""服务范围"": ""按磋商文件要求"", ""服务要求"": ""按磋商文件要求"", ""服务时间"": ""按磋商文件要求"", ""服务标准"": ""按磋商文件要求""}, {""序号"": ""1"", ""供应商名称"": ""广东嘉贸通科技有限公司"", ""是否通过资格性及符合性审查"": ""是"", ""综合得分"": ""95.27"", ""推荐排名"": ""1""}, {""序号"": ""2"", ""供应商名称"": ""广东镜天数据科技有限公司"", ""是否通过资格性及符合性审查"": ""是"", ""综合得分"": ""63.52"", ""推荐排名"": ""2""}, {""序号"": ""3"", ""供应商名称"": ""广州市悦程信息科技有限公司"", ""是否通过资格性及符合性审查"": ""是"", ""综合得分"": ""62.00"", ""推荐排名"": ""3""}]",陈仕深、许荔莹、陈泽（采购人代表）,0.8,广东嘉贸通科技有限公司、广东镜天数据科技有限公司、广州市悦程信息科技有限公司,,,,
安顺市西秀区消防救援大队车辆保险购置项目（二次）成交公告,成交公告,YM-2026029,2026年09月09日 09:10,西秀区,安顺市西秀区消防救援大队,贵州省安顺市西秀区新安大道9号,李德生 0851-3335202,永明项目管理有限公司,贵阳市南明区花果园中央商务区1号楼4404,朱贵铭 18083366180,李德生,0851-33352028,"安顺市西秀区消防救援大队车辆保险购置项目（二次）（招标文件定稿）.pdf,中小企业声明函.pdf","[{""attach_name"": ""安顺市西秀区消防救援大队车辆保险购置项目（二次）（招标文件定稿）.pdf"", ""attach_url"": ""https://download.ccgp.gov.cn/oss/download?uuid=4E8C26CEDF3A46A13962E36BB739E5""}, {""attach_name"": ""中小企业声明函.pdf"", ""attach_url"": ""https://download.ccgp.gov.cn/oss/download?uuid=5380AA21BB6C151F3A06186611BA40""}]",https://www.ccgp.gov.cn/cggg/zygg/cjgg/202609/t20260909_27292520.htm,2026-09-10 09:35:27,"一、项目编号：YM-2026029（招标文件编号：YM-2026029） 二、项目名称：安顺市西秀区消防救援大队车辆保险购置项目（二次） 三、中标（成交）信息 供应商名称：中国人民财产保险股份有限公司安顺分公司供应商地址：贵州省安顺市西秀区市府路201号中标（成交）金额：36.8180000（万元）四、主要标的信息 序号    供应商名称      服务名称      服务范围      服务要求      服务时间      服务标准   1    中国人民财产保险股份有限公司安顺分公司      安顺市西秀区消防救援大队车辆保险购置项目（二次）      安顺市西秀区消防救援大队车辆保险购置项目（具体详见比选文件）      安顺市西秀区消防救援大队车辆保险购置项目（具体详见比选文件）      1年。经采购人考核合格后可续签下一年度合同。承接承保服务期间采购方提供的需投保车辆，车辆保期自该车投保日至次年对应日前一日二十四时止,总合同期限不超24个月      安顺市西秀区消防救援大队车辆保险购置项目（具体详见比选文件）                 五、评审专家（单一来源采购人员）名单： 袁庆贵、李昭辉、尹广杰（采购方代表） 六、代理服务收费标准及金额： 本项目代理费收费标准：按国家（黔价房【2011】69号）文收取 本项目代理费总金额：0.544906 万元（人民币） 七、公告期限 自本公告发布之日起1个工作日。 八、其它补充事宜 无 九、凡对本次公告内容提出询问，请按以下方式联系。 1.采购人信息 名 称：安顺市西秀区消防救援大队 地址：贵州省安顺市西秀区新安大道9号 联系方式：李德生 0851-3335202 2.采购代理机构信息 名 称：永明项目管理有限公司 地 址：贵阳市南明区花果园中央商务区1号楼4404 联系方式：朱贵铭 18083366180 3.项目联系方式 项目联系人：李德生 电 话： 0851-33352028",公共安全,,中国政府采购网,,,,,,36.818,"[{""序号"": ""1"", ""供应商名称"": ""中国人民财产保险股份有限公司安顺分公司"", ""服务名称"": ""安顺市西秀区消防救援大队车辆保险购置项目（二次）"", ""服务范围"": ""安顺市西秀区消防救援大队车辆保险购置项目（具体详见比选文件）"", ""服务要求"": ""安顺市西秀区消防救援大队车辆保险购置项目（具体详见比选文件）"", ""服务时间"": ""1年。经采购人考核合格后可续签下一年度合同。承接承保服务期间采购方提供的需投保车辆，车辆保期自该车投保日至次年对应日前一日二十四时止,总合同期限不超24个月"", ""服务标准"": ""安顺市西秀区消防救援大队车辆保险购置项目（具体详见比选文件）""}]",袁庆贵、李昭辉、尹广杰（采购方代表）,0.544906,中国人民财产保险股份有限公司安顺分公司,,,,
华中科技大学人工智能基础能力支撑平台采购项目成交公告,成交公告,HW20260355,2026年09月08日 22:02,湖北省,华中科技大学,湖北省武汉市洪山区珞喻路1037号,李老师027-87540659邮箱：hustcgzx@hust.edu.cn,湖北国华项目管理咨询有限公司,武汉市武昌区中北路109号中铁1818中心10楼,曾乙辰、苏祥瑞、张琳林、汪树新 电  话：027-87272718 电子邮箱：1151261718@qq.com,曾乙辰、苏祥瑞、张琳林、汪树新,027-87272718,8.17定稿【HW20260355】华中科技大学人工智能基础能力支撑平台采购项目.pdf,"[{""attach_name"": ""8.17定稿【HW20260355】华中科技大学人工智能基础能力支撑平台采购项目.pdf"", ""attach_url"": ""https://download.ccgp.gov.cn/oss/download?uuid=E4FC4DD5136E1317397B4E25CBBAF5""}]",https://www.ccgp.gov.cn/cggg/zygg/cjgg/202609/t20260908_27291742.htm,2026-09-10 09:35:28,一、项目编号：HW20260355、ZB0112-202607-ZCHW1093（招标文件编号：HW20260355） 二、项目名称：华中科技大学人工智能基础能力支撑平台采购项目 三、中标（成交）信息 供应商名称：浙江飞佛科技有限公司供应商地址：浙江省杭州市西湖区灵隐街道玉古路172号灵隐人工智能产业基地5层501室中标（成交）金额：194.0000000（万元）四、主要标的信息 序号    供应商名称      货物名称      货物品牌      货物型号      货物数量      货物单价(元)   1    浙江飞佛科技有限公司      核心产品：智能体开发平台      核心产品：北京火山引擎科技有限公司      核心产品：HiAgent 企业AI 应用创新平台      核心产品：1套      核心产品：1150000元                 五、评审专家（单一来源采购人员）名单： 李书国（组长）、吴亚明、杨正午（采购人代表） 六、代理服务收费标准及金额： 本项目代理费收费标准：根据国家发展和改革委员会办公厅发改办价格〔2003〕857号文的规定，经与采购人协商，由成交供应商按国家发展计划委员会计价格〔2011〕534号文及原国家计委《招标代理服务收费管理暂行办法》〔2002〕1980号规定标准的70%向采购代理机构支付代理服务费。 本项目代理费总金额：1.773800 万元（人民币） 七、公告期限 自本公告发布之日起1个工作日。 八、其它补充事宜 1.评审时间：2026年9月1日，评审地点：武昌区中北路109号中铁1818中心10楼。2.公示媒体中国政府采购网（https://www.ccgp.gov.cn/）华中科技大学采购与招标中心网（http://cgzx.hust.edu.cn）湖北国华项目管理咨询有限公司官网（http://www.hbghzb.com/）阳光招采电子招标投标交易平台（https://www.yangguangzhaocai.com/）3.质疑：相关投标人对中标结果有异议的，可在中标公告公示期届满之日起七个工作日内，向湖北国华项目管理咨询有限公司提出质疑。联系人：张琳林，联系电话：027-87272718。质疑时请提交书面质疑函一份（法人代表签字、加盖单位公章），并附相关证据材料，同时将质疑函电子文档传至邮箱：1151261718@qq.com，逾期将不再受理。4.中标通知书领取地点：武昌区中北路109号中铁1818中心10楼招标一部。5.本项目采用综合评分法：成交供应商的评审综合得分为79.04分6.平台建设工期‌：合同签订后3个月内完成本项目平台建设。质保期：三年。 九、凡对本次公告内容提出询问，请按以下方式联系。 1.采购人信息 名 称：华中科技大学 地址：湖北省武汉市洪山区珞喻路1037号 联系方式：李老师027-87540659邮箱：hustcgzx@hust.edu.cn 2.采购代理机构信息 名 称：湖北国华项目管理咨询有限公司 地 址：武汉市武昌区中北路109号中铁1818中心10楼 联系方式：曾乙辰、苏祥瑞、张琳林、汪树新 电 话：027-87272718 电子邮箱：1151261718@qq.com 3.项目联系方式 项目联系人：曾乙辰、苏祥瑞、张琳林、汪树新 电 话： 027-87272718,教育培训,,中国政府采购网,,,,,,194.0,"[{""序号"": ""1"", ""供应商名称"": ""浙江飞佛科技有限公司"", ""货物名称"": ""核心产品：智能体开发平台"", ""货物品牌"": ""核心产品：北京火山引擎科技有限公司"", ""货物型号"": ""核心产品：HiAgent 企业AI 应用创新平台"", ""货物数量"": ""核心产品：1套"", ""货物单价(元)"": ""核心产品：1150000元""}]",李书国（组长）、吴亚明、杨正午（采购人代表）,1.7738,浙江飞佛科技有限公司,,,,
昆明市森林消防支队昆明消防救援机动支队社会化保障服务项目（四次）成交公告,成交公告,GXCZ-A1-26290417,2026年09月08日 20:55,云南省,昆明市森林消防支队,昆明市呈贡区渔浦路868号,宋老师0871-66112532,国信国际工程咨询集团股份有限公司,昆明市西山区西园路与大观路交汇处大观首府8栋31层3101,吕敏、薛蕊、晏文杰、陈嫦、张译0871-64124886、0871-63539681,吕敏、薛蕊、晏文杰、陈嫦、张译,0871-64124886、0871-63539681,"成交结果公告（昆明消防救援机动支队社会化保障服务项目（四次））.pdf,昆明消防救援机动支队社会化保障服务项目（四次）—竞争性磋商文件.pdf,中小企业声明函（云南大都物业服务有限公司）.pdf","[{""attach_name"": ""成交结果公告（昆明消防救援机动支队社会化保障服务项目（四次））.pdf"", ""attach_url"": ""https://download.ccgp.gov.cn/oss/download?uuid=3823203D133348EB7DB1704E26EB05""}, {""attach_name"": ""昆明消防救援机动支队社会化保障服务项目（四次）—竞争性磋商文件.pdf"", ""attach_url"": ""https://download.ccgp.gov.cn/oss/download?uuid=F775324975CA8D1E2E44935E3835AE""}, {""attach_name"": ""中小企业声明函（云南大都物业服务有限公司）.pdf"", ""attach_url"": ""https://download.ccgp.gov.cn/oss/download?uuid=E583E18A6DAE4BA5DE7686514156C9""}]",https://www.ccgp.gov.cn/cggg/zygg/cjgg/202609/t20260908_27291579.htm,2026-09-10 09:35:28,一、项目编号：GXCZ-A1-26290417（招标文件编号：GXCZ-A1-26290417） 二、项目名称：昆明消防救援机动支队社会化保障服务项目（四次） 三、中标（成交）信息 供应商名称：云南大都物业服务有限公司供应商地址：云南省昆明市呈贡区洛龙街道办事处白龙潭俊园浣园D幢1-3层1号商铺中标（成交）金额：115.7000000（万元）四、主要标的信息 序号    供应商名称      服务名称      服务范围      服务要求      服务时间      服务标准   1    云南大都物业服务有限公司      昆明消防救援机动支队社会化保障服务项目（四次）      昆明消防救援机动支队社会化保障服务项目（四次）      满足国家、地方相关行业规范及要求，并符合采购人服务质量要求。      自合同签订之日起壹年。      满足国家、地方相关行业规范及要求，并符合采购人服务质量要求。                 五、评审专家（单一来源采购人员）名单： 张志燕、王琼、陈跃明、孙艳芬、耿冉（采购人代表） 六、代理服务收费标准及金额： 本项目代理费收费标准：本项目代理服务费按《云南省建设工程及政府采购代理服务收费参考意见》（云建招协〔2026〕11号）计算基准下浮20%后的含税金额收取，招标代理服务费的计算以项目实际中标金额为计费基数进行计算。由成交人领取成交通知书时一次全额支付。 本项目代理费总金额：1.363280 万元（人民币） 七、公告期限 自本公告发布之日起1个工作日。 八、其它补充事宜 本项目采用综合评分法，成交供应商的评审总得分为92.35分，评审报价为115.70万元。 九、凡对本次公告内容提出询问，请按以下方式联系。 1.采购人信息 名 称：昆明市森林消防支队 地址：昆明市呈贡区渔浦路868号 联系方式：宋老师0871-66112532 2.采购代理机构信息 名 称：国信国际工程咨询集团股份有限公司 地 址：昆明市西山区西园路与大观路交汇处大观首府8栋31层3101 联系方式：吕敏、薛蕊、晏文杰、陈嫦、张译0871-64124886、0871-63539681 3.项目联系方式 项目联系人：吕敏、薛蕊、晏文杰、陈嫦、张译 电 话： 0871-64124886、0871-63539681,公共安全,,中国政府采购网,,,,,,115.7,"[{""序号"": ""1"", ""供应商名称"": ""云南大都物业服务有限公司"", ""服务名称"": ""昆明消防救援机动支队社会化保障服务项目（四次）"", ""服务范围"": ""昆明消防救援机动支队社会化保障服务项目（四次）"", ""服务要求"": ""满足国家、地方相关行业规范及要求，并符合采购人服务质量要求。"", ""服务时间"": ""自合同签订之日起壹年。"", ""服务标准"": ""满足国家、地方相关行业规范及要求，并符合采购人服务质量要求。""}]",张志燕、王琼、陈跃明、孙艳芬、耿冉（采购人代表）,1.36328,云南大都物业服务有限公司,,,,
国家体育总局安阳航空运动学校飞机维修追加采购项目单一来源成交公告,成交公告,TYDL26-229,2026年09月08日 20:09,安阳市,国家体育总局安阳航空运动学校,河南省安阳市殷都区胜利路41号,乔先生0372-2910174、张老师0372-2913272,中科天一工程管理有限公司,安阳市文峰区财富公馆西单元3楼,吴女士16637263383,吴女士,16637263383,"专家论证意见.pdf,国家体育总局安阳航空运动学校飞机维修追加采购项目单一来源文件.pdf","[{""attach_name"": ""专家论证意见.pdf"", ""attach_url"": ""https://download.ccgp.gov.cn/oss/download?uuid=EA9B7CE7BFA7914591F97014A89CD1""}, {""attach_name"": ""国家体育总局安阳航空运动学校飞机维修追加采购项目单一来源文件.pdf"", ""attach_url"": ""https://download.ccgp.gov.cn/oss/download?uuid=9456C7C94BA2231FD25B446C92E453""}]",https://www.ccgp.gov.cn/cggg/zygg/cjgg/202609/t20260908_27291431.htm,2026-09-10 09:35:28,一、项目编号：TYDL26-229（招标文件编号：TYDL26-229） 二、项目名称：国家体育总局安阳航空运动学校飞机维修追加采购项目 三、中标（成交）信息 供应商名称：郑州美之邦航空技术维修有限公司供应商地址：河南省郑州市上街区蓝天路与通航三路交叉口上街机场3号机库中标（成交）金额：26.7600000（万元）四、主要标的信息 序号    供应商名称      服务名称      服务范围      服务要求      服务时间      服务标准   1    郑州美之邦航空技术维修有限公司      国家体育总局安阳航空运动学校飞机维修追加采购项目      1架塞斯纳C172R、1架塞斯纳T206H飞机航空器配件维修和更换。      合格，符合采购人要求      60天      合格，符合采购人要求                 五、评审专家（单一来源采购人员）名单： 宋轶、刘安珠、王志胜 六、代理服务收费标准及金额： 本项目代理费收费标准：《招标代理服务收费管理暂行办法》计价格[2002]1980号及国家发改办[2003]857号、发改价格[2011]534号文件规定的“代理服务费收费标准”下浮50%。 本项目代理费总金额：0.200700 万元（人民币） 七、公告期限 自本公告发布之日起1个工作日。 八、其它补充事宜 无 九、凡对本次公告内容提出询问，请按以下方式联系。 1.采购人信息 名 称：国家体育总局安阳航空运动学校 地址：河南省安阳市殷都区胜利路41号 联系方式：乔先生0372-2910174、张老师0372-2913272 2.采购代理机构信息 名 称：中科天一工程管理有限公司 地 址：安阳市文峰区财富公馆西单元3楼 联系方式：吴女士16637263383 3.项目联系方式 项目联系人：吴女士 电 话： 16637263383,教育培训,,中国政府采购网,,,,,,26.76,"[{""序号"": ""1"", ""供应商名称"": ""郑州美之邦航空技术维修有限公司"", ""服务名称"": ""国家体育总局安阳航空运动学校飞机维修追加采购项目"", ""服务范围"": ""1架塞斯纳C172R、1架塞斯纳T206H飞机航空器配件维修和更换。"", ""服务要求"": ""合格，符合采购人要求"", ""服务时间"": ""60天"", ""服务标准"": ""合格，符合采购人要求""}]",宋轶、刘安珠、王志胜,0.2007,郑州美之邦航空技术维修有限公司,,,,
中国科学院南京地理与湖泊研究所国产湖泊水体光谱观测系统采购项目成交公告,成交公告,OITC-G260362774,2026年09月08日 19:23,江苏省,中国科学院南京地理与湖泊研究所,江苏省南京市江宁区麒麟街道创展路299号,汪老师，025-86882056,东方国际招标有限责任公司,北京市海淀区丹棱街1号互联网金融中心20层,陈君烁 耿佳 段威宇 010-68290549/0565/0515，jschen@oitc.com.cn/wyduan@oitc.com.cn,陈君烁,010-68290549,"发售版-国产湖泊水体观测系统.docx,中小企业声明函.pdf,《产品成本占比承诺函》.pdf,《关于符合本国产品标准的声明函》.pdf","[{""attach_name"": ""发售版-国产湖泊水体观测系统.docx"", ""attach_url"": ""https://download.ccgp.gov.cn/oss/download?uuid=D0A481C6A9A475E3D5D768E4DD74D1""}, {""attach_name"": ""中小企业声明函.pdf"", ""attach_url"": ""https://download.ccgp.gov.cn/oss/download?uuid=F883F9C07F3034B3D017A4B2BC06D3""}, {""attach_name"": ""《产品成本占比承诺函》.pdf"", ""attach_url"": ""https://download.ccgp.gov.cn/oss/download?uuid=9A9186DE445A1A1232269D80B744C7""}, {""attach_name"": ""《关于符合本国产品标准的声明函》.pdf"", ""attach_url"": ""https://download.ccgp.gov.cn/oss/download?uuid=7A6AC9F3F0DDA5DABE2081377A5900""}]",https://www.ccgp.gov.cn/cggg/zygg/cjgg/202609/t20260908_27291180.htm,2026-09-10 09:35:29,"一、项目编号：OITC-G260362774（招标文件编号：OITC-G260362774） 二、项目名称：中国科学院南京地理与湖泊研究所国产湖泊水体光谱观测系统采购项目 三、中标（成交）信息 供应商名称：武汉敢为科技有限公司供应商地址：湖北省武汉东湖新技术开发区武汉高新大道999号武汉未来科技城龙山创新一期B3栋10楼1361中标（成交）金额：74.8000000（万元）四、主要标的信息 序号    供应商名称      货物名称      货物品牌      货物型号      货物数量      货物单价(元)   1    武汉敢为科技有限公司      国产湖泊水体光谱观测系统      敢为科技等      定制等      1      ￥748,000.00                 五、评审专家（单一来源采购人员）名单： 雷文（组长）叶井飞（推荐专家）曹志刚（用户代表） 六、代理服务收费标准及金额： 本项目代理费收费标准：1980号文 本项目代理费总金额：1.122000 万元（人民币） 七、公告期限 自本公告发布之日起1个工作日。 八、其它补充事宜 本项目采用综合评分法，成交供应商的总得分为97.17分。附件：竞争性磋商文件、中小企业声明函、《关于符合本国产品标准的声明函》、《产品成本占比承诺函》 九、凡对本次公告内容提出询问，请按以下方式联系。 1.采购人信息 名 称：中国科学院南京地理与湖泊研究所 地址：江苏省南京市江宁区麒麟街道创展路299号 联系方式：汪老师，025-86882056 2.采购代理机构信息 名 称：东方国际招标有限责任公司 地 址：北京市海淀区丹棱街1号互联网金融中心20层 联系方式：陈君烁 耿佳 段威宇 010-68290549/0565/0515，jschen@oitc.com.cn/wyduan@oitc.com.cn 3.项目联系方式 项目联系人：陈君烁 耿佳 段威宇 电 话： 010-68290549/0565/0515",教育培训,,中国政府采购网,,,,,,74.8,"[{""序号"": ""1"", ""供应商名称"": ""武汉敢为科技有限公司"", ""货物名称"": ""国产湖泊水体光谱观测系统"", ""货物品牌"": ""敢为科技等"", ""货物型号"": ""定制等"", ""货物数量"": ""1"", ""货物单价(元)"": ""￥748,000.00""}]",雷文（组长）叶井飞（推荐专家）曹志刚（用户代表）,1.122,武汉敢为科技有限公司,,,,
中华人民共和国拱北出入境边防检查站2026年精密空调采购项目成交公告,成交公告,GBBJZ-2026-32,2026年09月08日 18:37,香洲区,中华人民共和国拱北出入境边防检查站,广东省珠海市香洲区翠微东路268号,谢熙镇，0756-8169024,详见公告正文,详见公告正文,详见公告正文,张兵兵,0756-8169024,中华人民共和国拱北出入境边防检查站2026年精密空调采购项目简易采购文件.rar,"[{""attach_name"": ""中华人民共和国拱北出入境边防检查站2026年精密空调采购项目简易采购文件.rar"", ""attach_url"": ""https://download.ccgp.gov.cn/oss/download?uuid=E09FF0CEE1D82BFD2EE0E2B13A2225""}]",https://www.ccgp.gov.cn/cggg/zygg/cjgg/202609/t20260908_27290749.htm,2026-09-10 09:35:29,"一、项目编号：GBBJZ-2026-32 （招标文件编号：GBBJZ-2026-32） 二、项目名称：中华人民共和国拱北出入境边防检查站2026年精密空调采购项目 三、中标（成交）信息 供应商名称：珠海兴华智能科技有限公司供应商地址：珠海市香洲东风路45号2单元1010房中标（成交）金额：9.9420000（万元）四、主要标的信息 序号    供应商名称      货物名称      货物品牌      货物型号      货物数量      货物单价(元)   1    珠海兴华智能科技有限公司      精密空调      维谛      维谛DME05MCSUP1,DMC05WP1;维谛DME07MCSUP1,DMC07WP1。      5.5KW精密空调一台；7.5KW精密空调一台。      维谛DME05MCSUP1,DMC05WP1单价22500.00元；维谛DME07MCSUP1,DMC07WP1单价26000.00元。                 五、评审专家（单一来源采购人员）名单： 中华人民共和国拱北出入境边防检查站政府采购办公室 六、代理服务收费标准及金额： 本项目代理费收费标准：无。 本项目代理费总金额：0.000000 万元（人民币） 七、公告期限 自本公告发布之日起1个工作日。 八、其它补充事宜 无。 九、凡对本次公告内容提出询问，请按以下方式联系。 1.采购人信息 名 称：中华人民共和国拱北出入境边防检查站 地址：广东省珠海市香洲区翠微东路268号 联系方式：谢熙镇，0756-8169024 2.项目联系方式 项目联系人：张兵兵 电 话： 0756-8169024",设备购置,,中国政府采购网,,,,,,9.942,"[{""序号"": ""1"", ""供应商名称"": ""珠海兴华智能科技有限公司"", ""货物名称"": ""精密空调"", ""货物品牌"": ""维谛"", ""货物型号"": ""维谛DME05MCSUP1,DMC05WP1;维谛DME07MCSUP1,DMC07WP1。"", ""货物数量"": ""5.5KW精密空调一台；7.5KW精密空调一台。"", ""货物单价(元)"": ""维谛DME05MCSUP1,DMC05WP1单价22500.00元；维谛DME07MCSUP1,DMC07WP1单价26000.00元。""}]",中华人民共和国拱北出入境边防检查站政府采购办公室,0.0,珠海兴华智能科技有限公司,,,,
哈尔滨工程大学重点实验室甲楼建设项目初步设计成交公告,成交公告,ZXDC2026X713,2026年09月08日 18:27,黑龙江省,哈尔滨工程大学,哈尔滨市南岗区南通大街145号,张老师、杨老师、杜老师0451-82519863,正信伟业工程咨询管理有限公司,哈尔滨市香坊区红旗大街235号投资大厦17层,孙先生 0451-82362805,赵女士、孙先生电,0451-82362805,,,https://www.ccgp.gov.cn/cggg/zygg/cjgg/202609/t20260908_27290661.htm,2026-09-10 09:35:30,一、项目编号：ZXDC2026X713（招标文件编号：ZXDC2026X713） 二、项目名称：哈尔滨工程大学重点实验室甲楼建设项目初步设计 三、中标（成交）信息 供应商名称：哈尔滨工业大学建筑设计研究院有限公司供应商地址：哈尔滨市南岗区海河路202号哈尔滨工业大学2校区主楼9层、10层中标（成交）金额：96.9000000（万元）四、主要标的信息 序号    供应商名称      服务名称      服务范围      服务要求      服务时间      服务标准   1    哈尔滨工业大学建筑设计研究院有限公司      哈尔滨工业大学建筑设计研究院有限公司      本项目总建筑面积51000平方米，其中地上6层，建筑面积43200平方米，地下1层，建筑面积7800平方米，核定总投资37967.00万元。采购内容为完成初步设计文本、图纸和概算，包括规划土地内用地范围内的单体建筑、结构、人防、给排水、暖通、消防和强弱电系统及室外配套工程的总平面、竖向、管线综合、给排水、暖通、消防、强弱电系统、室外工程等全部内容。      符合比选文件要求      取得可行性研究报告批复并接到发包人通知后15日历天完成初步设计，具体开工时间以采购人通知为准      符合比选文件要求                 五、评审专家（单一来源采购人员）名单： 刘颖、李云红、李伟（采购人代表） 六、代理服务收费标准及金额： 本项目代理费收费标准：参照执行《招标代理服务收费管理暂行办法》（计价〔2002〕1980号）、《国家发展改革委办公厅关于招标代理服务收费有关问题的通知》（发改办价格〔2003〕857号）文件规定计取，本项目代理服务费为14535元，由成交供应商下发成交通知书前支付。 本项目代理费总金额：1.453500 万元（人民币） 七、公告期限 自本公告发布之日起1个工作日。 八、其它补充事宜 成交结果公告一、项目编号：ZXDC2026X713二、项目名称：哈尔滨工程大学重点实验室甲楼建设项目初步设计三、成交信息供应商名称： 哈尔滨工业大学建筑设计研究院有限公司供应商地址：哈尔滨市南岗区海河路202号哈尔滨工业大学2校区主楼9层、10层成交金额：96.90万元四、主要标的信息 服务类 名称：哈尔滨工程大学重点实验室甲楼建设项目初步设计 服务范围：本项目总建筑面积51000平方米，其中地上6层，建筑面积43200平方米，地下1层，建筑面积7800平方米，核定总投资37967.00万元。采购内容为完成初步设计文本、图纸和概算，包括规划土地内用地范围内的单体建筑、结构、人防、给排水、暖通、消防和强弱电系统及室外配套工程的总平面、竖向、管线综合、给排水、暖通、消防、强弱电系统、室外工程等全部内容。 服务要求：符合比选文件要求 服务时间：取得可行性研究报告批复并接到发包人通知后15日历天完成初步设计，具体开工时间以采购人通知为准 服务标准：符合比选文件要求 五、评审专家名单：刘颖、李云红、李伟（采购人代表）六、代理服务收费标准及金额：收取标准：参照执行《招标代理服务收费管理暂行办法》（计价〔2002〕1980号）、《国家发展改革委办公厅关于招标代理服务收费有关问题的通知》（发改办价格〔2003〕857号）文件规定计取，本项目代理服务费为14535元，由成交供应商下发成交通知书前支付。七、公告期限自本公告发布之日起1个工作日。八、其他补充事宜     无九、凡对本次公告内容提出询问，请按以下方式联系。1、采购人信息名 称：哈尔滨工程大学地址：哈尔滨市南岗区南通大街145号联系人：张老师、杨老师、杜老师联系方式：0451-825198632、采购代理机构信息名    称：正信伟业工程咨询管理有限公司地 址：哈尔滨市香坊区红旗大街235号投资大厦17层联系人：赵女士、孙先生联系方式：0451-823628053、项目联系方式项目联系人：赵女士、孙先生电  话：0451-82362805 九、凡对本次公告内容提出询问，请按以下方式联系。 1.采购人信息 名 称：哈尔滨工程大学 地址：哈尔滨市南岗区南通大街145号 联系方式：张老师、杨老师、杜老师0451-82519863 2.采购代理机构信息 名 称：正信伟业工程咨询管理有限公司 地 址：哈尔滨市香坊区红旗大街235号投资大厦17层 联系方式：孙先生 0451-82362805 3.项目联系方式 项目联系人：孙先生 电 话： 0451-82519863,教育培训,,中国政府采购网,,,,,,96.9,"[{""序号"": ""1"", ""供应商名称"": ""哈尔滨工业大学建筑设计研究院有限公司"", ""服务名称"": ""哈尔滨工业大学建筑设计研究院有限公司"", ""服务范围"": ""本项目总建筑面积51000平方米，其中地上6层，建筑面积43200平方米，地下1层，建筑面积7800平方米，核定总投资37967.00万元。采购内容为完成初步设计文本、图纸和概算，包括规划土地内用地范围内的单体建筑、结构、人防、给排水、暖通、消防和强弱电系统及室外配套工程的总平面、竖向、管线综合、给排水、暖通、消防、强弱电系统、室外工程等全部内容。"", ""服务要求"": ""符合比选文件要求"", ""服务时间"": ""取得可行性研究报告批复并接到发包人通知后15日历天完成初步设计，具体开工时间以采购人通知为准"", ""服务标准"": ""符合比选文件要求""}]",刘颖、李云红、李伟（采购人代表）,1.4535,哈尔滨工业大学建筑设计研究院有限公司,,,,
2026年食堂外包服务（二次）成交公告,成交公告,ZC26T320098,2026年09月08日 17:45,北京市,公安部铁路公安局直属警卫总队,北京市通州区,李先生 15510191966,中招工业发展（北京）有限公司,北京市海淀区皂君庙14号院9号楼1至5层全部,刘川、徐红俊、刘伟、高杨 010-68209678，15010613191,刘川,68209678,"中小企业声明函.pdf,2026年食堂外包服务.pdf","[{""attach_name"": ""中小企业声明函.pdf"", ""attach_url"": ""https://download.ccgp.gov.cn/oss/download?uuid=2955CAC0E4F5D947BB97B7264BF495""}, {""attach_name"": ""2026年食堂外包服务.pdf"", ""attach_url"": ""https://download.ccgp.gov.cn/oss/download?uuid=45EB68E839E15EA2D32F72250A7D97""}]",https://www.ccgp.gov.cn/cggg/zygg/cjgg/202609/t20260908_27289942.htm,2026-09-10 09:35:31,一、项目编号：ZC26T320098（招标文件编号：ZC26T320098） 二、项目名称：2026年食堂外包服务 三、中标（成交）信息 供应商名称：康卓（北京）餐饮管理集团有限公司供应商地址：北京市密云区北庄镇北庄村原服装厂院内西二层204室205室中标（成交）金额：80.5721860（万元）四、主要标的信息 序号    供应商名称      服务名称      服务范围      服务要求      服务时间      服务标准   1    康卓（北京）餐饮管理集团有限公司      食堂外包服务      采购单位食堂外包项目，计划采购一家食堂管理供应商，需供应商提供食堂服务，如商品安全管控包括不限于资质合规、食材安全、场所卫生等；把控餐食质量标准包括不限于菜单指定、菜品创新、特殊需求响应、剩菜率控制等。      满足招标人需求      合同签订之日起一年      按磋商文件要求执行                 五、评审专家（单一来源采购人员）名单： 吴颖涵、芦玉芝、郭子昂 六、代理服务收费标准及金额： 本项目代理费收费标准：见磋商文件 本项目代理费总金额：1.208500 万元（人民币） 七、公告期限 自本公告发布之日起1个工作日。 八、其它补充事宜 评审总得分(综合评分法)： 97.4 分 九、凡对本次公告内容提出询问，请按以下方式联系。 1.采购人信息 名 称：公安部铁路公安局直属警卫总队 地址：北京市通州区 联系方式：李先生 15510191966 2.采购代理机构信息 名 称：中招工业发展（北京）有限公司 地 址：北京市海淀区皂君庙14号院9号楼1至5层全部 联系方式：刘川、徐红俊、刘伟、高杨 010-68209678，15010613191 3.项目联系方式 项目联系人：刘川 电 话： 68209678,服务外包,,中国政府采购网,,,,,,80.572186,"[{""序号"": ""1"", ""供应商名称"": ""康卓（北京）餐饮管理集团有限公司"", ""服务名称"": ""食堂外包服务"", ""服务范围"": ""采购单位食堂外包项目，计划采购一家食堂管理供应商，需供应商提供食堂服务，如商品安全管控包括不限于资质合规、食材安全、场所卫生等；把控餐食质量标准包括不限于菜单指定、菜品创新、特殊需求响应、剩菜率控制等。"", ""服务要求"": ""满足招标人需求"", ""服务时间"": ""合同签订之日起一年"", ""服务标准"": ""按磋商文件要求执行""}]",吴颖涵、芦玉芝、郭子昂,1.2085,康卓（北京）餐饮管理集团有限公司,,,,
国家林业和草原局信息中心2026年国家林业和草原局网络安全监测设备租赁项目中选公告,成交公告,ZGGJ-BJ03-26071495,2026年09月08日 17:39,北京市,国家林业和草原局信息中心,北京市东城区和平里东街18号,010-84238223,中工国际招标有限公司,北京市朝阳区慧忠路5号远大中心C座2层203,刘展闻、张跃18811045595,刘展闻,18811045595,2026年国家林业和草原局网络安全监测设备租赁项目比选文件.pdf,"[{""attach_name"": ""2026年国家林业和草原局网络安全监测设备租赁项目比选文件.pdf"", ""attach_url"": ""https://download.ccgp.gov.cn/oss/download?uuid=B8B63C080C101D5E95E4FB99FEF697""}]",https://www.ccgp.gov.cn/cggg/zygg/cjgg/202609/t20260908_27289804.htm,2026-09-10 09:35:31,一、项目编号：ZGGJ-BJ03-26071495（招标文件编号：ZGGJ-BJ03-26071495） 二、项目名称：2026年国家林业和草原局网络安全监测设备租赁项目 三、中标（成交）信息 供应商名称：金锐同创（北京）科技股份有限公司供应商地址：北京市海淀区闵庄路3号玉泉慧谷8号楼二层01中标（成交）金额：82.6600000（万元）四、主要标的信息 序号    供应商名称      服务名称      服务范围      服务要求      服务时间      服务标准   1    金锐同创（北京）科技股份有限公司      2026年国家林业和草原局网络安全监测设备租赁项目      攻击预警平台需在互联网、电子政务外网分别部署1台（套）；MSS云监测需在互联网、电子政务外网部署1台（套）；云网站监测需在互联网部署1台（套）；综合日志审计平台需在互联网部署1台（套）；威胁监测分析系统（含探针）需在互联网、电子政务外网分别部署1台（套），其中探针需在互联网区域配套2台（套），在电子政务外网区域配套1台（套）；WEB应用防护系统需在互联网区域部署1台（套）（需和绿盟WAFNX5-P1600A做主备使用），入侵检测系统需在电子政务外网部署1台（套）；应用安全网关系统、流量检测系统均部署于互联网区域，因主备需要，分别部署不少于2台（套）。详细内容见比选文件第四章“采购需求”。      详见比选文件      合同签订后5日内完成相关软硬件设备部署升级等。相应网络安全产品均提供正式授权及1年升级保障服务。      详见比选文件                 五、评审专家（单一来源采购人员）名单： 崔继光(组长)、杨卓夫、王秀华 六、代理服务收费标准及金额： 本项目代理费收费标准：本项目代理费收费标准：参考国家计委计价格【2002】1980号文件、国家发改办【2003】857号文件规定的收费标准收取招标代理费。 本项目代理费总金额：1.240000 万元（人民币） 七、公告期限 自本公告发布之日起1个工作日。 八、其它补充事宜 1.中选供应商的评审总得分为92.33。2.请未中选供应商在中选公告发布后，前来中工国际招标有限公司领取结果告知函并办理退还磋商保证金手续。 九、凡对本次公告内容提出询问，请按以下方式联系。 1.采购人信息 名 称：国家林业和草原局信息中心 地址：北京市东城区和平里东街18号 联系方式：010-84238223 2.采购代理机构信息 名 称：中工国际招标有限公司 地 址：北京市朝阳区慧忠路5号远大中心C座2层203 联系方式：刘展闻、张跃18811045595 3.项目联系方式 项目联系人：刘展闻 电 话： 18811045595,信息技术,,中国政府采购网,,,,,,82.66,"[{""序号"": ""1"", ""供应商名称"": ""金锐同创（北京）科技股份有限公司"", ""服务名称"": ""2026年国家林业和草原局网络安全监测设备租赁项目"", ""服务范围"": ""攻击预警平台需在互联网、电子政务外网分别部署1台（套）；MSS云监测需在互联网、电子政务外网部署1台（套）；云网站监测需在互联网部署1台（套）；综合日志审计平台需在互联网部署1台（套）；威胁监测分析系统（含探针）需在互联网、电子政务外网分别部署1台（套），其中探针需在互联网区域配套2台（套），在电子政务外网区域配套1台（套）；WEB应用防护系统需在互联网区域部署1台（套）（需和绿盟WAFNX5-P1600A做主备使用），入侵检测系统需在电子政务外网部署1台（套）；应用安全网关系统、流量检测系统均部署于互联网区域，因主备需要，分别部署不少于2台（套）。详细内容见比选文件第四章“采购需求”。"", ""服务要求"": ""详见比选文件"", ""服务时间"": ""合同签订后5日内完成相关软硬件设备部署升级等。相应网络安全产品均提供正式授权及1年升级保障服务。"", ""服务标准"": ""详见比选文件""}]",崔继光(组长)、杨卓夫、王秀华,1.24,金锐同创（北京）科技股份有限公司,,,,
北京林业大学实验林场教学和学生公寓等楼宇及配套设施改造工程(三次)成交公告,成交公告,,2026年09月08日 17:33,市辖区,北京林业大学,北京市海淀区清华东路35号,李老师、徐老师010-62337104,中和德汇工程技术有限公司,北京市丰台区汽车博物馆东路盈坤世纪G座7层,刘贯义、15810622356,刘贯义,15810622356,"竞争性磋商文件-北京林业大学实验林场教学和学生公寓等楼宇及配套设施改造工程（三次）.pdf,中小企业声明函.jpg","[{""attach_name"": ""竞争性磋商文件-北京林业大学实验林场教学和学生公寓等楼宇及配套设施改造工程（三次）.pdf"", ""attach_url"": ""https://download.ccgp.gov.cn/oss/download?uuid=BEEE21A959383C5FAA16978B2AC609""}, {""attach_name"": ""中小企业声明函.jpg"", ""attach_url"": ""https://download.ccgp.gov.cn/oss/download?uuid=5CA287B8D0C5CA4945C40B4FE6B8A1""}]",https://www.ccgp.gov.cn/cggg/zygg/cjgg/202609/t20260908_27289589.htm,2026-09-10 09:35:32,一、项目编号：北林招（工）[ZB2026]015号（招标文件编号：北林招（工）[ZB2026]015号） 二、项目名称：北京林业大学实验林场教学和学生公寓等楼宇及配套设施改造工程 三、中标（成交）信息 供应商名称：北京朝方供用电安装有限公司供应商地址：北京市朝阳区豆各庄乡金田公园内8号中标（成交）金额：134.1107000（万元）四、主要标的信息 序号    供应商名称       工程名称       施工范围       施工工期       项目经理       执业证书   1    北京朝方供用电安装有限公司      北京林业大学实验林场教学和学生公寓等楼宇及配套设施改造工程（三次）      北京林业大学实验林场教学和学生公寓等楼宇及配套设施改造工程（三次）范围包括本工程施工图纸及清单范围内的拆除工程、地基处理及土方工程、电气工程、建筑给水排水工程、其他零星建筑工程，以及过程中可能产生的所有变更洽商等全部内容。（详见施工图纸及工程量清单）      40日历天。具体施工时间以采购人合同签订日期为准。      王海光      证书类型：一级注册建造师 证书编号：京1112021202203317                 五、评审专家（单一来源采购人员）名单： 张莹，梁宏生，李依璘，杨先伟，张洋 六、代理服务收费标准及金额： 本项目代理费收费标准：采购代理机构参照国家计委计价格〔2002〕1980号及发改价格〔2011〕534号文件的规定下浮30%向成交响应人收取采购代理服务费；不足4000元按4000元收取。 本项目代理费总金额：0.867142 万元（人民币） 七、公告期限 自本公告发布之日起1个工作日。 八、其它补充事宜 1、本公告同时在中国政府采购网（https://www.ccgp.gov.cn）和北京林业大学网站（http://www.bjfu.edu.cn）上发布。2、成交供应商得分情况：北京朝方供用电安装有限公司：87.24分 九、凡对本次公告内容提出询问，请按以下方式联系。 1.采购人信息 名 称：北京林业大学 地址：北京市海淀区清华东路35号 联系方式：李老师、徐老师010-62337104 2.采购代理机构信息 名 称：中和德汇工程技术有限公司 地 址：北京市丰台区汽车博物馆东路盈坤世纪G座7层 联系方式：刘贯义、15810622356 3.项目联系方式 项目联系人：刘贯义 电 话： 15810622356,教育培训,,中国政府采购网,,,,,,134.1107,"[{""序号"": ""1"", ""供应商名称"": ""北京朝方供用电安装有限公司"", ""工程名称"": ""北京林业大学实验林场教学和学生公寓等楼宇及配套设施改造工程（三次）"", ""施工范围"": ""北京林业大学实验林场教学和学生公寓等楼宇及配套设施改造工程（三次）范围包括本工程施工图纸及清单范围内的拆除工程、地基处理及土方工程、电气工程、建筑给水排水工程、其他零星建筑工程，以及过程中可能产生的所有变更洽商等全部内容。（详见施工图纸及工程量清单）"", ""施工工期"": ""40日历天。具体施工时间以采购人合同签订日期为准。"", ""项目经理"": ""王海光"", ""执业证书"": ""证书类型：一级注册建造师\t\t\t证书编号：京1112021202203317""}]",张莹，梁宏生，李依璘，杨先伟，张洋,0.867142,北京朝方供用电安装有限公司,,,,
国家卫生健康委药具管理中心信息系统云计算服务及容灾备份项目成交公告,成交公告,TC260308R,2026年09月08日 17:29,北京市,国家卫生健康委药具管理中心,北京市海淀区皂君庙甲14号,于老师 010-62116622,中招国际招标有限公司,北京市海淀区学院南路62号，中关村资本大厦6层601C,曹宁、刘子清、冯佳义、李艳君、侯云燕 010-62108066、62108131、62108146、62108111,曹宁、刘子清、冯佳义、李艳君,010-62108066、62108131、62108146、62108111,磋商文件（发布稿）-国家卫生健康委药具管理中心信息系统云计算服务及容灾备份项目 0824.pdf,"[{""attach_name"": ""磋商文件（发布稿）-国家卫生健康委药具管理中心信息系统云计算服务及容灾备份项目 0824.pdf"", ""attach_url"": ""https://download.ccgp.gov.cn/oss/download?uuid=75EA488DAC3FF36727734FC5EC0A96""}]",https://www.ccgp.gov.cn/cggg/zygg/cjgg/202609/t20260908_27289492.htm,2026-09-10 09:35:32,一、项目编号：TC260308R（招标文件编号：TC260308R） 二、项目名称：国家卫生健康委药具管理中心信息系统云计算服务及容灾备份项目 三、中标（成交）信息 供应商名称：北京国信新网通讯技术有限公司供应商地址：北京市西城区广安门内大街315号A座4层中标（成交）金额：88.6700000（万元）四、主要标的信息 序号    供应商名称      服务名称      服务范围      服务要求      服务时间      服务标准   1    北京国信新网通讯技术有限公司      信息系统云计算服务及容灾备份      按磋商文件要求      按磋商文件要求      本项目服务周期为一年。本项目在2026年10月1日前完成云计算服务及容灾备份项目的部署实施工作。      按磋商文件要求                 五、评审专家（单一来源采购人员）名单： 闫怀志、孙功星、段玉梅 六、代理服务收费标准及金额： 本项目代理费收费标准：按磋商文件要求。 本项目代理费总金额：1.500000 万元（人民币） 七、公告期限 自本公告发布之日起1个工作日。 八、其它补充事宜 成交供应商北京国信新网通讯技术有限公司评审得分为88.33分。 九、凡对本次公告内容提出询问，请按以下方式联系。 1.采购人信息 名 称：国家卫生健康委药具管理中心 地址：北京市海淀区皂君庙甲14号 联系方式：于老师 010-62116622 2.采购代理机构信息 名 称：中招国际招标有限公司 地 址：北京市海淀区学院南路62号，中关村资本大厦6层601C 联系方式：曹宁、刘子清、冯佳义、李艳君、侯云燕 010-62108066、62108131、62108146、62108111 3.项目联系方式 项目联系人：曹宁、刘子清、冯佳义、李艳君、侯云燕 电 话： 010-62108066、62108131、62108146、62108111,医疗卫生,,中国政府采购网,,,,,,88.67,"[{""序号"": ""1"", ""供应商名称"": ""北京国信新网通讯技术有限公司"", ""服务名称"": ""信息系统云计算服务及容灾备份"", ""服务范围"": ""按磋商文件要求"", ""服务要求"": ""按磋商文件要求"", ""服务时间"": ""本项目服务周期为一年。本项目在2026年10月1日前完成云计算服务及容灾备份项目的部署实施工作。"", ""服务标准"": ""按磋商文件要求""}]",闫怀志、孙功星、段玉梅,1.5,北京国信新网通讯技术有限公司,,,,
甘肃消防救援机动总队应急科普作品创演大赛承办机构选取项目成交公告,成交公告,GSXFJDZD-2026-520807-A012,2026年09月08日 17:27,甘肃省,甘肃消防救援机动总队,兰州市安宁区北滨河西路 999 号,李主任0931-6956219,甘肃子航国信国际招标有限公司,兰州市城关区南滨河东路 5198 号名城广场 2 号楼 0827 室,陈经理13919941449,陈经理,13919941449,,,https://www.ccgp.gov.cn/cggg/zygg/cjgg/202609/t20260908_27289443.htm,2026-09-10 09:35:33,一、项目编号：GSXFJDZD-2026-520807-A012（招标文件编号：GSXFJDZD-2026-520807-A012） 二、项目名称：甘肃消防救援机动总队应急科普作品创演大赛承办机构选取项目 三、中标（成交）信息 供应商名称：甘肃省广播电视总台供应商地址：甘肃省兰州市城关区张苏滩高新技术开发区561号中标（成交）金额：27.7800000（万元）四、主要标的信息 序号    供应商名称      服务名称      服务范围      服务要求      服务时间      服务标准   1    甘肃省广播电视总台      甘肃消防救援机动总队应急科普作品创演大赛承办机构选取项目      详见竞争性磋商文件      详见竞争性磋商文件      具体时间以合同为准      详见竞争性磋商文件                 五、评审专家（单一来源采购人员）名单： 赵锦宏、孟峰、杨亦兵 六、代理服务收费标准及金额： 本项目代理费收费标准：收费标准执行国家计委计价格【2002】1980号文和发改办价格【2003】857号的规定下浮10%支付采购代理服务费。 本项目代理费总金额：0.375000 万元（人民币） 七、公告期限 自本公告发布之日起1个工作日。 八、其它补充事宜 九、凡对本次公告内容提出询问，请按以下方式联系。 1.采购人信息 名 称：甘肃消防救援机动总队 地址：兰州市安宁区北滨河西路 999 号 联系方式：李主任0931-6956219 2.采购代理机构信息 名 称：甘肃子航国信国际招标有限公司 地 址：兰州市城关区南滨河东路 5198 号名城广场 2 号楼 0827 室 联系方式：陈经理13919941449 3.项目联系方式 项目联系人：陈经理 电 话： 13919941449,公共安全,,中国政府采购网,,,,,,27.78,"[{""序号"": ""1"", ""供应商名称"": ""甘肃省广播电视总台"", ""服务名称"": ""甘肃消防救援机动总队应急科普作品创演大赛承办机构选取项目"", ""服务范围"": ""详见竞争性磋商文件"", ""服务要求"": ""详见竞争性磋商文件"", ""服务时间"": ""具体时间以合同为准"", ""服务标准"": ""详见竞争性磋商文件""}]",赵锦宏、孟峰、杨亦兵,0.375,甘肃省广播电视总台,,,,
兰州大学高校和学科数据系统服务采购项目成交公告,成交公告,LZU-2026-152-FW-CS,2026年09月08日 17:24,甘肃省,兰州大学,甘肃省兰州市城关区天水南路222号,曹老师 刘老师 0931-8912932、zbk@lzu.edu.cn,浩鑫致远项目管理有限公司,甘肃省兰州市城关区民主西路9号（兰州SOHO）10层1012室,张调调 、18194212212、2731395902@qq.com,俞老师,0931-8915501,兰州大学高校和学科数据系统服务采购项目磋商文件(2).pdf,"[{""attach_name"": ""兰州大学高校和学科数据系统服务采购项目磋商文件(2).pdf"", ""attach_url"": ""https://download.ccgp.gov.cn/oss/download?uuid=39B5F3C579E6706C1A6BE44C875493""}]",https://www.ccgp.gov.cn/cggg/zygg/cjgg/202609/t20260908_27289395.htm,2026-09-10 09:35:34,一、项目编号：LZU-2026-152-FW-CS（招标文件编号：LZU-2026-152-FW-CS） 二、项目名称：兰州大学高校和学科数据系统服务采购项目 三、中标（成交）信息 供应商名称：杭州青塔科技有限公司供应商地址：浙江省杭州市拱墅区祥符街道祥园路88号3幢606室中标（成交）金额：31.0000000（万元）四、主要标的信息 序号    供应商名称      服务名称      服务范围      服务要求      服务时间      服务标准   1    杭州青塔科技有限公司      高校和学科数据系统服务      详见磋商文件      详见磋商文件      本项目一次采购结果沿用3年，合同一年一签，每年度合同到期后，采购人有权根据项目实际使用、供应商履约表现自主决定是否续签。      详见磋商文件                 五、评审专家（单一来源采购人员）名单： 费冬青、陈晋云、俞利昺 六、代理服务收费标准及金额： 本项目代理费收费标准：按照磋商文件规定执行 本项目代理费总金额：0.240900 万元（人民币） 七、公告期限 自本公告发布之日起1个工作日。 八、其它补充事宜 无 九、凡对本次公告内容提出询问，请按以下方式联系。 1.采购人信息 名 称：兰州大学 地址：甘肃省兰州市城关区天水南路222号 联系方式：曹老师 刘老师 0931-8912932、zbk@lzu.edu.cn 2.采购代理机构信息 名 称：浩鑫致远项目管理有限公司 地 址：甘肃省兰州市城关区民主西路9号（兰州SOHO）10层1012室 联系方式：张调调 、18194212212、2731395902@qq.com 3.项目联系方式 项目联系人：俞老师 电 话： 0931-8915501,教育培训,,中国政府采购网,,,,,,31.0,"[{""序号"": ""1"", ""供应商名称"": ""杭州青塔科技有限公司"", ""服务名称"": ""高校和学科数据系统服务"", ""服务范围"": ""详见磋商文件"", ""服务要求"": ""详见磋商文件"", ""服务时间"": ""本项目一次采购结果沿用3年，合同一年一签，每年度合同到期后，采购人有权根据项目实际使用、供应商履约表现自主决定是否续签。"", ""服务标准"": ""详见磋商文件""}]",费冬青、陈晋云、俞利昺,0.2409,杭州青塔科技有限公司,,,,
中国人民银行湖南省分行机关业务（一般公务）车辆驾驶服务（第二次）成交公告,成交公告,HNZJC2026-FW,2026年09月08日 17:23,湖南省,中国人民银行湖南省分行,湖南省长沙市蔡锷中路2号,熊先生0731-84301437,中技建设咨询有限公司,长沙市雨花区湘府中路117号高升金典商务楼12层,金清源、皮丹丹、官彬、宋传生0731-84315268,金清源,0731-84315268,,,https://www.ccgp.gov.cn/cggg/zygg/cjgg/202609/t20260908_27289359.htm,2026-09-10 09:35:34,一、项目编号：HNZJC2026-FW(4)-570（招标文件编号：HNZJC2026-FW(4)-570） 二、项目名称：中国人民银行湖南省分行机关业务（一般公务）车辆驾驶服务（第二次） 三、中标（成交）信息 供应商名称：湖南众维物业管理有限公司供应商地址：长沙市芙蓉区芙蓉中路185号顺天城901房中标（成交）金额：124.6693680（万元）四、主要标的信息 序号    供应商名称      服务名称      服务范围      服务要求      服务时间      服务标准   1    湖南众维物业管理有限公司      中国人民银行湖南省分行机关业务（一般公务）车辆驾驶服务（第二次）      详见响应文件      详见响应文件      详见本项目磋商文件      详见响应文件                 五、评审专家（单一来源采购人员）名单： 熊更姣（主任评委）、姚春梅 、刘彬（采购人代表） 六、代理服务收费标准及金额： 本项目代理费收费标准：参照计价格〔2002〕1980号文规定标准的70%%计算代理费。 本项目代理费总金额：2.584445 万元（人民币） 七、公告期限 自本公告发布之日起1个工作日。 八、其它补充事宜 供应商名称 资格性审查结果 符合性审查结果 最终报价（元/年） 综合得分 推荐排名 是否成交候选供应商 湖南众维物业管理有限公司 审核通过 审核通过 1246693.68 95.96 一 是 深圳市华宸物业发展有限公司 审核通过 审核通过 1260080.00 73.82 二 是 湖南大田智慧生活服务有限公司 审核通过 审核通过 1258500.00 62.67 三 是   九、凡对本次公告内容提出询问，请按以下方式联系。 1.采购人信息 名 称：中国人民银行湖南省分行 地址：湖南省长沙市蔡锷中路2号 联系方式：熊先生0731-84301437 2.采购代理机构信息 名 称：中技建设咨询有限公司 地 址：长沙市雨花区湘府中路117号高升金典商务楼12层 联系方式：金清源、皮丹丹、官彬、宋传生0731-84315268 3.项目联系方式 项目联系人：金清源 电 话： 0731-84315268,设备购置,,中国政府采购网,,,,,,124.669368,"[{""序号"": ""1"", ""供应商名称"": ""湖南众维物业管理有限公司"", ""服务名称"": ""中国人民银行湖南省分行机关业务（一般公务）车辆驾驶服务（第二次）"", ""服务范围"": ""详见响应文件"", ""服务要求"": ""详见响应文件"", ""服务时间"": ""详见本项目磋商文件"", ""服务标准"": ""详见响应文件""}, {""供应商名称"": ""湖南众维物业管理有限公司"", ""资格性审查结果"": ""审核通过"", ""符合性审查结果"": ""审核通过"", ""最终报价（元/年）"": ""1246693.68"", ""综合得分"": ""95.96"", ""推荐排名"": ""一"", ""是否成交候选供应商"": ""是""}, {""供应商名称"": ""深圳市华宸物业发展有限公司"", ""资格性审查结果"": ""审核通过"", ""符合性审查结果"": ""审核通过"", ""最终报价（元/年）"": ""1260080.00"", ""综合得分"": ""73.82"", ""推荐排名"": ""二"", ""是否成交候选供应商"": ""是""}, {""供应商名称"": ""湖南大田智慧生活服务有限公司"", ""资格性审查结果"": ""审核通过"", ""符合性审查结果"": ""审核通过"", ""最终报价（元/年）"": ""1258500.00"", ""综合得分"": ""62.67"", ""推荐排名"": ""三"", ""是否成交候选供应商"": ""是""}]",熊更姣（主任评委）、姚春梅 、刘彬（采购人代表）,2.584445,湖南众维物业管理有限公司、是、深圳市华宸物业发展有限公司、湖南大田智慧生活服务有限公司,,,,
朝阳区消防救援支队2026-2027年燃油自供暖单位购买燃油项目成交公告,成交公告,ZYZB-2026-0830,2026年09月08日 17:22,北京市,朝阳区消防救援支队,北京市朝阳区百子湾路与西大望路交叉口东北角,010-85851341,中钰招标有限公司,北京市丰台区四合庄路2号院4号楼1至17层101内17层1701,010-60624505转810/816,崔鹏、刘晶晶、朱艳梅、李倩、郭,010-60624505转810,"中小企业声明函.pdf,1.朝阳区消防救援支队2026-2027年燃油自供暖单位购买燃油项目成交公告.docx,最终稿-朝阳区消防救援支队2026-2027年燃油自供暖单位购买燃油项目.pdf","[{""attach_name"": ""中小企业声明函.pdf"", ""attach_url"": ""https://download.ccgp.gov.cn/oss/download?uuid=35449A348277450DEC93673A03A862""}, {""attach_name"": ""1.朝阳区消防救援支队2026-2027年燃油自供暖单位购买燃油项目成交公告.docx"", ""attach_url"": ""https://download.ccgp.gov.cn/oss/download?uuid=3FD091E2904289D6DD2B8C10761DD8""}, {""attach_name"": ""最终稿-朝阳区消防救援支队2026-2027年燃油自供暖单位购买燃油项目.pdf"", ""attach_url"": ""https://download.ccgp.gov.cn/oss/download?uuid=ACFC528C3E5B6C560B79ED305E551E""}]",https://www.ccgp.gov.cn/cggg/zygg/cjgg/202609/t20260908_27289355.htm,2026-09-10 09:35:35,一、项目编号：ZYZB-2026-0830（招标文件编号：ZYZB-2026-0830） 二、项目名称：朝阳区消防救援支队2026-2027年燃油自供暖单位购买燃油项目 三、中标（成交）信息 供应商名称：陕西卓泓能源有限公司供应商地址：陕西省榆林市高新技术产业园区榆商大厦A座21楼2102室包组或产品名称：朝阳区消防救援支队2026-2027年燃油自供暖单位购买燃油项目下浮率(%)：13.0000000四、主要标的信息 序号    供应商名称      货物名称      货物品牌      货物型号      货物数量      货物单价(元)   1    陕西卓泓能源有限公司      详见附件      详见附件      详见附件      详见附件      详见附件                 五、评审专家（单一来源采购人员）名单： 黄艳军（组长）、葛健、韩毅 六、代理服务收费标准及金额： 本项目代理费收费标准：详见磋商文件 本项目代理费总金额：0.853654 万元（人民币） 七、公告期限 自本公告发布之日起1个工作日。 八、其它补充事宜 成交供应商名称： 陕西卓泓能源有限公司综合得分：90.28 九、凡对本次公告内容提出询问，请按以下方式联系。 1.采购人信息 名 称：朝阳区消防救援支队 地址：北京市朝阳区百子湾路与西大望路交叉口东北角 联系方式：010-85851341 2.采购代理机构信息 名 称：中钰招标有限公司 地 址：北京市丰台区四合庄路2号院4号楼1至17层101内17层1701 联系方式：010-60624505转810/816 3.项目联系方式 项目联系人：崔鹏、刘晶晶、朱艳梅、李倩、郭玉婷、金俐成、丁峥敏、张书玲、卢雪 电 话： 010-60624505转810/816,公共安全,,中国政府采购网,,,,,,0.0,"[{""序号"": ""1"", ""供应商名称"": ""陕西卓泓能源有限公司"", ""货物名称"": ""详见附件"", ""货物品牌"": ""详见附件"", ""货物型号"": ""详见附件"", ""货物数量"": ""详见附件"", ""货物单价(元)"": ""详见附件""}]",黄艳军（组长）、葛健、韩毅,0.853654,陕西卓泓能源有限公司,,,,
中国科学院地理科学与资源研究所禹城站静态水体样地实验水池及排水渠道等维修项目竞争性磋商成交公告,成交公告,HYXX-2026-ZB006,2026年09月08日 17:20,禹城市,中国科学院地理科学与资源研究所,中国科学院禹城综合试验站,乔先生,德州汇月星翔工程项目管理有限公司,山东省德州市禹城市市中街道建设路127号,李丽,乔先生,13521809474,"禹城站静态水体样地实验水池及排水渠道等维修项目竞争性磋商文件.pdf,中小企业声明函.pdf","[{""attach_name"": ""禹城站静态水体样地实验水池及排水渠道等维修项目竞争性磋商文件.pdf"", ""attach_url"": ""https://download.ccgp.gov.cn/oss/download?uuid=439B5455E6852076A0A55AC96DFD50""}, {""attach_name"": ""中小企业声明函.pdf"", ""attach_url"": ""https://download.ccgp.gov.cn/oss/download?uuid=5CE8436D37D3044BD4206D6683ED56""}]",https://www.ccgp.gov.cn/cggg/zygg/cjgg/202609/t20260908_27289246.htm,2026-09-10 09:35:36,一、项目编号：HYXX-2026-ZB006（招标文件编号：HYXX-2026-ZB006） 二、项目名称：禹城站静态水体样地实验水池及排水渠道等维修项目 三、中标（成交）信息 供应商名称：禹城市惠通建筑有限公司供应商地址：山东省德州市禹城市房寺镇驻地中标（成交）金额：325.0000000（万元）四、主要标的信息 序号    供应商名称       工程名称       施工范围       施工工期       项目经理       执业证书   1    禹城市惠通建筑有限公司      禹城站静态水体样地实验水池及排水渠道等维修项目      图纸及工程量清单范围内的全部施工内容      签订合同后接甲方通知60日历天内完成      焦连辉      鲁2372009202617521                 五、评审专家（单一来源采购人员）名单： 马啸驰、邢玉香、任永峰 六、代理服务收费标准及金额： 本项目代理费收费标准：本项目代理服务费实行市场调节价，计费参照发改价格〔2002〕1980号文件、发改办价格〔2003〕857号文件“工程类”协商计取。 本项目代理费总金额：3.326300 万元（人民币） 七、公告期限 自本公告发布之日起1个工作日。 八、其它补充事宜 九、凡对本次公告内容提出询问，请按以下方式联系。 1.采购人信息 名 称：中国科学院地理科学与资源研究所 地址：中国科学院禹城综合试验站 联系方式：乔先生 2.采购代理机构信息 名 称：德州汇月星翔工程项目管理有限公司 地 址：山东省德州市禹城市市中街道建设路127号 联系方式：李丽 3.项目联系方式 项目联系人：乔先生 电 话： 13521809474,教育培训,,中国政府采购网,,,,,,325.0,"[{""序号"": ""1"", ""供应商名称"": ""禹城市惠通建筑有限公司"", ""工程名称"": ""禹城站静态水体样地实验水池及排水渠道等维修项目"", ""施工范围"": ""图纸及工程量清单范围内的全部施工内容"", ""施工工期"": ""签订合同后接甲方通知60日历天内完成"", ""项目经理"": ""焦连辉"", ""执业证书"": ""鲁2372009202617521""}]",马啸驰、邢玉香、任永峰,3.3263,禹城市惠通建筑有限公司,,,,
贺州市消防救援支队贺州市消防训练基地正规化建设广告物料制作安装成交公告,成交公告,GDQZ2026,2026年09月08日 17:17,市辖区,贺州市消防救援支队,贺州市八步区贺州大道大钟山西路3号,曾工 0774-5139686,广东确正工程咨询有限公司,贺州市八步区贺州大道228号,陈工 13607841895,曾工,0774-5139686,,,https://www.ccgp.gov.cn/cggg/zygg/cjgg/202609/t20260908_27289213.htm,2026-09-10 09:35:37,一、项目编号：GDQZ2026货字02号（招标文件编号：GDQZ2026货字02号） 二、项目名称：贺州市消防训练基地正规化建设广告物料制作安装 三、中标（成交）信息 供应商名称：广西南宁欧仕达广告装饰有限公司供应商地址：南宁市西乡塘区大塘村西坡9队168-3号中标（成交）金额：38.8000000（万元）四、主要标的信息 序号    供应商名称      货物名称      货物品牌      货物型号      货物数量      货物单价(元)   1    广西南宁欧仕达广告装饰有限公司      宣传栏、楼顶十六字方针（字体制作）等广告物料一批      /      /      /      /                 五、评审专家（单一来源采购人员）名单： 刘刚、覃琪琛、唐显晴 六、代理服务收费标准及金额： 本项目代理费收费标准：《招标代理服务收费管理暂行办法》计价格[2002]1980号文和发改价格[2011]534号 本项目代理费总金额：0.580000 万元（人民币） 七、公告期限 自本公告发布之日起1个工作日。 八、其它补充事宜 供应商得分情况：1.广西南宁欧仕达广告装饰有限公司评审得分84.00分2.贺州市智力标识广告有限公司评审得分82.96分 3.广西三杰广告装饰有限公司评审得分72.45分   4.广西智美华文化传播有限公司评审得分70.48分5.广西传客广告有限责任公司评审得分64.86分6.广西宏基广告传媒有限公司评审得分54.01分7.广西绵长地酬贸易有限公司评审得分51.50分8.贺州市平桂区黄田大宇广告装饰经营部评审得分51.34分  九、凡对本次公告内容提出询问，请按以下方式联系。 1.采购人信息 名 称：贺州市消防救援支队 地址：贺州市八步区贺州大道大钟山西路3号 联系方式：曾工 0774-5139686 2.采购代理机构信息 名 称：广东确正工程咨询有限公司 地 址：贺州市八步区贺州大道228号 联系方式：陈工 13607841895 3.项目联系方式 项目联系人：曾工 电 话： 0774-5139686,公共安全,,中国政府采购网,,,,,,38.8,"[{""序号"": ""1"", ""供应商名称"": ""广西南宁欧仕达广告装饰有限公司"", ""货物名称"": ""宣传栏、楼顶十六字方针（字体制作）等广告物料一批"", ""货物品牌"": ""/"", ""货物型号"": ""/"", ""货物数量"": ""/"", ""货物单价(元)"": ""/""}]",刘刚、覃琪琛、唐显晴,0.58,广西南宁欧仕达广告装饰有限公司,,,,
中国石油大学(华东)北京石板房房屋维修改造工程成交公告,成交公告,LXSDZB2026-008,2026年09月08日 17:15,黄岛区,中国石油大学（华东）,青岛市黄岛区长江西路66号,王老师0532-86981951,龙翔（山东）工程咨询管理有限公司,青岛西海岸新区珠江路600号天相国际5号楼5层,王露露、田超15376755905/13376422019,王老师,0532-86981951,"附件：中小微企业声明函.pdf,采购文件-中国石油大学(华东) 北京石板房房屋维修改造工程.pdf","[{""attach_name"": ""附件：中小微企业声明函.pdf"", ""attach_url"": ""https://download.ccgp.gov.cn/oss/download?uuid=E824EEECDFB36542093646EDF6399F""}, {""attach_name"": ""采购文件-中国石油大学(华东) 北京石板房房屋维修改造工程.pdf"", ""attach_url"": ""https://download.ccgp.gov.cn/oss/download?uuid=0E07FDEA1482C38876080F84D4CEBE""}]",https://www.ccgp.gov.cn/cggg/zygg/cjgg/202609/t20260908_27289140.htm,2026-09-10 09:35:37,一、项目编号：LXSDZB2026-008（招标文件编号：LXSDZB2026-008） 二、项目名称：中国石油大学(华东) 北京石板房房屋维修改造工程 三、中标（成交）信息 供应商名称：亮堂建设集团有限公司供应商地址：北京市丰台区百强大道10号楼2单元22层15号中标（成交）金额：123.3103950（万元）四、主要标的信息 序号    供应商名称       工程名称       施工范围       施工工期       项目经理       执业证书   1    亮堂建设集团有限公司      中国石油大学(华东) 北京石板房房屋维修改造工程      本项目施工图纸及工程量清单范围内的所有内容及与工程建设有关的材料、设备、货物的采购和安装。      开工时间：暂定为2026年9月15日 竣工时间：2026年10月22日 工期总日历天数：37天 具体施工时间以采购人通知为准。采购人有权对开工、竣工时间做出适当调整，并适时通知成交供应商。      赵庆刚      京1342012201208193                 五、评审专家（单一来源采购人员）名单： 王亮、张仕卓、於辉、裴海军、孙翔 六、代理服务收费标准及金额： 本项目代理费收费标准：成交供应商在领取成交通知书同时，应当按国家计委规定标准《招标代理服务收费管理暂行办法》（计价格[2002]1980号）规定的65%向龙翔（山东）工程咨询管理有限公司交纳成交服务费。 本项目代理费总金额：0.756000 万元（人民币） 七、公告期限 自本公告发布之日起1个工作日。 八、其它补充事宜 龙翔（山东）工程咨询管理有限公司受中国石油大学（华东）的委托，于2026年9月8日就本项目以竞争性磋商方式组织采购，现将成交结果公告如下：一、采购人名称：中国石油大学（华东）二、项目名称：中国石油大学(华东) 北京石板房房屋维修改造工程三、项目编号：LXSDZB2026-008四、采购方式：竞争性磋商五、采购内容：石板房内整体改造精装修，S4-102两居室、S4-202两居室、S4-亚运村101两居室、S4-亚运村102一居室、301两居室、302两居室的六套房屋硬装改造、软装工程以及工程量清单范围内全部施工内容。本项目按照《政府采购促进中小企业发展管理办法》相关要求，整体专门面向中小企业采购。本项目采购标的对应的中小企业划分标准所属行业为“建筑业”。行业划分标准按《国民经济行业分类》执行。中小企业划分标准按《中小企业划型标准规定》（工信部联企业[2011]300号）文件规定执行。六、采购公告日期及媒体：2026年8月27日发布在中国政府采购网。七、评审信息：1.评审日期：2026年9月8日2.评审地点：青岛西海岸新区珠江路600号天相国际5号楼5层会议室3.磋商小组负责人：王亮4.磋商小组成员：张仕卓、於辉、裴海军、孙翔八、评审意见等有关资料：  采用综合评分法确定成交供应商。九、评审结果 序号 供应商名称 响应文件报价金额（元） （首次报价） 最后报价   （折扣率） 最终金额（元）        （首次报价×折扣率） 得分 排序 1 京开建设集团有限公司 1242013.87 99.60% 1237045.81 90.86 2 2 亮堂建设集团有限公司 1239175.91 99.51% 1233103.95 92.52 1 3 北京世纪泰华建设有限公司 符合性审查不合格 4 华启天承（山东）建设有限公司 1240598.40 99.00% 1228192.42 69.00 3 十、成交结果依据采购文件规定，采购人应根据各供应商的排序选择排序第一的供应商为成交供应商。成交结果如下：成交供应商：亮堂建设集团有限公司成交折扣率：99.51%  成交金额（首次报价×折扣率）：1233103.95 元（大写：壹佰贰拾叁万叁仟壹佰零叁元玖角伍分 ）地址：北京市丰台区百强大道10号楼2单元22层15号十一、成交服务费收费标准及金额成交供应商在领取成交通知书同时，应当按国家计委规定标准《招标代理服务收费管理暂行办法》（计价格[2002]1980号）规定的65%向龙翔（山东）工程咨询管理有限公司交纳成交服务费。服务费金额：7560.00元十二、联系事项：采购联系人：王老师联系电话：0532-86981951地址：青岛市黄岛区长江西路66号代理机构联系人：王露露、田超电话：15376755905/13376422019地址：青岛西海岸新区珠江路600号天相国际5号楼5层十三、中小微企业声明函详见附件。 九、凡对本次公告内容提出询问，请按以下方式联系。 1.采购人信息 名 称：中国石油大学（华东） 地址：青岛市黄岛区长江西路66号 联系方式：王老师0532-86981951 2.采购代理机构信息 名 称：龙翔（山东）工程咨询管理有限公司 地 址：青岛西海岸新区珠江路600号天相国际5号楼5层 联系方式：王露露、田超15376755905/13376422019 3.项目联系方式 项目联系人：王老师 电 话： 0532-86981951,教育培训,,中国政府采购网,,,,,,123.310395,"[{""序号"": ""1"", ""供应商名称"": ""亮堂建设集团有限公司"", ""工程名称"": ""中国石油大学(华东) 北京石板房房屋维修改造工程"", ""施工范围"": ""本项目施工图纸及工程量清单范围内的所有内容及与工程建设有关的材料、设备、货物的采购和安装。"", ""施工工期"": ""开工时间：暂定为2026年9月15日\t\t\t竣工时间：2026年10月22日\t\t\t工期总日历天数：37天\t\t\t具体施工时间以采购人通知为准。采购人有权对开工、竣工时间做出适当调整，并适时通知成交供应商。"", ""项目经理"": ""赵庆刚"", ""执业证书"": ""京1342012201208193""}, {""序号"": ""1"", ""供应商名称"": ""京开建设集团有限公司"", ""响应文件报价金额（元）\t\t\t（首次报价）"": ""1242013.87"", ""最后报价   （折扣率）"": ""99.60%"", ""最终金额（元）        （首次报价×折扣率）"": ""1237045.81"", ""得分"": ""90.86"", ""排序"": ""2""}, {""序号"": ""2"", ""供应商名称"": ""亮堂建设集团有限公司"", ""响应文件报价金额（元）\t\t\t（首次报价）"": ""1239175.91"", ""最后报价   （折扣率）"": ""99.51%"", ""最终金额（元）        （首次报价×折扣率）"": ""1233103.95"", ""得分"": ""92.52"", ""排序"": ""1""}, {""序号"": ""3"", ""供应商名称"": ""北京世纪泰华建设有限公司"", ""响应文件报价金额（元）\t\t\t（首次报价）"": ""符合性审查不合格""}, {""序号"": ""4"", ""供应商名称"": ""华启天承（山东）建设有限公司"", ""响应文件报价金额（元）\t\t\t（首次报价）"": ""1240598.40"", ""最后报价   （折扣率）"": ""99.00%"", ""最终金额（元）        （首次报价×折扣率）"": ""1228192.42"", ""得分"": ""69.00"", ""排序"": ""3""}]",王亮、张仕卓、於辉、裴海军、孙翔,0.756,亮堂建设集团有限公司、京开建设集团有限公司、北京世纪泰华建设有限公司、华启天承（山东）建设有限公司,,,,
中国人民银行吉林省分行慰问品配送服务采购项目成交公告,成交公告,GMGITC-JL-260812,2026年09月08日 17:15,吉林省,中国人民银行吉林省分行,长春市朝阳区新民大街1027号,宋女士、0431-88572107,国义招标股份有限公司,长春市朝阳区富强街399号,吴思远、0431-80531173,吴思远,0431-80531173,中小企业声明函.jpg,"[{""attach_name"": ""中小企业声明函.jpg"", ""attach_url"": ""https://download.ccgp.gov.cn/oss/download?uuid=5FC40B79D77642F86A21F0B6823A5F""}]",https://www.ccgp.gov.cn/cggg/zygg/cjgg/202609/t20260908_27289146.htm,2026-09-10 09:35:38,一、项目编号：GMGITC-JL-260812（招标文件编号：GMGITC-JL-260812） 二、项目名称：中国人民银行吉林省分行慰问品配送服务采购项目 三、中标（成交）信息 供应商名称：长春市厚德电子设备有限公司供应商地址：长春市绿园区城西镇四间村四间房屯包组或产品名称：无折扣率(%)：97.0000000四、主要标的信息 序号    供应商名称      服务名称      服务范围      服务要求      服务时间      服务标准   1    长春市厚德电子设备有限公司      中国人民银行吉林省分行慰问品配送服务采购项目      为中国人民银行吉林省分行慰问老同志提供慰问品供应服务，于每年中秋节、重阳节、春节、端午节慰问前配送至指定地点。      符合采购人提出的服务要求。      符合采购人要求的服务标准。      一年，合同一年一签。在年度预算能保障的前提下，若采购人对供应商服务评价良好，可续签一年度合同，续签不得超过两次。                 五、评审专家（单一来源采购人员）名单： 王明昊、唐英、王星博 六、代理服务收费标准及金额： 本项目代理费收费标准：参照国家计委关于印发《招标代理服务收费管理暂行办法》的通知（计价格[2002]1980号）文件 本项目代理费总金额：0.558000 万元（人民币） 七、公告期限 自本公告发布之日起1个工作日。 八、其它补充事宜 成交供应商评审总得分：94.67 九、凡对本次公告内容提出询问，请按以下方式联系。 1.采购人信息 名 称：中国人民银行吉林省分行 地址：长春市朝阳区新民大街1027号 联系方式：宋女士、0431-88572107 2.采购代理机构信息 名 称：国义招标股份有限公司 地 址：长春市朝阳区富强街399号 联系方式：吴思远、0431-80531173 3.项目联系方式 项目联系人：吴思远 电 话： 0431-80531173,设备购置,,中国政府采购网,,,,,,0.0,"[{""序号"": ""1"", ""供应商名称"": ""长春市厚德电子设备有限公司"", ""服务名称"": ""中国人民银行吉林省分行慰问品配送服务采购项目"", ""服务范围"": ""为中国人民银行吉林省分行慰问老同志提供慰问品供应服务，于每年中秋节、重阳节、春节、端午节慰问前配送至指定地点。"", ""服务要求"": ""符合采购人提出的服务要求。"", ""服务时间"": ""符合采购人要求的服务标准。"", ""服务标准"": ""一年，合同一年一签。在年度预算能保障的前提下，若采购人对供应商服务评价良好，可续签一年度合同，续签不得超过两次。""}]",王明昊、唐英、王星博,0.558,长春市厚德电子设备有限公司,,,,
甘肃省地震局庆阳华池南梁地震监测基准站建设设备采购及安装集成成交公告,成交公告,TC26930BB,2026年09月08日 17:13,甘肃省,甘肃省地震局,兰州市城关区东岗西路450号,马工 0931-8271088,中招国际招标有限公司甘肃分公司,甘肃省兰州市城关区天水北路222号第36层9-13室,朱蕾 19993076909,朱蕾,19993076909,"本国产品声明函.pdf,甘肃省地震局庆阳华池南梁地震监测基准站建设设备采购及安装集成 竞争性谈判文件2026.8.28（定稿）.pdf,中小企业声明函.pdf","[{""attach_name"": ""本国产品声明函.pdf"", ""attach_url"": ""https://download.ccgp.gov.cn/oss/download?uuid=EEDFC38D3542F66F071EEBB3C5D67F""}, {""attach_name"": ""甘肃省地震局庆阳华池南梁地震监测基准站建设设备采购及安装集成 竞争性谈判文件2026.8.28（定稿）.pdf"", ""attach_url"": ""https://download.ccgp.gov.cn/oss/download?uuid=9B0C5A85EBB89DB978142CF77718B9""}, {""attach_name"": ""中小企业声明函.pdf"", ""attach_url"": ""https://download.ccgp.gov.cn/oss/download?uuid=5F5D67CA8CA36A463F6B77B56EFEB9""}]",https://www.ccgp.gov.cn/cggg/zygg/cjgg/202609/t20260908_27289083.htm,2026-09-10 09:35:39,一、项目编号：TC26930BB（招标文件编号：TC26930BB） 二、项目名称：甘肃省地震局庆阳华池南梁地震监测基准站建设设备采购及安装集成 三、中标（成交）信息 供应商名称：黑龙江天元时代自动化仪表有限公司供应商地址：哈尔滨经开区哈平路集中区烟台北路20号中标（成交）金额：17.2000000（万元）四、主要标的信息 序号    供应商名称      货物名称      货物品牌      货物型号      货物数量      货物单价(元)   1    黑龙江天元时代自动化仪表有限公司      核心产品：甚宽频地震计;宽频地震计;加速度计;6通道地震数据采集器;      天元      ITC-120A;ITC-60A;ITC-AC2;THDC-E6      核心产品：甚宽频地震计1台;宽频地震计1台;加速度计2台;6通道地震数据采集器2台      172000.00                 五、评审专家（单一来源采购人员）名单： 王炜、黄天为、李亮（采购人代表） 六、代理服务收费标准及金额： 本项目代理费收费标准：代理服务费由成交人支付，招标代理服务费参照国家发展改革委计价格〔2002〕1980号文件，发改价格〔2011〕534号文件规定向中标人收取。具体收费标准：代理服务费不足5000元的，按照5000元进行收取； 本项目代理费总金额：0.500000 万元（人民币） 七、公告期限 自本公告发布之日起1个工作日。 八、其它补充事宜 九、凡对本次公告内容提出询问，请按以下方式联系。 1.采购人信息 名 称：甘肃省地震局 地址：兰州市城关区东岗西路450号 联系方式：马工 0931-8271088 2.采购代理机构信息 名 称：中招国际招标有限公司甘肃分公司 地 址：甘肃省兰州市城关区天水北路222号第36层9-13室 联系方式：朱蕾 19993076909 3.项目联系方式 项目联系人：朱蕾 电 话： 19993076909,设备购置,,中国政府采购网,,,,,,17.2,"[{""序号"": ""1"", ""供应商名称"": ""黑龙江天元时代自动化仪表有限公司"", ""货物名称"": ""核心产品：甚宽频地震计;宽频地震计;加速度计;6通道地震数据采集器;"", ""货物品牌"": ""天元"", ""货物型号"": ""ITC-120A;ITC-60A;ITC-AC2;THDC-E6"", ""货物数量"": ""核心产品：甚宽频地震计1台;宽频地震计1台;加速度计2台;6通道地震数据采集器2台"", ""货物单价(元)"": ""172000.00""}]",王炜、黄天为、李亮（采购人代表）,0.5,黑龙江天元时代自动化仪表有限公司,,,,
哈尔滨工业大学交通学院楼维修项目成交公告,成交公告,HITCS-2026000018,2026年09月08日 17:12,哈尔滨市,哈尔滨工业大学,哈尔滨市南岗区西大直街92号,0451-86417953,北京国际招标有限公司,哈尔滨市道里区群力第四大道528号天鹅湾大厦9层,郭先生0451-84350178,郭先生,0451-84350178,"磋商文件-哈尔滨工业大学交通学院楼维修项目8.25-2.pdf,声明函.png","[{""attach_name"": ""磋商文件-哈尔滨工业大学交通学院楼维修项目8.25-2.pdf"", ""attach_url"": ""https://download.ccgp.gov.cn/oss/download?uuid=4CE09678D6F15209FB39D1678ADC2B""}, {""attach_name"": ""声明函.png"", ""attach_url"": ""https://download.ccgp.gov.cn/oss/download?uuid=251D02923F39E3FADB3A1314B00549""}]",https://www.ccgp.gov.cn/cggg/zygg/cjgg/202609/t20260908_27289084.htm,2026-09-10 09:35:39,一、项目编号：HITCS-2026000018（招标文件编号：HITCS-2026000018） 二、项目名称：哈尔滨工业大学交通学院楼维修项目 三、中标（成交）信息 供应商名称：黑龙江佳和市政工程有限公司供应商地址：哈尔滨市松北区祥安北大街1377号欧美亚阳光家园B H28号楼03号中标（成交）金额：303.0065850（万元）四、主要标的信息 序号    供应商名称       工程名称       施工范围       施工工期       项目经理       执业证书   1    黑龙江佳和市政工程有限公司      哈尔滨工业大学交通学院楼维修项目      拟对哈尔滨工业大学交通学院楼维修工程进行施工，涉及建筑、装饰、水暖电等专业，并按照国家法律法规及合同相关约定，完成项目自实施、调试、验收、移交、质保等阶段所包含的所有工作内容。具体内容详见施工图及招标工程量清单。 改造范围内报废的给排水及各类管道（不含金属管道）、设备、家具及其建筑结构拆改（包含隐蔽部分）由供应商负责拆除、垃圾清理并外运，涉及学校固定资产物资、残值物品，拆除并运输、摆放到采购人指定位置（运输距离15公里以内），因此产生费用不论招标工程量清单中是否列项，或项目特征描述中是否载明，都将被视为供货商已综合考虑并已包含在投标报价中。请供应商充分了解，此项费用不再调整。 供应商需采取有效措施对施工影响区域家具、设备设施、管道线路进行妥善保护，因施工需要确需拆除或局部搬移的，由供应商负责拆除或搬移，施工完毕后供应商需原样恢复；施工过程中造成的室内墙体、天花、地面、室外道路、绿化等环境污染或破坏的，供应商负责无偿清理及恢复；因施工需要需对既有建筑装饰装修进行拆除或造成破坏的，供应商需自行完成并负责无偿原样恢复。施工期间，供应商须对施工区域内原有设施、已改造完成设施进行保管看护，发生跑冒滴漏等事故时应及时采取抢救措施，防止损失扩大，并对已产生的损失进行补救恢复。上述内容除招标工程量清单中已列项的内容外，其余费用全部由供应商承担，采购人不再另行支付费用，请供应商在测算报价时充分考虑以上因素。      自合同签订之日起至2026年10月31日竣工。因供应商原因造成工期延误，每逾期1天将处以合同总价的1%的罚金；超过5天，供应商按合同金额的10%向采购人支付违约金，并赔偿由此造成的损失费用，采购人有权终止合同；      邢春杰      黑22322017202122495                 五、评审专家（单一来源采购人员）名单： 郝玉琴、陈爽、李大伟、陈大力、孙兆义 六、代理服务收费标准及金额： 本项目代理费收费标准：参照执行原国家计委“计价格[2002]1980号”文件和国家发展改革委“发改办价格[2003]857号”文件的规定，招标代理费按成交价执行以上文件标准50%计取，由成交人支付。 本项目代理费总金额：1.210500 万元（人民币） 七、公告期限 自本公告发布之日起1个工作日。 八、其它补充事宜 1、综合评审情况 供应商 最后报价得分 技术得分 综合得分 排名 黑龙江佳和市政工程有限公司 59.02 38.92 97.94 1 黑龙江溢冉建设有限公司 60.00 36.50 96.50 2 哈尔滨金安建筑工程有限公司 55.92 37.64 93.56 3 黑龙江合富建筑工程有限公司 59.31 33.72 93.03 4 哈尔滨志诚建筑工程有限公司 58.83 30.26 89.09 5 黑龙江宸志建设工程有限公司 53.61 33.28 86.89 6 2、投标被否决情况：黑龙江龙冶建筑安装工程有限公司未提供机械类专职安全生产管理人员，资格审查未通过。 九、凡对本次公告内容提出询问，请按以下方式联系。 1.采购人信息 名 称：哈尔滨工业大学 地址：哈尔滨市南岗区西大直街92号 联系方式：0451-86417953 2.采购代理机构信息 名 称：北京国际招标有限公司 地 址：哈尔滨市道里区群力第四大道528号天鹅湾大厦9层 联系方式：郭先生0451-84350178 3.项目联系方式 项目联系人：郭先生 电 话： 0451-84350178,教育培训,,中国政府采购网,,,,,,303.006585,"[{""序号"": ""1"", ""供应商名称"": ""黑龙江佳和市政工程有限公司"", ""工程名称"": ""哈尔滨工业大学交通学院楼维修项目"", ""施工范围"": ""拟对哈尔滨工业大学交通学院楼维修工程进行施工，涉及建筑、装饰、水暖电等专业，并按照国家法律法规及合同相关约定，完成项目自实施、调试、验收、移交、质保等阶段所包含的所有工作内容。具体内容详见施工图及招标工程量清单。\t\t\t改造范围内报废的给排水及各类管道（不含金属管道）、设备、家具及其建筑结构拆改（包含隐蔽部分）由供应商负责拆除、垃圾清理并外运，涉及学校固定资产物资、残值物品，拆除并运输、摆放到采购人指定位置（运输距离15公里以内），因此产生费用不论招标工程量清单中是否列项，或项目特征描述中是否载明，都将被视为供货商已综合考虑并已包含在投标报价中。请供应商充分了解，此项费用不再调整。\t\t\t供应商需采取有效措施对施工影响区域家具、设备设施、管道线路进行妥善保护，因施工需要确需拆除或局部搬移的，由供应商负责拆除或搬移，施工完毕后供应商需原样恢复；施工过程中造成的室内墙体、天花、地面、室外道路、绿化等环境污染或破坏的，供应商负责无偿清理及恢复；因施工需要需对既有建筑装饰装修进行拆除或造成破坏的，供应商需自行完成并负责无偿原样恢复。施工期间，供应商须对施工区域内原有设施、已改造完成设施进行保管看护，发生跑冒滴漏等事故时应及时采取抢救措施，防止损失扩大，并对已产生的损失进行补救恢复。上述内容除招标工程量清单中已列项的内容外，其余费用全部由供应商承担，采购人不再另行支付费用，请供应商在测算报价时充分考虑以上因素。"", ""施工工期"": ""自合同签订之日起至2026年10月31日竣工。因供应商原因造成工期延误，每逾期1天将处以合同总价的1%的罚金；超过5天，供应商按合同金额的10%向采购人支付违约金，并赔偿由此造成的损失费用，采购人有权终止合同；"", ""项目经理"": ""邢春杰"", ""执业证书"": ""黑22322017202122495""}, {""供应商"": ""黑龙江佳和市政工程有限公司"", ""最后报价得分"": ""59.02"", ""技术得分"": ""38.92"", ""综合得分"": ""97.94"", ""排名"": ""1""}, {""供应商"": ""黑龙江溢冉建设有限公司"", ""最后报价得分"": ""60.00"", ""技术得分"": ""36.50"", ""综合得分"": ""96.50"", ""排名"": ""2""}, {""供应商"": ""哈尔滨金安建筑工程有限公司"", ""最后报价得分"": ""55.92"", ""技术得分"": ""37.64"", ""综合得分"": ""93.56"", ""排名"": ""3""}, {""供应商"": ""黑龙江合富建筑工程有限公司"", ""最后报价得分"": ""59.31"", ""技术得分"": ""33.72"", ""综合得分"": ""93.03"", ""排名"": ""4""}, {""供应商"": ""哈尔滨志诚建筑工程有限公司"", ""最后报价得分"": ""58.83"", ""技术得分"": ""30.26"", ""综合得分"": ""89.09"", ""排名"": ""5""}, {""供应商"": ""黑龙江宸志建设工程有限公司"", ""最后报价得分"": ""53.61"", ""技术得分"": ""33.28"", ""综合得分"": ""86.89"", ""排名"": ""6""}]",郝玉琴、陈爽、李大伟、陈大力、孙兆义,1.2105,黑龙江佳和市政工程有限公司、黑龙江溢冉建设有限公司、哈尔滨金安建筑工程有限公司、黑龙江合富建筑工程有限公司、哈尔滨志诚建筑工程有限公司、黑龙江宸志建设工程有限公司,,,,
北京航空航天大学总务部沙河校区学生12-17公寓项目配套燃气管线改造工程（二次）成交结果公告,成交公告,BUAAJC20260012,2026年09月08日 16:58,市辖区,北京航空航天大学,北京市海淀区学院路37号,施老师 010-61716186 采购人业务监督联系人：庞老师，童老师联系方式：010-82317861，010-82313349,北京中外建工程管理有限公司,北京市丰台区福宜街5号院1号楼新时代国际中心A座15层1518,田勇，张俊 010-83928411,田勇,010-83928411,"【磋商文件】北京航空航天大学总务部沙河校区学生12-17公寓项目配套燃气管线改造工程（二次）.pdf,中小企业声明函.jpg","[{""attach_name"": ""【磋商文件】北京航空航天大学总务部沙河校区学生12-17公寓项目配套燃气管线改造工程（二次）.pdf"", ""attach_url"": ""https://download.ccgp.gov.cn/oss/download?uuid=8E306A8C9310F1E1ACC0527387765C""}, {""attach_name"": ""中小企业声明函.jpg"", ""attach_url"": ""https://download.ccgp.gov.cn/oss/download?uuid=31033AB217CD502135EBFF133A0364""}]",https://www.ccgp.gov.cn/cggg/zygg/cjgg/202609/t20260908_27288690.htm,2026-09-10 09:35:40,一、项目编号：BUAAJC20260012（招标文件编号：BUAAJC20260012） 二、项目名称：北京航空航天大学总务部沙河校区学生12-17公寓项目配套燃气管线改造工程 三、中标（成交）信息 供应商名称：北京天兴燃气工程有限公司供应商地址：北京市丰台区小屯路21号中标（成交）金额：278.2270610（万元）四、主要标的信息 序号    供应商名称       工程名称       施工范围       施工工期       项目经理       执业证书   1    北京天兴燃气工程有限公司      北京航空航天大学总务部沙河校区学生12-17公寓项目配套燃气管线改造工程（二次）      施工图范围内现状室外燃气管道改移施工、新建燃气管道敷设、新建调压箱设备安装及接驳接入、原有调压箱及附属设施拆除、配套土建施工、场地恢复、管道检测试压、通气置换调试、配套燃气报警系统、全过程资料编制、验收移交及质保期维保等全部工作内容。成交供应商须完成本工程达到正常通气交付使用前的所有施工、设备调试、验收备案及配套辅助工作（燃气工程的报装、审批、监督注册等），其他为保证工程正常投入使用必需的工作均包含在承包范围内      70日历天      吴礼亮      一级建造师（市政公用工程），京1112021202200325                 五、评审专家（单一来源采购人员）名单： 齐禄、刘田宾、于彦芹、刘怡、赵春（采购人代表/副部长）。 六、代理服务收费标准及金额： 本项目代理费收费标准：以成交单位的成交金额作为收费的计算基数，按“国家计委关于印发《招标代理服务收费管理暂行办法》的通知”（计价格[2002]1980号）规定的收费标准，采用差额定率累进计费方式计算，下浮20%，由成交供应商在领取成交通知书时一次性向采购代理机构缴纳代理费。 本项目代理费总金额：1.798072 万元（人民币） 七、公告期限 自本公告发布之日起1个工作日。 八、其它补充事宜 本项目采用综合评分法，成交供应商的评审总得分：83.57分。 九、凡对本次公告内容提出询问，请按以下方式联系。 1.采购人信息 名 称：北京航空航天大学 地址：北京市海淀区学院路37号 联系方式：施老师 010-61716186 采购人业务监督联系人：庞老师，童老师联系方式：010-82317861，010-82313349 2.采购代理机构信息 名 称：北京中外建工程管理有限公司 地 址：北京市丰台区福宜街5号院1号楼新时代国际中心A座15层1518 联系方式：田勇，张俊 010-83928411 3.项目联系方式 项目联系人：田勇，张俊 电 话： 010-83928411,教育培训,,中国政府采购网,,,,,,278.227061,"[{""序号"": ""1"", ""供应商名称"": ""北京天兴燃气工程有限公司"", ""工程名称"": ""北京航空航天大学总务部沙河校区学生12-17公寓项目配套燃气管线改造工程（二次）"", ""施工范围"": ""施工图范围内现状室外燃气管道改移施工、新建燃气管道敷设、新建调压箱设备安装及接驳接入、原有调压箱及附属设施拆除、配套土建施工、场地恢复、管道检测试压、通气置换调试、配套燃气报警系统、全过程资料编制、验收移交及质保期维保等全部工作内容。成交供应商须完成本工程达到正常通气交付使用前的所有施工、设备调试、验收备案及配套辅助工作（燃气工程的报装、审批、监督注册等），其他为保证工程正常投入使用必需的工作均包含在承包范围内"", ""施工工期"": ""70日历天"", ""项目经理"": ""吴礼亮"", ""执业证书"": ""一级建造师（市政公用工程），京1112021202200325""}]",齐禄、刘田宾、于彦芹、刘怡、赵春（采购人代表/副部长）。,1.798072,北京天兴燃气工程有限公司,,,,
西南民族大学三校区开水器维保服务成交公告,成交公告,SMU-WT2026121,2026年09月08日 16:52,四川省,西南民族大学,成都市双流区航空港开发区大件路文星段168号；,联 系 人：晏老师； 联系电话：028-85522936;,中金招标有限责任公司,成都市高新区天晖路360号晶科1号商务楼20楼,联系人：袁老师;  联系电话：028-84469198;,袁老师,028-84469198,SMU-WT2026121--西南民族大学三校区开水器维保服务-结果公告.rar,"[{""attach_name"": ""SMU-WT2026121--西南民族大学三校区开水器维保服务-结果公告.rar"", ""attach_url"": ""https://download.ccgp.gov.cn/oss/download?uuid=441C802E9759C87F8B04A5CA5B73A6""}]",https://www.ccgp.gov.cn/cggg/zygg/cjgg/202609/t20260908_27288458.htm,2026-09-10 09:35:40,一、项目编号：SMU-WT2026121（招标文件编号：SMU-WT2026121） 二、项目名称：西南民族大学三校区开水器维保服务 三、中标（成交）信息 供应商名称：四川鼎业志诚智能科技有限公司供应商地址：四川省成都市成华区二仙桥西路7号3栋东八区 影视文创园C1-310中标（成交）金额：51.0575000（万元）四、主要标的信息 序号    供应商名称      服务名称      服务范围      服务要求      服务时间      服务标准   1    四川鼎业志诚智能科技有限公司      三校区开水器维保服务      碧丽牌 J0-3E 型净水饮水机、泰紫清纯 TZ-HA3 型号直饮机、泰紫清纯 TZ-HA30L型号直饮机更换滤芯及清洗、巡检、日常维修保养等。      供应商应每年寒、暑假期间将开水器滤芯（碧丽牌）分别更换一次，直饮机滤芯（泰紫清纯牌）根据使用情况实时更换，但每年不少于一次。合同期内，若开水器发生水质不达标或师生投诉等情况，供应商应及时处置，必要时无条件更换滤芯，保证水质达标且设备正常运行，供应商不得再向学校收取任何费用等。      1年，自签订合同之日起。      详见磋商文件。                 五、评审专家（单一来源采购人员）名单： 路彦、张薇，采购人代表： 刘浪 。 六、代理服务收费标准及金额： 本项目代理费收费标准：参照国家发改委“计价格[2002]1980号”和“发改办价格[2003]857号”文件规定的收费标准并下浮20%向成交人收取代理服务费：6127元。 本项目代理费总金额：0.612700 万元（人民币） 七、公告期限 自本公告发布之日起1个工作日。 八、其它补充事宜 1、本项目采购预算及最高限价：人民币：60万元；2、优先采购节能产品；强制采购节能产品；优先采购环境标志产品；促进中小企业发展；促进监狱企业发展；促进残疾人福利性单位发展。 九、凡对本次公告内容提出询问，请按以下方式联系。 1.采购人信息 名 称：西南民族大学 地址：成都市双流区航空港开发区大件路文星段168号； 联系方式：联 系 人：晏老师； 联系电话：028-85522936; 2.采购代理机构信息 名 称：中金招标有限责任公司 地 址：成都市高新区天晖路360号晶科1号商务楼20楼 联系方式：联系人：袁老师; 联系电话：028-84469198; 3.项目联系方式 项目联系人：袁老师 电 话： 028-84469198,教育培训,,中国政府采购网,,,,,,51.0575,"[{""序号"": ""1"", ""供应商名称"": ""四川鼎业志诚智能科技有限公司"", ""服务名称"": ""三校区开水器维保服务"", ""服务范围"": ""碧丽牌 J0-3E 型净水饮水机、泰紫清纯 TZ-HA3 型号直饮机、泰紫清纯 TZ-HA30L型号直饮机更换滤芯及清洗、巡检、日常维修保养等。"", ""服务要求"": ""供应商应每年寒、暑假期间将开水器滤芯（碧丽牌）分别更换一次，直饮机滤芯（泰紫清纯牌）根据使用情况实时更换，但每年不少于一次。合同期内，若开水器发生水质不达标或师生投诉等情况，供应商应及时处置，必要时无条件更换滤芯，保证水质达标且设备正常运行，供应商不得再向学校收取任何费用等。"", ""服务时间"": ""1年，自签订合同之日起。"", ""服务标准"": ""详见磋商文件。""}]",路彦、张薇，采购人代表： 刘浪 。,0.6127,四川鼎业志诚智能科技有限公司,,,,
东莞市消防救援支队2026年新媒体平台运行维护项目成交公告,成交公告,ZHDGCZ2026034,2026年09月08日 16:48,东莞市,东莞市消防救援支队,东莞市东城街道莞长路立新路段23号,潘先生 0769-23119069,广东智汇城市招标采购有限公司,东莞市南城街道雅园产业园区路5号1栋1楼,陈复生 0769-22367009,陈复生,0769-22367009,,,https://www.ccgp.gov.cn/cggg/zygg/cjgg/202609/t20260908_27288390.htm,2026-09-10 09:35:41,一、项目编号：ZHDGCZ2026034（招标文件编号：ZHDGCZ2026034） 二、项目名称：东莞市消防救援支队2026年新媒体平台运行维护项目 三、中标（成交）信息 供应商名称：东莞市浩莹文化投资有限公司供应商地址：广东省东莞市东城街道莞温路542号1栋311室中标（成交）金额：19.8000000（万元）四、主要标的信息 序号    供应商名称      服务名称      服务范围      服务要求      服务时间      服务标准   1    东莞市浩莹文化投资有限公司      新媒体平台运行维护      按遴选文件要求执行      按遴选文件要求执行      合同签订之日起1年      按遴选文件要求执行                 五、评审专家（单一来源采购人员）名单： 潘绍博、罗雅婷、蔡炳烨 六、代理服务收费标准及金额： 本项目代理费收费标准：按遴选文件约定标准执行。 本项目代理费总金额：0.275500 万元（人民币） 七、公告期限 自本公告发布之日起1个工作日。 八、其它补充事宜 九、凡对本次公告内容提出询问，请按以下方式联系。 1.采购人信息 名 称：东莞市消防救援支队 地址：东莞市东城街道莞长路立新路段23号 联系方式：潘先生 0769-23119069 2.采购代理机构信息 名 称：广东智汇城市招标采购有限公司 地 址：东莞市南城街道雅园产业园区路5号1栋1楼 联系方式：陈复生 0769-22367009 3.项目联系方式 项目联系人：陈复生 电 话： 0769-22367009,公共安全,,中国政府采购网,,,,,,19.8,"[{""序号"": ""1"", ""供应商名称"": ""东莞市浩莹文化投资有限公司"", ""服务名称"": ""新媒体平台运行维护"", ""服务范围"": ""按遴选文件要求执行"", ""服务要求"": ""按遴选文件要求执行"", ""服务时间"": ""合同签订之日起1年"", ""服务标准"": ""按遴选文件要求执行""}]",潘绍博、罗雅婷、蔡炳烨,0.2755,东莞市浩莹文化投资有限公司,,,,
中华人民共和国秦皇岛出入境边防检查站展板、印刷采购项目（二次）成交公告,成交公告,SJZB-2026-003,2026年09月08日 16:46,海港区,中华人民共和国秦皇岛出入境边防检查站,河北省秦皇岛市海港区东山街123号,李邦  0335-5993666,河北大信世纪项目管理有限公司,秦皇岛市海港区友谊路182-907号,王磊  0335-3318899,王磊,0335-3318899,"中小企业声明函.png,评审总得分表格.pdf,展板印刷磋商文件二次.pdf","[{""attach_name"": ""中小企业声明函.png"", ""attach_url"": ""https://download.ccgp.gov.cn/oss/download?uuid=A37C37A2FD57DD62E1A8B8C43900EB""}, {""attach_name"": ""评审总得分表格.pdf"", ""attach_url"": ""https://download.ccgp.gov.cn/oss/download?uuid=2AE5B9CEF22478B25960B942BF2E6F""}, {""attach_name"": ""展板印刷磋商文件二次.pdf"", ""attach_url"": ""https://download.ccgp.gov.cn/oss/download?uuid=EB433AD6CED383E5ADDBF3037E7A61""}]",https://www.ccgp.gov.cn/cggg/zygg/cjgg/202609/t20260908_27288340.htm,2026-09-10 09:35:41,一、项目编号：SJZB-2026-003（招标文件编号：SJZB-2026-00301） 二、项目名称：中华人民共和国秦皇岛出入境边防检查站展板 、印刷采购项目 三、中标（成交）信息 供应商名称：秦皇岛鸿标装饰工程有限公司供应商地址：河北省秦皇岛市海港区海港经济开发区北二环路421号包组或产品名称：中华人民共和国秦皇岛出入境边防检查站展板、印刷采购项目（二次）折扣率(%)：92.0000000四、主要标的信息 序号    供应商名称      服务名称      服务范围      服务要求      服务时间      服务标准   1    秦皇岛鸿标装饰工程有限公司      中华人民共和国秦皇岛出入境边防检查站展板、印刷采购项目（二次）      广告及印刷服务采购      合格      自签订合同之日起，服务期限采取1+1+1模式，第一年合同结束后视履约情况，经甲乙双方同意，在年度预算能保障的前提下，续签下一年度合同，合同一年一签，累计不超过三年。如遇不可抗力等因素，致使合同不能履行的，合同自行解除，采购人无需支付违约金。      合格                 五、评审专家（单一来源采购人员）名单： 杨艳红、程红、滕琦（采购人代表） 六、代理服务收费标准及金额： 本项目代理费收费标准：采购代理费由成交供应商向采购代理机构支付，采购代理服务费以成交金额作为收费的计算基数，收取标准为（成交金额*1.5%*90%），代理服务费不足3000元的按3000元收取 本项目代理费总金额：0.300000 万元（人民币） 七、公告期限 自本公告发布之日起1个工作日。 八、其它补充事宜 本公告在中国政府采购网、河北出入境边防检查总站综合电子采购平台（http://hbbj.hbidding.com/)发布。 九、凡对本次公告内容提出询问，请按以下方式联系。 1.采购人信息 名 称：中华人民共和国秦皇岛出入境边防检查站 地址：河北省秦皇岛市海港区东山街123号 联系方式：李邦 0335-5993666 2.采购代理机构信息 名 称：河北大信世纪项目管理有限公司 地 址：秦皇岛市海港区友谊路182-907号 联系方式：王磊 0335-3318899 3.项目联系方式 项目联系人：王磊 电 话： 0335-3318899,服务外包,,中国政府采购网,,,,,,0.0,"[{""序号"": ""1"", ""供应商名称"": ""秦皇岛鸿标装饰工程有限公司"", ""服务名称"": ""中华人民共和国秦皇岛出入境边防检查站展板、印刷采购项目（二次）"", ""服务范围"": ""广告及印刷服务采购"", ""服务要求"": ""合格"", ""服务时间"": ""自签订合同之日起，服务期限采取1+1+1模式，第一年合同结束后视履约情况，经甲乙双方同意，在年度预算能保障的前提下，续签下一年度合同，合同一年一签，累计不超过三年。如遇不可抗力等因素，致使合同不能履行的，合同自行解除，采购人无需支付违约金。"", ""服务标准"": ""合格""}]",杨艳红、程红、滕琦（采购人代表）,0.3,秦皇岛鸿标装饰工程有限公司,,,,
北京邮电大学图书馆2026年度中文图书采购项目成交结果公告,成交公告,BUPT-HWKYKC-26006,2026年09月08日 16:41,北京市,北京邮电大学,北京市海淀区西土城路10号,彭老师、010-62282268,北京宏信天诚国际招标有限公司,北京市海淀区复兴路乙12号中国铝业大厦11层1110室,闫文娟、黄艳、郝路、吉国侠、修海龙、吴众为、赵洁、陈博维、刘海英、姬小雪、成歌、孙银英、王思晨、刘京、杨晓楠、王东衍、孙佳、陈曦、王亚东、彭怡、李秋萍、王艳艳、王改茹63974645、63969957,闫文娟、黄艳、郝路、吉国侠、修,010-63974645,BU1450 北京邮电大学图书馆2026年度中文图书采购项目-校内快采文件-定稿 (1).pdf,"[{""attach_name"": ""BU1450 北京邮电大学图书馆2026年度中文图书采购项目-校内快采文件-定稿 (1).pdf"", ""attach_url"": ""https://download.ccgp.gov.cn/oss/download?uuid=E883BB027111A943D843C6A8E448E7""}]",https://www.ccgp.gov.cn/cggg/zygg/cjgg/202609/t20260908_27288176.htm,2026-09-10 09:35:42,一、项目编号：BUPT-HWKYKC-26006（2607-HXTC-BU1450）（招标文件编号：BUPT-HWKYKC-26006） 二、项目名称：北京邮电大学图书馆2026年度中文图书采购项目 三、中标（成交）信息 供应商名称：北京百万庄图书大厦有限公司供应商地址：北京市西城区百万庄大街22号院2号楼一层包组或产品名称：第1包折扣率(%)：75.0000000 供应商名称：北京人天书店集团股份有限公司供应商地址：北京市丰台区晓月中路15号院1号楼包组或产品名称：第2包折扣率(%)：75.0000000四、主要标的信息 序号    供应商名称      货物名称      货物品牌      货物型号      货物数量      货物单价(元)   1    北京百万庄图书大厦有限公司      教学科研中文图书-自然科学及其他      无      /      1批      /                 序号    供应商名称      货物名称      货物品牌      货物型号      货物数量      货物单价(元)   2    北京人天书店集团股份有限公司      教学科研中文图书-社会科学及其他      无      /      1批      /                 五、评审专家（单一来源采购人员）名单： 苏亚萍、马颖、贺轩（采购人代表） 六、代理服务收费标准及金额： 本项目代理费收费标准：详见校内快采文件；其中第1包：人民币5287.5元；第2包：人民币3937.5元。 本项目代理费总金额：0.922500 万元（人民币） 七、公告期限 自本公告发布之日起1个工作日。 八、其它补充事宜 1.成交服务费缴纳账户开户名（全称）：北京宏信天诚国际招标有限公司开户银行：北京银行股份有限公司清华园支行账号（人民币）：200000622749001061533822.第1包成交供应商评审得分：97.60分  第2包成交供应商评审得分：94.93分3.财务邮箱：hxtccw@126.com   九、凡对本次公告内容提出询问，请按以下方式联系。 1.采购人信息 名 称：北京邮电大学 地址：北京市海淀区西土城路10号 联系方式：彭老师、010-62282268 2.采购代理机构信息 名 称：北京宏信天诚国际招标有限公司 地 址：北京市海淀区复兴路乙12号中国铝业大厦11层1110室 联系方式：闫文娟、黄艳、郝路、吉国侠、修海龙、吴众为、赵洁、陈博维、刘海英、姬小雪、成歌、孙银英、王思晨、刘京、杨晓楠、王东衍、孙佳、陈曦、王亚东、彭怡、李秋萍、王艳艳、王改茹63974645、63969957 3.项目联系方式 项目联系人：闫文娟、黄艳、郝路、吉国侠、修海龙、吴众为、赵洁、陈博维、刘海英、姬小雪、成歌、孙银英、王思晨、刘京、杨晓楠、王东衍、孙佳、陈曦、王亚东、彭怡、李秋萍、王艳艳、王改茹 电 话： 010-63974645（项目报名）、010-63969957（项目咨询）,教育培训,,中国政府采购网,,,,,,0.0,"[{""序号"": ""1"", ""供应商名称"": ""北京百万庄图书大厦有限公司"", ""货物名称"": ""教学科研中文图书-自然科学及其他"", ""货物品牌"": ""无"", ""货物型号"": ""/"", ""货物数量"": ""1批"", ""货物单价(元)"": ""/""}, {""序号"": ""序号"", ""供应商名称"": ""供应商名称"", ""货物名称"": ""货物名称"", ""货物品牌"": ""货物品牌"", ""货物型号"": ""货物型号"", ""货物数量"": ""货物数量"", ""货物单价(元)"": ""货物单价(元)""}, {""序号"": ""2"", ""供应商名称"": ""北京人天书店集团股份有限公司"", ""货物名称"": ""教学科研中文图书-社会科学及其他"", ""货物品牌"": ""无"", ""货物型号"": ""/"", ""货物数量"": ""1批"", ""货物单价(元)"": ""/""}]",苏亚萍、马颖、贺轩（采购人代表）,0.9225,北京百万庄图书大厦有限公司、供应商名称、北京人天书店集团股份有限公司,,,,
中国人民银行黑龙江省分行清分复点业务耗材定点供应商采购项目（三次）成交公告,成交公告,2026-AL-085,2026年09月08日 16:35,黑龙江省,中国人民银行黑龙江省分行,哈尔滨市香坊区珠江路104-1号,唐女士  0451-82301493,黑龙江奥隆工程项目管理有限公司,哈尔滨市南岗区大顺街13号,戴培仁   0451-82265948,戴培仁,0451-82265948,清分复点业务耗材定点供应商采购项目（三次）磋商文件.rar,"[{""attach_name"": ""清分复点业务耗材定点供应商采购项目（三次）磋商文件.rar"", ""attach_url"": ""https://download.ccgp.gov.cn/oss/download?uuid=9331F793C4AA5D3229BC485C3304B8""}]",https://www.ccgp.gov.cn/cggg/zygg/cjgg/202609/t20260908_27287994.htm,2026-09-10 09:35:42,一、项目编号：2026-AL-085（招标文件编号：2026-AL-085） 二、项目名称：清分复点业务耗材定点供应商采购项目 三、中标（成交）信息 供应商名称：哈尔滨成务科技有限公司供应商地址：哈尔滨市道里区顾新路258号F01栋1单元3层1号包组或产品名称：清分复点业务耗材定点供应商采购费率(%)：94.0000000四、主要标的信息 序号    供应商名称      服务名称      服务范围      服务要求      服务时间      服务标准   1    哈尔滨成务科技有限公司      清分复点业务耗材定点供应商采购      详见文件      详见文件      自合同签订之日起1年。1年期满前采购人考核合格并且同意续期的，则合同自动续期一年，否则合同终止，续期最多不超过两次。      详见文件                 五、评审专家（单一来源采购人员）名单： 齐新、李然、陈作松 六、代理服务收费标准及金额： 本项目代理费收费标准：定额收取 本项目代理费总金额：0.300000 万元（人民币） 七、公告期限 自本公告发布之日起1个工作日。 八、其它补充事宜 经评标委员会评审：得分由高到低排序前三名为： 供应商 资格性审查 符合性审查 综合得分 得分排名 推荐排名 哈尔滨成务科技有限公司 合格 合格 97.50 1 1 黑龙江妙凡科技发展有限公司 合格 合格 97.33 2 2 安徽兆融办公用品销售有限公司 合格 合格 96.77 3 3 安徽益银电子科技有限公司 合格 合格 95.89 4   平阳县三信金融机具有限公司 合格 合格 66.36 5   评标委员会依法推荐并经采购人确认排名第一的供应商为成交单位。成交单位：哈尔滨成务科技有限公司成交价格（折扣）：94%合同履行期限:自合同签订之日起1年。1年期满前采购人考核合格并且同意续期的，则合同自动续期一年，否则合同终止，续期最多不超过两次。履约地点：人民银行黑龙江省分行哈西办公区（南兴街319号）如供应商对成交结果有异议，可以在成交公告发布之日起七个工作日内向黑龙江奥隆工程项目管理有限公司提出，逾期将不予受理。供应商可从以下几个方面提出质疑：1、评标过程的合法性；2、评标结果的合法性；3、评委会组成的合法性。联系人：戴先生电  话：0451-82265948 九、凡对本次公告内容提出询问，请按以下方式联系。 1.采购人信息 名 称：中国人民银行黑龙江省分行 地址：哈尔滨市香坊区珠江路104-1号 联系方式：唐女士 0451-82301493 2.采购代理机构信息 名 称：黑龙江奥隆工程项目管理有限公司 地 址：哈尔滨市南岗区大顺街13号 联系方式：戴培仁 0451-82265948 3.项目联系方式 项目联系人：戴培仁 电 话： 0451-82265948,其他,,中国政府采购网,,,,,,0.0,"[{""序号"": ""1"", ""供应商名称"": ""哈尔滨成务科技有限公司"", ""服务名称"": ""清分复点业务耗材定点供应商采购"", ""服务范围"": ""详见文件"", ""服务要求"": ""详见文件"", ""服务时间"": ""自合同签订之日起1年。1年期满前采购人考核合格并且同意续期的，则合同自动续期一年，否则合同终止，续期最多不超过两次。"", ""服务标准"": ""详见文件""}, {""供应商"": ""哈尔滨成务科技有限公司"", ""资格性审查"": ""合格"", ""符合性审查"": ""合格"", ""综合得分"": ""97.50"", ""得分排名"": ""1"", ""推荐排名"": ""1""}, {""供应商"": ""黑龙江妙凡科技发展有限公司"", ""资格性审查"": ""合格"", ""符合性审查"": ""合格"", ""综合得分"": ""97.33"", ""得分排名"": ""2"", ""推荐排名"": ""2""}, {""供应商"": ""安徽兆融办公用品销售有限公司"", ""资格性审查"": ""合格"", ""符合性审查"": ""合格"", ""综合得分"": ""96.77"", ""得分排名"": ""3"", ""推荐排名"": ""3""}, {""供应商"": ""安徽益银电子科技有限公司"", ""资格性审查"": ""合格"", ""符合性审查"": ""合格"", ""综合得分"": ""95.89"", ""得分排名"": ""4""}, {""供应商"": ""平阳县三信金融机具有限公司"", ""资格性审查"": ""合格"", ""符合性审查"": ""合格"", ""综合得分"": ""66.36"", ""得分排名"": ""5""}]",齐新、李然、陈作松,0.3,哈尔滨成务科技有限公司、黑龙江妙凡科技发展有限公司、安徽兆融办公用品销售有限公司、安徽益银电子科技有限公司、平阳县三信金融机具有限公司,,,,
河南金融监管局机关办公楼消防水泵系统改造成交公告,成交公告,YXZB-2026-00825,2026年09月08日 16:30,河南省,中国银行保险监督管理委员会河南监管局,郑州市金水区晨旭路16号,李老师/0371- 69332039,河南豫信招标有限责任公司,郑州市郑东新区商务外环与西七街交叉口中华大厦19楼,赵继龙、林艳 0371-61312379,赵继龙、林艳,0371-61312379,"竞争性磋商文件.pdf,中小企业声明函.pdf","[{""attach_name"": ""竞争性磋商文件.pdf"", ""attach_url"": ""https://download.ccgp.gov.cn/oss/download?uuid=6358D389A73474A9D74D6CF3C69DE4""}, {""attach_name"": ""中小企业声明函.pdf"", ""attach_url"": ""https://download.ccgp.gov.cn/oss/download?uuid=0AE4170644C3D0E1335FE39411245A""}]",https://www.ccgp.gov.cn/cggg/zygg/cjgg/202609/t20260908_27287909.htm,2026-09-10 09:35:43,一、项目编号：YXZB-2026-00825（招标文件编号：YXZB-2026-00825） 二、项目名称：河南金融监管局机关办公楼消防水泵系统改造 三、中标（成交）信息 供应商名称：河南未燃消防设备工程有限公司供应商地址：郑州市二七区棉纺东路24号中标（成交）金额：132.1530000（万元）四、主要标的信息 序号    供应商名称       工程名称       施工范围       施工工期       项目经理       执业证书   1    河南未燃消防设备工程有限公司      河南金融监管局机关办公楼消防水泵系统改造      河南金融监管局机关办公楼消防设施运行多年，部分设施已老化，急需改造以满足消防需要。      合同签订后90日历天内完成      徐双龙      豫1412016201624740                 五、评审专家（单一来源采购人员）名单： 张秀全、王娟、李崇烨（采购人代表） 六、代理服务收费标准及金额： 本项目代理费收费标准：代理服务费以中标金额为计算基数，按照“河南省招标投标协会关于印发《河南省招标代理服务收费指导意见》的通知”（豫招协【2023】002号）规定的收费标准计取，由成交供应商向代理机构支付代理服务。 本项目代理费总金额：1.521500 万元（人民币） 七、公告期限 自本公告发布之日起1个工作日。 八、其它补充事宜 成交供应商（河南未燃消防设备工程有限公司）的评审总得分：85.33分。各有关当事人对成交结果有异议的，可以在成交结果公告发布届满之日起七个工作日内，按中华人民共和国财政部令第94号《政府采购质疑和投诉办法》的相关规定，以书面形式同时向采购人和采购代理机构提出质疑，并以质疑函接受确认日期作为受理时间。逾期未提交或未按照要求提交或不符合法律法规规定的质疑函不予受理。本成交公告中，中国银行保险监督管理委员会河南监管局为系统生成的旧名称，采购人现名称为国家金融监督管理总局河南监管局。 九、凡对本次公告内容提出询问，请按以下方式联系。 1.采购人信息 名 称：中国银行保险监督管理委员会河南监管局 地址：郑州市金水区晨旭路16号 联系方式：李老师/0371- 69332039 2.采购代理机构信息 名 称：河南豫信招标有限责任公司 地 址：郑州市郑东新区商务外环与西七街交叉口中华大厦19楼 联系方式：赵继龙、林艳 0371-61312379 3.项目联系方式 项目联系人：赵继龙、林艳 电 话： 0371-61312379,公共安全,,中国政府采购网,,,,,,132.153,"[{""序号"": ""1"", ""供应商名称"": ""河南未燃消防设备工程有限公司"", ""工程名称"": ""河南金融监管局机关办公楼消防水泵系统改造"", ""施工范围"": ""河南金融监管局机关办公楼消防设施运行多年，部分设施已老化，急需改造以满足消防需要。"", ""施工工期"": ""合同签订后90日历天内完成"", ""项目经理"": ""徐双龙"", ""执业证书"": ""豫1412016201624740""}]",张秀全、王娟、李崇烨（采购人代表）,1.5215,河南未燃消防设备工程有限公司,,,,
哈尔滨工程大学重点实验室乙楼建设项目初步设计成交公告,成交公告,ZG-ZFB-2026111,2026年09月08日 16:24,黑龙江省,哈尔滨工程大学,哈尔滨市南岗区南通大街145号,杜老师、杨老师、张老师   0451-82519863,黑龙江中冠项目管理有限公司,哈尔滨市道里区友谊西路2982号,庞女士   0451-82663366转8005,庞女士电,0451-82663366转8005,哈工程乙楼初步设计--比选文件（中冠）终稿(1).zip,"[{""attach_name"": ""哈工程乙楼初步设计--比选文件（中冠）终稿(1).zip"", ""attach_url"": ""https://download.ccgp.gov.cn/oss/download?uuid=EB39214A78ADB1A93D094B5222C3DB""}]",https://www.ccgp.gov.cn/cggg/zygg/cjgg/202609/t20260908_27287753.htm,2026-09-10 09:35:44,"一、项目编号：ZG-ZFB-2026111（招标文件编号：ZG-ZFB-2026111） 二、项目名称：哈尔滨工程大学重点实验室乙楼建设项目初步设计 三、中标（成交）信息 供应商名称：哈尔滨工业大学建筑设计研究院有限公司供应商地址：哈尔滨市南岗区海河路202号哈尔滨工业大学2校区主楼9层、10层中标（成交）金额：87.5000000（万元）四、主要标的信息 序号    供应商名称      服务名称      服务范围      服务要求      服务时间      服务标准   1    哈尔滨工业大学建筑设计研究院有限公司      哈尔滨工程大学重点实验室乙楼建设项目初步设计      初步设计文本、图纸和概算，包括规划土地用地范围内的单体建筑、结构、人防、给排水、暖通、消防和强弱电系统及室外配套工程的总平面、竖向、管线综合、给排水、暖通、消防、强弱电系统、室外工程等全部内容；根据审核修改意见进行修改、完善，保证取得初步设计批复，具体工作内容详见本项目采购要求。      详见采购文件      取得可行性研究报告批复并接到采购人通知后15日历天完成初步设计，具体开工时间以采购人通知为准。      符合《建筑工程设计文件编制深度规定》（住房和城乡建设部2016年版）的初步设计深度要求。                 五、评审专家（单一来源采购人员）名单： 谢书博、安晓洁、李鏖（采购人代表） 六、代理服务收费标准及金额： 本项目代理费收费标准：招标代理服务费按照国家计委“计价格【2002】1980号”文件收取 本项目代理费总金额：1.312500 万元（人民币） 七、公告期限 自本公告发布之日起1个工作日。 八、其它补充事宜 哈尔滨工程大学重点实验室乙楼建设项目初步设计成交结果公告一、项目编号：ZG-ZFB-2026111二、项目名称：哈尔滨工程大学重点实验室乙楼建设项目初步设计三、成交信息供应商名称：哈尔滨工业大学建筑设计研究院有限公司供应商地址：哈尔滨市南岗区海河路202号哈尔滨工业大学2校区主楼9层、10层成交金额：人民币87.5万元（¥875,000.00）四、主要标的信息（具体内容及要求详见本项目采购文件及响应文件） 序号 项目名称 采购需求 合同履行期限 项目负责人 证书及编号 1 哈尔滨工程大学重点实验室乙楼建设项目初步设计   初步设计文本、图纸和概算，包括规划土地用地范围内的单体建筑、结构、人防、给排水、暖通、消防和强弱电系统及室外配套工程的总平面、竖向、管线综合、给排水、暖通、消防、强弱电系统、室外工程等全部内容；根据审核修改意见进行修改、完善，保证取得初步设计批复，具体工作内容详见本项目采购要求。 取得可行性研究报告批复并接到采购人通知后15日历天完成初步设计，具体开工时间以采购人通知为准。 皮卫星 一级注册建筑师注册证书（20052300352）  五、服务要求：详见采购文件第二章“采购需求”六、比选小组名单：谢书博、安晓洁、李鏖（采购人代表）七、代理服务收费标准及金额：招标代理服务费按照国家计委“计价格【2002】1980号”文件收取，本项目代理酬金为1.3125万元。八、公告期限自本公告发布之日起1个工作日。九、其他补充事宜：供应商或相关利害关系人如有异议，请在法定时限内，以书面形式加盖异议人公章，由法定代表人或其授权委托人持授权委托书向代理机构提出。十、凡对本次公告内容提出询问，请按以下方式联系。1、采购人信息名    称：哈尔滨工程大学  地    址：哈尔滨市南岗区南通大街145号联 系 人：杜老师、杨老师、张老师联系方式：0451-825198632.采购代理机构信息名    称：黑龙江中冠项目管理有限公司地 址：哈尔滨市道里区友谊西路2982号联系方式：0451-826633663.项目联系方式项目联系人：庞女士电  话：0451-82663366转8005 附件：采购文件 九、凡对本次公告内容提出询问，请按以下方式联系。 1.采购人信息 名 称：哈尔滨工程大学 地址：哈尔滨市南岗区南通大街145号 联系方式：杜老师、杨老师、张老师 0451-82519863 2.采购代理机构信息 名 称：黑龙江中冠项目管理有限公司 地 址：哈尔滨市道里区友谊西路2982号 联系方式：庞女士 0451-82663366转8005 3.项目联系方式 项目联系人：庞女士 电 话： 0451-82663366转8005",教育培训,,中国政府采购网,,,,,,87.5,"[{""序号"": ""1"", ""供应商名称"": ""哈尔滨工业大学建筑设计研究院有限公司"", ""服务名称"": ""哈尔滨工程大学重点实验室乙楼建设项目初步设计"", ""服务范围"": ""初步设计文本、图纸和概算，包括规划土地用地范围内的单体建筑、结构、人防、给排水、暖通、消防和强弱电系统及室外配套工程的总平面、竖向、管线综合、给排水、暖通、消防、强弱电系统、室外工程等全部内容；根据审核修改意见进行修改、完善，保证取得初步设计批复，具体工作内容详见本项目采购要求。"", ""服务要求"": ""详见采购文件"", ""服务时间"": ""取得可行性研究报告批复并接到采购人通知后15日历天完成初步设计，具体开工时间以采购人通知为准。"", ""服务标准"": ""符合《建筑工程设计文件编制深度规定》（住房和城乡建设部2016年版）的初步设计深度要求。""}]",谢书博、安晓洁、李鏖（采购人代表）,1.3125,哈尔滨工业大学建筑设计研究院有限公司,,,,
复旦大学附属妇产科医院黄浦院区方斜路419号2号楼结构加固成交公告,成交公告,0613-267113064982,2026年09月08日 16:23,上海市,复旦大学附属妇产科医院,上海市黄浦区方斜路419号,杨老师021-33189900,上海机电设备招标有限公司,上海市普陀区长寿路285号恒达大厦16楼,张子豪、孙瑞强，021-32557735、32557738，电子邮箱：zzh@shbid.com,张子豪、孙瑞强,021-32557735、32557738,"4982磋商文件发售稿_复旦大学附属妇产科医院黄浦院区方斜路419号2号楼结构加固.doc,中小企业声明函(1).pdf","[{""attach_name"": ""4982磋商文件发售稿_复旦大学附属妇产科医院黄浦院区方斜路419号2号楼结构加固.doc"", ""attach_url"": ""https://download.ccgp.gov.cn/oss/download?uuid=09DE01D192EC57655EBEFEB5ACA700""}, {""attach_name"": ""中小企业声明函(1).pdf"", ""attach_url"": ""https://download.ccgp.gov.cn/oss/download?uuid=EFCA3BA74BF092AC08744C93CA2D65""}]",https://www.ccgp.gov.cn/cggg/zygg/cjgg/202609/t20260908_27287701.htm,2026-09-10 09:35:44,一、项目编号：0613-267113064982（招标文件编号：0613-267113064982） 二、项目名称：复旦大学附属妇产科医院黄浦院区方斜路419号2号楼结构加固 三、中标（成交）信息 供应商名称：上海特国建筑工程有限公司供应商地址：上海市崇明区向化镇陈彷公路4925号中标（成交）金额：296.1310800（万元）四、主要标的信息 序号    供应商名称       工程名称       施工范围       施工工期       项目经理       执业证书   1    上海特国建筑工程有限公司      复旦大学附属妇产科医院黄浦院区方斜路419号2号楼结构加固      涉及复旦大学附属妇产科医院黄浦院区方斜路419号2号楼结构加固。      70日历天      詹凤梅      二级注册建造师，建筑工程专业                 五、评审专家（单一来源采购人员）名单： 钱蓉、许耘、王成焱 六、代理服务收费标准及金额： 本项目代理费收费标准：成交通知书发出后30天内，成交供应商须向上海机电设备招标有限公司一次付清采购代理服务费，采购代理服务费以成交金额为基准，参照国家发展计划委员会“计价格（2002）1980号”文《招标代理服务收费管理暂行办法》规定，采用差额定率累进计费方式，并下浮20%收取。 本项目代理费总金额：1.898300 万元（人民币） 七、公告期限 自本公告发布之日起1个工作日。 八、其它补充事宜 上海特国建筑工程有限公司综合得分95.33分，排序第一。 九、凡对本次公告内容提出询问，请按以下方式联系。 1.采购人信息 名 称：复旦大学附属妇产科医院 地址：上海市黄浦区方斜路419号 联系方式：杨老师021-33189900 2.采购代理机构信息 名 称：上海机电设备招标有限公司 地 址：上海市普陀区长寿路285号恒达大厦16楼 联系方式：张子豪、孙瑞强，021-32557735、32557738，电子邮箱：zzh@shbid.com 3.项目联系方式 项目联系人：张子豪、孙瑞强 电 话： 021-32557735、32557738,医疗卫生,,中国政府采购网,,,,,,296.13108,"[{""序号"": ""1"", ""供应商名称"": ""上海特国建筑工程有限公司"", ""工程名称"": ""复旦大学附属妇产科医院黄浦院区方斜路419号2号楼结构加固"", ""施工范围"": ""涉及复旦大学附属妇产科医院黄浦院区方斜路419号2号楼结构加固。"", ""施工工期"": ""70日历天"", ""项目经理"": ""詹凤梅"", ""执业证书"": ""二级注册建造师，建筑工程专业""}]",钱蓉、许耘、王成焱,1.8983,上海特国建筑工程有限公司,,,,
勐腊海关综合技术中心2026年9月-2027年8月部分物业管理服务项目（二次）成交公告,成交公告,YNS,2026年09月08日 16:21,勐腊县,勐腊海关综合技术中心,西双版纳傣族自治州勐腊县相思路3号,周老师0691-8121205,山标工程项目管理咨询（云南）有限公司,云南省普洱市思茅区茶马古镇B区12-33-03(永平路东),王佳俊、张聚超、罗琪、周焕萍、吴学玉 0871-63522591、0879-3016506,罗琪,0871-63522591、0879-3016506,"中小企业申明函.jpg,勐腊海关综合技术中心2026年9月-2027年8月部分物业管理服务项目（二次）竞争性谈判8.31.doc","[{""attach_name"": ""中小企业申明函.jpg"", ""attach_url"": ""https://download.ccgp.gov.cn/oss/download?uuid=3AF6029A0C2308640EB86DE666F44F""}, {""attach_name"": ""勐腊海关综合技术中心2026年9月-2027年8月部分物业管理服务项目（二次）竞争性谈判8.31.doc"", ""attach_url"": ""https://download.ccgp.gov.cn/oss/download?uuid=B7C9A88DF83FE48A957BB2271F6363""}]",https://www.ccgp.gov.cn/cggg/zygg/cjgg/202609/t20260908_27287639.htm,2026-09-10 09:35:45,一、项目编号：YNS（普）202603-9（招标文件编号：YNS（普）202603-9） 二、项目名称：勐腊海关综合技术中心2026年9月-2027年8月部分物业管理服务项目 三、中标（成交）信息 供应商名称：昆明康巴淖尔安保服务有限公司供应商地址：磨憨-磨丁合作区东盟商品展示城B幢2-205号中标（成交）金额：77.8880000（万元）四、主要标的信息 序号    供应商名称      服务名称      服务范围      服务要求      服务时间      服务标准   1    昆明康巴淖尔安保服务有限公司      勐腊海关综合技术中心2026年9月-2027年8月部分物业管理服务项目（二次）      为勐腊海关综合技术中心2026年9月-2027年8月部分物业管理提供安保、保洁、区域绿化服务，具体为： （1）相思路办公区安全保卫、绿化、除行政事业办公楼以外的公共区域环境清洁、消杀（除四害）工作；（2）相思路生活区安全保卫、绿化、公共区域环境清洁、消杀（除四害）工作；（3）南路办公区安全保卫、绿化、公共区域环境清洁、消杀（除四害）工作；（4）磨憨公路生活区安全保卫、绿化、公共区域环境清洁、消杀（除四害）工作；（5）磨憨铁路办公区、生活区安全保卫、绿化、公共区域环境清洁（含办公楼和宿舍楼的保洁）、消杀（除四害）工作。（6）勐满办事处生活区安全保卫、绿化、公共区域环境清洁、消杀（除四害）工作。 注：以上区域占地面积约36000平方米，建筑面积20000平方米。环境清洁工作不包含清洗玻璃幕墙，清洗楼房外墙服务内容。      通过引入专业化、规范化的社会服务，实现区域安全秩序井然、环境干净整洁、绿化景观优美，有效保障单位工作高效运行，提升整体形象。      2026年9月至2027年8月      通过引入专业化、规范化的社会服务，实现区域安全秩序井然、环境干净整洁、绿化景观优美，有效保障单位工作高效运行，提升整体形象。                 五、评审专家（单一来源采购人员）名单： 谭云丽、朱云花、张强（采购人代表） 六、代理服务收费标准及金额： 本项目代理费收费标准：参照《云南省建设工程及政府采购代理服务收费参考意见》的通知（云建招协 [2026] 11 号） 规定下浮10%向成交供应商收取。 本项目代理费总金额：1.051500 万元（人民币） 七、公告期限 自本公告发布之日起1个工作日。 八、其它补充事宜 本次成交公告在《中国政府采购网》上发布，采购人及采购代理机构对其它网站或媒体转载的公告及公告内容不承担任何责任。 九、凡对本次公告内容提出询问，请按以下方式联系。 1.采购人信息 名 称：勐腊海关综合技术中心 地址：西双版纳傣族自治州勐腊县相思路3号 联系方式：周老师0691-8121205 2.采购代理机构信息 名 称：山标工程项目管理咨询（云南）有限公司 地 址：云南省普洱市思茅区茶马古镇B区12-33-03(永平路东) 联系方式：王佳俊、张聚超、罗琪、周焕萍、吴学玉 0871-63522591、0879-3016506 3.项目联系方式 项目联系人：罗琪 电 话： 0871-63522591、0879-3016506,服务外包,,中国政府采购网,,,,,,77.888,"[{""序号"": ""1"", ""供应商名称"": ""昆明康巴淖尔安保服务有限公司"", ""服务名称"": ""勐腊海关综合技术中心2026年9月-2027年8月部分物业管理服务项目（二次）"", ""服务范围"": ""为勐腊海关综合技术中心2026年9月-2027年8月部分物业管理提供安保、保洁、区域绿化服务，具体为：\t\t\t（1）相思路办公区安全保卫、绿化、除行政事业办公楼以外的公共区域环境清洁、消杀（除四害）工作；（2）相思路生活区安全保卫、绿化、公共区域环境清洁、消杀（除四害）工作；（3）南路办公区安全保卫、绿化、公共区域环境清洁、消杀（除四害）工作；（4）磨憨公路生活区安全保卫、绿化、公共区域环境清洁、消杀（除四害）工作；（5）磨憨铁路办公区、生活区安全保卫、绿化、公共区域环境清洁（含办公楼和宿舍楼的保洁）、消杀（除四害）工作。（6）勐满办事处生活区安全保卫、绿化、公共区域环境清洁、消杀（除四害）工作。\t\t\t注：以上区域占地面积约36000平方米，建筑面积20000平方米。环境清洁工作不包含清洗玻璃幕墙，清洗楼房外墙服务内容。"", ""服务要求"": ""通过引入专业化、规范化的社会服务，实现区域安全秩序井然、环境干净整洁、绿化景观优美，有效保障单位工作高效运行，提升整体形象。"", ""服务时间"": ""2026年9月至2027年8月"", ""服务标准"": ""通过引入专业化、规范化的社会服务，实现区域安全秩序井然、环境干净整洁、绿化景观优美，有效保障单位工作高效运行，提升整体形象。""}]",谭云丽、朱云花、张强（采购人代表）,1.0515,昆明康巴淖尔安保服务有限公司,,,,
四川省成都市青白江区消防救援大队2026年健康体检服务采购项目成交结果公告,成交公告,SCSWZB-CD202610232,2026年09月08日 16:17,成都市,成都市青白江区消防救援大队,青白江区复兴大道766号消防救援大队,肖老师 028-83665081,四川顺为招标代理有限公司,成都市武侯区武科西一路3号2栋1单元5层,宋老师 19180456384,宋老师,19180456384,"评审情况汇总表.pdf,中小企业声明函-四川成诺健程健康管理有限公司.pdf,（磋商）成都市青白江区消防救援大队2026年健康体检服务采购项目.pdf","[{""attach_name"": ""评审情况汇总表.pdf"", ""attach_url"": ""https://download.ccgp.gov.cn/oss/download?uuid=8973ED7A2B68507A03CC16BC534442""}, {""attach_name"": ""中小企业声明函-四川成诺健程健康管理有限公司.pdf"", ""attach_url"": ""https://download.ccgp.gov.cn/oss/download?uuid=F078FA62B1202690116E9F08C7D58E""}, {""attach_name"": ""（磋商）成都市青白江区消防救援大队2026年健康体检服务采购项目.pdf"", ""attach_url"": ""https://download.ccgp.gov.cn/oss/download?uuid=5C03383A0FE023581C1CA753E60EB4""}]",https://www.ccgp.gov.cn/cggg/zygg/cjgg/202609/t20260908_27287552.htm,2026-09-10 09:35:45,一、项目编号：SCSWZB-CD202610232（招标文件编号：SCSWZB-CD202610232） 二、项目名称：成都市青白江区消防救援大队2026年健康体检服务采购项目 三、中标（成交）信息 供应商名称：四川成诺健程健康管理有限公司供应商地址：四川省成都市锦江区华润路42号(自编号2007号)中标（成交）金额：27.5000000（万元）四、主要标的信息 序号    供应商名称      服务名称      服务范围      服务要求      服务时间      服务标准   1    四川成诺健程健康管理有限公司      成都市青白江区消防救援大队2026年健康体检服务采购项目      详见磋商文件      详见磋商文件      自合同签订之日起一年      详见磋商文件                 五、评审专家（单一来源采购人员）名单： 黄薇、刘晓宁、杨义辉（采购人代表） 六、代理服务收费标准及金额： 本项目代理费收费标准：定额收取代理服务费8000元人民币（大写捌仟元整）。由成交供应商在领取成交通知书前一次性向代理机构支付。代理服务费可现金或转账支付。代理服务费转账支付账号：账户名称：四川顺为招标代理有限公司银行账号：650302693开户银行:中国民生银行股份有限公司成都光华支行开户行行号：305651000288注：采用转账方式的，请使用公司基本户对公转账付款。 本项目代理费总金额：0.800000 万元（人民币） 七、公告期限 自本公告发布之日起1个工作日。 八、其它补充事宜 1、本项目为单价据实结算，成交单价：1593.00元/人2、结算方式：合同价款根据实际体检人数和供应商报价的单价据实结算 九、凡对本次公告内容提出询问，请按以下方式联系。 1.采购人信息 名 称：成都市青白江区消防救援大队 地址：青白江区复兴大道766号消防救援大队 联系方式：肖老师 028-83665081 2.采购代理机构信息 名 称：四川顺为招标代理有限公司 地 址：成都市武侯区武科西一路3号2栋1单元5层 联系方式：宋老师 19180456384 3.项目联系方式 项目联系人：宋老师 电 话： 19180456384,公共安全,,中国政府采购网,,,,,,27.5,"[{""序号"": ""1"", ""供应商名称"": ""四川成诺健程健康管理有限公司"", ""服务名称"": ""成都市青白江区消防救援大队2026年健康体检服务采购项目"", ""服务范围"": ""详见磋商文件"", ""服务要求"": ""详见磋商文件"", ""服务时间"": ""自合同签订之日起一年"", ""服务标准"": ""详见磋商文件""}]",黄薇、刘晓宁、杨义辉（采购人代表）,0.8,四川成诺健程健康管理有限公司,,,,
中国人民银行雄安新区分行机房基础设施及环境改造项目成交公告,成交公告,HGZB2026021,2026年09月08日 16:15,容城县,中国人民银行雄安新区分行,河北省保定市容城县板正南大街30号,王子雨 0312-7209028,石家庄和冠招标代理有限公司,石家庄市桥西区胜利南街416号塔坛国际商贸城9号写字楼,吴林杰  0311-89605526，13363802017,吴林杰,13363802017,"竞争性磋商文件（机房改造）.docx,供应商资格承诺函2.jpg,供应商资格承诺函1.jpg","[{""attach_name"": ""竞争性磋商文件（机房改造）.docx"", ""attach_url"": ""https://download.ccgp.gov.cn/oss/download?uuid=B48A0CCB769EB5F1DC0B23F6818BDB""}, {""attach_name"": ""供应商资格承诺函2.jpg"", ""attach_url"": ""https://download.ccgp.gov.cn/oss/download?uuid=F124D9DC9F77B73FCCDCE315CBB1A2""}, {""attach_name"": ""供应商资格承诺函1.jpg"", ""attach_url"": ""https://download.ccgp.gov.cn/oss/download?uuid=11CA05BCC9C4F79C67833FC126F57A""}]",https://www.ccgp.gov.cn/cggg/zygg/cjgg/202609/t20260908_27287479.htm,2026-09-10 09:35:46,一、项目编号：HGZB2026021（招标文件编号：HGZB2026021） 二、项目名称：中国人民银行雄安新区分行机房基础设施及环境改造项目 三、中标（成交）信息 供应商名称：北京益泰牡丹电子工程有限责任公司供应商地址：北京市海淀区北洼路4号（北京无线电厂后二楼）中标（成交）金额：22.3000000（万元）四、主要标的信息 序号    供应商名称       工程名称       施工范围       施工工期       项目经理       执业证书   1    北京益泰牡丹电子工程有限责任公司      中国人民银行雄安新区分行机房基础设施及环境改造项目      工程量清单范围内的全部内容      签订合同后90日内完成并通过验收      孙小强      京1112015201532706                 五、评审专家（单一来源采购人员）名单： 许玉杰、靳兴德、赵丽欣 六、代理服务收费标准及金额： 本项目代理费收费标准：成交金额的1.2%。 本项目代理费总金额：0.267600 万元（人民币） 七、公告期限 自本公告发布之日起1个工作日。 八、其它补充事宜 成交单位综合得分：88.87分 九、凡对本次公告内容提出询问，请按以下方式联系。 1.采购人信息 名 称：中国人民银行雄安新区分行 地址：河北省保定市容城县板正南大街30号 联系方式：王子雨 0312-7209028 2.采购代理机构信息 名 称：石家庄和冠招标代理有限公司 地 址：石家庄市桥西区胜利南街416号塔坛国际商贸城9号写字楼 联系方式：吴林杰 0311-89605526，13363802017 3.项目联系方式 项目联系人：吴林杰 电 话： 13363802017,信息技术,,中国政府采购网,,,,,,22.3,"[{""序号"": ""1"", ""供应商名称"": ""北京益泰牡丹电子工程有限责任公司"", ""工程名称"": ""中国人民银行雄安新区分行机房基础设施及环境改造项目"", ""施工范围"": ""工程量清单范围内的全部内容"", ""施工工期"": ""签订合同后90日内完成并通过验收"", ""项目经理"": ""孙小强"", ""执业证书"": ""京1112015201532706""}]",许玉杰、靳兴德、赵丽欣,0.2676,北京益泰牡丹电子工程有限责任公司,,,,
中国人民银行雄安新区分行综合布线改造及终端配套设备购置项目成交公告,成交公告,HGZB2026022,2026年09月08日 16:14,容城县,中国人民银行雄安新区分行,河北省保定市容城县板正南大街30号,王子雨 0312-7209028,石家庄和冠招标代理有限公司,石家庄市桥西区胜利南街416号塔坛国际商贸城9号写字楼,吴林杰  0311-89605526，13363802017,吴林杰,13363802017,"竞争性磋商文件（综合布线）.docx,供应商资格承诺函（综合布线）.jpg","[{""attach_name"": ""竞争性磋商文件（综合布线）.docx"", ""attach_url"": ""https://download.ccgp.gov.cn/oss/download?uuid=7DA32771202AB9CE6EDEE751901311""}, {""attach_name"": ""供应商资格承诺函（综合布线）.jpg"", ""attach_url"": ""https://download.ccgp.gov.cn/oss/download?uuid=4B26556417B48A5E59CE904501CC11""}]",https://www.ccgp.gov.cn/cggg/zygg/cjgg/202609/t20260908_27287481.htm,2026-09-10 09:35:47,一、项目编号：HGZB2026022（招标文件编号：HGZB2026022） 二、项目名称：中国人民银行雄安新区分行综合布线改造及终端配套设备购置项目 三、中标（成交）信息 供应商名称：北京青鸟安全系统科技有限公司供应商地址：北京市平谷区中关村科技园区平谷园兴谷A区6号-21004(集群注册)中标（成交）金额：20.2000000（万元）四、主要标的信息 序号    供应商名称       工程名称       施工范围       施工工期       项目经理       执业证书   1    北京青鸟安全系统科技有限公司      中国人民银行雄安新区分行综合布线改造及终端配套设备购置项目      工程量清单范围内的全部内容      签订合同后90日内完成并通过验收      宋娜      京1112014201530748                 五、评审专家（单一来源采购人员）名单： 许玉杰、靳兴德、赵丽欣 六、代理服务收费标准及金额： 本项目代理费收费标准：成交金额的1.2% 本项目代理费总金额：0.242400 万元（人民币） 七、公告期限 自本公告发布之日起1个工作日。 八、其它补充事宜 成交单位综合得分：88.65分。 九、凡对本次公告内容提出询问，请按以下方式联系。 1.采购人信息 名 称：中国人民银行雄安新区分行 地址：河北省保定市容城县板正南大街30号 联系方式：王子雨 0312-7209028 2.采购代理机构信息 名 称：石家庄和冠招标代理有限公司 地 址：石家庄市桥西区胜利南街416号塔坛国际商贸城9号写字楼 联系方式：吴林杰 0311-89605526，13363802017 3.项目联系方式 项目联系人：吴林杰 电 话： 13363802017,工程建设,,中国政府采购网,,,,,,20.2,"[{""序号"": ""1"", ""供应商名称"": ""北京青鸟安全系统科技有限公司"", ""工程名称"": ""中国人民银行雄安新区分行综合布线改造及终端配套设备购置项目"", ""施工范围"": ""工程量清单范围内的全部内容"", ""施工工期"": ""签订合同后90日内完成并通过验收"", ""项目经理"": ""宋娜"", ""执业证书"": ""京1112014201530748""}]",许玉杰、靳兴德、赵丽欣,0.2424,北京青鸟安全系统科技有限公司,,,,
江宁区消控室远程联网监测平台采购项目成交公告,成交公告,NJJC-2026ZFCG0805,2026年09月08日 16:13,南京市,南京市江宁区消防救援大队,南京市江宁区文靖东路5号,025-52121502,南京江城工程项目管理有限公司,南京市建邺区云龙山路89号龙湖时代上城写字楼1栋29楼,025-58835827-8017,高婷,025-58835827-8017,【定稿发布】江宁区消控室远程联网监测平台采购项目.pdf,"[{""attach_name"": ""【定稿发布】江宁区消控室远程联网监测平台采购项目.pdf"", ""attach_url"": ""https://download.ccgp.gov.cn/oss/download?uuid=EA9AC3F8EA028D4F22661042BF816A""}]",https://www.ccgp.gov.cn/cggg/zygg/cjgg/202609/t20260908_27287415.htm,2026-09-10 09:35:47,一、项目编号：NJJC-2026ZFCG0805（G）（招标文件编号：NJJC-2026ZFCG0805（G）） 二、项目名称：江宁区消控室远程联网监测平台采购项目 三、中标（成交）信息 供应商名称：江苏移动信息系统集成有限公司供应商地址：南京市虎踞路59号中标（成交）金额：44.1000000（万元）四、主要标的信息 序号    供应商名称      货物名称      货物品牌      货物型号      货物数量      货物单价(元)   1    江苏移动信息系统集成有限公司      用户信息传输装置（核心产品）      海康威视      NP-FCT100      90套      2600                 五、评审专家（单一来源采购人员）名单： 胡巍、陈益谦、池翔（采购人代表） 六、代理服务收费标准及金额： 本项目代理费收费标准：由成交供应商支付，其中代理费参照国家发展改革委关于降低部分建设项目收费标准规范收费行为等有关问题的通知（发改价格【2011】534号）标准的60%计取，计算基准值为成交价，不足2000元按2000元计取。 本项目代理费总金额：0.396900 万元（人民币） 七、公告期限 自本公告发布之日起1个工作日。 八、其它补充事宜 1、成交供应商评审总得分：85.37分。2、各有关当事人对成交公告结果有异议的，可以在成交公告期限届满之日起七个工作日内，以书面原件形式提出明确的请求并提供必要的证明材料，向代理公司提出质疑，逾期将不再受理。3、因系统原因，采购单位名称应为“南京市江宁区消防救援局” 九、凡对本次公告内容提出询问，请按以下方式联系。 1.采购人信息 名 称：南京市江宁区消防救援大队 地址：南京市江宁区文靖东路5号 联系方式：025-52121502 2.采购代理机构信息 名 称：南京江城工程项目管理有限公司 地 址：南京市建邺区云龙山路89号龙湖时代上城写字楼1栋29楼 联系方式：025-58835827-8017 3.项目联系方式 项目联系人：高婷 电 话： 025-58835827-8017,信息技术,,中国政府采购网,,,,,,44.1,"[{""序号"": ""1"", ""供应商名称"": ""江苏移动信息系统集成有限公司"", ""货物名称"": ""用户信息传输装置（核心产品）"", ""货物品牌"": ""海康威视"", ""货物型号"": ""NP-FCT100"", ""货物数量"": ""90套"", ""货物单价(元)"": ""2600""}]",胡巍、陈益谦、池翔（采购人代表）,0.3969,江苏移动信息系统集成有限公司,,,,
中国科学院近代物理研究所液氮竞争性磋商采购项目（第二次）成交公告,成交公告,OITC-G260160201,2026年09月08日 16:09,甘肃省,中国科学院近代物理研究所,甘肃省兰州市城关区南昌路509号,0931-4969256,东方国际招标有限责任公司,北京市海淀区丹棱街1号互联网金融中心20层,吴旭  冯宇图 唐添慧 010-68290510、010-68290550、010-68290526 xwu@osic.com.cn,吴旭,010-68290510、010-68290550、010-68290526、1,"中小企业声明函.pdf,_OITC-G260160201-1液氮竞争性磋商采购项目第二次（最终稿）.doc,关于符合本国产品标准的声明函.pdf","[{""attach_name"": ""中小企业声明函.pdf"", ""attach_url"": ""https://download.ccgp.gov.cn/oss/download?uuid=AA278690B0BB29AAFDDD413047FCD9""}, {""attach_name"": ""_OITC-G260160201-1液氮竞争性磋商采购项目第二次（最终稿）.doc"", ""attach_url"": ""https://download.ccgp.gov.cn/oss/download?uuid=A524A41E1967D9F1D7A5306773965D""}, {""attach_name"": ""关于符合本国产品标准的声明函.pdf"", ""attach_url"": ""https://download.ccgp.gov.cn/oss/download?uuid=238959D8AE75CDCA09E742C6A2F8F7""}]",https://www.ccgp.gov.cn/cggg/zygg/cjgg/202609/t20260908_27287315.htm,2026-09-10 09:35:48,"一、项目编号：OITC-G260160201（招标文件编号：OITC-G260160201） 二、项目名称：中国科学院近代物理研究所液氮竞争性磋商采购项目 三、中标（成交）信息 供应商名称：广州鑫长融化工气体有限公司供应商地址：广州市天河区中山大道中288号510室(部位:510-6房)中标（成交）金额：192.0000000（万元）四、主要标的信息 序号    供应商名称      货物名称      货物品牌      货物型号      货物数量      货物单价(元)   1    广州鑫长融化工气体有限公司      液氮      林德气体      纯度99.999%      3000吨      ￥1,920,000.00（总价）                 五、评审专家（单一来源采购人员）名单： 张水合、邵莉、牛小飞（全部自行选定） 六、代理服务收费标准及金额： 本项目代理费收费标准：1980号文 本项目代理费总金额：0.000000 万元（人民币） 七、公告期限 自本公告发布之日起1个工作日。 八、其它补充事宜 一、附件:1、竞争性磋商文件2、中小企业声明函3、关于符合本国产品标准的声明函二、本项目采用综合评分法，成交供应商总得分95.33分 九、凡对本次公告内容提出询问，请按以下方式联系。 1.采购人信息 名 称：中国科学院近代物理研究所 地址：甘肃省兰州市城关区南昌路509号 联系方式：0931-4969256 2.采购代理机构信息 名 称：东方国际招标有限责任公司 地 址：北京市海淀区丹棱街1号互联网金融中心20层 联系方式：吴旭 冯宇图 唐添慧 010-68290510、010-68290550、010-68290526 xwu@osic.com.cn 3.项目联系方式 项目联系人：吴旭 冯宇图 唐添慧 电 话： 010-68290510、010-68290550、010-68290526、15010068103",教育培训,,中国政府采购网,,,,,,192.0,"[{""序号"": ""1"", ""供应商名称"": ""广州鑫长融化工气体有限公司"", ""货物名称"": ""液氮"", ""货物品牌"": ""林德气体"", ""货物型号"": ""纯度99.999%"", ""货物数量"": ""3000吨"", ""货物单价(元)"": ""￥1,920,000.00（总价）""}]",张水合、邵莉、牛小飞（全部自行选定）,0.0,广州鑫长融化工气体有限公司,,,,
青川县消防救援大队青川县竹园镇政府专职消防救援站改造项目成交公告,成交公告,ZJJX-CG-2026463,2026年09月08日 16:08,青川县,青川县消防救援大队,广元市青川县龙州路6号,董先生、18040462082,中锦军贤工程咨询集团有限公司,四川省广元市青川县乔庄镇老地税局三楼,李女士、0839-2356000,李女士,0839-2356000,,,https://www.ccgp.gov.cn/cggg/zygg/cjgg/202609/t20260908_27287311.htm,2026-09-10 09:35:49,一、项目编号：ZJJX-CG-2026463（招标文件编号：ZJJX-CG-2026463） 二、项目名称：青川县竹园镇政府专职消防救援站改造项目 三、中标（成交）信息 供应商名称：四川昆丰建设工程有限公司供应商地址：四川省广元市青川县乔庄镇城郊社区叶家盖组12号中标（成交）金额：46.1200000（万元）四、主要标的信息 序号    供应商名称       工程名称       施工范围       施工工期       项目经理       执业证书   1    四川昆丰建设工程有限公司      青川县竹园镇政府专职消防救援站改造项目      工程量清单对应的内容及磋商文件说明内容      60个日历日      陈春燕      中华人民共和国二级建造师注册证书                 五、评审专家（单一来源采购人员）名单： 唐洪浩、曹磊、董维 六、代理服务收费标准及金额： 本项目代理费收费标准：由成交供应商领取中标通知书时一次性支付给招标代理机构，按照成本+合理利润原则. 本项目代理费总金额：0.460000 万元（人民币） 七、公告期限 自本公告发布之日起1个工作日。 八、其它补充事宜 无 九、凡对本次公告内容提出询问，请按以下方式联系。 1.采购人信息 名 称：青川县消防救援大队 地址：广元市青川县龙州路6号 联系方式：董先生、18040462082 2.采购代理机构信息 名 称：中锦军贤工程咨询集团有限公司 地 址：四川省广元市青川县乔庄镇老地税局三楼 联系方式：李女士、0839-2356000 3.项目联系方式 项目联系人：李女士 电 话： 0839-2356000,公共安全,,中国政府采购网,,,,,,46.12,"[{""序号"": ""1"", ""供应商名称"": ""四川昆丰建设工程有限公司"", ""工程名称"": ""青川县竹园镇政府专职消防救援站改造项目"", ""施工范围"": ""工程量清单对应的内容及磋商文件说明内容"", ""施工工期"": ""60个日历日"", ""项目经理"": ""陈春燕"", ""执业证书"": ""中华人民共和国二级建造师注册证书""}]",唐洪浩、曹磊、董维,0.46,四川昆丰建设工程有限公司,,,,
南海预报减灾中心2026年信息化运维外协项目成交公告,成交公告,YXGL26GZ18217,2026年09月08日 16:04,广东省,自然资源部南海预报减灾中心,广州市海珠区新港中路353号,吴小姐 020-84208042,广东粤信项目管理有限公司,广州市天河区天寿路31号1301室（部位：内自编05房（仅限办公））,王工 020-37209484-823,王工,020-37209484-823,,,https://www.ccgp.gov.cn/cggg/zygg/cjgg/202609/t20260908_27287234.htm,2026-09-10 09:35:49,"一、项目编号：YXGL26GZ18217（招标文件编号：YXGL26GZ18217） 二、项目名称：南海预报减灾中心2026年信息化运维外协项目 三、中标（成交）信息 供应商名称：广州市星樾信息科技有限公司供应商地址：广州市黄埔区光谱中路23号A2栋910房(仅限办公)中标（成交）金额：19.1100000（万元）四、主要标的信息 序号    供应商名称    服务名称    服务范围    服务要求    服务时间    服务标准 1    广州市星樾信息科技有限公司    南海预报减灾中心2026年信息化运维外协项目    按《询比文件》要求和《响应文件》响应执行    按《询比文件》要求和《响应文件》响应执行    合同签订之日起一年    按《询比文件》要求和《响应文件》响应执行               五、评审专家（单一来源采购人员）名单： 肖雪陈、周维柏、廖恩红 六、代理服务收费标准及金额： 本项目代理费收费标准：本项目代理费收费标准：参照国家发展计划委员会颁布的《招标代理服务收费管理暂行办法》(计价格[2002]1980号)、《关于招标代理服务收费有关问题的通知》(发改办价格[2003]857号)及国家发展改革委颁布的《国家发展改革委关于降低部分建设项目收费标准规范收费行为等有关问题的通知》(发改价格[2011]534号)规定,采购代理费用以中标(成交)金额为基数按差额定率累进法计算后,向具体项目的中标人(成交供应商)收取。一个项目的代理服务费不足5000元的,按5000元收取。 本项目代理费总金额：0.500000 万元（人民币） 七、公告期限 自本公告发布之日起1个工作日。 八、其它补充事宜 / 九、凡对本次公告内容提出询问，请按以下方式联系。 1.采购人信息 名 称：自然资源部南海预报减灾中心 地址：广州市海珠区新港中路353号 联系方式：吴小姐 020-84208042 2.采购代理机构信息 名 称：广东粤信项目管理有限公司 地 址：广州市天河区天寿路31号1301室（部位：内自编05房（仅限办公）） 联系方式：王工 020-37209484-823 3.项目联系方式 项目联系人：王工 电 话： 020-37209484-823",信息技术,,中国政府采购网,,,,,,19.11,"[{""序号"": ""1"", ""供应商名称"": ""广州市星樾信息科技有限公司"", ""服务名称"": ""南海预报减灾中心2026年信息化运维外协项目"", ""服务范围"": ""按《询比文件》要求和《响应文件》响应执行"", ""服务要求"": ""按《询比文件》要求和《响应文件》响应执行"", ""服务时间"": ""合同签订之日起一年"", ""服务标准"": ""按《询比文件》要求和《响应文件》响应执行""}]",肖雪陈、周维柏、廖恩红,0.5,广州市星樾信息科技有限公司,,,,
宁波市消防救援支队江北区白沙消防救援站三楼一体化改造项目成交公告,成交公告,WBCG2026-098,2026年09月08日 16:02,宁波市,宁波市消防救援支队,宁波市海曙区环城西路北段222号,熊老师0574-55666019,万邦工程管理咨询有限公司,宁波市海曙区布政巷16号科创大厦1102室,魏小娥、周镕、蔡赛波、钟文俏0574-83890350,周镕,0574-83890350,（发布）江北区白沙消防救援站三楼一体化改造项目-竞争性磋商文件.pdf,"[{""attach_name"": ""（发布）江北区白沙消防救援站三楼一体化改造项目-竞争性磋商文件.pdf"", ""attach_url"": ""https://download.ccgp.gov.cn/oss/download?uuid=FB1D5B0B4F2A43C8C4A1EEF0FBBBE3""}]",https://www.ccgp.gov.cn/cggg/zygg/cjgg/202609/t20260908_27287166.htm,2026-09-10 09:35:50,一、项目编号：WBCG2026-098（招标文件编号：WBCG2026-098） 二、项目名称：江北区白沙消防救援站三楼一体化改造项目 三、中标（成交）信息 供应商名称：浙江瑞绅建设有限公司供应商地址：浙江省宁波保税区兴业大道8号4号楼201室中标（成交）金额：62.4466000（万元）四、主要标的信息 序号    供应商名称       工程名称       施工范围       施工工期       项目经理       执业证书   1    浙江瑞绅建设有限公司      江北区白沙消防救援站三楼一体化改造项目      主要施工内容为江北区白沙消防救援站三楼一体化改造（详见工程量清单、施工图纸）。      60日历天      姜波      一级建造师（建筑工程）/浙1332019202107081                 五、评审专家（单一来源采购人员）名单： 阳兵、李维杰、泮科宇（采购人代表） 六、代理服务收费标准及金额： 本项目代理费收费标准：具体内容见采购文件 本项目代理费总金额：0.499600 万元（人民币） 七、公告期限 自本公告发布之日起1个工作日。 八、其它补充事宜 无 九、凡对本次公告内容提出询问，请按以下方式联系。 1.采购人信息 名 称：宁波市消防救援支队 地址：宁波市海曙区环城西路北段222号 联系方式：熊老师0574-55666019 2.采购代理机构信息 名 称：万邦工程管理咨询有限公司 地 址：宁波市海曙区布政巷16号科创大厦1102室 联系方式：魏小娥、周镕、蔡赛波、钟文俏0574-83890350 3.项目联系方式 项目联系人：周镕 电 话： 0574-83890350,公共安全,,中国政府采购网,,,,,,62.4466,"[{""序号"": ""1"", ""供应商名称"": ""浙江瑞绅建设有限公司"", ""工程名称"": ""江北区白沙消防救援站三楼一体化改造项目"", ""施工范围"": ""主要施工内容为江北区白沙消防救援站三楼一体化改造（详见工程量清单、施工图纸）。"", ""施工工期"": ""60日历天"", ""项目经理"": ""姜波"", ""执业证书"": ""一级建造师（建筑工程）/浙1332019202107081""}]",阳兵、李维杰、泮科宇（采购人代表）,0.4996,浙江瑞绅建设有限公司,,,,
宁波市奉化区消防救援大队家具采购项目成交公告,成交公告,XDZB-2026-104,2026年09月08日 16:01,宁波市,宁波市消防救援支队,浙江省宁波市海曙区环城西路北段222号,熊老师/0574-55666019,宁波欣达建设项目管理有限公司,宁波市高新区星海南路8号涌金大厦6楼,秦晓豫/0574-88353561,秦晓豫,0574-88,"本国产品声明函.pdf,中小企业声明函.pdf","[{""attach_name"": ""本国产品声明函.pdf"", ""attach_url"": ""https://download.ccgp.gov.cn/oss/download?uuid=7DD71F0D792F1ECEC8C12B76AF4CAB""}, {""attach_name"": ""中小企业声明函.pdf"", ""attach_url"": ""https://download.ccgp.gov.cn/oss/download?uuid=421ED3352A34EE23DFABB8A218493D""}]",https://www.ccgp.gov.cn/cggg/zygg/cjgg/202609/t20260908_27287162.htm,2026-09-10 09:35:50,一、项目编号：XDZB-2026-104 （招标文件编号：XDZB-2026-104 ） 二、项目名称：宁波市奉化区消防救援大队家具采购项目 三、中标（成交）信息 供应商名称：宁波富华家私制造有限公司供应商地址：宁波市镇海区骆驼街道机电工业园区盛兴路268号中标（成交）金额：73.9720000（万元）四、主要标的信息 序号    供应商名称      货物名称      货物品牌      货物型号      货物数量      货物单价(元)   1    宁波富华家私制造有限公司      学习桌等家具1批      新俬路等      3600*1600*780等      1批      739720                 五、评审专家（单一来源采购人员）名单： 黄志刚、王盛棋、富树力（采购人代表） 六、代理服务收费标准及金额： 本项目代理费收费标准：参照国家发改委发改办价格[2003]857号通知和国家计委计价格[2002]1980号文件的规定的货物招标费率标准下浮20%。 本项目代理费总金额：0.887700 万元（人民币） 七、公告期限 自本公告发布之日起1个工作日。 八、其它补充事宜 1.本项目公告期限为1个工作日，各参加政府采购活动的供应商认为该采购结果和采购过程等使自己的权益受到损害的，可以自本公告期限届满之日（本公告发布之日后第2个工作日）起7个工作日内，以书面形式向采购人提出质疑。质疑供应商对采购人、采购代理机构的答复不满意或者采购人、采购代理机构未在规定的时间内作出答复的，可以再答复期满后十五个工作日内向采购人内部设立的监督管理部门投诉。2.其他事项：无。 九、凡对本次公告内容提出询问，请按以下方式联系。 1.采购人信息 名 称：宁波市消防救援支队 地址：浙江省宁波市海曙区环城西路北段222号 联系方式：熊老师/0574-55666019 2.采购代理机构信息 名 称：宁波欣达建设项目管理有限公司 地 址：宁波市高新区星海南路8号涌金大厦6楼 联系方式：秦晓豫/0574-88353561 3.项目联系方式 项目联系人：秦晓豫 电 话： 0574-88.53561,公共安全,,中国政府采购网,,,,,,73.972,"[{""序号"": ""1"", ""供应商名称"": ""宁波富华家私制造有限公司"", ""货物名称"": ""学习桌等家具1批"", ""货物品牌"": ""新俬路等"", ""货物型号"": ""3600*1600*780等"", ""货物数量"": ""1批"", ""货物单价(元)"": ""739720""}]",黄志刚、王盛棋、富树力（采购人代表）,0.8877,宁波富华家私制造有限公司,,,,
中华人民共和国东兴出入境边防检查站数据建模机器学习算法支撑服务项目成交结果公告,成交公告,FCG-DH2026-003,2026年09月08日 15:59,东兴市,中华人民共和国东兴出入境边防检查站,东兴市兴东路402号,郑警官  0770-2230566,广西达华工程造价咨询有限责任公司,防城港市港口区渔洲坪街道中段金石国际财富中心1302房,林桦  0770-2882618,林桦,0770-2882618,采购文件.docx,"[{""attach_name"": ""采购文件.docx"", ""attach_url"": ""https://download.ccgp.gov.cn/oss/download?uuid=1CC8190A6516AE581586235D6A25BB""}]",https://www.ccgp.gov.cn/cggg/zygg/cjgg/202609/t20260908_27287135.htm,2026-09-10 09:35:51,一、项目编号：FCG-DH2026-003（招标文件编号：FCG-DH2026-003） 二、项目名称：中华人民共和国东兴出入境边防检查站数据建模机器学习算法支撑服务项目 三、中标（成交）信息 供应商名称：百家云信息技术有限公司供应商地址：南宁市青秀区桂雅路11号凤岭.麒麟堡二十九层2901号房中标（成交）金额：48.5000000（万元）四、主要标的信息 序号    供应商名称      服务名称      服务范围      服务要求      服务时间      服务标准   1    百家云信息技术有限公司      中华人民共和国东兴出入境边防检查站数据建模机器学习算法支撑服务项目      详见采购文件      详见采购文件      合同签订之日起90日内完成并交付      详见采购文件                 五、评审专家（单一来源采购人员）名单： 何祥英、吴斌、廖丽敏 六、代理服务收费标准及金额： 本项目代理费收费标准：以项目成交金额为计费额，按本须知正文第33.2条规定的收费计算标准（服务类）采用差额定率累进法计算出收费基准价格，采购代理收费以收费基准价格收取。 本项目代理费总金额：0.727500 万元（人民币） 七、公告期限 自本公告发布之日起1个工作日。 八、其它补充事宜 1.网上公告媒体查询：中国政府采购网、东兴出入境边防检查站综合信息网。2.成交供应商的评审得分：96分。3.供应商认为成交结果使自己的权益受到损害的，可以在知道或者应知其权益受到损害之日起7个工作日内，以书面形式向采购人/采购代理机构提出质疑。 九、凡对本次公告内容提出询问，请按以下方式联系。 1.采购人信息 名 称：中华人民共和国东兴出入境边防检查站 地址：东兴市兴东路402号 联系方式：郑警官 0770-2230566 2.采购代理机构信息 名 称：广西达华工程造价咨询有限责任公司 地 址：防城港市港口区渔洲坪街道中段金石国际财富中心1302房 联系方式：林桦 0770-2882618 3.项目联系方式 项目联系人：林桦 电 话： 0770-2882618,其他,,中国政府采购网,,,,,,48.5,"[{""序号"": ""1"", ""供应商名称"": ""百家云信息技术有限公司"", ""服务名称"": ""中华人民共和国东兴出入境边防检查站数据建模机器学习算法支撑服务项目"", ""服务范围"": ""详见采购文件"", ""服务要求"": ""详见采购文件"", ""服务时间"": ""合同签订之日起90日内完成并交付"", ""服务标准"": ""详见采购文件""}]",何祥英、吴斌、廖丽敏,0.7275,百家云信息技术有限公司,,,,
科创北消防救援站仓库设备采购项目成交公告,成交公告,GDYY2026HW025,2026年09月08日 15:58,广东省,珠海(国家)高新技术产业开发区消防救援大队,广东省珠海市香洲区港乐路10号,蒋世超、18758736190,广东远一工程顾问有限公司,广东省珠海市香洲区翠珠路7号（翠珠工业区第26栋）三楼308,王浩华、0756-8930661,王浩华,15007564080,,,https://www.ccgp.gov.cn/cggg/zygg/cjgg/202609/t20260908_27287136.htm,2026-09-10 09:35:51,一、项目编号：GDYY2026HW025（招标文件编号：GDYY2026HW025） 二、项目名称：科创北消防救援站仓库设备采购项目 三、中标（成交）信息 供应商名称：广东泽蕾科技发展有限公司供应商地址：珠海市金湾区三灶镇湖滨路3039号2栋1301-A2（集群注册）中标（成交）金额：14.3281510（万元）四、主要标的信息 序号    供应商名称      货物名称      货物品牌      货物型号      货物数量      货物单价(元)   1    广东泽蕾科技发展有限公司      仓储设备      一批      一批      一批      143281.51                 五、评审专家（单一来源采购人员）名单： 王日初、杜琴、丁盟（采购人代表） 六、代理服务收费标准及金额： 本项目代理费收费标准：参考中华人民共和国国家发展计划委员会（2002）1980号文件的规定的标准收取 本项目代理费总金额：0.300000 万元（人民币） 七、公告期限 自本公告发布之日起1个工作日。 八、其它补充事宜 序号 投标单位 是否通过 初步审查 商务得分 技术标得分          经济标得分 最终得分  （满分100分） 最终排名 备注 1 东莞市悍将仓储设备有限公司 通过 19.00 22.67 30.00 71.67 2   2 东莞市正浩仓储设备有限公司 通过 10.00 24.00 28.55 62.55 3   3 广东泽蕾科技发展有限公司 通过 19.00 33.33 29.31 81.65 1   九、凡对本次公告内容提出询问，请按以下方式联系。 1.采购人信息 名 称：珠海(国家)高新技术产业开发区消防救援大队 地址：广东省珠海市香洲区港乐路10号 联系方式：蒋世超、18758736190 2.采购代理机构信息 名 称：广东远一工程顾问有限公司 地 址：广东省珠海市香洲区翠珠路7号（翠珠工业区第26栋）三楼308 联系方式：王浩华、0756-8930661 3.项目联系方式 项目联系人：王浩华 电 话： 15007564080,公共安全,,中国政府采购网,,,,,,14.328151,"[{""序号"": ""1"", ""供应商名称"": ""广东泽蕾科技发展有限公司"", ""货物名称"": ""仓储设备"", ""货物品牌"": ""一批"", ""货物型号"": ""一批"", ""货物数量"": ""一批"", ""货物单价(元)"": ""143281.51""}]",王日初、杜琴、丁盟（采购人代表）,0.3,广东泽蕾科技发展有限公司,,,,
国家自然科学基金委员会学清路办公区视频监控系统建设项目成交公告,成交公告,TC260E035,2026年09月08日 15:55,北京市,国家自然科学基金委员会,北京市海淀区双清路83号,王老师  010-62327927,中招国际招标有限公司,北京市海淀区学院南路62号中关村资本大厦613C,姚启洪、李莉  010-61954076、62108210,姚启洪、李莉,010-61954076、62108210,"论证意见.pdf,本国产品.PDF,监控系统文件.pdf","[{""attach_name"": ""论证意见.pdf"", ""attach_url"": ""https://download.ccgp.gov.cn/oss/download?uuid=0F7DE5D669422AA9EAF31616EECF08""}, {""attach_name"": ""本国产品.PDF"", ""attach_url"": ""https://download.ccgp.gov.cn/oss/download?uuid=190D7C8BB0A264518DD2141EB12DA0""}, {""attach_name"": ""监控系统文件.pdf"", ""attach_url"": ""https://download.ccgp.gov.cn/oss/download?uuid=100304756F7F0822326F61AFB826CD""}]",https://www.ccgp.gov.cn/cggg/zygg/cjgg/202609/t20260908_27287074.htm,2026-09-10 09:35:52,一、项目编号：TC260E035（招标文件编号：TC260E035） 二、项目名称：国家自然科学基金委员会学清路办公区视频监控系统建设项目 三、中标（成交）信息 供应商名称：北京中电兴发科技有限公司供应商地址：北京市海淀区地锦路7号院5号楼中标（成交）金额：123.6550000（万元）四、主要标的信息 序号    供应商名称      货物名称      货物品牌      货物型号      货物数量      货物单价(元)   1    北京中电兴发科技有限公司      4MP网络高清半球摄像机；10T企业级录像硬盘；监控器拼接大屏；其它      海康威视；希捷；海康威视；其它      DS-2CD7D4BJDWV3-IZS（2.7-13.5mm）；ST10000NM017B；DS-D2A55RL；其它      158；75；18；其它      1051.09元；4643.5元；9389.71元；553200.5元                 五、评审专家（单一来源采购人员）名单： 李建武、赵彦、汪威帆 六、代理服务收费标准及金额： 本项目代理费收费标准：固定金额 本项目代理费总金额：2.000000 万元（人民币） 七、公告期限 自本公告发布之日起1个工作日。 八、其它补充事宜 北京中电兴发科技有限公司评审总得分为97.81分。本项目采购人为国家自然科学基金委员会机关服务中心。 九、凡对本次公告内容提出询问，请按以下方式联系。 1.采购人信息 名 称：国家自然科学基金委员会 地址：北京市海淀区双清路83号 联系方式：王老师 010-62327927 2.采购代理机构信息 名 称：中招国际招标有限公司 地 址：北京市海淀区学院南路62号中关村资本大厦613C 联系方式：姚启洪、李莉 010-61954076、62108210 3.项目联系方式 项目联系人：姚启洪、李莉 电 话： 010-61954076、62108210,其他,,中国政府采购网,,,,,,123.655,"[{""序号"": ""1"", ""供应商名称"": ""北京中电兴发科技有限公司"", ""货物名称"": ""4MP网络高清半球摄像机；10T企业级录像硬盘；监控器拼接大屏；其它"", ""货物品牌"": ""海康威视；希捷；海康威视；其它"", ""货物型号"": ""DS-2CD7D4BJDWV3-IZS（2.7-13.5mm）；ST10000NM017B；DS-D2A55RL；其它"", ""货物数量"": ""158；75；18；其它"", ""货物单价(元)"": ""1051.09元；4643.5元；9389.71元；553200.5元""}]",李建武、赵彦、汪威帆,2.0,北京中电兴发科技有限公司,,,,
天津市消防救援总队轨道交通支队营房改造项目成交公告,成交公告,SXGC2026-G-0702,2026年09月08日 15:53,滨海新区,天津市消防救援总队轨道交通支队,天津市高新区海泰大道10号,王先生，022-83750119,天津世新工程项目管理有限公司,天津市华苑产业区华天道6号海泰信息广场H座403室,康佳良、李昱、李志宇 022-86439786/13034345403,康佳良,022-86439786,中小企业声明函.jpg,"[{""attach_name"": ""中小企业声明函.jpg"", ""attach_url"": ""https://download.ccgp.gov.cn/oss/download?uuid=1F3E7D4B96EC4271D427E5A0B839B1""}]",https://www.ccgp.gov.cn/cggg/zygg/cjgg/202609/t20260908_27287039.htm,2026-09-10 09:35:53,一、项目编号：SXGC2026-G-0702（招标文件编号：SXGC2026-G-0702） 二、项目名称：天津市消防救援总队轨道交通支队营房改造项目 三、中标（成交）信息 供应商名称：天津市万宝建筑工程有限公司供应商地址：天津市西青区中北镇紫光路90号1#-301-1中标（成交）金额：89.7231000（万元）四、主要标的信息 序号    供应商名称       工程名称       施工范围       施工工期       项目经理       执业证书   1    天津市万宝建筑工程有限公司      天津市消防救援总队轨道交通支队营房改造项目      详见竞争性磋商文件      自开工之日起60日内完工（特殊情况以合同为准）。      李瑞兵      津212101010434                 五、评审专家（单一来源采购人员）名单： 张书荣、郭路、王学弢 六、代理服务收费标准及金额： 本项目代理费收费标准：参照国家发展计划委员会文件《计价格〔2002〕1980号》和发改办价格[2003]857号规定收费。 本项目代理费总金额：0.897200 万元（人民币） 七、公告期限 自本公告发布之日起1个工作日。 八、其它补充事宜 无 九、凡对本次公告内容提出询问，请按以下方式联系。 1.采购人信息 名 称：天津市消防救援总队轨道交通支队 地址：天津市高新区海泰大道10号 联系方式：王先生，022-83750119 2.采购代理机构信息 名 称：天津世新工程项目管理有限公司 地 址：天津市华苑产业区华天道6号海泰信息广场H座403室 联系方式：康佳良、李昱、李志宇 022-86439786/13034345403 3.项目联系方式 项目联系人：康佳良，李昱，李志宇 电 话： 022-86439786/13034345403,公共安全,,中国政府采购网,,,,,,89.7231,"[{""序号"": ""1"", ""供应商名称"": ""天津市万宝建筑工程有限公司"", ""工程名称"": ""天津市消防救援总队轨道交通支队营房改造项目"", ""施工范围"": ""详见竞争性磋商文件"", ""施工工期"": ""自开工之日起60日内完工（特殊情况以合同为准）。"", ""项目经理"": ""李瑞兵"", ""执业证书"": ""津212101010434""}]",张书荣、郭路、王学弢,0.8972,天津市万宝建筑工程有限公司,,,,
中华人民共和国东兴出入境边防检查站机房动环监控系统采购项目成交结果公告,成交公告,FCG-DH2026-007,2026年09月08日 15:45,东兴市,中华人民共和国东兴出入境边防检查站,东兴市兴东路402号,郑警官  0770-2230566,广西达华工程造价咨询有限责任公司,广西防城港市北湖街路金石国际财富中心1302房,林桦   0770-2882618,林桦,0770-2882618,"附件：采购文件.doc,供应商符合国标声明函.pdf,中小企业声明函.pdf","[{""attach_name"": ""附件：采购文件.doc"", ""attach_url"": ""https://download.ccgp.gov.cn/oss/download?uuid=2FD0ECC915D8C33BC6AAA619A71C3D""}, {""attach_name"": ""供应商符合国标声明函.pdf"", ""attach_url"": ""https://download.ccgp.gov.cn/oss/download?uuid=D7503F579955EC808E6D998C0440CC""}, {""attach_name"": ""中小企业声明函.pdf"", ""attach_url"": ""https://download.ccgp.gov.cn/oss/download?uuid=F7A9422576C14EC05C672E85971E8E""}]",https://www.ccgp.gov.cn/cggg/zygg/cjgg/202609/t20260908_27286864.htm,2026-09-10 09:35:53,一、项目编号：FCG-DH2026-007（重）（招标文件编号：FCG-DH2026-007（重）） 二、项目名称：中华人民共和国东兴出入境边防检查站机房动环监控系统采购项目 三、中标（成交）信息 供应商名称：北京励控科技有限公司供应商地址：北京市北京经济技术开发区天华北街11号院2号楼4层402-1室中标（成交）金额：6.6800000（万元）四、主要标的信息 序号    供应商名称      货物名称      货物品牌      货物型号      货物数量      货物单价(元)   1    北京励控科技有限公司      UPS监测；配电监测；一体化监控单元；空调监控；入侵报警监测；消防监测；温湿度监测；温湿度监测；监控服务器；漏水监测      励控      LICON-SL-UPS；LICON-SL-EP；LICON-CP408；LICON-SL-PAC；LICON-HW465；LICON-SL-YG；LICON-HT500；LICON-MCR500；LICON-LKC-1      2套；2套；2台；2套；2套；2套；4个；1台；2套      1572；1587；3005；2065；1575；1587；832；37300；1695                 五、评审专家（单一来源采购人员）名单： 吴斌、李倍彰、陈泽伟 六、代理服务收费标准及金额： 本项目代理费收费标准：招标代理服务费按人民币伍仟元整（￥5000.00）收取，成交供应商在领取成交通知书前，一次性向采购代理机构支付。 本项目代理费总金额：0.500000 万元（人民币） 七、公告期限 自本公告发布之日起1个工作日。 八、其它补充事宜 1.网上公告媒体查询：中国政府采购网。2.供应商认为成交结果使自己的权益受到损害的，可以在知道或者应知其权益受到损害之日起7个工作日内，以书面形式向采购人/采购代理机构提出质疑。 九、凡对本次公告内容提出询问，请按以下方式联系。 1.采购人信息 名 称：中华人民共和国东兴出入境边防检查站 地址：东兴市兴东路402号 联系方式：郑警官 0770-2230566 2.采购代理机构信息 名 称：广西达华工程造价咨询有限责任公司 地 址：广西防城港市北湖街路金石国际财富中心1302房 联系方式：林桦 0770-2882618 3.项目联系方式 项目联系人：林桦 电 话： 0770-2882618,信息技术,,中国政府采购网,,,,,,6.68,"[{""序号"": ""1"", ""供应商名称"": ""北京励控科技有限公司"", ""货物名称"": ""UPS监测；配电监测；一体化监控单元；空调监控；入侵报警监测；消防监测；温湿度监测；温湿度监测；监控服务器；漏水监测"", ""货物品牌"": ""励控"", ""货物型号"": ""LICON-SL-UPS；LICON-SL-EP；LICON-CP408；LICON-SL-PAC；LICON-HW465；LICON-SL-YG；LICON-HT500；LICON-MCR500；LICON-LKC-1"", ""货物数量"": ""2套；2套；2台；2套；2套；2套；4个；1台；2套"", ""货物单价(元)"": ""1572；1587；3005；2065；1575；1587；832；37300；1695""}]",吴斌、李倍彰、陈泽伟,0.5,北京励控科技有限公司,,,,
中国科学院近代物理研究所暂存井装置竞争性磋商采购项目（第二次）成交公告,成交公告,OITC-G260160139,2026年09月08日 15:43,甘肃省,中国科学院近代物理研究所,甘肃省兰州市城关区南昌路509号,0931-4969256,东方国际招标有限责任公司,北京市海淀区丹棱街1号互联网金融中心20层,吴旭  冯宇图 唐添慧 010-68290510、010-68290550、010-68290526 xwu@osic.com.cn,吴旭,010-68290510、010-68290550、010-68290526、1,"_OITC-G260160139-1暂存井装置竞争性磋商采购项目第二次(最终稿).doc,中国核工业二三建设有限公司---关于符合本国产品标准的声明函.pdf","[{""attach_name"": ""_OITC-G260160139-1暂存井装置竞争性磋商采购项目第二次(最终稿).doc"", ""attach_url"": ""https://download.ccgp.gov.cn/oss/download?uuid=C1704A22210CE3470AB1C9B44E6BE2""}, {""attach_name"": ""中国核工业二三建设有限公司---关于符合本国产品标准的声明函.pdf"", ""attach_url"": ""https://download.ccgp.gov.cn/oss/download?uuid=27081D5121FF0044A0233A22AFE278""}]",https://www.ccgp.gov.cn/cggg/zygg/cjgg/202609/t20260908_27286827.htm,2026-09-10 09:35:54,"一、项目编号：OITC-G260160139（招标文件编号：OITC-G260160139） 二、项目名称：中国科学院近代物理研究所暂存井装置竞争性磋商采购项目 三、中标（成交）信息 供应商名称：中国核工业二三建设有限公司供应商地址：北京市顺义区顺康路58号院1幢中标（成交）金额：141.9135000（万元）四、主要标的信息 序号    供应商名称      货物名称      货物品牌      货物型号      货物数量      货物单价(元)   1    中国核工业二三建设有限公司      暂存井装置      中国核工业二三建设有限公司      定制      10套      ￥1,419,135.00（总价）                 五、评审专家（单一来源采购人员）名单： 张水合、邵莉、张艳斌（全部自行选定） 六、代理服务收费标准及金额： 本项目代理费收费标准：1980号文 本项目代理费总金额：0.000000 万元（人民币） 七、公告期限 自本公告发布之日起1个工作日。 八、其它补充事宜 一、附件：1、竞争性磋商文件2、关于符合本国产品标准的声明函二、本项目采用综合评分法，成交供应商总得分91.63分 九、凡对本次公告内容提出询问，请按以下方式联系。 1.采购人信息 名 称：中国科学院近代物理研究所 地址：甘肃省兰州市城关区南昌路509号 联系方式：0931-4969256 2.采购代理机构信息 名 称：东方国际招标有限责任公司 地 址：北京市海淀区丹棱街1号互联网金融中心20层 联系方式：吴旭 冯宇图 唐添慧 010-68290510、010-68290550、010-68290526 xwu@osic.com.cn 3.项目联系方式 项目联系人：吴旭 冯宇图 唐添慧 电 话： 010-68290510、010-68290550、010-68290526、15010068103",教育培训,,中国政府采购网,,,,,,141.9135,"[{""序号"": ""1"", ""供应商名称"": ""中国核工业二三建设有限公司"", ""货物名称"": ""暂存井装置"", ""货物品牌"": ""中国核工业二三建设有限公司"", ""货物型号"": ""定制"", ""货物数量"": ""10套"", ""货物单价(元)"": ""￥1,419,135.00（总价）""}]",张水合、邵莉、张艳斌（全部自行选定）,0.0,中国核工业二三建设有限公司,,,,
中国科学院近代物理研究所氚及惰性气体捕集与回收装置样机竞争性磋商采购项目（第二次）成交公告,成交公告,OITC-G260160207,2026年09月08日 15:42,甘肃省,中国科学院近代物理研究所,甘肃省兰州市城关区南昌路509号,0931-4969256,东方国际招标有限责任公司,北京市海淀区丹棱街1号互联网金融中心20层,吴旭  冯宇图 唐添慧 010-68290510、010-68290550、010-68290526、15010068103 xwu@osic.com.cn,吴旭,010-68290510、010-68290550、010-68290526、1,"_OITC-G260160207-1氚及惰性气体捕集与回收装置样机竞争性磋商采购项目第二次（最终稿）.doc,关于符合本国产品标准的声明函.pdf,中小企业声明函.pdf","[{""attach_name"": ""_OITC-G260160207-1氚及惰性气体捕集与回收装置样机竞争性磋商采购项目第二次（最终稿）.doc"", ""attach_url"": ""https://download.ccgp.gov.cn/oss/download?uuid=7247E14A1FF4506D0EDE9F2B4EBC94""}, {""attach_name"": ""关于符合本国产品标准的声明函.pdf"", ""attach_url"": ""https://download.ccgp.gov.cn/oss/download?uuid=AB2E74C7E9C8DE6E486F76B8875493""}, {""attach_name"": ""中小企业声明函.pdf"", ""attach_url"": ""https://download.ccgp.gov.cn/oss/download?uuid=A1CF723FD2E60C26B4FBFB7D235C25""}]",https://www.ccgp.gov.cn/cggg/zygg/cjgg/202609/t20260908_27286829.htm,2026-09-10 09:35:55,"一、项目编号：OITC-G260160207（招标文件编号：OITC-G260160207） 二、项目名称：中国科学院近代物理研究所氚及惰性气体捕集与回收装置样机竞争性磋商采购项目 三、中标（成交）信息 供应商名称：四川无及科技有限公司供应商地址：四川省成都市天府新区新兴街道天工大道938号天科创造产业基地1栋(C 型)914号中标（成交）金额：79.0000000（万元）四、主要标的信息 序号    供应商名称      货物名称      货物品牌      货物型号      货物数量      货物单价(元)   1    四川无及科技有限公司      氚及惰性气体捕集与回收装置样机      四川无及科技有限公司      定制      1套      ￥790,000.00                 五、评审专家（单一来源采购人员）名单： 张水合、邵莉、黄清钢（全部自行选定） 六、代理服务收费标准及金额： 本项目代理费收费标准：1980号文 本项目代理费总金额：0.000000 万元（人民币） 七、公告期限 自本公告发布之日起1个工作日。 八、其它补充事宜 一、附件:1、竞争性磋商文件2、中小企业声明函3、关于符合本国产品标准的声明函二、本项目采用综合评分法，成交供应商总得分84.67分 九、凡对本次公告内容提出询问，请按以下方式联系。 1.采购人信息 名 称：中国科学院近代物理研究所 地址：甘肃省兰州市城关区南昌路509号 联系方式： 0931-4969256 2.采购代理机构信息 名 称：东方国际招标有限责任公司 地 址：北京市海淀区丹棱街1号互联网金融中心20层 联系方式：吴旭 冯宇图 唐添慧 010-68290510、010-68290550、010-68290526、15010068103 xwu@osic.com.cn 3.项目联系方式 项目联系人：吴旭 冯宇图 唐添慧 电 话： 010-68290510、010-68290550、010-68290526、15010068103",教育培训,,中国政府采购网,,,,,,79.0,"[{""序号"": ""1"", ""供应商名称"": ""四川无及科技有限公司"", ""货物名称"": ""氚及惰性气体捕集与回收装置样机"", ""货物品牌"": ""四川无及科技有限公司"", ""货物型号"": ""定制"", ""货物数量"": ""1套"", ""货物单价(元)"": ""￥790,000.00""}]",张水合、邵莉、黄清钢（全部自行选定）,0.0,四川无及科技有限公司,,,,
中国科学院近代物理研究所液体闪烁谱仪竞争性磋商采购项目（第二次）成交公告,成交公告,OITC-G260160206,2026年09月08日 15:42,甘肃省,中国科学院近代物理研究所,甘肃省兰州市城关区南昌路509号,0931-4969256,东方国际招标有限责任公司,北京市海淀区丹棱街1号互联网金融中心20层,吴旭  冯宇图 唐添慧 010-68290510、010-68290550、010-68290526、15010068103 xwu@osic.com.cn,吴旭,010-68290510、010-68290550、010-68290526、1,_更正后：OITC-G260160206-1液体闪烁谱仪竞争性磋商采购项目第二次（最终稿）.doc,"[{""attach_name"": ""_更正后：OITC-G260160206-1液体闪烁谱仪竞争性磋商采购项目第二次（最终稿）.doc"", ""attach_url"": ""https://download.ccgp.gov.cn/oss/download?uuid=201F99821DBEE6D41C3D66C7985C64""}]",https://www.ccgp.gov.cn/cggg/zygg/cjgg/202609/t20260908_27286823.htm,2026-09-10 09:35:56,"一、项目编号：OITC-G260160206（招标文件编号：OITC-G260160206） 二、项目名称：中国科学院近代物理研究所液体闪烁谱仪竞争性磋商采购项目 三、中标（成交）信息 供应商名称：成都西核仪器有限公司供应商地址：四川省成都市高新区天益街38号1栋1-3层中标（成交）金额：37.0000500（万元）四、主要标的信息 序号    供应商名称      货物名称      货物品牌      货物型号      货物数量      货物单价(元)   1    成都西核仪器有限公司      液体闪烁谱仪      aloka      LSC-8000      1套      US$54,928.00                 五、评审专家（单一来源采购人员）名单： 张水合、邵莉、白静（全部自行选定） 六、代理服务收费标准及金额： 本项目代理费收费标准：1980号文 本项目代理费总金额：0.000000 万元（人民币） 七、公告期限 自本公告发布之日起1个工作日。 八、其它补充事宜 一、附件:1、竞争性磋商文件二、本项目采用综合评分法，成交供应商总得分97.33分三、1美元=6.7361人民币 九、凡对本次公告内容提出询问，请按以下方式联系。 1.采购人信息 名 称：中国科学院近代物理研究所 地址：甘肃省兰州市城关区南昌路509号 联系方式： 0931-4969256 2.采购代理机构信息 名 称：东方国际招标有限责任公司 地 址：北京市海淀区丹棱街1号互联网金融中心20层 联系方式：吴旭 冯宇图 唐添慧 010-68290510、010-68290550、010-68290526、15010068103 xwu@osic.com.cn 3.项目联系方式 项目联系人：吴旭 冯宇图 唐添慧 电 话： 010-68290510、010-68290550、010-68290526、15010068103",教育培训,,中国政府采购网,,,,,,37.00005,"[{""序号"": ""1"", ""供应商名称"": ""成都西核仪器有限公司"", ""货物名称"": ""液体闪烁谱仪"", ""货物品牌"": ""aloka"", ""货物型号"": ""LSC-8000"", ""货物数量"": ""1套"", ""货物单价(元)"": ""US$54,928.00""}]",张水合、邵莉、白静（全部自行选定）,0.0,成都西核仪器有限公司,,,,
中国科学院近代物理研究所氦液化系统维保竞争性磋商采购项目（第二次）成交公告,成交公告,OITC-G260160208,2026年09月08日 15:41,甘肃省,中国科学院近代物理研究所,甘肃省兰州市城关区南昌路509号,0931-4969256,东方国际招标有限责任公司,北京市海淀区丹棱街1号互联网金融中心20层,吴旭 冯宇图 唐添慧  010-68290510、010-68290550、010-68290526、15010068103、xwu@osic.com.cn,吴旭,010-68290510、010-68290550、010-68290526、1,"_OITC-G260160208-1氦液化系统维保竞争性磋商采购项目第二次(最终稿).doc,中小企业声明函.pdf","[{""attach_name"": ""_OITC-G260160208-1氦液化系统维保竞争性磋商采购项目第二次(最终稿).doc"", ""attach_url"": ""https://download.ccgp.gov.cn/oss/download?uuid=675E0BD9A6EC55178DB05B5D6A00A1""}, {""attach_name"": ""中小企业声明函.pdf"", ""attach_url"": ""https://download.ccgp.gov.cn/oss/download?uuid=6317B9A0FA9B551710C385EE819063""}]",https://www.ccgp.gov.cn/cggg/zygg/cjgg/202609/t20260908_27286774.htm,2026-09-10 09:35:56,一、项目编号：OITC-G260160208（招标文件编号：OITC-G260160208） 二、项目名称：中国科学院近代物理研究所氦液化系统维保竞争性磋商采购项目 三、中标（成交）信息 供应商名称：中科富海（中山）低温装备制造有限公司供应商地址：中山市翠亨新区东汇路55号中标（成交）金额：139.8000000（万元）四、主要标的信息 序号    供应商名称      服务名称      服务范围      服务要求      服务时间      服务标准   1    中科富海（中山）低温装备制造有限公司      氦液化系统维保      详见磋商文件      详见磋商文件      详见磋商文件      详见磋商文件                 五、评审专家（单一来源采购人员）名单： 张水合、邵莉、牛小飞（全部自行选定） 六、代理服务收费标准及金额： 本项目代理费收费标准：1980号文 本项目代理费总金额：0.000000 万元（人民币） 七、公告期限 自本公告发布之日起1个工作日。 八、其它补充事宜 一、附件:1、竞争性磋商文件2、中小企业声明函二、本项目采用综合评分法，成交供应商总得分93.50分； 九、凡对本次公告内容提出询问，请按以下方式联系。 1.采购人信息 名 称：中国科学院近代物理研究所 地址：甘肃省兰州市城关区南昌路509号 联系方式： 0931-4969256 2.采购代理机构信息 名 称：东方国际招标有限责任公司 地 址：北京市海淀区丹棱街1号互联网金融中心20层 联系方式：吴旭 冯宇图 唐添慧 010-68290510、010-68290550、010-68290526、15010068103、xwu@osic.com.cn 3.项目联系方式 项目联系人：吴旭 冯宇图 唐添慧 电 话： 010-68290510、010-68290550、010-68290526、15010068103,教育培训,,中国政府采购网,,,,,,139.8,"[{""序号"": ""1"", ""供应商名称"": ""中科富海（中山）低温装备制造有限公司"", ""服务名称"": ""氦液化系统维保"", ""服务范围"": ""详见磋商文件"", ""服务要求"": ""详见磋商文件"", ""服务时间"": ""详见磋商文件"", ""服务标准"": ""详见磋商文件""}]",张水合、邵莉、牛小飞（全部自行选定）,0.0,中科富海（中山）低温装备制造有限公司,,,,
SPD某单位安检防护装备采购项目成交公告,成交公告,202608AJFHZB,2026年09月08日 15:41,北京市,SPD,北京市西城区闹市口大街11号,李先生18110088307,详见公告正文,详见公告正文,详见公告正文,李先生,18110088307,,,https://www.ccgp.gov.cn/cggg/zygg/cjgg/202609/t20260908_27286771.htm,2026-09-10 09:35:56,一、项目编号：202608AJFHZB（招标文件编号：202608AJFHZB） 二、项目名称：某单位安检防护装备采购项目 三、中标（成交）信息 供应商名称：北京壹千服装服饰有限公司供应商地址：北京市东城区崇文门外大街3号南办1306中标（成交）金额：29.0040000（万元）四、主要标的信息 序号    供应商名称      货物名称      货物品牌      货物型号      货物数量      货物单价(元)   1    北京壹千服装服饰有限公司      夏季防护内穿上装；夏季防护外穿上装；夏季防护下装；春秋防护内穿上装；春秋防护外穿上装；春秋防护马甲；春秋防护下装；冬季防护上装；冬季防护下装；防护鞋；头盔；携行包；      壹千服饰；壹千服饰；壹千服饰；壹千服饰；壹千服饰；壹千服饰；壹千服饰；壹千服饰；壹千服饰；壹千服饰；壹千服饰；壹千服饰；      定制；定制；定制；定制；定制；定制；定制；定制；定制；定制；定制；定制；      47；47；47；47；47；47；47；47；47；47；8；47；      290；590；255；330；600；255；1750；400；590；1945；120；                 五、评审专家（单一来源采购人员）名单： 无 六、代理服务收费标准及金额： 本项目代理费收费标准：无 本项目代理费总金额：0.000000 万元（人民币） 七、公告期限 自本公告发布之日起1个工作日。 八、其它补充事宜 九、凡对本次公告内容提出询问，请按以下方式联系。 1.采购人信息 名 称：SPD 地址：北京市西城区闹市口大街11号 联系方式：李先生18110088307 2.项目联系方式 项目联系人：李先生 电 话： 18110088307,设备购置,,中国政府采购网,,,,,,29.004,"[{""序号"": ""1"", ""供应商名称"": ""北京壹千服装服饰有限公司"", ""货物名称"": ""夏季防护内穿上装；夏季防护外穿上装；夏季防护下装；春秋防护内穿上装；春秋防护外穿上装；春秋防护马甲；春秋防护下装；冬季防护上装；冬季防护下装；防护鞋；头盔；携行包；"", ""货物品牌"": ""壹千服饰；壹千服饰；壹千服饰；壹千服饰；壹千服饰；壹千服饰；壹千服饰；壹千服饰；壹千服饰；壹千服饰；壹千服饰；壹千服饰；"", ""货物型号"": ""定制；定制；定制；定制；定制；定制；定制；定制；定制；定制；定制；定制；"", ""货物数量"": ""47；47；47；47；47；47；47；47；47；47；8；47；"", ""货物单价(元)"": ""290；590；255；330；600；255；1750；400；590；1945；120；""}]",无,0.0,北京壹千服装服饰有限公司,,,,
崇左边境管理支队龙州边境检查站新营区建设项目规划核实测绘报告编制服务项目成交公告,成交公告,,2026年09月08日 15:37,江洲区,崇左边境管理支队,崇左市江州区山秀路五号崇左边境管理支队,叶警官--0771-7967697；电子邮件地址：czbgzfcg@163.com,详见公告正文,详见公告正文,详见公告正文,叶警官,0771-7967697,,,https://www.ccgp.gov.cn/cggg/zygg/cjgg/202609/t20260908_27286648.htm,2026-09-10 09:35:57,一、项目编号：（招标文件编号：无） 二、项目名称：崇左边境管理支队龙州边境检查站新营区建设项目规划核实测绘报告编制服务项目 三、中标（成交）信息 供应商名称：广西兴霖资源技术咨询有限公司供应商地址：中国（广西）自由贸易试验区南宁片区宋厢路20号广西旅游投资集团南宁总部基地项目1号办公楼十九层1925号中标（成交）金额：3.8000000（万元）四、主要标的信息 序号    供应商名称      服务名称      服务范围      服务要求      服务时间      服务标准   1    广西兴霖资源技术咨询有限公司      项目规划核实测绘报告编制服务      完成本项目全流程规划核实测绘外业实测、内业数据处理、规划核实测绘报告编制、出具合规有效的规划核实测绘成果报告      确保成果满足规划条件核实、联合验收、不动产确权登记全部审批要求，顺利通过自然资源主管部门审核。      1.合同签订、采购人提供相关资料后12个日历天内完成外业实测、内业处理并出具规划核实测绘报告初稿；      1.保证测绘数据真实、坐标精准、指标对比完整，成果深度、格式完全匹配自然资源局规划核实报审标准，实行 “多测合一” 一站式测绘服务。                 五、评审专家（单一来源采购人员）名单： 无 六、代理服务收费标准及金额： 本项目代理费收费标准：无 本项目代理费总金额：0.000000 万元（人民币） 七、公告期限 自本公告发布之日起1个工作日。 八、其它补充事宜 无 九、凡对本次公告内容提出询问，请按以下方式联系。 1.采购人信息 名 称：崇左边境管理支队 地址：崇左市江州区山秀路五号崇左边境管理支队 联系方式：叶警官--0771-7967697；电子邮件地址：czbgzfcg@163.com 2.项目联系方式 项目联系人：叶警官 电 话： 0771-7967697,文化旅游,,中国政府采购网,,,,,,3.8,"[{""序号"": ""1"", ""供应商名称"": ""广西兴霖资源技术咨询有限公司"", ""服务名称"": ""项目规划核实测绘报告编制服务"", ""服务范围"": ""完成本项目全流程规划核实测绘外业实测、内业数据处理、规划核实测绘报告编制、出具合规有效的规划核实测绘成果报告"", ""服务要求"": ""确保成果满足规划条件核实、联合验收、不动产确权登记全部审批要求，顺利通过自然资源主管部门审核。"", ""服务时间"": ""1.合同签订、采购人提供相关资料后12个日历天内完成外业实测、内业处理并出具规划核实测绘报告初稿；"", ""服务标准"": ""1.保证测绘数据真实、坐标精准、指标对比完整，成果深度、格式完全匹配自然资源局规划核实报审标准，实行 “多测合一” 一站式测绘服务。""}]",无,0.0,广西兴霖资源技术咨询有限公司,,,,
中华人民共和国湛江出入境边防检查站智能保险柜改造升级采购项目成交公告,成交公告,zjzcg-2026-17,2026年09月08日 15:36,霞山区,中华人民共和国湛江出入境边防检查站,广东省湛江市霞山区人民东一路2号,赵华  0759-2289571,详见公告正文,详见公告正文,详见公告正文,郭盛,07592289571,"中小企业声明函.pdf,中华人民共和国湛江出入境边防检查站智能保险柜改造升级采购项目简易采购文件.docx","[{""attach_name"": ""中小企业声明函.pdf"", ""attach_url"": ""https://download.ccgp.gov.cn/oss/download?uuid=75D518434B3AACC8B6BA5ABEE2CA5B""}, {""attach_name"": ""中华人民共和国湛江出入境边防检查站智能保险柜改造升级采购项目简易采购文件.docx"", ""attach_url"": ""https://download.ccgp.gov.cn/oss/download?uuid=AC71B5566AD04F80BEBDFBB7193D10""}]",https://www.ccgp.gov.cn/cggg/zygg/cjgg/202609/t20260908_27287281.htm,2026-09-10 09:35:58,一、项目编号：zjzcg-2026-17（招标文件编号：zjzcg-2026-17） 二、项目名称：中华人民共和国湛江出入境边防检查站智能保险柜改造升级采购项目 三、中标（成交）信息 供应商名称：广州市星保信息科技有限公司供应商地址：广州市番禺区石碁镇市莲路石碁村段80号8栋1001中标（成交）金额：3.5100000（万元）四、主要标的信息 序号    供应商名称      货物名称      货物品牌      货物型号      货物数量      货物单价(元)   1    广州市星保信息科技有限公司      柜内顶部感应照明装置；屏幕；人脸识别摄像头；指纹模块；智能控制器主板；智能网关；温湿度传感器      伊洛客；伊洛客；伊洛客；伊洛客；伊洛客；伊洛客；伊洛客；      XB-GDZM；XB01；XB-RLSB；XB-ZWMK；XB-ZNQZ；XB-ZNWG；XB-WSD      3；3；3；3；3；3；3；      80；500；180；90；5300；5100；450                 五、评审专家（单一来源采购人员）名单： 湛江出入境边防检查站政府采购办公室 六、代理服务收费标准及金额： 本项目代理费收费标准：无 本项目代理费总金额：0.000000 万元（人民币） 七、公告期限 自本公告发布之日起1个工作日。 八、其它补充事宜 九、凡对本次公告内容提出询问，请按以下方式联系。 1.采购人信息 名 称：中华人民共和国湛江出入境边防检查站 地址：广东省湛江市霞山区人民东一路2号 联系方式：赵华 0759-2289571 2.项目联系方式 项目联系人：郭盛 电 话： 07592289571,工程建设,,中国政府采购网,,,,,,3.51,"[{""序号"": ""1"", ""供应商名称"": ""广州市星保信息科技有限公司"", ""货物名称"": ""柜内顶部感应照明装置；屏幕；人脸识别摄像头；指纹模块；智能控制器主板；智能网关；温湿度传感器"", ""货物品牌"": ""伊洛客；伊洛客；伊洛客；伊洛客；伊洛客；伊洛客；伊洛客；"", ""货物型号"": ""XB-GDZM；XB01；XB-RLSB；XB-ZWMK；XB-ZNQZ；XB-ZNWG；XB-WSD"", ""货物数量"": ""3；3；3；3；3；3；3；"", ""货物单价(元)"": ""80；500；180；90；5300；5100；450""}]",湛江出入境边防检查站政府采购办公室,0.0,广州市星保信息科技有限公司,,,,
厦门市公安局人民警察训练中心被装采购项目III成交公告,成交公告,JC-HX20260244,2026年09月08日 15:35,海沧区,厦门市公安局人民警察训练中心,厦门市海沧区马青路2011号,朱老师 18618617378,公安部警用装备采购中心,上海市闵行区三达路299号,联系代表 021-33292999,联系代表电,021-33292999,"中标企业开标一览表-202609081346441323.zip,厦门市公安局人民警察训练中心被装采购项目Ⅲ询价通知书8.19-202608191352535325-202609081345227365.docx,中标企业中小企业说明函、本国产品声明函-202609081346504451.zip","[{""attach_name"": ""中标企业开标一览表-202609081346441323.zip"", ""attach_url"": ""https://download.ccgp.gov.cn/oss/download?uuid=06e3b30e-6318-4964-bfe7-c0252f""}, {""attach_name"": ""厦门市公安局人民警察训练中心被装采购项目Ⅲ询价通知书8.19-202608191352535325-202609081345227365.docx"", ""attach_url"": ""https://download.ccgp.gov.cn/oss/download?uuid=13f9d840-72bb-4edf-83a1-303eed""}, {""attach_name"": ""中标企业中小企业说明函、本国产品声明函-202609081346504451.zip"", ""attach_url"": ""https://download.ccgp.gov.cn/oss/download?uuid=d984d03e-75f9-4e25-a78d-65e4c1""}]",https://www.ccgp.gov.cn/cggg/zygg/cjgg/202609/t20260908_27286816.htm,2026-09-10 09:35:59,一、项目编号：JC-HX20260244二、项目名称：厦门市公安局人民警察训练中心被装采购项目III三、中标（成交）信息第1包：供应商名称：潍坊尚德服饰有限公司（小微）供应商地址：山东省潍坊市潍城区西环路6388号中标（成交）金额：60189.00元第2包：供应商名称：山东雅思蒂尔服饰有限公司（小微）供应商地址：山东省枣庄市滕州市龙泉路西侧（花卉市场北500米）中标（成交）金额：90805.00元四、主要标的信息序号供应商名称货物名称货物品牌货物型号货物数量货物单价(元)备注1潍坊尚德服饰有限公司详见附件开标一览表详见附件开标一览表详见附件开标一览表详见附件开标一览表详见开标一览表第1包2山东雅思蒂尔服饰有限公司详见附件开标一览表详见附件开标一览表详见附件开标一览表详见附件开标一览表详见附件开标一览表第2包五、评审专家（单一来源采购人员）名单：张征荣（组长）、郭玉英、李迎。六、代理服务收费标准及金额：本项目代理费收费标准详见本项目询价通知书，各包中标服务费金额为：第1包：902.84元；第2包：1362.08元；本项目代理费总金额：2264.92元（人民币）。七、公告期限自本公告发布之日起1个工作日。八、其它补充事宜无九、凡对本次公告内容提出询问，请按以下方式联系。1.采购人信息名 称：厦门市公安局人民警察训练中心地址：厦门市海沧区马青路2011号联系方式：朱老师 186186173782.采购代理机构信息名 称：公安部警用装备采购中心 地 址：上海市闵行区三达路299号 联系方式：联系代表021-33292999 3.项目联系方式项目联系人：联系代表电 话：021-33292999,公共安全,,中国政府采购网,,,,,,15.0994,"[{""序号"": ""1"", ""供应商名称"": ""潍坊尚德服饰有限公司"", ""货物名称"": ""详见附件开标一览表"", ""货物品牌"": ""详见附件开标一览表"", ""货物型号"": ""详见附件开标一览表"", ""货物数量"": ""详见附件开标一览表"", ""货物单价(元)"": ""详见开标一览表"", ""备注"": ""第1包""}, {""序号"": ""2"", ""供应商名称"": ""山东雅思蒂尔服饰有限公司"", ""货物名称"": ""详见附件开标一览表"", ""货物品牌"": ""详见附件开标一览表"", ""货物型号"": ""详见附件开标一览表"", ""货物数量"": ""详见附件开标一览表"", ""货物单价(元)"": ""详见附件开标一览表"", ""备注"": ""第2包""}]",张征荣（组长）、郭玉英、李迎。,,潍坊尚德服饰有限公司、山东雅思蒂尔服饰有限公司,,,,
崇左边境管理支队凭祥边境派出所营区维修运维监理服务项目成交公告,成交公告,,2026年09月08日 15:26,江洲区,崇左边境管理支队,崇左市江州区山秀路五号崇左边境管理支队,叶警官--0771-7967697；电子邮件地址：czbgzfcg@163.com,详见公告正文,详见公告正文,详见公告正文,叶警官,0771-7967697,,,https://www.ccgp.gov.cn/cggg/zygg/cjgg/202609/t20260908_27286442.htm,2026-09-10 09:35:59,一、项目编号：（招标文件编号：无） 二、项目名称：崇左边境管理支队凭祥边境派出所营区维修运维监理服务项目 三、中标（成交）信息 供应商名称：北京诚公管理咨询有限公司供应商地址：北京市北京经济技术开发区荣华南路15号院2号楼3层318室中标（成交）金额：2.0000000（万元）四、主要标的信息 序号    供应商名称      服务名称      服务范围      服务要求      服务时间      服务标准   1    北京诚公管理咨询有限公司      监理服务      广西凭祥市凭祥镇狮子山路1号      图纸范围内的工程施工监理与施工现场配合服务，以上监理工作与施工期同步，施工工期包括合同内工期、签证工期并以实际发生的为准；工程竣工验收、结算配合服务。      工程验收结算结束。      按照本合同约定提供监理与相关服务                 五、评审专家（单一来源采购人员）名单： 无 六、代理服务收费标准及金额： 本项目代理费收费标准：无 本项目代理费总金额：0.000000 万元（人民币） 七、公告期限 自本公告发布之日起1个工作日。 八、其它补充事宜 无 九、凡对本次公告内容提出询问，请按以下方式联系。 1.采购人信息 名 称：崇左边境管理支队 地址：崇左市江州区山秀路五号崇左边境管理支队 联系方式：叶警官--0771-7967697；电子邮件地址：czbgzfcg@163.com 2.项目联系方式 项目联系人：叶警官 电 话： 0771-7967697,信息技术,,中国政府采购网,,,,,,2.0,"[{""序号"": ""1"", ""供应商名称"": ""北京诚公管理咨询有限公司"", ""服务名称"": ""监理服务"", ""服务范围"": ""广西凭祥市凭祥镇狮子山路1号"", ""服务要求"": ""图纸范围内的工程施工监理与施工现场配合服务，以上监理工作与施工期同步，施工工期包括合同内工期、签证工期并以实际发生的为准；工程竣工验收、结算配合服务。"", ""服务时间"": ""工程验收结算结束。"", ""服务标准"": ""按照本合同约定提供监理与相关服务""}]",无,0.0,北京诚公管理咨询有限公司,,,,
国家粮食和物资储备局科学研究院绿色储粮技术推广服务（标段二、三、四、五）成交公告,成交公告,TC260R08L,2026年09月08日 15:21,北京市,国家粮食和物资储备局科学研究院,北京市西城区百万庄大街11号,孟祥雪010-58523663,中招国际招标有限公司,北京市海淀区学院南路62号中关村资本大厦,卢飒、李喆、于经理-15801326030,孟祥雪,010-58523663,2026.8.18-竞争性磋商文件-绿色储粮技术推广服务-50w-五个标段--定稿文件.docx,"[{""attach_name"": ""2026.8.18-竞争性磋商文件-绿色储粮技术推广服务-50w-五个标段--定稿文件.docx"", ""attach_url"": ""https://download.ccgp.gov.cn/oss/download?uuid=F8A6E54D7332AED5386E8D904B242E""}]",https://www.ccgp.gov.cn/cggg/zygg/cjgg/202609/t20260908_27286356.htm,2026-09-10 09:36:00,"一、项目编号：TC260R08L（招标文件编号：TC260R08L） 二、项目名称：绿色储粮技术推广服务 三、中标（成交）信息 供应商名称：河南工业大学供应商地址：郑州市高新区莲花街100号中标（成交）金额：9.5000000（万元） 供应商名称：吉林工商学院供应商地址：吉林省长春市九台经济开发区卡伦湖大街1666号中标（成交）金额：10.0000000（万元） 供应商名称：江苏科技大学供应商地址：江苏省镇江市丹徒新区长晖路666号中标（成交）金额：9.9000000（万元） 供应商名称：南京财经大学供应商地址：南京市栖霞区仙林大学城文苑路3号中标（成交）金额：9.9990000（万元）四、主要标的信息 序号    供应商名称      服务名称      服务范围      服务要求      服务时间      服务标准   1    河南工业大学      绿色储粮技术推广服务—第四生态区省级储备库点建设      按照绿色储粮技术集成应用示范的总体安排要求和部署,在“五位一体”的总体技术框架下，需协助1家指定的中央储备粮示范库点，完成绿色储粮技术集成应用示范点建设，包括应用综合效能评价、应用测试、数据采集与汇总等工作。      详见附件      详见附件      详见附件                 序号    供应商名称      服务名称      服务范围      服务要求      服务时间      服务标准   2    吉林工商学院      绿色储粮技术推广服务——第三生态区省级储备库点建设      按照绿色储粮技术集成应用示范的总体安排要求和部署,在“五位一体”的总体技术框架下，需协助第三储粮生态区1家指定的省级储备粮示范库点，完成绿色储粮技术集成应用示范点建设，包括应用综合效能评价、应用测试、数据采集与汇总等工作。      详见附件      详见附件      详见附件                 序号    供应商名称      服务名称      服务范围      服务要求      服务时间      服务标准   3    江苏科技大学      绿色储粮技术推广服务——第五生态区虫霉气调特色库点建设      按照绿色储粮技术集成应用示范的总体安排要求和部署,在“五位一体”的总体技术框架下，需协助第五储粮生态区1家重点集成应用虫霉绿色防控技术与氮气气调技术的省级储备粮示范库点，完成绿色储粮技术集成应用示范点建设，包括应用综合效能评价、应用测试、数据采集与汇总等工作。      详见附件      详见附件      详见附件                 序号    供应商名称      服务名称      服务范围      服务要求      服务时间      服务标准   4    南京财经大学      绿色储粮技术推广服务——第五生态区智能低碳特色库点建设      按照绿色储粮技术集成应用示范的总体安排要求和部署,在“五位一体”的总体技术框架下，需协助第五储粮生态区1家重点集成应用智能控温与低碳技术的省级储备粮示范库点，完成绿色储粮技术集成应用示范点建设，包括应用综合效能评价、应用测试、数据采集与汇总等工作。      详见附件      详见附件      详见附件                 五、评审专家（单一来源采购人员）名单： 焦冬梅、孙艳萍、石天玉 六、代理服务收费标准及金额： 本项目代理费收费标准：参照原国家计委计价格【2002】1980号文计算方法70%收取。 本项目代理费总金额：0.413690 万元（人民币） 七、公告期限 自本公告发布之日起1个工作日。 八、其它补充事宜 标段二：河南工业大学 综合得分：91.00标段三：吉林工商学院 综合得分：91.67标段四：江苏科技大学 综合得分：91.00标段五：南京财经大学 综合得分：91.67  九、凡对本次公告内容提出询问，请按以下方式联系。 1.采购人信息 名 称：国家粮食和物资储备局科学研究院 地址：北京市西城区百万庄大街11号 联系方式：孟祥雪010-58523663 2.采购代理机构信息 名 称：中招国际招标有限公司 地 址：北京市海淀区学院南路62号中关村资本大厦 联系方式：卢飒、李喆、于经理-15801326030 3.项目联系方式 项目联系人：孟祥雪 电 话： 010-58523663",农林牧渔,,中国政府采购网,,,,,,39.399,"[{""序号"": ""1"", ""供应商名称"": ""河南工业大学"", ""服务名称"": ""绿色储粮技术推广服务—第四生态区省级储备库点建设"", ""服务范围"": ""按照绿色储粮技术集成应用示范的总体安排要求和部署,在“五位一体”的总体技术框架下，需协助1家指定的中央储备粮示范库点，完成绿色储粮技术集成应用示范点建设，包括应用综合效能评价、应用测试、数据采集与汇总等工作。"", ""服务要求"": ""详见附件"", ""服务时间"": ""详见附件"", ""服务标准"": ""详见附件""}, {""序号"": ""序号"", ""供应商名称"": ""供应商名称"", ""服务名称"": ""服务名称"", ""服务范围"": ""服务范围"", ""服务要求"": ""服务要求"", ""服务时间"": ""服务时间"", ""服务标准"": ""服务标准""}, {""序号"": ""2"", ""供应商名称"": ""吉林工商学院"", ""服务名称"": ""绿色储粮技术推广服务——第三生态区省级储备库点建设"", ""服务范围"": ""按照绿色储粮技术集成应用示范的总体安排要求和部署,在“五位一体”的总体技术框架下，需协助第三储粮生态区1家指定的省级储备粮示范库点，完成绿色储粮技术集成应用示范点建设，包括应用综合效能评价、应用测试、数据采集与汇总等工作。"", ""服务要求"": ""详见附件"", ""服务时间"": ""详见附件"", ""服务标准"": ""详见附件""}, {""序号"": ""序号"", ""供应商名称"": ""供应商名称"", ""服务名称"": ""服务名称"", ""服务范围"": ""服务范围"", ""服务要求"": ""服务要求"", ""服务时间"": ""服务时间"", ""服务标准"": ""服务标准""}, {""序号"": ""3"", ""供应商名称"": ""江苏科技大学"", ""服务名称"": ""绿色储粮技术推广服务——第五生态区虫霉气调特色库点建设"", ""服务范围"": ""按照绿色储粮技术集成应用示范的总体安排要求和部署,在“五位一体”的总体技术框架下，需协助第五储粮生态区1家重点集成应用虫霉绿色防控技术与氮气气调技术的省级储备粮示范库点，完成绿色储粮技术集成应用示范点建设，包括应用综合效能评价、应用测试、数据采集与汇总等工作。"", ""服务要求"": ""详见附件"", ""服务时间"": ""详见附件"", ""服务标准"": ""详见附件""}, {""序号"": ""序号"", ""供应商名称"": ""供应商名称"", ""服务名称"": ""服务名称"", ""服务范围"": ""服务范围"", ""服务要求"": ""服务要求"", ""服务时间"": ""服务时间"", ""服务标准"": ""服务标准""}, {""序号"": ""4"", ""供应商名称"": ""南京财经大学"", ""服务名称"": ""绿色储粮技术推广服务——第五生态区智能低碳特色库点建设"", ""服务范围"": ""按照绿色储粮技术集成应用示范的总体安排要求和部署,在“五位一体”的总体技术框架下，需协助第五储粮生态区1家重点集成应用智能控温与低碳技术的省级储备粮示范库点，完成绿色储粮技术集成应用示范点建设，包括应用综合效能评价、应用测试、数据采集与汇总等工作。"", ""服务要求"": ""详见附件"", ""服务时间"": ""详见附件"", ""服务标准"": ""详见附件""}]",焦冬梅、孙艳萍、石天玉,0.41369,河南工业大学、供应商名称、吉林工商学院、江苏科技大学、南京财经大学,,,,
中国海洋大学海洋动力-物理环境与智能感知全国重点实验室科教平台建设服务项目成交公告,成交公告,OUC-FW-JC26014/SDSM2026-11272,2026年09月08日 15:18,山东省,中国海洋大学,山东省青岛市崂山区松岭路238号,徐老师0532-66781977,山东三木招标有限公司,山东省青岛市市北区延吉路76号中海大厦6楼603室,商煜、孙晶0532-88169868,商煜,0532-88169868,"中国海洋大学海洋动力-物理环境与智能感知全国重点实验室科教平台建设服务项目竞争性磋商文件.pdf,中小企业声明函.pdf","[{""attach_name"": ""中国海洋大学海洋动力-物理环境与智能感知全国重点实验室科教平台建设服务项目竞争性磋商文件.pdf"", ""attach_url"": ""https://download.ccgp.gov.cn/oss/download?uuid=204F3D9463EE42D0044D04AA59B559""}, {""attach_name"": ""中小企业声明函.pdf"", ""attach_url"": ""https://download.ccgp.gov.cn/oss/download?uuid=28363F9E5D76C0136322207A63E5FD""}]",https://www.ccgp.gov.cn/cggg/zygg/cjgg/202609/t20260908_27286302.htm,2026-09-10 09:36:00,一、项目编号：OUC-FW-JC26014/SDSM2026-11272（招标文件编号：OUC-FW-JC26014/SDSM2026-11272） 二、项目名称：中国海洋大学海洋动力-物理环境与智能感知全国重点实验室科教平台建设服务项目 三、中标（成交）信息 供应商名称：上海勇立潮头文化科技有限公司供应商地址：上海市杨浦区国权北路1688弄68号1303室中标（成交）金额：148.9300000（万元）四、主要标的信息 序号    供应商名称      服务名称      服务范围      服务要求      服务时间      服务标准   1    上海勇立潮头文化科技有限公司      详见附件      详见附件      详见附件      详见附件      详见附件                 五、评审专家（单一来源采购人员）名单： 戴军、孙晓虹、侯霞（采购人代表） 六、代理服务收费标准及金额： 本项目代理费收费标准：参照国家计委计价格[2002]1980号文规定的60%向代理机构交纳。 本项目代理费总金额：1.134864 万元（人民币） 七、公告期限 自本公告发布之日起1个工作日。 八、其它补充事宜 成交供应商：上海勇立潮头文化科技有限公司综合得分：88.74 九、凡对本次公告内容提出询问，请按以下方式联系。 1.采购人信息 名 称：中国海洋大学 地址：山东省青岛市崂山区松岭路238号 联系方式：徐老师0532-66781977 2.采购代理机构信息 名 称：山东三木招标有限公司 地 址：山东省青岛市市北区延吉路76号中海大厦6楼603室 联系方式：商煜、孙晶0532-88169868 3.项目联系方式 项目联系人：商煜 电 话： 0532-88169868,教育培训,,中国政府采购网,,,,,,148.93,"[{""序号"": ""1"", ""供应商名称"": ""上海勇立潮头文化科技有限公司"", ""服务名称"": ""详见附件"", ""服务范围"": ""详见附件"", ""服务要求"": ""详见附件"", ""服务时间"": ""详见附件"", ""服务标准"": ""详见附件""}]",戴军、孙晓虹、侯霞（采购人代表）,1.134864,上海勇立潮头文化科技有限公司,,,,
全国海关信息中心2026年部分网络设备维保采购项目（二次）成交公告,成交公告,CMEETC-267FR331EE760,2026年09月08日 15:17,北京市,全国海关信息中心,北京市东城区金宝街63号710室,原野010-85193824,中国机电工程招标有限公司,北京市海淀区车公庄西路乙19号华通大厦B座南塔14层,李晓茹、李鹏飞、刘伟、张博88018616-8065、15931332841,李晓茹,88018616-8065,,,https://www.ccgp.gov.cn/cggg/zygg/cjgg/202609/t20260908_27286300.htm,2026-09-10 09:36:01,一、项目编号：CMEETC-267FR331EE760（招标文件编号：CMEETC-267FR331EE760） 二、项目名称：全国海关信息中心2026年部分网络设备维保采购项目（二次） 三、中标（成交）信息 供应商名称：北京绿色苹果技术有限公司供应商地址：北京市海淀区中关村南大街2号1号楼18层A座1806中标（成交）金额：24.1500000（万元）四、主要标的信息 序号    供应商名称      服务名称      服务范围      服务要求      服务时间      服务标准   1    北京绿色苹果技术有限公司      全国海关信息中心2026年部分网络设备维保采购项目（二次）      满足采购文件要求      满足采购文件要求      满足采购文件要求      满足采购文件要求                 五、评审专家（单一来源采购人员）名单： 滑京涛，鲁雪青，孟庆晨。 六、代理服务收费标准及金额： 本项目代理费收费标准：参照原国家计委关于《招标代理服务收费管理暂行办法》的通知（计价格〔2002〕1980号）的标准收取招标代理服务费 本项目代理费总金额：0.362250 万元（人民币） 七、公告期限 自本公告发布之日起1个工作日。 八、其它补充事宜 / 九、凡对本次公告内容提出询问，请按以下方式联系。 1.采购人信息 名 称：全国海关信息中心 地址：北京市东城区金宝街63号710室 联系方式：原野010-85193824 2.采购代理机构信息 名 称：中国机电工程招标有限公司 地 址：北京市海淀区车公庄西路乙19号华通大厦B座南塔14层 联系方式：李晓茹、李鹏飞、刘伟、张博88018616-8065、15931332841 3.项目联系方式 项目联系人：李晓茹 电 话： 88018616-8065,服务外包,,中国政府采购网,,,,,,24.15,"[{""序号"": ""1"", ""供应商名称"": ""北京绿色苹果技术有限公司"", ""服务名称"": ""全国海关信息中心2026年部分网络设备维保采购项目（二次）"", ""服务范围"": ""满足采购文件要求"", ""服务要求"": ""满足采购文件要求"", ""服务时间"": ""满足采购文件要求"", ""服务标准"": ""满足采购文件要求""}]",滑京涛，鲁雪青，孟庆晨。,0.36225,北京绿色苹果技术有限公司,,,,
山东大学齐鲁第二医院超声乳化仪采购项目成交公告,成交公告,SHZB2026-666,2026年09月08日 15:08,山东省,山东大学齐鲁第二医院,济南市天桥区北园大街247号,0531-85875076,盛和招标代理有限公司,山东济南唐冶西路868号山东设计创意产业园南区B1楼,许铖铖、王凯、谢文豪、张越0531-88260568、15153117917、17862114460、17866617312,许铖铖、王凯、谢文豪、张越,0531-88260568、15153117917、17862114460、17,中小企业声明函及符合本国产品标准的声明函.pdf,"[{""attach_name"": ""中小企业声明函及符合本国产品标准的声明函.pdf"", ""attach_url"": ""https://download.ccgp.gov.cn/oss/download?uuid=431B80F576ABFFB51B11EC9B9AC199""}]",https://www.ccgp.gov.cn/cggg/zygg/cjgg/202609/t20260908_27286192.htm,2026-09-10 09:36:02,一、项目编号：SHZB2026-666（招标文件编号：SHZB2026-666） 二、项目名称：山东大学齐鲁第二医院超声乳化仪采购项目 三、中标（成交）信息 供应商名称：湖南共耳兔医疗科技有限公司供应商地址：湖南省长沙市岳麓区梅溪湖街道梅溪湖路276号金茂乾璟苑26栋4019中标（成交）金额：41.0000000（万元）四、主要标的信息 序号    供应商名称      货物名称      货物品牌      货物型号      货物数量      货物单价(元)   1    湖南共耳兔医疗科技有限公司      超声乳化仪      犀燃      XR1301      1套      410000                 五、评审专家（单一来源采购人员）名单： 王莹、陈晶、刘春雷 六、代理服务收费标准及金额： 本项目代理费收费标准：按“采购代理服务费收费标准”以差额累进法计算后下浮10% 本项目代理费总金额：0.553500 万元（人民币） 七、公告期限 自本公告发布之日起1个工作日。 八、其它补充事宜 成交供应商湖南共耳兔医疗科技有限公司综合得分为84.17；  九、凡对本次公告内容提出询问，请按以下方式联系。 1.采购人信息 名 称：山东大学齐鲁第二医院 地址：济南市天桥区北园大街247号 联系方式：0531-85875076 2.采购代理机构信息 名 称：盛和招标代理有限公司 地 址：山东济南唐冶西路868号山东设计创意产业园南区B1楼 联系方式：许铖铖、王凯、谢文豪、张越0531-88260568、15153117917、17862114460、17866617312 3.项目联系方式 项目联系人：许铖铖、王凯、谢文豪、张越 电 话： 0531-88260568、15153117917、17862114460、17866617312,医疗卫生,,中国政府采购网,,,,,,41.0,"[{""序号"": ""1"", ""供应商名称"": ""湖南共耳兔医疗科技有限公司"", ""货物名称"": ""超声乳化仪"", ""货物品牌"": ""犀燃"", ""货物型号"": ""XR1301"", ""货物数量"": ""1套"", ""货物单价(元)"": ""410000""}]",王莹、陈晶、刘春雷,0.5535,湖南共耳兔医疗科技有限公司,,,,
南开大学金融学院电子班牌信息发布系统采购项目成交公告,成交公告,NK2026H069N,2026年09月08日 15:06,天津市,南开大学,天津市南开区卫津路94号,于老师、牛老师 022-23501661,昱丰（天津）项目管理有限公司,天津市河西区解放南路与湘江道交口海河大观三期18-85号底商三楼,高彩虹/杨帆 13114858466/022-84858338,高彩虹,13114858466,,,https://www.ccgp.gov.cn/cggg/zygg/cjgg/202609/t20260908_27286172.htm,2026-09-10 09:36:03,一、项目编号：NK2026H069N（招标文件编号：NK2026H069N） 二、项目名称：南开大学金融学院电子班牌信息发布系统采购项目 三、中标（成交）信息 供应商名称：天津宝润伟业科技有限公司供应商地址：天津市南开区白堤路馨达园12-1-601（科技园）中标（成交）金额：47.3666000（万元）四、主要标的信息 序号    供应商名称      货物名称      货物品牌      货物型号      货物数量      货物单价(元)   1    天津宝润伟业科技有限公司      电子班牌终端、电子班牌管理软件、系统管理主机、电磁门锁、闭门器、信息发布终端 、信息发布管理软件、24 口千兆网络交换机、16 口千兆网络交换机、机柜；      outbook、outbook、宝德、大华、大华、海信、outbook、博达、博达、华腾      SLK280、教师端升级版软件 V1.0.4、PR2510P2、DH-ASF280、DH-ASF103R、43DM66D、电子班牌信息发布系统 v1.0、S1500-24T、S2500-24T4S、HT6119；      68、1、1、68、68、6、1、4、1、1；      3880、72126、41600、450、350、5200、3200、1300、1000、1100；                 五、评审专家（单一来源采购人员）名单： 许继扬（组长）、陈洁、韩冬（采购人代表） 六、代理服务收费标准及金额： 本项目代理费收费标准：中标（成交）供应商在收到中标（成交）通知书时须向采购代理机构交纳代理服务费，中标（成交）供应商应以《中标（成交）通知书》中确定的中标（成交）金额作为收费的计算基数，本项目代理服务费参照国家计委〔2002〕1980号文件取费标准68 %计取。 本项目代理费总金额：0.483100 万元（人民币） 七、公告期限 自本公告发布之日起1个工作日。 八、其它补充事宜 天津宝润伟业科技有限公司   得分94.61  排名第1 九、凡对本次公告内容提出询问，请按以下方式联系。 1.采购人信息 名 称：南开大学 地址：天津市南开区卫津路94号 联系方式：于老师、牛老师 022-23501661 2.采购代理机构信息 名 称：昱丰（天津）项目管理有限公司 地 址：天津市河西区解放南路与湘江道交口海河大观三期18-85号底商三楼 联系方式：高彩虹/杨帆 13114858466/022-84858338 3.项目联系方式 项目联系人：高彩虹/杨帆 电 话： 13114858466/022-84858338,教育培训,,中国政府采购网,,,,,,47.3666,"[{""序号"": ""1"", ""供应商名称"": ""天津宝润伟业科技有限公司"", ""货物名称"": ""电子班牌终端、电子班牌管理软件、系统管理主机、电磁门锁、闭门器、信息发布终端 、信息发布管理软件、24 口千兆网络交换机、16 口千兆网络交换机、机柜；"", ""货物品牌"": ""outbook、outbook、宝德、大华、大华、海信、outbook、博达、博达、华腾"", ""货物型号"": ""SLK280、教师端升级版软件 V1.0.4、PR2510P2、DH-ASF280、DH-ASF103R、43DM66D、电子班牌信息发布系统 v1.0、S1500-24T、S2500-24T4S、HT6119；"", ""货物数量"": ""68、1、1、68、68、6、1、4、1、1；"", ""货物单价(元)"": ""3880、72126、41600、450、350、5200、3200、1300、1000、1100；""}]",许继扬（组长）、陈洁、韩冬（采购人代表）,0.4831,天津宝润伟业科技有限公司,,,,
四川省雅安市消防救援支队2026年意外、补充医疗保险采购项目成交公告,成交公告,ZCX-CS20260820-102,2026年09月08日 15:03,雅安市,雅安市消防救援支队,雅安市雨城区先锋路51号,江老师0835-2230996,四川省众城兴创工程项目管理咨询有限公司,雅安市雨城区熊猫大道382号西康商业广场1幢1单元5层14号,徐老师0835-2228788,江老师,0835-2230996,,,https://www.ccgp.gov.cn/cggg/zygg/cjgg/202609/t20260908_27286121.htm,2026-09-10 09:36:04,一、项目编号：ZCX-CS20260820-102（招标文件编号：ZCX-CS20260820-102） 二、项目名称：四川省雅安市消防救援支队2026年意外、补充医疗保险采购项目 三、中标（成交）信息 供应商名称：中国人民财产保险股份有限公司雅安市分公司供应商地址：四川省雅安市雨城区中大街148号中标（成交）金额：63.3600000（万元）四、主要标的信息 序号    供应商名称      服务名称      服务范围      服务要求      服务时间      服务标准   1    中国人民财产保险股份有限公司雅安市分公司      四川省雅安市消防救援支队2026年意外、补充医疗保险采购项目      详见采购文件      详见采购文件      详见采购文件      详见采购文件                 五、评审专家（单一来源采购人员）名单： 田雪、袁也陶、于娟（采购人代表） 六、代理服务收费标准及金额： 本项目代理费收费标准：根据成本加利润原则。 本项目代理费总金额：1.011000 万元（人民币） 七、公告期限 自本公告发布之日起1个工作日。 八、其它补充事宜 九、凡对本次公告内容提出询问，请按以下方式联系。 1.采购人信息 名 称：雅安市消防救援支队 地址：雅安市雨城区先锋路51号 联系方式：江老师0835-2230996 2.采购代理机构信息 名 称：四川省众城兴创工程项目管理咨询有限公司 地 址：雅安市雨城区熊猫大道382号西康商业广场1幢1单元5层14号 联系方式：徐老师0835-2228788 3.项目联系方式 项目联系人：江老师 电 话： 0835-2230996,医疗卫生,,中国政府采购网,,,,,,63.38,"[{""序号"": ""1"", ""供应商名称"": ""中国人民财产保险股份有限公司雅安市分公司"", ""服务名称"": ""四川省雅安市消防救援支队2026年意外、补充医疗保险采购项目"", ""服务范围"": ""详见采购文件"", ""服务要求"": ""详见采购文件"", ""服务时间"": ""详见采购文件"", ""服务标准"": ""详见采购文件""}]",田雪、袁也陶、于娟（采购人代表）,1.011,中国人民财产保险股份有限公司雅安市分公司,,,,
中国民航大学朝阳飞行学院部分学生宿舍维修改造、机库大门维修、机库顶棚修缮、空勤食堂修缮项目成交公告,成交公告,ZRZX2026-B-0126,2026年09月08日 14:57,天津市,中国民航大学,天津市东丽区津北公路2898号,董老师、刘老师 022-24092963,政融（天津）工程咨询有限公司,天津市南开区红旗路218号慧谷大厦1010室,赵扬、苗洁、李佳  022-83571558,赵扬、苗洁、李佳,022-83571558,"中小企业声明函.pdf,采购文件（发布版）-中国民航大学朝阳飞行学院部分学生宿舍维修改造、机库大门维修、机库顶棚修缮、空勤食堂修缮项目.doc","[{""attach_name"": ""中小企业声明函.pdf"", ""attach_url"": ""https://download.ccgp.gov.cn/oss/download?uuid=24349BC09437A742D810A41B5DFE3D""}, {""attach_name"": ""采购文件（发布版）-中国民航大学朝阳飞行学院部分学生宿舍维修改造、机库大门维修、机库顶棚修缮、空勤食堂修缮项目.doc"", ""attach_url"": ""https://download.ccgp.gov.cn/oss/download?uuid=19A3065C1432E13B889151A0FD5A42""}]",https://www.ccgp.gov.cn/cggg/zygg/cjgg/202609/t20260908_27286053.htm,2026-09-10 09:36:04,一、项目编号：ZRZX2026-B-0126（招标文件编号：ZRZX2026-B-0126） 二、项目名称：中国民航大学朝阳飞行学院部分学生宿舍维修改造、机库大门维修、机库顶棚修缮、空勤食堂修缮项目 三、中标（成交）信息 供应商名称：天津墨缘建设集团有限公司供应商地址：天津市滨海新区中新天津生态城颐湖居42-104号中标（成交）金额：75.0000000（万元）四、主要标的信息 序号    供应商名称       工程名称       施工范围       施工工期       项目经理       执业证书   1    天津墨缘建设集团有限公司      中国民航大学朝阳飞行学院部分学生宿舍维修改造、机库大门维修、机库顶棚修缮、空勤食堂修缮项目      1.朝阳飞行学院部分学生宿舍维修改造，预算金额（最高限价）44.07341万元： （1）朝阳飞行学院宿舍楼三层54间宿舍拆除原有的老旧窗户，统一更换为保温、隔音性能更优的断桥铝窗户。 （2）对学生公寓3层所有宿舍房间的墙面及顶棚进行全面翻新粉刷。 2.朝阳飞行学院机库大门维修，预算金额（最高限价）19.498388万元： （1）对机库内6扇定制堆积门（2扇钢索吊装、4扇涤纶吊带吊装）的核心驱动与吊装系统进行专项大修，重点更换已老化的钢索、吊带、刹车组件及传动系统。 （2）对电机与减速机进行全面检修与调试。 3.朝阳飞行学院机库顶棚修缮，预算金额（最高限价）9.76297万元： （1）屋面破损采光板更换。拆除机库屋面已老化、破损的旧采光板，清理基层后，更换为同等规格的高品质新采光板。 （2）将机库屋面原有严重锈蚀的铁质排水天沟整体内衬不锈钢天沟完整衔接至落水系统，现有彩钢板局部除锈翻新。 4.朝阳飞行学院空勤食堂修缮，预算金额（最高限价）9.559362万元： （1）屋面破损采光板更换，拆除食堂屋面已老化、破损的旧采光板，清理基层后，更换为同等规格的高品质采光板。 （2）食堂顶棚现有的锈蚀彩钢板、基层处理，并整体涂刷专用翻新涂料，恢复顶棚的防腐防锈性能与整体美观度。 具体范围详见磋商文件、工程量清单及图纸的全部内容。      自合同签订生效之日起，50个日历日内通过竣工验收并交付使用。（实际开工日期以开工令为准，工期总天数不变）      高倩影      津1122013201408272                 五、评审专家（单一来源采购人员）名单： 张善慧、张磊、姜宏波（采购人代表） 六、代理服务收费标准及金额： 本项目代理费收费标准：服务费参照国家计委计价格2002[1980]号文件、国家发展改革委发改办价格[2003]857号文件、发改价格[2011]534号文和发改价格[2015]299号的规定计取下浮20%向成交供应商收取。 本项目代理费总金额：0.600000 万元（人民币） 七、公告期限 自本公告发布之日起1个工作日。 八、其它补充事宜 成交供应商名称：天津墨缘建设集团有限公司评审总得分：95.19分 九、凡对本次公告内容提出询问，请按以下方式联系。 1.采购人信息 名 称：中国民航大学 地址：天津市东丽区津北公路2898号 联系方式：董老师、刘老师 022-24092963 2.采购代理机构信息 名 称：政融（天津）工程咨询有限公司 地 址：天津市南开区红旗路218号慧谷大厦1010室 联系方式：赵扬、苗洁、李佳 022-83571558 3.项目联系方式 项目联系人：赵扬、苗洁、李佳 电 话： 022-83571558,教育培训,,中国政府采购网,,,,,,75.0,"[{""序号"": ""1"", ""供应商名称"": ""天津墨缘建设集团有限公司"", ""工程名称"": ""中国民航大学朝阳飞行学院部分学生宿舍维修改造、机库大门维修、机库顶棚修缮、空勤食堂修缮项目"", ""施工范围"": ""1.朝阳飞行学院部分学生宿舍维修改造，预算金额（最高限价）44.07341万元：\t\t\t（1）朝阳飞行学院宿舍楼三层54间宿舍拆除原有的老旧窗户，统一更换为保温、隔音性能更优的断桥铝窗户。\t\t\t（2）对学生公寓3层所有宿舍房间的墙面及顶棚进行全面翻新粉刷。\t\t\t2.朝阳飞行学院机库大门维修，预算金额（最高限价）19.498388万元：\t\t\t（1）对机库内6扇定制堆积门（2扇钢索吊装、4扇涤纶吊带吊装）的核心驱动与吊装系统进行专项大修，重点更换已老化的钢索、吊带、刹车组件及传动系统。\t\t\t（2）对电机与减速机进行全面检修与调试。\t\t\t3.朝阳飞行学院机库顶棚修缮，预算金额（最高限价）9.76297万元：\t\t\t（1）屋面破损采光板更换。拆除机库屋面已老化、破损的旧采光板，清理基层后，更换为同等规格的高品质新采光板。\t\t\t（2）将机库屋面原有严重锈蚀的铁质排水天沟整体内衬不锈钢天沟完整衔接至落水系统，现有彩钢板局部除锈翻新。\t\t\t4.朝阳飞行学院空勤食堂修缮，预算金额（最高限价）9.559362万元：\t\t\t（1）屋面破损采光板更换，拆除食堂屋面已老化、破损的旧采光板，清理基层后，更换为同等规格的高品质采光板。\t\t\t（2）食堂顶棚现有的锈蚀彩钢板、基层处理，并整体涂刷专用翻新涂料，恢复顶棚的防腐防锈性能与整体美观度。\t\t\t具体范围详见磋商文件、工程量清单及图纸的全部内容。"", ""施工工期"": ""自合同签订生效之日起，50个日历日内通过竣工验收并交付使用。（实际开工日期以开工令为准，工期总天数不变）"", ""项目经理"": ""高倩影"", ""执业证书"": ""津1122013201408272""}]",张善慧、张磊、姜宏波（采购人代表）,0.6,天津墨缘建设集团有限公司,,,,
华中科技大学高分辨率数据采集系统成交公告,成交公告,WHQD,2026年09月08日 14:57,武汉市,华中科技大学,湖北省武汉市洪山区珞喻路1037号,李老师、027-87540659，邮箱：hustcgzx@hust.edu.cn,武汉千代工程建设招标代理有限公司,武汉市汉阳区龙阳大道龙阳时代A座16楼,金冬、周文艳、王瑞、昌亮　027-84766877,金冬、周文艳、王瑞、昌亮,027-84766877,"HW20260397华中科技大学高分辨率数据采集系统-竞争性磋商文件.pdf,关于符合本国产品标准的声明函.PDF,中小企业声明函.pdf","[{""attach_name"": ""HW20260397华中科技大学高分辨率数据采集系统-竞争性磋商文件.pdf"", ""attach_url"": ""https://download.ccgp.gov.cn/oss/download?uuid=4C2F9D1CF46784E1F2E2DC7D28EB57""}, {""attach_name"": ""关于符合本国产品标准的声明函.PDF"", ""attach_url"": ""https://download.ccgp.gov.cn/oss/download?uuid=6D33DF921DCA186F49625F114823F0""}, {""attach_name"": ""中小企业声明函.pdf"", ""attach_url"": ""https://download.ccgp.gov.cn/oss/download?uuid=B219F986D3F7480069FDCE3425D4AE""}]",https://www.ccgp.gov.cn/cggg/zygg/cjgg/202609/t20260908_27286057.htm,2026-09-10 09:36:05,一、项目编号：WHQD ZC2026-067（校内采购编号：HW20260397）（招标文件编号：WHQD ZC2026-067） 二、项目名称：华中科技大学高分辨率数据采集系统 三、中标（成交）信息 供应商名称：武汉弘哲技术有限公司供应商地址：湖北省武汉市武昌区杨园街纺机路29号万科金域华府商业中心A座12层4号-2中标（成交）金额：141.3000000（万元）四、主要标的信息 序号    供应商名称      货物名称      货物品牌      货物型号      货物数量      货物单价(元)   1    武汉弘哲技术有限公司      高分辨率数据采集系统      中创融科      ZC-2B10C      3套      471000                 五、评审专家（单一来源采购人员）名单： 李池水（组长）、杨玲玲、刘洪力（采购人代表） 六、代理服务收费标准及金额： 本项目代理费收费标准：根据委托代理协议书约定，参照《关于招标代理服务收费有关问题的通知》（发改办价格〔2003〕857号）及《国家发展改革委关于降低部分建设项目收费标准规范收费行为等有关问题的通知》（发改价格〔2011〕534号）规定，在招标人确认代理机构提供合格的服务且采购项目结果确定后，以中标通知书的中标金额为基数，代理机构按上述收费标准的70%向中标供应商收取服务费。 本项目代理费总金额：1.368000 万元（人民币） 七、公告期限 自本公告发布之日起1个工作日。 八、其它补充事宜 评审信息评审时间：2026年9月4日评审地点：武汉千代工程建设招标代理有限公司会议室，武汉市汉阳区龙阳大道龙阳时代广场A座16层交货及安装期：自合同签订之日起75日历天内完成供货、安装及调试质保期：自验收合格之日起计算，整体1年保修评审总得分：96.33分中标公告媒体中国政府采购网（网址：https://www.ccgp.gov.cn/）华中科技大学采购与招标中心官网（网址：http://cgzx.hust.edu.cn/）武汉千代电子招标投标平台（网址：https://whqd.ceczy.com）各有关当事人对成交结果有异议的，可以在成交结果公告发布之日起七个工作日内以书面形式向武汉千代工程建设招标代理有限公司提出质疑，逾期将不再受理。 九、凡对本次公告内容提出询问，请按以下方式联系。 1.采购人信息 名 称：华中科技大学 地址：湖北省武汉市洪山区珞喻路1037号 联系方式：李老师、027-87540659，邮箱：hustcgzx@hust.edu.cn 2.采购代理机构信息 名 称：武汉千代工程建设招标代理有限公司 地 址：武汉市汉阳区龙阳大道龙阳时代A座16楼 联系方式：金冬、周文艳、王瑞、昌亮 027-84766877 3.项目联系方式 项目联系人：金冬、周文艳、王瑞、昌亮 电 话： 027-84766877,教育培训,,中国政府采购网,,,,,,141.3,"[{""序号"": ""1"", ""供应商名称"": ""武汉弘哲技术有限公司"", ""货物名称"": ""高分辨率数据采集系统"", ""货物品牌"": ""中创融科"", ""货物型号"": ""ZC-2B10C"", ""货物数量"": ""3套"", ""货物单价(元)"": ""471000""}]",李池水（组长）、杨玲玲、刘洪力（采购人代表）,1.368,武汉弘哲技术有限公司,,,,
中国地质调查局自然资源综合调查指挥中心调度指挥信息系统代码审计（二次）成交公告,成交公告,2026JC039,2026年09月08日 14:53,北京市,中国地质调查局自然资源综合调查指挥中心,北京市西城区红莲南路55号,王老师，010-59305682,详见公告正文,详见公告正文,详见公告正文,王想红,010-59305658,"2026JC039—成交结果公告—调度指挥信息系统代码审计（二次）.docx,2026JC039—调度指挥信息系统代码审计（二次）采购项目竞争性磋商文件20260826定稿.pdf","[{""attach_name"": ""2026JC039—成交结果公告—调度指挥信息系统代码审计（二次）.docx"", ""attach_url"": ""https://download.ccgp.gov.cn/oss/download?uuid=A2D26B71AFC1BDCBF58AB05D253C4F""}, {""attach_name"": ""2026JC039—调度指挥信息系统代码审计（二次）采购项目竞争性磋商文件20260826定稿.pdf"", ""attach_url"": ""https://download.ccgp.gov.cn/oss/download?uuid=3C3A2A17B6441810FD927CC1DACEAF""}]",https://www.ccgp.gov.cn/cggg/zygg/cjgg/202609/t20260908_27286006.htm,2026-09-10 09:36:06,一、项目编号：2026JC039（招标文件编号：2026JC039） 二、项目名称：调度指挥信息系统代码审计（二次） 三、中标（成交）信息 供应商名称：中科信息安全共性技术国家工程研究中心有限公司供应商地址：北京市海淀区中关村大街19号16层B1601、B1602、B1603、B1605中标（成交）金额：9.0000000（万元）四、主要标的信息 序号    供应商名称      服务名称      服务范围      服务要求      服务时间      服务标准   1    中科信息安全共性技术国家工程研究中心有限公司      调度指挥信息系统代码审计项目      详见磋商文件      详见磋商文件      合同签订后至2026年12月31日      详见磋商文件                 五、评审专家（单一来源采购人员）名单： 王晨普、董蕊、谷兰丁 六、代理服务收费标准及金额： 本项目代理费收费标准：无 本项目代理费总金额：0.000000 万元（人民币） 七、公告期限 自本公告发布之日起1个工作日。 八、其它补充事宜 成交供应商综合得分：93.34分 九、凡对本次公告内容提出询问，请按以下方式联系。 1.采购人信息 名 称：中国地质调查局自然资源综合调查指挥中心 地址：北京市西城区红莲南路55号 联系方式：王老师，010-59305682 2.项目联系方式 项目联系人：王想红 电 话： 010-59305658,信息技术,,中国政府采购网,,,,,,9.0,"[{""序号"": ""1"", ""供应商名称"": ""中科信息安全共性技术国家工程研究中心有限公司"", ""服务名称"": ""调度指挥信息系统代码审计项目"", ""服务范围"": ""详见磋商文件"", ""服务要求"": ""详见磋商文件"", ""服务时间"": ""合同签订后至2026年12月31日"", ""服务标准"": ""详见磋商文件""}]",王晨普、董蕊、谷兰丁,0.0,中科信息安全共性技术国家工程研究中心有限公司,,,,
哈尔滨工程大学新兴交叉学科大楼建设项目工程造价咨询服务采购项目成交公告,成交公告,ZG-ZFC-2026109,2026年09月08日 14:52,黑龙江省,哈尔滨工程大学,哈尔滨市南岗区南通大街145号,刘老师、0451-82519862,黑龙江中冠项目管理有限公司,哈尔滨市道里区友谊西路2982号,孙先生0451-82663366转8005,孙先生,0451-82663366转8005,造价附件.zip,"[{""attach_name"": ""造价附件.zip"", ""attach_url"": ""https://download.ccgp.gov.cn/oss/download?uuid=F58FE551FD77E966D1B9E639DACE42""}]",https://www.ccgp.gov.cn/cggg/zygg/cjgg/202609/t20260908_27286011.htm,2026-09-10 09:36:06,一、项目编号：ZG-ZFC-2026109（招标文件编号：ZG-ZFC-2026109） 二、项目名称：哈尔滨工程大学新兴交叉学科大楼建设项目工程造价咨询服务采购项目 三、中标（成交）信息 供应商名称：广轩项目管理有限公司供应商地址：重庆市两江新区鸳鸯街道金开大道1228号3幢包组或产品名称：哈尔滨工程大学新兴交叉学科大楼建设项目工程造价咨询服务采购项目费率(%)：0.0780000 供应商名称：广轩项目管理有限公司供应商地址：重庆市两江新区鸳鸯街道金开大道1228号3幢包组或产品名称：哈尔滨工程大学新兴交叉学科大楼建设项目工程造价咨询服务采购项目费率(%)：0.0780000 供应商名称：广轩项目管理有限公司供应商地址：重庆市两江新区鸳鸯街道金开大道1228号3幢包组或产品名称：哈尔滨工程大学新兴交叉学科大楼建设项目工程造价咨询服务采购项目费率(%)：1.8000000四、主要标的信息 序号    供应商名称      服务名称      服务范围      服务要求      服务时间      服务标准   1    广轩项目管理有限公司      哈尔滨工程大学新兴交叉学科大楼建设项目工程造价咨询服务采购项目      哈尔滨工程大学新兴交叉学科大楼建设项目工程造价咨询服务（具体要求详见本项目采购文件）；      详见采购文件      合同签订之日起，至本项目工程结算审计程序全部结束，提交审核报告并经采购人确认无误之日为止。      符合国家、省市及行业现行规范、规程、规定的合格标准或其他具体要求                 序号    供应商名称      服务名称      服务范围      服务要求      服务时间      服务标准   2    广轩项目管理有限公司      哈尔滨工程大学新兴交叉学科大楼建设项目工程造价咨询服务采购项目      哈尔滨工程大学新兴交叉学科大楼建设项目工程造价咨询服务（具体要求详见本项目采购文件）；      详见采购文件      合同签订之日起，至本项目工程结算审计程序全部结束，提交审核报告并经采购人确认无误之日为止。      符合国家、省市及行业现行规范、规程、规定的合格标准或其他具体要求；                 序号    供应商名称      服务名称      服务范围      服务要求      服务时间      服务标准   3    广轩项目管理有限公司      哈尔滨工程大学新兴交叉学科大楼建设项目工程造价咨询服务采购项目      哈尔滨工程大学新兴交叉学科大楼建设项目工程造价咨询服务（具体要求详见本项目采购文件）；      详见采购文件      合同签订之日起，至本项目工程结算审计程序全部结束，提交审核报告并经采购人确认无误之日为止。      符合国家、省市及行业现行规范、规程、规定的合格标准或其他具体要求；                 五、评审专家（单一来源采购人员）名单： 刘君、魏雪晶、孙健云（采购人代表） 六、代理服务收费标准及金额： 本项目代理费收费标准：按照国家计委“计价格【2002】1980号”文件收取 本项目代理费总金额：2.047800 万元（人民币） 七、公告期限 自本公告发布之日起1个工作日。 八、其它补充事宜 哈尔滨工程大学新兴交叉学科大楼建设项目工程造价咨询服务采购项目成交结果公告一、项目编号：ZG-ZFC-2026109二、项目名称：哈尔滨工程大学新兴交叉学科大楼建设项目工程造价咨询服务采购项目三、成交信息供应商名称：广轩项目管理有限公司供应商地址：重庆市两江新区鸳鸯街道金开大道1228号3幢成交金额：工程量清单及最高投标限价审核（根据需要，含预算调整审核），基本费率0.78‰（以工程量清单及最高投标限价送审金额为基数）；竣工结算审核（根据需要，含过程结算审核），基本费率0.78‰（以结算送审金额为基数）、效益费率1.8%（以结算审减金额为基数）。评审总得分：100.00分四、主要标的信息（具体内容及要求详见本项目采购文件及响应文件） 名称 采购需求 服务 要求 合同履行期限 服务标准 哈尔滨工程大学新兴交叉学科大楼建设项目工程造价咨询服务采购项目 哈尔滨工程大学新兴交叉学科大楼建设项目工程造价咨询服务（具体要求详见本项目采购文件）； 详见采购文件 合同签订之日起，至本项目工程结算审计程序全部结束，提交审核报告并经采购人确认无误之日为止。 符合国家、省市及行业现行规范、规程、规定的合格标准或其他具体要求；  五、服务要求：详见采购文件“采购需求”六、磋商小组名单：刘君、魏雪晶、孙健云（采购人代表）七、代理服务收费标准及金额：按照国家计委“计价格【2002】1980号”文件收取；本项目代理酬金为20478元。八、公告期限自本公告发布之日起1个工作日。九、其他补充事宜：无。十、凡对本次公告内容提出询问，请按以下方式联系。1、采购人信息名    称：哈尔滨工程大学  地    址：哈尔滨市南岗区南通大街145号联系方式：0451-825198622、采购代理机构信息名    称：黑龙江中冠项目管理有限公司地 址：哈尔滨市道里区友谊西路2982号联系方式：0451-826633663、项目联系方式项目联系人：孙先生 电  话：0451-82663366转8005附件：1.竞争性磋商文件          2.中小企业声明函 九、凡对本次公告内容提出询问，请按以下方式联系。 1.采购人信息 名 称：哈尔滨工程大学 地址：哈尔滨市南岗区南通大街145号 联系方式：刘老师、0451-82519862 2.采购代理机构信息 名 称：黑龙江中冠项目管理有限公司 地 址：哈尔滨市道里区友谊西路2982号 联系方式：孙先生0451-82663366转8005 3.项目联系方式 项目联系人：孙先生 电 话： 0451-82663366转8005,教育培训,,中国政府采购网,,,,,,0.0,"[{""序号"": ""1"", ""供应商名称"": ""广轩项目管理有限公司"", ""服务名称"": ""哈尔滨工程大学新兴交叉学科大楼建设项目工程造价咨询服务采购项目"", ""服务范围"": ""哈尔滨工程大学新兴交叉学科大楼建设项目工程造价咨询服务（具体要求详见本项目采购文件）；"", ""服务要求"": ""详见采购文件"", ""服务时间"": ""合同签订之日起，至本项目工程结算审计程序全部结束，提交审核报告并经采购人确认无误之日为止。"", ""服务标准"": ""符合国家、省市及行业现行规范、规程、规定的合格标准或其他具体要求""}, {""序号"": ""序号"", ""供应商名称"": ""供应商名称"", ""服务名称"": ""服务名称"", ""服务范围"": ""服务范围"", ""服务要求"": ""服务要求"", ""服务时间"": ""服务时间"", ""服务标准"": ""服务标准""}, {""序号"": ""2"", ""供应商名称"": ""广轩项目管理有限公司"", ""服务名称"": ""哈尔滨工程大学新兴交叉学科大楼建设项目工程造价咨询服务采购项目"", ""服务范围"": ""哈尔滨工程大学新兴交叉学科大楼建设项目工程造价咨询服务（具体要求详见本项目采购文件）；"", ""服务要求"": ""详见采购文件"", ""服务时间"": ""合同签订之日起，至本项目工程结算审计程序全部结束，提交审核报告并经采购人确认无误之日为止。"", ""服务标准"": ""符合国家、省市及行业现行规范、规程、规定的合格标准或其他具体要求；""}, {""序号"": ""序号"", ""供应商名称"": ""供应商名称"", ""服务名称"": ""服务名称"", ""服务范围"": ""服务范围"", ""服务要求"": ""服务要求"", ""服务时间"": ""服务时间"", ""服务标准"": ""服务标准""}, {""序号"": ""3"", ""供应商名称"": ""广轩项目管理有限公司"", ""服务名称"": ""哈尔滨工程大学新兴交叉学科大楼建设项目工程造价咨询服务采购项目"", ""服务范围"": ""哈尔滨工程大学新兴交叉学科大楼建设项目工程造价咨询服务（具体要求详见本项目采购文件）；"", ""服务要求"": ""详见采购文件"", ""服务时间"": ""合同签订之日起，至本项目工程结算审计程序全部结束，提交审核报告并经采购人确认无误之日为止。"", ""服务标准"": ""符合国家、省市及行业现行规范、规程、规定的合格标准或其他具体要求；""}]",刘君、魏雪晶、孙健云（采购人代表）,2.0478,广轩项目管理有限公司、供应商名称,,,,
德州市消防救援支队信息化运维项目成交公告,成交公告,SDJR-2026-0727,2026年09月08日 14:51,市辖区,德州市消防救援支队,德州市经济开发区广川大道2000号,李先生  0534-8102035,山东金润建设咨询有限公司,德州市经济开发区长河大道1515号夏威夷综合楼19层,王经理    电话：13969268519,王经理,13969268519,德州市消防救援支队信息化运维项目磋商文件.pdf,"[{""attach_name"": ""德州市消防救援支队信息化运维项目磋商文件.pdf"", ""attach_url"": ""https://download.ccgp.gov.cn/oss/download?uuid=718CB56637E8327385F0E00251C7F8""}]",https://www.ccgp.gov.cn/cggg/zygg/cjgg/202609/t20260908_27285984.htm,2026-09-10 09:36:07,一、项目编号：SDJR-2026-0727（招标文件编号：SDJR-2026-0727） 二、项目名称：德州市消防救援支队信息化运维项目 三、中标（成交）信息 供应商名称：中国移动通信集团山东有限公司供应商地址：山东省济南市市中区经十路20569号中标（成交）金额：61.1500000（万元）四、主要标的信息 序号    供应商名称      服务名称      服务范围      服务要求      服务时间      服务标准   1    中国移动通信集团山东有限公司      德州市消防救援支队信息化运维项目      德州市消防救援支队信息化运维项目      德州市消防救援支队信息化运维项目      自合同签订之日起1年，1年期满后如采购人对供应商服务满意且当年财政预算已批复运维经费时则续签合同，合同履行期限最长不超过3年。如供应商后续履约质量无法保障或者采购人采购需求发生变化，可以依法终止合同。      德州市消防救援支队信息化运维项目                 五、评审专家（单一来源采购人员）名单： 五、李汉东、柴远斌、王盛彬（采购人代表）采购小组成员评审结果：中国移动通信集团山东有限公司（90.28、89.28、90.78）、中国联合网络通信有限公司德州市分公司（82.50、83.50、85.00）、山东万博科技股份有限公司（70.76、75.76、75.76）、德州和珺信息科技有限公司（73.27、69.77、70.77） 六、代理服务收费标准及金额： 本项目代理费收费标准：按照国家发展和改革委员会发改价格【2015】299号文件，执行市场调节价 本项目代理费总金额：0.915000 万元（人民币） 七、公告期限 自本公告发布之日起1个工作日。 八、其它补充事宜 未成交供应商的未成交原因：1、中国联合网络通信有限公司德州市分公司：综合评审得分较低；2、山东万博科技股份有限公司：综合评审得分较低；3、德州和珺信息科技有限公司：综合评审得分较低。 九、凡对本次公告内容提出询问，请按以下方式联系。 1.采购人信息 名 称：德州市消防救援支队 地址：德州市经济开发区广川大道2000号 联系方式：李先生 0534-8102035 2.采购代理机构信息 名 称：山东金润建设咨询有限公司 地 址：德州市经济开发区长河大道1515号夏威夷综合楼19层 联系方式：王经理 电话：13969268519 3.项目联系方式 项目联系人：王经理 电 话： 13969268519,公共安全,,中国政府采购网,,,,,,61.15,"[{""序号"": ""1"", ""供应商名称"": ""中国移动通信集团山东有限公司"", ""服务名称"": ""德州市消防救援支队信息化运维项目"", ""服务范围"": ""德州市消防救援支队信息化运维项目"", ""服务要求"": ""德州市消防救援支队信息化运维项目"", ""服务时间"": ""自合同签订之日起1年，1年期满后如采购人对供应商服务满意且当年财政预算已批复运维经费时则续签合同，合同履行期限最长不超过3年。如供应商后续履约质量无法保障或者采购人采购需求发生变化，可以依法终止合同。"", ""服务标准"": ""德州市消防救援支队信息化运维项目""}]","五、李汉东、柴远斌、王盛彬（采购人代表）
采购小组成员评审结果：中国移动通信集团山东有限公司（90.28、89.28、90.78）、中国联合网络通信有限公司德州市分公司（82.50、83.50、85.00）、山东万博科技股份有限公司（70.76、75.76、75.76）、德州和珺信息科技有限公司（73.27、69.77、70.77）",0.915,中国移动通信集团山东有限公司,,,,
应急管理部消防救援局南京训练总队教研楼四楼教室课桌椅采购项目成交公告,成交公告,1214-264107355LLY,2026年09月08日 14:46,江苏省,应急管理部消防救援局南京训练总队,南京市江宁区汤山街道古泉社区排山41号,王工，025-69573188,江苏苏豪创新科技集团高科有限公司,南京市雨花台区软件大道21号苏豪国际广场北园（原舜天集团）C栋612室,"李雪,李燕，025-52875928，52875952",王工,025-69573188,"分项报价表－江苏东港家具有限公司.pdf,中小企业声明函－江苏东港家具有限公司.pdf,（发售稿）355LLY 教研楼四楼教室课桌椅采购 比选文件 第二次.pdf","[{""attach_name"": ""分项报价表－江苏东港家具有限公司.pdf"", ""attach_url"": ""https://download.ccgp.gov.cn/oss/download?uuid=9210494AC6510B984C3A253422F661""}, {""attach_name"": ""中小企业声明函－江苏东港家具有限公司.pdf"", ""attach_url"": ""https://download.ccgp.gov.cn/oss/download?uuid=623C1BD541A3D9EF57F4B311757185""}, {""attach_name"": ""（发售稿）355LLY 教研楼四楼教室课桌椅采购 比选文件 第二次.pdf"", ""attach_url"": ""https://download.ccgp.gov.cn/oss/download?uuid=D181735822CD21694660E2A18C8F56""}]",https://www.ccgp.gov.cn/cggg/zygg/cjgg/202609/t20260908_27285940.htm,2026-09-10 09:36:08,"一、项目编号：1214-264107355LLY（招标文件编号：1214-264107355LLY） 二、项目名称：应急管理部消防救援局南京训练总队教研楼四楼教室课桌椅采购项目 三、中标（成交）信息 供应商名称：江苏东港家具有限公司供应商地址：宿迁高新技术产业开发区香山路80号中标（成交）金额：19.7280000（万元）四、主要标的信息 序号    供应商名称      货物名称      货物品牌      货物型号      货物数量      货物单价(元)   1    江苏东港家具有限公司      梯形培训桌等      中山市东港家具制造有限公司      TXPXZ-01、800x500x300mm/张x6张组合一个六边桌/组等      一批      197280                 五、评审专家（单一来源采购人员）名单： 胡海宁、曾仁艳、于海（采购人代表） 六、代理服务收费标准及金额： 本项目代理费收费标准：成交供应商参考计价格[2002]1980号文件中货物类计费标准的60%向代理机构支付比选服务费（低于叁仟元按叁仟元收取） 本项目代理费总金额：0.300000 万元（人民币） 七、公告期限 自本公告发布之日起1个工作日。 八、其它补充事宜 供应商或者其他利害关系人对评审结果有异议的，应当在成交结果公示期间提出。采购人将在收到异议之日起3日内作出答复；作出答复前，将暂停比选响应活动。 九、凡对本次公告内容提出询问，请按以下方式联系。 1.采购人信息 名 称：应急管理部消防救援局南京训练总队 地址：南京市江宁区汤山街道古泉社区排山41号 联系方式：王工，025-69573188 2.采购代理机构信息 名 称：江苏苏豪创新科技集团高科有限公司 地 址：南京市雨花台区软件大道21号苏豪国际广场北园（原舜天集团）C栋612室 联系方式：李雪,李燕，025-52875928，52875952 3.项目联系方式 项目联系人：王工 电 话： 025-69573188",公共安全,,中国政府采购网,,,,,,19.728,"[{""序号"": ""1"", ""供应商名称"": ""江苏东港家具有限公司"", ""货物名称"": ""梯形培训桌等"", ""货物品牌"": ""中山市东港家具制造有限公司"", ""货物型号"": ""TXPXZ-01、800x500x300mm/张x6张组合一个六边桌/组等"", ""货物数量"": ""一批"", ""货物单价(元)"": ""197280""}]",胡海宁、曾仁艳、于海（采购人代表）,0.3,江苏东港家具有限公司,,,,
云浮市消防救援支队本级饭堂2026—2027年度食材配送定点服务采购项目成交公告,成交公告,GDYH-2026-0005,2026年09月08日 14:41,云浮市,云浮市消防救援支队,云浮市云城区环市中路188号,潘先生、0766-8898016,广东亿弘工程管理有限公司,云浮市市区金山路130号第五层,陈先生、0766-7380339,潘先生,0766-8898016,中小企业声明函.pdf,"[{""attach_name"": ""中小企业声明函.pdf"", ""attach_url"": ""https://download.ccgp.gov.cn/oss/download?uuid=96846DF05383547ED6788B33229E8E""}]",https://www.ccgp.gov.cn/cggg/zygg/cjgg/202609/t20260908_27285890.htm,2026-09-10 09:36:08,一、项目编号：GDYH-2026-0005（招标文件编号：GDYH-2026-0005） 二、项目名称：云浮市消防救援支队本级饭堂2026—2027年度食材配送定点服务采购项目 三、中标（成交）信息 供应商名称：云浮市食新鲜农副产品有限公司供应商地址：云浮市市区环市西路恒大城第19幢第十四层1402号包组或产品名称：2026—2027年度食材配送定点服务采购项目折扣率(%)：98.0000000四、主要标的信息 序号    供应商名称      服务名称      服务范围      服务要求      服务时间      服务标准   1    云浮市食新鲜农副产品有限公司      云浮市消防救援支队本级饭堂2026—2027年度食材配送定点服务采购项目      支队机关饭堂：云浮市云城区环市中路200号； 云都大道特勤站饭堂：云浮市云安区云都大道与文华路交叉口西北100米； 战勤保障饮食供应点位：根据支队现场演练、跨区域救援任务部署地点临时确定；      按磋商文件要求执行      服务周期1年，服务起止时间：自签订服务合同之日起计算。      按磋商文件要求执行                 五、评审专家（单一来源采购人员）名单： 张祥磊、蓝丽敏、李锦枫 六、代理服务收费标准及金额： 本项目代理费收费标准：参照中华人民共和国国家发展计划委员会颁发的计价格[2002]1980号、国家发改委[2003]857号及发改价格[2011]534号文规定的“服务类”计算。 本项目代理费总金额：1.845580 万元（人民币） 七、公告期限 自本公告发布之日起1个工作日。 八、其它补充事宜 序号 供应商名称 商务 得分 技术 得分 价格 得分 综合 得分 排名 1 云浮市益云供应链管理有限公司 45.00 38.00 9.55 92.55 2 2 云浮市食新鲜农副产品有限公司 45.00 41.00 8.96 94.96 1 3 云浮市安膳后勤服务有限公司 45.00 33.00 10.00 88.00 3 4 云浮市丰膳供应链管理有限公司 24.00 22.67 8.92 55.59 5 5 云浮华盈农副产品有限公司 35.00 20.00 9.25 64.25 4 九、凡对本次公告内容提出询问，请按以下方式联系。 1.采购人信息 名 称：云浮市消防救援支队 地址：云浮市云城区环市中路188号 联系方式：潘先生、0766-8898016 2.采购代理机构信息 名 称：广东亿弘工程管理有限公司 地 址：云浮市市区金山路130号第五层 联系方式：陈先生、0766-7380339 3.项目联系方式 项目联系人：潘先生 电 话： 0766-8898016,公共安全,,中国政府采购网,,,,,,0.0,"[{""序号"": ""1"", ""供应商名称"": ""云浮市食新鲜农副产品有限公司"", ""服务名称"": ""云浮市消防救援支队本级饭堂2026—2027年度食材配送定点服务采购项目"", ""服务范围"": ""支队机关饭堂：云浮市云城区环市中路200号；\t\t\t云都大道特勤站饭堂：云浮市云安区云都大道与文华路交叉口西北100米；\t\t\t战勤保障饮食供应点位：根据支队现场演练、跨区域救援任务部署地点临时确定；"", ""服务要求"": ""按磋商文件要求执行"", ""服务时间"": ""服务周期1年，服务起止时间：自签订服务合同之日起计算。"", ""服务标准"": ""按磋商文件要求执行""}, {""序号"": ""1"", ""供应商名称"": ""云浮市益云供应链管理有限公司"", ""商务\t\t\t得分"": ""45.00"", ""技术\t\t\t得分"": ""38.00"", ""价格\t\t\t得分"": ""9.55"", ""综合\t\t\t得分"": ""92.55"", ""排名"": ""2""}, {""序号"": ""2"", ""供应商名称"": ""云浮市食新鲜农副产品有限公司"", ""商务\t\t\t得分"": ""45.00"", ""技术\t\t\t得分"": ""41.00"", ""价格\t\t\t得分"": ""8.96"", ""综合\t\t\t得分"": ""94.96"", ""排名"": ""1""}, {""序号"": ""3"", ""供应商名称"": ""云浮市安膳后勤服务有限公司"", ""商务\t\t\t得分"": ""45.00"", ""技术\t\t\t得分"": ""33.00"", ""价格\t\t\t得分"": ""10.00"", ""综合\t\t\t得分"": ""88.00"", ""排名"": ""3""}, {""序号"": ""4"", ""供应商名称"": ""云浮市丰膳供应链管理有限公司"", ""商务\t\t\t得分"": ""24.00"", ""技术\t\t\t得分"": ""22.67"", ""价格\t\t\t得分"": ""8.92"", ""综合\t\t\t得分"": ""55.59"", ""排名"": ""5""}, {""序号"": ""5"", ""供应商名称"": ""云浮华盈农副产品有限公司"", ""商务\t\t\t得分"": ""35.00"", ""技术\t\t\t得分"": ""20.00"", ""价格\t\t\t得分"": ""9.25"", ""综合\t\t\t得分"": ""64.25"", ""排名"": ""4""}]",张祥磊、蓝丽敏、李锦枫,1.84558,云浮市食新鲜农副产品有限公司、云浮市益云供应链管理有限公司、云浮市安膳后勤服务有限公司、云浮市丰膳供应链管理有限公司、云浮华盈农副产品有限公司,,,,
药具管理中心2026年度信息系统等级保护测评及密码测评项目成交公告,成交公告,TC260308S,2026年09月08日 14:38,北京市,国家卫生健康委药具管理中心,北京市海淀区皂君庙甲14号,李老师 010-62116622,中招国际招标有限公司,北京市海淀区学院南路62号，中关村资本大厦6层601C,曹宁、刘子清、冯佳义、李艳君、侯云燕 010-62108066、62108131、62108146、62108111,曹宁、刘子清、冯佳义、李艳君,010-62108066、62108131、62108146、62108111,磋商文件 药具管理中心2026年度信息系统等级保护测评及密码测评项目 0824 发出.pdf,"[{""attach_name"": ""磋商文件 药具管理中心2026年度信息系统等级保护测评及密码测评项目 0824 发出.pdf"", ""attach_url"": ""https://download.ccgp.gov.cn/oss/download?uuid=CBB4A459C65B2A1C6A1A0A4FD9E7EF""}]",https://www.ccgp.gov.cn/cggg/zygg/cjgg/202609/t20260908_27285873.htm,2026-09-10 09:36:09,一、项目编号：TC260308S（招标文件编号：TC260308S） 二、项目名称：药具管理中心2026年度信息系统等级保护测评及密码测评项目 三、中标（成交）信息 供应商名称：中科信息安全共性技术国家工程研究中心有限公司供应商地址：北京市海淀区中关村大街19号16层B1601、B1602、B1603、B1605中标（成交）金额：44.0000000（万元）四、主要标的信息 序号    供应商名称      服务名称      服务范围      服务要求      服务时间      服务标准   1    中科信息安全共性技术国家工程研究中心有限公司      信息系统等级保护测评及密码测评      按磋商文件要求      按磋商文件要求      2026年11月30日前，提交《信息系统差距分析报告》、《信息系统整改建议方案》、《信息系统等级保护测评报告》。其他成果应于2027年6月30日前完成交付      按磋商文件要求                 五、评审专家（单一来源采购人员）名单： 孙琳、徐旭东、张玉富 六、代理服务收费标准及金额： 本项目代理费收费标准：按磋商文件要求 本项目代理费总金额：0.800000 万元（人民币） 七、公告期限 自本公告发布之日起1个工作日。 八、其它补充事宜 成交供应商中科信息安全共性技术国家工程研究中心有限公司评审得分为91.93分。 九、凡对本次公告内容提出询问，请按以下方式联系。 1.采购人信息 名 称：国家卫生健康委药具管理中心 地址：北京市海淀区皂君庙甲14号 联系方式：李老师 010-62116622 2.采购代理机构信息 名 称：中招国际招标有限公司 地 址：北京市海淀区学院南路62号，中关村资本大厦6层601C 联系方式：曹宁、刘子清、冯佳义、李艳君、侯云燕 010-62108066、62108131、62108146、62108111 3.项目联系方式 项目联系人：曹宁、刘子清、冯佳义、李艳君、侯云燕 电 话： 010-62108066、62108131、62108146、62108111,医疗卫生,,中国政府采购网,,,,,,44.0,"[{""序号"": ""1"", ""供应商名称"": ""中科信息安全共性技术国家工程研究中心有限公司"", ""服务名称"": ""信息系统等级保护测评及密码测评"", ""服务范围"": ""按磋商文件要求"", ""服务要求"": ""按磋商文件要求"", ""服务时间"": ""2026年11月30日前，提交《信息系统差距分析报告》、《信息系统整改建议方案》、《信息系统等级保护测评报告》。其他成果应于2027年6月30日前完成交付"", ""服务标准"": ""按磋商文件要求""}]",孙琳、徐旭东、张玉富,0.8,中科信息安全共性技术国家工程研究中心有限公司,,,,
绵阳市消防救援支队车辆维修保养服务项目成交公告,成交公告,SCZB20260729,2026年09月08日 14:31,涪城区,绵阳市消防救援支队,绵阳市涪城区御营坝御安街3号,王老师       13890190882,四川座标工程项目管理有限公司,绵阳市涪城区御安街10号凯越诗蓝·御营广场2单元（B座）6楼1-11、31、32号）,曾女士      0816-2389539,曾女士,0816-2389539,,,https://www.ccgp.gov.cn/cggg/zygg/cjgg/202609/t20260908_27285765.htm,2026-09-10 09:36:09,一、项目编号：SCZB20260729号（招标文件编号：SCZB20260729号） 二、项目名称：绵阳市消防救援支队车辆维修保养服务项目 三、中标（成交）信息 供应商名称：绵阳双丰金刚汽车销售服务有限公司供应商地址：绵阳科创区八角南路东段1号中标（成交）金额：60.0000000（万元）四、主要标的信息 序号    供应商名称      服务名称      服务范围      服务要求      服务时间      服务标准   1    绵阳双丰金刚汽车销售服务有限公司      绵阳市消防救援支队车辆维修保养服务项目      详见磋商文件      按照磋商文件要求执行      3年，合同一年一签      按照磋商文件要求标准执行                 五、评审专家（单一来源采购人员）名单： 姜娅娅 侯川民 樊凯（采购人代表） 六、代理服务收费标准及金额： 本项目代理费收费标准：本项目代理服务费根据委托代理协议约定，参照国家发改委“计价格[2002]1980号”和“发改办价格[2003]857号”文件规定的收费标准三年合计的中标（成交）金额下浮10%收取，由成交供应商在领取成交通知书时一次性支付。 本项目代理费总金额：1.926000 万元（人民币） 七、公告期限 自本公告发布之日起1个工作日。 八、其它补充事宜 中标供应商：绵阳双丰金刚汽车销售服务有限公司成交金额：工时费下浮：20%     维修材料上浮：10% 九、凡对本次公告内容提出询问，请按以下方式联系。 1.采购人信息 名 称：绵阳市消防救援支队 地址：绵阳市涪城区御营坝御安街3号 联系方式：王老师 13890190882 2.采购代理机构信息 名 称：四川座标工程项目管理有限公司 地 址：绵阳市涪城区御安街10号凯越诗蓝·御营广场2单元（B座）6楼1-11、31、32号） 联系方式：曾女士 0816-2389539 3.项目联系方式 项目联系人：曾女士 电 话： 0816-2389539,公共安全,,中国政府采购网,,,,,,60.0,"[{""序号"": ""1"", ""供应商名称"": ""绵阳双丰金刚汽车销售服务有限公司"", ""服务名称"": ""绵阳市消防救援支队车辆维修保养服务项目"", ""服务范围"": ""详见磋商文件"", ""服务要求"": ""按照磋商文件要求执行"", ""服务时间"": ""3年，合同一年一签"", ""服务标准"": ""按照磋商文件要求标准执行""}]",姜娅娅   侯川民    樊凯（采购人代表）,1.926,绵阳双丰金刚汽车销售服务有限公司,,,,
药具管理中心2026年度机房设备及运行系统维保项目成交公告,成交公告,TC260308T,2026年09月08日 14:31,北京市,国家卫生健康委药具管理中心,北京市海淀区皂君庙甲14号,李老师 010-62116622,中招国际招标有限公司,北京市海淀区学院南路62号，中关村资本大厦6层601C,曹宁、刘子清、冯佳义、李艳君、侯云燕 010-62108066、62108131、62108146、62108111,曹宁、刘子清、冯佳义、李艳君,010-62108066、62108131、62108146、62108111,"磋商文件（发布稿）-药具管理中心2026年度机房设备及运行系统维保项目 0824.pdf,中小企业声明.pdf","[{""attach_name"": ""磋商文件（发布稿）-药具管理中心2026年度机房设备及运行系统维保项目 0824.pdf"", ""attach_url"": ""https://download.ccgp.gov.cn/oss/download?uuid=438B52FC1ED42EF91C07692E4BEB0E""}, {""attach_name"": ""中小企业声明.pdf"", ""attach_url"": ""https://download.ccgp.gov.cn/oss/download?uuid=BA4A66D4C2CD9F353AE9961661785D""}]",https://www.ccgp.gov.cn/cggg/zygg/cjgg/202609/t20260908_27285763.htm,2026-09-10 09:36:10,一、项目编号：TC260308T（招标文件编号：TC260308T） 二、项目名称：药具管理中心2026年度机房设备及运行系统维保项目 三、中标（成交）信息 供应商名称：北京正群欣世信息技术有限公司供应商地址：北京市海淀区中关村东路66号1号楼23层2706中标（成交）金额：43.7358000（万元）四、主要标的信息 序号    供应商名称      服务名称      服务范围      服务要求      服务时间      服务标准   1    北京正群欣世信息技术有限公司      机房设备及运行系统维保      按磋商文件要求      按磋商文件要求      2026年10月11日起至2027年10月10日止      按磋商文件要求                 五、评审专家（单一来源采购人员）名单： 冯海旗、贾国祥、吴爱中 六、代理服务收费标准及金额： 本项目代理费收费标准：按磋商文件要求 本项目代理费总金额：0.800000 万元（人民币） 七、公告期限 自本公告发布之日起1个工作日。 八、其它补充事宜 成交供应商北京正群欣世信息技术有限公司评审得分为90.67分。 九、凡对本次公告内容提出询问，请按以下方式联系。 1.采购人信息 名 称：国家卫生健康委药具管理中心 地址：北京市海淀区皂君庙甲14号 联系方式：李老师 010-62116622 2.采购代理机构信息 名 称：中招国际招标有限公司 地 址：北京市海淀区学院南路62号，中关村资本大厦6层601C 联系方式：曹宁、刘子清、冯佳义、李艳君、侯云燕 010-62108066、62108131、62108146、62108111 3.项目联系方式 项目联系人：曹宁、刘子清、冯佳义、李艳君、侯云燕 电 话： 010-62108066、62108131、62108146、62108111,医疗卫生,,中国政府采购网,,,,,,43.7358,"[{""序号"": ""1"", ""供应商名称"": ""北京正群欣世信息技术有限公司"", ""服务名称"": ""机房设备及运行系统维保"", ""服务范围"": ""按磋商文件要求"", ""服务要求"": ""按磋商文件要求"", ""服务时间"": ""2026年10月11日起至2027年10月10日止"", ""服务标准"": ""按磋商文件要求""}]",冯海旗、贾国祥、吴爱中,0.8,北京正群欣世信息技术有限公司,,,,
四川省成都市崇州市消防救援大队2026年人员健康体检服务项目成交公告,成交公告,RYZX-C-26-174,2026年09月08日 14:30,崇州市,崇州市消防救援大队,成都市崇州市怀远街180号,17761274601,四川荣宜工程咨询有限公司,四川省成都市金牛区蜀西路48号西城国际1702号,028-61998082,贾老师,028-61998082,,,https://www.ccgp.gov.cn/cggg/zygg/cjgg/202609/t20260908_27285767.htm,2026-09-10 09:36:11,"一、项目编号：RYZX-C-26-174（招标文件编号：RYZX-C-26-174） 二、项目名称：四川省成都市崇州市消防救援大队2026年人员健康体检服务项目 三、中标（成交）信息 供应商名称：成都锦江美年大健康维康体检门诊部有限公司供应商地址：成都市锦江区静居寺路20号科源种子大厦中标（成交）金额：43.4796000（万元）四、主要标的信息 序号    供应商名称      服务名称      服务范围      服务要求      服务时间      服务标准   1    成都锦江美年大健康维康体检门诊部有限公司      四川省成都市崇州市消防救援大队2026年人员健康体检服务项目      为确保成都市崇州市消防救援大队人员身体健康、及早发现、预防和治疗疾病，拟对单位职工进行健康检查，以达到对疾病的早发现、早诊断、早治疗、早预防。      四川省成都市崇州市消防救援大队2026年人员健康体检服务      具体体检时间安排以采购人通知为准。      供应商与采购人应严格参照《财政部关于进一步加强政府采购需求和履约验收管理的指导意见》（财库〔2016〕205号）的要求执行。                 五、评审专家（单一来源采购人员）名单： 华梅、谢益康、周莉（采购人） 六、代理服务收费标准及金额： 本项目代理费收费标准：由采购代理机构根据“四川省政府采购营商环境指标提升专项行动工作方案”中“成本+合理利润”原则收取5000元,由成交供成商在领取成交通知书前向采购代理机构一次性支付。 本项目代理费总金额：0.500000 万元（人民币） 七、公告期限 自本公告发布之日起1个工作日。 八、其它补充事宜 成交供应商：成都锦江美年大健康维康体检门诊部有限公司地址：成都市锦江区静居寺路20号科源种子大厦成交单价金额：1907元/人（大写人民币：壹仟玖佰零柒元整）注：最终结算以实际体检人数和成交单价据实结算。 九、凡对本次公告内容提出询问，请按以下方式联系。 1.采购人信息 名 称：崇州市消防救援大队 地址：成都市崇州市怀远街180号 联系方式：17761274601 2.采购代理机构信息 名 称：四川荣宜工程咨询有限公司 地 址：四川省成都市金牛区蜀西路48号西城国际1702号 联系方式：028-61998082 3.项目联系方式 项目联系人：贾老师 电 话： 028-61998082",公共安全,,中国政府采购网,,,,,,43.4796,"[{""序号"": ""1"", ""供应商名称"": ""成都锦江美年大健康维康体检门诊部有限公司"", ""服务名称"": ""四川省成都市崇州市消防救援大队2026年人员健康体检服务项目"", ""服务范围"": ""为确保成都市崇州市消防救援大队人员身体健康、及早发现、预防和治疗疾病，拟对单位职工进行健康检查，以达到对疾病的早发现、早诊断、早治疗、早预防。"", ""服务要求"": ""四川省成都市崇州市消防救援大队2026年人员健康体检服务"", ""服务时间"": ""具体体检时间安排以采购人通知为准。"", ""服务标准"": ""供应商与采购人应严格参照《财政部关于进一步加强政府采购需求和履约验收管理的指导意见》（财库〔2016〕205号）的要求执行。""}]",华梅、谢益康、周莉（采购人）,0.5,成都锦江美年大健康维康体检门诊部有限公司,,,,
中南民族大学游泳馆改造工程锅炉设备采购项目三次成交结果公告,成交公告,HBCN-B-2026-009/HBCN-202607-253,2026年09月08日 14:30,武汉市,中南民族大学,湖北省武汉市洪山区民族大道182号,张老师/027-67841949,湖北诚诺项目管理有限公司,武汉市洪山区欢乐大道9号正堂时代写字楼1007室,刘桢、胡芬、刘宁、周晓、刘倩、黄莉、027-88721008、17764009308,刘桢、胡芬、刘宁、周晓、刘倩,027-88721008、17764009308,中小企业声明函.pdf,"[{""attach_name"": ""中小企业声明函.pdf"", ""attach_url"": ""https://download.ccgp.gov.cn/oss/download?uuid=D4A65D8AA2CAC7FEA70F9A9E398ACA""}]",https://www.ccgp.gov.cn/cggg/zygg/cjgg/202609/t20260908_27285761.htm,2026-09-10 09:36:11,一、项目编号：HBCN-B-2026-009/HBCN-202607-253（招标文件编号：HBCN-B-2026-009/HBCN-202607-253） 二、项目名称：中南民族大学游泳馆改造工程锅炉设备采购项目 三、中标（成交）信息 供应商名称：重庆东洋锅炉有限公司供应商地址：重庆市南岸区茶园新城区牡丹路22号中标（成交）金额：58.3600000（万元）四、主要标的信息 序号    供应商名称      货物名称      货物品牌      货物型号      货物数量      货物单价(元)   1    重庆东洋锅炉有限公司      核心产品名称：全自动燃气热水锅炉(天然气)      核心产品品牌：重庆东洋锅炉有限公司      核心产品型号：CWNS1.16-85/60-YQ      核心产品数量：2台      核心产品单价：192000元                 五、评审专家（单一来源采购人员）名单： 别亚勇（组长）、胡继锋、容晓欢（采购人代表） 六、代理服务收费标准及金额： 本项目代理费收费标准：参照原“发改价格〔2011〕534 号 ”和“计价格〔2002〕1980 号 ”文件规定标准，以成交金额为基数按差额定率累进计费方式的 70%收取，不足4000元的按4000元计。 本项目代理费总金额：0.612780 万元（人民币） 七、公告期限 自本公告发布之日起1个工作日。 八、其它补充事宜 1.各有关当事人对中标结果有异议的，可以在本公告发布后7个工作日内以书面形式向湖北诚诺项目管理有限公司提出质疑，逾期将不再受理。2.本项目采用综合评分法，成交供应商重庆东洋锅炉有限公司的评审总得分为95.13分。 九、凡对本次公告内容提出询问，请按以下方式联系。 1.采购人信息 名 称：中南民族大学 地址：湖北省武汉市洪山区民族大道182号 联系方式：张老师/027-67841949 2.采购代理机构信息 名 称：湖北诚诺项目管理有限公司 地 址：武汉市洪山区欢乐大道9号正堂时代写字楼1007室 联系方式：刘桢、胡芬、刘宁、周晓、刘倩、黄莉、027-88721008、17764009308 3.项目联系方式 项目联系人：刘桢、胡芬、刘宁、周晓、刘倩、黄莉 电话：027-88721008、17764009308 电 话： 027-88721008、17764009308,教育培训,,中国政府采购网,,,,,,58.36,"[{""序号"": ""1"", ""供应商名称"": ""重庆东洋锅炉有限公司"", ""货物名称"": ""核心产品名称：全自动燃气热水锅炉(天然气)"", ""货物品牌"": ""核心产品品牌：重庆东洋锅炉有限公司"", ""货物型号"": ""核心产品型号：CWNS1.16-85/60-YQ"", ""货物数量"": ""核心产品数量：2台"", ""货物单价(元)"": ""核心产品单价：192000元""}]",别亚勇（组长）、胡继锋、容晓欢（采购人代表）,0.61278,重庆东洋锅炉有限公司,,,,
国家知识产权局商标局马德里商标国际注册翻译项目成交公告,成交公告,0701-264103170410,2026年09月08日 14:26,北京市,国家知识产权局商标局,北京市西城区茶马南街1号中国商标大楼,高老师  010-63219373,中技国际招标有限公司,北京市丰台区西营街1号院通用时代中心C座9层,陈瑜 010-81168647/13911871664,陈瑜,13911871664,"中小企业声明函.png,竞争性磋商文件-马德里商标国际注册翻译项目.pdf,推荐意见.pdf","[{""attach_name"": ""中小企业声明函.png"", ""attach_url"": ""https://download.ccgp.gov.cn/oss/download?uuid=117D3E736B30AF5C6B3FE0F4A2A1EA""}, {""attach_name"": ""竞争性磋商文件-马德里商标国际注册翻译项目.pdf"", ""attach_url"": ""https://download.ccgp.gov.cn/oss/download?uuid=8D242EDC6215C5F4A4083C5525522D""}, {""attach_name"": ""推荐意见.pdf"", ""attach_url"": ""https://download.ccgp.gov.cn/oss/download?uuid=E1CA5FFBAC79A8406CD49BB22AF9DA""}]",https://www.ccgp.gov.cn/cggg/zygg/cjgg/202609/t20260908_27285704.htm,2026-09-10 09:36:12,一、项目编号：0701-264103170410（招标文件编号：0701-264103170410） 二、项目名称：国家知识产权局商标局马德里商标国际注册翻译项目 三、中标（成交）信息 供应商名称：中国专利信息中心供应商地址：国家知识产权局科学城办公区4号楼（北京市昌平区朱辛庄中路）中标（成交）金额：120.4500000（万元）四、主要标的信息 序号    供应商名称      服务名称      服务范围      服务要求      服务时间      服务标准   1    中国专利信息中心      国家知识产权局商标局马德里商标国际注册翻译项目      把指定中国的马德里国际注册领土延伸件笔译成中文。笔译的内容包括：指定颜色、商标具体说明、放弃专用权、优先权信息、商品和服务。源语言为法文或英文，目标语言为中文。此外，该项目要将源语言为英文的MGS新增商品和服务项目翻译成中文；要将国际注册部门指定的有关商标业务、政策、国际交流等方面的材料由中文翻译成英文或由英文翻译为中文。      （一）忠实性原则，译文应忠实原文，完整、准确地表达商标申请人的信息，无核心语义差错；（二）规范性原则，译文应符合汉语语言文字规范和表达习惯，行文清晰易懂并符合商标局要求的语言风格，严格执行商标局规定的专用表述；（三）一致性原则，译文应做到术语统一，术语要符合《类似商品和服务区分表》及各行业专业通用标准，并与以前的翻译表述保持前后一致；（四）延续性原则，由于本项目是延续性项目，翻译风格和专用表述必须与以前的语言风格保持一致。      1年，2026年10月1日至2027年9月30日。      执行中华人民共和国国家标准《翻译服务规范第 1 部分：笔译(GB/T 19363.1-2022)》、中华人民共和国国家标准《翻译服务译文质量要求(GB/T 19682-2005)》；如后续国家发布上述标注的更新版本，按最新有效版本执行。                 五、评审专家（单一来源采购人员）名单： 王昕、周淑芬、刘沛 六、代理服务收费标准及金额： 本项目代理费收费标准：中标服务费以本项目成交金额作为收费的计算基数，参照国家发展计划委员会《招标代理服务收费管理暂行办法》（计价格[2002]1980号）和《国家发展改革委办公厅关于招标代理服务收费有关问题的通知》（发改办价格[2003]857号）。计算方法和标准，按成交金额差额定率累进法计算。 本项目代理费总金额：1.663600 万元（人民币） 七、公告期限 自本公告发布之日起1个工作日。 八、其它补充事宜 成交供应商综合排名：第一成交供应商综合评审总得分：90.69  九、凡对本次公告内容提出询问，请按以下方式联系。 1.采购人信息 名 称：国家知识产权局商标局 地址：北京市西城区茶马南街1号中国商标大楼 联系方式：高老师 010-63219373 2.采购代理机构信息 名 称：中技国际招标有限公司 地 址：北京市丰台区西营街1号院通用时代中心C座9层 联系方式：陈瑜 010-81168647/13911871664 3.项目联系方式 项目联系人：陈瑜 电 话： 13911871664,其他,,中国政府采购网,,,,,,120.45,"[{""序号"": ""1"", ""供应商名称"": ""中国专利信息中心"", ""服务名称"": ""国家知识产权局商标局马德里商标国际注册翻译项目"", ""服务范围"": ""把指定中国的马德里国际注册领土延伸件笔译成中文。笔译的内容包括：指定颜色、商标具体说明、放弃专用权、优先权信息、商品和服务。源语言为法文或英文，目标语言为中文。此外，该项目要将源语言为英文的MGS新增商品和服务项目翻译成中文；要将国际注册部门指定的有关商标业务、政策、国际交流等方面的材料由中文翻译成英文或由英文翻译为中文。"", ""服务要求"": ""（一）忠实性原则，译文应忠实原文，完整、准确地表达商标申请人的信息，无核心语义差错；（二）规范性原则，译文应符合汉语语言文字规范和表达习惯，行文清晰易懂并符合商标局要求的语言风格，严格执行商标局规定的专用表述；（三）一致性原则，译文应做到术语统一，术语要符合《类似商品和服务区分表》及各行业专业通用标准，并与以前的翻译表述保持前后一致；（四）延续性原则，由于本项目是延续性项目，翻译风格和专用表述必须与以前的语言风格保持一致。"", ""服务时间"": ""1年，2026年10月1日至2027年9月30日。"", ""服务标准"": ""执行中华人民共和国国家标准《翻译服务规范第 1 部分：笔译(GB/T 19363.1-2022)》、中华人民共和国国家标准《翻译服务译文质量要求(GB/T 19682-2005)》；如后续国家发布上述标注的更新版本，按最新有效版本执行。""}]",王昕、周淑芬、刘沛,1.6636,中国专利信息中心,,,,
仪征市消防救援大队新城专职站正规化改造项目(二次)成交公告,成交公告,DFHXCG-2026070,2026年09月08日 14:18,仪征市,仪征市消防救援大队,仪征市沿山河东路9号,郑先生  15358568559,东方华星建设管理（江苏）有限公司,扬州市邗江中路371号沿街办公5楼,花建祥 0514-82885573,花建祥,051482885573,"采购文件-仪征市消防救援大队新城专职站正规化改造项目（二次）.docx,中小企业声明函.pdf","[{""attach_name"": ""采购文件-仪征市消防救援大队新城专职站正规化改造项目（二次）.docx"", ""attach_url"": ""https://download.ccgp.gov.cn/oss/download?uuid=B7F749DDBD40B95EA68EFC7C077D46""}, {""attach_name"": ""中小企业声明函.pdf"", ""attach_url"": ""https://download.ccgp.gov.cn/oss/download?uuid=E488A6411E694136B005A8C251C1C7""}]",https://www.ccgp.gov.cn/cggg/zygg/cjgg/202609/t20260908_27285650.htm,2026-09-10 09:36:12,一、项目编号：DFHXCG-2026070号（招标文件编号：DFHXCG-2026070号） 二、项目名称：仪征市消防救援大队新城专职站正规化改造项目(二次) 三、中标（成交）信息 供应商名称：江苏古宸建设有限公司供应商地址：扬州市南湖巷6号中标（成交）金额：88.0000000（万元）四、主要标的信息 序号    供应商名称       工程名称       施工范围       施工工期       项目经理       执业证书   1    江苏古宸建设有限公司      仪征市消防救援大队新城专职站正规化改造项目      本次改造室内面积约862.5㎡，室外面积约765㎡主要内容包括拆除原室内装饰层，新做装饰及配套水电，室外地面硬化，室外新做停车场，室外新做景观，外墙装饰面出新工程。      75日历天      张雨贵      建筑工程专业二级建造师，苏232080902713                 五、评审专家（单一来源采购人员）名单： 王林、马卫涛、赵辉、王力、张开智 六、代理服务收费标准及金额： 本项目代理费收费标准：招标代理服务收费管理暂行办法》（计价格【2002】1980号文）工程类标准的40% 本项目代理费总金额：0.352000 万元（人民币） 七、公告期限 自本公告发布之日起1个工作日。 八、其它补充事宜 1、根据财办库[2023]243号《关于进一步提高政府采购透明度和采购效率相关事项的通知》的规定，现公布本项目成交供应商的评审总得分：90.36分。2、各有关当事人对成交结果有异议的，可以在成交结果发布次日起7个工作日内，以书面形式向东方华星建设管理（江苏）有限公司提出质疑，逾期将不再受理。3、采购公告媒体及日期：2026年08月27日公布在“中国政府采购网”4、评标日期：2026年9月7日5、评标地点：东方华星建设管理（江苏）有限公司评标室 九、凡对本次公告内容提出询问，请按以下方式联系。 1.采购人信息 名 称：仪征市消防救援大队 地址：仪征市沿山河东路9号 联系方式：郑先生 15358568559 2.采购代理机构信息 名 称：东方华星建设管理（江苏）有限公司 地 址：扬州市邗江中路371号沿街办公5楼 联系方式：花建祥 0514-82885573 3.项目联系方式 项目联系人：花建祥 电 话： 051482885573,公共安全,,中国政府采购网,,,,,,88.0,"[{""序号"": ""1"", ""供应商名称"": ""江苏古宸建设有限公司"", ""工程名称"": ""仪征市消防救援大队新城专职站正规化改造项目"", ""施工范围"": ""本次改造室内面积约862.5㎡，室外面积约765㎡主要内容包括拆除原室内装饰层，新做装饰及配套水电，室外地面硬化，室外新做停车场，室外新做景观，外墙装饰面出新工程。"", ""施工工期"": ""75日历天"", ""项目经理"": ""张雨贵"", ""执业证书"": ""建筑工程专业二级建造师，苏232080902713""}]",王林、马卫涛、赵辉、王力、张开智,0.352,江苏古宸建设有限公司,,,,
中国药科大学玄武门校区研究生大楼公共区域修缮项目成交公告,成交公告,DCGPCS033260246,2026年09月08日 14:14,南京市,中国药科大学,南京市江宁区龙眠大道639号,李老师、赵老师，联系方式：025-86185029、025-86185387,江苏建威建设管理有限公司,南京市鼓楼区芦席营68号南汽大厦7楼,董阳、冯旭明，18914796223,董阳、冯旭明,18914796223,"（发布稿）中国药科大学玄武门校区研究生大楼公共区域修缮项目竞争性磋商文件.pdf,附件一、中小企业声明函格式（南京隆鹰）.pdf","[{""attach_name"": ""（发布稿）中国药科大学玄武门校区研究生大楼公共区域修缮项目竞争性磋商文件.pdf"", ""attach_url"": ""https://download.ccgp.gov.cn/oss/download?uuid=4A2FCA972BFF529F911248FDFA91D4""}, {""attach_name"": ""附件一、中小企业声明函格式（南京隆鹰）.pdf"", ""attach_url"": ""https://download.ccgp.gov.cn/oss/download?uuid=D411655A3974985E5644E1004D4F54""}]",https://www.ccgp.gov.cn/cggg/zygg/cjgg/202609/t20260908_27285616.htm,2026-09-10 09:36:13,一、项目编号：DCGPCS033260246（校方编号）；JW2026-093（代理编号）（招标文件编号：DCGPCS033260246） 二、项目名称：中国药科大学玄武门校区研究生大楼公共区域修缮项目 三、中标（成交）信息 供应商名称：南京隆鹰装饰工程有限公司供应商地址：南京市六合区横梁街道石庙社区东吴路26号中标（成交）金额：116.0000000（万元）四、主要标的信息 序号    供应商名称       工程名称       施工范围       施工工期       项目经理       执业证书   1    南京隆鹰装饰工程有限公司      中国药科大学玄武门校区研究生大楼公共区域修缮项目      中国药科大学玄武门校区研究生大楼公共区域修缮项目所包含的修缮建筑、修缮安装工程等工作内容，具体详见磋商文件规定、工程量清单及图纸。      50日历天      朱胜楼      执业证书信息：注册编号：苏232151617686 证书编号：苏建安B（2017）1009208                 五、评审专家（单一来源采购人员）名单： 蔡旭艳、丁德广、孙伟伟（采购人代表） 六、代理服务收费标准及金额： 本项目代理费收费标准：采购代理服务费按计价[2002]1980号文规定的收费标准的40%收取，不足3000元按照3000元收取采购代理服务费，由成交供应商支付招标代理服务费。 本项目代理费总金额：0.444800 万元（人民币） 七、公告期限 自本公告发布之日起1个工作日。 八、其它补充事宜 本项目采用综合评分法，总分100分，成交供应商评审总得分：90.10分。各有关当事人对成交结果持有异议的，可以在成交结果公告发布之日起七个工作日内以书面形式向江苏建威建设管理有限公司提出质疑，逾期将不再受理。 九、凡对本次公告内容提出询问，请按以下方式联系。 1.采购人信息 名 称：中国药科大学 地址：南京市江宁区龙眠大道639号 联系方式：李老师、赵老师，联系方式：025-86185029、025-86185387 2.采购代理机构信息 名 称：江苏建威建设管理有限公司 地 址：南京市鼓楼区芦席营68号南汽大厦7楼 联系方式：董阳、冯旭明，18914796223 3.项目联系方式 项目联系人：董阳、冯旭明 电 话： 18914796223,医疗卫生,,中国政府采购网,,,,,,116.0,"[{""序号"": ""1"", ""供应商名称"": ""南京隆鹰装饰工程有限公司"", ""工程名称"": ""中国药科大学玄武门校区研究生大楼公共区域修缮项目"", ""施工范围"": ""中国药科大学玄武门校区研究生大楼公共区域修缮项目所包含的修缮建筑、修缮安装工程等工作内容，具体详见磋商文件规定、工程量清单及图纸。"", ""施工工期"": ""50日历天"", ""项目经理"": ""朱胜楼"", ""执业证书"": ""执业证书信息：注册编号：苏232151617686\t\t\t证书编号：苏建安B（2017）1009208""}]",蔡旭艳、丁德广、孙伟伟（采购人代表）,0.4448,南京隆鹰装饰工程有限公司,,,,
宝山支队2026年度CAAC无人机驾驶员培训服务项目成交公告,成交公告,,2026年09月08日 14:10,上海市,宝山区消防救援支队,上海市宝山区蕰川路2119号,王老师 021-36558110-1329,上海中世建设咨询有限公司,上海市曹杨路528弄35号（中世办公楼）,邢楠、黄梦如、叶方圆 021-62441381,邢楠、黄梦如、叶方圆,021-62441381,"成交公告.pdf,河南翔龙航空科技有限公司中小企业声明函.pdf,招案2026-2998， 宝山支队2026年度CAAC无人机驾驶员培训服务项目（竞争性磋商）定稿.pdf","[{""attach_name"": ""成交公告.pdf"", ""attach_url"": ""https://download.ccgp.gov.cn/oss/download?uuid=07371E151093EEDFC484BC5773A02C""}, {""attach_name"": ""河南翔龙航空科技有限公司中小企业声明函.pdf"", ""attach_url"": ""https://download.ccgp.gov.cn/oss/download?uuid=FCB30BC978648B5DA30EE34DBABA61""}, {""attach_name"": ""招案2026-2998， 宝山支队2026年度CAAC无人机驾驶员培训服务项目（竞争性磋商）定稿.pdf"", ""attach_url"": ""https://download.ccgp.gov.cn/oss/download?uuid=E30B2ABBC330990ADBD35F5A746FE6""}]",https://www.ccgp.gov.cn/cggg/zygg/cjgg/202609/t20260908_27285591.htm,2026-09-10 09:36:14,一、项目编号：招案2026-2998（招标文件编号：招案2026-2998） 二、项目名称：宝山支队2026年度CAAC无人机驾驶员培训服务项目 三、中标（成交）信息 供应商名称：河南翔龙航空科技有限公司供应商地址：河南省郑州市上街区金华路75号院2号楼20-1号中标（成交）金额：7.3500000（万元）四、主要标的信息 序号    供应商名称    服务名称    服务范围    服务要求    服务时间    服务标准 1    河南翔龙航空科技有限公司    CAAC无人机驾驶员培训服务    CAAC无人机驾驶员培训服务，详见本项目磋商文件及响应文件    CAAC无人机驾驶员培训服务，详见本项目磋商文件    服务期限：集中培训不少于25天    详见本项目磋商文件               五、评审专家（单一来源采购人员）名单： 陆贤华、邱永林、潘家珍 六、代理服务收费标准及金额： 本项目代理费收费标准：本项目成交人与采购人签订合同后5天内，一次性向采购代理机构支付服务费：按中标金额100万以内1.5%计取后支付（服务费低于人民币5000元的按人民币5000元收取） 本项目代理费总金额：0.500000 万元（人民币） 七、公告期限 自本公告发布之日起1个工作日。 八、其它补充事宜 本项目专家推荐理由：河南翔龙航空科技有限公司教员配备充足，安全保障和应急保障措施详细完整，培训服务方案详细，综合得分94.03分，综合排名第一。在此，谨对积极参与本项目的所有供应商表示衷心的感谢！    如对成交结果有异议，请于本公告期限届满之日起七个工作日内以书面形式向上海中世建设咨询有限公司（地址：上海市曹杨路528弄35号中世办公楼，邮编：200063，联系人：邢楠、黄梦如、叶方圆，联系电话：021-62441381）提出质疑。特此公告！ 九、凡对本次公告内容提出询问，请按以下方式联系。 1.采购人信息 名 称：宝山区消防救援支队 地址：上海市宝山区蕰川路2119号 联系方式：王老师 021-36558110-1329 2.采购代理机构信息 名 称：上海中世建设咨询有限公司 地 址：上海市曹杨路528弄35号（中世办公楼） 联系方式：邢楠、黄梦如、叶方圆 021-62441381 3.项目联系方式 项目联系人：邢楠、黄梦如、叶方圆 电 话： 021-62441381,教育培训,,中国政府采购网,,,,,,7.35,"[{""序号"": ""1"", ""供应商名称"": ""河南翔龙航空科技有限公司"", ""服务名称"": ""CAAC无人机驾驶员培训服务"", ""服务范围"": ""CAAC无人机驾驶员培训服务，详见本项目磋商文件及响应文件"", ""服务要求"": ""CAAC无人机驾驶员培训服务，详见本项目磋商文件"", ""服务时间"": ""服务期限：集中培训不少于25天"", ""服务标准"": ""详见本项目磋商文件""}]",陆贤华、邱永林、潘家珍,0.5,河南翔龙航空科技有限公司,,,,
中华人民共和国东疆出入境边防检查站办公业务用房租赁项目成交公告,成交公告,HXPMGP-2026-0704,2026年09月08日 14:07,滨海新区,中华人民共和国东疆出入境边防检查站,天津东疆综合保税区鄂尔多斯路599号B4座,陈琼琼    022-24739553,恒信项目管理（天津）有限公司,天津经济技术开发区南海路泰达新天地A2-401室,宋艳艳      022-83857788,宋艳艳,022-83857788,"东疆边防检查站办公用房租赁评审报告.pdf,边检项目采购文件0903.pdf","[{""attach_name"": ""东疆边防检查站办公用房租赁评审报告.pdf"", ""attach_url"": ""https://download.ccgp.gov.cn/oss/download?uuid=A7895EA87F125D02D071985610B052""}, {""attach_name"": ""边检项目采购文件0903.pdf"", ""attach_url"": ""https://download.ccgp.gov.cn/oss/download?uuid=AD2F84D6BDD71BAB865225EACF40B7""}]",https://www.ccgp.gov.cn/cggg/zygg/cjgg/202609/t20260908_27285574.htm,2026-09-10 09:36:14,一、项目编号：HXPMGP-2026-0704（招标文件编号：HXPMGP-2026-0704） 二、项目名称：中华人民共和国东疆出入境边防检查站办公业务用房租赁项目 三、中标（成交）信息 供应商名称：天津鼎诚置业有限公司供应商地址：天津自贸试验区（东疆综合保税区）鄂尔多斯路599号中标（成交）金额：1077.3194000（万元）四、主要标的信息 序号    供应商名称      服务名称      服务范围      服务要求      服务时间      服务标准   1    天津鼎诚置业有限公司      中华人民共和国东疆出入境边防检查站办公业务用房租赁      中华人民共和国东疆出入境边防检查站办公业务用房租赁      请详见附件      请详见附件      请详见附件                 五、评审专家（单一来源采购人员）名单： 陈琼琼、王帅、宋冬菊、李硕博、陈欣 六、代理服务收费标准及金额： 本项目代理费收费标准：依据单一来源采购文件约定收取。 本项目代理费总金额：2.000000 万元（人民币） 七、公告期限 自本公告发布之日起1个工作日。 八、其它补充事宜 无 九、凡对本次公告内容提出询问，请按以下方式联系。 1.采购人信息 名 称：中华人民共和国东疆出入境边防检查站 地址：天津东疆综合保税区鄂尔多斯路599号B4座 联系方式：陈琼琼 022-24739553 2.采购代理机构信息 名 称：恒信项目管理（天津）有限公司 地 址：天津经济技术开发区南海路泰达新天地A2-401室 联系方式：宋艳艳 022-83857788 3.项目联系方式 项目联系人：宋艳艳 电 话： 022-83857788,服务外包,,中国政府采购网,,,,,,1077.3194,"[{""序号"": ""1"", ""供应商名称"": ""天津鼎诚置业有限公司"", ""服务名称"": ""中华人民共和国东疆出入境边防检查站办公业务用房租赁"", ""服务范围"": ""中华人民共和国东疆出入境边防检查站办公业务用房租赁"", ""服务要求"": ""请详见附件"", ""服务时间"": ""请详见附件"", ""服务标准"": ""请详见附件""}]",陈琼琼、王帅、宋冬菊、李硕博、陈欣,2.0,天津鼎诚置业有限公司,,,,
江西中廷项目管理有限公司关于南昌铁路公安局赣州公安处的赣州铁路公安处勘查检验装备（项目编号：JXZT2026-GZ-TG001-2）公开招标的中标结果公告,成交公告,JXZT2026-GZ-TG001-2,2026年09月08日 13:07,赣州市,南昌铁路公安局赣州公安处,赣州市章贡区沙河镇五洲大道6号,石先生19079953831,江西中廷项目管理有限公司,赣州市章贡区华润大厦B座1102室,温家睿15507082996,温家睿,15507082996,,,https://www.ccgp.gov.cn/cggg/zygg/cjgg/202609/t20260908_27285374.htm,2026-09-10 09:36:15,一、项目编号：JXZT2026-GZ-TG001-2（招标文件编号：JXZT2026-GZ-TG001-2） 二、项目名称：赣州铁路公安处勘查检验装备 三、中标（成交）信息 供应商名称：江西弘方安防科技有限公司供应商地址：江西省南昌市青山湖区北京东路339号8090创客产业园7号楼211室中标（成交）金额：39.9800000（万元）四、主要标的信息 序号    供应商名称      货物名称      货物品牌      货物型号      货物数量      货物单价(元)   1    江西弘方安防科技有限公司      详见一览明细表      详见一览明细表      详见一览明细表      详见一览明细表      详见一览明细表                 五、评审专家（单一来源采购人员）名单： 蔡定建、陈庆信、黄名灯、许资亮、李栋 六、代理服务收费标准及金额： 本项目代理费收费标准：按赣招协字〔2021〕07号关于制定我省招标代理服务收费指导价的通知，本项目按7500元包干收取招标代理服务费。 本项目代理费总金额：0.750000 万元（人民币） 七、公告期限 自本公告发布之日起1个工作日。 八、其它补充事宜 1、开启时间: 2026年09月07日09:30时(北京时间);2、开启地点:江西中廷项目管理有限公司（赣州市章贡区华润大厦B座1102室）;3、评标结果：江西弘方安防科技有限公司，中标（成交）总金额：399800.00元，总得分92.92分，排序第一名 。4、各相关当事人对成交结果有异议的，可在本公告期限届满之日起七个工作日内，以书面形式提起质疑，逾期将不再受理。 九、凡对本次公告内容提出询问，请按以下方式联系。 1.采购人信息 名 称：南昌铁路公安局赣州公安处 地址：赣州市章贡区沙河镇五洲大道6号 联系方式：石先生19079953831 2.采购代理机构信息 名 称：江西中廷项目管理有限公司 地 址：赣州市章贡区华润大厦B座1102室 联系方式：温家睿15507082996 3.项目联系方式 项目联系人：温家睿 电 话： 15507082996,公共安全,,中国政府采购网,,,,,,39.98,"[{""序号"": ""1"", ""供应商名称"": ""江西弘方安防科技有限公司"", ""货物名称"": ""详见一览明细表"", ""货物品牌"": ""详见一览明细表"", ""货物型号"": ""详见一览明细表"", ""货物数量"": ""详见一览明细表"", ""货物单价(元)"": ""详见一览明细表""}]",蔡定建、陈庆信、黄名灯、许资亮、李栋,0.75,江西弘方安防科技有限公司,,,,
国家粮食和物资储备局河北局机关服务中心2026年食堂外包采购项目成交公告,成交公告,DYZB-2026-070,2026年09月08日 12:26,石家庄市,国家粮食和物资储备局河北局机关服务中心,河北省石家庄市裕华区槐安东路163号,宋君慧  0311-89251539,大宇项目管理有限公司,河北省石家庄市桥西区自强路35号庄家金融大厦29层,贾艺博 0311-86893995,贾艺博,0311-86893995,承诺函(1).pdf,"[{""attach_name"": ""承诺函(1).pdf"", ""attach_url"": ""https://download.ccgp.gov.cn/oss/download?uuid=FA8C13B4D78842DBD7C0DA118685EF""}]",https://www.ccgp.gov.cn/cggg/zygg/cjgg/202609/t20260908_27285243.htm,2026-09-10 09:36:15,一、项目编号：DYZB-2026-070（招标文件编号：DYZB-2026-070） 二、项目名称：国家粮食和物资储备局河北局机关服务中心2026年食堂外包采购项目 三、中标（成交）信息 供应商名称：中裕餐饮管理有限公司供应商地址：山东省滨州市滨城区滨北街道办事处梧桐五路91号滨州中裕食品有限公司12号楼302室中标（成交）金额：71.7480000（万元）四、主要标的信息 序号    供应商名称      服务名称      服务范围      服务要求      服务时间      服务标准   1    中裕餐饮管理有限公司      国家粮食和物资储备局河北局机关服务中心2026年食堂外包采购项目      国家粮食和物资储备局河北局机关服务中心2026年食堂外包采购      符合国家相关标准并满足项目需求      一年      符合国家相关标准并满足项目需求                 五、评审专家（单一来源采购人员）名单： 田彩娟、任尚萍（磋商小组组长）、赵永刚 六、代理服务收费标准及金额： 本项目代理费收费标准：《招标代理服务费收费管理暂行办法》（计价格[2002]1980号）标准的30%支付 本项目代理费总金额：0.322900 万元（人民币） 七、公告期限 自本公告发布之日起1个工作日。 八、其它补充事宜 注：本项目由国家粮食和物资储备局河北局机关服务中心和河北国储物流有限责任公司双方共同组织采购。 九、凡对本次公告内容提出询问，请按以下方式联系。 1.采购人信息 名 称：国家粮食和物资储备局河北局机关服务中心 地址：河北省石家庄市裕华区槐安东路163号 联系方式：宋君慧 0311-89251539 2.采购代理机构信息 名 称：大宇项目管理有限公司 地 址：河北省石家庄市桥西区自强路35号庄家金融大厦29层 联系方式：贾艺博 0311-86893995 3.项目联系方式 项目联系人：贾艺博 电 话： 0311-86893995,农林牧渔,,中国政府采购网,,,,,,71.748,"[{""序号"": ""1"", ""供应商名称"": ""中裕餐饮管理有限公司"", ""服务名称"": ""国家粮食和物资储备局河北局机关服务中心2026年食堂外包采购项目"", ""服务范围"": ""国家粮食和物资储备局河北局机关服务中心2026年食堂外包采购"", ""服务要求"": ""符合国家相关标准并满足项目需求"", ""服务时间"": ""一年"", ""服务标准"": ""符合国家相关标准并满足项目需求""}]",田彩娟、任尚萍（磋商小组组长）、赵永刚,0.3229,中裕餐饮管理有限公司,,,,
国家统计局山东调查总队财务改革工作服务项目成交公告,成交公告,SDAK-CS-2026022,2026年09月08日 12:23,山东省,国家统计局山东调查总队,济南市经四路158号,李老师、0531-51751928,山东安康建设项目管理有限公司,济南市经十路17175号,唐新华、高欠、李文玉、栾欣彦、魏艳玲、王娜  0531-88909828,唐新华、高欠、李文玉、栾欣彦,0531-88909828,发布稿  国家统计局山东调查总队财务改革工作服务项目竞争性磋商文件.pdf,"[{""attach_name"": ""发布稿  国家统计局山东调查总队财务改革工作服务项目竞争性磋商文件.pdf"", ""attach_url"": ""https://download.ccgp.gov.cn/oss/download?uuid=DAEBD0E7B6C621BC8E7E7D832891D6""}]",https://www.ccgp.gov.cn/cggg/zygg/cjgg/202609/t20260908_27285227.htm,2026-09-10 09:36:16,一、项目编号：SDAK-CS-2026022（招标文件编号：SDAK-CS-2026022） 二、项目名称：国家统计局山东调查总队财务改革工作服务项目 三、中标（成交）信息 供应商名称：山东中明会计师事务所有限公司供应商地址：山东省济南市高新区经十路8000号龙奥金座2号楼13层整层中标（成交）金额：85.8600000（万元）四、主要标的信息 序号    供应商名称      服务名称      服务范围      服务要求      服务时间      服务标准   1    山东中明会计师事务所有限公司      财务改革工作服务      详见采购文件      详见采购文件      从合同签订时间起，服务期为一年      详见采购文件                 五、评审专家（单一来源采购人员）名单： 李立先、丁战营、杨丽丽 六、代理服务收费标准及金额： 本项目代理费收费标准：本项目采购代理服务费按照山东省招标代理服务收费指导意见鲁招协(2024)13号计取；由成交单位支付给采购代理机构。 本项目代理费总金额：1.030320 万元（人民币） 七、公告期限 自本公告发布之日起1个工作日。 八、其它补充事宜 山东中明会计师事务所有限公司：综合评审得分：91.61分 九、凡对本次公告内容提出询问，请按以下方式联系。 1.采购人信息 名 称：国家统计局山东调查总队 地址：济南市经四路158号 联系方式：李老师、0531-51751928 2.采购代理机构信息 名 称：山东安康建设项目管理有限公司 地 址：济南市经十路17175号 联系方式：唐新华、高欠、李文玉、栾欣彦、魏艳玲、王娜 0531-88909828 3.项目联系方式 项目联系人：唐新华、高欠、李文玉、栾欣彦、魏艳玲、王娜 电 话： 0531-88909828,其他,,中国政府采购网,,,,,,85.86,"[{""序号"": ""1"", ""供应商名称"": ""山东中明会计师事务所有限公司"", ""服务名称"": ""财务改革工作服务"", ""服务范围"": ""详见采购文件"", ""服务要求"": ""详见采购文件"", ""服务时间"": ""从合同签订时间起，服务期为一年"", ""服务标准"": ""详见采购文件""}]",李立先、丁战营、杨丽丽,1.03032,山东中明会计师事务所有限公司,,,,
浦东新区消防救援支队2026年指战员疗养项目成交公告,成交公告,,2026年09月08日 12:03,上海市,浦东新区消防救援支队,浦东新区杜鹃路260号,王老师021-20272287,上海财瑞建设管理有限公司,上海市延安西路1319号15楼,王瑢、孙瑞声15001951689、18964609709,王瑢,15001951689,"招2026-2292_采购文件.doc,中小企业声明函.pdf","[{""attach_name"": ""招2026-2292_采购文件.doc"", ""attach_url"": ""https://download.ccgp.gov.cn/oss/download?uuid=60ED157EEF05D107D57500B7E433EE""}, {""attach_name"": ""中小企业声明函.pdf"", ""attach_url"": ""https://download.ccgp.gov.cn/oss/download?uuid=457CFEFF2BBC100DDF7897AEB3454F""}]",https://www.ccgp.gov.cn/cggg/zygg/cjgg/202609/t20260908_27285113.htm,2026-09-10 09:36:17,"一、项目编号：招2026-2292（招标文件编号：招2026-2292） 二、项目名称：浦东新区消防救援支队2026年指战员疗养项目 三、中标（成交）信息 供应商名称：上海中国青年旅行社有限公司供应商地址：上海市徐汇区衡山路2号全幢1三层3-1室中标（成交）金额：60.0000000（万元）四、主要标的信息 序号    供应商名称      服务名称      服务范围      服务要求      服务时间      服务标准   1    上海中国青年旅行社有限公司      浦东新区消防救援支队2026年指战员疗养项目      详见采购文件      详见采购文件      自合同签订之日后至2026年12月31日前完成疗养服务。      详见采购文件                 五、评审专家（单一来源采购人员）名单： 王伟春、卜丽华、戴峻峰 六、代理服务收费标准及金额： 本项目代理费收费标准：本项目的采购代理服务费由成交供应商支付：采购代理服务费参照国家计委计价格〔2002〕1980号文,关于印发《招标代理服务收费管理暂行办法》的通知收费标准规定收取，以预算金额(60万元)为计费基数，下浮20%。如按标准收费不到4000元的，按4000元计取。 本项目代理费总金额：0.720000 万元（人民币） 七、公告期限 自本公告发布之日起1个工作日。 八、其它补充事宜 1、推荐综合评分排名第一的上海中国青年旅行社有限公司为成交单位，评审总得分为88.67。2、成交人均综合单价为6000元/人；成交综合折扣率（%）为33.00%；  九、凡对本次公告内容提出询问，请按以下方式联系。 1.采购人信息 名 称：浦东新区消防救援支队 地址：浦东新区杜鹃路260号 联系方式：王老师021-20272287 2.采购代理机构信息 名 称：上海财瑞建设管理有限公司 地 址：上海市延安西路1319号15楼 联系方式：王瑢、孙瑞声15001951689、18964609709 3.项目联系方式 项目联系人：王瑢 电 话： 15001951689",公共安全,,中国政府采购网,,,,,,60.0,"[{""序号"": ""1"", ""供应商名称"": ""上海中国青年旅行社有限公司"", ""服务名称"": ""浦东新区消防救援支队2026年指战员疗养项目"", ""服务范围"": ""详见采购文件"", ""服务要求"": ""详见采购文件"", ""服务时间"": ""自合同签订之日后至2026年12月31日前完成疗养服务。"", ""服务标准"": ""详见采购文件""}]",王伟春、卜丽华、戴峻峰,0.72,上海中国青年旅行社有限公司,,,,
中华人民共和国北海出入境边防检查站2026年单警装备采购项目成交公告,成交公告,,2026年09月08日 11:59,海城区,中华人民共和国北海出入境边防检查站,广西北海市海城区北部湾西路60号，北海出入境边防检查站,韦警官，0779-3902868,详见公告正文,详见公告正文,详见公告正文,韦警官,0779-3902868,中华人民共和国北海出入境边防检查站2026年单警装备采购项目竞价文件.xlsx,"[{""attach_name"": ""中华人民共和国北海出入境边防检查站2026年单警装备采购项目竞价文件.xlsx"", ""attach_url"": ""https://download.ccgp.gov.cn/oss/download?uuid=8DBB11113D4F6EC52F1EB258807547""}]",https://www.ccgp.gov.cn/cggg/zygg/cjgg/202609/t20260908_27285083.htm,2026-09-10 09:36:17,一、项目编号：（招标文件编号：BHGJ-2026HW001） 二、项目名称：中华人民共和国北海出入境边防检查站2026年单警装备采购项目 三、中标（成交）信息 供应商名称：江苏神盾警用装备制造有限公司供应商地址：靖江市城南开发区华翔路2号中标（成交）金额：4.5575000（万元）四、主要标的信息 序号    供应商名称      货物名称      货物品牌      货物型号      货物数量      货物单价(元)   1    江苏神盾警用装备制造有限公司      警用伸缩警棍、警用手铐、催泪喷射器训练水、催泪喷射器快速激发器腰带款（内含催泪喷射剂）、警用手电、警用肩灯、急救包、 防割手套（GA614-2006标准）、水壶、警用伸缩抓捕器脚叉（GA/T1145-2014标准）、警用防暴钢叉（带电击GA/T1145-2014标准）      无      详见《中华人民共和国北海出入境边防检查站2026年单警装备采购项目竞价文件》      警用伸缩警棍70根、警用手铐70副、催泪喷射器训练水50支、催泪喷射器快速激发器腰带款（内含催泪喷射剂）145套、警用手电100件、警用肩灯100件、急救包70个、防割手套（GA614-2006标准）60副、水壶30个、警用伸缩抓捕器脚叉（GA/T1145-2014标准）10个、警用防暴钢叉（带电击GA/T1145-2014标准）10个      警用伸缩警棍66元/根、警用手铐68元/副、催泪喷射器训练水20元/支、催泪喷射器快速激发器腰带款（内含催泪喷射剂）105元/套、警用手电55元/件、警用肩灯44元/件、急救包44元/个、防割手套（GA614-2006标准）34元/副、水壶42元/个、警用伸缩抓捕器脚叉（GA/T1145-2014标准）119元/个、警用防暴钢叉（带电击GA/T1145-2014标准）250元/个                 五、评审专家（单一来源采购人员）名单： 韦志斌 叶文雯 秦晋圆 六、代理服务收费标准及金额： 本项目代理费收费标准：无 本项目代理费总金额：0.000000 万元（人民币） 七、公告期限 自本公告发布之日起1个工作日。 八、其它补充事宜 九、凡对本次公告内容提出询问，请按以下方式联系。 1.采购人信息 名 称：中华人民共和国北海出入境边防检查站 地址：广西北海市海城区北部湾西路60号，北海出入境边防检查站 联系方式：韦警官，0779-3902868 2.项目联系方式 项目联系人：韦警官 电 话： 0779-3902868,医疗卫生,,中国政府采购网,,,,,,4.5575,"[{""序号"": ""1"", ""供应商名称"": ""江苏神盾警用装备制造有限公司"", ""货物名称"": ""警用伸缩警棍、警用手铐、催泪喷射器训练水、催泪喷射器快速激发器腰带款（内含催泪喷射剂）、警用手电、警用肩灯、急救包、\t\t\t防割手套（GA614-2006标准）、水壶、警用伸缩抓捕器脚叉（GA/T1145-2014标准）、警用防暴钢叉（带电击GA/T1145-2014标准）"", ""货物品牌"": ""无"", ""货物型号"": ""详见《中华人民共和国北海出入境边防检查站2026年单警装备采购项目竞价文件》"", ""货物数量"": ""警用伸缩警棍70根、警用手铐70副、催泪喷射器训练水50支、催泪喷射器快速激发器腰带款（内含催泪喷射剂）145套、警用手电100件、警用肩灯100件、急救包70个、防割手套（GA614-2006标准）60副、水壶30个、警用伸缩抓捕器脚叉（GA/T1145-2014标准）10个、警用防暴钢叉（带电击GA/T1145-2014标准）10个"", ""货物单价(元)"": ""警用伸缩警棍66元/根、警用手铐68元/副、催泪喷射器训练水20元/支、催泪喷射器快速激发器腰带款（内含催泪喷射剂）105元/套、警用手电55元/件、警用肩灯44元/件、急救包44元/个、防割手套（GA614-2006标准）34元/副、水壶42元/个、警用伸缩抓捕器脚叉（GA/T1145-2014标准）119元/个、警用防暴钢叉（带电击GA/T1145-2014标准）250元/个""}]",韦志斌 叶文雯 秦晋圆,0.0,江苏神盾警用装备制造有限公司,,,,
海兴县消防救援大队2026年消防救援人员伙食食材配送服务采购项目成交公告,成交公告,RCZB-CZB-260816,2026年09月08日 11:43,海兴县,海兴县消防救援大队,海兴县,石阳0317-5544119,锐驰项目管理有限公司,河北省石家庄市桥西区新石南路2号艾朗国际6层,杨建宏0311-66698949,石阳,0317-5544119,"中小企业声明函.jpg,（最终9.7）海兴县消防救援大队2026年消防救援人员伙食食材配送服务采购项目.doc","[{""attach_name"": ""中小企业声明函.jpg"", ""attach_url"": ""https://download.ccgp.gov.cn/oss/download?uuid=ADBA9F734DD635A77DA08A78ED7355""}, {""attach_name"": ""（最终9.7）海兴县消防救援大队2026年消防救援人员伙食食材配送服务采购项目.doc"", ""attach_url"": ""https://download.ccgp.gov.cn/oss/download?uuid=2A07AE5EEA3D4FC94C422A15E21989""}]",https://www.ccgp.gov.cn/cggg/zygg/cjgg/202609/t20260908_27284841.htm,2026-09-10 09:36:18,一、项目编号：RCZB-CZB-260816（招标文件编号：RCZB-CZB-260816） 二、项目名称：海兴县消防救援大队2026年消防救援人员伙食食材配送服务采购项目 三、中标（成交）信息 供应商名称：海兴县然然商贸有限公司供应商地址：沧州市海兴县海滨路南兴业街东50米人大委员会对面包组或产品名称：海兴县消防救援大队2026年消防救援人员伙食食材配送服务采购项目费率(%)：99.4000000四、主要标的信息 序号    供应商名称      服务名称      服务范围      服务要求      服务时间      服务标准   1    海兴县然然商贸有限公司      海兴县消防救援大队2026年消防救援人员伙食食材配送服务采购项目      提供各类丰富的食材，包括粮油、生鲜、蔬菜、水果、副食品、冷冻食材、牛奶、饮品等，满足消防救援人员日常饮食的多样化需求。目标：按照现行伙食费规定及保障标准，合理搭配营养素，保证消防救援人员的基础营养和体能消耗需要，提升队伍战斗力（详见采购文件）。      合格。      九个月      合格。                 五、评审专家（单一来源采购人员）名单： 付晓阳（采购人代表）、王淑贞、刘金亮（组长） 六、代理服务收费标准及金额： 本项目代理费收费标准：本项目代理费参照原国家发展计划委员会计价格〔2002〕1980号文规定的代理服务费收费标准、发改价格〔2011〕534号文及发改价格〔2015〕299号文件规定执行 本项目代理费总金额：1.000000 万元（人民币） 七、公告期限 自本公告发布之日起1个工作日。 八、其它补充事宜  本公告发布媒体：中国政府采购网（https://www.ccgp.gov.cn/index.shtml） 九、凡对本次公告内容提出询问，请按以下方式联系。 1.采购人信息 名 称：海兴县消防救援大队 地址：海兴县 联系方式：石阳0317-5544119 2.采购代理机构信息 名 称：锐驰项目管理有限公司 地 址：河北省石家庄市桥西区新石南路2号艾朗国际6层 联系方式：杨建宏0311-66698949 3.项目联系方式 项目联系人：石阳 电 话： 0317-5544119,公共安全,,中国政府采购网,,,,,,0.0,"[{""序号"": ""1"", ""供应商名称"": ""海兴县然然商贸有限公司"", ""服务名称"": ""海兴县消防救援大队2026年消防救援人员伙食食材配送服务采购项目"", ""服务范围"": ""提供各类丰富的食材，包括粮油、生鲜、蔬菜、水果、副食品、冷冻食材、牛奶、饮品等，满足消防救援人员日常饮食的多样化需求。目标：按照现行伙食费规定及保障标准，合理搭配营养素，保证消防救援人员的基础营养和体能消耗需要，提升队伍战斗力（详见采购文件）。"", ""服务要求"": ""合格。"", ""服务时间"": ""九个月"", ""服务标准"": ""合格。""}]",付晓阳（采购人代表）、王淑贞、刘金亮（组长）,1.0,海兴县然然商贸有限公司,,,,
武乡县消防救援大队营房修缮工程成交公告,成交公告,SXKR-SG-2026-0822,2026年09月08日 11:29,武乡县,武乡县消防救援大队,山西省长治市武乡县丰州镇下城村,李先生、13028070368,山西柯睿建设项目管理有限公司,山西省长治市潞州区潞阳门中路都市名门写字楼二楼209号,武女士、13935505110,李先生,13028070368,"中小企业声明函.pdf,武乡县消防救援大队营房修缮工程竞争性磋商.pdf","[{""attach_name"": ""中小企业声明函.pdf"", ""attach_url"": ""https://download.ccgp.gov.cn/oss/download?uuid=30BEA48E95349B8BA0F422CDB8E5D6""}, {""attach_name"": ""武乡县消防救援大队营房修缮工程竞争性磋商.pdf"", ""attach_url"": ""https://download.ccgp.gov.cn/oss/download?uuid=95EBC81CA573A2BEB2615111321118""}]",https://www.ccgp.gov.cn/cggg/zygg/cjgg/202609/t20260908_27284687.htm,2026-09-10 09:36:18,一、项目编号：SXKR-SG-2026-0822（招标文件编号：SXKR-SG-2026-0822） 二、项目名称：武乡县消防救援大队营房修缮工程 三、中标（成交）信息 供应商名称：山西维盛建设工程有限公司供应商地址：山西综改示范区太原学府园区东沺二巷3号2-3层开明众创空间第3099号工位中标（成交）金额：45.8000000（万元）四、主要标的信息 序号    供应商名称       工程名称       施工范围       施工工期       项目经理       执业证书   1    山西维盛建设工程有限公司      武乡县消防救援大队营房修缮工程      工程量清单范围内的全部施工内容      签订合同后60日历天      郝增强      二级建造师 晋2142023202484425                 五、评审专家（单一来源采购人员）名单： 赖宇宁、赵志良、李优（采购人代表） 六、代理服务收费标准及金额： 本项目代理费收费标准：参照国家计委计价格【2002】1980号文件规定的 90%收取。 本项目代理费总金额：0.412200 万元（人民币） 七、公告期限 自本公告发布之日起1个工作日。 八、其它补充事宜 根据财办库〔2023〕243号《关于进一步提高政府采购透明度和采购效率相关事项的通知》的规定，现公布本项目成交供应商的评审总得分：92.93分。 九、凡对本次公告内容提出询问，请按以下方式联系。 1.采购人信息 名 称：武乡县消防救援大队 地址：山西省长治市武乡县丰州镇下城村 联系方式：李先生、13028070368 2.采购代理机构信息 名 称：山西柯睿建设项目管理有限公司 地 址：山西省长治市潞州区潞阳门中路都市名门写字楼二楼209号 联系方式：武女士、13935505110 3.项目联系方式 项目联系人：李先生 电 话： 13028070368,公共安全,,中国政府采购网,,,,,,45.8,"[{""序号"": ""1"", ""供应商名称"": ""山西维盛建设工程有限公司"", ""工程名称"": ""武乡县消防救援大队营房修缮工程"", ""施工范围"": ""工程量清单范围内的全部施工内容"", ""施工工期"": ""签订合同后60日历天"", ""项目经理"": ""郝增强"", ""执业证书"": ""二级建造师\t\t\t晋2142023202484425""}]",赖宇宁、赵志良、李优（采购人代表）,0.4122,山西维盛建设工程有限公司,,,,
国际关系学院燃气低氮冷凝真空锅炉采购安装项目成交公告,成交公告,TC260N075,2026年09月08日 11:24,海淀区,国际关系学院,北京市海淀区坡上村12号,王老师010-62861619,中招国际招标有限公司,北京市海淀区学院南路62号中关村资本大厦906A,王鹏、张靖、武靖、彭小娟、王波、胡亚平010-61954132,王鹏、张靖、武靖、彭小娟、王波,010-61954132,"国际关系学院燃气低氮冷凝真空锅炉采购安装项目-竞争性磋商文件-发出版.pdf,国产标准声明函.pdf,中小企业声明函.pdf","[{""attach_name"": ""国际关系学院燃气低氮冷凝真空锅炉采购安装项目-竞争性磋商文件-发出版.pdf"", ""attach_url"": ""https://download.ccgp.gov.cn/oss/download?uuid=EC990AB1F419BC4A24BAA238110232""}, {""attach_name"": ""国产标准声明函.pdf"", ""attach_url"": ""https://download.ccgp.gov.cn/oss/download?uuid=AF9919E746DC53EE430AB8787A3950""}, {""attach_name"": ""中小企业声明函.pdf"", ""attach_url"": ""https://download.ccgp.gov.cn/oss/download?uuid=1E40E9018FDD994B3A5F7F5EC58FF0""}]",https://www.ccgp.gov.cn/cggg/zygg/cjgg/202609/t20260908_27284642.htm,2026-09-10 09:36:19,一、项目编号：TC260N075（招标文件编号：TC260N075） 二、项目名称：国际关系学院燃气低氮冷凝真空锅炉采购安装项目 三、中标（成交）信息 供应商名称：北京建业创源设备安装工程有限公司供应商地址：北京市西城区茶马北街1号院2号楼7层2单元0810-1中标（成交）金额：65.6000000（万元）四、主要标的信息 序号    供应商名称      货物名称      货物品牌      货物型号      货物数量      货物单价(元)   1    北京建业创源设备安装工程有限公司      燃气低氮冷凝真空锅炉      卡尼什      ZKS2.8-95/70-10bar      1      656000                 五、评审专家（单一来源采购人员）名单： 王涛、刘凤鸣、孙明利 六、代理服务收费标准及金额： 本项目代理费收费标准：采购代理机构参照原国家计委计价格【2002】1980号文和国家发改委发改办价格【2003】857号文的计算方法，按服务类并下浮30%收取，最高不超过人民币10万元，不足0.8万元按0.8万元收取。 本项目代理费总金额：0.800000 万元（人民币） 七、公告期限 自本公告发布之日起1个工作日。 八、其它补充事宜 成交供应商评审总得分：88.69分 九、凡对本次公告内容提出询问，请按以下方式联系。 1.采购人信息 名 称：国际关系学院 地址：北京市海淀区坡上村12号 联系方式：王老师010-62861619 2.采购代理机构信息 名 称：中招国际招标有限公司 地 址：北京市海淀区学院南路62号中关村资本大厦906A 联系方式：王鹏、张靖、武靖、彭小娟、王波、胡亚平010-61954132 3.项目联系方式 项目联系人：王鹏、张靖、武靖、彭小娟、王波、胡亚平 电 话： 010-61954132,教育培训,,中国政府采购网,,,,,,65.6,"[{""序号"": ""1"", ""供应商名称"": ""北京建业创源设备安装工程有限公司"", ""货物名称"": ""燃气低氮冷凝真空锅炉"", ""货物品牌"": ""卡尼什"", ""货物型号"": ""ZKS2.8-95/70-10bar"", ""货物数量"": ""1"", ""货物单价(元)"": ""656000""}]",王涛、刘凤鸣、孙明利,0.8,北京建业创源设备安装工程有限公司,,,,
江苏省通信管理局2026年省级DDoS攻击协同防御能力提升服务成交公告,成交公告,ZYT-20260828-009,2026年09月08日 11:18,南京市,江苏省通信管理局,南京市鼓楼区中山北路301号,盛老师 025-63090235,中邮通建设咨询有限公司,南京市鼓楼区南祖师庵7号,厉工 18066053377,厉翔,18066053377,2026年省级DDoS攻击协同防御能力提升服务采购文件.rar,"[{""attach_name"": ""2026年省级DDoS攻击协同防御能力提升服务采购文件.rar"", ""attach_url"": ""https://download.ccgp.gov.cn/oss/download?uuid=BDBEA5B8B01B0172BFBB0DC6414B66""}]",https://www.ccgp.gov.cn/cggg/zygg/cjgg/202609/t20260908_27284579.htm,2026-09-10 09:36:20,一、项目编号：ZYT-20260828-009（招标文件编号：ZYT-20260828-009） 二、项目名称：江苏省通信管理局2026年省级DDoS攻击协同防御能力提升服务 三、中标（成交）信息 供应商名称：江苏全博信息科技有限公司供应商地址：南京市鼓楼区新模范马路38号保利南自智汇中心4栋703室中标（成交）金额：47.2000000（万元）四、主要标的信息 序号    供应商名称      服务名称      服务范围      服务要求      服务时间      服务标准   1    江苏全博信息科技有限公司      2026年省级DDoS攻击协同防御能力提升服务      详见采购文件      详见采购文件      详见采购文件      详见采购文件                 五、评审专家（单一来源采购人员）名单： 李元康、张驰、朱国锋 六、代理服务收费标准及金额： 本项目代理费收费标准：成交供应商按《招标代理服务收费管理暂行办法》（国家发展计划委员会计价格〔2002〕1980号）代理服务招标收费标准计算进行缴纳 本项目代理费总金额：0.708000 万元（人民币） 七、公告期限 自本公告发布之日起1个工作日。 八、其它补充事宜 供应商排名：第一名：江苏全博信息科技有限公司第二名：江苏依迪科技发展有限公司第三名：南京盛网信息科技有限公司 九、凡对本次公告内容提出询问，请按以下方式联系。 1.采购人信息 名 称：江苏省通信管理局 地址：南京市鼓楼区中山北路301号 联系方式：盛老师 025-63090235 2.采购代理机构信息 名 称：中邮通建设咨询有限公司 地 址：南京市鼓楼区南祖师庵7号 联系方式：厉工 18066053377 3.项目联系方式 项目联系人：厉翔 电 话： 18066053377,其他,,中国政府采购网,,,,,,47.2,"[{""序号"": ""1"", ""供应商名称"": ""江苏全博信息科技有限公司"", ""服务名称"": ""2026年省级DDoS攻击协同防御能力提升服务"", ""服务范围"": ""详见采购文件"", ""服务要求"": ""详见采购文件"", ""服务时间"": ""详见采购文件"", ""服务标准"": ""详见采购文件""}]",李元康、张驰、朱国锋,0.708,江苏全博信息科技有限公司,,,,
北京市顺义区消防救援支队关于开展消防站中央空调及分体式空调维修保养工作项目成交公告,成交公告,YZZB-2026-FW049,2026年09月08日 11:14,顺义区,顺义区消防救援支队,顺义区通顺路38号,赵辉，010-80485119,北京永洲招标有限公司,北京市顺义区太平村村民委员会东南60米（北京永洲招标有限公司院内）,李丽娜、郝铂涛，010-65665029,李丽娜、郝铂涛,010-65665029,"比选文件+北京市顺义区消防救援支队关于开展消防站中央空调及分体式空调维修保养工作项目8.28.pdf,招标代理收费标准（服务）.pdf,山东宇兴建设有限公司中小企业声明函.pdf","[{""attach_name"": ""比选文件+北京市顺义区消防救援支队关于开展消防站中央空调及分体式空调维修保养工作项目8.28.pdf"", ""attach_url"": ""https://download.ccgp.gov.cn/oss/download?uuid=450B72C4CF295AFA1985BC937EE6BB""}, {""attach_name"": ""招标代理收费标准（服务）.pdf"", ""attach_url"": ""https://download.ccgp.gov.cn/oss/download?uuid=6152F3281849B6F56D1CD59FAE87DF""}, {""attach_name"": ""山东宇兴建设有限公司中小企业声明函.pdf"", ""attach_url"": ""https://download.ccgp.gov.cn/oss/download?uuid=98AF0DC7ED9BB9979C72CDB64C2458""}]",https://www.ccgp.gov.cn/cggg/zygg/cjgg/202609/t20260908_27284541.htm,2026-09-10 09:36:20,一、项目编号：YZZB-2026-FW049（招标文件编号：YZZB-2026-FW049） 二、项目名称：北京市顺义区消防救援支队关于开展消防站中央空调及分体式空调维修保养工作项目 三、中标（成交）信息 供应商名称：山东宇兴建设有限公司供应商地址：泰安肥城市边家院镇驻地中标（成交）金额：27.4324000（万元）四、主要标的信息 序号    供应商名称      服务名称      服务范围      服务要求      服务时间      服务标准   1    山东宇兴建设有限公司      北京市顺义区消防救援支队关于开展消防站中央空调及分体式空调维修保养工作项目      采购人通过比选方式，确定一家响应人为采购人提供中央空调及分体式空调维修保养服务工作。具体内容详见第四章采购需求。      详见比选文件相应内容。      一年(具体日期以合同约定为准)      详见比选文件相应内容。                 五、评审专家（单一来源采购人员）名单： 刘元光、鲍凤英、赵雪艳 六、代理服务收费标准及金额： 本项目代理费收费标准：根据《国家发展改革委关于进一步放开建设项目专业服务价格的通知》“发改价格【2015】299号”文件，按照招标代理服务收费标准，最终以中标/成交金额为基数计取。 本项目代理费总金额：0.411486 万元（人民币） 七、公告期限 自本公告发布之日起1个工作日。 八、其它补充事宜 1.成交供应商：山东宇兴建设有限公司，评审总得分：84.67分；2.公告媒介：本公告在中国政府采购网发布。 九、凡对本次公告内容提出询问，请按以下方式联系。 1.采购人信息 名 称：顺义区消防救援支队 地址：顺义区通顺路38号 联系方式：赵辉，010-80485119 2.采购代理机构信息 名 称：北京永洲招标有限公司 地 址：北京市顺义区太平村村民委员会东南60米（北京永洲招标有限公司院内） 联系方式：李丽娜、郝铂涛，010-65665029 3.项目联系方式 项目联系人：李丽娜、郝铂涛 电 话： 010-65665029,公共安全,,中国政府采购网,,,,,,27.4324,"[{""序号"": ""1"", ""供应商名称"": ""山东宇兴建设有限公司"", ""服务名称"": ""北京市顺义区消防救援支队关于开展消防站中央空调及分体式空调维修保养工作项目"", ""服务范围"": ""采购人通过比选方式，确定一家响应人为采购人提供中央空调及分体式空调维修保养服务工作。具体内容详见第四章采购需求。"", ""服务要求"": ""详见比选文件相应内容。"", ""服务时间"": ""一年(具体日期以合同约定为准)"", ""服务标准"": ""详见比选文件相应内容。""}]",刘元光、鲍凤英、赵雪艳,0.411486,山东宇兴建设有限公司,,,,
宁夏空管分局2026年房屋维修改造项目成交公告,成交公告,CXZB-2026ZC116,2026年09月08日 11:13,银川市,中国民用航空西北地区空中交通管理局宁夏分局,宁夏银川市枕水巷169号民航宁夏空管分局,刘主任  0951-6911026,宁夏骋翔招标代理有限公司,银川市虹桥南街西侧天源财汇中心A座1801室,仇学刚、马小龙、牛湘厢、徐伟  0951-5699246,刘主任,0951-6911026,中小企业声明函.pdf,"[{""attach_name"": ""中小企业声明函.pdf"", ""attach_url"": ""https://download.ccgp.gov.cn/oss/download?uuid=C8EEDBF1EE7D4066FE66EA1A5B1735""}]",https://www.ccgp.gov.cn/cggg/zygg/cjgg/202609/t20260908_27284519.htm,2026-09-10 09:36:21,一、项目编号：CXZB-2026ZC116（招标文件编号：CXZB-2026ZC116） 二、项目名称：宁夏空管分局2026年房屋维修改造项目 三、中标（成交）信息 供应商名称：宁夏中奕建设工程有限公司供应商地址：宁夏回族自治区泾源县香水镇绿洲豪庭7号楼门面房中标（成交）金额：51.8520150（万元）四、主要标的信息 序号    供应商名称       工程名称       施工范围       施工工期       项目经理       执业证书   1    宁夏中奕建设工程有限公司      宁夏空管分局2026年房屋维修改造项目      按磋商文件规定执行。      45日历天内完成全部施工，具体开工日期以甲方书面通知为准。      张明      二级建造师注册证书 宁2642019201905498                 五、评审专家（单一来源采购人员）名单： 赵惠明（组长）、顾静、陈强（采购人代表） 六、代理服务收费标准及金额： 本项目代理费收费标准：收费标准参考国家计委关于《招标代理服务费收费管理暂行办法》(计价格(2002)1980号)和财库办(2018)2号文件执行，本项目按照中标金额的1.4%收取，由中标供应商支付。 本项目代理费总金额：0.725900 万元（人民币） 七、公告期限 自本公告发布之日起1个工作日。 八、其它补充事宜 无 九、凡对本次公告内容提出询问，请按以下方式联系。 1.采购人信息 名 称：中国民用航空西北地区空中交通管理局宁夏分局 地址：宁夏银川市枕水巷169号民航宁夏空管分局 联系方式：刘主任 0951-6911026 2.采购代理机构信息 名 称：宁夏骋翔招标代理有限公司 地 址：银川市虹桥南街西侧天源财汇中心A座1801室 联系方式：仇学刚、马小龙、牛湘厢、徐伟 0951-5699246 3.项目联系方式 项目联系人：刘主任 电 话： 0951-6911026,工程建设,,中国政府采购网,,,,,,51.852015,"[{""序号"": ""1"", ""供应商名称"": ""宁夏中奕建设工程有限公司"", ""工程名称"": ""宁夏空管分局2026年房屋维修改造项目"", ""施工范围"": ""按磋商文件规定执行。"", ""施工工期"": ""45日历天内完成全部施工，具体开工日期以甲方书面通知为准。"", ""项目经理"": ""张明"", ""执业证书"": ""二级建造师注册证书 宁2642019201905498""}]",赵惠明（组长）、顾静、陈强（采购人代表）,0.7259,宁夏中奕建设工程有限公司,,,,
国家体育总局冬季运动管理中心单板滑雪大跳台和坡面障碍技巧队医疗康复服务成交公告,成交公告,ZZGC-FW-0801,2026年09月08日 10:51,海淀区,国家体育总局冬季运动管理中心,北京市海淀区中关村南大街 56 号,薛宇，13901259046,中咨工程有限公司,北京市西城区车公庄大街丁21号首创新大都8-9号楼,李昕濛，010-62968308,李昕濛,010-62968308,,,https://www.ccgp.gov.cn/cggg/zygg/cjgg/202609/t20260908_27284294.htm,2026-09-10 09:36:21,一、项目编号：ZZGC-FW-0801（招标文件编号：ZZGC-FW-0801） 二、项目名称：单板滑雪大跳台和坡面障碍技巧队医疗康复服务 三、中标（成交）信息 供应商名称：四川省骨科医院供应商地址：四川省成都市武侯区一环路西一段132号中标（成交）金额：60.0000000（万元）四、主要标的信息 序号    供应商名称      服务名称      服务范围      服务要求      服务时间      服务标准   1    四川省骨科医院      国家体育总局冬季运动管理中心单板滑雪大跳台和坡面障碍技巧队医疗康复服务采购项目      队医1名、康复师1名，长期驻队进行医疗保障服务，负责日常伤病的诊断治疗工作；驻队服务人员稳定，具有丰富的临床工作经验，熟知反兴奋剂工作知识和管理要求，国家队未提出更换要求时，一个服务周期内不更换驻队服务人员。开展服务期间，驻队医疗保障服务人员的保险由我队提供。      供应商派出的随队医师应当依法取得医师资格证书并提供有效的医师执业证书和定期考核合格证明；供应商派出的康复治疗师应当持有运动康复等相关的专业资质证明。详见采购文件要求。      自合同签订之日起累计服务满12个月      详见采购文件                 五、评审专家（单一来源采购人员）名单： 刘宇静、郑阳、谷天语（采购人代表） 六、代理服务收费标准及金额： 本项目代理费收费标准：参照【原国家计委计价格【2002】1980 号文和国家发改委发改办价格【2003】857 号文】收费标准收取 本项目代理费总金额：0.900000 万元（人民币） 七、公告期限 自本公告发布之日起1个工作日。 八、其它补充事宜 九、凡对本次公告内容提出询问，请按以下方式联系。 1.采购人信息 名 称：国家体育总局冬季运动管理中心 地址：北京市海淀区中关村南大街 56 号 联系方式：薛宇，13901259046 2.采购代理机构信息 名 称：中咨工程有限公司 地 址：北京市西城区车公庄大街丁21号首创新大都8-9号楼 联系方式：李昕濛，010-62968308 3.项目联系方式 项目联系人：李昕濛 电 话： 010-62968308,医疗卫生,,中国政府采购网,,,,,,60.0,"[{""序号"": ""1"", ""供应商名称"": ""四川省骨科医院"", ""服务名称"": ""国家体育总局冬季运动管理中心单板滑雪大跳台和坡面障碍技巧队医疗康复服务采购项目"", ""服务范围"": ""队医1名、康复师1名，长期驻队进行医疗保障服务，负责日常伤病的诊断治疗工作；驻队服务人员稳定，具有丰富的临床工作经验，熟知反兴奋剂工作知识和管理要求，国家队未提出更换要求时，一个服务周期内不更换驻队服务人员。开展服务期间，驻队医疗保障服务人员的保险由我队提供。"", ""服务要求"": ""供应商派出的随队医师应当依法取得医师资格证书并提供有效的医师执业证书和定期考核合格证明；供应商派出的康复治疗师应当持有运动康复等相关的专业资质证明。详见采购文件要求。"", ""服务时间"": ""自合同签订之日起累计服务满12个月"", ""服务标准"": ""详见采购文件""}]",刘宇静、郑阳、谷天语（采购人代表）,0.9,四川省骨科医院,,,,
暨南大学珠海校区教职工体检服务采购项目询比成交结果公告,成交公告,DHH26-ZH2ZFGW-089,2026年09月08日 10:46,珠海市,暨南大学,广州市黄埔大道西601号,涂老师，020-85220066,大航海（广东）项目咨询有限公司,珠海市香洲区泉福商业大厦19层1901,邓俊轩，0756-2882702,邓俊轩,0756-2882702,,,https://www.ccgp.gov.cn/cggg/zygg/cjgg/202609/t20260908_27284246.htm,2026-09-10 09:36:22,一、项目编号：DHH26-ZH2ZFGW-089（招标文件编号：DHH26-ZH2ZFGW-089） 二、项目名称：暨南大学珠海校区教职工体检服务采购项目 三、中标（成交）信息 供应商名称：珠海市人民医院供应商地址：珠海市香洲康宁路79号中标（成交）金额：69.3263210（万元）四、主要标的信息 序号    供应商名称      服务名称      服务范围      服务要求      服务时间      服务标准   1    珠海市人民医院      暨南大学珠海校区教职工体检服务采购项目      按询比文件要求执行      按询比文件要求执行      按询比文件要求执行      按询比文件要求执行                 五、评审专家（单一来源采购人员）名单： 万恒、朱建红、廖智华 六、代理服务收费标准及金额： 本项目代理费收费标准：按询比文件规定 本项目代理费总金额：1.039894 万元（人民币） 七、公告期限 自本公告发布之日起1个工作日。 八、其它补充事宜 综合评分法成交候选供应商排序表 分项内容 珠海市人民医院 珠海嘉济医院有限公司 珠海美年大健康健康管理有限公司湾仔体检中心 资格审查 通过 通过 通过 符合性审查 通过 通过 通过 商务得分 37.00 15.00 29.50 技术得分 39.00 19.67 33.50 报价得分 14.41 20.00 18.67 最终得分 90.41 54.67 81.67 排名 1 3 2    九、凡对本次公告内容提出询问，请按以下方式联系。 1.采购人信息 名 称：暨南大学 地址：广州市黄埔大道西601号 联系方式：涂老师，020-85220066 2.采购代理机构信息 名 称：大航海（广东）项目咨询有限公司 地 址：珠海市香洲区泉福商业大厦19层1901 联系方式：邓俊轩，0756-2882702 3.项目联系方式 项目联系人：邓俊轩 电 话： 0756-2882702,教育培训,,中国政府采购网,,,,,,69.326321,"[{""序号"": ""1"", ""供应商名称"": ""珠海市人民医院"", ""服务名称"": ""暨南大学珠海校区教职工体检服务采购项目"", ""服务范围"": ""按询比文件要求执行"", ""服务要求"": ""按询比文件要求执行"", ""服务时间"": ""按询比文件要求执行"", ""服务标准"": ""按询比文件要求执行""}]",万恒、朱建红、廖智华,1.039894,珠海市人民医院,,,,
香河县消防救援大队建设和改造营门、岗哨、楼内大厅项目成交公告,成交公告,LFHC-2026-Z008014,2026年09月08日 10:41,香河县,廊坊市香河县消防救援大队,廊坊市香河县秀水街亚太城西侧,张彪  0316-5184305,华春建设工程项目管理有限责任公司,廊坊市广阳区格林商务中心777室,王工  0316-5905565,张彪,0316-5184305,磋商文件-北三县指挥中心营房改造(2).pdf,"[{""attach_name"": ""磋商文件-北三县指挥中心营房改造(2).pdf"", ""attach_url"": ""https://download.ccgp.gov.cn/oss/download?uuid=AF5EF1CD0EC9DD61C2D856461B5387""}]",https://www.ccgp.gov.cn/cggg/zygg/cjgg/202609/t20260908_27284189.htm,2026-09-10 09:36:23,一、项目编号：LFHC-2026-Z008014（招标文件编号：LFHC-2026-Z008014） 二、项目名称：香河县消防救援大队建设和改造营门、岗哨、楼内大厅项目 三、中标（成交）信息 供应商名称：文安县腾誉建筑工程有限公司供应商地址：河北省廊坊市文安县大留镇镇大留镇村西北中标（成交）金额：53.8078000（万元）四、主要标的信息 序号    供应商名称       工程名称       施工范围       施工工期       项目经理       执业证书   1    文安县腾誉建筑工程有限公司      香河县消防救援大队建设和改造营门、岗哨、楼内大厅项目      香河县消防救援大队建设和改造营门、岗哨、楼内大厅项目      30日历天      贾树勇      /                 五、评审专家（单一来源采购人员）名单： 刘妍（组长）、杨增平、梁国荣 六、代理服务收费标准及金额： 本项目代理费收费标准：参照国家相关标准及合同约定 本项目代理费总金额：0.550000 万元（人民币） 七、公告期限 自本公告发布之日起1个工作日。 八、其它补充事宜 / 九、凡对本次公告内容提出询问，请按以下方式联系。 1.采购人信息 名 称：廊坊市香河县消防救援大队 地址：廊坊市香河县秀水街亚太城西侧 联系方式：张彪 0316-5184305 2.采购代理机构信息 名 称：华春建设工程项目管理有限责任公司 地 址：廊坊市广阳区格林商务中心777室 联系方式：王工 0316-5905565 3.项目联系方式 项目联系人：张彪 电 话： 0316-5184305,公共安全,,中国政府采购网,,,,,,53.8078,"[{""序号"": ""1"", ""供应商名称"": ""文安县腾誉建筑工程有限公司"", ""工程名称"": ""香河县消防救援大队建设和改造营门、岗哨、楼内大厅项目"", ""施工范围"": ""香河县消防救援大队建设和改造营门、岗哨、楼内大厅项目"", ""施工工期"": ""30日历天"", ""项目经理"": ""贾树勇"", ""执业证书"": ""/""}]",刘妍（组长）、杨增平、梁国荣,0.55,文安县腾誉建筑工程有限公司,,,,
天津西青海关2026—2027年度食堂食材配送服务项目（项目编号：BH-TJHG2026851）成交公告,成交公告,BH-TJHG2026851,2026年09月08日 10:33,天津市,中华人民共和国天津海关后勤管理中心,天津市河东区六纬路2号,卢立强022-84201020,天津博汇招标有限公司,天津市和平区睦南道109号,杨慧杰、刘芯彤、董婉茹、霍金丽022-23319722，邮箱：xiangmubu@bohuizhaobiao.com,杨慧杰、刘芯彤、董婉茹、霍金丽,022-23319722,"中小企业声明函.png,BH-TJHG2026851磋商文件西青海关食材配送服务.pdf","[{""attach_name"": ""中小企业声明函.png"", ""attach_url"": ""https://download.ccgp.gov.cn/oss/download?uuid=E07E4389F6BFD893B50885E55F8CEF""}, {""attach_name"": ""BH-TJHG2026851磋商文件西青海关食材配送服务.pdf"", ""attach_url"": ""https://download.ccgp.gov.cn/oss/download?uuid=C31BFC86EB42E8E01FF133B3111FD3""}]",https://www.ccgp.gov.cn/cggg/zygg/cjgg/202609/t20260908_27284110.htm,2026-09-10 09:36:24,一、项目编号：BH-TJHG2026851（招标文件编号：BH-TJHG2026851） 二、项目名称：天津西青海关2026—2027年度食堂食材配送服务项目 三、中标（成交）信息 供应商名称：天津好乐唯商贸有限公司供应商地址：天津市西青区李七庄街学府花园底商37号-101中标（成交）金额：50.0000000（万元）四、主要标的信息 序号    供应商名称      服务名称      服务范围      服务要求      服务时间      服务标准   1    天津好乐唯商贸有限公司      西青海关2026-2027年度食堂食材配送服务      为西青海关食堂提供早、午餐食材。日常用餐人数约80余人左右。      食材要符合磋商文件所述的要求；若实际使用的食材标书中没有提及具体要求的，则应符合《中华人民共和国食品安全法》有关规定、符合国家食品卫生标准，部分供应商品应达出口标准，标准必须是有关机构发布的最新版本的标准。不合格产品按照使用要求及时更换等，具体详见附件。      自合同签订后一年      食材要符合磋商文件所述的要求；若实际使用的食材标书中没有提及具体要求的，则应符合《中华人民共和国食品安全法》有关规定、符合国家食品卫生标准，部分供应商品应达出口标准，标准必须是有关机构发布的最新版本的标准。不合格产品按照使用要求及时更换等，具体详见附件。                 五、评审专家（单一来源采购人员）名单： 郝锦程（采购人代表）、王敏、刘颖虹。 六、代理服务收费标准及金额： 本项目代理费收费标准：成交供应商须交纳代理服务费，本项目以成交通知书确定的成交总金额作为收费的计算基数。成交金额100万元以下，费率1.5%，服务费按差额定率累进法计算。 本项目代理费总金额：0.750000 万元（人民币） 七、公告期限 自本公告发布之日起1个工作日。 八、其它补充事宜 成交折扣率：105%成交单位评审总得分：89.33分 九、凡对本次公告内容提出询问，请按以下方式联系。 1.采购人信息 名 称：中华人民共和国天津海关后勤管理中心 地址：天津市河东区六纬路2号 联系方式：卢立强022-84201020 2.采购代理机构信息 名 称：天津博汇招标有限公司 地 址：天津市和平区睦南道109号 联系方式：杨慧杰、刘芯彤、董婉茹、霍金丽022-23319722，邮箱：xiangmubu@bohuizhaobiao.com 3.项目联系方式 项目联系人：杨慧杰、刘芯彤、董婉茹、霍金丽 电 话： 022-23319722,服务外包,,中国政府采购网,,,,,,50.0,"[{""序号"": ""1"", ""供应商名称"": ""天津好乐唯商贸有限公司"", ""服务名称"": ""西青海关2026-2027年度食堂食材配送服务"", ""服务范围"": ""为西青海关食堂提供早、午餐食材。日常用餐人数约80余人左右。"", ""服务要求"": ""食材要符合磋商文件所述的要求；若实际使用的食材标书中没有提及具体要求的，则应符合《中华人民共和国食品安全法》有关规定、符合国家食品卫生标准，部分供应商品应达出口标准，标准必须是有关机构发布的最新版本的标准。不合格产品按照使用要求及时更换等，具体详见附件。"", ""服务时间"": ""自合同签订后一年"", ""服务标准"": ""食材要符合磋商文件所述的要求；若实际使用的食材标书中没有提及具体要求的，则应符合《中华人民共和国食品安全法》有关规定、符合国家食品卫生标准，部分供应商品应达出口标准，标准必须是有关机构发布的最新版本的标准。不合格产品按照使用要求及时更换等，具体详见附件。""}]",郝锦程（采购人代表）、王敏、刘颖虹。,0.75,天津好乐唯商贸有限公司,,,,
中国测绘科学研究院房山人卫站屋面防水整修工程成交公告,成交公告,HZRS-CG2026016,2026年09月08日 10:25,北京市,中国测绘科学研究院,北京市海淀区莲花池西路28号,项老师，13661195919,北京海泽日升科技有限公司,北京市海淀区中关村南大街2号数码大厦B座1905B,王艳蕊、白东然、曹紫轩、曹二秀 010-88552490,项老师,13661195919,"2-比选文件-装修改造工程8-24（发售稿）.pdf,中小企业声明函.jpg","[{""attach_name"": ""2-比选文件-装修改造工程8-24（发售稿）.pdf"", ""attach_url"": ""https://download.ccgp.gov.cn/oss/download?uuid=8E08F3FD2D41C9B2C4323EF5E3BD51""}, {""attach_name"": ""中小企业声明函.jpg"", ""attach_url"": ""https://download.ccgp.gov.cn/oss/download?uuid=BD4C878780ADC2270D2ADD105E42CC""}]",https://www.ccgp.gov.cn/cggg/zygg/cjgg/202609/t20260908_27284036.htm,2026-09-10 09:36:24,一、项目编号：HZRS-CG2026016（招标文件编号：HZRS-CG2026016） 二、项目名称：房山人卫站屋面防水整修工程 三、中标（成交）信息 供应商名称：北京锦锋建设工程有限公司供应商地址：北京市朝阳区化工路59号院1号楼1至14层01内7层A座810B室中标（成交）金额：30.1556200（万元）四、主要标的信息 序号    供应商名称     工程名称     施工范围     施工工期     项目经理     执业证书 1    北京锦锋建设工程有限公司    房山人卫站屋面防水整修工程    院内加建楼、传达室、GPS楼、计量站平房进行防水整修    20日历天    吴风云    一级建造师，京1112015201533899               五、评审专家（单一来源采购人员）名单： 丁卫国、孙慧俐 六、代理服务收费标准及金额： 本项目代理费收费标准：按协议。 本项目代理费总金额：0.500000 万元（人民币） 七、公告期限 自本公告发布之日起1个工作日。 八、其它补充事宜 北京锦锋建设工程有限公司综合得分93.16，排名第一。 九、凡对本次公告内容提出询问，请按以下方式联系。 1.采购人信息 名 称：中国测绘科学研究院 地址：北京市海淀区莲花池西路28号 联系方式：项老师，13661195919 2.采购代理机构信息 名 称：北京海泽日升科技有限公司 地 址：北京市海淀区中关村南大街2号数码大厦B座1905B 联系方式：王艳蕊、白东然、曹紫轩、曹二秀 010-88552490 3.项目联系方式 项目联系人：项老师 电 话： 13661195919,工程建设,,中国政府采购网,,,,,,30.15562,"[{""序号"": ""1"", ""供应商名称"": ""北京锦锋建设工程有限公司"", ""工程名称"": ""房山人卫站屋面防水整修工程"", ""施工范围"": ""院内加建楼、传达室、GPS楼、计量站平房进行防水整修"", ""施工工期"": ""20日历天"", ""项目经理"": ""吴风云"", ""执业证书"": ""一级建造师，京1112015201533899""}]",丁卫国、孙慧俐,0.5,北京锦锋建设工程有限公司,,,,
北京交通大学校园基础设施及校舍安全改造(综合管线改造)项目全过程跟踪审计服务成交公告,成交公告,ZSLTC-2026-F072,2026年09月08日 10:22,北京市,北京交通大学,北京市海淀区上园村3号,曹老师，任老师，010-51683479,中盛隆国际招标（北京）有限公司,北京市海淀区阜成路58号新洲商务大厦302室,李蕊、孙源滨、曹泽鹏、魏菲、马春娟、赵中阳、刘震、李红梅、李莉、010-88956517-214,李蕊、孙源滨、曹泽鹏、魏菲、马,010-88956517-214,"（发售稿）（新）竞争性磋商-北京交通大学校园基础设施及校舍安全改造(综合管线改造)项目.pdf,中小企业声明函.pdf","[{""attach_name"": ""（发售稿）（新）竞争性磋商-北京交通大学校园基础设施及校舍安全改造(综合管线改造)项目.pdf"", ""attach_url"": ""https://download.ccgp.gov.cn/oss/download?uuid=718804FE849E232835B7CD919A266F""}, {""attach_name"": ""中小企业声明函.pdf"", ""attach_url"": ""https://download.ccgp.gov.cn/oss/download?uuid=2D0E069BDFA885866EA1E2657C16F1""}]",https://www.ccgp.gov.cn/cggg/zygg/cjgg/202609/t20260908_27284001.htm,2026-09-10 09:36:25,一、项目编号：ZSLTC-2026-F072 （招标文件编号：ZSLTC-2026-F072） 二、项目名称：北京交通大学校园基础设施及校舍安全改造(综合管线改造)项目全过程跟踪审计服务 三、中标（成交）信息 供应商名称：北京国贸精诚工程管理有限公司供应商地址：北京市朝阳区双惠苑甲5号楼2层2单元207包组或产品名称：全过程投资控制审计报价费率(%)：0.2900000 供应商名称：北京国贸精诚工程管理有限公司供应商地址：北京市朝阳区双惠苑甲5号楼2层2单元207包组或产品名称：竣工结算审计审减报价费率(%)：2.8000000四、主要标的信息 序号    供应商名称      服务名称      服务范围      服务要求      服务时间      服务标准   1    北京国贸精诚工程管理有限公司      详见招标文件      详见招标文件      详见招标文件      详见招标文件      详见招标文件                 序号    供应商名称      服务名称      服务范围      服务要求      服务时间      服务标准   2    北京国贸精诚工程管理有限公司      详见招标文件      详见招标文件      详见招标文件      详见招标文件      详见招标文件                 五、评审专家（单一来源采购人员）名单： 沐阿华、王一平、陈秀丽 六、代理服务收费标准及金额： 本项目代理费收费标准：详见招标文件 本项目代理费总金额：0.720000 万元（人民币） 七、公告期限 自本公告发布之日起1个工作日。 八、其它补充事宜 1、成交供应商综合得分：89.26分2、未中标供应商请在此公告发布后5个工作日内联系我公司办理保证金退回事宜并领取结果通知书，成交供应商请与采购人签订合同后5个工作日内，将合同扫描件返回招标代理公司邮箱（lr@zsltc.com）办理保证金退回事宜。3、全过程投资控制审计报价（费率‰）：2.9竣工结算审计审减报价（费率%）：2.8 九、凡对本次公告内容提出询问，请按以下方式联系。 1.采购人信息 名 称：北京交通大学 地址：北京市海淀区上园村3号 联系方式：曹老师，任老师，010-51683479 2.采购代理机构信息 名 称：中盛隆国际招标（北京）有限公司 地 址：北京市海淀区阜成路58号新洲商务大厦302室 联系方式：李蕊、孙源滨、曹泽鹏、魏菲、马春娟、赵中阳、刘震、李红梅、李莉、010-88956517-214 3.项目联系方式 项目联系人：李蕊、孙源滨、曹泽鹏、魏菲、马春娟、赵中阳、刘震、李红梅、李莉 电 话： 010-88956517-214,教育培训,,中国政府采购网,,,,,,0.0,"[{""序号"": ""1"", ""供应商名称"": ""北京国贸精诚工程管理有限公司"", ""服务名称"": ""详见招标文件"", ""服务范围"": ""详见招标文件"", ""服务要求"": ""详见招标文件"", ""服务时间"": ""详见招标文件"", ""服务标准"": ""详见招标文件""}, {""序号"": ""序号"", ""供应商名称"": ""供应商名称"", ""服务名称"": ""服务名称"", ""服务范围"": ""服务范围"", ""服务要求"": ""服务要求"", ""服务时间"": ""服务时间"", ""服务标准"": ""服务标准""}, {""序号"": ""2"", ""供应商名称"": ""北京国贸精诚工程管理有限公司"", ""服务名称"": ""详见招标文件"", ""服务范围"": ""详见招标文件"", ""服务要求"": ""详见招标文件"", ""服务时间"": ""详见招标文件"", ""服务标准"": ""详见招标文件""}]",沐阿华、王一平、陈秀丽,0.72,北京国贸精诚工程管理有限公司、供应商名称,,,,
中华人民共和国中山出入境边防检查站2026年智能枪弹柜升级改造服务采购项目成交公告,成交公告,ZSBJ20260817,2026年09月08日 10:19,中山市,中华人民共和国中山出入境边防检查站,广东省中山市火炬开发区中山港大道108号,王佳  0760-85593838,详见公告正文,详见公告正文,详见公告正文,王佳,0760-85593838,（中小企业声明函）广州市星保信息科技有限公司.pdf,"[{""attach_name"": ""（中小企业声明函）广州市星保信息科技有限公司.pdf"", ""attach_url"": ""https://download.ccgp.gov.cn/oss/download?uuid=1D0F01EBCB9B25D55521FC578AF7AF""}]",https://www.ccgp.gov.cn/cggg/zygg/cjgg/202609/t20260908_27283966.htm,2026-09-10 09:36:26,一、项目编号：ZSBJ20260817（招标文件编号：ZSBJ20260817） 二、项目名称：中华人民共和国中山出入境边防检查站2026年智能枪弹柜升级改造服务采购项目 三、中标（成交）信息 供应商名称：广州市星保信息科技有限公司供应商地址：广州市番禺区 石碁镇市莲路石碁村段80号8栋1001中标（成交）金额：2.9800000（万元）四、主要标的信息 序号    供应商名称      服务名称      服务范围      服务要求      服务时间      服务标准   1    广州市星保信息科技有限公司      智能枪弹柜升级改造      3台枪弹柜按需求清单提供服务      满足全部需求清单内容      合同签订之日起5个工作日内完成升级改造和调试工作。      满足全部需求清单内容                 五、评审专家（单一来源采购人员）名单： 徐名喜、李婷、王佳 六、代理服务收费标准及金额： 本项目代理费收费标准：无 本项目代理费总金额：0.000000 万元（人民币） 七、公告期限 自本公告发布之日起1个工作日。 八、其它补充事宜 九、凡对本次公告内容提出询问，请按以下方式联系。 1.采购人信息 名 称：中华人民共和国中山出入境边防检查站 地址：广东省中山市火炬开发区中山港大道108号 联系方式：王佳 0760-85593838 2.项目联系方式 项目联系人：王佳 电 话： 0760-85593838,工程建设,,中国政府采购网,,,,,,2.98,"[{""序号"": ""1"", ""供应商名称"": ""广州市星保信息科技有限公司"", ""服务名称"": ""智能枪弹柜升级改造"", ""服务范围"": ""3台枪弹柜按需求清单提供服务"", ""服务要求"": ""满足全部需求清单内容"", ""服务时间"": ""合同签订之日起5个工作日内完成升级改造和调试工作。"", ""服务标准"": ""满足全部需求清单内容""}]",徐名喜、李婷、王佳,0.0,广州市星保信息科技有限公司,,,,
南开大学生命科学学院显微互动教学系统采购项目成交公告,成交公告,NK2026H068N,2026年09月08日 10:16,天津市,南开大学,天津市南开区卫津路94号,于老师、牛老师，022-23501661,天津滨德招标代理有限公司,天津市河东区九纬路103号万泰大厦10层,高晓雅、王萌、杨姣姣、郝文杰，022-24213608,高晓雅、王萌、杨姣姣、郝文杰,022-24213608,,,https://www.ccgp.gov.cn/cggg/zygg/cjgg/202609/t20260908_27283950.htm,2026-09-10 09:36:27,一、项目编号：NK2026H068N（招标文件编号：NK2026H068N） 二、项目名称：南开大学生命科学学院显微互动教学系统采购项目 三、中标（成交）信息 供应商名称：路加仪器（天津）有限公司供应商地址：天津市南开区科研西路8号南开大学科技园（南开园）六层611中标（成交）金额：63.5000000（万元）四、主要标的信息 序号    供应商名称      货物名称      货物品牌      货物型号      货物数量      货物单价(元)   1    路加仪器（天津）有限公司      数码摄像头（学生端）；数码摄像头（教师端）；云盒      麦克奥迪；麦克奥迪；麦克奥迪      Motic am X6；Motic am S20 PuLs(HDMI)；Motic 5G      80个；2个；6个      6950；18500；7000                 五、评审专家（单一来源采购人员）名单： 孟慧娟、李玲、贺秉军（采购人代表） 六、代理服务收费标准及金额： 本项目代理费收费标准：中标（成交）供应商应以《中标（成交）通知书》中确定的中标（成交）金额作为收费的计算基数，本项目代理服务费参照国家计委〔2002〕1980号文件取费标准62%计取。 本项目代理费总金额：0.590600 万元（人民币） 七、公告期限 自本公告发布之日起1个工作日。 八、其它补充事宜 路加仪器（天津）有限公司，综合得分94.37分，排名第一。 九、凡对本次公告内容提出询问，请按以下方式联系。 1.采购人信息 名 称：南开大学 地址：天津市南开区卫津路94号 联系方式：于老师、牛老师，022-23501661 2.采购代理机构信息 名 称：天津滨德招标代理有限公司 地 址：天津市河东区九纬路103号万泰大厦10层 联系方式：高晓雅、王萌、杨姣姣、郝文杰，022-24213608 3.项目联系方式 项目联系人：高晓雅、王萌、杨姣姣、郝文杰 电 话： 022-24213608,教育培训,,中国政府采购网,,,,,,63.5,"[{""序号"": ""1"", ""供应商名称"": ""路加仪器（天津）有限公司"", ""货物名称"": ""数码摄像头（学生端）；数码摄像头（教师端）；云盒"", ""货物品牌"": ""麦克奥迪；麦克奥迪；麦克奥迪"", ""货物型号"": ""Motic am X6；Motic am S20 PuLs(HDMI)；Motic 5G"", ""货物数量"": ""80个；2个；6个"", ""货物单价(元)"": ""6950；18500；7000""}]",孟慧娟、李玲、贺秉军（采购人代表）,0.5906,路加仪器（天津）有限公司,,,,
北京化工大学昌平校区学科交叉研究中心(学科交叉研究中心等3项)建设项目工程质量检测服务成交公告,成交公告,BUCTGJZXCS20260008,2026年09月08日 10:15,北京市,北京化工大学,北京市昌平区南口镇南涧路29号,王老师/010-89772692,北京逸群工程咨询有限公司,北京经济技术开发区宏达中路甲12号,任亚青、鲁桂秋15101117237,任亚青,010-89772692,"中小企业声明函-北京筑之杰建筑工程检测有限责任公司.pdf,竞争性磋商文件-昌平校区学科交叉研究中心(学科交叉研究中心等3项)建设项目工程质量检测服务(终版).pdf","[{""attach_name"": ""中小企业声明函-北京筑之杰建筑工程检测有限责任公司.pdf"", ""attach_url"": ""https://download.ccgp.gov.cn/oss/download?uuid=2B9041F6CE9897C055E5C5A7455D87""}, {""attach_name"": ""竞争性磋商文件-昌平校区学科交叉研究中心(学科交叉研究中心等3项)建设项目工程质量检测服务(终版).pdf"", ""attach_url"": ""https://download.ccgp.gov.cn/oss/download?uuid=4AE54CB2BDA41C802C3050D3E685BB""}]",https://www.ccgp.gov.cn/cggg/zygg/cjgg/202609/t20260908_27283930.htm,2026-09-10 09:36:27,一、项目编号：BUCTGJZXCS20260008（招标文件编号：BUCTGJZXCS20260008） 二、项目名称：北京化工大学昌平校区学科交叉研究中心(学科交叉研究中心等3项)建设项目工程质量检测服务 三、中标（成交）信息 供应商名称：北京筑之杰建筑工程检测有限责任公司供应商地址：北京市顺义区火寺路赵全营段49号包组或产品名称：工程质量检测服务费率(%)：39.0000000四、主要标的信息 序号    供应商名称      服务名称      服务范围      服务要求      服务时间      服务标准   1    北京筑之杰建筑工程检测有限责任公司      北京化工大学昌平校区学科交叉研究中心(学科交叉研究中心等3项)建设项目工程质量检测服务      本工程的所有常规试验，包括但不限于以下所列内容： 原材料试验：钢筋原材、水泥、砂、石、砖、砌块、粉煤灰、外加剂、轻集料、防水卷材、防水涂料、保温材料、瓷砖、建筑胶、钢材、焊接材料、高强螺栓连接副、摩擦面抗滑移系数、防火涂料、幕墙材料等。 施工试验：钢筋连接、预制构件结构性能和装配式结构连接性能、砼力学试验、砼耐久性能（抗渗、抗冻）、砂浆力学性能、砂浆配合比、砼配合比、土工试验、焊接工艺评定、钢结构无损检测、幕墙相关试验等。      详见竞争性磋商文件      自合同签订之日起至本项目竣工验收合格完成全部检测工作止，本项目计划工期为475日历天。      检测机构管理制度及质量控制措施应当符合DB11/T386-2017《建设工程检测实验管理规程》的要求                 五、评审专家（单一来源采购人员）名单： 侯灵鲜、纪宗利、雷鹏 六、代理服务收费标准及金额： 本项目代理费收费标准：参照国家计委关于印发《招标代理服务收费管理暂行办法》的通知（计价格[2002]1980号），在标准收费基础上下浮20%后，由成交供应商向采购代理机构交纳成交服务费。 本项目代理费总金额：1.389100 万元（人民币） 七、公告期限 自本公告发布之日起1个工作日。 八、其它补充事宜 九、凡对本次公告内容提出询问，请按以下方式联系。 1.采购人信息 名 称：北京化工大学 地址：北京市昌平区南口镇南涧路29号 联系方式：王老师/010-89772692 2.采购代理机构信息 名 称：北京逸群工程咨询有限公司 地 址：北京经济技术开发区宏达中路甲12号 联系方式：任亚青、鲁桂秋15101117237 3.项目联系方式 项目联系人：任亚青 电 话： 010-89772692,教育培训,,中国政府采购网,,,,,,0.0,"[{""序号"": ""1"", ""供应商名称"": ""北京筑之杰建筑工程检测有限责任公司"", ""服务名称"": ""北京化工大学昌平校区学科交叉研究中心(学科交叉研究中心等3项)建设项目工程质量检测服务"", ""服务范围"": ""本工程的所有常规试验，包括但不限于以下所列内容：\t\t\t原材料试验：钢筋原材、水泥、砂、石、砖、砌块、粉煤灰、外加剂、轻集料、防水卷材、防水涂料、保温材料、瓷砖、建筑胶、钢材、焊接材料、高强螺栓连接副、摩擦面抗滑移系数、防火涂料、幕墙材料等。\t\t\t施工试验：钢筋连接、预制构件结构性能和装配式结构连接性能、砼力学试验、砼耐久性能（抗渗、抗冻）、砂浆力学性能、砂浆配合比、砼配合比、土工试验、焊接工艺评定、钢结构无损检测、幕墙相关试验等。"", ""服务要求"": ""详见竞争性磋商文件"", ""服务时间"": ""自合同签订之日起至本项目竣工验收合格完成全部检测工作止，本项目计划工期为475日历天。"", ""服务标准"": ""检测机构管理制度及质量控制措施应当符合DB11/T386-2017《建设工程检测实验管理规程》的要求""}]",侯灵鲜、纪宗利、雷鹏,1.3891,北京筑之杰建筑工程检测有限责任公司,,,,
清华大学玉泉医院（清华大学中西医结合医院）飞利浦品牌磁共振设备（ingenia CX）移机服务成交公告,成交公告,BMCC-ZC26-1007,2026年09月08日 10:03,北京市,清华大学玉泉医院（清华大学中西医结合医院）,北京市石景山区石景山路5号,王老师 010- 89926040,北京明德致信咨询有限公司,北京市海淀区学院路30号科大天工大厦B座1709室,王蕾蕾、赵文宇、曾甜、吕绍山 010－61196170,王蕾蕾、赵文宇、曾甜、吕绍山,,"成交公告-1007.docx,1007清华大学玉泉医院（清华大学中西医结合医院）飞利浦品牌磁共振设备（ingenia CX）移机服务单一来源采购文件-终稿.pdf","[{""attach_name"": ""成交公告-1007.docx"", ""attach_url"": ""https://download.ccgp.gov.cn/oss/download?uuid=376B8DAF50276F45288BBEA12FD8CD""}, {""attach_name"": ""1007清华大学玉泉医院（清华大学中西医结合医院）飞利浦品牌磁共振设备（ingenia CX）移机服务单一来源采购文件-终稿.pdf"", ""attach_url"": ""https://download.ccgp.gov.cn/oss/download?uuid=7B00C424FC5AB9DE5C26AEFF568540""}]",https://www.ccgp.gov.cn/cggg/zygg/cjgg/202609/t20260908_27283844.htm,2026-09-10 09:36:28,一、项目编号：BMCC-ZC26-1007（招标文件编号：BMCC-ZC26-1007） 二、项目名称：清华大学玉泉医院（清华大学中西医结合医院）飞利浦品牌磁共振设备（ingenia CX）移机服务 三、中标（成交）信息 供应商名称：北京铭成嘉业科技发展有限公司供应商地址：北京市朝阳区利泽中一路1号院2号楼18层办公A1802-1中标（成交）金额：34.8000000（万元）四、主要标的信息 序号    供应商名称     服务名称     服务范围     服务要求     服务时间     服务标准  1    北京铭成嘉业科技发展有限公司     清华大学玉泉医院（清华大学中西医结合医院）飞利浦品牌磁共振设备（ingenia CX）移机服务     按照规范将清华大学玉泉医院（清华大学中西医结合医院）现有的飞利浦品牌磁共振设备（ingenia CX）移机到指定地点。具体要求详见单一来源采购文件。     具体要求详见单一来源采购文件。     签订合同后60天内。     详见单一来源采购文件。                五、评审专家（单一来源采购人员）名单： 徐德林、马海梅、金延方（采购人代表） 六、代理服务收费标准及金额： 本项目代理费收费标准：详见单一来源采购文件。 本项目代理费总金额：0.417600 万元（人民币） 七、公告期限 自本公告发布之日起1个工作日。 八、其它补充事宜 具体内容详见附件下载 九、凡对本次公告内容提出询问，请按以下方式联系。 1.采购人信息 名 称：清华大学玉泉医院（清华大学中西医结合医院） 地址：北京市石景山区石景山路5号 联系方式：王老师 010- 89926040 2.采购代理机构信息 名 称：北京明德致信咨询有限公司 地 址：北京市海淀区学院路30号科大天工大厦B座1709室 联系方式：王蕾蕾、赵文宇、曾甜、吕绍山 010－61196170 3.项目联系方式 项目联系人：王蕾蕾、赵文宇、曾甜、吕绍山 电 话： 010－61196170,医疗卫生,,中国政府采购网,,,,,,34.8,"[{""序号"": ""1"", ""供应商名称"": ""北京铭成嘉业科技发展有限公司"", ""服务名称"": ""清华大学玉泉医院（清华大学中西医结合医院）飞利浦品牌磁共振设备（ingenia CX）移机服务"", ""服务范围"": ""按照规范将清华大学玉泉医院（清华大学中西医结合医院）现有的飞利浦品牌磁共振设备（ingenia CX）移机到指定地点。具体要求详见单一来源采购文件。"", ""服务要求"": ""具体要求详见单一来源采购文件。"", ""服务时间"": ""签订合同后60天内。"", ""服务标准"": ""详见单一来源采购文件。""}]",徐德林、马海梅、金延方（采购人代表）,0.4176,北京铭成嘉业科技发展有限公司,,,,
中华人民共和国港珠澳大桥出入境边防检查站2026年智能保险柜升级改造采购项目成交公告,成交公告,DQBJ-2026-23,2026年09月08日 09:41,香洲区,中华人民共和国港珠澳大桥出入境边防检查站,广东省珠海市香洲区港珠澳大桥珠海公路口岸西澳一街296号港珠澳大桥边检站1号楼,林杨高 0756-8160936,详见公告正文,详见公告正文,详见公告正文,庞警官,07568160936,中华人民共和国港珠澳大桥出入境边防检查站2026年智能保险柜升级改造采购项目简易竞价文件及相关文件（更正版） (4).zip,"[{""attach_name"": ""中华人民共和国港珠澳大桥出入境边防检查站2026年智能保险柜升级改造采购项目简易竞价文件及相关文件（更正版） (4).zip"", ""attach_url"": ""https://download.ccgp.gov.cn/oss/download?uuid=91110C3AD0EC3A7469D8E7DDC58F7D""}]",https://www.ccgp.gov.cn/cggg/zygg/cjgg/202609/t20260908_27283906.htm,2026-09-10 09:36:29,一、项目编号：DQBJ-2026-23（招标文件编号：DQBJ-2026-23） 二、项目名称：中华人民共和国港珠澳大桥出入境边防检查站2026年智能保险柜升级改造采购项目 三、中标（成交）信息 供应商名称：深圳市忠平智能科技有限公司供应商地址：深圳市龙岗区龙岗街道龙西社区龙西新村六巷2号401中标（成交）金额：6.4950000（万元）四、主要标的信息 序号    供应商名称      货物名称      货物品牌      货物型号      货物数量      货物单价(元)   1    深圳市忠平智能科技有限公司      照明；屏幕及主控；指纹模块；人脸识别；ups电源等      满足简易竞价文件要求      满足简易竞价文件要求      满足简易竞价文件要求      满足简易竞价文件要求                 五、评审专家（单一来源采购人员）名单： 港珠澳大桥出入境边防检查站政府采购办公室成员 六、代理服务收费标准及金额： 本项目代理费收费标准：无 本项目代理费总金额：0.000000 万元（人民币） 七、公告期限 自本公告发布之日起1个工作日。 八、其它补充事宜 九、凡对本次公告内容提出询问，请按以下方式联系。 1.采购人信息 名 称：中华人民共和国港珠澳大桥出入境边防检查站 地址：广东省珠海市香洲区港珠澳大桥珠海公路口岸西澳一街296号港珠澳大桥边检站1号楼 联系方式：林杨高 0756-8160936 2.项目联系方式 项目联系人：庞警官 电 话： 07568160936,工程建设,,中国政府采购网,,,,,,6.495,"[{""序号"": ""1"", ""供应商名称"": ""深圳市忠平智能科技有限公司"", ""货物名称"": ""照明；屏幕及主控；指纹模块；人脸识别；ups电源等"", ""货物品牌"": ""满足简易竞价文件要求"", ""货物型号"": ""满足简易竞价文件要求"", ""货物数量"": ""满足简易竞价文件要求"", ""货物单价(元)"": ""满足简易竞价文件要求""}]",港珠澳大桥出入境边防检查站政府采购办公室成员,0.0,深圳市忠平智能科技有限公司,,,,
中华人民共和国榕城海关2026年法律顾问服务比选采购成交公告,成交公告,RGF07,2026年09月08日 09:18,鼓楼区,中华人民共和国榕城海关,福建省福州市鼓楼区湖东路312号,赵工  0591-63079961,详见公告正文,详见公告正文,详见公告正文,赵工,0591-63079961,,,https://www.ccgp.gov.cn/cggg/zygg/cjgg/202609/t20260908_27283569.htm,2026-09-10 09:36:30,一、项目编号：RGF07(F)-20260817（招标文件编号：RGF07(F)-20260817） 二、项目名称：榕城海关2026年法律顾问服务 三、中标（成交）信息 供应商名称：北京市炜衡（福州）律师事务所供应商地址：福州市台江区长汀街23号升龙环球中心43层中标（成交）金额：2.9000000（万元）四、主要标的信息 序号    供应商名称      服务名称      服务范围      服务要求      服务时间      服务标准   1    北京市炜衡（福州）律师事务所      榕城海关法律顾问服务      榕城海关法律顾问服务，供应商指派1名律师提供相关法律服务：（1）协助草拟、制订、审查或者修改合同、章程等法律文书； （2）应要求参加经济项目的磋商、谈判和法律论证； （3）应要求就已经面临或者可能发生的纠纷进行法律论证，提出解决方案等； （4）应要求讲授法律实务知识； （5）承担交办的其他法律事务。      供应商提供的所有货物和服务，其质量、技术等特征必须符合国家、行业现行标准、验收规范的合格标准及合同要求。      服务期限：1年（服务期满后可视情续签合同1年，最多续签合同2次）。      1、需求方有权拒绝接受任何不合格的货物和服务，由此产生的费用及相关后果均由供应商自行承担。 2、由供应商提出验收申请，需求方组织验收工作，经验收合格后，需求方代表在验收报告上签字或盖章。                 五、评审专家（单一来源采购人员）名单： 非单一来源 六、代理服务收费标准及金额： 本项目代理费收费标准：无收费 本项目代理费总金额：0.000000 万元（人民币） 七、公告期限 自本公告发布之日起1个工作日。 八、其它补充事宜 九、凡对本次公告内容提出询问，请按以下方式联系。 1.采购人信息 名 称：中华人民共和国榕城海关 地址：福建省福州市鼓楼区湖东路312号 联系方式：赵工 0591-63079961 2.项目联系方式 项目联系人：赵工 电 话： 0591-63079961,服务外包,,中国政府采购网,,,,,,2.9,"[{""序号"": ""1"", ""供应商名称"": ""北京市炜衡（福州）律师事务所"", ""服务名称"": ""榕城海关法律顾问服务"", ""服务范围"": ""榕城海关法律顾问服务，供应商指派1名律师提供相关法律服务：（1）协助草拟、制订、审查或者修改合同、章程等法律文书；\t\t\t（2）应要求参加经济项目的磋商、谈判和法律论证；\t\t\t（3）应要求就已经面临或者可能发生的纠纷进行法律论证，提出解决方案等；\t\t\t（4）应要求讲授法律实务知识；\t\t\t（5）承担交办的其他法律事务。"", ""服务要求"": ""供应商提供的所有货物和服务，其质量、技术等特征必须符合国家、行业现行标准、验收规范的合格标准及合同要求。"", ""服务时间"": ""服务期限：1年（服务期满后可视情续签合同1年，最多续签合同2次）。"", ""服务标准"": ""1、需求方有权拒绝接受任何不合格的货物和服务，由此产生的费用及相关后果均由供应商自行承担。\t\t\t2、由供应商提出验收申请，需求方组织验收工作，经验收合格后，需求方代表在验收报告上签字或盖章。""}]",非单一来源,0.0,北京市炜衡（福州）律师事务所,,,,
牟定县消防救援大队食堂食材采购项目成交公告,成交公告,JDZB202603015,2026年09月08日 09:07,牟定县,牟定县消防救援大队,牟定县共和镇万寿路1号,王嘉彦13658788119,云南加定工程咨询管理有限公司,楚雄市松树地安置区10号地三楼,李晓慧13577805130,王嘉彦,13658788119,"评标报告.pdf,竞争性磋商文件（牟定县消防救援大队食堂食材采购项目）.pdf","[{""attach_name"": ""评标报告.pdf"", ""attach_url"": ""https://download.ccgp.gov.cn/oss/download?uuid=77E2103327A4DF8E1C08E8B8D47A10""}, {""attach_name"": ""竞争性磋商文件（牟定县消防救援大队食堂食材采购项目）.pdf"", ""attach_url"": ""https://download.ccgp.gov.cn/oss/download?uuid=9F2E0DC23BB573A9D986A24A8622F0""}]",https://www.ccgp.gov.cn/cggg/zygg/cjgg/202609/t20260908_27283521.htm,2026-09-10 09:36:30,一、项目编号：JDZB202603015（招标文件编号：JDZB202603015） 二、项目名称：牟定县消防救援大队食堂食材采购项目 三、中标（成交）信息 供应商名称：益铖供应链管理服务（楚雄）有限公司供应商地址：云南省楚雄彝族自治州楚雄市鹿城镇中大街社区居民委员会和瑞祥农贸市场虎尾巷2号包组或产品名称：食材一批，包含：水果；蔬菜；肉类；禽类；禽蛋类；水产品；干货类等产品；面粉、淀粉；定型包装类食品；冻品类；食用油脂类；豆制品；干调类下浮率(%)：4.0000000四、主要标的信息 序号    供应商名称      服务名称      服务范围      服务要求      服务时间      服务标准   1    益铖供应链管理服务（楚雄）有限公司      牟定县消防救援大队食堂食材采购      食材一批，包含：水果；蔬菜；肉类；禽类；禽蛋类；水产品；干货类等产品；面粉、淀粉；定型包装类食品；冻品类；食用油脂类；豆制品；干调类。      供应商接到采购人采购计划后，必须确保按采购人供货时限要求按质、按量及时供货，配送至牟定县消防救援大队院内，实际以采购人指定地点为准      采购人每天20:00时前，以订单形式下达第二天所需货物、数量，每日9时00分前配送至牟定县消防救援大队食堂。因临时、紧急情况需要，接收订单后2小时内送达      符合《中华人民共和国食品安全法》、《中华人民共和国食品安全法实施条例》、《食品安全国家标准管理办法》等，满足采购人物资采购清单每个子项的验收标准及使用需求                 五、评审专家（单一来源采购人员）名单： 鲁永庆、偰梅花、曹恒发 六、代理服务收费标准及金额： 本项目代理费收费标准：按照中标价的1.5%计收，以采购预算70万元为计费基数，即：代理费金额为700000.00元×（1-中标下浮率）×1.5%，由成交人在领取成交通知书时向采购代理机构一次性支付 本项目代理费总金额：1.008000 万元（人民币） 七、公告期限 自本公告发布之日起1个工作日。 八、其它补充事宜 九、凡对本次公告内容提出询问，请按以下方式联系。 1.采购人信息 名 称：牟定县消防救援大队 地址：牟定县共和镇万寿路1号 联系方式：王嘉彦13658788119 2.采购代理机构信息 名 称：云南加定工程咨询管理有限公司 地 址：楚雄市松树地安置区10号地三楼 联系方式：李晓慧13577805130 3.项目联系方式 项目联系人：王嘉彦 电 话： 13658788119,公共安全,,中国政府采购网,,,,,,0.0,"[{""序号"": ""1"", ""供应商名称"": ""益铖供应链管理服务（楚雄）有限公司"", ""服务名称"": ""牟定县消防救援大队食堂食材采购"", ""服务范围"": ""食材一批，包含：水果；蔬菜；肉类；禽类；禽蛋类；水产品；干货类等产品；面粉、淀粉；定型包装类食品；冻品类；食用油脂类；豆制品；干调类。"", ""服务要求"": ""供应商接到采购人采购计划后，必须确保按采购人供货时限要求按质、按量及时供货，配送至牟定县消防救援大队院内，实际以采购人指定地点为准"", ""服务时间"": ""采购人每天20:00时前，以订单形式下达第二天所需货物、数量，每日9时00分前配送至牟定县消防救援大队食堂。因临时、紧急情况需要，接收订单后2小时内送达"", ""服务标准"": ""符合《中华人民共和国食品安全法》、《中华人民共和国食品安全法实施条例》、《食品安全国家标准管理办法》等，满足采购人物资采购清单每个子项的验收标准及使用需求""}]",鲁永庆、偰梅花、曹恒发,1.008,益铖供应链管理服务（楚雄）有限公司,,,,
吉林大学稳态-瞬态荧光光谱仪成交公告,成交公告,JLU-WT26225,2026年09月08日 09:03,市辖区,吉林大学,吉林省长春市前进大街2699号,林老师 0431-85167310,吉林省亿鑫工程建设项目管理有限公司,长春经济开发区东方广场万豪东方写字楼1502室,李岩 0431-80549177,李岩,0431-80549177,稳态-瞬态荧光光谱仪-竞争性磋商（终稿）.pdf,"[{""attach_name"": ""稳态-瞬态荧光光谱仪-竞争性磋商（终稿）.pdf"", ""attach_url"": ""https://download.ccgp.gov.cn/oss/download?uuid=271F88987DE10DB2705A76923D0F2B""}]",https://www.ccgp.gov.cn/cggg/zygg/cjgg/202609/t20260908_27283503.htm,2026-09-10 09:36:31,一、项目编号：JLU-WT26225（招标文件编号：JLU-WT26225） 二、项目名称：稳态-瞬态荧光光谱仪 三、中标（成交）信息 供应商名称：长春市翰凯科技有限公司供应商地址：长春市兴隆综合保税区内2号厂房南侧二层201-69号卡位中标（成交）金额：178.3500000（万元）四、主要标的信息 序号    供应商名称      货物名称      货物品牌      货物型号      货物数量      货物单价(元)   1    长春市翰凯科技有限公司      稳态-瞬态荧光光谱仪      爱丁堡      FLS1000      1套      1783500.00                 五、评审专家（单一来源采购人员）名单： 贺忠慧、卢宇、丁然 六、代理服务收费标准及金额： 本项目代理费收费标准：采购代理机构参照《招标代理服务收费管理暂行办法》（原国家计委计价格〔2002〕1980号）、《国家发展改革委关于进一步放开建设项目专业服务价格的通知》（发改价格〔2015〕299号），按标准下浮35%，向成交供应商收取代理费。本项目代理费总金额：1.8422万元（人民币） 本项目代理费总金额：1.842200 万元（人民币） 七、公告期限 自本公告发布之日起1个工作日。 八、其它补充事宜 1、本次成交结果公告在中国政府采购网、吉林大学招标与采购管理中心网站上同时发布。2、综合得分：97.00 分。 九、凡对本次公告内容提出询问，请按以下方式联系。 1.采购人信息 名 称：吉林大学 地址：吉林省长春市前进大街2699号 联系方式：林老师 0431-85167310 2.采购代理机构信息 名 称：吉林省亿鑫工程建设项目管理有限公司 地 址：长春经济开发区东方广场万豪东方写字楼1502室 联系方式：李岩 0431-80549177 3.项目联系方式 项目联系人：李岩 电 话： 0431-80549177,教育培训,,中国政府采购网,,,,,,178.35,"[{""序号"": ""1"", ""供应商名称"": ""长春市翰凯科技有限公司"", ""货物名称"": ""稳态-瞬态荧光光谱仪"", ""货物品牌"": ""爱丁堡"", ""货物型号"": ""FLS1000"", ""货物数量"": ""1套"", ""货物单价(元)"": ""1783500.00""}]",贺忠慧、卢宇、丁然,1.8422,长春市翰凯科技有限公司,,,,
盘山县气象局盘山国家基本气象站基础设施建设项目全过程工程咨询服务成交公告,成交公告,BZXHPJ-20260814,2026年09月08日 08:49,盘山县,盘山县气象局,盘山县城府前大路南侧（外环路西侧）,蔡昕哲、15184256050,博智兴华工程顾问有限公司,盘锦市大洼区田家街道璧城康桥K区S1#1-4室,张工、13842722731,蔡昕哲,15184256050,"盘山国家基本气象站基础设施建设项目全过程工程咨询服务-采购文件8.25.pdf,中小企业声明函.pdf","[{""attach_name"": ""盘山国家基本气象站基础设施建设项目全过程工程咨询服务-采购文件8.25.pdf"", ""attach_url"": ""https://download.ccgp.gov.cn/oss/download?uuid=7DB7EAFF44A4B32883CBA551515C42""}, {""attach_name"": ""中小企业声明函.pdf"", ""attach_url"": ""https://download.ccgp.gov.cn/oss/download?uuid=F7744314997AF31F46B06E8ABCA6C4""}]",https://www.ccgp.gov.cn/cggg/zygg/cjgg/202609/t20260908_27283456.htm,2026-09-10 09:36:31,一、项目编号：BZXHPJ-20260814（招标文件编号：BZXHPJ-20260814） 二、项目名称：盘山国家基本气象站基础设施建设项目全过程工程咨询服务 三、中标（成交）信息 供应商名称：中权昊泰项目管理有限公司供应商地址：辽宁省盘锦市兴隆台区兴海街道赵家村1-16-16-2A中标（成交）金额：7.8500000（万元）四、主要标的信息 序号    供应商名称      服务名称      服务范围      服务要求      服务时间      服务标准   1    中权昊泰项目管理有限公司      全过程工程咨询服务      包含招标采购代理服务、工程建设阶段（施工实施至竣工验收）项目管理；从招标采购实施开始，涵盖招标采购代理、施工建设实施管理，直至工程竣工验收备案、项目资料移交完成      服务目标：落实项目管理要求，做好招标采购合规管理，对项目质量、投资、进度、安全文明、合同、风险实施管控，规避招标采购程序瑕疵、变更失控、工期滞后、资料缺失等风险，全部成果满足现行国家、行业、地方规范及档案、政府监管要求。 人员配置：设置项目咨询总负责人，配备招标采购专职人员、现场项目管理人员、档案管理人员；核心岗位人员更换必须取得采购人书面同意；工程建设阶段安排人员现场驻场；开标、重要工程节点、各类验收总负责人或对应专职人员须到场。 成果文件：提供单位盖章纸质版及与纸质版一致的电子版，满足监管部门审查归档；严格做好项目信息及管理资料保密。 响应时效：普通咨询事项12小时响应；现场紧急事项2小时到达现场；按采购人或合同限定时间提交各类成果文件。      合同生效之日起，至全部约定服务完成止。      1.招标代理服务 （1）招标采购策划，协助采购人梳理发包范围、标段划分，提供招标采购方式、资格条件、评标办法专业建议，编制招标采购实施计划，提示招标采购合规风险。 负责编制、复核招标采购文件（施工、设备、材料、监理、工程质量检测、消防验收及评审等相关服务），采用标准示范文本，完善合同主要条款，明确变更、价款调整、付款、风险分担内容，按采购人或监管人审核意见修改完善。 （2）按照采购人委托，负责招标采购公告发布、文件发出、组织澄清和答疑，整理答疑纪要。全过程组织开标、评标评审工作，提供技术业务支撑；协助复核评标评审报告、整理评标评审资料，依法处理质疑投诉，出具专业参考意见。 （3）编制招标采购活动书面总结报告，发布成果公告并发出中标（成交）通知书；协助合同谈判，核对合同文本与招标采购文件一致性。 （5）完整归集全套招标采购活动档案，分类组卷，移交采购人。 （6）交付成果：招标采购实施计划、全套招标采购文件及澄清和答疑、投标（响应）文件、开标评标资料、招标采购书面总结报告、中标（成交）通知书、质疑投诉等完整的招标采购活动归档资料。 2.工程建设阶段项目管理服务（施工实施至竣工验收） （1）施工实施，依据采购人委托，组织、管理、协调施工方和勘察设计、工程监理、造价咨询等专业或专项咨询方；针对招标采购管理、合同管理、设计与技术管理、进度管理、质量管理、成本管理、风险管理等，代表采购人进行项目过程管理，确保工程项目建设目标实现。 编制项目管理实施规划；审核施工单位总进度计划、专项施工方案；按月出具项目管理月报，反映进度执行、投资动态、存在问题、风险提示、需采购人决策事项；跟踪进度偏差，提出纠偏建议。 质量、安全文明管控，参与图纸会审、设计交底；参与隐蔽工程、关键分部分项验收；核查现场施工质量，发现问题及时书面向采购人报告；监督安全文明施工、扬尘环保落实，对安全隐患提出管理建议，配合各级主管部门检查。 投资、合同及变更签证管理，跟踪各参建单位合同履约情况；协助审核施工单位进度款支付申请，提出付款参考意见；严格管控工程变更、现场签证，落实“先审批、后实施”，协助处理合同价款调整、索赔事项。 现场协调与会议管理，主持/组织工程例会，整理会议纪要；协调施工、监理、供货等参建单位之间界面矛盾、技术争议，推动现场问题闭环。 过程资料管理，督促监理、施工单位及时编制完善工程过程资料；检查资料完整性、规范性；建立项目管理全过程档案。 （2）竣工验收，依据采购人委托，组织、管理、协调相关参建单位及行政管理单位，针对竣工验收的实体工程、文件档案及工程结（决）算等工作的策划、计划、实施、总结等开展的项目管理工作。 核查工程完工情况及竣工资料；组织预验收，形成问题整改清单，跟踪整改闭环；协助采购人组织正式竣工验收；配合专项验收；协助办理工程竣工验收相关手续；协助整理移交项目全套过程档案。 （3）交付成果：项目管理实施规划、项目管理月报、进度款审核（参考）意见、变更签证评估意见、会议纪要、预验收资料、整改闭环清单、竣工验收备案配套资料、项目管理全过程档案。                 五、评审专家（单一来源采购人员）名单： 付彩霞、徐如冰 六、代理服务收费标准及金额： 本项目代理费收费标准：参考国家计委计价格[2002]1980 号文、发改办价格[2003]857号文、发改价格[2011]534号文标准 本项目代理费总金额：0.100000 万元（人民币） 七、公告期限 自本公告发布之日起1个工作日。 八、其它补充事宜 特别说明：根据《国务院办公厅关于印发中央预算单位政府集中采购目录及标准（2020年版）的通知》（国办发〔2019〕55号）及相关规定，本服务项目采购预算未达到分散采购限额标准，不纳入财政部门监管范围。凡涉及与本服务项目有关的询问、质疑、投诉、举报等事宜，供应商应向代理机构（如有）、采购单位或上级行政主管部门反映情况。 九、凡对本次公告内容提出询问，请按以下方式联系。 1.采购人信息 名 称：盘山县气象局 地址：盘山县城府前大路南侧（外环路西侧） 联系方式：蔡昕哲、15184256050 2.采购代理机构信息 名 称：博智兴华工程顾问有限公司 地 址：盘锦市大洼区田家街道璧城康桥K区S1#1-4室 联系方式：张工、13842722731 3.项目联系方式 项目联系人：蔡昕哲 电 话： 15184256050,工程建设,,中国政府采购网,,,,,,7.85,"[{""序号"": ""1"", ""供应商名称"": ""中权昊泰项目管理有限公司"", ""服务名称"": ""全过程工程咨询服务"", ""服务范围"": ""包含招标采购代理服务、工程建设阶段（施工实施至竣工验收）项目管理；从招标采购实施开始，涵盖招标采购代理、施工建设实施管理，直至工程竣工验收备案、项目资料移交完成"", ""服务要求"": ""服务目标：落实项目管理要求，做好招标采购合规管理，对项目质量、投资、进度、安全文明、合同、风险实施管控，规避招标采购程序瑕疵、变更失控、工期滞后、资料缺失等风险，全部成果满足现行国家、行业、地方规范及档案、政府监管要求。\t\t\t人员配置：设置项目咨询总负责人，配备招标采购专职人员、现场项目管理人员、档案管理人员；核心岗位人员更换必须取得采购人书面同意；工程建设阶段安排人员现场驻场；开标、重要工程节点、各类验收总负责人或对应专职人员须到场。\t\t\t成果文件：提供单位盖章纸质版及与纸质版一致的电子版，满足监管部门审查归档；严格做好项目信息及管理资料保密。\t\t\t响应时效：普通咨询事项12小时响应；现场紧急事项2小时到达现场；按采购人或合同限定时间提交各类成果文件。"", ""服务时间"": ""合同生效之日起，至全部约定服务完成止。"", ""服务标准"": ""1.招标代理服务\t\t\t（1）招标采购策划，协助采购人梳理发包范围、标段划分，提供招标采购方式、资格条件、评标办法专业建议，编制招标采购实施计划，提示招标采购合规风险。\t\t\t负责编制、复核招标采购文件（施工、设备、材料、监理、工程质量检测、消防验收及评审等相关服务），采用标准示范文本，完善合同主要条款，明确变更、价款调整、付款、风险分担内容，按采购人或监管人审核意见修改完善。\t\t\t（2）按照采购人委托，负责招标采购公告发布、文件发出、组织澄清和答疑，整理答疑纪要。全过程组织开标、评标评审工作，提供技术业务支撑；协助复核评标评审报告、整理评标评审资料，依法处理质疑投诉，出具专业参考意见。\t\t\t（3）编制招标采购活动书面总结报告，发布成果公告并发出中标（成交）通知书；协助合同谈判，核对合同文本与招标采购文件一致性。\t\t\t（5）完整归集全套招标采购活动档案，分类组卷，移交采购人。\t\t\t（6）交付成果：招标采购实施计划、全套招标采购文件及澄清和答疑、投标（响应）文件、开标评标资料、招标采购书面总结报告、中标（成交）通知书、质疑投诉等完整的招标采购活动归档资料。\t\t\t2.工程建设阶段项目管理服务（施工实施至竣工验收）\t\t\t（1）施工实施，依据采购人委托，组织、管理、协调施工方和勘察设计、工程监理、造价咨询等专业或专项咨询方；针对招标采购管理、合同管理、设计与技术管理、进度管理、质量管理、成本管理、风险管理等，代表采购人进行项目过程管理，确保工程项目建设目标实现。\t\t\t编制项目管理实施规划；审核施工单位总进度计划、专项施工方案；按月出具项目管理月报，反映进度执行、投资动态、存在问题、风险提示、需采购人决策事项；跟踪进度偏差，提出纠偏建议。\t\t\t质量、安全文明管控，参与图纸会审、设计交底；参与隐蔽工程、关键分部分项验收；核查现场施工质量，发现问题及时书面向采购人报告；监督安全文明施工、扬尘环保落实，对安全隐患提出管理建议，配合各级主管部门检查。\t\t\t投资、合同及变更签证管理，跟踪各参建单位合同履约情况；协助审核施工单位进度款支付申请，提出付款参考意见；严格管控工程变更、现场签证，落实“先审批、后实施”，协助处理合同价款调整、索赔事项。\t\t\t现场协调与会议管理，主持/组织工程例会，整理会议纪要；协调施工、监理、供货等参建单位之间界面矛盾、技术争议，推动现场问题闭环。\t\t\t过程资料管理，督促监理、施工单位及时编制完善工程过程资料；检查资料完整性、规范性；建立项目管理全过程档案。\t\t\t（2）竣工验收，依据采购人委托，组织、管理、协调相关参建单位及行政管理单位，针对竣工验收的实体工程、文件档案及工程结（决）算等工作的策划、计划、实施、总结等开展的项目管理工作。\t\t\t核查工程完工情况及竣工资料；组织预验收，形成问题整改清单，跟踪整改闭环；协助采购人组织正式竣工验收；配合专项验收；协助办理工程竣工验收相关手续；协助整理移交项目全套过程档案。\t\t\t（3）交付成果：项目管理实施规划、项目管理月报、进度款审核（参考）意见、变更签证评估意见、会议纪要、预验收资料、整改闭环清单、竣工验收备案配套资料、项目管理全过程档案。""}]",付彩霞、徐如冰,0.1,中权昊泰项目管理有限公司,,,,
海安市消防救援大队训练塔改造升级项目成交公告,成交公告,/,2026年09月08日 08:38,海安市,海安市消防救援大队,海安市东海大道119号,薛永明15851283512,江苏海审工程咨询有限公司,海安市长江中路122号,万弘13511572340,薛永明,15851283512,,,https://www.ccgp.gov.cn/cggg/zygg/cjgg/202609/t20260908_27283441.htm,2026-09-10 09:36:32,一、项目编号：/（招标文件编号：/） 二、项目名称：海安市消防救援大队训练塔改造升级项目 三、中标（成交）信息 供应商名称：南京燕飞消防科技有限公司供应商地址：南京市栖霞区尧化街道科创路1号金港科创园二期2号楼23-248室中标（成交）金额：28.2225970（万元）四、主要标的信息 序号    供应商名称       工程名称       施工范围       施工工期       项目经理       执业证书   1    南京燕飞消防科技有限公司      海安市消防救援大队训练塔改造升级项目      海安市消防救援大队训练塔改造升级项目施工      20日历天      /      /                 五、评审专家（单一来源采购人员）名单： 刘敏、汪宝峰、丁海涛 六、代理服务收费标准及金额： 本项目代理费收费标准：按《招标代理服务收费基准价》标准的80%收取 本项目代理费总金额：0.338671 万元（人民币） 七、公告期限 自本公告发布之日起1个工作日。 八、其它补充事宜 九、凡对本次公告内容提出询问，请按以下方式联系。 1.采购人信息 名 称：海安市消防救援大队 地址：海安市东海大道119号 联系方式：薛永明15851283512 2.采购代理机构信息 名 称：江苏海审工程咨询有限公司 地 址：海安市长江中路122号 联系方式：万弘13511572340 3.项目联系方式 项目联系人：薛永明 电 话： 15851283512,公共安全,,中国政府采购网,,,,,,28.222597,"[{""序号"": ""1"", ""供应商名称"": ""南京燕飞消防科技有限公司"", ""工程名称"": ""海安市消防救援大队训练塔改造升级项目"", ""施工范围"": ""海安市消防救援大队训练塔改造升级项目施工"", ""施工工期"": ""20日历天"", ""项目经理"": ""/"", ""执业证书"": ""/""}]",刘敏、汪宝峰、丁海涛,0.338671,南京燕飞消防科技有限公司,,,,
新华通讯社山东分社机房改造工程采购项目成交公告,成交公告,SDLB-2026005,2026年09月08日 08:33,市中区,新华通讯社山东分社,山东省济南市市中区玉函路5号、7号,王先生 053182024667 岳先生053183188018,鲁班工程管理集团有限公司,山东省济南市槐荫区齐州路西城善信大厦,董汝静 13064086620,董汝静,13064086620,新华通讯社山东分社机房改造工程采购项目竞争性磋商文件（终稿）.docx,"[{""attach_name"": ""新华通讯社山东分社机房改造工程采购项目竞争性磋商文件（终稿）.docx"", ""attach_url"": ""https://download.ccgp.gov.cn/oss/download?uuid=60ABAE73C35259C72796025C6CD1C0""}]",https://www.ccgp.gov.cn/cggg/zygg/cjgg/202609/t20260908_27283433.htm,2026-09-10 09:36:33,一、项目编号：SDLB-2026005（招标文件编号：SDLB-2026005） 二、项目名称：新华通讯社山东分社机房改造工程采购项目 三、中标（成交）信息 供应商名称：中国建筑技术集团有限公司供应商地址：北京市通州区宋庄镇艺创云阶产业园2号楼203室中标（成交）金额：192.0035000（万元）四、主要标的信息 序号    供应商名称       工程名称       施工范围       施工工期       项目经理       执业证书   1    中国建筑技术集团有限公司      新华通讯社山东分社机房改造工程采购项目      机房改造工程      自采购人发出书面开工通知之日起 45 日历天内完成全部施工、调试并竣工验收合格。因采购人原因、设计变更、不可抗力，工期经采购人确认后可顺延。      张阿勇      中华人民共和国一级建造师注册证书，注册编号：京1112011201222827 安全生产考核合格证书编号：京建安B（2023）0350260                 五、评审专家（单一来源采购人员）名单： 杜娟、范书亭、程高娃 六、代理服务收费标准及金额： 本项目代理费收费标准：采购代理服务费收费标准：成交供应商在签订合同前，向招标代理机构缴纳成交服务费，成交服务费用按照山东省招标代理服务收费指导意见鲁招协〔2024〕13号文最高收费标准计取。请供应商在测算报价时充分考虑这一因素。 本项目代理费总金额：1.644025 万元（人民币） 七、公告期限 自本公告发布之日起1个工作日。 八、其它补充事宜 九、凡对本次公告内容提出询问，请按以下方式联系。 1.采购人信息 名 称：新华通讯社山东分社 地址：山东省济南市市中区玉函路5号、7号 联系方式：王先生 053182024667 岳先生053183188018 2.采购代理机构信息 名 称：鲁班工程管理集团有限公司 地 址：山东省济南市槐荫区齐州路西城善信大厦 联系方式：董汝静 13064086620 3.项目联系方式 项目联系人：董汝静 电 话： 13064086620,信息技术,,中国政府采购网,,,,,,192.0035,"[{""序号"": ""1"", ""供应商名称"": ""中国建筑技术集团有限公司"", ""工程名称"": ""新华通讯社山东分社机房改造工程采购项目"", ""施工范围"": ""机房改造工程"", ""施工工期"": ""自采购人发出书面开工通知之日起 45 日历天内完成全部施工、调试并竣工验收合格。因采购人原因、设计变更、不可抗力，工期经采购人确认后可顺延。"", ""项目经理"": ""张阿勇"", ""执业证书"": ""中华人民共和国一级建造师注册证书，注册编号：京1112011201222827\t\t\t安全生产考核合格证书编号：京建安B（2023）0350260""}]",杜娟、范书亭、程高娃,1.644025,中国建筑技术集团有限公司,,,,
中国船级社大连分社电子卖场采购1套WPS办公软件成交公告,成交公告,,2026年09月08日 08:33,中山区,中国船级社,辽宁省大连市中山区解放路349号,毛书岭、0411-82688446,中央国家机关政府采购中心,北京市西城区西直门内大街西章胡同9号院,李云峰  010-55602390,毛书岭,0411-82688446,,,https://www.ccgp.gov.cn/cggg/zygg/cjgg/202609/t20260908_27283504.htm,2026-09-10 09:36:34,一、项目编号：无（招标文件编号：无） 二、项目名称：中国船级社大连分社电子卖场采购1套WPS办公软件 三、中标（成交）信息 供应商名称：北京连邦信息技术服务有限公司供应商地址：北京市通州区滨惠北一街3号院1号楼1层1-8-254中标（成交）金额：0.0510000（万元）四、主要标的信息 序号    供应商名称    货物名称    货物品牌    货物型号    货物数量    货物单价(元) 1    北京连邦信息技术服务有限公司    WPS办公软件    WPS    V12.8    1    510               五、评审专家（单一来源采购人员）名单： 无 六、代理服务收费标准及金额： 本项目代理费收费标准：0 本项目代理费总金额：0.000000 万元（人民币） 七、公告期限 自本公告发布之日起1个工作日。 八、其它补充事宜 九、凡对本次公告内容提出询问，请按以下方式联系。 1.采购人信息 名 称：中国船级社 地址：辽宁省大连市中山区解放路349号 联系方式：毛书岭、0411-82688446 2.采购代理机构信息 名 称：中央国家机关政府采购中心 地 址：北京市西城区西直门内大街西章胡同9号院 联系方式：李云峰 010-55602390 3.项目联系方式 项目联系人：毛书岭 电 话： 0411-82688446,信息技术,,中国政府采购网,,,,,,0.051,"[{""序号"": ""1"", ""供应商名称"": ""北京连邦信息技术服务有限公司"", ""货物名称"": ""WPS办公软件"", ""货物品牌"": ""WPS"", ""货物型号"": ""V12.8"", ""货物数量"": ""1"", ""货物单价(元)"": ""510""}]",无,0.0,北京连邦信息技术服务有限公司,,,,
中国科学院天津工业生物技术研究所核磁共振波谱仪升级组件包（包含控制机柜、探头、工作站和控制软件等）采购项目成交公告,成交公告,OITC-G260670626,2026年09月07日 22:13,天津市,中国科学院天津工业生物技术研究所,天津空港经济区西七道32号,陈老师022-84861979,东方国际招标有限责任公司,北京市海淀区丹棱街1号互联网金融中心20层,窦志超、李安齐、许宁010-68290507、0584,窦志超、李安齐、许宁,010-68290507、0584,中小企业声明+本国产品声明-武汉中科牛津波谱技术有限公司.pdf,"[{""attach_name"": ""中小企业声明+本国产品声明-武汉中科牛津波谱技术有限公司.pdf"", ""attach_url"": ""https://download.ccgp.gov.cn/oss/download?uuid=6F2AE7B9ECEEF2B23669787A60B50C""}]",https://www.ccgp.gov.cn/cggg/zygg/cjgg/202609/t20260907_27282843.htm,2026-09-10 09:36:34,"一、项目编号：OITC-G260670626（招标文件编号：OITC-G260670626） 二、项目名称：中国科学院天津工业生物技术研究所核磁共振波谱仪升级组件包（包含控制机柜、探头、工作站和控制软件等）采购项目 三、中标（成交）信息 供应商名称：武汉中科牛津波谱技术有限公司供应商地址：武汉市东湖新技术开发区光谷七路128号中标（成交）金额：134.6000000（万元）四、主要标的信息 序号    供应商名称      货物名称      货物品牌      货物型号      货物数量      货物单价(元)   1    武汉中科牛津波谱技术有限公司      核磁共振波谱仪升级组件包（包含控制机柜、探头、工作站和控制软件等）      中科牛津      Quantum-II 400MHz      1套      ¥1,346,000.00                 五、评审专家（单一来源采购人员）名单： 王亚平（评审组长）、王东黎、蔡毅 六、代理服务收费标准及金额： 本项目代理费收费标准：详见竞争性磋商文件 本项目代理费总金额：1.692500 万元（人民币） 七、公告期限 自本公告发布之日起1个工作日。 八、其它补充事宜 本项目采用综合评分法，成交供应商的综合评审得分为99.00分。 九、凡对本次公告内容提出询问，请按以下方式联系。 1.采购人信息 名 称：中国科学院天津工业生物技术研究所 地址：天津空港经济区西七道32号 联系方式：陈老师022-84861979 2.采购代理机构信息 名 称：东方国际招标有限责任公司 地 址：北京市海淀区丹棱街1号互联网金融中心20层 联系方式：窦志超、李安齐、许宁010-68290507、0584 3.项目联系方式 项目联系人：窦志超、李安齐、许宁 电 话： 010-68290507、0584",教育培训,,中国政府采购网,,,,,,134.6,"[{""序号"": ""1"", ""供应商名称"": ""武汉中科牛津波谱技术有限公司"", ""货物名称"": ""核磁共振波谱仪升级组件包（包含控制机柜、探头、工作站和控制软件等）"", ""货物品牌"": ""中科牛津"", ""货物型号"": ""Quantum-II 400MHz"", ""货物数量"": ""1套"", ""货物单价(元)"": ""¥1,346,000.00""}]",王亚平（评审组长）、王东黎、蔡毅,1.6925,武汉中科牛津波谱技术有限公司,,,,
中国科学院天津工业生物技术研究所高通量微型平行反应器采购项目成交公告,成交公告,OITC-G260670643,2026年09月07日 22:02,天津市,中国科学院天津工业生物技术研究所,天津空港经济区西七道32号,陈老师022-84861979,东方国际招标有限责任公司,北京市海淀区丹棱街1号互联网金融中心20层,窦志超、李安齐、许宁010-68290507、0584,窦志超、李安齐、许宁,010-68290507、0584,中小企业声明+本国产品声明-天津国家合成生物技术创新中心有限公司.pdf,"[{""attach_name"": ""中小企业声明+本国产品声明-天津国家合成生物技术创新中心有限公司.pdf"", ""attach_url"": ""https://download.ccgp.gov.cn/oss/download?uuid=90C4C8385993EE3B09F27BF7F23233""}]",https://www.ccgp.gov.cn/cggg/zygg/cjgg/202609/t20260907_27282836.htm,2026-09-10 09:36:35,"一、项目编号：OITC-G260670643（招标文件编号：OITC-G260670643） 二、项目名称：中国科学院天津工业生物技术研究所高通量微型平行反应器采购项目 三、中标（成交）信息 供应商名称：天津国家合成生物技术创新中心有限公司供应商地址：天津自贸试验区空港经济区西八道15号中标（成交）金额：179.0000000（万元）四、主要标的信息 序号    供应商名称      货物名称      货物品牌      货物型号      货物数量      货物单价(元)   1    天津国家合成生物技术创新中心有限公司      高通量微型平行反应器      国合智控      FermPilot-M24      1套      ¥1,790,000.00                 五、评审专家（单一来源采购人员）名单： 王亚平（评审组长）、王东黎、杨旭 六、代理服务收费标准及金额： 本项目代理费收费标准：详见竞争性磋商文件 本项目代理费总金额：2.132100 万元（人民币） 七、公告期限 自本公告发布之日起1个工作日。 八、其它补充事宜 本项目采用综合评分法，成交供应商的综合评审得分为96.67分。 九、凡对本次公告内容提出询问，请按以下方式联系。 1.采购人信息 名 称：中国科学院天津工业生物技术研究所 地址：天津空港经济区西七道32号 联系方式：陈老师022-84861979 2.采购代理机构信息 名 称：东方国际招标有限责任公司 地 址：北京市海淀区丹棱街1号互联网金融中心20层 联系方式：窦志超、李安齐、许宁010-68290507、0584 3.项目联系方式 项目联系人：窦志超、李安齐、许宁 电 话： 010-68290507、0584",教育培训,,中国政府采购网,,,,,,179.0,"[{""序号"": ""1"", ""供应商名称"": ""天津国家合成生物技术创新中心有限公司"", ""货物名称"": ""高通量微型平行反应器"", ""货物品牌"": ""国合智控"", ""货物型号"": ""FermPilot-M24"", ""货物数量"": ""1套"", ""货物单价(元)"": ""¥1,790,000.00""}]",王亚平（评审组长）、王东黎、杨旭,2.1321,天津国家合成生物技术创新中心有限公司,,,,
河海大学南京校区消防控制室报警系统和联动系统整合（二次）成交公告,成交公告,NJJC-2026ZFCG0801,2026年09月07日 21:38,南京市,河海大学,南京市西康路1号,陈老师   电话：025-83787152,南京江城工程项目管理有限公司,南京市建邺区云龙山路89号龙湖时代1栋29楼,马根荣、孔德红  电话：025-58835827-8031,马根荣、孔德红,025-58835827-8031,"中小企业声明函(消防).pdf,河海大学南京校区消防控制室报警系统和联动二次文件定稿.pdf","[{""attach_name"": ""中小企业声明函(消防).pdf"", ""attach_url"": ""https://download.ccgp.gov.cn/oss/download?uuid=657D0F4B0473DD537513538F4FCE16""}, {""attach_name"": ""河海大学南京校区消防控制室报警系统和联动二次文件定稿.pdf"", ""attach_url"": ""https://download.ccgp.gov.cn/oss/download?uuid=F585D646FFE7BD3F93962AB329519E""}]",https://www.ccgp.gov.cn/cggg/zygg/cjgg/202609/t20260907_27282804.htm,2026-09-10 09:36:35,一、项目编号：NJJC-2026ZFCG0801（G）(AG20260074)（招标文件编号：NJJC-2026ZFCG0801（G）(AG20260074)） 二、项目名称：河海大学南京校区消防控制室报警系统和联动系统整合 三、中标（成交）信息 供应商名称：安徽啦啦象消防技术有限公司供应商地址：安徽省芜湖市弋江区澛港街道柏庄时代金座1＃（1号楼）2510室、2511室中标（成交）金额：296.0000000（万元）四、主要标的信息 序号    供应商名称       工程名称       施工范围       施工工期       项目经理       执业证书   1    安徽啦啦象消防技术有限公司      河海大学南京校区消防控制室报警系统和联动系统整合      河海大学西康路校区和江宁校区消防控制室报警系统和联动系统整合，其总消控室、分消控室、消防值班室、泵房及学校各栋楼的之前的联动所需的消防设备、管道、线缆施工等工作内容。具体详见工程量清单及设计图纸      90日历天      陈兆云      二级建造师证书：皖2342022202302302                  五、评审专家（单一来源采购人员）名单： 陶亮（组长）、张帆、周源（采购人代表） 六、代理服务收费标准及金额： 本项目代理费收费标准：成交供应商需按《发改价格[2011]534号文》收费标准的38.6%向采购代理机构支付招标代理服务费。 本项目代理费总金额：0.915592 万元（人民币） 七、公告期限 自本公告发布之日起1个工作日。 八、其它补充事宜 本项目采用综合评分法，总分为100分，成交供应商得分:92分。供应商(投标人)认为自己的权益受到损害的，可以在知道或者应知其权益受到损害之日起七个工作日内，以书面形式向采购代理机构提出质疑，逾期将不再受理。 九、凡对本次公告内容提出询问，请按以下方式联系。 1.采购人信息 名 称：河海大学 地址：南京市西康路1号 联系方式：陈老师 电话：025-83787152 2.采购代理机构信息 名 称：南京江城工程项目管理有限公司 地 址：南京市建邺区云龙山路89号龙湖时代1栋29楼 联系方式：马根荣、孔德红 电话：025-58835827-8031 3.项目联系方式 项目联系人：马根荣、孔德红 电 话： 025-58835827-8031（技术咨询）、025-58835827-0（报名咨询）,教育培训,,中国政府采购网,,,,,,296.0,"[{""序号"": ""1"", ""供应商名称"": ""安徽啦啦象消防技术有限公司"", ""工程名称"": ""河海大学南京校区消防控制室报警系统和联动系统整合"", ""施工范围"": ""河海大学西康路校区和江宁校区消防控制室报警系统和联动系统整合，其总消控室、分消控室、消防值班室、泵房及学校各栋楼的之前的联动所需的消防设备、管道、线缆施工等工作内容。具体详见工程量清单及设计图纸"", ""施工工期"": ""90日历天"", ""项目经理"": ""陈兆云"", ""执业证书"": ""二级建造师证书：皖2342022202302302""}]",陶亮（组长）、张帆、周源（采购人代表）,0.915592,安徽啦啦象消防技术有限公司,,,,
南京大学Springer Nature 电子资源项目（电子书、电子期刊）成交公告,成交公告,DYF2602415,2026年09月07日 21:19,南京市,南京大学,南京市栖霞区仙林大道 163 号,王老师 0512-68768969,南京江城工程项目管理有限公司,南京市建邺区云龙山路89号龙湖时代上城1栋29楼,池工 025-58835827-8016,池工,025-58835827-8016,【定稿】单一来源文件-南京大学Springer Nature 电子资源项目（电子书、电子期刊 ）0825.doc,"[{""attach_name"": ""【定稿】单一来源文件-南京大学Springer Nature 电子资源项目（电子书、电子期刊 ）0825.doc"", ""attach_url"": ""https://download.ccgp.gov.cn/oss/download?uuid=B91C3B4B81CBB839F0E1E1443EB911""}]",https://www.ccgp.gov.cn/cggg/zygg/cjgg/202609/t20260907_27282767.htm,2026-09-10 09:36:36,一、项目编号：DYF2602415（招标文件编号：DYF2602415） 二、项目名称：南京大学Springer Nature 电子资源项目（电子书、电子期刊） 三、中标（成交）信息 供应商名称：中国教育图书进出口有限公司供应商地址：北京市丰台区西营街1号院1区1号楼、1区2号楼、1区3号楼8、9、10层中标（成交）金额：345.0000000（万元）四、主要标的信息 序号    供应商名称      服务名称      服务范围      服务要求      服务时间      服务标准   1    中国教育图书进出口有限公司      南京大学Springer Nature 电子资源项目（电子书、电子期刊）      详见单一来源采购文件      详见单一来源采购文件      自合同签订之日起1年      详见单一来源采购文件                 五、评审专家（单一来源采购人员）名单： 葛志云、邱卫云、王园（采购人代表） 六、代理服务收费标准及金额： 本项目代理费收费标准：详见单一来源采购文件 本项目代理费总金额：1.384350 万元（人民币） 七、公告期限 自本公告发布之日起1个工作日。 八、其它补充事宜 各有关当事人对成交公告结果有异议的，可以在成交公告期限届满之日起七个工作日内，以书面原件形式提出明确的请求并提供必要的证明材料，向代理公司提出质疑，逾期将不再受理。 九、凡对本次公告内容提出询问，请按以下方式联系。 1.采购人信息 名 称：南京大学 地址：南京市栖霞区仙林大道 163 号 联系方式：王老师 0512-68768969 2.采购代理机构信息 名 称：南京江城工程项目管理有限公司 地 址：南京市建邺区云龙山路89号龙湖时代上城1栋29楼 联系方式：池工 025-58835827-8016 3.项目联系方式 项目联系人：池工 电 话： 025-58835827-8016,教育培训,,中国政府采购网,,,,,,345.0,"[{""序号"": ""1"", ""供应商名称"": ""中国教育图书进出口有限公司"", ""服务名称"": ""南京大学Springer Nature 电子资源项目（电子书、电子期刊）"", ""服务范围"": ""详见单一来源采购文件"", ""服务要求"": ""详见单一来源采购文件"", ""服务时间"": ""自合同签订之日起1年"", ""服务标准"": ""详见单一来源采购文件""}]",葛志云、邱卫云、王园（采购人代表）,1.38435,中国教育图书进出口有限公司,,,,
南京大学Elsevier电子资源项目（ScienceDirect、Elsevier电子书、SCOPUS数据库）成交公告,成交公告,DYF2602414,2026年09月07日 21:19,南京市,南京大学,南京市栖霞区仙林大道 163 号,王老师 0512-68768969,南京江城工程项目管理有限公司,南京市建邺区云龙山路89号龙湖时代上城1栋29楼,池工 025-58835827-8016,池工,025-58835827-8016,【定稿】单一来源文件-南京大学Elsevier电子资源项目（ScienceDirect、Elsevier电子书、SCOPUS数据库）0825.doc,"[{""attach_name"": ""【定稿】单一来源文件-南京大学Elsevier电子资源项目（ScienceDirect、Elsevier电子书、SCOPUS数据库）0825.doc"", ""attach_url"": ""https://download.ccgp.gov.cn/oss/download?uuid=97EC06D0C2F441782D656371B3B2F0""}]",https://www.ccgp.gov.cn/cggg/zygg/cjgg/202609/t20260907_27282774.htm,2026-09-10 09:36:36,一、项目编号：DYF2602414（招标文件编号：DYF2602414） 二、项目名称：南京大学Elsevier电子资源项目（ScienceDirect、Elsevier电子书、SCOPUS数据库） 三、中标（成交）信息 供应商名称：中国教育图书进出口有限公司供应商地址：北京市丰台区西营街1号院1区1号楼、1区2号楼、1区3号楼8、9、10层中标（成交）金额：720.0000000（万元）四、主要标的信息 序号    供应商名称      服务名称      服务范围      服务要求      服务时间      服务标准   1    中国教育图书进出口有限公司      南京大学Elsevier电子资源项目（ScienceDirect、Elsevier电子书、SCOPUS数据库）      详见单一来源采购文件      详见单一来源采购文件      自合同签订之日起1年      详见单一来源采购文件                 五、评审专家（单一来源采购人员）名单： 葛志云、邱卫云、王园（采购人代表） 六、代理服务收费标准及金额： 本项目代理费收费标准：详见单一来源采购文件 本项目代理费总金额：2.300000 万元（人民币） 七、公告期限 自本公告发布之日起1个工作日。 八、其它补充事宜 各有关当事人对成交公告结果有异议的，可以在成交公告期限届满之日起七个工作日内，以书面原件形式提出明确的请求并提供必要的证明材料，向代理公司提出质疑，逾期将不再受理。 九、凡对本次公告内容提出询问，请按以下方式联系。 1.采购人信息 名 称：南京大学 地址：南京市栖霞区仙林大道 163 号 联系方式：王老师 0512-68768969 2.采购代理机构信息 名 称：南京江城工程项目管理有限公司 地 址：南京市建邺区云龙山路89号龙湖时代上城1栋29楼 联系方式：池工 025-58835827-8016 3.项目联系方式 项目联系人：池工 电 话： 025-58835827-8016,教育培训,,中国政府采购网,,,,,,720.0,"[{""序号"": ""1"", ""供应商名称"": ""中国教育图书进出口有限公司"", ""服务名称"": ""南京大学Elsevier电子资源项目（ScienceDirect、Elsevier电子书、SCOPUS数据库）"", ""服务范围"": ""详见单一来源采购文件"", ""服务要求"": ""详见单一来源采购文件"", ""服务时间"": ""自合同签订之日起1年"", ""服务标准"": ""详见单一来源采购文件""}]",葛志云、邱卫云、王园（采购人代表）,2.3,中国教育图书进出口有限公司,,,,
南京大学iGROUP数据库项目（IEEE/IETElectronicLibrary数据库、ACS数据库）成交公告,成交公告,DYF2602417,2026年09月07日 21:18,南京市,南京大学,南京市栖霞区仙林大道 163 号,王老师 0512-68768969,南京江城工程项目管理有限公司,南京市建邺区云龙山路89号龙湖时代上城1栋29楼,池工 025-58835827-8016,池工,025-58835827-8016,【定稿】单一来源文件-南京大学iGROUP数据库项目（IEEEIET Electronic Library数据库、ACS数据库）0825.doc,"[{""attach_name"": ""【定稿】单一来源文件-南京大学iGROUP数据库项目（IEEEIET Electronic Library数据库、ACS数据库）0825.doc"", ""attach_url"": ""https://download.ccgp.gov.cn/oss/download?uuid=5980C66874D755352EA2DC372C4350""}]",https://www.ccgp.gov.cn/cggg/zygg/cjgg/202609/t20260907_27282769.htm,2026-09-10 09:36:37,一、项目编号：DYF2602417（招标文件编号：DYF2602417） 二、项目名称：南京大学iGROUP数据库项目（IEEE/IET Electronic Library数据库、ACS数据库） 三、中标（成交）信息 供应商名称：中国教育图书进出口有限公司供应商地址：北京市丰台区西营街1号院1区1号楼、1区2号楼、1区3号楼8、9、10层中标（成交）金额：304.0000000（万元）四、主要标的信息 序号    供应商名称      服务名称      服务范围      服务要求      服务时间      服务标准   1    中国教育图书进出口有限公司      南京大学iGROUP数据库项目（IEEE/IET Electronic Library数据库、ACS数据库）      详见单一来源采购文件      详见单一来源采购文件      自合同签订之日起1年      详见单一来源采购文件                 五、评审专家（单一来源采购人员）名单： 葛志云、邱卫云、王园（采购人代表） 六、代理服务收费标准及金额： 本项目代理费收费标准：详见单一来源采购文件 本项目代理费总金额：1.235520 万元（人民币） 七、公告期限 自本公告发布之日起1个工作日。 八、其它补充事宜 各有关当事人对成交公告结果有异议的，可以在成交公告期限届满之日起七个工作日内，以书面原件形式提出明确的请求并提供必要的证明材料，向代理公司提出质疑，逾期将不再受理 九、凡对本次公告内容提出询问，请按以下方式联系。 1.采购人信息 名 称：南京大学 地址：南京市栖霞区仙林大道 163 号 联系方式：王老师 0512-68768969 2.采购代理机构信息 名 称：南京江城工程项目管理有限公司 地 址：南京市建邺区云龙山路89号龙湖时代上城1栋29楼 联系方式：池工 025-58835827-8016 3.项目联系方式 项目联系人：池工 电 话： 025-58835827-8016,教育培训,,中国政府采购网,,,,,,304.0,"[{""序号"": ""1"", ""供应商名称"": ""中国教育图书进出口有限公司"", ""服务名称"": ""南京大学iGROUP数据库项目（IEEE/IET Electronic Library数据库、ACS数据库）"", ""服务范围"": ""详见单一来源采购文件"", ""服务要求"": ""详见单一来源采购文件"", ""服务时间"": ""自合同签订之日起1年"", ""服务标准"": ""详见单一来源采购文件""}]",葛志云、邱卫云、王园（采购人代表）,1.23552,中国教育图书进出口有限公司,,,,
南京大学Taylor&Francis数据库项目成交公告,成交公告,DYF2602413,2026年09月07日 21:18,南京市,南京大学,南京市栖霞区仙林大道 163 号,王老师 0512-68768969,南京江城工程项目管理有限公司,南京市建邺区云龙山路89号龙湖时代上城1栋29楼,池工 025-58835827-8016,池工,025-58835827-8016,-【定稿】单一来源文件-南京大学Taylor & Francis 数据库项目0825.doc,"[{""attach_name"": ""-【定稿】单一来源文件-南京大学Taylor & Francis 数据库项目0825.doc"", ""attach_url"": ""https://download.ccgp.gov.cn/oss/download?uuid=5F735F59519A91C69DA1E5B5FE3E9B""}]",https://www.ccgp.gov.cn/cggg/zygg/cjgg/202609/t20260907_27282772.htm,2026-09-10 09:36:37,一、项目编号：DYF2602413（招标文件编号：DYF2602413） 二、项目名称：南京大学Taylor & Francis 数据库项目 三、中标（成交）信息 供应商名称：中国图书进出口（集团）有限公司供应商地址：北京市朝阳区工人体育场东路16号中标（成交）金额：260.0000000（万元）四、主要标的信息 序号    供应商名称      服务名称      服务范围      服务要求      服务时间      服务标准   1    中国图书进出口（集团）有限公司      南京大学Taylor & Francis 数据库项目      详见单一来源采购文件      详见单一来源采购文件      自合同签订之日起1年      详见单一来源采购文件                 五、评审专家（单一来源采购人员）名单： 葛志云、邱卫云、王园（采购人代表） 六、代理服务收费标准及金额： 本项目代理费收费标准：详见单一来源采购文件 本项目代理费总金额：1.075800 万元（人民币） 七、公告期限 自本公告发布之日起1个工作日。 八、其它补充事宜 各有关当事人对成交公告结果有异议的，可以在成交公告期限届满之日起七个工作日内，以书面原件形式提出明确的请求并提供必要的证明材料，向代理公司提出质疑，逾期将不再受理。 九、凡对本次公告内容提出询问，请按以下方式联系。 1.采购人信息 名 称：南京大学 地址：南京市栖霞区仙林大道 163 号 联系方式：王老师 0512-68768969 2.采购代理机构信息 名 称：南京江城工程项目管理有限公司 地 址：南京市建邺区云龙山路89号龙湖时代上城1栋29楼 联系方式：池工 025-58835827-8016 3.项目联系方式 项目联系人：池工 电 话： 025-58835827-8016,教育培训,,中国政府采购网,,,,,,260.0,"[{""序号"": ""1"", ""供应商名称"": ""中国图书进出口（集团）有限公司"", ""服务名称"": ""南京大学Taylor & Francis 数据库项目"", ""服务范围"": ""详见单一来源采购文件"", ""服务要求"": ""详见单一来源采购文件"", ""服务时间"": ""自合同签订之日起1年"", ""服务标准"": ""详见单一来源采购文件""}]",葛志云、邱卫云、王园（采购人代表）,1.0758,中国图书进出口（集团）有限公司,,,,
南京大学Wiley 电子资源（电子期刊、电子书）项目成交公告,成交公告,DYF2602416,2026年09月07日 21:18,南京市,南京大学,南京市栖霞区仙林大道 163 号,王老师 0512-68768969,南京江城工程项目管理有限公司,南京市建邺区云龙山路89号龙湖时代上城1栋29楼,池工 025-58835827-8016,池工,025-58835827-8016,【定稿】单一来源文件-南京大学Wiley 电子资源（电子期刊、电子书）项目0825.doc,"[{""attach_name"": ""【定稿】单一来源文件-南京大学Wiley 电子资源（电子期刊、电子书）项目0825.doc"", ""attach_url"": ""https://download.ccgp.gov.cn/oss/download?uuid=C448B1C4D1137AC13AEF209B034E59""}]",https://www.ccgp.gov.cn/cggg/zygg/cjgg/202609/t20260907_27282773.htm,2026-09-10 09:36:38,一、项目编号：DYF2602416（招标文件编号：DYF2602416） 二、项目名称：南京大学Wiley 电子资源（电子期刊、电子书）项目 三、中标（成交）信息 供应商名称：中国教育图书进出口有限公司供应商地址：北京市丰台区西营街1号院1区1号楼、1区2号楼、1区3号楼8、9、10层中标（成交）金额：284.0000000（万元）四、主要标的信息 序号    供应商名称      服务名称      服务范围      服务要求      服务时间      服务标准   1    中国教育图书进出口有限公司      南京大学Wiley 电子资源（电子期刊、电子书）项目      详见单一来源采购文件      详见单一来源采购文件      自合同签订之日起1年      详见单一来源采购文件                 五、评审专家（单一来源采购人员）名单： 葛志云、邱卫云、王园（采购人代表） 六、代理服务收费标准及金额： 本项目代理费收费标准：详见单一来源采购文件 本项目代理费总金额：1.162920 万元（人民币） 七、公告期限 自本公告发布之日起1个工作日。 八、其它补充事宜 各有关当事人对成交公告结果有异议的，可以在成交公告期限届满之日起七个工作日内，以书面原件形式提出明确的请求并提供必要的证明材料，向代理公司提出质疑，逾期将不再受理。 九、凡对本次公告内容提出询问，请按以下方式联系。 1.采购人信息 名 称：南京大学 地址：南京市栖霞区仙林大道 163 号 联系方式：王老师 0512-68768969 2.采购代理机构信息 名 称：南京江城工程项目管理有限公司 地 址：南京市建邺区云龙山路89号龙湖时代上城1栋29楼 联系方式：池工 025-58835827-8016 3.项目联系方式 项目联系人：池工 电 话： 025-58835827-8016,教育培训,,中国政府采购网,,,,,,284.0,"[{""序号"": ""1"", ""供应商名称"": ""中国教育图书进出口有限公司"", ""服务名称"": ""南京大学Wiley 电子资源（电子期刊、电子书）项目"", ""服务范围"": ""详见单一来源采购文件"", ""服务要求"": ""详见单一来源采购文件"", ""服务时间"": ""自合同签订之日起1年"", ""服务标准"": ""详见单一来源采购文件""}]",葛志云、邱卫云、王园（采购人代表）,1.16292,中国教育图书进出口有限公司,,,,
南京大学2026年度学生宿舍屋面防水修缮成交公告,成交公告,JCG2602412,2026年09月07日 21:18,南京市,南京大学,南京市栖霞区仙林大道163号,赵老师 025-83688959,南京苏宁工程咨询有限公司,南京鼓楼区中山路99号1212室,江跃 025-84200819,江跃,025-84200819,"小微企业声明函.jpg,（定）竞争性磋商文件--南京大学2026年度学生宿舍屋面防水修缮.pdf","[{""attach_name"": ""小微企业声明函.jpg"", ""attach_url"": ""https://download.ccgp.gov.cn/oss/download?uuid=CE0738D43605F55535CB34506D1505""}, {""attach_name"": ""（定）竞争性磋商文件--南京大学2026年度学生宿舍屋面防水修缮.pdf"", ""attach_url"": ""https://download.ccgp.gov.cn/oss/download?uuid=03A39D5790D72562DAEB38D177B6F0""}]",https://www.ccgp.gov.cn/cggg/zygg/cjgg/202609/t20260907_27282775.htm,2026-09-10 09:36:39,一、项目编号：JCG2602412（SNZX-20260444）（招标文件编号：JCG2602412（SNZX-20260444）） 二、项目名称：南京大学2026年度学生宿舍屋面防水修缮 三、中标（成交）信息 供应商名称：江苏润控建设有限公司供应商地址：南京市江宁区秣陵街道清水亭西路2号百家湖科技产业园B区5栋109室中标（成交）金额：271.8177190（万元）四、主要标的信息 序号    供应商名称       工程名称       施工范围       施工工期       项目经理       执业证书   1    江苏润控建设有限公司      南京大学2026年度学生宿舍屋面防水修缮      施工内容包含屋面拆除工程、防水工程、保温工程等，具体详见招标文件及工程量清单。      60日历天      吕美娟      注册二级建造师 苏232191914764                 五、评审专家（单一来源采购人员）名单： 陈舒、田原、潘燕（采购人代表） 六、代理服务收费标准及金额： 本项目代理费收费标准：本项目代理费收费标准：本项目招标代理服务费由成交人支付。成交金额<100万元，费率：0.495%；成交金额100-500万元，费率：0.264%；最低执行价1800元，最高执行价20000元（费率实行差额定率累进法） 本项目代理费总金额：0.948599 万元（人民币） 七、公告期限 自本公告发布之日起1个工作日。 八、其它补充事宜 1、本项目采用综合评分法，成交供应商的评审总得分为：91分。2、各有关供应商对成交结果持有异议的，可以在知道或者应知其权益受到损害之日起7个工作日内，以书面形式向本公司提出质疑，逾期将不再受理。 九、凡对本次公告内容提出询问，请按以下方式联系。 1.采购人信息 名 称：南京大学 地址：南京市栖霞区仙林大道163号 联系方式：赵老师 025-83688959 2.采购代理机构信息 名 称：南京苏宁工程咨询有限公司 地 址：南京鼓楼区中山路99号1212室 联系方式：江跃 025-84200819 3.项目联系方式 项目联系人：江跃 电 话： 025-84200819,教育培训,,中国政府采购网,,,,,,271.817719,"[{""序号"": ""1"", ""供应商名称"": ""江苏润控建设有限公司"", ""工程名称"": ""南京大学2026年度学生宿舍屋面防水修缮"", ""施工范围"": ""施工内容包含屋面拆除工程、防水工程、保温工程等，具体详见招标文件及工程量清单。"", ""施工工期"": ""60日历天"", ""项目经理"": ""吕美娟"", ""执业证书"": ""注册二级建造师\t\t\t苏232191914764""}]",陈舒、田原、潘燕（采购人代表）,0.948599,江苏润控建设有限公司,,,,
北京化工大学电子会议服务平台采购项目成交公告,成交公告,BUCTHZHBX20260024/KJY20261512,2026年09月07日 20:27,北京市,北京化工大学,北京市朝阳区北三环东路15号,曾老师010-64433870,北京科技园拍卖招标有限公司,北京市海淀区万泉庄万柳光大西园6号楼,苏娜、孙兴娟、邢昱010-82575125/5831-250、219,苏娜、孙兴娟、邢昱,010-82575125,发售稿_北京化工大学电子会议服务平台采购项目综合比选文件.pdf,"[{""attach_name"": ""发售稿_北京化工大学电子会议服务平台采购项目综合比选文件.pdf"", ""attach_url"": ""https://download.ccgp.gov.cn/oss/download?uuid=59F80A07617A5ED226357446EDB777""}]",https://www.ccgp.gov.cn/cggg/zygg/cjgg/202609/t20260907_27282662.htm,2026-09-10 09:36:39,一、项目编号：BUCTHZHBX20260024/KJY20261512 （招标文件编号：BUCTHZHBX20260024/KJY20261512） 二、项目名称：北京化工大学电子会议服务平台采购项目 三、中标（成交）信息 供应商名称：杭州席媒科技有限公司供应商地址：浙江省杭州市上城区九盛路9号24幢2楼2023室中标（成交）金额：56.0030000（万元）四、主要标的信息 序号    供应商名称      货物名称      货物品牌      货物型号      货物数量      货物单价(元)   1    杭州席媒科技有限公司      电子会议服务平台；无纸化会议终端；会议终端配套键盘；会议终端配套保护套；电子桌牌；电子桌牌通信基站；标签打印机；扫码枪；标签纸；收纳支架；收纳箱（大）；收纳箱（小）；      席媒；华为；华为；席媒；席媒；席媒；得力；驰腾；得力；际庆；席媒；席媒；      XM-RS200-J3/HB；MatePad Air；KA12-KB11； XM-JP20-J3；XM-ZMA07-J3/HB；XM-JG20-J3/HB；DL-730C；C986L；ZG281；DMGK100；定制；定制；      1套；70套；10套；60套；30套；2台；2台；2把；1套；1个；3个；6个；      182000；4000；500；190；1050；1950；540；110；20；39750；760；480；                 五、评审专家（单一来源采购人员）名单： 宁提纲、赵同刚、杜彬 六、代理服务收费标准及金额： 本项目代理费收费标准：参照原国家计委计价格【2002】1980号文和国家发改委发改办价格【2003】857号文的计算方法下浮20%收取。 本项目代理费总金额：0.672000 万元（人民币） 七、公告期限 自本公告发布之日起1个工作日。 八、其它补充事宜 综合得分：96分 九、凡对本次公告内容提出询问，请按以下方式联系。 1.采购人信息 名 称：北京化工大学 地址：北京市朝阳区北三环东路15号 联系方式：曾老师010-64433870 2.采购代理机构信息 名 称：北京科技园拍卖招标有限公司 地 址：北京市海淀区万泉庄万柳光大西园6号楼 联系方式：苏娜、孙兴娟、邢昱010-82575125/5831-250、219 3.项目联系方式 项目联系人：苏娜、孙兴娟、邢昱 电 话： 010-82575125/5831-250、219,教育培训,,中国政府采购网,,,,,,56.003,"[{""序号"": ""1"", ""供应商名称"": ""杭州席媒科技有限公司"", ""货物名称"": ""电子会议服务平台；无纸化会议终端；会议终端配套键盘；会议终端配套保护套；电子桌牌；电子桌牌通信基站；标签打印机；扫码枪；标签纸；收纳支架；收纳箱（大）；收纳箱（小）；"", ""货物品牌"": ""席媒；华为；华为；席媒；席媒；席媒；得力；驰腾；得力；际庆；席媒；席媒；"", ""货物型号"": ""XM-RS200-J3/HB；MatePad Air；KA12-KB11； XM-JP20-J3；XM-ZMA07-J3/HB；XM-JG20-J3/HB；DL-730C；C986L；ZG281；DMGK100；定制；定制；"", ""货物数量"": ""1套；70套；10套；60套；30套；2台；2台；2把；1套；1个；3个；6个；"", ""货物单价(元)"": ""182000；4000；500；190；1050；1950；540；110；20；39750；760；480；""}]",宁提纲、赵同刚、杜彬,0.672,杭州席媒科技有限公司,,,,
中国医学科学院整形外科医院信息化运行维护项目成交公告,成交公告,0701-264106140871,2026年09月07日 20:21,北京市,中国医学科学院整形外科医院,北京市石景山区八大处路33号,李老师010-88772916,中技国际招标有限公司,北京市丰台区西营街1号院通用时代中心C座9层,马建、肖然、吴萍、孙薇81168697、81168260,马建、肖然、吴萍、孙薇,81168697、81168260,"中国医学科学院整形外科医院信息化运行维护项目成交公告.docx,871号标中国医学科学院整形外科医院信息化运行维护项目单一来源文件20260817（定稿）.pdf","[{""attach_name"": ""中国医学科学院整形外科医院信息化运行维护项目成交公告.docx"", ""attach_url"": ""https://download.ccgp.gov.cn/oss/download?uuid=A54E88D76F8345DFF42B06DA3DCFD4""}, {""attach_name"": ""871号标中国医学科学院整形外科医院信息化运行维护项目单一来源文件20260817（定稿）.pdf"", ""attach_url"": ""https://download.ccgp.gov.cn/oss/download?uuid=034B5C4995C588B9972BBEF1D4574B""}]",https://www.ccgp.gov.cn/cggg/zygg/cjgg/202609/t20260907_27282645.htm,2026-09-10 09:36:40,一、项目编号：0701-264106140871（招标文件编号：0701-264106140871） 二、项目名称：中国医学科学院整形外科医院信息化运行维护项目 三、中标（成交）信息 供应商名称：首信医联信息技术有限公司供应商地址：北京市东城区后永康胡同17号10号楼1层2086室中标（成交）金额：28.0000000（万元） 供应商名称：北京博思财信网络科技有限公司供应商地址：北京市海淀区西北旺东路10号院东区20号楼4层中标（成交）金额：14.0000000（万元）四、主要标的信息 序号    供应商名称      服务名称      服务范围      服务要求      服务时间      服务标准   1    首信医联信息技术有限公司      医保系统升级      随着医保门诊/住院实时结算业务的上线、互联互通工作的开展，医保系统处理的数据量将大大增加，对医保业务系统数据处理性能、稳定性、高可用性，以及对医保数据安全性、医保业务的连续性、工作效率方面提出了更高要求，我院需要对现有的医保信息系统运维服务进行升级工作，并定制个性化医保信息系统技术服务方案。      为医院指派一名项目经理，统一协调技术服务，并作为与采购人日常联络接口人。      合同签订后1年      为医院指派一名项目经理，统一协调技术服务，并作为与采购人日常联络接口人。                 序号    供应商名称      服务名称      服务范围      服务要求      服务时间      服务标准   2    北京博思财信网络科技有限公司      电子发票系统升级      医院电子票据及电子会计档案系统每年度正常运行需要运维支持。      软件运行维护服务：指向甲方提供的以保障软件正常运行的维护服务      合同签订后1年      便于用户对不同年份的档案管理，对单位的档案归档年度进行初始化，设置需要归档的年度。                 五、评审专家（单一来源采购人员）名单： 黄梅、孙利民、史亚坤 六、代理服务收费标准及金额： 本项目代理费收费标准：参照原国家发改委颁布的《招标代理服务收费管理暂行办法》（计价格[2002]1980号）下浮20% 本项目代理费总金额：0.504000 万元（人民币） 七、公告期限 自本公告发布之日起1个工作日。 八、其它补充事宜 项目用途：自用。合同执行期、服务要求：合同签订后1年 采用单一来源采购方式的原因及说明：第1包医保系统：随着医保门诊/住院实时结算业务的上线、互联互通工作的开展，医保系统处理的数据量将大大增加，对医保业务系统数据处理性能、稳定性、高可用性，以及对医保数据安全性、医保业务的连续性、工作效率方面提出了更高要求，我院需要对现有的医保信息系统运维服务进行升级工作，并定制个性化医保信息系统技术服务方案。因医院现有医保系统为首信公司开发的北京医保系统，为保证系统使用的匹配性、安全性，故需从原有品牌授权供应商处采购。第2包电子发票系统升级：电子票据及电子会计档案系统运行维护：医院电子票据及电子会计档案系统每年度正常运行需要运维支持。因医院现有电子票据及电子会计档案系统为博思医疗电子票据系统，为保证系统使用的匹配性、安全性，故需从原有品牌授权供应商处采购 九、凡对本次公告内容提出询问，请按以下方式联系。 1.采购人信息 名 称：中国医学科学院整形外科医院 地址：北京市石景山区八大处路33号 联系方式：李老师010-88772916 2.采购代理机构信息 名 称：中技国际招标有限公司 地 址：北京市丰台区西营街1号院通用时代中心C座9层 联系方式：马建、肖然、吴萍、孙薇81168697、81168260 3.项目联系方式 项目联系人：马建、肖然、吴萍、孙薇 电 话： 81168697、81168260,医疗卫生,,中国政府采购网,,,,,,42.0,"[{""序号"": ""1"", ""供应商名称"": ""首信医联信息技术有限公司"", ""服务名称"": ""医保系统升级"", ""服务范围"": ""随着医保门诊/住院实时结算业务的上线、互联互通工作的开展，医保系统处理的数据量将大大增加，对医保业务系统数据处理性能、稳定性、高可用性，以及对医保数据安全性、医保业务的连续性、工作效率方面提出了更高要求，我院需要对现有的医保信息系统运维服务进行升级工作，并定制个性化医保信息系统技术服务方案。"", ""服务要求"": ""为医院指派一名项目经理，统一协调技术服务，并作为与采购人日常联络接口人。"", ""服务时间"": ""合同签订后1年"", ""服务标准"": ""为医院指派一名项目经理，统一协调技术服务，并作为与采购人日常联络接口人。""}, {""序号"": ""序号"", ""供应商名称"": ""供应商名称"", ""服务名称"": ""服务名称"", ""服务范围"": ""服务范围"", ""服务要求"": ""服务要求"", ""服务时间"": ""服务时间"", ""服务标准"": ""服务标准""}, {""序号"": ""2"", ""供应商名称"": ""北京博思财信网络科技有限公司"", ""服务名称"": ""电子发票系统升级"", ""服务范围"": ""医院电子票据及电子会计档案系统每年度正常运行需要运维支持。"", ""服务要求"": ""软件运行维护服务：指向甲方提供的以保障软件正常运行的维护服务"", ""服务时间"": ""合同签订后1年"", ""服务标准"": ""便于用户对不同年份的档案管理，对单位的档案归档年度进行初始化，设置需要归档的年度。""}]",黄梅、孙利民、史亚坤,0.504,首信医联信息技术有限公司、供应商名称、北京博思财信网络科技有限公司,,,,
福建省漳州市芗城区消防救援大队2026年度零星修缮供应商采购项目成交公告,成交公告,,2026年09月07日 20:06,芗城区,漳州市芗城区消防救援大队,漳州市芗城区惠民路8号,陈先生0596-2877512,时代建盛工程管理有限公司,福建省漳州市龙文区新浦东路22号明发商业广场20幢1101-1116室,小唐0596-2962965-801,陈先生,0596-2877512,"中小企业声明函.pdf,8.28定稿 漳州市芗城区消防救援大队2026年度零星修缮供应商采购项目.docx","[{""attach_name"": ""中小企业声明函.pdf"", ""attach_url"": ""https://download.ccgp.gov.cn/oss/download?uuid=BCBB6E49F8D22B00C238C829C06E19""}, {""attach_name"": ""8.28定稿 漳州市芗城区消防救援大队2026年度零星修缮供应商采购项目.docx"", ""attach_url"": ""https://download.ccgp.gov.cn/oss/download?uuid=F3EB0E607854667FA165B2B81D2554""}]",https://www.ccgp.gov.cn/cggg/zygg/cjgg/202609/t20260907_27282606.htm,2026-09-10 09:36:41,一、项目编号：建盛（Z-2026）招字023号（招标文件编号：建盛（Z-2026）招字023号） 二、项目名称：漳州市芗城区消防救援大队2026年度零星修缮供应商采购项目 三、中标（成交）信息 供应商名称：福建泷璟旺建设工程有限公司供应商地址：福建省漳州市龙海区榜山镇普边村庄厝387号包组或产品名称：无下浮率(%)：4.5000000四、主要标的信息 序号    供应商名称      服务名称      服务范围      服务要求      服务时间      服务标准   1    福建泷璟旺建设工程有限公司      漳州市芗城区消防救援大队2026年度零星修缮供应商采购项目      按竞争性谈判文件及响应文件执行      按竞争性谈判文件及响应文件执行      合同签订后开始服务，服务期为一年。      按竞争性谈判文件及响应文件执行                 五、评审专家（单一来源采购人员）名单： 杨鑫（组长）、范殷铭、简上强（采购人代表） 六、代理服务收费标准及金额： 本项目代理费收费标准：按竞争性谈判文件约定收费标准收取费用。 本项目代理费总金额：0.343800 万元（人民币） 七、公告期限 自本公告发布之日起1个工作日。 八、其它补充事宜 1.政府采购政策性价格扣除情况：无。2.福建泷璟旺建设工程有限公司：最终评审价为下浮率4.5%。3.不符合情况：无。 九、凡对本次公告内容提出询问，请按以下方式联系。 1.采购人信息 名 称：漳州市芗城区消防救援大队 地址：漳州市芗城区惠民路8号 联系方式：陈先生0596-2877512 2.采购代理机构信息 名 称：时代建盛工程管理有限公司 地 址：福建省漳州市龙文区新浦东路22号明发商业广场20幢1101-1116室 联系方式：小唐0596-2962965-801 3.项目联系方式 项目联系人：陈先生 电 话： 0596-2877512,公共安全,,中国政府采购网,,,,,,0.0,"[{""序号"": ""1"", ""供应商名称"": ""福建泷璟旺建设工程有限公司"", ""服务名称"": ""漳州市芗城区消防救援大队2026年度零星修缮供应商采购项目"", ""服务范围"": ""按竞争性谈判文件及响应文件执行"", ""服务要求"": ""按竞争性谈判文件及响应文件执行"", ""服务时间"": ""合同签订后开始服务，服务期为一年。"", ""服务标准"": ""按竞争性谈判文件及响应文件执行""}]",杨鑫（组长）、范殷铭、简上强（采购人代表）,0.3438,福建泷璟旺建设工程有限公司,,,,
哈尔滨工程大学第二十二学生公寓建设项目铝合金玻璃幕墙等采购及安装（二次）成交公告,成交公告,HTCL-XB-263018,2026年09月07日 20:02,南岗区,哈尔滨工程大学,哈尔滨市南岗区南通大街145号,杜老师、杨老师、张老师  0451-82519863,黑龙江省招标有限公司,黑龙江省哈尔滨市南岗区汉水路180号,于兆文、於佳  0451-82364713,于兆文、於佳,0451-82364713,,,https://www.ccgp.gov.cn/cggg/zygg/cjgg/202609/t20260907_27282595.htm,2026-09-10 09:36:41,一、项目编号：HTCL-XB-263018（招标文件编号：HTCL-XB-263018） 二、项目名称：哈尔滨工程大学第二十二学生公寓建设项目铝合金玻璃幕墙等采购及安装 三、中标（成交）信息 供应商名称：黑龙江恒智建设工程有限公司供应商地址：黑龙江省哈尔滨市松北区龙川路1023号保利水韵小区(北区)4号楼2单元9层1号中标（成交）金额：87.8333390（万元）四、主要标的信息 序号    供应商名称       工程名称       施工范围       施工工期       项目经理       执业证书   1    黑龙江恒智建设工程有限公司      哈尔滨工程大学第二十二学生公寓建设项目铝合金玻璃幕墙等采购及安装（二次）      铝合金玻璃幕墙工程，半隐框铝合金玻璃幕墙409.25㎡、超低能耗中庭排烟窗271㎡采购及安装等（具体见设计图纸、招标技术要求、工程量清单）。      计划工期2026年8月30日至2026年10月30日，具体时间由招标人根据工程项目进展情况确定      罗洪伟      建筑工程专业二级建造师注册证书 黑2232024202604426                 五、评审专家（单一来源采购人员）名单： 赵书航、苏蓉、李伟（采购人代表） 六、代理服务收费标准及金额： 本项目代理费收费标准：成交金额100万元人民币以下部分（含100万元）按1.0%费率收取；100～500万元人民币部分按0.7%费率收取； 本项目代理费总金额：0.878400 万元（人民币） 七、公告期限 自本公告发布之日起1个工作日。 八、其它补充事宜 一、项目编号：HTCL-XB-263018二、项目名称：哈尔滨工程大学第二十二学生公寓建设项目铝合金玻璃幕墙等采购及安装（二次）三、成交信息供应商名称：黑龙江恒智建设工程有限公司供应商地址：黑龙江省哈尔滨市松北区龙川路1023号保利水韵小区(北区)4号楼2单元9层1号中标（成交）金额：87.833339万元人民币四、主要标的信息 工程类 名称：哈尔滨工程大学第二十二学生公寓建设项目铝合金玻璃幕墙等采购及安装（二次） 施工范围：铝合金玻璃幕墙工程，半隐框铝合金玻璃幕墙409.25㎡、超低能耗中庭排烟窗271㎡采购及安装等（具体见设计图纸、招标技术要求、工程量清单）。 施工工期：计划工期2026年8月30日至2026年10月30日，具体时间由招标人根据工程项目进展情况确定。 项目负责人：罗洪伟 执业证书信息：建筑工程专业二级建造师注册证书 黑2232024202604426 五、评审专家名单：赵书航、苏蓉、李伟（采购人代表）六、代理服务收费标准及金额：本项目代理费总金额：0.8784万元（人民币）本项目代理费收费标准：成交金额100万元人民币以下部分（含100万元）按1.0%费率收取；100～500万元人民币部分按0.7%费率收取；七、公告期限自本公告发布之日起1个工作日。八、其他补充事宜成交供应商：黑龙江恒智建设工程有限公司综合得分：100.00分九、凡对本次公告内容提出询问，请按以下方式联系。1.采购人信息名 称：哈尔滨工程大学地 址：哈尔滨市南岗区南通大街145号联系方式：杜老师、杨老师、张老师电 话：0451-825198632.采购代理机构信息名 称：黑龙江省招标有限公司地 址：哈尔滨市南岗区汉水路180号联系方式：于兆文、於佳  电话：0451-82364713业务监督：黑龙江省招标有限公司风控合规部业务监督电话：0451-823647233.项目联系方式项目负责人：于兆文        电 话：0451-82364713 九、凡对本次公告内容提出询问，请按以下方式联系。 1.采购人信息 名 称：哈尔滨工程大学 地址：哈尔滨市南岗区南通大街145号 联系方式：杜老师、杨老师、张老师 0451-82519863 2.采购代理机构信息 名 称：黑龙江省招标有限公司 地 址：黑龙江省哈尔滨市南岗区汉水路180号 联系方式：于兆文、於佳 0451-82364713 3.项目联系方式 项目联系人：于兆文、於佳 电 话： 0451-82364713,教育培训,,中国政府采购网,,,,,,87.833339,"[{""序号"": ""1"", ""供应商名称"": ""黑龙江恒智建设工程有限公司"", ""工程名称"": ""哈尔滨工程大学第二十二学生公寓建设项目铝合金玻璃幕墙等采购及安装（二次）"", ""施工范围"": ""铝合金玻璃幕墙工程，半隐框铝合金玻璃幕墙409.25㎡、超低能耗中庭排烟窗271㎡采购及安装等（具体见设计图纸、招标技术要求、工程量清单）。"", ""施工工期"": ""计划工期2026年8月30日至2026年10月30日，具体时间由招标人根据工程项目进展情况确定"", ""项目经理"": ""罗洪伟"", ""执业证书"": ""建筑工程专业二级建造师注册证书 黑2232024202604426""}]",赵书航、苏蓉、李伟（采购人代表）,0.8784,黑龙江恒智建设工程有限公司,,,,
庄浪县消防救援大队食堂主副食采购配送项目成交公告,成交公告,,2026年09月07日 20:01,庄浪县,庄浪县消防救援大队,甘肃省平凉市庄浪县南城区南河南路,孙冠宇，13830335852,甘肃标华建设工程管理有限公司,平凉市崆峒区崆峒西路澳厦城市花园GY6号楼6号门面,杨妮妮，18193388857,孙冠宇,13830335852,"庄浪县消防救援大队食堂主副食采购配送项目成交结果公告.pdf,庄浪县消防救援大队食堂主副食采购配送项目-第1标段招标文件（PDF版）.pdf","[{""attach_name"": ""庄浪县消防救援大队食堂主副食采购配送项目成交结果公告.pdf"", ""attach_url"": ""https://download.ccgp.gov.cn/oss/download?uuid=FB25011668CBED13CBCF01EA8824EB""}, {""attach_name"": ""庄浪县消防救援大队食堂主副食采购配送项目-第1标段招标文件（PDF版）.pdf"", ""attach_url"": ""https://download.ccgp.gov.cn/oss/download?uuid=303B8C3858062BBCD159004EA912A1""}]",https://www.ccgp.gov.cn/cggg/zygg/cjgg/202609/t20260907_27282668.htm,2026-09-10 09:36:42,一、项目编号：（招标文件编号：GSBH-2026-0037） 二、项目名称：庄浪县消防救援大队食堂主副食采购配送项目 三、中标（成交）信息 供应商名称：庄浪嘉荣发到家商贸有限公司供应商地址：甘肃省平凉市庄浪县水洛镇何马村嘉荣亲水庄14号楼103商铺中标（成交）金额：0.0000000（万元）四、主要标的信息 序号    供应商名称      货物名称      货物品牌      货物型号      货物数量      货物单价(元)   1    庄浪嘉荣发到家商贸有限公司      详见附件      详见附件      详见附件      详见附件      详见附件                 五、评审专家（单一来源采购人员）名单： 王小炜，杜高扬，孙冠宇 六、代理服务收费标准及金额： 本项目代理费收费标准：代理服务收费标准：参照国家发展和改革委员会【发改价格（2015）299号文件】以及采购人与采购代理机构达成的书面协议收取。 本项目代理费总金额：0.500000 万元（人民币） 七、公告期限 自本公告发布之日起1个工作日。 八、其它补充事宜 无 九、凡对本次公告内容提出询问，请按以下方式联系。 1.采购人信息 名 称：庄浪县消防救援大队 地址：甘肃省平凉市庄浪县南城区南河南路 联系方式：孙冠宇，13830335852 2.采购代理机构信息 名 称：甘肃标华建设工程管理有限公司 地 址：平凉市崆峒区崆峒西路澳厦城市花园GY6号楼6号门面 联系方式：杨妮妮，18193388857 3.项目联系方式 项目联系人：孙冠宇 电 话： 13830335852,公共安全,,中国政府采购网,,,,,,0.0,"[{""序号"": ""1"", ""供应商名称"": ""庄浪嘉荣发到家商贸有限公司"", ""货物名称"": ""详见附件"", ""货物品牌"": ""详见附件"", ""货物型号"": ""详见附件"", ""货物数量"": ""详见附件"", ""货物单价(元)"": ""详见附件""}]",王小炜，杜高扬，孙冠宇,0.5,庄浪嘉荣发到家商贸有限公司,,,,
久治县消防队改造维修项目（第二次）成交结果公告,成交公告,,2026年09月07日 19:50,玛沁县,果洛藏族自治州消防救援支队,果洛藏族自治州玛沁县大武镇黄河路540号,联系人：蔡老师 联系电话：0975-8384637,青海博翰工程管理有限公司,西宁市城西区西关大街57号水电大厦14楼,联系人：严女士 联系方式：0971-6285252,蔡老师,0975-8384637,"中小企业声明函.png,最终报价.pdf","[{""attach_name"": ""中小企业声明函.png"", ""attach_url"": ""https://download.ccgp.gov.cn/oss/download?uuid=1345A9D129B3495FC72EBCC8A50922""}, {""attach_name"": ""最终报价.pdf"", ""attach_url"": ""https://download.ccgp.gov.cn/oss/download?uuid=E0F6076A979AB1CB7228D231BCB551""}]",https://www.ccgp.gov.cn/cggg/zygg/cjgg/202609/t20260907_27282568.htm,2026-09-10 09:36:42,一、项目编号：青海博翰竞磋（工程）2026-026-1（招标文件编号：青海博翰竞磋（工程）2026-026-1） 二、项目名称：久治县消防队改造维修项目（第二次） 三、中标（成交）信息 供应商名称：中盛德建设有限公司供应商地址：青海省西宁市城北区祁连路453号2号楼2单元2153室中标（成交）金额：32.9439000（万元）四、主要标的信息 序号    供应商名称       工程名称       施工范围       施工工期       项目经理       执业证书   1    中盛德建设有限公司      久治县消防队改造维修项目项目（第二次）      久治县消防队改造维修项目项目（第二次）详见工程量清单      60天（具体开竣工日期以合同签订为准）      李占伟      青2632017201741606                 五、评审专家（单一来源采购人员）名单： 刘彩霞，吕建杰，张海峰（第1标项采购人代表） 六、代理服务收费标准及金额： 本项目代理费收费标准：参照《招标代理服务收费管理暂行办法》（计价格[2002]1980号）以及《关于进一步放开建设项目专项业务服务价格的通知》（发改价格[2015]299号）规定执行。 本项目代理费总金额：34.453800 万元（人民币） 七、公告期限 自本公告发布之日起1个工作日。 八、其它补充事宜 无 九、凡对本次公告内容提出询问，请按以下方式联系。 1.采购人信息 名 称：果洛藏族自治州消防救援支队 地址：果洛藏族自治州玛沁县大武镇黄河路540号 联系方式：联系人：蔡老师 联系电话：0975-8384637 2.采购代理机构信息 名 称：青海博翰工程管理有限公司 地 址：西宁市城西区西关大街57号水电大厦14楼 联系方式：联系人：严女士 联系方式：0971-6285252 3.项目联系方式 项目联系人：蔡老师 电 话： 0975-8384637,公共安全,,中国政府采购网,,,,,,32.9439,"[{""序号"": ""1"", ""供应商名称"": ""中盛德建设有限公司"", ""工程名称"": ""久治县消防队改造维修项目项目（第二次）"", ""施工范围"": ""久治县消防队改造维修项目项目（第二次）详见工程量清单"", ""施工工期"": ""60天（具体开竣工日期以合同签订为准）"", ""项目经理"": ""李占伟"", ""执业证书"": ""青2632017201741606""}]",刘彩霞，吕建杰，张海峰（第1标项采购人代表）,34.4538,中盛德建设有限公司,,,,
新疆分行高低压配电室消防系统改造项目成交公告,成交公告,XJYHZB2026-198,2026年09月07日 19:37,乌鲁木齐市,中国人民银行新疆维吾尔自治区分行,乌鲁木齐市天山区解放北路街道人民路395号,冉赤军 0991-2373268,新疆元泓工程项目管理咨询有限公司,乌鲁木齐经济技术开发区乌昌路九方财富广场A座5楼525室,孙江彦、高娟、王金花、文静、段春丽  17699056208,孙江彦、高娟、王金花、文静、段,17699056208,,,https://www.ccgp.gov.cn/cggg/zygg/cjgg/202609/t20260907_27282527.htm,2026-09-10 09:36:43,一、项目编号：XJYHZB2026-198（招标文件编号：XJYHZB2026-198） 二、项目名称：新疆分行高低压配电室消防系统改造项目 三、中标（成交）信息 供应商名称：新疆久安消防检测有限公司供应商地址：新疆乌鲁木齐市水磨沟区红光山路2888号乌鲁木齐绿地中心202/203栋20层办公03号房(蓝海大厦2003室)中标（成交）金额：18.5682000（万元）四、主要标的信息 序号    供应商名称      货物名称      货物品牌      货物型号      货物数量      货物单价(元)   1    新疆久安消防检测有限公司      火灾报警区域机；气体灭火控制主机；预制式七氟丙烷钢瓶；七氟丙烷药剂；开孔；泄压装置；感烟探测器；感温探测器；放气勿入指示灯；声光报警器；启停按钮；输入输出模块；电源线；信号线；JDG管；标识牌；风机控制柜；事故排风机；风机底座；开室外风道口；防火阀70°；排风口；排风管道；风道防火包裹；防火软连接；减震器；支吊架；电缆线；线管；应急灯；安全出口灯      火灾报警区域机：泰和安；气体灭火控制主机：泰和安；预制式七氟丙烷钢瓶：温州平荣；七氟丙烷药剂：永和化工；开孔：/；泄压装置：江西瑞通；感烟探测器：泰和安；感温探测器：泰和安；放气勿入指示灯：泰和安；声光报警器：泰和安；启停按钮：泰和安；输入输出模块：泰和安；电源线：金川；信号线：金川；JDG管：鑫利；标识牌：/；风机控制柜：德力西；事故排风机：恒中磐；风机底座：恒中磐；开室外风道口：/；防火阀70°：恒中磐；排风口：/；排风管道：八钢；风道防火包裹：鑫盛达晟；防火软连接：/；减震器：/；支吊架：/；电缆线：金川；线管：鑫利；应急灯：栎峰；安全出口灯：栎峰      火灾报警区域机：壁挂式，JB-QB-TX3000N；气体灭火控制主机：TX3042D壁挂式、2回路、可联网，；预制式七氟丙烷钢瓶：GQQ120/2.5DW；七氟丙烷药剂：HFC-227ea；开孔：800*400；泄压装置：0.25-J-800*400；感烟探测器：TX3100D；感温探测器：TX3110B；放气勿入指示灯：TX3317；声光报警器：TX3307A；启停按钮：TX3157A；输入输出模块：TX3207；电源线：RVS2*2.5；信号线：RVS2*1.5；JDG管：DN25；标识牌：150*100；风机控制柜：400*600；事故排风机：HTF-3-3KW；风机底座：HTF-3；开室外风道口：800*400；防火阀70°：800*400；排风口：500*200；排风管道：800*400；风道防火包裹：铝箔离心玻璃棉板；防火软连接：800*400；减震器：FZD-5；支吊架：100-120KG；电缆线：WDZBN-YJY 3*6+1*4 mm2；线管：DN32；应急灯：壁装；安全出口灯：壁装      火灾报警区域机：1；气体灭火控制主机：1；预制式七氟丙烷钢瓶：8；七氟丙烷药剂：960；开孔：3；泄压装置：2；感烟探测器：19；感温探测器：18；放气勿入指示灯：6；声光报警器：6；启停按钮：6；输入输出模块：7；电源线：360；信号线：360；JDG管：160；标识牌：2；风机控制柜：1；事故排风机：1；风机底座：1；开室外风道口：1；防火阀70°：2；排风口：6；排风管道：65；风道防火包裹：65；防火软连接：2；减震器：6；支吊架：9；电缆线：30；线管：30；应急灯：8；安全出口灯：6      火灾报警区域机：12095；气体灭火控制主机：9850；预制式七氟丙烷钢瓶：4865；七氟丙烷药剂：66.2；开孔：580；泄压装置：865；感烟探测器：175；感温探测器：188.5；放气勿入指示灯：178；声光报警器：196；启停按钮：216；输入输出模块：176；电源线：6.5；信号线：5.8；JDG管：18.6；标识牌：15；风机控制柜：2150；事故排风机：4856；风机底座：1550；开室外风道口：3850；防火阀：785；排风口：178；排风管道：176.2；风道防火包裹：85；防火软连接：175.5；减震器：265；支吊架：156；电缆线：27；线管：36.8；应急灯：117；安全出口灯：109                 五、评审专家（单一来源采购人员）名单： 摆生俊、李江丰、王学韶 六、代理服务收费标准及金额： 本项目代理费收费标准：本项目采购代理服务费由成交单位向采购代理机构支付，采购代理服务费以成交金额作为收费的计算基数，计算基数*1.5%后下浮30%收取，由成交单位领取成交通知书时一次性支付。 本项目代理费总金额：0.194966 万元（人民币） 七、公告期限 自本公告发布之日起1个工作日。 八、其它补充事宜 九、凡对本次公告内容提出询问，请按以下方式联系。 1.采购人信息 名 称：中国人民银行新疆维吾尔自治区分行 地址：乌鲁木齐市天山区解放北路街道人民路395号 联系方式：冉赤军 0991-2373268 2.采购代理机构信息 名 称：新疆元泓工程项目管理咨询有限公司 地 址：乌鲁木齐经济技术开发区乌昌路九方财富广场A座5楼525室 联系方式：孙江彦、高娟、王金花、文静、段春丽 17699056208 3.项目联系方式 项目联系人：孙江彦、高娟、王金花、文静、段春丽 电 话： 17699056208,公共安全,,中国政府采购网,,,,,,18.5682,"[{""序号"": ""1"", ""供应商名称"": ""新疆久安消防检测有限公司"", ""货物名称"": ""火灾报警区域机；气体灭火控制主机；预制式七氟丙烷钢瓶；七氟丙烷药剂；开孔；泄压装置；感烟探测器；感温探测器；放气勿入指示灯；声光报警器；启停按钮；输入输出模块；电源线；信号线；JDG管；标识牌；风机控制柜；事故排风机；风机底座；开室外风道口；防火阀70°；排风口；排风管道；风道防火包裹；防火软连接；减震器；支吊架；电缆线；线管；应急灯；安全出口灯"", ""货物品牌"": ""火灾报警区域机：泰和安；气体灭火控制主机：泰和安；预制式七氟丙烷钢瓶：温州平荣；七氟丙烷药剂：永和化工；开孔：/；泄压装置：江西瑞通；感烟探测器：泰和安；感温探测器：泰和安；放气勿入指示灯：泰和安；声光报警器：泰和安；启停按钮：泰和安；输入输出模块：泰和安；电源线：金川；信号线：金川；JDG管：鑫利；标识牌：/；风机控制柜：德力西；事故排风机：恒中磐；风机底座：恒中磐；开室外风道口：/；防火阀70°：恒中磐；排风口：/；排风管道：八钢；风道防火包裹：鑫盛达晟；防火软连接：/；减震器：/；支吊架：/；电缆线：金川；线管：鑫利；应急灯：栎峰；安全出口灯：栎峰"", ""货物型号"": ""火灾报警区域机：壁挂式，JB-QB-TX3000N；气体灭火控制主机：TX3042D壁挂式、2回路、可联网，；预制式七氟丙烷钢瓶：GQQ120/2.5DW；七氟丙烷药剂：HFC-227ea；开孔：800*400；泄压装置：0.25-J-800*400；感烟探测器：TX3100D；感温探测器：TX3110B；放气勿入指示灯：TX3317；声光报警器：TX3307A；启停按钮：TX3157A；输入输出模块：TX3207；电源线：RVS2*2.5；信号线：RVS2*1.5；JDG管：DN25；标识牌：150*100；风机控制柜：400*600；事故排风机：HTF-3-3KW；风机底座：HTF-3；开室外风道口：800*400；防火阀70°：800*400；排风口：500*200；排风管道：800*400；风道防火包裹：铝箔离心玻璃棉板；防火软连接：800*400；减震器：FZD-5；支吊架：100-120KG；电缆线：WDZBN-YJY 3*6+1*4 mm2；线管：DN32；应急灯：壁装；安全出口灯：壁装"", ""货物数量"": ""火灾报警区域机：1；气体灭火控制主机：1；预制式七氟丙烷钢瓶：8；七氟丙烷药剂：960；开孔：3；泄压装置：2；感烟探测器：19；感温探测器：18；放气勿入指示灯：6；声光报警器：6；启停按钮：6；输入输出模块：7；电源线：360；信号线：360；JDG管：160；标识牌：2；风机控制柜：1；事故排风机：1；风机底座：1；开室外风道口：1；防火阀70°：2；排风口：6；排风管道：65；风道防火包裹：65；防火软连接：2；减震器：6；支吊架：9；电缆线：30；线管：30；应急灯：8；安全出口灯：6"", ""货物单价(元)"": ""火灾报警区域机：12095；气体灭火控制主机：9850；预制式七氟丙烷钢瓶：4865；七氟丙烷药剂：66.2；开孔：580；泄压装置：865；感烟探测器：175；感温探测器：188.5；放气勿入指示灯：178；声光报警器：196；启停按钮：216；输入输出模块：176；电源线：6.5；信号线：5.8；JDG管：18.6；标识牌：15；风机控制柜：2150；事故排风机：4856；风机底座：1550；开室外风道口：3850；防火阀：785；排风口：178；排风管道：176.2；风道防火包裹：85；防火软连接：175.5；减震器：265；支吊架：156；电缆线：27；线管：36.8；应急灯：117；安全出口灯：109""}]",摆生俊、李江丰、王学韶,0.194966,新疆久安消防检测有限公司,,,,
中山大学肿瘤防治中心2026-2029年零星修缮工程项目成交公告,成交公告,0692-2631Z4034136,2026年09月07日 19:28,越秀区,中山大学肿瘤防治中心,广州市越秀区东风东路651号,邓老师，020-87345582,广东省机电设备招标中心有限公司,020-66341719、66341729,郭宁、温辉翠、李伟广、吴嘉鹏（如电话无人接听，请发邮件到362229215@qq.com咨询，我司会及时回复）（有关招标项目商务技术等问题可致电项目联系人）,郭宁、温辉翠、李伟广、吴嘉鹏,020-66341719、66341729,"中小企业声明函.pdf,磋商文件--中山大学肿瘤防治中心2026-2029年零星修缮工程项目.pdf","[{""attach_name"": ""中小企业声明函.pdf"", ""attach_url"": ""https://download.ccgp.gov.cn/oss/download?uuid=50F35DCA38CB58ABDCF074F3E100AF""}, {""attach_name"": ""磋商文件--中山大学肿瘤防治中心2026-2029年零星修缮工程项目.pdf"", ""attach_url"": ""https://download.ccgp.gov.cn/oss/download?uuid=7FECD0A63CBF720A21D8F15B7B070D""}]",https://www.ccgp.gov.cn/cggg/zygg/cjgg/202609/t20260907_27282500.htm,2026-09-10 09:36:44,一、项目编号：0692-2631Z4034136（招标文件编号：0692-2631Z4034136） 二、项目名称：中山大学肿瘤防治中心2026-2029年零星修缮工程项目 三、中标（成交）信息 供应商名称：广东省装饰有限公司供应商地址：广东省广州市海珠区石榴岗路10号生物工程大厦6楼包组或产品名称：中山大学肿瘤防治中心2026-2029年零星修缮工程项目折扣率(%)：87.0000000四、主要标的信息 序号    供应商名称      工程名称      施工范围      施工工期      项目经理      执业证书   1    广东省装饰有限公司      中山大学肿瘤防治中心2026-2029年零星修缮工程项目      按磋商文件要求      按磋商文件要求      江汛      粤2442010201002339                 五、评审专家（单一来源采购人员）名单： 张生林、李玮壕、樊伟焯、黄梓恒、王志安、何彩升（采购人代表）、严玉朋（采购人代表） 六、代理服务收费标准及金额： 本项目代理费收费标准：按磋商文件规定收取。 本项目代理费总金额：4.500000 万元（人民币） 七、公告期限 自本公告发布之日起1个工作日。 八、其它补充事宜 1、成交供应商的综合得分为93.19分2、成交供应商的报价如下：（1）清单内报价折扣率：87.00% （2）清单外报价折扣率：91.62% 九、凡对本次公告内容提出询问，请按以下方式联系。 1.采购人信息 名 称：中山大学肿瘤防治中心 地址：广州市越秀区东风东路651号 联系方式：邓老师，020-87345582 2.采购代理机构信息 名 称：广东省机电设备招标中心有限公司 地 址：020-66341719、66341729 联系方式：郭宁、温辉翠、李伟广、吴嘉鹏（如电话无人接听，请发邮件到362229215@qq.com咨询，我司会及时回复）（有关招标项目商务技术等问题可致电项目联系人） 3.项目联系方式 项目联系人：郭宁、温辉翠、李伟广、吴嘉鹏 电 话： 020-66341719、66341729,教育培训,,中国政府采购网,,,,,,0.0,"[{""序号"": ""1"", ""供应商名称"": ""广东省装饰有限公司"", ""工程名称"": ""中山大学肿瘤防治中心2026-2029年零星修缮工程项目"", ""施工范围"": ""按磋商文件要求"", ""施工工期"": ""按磋商文件要求"", ""项目经理"": ""江汛"", ""执业证书"": ""粤2442010201002339""}]",张生林、李玮壕、樊伟焯、黄梓恒、王志安、何彩升（采购人代表）、严玉朋（采购人代表）,4.5,广东省装饰有限公司,,,,
中国人民银行凉山彝族自治州分行中国人民银行凉山州分行办公大楼外立面及附属用房安全隐患排除项目成交公告,成交公告,sctj2026082601,2026年09月07日 19:04,西昌市,中国人民银行凉山彝族自治州分行,四川省凉山彝族自治州西昌市东南街166号。,联系人:杨老师 联系电话：0834-2160381,四川同玖工程管理有限公司,西昌市航天大道五段领地海月里10栋11楼。,联系人:倪先生 联系电话：0834-2185670,倪先生,0834-2185670,"评审报告.pdf,中小企业声明函.jpg","[{""attach_name"": ""评审报告.pdf"", ""attach_url"": ""https://download.ccgp.gov.cn/oss/download?uuid=5E5C024DAF586438EECA63BA5B10EA""}, {""attach_name"": ""中小企业声明函.jpg"", ""attach_url"": ""https://download.ccgp.gov.cn/oss/download?uuid=EA68BD32E4506159344AC0EB8D5976""}]",https://www.ccgp.gov.cn/cggg/zygg/cjgg/202609/t20260907_27282386.htm,2026-09-10 09:36:44,一、项目编号：sctj2026082601（招标文件编号：sctj2026082601） 二、项目名称：中国人民银行凉山州分行办公大楼外立面及附属用房安全隐患排除项目 三、中标（成交）信息 供应商名称：四川西凉路桥建设工程有限公司供应商地址：四川省凉山彝族自治州西昌市滴水岩8号1幢（仅用于行政办公）中标（成交）金额：65.7886650（万元）四、主要标的信息 序号    供应商名称       工程名称       施工范围       施工工期       项目经理       执业证书   1    四川西凉路桥建设工程有限公司      中国人民银行凉山州分行办公大楼外立面及附属用房安全隐患排除项目      施工范围包括外墙GRC装饰线条、罗马柱、女儿墙线条拆除更换，挑檐铝塑板更换及防水改造，三楼档案室外墙防水处理屋面天沟更换，发电机房、配电房消防改造及围墙重建等，详见工程量清单。      合同签订之日起50日历天。      黄丽      川2512019201938285                 五、评审专家（单一来源采购人员）名单： 陈琼、王向阳、谯曙光（业主代表） 六、代理服务收费标准及金额： 本项目代理费收费标准：由供应商支付，参考《招标代理服务收费管理暂行办法》(计价格[2002]1980号)收费标准及国家关于进一步放开建设项目专业服务价格的通知，结合实际成本及合理利润原则收取。 本项目代理费总金额：1.100000 万元（人民币） 七、公告期限 自本公告发布之日起1个工作日。 八、其它补充事宜 无 九、凡对本次公告内容提出询问，请按以下方式联系。 1.采购人信息 名 称：中国人民银行凉山彝族自治州分行 地址：四川省凉山彝族自治州西昌市东南街166号。 联系方式：联系人:杨老师 联系电话：0834-2160381 2.采购代理机构信息 名 称：四川同玖工程管理有限公司 地 址：西昌市航天大道五段领地海月里10栋11楼。 联系方式：联系人:倪先生 联系电话：0834-2185670 3.项目联系方式 项目联系人：倪先生 电 话： 0834-2185670,公共安全,,中国政府采购网,,,,,,65.788665,"[{""序号"": ""1"", ""供应商名称"": ""四川西凉路桥建设工程有限公司"", ""工程名称"": ""中国人民银行凉山州分行办公大楼外立面及附属用房安全隐患排除项目"", ""施工范围"": ""施工范围包括外墙GRC装饰线条、罗马柱、女儿墙线条拆除更换，挑檐铝塑板更换及防水改造，三楼档案室外墙防水处理屋面天沟更换，发电机房、配电房消防改造及围墙重建等，详见工程量清单。"", ""施工工期"": ""合同签订之日起50日历天。"", ""项目经理"": ""黄丽"", ""执业证书"": ""川2512019201938285""}]",陈琼、王向阳、谯曙光（业主代表）,1.1,四川西凉路桥建设工程有限公司,,,,
zycgr22011902失效分析成交公告,成交公告,ZGGJ-BJ04-26081634/SiC2026034,2026年09月07日 18:34,北京市,zycgr22011902,/,李老师 010-57305134,中工国际招标有限公司,北京市朝阳区慧忠路5号远大中心C座2层203,王宇婷、王欣、康进、张跃   010-82952950-814,王宇婷、王欣、康进、张跃,010-82952950-814,,,https://www.ccgp.gov.cn/cggg/zygg/cjgg/202609/t20260907_27282099.htm,2026-09-10 09:36:45,一、项目编号：ZGGJ-BJ04-26081634/SiC2026034（招标文件编号：ZGGJ-BJ04-26081634/SiC2026034） 二、项目名称：失效分析 三、中标（成交）信息 供应商名称：广电计量检测集团股份有限公司供应商地址：广州市番禺区石碁镇创运路8号中标（成交）金额：0.0776820（万元）四、主要标的信息 序号    供应商名称     货物名称     货物品牌     货物型号     货物数量     货物单价(元)  1    广电计量检测集团股份有限公司     /     /     /     /     /                五、评审专家（单一来源采购人员）名单： 张鹤、程镭、黄颖 六、代理服务收费标准及金额： 本项目代理费收费标准：按照国家发展计划委员会颁发的《招标代理服务费管理暂行办法》即计价格【2002】1980号文规定的收费标准以成交价为取费基准计取，由成交供应商一次性向采购代理机构支付。 本项目代理费总金额：0.375000 万元（人民币） 七、公告期限 自本公告发布之日起1个工作日。 八、其它补充事宜 本公告综合成交金额为单价。 九、凡对本次公告内容提出询问，请按以下方式联系。 1.采购人信息 名 称：zycgr22011902 地址：/ 联系方式：李老师 010-57305134 2.采购代理机构信息 名 称：中工国际招标有限公司 地 址：北京市朝阳区慧忠路5号远大中心C座2层203 联系方式：王宇婷、王欣、康进、张跃 010-82952950-814 3.项目联系方式 项目联系人：王宇婷、王欣、康进、张跃 电 话： 010-82952950-814,文化旅游,,中国政府采购网,,,,,,0.077682,"[{""序号"": ""1"", ""供应商名称"": ""广电计量检测集团股份有限公司"", ""货物名称"": ""/"", ""货物品牌"": ""/"", ""货物型号"": ""/"", ""货物数量"": ""/"", ""货物单价(元)"": ""/""}]",张鹤、程镭、黄颖,0.375,广电计量检测集团股份有限公司,,,,
zycgr22011902光刻设备耗材成交公告,成交公告,ZGGJ-BJ04-26081635/SiC2026033,2026年09月07日 18:33,北京市,zycgr22011902,/,杨老师 010-57305334,中工国际招标有限公司,北京市朝阳区慧忠路5号远大中心C座2层203,王宇婷、王欣、康进、张跃   010-82952950-814,王宇婷、王欣、康进、张跃,010-82952950-814,"中小企业声明函.pdf,SIC33竞争性谈判文件-光刻设备耗材（实验室-0818）(1).pdf","[{""attach_name"": ""中小企业声明函.pdf"", ""attach_url"": ""https://download.ccgp.gov.cn/oss/download?uuid=8560D0E45007ED7FB6C0F36369B8AB""}, {""attach_name"": ""SIC33竞争性谈判文件-光刻设备耗材（实验室-0818）(1).pdf"", ""attach_url"": ""https://download.ccgp.gov.cn/oss/download?uuid=022899E87D71491A38F199879C7E77""}]",https://www.ccgp.gov.cn/cggg/zygg/cjgg/202609/t20260907_27282080.htm,2026-09-10 09:36:45,一、项目编号：ZGGJ-BJ04-26081635/SiC2026033（招标文件编号：ZGGJ-BJ04-26081635/SiC2026033） 二、项目名称：光刻设备耗材 三、中标（成交）信息 供应商名称：南通沃晨电子科技有限公司供应商地址：海安市城东镇和合路99号15栋1号楼中标（成交）金额：56.9014000（万元）四、主要标的信息 序号    供应商名称     货物名称     货物品牌     货物型号     货物数量     货物单价(元)  1    南通沃晨电子科技有限公司     详见附件     详见附件     详见附件     详见附件     详见附件                五、评审专家（单一来源采购人员）名单： 张鹤、程镭、黄颖 六、代理服务收费标准及金额： 本项目代理费收费标准：按照国家发展计划委员会颁发的《招标代理服务费管理暂行办法》即计价格【2002】1980号文规定的收费标准以成交价为取费基准计取，由成交供应商一次性向采购代理机构支付； 本项目代理费总金额：0.853521 万元（人民币） 七、公告期限 自本公告发布之日起1个工作日。 八、其它补充事宜 / 九、凡对本次公告内容提出询问，请按以下方式联系。 1.采购人信息 名 称：zycgr22011902 地址：/ 联系方式：杨老师 010-57305334 2.采购代理机构信息 名 称：中工国际招标有限公司 地 址：北京市朝阳区慧忠路5号远大中心C座2层203 联系方式：王宇婷、王欣、康进、张跃 010-82952950-814 3.项目联系方式 项目联系人：王宇婷、王欣、康进、张跃 电 话： 010-82952950-814,设备购置,,中国政府采购网,,,,,,56.9014,"[{""序号"": ""1"", ""供应商名称"": ""南通沃晨电子科技有限公司"", ""货物名称"": ""详见附件"", ""货物品牌"": ""详见附件"", ""货物型号"": ""详见附件"", ""货物数量"": ""详见附件"", ""货物单价(元)"": ""详见附件""}]",张鹤、程镭、黄颖,0.853521,南通沃晨电子科技有限公司,,,,
代码管理服务器和测试工作站成交公告,成交公告,ZGGJ-BJ04-26081601/DZFZ008,2026年09月07日 18:33,北京市,zycgr22011902,/,杨老师 010-57305334,中工国际招标有限公司,北京市朝阳区慧忠路5号远大中心C座2层203,王宇婷、王欣、康进、张跃   010-82952950-814,王宇婷、王欣、康进、张跃,010-82952950-814,"DZFZ08竞争性磋商文件-代码管理服务器和测试工作站(2)(1).pdf,北京景阳雷诺科技有限公司最终报价清单(1).pdf,产品占比承诺.png","[{""attach_name"": ""DZFZ08竞争性磋商文件-代码管理服务器和测试工作站(2)(1).pdf"", ""attach_url"": ""https://download.ccgp.gov.cn/oss/download?uuid=E41A68C4CF28FF310B4231E4AB9671""}, {""attach_name"": ""北京景阳雷诺科技有限公司最终报价清单(1).pdf"", ""attach_url"": ""https://download.ccgp.gov.cn/oss/download?uuid=7742F849C9EEDBD214779D12868D7E""}, {""attach_name"": ""产品占比承诺.png"", ""attach_url"": ""https://download.ccgp.gov.cn/oss/download?uuid=D7F6C4D96A9EA1781096E48FE04A1E""}]",https://www.ccgp.gov.cn/cggg/zygg/cjgg/202609/t20260907_27282075.htm,2026-09-10 09:36:46,一、项目编号：ZGGJ-BJ04-26081601/DZFZ008（招标文件编号：ZGGJ-BJ04-26081601/DZFZ008） 二、项目名称：代码管理服务器和测试工作站 三、中标（成交）信息 供应商名称：北京景阳雷诺科技有限公司供应商地址：北京市昌平区回龙观西大街9号院1号楼21层1单元2506中标（成交）金额：58.4900000（万元）四、主要标的信息 序号    供应商名称      货物名称      货物品牌      货物型号      货物数量      货物单价(元)   1    北京景阳雷诺科技有限公司      详见附件      详见附件      详见附件      详见附件      详见附件                 五、评审专家（单一来源采购人员）名单： 刘成成侯伏慧宋会卿 六、代理服务收费标准及金额： 本项目代理费收费标准：按照国家发展计划委员会颁发的《招标代理服务费管理暂行办法》即计价格【2002】1980号文规定的收费标准以成交价为取费基准计取，由成交供应商一次性向采购代理机构支付 本项目代理费总金额：0.877350 万元（人民币） 七、公告期限 自本公告发布之日起1个工作日。 八、其它补充事宜 / 九、凡对本次公告内容提出询问，请按以下方式联系。 1.采购人信息 名 称：zycgr22011902 地址：/ 联系方式：杨老师 010-57305334 2.采购代理机构信息 名 称：中工国际招标有限公司 地 址：北京市朝阳区慧忠路5号远大中心C座2层203 联系方式：王宇婷、王欣、康进、张跃 010-82952950-814 3.项目联系方式 项目联系人：王宇婷、王欣、康进、张跃 电 话： 010-82952950-814,其他,,中国政府采购网,,,,,,58.49,"[{""序号"": ""1"", ""供应商名称"": ""北京景阳雷诺科技有限公司"", ""货物名称"": ""详见附件"", ""货物品牌"": ""详见附件"", ""货物型号"": ""详见附件"", ""货物数量"": ""详见附件"", ""货物单价(元)"": ""详见附件""}]","刘成成
侯伏慧
宋会卿",0.87735,北京景阳雷诺科技有限公司,,,,
清洗设备耗材成交公告,成交公告,ZGGJ-BJ04-26071565/SiC2026022,2026年09月07日 18:31,北京市,zycgr22011902,/,李老师 010-57305134,中工国际招标有限公司,北京市朝阳区慧忠路5号远大中心C座2层203,王宇婷、王欣、康进、张跃   010-82952950-814,王宇婷、王欣、康进、张跃,010-82952950-814,,,https://www.ccgp.gov.cn/cggg/zygg/cjgg/202609/t20260907_27282063.htm,2026-09-10 09:36:46,一、项目编号：ZGGJ-BJ04-26071565/SiC2026022（招标文件编号：ZGGJ-BJ04-26071565/SiC2026022） 二、项目名称：清洗设备耗材 三、中标（成交）信息 供应商名称：中国电子科技集团公司第四十五研究所供应商地址：北京经济技术开发区泰河三街1号中标（成交）金额：20.5000000（万元）四、主要标的信息 序号    供应商名称      货物名称      货物品牌      货物型号      货物数量      货物单价(元)   1    中国电子科技集团公司第四十五研究所      /      /      /      /      /                 五、评审专家（单一来源采购人员）名单： 刘成成、宋会卿、侯伏慧 六、代理服务收费标准及金额： 本项目代理费收费标准：按照国家发展计划委员会颁发的《招标代理服务费管理暂行办法》即计价格【2002】1980号文规定的收费标准以成交价为取费基准计取，由成交供应商一次性向采购代理机构支付 本项目代理费总金额：0.375000 万元（人民币） 七、公告期限 自本公告发布之日起1个工作日。 八、其它补充事宜 / 九、凡对本次公告内容提出询问，请按以下方式联系。 1.采购人信息 名 称：zycgr22011902 地址：/ 联系方式：李老师 010-57305134 2.采购代理机构信息 名 称：中工国际招标有限公司 地 址：北京市朝阳区慧忠路5号远大中心C座2层203 联系方式：王宇婷、王欣、康进、张跃 010-82952950-814 3.项目联系方式 项目联系人：王宇婷、王欣、康进、张跃 电 话： 010-82952950-814,设备购置,,中国政府采购网,,,,,,20.5,"[{""序号"": ""1"", ""供应商名称"": ""中国电子科技集团公司第四十五研究所"", ""货物名称"": ""/"", ""货物品牌"": ""/"", ""货物型号"": ""/"", ""货物数量"": ""/"", ""货物单价(元)"": ""/""}]",刘成成、宋会卿、侯伏慧,0.375,中国电子科技集团公司第四十五研究所,,,,
公安部道路交通安全研究中心车路协同通信设备项目  成交公告,成交公告,JC-HX20260246,2026年09月07日 18:30,滨湖区,公安部道路交通安全研究中心,江苏省无锡市滨湖区清源路288号,郦老师010-67825579,公安部警用装备采购中心,上海市闵行区三达路299号,联系代表021-33292999,联系代表电,021-33292999,"JC-HX20260246公安部道路交通安全研究中心车路协同通信设备采购项目询价通知书-202608201656372397-202609071649057491.doc,江苏中锦工程技术有限公司-本国产品声明函-202609071651046518.pdf","[{""attach_name"": ""JC-HX20260246公安部道路交通安全研究中心车路协同通信设备采购项目询价通知书-202608201656372397-202609071649057491.doc"", ""attach_url"": ""https://download.ccgp.gov.cn/oss/download?uuid=7215d2fc-b48b-419c-a595-b813dc""}, {""attach_name"": ""江苏中锦工程技术有限公司-本国产品声明函-202609071651046518.pdf"", ""attach_url"": ""https://download.ccgp.gov.cn/oss/download?uuid=81a209bb-e187-4bb6-8bd3-d97fe0""}]",https://www.ccgp.gov.cn/cggg/zygg/cjgg/202609/t20260907_27282124.htm,2026-09-10 09:36:47,"成交结果公告一、项目编号：JC-HX20260246二、项目名称：公安部道路交通安全研究中心车路协同通信设备项目三、成交信息供应商名称：江苏中锦工程技术有限公司供应商地址：苏州市高新区珠江路977号1幢1层103  金额：179700.0元四、主要标的信息  第一包：序号主要标的品目数量单位品牌规格型号成交单价（元）本项目总成交金额（万元）1C-V2X 路侧通信单元3套中信料RU5000E43500.0017.9700五、谈判小组成员名单：徐鸣亚, 吴志坚, 秦征骁六、代理服务收费标准及金额：收费标准详见询价通知书文件，服务费金额：0.26955万元。七、公告期限自本公告发布之日起1个工作日。八、其他补充事宜   无九、凡对本次公告内容提出询问，请按以下方式联系。1.采购人信息名    称：公安部道路交通安全研究中心地    址：北京市大兴区博兴二路5号院联系方式：郦老师 010-678255792.采购代理机构信息名    称：公安部警用装备采购中心地    址：上海市闵行区三达路299号联系方式：021-332929993.项目联系方式项目联系人：联系代表电    话：021-33292999",公共安全,,中国政府采购网,,,,,,17.97,,"徐鸣亚, 吴志坚, 秦征骁",,江苏中锦工程技术有限公司供应商地址：苏州市高新区珠江路977号1幢1层103  金额：179700.0元四、主要标的信息,,,,
OCR大模型智能识别系统项目成交公告,成交公告,0747-2661SCCZNB45,2026年09月07日 18:19,北京市,全国学生资助管理中心,北京市海淀区西直门北大街32号枫蓝国际中心写字楼B座1706,孙老师010-66093021,中化商务有限公司,北京市丰台区丽泽路24号平安幸福中心B座23层,李振、孟庆宝、蔡华文、刘天、曹颖、刘畅、王毕申15711026303,李振、孟庆宝、蔡华文、刘天、曹,15711026303,"OCR大模型智能识别系统项目-磋商文件-发售稿.pdf,OCR大模型智能识别系统项目-评审专家推荐供应商情况说明函.pdf","[{""attach_name"": ""OCR大模型智能识别系统项目-磋商文件-发售稿.pdf"", ""attach_url"": ""https://download.ccgp.gov.cn/oss/download?uuid=4391A718AC8BDB12742D01EC7233B6""}, {""attach_name"": ""OCR大模型智能识别系统项目-评审专家推荐供应商情况说明函.pdf"", ""attach_url"": ""https://download.ccgp.gov.cn/oss/download?uuid=B03C8DB310D147305986AC552B381B""}]",https://www.ccgp.gov.cn/cggg/zygg/cjgg/202609/t20260907_27281939.htm,2026-09-10 09:36:48,一、项目编号：0747-2661SCCZNB45（招标文件编号：0747-2661SCCZNB45） 二、项目名称：OCR大模型智能识别系统项目 三、中标（成交）信息 供应商名称：讯飞智元信息科技有限公司供应商地址：安徽省合肥市高新区云飞路66号天源迪科1号楼5-8层中标（成交）金额：178.3000000（万元）四、主要标的信息 序号    供应商名称      服务名称      服务范围      服务要求      服务时间      服务标准   1    讯飞智元信息科技有限公司      OCR大模型智能识别系统项目      满足磋商文件要求      满足磋商文件要求      满足磋商文件要求      满足磋商文件要求                 五、评审专家（单一来源采购人员）名单： 马静、孙勇、吴明栋 六、代理服务收费标准及金额： 本项目代理费收费标准：按照竞争性磋商文件规定收取 本项目代理费总金额：2.126400 万元（人民币） 七、公告期限 自本公告发布之日起1个工作日。 八、其它补充事宜 本项目成交供应商综合得分：96.33。 九、凡对本次公告内容提出询问，请按以下方式联系。 1.采购人信息 名 称：全国学生资助管理中心 地址：北京市海淀区西直门北大街32号枫蓝国际中心写字楼B座1706 联系方式：孙老师010-66093021 2.采购代理机构信息 名 称：中化商务有限公司 地 址：北京市丰台区丽泽路24号平安幸福中心B座23层 联系方式：李振、孟庆宝、蔡华文、刘天、曹颖、刘畅、王毕申15711026303 3.项目联系方式 项目联系人：李振、孟庆宝、蔡华文、刘天、曹颖、刘畅、王毕申 电 话： 15711026303,其他,,中国政府采购网,,,,,,178.3,"[{""序号"": ""1"", ""供应商名称"": ""讯飞智元信息科技有限公司"", ""服务名称"": ""OCR大模型智能识别系统项目"", ""服务范围"": ""满足磋商文件要求"", ""服务要求"": ""满足磋商文件要求"", ""服务时间"": ""满足磋商文件要求"", ""服务标准"": ""满足磋商文件要求""}]",马静、孙勇、吴明栋,2.1264,讯飞智元信息科技有限公司,,,,
北京邮电大学晶粒与硅光晶圆键合项目成交公告,成交公告,BUPT-FWXCZB-26043,2026年09月07日 18:16,北京市,北京邮电大学,北京市海淀区西土城路10号,周老师010-62282312,北京中教仪国际招标代理有限公司,北京市海淀区文慧园北路10号，中教仪总公司509办公室,谢杰、刘欣、蒋旭、王磊、杨硕、施歌、韩寿国、李璟琨010-59893122、010-59893114、010-59893131,谢杰、刘欣、蒋旭、王磊、杨硕,010-59893122、010-59893114、010-59893131,371-北京邮电大学晶粒与硅光晶圆键合项目-最终.pdf,"[{""attach_name"": ""371-北京邮电大学晶粒与硅光晶圆键合项目-最终.pdf"", ""attach_url"": ""https://download.ccgp.gov.cn/oss/download?uuid=5BFF01E905811227A0589E8B1BCB5C""}]",https://www.ccgp.gov.cn/cggg/zygg/cjgg/202609/t20260907_27281923.htm,2026-09-10 09:36:48,一、项目编号：BUPT-FWXCZB-26043（0873-2026FW3L0371）（招标文件编号：BUPT-FWXCZB-26043） 二、项目名称：北京邮电大学晶粒与硅光晶圆键合项目 三、中标（成交）信息 供应商名称：东南大学供应商地址：江苏省南京市玄武区新街口街道四牌楼2号中标（成交）金额：69.5000000（万元）四、主要标的信息 序号    供应商名称      服务名称      服务范围      服务要求      服务时间      服务标准   1    东南大学      晶粒与硅光晶圆键合      详见招标文件      详见招标文件      详见招标文件      详见招标文件                 五、评审专家（单一来源采购人员）名单： 侯爱民、周惠、王俊 六、代理服务收费标准及金额： 本项目代理费收费标准：按照磋商文件规定收取。 本项目代理费总金额：0.834000 万元（人民币） 七、公告期限 自本公告发布之日起1个工作日。 八、其它补充事宜 1.成交服务费账户：开户名称：北京中教仪国际招标代理有限公司开户银行：广发银行股份有限公司北京自贸试验区国际商务服务片区支行账号：62325937990000040052.成交供应商的评审总得分为94.00分。3.成交供应商请在本公告发出后前往我公司领取成交通知书，未成交供应商的磋商保证金将在本公告发出后5个工作日内原账户退还。4.本项目完整磋商文件编号：BUPT-FWXCZB-26043（0873-2026FW3L0371）。 九、凡对本次公告内容提出询问，请按以下方式联系。 1.采购人信息 名 称：北京邮电大学 地址：北京市海淀区西土城路10号 联系方式：周老师010-62282312 2.采购代理机构信息 名 称：北京中教仪国际招标代理有限公司 地 址：北京市海淀区文慧园北路10号，中教仪总公司509办公室 联系方式：谢杰、刘欣、蒋旭、王磊、杨硕、施歌、韩寿国、李璟琨010-59893122、010-59893114、010-59893131 3.项目联系方式 项目联系人：谢杰、刘欣、蒋旭、王磊、杨硕、施歌、韩寿国、李璟琨 电 话： 010-59893122、010-59893114、010-59893131,教育培训,,中国政府采购网,,,,,,69.5,"[{""序号"": ""1"", ""供应商名称"": ""东南大学"", ""服务名称"": ""晶粒与硅光晶圆键合"", ""服务范围"": ""详见招标文件"", ""服务要求"": ""详见招标文件"", ""服务时间"": ""详见招标文件"", ""服务标准"": ""详见招标文件""}]",侯爱民、周惠、王俊,0.834,东南大学,,,,
天津大学先进制造装备创新设计中心建设成交公告,成交公告,TDJJ202600027,2026年09月07日 18:15,天津市,天津大学,天津市南开区卫津路92号,蒯老师、马老师，022-27407597（招标办）,盛和招标代理有限公司,天津市南开区白堤路180号万科时代中心26楼2601,侯美玲、许铖铖、梁冰、苏云龙、苗增文、李亚昭、窦玉玲 18561713928、15132685035,侯美玲、许铖铖、梁冰、苏云龙,18561713928、15132685035,"TDJJ202600027-天津大学先进制造装备创新设计中心建设竞争性磋商.pdf,中小企业声明函.pdf","[{""attach_name"": ""TDJJ202600027-天津大学先进制造装备创新设计中心建设竞争性磋商.pdf"", ""attach_url"": ""https://download.ccgp.gov.cn/oss/download?uuid=59594049F1F7A8E59F1A70A0B1631D""}, {""attach_name"": ""中小企业声明函.pdf"", ""attach_url"": ""https://download.ccgp.gov.cn/oss/download?uuid=16EDF31C14947FCE9AF5C20F891684""}]",https://www.ccgp.gov.cn/cggg/zygg/cjgg/202609/t20260907_27281910.htm,2026-09-10 09:36:49,一、项目编号：TDJJ202600027（招标文件编号：TDJJ202600027） 二、项目名称：天津大学先进制造装备创新设计中心建设 三、中标（成交）信息 供应商名称：天津远征建筑工程有限公司供应商地址：天津市南开区兰坪路与保阳道交口江坪园1号楼1门702中标（成交）金额：158.2712000（万元）四、主要标的信息 序号    供应商名称       工程名称       施工范围       施工工期       项目经理       执业证书   1    天津远征建筑工程有限公司      天津大学先进制造装备创新设计中心建设      采购人所发施工图纸及工程量清单、本磋商文件及更正公告中规定的全部内容。      计划工期：合同签订后75天。 计划开、竣工日期：2026年9月10日--2026年11月23日； 具体进场日期以采购人通知为准。      信静      津21220232023-11730                 五、评审专家（单一来源采购人员）名单： 陈晨、窦海生、梁志红、于洋、李巍、滕戬（采购人代表）、高卫国（采购人代表） 六、代理服务收费标准及金额： 本项目代理费收费标准：按照《国家计委关于印发﹤采购代理服务收费管理暂行办法＞的通知（计价格[2002]1980号）》和《国家发展改革委办公厅关于采购代理服务收费有关问题的通知（发改办价格[2003]857号）》的文件规定下浮20%。 本项目代理费总金额：1.126318 万元（人民币） 七、公告期限 自本公告发布之日起1个工作日。 八、其它补充事宜 本项目采用综合评分法，成交供应商的评审总得分如下：天津远征建筑工程有限公司，91.02分。 九、凡对本次公告内容提出询问，请按以下方式联系。 1.采购人信息 名 称：天津大学 地址：天津市南开区卫津路92号 联系方式：蒯老师、马老师，022-27407597（招标办） 2.采购代理机构信息 名 称：盛和招标代理有限公司 地 址：天津市南开区白堤路180号万科时代中心26楼2601 联系方式：侯美玲、许铖铖、梁冰、苏云龙、苗增文、李亚昭、窦玉玲 18561713928、15132685035 3.项目联系方式 项目联系人：侯美玲、许铖铖、梁冰、苏云龙、苗增文、李亚昭、窦玉玲 电 话： 18561713928、15132685035,教育培训,,中国政府采购网,,,,,,158.2712,"[{""序号"": ""1"", ""供应商名称"": ""天津远征建筑工程有限公司"", ""工程名称"": ""天津大学先进制造装备创新设计中心建设"", ""施工范围"": ""采购人所发施工图纸及工程量清单、本磋商文件及更正公告中规定的全部内容。"", ""施工工期"": ""计划工期：合同签订后75天。\t\t\t计划开、竣工日期：2026年9月10日--2026年11月23日；\t\t\t具体进场日期以采购人通知为准。"", ""项目经理"": ""信静"", ""执业证书"": ""津21220232023-11730""}]",陈晨、窦海生、梁志红、于洋、李巍、滕戬（采购人代表）、高卫国（采购人代表）,1.126318,天津远征建筑工程有限公司,,,,
国家税务总局宜宾市税务局2026年非执法类辅助性服务采购项目竞争性磋商成交公告,成交公告,SC2026-ZXJC-C0136-B00,2026年09月07日 18:10,宜宾市,国家税务总局宜宾市税务局,四川省宜宾市叙州区赵场街道金沙江大道5号,0831-8206209,详见公告正文,详见公告正文,详见公告正文,刘先生,0831-8206209,,,https://www.ccgp.gov.cn/cggg/zygg/cjgg/202609/t20260907_27281919.htm,2026-09-10 09:36:50,"国家税务总局宜宾市税务局2026年非执法类辅助性服务采购项目竞争性磋商成交公告 一、 项目编号： SC2026-ZXJC-C0136-B00二、 项目名称： 国家税务总局宜宾市税务局2026年非执法类辅助性服务采购项目三、 中标（成交）信息供应商名称：成都银雁数元科技有限公司供应商地址：中国(四川)自由贸易试验区成都高新区天府大道中段1388号1栋6楼641号中标（成交）金额：166.737200万元评审总得分：98.96 四、 主要标的信息项目类型：服务类名称：非执法类辅助性服务服务范围：详见磋商文件服务要求：详见磋商文件服务标准：详见磋商文件服务时间：2026年10月1日-2027年9月30日 五、 评审专家名单/单一来源采购人员名单：文光艳（采购人代表）,李丽娟,梁静 六、 代理服务收费标准及金额：无 七、 公告期限自本公告发布之日起1个工作日。 八、 其他补充事宜成都银雁数元科技有限公司评审总得分为98.96分。 九、 凡对本次公告内容提出询问，请按以下方式联系。1.采购人信息名称：国家税务总局宜宾市税务局地址：四川省宜宾市叙州区赵场街道金沙江大道5号联系方式：0831-8206209 采购代理机构信息（如有）名称：详见公告正文地址：详见公告正文联系方式：详见公告正文 项目联系方式项目联系人：刘先生电话：0831-8206209附件：成都银雁数元科技有限公司中小企业声明函.pdf国家税务总局宜宾市税务局2026年非执法类辅助性服务采购项目采购文件-商务部分.docx国家税务总局宜宾市税务局2026年非执法类辅助性服务采购项目采购文件-技术部分.docx",公共安全,,中国政府采购网,,,,,,166.7372,,"文光艳（采购人代表）,李丽娟,梁静",,成都银雁数元科技有限公司供应商地址：中国(四川)自由贸易试验区成都高新区天府大道中段1388号1栋6楼641号中标（成交,,,,
北京邮电大学入侵检测组件开发服务项目成交公告,成交公告,BUPT-FWKYKC-26003,2026年09月07日 18:02,北京市,北京邮电大学,北京市海淀区西土城路10号,王老师  010-62282268,国金招标有限公司,北京市朝阳区东三环南路甲52号顺迈金钻国际商务中心9层9C,段嘉磊、谢丹丹、边璐、张含勇010-52216033、13521749581,段嘉磊、谢丹丹、边璐、张含勇,010-52216033、13521749581,"中小企业声明函.pdf,（二次）发售稿--快采文件—北京邮电大学入侵检测组件开发服务项目.pdf","[{""attach_name"": ""中小企业声明函.pdf"", ""attach_url"": ""https://download.ccgp.gov.cn/oss/download?uuid=73D96F6A5D98B7E1E97F710706A820""}, {""attach_name"": ""（二次）发售稿--快采文件—北京邮电大学入侵检测组件开发服务项目.pdf"", ""attach_url"": ""https://download.ccgp.gov.cn/oss/download?uuid=FAD594269B46BF50CF775F1CEFB9C9""}]",https://www.ccgp.gov.cn/cggg/zygg/cjgg/202609/t20260907_27281712.htm,2026-09-10 09:36:51,一、项目编号：BUPT-FWKYKC-26003（CFTC-BJ01-2606057）（招标文件编号：BUPT-FWKYKC-26003（2606057）） 二、项目名称：北京邮电大学入侵检测组件开发服务项目 三、中标（成交）信息 供应商名称：北京信联数安科技有限公司供应商地址：北京市北京经济技术开发区科谷一街10号院6号楼6层605B室中标（成交）金额：84.5000000（万元）四、主要标的信息 序号    供应商名称      服务名称      服务范围      服务要求      服务时间      服务标准   1    北京信联数安科技有限公司      北京邮电大学入侵检测组件开发服务项目      详见校内快采文件      详见校内快采文件      详见校内快采文件      详见校内快采文件                 五、评审专家（单一来源采购人员）名单： 匡文波、金灿灿、王晨宇 六、代理服务收费标准及金额： 本项目代理费收费标准：详见快采文件 本项目代理费总金额：0.950600 万元（人民币） 七、公告期限 自本公告发布之日起1个工作日。 八、其它补充事宜 成交供应商评审总得分：78.53分 九、凡对本次公告内容提出询问，请按以下方式联系。 1.采购人信息 名 称：北京邮电大学 地址：北京市海淀区西土城路10号 联系方式：王老师 010-62282268 2.采购代理机构信息 名 称：国金招标有限公司 地 址：北京市朝阳区东三环南路甲52号顺迈金钻国际商务中心9层9C 联系方式：段嘉磊、谢丹丹、边璐、张含勇010-52216033、13521749581 3.项目联系方式 项目联系人：段嘉磊、谢丹丹、边璐、张含勇 电 话： 010-52216033、13521749581,教育培训,,中国政府采购网,,,,,,84.5,"[{""序号"": ""1"", ""供应商名称"": ""北京信联数安科技有限公司"", ""服务名称"": ""北京邮电大学入侵检测组件开发服务项目"", ""服务范围"": ""详见校内快采文件"", ""服务要求"": ""详见校内快采文件"", ""服务时间"": ""详见校内快采文件"", ""服务标准"": ""详见校内快采文件""}]",匡文波、金灿灿、王晨宇,0.9506,北京信联数安科技有限公司,,,,
暨南大学第一临床医学院免疫组化染色分析服务项目成交结果公告,成交公告,GZZJ-FG-2026430,2026年09月07日 17:58,广东省,暨南大学,广州市黄埔大道西601号,张老师020-85220458,广州中经招标有限公司,广州市越秀区寺右一马路18号泰恒大厦14楼1409室,侯先生020-87385151、020-37639369、020-87371812、020-87372296,侯先生,020-87385151,杭州医坤生物科技有限公司-中小企业声明函.pdf,"[{""attach_name"": ""杭州医坤生物科技有限公司-中小企业声明函.pdf"", ""attach_url"": ""https://download.ccgp.gov.cn/oss/download?uuid=D69B7B5D08B2968D8E0E2ABE0A150E""}]",https://www.ccgp.gov.cn/cggg/zygg/cjgg/202609/t20260907_27281661.htm,2026-09-10 09:36:51,一、项目编号：GZZJ-FG-2026430（招标文件编号：GZZJ-FG-2026430） 二、项目名称：暨南大学第一临床医学院免疫组化染色分析服务项目 三、中标（成交）信息 供应商名称：杭州医坤生物科技有限公司供应商地址：浙江省杭州市萧山区萧山经济技术开发区建设二路666号信息港六期3幢2层202-2室（自主申报）中标（成交）金额：40.0000000（万元）四、主要标的信息 序号    供应商名称      服务名称      服务范围      服务要求      服务时间      服务标准   1    杭州医坤生物科技有限公司      免疫组化染色分析      按照询比文件要求      按照询比文件要求      自样本检测全部合格，项目启动之日起60个自然日之内必须完成全部检测项目      按照询比文件要求                 五、评审专家（单一来源采购人员）名单： 吴文娟、陈碧荣、张斌（采购人代表） 六、代理服务收费标准及金额： 本项目代理费收费标准：按询比文件要求 本项目代理费总金额：0.600000 万元（人民币） 七、公告期限 自本公告发布之日起1个工作日。 八、其它补充事宜 （一）项目内容 项目内容 服务期 预估数量 单位 预算金额 免疫组化染色分析 自样本检测全部合格，项目启动之日起60个自然日之内必须完成全部检测项目 10000 份 人民币40万元 （二）成交供应商的评审总得分：82.33；  成交供应商成交单价：40元/份。 （三）各有关当事人对成交结果有异议的，可以在成交公告发布之日起3个工作日内以书面形式向（采购代理机构）（或采购人）提出质疑，逾期将依法不予受理。 九、凡对本次公告内容提出询问，请按以下方式联系。 1.采购人信息 名 称：暨南大学 地址：广州市黄埔大道西601号 联系方式：张老师020-85220458 2.采购代理机构信息 名 称：广州中经招标有限公司 地 址：广州市越秀区寺右一马路18号泰恒大厦14楼1409室 联系方式：侯先生020-87385151、020-37639369、020-87371812、020-87372296 3.项目联系方式 项目联系人：侯先生 电 话： 020-87385151,医疗卫生,,中国政府采购网,,,,,,40.0,"[{""序号"": ""1"", ""供应商名称"": ""杭州医坤生物科技有限公司"", ""服务名称"": ""免疫组化染色分析"", ""服务范围"": ""按照询比文件要求"", ""服务要求"": ""按照询比文件要求"", ""服务时间"": ""自样本检测全部合格，项目启动之日起60个自然日之内必须完成全部检测项目"", ""服务标准"": ""按照询比文件要求""}]",吴文娟、陈碧荣、张斌（采购人代表）,0.6,杭州医坤生物科技有限公司,,,,
山东大学齐鲁医院保卫处警务室扩建项目成交公告,成交公告,PHZB2026-023,2026年09月07日 17:58,济南市,山东大学齐鲁医院,济南市文化西路107号,刘老师 0531-82169507,山东普华项目管理有限公司,济南市历下区历山路179号历山名郡C5座西单元,武元河、尹香丽 0531-55655210,武元河、尹香丽,0531-55655210,"中小企业声明函.pdf,山东大学齐鲁医院保卫处警务室扩建项目竞争性磋商文件定稿8.28.pdf","[{""attach_name"": ""中小企业声明函.pdf"", ""attach_url"": ""https://download.ccgp.gov.cn/oss/download?uuid=38E827CCD924C8D327B2CD8FC9B4B0""}, {""attach_name"": ""山东大学齐鲁医院保卫处警务室扩建项目竞争性磋商文件定稿8.28.pdf"", ""attach_url"": ""https://download.ccgp.gov.cn/oss/download?uuid=FD642B72AC9E1907641BC2F97E1293""}]",https://www.ccgp.gov.cn/cggg/zygg/cjgg/202609/t20260907_27281663.htm,2026-09-10 09:36:52,一、项目编号：PHZB2026-023（招标文件编号：PHZB2026-023） 二、项目名称：山东大学齐鲁医院保卫处警务室扩建项目 三、中标（成交）信息 供应商名称：万旭宏业集团有限公司供应商地址：山东省济南市高新区正丰路554号6号科研楼405室中标（成交）金额：129.0000000（万元）四、主要标的信息 序号    供应商名称       工程名称       施工范围       施工工期       项目经理       执业证书   1    万旭宏业集团有限公司      保卫处警务室扩建项目      图纸范围内的建筑工程、装饰工程、给排水工程、消防工程、电气工程（含部分智能化工程）及零星拆除工程施工及保修，具体详见图纸及工程量清单。      75日历日      肖荣凯      鲁2372019202261132                 五、评审专家（单一来源采购人员）名单： 朱宪顺、梁颖、王辉（采购人代表） 六、代理服务收费标准及金额： 本项目代理费收费标准：100万(含)以下按0.9%收取，100万-500万(含)按0.49%收取。 本项目代理费总金额：1.042100 万元（人民币） 七、公告期限 自本公告发布之日起1个工作日。 八、其它补充事宜 成交供应商：万旭宏业集团有限公司，评审得分：88.67分。 九、凡对本次公告内容提出询问，请按以下方式联系。 1.采购人信息 名 称：山东大学齐鲁医院 地址：济南市文化西路107号 联系方式：刘老师 0531-82169507 2.采购代理机构信息 名 称：山东普华项目管理有限公司 地 址：济南市历下区历山路179号历山名郡C5座西单元 联系方式：武元河、尹香丽 0531-55655210 3.项目联系方式 项目联系人：武元河、尹香丽 电 话： 0531-55655210,医疗卫生,,中国政府采购网,,,,,,129.0,"[{""序号"": ""1"", ""供应商名称"": ""万旭宏业集团有限公司"", ""工程名称"": ""保卫处警务室扩建项目"", ""施工范围"": ""图纸范围内的建筑工程、装饰工程、给排水工程、消防工程、电气工程（含部分智能化工程）及零星拆除工程施工及保修，具体详见图纸及工程量清单。"", ""施工工期"": ""75日历日"", ""项目经理"": ""肖荣凯"", ""执业证书"": ""鲁2372019202261132""}]",朱宪顺、梁颖、王辉（采购人代表）,1.0421,万旭宏业集团有限公司,,,,
农作物病虫气象灾害监测系统成交公告,成交公告,1064-261HD1415113,2026年09月07日 17:50,重庆市,重庆市气象科学研究所,重庆市两江新区新牌坊一路68号,罗老师   （023）89116131,重庆和定招标代理有限责任公司,地  址：重庆市两江新区金昌路7号融创·竣爵堡23栋4号,杨女士  （023）86715401,杨女士,（023）86715401,"农作物病虫气象灾害监测系统-澄清文件001.doc,0825挂网-农作物病虫气象灾害监测系统.pdf","[{""attach_name"": ""农作物病虫气象灾害监测系统-澄清文件001.doc"", ""attach_url"": ""https://download.ccgp.gov.cn/oss/download?uuid=A447EE7DC73F103EBAB61C4305004D""}, {""attach_name"": ""0825挂网-农作物病虫气象灾害监测系统.pdf"", ""attach_url"": ""https://download.ccgp.gov.cn/oss/download?uuid=58B01E00FDABE9574CE7DE15849EFE""}]",https://www.ccgp.gov.cn/cggg/zygg/cjgg/202609/t20260907_27281496.htm,2026-09-10 09:36:53,一、项目编号：1064-261HD1415113（招标文件编号：1064-261HD1415113） 二、项目名称：农作物病虫气象灾害监测系统 三、中标（成交）信息 供应商名称：重庆云辑数字科技有限责任公司供应商地址：重庆市南岸区江峡路1号10幢中标（成交）金额：125.6000000（万元）四、主要标的信息 序号    供应商名称      货物名称      货物品牌      货物型号      货物数量      货物单价(元)   1    重庆云辑数字科技有限责任公司      可见光与多光谱植被监测设备等      海康威视等      DS-2MX64DYD-ABP等      1批      首次单价报价124000元等，成交单价按成交总价相比首次总报价的下浮比例同比例下浮，约下浮0.71%                 五、评审专家（单一来源采购人员）名单： 刘述喜，张亚明，毕淼（采购人代表） 六、代理服务收费标准及金额： 本项目代理费收费标准：采购代理服务费以成交金额为基数，按差额定率累进法计算，100万以内的部分按1.5%计取，100万至500万之间的部分按1.1%计取。 本项目代理费总金额：1.781600 万元（人民币） 七、公告期限 自本公告发布之日起1个工作日。 八、其它补充事宜 1、用途：农作物病虫气象灾害监测。2、采购公告日期：2026年08月25日。3、定标日期：2026年9月7日。4、主要成交标的名称：可见光与多光谱植被监测设备等。5、成交供应商评审得分：91.67分。6、数量：1批。7、成交单价：首次单价报价124000元等，成交单价按照最后总报价相比初始总报价的下浮比例同比例下浮，约下浮0.71%。8、交货时间：合同签订后12个月内完成本项目全部工作内容并经采购人验收合格。9、交货地点：采购人指定地点。10、合同履行期限：合同签订后12个月内完成本项目全部工作内容并经采购人验收合格。11、公告期限：1个工作日。 九、凡对本次公告内容提出询问，请按以下方式联系。 1.采购人信息 名 称：重庆市气象科学研究所 地址：重庆市两江新区新牌坊一路68号 联系方式：罗老师 （023）89116131 2.采购代理机构信息 名 称：重庆和定招标代理有限责任公司 地 址：地 址：重庆市两江新区金昌路7号融创·竣爵堡23栋4号 联系方式：杨女士 （023）86715401 3.项目联系方式 项目联系人：杨女士 电 话： （023）86715401,设备购置,,中国政府采购网,,,,,,125.6,"[{""序号"": ""1"", ""供应商名称"": ""重庆云辑数字科技有限责任公司"", ""货物名称"": ""可见光与多光谱植被监测设备等"", ""货物品牌"": ""海康威视等"", ""货物型号"": ""DS-2MX64DYD-ABP等"", ""货物数量"": ""1批"", ""货物单价(元)"": ""首次单价报价124000元等，成交单价按成交总价相比首次总报价的下浮比例同比例下浮，约下浮0.71%""}]",刘述喜，张亚明，毕淼（采购人代表）,1.7816,重庆云辑数字科技有限责任公司,,,,
吉林大学工程审计服务（JLU-WT26232）成交结果公告,成交公告,JLU-WT26232,2026年09月07日 17:47,长春市,吉林大学,吉林省长春市前进大街2699号,李老师  0431-85167309,吉林省百利邦项目管理咨询有限公司,长春净月高新技术产业开发区生态东街3330号吉林省国家广告产业园,李洋 0431-81685832,李洋,0431-81685832,"吉林大学工程审计服务-竞争性磋商文件-最终发布(1)_20260907142646.pdf,附件.doc","[{""attach_name"": ""吉林大学工程审计服务-竞争性磋商文件-最终发布(1)_20260907142646.pdf"", ""attach_url"": ""https://download.ccgp.gov.cn/oss/download?uuid=E30B3DCAFDAFD3C1C8E6F8BF3DE3BF""}, {""attach_name"": ""附件.doc"", ""attach_url"": ""https://download.ccgp.gov.cn/oss/download?uuid=CEF69D333C2999DE2A6528BE6E0572""}]",https://www.ccgp.gov.cn/cggg/zygg/cjgg/202609/t20260907_27281411.htm,2026-09-10 09:36:54,一、项目编号：JLU-WT26232（招标文件编号：JLU-WT26232） 二、项目名称：吉林大学工程审计服务 三、中标（成交）信息 供应商名称：吉林省国建工程咨询有限公司供应商地址：绿园区升阳街西安花园1栋1608室包组或产品名称：吉林大学工程审计服务（第一包）折扣率(%)：25.0000000 供应商名称：吉林省经建咨询有限公司供应商地址：长春市净月开发区彩宇西街以西长春净月商业步行街1号楼103号房、142号房包组或产品名称：吉林大学工程审计服务（第二包）折扣率(%)：25.0000000 供应商名称：中联国际工程管理（吉林）有限公司供应商地址：长春市二道区莲花山大路1377号411室包组或产品名称：吉林大学工程审计服务（第三包）折扣率(%)：25.0000000 供应商名称：长春建安工程管理咨询有限责任公司供应商地址：长春市净月开发区生态大街3777号长春净月明宇广场A2栋8楼805-2房间包组或产品名称：吉林大学工程审计服务（第四包）折扣率(%)：25.0000000 供应商名称：中创名建工程管理集团有限公司供应商地址：成都金牛高新技术产业园区金周路595号2栋7层704、707号包组或产品名称：吉林大学工程审计服务（第五包）折扣率(%)：25.0000000 供应商名称：吉林汇通建设工程造价咨询有限公司供应商地址：长春市绿园区长白公路合心段3877号合心镇人民政府400室包组或产品名称：吉林大学工程审计服务（第六包）折扣率(%)：35.0000000四、主要标的信息 序号    供应商名称      服务名称      服务范围      服务要求      服务时间      服务标准   1    吉林省国建工程咨询有限公司      吉林大学工程审计服务（第一包）      吉林大学工程审计服务，具体内容详见《第四章主要服务需求》      详见竞争性磋商文件      自合同签订之日起一年内或合同累计服务费金额达到每个包段上限。当有四个或以上包段合同结束，其余包段合同同时结束      符合本项目服务要求以及国家、行业通行标准相关规定的合格标准                 序号    供应商名称      服务名称      服务范围      服务要求      服务时间      服务标准   2    吉林省经建咨询有限公司      吉林大学工程审计服务（第二包）      吉林大学工程审计服务，具体内容详见《第四章主要服务需求》      详见竞争性磋商文件      自合同签订之日起一年内或合同累计服务费金额达到每个包段上限。当有四个或以上包段合同结束，其余包段合同同时结束      符合本项目服务要求以及国家、行业通行标准相关规定的合格标准                 序号    供应商名称      服务名称      服务范围      服务要求      服务时间      服务标准   3    中联国际工程管理（吉林）有限公司      吉林大学工程审计服务（第三包）      吉林大学工程审计服务，具体内容详见《第四章主要服务需求》      详见竞争性磋商文件      自合同签订之日起一年内或合同累计服务费金额达到每个包段上限。当有四个或以上包段合同结束，其余包段合同同时结束      符合本项目服务要求以及国家、行业通行标准相关规定的合格标准                 序号    供应商名称      服务名称      服务范围      服务要求      服务时间      服务标准   4    长春建安工程管理咨询有限责任公司      吉林大学工程审计服务（第四包）      吉林大学工程审计服务，具体内容详见《第四章主要服务需求》      详见竞争性磋商文件      自合同签订之日起一年内或合同累计服务费金额达到每个包段上限。当有四个或以上包段合同结束，其余包段合同同时结束      符合本项目服务要求以及国家、行业通行标准相关规定的合格标准                 序号    供应商名称      服务名称      服务范围      服务要求      服务时间      服务标准   5    中创名建工程管理集团有限公司      吉林大学工程审计服务（第五包）      吉林大学工程审计服务，具体内容详见《第四章主要服务需求》      详见竞争性磋商文件      自合同签订之日起一年内或合同累计服务费金额达到每个包段上限。当有四个或以上包段合同结束，其余包段合同同时结束      符合本项目服务要求以及国家、行业通行标准相关规定的合格标准                 序号    供应商名称      服务名称      服务范围      服务要求      服务时间      服务标准   6    吉林汇通建设工程造价咨询有限公司      吉林大学工程审计服务（第六包）      吉林大学工程审计服务，具体内容详见《第四章主要服务需求》      详见竞争性磋商文件      自合同签订之日起一年内或合同累计服务费金额达到每个包段上限。当有四个或以上包段合同结束，其余包段合同同时结束      符合本项目服务要求以及国家、行业通行标准相关规定的合格标准                 五、评审专家（单一来源采购人员）名单： 魏秀宇、周淑香、周密 六、代理服务收费标准及金额： 本项目代理费收费标准：参照国家计委计价格【2002】1980号《招标代理服务收费管理暂行办法》、国家发展改革委员会发改价格【2011】534号文件和国家发展改革委员会发改价格【2015】299号文件规定的招标代理服务收费标准有关条款下浮35%，由采购代理机构向各包中标人收取。 本项目代理费总金额：1.608600 万元（人民币） 七、公告期限 自本公告发布之日起1个工作日。 八、其它补充事宜 1.本项目在中国政府采购网、吉林大学招标与采购管理中心网站公告栏发布成交结果公告信息。         2.代理费金额为：第一包3412元、第二包3120元、第三包2827元、第四包2535元、第五包2242元、第六包1950元。3.中标（成交）信息包段名称：吉林大学工程审计服务（第一包）供应商名称：吉林省国建工程咨询有限公司成交报价（折扣系数）：0.25评审总得分：100.00包段名称：吉林大学工程审计服务（第二包）供应商名称：吉林省经建咨询有限公司成交报价（折扣系数）：0.25评审总得分：100.00包段名称：吉林大学工程审计服务（第三包）供应商名称：中联国际工程管理（吉林）有限公司成交报价（折扣系数）：0.25评审总得分：99.67包段名称：吉林大学工程审计服务（第四包）供应商名称：长春建安工程管理咨询有限责任公司成交报价（折扣系数）：0.25评审总得分：94.00包段名称：吉林大学工程审计服务（第五包）供应商名称：中创名建工程管理集团有限公司成交报价（折扣系数）：0.25评审总得分：92.50包段名称：吉林大学工程审计服务（第六包）供应商名称：吉林汇通建设工程造价咨询有限公司成交报价（折扣系数）：0.35        评审总得分：89.04 九、凡对本次公告内容提出询问，请按以下方式联系。 1.采购人信息 名 称：吉林大学 地址：吉林省长春市前进大街2699号 联系方式：李老师 0431-85167309 2.采购代理机构信息 名 称：吉林省百利邦项目管理咨询有限公司 地 址：长春净月高新技术产业开发区生态东街3330号吉林省国家广告产业园 联系方式：李洋 0431-81685832 3.项目联系方式 项目联系人：李洋 电 话： 0431-81685832,教育培训,,中国政府采购网,,,,,,0.0,"[{""序号"": ""1"", ""供应商名称"": ""吉林省国建工程咨询有限公司"", ""服务名称"": ""吉林大学工程审计服务（第一包）"", ""服务范围"": ""吉林大学工程审计服务，具体内容详见《第四章主要服务需求》"", ""服务要求"": ""详见竞争性磋商文件"", ""服务时间"": ""自合同签订之日起一年内或合同累计服务费金额达到每个包段上限。当有四个或以上包段合同结束，其余包段合同同时结束"", ""服务标准"": ""符合本项目服务要求以及国家、行业通行标准相关规定的合格标准""}, {""序号"": ""序号"", ""供应商名称"": ""供应商名称"", ""服务名称"": ""服务名称"", ""服务范围"": ""服务范围"", ""服务要求"": ""服务要求"", ""服务时间"": ""服务时间"", ""服务标准"": ""服务标准""}, {""序号"": ""2"", ""供应商名称"": ""吉林省经建咨询有限公司"", ""服务名称"": ""吉林大学工程审计服务（第二包）"", ""服务范围"": ""吉林大学工程审计服务，具体内容详见《第四章主要服务需求》"", ""服务要求"": ""详见竞争性磋商文件"", ""服务时间"": ""自合同签订之日起一年内或合同累计服务费金额达到每个包段上限。当有四个或以上包段合同结束，其余包段合同同时结束"", ""服务标准"": ""符合本项目服务要求以及国家、行业通行标准相关规定的合格标准""}, {""序号"": ""序号"", ""供应商名称"": ""供应商名称"", ""服务名称"": ""服务名称"", ""服务范围"": ""服务范围"", ""服务要求"": ""服务要求"", ""服务时间"": ""服务时间"", ""服务标准"": ""服务标准""}, {""序号"": ""3"", ""供应商名称"": ""中联国际工程管理（吉林）有限公司"", ""服务名称"": ""吉林大学工程审计服务（第三包）"", ""服务范围"": ""吉林大学工程审计服务，具体内容详见《第四章主要服务需求》"", ""服务要求"": ""详见竞争性磋商文件"", ""服务时间"": ""自合同签订之日起一年内或合同累计服务费金额达到每个包段上限。当有四个或以上包段合同结束，其余包段合同同时结束"", ""服务标准"": ""符合本项目服务要求以及国家、行业通行标准相关规定的合格标准""}, {""序号"": ""序号"", ""供应商名称"": ""供应商名称"", ""服务名称"": ""服务名称"", ""服务范围"": ""服务范围"", ""服务要求"": ""服务要求"", ""服务时间"": ""服务时间"", ""服务标准"": ""服务标准""}, {""序号"": ""4"", ""供应商名称"": ""长春建安工程管理咨询有限责任公司"", ""服务名称"": ""吉林大学工程审计服务（第四包）"", ""服务范围"": ""吉林大学工程审计服务，具体内容详见《第四章主要服务需求》"", ""服务要求"": ""详见竞争性磋商文件"", ""服务时间"": ""自合同签订之日起一年内或合同累计服务费金额达到每个包段上限。当有四个或以上包段合同结束，其余包段合同同时结束"", ""服务标准"": ""符合本项目服务要求以及国家、行业通行标准相关规定的合格标准""}, {""序号"": ""序号"", ""供应商名称"": ""供应商名称"", ""服务名称"": ""服务名称"", ""服务范围"": ""服务范围"", ""服务要求"": ""服务要求"", ""服务时间"": ""服务时间"", ""服务标准"": ""服务标准""}, {""序号"": ""5"", ""供应商名称"": ""中创名建工程管理集团有限公司"", ""服务名称"": ""吉林大学工程审计服务（第五包）"", ""服务范围"": ""吉林大学工程审计服务，具体内容详见《第四章主要服务需求》"", ""服务要求"": ""详见竞争性磋商文件"", ""服务时间"": ""自合同签订之日起一年内或合同累计服务费金额达到每个包段上限。当有四个或以上包段合同结束，其余包段合同同时结束"", ""服务标准"": ""符合本项目服务要求以及国家、行业通行标准相关规定的合格标准""}, {""序号"": ""序号"", ""供应商名称"": ""供应商名称"", ""服务名称"": ""服务名称"", ""服务范围"": ""服务范围"", ""服务要求"": ""服务要求"", ""服务时间"": ""服务时间"", ""服务标准"": ""服务标准""}, {""序号"": ""6"", ""供应商名称"": ""吉林汇通建设工程造价咨询有限公司"", ""服务名称"": ""吉林大学工程审计服务（第六包）"", ""服务范围"": ""吉林大学工程审计服务，具体内容详见《第四章主要服务需求》"", ""服务要求"": ""详见竞争性磋商文件"", ""服务时间"": ""自合同签订之日起一年内或合同累计服务费金额达到每个包段上限。当有四个或以上包段合同结束，其余包段合同同时结束"", ""服务标准"": ""符合本项目服务要求以及国家、行业通行标准相关规定的合格标准""}]",魏秀宇、周淑香、周密,1.6086,吉林省国建工程咨询有限公司、供应商名称、吉林省经建咨询有限公司、中联国际工程管理（吉林）有限公司、长春建安工程管理咨询有限责任公司、中创名建工程管理集团有限公司、吉林汇通建设工程造价咨询有限公司,,,,
中国信息通信研究院通感智融合的无线通信网络测试计量平台-智能实体功率器件可靠性验证装置升级-气候模拟与加速老化装置成交公告,成交公告,BMCC-ZC26-1218,2026年09月07日 17:47,北京市,中国信息通信研究院,北京市海淀区花园北路52号,丁雪 010-62304366,北京明德致信咨询有限公司,北京市海淀区学院路30号科大天工大厦B座1709室,"刘亚运,孙恺宁,吕家乐 010－82370045、FC@zbbmcc.com（保证金、发票等咨询）",刘亚运,,"中小企业声明函.pdf,本国产品声明函.pdf,成交公告-ZC26-1218通感智融合的无线通信网络测试计量平台-智能实体功率器件可靠性验证装置升级-气候模拟与加速老化装置.docx,（发售稿）ZC26-1218通感智融合的无线通信网络测试计量平台-智能实体功率器件可靠性验证装置升级-气候模拟与加速老化装置竞争性磋商文件.pdf","[{""attach_name"": ""中小企业声明函.pdf"", ""attach_url"": ""https://download.ccgp.gov.cn/oss/download?uuid=853A29009FE0A14DC48000823D3793""}, {""attach_name"": ""本国产品声明函.pdf"", ""attach_url"": ""https://download.ccgp.gov.cn/oss/download?uuid=2F7E36DE4B24E3FB0266E0E3F76E36""}, {""attach_name"": ""成交公告-ZC26-1218通感智融合的无线通信网络测试计量平台-智能实体功率器件可靠性验证装置升级-气候模拟与加速老化装置.docx"", ""attach_url"": ""https://download.ccgp.gov.cn/oss/download?uuid=41460581A1D3AD398711007A3708C4""}, {""attach_name"": ""（发售稿）ZC26-1218通感智融合的无线通信网络测试计量平台-智能实体功率器件可靠性验证装置升级-气候模拟与加速老化装置竞争性磋商文件.pdf"", ""attach_url"": ""https://download.ccgp.gov.cn/oss/download?uuid=8990C9067501EEA841340A1BB667B2""}]",https://www.ccgp.gov.cn/cggg/zygg/cjgg/202609/t20260907_27281412.htm,2026-09-10 09:36:54,"一、项目编号：BMCC-ZC26-1218（招标文件编号：BMCC-ZC26-1218） 二、项目名称：通感智融合的无线通信网络测试计量平台-智能实体功率器件可靠性验证装置升级-气候模拟与加速老化装置 三、中标（成交）信息 供应商名称：巨贸仪器（北京）有限公司供应商地址：北京市通州区张家湾镇光华路1号中标（成交）金额：23.0000000（万元）四、主要标的信息 序号    供应商名称      货物名称      货物品牌      货物型号      货物数量      货物单价(元)   1    巨贸仪器（北京）有限公司      智能实体功率器件可靠性验证装置升级-气候模拟与加速老化装置      巨孚      ECT-2400-40-CP-AR      1      230000.00                 五、评审专家（单一来源采购人员）名单： 孟伟、李祯、李长雷（采购人代表） 六、代理服务收费标准及金额： 本项目代理费收费标准：详见采购文件。 本项目代理费总金额：0.276000 万元（人民币） 七、公告期限 自本公告发布之日起1个工作日。 八、其它补充事宜 成交人评审总得分（总平均分）：97.00分。具体内容详见附件下载 九、凡对本次公告内容提出询问，请按以下方式联系。 1.采购人信息 名 称：中国信息通信研究院 地址：北京市海淀区花园北路52号 联系方式：丁雪 010-62304366 2.采购代理机构信息 名 称：北京明德致信咨询有限公司 地 址：北京市海淀区学院路30号科大天工大厦B座1709室 联系方式：刘亚运,孙恺宁,吕家乐 010－82370045、FC@zbbmcc.com（保证金、发票等咨询） 3.项目联系方式 项目联系人：刘亚运,孙恺宁,吕家乐 电 话： 010－61192267、lyy@zbbmcc.com（仅用于采购文件咨询）",科研检测,,中国政府采购网,,,,,,23.0,"[{""序号"": ""1"", ""供应商名称"": ""巨贸仪器（北京）有限公司"", ""货物名称"": ""智能实体功率器件可靠性验证装置升级-气候模拟与加速老化装置"", ""货物品牌"": ""巨孚"", ""货物型号"": ""ECT-2400-40-CP-AR"", ""货物数量"": ""1"", ""货物单价(元)"": ""230000.00""}]",孟伟、李祯、李长雷（采购人代表）,0.276,巨贸仪器（北京）有限公司,,,,
中南大学后勤保障部饮食服务中心一次性包装产品采购项目（第四次）竞争性谈判成交结果公告,成交公告,HZ20260202-0172,2026年09月07日 17:45,市辖区,中南大学,长沙市麓山南路932号，中南大学采购与招标管理中心,陈老师：0731-88836549,中技建设咨询有限公司,长沙市雨花区湘府中路117号高升金典商务楼12层,马丽、龚芮民、向丹丹、聂艳君：0731-84169659,罗老师,0731-88879685,"中南大学后勤保障部饮食服务中心一次性包装产品采购项目（第四次）竞争性谈判文件（发售稿）.pdf,中小企业声明函.pdf,最后报价.pdf","[{""attach_name"": ""中南大学后勤保障部饮食服务中心一次性包装产品采购项目（第四次）竞争性谈判文件（发售稿）.pdf"", ""attach_url"": ""https://download.ccgp.gov.cn/oss/download?uuid=B14A4CDC5FE8F33BAE50862EDA824E""}, {""attach_name"": ""中小企业声明函.pdf"", ""attach_url"": ""https://download.ccgp.gov.cn/oss/download?uuid=103A3F1F50154F1CE8B8B81798562B""}, {""attach_name"": ""最后报价.pdf"", ""attach_url"": ""https://download.ccgp.gov.cn/oss/download?uuid=6AAA3D075B3731411534FA04750F10""}]",https://www.ccgp.gov.cn/cggg/zygg/cjgg/202609/t20260907_27281376.htm,2026-09-10 09:36:55,一、项目编号：HZ20260202-0172（招标文件编号：HNZJC2026-HW(2)-404-3） 二、项目名称：中南大学后勤保障部饮食服务中心一次性包装产品采购项目 三、中标（成交）信息 供应商名称：长沙市恒悦厨房设备有限公司供应商地址：长沙市岳麓区金星中路288号西子湖畔沃府13栋1301房包组或产品名称：一次性包装产品（详见“竞争性谈判文件”采购清单附件）下浮率(%)：30.0000000四、主要标的信息 序号    供应商名称      货物名称      货物品牌      货物型号      货物数量      货物单价(元)   1    长沙市恒悦厨房设备有限公司      一次性包装产品（详见“竞争性谈判文件”采购清单附件）      详见本公告附件“最后报价”      详见本公告附件“最后报价”      详见本公告附件“最后报价”      详见本公告附件“最后报价”                 五、评审专家（单一来源采购人员）名单： 刘晓梅（主任评委）、范泽夫、周逞丽、黄红艳、周艳萍（业主评委）监委：邓仲武 六、代理服务收费标准及金额： 本项目代理费收费标准：具体收费标准详见本项目竞争性谈判文件。 本项目代理费总金额：1.204000 万元（人民币） 七、公告期限 自本公告发布之日起1个工作日。 八、其它补充事宜 （一）符合下列情形之一的采购项目，可以采用竞争性谈判方式采购（  ）招标后没有供应商投标或者没有合格标的或者重新招标未能成立；（  ）技术复杂或者性质特殊，不能确定详细规格或者具体要求；（√）采用招标所需时间不能满足用户紧急需要；（  ）不能事先计算出价格总额；      （  ）不满足上述条件。（二）谈判情况 供应商信息名称 资格性审查结果 符合性审查结果 响应报价 （整体优惠率） 推荐排名 是否为成交候选人 长沙市恒悦厨房设备有限公司 审核通过 审核通过 30.00% 1 是 湖北张渐山供应链有限公司 审核通过 审核通过 27.00% 2 是 湖南良智厨房设备有限公司 审核通过 审核通过 25.00% 3 是 铜陵方正塑业科技有限公司 审核通过 审核通过 12.00% 4 否 （三） 主要标的信息 序号 标的名称 规格型号（或项目特征描述） 品牌 产地 数量/单位 整体优惠率（%） 1 详见本公告附件“最后报价” （四） 公告期限自本公告发布之日起一个工作日。投标供应商如对此公告有异议的，请于此公告发布之日起七个工作日内，以书面形式向采购人、代理机构一次性提出质疑。（五）其他补充事本次结果公告同时在中国政府采购网（https://www.ccgp.gov.cn/）、中南大学校园网（https：//oa.csu.edu.cn/con/ggtz）、中南大学采购与招标管理中心网（http://czzx.csu.edu.cn/）发布。 九、凡对本次公告内容提出询问，请按以下方式联系。 1.采购人信息 名 称：中南大学 地址：长沙市麓山南路932号，中南大学采购与招标管理中心 联系方式：陈老师：0731-88836549 2.采购代理机构信息 名 称：中技建设咨询有限公司 地 址：长沙市雨花区湘府中路117号高升金典商务楼12层 联系方式：马丽、龚芮民、向丹丹、聂艳君：0731-84169659 3.项目联系方式 项目联系人：罗老师 电 话： 0731-88879685,教育培训,,中国政府采购网,,,,,,0.0,"[{""序号"": ""1"", ""供应商名称"": ""长沙市恒悦厨房设备有限公司"", ""货物名称"": ""一次性包装产品（详见“竞争性谈判文件”采购清单附件）"", ""货物品牌"": ""详见本公告附件“最后报价”"", ""货物型号"": ""详见本公告附件“最后报价”"", ""货物数量"": ""详见本公告附件“最后报价”"", ""货物单价(元)"": ""详见本公告附件“最后报价”""}, {""供应商信息名称"": ""长沙市恒悦厨房设备有限公司"", ""资格性审查结果"": ""审核通过"", ""符合性审查结果"": ""审核通过"", ""响应报价\t\t\t（整体优惠率）"": ""30.00%"", ""推荐排名"": ""1"", ""是否为成交候选人"": ""是""}, {""供应商信息名称"": ""湖北张渐山供应链有限公司"", ""资格性审查结果"": ""审核通过"", ""符合性审查结果"": ""审核通过"", ""响应报价\t\t\t（整体优惠率）"": ""27.00%"", ""推荐排名"": ""2"", ""是否为成交候选人"": ""是""}, {""供应商信息名称"": ""湖南良智厨房设备有限公司"", ""资格性审查结果"": ""审核通过"", ""符合性审查结果"": ""审核通过"", ""响应报价\t\t\t（整体优惠率）"": ""25.00%"", ""推荐排名"": ""3"", ""是否为成交候选人"": ""是""}, {""供应商信息名称"": ""铜陵方正塑业科技有限公司"", ""资格性审查结果"": ""审核通过"", ""符合性审查结果"": ""审核通过"", ""响应报价\t\t\t（整体优惠率）"": ""12.00%"", ""推荐排名"": ""4"", ""是否为成交候选人"": ""否""}]","刘晓梅（主任评委）、范泽夫、周逞丽、黄红艳、周艳萍（业主评委）
监委：邓仲武",1.204,长沙市恒悦厨房设备有限公司、湖北张渐山供应链有限公司、湖南良智厨房设备有限公司、铜陵方正塑业科技有限公司,,,,
暨南大学生科院二氧化碳培养箱和大容量高速冷冻离心机等设备采购项目成交结果公告,成交公告,GZZJ-FG-2026439,2026年09月07日 17:43,广东省,暨南大学,广州市黄埔大道西601号,张老师020-85220458,广州中经招标有限公司,广州市越秀区寺右一马路18号泰恒大厦14楼1409室,侯先生020-87385151、020-37639369、020-87371812、020-87372296,侯先生,020-87385151,,,https://www.ccgp.gov.cn/cggg/zygg/cjgg/202609/t20260907_27281323.htm,2026-09-10 09:36:55,"一、项目编号：GZZJ-FG-2026439（招标文件编号：GZZJ-FG-2026439） 二、项目名称：暨南大学生科院二氧化碳培养箱和大容量高速冷冻离心机等设备采购项目 三、中标（成交）信息 供应商名称：深圳颜言生物科技有限公司供应商地址：深圳市光明区光明街道碧眼社区美盈森大厦A单元810中标（成交）金额：59.8600000（万元） 供应商名称：广州科朋科学仪器有限公司供应商地址：广州市海珠区新港中路376号2106室（仅限办公）中标（成交）金额：20.0500000（万元）四、主要标的信息 序号    供应商名称      货物名称      货物品牌      货物型号      货物数量      货物单价(元)   1    深圳颜言生物科技有限公司      二氧化碳培养箱（普通）等设备      Thermo Scienti fic等      HERACELL 150 I GP INCUBATOR等      1批      ¥598,600.00                 序号    供应商名称      货物名称      货物品牌      货物型号      货物数量      货物单价(元)   2    广州科朋科学仪器有限公司      大容量高速冷冻离心机等设备      湘仪等      HT190R等      1批      200,500.00                 五、评审专家（单一来源采购人员）名单： 吴劲、许秀凤、焦玉虎（采购人代表） 六、代理服务收费标准及金额： 本项目代理费收费标准：按询比文件要求 本项目代理费总金额：1.198600 万元（人民币） 七、公告期限 自本公告发布之日起1个工作日。 八、其它补充事宜 （一）项目内容  包组号 项目内容 数量 最高限价 是否允许进口产品 包组一 二氧化碳培养箱（普通）等设备 1批 人民币60万元 是 包组二 大容量高速冷冻离心机等设备 1批 人民币21.59万元 是 （二）成交供应商的评审总得分：包组一：85.74包组二：81.15（三）各有关当事人对中标、成交结果有异议的，可以在中标、成交公告发布之日起3个工作日内以书面形式向（政府采购代理机构）（或采购人）提出质疑，逾期将依法不予受理。 九、凡对本次公告内容提出询问，请按以下方式联系。 1.采购人信息 名 称：暨南大学 地址：广州市黄埔大道西601号 联系方式：张老师020-85220458 2.采购代理机构信息 名 称：广州中经招标有限公司 地 址：广州市越秀区寺右一马路18号泰恒大厦14楼1409室 联系方式：侯先生020-87385151、020-37639369、020-87371812、020-87372296 3.项目联系方式 项目联系人：侯先生 电 话： 020-87385151",教育培训,,中国政府采购网,,,,,,79.91,"[{""序号"": ""1"", ""供应商名称"": ""深圳颜言生物科技有限公司"", ""货物名称"": ""二氧化碳培养箱（普通）等设备"", ""货物品牌"": ""Thermo Scienti fic等"", ""货物型号"": ""HERACELL 150 I GP INCUBATOR等"", ""货物数量"": ""1批"", ""货物单价(元)"": ""¥598,600.00""}, {""序号"": ""序号"", ""供应商名称"": ""供应商名称"", ""货物名称"": ""货物名称"", ""货物品牌"": ""货物品牌"", ""货物型号"": ""货物型号"", ""货物数量"": ""货物数量"", ""货物单价(元)"": ""货物单价(元)""}, {""序号"": ""2"", ""供应商名称"": ""广州科朋科学仪器有限公司"", ""货物名称"": ""大容量高速冷冻离心机等设备"", ""货物品牌"": ""湘仪等"", ""货物型号"": ""HT190R等"", ""货物数量"": ""1批"", ""货物单价(元)"": ""200,500.00""}]",吴劲、许秀凤、焦玉虎（采购人代表）,1.1986,深圳颜言生物科技有限公司、供应商名称、广州科朋科学仪器有限公司,,,,
暨南大学中医学院全自动玻片扫描仪主机及明场采购项目（二次）成交结果公告,成交公告,GZZJ-FG-2026429,2026年09月07日 17:42,广东省,暨南大学,广州市黄埔大道西601号,张老师020-85220458,广州中经招标有限公司,广州市越秀区寺右一马路18号泰恒大厦14楼1409室,侯先生020-87385151、020-37639369、020-87371812、020-87372296,侯先生,020-87385151,,,https://www.ccgp.gov.cn/cggg/zygg/cjgg/202609/t20260907_27281324.htm,2026-09-10 09:36:56,"一、项目编号：GZZJ-FG-2026429（招标文件编号：GZZJ-FG-2026429） 二、项目名称：暨南大学中医学院全自动玻片扫描仪主机及明场采购项目（二次） 三、中标（成交）信息 供应商名称：成都有定科技有限公司供应商地址：成都东部新区三岔湖环湖东路1888号3栋1单元4楼406、407号中标（成交）金额：87.5000000（万元）四、主要标的信息 序号    供应商名称      货物名称      货物品牌      货物型号      货物数量      货物单价(元)   1    成都有定科技有限公司      全自动玻片扫描仪（主机+明场部分）      EVIDENT      VS200      1台      875,000.00                 五、评审专家（单一来源采购人员）名单： 曾星媛、许秀凤、张玉佩（采购人代表） 六、代理服务收费标准及金额： 本项目代理费收费标准：按询比文件要求 本项目代理费总金额：1.312500 万元（人民币） 七、公告期限 自本公告发布之日起1个工作日。 八、其它补充事宜 （一）项目内容  项目内容 数量 最高限价 是否允许进口产品 全自动玻片扫描仪（主机+明场部分） 1台 人民币88万元 是 （二）成交供应商的评审总得分：91.76（三）各有关当事人对中标、成交结果有异议的，可以在中标、成交公告发布之日起3个工作日内以书面形式向（政府采购代理机构）（或采购人）提出质疑，逾期将依法不予受理。 九、凡对本次公告内容提出询问，请按以下方式联系。 1.采购人信息 名 称：暨南大学 地址：广州市黄埔大道西601号 联系方式：张老师020-85220458 2.采购代理机构信息 名 称：广州中经招标有限公司 地 址：广州市越秀区寺右一马路18号泰恒大厦14楼1409室 联系方式：侯先生020-87385151、020-37639369、020-87371812、020-87372296 3.项目联系方式 项目联系人：侯先生 电 话： 020-87385151",医疗卫生,,中国政府采购网,,,,,,87.5,"[{""序号"": ""1"", ""供应商名称"": ""成都有定科技有限公司"", ""货物名称"": ""全自动玻片扫描仪（主机+明场部分）"", ""货物品牌"": ""EVIDENT"", ""货物型号"": ""VS200"", ""货物数量"": ""1台"", ""货物单价(元)"": ""875,000.00""}]",曾星媛、许秀凤、张玉佩（采购人代表）,1.3125,成都有定科技有限公司,,,,
中国信息通信研究院面向星地融合的空间通信标校和性能测试平台建设购置项目-空间载荷关局核心网络漫游和互操作系统-升级支持数字签名功能等成交公告,成交公告,BMCC-ZC26-1233,2026年09月07日 17:38,北京市,中国信息通信研究院,北京市海淀区花园北路52号,王娜 010-62309657,北京明德致信咨询有限公司,北京市海淀区学院路30号科大天工大厦B座1709室,"刘亚运,孙恺宁,吕家乐  010－82370045、FC@zbbmcc.com（保证金、发票等咨询）",刘亚运,,"中小企业声明函.pdf,成交公告-ZC26-1233面向星地融合的空间通信标校和性能测试平台建设购置项目-空间载荷关局核心网络漫游和互操作系统-升级支持数字签名功能等.docx,本国产品声明函及承诺函.pdf,发售稿- ZC26-1233 面向星地融合的空间通信标校和性能测试平台建设购置项目-空间载荷关局核心网络漫游和互操作系统-升级支持数字签名功能等竞争性磋商文件.pdf","[{""attach_name"": ""中小企业声明函.pdf"", ""attach_url"": ""https://download.ccgp.gov.cn/oss/download?uuid=ED5E5316F0A28DEC633C910F2143D7""}, {""attach_name"": ""成交公告-ZC26-1233面向星地融合的空间通信标校和性能测试平台建设购置项目-空间载荷关局核心网络漫游和互操作系统-升级支持数字签名功能等.docx"", ""attach_url"": ""https://download.ccgp.gov.cn/oss/download?uuid=73AECD57D8A22DE15A0377A0889860""}, {""attach_name"": ""本国产品声明函及承诺函.pdf"", ""attach_url"": ""https://download.ccgp.gov.cn/oss/download?uuid=B93E612C9B4A7F8078AA73F8A8D6C5""}, {""attach_name"": ""发售稿- ZC26-1233 面向星地融合的空间通信标校和性能测试平台建设购置项目-空间载荷关局核心网络漫游和互操作系统-升级支持数字签名功能等竞争性磋商文件.pdf"", ""attach_url"": ""https://download.ccgp.gov.cn/oss/download?uuid=D2E5FB32BA664D73A380FA6C1E12D9""}]",https://www.ccgp.gov.cn/cggg/zygg/cjgg/202609/t20260907_27281244.htm,2026-09-10 09:36:56,"一、项目编号：BMCC-ZC26-1233（招标文件编号：BMCC-ZC26-1233） 二、项目名称：面向星地融合的空间通信标校和性能测试平台建设购置项目-空间载荷关局核心网络漫游和互操作系统-升级支持数字签名功能等 三、中标（成交）信息 供应商名称：深圳千通科技有限公司供应商地址：深圳市南山区粤海街道滨海社区海天一路11、13、15号深圳市软件产业基地5栋A808中标（成交）金额：54.0500000（万元）四、主要标的信息 序号    供应商名称      货物名称      货物品牌      货物型号      货物数量      货物单价(元)   1    深圳千通科技有限公司      数字签名功能软件 边缘用户面处理能力软件      深圳千通 深圳千通      AGT-CBCSA-V1.0 AGT-UPF-V1.0      1 1      262200.00 278300.00                 五、评审专家（单一来源采购人员）名单： 孟伟、李祯、孙斌（采购人代表）。 六、代理服务收费标准及金额： 本项目代理费收费标准：详见采购文件。 本项目代理费总金额：0.648600 万元（人民币） 七、公告期限 自本公告发布之日起1个工作日。 八、其它补充事宜 成交人评审总得分（总平均分）：96.67分。具体内容详见附件下载 九、凡对本次公告内容提出询问，请按以下方式联系。 1.采购人信息 名 称：中国信息通信研究院 地址：北京市海淀区花园北路52号 联系方式：王娜 010-62309657 2.采购代理机构信息 名 称：北京明德致信咨询有限公司 地 址：北京市海淀区学院路30号科大天工大厦B座1709室 联系方式：刘亚运,孙恺宁,吕家乐 010－82370045、FC@zbbmcc.com（保证金、发票等咨询） 3.项目联系方式 项目联系人：刘亚运,孙恺宁,吕家乐 电 话： 010－61192267、lyy@zbbmcc.com（仅用于采购文件咨询）",设备购置,,中国政府采购网,,,,,,54.05,"[{""序号"": ""1"", ""供应商名称"": ""深圳千通科技有限公司"", ""货物名称"": ""数字签名功能软件\t\t\t边缘用户面处理能力软件"", ""货物品牌"": ""深圳千通\t\t\t深圳千通"", ""货物型号"": ""AGT-CBCSA-V1.0\t\t\tAGT-UPF-V1.0"", ""货物数量"": ""1\t\t\t1"", ""货物单价(元)"": ""262200.00\t\t\t278300.00""}]",孟伟、李祯、孙斌（采购人代表）。,0.6486,深圳千通科技有限公司,,,,
东莞市消防救援支队广东消防救援总队消防设施操作员职业技能鉴定(东莞分站)实操考核设施设备补充配置项目结果公告,成交公告,YDZB26DGZC0083,2026年09月07日 17:33,东莞市,东莞市消防救援支队,东莞市东城街道莞长路立新路段23号,潘工，（0769）23119069,广东有德招标采购有限公司,东莞市东城街道新源路海德琥珀台6栋1703室,杨冬妮，（0769）23362836,杨冬妮,（0769）23362836,,,https://www.ccgp.gov.cn/cggg/zygg/cjgg/202609/t20260907_27281099.htm,2026-09-10 09:36:57,一、项目编号：YDZB26DGZC0083（招标文件编号：YDZB26DGZC0083） 二、项目名称：广东消防救援总队消防设施操作员职业技能鉴定(东莞分站)实操考核设施设备补充配置项目 三、中标（成交）信息 供应商名称：山东启方科技有限公司供应商地址：山东省济南市高新区经十东路5777号万科奥体天泰广场金域中心A座2104室中标（成交）金额：32.8477920（万元）四、主要标的信息 序号    供应商名称    货物名称    货物品牌    货物型号    货物数量    货物单价(元) 1    山东启方科技有限公司    消防供配电鉴定设施    特斯拉动力    TSL-30kw    1    18721.50               五、评审专家（单一来源采购人员）名单： 潘绍博、李伊、文树豪 六、代理服务收费标准及金额： 本项目代理费收费标准：成交供应商应在领取《成交通知书》原件时向采购代理机构一次性支付采购代理服务费人民币贰仟柒佰伍拾伍元整（2755.00元） 本项目代理费总金额：0.277500 万元（人民币） 七、公告期限 自本公告发布之日起1个工作日。 八、其它补充事宜 供应商序号 供应商名称 商务得分 技术得分 价格得分 总分 评分排名 1 山东启方科技有限公司 14.00 24.67 30.00 68.67 1 2 广东大荔机电工程有限工程 16.00 13.00 26.58 55.58 3 3 广东群创建设科技有限公司 7.00 25.33 26.42 58.75 2   九、凡对本次公告内容提出询问，请按以下方式联系。 1.采购人信息 名 称：东莞市消防救援支队 地址：东莞市东城街道莞长路立新路段23号 联系方式：潘工，（0769）23119069 2.采购代理机构信息 名 称：广东有德招标采购有限公司 地 址：东莞市东城街道新源路海德琥珀台6栋1703室 联系方式：杨冬妮，（0769）23362836 3.项目联系方式 项目联系人：杨冬妮 电 话： （0769）23362836,公共安全,,中国政府采购网,,,,,,32.847792,"[{""序号"": ""1"", ""供应商名称"": ""山东启方科技有限公司"", ""货物名称"": ""消防供配电鉴定设施"", ""货物品牌"": ""特斯拉动力"", ""货物型号"": ""TSL-30kw"", ""货物数量"": ""1"", ""货物单价(元)"": ""18721.50""}, {""供应商序号"": ""1"", ""供应商名称"": ""山东启方科技有限公司"", ""商务得分"": ""14.00"", ""技术得分"": ""24.67"", ""价格得分"": ""30.00"", ""总分"": ""68.67"", ""评分排名"": ""1""}, {""供应商序号"": ""2"", ""供应商名称"": ""广东大荔机电工程有限工程"", ""商务得分"": ""16.00"", ""技术得分"": ""13.00"", ""价格得分"": ""26.58"", ""总分"": ""55.58"", ""评分排名"": ""3""}, {""供应商序号"": ""3"", ""供应商名称"": ""广东群创建设科技有限公司"", ""商务得分"": ""7.00"", ""技术得分"": ""25.33"", ""价格得分"": ""26.42"", ""总分"": ""58.75"", ""评分排名"": ""2""}]",潘绍博、李伊、文树豪,0.2775,山东启方科技有限公司、1、2、广东大荔机电工程有限工程、3、广东群创建设科技有限公司,,,,
中华人民共和国东渡出入境边防检查站室外改造工程采购项目成交公告,成交公告,XC,2026年09月07日 17:32,市辖区,中华人民共和国东渡出入境边防检查站,福建省厦门市湖里区墩岭路168号,王工、0592-2630037,厦门协诚工程管理咨询有限公司,厦门市思明区塔埔东路165号观音山营运中心8号楼10楼,邱小姐、0592-5051880,邱小姐,0592-5051880,"中小企业声明函.pdf,东渡出入境边防检查站室外改造工程-磋商文件(发布稿）.pdf","[{""attach_name"": ""中小企业声明函.pdf"", ""attach_url"": ""https://download.ccgp.gov.cn/oss/download?uuid=31B1194F08429E6B25E1C9552DEA79""}, {""attach_name"": ""东渡出入境边防检查站室外改造工程-磋商文件(发布稿）.pdf"", ""attach_url"": ""https://download.ccgp.gov.cn/oss/download?uuid=1F6D903F93448E454157BF2C4DEDD2""}]",https://www.ccgp.gov.cn/cggg/zygg/cjgg/202609/t20260907_27281102.htm,2026-09-10 09:36:58,一、项目编号：XC采招[2026]031号（招标文件编号：XC采招[2026]031号） 二、项目名称：中华人民共和国东渡出入境边防检查站室外改造工程采购项目 三、中标（成交）信息 供应商名称：河辉建设（厦门）有限公司供应商地址：厦门市同安区洪塘镇新学村新学二路196-1号中标（成交）金额：133.6769000（万元）四、主要标的信息 序号    供应商名称       工程名称       施工范围       施工工期       项目经理       执业证书   1    河辉建设（厦门）有限公司      中华人民共和国东渡出入境边防检查站室外改造工程采购项目      本工程内容包括警体训练场、连廊、停车棚等等采购图纸以及工程量清单内所有内容      合同签订之日起84个日历日内竣工交付      刘瑶      中华人民共和国一级建造师注册证书（闽1502020202102264）                 五、评审专家（单一来源采购人员）名单： 喻靖、钟全议、王怡凯（采购人代表） 六、代理服务收费标准及金额： 本项目代理费收费标准：本项目成交供应商按以下标准及方式向采购代理机构交纳成交服务费：成交价≤100万元按1.0%；100万<成交价≤500万按0.70%。 本项目代理费总金额：1.235700 万元（人民币） 七、公告期限 自本公告发布之日起1个工作日。 八、其它补充事宜 本项目采用综合评分法，成交供应商的评审总得分:94.56分。 九、凡对本次公告内容提出询问，请按以下方式联系。 1.采购人信息 名 称：中华人民共和国东渡出入境边防检查站 地址：福建省厦门市湖里区墩岭路168号 联系方式：王工、0592-2630037 2.采购代理机构信息 名 称：厦门协诚工程管理咨询有限公司 地 址：厦门市思明区塔埔东路165号观音山营运中心8号楼10楼 联系方式：邱小姐、0592-5051880 3.项目联系方式 项目联系人：邱小姐 电 话： 0592-5051880,工程建设,,中国政府采购网,,,,,,133.6769,"[{""序号"": ""1"", ""供应商名称"": ""河辉建设（厦门）有限公司"", ""工程名称"": ""中华人民共和国东渡出入境边防检查站室外改造工程采购项目"", ""施工范围"": ""本工程内容包括警体训练场、连廊、停车棚等等采购图纸以及工程量清单内所有内容"", ""施工工期"": ""合同签订之日起84个日历日内竣工交付"", ""项目经理"": ""刘瑶"", ""执业证书"": ""中华人民共和国一级建造师注册证书（闽1502020202102264）""}]",喻靖、钟全议、王怡凯（采购人代表）,1.2357,河辉建设（厦门）有限公司,,,,
广东省消防救援总队特勤支队2026年车辆保险服务采购项目成交结果公告,成交公告,ZJZB-2026-20350,2026年09月07日 17:27,广州市,广东省消防救援总队特勤大队,广州市天河区高普路86号,谢先生，020-38270886,中捷通信有限公司,广州市越秀区较场西路21号中捷通信有限公司,黄丹彤16620120513/崔世杰15800204406/余镇华/施其铿/谢知,黄丹彤,16620120513、15800204406,,,https://www.ccgp.gov.cn/cggg/zygg/cjgg/202609/t20260907_27280966.htm,2026-09-10 09:36:58,一、项目编号：ZJZB-2026-20350（招标文件编号：ZJZB-2026-20350） 二、项目名称：广东省消防救援总队特勤支队2026年车辆保险服务采购项目 三、中标（成交）信息 供应商名称：中国平安财产保险股份有限公司广东分公司供应商地址：广州市天河区体育东路160号15、16、17、27、28楼包组或产品名称：广东省消防救援总队特勤支队2026年车辆保险服务采购项目折扣率(%)：0.0000000四、主要标的信息 序号    供应商名称      服务名称      服务范围      服务要求      服务时间      服务标准   1    中国平安财产保险股份有限公司广东分公司      广东省消防救援总队特勤支队2026年车辆保险服务采购项目      按遴选文件第二部分采购需求书内容执行。      按遴选文件第二部分采购需求书内容执行。      一年，自保单出具之日起生效，服务期限届满，部分保单仍在有效期内的，成交供应商仍应当按照合同约定履行义务。      按遴选文件第二部分采购需求书内容执行。                 五、评审专家（单一来源采购人员）名单： 傅世雄、曹秀莲 、谢小钊（采购人代表）。 六、代理服务收费标准及金额： 本项目代理费收费标准：本次采购代理服务费向成交供应商收取，具体收费详见遴选采购文件。 本项目代理费总金额：0.791760 万元（人民币） 七、公告期限 自本公告发布之日起1个工作日。 八、其它补充事宜 1.主要标的信息 序号 标的名称 数量 成交供应商名称 自主定价系数 1 广东省消防救援总队特勤支队2026年车辆保险服务采购项目 1（项） 中国平安财产保险股份有限公司广东分公司 80.00%   2.本项目评审情况如下： 响应供应商名称 是否通过资格性、符合性审查 商务得分 （30%） 技术得分 （60%） 价格得分 （10%） 综合得分 排名 推荐排名 中国平安财产保险股份有限公司广东分公司 通过 30.00 60.00 6.25 96.25 1 1 中国人寿财产保险股份有限公司广州分公司 通过 25.00 59.00 8.33 92.33 2 2 中国太平洋财产保险股份有限公司广东分公司 通过 25.00 60.00 5.88 90.88 3 3 太平财产保险有限公司广东分公司 通过 15.00 51.00 10.00 76.00 4 /  3.有关当事人对中标（成交）结果公告有异议的，可以在中标（成交）公告期限届满之日起7个工作日内，以书面原件形式提出明确的请求并提供必要的证明材料，一次性向采购代理机构提出质疑。  九、凡对本次公告内容提出询问，请按以下方式联系。 1.采购人信息 名 称：广东省消防救援总队特勤大队 地址：广州市天河区高普路86号 联系方式：谢先生，020-38270886 2.采购代理机构信息 名 称：中捷通信有限公司 地 址：广州市越秀区较场西路21号中捷通信有限公司 联系方式：黄丹彤16620120513/崔世杰15800204406/余镇华/施其铿/谢知 3.项目联系方式 项目联系人：黄丹彤/崔世杰 电 话： 16620120513、15800204406,公共安全,,中国政府采购网,,,,,,0.0,"[{""序号"": ""1"", ""供应商名称"": ""中国平安财产保险股份有限公司广东分公司"", ""服务名称"": ""广东省消防救援总队特勤支队2026年车辆保险服务采购项目"", ""服务范围"": ""按遴选文件第二部分采购需求书内容执行。"", ""服务要求"": ""按遴选文件第二部分采购需求书内容执行。"", ""服务时间"": ""一年，自保单出具之日起生效，服务期限届满，部分保单仍在有效期内的，成交供应商仍应当按照合同约定履行义务。"", ""服务标准"": ""按遴选文件第二部分采购需求书内容执行。""}, {""序号"": ""1"", ""标的名称"": ""广东省消防救援总队特勤支队2026年车辆保险服务采购项目"", ""数量"": ""1（项）"", ""成交供应商名称"": ""中国平安财产保险股份有限公司广东分公司"", ""自主定价系数"": ""80.00%""}, {""响应供应商名称"": ""中国平安财产保险股份有限公司广东分公司"", ""是否通过资格性、符合性审查"": ""通过"", ""商务得分\t\t\t（30%）"": ""30.00"", ""技术得分\t\t\t（60%）"": ""60.00"", ""价格得分\t\t\t（10%）"": ""6.25"", ""综合得分"": ""96.25"", ""排名"": ""1"", ""推荐排名"": ""1""}, {""响应供应商名称"": ""中国人寿财产保险股份有限公司广州分公司"", ""是否通过资格性、符合性审查"": ""通过"", ""商务得分\t\t\t（30%）"": ""25.00"", ""技术得分\t\t\t（60%）"": ""59.00"", ""价格得分\t\t\t（10%）"": ""8.33"", ""综合得分"": ""92.33"", ""排名"": ""2"", ""推荐排名"": ""2""}, {""响应供应商名称"": ""中国太平洋财产保险股份有限公司广东分公司"", ""是否通过资格性、符合性审查"": ""通过"", ""商务得分\t\t\t（30%）"": ""25.00"", ""技术得分\t\t\t（60%）"": ""60.00"", ""价格得分\t\t\t（10%）"": ""5.88"", ""综合得分"": ""90.88"", ""排名"": ""3"", ""推荐排名"": ""3""}, {""响应供应商名称"": ""太平财产保险有限公司广东分公司"", ""是否通过资格性、符合性审查"": ""通过"", ""商务得分\t\t\t（30%）"": ""15.00"", ""技术得分\t\t\t（60%）"": ""51.00"", ""价格得分\t\t\t（10%）"": ""10.00"", ""综合得分"": ""76.00"", ""排名"": ""4"", ""推荐排名"": ""/""}]",傅世雄、曹秀莲 、谢小钊（采购人代表）。,0.79176,中国平安财产保险股份有限公司广东分公司、中国人寿财产保险股份有限公司广州分公司、中国太平洋财产保险股份有限公司广东分公司、太平财产保险有限公司广东分公司,,,,
2026年中国气象局气象探测中心业务信息系统运维综合保障项目成交公告,成交公告,ZQCD-26178,2026年09月07日 17:21,北京市,中国气象局气象探测中心,北京市海淀区中关村南大街46号中国气象局北区27号楼,王一萌，010-68408433,中国气象局气象发展与规划院（中国气象局政府采购中心）,北京市海淀区中关村南大街46号中国气象局北区7号楼,刘亚明，010-68400081,刘亚明电,010-68400081,,,https://www.ccgp.gov.cn/cggg/zygg/cjgg/202609/t20260907_27280982.htm,2026-09-10 09:36:59,"2026年中国气象局气象探测中心业务信息系统运维综合保障项目竞争性磋商成交公告一、项目编号： ZQCD-26178二、项目名称：2026年中国气象局气象探测中心业务信息系统运维综合保障项目三、中标（成交）信息供应商名称：北京华云东方探测技术有限公司供应商地址：北京市海淀区中关村南大街甲18号院1-4号楼15层D座15-15D中标（成交）金额：179.800000(万元)中标（成交）供应商综合得分为85.910(分)四、主要标的信息序号供应商名称服务名称服务范围服务要求服务时间服务标准1北京华云东方探测技术有限公司见附件见附件见附件见附件见附件 五、评审专家（单一来源采购人员）名单：陈志宇,刘炳良,曹晓峰,江军红,王一萌六、代理服务收费标准及金额：本项目代理费收费标准：按差额定率累进法计算本项目代理费总金额： 包件 1 金额为人民币：2.100000 万元 七、公告期限自本公告发布之日起1个工作日。八、其它补充事宜无九、凡对本次公告内容提出询问，请按以下方式联系。1.采购人信息名 称：中国气象局气象探测中心 地址：北京市海淀区中关村南大街46号中国气象局北区27号楼 联系方式：王一萌 010-68408433 2.采购代理机构信息名 称：中国气象局气象发展与规划院（中国气象局政府采购中心） 地 址：北京市海淀区中关村南大街46号 联系方式：刘亚明 15010840873 3.项目联系方式项目联系人：刘亚明电 话： 010-68400081附件：采购文件附件：2026年中国气象局气象探测中心业务信息系统运维综合保障项目(ZQCD-26178-包1)采购文件.docx",信息技术,,中国政府采购网,,,,,,179.8,"[{""序号"": ""1"", ""供应商名称"": ""北京华云东方探测技术有限公司"", ""服务名称"": ""见附件"", ""服务范围"": ""见附件"", ""服务要求"": ""见附件"", ""服务时间"": ""见附件"", ""服务标准"": ""见附件""}]",详见公告正文,2.1,北京华云东方探测技术有限公司,,,,
中国科学院青海盐湖研究所职工学生食堂建设项目成交公告,成交公告,,2026年09月07日 17:13,青海省,中国科学院青海盐湖研究所,青海省西宁市城西区新宁路18号,杨先生0971-6307573,青海国焱工程项目管理有限公司,西宁市城西区盐湖巷6号10号楼(城西区总部经济大厦)16楼,刘女士0971-8456071,刘女士,0971-8456071,中小企业声明函.docx,"[{""attach_name"": ""中小企业声明函.docx"", ""attach_url"": ""https://download.ccgp.gov.cn/oss/download?uuid=B48EAF5A0CC43EDA751C13D99D0396""}]",https://www.ccgp.gov.cn/cggg/zygg/cjgg/202609/t20260907_27280698.htm,2026-09-10 09:37:00,一、项目编号：青海国焱竞磋（工程）2026-306号（招标文件编号：青海国焱竞磋（工程）2026-306号） 二、项目名称：中国科学院青海盐湖研究所职工学生食堂建设项目 三、中标（成交）信息 供应商名称：青海徽六建设工程有限公司（评审总得分：83.35，综合排名第一）供应商地址：青海省海东市互助县威远镇迎宾大道22号F2幢1-2层F2-1-05室中标（成交）金额：215.2185000（万元）四、主要标的信息 序号    供应商名称       工程名称       施工范围       施工工期       项目经理       执业证书   1    青海徽六建设工程有限公司（评审总得分：83.35，综合排名第一）      中国科学院青海盐湖研究所职工学生食堂建设项目      详见磋商文件      自合同签订之日起90日历日      马有芳      青263212253330                 五、评审专家（单一来源采购人员）名单： 蔡林芝（组长）、何存姐、郑斌（采购人代表） 六、代理服务收费标准及金额： 本项目代理费收费标准：说明：以采购预算控制额度作为计算基础，核算后按95%收取；根据《关于进一步放开建设项目专项业务服务价格的通知》（发改价格[2015]299号）规定，实行市场调节价，应严格遵守《价格法》、《关于商品和服务实行明码标价的规定》等法律法规的规定收取。代理服务费的支付形式：电汇、支票。账户名：青海国焱工程项目管理有限公司开户行号：1028 5100 0139账 号：2806 0013 0900 0043 259开户行：中国工商银行股份有限公司西宁五四大街支行代理服务费以人民币支付。代理服务费不在磋商报价中单列。 本项目代理费总金额：1.616500 万元（人民币） 七、公告期限 自本公告发布之日起1个工作日。 八、其它补充事宜 本公告在《中国政府采购网》、《青海项目信息网》同时发布。 九、凡对本次公告内容提出询问，请按以下方式联系。 1.采购人信息 名 称：中国科学院青海盐湖研究所 地址：青海省西宁市城西区新宁路18号 联系方式：杨先生0971-6307573 2.采购代理机构信息 名 称：青海国焱工程项目管理有限公司 地 址：西宁市城西区盐湖巷6号10号楼(城西区总部经济大厦)16楼 联系方式：刘女士0971-8456071 3.项目联系方式 项目联系人：刘女士 电 话： 0971-8456071,教育培训,,中国政府采购网,,,,,,215.2185,"[{""序号"": ""1"", ""供应商名称"": ""青海徽六建设工程有限公司（评审总得分：83.35，综合排名第一）"", ""工程名称"": ""中国科学院青海盐湖研究所职工学生食堂建设项目"", ""施工范围"": ""详见磋商文件"", ""施工工期"": ""自合同签订之日起90日历日"", ""项目经理"": ""马有芳"", ""执业证书"": ""青263212253330""}]",蔡林芝（组长）、何存姐、郑斌（采购人代表）,1.6165,青海徽六建设工程有限公司（评审总得分：83.35，综合排名第一）,,,,
清远市消防救援支队2026年支队本级车辆维修采购项目（第二次）重招成交公告,成交公告,04-12-04F-2026-D-F-E14469C02,2026年09月07日 17:13,清城区,清远市消防救援支队,广东省清远市清城区富强中路39号,0763-3119033,公诚管理咨询有限公司,清远市清城区横荷永安南路40号富兴辉大厦5楼,刘伟胜、庞文勇、赖丙乐、杨威、陈啟炜、侯静仪、0763-3667700,陈啟炜,0763-3667700,中小企业声明函.pdf,"[{""attach_name"": ""中小企业声明函.pdf"", ""attach_url"": ""https://download.ccgp.gov.cn/oss/download?uuid=AC1235DD4FF4EFEB5AFCC63C3DE5E5""}]",https://www.ccgp.gov.cn/cggg/zygg/cjgg/202609/t20260907_27280707.htm,2026-09-10 09:37:01,一、项目编号：04-12-04F-2026-D-F-E14469C02（招标文件编号：04-12-04F-2026-D-F-E14469C02） 二、项目名称：清远市消防救援支队2026年支队本级车辆维修采购项目（第二次）重招 三、中标（成交）信息 供应商名称：清远市东盛汽车维修服务有限公司供应商地址：清远市新城E17号区人民三路三角下南村（琶江加油站对面）包组或产品名称：采购包2：公务用车维修折扣率(%)：85.0000000四、主要标的信息 序号    供应商名称      服务名称      服务范围      服务要求      服务时间      服务标准   1    清远市东盛汽车维修服务有限公司      清远市消防救援支队2026年支队本级车辆维修采购项目（第二次）重招      按磋商文件要求      按磋商文件要求      自合同签订之日起1年（根据实际采购需求调整）。考核不合格采购人有权解除合同。      按磋商文件要求                 五、评审专家（单一来源采购人员）名单： 吴志东、葛志军、李红 六、代理服务收费标准及金额： 本项目代理费收费标准：按磋商文件要求。 本项目代理费总金额：0.125000 万元（人民币） 七、公告期限 自本公告发布之日起1个工作日。 八、其它补充事宜 无。 九、凡对本次公告内容提出询问，请按以下方式联系。 1.采购人信息 名 称：清远市消防救援支队 地址：广东省清远市清城区富强中路39号 联系方式：0763-3119033 2.采购代理机构信息 名 称：公诚管理咨询有限公司 地 址：清远市清城区横荷永安南路40号富兴辉大厦5楼 联系方式：刘伟胜、庞文勇、赖丙乐、杨威、陈啟炜、侯静仪、0763-3667700 3.项目联系方式 项目联系人：陈啟炜 电 话： 0763-3667700,公共安全,,中国政府采购网,,,,,,0.0,"[{""序号"": ""1"", ""供应商名称"": ""清远市东盛汽车维修服务有限公司"", ""服务名称"": ""清远市消防救援支队2026年支队本级车辆维修采购项目（第二次）重招"", ""服务范围"": ""按磋商文件要求"", ""服务要求"": ""按磋商文件要求"", ""服务时间"": ""自合同签订之日起1年（根据实际采购需求调整）。考核不合格采购人有权解除合同。"", ""服务标准"": ""按磋商文件要求""}]",吴志东、葛志军、李红,0.125,清远市东盛汽车维修服务有限公司,,,,
北京邮电大学晶圆级SAB键合与后道加工服务项目成交公告,成交公告,BUPT-FWXCZB-26042,2026年09月07日 17:13,北京市,北京邮电大学,北京市海淀区西土城路10号,周老师，010-62282312,中盛隆国际招标（北京）有限公司,北京市海淀区阜成路58号新洲商务大厦302室,李蕊、孙源滨、曹泽鹏、魏菲、马春娟、赵中阳、刘震、李红梅、李莉、010-88956517-214,李蕊、孙源滨、曹泽鹏、魏菲、马,010-88956517-214,（发售版）竞争性磋商4-北京邮电大学晶圆级SAB键合与后道加工服务项目 (1).pdf,"[{""attach_name"": ""（发售版）竞争性磋商4-北京邮电大学晶圆级SAB键合与后道加工服务项目 (1).pdf"", ""attach_url"": ""https://download.ccgp.gov.cn/oss/download?uuid=96F8DADBF1F7630E0D79E9709E83FF""}]",https://www.ccgp.gov.cn/cggg/zygg/cjgg/202609/t20260907_27280701.htm,2026-09-10 09:37:01,一、项目编号：BUPT-FWXCZB-26042（招标文件编号：BUPT-FWXCZB-26042） 二、项目名称：北京邮电大学晶圆级SAB键合与后道加工服务项目 三、中标（成交）信息 供应商名称：湖北光谷实验室供应商地址：武汉市洪山区珞喻路1037号华中科技大学光电信息大楼中标（成交）金额：93.0000000（万元）四、主要标的信息 序号    供应商名称      服务名称      服务范围      服务要求      服务时间      服务标准   1    湖北光谷实验室      晶圆级SAB键合与后道加工服务项目      完全满足竞争性磋商文件要求      完全满足竞争性磋商文件要求      完全满足竞争性磋商文件要求      完全满足竞争性磋商文件要求                 五、评审专家（单一来源采购人员）名单： 金灿灿、阳美兰、闻和 六、代理服务收费标准及金额： 本项目代理费收费标准：详见竞争性磋商文件 本项目代理费总金额：1.046250 万元（人民币） 七、公告期限 自本公告发布之日起1个工作日。 八、其它补充事宜 1、成交供应商综合得分:86.67分2、未成交供应商请在此公告发布后5个工作日内联系我公司办理保证金退回事宜并领取结果通知书，成交供应商请与采购人签订合同后5个工作日内，将合同扫描件返回招标代理公司邮箱(lr@zsltc.com)办理保证金退回事宜。 九、凡对本次公告内容提出询问，请按以下方式联系。 1.采购人信息 名 称：北京邮电大学 地址：北京市海淀区西土城路10号 联系方式：周老师，010-62282312 2.采购代理机构信息 名 称：中盛隆国际招标（北京）有限公司 地 址：北京市海淀区阜成路58号新洲商务大厦302室 联系方式：李蕊、孙源滨、曹泽鹏、魏菲、马春娟、赵中阳、刘震、李红梅、李莉、010-88956517-214 3.项目联系方式 项目联系人：李蕊、孙源滨、曹泽鹏、魏菲、马春娟、赵中阳、刘震、李红梅、李莉 电 话： 010-88956517-214,教育培训,,中国政府采购网,,,,,,93.0,"[{""序号"": ""1"", ""供应商名称"": ""湖北光谷实验室"", ""服务名称"": ""晶圆级SAB键合与后道加工服务项目"", ""服务范围"": ""完全满足竞争性磋商文件要求"", ""服务要求"": ""完全满足竞争性磋商文件要求"", ""服务时间"": ""完全满足竞争性磋商文件要求"", ""服务标准"": ""完全满足竞争性磋商文件要求""}]",金灿灿、阳美兰、闻和,1.04625,湖北光谷实验室,,,,
中国地质调查局乌鲁木齐自然资源综合调查中心2026年度知识产权代理机构遴选公告成交公告,成交公告,,2026年09月07日 17:08,新市区,中国地质调查局乌鲁木齐自然资源综合调查中心,新疆乌鲁木齐市新市区西环北路555号,韩工，0991-3741132----纪检审计联系方式0991-3618160,详见公告正文,详见公告正文,详见公告正文,韩工,0991-3741132,,,https://www.ccgp.gov.cn/cggg/zygg/cjgg/202609/t20260907_27280571.htm,2026-09-10 09:37:01,一、项目编号：（招标文件编号：无） 二、项目名称：中国地质调查局乌鲁木齐自然资源综合调查中心2026年度知识产权代理机构遴选公告 三、中标（成交）信息 供应商名称：北京集佳知识产权代理有限公司供应商地址：北京市朝阳区建国门外大街22号中标（成交）金额：0.0000000（万元） 供应商名称：北京高沃律师事务所供应商地址：北京市海淀区彩和坊路中标（成交）金额：0.0000000（万元） 供应商名称：北京领果世纪知识产权代理有限公司供应商地址：北京市海淀区农大南路中标（成交）金额：0.0000000（万元）四、主要标的信息 序号    供应商名称      服务名称      服务范围      服务要求      服务时间      服务标准   1    北京集佳知识产权代理有限公司      知识产权服务      知识产权服务      知识产权服务      一年      知识产权服务                 序号    供应商名称      货物名称      货物品牌      货物型号      货物数量      货物单价(元)   2    北京高沃律师事务所      知识产权服务      知识产权服务      知识产权服务      知识产权服务      0          服务名称      服务范围      服务要求      服务时间      服务标准          知识产权服务      知识产权服务      知识产权服务      一年      知识产权服务                 序号    供应商名称      服务名称      服务范围      服务要求      服务时间      服务标准   3    北京领果世纪知识产权代理有限公司      知识产权服务      知识产权服务      知识产权服务      一年      知识产权服务                 五、评审专家（单一来源采购人员）名单： 韩银鹏、丁凡、郑飞 六、代理服务收费标准及金额： 本项目代理费收费标准：无 本项目代理费总金额：0.000000 万元（人民币） 七、公告期限 自本公告发布之日起1个工作日。 八、其它补充事宜 无 九、凡对本次公告内容提出询问，请按以下方式联系。 1.采购人信息 名 称：中国地质调查局乌鲁木齐自然资源综合调查中心 地址：新疆乌鲁木齐市新市区西环北路555号 联系方式：韩工，0991-3741132----纪检审计联系方式0991-3618160 2.项目联系方式 项目联系人：韩工 电 话： 0991-3741132,其他,,中国政府采购网,,,,,,0.0,"[{""序号"": ""1"", ""供应商名称"": ""北京集佳知识产权代理有限公司"", ""服务名称"": ""知识产权服务"", ""服务范围"": ""知识产权服务"", ""服务要求"": ""知识产权服务"", ""服务时间"": ""一年"", ""服务标准"": ""知识产权服务""}, {""序号"": ""序号"", ""供应商名称"": ""供应商名称"", ""服务名称"": ""货物名称"", ""服务范围"": ""货物品牌"", ""服务要求"": ""货物型号"", ""服务时间"": ""货物数量"", ""服务标准"": ""货物单价(元)""}, {""序号"": ""2"", ""供应商名称"": ""北京高沃律师事务所"", ""服务名称"": ""知识产权服务"", ""服务范围"": ""知识产权服务"", ""服务要求"": ""知识产权服务"", ""服务时间"": ""知识产权服务"", ""服务标准"": ""0""}, {""服务名称"": ""服务名称"", ""服务范围"": ""服务范围"", ""服务要求"": ""服务要求"", ""服务时间"": ""服务时间"", ""服务标准"": ""服务标准""}, {""服务名称"": ""知识产权服务"", ""服务范围"": ""知识产权服务"", ""服务要求"": ""知识产权服务"", ""服务时间"": ""一年"", ""服务标准"": ""知识产权服务""}, {""序号"": ""序号"", ""供应商名称"": ""供应商名称"", ""服务名称"": ""服务名称"", ""服务范围"": ""服务范围"", ""服务要求"": ""服务要求"", ""服务时间"": ""服务时间"", ""服务标准"": ""服务标准""}, {""序号"": ""3"", ""供应商名称"": ""北京领果世纪知识产权代理有限公司"", ""服务名称"": ""知识产权服务"", ""服务范围"": ""知识产权服务"", ""服务要求"": ""知识产权服务"", ""服务时间"": ""一年"", ""服务标准"": ""知识产权服务""}]",韩银鹏、丁凡、郑飞,0.0,北京集佳知识产权代理有限公司、供应商名称、北京高沃律师事务所、北京领果世纪知识产权代理有限公司,,,,
福建省漳州市福建古雷港经济开发区消防救援大队消防科普教育基地改造项目成交公告,成交公告,,2026年09月07日 17:00,古雷港经济开发区,福建古雷港经济开发区消防救援大队,漳浦县古雷镇油杏街900号,黄先生13141016119,福建城域工程咨询有限公司,福建省漳州市龙文区漳州恒大城市之光12幢512室,小余0596-2862209,黄先生,13141016119,"福建古雷港经济开发区消防救援大队消防科普教育基地改造项目.pdf,附件.pdf","[{""attach_name"": ""福建古雷港经济开发区消防救援大队消防科普教育基地改造项目.pdf"", ""attach_url"": ""https://download.ccgp.gov.cn/oss/download?uuid=B3DAC8765D351F1E1A33C885E679B2""}, {""attach_name"": ""附件.pdf"", ""attach_url"": ""https://download.ccgp.gov.cn/oss/download?uuid=3E07C649574D18C17662D8CD340A8B""}]",https://www.ccgp.gov.cn/cggg/zygg/cjgg/202609/t20260907_27281058.htm,2026-09-10 09:37:02,一、项目编号：财闽漳【26-07】（13）号（招标文件编号：财闽漳【26-07】（13）号） 二、项目名称：福建古雷港经济开发区消防救援大队消防科普教育基地改造项目 三、中标（成交）信息 供应商名称：福建省日誉建设集团有限公司供应商地址：福建省漳州市龙海区颜厝镇宅前村官田282号汇商发展广场二层208室中标（成交）金额：55.2030000（万元）四、主要标的信息 序号    供应商名称       工程名称       施工范围       施工工期       项目经理       执业证书   1    福建省日誉建设集团有限公司      福建古雷港经济开发区消防救援大队消防科普教育基地改造项目      福建古雷港经济开发区消防救援大队消防科普教育基地改造项目施工图纸所含全部工程内容的施工，具体以发包人提供的设计施工图纸、有关设计变更通知、工程造价资料所列指的范围、采购文件以及发包人对采购文件的答疑、澄清、修改或补充说明为准。      合同签订之日起50日历天内完成      张毅辉      闽235201020102521                 五、评审专家（单一来源采购人员）名单： 林国宾（组长）、郭铭强、黄柏侨（采购人代表） 六、代理服务收费标准及金额： 本项目代理费收费标准：参考计价格〔2002〕1980号文，按照差额定率累进法标准的80%计取，不足3000元按3000元计取，由成交供应商领取成交通知书时以转帐、电汇、现金存款等方式一次性向代理机构缴清（开户名称：福建城域工程咨询有限公司，账号：140 990 220 96000 45346，开户银行：中国工商银行股份有限公司漳州漳华支行）。 本项目代理费总金额：0.441600 万元（人民币） 七、公告期限 自本公告发布之日起1个工作日。 八、其它补充事宜 1、福建文杰建筑工程有限公司，该单位提供的响应文件中项目负责人出现前后不一致情形，属于实质性内容前后不一致，不符合竞争性磋商文件中符合性审查情形7：“不符合磋商文件中规定的其它实质性条款”，故符合性审查不通过。2、福建省日誉建设集团有限公司，综合评审得分为99.80 分。 九、凡对本次公告内容提出询问，请按以下方式联系。 1.采购人信息 名 称：福建古雷港经济开发区消防救援大队 地址：漳浦县古雷镇油杏街900号 联系方式：黄先生13141016119 2.采购代理机构信息 名 称：福建城域工程咨询有限公司 地 址：福建省漳州市龙文区漳州恒大城市之光12幢512室 联系方式：小余0596-2862209 3.项目联系方式 项目联系人：黄先生 电 话： 13141016119,教育培训,,中国政府采购网,,,,,,55.203,"[{""序号"": ""1"", ""供应商名称"": ""福建省日誉建设集团有限公司"", ""工程名称"": ""福建古雷港经济开发区消防救援大队消防科普教育基地改造项目"", ""施工范围"": ""福建古雷港经济开发区消防救援大队消防科普教育基地改造项目施工图纸所含全部工程内容的施工，具体以发包人提供的设计施工图纸、有关设计变更通知、工程造价资料所列指的范围、采购文件以及发包人对采购文件的答疑、澄清、修改或补充说明为准。"", ""施工工期"": ""合同签订之日起50日历天内完成"", ""项目经理"": ""张毅辉"", ""执业证书"": ""闽235201020102521""}]",林国宾（组长）、郭铭强、黄柏侨（采购人代表）,0.4416,福建省日誉建设集团有限公司,,,,
浙江大学PCX波段干扰机成交公告,成交公告,ZJ-2662553-10G,2026年09月07日 16:59,杭州市,浙江大学,杭州市西湖区余杭塘路866号,陈老师 联系电话：0571-87951590 采购部门邮箱：cgzx1@zju.edu.cn,浙江国际招投标有限公司,浙江省杭州市西湖区文三路90号1号楼3楼,谢凯枫、谭策 联系电话：0571-89731841、0571-81061837 传真：0571-81061837 质疑联系人：王麟；电话：0571-81061839,谢凯枫,0571-89731841,"关于符合本国产品标准的声明函.pdf,ZJ-2662553-10G PCX波段干扰机竞争性磋商采购文件0824发布稿.doc","[{""attach_name"": ""关于符合本国产品标准的声明函.pdf"", ""attach_url"": ""https://download.ccgp.gov.cn/oss/download?uuid=294E34A2523CAB04C4ECF693AA6492""}, {""attach_name"": ""ZJ-2662553-10G PCX波段干扰机竞争性磋商采购文件0824发布稿.doc"", ""attach_url"": ""https://download.ccgp.gov.cn/oss/download?uuid=12C7DC09AD067A3299AECB63B9E01D""}]",https://www.ccgp.gov.cn/cggg/zygg/cjgg/202609/t20260907_27280332.htm,2026-09-10 09:37:03,一、项目编号：ZJ-2662553-10G（招标文件编号：ZJ-2662553-10G） 二、项目名称：PCX波段干扰机 三、中标（成交）信息 供应商名称：北京航天微电科技有限公司供应商地址：北京市海淀区永定路50号中标（成交）金额：105.0000000（万元）四、主要标的信息 序号    供应商名称      货物名称      货物品牌      货物型号      货物数量      货物单价(元)   1    北京航天微电科技有限公司      PCX波段干扰机      航天微电      定制      3台      350000.00                 五、评审专家（单一来源采购人员）名单： 陆景平、孙新华、王水华备注：评审专家从浙江省政府采购专家库中抽取 六、代理服务收费标准及金额： 本项目代理费收费标准：招标全过程代理费按国家标准收费的70%收取，采取差额累进计费方式，按照成交通知书确定的金额，向成交人收取服务费。 本项目代理费总金额：1.088500 万元（人民币） 七、公告期限 自本公告发布之日起1个工作日。 八、其它补充事宜 成交供应商综合得分：92.67  九、凡对本次公告内容提出询问，请按以下方式联系。 1.采购人信息 名 称：浙江大学 地址：杭州市西湖区余杭塘路866号 联系方式：陈老师 联系电话：0571-87951590 采购部门邮箱：cgzx1@zju.edu.cn 2.采购代理机构信息 名 称：浙江国际招投标有限公司 地 址：浙江省杭州市西湖区文三路90号1号楼3楼 联系方式：谢凯枫、谭策 联系电话：0571-89731841、0571-81061837 传真：0571-81061837 质疑联系人：王麟；电话：0571-81061839 3.项目联系方式 项目联系人：谢凯枫 电 话： 0571-89731841,教育培训,,中国政府采购网,,,,,,105.0,"[{""序号"": ""1"", ""供应商名称"": ""北京航天微电科技有限公司"", ""货物名称"": ""PCX波段干扰机"", ""货物品牌"": ""航天微电"", ""货物型号"": ""定制"", ""货物数量"": ""3台"", ""货物单价(元)"": ""350000.00""}]","陆景平、孙新华、王水华
备注：评审专家从浙江省政府采购专家库中抽取",1.0885,北京航天微电科技有限公司,,,,
上海邮局海关消除安全隐患综合维修改造成交公告,成交公告,YTYJHGC-260701,2026年09月07日 16:56,上海市,中华人民共和国上海邮局海关,上海市武定路458号,徐老师 021- 60153904,远眺（上海）招标服务有限公司,上海市静安区武宁南路488号22层2206室,俞中一 021-62371912,俞中一,021-62371912,"定稿-上海邮局海关消除安全隐患综合维修改造竞争性磋商文件.pdf,钡华中小企业声明.pdf","[{""attach_name"": ""定稿-上海邮局海关消除安全隐患综合维修改造竞争性磋商文件.pdf"", ""attach_url"": ""https://download.ccgp.gov.cn/oss/download?uuid=FF4B5FE1AB1823819FF06012E914D8""}, {""attach_name"": ""钡华中小企业声明.pdf"", ""attach_url"": ""https://download.ccgp.gov.cn/oss/download?uuid=1E48DE34F7BFA19446C28F3670631F""}]",https://www.ccgp.gov.cn/cggg/zygg/cjgg/202609/t20260907_27280292.htm,2026-09-10 09:37:03,一、项目编号：YTYJHGC-260701（招标文件编号：YTYJHGC-260701） 二、项目名称：上海邮局海关消除安全隐患综合维修改造 三、中标（成交）信息 供应商名称：上海钡华智能科技有限公司供应商地址：上海市杨浦区国权北路1688弄25-508中标（成交）金额：32.6525460（万元）四、主要标的信息 序号    供应商名称       工程名称       施工范围       施工工期       项目经理       执业证书   1    上海钡华智能科技有限公司      上海邮局海关消除安全隐患综合维修改造      为中华人民共和国上海邮局海关提供安防改造、充电桩改造与室内翻新服务      30 日历天      杨林彬      沪1372021202201659                 五、评审专家（单一来源采购人员）名单： 宋洋、张军涛、孟俊玲 六、代理服务收费标准及金额： 本项目代理费收费标准：按采购文件约定收取 本项目代理费总金额：0.350000 万元（人民币） 七、公告期限 自本公告发布之日起1个工作日。 八、其它补充事宜 推荐理由：上海钡华智能科技有限公司类似业绩较多，质量、安全、文明施工等措施较完善，综合得分：88分，排名第一。 九、凡对本次公告内容提出询问，请按以下方式联系。 1.采购人信息 名 称：中华人民共和国上海邮局海关 地址：上海市武定路458号 联系方式：徐老师 021- 60153904 2.采购代理机构信息 名 称：远眺（上海）招标服务有限公司 地 址：上海市静安区武宁南路488号22层2206室 联系方式：俞中一 021-62371912 3.项目联系方式 项目联系人：俞中一 电 话： 021-62371912,工程建设,,中国政府采购网,,,,,,32.652546,"[{""序号"": ""1"", ""供应商名称"": ""上海钡华智能科技有限公司"", ""工程名称"": ""上海邮局海关消除安全隐患综合维修改造"", ""施工范围"": ""为中华人民共和国上海邮局海关提供安防改造、充电桩改造与室内翻新服务"", ""施工工期"": ""30 日历天"", ""项目经理"": ""杨林彬"", ""执业证书"": ""沪1372021202201659""}]",宋洋、张军涛、孟俊玲,0.35,上海钡华智能科技有限公司,,,,
国家金融监督管理总局金融监管总局2027年机房基础设施维保服务项目成交公告,成交公告,0747-2661SCCZNL62,2026年09月07日 16:56,西城区,国家金融监督管理总局,北京市西城区金融大街甲15号,张老师，010-66285359,中化商务有限公司,北京市丰台区丽泽路24号院平安幸福中心B座23、25、26层,张欣悦、曹宇臣、曹颖、刘畅、王毕申，010-83923593、83923562,张欣悦、曹宇臣、曹颖、刘畅、王,010-83923593、83923562,"NL62 磋商文件终稿 金融监管总局2027年机房基础设施维保服务项目 20260821 zxy.pdf,分项报价表.pdf,最后报价.pdf","[{""attach_name"": ""NL62 磋商文件终稿 金融监管总局2027年机房基础设施维保服务项目 20260821 zxy.pdf"", ""attach_url"": ""https://download.ccgp.gov.cn/oss/download?uuid=AC592F5068A9719397B592CFB11E21""}, {""attach_name"": ""分项报价表.pdf"", ""attach_url"": ""https://download.ccgp.gov.cn/oss/download?uuid=92EF57BBB87696D6CCA73D3626B62D""}, {""attach_name"": ""最后报价.pdf"", ""attach_url"": ""https://download.ccgp.gov.cn/oss/download?uuid=A5821D4F4569ADD0DEA910BE188DFA""}]",https://www.ccgp.gov.cn/cggg/zygg/cjgg/202609/t20260907_27280293.htm,2026-09-10 09:37:04,一、项目编号：0747-2661SCCZNL62（招标文件编号：0747-2661SCCZNL62） 二、项目名称：金融监管总局2027年机房基础设施维保服务项目 三、中标（成交）信息 供应商名称：捷通智慧科技股份有限公司供应商地址：北京市朝阳区酒仙桥北路甲10号院108号楼中标（成交）金额：158.8000000（万元）四、主要标的信息 序号    供应商名称      服务名称      服务范围      服务要求      服务时间      服务标准   1    捷通智慧科技股份有限公司      金融监管总局2027年机房基础设施维保服务项目      详见附件      详见附件      详见附件      详见附件                 五、评审专家（单一来源采购人员）名单： 龙彩凤、贾志君、朱恺 六、代理服务收费标准及金额： 本项目代理费收费标准：详见磋商文件。 本项目代理费总金额：1.576320 万元（人民币） 七、公告期限 自本公告发布之日起1个工作日。 八、其它补充事宜 成交供应商综合得分为97.75 九、凡对本次公告内容提出询问，请按以下方式联系。 1.采购人信息 名 称：国家金融监督管理总局 地址：北京市西城区金融大街甲15号 联系方式：张老师，010-66285359 2.采购代理机构信息 名 称：中化商务有限公司 地 址：北京市丰台区丽泽路24号院平安幸福中心B座23、25、26层 联系方式：张欣悦、曹宇臣、曹颖、刘畅、王毕申，010-83923593、83923562 3.项目联系方式 项目联系人：张欣悦、曹宇臣、曹颖、刘畅、王毕申 电 话： 010-83923593、83923562,信息技术,,中国政府采购网,,,,,,158.8,"[{""序号"": ""1"", ""供应商名称"": ""捷通智慧科技股份有限公司"", ""服务名称"": ""金融监管总局2027年机房基础设施维保服务项目"", ""服务范围"": ""详见附件"", ""服务要求"": ""详见附件"", ""服务时间"": ""详见附件"", ""服务标准"": ""详见附件""}]",龙彩凤、贾志君、朱恺,1.57632,捷通智慧科技股份有限公司,,,,
镇江市消防救援支队2026年物业服务采购项目成交公告,成交公告,,2026年09月07日 16:56,润州区,镇江市消防救援支队,镇江市润州区九华山路17号,林科 、0511-86068533,苏世建设管理集团有限公司,镇江市解放路22-7号京城大厦五楼508室,梁宇茜、袁洋,梁宇茜、袁洋,18888067188,"磋商文件-消防救援支队2026物业服务项目8.18.doc,镇江市润馨物业管理有限公司（中小企业声明函）.pdf","[{""attach_name"": ""磋商文件-消防救援支队2026物业服务项目8.18.doc"", ""attach_url"": ""https://download.ccgp.gov.cn/oss/download?uuid=341A333F9770683064A8CB6BCA7A50""}, {""attach_name"": ""镇江市润馨物业管理有限公司（中小企业声明函）.pdf"", ""attach_url"": ""https://download.ccgp.gov.cn/oss/download?uuid=FADAA6BA56CC3B7D9BCC19B7D80129""}]",https://www.ccgp.gov.cn/cggg/zygg/cjgg/202609/t20260907_27280302.htm,2026-09-10 09:37:04,一、项目编号：苏世-（2026）-060号（招标文件编号：苏世-（2026）-060号） 二、项目名称：镇江市消防救援支队2026年物业服务采购项目 三、中标（成交）信息 供应商名称：镇江市润馨物业管理有限公司供应商地址：镇江市润州区中山西路81号中标（成交）金额：87.8387850（万元）四、主要标的信息 序号    供应商名称      服务名称      服务范围      服务要求      服务时间      服务标准   1    镇江市润馨物业管理有限公司      镇江市消防救援支队2026年物业服务采购项目      详见磋商文件      详见磋商文件      服务期限为2年，首次合同签订一年      详见磋商文件                 五、评审专家（单一来源采购人员）名单： 宜静、陈秀风、卢杰 六、代理服务收费标准及金额： 本项目代理费收费标准：代理费由成交供应商支付。收费依据：按国家《招标代理服务收费管理暂行办法》（发改价格〔2011〕534号）60%标准核算（供应商将该费用纳入总报价，代理服务费在成交通知书发出前，由成交供应商一次性支付给采购代理机构）。 本项目代理费总金额：0.790000 万元（人民币） 七、公告期限 自本公告发布之日起1个工作日。 八、其它补充事宜 1.根据财办库[2023〕243号《关于进一步提高政府采购透明度和采购效率相关事项的通知》的规定，现公布本项目成交供应商的评审总得分：95.51分。 2. 各有关当事人对成交结果有异议的，可以在成交结果发布次日起7个工作日内，以书面形式向苏世建设管理集团有限公司提出质疑，逾期将不再受理。                                                                                                                                                                    九、凡对本次公告内容提出询问，请按以下方式联系。 1.采购人信息 名 称：镇江市消防救援支队 地址：镇江市润州区九华山路17号 联系方式：林科 、0511-86068533 2.采购代理机构信息 名 称：苏世建设管理集团有限公司 地 址：镇江市解放路22-7号京城大厦五楼508室 联系方式：梁宇茜、袁洋 3.项目联系方式 项目联系人：梁宇茜、袁洋 电 话： 18888067188,公共安全,,中国政府采购网,,,,,,87.838785,"[{""序号"": ""1"", ""供应商名称"": ""镇江市润馨物业管理有限公司"", ""服务名称"": ""镇江市消防救援支队2026年物业服务采购项目"", ""服务范围"": ""详见磋商文件"", ""服务要求"": ""详见磋商文件"", ""服务时间"": ""服务期限为2年，首次合同签订一年"", ""服务标准"": ""详见磋商文件""}]",宜静、陈秀风、卢杰,0.79,镇江市润馨物业管理有限公司,,,,
华中科技大学平台采购集成电路设计EDA等软件一批成交公告,成交公告,HW20260336,2026年09月07日 16:55,湖北省,华中科技大学,湖北省武汉市洪山区珞喻路 1037 号,李老师 027-87540659,瀚景项目管理有限公司,武汉市武昌区月亮湾二路全季酒店(武汉武昌江滩徐家棚地铁站店)7楼,代婵、魏伟、王焱 18171338172,代婵、魏伟、王中兴,18171338172,HW20260336华中科技大学平台采购集成电路设计EDA等软件一批单一来源文件.pdf,"[{""attach_name"": ""HW20260336华中科技大学平台采购集成电路设计EDA等软件一批单一来源文件.pdf"", ""attach_url"": ""https://download.ccgp.gov.cn/oss/download?uuid=B5EF47A04873CF2B3A5061875F5258""}]",https://www.ccgp.gov.cn/cggg/zygg/cjgg/202609/t20260907_27280215.htm,2026-09-10 09:37:05,一、项目编号：HW20260336、HJXG-202602-151（招标文件编号：HW20260336、HJXG-202602-151） 二、项目名称：华中科技大学平台采购集成电路设计EDA等软件一批 三、中标（成交）信息 供应商名称：南京穆若网络技术有限公司供应商地址：南京市建邺区庐山路158号嘉业国际城4栋1304室中标（成交）金额：48.1000000（万元） 供应商名称：上海芯桥信息技术有限公司供应商地址：上海市青浦区白鹤镇外青松公路3560号4号楼2层东裙楼D区2312室中标（成交）金额：35.0000000（万元） 供应商名称：武汉绘宇时空科技有限公司供应商地址：武汉市东湖新技术开发区光谷大道106号当代国际花园十二区1栋A单元5层04号中标（成交）金额：23.6000000（万元） 供应商名称：武汉云客数字科技有限公司供应商地址：武汉东湖新技术开发区关山二路金石凯激光工业园1幢1楼中标（成交）金额：37.4500000（万元） 供应商名称：武汉微测科技有限公司供应商地址：武汉市东湖新技术开发区民院路262号武汉曙光商贸城5楼（317）中标（成交）金额：16.1000000（万元）四、主要标的信息 序号    供应商名称    货物名称    货物品牌    货物型号    货物数量    货物单价(元) 1    南京穆若网络技术有限公司    全流程模拟集成电路设计软件    楷登    楷登全流程模拟集成电路设计软件    10套    48100               序号    供应商名称    货物名称    货物品牌    货物型号    货物数量    货物单价(元) 2    上海芯桥信息技术有限公司    全流程数字集成电路设计软件    新思    全流程数字集成电路设计软件    10套    35000               序号    供应商名称    货物名称    货物品牌    货物型号    货物数量    货物单价(元) 3    武汉绘宇时空科技有限公司    集成电路版图设计验证软件    西门子    2026.3    50套    4720               序号    供应商名称    货物名称    货物品牌    货物型号    货物数量    货物单价(元) 4    武汉云客数字科技有限公司    集成电路设计及验证软件    华大九天Empyrean    华大九天V2023.2    50套    7490               序号    供应商名称    货物名称    货物品牌    货物型号    货物数量    货物单价(元) 5    武汉微测科技有限公司    硅光版图设计软件    曦竣    Luceda IPKISS    2套    80500               五、评审专家（单一来源采购人员）名单： 李琦 刘兵 赵德宝 郑刚 雷鑑铭 六、代理服务收费标准及金额： 本项目代理费收费标准：经与采购人协商，参照《关于招标代理服务收费有关问题的通知》(发改办价格(2003)857号)及《国家发展改革委关于降低部分建设项目收费标准规范收费行为等有关问题的通知》(发改价格(2011)534号)规定，每包按照货物类标准费率计算后的70%计取代理费。 本项目代理费总金额：1.682625 万元（人民币） 七、公告期限 自本公告发布之日起1个工作日。 八、其它补充事宜 1、评审时间：2026年09月04日；2、评审地点：武汉市武昌区月亮湾二路全季酒店（武汉徐东武昌江滩店）7楼；3、交付期：01包：合同签订后2个月内供货到采购人指定地点。到货后15日内安装调试完毕；02包：合同签订后2个月内供货到采购人指定地点；03包：合同签订后2个月内供货到采购人指定地点。到货后15日内安装调试完毕；04包：合同签订后2个月内供货到采购人指定地点。到货后15日内安装调试完毕；05包：合同签订后2个月内供货到采购人指定地点。到货后15日内安装调试完毕。4、许可期：01包：自验收合格之日起2年；02包：自验收合格之日起不少于2年；03包：自验收合格之日起2年；04包：2年；05包：自验收合格之日起5年。5、信息发布媒体：中国政府采购网（https://www.ccgp.gov.cn/）；华中科技大学采购与招标中心网站（http://cgzx.hust.edu.cn）；阳光招采电子招标投标交易平台（网址：https://www.yangguangzhaocai.com）。6、各有关当事人对中标结果有异议的，可以在中标结果公告发布之日起七个工作日内以书面形式向采购人、采购代理机构一次性提出质疑，逾期将不再受理。7、本项目01包采购代理服务费5050.5元，02包采购代理服务费3675元，03包采购代理服务费2478元，04包采购代理服务费3932.25元，05包采购代理服务费1690.5元。 九、凡对本次公告内容提出询问，请按以下方式联系。 1.采购人信息 名 称：华中科技大学 地址：湖北省武汉市洪山区珞喻路 1037 号 联系方式：李老师 027-87540659 2.采购代理机构信息 名 称：瀚景项目管理有限公司 地 址：武汉市武昌区月亮湾二路全季酒店(武汉武昌江滩徐家棚地铁站店)7楼 联系方式：代婵、魏伟、王焱 18171338172 3.项目联系方式 项目联系人：代婵、魏伟、王中兴 电 话： 18171338172,教育培训,,中国政府采购网,,,,,,160.25,"[{""序号"": ""1"", ""供应商名称"": ""南京穆若网络技术有限公司"", ""货物名称"": ""全流程模拟集成电路设计软件"", ""货物品牌"": ""楷登"", ""货物型号"": ""楷登全流程模拟集成电路设计软件"", ""货物数量"": ""10套"", ""货物单价(元)"": ""48100""}, {""序号"": ""序号"", ""供应商名称"": ""供应商名称"", ""货物名称"": ""货物名称"", ""货物品牌"": ""货物品牌"", ""货物型号"": ""货物型号"", ""货物数量"": ""货物数量"", ""货物单价(元)"": ""货物单价(元)""}, {""序号"": ""2"", ""供应商名称"": ""上海芯桥信息技术有限公司"", ""货物名称"": ""全流程数字集成电路设计软件"", ""货物品牌"": ""新思"", ""货物型号"": ""全流程数字集成电路设计软件"", ""货物数量"": ""10套"", ""货物单价(元)"": ""35000""}, {""序号"": ""序号"", ""供应商名称"": ""供应商名称"", ""货物名称"": ""货物名称"", ""货物品牌"": ""货物品牌"", ""货物型号"": ""货物型号"", ""货物数量"": ""货物数量"", ""货物单价(元)"": ""货物单价(元)""}, {""序号"": ""3"", ""供应商名称"": ""武汉绘宇时空科技有限公司"", ""货物名称"": ""集成电路版图设计验证软件"", ""货物品牌"": ""西门子"", ""货物型号"": ""2026.3"", ""货物数量"": ""50套"", ""货物单价(元)"": ""4720""}, {""序号"": ""序号"", ""供应商名称"": ""供应商名称"", ""货物名称"": ""货物名称"", ""货物品牌"": ""货物品牌"", ""货物型号"": ""货物型号"", ""货物数量"": ""货物数量"", ""货物单价(元)"": ""货物单价(元)""}, {""序号"": ""4"", ""供应商名称"": ""武汉云客数字科技有限公司"", ""货物名称"": ""集成电路设计及验证软件"", ""货物品牌"": ""华大九天Empyrean"", ""货物型号"": ""华大九天V2023.2"", ""货物数量"": ""50套"", ""货物单价(元)"": ""7490""}, {""序号"": ""序号"", ""供应商名称"": ""供应商名称"", ""货物名称"": ""货物名称"", ""货物品牌"": ""货物品牌"", ""货物型号"": ""货物型号"", ""货物数量"": ""货物数量"", ""货物单价(元)"": ""货物单价(元)""}, {""序号"": ""5"", ""供应商名称"": ""武汉微测科技有限公司"", ""货物名称"": ""硅光版图设计软件"", ""货物品牌"": ""曦竣"", ""货物型号"": ""Luceda IPKISS"", ""货物数量"": ""2套"", ""货物单价(元)"": ""80500""}]",李琦 刘兵 赵德宝 郑刚 雷鑑铭,1.682625,南京穆若网络技术有限公司、供应商名称、上海芯桥信息技术有限公司、武汉绘宇时空科技有限公司、武汉云客数字科技有限公司、武汉微测科技有限公司,,,,
暨南大学全球传播宣传项目（项目编号：0835-260F36204871）成交公告,成交公告,0835-260F36204871,2026年09月07日 16:55,广州市,暨南大学,广州市黄埔大道西601号,顾老师 020-85220458,广东元正招标采购有限公司,广州市越秀区先烈中路102号华盛大厦北塔26楼,黄小姐、刘小姐 020-87258495-305、307、301,黄小姐、刘小姐,020-87258495-305、307、301,,,https://www.ccgp.gov.cn/cggg/zygg/cjgg/202609/t20260907_27280222.htm,2026-09-10 09:37:06,一、项目编号：0835-260F36204871（招标文件编号：0835-260F36204871） 二、项目名称：暨南大学全球传播宣传项目 三、中标（成交）信息 供应商名称：广东南方日报经营有限公司供应商地址：广州市黄埔区黄埔大道东888号22层自编01单元02室中标（成交）金额：70.0000000（万元）四、主要标的信息 序号    供应商名称      服务名称      服务范围      服务要求      服务时间      服务标准   1    广东南方日报经营有限公司      暨南大学全球传播宣传项目      按询比文件约定要求      按询比文件约定要求，提供对应的服务      按询比文件约定要求      按询比文件约定要求                 五、评审专家（单一来源采购人员）名单： 胡绮红、潘兰、李伟苗（采购人代表） 六、代理服务收费标准及金额： 本项目代理费收费标准：按询比文件要求收取 本项目代理费总金额：1.050000 万元（人民币） 七、公告期限 自本公告发布之日起1个工作日。 八、其它补充事宜 （一）本项目采用综合评分法，成交供应商的评审总得分为92.18分。（二）各有关当事人对成交结果有异议的，可以在成交公告发布之日起3个工作日内以书面形式向采购代理机构（或采购人）提出异议，逾期将依法不予受理。 九、凡对本次公告内容提出询问，请按以下方式联系。 1.采购人信息 名 称：暨南大学 地址：广州市黄埔大道西601号 联系方式：顾老师 020-85220458 2.采购代理机构信息 名 称：广东元正招标采购有限公司 地 址：广州市越秀区先烈中路102号华盛大厦北塔26楼 联系方式：黄小姐、刘小姐 020-87258495-305、307、301 3.项目联系方式 项目联系人：黄小姐、刘小姐 电 话： 020-87258495-305、307、301,教育培训,,中国政府采购网,,,,,,70.0,"[{""序号"": ""1"", ""供应商名称"": ""广东南方日报经营有限公司"", ""服务名称"": ""暨南大学全球传播宣传项目"", ""服务范围"": ""按询比文件约定要求"", ""服务要求"": ""按询比文件约定要求，提供对应的服务"", ""服务时间"": ""按询比文件约定要求"", ""服务标准"": ""按询比文件约定要求""}]",胡绮红、潘兰、李伟苗（采购人代表）,1.05,广东南方日报经营有限公司,,,,
中华全国妇女联合会组织部“当主角建新功”宣传宣讲和关爱服务系列活动成交公告,成交公告,0747-2661SCCZNT79,2026年09月07日 16:53,北京市,中华全国妇女联合会,北京市东城区建国门内大街15号,010-65103125,中化商务有限公司,北京市丰台区丽泽路24号平安幸福中心B座23层,韩伟轩、王晓烨、韩筱、曹宇臣、刘畅 17710787107,韩伟轩,17710787107,NT79 磋商文件 “当主角 建新功”宣传宣讲和关爱服务系列活动 0827 hxhwx 发售.docx,"[{""attach_name"": ""NT79 磋商文件 “当主角 建新功”宣传宣讲和关爱服务系列活动 0827 hxhwx 发售.docx"", ""attach_url"": ""https://download.ccgp.gov.cn/oss/download?uuid=8919775DE7B875F6A2BE1F79588918""}]",https://www.ccgp.gov.cn/cggg/zygg/cjgg/202609/t20260907_27280185.htm,2026-09-10 09:37:07,一、项目编号：0747-2661SCCZNT79（招标文件编号：0747-2661SCCZNT79） 二、项目名称：“当主角 建新功”宣传宣讲和关爱服务系列活动 三、中标（成交）信息 供应商名称：全国妇联社会联络与交流合作中心（中国妇女外文期刊社）供应商地址：北京市东城区建国门内大街15号1021室中标（成交）金额：150.0000000（万元）四、主要标的信息 序号    供应商名称      服务名称      服务范围      服务要求      服务时间      服务标准   1    全国妇联社会联络与交流合作中心（中国妇女外文期刊社）      “当主角 建新功”宣传宣讲和关爱服务系列活动      面向新兴领域特别是新就业群体妇女群众，开展典型宣讲、交流分享、专场服务等活动      面向新兴领域特别是新就业群体妇女群众，开展典型宣讲、交流分享、专场服务等活动      自合同签订之日起至2026年12月31日。      面向新兴领域特别是新就业群体妇女群众，开展典型宣讲、交流分享、专场服务等活动                 五、评审专家（单一来源采购人员）名单： 程成、王艳平、吴恒 六、代理服务收费标准及金额： 本项目代理费收费标准：详见磋商文件 本项目代理费总金额：1.900000 万元（人民币） 七、公告期限 自本公告发布之日起1个工作日。 八、其它补充事宜 无 九、凡对本次公告内容提出询问，请按以下方式联系。 1.采购人信息 名 称：中华全国妇女联合会 地址：北京市东城区建国门内大街15号 联系方式：010-65103125 2.采购代理机构信息 名 称：中化商务有限公司 地 址：北京市丰台区丽泽路24号平安幸福中心B座23层 联系方式：韩伟轩、王晓烨、韩筱、曹宇臣、刘畅 17710787107 3.项目联系方式 项目联系人：韩伟轩 电 话： 17710787107,服务外包,,中国政府采购网,,,,,,150.0,"[{""序号"": ""1"", ""供应商名称"": ""全国妇联社会联络与交流合作中心（中国妇女外文期刊社）"", ""服务名称"": ""“当主角 建新功”宣传宣讲和关爱服务系列活动"", ""服务范围"": ""面向新兴领域特别是新就业群体妇女群众，开展典型宣讲、交流分享、专场服务等活动"", ""服务要求"": ""面向新兴领域特别是新就业群体妇女群众，开展典型宣讲、交流分享、专场服务等活动"", ""服务时间"": ""自合同签订之日起至2026年12月31日。"", ""服务标准"": ""面向新兴领域特别是新就业群体妇女群众，开展典型宣讲、交流分享、专场服务等活动""}]",程成、王艳平、吴恒,1.9,全国妇联社会联络与交流合作中心（中国妇女外文期刊社）,,,,
天津市河西区消防救援局营房维修项目成交公告,成交公告,XCSD-2026-B-284,2026年09月07日 16:45,天津市,河西区消防救援支队,天津市河西区大沽南路924号,霍助理  022-28061035,天津信诚盛德工程咨询有限公司,天津市华苑产业园区梓苑路6号C座2幢215室,王梦霞   022-23717450-8012,王梦霞,022-23717450-8012,284磋商（8.24终版）天津市河西区消防救援局营房维修项目.pdf,"[{""attach_name"": ""284磋商（8.24终版）天津市河西区消防救援局营房维修项目.pdf"", ""attach_url"": ""https://download.ccgp.gov.cn/oss/download?uuid=602BED54D4C934462E579022537578""}]",https://www.ccgp.gov.cn/cggg/zygg/cjgg/202609/t20260907_27279974.htm,2026-09-10 09:37:07,一、项目编号：XCSD-2026-B-284（招标文件编号：XCSD-2026-B-284） 二、项目名称：天津市河西区消防救援局营房维修项目 三、中标（成交）信息 供应商名称：天津欣辰湖建材有限公司供应商地址：北辰区大张庄镇张献庄村中标（成交）金额：85.0000000（万元）四、主要标的信息 序号    供应商名称       工程名称       施工范围       施工工期       项目经理       执业证书   1    天津欣辰湖建材有限公司      天津市河西区消防救援局营房维修      营房维修      自签订合同之日起一年。（具体以双方签订的合同为准）      樊英慧      中华人民共和国一级建造师注册证书 津1122020202102490                 五、评审专家（单一来源采购人员）名单： 李洁、杜东升、王立涛（采购人代表） 六、代理服务收费标准及金额： 本项目代理费收费标准：根据本项目竞争性磋商文件规定向成交供应商收取代理服务费。 本项目代理费总金额：0.850000 万元（人民币） 七、公告期限 自本公告发布之日起1个工作日。 八、其它补充事宜 九、凡对本次公告内容提出询问，请按以下方式联系。 1.采购人信息 名 称：河西区消防救援支队 地址：天津市河西区大沽南路924号 联系方式：霍助理 022-28061035 2.采购代理机构信息 名 称：天津信诚盛德工程咨询有限公司 地 址：天津市华苑产业园区梓苑路6号C座2幢215室 联系方式：王梦霞 022-23717450-8012 3.项目联系方式 项目联系人：王梦霞 电 话： 022-23717450-8012,公共安全,,中国政府采购网,,,,,,85.0,"[{""序号"": ""1"", ""供应商名称"": ""天津欣辰湖建材有限公司"", ""工程名称"": ""天津市河西区消防救援局营房维修"", ""施工范围"": ""营房维修"", ""施工工期"": ""自签订合同之日起一年。（具体以双方签订的合同为准）"", ""项目经理"": ""樊英慧"", ""执业证书"": ""中华人民共和国一级建造师注册证书\t\t\t津1122020202102490""}]",李洁、杜东升、王立涛（采购人代表）,0.85,天津欣辰湖建材有限公司,,,,
北京市怀柔区消防救援支队全体人员健康体检项目（二次）中选公告,成交公告,ZGGJ-BJ12-26081587,2026年09月07日 16:42,北京市,怀柔区消防救援支队,北京市怀柔区杨宋镇前进北街28号,袁主任17601081170,中工国际招标有限公司,北京市朝阳区慧忠路5号远大中心二层,李岩、李芳 010-82952950-804,李岩、李芳,010-82952950-804,"中小企业声明函-世纪兴华医院.pdf,【定稿】北京市怀柔区消防救援支队全体人员健康体检项目比选文件（二次）.pdf","[{""attach_name"": ""中小企业声明函-世纪兴华医院.pdf"", ""attach_url"": ""https://download.ccgp.gov.cn/oss/download?uuid=DA0C648B806B1FCF73FDF15C6DB68C""}, {""attach_name"": ""【定稿】北京市怀柔区消防救援支队全体人员健康体检项目比选文件（二次）.pdf"", ""attach_url"": ""https://download.ccgp.gov.cn/oss/download?uuid=B10C341242072B3B32D8F71F9709F6""}]",https://www.ccgp.gov.cn/cggg/zygg/cjgg/202609/t20260907_27279919.htm,2026-09-10 09:37:08,一、项目编号：ZGGJ-BJ12-26081587（招标文件编号：ZGGJ-BJ12-26081587） 二、项目名称：北京市怀柔区消防救援支队全体人员健康体检项目 三、中标（成交）信息 供应商名称：北京世纪兴华中医医院有限公司供应商地址：北京市怀柔区南华大街4号中标（成交）金额：29.3268000（万元）四、主要标的信息 序号    供应商名称      服务名称      服务范围      服务要求      服务时间      服务标准   1    北京世纪兴华中医医院有限公司      北京市怀柔区消防救援支队全体人员健康体检项目      为北京市怀柔区消防救援支队提供全体人员健康体检服务      详见比选文件采购需求      自合同签订之日起至2026年12月31日止      详见比选文件采购需求                 五、评审专家（单一来源采购人员）名单： 孔爱英、张美莲、黄华 六、代理服务收费标准及金额： 本项目代理费收费标准：参考原《招标代理服务收费管理办法》（计价格[2002]1980号）及发改办价格[2003]857号文件执行，以成交金额为基数进行收取 本项目代理费总金额：0.439902 万元（人民币） 七、公告期限 自本公告发布之日起1个工作日。 八、其它补充事宜 1.中选供应商评审总得分：93.33分2.中选服务费缴纳账户：户名：中工国际招标有限公司账号：1101041060000069823开户行：杭州银行股份有限公司北京东城支行行号：313100090114 九、凡对本次公告内容提出询问，请按以下方式联系。 1.采购人信息 名 称：怀柔区消防救援支队 地址：北京市怀柔区杨宋镇前进北街28号 联系方式：袁主任17601081170 2.采购代理机构信息 名 称：中工国际招标有限公司 地 址：北京市朝阳区慧忠路5号远大中心二层 联系方式：李岩、李芳 010-82952950-804 3.项目联系方式 项目联系人：李岩、李芳 电 话： 010-82952950-804,公共安全,,中国政府采购网,,,,,,29.3268,"[{""序号"": ""1"", ""供应商名称"": ""北京世纪兴华中医医院有限公司"", ""服务名称"": ""北京市怀柔区消防救援支队全体人员健康体检项目"", ""服务范围"": ""为北京市怀柔区消防救援支队提供全体人员健康体检服务"", ""服务要求"": ""详见比选文件采购需求"", ""服务时间"": ""自合同签订之日起至2026年12月31日止"", ""服务标准"": ""详见比选文件采购需求""}]",孔爱英、张美莲、黄华,0.439902,北京世纪兴华中医医院有限公司,,,,
2026年度广告制作和正规化建设项目成交公告（第二次）,成交公告,FG-2026-0089,2026年09月07日 16:37,上海市,普陀区消防救援支队,上海市普陀区兰田路362号,陈老师/021-62115295,上海芾广招标咨询中心,上海市静安区恒丰路218号1909室,黄懿霞/13661613066,黄懿霞,13661613066,,,https://www.ccgp.gov.cn/cggg/zygg/cjgg/202609/t20260907_27279768.htm,2026-09-10 09:37:08,"一、项目编号：FG-2026-0089（招标文件编号：FG-2026-0089） 二、项目名称：2026年度广告制作和正规化建设项目 三、中标（成交）信息 供应商名称：上海添翔广告有限公司供应商地址：上海市嘉定区众仁路399号1幢B区5楼5235室中标（成交）金额：46.3218000（万元）四、主要标的信息 序号    供应商名称      服务名称      服务范围      服务要求      服务时间      服务标准   1    上海添翔广告有限公司      2026年度广告制作和正规化建设项目      详见比选文件      详见比选文件      合同签订之日起至2026年12月30日      满足比选文件要求                 五、评审专家（单一来源采购人员）名单： 张梦华、王旭艳、施丹 六、代理服务收费标准及金额： 本项目代理费收费标准：按成交金额100万元以内1.5%计取支付（不足人民币5000元按人民币5000元支付）。 本项目代理费总金额：0.674800 万元（人民币） 七、公告期限 自本公告发布之日起1个工作日。 八、其它补充事宜 1.成交金额：报价单价总计：¥28,552.00元；报价总计：¥463,218.00元；2.推荐理由：评审小组分别对各家响应单位的响应文件情况进行了评审，上海添翔广告有限公司综合得分95.33分，排名第一,推荐为本项目成交供应商。如对成交结果有异议，请于本成交结果公布之日起7个工作日内以书面形式向上海芾广招标咨询中心(地址：上海市静安区恒丰路218号1909室，联系电话：13661613066)提出质疑，并附相关证据。在此，上海市普陀区消防救援支队及上海芾广招标咨询中心谨对积极参与本项目的供应商表示衷心的感谢！ 九、凡对本次公告内容提出询问，请按以下方式联系。 1.采购人信息 名 称：普陀区消防救援支队 地址：上海市普陀区兰田路362号 联系方式：陈老师/021-62115295 2.采购代理机构信息 名 称：上海芾广招标咨询中心 地 址：上海市静安区恒丰路218号1909室 联系方式：黄懿霞/13661613066 3.项目联系方式 项目联系人：黄懿霞 电 话： 13661613066",服务外包,,中国政府采购网,,,,,,46.3218,"[{""序号"": ""1"", ""供应商名称"": ""上海添翔广告有限公司"", ""服务名称"": ""2026年度广告制作和正规化建设项目"", ""服务范围"": ""详见比选文件"", ""服务要求"": ""详见比选文件"", ""服务时间"": ""合同签订之日起至2026年12月30日"", ""服务标准"": ""满足比选文件要求""}]",张梦华、王旭艳、施丹,0.6748,上海添翔广告有限公司,,,,
消防宣传资料、宣传用品制作服务项目成交公告,成交公告,,2026年09月07日 16:36,上海市,普陀区消防救援支队,上海市普陀区兰田路362号,陈老师  021-62115295,上海中世建设咨询有限公司,上海市普陀区曹杨路528弄35号（中世办公楼）,侯烨飞、官亚男   021-62445138,侯烨飞、官亚男,021-62445138,中小企业声明函-上海凡衡实业有限公司.pdf,"[{""attach_name"": ""中小企业声明函-上海凡衡实业有限公司.pdf"", ""attach_url"": ""https://download.ccgp.gov.cn/oss/download?uuid=D6E6609AB413AB4CC21F1B6CB53F90""}]",https://www.ccgp.gov.cn/cggg/zygg/cjgg/202609/t20260907_27279766.htm,2026-09-10 09:37:09,一、项目编号：招案2026-2939（招标文件编号：招案2026-2939） 二、项目名称：消防宣传资料、宣传用品制作服务项目 三、中标（成交）信息 供应商名称：上海凡衡实业有限公司供应商地址：上海市普陀区潮州路508、509号21幢2层204室中标（成交）金额：56.8000000（万元）四、主要标的信息 序号    供应商名称      货物名称      货物品牌      货物型号      货物数量      货物单价(元)   1    上海凡衡实业有限公司      提供消防宣传资料、宣传用品制作      上海凡衡实业有限公司      冰箱贴礼盒装、消防手办组合装、消防小熊、消防定制便利贴、消防水杯等      6000、3000、1000、3000、1000等      4.5、33、45、5、57等                 五、评审专家（单一来源采购人员）名单： 陆慧、吴卿、张聿 六、代理服务收费标准及金额： 本项目代理费收费标准：本项目成交人领取成交通知书后同时，一次性向采购代理机构支付下述费用：按成交金额100万元以内部分1.5%支付（若不足人民币5000元按人民币5000元收取）。 本项目代理费总金额：0.852000 万元（人民币） 七、公告期限 自本公告发布之日起1个工作日。 八、其它补充事宜 1、上海凡衡实业有限公司评审得分：86.832、专家推荐理由：经专家评审，上海凡衡实业有限公司综合得分最高，且报价合理，故推荐其为第一成交候选人。 九、凡对本次公告内容提出询问，请按以下方式联系。 1.采购人信息 名 称：普陀区消防救援支队 地址：上海市普陀区兰田路362号 联系方式：陈老师 021-62115295 2.采购代理机构信息 名 称：上海中世建设咨询有限公司 地 址：上海市普陀区曹杨路528弄35号（中世办公楼） 联系方式：侯烨飞、官亚男 021-62445138 3.项目联系方式 项目联系人：侯烨飞、官亚男 电 话： 021-62445138,公共安全,,中国政府采购网,,,,,,56.8,"[{""序号"": ""1"", ""供应商名称"": ""上海凡衡实业有限公司"", ""货物名称"": ""提供消防宣传资料、宣传用品制作"", ""货物品牌"": ""上海凡衡实业有限公司"", ""货物型号"": ""冰箱贴礼盒装、消防手办组合装、消防小熊、消防定制便利贴、消防水杯等"", ""货物数量"": ""6000、3000、1000、3000、1000等"", ""货物单价(元)"": ""4.5、33、45、5、57等""}]",陆慧、吴卿、张聿,0.852,上海凡衡实业有限公司,,,,
浙江德丰项目管理有限公司关于绿城公寓202室、210室出租公开竞价项目的结果公告,成交公告,ZJDFZB-2026090293,2026年09月07日 16:33,温州市,国家海洋局温州海洋环境监测中心站,温州市新安江路2号,沈先生/18057778055,浙江德丰项目管理有限公司,温州市鹿城区南汇街道锦江路458号深蓝大厦501-1室西首,叶女士/蒋先生0577-88915899/17682416401,叶女士,0577-88915899,,,https://www.ccgp.gov.cn/cggg/zygg/cjgg/202609/t20260907_27279649.htm,2026-09-10 09:37:09,一、项目编号：ZJDFZB-2026090293（招标文件编号：ZJDFZB-2026090293） 二、项目名称：绿城公寓202室、210室出租公开竞价 三、中标（成交）信息 供应商名称：温州潜鱼教育文化发展有限公司供应商地址：浙江省温州市鹿城区五马街道江滨西路丽都大厦501室东首中标（成交）金额：10.0000000（万元）四、主要标的信息 序号    供应商名称      服务名称      服务范围      服务要求      服务时间      服务标准   1    温州潜鱼教育文化发展有限公司      绿城公寓202室、210室出租公开竞价      见招租文件      见招租文件      见招租文件      见招租文件                 五、评审专家（单一来源采购人员）名单： 陈碎微 胡忠剑 周闽晖 六、代理服务收费标准及金额： 本项目代理费收费标准：见招租文件 本项目代理费总金额：0.800000 万元（人民币） 七、公告期限 自本公告发布之日起1个工作日。 八、其它补充事宜 1. 结果公告期限为1个工作日，各参加本项目招租活动的竞价单位认为该中标/成交结果和过程等使自己的权益受到损害的，可以自本公告期限届满之日（自本公告发布之日起至第2个工作日止）起7个工作日内，以书面形式向招租人提出质疑。 九、凡对本次公告内容提出询问，请按以下方式联系。 1.采购人信息 名 称：国家海洋局温州海洋环境监测中心站 地址：温州市新安江路2号 联系方式：沈先生/18057778055 2.采购代理机构信息 名 称：浙江德丰项目管理有限公司 地 址：温州市鹿城区南汇街道锦江路458号深蓝大厦501-1室西首 联系方式：叶女士/蒋先生0577-88915899/17682416401 3.项目联系方式 项目联系人：叶女士/蒋先生 电 话： 0577-88915899/17682416401,教育培训,,中国政府采购网,,,,,,10.0,"[{""序号"": ""1"", ""供应商名称"": ""温州潜鱼教育文化发展有限公司"", ""服务名称"": ""绿城公寓202室、210室出租公开竞价"", ""服务范围"": ""见招租文件"", ""服务要求"": ""见招租文件"", ""服务时间"": ""见招租文件"", ""服务标准"": ""见招租文件""}]",陈碎微 胡忠剑 周闽晖,0.8,温州潜鱼教育文化发展有限公司,,,,
国家林业和草原局中南调查规划院昭平县森林可持续经营外业调查成交公告,成交公告,04-13-04F-2026-D-F-E23956,2026年09月07日 16:31,长沙市,国家林业和草原局中南调查规划院,长沙市雨花区香樟东路143号,刘庭威 13875915608,公诚管理咨询有限公司,湖南省长沙市芙蓉区晚报大道297号,李赢/15770666272 黄伟/18390833137,李赢,15770666272,,,https://www.ccgp.gov.cn/cggg/zygg/cjgg/202609/t20260907_27279581.htm,2026-09-10 09:37:10,一、项目编号：04-13-04F-2026-D-F-E23956（招标文件编号：04-13-04F-2026-D-F-E23956） 二、项目名称：昭平县森林可持续经营外业调查 三、中标（成交）信息 供应商名称：广西森鹏林业规划服务有限公司供应商地址：柳州市柳北区跃进路28号金嗓子科创园2号楼4楼402中标（成交）金额：29.0400000（万元）四、主要标的信息 序号    供应商名称      服务名称      服务范围      服务要求      服务时间      服务标准   1    广西森鹏林业规划服务有限公司      昭平县森林可持续经营外业调查      详见磋商文件采购需求      详见磋商文件采购需求      2026 年 9 月 20 日前完成全部外业调查工作并提交完整、合格的调查标准数据成果；2026 年 9 月 30 日前完成全部外业调查资料整理、汇总及归档工作，满足采购人验收及存档要求      详见磋商文件采购需求                 五、评审专家（单一来源采购人员）名单： 陈爱军（组长）、赵继锋、黎斌（采购人代表） 六、代理服务收费标准及金额： 本项目代理费收费标准：本项目代理费收费标准：按照计价格[2002]1980号文件的计算标准的70%收取 本项目代理费总金额：0.304900 万元（人民币） 七、公告期限 自本公告发布之日起1个工作日。 八、其它补充事宜 供应商名称 资格审查结果 符合性审查结果 磋商报价（元） 评审综合得分 得分排名 是否成交候选人 广西森鹏林业规划服务有限公司 合格 合格 290400.00 97.00 1 第一成交候选人 广西真原林业调查设计有限公司 合格 合格 291000.00 73.48 2 第二成交候选人 广西广坤林业有限公司 合格 合格 290600.00 70.49 3 第三成交候选人  1、供应商如对此公告有异议的，请于公告发布之日起七个工作日内，以书面形式向采购代理机构提出质疑。2、采购人监委：刘先生 0731-85679768 九、凡对本次公告内容提出询问，请按以下方式联系。 1.采购人信息 名 称：国家林业和草原局中南调查规划院 地址：长沙市雨花区香樟东路143号 联系方式： 刘庭威 13875915608 2.采购代理机构信息 名 称：公诚管理咨询有限公司 地 址：湖南省长沙市芙蓉区晚报大道297号 联系方式：李赢/15770666272 黄伟/18390833137 3.项目联系方式 项目联系人：李赢 电 话： 15770666272,农林牧渔,,中国政府采购网,,,,,,29.04,"[{""序号"": ""1"", ""供应商名称"": ""广西森鹏林业规划服务有限公司"", ""服务名称"": ""昭平县森林可持续经营外业调查"", ""服务范围"": ""详见磋商文件采购需求"", ""服务要求"": ""详见磋商文件采购需求"", ""服务时间"": ""2026 年 9 月 20 日前完成全部外业调查工作并提交完整、合格的调查标准数据成果；2026 年 9 月 30 日前完成全部外业调查资料整理、汇总及归档工作，满足采购人验收及存档要求"", ""服务标准"": ""详见磋商文件采购需求""}, {""供应商名称"": ""广西森鹏林业规划服务有限公司"", ""资格审查结果"": ""合格"", ""符合性审查结果"": ""合格"", ""磋商报价（元）"": ""290400.00"", ""评审综合得分"": ""97.00"", ""得分排名"": ""1"", ""是否成交候选人"": ""第一成交候选人""}, {""供应商名称"": ""广西真原林业调查设计有限公司"", ""资格审查结果"": ""合格"", ""符合性审查结果"": ""合格"", ""磋商报价（元）"": ""291000.00"", ""评审综合得分"": ""73.48"", ""得分排名"": ""2"", ""是否成交候选人"": ""第二成交候选人""}, {""供应商名称"": ""广西广坤林业有限公司"", ""资格审查结果"": ""合格"", ""符合性审查结果"": ""合格"", ""磋商报价（元）"": ""290600.00"", ""评审综合得分"": ""70.49"", ""得分排名"": ""3"", ""是否成交候选人"": ""第三成交候选人""}]",陈爱军（组长）、赵继锋、黎斌（采购人代表）,0.3049,广西森鹏林业规划服务有限公司、广西真原林业调查设计有限公司、广西广坤林业有限公司,,,,
崇左边境管理支队机关净化水设备租赁项目成交公告,成交公告,,2026年09月07日 16:31,江洲区,崇左边境管理支队,崇左市江州区山秀路五号崇左边境管理支队,叶警官--0771-7967697；电子邮件地址：czbgzfcg@163.com,详见公告正文,详见公告正文,详见公告正文,叶警官,0771-7967697,,,https://www.ccgp.gov.cn/cggg/zygg/cjgg/202609/t20260907_27279587.htm,2026-09-10 09:37:11,一、项目编号：（招标文件编号：无） 二、项目名称：崇左边境管理支队机关净化水设备租赁项目 三、中标（成交）信息 供应商名称：南宁市优卓办公设备有限公司供应商地址：南宁市青秀区园湖南路7-29号文雅苑B501号中标（成交）金额：19.6020000（万元）四、主要标的信息 序号    供应商名称      服务名称      服务范围      服务要求      服务时间      服务标准   1    南宁市优卓办公设备有限公司      净水设备租赁服务      全租赁模式，所有设备初装、材料、安装、调试、首次水质检服务      中标人免费上门全屋实地勘测，根据办公楼、综合楼户型、用水点位、强弱电布局，出具专属供水施工设计图、管路走向图、点位布局图      签订合同之日起3年      详见竞价文件需求清单                 五、评审专家（单一来源采购人员）名单： 无 六、代理服务收费标准及金额： 本项目代理费收费标准：无 本项目代理费总金额：0.000000 万元（人民币） 七、公告期限 自本公告发布之日起1个工作日。 八、其它补充事宜 无 九、凡对本次公告内容提出询问，请按以下方式联系。 1.采购人信息 名 称：崇左边境管理支队 地址：崇左市江州区山秀路五号崇左边境管理支队 联系方式：叶警官--0771-7967697；电子邮件地址：czbgzfcg@163.com 2.项目联系方式 项目联系人：叶警官 电 话： 0771-7967697,服务外包,,中国政府采购网,,,,,,19.602,"[{""序号"": ""1"", ""供应商名称"": ""南宁市优卓办公设备有限公司"", ""服务名称"": ""净水设备租赁服务"", ""服务范围"": ""全租赁模式，所有设备初装、材料、安装、调试、首次水质检服务"", ""服务要求"": ""中标人免费上门全屋实地勘测，根据办公楼、综合楼户型、用水点位、强弱电布局，出具专属供水施工设计图、管路走向图、点位布局图"", ""服务时间"": ""签订合同之日起3年"", ""服务标准"": ""详见竞价文件需求清单""}]",无,0.0,南宁市优卓办公设备有限公司,,,,
中国民用航空西南地区空中交通管理局贵州分局2026年补充医疗保险项目成交公告,成交公告,HDZB-2026-026-2,2026年09月07日 16:29,南明区,中国民用航空西南地区空中交通管理局贵州分局,贵阳市南明区机场路1号,李琳  0851-88586731,贵州弘典建设咨询有限公司,贵阳市观山湖区金阳南路6号世纪金源购物中心商务楼B栋17层,宋金委、王秋星、李丹  0851-85755198,宋金委、王秋星、李丹,0851-85755198,,,https://www.ccgp.gov.cn/cggg/zygg/cjgg/202609/t20260907_27279526.htm,2026-09-10 09:37:11,一、项目编号：HDZB-2026-026-2（招标文件编号：HDZB-2026-026-2） 二、项目名称：中国民用航空西南地区空中交通管理局贵州分局2026年补充医疗保险项目 三、中标（成交）信息 供应商名称：新华人寿保险股份有限公司贵州分公司供应商地址：贵州省贵阳市南明区富水南路186号泰祥国际商办楼1单元1层4号、5-7层、8层11号部分、9层、2单元22-23层[中南办事处]中标（成交）金额：99.8487000（万元）四、主要标的信息 序号    供应商名称      服务名称      服务范围      服务要求      服务时间      服务标准   1    新华人寿保险股份有限公司贵州分公司      中国民用航空西南地区空中交通管理局贵州分局2026年补充医疗保险项目      本项目是为中国民用航空西南地区空中交通管理局贵州分局在职职工、退休职工购买商业补充医疗保险，本次采购的险种为门（急）诊医疗保险、重疾门（急）诊医疗保险、住院医疗保险、住院津贴、公共保额。      按竞争性磋商文件要求执行      本项目暂定服务期为三年，第一年服务期自2026年10月15日0时起至2027年10月14日24时止。服务合同一年一签，合同到期后，经考核评价合格，且在最高限价范围内与中标方协商一致，可续签下一年合同      按竞争性磋商文件要求执行                 五、评审专家（单一来源采购人员）名单： 周莉、齐林、邹山彪、陈米娜、陈文静、沈真恋（采购人代表）、李琳（采购人代表） 六、代理服务收费标准及金额： 本项目代理费收费标准：招标代理服务费按照《贵州省招标采购协会招标(采购)代理服务收费指南(试行)》(黔招协【2025】35号)以中标价*1.5%为基础计算后下浮20%，向采购人收取代理服务费。 本项目代理费总金额：1.038000 万元（人民币） 七、公告期限 自本公告发布之日起1个工作日。 八、其它补充事宜 九、凡对本次公告内容提出询问，请按以下方式联系。 1.采购人信息 名 称：中国民用航空西南地区空中交通管理局贵州分局 地址：贵阳市南明区机场路1号 联系方式：李琳 0851-88586731 2.采购代理机构信息 名 称：贵州弘典建设咨询有限公司 地 址：贵阳市观山湖区金阳南路6号世纪金源购物中心商务楼B栋17层 联系方式：宋金委、王秋星、李丹 0851-85755198 3.项目联系方式 项目联系人：宋金委、王秋星、李丹 电 话： 0851-85755198,医疗卫生,,中国政府采购网,,,,,,99.8487,"[{""序号"": ""1"", ""供应商名称"": ""新华人寿保险股份有限公司贵州分公司"", ""服务名称"": ""中国民用航空西南地区空中交通管理局贵州分局2026年补充医疗保险项目"", ""服务范围"": ""本项目是为中国民用航空西南地区空中交通管理局贵州分局在职职工、退休职工购买商业补充医疗保险，本次采购的险种为门（急）诊医疗保险、重疾门（急）诊医疗保险、住院医疗保险、住院津贴、公共保额。"", ""服务要求"": ""按竞争性磋商文件要求执行"", ""服务时间"": ""本项目暂定服务期为三年，第一年服务期自2026年10月15日0时起至2027年10月14日24时止。服务合同一年一签，合同到期后，经考核评价合格，且在最高限价范围内与中标方协商一致，可续签下一年合同"", ""服务标准"": ""按竞争性磋商文件要求执行""}]",周莉、齐林、邹山彪、陈米娜、陈文静、沈真恋（采购人代表）、李琳（采购人代表）,1.038,新华人寿保险股份有限公司贵州分公司,,,,
国家税务总局金乡县税务局2026年胡集税务分局综合业务办公用房维修改造采购项目成交公告,成交公告,SD2026-DLJC-B0106-B00,2026年09月07日 16:27,济宁市,国家税务总局金乡县税务局,济宁市金乡县崇文路16号,郑亚茹，0537-8775257,山东广信招标有限责任公司,济南市经十路5777号万科金域中心A座6楼,王伟、刘新新，0531-86955466,刘新新,0531-86955466,"其他附件.rar,中小企业声明函.pdf,国家税务总局金乡县税务局2026年胡集税务分局综合业务办公用房维修改造采购项目竞争性磋商文件.pdf","[{""attach_name"": ""其他附件.rar"", ""attach_url"": ""https://download.ccgp.gov.cn/oss/download?uuid=1488E9540950F70B7151F0E31F3562""}, {""attach_name"": ""中小企业声明函.pdf"", ""attach_url"": ""https://download.ccgp.gov.cn/oss/download?uuid=6C1BE1A831195D6C91A1F1CB524217""}, {""attach_name"": ""国家税务总局金乡县税务局2026年胡集税务分局综合业务办公用房维修改造采购项目竞争性磋商文件.pdf"", ""attach_url"": ""https://download.ccgp.gov.cn/oss/download?uuid=A94B89ECD827E7DAE90004A0CEF3A1""}]",https://www.ccgp.gov.cn/cggg/zygg/cjgg/202609/t20260907_27279492.htm,2026-09-10 09:37:12,一、项目编号：SD2026-DLJC-B0106-B00 （招标文件编号：SD2026-DLJC-B0106-B00） 二、项目名称：国家税务总局金乡县税务局2026年胡集税务分局综合业务办公用房维修改造采购项目 三、中标（成交）信息 供应商名称：山东圣大建设集团装饰工程有限公司供应商地址：济宁市环城西路12号中标（成交）金额：103.1993000（万元）四、主要标的信息 序号    供应商名称       工程名称       施工范围       施工工期       项目经理       执业证书   1    山东圣大建设集团装饰工程有限公司      国家税务总局金乡县税务局2026年胡集税务分局综合业务办公用房维修改造采购项目      详见附件      90个日历天      裔昊阳      二级建造师注册证书 鲁 2372017202408161                 五、评审专家（单一来源采购人员）名单： 田从正、胡名洋、周贺（采购人代表） 六、代理服务收费标准及金额： 本项目代理费收费标准：详见附件 本项目代理费总金额：0.817900 万元（人民币） 七、公告期限 自本公告发布之日起1个工作日。 八、其它补充事宜 成交供应商名称：山东圣大建设集团装饰工程有限公司成交供应商评审总得分：95.32  九、凡对本次公告内容提出询问，请按以下方式联系。 1.采购人信息 名 称：国家税务总局金乡县税务局 地址：济宁市金乡县崇文路16号 联系方式：郑亚茹，0537-8775257 2.采购代理机构信息 名 称：山东广信招标有限责任公司 地 址：济南市经十路5777号万科金域中心A座6楼 联系方式：王伟、刘新新，0531-86955466 3.项目联系方式 项目联系人：刘新新 电 话： 0531-86955466,工程建设,,中国政府采购网,,,,,,103.1993,"[{""序号"": ""1"", ""供应商名称"": ""山东圣大建设集团装饰工程有限公司"", ""工程名称"": ""国家税务总局金乡县税务局2026年胡集税务分局综合业务办公用房维修改造采购项目"", ""施工范围"": ""详见附件"", ""施工工期"": ""90个日历天"", ""项目经理"": ""裔昊阳"", ""执业证书"": ""二级建造师注册证书 鲁 2372017202408161""}]",田从正、胡名洋、周贺（采购人代表）,0.8179,山东圣大建设集团装饰工程有限公司,,,,
中华人民共和国上海海关进口机动车产品质量安全风险监测和评估项目成交公告,成交公告,PCMET-2611YC0886,2026年09月07日 16:25,上海市,中华人民共和国上海海关,上海市浦东新区陆家嘴西路153号13楼,过先生021-60157130,上海浦成机电设备招标有限公司,上海市浦东新区商城路618号良友大厦8楼,洪燕 021-50934537,洪燕,021-50934537,PCMET-2611YC0886 2026进口机动车产品质量安全风险监测和评估 磋商文件 发售稿.pdf,"[{""attach_name"": ""PCMET-2611YC0886 2026进口机动车产品质量安全风险监测和评估 磋商文件 发售稿.pdf"", ""attach_url"": ""https://download.ccgp.gov.cn/oss/download?uuid=8A712B325B45757C3DB0A266923BE6""}]",https://www.ccgp.gov.cn/cggg/zygg/cjgg/202609/t20260907_27279467.htm,2026-09-10 09:37:13,一、项目编号：PCMET-2611YC0886（招标文件编号：PCMET-2611YC0886） 二、项目名称：进口机动车产品质量安全风险监测和评估项目 三、中标（成交）信息 供应商名称：上海机动车检测认证技术研究中心有限公司供应商地址：上海市嘉定区于田南路68号中标（成交）金额：59.4000000（万元）四、主要标的信息 序号    供应商名称      服务名称      服务范围      服务要求      服务时间      服务标准   1    上海机动车检测认证技术研究中心有限公司      进口机动车产品质量安全风险监测和评估      2026年度进口机动车质量安全合规性技术评价、进行机动车质量安全项目检验检测、进口机动车风险评估能力建设      详见采购文件      合同签订之日起1年      详见采购文件                 五、评审专家（单一来源采购人员）名单： 杨洸、周丽绘、赵超 六、代理服务收费标准及金额： 本项目代理费收费标准：预算金额50万以上包件，中标服务费按《招标代理服务收费管理暂行办法》（国家发改委计价格[2002]1980号）所规定的服务招标的费率下浮20%进行收费。 本项目代理费总金额：0.712800 万元（人民币） 七、公告期限 自本公告发布之日起1个工作日。 八、其它补充事宜 本项目共有3家单位通过资格性符合性检查，经评审小组独立评审，上海机动车检测认证技术研究中心有限公司在报价、业绩、方案、人员配置、质量保证方面较有优势，综合得分最高，为82.67分，推荐为第一预中标单位。如对本次结果有异议，请于结果公布期限届满之日起7个工作日内以书面形式向上海浦成机电设备招标有限公司（上海市浦东新区商城路618号良友大厦8楼，电话50934537）提出质疑。在此，中华人民共和国上海海关和上海浦成机电设备招标有限公司谨对积极参与本项目投标的供应商表示衷心的感谢！ 九、凡对本次公告内容提出询问，请按以下方式联系。 1.采购人信息 名 称：中华人民共和国上海海关 地址：上海市浦东新区陆家嘴西路153号13楼 联系方式：过先生021-60157130 2.采购代理机构信息 名 称：上海浦成机电设备招标有限公司 地 址：上海市浦东新区商城路618号良友大厦8楼 联系方式：洪燕 021-50934537 3.项目联系方式 项目联系人：洪燕 电 话： 021-50934537,科研检测,,中国政府采购网,,,,,,59.4,"[{""序号"": ""1"", ""供应商名称"": ""上海机动车检测认证技术研究中心有限公司"", ""服务名称"": ""进口机动车产品质量安全风险监测和评估"", ""服务范围"": ""2026年度进口机动车质量安全合规性技术评价、进行机动车质量安全项目检验检测、进口机动车风险评估能力建设"", ""服务要求"": ""详见采购文件"", ""服务时间"": ""合同签订之日起1年"", ""服务标准"": ""详见采购文件""}]",杨洸、周丽绘、赵超,0.7128,上海机动车检测认证技术研究中心有限公司,,,,
中国财政杂志社卫生间维修改造工程成交公告,成交公告,GXCZ-A1-26330101,2026年09月07日 16:20,北京市,中国财政杂志社,北京市海淀区万寿路西街甲11号院3号楼,王老师 010-88227098,国信国际工程咨询集团股份有限公司,北京市海淀区车公庄西路45号花园写字楼2层,崔老师、范老师、胡老师  15901226291,崔老师、范老师、胡老师,15901226291,,,https://www.ccgp.gov.cn/cggg/zygg/cjgg/202609/t20260907_27279368.htm,2026-09-10 09:37:13,一、项目编号：GXCZ-A1-26330101（招标文件编号：GXCZ-A1-26330101） 二、项目名称：中国财政杂志社卫生间维修改造工程 三、中标（成交）信息 供应商名称：中装华泰（北京）装饰工程有限公司供应商地址：北京市大兴区宏业东路2号院1号楼1层103-14中标（成交）金额：79.8681000（万元）四、主要标的信息 序号    供应商名称       工程名称       施工范围       施工工期       项目经理       执业证书   1    中装华泰（北京）装饰工程有限公司      中国财政杂志社卫生间维修改造工程      施工图纸及工程量清单范围内的全部施工内容，包括拆除工程、建筑工程、装修工程、给排水工程、电气工程、暖通工程等。      50天      赵会娟      中华人民共和国二级建造师注册证书 京2112007200804954 安全生产考核合格证书 京建安B（2010）0072747                 五、评审专家（单一来源采购人员）名单： 马力华、鲁雪青、王子剑 六、代理服务收费标准及金额： 本项目代理费收费标准：1.代理服务费：本项目代理服务费参照原国家计委《招标代理服务收费管理暂行办法》（〔2002〕1980号）工程类标准收费，在发出签约通知书后5个工作日内，由中标供应商一次性支付。金额为7986.81元。2.工程量清单及招标控制价编制费：本项目工程量清单及招标控制价编制费按照《北京市建设工程造价行业咨询服务费用计价参考》（京标价协〔2022〕71号）标准收费，在发出签约通知书后5个工作日内由中标供应商一次性支付。金额为5547.6元。 本项目代理费总金额：1.353441 万元（人民币） 七、公告期限 自本公告发布之日起1个工作日。 八、其它补充事宜 成交供应商综合得分：90.88分 九、凡对本次公告内容提出询问，请按以下方式联系。 1.采购人信息 名 称：中国财政杂志社 地址：北京市海淀区万寿路西街甲11号院3号楼 联系方式：王老师 010-88227098 2.采购代理机构信息 名 称：国信国际工程咨询集团股份有限公司 地 址：北京市海淀区车公庄西路45号花园写字楼2层 联系方式：崔老师、范老师、胡老师 15901226291 3.项目联系方式 项目联系人：崔老师、范老师、胡老师 电 话： 15901226291,医疗卫生,,中国政府采购网,,,,,,79.8681,"[{""序号"": ""1"", ""供应商名称"": ""中装华泰（北京）装饰工程有限公司"", ""工程名称"": ""中国财政杂志社卫生间维修改造工程"", ""施工范围"": ""施工图纸及工程量清单范围内的全部施工内容，包括拆除工程、建筑工程、装修工程、给排水工程、电气工程、暖通工程等。"", ""施工工期"": ""50天"", ""项目经理"": ""赵会娟"", ""执业证书"": ""中华人民共和国二级建造师注册证书 京2112007200804954\t\t\t安全生产考核合格证书 京建安B（2010）0072747""}]",马力华、鲁雪青、王子剑,1.353441,中装华泰（北京）装饰工程有限公司,,,,
四川省成都市简阳市消防救援大队高空训练及化工应急演练设施采购项目（二次）中选公告,成交公告,SCCX,2026年09月07日 16:20,简阳市,简阳市消防救援大队,四川省成都市简阳市印鳌路165号,樊老师 028-27753987,四川辰希招标代理有限公司,成都市高新区府城大道西段399号天府新谷8栋1单元11楼1103号,林老师 028-85960093,林老师,028-85960093,"中小企业声明函-四川易恒辰建设工程有限公司.pdf,简阳市消防救援大队高空训练及化工应急演练设施采购项目（二次）--定稿8.31.pdf","[{""attach_name"": ""中小企业声明函-四川易恒辰建设工程有限公司.pdf"", ""attach_url"": ""https://download.ccgp.gov.cn/oss/download?uuid=8D0A8C6F1987476972C53FA3C4DD5F""}, {""attach_name"": ""简阳市消防救援大队高空训练及化工应急演练设施采购项目（二次）--定稿8.31.pdf"", ""attach_url"": ""https://download.ccgp.gov.cn/oss/download?uuid=C7F7D52BFF56DF9F494AFCB03054A1""}]",https://www.ccgp.gov.cn/cggg/zygg/cjgg/202609/t20260907_27279383.htm,2026-09-10 09:37:13,一、项目编号：SCCX〔2026〕160号（招标文件编号：SCCX〔2026〕160号） 二、项目名称：简阳市消防救援大队高空训练及化工应急演练设施采购项目（二次） 三、中标（成交）信息 供应商名称：四川易恒辰建设工程有限公司供应商地址：四川省广安市华蓥市安丙公园南侧、新华大道东侧江南里及天上街市AS1幢2-2号中标（成交）金额：19.4686000（万元）四、主要标的信息 序号    供应商名称      货物名称      货物品牌      货物型号      货物数量      货物单价(元)   1    四川易恒辰建设工程有限公司      主框架      吉安      JA-ZKJ      1      72396                 五、评审专家（单一来源采购人员）名单： 钟芳明、冯娅娟、王斌（采购人代表） 六、代理服务收费标准及金额： 本项目代理费收费标准：定额收取 本项目代理费总金额：0.500000 万元（人民币） 七、公告期限 自本公告发布之日起1个工作日。 八、其它补充事宜 成交供应商：四川易恒辰建设工程有限公司评审总得分：286 九、凡对本次公告内容提出询问，请按以下方式联系。 1.采购人信息 名 称：简阳市消防救援大队 地址：四川省成都市简阳市印鳌路165号 联系方式：樊老师 028-27753987 2.采购代理机构信息 名 称：四川辰希招标代理有限公司 地 址：成都市高新区府城大道西段399号天府新谷8栋1单元11楼1103号 联系方式：林老师 028-85960093 3.项目联系方式 项目联系人：林老师 电 话： 028-85960093,公共安全,,中国政府采购网,,,,,,19.4686,"[{""序号"": ""1"", ""供应商名称"": ""四川易恒辰建设工程有限公司"", ""货物名称"": ""主框架"", ""货物品牌"": ""吉安"", ""货物型号"": ""JA-ZKJ"", ""货物数量"": ""1"", ""货物单价(元)"": ""72396""}]",钟芳明、冯娅娟、王斌（采购人代表）,0.5,四川易恒辰建设工程有限公司,,,,
宁波市消防救援支队宁波市镇海区消防救援大队贵驷新站战斗服架项目（重招）成交公告,成交公告,NBZY-20261160-1,2026年09月07日 16:18,浙江省,宁波市消防救援支队,宁波市海曙区环城西路北段222号,熊老师、0574-55666019,宁波仲意工程管理咨询有限公司,宁波市鄞州区潘火和荣大厦B座803-16,朱宇超、13250960121,朱宇超,13250960121,,,https://www.ccgp.gov.cn/cggg/zygg/cjgg/202609/t20260907_27279330.htm,2026-09-10 09:37:14,一、项目编号：NBZY-20261160-1（招标文件编号：NBZY-20261160-1） 二、项目名称：宁波市镇海区消防救援大队贵驷新站战斗服架项目（重招） 三、中标（成交）信息 供应商名称：浙江咸亨创新产业中心有限公司供应商地址：浙江省海宁市长安镇启辉路16号中标（成交）金额：35.7240000（万元）四、主要标的信息 序号    供应商名称      货物名称      货物品牌      货物型号      货物数量      货物单价(元)   1    浙江咸亨创新产业中心有限公司      战斗服架      兴之创      XFDZ-1-1H、GSWJ-D-2B、GDG-18、GDG-19      1批      357240                 五、评审专家（单一来源采购人员）名单： 邹祥法、方怡、徐宁（采购人代表） 六、代理服务收费标准及金额： 本项目代理费收费标准：详见采购文件 本项目代理费总金额：0.500000 万元（人民币） 七、公告期限 自本公告发布之日起1个工作日。 八、其它补充事宜 无。 九、凡对本次公告内容提出询问，请按以下方式联系。 1.采购人信息 名 称：宁波市消防救援支队 地址：宁波市海曙区环城西路北段222号 联系方式：熊老师、0574-55666019 2.采购代理机构信息 名 称：宁波仲意工程管理咨询有限公司 地 址：宁波市鄞州区潘火和荣大厦B座803-16 联系方式：朱宇超、13250960121 3.项目联系方式 项目联系人：朱宇超 电 话： 13250960121,公共安全,,中国政府采购网,,,,,,35.724,"[{""序号"": ""1"", ""供应商名称"": ""浙江咸亨创新产业中心有限公司"", ""货物名称"": ""战斗服架"", ""货物品牌"": ""兴之创"", ""货物型号"": ""XFDZ-1-1H、GSWJ-D-2B、GDG-18、GDG-19"", ""货物数量"": ""1批"", ""货物单价(元)"": ""357240""}]",邹祥法、方怡、徐宁（采购人代表）,0.5,浙江咸亨创新产业中心有限公司,,,,
中华人民共和国锦州出入境边防检查站业务技术用房运维项目成交结果公告,成交公告,LNKL-jsyf20260825,2026年09月07日 16:14,锦州市,中华人民共和国锦州出入境边防检查站,辽宁省锦州市开发区兴海路三段81号,刘先生 0416-3582216,辽宁凯隆项目管理有限公司,锦州市松山新区锦兴路典逸心洲小区55-157号,佟女士  0416-3727777,佟女士,0416-3727777,"8.25【竞争性磋商】中华人民共和国锦州出入境边防检查站业务技术用房运维项目.pdf,中小企业声明函.jpg","[{""attach_name"": ""8.25【竞争性磋商】中华人民共和国锦州出入境边防检查站业务技术用房运维项目.pdf"", ""attach_url"": ""https://download.ccgp.gov.cn/oss/download?uuid=988192DC408474CCD684F5303F632F""}, {""attach_name"": ""中小企业声明函.jpg"", ""attach_url"": ""https://download.ccgp.gov.cn/oss/download?uuid=70CB57734F2CEB2CB8D25C8985605B""}]",https://www.ccgp.gov.cn/cggg/zygg/cjgg/202609/t20260907_27279263.htm,2026-09-10 09:37:15,一、项目编号：LNKL-jsyf20260825（招标文件编号：LNKL-jsyf20260825） 二、项目名称：华人民共和国锦州出入境边防检查站业务技术用房运维项目 三、中标（成交）信息 供应商名称：锦州东联建筑安装有限公司供应商地址：辽宁省锦州经济技术开发区白马石村中标（成交）金额：33.0000000（万元）四、主要标的信息 序号    供应商名称       工程名称       施工范围       施工工期       项目经理       执业证书   1    锦州东联建筑安装有限公司      中华人民共和国锦州出入境边防检查站业务技术用房运维项目      工程量清单所含全部内容。      合同签订后40天内完工。      安中党      注册二级建造师 辽221111223929                 五、评审专家（单一来源采购人员）名单： 陈云峰、武阳、骆满 六、代理服务收费标准及金额： 本项目代理费收费标准：按委托代理合同中约定由成交供应商向采购代理机构支付 本项目代理费总金额：0.330000 万元（人民币） 七、公告期限 自本公告发布之日起1个工作日。 八、其它补充事宜 1、评审总得分：88.00（分）2、本次结果公告在中国政府采购网、中国招标投标服务平台发布。 九、凡对本次公告内容提出询问，请按以下方式联系。 1.采购人信息 名 称：中华人民共和国锦州出入境边防检查站 地址：辽宁省锦州市开发区兴海路三段81号 联系方式：刘先生 0416-3582216 2.采购代理机构信息 名 称：辽宁凯隆项目管理有限公司 地 址：锦州市松山新区锦兴路典逸心洲小区55-157号 联系方式：佟女士 0416-3727777 3.项目联系方式 项目联系人：佟女士 电 话： 0416-3727777,信息技术,,中国政府采购网,,,,,,33.0,"[{""序号"": ""1"", ""供应商名称"": ""锦州东联建筑安装有限公司"", ""工程名称"": ""中华人民共和国锦州出入境边防检查站业务技术用房运维项目"", ""施工范围"": ""工程量清单所含全部内容。"", ""施工工期"": ""合同签订后40天内完工。"", ""项目经理"": ""安中党"", ""执业证书"": ""注册二级建造师 辽221111223929""}]",陈云峰、武阳、骆满,0.33,锦州东联建筑安装有限公司,,,,
国家统计局门户网站公众服务智能平台和智能搜索等年度运维保障项目成交公告,成交公告,CTIETC-FWJC-2608018,2026年09月07日 16:14,北京市,国家统计局统计资料管理中心,北京市西城区月坛南街57号,于子慕  010-68782992、010-68782984,中贸国际工程招标（北京）有限公司,北京市丰台区西四环南路35号中都科技大厦1009室,成凯、冯英山、崔嘉林、张立、张璐、王芹、马泽涵010-86203830、86203831,成凯、冯英山、崔嘉林、张立、张,010-86203830、86203831,"顶尖时代-中小企业声明函.png,国家统计局门户网站公众服务智能平台和智能搜索等年度运维保障项目竞争性磋商文件-最终版.pdf","[{""attach_name"": ""顶尖时代-中小企业声明函.png"", ""attach_url"": ""https://download.ccgp.gov.cn/oss/download?uuid=CE7EBE4CCD739D1BB73FDE9865B1AB""}, {""attach_name"": ""国家统计局门户网站公众服务智能平台和智能搜索等年度运维保障项目竞争性磋商文件-最终版.pdf"", ""attach_url"": ""https://download.ccgp.gov.cn/oss/download?uuid=61666D78E3AF7A08CC0E08ADD457BE""}]",https://www.ccgp.gov.cn/cggg/zygg/cjgg/202609/t20260907_27279262.htm,2026-09-10 09:37:15,一、项目编号：CTIETC-FWJC-2608018（招标文件编号：CTIETC-FWJC-2608018） 二、项目名称：国家统计局门户网站公众服务智能平台和智能搜索等年度运维保障项目 三、中标（成交）信息 供应商名称：北京顶尖时代科技发展有限公司供应商地址：北京市昌平区回龙观东大街338号创客广场A-406中标（成交）金额：45.7600000（万元）四、主要标的信息 序号    供应商名称      服务名称      服务范围      服务要求      服务时间      服务标准   1    北京顶尖时代科技发展有限公司      国家统计局门户网站公众服务智能平台和智能搜索等年度运维保障      国家统计局门户网站公众服务智能平台和智能搜索等年度运维保障项目采购内容包括公众服务智能平台服务、网站智能搜索服务和统计知识库服务三个组成部分。      详见采购文件      自合同签订生效之日起一年      详见采购文件                 五、评审专家（单一来源采购人员）名单： 刘国萍、万米洋、李卉 六、代理服务收费标准及金额： 本项目代理费收费标准：按国家计委关于印发的《招标代理服务收费管理暂行办法》（计价格〔2002〕1980号）规定的收费标准，由中标人支付。 本项目代理费总金额：0.686400 万元（人民币） 七、公告期限 自本公告发布之日起1个工作日。 八、其它补充事宜 本项目采用综合评分法，中标人北京顶尖时代科技发展有限公司综合评分92.57分 九、凡对本次公告内容提出询问，请按以下方式联系。 1.采购人信息 名 称：国家统计局统计资料管理中心 地址：北京市西城区月坛南街57号 联系方式：于子慕 010-68782992、010-68782984 2.采购代理机构信息 名 称：中贸国际工程招标（北京）有限公司 地 址：北京市丰台区西四环南路35号中都科技大厦1009室 联系方式：成凯、冯英山、崔嘉林、张立、张璐、王芹、马泽涵010-86203830、86203831 3.项目联系方式 项目联系人：成凯、冯英山、崔嘉林、张立、张璐、王芹、马泽涵 电 话： 010-86203830、86203831,信息技术,,中国政府采购网,,,,,,45.76,"[{""序号"": ""1"", ""供应商名称"": ""北京顶尖时代科技发展有限公司"", ""服务名称"": ""国家统计局门户网站公众服务智能平台和智能搜索等年度运维保障"", ""服务范围"": ""国家统计局门户网站公众服务智能平台和智能搜索等年度运维保障项目采购内容包括公众服务智能平台服务、网站智能搜索服务和统计知识库服务三个组成部分。"", ""服务要求"": ""详见采购文件"", ""服务时间"": ""自合同签订生效之日起一年"", ""服务标准"": ""详见采购文件""}]",刘国萍、万米洋、李卉,0.6864,北京顶尖时代科技发展有限公司,,,,
中国疾病预防控制中心环境与健康相关产品安全所健康环境促进与干预信息管理系统建设项目成交公告,成交公告,2026NIEH028,2026年09月07日 16:14,朝阳区,中国疾病预防控制中心环境与健康相关产品安全所,北京市朝阳区潘家园南里7号,王政凯  50930202,详见公告正文,详见公告正文,详见公告正文,闫老师,010-50930216,,,https://www.ccgp.gov.cn/cggg/zygg/cjgg/202609/t20260907_27279964.htm,2026-09-10 09:37:16,一、项目编号：2026NIEH028（招标文件编号：2026NIEH028） 二、项目名称：健康环境促进与干预信息管理系统建设项目 三、中标（成交）信息 供应商名称：斯录欣（上海）信息科技有限公司供应商地址：中国（上海）自由贸易试验区奥纳路55号1幢607室中标（成交）金额：11.5000000（万元）四、主要标的信息 序号    供应商名称      服务名称      服务范围      服务要求      服务时间      服务标准   1    斯录欣（上海）信息科技有限公司      健康环境促进与干预信息管理系统建设      详见采购文件。      详见采购文件。      合同签订之日起12个月。      详见采购文件。                 五、评审专家（单一来源采购人员）名单： 苗宏健（组长）、杨丽华、吕祎然 六、代理服务收费标准及金额： 本项目代理费收费标准：0 本项目代理费总金额：0.000000 万元（人民币） 七、公告期限 自本公告发布之日起1个工作日。 八、其它补充事宜 供应商评分：1、斯录欣（上海）信息科技有限公司   97.33分；2、河北祥磊商贸有限公司   57.83分；3、北京考克瑞医药科技发展有限公司   50.87分。 九、凡对本次公告内容提出询问，请按以下方式联系。 1.采购人信息 名 称：中国疾病预防控制中心环境与健康相关产品安全所 地址：北京市朝阳区潘家园南里7号 联系方式：王政凯 50930202 2.项目联系方式 项目联系人：闫老师 电 话： 010-50930216,医疗卫生,,中国政府采购网,,,,,,11.5,"[{""序号"": ""1"", ""供应商名称"": ""斯录欣（上海）信息科技有限公司"", ""服务名称"": ""健康环境促进与干预信息管理系统建设"", ""服务范围"": ""详见采购文件。"", ""服务要求"": ""详见采购文件。"", ""服务时间"": ""合同签订之日起12个月。"", ""服务标准"": ""详见采购文件。""}]",苗宏健（组长）、杨丽华、吕祎然,0.0,斯录欣（上海）信息科技有限公司,,,,
中国疾病预防控制中心环境与健康相关产品安全所国家人体生物监测信息管理系统升级服务采购项目成交公告,成交公告,2026NIEH026,2026年09月07日 16:08,朝阳区,中国疾病预防控制中心环境与健康相关产品安全所,北京市朝阳区潘家园南里7号,王政凯  50930202,详见公告正文,详见公告正文,详见公告正文,李老师,15901027933,,,https://www.ccgp.gov.cn/cggg/zygg/cjgg/202609/t20260907_27279824.htm,2026-09-10 09:37:16,一、项目编号：2026NIEH026（招标文件编号：2026NIEH026） 二、项目名称：国家人体生物监测信息管理系统升级服务采购项目 三、中标（成交）信息 供应商名称：北京佑长科技发展有限公司供应商地址：北京市丰台区南四环西路128号院3号楼7层813中标（成交）金额：7.2000000（万元）四、主要标的信息 序号    供应商名称      服务名称      服务范围      服务要求      服务时间      服务标准   1    北京佑长科技发展有限公司      国家人体生物监测信息管理系统维护服务      详见采购原文。      详见采购原文。      合同签订之日起12个月。      详见采购原文。                 五、评审专家（单一来源采购人员）名单： 张林泉（组长）、苏亮、郑和辉 六、代理服务收费标准及金额： 本项目代理费收费标准：0 本项目代理费总金额：0.000000 万元（人民币） 七、公告期限 自本公告发布之日起1个工作日。 八、其它补充事宜 供应商评分情况：1.北京佑长科技发展有限公司   85.33分；2.北京京炜科技有限责任公司   53.33分；3.瑞德邻健康科技（北京）有限公司  53.14分。 九、凡对本次公告内容提出询问，请按以下方式联系。 1.采购人信息 名 称：中国疾病预防控制中心环境与健康相关产品安全所 地址：北京市朝阳区潘家园南里7号 联系方式：王政凯 50930202 2.项目联系方式 项目联系人：李老师 电 话： 15901027933,其他,,中国政府采购网,,,,,,7.2,"[{""序号"": ""1"", ""供应商名称"": ""北京佑长科技发展有限公司"", ""服务名称"": ""国家人体生物监测信息管理系统维护服务"", ""服务范围"": ""详见采购原文。"", ""服务要求"": ""详见采购原文。"", ""服务时间"": ""合同签订之日起12个月。"", ""服务标准"": ""详见采购原文。""}]",张林泉（组长）、苏亮、郑和辉,0.0,北京佑长科技发展有限公司,,,,
国家税务总局2026年税务网站常态化检测和大数据分析评估服务项目成交结果公告,成交公告,ZB2026-ZXJC-C0027-B00,2026年09月07日 16:08,北京市,国家税务总局,北京市海淀区羊坊店西路5号,010-61986992、61986917,详见公告正文,详见公告正文,详见公告正文,王汐,010-61986917、61986992,,,https://www.ccgp.gov.cn/cggg/zygg/cjgg/202609/t20260907_27279253.htm,2026-09-10 09:37:17,"国家税务总局2026年税务网站常态化检测和大数据分析评估服务项目成交结果公告国家税务总局2026年税务网站常态化检测和大数据分析评估服务项目成交结果公告 一、 项目编号： ZB2026-ZXJC-C0027-B00二、 项目名称： 国家税务总局2026年税务网站常态化检测和大数据分析评估服务项目三、 中标（成交）信息供应商名称：北京开普云信息科技有限公司供应商地址：北京市海淀区知春路23号7层701、703、705--714室 中标（成交）金额：45.60万元评审总得分：96.3分四、 主要标的信息项目类型：服务类名称：国家税务总局2026年税务网站常态化检测和大数据分析评估服务服务范围：对国家税务总局网站和政务新媒体等开展常态化检测、大数据分析，并按季度对省级税务局网站和政务新媒体开展巡查抽检、分析评估等服务。服务要求：详见采购文件服务标准：详见采购文件服务时间：服务期为2026年12月9日至2027年12月8日五、 评审专家名单孟薇,胡传凯,马碧波六、 代理服务收费标准及金额无七、 公告期限自本公告发布之日起1个工作日八、 其他补充事宜无九、 凡对本次公告内容提出询问，请按以下方式联系1.采购人信息名称：国家税务总局地址：北京市海淀区羊坊店西路5号联系方式：010-61986917 、619869922.项目联系方式项目联系人：王汐，张金明电话：010-61986917 、61986992十、附件招标文件中小企业声明函附件：国家税务总局2026年税务网站常态化检测和大数据分析评估服务项目采购文件-技术部分（1）.docx中小企业声明函.pdf国家税务总局2026年税务网站常态化检测和大数据分析评估服务项目采购文件-商务部分.docx",信息技术,,中国政府采购网,,,,,,45.6,,"孟薇,胡传凯,马碧波",,北京开普云信息科技有限公司供应商地址：北京市海淀区知春路23号7层701、703、705--714室 中标（成交）金额：,,,,
上海外高桥保税区海关电梯系统节能改造项目成交公告,成交公告,,2026年09月07日 16:05,上海市,中华人民共和国上海外高桥保税区海关,上海市浦东新区外高桥保税区杨高北路2015号,谢老师、021-68892534,上海中世建设咨询有限公司,上海市普陀区曹杨路528弄35号（中世办公楼）,宋文凯、范扬洁、吴旦 021-62445303,宋文凯、范扬洁、吴旦,021-62445303,上海外高桥保税区海关电梯系统节能改造项目竞争性磋商文件.pdf,"[{""attach_name"": ""上海外高桥保税区海关电梯系统节能改造项目竞争性磋商文件.pdf"", ""attach_url"": ""https://download.ccgp.gov.cn/oss/download?uuid=5524CDE35AFEC6A92D5FD9CA6F1AB5""}]",https://www.ccgp.gov.cn/cggg/zygg/cjgg/202609/t20260907_27279054.htm,2026-09-10 09:37:17,一、项目编号：招案2026-3579（招标文件编号：招案2026-3579） 二、项目名称：上海外高桥保税区海关电梯系统节能改造项目 三、中标（成交）信息 供应商名称：上海沪立电梯设备成套有限公司供应商地址：上海市浦东新区浦东大道 2742弄1号318室中标（成交）金额：82.8000000（万元）四、主要标的信息 序号    供应商名称      货物名称      货物品牌      货物型号      货物数量      货物单价(元)   1    上海沪立电梯设备成套有限公司      客梯（乘客电梯）含安装      沃克斯迅达电梯有限公司      VE-V600      3台      276000元                 五、评审专家（单一来源采购人员）名单： 吴俊、陆朝勇、李方刚 六、代理服务收费标准及金额： 本项目代理费收费标准：本项目成交人在收到成交通知书时，按中标金额一次性向招标代理机构支付中标服务费，标准如下：成交人按成交金额100万以内部分1.5%下浮20%计取。注：不足7000元按7000计取。 本项目代理费总金额：0.993600 万元（人民币） 七、公告期限 自本公告发布之日起1个工作日。 八、其它补充事宜 专家推荐理由：上海沪立电梯设备成套有限公司产品技术参数完全满足采购文件要求，项目实施方案完整，售后服务方案具体，可操作性强，综合评分最高，排名第一。上海沪立电梯设备成套有限公司经磋商小组评审的最终得分为92.57分。如对成交结果有异议，请于本公告期限届满之日起七个工作日内以书面形式向上海中世建设咨询有限公司（地址：上海市曹杨路528弄35号中世办公楼，邮编：200063，联系人：范扬洁，联系电话：021-62445303，传真：021-52555815）提出质疑。 九、凡对本次公告内容提出询问，请按以下方式联系。 1.采购人信息 名 称：中华人民共和国上海外高桥保税区海关 地址：上海市浦东新区外高桥保税区杨高北路2015号 联系方式：谢老师、021-68892534 2.采购代理机构信息 名 称：上海中世建设咨询有限公司 地 址：上海市普陀区曹杨路528弄35号（中世办公楼） 联系方式：宋文凯、范扬洁、吴旦 021-62445303 3.项目联系方式 项目联系人：宋文凯、范扬洁、吴旦 电 话： 021-62445303,工程建设,,中国政府采购网,,,,,,82.8,"[{""序号"": ""1"", ""供应商名称"": ""上海沪立电梯设备成套有限公司"", ""货物名称"": ""客梯（乘客电梯）含安装"", ""货物品牌"": ""沃克斯迅达电梯有限公司"", ""货物型号"": ""VE-V600"", ""货物数量"": ""3台"", ""货物单价(元)"": ""276000元""}]",吴俊、陆朝勇、李方刚,0.9936,上海沪立电梯设备成套有限公司,,,,
西南民族大学团学工作展示空间文化建设提升项目成交公告,成交公告,SMU-WT2026122,2026年09月07日 15:59,四川省,西南民族大学,成都市双流区航空港开发区大件路文星段168号,晏老师，028-85522936,成都盈合工程项目管理有限公司,成都市高新区天府大道中段530-2号东方希望天祥广场B座12楼10号,李先生，028-61397250；028-61397251,李先生,028-61397250,"西南民族大学团学工作展示空间文化建设提升项目磋商文件.pdf,中小企业声明函-四川省乾利和实业有限责任公司 .pdf","[{""attach_name"": ""西南民族大学团学工作展示空间文化建设提升项目磋商文件.pdf"", ""attach_url"": ""https://download.ccgp.gov.cn/oss/download?uuid=8DA2E65F16D7048727DF872BF9C58C""}, {""attach_name"": ""中小企业声明函-四川省乾利和实业有限责任公司 .pdf"", ""attach_url"": ""https://download.ccgp.gov.cn/oss/download?uuid=3EAE4F7FBA721839BCFF9A18B25436""}]",https://www.ccgp.gov.cn/cggg/zygg/cjgg/202609/t20260907_27278954.htm,2026-09-10 09:37:18,一、项目编号：SMU-WT2026122（招标文件编号：SMU-WT2026122） 二、项目名称：西南民族大学团学工作展示空间文化建设提升项目 三、中标（成交）信息 供应商名称：四川省乾利和实业有限责任公司供应商地址：成都市高新区永丰路17号202室中标（成交）金额：50.7699120（万元）四、主要标的信息 序号    供应商名称       工程名称       施工范围       施工工期       项目经理       执业证书   1    四川省乾利和实业有限责任公司      西南民族大学团学工作展示空间文化建设提升项目      西南民族大学航空港校区团学工作展示空间文化建设提升改造，包括天花、墙面、地面、隔墙、门窗、卫生间隔断、局部外墙改造等装饰工程、电气改造、智能化等工作内容      40日历天      何艳燕      二级建造师注册证书 川2512011201247912                 五、评审专家（单一来源采购人员）名单： 史建蓉、罗荆蕾、唐尧（采购人代表） 六、代理服务收费标准及金额： 本项目代理费收费标准：以成交金额作为计算基数，按照以下收费标准下浮20%计算进行收取，由成交供应商在领取成交通知书前向采购代理机构交纳。 本项目代理费总金额：0.406159 万元（人民币） 七、公告期限 自本公告发布之日起1个工作日。 八、其它补充事宜 1、本项目成交供应商（四川省乾利和实业有限责任公司）总得分为286.48；成交总价为507699.12元，可竞争费用为389059.89元，浮动比例为8.19%。2、本项目成交供应商（四川省乾利和实业有限责任公司）属于微型企业。 九、凡对本次公告内容提出询问，请按以下方式联系。 1.采购人信息 名 称：西南民族大学 地址：成都市双流区航空港开发区大件路文星段168号 联系方式：晏老师，028-85522936 2.采购代理机构信息 名 称：成都盈合工程项目管理有限公司 地 址：成都市高新区天府大道中段530-2号东方希望天祥广场B座12楼10号 联系方式：李先生，028-61397250；028-61397251 3.项目联系方式 项目联系人：李先生 电 话： 028-61397250；028-61397251,教育培训,,中国政府采购网,,,,,,50.769912,"[{""序号"": ""1"", ""供应商名称"": ""四川省乾利和实业有限责任公司"", ""工程名称"": ""西南民族大学团学工作展示空间文化建设提升项目"", ""施工范围"": ""西南民族大学航空港校区团学工作展示空间文化建设提升改造，包括天花、墙面、地面、隔墙、门窗、卫生间隔断、局部外墙改造等装饰工程、电气改造、智能化等工作内容"", ""施工工期"": ""40日历天"", ""项目经理"": ""何艳燕"", ""执业证书"": ""二级建造师注册证书 川2512011201247912""}]",史建蓉、罗荆蕾、唐尧（采购人代表）,0.406159,四川省乾利和实业有限责任公司,,,,
中国人民银行辽宁省分行WJ楼食堂改造项目成交公告,成交公告,LNTH2026340C,2026年09月07日 15:59,辽宁省,中国人民银行辽宁省分行,沈阳市沈河区北站路58号,贾贺林，024-23440933,辽宁天泓工程项目管理有限公司,沈阳市和平区和平南大街20号玉麟世家B座5楼,郑小飞，024-23241055,郑小飞,024-23241055,中小企业声明函.pdf,"[{""attach_name"": ""中小企业声明函.pdf"", ""attach_url"": ""https://download.ccgp.gov.cn/oss/download?uuid=7A020EEB44E494A591113EB969780E""}]",https://www.ccgp.gov.cn/cggg/zygg/cjgg/202609/t20260907_27278948.htm,2026-09-10 09:37:18,一、项目编号：LNTH2026340C（招标文件编号：LNTH2026340C） 二、项目名称：中国人民银行辽宁省分行WJ楼食堂改造项目 三、中标（成交）信息 供应商名称：辽宁恒祥装饰广告设计有限公司供应商地址：辽宁省沈阳市沈河区大西路46号中标（成交）金额：25.0955810（万元）四、主要标的信息 序号    供应商名称       工程名称       施工范围       施工工期       项目经理       执业证书   1    辽宁恒祥装饰广告设计有限公司      中国人民银行辽宁省分行WJ楼食堂改造项目      中国人民银行辽宁省分行WJ楼食堂改造项目      45个自然日      杨金超      辽2212024202501004                 五、评审专家（单一来源采购人员）名单： 刘澎、刘东华 六、代理服务收费标准及金额： 本项目代理费收费标准：参照国家发展计划委员会《计价格[2002]1980号》、发改办价格[2003]857号文件标准下浮20%收取。不足5000按5000元收取。 本项目代理费总金额：0.500000 万元（人民币） 七、公告期限 自本公告发布之日起1个工作日。 八、其它补充事宜 成交单位：辽宁恒祥装饰广告设计有限公司，评审总得分：94.00 九、凡对本次公告内容提出询问，请按以下方式联系。 1.采购人信息 名 称：中国人民银行辽宁省分行 地址：沈阳市沈河区北站路58号 联系方式：贾贺林，024-23440933 2.采购代理机构信息 名 称：辽宁天泓工程项目管理有限公司 地 址：沈阳市和平区和平南大街20号玉麟世家B座5楼 联系方式：郑小飞，024-23241055 3.项目联系方式 项目联系人：郑小飞 电 话： 024-23241055,工程建设,,中国政府采购网,,,,,,25.095581,"[{""序号"": ""1"", ""供应商名称"": ""辽宁恒祥装饰广告设计有限公司"", ""工程名称"": ""中国人民银行辽宁省分行WJ楼食堂改造项目"", ""施工范围"": ""中国人民银行辽宁省分行WJ楼食堂改造项目"", ""施工工期"": ""45个自然日"", ""项目经理"": ""杨金超"", ""执业证书"": ""辽2212024202501004""}]",刘澎、刘东华,0.5,辽宁恒祥装饰广告设计有限公司,,,,
大连民族大学东北民族博物馆基本展陈服务采购项目成交公告,成交公告,XNJZ-F-2026-024,2026年09月07日 15:56,大连市,大连民族大学,大连金普新区辽河西路18号,金老师 0411-87656329,辽宁中电项目管理有限公司,大连市西岗区北海街19号,梁超、宋佳乐、张丹 0411-86778086,梁超、宋佳乐、张丹,0411-86778086,"大连民族大学东北民族博物馆基本展陈服务采购项目.doc,中小企业声明函.pdf","[{""attach_name"": ""大连民族大学东北民族博物馆基本展陈服务采购项目.doc"", ""attach_url"": ""https://download.ccgp.gov.cn/oss/download?uuid=587E512AEBBD203D8536725A97E244""}, {""attach_name"": ""中小企业声明函.pdf"", ""attach_url"": ""https://download.ccgp.gov.cn/oss/download?uuid=8FFE14A3255F856907336634A52D12""}]",https://www.ccgp.gov.cn/cggg/zygg/cjgg/202609/t20260907_27278927.htm,2026-09-10 09:37:19,一、项目编号：XNJZ-F-2026-024 （招标文件编号：XNJZ-F-2026-024） 二、项目名称：大连民族大学东北民族博物馆基本展陈服务采购项目 三、中标（成交）信息 供应商名称：大连奥蓝文化科技有限公司供应商地址：辽宁省大连市沙河口区中龙园4号1单元1层4号中标（成交）金额：67.2964000（万元）四、主要标的信息 序号    供应商名称      服务名称      服务范围      服务要求      服务时间      服务标准   1    大连奥蓝文化科技有限公司      大连民族大学东北民族博物馆基本展陈服务采购项目      选取一家供应商提供博物馆基本展陈服务      按采购文件执行      合同签订后30个日历日内完成      按采购文件执行                 五、评审专家（单一来源采购人员）名单： 刘薇薇、卢笑明、张伟华（采购人代表） 六、代理服务收费标准及金额： 本项目代理费收费标准：本次招标代理服务费按服务招标标准×0.8向中标人收取 本项目代理费总金额：0.807600 万元（人民币） 七、公告期限 自本公告发布之日起1个工作日。 八、其它补充事宜 大连奥蓝文化科技有限公司评审综合得分91.67分 九、凡对本次公告内容提出询问，请按以下方式联系。 1.采购人信息 名 称：大连民族大学 地址：大连金普新区辽河西路18号 联系方式：金老师 0411-87656329 2.采购代理机构信息 名 称：辽宁中电项目管理有限公司 地 址：大连市西岗区北海街19号 联系方式：梁超、宋佳乐、张丹 0411-86778086 3.项目联系方式 项目联系人：梁超、宋佳乐、张丹 电 话： 0411-86778086,教育培训,,中国政府采购网,,,,,,67.2964,"[{""序号"": ""1"", ""供应商名称"": ""大连奥蓝文化科技有限公司"", ""服务名称"": ""大连民族大学东北民族博物馆基本展陈服务采购项目"", ""服务范围"": ""选取一家供应商提供博物馆基本展陈服务"", ""服务要求"": ""按采购文件执行"", ""服务时间"": ""合同签订后30个日历日内完成"", ""服务标准"": ""按采购文件执行""}]",刘薇薇、卢笑明、张伟华（采购人代表）,0.8076,大连奥蓝文化科技有限公司,,,,
株洲市消防救援支队2026年支队本级车辆维修保养服务采购项目成交公告,成交公告,HNHZ-CS-2026109,2026年09月07日 15:54,株洲市,株洲市消防救援支队,株洲市芦淞区枫溪大道519号,谢先生、0731-28492883,湖南恒泽项目管理有限公司,长沙市天心区雀园路568号创谷产业园A1栋1220-1225房,张冠军、张志鹏、唐小茜、张翅翔、王婷、0731-82288998,张冠军、张志鹏、唐小茜、张翅翔,0731-82288998,附件.rar,"[{""attach_name"": ""附件.rar"", ""attach_url"": ""https://download.ccgp.gov.cn/oss/download?uuid=E7781F5102BBDD68D46361DEBD815B""}]",https://www.ccgp.gov.cn/cggg/zygg/cjgg/202609/t20260907_27278887.htm,2026-09-10 09:37:20,一、项目编号：HNHZ-CS-2026109（招标文件编号：HNHZ-CS-2026109 ） 二、项目名称：株洲市消防救援支队2026年支队本级车辆维修保养服务采购项目 三、中标（成交）信息 供应商名称：湖南三新工程机械有限公司供应商地址：湖南省长沙县星沙街道天华北路163号办公楼301室包组或产品名称：包1-执勤车辆维修保养折扣率(%)：96.0000000 供应商名称：湖南金凯汽车贸易有限公司供应商地址：湖南省株洲市天元区栗雨工业园金凯路7号包组或产品名称：包2-行政车辆维修 保养折扣率(%)：70.0000000四、主要标的信息 序号    供应商名称     服务名称     服务范围     服务要求     服务时间     服务标准  1    湖南三新工程机械有限公司     株洲市消防救援支队2026年支队本级车辆维修保养服务采购项目     详见投标文件     详见投标文件     详见投标文件     详见投标文件                序号    供应商名称     服务名称     服务范围     服务要求     服务时间     服务标准  2    湖南金凯汽车贸易有限公司     株洲市消防救援支队2026年支队本级车辆维修保养服务采购项目     详见投标文件     详见投标文件     详见投标文件     详见投标文件                五、评审专家（单一来源采购人员）名单： 杨莎（组长）、李峰、毛如燚（采购人代表） 六、代理服务收费标准及金额： 本项目代理费收费标准：按合同约定 本项目代理费总金额：1.412100 万元（人民币） 七、公告期限 自本公告发布之日起1个工作日。 八、其它补充事宜 包1-执勤车辆维修保养 序号 供应商名称 资格性审查 符合性审查 评审得分 排序 1 湖南三新工程机械有限公司 合格 合格 95.33 第一成交候选人 2 长沙人龙汽车服务有限公司 合格 合格 77.86 第二成交候选人 3 郴州市北湖区龙庭汽车修理厂 合格 合格 71.86 第三成交候选人 包2-行政车辆维修保养 序号 供应商名称 资格性审查 符合性审查 评审得分 排序 1 湖南金凯汽车贸易有限公司 合格 合格 93.21 第一成交候选人 2 天元区新华为名车维修中心 合格 合格 92 第二成交候选人 3 株洲全顺江铃汽车销售有限公司 合格 合格 59.31 第三成交候选人 九、凡对本次公告内容提出询问，请按以下方式联系。 1.采购人信息 名 称：株洲市消防救援支队 地址：株洲市芦淞区枫溪大道519号 联系方式：谢先生、0731-28492883 2.采购代理机构信息 名 称：湖南恒泽项目管理有限公司 地 址：长沙市天心区雀园路568号创谷产业园A1栋1220-1225房 联系方式：张冠军、张志鹏、唐小茜、张翅翔、王婷、0731-82288998 3.项目联系方式 项目联系人：张冠军、张志鹏、唐小茜、张翅翔、王婷 电 话： 0731-82288998,公共安全,,中国政府采购网,,,,,,0.0,"[{""序号"": ""1"", ""供应商名称"": ""湖南三新工程机械有限公司"", ""服务名称"": ""株洲市消防救援支队2026年支队本级车辆维修保养服务采购项目"", ""服务范围"": ""详见投标文件"", ""服务要求"": ""详见投标文件"", ""服务时间"": ""详见投标文件"", ""服务标准"": ""详见投标文件""}, {""序号"": ""序号"", ""供应商名称"": ""供应商名称"", ""服务名称"": ""服务名称"", ""服务范围"": ""服务范围"", ""服务要求"": ""服务要求"", ""服务时间"": ""服务时间"", ""服务标准"": ""服务标准""}, {""序号"": ""2"", ""供应商名称"": ""湖南金凯汽车贸易有限公司"", ""服务名称"": ""株洲市消防救援支队2026年支队本级车辆维修保养服务采购项目"", ""服务范围"": ""详见投标文件"", ""服务要求"": ""详见投标文件"", ""服务时间"": ""详见投标文件"", ""服务标准"": ""详见投标文件""}, {""序号"": ""1"", ""供应商名称"": ""湖南三新工程机械有限公司"", ""资格性审查"": ""合格"", ""符合性审查"": ""合格"", ""评审得分"": ""95.33"", ""排序"": ""第一成交候选人""}, {""序号"": ""2"", ""供应商名称"": ""长沙人龙汽车服务有限公司"", ""资格性审查"": ""合格"", ""符合性审查"": ""合格"", ""评审得分"": ""77.86"", ""排序"": ""第二成交候选人""}, {""序号"": ""3"", ""供应商名称"": ""郴州市北湖区龙庭汽车修理厂"", ""资格性审查"": ""合格"", ""符合性审查"": ""合格"", ""评审得分"": ""71.86"", ""排序"": ""第三成交候选人""}, {""序号"": ""1"", ""供应商名称"": ""湖南金凯汽车贸易有限公司"", ""资格性审查"": ""合格"", ""符合性审查"": ""合格"", ""评审得分"": ""93.21"", ""排序"": ""第一成交候选人""}, {""序号"": ""2"", ""供应商名称"": ""天元区新华为名车维修中心"", ""资格性审查"": ""合格"", ""符合性审查"": ""合格"", ""评审得分"": ""92"", ""排序"": ""第二成交候选人""}, {""序号"": ""3"", ""供应商名称"": ""株洲全顺江铃汽车销售有限公司"", ""资格性审查"": ""合格"", ""符合性审查"": ""合格"", ""评审得分"": ""59.31"", ""排序"": ""第三成交候选人""}]",杨莎（组长）、李峰、毛如燚（采购人代表）,1.4121,湖南三新工程机械有限公司、供应商名称、湖南金凯汽车贸易有限公司、长沙人龙汽车服务有限公司、郴州市北湖区龙庭汽车修理厂、天元区新华为名车维修中心、株洲全顺江铃汽车销售有限公司,,,,
国家税务总局文县税务局城关办公区综合业务办公用房维修改造项目成交公告,成交公告,GSXAXC-2026-013,2026年09月07日 15:51,文县,国家税务总局文县税务局,甘肃省陇南市文县城关镇文津中街4号,王苗13309391108,甘肃信安鑫诚项目管理咨询有限公司,甘肃省陇南市文县城关镇桥南新村260号,王娟15293159984,王娟,15293159984,国家税务总局文县税务局城关办公区综合业务办公用房维修改造项目.PDF,"[{""attach_name"": ""国家税务总局文县税务局城关办公区综合业务办公用房维修改造项目.PDF"", ""attach_url"": ""https://download.ccgp.gov.cn/oss/download?uuid=7C09A61889A6C3A33DAA3A36EB1809""}]",https://www.ccgp.gov.cn/cggg/zygg/cjgg/202609/t20260907_27278827.htm,2026-09-10 09:37:20,一、项目编号：GSXAXC-2026-013（招标文件编号：GSXAXC-2026-013） 二、项目名称：国家税务总局文县税务局城关办公区综合业务办公用房维修改造项目 三、中标（成交）信息 供应商名称：甘肃海锋建设工程有限公司供应商地址：甘肃省陇南市武都区东江新区陇城一号205商铺中标（成交）金额：190.4171060（万元）四、主要标的信息 序号    供应商名称       工程名称       施工范围       施工工期       项目经理       执业证书   1    甘肃海锋建设工程有限公司      国家税务总局文县税务局城关办公区综合业务办公用房维修改造项目      装修全楼（包括吊顶、地砖、内墙粉刷、门窗拆除）、楼内墙面铲除原有涂料重新粉刷、外墙拆除墙立面砖重新更换、卫生间改造、电路整理、二层四周挑檐防水处理、新建树脂瓦屋顶、外墙立面粉刷。      90日历天      朱燕兵      二级建造师注册证书，甘262141518090                 五、评审专家（单一来源采购人员）名单： 王旭霞、张玉芳、王苗 六、代理服务收费标准及金额： 本项目代理费收费标准：参照国家发展改革委关于进一步放开建设项目专业服务价格的通知（发改价格〔2015〕299 号）文件规定及国家税务总局文县税务局城关办公区综合业务办公用房维修改造项目招标代理合同约定收费标准执行。 本项目代理费总金额：0.850000 万元（人民币） 七、公告期限 自本公告发布之日起1个工作日。 八、其它补充事宜 无 九、凡对本次公告内容提出询问，请按以下方式联系。 1.采购人信息 名 称：国家税务总局文县税务局 地址：甘肃省陇南市文县城关镇文津中街4号 联系方式：王苗13309391108 2.采购代理机构信息 名 称：甘肃信安鑫诚项目管理咨询有限公司 地 址：甘肃省陇南市文县城关镇桥南新村260号 联系方式：王娟15293159984 3.项目联系方式 项目联系人：王娟 电 话： 15293159984,工程建设,,中国政府采购网,,,,,,190.417106,"[{""序号"": ""1"", ""供应商名称"": ""甘肃海锋建设工程有限公司"", ""工程名称"": ""国家税务总局文县税务局城关办公区综合业务办公用房维修改造项目"", ""施工范围"": ""装修全楼（包括吊顶、地砖、内墙粉刷、门窗拆除）、楼内墙面铲除原有涂料重新粉刷、外墙拆除墙立面砖重新更换、卫生间改造、电路整理、二层四周挑檐防水处理、新建树脂瓦屋顶、外墙立面粉刷。"", ""施工工期"": ""90日历天"", ""项目经理"": ""朱燕兵"", ""执业证书"": ""二级建造师注册证书，甘262141518090""}]",王旭霞、张玉芳、王苗,0.85,甘肃海锋建设工程有限公司,,,,
四川大学华西第四医院个案全程管理委托服务项目竞争性磋商成交公告,成交公告,SCIT-FC,2026年09月07日 15:49,四川省,四川大学华西第四医院,成都市武侯区人民南路三段18号,刘老师028-85508244,四川国际招标有限责任公司,中国（四川）自由贸易试验区成都市高新区天府四街66号2栋22层1号,张女士028-87797107,王宇、王晓、曾瑛、张静,028-87797107，13111881710，13281460462,,,https://www.ccgp.gov.cn/cggg/zygg/cjgg/202609/t20260907_27278783.htm,2026-09-10 09:37:21,一、项目编号：SCIT-FC（Z）-2026080002（招标文件编号：SCIT-FC（Z）-2026080002） 二、项目名称：个案全程管理委托服务项目 三、中标（成交）信息 供应商名称：浙江入微医疗健康科技有限公司供应商地址：浙江省杭州市余杭区五常街道西溪八方城12幢701A 室中标（成交）金额：84.5000000（万元）四、主要标的信息 序号    供应商名称      服务名称      服务范围      服务要求      服务时间      服务标准   1    浙江入微医疗健康科技有限公司      个案全程管理委托服务      四川大学华西第四医院指定地点      个案管理服务病种不少于17种，涵盖慢病随访、围手术期全程服务、主动健康管理等      自采购合同签订之日起1年      供应商在项目过程中须严格遵守《中华人民共和国个人信息保护法》《中华人民共和国数据安全法》《医疗卫生机构网络安全管理办法》等法律法规等                 五、评审专家（单一来源采购人员）名单： 罗迪、王丽红、陈雪（采购人代表） 六、代理服务收费标准及金额： 本项目代理费收费标准：按照采购文件要求以及成本加合理利润原则，由成交人在领取成交通知书前向代理机构交纳成交服务费。 本项目代理费总金额：0.887200 万元（人民币） 七、公告期限 自本公告发布之日起1个工作日。 八、其它补充事宜 九、凡对本次公告内容提出询问，请按以下方式联系。 1.采购人信息 名 称：四川大学华西第四医院 地址：成都市武侯区人民南路三段18号 联系方式：刘老师028-85508244 2.采购代理机构信息 名 称：四川国际招标有限责任公司 地 址：中国（四川）自由贸易试验区成都市高新区天府四街66号2栋22层1号 联系方式：张女士028-87797107 3.项目联系方式 项目联系人：王宇、王晓、曾瑛、张静 电 话： 028-87797107，13111881710，13281460462,医疗卫生,,中国政府采购网,,,,,,84.5,"[{""序号"": ""1"", ""供应商名称"": ""浙江入微医疗健康科技有限公司"", ""服务名称"": ""个案全程管理委托服务"", ""服务范围"": ""四川大学华西第四医院指定地点"", ""服务要求"": ""个案管理服务病种不少于17种，涵盖慢病随访、围手术期全程服务、主动健康管理等"", ""服务时间"": ""自采购合同签订之日起1年"", ""服务标准"": ""供应商在项目过程中须严格遵守《中华人民共和国个人信息保护法》《中华人民共和国数据安全法》《医疗卫生机构网络安全管理办法》等法律法规等""}]",罗迪、王丽红、陈雪（采购人代表）,0.8872,浙江入微医疗健康科技有限公司,,,,
四川大学华西第四医院放射科飞利浦CT设备维保服务采购项目竞争性磋商成交公告,成交公告,SCIT-FC,2026年09月07日 15:48,四川省,四川大学华西第四医院,成都市武侯区人民南路三段18号,刘老师028-85508244,四川国际招标有限责任公司,中国（四川）自由贸易试验区成都市高新区天府四街66号2栋22层1号,张女士028-87797107,王宇、王晓、曾瑛、张静,028-87797107，13111881710，13281460462,,,https://www.ccgp.gov.cn/cggg/zygg/cjgg/202609/t20260907_27278778.htm,2026-09-10 09:37:21,一、项目编号：SCIT-FC（Z）-2026080001（招标文件编号：SCIT-FC（Z）-2026080001） 二、项目名称：放射科飞利浦CT设备维保服务采购项目 三、中标（成交）信息 供应商名称：四川盛安永浦医疗科技有限公司供应商地址：中国(四川)自由贸易试验区成都高新区锦城大道666号附51号17楼1706号（自编号）中标（成交）金额：60.0000000（万元）四、主要标的信息 序号    供应商名称      服务名称      服务范围      服务要求      服务时间      服务标准   1    四川盛安永浦医疗科技有限公司      放射科飞利浦CT设备维保服务      四川大学华西第四医院（采购人指定地点）      每年进行现场两次专业保养，使之保持原厂QC质量标准或国家质量计监部门标准等      合同签订之日起3年。      参照《财政部关于进一步加强政府采购需求和履约验收管理的指导意见》（财库〔2016〕205号）进行验收等                 五、评审专家（单一来源采购人员）名单： 黄莉、吴宣、王成龙（采购人代表） 六、代理服务收费标准及金额： 本项目代理费收费标准：按照采购文件要求以及成本加合理利润原则，由成交人在领取成交通知书前向代理机构交纳成交服务费。 本项目代理费总金额：1.498000 万元（人民币） 七、公告期限 自本公告发布之日起1个工作日。 八、其它补充事宜 成交金额以60万元/年为准。 九、凡对本次公告内容提出询问，请按以下方式联系。 1.采购人信息 名 称：四川大学华西第四医院 地址：成都市武侯区人民南路三段18号 联系方式：刘老师028-85508244 2.采购代理机构信息 名 称：四川国际招标有限责任公司 地 址：中国（四川）自由贸易试验区成都市高新区天府四街66号2栋22层1号 联系方式：张女士028-87797107 3.项目联系方式 项目联系人：王宇、王晓、曾瑛、张静 电 话： 028-87797107，13111881710，13281460462,医疗卫生,,中国政府采购网,,,,,,60.0,"[{""序号"": ""1"", ""供应商名称"": ""四川盛安永浦医疗科技有限公司"", ""服务名称"": ""放射科飞利浦CT设备维保服务"", ""服务范围"": ""四川大学华西第四医院（采购人指定地点）"", ""服务要求"": ""每年进行现场两次专业保养，使之保持原厂QC质量标准或国家质量计监部门标准等"", ""服务时间"": ""合同签订之日起3年。"", ""服务标准"": ""参照《财政部关于进一步加强政府采购需求和履约验收管理的指导意见》（财库〔2016〕205号）进行验收等""}]",黄莉、吴宣、王成龙（采购人代表）,1.498,四川盛安永浦医疗科技有限公司,,,,
西安电子科技大学星地链路测试仪成交公告,成交公告,SZT2026-ZY-ZC-HW-0884,2026年09月07日 15:48,西安市,西安电子科技大学,西安市长安区西沣路兴隆段266号,赵老师  029-81891893,陕西中技招标有限公司,西安市高新区高新四路1号高科广场A座10楼1001室,连杰、马帅、李文俊、赵倩、杨艳  029-87304326-849,连杰、马帅、李文俊、赵倩、杨艳,029-87304326-849,"本国产品声明.pdf,0884-西安电子科技大学星地链路测试仪台-竞争性磋商文件-发送版.pdf,中小企业声明函.pdf","[{""attach_name"": ""本国产品声明.pdf"", ""attach_url"": ""https://download.ccgp.gov.cn/oss/download?uuid=5CC06127CE8427BA7F447338B8C98F""}, {""attach_name"": ""0884-西安电子科技大学星地链路测试仪台-竞争性磋商文件-发送版.pdf"", ""attach_url"": ""https://download.ccgp.gov.cn/oss/download?uuid=49434C020EE27AB1611EF2E64DB0A0""}, {""attach_name"": ""中小企业声明函.pdf"", ""attach_url"": ""https://download.ccgp.gov.cn/oss/download?uuid=3FC0A89B921C2CD1180CEA2D7131B8""}]",https://www.ccgp.gov.cn/cggg/zygg/cjgg/202609/t20260907_27278785.htm,2026-09-10 09:37:22,"一、项目编号：SZT2026-ZY-ZC-HW-0884(XDH26107D)（招标文件编号：SZT2026-ZY-ZC-HW-0884(XDH26107D)） 二、项目名称：星地链路测试仪 三、中标（成交）信息 供应商名称：西安远邦电子技术有限公司供应商地址：西安市碑林区测绘东路4号大地数码港大厦213室中标（成交）金额：162.6000000（万元）四、主要标的信息 序号    供应商名称      货物名称      货物品牌      货物型号      货物数量      货物单价(元)   1    西安远邦电子技术有限公司      星地链路测试仪      信而泰      DarYu3000      1套      1,626,000.00                 五、评审专家（单一来源采购人员）名单： 沙鹏、王家驹、周阿珍、朱青艳、秦浩（采购人代表） 六、代理服务收费标准及金额： 本项目代理费收费标准：代理服务费按照国家发展与改革委员会《招标代理服务收费管理暂行办法》(计价格[2002]1980号)文件规定标准后的45%计取。 本项目代理费总金额：0.984900 万元（人民币） 七、公告期限 自本公告发布之日起1个工作日。 八、其它补充事宜 本项目成交供应商为：西安远邦电子技术有限公司  评审得分：92.60  九、凡对本次公告内容提出询问，请按以下方式联系。 1.采购人信息 名 称：西安电子科技大学 地址：西安市长安区西沣路兴隆段266号 联系方式：赵老师 029-81891893 2.采购代理机构信息 名 称：陕西中技招标有限公司 地 址：西安市高新区高新四路1号高科广场A座10楼1001室 联系方式：连杰、马帅、李文俊、赵倩、杨艳 029-87304326-849 3.项目联系方式 项目联系人：连杰、马帅、李文俊、赵倩、杨艳 电 话： 029-87304326-849",教育培训,,中国政府采购网,,,,,,162.6,"[{""序号"": ""1"", ""供应商名称"": ""西安远邦电子技术有限公司"", ""货物名称"": ""星地链路测试仪"", ""货物品牌"": ""信而泰"", ""货物型号"": ""DarYu3000"", ""货物数量"": ""1套"", ""货物单价(元)"": ""1,626,000.00""}]",沙鹏、王家驹、周阿珍、朱青艳、秦浩（采购人代表）,0.9849,西安远邦电子技术有限公司,,,,
国家开放大学开放教育学情诊断与反馈服务项目成交公告,成交公告,XHTC-FW-2026-1438,2026年09月07日 15:45,市辖区,国家开放大学,北京市海淀区复兴路75号,田老师 010-57519819,新华招标有限公司,北京市海淀区莲花池东路39号西金大厦8层,李东婵、赵浩、张际阳 010-63905850（项目询问、质疑）、010-63905960 zhaohao@xhtc.com.cn（获取文件、发票咨询）,李东婵、赵浩、张际阳、肖瑶、张,010-63905850,"竞争性磋商文件-国家开放大学开放教育学情诊断与反馈服务项目-820-定稿.pdf,成交公告-国家开放大学开放教育学情诊断与反馈服务项目.pdf,中小企业声明函.pdf","[{""attach_name"": ""竞争性磋商文件-国家开放大学开放教育学情诊断与反馈服务项目-820-定稿.pdf"", ""attach_url"": ""https://download.ccgp.gov.cn/oss/download?uuid=014A8F0021FEDFC580E1E654908616""}, {""attach_name"": ""成交公告-国家开放大学开放教育学情诊断与反馈服务项目.pdf"", ""attach_url"": ""https://download.ccgp.gov.cn/oss/download?uuid=7ECCB11F547491B55CD6FB7CC15A17""}, {""attach_name"": ""中小企业声明函.pdf"", ""attach_url"": ""https://download.ccgp.gov.cn/oss/download?uuid=BEE42E55004370DBFE45E470E0CBE0""}]",https://www.ccgp.gov.cn/cggg/zygg/cjgg/202609/t20260907_27278702.htm,2026-09-10 09:37:23,一、项目编号：XHTC-FW-2026-1438（招标文件编号：XHTC-FW-2026-1438） 二、项目名称：国家开放大学开放教育学情诊断与反馈服务项目 三、中标（成交）信息 供应商名称：国开在线教育科技有限公司供应商地址：北京市海淀区魏公村路2号8层808室中标（成交）金额：159.0500000（万元）四、主要标的信息 序号    供应商名称      服务名称      服务范围      服务要求      服务时间      服务标准   1    国开在线教育科技有限公司      国家开放大学开放教育学情诊断与反馈服务项目      详见采购文件      详见采购文件      乙方自合同签订之日起4个月内完成全部项目建设工作，本系统在开发完成后进行试运行6个月；自项目验收合格之日起，进入一年免费质保期。      详见采购文件                 五、评审专家（单一来源采购人员）名单： 邱学志、陈银良、鲍赟力 六、代理服务收费标准及金额： 本项目代理费收费标准：以中标金额作为收取的计算基数，参照《招标代理服务收费管理暂行办法》（计价格[2002]1980号），按差额定率累进法计算。 本项目代理费总金额：1.972400 万元（人民币） 七、公告期限 自本公告发布之日起1个工作日。 八、其它补充事宜 成交供应商综合得分：91.03本公告在中国政府采购网上发布。受格式所限，如有不一致，以附件为准。 九、凡对本次公告内容提出询问，请按以下方式联系。 1.采购人信息 名 称：国家开放大学 地址：北京市海淀区复兴路75号 联系方式：田老师 010-57519819 2.采购代理机构信息 名 称：新华招标有限公司 地 址：北京市海淀区莲花池东路39号西金大厦8层 联系方式：李东婵、赵浩、张际阳 010-63905850（项目询问、质疑）、010-63905960 zhaohao@xhtc.com.cn（获取文件、发票咨询） 3.项目联系方式 项目联系人：李东婵、赵浩、张际阳、肖瑶、张凯、孟雨、刁玉蕊、赵静淑、王乙、叶子青、杜芳瑜 电 话： 010-63905850,教育培训,,中国政府采购网,,,,,,159.05,"[{""序号"": ""1"", ""供应商名称"": ""国开在线教育科技有限公司"", ""服务名称"": ""国家开放大学开放教育学情诊断与反馈服务项目"", ""服务范围"": ""详见采购文件"", ""服务要求"": ""详见采购文件"", ""服务时间"": ""乙方自合同签订之日起4个月内完成全部项目建设工作，本系统在开发完成后进行试运行6个月；自项目验收合格之日起，进入一年免费质保期。"", ""服务标准"": ""详见采购文件""}]",邱学志、陈银良、鲍赟力,1.9724,国开在线教育科技有限公司,,,,
娄烦县气象局娄烦国家基本气象站基础设施建设项目预警中心建设成交公告,成交公告,JRZB-20260825,2026年09月07日 15:42,娄烦县,娄烦县气象局,山西省太原市娄烦县官庄村 联系单位:娄烦县气象局,卫晋芳  13610689559,山西久荣工程咨询有限公司,太原市科技街3号,乔建兵  18003465377,卫晋芳,13610689559,,,https://www.ccgp.gov.cn/cggg/zygg/cjgg/202609/t20260907_27278671.htm,2026-09-10 09:37:23,一、项目编号：JRZB-20260825（招标文件编号：JRZB-2026-0825） 二、项目名称：娄烦国家基本气象站基础设施建设项目预警中心建设 三、中标（成交）信息 供应商名称：山西源智达科技有限公司供应商地址：山西转型综合改革示范区阳曲产业园五龙口街199号6号楼6层02号(进驻太原市鑫博园商务秘书有限公司-20250026)中标（成交）金额：67.5000000（万元）四、主要标的信息 序号    供应商名称       工程名称       施工范围       施工工期       项目经理       执业证书   1    山西源智达科技有限公司      娄烦国家基本气象站基础设施建设项目预警中心建设      工程量清单内全部内容      签订合同后30日历天内      刘桑冰      无                 五、评审专家（单一来源采购人员）名单： 田凤勇、张改文、高亚丽 六、代理服务收费标准及金额： 本项目代理费收费标准：参照国家计委计价格《招标代理服务收费标准》计价格[2002]1980号的规定收取 本项目代理费总金额：0.675000 万元（人民币） 七、公告期限 自本公告发布之日起1个工作日。 八、其它补充事宜 九、凡对本次公告内容提出询问，请按以下方式联系。 1.采购人信息 名 称：娄烦县气象局 地址：山西省太原市娄烦县官庄村 联系单位:娄烦县气象局 联系方式：卫晋芳 13610689559 2.采购代理机构信息 名 称：山西久荣工程咨询有限公司 地 址：太原市科技街3号 联系方式：乔建兵 18003465377 3.项目联系方式 项目联系人：卫晋芳 电 话： 13610689559,工程建设,,中国政府采购网,,,,,,67.5,"[{""序号"": ""1"", ""供应商名称"": ""山西源智达科技有限公司"", ""工程名称"": ""娄烦国家基本气象站基础设施建设项目预警中心建设"", ""施工范围"": ""工程量清单内全部内容"", ""施工工期"": ""签订合同后30日历天内"", ""项目经理"": ""刘桑冰"", ""执业证书"": ""无""}]",田凤勇、张改文、高亚丽,0.675,山西源智达科技有限公司,,,,
中外文化交流中心中外文化和旅游交流中心运输供应商遴选采购项目成交公告,成交公告,0701-264012300007,2026年09月07日 15:38,北京市,中外文化交流中心,北京市东城区建国门内大街甲9号,李老师，010-65201505,中技国际招标有限公司,北京市丰台区通用时代中心C座810室,夏祎/王小磊，010-81168231,夏祎,010-81168231,"0701-264012300007发售稿.rar,北京塞尔国际货运代理有限公司企业类型声明函.jpg,火凤凰（北京）国际艺术品物流有限公司企业类型声明函.jpg,顺通国际供应链管理（北京）有限公司企业类型声明函.jpg,中远海运航空货运代理有限公司企业类型声明函.jpg","[{""attach_name"": ""0701-264012300007发售稿.rar"", ""attach_url"": ""https://download.ccgp.gov.cn/oss/download?uuid=81F5F2FB7E5BA3AB17DF055DDECD46""}, {""attach_name"": ""北京塞尔国际货运代理有限公司企业类型声明函.jpg"", ""attach_url"": ""https://download.ccgp.gov.cn/oss/download?uuid=70535FD2DC971C4DBE182956933D92""}, {""attach_name"": ""火凤凰（北京）国际艺术品物流有限公司企业类型声明函.jpg"", ""attach_url"": ""https://download.ccgp.gov.cn/oss/download?uuid=5A806EBA44F30CCFD1393427A728AA""}, {""attach_name"": ""顺通国际供应链管理（北京）有限公司企业类型声明函.jpg"", ""attach_url"": ""https://download.ccgp.gov.cn/oss/download?uuid=EE1C66725AA4D469579303A880E53D""}, {""attach_name"": ""中远海运航空货运代理有限公司企业类型声明函.jpg"", ""attach_url"": ""https://download.ccgp.gov.cn/oss/download?uuid=1FC5123FEB61F9E7219BC06C7ADE8E""}]",https://www.ccgp.gov.cn/cggg/zygg/cjgg/202609/t20260907_27278586.htm,2026-09-10 09:37:24,一、项目编号：0701-264012300007（招标文件编号：0701-264012300007） 二、项目名称：中外文化和旅游交流中心运输供应商遴选采购项目 三、中标（成交）信息 供应商名称：北京塞尔国际货运代理有限公司供应商地址：北京市朝阳区新源里16号19层1座1911-2中标（成交）金额：0.0000000（万元） 供应商名称：中国外运股份有限公司特种物流分公司供应商地址：北京市朝阳区安定路5号院10号楼1至22层101内八层802中标（成交）金额：0.0000000（万元） 供应商名称：中远海运航空货运代理有限公司供应商地址：中国（上海）自由贸易试验区临港新片区海旺路88号5层514室中标（成交）金额：0.0000000（万元） 供应商名称：顺通国际供应链管理（北京）有限公司供应商地址：北京市朝阳区曙光西里甲1号28层B-3206中标（成交）金额：0.0000000（万元） 供应商名称：深圳德坤物流有限公司供应商地址：深圳市前海深港合作区南山街道自贸西街18号前海香缤大厦403A自贸西街18号前海香缤大厦403A中标（成交）金额：0.0000000（万元） 供应商名称：火凤凰（北京）国际艺术品物流有限公司供应商地址：北京市顺义区金航中路1号院2号楼243室(天竺综合保税区)中标（成交）金额：0.0000000（万元） 供应商名称：锦海捷亚国际货运有限公司供应商地址：中国（上海）自由贸易试验区浦东大道2238号702室中标（成交）金额：0.0000000（万元） 供应商名称：中国邮政速递物流股份有限公司北京市分公司供应商地址：北京市顺义区金航中路1号院2号楼101室(天竺综合保税区)中标（成交）金额：0.0000000（万元）四、主要标的信息 序号    供应商名称      服务名称      服务范围      服务要求      服务时间      服务标准   1    北京塞尔国际货运代理有限公司      中外文化和旅游交流中心运输供应商遴选采购项目      货物自出库至全部运抵海外指定目的地并交付海外指定收货人为止的部分或全部服务内容，详见遴选文件。      按采购人要求，详见遴选文件。      3年，2026年-2028年。      按采购人要求，详见遴选文件。                 序号    供应商名称      服务名称      服务范围      服务要求      服务时间      服务标准   2    中国外运股份有限公司特种物流分公司      中外文化和旅游交流中心运输供应商遴选采购项目      货物自出库至全部运抵海外指定目的地并交付海外指定收货人为止的部分或全部服务内容，详见遴选文件。      按采购人要求，详见遴选文件。      3年，2026年-2028年。      按采购人要求，详见遴选文件。                 序号    供应商名称      服务名称      服务范围      服务要求      服务时间      服务标准   3    中远海运航空货运代理有限公司      中外文化和旅游交流中心运输供应商遴选采购项目      货物自出库至全部运抵海外指定目的地并交付海外指定收货人为止的部分或全部服务内容，详见遴选文件。      按采购人要求，详见遴选文件。      3年，2026年-2028年。      按采购人要求，详见遴选文件。                 序号    供应商名称      服务名称      服务范围      服务要求      服务时间      服务标准   4    顺通国际供应链管理（北京）有限公司      中外文化和旅游交流中心运输供应商遴选采购项目      货物自出库至全部运抵海外指定目的地并交付海外指定收货人为止的部分或全部服务内容，详见遴选文件。      按采购人要求，详见遴选文件。      3年，2026年-2028年。      按采购人要求，详见遴选文件。                 序号    供应商名称      服务名称      服务范围      服务要求      服务时间      服务标准   5    深圳德坤物流有限公司      中外文化和旅游交流中心运输供应商遴选采购项目      货物自出库至全部运抵海外指定目的地并交付海外指定收货人为止的部分或全部服务内容，详见遴选文件。      按采购人要求，详见遴选文件。      3年，2026年-2028年。      按采购人要求，详见遴选文件。                 序号    供应商名称      服务名称      服务范围      服务要求      服务时间      服务标准   6    火凤凰（北京）国际艺术品物流有限公司      中外文化和旅游交流中心运输供应商遴选采购项目      货物自出库至全部运抵海外指定目的地并交付海外指定收货人为止的部分或全部服务内容，详见遴选文件。      按采购人要求，详见遴选文件。      3年，2026年-2028年。      按采购人要求，详见遴选文件。                 序号    供应商名称      服务名称      服务范围      服务要求      服务时间      服务标准   7    锦海捷亚国际货运有限公司      中外文化和旅游交流中心运输供应商遴选采购项目      货物自出库至全部运抵海外指定目的地并交付海外指定收货人为止的部分或全部服务内容，详见遴选文件。      按采购人要求，详见遴选文件。      3年，2026年-2028年。      按采购人要求，详见遴选文件。                 序号    供应商名称      服务名称      服务范围      服务要求      服务时间      服务标准   8    中国邮政速递物流股份有限公司北京市分公司      中外文化和旅游交流中心运输供应商遴选采购项目      货物自出库至全部运抵海外指定目的地并交付海外指定收货人为止的部分或全部服务内容，详见遴选文件。      按采购人要求，详见遴选文件。      3年，2026年-2028年。      按采购人要求，详见遴选文件。                 五、评审专家（单一来源采购人员）名单： 鲁晓春、王成林、李庆祥、罗萍、胡畅 六、代理服务收费标准及金额： 本项目代理费收费标准：本项目按总额8万元收取服务费，由入围供应商均摊。 本项目代理费总金额：8.000000 万元（人民币） 七、公告期限 自本公告发布之日起1个工作日。 八、其它补充事宜 1.本项目共入围八家供应商，服务费合计人民币8万元，由入围供应商均摊。2.请入围供应商于本公告发布之日起30日内与采购人签订合同。3.北京塞尔国际货运代理有限公司综合评分：93.60；中国外运股份有限公司特种物流分公司综合评分：78.20；中远海运航空货运代理有限公司综合评分：74.67；顺通国际供应链管理（北京）有限公司综合评分：73.90；深圳德坤物流有限公司综合评分：72.03；火凤凰（北京）国际艺术品物流有限公司综合评分：68.89；锦海捷亚国际货运有限公司综合评分：67.80；中国邮政速递物流股份有限公司北京市分公司综合评分：64.22。4.经上级主管单位批准，中外文化交流中心于2025年5月19日更名为中外文化和旅游交流中心。因中国政府采购网的更名手续正在办理，现公告中采购单位“中外文化交流中心”实际为“中外文化和旅游交流中心”。 九、凡对本次公告内容提出询问，请按以下方式联系。 1.采购人信息 名 称：中外文化交流中心 地址：北京市东城区建国门内大街甲9号 联系方式：李老师，010-65201505 2.采购代理机构信息 名 称：中技国际招标有限公司 地 址：北京市丰台区通用时代中心C座810室 联系方式：夏祎/王小磊，010-81168231 3.项目联系方式 项目联系人：夏祎 电 话： 010-81168231,文化旅游,,中国政府采购网,,,,,,0.0,"[{""序号"": ""1"", ""供应商名称"": ""北京塞尔国际货运代理有限公司"", ""服务名称"": ""中外文化和旅游交流中心运输供应商遴选采购项目"", ""服务范围"": ""货物自出库至全部运抵海外指定目的地并交付海外指定收货人为止的部分或全部服务内容，详见遴选文件。"", ""服务要求"": ""按采购人要求，详见遴选文件。"", ""服务时间"": ""3年，2026年-2028年。"", ""服务标准"": ""按采购人要求，详见遴选文件。""}, {""序号"": ""序号"", ""供应商名称"": ""供应商名称"", ""服务名称"": ""服务名称"", ""服务范围"": ""服务范围"", ""服务要求"": ""服务要求"", ""服务时间"": ""服务时间"", ""服务标准"": ""服务标准""}, {""序号"": ""2"", ""供应商名称"": ""中国外运股份有限公司特种物流分公司"", ""服务名称"": ""中外文化和旅游交流中心运输供应商遴选采购项目"", ""服务范围"": ""货物自出库至全部运抵海外指定目的地并交付海外指定收货人为止的部分或全部服务内容，详见遴选文件。"", ""服务要求"": ""按采购人要求，详见遴选文件。"", ""服务时间"": ""3年，2026年-2028年。"", ""服务标准"": ""按采购人要求，详见遴选文件。""}, {""序号"": ""序号"", ""供应商名称"": ""供应商名称"", ""服务名称"": ""服务名称"", ""服务范围"": ""服务范围"", ""服务要求"": ""服务要求"", ""服务时间"": ""服务时间"", ""服务标准"": ""服务标准""}, {""序号"": ""3"", ""供应商名称"": ""中远海运航空货运代理有限公司"", ""服务名称"": ""中外文化和旅游交流中心运输供应商遴选采购项目"", ""服务范围"": ""货物自出库至全部运抵海外指定目的地并交付海外指定收货人为止的部分或全部服务内容，详见遴选文件。"", ""服务要求"": ""按采购人要求，详见遴选文件。"", ""服务时间"": ""3年，2026年-2028年。"", ""服务标准"": ""按采购人要求，详见遴选文件。""}, {""序号"": ""序号"", ""供应商名称"": ""供应商名称"", ""服务名称"": ""服务名称"", ""服务范围"": ""服务范围"", ""服务要求"": ""服务要求"", ""服务时间"": ""服务时间"", ""服务标准"": ""服务标准""}, {""序号"": ""4"", ""供应商名称"": ""顺通国际供应链管理（北京）有限公司"", ""服务名称"": ""中外文化和旅游交流中心运输供应商遴选采购项目"", ""服务范围"": ""货物自出库至全部运抵海外指定目的地并交付海外指定收货人为止的部分或全部服务内容，详见遴选文件。"", ""服务要求"": ""按采购人要求，详见遴选文件。"", ""服务时间"": ""3年，2026年-2028年。"", ""服务标准"": ""按采购人要求，详见遴选文件。""}, {""序号"": ""序号"", ""供应商名称"": ""供应商名称"", ""服务名称"": ""服务名称"", ""服务范围"": ""服务范围"", ""服务要求"": ""服务要求"", ""服务时间"": ""服务时间"", ""服务标准"": ""服务标准""}, {""序号"": ""5"", ""供应商名称"": ""深圳德坤物流有限公司"", ""服务名称"": ""中外文化和旅游交流中心运输供应商遴选采购项目"", ""服务范围"": ""货物自出库至全部运抵海外指定目的地并交付海外指定收货人为止的部分或全部服务内容，详见遴选文件。"", ""服务要求"": ""按采购人要求，详见遴选文件。"", ""服务时间"": ""3年，2026年-2028年。"", ""服务标准"": ""按采购人要求，详见遴选文件。""}, {""序号"": ""序号"", ""供应商名称"": ""供应商名称"", ""服务名称"": ""服务名称"", ""服务范围"": ""服务范围"", ""服务要求"": ""服务要求"", ""服务时间"": ""服务时间"", ""服务标准"": ""服务标准""}, {""序号"": ""6"", ""供应商名称"": ""火凤凰（北京）国际艺术品物流有限公司"", ""服务名称"": ""中外文化和旅游交流中心运输供应商遴选采购项目"", ""服务范围"": ""货物自出库至全部运抵海外指定目的地并交付海外指定收货人为止的部分或全部服务内容，详见遴选文件。"", ""服务要求"": ""按采购人要求，详见遴选文件。"", ""服务时间"": ""3年，2026年-2028年。"", ""服务标准"": ""按采购人要求，详见遴选文件。""}, {""序号"": ""序号"", ""供应商名称"": ""供应商名称"", ""服务名称"": ""服务名称"", ""服务范围"": ""服务范围"", ""服务要求"": ""服务要求"", ""服务时间"": ""服务时间"", ""服务标准"": ""服务标准""}, {""序号"": ""7"", ""供应商名称"": ""锦海捷亚国际货运有限公司"", ""服务名称"": ""中外文化和旅游交流中心运输供应商遴选采购项目"", ""服务范围"": ""货物自出库至全部运抵海外指定目的地并交付海外指定收货人为止的部分或全部服务内容，详见遴选文件。"", ""服务要求"": ""按采购人要求，详见遴选文件。"", ""服务时间"": ""3年，2026年-2028年。"", ""服务标准"": ""按采购人要求，详见遴选文件。""}, {""序号"": ""序号"", ""供应商名称"": ""供应商名称"", ""服务名称"": ""服务名称"", ""服务范围"": ""服务范围"", ""服务要求"": ""服务要求"", ""服务时间"": ""服务时间"", ""服务标准"": ""服务标准""}, {""序号"": ""8"", ""供应商名称"": ""中国邮政速递物流股份有限公司北京市分公司"", ""服务名称"": ""中外文化和旅游交流中心运输供应商遴选采购项目"", ""服务范围"": ""货物自出库至全部运抵海外指定目的地并交付海外指定收货人为止的部分或全部服务内容，详见遴选文件。"", ""服务要求"": ""按采购人要求，详见遴选文件。"", ""服务时间"": ""3年，2026年-2028年。"", ""服务标准"": ""按采购人要求，详见遴选文件。""}]",鲁晓春、王成林、李庆祥、罗萍、胡畅,8.0,北京塞尔国际货运代理有限公司、供应商名称、中国外运股份有限公司特种物流分公司、中远海运航空货运代理有限公司、顺通国际供应链管理（北京）有限公司、深圳德坤物流有限公司、火凤凰（北京）国际艺术品物流有限公司、锦海捷亚国际货运有限公司、中国邮政速递物流股份有限公司北京市分公司,,,,
北京交通大学智慧教学系统应用服务项目成交公告,成交公告,2025BGC-172-2623,2026年09月07日 15:37,北京市,北京交通大学,北京市海淀区上园村3号,陈老师 010-51683481,北京国金管理咨询有限公司,北京市丰台区五圈南路30号院1号楼北京海格通信产业园科研楼D座10层,刘佳、刘博威、刘莹、李捷、陶雪娇、张阳、张杰,刘佳、刘博威、刘莹、李捷、陶雪,15201303287,"中小企业声明函.pdf,（发售版）北京交通大学智慧教学系统应用服务项目_磋商文件0825.pdf,分项报价表.pdf","[{""attach_name"": ""中小企业声明函.pdf"", ""attach_url"": ""https://download.ccgp.gov.cn/oss/download?uuid=0C0D9D005A647F892508B7BA578A0D""}, {""attach_name"": ""（发售版）北京交通大学智慧教学系统应用服务项目_磋商文件0825.pdf"", ""attach_url"": ""https://download.ccgp.gov.cn/oss/download?uuid=0D86890841BAB0A1B458B158C39F64""}, {""attach_name"": ""分项报价表.pdf"", ""attach_url"": ""https://download.ccgp.gov.cn/oss/download?uuid=91E93D55C7E1C419F3E5BC6C217462""}]",https://www.ccgp.gov.cn/cggg/zygg/cjgg/202609/t20260907_27278541.htm,2026-09-10 09:37:24,一、项目编号：2025BGC-172-2623（招标文件编号：2025BGC-172-2623） 二、项目名称：北京交通大学智慧教学系统应用服务项目 三、中标（成交）信息 供应商名称：北京慕华信息科技有限公司供应商地址：北京市海淀区中关村东路1号院6号楼8层801室中标（成交）金额：19.5000000（万元）四、主要标的信息 序号    供应商名称      服务名称      服务范围      服务要求      服务时间      服务标准   1    北京慕华信息科技有限公司      智慧教学系统应用服务      详见磋商文件      详见磋商文件      签订合同后，中标方于30天内完成所有软件的安装开发工作。      行业标准                 五、评审专家（单一来源采购人员）名单： 佟举钢、关冲、徐飞 六、代理服务收费标准及金额： 本项目代理费收费标准：采购代理机构按原计价格[2002]1980号文、发改办价格[2003]857号文及发改价格[2011]534号文有关规定，向成交供应商收取成交服务费。成交服务费币种与中标签订合同的币种相同或采购代理机构同意的币种 本项目代理费总金额：0.292500 万元（人民币） 七、公告期限 自本公告发布之日起1个工作日。 八、其它补充事宜 1.成交人的评审总得分：96.002.本项目成交公告在《中国政府采购网》发布。 九、凡对本次公告内容提出询问，请按以下方式联系。 1.采购人信息 名 称：北京交通大学 地址：北京市海淀区上园村3号 联系方式：陈老师 010-51683481 2.采购代理机构信息 名 称：北京国金管理咨询有限公司 地 址：北京市丰台区五圈南路30号院1号楼北京海格通信产业园科研楼D座10层 联系方式：刘佳、刘博威、刘莹、李捷、陶雪娇、张阳、张杰 3.项目联系方式 项目联系人：刘佳、刘博威、刘莹、李捷、陶雪娇、张阳、张杰 电 话： 15201303287,教育培训,,中国政府采购网,,,,,,19.5,"[{""序号"": ""1"", ""供应商名称"": ""北京慕华信息科技有限公司"", ""服务名称"": ""智慧教学系统应用服务"", ""服务范围"": ""详见磋商文件"", ""服务要求"": ""详见磋商文件"", ""服务时间"": ""签订合同后，中标方于30天内完成所有软件的安装开发工作。"", ""服务标准"": ""行业标准""}]",佟举钢、关冲、徐飞,0.2925,北京慕华信息科技有限公司,,,,
北京交通大学净空环境智能感知技术成交结果公告,成交公告,2608-HXTC-IN1472,2026年09月07日 15:37,北京市,北京交通大学,北京市海淀区上园村3号,陈老师，010-51683481,北京宏信天诚国际招标有限公司,北京市海淀区复兴路乙12号中国铝业大厦11层1110室,赵洁、吴众为、闫文娟、彭怡、成歌、刘京、修海龙、陈博维、姬小雪、王思晨、杨晓楠、王东衍、郝路、刘海英、孙佳、王亚东、黄艳、陈曦、吉国侠、孙银英、李秋萍、王艳艳、王改茹、李想，010-63974645、63976753,赵洁、吴众为、闫文娟、彭怡、成,010-63974645、63976753,"2608-HXTC-IN1472【44 竞争性磋商文件】净空环境智能感知技术.docx,成交结果公告—净空环境智能感知技术IN1472.docx","[{""attach_name"": ""2608-HXTC-IN1472【44 竞争性磋商文件】净空环境智能感知技术.docx"", ""attach_url"": ""https://download.ccgp.gov.cn/oss/download?uuid=1FAAA0FEF86A4EE9AD7CFF6C3B2277""}, {""attach_name"": ""成交结果公告—净空环境智能感知技术IN1472.docx"", ""attach_url"": ""https://download.ccgp.gov.cn/oss/download?uuid=206F2EA636D25FC0A773705773EA66""}]",https://www.ccgp.gov.cn/cggg/zygg/cjgg/202609/t20260907_27278543.htm,2026-09-10 09:37:25,一、项目编号：2608-HXTC-IN1472（招标文件编号：2608-HXTC-IN1472） 二、项目名称：净空环境智能感知技术 三、中标（成交）信息 供应商名称：北京鑫源明创科技有限公司供应商地址：北京市朝阳区北辰69号峻峰华亭10层中标（成交）金额：43.9500000（万元）四、主要标的信息 序号    供应商名称      货物名称      货物品牌      货物型号      货物数量      货物单价(元)   1    北京鑫源明创科技有限公司      详见附件      详见附件      详见附件      详见附件      详见附件                 五、评审专家（单一来源采购人员）名单： 郑军、彭实、陈世东 六、代理服务收费标准及金额： 本项目代理费收费标准：详见竞争性磋商文件 本项目代理费总金额：0.659250 万元（人民币） 七、公告期限 自本公告发布之日起1个工作日。 八、其它补充事宜 1.成交服务费缴纳账户开户名（全称）：北京宏信天诚国际招标有限公司开户银行：北京银行股份有限公司清华园支行账号（人民币）：200000622749001061533822.成交供应商评审得分：76.67分        3.财务邮箱：hxtccw@126.com 九、凡对本次公告内容提出询问，请按以下方式联系。 1.采购人信息 名 称：北京交通大学 地址：北京市海淀区上园村3号 联系方式：陈老师，010-51683481 2.采购代理机构信息 名 称：北京宏信天诚国际招标有限公司 地 址：北京市海淀区复兴路乙12号中国铝业大厦11层1110室 联系方式：赵洁、吴众为、闫文娟、彭怡、成歌、刘京、修海龙、陈博维、姬小雪、王思晨、杨晓楠、王东衍、郝路、刘海英、孙佳、王亚东、黄艳、陈曦、吉国侠、孙银英、李秋萍、王艳艳、王改茹、李想，010-63974645、63976753 3.项目联系方式 项目联系人：赵洁、吴众为、闫文娟、彭怡、成歌、刘京、修海龙、陈博维、姬小雪、王思晨、杨晓楠、王东衍、郝路、刘海英、孙佳、王亚东、黄艳、陈曦、吉国侠、孙银英、李秋萍、王艳艳、王改茹、李想 电 话： 010-63974645、63976753,教育培训,,中国政府采购网,,,,,,43.95,"[{""序号"": ""1"", ""供应商名称"": ""北京鑫源明创科技有限公司"", ""货物名称"": ""详见附件"", ""货物品牌"": ""详见附件"", ""货物型号"": ""详见附件"", ""货物数量"": ""详见附件"", ""货物单价(元)"": ""详见附件""}]",郑军、彭实、陈世东,0.65925,北京鑫源明创科技有限公司,,,,
陇南市消防救援支队成县大队购买人身意外伤害保险项目成交公告,成交公告,GSXTDL-2026-045,2026年09月07日 15:32,市辖区,陇南市消防救援支队,甘肃省陇南市武都区汉王镇杨家坝村,陈文林 0939-8262838,甘肃鑫泰项目管理咨询有限公司,甘肃省陇南市武都区东江镇阶州大道36号金鹏宇财富中心1601号,孙涛涛  19993989161,陈文林,0939-8262838,"报价明细表.pdf,成县大队购买人身意外伤害保险项目竞争性磋商文件.pdf","[{""attach_name"": ""报价明细表.pdf"", ""attach_url"": ""https://download.ccgp.gov.cn/oss/download?uuid=E84ECBFB0BE023DE1B8EBF9CDFB5EF""}, {""attach_name"": ""成县大队购买人身意外伤害保险项目竞争性磋商文件.pdf"", ""attach_url"": ""https://download.ccgp.gov.cn/oss/download?uuid=2352D5BE0193984B1CC068896D303A""}]",https://www.ccgp.gov.cn/cggg/zygg/cjgg/202609/t20260907_27278436.htm,2026-09-10 09:37:26,一、项目编号：GSXTDL-2026-045（招标文件编号：GSXTDL-2026-045） 二、项目名称：成县大队购买人身意外伤害保险项目 三、中标（成交）信息 供应商名称：中国人民财产保险股份有限公司陇南市分公司供应商地址：甘肃省陇南市武都区盘旋东路中标（成交）金额：27.2094000（万元）四、主要标的信息 序号    供应商名称      服务名称      服务范围      服务要求      服务时间      服务标准   1    中国人民财产保险股份有限公司陇南市分公司      详见附件      详见附件      详见附件      详见附件      详见附件                 五、评审专家（单一来源采购人员）名单： 杨二强、王鹏鹏、陈文林 六、代理服务收费标准及金额： 本项目代理费收费标准：参考国家标准 本项目代理费总金额：0.300000 万元（人民币） 七、公告期限 自本公告发布之日起1个工作日。 八、其它补充事宜 无 九、凡对本次公告内容提出询问，请按以下方式联系。 1.采购人信息 名 称：陇南市消防救援支队 地址：甘肃省陇南市武都区汉王镇杨家坝村 联系方式：陈文林 0939-8262838 2.采购代理机构信息 名 称：甘肃鑫泰项目管理咨询有限公司 地 址：甘肃省陇南市武都区东江镇阶州大道36号金鹏宇财富中心1601号 联系方式：孙涛涛 19993989161 3.项目联系方式 项目联系人：陈文林 电 话： 0939-8262838,公共安全,,中国政府采购网,,,,,,27.2094,"[{""序号"": ""1"", ""供应商名称"": ""中国人民财产保险股份有限公司陇南市分公司"", ""服务名称"": ""详见附件"", ""服务范围"": ""详见附件"", ""服务要求"": ""详见附件"", ""服务时间"": ""详见附件"", ""服务标准"": ""详见附件""}]",杨二强、王鹏鹏、陈文林,0.3,中国人民财产保险股份有限公司陇南市分公司,,,,
乌鲁木齐铁路公安局哈密公安处遴选宣传用品及印刷品采购定点供应商竞争性磋商公告（二次）成交公告,成交公告,HMSJL-B2026-25,2026年09月07日 15:31,哈密市,乌鲁木齐铁路公安局哈密公安处,哈密市,李先生0902-7123828,哈密市建设工程监理有限责任公司,哈密市伊州区向阳东路金星大厦2单元4楼,姚丽娇18999685475,李先生,0902-7123828,乌鲁木齐铁路公安局哈密公安处遴选宣传用品及印刷品采购定点供应商（二次）竞争性磋商文件.pdf,"[{""attach_name"": ""乌鲁木齐铁路公安局哈密公安处遴选宣传用品及印刷品采购定点供应商（二次）竞争性磋商文件.pdf"", ""attach_url"": ""https://download.ccgp.gov.cn/oss/download?uuid=4D6155D65610ACC16B1559862CF12E""}]",https://www.ccgp.gov.cn/cggg/zygg/cjgg/202609/t20260907_27278398.htm,2026-09-10 09:37:26,"一、项目编号：HMSJL-B2026-25（招标文件编号：HMSJL-B2026-25） 二、项目名称：乌鲁木齐铁路公安局哈密公安处遴选宣传用品及印刷品采购定点供应商竞争性磋商公告（二次） 三、中标（成交）信息 供应商名称：哈密浩博广告设计有限公司供应商地址：新疆哈密市伊州区哈密益寿路3号院龙滨花苑1栋底商17号中标（成交）金额：2.8869270（万元）四、主要标的信息 序号    供应商名称      服务名称      服务范围      服务要求      服务时间      服务标准   1    哈密浩博广告设计有限公司      乌鲁木齐铁路公安局哈密公安处遴选宣传用品及印刷品采购定点供应商（二次）      按商品清单供应，据实结算。（具体详见磋商文件）      满足采购人要求      1年      满足采购人要求                 五、评审专家（单一来源采购人员）名单： 张凤、刘朝荣、王天亮 六、代理服务收费标准及金额： 本项目代理费收费标准：按【国家发展改革委关于进一步放开建设项目专业服务价格的通知】发改价格[2015]299号）,并参照国家发展计划委员会计价格[2002]1980号文计算。 本项目代理费总金额：0.600000 万元（人民币） 七、公告期限 自本公告发布之日起1个工作日。 八、其它补充事宜 九、凡对本次公告内容提出询问，请按以下方式联系。 1.采购人信息 名 称：乌鲁木齐铁路公安局哈密公安处 地址：哈密市 联系方式：李先生0902-7123828 2.采购代理机构信息 名 称：哈密市建设工程监理有限责任公司 地 址：哈密市伊州区向阳东路金星大厦2单元4楼 联系方式：姚丽娇18999685475 3.项目联系方式 项目联系人：李先生 电 话： 0902-7123828",公共安全,,中国政府采购网,,,,,,2.886927,"[{""序号"": ""1"", ""供应商名称"": ""哈密浩博广告设计有限公司"", ""服务名称"": ""乌鲁木齐铁路公安局哈密公安处遴选宣传用品及印刷品采购定点供应商（二次）"", ""服务范围"": ""按商品清单供应，据实结算。（具体详见磋商文件）"", ""服务要求"": ""满足采购人要求"", ""服务时间"": ""1年"", ""服务标准"": ""满足采购人要求""}]",张凤、刘朝荣、王天亮,0.6,哈密浩博广告设计有限公司,,,,
广东省湛江农垦第二医院旧信息科、旧儿科楼改造项目成交公告,成交公告,0692-2631ZJ095371,2026年09月07日 15:29,湛江农垦,广东省湛江农垦第二医院,广东省雷州市龙门镇,沈先生0759-8534200,广东省机电设备招标中心有限公司,广东省湛江市赤坎区体育北路15号湛江商务大厦11楼1105房,马工、项工0759-2324210、2110313,沈先生,0759-8534200,"广东省湛江农垦第二医院旧信息科、旧儿科楼改造项目--定稿.zip,中小企业声明函.pdf,报价明细.pdf,招标代理合同.pdf","[{""attach_name"": ""广东省湛江农垦第二医院旧信息科、旧儿科楼改造项目--定稿.zip"", ""attach_url"": ""https://download.ccgp.gov.cn/oss/download?uuid=2C85547D63292BA52C6ACDB84F21E1""}, {""attach_name"": ""中小企业声明函.pdf"", ""attach_url"": ""https://download.ccgp.gov.cn/oss/download?uuid=4C758A7A5610206126DCB57F97DA68""}, {""attach_name"": ""报价明细.pdf"", ""attach_url"": ""https://download.ccgp.gov.cn/oss/download?uuid=CA44E683E9A176B6751AFC8E4EF80B""}, {""attach_name"": ""招标代理合同.pdf"", ""attach_url"": ""https://download.ccgp.gov.cn/oss/download?uuid=768FD2FF065EC3A97EDDD9FF211B3C""}]",https://www.ccgp.gov.cn/cggg/zygg/cjgg/202609/t20260907_27278353.htm,2026-09-10 09:37:27,一、项目编号：0692-2631ZJ095371（招标文件编号：0692-2631ZJ095371） 二、项目名称：广东省湛江农垦第二医院旧信息科、旧儿科楼改造项目 三、中标（成交）信息 供应商名称：湛江经济技术开发区耀华建筑装饰工程公司供应商地址：湛江市人民大道中45号祺祥大厦M层中标（成交）金额：390.1680000（万元）四、主要标的信息 序号    供应商名称     工程名称     施工范围     施工工期     项目经理     执业证书 1    湛江经济技术开发区耀华建筑装饰工程公司    广东省湛江农垦第二医院旧信息科、旧儿科楼改造项目    广东省湛江农垦第二医院旧信息科、旧儿科楼改造项目根据采购人所提供的用户需求书、设计图纸、工程量清单等内容，由承包人包工、包料、包工期、包质量、包安全、包文明施工，包通过验收且验收合格。    105个日历天    张海成    粤2442010201004578               五、评审专家（单一来源采购人员）名单： 甄小云、宣承健、沈立王（采购人代表） 六、代理服务收费标准及金额： 本项目代理费收费标准：以中标（成交）金额为基准，按工程招标收费标准，差额定率累进法进行计算。如中标金额为500万元，代理服务费=100万元×1%+（500-100）万元×0.7%=3.8万元。 本项目代理费总金额：3.031176 万元（人民币） 七、公告期限 自本公告发布之日起1个工作日。 八、其它补充事宜 供应商 资格性审查 符合性审查 技术得分（50分） 商务得分（25分） 价格得分（20分） 综合得分（100分） 得分排名 推荐排名 广东鲲健工程有限公司 通过 通过 25.50 25.00 20.00 70.50 3 25.50 广东省湛江农垦建设集团有限公司 通过 通过 45.67 25.00 19.98 90.64 2 45.67 广东益峰建设有限公司 通过 通过 23.33 25.00 19.97 68.30 4 23.33 湛江经济技术开发区耀华建筑装饰工程公司 通过 通过 48.00 25.00 19.97 92.97 1 48.00 九、凡对本次公告内容提出询问，请按以下方式联系。 1.采购人信息 名 称：广东省湛江农垦第二医院 地址：广东省雷州市龙门镇 联系方式：沈先生0759-8534200 2.采购代理机构信息 名 称：广东省机电设备招标中心有限公司 地 址：广东省湛江市赤坎区体育北路15号湛江商务大厦11楼1105房 联系方式：马工、项工0759-2324210、2110313 3.项目联系方式 项目联系人：沈先生 电 话： 0759-8534200,医疗卫生,,中国政府采购网,,,,,,390.168,"[{""序号"": ""1"", ""供应商名称"": ""湛江经济技术开发区耀华建筑装饰工程公司"", ""工程名称"": ""广东省湛江农垦第二医院旧信息科、旧儿科楼改造项目"", ""施工范围"": ""广东省湛江农垦第二医院旧信息科、旧儿科楼改造项目根据采购人所提供的用户需求书、设计图纸、工程量清单等内容，由承包人包工、包料、包工期、包质量、包安全、包文明施工，包通过验收且验收合格。"", ""施工工期"": ""105个日历天"", ""项目经理"": ""张海成"", ""执业证书"": ""粤2442010201004578""}, {""供应商"": ""广东鲲健工程有限公司"", ""资格性审查"": ""通过"", ""符合性审查"": ""通过"", ""技术得分（50分）"": ""25.50"", ""商务得分（25分）"": ""25.00"", ""价格得分（20分）"": ""20.00"", ""综合得分（100分）"": ""70.50"", ""得分排名"": ""3"", ""推荐排名"": ""25.50""}, {""供应商"": ""广东省湛江农垦建设集团有限公司"", ""资格性审查"": ""通过"", ""符合性审查"": ""通过"", ""技术得分（50分）"": ""45.67"", ""商务得分（25分）"": ""25.00"", ""价格得分（20分）"": ""19.98"", ""综合得分（100分）"": ""90.64"", ""得分排名"": ""2"", ""推荐排名"": ""45.67""}, {""供应商"": ""广东益峰建设有限公司"", ""资格性审查"": ""通过"", ""符合性审查"": ""通过"", ""技术得分（50分）"": ""23.33"", ""商务得分（25分）"": ""25.00"", ""价格得分（20分）"": ""19.97"", ""综合得分（100分）"": ""68.30"", ""得分排名"": ""4"", ""推荐排名"": ""23.33""}, {""供应商"": ""湛江经济技术开发区耀华建筑装饰工程公司"", ""资格性审查"": ""通过"", ""符合性审查"": ""通过"", ""技术得分（50分）"": ""48.00"", ""商务得分（25分）"": ""25.00"", ""价格得分（20分）"": ""19.97"", ""综合得分（100分）"": ""92.97"", ""得分排名"": ""1"", ""推荐排名"": ""48.00""}]",甄小云、宣承健、沈立王（采购人代表）,3.031176,湛江经济技术开发区耀华建筑装饰工程公司、广东鲲健工程有限公司、广东省湛江农垦建设集团有限公司、广东益峰建设有限公司,,,,
江西明台项目咨询管理有限公司关于江西省地震局监测站点数据传输电路租赁服务项目3包（项目编号：JXMT20260819B-04）竞争性谈判成交公告,成交公告,JXMT20260819B-04,2026年09月07日 15:27,南昌市,江西省地震局,南昌市昌东大道6929号,万先生 0791-88621955,江西明台项目咨询管理有限公司,江西省南昌市西湖区沿江南大道国金滨江云中心（朝阳中心）3116室,夏志勇、吴周艳、唐正、史济荣 0791-88228222/88228333,夏志勇、吴周艳、唐正、史济荣,0791-88228222,,,https://www.ccgp.gov.cn/cggg/zygg/cjgg/202609/t20260907_27278318.htm,2026-09-10 09:37:28,一、项目编号：JXMT20260819B-04（招标文件编号：JXMT20260819B-04） 二、项目名称：江西省地震局监测站点数据传输电路租赁服务项目3包 三、中标（成交）信息 供应商名称：中国电信股份有限公司江西分公司供应商地址：江西省南昌市青山湖区北京东路2009号中标（成交）金额：17.5668000（万元）四、主要标的信息 序号    供应商名称      服务名称      服务范围      服务要求      服务时间      服务标准   1    中国电信股份有限公司江西分公司      江西省地震局监测站点数据传输电路租赁服务项目3包      江西省地震局监测站点数据传输电路租赁服务      按相关国家法律法规和有关技术标准提供电路租赁服务，保证江西省地震局租用电路的畅通。      部分数据通信电路均需要在9月30日前完成建设，并试运行一个月，从11月1日开始计费，具体时间详见电路清单。      符合国家标准、行业规范和合同等相关文件的要求。                 五、评审专家（单一来源采购人员）名单： 徐荣、陈春生、周红艳（业主评委） 六、代理服务收费标准及金额： 本项目代理费收费标准：代理服务费由成交供应商按预算金额的标准交纳代理服务费，根据国家财政部、国家计委、国家物价局（2002）1980号，国家发改委（2003）857号等文件规定计算的价格6折收取。不足叁仟元按叁仟元计算。 本项目代理费总金额：0.300000 万元（人民币） 七、公告期限 自本公告发布之日起1个工作日。 八、其它补充事宜 供应商联系人：王丽供应商联系电话：18979176599 九、凡对本次公告内容提出询问，请按以下方式联系。 1.采购人信息 名 称：江西省地震局 地址：南昌市昌东大道6929号 联系方式：万先生 0791-88621955 2.采购代理机构信息 名 称：江西明台项目咨询管理有限公司 地 址：江西省南昌市西湖区沿江南大道国金滨江云中心（朝阳中心）3116室 联系方式：夏志勇、吴周艳、唐正、史济荣 0791-88228222/88228333 3.项目联系方式 项目联系人：夏志勇、吴周艳、唐正、史济荣 电 话： 0791-88228222/88228333,服务外包,,中国政府采购网,,,,,,17.5668,"[{""序号"": ""1"", ""供应商名称"": ""中国电信股份有限公司江西分公司"", ""服务名称"": ""江西省地震局监测站点数据传输电路租赁服务项目3包"", ""服务范围"": ""江西省地震局监测站点数据传输电路租赁服务"", ""服务要求"": ""按相关国家法律法规和有关技术标准提供电路租赁服务，保证江西省地震局租用电路的畅通。"", ""服务时间"": ""部分数据通信电路均需要在9月30日前完成建设，并试运行一个月，从11月1日开始计费，具体时间详见电路清单。"", ""服务标准"": ""符合国家标准、行业规范和合同等相关文件的要求。""}]",徐荣、陈春生、周红艳（业主评委）,0.3,中国电信股份有限公司江西分公司,,,,
江西明台项目咨询管理有限公司关于江西省地震局监测站点数据传输电路租赁服务项目2包（项目编号：JXMT20260819B-03）竞争性谈判成交公告,成交公告,JXMT20260819B-03,2026年09月07日 15:26,南昌市,江西省地震局,南昌市昌东大道6929号,万先生 0791-88621955,江西明台项目咨询管理有限公司,江西省南昌市西湖区沿江南大道国金滨江云中心（朝阳中心）3116室,夏志勇、吴周艳、唐正、史济荣 0791-88228222/88228333,夏志勇、吴周艳、唐正、史济荣,0791-88228222,,,https://www.ccgp.gov.cn/cggg/zygg/cjgg/202609/t20260907_27278329.htm,2026-09-10 09:37:28,一、项目编号：JXMT20260819B-03（招标文件编号：JXMT20260819B-03） 二、项目名称：江西省地震局监测站点数据传输电路租赁服务项目2包 三、中标（成交）信息 供应商名称：中国移动通信集团江西有限公司供应商地址：江西省南昌市西湖区子安路58号中标（成交）金额：22.2252000（万元）四、主要标的信息 序号    供应商名称      服务名称      服务范围      服务要求      服务时间      服务标准   1    中国移动通信集团江西有限公司      江西省地震局监测站点数据传输电路租赁服务项目2包      江西省地震局监测站点数据传输电路租赁服务      按相关国家法律法规和有关技术标准提供电路租赁服务，保证江西省地震局租用电路的畅通。      部分数据通信电路均需要在9月30日前完成建设，并试运行一个月，从11月1日开始计费，具体时间详见电路清单。      符合国家标准、行业规范和合同等相关文件的要求。                 五、评审专家（单一来源采购人员）名单： 徐荣、陈春生、周红艳（业主评委） 六、代理服务收费标准及金额： 本项目代理费收费标准：代理服务费由成交供应商按预算金额的标准交纳代理服务费，根据国家财政部、国家计委、国家物价局（2002）1980号，国家发改委（2003）857号等文件规定计算的价格6折收取。不足叁仟元按叁仟元计算。 本项目代理费总金额：0.300000 万元（人民币） 七、公告期限 自本公告发布之日起1个工作日。 八、其它补充事宜 供应商联系人：卢群供应商联系电话：15870687931 九、凡对本次公告内容提出询问，请按以下方式联系。 1.采购人信息 名 称：江西省地震局 地址：南昌市昌东大道6929号 联系方式：万先生 0791-88621955 2.采购代理机构信息 名 称：江西明台项目咨询管理有限公司 地 址：江西省南昌市西湖区沿江南大道国金滨江云中心（朝阳中心）3116室 联系方式：夏志勇、吴周艳、唐正、史济荣 0791-88228222/88228333 3.项目联系方式 项目联系人：夏志勇、吴周艳、唐正、史济荣 电 话： 0791-88228222/88228333,服务外包,,中国政府采购网,,,,,,22.2252,"[{""序号"": ""1"", ""供应商名称"": ""中国移动通信集团江西有限公司"", ""服务名称"": ""江西省地震局监测站点数据传输电路租赁服务项目2包"", ""服务范围"": ""江西省地震局监测站点数据传输电路租赁服务"", ""服务要求"": ""按相关国家法律法规和有关技术标准提供电路租赁服务，保证江西省地震局租用电路的畅通。"", ""服务时间"": ""部分数据通信电路均需要在9月30日前完成建设，并试运行一个月，从11月1日开始计费，具体时间详见电路清单。"", ""服务标准"": ""符合国家标准、行业规范和合同等相关文件的要求。""}]",徐荣、陈春生、周红艳（业主评委）,0.3,中国移动通信集团江西有限公司,,,,
江西明台项目咨询管理有限公司关于江西省地震局监测站点数据传输电路租赁服务项目1包（项目编号：JXMT20260819B-02）竞争性谈判成交公告,成交公告,JXMT20260819B-02,2026年09月07日 15:26,南昌市,江西省地震局,南昌市昌东大道6929号,万先生 0791-88621955,江西明台项目咨询管理有限公司,江西省南昌市西湖区沿江南大道国金滨江云中心（朝阳中心）3116室,夏志勇、吴周艳、唐正、史济荣 0791-88228222/88228333,夏志勇、吴周艳、唐正、史济荣,0791-88228222,,,https://www.ccgp.gov.cn/cggg/zygg/cjgg/202609/t20260907_27278327.htm,2026-09-10 09:37:29,一、项目编号：JXMT20260819B-02（招标文件编号：JXMT20260819B-02） 二、项目名称：江西省地震局监测站点数据传输电路租赁服务项目1包 三、中标（成交）信息 供应商名称：中国联合网络通信有限公司江西省分公司供应商地址：江西省南昌市高新区火炬大街566号中标（成交）金额：42.4680000（万元）四、主要标的信息 序号    供应商名称      服务名称      服务范围      服务要求      服务时间      服务标准   1    中国联合网络通信有限公司江西省分公司      江西省地震局监测站点数据传输电路租赁服务项目1包      江西省地震局监测站点数据传输电路租赁服务      按相关国家法律法规和有关技术标准提供电路租赁服务，保证江西省地震局租用电路的畅通。      部分数据通信电路均需要在9月30日前完成建设，并试运行一个月，从11月1日开始计费，具体时间详见电路清单。      符合国家标准、行业规范和合同等相关文件的要求。                 五、评审专家（单一来源采购人员）名单： 徐荣、陈春生、周红艳（业主评委） 六、代理服务收费标准及金额： 本项目代理费收费标准：代理服务费由成交供应商按预算金额的标准交纳代理服务费，根据国家财政部、国家计委、国家物价局（2002）1980号，国家发改委（2003）857号等文件规定计算的价格6折收取。 本项目代理费总金额：0.382428 万元（人民币） 七、公告期限 自本公告发布之日起1个工作日。 八、其它补充事宜 供应商联系人：陈津供应商联系电话：18679101352 九、凡对本次公告内容提出询问，请按以下方式联系。 1.采购人信息 名 称：江西省地震局 地址：南昌市昌东大道6929号 联系方式：万先生 0791-88621955 2.采购代理机构信息 名 称：江西明台项目咨询管理有限公司 地 址：江西省南昌市西湖区沿江南大道国金滨江云中心（朝阳中心）3116室 联系方式：夏志勇、吴周艳、唐正、史济荣 0791-88228222/88228333 3.项目联系方式 项目联系人：夏志勇、吴周艳、唐正、史济荣 电 话： 0791-88228222/88228333,服务外包,,中国政府采购网,,,,,,42.468,"[{""序号"": ""1"", ""供应商名称"": ""中国联合网络通信有限公司江西省分公司"", ""服务名称"": ""江西省地震局监测站点数据传输电路租赁服务项目1包"", ""服务范围"": ""江西省地震局监测站点数据传输电路租赁服务"", ""服务要求"": ""按相关国家法律法规和有关技术标准提供电路租赁服务，保证江西省地震局租用电路的畅通。"", ""服务时间"": ""部分数据通信电路均需要在9月30日前完成建设，并试运行一个月，从11月1日开始计费，具体时间详见电路清单。"", ""服务标准"": ""符合国家标准、行业规范和合同等相关文件的要求。""}]",徐荣、陈春生、周红艳（业主评委）,0.382428,中国联合网络通信有限公司江西省分公司,,,,
中国人民银行山西省分行国库非现场监管应用二期服务项目成交公告,成交公告,HP260901-111,2026年09月07日 15:24,迎泽区,中国人民银行山西省分行,太原市迎泽大街135号,程女士、15536836043,山西华普项目管理有限公司,山西省太原市体育西路288号茂业天地小区6号楼1504室,程娟、15536836043,程女士,15536836043,,,https://www.ccgp.gov.cn/cggg/zygg/cjgg/202609/t20260907_27278304.htm,2026-09-10 09:37:30,一、项目编号：HP260901-111（招标文件编号：HP260901-111） 二、项目名称：中国人民银行山西省分行国库非现场监管应用二期服务项目 三、中标（成交）信息 供应商名称：北京青麦科技有限公司供应商地址：北京市朝阳区广顺北大街五号院内32号B座2层A201室中标（成交）金额：48.0000000（万元）四、主要标的信息 序号    供应商名称      服务名称      服务范围      服务要求      服务时间      服务标准   1    北京青麦科技有限公司      中国人民银行山西省分行国库非现场监管应用二期服务项目      山西省各级国库。      1.实施服务：开发、部署，联调测试、数据对接迁移、试运行保障。 2.培训服务：面向国库、商业银行使用人员开展操作培训，提供操作手册等全套文档。 3.质保运维服务：质保期内提供故障响应、缺陷修复、版本维护、技术咨询等服务。 4.安全保密要求：遵守政务系统安全、国库敏感数据管理，做好人员保密管理。      自合同签订之日起1个月内完成系统建设，达到初验条件；初验合格后进行不少于3个月的试运行，试运行合格后进行终验。       合格，满足国家及行业相关标准。                 五、评审专家（单一来源采购人员）名单： 郭丽霞、谷守文、李桐 六、代理服务收费标准及金额： 本项目代理费收费标准：代理服务费标准参照原国家发展计划委员会《招标代理服务收费管理暂行办法通知》（计价格[2002]1980号文）、发改办价格[2003]857号和发改价格[2011]534号文件的66%规定计取，由成交供应商在领取成交通知书时一次性支付给采购代理公司。 本项目代理费总金额：0.475200 万元（人民币） 七、公告期限 自本公告发布之日起1个工作日。 八、其它补充事宜 / 九、凡对本次公告内容提出询问，请按以下方式联系。 1.采购人信息 名 称：中国人民银行山西省分行 地址：太原市迎泽大街135号 联系方式：程女士、15536836043 2.采购代理机构信息 名 称：山西华普项目管理有限公司 地 址：山西省太原市体育西路288号茂业天地小区6号楼1504室 联系方式：程娟、15536836043 3.项目联系方式 项目联系人：程女士 电 话： 15536836043,教育培训,,中国政府采购网,,,,,,48.0,"[{""序号"": ""1"", ""供应商名称"": ""北京青麦科技有限公司"", ""服务名称"": ""中国人民银行山西省分行国库非现场监管应用二期服务项目"", ""服务范围"": ""山西省各级国库。"", ""服务要求"": ""1.实施服务：开发、部署，联调测试、数据对接迁移、试运行保障。\t\t\t2.培训服务：面向国库、商业银行使用人员开展操作培训，提供操作手册等全套文档。\t\t\t3.质保运维服务：质保期内提供故障响应、缺陷修复、版本维护、技术咨询等服务。\t\t\t4.安全保密要求：遵守政务系统安全、国库敏感数据管理，做好人员保密管理。"", ""服务时间"": ""自合同签订之日起1个月内完成系统建设，达到初验条件；初验合格后进行不少于3个月的试运行，试运行合格后进行终验。"", ""服务标准"": ""合格，满足国家及行业相关标准。""}]",郭丽霞、谷守文、李桐,0.4752,北京青麦科技有限公司,,,,
潍坊滨海经济技术开发区消防救援大队海化街消防救援站改造项目成交公告,成交公告,,2026年09月07日 15:13,滨海经济技术开发区,潍坊滨海经济技术开发区消防救援大队,山东省潍坊市寒亭区央子街道北海支路02688号,王主任0536-5270930,潍坊金诚工程项目管理有限公司,潍坊市坊子区亚特尔智汇城北门第二排沿街房7-06三楼,郑经理17860283903,郑经理,17860283903,定稿-潍坊滨海经济技术开发区消防救援大队海化街消防救援站改造项目竞争性磋商文件.doc,"[{""attach_name"": ""定稿-潍坊滨海经济技术开发区消防救援大队海化街消防救援站改造项目竞争性磋商文件.doc"", ""attach_url"": ""https://download.ccgp.gov.cn/oss/download?uuid=DADB47757752B5D54DC7947E2BF1D3""}]",https://www.ccgp.gov.cn/cggg/zygg/cjgg/202609/t20260907_27278159.htm,2026-09-10 09:37:31,一、项目编号：金诚【工程】2026013（招标文件编号：金诚【工程】2026013） 二、项目名称：潍坊滨海经济技术开发区消防救援大队海化街消防救援站改造项目 三、中标（成交）信息 供应商名称：山东福顺诚装饰工程有限公司供应商地址：山东省潍坊市寒亭区亚星路3299号潍坊文化创意产业园9#615室、617室中标（成交）金额：40.6000000（万元）四、主要标的信息 序号    供应商名称       工程名称       施工范围       施工工期       项目经理       执业证书   1    山东福顺诚装饰工程有限公司      潍坊滨海经济技术开发区消防救援大队海化街消防救援站改造项目      执行采购人要求      执行采购人要求      管延强      鲁1372023202401147                 五、评审专家（单一来源采购人员）名单： 张付华、李安慧、代学祥（采购人代表） 六、代理服务收费标准及金额： 本项目代理费收费标准：详见竞争性磋商文件 本项目代理费总金额：0.400000 万元（人民币） 七、公告期限 自本公告发布之日起1个工作日。 八、其它补充事宜 无。 九、凡对本次公告内容提出询问，请按以下方式联系。 1.采购人信息 名 称：潍坊滨海经济技术开发区消防救援大队 地址：山东省潍坊市寒亭区央子街道北海支路02688号 联系方式：王主任0536-5270930 2.采购代理机构信息 名 称：潍坊金诚工程项目管理有限公司 地 址：潍坊市坊子区亚特尔智汇城北门第二排沿街房7-06三楼 联系方式：郑经理17860283903 3.项目联系方式 项目联系人：郑经理 电 话： 17860283903,公共安全,,中国政府采购网,,,,,,40.6,"[{""序号"": ""1"", ""供应商名称"": ""山东福顺诚装饰工程有限公司"", ""工程名称"": ""潍坊滨海经济技术开发区消防救援大队海化街消防救援站改造项目"", ""施工范围"": ""执行采购人要求"", ""施工工期"": ""执行采购人要求"", ""项目经理"": ""管延强"", ""执业证书"": ""鲁1372023202401147""}]",张付华、李安慧、代学祥（采购人代表）,0.4,山东福顺诚装饰工程有限公司,,,,
瓮安县消防救援大队采购食堂主、副食品集中配送服务项目成交公告,成交公告,,2026年09月07日 15:12,瓮安县,瓮安县消防救援大队,贵州省黔南州瓮安县雍阳街道办事处疾控中心旁,冯益雄15772443283,中轩项目管理有限公司,陕西省西安市莲湖区未央路99号荣民中央国际10层1001室,邓小玉15329248567,冯益雄,15772443283,,,https://www.ccgp.gov.cn/cggg/zygg/cjgg/202609/t20260907_27278156.htm,2026-09-10 09:37:31,"一、项目编号：（招标文件编号：P52272520260009TJ） 二、项目名称：瓮安县消防救援大队采购食堂主、副食品集中配送服务项目 三、中标（成交）信息 供应商名称：贵州季永福购物广场有限公司供应商地址：贵州省黔南布依族苗族自治州瓮安县瓮水办事处中心社区靖沣壹號C区一层包组或产品名称：生鲜食材下浮率(%)：13.0000000 供应商名称：贵州季永福购物广场有限公司供应商地址：贵州省黔南布依族苗族自治州瓮安县瓮水办事处中心社区靖沣壹號C区一层包组或产品名称：预包装食材下浮率(%)：14.0000000四、主要标的信息 序号    供应商名称      服务名称      服务范围      服务要求      服务时间      服务标准   1    贵州季永福购物广场有限公司      生鲜食材配送      生鲜食材配送      符合现行的国家相关标准、行业标准、地方标准等以及采购人的要求      1 年(合同到期后，甲方根据服务质量、服务效率、配合程度开展综合考评，考评结果为满意的，可予以续签，续签不超过两次，整体服务周期累计最长不超过3年。）      符合现行的国家相关标准、行业标准、地方标准等以及采购人的要求                 序号    供应商名称      服务名称      服务范围      服务要求      服务时间      服务标准   2    贵州季永福购物广场有限公司      预包装食材配送      预包装食材配送      符合现行的国家相关标准、行业标准、地方标准等以及采购人的要求      1 年(合同到期后，甲方根据服务质量、服务效率、配合程度开展综合考评，考评结果为满意的，可予以续签，续签不超过两次，整体服务周期累计最长不超过3年。）      符合现行的国家相关标准、行业标准、地方标准等以及采购人的要求                 五、评审专家（单一来源采购人员）名单： 袁军、黎红英 、韦武昌 六、代理服务收费标准及金额： 本项目代理费收费标准：代理服务费：参照《贵州省招标采购协会招标（采购）代理服务收费指南（试行）》（黔招协〔2025〕35 号）文件要求 ,以本项目预算金额作为代理服务费的计算基数，下浮2 0%计取，由成交供应商领取中标通知书时支付 本项目代理费总金额：1.291224 万元（人民币） 七、公告期限 自本公告发布之日起1个工作日。 八、其它补充事宜 九、凡对本次公告内容提出询问，请按以下方式联系。 1.采购人信息 名 称：瓮安县消防救援大队 地址：贵州省黔南州瓮安县雍阳街道办事处疾控中心旁 联系方式：冯益雄15772443283 2.采购代理机构信息 名 称：中轩项目管理有限公司 地 址：陕西省西安市莲湖区未央路99号荣民中央国际10层1001室 联系方式：邓小玉15329248567 3.项目联系方式 项目联系人：冯益雄 电 话： 15772443283",公共安全,,中国政府采购网,,,,,,0.0,"[{""序号"": ""1"", ""供应商名称"": ""贵州季永福购物广场有限公司"", ""服务名称"": ""生鲜食材配送"", ""服务范围"": ""生鲜食材配送"", ""服务要求"": ""符合现行的国家相关标准、行业标准、地方标准等以及采购人的要求"", ""服务时间"": ""1 年(合同到期后，甲方根据服务质量、服务效率、配合程度开展综合考评，考评结果为满意的，可予以续签，续签不超过两次，整体服务周期累计最长不超过3年。）"", ""服务标准"": ""符合现行的国家相关标准、行业标准、地方标准等以及采购人的要求""}, {""序号"": ""序号"", ""供应商名称"": ""供应商名称"", ""服务名称"": ""服务名称"", ""服务范围"": ""服务范围"", ""服务要求"": ""服务要求"", ""服务时间"": ""服务时间"", ""服务标准"": ""服务标准""}, {""序号"": ""2"", ""供应商名称"": ""贵州季永福购物广场有限公司"", ""服务名称"": ""预包装食材配送"", ""服务范围"": ""预包装食材配送"", ""服务要求"": ""符合现行的国家相关标准、行业标准、地方标准等以及采购人的要求"", ""服务时间"": ""1 年(合同到期后，甲方根据服务质量、服务效率、配合程度开展综合考评，考评结果为满意的，可予以续签，续签不超过两次，整体服务周期累计最长不超过3年。）"", ""服务标准"": ""符合现行的国家相关标准、行业标准、地方标准等以及采购人的要求""}]",袁军、黎红英 、韦武昌,1.291224,贵州季永福购物广场有限公司、供应商名称,,,,
中国电子口岸数据中心上海分中心2026年度IT运维服务项目成交公告,成交公告,YTDZSJC-260801,2026年09月07日 15:00,上海市,中国电子口岸数据中心上海分中心,上海市浦东新区世纪大道211号,张老师  021-68890628,远眺（上海）招标服务有限公司,上海市静安区武宁南路488号智慧广场22层,王迪菲021-62591735,王迪菲,021-62591735,"中小企业声明（灵畅）.pdf,【终稿】中国电子口岸数据中心上海分中心2026年度IT运维服务项目-竞争性磋商文件.pdf","[{""attach_name"": ""中小企业声明（灵畅）.pdf"", ""attach_url"": ""https://download.ccgp.gov.cn/oss/download?uuid=742EA691884DDE53C16642102BE3DF""}, {""attach_name"": ""【终稿】中国电子口岸数据中心上海分中心2026年度IT运维服务项目-竞争性磋商文件.pdf"", ""attach_url"": ""https://download.ccgp.gov.cn/oss/download?uuid=DB2D1CE36203060F9E6924722BA541""}]",https://www.ccgp.gov.cn/cggg/zygg/cjgg/202609/t20260907_27278005.htm,2026-09-10 09:37:32,"一、项目编号：YTDZSJC-260801（招标文件编号：YTDZSJC-260801） 二、项目名称：中国电子口岸数据中心上海分中心2026年度IT运维服务项目 三、中标（成交）信息 供应商名称：上海灵畅信息技术有限公司供应商地址：上海市宝山区月浦四村6号301室中标（成交）金额：95.0000000（万元）四、主要标的信息 序号    供应商名称      服务名称      服务范围      服务要求      服务时间      服务标准   1    上海灵畅信息技术有限公司      中国电子口岸数据中心上海分中心2026年度IT运维服务项目      银河麒麟及其它Linux和Windows操作系统，ZStack云平台，Oracle数据库、Weblogic中间件等运维服务      详见磋商文件采购需求      2026年10月16日- 2027年10月15日      详见磋商文件采购需求                 五、评审专家（单一来源采购人员）名单： 夏荣,蔡鑫龙,梁本亮 六、代理服务收费标准及金额： 本项目代理费收费标准：详见磋商文件 本项目代理费总金额：1.140000 万元（人民币） 七、公告期限 自本公告发布之日起1个工作日。 八、其它补充事宜 上海灵畅信息技术有限公司，方案相对充分，对整体规划，巡检服务，维护文档均有针对性证明。配套的质量保证，应急等措施有详细针对性方案。 九、凡对本次公告内容提出询问，请按以下方式联系。 1.采购人信息 名 称：中国电子口岸数据中心上海分中心 地址：上海市浦东新区世纪大道211号 联系方式：张老师 021-68890628 2.采购代理机构信息 名 称：远眺（上海）招标服务有限公司 地 址：上海市静安区武宁南路488号智慧广场22层 联系方式：王迪菲021-62591735 3.项目联系方式 项目联系人：王迪菲 电 话： 021-62591735",信息技术,,中国政府采购网,,,,,,95.0,"[{""序号"": ""1"", ""供应商名称"": ""上海灵畅信息技术有限公司"", ""服务名称"": ""中国电子口岸数据中心上海分中心2026年度IT运维服务项目"", ""服务范围"": ""银河麒麟及其它Linux和Windows操作系统，ZStack云平台，Oracle数据库、Weblogic中间件等运维服务"", ""服务要求"": ""详见磋商文件采购需求"", ""服务时间"": ""2026年10月16日- 2027年10月15日"", ""服务标准"": ""详见磋商文件采购需求""}]","夏荣,蔡鑫龙,梁本亮",1.14,上海灵畅信息技术有限公司,,,,
哈尔滨工程大学五金材料配送服务项目（二次）成交公告,成交公告,0610-2640NF711463,2026年09月07日 14:59,黑龙江省,哈尔滨工程大学,哈尔滨市南岗区南通大街145号,刘老师0451-82519862,北京国际招标有限公司,哈尔滨市道里区群力第四大道528号天鹅湾大厦9层,李女士0451-84350178,李女士,0451-84350178,,,https://www.ccgp.gov.cn/cggg/zygg/cjgg/202609/t20260907_27277985.htm,2026-09-10 09:37:33,一、项目编号：0610-2640NF711463（招标文件编号：0610-2640NF711463） 二、项目名称：哈尔滨工程大学五金材料配送服务项目 三、中标（成交）信息 供应商名称：哈尔滨市道外区禧龙五金建材批发市场安普电线电缆经营部（个体工商户）供应商地址：黑龙江省哈尔滨市道外区禧龙五金市场东区十五区C栋22号包组或产品名称：无折扣率(%)：6.0000000四、主要标的信息 序号    供应商名称      服务名称      服务范围      服务要求      服务时间      服务标准   1    哈尔滨市道外区禧龙五金建材批发市场安普电线电缆经营部（个体工商户）      哈尔滨工程大学五金材料配送服务项目（二次）      哈尔滨工程大学五金材料配送服务      满足比选文件要求      一年      满足比选文件标准                 五、评审专家（单一来源采购人员）名单： 孙国乔、王冰艳、张德研（采购人代表） 六、代理服务收费标准及金额： 本项目代理费收费标准：成交供应商须按照比选文件中的收费标准，向采购代理机构一次性交纳采购代理服务费12000元。 本项目代理费总金额：1.200000 万元（人民币） 七、公告期限 自本公告发布之日起1个工作日。 八、其它补充事宜 哈尔滨工程大学五金材料配送服务项目（二次）成交公告一、项目编号：0610-2640NF711463二、项目名称：哈尔滨工程大学五金材料配送服务项目（二次）三、成交信息成交单位名称：哈尔滨市道外区禧龙五金建材批发市场安普电线电缆经营部（个体工商户）地址：黑龙江省哈尔滨市道外区禧龙五金市场东区十五区C栋22号成交折扣率：6.00%四、主要标的信息 供应商名称 服务名称 服务范围 服务要求 合同履行期限（服务期） 服务标准 哈尔滨市道外区禧龙五金建材批发市场安普电线电缆经营部（个体工商户） 哈尔滨工程大学五金材料配送服务项目（二次） 哈尔滨工程大学五金材料配送服务 满足比选文件要求 一年 满足比选文件标准 五、评审小组名单：孙国乔、王冰艳、张德研（采购人代表）六、代理服务收费标准及金额：成交供应商须按照比选文件中的收费标准，向采购代理机构一次性交纳采购代理服务费12000元。七、公告期限自本公告发布之日起1个工作日。八、其他补充事宜无九、凡对本次公告内容提出询问，请按以下方式联系。1.采购人信息名称：哈尔滨工程大学地址：哈尔滨市南岗区南通大街145号联系方式：0451-825198622.采购代理机构信息名称：北京国际招标有限公司地址：黑龙江省哈尔滨市道里区群力第四大道528号天鹅湾大厦9层联系人：李女士联系方式：0451-843501783.项目联系方式项目联系人：李女士电话：0451-84350178    九、凡对本次公告内容提出询问，请按以下方式联系。 1.采购人信息 名 称：哈尔滨工程大学 地址：哈尔滨市南岗区南通大街145号 联系方式：刘老师0451-82519862 2.采购代理机构信息 名 称：北京国际招标有限公司 地 址：哈尔滨市道里区群力第四大道528号天鹅湾大厦9层 联系方式：李女士0451-84350178 3.项目联系方式 项目联系人：李女士 电 话： 0451-84350178,教育培训,,中国政府采购网,,,,,,0.0,"[{""序号"": ""1"", ""供应商名称"": ""哈尔滨市道外区禧龙五金建材批发市场安普电线电缆经营部（个体工商户）"", ""服务名称"": ""哈尔滨工程大学五金材料配送服务项目（二次）"", ""服务范围"": ""哈尔滨工程大学五金材料配送服务"", ""服务要求"": ""满足比选文件要求"", ""服务时间"": ""一年"", ""服务标准"": ""满足比选文件标准""}, {""供应商名称"": ""哈尔滨市道外区禧龙五金建材批发市场安普电线电缆经营部（个体工商户）"", ""服务名称"": ""哈尔滨工程大学五金材料配送服务项目（二次）"", ""服务范围"": ""哈尔滨工程大学五金材料配送服务"", ""服务要求"": ""满足比选文件要求"", ""合同履行期限（服务期）"": ""一年"", ""服务标准"": ""满足比选文件标准""}]",孙国乔、王冰艳、张德研（采购人代表）,1.2,哈尔滨市道外区禧龙五金建材批发市场安普电线电缆经营部（个体工商户）,,,,
中国民用航空东北地区空中交通管理局吉林分局吉林空管分局主用运营商链路采购项目成交公告,成交公告,QTJL2026080601,2026年09月07日 14:53,市辖区,中国民用航空东北地区空中交通管理局吉林分局,吉林省长春市净月区生态大街6666号,李松莹13844058151,乔泰工程管理集团有限公司,长春市南关区南湖大路鸿城国际大厦B座4层,任栋禹、杨溢 0431-81853882,李松莹,13844058151,成交公告.doc,"[{""attach_name"": ""成交公告.doc"", ""attach_url"": ""https://download.ccgp.gov.cn/oss/download?uuid=2F2947430484CD2AA946309E93D2A7""}]",https://www.ccgp.gov.cn/cggg/zygg/cjgg/202609/t20260907_27277914.htm,2026-09-10 09:37:34,一、项目编号：QTJL2026080601（招标文件编号：QTJL2026080601） 二、项目名称：吉林空管分局主用运营商链路采购项目 三、中标（成交）信息 供应商名称：中国联合网络通信有限公司长春市分公司供应商地址：长春市朝阳区人民大街2599号中标（成交）金额：25.2000000（万元） 供应商名称：中国移动通信集团吉林有限公司供应商地址：长春市解放大路2899号中标（成交）金额：17.0000000（万元） 供应商名称：中国移动通信集团吉林有限公司供应商地址：长春市解放大路2899号中标（成交）金额：14.0000000（万元） 供应商名称：中国电信集团有限公司长春分公司供应商地址：长春市经济开发区浦东路3281号中标（成交）金额：14.1600000（万元） 供应商名称：中国联合网络通信有限公司长春市分公司供应商地址：长春市朝阳区人民大街2599号中标（成交）金额：48.0000000（万元）四、主要标的信息 序号    供应商名称      服务名称      服务范围      服务要求      服务时间      服务标准   1    中国联合网络通信有限公司长春市分公司      机场专线      详见磋商文件      符合磋商文件要求      合同服务期为三年，合同期内每满1年将根据服务质量情况，另行签订下一年度的服务协议，协议内容需符合本合同基本原则。甲方有权利根据业务需要提前终止、或重新签订合同。      满足磋商文件标准                 序号    供应商名称      服务名称      服务范围      服务要求      服务时间      服务标准   2    中国移动通信集团吉林有限公司      台站专线      详见磋商文件      符合采购文件要求      合同服务期为三年，合同期内每满1年将根据服务质量情况，另行签订下一年度的服务协议，协议内容需符合本合同基本原则。甲方有权利根据业务需要提前终止、或重新签订合同。      满足采购文件标准                 序号    供应商名称      服务名称      服务范围      服务要求      服务时间      服务标准   3    中国移动通信集团吉林有限公司      市内专线1      详见磋商文件      符合采购文件要求      合同服务期为三年，合同期内每满1年将根据服务质量情况，另行签订下一年度的服务协议，协议内容需符合本合同基本原则。甲方有权利根据业务需要提前终止、或重新签订合同。      满足采购文件标准                 序号    供应商名称      服务名称      服务范围      服务要求      服务时间      服务标准   4    中国电信集团有限公司长春分公司      市内专线2      详见磋商文件      符合采购文件要求      合同服务期为三年，合同期内每满1年将根据服务质量情况，另行签订下一年度的服务协议，协议内容需符合本合同基本原则。甲方有权利根据业务需要提前终止、或重新签订合同。      满足采购文件标准                 序号    供应商名称      服务名称      服务范围      服务要求      服务时间      服务标准   5    中国联合网络通信有限公司长春市分公司      省际专线      详见磋商文件      符合采购文件要求      合同服务期为三年，合同期内每满1年将根据服务质量情况，另行签订下一年度的服务协议，协议内容需符合本合同基本原则。甲方有权利根据业务需要提前终止、或重新签订合同。      满足采购文件标准                 五、评审专家（单一来源采购人员）名单： 吴杰、张审言、佟林 六、代理服务收费标准及金额： 本项目代理费收费标准：每包参照《招标代理服务收费管理暂行办法》（计价格[2002]1980号）的收费标准下浮20%向成交供应商收取成交服务费用，取费基数为成交金额；01包收取代理服务费：3024.00元；02包收取代理服务费：2040.00元；03包收取代理服务费：1680.00元；04包收取代理服务费：1699.20元；05包收取代理服务费：5760.00元。 本项目代理费总金额：1.420320 万元（人民币） 七、公告期限 自本公告发布之日起1个工作日。 八、其它补充事宜 无 九、凡对本次公告内容提出询问，请按以下方式联系。 1.采购人信息 名 称：中国民用航空东北地区空中交通管理局吉林分局 地址：吉林省长春市净月区生态大街6666号 联系方式：李松莹13844058151 2.采购代理机构信息 名 称：乔泰工程管理集团有限公司 地 址：长春市南关区南湖大路鸿城国际大厦B座4层 联系方式：任栋禹、杨溢 0431-81853882 3.项目联系方式 项目联系人：李松莹 电 话： 13844058151,市政交通,,中国政府采购网,,,,,,118.36,"[{""序号"": ""1"", ""供应商名称"": ""中国联合网络通信有限公司长春市分公司"", ""服务名称"": ""机场专线"", ""服务范围"": ""详见磋商文件"", ""服务要求"": ""符合磋商文件要求"", ""服务时间"": ""合同服务期为三年，合同期内每满1年将根据服务质量情况，另行签订下一年度的服务协议，协议内容需符合本合同基本原则。甲方有权利根据业务需要提前终止、或重新签订合同。"", ""服务标准"": ""满足磋商文件标准""}, {""序号"": ""序号"", ""供应商名称"": ""供应商名称"", ""服务名称"": ""服务名称"", ""服务范围"": ""服务范围"", ""服务要求"": ""服务要求"", ""服务时间"": ""服务时间"", ""服务标准"": ""服务标准""}, {""序号"": ""2"", ""供应商名称"": ""中国移动通信集团吉林有限公司"", ""服务名称"": ""台站专线"", ""服务范围"": ""详见磋商文件"", ""服务要求"": ""符合采购文件要求"", ""服务时间"": ""合同服务期为三年，合同期内每满1年将根据服务质量情况，另行签订下一年度的服务协议，协议内容需符合本合同基本原则。甲方有权利根据业务需要提前终止、或重新签订合同。"", ""服务标准"": ""满足采购文件标准""}, {""序号"": ""序号"", ""供应商名称"": ""供应商名称"", ""服务名称"": ""服务名称"", ""服务范围"": ""服务范围"", ""服务要求"": ""服务要求"", ""服务时间"": ""服务时间"", ""服务标准"": ""服务标准""}, {""序号"": ""3"", ""供应商名称"": ""中国移动通信集团吉林有限公司"", ""服务名称"": ""市内专线1"", ""服务范围"": ""详见磋商文件"", ""服务要求"": ""符合采购文件要求"", ""服务时间"": ""合同服务期为三年，合同期内每满1年将根据服务质量情况，另行签订下一年度的服务协议，协议内容需符合本合同基本原则。甲方有权利根据业务需要提前终止、或重新签订合同。"", ""服务标准"": ""满足采购文件标准""}, {""序号"": ""序号"", ""供应商名称"": ""供应商名称"", ""服务名称"": ""服务名称"", ""服务范围"": ""服务范围"", ""服务要求"": ""服务要求"", ""服务时间"": ""服务时间"", ""服务标准"": ""服务标准""}, {""序号"": ""4"", ""供应商名称"": ""中国电信集团有限公司长春分公司"", ""服务名称"": ""市内专线2"", ""服务范围"": ""详见磋商文件"", ""服务要求"": ""符合采购文件要求"", ""服务时间"": ""合同服务期为三年，合同期内每满1年将根据服务质量情况，另行签订下一年度的服务协议，协议内容需符合本合同基本原则。甲方有权利根据业务需要提前终止、或重新签订合同。"", ""服务标准"": ""满足采购文件标准""}, {""序号"": ""序号"", ""供应商名称"": ""供应商名称"", ""服务名称"": ""服务名称"", ""服务范围"": ""服务范围"", ""服务要求"": ""服务要求"", ""服务时间"": ""服务时间"", ""服务标准"": ""服务标准""}, {""序号"": ""5"", ""供应商名称"": ""中国联合网络通信有限公司长春市分公司"", ""服务名称"": ""省际专线"", ""服务范围"": ""详见磋商文件"", ""服务要求"": ""符合采购文件要求"", ""服务时间"": ""合同服务期为三年，合同期内每满1年将根据服务质量情况，另行签订下一年度的服务协议，协议内容需符合本合同基本原则。甲方有权利根据业务需要提前终止、或重新签订合同。"", ""服务标准"": ""满足采购文件标准""}]",吴杰、张审言、佟林,1.42032,中国联合网络通信有限公司长春市分公司、供应商名称、中国移动通信集团吉林有限公司、中国电信集团有限公司长春分公司,,,,
无锡市消防救援支队2026年度支队本级政府专职消防员团体意外伤害保险项目成交公告,成交公告,WXXFZFCG2026006,2026年09月07日 14:50,滨湖区,无锡市消防救援支队,无锡市梁南路9号,张奇  0510-68788037,江苏省鼎诚建设工程顾问有限公司,无锡市锡澄路260-1号圆融发展中心1201室,杨梅0510-88551916      吴艳阳  13915268043,杨梅,0510-8855191613915268043,26.8.14比选文件-2026年度支队本级政府专职消防员团体意外伤害保险项目（三次）.pdf,"[{""attach_name"": ""26.8.14比选文件-2026年度支队本级政府专职消防员团体意外伤害保险项目（三次）.pdf"", ""attach_url"": ""https://download.ccgp.gov.cn/oss/download?uuid=358BB74F1254370F959B4750F29705""}]",https://www.ccgp.gov.cn/cggg/zygg/cjgg/202609/t20260907_27277900.htm,2026-09-10 09:37:34,一、项目编号：WXXFZFCG2026006（招标文件编号：WXXFZFCG2026006） 二、项目名称：2026年度支队本级政府专职消防员团体意外伤害保险项目 三、中标（成交）信息 供应商名称：紫金财产保险股份有限公司无锡分公司供应商地址：无锡市滨湖区金融八街1号商会大厦10楼1-3室，8-10室及1楼108室中标（成交）金额：14.0440000（万元）四、主要标的信息 序号    供应商名称      服务名称      服务范围      服务要求      服务时间      服务标准   1    紫金财产保险股份有限公司无锡分公司      2026年度支队本级政府专职消防员团体意外伤害保险项目      保障对象为无锡市消防救援支队前线消防员及内勤人员，人数暂定185人。具体要求详见比选文件三.“采购需求”      满足采购人需求      1年      满足采购人需求                 五、评审专家（单一来源采购人员）名单： 凌风 徐慧 朱齐杰（采购人代表） 六、代理服务收费标准及金额： 本项目代理费收费标准：本项目代理服务费按照差额定率累进法计算，按下列费率打七折计取：100万元以下按成交价的1.5%。代理服务费金额不足2000元的，按2000元收取。代理服务费由成交供应商支付。本项目招标代理2000元。 本项目代理费总金额：0.200000 万元（人民币） 七、公告期限 自本公告发布之日起1个工作日。 八、其它补充事宜 无 九、凡对本次公告内容提出询问，请按以下方式联系。 1.采购人信息 名 称：无锡市消防救援支队 地址：无锡市梁南路9号 联系方式：张奇 0510-68788037 2.采购代理机构信息 名 称：江苏省鼎诚建设工程顾问有限公司 地 址：无锡市锡澄路260-1号圆融发展中心1201室 联系方式：杨梅0510-88551916 吴艳阳 13915268043 3.项目联系方式 项目联系人：杨梅 吴艳阳 电 话： 0510-88551916 13915268043,公共安全,,中国政府采购网,,,,,,14.044,"[{""序号"": ""1"", ""供应商名称"": ""紫金财产保险股份有限公司无锡分公司"", ""服务名称"": ""2026年度支队本级政府专职消防员团体意外伤害保险项目"", ""服务范围"": ""保障对象为无锡市消防救援支队前线消防员及内勤人员，人数暂定185人。具体要求详见比选文件三.“采购需求”"", ""服务要求"": ""满足采购人需求"", ""服务时间"": ""1年"", ""服务标准"": ""满足采购人需求""}]",凌风 徐慧 朱齐杰（采购人代表）,0.2,紫金财产保险股份有限公司无锡分公司,,,,
广东省深圳市龙华区消防救援大队2026年网络资源租赁项目成交公告,成交公告,UHOLHAC20260544,2026年09月07日 14:49,龙华区,深圳市龙华区消防救援大队,深圳市龙华区东环二路465号,叶工0755-29361269,深圳市友和招标有限公司,深圳市福田区福强路3030号福田体育公园西北角友和招标代理服务中心（靠近北门）,潘艺伟0755-83881283,潘艺伟,0755-83881283,【发布稿】广东省深圳市龙华区消防救援大队2026年网络资源租赁项目(4)_已签章.pdf,"[{""attach_name"": ""【发布稿】广东省深圳市龙华区消防救援大队2026年网络资源租赁项目(4)_已签章.pdf"", ""attach_url"": ""https://download.ccgp.gov.cn/oss/download?uuid=A8FDF33BCEA8858D90C4AEED0A01D6""}]",https://www.ccgp.gov.cn/cggg/zygg/cjgg/202609/t20260907_27277858.htm,2026-09-10 09:37:35,"一、项目编号：UHOLHAC20260544（招标文件编号：UHOLHAC20260544） 二、项目名称：广东省深圳市龙华区消防救援大队2026年网络资源租赁项目 三、中标（成交）信息 供应商名称：中国电信股份有限公司深圳分公司供应商地址：深圳市福田区益田路信息枢纽大厦中标（成交）金额：14.7876000（万元）四、主要标的信息 序号    供应商名称      服务名称      服务范围      服务要求      服务时间      服务标准   1    中国电信股份有限公司深圳分公司      广东省深圳市龙华区消防救援大队2026年网络资源租赁项目      详见遴选及参评文件      详见遴选及参评文件      本项目服务期限为两年，自验收合格之日起算。（合同一年一签，每次12个月，最多续签一次。如采购人对履约情况不满意或其他情况，采购人不再续约），具体以合同生效之日起算，协议期内所有合同实质性条款不得改变。）      详见遴选及参评文件                 五、评审专家（单一来源采购人员）名单： 苏德才、林佳荣、王建全 六、代理服务收费标准及金额： 本项目代理费收费标准：参照原国家计委《招标代理服务收费管理暂行办法》（计价格[2002]1980号）和国家发改委办公厅《关于招标代理服务收费有关问题的通知》（发改办价格[2003]857号）文件相关规定，招标代理服务费以成交金额上限为基数，按差额定率累进法下浮比例计算，不足人民币叁仟元的按照固定额叁仟元收取 本项目代理费总金额：0.300000 万元（人民币） 七、公告期限 自本公告发布之日起1个工作日。 八、其它补充事宜 1、内部评选遴选采购供应商情况 序号 参评人名称 资格性审查 是否通过 符合性审查是否通过 参评总价（元） 1 中国移动通信集团广东有限公司深圳分公司 通过 通过 267,348.00 2 中国电信股份有限公司深圳分公司 通过 通过 147,876.00 3 深圳市泰壹格物信息技术有限公司 通过 通过 259,300.00 4 创益信建设有限公司 通过 通过 193,000.00 5 中国联合网络通信有限公司深圳市分公司 通过 通过 267,900.00  2、参评供应商认为中标或者成交结果使自己的权益受到损害的，应当自本公告发布之日起七个工作日内以书面形式向招标采购代理机构提出质疑，逾期将不予受理，质疑咨询电话：0755-83881283。 九、凡对本次公告内容提出询问，请按以下方式联系。 1.采购人信息 名 称：深圳市龙华区消防救援大队 地址：深圳市龙华区东环二路465号 联系方式：叶工0755-29361269 2.采购代理机构信息 名 称：深圳市友和招标有限公司 地 址：深圳市福田区福强路3030号福田体育公园西北角友和招标代理服务中心（靠近北门） 联系方式：潘艺伟0755-83881283 3.项目联系方式 项目联系人：潘艺伟 电 话： 0755-83881283",公共安全,,中国政府采购网,,,,,,14.7876,"[{""序号"": ""1"", ""供应商名称"": ""中国电信股份有限公司深圳分公司"", ""服务名称"": ""广东省深圳市龙华区消防救援大队2026年网络资源租赁项目"", ""服务范围"": ""详见遴选及参评文件"", ""服务要求"": ""详见遴选及参评文件"", ""服务时间"": ""本项目服务期限为两年，自验收合格之日起算。（合同一年一签，每次12个月，最多续签一次。如采购人对履约情况不满意或其他情况，采购人不再续约），具体以合同生效之日起算，协议期内所有合同实质性条款不得改变。）"", ""服务标准"": ""详见遴选及参评文件""}]",苏德才、林佳荣、王建全,0.3,中国电信股份有限公司深圳分公司,,,,
中国医学科学院北区废气排放系统风道改造采购项目（二次）中选公告,成交公告,BZZB-26-329,2026年09月07日 14:46,北京市,中国医学科学院,北京市东城区东单三条9号,李老师、司老师  010-65105541、65105925,北京北咨招标有限公司,北京市朝阳区华腾世纪总部公园F座11层1106室,李雪娇   13011142397,李雪娇,13011142397,"提取自中国医学科学院北区废气排放系统风道改造采购项目（二次）.pdf,6、比选文件终稿-中国医学科学院北区废气排放系统风道改造采购项目.doc","[{""attach_name"": ""提取自中国医学科学院北区废气排放系统风道改造采购项目（二次）.pdf"", ""attach_url"": ""https://download.ccgp.gov.cn/oss/download?uuid=F06AE2DB72791FACE61D0E58B8B4EA""}, {""attach_name"": ""6、比选文件终稿-中国医学科学院北区废气排放系统风道改造采购项目.doc"", ""attach_url"": ""https://download.ccgp.gov.cn/oss/download?uuid=486A9CB79C4077C136F4761627176E""}]",https://www.ccgp.gov.cn/cggg/zygg/cjgg/202609/t20260907_27277839.htm,2026-09-10 09:37:35,一、项目编号：BZZB-26-329（招标文件编号：BZZB-26-329） 二、项目名称：中国医学科学院北区废气排放系统风道改造采购项目 三、中标（成交）信息 供应商名称：京开建设集团有限公司供应商地址：北京市密云区滨河路178号院1号楼5层521-6中标（成交）金额：64.7744520（万元）四、主要标的信息 序号    供应商名称       工程名称       施工范围       施工工期       项目经理       执业证书   1    京开建设集团有限公司      中国医学科学院北区废气排放系统风道改造采购项目      为满足和缓解实验楼的实验废气排放与噪声问题，改善实验环境，营造安全工作学习氛围。拟将废气排放系统风道进行改造，具体施工内容详见工程量清单。      合同签订后60个日历天安装调试完成      宋新      中华人民共和国一级建造师注册证书（机电工程）                 五、评审专家（单一来源采购人员）名单： 张立博、邬海燕、李斌、谢海霞、李仲轶 六、代理服务收费标准及金额： 本项目代理费收费标准：详见比选文件 本项目代理费总金额：0.453421 万元（人民币） 七、公告期限 自本公告发布之日起1个工作日。 八、其它补充事宜 本项目采用综合评审法，排名第一的为京开建设集团有限公司 ，综合得分：91.20。 九、凡对本次公告内容提出询问，请按以下方式联系。 1.采购人信息 名 称：中国医学科学院 地址：北京市东城区东单三条9号 联系方式：李老师、司老师 010-65105541、65105925 2.采购代理机构信息 名 称：北京北咨招标有限公司 地 址：北京市朝阳区华腾世纪总部公园F座11层1106室 联系方式：李雪娇 13011142397 3.项目联系方式 项目联系人：李雪娇 电 话： 13011142397,医疗卫生,,中国政府采购网,,,,,,64.774452,"[{""序号"": ""1"", ""供应商名称"": ""京开建设集团有限公司"", ""工程名称"": ""中国医学科学院北区废气排放系统风道改造采购项目"", ""施工范围"": ""为满足和缓解实验楼的实验废气排放与噪声问题，改善实验环境，营造安全工作学习氛围。拟将废气排放系统风道进行改造，具体施工内容详见工程量清单。"", ""施工工期"": ""合同签订后60个日历天安装调试完成"", ""项目经理"": ""宋新"", ""执业证书"": ""中华人民共和国一级建造师注册证书（机电工程）""}]",张立博、邬海燕、李斌、谢海霞、李仲轶,0.453421,京开建设集团有限公司,,,,
山东大学ScienceDirect数据库单一来源成交公告,成交公告,SDJXGD20260123-T007,2026年09月07日 14:45,济南市,山东大学,山东省济南市山大南路27号,鲁老师 0531-88363689,详见公告正文,详见公告正文,详见公告正文,田老师,0531-88366151,[SDJXGD20260123-T007] ScienceDirect 数据库.doc.pdf,"[{""attach_name"": ""[SDJXGD20260123-T007] ScienceDirect 数据库.doc.pdf"", ""attach_url"": ""https://download.ccgp.gov.cn/oss/download?uuid=DED086CFCF15FBA63D993892A7FC4E""}]",https://www.ccgp.gov.cn/cggg/zygg/cjgg/202609/t20260907_27277823.htm,2026-09-10 09:37:36,一、项目编号：SDJXGD20260123-T007（招标文件编号：SDJXGD20260123-T007） 二、项目名称：山东大学ScienceDirect数据库 三、中标（成交）信息 供应商名称：中国教育图书进出口有限公司供应商地址：北京市丰台区西营街1号院1区1号楼、1区2号楼、1区3号楼8、9、10 层中标（成交）金额：570.0000000（万元）四、主要标的信息 序号    供应商名称      服务名称      服务范围      服务要求      服务时间      服务标准   1    中国教育图书进出口有限公司      ScienceDirect数据库      不低于2200种期刊收录量      每天更新、符合COUNTER标准的使用统计、选定的最低订购额部分的期刊拥有订购当年的永久访问权限等      1年      实时开通，签订合同后5日内完成数据安装调试等                 五、评审专家（单一来源采购人员）名单： 金燕北、苏春涛、金增祥、马凤英、姚晓彤 六、代理服务收费标准及金额： 本项目代理费收费标准：无 本项目代理费总金额：0.000000 万元（人民币） 七、公告期限 自本公告发布之日起1个工作日。 八、其它补充事宜 无 九、凡对本次公告内容提出询问，请按以下方式联系。 1.采购人信息 名 称：山东大学 地址：山东省济南市山大南路27号 联系方式：鲁老师 0531-88363689 2.项目联系方式 项目联系人：田老师 电 话： 0531-88366151,教育培训,,中国政府采购网,,,,,,570.0,"[{""序号"": ""1"", ""供应商名称"": ""中国教育图书进出口有限公司"", ""服务名称"": ""ScienceDirect数据库"", ""服务范围"": ""不低于2200种期刊收录量"", ""服务要求"": ""每天更新、符合COUNTER标准的使用统计、选定的最低订购额部分的期刊拥有订购当年的永久访问权限等"", ""服务时间"": ""1年"", ""服务标准"": ""实时开通，签订合同后5日内完成数据安装调试等""}]",金燕北、苏春涛、金增祥、马凤英、姚晓彤,0.0,中国教育图书进出口有限公司,,,,
崇左边境管理支队上石边境派出所营区维修运维项目成交公告,成交公告,,2026年09月07日 14:37,江洲区,崇左边境管理支队,崇左市江州区山秀路五号崇左边境管理支队,叶警官--0771-7967697；电子邮件地址：czbgzfcg@163.com,详见公告正文,详见公告正文,详见公告正文,叶警官,0771-7967697,,,https://www.ccgp.gov.cn/cggg/zygg/cjgg/202609/t20260907_27277751.htm,2026-09-10 09:37:37,一、项目编号：（招标文件编号：无） 二、项目名称：崇左边境管理支队上石边境派出所营区维修运维项目 三、中标（成交）信息 供应商名称：广西咏煌建设有限公司供应商地址：崇左市江州区嘉苑小区A组团A-05号中标（成交）金额：10.0750860（万元）四、主要标的信息 序号    供应商名称       工程名称       施工范围       施工工期       项目经理       执业证书   1    广西咏煌建设有限公司      上石边境派出所营区维修运维项目      上石边境派出所      开工日期之日起60日内      何文雷      建造师二级，桂245202101995                 五、评审专家（单一来源采购人员）名单： 无 六、代理服务收费标准及金额： 本项目代理费收费标准：无 本项目代理费总金额：0.000000 万元（人民币） 七、公告期限 自本公告发布之日起1个工作日。 八、其它补充事宜 无 九、凡对本次公告内容提出询问，请按以下方式联系。 1.采购人信息 名 称：崇左边境管理支队 地址：崇左市江州区山秀路五号崇左边境管理支队 联系方式：叶警官--0771-7967697；电子邮件地址：czbgzfcg@163.com 2.项目联系方式 项目联系人：叶警官 电 话： 0771-7967697,信息技术,,中国政府采购网,,,,,,10.075086,"[{""序号"": ""1"", ""供应商名称"": ""广西咏煌建设有限公司"", ""工程名称"": ""上石边境派出所营区维修运维项目"", ""施工范围"": ""上石边境派出所"", ""施工工期"": ""开工日期之日起60日内"", ""项目经理"": ""何文雷"", ""执业证书"": ""建造师二级，桂245202101995""}]",无,0.0,广西咏煌建设有限公司,,,,
事业公用经费-中国农科院作科所国家作物种质库病虫害鉴定温室维修成交公告,成交公告,ZGGJ-BJ21-26041199,2026年09月07日 14:28,北京市,中国农业科学院作物科学研究所,北京市海淀区中关村南大街 12 号,82106366,中工国际招标有限公司,北京市朝阳区慧忠路5号远大中心C座2层203,15600611080,张跃,15600611080,"终稿——竞争性磋商文件-事业公用经费-中国农科院作科所国家作物种质库病虫害鉴定温室维修.pdf,中小企业声明函.png","[{""attach_name"": ""终稿——竞争性磋商文件-事业公用经费-中国农科院作科所国家作物种质库病虫害鉴定温室维修.pdf"", ""attach_url"": ""https://download.ccgp.gov.cn/oss/download?uuid=D3A3BA2AA722622CBF46EA51033718""}, {""attach_name"": ""中小企业声明函.png"", ""attach_url"": ""https://download.ccgp.gov.cn/oss/download?uuid=6065B7F5E37AC8CCB038D90FF897C0""}]",https://www.ccgp.gov.cn/cggg/zygg/cjgg/202609/t20260907_27277689.htm,2026-09-10 09:37:37,一、项目编号：ZGGJ-BJ21-26041199（招标文件编号：ZGGJ-BJ21-26041199） 二、项目名称：事业公用经费-中国农科院作科所国家作物种质库病虫害鉴定温室维修 三、中标（成交）信息 供应商名称：北京华彬建设工程有限公司供应商地址：北京市怀柔区杨宋镇凤翔东大街9号201室(集群注册)中标（成交）金额：334.5690200（万元）四、主要标的信息 序号    供应商名称       工程名称       施工范围       施工工期       项目经理       执业证书   1    北京华彬建设工程有限公司      北京华彬建设工程有限公司      图纸及工程量清单所示全部内容。      工期80日历天。      袁凤霞      京1352015201513039                 五、评审专家（单一来源采购人员）名单： 王学岭、刘志宝、王佳宁 六、代理服务收费标准及金额： 本项目代理费收费标准：参照原国家计委计价格【2002】1980号文和国家发改委发改办价格【2003】857号文的计算方法收取。 本项目代理费总金额：2.641983 万元（人民币） 七、公告期限 自本公告发布之日起1个工作日。 八、其它补充事宜 成交供应商得分：85.82招标代理服务费缴纳账户信息：户名：中工国际招标有限公司；账号：1101041060000069823；开户行：杭州银行股份有限公司北京东城支行；行号：313100090114。 请未成交单位在成交通知书发出之日起5个工作日内，前来中工国际招标有限公司领取结果告知函并办理退还投标保证金手续；成交单位在合同签订后5个工作日内办理退还投标保证金手续。 九、凡对本次公告内容提出询问，请按以下方式联系。 1.采购人信息 名 称：中国农业科学院作物科学研究所 地址：北京市海淀区中关村南大街 12 号 联系方式：82106366 2.采购代理机构信息 名 称：中工国际招标有限公司 地 址：北京市朝阳区慧忠路5号远大中心C座2层203 联系方式：15600611080 3.项目联系方式 项目联系人：张跃 电 话： 15600611080,工程建设,,中国政府采购网,,,,,,334.56902,"[{""序号"": ""1"", ""供应商名称"": ""北京华彬建设工程有限公司"", ""工程名称"": ""北京华彬建设工程有限公司"", ""施工范围"": ""图纸及工程量清单所示全部内容。"", ""施工工期"": ""工期80日历天。"", ""项目经理"": ""袁凤霞"", ""执业证书"": ""京1352015201513039""}]",王学岭、刘志宝、王佳宁,2.641983,北京华彬建设工程有限公司,,,,
河北省消防救援总队与新华通讯社新闻信息中心开展媒体战略合作项目成交公告,成交公告,ZKGSF,2026年09月07日 14:28,河北省,河北省消防救援总队,石家庄市裕华区槐安东路349号,王助理 0311-89181631,中科高盛咨询集团有限公司,北京市丰台区福宜街9号院5号楼昆仑中心10层,周珍珍、范麒霖、贾芳菲 18750109153、13501211563,周珍珍、范麒霖、贾芳菲,18750109153、13501211563,河北省消防救援总队与新华通讯社新闻信息中心开展媒体战略合作项目-单一来源采购文件【发售版】.pdf,"[{""attach_name"": ""河北省消防救援总队与新华通讯社新闻信息中心开展媒体战略合作项目-单一来源采购文件【发售版】.pdf"", ""attach_url"": ""https://download.ccgp.gov.cn/oss/download?uuid=39F30927D38823C3055AE36354A3E1""}]",https://www.ccgp.gov.cn/cggg/zygg/cjgg/202609/t20260907_27277683.htm,2026-09-10 09:37:38,一、项目编号：ZKGSF(ZB)-20261447（招标文件编号：ZKGSF(ZB)-20261447） 二、项目名称：河北省消防救援总队与新华通讯社新闻信息中心开展媒体战略合作项目 三、中标（成交）信息 供应商名称：新华通讯社新闻信息中心供应商地址：北京市西城区宣武门西大街57号中标（成交）金额：28.8300000（万元）四、主要标的信息 序号    供应商名称      服务名称      服务范围      服务要求      服务时间      服务标准   1    新华通讯社新闻信息中心      河北省消防救援总队与新华通讯社新闻信息中心开展媒体战略合作项目      详见单一来源采购文件      符合采购人要求      一年      符合采购人标准                 五、评审专家（单一来源采购人员）名单： 陈志峰、王娇娇、张慧 六、代理服务收费标准及金额： 本项目代理费收费标准：按照国家发展计划委员会颁布的《招标代理服务收费管理暂行办法》（计价格〔2002〕1980号）规定标准的65%向成交人收取采购代理服务费 本项目代理费总金额：0.281000 万元（人民币） 七、公告期限 自本公告发布之日起1个工作日。 八、其它补充事宜 无。 九、凡对本次公告内容提出询问，请按以下方式联系。 1.采购人信息 名 称：河北省消防救援总队 地址：石家庄市裕华区槐安东路349号 联系方式：王助理 0311-89181631 2.采购代理机构信息 名 称：中科高盛咨询集团有限公司 地 址：北京市丰台区福宜街9号院5号楼昆仑中心10层 联系方式：周珍珍、范麒霖、贾芳菲 18750109153、13501211563 3.项目联系方式 项目联系人：周珍珍、范麒霖、贾芳菲 电 话： 18750109153、13501211563,公共安全,,中国政府采购网,,,,,,28.83,"[{""序号"": ""1"", ""供应商名称"": ""新华通讯社新闻信息中心"", ""服务名称"": ""河北省消防救援总队与新华通讯社新闻信息中心开展媒体战略合作项目"", ""服务范围"": ""详见单一来源采购文件"", ""服务要求"": ""符合采购人要求"", ""服务时间"": ""一年"", ""服务标准"": ""符合采购人标准""}]",陈志峰、王娇娇、张慧,0.281,新华通讯社新闻信息中心,,,,
中国科学院南京地质古生物研究所2026-2029年度雇主责任险项目成交公告,成交公告,JSTCC26004104893,2026年09月07日 14:25,南京市,中国科学院南京地质古生物研究所,江苏省南京市玄武区北京东路39号,李老师，025-83282128,江苏省招标中心有限公司,南京市鼓楼区郑和中路118号1616室,乐晓旸、迟强、孙萍、李菲，025-8329929,乐晓旸、迟强、孙萍、李菲,025-8329929,,,https://www.ccgp.gov.cn/cggg/zygg/cjgg/202609/t20260907_27277645.htm,2026-09-10 09:37:39,一、项目编号：JSTCC26004104893（招标文件编号：JSTCC26004104893） 二、项目名称：中国科学院南京地质古生物研究所2026-2029年度雇主责任险项目 三、中标（成交）信息 供应商名称：中国人寿财产保险股份有限公司南京市中心支公司供应商地址：江苏省南京市建邺区燕山路179号中标（成交）金额：26.6400000（万元）四、主要标的信息 序号    供应商名称      服务名称      服务范围      服务要求      服务时间      服务标准   1    中国人寿财产保险股份有限公司南京市中心支公司      雇主责任险项目      中国科学院南京地质古生物研究所2026-2029年度雇主责任险项目      满足文件要求      合同签订后三年。      满足文件要求                 五、评审专家（单一来源采购人员）名单： 张松林、华莉莉、李超（采购人代表） 六、代理服务收费标准及金额： 本项目代理费收费标准：采购代理服务费参照《招标代理服务收费管理暂行办法》（国家发展计划委员会“计价格[2002]1980号”）的收费标准计算，采购代理服务费不足8000元的，按8000元计。 本项目代理费总金额：0.800000 万元（人民币） 七、公告期限 自本公告发布之日起1个工作日。 八、其它补充事宜 九、凡对本次公告内容提出询问，请按以下方式联系。 1.采购人信息 名 称：中国科学院南京地质古生物研究所 地址：江苏省南京市玄武区北京东路39号 联系方式：李老师，025-83282128 2.采购代理机构信息 名 称：江苏省招标中心有限公司 地 址：南京市鼓楼区郑和中路118号1616室 联系方式：乐晓旸、迟强、孙萍、李菲，025-8329929 3.项目联系方式 项目联系人：乐晓旸、迟强、孙萍、李菲 电 话： 025-8329929,教育培训,,中国政府采购网,,,,,,26.64,"[{""序号"": ""1"", ""供应商名称"": ""中国人寿财产保险股份有限公司南京市中心支公司"", ""服务名称"": ""雇主责任险项目"", ""服务范围"": ""中国科学院南京地质古生物研究所2026-2029年度雇主责任险项目"", ""服务要求"": ""满足文件要求"", ""服务时间"": ""合同签订后三年。"", ""服务标准"": ""满足文件要求""}]",张松林、华莉莉、李超（采购人代表）,0.8,中国人寿财产保险股份有限公司南京市中心支公司,,,,
河北省消防救援总队开办河北广播电视台广播专栏项目成交公告,成交公告,HXZB2026-A2-00245-001,2026年09月07日 14:08,市辖区,河北省消防救援总队,石家庄市裕华区槐安东路349号,王助理  0311-89181631,河北宏信招标有限公司,河北省石家庄市新华区合作路68号新合作广场B座14,薛旸、刘希 0311-86958901,薛旸、刘希,0311-86958901,"第二十二条承诺函.png,河北省消防救援总队开办河北广播电视台广播专栏项目---最终发售稿.pdf","[{""attach_name"": ""第二十二条承诺函.png"", ""attach_url"": ""https://download.ccgp.gov.cn/oss/download?uuid=BA058B4C0305FF2624BA69ECAD1DB9""}, {""attach_name"": ""河北省消防救援总队开办河北广播电视台广播专栏项目---最终发售稿.pdf"", ""attach_url"": ""https://download.ccgp.gov.cn/oss/download?uuid=1935BCCE6BA97D365A9B87DA8472BE""}]",https://www.ccgp.gov.cn/cggg/zygg/cjgg/202609/t20260907_27277514.htm,2026-09-10 09:37:40,一、项目编号：HXZB2026-A2-00245-001（招标文件编号：HXZB2026-A2-00245-001） 二、项目名称：河北省消防救援总队开办河北广播电视台广播专栏项目 三、中标（成交）信息 供应商名称：河北广播电视台供应商地址：石家庄市建华南大街100号中标（成交）金额：19.9500000（万元）四、主要标的信息 序号    供应商名称      服务名称      服务范围      服务要求      服务时间      服务标准   1    河北广播电视台      河北省消防救援总队开办河北广播电视台广播专栏项目      河北省消防救援总队开办河北广播电视台广播专栏项目，通过与河北广播电视台战略合作，开办河北广播电视台广播专栏，策划播出专题节目，消防公益广告，推送消防安全提示警示或重大事件信息，播发消防专项行动或重大抢险救援资讯。      符合采购人要求      1年（服务期限为2026-2027年度）      符合采购人要求                 五、评审专家（单一来源采购人员）名单： 谢飞（采购人代表）、高文平（评审委员会主任）、刘斌 六、代理服务收费标准及金额： 本项目代理费收费标准：参照《招标代理服务收费管理暂行办法》（计价格[2002]1980号）收费标准的75%进行收取（公式：成交金额*1.5%*75%） 本项目代理费总金额：0.2244375 万元（人民币） 七、公告期限 自本公告发布之日起1个工作日。 八、其它补充事宜 无 九、凡对本次公告内容提出询问，请按以下方式联系。 1.采购人信息 名 称：河北省消防救援总队 地址：石家庄市裕华区槐安东路349号 联系方式：王助理 0311-89181631 2.采购代理机构信息 名 称：河北宏信招标有限公司 地 址：河北省石家庄市新华区合作路68号新合作广场B座14 联系方式：薛旸、刘希 0311-86958901 3.项目联系方式 项目联系人：薛旸、刘希 电 话： 0311-86958901,公共安全,,中国政府采购网,,,,,,19.95,"[{""序号"": ""1"", ""供应商名称"": ""河北广播电视台"", ""服务名称"": ""河北省消防救援总队开办河北广播电视台广播专栏项目"", ""服务范围"": ""河北省消防救援总队开办河北广播电视台广播专栏项目，通过与河北广播电视台战略合作，开办河北广播电视台广播专栏，策划播出专题节目，消防公益广告，推送消防安全提示警示或重大事件信息，播发消防专项行动或重大抢险救援资讯。"", ""服务要求"": ""符合采购人要求"", ""服务时间"": ""1年（服务期限为2026-2027年度）"", ""服务标准"": ""符合采购人要求""}]",谢飞（采购人代表）、高文平（评审委员会主任）、刘斌,0.2244375,河北广播电视台,,,,
中国科协科学技术传播中心屠守锷主题展览项目成交公告,成交公告,CTIETC-FWZB-2608012,2026年09月07日 14:07,北京市,中国科协科学技术传播中心,北京市朝阳区北辰东路3号院,王老师 010-87413589,中贸国际工程招标（北京）有限公司,北京市丰台区西四环南路35号中都科技大厦1009室,成凯、冯英山、崔嘉林、徐洁、张立、马泽涵010-86203830、86203831,成凯、冯英山、崔嘉林、徐洁、张,010-86203830、86203831,"屠守锷主题展览项目招标文件-最终版8.17.pdf,宏图-中小企业声明函.png,屠守锷主题展览项目竞争性谈判文件-0831.pdf","[{""attach_name"": ""屠守锷主题展览项目招标文件-最终版8.17.pdf"", ""attach_url"": ""https://download.ccgp.gov.cn/oss/download?uuid=85E787CCEF8041E33C520F63103D56""}, {""attach_name"": ""宏图-中小企业声明函.png"", ""attach_url"": ""https://download.ccgp.gov.cn/oss/download?uuid=410D6F2D7F381E6CF6ECC7A3E29350""}, {""attach_name"": ""屠守锷主题展览项目竞争性谈判文件-0831.pdf"", ""attach_url"": ""https://download.ccgp.gov.cn/oss/download?uuid=7AB71A6A6C838143EE20F2273F5546""}]",https://www.ccgp.gov.cn/cggg/zygg/cjgg/202609/t20260907_27277506.htm,2026-09-10 09:37:40,一、项目编号：CTIETC-FWZB-2608012（招标文件编号：CTIETC-FWZB-2608012） 二、项目名称：屠守锷主题展览项目 三、中标（成交）信息 供应商名称：北京宏图展览展示有限公司供应商地址：北京市通州区北皇木厂北街5号院1号楼7层718室中标（成交）金额：26.8000000（万元）四、主要标的信息 序号    供应商名称      服务名称      服务范围      服务要求      服务时间      服务标准   1    北京宏图展览展示有限公司      屠守锷主题展览      展览面积约500平方米，展览时间约3个月。投标人须根据采购人提供的布展思路做好展览展陈的概念设计和深化设计、展览大纲修改与完善、视频剪辑与包装、设备租赁、布展施工、场景搭建、辅助展品制作和撤展等工作；并做好宣传推广、数字化传播等配套工作      详见采购文件      合同签订起至2026年12月30日（展期及场地以采购人需求为准）      详见采购文件                 五、评审专家（单一来源采购人员）名单： 纪有、郭耀红、邹冰洋 六、代理服务收费标准及金额： 本项目代理费收费标准：按国家计委关于印发的《招标代理服务收费管理暂行办法》（计价格〔2002〕1980号）规定的收费标准，由中标人支付 本项目代理费总金额：0.402000 万元（人民币） 七、公告期限 自本公告发布之日起1个工作日。 八、其它补充事宜 无 九、凡对本次公告内容提出询问，请按以下方式联系。 1.采购人信息 名 称：中国科协科学技术传播中心 地址：北京市朝阳区北辰东路3号院 联系方式：王老师 010-87413589 2.采购代理机构信息 名 称：中贸国际工程招标（北京）有限公司 地 址：北京市丰台区西四环南路35号中都科技大厦1009室 联系方式：成凯、冯英山、崔嘉林、徐洁、张立、马泽涵010-86203830、86203831 3.项目联系方式 项目联系人：成凯、冯英山、崔嘉林、徐洁、张立、马泽涵 电 话： 010-86203830、86203831,信息技术,,中国政府采购网,,,,,,26.8,"[{""序号"": ""1"", ""供应商名称"": ""北京宏图展览展示有限公司"", ""服务名称"": ""屠守锷主题展览"", ""服务范围"": ""展览面积约500平方米，展览时间约3个月。投标人须根据采购人提供的布展思路做好展览展陈的概念设计和深化设计、展览大纲修改与完善、视频剪辑与包装、设备租赁、布展施工、场景搭建、辅助展品制作和撤展等工作；并做好宣传推广、数字化传播等配套工作"", ""服务要求"": ""详见采购文件"", ""服务时间"": ""合同签订起至2026年12月30日（展期及场地以采购人需求为准）"", ""服务标准"": ""详见采购文件""}]",纪有、郭耀红、邹冰洋,0.402,北京宏图展览展示有限公司,,,,
民航总医院朝阳区朝阳路76号院4#楼病房外立面改造工程项目成交公告,成交公告,4000104511787015344953-2026082044,2026年09月07日 13:59,朝阳区,民航总医院,北京市朝阳区朝阳路76号院,010-85762244,北京北咨招标有限公司,北京市通州区云杉路2号院11号楼2层201室,锅妍、陈思,锅妍、陈思,18614255086,"竞争性磋商文件-朝阳区朝阳路76号院4#楼病房外立面改造工程项目-终.docx,戎信中小.pdf","[{""attach_name"": ""竞争性磋商文件-朝阳区朝阳路76号院4#楼病房外立面改造工程项目-终.docx"", ""attach_url"": ""https://download.ccgp.gov.cn/oss/download?uuid=0AE94609FBA79E31B4D2BDCEEC3A76""}, {""attach_name"": ""戎信中小.pdf"", ""attach_url"": ""https://download.ccgp.gov.cn/oss/download?uuid=CFA3710D143C8EBA9192B4924C7920""}]",https://www.ccgp.gov.cn/cggg/zygg/cjgg/202609/t20260907_27277478.htm,2026-09-10 09:37:41,一、项目编号：4000104511787015344953-2026082044（招标文件编号：2026082044） 二、项目名称：朝阳区朝阳路76号院4#楼病房外立面改造工程项目 三、中标（成交）信息 供应商名称：北京戎信建筑工程有限公司供应商地址：北京市朝阳区久文路6号院45号楼1层（01）101内D室中标（成交）金额：168.1821360（万元）四、主要标的信息 序号    供应商名称       工程名称       施工范围       施工工期       项目经理       执业证书   1    北京戎信建筑工程有限公司      朝阳区朝阳路76号院4#楼病房外立面改造工程项目      房修土建、房修装饰及房修安装（房修电气）工程等工作内容，包含图纸和工程量清单中所有内容。      74日历天      吴皓      二级建造师注册证书（建筑工程）：京2112019202075298                 五、评审专家（单一来源采购人员）名单： 梁京湘、宋军（组长）、韩寒 六、代理服务收费标准及金额： 本项目代理费收费标准：按照国家发展计划委员会颁发的《招标代理服务收费管理暂行办法》（计价格[2002]1980号）和国家发展改革委办公厅关于招标代理服务收费有关问题的通知（发改办价格[2003]857号）执行；收费明细：10000+(1681821.36-1000000)*0.7/100=14772.75元 本项目代理费总金额：1.477275 万元（人民币） 七、公告期限 自本公告发布之日起1个工作日。 八、其它补充事宜 九、凡对本次公告内容提出询问，请按以下方式联系。 1.采购人信息 名 称：民航总医院 地址：北京市朝阳区朝阳路76号院 联系方式：010-85762244 2.采购代理机构信息 名 称：北京北咨招标有限公司 地 址：北京市通州区云杉路2号院11号楼2层201室 联系方式：锅妍、陈思 3.项目联系方式 项目联系人：锅妍、陈思 电 话： 18614255086,医疗卫生,,中国政府采购网,,,,,,168.182136,"[{""序号"": ""1"", ""供应商名称"": ""北京戎信建筑工程有限公司"", ""工程名称"": ""朝阳区朝阳路76号院4#楼病房外立面改造工程项目"", ""施工范围"": ""房修土建、房修装饰及房修安装（房修电气）工程等工作内容，包含图纸和工程量清单中所有内容。"", ""施工工期"": ""74日历天"", ""项目经理"": ""吴皓"", ""执业证书"": ""二级建造师注册证书（建筑工程）：京2112019202075298""}]",梁京湘、宋军（组长）、韩寒,1.477275,北京戎信建筑工程有限公司,,,,
中国海洋大学工程1号楼修缮工程成交公告,成交公告,QDQZZB-260812,2026年09月07日 13:54,青岛市,中国海洋大学,山东省青岛市崂山区松岭路238号,王老师0532- 66781808,青岛青招招标有限公司,青岛市崂山区辽阳东路23号山钢东部新天地1幢15层,徐芬0532-88913680,徐芬,0532-88913680,"中小企业声明函--中旭东岳建设集团有限公司.pdf,磋商文件--中国海洋大学工程1号楼修缮工程.pdf","[{""attach_name"": ""中小企业声明函--中旭东岳建设集团有限公司.pdf"", ""attach_url"": ""https://download.ccgp.gov.cn/oss/download?uuid=301E0F5DBA7299AE1A380428EAE069""}, {""attach_name"": ""磋商文件--中国海洋大学工程1号楼修缮工程.pdf"", ""attach_url"": ""https://download.ccgp.gov.cn/oss/download?uuid=F6D9A19D51B8C0FE680B02657D8454""}]",https://www.ccgp.gov.cn/cggg/zygg/cjgg/202609/t20260907_27277449.htm,2026-09-10 09:37:41,一、项目编号：QDQZZB-260812（招标文件编号：QDQZZB-260812） 二、项目名称：中国海洋大学工程1号楼修缮工程 三、中标（成交）信息 供应商名称：中旭东岳建设集团有限公司供应商地址：山东省青岛市崂山区圣水路8号3号楼202-3室中标（成交）金额：359.0000000（万元）四、主要标的信息 序号    供应商名称       工程名称       施工范围       施工工期       项目经理       执业证书   1    中旭东岳建设集团有限公司      中国海洋大学工程1号楼修缮工程      工程量清单对应的内容及磋商文件说明内容      54日历天      张睿      中华人民共和国一级建造师注册证书                 五、评审专家（单一来源采购人员）名单： 刘超、王兴申、刁闻宙 六、代理服务收费标准及金额： 本项目代理费收费标准：按照《招标代理服务收费管理暂行办法》（计价格〔2002〕1980号）之规定标准收费的60%计取。 本项目代理费总金额：1.687800 万元（人民币） 七、公告期限 自本公告发布之日起1个工作日。 八、其它补充事宜 成交供应商：中旭东岳建设集团有限公司得分：90.50 九、凡对本次公告内容提出询问，请按以下方式联系。 1.采购人信息 名 称：中国海洋大学 地址：山东省青岛市崂山区松岭路238号 联系方式：王老师0532- 66781808 2.采购代理机构信息 名 称：青岛青招招标有限公司 地 址：青岛市崂山区辽阳东路23号山钢东部新天地1幢15层 联系方式：徐芬0532-88913680 3.项目联系方式 项目联系人：徐芬 电 话： 0532-88913680,教育培训,,中国政府采购网,,,,,,359.0,"[{""序号"": ""1"", ""供应商名称"": ""中旭东岳建设集团有限公司"", ""工程名称"": ""中国海洋大学工程1号楼修缮工程"", ""施工范围"": ""工程量清单对应的内容及磋商文件说明内容"", ""施工工期"": ""54日历天"", ""项目经理"": ""张睿"", ""执业证书"": ""中华人民共和国一级建造师注册证书""}]",刘超、王兴申、刁闻宙,1.6878,中旭东岳建设集团有限公司,,,,
北京中医药大学建校70周年高质量发展大会活动服务采购项目成交公告,成交公告,ZBXM20260817211519/TC26190C5,2026年09月07日 13:51,北京市,北京中医药大学,北京市朝阳区北三环东路11号,赵老师，010-53911758,中招国际招标有限公司,北京市海淀区学院南路62号中关村资本大厦,侯东艳、张涵睿、邓嘉莹、蒋雪娜、陈思佳，010-61954119、61954120,侯东艳、张涵睿、邓嘉莹、蒋雪娜,010-61954119、61954120,"北京中医药大学建校70周年高质量发展大会活动服务采购项目比选文件（发售稿）.pdf,中小企业声明函.pdf","[{""attach_name"": ""北京中医药大学建校70周年高质量发展大会活动服务采购项目比选文件（发售稿）.pdf"", ""attach_url"": ""https://download.ccgp.gov.cn/oss/download?uuid=013C5C766132DD432EBD95CE46EF46""}, {""attach_name"": ""中小企业声明函.pdf"", ""attach_url"": ""https://download.ccgp.gov.cn/oss/download?uuid=82CBA796EA5319F7D1C14EED7B6570""}]",https://www.ccgp.gov.cn/cggg/zygg/cjgg/202609/t20260907_27277432.htm,2026-09-10 09:37:42,一、项目编号：ZBXM20260817211519/TC26190C5（招标文件编号：ZBXM20260817211519/TC26190C5） 二、项目名称：北京中医药大学建校70周年高质量发展大会活动服务采购项目 三、中标（成交）信息 供应商名称：北京惠新特文化传媒有限公司供应商地址：北京市房山区城关街道马各庄村村委会南125米中标（成交）金额：33.9000000（万元）四、主要标的信息 序号    供应商名称      服务名称      服务范围      服务要求      服务时间      服务标准   1    北京惠新特文化传媒有限公司      北京中医药大学建校70周年高质量发展大会活动服务      详见比选文件      详见比选文件      详见比选文件      详见比选文件                 五、评审专家（单一来源采购人员）名单： 张立新、李祯、高鹏（采购人代表） 六、代理服务收费标准及金额： 本项目代理费收费标准：详见比选文件要求。 本项目代理费总金额：0.457650 万元（人民币） 七、公告期限 自本公告发布之日起1个工作日。 八、其它补充事宜 1.成交供应商评审总得分：93.33分。2.未成交供应商请在成交公告发布之日起5个工作日内联系采购代理机构办理退还比选保证金事宜，成交供应商请在采购合同签订之日起5个工作日内联系采购代理机构办理退还比选保证金事宜。 九、凡对本次公告内容提出询问，请按以下方式联系。 1.采购人信息 名 称：北京中医药大学 地址：北京市朝阳区北三环东路11号 联系方式：赵老师，010-53911758 2.采购代理机构信息 名 称：中招国际招标有限公司 地 址：北京市海淀区学院南路62号中关村资本大厦 联系方式：侯东艳、张涵睿、邓嘉莹、蒋雪娜、陈思佳，010-61954119、61954120 3.项目联系方式 项目联系人：侯东艳、张涵睿、邓嘉莹、蒋雪娜、陈思佳 电 话： 010-61954119、61954120,医疗卫生,,中国政府采购网,,,,,,33.9,"[{""序号"": ""1"", ""供应商名称"": ""北京惠新特文化传媒有限公司"", ""服务名称"": ""北京中医药大学建校70周年高质量发展大会活动服务"", ""服务范围"": ""详见比选文件"", ""服务要求"": ""详见比选文件"", ""服务时间"": ""详见比选文件"", ""服务标准"": ""详见比选文件""}]",张立新、李祯、高鹏（采购人代表）,0.45765,北京惠新特文化传媒有限公司,,,,
西安交通大学高性能 AI 计算模拟系统平台成交公告,成交公告,,2026年09月07日 13:28,碑林区,西安交通大学,西安市碑林区兴庆南路10号交大出版大厦19层采购办办公室,tender@xjtu.edu.cn，咨询QQ群：367046737;联系电话：029-82668649/029-82668195,西安交通大学,西安市碑林区兴庆南路10号交大出版大厦19层采购办办公室,tender@xjtu.edu.cn，咨询QQ群：367046737;联系电话：029-82668649/029-82668195,饶元,029-82668649,陕西博城鑫信息科技有限公司-中小企业声明函.pdf,"[{""attach_name"": ""陕西博城鑫信息科技有限公司-中小企业声明函.pdf"", ""attach_url"": ""https://download.ccgp.gov.cn/oss/download?uuid=E877BA7127D35A52DE9D4826DBD9AC""}]",https://www.ccgp.gov.cn/cggg/zygg/cjgg/202609/t20260907_27277477.htm,2026-09-10 09:37:43,"一、项目编号：西交采招（2026）349（招标文件编号：西交采招（2026）387） 二、项目名称：高性能 AI 计算模拟系统平台 三、中标（成交）信息 供应商名称：陕西博城鑫信息科技有限公司供应商地址：陕西省西安市沣东新城三桥街办新军寨88号中标（成交）金额：196.6000000（万元）四、主要标的信息 序号    供应商名称      货物名称      货物品牌      货物型号      货物数量      货物单价(元)   1    陕西博城鑫信息科技有限公司      高性能 AI 计算模拟系统平台      博城鑫      BCX545HPC03 BCX545HPC02 BCX545HPC026      一批      1966000元                 五、评审专家（单一来源采购人员）名单： 刘宏磊,刘宸,闫晓弟,邸双亮,饶元 六、代理服务收费标准及金额： 本项目代理费收费标准：无 本项目代理费总金额：0.000000 万元（人民币） 七、公告期限 自本公告发布之日起1个工作日。 八、其它补充事宜 成交供应商最终得分为：78分。 九、凡对本次公告内容提出询问，请按以下方式联系。 1.采购人信息 名 称：西安交通大学 地址：西安市碑林区兴庆南路10号交大出版大厦19层采购办办公室 联系方式：tender@xjtu.edu.cn，咨询QQ群：367046737;联系电话：029-82668649/029-82668195 2.采购代理机构信息 名 称：西安交通大学 地 址：西安市碑林区兴庆南路10号交大出版大厦19层采购办办公室 联系方式：tender@xjtu.edu.cn，咨询QQ群：367046737;联系电话：029-82668649/029-82668195 3.项目联系方式 项目联系人：饶元 电 话： raoyuan@mail.xjtu.edu.cn",教育培训,,中国政府采购网,,,,,,196.6,"[{""序号"": ""1"", ""供应商名称"": ""陕西博城鑫信息科技有限公司"", ""货物名称"": ""高性能 AI 计算模拟系统平台"", ""货物品牌"": ""博城鑫"", ""货物型号"": ""BCX545HPC03 BCX545HPC02 BCX545HPC026"", ""货物数量"": ""一批"", ""货物单价(元)"": ""1966000元""}]","刘宏磊,刘宸,闫晓弟,邸双亮,饶元",0.0,陕西博城鑫信息科技有限公司,,,,
广西科文招标有限公司中国人民银行广西壮族自治区分行滨湖、洪历、桃源办公区物业服务采购（KWZZ5G2026630）成交结果公告,成交公告,KWZZ5G2026630,2026年09月07日 12:15,广西壮族自治区,中国人民银行广西壮族自治区分行,南宁市滨湖路58号,杨运希0771-6111779,广西科文招标有限公司,南宁市民族大道路141号中鼎万象东方大厦D区五层,谭志华，联系电话：0771-2026103，传真：0771-2023997,谭志华,0771-2026103,"中小企业声明函.pdf,中国人民银行广西壮族自治区分行滨湖、洪历、桃源办公区物业服务采购（KWZZ5G2026630）公开招标文件 发布稿 8-13.pdf","[{""attach_name"": ""中小企业声明函.pdf"", ""attach_url"": ""https://download.ccgp.gov.cn/oss/download?uuid=AB5FF4CD96EDF11DF31D337E3A8F98""}, {""attach_name"": ""中国人民银行广西壮族自治区分行滨湖、洪历、桃源办公区物业服务采购（KWZZ5G2026630）公开招标文件 发布稿 8-13.pdf"", ""attach_url"": ""https://download.ccgp.gov.cn/oss/download?uuid=B67CEEB042CD064409F0269D0C6314""}]",https://www.ccgp.gov.cn/cggg/zygg/cjgg/202609/t20260907_27277214.htm,2026-09-10 09:37:43,一、项目编号：KWZZ5G2026630 （招标文件编号：KWZZ5G2026630） 二、项目名称：中国人民银行广西壮族自治区分行滨湖、洪历、桃源办公区物业服务采购 三、中标（成交）信息 供应商名称：南宁市中联金牌物业管理有限责任公司供应商地址：南宁市青秀区民族大道157号财富广场2号办公楼12层中标（成交）金额：389.5685880（万元）四、主要标的信息 序号    供应商名称      服务名称      服务范围      服务要求      服务时间      服务标准   1    南宁市中联金牌物业管理有限责任公司      中国人民银行广西壮族自治区分行滨湖、洪历、桃源办公区物业服务采购。      详见招标文件      详见招标文件      本项目采取一次招标三年沿用的方式，采取一年一签合同的方式，第一次签订合同的期限为12个月，起止时间为2026年10月1日至2027年9月30日。本次合同期结束后，在采购方预算有保障，且双方无异议的前提下，可续签下一年的合同。第二次合同服务期限：2027年10月1日至2028年9月30日。本次合同期结束后，在采购方预算有保障，且双方无异议的前提下，可续签下一年的合同。第三次合同服务期限：2028年10月1日至2029年9月30日。本次合同期结束后，不再续签下一年的合同，招标人重新开始招标。      符合国家有关标准                 五、评审专家（单一来源采购人员）名单： 林智权（组长）、宣云、唐莉、林华、陈庆发（采购人代表） 六、代理服务收费标准及金额： 本项目代理费收费标准：本项目代理服务费参照国家计委《采购代理服务收费管理暂行办法》（计价格[2002]1980号文）、发改价格〔2011〕534号文对应的取费费率差额定率累进法计取标准下浮20%收取（如代理服务费不足5000元，按5000元包干计取）。成交服务费指定账户：开户名称：广西科文招标有限公司南宁一分公司；开户银行：广西北部湾银行股份有限公司南宁市云景支行；银行账号：805029765900001 本项目代理费总金额：5.897400 万元（人民币） 七、公告期限 自本公告发布之日起1个工作日。 八、其它补充事宜 1.南宁市中联金牌物业管理有限责任公司总得分97.20分2.公告媒体：中国政府采购网（www.ccgp.gov.cn）、www.chinabidding.com.cn（中国采购与招标网） 九、凡对本次公告内容提出询问，请按以下方式联系。 1.采购人信息 名 称：中国人民银行广西壮族自治区分行 地址：南宁市滨湖路58号 联系方式：杨运希0771-6111779 2.采购代理机构信息 名 称：广西科文招标有限公司 地 址：南宁市民族大道路141号中鼎万象东方大厦D区五层 联系方式：谭志华，联系电话：0771-2026103，传真：0771-2023997 3.项目联系方式 项目联系人：谭志华 电 话： 0771-2026103,服务外包,,中国政府采购网,,,,,,389.568588,"[{""序号"": ""1"", ""供应商名称"": ""南宁市中联金牌物业管理有限责任公司"", ""服务名称"": ""中国人民银行广西壮族自治区分行滨湖、洪历、桃源办公区物业服务采购。"", ""服务范围"": ""详见招标文件"", ""服务要求"": ""详见招标文件"", ""服务时间"": ""本项目采取一次招标三年沿用的方式，采取一年一签合同的方式，第一次签订合同的期限为12个月，起止时间为2026年10月1日至2027年9月30日。本次合同期结束后，在采购方预算有保障，且双方无异议的前提下，可续签下一年的合同。第二次合同服务期限：2027年10月1日至2028年9月30日。本次合同期结束后，在采购方预算有保障，且双方无异议的前提下，可续签下一年的合同。第三次合同服务期限：2028年10月1日至2029年9月30日。本次合同期结束后，不再续签下一年的合同，招标人重新开始招标。"", ""服务标准"": ""符合国家有关标准""}]",林智权（组长）、宣云、唐莉、林华、陈庆发（采购人代表）,5.8974,南宁市中联金牌物业管理有限责任公司,,,,
白山消防救援机动支队机关及应急通信和车辆勤务中队主副食品定点采购配送项目成交公告,成交公告,JLQH-2026-ZB-037,2026年09月07日 12:05,八道江区,白山消防救援机动支队,吉林省白山市,朱先生,吉林省乾海项目管理有限公司,13354397009,胡女士,胡女士,13354397009,,,https://www.ccgp.gov.cn/cggg/zygg/cjgg/202609/t20260907_27277164.htm,2026-09-10 09:37:44,一、项目编号：JLQH-2026-ZB-037（招标文件编号：JLQH-2026-ZB-037） 二、项目名称：白山消防救援机动支队机关及应急通信和车辆勤务中队主副食品定点采购配送项目 三、中标（成交）信息 供应商名称：白山市齐家餐饮服务有限公司供应商地址：白山市江源区昌泰阳光花园7幢117号库包组或产品名称：服务范围：为采购人提供畜肉类、禽肉类、水产类、禽蛋类、蔬菜类（含豆制品类）、水果类、饮料类、干货调料类、牛奶类等副食品；折扣率(%)：94.0000000四、主要标的信息 序号    供应商名称      服务名称      服务范围      服务要求      服务时间      服务标准   1    白山市齐家餐饮服务有限公司      白山消防救援机动支队机关及应急通信和车辆勤务中队主副食品定点采购配送项目      为采购人提供畜肉类、禽肉类、水产类、禽蛋类、蔬菜类（含豆制品类）、水果类、饮料类、干货调料类、牛奶类等副食品；      优质服务      自合同签订之日起1年      符合国家食品质量验收标准                 五、评审专家（单一来源采购人员）名单： 李春林，宋韬，司站屹。 六、代理服务收费标准及金额： 本项目代理费收费标准：招标代理费参照吉省价收﹝2016﹞98号文件并结合市场调节价计取，由中标单位在中标结果公示结束后三个工作日内支付，本项目向中标单位收取1.5%招标代理费。 本项目代理费总金额：0.000000 万元（人民币） 七、公告期限 自本公告发布之日起1个工作日。 八、其它补充事宜 无 九、凡对本次公告内容提出询问，请按以下方式联系。 1.采购人信息 名 称：白山消防救援机动支队 地址：吉林省白山市 联系方式：朱先生 2.采购代理机构信息 名 称：吉林省乾海项目管理有限公司 地 址：13354397009 联系方式：胡女士 3.项目联系方式 项目联系人：胡女士 电 话： 13354397009,公共安全,,中国政府采购网,,,,,,0.0,"[{""序号"": ""1"", ""供应商名称"": ""白山市齐家餐饮服务有限公司"", ""服务名称"": ""白山消防救援机动支队机关及应急通信和车辆勤务中队主副食品定点采购配送项目"", ""服务范围"": ""为采购人提供畜肉类、禽肉类、水产类、禽蛋类、蔬菜类（含豆制品类）、水果类、饮料类、干货调料类、牛奶类等副食品；"", ""服务要求"": ""优质服务"", ""服务时间"": ""自合同签订之日起1年"", ""服务标准"": ""符合国家食品质量验收标准""}]",李春林，宋韬，司站屹。,0.0,白山市齐家餐饮服务有限公司,,,,
国家数据发展研究院模型算力服务成交公告,成交公告,2640STC23418,2026年09月07日 11:59,北京市,国家数据发展研究院,北京市西城区月坛北小街2号院综合科研办公楼第5层,010-89062612,中钢招标有限责任公司,北京市海淀区海淀大街8号中钢国际广场16层,韩帅文（购买文件、发票咨询）、高源、朱业静、严艳青、徐平、王俊通62688243,韩帅文,010-62688243,"被推荐供应商名单、推荐理由-模型算力服务.pdf,竞争性磋商文件-模型算力服务.pdf,中小企业声明函.pdf","[{""attach_name"": ""被推荐供应商名单、推荐理由-模型算力服务.pdf"", ""attach_url"": ""https://download.ccgp.gov.cn/oss/download?uuid=78B64FCF1637941B2E89177E5F89AA""}, {""attach_name"": ""竞争性磋商文件-模型算力服务.pdf"", ""attach_url"": ""https://download.ccgp.gov.cn/oss/download?uuid=F737610A96ED0497348F8EE02A8345""}, {""attach_name"": ""中小企业声明函.pdf"", ""attach_url"": ""https://download.ccgp.gov.cn/oss/download?uuid=E4C1B4D7A7370F0701EDA5C2A9E166""}]",https://www.ccgp.gov.cn/cggg/zygg/cjgg/202609/t20260907_27277123.htm,2026-09-10 09:37:45,一、项目编号：2640STC23418（招标文件编号：2640STC23418） 二、项目名称：模型算力服务 三、中标（成交）信息 供应商名称：云津智慧科技有限公司供应商地址：成都市天府牧山数字新城（新津区花源街道青瓷路51号）中标（成交）金额：66.6000000（万元）四、主要标的信息 序号    供应商名称      服务名称      服务范围      服务要求      服务时间      服务标准   1    云津智慧科技有限公司      模型算力服务      模型算力服务要求的全部内容      模型算力服务要求的全部内容      2026年8月至2026年10月，以采购人实际要求为准      满足磋商文件的全部要求                 五、评审专家（单一来源采购人员）名单： 连培海、梁卫东、杨林 六、代理服务收费标准及金额： 本项目代理费收费标准：成交供应商的最后报价为计算基数，按“国家计委关于印发《招标代理服务收费管理暂行办法》的通知”（计价格[2002]1980号）规定的收费标准，采用差额定率累进计费方式计算 本项目代理费总金额：0.999000 万元（人民币） 七、公告期限 自本公告发布之日起1个工作日。 八、其它补充事宜 成交供应商综合得分：94.33分 九、凡对本次公告内容提出询问，请按以下方式联系。 1.采购人信息 名 称：国家数据发展研究院 地址：北京市西城区月坛北小街2号院综合科研办公楼第5层 联系方式：010-89062612 2.采购代理机构信息 名 称：中钢招标有限责任公司 地 址：北京市海淀区海淀大街8号中钢国际广场16层 联系方式：韩帅文（购买文件、发票咨询）、高源、朱业静、严艳青、徐平、王俊通62688243 3.项目联系方式 项目联系人：韩帅文（购买文件、发票咨询）、高源、朱业静、严艳青、徐平、王俊通 电 话： 010-62688243,信息技术,,中国政府采购网,,,,,,66.6,"[{""序号"": ""1"", ""供应商名称"": ""云津智慧科技有限公司"", ""服务名称"": ""模型算力服务"", ""服务范围"": ""模型算力服务要求的全部内容"", ""服务要求"": ""模型算力服务要求的全部内容"", ""服务时间"": ""2026年8月至2026年10月，以采购人实际要求为准"", ""服务标准"": ""满足磋商文件的全部要求""}]",连培海、梁卫东、杨林,0.999,云津智慧科技有限公司,,,,
国家数据发展研究院一表通系统制度体系建设服务成交公告,成交公告,2640STC23417,2026年09月07日 11:49,北京市,国家数据发展研究院,北京市西城区月坛北小街2号院综合科研办公楼第5层,010-89062612,中钢招标有限责任公司,北京市海淀区海淀大街8号中钢国际广场16层,韩帅文（购买文件、发票咨询）、高源、朱业静、严艳青、徐平、王俊通010-62688243,韩帅文,010-62688243,"被推荐供应商名单、推荐理由-一表通系统制度体系建设服务.pdf,竞争性磋商文件-一表通系统制度体系建设服务.pdf","[{""attach_name"": ""被推荐供应商名单、推荐理由-一表通系统制度体系建设服务.pdf"", ""attach_url"": ""https://download.ccgp.gov.cn/oss/download?uuid=F9FEA2ECDC3A1B1C1FA234A1FA64E5""}, {""attach_name"": ""竞争性磋商文件-一表通系统制度体系建设服务.pdf"", ""attach_url"": ""https://download.ccgp.gov.cn/oss/download?uuid=0747022798CE923B9E858D0B533167""}]",https://www.ccgp.gov.cn/cggg/zygg/cjgg/202609/t20260907_27276936.htm,2026-09-10 09:37:45,一、项目编号：2640STC23417（招标文件编号：2640STC23417） 二、项目名称：一表通系统制度体系建设服务 三、中标（成交）信息 供应商名称：国信国际工程咨询集团股份有限公司供应商地址：北京市海淀区首体南路22号楼10层中标（成交）金额：10.0000000（万元）四、主要标的信息 序号    供应商名称      服务名称      服务范围      服务要求      服务时间      服务标准   1    国信国际工程咨询集团股份有限公司      一表通系统制度体系建设服务      一表通系统制度体系建设服务要求的全部内容      一表通系统制度体系建设服务要求的全部内容      自合同签订之日起至2026年9月30日前完成全部成果编制、修改完善和交付      满足磋商文件的全部要求                 五、评审专家（单一来源采购人员）名单： 骆冬梅、贾文凯、张纪 六、代理服务收费标准及金额： 本项目代理费收费标准：成交供应商的最后报价为计算基数，按“国家计委关于印发《招标代理服务收费管理暂行办法》的通知”（计价格[2002]1980号）规定的收费标准，采用差额定率累进计费方式计算 本项目代理费总金额：0.150000 万元（人民币） 七、公告期限 自本公告发布之日起1个工作日。 八、其它补充事宜 成交供应商综合得分：91.67分 九、凡对本次公告内容提出询问，请按以下方式联系。 1.采购人信息 名 称：国家数据发展研究院 地址：北京市西城区月坛北小街2号院综合科研办公楼第5层 联系方式：010-89062612 2.采购代理机构信息 名 称：中钢招标有限责任公司 地 址：北京市海淀区海淀大街8号中钢国际广场16层 联系方式：韩帅文（购买文件、发票咨询）、高源、朱业静、严艳青、徐平、王俊通010-62688243 3.项目联系方式 项目联系人：韩帅文（购买文件、发票咨询）、高源、朱业静、严艳青、徐平、王俊通 电 话： 010-62688243,工程建设,,中国政府采购网,,,,,,10.0,"[{""序号"": ""1"", ""供应商名称"": ""国信国际工程咨询集团股份有限公司"", ""服务名称"": ""一表通系统制度体系建设服务"", ""服务范围"": ""一表通系统制度体系建设服务要求的全部内容"", ""服务要求"": ""一表通系统制度体系建设服务要求的全部内容"", ""服务时间"": ""自合同签订之日起至2026年9月30日前完成全部成果编制、修改完善和交付"", ""服务标准"": ""满足磋商文件的全部要求""}]",骆冬梅、贾文凯、张纪,0.15,国信国际工程咨询集团股份有限公司,,,,
沈阳铁路公安局吉林公安处2026年离退休人员中秋节日福利采购项目（四次）成交结果公告,成交公告,JLZJ-HW20260727,2026年09月07日 11:02,市辖区,沈阳铁路公安局吉林公安处,吉林省吉林市昌邑区新兴街17号,慕振维 0432-66122978,吉林正建工程项目管理有限公司,吉林市船营区秀苑广场小区5号楼A座3单元4层85号,王爽 0432-63511577,王爽,0432-63511577,,,https://www.ccgp.gov.cn/cggg/zygg/cjgg/202609/t20260907_27276528.htm,2026-09-10 09:37:46,一、项目编号：JLZJ-HW20260727（招标文件编号：JLZJ-HW20260727（4）） 二、项目名称：沈阳铁路公安局吉林公安处2026年离退休人员中秋节日福利采购项目 三、中标（成交）信息 供应商名称：吉林市新兴园食品有限责任公司供应商地址：吉林市船营区越山路207号中标（成交）金额：0.0300000（万元）四、主要标的信息 序号    供应商名称      货物名称      货物品牌      货物型号      货物数量      货物单价(元)   1    吉林市新兴园食品有限责任公司      月饼礼盒套装      新兴园      150g/粒      474份      单价300.00元/份                 五、评审专家（单一来源采购人员）名单： 孔劲松、关艳玲、李萍。 六、代理服务收费标准及金额： 本项目代理费收费标准：本项目代理费收费标准：按照国家发展计划委员会“发改价格【2015】299号”文要求，中标金额2%，不足5000元按照5000元收取。 本项目代理费总金额：0.500000 万元（人民币） 七、公告期限 自本公告发布之日起1个工作日。 八、其它补充事宜 成交结果公告 一、项目编号：JLZJ-HW20260727（4）二、项目名称：沈阳铁路公安局吉林公安处2026年离退休人员中秋节日福利采购项目（四次）三、中标（成交）信息供应商名称：吉林市新兴园食品有限责任公司供应商地址：吉林市船营区越山路207号中标（成交）金额：单价300.00元/份四、主要标的信息 供应商名称 货物名称 货物品牌 货物规格型号 货物数量 货物单价（元/份） 吉林市新兴园食品有限责任公司 月饼礼盒套装 新兴园 150g/粒 474份 300.00  五、评审专家名单：孔劲松、关艳玲、李萍。六、代理服务收费标准及金额：本项目代理费收费标准：按照国家发展计划委员会“发改价格【2015】299号”文要求，中标金额2%，不足5000元按照5000元收取。本项目代理费金额：5000元。七、公告期限自本公告发布之日起1个工作日。八、其他补充事宜本次中标结果公告在“中国招标投标公共服务平台、中国政府采购网”上同时发布。如果本项目的供应商对成交结果有异议，请在法律规定期限内以书面方式向采购人或采购代理机构提出。九、凡对本次公告内容提出询问，请按以下方式联系。1、采购人信息名    称：沈阳铁路公安局吉林公安处  地    址：吉林省吉林市昌邑区新兴街17号联系方式：慕振维  0432-661229782、采购代理机构信息   名    称：吉林正建工程项目管理有限公司   地    址：吉林市船营区秀苑广场小区5号楼A座3单元4层85号   联系方式：王爽 0432-635115773、项目联系方式   项目联系人：王爽   电      话：0432-63511577 九、凡对本次公告内容提出询问，请按以下方式联系。 1.采购人信息 名 称：沈阳铁路公安局吉林公安处 地址：吉林省吉林市昌邑区新兴街17号 联系方式：慕振维 0432-66122978 2.采购代理机构信息 名 称：吉林正建工程项目管理有限公司 地 址：吉林市船营区秀苑广场小区5号楼A座3单元4层85号 联系方式：王爽 0432-63511577 3.项目联系方式 项目联系人：王爽 电 话： 0432-63511577,公共安全,,中国政府采购网,,,,,,0.03,"[{""序号"": ""1"", ""供应商名称"": ""吉林市新兴园食品有限责任公司"", ""货物名称"": ""月饼礼盒套装"", ""货物品牌"": ""新兴园"", ""货物型号"": ""150g/粒"", ""货物数量"": ""474份"", ""货物单价(元)"": ""单价300.00元/份""}, {""供应商名称"": ""吉林市新兴园食品有限责任公司"", ""货物名称"": ""月饼礼盒套装"", ""货物品牌"": ""新兴园"", ""货物规格型号"": ""150g/粒"", ""货物数量"": ""474份"", ""货物单价（元/份）"": ""300.00""}]",孔劲松、关艳玲、李萍。,0.5,吉林市新兴园食品有限责任公司,,,,
合肥经济技术开发区消防救援大队新建小型消防站厨具设备采购项目成交结果公告,成交公告,AHYF-CG-20260803,2026年09月07日 10:15,蜀山区,合肥经济技术开发区消防救援大队,合肥市经开区翠微路489号,边参谋、0551-63547571,安徽远帆项目管理咨询有限公司,安徽省合肥市高新区科学大道习友路百商杰座8楼,田超（18855191604）、赵杰（18326068806）,赵杰,18326068806,中小企业声明函.pdf,"[{""attach_name"": ""中小企业声明函.pdf"", ""attach_url"": ""https://download.ccgp.gov.cn/oss/download?uuid=D1C169B140F022383D7D30E8BB103D""}]",https://www.ccgp.gov.cn/cggg/zygg/cjgg/202609/t20260907_27276063.htm,2026-09-10 09:37:46,一、项目编号：AHYF-CG-20260803（招标文件编号：AHYF-CG-20260803） 二、项目名称：合肥经济技术开发区消防救援大队新建小型消防站厨具设备采购项目 三、中标（成交）信息 供应商名称：安徽新汇泉节能环保科技有限公司供应商地址：安徽省合肥市庐阳区四里河街道淝河东街2号城市公馆B地块商业1幢2816室中标（成交）金额：18.5500000（万元）四、主要标的信息 序号    供应商名称      货物名称      货物品牌      货物型号      货物数量      货物单价(元)   1    安徽新汇泉节能环保科技有限公司      全自动电热开水器；消毒柜；四格定制保温柜；全自动电热开水等      科源美；厨达客；新汇泉；科源美等      430*480*1500mm；515*460*1480mm；1600*600*800mm；3KW40L等      1台；1台；1台；1台等      4400.00元/台；2500.00元/台；4200.00元/台；3250.00元/台等                 五、评审专家（单一来源采购人员）名单： 吕品、王古、崔坤理 六、代理服务收费标准及金额： 本项目代理费收费标准：详见本项目采购文件前附表中代理服务费收费标准。 本项目代理费总金额：0.300000 万元（人民币） 七、公告期限 自本公告发布之日起1个工作日。 八、其它补充事宜 若投标人对上述结果有异议，可在中标（成交）公告期限届满之日起七个工作日内以书面形式在工作时间（周一至周五，上午9:00-12:00，下午13:30-17:30，节假日休息）向安徽远帆项目管理咨询有限公司提出质疑（异议），质疑材料递交地址：安徽省合肥市高新区科学大道习友路百商杰座8楼，联系电话：18326068806。若投标人对质疑处理意见有异议，可在规定时间内以书面形式向采购人提出投诉。质疑提起的条件及不予受理的情形根据《中华人民共和国政府采购法》、《中华人民共和国政府采购法实施条例》、《安徽省政府采购供应商质疑处理办法》等法律法规，现将质疑提起的条件及不予受理的情形告知如下：（一）质疑应以书面形式实名提出，书面质疑材料应当包括以下内容：1、质疑人的名称、地址、邮编、联系人及联系电话；2、采购人名称、项目名称、项目编号、包别号（如有）；3、被质疑人名称；4、具体的质疑事项、基本事实及必要的证明材料；5、明确的请求及主张；6、必要的法律依据；7、提起质疑的日期。质疑人为自然人的，应当由本人签字；质疑人为法人或者其他组织的，应当由法定代表人、主要负责人，或者其授权代表签字或者盖章，并加盖公章。（二）有下列情形之一的，不予受理：1、提起质疑的主体不是参与该政府采购项目活动的供应商；2、提起质疑的时间超过规定时限的；3、质疑材料不完整的；4、质疑事项含有主观猜测等内容且未提供有效线索、难以查证的；5、对其他投标人（供应商）的投标文件详细内容质疑，无法提供合法来源渠道的；6、质疑事项已进入投诉处理、行政复议或行政诉讼程序的。 九、凡对本次公告内容提出询问，请按以下方式联系。 1.采购人信息 名 称：合肥经济技术开发区消防救援大队 地址：合肥市经开区翠微路489号 联系方式：边参谋、0551-63547571 2.采购代理机构信息 名 称：安徽远帆项目管理咨询有限公司 地 址：安徽省合肥市高新区科学大道习友路百商杰座8楼 联系方式：田超（18855191604）、赵杰（18326068806） 3.项目联系方式 项目联系人：赵杰 电 话： 18326068806,公共安全,,中国政府采购网,,,,,,18.55,"[{""序号"": ""1"", ""供应商名称"": ""安徽新汇泉节能环保科技有限公司"", ""货物名称"": ""全自动电热开水器；消毒柜；四格定制保温柜；全自动电热开水等"", ""货物品牌"": ""科源美；厨达客；新汇泉；科源美等"", ""货物型号"": ""430*480*1500mm；515*460*1480mm；1600*600*800mm；3KW40L等"", ""货物数量"": ""1台；1台；1台；1台等"", ""货物单价(元)"": ""4400.00元/台；2500.00元/台；4200.00元/台；3250.00元/台等""}]",吕品、王古、崔坤理,0.3,安徽新汇泉节能环保科技有限公司,,,,
合肥经济技术开发区消防救援大队新建小型消防站网络设备和智能接处警系统警情受理端采购项目成交结果公告,成交公告,AHYF-CG-20260802,2026年09月07日 10:14,蜀山区,合肥经济技术开发区消防救援大队,合肥市经开区翠微路489号,边参谋、0551-63547571,安徽远帆项目管理咨询有限公司,安徽省合肥市高新区科学大道习友路百商杰座8楼,田超（18855191604）、赵杰（18326068806）,赵杰,18326068806,,,https://www.ccgp.gov.cn/cggg/zygg/cjgg/202609/t20260907_27276056.htm,2026-09-10 09:37:47,一、项目编号：AHYF-CG-20260802（招标文件编号：AHYF-CG-20260802） 二、项目名称：合肥经济技术开发区消防救援大队新建小型消防站网络设备和智能接处警系统警情受理端采购项目 三、中标（成交）信息 供应商名称：合肥步斐智能科技有限公司供应商地址：安徽省合肥市瑶海区濉溪东路中兴花园4栋404室中标（成交）金额：27.5000000（万元）四、主要标的信息 序号    供应商名称      货物名称      货物品牌      货物型号      货物数量      货物单价(元)   1    合肥步斐智能科技有限公司      400万高清枪式摄像机；400万高清半球摄像机；16路2盘位录像机；智能接处警系统警情受理端      海康威视；海康威视；海康威视；天泽智联      DS-2CD1245-LA；DS-2CD1345V2-LA；DS-7832N-R2；定制      10台；17台；5套；5套      530元/台；530元/台；2900元/套；49900元/套                 五、评审专家（单一来源采购人员）名单： 吕品、王古、崔坤理 六、代理服务收费标准及金额： 本项目代理费收费标准：详见本项目采购文件前附表中代理服务费收费标准。 本项目代理费总金额：0.412500 万元（人民币） 七、公告期限 自本公告发布之日起1个工作日。 八、其它补充事宜 若投标人对上述结果有异议，可在中标（成交）公告期限届满之日起七个工作日内以书面形式在工作时间（周一至周五，上午9:00-12:00，下午13:30-17:30，节假日休息）向安徽远帆项目管理咨询有限公司提出质疑（异议），质疑材料递交地址：安徽省合肥市高新区科学大道习友路百商杰座8楼，联系电话：18326068806。若投标人对质疑处理意见有异议，可在规定时间内以书面形式向采购人提出投诉。质疑提起的条件及不予受理的情形根据《中华人民共和国政府采购法》、《中华人民共和国政府采购法实施条例》、《安徽省政府采购供应商质疑处理办法》等法律法规，现将质疑提起的条件及不予受理的情形告知如下：（一）质疑应以书面形式实名提出，书面质疑材料应当包括以下内容：1、质疑人的名称、地址、邮编、联系人及联系电话；2、采购人名称、项目名称、项目编号、包别号（如有）；3、被质疑人名称；4、具体的质疑事项、基本事实及必要的证明材料；5、明确的请求及主张；6、必要的法律依据；7、提起质疑的日期。质疑人为自然人的，应当由本人签字；质疑人为法人或者其他组织的，应当由法定代表人、主要负责人，或者其授权代表签字或者盖章，并加盖公章。（二）有下列情形之一的，不予受理：1、提起质疑的主体不是参与该政府采购项目活动的供应商；2、提起质疑的时间超过规定时限的；3、质疑材料不完整的；4、质疑事项含有主观猜测等内容且未提供有效线索、难以查证的；5、对其他投标人（供应商）的投标文件详细内容质疑，无法提供合法来源渠道的；6、质疑事项已进入投诉处理、行政复议或行政诉讼程序的。 九、凡对本次公告内容提出询问，请按以下方式联系。 1.采购人信息 名 称：合肥经济技术开发区消防救援大队 地址：合肥市经开区翠微路489号 联系方式：边参谋、0551-63547571 2.采购代理机构信息 名 称：安徽远帆项目管理咨询有限公司 地 址：安徽省合肥市高新区科学大道习友路百商杰座8楼 联系方式：田超（18855191604）、赵杰（18326068806） 3.项目联系方式 项目联系人：赵杰 电 话： 18326068806,公共安全,,中国政府采购网,,,,,,27.5,"[{""序号"": ""1"", ""供应商名称"": ""合肥步斐智能科技有限公司"", ""货物名称"": ""400万高清枪式摄像机；400万高清半球摄像机；16路2盘位录像机；智能接处警系统警情受理端"", ""货物品牌"": ""海康威视；海康威视；海康威视；天泽智联"", ""货物型号"": ""DS-2CD1245-LA；DS-2CD1345V2-LA；DS-7832N-R2；定制"", ""货物数量"": ""10台；17台；5套；5套"", ""货物单价(元)"": ""530元/台；530元/台；2900元/套；49900元/套""}]",吕品、王古、崔坤理,0.4125,合肥步斐智能科技有限公司,,,,
合肥经济技术开发区消防救援大队新建小型消防站空调及热水器设备采购项目成交结果公告,成交公告,AHYF-CG-20260804,2026年09月07日 10:14,蜀山区,合肥经济技术开发区消防救援大队,合肥市经开区翠微路489号,边参谋、0551-63547571,安徽远帆项目管理咨询有限公司,安徽省合肥市高新区科学大道习友路百商杰座8楼,田超（18855191604）、赵杰（18326068806）,赵杰,18326068806,,,https://www.ccgp.gov.cn/cggg/zygg/cjgg/202609/t20260907_27276061.htm,2026-09-10 09:37:48,一、项目编号：AHYF-CG-20260804（招标文件编号：AHYF-CG-20260804） 二、项目名称：合肥经济技术开发区消防救援大队新建小型消防站空调及热水器设备采购项目 三、中标（成交）信息 供应商名称：安徽国永机电有限公司供应商地址：安徽省合肥市蜀山区潜山路与淠河路交口凤凰家居建材广场负一层05号中标（成交）金额：19.9800000（万元）四、主要标的信息 序号    供应商名称      货物名称      货物品牌      货物型号      货物数量      货物单价(元)   1    安徽国永机电有限公司      柜机；柜机；壁挂机；壁挂机等      美的；美的；美的；美的等      KFR-72LW；KFR-72LW；KFR-35GW；KFR-35GW等      1台；1台；1台；1台等      4900元/台；4900元/台；2200元/台；2200元/台等                 五、评审专家（单一来源采购人员）名单： 吕品、王古、崔坤理 六、代理服务收费标准及金额： 本项目代理费收费标准：详见本项目采购文件前附表中代理服务费收费标准。 本项目代理费总金额：0.300000 万元（人民币） 七、公告期限 自本公告发布之日起1个工作日。 八、其它补充事宜 若投标人对上述结果有异议，可在中标（成交）公告期限届满之日起七个工作日内以书面形式在工作时间（周一至周五，上午9:00-12:00，下午13:30-17:30，节假日休息）向安徽远帆项目管理咨询有限公司提出质疑（异议），质疑材料递交地址：安徽省合肥市高新区科学大道习友路百商杰座8楼，联系电话：18326068806。若投标人对质疑处理意见有异议，可在规定时间内以书面形式向采购人提出投诉。质疑提起的条件及不予受理的情形根据《中华人民共和国政府采购法》、《中华人民共和国政府采购法实施条例》、《安徽省政府采购供应商质疑处理办法》等法律法规，现将质疑提起的条件及不予受理的情形告知如下：（一）质疑应以书面形式实名提出，书面质疑材料应当包括以下内容：1、质疑人的名称、地址、邮编、联系人及联系电话；2、采购人名称、项目名称、项目编号、包别号（如有）；3、被质疑人名称；4、具体的质疑事项、基本事实及必要的证明材料；5、明确的请求及主张；6、必要的法律依据；7、提起质疑的日期。质疑人为自然人的，应当由本人签字；质疑人为法人或者其他组织的，应当由法定代表人、主要负责人，或者其授权代表签字或者盖章，并加盖公章。（二）有下列情形之一的，不予受理：1、提起质疑的主体不是参与该政府采购项目活动的供应商；2、提起质疑的时间超过规定时限的；3、质疑材料不完整的；4、质疑事项含有主观猜测等内容且未提供有效线索、难以查证的；5、对其他投标人（供应商）的投标文件详细内容质疑，无法提供合法来源渠道的；6、质疑事项已进入投诉处理、行政复议或行政诉讼程序的。 九、凡对本次公告内容提出询问，请按以下方式联系。 1.采购人信息 名 称：合肥经济技术开发区消防救援大队 地址：合肥市经开区翠微路489号 联系方式：边参谋、0551-63547571 2.采购代理机构信息 名 称：安徽远帆项目管理咨询有限公司 地 址：安徽省合肥市高新区科学大道习友路百商杰座8楼 联系方式：田超（18855191604）、赵杰（18326068806） 3.项目联系方式 项目联系人：赵杰 电 话： 18326068806,公共安全,,中国政府采购网,,,,,,19.98,"[{""序号"": ""1"", ""供应商名称"": ""安徽国永机电有限公司"", ""货物名称"": ""柜机；柜机；壁挂机；壁挂机等"", ""货物品牌"": ""美的；美的；美的；美的等"", ""货物型号"": ""KFR-72LW；KFR-72LW；KFR-35GW；KFR-35GW等"", ""货物数量"": ""1台；1台；1台；1台等"", ""货物单价(元)"": ""4900元/台；4900元/台；2200元/台；2200元/台等""}]",吕品、王古、崔坤理,0.3,安徽国永机电有限公司,,,,
丹东边境管理支队警用装备（电磁网捕器）采购项目（第三次）成交公告,成交公告,LNGB2026034,2026年09月07日 10:13,沈河区,丹东边境管理支队,辽宁省丹东市振兴区中心北路1号,张警官，0415-4144699；支队纪检监督电话：0415-4144991转308 ；总站纪检监督电话：024-86501111转7203、7208,辽宁冠标项目管理有限公司,沈阳市沈河区先农坛路30-1号,孔祥楠024-31932999,孔祥楠,024-31932999,（电磁网捕器）采购-竞争性谈判文件（三次） -发出版 - 发.doc,"[{""attach_name"": ""（电磁网捕器）采购-竞争性谈判文件（三次） -发出版 - 发.doc"", ""attach_url"": ""https://download.ccgp.gov.cn/oss/download?uuid=51D685E7977D6F98A2D351BD1D50BC""}]",https://www.ccgp.gov.cn/cggg/zygg/cjgg/202609/t20260907_27276044.htm,2026-09-10 09:37:48,一、项目编号：LNGB2026034（招标文件编号：LNGB2026034） 二、项目名称：丹东边境管理支队警用装备（电磁网捕器）采购项目 三、中标（成交）信息 供应商名称：沈阳中安高科电子科技有限公司供应商地址：辽宁省沈阳市和平区三好街54号2505中标（成交）金额：16.5625000（万元）四、主要标的信息 序号    供应商名称      货物名称      货物品牌      货物型号      货物数量      货物单价(元)   1    沈阳中安高科电子科技有限公司      电磁网捕器      掌安星      JC-DNG-06      25      6625                 五、评审专家（单一来源采购人员）名单： 张素云、马桂苓、汪月 六、代理服务收费标准及金额： 本项目代理费收费标准：以成交金额作为收费的计算基数，收取标准为1.5%。不足6000元按6000元收取。 本项目代理费总金额：0.600000 万元（人民币） 七、公告期限 自本公告发布之日起1个工作日。 八、其它补充事宜 九、凡对本次公告内容提出询问，请按以下方式联系。 1.采购人信息 名 称：丹东边境管理支队 地址：辽宁省丹东市振兴区中心北路1号 联系方式：张警官，0415-4144699；支队纪检监督电话：0415-4144991转308 ；总站纪检监督电话：024-86501111转7203、7208 2.采购代理机构信息 名 称：辽宁冠标项目管理有限公司 地 址：沈阳市沈河区先农坛路30-1号 联系方式：孔祥楠024-31932999 3.项目联系方式 项目联系人：孔祥楠 电 话： 024-31932999,其他,,中国政府采购网,,,,,,16.5625,"[{""序号"": ""1"", ""供应商名称"": ""沈阳中安高科电子科技有限公司"", ""货物名称"": ""电磁网捕器"", ""货物品牌"": ""掌安星"", ""货物型号"": ""JC-DNG-06"", ""货物数量"": ""25"", ""货物单价(元)"": ""6625""}]",张素云、马桂苓、汪月,0.6,沈阳中安高科电子科技有限公司,,,,
交通运输部海事局国内海洋渔船技术规范编制项目成交公告,成交公告,TC261307P,2026年09月07日 10:08,北京市,交通运输部海事局,北京市东城区建国门内大街11号,聂先生，010-65292687,中招国际招标有限公司,北京市海淀区学院南路62号中关村资本大厦601B,张楚翘，010-61954145,张楚翘,010-61954145,竞争性磋商文件-国内海洋渔船技术规范编制项目（发布版）.pdf,"[{""attach_name"": ""竞争性磋商文件-国内海洋渔船技术规范编制项目（发布版）.pdf"", ""attach_url"": ""https://download.ccgp.gov.cn/oss/download?uuid=C7DBF24B292F5626C1C12A4E20DCD4""}]",https://www.ccgp.gov.cn/cggg/zygg/cjgg/202609/t20260907_27275997.htm,2026-09-10 09:37:49,一、项目编号：TC261307P（招标文件编号：TC261307P） 二、项目名称：国内海洋渔船技术规范编制项目 三、中标（成交）信息 供应商名称：中国水产科学研究院渔业机械仪器研究所供应商地址：上海市杨浦区四平街道赤峰路63号中标（成交）金额：129.9000000（万元）四、主要标的信息 序号    供应商名称      服务名称      服务范围      服务要求      服务时间      服务标准   1    中国水产科学研究院渔业机械仪器研究所      国内海洋渔船技术规范编制      详见磋商文件      详见磋商文件      详见磋商文件      详见磋商文件                 五、评审专家（单一来源采购人员）名单： 姚远方、李红玉、韩韡 六、代理服务收费标准及金额： 本项目代理费收费标准：参照原国家计委计价格【2002】1980号文和国家发改委发改办价格【2003】857号文的计算方法收取，固定金额：16500元 本项目代理费总金额：1.650000 万元（人民币） 七、公告期限 自本公告发布之日起1个工作日。 八、其它补充事宜 无 九、凡对本次公告内容提出询问，请按以下方式联系。 1.采购人信息 名 称：交通运输部海事局 地址：北京市东城区建国门内大街11号 联系方式：聂先生，010-65292687 2.采购代理机构信息 名 称：中招国际招标有限公司 地 址：北京市海淀区学院南路62号中关村资本大厦601B 联系方式：张楚翘，010-61954145 3.项目联系方式 项目联系人：张楚翘 电 话： 010-61954145,市政交通,,中国政府采购网,,,,,,129.9,"[{""序号"": ""1"", ""供应商名称"": ""中国水产科学研究院渔业机械仪器研究所"", ""服务名称"": ""国内海洋渔船技术规范编制"", ""服务范围"": ""详见磋商文件"", ""服务要求"": ""详见磋商文件"", ""服务时间"": ""详见磋商文件"", ""服务标准"": ""详见磋商文件""}]",姚远方、李红玉、韩韡,1.65,中国水产科学研究院渔业机械仪器研究所,,,,
崇左边境管理支队边境辖区技防设施采购项目成交公告,成交公告,,2026年09月07日 10:00,江洲区,崇左边境管理支队,崇左市江州区山秀路五号崇左边境管理支队,叶警官--0771-7967697；电子邮件地址：czbgzfcg@163.com,详见公告正文,详见公告正文,详见公告正文,叶警官,0771-7967697,,,https://www.ccgp.gov.cn/cggg/zygg/cjgg/202609/t20260907_27275925.htm,2026-09-10 09:37:50,一、项目编号：（招标文件编号：无） 二、项目名称：崇左边境管理支队边境辖区技防设施采购项目 三、中标（成交）信息 供应商名称：崇左华阳科技有限公司供应商地址：崇左市江州区麦那村金鸡安置点17B-15号一楼中标（成交）金额：20.9840000（万元）四、主要标的信息 序号    供应商名称      货物名称      货物品牌      货物型号      货物数量      货物单价(元)   1    崇左华阳科技有限公司      太阳能监控、小型摄像机、储存卡（包含安装）      萤石、ST      魔丸HB90、CB2、STcard512G      82套、120台、204张      2000、280、60                 五、评审专家（单一来源采购人员）名单： 无 六、代理服务收费标准及金额： 本项目代理费收费标准：0 本项目代理费总金额：0.000000 万元（人民币） 七、公告期限 自本公告发布之日起1个工作日。 八、其它补充事宜 无 九、凡对本次公告内容提出询问，请按以下方式联系。 1.采购人信息 名 称：崇左边境管理支队 地址：崇左市江州区山秀路五号崇左边境管理支队 联系方式：叶警官--0771-7967697；电子邮件地址：czbgzfcg@163.com 2.项目联系方式 项目联系人：叶警官 电 话： 0771-7967697,其他,,中国政府采购网,,,,,,20.984,"[{""序号"": ""1"", ""供应商名称"": ""崇左华阳科技有限公司"", ""货物名称"": ""太阳能监控、小型摄像机、储存卡（包含安装）"", ""货物品牌"": ""萤石、ST"", ""货物型号"": ""魔丸HB90、CB2、STcard512G"", ""货物数量"": ""82套、120台、204张"", ""货物单价(元)"": ""2000、280、60""}]",无,0.0,崇左华阳科技有限公司,,,,
祖冲之路园区2026年室外总体修缮项目消防管道工程成交公告,成交公告,JYZB2026-276,2026年09月07日 09:55,浦东新区,中国科学院上海药物研究所,上海市浦东新区祖冲之路555号,魏天骄 021-68077888,上海璟钰工程项目管理有限公司,浦东新区巨峰路868号巨丰文化大楼6楼,陈阳 13585519484,陈阳,13585519484,,,https://www.ccgp.gov.cn/cggg/zygg/cjgg/202609/t20260907_27275883.htm,2026-09-10 09:37:50,一、项目编号：JYZB2026-276（招标文件编号：JYZB2026-276） 二、项目名称：祖冲之路园区2026年室外总体修缮项目消防管道工程 三、中标（成交）信息 供应商名称：上海丁盈建设工程有限公司供应商地址：上海市普陀区金通路799、899、999号17幢2层201室F中标（成交）金额：184.3054260（万元）四、主要标的信息 序号    供应商名称       工程名称       施工范围       施工工期       项目经理       执业证书   1    上海丁盈建设工程有限公司      祖冲之路园区2026年室外总体修缮项目消防管道工程      祖冲之路园区2026年室外总体修缮项目消防管道工程      60日历天      高加海      一级建造师：沪1332016201748257                 五、评审专家（单一来源采购人员）名单： 王德华、周秀凤、李朝阳 六、代理服务收费标准及金额： 本项目代理费收费标准：参照国家发展计划委员会文件计价格[2002]1980号《招标代理服务收费管理暂行办法》 本项目代理费总金额：1.908500 万元（人民币） 七、公告期限 自本公告发布之日起1个工作日。 八、其它补充事宜 九、凡对本次公告内容提出询问，请按以下方式联系。 1.采购人信息 名 称：中国科学院上海药物研究所 地址：上海市浦东新区祖冲之路555号 联系方式：魏天骄 021-68077888 2.采购代理机构信息 名 称：上海璟钰工程项目管理有限公司 地 址：浦东新区巨峰路868号巨丰文化大楼6楼 联系方式：陈阳 13585519484 3.项目联系方式 项目联系人：陈阳 电 话： 13585519484,公共安全,,中国政府采购网,,,,,,184.305426,"[{""序号"": ""1"", ""供应商名称"": ""上海丁盈建设工程有限公司"", ""工程名称"": ""祖冲之路园区2026年室外总体修缮项目消防管道工程"", ""施工范围"": ""祖冲之路园区2026年室外总体修缮项目消防管道工程"", ""施工工期"": ""60日历天"", ""项目经理"": ""高加海"", ""执业证书"": ""一级建造师：沪1332016201748257""}]",王德华、周秀凤、李朝阳,1.9085,上海丁盈建设工程有限公司,,,,
中华人民共和国横琴出入境边防检查站2026年生活及厨房用品采购项目成交公告,成交公告,HQBJ-2026-28,2026年09月07日 09:42,横琴新区,中华人民共和国横琴出入境边防检查站,广东省横琴粤澳深度合作区濠江路66号,张才德，0756-8167539,详见公告正文,详见公告正文,详见公告正文,邓中海,0756-8167532,中小企业声明函.pdf,"[{""attach_name"": ""中小企业声明函.pdf"", ""attach_url"": ""https://download.ccgp.gov.cn/oss/download?uuid=C6131585C0004E75FE3A2E4649961F""}]",https://www.ccgp.gov.cn/cggg/zygg/cjgg/202609/t20260907_27276042.htm,2026-09-10 09:37:51,一、项目编号：HQBJ-2026-28（招标文件编号：HQBJ-2026-28） 二、项目名称：中华人民共和国横琴出入境边防检查站2026年生活及厨房用品采购项目 三、中标（成交）信息 供应商名称：佛山市茗琛科技有限公司供应商地址：佛山市三水区乐平镇乐华路29号盛凯尚苑2座1009（住所申报）包组或产品名称：生活及厨房用品费率(%)：59.7000000四、主要标的信息 序号    供应商名称      服务名称      服务范围      服务要求      服务时间      服务标准   1    佛山市茗琛科技有限公司      生活及厨房用品配送      满足需求文件要求。      满足需求文件要求。      满足需求文件要求。      满足需求文件要求。                 五、评审专家（单一来源采购人员）名单： 横琴出入境边防检查站政府采购办公室成员 六、代理服务收费标准及金额： 本项目代理费收费标准：无。 本项目代理费总金额：0.000000 万元（人民币） 七、公告期限 自本公告发布之日起1个工作日。 八、其它补充事宜 九、凡对本次公告内容提出询问，请按以下方式联系。 1.采购人信息 名 称：中华人民共和国横琴出入境边防检查站 地址：广东省横琴粤澳深度合作区濠江路66号 联系方式：张才德，0756-8167539 2.项目联系方式 项目联系人：邓中海 电 话： 0756-8167532,其他,,中国政府采购网,,,,,,0.0,"[{""序号"": ""1"", ""供应商名称"": ""佛山市茗琛科技有限公司"", ""服务名称"": ""生活及厨房用品配送"", ""服务范围"": ""满足需求文件要求。"", ""服务要求"": ""满足需求文件要求。"", ""服务时间"": ""满足需求文件要求。"", ""服务标准"": ""满足需求文件要求。""}]",横琴出入境边防检查站政府采购办公室成员,0.0,佛山市茗琛科技有限公司,,,,
zycgr21071301超敏多因子发光分析系统采购项目成交公告,成交公告,HSZT2026HC/153,2026年09月07日 09:38,北京市,zycgr21071301,北京市昌平区中关村生命科学园,刘老师 cplpro@cpl.ac.cn,北京华盛中天咨询有限责任公司,北京市海淀区西直门北大街甲43号金运大厦B座1103室（西直门文慧桥西南角）,李福娟、周爽  010-62278948-626,兰少光,010-62278948-302,,,https://www.ccgp.gov.cn/cggg/zygg/cjgg/202609/t20260907_27275768.htm,2026-09-10 09:37:52,一、项目编号：HSZT2026HC/153（招标文件编号：HSZT2026HC/153） 二、项目名称：zycgr21071301超敏多因子发光分析系统采购项目 三、中标（成交）信息 供应商名称：瑾宸科技（北京）有限公司供应商地址：北京市丰台区西四环南路46号8层905房间中标（成交）金额：97.8000000（万元）四、主要标的信息 序号    供应商名称      货物名称      货物品牌      货物型号      货物数量      货物单价(元)   1    瑾宸科技（北京）有限公司      超敏多因子发光分析系统      MSD      SQ120MM      1      978000                 五、评审专家（单一来源采购人员）名单： 金灿灿、刘凤春、杨帆（用户） 六、代理服务收费标准及金额： 本项目代理费收费标准：详见竞争性磋商文件 本项目代理费总金额：1.320300 万元（人民币） 七、公告期限 自本公告发布之日起1个工作日。 八、其它补充事宜 1.成交供应商评审综合得分（总平均分）：84.67分2.采购代理机构相关情况开户名称：北京华盛中天咨询有限责任公司开户银行：中国民生银行北京西直门支行银行账户：0123014170005724 九、凡对本次公告内容提出询问，请按以下方式联系。 1.采购人信息 名 称：zycgr21071301 地址：北京市昌平区中关村生命科学园 联系方式：刘老师 cplpro@cpl.ac.cn 2.采购代理机构信息 名 称：北京华盛中天咨询有限责任公司 地 址：北京市海淀区西直门北大街甲43号金运大厦B座1103室（西直门文慧桥西南角） 联系方式：李福娟、周爽 010-62278948-626 3.项目联系方式 项目联系人：兰少光 熊小平 电 话： 010-62278948-302,服务外包,,中国政府采购网,,,,,,97.8,"[{""序号"": ""1"", ""供应商名称"": ""瑾宸科技（北京）有限公司"", ""货物名称"": ""超敏多因子发光分析系统"", ""货物品牌"": ""MSD"", ""货物型号"": ""SQ120MM"", ""货物数量"": ""1"", ""货物单价(元)"": ""978000""}]",金灿灿、刘凤春、杨帆（用户）,1.3203,瑾宸科技（北京）有限公司,,,,
中国疾病预防控制中心职业卫生与中毒控制所信息系统升级改造项目成交结果公告,成交公告,0701-264106140879,2026年09月07日 09:38,北京市,中国疾病预防控制中心职业卫生与中毒控制所,北京市西城区南纬路29号,张老师83132098,中技国际招标有限公司,北京市丰台区西营街1号院通用时代中心C座9层,马建、肖然、吴萍、孙薇81168697、81168260,马建、肖然、吴萍、孙薇,81168697、81168260,"成交结果公告(1).docx,879号标职业卫生所信息系统升级改造项目竞争性磋商文件20260820（定稿）.pdf","[{""attach_name"": ""成交结果公告(1).docx"", ""attach_url"": ""https://download.ccgp.gov.cn/oss/download?uuid=0AFB075ADC4D283A58F2F16EF2A650""}, {""attach_name"": ""879号标职业卫生所信息系统升级改造项目竞争性磋商文件20260820（定稿）.pdf"", ""attach_url"": ""https://download.ccgp.gov.cn/oss/download?uuid=C42E4EFC9E91D2295F35C6BE6A16AA""}]",https://www.ccgp.gov.cn/cggg/zygg/cjgg/202609/t20260907_27275766.htm,2026-09-10 09:37:52,一、项目编号：0701-264106140879（招标文件编号：0701-264106140879） 二、项目名称：中国疾病预防控制中心职业卫生与中毒控制所信息系统升级改造项目 三、中标（成交）信息 供应商名称：中电信翼康科技有限公司供应商地址：北京市东城区贡院西街六号E座10层中标（成交）金额：84.0000000（万元）四、主要标的信息 序号    供应商名称      服务名称      服务范围      服务要求      服务时间      服务标准   1    中电信翼康科技有限公司      全国公共卫生管理信息系统与职业健康信息综合管理系统建设      集成多个应用程序和服务的单一登录点，提供一站式单点登录，统一门户会将用户的身份信息参数传递给相应的系统，系统根据这些身份信息参数进行用户认证和权限验证，从而实现无需重新登录即可访问系统的功能，门户提供统一登录界面及个性化工作台等      稳定性指标：系统故障恢复时间≤90 分钟等      平台应用系统的设计过程中，需充分考虑并满足性能测试、安全测试以及标准测试等测试要求。并对系统进行相应优化整改等      2026年11月底前完成交付                 五、评审专家（单一来源采购人员）名单： 张永发、黄梅、蒋绍锋 六、代理服务收费标准及金额： 本项目代理费收费标准：参照原国家发改委颁布的《招标代理服务收费管理暂行办法》（计价格[2002]1980号） 本项目代理费总金额：1.260000 万元（人民币） 七、公告期限 自本公告发布之日起1个工作日。 八、其它补充事宜 用途：自用合同执行期、服务要求：自合同验收合格之日起一年。成交供应商评审总得分：92.46 分 九、凡对本次公告内容提出询问，请按以下方式联系。 1.采购人信息 名 称：中国疾病预防控制中心职业卫生与中毒控制所 地址：北京市西城区南纬路29号 联系方式：张老师83132098 2.采购代理机构信息 名 称：中技国际招标有限公司 地 址：北京市丰台区西营街1号院通用时代中心C座9层 联系方式：马建、肖然、吴萍、孙薇81168697、81168260 3.项目联系方式 项目联系人：马建、肖然、吴萍、孙薇 电 话： 81168697、81168260,医疗卫生,,中国政府采购网,,,,,,84.0,"[{""序号"": ""1"", ""供应商名称"": ""中电信翼康科技有限公司"", ""服务名称"": ""全国公共卫生管理信息系统与职业健康信息综合管理系统建设"", ""服务范围"": ""集成多个应用程序和服务的单一登录点，提供一站式单点登录，统一门户会将用户的身份信息参数传递给相应的系统，系统根据这些身份信息参数进行用户认证和权限验证，从而实现无需重新登录即可访问系统的功能，门户提供统一登录界面及个性化工作台等"", ""服务要求"": ""稳定性指标：系统故障恢复时间≤90 分钟等"", ""服务时间"": ""平台应用系统的设计过程中，需充分考虑并满足性能测试、安全测试以及标准测试等测试要求。并对系统进行相应优化整改等"", ""服务标准"": ""2026年11月底前完成交付""}]",张永发、黄梅、蒋绍锋,1.26,中电信翼康科技有限公司,,,,
秦皇岛海关煤炭检测技术中心箱变高压柜改造成交公告,成交公告,HBCT-261637-001,2026年09月07日 09:24,市辖区,秦皇岛海关煤炭检测技术中心,河北省秦皇岛市建设大街东段188号,杨永成  0335-5997715,河北省成套招标有限公司,石家庄市新石北路368号金石工业园2号加速器楼(瞪羚企业加速器)1210房间,何晓刚  0311-83086801,杨永成,0335-5997715,"中小.pdf,秦皇岛海关煤炭检测技术中心箱变高压柜改造磋商文件货物类（暗标）.pdf,资格承诺函.pdf","[{""attach_name"": ""中小.pdf"", ""attach_url"": ""https://download.ccgp.gov.cn/oss/download?uuid=7804542C17AA9420C8CECF773EB383""}, {""attach_name"": ""秦皇岛海关煤炭检测技术中心箱变高压柜改造磋商文件货物类（暗标）.pdf"", ""attach_url"": ""https://download.ccgp.gov.cn/oss/download?uuid=9F5AF7BBA4180FE59CA28741906025""}, {""attach_name"": ""资格承诺函.pdf"", ""attach_url"": ""https://download.ccgp.gov.cn/oss/download?uuid=F3810215CEFC9E8120E35D9F1218E9""}]",https://www.ccgp.gov.cn/cggg/zygg/cjgg/202609/t20260907_27275670.htm,2026-09-10 09:37:53,一、项目编号：HBCT-261637-001（招标文件编号：HBCT-261637-001） 二、项目名称：秦皇岛海关煤炭检测技术中心箱变高压柜改造 三、中标（成交）信息 供应商名称：秦皇岛市时代电气成套设备有限公司供应商地址：秦皇岛市海港区海阳镇海阳二村中标（成交）金额：10.5400000（万元）四、主要标的信息 序号    供应商名称      货物名称      货物品牌      货物型号      货物数量      货物单价(元)   1    秦皇岛市时代电气成套设备有限公司      高压开关柜等      时代电气      XGN66-12等      一批      105400                 五、评审专家（单一来源采购人员）名单： 张永斌（采购人代表）、许占涛、赵辉（组长） 六、代理服务收费标准及金额： 本项目代理费收费标准：按照磋商文件约定标准 本项目代理费总金额：0.126480 万元（人民币） 七、公告期限 自本公告发布之日起1个工作日。 八、其它补充事宜 无 九、凡对本次公告内容提出询问，请按以下方式联系。 1.采购人信息 名 称：秦皇岛海关煤炭检测技术中心 地址：河北省秦皇岛市建设大街东段188号 联系方式：杨永成 0335-5997715 2.采购代理机构信息 名 称：河北省成套招标有限公司 地 址：石家庄市新石北路368号金石工业园2号加速器楼(瞪羚企业加速器)1210房间 联系方式：何晓刚 0311-83086801 3.项目联系方式 项目联系人：杨永成 电 话： 0335-5997715,工程建设,,中国政府采购网,,,,,,10.54,"[{""序号"": ""1"", ""供应商名称"": ""秦皇岛市时代电气成套设备有限公司"", ""货物名称"": ""高压开关柜等"", ""货物品牌"": ""时代电气"", ""货物型号"": ""XGN66-12等"", ""货物数量"": ""一批"", ""货物单价(元)"": ""105400""}]",张永斌（采购人代表）、许占涛、赵辉（组长）,0.12648,秦皇岛市时代电气成套设备有限公司,,,,
长治市屯留区消防救援大队营区内部道路沥青铺设项目成交公告,成交公告,SXKR-2026-0819,2026年09月07日 08:59,屯留县,长治市屯留区消防救援大队,山西省长治市屯留区麟绛镇刘家坪村,郝女士、0355-7526005,山西柯睿建设项目管理有限公司,山西省长治市潞州区英雄中路街道潞阳门中路都市名门写字楼二楼209、211号,武女士、13935505110,武女士,13935505110,"屯留消防地面硬化磋商文件.pdf,中小企业声明函（格式）.pdf","[{""attach_name"": ""屯留消防地面硬化磋商文件.pdf"", ""attach_url"": ""https://download.ccgp.gov.cn/oss/download?uuid=81E9FCEE0B969473F315C76898825C""}, {""attach_name"": ""中小企业声明函（格式）.pdf"", ""attach_url"": ""https://download.ccgp.gov.cn/oss/download?uuid=8B9BA7F93C41ED75626CC644675F1E""}]",https://www.ccgp.gov.cn/cggg/zygg/cjgg/202609/t20260907_27275565.htm,2026-09-10 09:37:54,一、项目编号： SXKR-2026-0819（招标文件编号：SXKR-2026-0819） 二、项目名称：长治市屯留区消防救援大队营区内部道路沥青铺设项目 三、中标（成交）信息 供应商名称：山西明博建设工程有限公司供应商地址：山西省太原市小店区星河西路8号40幢2单元13层1302号中标（成交）金额：34.4500000（万元）四、主要标的信息 序号    供应商名称       工程名称       施工范围       施工工期       项目经理       执业证书   1    山西明博建设工程有限公司      长治市屯留区消防救援大队营区内部道路沥青铺设项目      工程量清单范围内的全部施工内容      签订合同后10日历天      金琦皓      二级建造师 晋2142021202265348                 五、评审专家（单一来源采购人员）名单： 陈旭、杨慧慧、郝泽园（采购人代表） 六、代理服务收费标准及金额： 本项目代理费收费标准：服务费参照国家计委计价格【2002】1980号文件规定的 90%收取。 本项目代理费总金额：0.310000 万元（人民币） 七、公告期限 自本公告发布之日起1个工作日。 八、其它补充事宜 根据财办库〔2023〕243号《关于进一步提高政府采购透明度和采购效率相关事项的通知》的规定，现公布本项目成交供应商的评审总得分：79.73分。 九、凡对本次公告内容提出询问，请按以下方式联系。 1.采购人信息 名 称：长治市屯留区消防救援大队 地址：山西省长治市屯留区麟绛镇刘家坪村 联系方式：郝女士、0355-7526005 2.采购代理机构信息 名 称：山西柯睿建设项目管理有限公司 地 址：山西省长治市潞州区英雄中路街道潞阳门中路都市名门写字楼二楼209、211号 联系方式：武女士、13935505110 3.项目联系方式 项目联系人：武女士 电 话： 13935505110,公共安全,,中国政府采购网,,,,,,34.45,"[{""序号"": ""1"", ""供应商名称"": ""山西明博建设工程有限公司"", ""工程名称"": ""长治市屯留区消防救援大队营区内部道路沥青铺设项目"", ""施工范围"": ""工程量清单范围内的全部施工内容"", ""施工工期"": ""签订合同后10日历天"", ""项目经理"": ""金琦皓"", ""执业证书"": ""二级建造师\t\t\t晋2142021202265348""}]",陈旭、杨慧慧、郝泽园（采购人代表）,0.31,山西明博建设工程有限公司,,,,
崇左边境管理支队2026年警犬犬粮及营养品采购项目成交公告,成交公告,,2026年09月07日 08:56,市辖区,崇左边境管理支队,崇左市江州区山秀路五号崇左边境管理支队,叶警官--0771-7967697；电子邮件地址：czbgzfcg@163.com,详见公告正文,详见公告正文,详见公告正文,叶警官,0771-7967697,,,https://www.ccgp.gov.cn/cggg/zygg/cjgg/202609/t20260907_27275560.htm,2026-09-10 09:37:54,一、项目编号：（招标文件编号：无） 二、项目名称：崇左边境管理支队2026年警犬犬粮及营养品采购项目 三、中标（成交）信息 供应商名称：中盾犬神（北京）技术有限公司供应商地址：北京市大兴区黄村镇高家堡村车站路甲 1 号平房 1-254 室中标（成交）金额：8.5650000（万元）四、主要标的信息 序号    供应商名称      货物名称      货物品牌      货物型号      货物数量      货物单价(元)   1    中盾犬神（北京）技术有限公司      犬粮（成犬）、犬用罐头、钙片、牛棒骨、湿粮、卵磷脂等12种犬粮及营养品（详见竞价公告需求清单）      冠能      K-9犬粮（成犬）、犬用罐头、钙片、牛棒骨、湿粮、卵磷脂等12种犬粮及营养品。      一批      85650                 五、评审专家（单一来源采购人员）名单： 无 六、代理服务收费标准及金额： 本项目代理费收费标准：无 本项目代理费总金额：0.000000 万元（人民币） 七、公告期限 自本公告发布之日起1个工作日。 八、其它补充事宜 无 九、凡对本次公告内容提出询问，请按以下方式联系。 1.采购人信息 名 称：崇左边境管理支队 地址：崇左市江州区山秀路五号崇左边境管理支队 联系方式：叶警官--0771-7967697；电子邮件地址：czbgzfcg@163.com 2.项目联系方式 项目联系人：叶警官 电 话： 0771-7967697,其他,,中国政府采购网,,,,,,8.565,"[{""序号"": ""1"", ""供应商名称"": ""中盾犬神（北京）技术有限公司"", ""货物名称"": ""犬粮（成犬）、犬用罐头、钙片、牛棒骨、湿粮、卵磷脂等12种犬粮及营养品（详见竞价公告需求清单）"", ""货物品牌"": ""冠能"", ""货物型号"": ""K-9犬粮（成犬）、犬用罐头、钙片、牛棒骨、湿粮、卵磷脂等12种犬粮及营养品。"", ""货物数量"": ""一批"", ""货物单价(元)"": ""85650""}]",无,0.0,中盾犬神（北京）技术有限公司,,,,
山东大学齐鲁医院安防系统维修保养项目成交公告,成交公告,SDSS20260503-F017,2026年09月05日 10:18,山东省,山东大学齐鲁医院,济南市文化西路107号,秦老师 0531-82169507,山东三阳项目管理有限公司,济南市高新区舜华路2000号舜泰广场6号楼2101室,仪枫 15264168830,仪枫,15264168830,"【竞争性磋商文件定稿】山东大学齐鲁医院安防系统维修保养项目8.21.pdf,中小企业声明函.jpg","[{""attach_name"": ""【竞争性磋商文件定稿】山东大学齐鲁医院安防系统维修保养项目8.21.pdf"", ""attach_url"": ""https://download.ccgp.gov.cn/oss/download?uuid=FEE23CA23EB7A823A7B63857D46596""}, {""attach_name"": ""中小企业声明函.jpg"", ""attach_url"": ""https://download.ccgp.gov.cn/oss/download?uuid=0CC54F39C409257FAF8F23FAE40929""}]",https://www.ccgp.gov.cn/cggg/zygg/cjgg/202609/t20260905_27273493.htm,2026-09-10 09:37:55,一、项目编号：SDSS20260503-F017（招标文件编号：SDSS20260503-F017） 二、项目名称：山东大学齐鲁医院安防系统维修保养项目 三、中标（成交）信息 供应商名称：济南鑫盛安信息科技有限公司供应商地址：山东省济南市历城区唐冶街道凤凰城8号楼3单元1201中标（成交）金额：41.5800000（万元）四、主要标的信息 序号    供应商名称      服务名称      服务范围      服务要求      服务时间      服务标准   1    济南鑫盛安信息科技有限公司      山东大学齐鲁医院安防系统维修保养项目      详见竞争性磋商文件      详见竞争性磋商文件      三年（服务合同按年度签署，采购人每年考核合格后续签下一年度合同，总服务期限不超过三年）。      详见竞争性磋商文件                 五、评审专家（单一来源采购人员）名单： 吕科、陈维科、杨新龙（采购人代表） 六、代理服务收费标准及金额： 本项目代理费收费标准：成交服务费按附表“采购代理服务费收费标准”以差额累进法计算后下浮10%计取，由成交供应商向代理机构交纳。 本项目代理费总金额：0.561330 万元（人民币） 七、公告期限 自本公告发布之日起1个工作日。 八、其它补充事宜 成交供应商：济南鑫盛安信息科技有限公司，评审得分：96.33分。 九、凡对本次公告内容提出询问，请按以下方式联系。 1.采购人信息 名 称：山东大学齐鲁医院 地址：济南市文化西路107号 联系方式：秦老师 0531-82169507 2.采购代理机构信息 名 称：山东三阳项目管理有限公司 地 址：济南市高新区舜华路2000号舜泰广场6号楼2101室 联系方式：仪枫 15264168830 3.项目联系方式 项目联系人：仪枫 电 话： 15264168830,医疗卫生,,中国政府采购网,,,,,,41.58,"[{""序号"": ""1"", ""供应商名称"": ""济南鑫盛安信息科技有限公司"", ""服务名称"": ""山东大学齐鲁医院安防系统维修保养项目"", ""服务范围"": ""详见竞争性磋商文件"", ""服务要求"": ""详见竞争性磋商文件"", ""服务时间"": ""三年（服务合同按年度签署，采购人每年考核合格后续签下一年度合同，总服务期限不超过三年）。"", ""服务标准"": ""详见竞争性磋商文件""}]",吕科、陈维科、杨新龙（采购人代表）,0.56133,济南鑫盛安信息科技有限公司,,,,
武汉大学早期建筑法学院修缮工程成交结果公告,成交公告,HBT-103326114-265785,2026年09月04日 20:58,武汉市,武汉大学,武汉市武昌区珞珈山,陈老师，027-68756399,湖北省招标股份有限公司,湖北省武汉市武昌区中北路108号兴业银行大厦五层,袁海涛、陈思文、孙静静，027-87273623,袁海涛、陈思文、孙静静,027-87273623,,,https://www.ccgp.gov.cn/cggg/zygg/cjgg/202609/t20260904_27272713.htm,2026-09-10 09:37:55,一、项目编号：HBT-103326114-265785（招标文件编号：HBT-103326114-265785） 二、项目名称：武汉大学早期建筑法学院修缮工程 三、中标（成交）信息 供应商名称：北京大龙建设集团有限公司供应商地址：北京市东城区珠市口东大街3号中标（成交）金额：1435.6000000（万元）四、主要标的信息 序号    供应商名称       工程名称       施工范围       施工工期       项目经理       执业证书   1    北京大龙建设集团有限公司      武汉大学早期建筑法学院修缮工程      本工程招标范围主要含：建安、安装、电气、弱电、消防、给排水、结构加固、空调及暖通、室外（不含防雷工程）等所有施工图设计内容及渣土外运。      365日历天      王志强      一级注册建造师证（证书编号：京1112006200701472）、文物保护工程责任工程师证（证书编号：ZRGC20220003）                 五、评审专家（单一来源采购人员）名单： 黄新华、彭新志、柯萍萍、谭冬梅、雷兵山（采购人评委） 六、代理服务收费标准及金额： 本项目代理费收费标准：参照原国家计委计价格[2002]1980号规定收费标准的65%计取 本项目代理费总金额：5.248490 万元（人民币） 七、公告期限 自本公告发布之日起1个工作日。 八、其它补充事宜 1.采购代理服务费由成交供应商在领取成交通知书的同时，向代理机构支付。 支付方式：银行转账。银行账户信息（1）户名：湖北省招标股份有限公司（2）开户行：招商银行水果湖支行（3）行号：308521015186（4）账号：12790 54338 106032.结果公告期限1个工作日。有关当事人对成交结果如有异议，可在成交结果公告发布之日起七个工作日内，以书面形式向湖北省招标股份有限公司提出质疑，逾期将不再受理。质疑受理部门：湖北省招标股份有限公司运营管理部联 系 人：刘刚电 话：027-878162463.中标人：北京大龙建设集团有限公司。       总得分：90.9分 九、凡对本次公告内容提出询问，请按以下方式联系。 1.采购人信息 名 称：武汉大学 地址：武汉市武昌区珞珈山 联系方式：陈老师，027-68756399 2.采购代理机构信息 名 称：湖北省招标股份有限公司 地 址：湖北省武汉市武昌区中北路108号兴业银行大厦五层 联系方式：袁海涛、陈思文、孙静静，027-87273623 3.项目联系方式 项目联系人：袁海涛、陈思文、孙静静 电 话： 027-87273623,教育培训,,中国政府采购网,,,,,,1435.6,"[{""序号"": ""1"", ""供应商名称"": ""北京大龙建设集团有限公司"", ""工程名称"": ""武汉大学早期建筑法学院修缮工程"", ""施工范围"": ""本工程招标范围主要含：建安、安装、电气、弱电、消防、给排水、结构加固、空调及暖通、室外（不含防雷工程）等所有施工图设计内容及渣土外运。"", ""施工工期"": ""365日历天"", ""项目经理"": ""王志强"", ""执业证书"": ""一级注册建造师证（证书编号：京1112006200701472）、文物保护工程责任工程师证（证书编号：ZRGC20220003）""}]",黄新华、彭新志、柯萍萍、谭冬梅、雷兵山（采购人评委）,5.24849,北京大龙建设集团有限公司,,,,
伊犁边境管理支队业务技术用房家具采购项目成交结果公告,成交公告,YLZDCG202636-1,2026年09月04日 20:52,伊宁市,伊犁边境管理支队,新疆伊宁市斯大林街五巷5号,司警官 0999-8069277,新疆玖信项目管理有限公司,伊宁边境经济合作区北京南路3222号新房大厦18楼,王迎 15739035544,王迎,15739035544,"中小企业声明函（伊犁荣尊家俱）.pdf,本国产品声明函（伊犁荣尊家俱）.pdf,8.21 竞争性谈判文件—伊犁边境管理支队业务技术用房家具采购项目.pdf","[{""attach_name"": ""中小企业声明函（伊犁荣尊家俱）.pdf"", ""attach_url"": ""https://download.ccgp.gov.cn/oss/download?uuid=EC3B3DE8879A3EE528BCD9D9BCCFAA""}, {""attach_name"": ""本国产品声明函（伊犁荣尊家俱）.pdf"", ""attach_url"": ""https://download.ccgp.gov.cn/oss/download?uuid=49C6AB7B4B7756DCB8A7480FAD9D65""}, {""attach_name"": ""8.21 竞争性谈判文件—伊犁边境管理支队业务技术用房家具采购项目.pdf"", ""attach_url"": ""https://download.ccgp.gov.cn/oss/download?uuid=368B78E010AC39B7D690AD8BD818B5""}]",https://www.ccgp.gov.cn/cggg/zygg/cjgg/202609/t20260904_27272694.htm,2026-09-10 09:37:56,一、项目编号：YLZDCG202636-1（招标文件编号：YLZDCG202636-1） 二、项目名称：伊犁边境管理支队业务技术用房家具采购项目 三、中标（成交）信息 供应商名称：伊犁荣尊家俱制造有限责任公司供应商地址：新疆伊犁哈萨克自治州伊宁市西安南路888号-102号商铺中标（成交）金额：45.9390000（万元）四、主要标的信息 序号    供应商名称      货物名称      货物品牌      货物型号      货物数量      货物单价(元)   1    伊犁荣尊家俱制造有限责任公司      单人床、双人床、学习桌、学习椅、衣柜1、衣柜2、衣柜3、衣柜4、床头柜1、床头柜2、组合沙发、茶几、电视柜、餐桌、餐椅      长盛      单人床、双人床、学习桌、学习椅、衣柜1、衣柜2、衣柜3、衣柜4、床头柜1、床头柜2、组合沙发、茶几、电视柜、餐桌、餐椅      110、6、61、122、8、44、3、6、44、46、6、6、6、30、120      1100、2300、950、220、2500、2200、2200、2150、350、350、1500、550、800、850、245                 五、评审专家（单一来源采购人员）名单： 王培民，叶振林，潘栋（采购人代表）。 六、代理服务收费标准及金额： 本项目代理费收费标准：成交金额100万元以下的部分，货物类费率1.50%。 本项目代理费总金额：0.689000 万元（人民币） 七、公告期限 自本公告发布之日起1个工作日。 八、其它补充事宜 本项目结果公告同时在中国政府采购网及新疆政府采购网上发布。 九、凡对本次公告内容提出询问，请按以下方式联系。 1.采购人信息 名 称：伊犁边境管理支队 地址：新疆伊宁市斯大林街五巷5号 联系方式：司警官 0999-8069277 2.采购代理机构信息 名 称：新疆玖信项目管理有限公司 地 址：伊宁边境经济合作区北京南路3222号新房大厦18楼 联系方式：王迎 15739035544 3.项目联系方式 项目联系人：王迎 电 话： 15739035544,设备购置,,中国政府采购网,,,,,,45.939,"[{""序号"": ""1"", ""供应商名称"": ""伊犁荣尊家俱制造有限责任公司"", ""货物名称"": ""单人床、双人床、学习桌、学习椅、衣柜1、衣柜2、衣柜3、衣柜4、床头柜1、床头柜2、组合沙发、茶几、电视柜、餐桌、餐椅"", ""货物品牌"": ""长盛"", ""货物型号"": ""单人床、双人床、学习桌、学习椅、衣柜1、衣柜2、衣柜3、衣柜4、床头柜1、床头柜2、组合沙发、茶几、电视柜、餐桌、餐椅"", ""货物数量"": ""110、6、61、122、8、44、3、6、44、46、6、6、6、30、120"", ""货物单价(元)"": ""1100、2300、950、220、2500、2200、2200、2150、350、350、1500、550、800、850、245""}]",王培民，叶振林，潘栋（采购人代表）。,0.689,伊犁荣尊家俱制造有限责任公司,,,,
伊犁边境管理支队亚欧路边境派出所家具采购项目成交结果公告,成交公告,YLZDCG202637,2026年09月04日 20:50,伊宁市,伊犁边境管理支队,新疆伊宁市斯大林街五巷5号,司警官  0999-8069277,新疆玖信项目管理有限公司,伊宁边境经济合作区北京南路3222号新房大厦18楼,王迎   15739035544,王迎,15739035544,"竞争性谈判文件-伊犁边境管理支队亚欧路边境派出所家具采购项目.pdf,中小企业声明函（伊犁鹏工）.pdf,本国产品声明函（伊犁鹏工）.pdf","[{""attach_name"": ""竞争性谈判文件-伊犁边境管理支队亚欧路边境派出所家具采购项目.pdf"", ""attach_url"": ""https://download.ccgp.gov.cn/oss/download?uuid=1741B8532395229D6AD449E4815AA0""}, {""attach_name"": ""中小企业声明函（伊犁鹏工）.pdf"", ""attach_url"": ""https://download.ccgp.gov.cn/oss/download?uuid=1ECC5214379356ECF2A6BBCB094959""}, {""attach_name"": ""本国产品声明函（伊犁鹏工）.pdf"", ""attach_url"": ""https://download.ccgp.gov.cn/oss/download?uuid=02207F6275DAFAEF61584CD0D130A8""}]",https://www.ccgp.gov.cn/cggg/zygg/cjgg/202609/t20260904_27272689.htm,2026-09-10 09:37:57,一、项目编号：YLZDCG202637（招标文件编号：YLZDCG202637） 二、项目名称：伊犁边境管理支队亚欧路边境派出所家具采购项目 三、中标（成交）信息 供应商名称：伊犁鹏工商贸有限公司供应商地址：新疆伊犁哈萨克自治州伊宁市经济合作区建材路1号西部国际建材城南区D5-22、23号中标（成交）金额：5.7603000（万元）四、主要标的信息 序号    供应商名称      货物名称      货物品牌      货物型号      货物数量      货物单价(元)   1    伊犁鹏工商贸有限公司      学习桌、学习凳、衣柜、挂衣柜      礼胜      规格：1500*550*800mm尺寸偏差≤10mm ；型号：LS-B1281。规格：400*200*340mm尺寸偏差≤10mm ；型号：LS-3432B。规格：800*550*2200mm尺寸偏差≤10mm ；型号：LS-2071。规格：600*550*2200mm尺寸偏差≤10mm；型号：LS-2072。      21、42、21、21      750、150、893、800                 五、评审专家（单一来源采购人员）名单： 孙峰，祝秀云，胡志鹏（采购人代表）。 六、代理服务收费标准及金额： 本项目代理费收费标准：成交金额100万元以下的部分，货物类费率1.50%。 本项目代理费总金额：0.086400 万元（人民币） 七、公告期限 自本公告发布之日起1个工作日。 八、其它补充事宜 本项目结果公告同时在中国政府采购网及新疆政府采购网上发布。 九、凡对本次公告内容提出询问，请按以下方式联系。 1.采购人信息 名 称：伊犁边境管理支队 地址：新疆伊宁市斯大林街五巷5号 联系方式：司警官 0999-8069277 2.采购代理机构信息 名 称：新疆玖信项目管理有限公司 地 址：伊宁边境经济合作区北京南路3222号新房大厦18楼 联系方式：王迎 15739035544 3.项目联系方式 项目联系人：王迎 电 话： 15739035544,设备购置,,中国政府采购网,,,,,,5.7603,"[{""序号"": ""1"", ""供应商名称"": ""伊犁鹏工商贸有限公司"", ""货物名称"": ""学习桌、学习凳、衣柜、挂衣柜"", ""货物品牌"": ""礼胜"", ""货物型号"": ""规格：1500*550*800mm尺寸偏差≤10mm ；型号：LS-B1281。规格：400*200*340mm尺寸偏差≤10mm ；型号：LS-3432B。规格：800*550*2200mm尺寸偏差≤10mm ；型号：LS-2071。规格：600*550*2200mm尺寸偏差≤10mm；型号：LS-2072。"", ""货物数量"": ""21、42、21、21"", ""货物单价(元)"": ""750、150、893、800""}]",孙峰，祝秀云，胡志鹏（采购人代表）。,0.0864,伊犁鹏工商贸有限公司,,,,
北京交通大学美陈展示制作服务成交公告,成交公告,2025BGC-172-2632,2026年09月04日 20:35,北京市,北京交通大学,北京市海淀区上园村3号,陈老师 010-51683481,北京国金管理咨询有限公司,北京市丰台区五圈南路30号院1号楼北京海格通信产业园科研楼D座10层,刘佳、刘博威、刘莹、李捷、陶雪娇、张阳、张杰15201303287,刘佳、刘博威、刘莹、李捷、陶雪,15201303287,"（发售版）北京交通大学美陈展示制作服务_磋商文件8.24.pdf,分项报价表.pdf,中小企业声明函.pdf","[{""attach_name"": ""（发售版）北京交通大学美陈展示制作服务_磋商文件8.24.pdf"", ""attach_url"": ""https://download.ccgp.gov.cn/oss/download?uuid=BE5246912F57DB630F6FB0D5C300CD""}, {""attach_name"": ""分项报价表.pdf"", ""attach_url"": ""https://download.ccgp.gov.cn/oss/download?uuid=12849B1393386751888F67D2C676B7""}, {""attach_name"": ""中小企业声明函.pdf"", ""attach_url"": ""https://download.ccgp.gov.cn/oss/download?uuid=38473628D229A1A3A23F705AA4D704""}]",https://www.ccgp.gov.cn/cggg/zygg/cjgg/202609/t20260904_27272632.htm,2026-09-10 09:37:57,一、项目编号：2025BGC-172-2632（招标文件编号：2025BGC-172-2632） 二、项目名称：北京交通大学美陈展示制作服务 三、中标（成交）信息 供应商名称：北京中联宇景工程有限公司供应商地址：北京市门头沟区妙峰山镇政府大院南楼MFS1435室中标（成交）金额：0.7265000（万元）四、主要标的信息 序号    供应商名称      服务名称      服务范围      服务要求      服务时间      服务标准   1    北京中联宇景工程有限公司      美陈展示制作服务      详见磋商文件      详见磋商文件      自合同签订之日起1年。      行业标准                 五、评审专家（单一来源采购人员）名单： 冯世谋、杭庆祝、彰国华 六、代理服务收费标准及金额： 本项目代理费收费标准：采购代理机构按原计价格[2002]1980号文、发改办价格[2003]857号文及发改价格[2011]534号文有关规定，向成交供应商收取成交服务费。成交服务费币种与中标签订合同的币种相同或采购代理机构同意的币种。 本项目代理费总金额：0.600000 万元（人民币） 七、公告期限 自本公告发布之日起1个工作日。 八、其它补充事宜 1.成交金额：单项合计金额：7265元2.成交人的评审总得分：92.573.本项目成交公告在《中国政府采购网》发布。 九、凡对本次公告内容提出询问，请按以下方式联系。 1.采购人信息 名 称：北京交通大学 地址：北京市海淀区上园村3号 联系方式：陈老师 010-51683481 2.采购代理机构信息 名 称：北京国金管理咨询有限公司 地 址：北京市丰台区五圈南路30号院1号楼北京海格通信产业园科研楼D座10层 联系方式：刘佳、刘博威、刘莹、李捷、陶雪娇、张阳、张杰15201303287 3.项目联系方式 项目联系人：刘佳、刘博威、刘莹、李捷、陶雪娇、张阳、张杰 电 话： 15201303287,教育培训,,中国政府采购网,,,,,,0.7265,"[{""序号"": ""1"", ""供应商名称"": ""北京中联宇景工程有限公司"", ""服务名称"": ""美陈展示制作服务"", ""服务范围"": ""详见磋商文件"", ""服务要求"": ""详见磋商文件"", ""服务时间"": ""自合同签订之日起1年。"", ""服务标准"": ""行业标准""}]",冯世谋、杭庆祝、彰国华,0.6,北京中联宇景工程有限公司,,,,
北京交通大学展板设计制作服务成交公告,成交公告,2025BGC-172-2633,2026年09月04日 20:35,北京市,北京交通大学,北京市海淀区上园村3号,陈老师 010-51683481,北京国金管理咨询有限公司,北京市丰台区五圈南路30号院1号楼北京海格通信产业园科研楼D座10层,刘佳、刘博威、刘莹、李捷、陶雪娇、张阳、张杰15201303287,刘佳、刘博威、刘莹、李捷、陶雪,15201303287,"（发售版）北京交通大学展板设计制作服务_磋商文件8.24.pdf,中小企业声明函.pdf,分项报价表.pdf","[{""attach_name"": ""（发售版）北京交通大学展板设计制作服务_磋商文件8.24.pdf"", ""attach_url"": ""https://download.ccgp.gov.cn/oss/download?uuid=A3EF8B0B4ECAB432FD2E11740D695F""}, {""attach_name"": ""中小企业声明函.pdf"", ""attach_url"": ""https://download.ccgp.gov.cn/oss/download?uuid=433A6A62F9E868355E40E227B1C4B4""}, {""attach_name"": ""分项报价表.pdf"", ""attach_url"": ""https://download.ccgp.gov.cn/oss/download?uuid=7C50DB3D3E450CAE447699E0A03683""}]",https://www.ccgp.gov.cn/cggg/zygg/cjgg/202609/t20260904_27272636.htm,2026-09-10 09:37:58,一、项目编号：2025BGC-172-2633（招标文件编号：2025BGC-172-2633） 二、项目名称：北京交通大学展板设计制作服务 三、中标（成交）信息 供应商名称：北京匠心印象广告工程有限公司供应商地址：北京市门头沟区王平镇王平大街东路18号-WP1312(集群注册)中标（成交）金额：0.3426000（万元）四、主要标的信息 序号    供应商名称      服务名称      服务范围      服务要求      服务时间      服务标准   1    北京匠心印象广告工程有限公司      展板设计制作服务      详见磋商文件      详见磋商文件      自合同签订之日起1年。      行业标准                 五、评审专家（单一来源采购人员）名单： 冯世谋、杭庆祝、彰国华 六、代理服务收费标准及金额： 本项目代理费收费标准：采购代理机构按原计价格[2002]1980号文、发改办价格[2003]857号文及发改价格[2011]534号文有关规定，向成交供应商收取成交服务费。成交服务费币种与中标签订合同的币种相同或采购代理机构同意的币种。 本项目代理费总金额：0.600000 万元（人民币） 七、公告期限 自本公告发布之日起1个工作日。 八、其它补充事宜 1.成交金额:单项合计金额:3426元2.本项目成交公告在《中国政府采购网》发布。 九、凡对本次公告内容提出询问，请按以下方式联系。 1.采购人信息 名 称：北京交通大学 地址：北京市海淀区上园村3号 联系方式：陈老师 010-51683481 2.采购代理机构信息 名 称：北京国金管理咨询有限公司 地 址：北京市丰台区五圈南路30号院1号楼北京海格通信产业园科研楼D座10层 联系方式：刘佳、刘博威、刘莹、李捷、陶雪娇、张阳、张杰15201303287 3.项目联系方式 项目联系人：刘佳、刘博威、刘莹、李捷、陶雪娇、张阳、张杰 电 话： 15201303287,教育培训,,中国政府采购网,,,,,,0.3426,"[{""序号"": ""1"", ""供应商名称"": ""北京匠心印象广告工程有限公司"", ""服务名称"": ""展板设计制作服务"", ""服务范围"": ""详见磋商文件"", ""服务要求"": ""详见磋商文件"", ""服务时间"": ""自合同签订之日起1年。"", ""服务标准"": ""行业标准""}]",冯世谋、杭庆祝、彰国华,0.6,北京匠心印象广告工程有限公司,,,,
山东大学齐鲁医院东院区视频监控系统改造项目成交公告,成交公告,SDHQ-2026GC-D111-0803,2026年09月04日 19:18,济南市,山东大学齐鲁医院,济南市文化西路107号,刘老师0531-82169507,山东汇泉建设项目管理有限公司,济南市市中区大纬二路49号大观商厦8楼816-1,许媛荣、王震0531-86965259，18653114195,王震,18653114195,"中小企业声明函.pdf,定稿竞争性磋商文件-山东大学齐鲁医院东院区视频监控系统改造项目.pdf","[{""attach_name"": ""中小企业声明函.pdf"", ""attach_url"": ""https://download.ccgp.gov.cn/oss/download?uuid=50AFEAA3FDC59A9F6A933D5C0B809E""}, {""attach_name"": ""定稿竞争性磋商文件-山东大学齐鲁医院东院区视频监控系统改造项目.pdf"", ""attach_url"": ""https://download.ccgp.gov.cn/oss/download?uuid=CC16A7D27A249B3C076F9C3B84FA7A""}]",https://www.ccgp.gov.cn/cggg/zygg/cjgg/202609/t20260904_27272227.htm,2026-09-10 09:37:59,一、项目编号：SDHQ-2026GC-D111-0803（招标文件编号：SDHQ-2026GC-D111-0803） 二、项目名称：山东大学齐鲁医院东院区视频监控系统改造项目 三、中标（成交）信息 供应商名称：山东俊景信息科技有限公司供应商地址：济南市历城区经十路199号中标（成交）金额：46.8687000（万元）四、主要标的信息 序号    供应商名称     工程名称     施工范围     施工工期     项目经理     执业证书 1    山东俊景信息科技有限公司    山东大学齐鲁医院东院区视频监控系统改造项目    东院区视频监控系统改造。（具体内容详见工程量清单及技术要求）    合同签订后30日历天完成全部内容施工，并经采购人验收通过，具体开工日期以采购人下达的开工令为准。    李辉    鲁2372014202218518               五、评审专家（单一来源采购人员）名单： 魏凯、王传健、张御卿（采购人代表） 六、代理服务收费标准及金额： 本项目代理费收费标准：100万(含)以下按0.9％收取。 本项目代理费总金额：0.421818 万元（人民币） 七、公告期限 自本公告发布之日起1个工作日。 八、其它补充事宜 成交供应商：山东俊景信息科技有限公司，评审得分：91.67分。 九、凡对本次公告内容提出询问，请按以下方式联系。 1.采购人信息 名 称：山东大学齐鲁医院 地址：济南市文化西路107号 联系方式：刘老师0531-82169507 2.采购代理机构信息 名 称：山东汇泉建设项目管理有限公司 地 址：济南市市中区大纬二路49号大观商厦8楼816-1 联系方式：许媛荣、王震0531-86965259，18653114195 3.项目联系方式 项目联系人：王震 电 话： 18653114195,医疗卫生,,中国政府采购网,,,,,,46.8687,"[{""序号"": ""1"", ""供应商名称"": ""山东俊景信息科技有限公司"", ""工程名称"": ""山东大学齐鲁医院东院区视频监控系统改造项目"", ""施工范围"": ""东院区视频监控系统改造。（具体内容详见工程量清单及技术要求）"", ""施工工期"": ""合同签订后30日历天完成全部内容施工，并经采购人验收通过，具体开工日期以采购人下达的开工令为准。"", ""项目经理"": ""李辉"", ""执业证书"": ""鲁2372014202218518""}]",魏凯、王传健、张御卿（采购人代表）,0.421818,山东俊景信息科技有限公司,,,,
山东大学齐鲁医院安全防范系统提升及部分设备改造项目成交公告,成交公告,SDHQ-2026GC-D112-0804,2026年09月04日 19:17,济南市,山东大学齐鲁医院,济南市文化西路107号,刘老师0531-82169507,山东汇泉建设项目管理有限公司,济南市市中区大纬二路49号大观商厦8楼816-1,许媛荣、王震0531-86965259，18653114195,王震,18653114195,"中小企业声明函.pdf,定稿竞争性磋商文件-山东大学齐鲁医院安全防范系统提升及部分设备改造项目.pdf","[{""attach_name"": ""中小企业声明函.pdf"", ""attach_url"": ""https://download.ccgp.gov.cn/oss/download?uuid=EA06BA9391680F5DCF290D3F0FFF1A""}, {""attach_name"": ""定稿竞争性磋商文件-山东大学齐鲁医院安全防范系统提升及部分设备改造项目.pdf"", ""attach_url"": ""https://download.ccgp.gov.cn/oss/download?uuid=22A18CDB9B18ADBEA55441DFDD5532""}]",https://www.ccgp.gov.cn/cggg/zygg/cjgg/202609/t20260904_27272228.htm,2026-09-10 09:37:59,一、项目编号：SDHQ-2026GC-D112-0804（招标文件编号：SDHQ-2026GC-D112-0804） 二、项目名称：山东大学齐鲁医院安全防范系统提升及部分设备改造项目 三、中标（成交）信息 供应商名称：山东厚诚智能技术有限公司供应商地址：中国(山东)自由贸易试验区济南片区工业南路61号山钢新天地8号楼408中标（成交）金额：19.2800000（万元）四、主要标的信息 序号    供应商名称     工程名称     施工范围     施工工期     项目经理     执业证书 1    山东厚诚智能技术有限公司    山东大学齐鲁医院安全防范系统提升及部分设备改造项目    本项目为山东大学齐鲁医院2026年安全防范系统升级及更换项目，包含内存升级、原有设备升级改造（半球摄像机、枪型摄像机等）、智慧安防系统升级（热成像摄像机）、妇幼楼调取数据流畅提升等升级改造内容。（具体内容详见工程量清单及技术要求）    合同签订后15日历天完成全部内容施工，并经采购人验收通过，具体开工日期以采购人下达的开工令为准。    王晓辉    鲁2372012202116814               五、评审专家（单一来源采购人员）名单： 魏凯、王传健、张御卿（采购人代表） 六、代理服务收费标准及金额： 本项目代理费收费标准：100万(含)以下按0.9％收取。 本项目代理费总金额：0.173520 万元（人民币） 七、公告期限 自本公告发布之日起1个工作日。 八、其它补充事宜 成交供应商：山东厚诚智能技术有限公司，评审得分：90.33分。 九、凡对本次公告内容提出询问，请按以下方式联系。 1.采购人信息 名 称：山东大学齐鲁医院 地址：济南市文化西路107号 联系方式：刘老师0531-82169507 2.采购代理机构信息 名 称：山东汇泉建设项目管理有限公司 地 址：济南市市中区大纬二路49号大观商厦8楼816-1 联系方式：许媛荣、王震0531-86965259，18653114195 3.项目联系方式 项目联系人：王震 电 话： 18653114195,医疗卫生,,中国政府采购网,,,,,,19.28,"[{""序号"": ""1"", ""供应商名称"": ""山东厚诚智能技术有限公司"", ""工程名称"": ""山东大学齐鲁医院安全防范系统提升及部分设备改造项目"", ""施工范围"": ""本项目为山东大学齐鲁医院2026年安全防范系统升级及更换项目，包含内存升级、原有设备升级改造（半球摄像机、枪型摄像机等）、智慧安防系统升级（热成像摄像机）、妇幼楼调取数据流畅提升等升级改造内容。（具体内容详见工程量清单及技术要求）"", ""施工工期"": ""合同签订后15日历天完成全部内容施工，并经采购人验收通过，具体开工日期以采购人下达的开工令为准。"", ""项目经理"": ""王晓辉"", ""执业证书"": ""鲁2372012202116814""}]",魏凯、王传健、张御卿（采购人代表）,0.17352,山东厚诚智能技术有限公司,,,,
中华人民共和国新疆出入境边防检查总站繁育种犬及待训警犬采购项目成交公告,成交公告,hcxjczt-2026-547,2026年09月04日 19:16,新疆维吾尔自治区,中华人民共和国新疆出入境边防检查总站,新疆乌鲁木齐市天山区团结路1551号,王警官0991-8512158,华春建设工程项目管理有限责任公司,新疆乌鲁木齐市水磨沟区浙商大厦15楼1505室,孔伟国 0991-2629781、17590034636,孔伟国,0991-2629781、17590034636,,,https://www.ccgp.gov.cn/cggg/zygg/cjgg/202609/t20260904_27272224.htm,2026-09-10 09:38:00,一、项目编号：hcxjczt-2026-547（招标文件编号：hcxjczt-2026-547 ） 二、项目名称：中华人民共和国新疆出入境边防检查总站繁育种犬及待训警犬采购项目 三、中标（成交）信息 供应商名称：楚商联合投资（新疆）有限公司供应商地址：新疆乌鲁木齐市经济技术开发区（头屯河区）万盛大街568号A3办公楼05-02-82中标（成交）金额：42.7500000（万元）四、主要标的信息 序号    供应商名称      货物名称      货物品牌      货物型号      货物数量      货物单价(元)   1    楚商联合投资（新疆）有限公司      德国牧羊犬、马里努阿犬、昆明犬、史宾格犬      德国牧羊犬、马里努阿犬、昆明犬、史宾格犬      8 个月-18 个月、8 个月-18 个月、8 个月-18 个月、8 个月-18 个月      15、10、15、5      9500、9500、9500、9500                 五、评审专家（单一来源采购人员）名单： 布丽布力（第1、2标项采购人代表），丁维华，张泽智 六、代理服务收费标准及金额： 本项目代理费收费标准：采购代理服务费由成交供应商向采购代理机构支付，采购代理服务费为项目成交金额的1.50%。 本项目代理费总金额：0.641300 万元（人民币） 七、公告期限 自本公告发布之日起1个工作日。 八、其它补充事宜 标项一：中华人民共和国新疆出入境边防检查总站繁育种犬采购项目：有效供应商不足三家，故本标段废标 九、凡对本次公告内容提出询问，请按以下方式联系。 1.采购人信息 名 称：中华人民共和国新疆出入境边防检查总站 地址：新疆乌鲁木齐市天山区团结路1551号 联系方式：王警官0991-8512158 2.采购代理机构信息 名 称：华春建设工程项目管理有限责任公司 地 址：新疆乌鲁木齐市水磨沟区浙商大厦15楼1505室 联系方式：孔伟国 0991-2629781、17590034636 3.项目联系方式 项目联系人：孔伟国 电 话： 0991-2629781、17590034636,其他,,中国政府采购网,,,,,,42.75,"[{""序号"": ""1"", ""供应商名称"": ""楚商联合投资（新疆）有限公司"", ""货物名称"": ""德国牧羊犬、马里努阿犬、昆明犬、史宾格犬"", ""货物品牌"": ""德国牧羊犬、马里努阿犬、昆明犬、史宾格犬"", ""货物型号"": ""8 个月-18 个月、8 个月-18 个月、8 个月-18 个月、8 个月-18 个月"", ""货物数量"": ""15、10、15、5"", ""货物单价(元)"": ""9500、9500、9500、9500""}]",布丽布力（第1、2标项采购人代表），丁维华，张泽智,0.6413,楚商联合投资（新疆）有限公司,,,,
奉贤区消防救援支队2026年炊事社会化服务采购中选公告,成交公告,,2026年09月04日 18:58,上海市,奉贤区消防救援支队,上海市奉贤区南桥镇南奉公路6815号,赵老师、/,上海中利威项目管理有限公司,上海市静安区梅园路228号企业广场1910-1912室,潘英韬、王捷仪、汤娜 021-62062986,潘英韬、王捷仪、汤娜,021-62062986,,,https://www.ccgp.gov.cn/cggg/zygg/cjgg/202609/t20260904_27272119.htm,2026-09-10 09:38:01,一、项目编号：中利威-20260433（招标文件编号：中利威-20260433） 二、项目名称：2026年炊事社会化服务采购 三、中标（成交）信息 供应商名称：上海食康道餐饮企业管理有限公司供应商地址：上海市金山区龙皓路1018号2号楼2012室中标（成交）金额：56.7896000（万元）四、主要标的信息 序号    供应商名称      服务名称      服务范围      服务要求      服务时间      服务标准   1    上海食康道餐饮企业管理有限公司      2026年炊事社会化服务      为江海（含支队机关）、南桥、金汇、庄行、新寺5个消防救援站提供炊事社会化服务      详见比选文件要求      合同签订后三个月      详见比选文件要求                 五、评审专家（单一来源采购人员）名单： 宋广斌、王利仲、周欣文 六、代理服务收费标准及金额： 本项目代理费收费标准：按照比选文件计取，由中选人支付 本项目代理费总金额：0.681400 万元（人民币） 七、公告期限 自本公告发布之日起1个工作日。 八、其它补充事宜 上海食康道餐饮企业管理有限公司综合得分第一，总分为94.83。推荐理由：上海食康道餐饮企业管理有限公司报价最低，综合评分最高。如对成交结果有异议，请于本公告有效期截至之日起七个工作日内以书面形式向上海中利威项目管理有限公司(地址:上海市静安区梅园路228号企业广场1910-1912室，邮编:200070，联系人:潘英韬、王捷仪  联系电话:021-62062986)提出。 九、凡对本次公告内容提出询问，请按以下方式联系。 1.采购人信息 名 称：奉贤区消防救援支队 地址：上海市奉贤区南桥镇南奉公路6815号 联系方式：赵老师、/ 2.采购代理机构信息 名 称：上海中利威项目管理有限公司 地 址：上海市静安区梅园路228号企业广场1910-1912室 联系方式：潘英韬、王捷仪、汤娜 021-62062986 3.项目联系方式 项目联系人：潘英韬、王捷仪、汤娜 电 话： 021-62062986,公共安全,,中国政府采购网,,,,,,56.7896,"[{""序号"": ""1"", ""供应商名称"": ""上海食康道餐饮企业管理有限公司"", ""服务名称"": ""2026年炊事社会化服务"", ""服务范围"": ""为江海（含支队机关）、南桥、金汇、庄行、新寺5个消防救援站提供炊事社会化服务"", ""服务要求"": ""详见比选文件要求"", ""服务时间"": ""合同签订后三个月"", ""服务标准"": ""详见比选文件要求""}]",宋广斌、王利仲、周欣文,0.6814,上海食康道餐饮企业管理有限公司,,,,
中国老挝磨憨—磨丁经济合作区消防救援大队2026年食堂食物配送采购项目成交结果公告,成交公告,YNZZBN202604-14,2026年09月04日 18:31,西双版纳傣族自治州,中国老挝磨憨—磨丁经济合作区消防救援大队,云南省西双版纳州勐腊县磨憨镇东盟大道,谢传谱/0691-8812119,云南中招招标有限公司,西双版纳州旅游度假区曼弄枫山水林溪铺面7一06,玉金罕/0691-2157799,玉金罕、欧阳雪、张广闻、张雪丽,0691-2157799,"中国老挝磨憨—磨丁经济合作区消防救援大队副食品配送项目8.19发布稿.pdf,成交结果公告(中国老挝磨憨—磨丁经济合作区消防救援大队副食品配送项目).pdf","[{""attach_name"": ""中国老挝磨憨—磨丁经济合作区消防救援大队副食品配送项目8.19发布稿.pdf"", ""attach_url"": ""https://download.ccgp.gov.cn/oss/download?uuid=4B53114B53E406C06607721CCF92B7""}, {""attach_name"": ""成交结果公告(中国老挝磨憨—磨丁经济合作区消防救援大队副食品配送项目).pdf"", ""attach_url"": ""https://download.ccgp.gov.cn/oss/download?uuid=C2A402378682CC11F36F854853EAC2""}]",https://www.ccgp.gov.cn/cggg/zygg/cjgg/202609/t20260904_27271827.htm,2026-09-10 09:38:01,一、项目编号：YNZZBN202604-14（招标文件编号：YNZZBN202604-14） 二、项目名称：中国老挝磨憨—磨丁经济合作区消防救援大队2026年食堂食物配送采购项目 三、中标（成交）信息 供应商名称：快到家生活服务有限公司供应商地址：云南省昆明市盘龙区丽景园东路云波五社新村8栋2号包组或产品名称：中国老挝磨憨—磨丁经济合作区消防救援大队2026年食堂食物配送采购项目下浮率(%)：9.0000000四、主要标的信息 序号    供应商名称      服务名称      服务范围      服务要求      服务时间      服务标准   1    快到家生活服务有限公司      中国老挝磨憨—磨丁经济合作区消防救援大队2026年食堂食物配送采购项目      食堂食物配送内容包括：蔬菜、水果、肉类、牛奶、调料等。具体配送数量按照采购方下达的配送计划执行，按时配送到约定地点。      食品质量合格，符合《中华人民共和国产品质量法》、《中华人民共和国食品安全法》、《中华人民共和国消费者权益保护法》、《中华人民共和国计量法》等相关法律法规的要求，达到采购人要求。      合同履约期限（服务期）：1年      食品质量合格，符合《中华人民共和国产品质量法》、《中华人民共和国食品安全法》、《中华人民共和国消费者权益保护法》、《中华人民共和国计量法》等相关法律法规的要求，达到采购人要求。                 五、评审专家（单一来源采购人员）名单： 向玲（组长）、李小芬、曾丽 六、代理服务收费标准及金额： 本项目代理费收费标准：根据《国家发展改革委关于进一步放开建设项目专业服务价格的通知》（发改价格〔2015〕299号及参照《云南省建设工程招标投标行业协会关于印发〈云南省建设工程及政府采购代理服务收费参考意见〉的通知》（云建招协〔2026〕11号）的收费标准，以成交总报价为基数计算向成交供应商收取代理服务费。不足5000元的按5000元收取代理服务费。代理服务费计算公式：565020×（1-9%）×1.5%=7712.523，即本项目代理服务费为7713.00元。代理服务费由成交供应商在领取成交通知书时支付。 本项目代理费总金额：0.771300 万元（人民币） 七、公告期限 自本公告发布之日起1个工作日。 八、其它补充事宜 预算金额：¥565020.00元（人民币伍拾陆万伍仟零贰拾元整）最高限价：¥565020.00元（人民币伍拾陆万伍仟零贰拾元整）采购方式：竞争性磋商竞争性磋商公告发布时间：2026年08月19日开标时间：2026年09月01日09时 00分开标地点：云南中招招标有限公司（西双版纳州旅游度假区曼弄枫山水林溪铺面7-06）评审时间：2026年09月01日10时 00分评审地点：云南中招招标有限公司（西双版纳州旅游度假区曼弄枫山水林溪铺面7-06）本项目采用综合评分法，成交供应商的成交金额为按市场价下浮9%（金额以采购人实际采购食品种类、数量核算），评审总得分为91.33分。 九、凡对本次公告内容提出询问，请按以下方式联系。 1.采购人信息 名 称：中国老挝磨憨—磨丁经济合作区消防救援大队 地址：云南省西双版纳州勐腊县磨憨镇东盟大道 联系方式：谢传谱/0691-8812119 2.采购代理机构信息 名 称：云南中招招标有限公司 地 址：西双版纳州旅游度假区曼弄枫山水林溪铺面7一06 联系方式：玉金罕/0691-2157799 3.项目联系方式 项目联系人：玉金罕、欧阳雪、张广闻、张雪丽、李庆梅、张俊、果磊 电 话： 0691-2157799,公共安全,,中国政府采购网,,,,,,0.0,"[{""序号"": ""1"", ""供应商名称"": ""快到家生活服务有限公司"", ""服务名称"": ""中国老挝磨憨—磨丁经济合作区消防救援大队2026年食堂食物配送采购项目"", ""服务范围"": ""食堂食物配送内容包括：蔬菜、水果、肉类、牛奶、调料等。具体配送数量按照采购方下达的配送计划执行，按时配送到约定地点。"", ""服务要求"": ""食品质量合格，符合《中华人民共和国产品质量法》、《中华人民共和国食品安全法》、《中华人民共和国消费者权益保护法》、《中华人民共和国计量法》等相关法律法规的要求，达到采购人要求。"", ""服务时间"": ""合同履约期限（服务期）：1年"", ""服务标准"": ""食品质量合格，符合《中华人民共和国产品质量法》、《中华人民共和国食品安全法》、《中华人民共和国消费者权益保护法》、《中华人民共和国计量法》等相关法律法规的要求，达到采购人要求。""}]",向玲（组长）、李小芬、曾丽,0.7713,快到家生活服务有限公司,,,,
中华人民共和国昆明出入境边防检查站综合训练馆维修改造工程项目成交公告,成交公告,,2026年09月04日 18:07,市辖区,中华人民共和国昆明出入境边防检查站,云南省昆明市官渡区长水国际机场西一路,吴老师 0871-67094110,云南鑫德招标咨询有限公司,0871-63645580、13888393092,罗老师、李才华、李明宇、官华,罗老师,0871-63645580、13888393092,,,https://www.ccgp.gov.cn/cggg/zygg/cjgg/202609/t20260904_27271560.htm,2026-09-10 09:38:02,一、项目编号：云鑫招字2026-2-092（招标文件编号：云鑫招字2026-2-092） 二、项目名称：中华人民共和国昆明出入境边防检查站综合训练馆维修改造工程项目 三、中标（成交）信息 供应商名称：昊滇建设集团有限公司供应商地址：云南省昆明市高新技术产业开发区黑林铺街道办事处云南省昆明市高新区海源北路2299号昆百大国际派A座18楼中标（成交）金额：149.8752210（万元）四、主要标的信息 序号    供应商名称       工程名称       施工范围       施工工期       项目经理       执业证书   1    昊滇建设集团有限公司      中华人民共和国昆明出入境边防检查站综合训练馆维修改造工程项目      昆明出入境边防检查站综合训练馆总建筑面积1382.13㎡，维修养护工程主要为综合训练场内部及外墙、门窗等，不涉及综合训练场外围附属设施等，主要维修改造内容如下：室内塑胶地坪裂缝维修、更换损坏的木地板、内外墙面裂缝修补、内外墙涂料翻新、损坏门更换、损坏窗更换、钢梁钢柱防锈涂料涂刷、更换屋顶单层铝瓦、原照明系统更换为节能照明系统、更换二楼排练镜、更换二楼房间吊顶、更换卫生间损坏洁具，更换原有通风系统；将二楼合并，使用功能改为乒乓球室；调整荣誉海报位置。      40日历天      代小虎      云1502017201900125                 五、评审专家（单一来源采购人员）名单： 黄玲、陈张源、叶苹 六、代理服务收费标准及金额： 本项目代理费收费标准：代理服务费参照《云南省招标代理服务收费指导标准》规定的工程类项目收费标准向成交人收取。 本项目代理费总金额：1.998752 万元（人民币） 七、公告期限 自本公告发布之日起1个工作日。 八、其它补充事宜 预算金额：1594417.24元，成交价：1498752.21元。本项目竞争性磋商公告发布时间：2026年8月21日。开标时间：2026年9月2日10时00分。代理服务费19987.52元。收款账户信息如下：开户银行：招商银行昆明科创园支行 开户名称：云南鑫德招标咨询有限公司 账号：8719 0298 9810 111 联系电话：0871—63645580，请成交人尽快到云南鑫德招标咨询有限公司办理领取中标通知书事宜，未中标供应商到云南鑫德招标咨询有限公司办理退取投标保证金等相关事宜，在此，谨对积极参与本项目投标的单位表示衷心感谢！ 九、凡对本次公告内容提出询问，请按以下方式联系。 1.采购人信息 名 称：中华人民共和国昆明出入境边防检查站 地址：云南省昆明市官渡区长水国际机场西一路 联系方式：吴老师 0871-67094110 2.采购代理机构信息 名 称：云南鑫德招标咨询有限公司 地 址：0871-63645580、13888393092 联系方式：罗老师、李才华、李明宇、官华 3.项目联系方式 项目联系人：罗老师 电 话： 0871-63645580、13888393092,工程建设,,中国政府采购网,,,,,,149.875221,"[{""序号"": ""1"", ""供应商名称"": ""昊滇建设集团有限公司"", ""工程名称"": ""中华人民共和国昆明出入境边防检查站综合训练馆维修改造工程项目"", ""施工范围"": ""昆明出入境边防检查站综合训练馆总建筑面积1382.13㎡，维修养护工程主要为综合训练场内部及外墙、门窗等，不涉及综合训练场外围附属设施等，主要维修改造内容如下：室内塑胶地坪裂缝维修、更换损坏的木地板、内外墙面裂缝修补、内外墙涂料翻新、损坏门更换、损坏窗更换、钢梁钢柱防锈涂料涂刷、更换屋顶单层铝瓦、原照明系统更换为节能照明系统、更换二楼排练镜、更换二楼房间吊顶、更换卫生间损坏洁具，更换原有通风系统；将二楼合并，使用功能改为乒乓球室；调整荣誉海报位置。"", ""施工工期"": ""40日历天"", ""项目经理"": ""代小虎"", ""执业证书"": ""云1502017201900125""}]",黄玲、陈张源、叶苹,1.998752,昊滇建设集团有限公司,,,,
中华人民共和国江门出入境边防检查站办公楼防水修缮工程采购项目成交公告,成交公告,JMBJZ-2026-17,2026年09月04日 18:02,江海区,中华人民共和国江门出入境边防检查站,中华人民共和国广东省江门市江海区江海二路103号,卢俊聪，0750-3415040,详见公告正文,详见公告正文,详见公告正文,林灿杰,0750-3415040,"中华人民共和国江门出入境边防检查站办公楼防水修缮工程简易采购.zip,广州文知工程技术有限公司（中小企业声明函）.jpg","[{""attach_name"": ""中华人民共和国江门出入境边防检查站办公楼防水修缮工程简易采购.zip"", ""attach_url"": ""https://download.ccgp.gov.cn/oss/download?uuid=EBF7171A7B9F6375E6BAFB3EDAD7F7""}, {""attach_name"": ""广州文知工程技术有限公司（中小企业声明函）.jpg"", ""attach_url"": ""https://download.ccgp.gov.cn/oss/download?uuid=69D17B566201F5FBFABA508AAFAE29""}]",https://www.ccgp.gov.cn/cggg/zygg/cjgg/202609/t20260904_27271843.htm,2026-09-10 09:38:02,一、项目编号：JMBJZ-2026-17（招标文件编号：JMBJZ-2026-17） 二、项目名称：中华人民共和国江门出入境边防检查站办公楼防水修缮工程采购项目 三、中标（成交）信息 供应商名称：广州文知工程技术有限公司供应商地址：广州市花都区新雅街广塘村白鳝塘大坑口十九队三街2号1楼（空港花都）中标（成交）金额：14.3565310（万元）四、主要标的信息 序号    供应商名称       工程名称       施工范围       施工工期       项目经理       执业证书   1    广州文知工程技术有限公司      中华人民共和国江门出入境边防检查站办公楼防水修缮工程项目      对江门出入境边防检查站鹤山营区办公楼天面及楼梯间、设备间等屋面防水隔热层进行全面铲除，翻新防水层、保温隔热层，新装排水管、塑钢门，修复局部天花、台阶及短路线路管道等内容。工程量约480㎡      50个日历日      无      无                 五、评审专家（单一来源采购人员）名单： 江门出入境边防检查站政府采购办公室 六、代理服务收费标准及金额： 本项目代理费收费标准：不收费 本项目代理费总金额：0.000000 万元（人民币） 七、公告期限 自本公告发布之日起1个工作日。 八、其它补充事宜 根据采购文件最低价成交评审原则，拟成交供应商为广州文知工程技术有限公司，成交价为143565.31元，响应供应商报价排序如下（前三名依次为成交第一、第二、第三成交候选人）：    响应供应商名称                                    响应报价        1.广州文知工程技术有限公司                  143565.31元  2.广东屹展建设有限公司                         148869.31元3.蓬江区泰悦建筑装饰服务部                  155336.17元4.江门市尚彩建设工程有限公司               156983.71元5.江门市钧程建设工程有限公司               159944.48元6.广东景涂建设工程有限公司                  159969.34元7.江门市协鑫建筑工程有限公司               164307.35元8.广东青龙建筑工程有限公司                  165406.89元9.广东锦辰建筑工程有限公司                  167268.46元10.广东邑德建设工程有限公司                170321.53元    九、凡对本次公告内容提出询问，请按以下方式联系。 1.采购人信息 名 称：中华人民共和国江门出入境边防检查站 地址：中华人民共和国广东省江门市江海区江海二路103号 联系方式：卢俊聪，0750-3415040 2.项目联系方式 项目联系人：林灿杰 电 话： 0750-3415040,工程建设,,中国政府采购网,,,,,,14.356531,"[{""序号"": ""1"", ""供应商名称"": ""广州文知工程技术有限公司"", ""工程名称"": ""中华人民共和国江门出入境边防检查站办公楼防水修缮工程项目"", ""施工范围"": ""对江门出入境边防检查站鹤山营区办公楼天面及楼梯间、设备间等屋面防水隔热层进行全面铲除，翻新防水层、保温隔热层，新装排水管、塑钢门，修复局部天花、台阶及短路线路管道等内容。工程量约480㎡"", ""施工工期"": ""50个日历日"", ""项目经理"": ""无"", ""执业证书"": ""无""}]",江门出入境边防检查站政府采购办公室,0.0,广州文知工程技术有限公司,,,,
广东省肇庆市高要区消防救援大队2026-2027年伙食配送项目成交公告,成交公告,ZQCW-2026-073,2026年09月04日 17:49,高要市,肇庆市高要区消防救援大队,肇庆市高要区南岸街道新塘路9号,黎小姐0758-8398119,肇庆市骋望咨询服务有限公司,肇庆市端州区城西街道出头社区1197号（住改商）,陈先生13360264232,陈先生,13360264232,,,https://www.ccgp.gov.cn/cggg/zygg/cjgg/202609/t20260904_27271271.htm,2026-09-10 09:38:03,一、项目编号：ZQCW-2026-073（招标文件编号：ZQCW-2026-073） 二、项目名称：广东省肇庆市高要区消防救援大队2026-2027年伙食配送项目 三、中标（成交）信息 供应商名称：肇庆市高要西江肉联有限公司供应商地址：肇庆市高要区南岸南亭北路丽江苑F幢首层第23卡商铺（仅作办公场所）（一照多址）包组或产品名称：广东省肇庆市高要区消防救援大队2026-2027年伙食配送项目下浮率(%)：2.0000000四、主要标的信息 序号    供应商名称      服务名称      服务范围      服务要求      服务时间      服务标准   1    肇庆市高要西江肉联有限公司      广东省肇庆市高要区消防救援大队2026-2027年伙食配送项目      详见响应文件      详见响应文件      详见响应文件      详见响应文件                 五、评审专家（单一来源采购人员）名单： 梁毅、伦肇权、陈凤美、刘嘉杰、陈金莹 六、代理服务收费标准及金额： 本项目代理费收费标准：收费标准按国家发展改革委颁布的《国家发改委关于降低部分建设项目收费标准规范收费行为等有关问题的通知》（发改价格[2011]534号）执行并根据《国家发展改革委关于进一步放开建设项目专业服务价格的通知》（发改价格〔2015〕299号）的价格收费政策计取。 本项目代理费总金额：2.695500 万元（人民币） 七、公告期限 自本公告发布之日起1个工作日。 八、其它补充事宜 / 九、凡对本次公告内容提出询问，请按以下方式联系。 1.采购人信息 名 称：肇庆市高要区消防救援大队 地址：肇庆市高要区南岸街道新塘路9号 联系方式：黎小姐0758-8398119 2.采购代理机构信息 名 称：肇庆市骋望咨询服务有限公司 地 址：肇庆市端州区城西街道出头社区1197号（住改商） 联系方式：陈先生13360264232 3.项目联系方式 项目联系人：陈先生 电 话： 13360264232,公共安全,,中国政府采购网,,,,,,0.0,"[{""序号"": ""1"", ""供应商名称"": ""肇庆市高要西江肉联有限公司"", ""服务名称"": ""广东省肇庆市高要区消防救援大队2026-2027年伙食配送项目"", ""服务范围"": ""详见响应文件"", ""服务要求"": ""详见响应文件"", ""服务时间"": ""详见响应文件"", ""服务标准"": ""详见响应文件""}]",梁毅、伦肇权、陈凤美、刘嘉杰、陈金莹,2.6955,肇庆市高要西江肉联有限公司,,,,
中央财经大学2026级MBA新生拓展酒店服务项目成交公告,成交公告,FW-2026064-ZX,2026年09月04日 17:47,北京市,中央财经大学,北京市海淀区学院南路39号,常老师010-62289113,中信国际招标有限公司,北京市朝阳区东三环中路59号楼18层（实际楼层15层）1801室,010-87945198-618、15010022194,黄春雪、郝金良、刘飞、沈根浩,010-87945198-618、15010022194,"定稿（二次）-采购文件中央财经大学2026级MBA新生拓展酒店服务项目.pdf,中央财经大学2026级MBA新生拓展酒店服务项目成交公告.docx","[{""attach_name"": ""定稿（二次）-采购文件中央财经大学2026级MBA新生拓展酒店服务项目.pdf"", ""attach_url"": ""https://download.ccgp.gov.cn/oss/download?uuid=B9411F0838C2A75D752AA6E2ACEE98""}, {""attach_name"": ""中央财经大学2026级MBA新生拓展酒店服务项目成交公告.docx"", ""attach_url"": ""https://download.ccgp.gov.cn/oss/download?uuid=4B804228CB83DF1D6839DC079231E1""}]",https://www.ccgp.gov.cn/cggg/zygg/cjgg/202609/t20260904_27271232.htm,2026-09-10 09:38:03,一、项目编号：FW-2026064-ZX（招标文件编号：FW-2026064-ZX） 二、项目名称：中央财经大学2026级MBA新生拓展酒店服务项目 三、中标（成交）信息 供应商名称：新华怡悦康养产业（北京）有限公司供应商地址：北京市延庆区延庆镇湖南东路16号中标（成交）金额：29.9400000（万元）四、主要标的信息 序号    供应商名称      服务名称      服务范围      服务要求      服务时间      服务标准   1    新华怡悦康养产业（北京）有限公司      中央财经大学2026级MBA新生拓展酒店服务项目      详见比选文件      详见比选文件      详见比选文件      详见比选文件                 五、评审专家（单一来源采购人员）名单： 杨松、顾志敏、孔伟明（采购人代表） 六、代理服务收费标准及金额： 本项目代理费收费标准：以《招标代理服务收费管理暂行办法》（计价格[2002]1980号）、《关于招标代理服务收费有关问题的通知》（发改办价格[2003]857号）、《国家发展改革委关于降低部分建设项目收费标准规范收费行为等有关问题的通知》（发改价格[2011]534号）收费基准的下浮20%，以每个包/标段的成交金额为计算基数，以差额定率累进法计算代理服务费向成交人收取。 本项目代理费总金额：0.359280 万元（人民币） 七、公告期限 自本公告发布之日起1个工作日。 八、其它补充事宜 本公告同时在中国政府采购网（https://www.ccgp.gov.cn/）和中央财经大学官网（https://www.cufe.edu.cn/）上发布。受格式所限，如有不一致，以附件为准。 九、凡对本次公告内容提出询问，请按以下方式联系。 1.采购人信息 名 称：中央财经大学 地址：北京市海淀区学院南路39号 联系方式：常老师010-62289113 2.采购代理机构信息 名 称：中信国际招标有限公司 地 址：北京市朝阳区东三环中路59号楼18层（实际楼层15层）1801室 联系方式：010-87945198-618、15010022194 3.项目联系方式 项目联系人：黄春雪、郝金良、刘飞、沈根浩、周志成、耿浩洋、刘岳、钱大鹏 电 话： 010-87945198-618、15010022194,教育培训,,中国政府采购网,,,,,,29.94,"[{""序号"": ""1"", ""供应商名称"": ""新华怡悦康养产业（北京）有限公司"", ""服务名称"": ""中央财经大学2026级MBA新生拓展酒店服务项目"", ""服务范围"": ""详见比选文件"", ""服务要求"": ""详见比选文件"", ""服务时间"": ""详见比选文件"", ""服务标准"": ""详见比选文件""}]",杨松、顾志敏、孔伟明（采购人代表）,0.35928,新华怡悦康养产业（北京）有限公司,,,,
山东大学齐鲁第二医院关节镜器械采购成交公告,成交公告,SDQLEY-LCZ10-CS-2026-006,2026年09月04日 17:44,济南市,山东大学齐鲁第二医院,济南市天桥区北园大街247号,0531-85875076,山东省鲁成招标有限公司,济南市经十东路10567号成城大厦A座,刘嘉华、王祥龙,刘嘉华、王祥龙,0531-83196323,,,https://www.ccgp.gov.cn/cggg/zygg/cjgg/202609/t20260904_27271195.htm,2026-09-10 09:38:04,一、项目编号：SDQLEY-LCZ10-CS-2026-006（招标文件编号：SDQLEY-LCZ10-CS-2026-006） 二、项目名称：山东大学齐鲁第二医院关节镜器械 三、中标（成交）信息 供应商名称：国药器械(山东)供应链发展有限公司供应商地址：山东省济南市历城区港沟街道经十东路30766号济南生物医药科技园(北区)1号楼11层1102室中标（成交）金额：34.9000000（万元）四、主要标的信息 序号    供应商名称      货物名称      货物品牌      货物型号      货物数量      货物单价(元)   1    国药器械(山东)供应链发展有限公司      关节镜器械      锐健等      RJ8121028等      一批      349000元                 五、评审专家（单一来源采购人员）名单： 张芳、于显池、殷庆丰 六、代理服务收费标准及金额： 本项目代理费收费标准：采购人与成交供应商签订合同后5日内，由成交供应商按采购代理服务费收费标准的60%计取，向采购代理机构缴纳。 本项目代理费总金额：0.314100 万元（人民币） 七、公告期限 自本公告发布之日起1个工作日。 八、其它补充事宜 国药器械(山东)供应链发展有限公司评审得分91.36 九、凡对本次公告内容提出询问，请按以下方式联系。 1.采购人信息 名 称：山东大学齐鲁第二医院 地址：济南市天桥区北园大街247号 联系方式：0531-85875076 2.采购代理机构信息 名 称：山东省鲁成招标有限公司 地 址：济南市经十东路10567号成城大厦A座 联系方式：刘嘉华、王祥龙 3.项目联系方式 项目联系人：刘嘉华、王祥龙 电 话： 0531-83196323,医疗卫生,,中国政府采购网,,,,,,34.9,"[{""序号"": ""1"", ""供应商名称"": ""国药器械(山东)供应链发展有限公司"", ""货物名称"": ""关节镜器械"", ""货物品牌"": ""锐健等"", ""货物型号"": ""RJ8121028等"", ""货物数量"": ""一批"", ""货物单价(元)"": ""349000元""}]",张芳、于显池、殷庆丰,0.3141,国药器械(山东)供应链发展有限公司,,,,
中国人民银行甘肃省分行中国人民银行临夏州分行反恐怖防范围墙维修改造项目成交公告,成交公告,ZGRMYHLXZFH20260824,2026年09月04日 17:43,甘肃省,中国人民银行甘肃省分行,临夏市北滨河东路34号,吴树成 18909306688,甘肃浩晖工程管理有限公司,临夏州临夏市东区街道庆胜东路百益城A区S13号楼301商铺,苟仲义 13369303660,吴树成,18909306688,"招标文件（最终版）.pdf,中标公示(1).pdf","[{""attach_name"": ""招标文件（最终版）.pdf"", ""attach_url"": ""https://download.ccgp.gov.cn/oss/download?uuid=C05D580D2966C239A6B44A4E6AEA24""}, {""attach_name"": ""中标公示(1).pdf"", ""attach_url"": ""https://download.ccgp.gov.cn/oss/download?uuid=3FAC654676B6637A9751CA4ADDDE17""}]",https://www.ccgp.gov.cn/cggg/zygg/cjgg/202609/t20260904_27271168.htm,2026-09-10 09:38:05,一、项目编号：ZGRMYHLXZFH20260824（招标文件编号：ZGRMYHLXZFH20260824） 二、项目名称：中国人民银行临夏州分行反恐怖防范围墙维修改造项目 三、中标（成交）信息 供应商名称：甘肃梓航建筑工程有限公司供应商地址：甘肃省临夏州临夏市庆胜路延伸段中标（成交）金额：25.1818740（万元）四、主要标的信息 序号    供应商名称       工程名称       施工范围       施工工期       项目经理       执业证书   1    甘肃梓航建筑工程有限公司      中国人民银行临夏州分行反恐怖防范围墙维修改造项目      本项目针对发行库库区原有围墙安防不达标问题实施改造，改造完成后库区闭合围墙总高度严格达到2.5米反恐安防强制标准，补齐围墙防翻越、防破坏、防入侵物防短板，配套完成大门重建、铁艺防护、绿植迁移保护等附属工。      计划开、竣工时间：2026年9月12日-2026年11月25日 总工期75日历天（含冬休期）      边松林      甘262141833454                 五、评审专家（单一来源采购人员）名单： 赵林云、马小燕、段武博 六、代理服务收费标准及金额： 本项目代理费收费标准：收费标准按国家计委计价格【2002】1980号文件规定执行 本项目代理费总金额：0.255300 万元（人民币） 七、公告期限 自本公告发布之日起1个工作日。 八、其它补充事宜 本项目以“中国人民银行甘肃省分行”发布相关公告。实际采购人为“中国人民银行临夏州分行”。 九、凡对本次公告内容提出询问，请按以下方式联系。 1.采购人信息 名 称：中国人民银行甘肃省分行 地址：临夏市北滨河东路34号 联系方式：吴树成 18909306688 2.采购代理机构信息 名 称：甘肃浩晖工程管理有限公司 地 址：临夏州临夏市东区街道庆胜东路百益城A区S13号楼301商铺 联系方式：苟仲义 13369303660 3.项目联系方式 项目联系人：吴树成 电 话： 18909306688,工程建设,,中国政府采购网,,,,,,25.181874,"[{""序号"": ""1"", ""供应商名称"": ""甘肃梓航建筑工程有限公司"", ""工程名称"": ""中国人民银行临夏州分行反恐怖防范围墙维修改造项目"", ""施工范围"": ""本项目针对发行库库区原有围墙安防不达标问题实施改造，改造完成后库区闭合围墙总高度严格达到2.5米反恐安防强制标准，补齐围墙防翻越、防破坏、防入侵物防短板，配套完成大门重建、铁艺防护、绿植迁移保护等附属工。"", ""施工工期"": ""计划开、竣工时间：2026年9月12日-2026年11月25日\t\t\t总工期75日历天（含冬休期）"", ""项目经理"": ""边松林"", ""执业证书"": ""甘262141833454""}]",赵林云、马小燕、段武博,0.2553,甘肃梓航建筑工程有限公司,,,,
2026年保障大队马鞍山储备库内墙及零星维修项目成交结果公告,成交公告,SDJZJSZX-202635,2026年09月04日 17:42,安徽省,铁道战备舟桥处,德州市齐河县齐晏大街649号,黄先生、0555-2141038,山东聚智技术咨询有限公司,山东省济南市长清区崮云湖街道海棠路8588创新谷西城软件园,郑先生、13053411265,郑先生,13053411265,,,https://www.ccgp.gov.cn/cggg/zygg/cjgg/202609/t20260904_27271172.htm,2026-09-10 09:38:05,一、项目编号：SDJZJSZX-202635（招标文件编号：SDJZJSZX-202635） 二、项目名称：2026年保障大队马鞍山储备库内墙及零星维修项目 三、中标（成交）信息 供应商名称：马鞍山市欣新建筑装饰工程有限责任公司供应商地址：安徽省马鞍山市雨山区红旗南路25号中标（成交）金额：49.5716000（万元）四、主要标的信息 序号    供应商名称       工程名称       施工范围       施工工期       项目经理       执业证书   1    马鞍山市欣新建筑装饰工程有限责任公司      2026年保障大队马鞍山储备库内墙及零星维修项目      工程量清单范围内的所有内容      20日历天      高健      中华人民共和国一级建造师注册证书                 五、评审专家（单一来源采购人员）名单： 刘春兰、赵莉、郄垒才（采购人代表） 六、代理服务收费标准及金额： 本项目代理费收费标准：根据《山东省招标代理服务收费指导意见》(鲁招协(2024)13号)相关规定，代理费用按该文件所载收费标准的百分之四十予以计取，并确定为最终服务费用，服务费用不足5000元的，按5000元收费。 本项目代理费总金额：0.500000 万元（人民币） 七、公告期限 自本公告发布之日起1个工作日。 八、其它补充事宜 磋商小组评审结果:马鞍山国庆建设工程有限公司(86.00分)、马鞍山市佳山建筑安装有限公司(84.33分)、马鞍山市欣新建筑装饰工程有限责任公司(87.57分)。 九、凡对本次公告内容提出询问，请按以下方式联系。 1.采购人信息 名 称：铁道战备舟桥处 地址：德州市齐河县齐晏大街649号 联系方式：黄先生、0555-2141038 2.采购代理机构信息 名 称：山东聚智技术咨询有限公司 地 址：山东省济南市长清区崮云湖街道海棠路8588创新谷西城软件园 联系方式：郑先生、13053411265 3.项目联系方式 项目联系人：郑先生 电 话： 13053411265,工程建设,,中国政府采购网,,,,,,49.5716,"[{""序号"": ""1"", ""供应商名称"": ""马鞍山市欣新建筑装饰工程有限责任公司"", ""工程名称"": ""2026年保障大队马鞍山储备库内墙及零星维修项目"", ""施工范围"": ""工程量清单范围内的所有内容"", ""施工工期"": ""20日历天"", ""项目经理"": ""高健"", ""执业证书"": ""中华人民共和国一级建造师注册证书""}]",刘春兰、赵莉、郄垒才（采购人代表）,0.5,马鞍山市欣新建筑装饰工程有限责任公司,,,,
北京语言大学2026年度部分楼宇地下空间修缮项目成交公告,成交公告,0686-2611CG105878Z,2026年09月04日 17:31,北京市,北京语言大学,北京市海淀区学院路15号,孔林昊010-82303946,北京国际贸易有限公司,北京市朝阳区建国门外大街甲3号北京国际贸易有限公司,沈添玉13011852014,沈添玉,13011852014,"中小企业声明函.pdf,【磋商文件】-北京语言大学2026年度部分楼宇地下空间修缮项目-发售版.docx","[{""attach_name"": ""中小企业声明函.pdf"", ""attach_url"": ""https://download.ccgp.gov.cn/oss/download?uuid=D2CB038639961595128F95822B3402""}, {""attach_name"": ""【磋商文件】-北京语言大学2026年度部分楼宇地下空间修缮项目-发售版.docx"", ""attach_url"": ""https://download.ccgp.gov.cn/oss/download?uuid=C6E669B4D221E13B8A1BADBEA43A95""}]",https://www.ccgp.gov.cn/cggg/zygg/cjgg/202609/t20260904_27270886.htm,2026-09-10 09:38:06,一、项目编号：0686-2611CG105878Z（招标文件编号：0686-2611CG105878Z） 二、项目名称：北京语言大学2026年度部分楼宇地下空间修缮项目 三、中标（成交）信息 供应商名称：北京市安泰运源建筑工程有限公司供应商地址：北京市怀柔区迎宾南路11号五幢二层2213室（集群注册）中标（成交）金额：130.8266320（万元）四、主要标的信息 序号    供应商名称       工程名称       施工范围       施工工期       项目经理       执业证书   1    北京市安泰运源建筑工程有限公司      北京语言大学2026年度部分楼宇地下空间修缮项目      北京语言大学2026年度部分楼宇地下空间修缮项目，内容详见工程量清单及图纸包含的全部工作内容。      计划工期：60日历天；计划开工日期：2026年9月10日；计划竣工日期：2026年11月9日。      刘亮      京1112012201222597                 五、评审专家（单一来源采购人员）名单： 王田田、岳晓旭、蒋维立、陈洪安、朱文惠、李增壮（采购人代表）、孙可庆（采购人代表） 六、代理服务收费标准及金额： 本项目代理费收费标准：收费标准：《招标代理服务收费管理暂行办法》（计价格[2002]1980号）和国家发展改革委办公厅关于招标代理服务收费有关问题的通知（发改办价格[2003]857号）及《国家发展改革委关于降低部分建设项目收费标准规范收费行为等有关问题的通知》（发改价格[2011]534号）的规定下浮20%执行。 本项目代理费总金额：0.972629 万元（人民币） 七、公告期限 自本公告发布之日起1个工作日。 八、其它补充事宜 中标人得分：87.26分。  九、凡对本次公告内容提出询问，请按以下方式联系。 1.采购人信息 名 称：北京语言大学 地址：北京市海淀区学院路15号 联系方式：孔林昊010-82303946 2.采购代理机构信息 名 称：北京国际贸易有限公司 地 址：北京市朝阳区建国门外大街甲3号北京国际贸易有限公司 联系方式：沈添玉13011852014 3.项目联系方式 项目联系人：沈添玉 电 话： 13011852014,教育培训,,中国政府采购网,,,,,,130.826632,"[{""序号"": ""1"", ""供应商名称"": ""北京市安泰运源建筑工程有限公司"", ""工程名称"": ""北京语言大学2026年度部分楼宇地下空间修缮项目"", ""施工范围"": ""北京语言大学2026年度部分楼宇地下空间修缮项目，内容详见工程量清单及图纸包含的全部工作内容。"", ""施工工期"": ""计划工期：60日历天；计划开工日期：2026年9月10日；计划竣工日期：2026年11月9日。"", ""项目经理"": ""刘亮"", ""执业证书"": ""京1112012201222597""}]",王田田、岳晓旭、蒋维立、陈洪安、朱文惠、李增壮（采购人代表）、孙可庆（采购人代表）,0.972629,北京市安泰运源建筑工程有限公司,,,,
中国传媒大学智能体运行基座与数字员工应用实践成交公告,成交公告,,2026年09月04日 17:30,朝阳区,中国传媒大学,北京市朝阳区定福庄东街1号,刘老师 010-65783922,盛和招标代理有限公司,北京市海淀区马甸东路17号金澳国际写字楼27层,侯常胜、毛允东、侯美玲、韩伟、许铖铖、李秀艳、苏云龙、梁冰、崔耀文、吕京京 13356792662、13165512595、18706413729,侯常胜、毛允东、侯美玲、韩伟,13356792662、13165512595、18706413729,"中小企业声明函.pdf,定稿-中国传媒大学智能体运行基座与数字员工应用实践.pdf","[{""attach_name"": ""中小企业声明函.pdf"", ""attach_url"": ""https://download.ccgp.gov.cn/oss/download?uuid=DA24970555C50A2C1834E02D554CC0""}, {""attach_name"": ""定稿-中国传媒大学智能体运行基座与数字员工应用实践.pdf"", ""attach_url"": ""https://download.ccgp.gov.cn/oss/download?uuid=161D42C23FDD89428A0B8D12838E45""}]",https://www.ccgp.gov.cn/cggg/zygg/cjgg/202609/t20260904_27270889.htm,2026-09-10 09:38:06,一、项目编号：中传招标【2026】第056号（招标文件编号：中传招标【2026】第056号） 二、项目名称：中国传媒大学智能体运行基座与数字员工应用实践 三、中标（成交）信息 供应商名称：北京普汇润泽科技有限公司供应商地址：北京市石景山区实兴大街30号院3号楼6层602房间中标（成交）金额：57.9000000（万元）四、主要标的信息 序号    供应商名称      服务名称      服务范围      服务要求      服务时间      服务标准   1    北京普汇润泽科技有限公司      中国传媒大学智能体运行基座与数字员工应用实践      提供中国传媒大学智能体运行基座与数字员工应用实践      满足采购文件及采购人要求      合同签订后30天内完成部署及60天内完成安装调试并具备验收条件      满足采购文件及采购人要求                 五、评审专家（单一来源采购人员）名单： 许玲梅、廖学锋、陈征（采购人代表） 六、代理服务收费标准及金额： 本项目代理费收费标准：详见磋商文件。 本项目代理费总金额：0.607950 万元（人民币） 七、公告期限 自本公告发布之日起1个工作日。 八、其它补充事宜 成交人综合评审得分：98.17分。 九、凡对本次公告内容提出询问，请按以下方式联系。 1.采购人信息 名 称：中国传媒大学 地址：北京市朝阳区定福庄东街1号 联系方式：刘老师 010-65783922 2.采购代理机构信息 名 称：盛和招标代理有限公司 地 址：北京市海淀区马甸东路17号金澳国际写字楼27层 联系方式：侯常胜、毛允东、侯美玲、韩伟、许铖铖、李秀艳、苏云龙、梁冰、崔耀文、吕京京 13356792662、13165512595、18706413729 3.项目联系方式 项目联系人：侯常胜、毛允东、侯美玲、韩伟、许铖铖、李秀艳、苏云龙、梁冰、崔耀文、吕京京 电 话： 13356792662、13165512595、18706413729,教育培训,,中国政府采购网,,,,,,57.9,"[{""序号"": ""1"", ""供应商名称"": ""北京普汇润泽科技有限公司"", ""服务名称"": ""中国传媒大学智能体运行基座与数字员工应用实践"", ""服务范围"": ""提供中国传媒大学智能体运行基座与数字员工应用实践"", ""服务要求"": ""满足采购文件及采购人要求"", ""服务时间"": ""合同签订后30天内完成部署及60天内完成安装调试并具备验收条件"", ""服务标准"": ""满足采购文件及采购人要求""}]",许玲梅、廖学锋、陈征（采购人代表）,0.60795,北京普汇润泽科技有限公司,,,,
中国消防博物馆《“红飘带”上的“火焰蓝”—守护长征路的消防员们（暂名）》纪录片拍摄成交公告,成交公告,0733-26174072,2026年09月04日 17:29,北京市,中国消防博物馆,北京市西城区广安门南街70号,王老师，010-83932770,中信国际招标有限公司,北京市朝阳区东三环中路59号京城机电大厦16-19层,李玲丽、刘通、符群慕；010-87945198转608、612、606,李玲丽、刘通、符群慕,010-87945198转608、612、606,【单一来源采购文件-发布稿】-《“红飘带”上的“火焰蓝”—守护长征路的消防员们（暂名）》纪录片拍摄.pdf,"[{""attach_name"": ""【单一来源采购文件-发布稿】-《“红飘带”上的“火焰蓝”—守护长征路的消防员们（暂名）》纪录片拍摄.pdf"", ""attach_url"": ""https://download.ccgp.gov.cn/oss/download?uuid=971492D608A9992CA242A811AA4C5F""}]",https://www.ccgp.gov.cn/cggg/zygg/cjgg/202609/t20260904_27270810.htm,2026-09-10 09:38:07,一、项目编号：0733-26174072（招标文件编号：0733-26174072） 二、项目名称：《“红飘带”上的“火焰蓝”—守护长征路的消防员们（暂名）》纪录片拍摄 三、中标（成交）信息 供应商名称：中央广播电视总台供应商地址：北京市海淀区复兴路11号中标（成交）金额：82.5000000（万元）四、主要标的信息 序号    供应商名称      服务名称      服务范围      服务要求      服务时间      服务标准   1    中央广播电视总台      《“红飘带”上的“火焰蓝”—守护长征路的消防员们（暂名）》纪录片拍摄      摄制一部以长征沿线五地消防救援站为叙事载体、通过历史与现实双线交织展现红军消防初心起源与新时代 “火焰蓝”传承践行的 2 集（每集 25 分钟）纪录片，并在中央广播电视总台纪录频道播出.      满足采购文件要求      预计拍摄及制作周期：2026年9月-11月，播出时间：2026年11月9日、11月10日，具体以实际执行为准。      满足采购文件要求                 五、评审专家（单一来源采购人员）名单： 罗赟、张晶、王晨宇 六、代理服务收费标准及金额： 本项目代理费收费标准：收费标准参照原国家《招标代理服务收费管理暂行办法》（计价格[2002]1980号）和国家发改委发改办价格[2003]857号文规定的服务项目收费标准，向中标人/成交供应商一次性收取招标代理服务费。 本项目代理费总金额：1.237500 万元（人民币） 七、公告期限 自本公告发布之日起1个工作日。 八、其它补充事宜 无 九、凡对本次公告内容提出询问，请按以下方式联系。 1.采购人信息 名 称：中国消防博物馆 地址：北京市西城区广安门南街70号 联系方式：王老师，010-83932770 2.采购代理机构信息 名 称：中信国际招标有限公司 地 址：北京市朝阳区东三环中路59号京城机电大厦16-19层 联系方式：李玲丽、刘通、符群慕；010-87945198转608、612、606 3.项目联系方式 项目联系人：李玲丽、刘通、符群慕 电 话： 010-87945198转608、612、606,公共安全,,中国政府采购网,,,,,,82.5,"[{""序号"": ""1"", ""供应商名称"": ""中央广播电视总台"", ""服务名称"": ""《“红飘带”上的“火焰蓝”—守护长征路的消防员们（暂名）》纪录片拍摄"", ""服务范围"": ""摄制一部以长征沿线五地消防救援站为叙事载体、通过历史与现实双线交织展现红军消防初心起源与新时代 “火焰蓝”传承践行的 2 集（每集 25 分钟）纪录片，并在中央广播电视总台纪录频道播出."", ""服务要求"": ""满足采购文件要求"", ""服务时间"": ""预计拍摄及制作周期：2026年9月-11月，播出时间：2026年11月9日、11月10日，具体以实际执行为准。"", ""服务标准"": ""满足采购文件要求""}]",罗赟、张晶、王晨宇,1.2375,中央广播电视总台,,,,
广东省深圳市南山区消防救援大队2026年法律顾问咨询服务采购项目（二次遴选）成交结果公告,成交公告,SSZX2026-271,2026年09月04日 17:18,深圳市,深圳市南山区消防救援大队,深圳市南山区桃源街道丽山路150号,黄工； 联系电话：0755-86098055； 邮编：518000。,深圳市深水水务咨询有限公司,深圳市罗湖区清水河街道清水河社区清水河一路112号罗湖投资控股大厦裙楼401,庄晓琴、刁杰辉、陈翰林、韩旭彤； 联系电话：13688812350、18707551546。,庄晓琴、刁杰辉、陈翰林、韩旭彤,13688812350、18707551546,,,https://www.ccgp.gov.cn/cggg/zygg/cjgg/202609/t20260904_27270584.htm,2026-09-10 09:38:07,一、项目编号：SSZX2026-271（招标文件编号：SSZX2026-271） 二、项目名称：广东省深圳市南山区消防救援大队2026年法律顾问咨询服务采购项目（二次遴选） 三、中标（成交）信息 供应商名称：北京德和衡（深圳）律师事务所供应商地址：广东省深圳市福田区中心区嘉里建设广场二期27层2701、2702、2703、2704号中标（成交）金额：18.0000000（万元）四、主要标的信息 序号    供应商名称     服务名称     服务范围     服务要求     服务时间     服务标准  1    北京德和衡（深圳）律师事务所     广东省深圳市南山区消防救援大队2026年法律顾问咨询服务采购项目（二次遴选）     详见遴选文件     详见遴选文件     自合同签订之日起算，服务期限一年。     详见遴选文件                五、评审专家（单一来源采购人员）名单： 李强、魏文博、钟剑峰 六、代理服务收费标准及金额： 本项目代理费收费标准：详见遴选文件 本项目代理费总金额：0.300000 万元（人民币） 七、公告期限 自本公告发布之日起1个工作日。 八、其它补充事宜 内部评选遴选采购供应商情况 序号 参评人名称 资格性审查是否通过 符合性审查是否通过 参评报价（元） 1 北京德和衡（深圳）律师事务所 是 是 ¥180000.00 2 北京市惠诚（深圳）律师事务所 是 是 ¥180000.00 3 广东盛唐律师事务所 是 是 ¥182000.00 九、凡对本次公告内容提出询问，请按以下方式联系。 1.采购人信息 名 称：深圳市南山区消防救援大队 地址：深圳市南山区桃源街道丽山路150号 联系方式：黄工； 联系电话：0755-86098055； 邮编：518000。 2.采购代理机构信息 名 称：深圳市深水水务咨询有限公司 地 址：深圳市罗湖区清水河街道清水河社区清水河一路112号罗湖投资控股大厦裙楼401 联系方式：庄晓琴、刁杰辉、陈翰林、韩旭彤； 联系电话：13688812350、18707551546。 3.项目联系方式 项目联系人：庄晓琴、刁杰辉、陈翰林、韩旭彤 电 话： 13688812350、18707551546,公共安全,,中国政府采购网,,,,,,18.0,"[{""序号"": ""1"", ""供应商名称"": ""北京德和衡（深圳）律师事务所"", ""服务名称"": ""广东省深圳市南山区消防救援大队2026年法律顾问咨询服务采购项目（二次遴选）"", ""服务范围"": ""详见遴选文件"", ""服务要求"": ""详见遴选文件"", ""服务时间"": ""自合同签订之日起算，服务期限一年。"", ""服务标准"": ""详见遴选文件""}]",李强、魏文博、钟剑峰,0.3,北京德和衡（深圳）律师事务所,,,,
中华人民共和国甘肃出入境边防检查总站库室智能化升级改造项目成交公告,成交公告,MSZFCGZB2026094,2026年09月04日 17:18,兰州市,中华人民共和国甘肃出入境边防检查总站,甘肃省兰州市城关区嘉峪关东路577号,联 系 人：寇警官    电    话：0931-5157050,鸣森项目管理咨询有限公司,兰州市城关区天水北路280号枫叶国际9号楼B塔2单元13层,联 系 人：牛斌   电话： 13359319600,寇警官,0931-5157050,中小企业.doc,"[{""attach_name"": ""中小企业.doc"", ""attach_url"": ""https://download.ccgp.gov.cn/oss/download?uuid=AAA4977F329BA0EC9539E7780524B9""}]",https://www.ccgp.gov.cn/cggg/zygg/cjgg/202609/t20260904_27270586.htm,2026-09-10 09:38:08,一、项目编号：MSZFCGZB2026094（招标文件编号：MSZFCGZB2026094） 二、项目名称：中华人民共和国甘肃出入境边防检查总站库室智能化升级改造项目 三、中标（成交）信息 供应商名称：浙江北泰智能科技股份有限公司供应商地址：91330212MA292E85XJ中标（成交）金额：83.0200000（万元）四、主要标的信息 序号    供应商名称      货物名称      货物品牌      货物型号      货物数量      货物单价(元)   1    浙江北泰智能科技股份有限公司      智能柜 智能库防护门 系统安全模块 原有控制系统升级改造 专用网关      北泰智能      QG/Z-I-TLU9001型、BEITAI(JKM-D-A-G60-WZ01)型、DL-YD、QDG/Z-SYS-TLU9001、DL-300      16 13 37 5 1      25000、16000、5000、6140、6500                 五、评审专家（单一来源采购人员）名单： 刘勐、李亮、李三平 六、代理服务收费标准及金额： 本项目代理费收费标准：根据采购人与采购代理机构签订的《委托代理协议》约定，按照签订的合同代理服务费=中标金额*1.5%*62%，由成交供应商支付。项目预算包含：招标代理服务费等其他费用。 本项目代理费总金额：0.772000 万元（人民币） 七、公告期限 自本公告发布之日起1个工作日。 八、其它补充事宜 无 九、凡对本次公告内容提出询问，请按以下方式联系。 1.采购人信息 名 称：中华人民共和国甘肃出入境边防检查总站 地址：甘肃省兰州市城关区嘉峪关东路577号 联系方式：联 系 人：寇警官 电 话：0931-5157050 2.采购代理机构信息 名 称：鸣森项目管理咨询有限公司 地 址：兰州市城关区天水北路280号枫叶国际9号楼B塔2单元13层 联系方式：联 系 人：牛斌 电话： 13359319600 3.项目联系方式 项目联系人：寇警官 电 话： 0931-5157050,工程建设,,中国政府采购网,,,,,,83.02,"[{""序号"": ""1"", ""供应商名称"": ""浙江北泰智能科技股份有限公司"", ""货物名称"": ""智能柜\t\t\t智能库防护门\t\t\t系统安全模块\t\t\t原有控制系统升级改造\t\t\t专用网关"", ""货物品牌"": ""北泰智能"", ""货物型号"": ""QG/Z-I-TLU9001型、BEITAI(JKM-D-A-G60-WZ01)型、DL-YD、QDG/Z-SYS-TLU9001、DL-300"", ""货物数量"": ""16\t\t\t13\t\t\t37\t\t\t5\t\t\t1"", ""货物单价(元)"": ""25000、16000、5000、6140、6500""}]",刘勐、李亮、李三平,0.772,浙江北泰智能科技股份有限公司,,,,
中国地质调查局天津地质调查中心（华北地质科技创新中心）滨海新区基地实验楼1-3层装修改造成交公告,成交公告,0747-2661SCCTJ263,2026年09月04日 17:15,天津市,中国地质调查局天津地质调查中心（华北地质科技创新中心）,天津市河东区大直沽八号路4号,展老师022-84112996,中化商务有限公司,北京市丰台区丽泽路24号平安幸福中心B座23层/天津市河西区南京路58号中化写字楼A座2层,吕继春、孔令芳、崔喆、曹宇臣、兰浩天 13920207525、17303140508,吕继春、孔令芳、崔喆、曹宇臣,13920207525、17303140508,"TJ263  滨海新区基地实验楼1-3层装修改造 竞争性磋商文件20260824最终版本.pdf,中小企业声明函.pdf","[{""attach_name"": ""TJ263  滨海新区基地实验楼1-3层装修改造 竞争性磋商文件20260824最终版本.pdf"", ""attach_url"": ""https://download.ccgp.gov.cn/oss/download?uuid=8C81C4F981AFE1558B3EF99C46D234""}, {""attach_name"": ""中小企业声明函.pdf"", ""attach_url"": ""https://download.ccgp.gov.cn/oss/download?uuid=6B6E775A08E297776EB12806D6B657""}]",https://www.ccgp.gov.cn/cggg/zygg/cjgg/202609/t20260904_27270493.htm,2026-09-10 09:38:08,一、项目编号：0747-2661SCCTJ263（招标文件编号：0747-2661SCCTJ263） 二、项目名称：滨海新区基地实验楼1-3层装修改造 三、中标（成交）信息 供应商名称：中骏控股集团有限公司供应商地址：天津滨海高新区塘沽海洋科技园宁海路872号文峰大厦1210室（天津锦信商务秘书有限公司托管第0819号）（存在多址信息）中标（成交）金额：165.0717000（万元）四、主要标的信息 序号    供应商名称       工程名称       施工范围       施工工期       项目经理       执业证书   1    中骏控股集团有限公司      滨海新区基地实验楼1-3层装修改造      滨海新区基地实验楼1-3层装修改造施工工程，工程内容包括但不限于装饰装修工程、加固工程、电气设备安装工程、给排水工程、通风空调工程、室外工程、实验用具等全部内容，具体详见施工图纸及工程量清单中所示全部内容。      合同签订后30日历天      徐大志      机电工程中华人民共和国二级建造师注册证书，津212101111738                 五、评审专家（单一来源采购人员）名单： 张鹏义、黄晓静、刘丽娅 六、代理服务收费标准及金额： 本项目代理费收费标准：成交供应商在领取成交通知书的同时，以成交金额为基数，参照原计价格[2002]1980号、发改办价格[2003]857号文件规定的服务费标准下浮20%向采购代理机构缴纳代理服务费。 本项目代理费总金额：1.164400 万元（人民币） 七、公告期限 自本公告发布之日起1个工作日。 八、其它补充事宜 本项目采用综合评分法，成交供应商的评审总得分如下：中骏控股集团有限公司，96.62分。 九、凡对本次公告内容提出询问，请按以下方式联系。 1.采购人信息 名 称：中国地质调查局天津地质调查中心（华北地质科技创新中心） 地址：天津市河东区大直沽八号路4号 联系方式：展老师022-84112996 2.采购代理机构信息 名 称：中化商务有限公司 地 址：北京市丰台区丽泽路24号平安幸福中心B座23层/天津市河西区南京路58号中化写字楼A座2层 联系方式：吕继春、孔令芳、崔喆、曹宇臣、兰浩天 13920207525、17303140508 3.项目联系方式 项目联系人：吕继春、孔令芳、崔喆、曹宇臣、兰浩天 电 话： 13920207525、17303140508,工程建设,,中国政府采购网,,,,,,165.0717,"[{""序号"": ""1"", ""供应商名称"": ""中骏控股集团有限公司"", ""工程名称"": ""滨海新区基地实验楼1-3层装修改造"", ""施工范围"": ""滨海新区基地实验楼1-3层装修改造施工工程，工程内容包括但不限于装饰装修工程、加固工程、电气设备安装工程、给排水工程、通风空调工程、室外工程、实验用具等全部内容，具体详见施工图纸及工程量清单中所示全部内容。"", ""施工工期"": ""合同签订后30日历天"", ""项目经理"": ""徐大志"", ""执业证书"": ""机电工程中华人民共和国二级建造师注册证书，津212101111738""}]",张鹏义、黄晓静、刘丽娅,1.1644,中骏控股集团有限公司,,,,
中华人民共和国河口出入境边防检查站执勤三队营区零星工程改造项目成交公告,成交公告,PCHH2026-CG-804,2026年09月04日 17:06,河口瑶族自治县,中华人民共和国河口出入境边防检查站,河口县北山东西干道河口出入境边防检查站,胡先生  0873-3427272,红河浦盛全过程咨询有限公司,蒙自市云霞路绿春小区26栋商铺,吴海茹  15559761754,吴海茹,15559761754,"竞争性磋商文件（河口出入境边防检查站执勤三队营区零星工程改造项目）.pdf,中小企业声明函 云南方维建设工程有限公司.pdf","[{""attach_name"": ""竞争性磋商文件（河口出入境边防检查站执勤三队营区零星工程改造项目）.pdf"", ""attach_url"": ""https://download.ccgp.gov.cn/oss/download?uuid=6237653C4783B134CDC4C8D30417DA""}, {""attach_name"": ""中小企业声明函 云南方维建设工程有限公司.pdf"", ""attach_url"": ""https://download.ccgp.gov.cn/oss/download?uuid=416FB6D72C1326014B66C079921E9E""}]",https://www.ccgp.gov.cn/cggg/zygg/cjgg/202609/t20260904_27270278.htm,2026-09-10 09:38:09,一、项目编号：PCHH2026-CG-804（招标文件编号：PCHH2026-CG-804） 二、项目名称：中华人民共和国河口出入境边防检查站执勤三队营区零星工程改造项目 三、中标（成交）信息 供应商名称：云南方维建设工程有限公司供应商地址：云南省红河哈尼族彝族自治州蒙自市生态佳园小区19号商铺中标（成交）金额：38.0286730（万元）四、主要标的信息 序号    供应商名称       工程名称       施工范围       施工工期       项目经理       执业证书   1    云南方维建设工程有限公司      中华人民共和国河口出入境边防检查站执勤三队营区零星工程改造项目      河口出入境边防检查站执勤三队营区改造、装修及配套设施采购、安装（详见工程量清单）      施工工期40日历天      林毕玲      注册证书：二级建造师注册证书、建筑工程专业 证书编号：云2532024202446281                 五、评审专家（单一来源采购人员）名单： 肖洁、杨赛梅、胡涛（采购人代表） 六、代理服务收费标准及金额： 本项目代理费收费标准：本项目中标服务费由中标（成交）人支付，参照国家发展和改革委员会《关于进一步放开建设项目专业服务价格的通知》（发改价格［2015］299号）文件，本项目招标代理服务费按照成交价格的1.2%计算 本项目代理费总金额：0.456300 万元（人民币） 七、公告期限 自本公告发布之日起1个工作日。 八、其它补充事宜 1、中标结果：供应商名称：云南方维建设工程有限公司，评审总得分：84.00分。2、本次公告在中国政府采购网（http：//www.ccgp.gov.cn/）、中国招标投标公共服务平台（http：//www.cebpubservice.com/）上发布。采购人及采购代理机构对其他网站或媒体转载的公告及公告内容不承担任何责任。 九、凡对本次公告内容提出询问，请按以下方式联系。 1.采购人信息 名 称：中华人民共和国河口出入境边防检查站 地址：河口县北山东西干道河口出入境边防检查站 联系方式：胡先生 0873-3427272 2.采购代理机构信息 名 称：红河浦盛全过程咨询有限公司 地 址：蒙自市云霞路绿春小区26栋商铺 联系方式：吴海茹 15559761754 3.项目联系方式 项目联系人：吴海茹 电 话： 15559761754,工程建设,,中国政府采购网,,,,,,38.028673,"[{""序号"": ""1"", ""供应商名称"": ""云南方维建设工程有限公司"", ""工程名称"": ""中华人民共和国河口出入境边防检查站执勤三队营区零星工程改造项目"", ""施工范围"": ""河口出入境边防检查站执勤三队营区改造、装修及配套设施采购、安装（详见工程量清单）"", ""施工工期"": ""施工工期40日历天"", ""项目经理"": ""林毕玲"", ""执业证书"": ""注册证书：二级建造师注册证书、建筑工程专业\t\t\t证书编号：云2532024202446281""}]",肖洁、杨赛梅、胡涛（采购人代表）,0.4563,云南方维建设工程有限公司,,,,
河口出入境边防检查站老卡分站室外零星整修工程成交公告,成交公告,YNYG2026-0803,2026年09月04日 16:55,云南省,中华人民共和国河口出入境边防检查站,河口县北山东西干道河口出入境边防检查站,胡工0873-3427272,云南燕国工程咨询有限公司,云南省昆明市盘龙区白龙路168号瑞鼎城B栋A15楼（14楼）A1521室,黄丽、黄伟0871-63335201,黄丽、黄伟、赵倩,15925154876,"定稿-河口出入境边防检查站老卡分站室外零星整修工程0821.pdf,中小企业声明函.pdf","[{""attach_name"": ""定稿-河口出入境边防检查站老卡分站室外零星整修工程0821.pdf"", ""attach_url"": ""https://download.ccgp.gov.cn/oss/download?uuid=A40658E29BD162A3A1C50E878A36FA""}, {""attach_name"": ""中小企业声明函.pdf"", ""attach_url"": ""https://download.ccgp.gov.cn/oss/download?uuid=F6A8F1E3A41ABF6D44ADE05BF9182B""}]",https://www.ccgp.gov.cn/cggg/zygg/cjgg/202609/t20260904_27270015.htm,2026-09-10 09:38:10,一、项目编号：YNYG2026-0803（招标文件编号：YNYG2026-0803） 二、项目名称：河口出入境边防检查站老卡分站室外零星整修工程 三、中标（成交）信息 供应商名称：云南昌恒建设工程有限公司供应商地址：云南省红河哈尼族彝族自治州蒙自市护国路与上海路交叉口西南侧华宇西城丽景30幢1层商业附1号中标（成交）金额：29.6528010（万元）四、主要标的信息 序号    供应商名称       工程名称       施工范围       施工工期       项目经理       执业证书   1    云南昌恒建设工程有限公司      河口出入境边防检查站老卡分站室外零星整修工程      完成河口出入境边防检查站老卡分站室外零星整修工程，具体以工程量清单为准。      合同签订后40日历天内完成。      钟国军      云2532022202305532                 五、评审专家（单一来源采购人员）名单： 范永福、李融、胡涛（采购人代表） 六、代理服务收费标准及金额： 本项目代理费收费标准：按成交价的1.5%计算收取，由成交供应商在领取成交通知书前向采购代理机构一次性支付。 本项目代理费总金额：0.444792 万元（人民币） 七、公告期限 自本公告发布之日起1个工作日。 八、其它补充事宜 经评审，云南昌恒建设工程有限公司为本项目第一成交候选人，最终综合得分为88.00分。 九、凡对本次公告内容提出询问，请按以下方式联系。 1.采购人信息 名 称：中华人民共和国河口出入境边防检查站 地址：河口县北山东西干道河口出入境边防检查站 联系方式：胡工0873-3427272 2.采购代理机构信息 名 称：云南燕国工程咨询有限公司 地 址：云南省昆明市盘龙区白龙路168号瑞鼎城B栋A15楼（14楼）A1521室 联系方式：黄丽、黄伟0871-63335201 3.项目联系方式 项目联系人：黄丽、黄伟、赵倩 电 话： 15925154876,工程建设,,中国政府采购网,,,,,,29.652801,"[{""序号"": ""1"", ""供应商名称"": ""云南昌恒建设工程有限公司"", ""工程名称"": ""河口出入境边防检查站老卡分站室外零星整修工程"", ""施工范围"": ""完成河口出入境边防检查站老卡分站室外零星整修工程，具体以工程量清单为准。"", ""施工工期"": ""合同签订后40日历天内完成。"", ""项目经理"": ""钟国军"", ""执业证书"": ""云2532022202305532""}]",范永福、李融、胡涛（采购人代表）,0.444792,云南昌恒建设工程有限公司,,,,
鸡西市消防救援支队机关食堂采购项目成交公告,成交公告,ZX-2026-CS0811,2026年09月04日 16:25,鸡西市,鸡西市消防救援支队,鸡西市鸡冠区,0467-2882035,展信工程管理有限公司,黑龙江省鸡西市鸡冠区赛洛城小区S2,13351897872,宁女士,13351897872,"八、小微企业声明函.pdf,招标文件 鸡西市消防救援支队机关食堂采购项目.docx","[{""attach_name"": ""八、小微企业声明函.pdf"", ""attach_url"": ""https://download.ccgp.gov.cn/oss/download?uuid=1F8C80D8FB206D790A556C7DF18450""}, {""attach_name"": ""招标文件 鸡西市消防救援支队机关食堂采购项目.docx"", ""attach_url"": ""https://download.ccgp.gov.cn/oss/download?uuid=46315B782F075AA9058DA737B07B3D""}]",https://www.ccgp.gov.cn/cggg/zygg/cjgg/202609/t20260904_27269181.htm,2026-09-10 09:38:11,一、项目编号：ZX-2026-CS0811（招标文件编号：ZX-2026-CS0811） 二、项目名称：鸡西市消防救援支队机关食堂采购项目 三、中标（成交）信息 供应商名称：鸡西龙江好日子商贸有限公司供应商地址：黑龙江省鸡西市鸡冠区和平南大街101号（申报承诺）包组或产品名称：无下浮率(%)：5.0000000四、主要标的信息 序号    供应商名称      服务名称      服务范围      服务要求      服务时间      服务标准   1    鸡西龙江好日子商贸有限公司      鸡西市消防救援支队机关食堂采购项目      采购范围：包含但不仅限于米、面、油、冷鲜肉类、水产品、冻品、半成品、蔬菜、水果、干货、调料、乳制品、豆制品、熟食、副食品、蛋类、饮料等，及配送服务。（详见磋商文件） 配送地点：鸡西市鸡冠区201国道（中医院旁），鸡西市消防救援支队      详见竞争性磋商文件      合同一年一签，服务期限不超过三年，以合同约定的起止时间为准。      满足竞争性磋商文件需求                 五、评审专家（单一来源采购人员）名单： 王月秋 陈丽丽、许莹莉（采购人代表） 六、代理服务收费标准及金额： 本项目代理费收费标准：采购代理服务费参照《招标代 理服务收费管理暂？办法》（计价格[2002]1980号）规 定的？程类招标代理服务收费标准 并结合成交？额计取，同时根据《关于进？步放开 建设项？专业服务价格的通知》发改价 格〔2015〕299号？件，招标代理费实？市 场调节价记取，由成交供应商？付，于成交结果成？后以现？或银？转账？式 ？次付清 本项目代理费总金额：1.417900 万元（人民币） 七、公告期限 自本公告发布之日起1个工作日。 八、其它补充事宜 合同履行期限:合同一年一签，服务期限不超过三年，以合同约定的起止时间为准 九、凡对本次公告内容提出询问，请按以下方式联系。 1.采购人信息 名 称：鸡西市消防救援支队 地址：鸡西市鸡冠区 联系方式：0467-2882035 2.采购代理机构信息 名 称：展信工程管理有限公司 地 址：黑龙江省鸡西市鸡冠区赛洛城小区S2 联系方式：13351897872 3.项目联系方式 项目联系人：宁女士 电 话： 13351897872,公共安全,,中国政府采购网,,,,,,0.0,"[{""序号"": ""1"", ""供应商名称"": ""鸡西龙江好日子商贸有限公司"", ""服务名称"": ""鸡西市消防救援支队机关食堂采购项目"", ""服务范围"": ""采购范围：包含但不仅限于米、面、油、冷鲜肉类、水产品、冻品、半成品、蔬菜、水果、干货、调料、乳制品、豆制品、熟食、副食品、蛋类、饮料等，及配送服务。（详见磋商文件）\t\t\t配送地点：鸡西市鸡冠区201国道（中医院旁），鸡西市消防救援支队"", ""服务要求"": ""详见竞争性磋商文件"", ""服务时间"": ""合同一年一签，服务期限不超过三年，以合同约定的起止时间为准。"", ""服务标准"": ""满足竞争性磋商文件需求""}]",王月秋 陈丽丽、许莹莉（采购人代表）,1.4179,鸡西龙江好日子商贸有限公司,,,,
中国科学院高能物理研究所7元硅漂移探测系统成交公告,成交公告,4000122111787539071622-20260904486,2026年09月04日 16:20,北京市,中国科学院高能物理研究所,北京市石景山区玉泉路19号乙院,刘洋 010-88236304；liuyang96@ihep.ac.cn,详见公告正文,详见公告正文,详见公告正文,刘洋,010-88236304,,,https://www.ccgp.gov.cn/cggg/zygg/cjgg/202609/t20260904_27269080.htm,2026-09-10 09:38:11,"一、项目编号：4000122111787539071622-20260904486（招标文件编号：IHEP-DK-DY-0362/2026） 二、项目名称：中国科学院高能物理研究所7元硅漂移探测系统 三、中标（成交）信息 供应商名称：北京天禾沐电子技术有限责任公司供应商地址：北京市海淀区花园东路高德大厦1009室中标（成交）金额：104.9318000（万元）四、主要标的信息 序号    供应商名称      货物名称      货物品牌      货物型号      货物数量      货物单价(元)   1    北京天禾沐电子技术有限责任公司      7元硅漂移探测系统      RaySpec Ltd      SDD-M7x65T150-P7-INK-A      1      115,500.00英镑                 五、评审专家（单一来源采购人员）名单： 郑黎荣、储胜启、安鹏飞 六、代理服务收费标准及金额： 本项目代理费收费标准：/ 本项目代理费总金额：0.000000 万元（人民币） 七、公告期限 自本公告发布之日起1个工作日。 八、其它补充事宜 九、凡对本次公告内容提出询问，请按以下方式联系。 1.采购人信息 名 称：中国科学院高能物理研究所 地址：北京市石景山区玉泉路19号乙院 联系方式：刘洋 010-88236304；liuyang96@ihep.ac.cn 2.项目联系方式 项目联系人：刘洋 电 话： 010-88236304",教育培训,,中国政府采购网,,,,,,104.9318,"[{""序号"": ""1"", ""供应商名称"": ""北京天禾沐电子技术有限责任公司"", ""货物名称"": ""7元硅漂移探测系统"", ""货物品牌"": ""RaySpec Ltd"", ""货物型号"": ""SDD-M7x65T150-P7-INK-A"", ""货物数量"": ""1"", ""货物单价(元)"": ""115,500.00英镑""}]",郑黎荣、储胜启、安鹏飞,0.0,北京天禾沐电子技术有限责任公司,,,,
奉贤区消防救援支队2026年指战员疗休养项目成交公告,成交公告,,2026年09月04日 16:19,上海市,奉贤区消防救援支队,奉贤区南奉公路6815号,赵艳奇33610133,上海财瑞建设管理有限公司,上海市延安西路1319号15楼,王瑢、孙瑞声15001951689、18964609709,王瑢,15001951689,"招2026-1935-001_采购文件.doc,中小企业声明函.pdf","[{""attach_name"": ""招2026-1935-001_采购文件.doc"", ""attach_url"": ""https://download.ccgp.gov.cn/oss/download?uuid=76F5DCF45E9430DAAFBC8E63AE6420""}, {""attach_name"": ""中小企业声明函.pdf"", ""attach_url"": ""https://download.ccgp.gov.cn/oss/download?uuid=64FF186DC24AA405C2B25856C6625C""}]",https://www.ccgp.gov.cn/cggg/zygg/cjgg/202609/t20260904_27269021.htm,2026-09-10 09:38:12,"一、项目编号：招2026-1935-001（招标文件编号：招2026-1935-001） 二、项目名称：奉贤区消防救援支队2026年指战员疗休养项目 三、中标（成交）信息 供应商名称：上海航空假期旅行社有限公司供应商地址：上海市浦东机场机场大道100号中标（成交）金额：59.7500000（万元）四、主要标的信息 序号    供应商名称      服务名称      服务范围      服务要求      服务时间      服务标准   1    上海航空假期旅行社有限公司      奉贤区消防救援支队2026年指战员疗休养项目      详见采购需求      详见采购需求      自合同签订之日起至2026年12月31日前，具体时间由采购人指定。      详见采购需求                 五、评审专家（单一来源采购人员）名单： 王伟春、卜丽华、戴峻峰 六、代理服务收费标准及金额： 本项目代理费收费标准：本项目的采购代理服务费由成交单位支付：采购代理服务费参照国家计委计价格〔2002〕1980号文,关于印发《招标代理服务收费管理暂行办法》的通知收费标准规定收取，以成交金额为计费基数，下浮20%。如按标准收费不到6000元的，按6000元计取。 本项目代理费总金额：0.717000 万元（人民币） 七、公告期限 自本公告发布之日起1个工作日。 八、其它补充事宜 推荐综合评分排名第一的上海航空假期旅行社有限公司为成交单位，评审总得分：91.42。 九、凡对本次公告内容提出询问，请按以下方式联系。 1.采购人信息 名 称：奉贤区消防救援支队 地址：奉贤区南奉公路6815号 联系方式：赵艳奇33610133 2.采购代理机构信息 名 称：上海财瑞建设管理有限公司 地 址：上海市延安西路1319号15楼 联系方式：王瑢、孙瑞声15001951689、18964609709 3.项目联系方式 项目联系人：王瑢 电 话： 15001951689",公共安全,,中国政府采购网,,,,,,59.75,"[{""序号"": ""1"", ""供应商名称"": ""上海航空假期旅行社有限公司"", ""服务名称"": ""奉贤区消防救援支队2026年指战员疗休养项目"", ""服务范围"": ""详见采购需求"", ""服务要求"": ""详见采购需求"", ""服务时间"": ""自合同签订之日起至2026年12月31日前，具体时间由采购人指定。"", ""服务标准"": ""详见采购需求""}]",王伟春、卜丽华、戴峻峰,0.717,上海航空假期旅行社有限公司,,,,
果洛州玛沁县特勤消防站楼顶消防标语安装项目成交结果公告,成交公告,,2026年09月04日 16:14,玛沁县,果洛藏族自治州消防救援支队,果洛藏族自治州玛沁县大武镇黄河路540号,联系人：蔡老师 联系电话：0975-8384637,青海博翰工程管理有限公司,西宁市城西区西关大街57号水电大厦14楼,联系人：严女士 联系方式：0971-6285252,蔡老师,0975-8384637,最终报价.pdf,"[{""attach_name"": ""最终报价.pdf"", ""attach_url"": ""https://download.ccgp.gov.cn/oss/download?uuid=1F6D27BAF42543BFB6A9384B26667C""}]",https://www.ccgp.gov.cn/cggg/zygg/cjgg/202609/t20260904_27268942.htm,2026-09-10 09:38:13,一、项目编号：青海博翰竞磋（货物）2026-033（招标文件编号：青海博翰竞磋（货物）2026-033） 二、项目名称：果洛州玛沁县特勤消防站楼顶消防标语安装项目 三、中标（成交）信息 供应商名称：青海安扬建设工程有限公司供应商地址：青海省西宁市城西区西关大街57号1141室中标（成交）金额：15.5000000（万元）四、主要标的信息 序号    供应商名称      货物名称      货物品牌      货物型号      货物数量      货物单价(元)   1    青海安扬建设工程有限公司      果洛州玛沁县特勤消防站楼顶消防标语安装项目      详见附件      详见附件      详见附件      详见附件                 五、评审专家（单一来源采购人员）名单： 熊祥川，李善华（第1标项采购人代表），徐玉增 六、代理服务收费标准及金额： 本项目代理费收费标准：根据《关于进一步放开建设项目专项业务服务价格的通知》（发改价格[2015]299号）规定，实行市场调节价，应严格遵守《价格法》、《关于商品和服务实行明码标价的规定》等法律法规的规定，由采购人和采购代理机构共同确定合理的收费金额。 本项目代理费总金额：0.300000 万元（人民币） 七、公告期限 自本公告发布之日起1个工作日。 八、其它补充事宜 无 九、凡对本次公告内容提出询问，请按以下方式联系。 1.采购人信息 名 称：果洛藏族自治州消防救援支队 地址：果洛藏族自治州玛沁县大武镇黄河路540号 联系方式：联系人：蔡老师 联系电话：0975-8384637 2.采购代理机构信息 名 称：青海博翰工程管理有限公司 地 址：西宁市城西区西关大街57号水电大厦14楼 联系方式：联系人：严女士 联系方式：0971-6285252 3.项目联系方式 项目联系人：蔡老师 电 话： 0975-8384637,公共安全,,中国政府采购网,,,,,,15.5,"[{""序号"": ""1"", ""供应商名称"": ""青海安扬建设工程有限公司"", ""货物名称"": ""果洛州玛沁县特勤消防站楼顶消防标语安装项目"", ""货物品牌"": ""详见附件"", ""货物型号"": ""详见附件"", ""货物数量"": ""详见附件"", ""货物单价(元)"": ""详见附件""}]",熊祥川，李善华（第1标项采购人代表），徐玉增,0.3,青海安扬建设工程有限公司,,,,
中国科学院海洋研究所“科学”轮电力推进系统设备维护保养服务成交公告,成交公告,ZKGSF,2026年09月04日 16:13,青岛市,中国科学院海洋研究所,青岛市黄岛区海军路88号,王老师；0532-82898689,中科高盛咨询集团有限公司,青岛市市北区舞阳路7号9号楼3层,张鑫、司马维祖、吴沙沙、矫玲玲、姜廷、黄波；0532-85859787；zkgsqd00@163.com,张鑫、司马维祖、吴沙沙、矫玲玲,0532-85859787,"最终报价.pdf,“科学”轮电力推进系统设备维护保养服务.pdf","[{""attach_name"": ""最终报价.pdf"", ""attach_url"": ""https://download.ccgp.gov.cn/oss/download?uuid=11F8C8BEE77A7901A81F6CCA1810FA""}, {""attach_name"": ""“科学”轮电力推进系统设备维护保养服务.pdf"", ""attach_url"": ""https://download.ccgp.gov.cn/oss/download?uuid=30620B51E35194BA6F3627A4E83D5C""}]",https://www.ccgp.gov.cn/cggg/zygg/cjgg/202609/t20260904_27268900.htm,2026-09-10 09:38:13,"一、项目编号：ZKGSF(ZB)-20261870（招标文件编号：ZKGSF(ZB)-20261870） 二、项目名称：“科学”轮电力推进系统设备维护保养服务 三、中标（成交）信息 供应商名称：上海ABB工程有限公司供应商地址：上海市浦东新区康新公路4528号（一照多址企业）中标（成交）金额：84.5000000（万元）四、主要标的信息 序号    供应商名称      服务名称      服务范围      服务要求      服务时间      服务标准   1    上海ABB工程有限公司      “科学”轮电力推进系统设备维护保养服务      要求满足原设备配套要求，负责登船为“科学”轮提供配置中所列的设备按设备维护保养提供1年维护保养服务，包括一次半年度，一次年度维护保养工作。      满足采购文件要求      自本合同生效之日起三年，根据服务情况合同每年一签。      满足采购文件要求                 五、评审专家（单一来源采购人员）名单： 闫振华；杨林；姜良优 六、代理服务收费标准及金额： 本项目代理费收费标准：依照采购文件规定的收费标准计取 本项目代理费总金额：1.014000 万元（人民币） 七、公告期限 自本公告发布之日起1个工作日。 八、其它补充事宜 根据采购文件要求和评审办法，经采购人员（评审小组）评审，最终确定本次协商结果如下：项目名称：“科学”轮电力推进系统设备维护保养服务成交供应商：上海ABB工程有限公司成交金额：¥845,000.00（大写：人民币捌拾肆万伍仟元整） 九、凡对本次公告内容提出询问，请按以下方式联系。 1.采购人信息 名 称：中国科学院海洋研究所 地址：青岛市黄岛区海军路88号 联系方式：王老师；0532-82898689 2.采购代理机构信息 名 称：中科高盛咨询集团有限公司 地 址：青岛市市北区舞阳路7号9号楼3层 联系方式：张鑫、司马维祖、吴沙沙、矫玲玲、姜廷、黄波；0532-85859787；zkgsqd00@163.com 3.项目联系方式 项目联系人：张鑫、司马维祖、吴沙沙、矫玲玲、姜廷、黄波 电 话： 0532-85859787",教育培训,,中国政府采购网,,,,,,84.5,"[{""序号"": ""1"", ""供应商名称"": ""上海ABB工程有限公司"", ""服务名称"": ""“科学”轮电力推进系统设备维护保养服务"", ""服务范围"": ""要求满足原设备配套要求，负责登船为“科学”轮提供配置中所列的设备按设备维护保养提供1年维护保养服务，包括一次半年度，一次年度维护保养工作。"", ""服务要求"": ""满足采购文件要求"", ""服务时间"": ""自本合同生效之日起三年，根据服务情况合同每年一签。"", ""服务标准"": ""满足采购文件要求""}]",闫振华；杨林；姜良优,1.014,上海ABB工程有限公司,,,,
中央宣传部出版产品质量监督检测中心房屋租赁采购项目成交公告,成交公告,0747-2661SCCZNC08,2026年09月04日 16:10,市辖区,中央宣传部出版产品质量监督检测中心,北京市西城区红莲南路 57 号,010-65230607,中化商务有限公司,北京市丰台区丽泽路24号院平安幸福中心B座23、25、26层,蔡华文、刘天、曹颖、刘明阳、刘畅、王毕申 010-83923564,蔡华文、刘天、曹颖、刘明阳、刘,010-83923564,"中小企业声明函.pdf,分项报价表.pdf,NC08 采购文件 中央宣传部出版产品质量监督检测中心房屋租赁采购项目.pdf","[{""attach_name"": ""中小企业声明函.pdf"", ""attach_url"": ""https://download.ccgp.gov.cn/oss/download?uuid=92A09C7F39B5F506BCDDC2AD7DA6F8""}, {""attach_name"": ""分项报价表.pdf"", ""attach_url"": ""https://download.ccgp.gov.cn/oss/download?uuid=22452F01A742A3A40C42E5C58A2F30""}, {""attach_name"": ""NC08 采购文件 中央宣传部出版产品质量监督检测中心房屋租赁采购项目.pdf"", ""attach_url"": ""https://download.ccgp.gov.cn/oss/download?uuid=76091F062965DE8478324C016DCB9A""}]",https://www.ccgp.gov.cn/cggg/zygg/cjgg/202609/t20260904_27268853.htm,2026-09-10 09:38:14,一、项目编号：0747-2661SCCZNC08（招标文件编号：0747-2661SCCZNC08） 二、项目名称：中央宣传部出版产品质量监督检测中心房屋租赁采购项目 三、中标（成交）信息 供应商名称：中国印刷物资有限公司供应商地址：北京市西城区红莲南路57号1幢1-15层中标（成交）金额：399.9974990（万元）四、主要标的信息 序号    供应商名称      服务名称      服务范围      服务要求      服务时间      服务标准   1    中国印刷物资有限公司      中央宣传部出版产品质量监督检测中心房屋租赁采购项目      租用办公用房和业务用房      详见附件      12个月，经甲乙双方协商一致的可续签合同，最多续签两次。      详见附件                 五、评审专家（单一来源采购人员）名单： 袁比飞、张喜根、苗青 六、代理服务收费标准及金额： 本项目代理费收费标准：成交供应商在领取成交通知书的同时，以成交金额为基数，参照原计价格[2002]1980号、发改办价格[2003]857号文件规定的服务费标准【下浮20%】向采购代理机构缴纳代理服务费。 本项目代理费总金额：3.119984 万元（人民币） 七、公告期限 自本公告发布之日起1个工作日。 八、其它补充事宜 无 九、凡对本次公告内容提出询问，请按以下方式联系。 1.采购人信息 名 称：中央宣传部出版产品质量监督检测中心 地址：北京市西城区红莲南路 57 号 联系方式：010-65230607 2.采购代理机构信息 名 称：中化商务有限公司 地 址：北京市丰台区丽泽路24号院平安幸福中心B座23、25、26层 联系方式：蔡华文、刘天、曹颖、刘明阳、刘畅、王毕申 010-83923564 3.项目联系方式 项目联系人：蔡华文、刘天、曹颖、刘明阳、刘畅、王毕申 电 话： 010-83923564,服务外包,,中国政府采购网,,,,,,399.997499,"[{""序号"": ""1"", ""供应商名称"": ""中国印刷物资有限公司"", ""服务名称"": ""中央宣传部出版产品质量监督检测中心房屋租赁采购项目"", ""服务范围"": ""租用办公用房和业务用房"", ""服务要求"": ""详见附件"", ""服务时间"": ""12个月，经甲乙双方协商一致的可续签合同，最多续签两次。"", ""服务标准"": ""详见附件""}]",袁比飞、张喜根、苗青,3.119984,中国印刷物资有限公司,,,,
中国人口与发展研究中心2026年度信息化维保服务项目成交公告,成交公告,TC260809Q,2026年09月04日 16:10,北京市,中国人口与发展研究中心,北京市海淀区大慧寺路12号院,郭春花，010-62166738,中招国际招标有限公司,北京市海淀区学院南路62号中关村资本大厦,秦璐璐、师杉，010-62108239、62108152,秦璐璐、师杉,010-62108239、62108152,竞争性磋商文件-中国人口与发展研究中心2026年度信息化维保服务项目.pdf,"[{""attach_name"": ""竞争性磋商文件-中国人口与发展研究中心2026年度信息化维保服务项目.pdf"", ""attach_url"": ""https://download.ccgp.gov.cn/oss/download?uuid=1E3E88546FD6ABFE57944E9836D7FF""}]",https://www.ccgp.gov.cn/cggg/zygg/cjgg/202609/t20260904_27268862.htm,2026-09-10 09:38:15,一、项目编号：TC260809Q（招标文件编号：TC260809Q） 二、项目名称：中国人口与发展研究中心2026年度信息化维保服务项目 三、中标（成交）信息 供应商名称：北京中亦安图科技股份有限公司供应商地址：北京市丰台区汽车博物馆东路10号院3号楼12层1201中标（成交）金额：47.7000000（万元）四、主要标的信息 序号    供应商名称      服务名称      服务范围      服务要求      服务时间      服务标准   1    北京中亦安图科技股份有限公司      中国人口与发展研究中心2026年度信息化维保服务      超过原厂保修期服务器、数据库软件、存储设备、网络设备、安全设备、UPS设备、精密空调等设备      满足竞争性磋商文件要求      一年      满足竞争性磋商文件要求                 五、评审专家（单一来源采购人员）名单： 马凤玥、张苗苗、靳敬纯 六、代理服务收费标准及金额： 本项目代理费收费标准：参照原国家计委计价格〔2002〕1980号文和国家发改委发改办价格〔2003〕857号文的计算方法收取。 本项目代理费总金额：0.715500 万元（人民币） 七、公告期限 自本公告发布之日起1个工作日。 八、其它补充事宜 成交供应商综合得分（平均分）：95.33。 九、凡对本次公告内容提出询问，请按以下方式联系。 1.采购人信息 名 称：中国人口与发展研究中心 地址：北京市海淀区大慧寺路12号院 联系方式：郭春花，010-62166738 2.采购代理机构信息 名 称：中招国际招标有限公司 地 址：北京市海淀区学院南路62号中关村资本大厦 联系方式：秦璐璐、师杉，010-62108239、62108152 3.项目联系方式 项目联系人：秦璐璐、师杉 电 话： 010-62108239、62108152,信息技术,,中国政府采购网,,,,,,47.7,"[{""序号"": ""1"", ""供应商名称"": ""北京中亦安图科技股份有限公司"", ""服务名称"": ""中国人口与发展研究中心2026年度信息化维保服务"", ""服务范围"": ""超过原厂保修期服务器、数据库软件、存储设备、网络设备、安全设备、UPS设备、精密空调等设备"", ""服务要求"": ""满足竞争性磋商文件要求"", ""服务时间"": ""一年"", ""服务标准"": ""满足竞争性磋商文件要求""}]",马凤玥、张苗苗、靳敬纯,0.7155,北京中亦安图科技股份有限公司,,,,
南开大学“双一流”建设办公室学科发展水平数据监测及大学360度数据监测平台服务采购项目成交公告,成交公告,NK2026F067,2026年09月04日 16:08,天津市,南开大学,天津市南开区卫津路94号,满老师、王老师022-23508050,天津国际招标有限公司,天津市河西区卫津南路19号501室,郝蕊、孙小茜、卢佳胜、李佳璘、杨晓彤022-27235797,郝蕊、孙小茜、卢佳胜、李佳璘,022-27235797,,,https://www.ccgp.gov.cn/cggg/zygg/cjgg/202609/t20260904_27268802.htm,2026-09-10 09:38:15,一、项目编号：NK2026F067（招标文件编号：NK2026F067） 二、项目名称：南开大学“双一流”建设办公室学科发展水平数据监测及大学360度数据监测平台服务采购项目 三、中标（成交）信息 供应商名称：上海高绩数据科技有限公司供应商地址：上海市闵行区东川路555号戊楼8179室中标（成交）金额：87.0000000（万元）四、主要标的信息 序号    供应商名称      服务名称      服务范围      服务要求      服务时间      服务标准   1    上海高绩数据科技有限公司      南开大学“双一流”建设办公室学科发展水平数据监测及大学360度数据监测平台服务采购项目      学科发展水平数据监测及大学360度数据监测平台服务采购，具体内容详见采购文件项目需求书。      系统监测本校学科核心数据，开展学科与大学排名动态分析，梳理各类排名对应的指标体系与基础数据，精准研判本校学科及办学位次变动情况，明晰学科建设短板，为学校统筹推进“双一流”建设、制定学科发展规划提供数据支撑与决策参考。具体内容详见采购文件项目需求书。      合同签订且开通用户账号之日起 1 年。      具体内容详见采购文件项目需求书。                 五、评审专家（单一来源采购人员）名单： 张志钢（组长）、唐金荣、赵得龙（采购人代表） 六、代理服务收费标准及金额： 本项目代理费收费标准：参照原国家计委2002(1980)号文件（已废止）的取费计算方法和标准的44%计取，以《中标（成交）通知书》中确定的中标（成交）金额作为收费的计算依据。 本项目代理费总金额：0.574200 万元（人民币） 七、公告期限 自本公告发布之日起1个工作日。 八、其它补充事宜 无 九、凡对本次公告内容提出询问，请按以下方式联系。 1.采购人信息 名 称：南开大学 地址：天津市南开区卫津路94号 联系方式：满老师、王老师022-23508050 2.采购代理机构信息 名 称：天津国际招标有限公司 地 址：天津市河西区卫津南路19号501室 联系方式：郝蕊、孙小茜、卢佳胜、李佳璘、杨晓彤022-27235797 3.项目联系方式 项目联系人：郝蕊、孙小茜、卢佳胜、李佳璘、杨晓彤 电 话： 022-27235797,教育培训,,中国政府采购网,,,,,,87.0,"[{""序号"": ""1"", ""供应商名称"": ""上海高绩数据科技有限公司"", ""服务名称"": ""南开大学“双一流”建设办公室学科发展水平数据监测及大学360度数据监测平台服务采购项目"", ""服务范围"": ""学科发展水平数据监测及大学360度数据监测平台服务采购，具体内容详见采购文件项目需求书。"", ""服务要求"": ""系统监测本校学科核心数据，开展学科与大学排名动态分析，梳理各类排名对应的指标体系与基础数据，精准研判本校学科及办学位次变动情况，明晰学科建设短板，为学校统筹推进“双一流”建设、制定学科发展规划提供数据支撑与决策参考。具体内容详见采购文件项目需求书。"", ""服务时间"": ""合同签订且开通用户账号之日起 1 年。"", ""服务标准"": ""具体内容详见采购文件项目需求书。""}]",张志钢（组长）、唐金荣、赵得龙（采购人代表）,0.5742,上海高绩数据科技有限公司,,,,
锡林浩特市消防救援大队2026年物业及餐饮服务成交公告,成交公告,ZFCG304526083876,2026年09月04日 16:05,锡林浩特市,锡林浩特市消防救援大队,内蒙古自治区锡林郭勒盟锡林浩特市锡林东大街259号,张靖轩、18047994979,内蒙古阳光采购服务平台有限责任公司,内蒙古呼和浩特市赛罕区阿吉泰路3号,樊增、18247126907、0471-3473025,樊增,18247126907,"中小企业申明函.jpg,锡林浩特市消防救援大队2026年物业及餐饮服务-竞争性磋商文件(定稿版).pdf","[{""attach_name"": ""中小企业申明函.jpg"", ""attach_url"": ""https://download.ccgp.gov.cn/oss/download?uuid=9E6B7ECACB5F9CB7A8DF591E5ECDF3""}, {""attach_name"": ""锡林浩特市消防救援大队2026年物业及餐饮服务-竞争性磋商文件(定稿版).pdf"", ""attach_url"": ""https://download.ccgp.gov.cn/oss/download?uuid=C38A911D89C3434EAD21034518C2A8""}]",https://www.ccgp.gov.cn/cggg/zygg/cjgg/202609/t20260904_27268738.htm,2026-09-10 09:38:16,一、项目编号：ZFCG304526083876（招标文件编号：ZFCG304526083876） 二、项目名称：锡林浩特市消防救援大队2026年物业及餐饮服务 三、中标（成交）信息 供应商名称：内蒙古宝仑物业服务有限公司供应商地址：内蒙古自治区锡林郭勒盟锡林浩特市新区和园小区B8号楼2 单元2001室中标（成交）金额：86.5000000（万元）四、主要标的信息 序号    供应商名称      服务名称      服务范围      服务要求      服务时间      服务标准   1    内蒙古宝仑物业服务有限公司      锡林浩特市消防救援大队2026年物业及餐饮服务      满足磋商文件要求      满足磋商文件要求      满足磋商文件要求      满足磋商文件要求                 五、评审专家（单一来源采购人员）名单： 崔林虎、强莉平、郑浩然 六、代理服务收费标准及金额： 本项目代理费收费标准：服务费以中标金额为基数，按标准收费的80%收取，不足8000元按8000元收取。由采购人支付。 本项目代理费总金额：1.038000 万元（人民币） 七、公告期限 自本公告发布之日起1个工作日。 八、其它补充事宜 无 九、凡对本次公告内容提出询问，请按以下方式联系。 1.采购人信息 名 称：锡林浩特市消防救援大队 地址：内蒙古自治区锡林郭勒盟锡林浩特市锡林东大街259号 联系方式：张靖轩、18047994979 2.采购代理机构信息 名 称：内蒙古阳光采购服务平台有限责任公司 地 址：内蒙古呼和浩特市赛罕区阿吉泰路3号 联系方式：樊增、18247126907、0471-3473025 3.项目联系方式 项目联系人：樊增 电 话： 18247126907,公共安全,,中国政府采购网,,,,,,86.5,"[{""序号"": ""1"", ""供应商名称"": ""内蒙古宝仑物业服务有限公司"", ""服务名称"": ""锡林浩特市消防救援大队2026年物业及餐饮服务"", ""服务范围"": ""满足磋商文件要求"", ""服务要求"": ""满足磋商文件要求"", ""服务时间"": ""满足磋商文件要求"", ""服务标准"": ""满足磋商文件要求""}]",崔林虎、强莉平、郑浩然,1.038,内蒙古宝仑物业服务有限公司,,,,
江西宇晟工程管理有限公司关于南丰县消防救援大队采购伙食配送服务（项目编号：JXYS-2026-NF01）竞争性磋商成交公示,成交公告,JXYS-2026-NF01,2026年09月04日 15:59,南丰县,南丰县消防救援大队,抚州市南丰县子固南路琴湖御景西侧,马先生/18296971030,江西宇晟工程管理有限公司,江西省抚州市抚州高新技术开发区赣东大道1988号（名人国际）1幢2601室,余增/18720702588,余增,18720702588,6-1中小企业声明函.pdf,"[{""attach_name"": ""6-1中小企业声明函.pdf"", ""attach_url"": ""https://download.ccgp.gov.cn/oss/download?uuid=722A29841B3898CB258D585B6B5CE2""}]",https://www.ccgp.gov.cn/cggg/zygg/cjgg/202609/t20260904_27268628.htm,2026-09-10 09:38:16,一、项目编号： JXYS-2026-NF01（招标文件编号：JXYS-2026-NF01） 二、项目名称：南丰县消防救援大队采购伙食配送服务 三、中标（成交）信息 供应商名称：江西抚食鲜农产品有限公司供应商地址：江西省抚州市抚州高新技术产业开发区崇岗镇下邓村邓伦利房屋包组或产品名称：生鲜、主食、蔬菜、肉类、水产、冻品、干货调味料、鸡蛋、牛奶等折扣率(%)：77.0000000四、主要标的信息 序号    供应商名称      服务名称      服务范围      服务要求      服务时间      服务标准   1    江西抚食鲜农产品有限公司      南丰县消防救援大队采购伙食配送服务      详见竞争性磋商文件      详见竞争性磋商文件      签订合同之日起服务期限 1 年      详见竞争性磋商文件                 五、评审专家（单一来源采购人员）名单： 严红霞、罗晓云、吴宏璋 六、代理服务收费标准及金额： 本项目代理费收费标准：采购代理服务费：服务费按以下方法计算。中标金额（万元） 收费费率100以下 1.5%100以上 0.8% 本项目代理费总金额：1.701600 万元（人民币） 七、公告期限 自本公告发布之日起1个工作日。 八、其它补充事宜  各相关当事人对成交结果有异议的，可在本公告发布届满之日起七个工作日内，以书面形式提起质疑，逾期将不再受理。 九、凡对本次公告内容提出询问，请按以下方式联系。 1.采购人信息 名 称：南丰县消防救援大队 地址：抚州市南丰县子固南路琴湖御景西侧 联系方式： 马先生/18296971030 2.采购代理机构信息 名 称：江西宇晟工程管理有限公司 地 址：江西省抚州市抚州高新技术开发区赣东大道1988号（名人国际）1幢2601室 联系方式：余增/18720702588 3.项目联系方式 项目联系人：余增 电 话： 18720702588,公共安全,,中国政府采购网,,,,,,0.0,"[{""序号"": ""1"", ""供应商名称"": ""江西抚食鲜农产品有限公司"", ""服务名称"": ""南丰县消防救援大队采购伙食配送服务"", ""服务范围"": ""详见竞争性磋商文件"", ""服务要求"": ""详见竞争性磋商文件"", ""服务时间"": ""签订合同之日起服务期限 1 年"", ""服务标准"": ""详见竞争性磋商文件""}]",严红霞、罗晓云、吴宏璋,1.7016,江西抚食鲜农产品有限公司,,,,
中华人民共和国松江海关电梯系统节能改造项目成交公告,成交公告,0613-267023054610,2026年09月04日 15:55,上海市,中华人民共和国松江海关,上海市松江区荣乐东路2001号,阮老师021-68894795,上海机电设备招标有限公司,上海市普陀区长寿路285号恒达大厦16楼1606室,盛晓敏、孙瑞强021-32557729、32557738,盛晓敏,021-32557729,4610中华人民共和国松江海关电梯系统节能改造项目竞争性磋商文件--更正稿0824.docx,"[{""attach_name"": ""4610中华人民共和国松江海关电梯系统节能改造项目竞争性磋商文件--更正稿0824.docx"", ""attach_url"": ""https://download.ccgp.gov.cn/oss/download?uuid=3993E5746EAE789F9A81BFA4BD0D46""}]",https://www.ccgp.gov.cn/cggg/zygg/cjgg/202609/t20260904_27268550.htm,2026-09-10 09:38:17,一、项目编号：0613-267023054610（招标文件编号：0613-267023054610） 二、项目名称：中华人民共和国松江海关电梯系统节能改造项目 三、中标（成交）信息 供应商名称：上海三菱电梯有限公司供应商地址：上海市闵行区江川路811号中标（成交）金额：67.9800000（万元）四、主要标的信息 序号    供应商名称      服务名称      服务范围      服务要求      服务时间      服务标准   1    上海三菱电梯有限公司      中华人民共和国松江海关电梯系统节能改造项目      按磋商文件及供应商承诺函约定的服务范围。      按磋商文件及供应商承诺函约定的服务要求。      接招标人通知后110个日内完成供货安装。      按磋商文件及供应商承诺函约定的服务标准。                 五、评审专家（单一来源采购人员）名单： 张仲华、曹洪达、陈强 六、代理服务收费标准及金额： 本项目代理费收费标准：招标代理服务费的金额：成交通知书发出后30天内，成交人须向上海机电设备招标有限公司一次付清招标代理服务费，招标代理服务费以成交金额为基准，参照国家发展计划委员会“计价格（2002）1980号”文《招标代理服务收费管理暂行办法》规定，采用差额定率累进计费方式下浮20%收取，即：100万元人民币以下，按1.2%收取；100-500万元人民币，按0.64%收取；500-1000万元人民币，按0.36%收取；1000-5000万元人民币，按0.25%收取；按上述标准收取的招标代理服务费若低于6000元，则按保底价格6000元收取。 本项目代理费总金额：0.815800 万元（人民币） 七、公告期限 自本公告发布之日起1个工作日。 八、其它补充事宜 上海三菱电梯有限公司综合得分为93.00分，排名第一。 九、凡对本次公告内容提出询问，请按以下方式联系。 1.采购人信息 名 称：中华人民共和国松江海关 地址：上海市松江区荣乐东路2001号 联系方式：阮老师021-68894795 2.采购代理机构信息 名 称：上海机电设备招标有限公司 地 址：上海市普陀区长寿路285号恒达大厦16楼1606室 联系方式：盛晓敏、孙瑞强021-32557729、32557738 3.项目联系方式 项目联系人：盛晓敏 电 话： 021-32557729,工程建设,,中国政府采购网,,,,,,67.98,"[{""序号"": ""1"", ""供应商名称"": ""上海三菱电梯有限公司"", ""服务名称"": ""中华人民共和国松江海关电梯系统节能改造项目"", ""服务范围"": ""按磋商文件及供应商承诺函约定的服务范围。"", ""服务要求"": ""按磋商文件及供应商承诺函约定的服务要求。"", ""服务时间"": ""接招标人通知后110个日内完成供货安装。"", ""服务标准"": ""按磋商文件及供应商承诺函约定的服务标准。""}]",张仲华、曹洪达、陈强,0.8158,上海三菱电梯有限公司,,,,
南京大学三维原子探针采购项目成交公告,成交公告,GZH2602198,2026年09月04日 15:50,南京市,南京大学,南京市栖霞区仙林大道163号,胡老师、025-89688969,江苏苏豪创新科技集团高科有限公司,南京市雨花台区软件大道21号苏豪国际广场（北园）C座612室,李沁原、025-52875941,丁一,025-52875927,南大-三维原子探针-单一来源发售版.pdf,"[{""attach_name"": ""南大-三维原子探针-单一来源发售版.pdf"", ""attach_url"": ""https://download.ccgp.gov.cn/oss/download?uuid=791DADB33F74842FA4B487E95C4E5C""}]",https://www.ccgp.gov.cn/cggg/zygg/cjgg/202609/t20260904_27268475.htm,2026-09-10 09:38:17,一、项目编号：GZH2602198（1214-264106289LDY）（招标文件编号：GZH2602198 （1214-264106289LDY）） 二、项目名称：南京大学三维原子探针采购项目 三、中标（成交）信息 供应商名称：东方理德（北京）科技有限公司供应商地址：北京市朝阳区惠新东街23号楼七层701A和716室中标（成交）金额：2690.0000000（万元）四、主要标的信息 序号    供应商名称      货物名称      货物品牌      货物型号      货物数量      货物单价(元)   1    东方理德（北京）科技有限公司      三维原子探针      CAMECA      LEAP 6000XR      1套      26900000                 五、评审专家（单一来源采购人员）名单： 王淮滨、孙杰、李小华、刘加彬、谢军（采购人代表） 六、代理服务收费标准及金额： 本项目代理费收费标准：差额累计，按照采购文件规定成交金额小于100万元的部分按费率0.525%计取，在100-500万元的部分按费率0.385%计取，在500-1000万元的部分按费率0.28%计取，在1000-5000万元的部分按费率0.175%计取。最高执行价20000元。 本项目代理费总金额：2.000000 万元（人民币） 七、公告期限 自本公告发布之日起1个工作日。 八、其它补充事宜 各有关当事人对成交公告结果有异议的，可以在成交公告期限届满之日起七个工作日内，以书面原件形式提出明确的请求并提供必要的证明材料，向江苏苏豪创新科技集团高科有限公司提出质疑，逾期将不再受理。 九、凡对本次公告内容提出询问，请按以下方式联系。 1.采购人信息 名 称：南京大学 地址：南京市栖霞区仙林大道163号 联系方式：胡老师、025-89688969 2.采购代理机构信息 名 称：江苏苏豪创新科技集团高科有限公司 地 址：南京市雨花台区软件大道21号苏豪国际广场（北园）C座612室 联系方式：李沁原、025-52875941 3.项目联系方式 项目联系人：丁一 电 话： 025-52875927,教育培训,,中国政府采购网,,,,,,2690.0,"[{""序号"": ""1"", ""供应商名称"": ""东方理德（北京）科技有限公司"", ""货物名称"": ""三维原子探针"", ""货物品牌"": ""CAMECA"", ""货物型号"": ""LEAP 6000XR"", ""货物数量"": ""1套"", ""货物单价(元)"": ""26900000""}]",王淮滨、孙杰、李小华、刘加彬、谢军（采购人代表）,2.0,东方理德（北京）科技有限公司,,,,
国家统计局内蒙古调查总队档案整理及数字化采购项目中标（成交）结果公告,成交公告,ZJNMG-CZFW-20260822,2026年09月04日 15:48,新城区,国家统计局内蒙古调查总队,内蒙古呼和浩特市赛罕区乌兰察布东街统计局街85号,王嘉宇  0471-4963015,中经国际招标集团（内蒙古）有限公司,内蒙古自治区呼和浩特市新城区兴安南路5号兴业成大厦10楼,巩小燕、董少敏、蒿鑫、苏娴、唐燕娇   0471-3468975,巩小燕、董少敏、蒿鑫、苏娴、唐,0471-3468975,"深圳市春晖信档案技术服务有限公司.pdf,中小企业申明函.png","[{""attach_name"": ""深圳市春晖信档案技术服务有限公司.pdf"", ""attach_url"": ""https://download.ccgp.gov.cn/oss/download?uuid=D8966B535F2FA532DFBDDBC62D63A5""}, {""attach_name"": ""中小企业申明函.png"", ""attach_url"": ""https://download.ccgp.gov.cn/oss/download?uuid=2D5A7F70258476A4A38956AC1063DD""}]",https://www.ccgp.gov.cn/cggg/zygg/cjgg/202609/t20260904_27268397.htm,2026-09-10 09:38:18,一、项目编号：ZJNMG-CZFW-20260822（招标文件编号：ZJNMG-CZFW-20260822） 二、项目名称：国家统计局内蒙古调查总队档案整理及数字化采购项目 三、中标（成交）信息 供应商名称：深圳市春晖信档案技术服务有限公司供应商地址：深圳市福田区福保街道石厦社区石厦北二街道西新天世纪商务中心A.B 座B711中标（成交）金额：27.3795000（万元）四、主要标的信息 序号    供应商名称      服务名称      服务范围      服务要求      服务时间      服务标准   1    深圳市春晖信档案技术服务有限公司      详见分项报价表      详见分项报价表      详见分项报价表      详见分项报价表      详见分项报价表                 五、评审专家（单一来源采购人员）名单： 梁**、霍*、王*（采购人代表） 六、代理服务收费标准及金额： 本项目代理费收费标准：按固定金额7000.00元收取，由采购人支付。 本项目代理费总金额：0.700000 万元（人民币） 七、公告期限 自本公告发布之日起1个工作日。 八、其它补充事宜 无 九、凡对本次公告内容提出询问，请按以下方式联系。 1.采购人信息 名 称：国家统计局内蒙古调查总队 地址：内蒙古呼和浩特市赛罕区乌兰察布东街统计局街85号 联系方式：王嘉宇 0471-4963015 2.采购代理机构信息 名 称：中经国际招标集团（内蒙古）有限公司 地 址：内蒙古自治区呼和浩特市新城区兴安南路5号兴业成大厦10楼 联系方式：巩小燕、董少敏、蒿鑫、苏娴、唐燕娇 0471-3468975 3.项目联系方式 项目联系人：巩小燕、董少敏、蒿鑫、苏娴、唐燕娇 电 话： 0471-3468975,信息技术,,中国政府采购网,,,,,,27.3795,"[{""序号"": ""1"", ""供应商名称"": ""深圳市春晖信档案技术服务有限公司"", ""服务名称"": ""详见分项报价表"", ""服务范围"": ""详见分项报价表"", ""服务要求"": ""详见分项报价表"", ""服务时间"": ""详见分项报价表"", ""服务标准"": ""详见分项报价表""}]",梁**、霍*、王*（采购人代表）,0.7,深圳市春晖信档案技术服务有限公司,,,,
大连理工大学盘锦校区F04能源化工绿色转型与技术创新研究中心改造室内装修工程成交公告,成交公告,DUTBPC-2026276,2026年09月04日 15:45,大连市,大连理工大学,大连理工大学采购与招标中心410室（大连市甘井子区凌工路2号，大连理工大学国际会议中心（科技园大厦C座））,张老师、丛老师  0411-84706186/84706319,大连富越项目管理有限公司,大连市中山区人民路时代广场A座1805室,宋艳平、孙元直、于彤彤  0411-86665011,宋艳平、孙元直、于彤彤,0411-86665011,"苍龙中小企业声明函.jpg,大连理工大学盘锦校区F04能源化工绿色转型与技术创新研究中心改造室内装修工程-发标.pdf","[{""attach_name"": ""苍龙中小企业声明函.jpg"", ""attach_url"": ""https://download.ccgp.gov.cn/oss/download?uuid=B28177F0E736104C8F7299EB13A2B4""}, {""attach_name"": ""大连理工大学盘锦校区F04能源化工绿色转型与技术创新研究中心改造室内装修工程-发标.pdf"", ""attach_url"": ""https://download.ccgp.gov.cn/oss/download?uuid=BBFBA021B96EE1F4DA4193E95CDA68""}]",https://www.ccgp.gov.cn/cggg/zygg/cjgg/202609/t20260904_27268327.htm,2026-09-10 09:38:19,一、项目编号：DUTBPC-2026276（招标文件编号：DUTBPC-2026276） 二、项目名称：大连理工大学盘锦校区F04能源化工绿色转型与技术创新研究中心改造室内装修工程 三、中标（成交）信息 供应商名称：苍龙（辽宁）建设有限公司供应商地址：辽宁省大连市沙河口区中山路595号15层1号中标（成交）金额：276.5658570（万元）四、主要标的信息 序号    供应商名称       工程名称       施工范围       施工工期       项目经理       执业证书   1    苍龙（辽宁）建设有限公司      大连理工大学盘锦校区F04能源化工绿色转型与技术创新研究中心改造室内装修工程      本项目建筑面积1948㎡，现拟对F04楼宇一层进行改造，改造内容主要包含楼宇拆除，地面重新铺装，安装踢脚线，墙面涂刷乳胶漆，重新吊顶、卫生间重新改造，相关水电进行改造等内容。详见磋商文件、设计图纸及工程量清单。      自合同签订之日起45个日历日内，具体以合同约定为准      沈政      辽2212022202300099                 五、评审专家（单一来源采购人员）名单： 翁海、费正翔、吴冰、王德元、陈丽娜、黄鹏飞、刘安敏 六、代理服务收费标准及金额： 本项目代理费收费标准：按磋商文件要求执行 本项目代理费总金额：1.118000 万元（人民币） 七、公告期限 自本公告发布之日起1个工作日。 八、其它补充事宜 成交单位：苍龙（辽宁）建设有限公司综合得分：91.95分企业类型：小型企业 九、凡对本次公告内容提出询问，请按以下方式联系。 1.采购人信息 名 称：大连理工大学 地址：大连理工大学采购与招标中心410室（大连市甘井子区凌工路2号，大连理工大学国际会议中心（科技园大厦C座）） 联系方式：张老师、丛老师 0411-84706186/84706319 2.采购代理机构信息 名 称：大连富越项目管理有限公司 地 址：大连市中山区人民路时代广场A座1805室 联系方式：宋艳平、孙元直、于彤彤 0411-86665011 3.项目联系方式 项目联系人：宋艳平、孙元直、于彤彤 电 话： 0411-86665011,教育培训,,中国政府采购网,,,,,,276.565857,"[{""序号"": ""1"", ""供应商名称"": ""苍龙（辽宁）建设有限公司"", ""工程名称"": ""大连理工大学盘锦校区F04能源化工绿色转型与技术创新研究中心改造室内装修工程"", ""施工范围"": ""本项目建筑面积1948㎡，现拟对F04楼宇一层进行改造，改造内容主要包含楼宇拆除，地面重新铺装，安装踢脚线，墙面涂刷乳胶漆，重新吊顶、卫生间重新改造，相关水电进行改造等内容。详见磋商文件、设计图纸及工程量清单。"", ""施工工期"": ""自合同签订之日起45个日历日内，具体以合同约定为准"", ""项目经理"": ""沈政"", ""执业证书"": ""辽2212022202300099""}]",翁海、费正翔、吴冰、王德元、陈丽娜、黄鹏飞、刘安敏,1.118,苍龙（辽宁）建设有限公司,,,,
全国海关信息中心2026年采购工装皮鞋采购项目成交公告更正公告,成交公告,CMEETC-267FR351EE769,2026年09月04日 15:44,北京市,全国海关信息中心,北京市东城区金宝街63号710室,马老师010-85193943,中国机电工程招标有限公司,北京市海淀区车公庄西路乙19号华通大厦B座南塔14层,李晓茹、李鹏飞、刘伟、张博88018616-8065、15931332841,李晓茹,88018616-8065,,,https://www.ccgp.gov.cn/cggg/zygg/cjgg/202609/t20260904_27268333.htm,2026-09-10 09:38:20,一、项目编号：CMEETC-267FR351EE769（招标文件编号：CMEETC-267FR351EE769） 二、项目名称：全国海关信息中心2026年采购工装皮鞋采购项目 三、中标（成交）信息 供应商名称：贵州普安满吉服饰有限公司供应商地址：贵州省黔西南州普安县茶源街道小微创业园6号厂房中标（成交）金额：7.0080000（万元）四、主要标的信息 序号    供应商名称      货物名称      货物品牌      货物型号      货物数量      货物单价(元)   1    贵州普安满吉服饰有限公司      满足采购文件要求      满足采购文件要求      满足采购文件要求      满足采购文件要求      满足采购文件要求                 五、评审专家（单一来源采购人员）名单： 曾献平，刘红，乔雅静。 六、代理服务收费标准及金额： 本项目代理费收费标准：参照原国家计委关于《招标代理服务收费管理暂行办法》的通知（计价格〔2002〕1980号）的标准收取招标代理服务费 本项目代理费总金额：0.105120 万元（人民币） 七、公告期限 自本公告发布之日起1个工作日。 八、其它补充事宜 贵州普安满吉服饰有限公司提供了“关于符合本国产品标准的声明函”，根据询价文件要求，当采购项目或者采购包中含有多种产品，供应商为该采购项目或者采购包提供的符合本国产品标准的产品成本之和占该供应商提供的全部产品成本之和的比例达到80%以上时，依法对该供应商提供的全部产品给予价格评审优惠，即对该供应商提供的全部产品的总报价给予20%的价格扣除，用扣除后的价格参与评审。 九、凡对本次公告内容提出询问，请按以下方式联系。 1.采购人信息 名 称：全国海关信息中心 地址：北京市东城区金宝街63号710室 联系方式：马老师010-85193943 2.采购代理机构信息 名 称：中国机电工程招标有限公司 地 址：北京市海淀区车公庄西路乙19号华通大厦B座南塔14层 联系方式：李晓茹、李鹏飞、刘伟、张博88018616-8065、15931332841 3.项目联系方式 项目联系人：李晓茹 电 话： 88018616-8065,其他,,中国政府采购网,,,,,,7.008,"[{""序号"": ""1"", ""供应商名称"": ""贵州普安满吉服饰有限公司"", ""货物名称"": ""满足采购文件要求"", ""货物品牌"": ""满足采购文件要求"", ""货物型号"": ""满足采购文件要求"", ""货物数量"": ""满足采购文件要求"", ""货物单价(元)"": ""满足采购文件要求""}]",曾献平，刘红，乔雅静。,0.10512,贵州普安满吉服饰有限公司,,,,
全国海关信息中心2026年总署互联网用户上网网络NTP设备采购项目成交公告,成交公告,0610-2641NH051649,2026年09月04日 15:42,北京市,全国海关信息中心,北京市东城区金宝街63号,孟老师  010-85193064,北京国际招标有限公司,北京市海淀区北三环中路31号院凯奇大厦B座9层,张鑫、刘思雯、张晨楚  010-84045310,张鑫、刘思雯、张晨楚,010-84045310,"中小企业声明函-北京中启赛博科技有限公司.pdf,关于符合本国产品标准的声明函-北京中启赛博科技有限公司.pdf,（全流程电子化）询价通知书-全国海关信息中心2026年总署互联网用户上网网络NTP设备采购项目0825发售版.pdf","[{""attach_name"": ""中小企业声明函-北京中启赛博科技有限公司.pdf"", ""attach_url"": ""https://download.ccgp.gov.cn/oss/download?uuid=9016E95B6696E36BD02DE9016FB69B""}, {""attach_name"": ""关于符合本国产品标准的声明函-北京中启赛博科技有限公司.pdf"", ""attach_url"": ""https://download.ccgp.gov.cn/oss/download?uuid=CBDD6AB9DFFD049988A09D1F08A36C""}, {""attach_name"": ""（全流程电子化）询价通知书-全国海关信息中心2026年总署互联网用户上网网络NTP设备采购项目0825发售版.pdf"", ""attach_url"": ""https://download.ccgp.gov.cn/oss/download?uuid=1D6556BC93F942BCC9C06B45D88F99""}]",https://www.ccgp.gov.cn/cggg/zygg/cjgg/202609/t20260904_27268300.htm,2026-09-10 09:38:21,一、项目编号：0610-2641NH051649（招标文件编号：0610-2641NH051649） 二、项目名称：全国海关信息中心2026年总署互联网用户上网网络NTP设备采购项目 三、中标（成交）信息 供应商名称：北京中启赛博科技有限公司供应商地址：北京市石景山区香山南路105号院4号楼4层402-53号中标（成交）金额：13.5000000（万元）四、主要标的信息 序号    供应商名称      货物名称      货物品牌      货物型号      货物数量      货物单价(元)   1    北京中启赛博科技有限公司      国产化网络时间服务器      泰福特      HJ260      2      67500                 五、评审专家（单一来源采购人员）名单： 陈小洁、柴金梅、孟庆晨 六、代理服务收费标准及金额： 本项目代理费收费标准：按照询价通知书中规定的收费标准收取，由成交供应商支付。 本项目代理费总金额：0.202500 万元（人民币） 七、公告期限 自本公告发布之日起1个工作日。 八、其它补充事宜 无 九、凡对本次公告内容提出询问，请按以下方式联系。 1.采购人信息 名 称：全国海关信息中心 地址：北京市东城区金宝街63号 联系方式：孟老师 010-85193064 2.采购代理机构信息 名 称：北京国际招标有限公司 地 址：北京市海淀区北三环中路31号院凯奇大厦B座9层 联系方式：张鑫、刘思雯、张晨楚 010-84045310 3.项目联系方式 项目联系人：张鑫、刘思雯、张晨楚 电 话： 010-84045310,信息技术,,中国政府采购网,,,,,,13.5,"[{""序号"": ""1"", ""供应商名称"": ""北京中启赛博科技有限公司"", ""货物名称"": ""国产化网络时间服务器"", ""货物品牌"": ""泰福特"", ""货物型号"": ""HJ260"", ""货物数量"": ""2"", ""货物单价(元)"": ""67500""}]",陈小洁、柴金梅、孟庆晨,0.2025,北京中启赛博科技有限公司,,,,
自然资源部第二海洋研究所船舶柴油机底座隔振器项目成交公告,成交公告,CTZB-2026080368,2026年09月04日 15:36,浙江省,自然资源部第二海洋研究所,杭州市保俶北路36号,于菁，0571-81963027,浙江省成套招标代理有限公司,杭州市文晖路42号现代置业大厦西楼18层1802室,邱能晖，0571-85830113,邱能晖,0571-85830113,"关于符合本国产品标准的声明函--上海懿沁船务有限公司.pdf,中小企业声明函--上海懿沁船务有限公司.pdf,最后报价一览表-上海懿沁船务有限公司.pdf,2026年9月3日14：30（重新采购）--自然资源部第二海洋研究所船舶柴油机底座隔振器项目.pdf","[{""attach_name"": ""关于符合本国产品标准的声明函--上海懿沁船务有限公司.pdf"", ""attach_url"": ""https://download.ccgp.gov.cn/oss/download?uuid=5E474BEB4FF8D3128BB74425114CC2""}, {""attach_name"": ""中小企业声明函--上海懿沁船务有限公司.pdf"", ""attach_url"": ""https://download.ccgp.gov.cn/oss/download?uuid=05F0E3BD3D8C4066ADE2FD04815B04""}, {""attach_name"": ""最后报价一览表-上海懿沁船务有限公司.pdf"", ""attach_url"": ""https://download.ccgp.gov.cn/oss/download?uuid=0197A07DE90FE0589A14847E0436CD""}, {""attach_name"": ""2026年9月3日14：30（重新采购）--自然资源部第二海洋研究所船舶柴油机底座隔振器项目.pdf"", ""attach_url"": ""https://download.ccgp.gov.cn/oss/download?uuid=344038472EB566F634B58D52F1E6E5""}]",https://www.ccgp.gov.cn/cggg/zygg/cjgg/202609/t20260904_27268191.htm,2026-09-10 09:38:21,一、项目编号：CTZB-2026080368（招标文件编号：CTZB-2026080368） 二、项目名称：自然资源部第二海洋研究所船舶柴油机底座隔振器项目 三、中标（成交）信息 供应商名称：上海懿沁船务有限公司供应商地址：上海市浦东新区沪南公路9875号1幢十一层1102中标（成交）金额：38.0600000（万元）四、主要标的信息 序号    供应商名称      货物名称      货物品牌      货物型号      货物数量      货物单价(元)   1    上海懿沁船务有限公司      船舶柴油机底座隔振器项目      详见 最后报价一览表      详见 最后报价一览表      详见 最后报价一览表      详见 最后报价一览表                 五、评审专家（单一来源采购人员）名单： 仲玉芳、马海辉、许耀民（采购人代表） 六、代理服务收费标准及金额： 本项目代理费收费标准：详见 采购文件 本项目代理费总金额：0.570900 万元（人民币） 七、公告期限 自本公告发布之日起1个工作日。 八、其它补充事宜 1.公告期限：1个工作日。2.投标单位如认为采购过程和中标结果使自身的合法权益受到损害的，可以在知道或者应知其权益受到损害之日起七个工作日内，以书面形式向采购代理机构提出质疑。3.合同履行期限：合同签订后7天内完成交货。 九、凡对本次公告内容提出询问，请按以下方式联系。 1.采购人信息 名 称：自然资源部第二海洋研究所 地址：杭州市保俶北路36号 联系方式：于菁，0571-81963027 2.采购代理机构信息 名 称：浙江省成套招标代理有限公司 地 址：杭州市文晖路42号现代置业大厦西楼18层1802室 联系方式：邱能晖，0571-85830113 3.项目联系方式 项目联系人：邱能晖 电 话： 0571-85830113,市政交通,,中国政府采购网,,,,,,38.06,"[{""序号"": ""1"", ""供应商名称"": ""上海懿沁船务有限公司"", ""货物名称"": ""船舶柴油机底座隔振器项目"", ""货物品牌"": ""详见 最后报价一览表"", ""货物型号"": ""详见 最后报价一览表"", ""货物数量"": ""详见 最后报价一览表"", ""货物单价(元)"": ""详见 最后报价一览表""}]",仲玉芳、马海辉、许耀民（采购人代表）,0.5709,上海懿沁船务有限公司,,,,
天津市消防救援总队训练和战勤保障支队篮球场维修项目（项目编号：TGPC-2026-C-0021）成交公告,成交公告,TGPC-2026-C-0021,2026年09月04日 15:34,天津市,天津市消防救援总队训练与战勤保障支队,天津市北辰区小淀镇云汉道500号,王立麟  022-26993135,天津市政府采购中心,天津市河东区红星路79号二楼（邮编：300161）,李天蔚、李楠  022-24538176,刘杨,022-24538225,"项目经理证书.pdf,中小企业声明函(1).pdf,竞争性磋商文件TGPC-2026-C-0021.zip","[{""attach_name"": ""项目经理证书.pdf"", ""attach_url"": ""https://download.ccgp.gov.cn/oss/download?uuid=B30575346DB7A4122C031185422B74""}, {""attach_name"": ""中小企业声明函(1).pdf"", ""attach_url"": ""https://download.ccgp.gov.cn/oss/download?uuid=946C3FB90F7B5251BE7A67B2FFD06F""}, {""attach_name"": ""竞争性磋商文件TGPC-2026-C-0021.zip"", ""attach_url"": ""https://download.ccgp.gov.cn/oss/download?uuid=E1EE6E80855F8EEB9C16B4A616AE29""}]",https://www.ccgp.gov.cn/cggg/zygg/cjgg/202609/t20260904_27268142.htm,2026-09-10 09:38:22,一、项目编号：TGPC-2026-C-0021（招标文件编号：TGPC-2026-C-0021） 二、项目名称：天津市消防救援总队训练和战勤保障支队篮球场维修项目（项目编号：TGPC-2026-C-0021） 三、中标（成交）信息 供应商名称：天津市宏天建设工程有限公司供应商地址：天津市武清区梅厂镇福源经济区福祥道北侧1号楼办公楼1126室中标（成交）金额：43.2791000（万元）四、主要标的信息 序号    供应商名称       工程名称       施工范围       施工工期       项目经理       执业证书   1    天津市宏天建设工程有限公司      室外篮球场维修      采购人提供的工程量清单中指定的内容      合同签订后45天内完工      张冬艳      见附件                 五、评审专家（单一来源采购人员）名单： 王爱莲、张鹏、王立麟（采购人代表） 六、代理服务收费标准及金额： 本项目代理费收费标准：见竞争性磋商文件 本项目代理费总金额：0.432700 万元（人民币） 七、公告期限 自本公告发布之日起1个工作日。 八、其它补充事宜 成交供应商综合得分87.1532 九、凡对本次公告内容提出询问，请按以下方式联系。 1.采购人信息 名 称：天津市消防救援总队训练与战勤保障支队 地址：天津市北辰区小淀镇云汉道500号 联系方式：王立麟 022-26993135 2.采购代理机构信息 名 称：天津市政府采购中心 地 址：天津市河东区红星路79号二楼（邮编：300161） 联系方式：李天蔚、李楠 022-24538176 3.项目联系方式 项目联系人：刘杨 电 话： 022-24538225,公共安全,,中国政府采购网,,,,,,43.2791,"[{""序号"": ""1"", ""供应商名称"": ""天津市宏天建设工程有限公司"", ""工程名称"": ""室外篮球场维修"", ""施工范围"": ""采购人提供的工程量清单中指定的内容"", ""施工工期"": ""合同签订后45天内完工"", ""项目经理"": ""张冬艳"", ""执业证书"": ""见附件""}]",王爱莲、张鹏、王立麟（采购人代表）,0.4327,天津市宏天建设工程有限公司,,,,
离退休干部局综合业务应用升级改造采购项目成交公告,成交公告,RJC-F26012,2026年09月04日 15:26,北京市,全国人大常委会办公厅,北京市西城区西交民巷23号,010-83088005,全国人大机关采购中心,北京市西城区西交民巷23号,010-63094892,李彬,010-63094892,附件：磋商文件 .pdf,"[{""attach_name"": ""附件：磋商文件 .pdf"", ""attach_url"": ""https://download.ccgp.gov.cn/oss/download?uuid=6342D7172AFB3C78414E36C0EC8691""}]",https://www.ccgp.gov.cn/cggg/zygg/cjgg/202609/t20260904_27268007.htm,2026-09-10 09:38:22,一、项目编号：RJC-F26012（招标文件编号：RJC-F26012） 二、项目名称：离退休干部局综合业务应用升级改造采购项目 三、中标（成交）信息 供应商名称：北京北大软件工程股份有限公司供应商地址：北京市海淀区北四环西路67号中关村国际创新大厦11层1101-1103、1106-1108室中标（成交）金额：39.6000000（万元）四、主要标的信息 序号    供应商名称      服务名称      服务范围      服务要求      服务时间      服务标准   1    北京北大软件工程股份有限公司      离退休干部局综合业务应用升级改造服务      详见附件1      详见附件1      详见附件1      详见附件1                 五、评审专家（单一来源采购人员）名单： 周水波、李冰、邢宇哲 六、代理服务收费标准及金额： 本项目代理费收费标准：无 本项目代理费总金额：0.000000 万元（人民币） 七、公告期限 自本公告发布之日起1个工作日。 八、其它补充事宜 北京北大软件工程股份有限公司评审总得分95.38分。 九、凡对本次公告内容提出询问，请按以下方式联系。 1.采购人信息 名 称：全国人大常委会办公厅 地址：北京市西城区西交民巷23号 联系方式：010-83088005 2.采购代理机构信息 名 称：全国人大机关采购中心 地 址：北京市西城区西交民巷23号 联系方式：010-63094892 3.项目联系方式 项目联系人：李彬 电 话： 010-63094892,工程建设,,中国政府采购网,,,,,,39.6,"[{""序号"": ""1"", ""供应商名称"": ""北京北大软件工程股份有限公司"", ""服务名称"": ""离退休干部局综合业务应用升级改造服务"", ""服务范围"": ""详见附件1"", ""服务要求"": ""详见附件1"", ""服务时间"": ""详见附件1"", ""服务标准"": ""详见附件1""}]",周水波、李冰、邢宇哲,0.0,北京北大软件工程股份有限公司,,,,
崇左边境管理支队宁明边境管理大队部营区维修运维项目家具设备采购项目（二次）成交公告,成交公告,,2026年09月04日 15:26,江洲区,崇左边境管理支队,崇左市江州区山秀路五号崇左边境管理支队,叶警官--0771-7967697；电子邮件地址：czbgzfcg@163.com,详见公告正文,详见公告正文,详见公告正文,叶警官,0771-7967697,,,https://www.ccgp.gov.cn/cggg/zygg/cjgg/202609/t20260904_27268002.htm,2026-09-10 09:38:23,一、项目编号：（招标文件编号：无） 二、项目名称：崇左边境管理支队宁明边境管理大队部营区维修运维项目家具设备采购项目 三、中标（成交）信息 供应商名称：广西海志家具有限公司供应商地址：南宁市西乡塘区安阳路15号希望城C1项目1号楼十层1003号房中标（成交）金额：8.9600000（万元）四、主要标的信息 序号    供应商名称      货物名称      货物品牌      货物型号      货物数量      货物单价(元)   1    广西海志家具有限公司      家具设备电视柜沙发等16种家具      康佳/美的及其他定制家具      货物规格均响应需求清单（详见竞价公告需求清单）      1批      89600                 五、评审专家（单一来源采购人员）名单： 无 六、代理服务收费标准及金额： 本项目代理费收费标准：无 本项目代理费总金额：0.000000 万元（人民币） 七、公告期限 自本公告发布之日起1个工作日。 八、其它补充事宜 无 九、凡对本次公告内容提出询问，请按以下方式联系。 1.采购人信息 名 称：崇左边境管理支队 地址：崇左市江州区山秀路五号崇左边境管理支队 联系方式：叶警官--0771-7967697；电子邮件地址：czbgzfcg@163.com 2.项目联系方式 项目联系人：叶警官 电 话： 0771-7967697,信息技术,,中国政府采购网,,,,,,8.96,"[{""序号"": ""1"", ""供应商名称"": ""广西海志家具有限公司"", ""货物名称"": ""家具设备电视柜沙发等16种家具"", ""货物品牌"": ""康佳/美的及其他定制家具"", ""货物型号"": ""货物规格均响应需求清单（详见竞价公告需求清单）"", ""货物数量"": ""1批"", ""货物单价(元)"": ""89600""}]",无,0.0,广西海志家具有限公司,,,,
国家卫生健康委员会机关东北片区医防管交叉复合型战略人才培养成交公告,成交公告,CFTC-BJ01-2607067,2026年09月04日 15:25,北京市,国家卫生健康委员会机关,北京市西城区西直门外南路一号,马老师  010-68791659,国金招标有限公司,北京市朝阳区东三环南路甲52号顺迈金钻国际商务中心9层9C,段嘉磊、谢丹丹、边璐、张含勇 13521749581,段嘉磊、谢丹丹、边璐、张含勇,13521749581,单一来源采购文件--东北片区医防管交叉复合型战略人才培养(发售稿).pdf,"[{""attach_name"": ""单一来源采购文件--东北片区医防管交叉复合型战略人才培养(发售稿).pdf"", ""attach_url"": ""https://download.ccgp.gov.cn/oss/download?uuid=1D5F99351F1AE63B6E921F2CFFFD9D""}]",https://www.ccgp.gov.cn/cggg/zygg/cjgg/202609/t20260904_27267971.htm,2026-09-10 09:38:23,一、项目编号：CFTC-BJ01-2607067（招标文件编号：CFTC-BJ01-2607067） 二、项目名称：东北片区医防管交叉复合型战略人才培养 三、中标（成交）信息 供应商名称：中国医科大学附属第一医院供应商地址：沈阳市和平区南京北街155号中标（成交）金额：20.0000000（万元）四、主要标的信息 序号    供应商名称      服务名称      服务范围      服务要求      服务时间      服务标准   1    中国医科大学附属第一医院      东北片区医防管交叉复合型战略人才培养      详见单一来源采购文件      详见单一来源采购文件      详见单一来源采购文件      详见单一来源采购文件                 五、评审专家（单一来源采购人员）名单： 单文卫、姚尚武、唐玉平 六、代理服务收费标准及金额： 本项目代理费收费标准：详见单一来源采购文件 本项目代理费总金额：0.300000 万元（人民币） 七、公告期限 自本公告发布之日起1个工作日。 八、其它补充事宜 本公告在中国政府采购网上发布。 九、凡对本次公告内容提出询问，请按以下方式联系。 1.采购人信息 名 称：国家卫生健康委员会机关 地址：北京市西城区西直门外南路一号 联系方式：马老师 010-68791659 2.采购代理机构信息 名 称：国金招标有限公司 地 址：北京市朝阳区东三环南路甲52号顺迈金钻国际商务中心9层9C 联系方式：段嘉磊、谢丹丹、边璐、张含勇 13521749581 3.项目联系方式 项目联系人：段嘉磊、谢丹丹、边璐、张含勇 电 话： 13521749581,医疗卫生,,中国政府采购网,,,,,,20.0,"[{""序号"": ""1"", ""供应商名称"": ""中国医科大学附属第一医院"", ""服务名称"": ""东北片区医防管交叉复合型战略人才培养"", ""服务范围"": ""详见单一来源采购文件"", ""服务要求"": ""详见单一来源采购文件"", ""服务时间"": ""详见单一来源采购文件"", ""服务标准"": ""详见单一来源采购文件""}]",单文卫、姚尚武、唐玉平,0.3,中国医科大学附属第一医院,,,,
国家卫生健康委员会机关华北片区医防管交叉复合型战略人才培养成交公告,成交公告,CFTC-BJ01-2607066,2026年09月04日 15:24,北京市,国家卫生健康委员会机关,北京市西城区西直门外南路一号,马老师  010-68791659,国金招标有限公司,北京市朝阳区东三环南路甲52号顺迈金钻国际商务中心9层9C,段嘉磊、谢丹丹、边璐、张含勇 13521749581,段嘉磊、谢丹丹、边璐、张含勇,13521749581,单一来源采购文件--华北片区医防管交叉复合型战略人才培养(发售稿).pdf,"[{""attach_name"": ""单一来源采购文件--华北片区医防管交叉复合型战略人才培养(发售稿).pdf"", ""attach_url"": ""https://download.ccgp.gov.cn/oss/download?uuid=D0622B85A766DEFC6094DAF821FB5E""}]",https://www.ccgp.gov.cn/cggg/zygg/cjgg/202609/t20260904_27267967.htm,2026-09-10 09:38:24,一、项目编号：CFTC-BJ01-2607066（招标文件编号：CFTC-BJ01-2607066） 二、项目名称：华北片区医防管交叉复合型战略人才培养 三、中标（成交）信息 供应商名称：首都医科大学附属北京地坛医院供应商地址：北京市朝阳区京顺东街8号中标（成交）金额：20.0000000（万元）四、主要标的信息 序号    供应商名称      服务名称      服务范围      服务要求      服务时间      服务标准   1    首都医科大学附属北京地坛医院      华北片区医防管交叉复合型战略人才培养      详见单一来源采购文件      详见单一来源采购文件      详见单一来源采购文件      详见单一来源采购文件                 五、评审专家（单一来源采购人员）名单： 单文卫、姚尚武、唐玉平 六、代理服务收费标准及金额： 本项目代理费收费标准：详见单一来源采购文件 本项目代理费总金额：0.300000 万元（人民币） 七、公告期限 自本公告发布之日起1个工作日。 八、其它补充事宜 本公告在中国政府采购网上发布。 九、凡对本次公告内容提出询问，请按以下方式联系。 1.采购人信息 名 称：国家卫生健康委员会机关 地址：北京市西城区西直门外南路一号 联系方式：马老师 010-68791659 2.采购代理机构信息 名 称：国金招标有限公司 地 址：北京市朝阳区东三环南路甲52号顺迈金钻国际商务中心9层9C 联系方式：段嘉磊、谢丹丹、边璐、张含勇 13521749581 3.项目联系方式 项目联系人：段嘉磊、谢丹丹、边璐、张含勇 电 话： 13521749581,医疗卫生,,中国政府采购网,,,,,,20.0,"[{""序号"": ""1"", ""供应商名称"": ""首都医科大学附属北京地坛医院"", ""服务名称"": ""华北片区医防管交叉复合型战略人才培养"", ""服务范围"": ""详见单一来源采购文件"", ""服务要求"": ""详见单一来源采购文件"", ""服务时间"": ""详见单一来源采购文件"", ""服务标准"": ""详见单一来源采购文件""}]",单文卫、姚尚武、唐玉平,0.3,首都医科大学附属北京地坛医院,,,,
新乡市红旗区消防救援大队2026年办公用品及办公耗材定点供应商采购项目成交公告,成交公告,HNJX2026-007,2026年09月04日 15:24,红旗区,新乡市红旗区消防救援大队,南省新乡市红旗区小店镇镇中路与科隆大道交叉口向北200米路西,李沁聪15237366553,河南省建学工程管理有限公司,河南省新乡市红旗区新东大道166号863产业园A03号楼190号(107以东),任明明13409243489,李沁聪,15237366553,,,https://www.ccgp.gov.cn/cggg/zygg/cjgg/202609/t20260904_27267951.htm,2026-09-10 09:38:25,一、项目编号：HNJX2026-007（招标文件编号：HNJX2026-007） 二、项目名称：新乡市红旗区消防救援大队2026年办公用品及办公耗材定点供应商采购项目 三、中标（成交）信息 供应商名称：新乡市栩墨文化传媒有限公司供应商地址：包组或产品名称：新乡市红旗区消防救援大队2026年办公用品及办公耗材定点供应商采购项目折扣率(%)：90.0000000四、主要标的信息 序号    供应商名称     服务名称     服务范围     服务要求     服务时间     服务标准  1    新乡市栩墨文化传媒有限公司     新乡市红旗区消防救援大队2026年办公用品及办公耗材定点供应商     新乡市红旗区消防救援大队2026年办公用品及办公耗材定点供应     合格     一年     合格                五、评审专家（单一来源采购人员）名单： 史来明、闫红征、李栋 六、代理服务收费标准及金额： 本项目代理费收费标准：采购代理服务费按《河南省招标代理服务收费指导意见》规定的收费标准和相关约定执行。 本项目代理费总金额：0.400000 万元（人民币） 七、公告期限 自本公告发布之日起1个工作日。 八、其它补充事宜 九、凡对本次公告内容提出询问，请按以下方式联系。 1.采购人信息 名 称：新乡市红旗区消防救援大队 地址：南省新乡市红旗区小店镇镇中路与科隆大道交叉口向北200米路西 联系方式：李沁聪15237366553 2.采购代理机构信息 名 称：河南省建学工程管理有限公司 地 址：河南省新乡市红旗区新东大道166号863产业园A03号楼190号(107以东) 联系方式：任明明13409243489 3.项目联系方式 项目联系人：李沁聪 电 话： 15237366553,公共安全,,中国政府采购网,,,,,,0.0,"[{""序号"": ""1"", ""供应商名称"": ""新乡市栩墨文化传媒有限公司"", ""服务名称"": ""新乡市红旗区消防救援大队2026年办公用品及办公耗材定点供应商"", ""服务范围"": ""新乡市红旗区消防救援大队2026年办公用品及办公耗材定点供应"", ""服务要求"": ""合格"", ""服务时间"": ""一年"", ""服务标准"": ""合格""}]",史来明、闫红征、李栋,0.4,新乡市栩墨文化传媒有限公司,,,,
国家卫生健康委员会机关中南片区医防管交叉复合型战略人才培养成交公告,成交公告,CFTC-BJ01-2607069,2026年09月04日 15:23,北京市,国家卫生健康委员会机关,北京市西城区西直门外南路一号,马老师  010-68791659,国金招标有限公司,北京市朝阳区东三环南路甲52号顺迈金钻国际商务中心9层9C,段嘉磊、谢丹丹、边璐、张含勇 13521749581,段嘉磊、谢丹丹、边璐、张含勇,13521749581,单一来源采购文件--中南片区医防管交叉复合型战略人才培养(发售稿).pdf,"[{""attach_name"": ""单一来源采购文件--中南片区医防管交叉复合型战略人才培养(发售稿).pdf"", ""attach_url"": ""https://download.ccgp.gov.cn/oss/download?uuid=435BA52C38225FEBDC08C372F3DAAA""}]",https://www.ccgp.gov.cn/cggg/zygg/cjgg/202609/t20260904_27267947.htm,2026-09-10 09:38:25,一、项目编号：CFTC-BJ01-2607069（招标文件编号：CFTC-BJ01-2607069） 二、项目名称：中南片区医防管交叉复合型战略人才培养 三、中标（成交）信息 供应商名称：华中科技大学同济医学院附属同济医院供应商地址：武汉市解放大道1095号中标（成交）金额：20.0000000（万元）四、主要标的信息 序号    供应商名称      服务名称      服务范围      服务要求      服务时间      服务标准   1    华中科技大学同济医学院附属同济医院      中南片区医防管交叉复合型战略人才培养      详见单一来源采购文件      详见单一来源采购文件      详见单一来源采购文件      详见单一来源采购文件                 五、评审专家（单一来源采购人员）名单： 单文卫、姚尚武、唐玉平 六、代理服务收费标准及金额： 本项目代理费收费标准：详见单一来源采购文件 本项目代理费总金额：0.300000 万元（人民币） 七、公告期限 自本公告发布之日起1个工作日。 八、其它补充事宜 本公告在中国政府采购网上发布。 九、凡对本次公告内容提出询问，请按以下方式联系。 1.采购人信息 名 称：国家卫生健康委员会机关 地址：北京市西城区西直门外南路一号 联系方式：马老师 010-68791659 2.采购代理机构信息 名 称：国金招标有限公司 地 址：北京市朝阳区东三环南路甲52号顺迈金钻国际商务中心9层9C 联系方式：段嘉磊、谢丹丹、边璐、张含勇 13521749581 3.项目联系方式 项目联系人：段嘉磊、谢丹丹、边璐、张含勇 电 话： 13521749581,医疗卫生,,中国政府采购网,,,,,,20.0,"[{""序号"": ""1"", ""供应商名称"": ""华中科技大学同济医学院附属同济医院"", ""服务名称"": ""中南片区医防管交叉复合型战略人才培养"", ""服务范围"": ""详见单一来源采购文件"", ""服务要求"": ""详见单一来源采购文件"", ""服务时间"": ""详见单一来源采购文件"", ""服务标准"": ""详见单一来源采购文件""}]",单文卫、姚尚武、唐玉平,0.3,华中科技大学同济医学院附属同济医院,,,,
安徽省某单位工会员工2026年度中秋节慰问礼包采购项目成交公告,成交公告,,2026年09月04日 15:20,安徽省,SPD-23,安徽省合肥市庐阳区沿河西路238号,鲁工13900550076,详见公告正文,详见公告正文,详见公告正文,王先生,18905605989,,,https://www.ccgp.gov.cn/cggg/zygg/cjgg/202609/t20260904_27267911.htm,2026-09-10 09:38:26,一、项目编号：（招标文件编号：/） 二、项目名称：安徽省某单位工会员工2026年度中秋节慰问礼包采购项目 三、中标（成交）信息 供应商名称：北京优联科技有限公司供应商地址：北京市朝阳区广顺北大街33号院中标（成交）金额：12.9500000（万元）四、主要标的信息 序号    供应商名称      货物名称      货物品牌      货物型号      货物数量      货物单价(元)   1    北京优联科技有限公司      中秋慰问礼包      金龙鱼食用油、金龙鱼大米、美心月饼礼盒、臻味环球瑞国礼盒、伊利金典纯牛奶、山东爆汁秋月梨、来伊份缤纷汇聚礼盒      5L、5KG、1kg、1.65kg、箱、盒、1.43kg      185套      833.47                 五、评审专家（单一来源采购人员）名单： / 六、代理服务收费标准及金额： 本项目代理费收费标准：0 本项目代理费总金额：0.000000 万元（人民币） 七、公告期限 自本公告发布之日起1个工作日。 八、其它补充事宜 九、凡对本次公告内容提出询问，请按以下方式联系。 1.采购人信息 名 称：SPD-23 地址：安徽省合肥市庐阳区沿河西路238号 联系方式：鲁工13900550076 2.项目联系方式 项目联系人：王先生 电 话： 18905605989,其他,,中国政府采购网,,,,,,12.95,"[{""序号"": ""1"", ""供应商名称"": ""北京优联科技有限公司"", ""货物名称"": ""中秋慰问礼包"", ""货物品牌"": ""金龙鱼食用油、金龙鱼大米、美心月饼礼盒、臻味环球瑞国礼盒、伊利金典纯牛奶、山东爆汁秋月梨、来伊份缤纷汇聚礼盒"", ""货物型号"": ""5L、5KG、1kg、1.65kg、箱、盒、1.43kg"", ""货物数量"": ""185套"", ""货物单价(元)"": ""833.47""}]",/,0.0,北京优联科技有限公司,,,,
国家工业信息安全发展研究中心投诉管理机制及保障中小企业款项支付相关课题研究成交公告,成交公告,TC261403J,2026年09月04日 15:15,北京市,国家工业信息安全发展研究中心,北京市石景山区鲁谷路35号,李文阳，13581777972,中招国际招标有限公司,北京市海淀区学院南路62号,王圣英、张晓辉、索宏颖、李洋、王冲010-61954162,王圣英、张晓辉、索宏颖、李洋,010-61954162,"供应商企业类型.jpg,C26012-竞争性磋商文件-投诉管理机制-发售.pdf,专家推荐意见.zip","[{""attach_name"": ""供应商企业类型.jpg"", ""attach_url"": ""https://download.ccgp.gov.cn/oss/download?uuid=9DFD8755DD7FB88C94EC224E4E993B""}, {""attach_name"": ""C26012-竞争性磋商文件-投诉管理机制-发售.pdf"", ""attach_url"": ""https://download.ccgp.gov.cn/oss/download?uuid=ABA6D33AED46B137BD9A4E44A10D37""}, {""attach_name"": ""专家推荐意见.zip"", ""attach_url"": ""https://download.ccgp.gov.cn/oss/download?uuid=EEB28331696AFA8B1FD624C4AAEA75""}]",https://www.ccgp.gov.cn/cggg/zygg/cjgg/202609/t20260904_27267803.htm,2026-09-10 09:38:27,一、项目编号：TC261403J（招标文件编号：TC261403J） 二、项目名称：投诉管理机制及保障中小企业款项支付相关课题研究 三、中标（成交）信息 供应商名称：北京赛昇科技有限公司供应商地址：北京市石景山区鲁谷路35号院1号楼8层中标（成交）金额：55.1600000（万元）四、主要标的信息 序号    供应商名称      服务名称      服务范围      服务要求      服务时间      服务标准   1    北京赛昇科技有限公司      详见采购文件      详见采购文件      详见采购文件      详见采购文件      详见采购文件                 五、评审专家（单一来源采购人员）名单： 金阳、罗赟、陈斌 六、代理服务收费标准及金额： 本项目代理费收费标准：以原国家发展和改革委员会《招标代理服务收费管理暂行办法》（计价格〔2002〕1980号文、发改办价格〔2003〕857号文及发改办价格〔2011〕534号文件规定的招标代理费收取标准为基础，参照上述标准的90%计算出费用，经计算不足8000元的，按照8000元收取。 本项目代理费总金额：0.800000 万元（人民币） 七、公告期限 自本公告发布之日起1个工作日。 八、其它补充事宜 本项目成交供应商综合得分：98.67 九、凡对本次公告内容提出询问，请按以下方式联系。 1.采购人信息 名 称：国家工业信息安全发展研究中心 地址：北京市石景山区鲁谷路35号 联系方式：李文阳，13581777972 2.采购代理机构信息 名 称：中招国际招标有限公司 地 址：北京市海淀区学院南路62号 联系方式：王圣英、张晓辉、索宏颖、李洋、王冲010-61954162 3.项目联系方式 项目联系人：王圣英、张晓辉、索宏颖、李洋、王冲 电 话： 010-61954162,信息技术,,中国政府采购网,,,,,,55.16,"[{""序号"": ""1"", ""供应商名称"": ""北京赛昇科技有限公司"", ""服务名称"": ""详见采购文件"", ""服务范围"": ""详见采购文件"", ""服务要求"": ""详见采购文件"", ""服务时间"": ""详见采购文件"", ""服务标准"": ""详见采购文件""}]",金阳、罗赟、陈斌,0.8,北京赛昇科技有限公司,,,,
国家工业信息安全发展研究中心人才公寓室内装修改造工程成交公告,成交公告,TC261403H,2026年09月04日 15:13,北京市,国家工业信息安全发展研究中心,北京市石景山区鲁谷路35号,何洋 010-88686046,中招国际招标有限公司,北京市海淀区学院南路62号,王圣英、张晓辉、索宏颖、李洋、王冲，010-61954162,王圣英、张晓辉、索宏颖、李洋,010-61954162,"C26019-磋商文件-人才公寓工程-发售.doc,供应商企业类型.jpg","[{""attach_name"": ""C26019-磋商文件-人才公寓工程-发售.doc"", ""attach_url"": ""https://download.ccgp.gov.cn/oss/download?uuid=1EB2787946C001259FA35E4E2B21EA""}, {""attach_name"": ""供应商企业类型.jpg"", ""attach_url"": ""https://download.ccgp.gov.cn/oss/download?uuid=511FB8E84CFA3915329D3C36AA9F5F""}]",https://www.ccgp.gov.cn/cggg/zygg/cjgg/202609/t20260904_27267760.htm,2026-09-10 09:38:27,一、项目编号：TC261403H（招标文件编号：TC261403H） 二、项目名称：人才公寓室内装修改造工程 三、中标（成交）信息 供应商名称：北京百利城建筑工程有限公司供应商地址：北京市大兴区宏业东路2号院1号楼3层1756中标（成交）金额：109.5096750（万元）四、主要标的信息 序号    供应商名称       工程名称       施工范围       施工工期       项目经理       执业证书   1    北京百利城建筑工程有限公司      人才公寓室内装修改造工程      详见采购文件      80日历天      张铁军      一级建造师-京1422014202000003                 五、评审专家（单一来源采购人员）名单： 刘家骥、李学惠、何洋（采购人代表） 六、代理服务收费标准及金额： 本项目代理费收费标准：参照原国家发展和改革委员会《招标代理服务收费管理暂行办法》（计价格〔2002〕1980号文、发改办价格〔2003〕857号文及发改办价格〔2011〕534号文件规定的招标代理费收取标准为基础，参照上述标准的90%计算出费用，经计算不足8000元的，按照8000元收取 本项目代理费总金额：0.959911 万元（人民币） 七、公告期限 自本公告发布之日起1个工作日。 八、其它补充事宜 本项目成交供应商综合得分：90.74 九、凡对本次公告内容提出询问，请按以下方式联系。 1.采购人信息 名 称：国家工业信息安全发展研究中心 地址：北京市石景山区鲁谷路35号 联系方式：何洋 010-88686046 2.采购代理机构信息 名 称：中招国际招标有限公司 地 址：北京市海淀区学院南路62号 联系方式：王圣英、张晓辉、索宏颖、李洋、王冲，010-61954162 3.项目联系方式 项目联系人：王圣英、张晓辉、索宏颖、李洋、王冲 电 话： 010-61954162,信息技术,,中国政府采购网,,,,,,109.509675,"[{""序号"": ""1"", ""供应商名称"": ""北京百利城建筑工程有限公司"", ""工程名称"": ""人才公寓室内装修改造工程"", ""施工范围"": ""详见采购文件"", ""施工工期"": ""80日历天"", ""项目经理"": ""张铁军"", ""执业证书"": ""一级建造师-京1422014202000003""}]",刘家骥、李学惠、何洋（采购人代表）,0.959911,北京百利城建筑工程有限公司,,,,
全国海关信息中心2026年水空及公路舱单管理等系统优化完善采购项目成交公告,成交公告,0701-264113027R40,2026年09月04日 15:12,北京市,全国海关信息中心,北京市东城区金宝街63号,王老师、010-85193333,中技国际招标有限公司,北京市丰台区西营街1号院通用时代中心C座,田嘉、010-81168201,李杰、冷润,010-81168201、81168273,"7R40-竞争性磋商文件.pdf,中小企业声明函.pdf","[{""attach_name"": ""7R40-竞争性磋商文件.pdf"", ""attach_url"": ""https://download.ccgp.gov.cn/oss/download?uuid=AB6EDDF97C73755271CD3C30044D79""}, {""attach_name"": ""中小企业声明函.pdf"", ""attach_url"": ""https://download.ccgp.gov.cn/oss/download?uuid=DD15E3A9012DD3E68D4DC474C97B32""}]",https://www.ccgp.gov.cn/cggg/zygg/cjgg/202609/t20260904_27267755.htm,2026-09-10 09:38:28,一、项目编号：0701-264113027R40（招标文件编号：0701-264113027R40） 二、项目名称：全国海关信息中心2026年水空及公路舱单管理等系统优化完善采购项目 三、中标（成交）信息 供应商名称：北京中海通科技有限公司供应商地址：北京市北京经济技术开发区经海六路5号院11号楼3层322中标（成交）金额：82.0300000（万元）四、主要标的信息 序号    供应商名称      服务名称      服务范围      服务要求      服务时间      服务标准   1    北京中海通科技有限公司      2026年水空及公路舱单管理等系统优化完善采购项目      详见竞争性磋商文件第四章采购需求      满足竞争性磋商文件要求      合同签订之日起3.5个月      详见竞争性磋商文件第四章采购需求                 五、评审专家（单一来源采购人员）名单： 赵元、金灿灿、周存良 六、代理服务收费标准及金额： 本项目代理费收费标准：参照原国家计委计价格【2002】1980号文和国家发改委发改办价格【2003】857号文的计算方法收取。 本项目代理费总金额：1.230450 万元（人民币） 七、公告期限 自本公告发布之日起1个工作日。 八、其它补充事宜 成交供应商：北京中海通科技有限公司综合得分：87.17分 九、凡对本次公告内容提出询问，请按以下方式联系。 1.采购人信息 名 称：全国海关信息中心 地址：北京市东城区金宝街63号 联系方式：王老师、010-85193333 2.采购代理机构信息 名 称：中技国际招标有限公司 地 址：北京市丰台区西营街1号院通用时代中心C座 联系方式：田嘉、010-81168201 3.项目联系方式 项目联系人：李杰、冷润 电 话： 010-81168201、81168273、lijie38@cmc.gt.cn,市政交通,,中国政府采购网,,,,,,82.03,"[{""序号"": ""1"", ""供应商名称"": ""北京中海通科技有限公司"", ""服务名称"": ""2026年水空及公路舱单管理等系统优化完善采购项目"", ""服务范围"": ""详见竞争性磋商文件第四章采购需求"", ""服务要求"": ""满足竞争性磋商文件要求"", ""服务时间"": ""合同签订之日起3.5个月"", ""服务标准"": ""详见竞争性磋商文件第四章采购需求""}]",赵元、金灿灿、周存良,1.23045,北京中海通科技有限公司,,,,
SPD-32某单位生活垃圾清运服务采购项目成交公告,成交公告,202608LJQY,2026年09月04日 15:07,北京市,SPD-32,北京市西城区闹市口大街11号,李先生18110088307,详见公告正文,详见公告正文,详见公告正文,李先生,18110088307,,,https://www.ccgp.gov.cn/cggg/zygg/cjgg/202609/t20260904_27267675.htm,2026-09-10 09:38:28,一、项目编号：202608LJQY（招标文件编号：202608LJQY） 二、项目名称：某单位生活垃圾清运服务采购项目 三、中标（成交）信息 供应商名称：北京世纪龙腾清洁服务有限公司供应商地址：北京市密云区西田各庄镇苍头村东中标（成交）金额：11.9662880（万元）四、主要标的信息 序号    供应商名称      服务名称      服务范围      服务要求      服务时间      服务标准   1    北京世纪龙腾清洁服务有限公司      某单位生活垃圾清运服务采购项目      某单位院内生活垃圾清运      详见附件；      自签订合同之日，一年      生活垃圾运输记录清晰准确，建立完整清洗清运台账，可追溯垃圾去向，无违规混装行为，符合《北京市生活垃圾管理办法》要求，无垃圾渗漏液泄露，无扬尘污染等情况。每日提供正规计量单据。                 五、评审专家（单一来源采购人员）名单： 无 六、代理服务收费标准及金额： 本项目代理费收费标准：无 本项目代理费总金额：0.000000 万元（人民币） 七、公告期限 自本公告发布之日起1个工作日。 八、其它补充事宜 九、凡对本次公告内容提出询问，请按以下方式联系。 1.采购人信息 名 称：SPD-32 地址：北京市西城区闹市口大街11号 联系方式：李先生18110088307 2.项目联系方式 项目联系人：李先生 电 话： 18110088307,水利环保,,中国政府采购网,,,,,,11.966288,"[{""序号"": ""1"", ""供应商名称"": ""北京世纪龙腾清洁服务有限公司"", ""服务名称"": ""某单位生活垃圾清运服务采购项目"", ""服务范围"": ""某单位院内生活垃圾清运"", ""服务要求"": ""详见附件；"", ""服务时间"": ""自签订合同之日，一年"", ""服务标准"": ""生活垃圾运输记录清晰准确，建立完整清洗清运台账，可追溯垃圾去向，无违规混装行为，符合《北京市生活垃圾管理办法》要求，无垃圾渗漏液泄露，无扬尘污染等情况。每日提供正规计量单据。""}]",无,0.0,北京世纪龙腾清洁服务有限公司,,,,
广西建宇工程招标有限公司关于旺高工业园区消防救援站装修改造项目的成交结果公告,成交公告,GXJY2026,2026年09月04日 15:07,市辖区,贺州市平桂区消防救援大队,广西壮族自治区贺州市平桂区西湾街道办事处五拱水河南面,宁尚华0774836119,广西建宇工程招标有限公司,07745137829、19977478577,郭茜、莫诗香,郭茜、莫诗香,07745137829、19977478577,"中小企业声明函.jpg,成交结果公告.doc","[{""attach_name"": ""中小企业声明函.jpg"", ""attach_url"": ""https://download.ccgp.gov.cn/oss/download?uuid=7CADB7688D6E2480F1CFE8CFC1B797""}, {""attach_name"": ""成交结果公告.doc"", ""attach_url"": ""https://download.ccgp.gov.cn/oss/download?uuid=6396266FBBAC78AB9503C9D9B20AA1""}]",https://www.ccgp.gov.cn/cggg/zygg/cjgg/202609/t20260904_27267670.htm,2026-09-10 09:38:29,一、项目编号：GXJY2026工字16号（招标文件编号：GXJY2026工字16号） 二、项目名称：旺高工业园区消防救援站装修改造项目 三、中标（成交）信息 供应商名称：广西新鑫建设工程有限公司供应商地址：钟山县龟石南路西侧公园华庭B幢B-103号中标（成交）金额：105.5086320（万元）四、主要标的信息 序号    供应商名称       工程名称       施工范围       施工工期       项目经理       执业证书   1    广西新鑫建设工程有限公司      旺高工业园区消防救援站装修改造项目      1.建设规模：（1）新建车库（框架钢结构，建筑面积448.74㎡，地上1层，建筑高度5.50m）工程；（2）新建训练塔（框架钢结构，建筑面积88.36㎡，地上4层，建筑高度15.35m）工程；（3）食堂及宿舍（食堂建筑面积582.15㎡，宿舍建筑面积1193.10㎡）装修装饰工程；（4）室外总平（新建围墙、晾衣棚和地面硬化等）。 2.采购内容（范围（“标的”））：建设规模描述范围内的建筑工程和建筑装修装饰及其附属配套设施工程施工。      计划开工日期以开工令为准，施工总工期为90日历天      钟炜杨      二级建造师； 专业：建筑工程； 注册编号：桂245232301706                 五、评审专家（单一来源采购人员）名单： 邱飞敏、贝丽君、文娟 六、代理服务收费标准及金额： 本项目代理费收费标准：计费方式按《招标代理服务收费管理暂行办法（计价格［2002］1980号）》执行【以成交价为计费基数，按差额定率累进法（100万元以下--1%，100万元--500万元—0.7%）计取】 本项目代理费总金额：1.038600 万元（人民币） 七、公告期限 自本公告发布之日起1个工作日。 八、其它补充事宜 一、项目采购编号：GXJY2026工字16号 二、采购项目名称：旺高工业园区消防救援站装修改造项目 三、成交信息           1.成交结果： 序号 成交金额(元) 成交人名称 成交人地址 1 1055086.32 广西新鑫建设工程有限公司 钟山县龟石南路西侧公园华庭B幢B-103号  2.废标结果:   序号 标项名称 废标理由 其他事项 / / / /   四、主要标的信息                       工程类主要标的信息： 序号 标项 名称 标的 名称 施工范围 施工工期 项目 经理 执业证书信息 1 旺高工业园区消防救援站装修改造项目 旺高工业园区消防救援站装修改造项目 1.建设规模：（1）新建车库（框架钢结构，建筑面积448.74㎡，地上1层，建筑高度5.50m）工程；（2）新建训练塔（框架钢结构，建筑面积88.36㎡，地上4层，建筑高度15.35m）工程；（3）食堂及宿舍（食堂建筑面积582.15㎡，宿舍建筑面积1193.10㎡）装修装饰工程；（4）室外总平（新建围墙、晾衣棚和地面硬化等）。 2.采购内容（范围（“标的”））：建设规模描述范围内的建筑工程和建筑装修装饰及其附属配套设施工程施工。 计划开工日期以开工令为准，施工总工期为90日历天。 钟炜杨 二级建造师； 专业：建筑工程； 注册编号：桂245232301706   五、评审专家名单：                    邱飞敏、贝丽君、文娟     六、代理服务收费：                 1.由成交人向采购代理机构一次性全额缴纳采购代理费。计费方式按《招标代理服务收费管理暂行办法（计价格［2002］1980号）》执行【以成交价为计费基数，按差额定率累进法（100万元以下--1%，100万元--500万元—0.7%）计取】；2.代理服务费：（人民币：大写）壹万零叁佰捌拾陆元整（¥10386.00）。 七、公告期限                    自本公告发布之日起1个工作日。                     八、其他补充事宜                   成交人评审报价：1055086.32元；成交人评审总得分：80.02分。 九、对本次公告内容提出询问，请按以下方式联系            1.采购人信息名称（全称）：贺州市平桂区消防救援大队    地址：广西壮族自治区贺州市平桂区西湾街道办事处五拱水河南面联系方式：077488361192.采购代理机构信息名称（全称）：广西建宇工程招标有限公司地址：广西贺州市新风街26号联系方式：07745137829、19977478577电子邮箱：gxjianyu@163.com3.项目联系方式项目联系人：郭茜、莫诗香         电话：07745137829、19977478577 十、成交标的主要信息：附件：中小企业声明函                   采购代理机构：广西建宇工程招标有限公司                               2026年9月4日  九、凡对本次公告内容提出询问，请按以下方式联系。 1.采购人信息 名 称：贺州市平桂区消防救援大队 地址：广西壮族自治区贺州市平桂区西湾街道办事处五拱水河南面 联系方式：宁尚华0774836119 2.采购代理机构信息 名 称：广西建宇工程招标有限公司 地 址：07745137829、19977478577 联系方式：郭茜、莫诗香 3.项目联系方式 项目联系人：郭茜 电 话： 07745137829,公共安全,,中国政府采购网,,,,,,105.508632,"[{""序号"": ""1"", ""供应商名称"": ""广西新鑫建设工程有限公司"", ""工程名称"": ""旺高工业园区消防救援站装修改造项目"", ""施工范围"": ""1.建设规模：（1）新建车库（框架钢结构，建筑面积448.74㎡，地上1层，建筑高度5.50m）工程；（2）新建训练塔（框架钢结构，建筑面积88.36㎡，地上4层，建筑高度15.35m）工程；（3）食堂及宿舍（食堂建筑面积582.15㎡，宿舍建筑面积1193.10㎡）装修装饰工程；（4）室外总平（新建围墙、晾衣棚和地面硬化等）。\t\t\t2.采购内容（范围（“标的”））：建设规模描述范围内的建筑工程和建筑装修装饰及其附属配套设施工程施工。"", ""施工工期"": ""计划开工日期以开工令为准，施工总工期为90日历天"", ""项目经理"": ""钟炜杨"", ""执业证书"": ""二级建造师；\t\t\t专业：建筑工程；\t\t\t注册编号：桂245232301706""}]",邱飞敏、贝丽君、文娟,1.0386,广西新鑫建设工程有限公司,,,,
中国民航管理干部学院飞行验证测试高性能计算工作站成交公告,成交公告,0748-2614CA1097OQ,2026年09月04日 15:01,北京市,中国民航管理干部学院,北京市朝阳区花家地东路3号,010-64720635,中航材国际招标有限公司,北京市顺义区天祥路6号院北京东航中心2号楼8层,梁雨荷 18611800432 liangyuhe@casc.com.cn,梁雨荷,18611800432,中国民航管理干部学院飞行验证测试高性能计算工作站-询比文件.pdf,"[{""attach_name"": ""中国民航管理干部学院飞行验证测试高性能计算工作站-询比文件.pdf"", ""attach_url"": ""https://download.ccgp.gov.cn/oss/download?uuid=8825FCFA913490033BE3D14E1A48F1""}]",https://www.ccgp.gov.cn/cggg/zygg/cjgg/202609/t20260904_27267570.htm,2026-09-10 09:38:30,一、项目编号：0748-2614CA1097OQ（招标文件编号：0748-2614CA1097OQ） 二、项目名称：中国民航管理干部学院飞行验证测试高性能计算工作站 三、中标（成交）信息 供应商名称：北京华路时代信息技术股份有限公司供应商地址：北京市大兴区经济开发区金辅路甲2号1幢4层B412室中标（成交）金额：23.7000000（万元）四、主要标的信息 序号    供应商名称     货物名称     货物品牌     货物型号     货物数量     货物单价(元)  1    北京华路时代信息技术股份有限公司     高性能计算工作站     鲲云     CAISA430、CR-ICFMP、N460H     1     237000                五、评审专家（单一来源采购人员）名单： 朱海瀛、曾波平、王茂霖 六、代理服务收费标准及金额： 本项目代理费收费标准：采购代理服务费用计算方式根据国家发展改革委《关于进一步放开建设项目专业服务价格的通知(发改价格〔2015〕299 号)》，按照国家计委《招标代理服务收费管理暂行办法》（计价格[2002]1980 号）（见附件一）中规定的招标代理服务收费标准、发改办价格[2003]857 号文及发改价格[2011]534 号文执行。计算基数按照采购项目的中选金额计取，向成交供应商收取。 本项目代理费总金额：0.355500 万元（人民币） 七、公告期限 自本公告发布之日起1个工作日。 八、其它补充事宜 无 九、凡对本次公告内容提出询问，请按以下方式联系。 1.采购人信息 名 称：中国民航管理干部学院 地址：北京市朝阳区花家地东路3号 联系方式：010-64720635 2.采购代理机构信息 名 称：中航材国际招标有限公司 地 址：北京市顺义区天祥路6号院北京东航中心2号楼8层 联系方式：梁雨荷 18611800432 liangyuhe@casc.com.cn 3.项目联系方式 项目联系人：梁雨荷 电 话： 18611800432,教育培训,,中国政府采购网,,,,,,23.7,"[{""序号"": ""1"", ""供应商名称"": ""北京华路时代信息技术股份有限公司"", ""货物名称"": ""高性能计算工作站"", ""货物品牌"": ""鲲云"", ""货物型号"": ""CAISA430、CR-ICFMP、N460H"", ""货物数量"": ""1"", ""货物单价(元)"": ""237000""}]",朱海瀛、曾波平、王茂霖,0.3555,北京华路时代信息技术股份有限公司,,,,
中国历史研究院供电系统优化提升项目成交公告,成交公告,0686-2611CB075427Z,2026年09月04日 14:46,市辖区,中国历史研究院,北京市朝阳区国家体育场北路1号院,李老师，010-87421885,北京国际贸易有限公司,北京市朝阳区建国门外大街甲3号,马倩、乔若云，85343417/85343423,马倩,13521166988,"发售版-竞争性磋商文件-中国历史研究院供电系统优化提升项目.pdf,中小企业声明函-北京伟电.pdf","[{""attach_name"": ""发售版-竞争性磋商文件-中国历史研究院供电系统优化提升项目.pdf"", ""attach_url"": ""https://download.ccgp.gov.cn/oss/download?uuid=71C34B5D5E5BD3607493CFB5A504A1""}, {""attach_name"": ""中小企业声明函-北京伟电.pdf"", ""attach_url"": ""https://download.ccgp.gov.cn/oss/download?uuid=F1A8C0E0534ED4AC833FD2E5843110""}]",https://www.ccgp.gov.cn/cggg/zygg/cjgg/202609/t20260904_27267380.htm,2026-09-10 09:38:30,一、项目编号：0686-2611CB075427Z（招标文件编号：0686-2611CB075427Z） 二、项目名称：中国历史研究院供电系统优化提升项目 三、中标（成交）信息 供应商名称：北京伟电电力工程有限公司供应商地址：北京市房山区良乡地区月华大街8-A号楼中标（成交）金额：226.0000000（万元）四、主要标的信息 序号    供应商名称       工程名称       施工范围       施工工期       项目经理       执业证书   1    北京伟电电力工程有限公司      中国历史研究院供电系统优化提升项目      为进一步提升院区供电可靠性，确保供电系统安全，拟对院区扶梯、三层大屏、食堂冷库、部分区域照明等相关设备配电进行改造，增设应急发电车快速接口并修缮升级高配电力监控系统，包括但不限于工程量清单所示全部内容。      合同签订后60天内完成施工内容并具备验收条件。      林晓      机电工程专业二级注册建造师 京2112008201014095                 五、评审专家（单一来源采购人员）名单： 邹政达、滕支武、毛学星 六、代理服务收费标准及金额： 本项目代理费收费标准：按原国家计划委员会计价格[2002]1980号文《招标代理服务收费管理暂行办法》、国家发改委发改办价格（2003）857号文件和国家发改委发改价格（2011）534号文件标准下浮20%收取 本项目代理费总金额：1.506000 万元（人民币） 七、公告期限 自本公告发布之日起1个工作日。 八、其它补充事宜 成交单位综合得分：85.00分 九、凡对本次公告内容提出询问，请按以下方式联系。 1.采购人信息 名 称：中国历史研究院 地址：北京市朝阳区国家体育场北路1号院 联系方式：李老师，010-87421885 2.采购代理机构信息 名 称：北京国际贸易有限公司 地 址：北京市朝阳区建国门外大街甲3号 联系方式：马倩、乔若云，85343417/85343423 3.项目联系方式 项目联系人：马倩 电 话： 13521166988,公共安全,,中国政府采购网,,,,,,226.0,"[{""序号"": ""1"", ""供应商名称"": ""北京伟电电力工程有限公司"", ""工程名称"": ""中国历史研究院供电系统优化提升项目"", ""施工范围"": ""为进一步提升院区供电可靠性，确保供电系统安全，拟对院区扶梯、三层大屏、食堂冷库、部分区域照明等相关设备配电进行改造，增设应急发电车快速接口并修缮升级高配电力监控系统，包括但不限于工程量清单所示全部内容。"", ""施工工期"": ""合同签订后60天内完成施工内容并具备验收条件。"", ""项目经理"": ""林晓"", ""执业证书"": ""机电工程专业二级注册建造师 京2112008201014095""}]",邹政达、滕支武、毛学星,1.506,北京伟电电力工程有限公司,,,,
2026年人大金仓数据库原厂高级技术支持服务采购项目（XYL2026GZ132C08）成交公告,成交公告,XYL2026GZ132C08,2026年09月04日 14:44,广东省,全国海关信息中心广东分中心,广州市海珠区滨江西路26-28号,徐小姐，020-81108050,广东永连招标有限公司,广州市天河区汇苑街23号广东铁路投资大厦副楼7楼,张小姐，020-88526063,丘小姐,020-88526063,采购文件——XYL2026GZ132C08 2026年人大金仓数据库原厂高级技术支持服务采购项目.pdf,"[{""attach_name"": ""采购文件——XYL2026GZ132C08 2026年人大金仓数据库原厂高级技术支持服务采购项目.pdf"", ""attach_url"": ""https://download.ccgp.gov.cn/oss/download?uuid=63FD835BD4CB4F2343913B57B5D73C""}]",https://www.ccgp.gov.cn/cggg/zygg/cjgg/202609/t20260904_27267366.htm,2026-09-10 09:38:31,"一、项目编号：XYL2026GZ132C08（招标文件编号：XYL2026GZ132C08） 二、项目名称：2026年人大金仓数据库原厂高级技术支持服务采购项目 三、中标（成交）信息 供应商名称：广州集康信息科技有限公司供应商地址：广州市黄埔区尖塔山2号2栋1001室中标（成交）金额：19.5300000（万元）四、主要标的信息 序号    供应商名称      服务名称      服务范围      服务要求      服务时间      服务标准   1    广州集康信息科技有限公司      2026年人大金仓数据库原厂高级技术支持服务采购项目      2026年人大金仓数据库原厂高级技术支持服务采购      通过采购高级技术支持服务，及时解决数据库系统遇到的问题，保障其稳定运行；借助国产数据库的技能辅导，提升运维人员分析问题、解决问题的能力；符合国家对于信息安全的战略要求，推动国产数据库技术在广东分中心的发展和应用。 （详见磋商文件）      合同签订后生效之日起12个月内完成并通过验收      （1）验收主体：广东分中心 （2）验收时间：成交供应商提交验收申请后1个月内完成。 （3）验收标准及方式：成交供应商完成合同约定的全部服务内容后，向采购人提交验收报告，采购人组织验收组进行验收，并出具盖章的最终验收报告。 （详见磋商文件）                 五、评审专家（单一来源采购人员）名单： 谢伟强、杜杰、关智宏（采购人代表） 六、代理服务收费标准及金额： 本项目代理费收费标准：根据采购文件的规定，成交供应商按以下标准和规定向采购代理机构缴纳代理服务费：采购代理机构向成交供应商收取代理服务费，本次代理服务费为定额收费，金额为：10,000.00元。 本项目代理费总金额：1.000000 万元（人民币） 七、公告期限 自本公告发布之日起1个工作日。 八、其它补充事宜 无。 九、凡对本次公告内容提出询问，请按以下方式联系。 1.采购人信息 名 称：全国海关信息中心广东分中心 地址：广州市海珠区滨江西路26-28号 联系方式：徐小姐，020-81108050 2.采购代理机构信息 名 称：广东永连招标有限公司 地 址：广州市天河区汇苑街23号广东铁路投资大厦副楼7楼 联系方式：张小姐，020-88526063 3.项目联系方式 项目联系人：丘小姐 电 话： 020-88526063",信息技术,,中国政府采购网,,,,,,19.53,"[{""序号"": ""1"", ""供应商名称"": ""广州集康信息科技有限公司"", ""服务名称"": ""2026年人大金仓数据库原厂高级技术支持服务采购项目"", ""服务范围"": ""2026年人大金仓数据库原厂高级技术支持服务采购"", ""服务要求"": ""通过采购高级技术支持服务，及时解决数据库系统遇到的问题，保障其稳定运行；借助国产数据库的技能辅导，提升运维人员分析问题、解决问题的能力；符合国家对于信息安全的战略要求，推动国产数据库技术在广东分中心的发展和应用。\t\t\t（详见磋商文件）"", ""服务时间"": ""合同签订后生效之日起12个月内完成并通过验收"", ""服务标准"": ""（1）验收主体：广东分中心\t\t\t（2）验收时间：成交供应商提交验收申请后1个月内完成。\t\t\t（3）验收标准及方式：成交供应商完成合同约定的全部服务内容后，向采购人提交验收报告，采购人组织验收组进行验收，并出具盖章的最终验收报告。\t\t\t（详见磋商文件）""}]",谢伟强、杜杰、关智宏（采购人代表）,1.0,广州集康信息科技有限公司,,,,
SPD-27吉林省某单位餐桌餐椅采购项目（二次）成交公告,成交公告,JLSPD-2026-012,2026年09月04日 14:44,朝阳区,SPD-27,吉林省长春市朝阳区南湖大路3798号,杨先生    19990511891,详见公告正文,详见公告正文,详见公告正文,谢女士,19990511898,,,https://www.ccgp.gov.cn/cggg/zygg/cjgg/202609/t20260904_27267368.htm,2026-09-10 09:38:32,一、项目编号：JLSPD-2026-012（招标文件编号：JLSPD-2026-012） 二、项目名称：吉林省某单位餐桌餐椅采购项目（二次） 三、中标（成交）信息 供应商名称：吉林森工华英家俱有限责任公司供应商地址：长春市二道区长吉北线1公里处888号中标（成交）金额：4.9960000（万元）四、主要标的信息 序号    供应商名称      货物名称      货物品牌      货物型号      货物数量      货物单价(元)   1    吉林森工华英家俱有限责任公司      方餐桌；餐椅；圆餐桌1；圆餐桌2      方餐桌（华英）；餐椅（华英）；圆餐桌1（华英）；圆餐桌2（华英）      方餐桌（1400mm*800mm*760mm）；餐椅（常规）；圆餐桌1（1800mm*760mm）；圆餐桌2（2000mm*760mm）      方餐桌（18张）；餐椅（82把）；圆餐桌1（1张）；圆餐桌2（1张）      方餐桌（1180元）；餐椅（290元）；圆餐桌1（3960元）；圆餐桌2（980元）                 五、评审专家（单一来源采购人员）名单： 杨老师、谢老师、穆老师 六、代理服务收费标准及金额： 本项目代理费收费标准：无、 本项目代理费总金额：0.000000 万元（人民币） 七、公告期限 自本公告发布之日起1个工作日。 八、其它补充事宜 无。 九、凡对本次公告内容提出询问，请按以下方式联系。 1.采购人信息 名 称：SPD-27 地址：吉林省长春市朝阳区南湖大路3798号 联系方式：杨先生 19990511891 2.项目联系方式 项目联系人：谢女士 电 话： 19990511898,其他,,中国政府采购网,,,,,,4.996,"[{""序号"": ""1"", ""供应商名称"": ""吉林森工华英家俱有限责任公司"", ""货物名称"": ""方餐桌；餐椅；圆餐桌1；圆餐桌2"", ""货物品牌"": ""方餐桌（华英）；餐椅（华英）；圆餐桌1（华英）；圆餐桌2（华英）"", ""货物型号"": ""方餐桌（1400mm*800mm*760mm）；餐椅（常规）；圆餐桌1（1800mm*760mm）；圆餐桌2（2000mm*760mm）"", ""货物数量"": ""方餐桌（18张）；餐椅（82把）；圆餐桌1（1张）；圆餐桌2（1张）"", ""货物单价(元)"": ""方餐桌（1180元）；餐椅（290元）；圆餐桌1（3960元）；圆餐桌2（980元）""}]",杨老师、谢老师、穆老师,0.0,吉林森工华英家俱有限责任公司,,,,
中华人民共和国黄埔出入境边防检查站备勤基地A1栋电梯改建项目成交公告,成交公告,GDSJL2026CRJ43010,2026年09月04日 14:42,黄埔区,中华人民共和国黄埔出入境边防检查站,广州市黄埔区中山大道东87号,王警官020-32090335,广东省建筑工程监理有限公司,广东省广州市荔湾区流花路85号四楼,胡小姐 黄小姐 020-86673560 15791112303,王警官,020-32090335,"中小企业声明函-广东中远电梯工程有限公司.pdf,中华人民共和国黄埔出入境边防检查站备勤基地A1栋电梯改建项目竞争性磋商文件.pdf","[{""attach_name"": ""中小企业声明函-广东中远电梯工程有限公司.pdf"", ""attach_url"": ""https://download.ccgp.gov.cn/oss/download?uuid=FF04BC36C18E3AA3D8FF8A80591EBE""}, {""attach_name"": ""中华人民共和国黄埔出入境边防检查站备勤基地A1栋电梯改建项目竞争性磋商文件.pdf"", ""attach_url"": ""https://download.ccgp.gov.cn/oss/download?uuid=F6324221A7F8B780A7398C7B38A501""}]",https://www.ccgp.gov.cn/cggg/zygg/cjgg/202609/t20260904_27267355.htm,2026-09-10 09:38:32,一、项目编号：GDSJL2026CRJ43010（招标文件编号：GDSJL2026CRJ43010） 二、项目名称：中华人民共和国黄埔出入境边防检查站备勤基地A1栋电梯改建项目 三、中标（成交）信息 供应商名称：广东中远电梯工程有限公司供应商地址：广州市天河区天府路239-257号317房之一中标（成交）金额：55.1720300（万元）四、主要标的信息 序号    供应商名称       工程名称       施工范围       施工工期       项目经理       执业证书   1    广东中远电梯工程有限公司      备勤基地A1栋电梯改建项目      按竞争性磋商文件要求。      合同工期82日历天，合同签订之日后，以批准开工之日起计。      王冲      陕人职字[2013]232号                 五、评审专家（单一来源采购人员）名单： 杨双华、周礼萍、郑香娥。 六、代理服务收费标准及金额： 本项目代理费收费标准：按照竞争性磋商文件约定收取。 本项目代理费总金额：1.000000 万元（人民币） 七、公告期限 自本公告发布之日起1个工作日。 八、其它补充事宜 序号 供应商名称 资格性审查 符合性审查 技术 得分 商务 得分 价格 得分 总得分 排名                   1 广东中远电梯工程有限公司 通过 通过 39.33 30.00 26.89 96.22 1 2 广东机安电梯工程有限公司 通过 通过 33.00 27.50 30.00 90.50 2 3 广州嘉立电梯工程有限公司 通过 通过 33.00 17.00 26.69 76.69 3 4 广州永致机电设备工程有限公司 通过 通过 29.33 18.00 25.72 73.05 4   九、凡对本次公告内容提出询问，请按以下方式联系。 1.采购人信息 名 称：中华人民共和国黄埔出入境边防检查站 地址：广州市黄埔区中山大道东87号 联系方式：王警官020-32090335 2.采购代理机构信息 名 称：广东省建筑工程监理有限公司 地 址：广东省广州市荔湾区流花路85号四楼 联系方式：胡小姐 黄小姐 020-86673560 15791112303 3.项目联系方式 项目联系人：王警官 电 话： 020-32090335,设备购置,,中国政府采购网,,,,,,55.17203,"[{""序号"": ""1"", ""供应商名称"": ""广东中远电梯工程有限公司"", ""工程名称"": ""备勤基地A1栋电梯改建项目"", ""施工范围"": ""按竞争性磋商文件要求。"", ""施工工期"": ""合同工期82日历天，合同签订之日后，以批准开工之日起计。"", ""项目经理"": ""王冲"", ""执业证书"": ""陕人职字[2013]232号""}, {""序号"": ""1"", ""供应商名称"": ""广东中远电梯工程有限公司"", ""资格性审查"": ""通过"", ""符合性审查"": ""通过"", ""技术\t\t\t得分"": ""39.33"", ""商务\t\t\t得分"": ""30.00"", ""价格\t\t\t得分"": ""26.89"", ""总得分"": ""96.22"", ""排名"": ""1""}, {""序号"": ""2"", ""供应商名称"": ""广东机安电梯工程有限公司"", ""资格性审查"": ""通过"", ""符合性审查"": ""通过"", ""技术\t\t\t得分"": ""33.00"", ""商务\t\t\t得分"": ""27.50"", ""价格\t\t\t得分"": ""30.00"", ""总得分"": ""90.50"", ""排名"": ""2""}, {""序号"": ""3"", ""供应商名称"": ""广州嘉立电梯工程有限公司"", ""资格性审查"": ""通过"", ""符合性审查"": ""通过"", ""技术\t\t\t得分"": ""33.00"", ""商务\t\t\t得分"": ""17.00"", ""价格\t\t\t得分"": ""26.69"", ""总得分"": ""76.69"", ""排名"": ""3""}, {""序号"": ""4"", ""供应商名称"": ""广州永致机电设备工程有限公司"", ""资格性审查"": ""通过"", ""符合性审查"": ""通过"", ""技术\t\t\t得分"": ""29.33"", ""商务\t\t\t得分"": ""18.00"", ""价格\t\t\t得分"": ""25.72"", ""总得分"": ""73.05"", ""排名"": ""4""}]",杨双华、周礼萍、郑香娥。,1.0,广东中远电梯工程有限公司、广东机安电梯工程有限公司、广州嘉立电梯工程有限公司、广州永致机电设备工程有限公司,,,,
zycgr22011902某热解项目基础工程设计服务成交结果公告,成交公告,BHZB-2026-193,2026年09月04日 14:29,太原市,zycgr22011902,/,/,并辉建设工程招标代理有限公司,山西综改示范区太原学府园区科技街17号晟辉科创3层,林晓龙  高敏  鞠彩霞  刘鑫宁   0351-7035990,林晓龙,0351-7035990,,,https://www.ccgp.gov.cn/cggg/zygg/cjgg/202609/t20260904_27267210.htm,2026-09-10 09:38:33,一、项目编号：BHZB-2026-193（招标文件编号：BHZB-2026-193） 二、项目名称：zycgr22011902某热解项目基础工程设计服务 三、中标（成交）信息 供应商名称：华陆工程科技有限责任公司供应商地址：陕西省西安市高新区唐延南路7号中标（成交）金额：46.5000000（万元）四、主要标的信息 序号    供应商名称      服务名称      服务范围      服务要求      服务时间      服务标准   1    华陆工程科技有限责任公司      zycgr22011902某热解项目基础工程设计服务      详见磋商文件要求及响应文件承诺。      详见磋商文件要求及响应文件承诺。      自合同签订之日起75日历天内完成基础设计，并提交盖章版设计纸质版文件供采购人审查，审查意见反馈后15日历天内完成修改，并提交终版设计文件。后续服务直至项目基础设计获得上级公司批复通过及各专篇设计文件审查通过。      执行相关国家标准及行业标准。                 五、评审专家（单一来源采购人员）名单： 武彦章、武翠峰、吕敏 六、代理服务收费标准及金额： 本项目代理费收费标准：代理服务费计费参照《招标代理服务收费管理暂行办法》计价格〔2002〕1980号）、《国家发展改革委关于招标代理服务收费有关问题的通知》发改办价格〔2003〕857号）、《国家发展改革委关于降低部分建设项目收费标准规范收费行为等有关问题的通知》发改价格〔2011〕534号）规定的70%计算。 本项目代理费总金额：0.488250 万元（人民币） 七、公告期限 自本公告发布之日起1个工作日。 八、其它补充事宜 得分：94.33 九、凡对本次公告内容提出询问，请按以下方式联系。 1.采购人信息 名 称：zycgr22011902 地址：/ 联系方式：/ 2.采购代理机构信息 名 称：并辉建设工程招标代理有限公司 地 址：山西综改示范区太原学府园区科技街17号晟辉科创3层 联系方式：林晓龙 高敏 鞠彩霞 刘鑫宁 0351-7035990 3.项目联系方式 项目联系人：林晓龙 高敏 鞠彩霞 刘鑫宁 电 话： 0351-7035990,工程建设,,中国政府采购网,,,,,,46.5,"[{""序号"": ""1"", ""供应商名称"": ""华陆工程科技有限责任公司"", ""服务名称"": ""zycgr22011902某热解项目基础工程设计服务"", ""服务范围"": ""详见磋商文件要求及响应文件承诺。"", ""服务要求"": ""详见磋商文件要求及响应文件承诺。"", ""服务时间"": ""自合同签订之日起75日历天内完成基础设计，并提交盖章版设计纸质版文件供采购人审查，审查意见反馈后15日历天内完成修改，并提交终版设计文件。后续服务直至项目基础设计获得上级公司批复通过及各专篇设计文件审查通过。"", ""服务标准"": ""执行相关国家标准及行业标准。""}]",武彦章、武翠峰、吕敏,0.48825,华陆工程科技有限责任公司,,,,
中国延安干部学院三大平台及网站维保项目成交公告,成交公告,SZ1267-GP-GC-142F,2026年09月04日 13:58,延安市,中国延安干部学院,陕西省延安市宝塔区枣园路,李老师 0911-2196157,陕西省招标有限责任公司,陕西省西安市和平路108号佳腾大厦十层招标一部,李楚瑶 孙东 朱颖华 张怡  029-87521312,李楚瑶,029-87521312,延安干部学院三大平台及网站维保项目8.20修改竞争性磋商文件定稿.doc,"[{""attach_name"": ""延安干部学院三大平台及网站维保项目8.20修改竞争性磋商文件定稿.doc"", ""attach_url"": ""https://download.ccgp.gov.cn/oss/download?uuid=75849B3813EC70C929E4E45100C6A0""}]",https://www.ccgp.gov.cn/cggg/zygg/cjgg/202609/t20260904_27267047.htm,2026-09-10 09:38:34,一、项目编号：SZ1267-GP-GC-142F（招标文件编号：SZ1267-GP-GC-142F） 二、项目名称：中国延安干部学院三大平台及网站维保项目 三、中标（成交）信息 供应商名称：上海树维信息科技有限公司供应商地址：上海市长宁区虹桥路1157号557室中标（成交）金额：10.8000000（万元）四、主要标的信息 序号    供应商名称      服务名称      服务范围      服务要求      服务时间      服务标准   1    上海树维信息科技有限公司      中国延安干部学院三大平台及网站维保项目      响应竞争性磋商文件要求      响应竞争性磋商文件要求      响应竞争性磋商文件要求      响应竞争性磋商文件要求                 五、评审专家（单一来源采购人员）名单： 范训礼、李彩宁、钱竹 六、代理服务收费标准及金额： 本项目代理费收费标准：参照《国家计委关于印发<招标代理服务收费管理暂行办法>的通知》（计价格[2002]1980号）规定标准，由成交供应商向采购代理机构一次性支付 本项目代理费总金额：0.162000 万元（人民币） 七、公告期限 自本公告发布之日起1个工作日。 八、其它补充事宜 上海树维信息科技有限公司  得分：80.71分 九、凡对本次公告内容提出询问，请按以下方式联系。 1.采购人信息 名 称：中国延安干部学院 地址：陕西省延安市宝塔区枣园路 联系方式：李老师 0911-2196157 2.采购代理机构信息 名 称：陕西省招标有限责任公司 地 址：陕西省西安市和平路108号佳腾大厦十层招标一部 联系方式：李楚瑶 孙东 朱颖华 张怡 029-87521312 3.项目联系方式 项目联系人：李楚瑶 孙东 朱颖华 张怡 电 话： 029-87521312,教育培训,,中国政府采购网,,,,,,10.8,"[{""序号"": ""1"", ""供应商名称"": ""上海树维信息科技有限公司"", ""服务名称"": ""中国延安干部学院三大平台及网站维保项目"", ""服务范围"": ""响应竞争性磋商文件要求"", ""服务要求"": ""响应竞争性磋商文件要求"", ""服务时间"": ""响应竞争性磋商文件要求"", ""服务标准"": ""响应竞争性磋商文件要求""}]",范训礼、李彩宁、钱竹,0.162,上海树维信息科技有限公司,,,,
中国延安干部学院教学音像设备维保项目成交公告,成交公告,SZ1267-GP-GC-141F,2026年09月04日 13:57,延安市,中国延安干部学院,陕西省延安市宝塔区枣园路,李老师 0911-2196157,陕西省招标有限责任公司,陕西省西安市和平路108号佳腾大厦十层招标一部,李楚瑶 孙东 朱颖华 张怡  029-87521312,李楚瑶,029-87521312,"中小企业声明函.pdf,延安干部学院教学音像维保8.20竞争性磋商文件定稿.doc","[{""attach_name"": ""中小企业声明函.pdf"", ""attach_url"": ""https://download.ccgp.gov.cn/oss/download?uuid=7B71B82F1DF5221FC11A13BEE1C8D3""}, {""attach_name"": ""延安干部学院教学音像维保8.20竞争性磋商文件定稿.doc"", ""attach_url"": ""https://download.ccgp.gov.cn/oss/download?uuid=CB3654777E8440BD272812CB77D985""}]",https://www.ccgp.gov.cn/cggg/zygg/cjgg/202609/t20260904_27267037.htm,2026-09-10 09:38:34,一、项目编号：SZ1267-GP-GC-141F（招标文件编号：SZ1267-GP-GC-141F） 二、项目名称：中国延安干部学院教学音像设备维保项目 三、中标（成交）信息 供应商名称：西安乐华云科技有限公司供应商地址：陕西省西安市碑林区文艺北路5号敬业大厦1号楼1单元12116室中标（成交）金额：10.8900000（万元）四、主要标的信息 序号    供应商名称      服务名称      服务范围      服务要求      服务时间      服务标准   1    西安乐华云科技有限公司      响应竞争性磋商文件要求      响应竞争性磋商文件要求      响应竞争性磋商文件要求      响应竞争性磋商文件要求      响应竞争性磋商文件要求                 五、评审专家（单一来源采购人员）名单： 吴延海、张亚梅、钱竹 六、代理服务收费标准及金额： 本项目代理费收费标准：参照《国家计委关于印发<招标代理服务收费管理暂行办法>的通知》（计价格[2002]1980号）规定标准，由成交供应商向采购代理机构一次性支付 本项目代理费总金额：0.163400 万元（人民币） 七、公告期限 自本公告发布之日起1个工作日。 八、其它补充事宜  西安乐华云科技有限公司  得分：90.33分 九、凡对本次公告内容提出询问，请按以下方式联系。 1.采购人信息 名 称：中国延安干部学院 地址：陕西省延安市宝塔区枣园路 联系方式：李老师 0911-2196157 2.采购代理机构信息 名 称：陕西省招标有限责任公司 地 址：陕西省西安市和平路108号佳腾大厦十层招标一部 联系方式：李楚瑶 孙东 朱颖华 张怡 029-87521312 3.项目联系方式 项目联系人：李楚瑶 孙东 朱颖华 张怡 电 话： 029-87521312,教育培训,,中国政府采购网,,,,,,10.8,"[{""序号"": ""1"", ""供应商名称"": ""西安乐华云科技有限公司"", ""服务名称"": ""响应竞争性磋商文件要求"", ""服务范围"": ""响应竞争性磋商文件要求"", ""服务要求"": ""响应竞争性磋商文件要求"", ""服务时间"": ""响应竞争性磋商文件要求"", ""服务标准"": ""响应竞争性磋商文件要求""}]",吴延海、张亚梅、钱竹,0.1634,西安乐华云科技有限公司,,,,
北京体育大学国家队训练基地运动员公寓智能门锁采购项目成交公告,成交公告,JJBJ260721191,2026年09月04日 13:54,北京市,北京体育大学,北京市海淀区信息路48号,张老师010-62989458,建经投资咨询有限公司,北京市丰台区总部基地17区18号楼13层,杨梦洁、向生建、赵金丹、陈文彪、唐迈、艾永峰，010-63753216、13691461737,杨梦洁,13691461737,"中小企业声明函+沈阳圣达金卡科技有限公司.pdf,主要标的信息.pdf,关于符合本国产品标准的声明函.pdf,（发布稿）北京体育大学国家队训练基地运动员公寓智能门锁采购项目竞争性谈判文件-8-12.pdf","[{""attach_name"": ""中小企业声明函+沈阳圣达金卡科技有限公司.pdf"", ""attach_url"": ""https://download.ccgp.gov.cn/oss/download?uuid=6857E2CE11DE5C871AED706308F8D7""}, {""attach_name"": ""主要标的信息.pdf"", ""attach_url"": ""https://download.ccgp.gov.cn/oss/download?uuid=4AC9896BE8D37682CD38DC17164C89""}, {""attach_name"": ""关于符合本国产品标准的声明函.pdf"", ""attach_url"": ""https://download.ccgp.gov.cn/oss/download?uuid=7D6A9EEB54A1E7750EBB6F084CF467""}, {""attach_name"": ""（发布稿）北京体育大学国家队训练基地运动员公寓智能门锁采购项目竞争性谈判文件-8-12.pdf"", ""attach_url"": ""https://download.ccgp.gov.cn/oss/download?uuid=38ED983D2DFC31AAFA886CF8AFDFB5""}]",https://www.ccgp.gov.cn/cggg/zygg/cjgg/202609/t20260904_27267027.htm,2026-09-10 09:38:35,一、项目编号：JJBJ260721191（招标文件编号：JJBJ260721191） 二、项目名称：北京体育大学国家队训练基地运动员公寓智能门锁采购项目 三、中标（成交）信息 供应商名称：沈阳圣达金卡科技有限公司供应商地址：辽宁省沈阳市浑南新区浑南四路1号A座301室（经营场所：辽宁省沈阳市浑南区南京南街666-21号（2门））中标（成交）金额：54.4250000（万元）四、主要标的信息 序号    供应商名称      货物名称      货物品牌      货物型号      货物数量      货物单价(元)   1    沈阳圣达金卡科技有限公司      详见附件主要标的信息      详见附件主要标的信息      详见附件主要标的信息      详见附件主要标的信息      详见附件主要标的信息                 五、评审专家（单一来源采购人员）名单： 黄超轶，付强，黄涛 六、代理服务收费标准及金额： 本项目代理费收费标准：以国家计委印发的计价格[2002]1980号关于《代理机构服务费管理暂行办法》的通知及发改办价格[2003]857号令标准下浮40%执行。 本项目代理费总金额：0.489825 万元（人民币） 七、公告期限 自本公告发布之日起1个工作日。 八、其它补充事宜 / 九、凡对本次公告内容提出询问，请按以下方式联系。 1.采购人信息 名 称：北京体育大学 地址：北京市海淀区信息路48号 联系方式：张老师010-62989458 2.采购代理机构信息 名 称：建经投资咨询有限公司 地 址：北京市丰台区总部基地17区18号楼13层 联系方式：杨梦洁、向生建、赵金丹、陈文彪、唐迈、艾永峰，010-63753216、13691461737 3.项目联系方式 项目联系人：杨梦洁 电 话： 13691461737,教育培训,,中国政府采购网,,,,,,54.425,"[{""序号"": ""1"", ""供应商名称"": ""沈阳圣达金卡科技有限公司"", ""货物名称"": ""详见附件主要标的信息"", ""货物品牌"": ""详见附件主要标的信息"", ""货物型号"": ""详见附件主要标的信息"", ""货物数量"": ""详见附件主要标的信息"", ""货物单价(元)"": ""详见附件主要标的信息""}]",黄超轶，付强，黄涛,0.489825,沈阳圣达金卡科技有限公司,,,,
乌鲁木齐铁路公安局哈密公安处遴选净水器滤芯耗材采购定点供应商（二次）成交公告,成交公告,HMSJL-B2026-24,2026年09月04日 12:37,哈密市,乌鲁木齐铁路公安局哈密公安处,哈密市,李先生 0902-7123828,哈密市建设工程监理有限责任公司,哈密市伊州区向阳东路金星大厦2单元4楼,张元洁13239736965,李先生,0902-7123828,乌鲁木齐铁路公安局哈密公安处遴选净水器滤芯耗材采购定点供应商（二次）磋商文件.pdf,"[{""attach_name"": ""乌鲁木齐铁路公安局哈密公安处遴选净水器滤芯耗材采购定点供应商（二次）磋商文件.pdf"", ""attach_url"": ""https://download.ccgp.gov.cn/oss/download?uuid=896B76FEF3F4C2159401B7CDC4087E""}]",https://www.ccgp.gov.cn/cggg/zygg/cjgg/202609/t20260904_27266768.htm,2026-09-10 09:38:35,"一、项目编号：HMSJL-B2026-24（招标文件编号：HMSJL-B2026-24） 二、项目名称：乌鲁木齐铁路公安局哈密公安处遴选净水器滤芯耗材采购定点供应商（二次） 三、中标（成交）信息 供应商名称：新疆润阳思达环保科技发展有限责任公司供应商地址：新疆哈密市伊州区铁路7街23栋1号401室中标（成交）金额：0.5925350（万元）四、主要标的信息 序号    供应商名称      服务名称      服务范围      服务要求      服务时间      服务标准   1    新疆润阳思达环保科技发展有限责任公司      乌鲁木齐铁路公安局哈密公安处遴选净水器滤芯耗材采购定点供应商（二次）      乌鲁木齐铁路公安局哈密公安处遴选净水器滤芯耗材采购定点供应商（具体详见磋商文件）      满足采购人要求      1年      满足采购人要求                 五、评审专家（单一来源采购人员）名单： 张凤、王燕珍、阿依夏木·吾司满 六、代理服务收费标准及金额： 本项目代理费收费标准：按【国家发展改革委关于进一步放开建设项目专业服务价格的通知】发改价格[2015]299号）,并参照国家发展计划委员会计价格[2002]1980号文计算。 本项目代理费总金额：0.375000 万元（人民币） 七、公告期限 自本公告发布之日起1个工作日。 八、其它补充事宜 九、凡对本次公告内容提出询问，请按以下方式联系。 1.采购人信息 名 称：乌鲁木齐铁路公安局哈密公安处 地址：哈密市 联系方式：李先生 0902-7123828 2.采购代理机构信息 名 称：哈密市建设工程监理有限责任公司 地 址：哈密市伊州区向阳东路金星大厦2单元4楼 联系方式：张元洁13239736965 3.项目联系方式 项目联系人：李先生 电 话： 0902-7123828",公共安全,,中国政府采购网,,,,,,0.592535,"[{""序号"": ""1"", ""供应商名称"": ""新疆润阳思达环保科技发展有限责任公司"", ""服务名称"": ""乌鲁木齐铁路公安局哈密公安处遴选净水器滤芯耗材采购定点供应商（二次）"", ""服务范围"": ""乌鲁木齐铁路公安局哈密公安处遴选净水器滤芯耗材采购定点供应商（具体详见磋商文件）"", ""服务要求"": ""满足采购人要求"", ""服务时间"": ""1年"", ""服务标准"": ""满足采购人要求""}]",张凤、王燕珍、阿依夏木·吾司满,0.375,新疆润阳思达环保科技发展有限责任公司,,,,
四川某单位图书采购项目成交公告,成交公告,TQ-2026-SC20-D015,2026年09月04日 12:36,四川省,SPD-16,成都市天府新区牧华路三段2538号,吴先生:19602802310,四川楫新工程咨询有限公司,四川省成都市武侯区武兴五路77号智领大厦一单元806,张先生：19013216009,张先生,19013216009,,,https://www.ccgp.gov.cn/cggg/zygg/cjgg/202609/t20260904_27266772.htm,2026-09-10 09:38:36,一、项目编号：TQ-2026-SC20-D015（招标文件编号：TQ-2026-SC20-D015） 二、项目名称：四川某单位图书采购项目 三、中标（成交）信息 供应商名称：四川书有万卷文化发展有限公司供应商地址：成都市武侯区聚龙路68号1栋6楼17、18号包组或产品名称：/折扣率(%)：34.8600000四、主要标的信息 序号    供应商名称      货物名称      货物品牌      货物型号      货物数量      货物单价(元)   1    四川书有万卷文化发展有限公司      详见零星采购文件      详见零星采购文件      详见零星采购文件      详见零星采购文件      详见零星采购文件                 五、评审专家（单一来源采购人员）名单： / 六、代理服务收费标准及金额： 本项目代理费收费标准：/ 本项目代理费总金额：0.000000 万元（人民币） 七、公告期限 自本公告发布之日起1个工作日。 八、其它补充事宜 九、凡对本次公告内容提出询问，请按以下方式联系。 1.采购人信息 名 称：SPD-16 地址：成都市天府新区牧华路三段2538号 联系方式：吴先生:19602802310 2.采购代理机构信息 名 称：四川楫新工程咨询有限公司 地 址：四川省成都市武侯区武兴五路77号智领大厦一单元806 联系方式：张先生：19013216009 3.项目联系方式 项目联系人：张先生 电 话： 19013216009,文化旅游,,中国政府采购网,,,,,,0.0,"[{""序号"": ""1"", ""供应商名称"": ""四川书有万卷文化发展有限公司"", ""货物名称"": ""详见零星采购文件"", ""货物品牌"": ""详见零星采购文件"", ""货物型号"": ""详见零星采购文件"", ""货物数量"": ""详见零星采购文件"", ""货物单价(元)"": ""详见零星采购文件""}]",/,0.0,四川书有万卷文化发展有限公司,,,,
中华人民共和国皇岗出入境边防检查站金安花园部分宿舍用房修缮项目（二次招标）成交公告,成交公告,SZCGPC2026-0016,2026年09月04日 11:49,深圳市,中华人民共和国皇岗出入境边防检查站,广东省深圳市福田区福田南路4号,苏警官/0755-84498653,深圳市鹏承工程咨询有限公司,深圳市福田区皇都广场C座8楼,潘工、刘工/13418563949,苏警官,0755-84498653,"【发售稿】竞争性谈判文件—中华人民共和国皇岗出入境边防检查站金安花园部分宿舍用房修缮项目（二次招标）.pdf,中小企业声明函—广东千标工程技术有限公司.pdf","[{""attach_name"": ""【发售稿】竞争性谈判文件—中华人民共和国皇岗出入境边防检查站金安花园部分宿舍用房修缮项目（二次招标）.pdf"", ""attach_url"": ""https://download.ccgp.gov.cn/oss/download?uuid=9F9C167E5A8BDBE80C974C3D1A284D""}, {""attach_name"": ""中小企业声明函—广东千标工程技术有限公司.pdf"", ""attach_url"": ""https://download.ccgp.gov.cn/oss/download?uuid=D8EBC206BC36D2C5F29C9A8BB2A122""}]",https://www.ccgp.gov.cn/cggg/zygg/cjgg/202609/t20260904_27266378.htm,2026-09-10 09:38:37,一、项目编号：SZCGPC2026-0016（招标文件编号：SZCGPC2026-0016） 二、项目名称：中华人民共和国皇岗出入境边防检查站金安花园部分宿舍用房修缮项目（二次招标） 三、中标（成交）信息 供应商名称：广东千标工程技术有限公司供应商地址：广州市花都区新雅街广塘村白鳝塘大坑口十九队三街2号1楼（空港花都）中标（成交）金额：25.6100000（万元）四、主要标的信息 序号    供应商名称       工程名称       施工范围       施工工期       项目经理       执业证书   1    广东千标工程技术有限公司      中华人民共和国皇岗出入境边防检查站金安花园部分宿舍用房修缮项目（二次招标）      皇岗边检站金安花园部分宿舍用房修缮项目地址位于深圳市福田区福景路5号，项目改造面积约540㎡，内容包括：原有室内地面、油漆等格局等修缮恢复；强弱电、给排水管线改造安装；新做、卫生间和阳台防水层等。具体详见招标人提供的技术文件、图纸及工程量清单      40日历日内完工。施工服务起始日期以合同规定为准，截止日期以工程通过采购单位组织的竣工验收或达到采购单位认可的交付标准之日为准。      /      /                 五、评审专家（单一来源采购人员）名单： 刘远征（组长）、郭智迪、杨明文 六、代理服务收费标准及金额： 本项目代理费收费标准：本项目代理费收费标准：根据招标文件约定由成交供应商支付。 本项目代理费总金额：0.500000 万元（人民币） 七、公告期限 自本公告发布之日起1个工作日。 八、其它补充事宜 1.投标供应商名称及报价： 序号 投标供应商 最终投标报价（元） 资格性审查 1 深圳市金渝建设工程有限公司 267000.00 通过 2 广东千标工程技术有限公司 256100.00 通过 3 深圳华荣建设工程有限公司 266000.00 通过 2.中标单位在中标公示期限结束后，缴纳完招标代理费用，来招标代理公司领取中标通知书。地址：深圳市福田区福田街道皇岗社区益田路3008号皇都广场C座8楼账号信息（用于支付招标代理费）公司名称：深圳市鹏承工程咨询有限公司开户行账号：44250100010000001673开户行名称：中国建设银行股份有限公司深圳天健世纪支行3.供应商质疑投标供应商认为中标或者成交结果使自己的权益受到损害的，应当自本公告发布之日起三个日历天内以书面形式提出质疑。质疑材料现场提交地址：深圳市福田区福田街道皇岗社区益田路3008号皇都广场3号楼8楼前台。质疑咨询电话：潘工/刘工13418563949。4.中标单位的中小企业声明函详见附件。   九、凡对本次公告内容提出询问，请按以下方式联系。 1.采购人信息 名 称：中华人民共和国皇岗出入境边防检查站 地址：广东省深圳市福田区福田南路4号 联系方式：苏警官/0755-84498653 2.采购代理机构信息 名 称：深圳市鹏承工程咨询有限公司 地 址：深圳市福田区皇都广场C座8楼 联系方式：潘工、刘工/13418563949 3.项目联系方式 项目联系人：苏警官 电 话： 0755-84498653,工程建设,,中国政府采购网,,,,,,25.61,"[{""序号"": ""1"", ""供应商名称"": ""广东千标工程技术有限公司"", ""工程名称"": ""中华人民共和国皇岗出入境边防检查站金安花园部分宿舍用房修缮项目（二次招标）"", ""施工范围"": ""皇岗边检站金安花园部分宿舍用房修缮项目地址位于深圳市福田区福景路5号，项目改造面积约540㎡，内容包括：原有室内地面、油漆等格局等修缮恢复；强弱电、给排水管线改造安装；新做、卫生间和阳台防水层等。具体详见招标人提供的技术文件、图纸及工程量清单"", ""施工工期"": ""40日历日内完工。施工服务起始日期以合同规定为准，截止日期以工程通过采购单位组织的竣工验收或达到采购单位认可的交付标准之日为准。"", ""项目经理"": ""/"", ""执业证书"": ""/""}, {""序号"": ""1"", ""投标供应商"": ""深圳市金渝建设工程有限公司"", ""最终投标报价（元）"": ""267000.00"", ""资格性审查"": ""通过""}, {""序号"": ""2"", ""投标供应商"": ""广东千标工程技术有限公司"", ""最终投标报价（元）"": ""256100.00"", ""资格性审查"": ""通过""}, {""序号"": ""3"", ""投标供应商"": ""深圳华荣建设工程有限公司"", ""最终投标报价（元）"": ""266000.00"", ""资格性审查"": ""通过""}]",刘远征（组长）、郭智迪、杨明文,0.5,广东千标工程技术有限公司、深圳市金渝建设工程有限公司、深圳华荣建设工程有限公司,,,,
昆明市晋宁区消防救援大队2026年9月至2027年8月食品配送服务项目成交结果公告,成交公告,YNGB,2026年09月04日 11:22,晋宁区,昆明市晋宁区消防救援大队,昆明市晋宁区昆阳街道办东南绕城线,刘文庆 0871-67806596,云南观宝建设工程咨询有限公司,0871-68688698,赵旭、於紫洋,赵旭、於紫洋,0871-68688698,"竞争性磋商文件——昆明市晋宁区消防救援大队2026年9月至2027年8月食品配送服务项目8.20（盖章）.pdf,中小企业声明函.pdf","[{""attach_name"": ""竞争性磋商文件——昆明市晋宁区消防救援大队2026年9月至2027年8月食品配送服务项目8.20（盖章）.pdf"", ""attach_url"": ""https://download.ccgp.gov.cn/oss/download?uuid=23649D2A3FBB0E3EF3F8018293EE71""}, {""attach_name"": ""中小企业声明函.pdf"", ""attach_url"": ""https://download.ccgp.gov.cn/oss/download?uuid=BF85DB15F22CEDAD6441837F8D5951""}]",https://www.ccgp.gov.cn/cggg/zygg/cjgg/202609/t20260904_27266090.htm,2026-09-10 09:38:37,一、项目编号：YNGB【2026】55号（招标文件编号：YNGB【2026】55号） 二、项目名称：昆明市晋宁区消防救援大队2026年9月至2027年8月食品配送服务项目 三、中标（成交）信息 供应商名称：云南菜心舒商贸有限公司供应商地址：云南省昆明市官渡区关上街道办事处关通路12号附1号一楼整层包组或产品名称：昆明市晋宁区消防救援大队2026年9月至2027年8月食品配送服务项目下浮率(%)：5.0000000四、主要标的信息 序号    供应商名称      服务名称      服务范围      服务要求      服务时间      服务标准   1    云南菜心舒商贸有限公司      昆明市晋宁区消防救援大队2026年9月至2027年8月食品配送服务项目      以采购文件要求内容为准      严格按采购人要求和我方承诺的交货验收标准执行      一年(365天)      符合《中华人民共和国食品安全法》，保证生鲜食材新鲜，严禁 使用过期、变质食材                 五、评审专家（单一来源采购人员）名单： 张仁徽、牛海生（组长）、余旭亚（采购人代表） 六、代理服务收费标准及金额： 本项目代理费收费标准：按《云南省建设工程招标代理服务收费参考意见》（云建招协〔2024〕58 号）文件规定的收费标准下浮20%收取，由成交供应商向采购代理机构交纳。 本项目代理费总金额：1.938900 万元（人民币） 七、公告期限 自本公告发布之日起1个工作日。 八、其它补充事宜 云南舜丰商贸有限公司所递交的响应文件，经磋商小组审查，符合性审查不通过。 九、凡对本次公告内容提出询问，请按以下方式联系。 1.采购人信息 名 称：昆明市晋宁区消防救援大队 地址：昆明市晋宁区昆阳街道办东南绕城线 联系方式：刘文庆 0871-67806596 2.采购代理机构信息 名 称：云南观宝建设工程咨询有限公司 地 址：0871-68688698 联系方式：赵旭、於紫洋 3.项目联系方式 项目联系人：赵旭、於紫洋 电 话： 0871-68688698,公共安全,,中国政府采购网,,,,,,0.0,"[{""序号"": ""1"", ""供应商名称"": ""云南菜心舒商贸有限公司"", ""服务名称"": ""昆明市晋宁区消防救援大队2026年9月至2027年8月食品配送服务项目"", ""服务范围"": ""以采购文件要求内容为准"", ""服务要求"": ""严格按采购人要求和我方承诺的交货验收标准执行"", ""服务时间"": ""一年(365天)"", ""服务标准"": ""符合《中华人民共和国食品安全法》，保证生鲜食材新鲜，严禁\t\t\t使用过期、变质食材""}]",张仁徽、牛海生（组长）、余旭亚（采购人代表）,1.9389,云南菜心舒商贸有限公司,,,,
开发区消防救援支队购买消防宣传品项目（二次）成交公告,成交公告,KFQBX-2026-12,2026年09月04日 11:16,开发区,北京经济技术开发区消防救援支队,北京经济技术开发区兴盛街10号,张老师，010-67515183,中采邑达工程管理（北京）有限公司,北京经济技术开发区景园北街2号,刘潞、幸子琪，13290687785,幸子琪、周世欣、刘潞,13290687785,【比选文件】开发区消防救援支队购买消防宣传品项目（二次）.pdf,"[{""attach_name"": ""【比选文件】开发区消防救援支队购买消防宣传品项目（二次）.pdf"", ""attach_url"": ""https://download.ccgp.gov.cn/oss/download?uuid=52D02A82B8765B9BE2AF28226AFAEF""}]",https://www.ccgp.gov.cn/cggg/zygg/cjgg/202609/t20260904_27266026.htm,2026-09-10 09:38:38,一、项目编号：KFQBX-2026-12（招标文件编号：KFQBX-2026-12） 二、项目名称：开发区消防救援支队购买消防宣传品项目（二次） 三、中标（成交）信息 供应商名称：北京映杰科乐科技有限公司供应商地址：北京市门头沟区桥东街13楼北104-9室中标（成交）金额：41.1165000（万元）四、主要标的信息 序号    供应商名称      货物名称      货物品牌      货物型号      货物数量      货物单价(元)   1    北京映杰科乐科技有限公司      详见比选文件      详见参选文件      详见参选文件      详见比选文件      详见参选文件                 五、评审专家（单一来源采购人员）名单： 叶勇、赵岳旺、刘洪祥 六、代理服务收费标准及金额： 本项目代理费收费标准：以成交金额为基数，参照计价格〔2002〕1980号文及发改办价格〔2003〕857号文规定标准收取。 本项目代理费总金额：0.616748 万元（人民币） 七、公告期限 自本公告发布之日起1个工作日。 八、其它补充事宜 本项目采用综合评分法，成交单位评审得分90.25分。 九、凡对本次公告内容提出询问，请按以下方式联系。 1.采购人信息 名 称：北京经济技术开发区消防救援支队 地址：北京经济技术开发区兴盛街10号 联系方式：张老师，010-67515183 2.采购代理机构信息 名 称：中采邑达工程管理（北京）有限公司 地 址：北京经济技术开发区景园北街2号 联系方式：刘潞、幸子琪，13290687785 3.项目联系方式 项目联系人：幸子琪、周世欣、刘潞 电 话： 13290687785,公共安全,,中国政府采购网,,,,,,41.1165,"[{""序号"": ""1"", ""供应商名称"": ""北京映杰科乐科技有限公司"", ""货物名称"": ""详见比选文件"", ""货物品牌"": ""详见参选文件"", ""货物型号"": ""详见参选文件"", ""货物数量"": ""详见比选文件"", ""货物单价(元)"": ""详见参选文件""}]",叶勇、赵岳旺、刘洪祥,0.616748,北京映杰科乐科技有限公司,,,,
中山大学附属第三医院医疗业务用房租赁项目成交结果公告,成交公告,ZC2026010011,2026年09月04日 11:12,广东省,中山大学附属第三医院,广州市天河区天河路600号,卢老师 020-85253485,广州中经招标有限公司,广州市越秀区寺右一马路18号泰恒大厦14楼1409室,黄先生 020-87385151、020-37639369、020-87371812、020-87372296,黄先生,020-87385151,ZC2026010011 中山大学附属第三医院医疗业务用房租赁项目（定稿0902）.pdf,"[{""attach_name"": ""ZC2026010011 中山大学附属第三医院医疗业务用房租赁项目（定稿0902）.pdf"", ""attach_url"": ""https://download.ccgp.gov.cn/oss/download?uuid=EB7E77E981B0F454640CAA6AFE9085""}]",https://www.ccgp.gov.cn/cggg/zygg/cjgg/202609/t20260904_27265985.htm,2026-09-10 09:38:39,一、项目编号：ZC2026010011（招标文件编号：ZC2026010011） 二、项目名称：中山大学附属第三医院医疗业务用房租赁项目 三、中标（成交）信息 供应商名称：广州远海投资有限公司供应商地址：广州市南沙区龙穴街港荣二街3号B0404房（仅限办公用途）中标（成交）金额：2399.2164000（万元）四、主要标的信息 序号    供应商名称      服务名称      服务范围      服务要求      服务时间      服务标准   1    广州远海投资有限公司      医疗业务用房租赁      满足“采购项目内容”需求      满足“采购项目内容”需求及响应文件响应情况      3年      满足“采购项目内容”需求及响应文件响应情况                 五、评审专家（单一来源采购人员）名单： 李青、郑春苏、李传凤、潘桃燕、张晓东（采购人代表） 六、代理服务收费标准及金额： 本项目代理费收费标准：按单一来源协商文件规定。 本项目代理费总金额：5.000000 万元（人民币） 七、公告期限 自本公告发布之日起1个工作日。 八、其它补充事宜 （一）采购项目内容 包组号 采购内容 服务期限 预算总额（人民币） 最高限价（人民币） 1 医疗业务用房租赁 3年 2653.2万元 2653.2万元 九、凡对本次公告内容提出询问，请按以下方式联系。 1.采购人信息 名 称：中山大学附属第三医院 地址：广州市天河区天河路600号 联系方式：卢老师 020-85253485 2.采购代理机构信息 名 称：广州中经招标有限公司 地 址：广州市越秀区寺右一马路18号泰恒大厦14楼1409室 联系方式：黄先生 020-87385151、020-37639369、020-87371812、020-87372296 3.项目联系方式 项目联系人：黄先生 电 话： 020-87385151,医疗卫生,,中国政府采购网,,,,,,2399.2164,"[{""序号"": ""1"", ""供应商名称"": ""广州远海投资有限公司"", ""服务名称"": ""医疗业务用房租赁"", ""服务范围"": ""满足“采购项目内容”需求"", ""服务要求"": ""满足“采购项目内容”需求及响应文件响应情况"", ""服务时间"": ""3年"", ""服务标准"": ""满足“采购项目内容”需求及响应文件响应情况""}]",李青、郑春苏、李传凤、潘桃燕、张晓东（采购人代表）,5.0,广州远海投资有限公司,,,,
崇明区消防救援支队2026-2027年支队办公耗材定点采购项目成交公告,成交公告,XS-SH20260316,2026年09月04日 11:10,上海市,崇明区消防救援支队,上海市崇明区城桥镇育麟桥路385号,侯老师 021- 59616371,上海欣声招标服务中心有限公司,上海市黄浦区龙华东路647号16楼,任重远 13402015291,任重远,13402015291,中小企业.docx,"[{""attach_name"": ""中小企业.docx"", ""attach_url"": ""https://download.ccgp.gov.cn/oss/download?uuid=0FE64F1E5438D12188B0CE9F45449E""}]",https://www.ccgp.gov.cn/cggg/zygg/cjgg/202609/t20260904_27265972.htm,2026-09-10 09:38:39,一、项目编号：XS-SH20260316（招标文件编号：XS-SH20260316） 二、项目名称：崇明区消防救援支队2026-2027年支队办公耗材定点采购项目 三、中标（成交）信息 供应商名称：上海霆燚信息科技有限公司供应商地址：上海市崇明区庙镇宏海公路2050号包组或产品名称：2026-2027年支队办公耗材定点采购下浮率(%)：5.0000000四、主要标的信息 序号    供应商名称      服务名称      服务范围      服务要求      服务时间      服务标准   1    上海霆燚信息科技有限公司      2026-2027年支队办公耗材定点采购      崇明区消防救援支队指定      能提供支队所有打印机型号所需耗材及各类打印纸（详见附件）； 提供货品须为原装正品，指定特殊型号除外； 可提供安装、维护及送达的服务（常规货物24小时送达，紧急货物不超过4小时，指定或特殊型号货物不超过3个工作日）；      2026年10月1日至2027年9月30日。      1、若成交人发生重大责任事故，采购人可提前终止合同履行并追究相关事故责任。 2、成交人应充分了解本项目需求，提供完整的服务方案。 3、成交人在签订合同时，不得提出附加条件和不合理要求，否则将取消其中标资格。 4、报价人中标后一律不得将服务内容转包或分包，一经发现，采购人有权终止协议，而由此造成的一切经济损失，由成交人负责赔偿。 5、成交人应严格按照已确认的服务方案和工作流程提供服务，无条件的接受采购人对其工作质量的监督检查。 6、成交人所提供的服务的质量标准按照国家标准、行业标准或采购人指定标准确定，上述标准不一致的，以严格的或最新的标准为准。没有国家标准、行业标准的，按照通常标准或者符合合同目的的特定标准确定。 7、能够提供正品或指定型号惠普、联想、柯尼卡美能达、奔图、光电通等品牌耗材产品及各类打印纸。                 五、评审专家（单一来源采购人员）名单： 叶辉、袁心慰、张岚 六、代理服务收费标准及金额： 本项目代理费收费标准：按成交金额 100 万元以内部分 1.5%支付 (若不足人民币 5000 元按人民币 5000 元收取) 本项目代理费总金额：0.500000 万元（人民币） 七、公告期限 自本公告发布之日起1个工作日。 八、其它补充事宜 经评审委员会评审上海霆燚信息科技有限公司综合得分最高（87分），故推荐。 九、凡对本次公告内容提出询问，请按以下方式联系。 1.采购人信息 名 称：崇明区消防救援支队 地址：上海市崇明区城桥镇育麟桥路385号 联系方式：侯老师 021- 59616371 2.采购代理机构信息 名 称：上海欣声招标服务中心有限公司 地 址：上海市黄浦区龙华东路647号16楼 联系方式：任重远 13402015291 3.项目联系方式 项目联系人：任重远 电 话： 13402015291,公共安全,,中国政府采购网,,,,,,0.0,"[{""序号"": ""1"", ""供应商名称"": ""上海霆燚信息科技有限公司"", ""服务名称"": ""2026-2027年支队办公耗材定点采购"", ""服务范围"": ""崇明区消防救援支队指定"", ""服务要求"": ""能提供支队所有打印机型号所需耗材及各类打印纸（详见附件）；\t\t\t提供货品须为原装正品，指定特殊型号除外；\t\t\t可提供安装、维护及送达的服务（常规货物24小时送达，紧急货物不超过4小时，指定或特殊型号货物不超过3个工作日）；"", ""服务时间"": ""2026年10月1日至2027年9月30日。"", ""服务标准"": ""1、若成交人发生重大责任事故，采购人可提前终止合同履行并追究相关事故责任。\t\t\t2、成交人应充分了解本项目需求，提供完整的服务方案。\t\t\t3、成交人在签订合同时，不得提出附加条件和不合理要求，否则将取消其中标资格。\t\t\t4、报价人中标后一律不得将服务内容转包或分包，一经发现，采购人有权终止协议，而由此造成的一切经济损失，由成交人负责赔偿。\t\t\t5、成交人应严格按照已确认的服务方案和工作流程提供服务，无条件的接受采购人对其工作质量的监督检查。\t\t\t6、成交人所提供的服务的质量标准按照国家标准、行业标准或采购人指定标准确定，上述标准不一致的，以严格的或最新的标准为准。没有国家标准、行业标准的，按照通常标准或者符合合同目的的特定标准确定。\t\t\t7、能够提供正品或指定型号惠普、联想、柯尼卡美能达、奔图、光电通等品牌耗材产品及各类打印纸。""}]",叶辉、袁心慰、张岚,0.5,上海霆燚信息科技有限公司,,,,
崇明区消防救援支队2026-2027年支队保洁购买承包服务项目成交公告,成交公告,XS-SH20260315,2026年09月04日 11:10,上海市,崇明区消防救援支队,上海市崇明区城桥镇育麟桥路385号,侯老师 021- 59616371,上海欣声招标服务中心有限公司,上海市黄浦区龙华东路647号16楼,任重远 13402015291,任重远,13402015291,中小企业.docx,"[{""attach_name"": ""中小企业.docx"", ""attach_url"": ""https://download.ccgp.gov.cn/oss/download?uuid=4EDBC6A48FBCBDAA73A656C18B5A35""}]",https://www.ccgp.gov.cn/cggg/zygg/cjgg/202609/t20260904_27265967.htm,2026-09-10 09:38:40,一、项目编号：XS-SH20260315（招标文件编号：XS-SH20260315） 二、项目名称：崇明区消防救援支队2026-2027年支队保洁购买承包服务项目 三、中标（成交）信息 供应商名称：上海瀛宾物业管理有限公司供应商地址：上海市崇明区城桥镇万安仓路8号中标（成交）金额：37.7500000（万元）四、主要标的信息 序号    供应商名称      服务名称      服务范围      服务要求      服务时间      服务标准   1    上海瀛宾物业管理有限公司      2026-2027年支队保洁购买承包服务项目      崇明区消防救援支队      1、提供5名保洁工作人员，其中1名管理人员且能够承担会议茶水保障工作，1名专职会议茶水保障人员； 2、负责支队机关大楼及副楼公共区域卫生及支队管理部门临时安排的机关范围内卫生工作； 3、工作时间为工作日8时至16时，保证5名保洁人员在位，周末及节假日保证至少1名保洁人员在位，如有保洁人员请假需及时补充人员； 4、保洁人员聘用需符合劳动法相关规定，统一服装，并落实安全管理和教育。      1年      采购文件及合同约定                 五、评审专家（单一来源采购人员）名单： 陈刚、蔡宏宇、朱雄飞 六、代理服务收费标准及金额： 本项目代理费收费标准：按成交金额 100 万元以内部分 1.5%支付 (若不足人民币 5000 元按人民币 5000 元收取) 本项目代理费总金额：0.500000 万元（人民币） 七、公告期限 自本公告发布之日起1个工作日。 八、其它补充事宜 经评审委员会评审上海瀛宾物业管理有限公司综合得分最高（83分），故推荐。 九、凡对本次公告内容提出询问，请按以下方式联系。 1.采购人信息 名 称：崇明区消防救援支队 地址：上海市崇明区城桥镇育麟桥路385号 联系方式：侯老师 021- 59616371 2.采购代理机构信息 名 称：上海欣声招标服务中心有限公司 地 址：上海市黄浦区龙华东路647号16楼 联系方式：任重远 13402015291 3.项目联系方式 项目联系人：任重远 电 话： 13402015291,公共安全,,中国政府采购网,,,,,,37.75,"[{""序号"": ""1"", ""供应商名称"": ""上海瀛宾物业管理有限公司"", ""服务名称"": ""2026-2027年支队保洁购买承包服务项目"", ""服务范围"": ""崇明区消防救援支队"", ""服务要求"": ""1、提供5名保洁工作人员，其中1名管理人员且能够承担会议茶水保障工作，1名专职会议茶水保障人员；\t\t\t2、负责支队机关大楼及副楼公共区域卫生及支队管理部门临时安排的机关范围内卫生工作；\t\t\t3、工作时间为工作日8时至16时，保证5名保洁人员在位，周末及节假日保证至少1名保洁人员在位，如有保洁人员请假需及时补充人员；\t\t\t4、保洁人员聘用需符合劳动法相关规定，统一服装，并落实安全管理和教育。"", ""服务时间"": ""1年"", ""服务标准"": ""采购文件及合同约定""}]",陈刚、蔡宏宇、朱雄飞,0.5,上海瀛宾物业管理有限公司,,,,
呼伦贝尔边境管理支队内蒙古边检总站呼伦贝尔支队数据研判中心维修改造项目（二次）成交结果公告,成交公告,HLJAT-2026-016-2,2026年09月04日 10:54,呼伦贝尔市,呼伦贝尔边境管理支队,内蒙古呼伦贝尔市鄂温克族自治旗河西新区大雁街外环路,联系人：王警官    联系电话：0470-8133325,黑龙江安拓工程咨询有限公司,黑龙江省哈尔滨市高新技术产业开发区科技创新城创新创业广场19号楼(创新一路699号)B516-106室,付女士 15047240221,付女士,15047240221,响应文件-内蒙古边检总站呼伦贝尔支队数据研判中心维修改造项目（二次）_149.pdf,"[{""attach_name"": ""响应文件-内蒙古边检总站呼伦贝尔支队数据研判中心维修改造项目（二次）_149.pdf"", ""attach_url"": ""https://download.ccgp.gov.cn/oss/download?uuid=541F94D393AB85146EDD29ACBC2BF3""}]",https://www.ccgp.gov.cn/cggg/zygg/cjgg/202609/t20260904_27265800.htm,2026-09-10 09:38:41,一、项目编号：HLJAT-2026-016-2（招标文件编号：HLJAT-2026-016-2） 二、项目名称：内蒙古边检总站呼伦贝尔支队数据研判中心维修改造项目（二次） 三、中标（成交）信息 供应商名称：河南京源建设工程有限公司供应商地址：河南省安阳市北关区中华路与永兴路交叉口西北角建筑业总部四楼A001中标（成交）金额：41.9729090（万元）四、主要标的信息 序号    供应商名称       工程名称       施工范围       施工工期       项目经理       执业证书   1    河南京源建设工程有限公司      内蒙古边检总站呼伦贝尔支队数据研判中心维修改造项目（二次）      对数研中心进行改造，改造面积为360.67平方米。具体工程量详见工程量清单。      合同签订后60日历天      刘东亮      注册编号:豫1112022202309130                 五、评审专家（单一来源采购人员）名单： 魏利强、王晓丽、张跃桥（采购人代表） 六、代理服务收费标准及金额： 本项目代理费收费标准：参考内工建协[2022]34号《内蒙古自治区建设工程招标代理服务收费指导意见》实行市场调节价 本项目代理费总金额：0.850000 万元（人民币） 七、公告期限 自本公告发布之日起1个工作日。 八、其它补充事宜 无 九、凡对本次公告内容提出询问，请按以下方式联系。 1.采购人信息 名 称：呼伦贝尔边境管理支队 地址：内蒙古呼伦贝尔市鄂温克族自治旗河西新区大雁街外环路 联系方式：联系人：王警官 联系电话：0470-8133325 2.采购代理机构信息 名 称：黑龙江安拓工程咨询有限公司 地 址：黑龙江省哈尔滨市高新技术产业开发区科技创新城创新创业广场19号楼(创新一路699号)B516-106室 联系方式：付女士 15047240221 3.项目联系方式 项目联系人：付女士 电 话： 15047240221,工程建设,,中国政府采购网,,,,,,41.9729,"[{""序号"": ""1"", ""供应商名称"": ""河南京源建设工程有限公司"", ""工程名称"": ""内蒙古边检总站呼伦贝尔支队数据研判中心维修改造项目（二次）"", ""施工范围"": ""对数研中心进行改造，改造面积为360.67平方米。具体工程量详见工程量清单。"", ""施工工期"": ""合同签订后60日历天"", ""项目经理"": ""刘东亮"", ""执业证书"": ""注册编号:豫1112022202309130""}]",魏利强、王晓丽、张跃桥（采购人代表）,0.85,河南京源建设工程有限公司,,,,
四川省内江市消防救援支队2026年全省基层指挥能力提升承训物资采购项目成交公告,成交公告,NJXF,2026年09月04日 10:38,市中区,内江市消防救援支队,四川省内江市东兴区富胜路222号,冯老师 0832-2278872,四川久润招投标代理有限公司,内江市经济技术开发区国际家居商贸城电商大楼十四楼,杨女士0832-2288979,杨女士,0832-2288979,四川省内江市消防救援支队2026年全省基层指挥能力提升承训物资采购项目-磋商文件（定稿）.doc,"[{""attach_name"": ""四川省内江市消防救援支队2026年全省基层指挥能力提升承训物资采购项目-磋商文件（定稿）.doc"", ""attach_url"": ""https://download.ccgp.gov.cn/oss/download?uuid=8DF5107B351A476894679B90465372""}]",https://www.ccgp.gov.cn/cggg/zygg/cjgg/202609/t20260904_27265631.htm,2026-09-10 09:38:42,"一、项目编号：NJXF（S）-2026-06（招标文件编号：NJXF（S）-2026-06） 二、项目名称：四川省内江市消防救援支队2026年全省基层指挥能力提升承训物资采购项目 三、中标（成交）信息 供应商名称：内江齐瑞堂药房供应商地址：四川省内江市东兴区玉峰路西段614号中标（成交）金额：4.9839000（万元） 供应商名称：内江市市中区鑫子电脑耗材经营部供应商地址：四川省内江市市中区叠象街46号中标（成交）金额：44.9226000（万元）四、主要标的信息 序号    供应商名称      货物名称      货物品牌      货物型号      货物数量      货物单价(元)   1    内江齐瑞堂药房      药品采购      详见响应文件      详见响应文件      一批      49839.00                 序号    供应商名称      货物名称      货物品牌      货物型号      货物数量      货物单价(元)   2    内江市市中区鑫子电脑耗材经营部      耗材采购      详见响应文件      详见响应文件      一批      449226.00                 五、评审专家（单一来源采购人员）名单： 周伦，薛凯，陈慈航（采购人代表） 六、代理服务收费标准及金额： 本项目代理费收费标准：根据委托代理协议约定，本项目预算金额已包含采购代理服务费,采购代理服务费包一按照4000.00元（大写：肆仟元整）收取，包二按照5608.00元（大写：伍仟陆佰零捌元整）收取，由各包成交供应商支付。 本项目代理费总金额：0.960800 万元（人民币） 七、公告期限 自本公告发布之日起1个工作日。 八、其它补充事宜 无 九、凡对本次公告内容提出询问，请按以下方式联系。 1.采购人信息 名 称：内江市消防救援支队 地址：四川省内江市东兴区富胜路222号 联系方式：冯老师 0832-2278872 2.采购代理机构信息 名 称：四川久润招投标代理有限公司 地 址：内江市经济技术开发区国际家居商贸城电商大楼十四楼 联系方式：杨女士0832-2288979 3.项目联系方式 项目联系人：杨女士 电 话： 0832-2288979",公共安全,,中国政府采购网,,,,,,49.9065,"[{""序号"": ""1"", ""供应商名称"": ""内江齐瑞堂药房"", ""货物名称"": ""药品采购"", ""货物品牌"": ""详见响应文件"", ""货物型号"": ""详见响应文件"", ""货物数量"": ""一批"", ""货物单价(元)"": ""49839.00""}, {""序号"": ""序号"", ""供应商名称"": ""供应商名称"", ""货物名称"": ""货物名称"", ""货物品牌"": ""货物品牌"", ""货物型号"": ""货物型号"", ""货物数量"": ""货物数量"", ""货物单价(元)"": ""货物单价(元)""}, {""序号"": ""2"", ""供应商名称"": ""内江市市中区鑫子电脑耗材经营部"", ""货物名称"": ""耗材采购"", ""货物品牌"": ""详见响应文件"", ""货物型号"": ""详见响应文件"", ""货物数量"": ""一批"", ""货物单价(元)"": ""449226.00""}]",周伦，薛凯，陈慈航（采购人代表）,0.9608,内江齐瑞堂药房、供应商名称、内江市市中区鑫子电脑耗材经营部,,,,
全国海关信息中心2026年采购工装皮鞋采购项目成交公告,成交公告,CMEETC-267FR351EE769,2026年09月04日 10:31,北京市,全国海关信息中心,北京市东城区金宝街63号710室,马老师010-85193943,中国机电工程招标有限公司,北京市海淀区车公庄西路乙19号华通大厦B座南塔14层,李晓茹、李鹏飞、刘伟、张博88018616-8065、15931332841,李晓茹,88018616-8065,,,https://www.ccgp.gov.cn/cggg/zygg/cjgg/202609/t20260904_27265541.htm,2026-09-10 09:38:42,一、项目编号：CMEETC-267FR351EE769（招标文件编号：CMEETC-267FR351EE769） 二、项目名称：全国海关信息中心2026年采购工装皮鞋采购项目 三、中标（成交）信息 供应商名称：全国海关信息中心2026年采购工装皮鞋采购项目供应商地址：贵州省黔西南州普安县茶源街道小微创业园6号厂房中标（成交）金额：7.0080000（万元）四、主要标的信息 序号    供应商名称      货物名称      货物品牌      货物型号      货物数量      货物单价(元)   1    全国海关信息中心2026年采购工装皮鞋采购项目      全国海关信息中心2026年采购工装皮鞋采购项目      满足采购文件要求      满足采购文件要求      满足采购文件要求      满足采购文件要求                 五、评审专家（单一来源采购人员）名单： 曾献平，刘红，乔雅静 六、代理服务收费标准及金额： 本项目代理费收费标准：参照原国家计委关于《招标代理服务收费管理暂行办法》的通知（计价格〔2002〕1980号）的标准收取招标代理服务费 本项目代理费总金额：0.105120 万元（人民币） 七、公告期限 自本公告发布之日起1个工作日。 八、其它补充事宜 贵州普安满吉服饰有限公司提供了“关于符合本国产品标准的声明函”，根据询价文件要求，当采购项目或者采购包中含有多种产品，供应商为该采购项目或者采购包提供的符合本国产品标准的产品成本之和占该供应商提供的全部产品成本之和的比例达到80%以上时，依法对该供应商提供的全部产品给予价格评审优惠，即对该供应商提供的全部产品的总报价给予20%的价格扣除，用扣除后的价格参与评审。 九、凡对本次公告内容提出询问，请按以下方式联系。 1.采购人信息 名 称：全国海关信息中心 地址：北京市东城区金宝街63号710室 联系方式：马老师010-85193943 2.采购代理机构信息 名 称：中国机电工程招标有限公司 地 址：北京市海淀区车公庄西路乙19号华通大厦B座南塔14层 联系方式：李晓茹、李鹏飞、刘伟、张博88018616-8065、15931332841 3.项目联系方式 项目联系人：李晓茹 电 话： 88018616-8065,其他,,中国政府采购网,,,,,,7.008,"[{""序号"": ""1"", ""供应商名称"": ""全国海关信息中心2026年采购工装皮鞋采购项目"", ""货物名称"": ""全国海关信息中心2026年采购工装皮鞋采购项目"", ""货物品牌"": ""满足采购文件要求"", ""货物型号"": ""满足采购文件要求"", ""货物数量"": ""满足采购文件要求"", ""货物单价(元)"": ""满足采购文件要求""}]",曾献平，刘红，乔雅静,0.10512,全国海关信息中心2026年采购工装皮鞋采购项目,,,,
浙江大学紫金港校区动物科学学院加强型生物安全二级实验室改造工程成交公告,成交公告,HSZB-2026-1662,2026年09月04日 10:28,西湖区,浙江大学,杭州市西湖区余杭塘路866号,史老师；0571-88981195,浙江豪圣建设项目管理有限公司,杭州市拱墅区大关路179号远洋国际A座17楼1706室,桑国坚、曹剑斌、陈敏娇；0571-56386096,桑国坚、曹剑斌、陈敏娇,0571-56386096,"浙江大学紫金港校区动物科学学院加强型生物安全二级实验室改造工程采购文件最终稿.doc,5.3. 中小企业声明函（工程）或监狱企业的证明文件或残疾人福.pdf","[{""attach_name"": ""浙江大学紫金港校区动物科学学院加强型生物安全二级实验室改造工程采购文件最终稿.doc"", ""attach_url"": ""https://download.ccgp.gov.cn/oss/download?uuid=0AEB53C0BCD34DB5B2A3CB939F0612""}, {""attach_name"": ""5.3. 中小企业声明函（工程）或监狱企业的证明文件或残疾人福.pdf"", ""attach_url"": ""https://download.ccgp.gov.cn/oss/download?uuid=B70CB83A73B69B9FAD1BD75A982028""}]",https://www.ccgp.gov.cn/cggg/zygg/cjgg/202609/t20260904_27265508.htm,2026-09-10 09:38:43,一、项目编号：HSZB-2026-1662（招标文件编号：HSZB-2026-1662） 二、项目名称：浙江大学紫金港校区动物科学学院加强型生物安全二级实验室改造工程 三、中标（成交）信息 供应商名称：南京诺丹工程技术有限公司供应商地址：南京市秦淮区石门坎104号江苏经贸科教园7A座2楼中标（成交）金额：156.8000000（万元）四、主要标的信息 序号    供应商名称       工程名称       施工范围       施工工期       项目经理       执业证书   1    南京诺丹工程技术有限公司      浙江大学紫金港校区动物科学学院加强型生物安全二级实验室改造工程      具体详见采购文件、图纸和清单      70日历天      冯讯      苏232161723972                 五、评审专家（单一来源采购人员）名单： 郑洪波、白建民、颜焰（采购人代表）备注：评审专家从浙江省政府采购专家库中抽取 六、代理服务收费标准及金额： 本项目代理费收费标准：本项目的采购代理费由成交供应商支付，计费标准如下：成交金额（万元） 工程类100万(含)以内 0.7%100万-500万部分 0.49%注：依据上述费率，采取差额累进方式计取代理费。 本项目代理费总金额：0.978320 万元（人民币） 七、公告期限 自本公告发布之日起1个工作日。 八、其它补充事宜 评审得分：86.37分 九、凡对本次公告内容提出询问，请按以下方式联系。 1.采购人信息 名 称：浙江大学 地址：杭州市西湖区余杭塘路866号 联系方式：史老师；0571-88981195 2.采购代理机构信息 名 称：浙江豪圣建设项目管理有限公司 地 址：杭州市拱墅区大关路179号远洋国际A座17楼1706室 联系方式：桑国坚、曹剑斌、陈敏娇；0571-56386096 3.项目联系方式 项目联系人：桑国坚、曹剑斌、陈敏娇 电 话： 0571-56386096,教育培训,,中国政府采购网,,,,,,156.8,"[{""序号"": ""1"", ""供应商名称"": ""南京诺丹工程技术有限公司"", ""工程名称"": ""浙江大学紫金港校区动物科学学院加强型生物安全二级实验室改造工程"", ""施工范围"": ""具体详见采购文件、图纸和清单"", ""施工工期"": ""70日历天"", ""项目经理"": ""冯讯"", ""执业证书"": ""苏232161723972""}]","郑洪波、白建民、颜焰（采购人代表）
备注：评审专家从浙江省政府采购专家库中抽取",0.97832,南京诺丹工程技术有限公司,,,,
呼和浩特市某单位药品采购项目（二次）成交公告,成交公告,2026-LX-H-03,2026年09月04日 10:26,内蒙古自治区,SPD-A08,呼和浩特市赛罕区,李先生0471-6699231,详见公告正文,详见公告正文,详见公告正文,李先生,0471-6699231,分项报价表.pdf,"[{""attach_name"": ""分项报价表.pdf"", ""attach_url"": ""https://download.ccgp.gov.cn/oss/download?uuid=EDFB4FA708E7A8AC590932913879E8""}]",https://www.ccgp.gov.cn/cggg/zygg/cjgg/202609/t20260904_27265505.htm,2026-09-10 09:38:43,一、项目编号：2026-LX-H-03（招标文件编号：2026-LX-H-03-1） 二、项目名称：呼和浩特市某单位药品采购项目 三、中标（成交）信息 供应商名称：内蒙古千柏药业有限公司供应商地址：内蒙古自治区呼和浩特市赛罕区苏力德街绿苑小区6号楼下门脸房104号中标（成交）金额：0.3875000（万元）四、主要标的信息 序号    供应商名称      货物名称      货物品牌      货物型号      货物数量      货物单价(元)   1    内蒙古千柏药业有限公司      详见附件      详见附件      详见附件      详见附件      详见附件                 五、评审专家（单一来源采购人员）名单： 李先生、闫女士、武女士 六、代理服务收费标准及金额： 本项目代理费收费标准：/ 本项目代理费总金额：0.000000 万元（人民币） 七、公告期限 自本公告发布之日起1个工作日。 八、其它补充事宜 无 九、凡对本次公告内容提出询问，请按以下方式联系。 1.采购人信息 名 称：SPD-A08 地址：呼和浩特市赛罕区 联系方式：李先生0471-6699231 2.项目联系方式 项目联系人：李先生 电 话： 0471-6699231,医疗卫生,,中国政府采购网,,,,,,0.3875,"[{""序号"": ""1"", ""供应商名称"": ""内蒙古千柏药业有限公司"", ""货物名称"": ""详见附件"", ""货物品牌"": ""详见附件"", ""货物型号"": ""详见附件"", ""货物数量"": ""详见附件"", ""货物单价(元)"": ""详见附件""}]",李先生、闫女士、武女士,0.0,内蒙古千柏药业有限公司,,,,
中南大学湘雅医院诊疗环境修缮项目（空调系统及门诊自动扶梯安全修缮）（第二次）成交公告,成交公告,YWGC2026080059,2026年09月04日 10:16,湖南省,中南大学湘雅医院,湖南省长沙市开福区湘雅路87号,吴老师、0731-89752081,辽宁金昌建设工程咨询有限公司,长沙市开福区芙蓉中路88号天健壹平方英里H栋19楼1908-1916房,文秀、杜锦、苏江林、朱玄、黄欢、0731-88608906,文秀,0731-88608906,中南大学湘雅医院诊疗环境修缮项目（空调系统及门诊自动扶梯安全修缮）（第二次）-定稿.doc,"[{""attach_name"": ""中南大学湘雅医院诊疗环境修缮项目（空调系统及门诊自动扶梯安全修缮）（第二次）-定稿.doc"", ""attach_url"": ""https://download.ccgp.gov.cn/oss/download?uuid=E3586C9467E67C8EC60D74D2D1D98B""}]",https://www.ccgp.gov.cn/cggg/zygg/cjgg/202609/t20260904_27265430.htm,2026-09-10 09:38:44,一、项目编号：YWGC2026080059（招标文件编号：YWGC2026080059） 二、项目名称：中南大学湘雅医院诊疗环境修缮项目（空调系统及门诊自动扶梯安全修缮）（第二次） 三、中标（成交）信息 供应商名称：湖南日通电梯有限公司供应商地址：湖南省长沙市芙蓉区荷花园街道东二环一段1012号地轩商厦〈101公馆〉207一210房中标（成交）金额：137.2000000（万元）四、主要标的信息 序号    供应商名称       工程名称       施工范围       施工工期       项目经理       执业证书   1    湖南日通电梯有限公司      中南大学湘雅医院诊疗环境修缮项目（空调系统及门诊自动扶梯安全修缮）（第二次）      详见招标文件      详见招标文件      详见投标文件      详见投标文件                 五、评审专家（单一来源采购人员）名单： 刘诗月、卢洁、喻首贤 六、代理服务收费标准及金额： 本项目代理费收费标准：本项目代理费收费标准：招标代理服务费由中标人按招标代理服务费收费标准(国家计委计价格[2002]1980号)标准下浮20%，在成交通知书发出前向采购代理机构缴纳。 本项目代理费总金额：1.438080 万元（人民币） 七、公告期限 自本公告发布之日起1个工作日。 八、其它补充事宜 项目名称：中南大学湘雅医院诊疗环境修缮项目（空调系统及门诊自动扶梯安全修缮）（第二次） 供应商信息 资格审查结果 符合性审查结果 报价（元） 评审综合得分 推荐排名 是否成交供应商 湖南日通电梯有限公司 合格 合格 1372000.00 94.74 1 是   九、凡对本次公告内容提出询问，请按以下方式联系。 1.采购人信息 名 称：中南大学湘雅医院 地址：湖南省长沙市开福区湘雅路87号 联系方式：吴老师、0731-89752081 2.采购代理机构信息 名 称：辽宁金昌建设工程咨询有限公司 地 址：长沙市开福区芙蓉中路88号天健壹平方英里H栋19楼1908-1916房 联系方式：文秀、杜锦、苏江林、朱玄、黄欢、0731-88608906 3.项目联系方式 项目联系人：文秀 电 话： 0731-88608906,医疗卫生,,中国政府采购网,,,,,,137.2,"[{""序号"": ""1"", ""供应商名称"": ""湖南日通电梯有限公司"", ""工程名称"": ""中南大学湘雅医院诊疗环境修缮项目（空调系统及门诊自动扶梯安全修缮）（第二次）"", ""施工范围"": ""详见招标文件"", ""施工工期"": ""详见招标文件"", ""项目经理"": ""详见投标文件"", ""执业证书"": ""详见投标文件""}, {""供应商信息"": ""湖南日通电梯有限公司"", ""资格审查结果"": ""合格"", ""符合性审查结果"": ""合格"", ""报价（元）"": ""1372000.00"", ""评审综合得分"": ""94.74"", ""推荐排名"": ""1"", ""是否成交供应商"": ""是""}]",刘诗月、卢洁、喻首贤,1.43808,湖南日通电梯有限公司、是,,,,
成都高新技术产业开发区消防救援大队办公用品及耗材配送服务采购项目成交公告,成交公告,SCZD,2026年09月04日 09:43,成都市高新区,成都高新技术产业开发区消防救援大队,成都市高新区天府三街1266号,陈老师；028-85189141,四川中定招标代理有限公司,成都市武侯区武兴二路12号2栋1层1号,梅女士；028-87788942,梅女士,028-87788942,,,https://www.ccgp.gov.cn/cggg/zygg/cjgg/202609/t20260904_27265187.htm,2026-09-10 09:38:45,一、项目编号：SCZD(2026)-109号（招标文件编号：SCZD(2026)-109号） 二、项目名称：成都高新技术产业开发区消防救援大队办公用品及耗材配送服务采购项目 三、中标（成交）信息 供应商名称：成都申威龙科技有限责任公司供应商地址：成都市武侯区新南路118号包组或产品名称：无折扣率(%)：83.0000000四、主要标的信息 序号    供应商名称      服务名称      服务范围      服务要求      服务时间      服务标准   1    成都申威龙科技有限责任公司      成都高新技术产业开发区消防救援大队办公用品及耗材配送服务采购项目      详见竞争性磋商文件      详见竞争性磋商文件      一年，以合同签订时约定的时间节点为准。      详见竞争性磋商文件                 五、评审专家（单一来源采购人员）名单： 罗先群、施大光（组长）、蓝运红（采购人代表） 六、代理服务收费标准及金额： 本项目代理费收费标准：1、收取标准：以成交总金额为基准，参照国家计委《关于印发招标代理服务收费管理暂行办法的通知》（计价格〔2002〕1980号）的收费标准下浮5%收取；不足5000元的按5000元收取。2、收取方式：在成交通知书发出时，向成交人收取。 本项目代理费总金额：0.783700 万元（人民币） 七、公告期限 自本公告发布之日起1个工作日。 八、其它补充事宜 无 九、凡对本次公告内容提出询问，请按以下方式联系。 1.采购人信息 名 称：成都高新技术产业开发区消防救援大队 地址：成都市高新区天府三街1266号 联系方式：陈老师；028-85189141 2.采购代理机构信息 名 称：四川中定招标代理有限公司 地 址：成都市武侯区武兴二路12号2栋1层1号 联系方式：梅女士；028-87788942 3.项目联系方式 项目联系人：梅女士 电 话： 028-87788942,公共安全,,中国政府采购网,,,,,,0.0,"[{""序号"": ""1"", ""供应商名称"": ""成都申威龙科技有限责任公司"", ""服务名称"": ""成都高新技术产业开发区消防救援大队办公用品及耗材配送服务采购项目"", ""服务范围"": ""详见竞争性磋商文件"", ""服务要求"": ""详见竞争性磋商文件"", ""服务时间"": ""一年，以合同签订时约定的时间节点为准。"", ""服务标准"": ""详见竞争性磋商文件""}]",罗先群、施大光（组长）、蓝运红（采购人代表）,0.7837,成都申威龙科技有限责任公司,,,,
南通市通州区消防救援大队大中队营区绿化养护及大队本级室内保洁物业服务项目成交公告,成交公告,NTRBS2026020,2026年09月04日 09:42,通州区,南通市通州区消防救援大队,南通市通州区文盛路199号,徐主任  19555022512,南通锐宝思项目管理有限公司,江苏省南通市崇川区人民东路590号北楼三楼,蔡工13862954798,蔡亮,13862954798,中小企业声明函.pdf,"[{""attach_name"": ""中小企业声明函.pdf"", ""attach_url"": ""https://download.ccgp.gov.cn/oss/download?uuid=D2155D47DE116C9538A3FFCD7FE9AF""}]",https://www.ccgp.gov.cn/cggg/zygg/cjgg/202609/t20260904_27265185.htm,2026-09-10 09:38:45,一、项目编号：NTRBS2026020（招标文件编号：NTRBS2025020） 二、项目名称：南通市通州区消防救援大队大中队营区绿化养护及大队本级室内保洁物业服务项目 三、中标（成交）信息 供应商名称：南通德福物业管理有限公司供应商地址：南通市海门区常乐镇中南村一组中标（成交）金额：22.0000000（万元）四、主要标的信息 序号    供应商名称      服务名称      服务范围      服务要求      服务时间      服务标准   1    南通德福物业管理有限公司      南通市通州区消防救援大队大中队营区绿化养护及大队本级室内保洁物业服务项目      本项目为全年物业服务外包项目，主要包含全区各专职队营区绿化养护、大队本级室 内全域保洁(含厨房)两项服务内容。      详见比选文件      自合同签订之日起一年      详见比选文件                 五、评审专家（单一来源采购人员）名单： 姜新荣、缪俊峰、徐杨 六、代理服务收费标准及金额： 本项目代理费收费标准：代理服务费按下表《招标代理服务收费基准价》标准的80%收取。收费基数为单个委托项目的成交金额。单项委托的代理服务费按折扣率计算后低于3000元的，按3000元收取费用。 本项目代理费总金额：0.300000 万元（人民币） 七、公告期限 自本公告发布之日起1个工作日。 八、其它补充事宜 九、凡对本次公告内容提出询问，请按以下方式联系。 1.采购人信息 名 称：南通市通州区消防救援大队 地址：南通市通州区文盛路199号 联系方式：徐主任 19555022512 2.采购代理机构信息 名 称：南通锐宝思项目管理有限公司 地 址：江苏省南通市崇川区人民东路590号北楼三楼 联系方式：蔡工13862954798 3.项目联系方式 项目联系人：蔡亮 电 话： 13862954798,公共安全,,中国政府采购网,,,,,,22.0,"[{""序号"": ""1"", ""供应商名称"": ""南通德福物业管理有限公司"", ""服务名称"": ""南通市通州区消防救援大队大中队营区绿化养护及大队本级室内保洁物业服务项目"", ""服务范围"": ""本项目为全年物业服务外包项目，主要包含全区各专职队营区绿化养护、大队本级室 内全域保洁(含厨房)两项服务内容。"", ""服务要求"": ""详见比选文件"", ""服务时间"": ""自合同签订之日起一年"", ""服务标准"": ""详见比选文件""}]",姜新荣、缪俊峰、徐杨,0.3,南通德福物业管理有限公司,,,,
江湾校区环保督察雨污分流专项整治工程成交公告,成交公告,GC2026080801,2026年09月04日 09:35,杨浦区,复旦大学,上海市杨浦区邯郸路220号,陈老师、021-65645530,上海祥浦建设工程监理咨询有限责任公司,上海市杨浦区贵阳路398号10楼1002室,陆晨晖、021-65198205,陆晨晖,021-65198205,江湾校区环保督察雨污分流专项整治工程竞争性磋商文件.pdf,"[{""attach_name"": ""江湾校区环保督察雨污分流专项整治工程竞争性磋商文件.pdf"", ""attach_url"": ""https://download.ccgp.gov.cn/oss/download?uuid=914B2D1477F7E4E42811FAB3547CA8""}]",https://www.ccgp.gov.cn/cggg/zygg/cjgg/202609/t20260904_27265132.htm,2026-09-10 09:38:46,一、项目编号：GC2026080801（招标文件编号：GC2026080801） 二、项目名称：江湾校区环保督察雨污分流专项整治工程 三、中标（成交）信息 供应商名称：上海常浦建筑工程有限公司、上海锦兴市政设计咨询有限公司、武汉地质工程勘察院有限公司（联合体）供应商地址：上海市崇明区城桥镇秀山路8号3幢一层B区1029室中标（成交）金额：1167.1101670（万元）四、主要标的信息 序号    供应商名称       工程名称       施工范围       施工工期       项目经理       执业证书   1    上海常浦建筑工程有限公司、上海锦兴市政设计咨询有限公司、武汉地质工程勘察院有限公司（联合体）      江湾校区环保督察雨污分流专项整治工程      本工程在校区范围内现状排水体制为分流制，经过前期摸排调研及QV检测，校区内排水管道存在错接、混接的情况，且部分管道存在破裂、变形、渗漏等结构性缺陷，造成雨天污水泵站排水量增量较大，部分管网污水排水不畅、部分时段进入管网的污水BOD浓度偏低。本工程通过新建、改建相关混错接排水管道，实现江湾校区范围内的雨、污水管道完全分流，同步对存在三级及以上结构性缺陷的排水管道，在不具备开挖翻排的情况下，实施相应的非开挖修复，以恢复其排水管道的正常使用功能。（具体详见竞争性磋商文件中的技术标准和要求）      110日历天，其中勘察10日历天、设计10日历天、施工90日历天      张书丹      一级注册建造师（市政公用工程），沪1312005201100060                 五、评审专家（单一来源采购人员）名单： 朱建锋、张禕、崇凯、李通、辛欣 六、代理服务收费标准及金额： 本项目代理费收费标准：本次采购的采购代理咨询服务费由成交人支付，支付标准以成交金额为准，按《招标代理服务收费管理暂行办法》（计价格〔2002〕1980号、发改办价格〔2003〕857号）所规定的收费标准*62.31%计算。 本项目代理费总金额：3.385000 万元（人民币） 七、公告期限 自本公告发布之日起1个工作日。 八、其它补充事宜 本项目采用综合评分法，经评审上海常浦建筑工程有限公司、上海锦兴市政设计咨询有限公司、武汉地质工程勘察院有限公司（联合体）得分97.6分，排名第一。对本公告有异议的，请依法书面向采购单位或采购代理单位提出。联系人：陆晨晖，地址：上海市杨浦区贵阳路398号10楼1002室，联系电话：021-65198205，电子邮箱：2592168002@qq.com。 九、凡对本次公告内容提出询问，请按以下方式联系。 1.采购人信息 名 称：复旦大学 地址：上海市杨浦区邯郸路220号 联系方式：陈老师、021-65645530 2.采购代理机构信息 名 称：上海祥浦建设工程监理咨询有限责任公司 地 址：上海市杨浦区贵阳路398号10楼1002室 联系方式：陆晨晖、021-65198205 3.项目联系方式 项目联系人：陆晨晖 电 话： 021-65198205,工程建设,,中国政府采购网,,,,,,1167.110167,"[{""序号"": ""1"", ""供应商名称"": ""上海常浦建筑工程有限公司、上海锦兴市政设计咨询有限公司、武汉地质工程勘察院有限公司（联合体）"", ""工程名称"": ""江湾校区环保督察雨污分流专项整治工程"", ""施工范围"": ""本工程在校区范围内现状排水体制为分流制，经过前期摸排调研及QV检测，校区内排水管道存在错接、混接的情况，且部分管道存在破裂、变形、渗漏等结构性缺陷，造成雨天污水泵站排水量增量较大，部分管网污水排水不畅、部分时段进入管网的污水BOD浓度偏低。本工程通过新建、改建相关混错接排水管道，实现江湾校区范围内的雨、污水管道完全分流，同步对存在三级及以上结构性缺陷的排水管道，在不具备开挖翻排的情况下，实施相应的非开挖修复，以恢复其排水管道的正常使用功能。（具体详见竞争性磋商文件中的技术标准和要求）"", ""施工工期"": ""110日历天，其中勘察10日历天、设计10日历天、施工90日历天"", ""项目经理"": ""张书丹"", ""执业证书"": ""一级注册建造师（市政公用工程），沪1312005201100060""}]",朱建锋、张禕、崇凯、李通、辛欣,3.385,上海常浦建筑工程有限公司、上海锦兴市政设计咨询有限公司、武汉地质工程勘察院有限公司（联合体）,,,,
黑龙江省黑河边境经济合作区消防救援大队2026年度伙食采购项目（三次）成交公告,成交公告,GZCG2026-176,2026年09月04日 09:15,黑河市,黑河边境经济合作区消防救援大队,黑河市自贸区学院路1号,朱恩楼18545678114,黑龙江国政项目管理有限公司,哈尔滨市南岗区泰山路99号5楼,陈先生0451-82278507,陈先生,0451-82278507,"竞争性磋商文件.pdf,中小企业声明函.png","[{""attach_name"": ""竞争性磋商文件.pdf"", ""attach_url"": ""https://download.ccgp.gov.cn/oss/download?uuid=AB2A190F873A077D14E704B6AEAB75""}, {""attach_name"": ""中小企业声明函.png"", ""attach_url"": ""https://download.ccgp.gov.cn/oss/download?uuid=A26D63B68CE803B7495F2F452D9BCC""}]",https://www.ccgp.gov.cn/cggg/zygg/cjgg/202609/t20260904_27265023.htm,2026-09-10 09:38:46,一、项目编号：GZCG2026-176（招标文件编号：GZCG2026-176） 二、项目名称：黑龙江省黑河边境经济合作区消防救援大队2026年度伙食采购项目 三、中标（成交）信息 供应商名称：黑河市合作区尚品臻选生活超市（个体工商户）供应商地址：黑龙江省黑河市合作区尚品世纪经典四期住宅楼A3号楼1号门市包组或产品名称：无折扣率(%)：96.0000000四、主要标的信息 序号    供应商名称      服务名称      服务范围      服务要求      服务时间      服务标准   1    黑河市合作区尚品臻选生活超市（个体工商户）      主副食品配送      主副食品配送（详见竞争性磋商文件）      详见竞争性磋商文件      自合同签订之日起一年      详见竞争性磋商文件                 五、评审专家（单一来源采购人员）名单： 徐大江、翟凤云、何奕 六、代理服务收费标准及金额： 本项目代理费收费标准：参照《国家发展改革委关于进一步放开建设项目专业服务价格的通知》（发改价〔2015〕299号）文件规定，本项目代理服务费按预算金额1.5%计取，由成交供应商支付 本项目代理费总金额：1.904400 万元（人民币） 七、公告期限 自本公告发布之日起1个工作日。 八、其它补充事宜 公示期结束，如无异议，将由采购代理机构向中标人发放成交通知书。采购单位原名“黑河边境经济合作区消防救援大队”，现名“中国（黑龙江）自由贸易试验区黑河片区消防救援大队” 九、凡对本次公告内容提出询问，请按以下方式联系。 1.采购人信息 名 称：黑河边境经济合作区消防救援大队 地址：黑河市自贸区学院路1号 联系方式：朱恩楼18545678114 2.采购代理机构信息 名 称：黑龙江国政项目管理有限公司 地 址：哈尔滨市南岗区泰山路99号5楼 联系方式：陈先生0451-82278507 3.项目联系方式 项目联系人：陈先生 电 话： 0451-82278507,公共安全,,中国政府采购网,,,,,,0.0,"[{""序号"": ""1"", ""供应商名称"": ""黑河市合作区尚品臻选生活超市（个体工商户）"", ""服务名称"": ""主副食品配送"", ""服务范围"": ""主副食品配送（详见竞争性磋商文件）"", ""服务要求"": ""详见竞争性磋商文件"", ""服务时间"": ""自合同签订之日起一年"", ""服务标准"": ""详见竞争性磋商文件""}]",徐大江、翟凤云、何奕,1.9044,黑河市合作区尚品臻选生活超市（个体工商户）,,,,
中国农业科学院特产研究所2026年生物质燃料采购项目成交公告,成交公告,JLZW2026-08-18,2026年09月04日 08:44,九台市,中国农业科学院特产研究所,吉林省长春市净月经济开发区聚业大街4899号,齐俊生，18643216081,吉林省中为项目管理咨询有限公司,长春市南关区锦湖大路以南、芳草街以东保利溪湖林语C3(K2)号楼101号,史泽煜，15714316022,史泽煜,15714316022,中国农业科学院特产研究所2026年生物质燃料采购项目--磋商文件8.24.pdf,"[{""attach_name"": ""中国农业科学院特产研究所2026年生物质燃料采购项目--磋商文件8.24.pdf"", ""attach_url"": ""https://download.ccgp.gov.cn/oss/download?uuid=3972B795018A25765ED2591DD9ECED""}]",https://www.ccgp.gov.cn/cggg/zygg/cjgg/202609/t20260904_27264934.htm,2026-09-10 09:38:47,一、项目编号：JLZW2026-08-18（招标文件编号：JLZW2026-08-18） 二、项目名称：中国农业科学院特产研究所2026年生物质燃料采购项目 三、中标（成交）信息 供应商名称：长春市九台区丰和生物质有限公司供应商地址：长春市九台区团结街自来水东二号中标（成交）金额：162.0000000（万元）四、主要标的信息 序号    供应商名称      货物名称      货物品牌      货物型号      货物数量      货物单价(元)   1    长春市九台区丰和生物质有限公司      生物质燃料      无      无      3000      540                 五、评审专家（单一来源采购人员）名单： 鲁肖月、刘正志、李扬 六、代理服务收费标准及金额： 本项目代理费收费标准：根据《国家发展改革委关于进一步放开建设项目专业服务价格的通知》（发改办价格[2015]299号）的规定 本项目代理费总金额：1.000000 万元（人民币） 七、公告期限 自本公告发布之日起1个工作日。 八、其它补充事宜 在《中国政府采购网》、《中国招标投标公共服务平台》、《中国采购与招标网》上发布 九、凡对本次公告内容提出询问，请按以下方式联系。 1.采购人信息 名 称：中国农业科学院特产研究所 地址：吉林省长春市净月经济开发区聚业大街4899号 联系方式：齐俊生，18643216081 2.采购代理机构信息 名 称：吉林省中为项目管理咨询有限公司 地 址：长春市南关区锦湖大路以南、芳草街以东保利溪湖林语C3(K2)号楼101号 联系方式：史泽煜，15714316022 3.项目联系方式 项目联系人：史泽煜 电 话： 15714316022,教育培训,,中国政府采购网,,,,,,162.0,"[{""序号"": ""1"", ""供应商名称"": ""长春市九台区丰和生物质有限公司"", ""货物名称"": ""生物质燃料"", ""货物品牌"": ""无"", ""货物型号"": ""无"", ""货物数量"": ""3000"", ""货物单价(元)"": ""540""}]",鲁肖月、刘正志、李扬,1.0,长春市九台区丰和生物质有限公司,,,,
中国信息通信研究院通感智融合的无线通信网络测试计量平台购置项目-智能网络性能测试仪升级-网络安全漏洞扫描系统等成交公告,成交公告,BMCC-ZC26-1217,2026年09月04日 08:43,北京市,中国信息通信研究院,北京市海淀区花园北路52号,丁雪 010-62304366,北京明德致信咨询有限公司,北京市海淀区学院路30号科大天工大厦B座1709室,"刘亚运,孙恺宁,吕家乐 010－82370045、FC@zbbmcc.com（保证金、发票等咨询）",刘亚运,,"成交公告-ZC26-1217通感智融合的无线通信网络测试计量平台购置项目-智能网络性能测试仪升级-网络安全漏洞扫描系统等.docx,中小企业声明函.pdf,本国产品声明函.pdf,（发售稿）ZC26-1217通感智融合的无线通信网络测试计量平台购置项目-智能网络性能测试仪升级-网络安全漏洞扫描系统等竞争性磋商文件.pdf","[{""attach_name"": ""成交公告-ZC26-1217通感智融合的无线通信网络测试计量平台购置项目-智能网络性能测试仪升级-网络安全漏洞扫描系统等.docx"", ""attach_url"": ""https://download.ccgp.gov.cn/oss/download?uuid=FA2F0D079FC73B384B8B0C955F1120""}, {""attach_name"": ""中小企业声明函.pdf"", ""attach_url"": ""https://download.ccgp.gov.cn/oss/download?uuid=AC467559B57691F28418508CC7051D""}, {""attach_name"": ""本国产品声明函.pdf"", ""attach_url"": ""https://download.ccgp.gov.cn/oss/download?uuid=74AEA5E8EB5C8D1E8998F0F288F59D""}, {""attach_name"": ""（发售稿）ZC26-1217通感智融合的无线通信网络测试计量平台购置项目-智能网络性能测试仪升级-网络安全漏洞扫描系统等竞争性磋商文件.pdf"", ""attach_url"": ""https://download.ccgp.gov.cn/oss/download?uuid=132A097027C61BDAACF5A4EFFF99D7""}]",https://www.ccgp.gov.cn/cggg/zygg/cjgg/202609/t20260904_27264929.htm,2026-09-10 09:38:48,"一、项目编号：BMCC-ZC26-1217（招标文件编号：BMCC-ZC26-1217） 二、项目名称：通感智融合的无线通信网络测试计量平台购置项目-智能网络性能测试仪升级-网络安全漏洞扫描系统等 三、中标（成交）信息 供应商名称：浩达恒业（北京）科技有限公司供应商地址：北京市海淀区清河安宁庄东路18号7号楼304号中标（成交）金额：30.6100000（万元）四、主要标的信息 序号    供应商名称      货物名称      货物品牌      货物型号      货物数量      货物单价(元)   1    浩达恒业（北京）科技有限公司      智能网络性能测试仪升级-网络安全漏洞扫描系统 智能网络韧性评估验证装置升级-WEB应用漏洞扫描系统      浩达恒业 浩达恒业      V6.0 V6.0      1 1      148000.00 158100.00                 五、评审专家（单一来源采购人员）名单： 黄艳军、宁璐、许博文（采购人代表）。 六、代理服务收费标准及金额： 本项目代理费收费标准：详见采购文件。 本项目代理费总金额：0.367320 万元（人民币） 七、公告期限 自本公告发布之日起1个工作日。 八、其它补充事宜 成交人评审总得分（总平均分）：95.00分。具体内容详见附件下载 九、凡对本次公告内容提出询问，请按以下方式联系。 1.采购人信息 名 称：中国信息通信研究院 地址：北京市海淀区花园北路52号 联系方式：丁雪 010-62304366 2.采购代理机构信息 名 称：北京明德致信咨询有限公司 地 址：北京市海淀区学院路30号科大天工大厦B座1709室 联系方式：刘亚运,孙恺宁,吕家乐 010－82370045、FC@zbbmcc.com（保证金、发票等咨询） 3.项目联系方式 项目联系人：刘亚运,孙恺宁,吕家乐 电 话： 010－61192267、lyy@zbbmcc.com（仅用于采购文件咨询）",信息技术,,中国政府采购网,,,,,,30.61,"[{""序号"": ""1"", ""供应商名称"": ""浩达恒业（北京）科技有限公司"", ""货物名称"": ""智能网络性能测试仪升级-网络安全漏洞扫描系统\t\t\t智能网络韧性评估验证装置升级-WEB应用漏洞扫描系统"", ""货物品牌"": ""浩达恒业\t\t\t浩达恒业"", ""货物型号"": ""V6.0\t\t\tV6.0"", ""货物数量"": ""1\t\t\t1"", ""货物单价(元)"": ""148000.00\t\t\t158100.00""}]",黄艳军、宁璐、许博文（采购人代表）。,0.36732,浩达恒业（北京）科技有限公司,,,,
中国信息通信研究院通感智融合的无线通信网络测试计量平台-5G-A天线空口电性能测试装置升级-5G-A空口低噪声放大器组等成交公告,成交公告,BMCC-ZC26-1219,2026年09月04日 08:43,北京市,中国信息通信研究院,北京市海淀区花园北路52号,丁雪 010-62304366,北京明德致信咨询有限公司,北京市海淀区学院路30号科大天工大厦B座1709室,"刘亚运,孙恺宁,吕家乐 010－82370045、FC@zbbmcc.com（保证金、发票等咨询）",刘亚运,,"（发售稿）ZC26-1219通感智融合的无线通信网络测试计量平台-5G-A天线空口电性能测试装置升级-5G-A空口低噪声放大器组等竞争性磋商文件.pdf,中小企业声明函.pdf,本国产品声明函.pdf,成交公告-ZC26-1219通感智融合的无线通信网络测试计量平台-5G-A天线空口电性能测试装置升级-5G-A空口低噪声放大器组等.docx","[{""attach_name"": ""（发售稿）ZC26-1219通感智融合的无线通信网络测试计量平台-5G-A天线空口电性能测试装置升级-5G-A空口低噪声放大器组等竞争性磋商文件.pdf"", ""attach_url"": ""https://download.ccgp.gov.cn/oss/download?uuid=DDB384528959588BD9F603A1A15E42""}, {""attach_name"": ""中小企业声明函.pdf"", ""attach_url"": ""https://download.ccgp.gov.cn/oss/download?uuid=6BFE6925581B205611DD9FB2225ABC""}, {""attach_name"": ""本国产品声明函.pdf"", ""attach_url"": ""https://download.ccgp.gov.cn/oss/download?uuid=7C059FD8E961AFDADAD80E252AA931""}, {""attach_name"": ""成交公告-ZC26-1219通感智融合的无线通信网络测试计量平台-5G-A天线空口电性能测试装置升级-5G-A空口低噪声放大器组等.docx"", ""attach_url"": ""https://download.ccgp.gov.cn/oss/download?uuid=C6124A9C4B9A9CF59E8D5B8A766197""}]",https://www.ccgp.gov.cn/cggg/zygg/cjgg/202609/t20260904_27264927.htm,2026-09-10 09:38:49,"一、项目编号：BMCC-ZC26-1219（招标文件编号：BMCC-ZC26-1219） 二、项目名称：通感智融合的无线通信网络测试计量平台-5G-A天线空口电性能测试装置升级-5G-A空口低噪声放大器组等 三、中标（成交）信息 供应商名称：北京锐克天成科技有限公司供应商地址：北京市昌平区北七家镇名佳花园12号楼2单元252中标（成交）金额：32.6000000（万元）四、主要标的信息 序号    供应商名称      货物名称      货物品牌      货物型号      货物数量      货物单价(元)   1    北京锐克天成科技有限公司      5G-A天线空口电性能测试装置升级-5G-A空口低噪声放大器组 5G-A基站电磁辐射测试仪表升级-5G-A空口高集成高功率超宽带发射装置      泰莱微波 恒睿天元      TLLAG40G-40-50 TLLA9K3G-44-25 TLLA50K67G-50-50 TL-28SHAK20 TL-42SHAK20 TL-19SHA20 TL-19WCA1.85E HR1180A      1 1      147000.00 179000.00                 五、评审专家（单一来源采购人员）名单： 黄艳军、宁璐、商凯（采购人代表）。 六、代理服务收费标准及金额： 本项目代理费收费标准：详见采购文件。 本项目代理费总金额：0.391200 万元（人民币） 七、公告期限 自本公告发布之日起1个工作日。 八、其它补充事宜 成交人评审总得分（总平均分）：92.00分。具体内容详见附件下载 九、凡对本次公告内容提出询问，请按以下方式联系。 1.采购人信息 名 称：中国信息通信研究院 地址：北京市海淀区花园北路52号 联系方式：丁雪 010-62304366 2.采购代理机构信息 名 称：北京明德致信咨询有限公司 地 址：北京市海淀区学院路30号科大天工大厦B座1709室 联系方式：刘亚运,孙恺宁,吕家乐 010－82370045、FC@zbbmcc.com（保证金、发票等咨询） 3.项目联系方式 项目联系人：刘亚运,孙恺宁,吕家乐 电 话： 010－61192267、lyy@zbbmcc.com（仅用于采购文件咨询）",科研检测,,中国政府采购网,,,,,,32.6,"[{""序号"": ""1"", ""供应商名称"": ""北京锐克天成科技有限公司"", ""货物名称"": ""5G-A天线空口电性能测试装置升级-5G-A空口低噪声放大器组\t\t\t5G-A基站电磁辐射测试仪表升级-5G-A空口高集成高功率超宽带发射装置"", ""货物品牌"": ""泰莱微波\t\t\t恒睿天元"", ""货物型号"": ""TLLAG40G-40-50\t\t\tTLLA9K3G-44-25\t\t\tTLLA50K67G-50-50\t\t\tTL-28SHAK20\t\t\tTL-42SHAK20\t\t\tTL-19SHA20\t\t\tTL-19WCA1.85E\t\t\tHR1180A"", ""货物数量"": ""1\t\t\t1"", ""货物单价(元)"": ""147000.00\t\t\t179000.00""}]",黄艳军、宁璐、商凯（采购人代表）。,0.3912,北京锐克天成科技有限公司,,,,
中华人民共和国新疆出入境边防检查总站南疆轮训大队公寓住房及餐厅操作间维修改造项目成交结果公告,成交公告,XJLC-2026-064,2026年09月03日 20:33,喀什市,中华人民共和国新疆出入境边防检查总站,喀什市西域大道161号,杨警官  0998-2840216,新疆联诚项目咨询管理有限公司,喀什市创新大道273号金泰综合商务区写字楼5楼03号,邢佳乐  0998-2205569,邢佳乐,0998-2205569,"中小企业声明函(1).pdf,中华人民共和国新疆出入境边防检查总站南疆轮训大队公寓住房及餐厅操作间维修改造项目-更正磋商文件.pdf","[{""attach_name"": ""中小企业声明函(1).pdf"", ""attach_url"": ""https://download.ccgp.gov.cn/oss/download?uuid=0DB7DAA0F6B4A062E277F5D228B8A1""}, {""attach_name"": ""中华人民共和国新疆出入境边防检查总站南疆轮训大队公寓住房及餐厅操作间维修改造项目-更正磋商文件.pdf"", ""attach_url"": ""https://download.ccgp.gov.cn/oss/download?uuid=BC4D846E4D7959674FFF96F906E8D8""}]",https://www.ccgp.gov.cn/cggg/zygg/cjgg/202609/t20260903_27263522.htm,2026-09-10 09:38:49,一、项目编号：XJLC-2026-064（招标文件编号：XJLC-2026-064 ） 二、项目名称：中华人民共和国新疆出入境边防检查总站南疆轮训大队公寓住房及餐厅操作间维修改造项目 三、中标（成交）信息 供应商名称：新疆恒业建筑工程有限公司供应商地址：新疆乌鲁木齐市水磨沟区会展大道1119号乌鲁木齐晚报报业大厦1栋A座2303室（中 国(新疆)自由贸易试验区）中标（成交）金额：229.9500000（万元）四、主要标的信息 序号    供应商名称       工程名称       施工范围       施工工期       项目经理       执业证书   1    新疆恒业建筑工程有限公司      公寓住房及餐厅操作间维修改造      公寓住房及餐厅操作间室内设施拆除、水电暖管线拆除，全部重新铺设；      合同签订后90日完成（具体以签订合同为准）      陈丹      新2652324103297                 五、评审专家（单一来源采购人员）名单： 贺雨露，杨立芳，赵晓珍，王娟，杨坤（第1标项采购人代表） 六、代理服务收费标准及金额： 本项目代理费收费标准：本项目采购代理服务费由成交单位支付，采购代理服务费以成交金额作为收费的计算基数，收取标准为成交金额0-100 万元，收取1.0%，100-500万元，收取0.7%服务费在领取成交通知书时一同缴纳 本项目代理费总金额：1.909650 万元（人民币） 七、公告期限 自本公告发布之日起1个工作日。 八、其它补充事宜 序号 成交单位 成交金额 总得分 1 新疆恒业建筑工程有限公司 229.95万元 93.21 九、凡对本次公告内容提出询问，请按以下方式联系。 1.采购人信息 名 称：中华人民共和国新疆出入境边防检查总站 地址：喀什市西域大道161号 联系方式：杨警官 0998-2840216 2.采购代理机构信息 名 称：新疆联诚项目咨询管理有限公司 地 址：喀什市创新大道273号金泰综合商务区写字楼5楼03号 联系方式：邢佳乐 0998-2205569 3.项目联系方式 项目联系人：邢佳乐 电 话： 0998-2205569,工程建设,,中国政府采购网,,,,,,229.95,"[{""序号"": ""1"", ""供应商名称"": ""新疆恒业建筑工程有限公司"", ""工程名称"": ""公寓住房及餐厅操作间维修改造"", ""施工范围"": ""公寓住房及餐厅操作间室内设施拆除、水电暖管线拆除，全部重新铺设；"", ""施工工期"": ""合同签订后90日完成（具体以签订合同为准）"", ""项目经理"": ""陈丹"", ""执业证书"": ""新2652324103297""}]",贺雨露，杨立芳，赵晓珍，王娟，杨坤（第1标项采购人代表）,1.90965,新疆恒业建筑工程有限公司,,,,
立思辰GA9540cdn打印机配套装订模块采购项目成交公告,成交公告,2026-lx012,2026年09月03日 20:01,南京市,SPD-19,南京市鼓楼区某地址,陈老师 15996382644,江苏省某单位,南京市鼓楼区某地址,陈老师 15996382644,陈老师,15996382644,立思辰GA9540cdn打印机配套装订模块采购项目单一来源文件发售稿.pdf,"[{""attach_name"": ""立思辰GA9540cdn打印机配套装订模块采购项目单一来源文件发售稿.pdf"", ""attach_url"": ""https://download.ccgp.gov.cn/oss/download?uuid=0713CEB22253B89463E301972C7A63""}]",https://www.ccgp.gov.cn/cggg/zygg/cjgg/202609/t20260903_27263347.htm,2026-09-10 09:38:50,一、项目编号：2026-lx012（招标文件编号：2026-lx012） 二、项目名称：立思辰GA9540cdn打印机配套装订模块采购项目 三、中标（成交）信息 供应商名称：北京立思辰计算机技术有限公司供应商地址：北京市门头沟区石龙经济开发区永安路20号3号楼A-5920室中标（成交）金额：7.1500000（万元）四、主要标的信息 序号    供应商名称      货物名称      货物品牌      货物型号      货物数量      货物单价(元)   1    北京立思辰计算机技术有限公司      立思辰GA9540cdn打印机配套装订模块采购项目      立思辰      1000页拓展纸盒LPF-710/LPF-711;4000页装订器LDF-711;小册子装订器LBF-730；连接器LAK-711;工作台（底座）LPB-500      1套      71500                 五、评审专家（单一来源采购人员）名单： 苏晓云、王金珏、谭雪琴 六、代理服务收费标准及金额： 本项目代理费收费标准：无 本项目代理费总金额：0.000000 万元（人民币） 七、公告期限 自本公告发布之日起1个工作日。 八、其它补充事宜 无 九、凡对本次公告内容提出询问，请按以下方式联系。 1.采购人信息 名 称：SPD-19 地址：南京市鼓楼区某地址 联系方式：陈老师 15996382644 2.采购代理机构信息 名 称：江苏省某单位 地 址：南京市鼓楼区某地址 联系方式：陈老师 15996382644 3.项目联系方式 项目联系人：陈老师 电 话： 15996382644,信息技术,,中国政府采购网,,,,,,7.15,"[{""序号"": ""1"", ""供应商名称"": ""北京立思辰计算机技术有限公司"", ""货物名称"": ""立思辰GA9540cdn打印机配套装订模块采购项目"", ""货物品牌"": ""立思辰"", ""货物型号"": ""1000页拓展纸盒LPF-710/LPF-711;4000页装订器LDF-711;小册子装订器LBF-730；连接器LAK-711;工作台（底座）LPB-500"", ""货物数量"": ""1套"", ""货物单价(元)"": ""71500""}]",苏晓云、王金珏、谭雪琴,0.0,北京立思辰计算机技术有限公司,,,,
环科院人才周转房装修项目成交公告,成交公告,CFTC-BJ01-2608030,2026年09月03日 18:25,北京市,中国环境科学研究院,北京市朝阳区安外北苑大羊坊8号,张老师   010-84913992,国金招标有限公司,北京市朝阳区东三环南路甲52号顺迈金钻国际商务中心9层9C,孙涛、王涵、杨振豪    010-52188100、13552541378,孙涛、王涵、杨振豪,010-52188100、13552541378,"中小企业声明函.pdf,1.3-竞争性磋商文件--环科院人才周转房装修项目-定稿.pdf","[{""attach_name"": ""中小企业声明函.pdf"", ""attach_url"": ""https://download.ccgp.gov.cn/oss/download?uuid=15C86FA9B7CDB5F65F5CCF7BABF196""}, {""attach_name"": ""1.3-竞争性磋商文件--环科院人才周转房装修项目-定稿.pdf"", ""attach_url"": ""https://download.ccgp.gov.cn/oss/download?uuid=B0C32DF2350932BEDAE317A57AB9BD""}]",https://www.ccgp.gov.cn/cggg/zygg/cjgg/202609/t20260903_27262726.htm,2026-09-10 09:38:51,一、项目编号：CFTC-BJ01-2608030（招标文件编号：CFTC-BJ01-2608030） 二、项目名称：环科院人才周转房装修项目 三、中标（成交）信息 供应商名称：华夏天地建设集团有限公司供应商地址：北京市通州区张家湾镇光华路南66号-1一层中标（成交）金额：52.8535220（万元）四、主要标的信息 序号    供应商名称       工程名称       施工范围       施工工期       项目经理       执业证书   1    华夏天地建设集团有限公司      环科院人才周转房装修项目      本项目为环科院人才周转房装修项目，包括1-4-302户型、8-4-1201户型、1-4-101户型的装饰工程、安装拆除工程、电气工程、给排水工程、采暖工程、燃气改造等主要内容以及工程量清单及图纸所示范围内的全部工作内容      30日历天      张庆峰      京1112021202300636                 五、评审专家（单一来源采购人员）名单： 张锐、郭文成、张振华 六、代理服务收费标准及金额： 本项目代理费收费标准：详见竞争性磋商文件 本项目代理费总金额：0.528500 万元（人民币） 七、公告期限 自本公告发布之日起1个工作日。 八、其它补充事宜 成交供应商评审总得分：84.68分 九、凡对本次公告内容提出询问，请按以下方式联系。 1.采购人信息 名 称：中国环境科学研究院 地址：北京市朝阳区安外北苑大羊坊8号 联系方式：张老师 010-84913992 2.采购代理机构信息 名 称：国金招标有限公司 地 址：北京市朝阳区东三环南路甲52号顺迈金钻国际商务中心9层9C 联系方式：孙涛、王涵、杨振豪 010-52188100、13552541378 3.项目联系方式 项目联系人：孙涛、王涵、杨振豪 电 话： 010-52188100、13552541378,工程建设,,中国政府采购网,,,,,,52.853522,"[{""序号"": ""1"", ""供应商名称"": ""华夏天地建设集团有限公司"", ""工程名称"": ""环科院人才周转房装修项目"", ""施工范围"": ""本项目为环科院人才周转房装修项目，包括1-4-302户型、8-4-1201户型、1-4-101户型的装饰工程、安装拆除工程、电气工程、给排水工程、采暖工程、燃气改造等主要内容以及工程量清单及图纸所示范围内的全部工作内容"", ""施工工期"": ""30日历天"", ""项目经理"": ""张庆峰"", ""执业证书"": ""京1112021202300636""}]",张锐、郭文成、张振华,0.5285,华夏天地建设集团有限公司,,,,
宁波市消防救援支队奉化区消防救援大队溪口站空调采购项目（重招）成交公告,成交公告,ZRZB-26201,2026年09月03日 18:14,奉化市,宁波市消防救援支队,宁波市海曙区环城西路北段222号,熊老师，0574-55666019,浙江中瑞工程管理有限公司,宁波市鄞州区利时金融大厦A座1003,杨运运，毛维蓓，梅洛，丁哲杰，0574-88107620,熊老师,0574-55666019,,,https://www.ccgp.gov.cn/cggg/zygg/cjgg/202609/t20260903_27262606.htm,2026-09-10 09:38:51,一、项目编号：ZRZB-26201（招标文件编号：ZRZB-26201） 二、项目名称：奉化区消防救援大队溪口站空调采购项目 三、中标（成交）信息 供应商名称：宁波广达空调设备有限公司供应商地址：浙江省宁波市鄞州区兴宁路66号1幢(8-1)中标（成交）金额：43.7900000（万元）四、主要标的信息 序号    供应商名称      货物名称      货物品牌      货物型号      货物数量      货物单价(元)   1    宁波广达空调设备有限公司      空调      奥克斯      详见投标文件      1批      437900                 五、评审专家（单一来源采购人员）名单： 郁大鹏、商嘉瑜、富树力（采购人代表） 六、代理服务收费标准及金额： 本项目代理费收费标准：本项目代理公司参照原国家发展改革委发改办价格〔2003〕857号通知和原国家计委计价格〔2002〕1980号文件规定的货物招标费率下浮20%。招标代理服务费不足5000元的按5000元收取，按照成交通知书确定的成交总金额，向成交人收取成交服务费。 本项目代理费总金额：0.525500 万元（人民币） 七、公告期限 自本公告发布之日起1个工作日。 八、其它补充事宜 无。 九、凡对本次公告内容提出询问，请按以下方式联系。 1.采购人信息 名 称：宁波市消防救援支队 地址：宁波市海曙区环城西路北段222号 联系方式：熊老师，0574-55666019 2.采购代理机构信息 名 称：浙江中瑞工程管理有限公司 地 址：宁波市鄞州区利时金融大厦A座1003 联系方式：杨运运，毛维蓓，梅洛，丁哲杰，0574-88107620 3.项目联系方式 项目联系人：熊老师 电 话： 0574-55666019,公共安全,,中国政府采购网,,,,,,43.79,"[{""序号"": ""1"", ""供应商名称"": ""宁波广达空调设备有限公司"", ""货物名称"": ""空调"", ""货物品牌"": ""奥克斯"", ""货物型号"": ""详见投标文件"", ""货物数量"": ""1批"", ""货物单价(元)"": ""437900""}]",郁大鹏、商嘉瑜、富树力（采购人代表）,0.5255,宁波广达空调设备有限公司,,,,
国家金融监督管理总局大连监管局计算机网络设备(询价）采购项目成交公告,成交公告,DZXJ260707910141220,2026年09月03日 18:10,辽宁省,国家金融监督管理总局大连监管局,大连市西岗区黄河街130号,0411-39617052,中央国家机关政府采购中心,北京市西城区西直门内大街西章胡同9号院,详见http://www.zycg.gov.cn/home/contactus,崔晨,0411-39617655,"DZXJ260707910141220国家金融监督管理总局大连监管局计算机网络设备(询价）采购项目电子询价通知书.pdf,本国产品-国家金融.pdf","[{""attach_name"": ""DZXJ260707910141220国家金融监督管理总局大连监管局计算机网络设备(询价）采购项目电子询价通知书.pdf"", ""attach_url"": ""https://download.ccgp.gov.cn/oss/download?uuid=2747af74-dc6f-416c-885c-0f42e3""}, {""attach_name"": ""本国产品-国家金融.pdf"", ""attach_url"": ""https://download.ccgp.gov.cn/oss/download?uuid=e23c2bed-3345-4ffd-8fc5-7b796f""}]",https://www.ccgp.gov.cn/cggg/zygg/cjgg/202609/t20260903_27262641.htm,2026-09-10 09:38:52,".f-fwb { font-weight: bold; } h3 { margin: 10px 0; font-size: 1.1em; } p { line-height: 1.5; margin: 8px 0; } table { width: 100%; border: 1px solid #ddd; border-collapse: collapse; } th, td { text-align: left; padding: 8px; border-bottom: 1px solid #ddd; } thead { background: #f2f2f2; } .text-center { text-align: center; } .contact-info { line-height: 1.5; margin-bottom: 5px; } a { color: #207ad6; text-decoration: none; } a:hover { text-decoration: underline; } .signature { text-align: right; margin-top: 20px; } .signature p { margin-bottom: 5px; } 一、项目基本情况 1．项目编号：DZXJ260707910141220 2．项目名称：国家金融监督管理总局大连监管局计算机网络设备(询价）采购项目 3．采购组织单位：国家金融监督管理总局大连监管局 4．采购方式：询价 5．预算金额：244400.00元 二、成交信息 初审情况： 以下响应人未通过初审： 序号 响应人名称 被拒绝原因 询价通知书相应拒绝条款 1 大连新海扬帆系统集成有限公司 符合性审查未通过：未按要求提供“电子询价报价响应函”。 响应人须知前附表第8条第1项 2 大连金荣科技有限公司 符合性审查未通过：未按要求提供“电子询价报价响应函”。 响应人须知前附表第8条第1项 3 大连佳兰科技有限公司 符合性审查未通过：未按要求提供“电子询价报价响应函”。 响应人须知前附表第8条第1项 成交供应商情况： 供应商名称：四川仟意华云科技有限公司 供应商地址： 武侯区武科东四路联邦财富中心1栋一单元11楼 成交金额：人民币136580.00元 是否中小企业生产： 否 是否享受价格扣除： 否 其他补充说明： 无 三、主要成交标的信息 序号 产品 品牌 规格型号 数量 单价（元） 1 核心交换机 迈普 NSS6600-04 2 62290.00 2 接入路由器 迈普 NSR3900X-X4 1 12000.00 四、评审专家名单 杨斌（组长)、 刘峰、 夏若南、 梁民、 邱学志 五、代理服务收费标准及金额： 免费 六、公告期限 自本公告发布之日起1个工作日。 七、其他补充事宜 1. 采购人和成交供应商可点击本公告附件的链接，登录中央政府采购网，自行下载成交通知书。 2. 凡对本次询价提出询问，请按以下方式联系 联系人：崔晨 联系电话：0411-39617655 联系地址：大连市西岗区黄河街130号 邮箱：cuichen@nfra.gov.cn 八、项目联系方式 1．采购人信息 名称：国家金融监督管理总局大连监管局 地址：大连市西岗区黄河街130号 联系方式：0411-39617052 2．采购执行机构信息 名称：中央国家机关政府采购中心 地址：北京市西城区西直门内大街西章胡同9号院 邮政编码：100035 联系方式：详见http://www.zycg.gov.cn/home/contactus 九、附件 国家金融监督管理总局大连监管局计算机网络设备(询价）采购项目询价通知书.pdf 本国产品声明函 成交通知书下载链接 中央国家机关政府采购中心 2026年09月03日",信息技术,,中国政府采购网,,,,,,13.658,,"杨斌,刘峰,夏若南,梁民,邱学志",,四川仟意华云科技有限公司 供应商地址： 武侯区武科东四路联邦财富中心1栋一单元11楼 成交金额：人民币136580.00,,,,
中国民用航空中南地区空中交通管理局计算机网络设备(询价）采购项目成交公告,成交公告,DZXJ260605710192920,2026年09月03日 18:10,广东省,中国民用航空中南地区空中交通管理局,广州市白云区机场路南云东街3号,020-86121066,中央国家机关政府采购中心,北京市西城区西直门内大街西章胡同9号院,详见http://www.zycg.gov.cn/home/contactus,胡女士,020-86130209,"DZXJ260605710192920中国民用航空中南地区空中交通管理局计算机网络设备(询价）采购项目电子询价通知书.pdf,中国民用航空中南地区空中交通管理局报价响应文件.pdf","[{""attach_name"": ""DZXJ260605710192920中国民用航空中南地区空中交通管理局计算机网络设备(询价）采购项目电子询价通知书.pdf"", ""attach_url"": ""https://download.ccgp.gov.cn/oss/download?uuid=7d3ccf62-d4ba-4582-99c3-64a19a""}, {""attach_name"": ""中国民用航空中南地区空中交通管理局报价响应文件.pdf"", ""attach_url"": ""https://download.ccgp.gov.cn/oss/download?uuid=95abf31f-6d80-4d8c-8b2e-b75165""}]",https://www.ccgp.gov.cn/cggg/zygg/cjgg/202609/t20260903_27262640.htm,2026-09-10 09:38:52,".f-fwb { font-weight: bold; } h3 { margin: 10px 0; font-size: 1.1em; } p { line-height: 1.5; margin: 8px 0; } table { width: 100%; border: 1px solid #ddd; border-collapse: collapse; } th, td { text-align: left; padding: 8px; border-bottom: 1px solid #ddd; } thead { background: #f2f2f2; } .text-center { text-align: center; } .contact-info { line-height: 1.5; margin-bottom: 5px; } a { color: #207ad6; text-decoration: none; } a:hover { text-decoration: underline; } .signature { text-align: right; margin-top: 20px; } .signature p { margin-bottom: 5px; } 一、项目基本情况 1．项目编号：DZXJ260605710192920 2．项目名称：中国民用航空中南地区空中交通管理局计算机网络设备(询价）采购项目 3．采购组织单位：中国民用航空中南地区空中交通管理局 4．采购方式：询价 5．预算金额：1320000.00元 二、成交信息 初审情况： 全部投标人通过了初审 成交供应商情况： 供应商名称：四川省数创智网科技有限公司 供应商地址： 四川省成都市金牛区二环路西三段184号14层09号 成交金额：人民币726000.00元 是否中小企业生产： 否 是否享受价格扣除： 否 其他补充说明： 无 三、主要成交标的信息 序号 产品 品牌 规格型号 数量 单价（元） 1 核心防火墙 安博通 SG-8000 S8458 4 67500.00 2 接入防火墙 安博通 SG-8000 S8426 24 19000.00 四、评审专家名单 张树义（组长)、 梁进昌、 林红、 孙晋元、 韩春艳 五、代理服务收费标准及金额： 免费 六、公告期限 自本公告发布之日起1个工作日。 七、其他补充事宜 1. 采购人和成交供应商可点击本公告附件的链接，登录中央政府采购网，自行下载成交通知书。 2. 凡对本次询价提出询问，请按以下方式联系 联系人：胡女士 联系电话：020-86130209 联系地址：广州市白云区机场路南云东街3号 邮箱：humingz@126.com 八、项目联系方式 1．采购人信息 名称：中国民用航空中南地区空中交通管理局 地址：广州市白云区机场路南云东街3号 联系方式：020-86121066 2．采购执行机构信息 名称：中央国家机关政府采购中心 地址：北京市西城区西直门内大街西章胡同9号院 邮政编码：100035 联系方式：详见http://www.zycg.gov.cn/home/contactus 九、附件 中国民用航空中南地区空中交通管理局计算机网络设备(询价）采购项目询价通知书.pdf 本国产品声明函 成交通知书下载链接 中央国家机关政府采购中心 2026年09月03日",信息技术,,中国政府采购网,,,,,,72.6,,"张树义,梁进昌,林红,孙晋元,韩春艳",,四川省数创智网科技有限公司 供应商地址： 四川省成都市金牛区二环路西三段184号14层09号 成交金额：人民币72600,,,,
黑河边境管理支队计算机网络设备(询价）采购项目成交公告,成交公告,DZXJ260731310129320,2026年09月03日 18:10,黑龙江省,黑河边境管理支队,黑河市爱辉区学院路2号,0456-2833555,中央国家机关政府采购中心,北京市西城区西直门内大街西章胡同9号院,详见http://www.zycg.gov.cn/home/contactus,贾程,0456-2833555,"DZXJ260731310129320黑河边境管理支队计算机网络设备(询价）采购项目电子询价通知书.pdf,中小企业声明函-黑河边境管理支队129320.pdf,声明函-黑河边境管理支队129320.pdf","[{""attach_name"": ""DZXJ260731310129320黑河边境管理支队计算机网络设备(询价）采购项目电子询价通知书.pdf"", ""attach_url"": ""https://download.ccgp.gov.cn/oss/download?uuid=cc88feac-04cb-42fa-8e45-6af90a""}, {""attach_name"": ""中小企业声明函-黑河边境管理支队129320.pdf"", ""attach_url"": ""https://download.ccgp.gov.cn/oss/download?uuid=c6fa2647-ce68-452e-ba6b-cda91d""}, {""attach_name"": ""声明函-黑河边境管理支队129320.pdf"", ""attach_url"": ""https://download.ccgp.gov.cn/oss/download?uuid=b1d0b377-e0ad-4e8d-9a2e-5bfb14""}]",https://www.ccgp.gov.cn/cggg/zygg/cjgg/202609/t20260903_27262638.htm,2026-09-10 09:38:53,".f-fwb { font-weight: bold; } h3 { margin: 10px 0; font-size: 1.1em; } p { line-height: 1.5; margin: 8px 0; } table { width: 100%; border: 1px solid #ddd; border-collapse: collapse; } th, td { text-align: left; padding: 8px; border-bottom: 1px solid #ddd; } thead { background: #f2f2f2; } .text-center { text-align: center; } .contact-info { line-height: 1.5; margin-bottom: 5px; } a { color: #207ad6; text-decoration: none; } a:hover { text-decoration: underline; } .signature { text-align: right; margin-top: 20px; } .signature p { margin-bottom: 5px; } 一、项目基本情况 1．项目编号：DZXJ260731310129320 2．项目名称：黑河边境管理支队计算机网络设备(询价）采购项目 3．采购组织单位：黑河边境管理支队 4．采购方式：询价 5．预算金额：44450.00元 二、成交信息 初审情况： 全部投标人通过了初审 成交供应商情况： 供应商名称：海南省数字城市产业研究院有限公司 供应商地址： 海南省海口市国家高新技术产业开发区南海大道266号创业孵化中心A楼5层A29-550室 成交金额：人民币31986.66元 是否中小企业生产： 是 是否享受价格扣除： 是 其他补充说明： 无 三、主要成交标的信息 序号 产品 品牌 规格型号 数量 单价（元） 1 硬盘录像机 八核云 BHLX-9995 2 4227.26 2 交换机 景唐通信 JT-S203CWP-282TS 4 1881.50 3 硬盘录像机 八核云 BHLX-0118 1 2804.40 4 网络交换机 景唐通信 JT-S506CL-284TSC 6 2200.29 四、评审专家名单 王展伟（组长)、 李佃、 刘克俭、 张景仁、 赵晓峰 五、代理服务收费标准及金额： 免费 六、公告期限 自本公告发布之日起1个工作日。 七、其他补充事宜 1. 采购人和成交供应商可点击本公告附件的链接，登录中央政府采购网，自行下载成交通知书。 2. 凡对本次询价提出询问，请按以下方式联系 联系人：贾程 联系电话：0456-2833555 联系地址：黑河市学院路2号 邮箱：964115607@qq.com 八、项目联系方式 1．采购人信息 名称：黑河边境管理支队 地址：黑河市爱辉区学院路2号 联系方式：0456-2833555 2．采购执行机构信息 名称：中央国家机关政府采购中心 地址：北京市西城区西直门内大街西章胡同9号院 邮政编码：100035 联系方式：详见http://www.zycg.gov.cn/home/contactus 九、附件 黑河边境管理支队计算机网络设备(询价）采购项目询价通知书.pdf 海南省数字城市产业研究院有限公司中小企业声明函 本国产品声明函 成交通知书下载链接 中央国家机关政府采购中心 2026年09月03日",信息技术,,中国政府采购网,,,,,,3.198666,,"王展伟,李佃,刘克俭,张景仁,赵晓峰",,海南省数字城市产业研究院有限公司 供应商地址： 海南省海口市国家高新技术产业开发区南海大道266号创业孵化中心A楼5层A,,,,
交通运输部南海航海保障中心计算机网络设备(询价）采购项目成交公告,成交公告,DZXJ260805810034720,2026年09月03日 18:10,广东省,交通运输部南海航海保障中心,广州市海珠区滨江西路40号,020-89320305,中央国家机关政府采购中心,北京市西城区西直门内大街西章胡同9号院,详见http://www.zycg.gov.cn/home/contactus,龚民举,020-89320310,"本国产品声明函.pdf,DZXJ260805810034720交通运输部南海航海保障中心计算机网络设备(询价）采购项目电子询价通知书.pdf","[{""attach_name"": ""本国产品声明函.pdf"", ""attach_url"": ""https://download.ccgp.gov.cn/oss/download?uuid=08dfd319-04b3-4b4f-be20-822eb3""}, {""attach_name"": ""DZXJ260805810034720交通运输部南海航海保障中心计算机网络设备(询价）采购项目电子询价通知书.pdf"", ""attach_url"": ""https://download.ccgp.gov.cn/oss/download?uuid=b1546734-306e-46cb-85cd-d5f611""}]",https://www.ccgp.gov.cn/cggg/zygg/cjgg/202609/t20260903_27262637.htm,2026-09-10 09:38:54,".f-fwb { font-weight: bold; } h3 { margin: 10px 0; font-size: 1.1em; } p { line-height: 1.5; margin: 8px 0; } table { width: 100%; border: 1px solid #ddd; border-collapse: collapse; } th, td { text-align: left; padding: 8px; border-bottom: 1px solid #ddd; } thead { background: #f2f2f2; } .text-center { text-align: center; } .contact-info { line-height: 1.5; margin-bottom: 5px; } a { color: #207ad6; text-decoration: none; } a:hover { text-decoration: underline; } .signature { text-align: right; margin-top: 20px; } .signature p { margin-bottom: 5px; } 一、项目基本情况 1．项目编号：DZXJ260805810034720 2．项目名称：交通运输部南海航海保障中心计算机网络设备(询价）采购项目 3．采购组织单位：交通运输部南海航海保障中心 4．采购方式：询价 5．预算金额：468000.00元 二、成交信息 初审情况： 全部投标人通过了初审 成交供应商情况： 供应商名称：广东砚知科技技术有限公司 供应商地址： 广州市天河区天河北路586-590号601房E156 成交金额：人民币372000.00元 是否中小企业生产： 否 是否享受价格扣除： 否 其他补充说明： 无 三、主要成交标的信息 序号 产品 品牌 规格型号 数量 单价（元） 1 千兆交换机 新华三 S5135S-24T4S-EI-Q 12 3000.00 2 万兆交换机 新华三 S7503X-M-G 7 48000.00 四、评审专家名单 王展伟（组长)、 李佃、 刘克俭、 张景仁、 赵晓峰 五、代理服务收费标准及金额： 免费 六、公告期限 自本公告发布之日起1个工作日。 七、其他补充事宜 1. 采购人和成交供应商可点击本公告附件的链接，登录中央政府采购网，自行下载成交通知书。 2. 凡对本次询价提出询问，请按以下方式联系 联系人：龚民举 联系电话：020-89320310 联系地址：广州市海珠区滨江西路40号 邮箱：gmj663618@163.com 八、项目联系方式 1．采购人信息 名称：交通运输部南海航海保障中心 地址：广州市海珠区滨江西路40号 联系方式：020-89320305 2．采购执行机构信息 名称：中央国家机关政府采购中心 地址：北京市西城区西直门内大街西章胡同9号院 邮政编码：100035 联系方式：详见http://www.zycg.gov.cn/home/contactus 九、附件 交通运输部南海航海保障中心计算机网络设备(询价）采购项目询价通知书.pdf 本国产品声明函 成交通知书下载链接 中央国家机关政府采购中心 2026年09月03日",信息技术,,中国政府采购网,,,,,,37.2,,"王展伟,李佃,刘克俭,张景仁,赵晓峰",,广东砚知科技技术有限公司 供应商地址： 广州市天河区天河北路586-590号601房E156 成交金额：人民币37200,,,,
黑河边境管理支队视频会议系统及会议室音频系统（询价）采购项目成交公告,成交公告,DZXJ260721310259320,2026年09月03日 18:10,黑龙江省,黑河边境管理支队,黑河市爱辉区学院路2号黑河边境管理支队,0456-2833555,中央国家机关政府采购中心,北京市西城区西直门内大街西章胡同9号院,详见http://www.zycg.gov.cn/home/contactus,贾程,0456-2833555,"DZXJ260721310259320黑河边境管理支队视频会议系统及会议室音频系统（询价）采购项目电子询价通知书.pdf,中小企业声明函-黑河边境管理支队259320.pdf,声明函-黑河边境管理支队259320.pdf","[{""attach_name"": ""DZXJ260721310259320黑河边境管理支队视频会议系统及会议室音频系统（询价）采购项目电子询价通知书.pdf"", ""attach_url"": ""https://download.ccgp.gov.cn/oss/download?uuid=0f93a5e1-850a-4011-b520-0f5426""}, {""attach_name"": ""中小企业声明函-黑河边境管理支队259320.pdf"", ""attach_url"": ""https://download.ccgp.gov.cn/oss/download?uuid=51f1de40-0fd8-409e-89ba-d497ce""}, {""attach_name"": ""声明函-黑河边境管理支队259320.pdf"", ""attach_url"": ""https://download.ccgp.gov.cn/oss/download?uuid=7ebd1fd6-3551-4b2d-bf3d-4c6795""}]",https://www.ccgp.gov.cn/cggg/zygg/cjgg/202609/t20260903_27262648.htm,2026-09-10 09:38:54,".f-fwb { font-weight: bold; } h3 { margin: 10px 0; font-size: 1.1em; } p { line-height: 1.5; margin: 8px 0; } table { width: 100%; border: 1px solid #ddd; border-collapse: collapse; } th, td { text-align: left; padding: 8px; border-bottom: 1px solid #ddd; } thead { background: #f2f2f2; } .text-center { text-align: center; } .contact-info { line-height: 1.5; margin-bottom: 5px; } a { color: #207ad6; text-decoration: none; } a:hover { text-decoration: underline; } .signature { text-align: right; margin-top: 20px; } .signature p { margin-bottom: 5px; } 一、项目基本情况 1．项目编号：DZXJ260721310259320 2．项目名称：黑河边境管理支队视频会议系统及会议室音频系统（询价）采购项目 3．采购组织单位：黑河边境管理支队 4．采购方式：询价 5．预算金额：182428.00元 二、成交信息 初审情况： 全部投标人通过了初审 成交供应商情况： 供应商名称：海南省数字城市产业研究院有限公司 供应商地址： 海南省海口市国家高新技术产业开发区南海大道266号创业孵化中心A楼5层A29-550室 成交金额：人民币152874.66元 是否中小企业生产： 是 是否享受价格扣除： 是 其他补充说明： 无 三、主要成交标的信息 序号 产品 品牌 规格型号 数量 单价（元） 1 视频跟踪主机 八核云 BHGZ-1113 1 96370.00 2 无感定位轨迹分析主机 八核云 BHDW-2882 1 56504.66 四、评审专家名单 王展伟（组长)、 李佃、 刘克俭、 张景仁、 赵晓峰 五、代理服务收费标准及金额： 免费 六、公告期限 自本公告发布之日起1个工作日。 七、其他补充事宜 1. 采购人和成交供应商可点击本公告附件的链接，登录中央政府采购网，自行下载成交通知书。 2. 凡对本次询价提出询问，请按以下方式联系 联系人：贾程 联系电话：0456-2833555 联系地址：黑河市爱辉区学院路2号黑河边境管理支队 邮箱：964115607@qq.com 八、项目联系方式 1．采购人信息 名称：黑河边境管理支队 地址：黑河市爱辉区学院路2号黑河边境管理支队 联系方式：0456-2833555 2．采购执行机构信息 名称：中央国家机关政府采购中心 地址：北京市西城区西直门内大街西章胡同9号院 邮政编码：100035 联系方式：详见http://www.zycg.gov.cn/home/contactus 九、附件 黑河边境管理支队视频会议系统及会议室音频系统（询价）采购项目询价通知书.pdf 海南省数字城市产业研究院有限公司中小企业声明函 本国产品声明函 成交通知书下载链接 中央国家机关政府采购中心 2026年09月03日",其他,,中国政府采购网,,,,,,15.287466,,"王展伟,李佃,刘克俭,张景仁,赵晓峰",,海南省数字城市产业研究院有限公司 供应商地址： 海南省海口市国家高新技术产业开发区南海大道266号创业孵化中心A楼5层A,,,,
中国福利彩票发行管理中心打印设备及配件（询价）采购项目成交公告,成交公告,DZXJ260806910106420,2026年09月03日 18:10,北京市,中国福利彩票发行管理中心,北京市朝阳区北四环东路73号1号楼,010-58125705,中央国家机关政府采购中心,北京市西城区西直门内大街西章胡同9号院,详见http://www.zycg.gov.cn/home/contactus,李鑫,010-58125705,"福利彩票--国产声明函.pdf,DZXJ260806910106420中国福利彩票发行管理中心打印设备及配件（询价）采购项目电子询价通知书.pdf","[{""attach_name"": ""福利彩票--国产声明函.pdf"", ""attach_url"": ""https://download.ccgp.gov.cn/oss/download?uuid=813b4ffe-2625-4a02-9897-0e6181""}, {""attach_name"": ""DZXJ260806910106420中国福利彩票发行管理中心打印设备及配件（询价）采购项目电子询价通知书.pdf"", ""attach_url"": ""https://download.ccgp.gov.cn/oss/download?uuid=958c01b0-00b9-46d2-9094-adb349""}]",https://www.ccgp.gov.cn/cggg/zygg/cjgg/202609/t20260903_27262647.htm,2026-09-10 09:38:55,".f-fwb { font-weight: bold; } h3 { margin: 10px 0; font-size: 1.1em; } p { line-height: 1.5; margin: 8px 0; } table { width: 100%; border: 1px solid #ddd; border-collapse: collapse; } th, td { text-align: left; padding: 8px; border-bottom: 1px solid #ddd; } thead { background: #f2f2f2; } .text-center { text-align: center; } .contact-info { line-height: 1.5; margin-bottom: 5px; } a { color: #207ad6; text-decoration: none; } a:hover { text-decoration: underline; } .signature { text-align: right; margin-top: 20px; } .signature p { margin-bottom: 5px; } 一、项目基本情况 1．项目编号：DZXJ260806910106420 2．项目名称：中国福利彩票发行管理中心打印设备及配件（询价）采购项目 3．采购组织单位：中国福利彩票发行管理中心 4．采购方式：询价 5．预算金额：3000.00元 二、成交信息 初审情况： 以下响应人未通过初审： 序号 响应人名称 被拒绝原因 询价通知书相应拒绝条款 1 国印（珠海）科技有限公司 符合性审查未通过：未按要求提供营业执照。 响应人须知前附表第8条第1项 成交供应商情况： 供应商名称：北京睿方信息技术有限公司 供应商地址： 北京市海淀区知春路碧兴园2号楼105A 成交金额：人民币1720.00元 是否中小企业生产： 否 是否享受价格扣除： 否 其他补充说明： 无 三、主要成交标的信息 序号 产品 品牌 规格型号 数量 单价（元） 1 便携式打印机 佳能 G680 1 1720.00 四、评审专家名单 王展伟（组长)、 李佃、 刘克俭、 张景仁、 赵晓峰 五、代理服务收费标准及金额： 免费 六、公告期限 自本公告发布之日起1个工作日。 七、其他补充事宜 1. 采购人和成交供应商可点击本公告附件的链接，登录中央政府采购网，自行下载成交通知书。 2. 凡对本次询价提出询问，请按以下方式联系 联系人：李鑫 联系电话：010-58125705 联系地址：北京市朝阳区北四环东路73号1号楼 邮箱：0301lixin@163.com 八、项目联系方式 1．采购人信息 名称：中国福利彩票发行管理中心 地址：北京市朝阳区北四环东路73号1号楼 联系方式：010-58125705 2．采购执行机构信息 名称：中央国家机关政府采购中心 地址：北京市西城区西直门内大街西章胡同9号院 邮政编码：100035 联系方式：详见http://www.zycg.gov.cn/home/contactus 九、附件 中国福利彩票发行管理中心打印设备及配件（询价）采购项目询价通知书.pdf 本国产品声明函 成交通知书下载链接 中央国家机关政府采购中心 2026年09月03日",设备购置,,中国政府采购网,,,,,,0.172,,"王展伟,李佃,刘克俭,张景仁,赵晓峰",,北京睿方信息技术有限公司 供应商地址： 北京市海淀区知春路碧兴园2号楼105A 成交金额：人民币1720.00元 是否中,,,,
上海铁路公安局南京公安处扫描仪及配件（询价）采购项目成交公告,成交公告,DZXJ260629110145920,2026年09月03日 18:10,江苏省,上海铁路公安局南京公安处,江苏省南京市玄武区龙蟠路141号,025-85825608,中央国家机关政府采购中心,北京市西城区西直门内大街西章胡同9号院,详见http://www.zycg.gov.cn/home/contactus,蒋威,025-85825608,"DZXJ260629110145920上海铁路公安局南京公安处扫描仪及配件（询价）采购项目电子询价通知书.pdf,中小企业声明函.pdf,关于符合本国产品标准的声明函.pdf","[{""attach_name"": ""DZXJ260629110145920上海铁路公安局南京公安处扫描仪及配件（询价）采购项目电子询价通知书.pdf"", ""attach_url"": ""https://download.ccgp.gov.cn/oss/download?uuid=5ee6f842-8dc7-47d6-a305-774dac""}, {""attach_name"": ""中小企业声明函.pdf"", ""attach_url"": ""https://download.ccgp.gov.cn/oss/download?uuid=50b2af89-c96c-45df-ab65-fe554c""}, {""attach_name"": ""关于符合本国产品标准的声明函.pdf"", ""attach_url"": ""https://download.ccgp.gov.cn/oss/download?uuid=1c47a349-43b6-4a5c-81b0-2b2523""}]",https://www.ccgp.gov.cn/cggg/zygg/cjgg/202609/t20260903_27262636.htm,2026-09-10 09:38:55,".f-fwb { font-weight: bold; } h3 { margin: 10px 0; font-size: 1.1em; } p { line-height: 1.5; margin: 8px 0; } table { width: 100%; border: 1px solid #ddd; border-collapse: collapse; } th, td { text-align: left; padding: 8px; border-bottom: 1px solid #ddd; } thead { background: #f2f2f2; } .text-center { text-align: center; } .contact-info { line-height: 1.5; margin-bottom: 5px; } a { color: #207ad6; text-decoration: none; } a:hover { text-decoration: underline; } .signature { text-align: right; margin-top: 20px; } .signature p { margin-bottom: 5px; } 一、项目基本情况 1．项目编号：DZXJ260629110145920 2．项目名称：上海铁路公安局南京公安处扫描仪及配件（询价）采购项目 3．采购组织单位：上海铁路公安局南京公安处 4．采购方式：询价 5．预算金额：15000.00元 二、成交信息 初审情况： 以下响应人未通过初审： 序号 响应人名称 被拒绝原因 询价通知书相应拒绝条款 1 安徽神码网络科技有限公司 符合性审查未通过：未按要求提供营业执照。 响应人须知前附表第8条第1项 2 国印（珠海）科技有限公司 符合性审查未通过：未按要求提供营业执照。 响应人须知前附表第8条第1项 3 北京中际远华科贸有限公司 符合性审查未通过：未按要求提供营业执照。 响应人须知前附表第8条第1项 成交供应商情况： 供应商名称：北京玄舟科技有限公司 供应商地址： 南京市雨花台区凤舞路11号粤浦科技南京雨花云谷1604室 成交金额：人民币9900.00元 是否中小企业生产： 是 是否享受价格扣除： 是 其他补充说明： 无 三、主要成交标的信息 序号 产品 品牌 规格型号 数量 单价（元） 1 高拍仪 德意拍 G4000 50 198.00 四、评审专家名单 王展伟（组长)、 李佃、 刘克俭、 张景仁、 赵晓峰 五、代理服务收费标准及金额： 免费 六、公告期限 自本公告发布之日起1个工作日。 七、其他补充事宜 1. 采购人和成交供应商可点击本公告附件的链接，登录中央政府采购网，自行下载成交通知书。 2. 凡对本次询价提出询问，请按以下方式联系 联系人：蒋威 联系电话：025-85825608 联系地址：江苏省南京市玄武区龙蟠路141号 邮箱：381976244@qq.com 八、项目联系方式 1．采购人信息 名称：上海铁路公安局南京公安处 地址：江苏省南京市玄武区龙蟠路141号 联系方式：025-85825608 2．采购执行机构信息 名称：中央国家机关政府采购中心 地址：北京市西城区西直门内大街西章胡同9号院 邮政编码：100035 联系方式：详见http://www.zycg.gov.cn/home/contactus 九、附件 上海铁路公安局南京公安处扫描仪及配件（询价）采购项目询价通知书.pdf 北京玄舟科技有限公司中小企业声明函 本国产品声明函 成交通知书下载链接 中央国家机关政府采购中心 2026年09月03日",公共安全,,中国政府采购网,,,,,,0.99,,"王展伟,李佃,刘克俭,张景仁,赵晓峰",,北京玄舟科技有限公司 供应商地址： 南京市雨花台区凤舞路11号粤浦科技南京雨花云谷1604室 成交金额：人民币9900.,,,,
中华人民共和国黑龙江出入境边防检查总站(黑龙江省公安厅边境管理总队)服务器（询价）采购项目成交公告,成交公告,DZXJ260810310144220,2026年09月03日 18:05,黑龙江省,中华人民共和国黑龙江出入境边防检查总站(黑龙江省公安厅边境管理总队),黑龙江省哈尔滨市香坊区和平路32号,0451-58786872,中央国家机关政府采购中心,北京市西城区西直门内大街西章胡同9号院,详见http://www.zycg.gov.cn/home/contactus,赵金龙,0451-58786619,"DZXJ260810310144220中华人民共和国黑龙江出入境边防检查总站(黑龙江省公安厅边境管理总队)服务器（询价）采购项目电子询价通知书.pdf,文字文稿1.pdf","[{""attach_name"": ""DZXJ260810310144220中华人民共和国黑龙江出入境边防检查总站(黑龙江省公安厅边境管理总队)服务器（询价）采购项目电子询价通知书.pdf"", ""attach_url"": ""https://download.ccgp.gov.cn/oss/download?uuid=5929ea53-970e-497b-9a96-b7e4fa""}, {""attach_name"": ""文字文稿1.pdf"", ""attach_url"": ""https://download.ccgp.gov.cn/oss/download?uuid=00a5668a-18bf-4de9-a1d9-032aa4""}]",https://www.ccgp.gov.cn/cggg/zygg/cjgg/202609/t20260903_27262594.htm,2026-09-10 09:38:56,".f-fwb { font-weight: bold; } h3 { margin: 10px 0; font-size: 1.1em; } p { line-height: 1.5; margin: 8px 0; } table { width: 100%; border: 1px solid #ddd; border-collapse: collapse; } th, td { text-align: left; padding: 8px; border-bottom: 1px solid #ddd; } thead { background: #f2f2f2; } .text-center { text-align: center; } .contact-info { line-height: 1.5; margin-bottom: 5px; } a { color: #207ad6; text-decoration: none; } a:hover { text-decoration: underline; } .signature { text-align: right; margin-top: 20px; } .signature p { margin-bottom: 5px; } 一、项目基本情况 1．项目编号：DZXJ260810310144220 2．项目名称：中华人民共和国黑龙江出入境边防检查总站(黑龙江省公安厅边境管理总队)服务器（询价）采购项目 3．采购组织单位：中华人民共和国黑龙江出入境边防检查总站(黑龙江省公安厅边境管理总队) 4．采购方式：询价 5．预算金额：126000.00元 二、成交信息 初审情况： 以下响应人未通过初审： 序号 响应人名称 被拒绝原因 询价通知书相应拒绝条款 1 北京华琼致远科技有限公司 提供的书面说明、证明材料不能证明其报价合理性 ，异常低价响应审查未通过,响应无效。 响应人须知前附表第19条 2 山西嘉尚科技有限公司 提供的书面说明、证明材料不能证明其报价合理性 ，异常低价响应审查未通过,响应无效。 响应人须知前附表第19条 成交供应商情况： 供应商名称：山东易数科技有限公司 供应商地址： 山东省济南市历城区港沟街道经十路288-1号 成交金额：人民币56700.00元 是否中小企业生产： 否 是否享受价格扣除： 否 其他补充说明： 无 三、主要成交标的信息 序号 产品 品牌 规格型号 数量 单价（元） 1 服务器 华鲲振宇 HuaKun TG225 B1 1 56700.00 四、评审专家名单 王展伟（组长)、 李佃、 刘克俭、 张景仁、 赵晓峰 五、代理服务收费标准及金额： 免费 六、公告期限 自本公告发布之日起1个工作日。 七、其他补充事宜 1. 采购人和成交供应商可点击本公告附件的链接，登录中央政府采购网，自行下载成交通知书。 2. 凡对本次询价提出询问，请按以下方式联系 联系人：赵金龙 联系电话：0451-58786619 联系地址：黑龙江出入境边防检查总站采购中心 邮箱：bfcgzx@163.com 八、项目联系方式 1．采购人信息 名称：中华人民共和国黑龙江出入境边防检查总站(黑龙江省公安厅边境管理总队) 地址：黑龙江省哈尔滨市香坊区和平路32号 联系方式：0451-58786872 2．采购执行机构信息 名称：中央国家机关政府采购中心 地址：北京市西城区西直门内大街西章胡同9号院 邮政编码：100035 联系方式：详见http://www.zycg.gov.cn/home/contactus 九、附件 中华人民共和国黑龙江出入境边防检查总站(黑龙江省公安厅边境管理总队)服务器（询价）采购项目询价通知书.pdf 本国产品声明函 成交通知书下载链接 中央国家机关政府采购中心 2026年09月03日",公共安全,,中国政府采购网,,,,,,5.67,,"王展伟,李佃,刘克俭,张景仁,赵晓峰",,山东易数科技有限公司 供应商地址： 山东省济南市历城区港沟街道经十路288-1号 成交金额：人民币56700.00元 是,,,,
中国民用航空温州空中交通管理站计算机网络设备(询价）采购项目成交公告,成交公告,DZXJ260803610173820,2026年09月03日 18:05,浙江省,中国民用航空温州空中交通管理站,温州市机场大道1号温州空管站,0577-86898796,中央国家机关政府采购中心,北京市西城区西直门内大街西章胡同9号院,详见http://www.zycg.gov.cn/home/contactus,吴陈力,0577-86898796,"DZXJ260803610173820中国民用航空温州空中交通管理站计算机网络设备(询价）采购项目电子询价通知书.pdf,关于符合本国产品标准的声明函.pdf","[{""attach_name"": ""DZXJ260803610173820中国民用航空温州空中交通管理站计算机网络设备(询价）采购项目电子询价通知书.pdf"", ""attach_url"": ""https://download.ccgp.gov.cn/oss/download?uuid=112d65f6-1a3c-4efd-afd6-ad3b80""}, {""attach_name"": ""关于符合本国产品标准的声明函.pdf"", ""attach_url"": ""https://download.ccgp.gov.cn/oss/download?uuid=c7487ab5-ac4b-41dd-91b2-6380fe""}]",https://www.ccgp.gov.cn/cggg/zygg/cjgg/202609/t20260903_27262571.htm,2026-09-10 09:38:57,".f-fwb { font-weight: bold; } h3 { margin: 10px 0; font-size: 1.1em; } p { line-height: 1.5; margin: 8px 0; } table { width: 100%; border: 1px solid #ddd; border-collapse: collapse; } th, td { text-align: left; padding: 8px; border-bottom: 1px solid #ddd; } thead { background: #f2f2f2; } .text-center { text-align: center; } .contact-info { line-height: 1.5; margin-bottom: 5px; } a { color: #207ad6; text-decoration: none; } a:hover { text-decoration: underline; } .signature { text-align: right; margin-top: 20px; } .signature p { margin-bottom: 5px; } 一、项目基本情况 1．项目编号：DZXJ260803610173820 2．项目名称：中国民用航空温州空中交通管理站计算机网络设备(询价）采购项目 3．采购组织单位：中国民用航空温州空中交通管理站 4．采购方式：询价 5．预算金额：308000.00元 二、成交信息 初审情况： 全部投标人通过了初审 成交供应商情况： 供应商名称：郑州京代商贸有限公司 供应商地址： 河南省郑州市管城回族区航海东路20号附1号1号楼1单元5层05号 成交金额：人民币240000.00元 是否中小企业生产： 否 是否享受价格扣除： 否 其他补充说明： 无 三、主要成交标的信息 序号 产品 品牌 规格型号 数量 单价（元） 1 传输路由器 华三 MSR5660 4 60000.00 四、评审专家名单 王展伟（组长)、 李佃、 刘克俭、 张景仁、 赵晓峰 五、代理服务收费标准及金额： 免费 六、公告期限 自本公告发布之日起1个工作日。 七、其他补充事宜 1. 采购人和成交供应商可点击本公告附件的链接，登录中央政府采购网，自行下载成交通知书。 2. 凡对本次询价提出询问，请按以下方式联系 联系人：吴陈力 联系电话：0577-86898796 联系地址：温州市机场大道1号温州空管站 邮箱：392959200@qq.com 八、项目联系方式 1．采购人信息 名称：中国民用航空温州空中交通管理站 地址：温州市机场大道1号温州空管站 联系方式：0577-86898796 2．采购执行机构信息 名称：中央国家机关政府采购中心 地址：北京市西城区西直门内大街西章胡同9号院 邮政编码：100035 联系方式：详见http://www.zycg.gov.cn/home/contactus 九、附件 中国民用航空温州空中交通管理站计算机网络设备(询价）采购项目询价通知书.pdf 本国产品声明函 成交通知书下载链接 中央国家机关政府采购中心 2026年09月03日",信息技术,,中国政府采购网,,,,,,24.0,,"王展伟,李佃,刘克俭,张景仁,赵晓峰",,郑州京代商贸有限公司 供应商地址： 河南省郑州市管城回族区航海东路20号附1号1号楼1单元5层05号 成交金额：人民币2,,,,
国家金融监督管理总局白山监管分局视频会议系统及会议室音频系统（询价）采购项目成交公告,成交公告,DZXJ260602410165220,2026年09月03日 18:05,吉林省,国家金融监督管理总局白山监管分局,吉林省白山市浑江大街1092号,0439-6666032,中央国家机关政府采购中心,北京市西城区西直门内大街西章胡同9号院,详见http://www.zycg.gov.cn/home/contactus,谢兆鹏,0439-6666092,"DZXJ260602410165220国家金融监督管理总局白山监管分局视频会议系统及会议室音频系统（询价）采购项目电子询价通知书.pdf,声明函-国家金融监督管理总局白山监管分局165220.pdf,中小企业声明函-国家金融监督管理总局白山监管分局165220.pdf","[{""attach_name"": ""DZXJ260602410165220国家金融监督管理总局白山监管分局视频会议系统及会议室音频系统（询价）采购项目电子询价通知书.pdf"", ""attach_url"": ""https://download.ccgp.gov.cn/oss/download?uuid=605ca6fc-205b-4c52-ae88-15ad46""}, {""attach_name"": ""声明函-国家金融监督管理总局白山监管分局165220.pdf"", ""attach_url"": ""https://download.ccgp.gov.cn/oss/download?uuid=6c36fd79-b1a4-464a-a554-80bc2f""}, {""attach_name"": ""中小企业声明函-国家金融监督管理总局白山监管分局165220.pdf"", ""attach_url"": ""https://download.ccgp.gov.cn/oss/download?uuid=77245560-19a3-4442-9794-a8ea37""}]",https://www.ccgp.gov.cn/cggg/zygg/cjgg/202609/t20260903_27262588.htm,2026-09-10 09:38:57,".f-fwb { font-weight: bold; } h3 { margin: 10px 0; font-size: 1.1em; } p { line-height: 1.5; margin: 8px 0; } table { width: 100%; border: 1px solid #ddd; border-collapse: collapse; } th, td { text-align: left; padding: 8px; border-bottom: 1px solid #ddd; } thead { background: #f2f2f2; } .text-center { text-align: center; } .contact-info { line-height: 1.5; margin-bottom: 5px; } a { color: #207ad6; text-decoration: none; } a:hover { text-decoration: underline; } .signature { text-align: right; margin-top: 20px; } .signature p { margin-bottom: 5px; } 一、项目基本情况 1．项目编号：DZXJ260602410165220 2．项目名称：国家金融监督管理总局白山监管分局视频会议系统及会议室音频系统（询价）采购项目 3．采购组织单位：国家金融监督管理总局白山监管分局 4．采购方式：询价 5．预算金额：119240.00元 二、成交信息 初审情况： 以下响应人未通过初审： 序号 响应人名称 被拒绝原因 询价通知书相应拒绝条款 1 深圳市启耀科技有限公司 符合性审查未通过：未按要求提供“电子询价报价响应函”。符合性审查未通过：未按要求提供营业执照。 响应人须知前附表第8条第1项 成交供应商情况： 供应商名称：海南省数字城市产业研究院有限公司 供应商地址： 海南省海口市国家高新技术产业开发区南海大道266号创业孵化中心A楼5层A29-550室 成交金额：人民币65343.52元 是否中小企业生产： 是 是否享受价格扣除： 是 其他补充说明： 无 三、主要成交标的信息 序号 产品 品牌 规格型号 数量 单价（元） 1 LED显示屏 蓝极星 P102S 1 62329.52 2 视频处理器 八核云 BHLB300 1 3014.00 四、评审专家名单 郭智敏（组长)、 张振霞、 常霞、 骆文于、 薛瑞卿 五、代理服务收费标准及金额： 免费 六、公告期限 自本公告发布之日起1个工作日。 七、其他补充事宜 1. 采购人和成交供应商可点击本公告附件的链接，登录中央政府采购网，自行下载成交通知书。 2. 凡对本次询价提出询问，请按以下方式联系 联系人：谢兆鹏 联系电话：0439-6666092 联系地址：吉林省白山市浑江大街1092号 邮箱：1430653095@qq.com 八、项目联系方式 1．采购人信息 名称：国家金融监督管理总局白山监管分局 地址：吉林省白山市浑江大街1092号 联系方式：0439-6666032 2．采购执行机构信息 名称：中央国家机关政府采购中心 地址：北京市西城区西直门内大街西章胡同9号院 邮政编码：100035 联系方式：详见http://www.zycg.gov.cn/home/contactus 九、附件 国家金融监督管理总局白山监管分局视频会议系统及会议室音频系统（询价）采购项目询价通知书.pdf 海南省数字城市产业研究院有限公司中小企业声明函 本国产品声明函 成交通知书下载链接 中央国家机关政府采购中心 2026年09月03日",其他,,中国政府采购网,,,,,,6.534352,,"郭智敏,张振霞,常霞,骆文于,薛瑞卿",,海南省数字城市产业研究院有限公司 供应商地址： 海南省海口市国家高新技术产业开发区南海大道266号创业孵化中心A楼5层A,,,,
中华人民共和国徐州出入境边防检查站计算机网络设备(询价）采购项目成交公告,成交公告,DZXJ260811410129920,2026年09月03日 18:05,江苏省,中华人民共和国徐州出入境边防检查站,江苏省徐州市云龙区新元大道3号,80805300,中央国家机关政府采购中心,北京市西城区西直门内大街西章胡同9号院,详见http://www.zycg.gov.cn/home/contactus,曹勇,80805330,"中小企业声明函（货物）盖章.pdf,电子询价国产声明函盖章.pdf,DZXJ260811410129920中华人民共和国徐州出入境边防检查站计算机网络设备(询价）采购项目电子询价通知书.pdf","[{""attach_name"": ""中小企业声明函（货物）盖章.pdf"", ""attach_url"": ""https://download.ccgp.gov.cn/oss/download?uuid=55d3a145-b4b1-4173-86e1-2097ef""}, {""attach_name"": ""电子询价国产声明函盖章.pdf"", ""attach_url"": ""https://download.ccgp.gov.cn/oss/download?uuid=a7cf0bfe-f741-4173-9edc-34a7f9""}, {""attach_name"": ""DZXJ260811410129920中华人民共和国徐州出入境边防检查站计算机网络设备(询价）采购项目电子询价通知书.pdf"", ""attach_url"": ""https://download.ccgp.gov.cn/oss/download?uuid=9192a164-386e-4df8-b0ce-4aa6f5""}]",https://www.ccgp.gov.cn/cggg/zygg/cjgg/202609/t20260903_27262593.htm,2026-09-10 09:38:58,".f-fwb { font-weight: bold; } h3 { margin: 10px 0; font-size: 1.1em; } p { line-height: 1.5; margin: 8px 0; } table { width: 100%; border: 1px solid #ddd; border-collapse: collapse; } th, td { text-align: left; padding: 8px; border-bottom: 1px solid #ddd; } thead { background: #f2f2f2; } .text-center { text-align: center; } .contact-info { line-height: 1.5; margin-bottom: 5px; } a { color: #207ad6; text-decoration: none; } a:hover { text-decoration: underline; } .signature { text-align: right; margin-top: 20px; } .signature p { margin-bottom: 5px; } 一、项目基本情况 1．项目编号：DZXJ260811410129920 2．项目名称：中华人民共和国徐州出入境边防检查站计算机网络设备(询价）采购项目 3．采购组织单位：中华人民共和国徐州出入境边防检查站 4．采购方式：询价 5．预算金额：69783.00元 二、成交信息 初审情况： 以下响应人未通过初审： 序号 响应人名称 被拒绝原因 询价通知书相应拒绝条款 1 国信（山东）数字科技有限公司 符合性审查未通过：未按要求提供“电子询价报价响应函”。 响应人须知前附表第8条第1项 成交供应商情况： 供应商名称：河南泽壹科技有限公司 供应商地址： 河南省郑州市金水区花园路145号广电A座二楼210室 成交金额：人民币39400.00元 是否中小企业生产： 是 是否享受价格扣除： 是 其他补充说明： 无 三、主要成交标的信息 序号 产品 品牌 规格型号 数量 单价（元） 1 IP程控电话交换机 国威 HB1960 2 13000.00 2 数字中继网关 国威 HB1930 1 12000.00 3 模拟语音网关 国威 HB100-2FXS 2 700.00 四、评审专家名单 王展伟（组长)、 李佃、 刘克俭、 张景仁、 赵晓峰 五、代理服务收费标准及金额： 免费 六、公告期限 自本公告发布之日起1个工作日。 七、其他补充事宜 1. 采购人和成交供应商可点击本公告附件的链接，登录中央政府采购网，自行下载成交通知书。 2. 凡对本次询价提出询问，请按以下方式联系 联系人：曹勇 联系电话：80805330 联系地址：江苏省徐州市云龙区新元大道3号 邮箱：460840035@qq.com 八、项目联系方式 1．采购人信息 名称：中华人民共和国徐州出入境边防检查站 地址：江苏省徐州市云龙区新元大道3号 联系方式：80805300 2．采购执行机构信息 名称：中央国家机关政府采购中心 地址：北京市西城区西直门内大街西章胡同9号院 邮政编码：100035 联系方式：详见http://www.zycg.gov.cn/home/contactus 九、附件 中华人民共和国徐州出入境边防检查站计算机网络设备(询价）采购项目询价通知书.pdf 河南泽壹科技有限公司中小企业声明函 本国产品声明函 成交通知书下载链接 中央国家机关政府采购中心 2026年09月03日",信息技术,,中国政府采购网,,,,,,3.94,,"王展伟,李佃,刘克俭,张景仁,赵晓峰",,河南泽壹科技有限公司 供应商地址： 河南省郑州市金水区花园路145号广电A座二楼210室 成交金额：人民币39400.0,,,,
国家金融监督管理总局大连监管局计算机网络设备(询价）采购项目成交公告,成交公告,DZXJ260806910081220,2026年09月03日 18:05,辽宁省,国家金融监督管理总局大连监管局,大连市西岗区黄河街130号,0411-39617052,中央国家机关政府采购中心,北京市西城区西直门内大街西章胡同9号院,详见http://www.zycg.gov.cn/home/contactus,崔晨,0411-39617655,"国家金融监督管理总局大连监管局电子询价报价响应函.pdf,DZXJ260806910081220国家金融监督管理总局大连监管局计算机网络设备(询价）采购项目电子询价通知书.pdf,国家金融监督管理总局大连监管局中小企业声明函（货物）.pdf","[{""attach_name"": ""国家金融监督管理总局大连监管局电子询价报价响应函.pdf"", ""attach_url"": ""https://download.ccgp.gov.cn/oss/download?uuid=542ec755-ab71-4013-bfdb-cbfcd2""}, {""attach_name"": ""DZXJ260806910081220国家金融监督管理总局大连监管局计算机网络设备(询价）采购项目电子询价通知书.pdf"", ""attach_url"": ""https://download.ccgp.gov.cn/oss/download?uuid=7bcc4e84-8e0e-4181-8d43-d60a84""}, {""attach_name"": ""国家金融监督管理总局大连监管局中小企业声明函（货物）.pdf"", ""attach_url"": ""https://download.ccgp.gov.cn/oss/download?uuid=325c5682-a69e-4366-a5d2-45be90""}]",https://www.ccgp.gov.cn/cggg/zygg/cjgg/202609/t20260903_27262592.htm,2026-09-10 09:38:59,".f-fwb { font-weight: bold; } h3 { margin: 10px 0; font-size: 1.1em; } p { line-height: 1.5; margin: 8px 0; } table { width: 100%; border: 1px solid #ddd; border-collapse: collapse; } th, td { text-align: left; padding: 8px; border-bottom: 1px solid #ddd; } thead { background: #f2f2f2; } .text-center { text-align: center; } .contact-info { line-height: 1.5; margin-bottom: 5px; } a { color: #207ad6; text-decoration: none; } a:hover { text-decoration: underline; } .signature { text-align: right; margin-top: 20px; } .signature p { margin-bottom: 5px; } 一、项目基本情况 1．项目编号：DZXJ260806910081220 2．项目名称：国家金融监督管理总局大连监管局计算机网络设备(询价）采购项目 3．采购组织单位：国家金融监督管理总局大连监管局 4．采购方式：询价 5．预算金额：93700.00元 二、成交信息 初审情况： 全部投标人通过了初审 成交供应商情况： 供应商名称：四川省数创智网科技有限公司 供应商地址： 四川省成都市金牛区二环路西三段184号14层09号 成交金额：人民币75000.00元 是否中小企业生产： 是 是否享受价格扣除： 是 其他补充说明： 无 三、主要成交标的信息 序号 产品 品牌 规格型号 数量 单价（元） 1 漏洞扫描系统 图灵信安 RSAS-P 1 75000.00 四、评审专家名单 王展伟（组长)、 李佃、 刘克俭、 张景仁、 赵晓峰 五、代理服务收费标准及金额： 免费 六、公告期限 自本公告发布之日起1个工作日。 七、其他补充事宜 1. 采购人和成交供应商可点击本公告附件的链接，登录中央政府采购网，自行下载成交通知书。 2. 凡对本次询价提出询问，请按以下方式联系 联系人：崔晨 联系电话：0411-39617655 联系地址：大连市西岗区黄河街130号 邮箱：cuichen@nfra.gov.cn 八、项目联系方式 1．采购人信息 名称：国家金融监督管理总局大连监管局 地址：大连市西岗区黄河街130号 联系方式：0411-39617052 2．采购执行机构信息 名称：中央国家机关政府采购中心 地址：北京市西城区西直门内大街西章胡同9号院 邮政编码：100035 联系方式：详见http://www.zycg.gov.cn/home/contactus 九、附件 国家金融监督管理总局大连监管局计算机网络设备(询价）采购项目询价通知书.pdf 四川省数创智网科技有限公司中小企业声明函 本国产品声明函 成交通知书下载链接 中央国家机关政府采购中心 2026年09月03日",信息技术,,中国政府采购网,,,,,,7.5,,"王展伟,李佃,刘克俭,张景仁,赵晓峰",,四川省数创智网科技有限公司 供应商地址： 四川省成都市金牛区二环路西三段184号14层09号 成交金额：人民币75000,,,,
中国人民大学视频会议系统及会议室音频系统（询价）采购项目成交公告,成交公告,DZXJ260802510029520,2026年09月03日 18:05,北京市,中国人民大学,北京市海淀区中关村大街59号,010-62511205,中央国家机关政府采购中心,北京市西城区西直门内大街西章胡同9号院,详见http://www.zycg.gov.cn/home/contactus,葛静,010-62511204,"人民大学中小企.pdf,DZXJ260802510029520中国人民大学视频会议系统及会议室音频系统（询价）采购项目电子询价通知书.pdf,中国人民大学本国.pdf","[{""attach_name"": ""人民大学中小企.pdf"", ""attach_url"": ""https://download.ccgp.gov.cn/oss/download?uuid=a66c2c24-bfbe-466f-9c47-b40d62""}, {""attach_name"": ""DZXJ260802510029520中国人民大学视频会议系统及会议室音频系统（询价）采购项目电子询价通知书.pdf"", ""attach_url"": ""https://download.ccgp.gov.cn/oss/download?uuid=d08c54a2-3ccf-4590-a84b-c943bf""}, {""attach_name"": ""中国人民大学本国.pdf"", ""attach_url"": ""https://download.ccgp.gov.cn/oss/download?uuid=db7a8eb5-7183-42aa-8def-eec3ab""}]",https://www.ccgp.gov.cn/cggg/zygg/cjgg/202609/t20260903_27262584.htm,2026-09-10 09:38:59,".f-fwb { font-weight: bold; } h3 { margin: 10px 0; font-size: 1.1em; } p { line-height: 1.5; margin: 8px 0; } table { width: 100%; border: 1px solid #ddd; border-collapse: collapse; } th, td { text-align: left; padding: 8px; border-bottom: 1px solid #ddd; } thead { background: #f2f2f2; } .text-center { text-align: center; } .contact-info { line-height: 1.5; margin-bottom: 5px; } a { color: #207ad6; text-decoration: none; } a:hover { text-decoration: underline; } .signature { text-align: right; margin-top: 20px; } .signature p { margin-bottom: 5px; } 一、项目基本情况 1．项目编号：DZXJ260802510029520 2．项目名称：中国人民大学视频会议系统及会议室音频系统（询价）采购项目 3．采购组织单位：中国人民大学 4．采购方式：询价 5．预算金额：21500.00元 二、成交信息 初审情况： 以下响应人未通过初审： 序号 响应人名称 被拒绝原因 询价通知书相应拒绝条款 1 海南省数字城市产业研究院有限公司 符合性审查未通过：未按要求提供“电子询价报价响应函”。符合性审查未通过：本国产品声明函不合格。 响应人须知前附表第8条第1项 2 深圳市启耀科技有限公司 符合性审查未通过：未按要求提供营业执照。 响应人须知前附表第8条第1项 3 深圳市海威恒泰智能科技有限公司 符合性审查未通过：未按要求提供“电子询价报价响应函”。 响应人须知前附表第8条第1项 成交供应商情况： 供应商名称：北京威佳信达科技有限公司 供应商地址： 天元港中心B1501 成交金额：人民币13600.00元 是否中小企业生产： 是 是否享受价格扣除： 是 其他补充说明： 无 三、主要成交标的信息 序号 产品 品牌 规格型号 数量 单价（元） 1 98寸触控一体机 梦派 98S6 1 13600.00 四、评审专家名单 王展伟（组长)、 李佃、 刘克俭、 张景仁、 赵晓峰 五、代理服务收费标准及金额： 免费 六、公告期限 自本公告发布之日起1个工作日。 七、其他补充事宜 1. 采购人和成交供应商可点击本公告附件的链接，登录中央政府采购网，自行下载成交通知书。 2. 凡对本次询价提出询问，请按以下方式联系 联系人：葛静 联系电话：010-62511204 联系地址：北京市海淀区中关村大街59号 邮箱：cgzx@ruc.edu.cn 八、项目联系方式 1．采购人信息 名称：中国人民大学 地址：北京市海淀区中关村大街59号 联系方式：010-62511205 2．采购执行机构信息 名称：中央国家机关政府采购中心 地址：北京市西城区西直门内大街西章胡同9号院 邮政编码：100035 联系方式：详见http://www.zycg.gov.cn/home/contactus 九、附件 中国人民大学视频会议系统及会议室音频系统（询价）采购项目询价通知书.pdf 北京威佳信达科技有限公司中小企业声明函 本国产品声明函 成交通知书下载链接 中央国家机关政府采购中心 2026年09月03日",教育培训,,中国政府采购网,,,,,,1.36,,"王展伟,李佃,刘克俭,张景仁,赵晓峰",,北京威佳信达科技有限公司 供应商地址： 天元港中心B1501 成交金额：人民币13600.00元 是否中小企业生产： 是,,,,
中国工业互联网研究院计算机网络设备(询价）采购项目成交公告,成交公告,DZXJ260727910059820,2026年09月03日 18:05,北京市,中国工业互联网研究院,北京市朝阳区酒仙桥北路甲10号院403号,87901163,中央国家机关政府采购中心,北京市西城区西直门内大街西章胡同9号院,详见http://www.zycg.gov.cn/home/contactus,王景瑶,87901163,"中小企业声明函.pdf,关于符合本国产品标准的声明函.pdf,DZXJ260727910059820中国工业互联网研究院计算机网络设备(询价）采购项目电子询价通知书.pdf","[{""attach_name"": ""中小企业声明函.pdf"", ""attach_url"": ""https://download.ccgp.gov.cn/oss/download?uuid=c8117698-8c6a-491f-9f7b-63d851""}, {""attach_name"": ""关于符合本国产品标准的声明函.pdf"", ""attach_url"": ""https://download.ccgp.gov.cn/oss/download?uuid=f1798e10-74e3-4b99-ace6-2e8d56""}, {""attach_name"": ""DZXJ260727910059820中国工业互联网研究院计算机网络设备(询价）采购项目电子询价通知书.pdf"", ""attach_url"": ""https://download.ccgp.gov.cn/oss/download?uuid=f5ad0279-7f22-43f5-a93c-dc0b58""}]",https://www.ccgp.gov.cn/cggg/zygg/cjgg/202609/t20260903_27262591.htm,2026-09-10 09:39:00,".f-fwb { font-weight: bold; } h3 { margin: 10px 0; font-size: 1.1em; } p { line-height: 1.5; margin: 8px 0; } table { width: 100%; border: 1px solid #ddd; border-collapse: collapse; } th, td { text-align: left; padding: 8px; border-bottom: 1px solid #ddd; } thead { background: #f2f2f2; } .text-center { text-align: center; } .contact-info { line-height: 1.5; margin-bottom: 5px; } a { color: #207ad6; text-decoration: none; } a:hover { text-decoration: underline; } .signature { text-align: right; margin-top: 20px; } .signature p { margin-bottom: 5px; } 一、项目基本情况 1．项目编号：DZXJ260727910059820 2．项目名称：中国工业互联网研究院计算机网络设备(询价）采购项目 3．采购组织单位：中国工业互联网研究院 4．采购方式：询价 5．预算金额：1080000.00元 二、成交信息 初审情况： 全部投标人通过了初审 成交供应商情况： 供应商名称：北京大德合创科技有限公司 供应商地址： 北京市昌平区南邵镇景兴街25号院1号楼8层814-1 成交金额：人民币486010.00元 是否中小企业生产： 是 是否享受价格扣除： 是 其他补充说明： 无 三、主要成交标的信息 序号 产品 品牌 规格型号 数量 单价（元） 1 备份一体机 腾凌 ODB2000-K-12S 1 186010.00 2 加密机 海泰方圆 Haitai-ET 2 90000.00 3 SSL VPN网关 海泰方圆 HT-ISAG 2 60000.00 四、评审专家名单 杨斌（组长)、 刘峰、 夏若南、 梁民、 邱学志 五、代理服务收费标准及金额： 免费 六、公告期限 自本公告发布之日起1个工作日。 七、其他补充事宜 1. 采购人和成交供应商可点击本公告附件的链接，登录中央政府采购网，自行下载成交通知书。 2. 凡对本次询价提出询问，请按以下方式联系 联系人：王景瑶 联系电话：87901163 联系地址：北京市朝阳区酒仙桥北路甲10号院403号 邮箱：wangjingyao@china-aii.com 八、项目联系方式 1．采购人信息 名称：中国工业互联网研究院 地址：北京市朝阳区酒仙桥北路甲10号院403号 联系方式：87901163 2．采购执行机构信息 名称：中央国家机关政府采购中心 地址：北京市西城区西直门内大街西章胡同9号院 邮政编码：100035 联系方式：详见http://www.zycg.gov.cn/home/contactus 九、附件 中国工业互联网研究院计算机网络设备(询价）采购项目询价通知书.pdf 北京大德合创科技有限公司中小企业声明函 本国产品声明函 成交通知书下载链接 中央国家机关政府采购中心 2026年09月03日",信息技术,,中国政府采购网,,,,,,48.601,,"杨斌,刘峰,夏若南,梁民,邱学志",,北京大德合创科技有限公司 供应商地址： 北京市昌平区南邵镇景兴街25号院1号楼8层814-1 成交金额：人民币48601,,,,
中国艺术研究院(中国非物质文化遗产保护中心)计算机网络设备(询价）采购项目成交公告,成交公告,DZXJ251124410146020,2026年09月03日 18:05,北京市,中国艺术研究院(中国非物质文化遗产保护中心),北京市朝阳区来广营西路81号,010-64116611-6305,中央国家机关政府采购中心,北京市西城区西直门内大街西章胡同9号院,详见http://www.zycg.gov.cn/home/contactus,陈红业,010-64116611-6308,"国产声明函.pdf,DZXJ251124410146020中国艺术研究院(中国非物质文化遗产保护中心)计算机网络设备(询价）采购项目电子询价通知书.pdf","[{""attach_name"": ""国产声明函.pdf"", ""attach_url"": ""https://download.ccgp.gov.cn/oss/download?uuid=5089f65b-ca64-4464-b895-f2a169""}, {""attach_name"": ""DZXJ251124410146020中国艺术研究院(中国非物质文化遗产保护中心)计算机网络设备(询价）采购项目电子询价通知书.pdf"", ""attach_url"": ""https://download.ccgp.gov.cn/oss/download?uuid=d7cd5643-73e9-4cb5-a62e-a3676d""}]",https://www.ccgp.gov.cn/cggg/zygg/cjgg/202609/t20260903_27262583.htm,2026-09-10 09:39:00,".f-fwb { font-weight: bold; } h3 { margin: 10px 0; font-size: 1.1em; } p { line-height: 1.5; margin: 8px 0; } table { width: 100%; border: 1px solid #ddd; border-collapse: collapse; } th, td { text-align: left; padding: 8px; border-bottom: 1px solid #ddd; } thead { background: #f2f2f2; } .text-center { text-align: center; } .contact-info { line-height: 1.5; margin-bottom: 5px; } a { color: #207ad6; text-decoration: none; } a:hover { text-decoration: underline; } .signature { text-align: right; margin-top: 20px; } .signature p { margin-bottom: 5px; } 一、项目基本情况 1．项目编号：DZXJ251124410146020 2．项目名称：中国艺术研究院(中国非物质文化遗产保护中心)计算机网络设备(询价）采购项目 3．采购组织单位：中国艺术研究院(中国非物质文化遗产保护中心) 4．采购方式：询价 5．预算金额：20000.00元 二、成交信息 初审情况： 全部投标人通过了初审 成交供应商情况： 供应商名称：北京睿彬永弘科技有限公司 供应商地址： 北京市石景山区八大处路49号院4号楼3层3488B 成交金额：人民币10280.00元 是否中小企业生产： 否 是否享受价格扣除： 否 其他补充说明： 无 三、主要成交标的信息 序号 产品 品牌 规格型号 数量 单价（元） 1 企业级机械硬盘 希捷 ST8000NM017B 4 2570.00 四、评审专家名单 王展伟（组长)、 李佃、 刘克俭、 张景仁、 赵晓峰 五、代理服务收费标准及金额： 免费 六、公告期限 自本公告发布之日起1个工作日。 七、其他补充事宜 1. 采购人和成交供应商可点击本公告附件的链接，登录中央政府采购网，自行下载成交通知书。 2. 凡对本次询价提出询问，请按以下方式联系 联系人：陈红业 联系电话：010-64116611-6308 联系地址：北京市朝阳区来广营西路81号 邮箱：3608347959@qq.com 八、项目联系方式 1．采购人信息 名称：中国艺术研究院(中国非物质文化遗产保护中心) 地址：北京市朝阳区来广营西路81号 联系方式：010-64116611-6305 2．采购执行机构信息 名称：中央国家机关政府采购中心 地址：北京市西城区西直门内大街西章胡同9号院 邮政编码：100035 联系方式：详见http://www.zycg.gov.cn/home/contactus 九、附件 中国艺术研究院(中国非物质文化遗产保护中心)计算机网络设备(询价）采购项目询价通知书.pdf 本国产品声明函 成交通知书下载链接 中央国家机关政府采购中心 2026年09月03日",信息技术,,中国政府采购网,,,,,,1.028,,"王展伟,李佃,刘克俭,张景仁,赵晓峰",,北京睿彬永弘科技有限公司 供应商地址： 北京市石景山区八大处路49号院4号楼3层3488B 成交金额：人民币10280.,,,,
中国残疾人联合会信息中心计算机网络设备(询价）采购项目成交公告,成交公告,DZXJ260624610062220,2026年09月03日 18:05,北京市,中国残疾人联合会信息中心,北京市西直门南小街186号中国残联,66580334,中央国家机关政府采购中心,北京市西城区西直门内大街西章胡同9号院,详见http://www.zycg.gov.cn/home/contactus,彭艳,66580334,"DZXJ260624610062220中国残疾人联合会信息中心计算机网络设备(询价）采购项目电子询价通知书.pdf,关于符合本国产品标准的声明函.pdf","[{""attach_name"": ""DZXJ260624610062220中国残疾人联合会信息中心计算机网络设备(询价）采购项目电子询价通知书.pdf"", ""attach_url"": ""https://download.ccgp.gov.cn/oss/download?uuid=8af62b6c-5045-4c1a-823c-619c31""}, {""attach_name"": ""关于符合本国产品标准的声明函.pdf"", ""attach_url"": ""https://download.ccgp.gov.cn/oss/download?uuid=7ad40201-531c-425b-bc7d-035a65""}]",https://www.ccgp.gov.cn/cggg/zygg/cjgg/202609/t20260903_27262582.htm,2026-09-10 09:39:01,".f-fwb { font-weight: bold; } h3 { margin: 10px 0; font-size: 1.1em; } p { line-height: 1.5; margin: 8px 0; } table { width: 100%; border: 1px solid #ddd; border-collapse: collapse; } th, td { text-align: left; padding: 8px; border-bottom: 1px solid #ddd; } thead { background: #f2f2f2; } .text-center { text-align: center; } .contact-info { line-height: 1.5; margin-bottom: 5px; } a { color: #207ad6; text-decoration: none; } a:hover { text-decoration: underline; } .signature { text-align: right; margin-top: 20px; } .signature p { margin-bottom: 5px; } 一、项目基本情况 1．项目编号：DZXJ260624610062220 2．项目名称：中国残疾人联合会信息中心计算机网络设备(询价）采购项目 3．采购组织单位：中国残疾人联合会信息中心 4．采购方式：询价 5．预算金额：55000.00元 二、成交信息 初审情况： 全部投标人通过了初审 成交供应商情况： 供应商名称：北京天融信网络安全技术有限公司 供应商地址： 北京海淀区天融信大厦 成交金额：人民币30132.00元 是否中小企业生产： 否 是否享受价格扣除： 否 其他补充说明： 无 三、主要成交标的信息 序号 产品 品牌 规格型号 数量 单价（元） 1 抗DDOS设备 天融信 天融信异常流量管理与抗拒绝服务系统 TopADS V3 1 30132.00 四、评审专家名单 杨斌（组长)、 刘峰、 夏若南、 梁民、 邱学志 五、代理服务收费标准及金额： 免费 六、公告期限 自本公告发布之日起1个工作日。 七、其他补充事宜 1. 采购人和成交供应商可点击本公告附件的链接，登录中央政府采购网，自行下载成交通知书。 2. 凡对本次询价提出询问，请按以下方式联系 联系人：彭艳 联系电话：66580334 联系地址：北京市西直门南小街186号中国残联 邮箱：13683523301@163.com 八、项目联系方式 1．采购人信息 名称：中国残疾人联合会信息中心 地址：北京市西直门南小街186号中国残联 联系方式：66580334 2．采购执行机构信息 名称：中央国家机关政府采购中心 地址：北京市西城区西直门内大街西章胡同9号院 邮政编码：100035 联系方式：详见http://www.zycg.gov.cn/home/contactus 九、附件 中国残疾人联合会信息中心计算机网络设备(询价）采购项目询价通知书.pdf 本国产品声明函 成交通知书下载链接 中央国家机关政府采购中心 2026年09月03日",信息技术,,中国政府采购网,,,,,,3.0132,,"杨斌,刘峰,夏若南,梁民,邱学志",,北京天融信网络安全技术有限公司 供应商地址： 北京海淀区天融信大厦 成交金额：人民币30132.00元 是否中小企业生产,,,,
中华人民共和国深圳海事局计算机网络设备(询价）采购项目成交公告,成交公告,DZXJ260618010340120,2026年09月03日 18:05,广东省,中华人民共和国深圳海事局,广东省深圳市宝安区宝安海事局,27773287,中央国家机关政府采购中心,北京市西城区西直门内大街西章胡同9号院,详见http://www.zycg.gov.cn/home/contactus,龚振,0755-27773287,"DZXJ260618010340120中华人民共和国深圳海事局计算机网络设备(询价）采购项目电子询价通知书.pdf,本国产品声明函.pdf","[{""attach_name"": ""DZXJ260618010340120中华人民共和国深圳海事局计算机网络设备(询价）采购项目电子询价通知书.pdf"", ""attach_url"": ""https://download.ccgp.gov.cn/oss/download?uuid=bf956c91-ebe7-44c5-9766-8c0689""}, {""attach_name"": ""本国产品声明函.pdf"", ""attach_url"": ""https://download.ccgp.gov.cn/oss/download?uuid=2b436be0-0032-4104-8ed9-03155b""}]",https://www.ccgp.gov.cn/cggg/zygg/cjgg/202609/t20260903_27262581.htm,2026-09-10 09:39:02,".f-fwb { font-weight: bold; } h3 { margin: 10px 0; font-size: 1.1em; } p { line-height: 1.5; margin: 8px 0; } table { width: 100%; border: 1px solid #ddd; border-collapse: collapse; } th, td { text-align: left; padding: 8px; border-bottom: 1px solid #ddd; } thead { background: #f2f2f2; } .text-center { text-align: center; } .contact-info { line-height: 1.5; margin-bottom: 5px; } a { color: #207ad6; text-decoration: none; } a:hover { text-decoration: underline; } .signature { text-align: right; margin-top: 20px; } .signature p { margin-bottom: 5px; } 一、项目基本情况 1．项目编号：DZXJ260618010340120 2．项目名称：中华人民共和国深圳海事局计算机网络设备(询价）采购项目 3．采购组织单位：中华人民共和国深圳海事局 4．采购方式：询价 5．预算金额：760000.00元 二、成交信息 初审情况： 全部投标人通过了初审 成交供应商情况： 供应商名称：深圳菲尼克科技有限公司 供应商地址： 深圳市南山区粤海街道高新区社区科技南六路35号万德莱大厦北座501b 成交金额：人民币456000.00元 是否中小企业生产： 否 是否享受价格扣除： 否 其他补充说明： 无 三、主要成交标的信息 序号 产品 品牌 规格型号 数量 单价（元） 1 数据中心汇聚交换机 H3C S6526XE-48X4CC-EI 6 59700.00 2 数据中心接入交换机 H3C S5590XP-48T4XC-HI-G 4 24450.00 四、评审专家名单 王展伟（组长)、 李佃、 刘克俭、 张景仁、 赵晓峰 五、代理服务收费标准及金额： 免费 六、公告期限 自本公告发布之日起1个工作日。 七、其他补充事宜 1. 采购人和成交供应商可点击本公告附件的链接，登录中央政府采购网，自行下载成交通知书。 2. 凡对本次询价提出询问，请按以下方式联系 联系人：龚振 联系电话：0755-27773287 联系地址：广东省深圳市宝安区宝安海事局 邮箱：794785950@qq.com 八、项目联系方式 1．采购人信息 名称：中华人民共和国深圳海事局 地址：广东省深圳市宝安区宝安海事局 联系方式：27773287 2．采购执行机构信息 名称：中央国家机关政府采购中心 地址：北京市西城区西直门内大街西章胡同9号院 邮政编码：100035 联系方式：详见http://www.zycg.gov.cn/home/contactus 九、附件 中华人民共和国深圳海事局计算机网络设备(询价）采购项目询价通知书.pdf 本国产品声明函 成交通知书下载链接 中央国家机关政府采购中心 2026年09月03日",信息技术,,中国政府采购网,,,,,,45.6,,"王展伟,李佃,刘克俭,张景仁,赵晓峰",,深圳菲尼克科技有限公司 供应商地址： 深圳市南山区粤海街道高新区社区科技南六路35号万德莱大厦北座501b 成交金额：人,,,,
中华人民共和国西九龙出入境边防检查站计算机网络设备(询价）采购项目成交公告,成交公告,DZXJ260730210057920,2026年09月03日 18:05,广东省,中华人民共和国西九龙出入境边防检查站,深圳市罗湖区东湖街道翠荫路660号,0755-84496868,中央国家机关政府采购中心,北京市西城区西直门内大街西章胡同9号院,详见http://www.zycg.gov.cn/home/contactus,邬龙飞,0755-84496868,"DZXJ260730210057920中华人民共和国西九龙出入境边防检查站计算机网络设备(询价）采购项目电子询价通知书.pdf,关于符合本国产品标准的说明函.pdf","[{""attach_name"": ""DZXJ260730210057920中华人民共和国西九龙出入境边防检查站计算机网络设备(询价）采购项目电子询价通知书.pdf"", ""attach_url"": ""https://download.ccgp.gov.cn/oss/download?uuid=e99cc695-c944-445b-a52f-b61bda""}, {""attach_name"": ""关于符合本国产品标准的说明函.pdf"", ""attach_url"": ""https://download.ccgp.gov.cn/oss/download?uuid=746b80dc-990a-4457-a6bb-fa9c08""}]",https://www.ccgp.gov.cn/cggg/zygg/cjgg/202609/t20260903_27262589.htm,2026-09-10 09:39:03,".f-fwb { font-weight: bold; } h3 { margin: 10px 0; font-size: 1.1em; } p { line-height: 1.5; margin: 8px 0; } table { width: 100%; border: 1px solid #ddd; border-collapse: collapse; } th, td { text-align: left; padding: 8px; border-bottom: 1px solid #ddd; } thead { background: #f2f2f2; } .text-center { text-align: center; } .contact-info { line-height: 1.5; margin-bottom: 5px; } a { color: #207ad6; text-decoration: none; } a:hover { text-decoration: underline; } .signature { text-align: right; margin-top: 20px; } .signature p { margin-bottom: 5px; } 一、项目基本情况 1．项目编号：DZXJ260730210057920 2．项目名称：中华人民共和国西九龙出入境边防检查站计算机网络设备(询价）采购项目 3．采购组织单位：中华人民共和国西九龙出入境边防检查站 4．采购方式：询价 5．预算金额：67700.00元 二、成交信息 初审情况： 全部投标人通过了初审 成交供应商情况： 供应商名称：北京华琼致远科技有限公司 供应商地址： 北京市通州区水仙西路99号2层01-25161 成交金额：人民币66000.00元 是否中小企业生产： 否 是否享受价格扣除： 否 其他补充说明： 无 三、主要成交标的信息 序号 产品 品牌 规格型号 数量 单价（元） 1 无线AP 鼎桥 AirEngine6776I-X6ETH-K 2 33000.00 四、评审专家名单 杨斌（组长)、 刘峰、 夏若南、 梁民、 邱学志 五、代理服务收费标准及金额： 免费 六、公告期限 自本公告发布之日起1个工作日。 七、其他补充事宜 1. 采购人和成交供应商可点击本公告附件的链接，登录中央政府采购网，自行下载成交通知书。 2. 凡对本次询价提出询问，请按以下方式联系 联系人：邬龙飞 联系电话：0755-84496868 联系地址：深圳市罗湖区东湖街道翠荫路660号 邮箱：568633833@qq.com 八、项目联系方式 1．采购人信息 名称：中华人民共和国西九龙出入境边防检查站 地址：深圳市罗湖区东湖街道翠荫路660号 联系方式：0755-84496868 2．采购执行机构信息 名称：中央国家机关政府采购中心 地址：北京市西城区西直门内大街西章胡同9号院 邮政编码：100035 联系方式：详见http://www.zycg.gov.cn/home/contactus 九、附件 中华人民共和国西九龙出入境边防检查站计算机网络设备(询价）采购项目询价通知书.pdf 本国产品声明函 成交通知书下载链接 中央国家机关政府采购中心 2026年09月03日",信息技术,,中国政府采购网,,,,,,6.6,,"杨斌,刘峰,夏若南,梁民,邱学志",,北京华琼致远科技有限公司 供应商地址： 北京市通州区水仙西路99号2层01-25161 成交金额：人民币66000.00,,,,
中国药科大学台式计算机及配件（询价）采购项目成交公告,成交公告,DZXJ260727910090920,2026年09月03日 18:05,江苏省,中国药科大学,龙眠大道639号中国药科大学江宁校区,025-86185121,中央国家机关政府采购中心,北京市西城区西直门内大街西章胡同9号院,详见http://www.zycg.gov.cn/home/contactus,于老师,025-86185109,"DZXJ260727910090920中国药科大学台式计算机及配件（询价）采购项目电子询价通知书.pdf,关于符合本国产品标准的声明函.pdf","[{""attach_name"": ""DZXJ260727910090920中国药科大学台式计算机及配件（询价）采购项目电子询价通知书.pdf"", ""attach_url"": ""https://download.ccgp.gov.cn/oss/download?uuid=a7bef205-ca45-4f36-b37e-2af67e""}, {""attach_name"": ""关于符合本国产品标准的声明函.pdf"", ""attach_url"": ""https://download.ccgp.gov.cn/oss/download?uuid=3421d1cd-9d02-46b5-983d-7293b7""}]",https://www.ccgp.gov.cn/cggg/zygg/cjgg/202609/t20260903_27262555.htm,2026-09-10 09:39:03,".f-fwb { font-weight: bold; } h3 { margin: 10px 0; font-size: 1.1em; } p { line-height: 1.5; margin: 8px 0; } table { width: 100%; border: 1px solid #ddd; border-collapse: collapse; } th, td { text-align: left; padding: 8px; border-bottom: 1px solid #ddd; } thead { background: #f2f2f2; } .text-center { text-align: center; } .contact-info { line-height: 1.5; margin-bottom: 5px; } a { color: #207ad6; text-decoration: none; } a:hover { text-decoration: underline; } .signature { text-align: right; margin-top: 20px; } .signature p { margin-bottom: 5px; } 一、项目基本情况 1．项目编号：DZXJ260727910090920 2．项目名称：中国药科大学台式计算机及配件（询价）采购项目 3．采购组织单位：中国药科大学 4．采购方式：询价 5．预算金额：998040.00元 二、成交信息 初审情况： 以下响应人未通过初审： 序号 响应人名称 被拒绝原因 询价通知书相应拒绝条款 1 华创智算（南京）科技有限公司 符合性审查未通过：本国产品声明函不合格。 响应人须知前附表第8条第2项 成交供应商情况： 供应商名称：南京科祺致普电子科技有限公司 供应商地址： 南京市玄武区珠江路655号太平洋电子商城516室 成交金额：人民币975590.00元 是否中小企业生产： 否 是否享受价格扣除： 否 其他补充说明： 无 三、主要成交标的信息 序号 产品 品牌 规格型号 数量 单价（元） 1 台式计算机主机 惠普 Pro SFF 400 G9 76 5690.00 2 台式计算机主机 惠普 Pro Tower 480 G9 71 7650.00 四、评审专家名单 杨斌（组长)、 刘峰、 夏若南、 梁民、 邱学志 五、代理服务收费标准及金额： 免费 六、公告期限 自本公告发布之日起1个工作日。 七、其他补充事宜 1. 采购人和成交供应商可点击本公告附件的链接，登录中央政府采购网，自行下载成交通知书。 2. 凡对本次询价提出询问，请按以下方式联系 联系人：于老师 联系电话：025-86185109 联系地址：龙眠大道639号中国药科大学江宁校区 邮箱：zbb@cpu.edu.cn 八、项目联系方式 1．采购人信息 名称：中国药科大学 地址：龙眠大道639号中国药科大学江宁校区 联系方式：025-86185121 2．采购执行机构信息 名称：中央国家机关政府采购中心 地址：北京市西城区西直门内大街西章胡同9号院 邮政编码：100035 联系方式：详见http://www.zycg.gov.cn/home/contactus 九、附件 中国药科大学台式计算机及配件（询价）采购项目询价通知书.pdf 本国产品声明函 成交通知书下载链接 中央国家机关政府采购中心 2026年09月03日",医疗卫生,,中国政府采购网,,,,,,97.559,,"杨斌,刘峰,夏若南,梁民,邱学志",,南京科祺致普电子科技有限公司 供应商地址： 南京市玄武区珠江路655号太平洋电子商城516室 成交金额：人民币97559,,,,
中国社会科学院中国社会科学评价研究院计算机网络设备(询价）采购项目成交公告,成交公告,DZXJ260702410046320,2026年09月03日 18:00,北京市,中国社会科学院中国社会科学评价研究院,北京市东城区建国门内大街5号,010-85195172,中央国家机关政府采购中心,北京市西城区西直门内大街西章胡同9号院,详见http://www.zycg.gov.cn/home/contactus,王淳,85195172,"本国产品.pdf,DZXJ260702410046320中国社会科学院中国社会科学评价研究院计算机网络设备(询价）采购项目电子询价通知书.pdf","[{""attach_name"": ""本国产品.pdf"", ""attach_url"": ""https://download.ccgp.gov.cn/oss/download?uuid=22a78717-46d7-4a4f-b39b-739928""}, {""attach_name"": ""DZXJ260702410046320中国社会科学院中国社会科学评价研究院计算机网络设备(询价）采购项目电子询价通知书.pdf"", ""attach_url"": ""https://download.ccgp.gov.cn/oss/download?uuid=e8ef8e38-21d4-4ddb-9a78-daa2cd""}]",https://www.ccgp.gov.cn/cggg/zygg/cjgg/202609/t20260903_27262502.htm,2026-09-10 09:39:04,".f-fwb { font-weight: bold; } h3 { margin: 10px 0; font-size: 1.1em; } p { line-height: 1.5; margin: 8px 0; } table { width: 100%; border: 1px solid #ddd; border-collapse: collapse; } th, td { text-align: left; padding: 8px; border-bottom: 1px solid #ddd; } thead { background: #f2f2f2; } .text-center { text-align: center; } .contact-info { line-height: 1.5; margin-bottom: 5px; } a { color: #207ad6; text-decoration: none; } a:hover { text-decoration: underline; } .signature { text-align: right; margin-top: 20px; } .signature p { margin-bottom: 5px; } 一、项目基本情况 1．项目编号：DZXJ260702410046320 2．项目名称：中国社会科学院中国社会科学评价研究院计算机网络设备(询价）采购项目 3．采购组织单位：中国社会科学院中国社会科学评价研究院 4．采购方式：询价 5．预算金额：49800.00元 二、成交信息 初审情况： 以下响应人未通过初审： 序号 响应人名称 被拒绝原因 询价通知书相应拒绝条款 1 青春互动（北京）科技有限公司 提供的书面说明、证明材料不能证明其报价合理性 ，异常低价响应审查未通过,响应无效。 响应人须知前附表第19条 2 武汉心界科技有限公司 符合性审查未通过：未按要求提供“电子询价报价响应函”。符合性审查未通过：本国产品声明函不合格。 响应人须知前附表第8条第1项,响应人须知前附表第8条第2项 成交供应商情况： 供应商名称：北京德仕美通电子有限公司 供应商地址： 北京市海淀区西北旺镇邓庄南路万家盛景大厦A609 成交金额：人民币22908.00元 是否中小企业生产： 否 是否享受价格扣除： 否 其他补充说明： 无 三、主要成交标的信息 序号 产品 品牌 规格型号 数量 单价（元） 1 网络储存设备 绿联 DXP4800 Plus 1 22908.00 四、评审专家名单 汪晓臣（组长)、 吕颖颖、 隋毅 五、代理服务收费标准及金额： 免费 六、公告期限 自本公告发布之日起1个工作日。 七、其他补充事宜 1. 采购人和成交供应商可点击本公告附件的链接，登录中央政府采购网，自行下载成交通知书。 2. 凡对本次询价提出询问，请按以下方式联系 联系人：王淳 联系电话：85195172 联系地址：北京市东城区建国门内大街5号 邮箱：wangchun@cass.org.cn 八、项目联系方式 1．采购人信息 名称：中国社会科学院中国社会科学评价研究院 地址：北京市东城区建国门内大街5号 联系方式：010-85195172 2．采购执行机构信息 名称：中央国家机关政府采购中心 地址：北京市西城区西直门内大街西章胡同9号院 邮政编码：100035 联系方式：详见http://www.zycg.gov.cn/home/contactus 九、附件 中国社会科学院中国社会科学评价研究院计算机网络设备(询价）采购项目询价通知书.pdf 本国产品声明函 成交通知书下载链接 中央国家机关政府采购中心 2026年09月03日",教育培训,,中国政府采购网,,,,,,2.2908,,"汪晓臣,吕颖颖,隋毅",,北京德仕美通电子有限公司 供应商地址： 北京市海淀区西北旺镇邓庄南路万家盛景大厦A609 成交金额：人民币22908.0,,,,
国家工业信息安全发展研究中心(工业和信息化部电子第一研究所)计算机网络设备(询价）采购项目成交公告,成交公告,DZXJ260724610094620,2026年09月03日 18:00,北京市,国家工业信息安全发展研究中心(工业和信息化部电子第一研究所),北京市石景山区鲁谷路35号,010-88686011,中央国家机关政府采购中心,北京市西城区西直门内大街西章胡同9号院,详见http://www.zycg.gov.cn/home/contactus,蒋宏亮,010-88686011,"DZXJ260724610094620国家工业信息安全发展研究中心(工业和信息化部电子第一研究所)计算机网络设备(询价）采购项目电子询价通知书.pdf,易仁（北京）科技有限公司-本国产品声明函.pdf","[{""attach_name"": ""DZXJ260724610094620国家工业信息安全发展研究中心(工业和信息化部电子第一研究所)计算机网络设备(询价）采购项目电子询价通知书.pdf"", ""attach_url"": ""https://download.ccgp.gov.cn/oss/download?uuid=47356e4c-da1f-4c20-88c7-ffc13b""}, {""attach_name"": ""易仁（北京）科技有限公司-本国产品声明函.pdf"", ""attach_url"": ""https://download.ccgp.gov.cn/oss/download?uuid=41c63ca7-f4c8-4b36-b6c0-e420fc""}]",https://www.ccgp.gov.cn/cggg/zygg/cjgg/202609/t20260903_27262530.htm,2026-09-10 09:39:05,".f-fwb { font-weight: bold; } h3 { margin: 10px 0; font-size: 1.1em; } p { line-height: 1.5; margin: 8px 0; } table { width: 100%; border: 1px solid #ddd; border-collapse: collapse; } th, td { text-align: left; padding: 8px; border-bottom: 1px solid #ddd; } thead { background: #f2f2f2; } .text-center { text-align: center; } .contact-info { line-height: 1.5; margin-bottom: 5px; } a { color: #207ad6; text-decoration: none; } a:hover { text-decoration: underline; } .signature { text-align: right; margin-top: 20px; } .signature p { margin-bottom: 5px; } 一、项目基本情况 1．项目编号：DZXJ260724610094620 2．项目名称：国家工业信息安全发展研究中心(工业和信息化部电子第一研究所)计算机网络设备(询价）采购项目 3．采购组织单位：国家工业信息安全发展研究中心(工业和信息化部电子第一研究所) 4．采购方式：询价 5．预算金额：34350.00元 二、成交信息 初审情况： 以下响应人未通过初审： 序号 响应人名称 被拒绝原因 询价通知书相应拒绝条款 1 进达智联科技（江西）集团有限公司 符合性审查未通过：未按要求提供营业执照。 响应人须知前附表第8条第1项 成交供应商情况： 供应商名称：易仁（北京）科技有限公司 供应商地址： 北京市海淀区知春路111号理想大厦10层1003室 成交金额：人民币11000.00元 是否中小企业生产： 否 是否享受价格扣除： 否 其他补充说明： 无 三、主要成交标的信息 序号 产品 品牌 规格型号 数量 单价（元） 1 交换机 H3C S5590-28T8XC-HI 1 11000.00 四、评审专家名单 王展伟（组长)、 李佃、 刘克俭、 张景仁、 赵晓峰 五、代理服务收费标准及金额： 免费 六、公告期限 自本公告发布之日起1个工作日。 七、其他补充事宜 1. 采购人和成交供应商可点击本公告附件的链接，登录中央政府采购网，自行下载成交通知书。 2. 凡对本次询价提出询问，请按以下方式联系 联系人：蒋宏亮 联系电话：010-88686011 联系地址：北京市石景山区鲁谷路35号 邮箱：jianghl_2020@sina.com 八、项目联系方式 1．采购人信息 名称：国家工业信息安全发展研究中心(工业和信息化部电子第一研究所) 地址：北京市石景山区鲁谷路35号 联系方式：010-88686011 2．采购执行机构信息 名称：中央国家机关政府采购中心 地址：北京市西城区西直门内大街西章胡同9号院 邮政编码：100035 联系方式：详见http://www.zycg.gov.cn/home/contactus 九、附件 国家工业信息安全发展研究中心(工业和信息化部电子第一研究所)计算机网络设备(询价）采购项目询价通知书.pdf 本国产品声明函 成交通知书下载链接 中央国家机关政府采购中心 2026年09月03日",信息技术,,中国政府采购网,,,,,,1.1,,"王展伟,李佃,刘克俭,张景仁,赵晓峰",,易仁（北京）科技有限公司 供应商地址： 北京市海淀区知春路111号理想大厦10层1003室 成交金额：人民币11000.,,,,
中华人民共和国徐州出入境边防检查站计算机网络设备(询价）采购项目成交公告,成交公告,DZXJ260811410199920,2026年09月03日 18:00,江苏省,中华人民共和国徐州出入境边防检查站,江苏省徐州市云龙区新元大道3号,80805300,中央国家机关政府采购中心,北京市西城区西直门内大街西章胡同9号院,详见http://www.zycg.gov.cn/home/contactus,曹勇,80805330,"徐州出入境-本国产品.pdf,DZXJ260811410199920中华人民共和国徐州出入境边防检查站计算机网络设备(询价）采购项目电子询价通知书.pdf","[{""attach_name"": ""徐州出入境-本国产品.pdf"", ""attach_url"": ""https://download.ccgp.gov.cn/oss/download?uuid=164fd981-57cc-45c8-9279-35fc53""}, {""attach_name"": ""DZXJ260811410199920中华人民共和国徐州出入境边防检查站计算机网络设备(询价）采购项目电子询价通知书.pdf"", ""attach_url"": ""https://download.ccgp.gov.cn/oss/download?uuid=398cce8b-036c-46ff-809a-3f55dc""}]",https://www.ccgp.gov.cn/cggg/zygg/cjgg/202609/t20260903_27262501.htm,2026-09-10 09:39:05,".f-fwb { font-weight: bold; } h3 { margin: 10px 0; font-size: 1.1em; } p { line-height: 1.5; margin: 8px 0; } table { width: 100%; border: 1px solid #ddd; border-collapse: collapse; } th, td { text-align: left; padding: 8px; border-bottom: 1px solid #ddd; } thead { background: #f2f2f2; } .text-center { text-align: center; } .contact-info { line-height: 1.5; margin-bottom: 5px; } a { color: #207ad6; text-decoration: none; } a:hover { text-decoration: underline; } .signature { text-align: right; margin-top: 20px; } .signature p { margin-bottom: 5px; } 一、项目基本情况 1．项目编号：DZXJ260811410199920 2．项目名称：中华人民共和国徐州出入境边防检查站计算机网络设备(询价）采购项目 3．采购组织单位：中华人民共和国徐州出入境边防检查站 4．采购方式：询价 5．预算金额：20000.00元 二、成交信息 初审情况： 以下响应人未通过初审： 序号 响应人名称 被拒绝原因 询价通知书相应拒绝条款 1 武汉心界科技有限公司 符合性审查未通过：未按要求提供“电子询价报价响应函”。符合性审查未通过：本国产品声明函不合格。 响应人须知前附表第8条第1项,响应人须知前附表第8条第2项 成交供应商情况： 供应商名称：北京博艺商贸有限公司 供应商地址： 北京市北京经济开发区（大兴）瀛海镇南海家园七里4号楼一层172室 成交金额：人民币14770.00元 是否中小企业生产： 否 是否享受价格扣除： 否 其他补充说明： 无 三、主要成交标的信息 序号 产品 品牌 规格型号 数量 单价（元） 1 路由器 华三 MSR3640-XS5 2 7385.00 四、评审专家名单 汪晓臣（组长)、 吕颖颖、 隋毅 五、代理服务收费标准及金额： 免费 六、公告期限 自本公告发布之日起1个工作日。 七、其他补充事宜 1. 采购人和成交供应商可点击本公告附件的链接，登录中央政府采购网，自行下载成交通知书。 2. 凡对本次询价提出询问，请按以下方式联系 联系人：曹勇 联系电话：80805330 联系地址：江苏省徐州市云龙区新元大道3号 邮箱：460840035@qq.com 八、项目联系方式 1．采购人信息 名称：中华人民共和国徐州出入境边防检查站 地址：江苏省徐州市云龙区新元大道3号 联系方式：80805300 2．采购执行机构信息 名称：中央国家机关政府采购中心 地址：北京市西城区西直门内大街西章胡同9号院 邮政编码：100035 联系方式：详见http://www.zycg.gov.cn/home/contactus 九、附件 中华人民共和国徐州出入境边防检查站计算机网络设备(询价）采购项目询价通知书.pdf 本国产品声明函 成交通知书下载链接 中央国家机关政府采购中心 2026年09月03日",信息技术,,中国政府采购网,,,,,,1.477,,"汪晓臣,吕颖颖,隋毅",,北京博艺商贸有限公司 供应商地址： 北京市北京经济开发区（大兴）瀛海镇南海家园七里4号楼一层172室 成交金额：人民币1,,,,
国家体育总局秦皇岛训练基地(中国足球学校)视频会议系统及会议室音频系统（询价）采购项目成交公告,成交公告,DZXJ260724610116420,2026年09月03日 18:00,河北省,国家体育总局秦皇岛训练基地(中国足球学校),河北省秦皇岛市海港区文体路5号,0335-8580845,中央国家机关政府采购中心,北京市西城区西直门内大街西章胡同9号院,详见http://www.zycg.gov.cn/home/contactus,邱贵阳,0335-8580812,"DZXJ260724610116420国家体育总局秦皇岛训练基地(中国足球学校)视频会议系统及会议室音频系统（询价）采购项目电子询价通知书.pdf,电子询价国产声明函.pdf,中小企业声明函（货物）.pdf","[{""attach_name"": ""DZXJ260724610116420国家体育总局秦皇岛训练基地(中国足球学校)视频会议系统及会议室音频系统（询价）采购项目电子询价通知书.pdf"", ""attach_url"": ""https://download.ccgp.gov.cn/oss/download?uuid=b157db79-0684-40ed-b54e-b6b11e""}, {""attach_name"": ""电子询价国产声明函.pdf"", ""attach_url"": ""https://download.ccgp.gov.cn/oss/download?uuid=d103dc95-88c2-4e8f-839f-1e47bc""}, {""attach_name"": ""中小企业声明函（货物）.pdf"", ""attach_url"": ""https://download.ccgp.gov.cn/oss/download?uuid=6ff45283-9b1a-48c6-b9e6-25eff9""}]",https://www.ccgp.gov.cn/cggg/zygg/cjgg/202609/t20260903_27262529.htm,2026-09-10 09:39:06,".f-fwb { font-weight: bold; } h3 { margin: 10px 0; font-size: 1.1em; } p { line-height: 1.5; margin: 8px 0; } table { width: 100%; border: 1px solid #ddd; border-collapse: collapse; } th, td { text-align: left; padding: 8px; border-bottom: 1px solid #ddd; } thead { background: #f2f2f2; } .text-center { text-align: center; } .contact-info { line-height: 1.5; margin-bottom: 5px; } a { color: #207ad6; text-decoration: none; } a:hover { text-decoration: underline; } .signature { text-align: right; margin-top: 20px; } .signature p { margin-bottom: 5px; } 一、项目基本情况 1．项目编号：DZXJ260724610116420 2．项目名称：国家体育总局秦皇岛训练基地(中国足球学校)视频会议系统及会议室音频系统（询价）采购项目 3．采购组织单位：国家体育总局秦皇岛训练基地(中国足球学校) 4．采购方式：询价 5．预算金额：804800.00元 二、成交信息 初审情况： 以下响应人未通过初审： 序号 响应人名称 被拒绝原因 询价通知书相应拒绝条款 1 北京凯信德科技发展有限公司 符合性审查未通过：未按要求提供营业执照。 响应人须知前附表第8条第1项 成交供应商情况： 供应商名称：广东漫慧产业投资有限公司 供应商地址： 江门市蓬江区棠下镇河滨新路66号632室 成交金额：人民币362161.00元 是否中小企业生产： 是 是否享受价格扣除： 是 其他补充说明： 无 三、主要成交标的信息 序号 产品 品牌 规格型号 数量 单价（元） 1 全套全彩LED显示屏 海峡彩亮 RM1.81 1 44745.00 2 全套全彩LED显示屏 海峡彩亮 RM1.81 1 38465.00 3 全套全彩LED显示屏 海峡彩亮 RM1.81 1 41134.00 4 多媒体激光投影机含150寸电动幕布 EPSON CB-L690U 1 25906.00 5 无线投屏系统 SUIZS ZS-QY2 6 1100.00 6 数字调音台 SUIZS ZS-ST16 6 3920.00 7 反馈抑制器 SUIZS ZS-F8500 8 1256.00 8 功率放大器 SUIZS ZS-G21000 33 1846.00 9 电教中控主机 SVS M4500 8 4980.00 10 电源时序器 SUIZS ZS-SD8 16 705.00 11 HDMI高清线 线康 2.1V100100 7 950.00 12 专业机柜 唐大图腾 TD22U 4 1020.00 13 无线鹅颈话筒 SUIZS ZS-1240ZM 6 2355.00 14 无线手持话筒 SUIZS ZS-1220B 9 865.00 15 吸顶扬声器 SUIZS ZS-X1V60 66 410.00 四、评审专家名单 杨斌（组长)、 刘峰、 夏若南、 梁民、 邱学志 五、代理服务收费标准及金额： 免费 六、公告期限 自本公告发布之日起1个工作日。 七、其他补充事宜 1. 采购人和成交供应商可点击本公告附件的链接，登录中央政府采购网，自行下载成交通知书。 2. 凡对本次询价提出询问，请按以下方式联系 联系人：邱贵阳 联系电话：0335-8580812 联系地址：河北省秦皇岛市海港区文体路5号 邮箱：498754694@qq.com 八、项目联系方式 1．采购人信息 名称：国家体育总局秦皇岛训练基地(中国足球学校) 地址：河北省秦皇岛市海港区文体路5号 联系方式：0335-8580845 2．采购执行机构信息 名称：中央国家机关政府采购中心 地址：北京市西城区西直门内大街西章胡同9号院 邮政编码：100035 联系方式：详见http://www.zycg.gov.cn/home/contactus 九、附件 国家体育总局秦皇岛训练基地(中国足球学校)视频会议系统及会议室音频系统（询价）采购项目询价通知书.pdf 广东漫慧产业投资有限公司中小企业声明函 本国产品声明函 成交通知书下载链接 中央国家机关政府采购中心 2026年09月03日",教育培训,,中国政府采购网,,,,,,36.2161,,"杨斌,刘峰,夏若南,梁民,邱学志",,广东漫慧产业投资有限公司 供应商地址： 江门市蓬江区棠下镇河滨新路66号632室 成交金额：人民币362161.00元,,,,
中国水利水电科学研究院服务器（询价）采购项目成交公告,成交公告,DZXJ260707910064720,2026年09月03日 18:00,北京市,中国水利水电科学研究院,北京市海淀区复兴路甲一号水科院D座331,68781781,中央国家机关政府采购中心,北京市西城区西直门内大街西章胡同9号院,详见http://www.zycg.gov.cn/home/contactus,满运涛,68781781,"DZXJ260707910064720中国水利水电科学研究院服务器（询价）采购项目电子询价通知书.pdf,中国水利水电科学研究院服务器_中小.pdf,中国水利水电科学研究院服务器_本国.pdf","[{""attach_name"": ""DZXJ260707910064720中国水利水电科学研究院服务器（询价）采购项目电子询价通知书.pdf"", ""attach_url"": ""https://download.ccgp.gov.cn/oss/download?uuid=b4ce7cb3-aba5-4119-bf67-ee4628""}, {""attach_name"": ""中国水利水电科学研究院服务器_中小.pdf"", ""attach_url"": ""https://download.ccgp.gov.cn/oss/download?uuid=0b8ac52a-c20d-4cd6-a6aa-05cbe9""}, {""attach_name"": ""中国水利水电科学研究院服务器_本国.pdf"", ""attach_url"": ""https://download.ccgp.gov.cn/oss/download?uuid=2d84cf54-8e9c-4f6d-8fcb-cc7297""}]",https://www.ccgp.gov.cn/cggg/zygg/cjgg/202609/t20260903_27262527.htm,2026-09-10 09:39:06,".f-fwb { font-weight: bold; } h3 { margin: 10px 0; font-size: 1.1em; } p { line-height: 1.5; margin: 8px 0; } table { width: 100%; border: 1px solid #ddd; border-collapse: collapse; } th, td { text-align: left; padding: 8px; border-bottom: 1px solid #ddd; } thead { background: #f2f2f2; } .text-center { text-align: center; } .contact-info { line-height: 1.5; margin-bottom: 5px; } a { color: #207ad6; text-decoration: none; } a:hover { text-decoration: underline; } .signature { text-align: right; margin-top: 20px; } .signature p { margin-bottom: 5px; } 一、项目基本情况 1．项目编号：DZXJ260707910064720 2．项目名称：中国水利水电科学研究院服务器（询价）采购项目 3．采购组织单位：中国水利水电科学研究院 4．采购方式：询价 5．预算金额：629000.00元 二、成交信息 初审情况： 以下响应人未通过初审： 序号 响应人名称 被拒绝原因 询价通知书相应拒绝条款 1 海南省数字城市产业研究院有限公司 符合性审查未通过：本国产品声明函不合格。 响应人须知前附表第8条第2项 2 广州锦标信息科技有限公司 符合性审查未通过：未按要求提供营业执照。 响应人须知前附表第8条第1项 3 北京湖升控股集团有限公司 符合性审查未通过：未按要求提供“电子询价报价响应函”。 响应人须知前附表第8条第1项 4 北京智远恒迅商贸有限公司 符合性审查未通过：未按要求提供营业执照。 响应人须知前附表第8条第1项 5 进达智联科技（江西）集团有限公司 符合性审查未通过：未按要求提供营业执照。 响应人须知前附表第8条第1项 成交供应商情况： 供应商名称：北京创鑫嘉业科技有限公司 供应商地址： 北京市海淀区中关村大街22号五层A座A0512 成交金额：人民币173000.00元 是否中小企业生产： 是 是否享受价格扣除： 是 其他补充说明： 无 三、主要成交标的信息 序号 产品 品牌 规格型号 数量 单价（元） 1 机架式服务器 腾众 TZ620 H3 1 109000.00 2 机架式服务器 华为 TaiShan 2280 1 64000.00 四、评审专家名单 杨斌（组长)、 刘峰、 夏若南、 梁民、 邱学志 五、代理服务收费标准及金额： 免费 六、公告期限 自本公告发布之日起1个工作日。 七、其他补充事宜 1. 采购人和成交供应商可点击本公告附件的链接，登录中央政府采购网，自行下载成交通知书。 2. 凡对本次询价提出询问，请按以下方式联系 联系人：满运涛 联系电话：68781781 联系地址：北京市海淀区复兴路甲一号水科院D座331 邮箱：jkmanyt@iwhr.com 八、项目联系方式 1．采购人信息 名称：中国水利水电科学研究院 地址：北京市海淀区复兴路甲一号水科院D座331 联系方式：68781781 2．采购执行机构信息 名称：中央国家机关政府采购中心 地址：北京市西城区西直门内大街西章胡同9号院 邮政编码：100035 联系方式：详见http://www.zycg.gov.cn/home/contactus 九、附件 中国水利水电科学研究院服务器（询价）采购项目询价通知书.pdf 北京创鑫嘉业科技有限公司中小企业声明函 本国产品声明函 成交通知书下载链接 中央国家机关政府采购中心 2026年09月03日",水利环保,,中国政府采购网,,,,,,17.3,,"杨斌,刘峰,夏若南,梁民,邱学志",,北京创鑫嘉业科技有限公司 供应商地址： 北京市海淀区中关村大街22号五层A座A0512 成交金额：人民币173000.0,,,,
国家金融监督管理总局平潭监管支局计算机网络设备(询价）采购项目成交公告,成交公告,DZXJ260811410090120,2026年09月03日 18:00,福建省,国家金融监督管理总局平潭监管支局,福建省平潭县翠园南路安置房4号楼3层,0591-88778099,中央国家机关政府采购中心,北京市西城区西直门内大街西章胡同9号院,详见http://www.zycg.gov.cn/home/contactus,吴凡,0591-88778099,"DZXJ260811410090120国家金融监督管理总局平潭监管支局计算机网络设备(询价）采购项目电子询价通知书.pdf,本国－总局平潭.pdf","[{""attach_name"": ""DZXJ260811410090120国家金融监督管理总局平潭监管支局计算机网络设备(询价）采购项目电子询价通知书.pdf"", ""attach_url"": ""https://download.ccgp.gov.cn/oss/download?uuid=228f60a5-3128-43e0-b0e2-c7cdcb""}, {""attach_name"": ""本国－总局平潭.pdf"", ""attach_url"": ""https://download.ccgp.gov.cn/oss/download?uuid=9a93c530-daba-422d-8011-50d630""}]",https://www.ccgp.gov.cn/cggg/zygg/cjgg/202609/t20260903_27262526.htm,2026-09-10 09:39:07,".f-fwb { font-weight: bold; } h3 { margin: 10px 0; font-size: 1.1em; } p { line-height: 1.5; margin: 8px 0; } table { width: 100%; border: 1px solid #ddd; border-collapse: collapse; } th, td { text-align: left; padding: 8px; border-bottom: 1px solid #ddd; } thead { background: #f2f2f2; } .text-center { text-align: center; } .contact-info { line-height: 1.5; margin-bottom: 5px; } a { color: #207ad6; text-decoration: none; } a:hover { text-decoration: underline; } .signature { text-align: right; margin-top: 20px; } .signature p { margin-bottom: 5px; } 一、项目基本情况 1．项目编号：DZXJ260811410090120 2．项目名称：国家金融监督管理总局平潭监管支局计算机网络设备(询价）采购项目 3．采购组织单位：中国银行保险监督管理委员会福建监管局 4．采购方式：询价 5．预算金额：14000.00元 二、成交信息 初审情况： 以下响应人未通过初审： 序号 响应人名称 被拒绝原因 询价通知书相应拒绝条款 1 安阳市润科商贸有限公司 提供的书面说明、证明材料不能证明其报价合理性 ，异常低价响应审查未通过,响应无效。 响应人须知前附表第19条 2 北京玖拾玖科技有限公司 提供的书面说明、证明材料不能证明其报价合理性 ，异常低价响应审查未通过,响应无效。 响应人须知前附表第19条 3 山东鲁浩信息技术有限公司 提供的书面说明、证明材料不能证明其报价合理性 ，异常低价响应审查未通过,响应无效。 响应人须知前附表第19条 4 北京鲲晟互联科技有限公司 符合性审查未通过：未按要求提供“电子询价报价响应函”。符合性审查未通过：未按要求提供营业执照。 响应人须知前附表第8条第1项 成交供应商情况： 供应商名称：北京智鑫盛通科技有限公司 供应商地址： 北京市海淀区体院西路甲2号4号楼1层166室 成交金额：人民币6300.00元 是否中小企业生产： 否 是否享受价格扣除： 否 其他补充说明： 无 三、主要成交标的信息 序号 产品 品牌 规格型号 数量 单价（元） 1 网络交换机 华为 S530-48T4XE 1 6300.00 四、评审专家名单 汪晓臣（组长)、 吕颖颖、 隋毅 五、代理服务收费标准及金额： 免费 六、公告期限 自本公告发布之日起1个工作日。 七、其他补充事宜 1. 采购人和成交供应商可点击本公告附件的链接，登录中央政府采购网，自行下载成交通知书。 2. 凡对本次询价提出询问，请按以下方式联系 联系人：吴凡 联系电话：0591-88778099 联系地址：福建省平潭县翠园南路安置房4号楼3层 邮箱：402192950@qq.com 八、项目联系方式 1．采购人信息 名称：国家金融监督管理总局平潭监管支局 地址：福建省平潭县翠园南路安置房4号楼3层 联系方式：0591-88778099 2．采购执行机构信息 名称：中央国家机关政府采购中心 地址：北京市西城区西直门内大街西章胡同9号院 邮政编码：100035 联系方式：详见http://www.zycg.gov.cn/home/contactus 九、附件 国家金融监督管理总局平潭监管支局计算机网络设备(询价）采购项目询价通知书.pdf 本国产品声明函 成交通知书下载链接 中央国家机关政府采购中心 2026年09月03日",信息技术,,中国政府采购网,,,,,,0.63,,"汪晓臣,吕颖颖,隋毅",,北京智鑫盛通科技有限公司 供应商地址： 北京市海淀区体院西路甲2号4号楼1层166室 成交金额：人民币6300.00元,,,,
中华人民共和国伊尔克什坦出入境边防检查站视频会议系统及会议室音频系统（询价）采购项目成交公告,成交公告,DZXJ260803610130520,2026年09月03日 18:00,新疆维吾尔自治区,中华人民共和国伊尔克什坦出入境边防检查站,新疆克州乌恰县伊尔克什坦出入境边防检查站,0908-4460052,中央国家机关政府采购中心,北京市西城区西直门内大街西章胡同9号院,详见http://www.zycg.gov.cn/home/contactus,刘震恒,0908-4460052,"声明函-中华人民共和国伊尔克什坦出入境边防检查站130520.pdf,DZXJ260803610130520中华人民共和国伊尔克什坦出入境边防检查站视频会议系统及会议室音频系统（询价）采购项目电子询价通知书.pdf,中小企业声明函-中华人民共和国伊尔克什坦出入境边防检查站130520 .pdf","[{""attach_name"": ""声明函-中华人民共和国伊尔克什坦出入境边防检查站130520.pdf"", ""attach_url"": ""https://download.ccgp.gov.cn/oss/download?uuid=cdea87a1-bef9-4a40-9948-b75178""}, {""attach_name"": ""DZXJ260803610130520中华人民共和国伊尔克什坦出入境边防检查站视频会议系统及会议室音频系统（询价）采购项目电子询价通知书.pdf"", ""attach_url"": ""https://download.ccgp.gov.cn/oss/download?uuid=24b9742a-ef6e-41ca-95dc-937efe""}, {""attach_name"": ""中小企业声明函-中华人民共和国伊尔克什坦出入境边防检查站130520 .pdf"", ""attach_url"": ""https://download.ccgp.gov.cn/oss/download?uuid=aa4bc141-0724-4b03-8826-fffedb""}]",https://www.ccgp.gov.cn/cggg/zygg/cjgg/202609/t20260903_27262525.htm,2026-09-10 09:39:07,".f-fwb { font-weight: bold; } h3 { margin: 10px 0; font-size: 1.1em; } p { line-height: 1.5; margin: 8px 0; } table { width: 100%; border: 1px solid #ddd; border-collapse: collapse; } th, td { text-align: left; padding: 8px; border-bottom: 1px solid #ddd; } thead { background: #f2f2f2; } .text-center { text-align: center; } .contact-info { line-height: 1.5; margin-bottom: 5px; } a { color: #207ad6; text-decoration: none; } a:hover { text-decoration: underline; } .signature { text-align: right; margin-top: 20px; } .signature p { margin-bottom: 5px; } 一、项目基本情况 1．项目编号：DZXJ260803610130520 2．项目名称：中华人民共和国伊尔克什坦出入境边防检查站视频会议系统及会议室音频系统（询价）采购项目 3．采购组织单位：中华人民共和国伊尔克什坦出入境边防检查站 4．采购方式：询价 5．预算金额：388567.00元 二、成交信息 初审情况： 全部投标人通过了初审 成交供应商情况： 供应商名称：海南省数字城市产业研究院有限公司 供应商地址： 海南省海口市国家高新技术产业开发区南海大道266号创业孵化中心A楼5层A29-550室 成交金额：人民币279200.97元 是否中小企业生产： 是 是否享受价格扣除： 是 其他补充说明： 无 三、主要成交标的信息 序号 产品 品牌 规格型号 数量 单价（元） 1 全数字会议系统主机 八核云 BHFW-2551 1 5174.40 2 AI会议话筒处理器 八核云 BHFW-3669 1 4530.24 3 无线会议话筒 八核云 BHSL-7771 4 1122.00 4 会议话筒 八核云 BHTL-5004 1 644.16 5 会议话筒 八核云 BHCR-8445 7 1032.24 6 发射器 八核云 BHCC-6335 1 1306.80 7 连接线 八核云 BHCP-5444 1 148.90 8 插座 八核云 BHKZ-0776 1 198.00 9 充电箱 八核云 BHWL-9111 1 271.92 10 8口千兆POE交换机 八核云 BHTY-3661 1 501.60 11 机柜 八核云 BHWL-4444 1 686.40 12 音频隔离器 八核云 BHCP-7223 1 447.48 13 音频连接线 八核云 BHYJ-6665 4 9.77 14 音频连接线 八核云 BHSK-7443 2 9.77 15 音频连接线 八核云 BHYY-4994 2 11.40 16 音频连接线 八核云 BHFW-4115 6 7.08 17 音频连接线 八核云 BHFW-3334 2 6.97 18 话筒线 八核云 BHFW-5336 200 6.07 19 音频线 八核云 BHFW-0224 200 3.96 20 电源线 八核云 BHFW-9889 200 6.07 21 PVC管 八核云 BHSK-4887 50 4.36 22 hdmi高清线 八核云 BHHY-9442 5 345.31 23 室内LED屏幕 八核云 P102S 122 345.18 24 视频处理器 八核云 BHHT-0334 1 6797.47 25 网络功放主机 八核云 BHHT-6332 1 1824.24 26 音频线 八核云 BHHT-2441 1000 4.49 27 光纤线 八核云 BHFS-4117 100 3.43 28 室外防水音柱 八核云 BHLX-7779 6 430.32 29 室外防水音柱 八核云 BHCZ-8551 7 430.32 30 室外防水音柱 八核云 BHCD-6667 8 488.40 31 专业功放 八核云 BHJH-6221 1 1877.57 32 专业音箱 八核云 BHJG-9339 2 1341.12 33 专业功放 八核云 BHGL-8666 2 1203.84 34 专业音箱 八核云 BHLX-5661 4 503.71 35 双咪杆话筒 八核云 BHLX-6002 1 1342.18 36 数字调音台 八核云 BHLX-3885 1 4488.00 37 AI音频处理器 八核云 BHLX-6001 1 1716.00 38 电源管理器 八核云 BHLX-9996 1 501.60 39 室内模组 八核云 P102S 370 406.43 40 视频处理器 八核云 BHYX-2999 1 11827.20 41 吸顶音响 八核云 BHDX-3881 6 298.32 42 功放 八核云 BHPG-2331 1 1668.48 43 音箱线 八核云 BHGQ-0228 1 168.96 44 六类网线 八核云 BHPM-3772 1 343.20 四、评审专家名单 王展伟（组长)、 李佃、 刘克俭、 张景仁、 赵晓峰 五、代理服务收费标准及金额： 免费 六、公告期限 自本公告发布之日起1个工作日。 七、其他补充事宜 1. 采购人和成交供应商可点击本公告附件的链接，登录中央政府采购网，自行下载成交通知书。 2. 凡对本次询价提出询问，请按以下方式联系 联系人：刘震恒 联系电话：0908-4460052 联系地址：新疆克州乌恰县伊尔克什坦出入境边防检查站 邮箱：512354292@qq.com 八、项目联系方式 1．采购人信息 名称：中华人民共和国伊尔克什坦出入境边防检查站 地址：新疆克州乌恰县伊尔克什坦出入境边防检查站 联系方式：0908-4460052 2．采购执行机构信息 名称：中央国家机关政府采购中心 地址：北京市西城区西直门内大街西章胡同9号院 邮政编码：100035 联系方式：详见http://www.zycg.gov.cn/home/contactus 九、附件 中华人民共和国伊尔克什坦出入境边防检查站视频会议系统及会议室音频系统（询价）采购项目询价通知书.pdf 海南省数字城市产业研究院有限公司中小企业声明函 本国产品声明函 成交通知书下载链接 中央国家机关政府采购中心 2026年09月03日",其他,,中国政府采购网,,,,,,27.920097,,"王展伟,李佃,刘克俭,张景仁,赵晓峰",,海南省数字城市产业研究院有限公司 供应商地址： 海南省海口市国家高新技术产业开发区南海大道266号创业孵化中心A楼5层A,,,,
中国人民大学计算机网络设备(询价）采购项目成交公告,成交公告,DZXJ260802510019520,2026年09月03日 18:00,北京市,中国人民大学,北京市海淀区中关村大街59号,010-62511205,中央国家机关政府采购中心,北京市西城区西直门内大街西章胡同9号院,详见http://www.zycg.gov.cn/home/contactus,葛静,010-62511204,"DZXJ260802510019520中国人民大学计算机网络设备(询价）采购项目电子询价通知书.pdf,易仁（北京）科技有限公司-本国产品声明函.pdf","[{""attach_name"": ""DZXJ260802510019520中国人民大学计算机网络设备(询价）采购项目电子询价通知书.pdf"", ""attach_url"": ""https://download.ccgp.gov.cn/oss/download?uuid=c05729f5-11fd-4c44-9942-b3cac2""}, {""attach_name"": ""易仁（北京）科技有限公司-本国产品声明函.pdf"", ""attach_url"": ""https://download.ccgp.gov.cn/oss/download?uuid=990f27a3-28b4-4410-8352-efe1bb""}]",https://www.ccgp.gov.cn/cggg/zygg/cjgg/202609/t20260903_27262516.htm,2026-09-10 09:39:08,".f-fwb { font-weight: bold; } h3 { margin: 10px 0; font-size: 1.1em; } p { line-height: 1.5; margin: 8px 0; } table { width: 100%; border: 1px solid #ddd; border-collapse: collapse; } th, td { text-align: left; padding: 8px; border-bottom: 1px solid #ddd; } thead { background: #f2f2f2; } .text-center { text-align: center; } .contact-info { line-height: 1.5; margin-bottom: 5px; } a { color: #207ad6; text-decoration: none; } a:hover { text-decoration: underline; } .signature { text-align: right; margin-top: 20px; } .signature p { margin-bottom: 5px; } 一、项目基本情况 1．项目编号：DZXJ260802510019520 2．项目名称：中国人民大学计算机网络设备(询价）采购项目 3．采购组织单位：中国人民大学 4．采购方式：询价 5．预算金额：114920.00元 二、成交信息 初审情况： 全部投标人通过了初审 成交供应商情况： 供应商名称：易仁（北京）科技有限公司 供应商地址： 北京市海淀区知春路111号理想大厦10层1003室 成交金额：人民币40000.00元 是否中小企业生产： 否 是否享受价格扣除： 否 其他补充说明： 无 三、主要成交标的信息 序号 产品 品牌 规格型号 数量 单价（元） 1 24口接入交换机 甲信 JX S2700-24T4X 9 1500.00 2 20口POE交换机 甲信 JX S2700-24T4X-PE 10 2100.00 3 核心交换机 H3C S5590-28T8XC-EI 1 5500.00 四、评审专家名单 王展伟（组长)、 李佃、 刘克俭、 张景仁、 赵晓峰 五、代理服务收费标准及金额： 免费 六、公告期限 自本公告发布之日起1个工作日。 七、其他补充事宜 1. 采购人和成交供应商可点击本公告附件的链接，登录中央政府采购网，自行下载成交通知书。 2. 凡对本次询价提出询问，请按以下方式联系 联系人：葛静 联系电话：010-62511204 联系地址：北京市海淀区中关村大街59号 邮箱：cgzx@ruc.edu.cn 八、项目联系方式 1．采购人信息 名称：中国人民大学 地址：北京市海淀区中关村大街59号 联系方式：010-62511205 2．采购执行机构信息 名称：中央国家机关政府采购中心 地址：北京市西城区西直门内大街西章胡同9号院 邮政编码：100035 联系方式：详见http://www.zycg.gov.cn/home/contactus 九、附件 中国人民大学计算机网络设备(询价）采购项目询价通知书.pdf 本国产品声明函 成交通知书下载链接 中央国家机关政府采购中心 2026年09月03日",教育培训,,中国政府采购网,,,,,,4.0,,"王展伟,李佃,刘克俭,张景仁,赵晓峰",,易仁（北京）科技有限公司 供应商地址： 北京市海淀区知春路111号理想大厦10层1003室 成交金额：人民币40000.,,,,
中国地质调查局西安地质调查中心(西北地质科技创新中心)计算机网络设备(询价）采购项目成交公告,成交公告,DZXJ260729110133020,2026年09月03日 18:00,陕西省,中国地质调查局西安地质调查中心(西北地质科技创新中心),陕西省西安市长安区常宁新区仓台西路555,89232550,中央国家机关政府采购中心,北京市西城区西直门内大街西章胡同9号院,详见http://www.zycg.gov.cn/home/contactus,王剑辉,89232531,"DZXJ260729110133020中国地质调查局西安地质调查中心(西北地质科技创新中心)计算机网络设备(询价）采购项目电子询价通知书.pdf,GY中国地质调查局西安地质调查中心(西北地质科技创新中心)计算机网络设备-关于符合本国产品标准的声明函.pdf","[{""attach_name"": ""DZXJ260729110133020中国地质调查局西安地质调查中心(西北地质科技创新中心)计算机网络设备(询价）采购项目电子询价通知书.pdf"", ""attach_url"": ""https://download.ccgp.gov.cn/oss/download?uuid=79ee1780-f848-4df3-b5bb-4954df""}, {""attach_name"": ""GY中国地质调查局西安地质调查中心(西北地质科技创新中心)计算机网络设备-关于符合本国产品标准的声明函.pdf"", ""attach_url"": ""https://download.ccgp.gov.cn/oss/download?uuid=1ea645e2-7e3c-4c7f-a500-f9380f""}]",https://www.ccgp.gov.cn/cggg/zygg/cjgg/202609/t20260903_27262515.htm,2026-09-10 09:39:09,".f-fwb { font-weight: bold; } h3 { margin: 10px 0; font-size: 1.1em; } p { line-height: 1.5; margin: 8px 0; } table { width: 100%; border: 1px solid #ddd; border-collapse: collapse; } th, td { text-align: left; padding: 8px; border-bottom: 1px solid #ddd; } thead { background: #f2f2f2; } .text-center { text-align: center; } .contact-info { line-height: 1.5; margin-bottom: 5px; } a { color: #207ad6; text-decoration: none; } a:hover { text-decoration: underline; } .signature { text-align: right; margin-top: 20px; } .signature p { margin-bottom: 5px; } 一、项目基本情况 1．项目编号：DZXJ260729110133020 2．项目名称：中国地质调查局西安地质调查中心(西北地质科技创新中心)计算机网络设备(询价）采购项目 3．采购组织单位：中国地质调查局西安地质调查中心(西北地质科技创新中心) 4．采购方式：询价 5．预算金额：180000.00元 二、成交信息 初审情况： 全部投标人通过了初审 成交供应商情况： 供应商名称：青岛正南网络技术有限公司 供应商地址： 青岛市市南区伏龙山路27号 成交金额：人民币103366.00元 是否中小企业生产： 否 是否享受价格扣除： 否 其他补充说明： 无 三、主要成交标的信息 序号 产品 品牌 规格型号 数量 单价（元） 1 网络存储 华为 OceanStor 5220 1 103366.00 四、评审专家名单 汪晓臣（组长)、 吕颖颖、 隋毅 五、代理服务收费标准及金额： 免费 六、公告期限 自本公告发布之日起1个工作日。 七、其他补充事宜 1. 采购人和成交供应商可点击本公告附件的链接，登录中央政府采购网，自行下载成交通知书。 2. 凡对本次询价提出询问，请按以下方式联系 联系人：王剑辉 联系电话：89232531 联系地址：陕西省西安市长安区常宁新区仓台西路555 邮箱：1016301749@qq.com 八、项目联系方式 1．采购人信息 名称：中国地质调查局西安地质调查中心(西北地质科技创新中心) 地址：陕西省西安市长安区常宁新区仓台西路555 联系方式：89232550 2．采购执行机构信息 名称：中央国家机关政府采购中心 地址：北京市西城区西直门内大街西章胡同9号院 邮政编码：100035 联系方式：详见http://www.zycg.gov.cn/home/contactus 九、附件 中国地质调查局西安地质调查中心(西北地质科技创新中心)计算机网络设备(询价）采购项目询价通知书.pdf 本国产品声明函 成交通知书下载链接 中央国家机关政府采购中心 2026年09月03日",信息技术,,中国政府采购网,,,,,,10.3366,,"汪晓臣,吕颖颖,隋毅",,青岛正南网络技术有限公司 供应商地址： 青岛市市南区伏龙山路27号 成交金额：人民币103366.00元 是否中小企业生,,,,
深圳湾出入境边防检查站计算机网络设备(询价）采购项目成交公告,成交公告,DZXJ260805810151520,2026年09月03日 18:00,广东省,深圳湾出入境边防检查站,广东省深圳市南山区金湾西二路深圳湾边检站,84496036,中央国家机关政府采购中心,北京市西城区西直门内大街西章胡同9号院,详见http://www.zycg.gov.cn/home/contactus,刘警官,84495938,"中小企业声明函-深圳湾出入境边防检查站151520.pdf,DZXJ260805810151520深圳湾出入境边防检查站计算机网络设备(询价）采购项目电子询价通知书.pdf,声明函-深圳湾出入境边防检查站151520.pdf","[{""attach_name"": ""中小企业声明函-深圳湾出入境边防检查站151520.pdf"", ""attach_url"": ""https://download.ccgp.gov.cn/oss/download?uuid=6946b1e7-ed30-4081-833e-dc1cef""}, {""attach_name"": ""DZXJ260805810151520深圳湾出入境边防检查站计算机网络设备(询价）采购项目电子询价通知书.pdf"", ""attach_url"": ""https://download.ccgp.gov.cn/oss/download?uuid=a3bb5912-921f-46b4-bbfc-bcfd53""}, {""attach_name"": ""声明函-深圳湾出入境边防检查站151520.pdf"", ""attach_url"": ""https://download.ccgp.gov.cn/oss/download?uuid=98af6951-cdfc-4e6b-b471-973b39""}]",https://www.ccgp.gov.cn/cggg/zygg/cjgg/202609/t20260903_27262508.htm,2026-09-10 09:39:09,".f-fwb { font-weight: bold; } h3 { margin: 10px 0; font-size: 1.1em; } p { line-height: 1.5; margin: 8px 0; } table { width: 100%; border: 1px solid #ddd; border-collapse: collapse; } th, td { text-align: left; padding: 8px; border-bottom: 1px solid #ddd; } thead { background: #f2f2f2; } .text-center { text-align: center; } .contact-info { line-height: 1.5; margin-bottom: 5px; } a { color: #207ad6; text-decoration: none; } a:hover { text-decoration: underline; } .signature { text-align: right; margin-top: 20px; } .signature p { margin-bottom: 5px; } 一、项目基本情况 1．项目编号：DZXJ260805810151520 2．项目名称：深圳湾出入境边防检查站计算机网络设备(询价）采购项目 3．采购组织单位：深圳湾出入境边防检查站 4．采购方式：询价 5．预算金额：95000.00元 二、成交信息 初审情况： 全部投标人通过了初审 成交供应商情况： 供应商名称：海南省数字城市产业研究院有限公司 供应商地址： 海南省海口市国家高新技术产业开发区南海大道266号创业孵化中心A楼5层A29-550室 成交金额：人民币79610.00元 是否中小企业生产： 是 是否享受价格扣除： 是 其他补充说明： 无 三、主要成交标的信息 序号 产品 品牌 规格型号 数量 单价（元） 1 网络存储设备NAS 八核云 BHST2288 1 79610.00 四、评审专家名单 王展伟（组长)、 李佃、 刘克俭、 张景仁、 赵晓峰 五、代理服务收费标准及金额： 免费 六、公告期限 自本公告发布之日起1个工作日。 七、其他补充事宜 1. 采购人和成交供应商可点击本公告附件的链接，登录中央政府采购网，自行下载成交通知书。 2. 凡对本次询价提出询问，请按以下方式联系 联系人：刘警官 联系电话：84495938 联系地址：广东省深圳市南山区金湾西二路深圳湾边检站 邮箱：maihuadan@qq.com 八、项目联系方式 1．采购人信息 名称：深圳湾出入境边防检查站 地址：广东省深圳市南山区金湾西二路深圳湾边检站 联系方式：84496036 2．采购执行机构信息 名称：中央国家机关政府采购中心 地址：北京市西城区西直门内大街西章胡同9号院 邮政编码：100035 联系方式：详见http://www.zycg.gov.cn/home/contactus 九、附件 深圳湾出入境边防检查站计算机网络设备(询价）采购项目询价通知书.pdf 海南省数字城市产业研究院有限公司中小企业声明函 本国产品声明函 成交通知书下载链接 中央国家机关政府采购中心 2026年09月03日",信息技术,,中国政府采购网,,,,,,7.961,,"王展伟,李佃,刘克俭,张景仁,赵晓峰",,海南省数字城市产业研究院有限公司 供应商地址： 海南省海口市国家高新技术产业开发区南海大道266号创业孵化中心A楼5层A,,,,
中华人民共和国九洲出入境边防检查站服务器（询价）采购项目成交公告,成交公告,DZXJ260722410251120,2026年09月03日 17:55,广东省,中华人民共和国九洲出入境边防检查站,广东省珠海市香洲区九洲大道东1043号,0756-8167293,中央国家机关政府采购中心,北京市西城区西直门内大街西章胡同9号院,详见http://www.zycg.gov.cn/home/contactus,陈琦,0756-8167235,"DZXJ260722410251120中华人民共和国九洲出入境边防检查站服务器（询价）采购项目电子询价通知书.pdf,中小企业声明函-中华人民共和国九洲出入境边防检查站251120.pdf,声明函-中华人民共和国九洲出入境边防检查站251120.pdf","[{""attach_name"": ""DZXJ260722410251120中华人民共和国九洲出入境边防检查站服务器（询价）采购项目电子询价通知书.pdf"", ""attach_url"": ""https://download.ccgp.gov.cn/oss/download?uuid=99ede8e8-180c-4d62-83dc-61d02e""}, {""attach_name"": ""中小企业声明函-中华人民共和国九洲出入境边防检查站251120.pdf"", ""attach_url"": ""https://download.ccgp.gov.cn/oss/download?uuid=fd7122c1-180c-445e-91c6-ddaabc""}, {""attach_name"": ""声明函-中华人民共和国九洲出入境边防检查站251120.pdf"", ""attach_url"": ""https://download.ccgp.gov.cn/oss/download?uuid=1909b7cb-8108-4531-9a96-1e6da3""}]",https://www.ccgp.gov.cn/cggg/zygg/cjgg/202609/t20260903_27262419.htm,2026-09-10 09:39:10,".f-fwb { font-weight: bold; } h3 { margin: 10px 0; font-size: 1.1em; } p { line-height: 1.5; margin: 8px 0; } table { width: 100%; border: 1px solid #ddd; border-collapse: collapse; } th, td { text-align: left; padding: 8px; border-bottom: 1px solid #ddd; } thead { background: #f2f2f2; } .text-center { text-align: center; } .contact-info { line-height: 1.5; margin-bottom: 5px; } a { color: #207ad6; text-decoration: none; } a:hover { text-decoration: underline; } .signature { text-align: right; margin-top: 20px; } .signature p { margin-bottom: 5px; } 一、项目基本情况 1．项目编号：DZXJ260722410251120 2．项目名称：中华人民共和国九洲出入境边防检查站服务器（询价）采购项目 3．采购组织单位：中华人民共和国九洲出入境边防检查站 4．采购方式：询价 5．预算金额：247383.00元 二、成交信息 初审情况： 以下响应人未通过初审： 序号 响应人名称 被拒绝原因 询价通知书相应拒绝条款 1 北京德仕美通电子有限公司 符合性审查未通过：未按要求提供“电子询价报价响应函”。 响应人须知前附表第8条第1项 成交供应商情况： 供应商名称：海南省数字城市产业研究院有限公司 供应商地址： 海南省海口市国家高新技术产业开发区南海大道266号创业孵化中心A楼5层A29-550室 成交金额：人民币185537.25元 是否中小企业生产： 是 是否享受价格扣除： 是 其他补充说明： 无 三、主要成交标的信息 序号 产品 品牌 规格型号 数量 单价（元） 1 服务器 安擎 EG5220H4 1 185537.25 四、评审专家名单 张树义（组长)、 梁进昌、 林红、 孙晋元、 韩春艳 五、代理服务收费标准及金额： 免费 六、公告期限 自本公告发布之日起1个工作日。 七、其他补充事宜 1. 采购人和成交供应商可点击本公告附件的链接，登录中央政府采购网，自行下载成交通知书。 2. 凡对本次询价提出询问，请按以下方式联系 联系人：陈琦 联系电话：0756-8167235 联系地址：广东省珠海市香洲区九洲大道东1043号 邮箱：2952361894@qq.com 八、项目联系方式 1．采购人信息 名称：中华人民共和国九洲出入境边防检查站 地址：广东省珠海市香洲区九洲大道东1043号 联系方式：0756-8167293 2．采购执行机构信息 名称：中央国家机关政府采购中心 地址：北京市西城区西直门内大街西章胡同9号院 邮政编码：100035 联系方式：详见http://www.zycg.gov.cn/home/contactus 九、附件 中华人民共和国九洲出入境边防检查站服务器（询价）采购项目询价通知书.pdf 海南省数字城市产业研究院有限公司中小企业声明函 本国产品声明函 成交通知书下载链接 中央国家机关政府采购中心 2026年08月20日",其他,,中国政府采购网,,,,,,18.553725,,"张树义,梁进昌,林红,孙晋元,韩春艳",,海南省数字城市产业研究院有限公司 供应商地址： 海南省海口市国家高新技术产业开发区南海大道266号创业孵化中心A楼5层A,,,,
湖南省长沙市消防救援支队综合保障中心钢结构车库项目图纸设计服务采购项目成交公告,成交公告,LWINT-CG2026-072,2026年09月03日 17:54,长沙市,长沙市消防救援支队,湖南省长沙市开福区学堂园路156号,郝辉、0731-82686183,龙武国际工程咨询有限公司,湖南省长沙市雨花区韶山北路 391号汇财中心1002-03 号,杨佳、王静、曹新权、高枫、15575127588,高枫,15575127588,"招标文件-最终版-湖南省长沙市消防救援支队综合保障中心钢结构车库项目图纸设计服务采购项目.doc,中小企业声明函.pdf,最后报价.pdf","[{""attach_name"": ""招标文件-最终版-湖南省长沙市消防救援支队综合保障中心钢结构车库项目图纸设计服务采购项目.doc"", ""attach_url"": ""https://download.ccgp.gov.cn/oss/download?uuid=D93CACD7D479C71115E496F3A1E840""}, {""attach_name"": ""中小企业声明函.pdf"", ""attach_url"": ""https://download.ccgp.gov.cn/oss/download?uuid=5A366BD412077956A71B98BD5846CD""}, {""attach_name"": ""最后报价.pdf"", ""attach_url"": ""https://download.ccgp.gov.cn/oss/download?uuid=92D6A3D66F86573380051091FEC60A""}]",https://www.ccgp.gov.cn/cggg/zygg/cjgg/202609/t20260903_27262355.htm,2026-09-10 09:39:11,一、项目编号：LWINT-CG2026-072（招标文件编号：LWINT-CG2026-072） 二、项目名称：湖南省长沙市消防救援支队综合保障中心钢结构车库项目图纸设计服务采购项目 三、中标（成交）信息 供应商名称：华茗设计集团有限公司供应商地址：浙江省杭州市余杭区五常街道中宙溪上铭城1幢334室中标（成交）金额：8.1800000（万元）四、主要标的信息 序号    供应商名称    服务名称    服务范围    服务要求    服务时间    服务标准 1    华茗设计集团有限公司    综合保障中心钢结构车库项目图纸设计服务采购项目    详见竞争性磋商文件    详见竞争性磋商文件    服务期限为自合同生效之日起至完成合同范围内全部设计工作并提交审查合格的设计成果文件之日止，以及后续验收支持工作等。    详见竞争性磋商文件               五、评审专家（单一来源采购人员）名单： 姚若愚（主任评委）、赵天安、马世锐（采购人代表） 六、代理服务收费标准及金额： 本项目代理费收费标准：代理服务费参照【2002】1980号文收取。 本项目代理费总金额：0.122700 万元（人民币） 七、公告期限 自本公告发布之日起1个工作日。 八、其它补充事宜 中标候选人 得分 投标总价（元） 评审结果 华茗设计集团有限公司 91.67 81800.00 第一成交候选人 中颐工科工程技术有限公司 91.35 110645.00 第二成交候选人 沈阳金罗盘建筑设计有限公司 77.36 113145.00 第三成交候选人   九、凡对本次公告内容提出询问，请按以下方式联系。 1.采购人信息 名 称：长沙市消防救援支队 地址：湖南省长沙市开福区学堂园路156号 联系方式：郝辉、0731-82686183 2.采购代理机构信息 名 称：龙武国际工程咨询有限公司 地 址：湖南省长沙市雨花区韶山北路 391号汇财中心1002-03 号 联系方式：杨佳、王静、曹新权、高枫、15575127588 3.项目联系方式 项目联系人：高枫 电 话： 15575127588,公共安全,,中国政府采购网,,,,,,8.18,"[{""序号"": ""1"", ""供应商名称"": ""华茗设计集团有限公司"", ""服务名称"": ""综合保障中心钢结构车库项目图纸设计服务采购项目"", ""服务范围"": ""详见竞争性磋商文件"", ""服务要求"": ""详见竞争性磋商文件"", ""服务时间"": ""服务期限为自合同生效之日起至完成合同范围内全部设计工作并提交审查合格的设计成果文件之日止，以及后续验收支持工作等。"", ""服务标准"": ""详见竞争性磋商文件""}]",姚若愚（主任评委）、赵天安、马世锐（采购人代表）,0.1227,华茗设计集团有限公司,,,,
自然资源部加装充电桩成交公告,成交公告,0730-2622ZC0174,2026年09月03日 17:44,西城区,自然资源部机关服务局,北京市西城区阜内大街 64 号,康老师，010-66558970,中航招采科技（北京）有限公司,北京市朝阳区慧忠路5号远大中心B座20层,姜华、杨帆、王旭010-84892539/2540,康老师,010-66558970,"竞争性磋商文件-自然资源部加装充电桩.pdf,中小企业声明.png","[{""attach_name"": ""竞争性磋商文件-自然资源部加装充电桩.pdf"", ""attach_url"": ""https://download.ccgp.gov.cn/oss/download?uuid=F81A4EE74BE2EBCB2E66D67F31E870""}, {""attach_name"": ""中小企业声明.png"", ""attach_url"": ""https://download.ccgp.gov.cn/oss/download?uuid=85AF175FF0500DE8D0788B99F07A5D""}]",https://www.ccgp.gov.cn/cggg/zygg/cjgg/202609/t20260903_27262139.htm,2026-09-10 09:39:11,一、项目编号：0730-2622ZC0174（招标文件编号：0730-2622ZC0174） 二、项目名称：自然资源部加装充电桩 三、中标（成交）信息 供应商名称：北京京供华谊电力工程有限公司供应商地址：北京市西城区万博苑7号楼7层707中标（成交）金额：158.4111050（万元）四、主要标的信息 序号    供应商名称       工程名称       施工范围       施工工期       项目经理       执业证书   1    北京京供华谊电力工程有限公司      自然资源部加装充电桩      详见附件“磋商文件”      60日历天      朱玉成      京2112013201435133                 五、评审专家（单一来源采购人员）名单： 叶荣、李士双、陈丽温、张长春、赵辉、曹哲源、杜文国 六、代理服务收费标准及金额： 本项目代理费收费标准：详见附件“磋商文件” 本项目代理费总金额：1.267990 万元（人民币） 七、公告期限 自本公告发布之日起1个工作日。 八、其它补充事宜 成交供应商北京京供华谊电力工程有限公司评审综合得分（总平均分）：85.47分。 九、凡对本次公告内容提出询问，请按以下方式联系。 1.采购人信息 名 称：自然资源部机关服务局 地址：北京市西城区阜内大街 64 号 联系方式：康老师，010-66558970 2.采购代理机构信息 名 称：中航招采科技（北京）有限公司 地 址：北京市朝阳区慧忠路5号远大中心B座20层 联系方式：姜华、杨帆、王旭010-84892539/2540 3.项目联系方式 项目联系人：康老师 电 话： 010-66558970,工程建设,,中国政府采购网,,,,,,158.411105,"[{""序号"": ""1"", ""供应商名称"": ""北京京供华谊电力工程有限公司"", ""工程名称"": ""自然资源部加装充电桩"", ""施工范围"": ""详见附件“磋商文件”"", ""施工工期"": ""60日历天"", ""项目经理"": ""朱玉成"", ""执业证书"": ""京2112013201435133""}]",叶荣、李士双、陈丽温、张长春、赵辉、曹哲源、杜文国,1.26799,北京京供华谊电力工程有限公司,,,,
中山大学2026年数字资源采购项目LWW医学全文期刊等8个数据库的网络访问服务(分项一、二、三、四)成交公告,成交公告,,2026年09月03日 17:43,广东省,中山大学,广州市海珠区新港西路135号中山大学南校园415栋生物楼309室,罗老师，020-84111301,详见公告正文,详见公告正文,详见公告正文,罗老师,020-84111301,中大招（服）[2026]104号（分项一、二、三、四）结果公告.docx,"[{""attach_name"": ""中大招（服）[2026]104号（分项一、二、三、四）结果公告.docx"", ""attach_url"": ""https://download.ccgp.gov.cn/oss/download?uuid=C754BE826B61B549829E5FBED2A002""}]",https://www.ccgp.gov.cn/cggg/zygg/cjgg/202609/t20260903_27262608.htm,2026-09-10 09:39:12,一、项目编号：中大招（服）[2026]104号（招标文件编号：中大招（服）[2026]104号） 二、项目名称：中山大学2026年数字资源采购项目LWW医学全文期刊等8个数据库的网络访问服务 三、中标（成交）信息 供应商名称：中国教育图书进出口有限公司供应商地址：北京市丰台区西营街1号院1区1号楼、1区2号楼、1区3号楼8、9、10层中标（成交）金额：53.9683000（万元） 供应商名称：中国科技资料进出口有限责任公司供应商地址：北京市海淀区西三环北路72号世纪经贸大厦B座2606中标（成交）金额：1.7565000（万元） 供应商名称：中国科技资料进出口有限责任公司供应商地址：北京市海淀区西三环北路72号世纪经贸大厦B座2606中标（成交）金额：3.7309000（万元） 供应商名称：中国科技资料进出口有限责任公司供应商地址：北京市海淀区西三环北路72号世纪经贸大厦B座2606中标（成交）金额：2.6758000（万元）四、主要标的信息 序号    供应商名称      服务名称      服务范围      服务要求      服务时间      服务标准   1    中国教育图书进出口有限公司      分项一：LWW医学全文期刊      LWW医学全文期刊      详见附件      详见附件      详见附件                 序号    供应商名称      服务名称      服务范围      服务要求      服务时间      服务标准   2    中国科技资料进出口有限责任公司      分项二：美国临床肿瘤学会（ASCO）电子期刊      美国临床肿瘤学会（ASCO）电子期刊      详见附件      详见附件      详见附件                 序号    供应商名称      服务名称      服务范围      服务要求      服务时间      服务标准   3    中国科技资料进出口有限责任公司      分项三：美国肝病研究会（AASLD）电子期刊      美国肝病研究会（AASLD）电子期刊      详见附件      详见附件      详见附件                 序号    供应商名称      服务名称      服务范围      服务要求      服务时间      服务标准   4    中国科技资料进出口有限责任公司      分项四：美国肾脏病协会（ASN）期刊      美国肾脏病协会（ASN）期刊      详见附件      详见附件      详见附件                 五、评审专家（单一来源采购人员）名单： 王蕾、司徒俊峰、高妍 六、代理服务收费标准及金额： 本项目代理费收费标准：/ 本项目代理费总金额：0.000000 万元（人民币） 七、公告期限 自本公告发布之日起1个工作日。 八、其它补充事宜 无 九、凡对本次公告内容提出询问，请按以下方式联系。 1.采购人信息 名 称：中山大学 地址：广州市海珠区新港西路135号中山大学南校园415栋生物楼309室 联系方式：罗老师，020-84111301 2.项目联系方式 项目联系人：罗老师 电 话： 020-84111301,医疗卫生,,中国政府采购网,,,,,,62.1315,"[{""序号"": ""1"", ""供应商名称"": ""中国教育图书进出口有限公司"", ""服务名称"": ""分项一：LWW医学全文期刊"", ""服务范围"": ""LWW医学全文期刊"", ""服务要求"": ""详见附件"", ""服务时间"": ""详见附件"", ""服务标准"": ""详见附件""}, {""序号"": ""序号"", ""供应商名称"": ""供应商名称"", ""服务名称"": ""服务名称"", ""服务范围"": ""服务范围"", ""服务要求"": ""服务要求"", ""服务时间"": ""服务时间"", ""服务标准"": ""服务标准""}, {""序号"": ""2"", ""供应商名称"": ""中国科技资料进出口有限责任公司"", ""服务名称"": ""分项二：美国临床肿瘤学会（ASCO）电子期刊"", ""服务范围"": ""美国临床肿瘤学会（ASCO）电子期刊"", ""服务要求"": ""详见附件"", ""服务时间"": ""详见附件"", ""服务标准"": ""详见附件""}, {""序号"": ""序号"", ""供应商名称"": ""供应商名称"", ""服务名称"": ""服务名称"", ""服务范围"": ""服务范围"", ""服务要求"": ""服务要求"", ""服务时间"": ""服务时间"", ""服务标准"": ""服务标准""}, {""序号"": ""3"", ""供应商名称"": ""中国科技资料进出口有限责任公司"", ""服务名称"": ""分项三：美国肝病研究会（AASLD）电子期刊"", ""服务范围"": ""美国肝病研究会（AASLD）电子期刊"", ""服务要求"": ""详见附件"", ""服务时间"": ""详见附件"", ""服务标准"": ""详见附件""}, {""序号"": ""序号"", ""供应商名称"": ""供应商名称"", ""服务名称"": ""服务名称"", ""服务范围"": ""服务范围"", ""服务要求"": ""服务要求"", ""服务时间"": ""服务时间"", ""服务标准"": ""服务标准""}, {""序号"": ""4"", ""供应商名称"": ""中国科技资料进出口有限责任公司"", ""服务名称"": ""分项四：美国肾脏病协会（ASN）期刊"", ""服务范围"": ""美国肾脏病协会（ASN）期刊"", ""服务要求"": ""详见附件"", ""服务时间"": ""详见附件"", ""服务标准"": ""详见附件""}]",王蕾、司徒俊峰、高妍,0.0,中国教育图书进出口有限公司、供应商名称、中国科技资料进出口有限责任公司,,,,
食堂管理服务项目成交公告,成交公告,,2026年09月03日 17:35,上海市,生态环境部太湖流域东海海域生态环境监督管理局生态环境监测与科学研究中心,上海市浦东新区浦东大道842号,陈老师 021-20221285,上海中世建设咨询有限公司,上海市曹杨路528弄35号（中世办公楼）,邢楠、陈豪、程储，021-52555810,邢楠、陈豪、程储,021-52555810,"招案2026-3052 食堂管理服务项目（竞争性磋商文件）定稿.pdf,中小企业声明函.pdf,成交公告.pdf","[{""attach_name"": ""招案2026-3052 食堂管理服务项目（竞争性磋商文件）定稿.pdf"", ""attach_url"": ""https://download.ccgp.gov.cn/oss/download?uuid=3609BB73B78A04B8AB973F957727C4""}, {""attach_name"": ""中小企业声明函.pdf"", ""attach_url"": ""https://download.ccgp.gov.cn/oss/download?uuid=76418DBF6AF07A7873A9772C6BCE00""}, {""attach_name"": ""成交公告.pdf"", ""attach_url"": ""https://download.ccgp.gov.cn/oss/download?uuid=6EF3577D8CA550DD1AAFA632891027""}]",https://www.ccgp.gov.cn/cggg/zygg/cjgg/202609/t20260903_27261926.htm,2026-09-10 09:39:13,"一、项目编号：招案2026-3052（招标文件编号：招案2026-3052） 二、项目名称：食堂管理服务项目 三、中标（成交）信息 供应商名称：上海森众餐饮管理有限公司供应商地址：上海市奉贤区茂园路260号58幢602室中标（成交）金额：49.7101840（万元）四、主要标的信息 序号    供应商名称      服务名称      服务范围      服务要求      服务时间      服务标准   1    上海森众餐饮管理有限公司      食堂管理服务      为采购人提供食堂管理服务，详见本项目磋商文件及响应文件。      详见本项目磋商文件。      合同履行期限：本项目服务期为2年。采取一次招标2年沿用，合同一年一签的方式实施。服务期满且经采购人综合考核优秀的，可续签下一年度合同；考核不合格的，采购人有权不续签且不承担违约责任。      详见本项目磋商文件                 五、评审专家（单一来源采购人员）名单： 褚春军、吉晓玲、魏丹乔 六、代理服务收费标准及金额： 本项目代理费收费标准：本项目成交人在收到成交通知书时，按以下标准一次性向采购代理机构支付成交服务费：按照成交总金额（年度午餐及晚餐食堂管理服务成交金额*2）的1.5%计取后支付（不足人民币6000元按照6000元支付） 本项目代理费总金额：1.491300 万元（人民币） 七、公告期限 自本公告发布之日起1个工作日。 八、其它补充事宜 1、食堂管理服务（仅含午餐）成交总价为：¥385,697.54元/年2、食堂管理服务（含午餐及晚餐）成交总价为：¥497,101.84元/年3、本项目专家推荐理由：上海森众餐饮管理有限公司提供的供餐流程安排条例清晰完善，餐食加工、保存及留样方案明确可靠，方案全面详细；菜单清单明确，保证搭配合理、菜品种类丰富；突发情况处理能力强，措施内容完善可靠。综合得分90.00分，排名第一。在此，谨对积极参与本项目的所有供应商表示衷心的感谢！    如对成交结果有异议，请于本公告期限届满之日起七个工作日内以书面形式向上海中世建设咨询有限公司（地址：上海市曹杨路528弄35号中世办公楼，邮编：200063，联系人：邢楠、陈豪、程储，联系电话：021-52555810。）提出质疑。特此公告！ 九、凡对本次公告内容提出询问，请按以下方式联系。 1.采购人信息 名 称：生态环境部太湖流域东海海域生态环境监督管理局生态环境监测与科学研究中心 地址：上海市浦东新区浦东大道842号 联系方式：陈老师 021-20221285 2.采购代理机构信息 名 称：上海中世建设咨询有限公司 地 址：上海市曹杨路528弄35号（中世办公楼） 联系方式：邢楠、陈豪、程储，021-52555810 3.项目联系方式 项目联系人：邢楠、陈豪、程储 电 话： 021-52555810",服务外包,,中国政府采购网,,,,,,49.710184,"[{""序号"": ""1"", ""供应商名称"": ""上海森众餐饮管理有限公司"", ""服务名称"": ""食堂管理服务"", ""服务范围"": ""为采购人提供食堂管理服务，详见本项目磋商文件及响应文件。"", ""服务要求"": ""详见本项目磋商文件。"", ""服务时间"": ""合同履行期限：本项目服务期为2年。采取一次招标2年沿用，合同一年一签的方式实施。服务期满且经采购人综合考核优秀的，可续签下一年度合同；考核不合格的，采购人有权不续签且不承担违约责任。"", ""服务标准"": ""详见本项目磋商文件""}]",褚春军、吉晓玲、魏丹乔,1.4913,上海森众餐饮管理有限公司,,,,
广州市黄埔区消防救援大队2026年天鹿湖、红山消防站厨房设备采购项目（二次）（GZSW26143HL2142C）遴选结果公告,成交公告,GZSW26143HL2142C,2026年09月03日 17:33,广东省,广州市黄埔区消防救援大队,广东省广州市黄埔区新阳西路22号,彭先生020-32209191,广州顺为招标采购有限公司,广州市环市中路205号恒生大厦B座501室,李小姐020-83592216,梁小姐,020-83592216-830,,,https://www.ccgp.gov.cn/cggg/zygg/cjgg/202609/t20260903_27261890.htm,2026-09-10 09:39:14,一、项目编号：GZSW26143HL2142C（招标文件编号：GZSW26143HL2142C） 二、项目名称：广州市黄埔区消防救援大队2026年天鹿湖、红山消防站厨房设备采购项目（二次） 三、中标（成交）信息 供应商名称：广州市新新机器人有限公司供应商地址：广州市番禺区石壁街韦涌村钟韦路205号101中标（成交）金额：24.8000000（万元）四、主要标的信息 序号    供应商名称      货物名称      货物品牌      货物型号      货物数量      货物单价(元)   1    广州市新新机器人有限公司      广州市黄埔区消防救援大队2026年天鹿湖、红山消防站厨房设备采购项目（二次）      按遴选文件要求      按遴选文件要求      按遴选文件要求      按遴选文件要求                 五、评审专家（单一来源采购人员）名单： 评审委员会总人数：3随机抽取专家名单：陈远松、张天波采购人代表名单：李更志 六、代理服务收费标准及金额： 本项目代理费收费标准：按遴选文件约定收费标准执行。 本项目代理费总金额：0.500000 万元（人民币） 七、公告期限 自本公告发布之日起1个工作日。 八、其它补充事宜 评审信息 供应商 广州市新新机器人有限公司 广东省大厨厨房设备有限公司 深圳市三效智能厨房有限公司 广州深唛宝商用厨具有限公司 广州泽强酒店用品有限公司 初步评审 合格 合格 合格 不合格 不合格 异常低价审查 通过 通过 通过 / / 综合得分 92.77 65.80 79.67 / / 排名 1 3 2 / /   九、凡对本次公告内容提出询问，请按以下方式联系。 1.采购人信息 名 称：广州市黄埔区消防救援大队 地址：广东省广州市黄埔区新阳西路22号 联系方式：彭先生020-32209191 2.采购代理机构信息 名 称：广州顺为招标采购有限公司 地 址：广州市环市中路205号恒生大厦B座501室 联系方式：李小姐020-83592216 3.项目联系方式 项目联系人：梁小姐 电 话： 020-83592216-830,公共安全,,中国政府采购网,,,,,,24.8,"[{""序号"": ""1"", ""供应商名称"": ""广州市新新机器人有限公司"", ""货物名称"": ""广州市黄埔区消防救援大队2026年天鹿湖、红山消防站厨房设备采购项目（二次）"", ""货物品牌"": ""按遴选文件要求"", ""货物型号"": ""按遴选文件要求"", ""货物数量"": ""按遴选文件要求"", ""货物单价(元)"": ""按遴选文件要求""}, {""供应商"": ""初步评审"", ""广州市新新机器人有限公司"": ""合格"", ""广东省大厨厨房设备有限公司"": ""合格"", ""深圳市三效智能厨房有限公司"": ""合格"", ""广州深唛宝商用厨具有限公司"": ""不合格"", ""广州泽强酒店用品有限公司"": ""不合格""}, {""供应商"": ""异常低价审查"", ""广州市新新机器人有限公司"": ""通过"", ""广东省大厨厨房设备有限公司"": ""通过"", ""深圳市三效智能厨房有限公司"": ""通过"", ""广州深唛宝商用厨具有限公司"": ""/"", ""广州泽强酒店用品有限公司"": ""/""}, {""供应商"": ""综合得分"", ""广州市新新机器人有限公司"": ""92.77"", ""广东省大厨厨房设备有限公司"": ""65.80"", ""深圳市三效智能厨房有限公司"": ""79.67"", ""广州深唛宝商用厨具有限公司"": ""/"", ""广州泽强酒店用品有限公司"": ""/""}, {""供应商"": ""排名"", ""广州市新新机器人有限公司"": ""1"", ""广东省大厨厨房设备有限公司"": ""3"", ""深圳市三效智能厨房有限公司"": ""2"", ""广州深唛宝商用厨具有限公司"": ""/"", ""广州泽强酒店用品有限公司"": ""/""}]","评审委员会总人数：3
随机抽取专家名单：陈远松、张天波
采购人代表名单：李更志",0.5,广州市新新机器人有限公司、初步评审、异常低价审查、综合得分、排名,,,,
2026年度资产清查服务采购项目【重新招标】成交公告,成交公告,TC26060EB,2026年09月03日 17:20,北京市,SPD-01,北京市西城区后营房胡同9号,宋老师  010-59332228,中招国际招标有限公司,北京市海淀区学院南路62号中关村资本大厦,陈蕊、沈子莫 010-62108041、8212,陈蕊、沈子莫,010-62108041、8212,"2026年度资产清查服务采购项目【重新招标】-发售稿0819.docx,中小企业声明函.pdf","[{""attach_name"": ""2026年度资产清查服务采购项目【重新招标】-发售稿0819.docx"", ""attach_url"": ""https://download.ccgp.gov.cn/oss/download?uuid=4EDA3DAAD190EA0D9BC52FE2D76045""}, {""attach_name"": ""中小企业声明函.pdf"", ""attach_url"": ""https://download.ccgp.gov.cn/oss/download?uuid=8ACEBCC53570AD48EE0F3A422FADA5""}]",https://www.ccgp.gov.cn/cggg/zygg/cjgg/202609/t20260903_27261614.htm,2026-09-10 09:39:14,一、项目编号：TC26060EB（招标文件编号：TC26060EB） 二、项目名称：2026年度资产清查服务采购项目 三、中标（成交）信息 供应商名称：北京中天恒会计师事务所（特殊普通合伙）供应商地址：北京市海淀区中关村南大街17号韦伯时代中心C座2306室中标（成交）金额：30.0000000（万元）四、主要标的信息 序号    供应商名称      服务名称      服务范围      服务要求      服务时间      服务标准   1    北京中天恒会计师事务所（特殊普通合伙）      2026年度资产清查服务      资产清查服务      满足采购人要求      现场盘点结束时间：签订合同后90个工作日 报告交付时间：签订合同后120个工作日      满足采购人要求                 五、评审专家（单一来源采购人员）名单： 王文萍、于颖、张玉秀 六、代理服务收费标准及金额： 本项目代理费收费标准：参考《国家计委关于印发招标代理服务收费管理暂行办法的通知》（计价格〔2002〕1980号）、《国家发展改革委办公厅关于招标代理服务收费有关问题的通知》（发改办价格〔2003〕857号）规定的计算方式，以成交金额为计算基数，采用差额定率累进方式计算，按货物类项目收取。不足1万元按固定金额1万元收取。 本项目代理费总金额：1.000000 万元（人民币） 七、公告期限 自本公告发布之日起1个工作日。 八、其它补充事宜 综合第一排名得分：94.00分。 九、凡对本次公告内容提出询问，请按以下方式联系。 1.采购人信息 名 称：SPD-01 地址：北京市西城区后营房胡同9号 联系方式：宋老师 010-59332228 2.采购代理机构信息 名 称：中招国际招标有限公司 地 址：北京市海淀区学院南路62号中关村资本大厦 联系方式：陈蕊、沈子莫 010-62108041、8212 3.项目联系方式 项目联系人：陈蕊、沈子莫 电 话： 010-62108041、8212,其他,,中国政府采购网,,,,,,30.0,"[{""序号"": ""1"", ""供应商名称"": ""北京中天恒会计师事务所（特殊普通合伙）"", ""服务名称"": ""2026年度资产清查服务"", ""服务范围"": ""资产清查服务"", ""服务要求"": ""满足采购人要求"", ""服务时间"": ""现场盘点结束时间：签订合同后90个工作日\t\t\t报告交付时间：签订合同后120个工作日"", ""服务标准"": ""满足采购人要求""}]",王文萍、于颖、张玉秀,1.0,北京中天恒会计师事务所（特殊普通合伙）,,,,
中国科学院遗传与发育生物学研究所功能代谢物分析系统（区域中心）项目-气相色谱串联单四极杆质谱联用系统采购项目成交公告,成交公告,OITC-G260661824,2026年09月03日 17:20,北京市,中国科学院遗传与发育生物学研究所,北京市朝阳区北辰西路1号院2号,商老师；010-64806630,东方国际招标有限责任公司,北京市海淀区丹棱街1号互联网金融中心20层,郭宇涵、王军、李雯、余睿； 010-68290599， 010-68290530,郭宇涵、王军、李雯、余睿,010-68290599，010-68290530,1824-磋商文件.pdf,"[{""attach_name"": ""1824-磋商文件.pdf"", ""attach_url"": ""https://download.ccgp.gov.cn/oss/download?uuid=71AB1B0FE7C63AF17BFC89E2BFF786""}]",https://www.ccgp.gov.cn/cggg/zygg/cjgg/202609/t20260903_27261615.htm,2026-09-10 09:39:15,一、项目编号：OITC-G260661824 （招标文件编号：OITC-G260661824 ） 二、项目名称：中国科学院遗传与发育生物学研究所功能代谢物分析系统（区域中心）项目-气相色谱串联单四极杆质谱联用系统采购项目 三、中标（成交）信息 供应商名称：国药（上海）医疗器械实业有限公司供应商地址：中国（上海）自由贸易试验区正定路530号A5库区三层2号仓库中标（成交）金额：59.7500000（万元）四、主要标的信息 序号    供应商名称      货物名称      货物品牌      货物型号      货物数量      货物单价(元)   1    国药（上海）医疗器械实业有限公司      气相色谱串联单四极杆质谱联用系统      安捷伦      8890B-5977C      1套      597500                 五、评审专家（单一来源采购人员）名单： 赵颖燕、王东明、王国栋 六、代理服务收费标准及金额： 本项目代理费收费标准：（2002）1980 本项目代理费总金额：0.896200 万元（人民币） 七、公告期限 自本公告发布之日起1个工作日。 八、其它补充事宜 本项目采用综合评分法，中标商的综合评审总得分为93.00 九、凡对本次公告内容提出询问，请按以下方式联系。 1.采购人信息 名 称：中国科学院遗传与发育生物学研究所 地址：北京市朝阳区北辰西路1号院2号 联系方式：商老师；010-64806630 2.采购代理机构信息 名 称：东方国际招标有限责任公司 地 址：北京市海淀区丹棱街1号互联网金融中心20层 联系方式：郭宇涵、王军、李雯、余睿； 010-68290599， 010-68290530 3.项目联系方式 项目联系人：郭宇涵、王军、李雯、余睿 电 话： 010-68290599， 010-68290530,教育培训,,中国政府采购网,,,,,,59.75,"[{""序号"": ""1"", ""供应商名称"": ""国药（上海）医疗器械实业有限公司"", ""货物名称"": ""气相色谱串联单四极杆质谱联用系统"", ""货物品牌"": ""安捷伦"", ""货物型号"": ""8890B-5977C"", ""货物数量"": ""1套"", ""货物单价(元)"": ""597500""}]",赵颖燕、王东明、王国栋,0.8962,国药（上海）医疗器械实业有限公司,,,,
中国科学院遗传与发育生物学研究所栈式自动基因分型系统采购项目成交公告,成交公告,OITC-G260661833,2026年09月03日 17:19,北京市,中国科学院遗传与发育生物学研究所,北京市朝阳区北辰西路1号院2号,商老师；010-64806630,东方国际招标有限责任公司,北京市海淀区丹棱街1号互联网金融中心20层,郭宇涵、王军、李雯、余睿； 010-68290599， 010-68290530,郭宇涵、王军、李雯、余睿,010-68290599，010-68290530,"本国产品 (2).png,中小企业.png,中小企业 (2).png,本国产品.png,1833-磋商文件.pdf","[{""attach_name"": ""本国产品 (2).png"", ""attach_url"": ""https://download.ccgp.gov.cn/oss/download?uuid=A873124088B8CD7710DBFC5D0E56A0""}, {""attach_name"": ""中小企业.png"", ""attach_url"": ""https://download.ccgp.gov.cn/oss/download?uuid=4DBE4A2FB721C7215C94F906081B61""}, {""attach_name"": ""中小企业 (2).png"", ""attach_url"": ""https://download.ccgp.gov.cn/oss/download?uuid=F25ADD1F480544BEC65874EAECA590""}, {""attach_name"": ""本国产品.png"", ""attach_url"": ""https://download.ccgp.gov.cn/oss/download?uuid=3691D462E993A784390E1FA0F9525C""}, {""attach_name"": ""1833-磋商文件.pdf"", ""attach_url"": ""https://download.ccgp.gov.cn/oss/download?uuid=79F9045DB28C38BD537EC648BA2F25""}]",https://www.ccgp.gov.cn/cggg/zygg/cjgg/202609/t20260903_27261569.htm,2026-09-10 09:39:16,一、项目编号：OITC-G260661833（招标文件编号：OITC-G260661833） 二、项目名称：中国科学院遗传与发育生物学研究所栈式自动基因分型系统采购项目 三、中标（成交）信息 供应商名称：东方理德（北京）科技有限公司供应商地址：北京市朝阳区惠新东街23号楼七层701A和716室中标（成交）金额：50.1200000（万元）四、主要标的信息 序号    供应商名称      货物名称      货物品牌      货物型号      货物数量      货物单价(元)   1    东方理德（北京）科技有限公司      栈式自动基因分型系统      成都瀚辰光翼生物工程有限公司      GeneMatrix Lite AX01      1套      501200                 五、评审专家（单一来源采购人员）名单： 赵颖燕、王东明、白雪 六、代理服务收费标准及金额： 本项目代理费收费标准：（2002）1980 本项目代理费总金额：0.751800 万元（人民币） 七、公告期限 自本公告发布之日起1个工作日。 八、其它补充事宜 本项目采用综合评分法，中标商的综合评审总得分为90.33 九、凡对本次公告内容提出询问，请按以下方式联系。 1.采购人信息 名 称：中国科学院遗传与发育生物学研究所 地址：北京市朝阳区北辰西路1号院2号 联系方式：商老师；010-64806630 2.采购代理机构信息 名 称：东方国际招标有限责任公司 地 址：北京市海淀区丹棱街1号互联网金融中心20层 联系方式：郭宇涵、王军、李雯、余睿； 010-68290599， 010-68290530 3.项目联系方式 项目联系人：郭宇涵、王军、李雯、余睿 电 话： 010-68290599， 010-68290530,教育培训,,中国政府采购网,,,,,,50.12,"[{""序号"": ""1"", ""供应商名称"": ""东方理德（北京）科技有限公司"", ""货物名称"": ""栈式自动基因分型系统"", ""货物品牌"": ""成都瀚辰光翼生物工程有限公司"", ""货物型号"": ""GeneMatrix Lite AX01"", ""货物数量"": ""1套"", ""货物单价(元)"": ""501200""}]",赵颖燕、王东明、白雪,0.7518,东方理德（北京）科技有限公司,,,,
中国科学院遗传与发育生物学研究所小动物超分辨超声-功能光声成像系统研发--OPO可调谐激光器采购项目成交公告,成交公告,OITC-G260661825,2026年09月03日 17:19,北京市,中国科学院遗传与发育生物学研究所,北京市朝阳区北辰西路1号院2号,商老师；010-64806630,东方国际招标有限责任公司,北京市海淀区丹棱街1号互联网金融中心20层,郭宇涵、王军、李雯、余睿； 010-68290599， 010-68290530,郭宇涵、王军、李雯、余睿,010-68290599，010-68290530,1825-磋商文件.pdf,"[{""attach_name"": ""1825-磋商文件.pdf"", ""attach_url"": ""https://download.ccgp.gov.cn/oss/download?uuid=430551714664DB5A8202CBB9DE5776""}]",https://www.ccgp.gov.cn/cggg/zygg/cjgg/202609/t20260903_27261567.htm,2026-09-10 09:39:16,一、项目编号：OITC-G260661825（招标文件编号：OITC-G260661825） 二、项目名称：中国科学院遗传与发育生物学研究所小动物超分辨超声-功能光声成像系统研发--OPO可调谐激光器采购项目 三、中标（成交）信息 供应商名称：北京欧兰光视科技有限公司供应商地址：北京市海淀区上地十街1号院1号楼10层1006中标（成交）金额：82.0000000（万元）四、主要标的信息 序号    供应商名称      货物名称      货物品牌      货物型号      货物数量      货物单价(元)   1    北京欧兰光视科技有限公司      OP0可调谐激光器      EKSPLA      PhotoSonusM-20-IDL-H      1套      820000                 五、评审专家（单一来源采购人员）名单： 赵颖燕、王东明、王静静 六、代理服务收费标准及金额： 本项目代理费收费标准：（2002）1980 本项目代理费总金额：1.230000 万元（人民币） 七、公告期限 自本公告发布之日起1个工作日。 八、其它补充事宜 本项目采用综合评分法，中标商的综合评审总得分为79.10 九、凡对本次公告内容提出询问，请按以下方式联系。 1.采购人信息 名 称：中国科学院遗传与发育生物学研究所 地址：北京市朝阳区北辰西路1号院2号 联系方式：商老师；010-64806630 2.采购代理机构信息 名 称：东方国际招标有限责任公司 地 址：北京市海淀区丹棱街1号互联网金融中心20层 联系方式：郭宇涵、王军、李雯、余睿； 010-68290599， 010-68290530 3.项目联系方式 项目联系人：郭宇涵、王军、李雯、余睿 电 话： 010-68290599， 010-68290530,教育培训,,中国政府采购网,,,,,,82.0,"[{""序号"": ""1"", ""供应商名称"": ""北京欧兰光视科技有限公司"", ""货物名称"": ""OP0可调谐激光器"", ""货物品牌"": ""EKSPLA"", ""货物型号"": ""PhotoSonusM-20-IDL-H"", ""货物数量"": ""1套"", ""货物单价(元)"": ""820000""}]",赵颖燕、王东明、王静静,1.23,北京欧兰光视科技有限公司,,,,
南开大学金融学院WRDS数据库服务采购项目成交公告,成交公告,NK2026F066,2026年09月03日 17:06,天津市,南开大学,天津市南开区卫津路94号,于老师、牛老师022-23501661,天津信诚盛德工程咨询有限公司,天津市华苑产业园区梓苑路6号C座2幢215室,高俊022-23717450-8011,高俊,022-23717450-8011,,,https://www.ccgp.gov.cn/cggg/zygg/cjgg/202609/t20260903_27261239.htm,2026-09-10 09:39:17,一、项目编号：NK2026F066（招标文件编号：NK2026F066） 二、项目名称：南开大学金融学院WRDS数据库服务采购项目 三、中标（成交）信息 供应商名称：中国教育图书进出口有限公司供应商地址：北京市丰台区西营街1号院1区1号楼、1区2号楼、1区3号楼8、9、10层中标（成交）金额：46.2495000（万元）四、主要标的信息 序号    供应商名称      服务名称      服务范围      服务要求      服务时间      服务标准   1    中国教育图书进出口有限公司      中国教育图书进出口有限公司      采购WRDS数据库      供应商保证所提供数据库的知识产权、版本及进货来源合法，具有对数据库内容的审读机制，保证所供应数据库经过严格审读，内容符合国家《出版管理条例》的有关规定      2026年11月1日至2027年10月31日      供应商保证所提供数据库的知识产权、版本及进货来源合法，具有对数据库内容的审读机制，保证所供应数据库经过严格审读，内容符合国家《出版管理条例》的有关规定                 五、评审专家（单一来源采购人员）名单： 评审小组组长：李鹏评审小组成员：栾克云、王越超（采购人代表） 六、代理服务收费标准及金额： 本项目代理费收费标准：以《中标（成交）通知书》中确定的中标金额作为收费的计算基数，本项目代理服务费按国家计委〔2002〕1980号文件取费标准60%计取。 本项目代理费总金额：0.416200 万元（人民币） 七、公告期限 自本公告发布之日起1个工作日。 八、其它补充事宜 九、凡对本次公告内容提出询问，请按以下方式联系。 1.采购人信息 名 称：南开大学 地址：天津市南开区卫津路94号 联系方式：于老师、牛老师022-23501661 2.采购代理机构信息 名 称：天津信诚盛德工程咨询有限公司 地 址：天津市华苑产业园区梓苑路6号C座2幢215室 联系方式：高俊022-23717450-8011 3.项目联系方式 项目联系人：高俊 电 话： 022-23717450-8011,教育培训,,中国政府采购网,,,,,,46.2495,"[{""序号"": ""1"", ""供应商名称"": ""中国教育图书进出口有限公司"", ""服务名称"": ""中国教育图书进出口有限公司"", ""服务范围"": ""采购WRDS数据库"", ""服务要求"": ""供应商保证所提供数据库的知识产权、版本及进货来源合法，具有对数据库内容的审读机制，保证所供应数据库经过严格审读，内容符合国家《出版管理条例》的有关规定"", ""服务时间"": ""2026年11月1日至2027年10月31日"", ""服务标准"": ""供应商保证所提供数据库的知识产权、版本及进货来源合法，具有对数据库内容的审读机制，保证所供应数据库经过严格审读，内容符合国家《出版管理条例》的有关规定""}]","评审小组组长：李鹏
评审小组成员：栾克云、王越超（采购人代表）",0.4162,中国教育图书进出口有限公司,,,,
中国科学院重庆绿色智能技术研究院园区形象标识补充建设（第二次）成交公告,成交公告,CIGITCGM202620863,2026年09月03日 16:53,重庆市,中国科学院重庆绿色智能技术研究院,重庆市两江新区方正大道266号,姚老师023-65935453,重庆赛迪工程咨询有限公司,重庆市渝中区双钢路1号,夏老师 18523083630,夏老师,18523083630,,,https://www.ccgp.gov.cn/cggg/zygg/cjgg/202609/t20260903_27260945.htm,2026-09-10 09:39:18,一、项目编号：CIGITCGM202620863（招标文件编号：SDZB-2026-226W） 二、项目名称：中国科学院重庆绿色智能技术研究院园区形象标识补充建设（第二次） 三、中标（成交）信息 供应商名称：重庆艺神广告有限公司供应商地址：重庆市两江新区康美街道卉竹路2号6幢22层1号附22-09-0001(集群注册)中标（成交）金额：65.8500000（万元）四、主要标的信息 序号    供应商名称       工程名称       施工范围       施工工期       项目经理       执业证书   1    重庆艺神广告有限公司      中国科学院重庆绿色智能技术研究院园区形象标识补充建设 （第二次）      详见竞争性磋商文件      详见竞争性磋商文件      /      /                 五、评审专家（单一来源采购人员）名单： 何小琼、易显春、张莉娅（采购人代表） 六、代理服务收费标准及金额： 本项目代理费收费标准：按招标文件约定的原则（65.85万元*1%*70%=0.4609万元） 本项目代理费总金额：0.460900 万元（人民币） 七、公告期限 自本公告发布之日起1个工作日。 八、其它补充事宜 九、凡对本次公告内容提出询问，请按以下方式联系。 1.采购人信息 名 称：中国科学院重庆绿色智能技术研究院 地址：重庆市两江新区方正大道266号 联系方式：姚老师023-65935453 2.采购代理机构信息 名 称：重庆赛迪工程咨询有限公司 地 址：重庆市渝中区双钢路1号 联系方式：夏老师 18523083630 3.项目联系方式 项目联系人：夏老师 电 话： 18523083630,教育培训,,中国政府采购网,,,,,,65.85,"[{""序号"": ""1"", ""供应商名称"": ""重庆艺神广告有限公司"", ""工程名称"": ""中国科学院重庆绿色智能技术研究院园区形象标识补充建设\t\t\t（第二次）"", ""施工范围"": ""详见竞争性磋商文件"", ""施工工期"": ""详见竞争性磋商文件"", ""项目经理"": ""/"", ""执业证书"": ""/""}]",何小琼、易显春、张莉娅（采购人代表）,0.4609,重庆艺神广告有限公司,,,,
四川某单位广告制作服务采购项目成交公告,成交公告,TQ-2026-SC20-D016,2026年09月03日 16:50,四川省,SPD-16,成都市天府新区牧华路三段2538号,吴先生:19602802310,四川楫新工程咨询有限公司,四川省成都市武侯区武兴五路77号智领大厦一单元806,张先生：19013216009,张先生,19013216009,,,https://www.ccgp.gov.cn/cggg/zygg/cjgg/202609/t20260903_27260903.htm,2026-09-10 09:39:19,一、项目编号：TQ-2026-SC20-D016（招标文件编号：TQ-2026-SC20-D016） 二、项目名称：四川某单位广告制作服务采购项目 三、中标（成交）信息 供应商名称：成都猫客广告传媒有限公司供应商地址：中国（四川）自由贸易试验区成都高新区吉庆四路188号1栋1单元6层605号包组或产品名称：/折扣率(%)：50.0000000四、主要标的信息 序号    供应商名称      服务名称      服务范围      服务要求      服务时间      服务标准   1    成都猫客广告传媒有限公司      详见零星采购文件      详见零星采购文件      详见零星采购文件      详见零星采购文件      详见零星采购文件                 五、评审专家（单一来源采购人员）名单： / 六、代理服务收费标准及金额： 本项目代理费收费标准：/ 本项目代理费总金额：0.000000 万元（人民币） 七、公告期限 自本公告发布之日起1个工作日。 八、其它补充事宜 九、凡对本次公告内容提出询问，请按以下方式联系。 1.采购人信息 名 称：SPD-16 地址：成都市天府新区牧华路三段2538号 联系方式：吴先生:19602802310 2.采购代理机构信息 名 称：四川楫新工程咨询有限公司 地 址：四川省成都市武侯区武兴五路77号智领大厦一单元806 联系方式：张先生：19013216009 3.项目联系方式 项目联系人：张先生 电 话： 19013216009,服务外包,,中国政府采购网,,,,,,0.0,"[{""序号"": ""1"", ""供应商名称"": ""成都猫客广告传媒有限公司"", ""服务名称"": ""详见零星采购文件"", ""服务范围"": ""详见零星采购文件"", ""服务要求"": ""详见零星采购文件"", ""服务时间"": ""详见零星采购文件"", ""服务标准"": ""详见零星采购文件""}]",/,0.0,成都猫客广告传媒有限公司,,,,
中华人民共和国成都海关成都海关本级办公区及管属场所电力及弱电功能完善比选结果公告,成交公告,SCFS-2026-CG108,2026年09月03日 16:49,四川省,中华人民共和国成都海关,成都市武侯区天顺中街66号,贾老师028-85390651,四川省富盛工程项目管理有限公司,成都市武侯区锦晖西一街99号布鲁明顿广场B座1501号,李先生028-84352226,李先生,028-84352226,"比选文件.pdf,中小企业声明函.pdf","[{""attach_name"": ""比选文件.pdf"", ""attach_url"": ""https://download.ccgp.gov.cn/oss/download?uuid=B158F84940DEE0ED633C1927B228FD""}, {""attach_name"": ""中小企业声明函.pdf"", ""attach_url"": ""https://download.ccgp.gov.cn/oss/download?uuid=782876B72694D73361A550C01E6D24""}]",https://www.ccgp.gov.cn/cggg/zygg/cjgg/202609/t20260903_27260824.htm,2026-09-10 09:39:19,一、项目编号：SCFS-2026-CG108（招标文件编号：SCFS-2026-CG108） 二、项目名称：成都海关本级办公区及管属场所电力及弱电功能完善 三、中标（成交）信息 供应商名称：四川能建完美实业有限公司供应商地址：四川天府新区华阳街道龙灯山路一段16号1栋1层1号中标（成交）金额：20.4946000（万元）四、主要标的信息 序号    供应商名称      货物名称      货物品牌      货物型号      货物数量      货物单价(元)   1    四川能建完美实业有限公司      成都海关本级办公区及管属场所电力及弱电功能完善      详见供应商比选申请文件      详见供应商比选申请文件      详见供应商比选申请文件      详见供应商比选申请文件                 五、评审专家（单一来源采购人员）名单： 韩小军，向盼盼，尹超（采购人代表） 六、代理服务收费标准及金额： 本项目代理费收费标准：采购代理费用由采购代理机构按照《国家计委关于印发〈招标代理服务收费管理暂行办法〉的通知》（计价格[2002]1980号）规定收费标准为基础向具体采购项目中标人（成交人）收取，按上述标准计算不足6000元的，按照6000收取。支付方式：由中选人在领取中选通知书之前向招标代理机构支付招标代理服务费。 本项目代理费总金额：0.600000 万元（人民币） 七、公告期限 自本公告发布之日起1个工作日。 八、其它补充事宜 比选公告、变更、结果发布均在中国政府采购网、成都海关门户网站（网址：chengdu.customs.gov.cn）以公告形式发布。以中国政府采购网信息为准。 九、凡对本次公告内容提出询问，请按以下方式联系。 1.采购人信息 名 称：中华人民共和国成都海关 地址：成都市武侯区天顺中街66号 联系方式：贾老师028-85390651 2.采购代理机构信息 名 称：四川省富盛工程项目管理有限公司 地 址：成都市武侯区锦晖西一街99号布鲁明顿广场B座1501号 联系方式：李先生028-84352226 3.项目联系方式 项目联系人：李先生 电 话： 028-84352226,能源电力,,中国政府采购网,,,,,,20.4946,"[{""序号"": ""1"", ""供应商名称"": ""四川能建完美实业有限公司"", ""货物名称"": ""成都海关本级办公区及管属场所电力及弱电功能完善"", ""货物品牌"": ""详见供应商比选申请文件"", ""货物型号"": ""详见供应商比选申请文件"", ""货物数量"": ""详见供应商比选申请文件"", ""货物单价(元)"": ""详见供应商比选申请文件""}]",韩小军，向盼盼，尹超（采购人代表）,0.6,四川能建完美实业有限公司,,,,
训练场地租赁服务采购项目成交公告,成交公告,TQ-2026-SC20-D014,2026年09月03日 16:48,四川省,SPD-16,成都市天府新区牧华路三段2538号,吴先生:19602802310,四川楫新工程咨询有限公司,四川省成都市武侯区武兴五路77号智领大厦一单元806,张先生：19013216009,张先生,19013216009,,,https://www.ccgp.gov.cn/cggg/zygg/cjgg/202609/t20260903_27260826.htm,2026-09-10 09:39:20,一、项目编号：TQ-2026-SC20-D014（招标文件编号：TQ-2026-SC20-D014） 二、项目名称：训练场地租赁服务采购项目 三、中标（成交）信息 供应商名称：重庆际华目的地中心实业有限公司供应商地址：重庆市渝北区龙兴镇际华园南路188号中标（成交）金额：9.8000000（万元）四、主要标的信息 序号    供应商名称      服务名称      服务范围      服务要求      服务时间      服务标准   1    重庆际华目的地中心实业有限公司      详见零星采购文件      详见零星采购文件      详见零星采购文件      详见零星采购文件      详见零星采购文件                 五、评审专家（单一来源采购人员）名单： / 六、代理服务收费标准及金额： 本项目代理费收费标准：/ 本项目代理费总金额：0.000000 万元（人民币） 七、公告期限 自本公告发布之日起1个工作日。 八、其它补充事宜 九、凡对本次公告内容提出询问，请按以下方式联系。 1.采购人信息 名 称：SPD-16 地址：成都市天府新区牧华路三段2538号 联系方式：吴先生:19602802310 2.采购代理机构信息 名 称：四川楫新工程咨询有限公司 地 址：四川省成都市武侯区武兴五路77号智领大厦一单元806 联系方式：张先生：19013216009 3.项目联系方式 项目联系人：张先生 电 话： 19013216009,服务外包,,中国政府采购网,,,,,,9.8,"[{""序号"": ""1"", ""供应商名称"": ""重庆际华目的地中心实业有限公司"", ""服务名称"": ""详见零星采购文件"", ""服务范围"": ""详见零星采购文件"", ""服务要求"": ""详见零星采购文件"", ""服务时间"": ""详见零星采购文件"", ""服务标准"": ""详见零星采购文件""}]",/,0.0,重庆际华目的地中心实业有限公司,,,,
东南大学苏州校区运动场（环形步道）建设工程成交公告,成交公告,SEU-FCS-260007,2026年09月03日 16:42,南京市,东南大学,东南大学苏州校区,白老师0512-62997286,南京苏宁工程咨询有限公司,南京市中山路99号1212室,张薇025-84207240,张薇,025-84207240,"中小企业声明函.pdf,磋商文件（定稿）-东南大学苏州校区运动场（环形步道）建设工程.pdf","[{""attach_name"": ""中小企业声明函.pdf"", ""attach_url"": ""https://download.ccgp.gov.cn/oss/download?uuid=9DD7965C80696C36CB7D4C8141EE1C""}, {""attach_name"": ""磋商文件（定稿）-东南大学苏州校区运动场（环形步道）建设工程.pdf"", ""attach_url"": ""https://download.ccgp.gov.cn/oss/download?uuid=7DF1E209653CA8B86E0859D79030E2""}]",https://www.ccgp.gov.cn/cggg/zygg/cjgg/202609/t20260903_27260632.htm,2026-09-10 09:39:21,一、项目编号：SEU-FCS-260007（SNZX-20260839）（招标文件编号：SEU-FCS-260007（SNZX-20260839）） 二、项目名称：东南大学苏州校区运动场（环形步道）建设工程 三、中标（成交）信息 供应商名称：南京迈进建设工程有限公司供应商地址：南京市建邺区广聚路31号1101室中标（成交）金额：85.7280000（万元）四、主要标的信息 序号    供应商名称       工程名称       施工范围       施工工期       项目经理       执业证书   1    南京迈进建设工程有限公司      东南大学苏州校区运动场（环形步道）建设工程      东南大学苏州校区运动场（环形步道）建设工程，具体详见磋商文件及工程量清单。      40日历天      周朋朋      苏 232151614782                 五、评审专家（单一来源采购人员）名单： 徐春荣、张秀娟、周晓明（采购人代表） 六、代理服务收费标准及金额： 本项目代理费收费标准：以成交金额为计费基数，参照原国家计委计价格〔2002〕1980号文相关标准的62%收取，由成交供应商支付。 本项目代理费总金额：0.5315136 万元（人民币） 七、公告期限 自本公告发布之日起1个工作日。 八、其它补充事宜 本项目采用综合评分法，成交供应商的评审总得分为：80.0分。 九、凡对本次公告内容提出询问，请按以下方式联系。 1.采购人信息 名 称：东南大学 地址：东南大学苏州校区 联系方式：白老师0512-62997286 2.采购代理机构信息 名 称：南京苏宁工程咨询有限公司 地 址：南京市中山路99号1212室 联系方式：张薇025-84207240 3.项目联系方式 项目联系人：张薇 电 话： 025-84207240,教育培训,,中国政府采购网,,,,,,85.728,"[{""序号"": ""1"", ""供应商名称"": ""南京迈进建设工程有限公司"", ""工程名称"": ""东南大学苏州校区运动场（环形步道）建设工程"", ""施工范围"": ""东南大学苏州校区运动场（环形步道）建设工程，具体详见磋商文件及工程量清单。"", ""施工工期"": ""40日历天"", ""项目经理"": ""周朋朋"", ""执业证书"": ""苏 232151614782""}]",徐春荣、张秀娟、周晓明（采购人代表）,0.5315136,南京迈进建设工程有限公司,,,,
复旦大学附属肿瘤医院手术机器人维保单一来源采购成交公告,成交公告,0613-266133183470,2026年09月03日 16:42,市辖区,复旦大学附属肿瘤医院,上海市徐汇区东安路270号,徐良、刘雁冰 021-64175590,上海机电设备招标有限公司,上海市普陀区长寿路285号恒达大厦16楼,穆目、孙瑞强，021-32557811，电子邮箱：mm@shbid.com,穆目、孙瑞强,021-32557811,单一来源文件3470复旦大学附属肿瘤医院手术机器人维保.doc,"[{""attach_name"": ""单一来源文件3470复旦大学附属肿瘤医院手术机器人维保.doc"", ""attach_url"": ""https://download.ccgp.gov.cn/oss/download?uuid=E7296C068605A2FAC3DF0B9A6D2482""}]",https://www.ccgp.gov.cn/cggg/zygg/cjgg/202609/t20260903_27260639.htm,2026-09-10 09:39:22,一、项目编号：0613-266133183470（招标文件编号：0613-266133183470） 二、项目名称：复旦大学附属肿瘤医院手术机器人维保 三、中标（成交）信息 供应商名称：直观复星医疗器械技术（上海）有限公司供应商地址：上海市浦东新区蓝靛路1389号1号楼中标（成交）金额：115.0000000（万元）四、主要标的信息 序号    供应商名称      服务名称      服务范围      服务要求      服务时间      服务标准   1    直观复星医疗器械技术（上海）有限公司      手术机器人维保      手术机器人维保，每年提供设备定期预防性保养不低4次，保养内容包括但不限于清洁、性能测试及校准、预防性维护，并在保养前2周内通知院方      满足服务要求      本项目采取一次招标三年沿用、分三个年度分别签订合同的方式实施。若考核不通过或发生投标人损害招标人权益的情况，招标人有权无条件终止合同或拒绝签订次年合同；或在服务过程中服务质量不能满足招标人要求，招标人有权立即与投标人无条件解除合同。合同执行中遇有执行重大变更、不可抗力及上级主管部门重大政策变化，双方按合同约定另行协商解决      满足服务标准                 五、评审专家（单一来源采购人员）名单： 王琪、黄湘蕾、范鹃 六、代理服务收费标准及金额： 本项目代理费收费标准：中标人须向招标代理机构一次性支付中标金额*3*1.5%的招标代理服务费 本项目代理费总金额：5.175000 万元（人民币） 七、公告期限 自本公告发布之日起1个工作日。 八、其它补充事宜 九、凡对本次公告内容提出询问，请按以下方式联系。 1.采购人信息 名 称：复旦大学附属肿瘤医院 地址：上海市徐汇区东安路270号 联系方式：徐良、刘雁冰 021-64175590 2.采购代理机构信息 名 称：上海机电设备招标有限公司 地 址：上海市普陀区长寿路285号恒达大厦16楼 联系方式：穆目、孙瑞强，021-32557811，电子邮箱：mm@shbid.com 3.项目联系方式 项目联系人：穆目、孙瑞强 电 话： 021-32557811,医疗卫生,,中国政府采购网,,,,,,115.0,"[{""序号"": ""1"", ""供应商名称"": ""直观复星医疗器械技术（上海）有限公司"", ""服务名称"": ""手术机器人维保"", ""服务范围"": ""手术机器人维保，每年提供设备定期预防性保养不低4次，保养内容包括但不限于清洁、性能测试及校准、预防性维护，并在保养前2周内通知院方"", ""服务要求"": ""满足服务要求"", ""服务时间"": ""本项目采取一次招标三年沿用、分三个年度分别签订合同的方式实施。若考核不通过或发生投标人损害招标人权益的情况，招标人有权无条件终止合同或拒绝签订次年合同；或在服务过程中服务质量不能满足招标人要求，招标人有权立即与投标人无条件解除合同。合同执行中遇有执行重大变更、不可抗力及上级主管部门重大政策变化，双方按合同约定另行协商解决"", ""服务标准"": ""满足服务标准""}]",王琪、黄湘蕾、范鹃,5.175,直观复星医疗器械技术（上海）有限公司,,,,
中国科学院大学雁栖湖校区教师公寓室内修缮项目（监理）成交公告,成交公告,UCAS-ZBB-2026058,2026年09月03日 16:37,北京市,中国科学院大学,北京市怀柔区雁栖湖东路1号,杨老师，010-69671906,中科信佳（北京）项目管理有限公司,北京市丰台区广安路9号院国投财富广场5号楼12A16室,吴茹群、张雅楠、刘凯南、王琛、张运楠、马瑞芳、温滢、王菲菲、于淼，010-52474970,吴茹群、张雅楠、刘凯南、王琛,010-52474970,"中小企业声明函.pdf,竞争性磋商文件-中国科学院大学雁栖湖校区教师公寓室内修缮项目（监理）--终稿.pdf","[{""attach_name"": ""中小企业声明函.pdf"", ""attach_url"": ""https://download.ccgp.gov.cn/oss/download?uuid=9DD33C439C0D510D0B9EF1008EAE10""}, {""attach_name"": ""竞争性磋商文件-中国科学院大学雁栖湖校区教师公寓室内修缮项目（监理）--终稿.pdf"", ""attach_url"": ""https://download.ccgp.gov.cn/oss/download?uuid=089B3E6998675E86C85311D47C8107""}]",https://www.ccgp.gov.cn/cggg/zygg/cjgg/202609/t20260903_27260472.htm,2026-09-10 09:39:22,一、项目编号：UCAS-ZBB-2026058（ZKXJTC-2026-F195）（招标文件编号：UCAS-ZBB-2026058ZKXJTC-2026-F195） 二、项目名称：中国科学院大学雁栖湖校区教师公寓室内修缮项目（监理） 三、中标（成交）信息 供应商名称：北京高屋工程咨询监理有限公司供应商地址：北京市朝阳区广和南里八条1号1幢一层102、103室中标（成交）金额：40.3817620（万元）四、主要标的信息 序号    供应商名称      服务名称      服务范围      服务要求      服务时间      服务标准   1    北京高屋工程咨询监理有限公司      中国科学院大学雁栖湖校区教师公寓室内修缮项目（监理）      中国科学院大学雁栖湖校区教师公寓室内修缮项目施工准备、现场施工、竣工验收、结算等相关监理工作，配合招标人完成各类验收工作。      详见附件      详见附件      详见附件                 五、评审专家（单一来源采购人员）名单： 刘淑英、马文超、程岩 六、代理服务收费标准及金额： 本项目代理费收费标准：参考原计价格〔2002〕1980号文规定的收费标准和原发改办价格〔2003〕857号文的计费标准，下浮20%收取。 本项目代理费总金额：0.484581 万元（人民币） 七、公告期限 自本公告发布之日起1个工作日。 八、其它补充事宜 成交供应商综合得分：96.33。 九、凡对本次公告内容提出询问，请按以下方式联系。 1.采购人信息 名 称：中国科学院大学 地址：北京市怀柔区雁栖湖东路1号 联系方式：杨老师，010-69671906 2.采购代理机构信息 名 称：中科信佳（北京）项目管理有限公司 地 址：北京市丰台区广安路9号院国投财富广场5号楼12A16室 联系方式：吴茹群、张雅楠、刘凯南、王琛、张运楠、马瑞芳、温滢、王菲菲、于淼，010-52474970 3.项目联系方式 项目联系人：式 项目联系人：吴茹群、张雅楠、刘凯南、王琛、张运楠、马瑞芳、温滢、王菲菲、于淼 电 话： 010-52474970,教育培训,,中国政府采购网,,,,,,40.381762,"[{""序号"": ""1"", ""供应商名称"": ""北京高屋工程咨询监理有限公司"", ""服务名称"": ""中国科学院大学雁栖湖校区教师公寓室内修缮项目（监理）"", ""服务范围"": ""中国科学院大学雁栖湖校区教师公寓室内修缮项目施工准备、现场施工、竣工验收、结算等相关监理工作，配合招标人完成各类验收工作。"", ""服务要求"": ""详见附件"", ""服务时间"": ""详见附件"", ""服务标准"": ""详见附件""}]",刘淑英、马文超、程岩,0.484581,北京高屋工程咨询监理有限公司,,,,
北京大学第三医院病房改造建设及能力提升项目过程跟踪审计成交公告,成交公告,0733-26113790,2026年09月03日 16:30,北京市,北京大学第三医院,北京市海淀区花园北路49号,谢老师，010-82266389,中信国际招标有限公司,北京市朝阳区东三环中路59号京城机电大厦A座17层1710室,王乾豪、钱柏丞、和学娟、李思哲、胡杰谦、刘莎010-87945198-690、131,王乾豪、钱柏丞、和学娟、李思哲,010-87945198-690、131,公开比选-北京大学第三医院病房改造建设及能力提升项目过程跟踪审计20260818SV.pdf,"[{""attach_name"": ""公开比选-北京大学第三医院病房改造建设及能力提升项目过程跟踪审计20260818SV.pdf"", ""attach_url"": ""https://download.ccgp.gov.cn/oss/download?uuid=10CF2EB2C36F5E2B42166D695CC2C6""}]",https://www.ccgp.gov.cn/cggg/zygg/cjgg/202609/t20260903_27260351.htm,2026-09-10 09:39:23,一、项目编号：0733-26113790（招标文件编号：0733-26113790） 二、项目名称：北京大学第三医院病房改造建设及能力提升项目过程跟踪审计 三、中标（成交）信息 供应商名称：北京中天恒达工程咨询有限责任公司（北京中天恒会计师事务所（特殊普通合伙））供应商地址：北京市海淀区中关村南大街17号韦伯时代中心C座2308室（北京市大兴区榆太路8号1幢1至3层01）中标（成交）金额：51.0000000（万元）四、主要标的信息 序号    供应商名称      服务名称      服务范围      服务要求      服务时间      服务标准   1    北京中天恒达工程咨询有限责任公司（北京中天恒会计师事务所（特殊普通合伙））      北京大学第三医院病房改造建设及能力提升项目过程跟踪审计      详见采购文件。      详见采购文件。      详见采购文件。      详见采购文件。                 五、评审专家（单一来源采购人员）名单： 王希玲、杨葳、李楠 六、代理服务收费标准及金额： 本项目代理费收费标准：购代理服务费参照中华人民共和国国家计委令计价格[2002]1980号规定的手续费收费标准下浮20%按采购包进行收取。缴纳时间：在成交供应商领取成交通知书时，由成交供应商向采购代理机构一次性支付全部招标代理服务费。 本项目代理费总金额：0.612000 万元（人民币） 七、公告期限 自本公告发布之日起1个工作日。 八、其它补充事宜 比选公告日期:2026年8月19日 比选时间:2026年9月2日 确定日期:2026年9月3日 成交人评审总得分(总平均分): 86.92分 具体内容详见附件下载  九、凡对本次公告内容提出询问，请按以下方式联系。 1.采购人信息 名 称：北京大学第三医院 地址： 北京市海淀区花园北路49号 联系方式：谢老师，010-82266389 2.采购代理机构信息 名 称：中信国际招标有限公司 地 址：北京市朝阳区东三环中路59号京城机电大厦A座17层1710室 联系方式：王乾豪、钱柏丞、和学娟、李思哲、胡杰谦、刘莎010-87945198-690、131 3.项目联系方式 项目联系人：王乾豪、钱柏丞、和学娟、李思哲、胡杰谦、刘莎 电 话： 010-87945198-690、131,医疗卫生,,中国政府采购网,,,,,,51.0,"[{""序号"": ""1"", ""供应商名称"": ""北京中天恒达工程咨询有限责任公司（北京中天恒会计师事务所（特殊普通合伙））"", ""服务名称"": ""北京大学第三医院病房改造建设及能力提升项目过程跟踪审计"", ""服务范围"": ""详见采购文件。"", ""服务要求"": ""详见采购文件。"", ""服务时间"": ""详见采购文件。"", ""服务标准"": ""详见采购文件。""}]",王希玲、杨葳、李楠,0.612,北京中天恒达工程咨询有限责任公司（北京中天恒会计师事务所（特殊普通合伙））,,,,
全国海关信息中心2026年海关地理支撑平台运营服务采购项目成交公告,成交公告,0610-2641NF051611,2026年09月03日 16:28,北京市,全国海关信息中心,北京市东城区金宝街63号,王老师  010-85193333,北京国际招标有限公司,北京市海淀区北三环中路31号院凯奇大厦B座9层,张鑫、刘思雯、张晨楚  010-84045310,张鑫、刘思雯、张晨楚,010-84045310,"中小企业声明函-中科云星（北京）科技有限公司.pdf,（全流程电子化）竞争性磋商文件-全国海关信息中心2026年海关地理支撑平台运营服务0820发售版.pdf","[{""attach_name"": ""中小企业声明函-中科云星（北京）科技有限公司.pdf"", ""attach_url"": ""https://download.ccgp.gov.cn/oss/download?uuid=B372F2ED7B07172955309CE28C3D2F""}, {""attach_name"": ""（全流程电子化）竞争性磋商文件-全国海关信息中心2026年海关地理支撑平台运营服务0820发售版.pdf"", ""attach_url"": ""https://download.ccgp.gov.cn/oss/download?uuid=28300DFC3166717E796F016656B5EA""}]",https://www.ccgp.gov.cn/cggg/zygg/cjgg/202609/t20260903_27260294.htm,2026-09-10 09:39:23,一、项目编号：0610-2641NF051611（招标文件编号：0610-2641NF051611） 二、项目名称：全国海关信息中心2026年海关地理支撑平台运营服务采购项目 三、中标（成交）信息 供应商名称：中科云星（北京）科技有限公司供应商地址：北京市昌平区生命科学园医科路9号院4号楼三层303-370中标（成交）金额：45.6000000（万元）四、主要标的信息 序号    供应商名称      服务名称      服务范围      服务要求      服务时间      服务标准   1    中科云星（北京）科技有限公司      全国海关信息中心2026年海关地理支撑平台运营服务采购项目      本项目采购内容包括基础运行维护服务、高级技术服务、以及面向海关应用系统集成的技术支持服务。      详见竞争性磋商文件      2026年9月21日至2027年9月20日      详见竞争性磋商文件                 五、评审专家（单一来源采购人员）名单： 王翔、王超、梁东 六、代理服务收费标准及金额： 本项目代理费收费标准：按照竞争性磋商文件中规定的收费标准收取，由成交供应商支付。 本项目代理费总金额：0.684000 万元（人民币） 七、公告期限 自本公告发布之日起1个工作日。 八、其它补充事宜 成交供应商评审总得分：88.67分 九、凡对本次公告内容提出询问，请按以下方式联系。 1.采购人信息 名 称：全国海关信息中心 地址：北京市东城区金宝街63号 联系方式：王老师 010-85193333 2.采购代理机构信息 名 称：北京国际招标有限公司 地 址：北京市海淀区北三环中路31号院凯奇大厦B座9层 联系方式：张鑫、刘思雯、张晨楚 010-84045310 3.项目联系方式 项目联系人：张鑫、刘思雯、张晨楚 电 话： 010-84045310,信息技术,,中国政府采购网,,,,,,45.6,"[{""序号"": ""1"", ""供应商名称"": ""中科云星（北京）科技有限公司"", ""服务名称"": ""全国海关信息中心2026年海关地理支撑平台运营服务采购项目"", ""服务范围"": ""本项目采购内容包括基础运行维护服务、高级技术服务、以及面向海关应用系统集成的技术支持服务。"", ""服务要求"": ""详见竞争性磋商文件"", ""服务时间"": ""2026年9月21日至2027年9月20日"", ""服务标准"": ""详见竞争性磋商文件""}]",王翔、王超、梁东,0.684,中科云星（北京）科技有限公司,,,,
银川市消防救援支队机关车辆维修保养服务采购项目（二标段）成交公告,成交公告,CXZB-2026ZC083,2026年09月03日 16:22,宁夏回族自治区,银川市消防救援支队,银川市金凤区泰康街300号,靳班长  17752313334,宁夏骋翔招标代理有限公司,银川市虹桥南街西侧天源财汇中心A座1801室,仇学刚、马小龙  0951-5699246,靳班长,17752313334,中小企业声明函.pdf,"[{""attach_name"": ""中小企业声明函.pdf"", ""attach_url"": ""https://download.ccgp.gov.cn/oss/download?uuid=6248036625BF3DF2D59D32F754A0DB""}]",https://www.ccgp.gov.cn/cggg/zygg/cjgg/202609/t20260903_27260184.htm,2026-09-10 09:39:24,一、项目编号：CXZB-2026ZC083（招标文件编号：CXZB-2026ZC083） 二、项目名称：银川市消防救援支队机关车辆维修保养服务采购项目 三、中标（成交）信息 供应商名称：宁夏三控装备科技有限公司供应商地址：宁夏贺兰工业园区（德胜片区）丰庆西路6号研发楼包组或产品名称：无折扣率(%)：10.0000000四、主要标的信息 序号    供应商名称      服务名称      服务范围      服务要求      服务时间      服务标准   1    宁夏三控装备科技有限公司      银川市消防救援支队机关车辆维修保养服务采购项目(二标段)      按磋商文件要求执行      按磋商文件要求执行      服务期三年，合同一年一签      按磋商文件要求及响应文件承诺执行                 五、评审专家（单一来源采购人员）名单： 葛维政（组长）、张鑫、王璐（采购人代表） 六、代理服务收费标准及金额： 本项目代理费收费标准：按照差额定率累进法以供应商中标（成交）价为计费基准，100万元以内费率为1.5%计取。最终收取费用在此基础上下浮20%收取。 本项目代理费总金额：0.680400 万元（人民币） 七、公告期限 自本公告发布之日起1个工作日。 八、其它补充事宜 成交折扣：9折 九、凡对本次公告内容提出询问，请按以下方式联系。 1.采购人信息 名 称：银川市消防救援支队 地址：银川市金凤区泰康街300号 联系方式：靳班长 17752313334 2.采购代理机构信息 名 称：宁夏骋翔招标代理有限公司 地 址：银川市虹桥南街西侧天源财汇中心A座1801室 联系方式：仇学刚、马小龙 0951-5699246 3.项目联系方式 项目联系人：靳班长 电 话： 17752313334,公共安全,,中国政府采购网,,,,,,0.0,"[{""序号"": ""1"", ""供应商名称"": ""宁夏三控装备科技有限公司"", ""服务名称"": ""银川市消防救援支队机关车辆维修保养服务采购项目(二标段)"", ""服务范围"": ""按磋商文件要求执行"", ""服务要求"": ""按磋商文件要求执行"", ""服务时间"": ""服务期三年，合同一年一签"", ""服务标准"": ""按磋商文件要求及响应文件承诺执行""}]",葛维政（组长）、张鑫、王璐（采购人代表）,0.6804,宁夏三控装备科技有限公司,,,,
SPD-04重庆某单位机关食堂餐台改造零星采购成交公告,成交公告,,2026年09月03日 16:17,渝北区,SPD-04,重庆市两江新区新牌坊,黄老师02363756935,详见公告正文,详见公告正文,详见公告正文,黄老师,02363756935,,,https://www.ccgp.gov.cn/cggg/zygg/cjgg/202609/t20260903_27260768.htm,2026-09-10 09:39:25,一、项目编号：（招标文件编号：无） 二、项目名称：重庆某单位机关食堂餐台改造零星采购 三、中标（成交）信息 供应商名称：忠县卓尚家居经营部供应商地址：重庆市忠县忠州街道大桥路1号中标（成交）金额：8.9000000（万元）四、主要标的信息 序号    供应商名称      货物名称      货物品牌      货物型号      货物数量      货物单价(元)   1    忠县卓尚家居经营部      定制柜式双面全包大理石餐台      定制      4800*1500*（800+600上体）      4.8      6000                 五、评审专家（单一来源采购人员）名单： 李林泽、黄希成、郭帅 六、代理服务收费标准及金额： 本项目代理费收费标准：无 本项目代理费总金额：0.000000 万元（人民币） 七、公告期限 自本公告发布之日起1个工作日。 八、其它补充事宜 九、凡对本次公告内容提出询问，请按以下方式联系。 1.采购人信息 名 称：SPD-04 地址：重庆市两江新区新牌坊 联系方式：黄老师02363756935 2.项目联系方式 项目联系人：黄老师 电 话： 02363756935,工程建设,,中国政府采购网,,,,,,8.9,"[{""序号"": ""1"", ""供应商名称"": ""忠县卓尚家居经营部"", ""货物名称"": ""定制柜式双面全包大理石餐台"", ""货物品牌"": ""定制"", ""货物型号"": ""4800*1500*（800+600上体）"", ""货物数量"": ""4.8"", ""货物单价(元)"": ""6000""}]",李林泽、黄希成、郭帅,0.0,忠县卓尚家居经营部,,,,
中国地质调查局西安矿产资源调查中心实验室改造项目成交公告,成交公告,0617-2622XZ2087,2026年09月03日 16:05,陕西省,中国地质调查局西安矿产资源调查中心,陕西省西安市凤栖西路66号,徐老师029-85918633,西北(陕西)国际招标有限公司,陕西省西安市雁塔区南二环西段58号成长大厦10-14层,张君君、白轩宇  029-85592880,徐老师,029-85918633,"招标文件（实验室改造）.doc,小型企业声明函.jpg","[{""attach_name"": ""招标文件（实验室改造）.doc"", ""attach_url"": ""https://download.ccgp.gov.cn/oss/download?uuid=FE866EBACB53B0EAE2CBD933263129""}, {""attach_name"": ""小型企业声明函.jpg"", ""attach_url"": ""https://download.ccgp.gov.cn/oss/download?uuid=CC6C9B61303DDAFE360ED4BE4E7EDF""}]",https://www.ccgp.gov.cn/cggg/zygg/cjgg/202609/t20260903_27259843.htm,2026-09-10 09:39:25,一、项目编号：0617-2622XZ2087（招标文件编号：0617-2622XZ2087） 二、项目名称：中国地质调查局西安矿产资源调查中心实验室改造项目 三、中标（成交）信息 供应商名称：陕西中庚建设集团有限公司供应商地址：陕西省西安市曲江新区翠华南路曲江环球中心1幢1单元10801-10室中标（成交）金额：54.8216000（万元）四、主要标的信息 序号    供应商名称       工程名称       施工范围       施工工期       项目经理       执业证书   1    陕西中庚建设集团有限公司      中国地质调查局西安矿产资源调查中心实验室改造项目      采购文件范围内所有工作内容。      60日历天      李阳      陕261242409289                 五、评审专家（单一来源采购人员）名单： 毋铁卫、雪增让、冯博鑫 六、代理服务收费标准及金额： 本项目代理费收费标准：参照原国家计委颁发的《招标代理服务收费管理暂行办法》（计价格[2002]1980号）和国家发展改革委员会办公厅颁发的《关于招标代理服务收费有关问题的通知》（发改办价格[2003] 857号）的有关规定的收费标准下浮10%向成交供应商进行收取。（收费不足6000元的按照6000元收取。） 本项目代理费总金额：0.600000 万元（人民币） 七、公告期限 自本公告发布之日起1个工作日。 八、其它补充事宜 1.本项目采用综合评分法2.成交单位得分情况：陕西中庚建设集团有限公司评审总得分：93.80分。 九、凡对本次公告内容提出询问，请按以下方式联系。 1.采购人信息 名 称：中国地质调查局西安矿产资源调查中心 地址：陕西省西安市凤栖西路66号 联系方式：徐老师029-85918633 2.采购代理机构信息 名 称：西北(陕西)国际招标有限公司 地 址：陕西省西安市雁塔区南二环西段58号成长大厦10-14层 联系方式：张君君、白轩宇 029-85592880 3.项目联系方式 项目联系人：徐老师 电 话： 029-85918633,工程建设,,中国政府采购网,,,,,,54.8216,"[{""序号"": ""1"", ""供应商名称"": ""陕西中庚建设集团有限公司"", ""工程名称"": ""中国地质调查局西安矿产资源调查中心实验室改造项目"", ""施工范围"": ""采购文件范围内所有工作内容。"", ""施工工期"": ""60日历天"", ""项目经理"": ""李阳"", ""执业证书"": ""陕261242409289""}]",毋铁卫、雪增让、冯博鑫,0.6,陕西中庚建设集团有限公司,,,,
中华人民共和国东疆出入境边防检查站执勤现场用房及查验场地设施维修改造项目成交公告,成交公告,BHJJGP-ZFCG-2026-022,2026年09月03日 16:01,天津市,中华人民共和国东疆出入境边防检查站,天津市东疆综合保税区鄂尔多斯路599号B4座,陈工022-24739553,天津滨海经建工程项目管理有限公司,天津市滨海新区华中路16号天威工业园9号楼,王伟娜、姜莹莹、李玲,王伟娜、姜莹莹、李玲,022-65293156,"中小企业声明函.pdf,采购文件+图纸+工程量清单.zip","[{""attach_name"": ""中小企业声明函.pdf"", ""attach_url"": ""https://download.ccgp.gov.cn/oss/download?uuid=47FFB2F72FD65052EDFC3182E2E401""}, {""attach_name"": ""采购文件+图纸+工程量清单.zip"", ""attach_url"": ""https://download.ccgp.gov.cn/oss/download?uuid=158C920E60F8AC4015DAFCBAA7BA21""}]",https://www.ccgp.gov.cn/cggg/zygg/cjgg/202609/t20260903_27259766.htm,2026-09-10 09:39:26,一、项目编号：BHJJGP-ZFCG-2026-022（招标文件编号：BHJJGP-ZFCG-2026-022） 二、项目名称：中华人民共和国东疆出入境边防检查站执勤现场用房及查验场地设施维修改造项目 三、中标（成交）信息 供应商名称：天津泰华建设工程有限公司供应商地址：天津经济技术开发区天龙路9号D3-101室中标（成交）金额：228.4711000（万元）四、主要标的信息 序号    供应商名称       工程名称       施工范围       施工工期       项目经理       执业证书   1    天津泰华建设工程有限公司      中华人民共和国东疆出入境边防检查站执勤现场用房及查验场地设施维修改造项目      中华人民共和国东疆出入境边防检查站执勤现场用房及查验场地设施维修改造，具体详见项目需求书      自实际开工日期起60个日历日      高建超      津21220242024-16437                 五、评审专家（单一来源采购人员）名单： 任冬祥、秦小光、张洪喆(采购人代表) 六、代理服务收费标准及金额： 本项目代理费收费标准：成交金额(100万元x1.0%+128.4711万元*0.7%）x0.75的标准向成交单位收取服务费。 本项目代理费总金额：1.424400 万元（人民币） 七、公告期限 自本公告发布之日起1个工作日。 八、其它补充事宜 天津泰华建设工程有限公司综合得分：93.13分 九、凡对本次公告内容提出询问，请按以下方式联系。 1.采购人信息 名 称：中华人民共和国东疆出入境边防检查站 地址：天津市东疆综合保税区鄂尔多斯路599号B4座 联系方式：陈工022-24739553 2.采购代理机构信息 名 称：天津滨海经建工程项目管理有限公司 地 址：天津市滨海新区华中路16号天威工业园9号楼 联系方式：王伟娜、姜莹莹、李玲 3.项目联系方式 项目联系人：王伟娜、姜莹莹、李玲 电 话： 022-65293156,工程建设,,中国政府采购网,,,,,,228.4711,"[{""序号"": ""1"", ""供应商名称"": ""天津泰华建设工程有限公司"", ""工程名称"": ""中华人民共和国东疆出入境边防检查站执勤现场用房及查验场地设施维修改造项目"", ""施工范围"": ""中华人民共和国东疆出入境边防检查站执勤现场用房及查验场地设施维修改造，具体详见项目需求书"", ""施工工期"": ""自实际开工日期起60个日历日"", ""项目经理"": ""高建超"", ""执业证书"": ""津21220242024-16437""}]",任冬祥、秦小光、张洪喆(采购人代表),1.4244,天津泰华建设工程有限公司,,,,
南京市六合区消防救援大队2026年六合大队广告宣传印刷服务项目成交公告,成交公告,XDZB202601023,2026年09月03日 15:50,南京市,南京市六合区消防救援大队,南京市六合区复兴路机场派出所东南侧约210米,高工 13913327792,江苏希地丰华项目管理集团有限公司,南京市雨花台区宁双路19号云密城k栋17层,李工 18795858597,李工,18795858597,,,https://www.ccgp.gov.cn/cggg/zygg/cjgg/202609/t20260903_27259545.htm,2026-09-10 09:39:27,一、项目编号：XDZB202601023（招标文件编号：XDZB202601023） 二、项目名称：2026年六合大队广告宣传印刷服务项目 三、中标（成交）信息 供应商名称：扬州飞尔广告装饰工程有限公司供应商地址：江苏省扬州市仪征市真州镇鼓楼东路288号中标（成交）金额：37.5040000（万元）四、主要标的信息 序号    供应商名称      服务名称      服务范围      服务要求      服务时间      服务标准   1    扬州飞尔广告装饰工程有限公司      2026年六合大队广告宣传印刷服务项目      2026年六合大队广告宣传印刷服务项目。（详见比选文件）      为加强财务支出管理，降低采购成本，提高采购效率和资金使用效益，结合大队实际情况拟对2026年六合大队广告宣传印刷服务进行采购。（详见比选文件）      一年。（具体以合同签订时间为准）      合格，满足采购人需求。                 五、评审专家（单一来源采购人员）名单： 王薇薇、扈楠、高硕 六、代理服务收费标准及金额： 本项目代理费收费标准：招标代理服务费参照《国家发展改革委关于降低部分建设项目收费标准规范收费行为等有关问题的通知》(发改价格[2011】534号)执行，费率标准为60%，计费基数为成交价，本次收费2000元。上述费用由成交人在领取中标通知书时一次性支付给招标代理机构。 本项目代理费总金额：0.200000 万元（人民币） 七、公告期限 自本公告发布之日起1个工作日。 八、其它补充事宜 无。 九、凡对本次公告内容提出询问，请按以下方式联系。 1.采购人信息 名 称：南京市六合区消防救援大队 地址：南京市六合区复兴路机场派出所东南侧约210米 联系方式：高工 13913327792 2.采购代理机构信息 名 称：江苏希地丰华项目管理集团有限公司 地 址：南京市雨花台区宁双路19号云密城k栋17层 联系方式：李工 18795858597 3.项目联系方式 项目联系人：李工 电 话： 18795858597,公共安全,,中国政府采购网,,,,,,37.504,"[{""序号"": ""1"", ""供应商名称"": ""扬州飞尔广告装饰工程有限公司"", ""服务名称"": ""2026年六合大队广告宣传印刷服务项目"", ""服务范围"": ""2026年六合大队广告宣传印刷服务项目。（详见比选文件）"", ""服务要求"": ""为加强财务支出管理，降低采购成本，提高采购效率和资金使用效益，结合大队实际情况拟对2026年六合大队广告宣传印刷服务进行采购。（详见比选文件）"", ""服务时间"": ""一年。（具体以合同签订时间为准）"", ""服务标准"": ""合格，满足采购人需求。""}]",王薇薇、扈楠、高硕,0.2,扬州飞尔广告装饰工程有限公司,,,,
泸州市消防救援支队泸州支队机关公寓房装修改造工程项目成交公告,成交公告,26WB0135,2026年09月03日 15:48,江阳区,泸州市消防救援支队,泸州市江阳区酒城大道二段丹艳路119号,陈老师   0830-2646357,重庆市政府采购中心,重庆市两江新区五简路2号重庆咨询大厦B座502室,袁建文 钟若仪 023-67703281 67120648,王迪,023-630104556320610367703875,,,https://www.ccgp.gov.cn/cggg/zygg/cjgg/202609/t20260903_27259504.htm,2026-09-10 09:39:28,一、项目编号：26WB0135（ZC-CS-26001108-2）（招标文件编号：26WB0135（ZC-CS-26001108-2）） 二、项目名称：泸州支队机关公寓房装修改造工程项目 三、中标（成交）信息 供应商名称：四川勤投建筑工程有限公司供应商地址：泸州市江阳区邻玉街道迎宾路179号1幢181号中标（成交）金额：276.7361770（万元）四、主要标的信息 序号    供应商名称       工程名称       施工范围       施工工期       项目经理       执业证书   1    四川勤投建筑工程有限公司      泸州支队机关公寓房装修改造工程项目      本项目所有工作内容应包含清单计价规范所列出的工作内容（但不仅限于此），其完整的工作内容应为按照工程量清单、工程量清单编制说明、设计图纸、现行的相关施工工艺、技术规范标准、施工质量验收标准和施工规范等要求实施完成该项工程并达到设计和验收规范要求的所有内容      总工期120日历天      赵冬梅      川2512023202306043                 五、评审专家（单一来源采购人员）名单： 徐光耀 周小果 马飞 刘爱华 李兵(采购人代表） 六、代理服务收费标准及金额： 本项目代理费收费标准：详见本项目采购文件 本项目代理费总金额：2.229500 万元（人民币） 七、公告期限 自本公告发布之日起1个工作日。 八、其它补充事宜 九、凡对本次公告内容提出询问，请按以下方式联系。 1.采购人信息 名 称：泸州市消防救援支队 地址：泸州市江阳区酒城大道二段丹艳路119号 联系方式：陈老师 0830-2646357 2.采购代理机构信息 名 称：重庆市政府采购中心 地 址：重庆市两江新区五简路2号重庆咨询大厦B座502室 联系方式：袁建文 钟若仪 023-67703281 67120648 3.项目联系方式 项目联系人：王迪 电 话： 023-63010455 63206103 67703875,公共安全,,中国政府采购网,,,,,,276.736177,"[{""序号"": ""1"", ""供应商名称"": ""四川勤投建筑工程有限公司"", ""工程名称"": ""泸州支队机关公寓房装修改造工程项目"", ""施工范围"": ""本项目所有工作内容应包含清单计价规范所列出的工作内容（但不仅限于此），其完整的工作内容应为按照工程量清单、工程量清单编制说明、设计图纸、现行的相关施工工艺、技术规范标准、施工质量验收标准和施工规范等要求实施完成该项工程并达到设计和验收规范要求的所有内容"", ""施工工期"": ""总工期120日历天"", ""项目经理"": ""赵冬梅"", ""执业证书"": ""川2512023202306043""}]",徐光耀 周小果 马飞 刘爱华 李兵(采购人代表）,2.2295,四川勤投建筑工程有限公司,,,,
福建省森林消防总队广东消防救援机动总队机关营区绿化和食堂社会化保障服务采购项目（二次）成交公告,成交公告,SJ26DL0900,2026年09月03日 15:31,潮安县,福建省森林消防总队,广东省潮州市潮安区古巷镇横溪村广东消防救援机动总队,李森  13848901856,广东省建筑工程监理有限公司,广东省广州市荔湾区流花路85号,方伟钊 18922320226,李森,13848901856,"竞争性磋商文件定稿-广东消防救援机动总队机关营区绿化和食堂社会化保障服务采购项目（二次）260820.pdf,中小企业声明函(1).pdf","[{""attach_name"": ""竞争性磋商文件定稿-广东消防救援机动总队机关营区绿化和食堂社会化保障服务采购项目（二次）260820.pdf"", ""attach_url"": ""https://download.ccgp.gov.cn/oss/download?uuid=E57D77E16ED717CECE652F60175298""}, {""attach_name"": ""中小企业声明函(1).pdf"", ""attach_url"": ""https://download.ccgp.gov.cn/oss/download?uuid=FA8A2F2F2A51C9B8EE9232145D528A""}]",https://www.ccgp.gov.cn/cggg/zygg/cjgg/202609/t20260903_27259152.htm,2026-09-10 09:39:28,一、项目编号：SJ26DL0900（招标文件编号：SJ26DL0900） 二、项目名称：广东消防救援机动总队机关营区绿化和食堂社会化保障服务采购项目 三、中标（成交）信息 供应商名称：广东心怡智慧城市服务有限公司供应商地址：广州市增城区新塘镇卫山北二路91号7楼702室中标（成交）金额：57.2904000（万元）四、主要标的信息 序号    供应商名称      服务名称      服务范围      服务要求      服务时间      服务标准   1    广东心怡智慧城市服务有限公司      广东消防救援机动总队机关营区绿化和食堂社会化保障服务采购项目（二次）      1.为采购人工作人员提供早餐、中餐、晚餐及会餐服务。 2.为重要会议、活动供餐。 3.根据采购人应急响应，为采购人提供任务伴随保障服务。 4.根据采购人的需求，供应商负责营区绿植、草坪、树木、花卉的日常浇灌、修剪、除草、病虫害防治、补植补种；完成重大活动、节假日期间营区景观布置与美化工作。供应商负责营区各类机电设备日常巡检、维修、故障排查与应急抢修。 详见竞争性磋商文件第五章服务要求。      详见磋商文件      自合同签订之日起6个月。      详见磋商文件                 五、评审专家（单一来源采购人员）名单： 吴俊浩（组长）、刘雄辉、李洋（业主评委） 六、代理服务收费标准及金额： 本项目代理费收费标准：成交服务费由成交供应商支付（（1）以中标（成交）金额作为招标代理服务费的计算基数。（2）收费采用差额定率累进法计算方式，收费标准按照《国家计委关于印发<招标代理服务收费管理暂行办法>的通知》（计价格[2002]1980号文）规定的“服务招标”的费率类型进行计取。）。收款单位：广东省建筑工程监理有限公司开 户 行：中国建设银行股份有限公司广州流花支行银行账号：44001453102050285532 本项目代理费总金额：0.859356 万元（人民币） 七、公告期限 自本公告发布之日起1个工作日。 八、其它补充事宜 1.本项目是由福建省森林消防总队代发，实际采购人为广东消防救援机动总队。2.评审结果： 供应商 资格性审查 符合性审查 入围供应商磋商 金额（元） 技术 得分 商务 得分 价格得分 综合 得分 得分排名 推荐排名 广东心怡智慧城市服务有限公司 通过 通过 ￥572904.00 39.00 29.00 20.00 88.00 1 1 西安永大物业管理服务有限公司 通过 通过 ￥576000.00 32.00 30.00 19.89 81.89 2 2 深圳中康餐饮管理有限公司 通过 通过 ￥600000.00 29.00 25.00 19.10 73.10 3 3 众华服务(广东)有限公司 通过 通过 ￥605000.00 29.00 20.00 18.94 67.94 4   广东生之源集团有限公司 通过 通过 ￥589000.00 28.00 19.00 19.45 66.45 5   广州安地物业管理有限公司 不通过符合性审查，根据竞争性磋商文件第三章评审办法四、响应文件符合性审查，审查内容第一点需提供“法定代表人身份证明及法定代表人授权委托书”，广州安地物业管理有限公司未提供法定代表人身份证明，无法证明其为该公司的法定代表人，故不通过符合性审查。 广东大合益健康产业有限公司 不通过符合性审查，根据竞争性磋商文件第三章评审办法四、响应文件符合性审查，审查内容第一点需提供“法定代表人身份证明及法定代表人授权委托书”，广东大合益健康产业有限公司未提供法定代表人身份证明，无法证明其为该公司的法定代表人，故不通过符合性审查。 九、凡对本次公告内容提出询问，请按以下方式联系。 1.采购人信息 名 称：福建省森林消防总队 地址：广东省潮州市潮安区古巷镇横溪村广东消防救援机动总队 联系方式：李森 13848901856 2.采购代理机构信息 名 称：广东省建筑工程监理有限公司 地 址：广东省广州市荔湾区流花路85号 联系方式：方伟钊 18922320226 3.项目联系方式 项目联系人：李森 电 话： 13848901856,公共安全,,中国政府采购网,,,,,,57.2904,"[{""序号"": ""1"", ""供应商名称"": ""广东心怡智慧城市服务有限公司"", ""服务名称"": ""广东消防救援机动总队机关营区绿化和食堂社会化保障服务采购项目（二次）"", ""服务范围"": ""1.为采购人工作人员提供早餐、中餐、晚餐及会餐服务。\t\t\t2.为重要会议、活动供餐。\t\t\t3.根据采购人应急响应，为采购人提供任务伴随保障服务。\t\t\t4.根据采购人的需求，供应商负责营区绿植、草坪、树木、花卉的日常浇灌、修剪、除草、病虫害防治、补植补种；完成重大活动、节假日期间营区景观布置与美化工作。供应商负责营区各类机电设备日常巡检、维修、故障排查与应急抢修。\t\t\t详见竞争性磋商文件第五章服务要求。"", ""服务要求"": ""详见磋商文件"", ""服务时间"": ""自合同签订之日起6个月。"", ""服务标准"": ""详见磋商文件""}, {""供应商"": ""广东心怡智慧城市服务有限公司"", ""资格性审查"": ""通过"", ""符合性审查"": ""通过"", ""入围供应商磋商\t\t\t金额（元）"": ""￥572904.00"", ""技术\t\t\t得分"": ""39.00"", ""商务\t\t\t得分"": ""29.00"", ""价格得分"": ""20.00"", ""综合\t\t\t得分"": ""88.00"", ""得分排名"": ""1"", ""推荐排名"": ""1""}, {""供应商"": ""西安永大物业管理服务有限公司"", ""资格性审查"": ""通过"", ""符合性审查"": ""通过"", ""入围供应商磋商\t\t\t金额（元）"": ""￥576000.00"", ""技术\t\t\t得分"": ""32.00"", ""商务\t\t\t得分"": ""30.00"", ""价格得分"": ""19.89"", ""综合\t\t\t得分"": ""81.89"", ""得分排名"": ""2"", ""推荐排名"": ""2""}, {""供应商"": ""深圳中康餐饮管理有限公司"", ""资格性审查"": ""通过"", ""符合性审查"": ""通过"", ""入围供应商磋商\t\t\t金额（元）"": ""￥600000.00"", ""技术\t\t\t得分"": ""29.00"", ""商务\t\t\t得分"": ""25.00"", ""价格得分"": ""19.10"", ""综合\t\t\t得分"": ""73.10"", ""得分排名"": ""3"", ""推荐排名"": ""3""}, {""供应商"": ""众华服务(广东)有限公司"", ""资格性审查"": ""通过"", ""符合性审查"": ""通过"", ""入围供应商磋商\t\t\t金额（元）"": ""￥605000.00"", ""技术\t\t\t得分"": ""29.00"", ""商务\t\t\t得分"": ""20.00"", ""价格得分"": ""18.94"", ""综合\t\t\t得分"": ""67.94"", ""得分排名"": ""4""}, {""供应商"": ""广东生之源集团有限公司"", ""资格性审查"": ""通过"", ""符合性审查"": ""通过"", ""入围供应商磋商\t\t\t金额（元）"": ""￥589000.00"", ""技术\t\t\t得分"": ""28.00"", ""商务\t\t\t得分"": ""19.00"", ""价格得分"": ""19.45"", ""综合\t\t\t得分"": ""66.45"", ""得分排名"": ""5""}, {""供应商"": ""广州安地物业管理有限公司"", ""资格性审查"": ""不通过符合性审查，根据竞争性磋商文件第三章评审办法四、响应文件符合性审查，审查内容第一点需提供“法定代表人身份证明及法定代表人授权委托书”，广州安地物业管理有限公司未提供法定代表人身份证明，无法证明其为该公司的法定代表人，故不通过符合性审查。""}, {""供应商"": ""广东大合益健康产业有限公司"", ""资格性审查"": ""不通过符合性审查，根据竞争性磋商文件第三章评审办法四、响应文件符合性审查，审查内容第一点需提供“法定代表人身份证明及法定代表人授权委托书”，广东大合益健康产业有限公司未提供法定代表人身份证明，无法证明其为该公司的法定代表人，故不通过符合性审查。""}]",吴俊浩（组长）、刘雄辉、李洋（业主评委）,0.859356,广东心怡智慧城市服务有限公司、￥572904.00、西安永大物业管理服务有限公司、￥576000.00、深圳中康餐饮管理有限公司、￥600000.00、众华服务(广东)有限公司、￥605000.00、广东生之源集团有限公司、￥589000.00、广州安地物业管理有限公司、广东大合益健康产业有限公司,,,,
石嘴山市惠农区消防救援大队淄山工业园区二级消防救援站库室功能升级改造项目竞争性磋商采购结果公告,成交公告,TZZD/NZC260158B,2026年09月03日 15:25,宁夏回族自治区,石嘴山市惠农区消防救援大队,石嘴山市惠农区兴惠路8号,赵慧宁  15909529694,宁夏天泽众德招标有限公司,宁夏银川市虹桥路天源财汇中心A座14楼,傅明明  李光艳   19581063603,傅明明,19581063603,中小企业声明函（工程）.pdf,"[{""attach_name"": ""中小企业声明函（工程）.pdf"", ""attach_url"": ""https://download.ccgp.gov.cn/oss/download?uuid=FCC5FC0CCD2C8BE6C418E72EFF1D2C""}]",https://www.ccgp.gov.cn/cggg/zygg/cjgg/202609/t20260903_27259022.htm,2026-09-10 09:39:29,一、项目编号：TZZD/NZC260158B（招标文件编号：TZZD/NZC260158B） 二、项目名称：石嘴山市惠农区消防救援大队淄山工业园区二级消防救援站库室功能升级改造项目 三、中标（成交）信息 供应商名称：宁夏尚珀建设工程有限公司供应商地址：宁夏银川市金凤区金榜铭园2#楼7层中标（成交）金额：91.6000000（万元）四、主要标的信息 序号    供应商名称       工程名称       施工范围       施工工期       项目经理       执业证书   1    宁夏尚珀建设工程有限公司      石嘴山市惠农区消防救援大队淄山工业园区二级消防救援站库室功能升级改造项目      石嘴山市惠农区消防救援大队淄山工业园区二级消防救援站库室功能升级改造项目磋商文件及工程量清单全部内容。      合同签订后 55 个日历日内完成      宋少辉      宁2642024202407783                 五、评审专家（单一来源采购人员）名单： 段炜帼（组长）、张培、张中超（采购人） 六、代理服务收费标准及金额： 本项目代理费收费标准：本项目代理服务费采用差额定率累进方式计算，以中标（成交）金额（单位：万元）为基数，按以下工程档次分别计取各段费用，各档费用累加后得到基准收费总额，基准总额下浮20%为本项目实际代理服务费；分档费率（工程类）：中标（成交）金额100万元及以下部分：1.00%； 本项目代理费总金额：0.732800 万元（人民币） 七、公告期限 自本公告发布之日起1个工作日。 八、其它补充事宜 无 九、凡对本次公告内容提出询问，请按以下方式联系。 1.采购人信息 名 称：石嘴山市惠农区消防救援大队 地址：石嘴山市惠农区兴惠路8号 联系方式：赵慧宁 15909529694 2.采购代理机构信息 名 称：宁夏天泽众德招标有限公司 地 址：宁夏银川市虹桥路天源财汇中心A座14楼 联系方式：傅明明 李光艳 19581063603 3.项目联系方式 项目联系人：傅明明 李光艳 电 话： 19581063603,公共安全,,中国政府采购网,,,,,,91.6,"[{""序号"": ""1"", ""供应商名称"": ""宁夏尚珀建设工程有限公司"", ""工程名称"": ""石嘴山市惠农区消防救援大队淄山工业园区二级消防救援站库室功能升级改造项目"", ""施工范围"": ""石嘴山市惠农区消防救援大队淄山工业园区二级消防救援站库室功能升级改造项目磋商文件及工程量清单全部内容。"", ""施工工期"": ""合同签订后 55 个日历日内完成"", ""项目经理"": ""宋少辉"", ""执业证书"": ""宁2642024202407783""}]",段炜帼（组长）、张培、张中超（采购人）,0.7328,宁夏尚珀建设工程有限公司,,,,
暨南大学高分辨率正置荧光显微镜等一批设备采购项目（项目编号：0835-260F36204031）询比成交公告,成交公告,0835-260F36204031,2026年09月03日 15:24,广东省,暨南大学,广州市黄埔大道西601号,涂老师020-85220458,广东元正招标采购有限公司,广州市越秀区先烈中路102号华盛大厦北塔26楼,黄小姐、刘小姐 020-87258495-305、307、301,黄小姐、刘小姐,020-87258495-305、307、301,,,https://www.ccgp.gov.cn/cggg/zygg/cjgg/202609/t20260903_27259025.htm,2026-09-10 09:39:29,"一、项目编号：0835-260F36204031（招标文件编号：0835-260F36204031） 二、项目名称：暨南大学高分辨率正置荧光显微镜等一批设备采购项目 三、中标（成交）信息 供应商名称：北京普瑞赛司仪器有限公司（包组一）供应商地址：北京市东城区光明路11号天玉大厦7层700中标（成交）金额：35.0000000（万元） 供应商名称：厦门淳涵科技有限公司（包组二）供应商地址：厦门市集美区兑英路11号706室之一中标（成交）金额：39.0000000（万元）四、主要标的信息 序号    供应商名称      货物名称      货物品牌      货物型号      货物数量      货物单价(元)   1    北京普瑞赛司仪器有限公司（包组一）      高分辨率正置荧光显微镜      ZEISS      Axioscope 5      1套      350,000.00                 序号    供应商名称      货物名称      货物品牌      货物型号      货物数量      货物单价(元)   2    厦门淳涵科技有限公司（包组二）      视频光学接触角测量仪      赛霏思™      LSA 100      1套      390,000.00                 五、评审专家（单一来源采购人员）名单： 阮萍、曾星媛、刘静（采购人代表） 六、代理服务收费标准及金额： 本项目代理费收费标准：按询比文件要求收取 本项目代理费总金额：1.110000 万元（人民币） 七、公告期限 自本公告发布之日起1个工作日。 八、其它补充事宜 （一）本项目采用综合评分法，包组一成交供应商的评审总得分为88.67分；包组二成交供应商的评审总得分为85.00分。（二）各有关当事人对成交结果有异议的，可以在成交公告发布之日起3个工作日内以书面形式向采购代理机构（或采购人）提出异议，逾期将依法不予受理。 九、凡对本次公告内容提出询问，请按以下方式联系。 1.采购人信息 名 称：暨南大学 地址：广州市黄埔大道西601号 联系方式：涂老师020-85220458 2.采购代理机构信息 名 称：广东元正招标采购有限公司 地 址：广州市越秀区先烈中路102号华盛大厦北塔26楼 联系方式：黄小姐、刘小姐 020-87258495-305、307、301 3.项目联系方式 项目联系人：黄小姐、刘小姐 电 话： 020-87258495-305、307、301",教育培训,,中国政府采购网,,,,,,74.0,"[{""序号"": ""1"", ""供应商名称"": ""北京普瑞赛司仪器有限公司（包组一）"", ""货物名称"": ""高分辨率正置荧光显微镜"", ""货物品牌"": ""ZEISS"", ""货物型号"": ""Axioscope 5"", ""货物数量"": ""1套"", ""货物单价(元)"": ""350,000.00""}, {""序号"": ""序号"", ""供应商名称"": ""供应商名称"", ""货物名称"": ""货物名称"", ""货物品牌"": ""货物品牌"", ""货物型号"": ""货物型号"", ""货物数量"": ""货物数量"", ""货物单价(元)"": ""货物单价(元)""}, {""序号"": ""2"", ""供应商名称"": ""厦门淳涵科技有限公司（包组二）"", ""货物名称"": ""视频光学接触角测量仪"", ""货物品牌"": ""赛霏思™"", ""货物型号"": ""LSA 100"", ""货物数量"": ""1套"", ""货物单价(元)"": ""390,000.00""}]",阮萍、曾星媛、刘静（采购人代表）,1.11,北京普瑞赛司仪器有限公司（包组一）、供应商名称、厦门淳涵科技有限公司（包组二）,,,,
国家卫生健康委科学技术研究所改善科研条件专项项目（科研所12号院重点实验室科研基础设施条件改造项目）设计成交公告,成交公告,HCZB2026-063,2026年09月03日 15:23,北京市,国家卫生健康委科学技术研究所,北京市海淀区大慧寺12号院,裴老师 010-62117161,华诚博远工程咨询有限公司,北京市西城区宣武门外大街10号庄胜广场中央办公楼北翼19层,王亚宁  010-59050337、17319483702,王亚宁,17319483702,"中小企业声明函(1).pdf,改善科研条件专项项目（科研所12号院重点实验室科研基础设施条件改造项目）设计 比选终稿文件.pdf","[{""attach_name"": ""中小企业声明函(1).pdf"", ""attach_url"": ""https://download.ccgp.gov.cn/oss/download?uuid=672B976FE607B2A6D0A664F1BDF558""}, {""attach_name"": ""改善科研条件专项项目（科研所12号院重点实验室科研基础设施条件改造项目）设计 比选终稿文件.pdf"", ""attach_url"": ""https://download.ccgp.gov.cn/oss/download?uuid=003C9FE187EB006D172095FF2F33ED""}]",https://www.ccgp.gov.cn/cggg/zygg/cjgg/202609/t20260903_27258995.htm,2026-09-10 09:39:30,一、项目编号：HCZB2026-063（招标文件编号：HCZB2026-063） 二、项目名称：改善科研条件专项项目（科研所12号院重点实验室科研基础设施条件改造项目）设计 三、中标（成交）信息 供应商名称：北京集美勘察设计有限公司供应商地址：北京市房山区长阳镇大宁山庄四区5号楼209号中标（成交）金额：21.0000000（万元）四、主要标的信息 序号    供应商名称      服务名称      服务范围      服务要求      服务时间      服务标准   1    北京集美勘察设计有限公司      改善科研条件专项项目（科研所12号院重点实验室科研基础设施条件改造项目）设计      本项目为修缮改造项目，改造范围是科研楼四、五、六层实验用房功能分区改造，调整科研用房平面布置。设计工作包括但不限于：拆除，建筑布局调整，配套机电专业改造；试验台及配套通风系统改造等。      改善科研条件专项项目（科研所12号院重点实验室科研基础设施条件改造项目）设计具体采购内容及需求详见比选文件（采购标的及需求）部分      设计周期：30天      改善科研条件专项项目（科研所12号院重点实验室科研基础设施条件改造项目）设计具体采购内容及需求详见比选文件（采购标的及需求）部分                 五、评审专家（单一来源采购人员）名单： 金毅、高鹏、李晓霞 六、代理服务收费标准及金额： 本项目代理费收费标准：参照《招标代理服务收费管理暂行办法》计价格[2002]1980号文和发改价格[2011]534号文签订固定总价合同金额为大写：人民币玖仟元整（小写：￥9000元），由甲方支付代理服务费。 本项目代理费总金额：0.900000 万元（人民币） 七、公告期限 自本公告发布之日起1个工作日。 八、其它补充事宜 成交供应商评审总得分：90.67分 九、凡对本次公告内容提出询问，请按以下方式联系。 1.采购人信息 名 称：国家卫生健康委科学技术研究所 地址：北京市海淀区大慧寺12号院 联系方式：裴老师 010-62117161 2.采购代理机构信息 名 称：华诚博远工程咨询有限公司 地 址：北京市西城区宣武门外大街10号庄胜广场中央办公楼北翼19层 联系方式：王亚宁 010-59050337、17319483702 3.项目联系方式 项目联系人：王亚宁 电 话： 17319483702,医疗卫生,,中国政府采购网,,,,,,21.0,"[{""序号"": ""1"", ""供应商名称"": ""北京集美勘察设计有限公司"", ""服务名称"": ""改善科研条件专项项目（科研所12号院重点实验室科研基础设施条件改造项目）设计"", ""服务范围"": ""本项目为修缮改造项目，改造范围是科研楼四、五、六层实验用房功能分区改造，调整科研用房平面布置。设计工作包括但不限于：拆除，建筑布局调整，配套机电专业改造；试验台及配套通风系统改造等。"", ""服务要求"": ""改善科研条件专项项目（科研所12号院重点实验室科研基础设施条件改造项目）设计具体采购内容及需求详见比选文件（采购标的及需求）部分"", ""服务时间"": ""设计周期：30天"", ""服务标准"": ""改善科研条件专项项目（科研所12号院重点实验室科研基础设施条件改造项目）设计具体采购内容及需求详见比选文件（采购标的及需求）部分""}]",金毅、高鹏、李晓霞,0.9,北京集美勘察设计有限公司,,,,
科研所大慧寺12号院2026年至2029年办公用品服务采购项目成交公告,成交公告,HCZB2026-045,2026年09月03日 15:21,北京市,国家卫生健康委科学技术研究所,北京市海淀区大慧寺12号院,裴老师 010-62117161,华诚博远工程咨询有限公司,北京市西城区宣武门外大街10号庄胜广场中央办公楼北翼19层,王亚宁 黄冉冉 010-59050337、17319483702,王亚宁,010-59050337,"科研所大慧寺12号院2026年至2029年办公用品服务采购项目-比选文件6.24-终稿.pdf,中小企业声明函.doc","[{""attach_name"": ""科研所大慧寺12号院2026年至2029年办公用品服务采购项目-比选文件6.24-终稿.pdf"", ""attach_url"": ""https://download.ccgp.gov.cn/oss/download?uuid=DD738544A2C107E8965379FB68B6A5""}, {""attach_name"": ""中小企业声明函.doc"", ""attach_url"": ""https://download.ccgp.gov.cn/oss/download?uuid=AD8137C71C516A42BDC846E2510C16""}]",https://www.ccgp.gov.cn/cggg/zygg/cjgg/202609/t20260903_27258973.htm,2026-09-10 09:39:30,一、项目编号：HCZB2026-045（招标文件编号：HCZB2026-045） 二、项目名称：科研所大慧寺12号院2026年至2029年办公用品服务采购项目 三、中标（成交）信息 供应商名称：中环恒业（北京）科技集团有限公司供应商地址：北京市怀柔区开放路113号南二层207室中标（成交）金额：0.0134800（万元）四、主要标的信息 序号    供应商名称      货物名称      货物品牌      货物型号      货物数量      货物单价(元)   1    中环恒业（北京）科技集团有限公司      经典A4牛皮纸档案盒； 粘扣档案盒； 活页快劳夹； 经典A4复印纸； 文件袋A4； 按键中性笔； 镍回形针； 黑色长尾票夹。      得力； 晨光； 得力； 得力； 得力； 得力； 晨光； 晨光。      50mm； A4 55mm 蓝色； 加厚2孔 A4 蓝色； 70g 5包/箱； 11孔透明 100个/包； 12支/盒（黑色）； 200枚/筒； 15mm 60只/筒。      1      1.70； 6.30； 7.60； 81.00； 14.11； 16.52； 2.72； 4.85。                 五、评审专家（单一来源采购人员）名单： 尚越建、张晶、李东红 六、代理服务收费标准及金额： 本项目代理费收费标准：依据比选委托协议固定取费由采购人支付。参照《招标代理服务收费管理暂行办法》计价格[2002]1980号文和发改价格[2011]534号文签订固定总价合同金额为大写：人民币壹万壹仟伍佰元整（小写：￥11500元），由甲方支付代理服务费。 本项目代理费总金额：1.150000 万元（人民币） 七、公告期限 自本公告发布之日起1个工作日。 八、其它补充事宜 单价合计为：134.80元；成交供应商评审总得分：95.00分 九、凡对本次公告内容提出询问，请按以下方式联系。 1.采购人信息 名 称：国家卫生健康委科学技术研究所 地址：北京市海淀区大慧寺12号院 联系方式：裴老师 010-62117161 2.采购代理机构信息 名 称：华诚博远工程咨询有限公司 地 址：北京市西城区宣武门外大街10号庄胜广场中央办公楼北翼19层 联系方式：王亚宁 黄冉冉 010-59050337、17319483702 3.项目联系方式 项目联系人：王亚宁 电 话： 010-59050337,科研检测,,中国政府采购网,,,,,,0.01348,"[{""序号"": ""1"", ""供应商名称"": ""中环恒业（北京）科技集团有限公司"", ""货物名称"": ""经典A4牛皮纸档案盒；\t\t\t粘扣档案盒；\t\t\t活页快劳夹；\t\t\t经典A4复印纸；\t\t\t文件袋A4；\t\t\t按键中性笔；\t\t\t镍回形针；\t\t\t黑色长尾票夹。"", ""货物品牌"": ""得力；\t\t\t晨光；\t\t\t得力；\t\t\t得力；\t\t\t得力；\t\t\t得力；\t\t\t晨光；\t\t\t晨光。"", ""货物型号"": ""50mm；\t\t\tA4 55mm 蓝色；\t\t\t加厚2孔 A4 蓝色；\t\t\t70g 5包/箱；\t\t\t11孔透明 100个/包；\t\t\t12支/盒（黑色）；\t\t\t200枚/筒；\t\t\t15mm 60只/筒。"", ""货物数量"": ""1"", ""货物单价(元)"": ""1.70；\t\t\t6.30；\t\t\t7.60；\t\t\t81.00；\t\t\t14.11；\t\t\t16.52；\t\t\t2.72；\t\t\t4.85。""}]",尚越建、张晶、李东红,1.15,中环恒业（北京）科技集团有限公司,,,,
枣庄高新技术产业开发区消防救援大队日用杂品定点采购项目成交公告,成交公告,ZZGY-2026HW-012,2026年09月03日 15:11,高新区,枣庄高新技术产业开发区消防救援大队,枣庄市薛城区祁连山路山东省枣庄经济学校东南侧约120米,张主任15866227783,枣庄国源建设咨询有限公司,山东省枣庄市高新县（区）宁波路777号九洲双创A2号楼3层,黄经理18678375698,张主任,15866227783,评标报告及附件.pdf,"[{""attach_name"": ""评标报告及附件.pdf"", ""attach_url"": ""https://download.ccgp.gov.cn/oss/download?uuid=2282BC72F16C4A3C9D60179A3DA94C""}]",https://www.ccgp.gov.cn/cggg/zygg/cjgg/202609/t20260903_27258806.htm,2026-09-10 09:39:31,一、项目编号：ZZGY-2026HW-012（招标文件编号：ZZGY-2026HW-012） 二、项目名称：枣庄高新技术产业开发区消防救援大队日用杂品定点采购项目 三、中标（成交）信息 供应商名称：枣庄微比特电子科技有限公司供应商地址：山东省枣庄市薛城区临城街道站前鑫苑20-216号门市包组或产品名称：枣庄高新技术产业开发区消防救援大队日用杂品定点采购项目下浮率(%)：10.0000000四、主要标的信息 序号    供应商名称      货物名称      货物品牌      货物型号      货物数量      货物单价(元)   1    枣庄微比特电子科技有限公司      枣庄高新技术产业开发区消防救援大队日用杂品定点采购项目      详见附件      详见附件      1批      详见附件                 五、评审专家（单一来源采购人员）名单： 张大林、刘建坤、张慎桐。 六、代理服务收费标准及金额： 本项目代理费收费标准：参照山东省招标投标协会《山东省招标代理服务收费指导意见》（鲁招协〔2024〕13号）文件收费标准向采购代理机构交纳成交服务费代理费：5000.00元；由成交供应商支付。 本项目代理费总金额：0.500000 万元（人民币） 七、公告期限 自本公告发布之日起1个工作日。 八、其它补充事宜 九、凡对本次公告内容提出询问，请按以下方式联系。 1.采购人信息 名 称：枣庄高新技术产业开发区消防救援大队 地址：枣庄市薛城区祁连山路山东省枣庄经济学校东南侧约120米 联系方式：张主任15866227783 2.采购代理机构信息 名 称：枣庄国源建设咨询有限公司 地 址：山东省枣庄市高新县（区）宁波路777号九洲双创A2号楼3层 联系方式：黄经理18678375698 3.项目联系方式 项目联系人：张主任 电 话： 15866227783,公共安全,,中国政府采购网,,,,,,0.0,"[{""序号"": ""1"", ""供应商名称"": ""枣庄微比特电子科技有限公司"", ""货物名称"": ""枣庄高新技术产业开发区消防救援大队日用杂品定点采购项目"", ""货物品牌"": ""详见附件"", ""货物型号"": ""详见附件"", ""货物数量"": ""1批"", ""货物单价(元)"": ""详见附件""}]",张大林、刘建坤、张慎桐。,0.5,枣庄微比特电子科技有限公司,,,,
中国社会科学杂志社采购图片、视频素材库采购项目成交公告,成交公告,HCZB2026-SSCP-4,2026年09月03日 15:09,北京市,中国社会科学杂志社,北京市东城区王府井大街77号C座2—5层,宋老师  010-85341580,华诚博远工程咨询有限公司,北京市西城区宣武门外大街10号庄胜广场中央办公楼北翼19层,王亚宁  17319483702,宋老师,010-85341580,"中小企业声明函 汉华易美视觉科技有限公司.pdf,磋商文件2026-8-17终稿-中国社会科学杂志社采购图片、视频素材库采购项目.pdf,专家推荐意见.pdf","[{""attach_name"": ""中小企业声明函 汉华易美视觉科技有限公司.pdf"", ""attach_url"": ""https://download.ccgp.gov.cn/oss/download?uuid=BF7CC038DF3715DB596F17BCAB537A""}, {""attach_name"": ""磋商文件2026-8-17终稿-中国社会科学杂志社采购图片、视频素材库采购项目.pdf"", ""attach_url"": ""https://download.ccgp.gov.cn/oss/download?uuid=B5113171EE7B4F68359E3375B654CE""}, {""attach_name"": ""专家推荐意见.pdf"", ""attach_url"": ""https://download.ccgp.gov.cn/oss/download?uuid=02DA0C3A3BA0B0AAA8B8B2E2C94A12""}]",https://www.ccgp.gov.cn/cggg/zygg/cjgg/202609/t20260903_27258761.htm,2026-09-10 09:39:32,一、项目编号：HCZB2026-SSCP-4（招标文件编号：HCZB2026-SSCP-4） 二、项目名称：中国社会科学杂志社采购图片、视频素材库采购项目 三、中标（成交）信息 供应商名称：汉华易美视觉科技有限公司供应商地址：常州西太湖科技产业园禾香路123号6号楼一楼102室中标（成交）金额：30.0000000（万元）四、主要标的信息 序号    供应商名称      服务名称      服务范围      服务要求      服务时间      服务标准   1    汉华易美视觉科技有限公司      中国社会科学杂志社采购图片、视频素材库采购项目      本项目计划采购资讯图片1000张、创新图片2500张、视频素材1000条，具体内容详见第四章采购需求。      本项目计划采购资讯图片1000张、创新图片2500张、视频素材1000条，具体内容详见第四章采购需求。      服务周期一年。      本项目计划采购资讯图片1000张、创新图片2500张、视频素材1000条，具体内容详见第四章采购需求。                 五、评审专家（单一来源采购人员）名单： 许月珊、姚伟、王博。 六、代理服务收费标准及金额： 本项目代理费收费标准：依据招标代理协议 本项目代理费总金额：0.450000 万元（人民币） 七、公告期限 自本公告发布之日起1个工作日。 八、其它补充事宜 成交供应商评审总得分：87.50分 九、凡对本次公告内容提出询问，请按以下方式联系。 1.采购人信息 名 称：中国社会科学杂志社 地址：北京市东城区王府井大街77号C座2—5层 联系方式：宋老师 010-85341580 2.采购代理机构信息 名 称：华诚博远工程咨询有限公司 地 址：北京市西城区宣武门外大街10号庄胜广场中央办公楼北翼19层 联系方式：王亚宁 17319483702 3.项目联系方式 项目联系人：宋老师 电 话： 010-85341580,其他,,中国政府采购网,,,,,,30.0,"[{""序号"": ""1"", ""供应商名称"": ""汉华易美视觉科技有限公司"", ""服务名称"": ""中国社会科学杂志社采购图片、视频素材库采购项目"", ""服务范围"": ""本项目计划采购资讯图片1000张、创新图片2500张、视频素材1000条，具体内容详见第四章采购需求。"", ""服务要求"": ""本项目计划采购资讯图片1000张、创新图片2500张、视频素材1000条，具体内容详见第四章采购需求。"", ""服务时间"": ""服务周期一年。"", ""服务标准"": ""本项目计划采购资讯图片1000张、创新图片2500张、视频素材1000条，具体内容详见第四章采购需求。""}]",许月珊、姚伟、王博。,0.45,汉华易美视觉科技有限公司,,,,
陕西测绘地理信息局测绘科技大厦B座C座“验登合一”等不动产咨询服务成交公告,成交公告,JBZB2026-156,2026年09月03日 15:06,碑林区,陕西测绘地理信息局劳动就业服务中心,西安市友谊东路334号,王玮029-87604334,陕西嘉邦项目管理咨询有限公司,西安市灞桥区新筑街道港兴三路6800号神木大厦1806室,张悦029-89246095/13227700004,张悦,029-89246095,"中小企业声明函.pdf,【终稿】JBZB2026-156陕西测绘地理信息局测绘科技大厦B座C座“验登合一”和不动产咨询服务磋商文件.pdf","[{""attach_name"": ""中小企业声明函.pdf"", ""attach_url"": ""https://download.ccgp.gov.cn/oss/download?uuid=03C27121536F3D4447F579DDAA94E8""}, {""attach_name"": ""【终稿】JBZB2026-156陕西测绘地理信息局测绘科技大厦B座C座“验登合一”和不动产咨询服务磋商文件.pdf"", ""attach_url"": ""https://download.ccgp.gov.cn/oss/download?uuid=8EDA13F3C65DBD34071017A666D227""}]",https://www.ccgp.gov.cn/cggg/zygg/cjgg/202609/t20260903_27258740.htm,2026-09-10 09:39:32,一、项目编号：JBZB2026-156（招标文件编号：JBZB2026-156） 二、项目名称：陕西测绘地理信息局测绘科技大厦B座C座“验登合一”等不动产咨询服务 三、中标（成交）信息 供应商名称：西安市房产测量事务所有限公司供应商地址：西安市莲湖区香米园西巷93号中标（成交）金额：87.5000000（万元）四、主要标的信息 序号    供应商名称      服务名称      服务范围      服务要求      服务时间      服务标准   1    西安市房产测量事务所有限公司      陕西测绘地理信息局测绘科技大厦B座C座“验登合一”等不动产咨询服务项目      1.本中心房产、基建档案资料整理与电子化档案管理服务；2.完成测绘科技大厦A座不动产权转移，将A座地下室至九层分配到相应单位；3.完成测绘综合楼不动产权转移，将地下室至六层分配到各相应单位；4.完成测绘科技大厦B座、C座“验登合一”不动产初始登记。      具体详见采购文件      自合同签订之日起 6个月      符合国家相关政策要求标准，满足采购人需求                 五、评审专家（单一来源采购人员）名单： 吕兆龙，李成兵，周庆 六、代理服务收费标准及金额： 本项目代理费收费标准：依据《国家计委关于印发招标代理服务收费管理暂行办法的通知》（计价格【2002】1980号）和国家发改委办公厅颁发的《关于招标代理服务收费有关问题的通知》（发改办价格【2003】857号）及《关于进一步放开建设项目专项业务服务价格的通知》（发改价格〔2015〕299号）规定标准的计取。 本项目代理费总金额：1.312500 万元（人民币） 七、公告期限 自本公告发布之日起1个工作日。 八、其它补充事宜 / 九、凡对本次公告内容提出询问，请按以下方式联系。 1.采购人信息 名 称：陕西测绘地理信息局劳动就业服务中心 地址：西安市友谊东路334号 联系方式：王玮029-87604334 2.采购代理机构信息 名 称：陕西嘉邦项目管理咨询有限公司 地 址：西安市灞桥区新筑街道港兴三路6800号神木大厦1806室 联系方式：张悦029-89246095/13227700004 3.项目联系方式 项目联系人：张悦 电 话： 029-89246095/13227700004,信息技术,,中国政府采购网,,,,,,87.5,"[{""序号"": ""1"", ""供应商名称"": ""西安市房产测量事务所有限公司"", ""服务名称"": ""陕西测绘地理信息局测绘科技大厦B座C座“验登合一”等不动产咨询服务项目"", ""服务范围"": ""1.本中心房产、基建档案资料整理与电子化档案管理服务；2.完成测绘科技大厦A座不动产权转移，将A座地下室至九层分配到相应单位；3.完成测绘综合楼不动产权转移，将地下室至六层分配到各相应单位；4.完成测绘科技大厦B座、C座“验登合一”不动产初始登记。"", ""服务要求"": ""具体详见采购文件"", ""服务时间"": ""自合同签订之日起 6个月"", ""服务标准"": ""符合国家相关政策要求标准，满足采购人需求""}]",吕兆龙，李成兵，周庆,1.3125,西安市房产测量事务所有限公司,,,,
南京市消防救援局尧化门特勤站综合训练馆内部改造装饰项目成交公告,成交公告,SNZX-20260190,2026年09月03日 15:05,南京市,南京市消防救援支队,南京市鼓楼区北京西路1号,刘科、02583622391,南京苏宁工程咨询有限公司,南京市鼓楼区中山路99号12楼1212室,李佳蓉、025-84200809,李佳蓉,025-84200809,"定稿比选文件-南京市消防救援局尧化门特勤站综合训练馆内部改造装饰项目.doc,中小企业声明函(1).pdf","[{""attach_name"": ""定稿比选文件-南京市消防救援局尧化门特勤站综合训练馆内部改造装饰项目.doc"", ""attach_url"": ""https://download.ccgp.gov.cn/oss/download?uuid=FC1BA793210E8AD5EB914FC45C651C""}, {""attach_name"": ""中小企业声明函(1).pdf"", ""attach_url"": ""https://download.ccgp.gov.cn/oss/download?uuid=737F8CAFED68267FBFB49808F657E7""}]",https://www.ccgp.gov.cn/cggg/zygg/cjgg/202609/t20260903_27258717.htm,2026-09-10 09:39:33,"一、项目编号：SNZX-20260190（招标文件编号：SNZX-20260190） 二、项目名称：南京市消防救援局尧化门特勤站综合训练馆内部改造装饰项目 三、中标（成交）信息 供应商名称：江苏绿众建设有限公司供应商地址：南京市建邺区江东中路219号凯旋丽都花园6幢203室中标（成交）金额：41.9586760（万元）四、主要标的信息 序号    供应商名称       工程名称       施工范围       施工工期       项目经理       执业证书   1    江苏绿众建设有限公司      南京市消防救援局尧化门特勤站综合训练馆内部改造装饰项目      为保障培训工作及指战员日常生活以及确保营房正常使用进行翻新改造,具体详见采购文件。      30日历日。      石启红      苏232232325583                 五、评审专家（单一来源采购人员）名单： 张迟、严善辉、陈新华（采购人代表） 六、代理服务收费标准及金额： 本项目代理费收费标准：本次比选，代理费用参照《国家发展改革委关于降低部分建设项目收费标准规范收费行为等有关问题的通知》(发改价格[2011]534号)执行，费率标准为60%，计费值为项目的成交价，招标代理服务费高于贰仟元的按贰仟元收取，向招标代理机构支付招标服务费。 本项目代理费总金额：0.200000 万元（人民币） 七、公告期限 自本公告发布之日起1个工作日。 八、其它补充事宜 1、本项目采用综合评分法，中标单位评审总得分为：93.25分。2、各有关当事人对成交公告结果有异议的，可以在成交公告期限届满之日起七个工作日内，以书面原件形式提出明确的请求并提供必要的证明材料，向代理公司提出质疑，逾期将不再受理。3、因系统原因，采购单位名称应为“南京市消防救援局” 九、凡对本次公告内容提出询问，请按以下方式联系。 1.采购人信息 名 称：南京市消防救援支队 地址：南京市鼓楼区北京西路1号 联系方式：刘科、02583622391 2.采购代理机构信息 名 称：南京苏宁工程咨询有限公司 地 址：南京市鼓楼区中山路99号12楼1212室 联系方式：李佳蓉、025-84200809 3.项目联系方式 项目联系人：李佳蓉 电 话： 025-84200809",公共安全,,中国政府采购网,,,,,,41.958676,"[{""序号"": ""1"", ""供应商名称"": ""江苏绿众建设有限公司"", ""工程名称"": ""南京市消防救援局尧化门特勤站综合训练馆内部改造装饰项目"", ""施工范围"": ""为保障培训工作及指战员日常生活以及确保营房正常使用进行翻新改造,具体详见采购文件。"", ""施工工期"": ""30日历日。"", ""项目经理"": ""石启红"", ""执业证书"": ""苏232232325583""}]",张迟、严善辉、陈新华（采购人代表）,0.2,江苏绿众建设有限公司,,,,
中国社会科学杂志社网络安全监测服务成交公告,成交公告,HCZB2026-SSCP-3,2026年09月03日 15:00,北京市,中国社会科学杂志社,北京市东城区王府井大街77号C座2—5层,李老师 010-65837594,华诚博远工程咨询有限公司,北京市西城区宣武门外大街10号庄胜广场中央办公楼北翼19层,王亚宁 010-59050337、17319483702,王亚宁,010-59050337,中国社会科学杂志社网络安全监测服务2026-8-4(终稿).pdf,"[{""attach_name"": ""中国社会科学杂志社网络安全监测服务2026-8-4(终稿).pdf"", ""attach_url"": ""https://download.ccgp.gov.cn/oss/download?uuid=624EC0656D8AF69A3FD64C8F24FF32""}]",https://www.ccgp.gov.cn/cggg/zygg/cjgg/202609/t20260903_27258675.htm,2026-09-10 09:39:34,一、项目编号：HCZB2026-SSCP-3（招标文件编号：HCZB2026-SSCP-3） 二、项目名称：中国社会科学杂志社网络安全监测服务 三、中标（成交）信息 供应商名称：奇安信网神信息技术(北京)股份有限公司供应商地址：北京市西城区西直门外南路26号院1号楼2层中标（成交）金额：31.6800000（万元）四、主要标的信息 序号    供应商名称      服务名称      服务范围      服务要求      服务时间      服务标准   1    奇安信网神信息技术(北京)股份有限公司      中国社会科学杂志社网络安全监测服务      本项目采购网络安全监测服务，搭建全维度机房安全运维保障体系，服务范围覆盖全社网络资产监控、网络威胁实时告警、安全事件处置建议、安全漏洞定期通报、网络防护策略优化指导等工作，持续保障办公网络全程可控、安全稳定。同时配置1名专职人员驻场开展常态化网络与安全运维工作，具体包含机房网络设备巡检、安全防护策略调整、系统日志研判、网络安全突发事件初步处置，配合单位完成上级安全检查等相关工作。具体内容详见第四章采购需求。      本项目采购网络安全监测服务，搭建全维度机房安全运维保障体系，服务范围覆盖全社网络资产监控、网络威胁实时告警、安全事件处置建议、安全漏洞定期通报、网络防护策略优化指导等工作，持续保障办公网络全程可控、安全稳定。同时配置1名专职人员驻场开展常态化网络与安全运维工作，具体包含机房网络设备巡检、安全防护策略调整、系统日志研判、网络安全突发事件初步处置，配合单位完成上级安全检查等相关工作。具体内容详见第四章采购需求。      自合同签订之日起三年，合同一年一签，在年度预算能保障的前提下，采购需求相对固定，且上一年度监测服务报告通过后可续签下一年度服务合同。      本项目采购网络安全监测服务，搭建全维度机房安全运维保障体系，服务范围覆盖全社网络资产监控、网络威胁实时告警、安全事件处置建议、安全漏洞定期通报、网络防护策略优化指导等工作，持续保障办公网络全程可控、安全稳定。同时配置1名专职人员驻场开展常态化网络与安全运维工作，具体包含机房网络设备巡检、安全防护策略调整、系统日志研判、网络安全突发事件初步处置，配合单位完成上级安全检查等相关工作。具体内容详见第四章采购需求。                 五、评审专家（单一来源采购人员）名单： 崔维新、张文明、郝文静 六、代理服务收费标准及金额： 本项目代理费收费标准：依据招标代理协议 本项目代理费总金额：0.475200 万元（人民币） 七、公告期限 自本公告发布之日起1个工作日。 八、其它补充事宜 成交供应商评审总得分：90.05分 九、凡对本次公告内容提出询问，请按以下方式联系。 1.采购人信息 名 称：中国社会科学杂志社 地址：北京市东城区王府井大街77号C座2—5层 联系方式：李老师 010-65837594 2.采购代理机构信息 名 称：华诚博远工程咨询有限公司 地 址：北京市西城区宣武门外大街10号庄胜广场中央办公楼北翼19层 联系方式：王亚宁 010-59050337、17319483702 3.项目联系方式 项目联系人：王亚宁 电 话： 010-59050337,信息技术,,中国政府采购网,,,,,,31.68,"[{""序号"": ""1"", ""供应商名称"": ""奇安信网神信息技术(北京)股份有限公司"", ""服务名称"": ""中国社会科学杂志社网络安全监测服务"", ""服务范围"": ""本项目采购网络安全监测服务，搭建全维度机房安全运维保障体系，服务范围覆盖全社网络资产监控、网络威胁实时告警、安全事件处置建议、安全漏洞定期通报、网络防护策略优化指导等工作，持续保障办公网络全程可控、安全稳定。同时配置1名专职人员驻场开展常态化网络与安全运维工作，具体包含机房网络设备巡检、安全防护策略调整、系统日志研判、网络安全突发事件初步处置，配合单位完成上级安全检查等相关工作。具体内容详见第四章采购需求。"", ""服务要求"": ""本项目采购网络安全监测服务，搭建全维度机房安全运维保障体系，服务范围覆盖全社网络资产监控、网络威胁实时告警、安全事件处置建议、安全漏洞定期通报、网络防护策略优化指导等工作，持续保障办公网络全程可控、安全稳定。同时配置1名专职人员驻场开展常态化网络与安全运维工作，具体包含机房网络设备巡检、安全防护策略调整、系统日志研判、网络安全突发事件初步处置，配合单位完成上级安全检查等相关工作。具体内容详见第四章采购需求。"", ""服务时间"": ""自合同签订之日起三年，合同一年一签，在年度预算能保障的前提下，采购需求相对固定，且上一年度监测服务报告通过后可续签下一年度服务合同。"", ""服务标准"": ""本项目采购网络安全监测服务，搭建全维度机房安全运维保障体系，服务范围覆盖全社网络资产监控、网络威胁实时告警、安全事件处置建议、安全漏洞定期通报、网络防护策略优化指导等工作，持续保障办公网络全程可控、安全稳定。同时配置1名专职人员驻场开展常态化网络与安全运维工作，具体包含机房网络设备巡检、安全防护策略调整、系统日志研判、网络安全突发事件初步处置，配合单位完成上级安全检查等相关工作。具体内容详见第四章采购需求。""}]",崔维新、张文明、郝文静,0.4752,奇安信网神信息技术(北京)股份有限公司,,,,
光谱仪（蓝绿）采购成交结果公告,成交公告,SQ-HWCG-20260027,2026年09月03日 14:56,湖北省,zycgr20240515,湖北省武汉市东湖新技术开发区启明一路2号,王老师027-85066237,详见公告正文,详见公告正文,详见公告正文,王老师,027-85066237,"中小企业声明函.pdf,残疾人福利性单位声明函.pdf","[{""attach_name"": ""中小企业声明函.pdf"", ""attach_url"": ""https://download.ccgp.gov.cn/oss/download?uuid=99B49B0FE6C353CB3BC51C13597457""}, {""attach_name"": ""残疾人福利性单位声明函.pdf"", ""attach_url"": ""https://download.ccgp.gov.cn/oss/download?uuid=DAE412D7C75C796649FAA3C72A0663""}]",https://www.ccgp.gov.cn/cggg/zygg/cjgg/202609/t20260903_27258625.htm,2026-09-10 09:39:34,一、项目编号：SQ-HWCG-20260027（招标文件编号：SQ-HWCG-20260027） 二、项目名称：光谱仪（蓝绿）采购 三、中标（成交）信息 供应商名称：长沙麓邦光电科技有限公司供应商地址：长沙高新开发区岳麓西大道2450号环创园A-6区N单元6层602中标（成交）金额：5.2000000（万元）四、主要标的信息 序号    供应商名称      货物名称      货物品牌      货物型号      货物数量      货物单价(元)   1    长沙麓邦光电科技有限公司      光谱仪（蓝绿）      详见响应文件      详见采购文件      详见采购文件      详见采购文件                 五、评审专家（单一来源采购人员）名单： 王定杰（组长）、张慧、王劢 六、代理服务收费标准及金额： 本项目代理费收费标准：无 本项目代理费总金额：0.000000 万元（人民币） 七、公告期限 自本公告发布之日起1个工作日。 八、其它补充事宜 相关供应商对成交结果有异议的，可在成交公告期限届满之日起七个工作日内，向汉江xx实验室提出质疑。 九、凡对本次公告内容提出询问，请按以下方式联系。 1.采购人信息 名 称：zycgr20240515 地址：湖北省武汉市东湖新技术开发区启明一路2号 联系方式：王老师027-85066237 2.项目联系方式 项目联系人：王老师 电 话： 027-85066237,科研检测,,中国政府采购网,,,,,,5.2,"[{""序号"": ""1"", ""供应商名称"": ""长沙麓邦光电科技有限公司"", ""货物名称"": ""光谱仪（蓝绿）"", ""货物品牌"": ""详见响应文件"", ""货物型号"": ""详见采购文件"", ""货物数量"": ""详见采购文件"", ""货物单价(元)"": ""详见采购文件""}]",王定杰（组长）、张慧、王劢,0.0,长沙麓邦光电科技有限公司,,,,
中华人民共和国营口海事局本级营口海事局职工健康体检项目成交公告,成交公告,LNJX2026-47,2026年09月03日 14:47,营口市,中华人民共和国营口海事局本级,辽宁省营口市,栾明月  0417-6202652,辽宁嘉信工程造价咨询有限公司,营口市站前区体育场南街7-甲20号,郑欢欣  0417-2653896,栾明月,0417-6202652,海事局职工健康体检.pdf,"[{""attach_name"": ""海事局职工健康体检.pdf"", ""attach_url"": ""https://download.ccgp.gov.cn/oss/download?uuid=04C0F42189A0A2930D5CE27A67F520""}]",https://www.ccgp.gov.cn/cggg/zygg/cjgg/202609/t20260903_27258510.htm,2026-09-10 09:39:35,"一、项目编号：LNJX2026-47（招标文件编号：LNJX2026-47） 二、项目名称：营口海事局职工健康体检项目 三、中标（成交）信息 供应商名称：中国医科大学附属盛京医院供应商地址：沈阳市和平区三好街36号中标（成交）金额：0.0000000（万元）四、主要标的信息 序号    供应商名称      服务名称      服务范围      服务要求      服务时间      服务标准   1    中国医科大学附属盛京医院      营口海事局职工健康体检项目      营口海事局职工健康体检项目，详见采购需求。      具体详见采购需求。      项目服务期限总体为三年，实行一年一签模式。合同每年期满前组织开展体检服务满意度测评，采购人根据测评结果、年度服务履约情况、预算情况综合评估，决定是否续签下一年度合同，累计续签期限不超过2年。      具体详见采购需求。                 五、评审专家（单一来源采购人员）名单： 李萍、刘方、不含采购单位代表。 六、代理服务收费标准及金额： 本项目代理费收费标准：以预算金额为基数按1.5%收取，低于3000元的，按3000元收取。 本项目代理费总金额：0.658900 万元（人民币） 七、公告期限 自本公告发布之日起1个工作日。 八、其它补充事宜 成交价格：套餐一（50以上男）：2,000.00元/人/年；套餐二（50以下男）：1,700.00元/人/年；套餐三（50以上女）：2,800.00元/人/年；套餐四（50以下已婚女）：2,500.00元/人/年；套餐五（50以下未婚女）：2,500.00元/人/年。 九、凡对本次公告内容提出询问，请按以下方式联系。 1.采购人信息 名 称：中华人民共和国营口海事局本级 地址：辽宁省营口市 联系方式：栾明月 0417-6202652 2.采购代理机构信息 名 称：辽宁嘉信工程造价咨询有限公司 地 址：营口市站前区体育场南街7-甲20号 联系方式：郑欢欣 0417-2653896 3.项目联系方式 项目联系人：栾明月 电 话： 0417-6202652",医疗卫生,,中国政府采购网,,,,,,0.0,"[{""序号"": ""1"", ""供应商名称"": ""中国医科大学附属盛京医院"", ""服务名称"": ""营口海事局职工健康体检项目"", ""服务范围"": ""营口海事局职工健康体检项目，详见采购需求。"", ""服务要求"": ""具体详见采购需求。"", ""服务时间"": ""项目服务期限总体为三年，实行一年一签模式。合同每年期满前组织开展体检服务满意度测评，采购人根据测评结果、年度服务履约情况、预算情况综合评估，决定是否续签下一年度合同，累计续签期限不超过2年。"", ""服务标准"": ""具体详见采购需求。""}]",李萍、刘方、不含采购单位代表。,0.6589,中国医科大学附属盛京医院,,,,
中国宋庆龄青少年科技文化交流中心画材采购项目成交公告,成交公告,2640STC73508,2026年09月03日 14:44,北京市,中国宋庆龄青少年科技文化交流中心,北京市海淀区玉渊潭南路11号,李老师135 5219 5799,中钢招标有限责任公司,北京市海淀区海淀大街8号中钢国际广场16层,项目联系人：马娟娟、刘圣钰、黄磊、聂娅琼 电 话：010-62688223（获取文件、发票咨询）、010-62688236（项目问询）、huangl@sstc20.com（项目问询）,马娟娟、刘圣钰、黄磊、聂娅琼,010-62688223,"3-2640STC73508-成交结果公告-中国宋庆龄青少年科技文化交流中心画材采购项目.pdf,2640STC73508-采购文件（磋商）-6稿-2026.8.20hl-中国宋庆龄青少年科技文化交流中心画材采购.pdf","[{""attach_name"": ""3-2640STC73508-成交结果公告-中国宋庆龄青少年科技文化交流中心画材采购项目.pdf"", ""attach_url"": ""https://download.ccgp.gov.cn/oss/download?uuid=8CE5C52C819AB20C346BF7EB84B90C""}, {""attach_name"": ""2640STC73508-采购文件（磋商）-6稿-2026.8.20hl-中国宋庆龄青少年科技文化交流中心画材采购.pdf"", ""attach_url"": ""https://download.ccgp.gov.cn/oss/download?uuid=132BD3AF6E44A85B417CE30E58988C""}]",https://www.ccgp.gov.cn/cggg/zygg/cjgg/202609/t20260903_27258464.htm,2026-09-10 09:39:35,一、项目编号：2640STC73508（招标文件编号：2640STC73508） 二、项目名称：中国宋庆龄青少年科技文化交流中心画材采购项目 三、中标（成交）信息 供应商名称：北京美艺联文化艺术发展有限公司供应商地址：北京市朝阳区酒仙桥东路18号1号楼5层B512包组或产品名称：马克笔、软头丙烯笔24色、胶棒、转笔刀等84项画材折扣率(%)：98.9000000四、主要标的信息 序号    供应商名称      货物名称      货物品牌      货物型号      货物数量      货物单价(元)   1    北京美艺联文化艺术发展有限公司      详见附件      详见附件      详见附件      详见附件      详见附件                 五、评审专家（单一来源采购人员）名单： 黄艳军、李冄、李昀澄 六、代理服务收费标准及金额： 本项目代理费收费标准：详见附件磋商文件 本项目代理费总金额：1.350000 万元（人民币） 七、公告期限 自本公告发布之日起1个工作日。 八、其它补充事宜 成交供应商的评审总得分：86.33  九、凡对本次公告内容提出询问，请按以下方式联系。 1.采购人信息 名 称：中国宋庆龄青少年科技文化交流中心 地址：北京市海淀区玉渊潭南路11号 联系方式：李老师135 5219 5799 2.采购代理机构信息 名 称：中钢招标有限责任公司 地 址：北京市海淀区海淀大街8号中钢国际广场16层 联系方式：项目联系人：马娟娟、刘圣钰、黄磊、聂娅琼 电 话：010-62688223（获取文件、发票咨询）、010-62688236（项目问询）、huangl@sstc20.com（项目问询） 3.项目联系方式 项目联系人：马娟娟、刘圣钰、黄磊、聂娅琼 电 话： 010-62688223（获取文件、发票咨询）、010-62688236（项目问询）、huangl@sstc20.com（项目问询）,文化旅游,,中国政府采购网,,,,,,0.0,"[{""序号"": ""1"", ""供应商名称"": ""北京美艺联文化艺术发展有限公司"", ""货物名称"": ""详见附件"", ""货物品牌"": ""详见附件"", ""货物型号"": ""详见附件"", ""货物数量"": ""详见附件"", ""货物单价(元)"": ""详见附件""}]",黄艳军、李冄、李昀澄,1.35,北京美艺联文化艺术发展有限公司,,,,
民航博物馆园区及各建筑监控系统更换改造项目成交公告,成交公告,0748-2611CA1021CQ,2026年09月03日 14:34,北京市,民航博物馆,北京市朝阳区首都机场辅路民航200号,010-84323681,中航材国际招标有限公司,北京市顺义区天祥路6号院北京东航中心2号楼8层,梁雨荷 010-84384807 liangyuhe@casc.com.cn,梁雨荷,010-84384807,"声明函.pdf,磋商文件-民航博物馆园区及各建筑监控系统更换改造项目.pdf","[{""attach_name"": ""声明函.pdf"", ""attach_url"": ""https://download.ccgp.gov.cn/oss/download?uuid=3A8689B685BBC2BEDD30BCAD426BB7""}, {""attach_name"": ""磋商文件-民航博物馆园区及各建筑监控系统更换改造项目.pdf"", ""attach_url"": ""https://download.ccgp.gov.cn/oss/download?uuid=CD9D9A0236273098970AB76D5076CB""}]",https://www.ccgp.gov.cn/cggg/zygg/cjgg/202609/t20260903_27258391.htm,2026-09-10 09:39:36,一、项目编号：0748-2611CA1021CQ（招标文件编号：0748-2611CA1021CQ） 二、项目名称：民航博物馆园区及各建筑监控系统更换改造项目 三、中标（成交）信息 供应商名称：北京天川科技发展有限公司供应商地址：北京市海淀区远大路远大居住区二期住宅商务中心A区南端9A号(住宅)中标（成交）金额：185.2000000（万元）四、主要标的信息 序号    供应商名称     工程名称     施工范围     施工工期     项目经理     执业证书 1    北京天川科技发展有限公司    民航博物馆园区及各建筑监控系统更换改造项目    根据民航博物馆对于安防监控的相关需求，对园区及各建筑监控系统进行细化设计、改造，符合国家、地区及行业相关标准，达到直接交付民航博物馆使用的程度，并提供合理的质保期。（详见技术需求）。    本项目工期为合同签订后15日历天完成细化设计，方案经采购人确认后90日历天内完工并通过验收，开工日期以采购人通知为准。    程键    一级注册建造师：京1112018201901827               五、评审专家（单一来源采购人员）名单： 张龙生、徐玲献、任巫疆 六、代理服务收费标准及金额： 本项目代理费收费标准：采购代理费参考国家发展计划委员会颁发的《招标代理服务收费管理暂行办法》（计价格〔2002〕1980号）的规定及《国家发展改革委办公厅关于招标代理服务收费有关问题的通知》（发改办价格〔2003〕857号）规定的收费标准和计费方式执行，具体的代理费用金额依据最后的成交金额及上述收费办法中的收费标准确定。 本项目代理费总金额：1.596400 万元（人民币） 七、公告期限 自本公告发布之日起1个工作日。 八、其它补充事宜 成交供应商综合总得分：85.37 九、凡对本次公告内容提出询问，请按以下方式联系。 1.采购人信息 名 称：民航博物馆 地址：北京市朝阳区首都机场辅路民航200号 联系方式：010-84323681 2.采购代理机构信息 名 称：中航材国际招标有限公司 地 址：北京市顺义区天祥路6号院北京东航中心2号楼8层 联系方式：梁雨荷 010-84384807 liangyuhe@casc.com.cn 3.项目联系方式 项目联系人：梁雨荷 电 话： 010-84384807,工程建设,,中国政府采购网,,,,,,185.2,"[{""序号"": ""1"", ""供应商名称"": ""北京天川科技发展有限公司"", ""工程名称"": ""民航博物馆园区及各建筑监控系统更换改造项目"", ""施工范围"": ""根据民航博物馆对于安防监控的相关需求，对园区及各建筑监控系统进行细化设计、改造，符合国家、地区及行业相关标准，达到直接交付民航博物馆使用的程度，并提供合理的质保期。（详见技术需求）。"", ""施工工期"": ""本项目工期为合同签订后15日历天完成细化设计，方案经采购人确认后90日历天内完工并通过验收，开工日期以采购人通知为准。"", ""项目经理"": ""程键"", ""执业证书"": ""一级注册建造师：京1112018201901827""}]",张龙生、徐玲献、任巫疆,1.5964,北京天川科技发展有限公司,,,,
昆山市消防救援大队关于昆山市消防救援大队雁荡山路特勤站晾衣场改造工程成交公告,成交公告,JYKFCG2026-BX01,2026年09月03日 14:06,昆山市,昆山市消防救援大队,昆山市雁荡山路66号,吴工，0512-55115200,中企华建友工程管理有限公司,昆山市登云路258号汇金财富广场B栋904室,贾凤麟，0512-57001288,吴工,0512-55115200,中小企业声明函.jpg,"[{""attach_name"": ""中小企业声明函.jpg"", ""attach_url"": ""https://download.ccgp.gov.cn/oss/download?uuid=8F80BBF65EBED7751ABB2D267A4EB5""}]",https://www.ccgp.gov.cn/cggg/zygg/cjgg/202609/t20260903_27258207.htm,2026-09-10 09:39:37,一、项目编号：JYKFCG2026-BX01（招标文件编号：JYKFCG2026-BX01） 二、项目名称：昆山市消防救援大队雁荡山路特勤站晾衣场改造工程 三、中标（成交）信息 供应商名称：昆山敏杰市政工程有限公司供应商地址：昆山市锦溪镇文昌路西侧B幢202室中标（成交）金额：27.9368520（万元）四、主要标的信息 序号    供应商名称       工程名称       施工范围       施工工期       项目经理       执业证书   1    昆山敏杰市政工程有限公司      昆山市消防救援大队雁荡山路特勤站晾衣场改造工程      钢结构玻璃阳光房146平方米，具体要求详见采购文件。      30日历天      俞曙红      建筑工程二级建造师（苏232171805105）                 五、评审专家（单一来源采购人员）名单： 唐桂珍、胡国祥、徐岭 六、代理服务收费标准及金额： 本项目代理费收费标准：以预算金额为基数，100万元以内1.5%、100～500万元1.1%、500～1000万元0.8%，1000万以上0.5%的差额定率累进法计算。 本项目代理费总金额：0.425700 万元（人民币） 七、公告期限 自本公告发布之日起1个工作日。 八、其它补充事宜 无 九、凡对本次公告内容提出询问，请按以下方式联系。 1.采购人信息 名 称：昆山市消防救援大队 地址：昆山市雁荡山路66号 联系方式：吴工，0512-55115200 2.采购代理机构信息 名 称：中企华建友工程管理有限公司 地 址：昆山市登云路258号汇金财富广场B栋904室 联系方式：贾凤麟，0512-57001288 3.项目联系方式 项目联系人：吴工 电 话： 0512-55115200,公共安全,,中国政府采购网,,,,,,27.936852,"[{""序号"": ""1"", ""供应商名称"": ""昆山敏杰市政工程有限公司"", ""工程名称"": ""昆山市消防救援大队雁荡山路特勤站晾衣场改造工程"", ""施工范围"": ""钢结构玻璃阳光房146平方米，具体要求详见采购文件。"", ""施工工期"": ""30日历天"", ""项目经理"": ""俞曙红"", ""执业证书"": ""建筑工程二级建造师（苏232171805105）""}]",唐桂珍、胡国祥、徐岭,0.4257,昆山敏杰市政工程有限公司,,,,
故宫博物院2026年期刊出版项目成交公告,成交公告,0701-264101110078,2026年09月03日 13:58,北京市,故宫博物院,北京市东城区景山前街4号,"陈安妮,010-85007049",中技国际招标有限公司,北京市丰台区西营街1号院 2区1号楼（通用时代中心C座）,"苏娜、马新峰、程欣欣,010-81168672、010-81168551、010-81168517",苏娜、马新峰、程欣欣,010-81168672、010-81168551、010-81168517,"单一来源采购文件-故宫博物院2026年期刊出版项目-0701-264101110078-发售稿.pdf,中小企业声明函-故宫博物院2026年期刊出版项目-0701-264101110078-发售稿.pdf","[{""attach_name"": ""单一来源采购文件-故宫博物院2026年期刊出版项目-0701-264101110078-发售稿.pdf"", ""attach_url"": ""https://download.ccgp.gov.cn/oss/download?uuid=84DFA85B0507CAB8F72A29FFA4D38A""}, {""attach_name"": ""中小企业声明函-故宫博物院2026年期刊出版项目-0701-264101110078-发售稿.pdf"", ""attach_url"": ""https://download.ccgp.gov.cn/oss/download?uuid=5844952381C87C1CB1214D4B47FACF""}]",https://www.ccgp.gov.cn/cggg/zygg/cjgg/202609/t20260903_27258165.htm,2026-09-10 09:39:37,"一、项目编号：0701-264101110078（招标文件编号：0701-264101110078） 二、项目名称：故宫博物院2026年期刊出版项目 三、中标（成交）信息 供应商名称：故宫出版社有限公司供应商地址：北京市东城区景山前街4号中标（成交）金额：197.8000880（万元）四、主要标的信息 序号    供应商名称      服务名称      服务范围      服务要求      服务时间      服务标准   1    故宫出版社有限公司      故宫博物院2026年期刊出版项目      供应商在规定期限内完成《紫禁城》《故宫博物院院刊》《中国文物科学研究》的2026年期刊出版工作      供应商必须完成所有与本项目相关服务工作，要求达到现行国家、行业颁布的有关规范要求      自合同生效之日开始至本合同项下采购人作品出版完成      《故宫博物院院刊》、《紫禁城》、《中国文物科学研究》三本期刊按照刊期按时出版，图书期刊编校质量标准、印刷装订质量须达到国家相关质量标准、行业标准、合同约定标准                 五、评审专家（单一来源采购人员）名单： 赵新敏、高波、艾珊歌 六、代理服务收费标准及金额： 本项目代理费收费标准：参照《国家计委关于印发招标代理服务收费管理暂行办法的通知》（计价格〔2002〕1980号）、《国家发展改革委办公厅关于招标代理服务收费有关问题的通知》（发改办价格〔2003〕857号）和《国家发展改革委关于降低部分建设项目收费标准规范收费行为等有关问题的通知（发改价格〔2011〕534号）》规定的计算方式和标准下浮20%，以本项目成交金额为计算基数，采用差额定率累进方式计算，向采购代理机构交纳采购代理服务费。 本项目代理费总金额：1.825921 万元（人民币） 七、公告期限 自本公告发布之日起1个工作日。 八、其它补充事宜 九、凡对本次公告内容提出询问，请按以下方式联系。 1.采购人信息 名 称：故宫博物院 地址：北京市东城区景山前街4号 联系方式：陈安妮,010-85007049 2.采购代理机构信息 名 称：中技国际招标有限公司 地 址：北京市丰台区西营街1号院 2区1号楼（通用时代中心C座） 联系方式：苏娜、马新峰、程欣欣,010-81168672、010-81168551、010-81168517 3.项目联系方式 项目联系人：苏娜、马新峰、程欣欣 电 话： 010-81168672、010-81168551、010-81168517",文化旅游,,中国政府采购网,,,,,,197.800088,"[{""序号"": ""1"", ""供应商名称"": ""故宫出版社有限公司"", ""服务名称"": ""故宫博物院2026年期刊出版项目"", ""服务范围"": ""供应商在规定期限内完成《紫禁城》《故宫博物院院刊》《中国文物科学研究》的2026年期刊出版工作"", ""服务要求"": ""供应商必须完成所有与本项目相关服务工作，要求达到现行国家、行业颁布的有关规范要求"", ""服务时间"": ""自合同生效之日开始至本合同项下采购人作品出版完成"", ""服务标准"": ""《故宫博物院院刊》、《紫禁城》、《中国文物科学研究》三本期刊按照刊期按时出版，图书期刊编校质量标准、印刷装订质量须达到国家相关质量标准、行业标准、合同约定标准""}]",赵新敏、高波、艾珊歌,1.825921,故宫出版社有限公司,,,,
中央财经大学沙河校区体育馆及后勤服务组团基坑监测与沉降观测项目成交公告,成交公告,,2026年09月03日 13:49,昌平区,中央财经大学,北京市海淀区学院南路39号,刘老师、梁老师、李老师，010-62288125,中航招采科技（北京）有限公司,北京市朝阳区慧忠路5号远大中心B座14层,刘龙、刘睿、夏睿、廉殿龙、郑怀洲，010-84892558/2563 15010392256 18611349876,刘老师、梁老师、李老师,010-62288125,,,https://www.ccgp.gov.cn/cggg/zygg/cjgg/202609/t20260903_27258131.htm,2026-09-10 09:39:38,一、项目编号：中央财经大学沙河校区体育馆及后勤服务组团基坑监测与沉降观测项目（招标文件编号：FW-2026056-ZH） 二、项目名称：中央财经大学沙河校区体育馆及后勤服务组团基坑监测与沉降观测项目 三、中标（成交）信息 供应商名称：北京久城科技有限公司供应商地址：北京市顺义区高丽营镇文化营村北（临空二路1号科技创新功能区）中标（成交）金额：90.0000000（万元）四、主要标的信息 序号    供应商名称      服务名称      服务范围      服务要求      服务时间      服务标准   1    北京久城科技有限公司      中央财经大学沙河校区体育馆及后勤服务组团基坑监测与沉降观测服务      包括但不限于水平位移、竖向位移基准点安设与监测、桩（坡）顶水平、竖向位移监测点安设与监测、锚杆轴力监测点布设与监测、深层水平位移监测点安设与监测、周边地表竖向位移监测点安设与监测，地下水位监测、主体结构沉降观测点安设与监测、人工巡视，在施主体结构、周围地下管线及设施以及为满足现场应急抢险或其他意外情况出现时的监测和观测要求等工作；应有完整的记录表、数据报表、图形和曲线，出具基坑监测和建筑沉降监测成果报告，针对超出预警值及时给与预警；且根据施工情况随时作出调整，在监测值的日变化量较大、达到预警值或遇到不良天气等时，应加密观测，做好监测和相关特征状态记录，并会同有关人员分析安全状态。此外发现基坑工程如出现质量隐患时应立即上报监理单位和建设单位，并加大监测频率。      1、供应商应在签订合同后5个工作日内向采购人提交监测方案，监测方案由监理机构审查，并出具带审查意见的方案报审表，经采购人确认后方可实施。采购人应在收到后的3个工作日内对监测方案进行确认并签章。 2、供应商根据经签章的监测方案对本项目基坑进行布控点位监测。 3、严格按照监测方案中的布点位置及数量进行测量，供应商必须服从采购人的安排和指挥。 4、基坑监测精度必须满足国家及地方规范要求，观测误差小、数据真实可靠，能够准确反映基坑及周边环境的微小变形，满足基坑安全预警与控制要求。 5、合同生效后，依据采购人施工进度配合监测，以不延误施工进度为原则，及时向采购人提供每次监测的结果，并在收到采购人的有关材料之日起5天内提交正式监测报告。当有达到预警值等特殊监测数值时，供应商应立即通知采购人、工程施工单位、监理单位等相关方。 6、监测质量标准： （1）符合国家及北京市相关标准及规范要求，各项监测满足建设主管部门验收要求； （2）须保证所出具的监测报告真实性； （3）监测项目及内容须满足现行质量验收规范、现行质检验收规定、工程质量创优目标及采购人提出的监测项目要求。 7、项目负责人需在监测方案及监测分析报告上加盖注册章。      1、基坑监测：基坑开挖开始至基坑回填完成。 2、主体沉降观测：基础底板混凝土初凝后至主体结构封顶后一年，当最后100d的最大沉降速率小于0.0lmm/d~O.04mm/d时，建筑物观测数值稳定后经采购人确认不需要继续观测，即停止主体沉降观测。      1、符合国家及北京市相关标准及规范要求，各项监测满足建设主管部门验收要求； 2、须保证所出具的监测报告真实性； 3、监测项目及内容须满足现行质量验收规范、现行质检验收规定、工程质量创优目标及采购人提出的监测项目要求。                 五、评审专家（单一来源采购人员）名单： 王学、张维娜、刘金光 六、代理服务收费标准及金额： 本项目代理费收费标准：按照国家计委颁布的《招标代理服务收费管理暂行办法》（计价格[2002]1980号)服务类取费下浮20%计取。 本项目代理费总金额：1.080000 万元（人民币） 七、公告期限 自本公告发布之日起1个工作日。 八、其它补充事宜 无 九、凡对本次公告内容提出询问，请按以下方式联系。 1.采购人信息 名 称：中央财经大学 地址：北京市海淀区学院南路39号 联系方式：刘老师、梁老师、李老师，010-62288125 2.采购代理机构信息 名 称：中航招采科技（北京）有限公司 地 址：北京市朝阳区慧忠路5号远大中心B座14层 联系方式：刘龙、刘睿、夏睿、廉殿龙、郑怀洲，010-84892558/2563 15010392256 18611349876 3.项目联系方式 项目联系人：刘老师、梁老师、李老师 电 话： 010-62288125,教育培训,,中国政府采购网,,,,,,90.0,"[{""序号"": ""1"", ""供应商名称"": ""北京久城科技有限公司"", ""服务名称"": ""中央财经大学沙河校区体育馆及后勤服务组团基坑监测与沉降观测服务"", ""服务范围"": ""包括但不限于水平位移、竖向位移基准点安设与监测、桩（坡）顶水平、竖向位移监测点安设与监测、锚杆轴力监测点布设与监测、深层水平位移监测点安设与监测、周边地表竖向位移监测点安设与监测，地下水位监测、主体结构沉降观测点安设与监测、人工巡视，在施主体结构、周围地下管线及设施以及为满足现场应急抢险或其他意外情况出现时的监测和观测要求等工作；应有完整的记录表、数据报表、图形和曲线，出具基坑监测和建筑沉降监测成果报告，针对超出预警值及时给与预警；且根据施工情况随时作出调整，在监测值的日变化量较大、达到预警值或遇到不良天气等时，应加密观测，做好监测和相关特征状态记录，并会同有关人员分析安全状态。此外发现基坑工程如出现质量隐患时应立即上报监理单位和建设单位，并加大监测频率。"", ""服务要求"": ""1、供应商应在签订合同后5个工作日内向采购人提交监测方案，监测方案由监理机构审查，并出具带审查意见的方案报审表，经采购人确认后方可实施。采购人应在收到后的3个工作日内对监测方案进行确认并签章。\t\t\t2、供应商根据经签章的监测方案对本项目基坑进行布控点位监测。\t\t\t3、严格按照监测方案中的布点位置及数量进行测量，供应商必须服从采购人的安排和指挥。\t\t\t4、基坑监测精度必须满足国家及地方规范要求，观测误差小、数据真实可靠，能够准确反映基坑及周边环境的微小变形，满足基坑安全预警与控制要求。\t\t\t5、合同生效后，依据采购人施工进度配合监测，以不延误施工进度为原则，及时向采购人提供每次监测的结果，并在收到采购人的有关材料之日起5天内提交正式监测报告。当有达到预警值等特殊监测数值时，供应商应立即通知采购人、工程施工单位、监理单位等相关方。\t\t\t6、监测质量标准：\t\t\t（1）符合国家及北京市相关标准及规范要求，各项监测满足建设主管部门验收要求；\t\t\t（2）须保证所出具的监测报告真实性；\t\t\t（3）监测项目及内容须满足现行质量验收规范、现行质检验收规定、工程质量创优目标及采购人提出的监测项目要求。\t\t\t7、项目负责人需在监测方案及监测分析报告上加盖注册章。"", ""服务时间"": ""1、基坑监测：基坑开挖开始至基坑回填完成。\t\t\t2、主体沉降观测：基础底板混凝土初凝后至主体结构封顶后一年，当最后100d的最大沉降速率小于0.0lmm/d~O.04mm/d时，建筑物观测数值稳定后经采购人确认不需要继续观测，即停止主体沉降观测。"", ""服务标准"": ""1、符合国家及北京市相关标准及规范要求，各项监测满足建设主管部门验收要求；\t\t\t2、须保证所出具的监测报告真实性；\t\t\t3、监测项目及内容须满足现行质量验收规范、现行质检验收规定、工程质量创优目标及采购人提出的监测项目要求。""}]",王学、张维娜、刘金光,1.08,北京久城科技有限公司,,,,
中国证券监督管理委员会吉林监管局政府采购物业服务成交公告,成交公告,4127614471775790341965,2026年09月03日 13:43,朝阳区,中国证券监督管理委员会吉林监管局,长春市朝阳区解放大路2518号交通大厦,0431-85097347,详见公告正文,详见公告正文,详见公告正文,栾俣峰,0431-85097347,单一来源论述 .doc,"[{""attach_name"": ""单一来源论述 .doc"", ""attach_url"": ""https://download.ccgp.gov.cn/oss/download?uuid=21C5817860BB801D44250A121F49AA""}]",https://www.ccgp.gov.cn/cggg/zygg/cjgg/202609/t20260903_27258244.htm,2026-09-10 09:39:39,一、项目编号：4127614471775790341965（招标文件编号：无） 二、项目名称：中国证券监督管理委员会吉林监管局政府采购物业服务 三、中标（成交）信息 供应商名称：吉林省交通物业服务有限公司供应商地址：长春市朝阳区解放大路2518号交通大厦中标（成交）金额：117.0791460（万元）四、主要标的信息 序号    供应商名称      服务名称      服务范围      服务要求      服务时间      服务标准   1    吉林省交通物业服务有限公司      物业服务      17-19层办公用房      以合同为准      2026年      办公用房维护与养护、公共区域清洁卫生、消防、保卫、供水、供电、空调、电梯维护等。                 五、评审专家（单一来源采购人员）名单： 中国证券监督管理委员会吉林监管局办公室 六、代理服务收费标准及金额： 本项目代理费收费标准：无 本项目代理费总金额：0.000000 万元（人民币） 七、公告期限 自本公告发布之日起1个工作日。 八、其它补充事宜 九、凡对本次公告内容提出询问，请按以下方式联系。 1.采购人信息 名 称：中国证券监督管理委员会吉林监管局 地址：长春市朝阳区解放大路2518号交通大厦 联系方式：0431-85097347 2.项目联系方式 项目联系人：栾俣峰 电 话： 0431-85097347,服务外包,,中国政府采购网,,,,,,117.079146,"[{""序号"": ""1"", ""供应商名称"": ""吉林省交通物业服务有限公司"", ""服务名称"": ""物业服务"", ""服务范围"": ""17-19层办公用房"", ""服务要求"": ""以合同为准"", ""服务时间"": ""2026年"", ""服务标准"": ""办公用房维护与养护、公共区域清洁卫生、消防、保卫、供水、供电、空调、电梯维护等。""}]",中国证券监督管理委员会吉林监管局办公室,0.0,吉林省交通物业服务有限公司,,,,
鸟类生活习性分析成交公告,成交公告,DLZB-2026-140,2026年09月03日 13:30,上海市,中国极地研究中心（中国极地研究所）,上海市浦东新区曹路镇雪龙路1000号,周旻昊 021-58714920,上海丹利投资咨询有限公司,上海市浦东新区浦建路76号由由国际广场1807室丹利,姜佳玥 021-50366112-824,姜佳玥,021-50366112-824,140竞争性磋商文件8.21（鸟类生活习性分析）.pdf,"[{""attach_name"": ""140竞争性磋商文件8.21（鸟类生活习性分析）.pdf"", ""attach_url"": ""https://download.ccgp.gov.cn/oss/download?uuid=E487F37E9D8D97C1E4AF81A8502B32""}]",https://www.ccgp.gov.cn/cggg/zygg/cjgg/202609/t20260903_27258063.htm,2026-09-10 09:39:40,一、项目编号：DLZB-2026-140（招标文件编号：DLZB-2026-140） 二、项目名称：鸟类生活习性分析 三、中标（成交）信息 供应商名称：中国科学技术大学供应商地址：安徽省合肥市金寨路96号中标（成交）金额：24.8000000（万元）四、主要标的信息 序号    供应商名称      服务名称      服务范围      服务要求      服务时间      服务标准   1    中国科学技术大学      鸟类生活习性分析      鸟类生活习性分析      详见竞争性磋商文件      2026.9-2026.12      详见竞争性磋商文件及投标响应文件                 五、评审专家（单一来源采购人员）名单： 陈燕、崔林丽、高旻昊 六、代理服务收费标准及金额： 本项目代理费收费标准：响应报价应包含采购代理服务费。供应商在成交后须向采购代理机构支付采购代理服务费，收费标准以□采购预算金额 ■成交金额为基础参照国家计委关于印发《招标代理服务收费管理暂行办法》的通知（计价格〔2002〕1980号）服务类下浮60 %计算，低于5000元，按人民币5000元计取。 本项目代理费总金额：0.500000 万元（人民币） 七、公告期限 自本公告发布之日起1个工作日。 八、其它补充事宜 推荐理由：经专家综合评定打分，中国科学技术大学最终得分90.33分，综合得分最高，推荐为第一成交候选人。 九、凡对本次公告内容提出询问，请按以下方式联系。 1.采购人信息 名 称：中国极地研究中心（中国极地研究所） 地址：上海市浦东新区曹路镇雪龙路1000号 联系方式：周旻昊 021-58714920 2.采购代理机构信息 名 称：上海丹利投资咨询有限公司 地 址：上海市浦东新区浦建路76号由由国际广场1807室丹利 联系方式：姜佳玥 021-50366112-824 3.项目联系方式 项目联系人：姜佳玥 电 话： 021-50366112-824,教育培训,,中国政府采购网,,,,,,24.8,"[{""序号"": ""1"", ""供应商名称"": ""中国科学技术大学"", ""服务名称"": ""鸟类生活习性分析"", ""服务范围"": ""鸟类生活习性分析"", ""服务要求"": ""详见竞争性磋商文件"", ""服务时间"": ""2026.9-2026.12"", ""服务标准"": ""详见竞争性磋商文件及投标响应文件""}]",陈燕、崔林丽、高旻昊,0.5,中国科学技术大学,,,,
福建省消防救援总队训练和战勤保障支队支队营区电子围栏设备采购项目成交公告,成交公告,ZDZB,2026年09月03日 12:48,福建省,福建省消防救援总队训练和战勤保障支队,福州市闽候县上街镇马保村,陈先生0591-22821307,福建省中达招标代理有限公司,福州市台江区祥坂路357号阳光城时代广场1709室,陈丽芳、林丽平 0591-88231280,陈先生,0591-22821307,ZDZB（ZX-CS）2026-036 福建省消防救援总队训练和战勤保障支队 支队营区电子围栏设备采购项目.docx,"[{""attach_name"": ""ZDZB（ZX-CS）2026-036 福建省消防救援总队训练和战勤保障支队 支队营区电子围栏设备采购项目.docx"", ""attach_url"": ""https://download.ccgp.gov.cn/oss/download?uuid=D933CEFAD7138D2AE0148D91A2FAB0""}]",https://www.ccgp.gov.cn/cggg/zygg/cjgg/202609/t20260903_27257987.htm,2026-09-10 09:39:41,一、项目编号：ZDZB（ZX-CS）2026-036（招标文件编号：ZDZB（ZX-CS）2026-036） 二、项目名称：支队营区电子围栏设备采购项目 三、中标（成交）信息 供应商名称：福建永鹏融和科技有限公司供应商地址：福建省福州市晋安区长乐北路139号紫阳商贸中心2号楼15层01单元中标（成交）金额：47.7856000（万元）四、主要标的信息 序号    供应商名称      货物名称      货物品牌      货物型号      货物数量      货物单价(元)   1    福建永鹏融和科技有限公司      管理平台服务器等      海康威视等      DS-VM22R-CL/FZL等      1批      477856                 五、评审专家（单一来源采购人员）名单： 黄克钦、蔡诗明、柳雄斌 六、代理服务收费标准及金额： 本项目代理费收费标准：中标（成交）金额在100万以内的，按照中标（成交）金额的1.2%收取。 本项目代理费总金额：0.573400 万元（人民币） 七、公告期限 自本公告发布之日起1个工作日。 八、其它补充事宜 各供应商资格性、符合性审查均合格。 九、凡对本次公告内容提出询问，请按以下方式联系。 1.采购人信息 名 称：福建省消防救援总队训练和战勤保障支队 地址：福州市闽候县上街镇马保村 联系方式：陈先生0591-22821307 2.采购代理机构信息 名 称：福建省中达招标代理有限公司 地 址：福州市台江区祥坂路357号阳光城时代广场1709室 联系方式：陈丽芳、林丽平 0591-88231280 3.项目联系方式 项目联系人：陈先生 电 话： 0591-22821307,公共安全,,中国政府采购网,,,,,,47.7856,"[{""序号"": ""1"", ""供应商名称"": ""福建永鹏融和科技有限公司"", ""货物名称"": ""管理平台服务器等"", ""货物品牌"": ""海康威视等"", ""货物型号"": ""DS-VM22R-CL/FZL等"", ""货物数量"": ""1批"", ""货物单价(元)"": ""477856""}]",黄克钦、蔡诗明、柳雄斌,0.5734,福建永鹏融和科技有限公司,,,,
山西省忻州市繁峙县消防救援大队2026年食堂服务外包采购项目成交公告,成交公告,ZQNFW20260629,2026年09月03日 12:34,繁峙县,繁峙县消防救援大队,繁峙县双拥路,徐军军15702758333,中岐能工程项目管理有限公司,山西省太原市尖草坪区集祥美地西区南门往西丰收路门面房,王芝富 16656119765,王芝富,16656119765,"磋商文件（繁峙县消防救援大队食堂外包）.pdf,中小企业声明函(1).pdf","[{""attach_name"": ""磋商文件（繁峙县消防救援大队食堂外包）.pdf"", ""attach_url"": ""https://download.ccgp.gov.cn/oss/download?uuid=DD0C89E10DAFE3A93297B539FF3B4C""}, {""attach_name"": ""中小企业声明函(1).pdf"", ""attach_url"": ""https://download.ccgp.gov.cn/oss/download?uuid=5F6BF05C6E22776A17BE870D3EF0E1""}]",https://www.ccgp.gov.cn/cggg/zygg/cjgg/202609/t20260903_27257949.htm,2026-09-10 09:39:41,"一、项目编号：ZQNFW20260629（招标文件编号：ZQNFW20260629） 二、项目名称：山西省忻州市繁峙县消防救援大队2026年食堂服务外包采购项目 三、中标（成交）信息 供应商名称：忻州市味思源餐饮管理有限责任公司供应商地址：山西省忻州市忻府区九原街街道民康路与雁门大道南街交叉口回迁房二区五排五号中标（成交）金额：29.3100000（万元）四、主要标的信息 序号    供应商名称      服务名称      服务范围      服务要求      服务时间      服务标准   1    忻州市味思源餐饮管理有限责任公司      山西省忻州市繁峙县消防救援大队2026年食堂服务外包采购项目      此项目为山西省忻州市繁峙县消防救援大队2026年食堂服务外包采购项目，根据支队工作要求，结合大队实际情况，为加强大队食堂管理，提高饭菜加工制作质量，现拟开展食堂服务外包项目，根据大队制定的食谱和采购的食材进行一日三餐的加工制作以及食堂卫生和餐厨垃圾清运等工作。      详见磋商文件      签订合同之日起1年。 注：本项目服务期1年，期满履约考核合格、双方协商一致、预算落实且采购流程经支队审批后可逐年续签，累计服务最长不超3年。若另行组织采购，新服务单位确定及交接完成前，为保障工作正常运转，可依规签订过渡期补充协议顺延服务，补充协议顺延费用控制在原合同金额10%以内。      满足国家、行业标准及采购人要求                 五、评审专家（单一来源采购人员）名单： 徐丽红、王喜根、任瑞鑫 六、代理服务收费标准及金额： 本项目代理费收费标准：参考“发改价格〔2015〕299号《国家发展改革委关于进一步放开建设项目专业服务价格的通知》”规定，代理费不足3000.00元的按3000.00元收取,由成交供应商支付。 本项目代理费总金额：0.440000 万元（人民币） 七、公告期限 自本公告发布之日起1个工作日。 八、其它补充事宜 无 九、凡对本次公告内容提出询问，请按以下方式联系。 1.采购人信息 名 称：繁峙县消防救援大队 地址：繁峙县双拥路 联系方式：徐军军15702758333 2.采购代理机构信息 名 称：中岐能工程项目管理有限公司 地 址：山西省太原市尖草坪区集祥美地西区南门往西丰收路门面房 联系方式：王芝富 16656119765 3.项目联系方式 项目联系人：王芝富 电 话： 16656119765",公共安全,,中国政府采购网,,,,,,29.31,"[{""序号"": ""1"", ""供应商名称"": ""忻州市味思源餐饮管理有限责任公司"", ""服务名称"": ""山西省忻州市繁峙县消防救援大队2026年食堂服务外包采购项目"", ""服务范围"": ""此项目为山西省忻州市繁峙县消防救援大队2026年食堂服务外包采购项目，根据支队工作要求，结合大队实际情况，为加强大队食堂管理，提高饭菜加工制作质量，现拟开展食堂服务外包项目，根据大队制定的食谱和采购的食材进行一日三餐的加工制作以及食堂卫生和餐厨垃圾清运等工作。"", ""服务要求"": ""详见磋商文件"", ""服务时间"": ""签订合同之日起1年。\t\t\t注：本项目服务期1年，期满履约考核合格、双方协商一致、预算落实且采购流程经支队审批后可逐年续签，累计服务最长不超3年。若另行组织采购，新服务单位确定及交接完成前，为保障工作正常运转，可依规签订过渡期补充协议顺延服务，补充协议顺延费用控制在原合同金额10%以内。"", ""服务标准"": ""满足国家、行业标准及采购人要求""}]",徐丽红、王喜根、任瑞鑫,0.44,忻州市味思源餐饮管理有限责任公司,,,,
广东省深圳市盐田区消防救援大队2026年深盐路消防救援站训练塔加固改造采购项目（二次遴选）成交结果公告,成交公告,SSZX2026-260,2026年09月03日 11:59,深圳市,深圳市盐田区消防救援大队,深圳市盐田区北山道155号,傅工； 联系电话：0755-25018210； 邮编：518000。,深圳市深水水务咨询有限公司,深圳市罗湖区清水河街道清水河社区清水河一路112号罗湖投资控股大厦裙楼401,庄晓琴、刁杰辉、陈翰林、韩旭彤； 联系电话：13688812350、18707551546。,庄晓琴、刁杰辉、陈翰林、韩旭彤,13688812350、18707551546,中小企业声明函.pdf,"[{""attach_name"": ""中小企业声明函.pdf"", ""attach_url"": ""https://download.ccgp.gov.cn/oss/download?uuid=7EC4574378EACFFAA7653C23D42AEA""}]",https://www.ccgp.gov.cn/cggg/zygg/cjgg/202609/t20260903_27257723.htm,2026-09-10 09:39:41,一、项目编号：SSZX2026-260（招标文件编号：SSZX2026-260） 二、项目名称：广东省深圳市盐田区消防救援大队2026年深盐路消防救援站训练塔加固改造采购项目（二次遴选） 三、中标（成交）信息 供应商名称：深圳市深泰建设工程有限公司供应商地址：深圳市罗湖区东湖街道金湖社区翠荫路38号D栋301-2中标（成交）金额：28.3766970（万元）四、主要标的信息 序号    供应商名称      工程名称      施工范围      施工工期      项目经理      执业证书  1    深圳市深泰建设工程有限公司     广东省深圳市盐田区消防救援大队2026年深盐路消防救援站训练塔加固改造采购项目（二次遴选）     详见遴选文件     75个日历天内。     孙少娜     二级建造师（粤2442022202218865）                五、评审专家（单一来源采购人员）名单： 马椒、林泽钦、杨继亮 六、代理服务收费标准及金额： 本项目代理费收费标准：详见遴选文件 本项目代理费总金额：0.300000 万元（人民币） 七、公告期限 自本公告发布之日起1个工作日。 八、其它补充事宜 内部评选遴选采购供应商情况 序号 参评人名称 资格性审查是否通过 符合性审查是否通过 参评报价（元） 1 深圳市深泰建设工程有限公司 是 是 ¥283766.97 2 深圳中茂工程有限公司 是 是 ¥332030.49 3 深圳市金鑫华建设集团有限公司 是 是 ¥325666.03 九、凡对本次公告内容提出询问，请按以下方式联系。 1.采购人信息 名 称：深圳市盐田区消防救援大队 地址：深圳市盐田区北山道155号 联系方式：傅工； 联系电话：0755-25018210； 邮编：518000。 2.采购代理机构信息 名 称：深圳市深水水务咨询有限公司 地 址：深圳市罗湖区清水河街道清水河社区清水河一路112号罗湖投资控股大厦裙楼401 联系方式：庄晓琴、刁杰辉、陈翰林、韩旭彤； 联系电话：13688812350、18707551546。 3.项目联系方式 项目联系人：庄晓琴、刁杰辉、陈翰林、韩旭彤 电 话： 13688812350、18707551546,公共安全,,中国政府采购网,,,,,,28.376697,"[{""序号"": ""1"", ""供应商名称"": ""深圳市深泰建设工程有限公司"", ""工程名称"": ""广东省深圳市盐田区消防救援大队2026年深盐路消防救援站训练塔加固改造采购项目（二次遴选）"", ""施工范围"": ""详见遴选文件"", ""施工工期"": ""75个日历天内。"", ""项目经理"": ""孙少娜"", ""执业证书"": ""二级建造师（粤2442022202218865）""}]",马椒、林泽钦、杨继亮,0.3,深圳市深泰建设工程有限公司,,,,
中华人民共和国江门出入境边防检查站2026年光缆巡检维护服务采购项目成交公告,成交公告,JMBJZ-2026-14,2026年09月03日 11:52,江海区,中华人民共和国江门出入境边防检查站,中华人民共和国广东省江门市江海区江海二路103号,卢俊聪，0750-3415040,详见公告正文,详见公告正文,详见公告正文,夏鑫,0750-3415040,江门市高瑞科技有限公司（中小企业声明函）.jpg,"[{""attach_name"": ""江门市高瑞科技有限公司（中小企业声明函）.jpg"", ""attach_url"": ""https://download.ccgp.gov.cn/oss/download?uuid=B90BA3EA60829720DACC77AF47AFD7""}]",https://www.ccgp.gov.cn/cggg/zygg/cjgg/202609/t20260903_27257900.htm,2026-09-10 09:39:42,"一、项目编号：JMBJZ-2026-14（招标文件编号：JMBJZ-2026--14） 二、项目名称：中华人民共和国江门出入境边防检查站2026年光缆巡检维护服务采购项目 三、中标（成交）信息 供应商名称：江门市高瑞科技有限公司供应商地址：江门市蓬江区棠下镇新城区福泉街3号103商铺中标（成交）金额：4.9380000（万元）四、主要标的信息 序号    供应商名称      服务名称      服务范围      服务要求      服务时间      服务标准   1    江门市高瑞科技有限公司      中华人民共和国江门出入境边防检查站2026年光缆巡检维护服务      对江门出入境边防检查站通信光缆日常维护、故障抢修，确保总站至江门边检站光缆传输数据顺畅安全。保障范围为江门市辖区段，总长度约64公里，具体以维护保养清单为准      保证“维护保养清单”所列光缆7×24小时持续稳定正常运行。供应商需提供7天×24小时响应的上门服务及现场维护；应急状态、国家法定节假日或口岸重大安保时期采购人可要求供应商加派维护人员在指定光缆所在地点提供巡检维护和现场技术支持，以确保故障及时处置      签订合同后一年      按需求文件                 五、评审专家（单一来源采购人员）名单： 江门出入境边防检查站政府采购办公室 六、代理服务收费标准及金额： 本项目代理费收费标准：本项目自行评审，不收费 本项目代理费总金额：0.000000 万元（人民币） 七、公告期限 自本公告发布之日起1个工作日。 八、其它补充事宜       响应供应商名称                                  响应报价        1.江门市高瑞科技有限公司                   49,380.00元2.广东金诚安科技有限公司                   49,758.00元     3.广东领睿科技有限公司                      49,930.00元  九、凡对本次公告内容提出询问，请按以下方式联系。 1.采购人信息 名 称：中华人民共和国江门出入境边防检查站 地址：中华人民共和国广东省江门市江海区江海二路103号 联系方式：卢俊聪，0750-3415040 2.项目联系方式 项目联系人：夏鑫 电 话： 0750-3415040",公共安全,,中国政府采购网,,,,,,4.938,"[{""序号"": ""1"", ""供应商名称"": ""江门市高瑞科技有限公司"", ""服务名称"": ""中华人民共和国江门出入境边防检查站2026年光缆巡检维护服务"", ""服务范围"": ""对江门出入境边防检查站通信光缆日常维护、故障抢修，确保总站至江门边检站光缆传输数据顺畅安全。保障范围为江门市辖区段，总长度约64公里，具体以维护保养清单为准"", ""服务要求"": ""保证“维护保养清单”所列光缆7×24小时持续稳定正常运行。供应商需提供7天×24小时响应的上门服务及现场维护；应急状态、国家法定节假日或口岸重大安保时期采购人可要求供应商加派维护人员在指定光缆所在地点提供巡检维护和现场技术支持，以确保故障及时处置"", ""服务时间"": ""签订合同后一年"", ""服务标准"": ""按需求文件""}]",江门出入境边防检查站政府采购办公室,0.0,江门市高瑞科技有限公司,,,,
中华人民共和国江门出入境边防检查站PDT通信系统基站采购项目成交公告,成交公告,JMBJZ-2026-15,2026年09月03日 11:52,江海区,中华人民共和国江门出入境边防检查站,中华人民共和国广东省江门市江海区江海二路103号,卢俊聪，0750-3415040,详见公告正文,详见公告正文,详见公告正文,夏鑫,0750-3415040,珠海市华业信息科技有限公司（中小企业声明函）.jpg,"[{""attach_name"": ""珠海市华业信息科技有限公司（中小企业声明函）.jpg"", ""attach_url"": ""https://download.ccgp.gov.cn/oss/download?uuid=D777AB0A787742A8CEE261CDAACDC1""}]",https://www.ccgp.gov.cn/cggg/zygg/cjgg/202609/t20260903_27257902.htm,2026-09-10 09:39:43,"一、项目编号：JMBJZ-2026-15（招标文件编号：JMBJZ-2026-15） 二、项目名称：中华人民共和国江门出入境边防检查站PDT通信系统基站采购项目 三、中标（成交）信息 供应商名称：珠海市华业信息科技有限公司供应商地址：珠海市香洲区蔚蓝东岸4栋5单元中标（成交）金额：20.2000000（万元）四、主要标的信息 序号    供应商名称      货物名称      货物品牌      货物型号      货物数量      货物单价(元)   1    珠海市华业信息科技有限公司      PDT通信系统基站      东方通信      BS350P      2台      101000                 五、评审专家（单一来源采购人员）名单： 江门出入境边防检查站政府采购办公室 六、代理服务收费标准及金额： 本项目代理费收费标准：不收费 本项目代理费总金额：0.000000 万元（人民币） 七、公告期限 自本公告发布之日起1个工作日。 八、其它补充事宜        响应供应商名称                                  响应报价        1.珠海市华业科技有限公司                     202,000.00元2.广东乐达科技有限公司                        202,500.00元   3.珠海金科达智能科技有限公司              202,800.00元  九、凡对本次公告内容提出询问，请按以下方式联系。 1.采购人信息 名 称：中华人民共和国江门出入境边防检查站 地址：中华人民共和国广东省江门市江海区江海二路103号 联系方式：卢俊聪，0750-3415040 2.项目联系方式 项目联系人：夏鑫 电 话： 0750-3415040",其他,,中国政府采购网,,,,,,20.2,"[{""序号"": ""1"", ""供应商名称"": ""珠海市华业信息科技有限公司"", ""货物名称"": ""PDT通信系统基站"", ""货物品牌"": ""东方通信"", ""货物型号"": ""BS350P"", ""货物数量"": ""2台"", ""货物单价(元)"": ""101000""}]",江门出入境边防检查站政府采购办公室,0.0,珠海市华业信息科技有限公司,,,,
邵东市消防救援局2026年食堂主副食集中配送项目成交公告,成交公告,,2026年09月03日 11:46,邵东县,邵东市消防救援大队,湖南省邵东市衡宝路800号,丁先生15717593120,中慧力祥项目管理有限公司,中慧力祥项目管理有限公司（湖南省邵东市公园路147号3楼）,13627396558,赵鑫,13627396558,"磋商文件-邵东市消防救援局2026年食堂主副食集中配送项目.pdf,附件-中标公示.pdf","[{""attach_name"": ""磋商文件-邵东市消防救援局2026年食堂主副食集中配送项目.pdf"", ""attach_url"": ""https://download.ccgp.gov.cn/oss/download?uuid=7E5C81BD1CB16936E1467EBC572FAF""}, {""attach_name"": ""附件-中标公示.pdf"", ""attach_url"": ""https://download.ccgp.gov.cn/oss/download?uuid=1500439025C05CDAC3AFA0532B9C98""}]",https://www.ccgp.gov.cn/cggg/zygg/cjgg/202609/t20260903_27257610.htm,2026-09-10 09:39:44,一、项目编号：委托代理编号：ZHLX-HNSD-202616（招标文件编号：ZHLX-HNSD-202616） 二、项目名称：邵东市消防救援局2026年食堂主副食集中配送项目 三、中标（成交）信息 供应商名称：湖南湘聚旧时光餐饮管理有限公司供应商地址：湖南省邵阳市邵东市宋家塘街道建设西路196号中标（成交）金额：98.2880000（万元）四、主要标的信息 序号    供应商名称      货物名称      货物品牌      货物型号      货物数量      货物单价(元)   1    湖南湘聚旧时光餐饮管理有限公司      大米、食用油、面条、面粉、肉类、蔬菜类、干货类、酱油、盐、鸡精等等等      /      /      /      /                 五、评审专家（单一来源采购人员）名单： 佘洪勇、李纪东、吕志娟 六、代理服务收费标准及金额： 本项目代理费收费标准：参照《湖南省招标采购行业规范收取代理服务费倡议书》 本项目代理费总金额：0.980000 万元（人民币） 七、公告期限 自本公告发布之日起1个工作日。 八、其它补充事宜 九、凡对本次公告内容提出询问，请按以下方式联系。 1.采购人信息 名 称：邵东市消防救援大队 地址：湖南省邵东市衡宝路800号 联系方式：丁先生15717593120 2.采购代理机构信息 名 称：中慧力祥项目管理有限公司 地 址：中慧力祥项目管理有限公司（湖南省邵东市公园路147号3楼） 联系方式：13627396558 3.项目联系方式 项目联系人：赵鑫 电 话： 13627396558,公共安全,,中国政府采购网,,,,,,98.288,"[{""序号"": ""1"", ""供应商名称"": ""湖南湘聚旧时光餐饮管理有限公司"", ""货物名称"": ""大米、食用油、面条、面粉、肉类、蔬菜类、干货类、酱油、盐、鸡精等等等"", ""货物品牌"": ""/"", ""货物型号"": ""/"", ""货物数量"": ""/"", ""货物单价(元)"": ""/""}]",佘洪勇、李纪东、吕志娟,0.98,湖南湘聚旧时光餐饮管理有限公司,,,,
阿坝藏族羌族自治州消防救援支队集中核算中心财会业务服务采购项目（二次）竞争性磋商成交公告,成交公告,2068-26-6055-1,2026年09月03日 11:33,四川省,阿坝藏族羌族自治州消防救援支队,阿坝藏族羌族自治州马尔康市马尔康镇格央街40号,王老师 0837-6992304,四川致恒招标代理有限公司,成都市武侯区星狮路818号4栋4单元8层801号,杜老师  028-83388382-831,杜老师,028-83388382-831,"8.24磋商文件-阿坝藏族羌族自治州消防救援支队集中核算中心财会业务服务采购项目.pdf,评审情况表.pdf","[{""attach_name"": ""8.24磋商文件-阿坝藏族羌族自治州消防救援支队集中核算中心财会业务服务采购项目.pdf"", ""attach_url"": ""https://download.ccgp.gov.cn/oss/download?uuid=6C072C2AB6B47E372A695559776E73""}, {""attach_name"": ""评审情况表.pdf"", ""attach_url"": ""https://download.ccgp.gov.cn/oss/download?uuid=CDABF8DAC6F451960A2A5A0098CBAD""}]",https://www.ccgp.gov.cn/cggg/zygg/cjgg/202609/t20260903_27257493.htm,2026-09-10 09:39:45,一、项目编号：2068-26-6055-1（2）（招标文件编号：2068-26-6055-1（2）） 二、项目名称：阿坝藏族羌族自治州消防救援支队集中核算中心财会业务服务采购项目（二次） 三、中标（成交）信息 供应商名称：亿企薪福网络科技有限公司供应商地址：浙江省杭州市滨江区浦沿街道西浦路1015号905室中标（成交）金额：47.4000000（万元）四、主要标的信息 序号    供应商名称      服务名称      服务范围      服务要求      服务时间      服务标准   1    亿企薪福网络科技有限公司      阿坝藏族羌族自治州消防救援支队集中核算中心财会业务服务      阿坝州消防救援支队      ★1、服务人数：至少3人，人员需要固定。 ★2、工作方式：在阿坝州消防救援支队办公场所坐班，支队提供履职所需要的办公场所、设备、家具。地址：四川省阿坝州马尔康市马尔康镇格央街40号等      自合同签订之日起365天      （1）审核大队经费支出原始凭证的合规性、完整性；（2）指导大队编制年度财务报告和经费预（决）算等                 五、评审专家（单一来源采购人员）名单： 蒋达东、周芳、李运财（采购人代表） 六、代理服务收费标准及金额： 本项目代理费收费标准：参照《国家计委关于印发〈招标代理服务费收费标准管理暂行办法〉的通知》（计价格[2002]1980号）文件所附代理服务费标准下浮10%进行收取，采购代理服务费由成交供应商支付。注：收取方式：转账或现金；收款单位：四川致恒招标代理有限公司；开户行：绵阳市商业银行成都支行；银行账号：30001800001006。 本项目代理费总金额：0.639900 万元（人民币） 七、公告期限 自本公告发布之日起1个工作日。 八、其它补充事宜 九、凡对本次公告内容提出询问，请按以下方式联系。 1.采购人信息 名 称：阿坝藏族羌族自治州消防救援支队 地址：阿坝藏族羌族自治州马尔康市马尔康镇格央街40号 联系方式：王老师 0837-6992304 2.采购代理机构信息 名 称：四川致恒招标代理有限公司 地 址：成都市武侯区星狮路818号4栋4单元8层801号 联系方式：杜老师 028-83388382-831 3.项目联系方式 项目联系人：杜老师 电 话： 028-83388382-831,公共安全,,中国政府采购网,,,,,,47.4,"[{""序号"": ""1"", ""供应商名称"": ""亿企薪福网络科技有限公司"", ""服务名称"": ""阿坝藏族羌族自治州消防救援支队集中核算中心财会业务服务"", ""服务范围"": ""阿坝州消防救援支队"", ""服务要求"": ""★1、服务人数：至少3人，人员需要固定。\t\t\t★2、工作方式：在阿坝州消防救援支队办公场所坐班，支队提供履职所需要的办公场所、设备、家具。地址：四川省阿坝州马尔康市马尔康镇格央街40号等"", ""服务时间"": ""自合同签订之日起365天"", ""服务标准"": ""（1）审核大队经费支出原始凭证的合规性、完整性；（2）指导大队编制年度财务报告和经费预（决）算等""}]",蒋达东、周芳、李运财（采购人代表）,0.6399,亿企薪福网络科技有限公司,,,,
天津大学天津纳米颗粒与纳米系统国际研究中心锁相放大器采购项目成交公告,成交公告,TDZC2026J0026,2026年09月03日 11:31,天津市,天津大学,天津市南开区卫津路92号,巩老师、蔡老师022-27407504（招标办）,上海建科造价咨询有限公司,天津市河西区大沽南路882号10号楼303,常欣宇、刘牧晖、张明明、周子雯、付雅雯、岳韫、范继文  15690906185、15222651888,常欣宇、刘牧晖、张明明、周子雯,15690906185、15222651888,"符合本国产品标准声明函.pdf,中小企业声明函.pdf,定稿-进口快速磋商--天津大学天津纳米颗粒与纳米系统国际研究中心锁相放大器采购项目.pdf","[{""attach_name"": ""符合本国产品标准声明函.pdf"", ""attach_url"": ""https://download.ccgp.gov.cn/oss/download?uuid=98F1715E8A217414A1A40B604DF6D4""}, {""attach_name"": ""中小企业声明函.pdf"", ""attach_url"": ""https://download.ccgp.gov.cn/oss/download?uuid=0EE5C977DC011FDDB28F2C959CD158""}, {""attach_name"": ""定稿-进口快速磋商--天津大学天津纳米颗粒与纳米系统国际研究中心锁相放大器采购项目.pdf"", ""attach_url"": ""https://download.ccgp.gov.cn/oss/download?uuid=BB57256E0CB4353238CC3CBC31493B""}]",https://www.ccgp.gov.cn/cggg/zygg/cjgg/202609/t20260903_27257480.htm,2026-09-10 09:39:45,一、项目编号：TDZC2026J0026（招标文件编号：TDZC2026J0026） 二、项目名称：天津大学天津纳米颗粒与纳米系统国际研究中心锁相放大器采购项目 三、中标（成交）信息 供应商名称：广州赛恩科学仪器有限公司供应商地址：广州市海珠区华新一街12号2906室（仅限办公）中标（成交）金额：32.0000000（万元）四、主要标的信息 序号    供应商名称      货物名称      货物品牌      货物型号      货物数量      货物单价(元)   1    广州赛恩科学仪器有限公司      锁相放大器      赛恩科仪      0E2031      5      64000                 五、评审专家（单一来源采购人员）名单： 张延维、宋立宁、朱晓东（采购人代表） 六、代理服务收费标准及金额： 本项目代理费收费标准：本项目代理费收费标准：参考《国家计委关于印发﹤采购代理服务收费管理暂行办法＞的通知（计价格[2002]1980号）》和《国家发展改革委办公厅关于采购代理服务收费有关问题的通知（发改办价格[2003]857号）》的文件规定下浮20%向成交供应商收取。 本项目代理费总金额：0.384000 万元（人民币） 七、公告期限 自本公告发布之日起1个工作日。 八、其它补充事宜 本项目采用综合评分法，成交供应商的评审总得分及报价为：广州赛恩科学仪器有限公司，94.67分成交金额：320000元 九、凡对本次公告内容提出询问，请按以下方式联系。 1.采购人信息 名 称：天津大学 地址：天津市南开区卫津路92号 联系方式：巩老师、蔡老师022-27407504（招标办） 2.采购代理机构信息 名 称：上海建科造价咨询有限公司 地 址：天津市河西区大沽南路882号10号楼303 联系方式：常欣宇、刘牧晖、张明明、周子雯、付雅雯、岳韫、范继文 15690906185、15222651888 3.项目联系方式 项目联系人：常欣宇、刘牧晖、张明明、周子雯、付雅雯、岳韫、范继文 电 话： 15690906185、15222651888,教育培训,,中国政府采购网,,,,,,32.0,"[{""序号"": ""1"", ""供应商名称"": ""广州赛恩科学仪器有限公司"", ""货物名称"": ""锁相放大器"", ""货物品牌"": ""赛恩科仪"", ""货物型号"": ""0E2031"", ""货物数量"": ""5"", ""货物单价(元)"": ""64000""}]",张延维、宋立宁、朱晓东（采购人代表）,0.384,广州赛恩科学仪器有限公司,,,,
国家开放大学教育宣传专项语言文化课程视频资源建设服务采购（2026年）成交公告,成交公告,0873-2026FW1L0368,2026年09月03日 11:26,北京市,国家开放大学,北京市海淀区复兴路75号,田老师，010-57519819,北京中教仪国际招标代理有限公司,北京市海淀区文慧园北路10号，北京中教仪国际招标代理有限公司603室,蒋旭、孙亚欣、陈清、卢琛曦、刘湃、杨硕、谢杰、韩寿国、刘欣、李璟琨，010-59893035、59893113,蒋旭、孙亚欣、陈清、卢琛曦、刘,010-59893035、59893113,"0368磋商文件.pdf,0368中小企业声明函.pdf","[{""attach_name"": ""0368磋商文件.pdf"", ""attach_url"": ""https://download.ccgp.gov.cn/oss/download?uuid=DE3656F287914F9064DAC67E659973""}, {""attach_name"": ""0368中小企业声明函.pdf"", ""attach_url"": ""https://download.ccgp.gov.cn/oss/download?uuid=98B30F783E85956B94B702146B2276""}]",https://www.ccgp.gov.cn/cggg/zygg/cjgg/202609/t20260903_27257441.htm,2026-09-10 09:39:46,一、项目编号：0873-2026FW1L0368（招标文件编号：0873-2026FW1L0368） 二、项目名称：国家开放大学教育宣传专项语言文化课程视频资源建设服务采购（2026年） 三、中标（成交）信息 供应商名称：国开贝和教育科技（北京）有限公司供应商地址：北京市海淀区西四环中路45号209室中标（成交）金额：189.0000000（万元）四、主要标的信息 序号    供应商名称      服务名称      服务范围      服务要求      服务时间      服务标准   1    国开贝和教育科技（北京）有限公司      国家开放大学教育宣传专项语言文化课程视频资源建设服务采购（2026年）      详见磋商文件      详见磋商文件      详见磋商文件      详见磋商文件                 五、评审专家（单一来源采购人员）名单： 苏辉辉、王志芳、张桐 六、代理服务收费标准及金额： 本项目代理费收费标准：成交服务费以本项目成交金额作为收费的计算基数，参照《采购代理服务收费管理暂行办法》（计价格〔2002〕1980号）及发改办价格〔2003〕857号计算方法和标准，以服务类标准按成交金额差额定率累进法计算（见“采购代理服务收费标准”）。 本项目代理费总金额：2.212000 万元（人民币） 七、公告期限 自本公告发布之日起1个工作日。 八、其它补充事宜 1.成交供应商请在本公告发出后前往我公司领取成交通知书，并请在合同签订后五个工作日内凭保证金收据或电汇凭证办理退还保证金等事宜。未成交供应商请在本公告发出后前往我公司领取未成交通知书，并请在本公告发出后五个工作日内凭保证金收据或电汇凭证办理退还保证金等事宜。2.收取招标代理服务费的账户信息：收款单位：北京中教仪国际招标代理有限公司开户银行：广发银行北京自贸试验区国际商务服务片区支行银行账号：62325937990091393983.成交供应商总得分：95.07 。 九、凡对本次公告内容提出询问，请按以下方式联系。 1.采购人信息 名 称：国家开放大学 地址：北京市海淀区复兴路75号 联系方式：田老师，010-57519819 2.采购代理机构信息 名 称：北京中教仪国际招标代理有限公司 地 址：北京市海淀区文慧园北路10号，北京中教仪国际招标代理有限公司603室 联系方式：蒋旭、孙亚欣、陈清、卢琛曦、刘湃、杨硕、谢杰、韩寿国、刘欣、李璟琨，010-59893035、59893113 3.项目联系方式 项目联系人：蒋旭、孙亚欣、陈清、卢琛曦、刘湃、杨硕、谢杰、韩寿国、刘欣、李璟琨 电 话： 010-59893035、59893113,教育培训,,中国政府采购网,,,,,,189.0,"[{""序号"": ""1"", ""供应商名称"": ""国开贝和教育科技（北京）有限公司"", ""服务名称"": ""国家开放大学教育宣传专项语言文化课程视频资源建设服务采购（2026年）"", ""服务范围"": ""详见磋商文件"", ""服务要求"": ""详见磋商文件"", ""服务时间"": ""详见磋商文件"", ""服务标准"": ""详见磋商文件""}]",苏辉辉、王志芳、张桐,2.212,国开贝和教育科技（北京）有限公司,,,,
凤台县消防救援大队及下辖消防站食堂食材配送服务项目（一次）成交结果公告,成交公告,2026CGFT0027,2026年09月03日 11:22,凤台县,凤台县消防救援大队,凤台县西十路,陈卓05548996117,安徽聚信工程项目管理有限公司,淮南市山南新区西湖春天7、18、23、34栋商业204,刘月梅15395466009,陈卓,05548996117、15395466009,采购文件.pdf,"[{""attach_name"": ""采购文件.pdf"", ""attach_url"": ""https://download.ccgp.gov.cn/oss/download?uuid=AC24CC09774EB66E165BFF6F1B59EC""}]",https://www.ccgp.gov.cn/cggg/zygg/cjgg/202609/t20260903_27257400.htm,2026-09-10 09:39:46,一、项目编号：2026CGFT0027（招标文件编号：2026QTFT0029） 二、项目名称：凤台县消防救援大队及下辖消防站食堂食材配送服务项目 三、中标（成交）信息 供应商名称：安徽富农供应链管理有限公司供应商地址：安徽省合肥市瑶海区大兴镇裕溪路228号合肥大兴周谷堆农产品物流园1幢145号中标（成交）金额：109.9436800（万元）四、主要标的信息 序号    供应商名称      服务名称      服务范围      服务要求      服务时间      服务标准   1    安徽富农供应链管理有限公司      凤台县消防救援大队及下辖消防站食堂食材配送服务项目      凤台县      为凤台县消防救援大队及下辖消防站食堂提供食材配送服务。      365日      符合国家、省、市发布的相关规范及规定，以及行政主管部门要求                 五、评审专家（单一来源采购人员）名单： 范宏（组长）、章彩红、程赛（采购人代表） 六、代理服务收费标准及金额： 本项目代理费收费标准：详见采购文件“代理服务费”一栏。 本项目代理费总金额：1.570000 万元（人民币） 七、公告期限 自本公告发布之日起1个工作日。 八、其它补充事宜 一、项目编号：2026QTFT0029二、项目名称：凤台县消防救援大队及下辖消防站食堂食材配送服务项目三、成交信息供应商名称：安徽富农供应链管理有限公司供应商地址：安徽省合肥市瑶海区大兴镇裕溪路228号合肥大兴周谷堆农产品物流园1幢145号成交金额：壹佰零玖万玖仟肆佰叁拾陆元捌角整（1099436.8元）成交供应商的评审总得分：82.06分四、主要标的信息 服务类 名称：凤台县消防救援大队及下辖消防站食堂食材配送服务项目 服务范围：淮南市凤台县 服务要求：为凤台县消防救援大队及下辖消防站食堂提供食材配送服务。 服务时间：365日 服务标准：符合国家、省、市发布的相关规范及规定，以及行政主管部门要求。 五、评审专家名单：范宏（组长）、章彩红、程赛（采购人代表）六、代理服务收费标准及金额：1.代理服务收费标准：详见采购文件“代理服务费”一栏。2.金额：15798.00元。七、公告期限自本公告发布之日起1个工作日。八、其他补充事宜采购公告发布日期：2026年8月14日开标（采购）日期：2026年8月27日9点30分采购方式：竞争性磋商若投标供应商对上述结果有异议，可在成交结果公告期限届满之日起7个工作日内以书面形式向采购人或采购代理机构提出质疑。异议（质疑）联系人：陈卓（采购人代表）、刘月梅（代理机构）；异议（质疑）联系方式：05548996117、15395466009。若投标供应商对质疑处理意见有异议，可在规定时间内以书面形式向凤台县政府采购监管部门提出投诉。项目被否决的投标供应商名称、否决依据和原因：妙管家食品集团有限公司，投标有效期不通过，单位初步评审不通过。九、凡对本次公告内容提出询问，请按以下方式联系。1.采购人信息名   称：凤台县消防救援大队（凤台县消防救援局）地   址：凤台县西十路联系方式：055489961172.采购代理机构信息名   称：安徽聚信工程项目管理有限公司地   址：淮南市山南新区西湖春天7、18、23、34栋商业204联系方式：153954660093.项目联系方式项目联系人：陈卓（采购人代表）、刘月梅（代理机构）电   话：05548996117、15395466009 九、凡对本次公告内容提出询问，请按以下方式联系。 1.采购人信息 名 称：凤台县消防救援大队 地址：凤台县西十路 联系方式：陈卓05548996117 2.采购代理机构信息 名 称：安徽聚信工程项目管理有限公司 地 址：淮南市山南新区西湖春天7、18、23、34栋商业204 联系方式：刘月梅15395466009 3.项目联系方式 项目联系人：陈卓 电 话： 05548996117,公共安全,,中国政府采购网,,,,,,109.94368,"[{""序号"": ""1"", ""供应商名称"": ""安徽富农供应链管理有限公司"", ""服务名称"": ""凤台县消防救援大队及下辖消防站食堂食材配送服务项目"", ""服务范围"": ""凤台县"", ""服务要求"": ""为凤台县消防救援大队及下辖消防站食堂提供食材配送服务。"", ""服务时间"": ""365日"", ""服务标准"": ""符合国家、省、市发布的相关规范及规定，以及行政主管部门要求""}]",范宏（组长）、章彩红、程赛（采购人代表）,1.57,安徽富农供应链管理有限公司,,,,
北京市通州区消防救援支队2026年度消防个人防护装备拆改项目成交公告,成交公告,ZYZX-FW-26121,2026年09月03日 11:21,通州区,通州区消防救援支队,北京市通州区潞源街道镜澄街与畅和西路交叉口,张老师，010-52821101,北京中域正信工程咨询有限公司,北京市昌平区碧水庄园A5-5,谢赵颖18501206684,谢赵颖,18501206684,"中小.pdf,北京市通州区消防救援支队2026年度消防个人防护装备拆改项目1.docx","[{""attach_name"": ""中小.pdf"", ""attach_url"": ""https://download.ccgp.gov.cn/oss/download?uuid=6D99526988946C6217CF0DC6A5ACFC""}, {""attach_name"": ""北京市通州区消防救援支队2026年度消防个人防护装备拆改项目1.docx"", ""attach_url"": ""https://download.ccgp.gov.cn/oss/download?uuid=7474A1DA7570DBBFD9B3FDA79C8FC3""}]",https://www.ccgp.gov.cn/cggg/zygg/cjgg/202609/t20260903_27257393.htm,2026-09-10 09:39:47,一、项目编号：ZYZX-FW-26121（招标文件编号：ZYZX-FW-26121） 二、项目名称：北京市通州区消防救援支队2026年度消防个人防护装备拆改项目 三、中标（成交）信息 供应商名称：九江世纪百泰实业有限公司供应商地址：/中标（成交）金额：18.8550000（万元）四、主要标的信息 序号    供应商名称      服务名称      服务范围      服务要求      服务时间      服务标准   1    九江世纪百泰实业有限公司      北京市通州区消防救援支队2026年度消防个人防护装备拆改项目      详见技术需求      详见技术需求      自合同签订之日起1年      详见技术需求                 五、评审专家（单一来源采购人员）名单： 阿拉担巴根、邱学志、王思宇 六、代理服务收费标准及金额： 本项目代理费收费标准：采购代理服务费参照国家计委计价格[2002]1980号文件及国家发改委发改办价格[2003]857号文件规定执行 本项目代理费总金额：0.254500 万元（人民币） 七、公告期限 自本公告发布之日起1个工作日。 八、其它补充事宜 1、本项目成交公告在中国政府采购网发布2、本项目成交供应商为九江世纪百泰实业有限公司，成交金额18.8550万元，综合得分76.67分 九、凡对本次公告内容提出询问，请按以下方式联系。 1.采购人信息 名 称：通州区消防救援支队 地址：北京市通州区潞源街道镜澄街与畅和西路交叉口 联系方式：张老师，010-52821101 2.采购代理机构信息 名 称：北京中域正信工程咨询有限公司 地 址：北京市昌平区碧水庄园A5-5 联系方式：谢赵颖18501206684 3.项目联系方式 项目联系人：谢赵颖 电 话： 18501206684,公共安全,,中国政府采购网,,,,,,18.855,"[{""序号"": ""1"", ""供应商名称"": ""九江世纪百泰实业有限公司"", ""服务名称"": ""北京市通州区消防救援支队2026年度消防个人防护装备拆改项目"", ""服务范围"": ""详见技术需求"", ""服务要求"": ""详见技术需求"", ""服务时间"": ""自合同签订之日起1年"", ""服务标准"": ""详见技术需求""}]",阿拉担巴根、邱学志、王思宇,0.2545,九江世纪百泰实业有限公司,,,,
SPD-06办公用品、办公设备耗材和物业用品采购（第三次采购）成交结果公告,成交公告,0625-26317721,2026年09月03日 11:18,浙江省,SPD-06,浙江省杭州市,吴先生 0571-87287209 采购监督部门电话：0571-87287215,浙江省国际技术设备招标有限公司,杭州市凤起路334号同方财富大厦14层,金俊超、沈佩文 0571-85860267,金俊超、沈佩文,0571-85860267、0571-87287209,"0625-26317721附件（办公用品、办公设备耗材和物业用品采购）.doc,0625-26317721本国产品声明函.pdf,办公用品、办公设备耗材和物业用品采购-发布稿（第三次采购）.pdf","[{""attach_name"": ""0625-26317721附件（办公用品、办公设备耗材和物业用品采购）.doc"", ""attach_url"": ""https://download.ccgp.gov.cn/oss/download?uuid=BE0418512029724667788DF3161811""}, {""attach_name"": ""0625-26317721本国产品声明函.pdf"", ""attach_url"": ""https://download.ccgp.gov.cn/oss/download?uuid=0E9DF2DE08442831101C94DAB5F2DF""}, {""attach_name"": ""办公用品、办公设备耗材和物业用品采购-发布稿（第三次采购）.pdf"", ""attach_url"": ""https://download.ccgp.gov.cn/oss/download?uuid=56285DC387D7C93BA12FC9813AC730""}]",https://www.ccgp.gov.cn/cggg/zygg/cjgg/202609/t20260903_27257372.htm,2026-09-10 09:39:48,一、项目编号：0625-26317721（招标文件编号：0625-26317721） 二、项目名称：SPD-06办公用品、办公设备耗材和物业用品采购 三、中标（成交）信息 供应商名称：浙江民盛体育文化用品有限公司供应商地址：浙江省杭州市上城区南星街道复兴路561号包组或产品名称：无费率(%)：90.0000000四、主要标的信息 序号    供应商名称      货物名称      货物品牌      货物型号      货物数量      货物单价(元)   1    浙江民盛体育文化用品有限公司      办公用品、办公设备耗材和物业用品      详见附件      详见附件      1项      详见附件                 五、评审专家（单一来源采购人员）名单： 顾萌、施静、范吾行（采购人代表） 六、代理服务收费标准及金额： 本项目代理费收费标准：本项目代理服务费以承接金额为计算基础，按以下收费标准计取，由中标人支付：100万元及以下部分，费率0.75%。 本项目代理费总金额：0.225000 万元（人民币） 七、公告期限 自本公告发布之日起1个工作日。 八、其它补充事宜 （1）供应商对采购过程和采购结果的质疑应以书面形式一次性提出。（2）成交供应商浙江民盛体育文化用品有限公司的评审总得分：98.33分。其他供应商评审总得分如下：杭州余杭区仓前街道企通贸易商行的评审总得分：97.00分；杭州科兴文教用品有限公司的评审总得分：74.88分。 九、凡对本次公告内容提出询问，请按以下方式联系。 1.采购人信息 名 称：SPD-06 地址：浙江省杭州市 联系方式：吴先生 0571-87287209 采购监督部门电话：0571-87287215 2.采购代理机构信息 名 称：浙江省国际技术设备招标有限公司 地 址：杭州市凤起路334号同方财富大厦14层 联系方式：金俊超、沈佩文 0571-85860267 3.项目联系方式 项目联系人：金俊超、沈佩文（代理机构）、吴先生（采购人）、郑先生（采购监督人） 电 话： 0571-85860267、0571-87287209,服务外包,,中国政府采购网,,,,,,0.0,"[{""序号"": ""1"", ""供应商名称"": ""浙江民盛体育文化用品有限公司"", ""货物名称"": ""办公用品、办公设备耗材和物业用品"", ""货物品牌"": ""详见附件"", ""货物型号"": ""详见附件"", ""货物数量"": ""1项"", ""货物单价(元)"": ""详见附件""}]",顾萌、施静、范吾行（采购人代表）,0.225,浙江民盛体育文化用品有限公司,,,,
国家税务总局紫金县税务局综合业务办公用房维修改造项目成交公告,成交公告,0877-26GZTP5ZC0533,2026年09月03日 11:18,广东省,国家税务总局紫金县税务局,河源市紫金县城安良大道,刘女士0762-7821815,广东广招国际招标有限公司,广州市东风东路745号东山紫园商务大厦2003单元,020-38931905、38931906、37816286转801（总机）,胡工、张工,020-38931901、38931902、38931903转837,中小企业声明函.pdf,"[{""attach_name"": ""中小企业声明函.pdf"", ""attach_url"": ""https://download.ccgp.gov.cn/oss/download?uuid=37363A485ABB9115A09780C7F4E6C5""}]",https://www.ccgp.gov.cn/cggg/zygg/cjgg/202609/t20260903_27257370.htm,2026-09-10 09:39:49,一、项目编号：0877-26GZTP5ZC0533（招标文件编号：0877-26GZTP5ZC0533） 二、项目名称：国家税务总局紫金县税务局综合业务办公用房维修改造项目 三、中标（成交）信息 供应商名称：广东泰山建设有限公司供应商地址：广州市番禺区石碁镇市莲路石碁村段80号8栋1305室包组或产品名称：国家税务总局紫金县税务局综合业务办公用房维修改造项目折扣率(%)：96.2000000四、主要标的信息 序号    供应商名称      工程名称      施工范围      施工工期      项目经理      执业证书   1    广东泰山建设有限公司      国家税务总局紫金县税务局综合业务办公用房维修改造项目      符合采购文件要求      项目工期为开工令发出之日起180日历天      关健佳      粤2442023202319673                 五、评审专家（单一来源采购人员）名单： 伍良华（组长）、钟劼、刘丽容（采购人代表） 六、代理服务收费标准及金额： 本项目代理费收费标准：按照采购代理委托协议相关规定执行 本项目代理费总金额：1.987100 万元（人民币） 七、公告期限 自本公告发布之日起1个工作日。 八、其它补充事宜 评审结果如下： 供应商 资格性审查 符合性审查 商务 得分 技术（服务） 得分 价格 得分 综合 得分 得分排名 推荐排名 广东泰山建设有限公司 通过 通过 50.00 31.00 9.96 90.96 1 1 广东中钦建设集团有限公司 通过 通过 50.00 27.00 9.93 86.93 2 2 广东润筑建设工程有限公司 通过 通过 22.00 21.00 10.00 53.00 3 3 广东汇翔建设工程有限公司 通过 通过 19.00 23.00 9.86 51.86 4 / 九、凡对本次公告内容提出询问，请按以下方式联系。 1.采购人信息 名 称：国家税务总局紫金县税务局 地址：河源市紫金县城安良大道 联系方式：刘女士0762-7821815 2.采购代理机构信息 名 称：广东广招国际招标有限公司 地 址：广州市东风东路745号东山紫园商务大厦2003单元 联系方式：020-38931905、38931906、37816286转801（总机） 3.项目联系方式 项目联系人：胡工、张工（电话无人接听请发邮件huyerong@gztpc.com咨询，我司会及时回复） 电 话： 020-38931901、38931902、38931903转837或836,工程建设,,中国政府采购网,,,,,,0.0,"[{""序号"": ""1"", ""供应商名称"": ""广东泰山建设有限公司"", ""工程名称"": ""国家税务总局紫金县税务局综合业务办公用房维修改造项目"", ""施工范围"": ""符合采购文件要求"", ""施工工期"": ""项目工期为开工令发出之日起180日历天"", ""项目经理"": ""关健佳"", ""执业证书"": ""粤2442023202319673""}, {""供应商"": ""广东泰山建设有限公司"", ""资格性审查"": ""通过"", ""符合性审查"": ""通过"", ""商务\t\t\t得分"": ""50.00"", ""技术（服务）\t\t\t得分"": ""31.00"", ""价格\t\t\t得分"": ""9.96"", ""综合\t\t\t得分"": ""90.96"", ""得分排名"": ""1"", ""推荐排名"": ""1""}, {""供应商"": ""广东中钦建设集团有限公司"", ""资格性审查"": ""通过"", ""符合性审查"": ""通过"", ""商务\t\t\t得分"": ""50.00"", ""技术（服务）\t\t\t得分"": ""27.00"", ""价格\t\t\t得分"": ""9.93"", ""综合\t\t\t得分"": ""86.93"", ""得分排名"": ""2"", ""推荐排名"": ""2""}, {""供应商"": ""广东润筑建设工程有限公司"", ""资格性审查"": ""通过"", ""符合性审查"": ""通过"", ""商务\t\t\t得分"": ""22.00"", ""技术（服务）\t\t\t得分"": ""21.00"", ""价格\t\t\t得分"": ""10.00"", ""综合\t\t\t得分"": ""53.00"", ""得分排名"": ""3"", ""推荐排名"": ""3""}, {""供应商"": ""广东汇翔建设工程有限公司"", ""资格性审查"": ""通过"", ""符合性审查"": ""通过"", ""商务\t\t\t得分"": ""19.00"", ""技术（服务）\t\t\t得分"": ""23.00"", ""价格\t\t\t得分"": ""9.86"", ""综合\t\t\t得分"": ""51.86"", ""得分排名"": ""4"", ""推荐排名"": ""/""}]",伍良华（组长）、钟劼、刘丽容（采购人代表）,1.9871,广东泰山建设有限公司、广东中钦建设集团有限公司、广东润筑建设工程有限公司、广东汇翔建设工程有限公司,,,,
晋城市消防救援支队2025年度灭火救援车辆采购项目（第二批次）成交公告,成交公告,JCXFZD2026002H,2026年09月03日 11:00,市辖区,晋城市消防救援支队,晋城市城区迎宾街411号？,晋城市消防救援支队 0356-2305014,晋城市公共资源交易中心,晋城市文博路366号（市政务服务中心东区483室）,杨逮宁 0356-2218438？,晋城市消防救援支队,0356-2305014,"9.1结果情况.doc,中小企业声明函3.pdf,1-招标文件.doc,本国产品2.pdf,本国产品3.pdf,本国产品4.pdf,中小企业声明函1.pdf,中小企业声明函2.pdf,本国产品1.pdf,中小企业声明函4.pdf","[{""attach_name"": ""9.1结果情况.doc"", ""attach_url"": ""https://download.ccgp.gov.cn/oss/download?uuid=803DDDB515AE58DE9713DABBB07A66""}, {""attach_name"": ""中小企业声明函3.pdf"", ""attach_url"": ""https://download.ccgp.gov.cn/oss/download?uuid=EB05D2BE590FC7F3D8644452C41FAF""}, {""attach_name"": ""1-招标文件.doc"", ""attach_url"": ""https://download.ccgp.gov.cn/oss/download?uuid=073695A74A3EF455FB8873C7FB5C42""}, {""attach_name"": ""本国产品2.pdf"", ""attach_url"": ""https://download.ccgp.gov.cn/oss/download?uuid=0125B1D0062CE1D0C5B0F76262436D""}, {""attach_name"": ""本国产品3.pdf"", ""attach_url"": ""https://download.ccgp.gov.cn/oss/download?uuid=C6569114C9FA2FCB58C8068FEE93C3""}, {""attach_name"": ""本国产品4.pdf"", ""attach_url"": ""https://download.ccgp.gov.cn/oss/download?uuid=B0198E22157D4C8E504BCAAE8C0872""}, {""attach_name"": ""中小企业声明函1.pdf"", ""attach_url"": ""https://download.ccgp.gov.cn/oss/download?uuid=B7A3018FB48A860365E6F017DEEFCD""}, {""attach_name"": ""中小企业声明函2.pdf"", ""attach_url"": ""https://download.ccgp.gov.cn/oss/download?uuid=E47C89B2026206EEF1EB937C5D11CB""}, {""attach_name"": ""本国产品1.pdf"", ""attach_url"": ""https://download.ccgp.gov.cn/oss/download?uuid=5317D1DD733A8DC8DBB94A06489987""}, {""attach_name"": ""中小企业声明函4.pdf"", ""attach_url"": ""https://download.ccgp.gov.cn/oss/download?uuid=668F66FEAC81E2766C70EDB7E761C9""}]",https://www.ccgp.gov.cn/cggg/zygg/cjgg/202609/t20260903_27257160.htm,2026-09-10 09:39:49,一、项目编号：JCXFZD2026002H（招标文件编号：JCXFZD2026002H） 二、项目名称：晋城市消防救援支队2025年度灭火救援车辆采购项目（第二批次） 三、中标（成交）信息 供应商名称：废包供应商地址：无中标（成交）金额：0.0000000（万元） 供应商名称：上海格拉曼国际消防装备有限公司供应商地址：上海市松江区申港路3332号中标（成交）金额：995.0000000（万元） 供应商名称：明光浩淼安防科技股份公司供应商地址：安徽省明光市体育路151号中标（成交）金额：365.0000000（万元） 供应商名称：江苏振翔车辆装备股份有限公司供应商地址：苏州市高新区浒关镇永安路28号中标（成交）金额：142.0000000（万元） 供应商名称：废包供应商地址：无中标（成交）金额：0.0000000（万元） 供应商名称：江苏振翔车辆装备股份有限公司供应商地址：苏州市高新区浒关镇永安路28号中标（成交）金额：120.0000000（万元）四、主要标的信息 序号    供应商名称      货物名称      货物品牌      货物型号      货物数量      货物单价(元)   1    废包      包1：废包      无      无      无      无                 序号    供应商名称      货物名称      货物品牌      货物型号      货物数量      货物单价(元)   2    上海格拉曼国际消防装备有限公司      包2：压缩空气泡沫消防车B      上格      SGX5190GXFAP40（最终型号以国家消防装备质量检验检测中心型号为准）      5辆      1990000.00元                 序号    供应商名称      货物名称      货物品牌      货物型号      货物数量      货物单价(元)   3    明光浩淼安防科技股份公司      包3：排烟消防车      光通牌      MX5280TXFPY225      1辆      3650000.00元                 序号    供应商名称      货物名称      货物品牌      货物型号      货物数量      货物单价(元)   4    江苏振翔车辆装备股份有限公司      包4：供气消防车      振翔股份牌      ZXT5150TXFGQ90/F6      1辆      1420000.00元                 序号    供应商名称      货物名称      货物品牌      货物型号      货物数量      货物单价(元)   5    废包      包5：废包      无      无      无      无                 序号    供应商名称      货物名称      货物品牌      货物型号      货物数量      货物单价(元)   6    江苏振翔车辆装备股份有限公司      包6：被服洗涤车      振翔股份牌      ZXT5150XBXF6      1辆      1200000.00元                 五、评审专家（单一来源采购人员）名单： 杨帅（第1、2、3、4、5、6包采购人代表），李有兵，崔卫，范英，张培华，宋桂华，郭洪斌（第1、2、3、4、5、6包采购人代表）？ 六、代理服务收费标准及金额： 本项目代理费收费标准：无 本项目代理费总金额：0.000000 万元（人民币） 七、公告期限 自本公告发布之日起1个工作日。 八、其它补充事宜 九、凡对本次公告内容提出询问，请按以下方式联系。 1.采购人信息 名 称：晋城市消防救援支队 地址：晋城市城区迎宾街411号？ 联系方式：晋城市消防救援支队 0356-2305014 2.采购代理机构信息 名 称：晋城市公共资源交易中心 地 址：晋城市文博路366号（市政务服务中心东区483室） 联系方式：杨逮宁 0356-2218438？ 3.项目联系方式 项目联系人：晋城市消防救援支队 电 话： 0356-2305014,公共安全,,中国政府采购网,,,,,,1622.0,"[{""序号"": ""1"", ""供应商名称"": ""废包"", ""货物名称"": ""包1：废包"", ""货物品牌"": ""无"", ""货物型号"": ""无"", ""货物数量"": ""无"", ""货物单价(元)"": ""无""}, {""序号"": ""序号"", ""供应商名称"": ""供应商名称"", ""货物名称"": ""货物名称"", ""货物品牌"": ""货物品牌"", ""货物型号"": ""货物型号"", ""货物数量"": ""货物数量"", ""货物单价(元)"": ""货物单价(元)""}, {""序号"": ""2"", ""供应商名称"": ""上海格拉曼国际消防装备有限公司"", ""货物名称"": ""包2：压缩空气泡沫消防车B"", ""货物品牌"": ""上格"", ""货物型号"": ""SGX5190GXFAP40（最终型号以国家消防装备质量检验检测中心型号为准）"", ""货物数量"": ""5辆"", ""货物单价(元)"": ""1990000.00元""}, {""序号"": ""序号"", ""供应商名称"": ""供应商名称"", ""货物名称"": ""货物名称"", ""货物品牌"": ""货物品牌"", ""货物型号"": ""货物型号"", ""货物数量"": ""货物数量"", ""货物单价(元)"": ""货物单价(元)""}, {""序号"": ""3"", ""供应商名称"": ""明光浩淼安防科技股份公司"", ""货物名称"": ""包3：排烟消防车"", ""货物品牌"": ""光通牌"", ""货物型号"": ""MX5280TXFPY225"", ""货物数量"": ""1辆"", ""货物单价(元)"": ""3650000.00元""}, {""序号"": ""序号"", ""供应商名称"": ""供应商名称"", ""货物名称"": ""货物名称"", ""货物品牌"": ""货物品牌"", ""货物型号"": ""货物型号"", ""货物数量"": ""货物数量"", ""货物单价(元)"": ""货物单价(元)""}, {""序号"": ""4"", ""供应商名称"": ""江苏振翔车辆装备股份有限公司"", ""货物名称"": ""包4：供气消防车"", ""货物品牌"": ""振翔股份牌"", ""货物型号"": ""ZXT5150TXFGQ90/F6"", ""货物数量"": ""1辆"", ""货物单价(元)"": ""1420000.00元""}, {""序号"": ""序号"", ""供应商名称"": ""供应商名称"", ""货物名称"": ""货物名称"", ""货物品牌"": ""货物品牌"", ""货物型号"": ""货物型号"", ""货物数量"": ""货物数量"", ""货物单价(元)"": ""货物单价(元)""}, {""序号"": ""5"", ""供应商名称"": ""废包"", ""货物名称"": ""包5：废包"", ""货物品牌"": ""无"", ""货物型号"": ""无"", ""货物数量"": ""无"", ""货物单价(元)"": ""无""}, {""序号"": ""序号"", ""供应商名称"": ""供应商名称"", ""货物名称"": ""货物名称"", ""货物品牌"": ""货物品牌"", ""货物型号"": ""货物型号"", ""货物数量"": ""货物数量"", ""货物单价(元)"": ""货物单价(元)""}, {""序号"": ""6"", ""供应商名称"": ""江苏振翔车辆装备股份有限公司"", ""货物名称"": ""包6：被服洗涤车"", ""货物品牌"": ""振翔股份牌"", ""货物型号"": ""ZXT5150XBXF6"", ""货物数量"": ""1辆"", ""货物单价(元)"": ""1200000.00元""}]",杨帅（第1、2、3、4、5、6包采购人代表），李有兵，崔卫，范英，张培华，宋桂华，郭洪斌（第1、2、3、4、5、6包采购人代表）？,0.0,废包、供应商名称、上海格拉曼国际消防装备有限公司、明光浩淼安防科技股份公司、江苏振翔车辆装备股份有限公司,,,,
聊热入济长距离供热北线工程穿黄隧道防洪影响补救措施沉降监测测绘服务（2026年度）成交公告,成交公告,SDLXD2026-71,2026年09月03日 10:54,山东省,山东黄河水利工程质量检测中心,山东省济南市历下区青后小区四区1号,张玲霞 0531-86987649,山东龙信达咨询监理有限公司,济南市历下区运署街16号,孙超0531-86987627,路新,0531-86987639,,,https://www.ccgp.gov.cn/cggg/zygg/cjgg/202609/t20260903_27257095.htm,2026-09-10 09:39:50,一、项目编号：SDLXD2026-71（招标文件编号：SDLXD2026-71） 二、项目名称：聊热入济长距离供热北线工程穿黄隧道防洪影响补救措施沉降监测测绘服务（2026年度） 三、中标（成交）信息 供应商名称：山东黄河勘测设计研究院有限公司供应商地址：山东省济南市历下区东关大街111号中标（成交）金额：189.7000000（万元）四、主要标的信息 序号    供应商名称    服务名称    服务范围    服务要求    服务时间    服务标准 1    山东黄河勘测设计研究院有限公司    聊热入济长距离供热北线工程穿黄隧道防洪影响补救措施沉降监测测绘服务（2026年度）    详见磋商文件    详见磋商文件    自合同签订之日起 2026 年 12 月 31 日前完成合同规定的全部工作内容。    合格               五、评审专家（单一来源采购人员）名单： 田亮、高继雷、李强 六、代理服务收费标准及金额： 本项目代理费收费标准：参照发改价格[2002]1980号文、发改办价格【2003】857号文收取 本项目代理费总金额：2.217600 万元（人民币） 七、公告期限 自本公告发布之日起1个工作日。 八、其它补充事宜 无。 九、凡对本次公告内容提出询问，请按以下方式联系。 1.采购人信息 名 称：山东黄河水利工程质量检测中心 地址：山东省济南市历下区青后小区四区1号 联系方式：张玲霞 0531-86987649 2.采购代理机构信息 名 称：山东龙信达咨询监理有限公司 地 址：济南市历下区运署街16号 联系方式：孙超0531-86987627 3.项目联系方式 项目联系人：路新 电 话： 0531-86987639,工程建设,,中国政府采购网,,,,,,189.7,"[{""序号"": ""1"", ""供应商名称"": ""山东黄河勘测设计研究院有限公司"", ""服务名称"": ""聊热入济长距离供热北线工程穿黄隧道防洪影响补救措施沉降监测测绘服务（2026年度）"", ""服务范围"": ""详见磋商文件"", ""服务要求"": ""详见磋商文件"", ""服务时间"": ""自合同签订之日起 2026 年 12 月 31 日前完成合同规定的全部工作内容。"", ""服务标准"": ""合格""}]",田亮、高继雷、李强,2.2176,山东黄河勘测设计研究院有限公司,,,,
金堂县消防救援大队2026年-2028年办公耗材及设备维修维护服务采购项目成交公告,成交公告,SCTFD-,2026年09月03日 10:38,金堂县,金堂县消防救援大队,四川省成都市金堂县成金大道1699号,杨老师.028-84938119,四川鑫同方招投标咨询有限公司,成都市高新区锦晖西一街99号荣盛.布鲁明顿广场B座1501室,王老师.028-62079118,王女士,028-62079118,"办公耗材.pdf,金堂县消防救援大队2026年-2028年办公耗材及设备维修维护服务采购项目（定稿).docx","[{""attach_name"": ""办公耗材.pdf"", ""attach_url"": ""https://download.ccgp.gov.cn/oss/download?uuid=43BAC73E0BDAA092096021B64B88EE""}, {""attach_name"": ""金堂县消防救援大队2026年-2028年办公耗材及设备维修维护服务采购项目（定稿).docx"", ""attach_url"": ""https://download.ccgp.gov.cn/oss/download?uuid=8F18A55F6D40F765D930CCDFC6DB7D""}]",https://www.ccgp.gov.cn/cggg/zygg/cjgg/202609/t20260903_27256921.htm,2026-09-10 09:39:51,一、项目编号：SCTFD-采-26ZC069（招标文件编号：SCTFD-采-26ZC069） 二、项目名称：金堂县消防救援大队2026年-2028年办公耗材及设备维修维护服务采购项目 三、中标（成交）信息 供应商名称：金堂县弘扬办公设备经营部供应商地址：金堂县赵镇沱源大道88号包组或产品名称：/下浮率(%)：8.0000000四、主要标的信息 序号    供应商名称      服务名称      服务范围      服务要求      服务时间      服务标准   1    金堂县弘扬办公设备经营部      金堂县消防救援大队2026年-2028年办公耗材及设备维修维护服务采购项目      金堂县消防救援大队      满足采购文件服务要求      三年，合同一年一签。      满足采购文件服务标准                 五、评审专家（单一来源采购人员）名单： 王光玉（采购人）/钟利凯/李俊江 六、代理服务收费标准及金额： 本项目代理费收费标准：根据成本加合理利润的原则，定额向供应商收取招标代理服务费6000.00元人民币。 本项目代理费总金额：0.600000 万元（人民币） 七、公告期限 自本公告发布之日起1个工作日。 八、其它补充事宜 本项目预算19万元/年，服务期三年，合同一年一签。 九、凡对本次公告内容提出询问，请按以下方式联系。 1.采购人信息 名 称：金堂县消防救援大队 地址：四川省成都市金堂县成金大道1699号 联系方式：杨老师.028-84938119 2.采购代理机构信息 名 称：四川鑫同方招投标咨询有限公司 地 址：成都市高新区锦晖西一街99号荣盛.布鲁明顿广场B座1501室 联系方式：王老师.028-62079118 3.项目联系方式 项目联系人：王女士 电 话： 028-62079118,公共安全,,中国政府采购网,,,,,,0.0,"[{""序号"": ""1"", ""供应商名称"": ""金堂县弘扬办公设备经营部"", ""服务名称"": ""金堂县消防救援大队2026年-2028年办公耗材及设备维修维护服务采购项目"", ""服务范围"": ""金堂县消防救援大队"", ""服务要求"": ""满足采购文件服务要求"", ""服务时间"": ""三年，合同一年一签。"", ""服务标准"": ""满足采购文件服务标准""}]",王光玉（采购人）/钟利凯/李俊江,0.6,金堂县弘扬办公设备经营部,,,,
金堂县消防救援大队2026年-2028年广告及印刷定点服务采购项目成交公告,成交公告,SCTFD-,2026年09月03日 10:38,金堂县,金堂县消防救援大队,四川省成都市金堂县成金大道1699号,杨老师.028-84938119,四川鑫同方招投标咨询有限公司,成都市高新区锦晖西一街99号荣盛.布鲁明顿广场B座1501室,王老师.028-62079118,王女士,028-62079118,"广告.pdf,金堂县消防救援大队2026年-2028年广告及印刷定点服务采购项目（定稿).docx","[{""attach_name"": ""广告.pdf"", ""attach_url"": ""https://download.ccgp.gov.cn/oss/download?uuid=4C735387C50ECD7A826AFDF2791E70""}, {""attach_name"": ""金堂县消防救援大队2026年-2028年广告及印刷定点服务采购项目（定稿).docx"", ""attach_url"": ""https://download.ccgp.gov.cn/oss/download?uuid=E257A40C92CE4B2D6D4C21AB99A908""}]",https://www.ccgp.gov.cn/cggg/zygg/cjgg/202609/t20260903_27256916.htm,2026-09-10 09:39:51,一、项目编号：SCTFD-采-26ZC070（招标文件编号：SCTFD-采-26ZC070） 二、项目名称：金堂县消防救援大队2026年-2028年广告及印刷定点服务采购项目 三、中标（成交）信息 供应商名称：成都市春桂广告有限公司供应商地址：四川省成都市金堂县赵镇万方街154号1楼154号包组或产品名称：/下浮率(%)：26.0000000四、主要标的信息 序号    供应商名称      服务名称      服务范围      服务要求      服务时间      服务标准   1    成都市春桂广告有限公司      金堂县消防救援大队2026年-2028年广告及印刷定点服务采购项目      详见采购文件采购需求      满足采购文件服务要求      服务期三年，合同一年一签      满足采购文件服务标准                 五、评审专家（单一来源采购人员）名单： 王光玉（采购人）/赵苑町/卿春 六、代理服务收费标准及金额： 本项目代理费收费标准：收费标准和按照《四川省政府采购营商环境指标提升专项行动工作方案》（川财采[2020]74号）中“成本+合理利润”原则进行收取。代理服务费由成交供应商向采购代理机构支付，代理服务费6000元。 本项目代理费总金额：0.600000 万元（人民币） 七、公告期限 自本公告发布之日起1个工作日。 八、其它补充事宜 本项目预算19万元/年，服务期三年，合同一年一签。 九、凡对本次公告内容提出询问，请按以下方式联系。 1.采购人信息 名 称：金堂县消防救援大队 地址：四川省成都市金堂县成金大道1699号 联系方式：杨老师.028-84938119 2.采购代理机构信息 名 称：四川鑫同方招投标咨询有限公司 地 址：成都市高新区锦晖西一街99号荣盛.布鲁明顿广场B座1501室 联系方式：王老师.028-62079118 3.项目联系方式 项目联系人：王女士 电 话： 028-62079118,公共安全,,中国政府采购网,,,,,,0.0,"[{""序号"": ""1"", ""供应商名称"": ""成都市春桂广告有限公司"", ""服务名称"": ""金堂县消防救援大队2026年-2028年广告及印刷定点服务采购项目"", ""服务范围"": ""详见采购文件采购需求"", ""服务要求"": ""满足采购文件服务要求"", ""服务时间"": ""服务期三年，合同一年一签"", ""服务标准"": ""满足采购文件服务标准""}]",王光玉（采购人）/赵苑町/卿春,0.6,成都市春桂广告有限公司,,,,
中国盲文出版社2026-2027年度职工食堂餐饮服务成交公告,成交公告,TC2608099,2026年09月03日 10:36,北京市,中国盲文出版社,北京市丰台区城内街39号,倪老师；010-83190006,中招国际招标有限公司,北京市海淀区学院南路62号中关村资本大厦6层611A室,曲志鸣、秦璐璐、马翔宇、丁建、郑碧云、林彧杰、王丽莉、师杉；010-62108149、62108152,曲志鸣、秦璐璐、马翔宇、丁建,010-62108149、62108152,"采购文件-TC2608099.pdf,中小企业声明函-TC2608099.pdf","[{""attach_name"": ""采购文件-TC2608099.pdf"", ""attach_url"": ""https://download.ccgp.gov.cn/oss/download?uuid=505FB65CF4C45A0AD9743C13CF76B2""}, {""attach_name"": ""中小企业声明函-TC2608099.pdf"", ""attach_url"": ""https://download.ccgp.gov.cn/oss/download?uuid=3A65C55B849C2B66E66FF7ACF5CDA7""}]",https://www.ccgp.gov.cn/cggg/zygg/cjgg/202609/t20260903_27256890.htm,2026-09-10 09:39:52,一、项目编号：TC2608099（招标文件编号：TC2608099） 二、项目名称：中国盲文出版社2026-2027年度职工食堂餐饮服务 三、中标（成交）信息 供应商名称：北京昭明一粟餐饮管理有限公司供应商地址：北京市东城区中鲜鱼巷10号105室中标（成交）金额：88.8000000（万元）四、主要标的信息 序号    供应商名称      服务名称      服务范围      服务要求      服务时间      服务标准   1    北京昭明一粟餐饮管理有限公司      中国盲文出版社2026-2027年度职工食堂餐饮服务      为中国盲文出版社职工提供12个月的食堂餐饮服务。      满足采购要求。      自合同签订之日起1年。      满足采购要求。                 五、评审专家（单一来源采购人员）名单： 张殿节、王东雁、李海涛 六、代理服务收费标准及金额： 本项目代理费收费标准：详见采购文件。 本项目代理费总金额：1.332000 万元（人民币） 七、公告期限 自本公告发布之日起1个工作日。 八、其它补充事宜 成交供应商综合得分：86.64分 九、凡对本次公告内容提出询问，请按以下方式联系。 1.采购人信息 名 称：中国盲文出版社 地址：北京市丰台区城内街39号 联系方式：倪老师；010-83190006 2.采购代理机构信息 名 称：中招国际招标有限公司 地 址：北京市海淀区学院南路62号中关村资本大厦6层611A室 联系方式：曲志鸣、秦璐璐、马翔宇、丁建、郑碧云、林彧杰、王丽莉、师杉；010-62108149、62108152 3.项目联系方式 项目联系人：曲志鸣、秦璐璐、马翔宇、丁建、郑碧云、林彧杰、王丽莉、师杉 电 话： 010-62108149、62108152,服务外包,,中国政府采购网,,,,,,88.8,"[{""序号"": ""1"", ""供应商名称"": ""北京昭明一粟餐饮管理有限公司"", ""服务名称"": ""中国盲文出版社2026-2027年度职工食堂餐饮服务"", ""服务范围"": ""为中国盲文出版社职工提供12个月的食堂餐饮服务。"", ""服务要求"": ""满足采购要求。"", ""服务时间"": ""自合同签订之日起1年。"", ""服务标准"": ""满足采购要求。""}]",张殿节、王东雁、李海涛,1.332,北京昭明一粟餐饮管理有限公司,,,,
中国延安干部学院校园网络设备维保项目成交公告,成交公告,SZ1267-GP-GC-146F,2026年09月03日 10:23,延安市,中国延安干部学院,陕西省延安市宝塔区枣园路,李老师 0911-2196157,陕西省招标有限责任公司,陕西省西安市和平路108号佳腾大厦十层招标一部,李楚瑶 孙东 朱颖华 张怡  029-87521312,李楚瑶,029-87521312,"中小企业声明函(1).pdf,延安干部学院校园网络维保8.20竞争性磋商文件定稿.doc","[{""attach_name"": ""中小企业声明函(1).pdf"", ""attach_url"": ""https://download.ccgp.gov.cn/oss/download?uuid=3B3B42A49265C74BA805336608A789""}, {""attach_name"": ""延安干部学院校园网络维保8.20竞争性磋商文件定稿.doc"", ""attach_url"": ""https://download.ccgp.gov.cn/oss/download?uuid=F2DB745912CCB405150FA27E5D2211""}]",https://www.ccgp.gov.cn/cggg/zygg/cjgg/202609/t20260903_27256757.htm,2026-09-10 09:39:53,一、项目编号：SZ1267-GP-GC-146F（招标文件编号：SZ1267-GP-GC-146F） 二、项目名称：中国延安干部学院校园网络设备维保项目 三、中标（成交）信息 供应商名称：西安小果网络科技有限公司供应商地址：西安市雁塔区漳浒寨街道高新路6号高新银座1幢1单元25层12503号中标（成交）金额：26.4500000（万元）四、主要标的信息 序号    供应商名称      服务名称      服务范围      服务要求      服务时间      服务标准   1    西安小果网络科技有限公司      中国延安干部学院校园网络设备维保项目      响应竞争性磋商文件要求      响应竞争性磋商文件要求      响应竞争性磋商文件要求      响应竞争性磋商文件要求                 五、评审专家（单一来源采购人员）名单： 常莉娟、王锦、钱竹 六、代理服务收费标准及金额： 本项目代理费收费标准：参照《国家计委关于印发<招标代理服务收费管理暂行办法>的通知》（计价格[2002]1980号）规定标准，由成交供应商向采购代理机构一次性支付 本项目代理费总金额：0.396800 万元（人民币） 七、公告期限 自本公告发布之日起1个工作日。 八、其它补充事宜 西安小果网络科技有限公司  得分：89.67分 九、凡对本次公告内容提出询问，请按以下方式联系。 1.采购人信息 名 称：中国延安干部学院 地址：陕西省延安市宝塔区枣园路 联系方式：李老师 0911-2196157 2.采购代理机构信息 名 称：陕西省招标有限责任公司 地 址：陕西省西安市和平路108号佳腾大厦十层招标一部 联系方式：李楚瑶 孙东 朱颖华 张怡 029-87521312 3.项目联系方式 项目联系人：李楚瑶 孙东 朱颖华 张怡 电 话： 029-87521312,教育培训,,中国政府采购网,,,,,,26.45,"[{""序号"": ""1"", ""供应商名称"": ""西安小果网络科技有限公司"", ""服务名称"": ""中国延安干部学院校园网络设备维保项目"", ""服务范围"": ""响应竞争性磋商文件要求"", ""服务要求"": ""响应竞争性磋商文件要求"", ""服务时间"": ""响应竞争性磋商文件要求"", ""服务标准"": ""响应竞争性磋商文件要求""}]",常莉娟、王锦、钱竹,0.3968,西安小果网络科技有限公司,,,,
中国延安干部学院网络安全设备维保项目成交公告,成交公告,SZ1267-GP-GC-143F,2026年09月03日 10:23,延安市,中国延安干部学院,陕西省延安市宝塔区枣园路,李老师 0911-2196157,陕西省招标有限责任公司,陕西省西安市和平路108号佳腾大厦十层招标一部,李楚瑶 孙东 朱颖华 张怡  029-87521312,李楚瑶,029-87521312,"中小企业声明函(1).pdf,延安干部学院网络安全设备8.20竞争性磋商文件定稿.doc","[{""attach_name"": ""中小企业声明函(1).pdf"", ""attach_url"": ""https://download.ccgp.gov.cn/oss/download?uuid=33A2F574282DA90DE44C4D2366492F""}, {""attach_name"": ""延安干部学院网络安全设备8.20竞争性磋商文件定稿.doc"", ""attach_url"": ""https://download.ccgp.gov.cn/oss/download?uuid=67061804B12FB6CDEDD2EA4F6D99BD""}]",https://www.ccgp.gov.cn/cggg/zygg/cjgg/202609/t20260903_27256759.htm,2026-09-10 09:39:53,一、项目编号：SZ1267-GP-GC-143F（招标文件编号：SZ1267-GP-GC-143F） 二、项目名称：中国延安干部学院网络安全设备维保项目 三、中标（成交）信息 供应商名称：西安汇智辰鑫信息技术有限公司供应商地址：陕西省西安市新城区通济中坊1号302室中标（成交）金额：11.4500000（万元）四、主要标的信息 序号    供应商名称      服务名称      服务范围      服务要求      服务时间      服务标准   1    西安汇智辰鑫信息技术有限公司      中国延安干部学院网络安全设备维保项目      响应竞争性磋商文件要求      响应竞争性磋商文件要求      响应竞争性磋商文件要求      响应竞争性磋商文件要求                 五、评审专家（单一来源采购人员）名单： 王赏玉、刘小龙、钱竹 六、代理服务收费标准及金额： 本项目代理费收费标准：参照《国家计委关于印发<招标代理服务收费管理暂行办法>的通知》（计价格[2002]1980号）规定标准，由成交供应商向采购代理机构一次性支付 本项目代理费总金额：0.171800 万元（人民币） 七、公告期限 自本公告发布之日起1个工作日。 八、其它补充事宜  西安汇智辰鑫信息技术有限公司 得分：80.19分 九、凡对本次公告内容提出询问，请按以下方式联系。 1.采购人信息 名 称：中国延安干部学院 地址：陕西省延安市宝塔区枣园路 联系方式：李老师 0911-2196157 2.采购代理机构信息 名 称：陕西省招标有限责任公司 地 址：陕西省西安市和平路108号佳腾大厦十层招标一部 联系方式：李楚瑶 孙东 朱颖华 张怡 029-87521312 3.项目联系方式 项目联系人：李楚瑶 孙东 朱颖华 张怡 电 话： 029-87521312,教育培训,,中国政府采购网,,,,,,11.45,"[{""序号"": ""1"", ""供应商名称"": ""西安汇智辰鑫信息技术有限公司"", ""服务名称"": ""中国延安干部学院网络安全设备维保项目"", ""服务范围"": ""响应竞争性磋商文件要求"", ""服务要求"": ""响应竞争性磋商文件要求"", ""服务时间"": ""响应竞争性磋商文件要求"", ""服务标准"": ""响应竞争性磋商文件要求""}]",王赏玉、刘小龙、钱竹,0.1718,西安汇智辰鑫信息技术有限公司,,,,
中国科学院大学第二轮高性能GPU、CPU算力服务采购项目（二次）选聘结果公告（04包、05包）,成交公告,UCAS-ZBB-2026034,2026年09月03日 10:08,北京市,中国科学院大学,北京市石景山区玉泉路19号（甲）（邮编：100 049）,杨老师，010-6967 1906,北京明德致信咨询有限公司,北京市海淀区学院路30号科大天工大厦B座1709室,王爽、于歌，吕绍山  010-61196301,王爽、于歌,010-61196301,"0716-1-选聘结果公示.docx,ZC26-0716-1-【发售】中国科学院大学第二轮高性能GPU、CPU算力服务采购项目（二次）-择优选聘文件.pdf","[{""attach_name"": ""0716-1-选聘结果公示.docx"", ""attach_url"": ""https://download.ccgp.gov.cn/oss/download?uuid=57A97E76978FF92CCE9D457BD262AC""}, {""attach_name"": ""ZC26-0716-1-【发售】中国科学院大学第二轮高性能GPU、CPU算力服务采购项目（二次）-择优选聘文件.pdf"", ""attach_url"": ""https://download.ccgp.gov.cn/oss/download?uuid=5C2DB3BEFAF276D94EF2963D5405D2""}]",https://www.ccgp.gov.cn/cggg/zygg/cjgg/202609/t20260903_27256613.htm,2026-09-10 09:39:54,一、项目编号：UCAS-ZBB-2026034（BMCC-ZC26-0716/1）（招标文件编号：BMCC-ZC26-0716/1） 二、项目名称：中国科学院大学第二轮高性能GPU、CPU算力服务采购项目（二次） 三、中标（成交）信息 供应商名称：第一入围选聘候选人：光环云数据有限公司供应商地址：北京市东城区后永康胡同17号10号楼1层1965室中标（成交）金额：0.0000000（万元） 供应商名称：第二入围选聘候选人：北京并行科技股份有限公司供应商地址：北京市海淀区厢黄旗东路1号院2号楼4层401中标（成交）金额：0.0000000（万元） 供应商名称：第一入围选聘候选人：曙光智算信息技术有限公司供应商地址：天津市滨海高新区华苑产业区（环外）海泰华科大街15号16层中标（成交）金额：0.0000000（万元） 供应商名称：第二入围选聘候选人：北京并行科技股份有限公司供应商地址：北京市海淀区厢黄旗东路1号院2号楼4层401中标（成交）金额：0.0000000（万元）四、主要标的信息 序号    供应商名称      服务名称      服务范围      服务要求      服务时间      服务标准   1    第一入围选聘候选人：光环云数据有限公司      04包-GPU1包机租赁服务      采购高性能GPU、CPU算力服务      满足选聘文件要求      框架协议签订后两年内      满足选聘文件要求                 序号    供应商名称      服务名称      服务范围      服务要求      服务时间      服务标准   2    第二入围选聘候选人：北京并行科技股份有限公司      04包-GPU1包机租赁服务      采购高性能GPU、CPU算力服务      满足选聘文件要求      框架协议签订后两年内      满足选聘文件要求                 序号    供应商名称      服务名称      服务范围      服务要求      服务时间      服务标准   3    第一入围选聘候选人：曙光智算信息技术有限公司      05包-GPU2-4包机租赁服务      采购高性能GPU、CPU算力服务      满足选聘文件要求      框架协议签订后两年内      满足选聘文件要求                 序号    供应商名称      服务名称      服务范围      服务要求      服务时间      服务标准   4    第二入围选聘候选人：北京并行科技股份有限公司      05包-GPU2-4包机租赁服务      采购高性能GPU、CPU算力服务      满足选聘文件要求      框架协议签订后两年内      满足选聘文件要求                 五、评审专家（单一来源采购人员）名单： 左渠、牛长山、刘彦、刘振清、闫清波。 六、代理服务收费标准及金额： 本项目代理费收费标准：入围供应商在领取成交（入围）通知书时按包一次性向采购代理机构交纳成交服务费。本项目04包服务费计算结果为人民币1000元/家。本项目05包服务费计算结果为人民币1000元/家。 本项目代理费总金额：0.400000 万元（人民币） 七、公告期限 自本公告发布之日起1个工作日。 八、其它补充事宜 04包-GPU1包机租赁服务 第一入围选聘候选人： 光环云数据有限公司 GPU1包机租赁服务 最终报价： 70500元/台/月 免费存储空间： 2048GB/账号 超出免费存储部分： 200元/1024GB/月     第二入围选聘候选人： 北京并行科技股份有限公司 GPU1包机租赁服务 最终报价： 72000元/台/月 免费存储空间： 7600GB/账号 超出免费存储部分： 594元/1024GB/月   05包-GPU2-4包机租赁服务 第一入围选聘候选人： 曙光智算信息技术有限公司 GPU配置2 (A800) 最终报价： 31680元/台/月 免费存储空间： 1500GB/账号 超出免费存储部分： 36元/1024GB/月 GPU配置3 (4090) 最终报价： 8640元/台/月 免费存储空间： 1500GB/账号 超出免费存储部分： 36元/1024GB/月 GPU配置4 (混合异构) 最终报价： 1094.4元/台/月 免费存储空间： 1500GB/账号 超出免费存储部分： 36元/1024GB/月     第二入围选聘候选人： 北京并行科技股份有限公司 GPU配置2(A800) 最终报价： 36000元/台/月 免费存储空间： 1024GB/账号 超出免费存储部分： 594元/1024GB/月 GPU配置3(4090) 最终报价： 6800元/台/月 免费存储空间： 7600GB/账号 超出免费存储部分： 594元/1024GB/月 GPU配置4 (混合异构) 最终报价： 1123.2元/台/月 免费存储空间： 1024GB/账号 超出免费存储部分： 167元/1024GB/月   选聘公告日期：2026年08月19日 选聘时间：2026年08月31日 确定日期：2026年09月03日具体内容详见附件下载 九、凡对本次公告内容提出询问，请按以下方式联系。 1.采购人信息 名 称：中国科学院大学 地址：北京市石景山区玉泉路19号（甲）（邮编：100 049） 联系方式：杨老师，010-6967 1906 2.采购代理机构信息 名 称：北京明德致信咨询有限公司 地 址：北京市海淀区学院路30号科大天工大厦B座1709室 联系方式：王爽、于歌，吕绍山 010-61196301 3.项目联系方式 项目联系人：王爽、于歌，吕绍山 电 话： 010-61196301 ws@zbbmcc.com,教育培训,,中国政府采购网,,,,,,0.0,"[{""序号"": ""1"", ""供应商名称"": ""第一入围选聘候选人：光环云数据有限公司"", ""服务名称"": ""04包-GPU1包机租赁服务"", ""服务范围"": ""采购高性能GPU、CPU算力服务"", ""服务要求"": ""满足选聘文件要求"", ""服务时间"": ""框架协议签订后两年内"", ""服务标准"": ""满足选聘文件要求""}, {""序号"": ""序号"", ""供应商名称"": ""供应商名称"", ""服务名称"": ""服务名称"", ""服务范围"": ""服务范围"", ""服务要求"": ""服务要求"", ""服务时间"": ""服务时间"", ""服务标准"": ""服务标准""}, {""序号"": ""2"", ""供应商名称"": ""第二入围选聘候选人：北京并行科技股份有限公司"", ""服务名称"": ""04包-GPU1包机租赁服务"", ""服务范围"": ""采购高性能GPU、CPU算力服务"", ""服务要求"": ""满足选聘文件要求"", ""服务时间"": ""框架协议签订后两年内"", ""服务标准"": ""满足选聘文件要求""}, {""序号"": ""序号"", ""供应商名称"": ""供应商名称"", ""服务名称"": ""服务名称"", ""服务范围"": ""服务范围"", ""服务要求"": ""服务要求"", ""服务时间"": ""服务时间"", ""服务标准"": ""服务标准""}, {""序号"": ""3"", ""供应商名称"": ""第一入围选聘候选人：曙光智算信息技术有限公司"", ""服务名称"": ""05包-GPU2-4包机租赁服务"", ""服务范围"": ""采购高性能GPU、CPU算力服务"", ""服务要求"": ""满足选聘文件要求"", ""服务时间"": ""框架协议签订后两年内"", ""服务标准"": ""满足选聘文件要求""}, {""序号"": ""序号"", ""供应商名称"": ""供应商名称"", ""服务名称"": ""服务名称"", ""服务范围"": ""服务范围"", ""服务要求"": ""服务要求"", ""服务时间"": ""服务时间"", ""服务标准"": ""服务标准""}, {""序号"": ""4"", ""供应商名称"": ""第二入围选聘候选人：北京并行科技股份有限公司"", ""服务名称"": ""05包-GPU2-4包机租赁服务"", ""服务范围"": ""采购高性能GPU、CPU算力服务"", ""服务要求"": ""满足选聘文件要求"", ""服务时间"": ""框架协议签订后两年内"", ""服务标准"": ""满足选聘文件要求""}]",左渠、牛长山、刘彦、刘振清、闫清波。,0.4,第一入围选聘候选人：光环云数据有限公司、供应商名称、第二入围选聘候选人：北京并行科技股份有限公司、第一入围选聘候选人：曙光智算信息技术有限公司,,,,
黄冈市消防救援支队红安县应急消防科普教育基地成交结果公告,成交公告,HBT-405026019-265992,2026年09月03日 10:01,市辖区,黄冈市消防救援支队,黄冈市黄州区新港大道35号,0713-8592971,湖北省招标股份有限公司,湖北省武汉市武昌区中北路108号兴业银行大厦五层,0713-8673606,张晨、王南盟、胡火轮,0713-8673606,"本国产品声明函.pdf,分项报价表.pdf,265992红安县应急消防科普教育基地（发售稿0817）.rar,中小企业声明函.pdf","[{""attach_name"": ""本国产品声明函.pdf"", ""attach_url"": ""https://download.ccgp.gov.cn/oss/download?uuid=84E3A2061141179BBDEDFB5EB0BBA8""}, {""attach_name"": ""分项报价表.pdf"", ""attach_url"": ""https://download.ccgp.gov.cn/oss/download?uuid=D0894BE173379BFBBC65C02E149103""}, {""attach_name"": ""265992红安县应急消防科普教育基地（发售稿0817）.rar"", ""attach_url"": ""https://download.ccgp.gov.cn/oss/download?uuid=56622F73127D92955B39CE4C3A77B7""}, {""attach_name"": ""中小企业声明函.pdf"", ""attach_url"": ""https://download.ccgp.gov.cn/oss/download?uuid=E359E85FC5139E7D646911B20429CC""}]",https://www.ccgp.gov.cn/cggg/zygg/cjgg/202609/t20260903_27256549.htm,2026-09-10 09:39:54,一、项目编号：HBT-405026019-265992（招标文件编号：HBT-405026019-265992） 二、项目名称：红安县应急消防科普教育基地 三、中标（成交）信息 供应商名称：湖北鑫弘森工程科技有限公司供应商地址：武汉市江岸区长湖地三村94-98号新远大商铺1栋2层1室中标（成交）金额：83.7000000（万元）四、主要标的信息 序号    供应商名称      货物名称      货物品牌      货物型号      货物数量      货物单价(元)   1    湖北鑫弘森工程科技有限公司      红安县应急消防科普教育基地      详见分项报价表      详见分项报价表      一批      837000                 五、评审专家（单一来源采购人员）名单： 周源、王利、董晗 六、代理服务收费标准及金额： 本项目代理费收费标准：按照湖北省住房和城乡建设厅印发的《湖北省招标代理服务收费参考标准（试行）》的通知（鄂建文〔2023〕35号）有关规定，代理费按货物类标准100%计取 本项目代理费总金额：1.255500 万元（人民币） 七、公告期限 自本公告发布之日起1个工作日。 八、其它补充事宜 湖北鑫弘森工程科技有限公司综合得分：97.00（分） 九、凡对本次公告内容提出询问，请按以下方式联系。 1.采购人信息 名 称：黄冈市消防救援支队 地址：黄冈市黄州区新港大道35号 联系方式：0713-8592971 2.采购代理机构信息 名 称：湖北省招标股份有限公司 地 址：湖北省武汉市武昌区中北路108号兴业银行大厦五层 联系方式：0713-8673606 3.项目联系方式 项目联系人：张晨、王南盟、胡火轮 电 话： 0713-8673606,教育培训,,中国政府采购网,,,,,,83.7,"[{""序号"": ""1"", ""供应商名称"": ""湖北鑫弘森工程科技有限公司"", ""货物名称"": ""红安县应急消防科普教育基地"", ""货物品牌"": ""详见分项报价表"", ""货物型号"": ""详见分项报价表"", ""货物数量"": ""一批"", ""货物单价(元)"": ""837000""}]",周源、王利、董晗,1.2555,湖北鑫弘森工程科技有限公司,,,,
北京中医药大学2026年教学实验室实训条件提升采购项目成交公告,成交公告,ZTXY-2026-H260568,2026年09月03日 09:53,北京市,北京中医药大学,北京市朝阳区北三环东路11号,赵老师 010-53911758,中天信远国际招投标咨询(北京)有限公司,北京市朝阳区南磨房路37号华腾北搪商务大厦1109室,李响、王文姣、周姗、成志凯、张静、鲁智慧 010-53779915,李响、王文姣、周姗、成志凯、张,010-53779915,"20260824北京中医药大学2026年教学实验室实训条件提升采购项目比选文件（发布版）.pdf,符合本国产品标准声明函.pdf","[{""attach_name"": ""20260824北京中医药大学2026年教学实验室实训条件提升采购项目比选文件（发布版）.pdf"", ""attach_url"": ""https://download.ccgp.gov.cn/oss/download?uuid=CDF88EFF479F2A815AEC76BC2BAA08""}, {""attach_name"": ""符合本国产品标准声明函.pdf"", ""attach_url"": ""https://download.ccgp.gov.cn/oss/download?uuid=DFE92B68CC16F2DD77B49A23E76D65""}]",https://www.ccgp.gov.cn/cggg/zygg/cjgg/202609/t20260903_27256482.htm,2026-09-10 09:39:55,"一、项目编号：ZTXY-2026-H260568（招标文件编号：ZTXY-2026-H260568） 二、项目名称：北京中医药大学2026年教学实验室实训条件提升采购项目 三、中标（成交）信息 供应商名称：北京旌胜科技有限公司供应商地址：北京市朝阳区双桥中路1号院8幢一层1098中标（成交）金额：69.5000000（万元）四、主要标的信息 序号    供应商名称      货物名称      货物品牌      货物型号      货物数量      货物单价(元)   1    北京旌胜科技有限公司      教学台式计算机； 教学功放； 电子教室软件； VOI管理服务器； 鹅颈麦克      戴尔（中国）有限公司； 北京南联北歌数码科技有限公司； 传奇科软科技（北京）有限公司； 浪潮电子信息产业股份有限公司； 北京南联北歌数码科技有限公司      QCT1250 520465； MK400； 传奇电子教室软件V16.0； NF5468M6； H943      32台； 6台； 1台； 1台； 6个      13,500； 4,700； 2,300； 226,800； 950                 五、评审专家（单一来源采购人员）名单： 王又军、赵兴华、张未未（采购人代表） 六、代理服务收费标准及金额： 本项目代理费收费标准：参照国家计委计价格[2002]1980号文及比选文件规定。 本项目代理费总金额：0.834000 万元（人民币） 七、公告期限 自本公告发布之日起1个工作日。 八、其它补充事宜 中标（成交）人评审汇总得分：91.10分。请中标（成交）人到招标代理机构领取中标通知书，缴纳招标代理服务费。退保证金事宜：未中标（成交）的供应商在五个工作日内到（联系）代理机构办理退还保证金事宜；中标（成交）的供应商在三十日内与采购人签订合同，合同签订后五个工作日内到（联系）代理机构办理退还保证金事宜。 九、凡对本次公告内容提出询问，请按以下方式联系。 1.采购人信息 名 称：北京中医药大学 地址：北京市朝阳区北三环东路11号 联系方式：赵老师 010-53911758 2.采购代理机构信息 名 称：中天信远国际招投标咨询(北京)有限公司 地 址：北京市朝阳区南磨房路37号华腾北搪商务大厦1109室 联系方式：李响、王文姣、周姗、成志凯、张静、鲁智慧 010-53779915 3.项目联系方式 项目联系人：李响、王文姣、周姗、成志凯、张静、鲁智慧 电 话： 010-53779915",医疗卫生,,中国政府采购网,,,,,,69.5,"[{""序号"": ""1"", ""供应商名称"": ""北京旌胜科技有限公司"", ""货物名称"": ""教学台式计算机；\t\t\t教学功放；\t\t\t电子教室软件；\t\t\tVOI管理服务器；\t\t\t鹅颈麦克"", ""货物品牌"": ""戴尔（中国）有限公司；\t\t\t北京南联北歌数码科技有限公司；\t\t\t传奇科软科技（北京）有限公司；\t\t\t浪潮电子信息产业股份有限公司；\t\t\t北京南联北歌数码科技有限公司"", ""货物型号"": ""QCT1250 520465；\t\t\tMK400；\t\t\t传奇电子教室软件V16.0；\t\t\tNF5468M6；\t\t\tH943"", ""货物数量"": ""32台；\t\t\t6台；\t\t\t1台；\t\t\t1台；\t\t\t6个"", ""货物单价(元)"": ""13,500；\t\t\t4,700；\t\t\t2,300；\t\t\t226,800；\t\t\t950""}]",王又军、赵兴华、张未未（采购人代表）,0.834,北京旌胜科技有限公司,,,,
中国地质调查局自然资源综合调查指挥中心样品分析测试成交公告,成交公告,2026JC041,2026年09月03日 09:49,北京市,中国地质调查局自然资源综合调查指挥中心,北京市西城区红莲南路55号,王老师，010-59305682,详见公告正文,详见公告正文,详见公告正文,郭韦韦,010-59305320,"2026JC041—样品分析测试采购项目竞争性磋商文件定稿.pdf,2026JC041—成交结果公告—样品分析测试项目.docx","[{""attach_name"": ""2026JC041—样品分析测试采购项目竞争性磋商文件定稿.pdf"", ""attach_url"": ""https://download.ccgp.gov.cn/oss/download?uuid=5910BE23C5D9C230654DDE3C47BADB""}, {""attach_name"": ""2026JC041—成交结果公告—样品分析测试项目.docx"", ""attach_url"": ""https://download.ccgp.gov.cn/oss/download?uuid=3F1F7502E10F31B7740E7D20456296""}]",https://www.ccgp.gov.cn/cggg/zygg/cjgg/202609/t20260903_27256440.htm,2026-09-10 09:39:56,一、项目编号：2026JC041（招标文件编号：2026JC041） 二、项目名称：样品分析测试 三、中标（成交）信息 供应商名称：中国地质科学院地球物理地球化学勘查研究所供应商地址：天津市东丽区东丽湖华纳景湖花园52-201、52-202室中标（成交）金额：18.6000000（万元）四、主要标的信息 序号    供应商名称      服务名称      服务范围      服务要求      服务时间      服务标准   1    中国地质科学院地球物理地球化学勘查研究所      样品分析测试      详见磋商文件      详见磋商文件      合同签订后至2026年11月30日      详见磋商文件                 五、评审专家（单一来源采购人员）名单： 廉得瑞、王文霞、张长敏 六、代理服务收费标准及金额： 本项目代理费收费标准：无 本项目代理费总金额：0.000000 万元（人民币） 七、公告期限 自本公告发布之日起1个工作日。 八、其它补充事宜 成交供应商综合得分：96.60分。 九、凡对本次公告内容提出询问，请按以下方式联系。 1.采购人信息 名 称：中国地质调查局自然资源综合调查指挥中心 地址：北京市西城区红莲南路55号 联系方式：王老师，010-59305682 2.项目联系方式 项目联系人：郭韦韦 电 话： 010-59305320,教育培训,,中国政府采购网,,,,,,18.6,"[{""序号"": ""1"", ""供应商名称"": ""中国地质科学院地球物理地球化学勘查研究所"", ""服务名称"": ""样品分析测试"", ""服务范围"": ""详见磋商文件"", ""服务要求"": ""详见磋商文件"", ""服务时间"": ""合同签订后至2026年11月30日"", ""服务标准"": ""详见磋商文件""}]",廉得瑞、王文霞、张长敏,0.0,中国地质科学院地球物理地球化学勘查研究所,,,,
盐亭县消防救援大队消防车及公务车维修保养采购项目（二次）成交公告,成交公告,,2026年09月03日 09:43,盐亭县,盐亭县消防救援大队,绵阳市盐亭县凤灵街道245国道,胥先生13778078278,四川创采招投标咨询有限责任公司,绵阳市三江西路北段1号,仇丹15280953273,仇丹,15280953273,中小企业声明函.png,"[{""attach_name"": ""中小企业声明函.png"", ""attach_url"": ""https://download.ccgp.gov.cn/oss/download?uuid=40E370209DB40FDE83CB40DF50B3E6""}]",https://www.ccgp.gov.cn/cggg/zygg/cjgg/202609/t20260903_27256401.htm,2026-09-10 09:39:56,一、项目编号：四川创采 【2026】157号（招标文件编号：四川创采【2026】157号） 二、项目名称：盐亭县消防救援大队消防车及公务车维修保养采购项目（二次） 三、中标（成交）信息 供应商名称：绵阳双丰金刚汽车销售服务有限公司供应商地址：绵阳科创区八角南路东段1号包组或产品名称：消防车及公务车维修保养费率(%)：93.0000000四、主要标的信息 序号    供应商名称      服务名称      服务范围      服务要求      服务时间      服务标准   1    绵阳双丰金刚汽车销售服务有限公司      盐亭县消防救援大队消防车及公务车维修保养采购项目      消防车及公务车维修保养      按行业相关要求及磋商文件要求      三年，合同一年一签      按国家相关标准                 五、评审专家（单一来源采购人员）名单： 胥登臣（采购人代表）、王岑、王成健 六、代理服务收费标准及金额： 本项目代理费收费标准：成交供应商在领取成交通知书前，按照计价格【2002】1980号文件规定的代理服务费计费率，支付本项目代理服务费。 本项目代理费总金额：2.510000 万元（人民币） 七、公告期限 自本公告发布之日起1个工作日。 八、其它补充事宜 无 九、凡对本次公告内容提出询问，请按以下方式联系。 1.采购人信息 名 称：盐亭县消防救援大队 地址：绵阳市盐亭县凤灵街道245国道 联系方式：胥先生13778078278 2.采购代理机构信息 名 称：四川创采招投标咨询有限责任公司 地 址：绵阳市三江西路北段1号 联系方式：仇丹15280953273 3.项目联系方式 项目联系人：仇丹 电 话： 15280953273,公共安全,,中国政府采购网,,,,,,0.0,"[{""序号"": ""1"", ""供应商名称"": ""绵阳双丰金刚汽车销售服务有限公司"", ""服务名称"": ""盐亭县消防救援大队消防车及公务车维修保养采购项目"", ""服务范围"": ""消防车及公务车维修保养"", ""服务要求"": ""按行业相关要求及磋商文件要求"", ""服务时间"": ""三年，合同一年一签"", ""服务标准"": ""按国家相关标准""}]",胥登臣（采购人代表）、王岑、王成健,2.51,绵阳双丰金刚汽车销售服务有限公司,,,,
中国网络安全审查认证和市场监管大数据中心产品、体系、服务资质认证系统2026年运维服务项目成交公告,成交公告,26CNIC01-4001,2026年09月03日 08:49,北京市,中国网络安全审查认证和市场监管大数据中心,北京市西城区三里河东路8号,兰鹏 010-88652528,中国仪器进出口集团有限公司,北京市海淀区西直门北大街甲43号金运大厦B座902室,孙伟、王剑 010-62266010、62261185,孙伟、王剑,010-62266010、62261185,"中小企业声明函(1).pdf,产品、体系、服务资质认证系统竞争性磋商文件-4001--最终版.pdf","[{""attach_name"": ""中小企业声明函(1).pdf"", ""attach_url"": ""https://download.ccgp.gov.cn/oss/download?uuid=C41F3A90D9C55310B4097AB29B8FFE""}, {""attach_name"": ""产品、体系、服务资质认证系统竞争性磋商文件-4001--最终版.pdf"", ""attach_url"": ""https://download.ccgp.gov.cn/oss/download?uuid=623B10E965483E859F7F8E1CD466B9""}]",https://www.ccgp.gov.cn/cggg/zygg/cjgg/202609/t20260903_27256152.htm,2026-09-10 09:39:57,一、项目编号：26CNIC01-4001（招标文件编号：26CNIC01-4001） 二、项目名称：中国网络安全审查认证和市场监管大数据中心产品、体系、服务资质认证系统2026年运维服务项目 三、中标（成交）信息 供应商名称：杭州高斯软件技术有限公司供应商地址：浙江省杭州市余杭区仓前街道余杭塘路2301号海智中心3幢-11-1104中标（成交）金额：79.3000000（万元）四、主要标的信息 序号    供应商名称      服务名称      服务范围      服务要求      服务时间      服务标准   1    杭州高斯软件技术有限公司      产品、体系、服务资质认证系统2026年运维服务      中国网络安全审查认证和市场监管大数据中心产品、体系、服务资质认证系统2026年运维服务项目      定期对系统功能、数据库、中间件进行巡检，进行补丁修复和故障排查等。      服务期限：本项目服务期限为一年，自合同签订之日起计算。      根据相关规定、依据采购人要求。详见竞争性磋商文件。                 五、评审专家（单一来源采购人员）名单： 杨京菊、唐文斌、兰鹏 六、代理服务收费标准及金额： 本项目代理费收费标准：根据国家发改委颁布的《招标代理服务收费管理暂行办法》（计价格[2002]1980号）中的招标收费标准，按照中标额差额定率累进法计算。 本项目代理费总金额：1.189500 万元（人民币） 七、公告期限 自本公告发布之日起1个工作日。 八、其它补充事宜 杭州高斯软件技术有限公司评审总得分：90.67 九、凡对本次公告内容提出询问，请按以下方式联系。 1.采购人信息 名 称：中国网络安全审查认证和市场监管大数据中心 地址：北京市西城区三里河东路8号 联系方式：兰鹏 010-88652528 2.采购代理机构信息 名 称：中国仪器进出口集团有限公司 地 址：北京市海淀区西直门北大街甲43号金运大厦B座902室 联系方式：孙伟、王剑 010-62266010、62261185 3.项目联系方式 项目联系人：孙伟、王剑 电 话： 010-62266010、62261185,信息技术,,中国政府采购网,,,,,,79.3,"[{""序号"": ""1"", ""供应商名称"": ""杭州高斯软件技术有限公司"", ""服务名称"": ""产品、体系、服务资质认证系统2026年运维服务"", ""服务范围"": ""中国网络安全审查认证和市场监管大数据中心产品、体系、服务资质认证系统2026年运维服务项目"", ""服务要求"": ""定期对系统功能、数据库、中间件进行巡检，进行补丁修复和故障排查等。"", ""服务时间"": ""服务期限：本项目服务期限为一年，自合同签订之日起计算。"", ""服务标准"": ""根据相关规定、依据采购人要求。详见竞争性磋商文件。""}]",杨京菊、唐文斌、兰鹏,1.1895,杭州高斯软件技术有限公司,,,,
