notice_title,notice_type,project_code,publish_time,admin_region,buyer_name,buyer_address,buyer_contact,agent_name,agent_address,agent_contact,attach_file_names,attach_json,notice_url,crawl_time,purchase_method,budget,budget_source,terminate_reason,change_item,win_total_amount,judge_experts,agent_service_fee,win_supplier,proposed_supplier,single_source_reason,publicity_period,open_bid_time,contact_name,contact_tel
中国人民银行新疆维吾尔自治区分行消防系统气体钢瓶定期检验项目（二次）废标公告,流标公告,0724-2631XJ765425,2026年09月09日 15:46,新疆维吾尔自治区,中国人民银行新疆维吾尔自治区分行,乌鲁木齐市天山区人民路395号,冉赤军0991-2373268,国义招标股份有限公司,乌鲁木齐市水磨沟区红光山路888号绿城广场1B栋35楼3504室,钟晓涵、周鑫0991-4664267、13009638607,,,https://www.ccgp.gov.cn/cggg/zygg/qtgg/./202609/t20260909_27295892.htm,2026-09-09 16:10:41,,,,经谈判小组评审，本项目通过资格性审查的供应商不足3家，按废标处理。,,,,,,,,,,,
国家税务总局甘肃省税务局甘肃税务2026年西关数据处理中心和华瑞大厦及静宁路办公区机房基础运维服务项目第二次废标公告,流标公告,GS2026-DLGK-C0010-B004,2026年09月09日 15:33,城关区,国家税务总局甘肃省税务局,兰州市城关区金昌南路353号,苏老师（商务）0931-8533780 、白老师（技术）0931-8823353,甘肃普星工程咨询有限公司,兰州市安宁区鼎泰中汇广场写字楼12楼1205室,寇继宏 18215162427 2733605037@qq.com,,,https://www.ccgp.gov.cn/cggg/zygg/qtgg/./202609/t20260909_27295627.htm,2026-09-09 16:10:41,,,,有效投标人不足三家，按照废标处理。,,,,,,,,,,,
北京市西城区消防救援支队2026年生活用品购置中标候选人公示,流标公告,HT3841BJ-BA01,2026年09月09日 15:27,北京市,西城区消防救援支队,北京市西城区德胜门东大街119号,刘队长01084022119，转215,北京汉腾工程顾问有限公司,北京市石景山区古城南里东街33号院1号楼5层501-01,杨工 13381120993,,,https://www.ccgp.gov.cn/cggg/zygg/qtgg/./202609/t20260909_27295507.htm,2026-09-09 16:10:41,,,,无,,,,,,,,,,,
北京中医药大学东直门医院国家中医药传承创新中心建设项目（第十一批）设备采购公告第三包废标公告,流标公告,B0708-CMC26N7343,2026年09月09日 15:27,北京市,北京中医药大学东直门医院,北京市东城区海运仓5号,武老师 电话：010-84013273,中国机械进出口(集团)有限公司,北京市丰台区金泽东路通用时代中心C座,郭女士，张女士，刘先生  电话：010-81168212  电子邮箱：guochangqian@cmc.gt.cn,,,https://www.ccgp.gov.cn/cggg/zygg/qtgg/./202609/t20260909_27295513.htm,2026-09-09 16:10:41,,,,因至递交文件截止时间，递交投标文件的投标人不足三家，该包废标。,,,,,,,,,,,
北京林业大学医院2026年度检验科试剂与耗材采购项目比选公告,流标公告,,2026年09月09日 15:26,北京市,北京林业大学,北京市海淀区清华东路35号,张老师、刘老师 010-62337427,中盛隆国际招标（北京）有限公司,北京市海淀区阜成路58号新洲商务大厦302室,曹泽鹏、马春娟、李蕊、孙源滨、魏菲、赵中阳、刘震、李红梅、李莉010-88956517-202,文件获取记录.docx,"[{""attach_name"": ""文件获取记录.docx"", ""attach_url"": ""https://download.ccgp.gov.cn/oss/download?uuid=726DAC4C3E16B27FA76BF4799224E2""}]",https://www.ccgp.gov.cn/cggg/zygg/qtgg/./202609/t20260909_27295505.htm,2026-09-09 16:10:41,校内比选,85.0,,,,,,,,,,,,,
四川省泸州市古蔺县消防救援大队应急装备遮护顶棚采购项目其他,流标公告,SCDCH[2026]037,2026年09月09日 15:19,古蔺县,古蔺县消防救援大队,四川省泸州市古蔺县彰德街道蔺阳大道112号,潘先生0830-7205301,四川德才汇招标代理有限公司,泸州市龙马潭区云台路69号（城北公交枢纽站底楼）,陈先生0830-3198806,"采购需求.docx,报名信息登记表.doc","[{""attach_name"": ""采购需求.docx"", ""attach_url"": ""https://download.ccgp.gov.cn/oss/download?uuid=C05AE05AB883D5B989038DA3327265""}, {""attach_name"": ""报名信息登记表.doc"", ""attach_url"": ""https://download.ccgp.gov.cn/oss/download?uuid=E62EAFC2345481FCDEECBA70B90E99""}]",https://www.ccgp.gov.cn/cggg/zygg/qtgg/./202609/t20260909_27295336.htm,2026-09-09 16:10:41,,23.94,,,,,,,,,,,,,
昆山海关综合技术服务中心食堂服务合同公告,流标公告,SZDX2026-A-G-007,2026年09月09日 15:18,昆山市,昆山海关综合技术服务中心,昆山市新南东路318、328号,姚文斌:0512-66085135,鼎信工程咨询（苏州）有限公司,苏州市吴中区城南街道南都广场1607,陈倩倩:0512-66233886,（合同）SZDX2026-A-G-007-食堂服务.pdf,"[{""attach_name"": ""（合同）SZDX2026-A-G-007-食堂服务.pdf"", ""attach_url"": ""https://download.ccgp.gov.cn/oss/download?uuid=0016D991B7FD4B598A5AA77357BD7B""}]",https://www.ccgp.gov.cn/cggg/zygg/qtgg/./202609/t20260909_27295332.htm,2026-09-09 16:10:41,,,,无,,,,,,,,,,,
昆山海关综合技术服务中心制服清洗服务合同公告,流标公告,SZDX2026-A-C-038,2026年09月09日 15:18,昆山市,昆山海关综合技术服务中心,昆山市新南东路318、328号,张数津：0512-66085978,鼎信工程咨询（苏州）有限公司,苏州市吴中区城南街道南都广场1607,陈倩倩：0512-66233886,（合同）-SZDX2026-A-C-038制服清洗服务.pdf,"[{""attach_name"": ""（合同）-SZDX2026-A-C-038制服清洗服务.pdf"", ""attach_url"": ""https://download.ccgp.gov.cn/oss/download?uuid=B2E7115F9609FAB766FC0B519934B3""}]",https://www.ccgp.gov.cn/cggg/zygg/qtgg/./202609/t20260909_27295329.htm,2026-09-09 16:10:42,,,,无,,,,,,,,,,,
山东大学大型GPU深度学习服务器采购流标公告,流标公告,SDJDHD20260198-Z042 /SDDX-SDLC-GK-2026005,2026年09月09日 15:17,济南市,山东大学,山东大学中心校区明德楼,0531-88365560,山东省鲁成招标有限公司,济南市经十东路10567号成城大厦A座,刘嘉华、王青东,20260812山东大学大型GPU深度学习服务器采购电子招标文件（定稿）.pdf,"[{""attach_name"": ""20260812山东大学大型GPU深度学习服务器采购电子招标文件（定稿）.pdf"", ""attach_url"": ""https://download.ccgp.gov.cn/oss/download?uuid=62A09229158C198382490F64F95CB7""}]",https://www.ccgp.gov.cn/cggg/zygg/qtgg/./202609/t20260909_27295301.htm,2026-09-09 16:10:42,,,,投标文件递交截止时间时，投标人数量不足3家，予以废标。,,,,,,,,,,,
暨南大学苏州苑41栋功能楼办公家具采购（项目编号：0835-260F36204581）询比公告,流标公告,0835-260F36204581,2026年09月09日 15:14,广州市,暨南大学,广州市黄埔大道西601号,涂老师020-85220458,广东元正招标采购有限公司,广州市越秀区先烈中路102号华盛大厦北塔26楼,黄小姐、刘小姐 020-87258495-305、307、301,F04581-暨南大学苏州苑41栋功能楼办公家具采购-正稿.pdf,"[{""attach_name"": ""F04581-暨南大学苏州苑41栋功能楼办公家具采购-正稿.pdf"", ""attach_url"": ""https://download.ccgp.gov.cn/oss/download?uuid=6DC7EA2190CEEC6D08BD34862D7C78""}]",https://www.ccgp.gov.cn/cggg/zygg/qtgg/./202609/t20260909_27295267.htm,2026-09-09 16:10:42,,53.0,,,,,,,,,,,,,
宁德市消防救援支队室内改造工程采购合同公示,流标公告,,2026年09月09日 15:08,蕉城区,宁德市消防救援支队,福建省宁德市东侨经济技术开发区正大路9号,杨先生   15059312535,福建乾盛工程咨询有限公司,福建省宁德市东侨经济开发区万安西路1号金港名都A区32幢102室,小吴   0593-2933773,采购合同.docx,"[{""attach_name"": ""采购合同.docx"", ""attach_url"": ""https://download.ccgp.gov.cn/oss/download?uuid=328C11C58574B1CE9C5132F74CBB46""}]",https://www.ccgp.gov.cn/cggg/zygg/qtgg/./202609/t20260909_27295133.htm,2026-09-09 16:10:42,竞争性磋商,56.0034,,,,,,,,,,,,,
中华人民共和国珠海出入境边防检查总站2026年机关所属物业日常用品采购项目（第2次）简易采购公告,流标公告,,2026年09月09日 15:06,香洲区,中华人民共和国珠海出入境边防检查总站,广东省珠海市香洲区拱北侨光路2号。,范奕希，0756-8166532,详见公告正文,详见公告正文,详见公告正文,"中华人民共和国珠海出入境边防检查总站2026年机关所属物业日常用品采购项目需求文件公开稿.doc,中华人民共和国珠海出入境边防检查总站2026年机关所属物业日常用品采购项目清单.xlsx,中华人民共和国珠海出入境边防检查总站2026年机关所属物业日常用品采购项目简易采购文件.doc,中华人民共和国珠海出入境边防检查总站2026年机关所属物业日常用品采购项目合同意向性文本.doc","[{""attach_name"": ""中华人民共和国珠海出入境边防检查总站2026年机关所属物业日常用品采购项目需求文件公开稿.doc"", ""attach_url"": ""https://download.ccgp.gov.cn/oss/download?uuid=0671DE69A0F783D3E31AD041B0D95D""}, {""attach_name"": ""中华人民共和国珠海出入境边防检查总站2026年机关所属物业日常用品采购项目清单.xlsx"", ""attach_url"": ""https://download.ccgp.gov.cn/oss/download?uuid=CDDAFB4226338786A881CC98044FCC""}, {""attach_name"": ""中华人民共和国珠海出入境边防检查总站2026年机关所属物业日常用品采购项目简易采购文件.doc"", ""attach_url"": ""https://download.ccgp.gov.cn/oss/download?uuid=BB96DE1127BBBC58552253D1E03DCC""}, {""attach_name"": ""中华人民共和国珠海出入境边防检查总站2026年机关所属物业日常用品采购项目合同意向性文本.doc"", ""attach_url"": ""https://download.ccgp.gov.cn/oss/download?uuid=1A1B99C3FE2ACB17DB6F0201DEF43A""}]",https://www.ccgp.gov.cn/cggg/zygg/qtgg/./202609/t20260909_27295716.htm,2026-09-09 16:10:42,,28.65,,,,,,,,,,,,,
中央广播电视总台2024年调频发射系统更新改造（五）增补采购废标公告,流标公告,WKZB2631BJI3005140,2026年09月09日 15:03,北京市,中央广播电视总台,北京市海淀区复兴路11号,于老师010-68508752,五矿国际招标有限责任公司,北京市海淀区三里河路七号新疆大厦办公楼（写字楼）8层,潘爽、石浩人、梁敬保、范俊峰010-81125775/81125778,,,https://www.ccgp.gov.cn/cggg/zygg/qtgg/./202609/t20260909_27295080.htm,2026-09-09 16:10:42,,,,由于实质性响应招标文件的投标人不足3家，本项目废标。,,,,,,,,,,,
宁夏回族自治区消防救援总队全区消防信息网适配改造项目第二标段废标公告,流标公告,NXBS-2026-ZC032,2026年09月09日 15:00,市辖区,宁夏自治区消防救援总队,银川市兴庆区北京东路169号,张助理 0951-5057641,宁夏碧晟工程咨询有限公司,银川市金凤区满城南街东侧臻君豪庭1号综合楼13层,姜欢 0951-6110980,,,https://www.ccgp.gov.cn/cggg/zygg/qtgg/./202609/t20260909_27295053.htm,2026-09-09 16:10:42,,,,截止响应文件递交时间止，第二标段有效供应商不足三家。,,,,,,,,,,,
习水县消防救援大队2026年灭火救援装备采购项目需求公示,流标公告,,2026年09月09日 14:59,习水县,习水县消防救援大队,遵义市习水县杉王街道华润大道A段,倪婷婷 0851-22531119,贵州阳光产权交易所有限公司,贵阳市观山湖区毕节路58号联合广场A座4层,王晨诗雨 0851-84702383,"附件3：习水县消防救援大队2026年灭火救援装备采购项目反馈格式.doc,附件2：习水县消防救援大队2026年灭火救援装备采购项目参数 2.docx终版.pdf,附件1：习水县消防救援大队2026年灭火救援装备采购项目参数 1.docx终版.pdf","[{""attach_name"": ""附件3：习水县消防救援大队2026年灭火救援装备采购项目反馈格式.doc"", ""attach_url"": ""https://download.ccgp.gov.cn/oss/download?uuid=33DBB3671AF21F8056E0C1B2D2A837""}, {""attach_name"": ""附件2：习水县消防救援大队2026年灭火救援装备采购项目参数 2.docx终版.pdf"", ""attach_url"": ""https://download.ccgp.gov.cn/oss/download?uuid=92E23EBEC4C27A6216D8671D2B7BC8""}, {""attach_name"": ""附件1：习水县消防救援大队2026年灭火救援装备采购项目参数 1.docx终版.pdf"", ""attach_url"": ""https://download.ccgp.gov.cn/oss/download?uuid=3208AEFB9700C35B18E421D4D7FFE5""}]",https://www.ccgp.gov.cn/cggg/zygg/qtgg/./202609/t20260909_27295030.htm,2026-09-09 16:10:42,,0.0,,,,,,,,,,,,,
崇明区消防救援支队队史馆建设项目比选公告,流标公告,,2026年09月09日 14:56,崇明县,崇明区消防救援支队,上海市崇明区城桥镇育麟桥路385号,侯老师021-59616371,上海同济工程咨询有限公司,四平路1398号同济联合广场B座3楼,贺伟021-33626722,附件：崇明区消防救援支队队史馆建设项目比选公告.docx,"[{""attach_name"": ""附件：崇明区消防救援支队队史馆建设项目比选公告.docx"", ""attach_url"": ""https://download.ccgp.gov.cn/oss/download?uuid=25E3D3ACFEA7DE83E2C603948BD1FA""}]",https://www.ccgp.gov.cn/cggg/zygg/qtgg/./202609/t20260909_27295013.htm,2026-09-09 16:10:42,,47.932153,,,,,,,,,,,,,
北京市西城区消防救援支队2026年小型消防站设施设备更新购置比选公告,流标公告,,2026年09月09日 14:54,西城区,西城区消防救援支队,西城区德胜门东大街119号,刘先生，010-84022119,北京迈恩工程管理有限公司,北京市石景山区阜石路166号泽洋大厦8层815室,刘雪梅，18511350518,,,https://www.ccgp.gov.cn/cggg/zygg/qtgg/./202609/t20260909_27295001.htm,2026-09-09 16:10:42,,18.0375,,,,,,,,,,,,,
四川省眉山市东坡区消防救援大队无人机机场采购项目废标公告,流标公告,CGXT20260909,2026年09月09日 14:50,东坡区,眉山市东坡区消防救援大队,眉山市东坡区百坡路二段,王先生028-38208119,四川玄同工程项目管理有限责任公司,四川省眉山市东坡区同运口171号1幢16层9号,邝女士028-38110558,,,https://www.ccgp.gov.cn/cggg/zygg/qtgg/./202609/t20260909_27294945.htm,2026-09-09 16:10:42,,,,招标文件存在重大缺陷,,,,,,,,,,,
东北林业大学林草创新测试服务平台设备更新项目-双向拉伸成膜机等（三次）流标公告,流标公告,ZJX2026-1044H 采购项目编号：ZJX2026-1044H,2026年09月09日 14:47,黑龙江省,东北林业大学,哈尔滨市香坊区和兴路26号,马老师 0451-82192589,中精信工程技术有限公司,哈尔滨市南岗区长江路盟科视界商服13-7号,徐玉洁 0451-87003479,,,https://www.ccgp.gov.cn/cggg/zygg/qtgg/./202609/t20260909_27294900.htm,2026-09-09 16:10:43,,,,采购项目编号：ZJX2026-1044H采购项目名称：东北林业大学林草创新测试服务平台设备更新项目-双向拉伸成膜机等（三次）    经评审，对招标文件作实质性响应的有效投标家数不足三家，本项目作流标处理。    无1、招标人信息名 称：东北林业大学地址：哈尔滨市香坊区和兴路26号联系方式：0451-821925892、招标代理机构信息名 称：中精信工程技术有限公司地　址：哈尔滨市南岗区长江路盟科视界商服13-7号联系方式：0451-870034793、项目联系方式项目联系人：徐玉洁  电　话：0451-87003479 2026年9月9日,,,,,,,,,,,
四川省凉山州冕宁县消防救援大队2026年度招标代理机构公开遴选项目遴选公告,流标公告,ZHDL-202607-ZC02,2026年09月09日 14:42,冕宁县,冕宁县消防救援大队,冕宁县城厢镇皂角巷18号,王老师0834-6724119,四川中鸿浩海工程管理有限公司,西昌市长安北路4号同德苑商业楼4楼左后侧,青老师0834-3209100,,,https://www.ccgp.gov.cn/cggg/zygg/qtgg/./202609/t20260909_27294861.htm,2026-09-09 16:10:43,遴选,0.0,,,,,,,,,,,,,
中国疾病预防控制中心传染病预防控制所细菌流式分选委托服务采购项目其他,流标公告,,2026年09月09日 14:36,昌平区,中国疾病预防控制中心传染病预防控制所,北京市昌平区昌百路155号传染病所,王老师；010-58900715；wanghaitao@icdc.cn,详见公告正文,详见公告正文,详见公告正文,1.细菌流式分选委托服务采购采购文件.doc,"[{""attach_name"": ""1.细菌流式分选委托服务采购采购文件.doc"", ""attach_url"": ""https://download.ccgp.gov.cn/oss/download?uuid=C52EB7C099DF998DD97158C30C1E90""}]",https://www.ccgp.gov.cn/cggg/zygg/qtgg/./202609/t20260909_27294799.htm,2026-09-09 16:10:43,,15.0,,,,,,,,,,,,,
国家粮食和物资储备局北京局六五四工程筹建处某工程安全阀校验征集公告,流标公告,,2026年09月09日 14:30,天津市,国家粮食和物资储备局北京局六五四工程筹建处,天津市滨海新区保税区临港路15号,王晨旭  13130564598,天津市建设工程招标有限公司,天津市河西区环岛西路19号梅江中心大厦26层,张余、党晓光  18222862720,,,https://www.ccgp.gov.cn/cggg/zygg/qtgg/./202609/t20260909_27294729.htm,2026-09-09 16:10:43,,0.0,,,,,,,,,,,,,
国家粮食和物资储备局北京局六五四工程筹建处某工程环境监测及竣工环保验收技术服务征集公告,流标公告,,2026年09月09日 14:29,天津市,国家粮食和物资储备局北京局六五四工程筹建处,天津市滨海新区保税区临港路15号,王晨旭  13130564598,天津市建设工程招标有限公司,天津市河西区环岛西路19号梅江中心大厦26层,张余、党晓光  18222862720,,,https://www.ccgp.gov.cn/cggg/zygg/qtgg/./202609/t20260909_27294710.htm,2026-09-09 16:10:43,,0.0,,,,,,,,,,,,,
国家粮食和物资储备局北京局六五四工程筹建处某工程防爆查库车采购项目征集公告,流标公告,,2026年09月09日 14:28,天津市,国家粮食和物资储备局北京局六五四工程筹建处,天津市滨海新区保税区临港路15号,王晨旭  13130564598,天津市建设工程招标有限公司,天津市河西区环岛西路19号梅江中心大厦26层,张余、党晓光  18222862720,,,https://www.ccgp.gov.cn/cggg/zygg/qtgg/./202609/t20260909_27294707.htm,2026-09-09 16:10:43,,0.0,,,,,,,,,,,,,
中央财经大学自助咖啡机服务引入项目比选公告,流标公告,FW-2026070-HCJQ3、本项目采购代理机构的项目编号：FW-2026070-HCJQ。,2026年09月09日 14:24,北京市,中央财经大学,北京市海淀区学院南路39号,常老师、齐老师 010-62289113,北京汇诚金桥国际招标咨询有限公司,北京市东城区朝内大街南竹杆胡同6号北京INN3号楼9层,王佳琪、章祺,中央财经大学自助咖啡机服务引入项目比选公告.docx,"[{""attach_name"": ""中央财经大学自助咖啡机服务引入项目比选公告.docx"", ""attach_url"": ""https://download.ccgp.gov.cn/oss/download?uuid=9CD4EA4EE93A8972CAF5954B1046E2""}]",https://www.ccgp.gov.cn/cggg/zygg/qtgg/./202609/t20260909_27294678.htm,2026-09-09 16:10:43,比选,28.5,,,,,,,,,,,,,
北京市海淀区消防救援支队购置政采目录外家具项目比选公告,流标公告,ZGGJ-BJ08-26081664,2026年09月09日 14:06,市辖区,北京市海淀区消防救援支队,北京市海淀区四季青镇旱河路168号,刘老师 010-82556603,中工国际招标有限公司,北京市朝阳区亚运村慧忠路5号远大中心C座二层,李涛、张存、张威 010-82952950-823,,,https://www.ccgp.gov.cn/cggg/zygg/qtgg/./202609/t20260909_27294581.htm,2026-09-09 16:10:43,比选,45.0,,,,,,,,,,,,,
应急管理部国家减灾中心国家自然灾害灾情管理系统全国灾害信息员数据库常态化支撑保障比选公告,流标公告,,2026年09月09日 13:47,北京市,应急管理部国家减灾中心,北京市朝阳区广百东路6号院,林老师，联系人电话：010-52811213,国信招标集团股份有限公司,北京市海淀区首体南路22号国兴大厦11层,黄婧、张画冰、吕记 ，010-88354433转365,比选公告-全国灾害信息员数据库.pdf,"[{""attach_name"": ""比选公告-全国灾害信息员数据库.pdf"", ""attach_url"": ""https://download.ccgp.gov.cn/oss/download?uuid=59DA7154023CE59F52BF33EE9EB266""}]",https://www.ccgp.gov.cn/cggg/zygg/qtgg/./202609/t20260909_27294485.htm,2026-09-09 16:10:43,,40.0,,,,,,,,,,,,,
应急管理部国家减灾中心国家自然灾害灾情管理系统全国灾害信息员在线学习服务分系统常态化支撑保障比选公告,流标公告,,2026年09月09日 13:47,北京市,应急管理部国家减灾中心,北京市朝阳区广百东路6号院,林老师，联系人电话：010-52811213,国信招标集团股份有限公司,北京市海淀区首体南路22号国兴大厦11层,黄婧、张画冰、吕记 ，010-88354433转365,比选公告-全国灾害信息员在线学习服务.pdf,"[{""attach_name"": ""比选公告-全国灾害信息员在线学习服务.pdf"", ""attach_url"": ""https://download.ccgp.gov.cn/oss/download?uuid=F4A1996B756A6D145E50D8B0DC4E9D""}]",https://www.ccgp.gov.cn/cggg/zygg/qtgg/./202609/t20260909_27294482.htm,2026-09-09 16:10:43,,40.0,,,,,,,,,,,,,
北京协和医院东单院区门诊楼扶梯预防性修理项目流标公告,流标公告,0686-26300E175815N,2026年09月09日 13:46,北京市,中国医学科学院北京协和医院,北京市东城区王府井帅府园1号,"赵齐霁、黄莹,010-85343384/85343442",北京国际贸易有限公司,北京市朝阳区建国门外大街甲3号,"赵齐霁、黄莹,010-85343384/85343442",,,https://www.ccgp.gov.cn/cggg/zygg/qtgg/./202609/t20260909_27294488.htm,2026-09-09 16:10:43,,,,至投标截止时间止，递交投标文件的供应商不足三家,,,,,,,,,,,
中央美术学院充电桩项目废标公告,流标公告,HL-ZB-24001-50,2026年09月09日 12:18,北京市,中央美术学院,北京市朝阳区花家地南街8号,支老师010-64771908,北京恒乐工程管理有限公司,北京市朝阳区望京中环南路甲2号佳境天城A605,董玉凤、陈震、黄颖、周丹、刘金格、谢万东、李洋、84721120转8064,,,https://www.ccgp.gov.cn/cggg/zygg/qtgg/./202609/t20260909_27294198.htm,2026-09-09 16:10:43,,,,提交文件的供应商不足三家，本项目废标。,,,,,,,,,,,
广州市增城区消防救援大队2026年第二批消防装备采购项目征求意见公告其他,流标公告,,2026年09月09日 12:14,增城市,广州市增城区消防救援大队,广东省广州市增城区荔城大道271号,姚工，020-82619303,详见公告正文,详见公告正文,详见公告正文,"1、广州市增城区消防救援大队2026年消防装备采购计划汇总表.xlsx,2、广州市增城区消防救援大队2026年消防装备技术参数征求意见表.xls","[{""attach_name"": ""1、广州市增城区消防救援大队2026年消防装备采购计划汇总表.xlsx"", ""attach_url"": ""https://download.ccgp.gov.cn/oss/download?uuid=8FA2184E164131CCBD17E201D7632D""}, {""attach_name"": ""2、广州市增城区消防救援大队2026年消防装备技术参数征求意见表.xls"", ""attach_url"": ""https://download.ccgp.gov.cn/oss/download?uuid=765B3F466E3DC212299318462811AA""}]",https://www.ccgp.gov.cn/cggg/zygg/qtgg/./202609/t20260909_27294307.htm,2026-09-09 16:10:43,,0.0,,,,,,,,,,,,,
中国人民银行河源市分行劳务外包服务项目废标公告,流标公告,HYLYNG202608070,2026年09月09日 12:04,市辖区,中国人民银行河源市分行,河源市源城区文明路13号,张女士、0762-3665410,广东蕾阳工程咨询有限公司,河源市越王大道与永和路交口东北侧华达万福基金中银大厦18楼,谢小姐、0762-3169928,,,https://www.ccgp.gov.cn/cggg/zygg/qtgg/./202609/t20260909_27294101.htm,2026-09-09 16:10:44,,,,本项目在法定截止时间内报名的供应商不足三家，根据《政府采购法》第三十六条第一款:“符合专业条件的供应商或者对招标文件作实质响应的供应商不足三家的，应予以废标”，现依法对该项目作废标处理。,,,,,,,,,,,
北京市通州区消防救援支队2026年“119”消防宣传月活动采购项目比选公告,流标公告,ZYZX-FW-26139,2026年09月09日 12:00,通州区,通州区消防救援支队,北京市通州区潞源街道镜澄街与畅和西路交叉口,张老师，010-52821101,北京中域正信工程咨询有限公司,北京市昌平区碧水庄园A5-5,谢赵颖18501206684,,,https://www.ccgp.gov.cn/cggg/zygg/qtgg/./202609/t20260909_27294072.htm,2026-09-09 16:10:44,比选,34.049,,,,,,,,,,,,,
广东省深圳市消防救援支队轨道交通大队2026年生活用品和办公用品配送服务采购项目的遴选公告,流标公告,SSZX2026-304,2026年09月09日 12:00,深圳市,深圳市消防救援支队轨道交通大队,深圳市南山区深南大道10288号,苏工； 联系电话：0755-86182332； 邮编：518000。,深圳市深水水务咨询有限公司,深圳市罗湖区清水河街道清水河社区清水河一路112号罗湖投资控股大厦裙楼401,庄晓琴、刁杰辉、张辰、王旋； 联系电话：13688812350、18707551546。,广东省深圳市消防救援支队轨道交通大队2026年生活用品和办公用品配送服务采购项目遴选文件2026.9.9发售稿.pdf,"[{""attach_name"": ""广东省深圳市消防救援支队轨道交通大队2026年生活用品和办公用品配送服务采购项目遴选文件2026.9.9发售稿.pdf"", ""attach_url"": ""https://download.ccgp.gov.cn/oss/download?uuid=CD686BB4E746EB900EC579C9BBE1B8""}]",https://www.ccgp.gov.cn/cggg/zygg/qtgg/./202609/t20260909_27294070.htm,2026-09-09 16:10:44,,45.24,,,,,,,,,,,,,
北京大学第一医院医疗法律事务常年法律顾问服务采购项目废标公告,流标公告,BZZB-26-320,2026年09月09日 11:30,市辖区,北京大学第一医院,北京市西什库大街 8号,林老师  010-83576448,北京北咨招标有限公司,北京市朝阳区华腾世纪总部公园F座11层1106,王威秀15313132231,,,https://www.ccgp.gov.cn/cggg/zygg/qtgg/./202609/t20260909_27293735.htm,2026-09-09 16:10:44,,,,至投标截止时间递交投标文件的投标单位不足三家，故此项目废标,,,,,,,,,,,
山西省消防救援总队高层建筑火灾救援能力建设项目市场调研公告,流标公告,,2026年09月09日 11:25,山西省,山西省消防救援总队,太原市桃园南路59号,谷先生  0351-3135119,详见公告正文,详见公告正文,详见公告正文,"附件2：XX厂家XX车辆报价单.xlsx,附件3：产品咨询说明.docx,附件4：XX公司调研信息反馈（文件夹）格式.zip,附件5：山西省2020-2022年消防救援队伍专业消防车辆装备建设续采项目需求问卷调查表.doc,附件1：山西省消防救援总队高层建筑火灾救援能力建设项目调研目录.xls","[{""attach_name"": ""附件2：XX厂家XX车辆报价单.xlsx"", ""attach_url"": ""https://download.ccgp.gov.cn/oss/download?uuid=D8AF5B9FD0F889F373858E72B3AA5A""}, {""attach_name"": ""附件3：产品咨询说明.docx"", ""attach_url"": ""https://download.ccgp.gov.cn/oss/download?uuid=22601B83B313A91AE6655B9272D2C9""}, {""attach_name"": ""附件4：XX公司调研信息反馈（文件夹）格式.zip"", ""attach_url"": ""https://download.ccgp.gov.cn/oss/download?uuid=4C140FEF019750C06D43ED4BD76E2D""}, {""attach_name"": ""附件5：山西省2020-2022年消防救援队伍专业消防车辆装备建设续采项目需求问卷调查表.doc"", ""attach_url"": ""https://download.ccgp.gov.cn/oss/download?uuid=2355255B46622C29469E1A4B746500""}, {""attach_name"": ""附件1：山西省消防救援总队高层建筑火灾救援能力建设项目调研目录.xls"", ""attach_url"": ""https://download.ccgp.gov.cn/oss/download?uuid=7A39590804014AF4484AC689FF91E5""}]",https://www.ccgp.gov.cn/cggg/zygg/qtgg/./202609/t20260909_27293668.htm,2026-09-09 16:10:44,,0.0,,,,,,,,,,,,,
赤水市消防救援大队2026年度灭火救援装备采购项目需求公示,流标公告,,2026年09月09日 11:16,赤水市,赤水市消防救援大队,贵州省遵义市赤水市丹霞大道711号,李杰 0851－22820983,贵州阳光产权交易所有限公司,贵阳市观山湖区毕节路58号联合广场A座4层,王晨诗雨 0851-84702383,"附件1：赤水市消防救援大队2026年度灭火救援装备采购项目技术参数表.pdf,附件2：赤水市消防救援大队2026年度灭火救援装备采购项目反馈格式.doc","[{""attach_name"": ""附件1：赤水市消防救援大队2026年度灭火救援装备采购项目技术参数表.pdf"", ""attach_url"": ""https://download.ccgp.gov.cn/oss/download?uuid=A460D9A89ADBEFB3483383E29FBBC0""}, {""attach_name"": ""附件2：赤水市消防救援大队2026年度灭火救援装备采购项目反馈格式.doc"", ""attach_url"": ""https://download.ccgp.gov.cn/oss/download?uuid=C39D59232EA734F3D9E40015504823""}]",https://www.ccgp.gov.cn/cggg/zygg/qtgg/./202609/t20260909_27293587.htm,2026-09-09 16:10:44,,34.91,,,,,,,,,,,,,
兰州大学信息科学与工程学院新型半导体晶圆、器件制作、电路板设计及性能测试服务采购项目（第二标段二次）废标公告,流标公告,LZU-2026-145-FW-GK,2026年09月09日 11:16,兰州市,兰州大学,甘肃省兰州市城关区天水南路222号,0931-8912932、zbk@lzu.edu.cn,甘肃中金国际招标有限公司,兰州市城关区南滨河东路5148号名城广场1号楼2013室,李兴龙、18119421692、396115270@qq.com,,,https://www.ccgp.gov.cn/cggg/zygg/qtgg/./202609/t20260909_27293582.htm,2026-09-09 16:10:44,,,,通过资格审查的投标单位不足三家，本项目予以废标。,,,,,,,,,,,
生态环境部华南环境科学研究所华南区域危险废物环境风险防控技术中心建设项目-专业仪器设备采购项目（一批）（四）（项目编号：M4400000707538972）失败公告（采购包1）,流标公告,M4400000707538972,2026年09月09日 11:06,广东省,生态环境部华南环境科学研究所,广州市黄埔区瑞和路18号,王小姐；020-29119669,广东省机电设备招标有限公司,广州市环市中路316号金鹰大厦9楼911室,郑淇筠、刘雨婷、陈健、陈安琪、宁小萍、王勇新；020-83543621/4566/1759（电子邮箱：gtczb7@126.com）,,,https://www.ccgp.gov.cn/cggg/zygg/qtgg/./202609/t20260909_27293478.htm,2026-09-09 16:10:44,,,,因本项目采购包1符合专业条件的供应商或者对招标文件作实质响应的供应商不足三家，故本项目采购包1招标失败。,,,,,,,,,,,
北大荒集团北安医院医疗附属用房配套工程项目4包（室外污水处理设备）二次废标公告,流标公告,KC2026G0050,2026年09月09日 10:41,黑龙江省,北大荒集团北安医院,黑龙江省北安市北大荒街1号,张先生、0456-6401598,黑龙江康程建设工程咨询有限公司,哈尔滨市南岗区闽江路75号3栋1单元1901室,曲贵瑜、13329466663,,,https://www.ccgp.gov.cn/cggg/zygg/qtgg/./202609/t20260909_27293222.htm,2026-09-09 16:10:44,,,,北大荒集团北安医院医疗附属用房配套工程项目4包（室外污水处理设备）二次符合招标文件要求的投标企业不满足3家，本项目废标。,,,,,,,,,,,
北京市通州区消防救援支队2026年度通州区消防救援网站运维服务比选公告,流标公告,ZYZX-FW-26133,2026年09月09日 10:25,北京市,通州区消防救援支队,北京市通州区潞源街道镜澄街与畅和西路交叉口,张老师  010-52821101,北京中域正信工程咨询有限公司,北京市昌平区碧水庄园A5-5,贾志伟 15718847463,,,https://www.ccgp.gov.cn/cggg/zygg/qtgg/./202609/t20260909_27293062.htm,2026-09-09 16:10:44,比选,23.318,,,,,,,,,,,,,
北京市通州区消防救援支队为台湖、马驹桥地区消防救援站购置“一警六员”实操实训所需器材采购项目比选公告,流标公告,ZYZX-HW-26134,2026年09月09日 10:25,北京市,通州区消防救援支队,北京市通州区潞源街道镜澄街与畅和西路交叉口,张老师  010-52821101,北京中域正信工程咨询有限公司,北京市昌平区碧水庄园A5-5,贾志伟 15718847463,,,https://www.ccgp.gov.cn/cggg/zygg/qtgg/./202609/t20260909_27293066.htm,2026-09-09 16:10:44,比选,16.052,,,,,,,,,,,,,
四川省雅安市气象局中央电视台播报雅安城市天气预报服务(三次）废标公告,流标公告,SCHF2026-0050,2026年09月09日 10:07,雅安市,四川省雅安市气象局,雅安市雨城区南坝东街 2 号,联系人：邹老师；联系方式：18728168138,四川华菲工程项目管理有限公司,雅安市雨城区正和路8号公馆1981B区1栋2层2号,联系人：文老师；联系方式：18882824440,,,https://www.ccgp.gov.cn/cggg/zygg/qtgg/./202609/t20260909_27292891.htm,2026-09-09 16:10:44,,,,因响应文件递交截止时间递交响应文件的供应商不足三家，故本项目作废标处理。,,,,,,,,,,,
对外经济贸易大学校园基础设施改造项目监理服务招标公告,流标公告,,2026年09月09日 10:06,北京市,对外经济贸易大学,朝阳区惠新东街10号,冯老师 010-62021041,北京国际贸易有限公司,北京市朝阳区建国门外大街甲3号,沈添玉、孙权、张敏、郑捷 13011852014,招标公告.pdf,"[{""attach_name"": ""招标公告.pdf"", ""attach_url"": ""https://download.ccgp.gov.cn/oss/download?uuid=FB48221D2A2E8FB4958FEA6DE61FF1""}]",https://www.ccgp.gov.cn/cggg/zygg/qtgg/./202609/t20260909_27292894.htm,2026-09-09 16:10:44,,151.45,,,,,,,,,,,,,
中国中医科学院中药研究所危废处置流标公告,流标公告,0722-26FE2184ZB3,2026年09月09日 09:58,北京市,中国中医科学院中药研究所,北京市东城区东直门内南小街16号,关老师010-64032657,中国远东国际招标有限公司,北京市朝阳区和平街东土城路甲9号,谢喆、范思迪、高冬冬、梅豫家010-64234102,,,https://www.ccgp.gov.cn/cggg/zygg/qtgg/./202609/t20260909_27292825.htm,2026-09-09 16:10:44,,,,截至本项目招标文件售卖截止时间，获取招标文件的潜在投标人不足 3 家，本项目流标。,,,,,,,,,,,
北京市海淀区消防救援支队购置救援运输车项目技术需求征求意见公告,流标公告,,2026年09月09日 09:50,海淀区,北京市海淀区消防救援支队,北京市海淀区旱河路168号消防支队,刘老师 010-82556603,详见公告正文,详见公告正文,详见公告正文,"北京市海淀区消防救援支队购置救援运输车项目技术需求征求意见公告.docx,附件1：北京市海淀区消防救援支队购置救援运输车项目需求调查明细表.xls,附件2：北京市海淀区消防救援支队购置救援运输车项目技术需求征求意见反馈表.doc","[{""attach_name"": ""北京市海淀区消防救援支队购置救援运输车项目技术需求征求意见公告.docx"", ""attach_url"": ""https://download.ccgp.gov.cn/oss/download?uuid=88088CCE51886168A849B24D5ED322""}, {""attach_name"": ""附件1：北京市海淀区消防救援支队购置救援运输车项目需求调查明细表.xls"", ""attach_url"": ""https://download.ccgp.gov.cn/oss/download?uuid=BBFA85179C2CFD12E4A3596584C211""}, {""attach_name"": ""附件2：北京市海淀区消防救援支队购置救援运输车项目技术需求征求意见反馈表.doc"", ""attach_url"": ""https://download.ccgp.gov.cn/oss/download?uuid=3FE3E97A21BC17947EA074CD6467C1""}]",https://www.ccgp.gov.cn/cggg/zygg/qtgg/./202609/t20260909_27293010.htm,2026-09-09 16:10:44,,0.0,,,,,,,,,,,,,
吉林大学第一医院注射泵、输注系统、中央监护工作站、监护仪一批设备采购项目废标公告,流标公告,JD-018-20260718-CG04-C,2026年09月09日 09:47,长春市,吉林大学第一医院,长春市新民大街1号,张老师0431-88783228,中途项目管理有限公司,长春市南关区解放大路与大经路交汇恒兴国际城5号楼606（全安街道办事处6楼）,曹靖敏0431-80543930,,,https://www.ccgp.gov.cn/cggg/zygg/qtgg/./202609/t20260909_27292752.htm,2026-09-09 16:10:45,,,,经评审有效投标人不足三家，本项目废标。,,,,,,,,,,,
网络安全和数据安全应急实战演练服务流标公告,流标公告,ZLGJ-2026-Z0081,2026年09月09日 08:20,北京市,中央统战部信息中心,北京西城区阜外大街35号,李铭泽  010-88387468,中联国际工程管理有限公司,北京市西城区白纸坊东街2号经济日报社A座综合楼1501室,赵季婷  010-68004348,,,https://www.ccgp.gov.cn/cggg/zygg/qtgg/./202609/t20260909_27292398.htm,2026-09-09 16:10:45,,,,递交响应文件的供应商不足3家，本项目流标。,,,,,,,,,,,
阜宁县消防救援大队2026年食材供应外包定点项目流标公告,流标公告,FNXFCG2026-02,2026年09月09日 08:19,阜宁县,阜宁县消防救援大队,阜宁县阜城街道哈尔滨路1001号,谭先生 15396742256,江苏天翔工程项目管理有限公司,盐城市亭湖区长亭路3号长亭商厦1栋501,陈工13961998418,,,https://www.ccgp.gov.cn/cggg/zygg/qtgg/./202609/t20260909_27292397.htm,2026-09-09 16:10:45,,,,截止开标时间，递交响应文件供应商不足三家，本次作流标处理。,,,,,,,,,,,
暨南大学食堂智慧监管系统项目询比公告,流标公告,0877-26GZTP4XE0643,2026年09月08日 20:37,广东省,暨南大学,广州市天河区黄埔大道西601号,020-85220458,广东广招国际招标有限公司,广州市越秀区东风东路745号东山紫园商务大厦2003单元,孔工（邮箱：kongxuejun@gztpc.com咨询，我司会及时回复）020-38931905、38931906、37816286转801（总机）,,,https://www.ccgp.gov.cn/cggg/zygg/qtgg/./202609/t20260908_27291542.htm,2026-09-09 16:10:45,,86.31,,,,,,,,,,,,,
哈尔滨工程大学第二十二学生公寓建设项目变电所工程项目（二次）竞争性磋商公告,流标公告,HTCL-JC-263024,2026年09月08日 20:02,南岗区,哈尔滨工程大学,哈尔滨市南岗区南通大街145号,杜佳媛、杨帆、张庆贺 0451-82519863,黑龙江省招标有限公司,黑龙江省哈尔滨市南岗区汉水路180号,于兆文、於佳  0451-82364713,,,https://www.ccgp.gov.cn/cggg/zygg/qtgg/./202609/t20260908_27291400.htm,2026-09-09 16:10:45,竞争性磋商,304.4,,,,,,,,,,,,,
陕西师范大学未来教师技能实训中心设备采购流标公告,流标公告,AJ26023/ZXGJ-ZB14-2026-017,2026年09月08日 19:37,长安区,陕西师范大学,西安市长安区西长安街620号,曹睿、李婷 029-85310696,中昕国际项目管理有限公司,西安市未央区凤城十二路与文景路东北角首创·禧悦里25栋A座16层,029-81317379-606,,,https://www.ccgp.gov.cn/cggg/zygg/qtgg/./202609/t20260908_27291262.htm,2026-09-09 16:10:45,,,,通过符合性审查的供应商不足三家，本项目流标。,,,,,,,,,,,
光刻工艺专用试剂便捷询价,流标公告,ZGGJ-BJ04-26081655/SIC2026036,2026年09月08日 19:12,北京市,zycgr22011902,/,杨老师 010-57305334,中工国际招标有限公司,北京市朝阳区慧忠路5号远大中心C座2层203,王宇婷、王欣、康进、张跃   010-82952950-814,,,https://www.ccgp.gov.cn/cggg/zygg/qtgg/./202609/t20260908_27291126.htm,2026-09-09 16:10:45,便捷询价,37.0,,,,,,,,,,,,,
单芯片封装加工便捷询价,流标公告,ZGGJ-BJ04-26081670/SIC2026038,2026年09月08日 19:11,北京市,zycgr22011902,/,杨老师 010-57305334,中工国际招标有限公司,北京市朝阳区慧忠路5号远大中心C座2层203,王宇婷、王欣、康进、张跃   010-82952950-814,,,https://www.ccgp.gov.cn/cggg/zygg/qtgg/./202609/t20260908_27291106.htm,2026-09-09 16:10:45,便捷询价,40.0,,,,,,,,,,,,,
中华人民共和国龙口出入境边防检查站警体训练暨托管中心改造项目施工合同公告更正公告,流标公告,YTDX2026-SH-032,2026年09月08日 18:58,龙口市,中华人民共和国龙口出入境边防检查站,龙口市新港路350号,魏助理0535-8833110,烟台德信项目管理有限公司,龙口市新嘉街道顺康小区综合楼三楼,史嘉辉0535-8550016,,,https://www.ccgp.gov.cn/cggg/zygg/qtgg/./202609/t20260908_27291030.htm,2026-09-09 16:10:45,竞争性谈判,,,/,,,,,,,,,,,
中华人民共和国西藏出入境边防检查总站日喀则边境管理支队2026年公务用车保险服务机构选取项目竞争性磋商公告,流标公告,XZHX-DL-20260805,2026年09月08日 18:41,日喀则市,日喀则边境管理支队,日喀则市桑珠孜区朗热路,0892-8335031,西藏瀚祥工程项目管理有限公司,拉萨市堆龙德庆区东嘎时代广场7-1-902号,任先生18100988294,,,https://www.ccgp.gov.cn/cggg/zygg/qtgg/./202609/t20260908_27290782.htm,2026-09-09 16:10:45,竞争性磋商,99.8,,,,,,,,,,,,,
四川省阿坝藏族羌族自治州红原县消防救援大队2026年至2029年度采购代理机构入围比选项目采购公告,流标公告,,2026年09月08日 18:19,红原县,红原县消防救援大队,四川省阿坝藏族羌族自治州红原县桑青路18号,许正 0837-2663298,四川标标忠诚招标代理有限公司,都江堰市新发北路1号河畔雅居2栋一单元,庞老师 028-87262325,介绍信附件 (1).docx,"[{""attach_name"": ""介绍信附件 (1).docx"", ""attach_url"": ""https://download.ccgp.gov.cn/oss/download?uuid=25622497330A8A8B90B5F455AFDB0E""}]",https://www.ccgp.gov.cn/cggg/zygg/qtgg/./202609/t20260908_27290562.htm,2026-09-09 16:10:45,,0.0,,,,,,,,,,,,,
选取2026年度总队新训大队副食品供应商项目二次流标公告,流标公告,QZ2026-034,2026年09月08日 18:16,黑龙江省,黑龙江省森林消防总队,哈尔滨市南岗区千山路99号,张助理0451-70702118,黑龙江千铸工程项目管理有限公司,哈尔滨市道里区群力外滩1898 A5栋2单元2401,张女士0451-84362076,,,https://www.ccgp.gov.cn/cggg/zygg/qtgg/./202609/t20260908_27290538.htm,2026-09-09 16:10:45,,,,经评审专家一致认为招标文件项目需求存在重大歧义，无法继续评标，现终止招标。,,,,,,,,,,,
林芝市消防救援支队关于征集2026年度政府采购代理机构合作意向的公告,流标公告,,2026年09月08日 17:48,林芝地区,林芝市消防救援支队,西藏自治区林芝市巴宜区平安路99号,王先生（0894-5823538）,/,/,/,"林芝市消防救援支队关于征集2026年度政府采购代理机构合作意向的公告.docx,附件1：采购代理机构合作意向申请表.xls,附件2：招标代理机构资格审查表.docx,附件3：招标代理机构评分表.docx","[{""attach_name"": ""林芝市消防救援支队关于征集2026年度政府采购代理机构合作意向的公告.docx"", ""attach_url"": ""https://download.ccgp.gov.cn/oss/download?uuid=B6CF16DFF75F9E7BA146A6E37F78A2""}, {""attach_name"": ""附件1：采购代理机构合作意向申请表.xls"", ""attach_url"": ""https://download.ccgp.gov.cn/oss/download?uuid=F23BD7F06A7CF92CB8814A912860C4""}, {""attach_name"": ""附件2：招标代理机构资格审查表.docx"", ""attach_url"": ""https://download.ccgp.gov.cn/oss/download?uuid=4B2DF239AA1DB6CFE4A98B740BD1A9""}, {""attach_name"": ""附件3：招标代理机构评分表.docx"", ""attach_url"": ""https://download.ccgp.gov.cn/oss/download?uuid=9F9D69470B2329E30E59FF1B65C030""}]",https://www.ccgp.gov.cn/cggg/zygg/qtgg/./202609/t20260908_27290028.htm,2026-09-09 16:10:45,,0.0,,,,,,,,,,,,,
天津大学天津纳米颗粒与纳米系统国际研究中心膜厚监测系统采购项目快速磋商公告,流标公告,TDZC2026N0164,2026年09月08日 17:47,天津市,天津大学,天津市南开区卫津路92号,巩老师、蔡老师022-27407504（招标办）,盛和招标代理有限公司,天津市南开区白堤路180号万科时代中心26楼2601,许铖铖、苏云龙、侯美玲、梁冰、苗增文、窦玉玲、李亚昭  18561713928、15132685035,,,https://www.ccgp.gov.cn/cggg/zygg/qtgg/./202609/t20260908_27289988.htm,2026-09-09 16:10:45,,70.0,,,,,,,,,,,,,
天津大学天津纳米颗粒与纳米系统国际研究中心光电探测系统采购项目快速磋商公告,流标公告,,2026年09月08日 17:40,天津市,天津大学,天津市南开区卫津路92号,巩老师、蔡老师022-27407504（招标办）,北京泛华国金工程咨询有限公司,天津市西青区新科道与新津二支路交口新科园12号楼二楼,周烨、陈树锦、李曼、张强  022-23710307,,,https://www.ccgp.gov.cn/cggg/zygg/qtgg/./202609/t20260908_27289806.htm,2026-09-09 16:10:45,,50.0,,,,,,,,,,,,,
天津大学天津纳米颗粒与纳米系统国际研究中心冷却水循环系统采购项目快速磋商公告,流标公告,TDZC2026N0122,2026年09月08日 17:39,天津市,天津大学,天津市南开区卫津路92号,巩老师、蔡老师022-27407504（招标办）,天津滨德招标代理有限公司,天津市河东区九纬路103号万泰大厦10层,郝均璐、王萌、杨姣姣、郝文杰022-24213608,,,https://www.ccgp.gov.cn/cggg/zygg/qtgg/./202609/t20260908_27289798.htm,2026-09-09 16:10:46,,84.0,,,,,,,,,,,,,
吉林大学五轴联动立式加工中心采购项目废标公告,流标公告,0772-2641O114B159,2026年09月08日 17:32,长春市,吉林大学,吉林省长春市前进大街2699号,林老师 0431-85167310,中国机电工程招标有限公司,吉林省长春市经济开发区北海路与仙台大街交汇融汇中央广场8栋920室,唐蕊、王光哲、王健航 13756479915,,,https://www.ccgp.gov.cn/cggg/zygg/qtgg/./202609/t20260908_27289588.htm,2026-09-09 16:10:46,,,,因重大变故，原采购任务取消。本项目做废标处理。,,,,,,,,,,,
北京市朝阳区消防救援支队基层消防站燃气锅炉更换项目废标公告,流标公告,ZYZB-2026-0833,2026年09月08日 17:21,北京市,朝阳区消防救援支队,北京市朝阳区百子湾路与西大望路交叉口东北角,010-85851341,中钰招标有限公司,北京市丰台区四合庄路2号院4号楼1至17层101内17层1701,崔鹏、刘晶晶、朱艳梅、李倩、郭玉婷、金俐成、丁峥敏、张书玲、卢雪010-60624505转810/816,,,https://www.ccgp.gov.cn/cggg/zygg/qtgg/./202609/t20260908_27289304.htm,2026-09-09 16:10:46,,,,截止到递交响应文件时间止，递交响应文件的供应商不足三家，本项目废标,,,,,,,,,,,
民大附中朝阳学校化学实验室设备采购项目公开比选公告,流标公告,,2026年09月08日 17:16,北京市,中央民族大学附属中学,北京市海淀区法华寺甲5号,李立国17611293813,中钰招标有限公司,北京市丰台区四合庄路2号院4号楼1至17层101内17层1701,单楠、郭玉婷、刘晶晶、李倩、金俐成、张书玲、卢雪010-60624505转807或821,民大附中朝阳学校化学实验室设备采购项目比选公告09.07发布.pdf,"[{""attach_name"": ""民大附中朝阳学校化学实验室设备采购项目比选公告09.07发布.pdf"", ""attach_url"": ""https://download.ccgp.gov.cn/oss/download?uuid=5E3C9C1015E66AFDF56D4D8598FD99""}]",https://www.ccgp.gov.cn/cggg/zygg/qtgg/./202609/t20260908_27289207.htm,2026-09-09 16:10:46,公开比选,21.941699,,,,,,,,,,,,,
哈尔滨工程大学第二十二学生公寓建设项目超低能耗断桥铝合金门窗等采购及安装评标结果公示,流标公告,CS0100G26026,2026年09月08日 17:15,黑龙江省,哈尔滨工程大学,哈尔滨市南岗区南通大街145号,杨老师、张老师0451-82519863,黑龙江省招标有限公司,黑龙江省哈尔滨市南岗区汉水路180号,曲柏涵、张国政 0451-82364724,,,https://www.ccgp.gov.cn/cggg/zygg/qtgg/./202609/t20260908_27289142.htm,2026-09-09 16:10:46,,310.2642,,,,,,,,,,,,,
肇庆市消防救援支队封开县消防救援大队2026年灭火救援装备采购项目采购需求参数征求意见公告其他,流标公告,,2026年09月08日 17:09,端州区,肇庆市消防救援支队,广东省肇庆市端州区信安大道122区立德路6号,徐助理0758-2736298,广东省政府采购中心,广东省广州市越秀区越华路112号珠江国际大厦3楼,潘工020-83187181,"封开县消防救援大队2026年灭火救援装备采购项目需求技术参数.doc,封开县消防救援大队2026年灭火救援装备采购项目需求征求意见表.xls","[{""attach_name"": ""封开县消防救援大队2026年灭火救援装备采购项目需求技术参数.doc"", ""attach_url"": ""https://download.ccgp.gov.cn/oss/download?uuid=82979229BEE292A65959BC649E1695""}, {""attach_name"": ""封开县消防救援大队2026年灭火救援装备采购项目需求征求意见表.xls"", ""attach_url"": ""https://download.ccgp.gov.cn/oss/download?uuid=55BAD07F3DEF74FAE50021D6701A19""}]",https://www.ccgp.gov.cn/cggg/zygg/qtgg/./202609/t20260908_27289791.htm,2026-09-09 16:10:46,,0.0,,,,,,,,,,,,,
中国传媒大学消防报警设施更换及消防总控升级(二期)项目（二次）废标公告,流标公告,中传招标【2026】第031号/BMCC-ZC26-0978,2026年09月08日 17:06,北京市,中国传媒大学,北京市朝阳区定福庄东街一号,刘老师 010-65783922,北京明德致信咨询有限公司,北京市海淀区学院路30号科大天工大厦B座1709室,"王蕾蕾、赵文宇、吕绍山、周洁琼、王爽、王希、孙恺宁,010－61196170,wll@zbbmcc.com",废标公告-0978-1.docx,"[{""attach_name"": ""废标公告-0978-1.docx"", ""attach_url"": ""https://download.ccgp.gov.cn/oss/download?uuid=FA2CC88A9EDE8F5A97DA0E3F486F6E""}]",https://www.ccgp.gov.cn/cggg/zygg/qtgg/./202609/t20260908_27288909.htm,2026-09-09 16:10:46,,,,对招标文件作实质响应的供应商不足三家，本项目作废标处理。,,,,,,,,,,,
南宁市消防救援支队轨道交通大队2026年食堂主副食品配送项目采购结果公告,流标公告,GXHH(Z)2026031G3,2026年09月08日 17:03,广西壮族自治区,南宁市消防救援支队轨道交通大队,广西南宁江南区洪运路28号,奉仰君0771-4306136,广西海恒项目管理有限公司,南宁市青秀区竹溪大道2号荣恒国际名都A座16层1612室,张桂铭、陈志海、黄明丽0771-2381634,,,https://www.ccgp.gov.cn/cggg/zygg/qtgg/./202609/t20260908_27288796.htm,2026-09-09 16:10:46,,,,本项目资格及符合性审查后，有效供应商不足三家，项目废标。,,,,,,,,,,,
同济大学动力电池环境模拟测试系统采购项目废标公告,流标公告,Z20260234,2026年09月08日 17:02,上海市,同济大学,上海市杨浦区四平路1239号,戴老师  13764638702,江苏省华采招标有限公司,上海市普陀区云岭东路235号上海跨国采购中心3号楼5层,刘翠红、王冬  021-52181959,,,https://www.ccgp.gov.cn/cggg/zygg/qtgg/./202609/t20260908_27288790.htm,2026-09-09 16:10:46,,,,有效供应商不足三家，故本项目废标。,,,,,,,,,,,
厦门务实-公开招标-2026-WS348营养盐分析仪结果公告,流标公告,2026-WS348,2026年09月08日 17:02,厦门市,自然资源部第三海洋研究所,厦门市大学路178号,倪老师0592-2195352,厦门市务实采购有限公司,厦门市思明区莲岳路221-1号公交大厦A栋7楼,方慧敏：0592-5822903，前台报名:0592-5822910,定稿-WS348 营养盐分析仪招标文件.pdf,"[{""attach_name"": ""定稿-WS348 营养盐分析仪招标文件.pdf"", ""attach_url"": ""https://download.ccgp.gov.cn/oss/download?uuid=3DA022D412AF978FAD4561CFD65581""}]",https://www.ccgp.gov.cn/cggg/zygg/qtgg/./202609/t20260908_27288788.htm,2026-09-09 16:10:46,,,,因投标人不足三家，本次公开招标失败。 1、公告期限为本公告发布之日起1个工作日。2、未中标供应商可在本公告发出后五个工作日内凭保证金退还申请书办理退还保证金等事宜。,,,,,,,,,,,
延寿县消防救援大队延寿大队2026年食堂食材供应商服务项目（四次）废标公告,流标公告,CFGC(CG-CS)2026-003,2026年09月08日 17:01,延寿县,延寿县消防救援大队,延寿镇工业园区泰山路18号,张女士0451-53014119,黑龙江省颀晟全过程项目管理有限公司,黑龙江省齐齐哈尔市龙沙区黑龙江省齐齐哈尔市龙沙区民生创业园5层508室,黑龙江省颀晟全过程项目管理有限公司16517075411,,,https://www.ccgp.gov.cn/cggg/zygg/qtgg/./202609/t20260908_27288733.htm,2026-09-09 16:10:46,,,,符合专业条件的供应商或者对招标文件作实质响应的供应商不足法定数量,,,,,,,,,,,
SPD-03上海某单位电磁屏蔽室维护检测采购项目零星采购,流标公告,,2026年09月08日 16:59,徐汇区,SPD-03,上海市徐汇区康平路与余庆路交叉路口,成老师021-33265076,无,无,无,△电磁屏蔽室维护检测采购项目零星采购文件.docx,"[{""attach_name"": ""△电磁屏蔽室维护检测采购项目零星采购文件.docx"", ""attach_url"": ""https://download.ccgp.gov.cn/oss/download?uuid=0B533ECF31168AB779251D982A441B""}]",https://www.ccgp.gov.cn/cggg/zygg/qtgg/./202609/t20260908_27289478.htm,2026-09-09 16:10:46,,18.0,,,,,,,,,,,,,
上海市闵行区消防救援支队2026年新支队部家具采购项目公开比选公告(第二次),流标公告,采招2026-1541,2026年09月08日 16:59,闵行区,闵行区消防救援支队,上海市闵行区莘松路585号,卢老师 021-64880119,上海百通项管科技有限公司,上海市浦东新区向城路58号6楼,康静 17301603161,,,https://www.ccgp.gov.cn/cggg/zygg/qtgg/./202609/t20260908_27288693.htm,2026-09-09 16:10:46,,77.7389,,,,,,,,,,,,,
中国金融电子化集团有限公司2026年计算机终端采购项目终止公告,流标公告,,2026年09月08日 16:58,北京市,中国金融电子化集团有限公司,不详,1,中国金融电子化集团有限公司,不详,18611595229,,,https://www.ccgp.gov.cn/cggg/zygg/qtgg/./202609/t20260908_27288829.htm,2026-09-09 16:10:47,,206.9,,,,,,,,,,,,,
山东省地震局山东省地震科普公众逃生避险安全教育中心展项布展项目监理服务比选公告,流标公告,,2026年09月08日 16:56,济南市,山东省地震局,山东省济南市历城区港西路2066号,刘老师0531-58622346,山东鲁华招标有限公司,济南市历下区文化东路29号七星吉祥大厦B座10层,谢老师0531-81763232,,,https://www.ccgp.gov.cn/cggg/zygg/qtgg/./202609/t20260908_27288650.htm,2026-09-09 16:10:47,,45.0,,,,,,,,,,,,,
中国科学院上海光学精密机械研究所KDP晶体加工及镀膜流标公告,流标公告,STC26A358,2026年09月08日 16:54,上海市,中国科学院上海光学精密机械研究所,上海市嘉定区清河路390号,戴 君 021-69918871,上海中招招标有限公司,上海市静安区恒丰路600号机电大厦5楼B座办公室,陈永亮、陶琳琳 021-66279073、18017209807,358-KDP晶体加工及镀膜-招标文件-发售稿-终版.pdf,"[{""attach_name"": ""358-KDP晶体加工及镀膜-招标文件-发售稿-终版.pdf"", ""attach_url"": ""https://download.ccgp.gov.cn/oss/download?uuid=2A701210E5CADE9ACAD9E779DD767F""}]",https://www.ccgp.gov.cn/cggg/zygg/qtgg/./202609/t20260908_27288574.htm,2026-09-09 16:10:47,,,,通过资格性审查的合格投标人不足三家，不能进行评审， 本次采购失败，项目流标。,,,,,,,,,,,
中国信息通信研究院密码测评设备采购项目磋商失败公告,流标公告,0701-264113027W72,2026年09月08日 16:53,北京市,中国信息通信研究院,北京市海淀区花园北路52号,司老师、siwei1@caict.ac.cn,中技国际招标有限公司,北京市丰台区西营街1号院通用时代中心C座,田嘉、010-81168201,,,https://www.ccgp.gov.cn/cggg/zygg/qtgg/./202609/t20260908_27288501.htm,2026-09-09 16:10:47,,,,本项目有效供应商不足3家，根据《中华人民共和国政府采购法》和《政府采购竞争性磋商采购方式管理暂行办法》等相关规定，本项目磋商失败。,,,,,,,,,,,
沈阳铁路公安局锦州公安处公务车辆加油服务项目废标公告,流标公告,LNHYCS2026082454,2026年09月08日 16:46,市辖区,沈阳铁路公安局锦州公安处,辽宁省锦州市,任先生0416-2552578,辽宁华曜工程管理有限公司,锦州市古塔区延安路二段126-66号,庞先生18041676608,,,https://www.ccgp.gov.cn/cggg/zygg/qtgg/./202609/t20260908_27288344.htm,2026-09-09 16:10:47,,,,报名截止时间止，报名供应商不满足3家，故作废标处理。,,,,,,,,,,,
中华人民共和国番禺出入境边防检查站存量公房修缮项目比价公告（第二次）,流标公告,,2026年09月08日 16:40,番禺区,中华人民共和国番禺出入境边防检查站,广州市番禺区市桥街康乐路63号,彭警官，16626436824,详见公告正文,详见公告正文,详见公告正文,"附件2 番禺边检存量房维修项目工程量报价清单.zip,装修图纸.zip,电气图纸.zip,给排水图纸.zip,附件1 番禺边检存量房维修项目需求书（二次）.doc","[{""attach_name"": ""附件2 番禺边检存量房维修项目工程量报价清单.zip"", ""attach_url"": ""https://download.ccgp.gov.cn/oss/download?uuid=1452679275B33915F89C128B08EC3E""}, {""attach_name"": ""装修图纸.zip"", ""attach_url"": ""https://download.ccgp.gov.cn/oss/download?uuid=D48F85D3CBA5263E970B620FBCC963""}, {""attach_name"": ""电气图纸.zip"", ""attach_url"": ""https://download.ccgp.gov.cn/oss/download?uuid=2E705225D2CCCA75F82CEC6CD5CF3D""}, {""attach_name"": ""给排水图纸.zip"", ""attach_url"": ""https://download.ccgp.gov.cn/oss/download?uuid=4A81D30A1BCFDB5F21C46181267CBA""}, {""attach_name"": ""附件1 番禺边检存量房维修项目需求书（二次）.doc"", ""attach_url"": ""https://download.ccgp.gov.cn/oss/download?uuid=C50AA3D6CF360AADF28DF4E382A9FE""}]",https://www.ccgp.gov.cn/cggg/zygg/qtgg/./202609/t20260908_27289031.htm,2026-09-09 16:10:47,,13.894526,,,,,,,,,,,,,
广东省深圳市福田区消防救援大队2026年政府专职消防员职业健康体检服务采购项目遴选公告,流标公告,,2026年09月08日 16:32,福田区,深圳市福田区消防救援大队,深圳市福田区莲花街道景田路103号,方工0755-33621280,深圳市友和招标有限公司,深圳市福田区福强路3030号福田体育公园西北角友和招标代理服务中心（靠近北门）,潘艺伟0755-83881283,【发布稿】广东省深圳市福田区消防救援大队2026年政府专职消防员职业健康体检服务采购项目_已签章.pdf,"[{""attach_name"": ""【发布稿】广东省深圳市福田区消防救援大队2026年政府专职消防员职业健康体检服务采购项目_已签章.pdf"", ""attach_url"": ""https://download.ccgp.gov.cn/oss/download?uuid=C7E3485D1A722738F3E8778D374019""}]",https://www.ccgp.gov.cn/cggg/zygg/qtgg/./202609/t20260908_27287953.htm,2026-09-09 16:10:47,,58.2,,,,,,,,,,,,,
昌都市消防救援支队关于政府采购代理机构合作意向征集结果的公示,流标公告,无,2026年09月08日 16:31,西藏自治区,昌都市消防救援支队,西藏昌都市卡若区马草坝92号,0895-4926047,详见公告正文,详见公告正文,详见公告正文,,,https://www.ccgp.gov.cn/cggg/zygg/qtgg/./202609/t20260908_27287911.htm,2026-09-09 16:10:47,,,,其他结果公告,,,,,,,,,,,
南京大学电加热滚塑系统采购项目废标公告,流标公告,JSTCC26002105951/GZH2602395,2026年09月08日 16:29,南京市,南京大学,南京市栖霞区仙林大道163号,胡老师，025-89688969,江苏省招标中心有限公司,江苏省南京市鼓楼区郑和中路118号D座12楼,赵真、崔煜婷、鲁民颉、姜瑶、陈诚，025-82281932、83307019、83249927、83249926、83248600,,,https://www.ccgp.gov.cn/cggg/zygg/qtgg/./202609/t20260908_27287833.htm,2026-09-09 16:10:47,,,,有效供应商不足三家，本项目作废标处理。,,,,,,,,,,,
南京大学微通道多功能中试合成系统项目废标公告,流标公告,JSTCC26002105957/GZH2602397,2026年09月08日 16:29,南京市,南京大学,南京市栖霞区仙林大道163号,胡老师，025-89688969,江苏省招标中心有限公司,江苏省南京市鼓楼区郑和中路118号D座12楼,赵真、崔煜婷、鲁民颉、姜瑶、陈诚，025-82281932、83307019、83249927、83249926、83248600,,,https://www.ccgp.gov.cn/cggg/zygg/qtgg/./202609/t20260908_27287834.htm,2026-09-09 16:10:47,,,,有效供应商不足三家，本项目作废标处理。,,,,,,,,,,,
SPD-27吉林省某单位警营文化园地展板制作项目流标公告,流标公告,JYZB2026-45,2026年09月08日 16:28,长春市,SPD-27,吉林省长春市,杨超、0431-82097135,长春建业集团股份有限公司,长春市南关区南溪智融一期5号楼,成新宇、刘艳梅、0431-81808101,,,https://www.ccgp.gov.cn/cggg/zygg/qtgg/./202609/t20260908_27287838.htm,2026-09-09 16:10:47,,,,有效投标人不足三家，本次招标失败。,,,,,,,,,,,
南草厂49号院内建筑配套设施修缮更新项目遴选公告,流标公告,,2026年09月08日 16:28,北京市,中共中央对外联络部机关服务中心,北京市海淀区复兴路4号,/,北京中诚正信工程咨询有限公司,北京市海淀区马甸东路17号15层1518,伍小洒、王赛男、闫红，15801438859,南草厂遴选公告.docx,"[{""attach_name"": ""南草厂遴选公告.docx"", ""attach_url"": ""https://download.ccgp.gov.cn/oss/download?uuid=1CCFD72A23A7B89CBAB0C92A007C91""}]",https://www.ccgp.gov.cn/cggg/zygg/qtgg/./202609/t20260908_27287839.htm,2026-09-09 16:10:47,,19.615636,,,,,,,,,,,,,
中联部办公区东门修缮项目遴选公告,流标公告,,2026年09月08日 16:28,北京市,中共中央对外联络部机关服务中心,北京市海淀区复兴路4号,/,北京中诚正信工程咨询有限公司,北京市海淀区马甸东路17号15层1518,伍小洒、王赛男、闫红，15801438859,东门修缮遴选公告.docx,"[{""attach_name"": ""东门修缮遴选公告.docx"", ""attach_url"": ""https://download.ccgp.gov.cn/oss/download?uuid=D95E287B952B3A04C0ED0884B053BD""}]",https://www.ccgp.gov.cn/cggg/zygg/qtgg/./202609/t20260908_27287797.htm,2026-09-09 16:10:47,,33.411218,,,,,,,,,,,,,
2026年铁道战备舟桥处舟桥一区训练基地维修改造项目中标候选人公示,流标公告,SDJZJSZX-202631,2026年09月08日 16:25,齐河县,铁道战备舟桥处,德州市齐河县齐晏大街649号,王先生、18253470020,山东聚智技术咨询有限公司,山东省济南市长清区崮云湖街道海棠路8588创新谷西城软件园,吴女士、18605348031,附件.rar,"[{""attach_name"": ""附件.rar"", ""attach_url"": ""https://download.ccgp.gov.cn/oss/download?uuid=1C7AB881834D7DFF5F190EE7F69696""}]",https://www.ccgp.gov.cn/cggg/zygg/qtgg/./202609/t20260908_27287746.htm,2026-09-09 16:10:48,,,,无,,,,,,,,,,,
国家税务总局成都市金牛区税务局非执法类税收辅助服务采购项目废标公告,流标公告,ZHRSZB-2026-076T,2026年09月08日 16:22,成都市,国家税务总局成都市金牛区税务局,成都市金牛区沙湾路69号,袁老师；028-87700785,四川众合融晟招标咨询有限公司,成都市武侯区黉门街36号正成商翼5楼510室,申女士；028-83399269,,,https://www.ccgp.gov.cn/cggg/zygg/qtgg/./202609/t20260908_27287699.htm,2026-09-09 16:10:48,,,,本项目递交投标文件单位不足三家，故废标。,,,,,,,,,,,
丹东边境管理支队边海防基础设施维护改造采购项目比价公告,流标公告,2026-HQBZC-006,2026年09月08日 16:20,振兴区,丹东边境管理支队,丹东市振兴区中心北路1号,于警官、杜警官   0415-4144699,详见公告正文,详见公告正文,详见公告正文,,,https://www.ccgp.gov.cn/cggg/zygg/qtgg/./202609/t20260908_27288457.htm,2026-09-09 16:10:48,比价,10.916766,,,,,,,,,,,,,
2026年金蝶订阅服务采购单一来源采购征集意见公示,流标公告,,2026年09月08日 16:19,北京市,成都印钞有限公司,不详,不详,中国印钞造币集团有限公司,不详,13260271761,,,https://www.ccgp.gov.cn/cggg/zygg/qtgg/./202609/t20260908_27287773.htm,2026-09-09 16:10:48,,0.007,,,,,,,,,,,,,
关于了翁社区消防站改造工程邀请比选的供应商征集公告,流标公告,,2026年09月08日 16:18,蒲江县,蒲江县消防救援大队,蒲江县鹤山街道工业南路4号,邓老师  028-88522119,四川鑫沅招标代理有限公司,成都市武侯区武科西一路65号B座201号,王女士028-87765239或87766602转8803,附件.docx,"[{""attach_name"": ""附件.docx"", ""attach_url"": ""https://download.ccgp.gov.cn/oss/download?uuid=B20E1FF6DABD11471F5B2D267E8ACF""}]",https://www.ccgp.gov.cn/cggg/zygg/qtgg/./202609/t20260908_27287574.htm,2026-09-09 16:10:48,,18.6,,,,,,,,,,,,,
海南税务2026年区块链国有土地使用权出让收入场景优化升级、金四多云运维管理平台及金税三期系统等运行维护项目结果公告（采购包1）,流标公告,HNZC2026-039-004,2026年09月08日 16:17,海南省,国家税务总局海南省税务局,海南省海口市龙昆北路10号,王女士 0898-66770981,海南政采招投标有限公司,海口市国贸路49号中衡大厦13楼A座,郑辉琪 0898-68501635/13698927983,,,https://www.ccgp.gov.cn/cggg/zygg/qtgg/./202609/t20260908_27287558.htm,2026-09-09 16:10:48,,,,神州数码信息系统有限公司提供的相关人员社保缴纳证明材料所体现的人员社保缴纳单位与投标人单位名称不一致，且投标文件中未提供实施人员为实施单位的正式人员的证明材料，不满足技术和服务要求中“2.1.3★信息化服务实施人员要求：本项目涉及信息化服务实施人员的，实施人员应当是实施单位的正式人员，或者是与实施单位签订1年以上劳动合同且实际工作满1年的人员”的实质性要求。本标包对招标文件作实质响应的供应商不足法定数量，作废标处理。,,,,,,,,,,,
四川省成都市青白江区消防救援大队2026年度人身意外险采购项目废标公告,流标公告,SCSWZB-CD202610236,2026年09月08日 16:16,成都市,成都市青白江区消防救援大队,青白江区复兴大道766号消防救援大队,肖老师 028-83665081,四川顺为招标代理有限公司,成都市武侯区武科西一路3号2栋1单元5层,宋老师 19180456384,（磋商）成都市青白江区消防救援大队2026年度人身意外险采购项目.pdf,"[{""attach_name"": ""（磋商）成都市青白江区消防救援大队2026年度人身意外险采购项目.pdf"", ""attach_url"": ""https://download.ccgp.gov.cn/oss/download?uuid=4C7008EEA4AA61D1F840253A8DBD6B""}]",https://www.ccgp.gov.cn/cggg/zygg/qtgg/./202609/t20260908_27287543.htm,2026-09-09 16:10:48,,,,因通过资格性审查的供应商不足3家，故本项目废标。,,,,,,,,,,,
中央音乐学院2026年房屋公开招租项目,流标公告,,2026年09月08日 16:10,北京市,中央音乐学院,北京市西城区鲍家街43号,齐老师010-81168098   18697131273,/,/,/,招租公告.pdf,"[{""attach_name"": ""招租公告.pdf"", ""attach_url"": ""https://download.ccgp.gov.cn/oss/download?uuid=684DF68F39036390925FB757130A43""}]",https://www.ccgp.gov.cn/cggg/zygg/qtgg/./202609/t20260908_27287377.htm,2026-09-09 16:10:48,,0.0,,,,,,,,,,,,,
国家工业信息安全发展研究中心东楼地下1层配电设施设备安全改造结果公告,流标公告,TC261403L,2026年09月08日 16:00,北京市,国家工业信息安全发展研究中心,北京市石景山区鲁谷路35号,王敬宇，010-88686045,中招国际招标有限公司,北京市海淀区学院南路62号中关村资本大厦902A,王圣英、张晓辉、索宏颖、李洋、王冲，010-61954162,,,https://www.ccgp.gov.cn/cggg/zygg/qtgg/./202609/t20260908_27287164.htm,2026-09-09 16:10:48,,,,截止到比选响应文件递交截止时间，有效供应商不足，本项目流标。,,,,,,,,,,,
国家粮食和物资储备局黑龙江局五二五处国家粮食和物资储备局黑龙江局525处某项目邀请施工总承包单位投标单位征集公告（二次）,流标公告,,2026年09月08日 15:57,五常市,国家粮食和物资储备局黑龙江局五二五处,黑龙江省哈尔滨市五常市山河镇奋斗路27号,郝磊 0451-53568019,中诚百信工程咨询集团有限公司,哈尔滨市群力新区金中环广场F座5层左侧玻璃门5002室,王全忠 0451-86233929,征集文件申领表-国家粮食和物资储备局黑龙江局525处某项目施工（二次）.docx,"[{""attach_name"": ""征集文件申领表-国家粮食和物资储备局黑龙江局525处某项目施工（二次）.docx"", ""attach_url"": ""https://download.ccgp.gov.cn/oss/download?uuid=6EE2806F3F532E9CE897737C1A6926""}]",https://www.ccgp.gov.cn/cggg/zygg/qtgg/./202609/t20260908_27287108.htm,2026-09-09 16:10:48,,0.0,,,,,,,,,,,,,
阿勒泰海关塔克什肯口岸基础设施修缮项目废标公告,流标公告,shylc-2690-048,2026年09月08日 15:56,阿勒泰市,中华人民共和国阿勒泰海关,阿勒泰市银水路11号,0906-2312800（工作业务电话）,上海屹骊管理咨询有限公司,0991-3336560（工作业务电话）,吴坤 李雪 刘硕 蔡紫薇,,,https://www.ccgp.gov.cn/cggg/zygg/qtgg/./202609/t20260908_27287120.htm,2026-09-09 16:10:48,,,,有效供应商不足三家,,,,,,,,,,,
中国传媒大学游泳馆承包经营管理项目（三次）比选公告,流标公告,中传招标【2026】第057号/BMCC-ZC26-1166,2026年09月08日 15:53,北京市,中国传媒大学,北京市朝阳区定福庄东街一号,刘老师 010-65783922,北京明德致信咨询有限公司,北京市海淀区学院路30号科大天工大厦B座1709室,王蕾蕾、赵文宇、吕绍山、周洁琼、王爽、王希、孙恺宁010－61196170 wll@zbbmcc.com,1166比选公告.docx,"[{""attach_name"": ""1166比选公告.docx"", ""attach_url"": ""https://download.ccgp.gov.cn/oss/download?uuid=4E2EE914E41B5378F9CB1D33F5E443""}]",https://www.ccgp.gov.cn/cggg/zygg/qtgg/./202609/t20260908_27287037.htm,2026-09-09 16:10:48,,0.0,,,,,,,,,,,,,
中国福利彩票发行管理中心2026年短视频平台福彩开奖节目直播项目废标公告,流标公告,2640STC62710,2026年09月08日 15:52,北京市,中国福利彩票发行管理中心本级,北京市朝阳区北四环东路73号,李老师 010-58125705,中钢招标有限责任公司,北京市海淀区海淀大街8号中钢国际广场16层,赵锦华、邱羽翰、刘晴、刘姗姗、尹皓，联系方式详见采购公告其他补充事宜,,,https://www.ccgp.gov.cn/cggg/zygg/qtgg/./202609/t20260908_27287043.htm,2026-09-09 16:10:48,,,,本项目共3家投标人提交投标文件，1家投标人未通过资格审查，因通过资格审查的投标人不足3家，依法未进行评标；根据《中华人民共和国政府采购法》第三十六条第一款第（一）项的规定，本项目废标。,,,,,,,,,,,
清华大学电镜年度维保服务采购项目废标公告,流标公告,OITC-G260571715/清采招第20260349号,2026年09月08日 15:51,北京市,清华大学,北京市海淀区清华园,010-62797699,东方国际招标有限责任公司,北京市海淀区丹棱街1号互联网金融中心20层,同项目联系方式,清采招第20260349号-招标文件-电镜年度维保服务发布稿.pdf,"[{""attach_name"": ""清采招第20260349号-招标文件-电镜年度维保服务发布稿.pdf"", ""attach_url"": ""https://download.ccgp.gov.cn/oss/download?uuid=9F332760E140EEAF0F283487539430""}]",https://www.ccgp.gov.cn/cggg/zygg/qtgg/./202609/t20260908_27287010.htm,2026-09-09 16:10:49,,,,因投标人不足3家，依法未进行开标，本项目废标。,,,,,,,,,,,
中国科学院动物研究所靶向生物农药创制反应器采购项目废标公告,流标公告,OITC-G260172091,2026年09月08日 15:51,北京市,中国科学院动物研究所,北京市朝阳区北辰西路1号院5号,袁老师010-64807573,东方国际招标有限责任公司,北京市海淀区丹棱街1号互联网金融中心20层,迟兆洋、叶明、芮虎峥、荀笑尘010-68290589/0583/0548/ mye@oitc.com.cn、hzrui@oitc.com.cn、xcxun@oitc.com.cn,_2091-靶向生物农药创制反应器【8.21发布稿】(1).doc,"[{""attach_name"": ""_2091-靶向生物农药创制反应器【8.21发布稿】(1).doc"", ""attach_url"": ""https://download.ccgp.gov.cn/oss/download?uuid=5D5B4FF4B6FE40D5C8977098D42A72""}]",https://www.ccgp.gov.cn/cggg/zygg/qtgg/./202609/t20260908_27287001.htm,2026-09-09 16:10:49,,,,实质性满足磋商文件要求的供应商不足三家，本项目废标。,,,,,,,,,,,
西北工业大学激光特性测试子系统（三次）废标公告,流标公告,ZC26T310041,2026年09月08日 15:50,西安市,西北工业大学,陕西省西安市碑林区友谊西路127号,严老师029-88493786（技术负责人：墨老师18810437638）,中招工业发展（北京）有限公司,北京市海淀区万寿路27号院1号楼,丁丰；010-68209665,,,https://www.ccgp.gov.cn/cggg/zygg/qtgg/./202609/t20260908_27287005.htm,2026-09-09 16:10:49,,,,经评审，有效投标人不足三家，本项目废标。,,,,,,,,,,,
哈尔滨工程大学材化与分析测试楼抗震支吊架安装工程比选公告,流标公告,TC2692042,2026年09月08日 15:50,市辖区,哈尔滨工程大学,0451- 82519863,杜老师、杨老师、张老师,中招国际招标有限公司,13394515577、18846040119,王峥男、伦惠东,特别告知.docx,"[{""attach_name"": ""特别告知.docx"", ""attach_url"": ""https://download.ccgp.gov.cn/oss/download?uuid=B8E71DD848FB7D085847911C40B4C8""}]",https://www.ccgp.gov.cn/cggg/zygg/qtgg/./202609/t20260908_27287003.htm,2026-09-09 16:10:49,比选,46.09,,,,,,,,,,,,,
中华人民共和国吉林出入境边防检查总站机关办公楼及公寓2号楼部分功能房间改造采购项目（非政府采购项目）,流标公告,JLBJZZCS26004,2026年09月08日 15:49,市辖区,中华人民共和国吉林出入境边防检查总站,吉林省长春市二道区吉林大路6099号,赵警官0431-89961202,中创名建工程管理集团有限公司,长春市朝阳区卫星路远创国际A座808室,王大明18043016507,,,https://www.ccgp.gov.cn/cggg/zygg/qtgg/./202609/t20260908_27286940.htm,2026-09-09 16:10:49,磋商,112.86,,,,,,,,,,,,,
北京交通大学科技大厦15层区域二房间招租项目成交结果公告,流标公告,2607-HXTC-IN1447,2026年09月08日 15:49,北京市,北京交通大学,北京市海淀区上园村3号,陈老师， 010-51683481,北京宏信天诚国际招标有限公司,北京市海淀区复兴路乙12号中国铝业大厦11层1110室,赵洁、吴众为、闫文娟、彭怡、成歌、刘京、修海龙、陈博维、姬小雪、王思晨、杨晓楠、王东衍、郝路、刘海英、孙佳、王亚东、黄艳、陈曦、吉国侠、孙银英、李秋萍、王艳艳、王改茹，010-63974645、63976753,"成交结果公告—北京交通大学科技大厦15层区域二房间招租项目IN1447.docx,2607-HXTC-IN1447【招租遴选文件 待发0908开】北京交通大学科技大厦15层区域二房间招租项目.docx","[{""attach_name"": ""成交结果公告—北京交通大学科技大厦15层区域二房间招租项目IN1447.docx"", ""attach_url"": ""https://download.ccgp.gov.cn/oss/download?uuid=AC6C1FDBEE1A10E60E223E37DCF163""}, {""attach_name"": ""2607-HXTC-IN1447【招租遴选文件 待发0908开】北京交通大学科技大厦15层区域二房间招租项目.docx"", ""attach_url"": ""https://download.ccgp.gov.cn/oss/download?uuid=D2F98AEEF732995C7E1D737E2D05CB""}]",https://www.ccgp.gov.cn/cggg/zygg/qtgg/./202609/t20260908_27286942.htm,2026-09-09 16:10:49,,0.0,,,,,,,,,,,,,
国家卫生健康委科学技术研究所大慧寺12号院1号住宅楼屋面防水维修工程比选公告,流标公告,HCZB2026-057,2026年09月08日 15:49,北京市,国家卫生健康委科学技术研究所,北京市海淀区大慧寺12号院,裴老师 010-62117161,华诚博远工程咨询有限公司,北京市西城区宣武门外大街10号庄胜广场中央办公楼北翼19层,王亚宁  17319483702、010-59050337,,,https://www.ccgp.gov.cn/cggg/zygg/qtgg/./202609/t20260908_27286944.htm,2026-09-09 16:10:49,,26.046966,,,,,,,,,,,,,
北京交通大学原印刷厂办公室东侧1间房间招租项目（二次）遴选公告,流标公告,ZKXJTC-2026-F170,2026年09月08日 15:48,北京市,北京交通大学,北京市海淀区西直门外上园村3号,陈老师010-51683481,中科信佳（北京）项目管理有限公司,北京市丰台区广安路9号院国投财富广场5号楼12A16室,张雅楠、王琛、马瑞芳、刘凯南、吴茹群、张运楠、王菲菲、温滢010-52474969,,,https://www.ccgp.gov.cn/cggg/zygg/qtgg/./202609/t20260908_27286933.htm,2026-09-09 16:10:49,,0.0,,,,,,,,,,,,,
应急管理部国家减灾中心灾害信息员大赛试题出版项目比选公告,流标公告,,2026年09月08日 15:45,朝阳区,应急管理部国家减灾中心,北京市朝阳区广百东路6号院,焦老师，电话010-52811075，邮箱cgbw@ndrcc.org.cn,详见公告正文,详见公告正文,详见公告正文,,,https://www.ccgp.gov.cn/cggg/zygg/qtgg/./202609/t20260908_27287485.htm,2026-09-09 16:10:49,比选,12.0,,,,,,,,,,,,,
宝鸡市消防救援支队水域应急救援装备采购项目其他,流标公告,,2026年09月08日 15:42,宝鸡市,宝鸡市消防救援支队,宝鸡市高新区新苑路18号,陈先生 0917-3252939,详见公告正文,详见公告正文,详见公告正文,"附件1：宝鸡市消防救援支队2026年装备器材采购计划表.xlsx,附件3：关于递交的采购需求调查表的承诺函.docx,附件2：装备技术参数征集表.xlsx","[{""attach_name"": ""附件1：宝鸡市消防救援支队2026年装备器材采购计划表.xlsx"", ""attach_url"": ""https://download.ccgp.gov.cn/oss/download?uuid=1C5A1F2836A757B7E3C26D89733AF2""}, {""attach_name"": ""附件3：关于递交的采购需求调查表的承诺函.docx"", ""attach_url"": ""https://download.ccgp.gov.cn/oss/download?uuid=0892B632AE4F7637BBABAC3CD98589""}, {""attach_name"": ""附件2：装备技术参数征集表.xlsx"", ""attach_url"": ""https://download.ccgp.gov.cn/oss/download?uuid=31243B4BDAD8D334E4D3CA765589AF""}]",https://www.ccgp.gov.cn/cggg/zygg/qtgg/./202609/t20260908_27286821.htm,2026-09-09 16:10:49,,0.0,,,,,,,,,,,,,
广州市消防救援支队珠吉路特勤站2026年消防装备采购项目采购需求参数征求意见公告,流标公告,,2026年09月08日 15:35,市辖区,广州市消防救援支队,广州市天河区珠吉路66号,吴工，020-32010807,详见公告正文,详见公告正文,详见公告正文,附件：广州市消防救援支队珠吉路特勤站2026年消防装备技术参数征求意见表.xls,"[{""attach_name"": ""附件：广州市消防救援支队珠吉路特勤站2026年消防装备技术参数征求意见表.xls"", ""attach_url"": ""https://download.ccgp.gov.cn/oss/download?uuid=467AB2662A1848B4D9A5AEE59187CF""}]",https://www.ccgp.gov.cn/cggg/zygg/qtgg/./202609/t20260908_27286586.htm,2026-09-09 16:10:49,,0.0,,,,,,,,,,,,,
西安交通大学医学院第一附属医院院内各类卫生纸和其他医用类耗材采购项目（采购包2）流标公告,流标公告,HRC-ZBDL-2026-00976,2026年09月08日 15:32,市辖区,西安交通大学第一附属医院,西安市雁塔西路277号,董老师、029-85323684,华睿诚项目管理有限公司,陕西省西安市曲江新区雁翔路3269号旺座曲江E座29层2901号,余丹、029-88228813、15667200662,,,https://www.ccgp.gov.cn/cggg/zygg/qtgg/./202609/t20260908_27286546.htm,2026-09-09 16:10:49,,,,截止报名时间，采购包2报名投标单位不足3家，故本项目采购包2流标。,,,,,,,,,,,
江西科华项目管理有限公司关于万年县消防救援大队2026年度执勤消防车辆保险购置项目(第七次)竞争性磋商流标公告,流标公告,JXKH2026-WNX-001-6,2026年09月08日 15:28,万年县,万年县消防救援大队,万年县,秦先生18379301518,江西科华项目管理有限公司,上饶市信州区广信大道36号星河国际1号楼,施先生15979388058,,,https://www.ccgp.gov.cn/cggg/zygg/qtgg/./202609/t20260908_27286461.htm,2026-09-09 16:10:49,,,,经专家评审，因供应商响应文件未满足磋商文件要求，导致本项目实质性响应不足三家，作废标处理。择日重新组织招标采购活动。,,,,,,,,,,,
陕西师范大学无线智能显微互动及3D解剖教学系统废标公告,流标公告,AJ26049/ZXGJ-ZB14-2026-020,2026年09月08日 15:28,长安区,陕西师范大学,西安市长安区西长安街620号,李婷、曹睿 029-85310696,中昕国际项目管理有限公司,西安市未央区凤城十二路与文景路东北角首创·禧悦里25栋A座16层,王超、同秀秀、白丹、王涛、唐昊、秦瑶 029-81317379-606,,,https://www.ccgp.gov.cn/cggg/zygg/qtgg/./202609/t20260908_27286462.htm,2026-09-09 16:10:50,,,,通过资格审查的有效投标人不足三家，本项目废标！,,,,,,,,,,,
东南大学机械工程学院具身智能与视觉控制系统采购项目废标公告,流标公告,JSTCC26002105516,2026年09月08日 15:27,江苏省,东南大学,江苏省南京市玄武区四牌楼2号,机械工程学院：彭老师，18742037086；实验室与设备管理处：罗老师，025-52091041,江苏省招标中心有限公司,江苏省南京市鼓楼区郑和中路118号D座12楼1203室,汪律、姜瑶、陈诚，025-83240902、83249926、83248600,,,https://www.ccgp.gov.cn/cggg/zygg/qtgg/./202609/t20260908_27286444.htm,2026-09-09 16:10:50,,,,在评标期间，通过符合性审查的供应商不足3家，此项目予以废标。,,,,,,,,,,,
周口市消防救援支队2026年度器材装备采购项目参数征集公告,流标公告,,2026年09月08日 15:25,川汇区,周口市消防救援支队,河南省周口市川汇区交通路西段消防救援支队,赵助理0394-8580119,详见公告正文,详见公告正文,详见公告正文,周口市消防救援支队2026年度器材装备采购项目公开征集采购需求意见表.xlsx,"[{""attach_name"": ""周口市消防救援支队2026年度器材装备采购项目公开征集采购需求意见表.xlsx"", ""attach_url"": ""https://download.ccgp.gov.cn/oss/download?uuid=A8BB516A40CF7BCDB0A72B323270C1""}]",https://www.ccgp.gov.cn/cggg/zygg/qtgg/./202609/t20260908_27287072.htm,2026-09-09 16:10:50,,0.0,,,,,,,,,,,,,
国家粮食和物资储备局科学研究院绿色储粮技术推广服务（标段一）流标公告,流标公告,TC260R08L,2026年09月08日 15:20,北京市,国家粮食和物资储备局科学研究院,北京市西城区百万庄大街11号,孟祥雪010-58523663,中招国际招标有限公司,北京市海淀区学院南路62号中关村资本大厦,卢飒、李喆、于经理-15801326030,,,https://www.ccgp.gov.cn/cggg/zygg/qtgg/./202609/t20260908_27286354.htm,2026-09-09 16:10:50,,,,标段一：此标段截止投标截止时间递交不足3家。,,,,,,,,,,,
中国传媒大学游泳馆承包经营管理项目（二次）废标公告,流标公告,中传招标【2026】第057号/BMCC-ZC26-1166,2026年09月08日 15:15,北京市,中国传媒大学,北京市朝阳区定福庄东街一号,刘老师 010-65783922,北京明德致信咨询有限公司,北京市海淀区学院路30号科大天工大厦B座1709室,王蕾蕾、赵文宇、吕绍山、周洁琼、王爽、王希、孙恺宁 010－61196170 wll@zbbmcc.com,废标公告-1166(二次）.docx,"[{""attach_name"": ""废标公告-1166(二次）.docx"", ""attach_url"": ""https://download.ccgp.gov.cn/oss/download?uuid=2610FCE65EFFACCE68F01EFF48B0D7""}]",https://www.ccgp.gov.cn/cggg/zygg/qtgg/./202609/t20260908_27286271.htm,2026-09-09 16:10:50,,,,投标人不足3家，本项目做废标处理。,,,,,,,,,,,
上海市闵行区消防救援支队2026年部分基层站点更新老旧车库门采购项目比选公告,流标公告,JHXF-2026-001-025,2026年09月08日 15:12,上海市,闵行区消防救援支队,上海市闵行区莘松路585号,卢老师 021-64880119,上海建惠建设咨询有限公司,上海市徐汇区零陵路583号海洋石油大厦12楼,陈昕达 18321136759,,,https://www.ccgp.gov.cn/cggg/zygg/qtgg/./202609/t20260908_27286244.htm,2026-09-09 16:10:50,根据采购人自行采购管理规定,63.3,,,,,,,,,,,,,
上海市闵行区消防救援支队2026年金都站、鲁汇站仓库货架采购项目比选公告,流标公告,JHXF-2026-001-023,2026年09月08日 15:11,上海市,闵行区消防救援支队,上海市闵行区莘松路585号,卢老师 021-64880119,上海建惠建设咨询有限公司,上海市徐汇区零陵路583号海洋石油大厦12楼,陈昕达 18321136759,,,https://www.ccgp.gov.cn/cggg/zygg/qtgg/./202609/t20260908_27286226.htm,2026-09-09 16:10:50,根据采购人自行采购管理规定,28.04,,,,,,,,,,,,,
中国人民大学通州新校区体育中心项目、体育中心配套工程监测测量（二次)磋商公告,流标公告,,2026年09月08日 15:05,通州区,中国人民大学,北京市海淀区中关村大街59号,韩老师 010-62516681,中化商务有限公司,北京市丰台区丽泽路24号院平安幸福中心B座25层（邮编：100071）,王茜茹、李晓阳、黄凡010-83923535,磋商公告-中国人民大学通州新校区体育中心项目、体育中心配套工程监测测量（二次).docx,"[{""attach_name"": ""磋商公告-中国人民大学通州新校区体育中心项目、体育中心配套工程监测测量（二次).docx"", ""attach_url"": ""https://download.ccgp.gov.cn/oss/download?uuid=6D9B4166E4F837CDCF038779124793""}]",https://www.ccgp.gov.cn/cggg/zygg/qtgg/./202609/t20260908_27286138.htm,2026-09-09 16:10:50,（校内）磋商,41.89,,,,,,,,,,,,,
泸州市消防救援支队个人防护装备及车辆采购项目其他,流标公告,/,2026年09月08日 15:01,市辖区,泸州市消防救援支队,泸州市消防救援支队,陈老师,成都千一工程项目咨询有限公司,成都市武侯区二环路南三段5号人南大厦B座8楼,张老师 028-85599888,"论证参数.pdf,专家签到表 (2).pdf","[{""attach_name"": ""论证参数.pdf"", ""attach_url"": ""https://download.ccgp.gov.cn/oss/download?uuid=745BEED78381269D904A9EA160C2AB""}, {""attach_name"": ""专家签到表 (2).pdf"", ""attach_url"": ""https://download.ccgp.gov.cn/oss/download?uuid=814F9BD013274F1866842CC611512C""}]",https://www.ccgp.gov.cn/cggg/zygg/qtgg/./202609/t20260908_27286092.htm,2026-09-09 16:10:50,,,,无,,,,,,,,,,,
哈尔滨市消防救援支队轨道交通大队-器材装备购置项目技术参数公开公告,流标公告,,2026年09月08日 15:00,哈尔滨市,哈尔滨市消防救援支队,黑龙江省哈尔滨市香坊区和平路111号（哈尔滨市消防救援支队）,李路遥，0451-51798019,详见公告正文,详见公告正文,详见公告正文,装备采购参数.docx,"[{""attach_name"": ""装备采购参数.docx"", ""attach_url"": ""https://download.ccgp.gov.cn/oss/download?uuid=27CBF1765C9A637BD0ADFF722AD763""}]",https://www.ccgp.gov.cn/cggg/zygg/qtgg/./202609/t20260908_27286088.htm,2026-09-09 16:10:50,,0.0,,,,,,,,,,,,,
北京中医药大学东直门医院《基层非中医类别医师“西学中”专题培训》第三方实施服务项目废标公告,流标公告,B0708-CMC26N7344,2026年09月08日 14:57,北京市,北京中医药大学东直门医院,北京市东城区海运仓5号,魏老师 010-84013265,中国机械进出口(集团)有限公司,北京市丰台区金泽东路通用时代中心C座,郭女士、张女士、刘先生   电话：010-81168212 邮箱：guochangqian@cmc.gt.cn,,,https://www.ccgp.gov.cn/cggg/zygg/qtgg/./202609/t20260908_27286048.htm,2026-09-09 16:10:50,,,,因至递交文件截止时间，递交文件的供应商不足三家，该项目废标。,,,,,,,,,,,
中国疾病预防控制中心传染病预防控制所壹号楼南侧（正面）外立面维修项目其他,流标公告,,2026年09月08日 14:42,昌平区,中国疾病预防控制中心传染病预防控制所,北京市昌平区昌百路155号传染病所A107室,焦振得，010-58900734，jiaozhende@icdc.cn,详见公告正文,详见公告正文,详见公告正文,采购文件-壹号楼南侧外立面维修.zip,"[{""attach_name"": ""采购文件-壹号楼南侧外立面维修.zip"", ""attach_url"": ""https://download.ccgp.gov.cn/oss/download?uuid=393D051FB45189E0D85EDA13E4AF75""}]",https://www.ccgp.gov.cn/cggg/zygg/qtgg/./202609/t20260908_27286242.htm,2026-09-09 16:10:50,,26.0,,,,,,,,,,,,,
国家体育总局安阳航空运动学校飞机维修购置项目废标公告,流标公告,GDCG-2026-026,2026年09月08日 14:33,北关区,国家体育总局安阳航空运动学校,安阳市胜利路41号院内,乔超、张健；0372-2910174、0372-2913272,高达建设管理发展有限责任公司,安阳市城乡一体化示范区双创科技中心C区4层,李香君、仝锐；0372-2965212、18537214020,,,https://www.ccgp.gov.cn/cggg/zygg/qtgg/./202609/t20260908_27285779.htm,2026-09-09 16:10:50,,,,至递交投标文件截止时间止，投标单位不足三家，本项目废标。,,,,,,,,,,,
淮安市消防救援支队健身房健身器材采购项目（二次）比选公告,流标公告,JSQCCG-比选-20260703,2026年09月08日 14:19,淮安市开发区,淮安市消防救援支队,淮安经济技术开发区威海路8号,联系人：胡指导       联系方式：19516886380,江苏咨苏工程咨询有限责任公司,淮安经济技术开发区厦门路21号希尔顿欢朋酒店16楼,联系人：陈工      联系方式：18082012919,比选公告.docx,"[{""attach_name"": ""比选公告.docx"", ""attach_url"": ""https://download.ccgp.gov.cn/oss/download?uuid=61B783759A5A647221987551509DFC""}]",https://www.ccgp.gov.cn/cggg/zygg/qtgg/./202609/t20260908_27285649.htm,2026-09-09 16:10:51,比选,29.718,,,,,,,,,,,,,
江南大学微流控器官芯片废标公告,流标公告,2640SUMEC/GXGG1091,2026年09月08日 13:51,江苏省,江南大学,无锡市蠡湖大道1800号,田老师0510-85912155、黄老师0510-85326007,江苏苏美达仪器设备有限公司,南京市长江路198号,文件发售：李婧怡025-84532580，技术咨询：朱琳025-84532546、陈晓芳025-84531293,,,https://www.ccgp.gov.cn/cggg/zygg/qtgg/./202609/t20260908_27285509.htm,2026-09-09 16:10:51,,,,本项目因故废标。,,,,,,,,,,,
天津大学后勤保障与基本建设部天津大学食堂燃气报警系统购置及安装项目采购快速磋商公告,流标公告,TDZC2026N0138,2026年09月08日 13:47,天津市,天津大学,天津市南开区卫津路92号,巩老师、蔡老师022-27407504（招标办）,上海建科造价咨询有限公司,天津市河西区大沽南路882号10号楼303,常欣宇、刘牧晖、周子雯、付雅雯、温立军、范继文  15690906185、15222651888,,,https://www.ccgp.gov.cn/cggg/zygg/qtgg/./202609/t20260908_27285493.htm,2026-09-09 16:10:51,,62.0,,,,,,,,,,,,,
吉林大学部分公用楼宇相关电气改造工程高压电力项目监理服务一标段中标候选人公示,流标公告,,2026年09月08日 13:41,长春市,吉林大学,吉林省长春市前进大街2699号,方永刚0431-85167313,江苏仁禾中衡工程咨询房地产估价有限公司,吉林省长春市生态大街五洲国际二期6栋305室,刘作祥0431-80546028,,,https://www.ccgp.gov.cn/cggg/zygg/qtgg/./202609/t20260908_27285464.htm,2026-09-09 16:10:51,,49.0,,,,,,,,,,,,,
哈尔滨工业大学量子超精密测量平台废标公告,流标公告,HITZB-2026000068,2026年09月08日 13:20,南岗区,哈尔滨工业大学,哈尔滨市南岗区西大直街92号,0451-86417955,忱义工程项目管理有限公司,黑龙江省哈尔滨市群力新区丽江路3936号银泰城写字楼27层,刘女士18946185481,,,https://www.ccgp.gov.cn/cggg/zygg/qtgg/./202609/t20260908_27285413.htm,2026-09-09 16:10:51,,,,经评审，有效供应商不足三家，本项目废标。,,,,,,,,,,,
中华人民共和国黄埔出入境边防检查站2026年船艇保险采购项目比价公告,流标公告,,2026年09月08日 13:20,黄埔区,中华人民共和国黄埔出入境边防检查站,广东省广州市黄埔区中山大道东87号,王警官020-32090410,详见公告正文,详见公告正文,详见公告正文,"中华人民共和国黄埔出入境边防检查站2026年船艇保险采购项目比价公告.docx,中华人民共和国黄埔出入境边防检查站2026年船艇保险采购项目比价需求书（发布稿）.doc","[{""attach_name"": ""中华人民共和国黄埔出入境边防检查站2026年船艇保险采购项目比价公告.docx"", ""attach_url"": ""https://download.ccgp.gov.cn/oss/download?uuid=93AB437244DA837C4AD3D02ACF9F9A""}, {""attach_name"": ""中华人民共和国黄埔出入境边防检查站2026年船艇保险采购项目比价需求书（发布稿）.doc"", ""attach_url"": ""https://download.ccgp.gov.cn/oss/download?uuid=6849B7C0B7A5BB2F960DB8D1C30306""}]",https://www.ccgp.gov.cn/cggg/zygg/qtgg/./202609/t20260908_27285515.htm,2026-09-09 16:10:51,,40.99,,,,,,,,,,,,,
泰州市消防救援支队鉴定站鉴定设施设备采购项目公开比选公告,流标公告,JSJT-XF2026009,2026年09月08日 12:32,泰州市医药高新区,泰州市消防救援支队,泰州市青年南路18号,华敏 13921724119,江苏建泰工程项目管理有限公司,泰州医药高新区华润万象城双子塔东塔52楼,袁女士 0523-81908859,,,https://www.ccgp.gov.cn/cggg/zygg/qtgg/./202609/t20260908_27285280.htm,2026-09-09 16:10:51,公开比选,17.296098,,,,,,,,,,,,,
金堂县消防救援大队2026年-2028年健康体检采购项目废标公告,流标公告,CYZX-2026070169,2026年09月08日 12:32,金堂县,金堂县消防救援大队,成都市金堂县成金大道1699号,杨老师，028-84938119,四川宸禹工程咨询有限公司,成都市成华区成致路50号银龙国际11栋18层1806号,任老师，028-86252116,"评审报告(3).pdf,金堂县消防救援大队2026年-2028年健康体检采购项目-上网稿.docx","[{""attach_name"": ""评审报告(3).pdf"", ""attach_url"": ""https://download.ccgp.gov.cn/oss/download?uuid=AA9E73C6E6236D196A2A48B76CA23F""}, {""attach_name"": ""金堂县消防救援大队2026年-2028年健康体检采购项目-上网稿.docx"", ""attach_url"": ""https://download.ccgp.gov.cn/oss/download?uuid=56824F692A428DE6E0EE53D7BEF8EF""}]",https://www.ccgp.gov.cn/cggg/zygg/qtgg/./202609/t20260908_27285278.htm,2026-09-09 16:10:51,,,,通过资格有效供应商不足三家。,,,,,,,,,,,
南开大学金融学院CRSP数据库服务采购项目(NK2026F068)单一来源采购公告,流标公告,,2026年09月08日 12:23,天津市,南开大学,天津市南开区卫津路94号,于老师、牛老师022-23501661,天津倚天工程咨询有限公司,天津市河西区环岛西路公建别墅5号“导航搜索倚天机构”,16602602370/18526100791,,,https://www.ccgp.gov.cn/cggg/zygg/qtgg/./202609/t20260908_27285229.htm,2026-09-09 16:10:51,,50.0599,,,,,,,,,,,,,
郑州经济技术开发区消防救援大队经南七路特勤站正规化建设项目（二次）包2流标公告,流标公告,豫通力招【2026】第138号,2026年09月08日 12:08,郑州市,郑州经济技术开发区消防救援大队,郑州经济技术开发区崇光路50号,魏先生 15136171192,河南省通力建设工程咨询有限公司,郑州市经开区航海路与经开第八大街交叉口富田财富广场2202室,王梦楠、王继辉、曹红伟 0371-63373060、19337893501,,,https://www.ccgp.gov.cn/cggg/zygg/qtgg/./202609/t20260908_27285148.htm,2026-09-09 16:10:51,,,,响应文件递交截止时间止，递交响应文件的供应商不足三家，本项目流标。,,,,,,,,,,,
全自动金丝键合设备采购项目结果公示,流标公告,0722-26FE6322SZF-0,2026年09月08日 11:49,深圳市,zycgr21071303,深圳市南山区,联  系  人：徐老师 电      话：0755-85902223/85902242,中国远东国际招标有限公司,深圳市福田区上步南路1001号锦峰大厦24楼,联系人姓名：李工、叶工 电话：（洽购招标文件）0755-83629806/83629816/83629826 （其他咨询）0755-82078919、82077364 传真：0755-82077519 邮箱：info@zgyd11.com、dwq@zgyd11.com,全自动金丝键合设备采购项目结果公示.pdf,"[{""attach_name"": ""全自动金丝键合设备采购项目结果公示.pdf"", ""attach_url"": ""https://download.ccgp.gov.cn/oss/download?uuid=A84A024A0DC5E8257D7472BCE85F24""}]",https://www.ccgp.gov.cn/cggg/zygg/qtgg/./202609/t20260908_27284896.htm,2026-09-09 16:10:51,,,,根据《中华人民共和国政府采购法》第三十六条规定，在招标采购中，出现下列情形之一的，应予废标：（一）符合专业条件的供应商或者对招标文件作实质响应的供应商不足三家的；（二）出现影响采购公正的违法、违规行为的；（三）投标人的报价超过了采购预算，采购人不能支付的；（四）因重大变故，采购任务取消的。根据《中华人民共和国政府采购法》第三十六条第（一）款的规定，本项目废标。,,,,,,,,,,,
zycgr21070801室温3-1-1T三轴超导磁体系统项目废标公告,流标公告,A-SYSCGGN20260700158/ZB202607150,2026年09月08日 11:47,安徽省,zycgr21070801,安徽省合肥市内,苗老师，0551-65099990,鼎信数智技术集团股份有限公司,安徽省合肥市经济技术开发区翡翠路港澳广场A座17-20层,0551-65860136-8611,,,https://www.ccgp.gov.cn/cggg/zygg/qtgg/./202609/t20260908_27284881.htm,2026-09-09 16:10:51,,,,对招标文件作实质响应的供应商不足三家。,,,,,,,,,,,
zycgr21070801兼容强磁场NV探针扫描系统项目废标公告,流标公告,A-SYSCGGN20260700156/ZB202607153,2026年09月08日 11:47,安徽省,zycgr21070801,安徽省合肥市内,苗老师，0551-65099990,鼎信数智技术集团股份有限公司,安徽省合肥市经济技术开发区翡翠路港澳广场A座17-20层,0551-65860136-8611,,,https://www.ccgp.gov.cn/cggg/zygg/qtgg/./202609/t20260908_27284878.htm,2026-09-09 16:10:51,,,,对招标文件作实质响应的供应商不足三家。,,,,,,,,,,,
端侧高性能推理服务器采购项目结果公示,流标公告,0722-26FE6232SZF-0,2026年09月08日 11:47,深圳市,zycgr21071303,深圳市南山区,联  系  人：徐老师 电      话：0755-85902223/85902242,中国远东国际招标有限公司,深圳市福田区上步南路1001号锦峰大厦24楼,联系人姓名：李工、叶工 电话：（洽购招标文件）0755-83629806/83629816/83629826 （其他咨询）0755-82078919、82077364 传真：0755-82077519 邮箱：info@zgyd11.com、dwq@zgyd11.com,端侧高性能推理服务器采购项目结果公示.pdf,"[{""attach_name"": ""端侧高性能推理服务器采购项目结果公示.pdf"", ""attach_url"": ""https://download.ccgp.gov.cn/oss/download?uuid=D0723B1A369C945954BCF59DF07308""}]",https://www.ccgp.gov.cn/cggg/zygg/qtgg/./202609/t20260908_27284879.htm,2026-09-09 16:10:51,,,,根据《中华人民共和国政府采购法》第三十六条规定：在招标采购中，出现下列情形之一的，应予废标： （一）符合专业条件的供应商或者对招标文件作实质响应的供应商不足三家的；（二）出现影响采购公正的违法、违规行为的；（三）投标人的报价超过了采购预算，采购人不能支付的；（四）因重大变故，采购任务取消的。依据《中华人民共和国政府采购法》第三十六条第（一）款的规定，本项目采购失败。,,,,,,,,,,,
中华人民共和国福州机场出入境边防检查站单警装备等采购项目其他,流标公告,,2026年09月08日 11:46,长乐市,中华人民共和国福州机场出入境边防检查站,福州市长乐区漳港街道翔通一路7号福州机场边检站,林警官，15980125378,详见公告正文,详见公告正文,详见公告正文,（定稿）福州机场边检站单警装备等采购文件.doc,"[{""attach_name"": ""（定稿）福州机场边检站单警装备等采购文件.doc"", ""attach_url"": ""https://download.ccgp.gov.cn/oss/download?uuid=7A70DC3F621FDFD6E61E7A3B1C4D19""}]",https://www.ccgp.gov.cn/cggg/zygg/qtgg/./202609/t20260908_27285204.htm,2026-09-09 16:10:52,,21.79,,,,,,,,,,,,,
四川大学望江校区颠覆性协同创新大楼项目施工过程审计咨询服务公开招标废标公告,流标公告,SCCX〔2026〕092号,2026年09月08日 11:35,四川省,四川大学,成都市武侯区一环路南一段24号,王老师028-85405542,四川辰希招标代理有限公司,成都市高新区府城大道西段399号天府新谷8栋1单元11楼1103号,林老师028-85960093,,,https://www.ccgp.gov.cn/cggg/zygg/qtgg/./202609/t20260908_27284757.htm,2026-09-09 16:10:52,,,,递交投标文件的供应商不足法定数量。,,,,,,,,,,,
宁夏回族自治区消防救援总队2026年车辆装备集中采购项目（灭火救援类）采购需求调查公告,流标公告,,2026年09月08日 11:26,宁夏回族自治区,宁夏自治区消防救援总队,银川市兴庆区北京东路169号,王助理  0951-5057620,宁夏自治区消防救援总队,/,/,"附件2：填表须知.docx,附件1-2：宁夏回族自治区消防救援总队2026年车辆装备配备项目（灭火救援类）技术参数.docx,附件3：需求问卷调查表、需求调查明细表.docx,附件1-1：宁夏回族自治区消防救援总队2026年车辆装备配备项目（灭火救援类）分包表.xls","[{""attach_name"": ""附件2：填表须知.docx"", ""attach_url"": ""https://download.ccgp.gov.cn/oss/download?uuid=D5278F5215D0F55B19895F8B54D499""}, {""attach_name"": ""附件1-2：宁夏回族自治区消防救援总队2026年车辆装备配备项目（灭火救援类）技术参数.docx"", ""attach_url"": ""https://download.ccgp.gov.cn/oss/download?uuid=20225E47360C9C58A1B0C32DA23247""}, {""attach_name"": ""附件3：需求问卷调查表、需求调查明细表.docx"", ""attach_url"": ""https://download.ccgp.gov.cn/oss/download?uuid=FAD2465E4F0023179C431AEF75B0A7""}, {""attach_name"": ""附件1-1：宁夏回族自治区消防救援总队2026年车辆装备配备项目（灭火救援类）分包表.xls"", ""attach_url"": ""https://download.ccgp.gov.cn/oss/download?uuid=91F4FD1427EC9128E17CF4A821062C""}]",https://www.ccgp.gov.cn/cggg/zygg/qtgg/./202609/t20260908_27284663.htm,2026-09-09 16:10:52,,0.0,,,,,,,,,,,,,
贵州总队贵阳市消防救援支队2026年度支队机关厨房设备采购项目比选公告,流标公告,,2026年09月08日 11:15,观山湖区,贵阳市消防救援支队,贵阳市观山湖区金朱东路158号,马助理      0851-87979059,贵州普瑞君德工程咨询有限公司,贵州省贵阳市观山湖区阳关大道麒龙商务港A地块第1幢18层3号,李丽君、彭洁、周犇 0851-84879717 18985053039,,,https://www.ccgp.gov.cn/cggg/zygg/qtgg/./202609/t20260908_27284546.htm,2026-09-09 16:10:52,,46.483,,,,,,,,,,,,,
贵州总队贵阳市消防救援支队2026年度支队本级办公用品及耗材采购项目采购公告,流标公告,GZXYG-2026--G-3676,2026年09月08日 11:14,贵州省,贵阳市消防救援支队,贵州省贵阳市观山湖区金朱东路160号,马助理0851-87979059,贵州新阳光项目管理有限公司,贵州省贵阳市观山湖区诚信北路8号绿地联盛国际5号楼30层1号,梁秋霞、康宇昊迪、李圣倩0851-86790171（前台）/84398719/13765040645,,,https://www.ccgp.gov.cn/cggg/zygg/qtgg/./202609/t20260908_27284543.htm,2026-09-09 16:10:52,比选采购,49.0,,,,,,,,,,,,,
中华人民共和国内蒙古出入境边防检查总站应急物资库改造工程项目公开商洽公告,流标公告,NMBJZZSQ-2026-010,2026年09月08日 11:02,赛罕区,中华人民共和国内蒙古出入境边防检查总站,呼和浩特市赛罕区阿拉坦大街59号,杨警官、0471-6514433-5930,内蒙古舒风工程咨询有限公司,呼和浩特市赛罕区学苑西街裕龙园电力小区4栋8层,邵蓓、0471-5215449,供应商信息表.pdf,"[{""attach_name"": ""供应商信息表.pdf"", ""attach_url"": ""https://download.ccgp.gov.cn/oss/download?uuid=C6516CB3BDA6CDD82D8CE09D9855C2""}]",https://www.ccgp.gov.cn/cggg/zygg/qtgg/./202609/t20260908_27284408.htm,2026-09-09 16:10:52,公开商洽（限额标准以下非政府采购项目,50.0,,,,,,,,,,,,,
上海市消防救援总队训练与战勤保障支队采购实战化培训耗材防盗门、锁芯第二次比选公告,流标公告,,2026年09月08日 11:00,上海市,上海市消防救援总队训练与战勤保障支队,上海市奉贤区奉城镇洪南路258号,傅老师，021-22139119,上海斐腾招标服务有限公司,徐汇区云锦路500号商场R座2楼,张老师，13585868364（FT188Z@163.com）,,,https://www.ccgp.gov.cn/cggg/zygg/qtgg/./202609/t20260908_27284386.htm,2026-09-09 16:10:52,,25.0,,,,,,,,,,,,,
上海市消防救援总队训练与战勤保障支队采购实战化培训耗材A类火燃料第二次比选公告,流标公告,,2026年09月08日 11:00,上海市,上海市消防救援总队训练与战勤保障支队,上海市奉贤区奉城镇洪南路258号,傅老师，021-22139119,上海斐腾招标服务有限公司,徐汇区云锦路500号商场R座2楼,张老师，13585868364（FT188Z@163.com）,,,https://www.ccgp.gov.cn/cggg/zygg/qtgg/./202609/t20260908_27284389.htm,2026-09-09 16:10:52,,25.0,,,,,,,,,,,,,
上海市消防救援总队训练与战勤保障支队采购通用生烟液第二次比选公告,流标公告,,2026年09月08日 10:59,上海市,上海市消防救援总队训练与战勤保障支队,上海市奉贤区奉城镇洪南路258号,傅老师，021-22139119,上海斐腾招标服务有限公司,徐汇区云锦路500号商场R座2楼,张老师，13585868364（FT188Z@163.com）,,,https://www.ccgp.gov.cn/cggg/zygg/qtgg/./202609/t20260908_27284369.htm,2026-09-09 16:10:52,,20.0,,,,,,,,,,,,,
兰州大学后勤保障部各校区食堂后厨设备购置项目废标公告,流标公告,LZU-2026-124-HW-GK,2026年09月08日 10:29,甘肃省,兰州大学,甘肃省兰州市城关区天水南路222号,曹老师 刘老师0931-8912932 zbk@lzu.edu.cn,北京泛华国金工程咨询有限公司,兰州市城关区和平新村127号元富大厦16楼,李鑫 13609353810、1359687677@qq.com,"废标公告.pdf,兰州大学后勤保障部各校区食堂后厨设备购置项目-第1标段招标文件（PDF版）.pdf","[{""attach_name"": ""废标公告.pdf"", ""attach_url"": ""https://download.ccgp.gov.cn/oss/download?uuid=BD6BD72AFF33AF57BA744008D667ED""}, {""attach_name"": ""兰州大学后勤保障部各校区食堂后厨设备购置项目-第1标段招标文件（PDF版）.pdf"", ""attach_url"": ""https://download.ccgp.gov.cn/oss/download?uuid=83EBD9590491304ED297AA142B04B1""}]",https://www.ccgp.gov.cn/cggg/zygg/qtgg/./202609/t20260908_27284078.htm,2026-09-09 16:10:52,,,,本项目收到中标结果相关质疑，经组织专家复核，质疑事项成立，原中标结果无效。因本项目有效供应商不足三家，予以废标。,,,,,,,,,,,
北京市海淀区消防救援支队2026年度驾驶员培训项目（三次）废标公告,流标公告,ZTGH,2026年09月08日 10:27,北京市,北京市海淀区消防救援支队,北京市海淀区旱河路168号,刘老师，010-82556603,中土国华（北京）工程咨询有限公司,北京市朝阳区朝阳路69号财经中心1号楼2单元1001,王工、吴工010-59123864,,,https://www.ccgp.gov.cn/cggg/zygg/qtgg/./202609/t20260908_27284061.htm,2026-09-09 16:10:52,,,,到获取文件截止时间止，因本项目获取文件的参选单位不足三家，故本项目按废标处理。,,,,,,,,,,,
中国科学院广州生物医药与健康研究院面向透射电镜成像连续切片自动化收集系统采购项目单一来源采购公告,流标公告,,2026年09月08日 10:13,广州市,中国科学院广州生物医药与健康研究院,广州市黄埔区开源大道190号,020-32015326,东方国际招标有限责任公司,北京市海淀区丹棱街1号互联网金融中心20层,迟兆洋、叶明、林杨婷、王宸极、李飒 020-87001523、010-68290583/0589 mye@oitc.com.cn、ytlin@oitc.com.cn、sli@oitc.com.cn,2606项目需求.docx,"[{""attach_name"": ""2606项目需求.docx"", ""attach_url"": ""https://download.ccgp.gov.cn/oss/download?uuid=07E0120BDE2DDFE3C61CE620917604""}]",https://www.ccgp.gov.cn/cggg/zygg/qtgg/./202609/t20260908_27283918.htm,2026-09-09 16:10:52,,98.0,,,,,,,,,,,,,
2026年度特勤支队灭火救援装备采购项目采购需求公开征求意见公告,流标公告,,2026年09月08日 10:06,市辖区,江西省消防救援总队特勤支队,江西省南昌市红谷滩区绣园街166号,韩先生 0791-86627855,江西省机电设备招标有限公司,江西省南昌市东湖区省政府大院北二路92号（咨询大厦）,桂颖  0791-86272683,"附件2：采购需求修改建议书.docx,附件1：采购需求.rar","[{""attach_name"": ""附件2：采购需求修改建议书.docx"", ""attach_url"": ""https://download.ccgp.gov.cn/oss/download?uuid=6AF217E5DABCA06AA0D9BC0FF0365C""}, {""attach_name"": ""附件1：采购需求.rar"", ""attach_url"": ""https://download.ccgp.gov.cn/oss/download?uuid=47C6CCD2D4463AA710E76E185FCCD8""}]",https://www.ccgp.gov.cn/cggg/zygg/qtgg/./202609/t20260908_27283880.htm,2026-09-09 16:10:52,,0.0,,,,,,,,,,,,,
中国科学院遗传与发育生物学研究所双束电镜三维重构采集处理模块（碳气体注入系统及自动采集控制软件）采购项目流标公告,流标公告,OITC-G260662200,2026年09月08日 09:55,北京市,中国科学院遗传与发育生物学研究所,北京市朝阳区北辰西路1号院2号,商老师；010-64806630,东方国际招标有限责任公司,北京市海淀区丹棱街1号互联网金融中心20层,郭宇涵、王军、李雯、余睿； 010-68290599， 010-68290530,,,https://www.ccgp.gov.cn/cggg/zygg/qtgg/./202609/t20260908_27283797.htm,2026-09-09 16:10:52,,,,本项目投标供应商不足3家，本项目流标。,,,,,,,,,,,
天台县消防救援大队（2026年度）食材配送服务采购项目流标公告,流标公告,ZJKJ-2026012号,2026年09月08日 09:44,天台县,天台县消防救援大队,浙江省台州市天台县天台山中路119号,夏女士、18958625329,浙江科佳工程咨询有限公司,台州市椒江区君悦大厦B幢19楼,周先生、19857627907,,,https://www.ccgp.gov.cn/cggg/zygg/qtgg/./202609/t20260908_27283731.htm,2026-09-09 16:10:52,,,,本项目有效供应商不足三家，故废标。,,,,,,,,,,,
保定市消防救援支队公开遴选社会招标代理机构公告,流标公告,,2026年09月08日 09:42,竞秀区,保定市消防救援支队,河北省保定市竞秀区北二环5816号,王先生，0312-5925333,详见公告正文,详见公告正文,详见公告正文,附件1：招标代理机构遴选文件获取登记表.docx,"[{""attach_name"": ""附件1：招标代理机构遴选文件获取登记表.docx"", ""attach_url"": ""https://download.ccgp.gov.cn/oss/download?uuid=4CCDD664EDF1E8960E9D1A58B4A0D6""}]",https://www.ccgp.gov.cn/cggg/zygg/qtgg/./202609/t20260908_27283718.htm,2026-09-09 16:10:53,,0.0,,,,,,,,,,,,,
南开大学智能光子研究院前沿交叉学科中心家具采购项目采购公告,流标公告,NK2026H071N。,2026年09月08日 09:08,天津市,南开大学,天津市南开区卫津路94号,于老师、牛老师 022-23501661,天津国际招标有限公司,天津市河西区卫津南路19号501室,郝蕊、孙小茜、卢佳胜、李佳璘、杨晓彤022-27235797,,,https://www.ccgp.gov.cn/cggg/zygg/qtgg/./202609/t20260908_27283531.htm,2026-09-09 16:10:53,学校自行采购（招标-快速采购-电子标,86.989,,,,,,,,,,,,,
浙江大学硅-28同位素四氟化硅气体单一来源采购公告,流标公告,,2026年09月08日 08:59,杭州市,浙江大学,杭州市西湖区余杭塘路866号,zupc@zju.edu.cn,详见公告正文,详见公告正文,详见公告正文,20260908硅-28同位素四氟化硅气体.docx,"[{""attach_name"": ""20260908硅-28同位素四氟化硅气体.docx"", ""attach_url"": ""https://download.ccgp.gov.cn/oss/download?uuid=1BCCFA44EA5C60A11673461C588515""}]",https://www.ccgp.gov.cn/cggg/zygg/qtgg/./202609/t20260908_27283624.htm,2026-09-09 16:10:53,,250.0,,,,,,,,,,,,,
剑阁县消防救援大队消防员单兵通讯设备采购需求调查及技术参数征集公告,流标公告,,2026年09月08日 08:46,剑阁县,剑阁县消防救援大队,四川省广元市剑阁县下寺镇翠云大道 191 号,马先生、198 8222 2119,四川德邦招投标代理有限公司,四川省广元市苍溪县东城向阳巷40号,王老师 13378171281,"附件2：征集参数清单.xlsx,附件3：征集参数清单.doc,附件4：历史成交信息.docx,附件1.docx","[{""attach_name"": ""附件2：征集参数清单.xlsx"", ""attach_url"": ""https://download.ccgp.gov.cn/oss/download?uuid=B0BFD674426CD351E24798A6983BFA""}, {""attach_name"": ""附件3：征集参数清单.doc"", ""attach_url"": ""https://download.ccgp.gov.cn/oss/download?uuid=00A618CC3D4FC7B5C4F73DD95F4408""}, {""attach_name"": ""附件4：历史成交信息.docx"", ""attach_url"": ""https://download.ccgp.gov.cn/oss/download?uuid=C69988B46CEB4614BD052B971E1FC3""}, {""attach_name"": ""附件1.docx"", ""attach_url"": ""https://download.ccgp.gov.cn/oss/download?uuid=7017BE74A72BD46E46A1913362BC6E""}]",https://www.ccgp.gov.cn/cggg/zygg/qtgg/./202609/t20260908_27283455.htm,2026-09-09 16:10:53,,18.8,,,,,,,,,,,,,
中国疾病预防控制中心传染病预防控制所2026年内部控制信息管理系统运维服务采购其他,流标公告,,2026年09月08日 08:37,昌平区,中国疾病预防控制中心传染病预防控制所,北京市昌平区昌百路155号传染病所,王老师；010-58900715；wanghaitao@icdc.cn,详见公告正文,详见公告正文,详见公告正文,1采购文件-2026年内部控制信息管理系统运维服务.doc,"[{""attach_name"": ""1采购文件-2026年内部控制信息管理系统运维服务.doc"", ""attach_url"": ""https://download.ccgp.gov.cn/oss/download?uuid=09EF5FD1CF845C29DF6B8051213123""}]",https://www.ccgp.gov.cn/cggg/zygg/qtgg/./202609/t20260908_27283440.htm,2026-09-09 16:10:53,,10.0,,,,,,,,,,,,,
中国疾病预防控制中心传染病预防控制所全国病原病媒生物与宿主动物监测管理信息系统子系统国家致病菌识别网接口开发与系统升级项目其他,流标公告,,2026年09月08日 08:37,昌平区,中国疾病预防控制中心传染病预防控制所,北京市昌平区昌百路155号传染病所,王老师；010-58900715；wanghaitao@icdc.cn,详见公告正文,详见公告正文,详见公告正文,1采购文件-全国病原病媒生物与宿主动物监测管理信息系统子系统国家致病菌识别网接口开发与系统升级项目.doc,"[{""attach_name"": ""1采购文件-全国病原病媒生物与宿主动物监测管理信息系统子系统国家致病菌识别网接口开发与系统升级项目.doc"", ""attach_url"": ""https://download.ccgp.gov.cn/oss/download?uuid=E1A14640A23949AD45F4630ED54F18""}]",https://www.ccgp.gov.cn/cggg/zygg/qtgg/./202609/t20260908_27283438.htm,2026-09-09 16:10:53,,18.0,,,,,,,,,,,,,
中国人民大学物理学院低维材料外延协同多维谱学系统采购项目04包、05包废标公告,流标公告,ZSLTC-2026-S113,2026年09月07日 21:41,北京市,中国人民大学,北京市海淀区中关村大街59号,党老师 010-62511204,中盛隆国际招标（北京）有限公司,北京市海淀区阜成路58号新洲商务大厦302室,魏菲、马春娟、孙源滨、李蕊、曹泽鹏、赵中阳、刘震、李红梅、李莉 010-88956517-207,,,https://www.ccgp.gov.cn/cggg/zygg/qtgg/./202609/t20260907_27282806.htm,2026-09-09 16:10:53,,,,04包、05包至投标截止时间止递交投标文件的投标人不足三家，故04包、05包未予开标。,,,,,,,,,,,
中华人民共和国福州出入境边防检查站涉海管控及研判分析平台服务采购项目预公告,流标公告,FJLQ20260228福建立勤项目管理有限公司受中华人民共和国福州出入境边防检查站的委托，对中华人民共和国福州出入境边防检查站涉海管控及研判分析平台服务采购项目,2026年09月07日 21:02,福州市,中华人民共和国福州出入境边防检查站,福建省福州市鼓楼区北环西路68号,陈警官、0591-87086638,福建立勤项目管理有限公司,福州市鼓楼区工业路523号福大怡山文化创意园北区3号楼101,杨慧婷、徐朕、黄又霁、0591-88160295,中华人民共和国福州出入境边防检查站涉海管控及研判分析平台服务采购项目（竞争性磋商文件预公告版）.docx,"[{""attach_name"": ""中华人民共和国福州出入境边防检查站涉海管控及研判分析平台服务采购项目（竞争性磋商文件预公告版）.docx"", ""attach_url"": ""https://download.ccgp.gov.cn/oss/download?uuid=05D3B50F573990926024FD7442E3C4""}]",https://www.ccgp.gov.cn/cggg/zygg/qtgg/./202609/t20260907_27282747.htm,2026-09-09 16:10:53,,60.0,,,,,,,,,,,,,
南宁市消防救援支队房屋安全鉴定项目比价公告,流标公告,NNXF-2026FWAQJD-001,2026年09月07日 19:52,青秀区,南宁市消防救援支队,广西壮族自治区南宁市青秀区佛子岭路2号,郑助理15278121008,详见公告正文,详见公告正文,详见公告正文,比选采购文件（南宁市消防救援支队江南大队工业园区站蓝特城市主战车压缩空气泡沫系统维修项目）.pdf,"[{""attach_name"": ""比选采购文件（南宁市消防救援支队江南大队工业园区站蓝特城市主战车压缩空气泡沫系统维修项目）.pdf"", ""attach_url"": ""https://download.ccgp.gov.cn/oss/download?uuid=1D4E2F133ECCE0190F2B64125C114A""}]",https://www.ccgp.gov.cn/cggg/zygg/qtgg/./202609/t20260907_27282573.htm,2026-09-09 16:10:53,比选,17.163326,,,,,,,,,,,,,
暨南大学实验动物管理中心手套等采购项目（0877-26GZTP4XE0646）询比公告,流标公告,,2026年09月07日 19:34,广东省,暨南大学,广州市天河区黄埔大道西601号,顾老师020-85220458,广东广招国际招标有限公司,广州市越秀区东风东路745号东山紫园商务大厦2003单元,020-38931905、38931906、37816286转801（总机）,,,https://www.ccgp.gov.cn/cggg/zygg/qtgg/./202609/t20260907_27282516.htm,2026-09-09 16:10:53,,43.7925,,,,,,,,,,,,,
山东省地震局山东省防震减灾科技园区沥青路面提升改造工程项目比选公告,流标公告,SHZB2026-768。,2026年09月07日 18:54,山东省,山东省地震局,济南市历城区港西路2066号,亓老师，0531-58622081,盛和招标代理有限公司,盛和招标代理有限公司(济南市历城区唐冶西路868号东8区企业公馆B1号楼),梁冰、毛允东、苏云龙、韩伟、侯美玲、孙伟、李秀艳0531-88260568、17866617312、17862114460,,,https://www.ccgp.gov.cn/cggg/zygg/qtgg/./202609/t20260907_27282240.htm,2026-09-09 16:10:53,,93.83,,,,,,,,,,,,,
山东省地震局山东省防震减灾科技园区室外环境提升工程比选公告,流标公告,SHZB2026-769。,2026年09月07日 18:53,山东省,山东省地震局,济南市历城区港西路2066号,亓老师，0531-58622081,盛和招标代理有限公司,盛和招标代理有限公司(济南市历城区唐冶西路868号东8区企业公馆B1号楼),梁冰、毛允东、苏云龙、韩伟、侯美玲、孙伟、李秀艳0531-88260568、17866617312、17862114460,,,https://www.ccgp.gov.cn/cggg/zygg/qtgg/./202609/t20260907_27282223.htm,2026-09-09 16:10:53,,95.16,,,,,,,,,,,,,
2026数字低空大会策划承办推广服务采购项目结果公示,流标公告,0722-26FE6337SZF-0,2026年09月07日 18:47,深圳市,zycgr21071303,深圳市南山区,联 系 人：彭老师 电    话：0755-85902154,中国远东国际招标有限公司,深圳市福田区上步南路1001号锦峰大厦24楼,联系人姓名：李工、叶工 电话：（洽购招标文件）0755-83629806/83629816/83629826 （其他咨询）0755-82078919、82077364 传真：0755-82077519 邮箱：info@zgyd11.com、dwq@zgyd11.com,2026数字低空大会策划承办推广服务采购项目结果公示.pdf,"[{""attach_name"": ""2026数字低空大会策划承办推广服务采购项目结果公示.pdf"", ""attach_url"": ""https://download.ccgp.gov.cn/oss/download?uuid=1D72269F6D94DFA129AA60C70FB999""}]",https://www.ccgp.gov.cn/cggg/zygg/qtgg/./202609/t20260907_27282184.htm,2026-09-09 16:10:53,,,,根据《中华人民共和国政府采购法》第三十六条规定：“在招标采购中，出现下列情形之一的，应予废标：（一）符合专业条件的供应商或者对招标文件作实质响应的供应商不足三家的；（二）出现影响采购公正的违法、违规行为的；（三）投标人的报价超过了采购预算，采购人不能支付的；（四）因重大变故，采购任务取消的。”根据《中华人民共和国政府采购法》第三十六条第（一）款的规定，本项目采购失败。,,,,,,,,,,,
舟山市消防救援支队无人机专业队设备购置项目需求调查更正公告,流标公告,,2026年09月07日 18:45,舟山市,舟山市消防救援支队,浙江省舟山市定海区临城街道海天大道560号,陈先生  15268014119,详见公告正文,详见公告正文,详见公告正文,"附件2：舟山市消防救援支队无人机专业队设备购置项目清单.xlsx,附件1：舟山市消防救援支队无人机专业队设备购置项目采购需求问卷调查表.xlsx","[{""attach_name"": ""附件2：舟山市消防救援支队无人机专业队设备购置项目清单.xlsx"", ""attach_url"": ""https://download.ccgp.gov.cn/oss/download?uuid=C235FE75EB2DA8359EF5FC15146D68""}, {""attach_name"": ""附件1：舟山市消防救援支队无人机专业队设备购置项目采购需求问卷调查表.xlsx"", ""attach_url"": ""https://download.ccgp.gov.cn/oss/download?uuid=8A72F996D4CA61B73FC2CA7503200B""}]",https://www.ccgp.gov.cn/cggg/zygg/qtgg/./202609/t20260907_27282172.htm,2026-09-09 16:10:53,,0.0,,,,,,,,,,,,,
炉管设备耗材、石英舟废标公告,流标公告,ZGGJ-BJ04-26081636/SiC2026032,2026年09月07日 18:32,北京市,zycgr22011902,/,杨老师 010-57305334,中工国际招标有限公司,北京市朝阳区慧忠路5号远大中心C座2层203,王宇婷、王欣、康进、张跃   010-82952950-814,,,https://www.ccgp.gov.cn/cggg/zygg/qtgg/./202609/t20260907_27282076.htm,2026-09-09 16:10:53,,,,因通过资格性与符合性审查的有效供应商不足3家，本项目废标。,,,,,,,,,,,
2026年公安部道路交通安全研究中心算力集群设备采购项目废标公告,流标公告,,2026年09月07日 18:30,市辖区,公安部道路交通安全研究中心,北京市大兴区博兴二路5号院,郦老师 010-67825579,公安部警用装备采购中心,上海市闵行区浦江镇三达路299号,戚老师 021-3329-2999,JC-HG20260231+2026年公安部道路交通安全研究中心算力集群设备采购项目公开招标文件-202608141626505864-202609071406325132.docx,"[{""attach_name"": ""JC-HG20260231+2026年公安部道路交通安全研究中心算力集群设备采购项目公开招标文件-202608141626505864-202609071406325132.docx"", ""attach_url"": ""https://download.ccgp.gov.cn/oss/download?uuid=5637b50e-4e55-4533-9307-e353b0""}]",https://www.ccgp.gov.cn/cggg/zygg/qtgg/./202609/t20260907_27282119.htm,2026-09-09 16:10:53,,,,,,,,,,,,,,,
柯坪县消防救援大队2026年伙食采购及配送项目废标公告,流标公告,XFJYZD-GK-2026-003,2026年09月07日 18:27,阿克苏地区,阿克苏地区消防救援支队,阿克苏市交通路 119 号,亚克甫 18899244578,新疆疆跃招标代理有限责任公司,新疆阿克苏地区阿克苏市兰干街道绿苑社区采荷路23号云山悦府小区12栋2-202号,刘润利  13369873111,,,https://www.ccgp.gov.cn/cggg/zygg/qtgg/./202609/t20260907_27282017.htm,2026-09-09 16:10:54,,,,有效供应商不足三家,,,,,,,,,,,
泾源县消防救援大队白通路消防救援站训练场地建设项目废标公告,流标公告,HCZB-2026-,2026年09月07日 18:27,泾源县,泾源县消防救援大队,宁夏固原市泾源县滨河路,王骏卿0954-5011105,宁夏汇程项目管理有限公司,宁夏银川市金凤区鸿曦悦海湾C区1栋2层,开博辉、师晓荣0951-6150811、17395195455,,,https://www.ccgp.gov.cn/cggg/zygg/qtgg/./202609/t20260907_27282016.htm,2026-09-09 16:10:54,,,,截止响应文件递交时间，递交响应文件的有效供应商不足三家，故本项目予以废标处理。,,,,,,,,,,,
中华人民共和国广西出入境边防检查总站崇左片区戍边公寓岩土工程详细勘察项目竞价采购公告,流标公告,,2026年09月07日 18:26,良庆区,中华人民共和国广西出入境边防检查总站,南宁市良庆区春华路1号,谢警官？  0771-3286583,详见公告正文,详见公告正文,详见公告正文,,,https://www.ccgp.gov.cn/cggg/zygg/qtgg/./202609/t20260907_27282019.htm,2026-09-09 16:10:54,,29.4,,,,,,,,,,,,,
上海外国语大学大连西路550号10幢底层等区域招租项目（包件2：虹口区东体育会路100弄1号2012室招租）第四次招租公告,流标公告,SISU-GZZZ2603,2026年09月07日 18:07,上海市,上海外国语大学,中国上海市松江区文翔路1550号,国资处招标科 徐老师 李老师 021-67708016,上海中世建设咨询有限公司,上海市普陀区曹杨路528弄35号（中世办公楼）,赵贞、梅若荻 021-62441033、52555819,,,https://www.ccgp.gov.cn/cggg/zygg/qtgg/./202609/t20260907_27281777.htm,2026-09-09 16:10:54,,0.0,,,,,,,,,,,,,
徐闻县消防救援大队2026年团体意外伤害保险服务采购项目采购需求调查（市场价格征集）公告其他,流标公告,,2026年09月07日 18:01,徐闻县,徐闻县消防救援大队,广东省湛江市徐闻县徐城街道爱民路211号,"胡先生，15521683116,1309129315@qq.com",详见公告正文,详见公告正文,详见公告正文,附件 1报价函.docx,"[{""attach_name"": ""附件 1报价函.docx"", ""attach_url"": ""https://download.ccgp.gov.cn/oss/download?uuid=2BD17AABC0D62AA711C523595E5E05""}]",https://www.ccgp.gov.cn/cggg/zygg/qtgg/./202609/t20260907_27282056.htm,2026-09-09 16:10:54,,0.0,,,,,,,,,,,,,
兰州大学学位点及导师监测管理服务平台采购项目校内磋商公告,流标公告,,2026年09月07日 17:54,甘肃省,兰州大学,甘肃省兰州市城关区天水南路222号,曹老师、刘老师 0931-8912932、zbk@lzu.edu.cn,北京泛华国金工程咨询有限公司,兰州市城关区和平新村127号元富大厦16楼,魏芸 李鑫 13609353810、1359687677@qq.com,"（磋商文件.终稿）兰州大学学位点及导师监测管理服务平台采购项目.pdf,供应商系统平台使用手册.pdf,投标客户端使用手册.pdf","[{""attach_name"": ""（磋商文件.终稿）兰州大学学位点及导师监测管理服务平台采购项目.pdf"", ""attach_url"": ""https://download.ccgp.gov.cn/oss/download?uuid=7A022000FCB529157C8B5C40D37AF0""}, {""attach_name"": ""供应商系统平台使用手册.pdf"", ""attach_url"": ""https://download.ccgp.gov.cn/oss/download?uuid=E5DDF46609C81AC3C96AF018AE1AC7""}, {""attach_name"": ""投标客户端使用手册.pdf"", ""attach_url"": ""https://download.ccgp.gov.cn/oss/download?uuid=BEA86EA3C0F14056C66F7274405D8B""}]",https://www.ccgp.gov.cn/cggg/zygg/qtgg/./202609/t20260907_27281579.htm,2026-09-09 16:10:54,,70.0,,,,,,,,,,,,,
中国科学院金属研究所微小焦点X射线源采购项目单一来源公告,流标公告,,2026年09月07日 17:54,沈阳市,中国科学院金属研究所,沈阳市沈河区文化路72号,"佟老师,024-23971066、rtong@imr.ac.cn",东方国际招标有限责任公司,北京市海淀区丹棱街1号互联网金融中心20层,余睿、王军、郭宇涵、李雯；010-68290563、010-68290508、010-68290501,,,https://www.ccgp.gov.cn/cggg/zygg/qtgg/./202609/t20260907_27281585.htm,2026-09-09 16:10:54,,145.0,,,,,,,,,,,,,
雷波县消防救援大队建立代理机构库其他,流标公告,,2026年09月07日 17:47,雷波县,雷波县消防救援大队,四川省凉山彝族自治州雷波县锦城镇18号公路,联 系 人：范老师    联系电话：0834-8822171,四川寰宇卫创招标代理有限公司,雷波县北环路92号三楼,联 系 人：蒋先生   联系电话：14780645206,雷波县消防救援大队建立代理机构库公告.doc,"[{""attach_name"": ""雷波县消防救援大队建立代理机构库公告.doc"", ""attach_url"": ""https://download.ccgp.gov.cn/oss/download?uuid=7716A90E4CBCE9AFE7A88448908F21""}]",https://www.ccgp.gov.cn/cggg/zygg/qtgg/./202609/t20260907_27281410.htm,2026-09-09 16:10:54,,0.0,,,,,,,,,,,,,
北京中医药大学未来医学学院神经损伤模型构建与功能评价平台设备采购项目比选公告,流标公告,ZBXM20260828100323/CFTC-BJ01-2608039,2026年09月07日 17:32,北京市,北京中医药大学,北京市朝阳区北三环东路 11 号,赵老师010-53911758,国金招标有限公司,北京市朝阳区东三环南路甲52号顺迈金钻国际商务中心9层9C,杨振豪、王树凡、王佳乐、孙涛、刘晓红、王涵、张玉琢；电话：13552541378、010-52133055、010-52188100,获取采购文件登记表【2026年6月起用】.xlsx,"[{""attach_name"": ""获取采购文件登记表【2026年6月起用】.xlsx"", ""attach_url"": ""https://download.ccgp.gov.cn/oss/download?uuid=DB5EFDC08DC53066BAE8E42B18FB7E""}]",https://www.ccgp.gov.cn/cggg/zygg/qtgg/./202609/t20260907_27281097.htm,2026-09-09 16:10:54,比选采购,46.4,,,,,,,,,,,,,
中国科学院赣江创新研究院阻抗分析仪系统采购项目流标公告,流标公告,TC26070JC,2026年09月07日 17:28,赣州市,中国科学院赣江创新研究院,江西省赣州市科学院路1号,联系人：罗老师 电话：0797-4565919,中招国际招标有限公司,北京市海淀区学院南路62号中关村资本大厦911B室,罗子琦、徐子玲、王高云、郭文星、徐润斌 010-61954095、61954155  luoziqi@cntcitc.com.cn,,,https://www.ccgp.gov.cn/cggg/zygg/qtgg/./202609/t20260907_27281002.htm,2026-09-09 16:10:54,,,,本项目招标文件发售截止时间为2026年09月07日17时00分，获取招标文件的潜在供应商不足三家，本次采购失败，项目流标。,,,,,,,,,,,
中南大学能源科学与工程学院圆盘桨叶加热机采购项目废标公告,流标公告,HZ20260203-0166,2026年09月07日 17:26,长沙市,中南大学,长沙市麓山南路932号，中南大学采购与招标管理中心,"姚老师,联系方式：0731-88836937",湖南国联招标有限公司,湖南省长沙市开福区黄兴北路112号华润置地中心2号栋45楼,王亚丽、何浩、薛浩、季飞腾、陈家乐；联系电话：0731-85177559,中南大学能源科学与工程学院圆盘桨叶加热机采购项目招标文件-（0814对外稿）.pdf,"[{""attach_name"": ""中南大学能源科学与工程学院圆盘桨叶加热机采购项目招标文件-（0814对外稿）.pdf"", ""attach_url"": ""https://download.ccgp.gov.cn/oss/download?uuid=6E5C49E292CED5B3134D84AB3BD622""}]",https://www.ccgp.gov.cn/cggg/zygg/qtgg/./202609/t20260907_27280960.htm,2026-09-09 16:10:54,,,,本项目通过资格审查的投标人不足三家，作废标处理。,,,,,,,,,,,
兰州大学城关校区9号学生公寓项目水土保持验收报告编制服务采购校内磋商公告,流标公告,,2026年09月07日 17:22,兰州市,兰州大学,甘肃省兰州市城关区天水南路222号,孙老师、王老师 0931-8912831、zbk@lzu.edu.cn,甘肃省招标中心有限公司,甘肃省兰州市城关区飞雁街118号（陇星大厦14楼1407室）,雷欢 李思  13919236250、420940846@qq.com,"供应商系统平台使用手册(1).pdf,兰州大学城关校区9号学生公寓项目水土保持验收报告编制服务采购校内磋商文件0907.pdf,投标客户端使用手册(1).pdf","[{""attach_name"": ""供应商系统平台使用手册(1).pdf"", ""attach_url"": ""https://download.ccgp.gov.cn/oss/download?uuid=68E3C5E9DC6B2AC4DF98614C69DC6F""}, {""attach_name"": ""兰州大学城关校区9号学生公寓项目水土保持验收报告编制服务采购校内磋商文件0907.pdf"", ""attach_url"": ""https://download.ccgp.gov.cn/oss/download?uuid=9ABBAEC7D828503105D8B11F4A199B""}, {""attach_name"": ""投标客户端使用手册(1).pdf"", ""attach_url"": ""https://download.ccgp.gov.cn/oss/download?uuid=0C8D03084BC28807E2BECF62F91FD5""}]",https://www.ccgp.gov.cn/cggg/zygg/qtgg/./202609/t20260907_27280878.htm,2026-09-09 16:10:54,,20.0,,,,,,,,,,,,,
中华骨髓库2026年度综合业务系统国密改造项目废标公告,流标公告,TC26040CH,2026年09月07日 17:22,北京市,中国造血干细胞捐献者资料库管理中心,北京市东城区干面胡同53号,黄老师   010-65592099,中招国际招标有限公司,北京市海淀区学院南路62号院中关村资本大厦,张百娇、赵曰贤、张 洁   010-62108084、61954124,,,https://www.ccgp.gov.cn/cggg/zygg/qtgg/./202609/t20260907_27280877.htm,2026-09-09 16:10:54,,,,经磋商小组评审，有效供应商不足3家，本项目作废标处理。,,,,,,,,,,,
电子科技大学后勤保障部退休人员2026年中秋节慰问品采购项目邀请公告,流标公告,HQ20260802；,2026年09月07日 17:16,四川省,电子科技大学,成都市高新区（西区）西源大道2006号电子科技大学清水河校区综合楼433室,刘老师  丁老师  028-61831779,详见公告正文,详见公告正文,详见公告正文,HQ20260802-电子科技大学后勤保障部退休人员2026年中秋节慰问品采购项目-报价邀请文件（最终稿）.docx,"[{""attach_name"": ""HQ20260802-电子科技大学后勤保障部退休人员2026年中秋节慰问品采购项目-报价邀请文件（最终稿）.docx"", ""attach_url"": ""https://download.ccgp.gov.cn/oss/download?uuid=578A5AABFC5FAA03EF25AF514B2ECD""}]",https://www.ccgp.gov.cn/cggg/zygg/qtgg/./202609/t20260907_27280784.htm,2026-09-09 16:10:54,,8.08,,,,,,,,,,,,,
兰州大学榆中校区9-12号研究生公寓及食堂、物质科学组团（一期）建设项目水土保持监测服务采购项目校内磋商公告,流标公告,,2026年09月07日 17:12,甘肃省,兰州大学,甘肃省兰州市城关区天水南路222号,孙老师、王老师、0931-8912831、zbk@lzu.edu.cn,北京泛华国金工程咨询有限公司,兰州市城关区和平新村127号元富大厦16楼,魏芸 李鑫 13609353810、1359687677@qq.com,"投标客户端使用手册.pdf,终稿-校内磋商-兰州大学榆中校区9-12号研究生公寓及食堂、物质科学组团（一期）建设项目水土保持监测服务采购项目.pdf,供应商系统平台使用手册.pdf","[{""attach_name"": ""投标客户端使用手册.pdf"", ""attach_url"": ""https://download.ccgp.gov.cn/oss/download?uuid=176E0E2E560426A764ABCC6F8AD901""}, {""attach_name"": ""终稿-校内磋商-兰州大学榆中校区9-12号研究生公寓及食堂、物质科学组团（一期）建设项目水土保持监测服务采购项目.pdf"", ""attach_url"": ""https://download.ccgp.gov.cn/oss/download?uuid=32495756A2F88B212E8D58E1C7A7FC""}, {""attach_name"": ""供应商系统平台使用手册.pdf"", ""attach_url"": ""https://download.ccgp.gov.cn/oss/download?uuid=105FAF6389684D3ED469CE9A13A8C8""}]",https://www.ccgp.gov.cn/cggg/zygg/qtgg/./202609/t20260907_27280693.htm,2026-09-09 16:10:54,,32.0,,,,,,,,,,,,,
中国科学院声学研究所模拟海缆采购项目公开招标公告,流标公告,,2026年09月07日 17:10,北京市,中国科学院声学研究所,北京市海淀区北四环西路21号,耿老师010-82547847,东方国际招标有限责任公司,北京市海淀区丹棱街1号互联网金融中心20层,窦志超、李安齐、许宁010-68290502、0507,,,https://www.ccgp.gov.cn/cggg/zygg/qtgg/./202609/t20260907_27280643.htm,2026-09-09 16:10:55,,900.0,,,,,,,,,,,,,
金山区消防救援支队26－27年度车辆保险采购项目失败公告,流标公告,招案2026-3594,2026年09月07日 17:09,上海市,金山区消防救援支队,上海市金山区沪杭公路8868号,卜老师、021-57945119,上海中世建设咨询有限公司,上海市曹杨路528弄35号（中世办公楼）,邢楠、黄梦如、叶方圆，021-62441381,,,https://www.ccgp.gov.cn/cggg/zygg/qtgg/./202609/t20260907_27280576.htm,2026-09-09 16:10:55,,,,本项目通过符合性审查的供应商，不足3家，本次采购失败。,,,,,,,,,,,
电子科技大学2026年度报废资产处置项目第二批公开竞价公告,流标公告,,2026年09月07日 17:02,成都市,电子科技大学,成都市高新区（西区）西源大道2006号,汤老师028-61830579-808,中恒德佳工程咨询有限公司,成都市金牛区金科中路18号6楼,周女士、尹女士028-61363972、028-61363971-805、028-61363971-899,,,https://www.ccgp.gov.cn/cggg/zygg/qtgg/./202609/t20260907_27280428.htm,2026-09-09 16:10:55,,0.0,,,,,,,,,,,,,
锦州市消防救援支队2026年消防车辆装备采购项目技术参数公示,流标公告,,2026年09月07日 17:01,松山新区,锦州市消防救援支队,辽宁省锦州市松山新区学苑路10号,周先生  0416-3882548,详见公告正文,详见公告正文,详见公告正文,"附件1：锦州市消防救援支队2026年消防装备器材采购项目参数.xlsx,附件2：技术参数公示意见反馈表.xls","[{""attach_name"": ""附件1：锦州市消防救援支队2026年消防装备器材采购项目参数.xlsx"", ""attach_url"": ""https://download.ccgp.gov.cn/oss/download?uuid=824A1F17CE4D23B7857315575B749D""}, {""attach_name"": ""附件2：技术参数公示意见反馈表.xls"", ""attach_url"": ""https://download.ccgp.gov.cn/oss/download?uuid=027B98EFCB5958823FA95A9630A11B""}]",https://www.ccgp.gov.cn/cggg/zygg/qtgg/./202609/t20260907_27281061.htm,2026-09-09 16:10:55,,0.0,,,,,,,,,,,,,
广东省深圳市罗湖区消防救援大队2026年专职消防员及厨师体检服务采购项目遴选公告,流标公告,,2026年09月07日 17:00,罗湖区,深圳市罗湖区消防救援大队,深圳市罗湖区翠竹街道贝丽南路35号,李工0755-25114750,深圳市友和招标有限公司,深圳市福田区福强路3030号福田体育公园西北角友和招标代理服务中心（靠近北门）,潘艺伟0755-83889026,【发布稿】广东省深圳市罗湖区消防救援大队2026年专职消防员及厨师体检服务采购项目_已签章.pdf,"[{""attach_name"": ""【发布稿】广东省深圳市罗湖区消防救援大队2026年专职消防员及厨师体检服务采购项目_已签章.pdf"", ""attach_url"": ""https://download.ccgp.gov.cn/oss/download?uuid=82F2FE69D7EE800C7663DD8E54A5CB""}]",https://www.ccgp.gov.cn/cggg/zygg/qtgg/./202609/t20260907_27280374.htm,2026-09-09 16:10:55,,31.68,,,,,,,,,,,,,
广东省深圳市宝安区消防救援大队2026年网络办公设备维护服务采购项目遴选公告,流标公告,0724-2630SZ965374,2026年09月07日 16:55,深圳市,深圳市宝安区消防救援大队,深圳市宝安区西乡街道新湖路317号,陈工 0755-23001302,国义招标股份有限公司,深圳市福田区红荔路1001号银盛大厦11楼1101-1105,谢宁多、黄颖 0755-82331226,遴选文件-广东省深圳市宝安区消防救援大队2026年网络办公设备维护服务采购项目.pdf,"[{""attach_name"": ""遴选文件-广东省深圳市宝安区消防救援大队2026年网络办公设备维护服务采购项目.pdf"", ""attach_url"": ""https://download.ccgp.gov.cn/oss/download?uuid=A5514D20979B73802D63A0BA7EBCFB""}]",https://www.ccgp.gov.cn/cggg/zygg/qtgg/./202609/t20260907_27280224.htm,2026-09-09 16:10:55,,70.207046,,,,,,,,,,,,,
合肥市消防救援支队2026年度公交车车身及地铁媒体消防宣传广告投放采购项目单一来源公告,流标公告,,2026年09月07日 16:52,合肥市,合肥市消防救援支队,合肥市蜀山区科学大道119号,马丽 0551-62255349,安徽公共资源交易集团项目管理有限公司,合肥市滨湖新区南京路2588号（徽州大道与南京路交口）六楼,鲍秋鸣 0551-66223251,招标文件正文.pdf,"[{""attach_name"": ""招标文件正文.pdf"", ""attach_url"": ""https://download.ccgp.gov.cn/oss/download?uuid=14B0414102F9BDCF76F9BFFAC7A73A""}]",https://www.ccgp.gov.cn/cggg/zygg/qtgg/./202609/t20260907_27280191.htm,2026-09-09 16:10:55,,109.7,,,,,,,,,,,,,
中华人民共和国广州出入境边防检查总站移动警务通信服务采购项目比价公告,流标公告,,2026年09月07日 16:52,天河区,中华人民共和国广州出入境边防检查总站,广州市天河区中山大道中489号,王警官，020-82133715,详见公告正文,详见公告正文,详见公告正文,（发布稿）广州出入境边防检查总站移动警务通信服务采购项目比价文件.doc,"[{""attach_name"": ""（发布稿）广州出入境边防检查总站移动警务通信服务采购项目比价文件.doc"", ""attach_url"": ""https://download.ccgp.gov.cn/oss/download?uuid=9DC92F359F59BBD4166E6C3874D96B""}]",https://www.ccgp.gov.cn/cggg/zygg/qtgg/./202609/t20260907_27280193.htm,2026-09-09 16:10:55,,28.8,,,,,,,,,,,,,
中国歌剧舞剧院道路运输服务项目废标公告,流标公告,HSZT2026FG/086,2026年09月07日 16:52,北京市,中国歌剧舞剧院,北京市丰台区南三环东路23号,龙老师 010-59752038,北京华盛中天咨询有限责任公司,北京市海淀区西直门北大街甲43号金运大厦B座1103室（西直门文慧桥西南角）,刘上、董子硕、卢天天010-62278948-602/601/624,,,https://www.ccgp.gov.cn/cggg/zygg/qtgg/./202609/t20260907_27280184.htm,2026-09-09 16:10:55,,,,通过符合性审查的有效投标人不足3家，经确认同意作废标处理。,,,,,,,,,,,
中国歌剧舞剧院2026年度海运运输服务项目流标公告,流标公告,HSZT2026FG/117,2026年09月07日 16:51,北京市,中国歌剧舞剧院,北京市丰台区南三环东路23号,龙老师，010-59752038,北京华盛中天咨询有限责任公司,北京市海淀区西直门北大街甲43号金运大厦B座1103室（西直门文慧桥西南角）,刘上、董子硕、卢天天 010-62278948-602/601/624,,,https://www.ccgp.gov.cn/cggg/zygg/qtgg/./202609/t20260907_27280118.htm,2026-09-09 16:10:55,,,,投标文件递交截止时间止，投标人不足三家，经确认同意作流标处理。,,,,,,,,,,,
陕西师范大学未来教师生物实验教学系统项目废标公告,流标公告,AJ26041/SZT2026-SN-ZY-ZC-HW-0413,2026年09月07日 16:48,西安市,陕西师范大学,西安市长安区西长安街620号,曹睿、李婷029-85310696,陕西中技招标有限公司,西安市高新区高新四路1号高科广场A座10楼1001会议室,赵倩、刘洪涛029-87304306、029-87304326、029-88364979-857,AJ26041（0413）陕西师范大学未来教师生物实验教学系统项目招标文件0820.pdf,"[{""attach_name"": ""AJ26041（0413）陕西师范大学未来教师生物实验教学系统项目招标文件0820.pdf"", ""attach_url"": ""https://download.ccgp.gov.cn/oss/download?uuid=2CF6FCADD0BFAA0974D9176EB06C89""}]",https://www.ccgp.gov.cn/cggg/zygg/qtgg/./202609/t20260907_27280037.htm,2026-09-09 16:10:55,,,,因递交文件投标人不足三家，本项目废标。,,,,,,,,,,,
陕西师范大学多模态智慧教学钢琴系统废标公告,流标公告,AJ26058/SXLX26-01-044Z(H),2026年09月07日 16:37,西安市,陕西师范大学,西安市长安区西长安街620号,曹睿、李婷 029-85310696,陕西隆信项目管理有限公司,西安市雁塔区雁翔路111号赛格·中京坊公寓A座1单元二层,李亚男、王真、杜航、任甜 029-88489979-8104,20260817-陕西师范大学多模态智慧教学钢琴系统+V1【发布稿】.pdf,"[{""attach_name"": ""20260817-陕西师范大学多模态智慧教学钢琴系统+V1【发布稿】.pdf"", ""attach_url"": ""https://download.ccgp.gov.cn/oss/download?uuid=8350C5D6F9437CF19659988DDD1583""}]",https://www.ccgp.gov.cn/cggg/zygg/qtgg/./202609/t20260907_27279762.htm,2026-09-09 16:10:55,,,,截至投标文件递交截止时间，递交投标文件的投标人不足三家，本项目按废标处理。,,,,,,,,,,,
重庆市消防救援总队2026年应急通信装备采购项目需求公示,流标公告,,2026年09月07日 16:37,重庆市,重庆市消防救援总队,重庆市渝北区人和街道云杉北路77号,宋老师，18102340552,详见公告正文,详见公告正文,详见公告正文,"需求公示修改建议书.doc,2026年应急通信装备采购项目技术需求.doc,2026年应急通信装备采购项目商务要求.doc,重庆市消防救援总队2026年应急通信装备采购项目需求公示.doc","[{""attach_name"": ""需求公示修改建议书.doc"", ""attach_url"": ""https://download.ccgp.gov.cn/oss/download?uuid=52AAAB070640276BE113C7BEA19F81""}, {""attach_name"": ""2026年应急通信装备采购项目技术需求.doc"", ""attach_url"": ""https://download.ccgp.gov.cn/oss/download?uuid=0CFA460251984F1DA7476E353E6970""}, {""attach_name"": ""2026年应急通信装备采购项目商务要求.doc"", ""attach_url"": ""https://download.ccgp.gov.cn/oss/download?uuid=E2AF1213A9681FB4A6778FB0C3EA78""}, {""attach_name"": ""重庆市消防救援总队2026年应急通信装备采购项目需求公示.doc"", ""attach_url"": ""https://download.ccgp.gov.cn/oss/download?uuid=00D67E73D9C369775734CC867CB99B""}]",https://www.ccgp.gov.cn/cggg/zygg/qtgg/./202609/t20260907_27280528.htm,2026-09-09 16:10:55,,0.0,,,,,,,,,,,,,
中华人民共和国湛江出入境边防检查站2026年度船艇维修保养服务采购项目简易采购公告,流标公告,,2026年09月07日 16:34,霞山区,中华人民共和国湛江出入境边防检查站,广东省湛江市霞山区人民东一路2号,赵华  0759-2289571,详见公告正文,详见公告正文,详见公告正文,"中华人民共和国湛江出入境边防检查站2026年船艇维修保养服务项目需求书.doc,中华人民共和国湛江出入境边防检查站2026年船艇维修保养项目合同（意向性文本）.docx,中华人民共和国湛江出入境边防检查站2026年船艇维修保养采购项目简易采购文件.docx,中华人民共和国湛江出入境边防检查站2026年船艇维修保养服务项目-清单.xls","[{""attach_name"": ""中华人民共和国湛江出入境边防检查站2026年船艇维修保养服务项目需求书.doc"", ""attach_url"": ""https://download.ccgp.gov.cn/oss/download?uuid=D5494035CC325EA63D15EB85B4BD1F""}, {""attach_name"": ""中华人民共和国湛江出入境边防检查站2026年船艇维修保养项目合同（意向性文本）.docx"", ""attach_url"": ""https://download.ccgp.gov.cn/oss/download?uuid=C340AD1E414CECA5EE5D2E6C2825C1""}, {""attach_name"": ""中华人民共和国湛江出入境边防检查站2026年船艇维修保养采购项目简易采购文件.docx"", ""attach_url"": ""https://download.ccgp.gov.cn/oss/download?uuid=397C73C84B3ABDED56E01C590BDBE1""}, {""attach_name"": ""中华人民共和国湛江出入境边防检查站2026年船艇维修保养服务项目-清单.xls"", ""attach_url"": ""https://download.ccgp.gov.cn/oss/download?uuid=4FB94C0F9A3612DBEF89CB42796420""}]",https://www.ccgp.gov.cn/cggg/zygg/qtgg/./202609/t20260907_27280478.htm,2026-09-09 16:10:55,,10.0,,,,,,,,,,,,,
重庆市消防救援总队网络资源租赁服务项目需求公示,流标公告,,2026年09月07日 16:33,重庆市,重庆市消防救援总队,重庆市渝北区人和街道云杉北路77号,廖老师，023-67315157,详见公告正文,详见公告正文,详见公告正文,"重庆市消防救援总队网络资源租赁服务项目商务需求.doc,需求公示修改建议书.doc,重庆市消防救援总队网络资源租赁服务项目服务需求.doc,重庆市消防救援总队网络资源租赁服务项目需求公示.doc","[{""attach_name"": ""重庆市消防救援总队网络资源租赁服务项目商务需求.doc"", ""attach_url"": ""https://download.ccgp.gov.cn/oss/download?uuid=FEFAAF1709A79C821801B5B7D267E0""}, {""attach_name"": ""需求公示修改建议书.doc"", ""attach_url"": ""https://download.ccgp.gov.cn/oss/download?uuid=D39B590D0C76CD33B1B1BA09C81B9A""}, {""attach_name"": ""重庆市消防救援总队网络资源租赁服务项目服务需求.doc"", ""attach_url"": ""https://download.ccgp.gov.cn/oss/download?uuid=0B6BC34C63FDB22DB228942A111FC0""}, {""attach_name"": ""重庆市消防救援总队网络资源租赁服务项目需求公示.doc"", ""attach_url"": ""https://download.ccgp.gov.cn/oss/download?uuid=06D3FE46AB418E4222F4DEA6D0AF07""}]",https://www.ccgp.gov.cn/cggg/zygg/qtgg/./202609/t20260907_27280432.htm,2026-09-09 16:10:55,,0.0,,,,,,,,,,,,,
重庆市消防救援总队法治·电动自行车摩托车综合智管（一期）应用建设项目需求公示,流标公告,,2026年09月07日 16:30,重庆市,重庆市消防救援总队,重庆市两江新区云杉北路77号,廖老师，023-67315157,详见公告正文,详见公告正文,详见公告正文,"法治？电动自行车摩托车综合智管（一期）应用建设商务需求.docx,法治？电动自行车摩托车综合智管（一期）应用建设项目需求公示.doc,法治？电动自行车摩托车综合智管（一期）应用建设服务需求.docx,需求公示修改建议书.doc","[{""attach_name"": ""法治？电动自行车摩托车综合智管（一期）应用建设商务需求.docx"", ""attach_url"": ""https://download.ccgp.gov.cn/oss/download?uuid=2B1251D2320EF118268712092B0175""}, {""attach_name"": ""法治？电动自行车摩托车综合智管（一期）应用建设项目需求公示.doc"", ""attach_url"": ""https://download.ccgp.gov.cn/oss/download?uuid=259F9AD8A27EFB262FE08400E20BB8""}, {""attach_name"": ""法治？电动自行车摩托车综合智管（一期）应用建设服务需求.docx"", ""attach_url"": ""https://download.ccgp.gov.cn/oss/download?uuid=0E8D1B34176E475946998FCE6E5EBF""}, {""attach_name"": ""需求公示修改建议书.doc"", ""attach_url"": ""https://download.ccgp.gov.cn/oss/download?uuid=D85822DAB8B38A6B8D6735B687DCD5""}]",https://www.ccgp.gov.cn/cggg/zygg/qtgg/./202609/t20260907_27280385.htm,2026-09-09 16:10:56,,0.0,,,,,,,,,,,,,
吉林大学中日联谊医院吉林省国家紧急医学救援基地建设项目-突发核辐射事件紧急医学救援中心、突发中毒事件紧急医学救援中心工程施工中标结果公示,流标公告,CCS20260706FJSZ04001001,2026年09月07日 16:23,市辖区,吉林大学中日联谊医院,0431-84995636/84995171,米先生、廖先生,中亚众联国际项目管理有限公司,19967890521、13331616532,杨帆、张悦,,,https://www.ccgp.gov.cn/cggg/zygg/qtgg/./202609/t20260907_27279425.htm,2026-09-09 16:10:56,,,,/,,,,,,,,,,,
厦门公物—公开比选—GW2026-ZYSH008（2026CGZXGKBX0052）—计算机组成原理实验室国产化升级改造专项—采购公告,流标公告,GW2026-ZYSH008,2026年09月07日 16:14,厦门市,华侨大学,福建省厦门市集美区集美大道668号,潘老师，18850553502。,厦门市公物采购招投标有限公司,厦门市湖滨南路81号光大银行大厦10楼,黄小姐、杜小姐，0592-2229570、2233020，咨询时间：法定工作日，上午8:30-12:00、下午14:30-18:00。,,,https://www.ccgp.gov.cn/cggg/zygg/qtgg/./202609/t20260907_27279265.htm,2026-09-09 16:10:56,,50.4,,,,,,,,,,,,,
贵州某单位警史馆改建项目自主采购公告,流标公告,,2026年09月07日 16:14,贵州省,SPD-21,贵州省贵阳市南明区,/,贵州卫虹招标有限公司,贵阳市中华中路8号时代广场名仕楼18楼,许明霞、赵军、邹燕   0851-85801822,,,https://www.ccgp.gov.cn/cggg/zygg/qtgg/./202609/t20260907_27279228.htm,2026-09-09 16:10:56,,78.311867,,,,,,,,,,,,,
2026年度员工制服及配饰采购项目(第二次招标）废标公告,流标公告,CB-BS-2026-0625-01,2026年09月07日 16:13,深圳市,中国电子口岸数据中心深圳分中心,深圳市福田区福田南路2号2楼,黄万琼 0755-84394309,深圳市加乐咨询有限公司,深圳市福田区深南大道1003号大中华国际金融中心A座10楼,陈康、王捷、康娇艳、范舜矩、王丽0755-82997987,,,https://www.ccgp.gov.cn/cggg/zygg/qtgg/./202609/t20260907_27279224.htm,2026-09-09 16:10:56,,,,因响应供应商不足三家，根据《中华人民共和国政府采购法》第三十六条“符合专业条件的供应商或者对招标文件作实质响应的供应商不足三家的（应予废标）”规定，本项目废标。,,,,,,,,,,,
厦门公物—公开比选—GW2026-ZYSH009（2026CGZXGKBX0053）—原子层沉积机—采购公告,流标公告,GW2026-ZYSH009,2026年09月07日 16:13,厦门市,华侨大学,福建省厦门市集美区集美大道668号,刘老师，0592-6167590,厦门市公物采购招投标有限公司,厦门市湖滨南路81号光大银行大厦10楼,黄小姐、杜小姐，0592-2229570、2233020，咨询时间：法定工作日，上午8:30-12:00、下午14:30-18:00。,,,https://www.ccgp.gov.cn/cggg/zygg/qtgg/./202609/t20260907_27279230.htm,2026-09-09 16:10:56,,55.0,,,,,,,,,,,,,
2026年大连民族大学百链外文学术搜索数据库采购项目单一来源公示,流标公告,,2026年09月07日 16:11,大连市,大连民族大学,辽宁省大连市金普新区辽河西路18号,程老师0411-87565775,博智兴华工程顾问有限公司,辽宁省大连市西岗区新开路69号锦绣大厦,刘亚男、连坤0411-83798619,单一来源产品专家论证意见（综合）.pdf,"[{""attach_name"": ""单一来源产品专家论证意见（综合）.pdf"", ""attach_url"": ""https://download.ccgp.gov.cn/oss/download?uuid=2923112D55CE0041207084D26B01D4""}]",https://www.ccgp.gov.cn/cggg/zygg/qtgg/./202609/t20260907_27279155.htm,2026-09-09 16:10:56,,15.5,,,,,,,,,,,,,
2026年大连民族大学移动图书馆数据库采购项目单一来源公示,流标公告,,2026年09月07日 16:11,大连市,大连民族大学,辽宁省大连市金普新区辽河西路18号,金老师0411-87656329,博智兴华工程顾问有限公司,辽宁省大连市西岗区新开路69号锦绣大厦,刘亚男、连坤0411-83798619,单一来源产品专家论证意见（综合）.pdf,"[{""attach_name"": ""单一来源产品专家论证意见（综合）.pdf"", ""attach_url"": ""https://download.ccgp.gov.cn/oss/download?uuid=0B54000A5696BE4E688B63CD70131D""}]",https://www.ccgp.gov.cn/cggg/zygg/qtgg/./202609/t20260907_27279162.htm,2026-09-09 16:10:56,,12.5,,,,,,,,,,,,,
重庆市南川区消防救援支队2026年灭火类消防装备采购需求参数调查公告其他,流标公告,,2026年09月07日 16:00,南川区,南川区消防救援支队,重庆市南川区南城街道金山大道9号,谭老师13996350621,详见公告正文,详见公告正文,详见公告正文,采购装备参数征求意见清单.rar,"[{""attach_name"": ""采购装备参数征求意见清单.rar"", ""attach_url"": ""https://download.ccgp.gov.cn/oss/download?uuid=B8509589A6653487CC828A053F1905""}]",https://www.ccgp.gov.cn/cggg/zygg/qtgg/./202609/t20260907_27279589.htm,2026-09-09 16:10:56,,0.0,,,,,,,,,,,,,
国家食品安全风险评估中心15周年宣传片制作比选公告,流标公告,,2026年09月07日 15:59,北京市,国家食品安全风险评估中心,北京市朝阳区广渠路37号院2号楼,王老师 010-52165527,国金招标有限公司,北京市朝阳区东三环南路甲52号顺迈金钻国际商务中心9层9C,边璐 张含勇 孔政 邵柄强 010-52138809、13521749581,获取采购文件登记表.xlsx,"[{""attach_name"": ""获取采购文件登记表.xlsx"", ""attach_url"": ""https://download.ccgp.gov.cn/oss/download?uuid=35E62F41B4F9EB5575098B415EA4DD""}]",https://www.ccgp.gov.cn/cggg/zygg/qtgg/./202609/t20260907_27278950.htm,2026-09-09 16:10:56,,9.5,,,,,,,,,,,,,
中国信息通信研究院信息通信技术产业创新基地建设项目（1#科研实验楼等30项）建设工程一切险（含建筑工程一切险、安装工程一切险、第三者责任险）（二次）废标公告,流标公告,KJY20261401,2026年09月07日 15:57,北京市,中国信息通信研究院,北京市海淀区花园北路52号,张晓春 010-62301511,北京科技园拍卖招标有限公司,北京市海淀区万柳光大西园6号楼0188,蒋瑜、王丽波、宋健兵 010-82575731转805、225,,,https://www.ccgp.gov.cn/cggg/zygg/qtgg/./202609/t20260907_27278925.htm,2026-09-09 16:10:56,,,,经评审，实质性响应竞争性磋商文件的有效投标人不足3家，本项目废标。,,,,,,,,,,,
嘉祥县消防救援大队工会委员会2026年中秋、2027年春节职工慰问物资采购项目废标公告,流标公告,2026-ZY-030,2026年09月07日 15:55,嘉祥县,嘉祥县消防救援大队,嘉祥县嘉祥街拥军路9号,吴文广17861360520,山东子一项目管理有限公司,济宁市嘉祥县建设路阳光新城,于经理13287299553；18863784111；13127116561,,,https://www.ccgp.gov.cn/cggg/zygg/qtgg/./202609/t20260907_27278883.htm,2026-09-09 16:10:56,,,,响应竞争性磋商文件供应商有效投标数量不足三家，故作废标处理。,,,,,,,,,,,
成都市成华区消防救援局绿植绿化服务采购项目（二次）比选公告,流标公告,,2026年09月07日 15:49,市辖区,成都市成华区消防救援大队,四川省成都市成华区建功路119号,易老师028-84383119,锦城国际工程咨询有限公司,成都市高新区剑南大道中段1537号佳年华时代晶座2栋5楼517号,汪老师18181990802,,,https://www.ccgp.gov.cn/cggg/zygg/qtgg/./202609/t20260907_27278775.htm,2026-09-09 16:10:56,,19.0,,,,,,,,,,,,,
卢沟桥消防站红线外消防管线接入项目比选公告,流标公告,,2026年09月07日 15:40,北京市,丰台区消防救援支队,北京市丰台区嘉园路119号,改远泽  010-87578119-6506,汉华国招（北京）工程咨询有限公司,北京市丰台区日月天地A-902,谷振彬、白燕、韩雪 010-58076608-831,,,https://www.ccgp.gov.cn/cggg/zygg/qtgg/./202609/t20260907_27278625.htm,2026-09-09 16:10:56,,13.635257,,,,,,,,,,,,,
东南大学集成电路学院钙钛矿工艺平台洁净综合环境系统采购废标公告,流标公告,0664-2640SUMECZF075,2026年09月07日 15:35,南京市,东南大学,南京市玄武区四牌楼2号,技术咨询：集成电路学院：陈老师  电话：13852298366； 实验室与设备管理处：大型装备平台科 电话：025-52091041；,苏美达国际技术贸易有限公司,南京市长江路198号苏美达大厦9F,周翠、高雅婧、杨扬025-84531056、84532452、84532455,,,https://www.ccgp.gov.cn/cggg/zygg/qtgg/./202609/t20260907_27278484.htm,2026-09-09 16:10:56,,,,因递交投标文件的供应商数量不足3个，本项目废标。,,,,,,,,,,,
中央财经大学科研综合楼项目-造价咨询采购项目比选公告,流标公告,FW-2026069-ZHSW,2026年09月07日 15:33,北京市,中央财经大学,北京市海淀区学院南路39号,刘老师、梁老师、李老师，010-62288125,//,//,//,,,https://www.ccgp.gov.cn/cggg/zygg/qtgg/./202609/t20260907_27278442.htm,2026-09-09 16:10:57,比选,68.18,,,,,,,,,,,,,
新乡县消防救援大队中央大道消防救援站装修项目（二标段：办公电器、家具用具采购）,流标公告,,2026年09月07日 15:33,新乡县,新乡县消防救援大队,新乡县小冀镇青龙路东段,姬忠伦15836007900,河南连昇建筑工程管理有限公司,河南省新乡市牧野区新中大道560号,孙艳13937348796,,,https://www.ccgp.gov.cn/cggg/zygg/qtgg/./202609/t20260907_27278430.htm,2026-09-09 16:10:57,,,,经评审，有效供应商不足三家，本项目流标。,,,,,,,,,,,
福建省漳州市消防救援支队小型船舶（冲锋舟）操作人员培训服务项目（第二次）比选公告,流标公告,FJZRH,2026年09月07日 15:32,市辖区,漳州市消防救援支队,福建省漳州市龙文区水仙大街119号,李先生，13276060338,福建中融合项目管理有限公司,漳州市芗城区厦门路21号江畔御景四单元1707室,小李，0596-2938387,,,https://www.ccgp.gov.cn/cggg/zygg/qtgg/./202609/t20260907_27279016.htm,2026-09-09 16:10:57,,16.0,,,,,,,,,,,,,
SPD-10青海省某单位信息系统等级保护测评服务采购项目其他,流标公告,,2026年09月07日 15:29,城东区,SPD-10,青海省西宁市城东区,邹女士 0971-8819576,详见公告正文,详见公告正文,详见公告正文,"采购文件.doc,零星采购响应文件.doc","[{""attach_name"": ""采购文件.doc"", ""attach_url"": ""https://download.ccgp.gov.cn/oss/download?uuid=374C84107DAB33039AF1CBB4A90B6B""}, {""attach_name"": ""零星采购响应文件.doc"", ""attach_url"": ""https://download.ccgp.gov.cn/oss/download?uuid=55F0DA9C37A3044178C8CEDC6A7E41""}]",https://www.ccgp.gov.cn/cggg/zygg/qtgg/./202609/t20260907_27278350.htm,2026-09-09 16:10:57,,4.95,,,,,,,,,,,,,
2026年海洋站点水准测量技术服务采购项目询比采购公告,流标公告,,2026年09月07日 15:25,广东省,自然资源部南海预报减灾中心,广州市海珠区新港中路353号,吴小姐 020-84208042,广东粤信项目管理有限公司,广州市天河区天寿路31号1301室（部位：内自编05房（仅限办公））,王工 020-37209484-823,获取文件登记表.docx,"[{""attach_name"": ""获取文件登记表.docx"", ""attach_url"": ""https://download.ccgp.gov.cn/oss/download?uuid=32D6A4729EA89C8952EC2D879A436A""}]",https://www.ccgp.gov.cn/cggg/zygg/qtgg/./202609/t20260907_27278302.htm,2026-09-09 16:10:57,,24.0,,,,,,,,,,,,,
青岛市城阳区消防救援大队2026年阶段性食堂原材料配送采购项目技术参数征求意见公告,流标公告,,2026年09月07日 15:23,市辖区,青岛市城阳区消防救援大队,青岛市城阳区春城路621号,杨队长 0532-81851355,山东百荣招标咨询有限公司,济南市高新区颖秀路2766号迪亚创业基地北楼3楼318室,晁经理 18615660028,"附件1 - 青岛市城阳区消防救援大队2026年阶段性食堂原材料配送采购项目-技术参数.pdf,附件2 - 青岛市城阳区消防救援大队2026年阶段性食堂原材料配送采购项目-技术参数修改意见书-参考格式.docx","[{""attach_name"": ""附件1 - 青岛市城阳区消防救援大队2026年阶段性食堂原材料配送采购项目-技术参数.pdf"", ""attach_url"": ""https://download.ccgp.gov.cn/oss/download?uuid=620397508914C4124B838B45D16015""}, {""attach_name"": ""附件2 - 青岛市城阳区消防救援大队2026年阶段性食堂原材料配送采购项目-技术参数修改意见书-参考格式.docx"", ""attach_url"": ""https://download.ccgp.gov.cn/oss/download?uuid=B858F56DA583C7D04C42B8210C2AF4""}]",https://www.ccgp.gov.cn/cggg/zygg/qtgg/./202609/t20260907_27278285.htm,2026-09-09 16:10:57,,0.0,,,,,,,,,,,,,
盘锦市消防救援支队视频指挥调度终端建设及平台升级项目需求调查公告其他,流标公告,,2026年09月07日 15:19,市辖区,盘锦市消防救援支队,辽宁省盘锦市兴隆台区辽河中路53号,闫先生18342738555,详见公告正文,详见公告正文,详见公告正文,"附件2：盘锦市消防救援支队指挥调度体系建设项目采购需求调查汇总表(1).xls,附件3：盘锦支队指挥调度体系建设项目需求调查明细(3)(1).xls,附件1：盘锦市消防救援支队指挥调度体系建设项目采购需求调查表.doc","[{""attach_name"": ""附件2：盘锦市消防救援支队指挥调度体系建设项目采购需求调查汇总表(1).xls"", ""attach_url"": ""https://download.ccgp.gov.cn/oss/download?uuid=7C999D80A2AE6B28CA5D6D635F52AE""}, {""attach_name"": ""附件3：盘锦支队指挥调度体系建设项目需求调查明细(3)(1).xls"", ""attach_url"": ""https://download.ccgp.gov.cn/oss/download?uuid=FBB809E84CBFFD147083F5B3619099""}, {""attach_name"": ""附件1：盘锦市消防救援支队指挥调度体系建设项目采购需求调查表.doc"", ""attach_url"": ""https://download.ccgp.gov.cn/oss/download?uuid=6A82D1D58F592D532B6734C43736F5""}]",https://www.ccgp.gov.cn/cggg/zygg/qtgg/./202609/t20260907_27278773.htm,2026-09-09 16:10:57,,0.0,,,,,,,,,,,,,
暨南大学电话室楼东侧板房装修改造项目询比公告,流标公告,,2026年09月07日 15:08,天河区,暨南大学,广州市天河区黄埔大道西601号,李老师，020-85223022,广东华伦招标有限公司,广州市越秀区广仁路1号广仁大厦7楼,麦工，020-83172166-843,暨南大学电话室楼东侧板房装修改造项目询比文件（发布稿）.pdf,"[{""attach_name"": ""暨南大学电话室楼东侧板房装修改造项目询比文件（发布稿）.pdf"", ""attach_url"": ""https://download.ccgp.gov.cn/oss/download?uuid=23F0D9FA3558E5D6C463A140BC5D3B""}]",https://www.ccgp.gov.cn/cggg/zygg/qtgg/./202609/t20260907_27278084.htm,2026-09-09 16:10:57,,84.786216,,,,,,,,,,,,,
上海外国语大学大连西路550号10幢底层等区域招租项目（包件2：虹口区东体育会路100弄1号2012室招租）第三次失败公告,流标公告,SISU-GZZZ2603/招案2026-3131,2026年09月07日 15:07,上海市,上海外国语大学,中国上海市松江区文翔路1550号,国资处招标科 徐老师 李老师 021-67708016,上海中世建设咨询有限公司,上海市普陀区曹杨路528弄35号（中世办公楼）,赵贞、梅若荻 021-62441033、52555819,,,https://www.ccgp.gov.cn/cggg/zygg/qtgg/./202609/t20260907_27278062.htm,2026-09-09 16:10:57,,,,因获取招租文件的竞租单位数量不足，本次招租失败。,,,,,,,,,,,
青浦区消防救援支队青浦支队通信网络设备维保服务公开比选,流标公告,ZHCG20260904055,2026年09月07日 15:00,青浦区,青浦区消防救援支队,青浦胜利路1828号,叶老师 021-22176363,上海臻诚建设管理咨询有限公司,上海市青浦区盈顺路870号2栋6层,周海波021-59203378,,,https://www.ccgp.gov.cn/cggg/zygg/qtgg/./202609/t20260907_27277998.htm,2026-09-09 16:10:57,,45.0,,,,,,,,,,,,,
宝鸡市消防救援支队高通量公网卫星便携站采购项目需求调查及技术参数征集公告,流标公告,,2026年09月07日 14:53,宝鸡市,宝鸡市消防救援支队,宝鸡市高新区新苑路18号,0917-3252939,详见公告正文,详见公告正文,详见公告正文,宝鸡市消防救援支队高通量公网卫星便携站采购项目需求调查及技术参数征集表.docx,"[{""attach_name"": ""宝鸡市消防救援支队高通量公网卫星便携站采购项目需求调查及技术参数征集表.docx"", ""attach_url"": ""https://download.ccgp.gov.cn/oss/download?uuid=53AD2A1849A4904A09AA148BE71679""}]",https://www.ccgp.gov.cn/cggg/zygg/qtgg/./202609/t20260907_27277917.htm,2026-09-09 16:10:57,,0.0,,,,,,,,,,,,,
义乌市消防救援支队2026-2027年度公务车租赁单位采购项目废标公告,流标公告,KXYC2026005FC,2026年09月07日 14:52,义乌市,义乌市消防救援支队,义乌市机场路636号,韦女士  13506594528,科信联合工程咨询有限公司,义乌市丹溪三区香樟苑2栋8单元3楼,王佳峰 15158945061,,,https://www.ccgp.gov.cn/cggg/zygg/qtgg/./202609/t20260907_27277919.htm,2026-09-09 16:10:57,,,,有效供应商不足三家，本项目废标。,,,,,,,,,,,
厦门公物—竞争性磋商—GW2026-ZY013—中国科学院城市环境研究所资源与环境学院公寓楼活动室设施采购项目—结果公告,流标公告,GW2026-ZY013,2026年09月07日 14:50,厦门市,中国科学院城市环境研究所,福建省厦门市集美区集美大道1799号,陈老师，0592-6190908,厦门市公物采购招投标有限公司,厦门市湖滨南路81号光大银行大厦10楼,唐嘉豪、张金交，0592-2225870、2279323（咨询时间：法定工作日，上午8:30-12:00、下午14:30-18:00。）,GW2026-ZY013-中国科学院城市环境研究所活动室设施采购-磋商文件-定稿 8.21.pdf,"[{""attach_name"": ""GW2026-ZY013-中国科学院城市环境研究所活动室设施采购-磋商文件-定稿 8.21.pdf"", ""attach_url"": ""https://download.ccgp.gov.cn/oss/download?uuid=1FCBAABD83657FC49E374E5747DC7B""}]",https://www.ccgp.gov.cn/cggg/zygg/qtgg/./202609/t20260907_27277897.htm,2026-09-09 16:10:57,,,,本项目因有效供应商不足三家，采购失败。,,,,,,,,,,,
四川某单位图书采购项目废标公告,流标公告,TQ-2026-SC20-D015,2026年09月07日 14:48,四川省,SPD-16,成都市天府新区牧华路三段2538号,吴先生:19602802310,四川楫新工程咨询有限公司,四川省成都市武侯区武兴五路77号智领大厦一单元806,张先生：19013216009,,,https://www.ccgp.gov.cn/cggg/zygg/qtgg/./202609/t20260907_27277854.htm,2026-09-09 16:10:58,,,,中标人放弃中标,,,,,,,,,,,
北京市东城区消防救援支队2026年支队药品采购比选公告及比选文件更正,流标公告,,2026年09月07日 14:46,东城区,北京市东城区消防救援支队,北京市东城区左安门西街17号,田老师67189119转6216,北京鸣晟工程管理咨询有限公司,北京市密云区白云街6号院阳光水岸小区3-1-102,谢一鸣010-56846608,,,https://www.ccgp.gov.cn/cggg/zygg/qtgg/./202609/t20260907_27277845.htm,2026-09-09 16:10:58,,25.0,,,,,,,,,,,,,
上海交通大学器件热分析及检测平台流标公告,流标公告,招设2026A00124/2606003061,2026年09月07日 14:46,上海市,上海交通大学,上海市东川路800号,招采经办人：刘老师 电话：021-54747337 技术联系人：史老师 电话：13917159685,上海国际招标有限公司,上海市延安西路358号美丽园大厦14楼,联系人：张靖姝、张义恒 电话：021-32173698、32173690 邮箱：zhangjingshu@shabidding.com、zhangyiheng@shabidding.com,,,https://www.ccgp.gov.cn/cggg/zygg/qtgg/./202609/t20260907_27277847.htm,2026-09-09 16:10:58,,,,通过资格审查的有效投标人不足3家，本次招标失败，作流标处理。,,,,,,,,,,,
成都市龙泉驿区消防救援局2026年度空调维修维护服务采购项目比选公告,流标公告,,2026年09月07日 14:26,成都市,成都市龙泉驿区消防救援大队,成都市龙泉驿区车城大道300号,李老师 028-84882980,四川中志招标代理有限公司,成都市高新区吉泰五路88号3栋16层7号（花样年·香年广场）,王子雄、曹晓宇、佟巍 028-65783579（报名相关事宜咨询）、028-85353312-611（采购项目相关事宜咨询）,,,https://www.ccgp.gov.cn/cggg/zygg/qtgg/./202609/t20260907_27277660.htm,2026-09-09 16:10:58,,10.0,,,,,,,,,,,,,
成都市龙泉驿区消防救援局2026年度办公用品耗材配送采购项目比选公告,流标公告,,2026年09月07日 14:26,成都市,成都市龙泉驿区消防救援大队,成都市龙泉驿区车城大道300号,李老师 028-84882980,四川中志招标代理有限公司,成都市高新区吉泰五路88号3栋16层7号（花样年·香年广场）,王子雄、曹晓宇、佟巍 028-65783579（报名相关事宜咨询）、028-85353312-611（采购项目相关事宜咨询）,,,https://www.ccgp.gov.cn/cggg/zygg/qtgg/./202609/t20260907_27277665.htm,2026-09-09 16:10:58,,15.0,,,,,,,,,,,,,
张家港市消防救援大队工会委员会关于2026年度张家港大队中秋国庆福利与配送服务的比选公告,流标公告,SZJX2026-ZJG-BX-002号,2026年09月07日 14:25,张家港市,张家港市消防救援大队,江苏省张家港市杨舍镇北庄路2号,张工 0512-58992162,苏州捷信招投标咨询有限公司,苏州市南园北路118号天和商务大厦6-206,丁亚萍、汪业超,报名表格式.doc,"[{""attach_name"": ""报名表格式.doc"", ""attach_url"": ""https://download.ccgp.gov.cn/oss/download?uuid=AA72D83B745ED47692703800D10CB4""}]",https://www.ccgp.gov.cn/cggg/zygg/qtgg/./202609/t20260907_27277649.htm,2026-09-09 16:10:58,比选,48.57412,,,,,,,,,,,,,
成都市龙泉驿区消防救援局2026年度桶装水、瓶装水配送服务采购项目比选公告,流标公告,,2026年09月07日 14:25,成都市,成都市龙泉驿区消防救援大队,成都市龙泉驿区车城大道300号,李老师 028-84882980,四川中志招标代理有限公司,成都市高新区吉泰五路88号3栋16层7号（花样年·香年广场）,王子雄、曹晓宇、佟巍 028-65783579（报名相关事宜咨询）、028-85353312-611（采购项目相关事宜咨询）,,,https://www.ccgp.gov.cn/cggg/zygg/qtgg/./202609/t20260907_27277647.htm,2026-09-09 16:10:58,,15.0,,,,,,,,,,,,,
哈尔滨市消防救援支队食堂食材供应保障服务项目(二次）废标公告,流标公告,FD[2026]086,2026年09月07日 14:23,黑龙江省,哈尔滨市消防救援支队,哈尔滨市香坊区和平路111号,韩女士0451-51190817,方大国际工程咨询股份有限公司,哈尔滨市道里区群力大道3517号星光耀广场二期A座9层,王先生0451-82291520,,,https://www.ccgp.gov.cn/cggg/zygg/qtgg/./202609/t20260907_27277635.htm,2026-09-09 16:10:58,,,,截至投标文件提交截止时间，递交投标文件的供应商不足三家，本项目予以废标。,,,,,,,,,,,
中国地质调查局发展研究中心（全国地质资料馆、自然资源部矿产勘查技术指导中心）中国地质调查局发展研究中心四川会理黎溪地区铜矿异常查证项目废标公告,流标公告,0722-26FE3697ZB5,2026年09月07日 14:18,北京市,中国地质调查局发展研究中心（全国地质资料馆、自然资源部矿产勘查技术指导中心）,北京市西城区阜外大街45号,金老师 010-58584442,中国远东国际招标有限公司,北京朝阳区和平街东土城路甲9号,穆辰霖、章培 13581956002、13911555743,,,https://www.ccgp.gov.cn/cggg/zygg/qtgg/./202609/t20260907_27277598.htm,2026-09-09 16:10:58,,,,通过符合性审查的有效投标人不足3家,,,,,,,,,,,
腹腔内窥镜手术系统集中采购项目废标公告,流标公告,B0708-CMC26N7992,2026年09月07日 14:08,北京市,国家卫生健康委国际交流与合作中心,北京市西城区车公庄大街9号五栋大楼B3座,李老师、杜老师 010-88393879,中国机械进出口（集团）有限公司,北京市丰台区金泽东路通用时代中心C座,张曌明，李子豪  电话：010-81168235、81168223    电子邮箱：zhangzhaoming@cmc.gt.cn,,,https://www.ccgp.gov.cn/cggg/zygg/qtgg/./202609/t20260907_27277517.htm,2026-09-09 16:10:58,,,,因递交投标文件的投标人不足三家，本项目废标。,,,,,,,,,,,
北京师范大学路庄创业中心地源热泵设备租赁项目单一来源采购公示,流标公告,,2026年09月07日 14:04,北京市,北京师范大学,北京市海淀区新街口外大街19号,陈老师、滕老师，010-58802582,北京宏信天诚国际招标有限公司,北京市海淀区复兴路乙12号中国铝业大厦11层1110室,闫文娟、孙银英，010-63974645；010-63969957,"专业人员论证意见.pdf,BJ1499 北京师范大学路庄创业中心地源热泵设备租赁项目-单一来源采购公示公告.docx","[{""attach_name"": ""专业人员论证意见.pdf"", ""attach_url"": ""https://download.ccgp.gov.cn/oss/download?uuid=12B0E18F6EFB91692C0C3749361DF6""}, {""attach_name"": ""BJ1499 北京师范大学路庄创业中心地源热泵设备租赁项目-单一来源采购公示公告.docx"", ""attach_url"": ""https://download.ccgp.gov.cn/oss/download?uuid=75F11A57296F9BEE4EB73202D47743""}]",https://www.ccgp.gov.cn/cggg/zygg/qtgg/./202609/t20260907_27277498.htm,2026-09-09 16:10:58,,199.0,,,,,,,,,,,,,
中华人民共和国常平海关物业零星维修协议施工单位入库采购项目失败公告,流标公告,GDIT-2026145,2026年09月07日 13:43,东莞市,中华人民共和国常平海关,东莞市常平镇东征路98号常平海关,李先生，0769-22005830,广东洲际招标代理有限公司,东莞市南城区元美路2号财富广场B座13A层13A08室,邓艳军、郑新、娄建平，0769-23328188,,,https://www.ccgp.gov.cn/cggg/zygg/qtgg/./202609/t20260907_27277409.htm,2026-09-09 16:10:58,,,,通过资格、符合性审查的供应商不足3家。,,,,,,,,,,,
吉林大学部分公用楼宇相关电气改造工程高压电力项目监理服务二标段中标候选人公示,流标公告,,2026年09月07日 12:47,长春市,吉林大学,吉林省长春市前进大街2699号,方永刚0431-85167313,江苏仁禾中衡工程咨询房地产估价有限公司,吉林省长春市生态大街五洲国际二期6栋305室,刘作祥、郭成、陈婷0431-80546028,,,https://www.ccgp.gov.cn/cggg/zygg/qtgg/./202609/t20260907_27277315.htm,2026-09-09 16:10:58,,49.0,,,,,,,,,,,,,
正务-ARRIEL发动机单元体修理-单一来源采购方式公示,流标公告,,2026年09月07日 12:25,厦门市,交通运输部东海第二救助飞行队,福建省厦门市湖里区翔云三路128号,李亚辉  13600979423,厦门正务联合招标代理有限公司,厦门市湖里区枋湖南路163号1001室之五,印海萍  0592-5785922,"福建省政府采购专家库.pdf,单一来源采购方式论证 签到表及专家论证意见.pdf","[{""attach_name"": ""福建省政府采购专家库.pdf"", ""attach_url"": ""https://download.ccgp.gov.cn/oss/download?uuid=023F19F9AFD4ED2084446A0F715406""}, {""attach_name"": ""单一来源采购方式论证 签到表及专家论证意见.pdf"", ""attach_url"": ""https://download.ccgp.gov.cn/oss/download?uuid=95653EB457D490A5C509FFCA0301A5""}]",https://www.ccgp.gov.cn/cggg/zygg/qtgg/./202609/t20260907_27277242.htm,2026-09-09 16:10:58,,177.0,,,,,,,,,,,,,
上海市消防救援总队训练与战勤保障支队采购实战化培训耗材防盗门、锁芯流标公告,流标公告,FTZB-HW202607001Z,2026年09月07日 11:46,上海市,上海市消防救援总队训练与战勤保障支队,上海市奉贤区奉城镇洪南路258号,傅老师，021-22139119,上海斐腾招标服务有限公司,徐汇区云锦路500号商场R座2楼,张老师，13585868364（FT188Z@163.com）,,,https://www.ccgp.gov.cn/cggg/zygg/qtgg/./202609/t20260907_27276926.htm,2026-09-09 16:10:58,,,,到报名截止时间，参与报名的单位不足3家，故本项目流标。,,,,,,,,,,,
上海市消防救援总队训练与战勤保障支队采购实战化培训耗材A类火燃料流标,流标公告,FTZB-HW202607002Z,2026年09月07日 11:46,上海市,上海市消防救援总队训练与战勤保障支队,上海市奉贤区奉城镇洪南路258号,傅老师，021-22139119,上海斐腾招标服务有限公司,徐汇区云锦路500号商场R座2楼,张老师，13585868364（FT188Z@163.com）,,,https://www.ccgp.gov.cn/cggg/zygg/qtgg/./202609/t20260907_27276920.htm,2026-09-09 16:10:59,,,,到投标截止时间，参与投标的单位不足3家，故本项目流标。,,,,,,,,,,,
上海市消防救援总队训练与战勤保障支队采购通用生烟液流标公告,流标公告,FTZB-HW202607003Z,2026年09月07日 11:46,上海市,上海市消防救援总队训练与战勤保障支队,上海市奉贤区奉城镇洪南路258号,傅老师，021-22139119,上海斐腾招标服务有限公司,徐汇区云锦路500号商场R座2楼,张老师，13585868364（FT188Z@163.com）,,,https://www.ccgp.gov.cn/cggg/zygg/qtgg/./202609/t20260907_27276901.htm,2026-09-09 16:10:59,,,,到投标截止时间，参与投标的单位不足3家，故本项目流标。,,,,,,,,,,,
西安交通大学医学院第一附属医院射频微针治疗仪和皮肤毛发镜图像处理工作站采购流标公告（一标段射频微针治疗仪）,流标公告,GXTC-C-26570257,2026年09月07日 11:29,市辖区,西安交通大学第一附属医院,陕西省西安市雁塔西路277号,李老师029-85324027,国信招标集团股份有限公司,陕西省西安市雁塔区南二环西段58号成长大厦20楼,钞小龙、刘洋、胡智运、张海飞18191792135,,,https://www.ccgp.gov.cn/cggg/zygg/qtgg/./202609/t20260907_27276728.htm,2026-09-09 16:10:59,,,,经评审，通过资格性审查的投标人不足3家，该标段流标,,,,,,,,,,,
中国科学院光电技术研究所振幅与相位探测器采购项目流标公告,流标公告,OITC-G260170032,2026年09月07日 11:25,四川省,中国科学院光电技术研究所,成都市双流区西航港街道光电大道1号,高老师 028- 85100570,东方国际招标有限责任公司,北京市海淀区丹棱街1号互联网金融中心20层,迟兆洋、叶明、林杨婷 020-87001523  ytlin@oitc.com.cn、cjwang@oitc.com.cn 、sli@oitc.com.cn,_170032振幅与相位探测器【7.22稿】(1).docx,"[{""attach_name"": ""_170032振幅与相位探测器【7.22稿】(1).docx"", ""attach_url"": ""https://download.ccgp.gov.cn/oss/download?uuid=F4E551136D7B2C5259DB349FE3BAD5""}]",https://www.ccgp.gov.cn/cggg/zygg/qtgg/./202609/t20260907_27276677.htm,2026-09-09 16:10:59,,,,截至投标文件递交截止时间，递交投标文件的投标人不足三家，本项目流标。,,,,,,,,,,,
芜湖市消防救援支队空气呼吸器两室一站采购项目参数公示,流标公告,,2026年09月07日 11:10,市辖区,芜湖市消防救援支队,安徽省芜湖市鸠江区赤铸山东路28号,骆助理  15005534347,详见公告正文,详见公告正文,详见公告正文,"芜湖市消防救援支队空气呼吸器两室一站采购项目参数.docx,意见书模版.doc","[{""attach_name"": ""芜湖市消防救援支队空气呼吸器两室一站采购项目参数.docx"", ""attach_url"": ""https://download.ccgp.gov.cn/oss/download?uuid=17F079280684F43192C5B6032D4D57""}, {""attach_name"": ""意见书模版.doc"", ""attach_url"": ""https://download.ccgp.gov.cn/oss/download?uuid=1C17602DD8A6A07A23EF310D3E8A27""}]",https://www.ccgp.gov.cn/cggg/zygg/qtgg/./202609/t20260907_27276575.htm,2026-09-09 16:10:59,,0.0,,,,,,,,,,,,,
中国科学院大学国际会议中心四食堂联营风味档口招商项目择优选聘公告,流标公告,,2026年09月07日 11:04,北京市,中国科学院大学,北京市石景山区玉泉路19号（甲）（邮编：100 049）,陈老师，010-6967 1906,北京明德致信咨询有限公司,北京市海淀区学院路30号科大天工大厦B座17层09室,王爽、于歌，吕绍山 010-8237 0045 ws@zbbmcc.com,1173-择优选聘公告.docx,"[{""attach_name"": ""1173-择优选聘公告.docx"", ""attach_url"": ""https://download.ccgp.gov.cn/oss/download?uuid=5078D180B9A7EB7A54BCDC192DF708""}]",https://www.ccgp.gov.cn/cggg/zygg/qtgg/./202609/t20260907_27276541.htm,2026-09-09 16:10:59,,0.0,,,,,,,,,,,,,
SPD-27吉林省某单位训练基地办公区域网络信息点铺设采购项目（三次）其他,流标公告,,2026年09月07日 11:04,朝阳区,SPD-27,吉林省长春市朝阳区南湖大路3798号,杨先生    19990511891,详见公告正文,详见公告正文,详见公告正文,吉林省某单位训练基地网络信息点铺设零星采购文件(三次).doc,"[{""attach_name"": ""吉林省某单位训练基地网络信息点铺设零星采购文件(三次).doc"", ""attach_url"": ""https://download.ccgp.gov.cn/oss/download?uuid=09102112ACC4778ABB78A4D486BE9B""}]",https://www.ccgp.gov.cn/cggg/zygg/qtgg/./202609/t20260907_27276539.htm,2026-09-09 16:10:59,,4.53,,,,,,,,,,,,,
SPD-A51昆明某单位2026年—2029年物业服务项目采购公告,流标公告,ZDGL-K2026-0092。,2026年09月07日 11:00,昆明市,SPD-A51,昆明市,吕老师  0871-63966336,中德高路科技（云南）股份有限公司,中国（云南）自由贸易试验区昆明片区官渡区吴井路183号百富琪商业广场B座709号,柏楠、李玲玲、杨雯雯、高连剑、范忠亮、左建芬、范晔  15608763167、18508855628、0871-65214575,,,https://www.ccgp.gov.cn/cggg/zygg/qtgg/./202609/t20260907_27276510.htm,2026-09-09 16:10:59,其他（大额采购）,60.0,,,,,,,,,,,,,
四川省内江市消防救援支队大跨距举高喷射消防车采购项目技术需求征求意见公告其他,流标公告,,2026年09月07日 11:00,东兴区,内江市消防救援支队,四川省内江市东兴区富胜路222号,田先生 15883272819,详见公告正文,详见公告正文,详见公告正文,需求调查附件1、2、3、4.docx,"[{""attach_name"": ""需求调查附件1、2、3、4.docx"", ""attach_url"": ""https://download.ccgp.gov.cn/oss/download?uuid=FBF465C0E1C754B2D970813F2B6A24""}]",https://www.ccgp.gov.cn/cggg/zygg/qtgg/./202609/t20260907_27276516.htm,2026-09-09 16:10:59,,0.0,,,,,,,,,,,,,
中南大学湘雅医院心血管内科门诊设备及配套耗材采购项目废标公告,流标公告,医院项目编号：YWYYHC2026070046；采购代理编号：ZNDXXYYY-2026-09,2026年09月07日 10:58,湖南省,中南大学湘雅医院,湖南省长沙市湘雅路87号,孙老师 0731-89752081,湖南鑫卫医药电子商务科技发展有限公司,长沙市开福区芙蓉中路一段88号天健壹平方英里H栋8楼,周可莘、徐秋艳  400-696-8998  选2  转分机号 95,,,https://www.ccgp.gov.cn/cggg/zygg/qtgg/./202609/t20260907_27276488.htm,2026-09-09 16:10:59,,,,包1投标截止时间止，递交投标文件的投标人不足三家；包2通过符合性审查的投标人不足三家，以上包号予以废标。,,,,,,,,,,,
中国农业大学国家农业科技创新港图书信息综合中心施工中标候选人公示,流标公告,S110000A001042682003,2026年09月07日 10:49,平谷区,中国农业大学,北京市海淀区圆明园西路2号,王馨悦010-62732813,北京科技园拍卖招标有限公司,北京市海淀区万柳光大西园6号楼0188,申耀朋13651356671,,,https://www.ccgp.gov.cn/cggg/zygg/qtgg/./202609/t20260907_27276364.htm,2026-09-09 16:10:59,,,,/,,,,,,,,,,,
中华人民共和国辽宁出入境边防检查总站信息化驻场运维服务采购项目二次比价公告,流标公告,,2026年09月07日 10:39,皇姑区,中华人民共和国辽宁出入境边防检查总站,辽宁省沈阳市皇姑区黄河北大街123号,刘警官，沈警官 024-86501111-7117、6808,详见公告正文,详见公告正文,详见公告正文,,,https://www.ccgp.gov.cn/cggg/zygg/qtgg/./202609/t20260907_27276243.htm,2026-09-09 16:10:59,,30.0,,,,,,,,,,,,,
吉林大学第二医院消毒供应中心劳务服务项目废标公告,流标公告,ZSJC-2026-CCFW066,2026年09月07日 10:25,南关区,吉林大学第二医院,吉林省长春市南关区亚泰大街4026号,郭老师0431-81136241,中盛精诚工程项目管理有限公司,吉林省长春市朝阳区超然街855号4楼（中盛精诚）,李洋、郑永楠0431-89895226,,,https://www.ccgp.gov.cn/cggg/zygg/qtgg/./202609/t20260907_27276133.htm,2026-09-09 16:10:59,,,,经评审，合格投标人不足三家，本项目废标。,,,,,,,,,,,
浙江省嘉兴支队海盐县消防救援大队2026年度食堂伙食配送采购项目需求公示,流标公告,,2026年09月07日 10:24,海盐县,海盐县消防救援大队,浙江省嘉兴市海盐县海丰西路188号,刘拯浩  19703834156,详见公告正文,详见公告正文,详见公告正文,2026海盐大队伙食配送项目需求表(采购办)(1)(1).doc,"[{""attach_name"": ""2026海盐大队伙食配送项目需求表(采购办)(1)(1).doc"", ""attach_url"": ""https://download.ccgp.gov.cn/oss/download?uuid=1E4E50FBE6016A8FB71B0A4AD8BAED""}]",https://www.ccgp.gov.cn/cggg/zygg/qtgg/./202609/t20260907_27276134.htm,2026-09-09 16:10:59,,0.0,,,,,,,,,,,,,
中华人民共和国开平出入境边防检查站2026年后山加固工程项目简易采购公告,流标公告,,2026年09月07日 10:14,开平市,中华人民共和国开平出入境边防检查站,广东省开平市金山西路13号,叶克剑：0750-8507232,详见公告正文,详见公告正文,详见公告正文,"中华人民共和国开平出入境边防检查站2026年后山加固工程项目合同意向性文本.docx,中华人民共和国开平出入境边防检查站2026年后山加固工程项目报价清单.zip,中华人民共和国开平出入境边防检查站2026年后山加固工程项目图纸.zip,中华人民共和国开平出入境边防检查站2026年后山加固工程项目需求文件.doc,中华人民共和国开平出入境边防检查站2026年后山加固工程项目简易采购文件.doc","[{""attach_name"": ""中华人民共和国开平出入境边防检查站2026年后山加固工程项目合同意向性文本.docx"", ""attach_url"": ""https://download.ccgp.gov.cn/oss/download?uuid=EFEC51C960C25F32C89B5D6007191C""}, {""attach_name"": ""中华人民共和国开平出入境边防检查站2026年后山加固工程项目报价清单.zip"", ""attach_url"": ""https://download.ccgp.gov.cn/oss/download?uuid=332A819B567816621BA401083D6FA2""}, {""attach_name"": ""中华人民共和国开平出入境边防检查站2026年后山加固工程项目图纸.zip"", ""attach_url"": ""https://download.ccgp.gov.cn/oss/download?uuid=DA558BFC70636614F3064D964DC79A""}, {""attach_name"": ""中华人民共和国开平出入境边防检查站2026年后山加固工程项目需求文件.doc"", ""attach_url"": ""https://download.ccgp.gov.cn/oss/download?uuid=A0880ACDC35C58D3205F831293C693""}, {""attach_name"": ""中华人民共和国开平出入境边防检查站2026年后山加固工程项目简易采购文件.doc"", ""attach_url"": ""https://download.ccgp.gov.cn/oss/download?uuid=B1EA22AF2535E8BD205392F5FD124F""}]",https://www.ccgp.gov.cn/cggg/zygg/qtgg/./202609/t20260907_27276057.htm,2026-09-09 16:11:00,,15.296394,,,,,,,,,,,,,
中国科学院广州生物医药与健康研究院单细胞多组学大模型采购项目废标公告,流标公告,OITC-G260600294,2026年09月07日 10:04,广州市,中国科学院广州生物医药与健康研究院,广州市黄埔区开源大道190号,020-32015326,东方国际招标有限责任公司,北京市海淀区丹棱街1号互联网金融中心20层,迟兆洋、叶明、林杨婷、王宸极、李飒 020-87001523、0769-26627023 mye@oitc.com.cn、ytlin@oitc.com.cn、sli@oitc.com.cn,,,https://www.ccgp.gov.cn/cggg/zygg/qtgg/./202609/t20260907_27275953.htm,2026-09-09 16:11:00,,,,实质性响应招标文件的供应商不足三家，废标。,,,,,,,,,,,
中国疾病预防控制中心传染病预防控制所全国病原病媒生物与宿主动物监测管理信息系统子系统国家致病菌识别网运行维护其他,流标公告,,2026年09月07日 10:02,昌平区,中国疾病预防控制中心传染病预防控制所,北京市昌平区昌百路155号传染病所,王老师；010-58900715；wanghaitao@icdc.cn,详见公告正文,详见公告正文,详见公告正文,1采购文件-全国病原病媒生物与宿主动物监测管理信息系统子系统国家致病菌识别网运行维护.doc,"[{""attach_name"": ""1采购文件-全国病原病媒生物与宿主动物监测管理信息系统子系统国家致病菌识别网运行维护.doc"", ""attach_url"": ""https://download.ccgp.gov.cn/oss/download?uuid=0C6E8E478EBAFC45C6882EE36DF999""}]",https://www.ccgp.gov.cn/cggg/zygg/qtgg/./202609/t20260907_27275949.htm,2026-09-09 16:11:00,,30.0,,,,,,,,,,,,,
中国疾病预防控制中心传染病预防控制所全国病原病媒生物和宿主动物监测管理信息系统认证中心开发项目其他,流标公告,,2026年09月07日 09:59,昌平区,中国疾病预防控制中心传染病预防控制所,北京市昌平区昌百路155号传染病所,王老师；010-58900715；wanghaitao@icdc.cn,详见公告正文,详见公告正文,详见公告正文,1采购文件-全国病原病媒生物和宿主动物监测管理信息系统认证中心开发项目.doc,"[{""attach_name"": ""1采购文件-全国病原病媒生物和宿主动物监测管理信息系统认证中心开发项目.doc"", ""attach_url"": ""https://download.ccgp.gov.cn/oss/download?uuid=364BAD504320EEBE7CDEE6A04B2F70""}]",https://www.ccgp.gov.cn/cggg/zygg/qtgg/./202609/t20260907_27275907.htm,2026-09-09 16:11:00,,22.0,,,,,,,,,,,,,
金山区消防救援支队新建山阳站文体器材采购（包件二）失败公告,流标公告,Shxr-zfcg-2604,2026年09月07日 09:54,金山区,金山区消防救援支队,金山区沪杭公路8868号,卜老师-57945119,上海信润建设工程咨询有限公司,上海市金山区浦卫公路16299弄13号508室,孙亚龙-15921800646,,,https://www.ccgp.gov.cn/cggg/zygg/qtgg/./202609/t20260907_27275882.htm,2026-09-09 16:11:00,,,,本项目包件二因报名单位不足三家，本次采购失败。,,,,,,,,,,,
福州海关技术中心全自动加液仪等设备采购项目（二次）结果公告,流标公告,RWZB-2026-108-1,2026年09月07日 09:48,福建省,福州海关技术中心,福建省福州市鼓楼区湖东路312号,郑巧敏 0591-87065573,福建榕卫招标有限公司,福州市鼓楼区洪山园路52号华润万象城（三期）S11#楼6层,曾星怡、郑婷婷、林文芳0591-87512357,中小企业声明函.png,"[{""attach_name"": ""中小企业声明函.png"", ""attach_url"": ""https://download.ccgp.gov.cn/oss/download?uuid=FF66F5D9B5DC91630B06DBF04A3D83""}]",https://www.ccgp.gov.cn/cggg/zygg/qtgg/./202609/t20260907_27275830.htm,2026-09-09 16:11:00,,,,采购包1：投标截止时间后，参加投标的投标人不足三家，本采购包不进行开标。,,,,,,,,,,,
ZYCGR22011903晶圆倒片机流标公告,流标公告,0613-267128054587,2026年09月07日 09:40,市辖区,zycgr22011903,上海市合川路2380号,王老师  021-64220901,上海机电设备招标有限公司,上海市长寿路285号恒达大厦11楼,代丽丽，张洁玮，沈飏   021-32557769，32557775,ZYCGR22011903晶圆倒片机发售稿0814.pdf,"[{""attach_name"": ""ZYCGR22011903晶圆倒片机发售稿0814.pdf"", ""attach_url"": ""https://download.ccgp.gov.cn/oss/download?uuid=280240466D5F08293D18BAD533ED2F""}]",https://www.ccgp.gov.cn/cggg/zygg/qtgg/./202609/t20260907_27275774.htm,2026-09-09 16:11:00,,,,投标人不足三家，本项目流标。,,,,,,,,,,,
北京市消防救援总队购买厨房用品项目比选公告,流标公告,ZKGSF(ZB)-20261814,2026年09月07日 09:35,北京市,北京市消防救援总队,北京市西城区西直门南小街1号,刘助理  010-8221523,中科高盛咨询集团有限公司,北京市丰台区福宜街9号院5号楼昆仑中心10层,周珍珍、范麒霖、贾芳菲，18750109153、13501211563,,,https://www.ccgp.gov.cn/cggg/zygg/qtgg/./202609/t20260907_27275720.htm,2026-09-09 16:11:00,,16.0,,,,,,,,,,,,,
东南大学土木工程学院多激光同轴丝粉同熔8轴联动机器人采购项目废标公告,流标公告,JSTCC26002105526,2026年09月07日 09:34,江苏省,东南大学,江苏省南京市玄武区四牌楼2号,土木工程学院：王老师，13851783691 ；实验室与设备管理处：罗老师，025-83792693,江苏省招标中心有限公司,江苏省南京市鼓楼区郑和中路118号D座12楼1203室,汪律、姜瑶、陈诚，025-83240902、83249926、83248600,,,https://www.ccgp.gov.cn/cggg/zygg/qtgg/./202609/t20260907_27275722.htm,2026-09-09 16:11:00,,,,在评标期间，通过符合性审查的供应商不足3家，此项目予以废标。,,,,,,,,,,,
浙江省嘉兴支队海盐县消防救援大队2026年度食堂伙食配送采购项目需求公示,流标公告,,2026年09月07日 09:27,海盐县,海盐县消防救援大队,浙江省嘉兴市海盐县海丰西路188号,刘拯浩  19703834156,详见公告正文,详见公告正文,详见公告正文,,,https://www.ccgp.gov.cn/cggg/zygg/qtgg/./202609/t20260907_27275682.htm,2026-09-09 16:11:00,,0.0,,,,,,,,,,,,,
SPD-32某单位海南地区汽车租赁服务采购项目其他,流标公告,,2026年09月07日 09:14,北京市,SPD-32,北京市西城区闹市口大街11号,李先生18110088307,详见公告正文,详见公告正文,详见公告正文,某单位海南地区汽车租赁采购项目.doc,"[{""attach_name"": ""某单位海南地区汽车租赁采购项目.doc"", ""attach_url"": ""https://download.ccgp.gov.cn/oss/download?uuid=B30210344B431012062AABC8B47C35""}]",https://www.ccgp.gov.cn/cggg/zygg/qtgg/./202609/t20260907_27275608.htm,2026-09-09 16:11:00,,29.6,,,,,,,,,,,,,
呼伦贝尔边境管理支队净水设备采购项目公开商洽公告,流标公告,XD-2026-HW-028,2026年09月07日 09:02,市辖区,呼伦贝尔边境管理支队,呼伦贝尔市中心城区大雁街,王警官   0470-8133325,呼伦贝尔信德工程项目管理有限公司,呼伦贝尔市鄂温克族自治旗登喜路家园6-101室,安春艳     15560675075,获取采购文件登记表.doc,"[{""attach_name"": ""获取采购文件登记表.doc"", ""attach_url"": ""https://download.ccgp.gov.cn/oss/download?uuid=954A350E43B006D9B4750AB93F42B4""}]",https://www.ccgp.gov.cn/cggg/zygg/qtgg/./202609/t20260907_27275579.htm,2026-09-09 16:11:00,公开商洽,83.945,,,,,,,,,,,,,
SPD某单位车辆配件采购项目（二次）其他,流标公告,,2026年09月07日 08:42,北京市,SPD,北京市西城区闹市口大街11号,李先生18110088307,详见公告正文,详见公告正文,详见公告正文,,,https://www.ccgp.gov.cn/cggg/zygg/qtgg/./202609/t20260907_27275532.htm,2026-09-09 16:11:00,,14.97,,,,,,,,,,,,,
国家体育总局射击射箭运动管理中心国产飞碟项目计分显示屏二次采购结果公告,流标公告,,2026年09月07日 08:38,北京市,国家体育总局射击射箭运动管理中心,北京市石景山区福田寺甲3号,010-88962650,国家体育总局体育器材装备中心,北京市东城区体育馆路3号,010-87182686,,,https://www.ccgp.gov.cn/cggg/zygg/qtgg/./202609/t20260907_27275531.htm,2026-09-09 16:11:00,,,,,,,,,,,,,,,
中华人民共和国西藏出入境边防检查总站阿里边境管理支队2026年度机关职工之家维修项目竞争性磋商,流标公告,,2026年09月06日 22:46,噶尔县,阿里边境管理支队,西藏阿里地区噶尔县狮泉河镇陕西路50号,李警官，0897-2996086,西藏固道项目咨询有限公司,西藏阿里地区噶尔县马泉路产业园合作路220号,俱先生，18689194615,"竞争性磋商邀请-2026职工之家维修.doc,采购文件获取登记表-2026职工之家维修.xlsx","[{""attach_name"": ""竞争性磋商邀请-2026职工之家维修.doc"", ""attach_url"": ""https://download.ccgp.gov.cn/oss/download?uuid=4C37E74FC834B637DFEF8EE3F363BE""}, {""attach_name"": ""采购文件获取登记表-2026职工之家维修.xlsx"", ""attach_url"": ""https://download.ccgp.gov.cn/oss/download?uuid=CEB8367789BBBE00D2B09DE5DF4692""}]",https://www.ccgp.gov.cn/cggg/zygg/qtgg/./202609/t20260906_27275452.htm,2026-09-09 16:11:01,,55.452907,,,,,,,,,,,,,
中华人民共和国西藏出入境边防检查总站阿里边境管理支队2026年度公务车辆保险服务项目竞争性磋商,流标公告,,2026年09月06日 22:45,噶尔县,阿里边境管理支队,西藏阿里地区噶尔县狮泉河镇陕西路50号,王警官，0897-2996086,西藏名典实业有限公司,西藏阿里地区噶尔县迎宾大道瑞特公寓3栋2001号,冯女士，17784557777,"采购文件获取登记表-2026车辆保险.xlsx,竞争性磋商邀请-2026车辆保险.doc","[{""attach_name"": ""采购文件获取登记表-2026车辆保险.xlsx"", ""attach_url"": ""https://download.ccgp.gov.cn/oss/download?uuid=3FD9C74A8550F1A5DACD5AFC861ED3""}, {""attach_name"": ""竞争性磋商邀请-2026车辆保险.doc"", ""attach_url"": ""https://download.ccgp.gov.cn/oss/download?uuid=FF4A87105A4CE0544093B9246B2A2E""}]",https://www.ccgp.gov.cn/cggg/zygg/qtgg/./202609/t20260906_27275451.htm,2026-09-09 16:11:01,,90.0,,,,,,,,,,,,,
中华人民共和国西藏出入境边防检查总站阿里边境管理支队机关综合指挥中心强弱电改造项目成交公告,流标公告,,2026年09月06日 22:44,噶尔县,阿里边境管理支队,西藏阿里地区噶尔县狮泉河镇陕西路50号,王警官，0897-2996086,西藏恩民建设工程咨询有限公司,西藏阿里地区噶尔县文化路41号税务局退休基地5-3号,吴先生，19539817630,"磋商文件（定稿）-2026强弱电改造项目.pdf,中小企业声明函（2026强弱电改造）-四川鸿捷.jpg","[{""attach_name"": ""磋商文件（定稿）-2026强弱电改造项目.pdf"", ""attach_url"": ""https://download.ccgp.gov.cn/oss/download?uuid=6FDD0E3AB226F5EDF7759E4B02F032""}, {""attach_name"": ""中小企业声明函（2026强弱电改造）-四川鸿捷.jpg"", ""attach_url"": ""https://download.ccgp.gov.cn/oss/download?uuid=E934C564D5A40273D34D5CFDBF2E72""}]",https://www.ccgp.gov.cn/cggg/zygg/qtgg/./202609/t20260906_27275450.htm,2026-09-09 16:11:01,,98.507979,,,,,,,,,,,,,
中华人民共和国西藏出入境边防检查总站林芝边境管理支队地质灾害危险性评估服务采购项目竞争性谈判公告,流标公告,XZTY-CG-LZ260904,2026年09月06日 21:29,林芝县,林芝边境管理支队,西藏自治区林芝市巴宜区青年路,秦警官    0894-5539050,西藏太乙工程项目管理有限公司,林芝市巴宜区日措花园1栋2单元303室,任女士     17828021281,,,https://www.ccgp.gov.cn/cggg/zygg/qtgg/./202609/t20260906_27275417.htm,2026-09-09 16:11:01,竞争性谈判,69.3,,,,,,,,,,,,,
中华人民共和国西藏出入境边防检查总站林芝边境管理支队房屋安全鉴定服务采购项目竞争性谈判公告,流标公告,XZTY-CG-LZ260905,2026年09月06日 21:28,林芝县,林芝边境管理支队,西藏自治区林芝市巴宜区青年路,秦警官    0894-5539050,西藏太乙工程项目管理有限公司,林芝市巴宜区日措花园1栋2单元303室,任女士    17828021281,,,https://www.ccgp.gov.cn/cggg/zygg/qtgg/./202609/t20260906_27275416.htm,2026-09-09 16:11:01,竞争性谈判,76.838436,,,,,,,,,,,,,
中华人民共和国西藏出入境边防检查总站日喀则边境管理支队鲁鲁边境检查站综合选址论证服务机构选取项目竞争性谈判公告,流标公告,XZTY-2026027,2026年09月06日 20:16,日喀则地区,日喀则边境管理支队,日喀则市桑珠孜区朗热路,0892-8335031(请在工作时间内拨打),西藏韬跃工程项目管理有限公司,西藏自治区日喀则市桑珠孜区高海拔小区A区3栋1单元401号,19917738901（请工作日内上班时间段拨打）,,,https://www.ccgp.gov.cn/cggg/zygg/qtgg/./202609/t20260906_27275371.htm,2026-09-09 16:11:01,,15.0,,,,,,,,,,,,,
中华人民共和国西藏出入境边防检查总站日喀则边境管理支队机关办公楼、公寓楼玻璃清洁服务项目竞争性谈判公告,流标公告,XZTY-2026028,2026年09月06日 20:15,日喀则地区,日喀则边境管理支队,日喀则市桑珠孜区朗热路,0892-8335031(请在工作时间内拨打),西藏韬跃工程项目管理有限公司,西藏自治区日喀则市桑珠孜区高海拔小区A区3栋1单元401号,19917738901（请工作日内上班时间段拨打）,,,https://www.ccgp.gov.cn/cggg/zygg/qtgg/./202609/t20260906_27275370.htm,2026-09-09 16:11:01,,15.931808,,,,,,,,,,,,,
德宏傣族景颇族自治州消防救援支队德宏州消防救援支队2025年全州队伍新增车辆采购项目（参数公示）其他,流标公告,无,2026年09月06日 19:29,芒市,德宏傣族景颇族自治州消防救援支队,云南省德宏州芒市斑色路41号,陈清泉   0692-2197119,无,无,无,德宏州消防救援支队2025年全州队伍新增车辆采购项目（参数公示）.xlsx,"[{""attach_name"": ""德宏州消防救援支队2025年全州队伍新增车辆采购项目（参数公示）.xlsx"", ""attach_url"": ""https://download.ccgp.gov.cn/oss/download?uuid=D5C243281E0783A0B885CCFD1F61EF""}]",https://www.ccgp.gov.cn/cggg/zygg/qtgg/./202609/t20260906_27275345.htm,2026-09-09 16:11:01,,,,通知：        该公告仅为采购项目参数公示。欢迎潜在供应商、消防车辆装备领域相关专家、关心消防事业发展的各界人士，针对该项目参数，提出针对性、建设性意见建议，感谢。       如有意见建议，请以电子版格式，加一列对相关参数修改标红，再加一列注明建议原因和理由等；适当位置，注明建议人单位、联系人、联系方式。发送至dhxfcgb@163.com邮箱。谢谢。参数公示截止2026年9月17日联系人及联系方式：陈清泉   0692-2197119德宏州消防救援支队2026年9月6日,,,,,,,,,,,
四川省成都市邛崃市消防救援大队消防车辆器材装备采购项目需求调查公告,流标公告,,2026年09月06日 17:55,四川省,邛崃市消防救援大队,邛崃市临邛工业园区科旺路1号,王老师，028-88747119,四川纵横通建设工程有限公司,成都市青羊区玉沙路201号8层,周女士，028-86731681,"附件1、需求调查问卷表（四川省成都市邛崃市消防救援大队消防车辆器材装备采购项目）.xlsx,附件2：承诺函.docx","[{""attach_name"": ""附件1、需求调查问卷表（四川省成都市邛崃市消防救援大队消防车辆器材装备采购项目）.xlsx"", ""attach_url"": ""https://download.ccgp.gov.cn/oss/download?uuid=29C03EEB5B69C12DA850D63CE4D131""}, {""attach_name"": ""附件2：承诺函.docx"", ""attach_url"": ""https://download.ccgp.gov.cn/oss/download?uuid=F718DF9E00C6C7027C3579F8D91764""}]",https://www.ccgp.gov.cn/cggg/zygg/qtgg/./202609/t20260906_27275292.htm,2026-09-09 16:11:01,,0.0,,,,,,,,,,,,,
德宏傣族景颇族自治州消防救援支队德宏州消防救援支队2026年全州队伍消防装备采购项目（参数公示）其他,流标公告,无,2026年09月06日 17:20,芒市,德宏傣族景颇族自治州消防救援支队,云南省德宏州芒市斑色路41号,陈清泉   0692-2197119,无,无,无,德宏州消防救援支队2026年全州队伍消防装备采购项目（参数公示）.xlsx,"[{""attach_name"": ""德宏州消防救援支队2026年全州队伍消防装备采购项目（参数公示）.xlsx"", ""attach_url"": ""https://download.ccgp.gov.cn/oss/download?uuid=A926E6015C156C50AC11819CDD45A9""}]",https://www.ccgp.gov.cn/cggg/zygg/qtgg/./202609/t20260906_27275264.htm,2026-09-09 16:11:01,,,,通知：        该公告仅为采购项目参数公示。欢迎潜在供应商、消防器材装备领域相关专家、关心消防事业发展的各界人士，针对该项目参数，提出针对性、建设性意见建议，感谢。       如有意见建议，请以电子版格式，加一列对相关参数修改标红，再加一列注明建议原因和理由等；适当位置，注明建议人单位、联系人、联系方式。发送至dhxfcgb@163.com邮箱。谢谢。参数公示截止2026年9月17日联系人及联系方式：陈清泉   0692-2197119德宏州消防救援支队2026年9月6日,,,,,,,,,,,
德宏傣族景颇族自治州消防救援支队德宏州消防救援支队2026年度无人机专业队伍器材装备采购项目（参数公示）其他,流标公告,无,2026年09月05日 21:36,芒市,德宏傣族景颇族自治州消防救援支队,云南省德宏州芒市斑色路41号,陈清泉   0692-2197119,无,无,无,德宏州消防救援支队2026年度无人机专业队伍器材装备采购项目（参数公示）.xlsx,"[{""attach_name"": ""德宏州消防救援支队2026年度无人机专业队伍器材装备采购项目（参数公示）.xlsx"", ""attach_url"": ""https://download.ccgp.gov.cn/oss/download?uuid=393F9B6242B5BE182F4EABBB330C9E""}]",https://www.ccgp.gov.cn/cggg/zygg/qtgg/./202609/t20260905_27274979.htm,2026-09-09 16:11:01,,,,通知：        该公告仅为采购项目参数公示。欢迎潜在供应商、消防领域和无人机领域相关专家、关心消防事业发展的各界人士，针对该项目参数，提出针对性、建设性意见建议，感谢。       如有意见建议，请以电子版格式，加一列对相关参数修改标红，再加一列注明建议原因和理由等；适当位置，注明建议人单位、联系人、联系方式。发送至dhxfcgb@163.com邮箱。谢谢。参数公示截止2026年9月17日联系人及联系方式：陈清泉   0692-2197119德宏州消防救援支队2026年9月5日,,,,,,,,,,,
寻甸回族彝族自治县消防救援大队2026年主副食品配送单位采购项目（三次）流标公告,流标公告,YNZH-FW-XDXF-260104,2026年09月04日 21:48,寻甸回族彝族自治县,寻甸回族彝族自治县消防救援大队,寻甸县仁德街道龙泉路2号,何老师17806943159,云南自厚建设项目管理有限公司,云南省昆明市西山区西福路87号,冯连、董洪斌、王小强、陆红梅、李芳、陆志翔/0871-65518886,流标公告-寻甸回族彝族自治县消防救援大队2026年主副食品配送单位采购项目（三次）.docx,"[{""attach_name"": ""流标公告-寻甸回族彝族自治县消防救援大队2026年主副食品配送单位采购项目（三次）.docx"", ""attach_url"": ""https://download.ccgp.gov.cn/oss/download?uuid=1CFEF9A312B3C19A644F32D6C590ED""}]",https://www.ccgp.gov.cn/cggg/zygg/qtgg/./202609/t20260904_27272830.htm,2026-09-09 16:11:01,,,,通过资格审查的供应商不足三家，故做流标处理，待重新开展采购活动。,,,,,,,,,,,
超声激发与传感功能材料采购项目采购公告,流标公告,THTC-HR-SOEC2026012,2026年09月04日 20:37,北京市,zycgr22011902,/,冯老师 010-57305132,天恒招标有限公司,北京市东城区东四十条甲22号南新仓商务大厦B座922,赵梦媛、王文静、陈洁、徐梓瑶、刘戈 010-53393815、17710393237,采购文件获取登记表.xls,"[{""attach_name"": ""采购文件获取登记表.xls"", ""attach_url"": ""https://download.ccgp.gov.cn/oss/download?uuid=6EDE61FAF7EC706931A410B7502BA2""}]",https://www.ccgp.gov.cn/cggg/zygg/qtgg/./202609/t20260904_27272644.htm,2026-09-09 16:11:01,便捷询价,22.0,,,,,,,,,,,,,
青海省消防救援总队2026年度指挥调度网采购项目（第二次）包二废标公告,流标公告,青海鼎誉竞磋,2026年09月04日 20:16,青海省,青海省消防救援总队,青海省西宁市城东区金桥路19号,0971-8818074、联系人：苏先生,青海鼎誉工程咨询有限公司,西宁市城北区海西路59号副1号43号楼59-375号（萨尔斯堡西区三期北门东侧）,0971-8241868、联系人：邓女士、苏女士,,,https://www.ccgp.gov.cn/cggg/zygg/qtgg/./202609/t20260904_27272549.htm,2026-09-09 16:11:01,,,,本项目包二有效的供应商不足三家废标。,,,,,,,,,,,
新疆维吾尔自治区消防救援总队便携式谈话设备采购项目废标结果公告,流标公告,XJXSZB2026-28-HW,2026年09月04日 19:46,乌鲁木齐市,新疆维吾尔自治区消防救援总队,新疆乌鲁木齐市南湖安居北路119号,何先生、迟先生  17767617807、18999271982,新疆信实工程招标咨询服务有限公司,新疆乌鲁木齐市青年路235号阳光花苑B座2510室,许培培、李会  17599753335、15292649399,,,https://www.ccgp.gov.cn/cggg/zygg/qtgg/./202609/t20260904_27272373.htm,2026-09-09 16:11:01,,,,有效供应商不足三家，作废标处理。,,,,,,,,,,,
乌鲁木齐海关红外测温设备采购项目废标公告,流标公告,XJXCT2026-ZB-209,2026年09月04日 19:31,乌鲁木齐市,中华人民共和国乌鲁木齐海关,乌鲁木齐市北京南路295号,乌鲁木齐海关后勤管理中心 0991-3627245（工作业务电话）,新疆新诚泰工程咨询有限公司,新疆乌鲁木齐市水磨沟区鸿泰路66号万科大都会8号综合楼1003室,胡杨、张哲  13999590969、15199465388,,,https://www.ccgp.gov.cn/cggg/zygg/qtgg/./202609/t20260904_27272301.htm,2026-09-09 16:11:02,,,,有效供应商不足三家，本项目废标，采购人将重新组织采购活动。,,,,,,,,,,,
中国人民大学通州校区6012地块临电三省电缆挪移工程施工（三次）终止公告,流标公告,JJTJ-2026-5140,2026年09月04日 19:10,北京市,中国人民大学,北京市海淀区中关村大街59号,孙老师 010-62516681,北京国际贸易有限公司,北京市朝阳区建外大街甲3号,黄正、郑捷、黄琳、孙羽辰 010-85343324,,,https://www.ccgp.gov.cn/cggg/zygg/qtgg/./202609/t20260904_27272189.htm,2026-09-09 16:11:02,,,,,,,,,,,,,,,
乌鲁木齐海关查验工具车采购项目废标公告,流标公告,ZZ2026-205,2026年09月04日 18:52,新疆维吾尔自治区,乌鲁木齐海关后勤管理中心,新疆乌鲁木齐市北京南路241号乌鲁木齐海关机关综合保障楼二楼,乌鲁木齐海关后勤管理中心 0991- 3627245（工作业务电话）,新疆中咨建设项目管理有限公司,水磨沟区会展大道555号星耀天都4号楼B座403,乔浩峰、吴斌、梅坤伟、翟安琪、王亭懿0991-4603819/19828655849,,,https://www.ccgp.gov.cn/cggg/zygg/qtgg/./202609/t20260904_27271976.htm,2026-09-09 16:11:02,,,,本项目有效供应商不足三家，项目废标。,,,,,,,,,,,
2026年吉林某单位物品存放柜采购项目采购需求征求意见公告,流标公告,,2026年09月04日 18:50,长春市,中华人民共和国吉林出入境边防检查总站,长春市吉林大路6099号,戴先生，0431-89962822；赵先生，0431-89962863,详见公告正文,详见公告正文,详见公告正文,"附件2：政府采购项目廉政要求告知书.doc,附件3：采购需求修改建议书.doc,附件1：2026年吉林某单位物品存放柜采购项目采购需求.doc","[{""attach_name"": ""附件2：政府采购项目廉政要求告知书.doc"", ""attach_url"": ""https://download.ccgp.gov.cn/oss/download?uuid=1F48A02A60701FA1FD87AC940391D3""}, {""attach_name"": ""附件3：采购需求修改建议书.doc"", ""attach_url"": ""https://download.ccgp.gov.cn/oss/download?uuid=815AB45590B1AF2F8F8DAA88479F95""}, {""attach_name"": ""附件1：2026年吉林某单位物品存放柜采购项目采购需求.doc"", ""attach_url"": ""https://download.ccgp.gov.cn/oss/download?uuid=C50645B85CC88EB6EE4929B1834F01""}]",https://www.ccgp.gov.cn/cggg/zygg/qtgg/./202609/t20260904_27271967.htm,2026-09-09 16:11:02,公开招标（四）采购方式：公开招标,0.0,,,,,,,,,,,,,
南京市栖霞区消防救援大队营区户外文化氛围制作项目比选公告,流标公告,NJJC-2026ZFCG0902,2026年09月04日 18:33,南京市,南京市栖霞区消防救援大队,南京市栖霞区羊山北路6号,025-58772269,南京江城工程项目管理有限公司,南京市建邺区云龙山路89号龙湖时代上城写字楼1栋29楼,高婷  025-58835827-8017,,,https://www.ccgp.gov.cn/cggg/zygg/qtgg/./202609/t20260904_27271846.htm,2026-09-09 16:11:02,,37.67,,,,,,,,,,,,,
南京市栖霞区消防救援大队搜救犬分队队史馆建设项目比选公告,流标公告,NJJC-2026ZFCG0903,2026年09月04日 18:33,南京市,南京市栖霞区消防救援大队,南京市栖霞区羊山北路6号,025-58772269,南京江城工程项目管理有限公司,南京市建邺区云龙山路89号龙湖时代上城写字楼1栋29楼,高婷  025-58835827-8017,,,https://www.ccgp.gov.cn/cggg/zygg/qtgg/./202609/t20260904_27271842.htm,2026-09-09 16:11:02,,48.9466,,,,,,,,,,,,,
南京大学便携式气相色谱质谱联用仪项目废标公告,流标公告,GZH2602389,2026年09月04日 18:32,南京市,南京大学,南京市栖霞区仙林大道 163 号,王老师 0512-68768969,南京江城工程项目管理有限公司,南京市建邺区云龙山路89号龙湖时代上城1栋29楼,池爽  曹雪 025-58835827-8016（技术咨询） 025-58835827-0（文件获取咨询）,,,https://www.ccgp.gov.cn/cggg/zygg/qtgg/./202609/t20260904_27271847.htm,2026-09-09 16:11:02,,,,通过符合性审查的供应商不足三家，本项目废标。,,,,,,,,,,,
中国农业大学国家农业科技创新港人才培养组团施工中标候选人公示,流标公告,S110000A001044253001,2026年09月04日 18:16,平谷区,中国农业大学,北京市海淀区圆明园西路2号,王馨悦010-62732813,北京科技园拍卖招标有限公司,北京市海淀区万柳光大西园6号楼0188,申耀朋13651356671,,,https://www.ccgp.gov.cn/cggg/zygg/qtgg/./202609/t20260904_27271683.htm,2026-09-09 16:11:02,,,,/,,,,,,,,,,,
广州市黄埔区消防救援大队2026年消防车辆装备采购项目采购需求参数征求意见公告,流标公告,,2026年09月04日 18:14,黄埔区,广州市黄埔区消防救援大队,广州市黄埔区新阳西路20号,韩生16620497991,详见公告正文,详见公告正文,详见公告正文,广州市黄埔区消防救援大队2026年消防车辆装备采购需求问卷调查表.doc,"[{""attach_name"": ""广州市黄埔区消防救援大队2026年消防车辆装备采购需求问卷调查表.doc"", ""attach_url"": ""https://download.ccgp.gov.cn/oss/download?uuid=95B9B1146A7CA791CD843E18381C2F""}]",https://www.ccgp.gov.cn/cggg/zygg/qtgg/./202609/t20260904_27271657.htm,2026-09-09 16:11:02,,0.0,,,,,,,,,,,,,
江门市新会区消防救援大队2026年-2027年度团体意外险采购项目遴选公告,流标公告,YG26ZZLX0030,2026年09月04日 18:07,广东省,江门市新会区消防救援大队,广东省江门市新会区三和大道北与明德三路交叉口北100米,0750-6366601,粤广招标（江门）有限公司,江门市蓬江区宏达路12号1幢编号1-202,高小姐  0750-3778379,遴选文件领取登记表.doc,"[{""attach_name"": ""遴选文件领取登记表.doc"", ""attach_url"": ""https://download.ccgp.gov.cn/oss/download?uuid=1C1D9C6C026E8238F45084D9CA4B58""}]",https://www.ccgp.gov.cn/cggg/zygg/qtgg/./202609/t20260904_27271567.htm,2026-09-09 16:11:02,,22.3,,,,,,,,,,,,,
四川省消防救援总队国债结余资金项目（信息通信类）参数公示其他,流标公告,,2026年09月04日 17:59,成都市,四川省消防救援总队,四川省成都市金牛区迎宾大道518号,智老师，028-63003176,详见公告正文,详见公告正文,详见公告正文,（2026-9-4公示稿）四川省消防救援总队国债结余资金项目（信息通信类）技术需求参数.xlsx,"[{""attach_name"": ""（2026-9-4公示稿）四川省消防救援总队国债结余资金项目（信息通信类）技术需求参数.xlsx"", ""attach_url"": ""https://download.ccgp.gov.cn/oss/download?uuid=9C6FDA7B295C27B7055D2C5D273754""}]",https://www.ccgp.gov.cn/cggg/zygg/qtgg/./202609/t20260904_27271468.htm,2026-09-09 16:11:02,,0.0,,,,,,,,,,,,,
SPD-10青海某单位住房维修采购项目其他,流标公告,,2026年09月04日 17:51,城东区,SPD-10,青海省西宁市城东区,邹女士 0971-8819576,详见公告正文,详见公告正文,详见公告正文,"工程量清单.PDF,采购文件.doc,零星采购响应文件.doc","[{""attach_name"": ""工程量清单.PDF"", ""attach_url"": ""https://download.ccgp.gov.cn/oss/download?uuid=3164C0AC544279F1C13BF1827063F4""}, {""attach_name"": ""采购文件.doc"", ""attach_url"": ""https://download.ccgp.gov.cn/oss/download?uuid=75274700FB5C8DA139869BB0F848B7""}, {""attach_name"": ""零星采购响应文件.doc"", ""attach_url"": ""https://download.ccgp.gov.cn/oss/download?uuid=76FEA79E2856BEA931FE089378CFAC""}]",https://www.ccgp.gov.cn/cggg/zygg/qtgg/./202609/t20260904_27271347.htm,2026-09-09 16:11:02,,15.488911,,,,,,,,,,,,,
中国农业大学国家农业科技创新港国际农业与全球发展创新基地施工中标候选人公示,流标公告,S110000A001042669003交易项目编号：S110000A001042669003中国农业大学国家农业科技创新港国际农业与全球发展创新基地,2026年09月04日 17:50,北京市,中国农业大学,北京市海淀区圆明园西路2号,王馨悦010-62732813,中科信佳（北京）项目管理有限公司,北京市丰台区广安路国投财富广场5号楼12A16室,王琛，张雅楠，吴茹群，温滢010-52474969,,,https://www.ccgp.gov.cn/cggg/zygg/qtgg/./202609/t20260904_27271344.htm,2026-09-09 16:11:02,,,,/,,,,,,,,,,,
浙江省消防救援总队舟山支队普陀山大队2026年度消防车（泡沫消防车）采购项目采购需求征集意见公示,流标公告,,2026年09月04日 17:48,舟山市,舟山市消防救援支队,浙江省舟山市定海区临城街道海天大道560号,齐先生  17364086917,详见公告正文,详见公告正文,详见公告正文,"附件1：浙江省消防救援总队舟山支队普陀山大队2026年度消防车（泡沫消防车）采购项目采购需求.doc,附件2：反馈表.xlsx","[{""attach_name"": ""附件1：浙江省消防救援总队舟山支队普陀山大队2026年度消防车（泡沫消防车）采购项目采购需求.doc"", ""attach_url"": ""https://download.ccgp.gov.cn/oss/download?uuid=0B71E96816E50F52E6C00D0954863C""}, {""attach_name"": ""附件2：反馈表.xlsx"", ""attach_url"": ""https://download.ccgp.gov.cn/oss/download?uuid=A0BEEB886D7C9C7E03AC9F9F42BA33""}]",https://www.ccgp.gov.cn/cggg/zygg/qtgg/./202609/t20260904_27271284.htm,2026-09-09 16:11:02,,0.0,,,,,,,,,,,,,
四川省消防救援总队全网通卫星便携站采购项目参数公示其他,流标公告,,2026年09月04日 17:46,成都市,四川省消防救援总队,四川省成都市金牛区迎宾大道518号,智老师，028-63003176,详见公告正文,详见公告正文,详见公告正文,（2026-9-4公示稿）四川省消防救援总队全网通卫星便携站采购项目技术需求参数.xlsx,"[{""attach_name"": ""（2026-9-4公示稿）四川省消防救援总队全网通卫星便携站采购项目技术需求参数.xlsx"", ""attach_url"": ""https://download.ccgp.gov.cn/oss/download?uuid=293D4A58C89C38A81392824C41695A""}]",https://www.ccgp.gov.cn/cggg/zygg/qtgg/./202609/t20260904_27271233.htm,2026-09-09 16:11:03,,0.0,,,,,,,,,,,,,
浙江省舟山市消防救援支队2024年全市器材装备（救生类）采购项目采购需求征集意见公示,流标公告,,2026年09月04日 17:40,舟山市,舟山市消防救援支队,浙江省舟山市定海区临城街道海天大道560号,齐先生  17364086917,详见公告正文,详见公告正文,详见公告正文,,,https://www.ccgp.gov.cn/cggg/zygg/qtgg/./202609/t20260904_27271136.htm,2026-09-09 16:11:03,,79.055,,,,,,,,,,,,,
中华人民共和国漳州出入境边防检查站党委会议室无纸化办公系统采购项目（二次）其他,流标公告,,2026年09月04日 17:35,芗城区,中华人民共和国漳州出入境边防检查站,福建省漳州市芗城区南昌中路61号,林警官 18005965978,详见公告正文,详见公告正文,详见公告正文,"比价文件（漳州出入境边防检查站党委会议室无纸化办公系统采购项目）二次.doc,比价公告（漳州出入境边防检查站党委会议室无纸化办公系统采购项目）二次.docx","[{""attach_name"": ""比价文件（漳州出入境边防检查站党委会议室无纸化办公系统采购项目）二次.doc"", ""attach_url"": ""https://download.ccgp.gov.cn/oss/download?uuid=CAF1238FCE66F541A1672272CAEAA4""}, {""attach_name"": ""比价公告（漳州出入境边防检查站党委会议室无纸化办公系统采购项目）二次.docx"", ""attach_url"": ""https://download.ccgp.gov.cn/oss/download?uuid=A903F264EE43E779452BEC9C6A0C96""}]",https://www.ccgp.gov.cn/cggg/zygg/qtgg/./202609/t20260904_27271536.htm,2026-09-09 16:11:03,,15.2,,,,,,,,,,,,,
钦州市政府采购中心关于钦州市消防救援支队2025年目录外灭火救援装备器材采购项目(重)QZZC2026-G1-990262-QZSZ招标文件的预公示,流标公告,,2026年09月04日 17:31,钦州市,钦州市消防救援支队,钦州市蓬莱南大道119号,0777-2367709,详见公告正文,详见公告正文,详见公告正文,钦州市消防救援支队2025年目录外灭火救援装备器材采购项目(重)QZZC2026-G1-990262-QZSZ-预公示.docx,"[{""attach_name"": ""钦州市消防救援支队2025年目录外灭火救援装备器材采购项目(重)QZZC2026-G1-990262-QZSZ-预公示.docx"", ""attach_url"": ""https://download.ccgp.gov.cn/oss/download?uuid=600F20EF74E9313EBFCF4477C6C7AB""}]",https://www.ccgp.gov.cn/cggg/zygg/qtgg/./202609/t20260904_27271502.htm,2026-09-09 16:11:03,,0.0,,,,,,,,,,,,,
浙江省舟山市消防救援支队2024年全市器材装备（救生类）采购项目采购需求征集意见公示,流标公告,,2026年09月04日 17:28,舟山市,舟山市消防救援支队,浙江省舟山市定海区临城街道海天大道560号,齐先生  17364086917,详见公告正文,详见公告正文,详见公告正文,"附件1：浙江省舟山市消防救援支队2024年全市器材装备（救生类）采购项目采购需求.xlsx,附件2：反馈表.xlsx","[{""attach_name"": ""附件1：浙江省舟山市消防救援支队2024年全市器材装备（救生类）采购项目采购需求.xlsx"", ""attach_url"": ""https://download.ccgp.gov.cn/oss/download?uuid=BC31EB39E1D58EB1B8433E618D1250""}, {""attach_name"": ""附件2：反馈表.xlsx"", ""attach_url"": ""https://download.ccgp.gov.cn/oss/download?uuid=6EF88F127E4658E8BE10CEB27AA004""}]",https://www.ccgp.gov.cn/cggg/zygg/qtgg/./202609/t20260904_27270802.htm,2026-09-09 16:11:03,,79.055,,,,,,,,,,,,,
福建云锋招标有限公司关于华侨大学文科重点实验室提升项目的采购公告,流标公告,YFCG202608092,2026年09月04日 17:26,丰泽区,华侨大学,泉州市丰泽区城华北路269号,刘老师  18659509098,福建云锋招标有限公司,泉州市区温陵路南段178号二楼。,联系人：陈燕玲、饶路生、尤芳芸、李春伟  联系方法：0595-22988718、28131778,092公告（定稿）.docx,"[{""attach_name"": ""092公告（定稿）.docx"", ""attach_url"": ""https://download.ccgp.gov.cn/oss/download?uuid=AFBE0A9986942AE5A9431132EAF3E4""}]",https://www.ccgp.gov.cn/cggg/zygg/qtgg/./202609/t20260904_27270758.htm,2026-09-09 16:11:03,,84.513905,,,,,,,,,,,,,
北京师范大学继续教育与教师培训学院打印及平面设计一体化服务采购项目公开比选公告,流标公告,XHTC-FW-2026-1596,2026年09月04日 17:25,北京市,北京师范大学,北京市海淀区新街口外大街19号,陈老师、滕老师zfcg@bnu.edu.cn,新华招标有限公司,北京市海淀区莲花池东路39号西金大厦8层809,吴迪、侯子怡、叶子青 010-63905833（项目报名）；010-63905968（项目咨询）,"获取文件登记表2026-1596.docx,1596采购需求.pdf","[{""attach_name"": ""获取文件登记表2026-1596.docx"", ""attach_url"": ""https://download.ccgp.gov.cn/oss/download?uuid=168B70C144E83F9C0DAECECC63F560""}, {""attach_name"": ""1596采购需求.pdf"", ""attach_url"": ""https://download.ccgp.gov.cn/oss/download?uuid=69213CFD26C436D58BC4EE2094006F""}]",https://www.ccgp.gov.cn/cggg/zygg/qtgg/./202609/t20260904_27270720.htm,2026-09-09 16:11:03,,90.0,,,,,,,,,,,,,
移动工作站采购项目（二次）采购公告,流标公告,THTC-HR-LDTFC2026001,2026年09月04日 17:25,北京市,zycgr22011902,/,冯老师 010-57305132,天恒招标有限公司,北京市东城区东四十条甲22号南新仓商务大厦B座922,刘艳素、王文静、陈洁、徐梓瑶、刘戈010-53347227、17710393237,采购文件获取登记表.xls,"[{""attach_name"": ""采购文件获取登记表.xls"", ""attach_url"": ""https://download.ccgp.gov.cn/oss/download?uuid=F37EF6D746580EFAC848908E1B725F""}]",https://www.ccgp.gov.cn/cggg/zygg/qtgg/./202609/t20260904_27270716.htm,2026-09-09 16:11:03,便捷询价,39.0,,,,,,,,,,,,,
湖州市消防救援支队湖州市德清县消防救援大队2026年物业外包服务项目的采购文件意见征询,流标公告,,2026年09月04日 17:25,湖州市,湖州市消防救援支队,湖州市吴兴区仁皇山街道三环北路3588号,金禹凡，0572-8036860,浙江方圆工程咨询有限公司,杭州市滨江区建业路418号地矿建设大厦A座13楼,"徐润博0571-86627207,13040789001",（意见征询稿）（竞争性磋商文件）湖州市德清县消防救援大队2026年物业外包服务项目.docx,"[{""attach_name"": ""（意见征询稿）（竞争性磋商文件）湖州市德清县消防救援大队2026年物业外包服务项目.docx"", ""attach_url"": ""https://download.ccgp.gov.cn/oss/download?uuid=79DA980E20EEDFB2DB64EF44324622""}]",https://www.ccgp.gov.cn/cggg/zygg/qtgg/./202609/t20260904_27270721.htm,2026-09-09 16:11:03,,119.0,,,,,,,,,,,,,
V2.0单分区电堆面内CDS采购项目采购公告,流标公告,THTC-HR-RLDC2026038,2026年09月04日 17:25,北京市,zycgr22011902,/,冯老师 010-57305132,天恒招标有限公司,北京市东城区东四十条甲22号南新仓商务大厦B座922,刘艳素、王文静、陈洁、徐梓瑶、刘戈010-53347227、17710393237,采购文件获取登记表.xls,"[{""attach_name"": ""采购文件获取登记表.xls"", ""attach_url"": ""https://download.ccgp.gov.cn/oss/download?uuid=75AA5EDC9801E349F11A23A5CC94F6""}]",https://www.ccgp.gov.cn/cggg/zygg/qtgg/./202609/t20260904_27270711.htm,2026-09-09 16:11:03,便捷磋商,48.0,,,,,,,,,,,,,
四川省消防救援总队遂行能力提升项目技术参数公示公告其他,流标公告,,2026年09月04日 17:23,四川省,四川省消防救援总队,四川省成都市金牛区迎宾大道518号,熊先生，13982517119,详见公告正文,详见公告正文,详见公告正文,四川省消防救援总队遂行能力提升项目技术参数(1).docx,"[{""attach_name"": ""四川省消防救援总队遂行能力提升项目技术参数(1).docx"", ""attach_url"": ""https://download.ccgp.gov.cn/oss/download?uuid=06A0990F1E78E050A28D06E376ECAB""}]",https://www.ccgp.gov.cn/cggg/zygg/qtgg/./202609/t20260904_27270667.htm,2026-09-09 16:11:03,,0.0,,,,,,,,,,,,,
南开大学八里台校区外国语学院考试用房装修改造工程（项目编号：NK2026G041）采购公告,流标公告,NK2026G041。,2026年09月04日 17:23,天津市,南开大学,天津市南开区卫津路94号,满老师、王老师022-23508050,天津倚天工程咨询有限公司,天津市河西区环岛西路公建别墅5号“导航搜索倚天机构”,尹宝媛、佟丽萍、徐珊珊、付维13212109363/15022718068/18526100791/15620928155,,,https://www.ccgp.gov.cn/cggg/zygg/qtgg/./202609/t20260904_27270661.htm,2026-09-09 16:11:03,学校自行采购（招标-快速采购-电子标,56.058,,,,,,,,,,,,,
漳平市消防救援大队食堂食品配送项目,流标公告,金业漳采字,2026年09月04日 17:21,漳平市,漳平市消防救援大队,漳平市桂林街道和平南路198号,丘建辉   0597-7832790,福建金业建设发展有限公司,漳平市菁城街道和平中路497号,黄银钐   0597-7533919,,,https://www.ccgp.gov.cn/cggg/zygg/qtgg/./202609/t20260904_27270636.htm,2026-09-09 16:11:03,,,,因提交响应文件的供应商不足3家，故本项目流标。,,,,,,,,,,,
中山大学附属口腔医院越秀院区医疗废物处置服务项目实行单一来源采购方式的公示,流标公告,,2026年09月04日 17:18,广州市,中山大学附属口腔医院,广东省广州市越秀区陵园西路17号广联礼堂办公楼106,詹老师020-83802806,国义招标股份有限公司,广州市东风东路726号18楼,罗梓慧、叶琳、吴佳耿、李家荣、020-37861060/020-37860523/020-37860540/020-37860539,单一来源论证（公示）.pdf,"[{""attach_name"": ""单一来源论证（公示）.pdf"", ""attach_url"": ""https://download.ccgp.gov.cn/oss/download?uuid=42F20251D1E2718315B2B1771F7A6C""}]",https://www.ccgp.gov.cn/cggg/zygg/qtgg/./202609/t20260904_27270581.htm,2026-09-09 16:11:04,,168.0,,,,,,,,,,,,,
成方金融信息技术服务有限公司 2026年云平台华三交换机采购项目成交公告,流标公告,,2026年09月04日 17:18,北京市,成方金融信息技术服务有限公司,不详,1,成方金融信息技术服务有限公司,不详,13811533971,,,https://www.ccgp.gov.cn/cggg/zygg/qtgg/./202609/t20260904_27270682.htm,2026-09-09 16:11:04,,0.03696,,,,,,,,,,,,,
中华人民共和国港珠澳大桥出入境边防检查站电子机读旅行证件数字安全系统采购项目单一来源采购公示,流标公告,,2026年09月04日 17:18,香洲区,中华人民共和国港珠澳大桥出入境边防检查站,广东省珠海市香洲区港珠澳大桥珠海公路口岸西澳一街296号港珠澳大桥边检站1号楼,林杨高  0756-8160936,详见公告正文,详见公告正文,详见公告正文,单一来源论证报告.pdf,"[{""attach_name"": ""单一来源论证报告.pdf"", ""attach_url"": ""https://download.ccgp.gov.cn/oss/download?uuid=DD7E18BA253DAADE20FF27DD859B18""}]",https://www.ccgp.gov.cn/cggg/zygg/qtgg/./202609/t20260904_27271286.htm,2026-09-09 16:11:04,,34.0,,,,,,,,,,,,,
辽宁省消防救援总队消防装备提升工程项目市场调研公告,流标公告,,2026年09月04日 17:14,辽宁省,辽宁省消防救援总队,辽宁省沈阳市皇姑区松花江街8号,李晓东18940473716,详见公告正文,详见公告正文,详见公告正文,"附件1：车辆装备需求调查明细.xls,附件1：车辆装备需求调查明细.xls,附件3：需求调查汇总表.xlsx,附件2：需求调查表.doc,附件2：需求调查表.doc,附件3：需求调查汇总表.xlsx","[{""attach_name"": ""附件1：车辆装备需求调查明细.xls"", ""attach_url"": ""https://download.ccgp.gov.cn/oss/download?uuid=1D9DEDC89C0AF0F7D7D1D5E2E14699""}, {""attach_name"": ""附件1：车辆装备需求调查明细.xls"", ""attach_url"": ""https://download.ccgp.gov.cn/oss/download?uuid=F4050443D55D332AABB7185945AA61""}, {""attach_name"": ""附件3：需求调查汇总表.xlsx"", ""attach_url"": ""https://download.ccgp.gov.cn/oss/download?uuid=EE53886407955BD7442631A24F0EE5""}, {""attach_name"": ""附件2：需求调查表.doc"", ""attach_url"": ""https://download.ccgp.gov.cn/oss/download?uuid=CC42AC7A3D5C8F621C7119FC4CE18F""}, {""attach_name"": ""附件2：需求调查表.doc"", ""attach_url"": ""https://download.ccgp.gov.cn/oss/download?uuid=34E0E221750EEB447B1FE3F9FB844A""}, {""attach_name"": ""附件3：需求调查汇总表.xlsx"", ""attach_url"": ""https://download.ccgp.gov.cn/oss/download?uuid=D8024D0EDFB7556808625FE84C9886""}]",https://www.ccgp.gov.cn/cggg/zygg/qtgg/./202609/t20260904_27270426.htm,2026-09-09 16:11:04,,0.0,,,,,,,,,,,,,
中国科学院行政管理局房屋公开招租公告（2026年第三批）,流标公告,,2026年09月04日 17:11,海淀区,中国科学院行政管理局,北京市海淀区中关村南三街科行大厦15号,联系人：林老师 联系方式：010-62582340,详见公告正文,详见公告正文,详见公告正文,,,https://www.ccgp.gov.cn/cggg/zygg/qtgg/./202609/t20260904_27270397.htm,2026-09-09 16:11:04,,0.0,,,,,,,,,,,,,
国家粮食和物资储备局设计院综合楼安全隐患整改项目（保护性维修）施工中标结果公告,流标公告,HBSJ-202607FJ-159001001,2026年09月04日 17:03,湖北省,国家粮食和物资储备局设计院,武汉市江岸区沿江大道158号,宋女士、15927625832,武汉武咨招标代理有限公司,武汉市江岸区兰陵路1号武咨大厦,杨冠男、程洋、邝欢 027-82794909、13125095509,,,https://www.ccgp.gov.cn/cggg/zygg/qtgg/./202609/t20260904_27270175.htm,2026-09-09 16:11:04,,,,/,,,,,,,,,,,
通州湾江海联动开发示范区消防救援大队物业服务项目比选公告,流标公告,,2026年09月04日 16:56,南通通州湾示范区,南通市通州湾江海联动开发示范区消防救援大队,南通市通州湾江海联动开发示范区珠海路119号消防救援大队,郑双0513-86109563,江苏缘扬正采招标代理有限公司,南通市崇川区崇川路79号国际青创园1号楼,徐女士0513-85698089,项目需求.pdf,"[{""attach_name"": ""项目需求.pdf"", ""attach_url"": ""https://download.ccgp.gov.cn/oss/download?uuid=716B0369C6F4041CA87B2430C5FA47""}]",https://www.ccgp.gov.cn/cggg/zygg/qtgg/./202609/t20260904_27270055.htm,2026-09-09 16:11:04,,27.76,,,,,,,,,,,,,
中华人民共和国湛江出入境边防检查站指挥中心设施设备升级改造采购项目简易采购公告,流标公告,,2026年09月04日 16:54,霞山区,中华人民共和国湛江出入境边防检查站,广东省湛江市霞山区人民东一路2号,赵华  0759-2289571,详见公告正文,详见公告正文,详见公告正文,"中华人民共和国湛江出入境边防检查站指挥中心设施设备升级改造采购项目简易采购文件.docx,中华人民共和国湛江出入境边防检查站指挥中心设施设备升级改造采购项目需求文件（公开版）.doc,中华人民共和国湛江出入境边防检查站指挥中心设施设备升级改造采购项目清单.xls,中华人民共和国湛江出入境边防检查站指挥中心设施设备升级改造采购项目合同（意向性文本）.doc","[{""attach_name"": ""中华人民共和国湛江出入境边防检查站指挥中心设施设备升级改造采购项目简易采购文件.docx"", ""attach_url"": ""https://download.ccgp.gov.cn/oss/download?uuid=2956C80AA9B4B705C54C55DB82A6A5""}, {""attach_name"": ""中华人民共和国湛江出入境边防检查站指挥中心设施设备升级改造采购项目需求文件（公开版）.doc"", ""attach_url"": ""https://download.ccgp.gov.cn/oss/download?uuid=8ED1E788B876EBD2DEA80154EAF583""}, {""attach_name"": ""中华人民共和国湛江出入境边防检查站指挥中心设施设备升级改造采购项目清单.xls"", ""attach_url"": ""https://download.ccgp.gov.cn/oss/download?uuid=B13927776116DD570E755DBF909B86""}, {""attach_name"": ""中华人民共和国湛江出入境边防检查站指挥中心设施设备升级改造采购项目合同（意向性文本）.doc"", ""attach_url"": ""https://download.ccgp.gov.cn/oss/download?uuid=3EA6F34A743E9C8981EA88FCB3C411""}]",https://www.ccgp.gov.cn/cggg/zygg/qtgg/./202609/t20260904_27270718.htm,2026-09-09 16:11:04,,21.542,,,,,,,,,,,,,
大埔县消防救援大队公寓楼三楼家属房装修改造工程遴选公告,流标公告,GDXZ-FG-2026543,2026年09月04日 16:51,大埔县,大埔县消防救援大队,梅州市大埔县湖寮镇虎源路消防救援大队,/,广东协作项目管理有限公司,梅州市梅县区新县城新兴路百福豪园63号,杨工；0753-2501516,采购文件发售登记表.doc,"[{""attach_name"": ""采购文件发售登记表.doc"", ""attach_url"": ""https://download.ccgp.gov.cn/oss/download?uuid=CF4AD7494DE768F7CE421439A5BB95""}]",https://www.ccgp.gov.cn/cggg/zygg/qtgg/./202609/t20260904_27269930.htm,2026-09-09 16:11:04,,16.656683,,,,,,,,,,,,,
北京市消防救援总队训练与战勤保障支队重大活动餐饮保障应急食品采购项目比选公告,流标公告,,2026年09月04日 16:50,大兴区,北京市消防救援总队训练与战勤保障支队,北京市大兴区科苑路16号,陈老师、010-89265836,中咨达腾（北京）工程咨询有限公司,北京市丰台区宋庄路71号院扑满山2号楼2003室,宁一晗；010-57230996、13366624997,,,https://www.ccgp.gov.cn/cggg/zygg/qtgg/./202609/t20260904_27269928.htm,2026-09-09 16:11:04,比选,45.0,,,,,,,,,,,,,
中国科学院计算机网络信息中心“面向科学发现的人工智能开放平台”试验环境建设采购项目流标公告,流标公告,HSZT2026HG/156,2026年09月04日 16:48,市辖区,中国科学院计算机网络信息中心,北京市海淀区东升南路2号,程老师，010-58812262,北京华盛中天咨询有限责任公司,北京市海淀区西直门北大街甲43号金运大厦B座1103室（西直门文慧桥西南角）,张静超 孙丽丽 周爽 010-62278948-628/627,,,https://www.ccgp.gov.cn/cggg/zygg/qtgg/./202609/t20260904_27269837.htm,2026-09-09 16:11:04,,,,因截至招标文件发售时间止，报名的投标人数量不足三家，作流标处理。,,,,,,,,,,,
对外经济贸易大学专硕研究生意外险服务采购项目比选公告,流标公告,,2026年09月04日 16:48,北京市,对外经济贸易大学,北京市朝阳区惠新东街10号,冯老师 010-64494352,新华招标有限公司,北京市海淀区莲花池东路39号西金大厦8层,叶子青、李硕、吴迪、侯子怡010-63905977,获取文件登记表2026-1581.docx,"[{""attach_name"": ""获取文件登记表2026-1581.docx"", ""attach_url"": ""https://download.ccgp.gov.cn/oss/download?uuid=32A55193F090AAC2F94BE2C3449309""}]",https://www.ccgp.gov.cn/cggg/zygg/qtgg/./202609/t20260904_27269768.htm,2026-09-09 16:11:04,,48.0,,,,,,,,,,,,,
山东省青岛市崂山区消防救援大队2026年副食品采购项目技术参数征求意见公告,流标公告,,2026年09月04日 16:47,崂山区,青岛市崂山区消防救援大队,山东省青岛市崂山区银川东路15号,李队长  0532-81851254,山东国华招标有限公司,济南市市中区泉景雅园商务大厦907室,龚经理  18563706971,"附件1：崂山区消防救援大队2026年副食品采购项目技术要求.pdf,附件2：崂山区消防救援大队2026年副食品采购项目-技术参数修改意见书参考格式.docx","[{""attach_name"": ""附件1：崂山区消防救援大队2026年副食品采购项目技术要求.pdf"", ""attach_url"": ""https://download.ccgp.gov.cn/oss/download?uuid=E4699E49F548A605843A5E7AD29F92""}, {""attach_name"": ""附件2：崂山区消防救援大队2026年副食品采购项目-技术参数修改意见书参考格式.docx"", ""attach_url"": ""https://download.ccgp.gov.cn/oss/download?uuid=DC67639B4457133C0C9E48FDA5D801""}]",https://www.ccgp.gov.cn/cggg/zygg/qtgg/./202609/t20260904_27269771.htm,2026-09-09 16:11:04,,0.0,,,,,,,,,,,,,
华中科技大学脉冲实验大楼两个报告厅装修工程评标结果公示,流标公告,HBSJ-202212FJ-209011001,2026年09月04日 16:44,市辖区,华中科技大学,武汉市洪山区珞喻路1037号,刘小月,湖北国华项目管理咨询有限公司,武汉市武昌区中北路109号中铁1818中心10楼,黄晶、万齐威、张亮、付志钢、张锡文、余轶菲,,,https://www.ccgp.gov.cn/cggg/zygg/qtgg/./202609/t20260904_27269719.htm,2026-09-09 16:11:04,,,,/,,,,,,,,,,,
国家体育总局训练局羽毛球设备采购废标公告,流标公告,,2026年09月04日 16:43,北京市,国家体育总局训练局,北京市东城区体育馆路甲2号,010-87183248,国家体育总局体育器材装备中心,北京市东城区体育馆路3号,010-67171186,,,https://www.ccgp.gov.cn/cggg/zygg/qtgg/./202609/t20260904_27269841.htm,2026-09-09 16:11:04,,,,,,,,,,,,,,,
重庆高新技术产业开发区消防救援支队综合物业管理服务需求调查公告（第二次）,流标公告,,2026年09月04日 16:32,重庆市,重庆高新技术产业开发区消防救援支队,重庆市沙坪坝区思贤路17号附47号,薛宇 15523567401,详见公告正文,详见公告正文,详见公告正文,"附件3：需求公示修改建议书.doc,重庆高新技术产业开发区消防救援支队综合物业管理服务项目需求调查（第二次）.docx,附件1：采购需求问卷调查表.docx,附件4：技术和商务参数征求意见稿.doc,附件2：需求公示表.xls","[{""attach_name"": ""附件3：需求公示修改建议书.doc"", ""attach_url"": ""https://download.ccgp.gov.cn/oss/download?uuid=F5B8922CDB88C850D5CE7E3EE18EF4""}, {""attach_name"": ""重庆高新技术产业开发区消防救援支队综合物业管理服务项目需求调查（第二次）.docx"", ""attach_url"": ""https://download.ccgp.gov.cn/oss/download?uuid=9F069021815459AB4783EFFF0E29FF""}, {""attach_name"": ""附件1：采购需求问卷调查表.docx"", ""attach_url"": ""https://download.ccgp.gov.cn/oss/download?uuid=538E8F5FC19C496DAE8CBD23D7BE8F""}, {""attach_name"": ""附件4：技术和商务参数征求意见稿.doc"", ""attach_url"": ""https://download.ccgp.gov.cn/oss/download?uuid=FE22B81B012919AD6473F1E21AB7A8""}, {""attach_name"": ""附件2：需求公示表.xls"", ""attach_url"": ""https://download.ccgp.gov.cn/oss/download?uuid=14ED333226468281764BA8FDC3A4ED""}]",https://www.ccgp.gov.cn/cggg/zygg/qtgg/./202609/t20260904_27270177.htm,2026-09-09 16:11:05,,0.0,,,,,,,,,,,,,
重庆高新技术产业开发区消防救援支队2026年器材装备采购项目需求调查公告（第二次）,流标公告,,2026年09月04日 16:29,重庆市,重庆高新技术产业开发区消防救援支队,重庆市沙坪坝区思贤路17号附47号,薛宇 15523567401,详见公告正文,详见公告正文,详见公告正文,"需求调查资料2.zip,需求调查资料1.zip,重庆高新技术产业开发区消防救援支队2026年器材装备采购项目需求调查（第二次）.wps","[{""attach_name"": ""需求调查资料2.zip"", ""attach_url"": ""https://download.ccgp.gov.cn/oss/download?uuid=9C74526E4670F4A734EA292EF5AC9B""}, {""attach_name"": ""需求调查资料1.zip"", ""attach_url"": ""https://download.ccgp.gov.cn/oss/download?uuid=EE6676589D120D3048EFF00EA6754B""}, {""attach_name"": ""重庆高新技术产业开发区消防救援支队2026年器材装备采购项目需求调查（第二次）.wps"", ""attach_url"": ""https://download.ccgp.gov.cn/oss/download?uuid=99FF252DAD965756EFB2916918BB3D""}]",https://www.ccgp.gov.cn/cggg/zygg/qtgg/./202609/t20260904_27269276.htm,2026-09-09 16:11:05,,0.0,,,,,,,,,,,,,
鸡西市消防救援支队公务车辆维修定点服务流标公告,流标公告,QSXF-20260825-CS,2026年09月04日 16:27,市辖区,鸡西市消防救援支队,鸡西市鸡冠区鸡兴东路32号,赵步庭 18746747119,黑龙江省齐首项目管理有限公司,黑龙江省鸡西市鸡冠区西山办西山4-首-5,朱亚杰  0467-2339666,,,https://www.ccgp.gov.cn/cggg/zygg/qtgg/./202609/t20260904_27269225.htm,2026-09-09 16:11:05,,,,报名供应商不足三家本项目流标,,,,,,,,,,,
华中科技大学同济医学院附属协和医院心内科介入式左心室辅助系统2台废标公告,流标公告,HBCZ-2606050280-261817,2026年09月04日 16:25,武汉市,华中科技大学同济医学院附属协和医院,湖北省武汉市解放大道1277号,李老师 027-85726571,湖北省成套招标股份有限公司,湖北省武汉市武昌区东湖西路特2号平安财富中心B座6-10楼,魏运波、陈祥勇、彭亚美、胡小康、徐沫 /1002730332@qq.com,,,https://www.ccgp.gov.cn/cggg/zygg/qtgg/./202609/t20260904_27269183.htm,2026-09-09 16:11:05,,,,截止本项目获取招标文件时间2026年09月03日17:00，获取本项目招标文件的投标人不足3家，本项目废标。,,,,,,,,,,,
重庆高新技术产业开发区消防救援支队西永消防救援站维修改造项目需求调查公告（第二次）,流标公告,,2026年09月04日 16:24,重庆市,重庆高新技术产业开发区消防救援支队,重庆市沙坪坝区思贤路17号附47号,薛宇 15523567401,详见公告正文,详见公告正文,详见公告正文,"重庆高新技术产业开发区消防救援支队西永消防救援站维修改造项目需求调查（第二次）.docx,附件1：需求公示表.xls,附件2：需求公示修改建议书.doc,附件3：技术和商务参数征求意见稿.doc","[{""attach_name"": ""重庆高新技术产业开发区消防救援支队西永消防救援站维修改造项目需求调查（第二次）.docx"", ""attach_url"": ""https://download.ccgp.gov.cn/oss/download?uuid=16912E75B8CAA2D1C56D4015FF0124""}, {""attach_name"": ""附件1：需求公示表.xls"", ""attach_url"": ""https://download.ccgp.gov.cn/oss/download?uuid=2A7BBA453DF3C92734D1A66672D7E6""}, {""attach_name"": ""附件2：需求公示修改建议书.doc"", ""attach_url"": ""https://download.ccgp.gov.cn/oss/download?uuid=F28052EA5E78A5FED8FE73A5AC0283""}, {""attach_name"": ""附件3：技术和商务参数征求意见稿.doc"", ""attach_url"": ""https://download.ccgp.gov.cn/oss/download?uuid=AA4C24BF77DCC5ADFB5BC3B1DB1904""}]",https://www.ccgp.gov.cn/cggg/zygg/qtgg/./202609/t20260904_27269179.htm,2026-09-09 16:11:05,,0.0,,,,,,,,,,,,,
成都市消防救援支队职业健康中心建设项目比选公告,流标公告,,2026年09月04日 16:22,成都市高新区,成都市消防救援支队,成都市武侯区高新区府城大道东段19号,"刘老师,028-85358086",鑫标点工程管理有限公司,成都市金牛区育仁北路11号1栋1单元18层1、2号,"陈老师,028-87573791",,,https://www.ccgp.gov.cn/cggg/zygg/qtgg/./202609/t20260904_27269132.htm,2026-09-09 16:11:05,,18.336241,,,,,,,,,,,,,
重庆高新技术产业开发区消防救援支队各消防救援站家具采购项目需求调查公告（第二次）,流标公告,,2026年09月04日 16:22,重庆市,重庆高新技术产业开发区消防救援支队,重庆市沙坪坝区思贤路17号附47号,薛宇 15523567401,详见公告正文,详见公告正文,详见公告正文,"需求调查资料2.zip,需求调查资料1.zip,重庆高新技术产业开发区消防救援支队家具采购项目需求调查（第二次）.docx","[{""attach_name"": ""需求调查资料2.zip"", ""attach_url"": ""https://download.ccgp.gov.cn/oss/download?uuid=97D8F3F13A4E8659468CA297845128""}, {""attach_name"": ""需求调查资料1.zip"", ""attach_url"": ""https://download.ccgp.gov.cn/oss/download?uuid=721BBCDB87F2899C951A5710AE46F4""}, {""attach_name"": ""重庆高新技术产业开发区消防救援支队家具采购项目需求调查（第二次）.docx"", ""attach_url"": ""https://download.ccgp.gov.cn/oss/download?uuid=F2C83BC901D357FC64FBD02B86A234""}]",https://www.ccgp.gov.cn/cggg/zygg/qtgg/./202609/t20260904_27269140.htm,2026-09-09 16:11:05,,0.0,,,,,,,,,,,,,
重庆高新技术产业开发区消防救援支队给养配送服务项目需求调查公告（第二次）,流标公告,,2026年09月04日 16:21,重庆市,重庆高新技术产业开发区消防救援支队,重庆市沙坪坝区思贤路17号附47号,薛宇 15523567401,详见公告正文,详见公告正文,详见公告正文,"附件1：采购需求问卷调查表.docx,重庆高新技术产业开发区消防救援支队给养配送服务项目需求调查（第二次）.docx,附件2：需求公示表.xls,附件3：需求公示修改建议书.doc,附件4：技术和商务参数征求意见稿.doc","[{""attach_name"": ""附件1：采购需求问卷调查表.docx"", ""attach_url"": ""https://download.ccgp.gov.cn/oss/download?uuid=84ACD81A9AD7436BFD60C3C87BBE91""}, {""attach_name"": ""重庆高新技术产业开发区消防救援支队给养配送服务项目需求调查（第二次）.docx"", ""attach_url"": ""https://download.ccgp.gov.cn/oss/download?uuid=A6BB32DFA780270A5CD9FF2837F3EB""}, {""attach_name"": ""附件2：需求公示表.xls"", ""attach_url"": ""https://download.ccgp.gov.cn/oss/download?uuid=B1E622599882F0E0E2DA73A1FE6EB7""}, {""attach_name"": ""附件3：需求公示修改建议书.doc"", ""attach_url"": ""https://download.ccgp.gov.cn/oss/download?uuid=CC32F695F8795596943A28DFBBFB8D""}, {""attach_name"": ""附件4：技术和商务参数征求意见稿.doc"", ""attach_url"": ""https://download.ccgp.gov.cn/oss/download?uuid=EE518444B6C5F384884EFF7607D7ED""}]",https://www.ccgp.gov.cn/cggg/zygg/qtgg/./202609/t20260904_27269077.htm,2026-09-09 16:11:05,,0.0,,,,,,,,,,,,,
重庆高新技术产业开发区消防救援支队大学城消防救援站维修改造项目需求调查公告（第二次）,流标公告,,2026年09月04日 16:19,重庆市,重庆高新技术产业开发区消防救援支队,重庆市沙坪坝区思贤路17号附47号,薛宇 15523567401,详见公告正文,详见公告正文,详见公告正文,"附件3：技术和商务参数征求意见稿.doc,附件1：需求公示表.xls,重庆高新技术产业开发区消防救援支队大学城消防救援站维修改造项目需求调查（第二次）.docx,附件2：需求公示修改建议书.doc","[{""attach_name"": ""附件3：技术和商务参数征求意见稿.doc"", ""attach_url"": ""https://download.ccgp.gov.cn/oss/download?uuid=FEF6B220D469B7B5A04164C92760DB""}, {""attach_name"": ""附件1：需求公示表.xls"", ""attach_url"": ""https://download.ccgp.gov.cn/oss/download?uuid=B3BF979A44B2107DB904C6996526EC""}, {""attach_name"": ""重庆高新技术产业开发区消防救援支队大学城消防救援站维修改造项目需求调查（第二次）.docx"", ""attach_url"": ""https://download.ccgp.gov.cn/oss/download?uuid=F45E5B1DC421272597D65C78731D09""}, {""attach_name"": ""附件2：需求公示修改建议书.doc"", ""attach_url"": ""https://download.ccgp.gov.cn/oss/download?uuid=7FF858C8AD406F2F11EAC9173961E2""}]",https://www.ccgp.gov.cn/cggg/zygg/qtgg/./202609/t20260904_27269835.htm,2026-09-09 16:11:05,,0.0,,,,,,,,,,,,,
某单位2026年度执勤化装服采购项目（二次）流标公告,流标公告,JLHY-2026-0805,2026年09月04日 16:16,长春市,SPD-A13,长春市,张先生0431-88927836,吉林桓宇工程项目管理有限公司,长春市绿园区吾悦广场C座25层,王禹13756073668,,,https://www.ccgp.gov.cn/cggg/zygg/qtgg/./202609/t20260904_27268986.htm,2026-09-09 16:11:05,,,,本项目自主大额采购公告发布后，截至获取采购文件截止时间，有效获取采购文件的供应商数量不足三家，不满足法定开标及评审竞争条件，本次招标工作终止，作流标处理,,,,,,,,,,,
昆山市消防救援大队关于昆山市消防救援大队人员2026年意外综合保险项目比选公告,流标公告,JYKFCG2026-BX02,2026年09月04日 16:16,昆山市,昆山市消防救援大队,昆山市雁荡山路66号,吴工，0512-55115200,中企华建友工程管理有限公司,昆山市登云路258号汇金财富广场B栋904室,贾凤麟 0512-57001288,,,https://www.ccgp.gov.cn/cggg/zygg/qtgg/./202609/t20260904_27268984.htm,2026-09-09 16:11:05,,24.308,,,,,,,,,,,,,
昆山市消防救援大队关于昆山市消防救援大队雁荡山路特勤站78米举高车保养项目比选公告,流标公告,JYKFCG2026-BX03,2026年09月04日 16:16,昆山市,昆山市消防救援大队,昆山市雁荡山路66号,吴工，0512-55115200,中企华建友工程管理有限公司,昆山市登云路258号汇金财富广场B栋904室,贾凤麟 0512-57001288,,,https://www.ccgp.gov.cn/cggg/zygg/qtgg/./202609/t20260904_27268988.htm,2026-09-09 16:11:05,,17.9,,,,,,,,,,,,,
中国科学院动物研究所适应气候变化的植物多样性监测(台站网络)11-3-自组网实时传输红外相机、自组网中心处理基站采购项目废标公告,流标公告,OITC-G260172058,2026年09月04日 16:03,北京市,中国科学院动物研究所,北京市朝阳区北辰西路1号院5号,袁老师 010-64807573,东方国际招标有限责任公司,北京市海淀区丹棱街1号互联网金融中心20层,迟兆洋、叶明、芮虎峥、荀笑尘 010-68240583、010-68290548/0589/0585,适应气候变化的植物多样性监测(台站网络)11-3发布稿.docx,"[{""attach_name"": ""适应气候变化的植物多样性监测(台站网络)11-3发布稿.docx"", ""attach_url"": ""https://download.ccgp.gov.cn/oss/download?uuid=87A39952565B3998E484A957577688""}]",https://www.ccgp.gov.cn/cggg/zygg/qtgg/./202609/t20260904_27268690.htm,2026-09-09 16:11:05,,,,第一包：实质性满足招标文件要求的投标人不足三家，本项目废标。第二包：实质性满足招标文件要求的投标人不足三家，本项目废标。,,,,,,,,,,,
四川省成都市青羊区消防救援大队2026年零星维修服务采购项目废标公告,流标公告,SCZS-F[2026]124号,2026年09月04日 16:02,四川省,成都市青羊区消防救援大队,成都市青羊区江汉路150号,严老师028-61867119,四川咨森招标代理有限公司,成都市高新区吉泰路666号福年广场T2栋2109号,何女士、李女士028-08550515,,,https://www.ccgp.gov.cn/cggg/zygg/qtgg/./202609/t20260904_27268686.htm,2026-09-09 16:11:05,,,,因通过资格性审查的供应商不足三家，故本项目废标。,,,,,,,,,,,
2026年中央财经大学燃气调压箱维保和燃气报警器检测比选公告,流标公告,FW-2026026-FHGJ,2026年09月04日 16:00,市辖区,中央财经大学,北京市海淀区学院南路39号,常老师 010-62289113,北京泛华国金工程咨询有限公司,北京市海淀区阜外亮甲店1号恩济西园产业园16号楼A座,赵井、林铮  15001081357,,,https://www.ccgp.gov.cn/cggg/zygg/qtgg/./202609/t20260904_27268659.htm,2026-09-09 16:11:05,比选,43.168,,,,,,,,,,,,,
大连保税区消防救援大队2026年消防装备采购需求调查公告,流标公告,,2026年09月04日 15:54,大连市,大连保税区消防救援大队,大连市保税区通港路117号,孙宝振15566663173,大连市政府采购中心,大连市甘井子区东北北路101号,石凯0411-65851242,"大连保税区消防救援大队装备性能.xlsx,大连保税区消防救援大队消防装备采购需求调查咨询函.doc","[{""attach_name"": ""大连保税区消防救援大队装备性能.xlsx"", ""attach_url"": ""https://download.ccgp.gov.cn/oss/download?uuid=B4F608D4997A1DC4BFE286484B3496""}, {""attach_name"": ""大连保税区消防救援大队消防装备采购需求调查咨询函.doc"", ""attach_url"": ""https://download.ccgp.gov.cn/oss/download?uuid=DEE05CE0034619FF16A4D13C43E2D0""}]",https://www.ccgp.gov.cn/cggg/zygg/qtgg/./202609/t20260904_27268549.htm,2026-09-09 16:11:06,,0.0,,,,,,,,,,,,,
哈尔滨工程大学远航大学生活动中心外墙保温装饰工程评标结果公示,流标公告,FJ0101G260807002001,2026年09月04日 15:51,黑龙江省,哈尔滨工程大学,哈尔滨市南岗区南通大街145号,杨帆、杜佳媛、张庆贺、张登  0451-82519863,黑龙江中冠项目管理有限公司,哈尔滨市道里区友谊西路2982号,庞女士   0451-82663366转8005,,,https://www.ccgp.gov.cn/cggg/zygg/qtgg/./202609/t20260904_27268489.htm,2026-09-09 16:11:06,,,,无,,,,,,,,,,,
昆明长水国际机场改扩建配套空管工程供配电工程施工招标资格预审公告,流标公告,,2026年09月04日 15:43,云南省,中国民用航空西南地区空中交通管理局,云南省昆明市长水国际机场,王老师0871-67110056,中技国际招标有限公司,云南省昆明市官渡区民航路融城金阶写字楼D座2001号,朱渊、肖帆、韩峰18087455157（座机）、18064805105（座机）,昆明长水国际机场改扩建配套空管工程供配电工程施工招标资格预审公告.pdf,"[{""attach_name"": ""昆明长水国际机场改扩建配套空管工程供配电工程施工招标资格预审公告.pdf"", ""attach_url"": ""https://download.ccgp.gov.cn/oss/download?uuid=BEB110241BE4BC9D548FA99A517F92""}]",https://www.ccgp.gov.cn/cggg/zygg/qtgg/./202609/t20260904_27268295.htm,2026-09-09 16:11:06,,9548.0,,,,,,,,,,,,,
昆明长水国际机场改扩建配套空管工程（航管工程、进近管制工程、区域管制工程）土建配套工程资格预审公告,流标公告,,2026年09月04日 15:43,云南省,中国民用航空西南地区空中交通管理局,云南省昆明市长水国际机场,王老师0871-67110056,中技国际招标有限公司,云南省昆明市官渡区民航路融城金阶写字楼D座2001号,朱渊、肖帆、韩峰18087455157（座机）、18064805105（座机）,昆明长水国际机场改扩建配套空管工程（航管工程、进近管制工程、区域管制工程）土建配套工程第一、二标段施工招标资格预审公告.pdf,"[{""attach_name"": ""昆明长水国际机场改扩建配套空管工程（航管工程、进近管制工程、区域管制工程）土建配套工程第一、二标段施工招标资格预审公告.pdf"", ""attach_url"": ""https://download.ccgp.gov.cn/oss/download?uuid=8DFA3BFE016E99B011DA181906DF8C""}]",https://www.ccgp.gov.cn/cggg/zygg/qtgg/./202609/t20260904_27268297.htm,2026-09-09 16:11:06,,67500.0,,,,,,,,,,,,,
山东省地震局预警核心路由器设备维保项目比选公告,流标公告,SHZB2026-656,2026年09月04日 15:42,山东省,山东省地震局,济南市历城区港西路2066号,亓老师，0531-58622081,盛和招标代理有限公司,盛和招标代理有限公司(济南市历城区唐冶西路868号东8区企业公馆B1号楼),王凯、谢文豪、许铖铖、梁冰、毛允东、苏云龙、韩伟、侯美玲、孙伟0531-88260506、17866617312、17862114460,SHZB2026-656山东省地震局预警核心路由器设备维保项目比选文件.doc,"[{""attach_name"": ""SHZB2026-656山东省地震局预警核心路由器设备维保项目比选文件.doc"", ""attach_url"": ""https://download.ccgp.gov.cn/oss/download?uuid=17185DBB2E68EB0F8227DE2CB4DC1B""}]",https://www.ccgp.gov.cn/cggg/zygg/qtgg/./202609/t20260904_27268291.htm,2026-09-09 16:11:06,,24.0,,,,,,,,,,,,,
广东省深圳市龙华区消防救援大队2026年办公设备运维项目的遴选公告,流标公告,SSZX2026-290,2026年09月04日 15:36,深圳市,深圳市龙华区消防救援大队,深圳市龙华区龙华街道东环二路465号,叶工； 联系电话：0755-29361269； 邮编：518000。,深圳市深水水务咨询有限公司,深圳市罗湖区清水河街道清水河社区清水河一路112号罗湖投资控股大厦裙楼401,庄晓琴、刁杰辉、陈翰林、韩旭彤； 联系电话：13688812350、18707551546。,广东省深圳市龙华区消防救援大队2026年办公设备运维项目遴选文件20260902发售稿.pdf,"[{""attach_name"": ""广东省深圳市龙华区消防救援大队2026年办公设备运维项目遴选文件20260902发售稿.pdf"", ""attach_url"": ""https://download.ccgp.gov.cn/oss/download?uuid=6A7487FBDDC0DC0ECF5261037594C1""}]",https://www.ccgp.gov.cn/cggg/zygg/qtgg/./202609/t20260904_27268189.htm,2026-09-09 16:11:06,,13.008,,,,,,,,,,,,,
国家粮食和物资储备局河北局九三四处某工程项目拟邀请通用门式起重机维修升级施工投标单位四次征集公告,流标公告,,2026年09月04日 15:23,秦皇岛市,国家粮食和物资储备局河北局九三四处,河北省秦皇岛市,韩工0335-7833284,天津市建设工程招标有限公司,天津市河西区环岛西路19号梅江中心大厦26层,王工13116092567,,,https://www.ccgp.gov.cn/cggg/zygg/qtgg/./202609/t20260904_27267941.htm,2026-09-09 16:11:06,,0.0,,,,,,,,,,,,,
中国外汇交易中心2026年第一批服务器采购项目招标公告,流标公告,,2026年09月04日 15:09,北京市,中国外汇交易中心(全国银行间同业拆借中心),上海市浦东新区张东路1387号30栋,021-63298988,中国外汇交易中心（全国银行间同业拆借中心）,不详,15821920625,,,https://www.ccgp.gov.cn/cggg/zygg/qtgg/./202609/t20260904_27267828.htm,2026-09-09 16:11:06,,4147.0,,,,,,,,,,,,,
中山大学附属口腔医院越秀院区医疗废物处置服务项目（项目编号：0724-2631Z3355279）结果公告,流标公告,0724-2631Z3355279,2026年09月04日 15:05,广东省,中山大学附属口腔医院,广东省广州市越秀区陵园西路17号广联礼堂办公楼106,詹老师020-83802806,国义招标股份有限公司,广州市东风东路726号18楼,罗梓慧、叶琳、吴佳耿、李家荣、020-37861060/020-37860523/020-37860540/020-37860539,0724-2631Z3355279.pdf,"[{""attach_name"": ""0724-2631Z3355279.pdf"", ""attach_url"": ""https://download.ccgp.gov.cn/oss/download?uuid=90B131168EE0F3EF715CB42AE6DD68""}]",https://www.ccgp.gov.cn/cggg/zygg/qtgg/./202609/t20260904_27267644.htm,2026-09-09 16:11:06,,,,至规定的投标截止时间为止按时递交投标文件的投标人不足三家，故依照相关法律法规规定，本项目采购失败。,,,,,,,,,,,
重庆市荣昌区消防救援支队2026年食堂外包服务需求公示,流标公告,,2026年09月04日 15:04,荣昌县,荣昌区消防救援支队,重庆市荣昌区昌州街道黄金6支路1号,臧老师  19908346305,详见公告正文,详见公告正文,详见公告正文,重庆市荣昌区消防救援支队2026年食堂外包服务.doc,"[{""attach_name"": ""重庆市荣昌区消防救援支队2026年食堂外包服务.doc"", ""attach_url"": ""https://download.ccgp.gov.cn/oss/download?uuid=5D1FF2180DD256F42984DCE52DBDE3""}]",https://www.ccgp.gov.cn/cggg/zygg/qtgg/./202609/t20260904_27268145.htm,2026-09-09 16:11:07,,53.0,,,,,,,,,,,,,
国家粮食和物资储备局北京局八三三处某项目拟邀竣工结算审核单位征集公告,流标公告,,2026年09月04日 14:54,滨海新区,国家粮食和物资储备局北京局八三三处,天津市海滨大道（天津港保税区）3520号,l刘先生 022-59823611,天津市建设工程招标有限公司,天津市河西区环岛西路19号梅江中心大厦26层,刘工 15022034580,,,https://www.ccgp.gov.cn/cggg/zygg/qtgg/./202609/t20260904_27267468.htm,2026-09-09 16:11:07,,0.0,,,,,,,,,,,,,
国家食品安全风险评估中心化学室小型设备采购比选公告,流标公告,,2026年09月04日 14:51,北京市,国家食品安全风险评估中心,北京市朝阳区广渠路37号院2号楼,王老师 010-52165527,国金招标有限公司,北京市朝阳区东三环南路甲52号顺迈金钻国际商务中心9层9C,边璐、邵柄强、张含勇 010-52138809、13521749581,附件-（新）获取采购文件登记表.xlsx,"[{""attach_name"": ""附件-（新）获取采购文件登记表.xlsx"", ""attach_url"": ""https://download.ccgp.gov.cn/oss/download?uuid=6BA51B45595F310C41816211CFA769""}]",https://www.ccgp.gov.cn/cggg/zygg/qtgg/./202609/t20260904_27267431.htm,2026-09-09 16:11:07,,29.0,,,,,,,,,,,,,
移动工作站采购项目废标公告,流标公告,THTC-HR-LDTFC2026001,2026年09月04日 14:43,北京市,zycgr22011902,/,冯老师 010-57305132,天恒招标有限公司,北京市东城区东四十条甲22号南新仓商务大厦B座922,刘艳素、王文静、陈洁、徐梓瑶、刘戈010-53347227、17710393237,,,https://www.ccgp.gov.cn/cggg/zygg/qtgg/./202609/t20260904_27267342.htm,2026-09-09 16:11:07,,,,递交文件供应商不足三家，本项目废标。,,,,,,,,,,,
永久园区冰箱、净水器等电器物资采购项目（三次招标）废标公告,流标公告,TC260N04X-KBF028,2026年09月04日 14:42,北京市,zycgr22011902,北京市,唐老师 010-57305133,中招国际招标有限公司,北京市海淀区学院南路62号中关村资本大厦906A,张靖、武靖、彭小娟、王波、王鹏、胡亚平 010－62108242、8032,,,https://www.ccgp.gov.cn/cggg/zygg/qtgg/./202609/t20260904_27267353.htm,2026-09-09 16:11:07,,,,本项目招标文件内容违反国家有关强制性规定。依据财政部令第87号第六十五条评标委员会发现招标文件存在歧义、重大缺陷导致评标工作无法进行，或者招标文件内容违反国家有关强制性规定的，应当停止评标工作，与采购人或者采购代理机构沟通并作书面记录。采购人或者采购代理机构确认后，应当修改招标文件，重新组织采购活动。”本项目废标，重新组织采购活动。,,,,,,,,,,,
彭州市消防救援大队消防车辆及救援装备采购项目需求征求意见公告,流标公告,,2026年09月04日 14:26,成都市,彭州市消防救援大队,彭州市朝阳北路156号,李先生 028-83886119,四川顺为招标代理有限公司,成都市武侯区武科西一路3号2栋1单元5层,刘老师 19180456384,"采购需求.doc,采购需求修改建议书（彭州市消防救援大队）.docx","[{""attach_name"": ""采购需求.doc"", ""attach_url"": ""https://download.ccgp.gov.cn/oss/download?uuid=9D334F5352E1E86C7144EB71D29FC8""}, {""attach_name"": ""采购需求修改建议书（彭州市消防救援大队）.docx"", ""attach_url"": ""https://download.ccgp.gov.cn/oss/download?uuid=CA5A6A410A15D1950176FAB601CDE9""}]",https://www.ccgp.gov.cn/cggg/zygg/qtgg/./202609/t20260904_27267185.htm,2026-09-09 16:11:07,,0.0,,,,,,,,,,,,,
天津大学化工学院金属薄膜沉积系统采购项目快速磋商公告,流标公告,TDZC2026N0101,2026年09月04日 14:18,天津市,天津大学,天津市南开区卫津路92号,巩老师、蔡老师 022-27407504（招标办）,中化商务有限公司,天津市河西区南京路58号中化大厦A座2层,吕继春、孔令芳、崔喆  13920207525,,,https://www.ccgp.gov.cn/cggg/zygg/qtgg/./202609/t20260904_27267143.htm,2026-09-09 16:11:07,,49.5,,,,,,,,,,,,,
天津大学化工学院原子层沉积机采购项目快速磋商公告,流标公告,TDZC2026N0100,2026年09月04日 14:18,天津市,天津大学,天津市南开区卫津路92号,巩老师、蔡老师 022-27407504（招标办）,中化商务有限公司,天津市河西区南京路58号中化大厦A座2层,吕继春、孔令芳、崔喆 13920207525,,,https://www.ccgp.gov.cn/cggg/zygg/qtgg/./202609/t20260904_27267141.htm,2026-09-09 16:11:07,,48.0,,,,,,,,,,,,,
天津大学信息与网络中心学生基础事务服务平台采购项目快速磋商公告,流标公告,TDZC2026N0107,2026年09月04日 14:17,天津市,天津大学,天津市南开区卫津路92号,巩老师、蔡老师022-27407504（招标办）,政融（天津）工程咨询有限公司,天津市南开区红旗路218号慧谷大厦1010室,赵扬、苗洁、李佳  022-83571558,,,https://www.ccgp.gov.cn/cggg/zygg/qtgg/./202609/t20260904_27267127.htm,2026-09-09 16:11:07,,40.0,,,,,,,,,,,,,
南宁市消防救援支队江南大队工业园区站蓝特城市主战车压缩空气泡沫系统维修项目（重）,流标公告,NNXF-2026CLWXBX-002,2026年09月04日 14:17,青秀区,南宁市消防救援支队,广西壮族自治区南宁市青秀区佛子岭路2号,郑助理15278121008,详见公告正文,详见公告正文,详见公告正文,比选采购文件（南宁市消防救援支队江南大队工业园区站蓝特城市主战车压缩空气泡沫系统维修项目）.pdf,"[{""attach_name"": ""比选采购文件（南宁市消防救援支队江南大队工业园区站蓝特城市主战车压缩空气泡沫系统维修项目）.pdf"", ""attach_url"": ""https://download.ccgp.gov.cn/oss/download?uuid=C5F184A8903E63B73A0917AC54F1B2""}]",https://www.ccgp.gov.cn/cggg/zygg/qtgg/./202609/t20260904_27267130.htm,2026-09-09 16:11:08,比选,15.379,,,,,,,,,,,,,
危险废物委外处理服务采购项目（二次）废标公告,流标公告,THTC-HR-IGCT2026028,2026年09月04日 14:14,北京市,zycgr22011902,/,田老师 010-57568038,天恒招标有限公司,北京市东城区东四十条甲22号南新仓商务大厦B座922,李雅奇、李亚娜、陈洁、徐梓瑶、刘戈010-53399157、17710393237,,,https://www.ccgp.gov.cn/cggg/zygg/qtgg/./202609/t20260904_27267107.htm,2026-09-09 16:11:08,,,,获取文件供应商不足三家，本项目废标。,,,,,,,,,,,
中国中医科学院望京医院放射科设备维修维保服务采购项目（二）比选公告,流标公告,CIGN26178,2026年09月04日 13:41,北京市,中国中医科学院望京医院,北京市朝阳区望京中环南路6号,池老师 010-84730040,中国洲际新资源集团股份公司,北京市海淀区中关村南大街甲18号院北京国际大厦C座1101室,蔡欣悦、白雪、焦歆茹、张晶、洪京    010-62695990-803,,,https://www.ccgp.gov.cn/cggg/zygg/qtgg/./202609/t20260904_27266962.htm,2026-09-09 16:11:08,,58.5,,,,,,,,,,,,,
中华人民共和国洲头嘴出入境边防检查站多功能会议室显示屏建设项目比价公告,流标公告,,2026年09月04日 12:22,广州市,中华人民共和国洲头嘴出入境边防检查站,广州市海珠区同福西路8号,吴生、滕生   020-84265884,详见公告正文,详见公告正文,详见公告正文,洲头嘴出入境边防检查站多功能会议室最终版.docx,"[{""attach_name"": ""洲头嘴出入境边防检查站多功能会议室最终版.docx"", ""attach_url"": ""https://download.ccgp.gov.cn/oss/download?uuid=854E9955A0783A62C48AF01C7F9ACC""}]",https://www.ccgp.gov.cn/cggg/zygg/qtgg/./202609/t20260904_27266831.htm,2026-09-09 16:11:08,,17.01125,,,,,,,,,,,,,
朝阳区消防救援支队应急药品项目（二次）比选公告,流标公告,ZYZB-2026-0829,2026年09月04日 12:09,北京市,朝阳区消防救援支队,北京市朝阳区百子湾路与西大望路交叉口东北角,010-85851341,中钰招标有限公司,北京市丰台区四合庄路2号院4号楼1至17层101内17层1701,崔鹏、朱艳梅、刘晶晶、李倩、金俐成、郭玉婷、丁峥敏、卢雪、张书玲010-60624505转810/816,朝阳区消防救援支队应急药品项目（二次）比选公告.docx,"[{""attach_name"": ""朝阳区消防救援支队应急药品项目（二次）比选公告.docx"", ""attach_url"": ""https://download.ccgp.gov.cn/oss/download?uuid=4E75B83A5483667BFADF9F0A67305B""}]",https://www.ccgp.gov.cn/cggg/zygg/qtgg/./202609/t20260904_27266622.htm,2026-09-09 16:11:08,,30.0,,,,,,,,,,,,,
中国政法大学数据法治实验室设备采购项目废标公告,流标公告,CUPL2026HZB085,2026年09月04日 12:03,北京市,中国政法大学,北京市昌平区府学路27号,仰老师 010-58909967,盛和招标代理有限公司,北京市海淀区马甸东路 17 号金澳国际写字楼 27 层,侯常胜、崔耀文、毛允东、韩伟、侯美玲、许铖铖、李秀艳、李卫强、孙伟、高干、苏云龙、梁冰 13356792662、13145412332、17615838826、18706413729,,,https://www.ccgp.gov.cn/cggg/zygg/qtgg/./202609/t20260904_27266579.htm,2026-09-09 16:11:08,,,,本项目实质性响应的投标人不足三家，本项目废标。,,,,,,,,,,,
浙江省杭州市萧山区消防救援大队2026年度物业管理服务项目采购文件和需求公示,流标公告,,2026年09月04日 11:52,萧山区,杭州市萧山区消防救援大队,杭州市萧山区晨晖路1089号,姜先生；0571-83812706,大地工程咨询有限公司,杭州市拱墅区萍水东街788号运河万科中心C区C4-1幢,杨洋；18658165573,"浙江省杭州市萧山区消防救援大队2026年度物业服务项目（公示稿).docx,意见建议填写格式.xls","[{""attach_name"": ""浙江省杭州市萧山区消防救援大队2026年度物业服务项目（公示稿).docx"", ""attach_url"": ""https://download.ccgp.gov.cn/oss/download?uuid=F388B70EFC31A3014D594FE0C9386A""}, {""attach_name"": ""意见建议填写格式.xls"", ""attach_url"": ""https://download.ccgp.gov.cn/oss/download?uuid=3E5E79E52DA5D29EF0D0D6327ABC3C""}]",https://www.ccgp.gov.cn/cggg/zygg/qtgg/./202609/t20260904_27266496.htm,2026-09-09 16:11:08,,204.596112,,,,,,,,,,,,,
东莞市消防救援支队2026年职业健康体检服务项目（三次）遴选公告,流标公告,ZKZB-2026-C159,2026年09月04日 11:47,东莞市,东莞市消防救援支队,东莞市东城街道莞长路立新路段23号,0769-23119069,广东中科招标有限公司,东莞市南城街道体育路南城段26号盈锋中心2栋708室（西区708室）,胡工，0769-22224212,,,https://www.ccgp.gov.cn/cggg/zygg/qtgg/./202609/t20260904_27266367.htm,2026-09-09 16:11:08,遴选采购,20.96,,,,,,,,,,,,,
中华人民共和国洲头嘴出入境边防检查站UPS不间断电源系统更新项目比价公告,流标公告,,2026年09月04日 11:42,广州市,中华人民共和国洲头嘴出入境边防检查站,广州市海珠区同福西路8号,吴生、滕生    020-84265884,详见公告正文,详见公告正文,详见公告正文,-洲头嘴出入境边防检查站UPS不间断电源（最终版）.docx,"[{""attach_name"": ""-洲头嘴出入境边防检查站UPS不间断电源（最终版）.docx"", ""attach_url"": ""https://download.ccgp.gov.cn/oss/download?uuid=700ED9A259834374BAA80663F4826F""}]",https://www.ccgp.gov.cn/cggg/zygg/qtgg/./202609/t20260904_27266653.htm,2026-09-09 16:11:08,,13.063206,,,,,,,,,,,,,
中国科学院上海天文台星表项目低温电子单元真空杜瓦失败公告,流标公告,0613-267124104904,2026年09月04日 11:19,徐汇区,中国科学院上海天文台,上海市南丹路80号,刘老师34775059,上海机电设备招标有限公司,上海市长寿路285号恒达大厦11楼,邓澍32557758,,,https://www.ccgp.gov.cn/cggg/zygg/qtgg/./202609/t20260904_27266039.htm,2026-09-09 16:11:08,,,,因至本项目购标截止时间，购买招标文件的投标人不足三家，因此本项目招标失败。,,,,,,,,,,,
资阳市消防救援支队2026年第二次装备采购项目需求调查公告,流标公告,,2026年09月04日 11:13,资阳市,资阳市消防救援支队,资阳市雁江区康乐路119号资阳市消防救援支队,周先生 028-26123557,四川思渠国际招标有限公司,四川省资阳市雁江区娇子大道广电大厦13楼,项目咨询联系人：1.项目负责人：龙福兴；项目电话：028-26129333；2.技术审核：李奇钰；3.公司监察部合规部（投诉、举报）电话：028-62306011,"附件2-需求调查表.xls,附件1-需求问卷调查表.docx","[{""attach_name"": ""附件2-需求调查表.xls"", ""attach_url"": ""https://download.ccgp.gov.cn/oss/download?uuid=6797A00233D7A96C6DEBDCFF15412E""}, {""attach_name"": ""附件1-需求问卷调查表.docx"", ""attach_url"": ""https://download.ccgp.gov.cn/oss/download?uuid=3DF380C9D493E675FD45CB836BB0CE""}]",https://www.ccgp.gov.cn/cggg/zygg/qtgg/./202609/t20260904_27265983.htm,2026-09-09 16:11:08,,0.0,,,,,,,,,,,,,
南开大学保卫处八里台校区监控设备采购项目采购公告,流标公告,NK2026H048N。,2026年09月04日 11:05,天津市,南开大学,天津市南开区卫津路94号,于老师、牛老师，022-23501661,天津国际招标有限公司,天津市河西区卫津南路19号501室,郝蕊、孙小茜、卢佳胜、李佳璘、杨晓彤022-27235797,,,https://www.ccgp.gov.cn/cggg/zygg/qtgg/./202609/t20260904_27265903.htm,2026-09-09 16:11:09,学校自行采购（招标-快速采购-电子标,40.99,,,,,,,,,,,,,
北京市大兴区消防救援支队三大队太阳能改造项目公开比选公告,流标公告,HYJC-HW-2026-207,2026年09月04日 11:05,北京市,北京市大兴区消防救援支队,北京市大兴区清源路甲3号,孔维鲁，010-89226008,华源骏成（北京）招标咨询有限公司,北京市海淀区富海国际港16层1601室,张馨文、张思维、王卫荣、马明成、陶兴兵、杜建果、程虹 010-62191699,三大队太阳能改造项目比选公告.doc,"[{""attach_name"": ""三大队太阳能改造项目比选公告.doc"", ""attach_url"": ""https://download.ccgp.gov.cn/oss/download?uuid=EF638BDA724531B0399D064B758C7E""}]",https://www.ccgp.gov.cn/cggg/zygg/qtgg/./202609/t20260904_27265902.htm,2026-09-09 16:11:09,,18.847546,,,,,,,,,,,,,
金堂县消防救援大队2026年车辆器材装备采购项目技术需求征求意见公告,流标公告,,2026年09月04日 10:58,成都市,金堂县消防救援大队,成都市金堂县成金大道1699号,杨老师，028-84938119,四川顺为招标代理有限公司,成都市武侯区武科西一路3号2栋1单元5层,宋老师 19180456384,"采购需求修改建议书（金堂县消防大队）.docx,采购需求参数.doc","[{""attach_name"": ""采购需求修改建议书（金堂县消防大队）.docx"", ""attach_url"": ""https://download.ccgp.gov.cn/oss/download?uuid=30F8C9CBF0BCE4E2BFCF76FB9C3B71""}, {""attach_name"": ""采购需求参数.doc"", ""attach_url"": ""https://download.ccgp.gov.cn/oss/download?uuid=5C605C0CC3CDC901213B98C75CF6B9""}]",https://www.ccgp.gov.cn/cggg/zygg/qtgg/./202609/t20260904_27265850.htm,2026-09-09 16:11:09,,0.0,,,,,,,,,,,,,
呼伦贝尔边境管理支队新巴尔虎左旗第一边境管理大队执法办案管理中心审讯设备采购项目公开商洽公告,流标公告,,2026年09月04日 10:54,新巴尔虎左旗,呼伦贝尔边境管理支队,内蒙古呼伦贝尔市鄂温克族自治旗河西新区大雁街外环路,王警官0470-8133325,黑龙江安拓工程咨询有限公司,黑龙江省哈尔滨市高新技术产业开发区科技创新城创新创业广场19号楼(创新一路699号)B516-106室,付女士15047240221,报名登记表.pdf,"[{""attach_name"": ""报名登记表.pdf"", ""attach_url"": ""https://download.ccgp.gov.cn/oss/download?uuid=3422571BF70D138EA813F9EC1CAC88""}]",https://www.ccgp.gov.cn/cggg/zygg/qtgg/./202609/t20260904_27265797.htm,2026-09-09 16:11:09,,39.093435,,,,,,,,,,,,,
浙江德丰项目管理有限公司关于绿城公寓202室、210室出租公开竞价的公告,流标公告,,2026年09月04日 10:40,温州市,国家海洋局温州海洋环境监测中心站,温州市新安江路2号,沈先生/18057778055,浙江德丰项目管理有限公司,温州市鹿城区南汇街道锦江路458号深蓝大厦501-1室西首,叶女士/蒋先生0577-88915899/17682416401,,,https://www.ccgp.gov.cn/cggg/zygg/qtgg/./202609/t20260904_27265659.htm,2026-09-09 16:11:09,,10.0,,,,,,,,,,,,,
杨浦区消防救援支队2027年度支队公务车辆维修保养项目比选公告,流标公告,,2026年09月04日 10:28,上海市,杨浦区消防救援支队,上海市杨浦区周家嘴路3097号,顾老师 021-65206119,上海市建设工程监理咨询有限公司,上海市普陀区礼泉路689弄高尚领域T2办公楼9楼908室,丁慧慧 17317936126,公告附件资格承诺函-杨浦消防比选.docx,"[{""attach_name"": ""公告附件资格承诺函-杨浦消防比选.docx"", ""attach_url"": ""https://download.ccgp.gov.cn/oss/download?uuid=6250988193C8660E0CDFA0321A1EB3""}]",https://www.ccgp.gov.cn/cggg/zygg/qtgg/./202609/t20260904_27265516.htm,2026-09-09 16:11:09,,24.75,,,,,,,,,,,,,
民生路一楼多功能办公区前、后厅修缮比选公告,流标公告,,2026年09月04日 10:25,上海市,中华人民共和国上海海关后勤管理中心,上海市浦东新区民生路1208号,吴老师、021-62126795,上海中利威项目管理有限公司,上海市静安区梅园路228号企业广场1910-1912室,潘英韬、王捷仪、汤娜 021-62062986,,,https://www.ccgp.gov.cn/cggg/zygg/qtgg/./202609/t20260904_27265492.htm,2026-09-09 16:11:09,,26.5,,,,,,,,,,,,,
浙江省杭州市萧山区消防救援大队2026年度物业管理服务项目其他,流标公告,,2026年09月04日 10:24,萧山区,杭州市萧山区消防救援大队,杭州市萧山区晨晖路1089号,姜先生；0571-83812706,大地工程咨询有限公司,杭州市拱墅区萍水东街788号运河万科中心C区C4-1幢,杨洋；18658165573,"浙江省杭州市萧山区消防救援大队2026年度物业服务项目（公示稿).docx,意见建议填写格式.xls","[{""attach_name"": ""浙江省杭州市萧山区消防救援大队2026年度物业服务项目（公示稿).docx"", ""attach_url"": ""https://download.ccgp.gov.cn/oss/download?uuid=2645CAD5C7785890046056E5C2503B""}, {""attach_name"": ""意见建议填写格式.xls"", ""attach_url"": ""https://download.ccgp.gov.cn/oss/download?uuid=8CFE21A3B38E875D4C076D8A8569D6""}]",https://www.ccgp.gov.cn/cggg/zygg/qtgg/./202609/t20260904_27265496.htm,2026-09-09 16:11:09,,204.596112,,,,,,,,,,,,,
SPD-07河南某单位比武训练装备采购项目其他,流标公告,,2026年09月04日 10:21,金水区,SPD-07,河南省郑州市金水区金水路105号省委南院省委机关食堂,罗先生，15890131050,详见公告正文,详见公告正文,详见公告正文,河南某单位比武训练装备采购项目采购文件2026-013.docx,"[{""attach_name"": ""河南某单位比武训练装备采购项目采购文件2026-013.docx"", ""attach_url"": ""https://download.ccgp.gov.cn/oss/download?uuid=8414F228A2FD07C7A79185BB7EF68B""}]",https://www.ccgp.gov.cn/cggg/zygg/qtgg/./202609/t20260904_27265466.htm,2026-09-09 16:11:09,,5.924,,,,,,,,,,,,,
中国消防救援学院遴选租赁地方车辆公司项目流标公告,流标公告,FGZB-2026-030,2026年09月04日 10:14,昌平区,中国消防救援学院,北京市昌平区南口镇南雁路4号,刘老师，010-69787153,北京方格管理咨询有限公司,北京市朝阳区金隅大成国际中心B2座09B20,胡酩斯，18513460920,遴选采购文件.pdf,"[{""attach_name"": ""遴选采购文件.pdf"", ""attach_url"": ""https://download.ccgp.gov.cn/oss/download?uuid=5000BF16644EDA7E4F794FB76C98C4""}]",https://www.ccgp.gov.cn/cggg/zygg/qtgg/./202609/t20260904_27265410.htm,2026-09-09 16:11:09,,,,（1）北京风雅创捷旅游汽车客运服务有限公司因法定代表人身份证明未加盖法定代表人的盖章或法定代表人未签字。不满足符合性审查要求中的关于实质性格式的要求。（2）中青旅控股股份有限公司旅游服务分公司与北京海洋通达汽车租赁有限公司的分项报价超过采购需求中给定的分项报价的最高限价。不满足符合性审查要求中的关于报价的要求。经过遴选小组（评选委员会）评审，有效供应商不足三家，本次采购流标。,,,,,,,,,,,
南开大学实验室设备处危化品储存柜采购项目采购公告,流标公告,NK2026H073N。,2026年09月04日 10:09,天津市,南开大学,天津市南开区卫津路94号,于老师、牛老师，022-23501661,天津滨德招标代理有限公司,天津市河东区九纬路103号万泰大厦10层,高晓雅、王萌、杨姣姣、郝文杰，022-24213608,,,https://www.ccgp.gov.cn/cggg/zygg/qtgg/./202609/t20260904_27265358.htm,2026-09-09 16:11:09,学校自行采购（招标-快速采购-电子标,77.89,,,,,,,,,,,,,
四川省自贡市消防救援支队装备维护设备采购项目（第二次）流标公告,流标公告,AYG20260714,2026年09月04日 10:07,自贡市,自贡市消防救援支队,四川省自贡市自流井区汇川路1301号,叶先生   0813-8117123,四川安优格建设工程有限公司,四川省自贡市沿滩区沿滩新城板南大道589号天海苑外2#商铺4楼,王女士  0813-8232323,,,https://www.ccgp.gov.cn/cggg/zygg/qtgg/./202609/t20260904_27265349.htm,2026-09-09 16:11:09,,,,截至递交投标文件截止时间（开标时间）2026年09月03日10点30分，递交投标文件的投标人数量不足3家，不满足开标条件，本项目流标。,,,,,,,,,,,
中华人民共和国青茂出入境边防检查站2026年度食堂日常用品采购项目简易采购公告,流标公告,,2026年09月04日 10:02,香洲区,中华人民共和国青茂出入境边防检查站,广东省珠海市国防路99号青茂口岸联检楼,谭琪，0756-8160155,详见公告正文,详见公告正文,详见公告正文,"中华人民共和国青茂出入境边防检查站2026年度食堂日常用品采购项目简易采购文件.wps,青茂出入境边防检查站2026年度食堂日常用品采购项目采购清单.xls,中华人民共和国青茂出入境边防检查站2026年度食堂日常用品采购项目合同（主要条款）.doc,中华人民共和国青茂出入境边防检查站2026年度食堂日常用品采购项目需求文件 (公开稿).doc","[{""attach_name"": ""中华人民共和国青茂出入境边防检查站2026年度食堂日常用品采购项目简易采购文件.wps"", ""attach_url"": ""https://download.ccgp.gov.cn/oss/download?uuid=50755E21FBFF9C9B54FE292D3C7BB8""}, {""attach_name"": ""青茂出入境边防检查站2026年度食堂日常用品采购项目采购清单.xls"", ""attach_url"": ""https://download.ccgp.gov.cn/oss/download?uuid=464AC8A8F663B1FDCDD9A65BD566AA""}, {""attach_name"": ""中华人民共和国青茂出入境边防检查站2026年度食堂日常用品采购项目合同（主要条款）.doc"", ""attach_url"": ""https://download.ccgp.gov.cn/oss/download?uuid=798B680A1046FDCEE8AD3EC117A2D8""}, {""attach_name"": ""中华人民共和国青茂出入境边防检查站2026年度食堂日常用品采购项目需求文件 (公开稿).doc"", ""attach_url"": ""https://download.ccgp.gov.cn/oss/download?uuid=7EF318A76EE5F18A887108FAE57A06""}]",https://www.ccgp.gov.cn/cggg/zygg/qtgg/./202609/t20260904_27265321.htm,2026-09-09 16:11:09,,7.615565,,,,,,,,,,,,,
揭阳大南海石化工业区消防救援大队2026年执勤车辆保险服务项目（第二次）遴选公告,流标公告,,2026年09月04日 10:02,揭阳市,揭阳大南海石化工业区消防救援大队,揭阳市惠来县揭阳大南海石化工业区消防警务应急中心西侧消防救援中心大楼,李小姐0663-8393119,详见公告正文,详见公告正文,详见公告正文,,,https://www.ccgp.gov.cn/cggg/zygg/qtgg/./202609/t20260904_27265557.htm,2026-09-09 16:11:10,,19.4,,,,,,,,,,,,,
浙江嘉兴支队桐乡市消防救援大队2026年度广告印刷服务采购项目流标公告,流标公告,嘉消采-GK2026006,2026年09月04日 10:00,湖州市,桐乡市消防救援大队,桐乡市康民路222号,徐诗帆 13957359346,浙江中通通信有限公司,杭州市拱墅区河东路215号,严依意 13967186642、陈雨婷 17815745654、赵阳君 18969114900,,,https://www.ccgp.gov.cn/cggg/zygg/qtgg/./202609/t20260904_27265296.htm,2026-09-09 16:11:10,,,,根据《中华人民共和国政府采购法》第三十六条“（一）符合专业条件的供应商或者对招标文件作实质性响应的供应商不足三家的”，本项目应予废标。,,,,,,,,,,,
国家海洋信息中心消防设施维护维保项目比选公告,流标公告,,2026年09月04日 09:48,天津市,国家海洋信息中心,天津市河东区六纬路93号,孙老师，13174879567,山东齐信全程工程咨询有限公司,天津市华苑产业区（环外）创新六路华鼎新区1号21号楼2门,罗伟、高学磊、米安平，022-24327119,,,https://www.ccgp.gov.cn/cggg/zygg/qtgg/./202609/t20260904_27265233.htm,2026-09-09 16:11:10,,18.0,,,,,,,,,,,,,
人力资源社会保障部金保工程安全产品运行维护项目竞争性磋商流标公告(第二次采购),流标公告,0745-2641CCIEC024,2026年09月04日 09:36,北京市,人力资源和社会保障部,北京市东城区和平里东街3号,电话：010-84233620,中国交通进出口有限公司,北京市朝阳区建国路118号招商局大厦6层,张女士，电话：010-56529777转770,,,https://www.ccgp.gov.cn/cggg/zygg/qtgg/./202609/t20260904_27265153.htm,2026-09-09 16:11:10,,,,截至响应文件提交截止时间，提交响应文件的供应商不足3家，本项目流标,,,,,,,,,,,
银川海关办公楼管道井安全整改项目废标公告,流标公告,ZTSJ-NZC-A26170,2026年09月04日 09:09,金凤区,银川海关,银川市金凤区正源南街220号,王先生    0951-5679185、18295398237,中天世纪国际招标有限公司,银川市金凤区新昌西路金钻名座财富中心13层,张斯格、蒋浩、者娟娟   0951-5156366,,,https://www.ccgp.gov.cn/cggg/zygg/qtgg/./202609/t20260904_27265001.htm,2026-09-09 16:11:10,,,,截至比选时间（2026年8月31日上午09:00分）止，本项目无供应商按时递交响应文件。不符合综合比选文件要求，现场作废标处理。,,,,,,,,,,,
如东县消防救援大队专职队正规化制作服务采购项目其他（第二次）,流标公告,,2026年09月04日 09:09,如东县,如东县消防救援大队,如东县掘港街道,吕兴18862779195,江苏衡晟项目管理咨询有限公司,如东县城中街道,周春柳13625239921,"如东县消防救援大队专职队正规化制作服务采购项目【 供应商名登记表】.doc,如东县消防救援大队专职队正规化制作服务采购项目【比选公告】（第二次）9.4.docx","[{""attach_name"": ""如东县消防救援大队专职队正规化制作服务采购项目【 供应商名登记表】.doc"", ""attach_url"": ""https://download.ccgp.gov.cn/oss/download?uuid=2AA6E465E69362DE79F7BE1EB294BA""}, {""attach_name"": ""如东县消防救援大队专职队正规化制作服务采购项目【比选公告】（第二次）9.4.docx"", ""attach_url"": ""https://download.ccgp.gov.cn/oss/download?uuid=CBE4636970005C8FAFB21757AB54E4""}]",https://www.ccgp.gov.cn/cggg/zygg/qtgg/./202609/t20260904_27265003.htm,2026-09-09 16:11:10,比选,10.070408,,,,,,,,,,,,,
杨浦区消防救援支队支队2024年度灭火救援装备采购项目（包件1、包件14）废标公告,流标公告,CTZB0090-2025-5985,2026年09月04日 09:01,杨浦区,杨浦区消防救援支队,上海市杨浦区周家嘴路3097号,顾老师 021-65206119,上海信产管理咨询有限公司,上海市长宁区江苏路500号21楼,时颖13661812724、漆凯,,,https://www.ccgp.gov.cn/cggg/zygg/qtgg/./202609/t20260904_27264973.htm,2026-09-09 16:11:10,,,,本项目第三次招标包件1、包件14因递交投标文件的供应商不足三家，招标失败。,,,,,,,,,,,
浙江省杭州市萧山区消防救援大队2026年度食堂劳务外包服务项目采购文件和需求公示,流标公告,,2026年09月04日 08:29,浙江省,杭州市萧山区消防救援大队,杭州市萧山区晨晖路1089号,姜老师；0571-83812706,浙江万汇招标代理有限公司,杭州市拱墅区花园岗街金开大厦裙楼2楼,章亚威、张丽超；0571-87795077、18268028684,"浙江省杭州市萧山区消防救援大队2026年度食堂劳务外包服务项目招标文件（征询意见稿）.docx,意见建议填写格式.xls","[{""attach_name"": ""浙江省杭州市萧山区消防救援大队2026年度食堂劳务外包服务项目招标文件（征询意见稿）.docx"", ""attach_url"": ""https://download.ccgp.gov.cn/oss/download?uuid=3696C7ED396BEB6BE7A3041C37400D""}, {""attach_name"": ""意见建议填写格式.xls"", ""attach_url"": ""https://download.ccgp.gov.cn/oss/download?uuid=124C2F98A884C68EF75D6EEBB3DF08""}]",https://www.ccgp.gov.cn/cggg/zygg/qtgg/./202609/t20260904_27264911.htm,2026-09-09 16:11:10,,175.0,,,,,,,,,,,,,
SPD某单位车辆配件采购项目其他,流标公告,202608CLPJ,2026年09月04日 08:19,北京市,SPD,北京市西城区闹市口大街11号,李亚东18110088307,详见公告正文,详见公告正文,详见公告正文,,,https://www.ccgp.gov.cn/cggg/zygg/qtgg/./202609/t20260904_27264902.htm,2026-09-09 16:11:10,,,,投标人不足三家，按流标处理。,,,,,,,,,,,
北京林业大学功能物质多组学分析平台采购项目（二）废标公告,流标公告,北林招,2026年09月03日 23:44,北京市,北京林业大学,北京市海淀区清华东路35号,刘老师、张老师，010-62337427,盛和招标代理有限公司,北京市海淀区马甸东路17号金澳国际写字楼27层,侯常胜、韩伟、许铖铖、李秀艳、李卫强、侯美玲、孙伟、高干、苏云龙、梁冰、毛允东，13356792662、13165512595,,,https://www.ccgp.gov.cn/cggg/zygg/qtgg/./202609/t20260903_27263804.htm,2026-09-09 16:11:10,,,,实质性响应招标文件的投标人不足三家，本项目废标。,,,,,,,,,,,
动植检生物安全实验室改造项目废标公告,流标公告,TH2026-ZG0145,2026年09月03日 22:15,乌鲁木齐市,乌鲁木齐海关后勤管理中心,乌鲁木齐市北京南路241号乌鲁木齐海关机关综合保障楼二楼,乌鲁木齐海关后勤管理中心0991-3627251（办公业务用）,新疆天合新动力工程管理有限公司,乌鲁木齐市水磨沟区立井街198号9号楼11层,马龙、金云花、朱春华、王宇阳0991-3508696、0991-3508697,,,https://www.ccgp.gov.cn/cggg/zygg/qtgg/./202609/t20260903_27263752.htm,2026-09-09 16:11:10,,,,有效供应商不足三家，本项目废标。,,,,,,,,,,,
哈尔滨工程大学维修中心院内道路硬化等工程比选采购公告,流标公告,ZXDC2026X712,2026年09月03日 20:20,哈尔滨市,哈尔滨工程大学,0451-82519863,杜老师、杨老师、张老师,正信伟业工程咨询管理有限公司,哈尔滨市香坊区红旗大街235号投资大厦17层,孙先生、刘先生、张女士,,,https://www.ccgp.gov.cn/cggg/zygg/qtgg/./202609/t20260903_27263469.htm,2026-09-09 16:11:10,,36.372966,,,,,,,,,,,,,
青岛市崂山区消防救援大队2026年崂山区消防救援大队办公用品定点服务项目技术参数公开征集意见公告,流标公告,,2026年09月03日 20:09,青岛市,青岛市崂山区消防救援大队,青岛市崂山区银川东路15号,李队长0532--81851254,青岛合创鑫诚建设工程管理有限公司,青岛市李沧区书院路188号406室,徐工15854253875,"附件1：2026年崂山区消防救援大队办公用品定点服务项目技术参数.doc,附件2：技术参数修改建议书.docx","[{""attach_name"": ""附件1：2026年崂山区消防救援大队办公用品定点服务项目技术参数.doc"", ""attach_url"": ""https://download.ccgp.gov.cn/oss/download?uuid=955192302F5B1A5B827AA01239102A""}, {""attach_name"": ""附件2：技术参数修改建议书.docx"", ""attach_url"": ""https://download.ccgp.gov.cn/oss/download?uuid=32907998A606CB921FE03FCB0F4895""}]",https://www.ccgp.gov.cn/cggg/zygg/qtgg/./202609/t20260903_27263409.htm,2026-09-09 16:11:11,,0.0,,,,,,,,,,,,,
青岛市崂山区消防救援大队崂山区消防救援大队2026年车辆保险服务项目技术参数公开征集意见公告,流标公告,,2026年09月03日 20:09,青岛市,青岛市崂山区消防救援大队,青岛市崂山区银川东路15号,李队长0532--81851254,青岛合创鑫诚建设工程管理有限公司,青岛市李沧区书院路188号406室,徐工15854253875,"附件1：崂山区消防救援大队2026年车辆保险服务项目技术参数.doc,附件2：技术参数修改建议书.docx","[{""attach_name"": ""附件1：崂山区消防救援大队2026年车辆保险服务项目技术参数.doc"", ""attach_url"": ""https://download.ccgp.gov.cn/oss/download?uuid=A40DE10BCA68ABC0F644B8C75A0743""}, {""attach_name"": ""附件2：技术参数修改建议书.docx"", ""attach_url"": ""https://download.ccgp.gov.cn/oss/download?uuid=56A7308571FCC1854E780B374475F8""}]",https://www.ccgp.gov.cn/cggg/zygg/qtgg/./202609/t20260903_27263407.htm,2026-09-09 16:11:11,,0.0,,,,,,,,,,,,,
青岛市崂山区消防救援大队2026年崂山区消防救援大队人身意外伤害险项目技术参数公开征集意见公告,流标公告,,2026年09月03日 20:08,青岛市,青岛市崂山区消防救援大队,青岛市崂山区银川东路15号,李队长0532--81851254,青岛合创鑫诚建设工程管理有限公司,青岛市李沧区书院路188号406室,徐工15854253875,"附件1：2026年崂山区消防救援大队人身意外伤害险项目技术参数.doc,附件2：技术参数修改建议书.docx","[{""attach_name"": ""附件1：2026年崂山区消防救援大队人身意外伤害险项目技术参数.doc"", ""attach_url"": ""https://download.ccgp.gov.cn/oss/download?uuid=CF146330F4DB120716307CFAD27D73""}, {""attach_name"": ""附件2：技术参数修改建议书.docx"", ""attach_url"": ""https://download.ccgp.gov.cn/oss/download?uuid=95CFC8D8DDBF16C511CCDEC857EA05""}]",https://www.ccgp.gov.cn/cggg/zygg/qtgg/./202609/t20260903_27263413.htm,2026-09-09 16:11:11,,0.0,,,,,,,,,,,,,
青岛市崂山区消防救援大队崂山区消防救援大队枯桃消防站荣誉室改造技术参数公开征集意见公告,流标公告,,2026年09月03日 20:08,青岛市,青岛市崂山区消防救援大队,青岛市崂山区银川东路15号,李队长0532--81851254,青岛合创鑫诚建设工程管理有限公司,青岛市李沧区书院路188号406室,徐工15854253875,"附件1：崂山区消防救援大队枯桃消防站荣誉室改造技术参数.doc,附件2：技术参数修改建议书.docx","[{""attach_name"": ""附件1：崂山区消防救援大队枯桃消防站荣誉室改造技术参数.doc"", ""attach_url"": ""https://download.ccgp.gov.cn/oss/download?uuid=E8CC2B5DA0B4EE257626BA260820E0""}, {""attach_name"": ""附件2：技术参数修改建议书.docx"", ""attach_url"": ""https://download.ccgp.gov.cn/oss/download?uuid=9D126263352D01A771A20F82E167C0""}]",https://www.ccgp.gov.cn/cggg/zygg/qtgg/./202609/t20260903_27263411.htm,2026-09-09 16:11:11,,0.0,,,,,,,,,,,,,
青岛市崂山区消防救援大队枯桃消防救援站厨房设备采购项目技术参数公开征集意见公告,流标公告,,2026年09月03日 20:08,青岛市,青岛市崂山区消防救援大队,青岛市崂山区银川东路15号,李队长0532--81851254,青岛合创鑫诚建设工程管理有限公司,青岛市李沧区书院路188号406室,徐工15854253875,"附件1：青岛市崂山区消防救援大队枯桃消防救援站厨房设备采购项目技术参数.doc,附件2：技术参数修改建议书.docx","[{""attach_name"": ""附件1：青岛市崂山区消防救援大队枯桃消防救援站厨房设备采购项目技术参数.doc"", ""attach_url"": ""https://download.ccgp.gov.cn/oss/download?uuid=3D46735AD0C9DADB72DDF3E2A2337B""}, {""attach_name"": ""附件2：技术参数修改建议书.docx"", ""attach_url"": ""https://download.ccgp.gov.cn/oss/download?uuid=738824B44FD45CB48B8E729769687D""}]",https://www.ccgp.gov.cn/cggg/zygg/qtgg/./202609/t20260903_27263415.htm,2026-09-09 16:11:11,,0.0,,,,,,,,,,,,,
北京交通大学零散房屋招租项目（04包）四次遴选公告,流标公告,,2026年09月03日 19:37,北京市,北京交通大学,北京市海淀区上园村3号,陈老师 010-51683481,北京国金管理咨询有限公司,北京市丰台区五圈南路30号院1号楼北京海格通信产业园科研楼D座10层1011室,刘佳、刘博威、陶雪娇、张杰18600528599,"采购需求（04包四次）.pdf,遴选文件领取表（04包四次）.doc,北京交通大学零散房屋招租项目（04包）四次遴选公告.pdf","[{""attach_name"": ""采购需求（04包四次）.pdf"", ""attach_url"": ""https://download.ccgp.gov.cn/oss/download?uuid=DF2D5E56BF69484705C65DBA9CAC43""}, {""attach_name"": ""遴选文件领取表（04包四次）.doc"", ""attach_url"": ""https://download.ccgp.gov.cn/oss/download?uuid=0CE2B0766E542A9EEA3005E9D6740F""}, {""attach_name"": ""北京交通大学零散房屋招租项目（04包）四次遴选公告.pdf"", ""attach_url"": ""https://download.ccgp.gov.cn/oss/download?uuid=8B162F28A487724F1F00073D6C7A34""}]",https://www.ccgp.gov.cn/cggg/zygg/qtgg/./202609/t20260903_27263225.htm,2026-09-09 16:11:11,,0.0,,,,,,,,,,,,,
中国社会科学院大学新文科综合楼及宿舍项目水土保持方案编制服务校内竞磋公告,流标公告,,2026年09月03日 19:27,北京市,中国社会科学院大学,北京市房山区良乡高教园区长于大街11号,010-81360229,北京中昌工程咨询有限公司,北京市朝阳区劲松三区甲302号华腾大厦21层,邢先生、李先生 19933602884、17200368230,校内竞磋公告.docx,"[{""attach_name"": ""校内竞磋公告.docx"", ""attach_url"": ""https://download.ccgp.gov.cn/oss/download?uuid=E66CF00E9F8406A49858B4FED0A00E""}]",https://www.ccgp.gov.cn/cggg/zygg/qtgg/./202609/t20260903_27263173.htm,2026-09-09 16:11:11,,93.5,,,,,,,,,,,,,
中国社会科学院大学新文科综合楼及宿舍项目洪水影响评价报告编制服务比选公告,流标公告,,2026年09月03日 19:19,北京市,中国社会科学院大学,北京市房山区良乡高教园区长于大街11号,010-81360229,北京中昌工程咨询有限公司,北京市朝阳区劲松三区甲302号华腾大厦21层,邢先生、李先生 19933602884、17200368230,比选公告.docx,"[{""attach_name"": ""比选公告.docx"", ""attach_url"": ""https://download.ccgp.gov.cn/oss/download?uuid=C3C3A9DB81C5D2F9A2C5B24B34759B""}]",https://www.ccgp.gov.cn/cggg/zygg/qtgg/./202609/t20260903_27263143.htm,2026-09-09 16:11:11,,36.04,,,,,,,,,,,,,
阿里地区消防救援支队训练基地生活设施第二批采购项目比选公告,流标公告,,2026年09月03日 19:13,西藏自治区,阿里地区消防救援支队,西藏自治区阿里地区噶尔县滨河南路4号,0897-2916521,西藏云达工程管理有限公司,西藏自治区阿里地区噶尔县狮泉河镇象雄路安康公园一排2号,程女士,阿里地区消防救援支队训练基地生活设施第二批采购项目比选文件.pdf,"[{""attach_name"": ""阿里地区消防救援支队训练基地生活设施第二批采购项目比选文件.pdf"", ""attach_url"": ""https://download.ccgp.gov.cn/oss/download?uuid=DA5E09B1D9F1CBDFE8B61B7BD9DC01""}]",https://www.ccgp.gov.cn/cggg/zygg/qtgg/./202609/t20260903_27263126.htm,2026-09-09 16:11:12,,34.0,,,,,,,,,,,,,
SOFC连接体防护涂层加工采购项目采购公告,流标公告,THTC-HR-RLDC2026033,2026年09月03日 19:10,北京市,zycgr22011902,/,冯老师010-57305132,天恒招标有限公司,北京市东城区东四十条甲22号南新仓商务大厦B座922,刘清帅、王雪梅、陈洁、徐梓瑶、刘戈010-53393728、17710390275,采购文件获取登记表.xls,"[{""attach_name"": ""采购文件获取登记表.xls"", ""attach_url"": ""https://download.ccgp.gov.cn/oss/download?uuid=B5CCF9D3C611816035D93FBB152D2F""}]",https://www.ccgp.gov.cn/cggg/zygg/qtgg/./202609/t20260903_27263109.htm,2026-09-09 16:11:12,便捷磋商,30.0,,,,,,,,,,,,,
金属板CDS采购项目采购公告,流标公告,THTC-HR-RLDC2026034,2026年09月03日 19:10,北京市,zycgr22011902,/,冯老师010-57305132,天恒招标有限公司,北京市东城区东四十条甲22号南新仓商务大厦B座922,刘清帅、王雪梅、陈洁、徐梓瑶、刘戈010-53393728、17710390275,采购文件获取登记表.xls,"[{""attach_name"": ""采购文件获取登记表.xls"", ""attach_url"": ""https://download.ccgp.gov.cn/oss/download?uuid=0E53B947FC2A1D2019632B0B82E430""}]",https://www.ccgp.gov.cn/cggg/zygg/qtgg/./202609/t20260903_27263111.htm,2026-09-09 16:11:12,便捷磋商,48.0,,,,,,,,,,,,,
中华人民共和国西藏出入境边防检查总站山南边境管理支队机关日常维修项目成交公告,流标公告,GZFCG-XZLF-20260803,2026年09月03日 18:59,山南地区,山南边境管理支队,西藏自治区山南市三湘大道,曹警官 0893-7968021,西藏立帆工程项目管理有限公司,山南市雅达幸福家园小区21栋1单元 702,张先生 13618977076,"中小企业声明函.png,磋商-西藏出入境边防检查总站山南边境管理支队机关日常维修项目.pdf","[{""attach_name"": ""中小企业声明函.png"", ""attach_url"": ""https://download.ccgp.gov.cn/oss/download?uuid=26CA13F2374F60318F06134B02D88E""}, {""attach_name"": ""磋商-西藏出入境边防检查总站山南边境管理支队机关日常维修项目.pdf"", ""attach_url"": ""https://download.ccgp.gov.cn/oss/download?uuid=B7125B600D203F887421D5050EC614""}]",https://www.ccgp.gov.cn/cggg/zygg/qtgg/./202609/t20260903_27263041.htm,2026-09-09 16:11:12,,37.0,,,,,,,,,,,,,
中华人民共和国三峡机场出入境边防检查站2026年数字安全服务器设备购置项目拟采用单一来源采购公示,流标公告,,2026年09月03日 18:51,宜昌市,中华人民共和国三峡机场出入境边防检查站,湖北省宜昌市西陵区发展大道89号,祁警官/13228151553,湖北胜捷工程咨询有限责任公司,宜昌市发展大道16号金德瑞国际酒店22楼,尹镭/0717-6253135-8004,单一来源采购论证资料.zip,"[{""attach_name"": ""单一来源采购论证资料.zip"", ""attach_url"": ""https://download.ccgp.gov.cn/oss/download?uuid=E3DE372AE98713946FD36EDD6FE5B7""}]",https://www.ccgp.gov.cn/cggg/zygg/qtgg/./202609/t20260903_27262893.htm,2026-09-09 16:11:12,,17.5,,,,,,,,,,,,,
中国社会科学院大学科技考古实验楼项目水土保持方案编制服务校内磋商公告,流标公告,ZSLTC-2026-F186,2026年09月03日 18:50,北京市,中国社会科学院大学,北京市房山区长于大街11号,曲老师、010-81360229,中盛隆国际招标（北京）有限公司,北京市海淀区阜成路58号新洲商务大厦302室,李蕊、孙源滨、曹泽鹏、魏菲、马春娟、赵中阳、刘震、李红梅、李莉、010-88956517-214,"获取文件记录表.docx,采购需求.docx","[{""attach_name"": ""获取文件记录表.docx"", ""attach_url"": ""https://download.ccgp.gov.cn/oss/download?uuid=54329B39D6E5642688AA693C862109""}, {""attach_name"": ""采购需求.docx"", ""attach_url"": ""https://download.ccgp.gov.cn/oss/download?uuid=406BAD2B9E088D0D97FB39EAB4F82E""}]",https://www.ccgp.gov.cn/cggg/zygg/qtgg/./202609/t20260903_27262891.htm,2026-09-09 16:11:12,校内磋商,62.0,,,,,,,,,,,,,
哈尔滨工程大学松北校区第二十三、二十四学生公寓组团建设项目—洁具供货及安装评标结果公示,流标公告,FJ0101G260806002001二、项目编号：FJ0101G260806002001,2026年09月03日 18:35,松北区,哈尔滨工程大学,0451-82519863,杨帆、张庆贺、杜佳媛、王瑞森,宜国发项目管理有限公司,哈尔滨市道里区群力第四大道399号汇智广场中楼401,曲柠、孙悦龙,,,https://www.ccgp.gov.cn/cggg/zygg/qtgg/./202609/t20260903_27262807.htm,2026-09-09 16:11:12,,,,无,,,,,,,,,,,
浙江省消防救援总队温州支队2026年度消防车辆采购项目需求调查公告,流标公告,,2026年09月03日 18:00,温州市,温州市消防救援支队,浙江省温州市鹿城区滨江街道会展路119号,温州市消防救援支队   0577-86509906 ？,详见公告正文,详见公告正文,详见公告正文,"附件2.采购需求问卷调查表.docx,附件1.采购需求调查表.xls","[{""attach_name"": ""附件2.采购需求问卷调查表.docx"", ""attach_url"": ""https://download.ccgp.gov.cn/oss/download?uuid=C9D0A15A4AAD17613DDCC660B61B0F""}, {""attach_name"": ""附件1.采购需求调查表.xls"", ""attach_url"": ""https://download.ccgp.gov.cn/oss/download?uuid=9DE6C00D5C25919BD97582448482D6""}]",https://www.ccgp.gov.cn/cggg/zygg/qtgg/./202609/t20260903_27262451.htm,2026-09-09 16:11:12,,0.0,,,,,,,,,,,,,
梧州市移动排涝能力提升项目（二期）技术参数征集其他,流标公告,,2026年09月03日 17:54,长洲区,梧州市消防救援支队,梧州市长洲区西环路上段24号,覃先生，0774-2478250,/,/,/,梧州市移动排涝能力提升项目（二期）设备参数征集明细表(1).xlsx,"[{""attach_name"": ""梧州市移动排涝能力提升项目（二期）设备参数征集明细表(1).xlsx"", ""attach_url"": ""https://download.ccgp.gov.cn/oss/download?uuid=1F930DD64957A907C00ABD52374A38""}]",https://www.ccgp.gov.cn/cggg/zygg/qtgg/./202609/t20260903_27262349.htm,2026-09-09 16:11:12,,0.0,,,,,,,,,,,,,
三门峡市消防救援支队2026年度大载重消防救援无人机系统及灭火药剂采购项目其他,流标公告,,2026年09月03日 17:54,河南省,三门峡市消防救援支队,河南省三门峡市开发区分陕路16号消防救援支队,蔡志刚0398-3119051,详见公告正文,详见公告正文,详见公告正文,"三门峡市消防救援支队2026年大载重消防救援无人机系统及灭火药剂采购需求征集公告.docx,附件1：三门峡市消防救援支队2026年大载重消防救援无人机系统及灭火药剂采购需求问卷调查表.doc,附件2：三门峡市消防救援支队2026年大载重消防救援无人机系统及灭火药剂主要功能需求技术参数调查明细表.xlsx","[{""attach_name"": ""三门峡市消防救援支队2026年大载重消防救援无人机系统及灭火药剂采购需求征集公告.docx"", ""attach_url"": ""https://download.ccgp.gov.cn/oss/download?uuid=0765E30E32DD36CC3D58D63DB65C1B""}, {""attach_name"": ""附件1：三门峡市消防救援支队2026年大载重消防救援无人机系统及灭火药剂采购需求问卷调查表.doc"", ""attach_url"": ""https://download.ccgp.gov.cn/oss/download?uuid=F09E311F2ED4703FFC88A9E48A9577""}, {""attach_name"": ""附件2：三门峡市消防救援支队2026年大载重消防救援无人机系统及灭火药剂主要功能需求技术参数调查明细表.xlsx"", ""attach_url"": ""https://download.ccgp.gov.cn/oss/download?uuid=FF913884A7059AE7E5CD698D94964C""}]",https://www.ccgp.gov.cn/cggg/zygg/qtgg/./202609/t20260903_27262358.htm,2026-09-09 16:11:12,,0.0,,,,,,,,,,,,,
2026年燃气及厨房炉具和排烟设备采购项目（三次）公开遴选公告,流标公告,,2026年09月03日 17:50,广东省,广东省消防救援总队特勤大队,广东省广州市天河区高普路86号,谢助理，020-38270886,广东有德招标采购有限公司,广州市天河北路626号保利中宇广场A座25楼,李小姐，020-83625516,,,https://www.ccgp.gov.cn/cggg/zygg/qtgg/./202609/t20260903_27262225.htm,2026-09-09 16:11:12,,28.93704,,,,,,,,,,,,,
国家粮食和物资储备局河北局九七四处某项目拟邀请铁路专用线大修施工投标单位征集公告,流标公告,,2026年09月03日 17:46,邢台市,国家粮食和物资储备局河北局九七四处,河北省邢台市,孔工 0319-2812174,天津市建设工程招标有限公司,天津市河西区环岛西路19号梅江中心大厦26层,王工13116092567,,,https://www.ccgp.gov.cn/cggg/zygg/qtgg/./202609/t20260903_27262175.htm,2026-09-09 16:11:12,,0.0,,,,,,,,,,,,,
广州市消防救援支队轨道交通大队2026年消防装备采购项目采购需求参数征求意见公告,流标公告,,2026年09月03日 17:42,市辖区,广州市消防救援支队,广州市白云区西洲中路61号,吴工，020-81994241,详见公告正文,详见公告正文,详见公告正文,附件：广州市消防救援支队轨道交通大队2026年消防装备技术参数征求意见表.xls,"[{""attach_name"": ""附件：广州市消防救援支队轨道交通大队2026年消防装备技术参数征求意见表.xls"", ""attach_url"": ""https://download.ccgp.gov.cn/oss/download?uuid=B55818FB3EC991B583271032137A74""}]",https://www.ccgp.gov.cn/cggg/zygg/qtgg/./202609/t20260903_27262102.htm,2026-09-09 16:11:12,,0.0,,,,,,,,,,,,,
建邺大队2026年广告宣传服务集中采购项目（二次）比选公告,流标公告,SNZX-20260309,2026年09月03日 17:42,南京市,南京市建邺区消防救援大队,/,/,南京苏宁工程咨询有限公司,南京市中山路99号12楼1212室,李佳蓉、025-84200809,,,https://www.ccgp.gov.cn/cggg/zygg/qtgg/./202609/t20260903_27262106.htm,2026-09-09 16:11:13,比选,48.0,,,,,,,,,,,,,
北京交通大学汽车租赁服务（02包）废标公告,流标公告,CFTC-BJ01-2608019,2026年09月03日 17:37,北京市,北京交通大学,北京市海淀区上园村3号,陈老师 010-51683481,国金招标有限公司,北京市朝阳区东三环南路甲52号顺迈金钻国际商务中心9层9C,孙涛、杨振豪、王涵    010-52188100、13552541378,,,https://www.ccgp.gov.cn/cggg/zygg/qtgg/./202609/t20260903_27261978.htm,2026-09-09 16:11:13,,,,本项目02包无有效供应商，本包废标。,,,,,,,,,,,
北京交通大学部分零散房屋招租项目（第二次）遴选公告,流标公告,2607-HXTC-IN1434,2026年09月03日 17:37,北京市,北京交通大学,北京市海淀区上园村3号,陈老师 010-51683481,北京宏信天诚国际招标有限公司,北京市海淀区复兴路乙12号中国铝业大厦11层1110室,赵洁、吴众为、闫文娟、彭怡、成歌、刘京、修海龙、陈博维、姬小雪、王思晨、杨晓楠、王东衍、郝路、刘海英、孙佳、王亚东、黄艳、陈曦、吉国侠、孙银英、李秋萍、王艳艳、王改茹，010-63974645、63976753,"供应商信息登记表新.docx,遴选公告—北京交通大学部分零散房屋招租项目（第2次）IN1434.docx","[{""attach_name"": ""供应商信息登记表新.docx"", ""attach_url"": ""https://download.ccgp.gov.cn/oss/download?uuid=0C3DEEAC871CC89226C78D1F91AD44""}, {""attach_name"": ""遴选公告—北京交通大学部分零散房屋招租项目（第2次）IN1434.docx"", ""attach_url"": ""https://download.ccgp.gov.cn/oss/download?uuid=9355F734CAA426CEDECE2742649D03""}]",https://www.ccgp.gov.cn/cggg/zygg/qtgg/./202609/t20260903_27261976.htm,2026-09-09 16:11:13,,0.0,,,,,,,,,,,,,
湖北河口全向信标测距仪台更新改造工程全向信标测距仪设备采购项目流标公告,流标公告,0748-2612CA3032DK,2026年09月03日 17:31,孝感市,中国民用航空中南地区空中交通管理局,广州市机场路南云东街3号,刘倩 020-86121066,中航材国际招标有限公司,北京市顺义区天祥路6号院北京东航中心2号楼8层,赵金倩、董壁莹 19121072242,,,https://www.ccgp.gov.cn/cggg/zygg/qtgg/./202609/t20260903_27261832.htm,2026-09-09 16:11:13,,,,湖北河口全向信标测距仪台更新改造工程全向信标测距仪设备采购项目通过初步评审的单位不足三家，不具备竞争性，本项目流标。,,,,,,,,,,,
中南地区（南宁）空中交通管制能力提升基础设施建设工程主用自动化系统采购流标公告,流标公告,0748-2612CA3040DK,2026年09月03日 17:31,南宁市,中国民用航空中南地区空中交通管理局,广州市机场路南云东街3号,赖先生 020-86125325,中航材国际招标有限公司,北京市顺义区天祥路6号院北京东航中心2号楼8层,赵金倩、董壁莹 19121072242,,,https://www.ccgp.gov.cn/cggg/zygg/qtgg/./202609/t20260903_27261838.htm,2026-09-09 16:11:13,,,,中南地区（南宁）空中交通管制能力提升基础设施建设工程主用自动化系统采购通过初步评审的单位不足三家，不具备竞争性，本项目流标。,,,,,,,,,,,
森林消防局机动支队北京消防救援机动支队森林灭火装备采购项目技术需求征求意见公告,流标公告,,2026年09月03日 17:30,北京市,森林消防局机动支队,北京市朝阳区南豆各庄甲六号,王助理，13051600909,详见公告正文,详见公告正文,详见公告正文,"9.3附件1：森林灭火装备技术参数.xlsx,9.3附件2：北京消防救援机动支队综合保障类装备技术需求意见填报表.doc","[{""attach_name"": ""9.3附件1：森林灭火装备技术参数.xlsx"", ""attach_url"": ""https://download.ccgp.gov.cn/oss/download?uuid=AE2DB7D0C30CAA38D1F29148FE2F4E""}, {""attach_name"": ""9.3附件2：北京消防救援机动支队综合保障类装备技术需求意见填报表.doc"", ""attach_url"": ""https://download.ccgp.gov.cn/oss/download?uuid=A51B8F8E601EFD41209DE198BB9561""}]",https://www.ccgp.gov.cn/cggg/zygg/qtgg/./202609/t20260903_27261840.htm,2026-09-09 16:11:13,,0.0,,,,,,,,,,,,,
SPD-02天津某单位经费需求测算咨询服务采购项目其他,流标公告,,2026年09月03日 17:29,天津市,SPD-02,天津市河西区马场道271号,杨先生17822306042,详见公告正文,详见公告正文,详见公告正文,经费需求测算咨询服务采购项目零星采购文件.docx,"[{""attach_name"": ""经费需求测算咨询服务采购项目零星采购文件.docx"", ""attach_url"": ""https://download.ccgp.gov.cn/oss/download?uuid=ADD5D247E75C1A0C051D37A223D236""}]",https://www.ccgp.gov.cn/cggg/zygg/qtgg/./202609/t20260903_27261775.htm,2026-09-09 16:11:13,,15.264,,,,,,,,,,,,,
华中科技大学同济医学院附属同济医院主院区5、6号楼医疗资源调整工程总承包（EPC）项目(HBSJ-202608FJ-177001001)资审文件公告,流标公告,,2026年09月03日 17:26,武汉市,华中科技大学同济医学院附属同济医院,武汉市硚口区解放大道1095号,冉主任  027-83662896,湖北中天招标有限公司,武汉市武昌区中北路109号中铁1818中心10楼,徐工 19323501940,,,https://www.ccgp.gov.cn/cggg/zygg/qtgg/./202609/t20260903_27261741.htm,2026-09-09 16:11:13,,861.0,,,,,,,,,,,,,
广东省深圳市消防救援支队2026年度机关办公打印耗材采购服务采购项目遴选公告,流标公告,0724-2610SZ965491,2026年09月03日 17:23,深圳市,深圳市消防救援支队,深圳市福田区红荔路2009号,赖工 0755-83232137,国义招标股份有限公司,深圳市福田区红荔路1001号银盛大厦11楼1101-1105,谢宁多、黄颖 0755-82331226,遴选文件-广东省深圳市消防救援支队2026年度机关办公打印耗材采购服务采购项目.pdf,"[{""attach_name"": ""遴选文件-广东省深圳市消防救援支队2026年度机关办公打印耗材采购服务采购项目.pdf"", ""attach_url"": ""https://download.ccgp.gov.cn/oss/download?uuid=6AB9F117969A8DE1D8C0F2B32EC37A""}]",https://www.ccgp.gov.cn/cggg/zygg/qtgg/./202609/t20260903_27261663.htm,2026-09-09 16:11:13,,20.0,,,,,,,,,,,,,
北京市密云区消防救援支队2026年消防装备采购项目消防装备技术参数征求意见公告,流标公告,,2026年09月03日 17:20,密云县,北京市密云区消防救援支队,北京市密云区水源东路331号,冯工，01089098802（转8159）,/,/,/,"附件2：北京市密云区消防救援支队2026年消防装备采购项目消防装备技术参数需求征求意见反馈表 .doc,附件1：北京市密云区消防救援支队2026年消防装备采购项目消防装备技术参数..xlsx","[{""attach_name"": ""附件2：北京市密云区消防救援支队2026年消防装备采购项目消防装备技术参数需求征求意见反馈表 .doc"", ""attach_url"": ""https://download.ccgp.gov.cn/oss/download?uuid=C2BBE26378315788F289D680097430""}, {""attach_name"": ""附件1：北京市密云区消防救援支队2026年消防装备采购项目消防装备技术参数..xlsx"", ""attach_url"": ""https://download.ccgp.gov.cn/oss/download?uuid=43F960724EED571EADD79FB06FA905""}]",https://www.ccgp.gov.cn/cggg/zygg/qtgg/./202609/t20260903_27261617.htm,2026-09-09 16:11:13,,74.275,,,,,,,,,,,,,
中国消防救援学院责任保险服务采购项目比选公告,流标公告,ZYZB-2026-0819,2026年09月03日 17:16,北京市,中国消防救援学院,北京市昌平区南口镇南雁路4号,刘老师，010-69787153,中钰招标有限公司,北京市丰台区东旭国际中心A座北楼17层,李雪阳、陈思思、李倩、卢雪、张书玲、郭玉婷、刘晶晶、朱艳梅、丁峥敏010-60624505-805、010-60624505-812、010-60624505-813,,,https://www.ccgp.gov.cn/cggg/zygg/qtgg/./202609/t20260903_27261507.htm,2026-09-09 16:11:13,,24.0,,,,,,,,,,,,,
暨南大学石牌校区科学馆一楼接待室项目询比公告,流标公告,,2026年09月03日 17:15,天河区,暨南大学,广州市天河区黄埔大道西601号,李老师，020-85223022,广东华伦招标有限公司,广州市越秀区广仁路1号广仁大厦7楼,麦工，020-83172166-843,暨南大学石牌校区科学馆一楼接待室项目询比文件（发布稿）.pdf,"[{""attach_name"": ""暨南大学石牌校区科学馆一楼接待室项目询比文件（发布稿）.pdf"", ""attach_url"": ""https://download.ccgp.gov.cn/oss/download?uuid=EA6FDA00A0D6FC79D4D69937534899""}]",https://www.ccgp.gov.cn/cggg/zygg/qtgg/./202609/t20260903_27261451.htm,2026-09-09 16:11:14,,85.194991,,,,,,,,,,,,,
海口市消防救援支队战勤保障库智慧仓储项目需求公示,流标公告,,2026年09月03日 17:13,海口市,海口市消防救援支队,海口市琼山区兴丹路2号,林助理 0898-65359237,海南鑫赛项目管理有限公司,陈智 0898-65339211,海口市美兰区国兴大道11号国瑞大厦C座（东塔）804室,采购需求书.DOCX,"[{""attach_name"": ""采购需求书.DOCX"", ""attach_url"": ""https://download.ccgp.gov.cn/oss/download?uuid=063FBB285335BB08809A341D2EDC52""}]",https://www.ccgp.gov.cn/cggg/zygg/qtgg/./202609/t20260903_27261382.htm,2026-09-09 16:11:14,,610.78,,,,,,,,,,,,,
六盘水市水城区消防救援大队2026年车辆维修保养服务采购项目采购需求公示,流标公告,,2026年09月03日 17:07,水城县,水城县消防救援大队,贵州省六盘水市水城区双水街道广场社区拥军路 2 号,蒋工 0858-8932119,贵州瑞泰鸿招标造价咨询有限公司,贵州省六盘水市钟山区凉都大道凉都里C7-2-10,罗青 15685865525,"六盘水市水城区消防救援大队车辆维修服务项目竞争性磋商文件-采购需求公示稿.pdf,六盘水市水城区消防救援大队2026年车辆维修保养服务采购项目采购需求公示.pdf","[{""attach_name"": ""六盘水市水城区消防救援大队车辆维修服务项目竞争性磋商文件-采购需求公示稿.pdf"", ""attach_url"": ""https://download.ccgp.gov.cn/oss/download?uuid=BB3F7D305475E6687D4560FA58A456""}, {""attach_name"": ""六盘水市水城区消防救援大队2026年车辆维修保养服务采购项目采购需求公示.pdf"", ""attach_url"": ""https://download.ccgp.gov.cn/oss/download?uuid=2E68E1CFD27D71665FDB6D7EA6511D""}]",https://www.ccgp.gov.cn/cggg/zygg/qtgg/./202609/t20260903_27261243.htm,2026-09-09 16:11:14,,49.0,,,,,,,,,,,,,
江西省百巨招标咨询有限公司关于江西某单位安检设备采购项目（采购编号：JXBJ26121359907）大额采购公告,流标公告,,2026年09月03日 17:06,南昌市,SPD-29,南昌市绿茵路399号,柳先生，0791-88156833,江西省百巨招标咨询有限公司,江西省南昌市红谷滩区庐山南大道1999号保利高尔夫花园配套中心3#商业楼店面110-113室,黄颖慧、马俊、刘玲  0791-85230868,标的清单.pdf,"[{""attach_name"": ""标的清单.pdf"", ""attach_url"": ""https://download.ccgp.gov.cn/oss/download?uuid=23BB9AAE3241DA0E05B67ECB3DE398""}]",https://www.ccgp.gov.cn/cggg/zygg/qtgg/./202609/t20260903_27261241.htm,2026-09-09 16:11:14,大额采购,27.344,,,,,,,,,,,,,
应急管理部国家减灾中心资产管理自助盘点功能模块开发项目比选公告,流标公告,,2026年09月03日 17:06,朝阳区,应急管理部国家减灾中心,北京市朝阳区广百东路6号院,隋老师，电话010-52811283，邮箱suiaiyu93@163.com,详见公告正文,详见公告正文,详见公告正文,,,https://www.ccgp.gov.cn/cggg/zygg/qtgg/./202609/t20260903_27261968.htm,2026-09-09 16:11:14,比选,9.89,,,,,,,,,,,,,
中华人民共和国茂盛围出入境边防检查站2026年食堂食材配送服务采购项目预公告,流标公告,,2026年09月03日 17:05,市辖区,中华人民共和国茂盛围出入境边防检查站,珠澳跨境工业区鸿丰大厦,莫警官，0756-8167475,公诚管理咨询有限公司,广东省珠海市香洲区兴华路192号,杨述文、郑凯存、潘文辉、童本锋、盛菲、李涛，0756-2666861,"附件1：中华人民共和国茂盛围出入境边防检查站2026年食堂食材配送服务采购项目竞争性磋商文件.pdf,附件2：中华人民共和国茂盛围出入境边防检查站2026年食堂食材配送服务采购项目修改建议书.doc","[{""attach_name"": ""附件1：中华人民共和国茂盛围出入境边防检查站2026年食堂食材配送服务采购项目竞争性磋商文件.pdf"", ""attach_url"": ""https://download.ccgp.gov.cn/oss/download?uuid=D82E3DA2F80A379E9E4832417EC634""}, {""attach_name"": ""附件2：中华人民共和国茂盛围出入境边防检查站2026年食堂食材配送服务采购项目修改建议书.doc"", ""attach_url"": ""https://download.ccgp.gov.cn/oss/download?uuid=B8B97ABF6A39F8459DEC4F9821D428""}]",https://www.ccgp.gov.cn/cggg/zygg/qtgg/./202609/t20260903_27261183.htm,2026-09-09 16:11:14,,99.0,,,,,,,,,,,,,
东莞市消防救援支队2026年职业健康体检服务项目（二次）废标公告,流标公告,ZKZB-2026-C159,2026年09月03日 16:59,东莞市,东莞市消防救援支队,东莞市东城街道莞长路立新路段23号,0769-23119069,广东中科招标有限公司,东莞市南城街道体育路南城段26号盈锋中心2栋708室（西区708室）,胡工，0769-22224212,,,https://www.ccgp.gov.cn/cggg/zygg/qtgg/./202609/t20260903_27261051.htm,2026-09-09 16:11:14,,,,递交投标文件的投标人不足3家，本项目采购失败,,,,,,,,,,,
中央民族大学2026年中秋国庆慰问品采购比选公告,流标公告,,2026年09月03日 16:55,北京市,中央民族大学,北京市海淀区中关村南大街27号,赵老师010-68932219,中盛隆国际招标（北京）有限公司,北京市海淀区阜成路58号新洲商务大厦302室,孙源滨、杨潇宇、李蕊、魏菲、马春娟、曹泽鹏、赵中阳、刘震、李红梅、李莉010-88956517-812,"报名表.docx,技术需求书.pdf","[{""attach_name"": ""报名表.docx"", ""attach_url"": ""https://download.ccgp.gov.cn/oss/download?uuid=ED3B94E2E89FE1361AC19C44E3F5AA""}, {""attach_name"": ""技术需求书.pdf"", ""attach_url"": ""https://download.ccgp.gov.cn/oss/download?uuid=5F307C2834EC8DCB6A61D8B4BF6DFB""}]",https://www.ccgp.gov.cn/cggg/zygg/qtgg/./202609/t20260903_27260974.htm,2026-09-09 16:11:14,,79.2,,,,,,,,,,,,,
屏蔽料转矩流变仪密炼系统配件便捷询价,流标公告,ZGGJ-BJ04-26081658/HDDL202635,2026年09月03日 16:52,北京市,zycgr22011902,/,杨老师 010-57305334,中工国际招标有限公司,北京市朝阳区慧忠路5号远大中心C座2层203,王宇婷、王欣、康进、张跃   010-82952950-814,,,https://www.ccgp.gov.cn/cggg/zygg/qtgg/./202609/t20260903_27260935.htm,2026-09-09 16:11:14,便捷询价,45.0,,,,,,,,,,,,,
屏蔽料转矩流变仪单螺杆挤出机零配件便捷询价,流标公告,ZGGJ-BJ04-26081657/HDDL202634,2026年09月03日 16:51,北京市,zycgr22011902,/,杨老师 010-57305334,中工国际招标有限公司,北京市朝阳区慧忠路5号远大中心C座2层203,王宇婷、王欣、康进、张跃   010-82952950-814,,,https://www.ccgp.gov.cn/cggg/zygg/qtgg/./202609/t20260903_27260901.htm,2026-09-09 16:11:14,便捷询价,25.0,,,,,,,,,,,,,
昆明航空救援支队昆明航空救援机动支队垂起复合翼无人机采购项目采购需求征询函,流标公告,,2026年09月03日 16:47,昆明市,昆明航空救援支队,云南省昆明市安宁市县街街道马厂村九架地,孔老师0871-66032051,中佶工程项目管理（云南）有限公司,云南省昆明市五华区红云街道龙泉路373号中天龙泉湾广场A2幢513#-517#,代兴瑞、许焱、杨志超、李毅宏17687145468、18087128792、0871-65707633,,,https://www.ccgp.gov.cn/cggg/zygg/qtgg/./202609/t20260903_27260775.htm,2026-09-09 16:11:14,,56.334,,,,,,,,,,,,,
中国科学院上海微系统与信息技术研究所高温快速退火炉（国际招标）公开招标公告,流标公告,,2026年09月03日 16:47,上海市,中国科学院上海微系统与信息技术研究所,上海长宁区长宁路865号,纪老师     86-21-62511070,上海中招招标有限公司,上海市静安区恒丰路600号机电大厦5楼A、B、C座办公室,陈永亮、唐  闽     86-21-66285392，18317094335,"中国科学院上海微系统与信息技术研究所高温快速退火炉 - 国际招标公告.pdf,购买标书登记表（国际标）.xlsx","[{""attach_name"": ""中国科学院上海微系统与信息技术研究所高温快速退火炉 - 国际招标公告.pdf"", ""attach_url"": ""https://download.ccgp.gov.cn/oss/download?uuid=8548D03D432053889824D90355B6B4""}, {""attach_name"": ""购买标书登记表（国际标）.xlsx"", ""attach_url"": ""https://download.ccgp.gov.cn/oss/download?uuid=74A829BD9446E99BC46DE69212A93F""}]",https://www.ccgp.gov.cn/cggg/zygg/qtgg/./202609/t20260903_27260779.htm,2026-09-09 16:11:15,,90.0,,,,,,,,,,,,,
贵州省消防救援总队训练和战勤保障支队2026年度培训生活物资及布草洗涤配送服务流标公示,流标公告,ZJZB2026-259,2026年09月03日 16:45,白云区,贵州省消防救援总队训练与战勤保障支队,贵阳市白云区沙文镇吊堡村贵州消防应急救援能力训练基地,肖红军18302573507,贵州智聚招标造价咨询有限公司,贵州省贵阳市云岩区延安西路66号汇金国际广场商务楼18楼,张志刚、龚理、郑辉0851-85985089,,,https://www.ccgp.gov.cn/cggg/zygg/qtgg/./202609/t20260903_27260704.htm,2026-09-09 16:11:15,,,,因采购过程中发现影响采购公正的合理疑点，经研究决定终止本次采购活动。本项目将重新组织采购。,,,,,,,,,,,
朝阳区消防救援支队应急药品项目废标公告,流标公告,ZYZB-2026-0829,2026年09月03日 16:42,北京市,朝阳区消防救援支队,北京市朝阳区百子湾路与西大望路交叉口东北角,010-85851341,中钰招标有限公司,北京市丰台区四合庄路2号院4号楼1至17层101内17层1701,崔鹏、朱艳梅、刘晶晶、李倩、金俐成、郭玉婷、丁峥敏、卢雪、张书玲010-60624505转810/816,,,https://www.ccgp.gov.cn/cggg/zygg/qtgg/./202609/t20260903_27260630.htm,2026-09-09 16:11:15,,,,截止到递交应答文件时间止，递交应答文件的参选人不足三家，本项目废标,,,,,,,,,,,
清华大学微纳系统设计集成与测试平台二期和三期设备机电安装工程（二次配）项目中标结果公告,流标公告,FZZCA02600052,2026年09月03日 16:40,北京市,清华大学,北京市海淀区清华园,卢克动010-62780051,中钰招标有限公司,北京市丰台区四合庄路2号院4号楼1至17层101内17层1701,李倩、陈思思60624505-812,,,https://www.ccgp.gov.cn/cggg/zygg/qtgg/./202609/t20260903_27260588.htm,2026-09-09 16:11:15,,,,/,,,,,,,,,,,
中国国际经济贸易仲裁委员会高斓大厦6层公开招租项目,流标公告,HSZT2026ZZ/038,2026年09月03日 16:35,北京市,中国国际经济贸易仲裁委员会,北京市西城区桦皮厂胡同2号国际商会大厦6层,李老师，010- 82217725,北京华盛中天咨询有限责任公司,北京市海淀区西直门北大街甲43号金运大厦B座1103室（西直门文慧桥西南角）,刘上、董子硕，010-62278948-602/601,,,https://www.ccgp.gov.cn/cggg/zygg/qtgg/./202609/t20260903_27260424.htm,2026-09-09 16:11:15,,0.0,,,,,,,,,,,,,
SPD-18湖南某单位检查设备采购项目其他,流标公告,SPD-18-M260901,2026年09月03日 16:26,湖南省,SPD-18,湖南省长沙市芙蓉区蓉园路58号,郑先生 0731-81892836,详见公告正文,详见公告正文,详见公告正文,"5.采购文件 检查设备.doc,保密承诺书.docx","[{""attach_name"": ""5.采购文件 检查设备.doc"", ""attach_url"": ""https://download.ccgp.gov.cn/oss/download?uuid=6132E6A25A2D32DBF04BCB7D191928""}, {""attach_name"": ""保密承诺书.docx"", ""attach_url"": ""https://download.ccgp.gov.cn/oss/download?uuid=D9E6A9A624E50E560B236765120DD3""}]",https://www.ccgp.gov.cn/cggg/zygg/qtgg/./202609/t20260903_27260255.htm,2026-09-09 16:11:15,,8.2,,,,,,,,,,,,,
固安县消防救援大队执勤执法车辆维修、保养服务项目流标公告,流标公告,ZDYCLF2026-073,2026年09月03日 16:19,固安县,廊坊市固安县消防救援大队,河北省廊坊市固安县新昌西街133号,叶娜   0316-5927172,中大宇辰项目管理有限公司,河北省石家庄市裕华区方北路58号剑桥春雨5号楼（开元大楼）2201、2202、2207、2208,孙鹏飞0316-2136888,,,https://www.ccgp.gov.cn/cggg/zygg/qtgg/./202609/t20260903_27260118.htm,2026-09-09 16:11:15,,,,符合专业条件的供应商或者对招标文件作实质响应的供应商不足三家。,,,,,,,,,,,
昆明航空救援支队液压泵翻修等单一来源采购项目单一来源采购邀请书,流标公告,ZZBFD2026-08139,2026年09月03日 16:18,昆明市,昆明航空救援支队,云南省昆明市安宁市县街街道马厂村九架地,孔老师 0871-66032051,中佶工程项目管理（云南）有限公司,云南省昆明市五华区红云街道龙泉路373号中天龙泉湾广场A2幢513#-517#,代兴瑞 0871-65707633,,,https://www.ccgp.gov.cn/cggg/zygg/qtgg/./202609/t20260903_27260123.htm,2026-09-09 16:11:15,单一来源,28.74,,,,,,,,,,,,,
昆明航空救援支队通气浮子阀翻修等单一来源采购项目单一来源采购邀请书,流标公告,ZZBFD2026-08138,2026年09月03日 16:18,昆明市,昆明航空救援支队,云南省昆明市安宁市县街街道马厂村九架地,孔老师 0871-66032051,中佶工程项目管理（云南）有限公司,云南省昆明市五华区红云街道龙泉路373号中天龙泉湾广场A2幢513#-517#,代兴瑞 0871-65707633,,,https://www.ccgp.gov.cn/cggg/zygg/qtgg/./202609/t20260903_27260114.htm,2026-09-09 16:11:15,单一来源,24.98,,,,,,,,,,,,,
青岛经济技术开发区消防救援大队2026年度副食品采购项目技术参数征求意见公告,流标公告,,2026年09月03日 16:14,青岛市,青岛经济技术开发区消防救援大队,青岛市黄岛区衡山路8号,张队长  0532-81851317,山东国华招标有限公司,济南市市中区泉景雅园商务大厦907室,龚经理  18563706971,"附件1：青岛经开大队2026年度副食品采购项目技术要求.pdf,附件2：青岛经开大队2026年度副食品采购项目-技术参数修改意见书参考格式.docx","[{""attach_name"": ""附件1：青岛经开大队2026年度副食品采购项目技术要求.pdf"", ""attach_url"": ""https://download.ccgp.gov.cn/oss/download?uuid=F9AEE46F9B6DC03C13F91FB3864AEE""}, {""attach_name"": ""附件2：青岛经开大队2026年度副食品采购项目-技术参数修改意见书参考格式.docx"", ""attach_url"": ""https://download.ccgp.gov.cn/oss/download?uuid=98F58F20EAAA5D919A201F4217F00B""}]",https://www.ccgp.gov.cn/cggg/zygg/qtgg/./202609/t20260903_27260051.htm,2026-09-09 16:11:15,,0.0,,,,,,,,,,,,,
喀什地区消防救援支队2026年战备物资采购项目废标公告,流标公告,XJJR-2026-011,2026年09月03日 16:09,喀什地区,喀什地区消防救援支队,喀什地区疏附县滨河路38号,王助理、18508842119,新疆金瑞工程项目管理咨询有限公司,喀什市深喀大道创投大厦19层1902,李先生、13937959243,,,https://www.ccgp.gov.cn/cggg/zygg/qtgg/./202609/t20260903_27259905.htm,2026-09-09 16:11:15,,,,有效供应商不足三家,,,,,,,,,,,
呼和浩特市消防救援支队2026年度个人防护装备及灭火器材装备采购项目技术需求征求意见公告,流标公告,,2026年09月03日 16:01,呼和浩特市,呼和浩特市消防救援支队,呼和浩特市新城区科尔沁快速路21号,王先生 18104865587,详见公告正文,详见公告正文,详见公告正文,"呼和浩特市消防救援支队2026年度个人防护装备及灭火器材装备采购项目技术参数.xlsx,呼和浩特市消防救援支队2026年度个人防护装备及灭火器材装备采购项目技术参数公开征求意见反馈表.wps","[{""attach_name"": ""呼和浩特市消防救援支队2026年度个人防护装备及灭火器材装备采购项目技术参数.xlsx"", ""attach_url"": ""https://download.ccgp.gov.cn/oss/download?uuid=FB2A4BE7F56B92600865BAB6026682""}, {""attach_name"": ""呼和浩特市消防救援支队2026年度个人防护装备及灭火器材装备采购项目技术参数公开征求意见反馈表.wps"", ""attach_url"": ""https://download.ccgp.gov.cn/oss/download?uuid=A5B937910670E727C0C7054A2DBC50""}]",https://www.ccgp.gov.cn/cggg/zygg/qtgg/./202609/t20260903_27260349.htm,2026-09-09 16:11:15,,0.0,,,,,,,,,,,,,
中国民用航空西南地区空中交通管理局元谋等十二部航管雷达建设工程设计服务项目招标公告,流标公告,,2026年09月03日 16:01,四川省,中国民用航空西南地区空中交通管理局,成都双流国际机场民航西南空管局第一办公区,段先生；028-85703287,中航材国际招标有限公司,北京市顺义区天祥路6号院北京东航中心2号楼8层,鲁权；028-65317970,,,https://www.ccgp.gov.cn/cggg/zygg/qtgg/./202609/t20260903_27259770.htm,2026-09-09 16:11:15,,910.0,,,,,,,,,,,,,
2026年暨南大学华文学院海外及粤港澳大湾区教育实践基地建设实践活动服务采购项目（0877-26GZTP4XE0645）询比公告,流标公告,,2026年09月03日 15:57,广东省,暨南大学,广州市黄埔大道西601号,涂老师 020-85220066,广东广招国际招标有限公司,广州市东风东路745号东山紫园商务大厦2003单元,020-38931902,,,https://www.ccgp.gov.cn/cggg/zygg/qtgg/./202609/t20260903_27259679.htm,2026-09-09 16:11:16,,23.0074,,,,,,,,,,,,,
中国科学院声学研究所L2-3层网络测试仪采购项目废标公告,流标公告,OITC-G260670547,2026年09月03日 15:57,北京市,中国科学院声学研究所,北京市海淀区北四环西路21号,010-82547879,东方国际招标有限责任公司,北京市海淀区丹棱街1号互联网金融中心20层,窦志超、李安齐、许宁010-68290507、0584,,,https://www.ccgp.gov.cn/cggg/zygg/qtgg/./202609/t20260903_27259680.htm,2026-09-09 16:11:16,,,,本项目实质性满足招标文件的投标商不足3家，予以废标。,,,,,,,,,,,
北京市消防救援总队消防技术服务机构监督管理系统运维比选公告,流标公告,JXGJ2026090101,2026年09月03日 15:56,西城区,北京市消防救援总队,北京市西城区西直门南小街1号,张老师，01082215233,京兴国际工程管理有限公司,北京市海淀区中元国际工程大厦南门旁京兴国际工程管理有限公司,尹洪伟、苏雅、张斌、姜万亮、赵鹏、马峥、潘正源、李敏，010-68203897,,,https://www.ccgp.gov.cn/cggg/zygg/qtgg/./202609/t20260903_27259682.htm,2026-09-09 16:11:16,比选,15.96,,,,,,,,,,,,,
金华市永康市消防救援大队2026年度伙食配送服务采购项目征求意见公告,流标公告,,2026年09月03日 15:55,金华市,永康市消防救援大队,金华市永康市飞凤路46号,梁飞0579-86462133,金华市众信工程管理有限公司,金华市婺城区新狮街道丹光东路408号润和楼B座5楼,龚旭君13052598703,征求意见稿-金华市永康市消防救援大队2026年度伙食配送服务采购项目.docx,"[{""attach_name"": ""征求意见稿-金华市永康市消防救援大队2026年度伙食配送服务采购项目.docx"", ""attach_url"": ""https://download.ccgp.gov.cn/oss/download?uuid=E1EDF9A7BDB3996764D86B1B1EDB0C""}]",https://www.ccgp.gov.cn/cggg/zygg/qtgg/./202609/t20260903_27259646.htm,2026-09-09 16:11:16,,379.1656,,,,,,,,,,,,,
浦东新区消防救援支队2026年空呼充气设备年度维保比选公告,流标公告,,2026年09月03日 15:53,上海市,浦东新区消防救援支队,上海市浦东新区杜鹃路260号,王老师  021-20272287,上海申诣建设咨询有限公司,上海市静安区长安路1001号长安大厦1号楼（办公楼）20层,吴艳、韩贞   15021517797、18818252438,,,https://www.ccgp.gov.cn/cggg/zygg/qtgg/./202609/t20260903_27259614.htm,2026-09-09 16:11:16,,38.0,,,,,,,,,,,,,
浦东新区消防救援支队2026年购买饮水净化服务比选公告,流标公告,,2026年09月03日 15:52,上海市,浦东新区消防救援支队,上海市浦东新区杜鹃路260号,王老师  021-20272287,上海申诣建设咨询有限公司,上海市静安区长安路1001号长安大厦1号楼（办公楼）20层,吴艳、韩贞   15021517797、18818252438,,,https://www.ccgp.gov.cn/cggg/zygg/qtgg/./202609/t20260903_27259612.htm,2026-09-09 16:11:16,,35.0,,,,,,,,,,,,,
关于湖州市长兴县消防救援大队2026年广告宣传服务项目的招标文件意见征询,流标公告,,2026年09月03日 15:50,湖州市,湖州市消防救援支队,湖州市仁皇山街道3588号,吕先生、0572-2399373,浙江中诺招标代理有限公司,杭州市西湖区教工路269号保翌大厦14楼,董媛媛、0571-88821402-8023,湖州市长兴县消防救援大队2026年广告宣传服务项目-意见征询稿.pdf,"[{""attach_name"": ""湖州市长兴县消防救援大队2026年广告宣传服务项目-意见征询稿.pdf"", ""attach_url"": ""https://download.ccgp.gov.cn/oss/download?uuid=F7A4991D0FFFD4C2BCD341ECAA60E6""}]",https://www.ccgp.gov.cn/cggg/zygg/qtgg/./202609/t20260903_27259547.htm,2026-09-09 16:11:16,,50.0,,,,,,,,,,,,,
中国极地研究中心（中国极地研究所）2026年航空煤油配送服务流标公告,流标公告,0613-267133064584,2026年09月03日 15:49,上海市,中国极地研究中心（中国极地研究所）,上海市浦东新区雪龙路1000号,丁吉斌 021-58710116,上海机电设备招标有限公司,上海市普陀区长寿路285号恒达大厦16楼,张子豪、孙瑞强，021-32557735、32557738，电子邮箱：zzh@shbid.com,,,https://www.ccgp.gov.cn/cggg/zygg/qtgg/./202609/t20260903_27259515.htm,2026-09-09 16:11:16,,,,到投标截止时间，提交投标文件的单位不足3家，故本项目流标。,,,,,,,,,,,
广州市黄埔区消防救援大队2026年消防车辆装备采购项目采购需求参数征求意见公告,流标公告,,2026年09月03日 15:48,黄埔区,广州市黄埔区消防救援大队,广州市黄埔区新阳西路20号,韩生16620497991,详见公告正文,详见公告正文,详见公告正文,"2、广州市黄埔区消防救援大队2026年消防装备技术参数征求意见表.xls,1、广州市黄埔区消防救援大队2026年消防装备采购计划汇总表.xlsx","[{""attach_name"": ""2、广州市黄埔区消防救援大队2026年消防装备技术参数征求意见表.xls"", ""attach_url"": ""https://download.ccgp.gov.cn/oss/download?uuid=063A3F82BCB0B8D0F349EE16A6F033""}, {""attach_name"": ""1、广州市黄埔区消防救援大队2026年消防装备采购计划汇总表.xlsx"", ""attach_url"": ""https://download.ccgp.gov.cn/oss/download?uuid=9284EB7FC0240F250B6055ECB60E9E""}]",https://www.ccgp.gov.cn/cggg/zygg/qtgg/./202609/t20260903_27259505.htm,2026-09-09 16:11:16,,0.0,,,,,,,,,,,,,
北京林业大学实验林场防火专项运维工程校内磋商公告,流标公告,北林招,2026年09月03日 15:41,北京市,北京林业大学,北京市海淀区清华东路35号,李老师、徐老师010-62337461,北京国际招标有限公司,北京市东城区朝阳门北小街71号,闻爽、张金泽、朱晨光、崔文峰、崔振龙、周鹏 010-64001063,,,https://www.ccgp.gov.cn/cggg/zygg/qtgg/./202609/t20260903_27259378.htm,2026-09-09 16:11:16,校内磋商,41.933984,,,,,,,,,,,,,
新能源电池电芯外观缺陷与全场变形检测方法及传感器设计制作开发废标公告,流标公告,GXTC-C-26500112,2026年09月03日 15:35,北京市,中国质量检验检测科学研究院,北京市亦庄经济技术开发区荣华南路11号,段老师 010-53897203,国信招标集团股份有限公司,北京市海淀区四季青常青路和泓四季6号楼国信招标,18302260731、17631253713、010-87235281,,,https://www.ccgp.gov.cn/cggg/zygg/qtgg/./202609/t20260903_27259229.htm,2026-09-09 16:11:16,,,,经评审，对招标文件做出实质性响应的投标人不足三家。,,,,,,,,,,,
中华人民共和国西藏出入境边防检查总站拉萨出入境边防检查站警史馆升级改造采购项目（二次）竞争性磋商公告,流标公告,XZRFZB-LSCG-2026042,2026年09月03日 15:34,贡嘎县,中华人民共和国拉萨出入境边防检查站,拉萨贡嘎国际机场,0891-6582000（仅限工作时间拨打）,西藏瑞丰工程项目管理有限公司,拉萨市堆龙德庆区日月湖水景花园4区4排6号,何先生 18391065334,中华人民共和国西藏出入境边防检查总站拉萨出入境边防检查站警史馆升级改造采购项目（二次）获取竞争性磋商文件登记表.doc,"[{""attach_name"": ""中华人民共和国西藏出入境边防检查总站拉萨出入境边防检查站警史馆升级改造采购项目（二次）获取竞争性磋商文件登记表.doc"", ""attach_url"": ""https://download.ccgp.gov.cn/oss/download?uuid=1A5575A52DE25EFF6FB5EB38939C62""}]",https://www.ccgp.gov.cn/cggg/zygg/qtgg/./202609/t20260903_27259218.htm,2026-09-09 16:11:17,竞争性磋商,68.632867,,,,,,,,,,,,,
天津大学化工学院激光直写系统采购项目快速磋商公告,流标公告,TDZC2026N0144,2026年09月03日 15:31,天津市,天津大学,天津市南开区卫津路92号,巩老师、蔡老师022-27407504（招标办）,盛和招标代理有限公司,天津市南开区白堤路180号万科时代中心26楼2601,许铖铖、苏云龙、侯美玲、梁冰、苗增文、李亚昭、窦玉玲18561713928、15132685035,,,https://www.ccgp.gov.cn/cggg/zygg/qtgg/./202609/t20260903_27259161.htm,2026-09-09 16:11:17,,99.0,,,,,,,,,,,,,
桐梓大队2026年度灭火救援装备采购项目需求公示,流标公告,,2026年09月03日 15:30,桐梓县,桐梓县消防救援大队,遵义市桐梓县娄山关街道燎原路62号,张雨佳 18385243627,贵州阳光产权交易所有限公司,贵阳市观山湖区毕节路58号联合广场A座4层,王晨诗雨 0851-84702383,"附件2：桐梓大队2026年度灭火救援装备采购项目反馈格式.doc,附件1：桐梓大队2026年度灭火救援装备采购项目技术参数.pdf","[{""attach_name"": ""附件2：桐梓大队2026年度灭火救援装备采购项目反馈格式.doc"", ""attach_url"": ""https://download.ccgp.gov.cn/oss/download?uuid=7CC3F47A0214E1A0D357A6D06FF588""}, {""attach_name"": ""附件1：桐梓大队2026年度灭火救援装备采购项目技术参数.pdf"", ""attach_url"": ""https://download.ccgp.gov.cn/oss/download?uuid=331F379DFFCEC70C973E5013AD6AB2""}]",https://www.ccgp.gov.cn/cggg/zygg/qtgg/./202609/t20260903_27259149.htm,2026-09-09 16:11:17,,29.82,,,,,,,,,,,,,
天津大学化工学院光电器件响应测量与分析仪采购项目快速磋商公告,流标公告,TDZC2026N0145,2026年09月03日 15:30,天津市,天津大学,天津市南开区卫津路92号,巩老师、蔡老师022-27407504（招标办）,盛和招标代理有限公司,天津市南开区白堤路180号万科时代中心26楼2601,许铖铖、苏云龙、侯美玲、梁冰、苗增文、李亚昭、窦玉玲 18561713928、15132685035,,,https://www.ccgp.gov.cn/cggg/zygg/qtgg/./202609/t20260903_27259154.htm,2026-09-09 16:11:17,,98.0,,,,,,,,,,,,,
中华人民共和国舟山海事局浙江海事局船员评估中心用房功能优化项目废标公告,流标公告,ZJXCX-FJSG-2026-029,2026年09月03日 15:26,市辖区,中华人民共和国舟山海事局,舟山市定海区临城街道翁山路555号A座,杨老师 13957227456,浙江新诚信工程咨询有限公司,舟山市定海区临城街道港航路123号中浪国际大厦B座10楼,黄宇0580-2189255,,,https://www.ccgp.gov.cn/cggg/zygg/qtgg/./202609/t20260903_27259058.htm,2026-09-09 16:11:17,,,,本项目于2026年9月3日组织评审。经评标委员会资格审查，两家投标人因资格证明材料不符合招标文件要求，作投标无效处理，有效投标人不足三家，缺乏竞争性，根据《政府采购法》第三十六条规定，予以废标。,,,,,,,,,,,
中央司法警官学院学生二食堂委托经营项目废标公告,流标公告,0677-F26081805-452,2026年09月03日 15:24,市辖区,中央司法警官学院,河北省保定市莲池区七一中路103号,李晓   0312-5911245,山东正信招标有限责任公司,聊城市开发区东昌路159号,王江 15732275801,,,https://www.ccgp.gov.cn/cggg/zygg/qtgg/./202609/t20260903_27259027.htm,2026-09-09 16:11:17,,,,投标文件递交截止时间前递交投标文件的供应商不足三家，参照《中华人民共和国政府采购法》第三十六条“符合专业条件的供应商或者对招标文件作实质响应的供应商不足三家的应予废标”之规定，本项目作废标处理。,,,,,,,,,,,
中国人民银行海南省分行-钞票处理业务劳务外包采购项目-合同公告,流标公告,HNZY2026-091,2026年09月03日 15:23,海南省,中国人民银行海南省分行,海南省海口市龙华区滨海大道83号琼泰大厦,0898-68562829,海南政源招标代理有限公司,海南省海口市美兰区国瑞大厦C座东塔1204室,罗玲、0898-65343462,钞票处理业务劳务外包服务合同.pdf,"[{""attach_name"": ""钞票处理业务劳务外包服务合同.pdf"", ""attach_url"": ""https://download.ccgp.gov.cn/oss/download?uuid=8039DBFA19DB30DCF96500D201D505""}]",https://www.ccgp.gov.cn/cggg/zygg/qtgg/./202609/t20260903_27258997.htm,2026-09-09 16:11:17,竞争性磋商,,,/,,,,,,,,,,,
恩施土家族苗族自治州消防救援局2026年度装备采购项目的需求公示,流标公告,,2026年09月03日 15:17,恩施州本级,恩施土家族苗族自治州消防救援支队,恩施市枫韵路1号,朱女士，18571248295,详见公告正文,详见公告正文,详见公告正文,恩施州消防救援据2026年装备采购项目需求公示.zip,"[{""attach_name"": ""恩施州消防救援据2026年装备采购项目需求公示.zip"", ""attach_url"": ""https://download.ccgp.gov.cn/oss/download?uuid=C4778326676E3CC9B8E6ACB0F0E017""}]",https://www.ccgp.gov.cn/cggg/zygg/qtgg/./202609/t20260903_27259474.htm,2026-09-09 16:11:17,,0.0,,,,,,,,,,,,,
四川大学学生食堂2026-2027现调豆浆、饮料原材料采购项目公开招标废标公告,流标公告,SCWZDL-202607-SCDXDJ01,2026年09月03日 15:15,四川省,四川大学,成都市一环路南一段24号,彭老师；028-85993018,四川五洲招标代理有限公司,成都市武侯区星狮路511号大合仓C区415,李章田、刘娉婷；028-85446608、85445511、85045522-8822、8823,无效响应原因.png,"[{""attach_name"": ""无效响应原因.png"", ""attach_url"": ""https://download.ccgp.gov.cn/oss/download?uuid=5479B5D73B66E9EA3129D9B71704E6""}]",https://www.ccgp.gov.cn/cggg/zygg/qtgg/./202609/t20260903_27258894.htm,2026-09-09 16:11:17,,,,有效投标人不足三家，废标。,,,,,,,,,,,
东北林业大学学科优化调整配套实验室基础设施建设项目（三期）-实验室视频监控(网络摄像机)等采购项目其他,流标公告,2026-30057,2026年09月03日 15:13,黑龙江省,东北林业大学,哈尔滨市香坊区和兴路26号,李老师0451-82190693,宜国发项目管理有限公司,黑龙江省哈尔滨市南岗区闽江路75号华鸿国际中心3号楼25层2501室,王莹   李亮    0451-51963073,,,https://www.ccgp.gov.cn/cggg/zygg/qtgg/./202609/t20260903_27258856.htm,2026-09-09 16:11:17,,,,经评审，本项目实质性响应招标文件家数不足三家，按废标处理。,,,,,,,,,,,
中国科学院赣江创新研究院自动化熔盐单晶炉采购项目（重新招标）废标公告,流标公告,TC26070GM,2026年09月03日 15:09,赣州市,中国科学院赣江创新研究院,江西省赣州市科学院路1号,联系人：罗老师 电话：0797-4565919,中招国际招标有限公司,北京市海淀区学院南路62号中关村资本大厦911B室,罗子琦、徐子玲、王高云、郭文星、徐润斌 010-61954095、61954155  luoziqi@cntcitc.com.cn,,,https://www.ccgp.gov.cn/cggg/zygg/qtgg/./202609/t20260903_27258766.htm,2026-09-09 16:11:17,,,,本项目有效投标人不足三家，依据招标文件第一章 投标人须知 第24条（1）“符合专业条件的供应商或者对招标文件做实质性响应的供应商不足三家；”，本项目废标。,,,,,,,,,,,
辽宁省丹东市消防救援支队2026年装备采购项目采购需求面向社会公开征求意见公告,流标公告,,2026年09月03日 15:08,丹东市,丹东市消防救援支队,丹东市振安区临江后街 11 号,邹先生18641522271,详见公告正文,详见公告正文,详见公告正文,"附件2：采购需求修改建议书.docx,附件1：采购需求.pdf","[{""attach_name"": ""附件2：采购需求修改建议书.docx"", ""attach_url"": ""https://download.ccgp.gov.cn/oss/download?uuid=916436BD4DA1DBEC65D05150DB2058""}, {""attach_name"": ""附件1：采购需求.pdf"", ""attach_url"": ""https://download.ccgp.gov.cn/oss/download?uuid=6C5F081029402C1A839381C0D9C796""}]",https://www.ccgp.gov.cn/cggg/zygg/qtgg/./202609/t20260903_27258762.htm,2026-09-09 16:11:18,,0.0,,,,,,,,,,,,,
天津大学化工学院半导体参数测试仪采购项目快速磋商公告,流标公告,TDZC2026N0098,2026年09月03日 15:06,天津市,天津大学,天津市南开区卫津路92号,巩老师、蔡老师022-27407504（招标办）,北京泛华国金工程咨询有限公司,天津市西青区新科道与新津二支路交口新科园12号楼二楼,周烨、陈树锦、李曼、张强022-23710307,,,https://www.ccgp.gov.cn/cggg/zygg/qtgg/./202609/t20260903_27258736.htm,2026-09-09 16:11:18,,46.956,,,,,,,,,,,,,
中央广播电视总台2023年工信部5G+8K项目—光华路办公区新建总控系统（八）（国产设备部分）无压缩信号监看显示设备等第07包流标公告,流标公告,0722-26FE3263ZB3,2026年09月03日 15:06,北京市,中央广播电视总台,北京市海淀区复兴路11号,龙老师 68508752,中国远东国际招标有限公司,北京市朝阳区和平街东土城路甲9号远东大厦,刁振楠、梅豫家、樊卓 010-64291720转8105； 010-64291720转618,,,https://www.ccgp.gov.cn/cggg/zygg/qtgg/./202609/t20260903_27258743.htm,2026-09-09 16:11:18,,,,本包递交投标文件投标人不足3家，本包流标。,,,,,,,,,,,
天津大学化工学院太阳能电池量子效率测量系统采购项目快速磋商公告,流标公告,TDZC2026N0099,2026年09月03日 15:06,天津市,天津大学,天津市南开区卫津路92号,巩老师、蔡老师022-27407504（招标办）,北京泛华国金工程咨询有限公司,天津市西青区新科道与新津二支路交口新科园12号楼二楼,周烨、陈树锦、李曼、张强022-23710307,,,https://www.ccgp.gov.cn/cggg/zygg/qtgg/./202609/t20260903_27258734.htm,2026-09-09 16:11:18,,48.7,,,,,,,,,,,,,
天津大学海洋科学与技术学院薄层储油层预测与剩余油评估技术研究系统采购项目快速磋商公告,流标公告,TDZC2026N0102,2026年09月03日 15:06,天津市,天津大学,天津市南开区卫津路92号,巩老师、蔡老师022-27407504（招标办）,中招国际招标有限公司,中招国际招标有限公司（天津市河西区泰山路6号北门（光电生活区北门）17#楼二层A座）,王擎、陈琛、董辉、马静、傅秋玲、张虓宇、赵玉亭 022-28224220,,,https://www.ccgp.gov.cn/cggg/zygg/qtgg/./202609/t20260903_27258738.htm,2026-09-09 16:11:18,,40.0,,,,,,,,,,,,,
华东师范大学跨校区沉浸式会议系统废标公告,流标公告,H2026097,2026年09月03日 15:03,上海市,华东师范大学,上海市中山北路3663号,葛老师021-62232260,江苏省华采招标有限公司,上海市普陀区云岭东路235号上海跨采中心3号楼5层,倪莲蕾021-52181959,,,https://www.ccgp.gov.cn/cggg/zygg/qtgg/./202609/t20260903_27258703.htm,2026-09-09 16:11:18,,,,经评审，本项目通过符合性审查的有效投标人数量不足3家，故本项目作废标处理。,,,,,,,,,,,
北京外交人员服务局（外交服务集团有限公司房屋服务分公司营销租赁部）2026年对外配套家用电器项目（三次）废标公告,流标公告,0610-2641NH030362,2026年09月03日 15:03,北京市,北京外交人员服务局,北京市东城区朝阳门内大街 223 号,王老师  010-65258956,北京国际招标有限公司,北京市东城区朝阳门北小街71号,冯雪  刘丽  高岩  吴迪  郭旭  010-84049216,,,https://www.ccgp.gov.cn/cggg/zygg/qtgg/./202609/t20260903_27258697.htm,2026-09-09 16:11:18,,,,经评审，对招标文件作实质响应的投标人不足三家，本项目废标。,,,,,,,,,,,
SPD-05河北某单位泳池锅炉恒温控制系统零星采购项目其他,流标公告,,2026年09月03日 15:01,石家庄市,SPD-05,河北省石家庄市新华区,苏19003118133,详见公告正文,详见公告正文,详见公告正文,河北某单位泳池锅炉恒温控制系统零星采购项目询价文件.docx,"[{""attach_name"": ""河北某单位泳池锅炉恒温控制系统零星采购项目询价文件.docx"", ""attach_url"": ""https://download.ccgp.gov.cn/oss/download?uuid=1FEC17483FB2130F827D918C1BEA22""}]",https://www.ccgp.gov.cn/cggg/zygg/qtgg/./202609/t20260903_27258679.htm,2026-09-09 16:11:18,,4.8,,,,,,,,,,,,,
云南省消防救援总队训练和战勤保障支队滇池培训基地标间客房物品采购项目废标公告,流标公告,YNSXFJYZDXLYZQBZZDDCPXJDBJKFWPCGXM,2026年09月03日 14:56,云南省,云南省消防救援总队训练与战勤保障支队,云南省昆明市官渡区阿拉街道办事处小石坝石坝路,李老师 0871-63559957,国鼎和诚项目管理集团有限公司,云南省昆明市盘龙区同德广场（A6地块）办公楼17层1701号,冉启霞、蒋安妮,云南省消防救援总队训练和战勤保障支队滇池培训基地标间客房物品采购项目废标公告.docx,"[{""attach_name"": ""云南省消防救援总队训练和战勤保障支队滇池培训基地标间客房物品采购项目废标公告.docx"", ""attach_url"": ""https://download.ccgp.gov.cn/oss/download?uuid=D4F113FDF5E880D1056C3B1FAA4D6C""}]",https://www.ccgp.gov.cn/cggg/zygg/qtgg/./202609/t20260903_27258631.htm,2026-09-09 16:11:18,,,,至提交响应文件截止时间2026年09月03日09时30分前，递交响应文件供应商不足三家，不满足法定开标条件，按照《中华人民共和国政府采购法》第三十六条规定，本项目予以废标处理。,,,,,,,,,,,
中国科学院上海高等研究院内冷平面镜（国际招标）公开招标公告,流标公告,,2026年09月03日 14:54,上海市,中国科学院上海高等研究院,上海市浦东新区海科路99号,刘 航 86-21-20325073,上海中招招标有限公司,上海市静安区恒丰路600号机电大厦5楼A座、B座和C座,陈永亮、吴信屿 86-21-66285392，18361672958,"中国科学院上海高等研究院内冷平面镜 - 国际招标公告.pdf,购买标书登记表（国际标）.xlsx","[{""attach_name"": ""中国科学院上海高等研究院内冷平面镜 - 国际招标公告.pdf"", ""attach_url"": ""https://download.ccgp.gov.cn/oss/download?uuid=EA853FE2F5239C604C3D9CC237A537""}, {""attach_name"": ""购买标书登记表（国际标）.xlsx"", ""attach_url"": ""https://download.ccgp.gov.cn/oss/download?uuid=8B4D1D9AADC7D7732B3E6C89F191C3""}]",https://www.ccgp.gov.cn/cggg/zygg/qtgg/./202609/t20260903_27258571.htm,2026-09-09 16:11:18,,256.4,,,,,,,,,,,,,
北京市西城区消防救援支队2026年度小型消防站晾衣场项目比选公告,流标公告,,2026年09月03日 14:53,西城区,西城区消防救援支队,北京市西城区德胜门东大街119号,刘队长，01084022119，转215,北京汉腾工程顾问有限公司,北京市石景山区古城南里东街33号院1号楼5层501-01,王桥平，18511713021,,,https://www.ccgp.gov.cn/cggg/zygg/qtgg/./202609/t20260903_27258570.htm,2026-09-09 16:11:18,,29.278681,,,,,,,,,,,,,
北京市西城区消防救援支队2026年四大队（原三大队）新建南滨河路小型站安装多联机空调项目比选公告,流标公告,,2026年09月03日 14:52,西城区,西城区消防救援支队,北京市西城区德胜门东大街119号,刘队长，01084022119，转215,北京汉腾工程顾问有限公司,北京市石景山区古城南里东街33号院1号楼5层501-01,王桥平，18511713021,,,https://www.ccgp.gov.cn/cggg/zygg/qtgg/./202609/t20260903_27258580.htm,2026-09-09 16:11:18,,28.19488,,,,,,,,,,,,,
甘肃消防救援机动总队2026年度应急物资储备项目需求调查公告,流标公告,,2026年09月03日 14:46,兰州市,甘肃消防救援机动总队,甘肃省兰州市安宁区北滨河西路999号,卢助理0931-6952196  gsxfjydzd@126.com,详见公告正文,详见公告正文,详见公告正文,甘肃消防救援机动总队应急储备物资项目采购需求调查公告.docx,"[{""attach_name"": ""甘肃消防救援机动总队应急储备物资项目采购需求调查公告.docx"", ""attach_url"": ""https://download.ccgp.gov.cn/oss/download?uuid=AB25CFE7808ECE0EB668F34CE5460D""}]",https://www.ccgp.gov.cn/cggg/zygg/qtgg/./202609/t20260903_27258507.htm,2026-09-09 16:11:18,,0.0,,,,,,,,,,,,,
SPD-27吉林省某单位量子密信采购项目其他,流标公告,,2026年09月03日 14:45,朝阳区,SPD-27,吉林省长春市朝阳区南湖大路3798号,穆先生  13180607722,详见公告正文,详见公告正文,详见公告正文,吉林省某单位量子密信采购项目.doc,"[{""attach_name"": ""吉林省某单位量子密信采购项目.doc"", ""attach_url"": ""https://download.ccgp.gov.cn/oss/download?uuid=4843196B76238A4C0BEFAAB8A48F70""}]",https://www.ccgp.gov.cn/cggg/zygg/qtgg/./202609/t20260903_27258485.htm,2026-09-09 16:11:18,,5.184,,,,,,,,,,,,,
南京大学连续流多釜串联系统项目废标公告,流标公告,GZH2602378,2026年09月03日 14:38,南京市,南京大学,南京市栖霞区仙林大道163号,周老师 025-89688969,江苏省华采招标有限公司,南京市建邺区嘉陵江东街8号综合体B3栋一单元16层,张婷 025-83603378,,,https://www.ccgp.gov.cn/cggg/zygg/qtgg/./202609/t20260903_27258430.htm,2026-09-09 16:11:19,,,,通过符合性审查的投标人不足三家，本项目废标。,,,,,,,,,,,
民航博物馆园区照明系统更换改造项目废标公告,流标公告,0748-2611CA1020CQ,2026年09月03日 14:34,北京市,民航博物馆,北京市朝阳区首都机场辅路民航200号,010-84323681,中航材国际招标有限公司,北京市顺义区天祥路6号院北京东航中心2号楼8层,梁雨荷 010-84384807 liangyuhe@casc.com.cn,,,https://www.ccgp.gov.cn/cggg/zygg/qtgg/./202609/t20260903_27258389.htm,2026-09-09 16:11:19,,,,本项目有效供应商不足3家，无成交候选人。,,,,,,,,,,,
SPD-27吉林省某单位训练基地沙坑训练场建设采购项目其他,流标公告,,2026年09月03日 14:25,朝阳区,SPD-27,吉林省长春市朝阳区南湖大路3798号,杨先生    19990511891,详见公告正文,详见公告正文,详见公告正文,训练基地沙坑项目采购文件、工程量清单及图纸.zip,"[{""attach_name"": ""训练基地沙坑项目采购文件、工程量清单及图纸.zip"", ""attach_url"": ""https://download.ccgp.gov.cn/oss/download?uuid=FBAD9C66A64AD0802313237FDFD768""}]",https://www.ccgp.gov.cn/cggg/zygg/qtgg/./202609/t20260903_27258324.htm,2026-09-09 16:11:19,,4.91765,,,,,,,,,,,,,
北京师范大学辅仁大学本部旧址-园林建筑修缮工程监理单一来源采购公示,流标公告,,2026年09月03日 14:25,北京市,北京师范大学,北京市海淀区新街口外大街19号,陈老师  zfcg@bnu.edu.cn,中工国际招标有限公司,北京市朝阳区慧忠路5号远大中心C座2层,张存 李涛 张威 010-82952950-823、828,"采购文件论证意见8.31.pdf,未受到质疑的情况说明.pdf","[{""attach_name"": ""采购文件论证意见8.31.pdf"", ""attach_url"": ""https://download.ccgp.gov.cn/oss/download?uuid=652EB909C7804D327AFFCABDE7FA9F""}, {""attach_name"": ""未受到质疑的情况说明.pdf"", ""attach_url"": ""https://download.ccgp.gov.cn/oss/download?uuid=FE7A6224E700FBB727B082EFCD8630""}]",https://www.ccgp.gov.cn/cggg/zygg/qtgg/./202609/t20260903_27258320.htm,2026-09-09 16:11:19,,79.221729,,,,,,,,,,,,,
哈尔滨市消防救援支队水上、临空等大队开办物资补充购置项目（二次）废标公告,流标公告,ZR2026-048,2026年09月03日 13:56,香坊区,哈尔滨市消防救援支队,哈尔滨市消防救援支队,马女士0451-51190817,中仁项目管理(黑龙江)有限公司,黑龙江省哈尔滨市香坊区哈平路8号凯旋广场A栋,高先生18004607615,,,https://www.ccgp.gov.cn/cggg/zygg/qtgg/./202609/t20260903_27258160.htm,2026-09-09 16:11:19,,,,经评审有效投标人不足三家，本项目作废标处理，本项目流标。,,,,,,,,,,,
中国科学院脑科学与智能技术卓越创新中心全自动膜片钳系统（国际招标）公开招标公告,流标公告,,2026年09月03日 13:16,上海市,中国科学院脑科学与智能技术卓越创新中心,上海市岳阳路320号,潘萍萍，021-54921765,上海中招招标有限公司,上海市静安区恒丰路600号5楼C座,姚庆忠、唐毅杰，021-66272029/66279072,报名表格（国际标）.docx,"[{""attach_name"": ""报名表格（国际标）.docx"", ""attach_url"": ""https://download.ccgp.gov.cn/oss/download?uuid=A95CE3944DA523FA8251E440027E0F""}]",https://www.ccgp.gov.cn/cggg/zygg/qtgg/./202609/t20260903_27258044.htm,2026-09-09 16:11:19,,293.1,,,,,,,,,,,,,
南京航空航天大学扬子江校区新兴交叉学科创新研究中心3号楼建设项目试桩工程流标公告,流标公告,J2026034,2026年09月03日 11:49,南京市江北新区,南京航空航天大学,江苏省南京市将军大道29号,武老师，025-52119862,江苏建诚工程咨询有限公司,南京市玄武区龙蟠路151-1号赞成湖畔居商务楼三楼,刘工、夏工 025-83650522-8004、8039,,,https://www.ccgp.gov.cn/cggg/zygg/qtgg/./202609/t20260903_27257633.htm,2026-09-09 16:11:19,,,,有效投标人不足三家，本项目作流标处理。,,,,,,,,,,,
