notice_title,notice_type,project_code,publish_time,admin_region,buyer_name,buyer_address,buyer_contact,agent_name,agent_address,agent_contact,contact_name,contact_tel,attach_file_names,attach_json,notice_url,crawl_time,content_text,industry,bid_deadline,source,purchase_method,budget,budget_source,terminate_reason,change_item,win_total_amount,win_detail_json,judge_experts,agent_service_fee,win_supplier,proposed_supplier,single_source_reason,publicity_period,open_bid_time
中国人民银行新疆维吾尔自治区分行消防系统气体钢瓶定期检验项目（二次）废标公告,流标公告,0724-2631XJ765425,2026年09月09日 15:46,新疆维吾尔自治区,中国人民银行新疆维吾尔自治区分行,乌鲁木齐市天山区人民路395号,冉赤军0991-2373268,国义招标股份有限公司,乌鲁木齐市水磨沟区红光山路888号绿城广场1B栋35楼3504室,钟晓涵、周鑫0991-4664267、13009638607,钟晓涵、周鑫,0991-4664267、13009638607,,,https://www.ccgp.gov.cn/cggg/zygg/qtgg/202609/t20260909_27295892.htm,2026-09-10 10:07:27,一、项目基本情况 采购项目编号：0724-2631XJ765425（重1） 采购项目名称：中国人民银行新疆维吾尔自治区分行消防系统气体钢瓶定期检验项目（二次） 二、项目废标/流标的原因 经谈判小组评审，本项目通过资格性审查的供应商不足3家，按废标处理。 三、其他补充事宜 / 四、凡对本次公告内容提出询问，请按以下方式联系。 1.采购人信息 名 称：中国人民银行新疆维吾尔自治区分行 地址：乌鲁木齐市天山区人民路395号 联系方式：冉赤军0991-2373268 2.采购代理机构信息 名 称：国义招标股份有限公司 地 址：乌鲁木齐市水磨沟区红光山路888号绿城广场1B栋35楼3504室 联系方式：钟晓涵、周鑫0991-4664267、13009638607 3.项目联系方式 项目联系人：钟晓涵、周鑫 电 话： 0991-4664267、13009638607,公共安全,,中国政府采购网,,,default,二、项目废标/流标的原因,,,,,,,,,,
国家税务总局甘肃省税务局甘肃税务2026年西关数据处理中心和华瑞大厦及静宁路办公区机房基础运维服务项目第二次废标公告,流标公告,GS2026-DLGK-C0010-B004,2026年09月09日 15:33,城关区,国家税务总局甘肃省税务局,兰州市城关区金昌南路353号,苏老师（商务）0931-8533780 、白老师（技术）0931-8823353,甘肃普星工程咨询有限公司,兰州市安宁区鼎泰中汇广场写字楼12楼1205室,寇继宏 18215162427 2733605037@qq.com,寇继宏,18215162427,,,https://www.ccgp.gov.cn/cggg/zygg/qtgg/202609/t20260909_27295627.htm,2026-09-10 10:07:28,一、项目基本情况 采购项目编号：GS2026-DLGK-C0010-B004 采购项目名称：甘肃税务2026年西关数据处理中心和华瑞大厦及静宁路办公区机房基础运维服务项目 二、项目废标/流标的原因 有效投标人不足三家，按照废标处理。 三、其他补充事宜 无 四、凡对本次公告内容提出询问，请按以下方式联系。 1.采购人信息 名 称：国家税务总局甘肃省税务局 地址：兰州市城关区金昌南路353号 联系方式：苏老师（商务）0931-8533780 、白老师（技术）0931-8823353 2.采购代理机构信息 名 称：甘肃普星工程咨询有限公司 地 址：兰州市安宁区鼎泰中汇广场写字楼12楼1205室 联系方式：寇继宏 18215162427 2733605037@qq.com 3.项目联系方式 项目联系人：寇继宏 电 话： 18215162427,信息技术,,中国政府采购网,,,default,二、项目废标/流标的原因,,,,,,,,,,
北京市西城区消防救援支队2026年生活用品购置中标候选人公示,其他公告,HT3841BJ-BA01,2026年09月09日 15:27,北京市,西城区消防救援支队,北京市西城区德胜门东大街119号,刘队长01084022119，转215,北京汉腾工程顾问有限公司,北京市石景山区古城南里东街33号院1号楼5层501-01,杨工 13381120993,杨工,13381120993,,,https://www.ccgp.gov.cn/cggg/zygg/qtgg/202609/t20260909_27295507.htm,2026-09-10 10:07:29,一、项目基本情况 采购项目编号：HT3841BJ-BA01 采购项目名称：北京市西城区消防救援支队2026年生活用品购置 二、项目废标/流标的原因 无 三、其他补充事宜 一、项目编号：HT3841BJ-BA01二、项目名称：北京市西城区消防救援支队2026年生活用品购置三、中标候选人信息此公告为中标候选投标人公示，排名如下：第一中标候选投标人：北京京东世纪信息技术有限公司供应商地址：北京市北京经济技术开发区科创十一街18号院C座2层215室，投标报价：￥13212.82元；合同履行期限：自合同签订之日起1年。第二中标候选投标人：北京汇通金虹商贸有限公司，供应商地址：北京市房山区良乡长虹西路翠柳东街1号-2153，投标报价：￥13331.17元；合同履行期限：自合同签订之日起1年。第三中标候选投标人：北京云鲲贸易有限公司供应商地址：北京市昌平区城北街道满井胡同135号院2号楼6层617-2，投标报价：￥13314.03元；合同履行期限：自合同签订之日起1年。四、评审专家名单：杜贞星，王弈，杨勇，石海青，赵振武五、公告期限自本公告发布之日起3个工作日。 四、凡对本次公告内容提出询问，请按以下方式联系。 1.采购人信息 名 称：西城区消防救援支队 地址：北京市西城区德胜门东大街119号 联系方式：刘队长01084022119，转215 2.采购代理机构信息 名 称：北京汉腾工程顾问有限公司 地 址：北京市石景山区古城南里东街33号院1号楼5层501-01 联系方式：杨工 13381120993 3.项目联系方式 项目联系人：杨工 电 话： 13381120993,公共安全,,中国政府采购网,,,default,二、项目废标/流标的原因,,,,,,,,,,
北京中医药大学东直门医院国家中医药传承创新中心建设项目（第十一批）设备采购公告第三包废标公告,流标公告,B0708-CMC26N7343,2026年09月09日 15:27,北京市,北京中医药大学东直门医院,北京市东城区海运仓5号,武老师 电话：010-84013273,中国机械进出口(集团)有限公司,北京市丰台区金泽东路通用时代中心C座,郭女士，张女士，刘先生  电话：010-81168212  电子邮箱：guochangqian@cmc.gt.cn,郭女士,010-81168212,,,https://www.ccgp.gov.cn/cggg/zygg/qtgg/202609/t20260909_27295513.htm,2026-09-10 10:07:30,一、项目基本情况 采购项目编号：B0708-CMC26N7343 采购项目名称：北京中医药大学东直门医院国家中医药传承创新中心建设项目（第十一批）设备采购公告 二、项目废标/流标的原因 因至递交文件截止时间，递交投标文件的投标人不足三家，该包废标。 三、其他补充事宜 无 四、凡对本次公告内容提出询问，请按以下方式联系。 1.采购人信息 名 称：北京中医药大学东直门医院 地址：北京市东城区海运仓5号 联系方式：武老师 电话：010-84013273 2.采购代理机构信息 名 称：中国机械进出口(集团)有限公司 地 址：北京市丰台区金泽东路通用时代中心C座 联系方式：郭女士，张女士，刘先生 电话：010-81168212 电子邮箱：guochangqian@cmc.gt.cn 3.项目联系方式 项目联系人：郭女士，张女士，刘先生 电 话： 010-81168212,医疗卫生,,中国政府采购网,,,default,二、项目废标/流标的原因,,,,,,,,,,
北京林业大学医院2026年度检验科试剂与耗材采购项目比选公告,其他公告,,2026年09月09日 15:26,北京市,北京林业大学,北京市海淀区清华东路35号,张老师、刘老师 010-62337427,中盛隆国际招标（北京）有限公司,北京市海淀区阜成路58号新洲商务大厦302室,曹泽鹏、马春娟、李蕊、孙源滨、魏菲、赵中阳、刘震、李红梅、李莉010-88956517-202,曹泽鹏、马春娟、李蕊、孙源滨,010-88956517-202,文件获取记录.docx,"[{""attach_name"": ""文件获取记录.docx"", ""attach_url"": ""https://download.ccgp.gov.cn/oss/download?uuid=726DAC4C3E16B27FA76BF4799224E2""}]",https://www.ccgp.gov.cn/cggg/zygg/qtgg/202609/t20260909_27295505.htm,2026-09-10 10:07:30,"中盛隆国际招标（北京）有限公司受北京林业大学 委托，根据《中华人民共和国政府采购法》等有关规定，现对北京林业大学医院2026年度检验科试剂与耗材采购项目进行其他招标，欢迎合格的供应商前来投标。 项目名称：北京林业大学医院2026年度检验科试剂与耗材采购项目项目编号：北林招（货）[BX2026]015号/ZSLTC-2026-S119项目联系方式：项目联系人：曹泽鹏、马春娟、李蕊、孙源滨、魏菲、赵中阳、刘震、李红梅、李莉项目联系电话：010-88956517-202 采购单位联系方式：采购单位：北京林业大学采购单位地址：北京市海淀区清华东路35号采购单位联系方式：张老师、刘老师 010-62337427 代理机构联系方式：代理机构：中盛隆国际招标（北京）有限公司代理机构联系人：曹泽鹏、马春娟、李蕊、孙源滨、魏菲、赵中阳、刘震、李红梅、李莉010-88956517-202代理机构地址： 北京市海淀区阜成路58号新洲商务大厦302室 一、采购项目内容 包名称 简要规格描述或项目基本概况介绍 数量 采购用途 分包预算金额 （万元） 是否接受进口产品 检验科试剂耗材包 1 详见第四章采购需求 1批 详见第四章采购需求 55 是 检验科试剂耗材包 2 详见第四章采购需求 1批 详见第四章采购需求 30 是  供应商可以对其中一个包或多个包进行响应，须以包为单位对包中全部内容进行响应，不得转包、分包，采购需求详见本文件第四章。合同履行期限：履约开始时间 2026年9月-2027年9月。本项目□接受■不接受联合体。 二、开标时间：2026年09月18日 14:00 三、其它补充事宜  （1）、项目基本情况比选编号：北林招（货）[BX2026]015号/ZSLTC-2026-S119比选项目名称：北京林业大学医院2026年度检验科试剂与耗材采购项目采购方式：校内比选预算金额：85万元（人民币）（2）、申请人的资格要求1.满足《中华人民共和国政府采购法》第二十二条规定；2.落实政府采购政策需满足的资格要求：本项目非专门面向中小企业采购。3.本项目的其它资格要求（1）供应商须是在中华人民共和国注册，具有独立承担民事责任的能力；（2）具有良好的商业信誉和健全的财务会计制度；（3）供应商须提供响应截止时间前6个月内任意一个月缴纳社会保险费的相关证明材料；（4）供应商须提供税款所属期为响应截止时间前6个月内任意一个月依法纳税的相关证明材料；（5）供应商须提供响应截止时间前3年在经营活动中没有重大违法记录的书面声明（截至响应截止时间成立不足3年的供应商可提供自成立以来无重大违法记录的书面声明）原件；（6）具备履行合同所必需的设备和专业技术能力，提供承诺书；（7）单位负责人为同一人或者存在直接控股、管理关系的不同供应商，不得同时参加本项目投标的声明；（加盖单位公章）。（8）供应商不是为本项目某包提供整体设计、规范编制或者项目管理、监理、检测等服务的供应商的声明。（9）通过“信用中国”网站（www.creditchina.gov.cn）、中国政府采购网（www.ccgp.gov.cn）查询信用记录，被列入失信被执行人、重大税收违法失信主体名单或政府采购严重违法失信行为记录名单的供应商，没有资格参加本项目的采购活动。（10）所投产品的原产地均应来自中华人民共和国境内或是与中华人民共和国有正常贸易往来的国家或地区的合格来源国。（11）法律、行政法规规定的其他条件。（12）供应商如为代理商须具有有效的《医疗器械经营许可证》，供应商如为制造商须具有有效的《医疗器械生产许可证》。提供复印件加盖公章。（3）、获取比选文件时间：2026年09月09日至2026年09月14日，每天上午09:00至11:30，下午13:00至17:00（北京时间，法定节假日除外）售价：¥500元（人民币）,本公告包含的比选文件售价总和。方式：现场获取或邮箱获取，文件售后不退。未从采购代理机构获取比选文件并登记在案的潜在供应商获取的比选文件无效，提交响应文件的属于无效响应。（1）现场获取获取地点：北京市海淀区阜成路58号新洲商务大厦302室（2）邮件获取请有意向参与本项目的供应商按照附件（比选文件获取记录）要求填写相关信息，将附件发至我公司邮箱（maxin@zsltc.com）并电话告知（010-88956517转801），经我公司确认通过后，以邮件方式予以通知，请及时查收邮件。 （4）、响应文件提交响应文件递交截止时间：2026年09月18日14点00分（北京时间）地    点：北京市海淀区阜成路58号新洲商务大厦302室会议室（5）、开启开启时间：2026年09月18日14点00分（北京时间）地    点：北京市海淀区阜成路58号新洲商务大厦302室会议室（6）、公告期限自本公告发布之日起3个工作日。（7）、其他补充事宜1、本公告在中国政府采购网（https://www.ccgp.gov.cn）和北京林业大学采购与招标管理中心官网（http://zbzx.bjfu.edu.cn/）上发布。2、获取比选文件及提交投标保证金或代理服务费的账户信息（办款时请注明项目编号及用途）：户    名：中盛隆国际招标（北京）有限公司通州分公司 开 户 行：交通银行北京定慧寺支行账    号：110060544015004438716（特别提示：该账号为我公司针对本项目的唯一账号，与我公司其它项目账号不同，请勿汇错账号！因汇错账号导致的后果，由供应商自行承担） （8）、凡对本次采购提出询问，请按以下方式联系1.比选人信息名    称：北京林业大学地    址：北京市海淀区清华东路35号联 系 人：张老师、刘老师电    话：010-623374272.采购代理机构信息名    称：中盛隆国际招标（北京）有限公司地    址：北京市海淀区阜成路58号新洲商务大厦302室电子信箱：maxin@zsltc.com采购项目联系人：曹泽鹏、马春娟、李蕊、孙源滨、魏菲、赵中阳、刘震、李红梅、李莉电    话：010-88956517-202 四、预算金额：预算金额：85.000000 万元（人民币）",医疗卫生,2026-09-18 14:00,中国政府采购网,校内比选,85.0,table,,,,,,,,,,,
四川省泸州市古蔺县消防救援大队应急装备遮护顶棚采购项目其他,其他公告,SCDCH,2026年09月09日 15:19,古蔺县,古蔺县消防救援大队,四川省泸州市古蔺县彰德街道蔺阳大道112号,潘先生0830-7205301,四川德才汇招标代理有限公司,泸州市龙马潭区云台路69号（城北公交枢纽站底楼）,陈先生0830-3198806,陈先生,0830-3198806,"采购需求.docx,报名信息登记表.doc","[{""attach_name"": ""采购需求.docx"", ""attach_url"": ""https://download.ccgp.gov.cn/oss/download?uuid=C05AE05AB883D5B989038DA3327265""}, {""attach_name"": ""报名信息登记表.doc"", ""attach_url"": ""https://download.ccgp.gov.cn/oss/download?uuid=E62EAFC2345481FCDEECBA70B90E99""}]",https://www.ccgp.gov.cn/cggg/zygg/qtgg/202609/t20260909_27295336.htm,2026-09-10 10:07:31,"四川德才汇招标代理有限公司受古蔺县消防救援大队 委托，根据《中华人民共和国政府采购法》等有关规定，现对四川省泸州市古蔺县消防救援大队应急装备遮护顶棚采购项目进行其他招标，欢迎合格的供应商前来投标。 项目名称：四川省泸州市古蔺县消防救援大队应急装备遮护顶棚采购项目项目编号：SCDCH[2026]037项目联系方式：项目联系人：陈先生项目联系电话：0830-3198806 采购单位联系方式：采购单位：古蔺县消防救援大队采购单位地址：四川省泸州市古蔺县彰德街道蔺阳大道112号采购单位联系方式：潘先生0830-7205301 代理机构联系方式：代理机构：四川德才汇招标代理有限公司代理机构联系人：陈先生0830-3198806代理机构地址： 泸州市龙马潭区云台路69号（城北公交枢纽站底楼） 一、采购项目内容比选邀请四川德才汇招标代理有限公司（以下简称“采购代理机构”）受古蔺县消防救援大队（以下简称“采购人”）委托，拟对四川省泸州市古蔺县消防救援大队应急装备遮护顶棚采购项目进行公开比选，兹邀请符合本次比选要求的比选申请人参加比选。（一）采购项目基本情况1.项目编号：SCDCH[2026]0372.项目名称：四川省泸州市古蔺县消防救援大队应急装备遮护顶棚采购项目3.采购人：古蔺县消防救援大队4.采购代理机构：四川德才汇招标代理有限公司（二）采购预算：239400.00元。（三）比选申请人参加本次采购活动应具备下列条件：1.具有独立承担民事责任的能力；2.具有良好的商业信誉和健全的财务会计制度；3.具有依法缴纳税收和社会保障资金的良好记录；4.具有履行合同所必需的设备和专业技术能力；5.参加本次采购活动前三年内，在经营活动中没有重大违法记录；6.符合法律、行政法规规定的其他条件：比选申请人单位及其现任法定代表人、主要负责人不得具有行贿犯罪记录；7、比选人根据采购项目提出的特殊条件：无； 8、本项目不接受联合体比选。（四）比选文件发售时间、地点：比选文件自2026年09月10日至2026年09月14日09时:00分-17时:00分（节假日除外)通过邮箱报名：将比选申请人报名信息登记表（详见附件）发送至邮箱1281715340@qq.com（备注公司名称）；比选文件售价：人民币300元/份（比选文件售后不退, 比选资格不能转让)。（五）比选截止时间和开标时间：2026年09月15日09时30分（北京时间)。比选申请文件递交起止时间：开标当日09时00分至09时30分（北京时间)比选申请文件必须在比选截止时间前送达开标地点。逾期送达比选文件规定的比选申请文件恕不接受。本次比选不接受邮寄的比选申请文件。（六）比选地点：四川德才汇招标代理有限公司（七）邀请供应商：本比选邀请在中国政府采购网以公告形式发布。 二、开标时间：2026年09月15日 09:30 三、其它补充事宜 四、预算金额：预算金额：23.940000 万元（人民币）",公共安全,,中国政府采购网,,23.94,table,,,,,,,,,,,
昆山海关综合技术服务中心食堂服务合同公告,其他公告,SZDX2026-A-G-007,2026年09月09日 15:18,昆山市,昆山海关综合技术服务中心,昆山市新南东路318、328号,姚文斌:0512-66085135,鼎信工程咨询（苏州）有限公司,苏州市吴中区城南街道南都广场1607,陈倩倩:0512-66233886,姚文斌,0512-66085135,（合同）SZDX2026-A-G-007-食堂服务.pdf,"[{""attach_name"": ""（合同）SZDX2026-A-G-007-食堂服务.pdf"", ""attach_url"": ""https://download.ccgp.gov.cn/oss/download?uuid=0016D991B7FD4B598A5AA77357BD7B""}]",https://www.ccgp.gov.cn/cggg/zygg/qtgg/202609/t20260909_27295332.htm,2026-09-10 10:07:31,一、项目基本情况 采购项目编号：SZDX2026-A-G-007 采购项目名称：食堂服务 二、项目废标/流标的原因 无 三、其他补充事宜 1.采购编号：SZDX2026-A-G-0072.合同名称：食堂服务3.合同主体采购人（甲方）：昆山海关综合技术服务中心地  址：昆山市新南东路318、328号联系方式：姚文斌 0512-66085135供应商（乙方）：江苏稻中道餐饮管理有限公司地址：苏州工业园区胜浦润胜路18号（7号厂房）联系方式：刘苏 132051830184.合同主要信息主要标的名称：食堂服务规格型号（或服务要求）：详见合同 合同金额：91.89万元采购方式：公开招标5.合同签订日期：2026-9-86.合同公告日期：2026-9-97.其他补充事宜：无 四、凡对本次公告内容提出询问，请按以下方式联系。 1.采购人信息 名 称：昆山海关综合技术服务中心 地址：昆山市新南东路318、328号 联系方式：姚文斌:0512-66085135 2.采购代理机构信息 名 称：鼎信工程咨询（苏州）有限公司 地 址：苏州市吴中区城南街道南都广场1607 联系方式：陈倩倩:0512-66233886 3.项目联系方式 项目联系人：姚文斌 电 话： 0512-66085135,服务外包,,中国政府采购网,公开招标,,default,二、项目废标/流标的原因,,,,,,,,,,
昆山海关综合技术服务中心制服清洗服务合同公告,其他公告,SZDX2026-A-C-038,2026年09月09日 15:18,昆山市,昆山海关综合技术服务中心,昆山市新南东路318、328号,张数津：0512-66085978,鼎信工程咨询（苏州）有限公司,苏州市吴中区城南街道南都广场1607,陈倩倩：0512-66233886,陈倩倩,0512-66233886,（合同）-SZDX2026-A-C-038制服清洗服务.pdf,"[{""attach_name"": ""（合同）-SZDX2026-A-C-038制服清洗服务.pdf"", ""attach_url"": ""https://download.ccgp.gov.cn/oss/download?uuid=B2E7115F9609FAB766FC0B519934B3""}]",https://www.ccgp.gov.cn/cggg/zygg/qtgg/202609/t20260909_27295329.htm,2026-09-10 10:07:32,一、项目基本情况 采购项目编号：SZDX2026-A-C-038 采购项目名称：制服清洗服务 二、项目废标/流标的原因 无 三、其他补充事宜 1.采购编号：SZDX2026-A-C-0382.合同名称：制服清洗服务3.合同主体采购人（甲方）：昆山海关综合技术服务中心地  址：昆山市新南东路318、328号联系方式：张数津 0512-66085978供应商（乙方）：昆山紫薇清洗服务有限公司地址：周市镇润发路25号3号房联系方式：胡开颜 19626646514.合同主要信息主要标的名称：制服清洗服务规格型号（或服务要求）：详见合同 合同金额：19.85万元采购方式：竞争性磋商5.合同签订日期：2026-9-86.合同公告日期：2026-9-97.其他补充事宜：无 四、凡对本次公告内容提出询问，请按以下方式联系。 1.采购人信息 名 称：昆山海关综合技术服务中心 地址：昆山市新南东路318、328号 联系方式：张数津：0512-66085978 2.采购代理机构信息 名 称：鼎信工程咨询（苏州）有限公司 地 址：苏州市吴中区城南街道南都广场1607 联系方式：陈倩倩：0512-66233886 3.项目联系方式 项目联系人：陈倩倩 电 话： 0512-66233886,工程建设,,中国政府采购网,竞争性磋商,,default,二、项目废标/流标的原因,,,,,,,,,,
山东大学大型GPU深度学习服务器采购流标公告,流标公告,SDJDHD20260198-Z042,2026年09月09日 15:17,济南市,山东大学,山东大学中心校区明德楼,0531-88365560,山东省鲁成招标有限公司,济南市经十东路10567号成城大厦A座,刘嘉华、王青东,刘嘉华、王青东,0531-83196323,20260812山东大学大型GPU深度学习服务器采购电子招标文件（定稿）.pdf,"[{""attach_name"": ""20260812山东大学大型GPU深度学习服务器采购电子招标文件（定稿）.pdf"", ""attach_url"": ""https://download.ccgp.gov.cn/oss/download?uuid=62A09229158C198382490F64F95CB7""}]",https://www.ccgp.gov.cn/cggg/zygg/qtgg/202609/t20260909_27295301.htm,2026-09-10 10:07:33,一、项目基本情况 采购项目编号：SDJDHD20260198-Z042 /SDDX-SDLC-GK-2026005 采购项目名称：山东大学大型GPU深度学习服务器采购 二、项目废标/流标的原因 投标文件递交截止时间时，投标人数量不足3家，予以废标。 三、其他补充事宜 无。 四、凡对本次公告内容提出询问，请按以下方式联系。 1.采购人信息 名 称：山东大学 地址：山东大学中心校区明德楼 联系方式：0531-88365560 2.采购代理机构信息 名 称：山东省鲁成招标有限公司 地 址：济南市经十东路10567号成城大厦A座 联系方式：刘嘉华、王青东 3.项目联系方式 项目联系人：刘嘉华、王青东 电 话： 0531-83196323,教育培训,,中国政府采购网,,,default,二、项目废标/流标的原因,,,,,,,,,,
暨南大学苏州苑41栋功能楼办公家具采购（项目编号：0835-260F36204581）询比公告,其他公告,0835-260F36204581,2026年09月09日 15:14,广州市,暨南大学,广州市黄埔大道西601号,涂老师020-85220458,广东元正招标采购有限公司,广州市越秀区先烈中路102号华盛大厦北塔26楼,黄小姐、刘小姐 020-87258495-305、307、301,黄小姐、刘小姐,020-87258495-305、307、301,F04581-暨南大学苏州苑41栋功能楼办公家具采购-正稿.pdf,"[{""attach_name"": ""F04581-暨南大学苏州苑41栋功能楼办公家具采购-正稿.pdf"", ""attach_url"": ""https://download.ccgp.gov.cn/oss/download?uuid=6DC7EA2190CEEC6D08BD34862D7C78""}]",https://www.ccgp.gov.cn/cggg/zygg/qtgg/202609/t20260909_27295267.htm,2026-09-10 10:07:34,"广东元正招标采购有限公司受暨南大学 委托，根据《中华人民共和国政府采购法》等有关规定，现对暨南大学苏州苑41栋功能楼办公家具采购进行其他招标，欢迎合格的供应商前来投标。 项目名称：暨南大学苏州苑41栋功能楼办公家具采购项目编号：0835-260F36204581项目联系方式：项目联系人：黄小姐、刘小姐项目联系电话：020-87258495-305、307、301 采购单位联系方式：采购单位：暨南大学采购单位地址：广州市黄埔大道西601号采购单位联系方式：涂老师020-85220458 代理机构联系方式：代理机构：广东元正招标采购有限公司代理机构联系人：黄小姐、刘小姐 020-87258495-305、307、301代理机构地址： 广州市越秀区先烈中路102号华盛大厦北塔26楼 一、采购项目内容暨南大学苏州苑41栋功能楼办公家具采购的潜在供应商应在“南方招标与采购交易平台https://www.eebidding.com/”获取询比文件，并于2026年9月22日9点30分（北京时间）前提交响应文件。（一）项目基本情况采购项目编号：0835-260F36204581采购项目名称：暨南大学苏州苑41栋功能楼办公家具采购预算金额：53万元（人民币）最高限价（如有）：53万元（人民币）采购需求： 序号 产品名称 数量/单位 核心产品（打√） 是否接受进口产品投标 最高限价 （人民币/万元） 1 办公卡位 49套 √ 否 53 2 办公椅 49张 √ 3 文件柜1 44个   4 茶水柜 20个   5 打印机柜 15个   6 班椅1 5张   7 沙发1 3张   8 班台 1张   9 文件柜2 2组   10 班前椅 5张   11 沙发2 1张   12 茶几1 1张   13 荣誉柜 1组   14 书架 1张   15 吧桌 1组   16 吧椅 4张   17 咖啡柜 1个   18 沙发3 2张   19 茶几2 1张   20 会议台1 1张   21 会议椅1 24张   22 列席椅 26张   23 办公桌 10张   24 班椅2 10张   25 文件柜3 10个   26 会客椅 24张   27 会议台2 1张   28 会议台3 1张   29 会议椅2 12张    注：（1）供应商必须对所有内容进行报价，不得只对其中部分内容进行报价。（2）供应商报价不得高于最高限价，否则将作无效报价处理。（3）本项目中在“是否允许进口产品”栏标注为“是”的设备经主管部门同意可采购本国产品或不属于国家法律法规政策明确规定限制的进口产品（注：进口产品是指通过中国海关报关验放进入中国境内且产自关境外的产品，含已进入中国境内并在国内市场有销售的进口产品）。合同履行期限：自合同签订之日起至质保期满止。本项目（不接受）联合体投标/报价。（二）申请人的资格要求：1.满足《中华人民共和国政府采购法》第二十二条规定；2.落实政府采购政策需满足的资格要求：属于专门面向中小企业采购的项目。供应商提供的所有产品须全部由中小企业生产且使用该中小企业商号或注册商标。中小企业须符合本项目采购标的对应行业（工业）的政策划分标准。监狱企业、残疾人福利单位视同小型、微型企业。 注：中小企业应填写的《中小企业声明函（货物）》（见响应格式）为判定标准，残疾人福利性单位填写的《残疾人福利性单位声明函》（见响应格式）为判定标准，监狱企业须供应商提供由省级以上监狱管理局、戒毒管理局（含新疆生产建设兵团）出具的属于监狱企业的证明文件，否则不予认定。3.本项目的特定资格要求：（1）供应商具备以下条件（提供声明函，加盖供应商公章）：1)具有独立承担民事责任的能力；2)具有良好的商业信誉和健全的财务会计制度；3)具有履行合同所必需的设备和专业技术能力；4)有依法缴纳税收和社会保障资金的良好记录；5)参加采购活动前三年内，在经营活动中没有重大违法记录；6)法律、行政法规规定的其他条件。（2）供应商必须是具有独立承担民事责任能力的在中华人民共和国境内注册的法人或其他组织或自然人，报价时提交有效的营业执照（或事业法人登记证或身份证等相关证明）副本复印件；供应商为分公司报价/响应的，需提供具有法人资格的总公司的营业执照副本复印件及授权书复印件。总公司可就本项目或此类项目在一定范围或时间内出具授权书（已由总公司授权的，总公司取得的相关资质证书和服务指标对分公司有效，法律法规或者行业另有规定的除外）；（3）供应商没有被列入失信被执行人、重大税收违法失信主体、政府采购严重违法失信行为记录名单。根据信用中国网站（www.creditchina.gov.cn）或中国政府采购网（www.ccgp.gov.cn）主体信用记录信息进行查询（以采购代理机构于报价截止日当天在信用中国网站或中国政府采购网查询结果为准，如查询结果显示“没查到您要的信息”，视为没有上述不良信用记录,如相关失信记录已失效，供应商需提供相关证明资料）；（4）单位负责人为同一人或者存在直接控股、管理关系的不同供应商，不得同时参加本采购项目报价；为本项目提供整体设计、规范编制或者项目管理、监理、检测等服务的供应商，不得再参与本项目报价；（5）供应商已登记报名并获取本项目询比文件；（6）本项目不接受联合体报价。（三）获取询比文件时间：2026年9月9日至2026年9月16日，每天上午08:30至12:00，下午12:00至17:30。（北京时间，法定节假日除外）地点：南方招标与采购交易平台https://www.eebidding.com/方式：详见其他补充事宜售价：人民币300元，本公告包含的询比文件售价总和（四）提交响应文件截止时间、开标时间和地点提交响应文件截止时间：2026年9月22日9点30分（北京时间）开标时间：2026年9月22日9点30分（北京时间）地点：广州市越秀区先烈中路102号华盛大厦北塔26楼广东元正招标采购有限公司（注：2026年9月22日9点00分开始受理响应文件）（五）公告期限自本公告发布之日起5个工作日。（六）其他补充事宜1、供应商应在“获取询比文件”规定时间内，选择在线获取方式购买询比文件，询比文件每套售价300元（人民币），售后不退。在线获取：供应商通过“南方招标与采购交易平台”（www.eebidding.com）进行线上报名（如未在平台注册的，应先注册并审批通过），在支付标书费并报名成功后，即可通过平台下载询比文件（已下订单的标书—下载询比文件）。登记时，请准确填写联系方式（含电子邮箱）。线上报名的平台技术支持（仅限技术咨询）：李先生，电话：020-87258495-926；张小姐，电话：020-87258495-925。相关平台操作文件：https://www.eebidding.com/f/list-39.html。2、本项目允许快递方式递交响应文件。（1）如采用邮寄方式递交响应文件的，供应商须在规定的报价截止时间前将响应文件送达开标地点（相关费用由供应商自行承担），快递单或快递外包装上应清晰列明项目名称、项目编号、供应商单位名称等内容，递交时间以招标代理机构工作人员在开标地点签收确认的时间为准（为确保信息无误，快递发出时，请务必同步以书面方式发送邮件至我司邮箱：gdyzgj@163.com，书面内容包括：供应商名称、项目名称、项目编号、快递公司名称及快递单号、授权代表联系方式等）。因快递信息不全无法核实、寄错地址、逾期送达、未按要求密封或者邮寄过程导致包装密封出现破损的，由供应商自行承担相应责任与后果。（2）快递送达地点：广州市越秀区先烈中路102号华盛大厦北塔26楼2608室广东元正招标采购有限公司，联系人及电话：黄小姐，020-87258495-305）。（3）采用邮寄方式递交响应文件的供应商可选择不参与现场开标，可通过腾讯会议等网络直播方式观看现场开标过程，具体以代理机构开标前通知为准。 二、开标时间：2026年09月22日 09:30 三、其它补充事宜/ 四、预算金额：预算金额：53.000000 万元（人民币）",教育培训,2026-09-22 09:30,中国政府采购网,,53.0,table,,,,,,,,,,,
宁德市消防救援支队室内改造工程采购合同公示,其他公告,FJQS-2026-10,2026年09月09日 15:08,蕉城区,宁德市消防救援支队,福建省宁德市东侨经济技术开发区正大路9号,杨先生   15059312535,福建乾盛工程咨询有限公司,福建省宁德市东侨经济开发区万安西路1号金港名都A区32幢102室,小吴   0593-2933773,杨先生,15059312535,采购合同.docx,"[{""attach_name"": ""采购合同.docx"", ""attach_url"": ""https://download.ccgp.gov.cn/oss/download?uuid=328C11C58574B1CE9C5132F74CBB46""}]",https://www.ccgp.gov.cn/cggg/zygg/qtgg/202609/t20260909_27295133.htm,2026-09-10 10:07:34,福建乾盛工程咨询有限公司受宁德市消防救援支队 委托，根据《中华人民共和国政府采购法》等有关规定，现对宁德市消防救援支队室内改造工程进行其他招标，欢迎合格的供应商前来投标。 项目名称：宁德市消防救援支队室内改造工程项目编号：FJQS-2026-10项目联系方式：项目联系人：杨先生项目联系电话：15059312535 采购单位联系方式：采购单位：宁德市消防救援支队采购单位地址：福建省宁德市东侨经济技术开发区正大路9号采购单位联系方式：杨先生 15059312535 代理机构联系方式：代理机构：福建乾盛工程咨询有限公司代理机构联系人：小吴 0593-2933773代理机构地址： 福建省宁德市东侨经济开发区万安西路1号金港名都A区32幢102室 一、采购项目内容一、合同编号：/二、合同名称：宁德市消防救援支队室内改造工程三、采购编码：FJQS-2026-10四、项目名称：宁德市消防救援支队室内改造工程五、合同主体采购人：宁德市消防救援支队地  址：福建省宁德市东侨经济技术开发区正大路9号联系方式：15059312535供应商（乙方）：福建省方浩建设工程有限公司地  址：宁德市东侨经济开发区金贵路1号恒大御景半岛18幢1梯2003室联系方式：13599819485六、合同主要信息 品目号 供应商名称 工程名称 施工范围 施工工期 项目经理 执业证书 1-1 福建省方浩建设工程有限公司 宁德市消防救援支队室内改造工程 具体以采购人提供的工程量清单为准，以施工图纸为依据 90日历天 郑晓青 闽2352023202306205 采购方式：竞争性磋商七、合同签订日期：2026-09-08八、合同公告日期：2026-09-09 二、开标时间：2026年08月11日 10:00 三、其它补充事宜/ 四、预算金额：预算金额：56.003400 万元（人民币）,公共安全,,中国政府采购网,竞争性磋商,56.0034,table,,,,,,,,,,,
中华人民共和国珠海出入境边防检查总站2026年机关所属物业日常用品采购项目（第2次）简易采购公告,其他公告,ZHBJZZ-2026-39,2026年09月09日 15:06,香洲区,中华人民共和国珠海出入境边防检查总站,广东省珠海市香洲区拱北侨光路2号。,范奕希，0756-8166532,详见公告正文,详见公告正文,详见公告正文,何长城,0756-8166889,"中华人民共和国珠海出入境边防检查总站2026年机关所属物业日常用品采购项目需求文件公开稿.doc,中华人民共和国珠海出入境边防检查总站2026年机关所属物业日常用品采购项目清单.xlsx,中华人民共和国珠海出入境边防检查总站2026年机关所属物业日常用品采购项目简易采购文件.doc,中华人民共和国珠海出入境边防检查总站2026年机关所属物业日常用品采购项目合同意向性文本.doc","[{""attach_name"": ""中华人民共和国珠海出入境边防检查总站2026年机关所属物业日常用品采购项目需求文件公开稿.doc"", ""attach_url"": ""https://download.ccgp.gov.cn/oss/download?uuid=0671DE69A0F783D3E31AD041B0D95D""}, {""attach_name"": ""中华人民共和国珠海出入境边防检查总站2026年机关所属物业日常用品采购项目清单.xlsx"", ""attach_url"": ""https://download.ccgp.gov.cn/oss/download?uuid=CDDAFB4226338786A881CC98044FCC""}, {""attach_name"": ""中华人民共和国珠海出入境边防检查总站2026年机关所属物业日常用品采购项目简易采购文件.doc"", ""attach_url"": ""https://download.ccgp.gov.cn/oss/download?uuid=BB96DE1127BBBC58552253D1E03DCC""}, {""attach_name"": ""中华人民共和国珠海出入境边防检查总站2026年机关所属物业日常用品采购项目合同意向性文本.doc"", ""attach_url"": ""https://download.ccgp.gov.cn/oss/download?uuid=1A1B99C3FE2ACB17DB6F0201DEF43A""}]",https://www.ccgp.gov.cn/cggg/zygg/qtgg/202609/t20260909_27295716.htm,2026-09-10 10:07:35,根据《中华人民共和国政府采购法》等有关规定，现对2026年机关所属物业日常用品采购项目进行其他招标，欢迎合格的供应商前来投标。 项目名称：2026年机关所属物业日常用品采购项目项目编号：ZHBJZZ-2026-39项目联系方式：项目联系人：何长城项目联系电话：0756-8166889 采购单位联系方式：采购单位：中华人民共和国珠海出入境边防检查总站采购单位地址：广东省珠海市香洲区拱北侨光路2号。采购单位联系方式：范奕希，0756-8166532  一、采购项目内容选定一家供应商为珠海出入境边防检查总站机关所属物业供应日常用品，包括但不限于清洁用品、纸品、食品接触类用品等类别，具体内容详见总站2026年机关所属物业日常用品采购项目货物基准价清单。 二、开标时间：2026年09月18日 15:00 三、其它补充事宜无。 四、预算金额：预算金额：28.650000 万元（人民币）,服务外包,,中国政府采购网,,28.65,table,,,,,,,,,,,
中央广播电视总台2024年调频发射系统更新改造（五）增补采购废标公告,流标公告,WKZB2631BJI3005140,2026年09月09日 15:03,北京市,中央广播电视总台,北京市海淀区复兴路11号,于老师010-68508752,五矿国际招标有限责任公司,北京市海淀区三里河路七号新疆大厦办公楼（写字楼）8层,潘爽、石浩人、梁敬保、范俊峰010-81125775/81125778,潘爽、石浩人,010-81125775,,,https://www.ccgp.gov.cn/cggg/zygg/qtgg/202609/t20260909_27295080.htm,2026-09-10 10:07:36,一、项目基本情况 采购项目编号：WKZB2631BJI3005140 采购项目名称：2024年调频发射系统更新改造（五）增补采购 二、项目废标/流标的原因 由于实质性响应招标文件的投标人不足3家，本项目废标。 三、其他补充事宜 无。 四、凡对本次公告内容提出询问，请按以下方式联系。 1.采购人信息 名 称：中央广播电视总台 地址：北京市海淀区复兴路11号 联系方式：于老师010-68508752 2.采购代理机构信息 名 称：五矿国际招标有限责任公司 地 址：北京市海淀区三里河路七号新疆大厦办公楼（写字楼）8层 联系方式：潘爽、石浩人、梁敬保、范俊峰010-81125775/81125778 3.项目联系方式 项目联系人：潘爽、石浩人 电 话： 010-81125775/81125778,工程建设,,中国政府采购网,,,default,二、项目废标/流标的原因,,,,,,,,,,
宁夏回族自治区消防救援总队全区消防信息网适配改造项目第二标段废标公告,流标公告,NXBS-2026-ZC032,2026年09月09日 15:00,市辖区,宁夏自治区消防救援总队,银川市兴庆区北京东路169号,张助理 0951-5057641,宁夏碧晟工程咨询有限公司,银川市金凤区满城南街东侧臻君豪庭1号综合楼13层,姜欢 0951-6110980,张助理,0951-5057641,,,https://www.ccgp.gov.cn/cggg/zygg/qtgg/202609/t20260909_27295053.htm,2026-09-10 10:07:36,一、项目基本情况 采购项目编号：NXBS-2026-ZC032 采购项目名称：宁夏回族自治区消防救援总队全区消防信息网适配改造项目 二、项目废标/流标的原因  截止响应文件递交时间止，第二标段有效供应商不足三家。 三、其他补充事宜 无 四、凡对本次公告内容提出询问，请按以下方式联系。 1.采购人信息 名 称：宁夏自治区消防救援总队 地址：银川市兴庆区北京东路169号 联系方式：张助理 0951-5057641 2.采购代理机构信息 名 称：宁夏碧晟工程咨询有限公司 地 址：银川市金凤区满城南街东侧臻君豪庭1号综合楼13层 联系方式：姜欢 0951-6110980 3.项目联系方式 项目联系人：张助理 电 话： 0951-5057641,公共安全,,中国政府采购网,,,default,二、项目废标/流标的原因,,,,,,,,,,
习水县消防救援大队2026年灭火救援装备采购项目需求公示,其他公告,YGCQ-ZY-ZC-2026-ZY-96-,2026年09月09日 14:59,习水县,习水县消防救援大队,遵义市习水县杉王街道华润大道A段,倪婷婷 0851-22531119,贵州阳光产权交易所有限公司,贵阳市观山湖区毕节路58号联合广场A座4层,王晨诗雨 0851-84702383,王晨诗雨,0851-84702383,"附件3：习水县消防救援大队2026年灭火救援装备采购项目反馈格式.doc,附件2：习水县消防救援大队2026年灭火救援装备采购项目参数 2.docx终版.pdf,附件1：习水县消防救援大队2026年灭火救援装备采购项目参数 1.docx终版.pdf","[{""attach_name"": ""附件3：习水县消防救援大队2026年灭火救援装备采购项目反馈格式.doc"", ""attach_url"": ""https://download.ccgp.gov.cn/oss/download?uuid=33DBB3671AF21F8056E0C1B2D2A837""}, {""attach_name"": ""附件2：习水县消防救援大队2026年灭火救援装备采购项目参数 2.docx终版.pdf"", ""attach_url"": ""https://download.ccgp.gov.cn/oss/download?uuid=92E23EBEC4C27A6216D8671D2B7BC8""}, {""attach_name"": ""附件1：习水县消防救援大队2026年灭火救援装备采购项目参数 1.docx终版.pdf"", ""attach_url"": ""https://download.ccgp.gov.cn/oss/download?uuid=3208AEFB9700C35B18E421D4D7FFE5""}]",https://www.ccgp.gov.cn/cggg/zygg/qtgg/202609/t20260909_27295030.htm,2026-09-10 10:07:37,贵州阳光产权交易所有限公司受习水县消防救援大队 委托，根据《中华人民共和国政府采购法》等有关规定，现对习水县消防救援大队2026年灭火救援装备采购项目进行其他招标，欢迎合格的供应商前来投标。 项目名称：习水县消防救援大队2026年灭火救援装备采购项目项目编号：YGCQ-ZY-ZC-2026-ZY-96-谈项目联系方式：项目联系人：王晨诗雨项目联系电话：0851-84702383 采购单位联系方式：采购单位：习水县消防救援大队采购单位地址：遵义市习水县杉王街道华润大道A段采购单位联系方式：倪婷婷 0851-22531119  代理机构联系方式：代理机构：贵州阳光产权交易所有限公司代理机构联系人：王晨诗雨 0851-84702383代理机构地址： 贵阳市观山湖区毕节路58号联合广场A座4层 一、采购项目内容习水县消防救援大队2026年灭火救援装备采购项目，具体内容详见附件1、2。 二、开标时间： 三、其它补充事宜（一）公示期限：2026年9月9日至2026年9月18日（二）公示期限内，请各潜在投标人多提宝贵意见，特别针对需求文件中错误、矛盾、指向性、不合理等问题进行重点反馈。如对公示内容有异议的，请将意见建议通过书面（盖章扫描件）反馈至采购代理机构电子邮箱975564810@qq.com，反馈内容须加盖反馈单位公章，超过公示期的意见原则上不再受理。（反馈格式详见附件3）（三）本公示内容仅为采购人对本项目的需求公示，所有采购信息以实际发布的采购公告为准。反馈内容将作为采购需求审查的重要依据。（四）预算金额：110.5795万元（人民币）（五）附件内容附件：习水县消防救援大队2026年灭火救援装备采购项目需求公示内容附件1、2：技术参数附件3：反馈格式 四、预算金额：预算金额：0.000000 万元（人民币）,公共安全,,中国政府采购网,,0.0,table,,,,,,,,,,,
崇明区消防救援支队队史馆建设项目比选公告,其他公告,H0701-2026-0828,2026年09月09日 14:56,崇明县,崇明区消防救援支队,上海市崇明区城桥镇育麟桥路385号,侯老师021-59616371,上海同济工程咨询有限公司,四平路1398号同济联合广场B座3楼,贺伟021-33626722,贺伟,021-33626722,附件：崇明区消防救援支队队史馆建设项目比选公告.docx,"[{""attach_name"": ""附件：崇明区消防救援支队队史馆建设项目比选公告.docx"", ""attach_url"": ""https://download.ccgp.gov.cn/oss/download?uuid=25E3D3ACFEA7DE83E2C603948BD1FA""}]",https://www.ccgp.gov.cn/cggg/zygg/qtgg/202609/t20260909_27295013.htm,2026-09-10 10:07:37,上海同济工程咨询有限公司受崇明区消防救援支队 委托，根据《中华人民共和国政府采购法》等有关规定，现对崇明区消防救援支队队史馆建设项目进行其他招标，欢迎合格的供应商前来投标。 项目名称：崇明区消防救援支队队史馆建设项目项目编号：H0701-2026-0828项目联系方式：项目联系人：贺伟项目联系电话：021-33626722 采购单位联系方式：采购单位：崇明区消防救援支队采购单位地址：上海市崇明区城桥镇育麟桥路385号采购单位联系方式：侯老师021-59616371 代理机构联系方式：代理机构：上海同济工程咨询有限公司代理机构联系人：贺伟021-33626722代理机构地址： 四平路1398号同济联合广场B座3楼 一、采购项目内容见附件 二、开标时间：2026年09月21日 14:00 三、其它补充事宜 四、预算金额：预算金额：47.932153 万元（人民币）,公共安全,,中国政府采购网,,47.932153,table,,,,,,,,,,,
北京市西城区消防救援支队2026年小型消防站设施设备更新购置比选公告,其他公告,MN2026211,2026年09月09日 14:54,西城区,西城区消防救援支队,西城区德胜门东大街119号,刘先生，010-84022119,北京迈恩工程管理有限公司,北京市石景山区阜石路166号泽洋大厦8层815室,刘雪梅，18511350518,刘雪梅,18511350518,,,https://www.ccgp.gov.cn/cggg/zygg/qtgg/202609/t20260909_27295001.htm,2026-09-10 10:07:38,北京迈恩工程管理有限公司受西城区消防救援支队 委托，根据《中华人民共和国政府采购法》等有关规定，现对北京市西城区消防救援支队2026年小型消防站设施设备更新购置进行其他招标，欢迎合格的供应商前来投标。 项目名称：北京市西城区消防救援支队2026年小型消防站设施设备更新购置项目编号：MN2026211项目联系方式：项目联系人：刘雪梅项目联系电话：18511350518 采购单位联系方式：采购单位：西城区消防救援支队采购单位地址：西城区德胜门东大街119号采购单位联系方式：刘先生，010-84022119 代理机构联系方式：代理机构：北京迈恩工程管理有限公司代理机构联系人：刘雪梅，18511350518代理机构地址： 北京市石景山区阜石路166号泽洋大厦8层815室 一、采购项目内容北京迈恩工程管理有限公司受西城区消防救援支队委托，根据《中华人民共和国政府采购法》等有关规定，现对北京市西城区消防救援支队2026年小型消防站设施设备更新购置进行其他招标，欢迎合格的供应商前来投标。项目名称：北京市西城区消防救援支队2026年小型消防站设施设备更新购置项目编号：MN2026211项目联系方式：项目联系人：刘雪梅项目联系电话：18511350518采购单位联系方式：采购单位：西城区消防救援支队采购单位地址：西城区德胜门东大街119号采购单位联系方式：刘先生，010-84022119代理机构联系方式：代理机构：北京迈恩工程管理有限公司代理机构联系人：刘雪梅 18511350518代理机构地址：北京市石景山区阜石路166号泽洋大厦8层815室一、采购项目内容（一）采购项目内容：预算金额：18.0375万元项目名称：北京市西城区消防救援支队2026年小型消防站设施设备更新购置采购需求：部分小型站因投入使用时间较长，设备设施出现不同程度的老化及损坏，难以满足当前指战员日常工作生活需求，现为部分小型站更新老旧设施设备。交货期：合同签订后45日内完成供货及验收。本项目不接受联合体应选。（二）供应商的资格要求：1.满足《中华人民共和国政府采购法》第二十二条规定；2.落实政府采购政策需满足的资格要求：本项目不专门面向中小、小微企业采购。3.本项目的特定资格要求：（1）单位负责人为同一人或者存在直接控股、管理关系的不同供应商，不得同时参加本项目的应选；（2）未被信用中国网站（www.creditchina.gov.cn）、中国政府采购网（www.ccgp.gov.cn）列入失信被执行人、重大税收违法主体、政府采购严重违法失信行为记录名单；4.本项目不接受联合体应选。（三）获取比选文件：时间：2026年09月10日至2026年09月11日，每天上午09:00至12：00，下午13:00至16:00（北京时间，法定节假日除外）获取地点：北京市石景山区阜石路166号泽洋大厦8层815室获取方式：现场获取售    价：¥500.00元。（四）提交响应文件截止时间、比选时间和地点：提交响应文件截止时间：2026年09月16日09时30分（北京时间）地点：北京市石景山区阜石路166号泽洋大厦8层815室。  二、开标时间：2026年09月16日 09:30 三、其它补充事宜1.本公告在中国政府采购网（https://www.ccgp.gov.cn）发布。 四、预算金额：预算金额：18.037500 万元（人民币）,公共安全,2026-09-16 09:30,中国政府采购网,,18.0375,table,,,,,,,,,,,
四川省眉山市东坡区消防救援大队无人机机场采购项目废标公告,流标公告,CGXT20260909,2026年09月09日 14:50,东坡区,眉山市东坡区消防救援大队,眉山市东坡区百坡路二段,王先生028-38208119,四川玄同工程项目管理有限责任公司,四川省眉山市东坡区同运口171号1幢16层9号,邝女士028-38110558,邝女士,028-38110558,,,https://www.ccgp.gov.cn/cggg/zygg/qtgg/202609/t20260909_27294945.htm,2026-09-10 10:07:39,一、项目基本情况 采购项目编号：CGXT20260909 采购项目名称：四川省眉山市东坡区消防救援大队无人机机场采购项目 二、项目废标/流标的原因 招标文件存在重大缺陷 三、其他补充事宜 无 四、凡对本次公告内容提出询问，请按以下方式联系。 1.采购人信息 名 称：眉山市东坡区消防救援大队 地址：眉山市东坡区百坡路二段 联系方式：王先生028-38208119 2.采购代理机构信息 名 称：四川玄同工程项目管理有限责任公司 地 址：四川省眉山市东坡区同运口171号1幢16层9号 联系方式：邝女士028-38110558 3.项目联系方式 项目联系人：邝女士 电 话： 028-38110558,公共安全,,中国政府采购网,,,default,二、项目废标/流标的原因,,,,,,,,,,
东北林业大学林草创新测试服务平台设备更新项目-双向拉伸成膜机等（三次）流标公告,流标公告,ZJX2026-1044H,2026年09月09日 14:47,黑龙江省,东北林业大学,哈尔滨市香坊区和兴路26号,马老师 0451-82192589,中精信工程技术有限公司,哈尔滨市南岗区长江路盟科视界商服13-7号,徐玉洁 0451-87003479,徐玉洁,0451-870034792026,,,https://www.ccgp.gov.cn/cggg/zygg/qtgg/202609/t20260909_27294900.htm,2026-09-10 10:07:39,一、项目基本情况 采购项目编号：ZJX2026-1044H 采购项目名称：东北林业大学林草创新测试服务平台设备更新项目-双向拉伸成膜机等 二、项目废标/流标的原因 流标公告一、项目基本情况采购项目编号：ZJX2026-1044H采购项目名称：东北林业大学林草创新测试服务平台设备更新项目-双向拉伸成膜机等（三次）二、项目流标的原因    经评审，对招标文件作实质性响应的有效投标家数不足三家，本项目作流标处理。三、其他补充事宜    无四、凡对本次公告内容提出询问，请按以下方式联系。1、招标人信息名 称：东北林业大学地址：哈尔滨市香坊区和兴路26号联系方式：0451-821925892、招标代理机构信息名 称：中精信工程技术有限公司地 址：哈尔滨市南岗区长江路盟科视界商服13-7号联系方式：0451-870034793、项目联系方式项目联系人：徐玉洁  电 话：0451-87003479 2026年9月9日 三、其他补充事宜 无 四、凡对本次公告内容提出询问，请按以下方式联系。 1.采购人信息 名 称：东北林业大学 地址：哈尔滨市香坊区和兴路26号 联系方式：马老师 0451-82192589 2.采购代理机构信息 名 称：中精信工程技术有限公司 地 址：哈尔滨市南岗区长江路盟科视界商服13-7号 联系方式：徐玉洁 0451-87003479 3.项目联系方式 项目联系人：徐玉洁 电 话： 0451-87003479,教育培训,,中国政府采购网,,,default,二、项目废标/流标的原因,,,,,,,,,,
四川省凉山州冕宁县消防救援大队2026年度招标代理机构公开遴选项目遴选公告,其他公告,ZHDL-202607-ZC02,2026年09月09日 14:42,冕宁县,冕宁县消防救援大队,冕宁县城厢镇皂角巷18号,王老师0834-6724119,四川中鸿浩海工程管理有限公司,西昌市长安北路4号同德苑商业楼4楼左后侧,青老师0834-3209100,青老师,0834-3209100,,,https://www.ccgp.gov.cn/cggg/zygg/qtgg/202609/t20260909_27294861.htm,2026-09-10 10:07:40,"四川中鸿浩海工程管理有限公司受冕宁县消防救援大队 委托，根据《中华人民共和国政府采购法》等有关规定，现对四川省凉山州冕宁县消防救援大队2026年度招标代理机构公开遴选项目进行其他招标，欢迎合格的供应商前来投标。 项目名称：四川省凉山州冕宁县消防救援大队2026年度招标代理机构公开遴选项目项目编号：ZHDL-202607-ZC02项目联系方式：项目联系人：青老师项目联系电话：0834-3209100 采购单位联系方式：采购单位：冕宁县消防救援大队采购单位地址：冕宁县城厢镇皂角巷18号采购单位联系方式：王老师0834-6724119 代理机构联系方式：代理机构：四川中鸿浩海工程管理有限公司代理机构联系人：青老师0834-3209100代理机构地址： 西昌市长安北路4号同德苑商业楼4楼左后侧 一、采购项目内容一、采购项目内容四川中鸿浩海工程管理有限公司（以下简称“采购代理机构”）受冕宁县消防救援大队（以下简称“采购人”）的委托，拟对“四川省凉山州冕宁县消防救援大队2026年度招标代理机构公开遴选项目”采用遴选方式进行采购，特邀请符合要求的供应商参加该项目的遴选。一、遴选项目名称：四川省凉山州冕宁县消防救援大队2026年度招标代理机构公开遴选项目。二、项目编号：ZHDL-202607-ZC02  三、采购项目简介：(一)拟通过遴选方式选择4家招标代理机构，为冕宁县消防救援大队提供招标代理服务。(二)服务期限：1年四、采购方式：遴选。五、申请人资格条件：1、申请人应符合参加本次遴选活动应当具备的条件:(一)《中华人民共和国政府采购法》第二十二条规定的条件：（1）具有独立承担民事责任的能力；（2）具有良好的商业信誉和健全的财务会计制度；（3）具有履行合同所必需的设备和专业技术能力；（4）具有依法缴纳税收和社会保障资金的良好记录；（5）参加政府采购活动前三年内，在经营活动中没有重大违法记录；（6）法律、行政法规规定的其他条件。（7）具有政府采购项目的代理资格（8）西昌市或金阳县范围内具备办公、开评标条件。（9）遴选人具备全流程电子化平台方式组织采购代理活动的能力。(二)遴选人根据本项目提出的特殊条件：无（三）本项目不接受联合体参加遴选六、禁止参加本次采购活动的供应商根据《关于在政府采购活动中查询及使用信用记录有关问题的通知》(财库〔2016〕125号)的要求，采购代理机构将通过“信用中国”网站(www.creditchina.gov.cn)、“中国政府采购网”网站(www.ccgp.gov.cn)等渠道查询供应商在响应文件递交截止日前的信用记录并保存信用记录结果网页截图，拒绝列入失信被执行人名单、重大税收违法案件当事人名单、政府采购严重违法失信行为记录名单中的供应商参加本项目的采购活动。七、遴选文件获取1、获取遴选文件时间期限：2026年09月10日至2026年09月16日(北京时间，法定节假日除外)，每日上午9：00至12：00，下午14：00至17：00（逾期不再受理）。2、遴选文件售价：电子文档500元/套。（遴选文件售后不退，报名资格不能转让或转借）。3、获取方式：网络（远程）获取具体流程如下：(1)需提供营业执照副本或正本加盖遴选人单位公章后扫描成图片进入""四川联采招汇电子招标采购平台""(网址:http://www.scczb.cn/)，通过“标书获取报名系统“完成在线注册、登录、缴费，报名是否成功以系统下载收到遴选文件为准，若上传报名资料后未能在四川联采招汇电子招标采购平台下载遴选文件,请致电15983417891。八、递交遴选申请文件时间：1、遴选开标时间：2026年09月21日09:30（北京时间，与递交遴选申请文件截止时间一致） 。2、递交遴选申请文件截止时间：2026年09月21日09:30（北京时间）九、递交遴选申请文件地点：四川联采招汇电子招标采购平台线上开标。遴选申请人须在采购公告（或更正公告）规定的递交截止时间前上传响应文件，并在开标时间于开标大厅签到解密。温馨提示：考虑到现行国家实际的网络速率及遴选申请人所处区域网络的情况，以及响应文件实际大小，请遴选申请人尽量在递交响应文件截止时间前48小时执行上传响应文件操作，在投标截止时间前一天确保响应文件上传成功，在上传文件时如遇到问题需要协助可联系平台服务人员（联系方式详见网页首页）。十、遴选公告发布及项目属性十一、本遴选邀请在中国政府采购网及四川联采招汇电子招标采购平台上发布，本项目不属于政府采购项目、必须招标项目范围，因服务内容涉及采购相关规范，参照政府采购相关规定执行。十二、凡对本次采购提出询问，请按以下方式联系：遴选人信息：采购人：冕宁县消防救援大队地址：冕宁县城厢镇皂角巷18号联系人：王老师联系电话：0834-6724119采购代理机构信息：名称：四川中鸿浩海工程管理有限公司；地址：西昌市长安北路4号同德苑商业楼4楼左后侧；联系人：青老师联系方式：0834-3209100 二、开标时间：2026年09月21日 09:30 三、其它补充事宜无 四、预算金额：预算金额：0.000000 万元（人民币）",公共安全,2026-09-21 09:30,中国政府采购网,遴选,0.0,table,,,,,,,,,,,
中国疾病预防控制中心传染病预防控制所细菌流式分选委托服务采购项目其他,其他公告,ICDCHQC20260804,2026年09月09日 14:36,昌平区,中国疾病预防控制中心传染病预防控制所,北京市昌平区昌百路155号传染病所,王老师；010-58900715；wanghaitao@icdc.cn,详见公告正文,详见公告正文,详见公告正文,彭老师,58900744,1.细菌流式分选委托服务采购采购文件.doc,"[{""attach_name"": ""1.细菌流式分选委托服务采购采购文件.doc"", ""attach_url"": ""https://download.ccgp.gov.cn/oss/download?uuid=C52EB7C099DF998DD97158C30C1E90""}]",https://www.ccgp.gov.cn/cggg/zygg/qtgg/202609/t20260909_27294799.htm,2026-09-10 10:07:40,根据《中华人民共和国政府采购法》等有关规定，现对细菌流式分选委托服务采购项目进行其他招标，欢迎合格的供应商前来投标。 项目名称：细菌流式分选委托服务采购项目项目编号：ICDCHQC20260804项目联系方式：项目联系人：彭老师项目联系电话：58900744 采购单位联系方式：采购单位：中国疾病预防控制中心传染病预防控制所采购单位地址：北京市昌平区昌百路155号传染病所采购单位联系方式：王老师；010-58900715；wanghaitao@icdc.cn  一、采购项目内容 序号 服务名称 服务内容 服务期限 预算金额 1 细菌流式分选委托服务采购项目 本项目拟对30例来源于复杂生物样本中的工程化双荧光标记细菌群体进行高精度流式细胞分选。目标群体为表达GFP荧光信号的细菌亚群，需通过流式细胞技术实现高分辨率识别与高纯度分选回收，用于后续分子生物学及功能验证研究。详细技术参数见采购文件第五部分。 合同签订后3个月内 15万元整  二、开标时间：2026年09月17日 09:00 三、其它补充事宜无 四、预算金额：预算金额：15.000000 万元（人民币）,工程建设,,中国政府采购网,,15.0,table,,,,,,,,,,,
国家粮食和物资储备局北京局六五四工程筹建处某工程安全阀校验征集公告,其他公告,HT0932025000221-012,2026年09月09日 14:30,天津市,国家粮食和物资储备局北京局六五四工程筹建处,天津市滨海新区保税区临港路15号,王晨旭  13130564598,天津市建设工程招标有限公司,天津市河西区环岛西路19号梅江中心大厦26层,张余、党晓光  18222862720,张余、党晓光,18222862720,,,https://www.ccgp.gov.cn/cggg/zygg/qtgg/202609/t20260909_27294729.htm,2026-09-10 10:07:41,天津市建设工程招标有限公司受国家粮食和物资储备局北京局六五四工程筹建处 委托，根据《中华人民共和国政府采购法》等有关规定，现对国家粮食和物资储备局北京局六五四工程筹建处某工程安全阀校验进行其他招标，欢迎合格的供应商前来投标。 项目名称：国家粮食和物资储备局北京局六五四工程筹建处某工程安全阀校验项目编号：HT0932025000221-012项目联系方式：项目联系人：张余、党晓光项目联系电话：18222862720 采购单位联系方式：采购单位：国家粮食和物资储备局北京局六五四工程筹建处采购单位地址：天津市滨海新区保税区临港路15号采购单位联系方式：王晨旭 13130564598 代理机构联系方式：代理机构：天津市建设工程招标有限公司代理机构联系人：张余、党晓光 18222862720代理机构地址： 天津市河西区环岛西路19号梅江中心大厦26层 一、采购项目内容国家粮食和物资储备局北京局六五四工程筹建处某工程安全阀校验征集公告（招标编号：HT0932025000221-012）项目所在地区：天津市一、招标条件 本国家粮食和物资储备局北京局六五四工程筹建处某工程安全阀校验已由项目审批/核准/备案机关批准，项目资金来源为其他资金/，招标人为国家粮食和物资储备局北京局六五四工程筹建处。本项目已具备招标条件，现招标方式为其它方式。二、项目概况和招标范围 规模：国家粮食和物资储备局北京局六五四工程筹建处某工程安全阀校验范围：本招标项目划分为1个标段，本次招标为其中的：(001)国家粮食和物资储备局北京局六五四工程筹建处某工程安全阀校验； 三、投标人资格要求 (001国家粮食和物资储备局北京局六五四工程筹建处某工程安全阀校验)的投标人资格能力要求：1、供应商须在中华人民共和国境内注册，能够独立承担民事责任（提供营业执照或其他组织登记证明文件的复印件）；2、具有《中华人民共和国特种设备检验检测机构核准证》(检测机构)资质在有效期，核准项目代码至少包含：FD1或FD2。注 须提供相关证件复印件并加盖公章；3、供应商须具备《中华人民共和国政府采购法》第二十二条第一款规定的条件；（提供承诺书并加盖公章）（一）具有独立承担民事责任的能力；（二）具有良好的商业信誉和健全的财务会计制度；（三）具有履行合同所必需的设备和专业技术能力；（四）有依法缴纳税收和社会保障资金的良好记录；（五）参加政府采购活动前三年内，在经营活动中没有重大违法记录；（六）法律、行政法规规定的其他条件。4、财务状况报告等相关材料：提供2024年或2025年度经第三方会计师事务所审计的企业财务报告复印件（应包括完整的审计报告和财务报表）或提交投标文件截止日期前近3个月内银行出具的资信证明复印件并加盖公章；5、提供2026年1月至今任意连续三个月依法纳税和缴纳社会保障资金的相关证明材料，依法免税或不需要缴纳社会保障资金的供应商，应提供相应文件证明其依法免税或不需要缴纳社会保障资金；6、提供投标文件截止日前3年内在经营活动中没有重大违法记录的书面声明（截至提交投标文件截止日成立不足3年的供应商可提供自成立以来无重大违法记录的书面声明）；7、供应商须由法定代表人或其委托代理人参加投标，法定代表人参加投标，须提供法人资格证明和法定代表人身份证盖章复印件；法人授权委托人参加投标，须提供法人资格证明，法定代表人亲自签署的授权委托书和授权人身份证盖章复印件；8、按照《关于在招标投标活动中对失信被执行人实施联合惩戒的通知》（法〔2016〕285号）和《住房城乡建设部办公厅关于印发失信被执行人信用监督、警示和惩戒机制建设分工方案的通知》要求，在开标当日经“信用中国”网站（www.creditchina.gov.cn）查询， 供应商被列入“失信被执行人名单”的供应商，其投标无效；9、供应商未被“国家企业信用信息公示系统”网站（www.gsxt.gov.cn）列入经营异常名录和严重违法失信企业名单，以开标当日核查为准；（注：事业单位等在“国家企业信用信息公示系统”网站查询不到单位信息的只需提供承诺书）10、本项目不接受最近三年内发生重大安全责任事故、处于财产被接管，冻结或破产等情况，一经查实取消投标资格，投标单位需出具承诺函；11、单位负责人为同一人或者存在直接控股、管理关系的不同单位，不得同时参加同一招标项目的投标。供应商须提供“国家企业信用信息公示系统”（www.gsxt.gov.cn）股东及出资详细信息、主要人员信息、分支机构信息截图及承诺书；（注：事业单位等在“国家企业信用信息公示系统”网站查询不到单位信息的只需提供承诺书）12、本项目不允许转包、分包； 13、供应商须严格遵守国家及地方关于保密的相关法律法规和规章制度。本项目不允许联合体投标。四、招标文件的获取获取时间：从2026年9月9日 09时00分到2026年9月15日 16时00分获取方式：请有意参加本次公开征集的供应商，将营业证照、联系人及联系方式、授权委托书扫描件发送至邮箱进行报名。五、投标文件的递交 递交截止时间：2026年9月21日 14时30分递交方式： 天津市建设工程招标有限公司（天津市河西区环岛西路 19号梅江中心大厦 26 层）邮寄方式递交六、开标时间及地点 开标时间：2026年9月21日 14时30分开标地点： 天津市建设工程招标有限公司（天津市河西区环岛西路 19 号梅江中心大厦 26 层）七、其他 1、征集接受1.1如供应商有意参加本次公开征集，请于2026年9月21日14时30分前通过邮寄方式（只接受邮寄）递交响应文件。快递优先选择顺丰快递（不接受邮寄到付），响应文件递交时间以签收时间为准，逾期送达的、未送达指定地点的或者不按照要求密封的文件，不予接收。1.2邮寄地址：天津市河西区环岛西路19号梅江中心大厦26层，收件人张余，联系电话18222862720。1.3递交征集材料要求：征集材料应采用左侧胶粘方式装订并密封，不得采用活页夹等可随时拆换的方式装订，正本和副本需分别装订。2、其他事项2.1供应商不得借用他人资质或挂靠单位参与征集，一经发现，征集人有权取消供应商参与本项目资格。 2.2征集人接收资料并不表示接受供应商参与本次项目后续招标工作，且征集人根据征集情况有权对供应商进行征集考察审核，对未进行后续招标邀请的供应商征集人有权不予解释。3、响应文件包含的资料内容详见附件。4、响应文件内容需按附件顺序装订在一本文件内（须按要求胶装）。纸质文件正本一份，副本一份；正本和副本密封一个包，密封袋封面标注项目名称、标段、供应商名称、联系方式。  八、监督部门 本招标项目的监督部门为其他。九、联系方式 招 标 人：国家粮食和物资储备局北京局六五四工程筹建处 地 址：天津市滨海新区保税区临港路15号  联 系 人：王晨旭 电 话：13130564598 电子邮件：/   招标代理机构：天津市建设工程招标有限公司地 址： 天津市河西区环岛西路19号梅江中心大厦26层联 系 人： 张余、党晓光电 话： 18222862720电子邮件： 599822182@qq.com    招标人或其招标代理机构主要负责人（项目负责人）：           （签名）招标人或其招标代理机构：           （盖章）附件 序号 项目内容 内容 备注 1 供应商需满 足的条件 供应商须在中华人民共和国境内注册，能够独立承担民事责任（提供营业执照或其他组织登记证明文件的复印件）提供相应的证明材料或承诺书加盖公章；   2 资质要求 具有《中华人民共和国特种设备检验检测机构核准证》(检测机构)资质在有效期，核准项目代码至少包含：FD1或FD2。注 须提供相关证件复印件并加盖公章；   3 具备《中华人民共和国政府采购法》第二十二条第一款规定的条件 （一）具有独立承担民事责任的能力； （二）具有良好的商业信誉和健全的财务会计制度； （三）具有履行合同所必需的设备和专业技术能力； （四）有依法缴纳税收和社会保障资金的良好记录； （五）参加政府采购活动前三年内，在经营活动中没有重大违法记录； （六）法律、行政法规规定的其他条件； 提供相应的证明材料或承诺书加盖公章   4 财务状况报 告等相关材 料 提供2024年或2025年度经第三方会计师事务所审计的企业财务报告复印件（应包括完整的审计报告和财务报表）或提交投标文件截止日期前近3个月内银行出具的资信证明复印件并加盖公章；   5 依法缴纳税 收和社会保 险费 提供 2026年1月至今任意连续三个月依法纳税和缴纳社会保障资金的相关证明材料，依法免税或不需要缴纳社会保障资金的供应商，应提供相应文件证明其依法免税或不需要缴纳社会保障资金；   6 没有重大违法记录的书 面声明 提供投标文件截止日前3年内在经营活动中没有重大违法记录的书面声明；（截至提交投标文件截止日成立不足3年的供应商可提供自成立以来无重大违法记录的书面声明）   7 法定资格证 明书及 授权委托书 供应商须由法定代表人或其委托代理人参加投标，法定代表人参加投标，须提供法人资格证明和法定代表人身份证盖章复印件；法人授权委托人参加投标，须提供法人资格证明，法定代表人亲自签署的授权委托书和授权人身份证盖章复印件；   8 失信被执行 人名单查询 按照《关于在招标投标活动中对失信被执行人实施联合惩戒的通知》（法〔2016〕285号）和《住房城乡建设部办公厅关于印发失信被执行人信用监督、警示和惩戒机制建设分工方案的通知》要求，在开标当日经“信用中国”网站（www.creditchina.gov.cn）查询，供应商被列入“失信被执行人名单”的供应商，其投标无效；   9 经营异常名录和严重违法失信企业名单查询结果 供应商未被“国家企业信用信息公示系统”网站（www.gsxt.gov.cn）列入经营异常名录和严重违法失信企业名单，以开标当日核查为准；（注：事业单位等在“国家企业信用信息公示系统”网站查询不到单位信息的只需提供承诺书）   10 承诺函 本项目不接受最近三年内发生重大安全责任事故、处于财产被接管，冻结或破产等情况，一经查实取消投标资格，投标单位需出具承诺函；   11 控股查询 单位负责人为同一人或者存在直接控股、管理关系的不同单位，不得同时参加同一招标项目的投标。供应商须提供“国家企业信用信息公示系统”（www.gsxt.gov.cn）股东及出资详细信息、主要人员信息、分支机构信息截图及承诺书；（注：事业单位等在“国家企业信用信息公示系统”网站查询不到单位信息的只需提供承诺书）   12 业绩条件 近3年（指参与征集人在2023年1月1日起至投标截止日止，以合同时间为准）至少承接过3个类似项目业绩； 类似项目指：安全阀校验服务业绩，合同额不低于5万元。 注：1、参与征集人须提供合同复印件 2、甲方付款发票复印件   13 项目负责人 资格条件 项目负责人资格要求（a、b、c须同时满足） a、项目负责人须具备市场监督管理部门核发的《中华人民共和国特种设备安全管理和作业人员证》，作业项目为安全阀校验（项目代号F），证书在有效期内，； b、具有4年以上安全阀校验工作年限，提供盖章的承诺书； c、具有安全阀校验的业绩，业绩证明资料（合同能体现项目负责人姓名或甲方提供的盖章证明资料）； 注：提供项目负责人的《中华人民共和国特种设备安全管理和作业人员证》、承诺书、身份证、2026年1月至今连续3个月社保资料、合同或其他证明材料。   14 保密要求 供应商须严格遵守国家及地方关于保密的相关法律法规和规章制度。      二、开标时间：2026年09月21日 14:30 三、其它补充事宜 四、预算金额：预算金额：0.000000 万元（人民币）,工程建设,2026-09-21 14:30,中国政府采购网,,0.0,table,,,,,,,,,,,
国家粮食和物资储备局北京局六五四工程筹建处某工程环境监测及竣工环保验收技术服务征集公告,其他公告,HT0932025000221-011,2026年09月09日 14:29,天津市,国家粮食和物资储备局北京局六五四工程筹建处,天津市滨海新区保税区临港路15号,王晨旭  13130564598,天津市建设工程招标有限公司,天津市河西区环岛西路19号梅江中心大厦26层,张余、党晓光  18222862720,张余、党晓光,18222862720,,,https://www.ccgp.gov.cn/cggg/zygg/qtgg/202609/t20260909_27294710.htm,2026-09-10 10:07:41,"天津市建设工程招标有限公司受国家粮食和物资储备局北京局六五四工程筹建处 委托，根据《中华人民共和国政府采购法》等有关规定，现对国家粮食和物资储备局北京局六五四工程筹建处某工程环境监测及竣工环保验收技术服务进行其他招标，欢迎合格的供应商前来投标。 项目名称：国家粮食和物资储备局北京局六五四工程筹建处某工程环境监测及竣工环保验收技术服务项目编号：HT0932025000221-011项目联系方式：项目联系人：张余、党晓光项目联系电话：18222862720 采购单位联系方式：采购单位：国家粮食和物资储备局北京局六五四工程筹建处采购单位地址：天津市滨海新区保税区临港路15号采购单位联系方式：王晨旭 13130564598 代理机构联系方式：代理机构：天津市建设工程招标有限公司代理机构联系人：张余、党晓光 18222862720代理机构地址： 天津市河西区环岛西路19号梅江中心大厦26层 一、采购项目内容国家粮食和物资储备局北京局六五四工程筹建处某工程环境监测及竣工环保验收技术服务征集公告（招标编号：HT0932025000221-011）项目所在地区：天津市一、招标条件 本国家粮食和物资储备局北京局六五四工程筹建处某工程环境监测及竣工环保验收技术服务已由项目审批/核准/备案机关批准，项目资金来源为其他资金/，招标人为国家粮食和物资储备局北京局六五四工程筹建处。本项目已具备招标条件，现招标方式为其它方式。二、项目概况和招标范围 规模：国家粮食和物资储备局北京局六五四工程筹建处某工程环境监测及竣工环保验收技术服务范围：本招标项目划分为1个标段，本次招标为其中的：(001)国家粮食和物资储备局北京局六五四工程筹建处某工程环境监测及竣工环保验收技术服务;三、投标人资格要求 (001国家粮食和物资储备局北京局六五四工程筹建处某工程环境监测及竣工环保验收技术服务)的投标人资格能力要求：1、供应商须在中华人民共和国境内注册，能够独立承担民事责任（提供营业执照或其他组织登记证明文件的复印件）；2、供应商须具备市场监督管理部门核发且在有效期内的检验检测机构资质认定证书（CMA 证书），证书附表载明的检测能力范围须覆盖废水、噪声、废气、油气回收检测项目；须提供 CMA 证书及能力附表复印件加盖投标人公章。经甲方同意，可进行部分分包，但证书载明的检测项目不允许分包。3、供应商须具备《中华人民共和国政府采购法》第二十二条第一款规定的条件；（提供承诺书并加盖公章）（一）具有独立承担民事责任的能力；（二）具有良好的商业信誉和健全的财务会计制度；（三）具有履行合同所必需的设备和专业技术能力；（四）有依法缴纳税收和社会保障资金的良好记录；（五）参加政府采购活动前三年内，在经营活动中没有重大违法记录；（六）法律、行政法规规定的其他条件。4、财务状况报告等相关材料：提供2024年或2025年度经第三方会计师事务所审计的企业财务报告复印件（应包括完整的审计报告和财务报表）或提交投标文件截止日期前近3个月内银行出具的资信证明复印件并加盖公章；5、提供2026年1月至今任意连续三个月依法纳税和缴纳社会保障资金的相关证明材料，依法免税或不需要缴纳社会保障资金的供应商，应提供相应文件证明其依法免税或不需要缴纳社会保障资金；6、提供投标文件截止日前3年内在经营活动中没有重大违法记录的书面声明（截至提交投标文件截止日成立不足3年的供应商可提供自成立以来无重大违法记录的书面声明）；7、供应商须由法定代表人或其委托代理人参加投标，法定代表人参加投标，须提供法人资格证明和法定代表人身份证盖章复印件；法人授权委托人参加投标，须提供法人资格证明，法定代表人亲自签署的授权委托书和授权人身份证盖章复印件；8、按照《关于在招标投标活动中对失信被执行人实施联合惩戒的通知》（法〔2016〕285号）和《住房城乡建设部办公厅关于印发失信被执行人信用监督、警示和惩戒机制建设分工方案的通知》要求，在开标当日经“信用中国”网站（www.creditchina.gov.cn）查询, 供应商被列入“失信被执行人名单”的供应商，其投标无效；9、供应商未被“国家企业信用信息公示系统”网站（www.gsxt.gov.cn）列入经营异常名录和严重违法失信企业名单，以开标当日核查为准；（注：事业单位等在“国家企业信用信息公示系统”网站查询不到单位信息的只需提供承诺书）10、本项目不接受最近三年内发生重大安全责任事故、处于财产被接管，冻结或破产等情况，一经查实取消投标资格，投标单位需出具承诺函；11、单位负责人为同一人或者存在直接控股、管理关系的不同单位，不得同时参加同一招标项目的投标。供应商须提供“国家企业信用信息公示系统”（www.gsxt.gov.cn）股东及出资详细信息、主要人员信息、分支机构信息截图及承诺书；（注：事业单位等在“国家企业信用信息公示系统”网站查询不到单位信息的只需提供承诺书）  12、供应商须严格遵守国家及地方关于保密的相关法律法规和规章制度。本项目不允许联合体投标。四、招标文件的获取获取时间：从2026年9月9日 09时00分到2026年9月15日 16时00分获取方式：请有意参加本次公开征集的供应商，将营业证照、联系人及联系方式、授权委托书扫描件发送至邮箱进行报名。五、投标文件的递交 递交截止时间：2026年9月21日 13时30分递交方式： 天津市建设工程招标有限公司（天津市河西区环岛西路 19号梅江中心大厦 26 层）邮寄方式递交六、开标时间及地点 开标时间：2026年9月21日 13时30分开标地点： 天津市建设工程招标有限公司（天津市河西区环岛西路 19 号梅江中心大厦 26 层）七、其他 1、征集接受1.1如供应商有意参加本次公开征集，请于2026年9月21日13时30分前通过邮寄方式(只接受邮寄）递交响应文件。快递优先选择顺丰快递（不接受邮寄到付），响应文件递交时间以签收时间为准，逾期送达的、未送达指定地点的或者不按照要求密封的文件，不予接收。1.2邮寄地址：天津市河西区环岛西路19号梅江中心大厦26层，收件人张余，联系电话18222862720。1.3递交征集材料要求:征集材料应采用左侧胶粘方式装订并密封，不得采用活页夹等可随时拆换的方式装订，正本和副本需分别装订。2、其他事项2.1供应商不得借用他人资质或挂靠单位参与征集，一经发现，征集人有权取消供应商参与本项目资格。 2.2征集人接收资料并不表示接受供应商参与本次项目后续招标工作，且征集人根据征集情况有权对供应商进行征集考察审核，对未进行后续招标邀请的供应商征集人有权不予解释。3、响应文件包含的资料内容详见附件1。4、响应文件内容需按附件顺序装订在一本文件内(须按要求胶装)。纸质文件正本一份，副本一份；正本和副本密封一个包，密封袋封面标注项目名称、标段、供应商名称、联系方式。  八、监督部门 本招标项目的监督部门为其他。九、联系方式 招 标 人：国家粮食和物资储备局北京局六五四工程筹建处 地 址：天津市滨海新区保税区临港路15号  联 系 人：王晨旭 电 话：13130564598 电子邮件：/   招标代理机构：天津市建设工程招标有限公司地 址： 天津市河西区环岛西路19号梅江中心大厦26层联 系 人： 张余、党晓光电 话： 18222862720电子邮件： 599822182@qq.com    招标人或其招标代理机构主要负责人（项目负责人）：           （签名）招标人或其招标代理机构：           （盖章）附件1 序号 项目内容 内容 备注 1 供应商需满 足的条件 供应商须在中华人民共和国境内注册，能够独立承担民事责任(提供营业执照或其他组织登记证明文件的复印件)提供相应的证明材料或承诺书加盖公章；   2 资质要求 供应商须具备市场监督管理部门核发且在有效期内的检验检测机构资质认定证书（CMA 证书），证书附表载明的检测能力范围须覆盖废水、噪声、废气、油气回收检测项目；须提供 CMA 证书及能力附表复印件加盖投标人公章。经甲方同意，可进行部分分包，但证书载明的检测项目不允许分包。   3 具备《中华人民共和国政府采购法》第二十二条第一款规定的条件 (一)具有独立承担民事责任的能力: (二)具有良好的商业信誉和健全的财务会计制度: (三)具有履行合同所必需的设备和专业技术能力: (四)有依法缴纳税收和社会保障资金的良好记录: (五)参加政府采购活动前三年内，在经营活动中没有重大违法记录: (六)法律、行政法规规定的其他条件。 提供相应的证明材料或承诺书加盖公章   4 财务状况报 告等相关材 料 提供2024年或2025年度经第三方会计师事务所审计的企业财务报告复印件(应包括完整的审计报告和财务报表)或提交投标文件截止日期前近3个月内银行出具的资信证明复印件并加盖公章;   5 依法缴纳税 收和社会保 险费 提供 2026年1月至今任意连续三个月依法纳税和缴纳社会保障资金的相关证明材料，依法免税或不需要缴纳社会保障资金的供应商，应提供相应文件证明其依法免税或不需要缴纳社会保障资金:   6 没有重大违法记录的书 面声明 提供投标文件截止日前3年内在经营活动中没有重大违法记录的书面声明(截至提交投标文件截止日成立不足3年的供应商可提供自成立以来无重大违法记录的书面声明)   7 法定资格证 明书及 授权委托书 供应商须由法定代表人或其委托代理人参加投标，法定代表人参加投标，须提供法人资格证明和法定代表人身份证盖章复印件；法人授权委托人参加投标，须提供法人资格证明，法定代表人亲自签署的授权委托书和授权人身份证盖章复印件；   8 失信被执行 人名单查询 按照《关于在招标投标活动中对失信被执行人实施联合惩戒的通知》(法(2016)285号)和《住房城乡建设部办公厅关于印发失信被执行人信用监督、警示和惩戒机制建设分工方案的通知》要求，在开标当日经“信用中国”网站(www.creditchina.gov.cn)查询,供应商被列入“失信被执行人名单”的供应商，其投标无效   9 经营异常名录和严重违法失信企业名单查询结果 供应商未被“国家企业信用信息公示系统”网站（www.gsxt.gov.cn）列入经营异常名录和严重违法失信企业名单，以开标当日核查为准。（注：事业单位等在“国家企业信用信息公示系统”网站查询不到单位信息的只需提供承诺书）   10 承诺函 本项目不接受最近三年内发生重大安全责任事故、处于财产被接管，冻结或破产等情况，一经查实取消投标资格，投标单位需出具承诺函。   11 控股查询 单位负责人为同一人或者存在直接控股、管理关系的不同单位，不得同时参加同一招标项目的投标。供应商须提供“国家企业信用信息公示系统”（www.gsxt.gov.cn）股东及出资详细信息、主要人员信息、分支机构信息截图及承诺书；（注：事业单位等在“国家企业信用信息公示系统”网站查询不到单位信息的只需提供承诺书）   12 业绩条件 近3年(指参与征集人在2023年1月1日起至投标截止日止，以合同时间为准)至少承接过1个类似项目业绩。 类似项目指:石油化工行业环保验收类业绩。 注:1、参与征集人须提供合同复印件 2、甲方付款发票复印件   13 项目负责人 资格条件 项目负责人资格要求（a、b、c须同时满足） a、项目负责人须具备环境影响评价工程师职业资格证书。 b、具有5年以上建设项目竣工环保验收相关工作经验，提供盖章的承诺书。 c、具备环境工程或环境科学或生态环境或化工相关专业高级工程师及以上职称。 注：提供项目负责人资格证书、承诺书、职称证书、身份证、2026年1月至今连续3个月社保资料。   14 保密要求 供应商须严格遵守国家及地方关于保密的相关法律法规和规章制度      二、开标时间：2026年09月21日 13:30 三、其它补充事宜 四、预算金额：预算金额：0.000000 万元（人民币）",工程建设,2026-09-21 13:30,中国政府采购网,,0.0,table,,,,,,,,,,,
国家粮食和物资储备局北京局六五四工程筹建处某工程防爆查库车采购项目征集公告,其他公告,HT0932025000221-004,2026年09月09日 14:28,天津市,国家粮食和物资储备局北京局六五四工程筹建处,天津市滨海新区保税区临港路15号,王晨旭  13130564598,天津市建设工程招标有限公司,天津市河西区环岛西路19号梅江中心大厦26层,张余、党晓光  18222862720,张余、党晓光,18222862720,,,https://www.ccgp.gov.cn/cggg/zygg/qtgg/202609/t20260909_27294707.htm,2026-09-10 10:07:42,天津市建设工程招标有限公司受国家粮食和物资储备局北京局六五四工程筹建处 委托，根据《中华人民共和国政府采购法》等有关规定，现对国家粮食和物资储备局北京局六五四工程筹建处某工程防爆查库车采购项目进行其他招标，欢迎合格的供应商前来投标。 项目名称：国家粮食和物资储备局北京局六五四工程筹建处某工程防爆查库车采购项目项目编号：HT0932025000221-004项目联系方式：项目联系人：张余、党晓光项目联系电话：18222862720 采购单位联系方式：采购单位：国家粮食和物资储备局北京局六五四工程筹建处采购单位地址：天津市滨海新区保税区临港路15号采购单位联系方式：王晨旭 13130564598 代理机构联系方式：代理机构：天津市建设工程招标有限公司代理机构联系人：张余、党晓光 18222862720代理机构地址： 天津市河西区环岛西路19号梅江中心大厦26层 一、采购项目内容国家粮食和物资储备局北京局六五四工程筹建处某工程防爆查库车采购项目征集公告（招标编号：HT0932025000221-004）项目所在地区：天津市一、招标条件 本国家粮食和物资储备局北京局六五四工程筹建处某工程防爆查库车采购项目已由项目审批/核准/备案机关批准，项目资金来源为其他资金/，招标人为国家粮食和物资储备局北京局六五四工程筹建处。本项目已具备招标条件，现招标方式为其它方式。二、项目概况和招标范围 规模：国家粮食和物资储备局北京局六五四工程筹建处某工程防爆查库车采购项目范围：本招标项目划分为1个标段，本次招标为其中的：(001)国家粮食和物资储备局北京局六五四工程筹建处某工程防爆查库车采购项目； 三、投标人资格要求 (001国家粮食和物资储备局北京局六五四工程筹建处某工程防爆查库车采购项目)的投标人资格能力要求：1、供应商须在中华人民共和国境内注册，能够独立承担民事责任（提供营业执照或其他组织登记证明文件的复印件）；2、供应商须具备《中华人民共和国政府采购法》第二十二条第一款规定的条件；（提供承诺书并加盖公章）（一）具有独立承担民事责任的能力；（二）具有良好的商业信誉和健全的财务会计制度；（三）具有履行合同所必需的设备和专业技术能力；（四）有依法缴纳税收和社会保障资金的良好记录；（五）参加政府采购活动前三年内，在经营活动中没有重大违法记录；（六）法律、行政法规规定的其他条件。3、财务状况报告等相关材料：提供2024年或2025年度经第三方会计师事务所审计的企业财务报告复印件（应包括完整的审计报告和财务报表）或提交投标文件截止日期前近3个月内银行出具的资信证明复印件并加盖公章；4、提供2026年1月至今任意连续三个月依法纳税和缴纳社会保障资金的相关证明材料，依法免税或不需要缴纳社会保障资金的供应商，应提供相应文件证明其依法免税或不需要缴纳社会保障资金；5、提供投标文件截止日前3年内在经营活动中没有重大违法记录的书面声明（截至提交投标文件截止日成立不足3年的供应商可提供自成立以来无重大违法记录的书面声明）；6、供应商须由法定代表人或其委托代理人参加投标，法定代表人参加投标，须提供法人资格证明和法定代表人身份证盖章复印件；法人授权委托人参加投标，须提供法人资格证明，法定代表人亲自签署的授权委托书和授权人身份证盖章复印件；7、按照《关于在招标投标活动中对失信被执行人实施联合惩戒的通知》（法〔2016〕285号）和《住房城乡建设部办公厅关于印发失信被执行人信用监督、警示和惩戒机制建设分工方案的通知》要求，在开标当日经“信用中国”网站（www.creditchina.gov.cn）查询， 供应商被列入“失信被执行人名单”的供应商，其投标无效；8、供应商未被“国家企业信用信息公示系统”网站（www.gsxt.gov.cn）列入经营异常名录和严重违法失信企业名单，以开标当日核查为准；（注：事业单位等在“国家企业信用信息公示系统”网站查询不到单位信息的只需提供承诺书）9、本项目不接受最近三年内发生重大安全责任事故、处于财产被接管，冻结或破产等情况，一经查实取消投标资格，投标单位需出具承诺函；10、单位负责人为同一人或者存在直接控股、管理关系的不同单位，不得同时参加同一招标项目的投标。供应商须提供“国家企业信用信息公示系统”（www.gsxt.gov.cn）股东及出资详细信息、主要人员信息、分支机构信息截图及承诺书；（注：事业单位等在“国家企业信用信息公示系统”网站查询不到单位信息的只需提供承诺书）11、本项目不允许转包、分包； 12、供应商须严格遵守国家及地方关于保密的相关法律法规和规章制度。本项目不允许联合体投标。四、招标文件的获取获取时间：从2026年9月9日 09时00分到2026年9月15日 16时00分获取方式：请有意参加本次公开征集的供应商，将营业证照、联系人及联系方式、授权委托书扫描件发送至邮箱进行报名。五、投标文件的递交 递交截止时间：2026年9月21日 09时30分递交方式： 天津市建设工程招标有限公司（天津市河西区环岛西路 19号梅江中心大厦 26 层）邮寄方式递交六、开标时间及地点 开标时间：2026年9月21日 09时30分开标地点： 天津市建设工程招标有限公司（天津市河西区环岛西路 19 号梅江中心大厦 26 层）七、其他 1、征集接受1.1如供应商有意参加本次公开征集，请于2026年9月21日09时30分前通过邮寄方式（只接受邮寄）递交响应文件。快递优先选择顺丰快递（不接受邮寄到付），响应文件递交时间以签收时间为准，逾期送达的、未送达指定地点的或者不按照要求密封的文件，不予接收。1.2邮寄地址：天津市河西区环岛西路19号梅江中心大厦26层，收件人张余，联系电话18222862720。1.3递交征集材料要求：征集材料应采用左侧胶粘方式装订并密封，不得采用活页夹等可随时拆换的方式装订，正本和副本需分别装订。2、其他事项2.1供应商不得借用他人资质或挂靠单位参与征集，一经发现，征集人有权取消供应商参与本项目资格。 2.2征集人接收资料并不表示接受供应商参与本次项目后续招标工作，且征集人根据征集情况有权对供应商进行征集考察审核，对未进行后续招标邀请的供应商征集人有权不予解释。3、响应文件包含的资料内容详见附件1。4、响应文件内容需按附件顺序装订在一本文件内（须按要求胶装）。纸质文件正本一份，副本一份；正本和副本密封一个包，密封袋封面标注项目名称、标段、供应商名称、联系方式。5、采购数量为1台，参数要求详见附件2。八、监督部门 本招标项目的监督部门为其他。九、联系方式 招 标 人：国家粮食和物资储备局北京局六五四工程筹建处 地 址：天津市滨海新区保税区临港路15号  联 系 人：王晨旭 电 话：13130564598 电子邮件：/   招标代理机构：天津市建设工程招标有限公司地 址： 天津市河西区环岛西路19号梅江中心大厦26层联 系 人： 张余、党晓光电 话： 18222862720电子邮件： 599822182@qq.com    招标人或其招标代理机构主要负责人（项目负责人）：           （签名）招标人或其招标代理机构：           （盖章）附件1： 序号 项目内容 内容 备注 1 供应商需满 足的条件 供应商须在中华人民共和国境内注册，能够独立承担民事责任（提供营业执照或其他组织登记证明文件的复印件）提供相应的证明材料或承诺书加盖公章；   2 具备《中华人民共和国政府采购法》第二十二条第一款规定的条件 （一）具有独立承担民事责任的能力； （二）具有良好的商业信誉和健全的财务会计制度； （三）具有履行合同所必需的设备和专业技术能力； （四）有依法缴纳税收和社会保障资金的良好记录； （五）参加政府采购活动前三年内，在经营活动中没有重大违法记录； （六）法律、行政法规规定的其他条件； 提供相应的证明材料或承诺书加盖公章   3 财务状况报 告等相关材 料 提供2024年或2025年度经第三方会计师事务所审计的企业财务报告复印件（应包括完整的审计报告和财务报表）或提交投标文件截止日期前近3个月内银行出具的资信证明复印件并加盖公章；   4 依法缴纳税 收和社会保 险费 提供 2026年1月至今任意连续三个月依法纳税和缴纳社会保障资金的相关证明材料，依法免税或不需要缴纳社会保障资金的供应商，应提供相应文件证明其依法免税或不需要缴纳社会保障资金；   5 没有重大违法记录的书 面声明 提供投标文件截止日前3年内在经营活动中没有重大违法记录的书面声明；（截至提交投标文件截止日成立不足3年的供应商可提供自成立以来无重大违法记录的书面声明）   6 法定资格证 明书及 授权委托书 供应商须由法定代表人或其委托代理人参加投标，法定代表人参加投标，须提供法人资格证明和法定代表人身份证盖章复印件；法人授权委托人参加投标，须提供法人资格证明，法定代表人亲自签署的授权委托书和授权人身份证盖章复印件；   7 失信被执行 人名单查询 按照《关于在招标投标活动中对失信被执行人实施联合惩戒的通知》（法〔2016〕285号）和《住房城乡建设部办公厅关于印发失信被执行人信用监督、警示和惩戒机制建设分工方案的通知》要求，在开标当日经“信用中国”网站（www.creditchina.gov.cn）查询，供应商被列入“失信被执行人名单”的供应商，其投标无效；   8 经营异常名录和严重违法失信企业名单查询结果 供应商未被“国家企业信用信息公示系统”网站（www.gsxt.gov.cn）列入经营异常名录和严重违法失信企业名单，以开标当日核查为准；（注：事业单位等在“国家企业信用信息公示系统”网站查询不到单位信息的只需提供承诺书）   9 承诺函 本项目不接受最近三年内发生重大安全责任事故、处于财产被接管，冻结或破产等情况，一经查实取消投标资格，投标单位需出具承诺函；   10 控股查询 单位负责人为同一人或者存在直接控股、管理关系的不同单位，不得同时参加同一招标项目的投标。供应商须提供“国家企业信用信息公示系统”（www.gsxt.gov.cn）股东及出资详细信息、主要人员信息、分支机构信息截图及承诺书；（注：事业单位等在“国家企业信用信息公示系统”网站查询不到单位信息的只需提供承诺书）   11 业绩条件 近3年(指参与征集人在2023年1月1日起至投标截止日止，以合同时间为准)至少承接过1个类似项目业绩。 类似项目指:防爆电瓶车业绩。 注:1参与征集人须提供合同复印件   12 保密要求 供应商须严格遵守国家及地方关于保密的相关法律法规和规章制度。    附件2： 防爆蓄电池查库车整车防爆等级：ⅡBT4Gb 电气系统 防爆电控箱 72V400A交流异步控制器 防爆电源装置 72V免维护铅酸电池 防爆驱动电机 4-8KW交流异步防爆电机，带坡道启动辅助，过温自动保护功能 充电机 便携式智能化充电机，充电应在安全区域进行，欠压、过压、满电、故障自动保护 充电时间 6-10小时（放电率为80%） 其他 配一组防爆空调 车身配置 车身颜色   座椅 双人座椅+皮革面料+高回弹PU或带扶手或豪华航空座椅带杯座 车体 钢制车架＋钣金（玻璃钢）外壳 安全设施 安全带、灭火器 车门及车窗 铝合金车门（整车两边开门，可拆卸），可滑动钢化玻璃窗 防爆仪表操控箱 复合材料整体成型仪表台、液晶仪表（含电流、电压、车速、转速、里程、电量、灯光信号等） 后视镜 左右各一手动型外后视镜+内视镜 防爆灯光及信号 防爆大灯、防爆转向灯、防爆刹车灯、防爆电喇叭及倒车防爆声光报警器 防爆开关模块 防爆电锁开关、防爆灯光开关、防爆雨刮开关、防爆前后换向开关及倒车声光报警器防爆开关 车架 高强度碳钢结构车架，表面防锈处理 方向盘 聚氨酯发泡方向盘 油漆 汽车级专业喷涂工艺 底盘 动力传动系统 无级调速系统 转向系统 双向齿轮齿条式方向机，电动方向助力 前桥及悬挂 独立悬挂＋螺旋弹簧+筒式液压减震 后桥及悬挂 全浮式后桥、钢板弹簧非独立悬挂、筒式液压减震 制动系统 双回路液压制动、刹车助力、驻车制动装置 轮胎   技术参数 额定乘员 8-11人 最小离地间隙 ≥150mm 外形尺寸长*宽*高   制动距离 ≤5m 整车装备质量   充电输入电压 220V 整车载荷   最大行驶速度 ≤30km/h可调节   前、后轮距   续驶里程（空载平路） ≥100km   轴距   最大爬坡度 ≥15%   最小转弯半径 6m 其他 海边防潮防腐蚀处理    二、开标时间：2026年09月21日 09:30 三、其它补充事宜 四、预算金额：预算金额：0.000000 万元（人民币）,工程建设,2026-09-21 09:30,中国政府采购网,,0.0,table,,,,,,,,,,,
中央财经大学自助咖啡机服务引入项目比选公告,其他公告,FW-2026070-HCJQ,2026年09月09日 14:24,北京市,中央财经大学,北京市海淀区学院南路39号,常老师、齐老师 010-62289113,北京汇诚金桥国际招标咨询有限公司,北京市东城区朝内大街南竹杆胡同6号北京INN3号楼9层,王佳琪、章祺,王佳琪、章祺,010-65915024、65699706,中央财经大学自助咖啡机服务引入项目比选公告.docx,"[{""attach_name"": ""中央财经大学自助咖啡机服务引入项目比选公告.docx"", ""attach_url"": ""https://download.ccgp.gov.cn/oss/download?uuid=9CD4EA4EE93A8972CAF5954B1046E2""}]",https://www.ccgp.gov.cn/cggg/zygg/qtgg/202609/t20260909_27294678.htm,2026-09-10 10:07:43,北京汇诚金桥国际招标咨询有限公司受中央财经大学 委托，根据《中华人民共和国政府采购法》等有关规定，现对中央财经大学自助咖啡机服务引入项目进行其他招标，欢迎合格的供应商前来投标。 项目名称：中央财经大学自助咖啡机服务引入项目项目编号：FW-2026070-HCJQ项目联系方式：项目联系人：王佳琪、章祺项目联系电话：010-65915024、65699706 采购单位联系方式：采购单位：中央财经大学采购单位地址：北京市海淀区学院南路39号采购单位联系方式：常老师、齐老师 010-62289113 代理机构联系方式：代理机构：北京汇诚金桥国际招标咨询有限公司代理机构联系人：王佳琪、章祺代理机构地址： 北京市东城区朝内大街南竹杆胡同6号北京INN3号楼9层 一、采购项目内容1、项目基本情况项目编号：FW-2026070-HCJQ项目名称：中央财经大学自助咖啡机服务引入项目采购方式：比选预算金额：人民币28.5万元最低限价（场地费）：0.5万元/台/年（其中南路校区服务期限自2027年3月20日起，不满一年的按天计费。实际结算费用=年度场地费÷365×实际投放天数）实际投放天数按自然日历天数计算，设备故障、维修、节假日等情形，不予扣减投放天数。采购需求： 序号 标的名称 最低限价 简要技术需求或服务要求 1 中央财经大学自助咖啡机服务引入项目 0.5万元/台/年（其中南路校区服务期限自2027年3月20日起，不满一年的按天计费。实际结算费用=年度场地费÷365×实际投放天数）实际投放天数按自然日历天数计算，设备故障、维修、节假日等情形，不予扣减投放天数。 供应商在中央财经大学指定楼宇点位投放、运营自助咖啡机，为全校师生提供合规、平价、安全的现磨咖啡饮品售卖服务，负责设备全周期管理、食品安全管控、场地清洁、故障维修、投诉处理及日常合规经营等全部工作。 合同履行期限：沙河校区自助咖啡机服务期限为三年；南路校区自助咖啡机服务期限自2027年3月20日起，截止时间与沙河校区服务时间一致。每年度采购人将对供应商经营能力及履约情况进行考核，若考核不合格，采购人有权取消其服务资格。本项目不接受联合体参选。2、申请人的资格要求1.满足《中华人民共和国政府采购法》第二十二条规定；2.参照政府采购政策需满足的资格要求：（1）非专门面向中小企业采购，非专门面向小型、微型企业采购。（2）被列入失信被执行人、重大税收违法失信主体、政府采购严重违法失信行为记录名单的，不得参加本次采购。3.本项目的特定资格要求：（1）单位负责人为同一人或者存在直接控股、管理关系的不同供应商，不得参加同一包投标或者在未分包的同一采购项目中响应。（2） 供应商须持有有效的《食品经营许可证》（在主体业态后的括号中标注：自动售货类）。3、获取采购文件时间：2026年9月9日至2026年9月14日，每天上午9:00至12:00，下午12:00至17:00（北京时间，法定节假日除外）地点：北京市东城区朝内大街南竹杆胡同6号北京INN3号楼9层（地铁2号线、6号线，朝阳门站H口出，向南200米）方式：1.现场获取。获取文件时请携带以下资料：如获取人为法定代表人：供应商单位开具的法定代表人身份证明原件、法定代表人本人身份证原件及加盖公章复印件；如获取人为授权代理人：法定代表人授权委托书原件（内容自拟，但必须包括法定代表人签字或人名章，单位公章，以及授权事项必须包含针对本项目领取文件事宜）、获领取人本人身份证原件及加盖公章复印件。2.线上获取。凡获取比选文件的供应商，需将单位名称、详细通讯地址、电话、传真、联系人、联系方式（手机号）、如获取人为法定代表人：供应商单位开具的法定代表人身份证明原件电子扫描件、法定代表人本人身份证电子扫描件；如获取人为授权代理人：法定代表人授权委托书原件电子扫描件（内容自拟，但必须包括法定代表人签字或人名章，单位公章，以及授权事项必须包含针对本项目领取文件事宜）、获领取人本人身份证电子扫描件等信息，发送至电子邮箱yw01@hcjq.net，并注明邮件主题“项目名称+项目编号+文件获取”，我公司收到后将尽快把比选文件电子版发送给贵方。售价：人民币500元/份；比选文件售后不退。收款单位：北京汇诚金桥国际招标咨询有限公司开 户 行：中国农业银行股份有限公司北京朝阳门支行银行账号：1119  1701  0400  02067开户行行号：1031  0001  91764、响应文件提交截止时间：2026年9月17日上午10：00（北京时间）地点：北京市东城区朝内大街南竹杆胡同6号北京INN3号楼6层会议室（地铁2号线、6号线，朝阳门站H口出，向南200米）5、开启时间：2026年9月17日上午10：00（北京时间）地点：北京市东城区朝内大街南竹杆胡同6号北京INN3号楼6层会议室（地铁2号线、6号线，朝阳门站H口出，向南200米）6、公告期限自本公告发布之日起3个工作日。  二、开标时间：2026年09月17日 10:00 三、其它补充事宜1、本项目比选公告在中国政府采购网、中央财经大学网站上发布。2、供应商法定代表人或其本项目的授权代表须参加比选。3、本项目采购代理机构的项目编号：FW-2026070-HCJQ。 四、预算金额：预算金额：28.500000 万元（人民币）,教育培训,,中国政府采购网,比选,28.5,table,,,,,,,,,,,
北京市海淀区消防救援支队购置政采目录外家具项目比选公告,其他公告,ZGGJ-BJ08-26081664,2026年09月09日 14:06,市辖区,北京市海淀区消防救援支队,北京市海淀区四季青镇旱河路168号,刘老师 010-82556603,中工国际招标有限公司,北京市朝阳区亚运村慧忠路5号远大中心C座二层,李涛、张存、张威 010-82952950-823,李涛、张存、张威,010-82952950-823,,,https://www.ccgp.gov.cn/cggg/zygg/qtgg/202609/t20260909_27294581.htm,2026-09-10 10:07:43,中工国际招标有限公司受北京市海淀区消防救援支队 委托，根据《中华人民共和国政府采购法》等有关规定，现对北京市海淀区消防救援支队购置政采目录外家具项目进行其他招标，欢迎合格的供应商前来投标。 项目名称：北京市海淀区消防救援支队购置政采目录外家具项目项目编号：ZGGJ-BJ08-26081664项目联系方式：项目联系人：李涛、张存、张威项目联系电话：010-82952950-823 采购单位联系方式：采购单位：北京市海淀区消防救援支队采购单位地址：北京市海淀区四季青镇旱河路168号采购单位联系方式：刘老师 010-82556603 代理机构联系方式：代理机构：中工国际招标有限公司代理机构联系人：李涛、张存、张威 010-82952950-823代理机构地址： 北京市朝阳区亚运村慧忠路5号远大中心C座二层 一、采购项目内容购买警用单人床、餐厅挂凳餐桌、警用钢制更衣柜、警用战士学习桌、钢制上下床等家具，具体内容详见采购文件第四章采购需求部分。 二、开标时间：2026年09月18日 13:30 三、其它补充事宜(一)、项目基本情况1.项目名称：北京市海淀区消防救援支队购置政采目录外家具项目2.项目编号：ZGGJ-BJ08-260816643.采购方式： 比选 4.项目预算金额：45万元；单价合计最高限价（报价最高限价）：5.1015万元，结算金额以实际发生为准。5.比选采购范围：购买警用单人床、餐厅挂凳餐桌、警用钢制更衣柜、警用战士学习桌、钢制上下床等家具，具体内容详见采购文件第四章采购需求部分。6.合同履行期限：自合同签订之日起至质保期结束，交货期为在收到比选人采购订单后30个自然日内完成交付。7.本项目是否接受联合体：否。(二)、参选人的资格要求（须同时满足）1.参选人应当具备下列基本条件：1.1具有独立承担民事责任的能力；1.2具有良好的商业信誉和健全的财务会计制度；1.3具有履行合同所必需的设备和专业技术能力；1.4有依法缴纳税收和社会保障资金的良好记录；1.5参加采购活动前三年内，在经营活动中没有重大违法记录；1.6法律、行政法规规定的其他条件。2.中小企业政策需满足的资格要求：2.1中小企业政策本项目专门面向中小企业采购。3.本项目的特定资格要求：3.1 独立法人要求：在中华人民共和国境内依法注册，具有独立承担民事责任的能力，具有有效的营业执照或其他法定凭证；3.2 信誉要求：具有良好的企业信誉，参选人不能是被列入“中国执行信息公开网”（http://zxgk.court.gov.cn/shixin）失信被执行人和“信用中国”网站（www.creditchina.gov.cn）重大税收违法案件当事人以及“中国政府采购网”网站（www.ccgp.gov.cn）政府采购严重违法失信行为记录名单；3.3 登记备案要求：在中工招标电子招投标平台下载比选文件并登记备案。3.4 其他要求：参选人与参与本项目的其他参选人不存在关联关系（单位负责人或法人代表为同一个人，或者存在控股和被控股关系）并出具相应承诺。(三)、获取比选文件1.获取时间：2026年9月9日，上午09：00时至2026年9月14日，下午17：00时（北京时间，法定节假日除外）。2.获取地址：中工招标电子招投标平台（http://oa.zggjzb.cn/qpoaweb/bid/）3.获取方式：本项目为电子化招标采购项目。在线注册、并下载比选文件，在线递交参选文件。（1）新用户注册及报名： 未注册的比选申请人请先登录中工招标电子招投标平台（网址：http://oa.zggjzb.cn/qpoaweb/bid/）进行供应商免费注册；注册通过后，进入系统桌面，点击“招标公告”，查到本项目，填报相关信息进行报名。（2）文件获取： 1）报名完成后，进入系统桌面，点击页面“招标文件” 查询本项目，点击“查看”页面，进行比选文件下载。供应商请务必于标书发售截止时间前登录中工招标电子招投标平台完成注册、文件下载操作，否则将无法保证获取电子版比选文件。售价：0元/本。(四)、参选文件提交1.提交截止时间：2026年9月18日13时30分（北京时间）。2.提交方式：参选人登录“中工招标电子招投标平台”（http://oa.zggjzb.cn/qpoaweb/bid/）并上传提交参选文件。3.逾期递交的参选文件，比选人不予受理(五)、其他补充事宜本项目为全流程电子化采购项目。在线注册、下载比选文件。凡有意获取文件的参选人，请前往中工招标电子招投标平台（http://oa.zggjzb.cn/qpoaweb/bid/）免费注册。潜在参选人应充分考虑平台注册、确认及获取比选文件等流程所需的时间，应及时登录中工招标电子招投标平台完成注册、获取等操作，否则将无法保证获取比选文件。（如有疑问可拨打010-82952950-828进行咨询）。 四、预算金额：预算金额：45.000000 万元（人民币）,公共安全,2026-09-18 13:30,中国政府采购网,比选,45.0,table,,,,,,,,,,,
应急管理部国家减灾中心国家自然灾害灾情管理系统全国灾害信息员数据库常态化支撑保障比选公告,其他公告,GXCZ-C-26070151,2026年09月09日 13:47,北京市,应急管理部国家减灾中心,北京市朝阳区广百东路6号院,林老师，联系人电话：010-52811213,国信招标集团股份有限公司,北京市海淀区首体南路22号国兴大厦11层,黄婧、张画冰、吕记 ，010-88354433转365,黄婧,010-88354433转365,比选公告-全国灾害信息员数据库.pdf,"[{""attach_name"": ""比选公告-全国灾害信息员数据库.pdf"", ""attach_url"": ""https://download.ccgp.gov.cn/oss/download?uuid=59DA7154023CE59F52BF33EE9EB266""}]",https://www.ccgp.gov.cn/cggg/zygg/qtgg/202609/t20260909_27294485.htm,2026-09-10 10:07:44,"国信招标集团股份有限公司受应急管理部国家减灾中心 委托，根据《中华人民共和国政府采购法》等有关规定，现对国家自然灾害灾情管理系统全国灾害信息员数据库常态化支撑保障进行其他招标，欢迎合格的供应商前来投标。 项目名称：国家自然灾害灾情管理系统全国灾害信息员数据库常态化支撑保障项目编号：GXCZ-C-26070151项目联系方式：项目联系人：黄婧项目联系电话：010-88354433转365 采购单位联系方式：采购单位：应急管理部国家减灾中心采购单位地址：北京市朝阳区广百东路6号院采购单位联系方式：林老师，联系人电话：010-52811213 代理机构联系方式：代理机构：国信招标集团股份有限公司代理机构联系人：黄婧、张画冰、吕记 ，010-88354433转365代理机构地址： 北京市海淀区首体南路22号国兴大厦11层 一、采购项目内容采购内容：通过常态化支撑保障服务，确保全国灾害信息员数据库稳定运行，并通过智能外呼能力建设和系统接口对接，解决传统人工摸排方式存在效率低、覆盖面有限、数据汇总不及时等问题，实现重大灾害发生后对灾害信息员的自动化、批量化电话摸排，快速收集灾情信息，为应急指挥决策提供及时、准确的数据支撑。服务期：自合同签订之日起至2026年11月。服务地点：采购人指定地点。 二、开标时间： 三、其它补充事宜非政采项目，其他详见附件1. 购买比选文件的售价、时间期限、方式售价：200元方式：凡有意参加参选者，请于2026年9月9日至2026年9月16日（每天8:30-11:30，13:00-16:30，周六、周日及法定节假日除外），将法人代表授权书及被授权人的有效身份证明（加盖公章）扫描件、汇款截图发送至邮箱（kitty823321@sina.cn）,邮件标题注明项目名称和单位全称。同时在http://user.gxzb.com.cn/ztb/unit/login/register.jsp上进行注册（已注册的无须此操作）接收标书款账户信息：户    名：国信招标集团股份有限公司开户银行：平安银行北京神华支行账    号：30206098017568 （个人汇款请备注公司简称）2.公告发布媒介及公告期限本比选公告在中国政府采购网和国家减灾网（www.ndrcc.org,cn）发布。3.公告期限：自中国政府采购网发布公告之日起5个工作日。4.参选文件递交截止时间：2026年9月28日17:00。（北京时间）。逾期递交的参选文件恕不接受。         5.参选文件递交地点（接受邮寄）：北京市海淀区首体南路22号国兴大厦11层。 四、预算金额：预算金额：40.000000 万元（人民币）",公共安全,2026-09-28 17:00,中国政府采购网,,40.0,table,,,,,,,,,,,
应急管理部国家减灾中心国家自然灾害灾情管理系统全国灾害信息员在线学习服务分系统常态化支撑保障比选公告,其他公告,GXCZ-C-26070150,2026年09月09日 13:47,北京市,应急管理部国家减灾中心,北京市朝阳区广百东路6号院,林老师，联系人电话：010-52811213,国信招标集团股份有限公司,北京市海淀区首体南路22号国兴大厦11层,黄婧、张画冰、吕记 ，010-88354433转365,黄婧,010-88354433转365,比选公告-全国灾害信息员在线学习服务.pdf,"[{""attach_name"": ""比选公告-全国灾害信息员在线学习服务.pdf"", ""attach_url"": ""https://download.ccgp.gov.cn/oss/download?uuid=F4A1996B756A6D145E50D8B0DC4E9D""}]",https://www.ccgp.gov.cn/cggg/zygg/qtgg/202609/t20260909_27294482.htm,2026-09-10 10:07:45,"国信招标集团股份有限公司受应急管理部国家减灾中心 委托，根据《中华人民共和国政府采购法》等有关规定，现对国家自然灾害灾情管理系统全国灾害信息员在线学习服务进行其他招标，欢迎合格的供应商前来投标。 项目名称：国家自然灾害灾情管理系统全国灾害信息员在线学习服务项目编号：GXCZ-C-26070150项目联系方式：项目联系人：黄婧项目联系电话：010-88354433转365 采购单位联系方式：采购单位：应急管理部国家减灾中心采购单位地址：北京市朝阳区广百东路6号院采购单位联系方式：林老师，联系人电话：010-52811213 代理机构联系方式：代理机构：国信招标集团股份有限公司代理机构联系人：黄婧、张画冰、吕记 ，010-88354433转365代理机构地址： 北京市海淀区首体南路22号国兴大厦11层 一、采购项目内容采购内容：开展2026年“在线学习分系统”的功能、性能及内容完善的运行维护保障工作。服务期：自合同签订之日起12个月。服务地点：采购人指定地点。 二、开标时间： 三、其它补充事宜非政采项目， 其他详情见附件1. 购买比选文件的售价、时间期限、方式售价：200元方式：凡有意参加参选者，请于2026年9月9日至2026年9月16日（每天8:30-11:30，13:00-16:30，周六、周日及法定节假日除外），将法人代表授权书及被授权人的有效身份证明（加盖公章）扫描件、汇款截图发送至邮箱（kitty823321@sina.cn）,邮件标题注明项目名称和单位全称。同时在http://user.gxzb.com.cn/ztb/unit/login/register.jsp上进行注册（已注册的无须此操作）接收标书款账户信息：户    名：国信招标集团股份有限公司开户银行：平安银行北京神华支行账    号：30206098017126 （个人汇款请备注公司简称）2.公告发布媒介及公告期限本比选公告在中国政府采购网和国家减灾网（www.ndrcc.org,cn）发布。3.公告期限：自中国政府采购网发布公告之日起5个工作日。4.参选文件递交截止时间：2026年9月28日17:00。（北京时间）。逾期递交的参选文件恕不接受。5.参选文件递交地点（接受邮寄）：北京市海淀区首体南路22号国兴大厦11层。 四、预算金额：预算金额：40.000000 万元（人民币）",公共安全,2026-09-28 17:00,中国政府采购网,,40.0,table,,,,,,,,,,,
北京协和医院东单院区门诊楼扶梯预防性修理项目流标公告,流标公告,0686-26300E175815N,2026年09月09日 13:46,北京市,中国医学科学院北京协和医院,北京市东城区王府井帅府园1号,"赵齐霁、黄莹,010-85343384/85343442",北京国际贸易有限公司,北京市朝阳区建国门外大街甲3号,"赵齐霁、黄莹,010-85343384/85343442",赵齐霁、黄莹,010-85343384,,,https://www.ccgp.gov.cn/cggg/zygg/qtgg/202609/t20260909_27294488.htm,2026-09-10 10:07:45,"一、项目基本情况 采购项目编号：0686-26300E175815N 采购项目名称：北京协和医院东单院区门诊楼扶梯预防性修理项目 二、项目废标/流标的原因 至投标截止时间止，递交投标文件的供应商不足三家 三、其他补充事宜 无 四、凡对本次公告内容提出询问，请按以下方式联系。 1.采购人信息 名 称：中国医学科学院北京协和医院 地址：北京市东城区王府井帅府园1号 联系方式：赵齐霁、黄莹,010-85343384/85343442 2.采购代理机构信息 名 称：北京国际贸易有限公司 地 址：北京市朝阳区建国门外大街甲3号 联系方式：赵齐霁、黄莹,010-85343384/85343442 3.项目联系方式 项目联系人：赵齐霁、黄莹 电 话： 010-85343384/85343442",医疗卫生,,中国政府采购网,,,default,二、项目废标/流标的原因,,,,,,,,,,
中央美术学院充电桩项目废标公告,流标公告,HL-ZB-24001-50,2026年09月09日 12:18,北京市,中央美术学院,北京市朝阳区花家地南街8号,支老师010-64771908,北京恒乐工程管理有限公司,北京市朝阳区望京中环南路甲2号佳境天城A605,董玉凤、陈震、黄颖、周丹、刘金格、谢万东、李洋、84721120转8064,董玉凤、陈震、黄颖、周丹、刘金,84721120转8064,,,https://www.ccgp.gov.cn/cggg/zygg/qtgg/202609/t20260909_27294198.htm,2026-09-10 10:07:46,一、项目基本情况 采购项目编号：HL-ZB-24001-50 采购项目名称：中央美术学院充电桩项目 二、项目废标/流标的原因 提交文件的供应商不足三家，本项目废标。 三、其他补充事宜 无。 四、凡对本次公告内容提出询问，请按以下方式联系。 1.采购人信息 名 称：中央美术学院 地址：北京市朝阳区花家地南街8号 联系方式：支老师010-64771908 2.采购代理机构信息 名 称：北京恒乐工程管理有限公司 地 址：北京市朝阳区望京中环南路甲2号佳境天城A605 联系方式：董玉凤、陈震、黄颖、周丹、刘金格、谢万东、李洋、84721120转8064 3.项目联系方式 项目联系人：董玉凤、陈震、黄颖、周丹、刘金格、谢万东、李洋 电 话： 84721120转8064,教育培训,,中国政府采购网,,,default,二、项目废标/流标的原因,,,,,,,,,,
广州市增城区消防救援大队2026年第二批消防装备采购项目征求意见公告其他,其他公告,ZCXFDD20260908,2026年09月09日 12:14,增城市,广州市增城区消防救援大队,广东省广州市增城区荔城大道271号,姚工，020-82619303,详见公告正文,详见公告正文,详见公告正文,姚工,020-82619303,"1、广州市增城区消防救援大队2026年消防装备采购计划汇总表.xlsx,2、广州市增城区消防救援大队2026年消防装备技术参数征求意见表.xls","[{""attach_name"": ""1、广州市增城区消防救援大队2026年消防装备采购计划汇总表.xlsx"", ""attach_url"": ""https://download.ccgp.gov.cn/oss/download?uuid=8FA2184E164131CCBD17E201D7632D""}, {""attach_name"": ""2、广州市增城区消防救援大队2026年消防装备技术参数征求意见表.xls"", ""attach_url"": ""https://download.ccgp.gov.cn/oss/download?uuid=765B3F466E3DC212299318462811AA""}]",https://www.ccgp.gov.cn/cggg/zygg/qtgg/202609/t20260909_27294307.htm,2026-09-10 10:07:46,根据《中华人民共和国政府采购法》等有关规定，现对广州市增城区消防救援大队2026年第二批消防装备采购项目征求意见公告进行其他招标，欢迎合格的供应商前来投标。 项目名称：广州市增城区消防救援大队2026年第二批消防装备采购项目征求意见公告项目编号：ZCXFDD20260908项目联系方式：项目联系人：姚工项目联系电话：020-82619303 采购单位联系方式：采购单位：广州市增城区消防救援大队采购单位地址：广东省广州市增城区荔城大道271号采购单位联系方式：姚工，020-82619303  一、采购项目内容1、项目：广州市增城区消防救援大队2026年第二批消防装备采购项目征求意见公告2、内容：详见附件清单3、技术需求征求意见方式：公开征求4、公告时间：2026年9月9日至2026年9月22日 二、开标时间： 三、其它补充事宜供应商对照消防装备技术需求填写《广州市增城区消防救援大队2026年消防装备技术参数征求意见表》（附件）。请在公示期内将提出的意见加盖公章后以Excel和pdf格式发送至邮箱1908869981@qq.com。提出的意见建议应当实事求是、详细具体。 四、预算金额：预算金额：0.000000 万元（人民币）,公共安全,,中国政府采购网,,0.0,table,,,,,,,,,,,
中国人民银行河源市分行劳务外包服务项目废标公告,流标公告,HYLYNG202608070,2026年09月09日 12:04,市辖区,中国人民银行河源市分行,河源市源城区文明路13号,张女士、0762-3665410,广东蕾阳工程咨询有限公司,河源市越王大道与永和路交口东北侧华达万福基金中银大厦18楼,谢小姐、0762-3169928,谢小姐,0762-3169928,,,https://www.ccgp.gov.cn/cggg/zygg/qtgg/202609/t20260909_27294101.htm,2026-09-10 10:07:47,一、项目基本情况 采购项目编号：HYLYNG202608070 采购项目名称：中国人民银行河源市分行劳务外包服务项目 二、项目废标/流标的原因 本项目在法定截止时间内报名的供应商不足三家，根据《政府采购法》第三十六条第一款:“符合专业条件的供应商或者对招标文件作实质响应的供应商不足三家的，应予以废标”，现依法对该项目作废标处理。 三、其他补充事宜 无 四、凡对本次公告内容提出询问，请按以下方式联系。 1.采购人信息 名 称：中国人民银行河源市分行 地址：河源市源城区文明路13号 联系方式：张女士、0762-3665410 2.采购代理机构信息 名 称：广东蕾阳工程咨询有限公司 地 址：河源市越王大道与永和路交口东北侧华达万福基金中银大厦18楼 联系方式：谢小姐、0762-3169928 3.项目联系方式 项目联系人：谢小姐 电 话： 0762-3169928,服务外包,,中国政府采购网,,,default,二、项目废标/流标的原因,,,,,,,,,,
北京市通州区消防救援支队2026年“119”消防宣传月活动采购项目比选公告,其他公告,ZYZX-FW-26139,2026年09月09日 12:00,通州区,通州区消防救援支队,北京市通州区潞源街道镜澄街与畅和西路交叉口,张老师，010-52821101,北京中域正信工程咨询有限公司,北京市昌平区碧水庄园A5-5,谢赵颖18501206684,谢赵颖,18501206684,,,https://www.ccgp.gov.cn/cggg/zygg/qtgg/202609/t20260909_27294072.htm,2026-09-10 10:07:48,北京中域正信工程咨询有限公司受通州区消防救援支队 委托，根据《中华人民共和国政府采购法》等有关规定，现对北京市通州区消防救援支队2026年“119”消防宣传月活动采购项目进行其他招标，欢迎合格的供应商前来投标。 项目名称：北京市通州区消防救援支队2026年“119”消防宣传月活动采购项目项目编号：ZYZX-FW-26139项目联系方式：项目联系人：谢赵颖项目联系电话：18501206684 采购单位联系方式：采购单位：通州区消防救援支队采购单位地址：北京市通州区潞源街道镜澄街与畅和西路交叉口采购单位联系方式：张老师，010-52821101 代理机构联系方式：代理机构：北京中域正信工程咨询有限公司代理机构联系人：谢赵颖18501206684代理机构地址： 北京市昌平区碧水庄园A5-5 一、采购项目内容项目概况(北京市通州区消防救援支队2026年“119”消防宣传月活动采购项目 )采购项目的潜在供应商应在（北京市昌平区碧水庄园A5-5）获取比选文件，并于2026年9月21日09点30分（北京时间）前递交响应文件。一、项目基本情况项目编号：ZYZX-FW-26139项目名称：北京市通州区消防救援支队2026年“119”消防宣传月活动采购项目采购方式：比选采购需求： 包号 项目名称 预算金额 (万元) 数量 简要技术需求或服务要求 1 北京市通州区消防救援支队2026年“119”消防宣传月活动采购项目 34.049 1 北京市通州区消防救援支队2026年“119”消防宣传月活动采购项目，具体详见采购需求  合同履行期限：合同签订之日起至2026年11月30日前完成全部实施及成果交付二、申请人的资格要求：1）符合《中华人民共和国政府采购法》第二十二条规定的条件，在中华人民共和国境内注册的、具有独立承担民事责任的能力的供应商；2）具有良好的商业信誉和健全的财务会计制度；3）具有履行合同所必需的设备和专业技术能力；4）有依法缴纳税收和社会保障资金的良好记录；5）近三年内，在经营活动中没有重大违法记录，通过“信用中国”网站（www.creditchina.gov.cn）和中国政府采购网（www.ccgp.gov.cn）查询信用记录（截止时间点为投标截止时间），被列入失信被执行人、重大税收违法案件当事人名单或政府采购严重违法失信行为记录名单的供应商，没有资格参加本项目的采购活动；6）本项目不接受联合体投标；7）单位负责人为同一人或者存在直接控股、管理关系的不同供应商，不得同时参加本项目的投标；8）法律、行政法规规定的其他条件。9）本项目专门面向中小企业，中小企业行业为：其他未列明行业三、获取比选文件时间：2026年9月10日至2026年9月16日，每天上午09:00至11:30，下午13:00至16:00（北京时间，法定节假日除外）地点：北京市昌平区碧水庄园A5-5方式：现场购买，法定代表人身份证明原件、法定代表人身份证原件及复印件（适用于法定代表人购买标书）或法人授权委托书原件、授权代表身份证原件及复印件（适用于授权委托人购买标书）。文件售后不退。未从采购代理机构获取采购文件并登记在案的潜在供应商均无资格参加。售价：¥300元。注：标书款可采用对公转账或现金的方式缴纳，采用对公转账方式缴纳标书款的，领取比选文件时需提供汇款底单并加盖公章开户银行：中国工商银行股份有限公司北京沙河支行银行账号：0200011719200311623。四、响应文件提交截止时间：2026年9月21日09点30分（北京时间）地点：北京市昌平区碧水庄园A5-5五、开启开标时间：2026年9月21日09点30分（北京时间）地点：北京市昌平区碧水庄园A5-5六、其他补充事宜 无七、凡对本次采购提出询问，请按以下方式联系。 1.采购人信息名    称：北京市通州区消防救援支队地    址：北京市通州区潞源街道镜澄街与畅和西路交叉口联系方式：张老师  010-528211012.采购代理机构信息名    称：北京中域正信工程咨询有限公司地  址：北京市昌平区碧水庄园A5-5联系方式：谢赵颖 18501206684 二、开标时间：2026年09月21日 09:30 三、其它补充事宜无 四、预算金额：预算金额：34.049000 万元（人民币）,公共安全,2026-09-21 09:30,中国政府采购网,比选,34.049,table,,,,,,,,,,,
广东省深圳市消防救援支队轨道交通大队2026年生活用品和办公用品配送服务采购项目的遴选公告,其他公告,SSZX2026-304,2026年09月09日 12:00,深圳市,深圳市消防救援支队轨道交通大队,深圳市南山区深南大道10288号,苏工； 联系电话：0755-86182332； 邮编：518000。,深圳市深水水务咨询有限公司,深圳市罗湖区清水河街道清水河社区清水河一路112号罗湖投资控股大厦裙楼401,庄晓琴、刁杰辉、张辰、王旋； 联系电话：13688812350、18707551546。,庄晓琴、刁杰辉、张辰、王旋项目,13688812350、18707551546,广东省深圳市消防救援支队轨道交通大队2026年生活用品和办公用品配送服务采购项目遴选文件2026.9.9发售稿.pdf,"[{""attach_name"": ""广东省深圳市消防救援支队轨道交通大队2026年生活用品和办公用品配送服务采购项目遴选文件2026.9.9发售稿.pdf"", ""attach_url"": ""https://download.ccgp.gov.cn/oss/download?uuid=CD686BB4E746EB900EC579C9BBE1B8""}]",https://www.ccgp.gov.cn/cggg/zygg/qtgg/202609/t20260909_27294070.htm,2026-09-10 10:07:48,深圳市深水水务咨询有限公司受深圳市消防救援支队轨道交通大队 委托，根据《中华人民共和国政府采购法》等有关规定，现对广东省深圳市消防救援支队轨道交通大队2026年生活用品和办公用品配送服务采购项目进行其他招标，欢迎合格的供应商前来投标。 项目名称：广东省深圳市消防救援支队轨道交通大队2026年生活用品和办公用品配送服务采购项目项目编号：SSZX2026-304项目联系方式：项目联系人：庄晓琴、刁杰辉、张辰、王旋项目联系电话：13688812350、18707551546 采购单位联系方式：采购单位：深圳市消防救援支队轨道交通大队采购单位地址：深圳市南山区深南大道10288号采购单位联系方式：苏工； 联系电话：0755-86182332； 邮编：518000。 代理机构联系方式：代理机构：深圳市深水水务咨询有限公司代理机构联系人：庄晓琴、刁杰辉、张辰、王旋； 联系电话：13688812350、18707551546。代理机构地址： 深圳市罗湖区清水河街道清水河社区清水河一路112号罗湖投资控股大厦裙楼401 一、采购项目内容确定一家供应商，为采购人提供2026年生活用品和办公用品配送服务。 二、开标时间：2026年09月20日 14:30 三、其它补充事宜 项目概况 根据《深圳市消防救援支队采购管理暂行规定（2024年版）》，广东省深圳市消防救援支队轨道交通大队2026年生活用品和办公用品配送服务采购项目采用内部评选遴选方式择优选择供应商。项目情况如下：  一、项目基本情况 项目名称：广东省深圳市消防救援支队轨道交通大队2026年生活用品和办公用品配送服务采购项目  项目编号：SSZX2026-304 预算金额：人民币45.240000万元 采购需求：确定一家供应商，为采购人提供2026年生活用品和办公用品配送服务。 合同履行期限：一年。合同若在服务期限内支付金额达到合同上限金额，则视为该合同终止。具体以合同生效之日起算，协议期内所有合同实质性条款不得改变。二、参评人的资格要求1.参评人必须是具有独立法人资格或是具有独立承担民事责任能力的其它组织（提供营业执照或事业单位法人证书或其他证明材料复印件加盖公章，如果参与参评的供应商为分公司则须提供分公司营业执照、其所属集团(或总公司)等具有独立法人资格的组织出具愿为其参与本项目参评以及履约行为承担民事责任的授权书，但只接受直接授权，不接受逐级授权，并同时提供总公司营业执照。不接受同一集团(或总公司)授权两家或以上分公司同时参与本项目参评，也不接受集团(或总公司)与分公司同时参与本项目参评，如出现上述情形，该两家或以上供应商的参评文件均按无效参评处理)。上述资料原件备查）；2.参与本项目政府采购活动时不存在被有关部门禁止参与政府采购活动且在有效期内的情况（由供应商在《资格声明函》中作出声明，加盖公章）；3.具备《中华人民共和国政府采购法》第二十二条第一款的条件（由供应商在《资格声明函》中作出声明，加盖公章）；4.未被列入失信被执行人、重大税收违法失信主体、政府采购严重违法失信行为记录名单（由供应商在《资格声明函》中作出声明，加盖公章）【注：采购代理机构将通过“信用中国”中“信用服务”栏的“重大税收违法失信主体”“失信被执行人”、“中国政府采购网”中的“政府采购严重违法失信行为记录名单”、“深圳信用网”以及“深圳市政府采购监管网”查询供应商的信用信息，相关信息以开标当日的查询结果为准。信用信息查询记录将作为项目档案材料一并保存。】；5.不同供应商的法定代表人、主要经营负责人、项目参评授权代表人、项目负责人、主要技术人员不得为同一人、属同一单位或者在同一单位缴纳社会保险；不同参评供应商的参评文件不得由同一单位或者同一人编制；单位负责人为同一人或者存在直接控股、管理关系的不同供应商，不得参加本项目政府采购活动（由供应商填写《供应商基本情况表》相关信息，如发现不同参评供应商的相关信息存在上述“不得”的情形，作参评无效处理）；注：其中，对于“不同供应商的单位负责人是否为同一人”，由采购代理机构将通过国家企业信用信息公示系统(https://www.gsxt.gov.cn/index.html）或机关赋码和事业单位登记管理网（https://gjsy.scopsr.gov.cn/)或全国社会组织信用信息公示平台（https://xxgs.chinanpo.mca.gov.cn/gsxt/newList）等网站查询供应商信息，相关信息以截标当日的查询结果为准；6.为本项目提供整体设计、规范编制或者项目管理、监理、检测等服务的供应商，不得参加本项目参评。（由供应商在《资格声明函》中作出声明，加盖公章）；7.本项目不接受联合体参评，不接受进口产品参与参评，不允许转包、分包（由供应商在《资格声明函》中作出声明，加盖公章）；8.本项目是否专门面向中小企业采购：本项目属于专门面向中小微企业采购的项目（提供符合要求的《中小企业声明函》并加盖参评人公章，参评供应商必须属于中型企业或小型企业或微型企业；如供应商为残疾人福利性单位或监狱企业，视同小型、微型企业，提供《残疾人福利性单位声明函》或《监狱企业声明函》及监狱企业证明文件亦视为符合。本项目对应的中小企业划分标准所属行业：零售业。三、获取遴选文件 1.时间：2026年9月9日起至2026年9月16日止（周一至周五上午9:00-12:00，下午14:00-17:30）。2.线上报名。报名网址：https://jdy.shenshuizaojia.com:8443/f/6758fdb2f9ae5eae94a793db。地址：深圳市深水水务咨询有限公司（深圳市罗湖区清水河街道清水河社区清水河一路112号罗湖投资控股大厦裙楼401）；报名时提交以下资料盖章扫描件：（1）参评人的营业执照；（2）法人代表证明书、法人身份证、授权委托书、被授权委托人身份证、被授权委托人联系方式（电话、邮箱）；（3）参评人的增值税发票开票（信息）资料；遴选文件售价：每套人民币500元，遴选文件售后不退；领取联系人：庄晓琴；       联系电话：13688812350。四、提交参评文件截止时间、评选时间和地点 参评文件提交截止时间：2026年9月20日14时00分至14时30分。 参评文件提交方式：现场递交（如需邮件递交需提前联系收取联系人）。 收取地址：深圳市罗湖区清水河街道清水河社区清水河一路112号罗湖投资控股大厦裙楼401。收取联系人：庄晓琴。联系电话：13688812350。邮编：518000评选时间：2026年9月20日14时30分。评选地点：深圳市罗湖区清水河街道清水河社区清水河一路112号罗湖投资控股大厦裙楼401。 四、预算金额：预算金额：45.240000 万元（人民币）,公共安全,2026-09-20 14:00,中国政府采购网,,45.24,table,,,,,,,,,,,
北京大学第一医院医疗法律事务常年法律顾问服务采购项目废标公告,流标公告,BZZB-26-320,2026年09月09日 11:30,市辖区,北京大学第一医院,北京市西什库大街 8号,林老师  010-83576448,北京北咨招标有限公司,北京市朝阳区华腾世纪总部公园F座11层1106,王威秀15313132231,王威秀,15313132231,,,https://www.ccgp.gov.cn/cggg/zygg/qtgg/202609/t20260909_27293735.htm,2026-09-10 10:07:49,一、项目基本情况 采购项目编号：BZZB-26-320 采购项目名称：北京大学第一医院医疗法律事务常年法律顾问服务采购项目 二、项目废标/流标的原因 至投标截止时间递交投标文件的投标单位不足三家，故此项目废标 三、其他补充事宜 四、凡对本次公告内容提出询问，请按以下方式联系。 1.采购人信息 名 称：北京大学第一医院 地址：北京市西什库大街 8号 联系方式：林老师 010-83576448 2.采购代理机构信息 名 称：北京北咨招标有限公司 地 址：北京市朝阳区华腾世纪总部公园F座11层1106 联系方式：王威秀15313132231 3.项目联系方式 项目联系人：王威秀 电 话： 15313132231,医疗卫生,,中国政府采购网,,,default,二、项目废标/流标的原因,,,,,,,,,,
山西省消防救援总队高层建筑火灾救援能力建设项目市场调研公告,其他公告,,2026年09月09日 11:25,山西省,山西省消防救援总队,太原市桃园南路59号,谷先生  0351-3135119,详见公告正文,详见公告正文,详见公告正文,贾先生,13466881385,"附件2：XX厂家XX车辆报价单.xlsx,附件3：产品咨询说明.docx,附件4：XX公司调研信息反馈（文件夹）格式.zip,附件5：山西省2020-2022年消防救援队伍专业消防车辆装备建设续采项目需求问卷调查表.doc,附件1：山西省消防救援总队高层建筑火灾救援能力建设项目调研目录.xls","[{""attach_name"": ""附件2：XX厂家XX车辆报价单.xlsx"", ""attach_url"": ""https://download.ccgp.gov.cn/oss/download?uuid=D8AF5B9FD0F889F373858E72B3AA5A""}, {""attach_name"": ""附件3：产品咨询说明.docx"", ""attach_url"": ""https://download.ccgp.gov.cn/oss/download?uuid=22601B83B313A91AE6655B9272D2C9""}, {""attach_name"": ""附件4：XX公司调研信息反馈（文件夹）格式.zip"", ""attach_url"": ""https://download.ccgp.gov.cn/oss/download?uuid=4C140FEF019750C06D43ED4BD76E2D""}, {""attach_name"": ""附件5：山西省2020-2022年消防救援队伍专业消防车辆装备建设续采项目需求问卷调查表.doc"", ""attach_url"": ""https://download.ccgp.gov.cn/oss/download?uuid=2355255B46622C29469E1A4B746500""}, {""attach_name"": ""附件1：山西省消防救援总队高层建筑火灾救援能力建设项目调研目录.xls"", ""attach_url"": ""https://download.ccgp.gov.cn/oss/download?uuid=7A39590804014AF4484AC689FF91E5""}]",https://www.ccgp.gov.cn/cggg/zygg/qtgg/202609/t20260909_27293668.htm,2026-09-10 10:07:50,"根据《中华人民共和国政府采购法》等有关规定，现对山西省消防救援总队高层建筑火灾救援能力建设项目进行其他招标，欢迎合格的供应商前来投标。 项目名称：山西省消防救援总队高层建筑火灾救援能力建设项目项目编号：项目联系方式：项目联系人：贾先生项目联系电话：13466881385 采购单位联系方式：采购单位：山西省消防救援总队采购单位地址：太原市桃园南路59号采购单位联系方式：谷先生 0351-3135119  一、采购项目内容为全面掌握灭火救援装备市场情况，切实做好山西省消防救援队伍灭火救援装备建设工作，现对消防车辆进行市场调研，调研内容主要包括产品技术性能参数、市场价格、检测报告（含：检测报告、认证文件、车辆的工信部公告）等产品信息，欢迎有相关产品、有意向反馈产品信息的、符合相关资质要求的生产、供应厂商积极参与，提供相关车辆产品信息。一、供应商资质为确保反馈材料的准确、可靠、参考价值高，各反馈信息的生产、供应厂商应具备符合法律法规的相关资质要求。二、调研范围“山西省消防救援总队高层建筑火灾救援能力建设项目”中的消防车辆（详见附件1）。三、市场信息反馈（一）报价单信息反馈。各生产、供应厂商反馈的消防车辆报价信息应真实准确，报价有效期应在1年以上。消防车辆报价请按照附件2“XX厂家XX车辆报价单”格式填写。（二）反馈的其他材料。各生产、供应厂商反馈消防车辆报价单的同时，一同反馈消防车辆装备的详细技术参数及图片信息，如有产品的检测报告、认证文件、工信部公告也一同提供，反馈的产品信息尽可能详细、全面。（三）反馈方式。各供应商请按照附件3“产品咨询说明”、附件4“XX公司装备物资调研信息反馈（文件夹）”的格式要求，对反馈的相关产品信息进行整理汇总，以电子邮件的方式发送710446055@qq.com邮箱,报价单应为盖章扫描件。（四）反馈时间：即日起至2026年9月20日前，以电子邮件的方式递交。纸质文件邮寄至总队灭火救援处或在工作日8:30-12:00、14:30-18:00直接递交。（五）联系方式：贾先生：13466881385地址：山西省太原市迎泽区桃园南路59号邮箱：710446055@qq.com感谢市场各厂商对山西省消防救援总队灭火救援装备建设工作的大力支持！ 附件：1.山西省消防救援总队高层建筑火灾救援能力建设项目调研目录2.XX厂家XX车辆报价单3.产品咨询说明4.XX公司调研信息反馈文件夹格式5.山西省消防救援总队高层建筑火灾救援能力建设项目需求问卷调查表 二、开标时间： 三、其它补充事宜 四、预算金额：预算金额：0.000000 万元（人民币）",公共安全,,中国政府采购网,,0.0,table,,,,,,,,,,,
赤水市消防救援大队2026年度灭火救援装备采购项目需求公示,其他公告,YGCQ-ZY-ZC-2026-ZY-102-,2026年09月09日 11:16,赤水市,赤水市消防救援大队,贵州省遵义市赤水市丹霞大道711号,李杰 0851－22820983,贵州阳光产权交易所有限公司,贵阳市观山湖区毕节路58号联合广场A座4层,王晨诗雨 0851-84702383,王晨诗雨,0851-84702383,"附件1：赤水市消防救援大队2026年度灭火救援装备采购项目技术参数表.pdf,附件2：赤水市消防救援大队2026年度灭火救援装备采购项目反馈格式.doc","[{""attach_name"": ""附件1：赤水市消防救援大队2026年度灭火救援装备采购项目技术参数表.pdf"", ""attach_url"": ""https://download.ccgp.gov.cn/oss/download?uuid=A460D9A89ADBEFB3483383E29FBBC0""}, {""attach_name"": ""附件2：赤水市消防救援大队2026年度灭火救援装备采购项目反馈格式.doc"", ""attach_url"": ""https://download.ccgp.gov.cn/oss/download?uuid=C39D59232EA734F3D9E40015504823""}]",https://www.ccgp.gov.cn/cggg/zygg/qtgg/202609/t20260909_27293587.htm,2026-09-10 10:07:50,贵州阳光产权交易所有限公司受赤水市消防救援大队 委托，根据《中华人民共和国政府采购法》等有关规定，现对赤水市消防救援大队2026年度灭火救援装备采购项目进行其他招标，欢迎合格的供应商前来投标。 项目名称：赤水市消防救援大队2026年度灭火救援装备采购项目项目编号：YGCQ-ZY-ZC-2026-ZY-102-比项目联系方式：项目联系人：王晨诗雨项目联系电话：0851-84702383 采购单位联系方式：采购单位：赤水市消防救援大队采购单位地址：贵州省遵义市赤水市丹霞大道711号 采购单位联系方式：李杰 0851－22820983 代理机构联系方式：代理机构：贵州阳光产权交易所有限公司代理机构联系人：王晨诗雨 0851-84702383代理机构地址： 贵阳市观山湖区毕节路58号联合广场A座4层 一、采购项目内容赤水市消防救援大队2026年度灭火救援装备采购项目，具体内容详见附件1。 二、开标时间： 三、其它补充事宜（一）公示期限：2026年9月9日至2026年9月18日（二）公示期限内，请各潜在投标人多提宝贵意见，特别针对需求文件中错误、矛盾、指向性、不合理等问题进行重点反馈。如对公示内容有异议的，请将意见建议通过书面（盖章扫描件）反馈至采购代理机构电子邮箱975564810@qq.com，反馈内容须加盖反馈单位公章，超过公示期的意见原则上不再受理。（反馈格式详见附件2）（三）本公示内容仅为采购人对本项目的需求公示，所有采购信息以实际发布的采购公告为准。反馈内容将作为采购需求审查的重要依据。（四）预算金额：34.91万元（人民币）（五）附件内容附件：赤水市消防救援大队2026年度灭火救援装备采购项目需求公示内容附件1：技术参数附件2：反馈格式 四、预算金额：预算金额：34.910000 万元（人民币）,公共安全,,中国政府采购网,,34.91,table,,,,,,,,,,,
兰州大学信息科学与工程学院新型半导体晶圆、器件制作、电路板设计及性能测试服务采购项目（第二标段二次）废标公告,流标公告,LZU-2026-145-FW-GK,2026年09月09日 11:16,兰州市,兰州大学,甘肃省兰州市城关区天水南路222号,0931-8912932、zbk@lzu.edu.cn,甘肃中金国际招标有限公司,兰州市城关区南滨河东路5148号名城广场1号楼2013室,李兴龙、18119421692、396115270@qq.com,马浚,13919075581,,,https://www.ccgp.gov.cn/cggg/zygg/qtgg/202609/t20260909_27293582.htm,2026-09-10 10:07:51,一、项目基本情况 采购项目编号：LZU-2026-145-FW-GK 采购项目名称：兰州大学信息科学与工程学院新型半导体晶圆、器件制作、电路板设计及性能测试服务采购项目 二、项目废标/流标的原因 通过资格审查的投标单位不足三家，本项目予以废标。 三、其他补充事宜 无 四、凡对本次公告内容提出询问，请按以下方式联系。 1.采购人信息 名 称：兰州大学 地址：甘肃省兰州市城关区天水南路222号 联系方式：0931-8912932、zbk@lzu.edu.cn 2.采购代理机构信息 名 称：甘肃中金国际招标有限公司 地 址：兰州市城关区南滨河东路5148号名城广场1号楼2013室 联系方式：李兴龙、18119421692、396115270@qq.com 3.项目联系方式 项目联系人：马浚（用户单位） 电 话： 13919075581,教育培训,,中国政府采购网,,,default,二、项目废标/流标的原因,,,,,,,,,,
生态环境部华南环境科学研究所华南区域危险废物环境风险防控技术中心建设项目-专业仪器设备采购项目（一批）（四）（项目编号：M4400000707538972）失败公告（采购包1）,其他公告,M4400000707538972,2026年09月09日 11:06,广东省,生态环境部华南环境科学研究所,广州市黄埔区瑞和路18号,王小姐；020-29119669,广东省机电设备招标有限公司,广州市环市中路316号金鹰大厦9楼911室,郑淇筠、刘雨婷、陈健、陈安琪、宁小萍、王勇新；020-83543621/4566/1759（电子邮箱：gtczb7@126.com）,郑工、刘工、陈工,020-83543621,,,https://www.ccgp.gov.cn/cggg/zygg/qtgg/202609/t20260909_27293478.htm,2026-09-10 10:07:52,一、项目基本情况 采购项目编号：M4400000707538972 采购项目名称：华南区域危险废物环境风险防控技术中心建设项目-专业仪器设备采购项目（一批）（四） 二、项目废标/流标的原因 因本项目采购包1符合专业条件的供应商或者对招标文件作实质响应的供应商不足三家，故本项目采购包1招标失败。 三、其他补充事宜 / 四、凡对本次公告内容提出询问，请按以下方式联系。 1.采购人信息 名 称：生态环境部华南环境科学研究所 地址：广州市黄埔区瑞和路18号 联系方式：王小姐；020-29119669 2.采购代理机构信息 名 称：广东省机电设备招标有限公司 地 址：广州市环市中路316号金鹰大厦9楼911室 联系方式：郑淇筠、刘雨婷、陈健、陈安琪、宁小萍、王勇新；020-83543621/4566/1759（电子邮箱：gtczb7@126.com） 3.项目联系方式 项目联系人：郑工、刘工、陈工 电 话： 020-83543621,水利环保,,中国政府采购网,,,default,二、项目废标/流标的原因,,,,,,,,,,
北大荒集团北安医院医疗附属用房配套工程项目4包（室外污水处理设备）二次废标公告,流标公告,KC2026G0050,2026年09月09日 10:41,黑龙江省,北大荒集团北安医院,黑龙江省北安市北大荒街1号,张先生、0456-6401598,黑龙江康程建设工程咨询有限公司,哈尔滨市南岗区闽江路75号3栋1单元1901室,曲贵瑜、13329466663,曲女士,13329466663,,,https://www.ccgp.gov.cn/cggg/zygg/qtgg/202609/t20260909_27293222.htm,2026-09-10 10:07:53,一、项目基本情况 采购项目编号：KC2026G0050 采购项目名称：北大荒集团北安医院医疗附属用房配套工程项目 二、项目废标/流标的原因 北大荒集团北安医院医疗附属用房配套工程项目4包（室外污水处理设备）二次符合招标文件要求的投标企业不满足3家，本项目废标。 三、其他补充事宜 无 四、凡对本次公告内容提出询问，请按以下方式联系。 1.采购人信息 名 称：北大荒集团北安医院 地址：黑龙江省北安市北大荒街1号 联系方式：张先生、0456-6401598 2.采购代理机构信息 名 称：黑龙江康程建设工程咨询有限公司 地 址：哈尔滨市南岗区闽江路75号3栋1单元1901室 联系方式：曲贵瑜、13329466663 3.项目联系方式 项目联系人：曲女士 电 话： 13329466663,医疗卫生,,中国政府采购网,,,default,二、项目废标/流标的原因,,,,,,,,,,
北京市通州区消防救援支队2026年度通州区消防救援网站运维服务比选公告,其他公告,ZYZX-FW-26133,2026年09月09日 10:25,北京市,通州区消防救援支队,北京市通州区潞源街道镜澄街与畅和西路交叉口,张老师  010-52821101,北京中域正信工程咨询有限公司,北京市昌平区碧水庄园A5-5,贾志伟 15718847463,贾志伟,15718847463,,,https://www.ccgp.gov.cn/cggg/zygg/qtgg/202609/t20260909_27293062.htm,2026-09-10 10:07:53,北京中域正信工程咨询有限公司受通州区消防救援支队 委托，根据《中华人民共和国政府采购法》等有关规定，现对北京市通州区消防救援支队2026年度通州区消防救援网站运维服务进行其他招标，欢迎合格的供应商前来投标。 项目名称：北京市通州区消防救援支队2026年度通州区消防救援网站运维服务项目编号：ZYZX-FW-26133项目联系方式：项目联系人：贾志伟项目联系电话：15718847463 采购单位联系方式：采购单位：通州区消防救援支队采购单位地址：北京市通州区潞源街道镜澄街与畅和西路交叉口采购单位联系方式：张老师 010-52821101 代理机构联系方式：代理机构：北京中域正信工程咨询有限公司代理机构联系人：贾志伟 15718847463代理机构地址： 北京市昌平区碧水庄园A5-5 一、采购项目内容项目概况(北京市通州区消防救援支队2026年度通州区消防救援网站运维服务 )采购项目的潜在供应商应在（北京市昌平区碧水庄园A5-5）获取比选文件，并于2026年9月21日09点30分（北京时间）前递交响应文件。一、项目基本情况项目编号：ZYZX-FW-26133项目名称：北京市通州区消防救援支队2026年度通州区消防救援网站运维服务采购方式：比选采购需求： 包号 项目名称 预算金额 (万元) 数量 简要技术需求或服务要求 1 北京市通州区消防救援支队2026年度通州区消防救援网站运维服务  23.318 1 详见采购需求  服务期限：自合同签订之日起1年 。二、申请人的资格要求：1）在中华人民共和国境内注册的、具有独立承担民事责任的能力的供应商；2）具有良好的商业信誉和健全的财务会计制度；3）具有履行合同所必需的设备和专业技术能力；4）有依法缴纳税收和社会保障资金的良好记录；5）近三年内，在经营活动中没有重大违法记录，通过“信用中国”网站（www.creditchina.gov.cn）和中国政府采购网（www.ccgp.gov.cn）查询信用记录（截止时间点为投标截止时间），被列入失信被执行人、重大税收违法案件当事人名单或政府采购严重违法失信行为记录名单的供应商，没有资格参加本项目的采购活动；6）本项目不接受联合体投标；7）单位负责人为同一人或者存在直接控股、管理关系的不同供应商，不得同时参加本项目的投标；8）法律、行政法规规定的其他条件。9）本项目专门面向中小企业采购三、获取比选文件时间：2026年9月9日至2026年9月16日，每天上午09:00至11:30，下午13:00至16:00（北京时间，法定节假日除外）地点：北京市昌平区碧水庄园A5-5方式：现场购买，法定代表人身份证明原件、法定代表人身份证原件及复印件（适用于法定代表人购买标书）或法人授权委托书原件、授权代表身份证原件及复印件（适用于授权委托人购买标书）。文件售后不退。未从采购代理机构获取采购文件并登记在案的潜在供应商均无资格参加。售价：¥300元。注：标书款可采用对公转账或现金的方式缴纳，采用对公转账方式缴纳标书款的，领取比选文件时需提供汇款底单并加盖公章开户银行：中国工商银行股份有限公司北京沙河支行银行账号：0200011719200311623。四、响应文件提交截止时间：2026年9月21日09点30分（北京时间）地点：北京市昌平区碧水庄园A5-5五、开启开标时间：2026年9月21日09点30分（北京时间）地点：北京市昌平区碧水庄园A5-5六、其他补充事宜 无七、凡对本次采购提出询问，请按以下方式联系。 1.采购人信息名    称：北京市通州区消防救援支队地    址：北京市通州区潞源街道镜澄街与畅和西路交叉口联系方式：张老师  010-528211012.采购代理机构信息名    称：北京中域正信工程咨询有限公司地  址：联系方式：贾志伟 15718847463 二、开标时间：2026年09月21日 09:30 三、其它补充事宜无 四、预算金额：预算金额：23.318000 万元（人民币）,公共安全,2026-09-21 09:30,中国政府采购网,比选,23.318,table,,,,,,,,,,,
北京市通州区消防救援支队为台湖、马驹桥地区消防救援站购置“一警六员”实操实训所需器材采购项目比选公告,其他公告,ZYZX-HW-26134,2026年09月09日 10:25,北京市,通州区消防救援支队,北京市通州区潞源街道镜澄街与畅和西路交叉口,张老师  010-52821101,北京中域正信工程咨询有限公司,北京市昌平区碧水庄园A5-5,贾志伟 15718847463,贾志伟,15718847463,,,https://www.ccgp.gov.cn/cggg/zygg/qtgg/202609/t20260909_27293066.htm,2026-09-10 10:07:54,北京中域正信工程咨询有限公司受通州区消防救援支队 委托，根据《中华人民共和国政府采购法》等有关规定，现对北京市通州区消防救援支队为台湖、马驹桥地区消防救援站购置“一警六员”实操实训所需器材采购项目进行其他招标，欢迎合格的供应商前来投标。 项目名称：北京市通州区消防救援支队为台湖、马驹桥地区消防救援站购置“一警六员”实操实训所需器材采购项目项目编号：ZYZX-HW-26134项目联系方式：项目联系人：贾志伟项目联系电话：15718847463 采购单位联系方式：采购单位：通州区消防救援支队采购单位地址：北京市通州区潞源街道镜澄街与畅和西路交叉口采购单位联系方式：张老师 010-52821101 代理机构联系方式：代理机构：北京中域正信工程咨询有限公司代理机构联系人：贾志伟 15718847463代理机构地址： 北京市昌平区碧水庄园A5-5 一、采购项目内容项目概况(北京市通州区消防救援支队为台湖、马驹桥地区消防救援站购置“一警六员”实操实训所需器材采购项目 )采购项目的潜在供应商应在（北京市昌平区碧水庄园A5-5）获取比选文件，并于2026年9月21日09点30分（北京时间）前递交响应文件。一、项目基本情况项目编号：ZYZX-HW-26134项目名称：北京市通州区消防救援支队为台湖、马驹桥地区消防救援站购置“一警六员”实操实训所需器材采购项目采购方式：比选采购需求： 包号 项目名称 预算金额 (万元) 数量 简要技术需求或服务要求 1 北京市通州区消防救援支队为台湖、马驹桥地区消防救援站购置“一警六员”实操实训所需器材采购项目  16.052 1批 北京市通州区消防救援支队为台湖、马驹桥地区消防救援站购置“一警六员”实操实训所需器材采购项目，具体详见采购需求  合同履行期限：合同签订之日起五日内将货物及其配件、随机工具送达甲方指定地点 。本项目不接受联合体投标。二、申请人的资格要求：1）在中华人民共和国境内注册的、具有独立承担民事责任的能力的供应商；2）具有良好的商业信誉和健全的财务会计制度；3）具有履行合同所必需的设备和专业技术能力；4）有依法缴纳税收和社会保障资金的良好记录；5）近三年内，在经营活动中没有重大违法记录，通过“信用中国”网站（www.creditchina.gov.cn）和中国政府采购网（www.ccgp.gov.cn）查询信用记录（截止时间点为投标截止时间），被列入失信被执行人、重大税收违法案件当事人名单或政府采购严重违法失信行为记录名单的供应商，没有资格参加本项目的采购活动；6）本项目不接受联合体投标；7）单位负责人为同一人或者存在直接控股、管理关系的不同供应商，不得同时参加本项目的投标；8）法律、行政法规规定的其他条件。9）本项目专门面向中小企业进行采购。三、获取比选文件时间：2026年9月9日至2026年9月16日，每天上午09:00至11:30，下午13:00至16:00（北京时间，法定节假日除外）地点：北京市昌平区碧水庄园A5-5方式：现场购买，法定代表人身份证明原件、法定代表人身份证原件及复印件（适用于法定代表人购买标书）或法人授权委托书原件、授权代表身份证原件及复印件（适用于授权委托人购买标书）。文件售后不退。未从采购代理机构获取采购文件并登记在案的潜在供应商均无资格参加。售价：¥300元。注：标书款可采用对公转账或现金的方式缴纳，采用对公转账方式缴纳标书款的，领取比选文件时需提供汇款底单并加盖公章。开户银行：中国工商银行股份有限公司北京沙河支行银行账号：0200011719200311623。四、响应文件提交截止时间：2026年9月21日09点30分（北京时间）地点：北京市昌平区碧水庄园A5-5五、开启开标时间：2026年9月21日09点30分（北京时间）地点：北京市昌平区碧水庄园A5-5六、其他补充事宜 无七、凡对本次采购提出询问，请按以下方式联系。 1.采购人信息名    称：北京市通州区消防救援支队地    址：北京市通州区潞源街道镜澄街与畅和西路交叉口联系方式：张老师  010-528211012.采购代理机构信息名    称：北京中域正信工程咨询有限公司地  址：北京市昌平区碧水庄园A5-5联系方式：贾志伟 15718847463 二、开标时间：2026年09月21日 09:30 三、其它补充事宜无 四、预算金额：预算金额：16.052000 万元（人民币）,教育培训,2026-09-21 09:30,中国政府采购网,比选,16.052,table,,,,,,,,,,,
四川省雅安市气象局中央电视台播报雅安城市天气预报服务(三次）废标公告,流标公告,SCHF2026-0050,2026年09月09日 10:07,雅安市,四川省雅安市气象局,雅安市雨城区南坝东街 2 号,联系人：邹老师；联系方式：18728168138,四川华菲工程项目管理有限公司,雅安市雨城区正和路8号公馆1981B区1栋2层2号,联系人：文老师；联系方式：18882824440,邹老师,18728168138,,,https://www.ccgp.gov.cn/cggg/zygg/qtgg/202609/t20260909_27292891.htm,2026-09-10 10:07:55,一、项目基本情况 采购项目编号：SCHF2026-0050 采购项目名称：中央电视台播报雅安城市天气预报服务 二、项目废标/流标的原因 因响应文件递交截止时间递交响应文件的供应商不足三家，故本项目作废标处理。 三、其他补充事宜 无 四、凡对本次公告内容提出询问，请按以下方式联系。 1.采购人信息 名 称：四川省雅安市气象局 地址：雅安市雨城区南坝东街 2 号 联系方式：联系人：邹老师；联系方式：18728168138 2.采购代理机构信息 名 称：四川华菲工程项目管理有限公司 地 址：雅安市雨城区正和路8号公馆1981B区1栋2层2号 联系方式：联系人：文老师；联系方式：18882824440 3.项目联系方式 项目联系人：邹老师 电 话： 18728168138,工程建设,,中国政府采购网,,,default,二、项目废标/流标的原因,,,,,,,,,,
对外经济贸易大学校园基础设施改造项目监理服务招标公告,其他公告,F0JL202600161,2026年09月09日 10:06,北京市,对外经济贸易大学,朝阳区惠新东街10号,冯老师 010-62021041,北京国际贸易有限公司,北京市朝阳区建国门外大街甲3号,沈添玉、孙权、张敏、郑捷 13011852014,沈添玉、孙权、张敏、郑捷项目联,13011852014,招标公告.pdf,"[{""attach_name"": ""招标公告.pdf"", ""attach_url"": ""https://download.ccgp.gov.cn/oss/download?uuid=FB48221D2A2E8FB4958FEA6DE61FF1""}]",https://www.ccgp.gov.cn/cggg/zygg/qtgg/202609/t20260909_27292894.htm,2026-09-10 10:07:55,北京国际贸易有限公司受对外经济贸易大学 委托，根据《中华人民共和国政府采购法》等有关规定，现对对外经济贸易大学校园基础设施改造项目监理服务进行其他招标，欢迎合格的供应商前来投标。 项目名称：对外经济贸易大学校园基础设施改造项目监理服务项目编号：F0JL202600161项目联系方式：项目联系人：沈添玉、孙权、张敏、郑捷项目联系电话：13011852014  采购单位联系方式：采购单位：对外经济贸易大学采购单位地址：朝阳区惠新东街10号采购单位联系方式：冯老师 010-62021041 代理机构联系方式：代理机构：北京国际贸易有限公司代理机构联系人：沈添玉、孙权、张敏、郑捷 13011852014 代理机构地址： 北京市朝阳区建国门外大街甲3号 一、采购项目内容主要包括对外经济贸易大学主校区内供水系统管网改造、二次室外供热管线改造、线缆改造、校区污水系统改造、因管网改造造成的校区地面铺装破拆修复及围墙改造等施工图设计、招标文件、清单所示及为满足本工程所需的全部施工内容的监理服务及做好工程验收、工程结算等相关工作。 二、开标时间：2026年09月30日 10:30 三、其它补充事宜对外经济贸易大学校园基础设施改造项目监理服务    监理招标公告1. 招标条件本工程    对外经济贸易大学校园基础设施改造项目监理服务     已由    中华人民共和国教育部     以    教发函[2026]462号     ）批准建设，招标人为     对外经济贸易大学    ，建设资金来自     政府投资（中央）    ，出资比例为     100%     。本工程已具备招标条件，现对该工程的监理与相关服务进行公开招标。2. 工程概况与招标范围2.1  本工程建设地点    惠新东街10号     2.2  本工程建设规模    地下管网改造地面面积共约57111㎡，项目概算总投资为9625.49万元，其中工程费用8442.00万元、工程建设其他费用813.28万元、基本预备费370.21万元。     工程概算（估算）投资额或建筑安装工程费：□ 工程估算投资额          （万元）√ 工程概算投资额    9625.49     （万元）□ 建筑安装工程费          （万元）2.3  本工程计划工期    1095     日历天。2.4  本工程招标范围     主要包括对外经济贸易大学主校区内供水系统管网改造、二次室外供热管线改造、线缆改造、校区污水系统改造、因管网改造造成的校区地面铺装破拆修复及围墙改造等施工图设计、招标文件、清单所示及为满足本工程所需的全部施工内容的监理服务及做好工程验收、工程结算等相关工作。      2.5  其他    /     3. 投标人资格要求3.1投标人须具备有效的企业营业执照，具备建设行政主管部门颁发的    市政公用工程监理丙级及以上    （专业、等级）工程监理资质，具有   /     （近年类似工程描述）监理业绩。其中，投标人拟派总监理工程师须具备注册监理工程师证书，注册专业    市政建设工程     ，具有总监理工程师任命书。在工程施工期间，拟派总监理工程师  不可以  （可以或不可以）同时担任其他建设工程总监理工程师。3.2 本工程     不接受     （接受或不接受）联合体投标。接受联合体投标的，应满足下列要求：（1）联合体各方必须按招标文件提供的格式签订联合体协议书，明确联合体牵头人和各方的权利义务；（2）联合体各方不得再以自己名义单独或加入其他联合体在本工程中投标。3.3 其他资格要求    /     4. 投标人信誉要求4.1 本工程招标采用失信被执行人    否决性    （限制性/否决性）惩戒方式。4.2 本工程招标对信誉的其他要求（1）本工程招标对被警示为安全管理风险企业     采取否决性    （不采取/采取限制性/采取否决性）惩戒方式。（2）其他要求：    /      5. 招标文件的获取5.1 凡有意参加投标者且资质符合本章第3.1款规定的，方可于    2026     年    09     月    09     日     09     时    00    分至    2026     年    09     月     14     日    17     时    00    分，通过远程或者到招标投标交易场所使用数字身份认证锁登录电子化平台（网址：    https://ggzyfw.beijing.gov.cn    ）下载招标文件。5.2 凡下载招标文件的投标者    2026     年    09     月     09     日至    2026     年     09     月    14     日，每日上午    9     时至    11     时，下午     13     时至    17     时     北京市朝阳区建国门外大街甲3号，北京国际贸易有限公司408室。     （详细地址）领取招标技术资料。技术资料押金    0     元，在退还技术资料时退还（不计利息）。6. 投标文件的递交6.1 递交投标文件的截止时间（投标截止时间）为    2026     年    09     月     30     日    10     时     30     。投标人资质符合本章第3.1款规定的，方可通过远程或者到招标投标交易场所使用数字身份认证锁登录电子化平台（网址：    https://ggzyfw.beijing.gov.cn     ）上传投标文件，并保存文件上传成功回执，递交时间以回执载明的上传成功时间为准。6.2 逾期上传的投标文件，招标人不予接收。7. 发布公告的媒介 本工程招标公告已在北京市公共资源交易服务平台“全国公共资源交易平台（北京市），网址：    ggzyfw.beijing.gov.cn     上发布，同时在    中国招标投标公共服务平台、中国政府采购网    （发布公告的媒介名称）上发布。8. 招标投标行政监督部门 本工程的招标投标行政监督部门：北京市住房和城乡建设委员会。9. 联系方式  招 标 人：    对外经济贸易大学 招标代理机构：    北京国际贸易有限公司 地    址：    朝阳区惠新东街10号 地    址： 北京市朝阳区建国门外大街甲3号 联 系 人：    冯老师 联 系 人： 沈添玉、孙权、张敏、郑捷 电    话：    010-62021041 电    话： 13011852014 传    真：    / 传    真： 无 电子邮箱：    / 电子邮箱： bjguomao@163.com 招标人项目负责人：  冯老师     招标人项目负责人联系电话：  010-62021041招标人内部纪检监督联系方式：  吕晓三子     受理异议的联系人和联系方式：  010-64492163       四、预算金额：预算金额：151.450000 万元（人民币）,教育培训,,中国政府采购网,,151.45,table,,,,,,,,,,,
中国中医科学院中药研究所危废处置流标公告,流标公告,0722-26FE2184ZB3,2026年09月09日 09:58,北京市,中国中医科学院中药研究所,北京市东城区东直门内南小街16号,关老师010-64032657,中国远东国际招标有限公司,北京市朝阳区和平街东土城路甲9号,谢喆、范思迪、高冬冬、梅豫家010-64234102,谢喆、范思迪、高冬冬、梅豫家,010-64234102,,,https://www.ccgp.gov.cn/cggg/zygg/qtgg/202609/t20260909_27292825.htm,2026-09-10 10:07:56,一、项目基本情况 采购项目编号：0722-26FE2184ZB3 采购项目名称：危废处置项目 二、项目废标/流标的原因 截至本项目招标文件售卖截止时间，获取招标文件的潜在投标人不足 3 家，本项目流标。 三、其他补充事宜 无 四、凡对本次公告内容提出询问，请按以下方式联系。 1.采购人信息 名 称：中国中医科学院中药研究所 地址：北京市东城区东直门内南小街16号 联系方式：关老师010-64032657 2.采购代理机构信息 名 称：中国远东国际招标有限公司 地 址：北京市朝阳区和平街东土城路甲9号 联系方式：谢喆、范思迪、高冬冬、梅豫家010-64234102 3.项目联系方式 项目联系人：谢喆、范思迪、高冬冬、梅豫家 电 话： 010-64234102,医疗卫生,,中国政府采购网,,,default,二、项目废标/流标的原因,,,,,,,,,,
北京市海淀区消防救援支队购置救援运输车项目技术需求征求意见公告,其他公告,,2026年09月09日 09:50,海淀区,北京市海淀区消防救援支队,北京市海淀区旱河路168号消防支队,刘老师 010-82556603,详见公告正文,详见公告正文,详见公告正文,陆老师,010-82556629,"北京市海淀区消防救援支队购置救援运输车项目技术需求征求意见公告.docx,附件1：北京市海淀区消防救援支队购置救援运输车项目需求调查明细表.xls,附件2：北京市海淀区消防救援支队购置救援运输车项目技术需求征求意见反馈表.doc","[{""attach_name"": ""北京市海淀区消防救援支队购置救援运输车项目技术需求征求意见公告.docx"", ""attach_url"": ""https://download.ccgp.gov.cn/oss/download?uuid=88088CCE51886168A849B24D5ED322""}, {""attach_name"": ""附件1：北京市海淀区消防救援支队购置救援运输车项目需求调查明细表.xls"", ""attach_url"": ""https://download.ccgp.gov.cn/oss/download?uuid=BBFA85179C2CFD12E4A3596584C211""}, {""attach_name"": ""附件2：北京市海淀区消防救援支队购置救援运输车项目技术需求征求意见反馈表.doc"", ""attach_url"": ""https://download.ccgp.gov.cn/oss/download?uuid=3FE3E97A21BC17947EA074CD6467C1""}]",https://www.ccgp.gov.cn/cggg/zygg/qtgg/202609/t20260909_27293010.htm,2026-09-10 10:07:56,根据《中华人民共和国政府采购法》等有关规定，现对北京市海淀区消防救援支队购置救援运输车项目进行其他招标，欢迎合格的供应商前来投标。 项目名称：北京市海淀区消防救援支队购置救援运输车项目项目编号：项目联系方式：项目联系人：陆老师项目联系电话：010-82556629 采购单位联系方式：采购单位：北京市海淀区消防救援支队采购单位地址：北京市海淀区旱河路168号消防支队采购单位联系方式：刘老师 010-82556603  一、采购项目内容一、基本情况依据《政府采购需求管理办法》《国家综合性消防救援队伍消防装备采购“阳光化”实施暂行办法》等相关规定，确保采购需求贴合实际、表述规范，避免出现倾向性条款，现就北京市海淀区消防救援支队购置救援运输车项目采购技术需求公开征求意见。公示期间，潜在供应商请遵循客观、公正的原则，对本项目技术需求提出意见或者建议。请在中国政府采购网（https://www.ccgp.gov.cn/）下载征求意见公告及相关附件，并于截止时间前，根据相关要求提交修改建议，逾期不予受理。二、技术需求详见附件1三、征求内容及获取方式1、征求内容：采购技术需求。2、回复征求意见的供应商资格要求：满足《中华人民共和国政府采购法》第二十二条规定。四、公告期限及回复征求意见截止时间1、征求意见公告时间自2026年  9月 9日起至2026年  9 月 18日17点00分（北京时间）止。2、回复征求意见截止时间2026年   9 月  18 日17点00分前（北京时间）。五、回复征求意见格式及方式1、回复征求意见格式按照本公告附件2提供的格式要求，填写有效的《北京市海淀区消防救援支队购置救援运输车项目技术需求征求意见反馈表》（以下简称《征求意见反馈表》）。回复内容：①电子版《征求意见反馈表》（可编辑的Excel文件）及加盖公章后的彩色扫描件（pdf文件）；上述两个文件内容须完全一致，如出现内容不一致时，以盖章版为准。②加盖公章后有效的佐证材料（包括但不限于产品白皮书、产品检测报告、产品说明书等）；需以醒目的方式标记、注明所对应的需求内容。2、回复征求意见方式以电子邮件方式发至hdxfcgb@163.com邮件主题为：XXX公司（公司全称）+《北京市海淀区消防救援支队购置救援运输车项目技术需求修改意见》。六、补充说明1、本次公开的标前信息是采购项目的初步安排，具体以最终发布的采购文件为准。2、针对本项目的意见建议，仅供采购人完善采购需求参考所用；采购人不做书面回复，如被采纳将统一在采购文件中修改。七、联系方式名    称：北京市海淀区消防救援支队地    址：北京市海淀区旱河路168号联 系 人：陆老师联系电话：010-82556629   附件1：北京市海淀区消防救援支队购置救援运输车项目技术参数附件2：北京市海淀区消防救援支队购置救援运输车项目技术需求征求意见反馈表 二、开标时间： 三、其它补充事宜 四、预算金额：预算金额：0.000000 万元（人民币）,公共安全,,中国政府采购网,,0.0,table,,,,,,,,,,,
吉林大学第一医院注射泵、输注系统、中央监护工作站、监护仪一批设备采购项目废标公告,流标公告,JD-018-20260718-CG04-C,2026年09月09日 09:47,长春市,吉林大学第一医院,长春市新民大街1号,张老师0431-88783228,中途项目管理有限公司,长春市南关区解放大路与大经路交汇恒兴国际城5号楼606（全安街道办事处6楼）,曹靖敏0431-80543930,曹靖敏,0431-80543930,,,https://www.ccgp.gov.cn/cggg/zygg/qtgg/202609/t20260909_27292752.htm,2026-09-10 10:07:57,一、项目基本情况 采购项目编号：JD-018-20260718-CG04-C 采购项目名称：吉林大学第一医院注射泵、输注系统、中央监护工作站、监护仪一批设备采购项目 二、项目废标/流标的原因 经评审有效投标人不足三家，本项目废标。 三、其他补充事宜 无 四、凡对本次公告内容提出询问，请按以下方式联系。 1.采购人信息 名 称：吉林大学第一医院 地址：长春市新民大街1号 联系方式：张老师0431-88783228 2.采购代理机构信息 名 称：中途项目管理有限公司 地 址：长春市南关区解放大路与大经路交汇恒兴国际城5号楼606（全安街道办事处6楼） 联系方式：曹靖敏0431-80543930 3.项目联系方式 项目联系人：曹靖敏 电 话： 0431-80543930,医疗卫生,,中国政府采购网,,,default,二、项目废标/流标的原因,,,,,,,,,,
网络安全和数据安全应急实战演练服务流标公告,流标公告,ZLGJ-2026-Z0081,2026年09月09日 08:20,北京市,中央统战部信息中心,北京西城区阜外大街35号,李铭泽  010-88387468,中联国际工程管理有限公司,北京市西城区白纸坊东街2号经济日报社A座综合楼1501室,赵季婷  010-68004348,赵季婷,010-68004348,,,https://www.ccgp.gov.cn/cggg/zygg/qtgg/202609/t20260909_27292398.htm,2026-09-10 10:07:58,一、项目基本情况 采购项目编号：ZLGJ-2026-Z0081 采购项目名称：网络安全和数据安全应急实战演练服务 二、项目废标/流标的原因 递交响应文件的供应商不足3家，本项目流标。 三、其他补充事宜 无 四、凡对本次公告内容提出询问，请按以下方式联系。 1.采购人信息 名 称：中央统战部信息中心 地址：北京西城区阜外大街35号 联系方式：李铭泽 010-88387468 2.采购代理机构信息 名 称：中联国际工程管理有限公司 地 址：北京市西城区白纸坊东街2号经济日报社A座综合楼1501室 联系方式：赵季婷 010-68004348 3.项目联系方式 项目联系人：赵季婷 电 话： 010-68004348,公共安全,,中国政府采购网,,,default,二、项目废标/流标的原因,,,,,,,,,,
阜宁县消防救援大队2026年食材供应外包定点项目流标公告,流标公告,FNXFCG2026-02,2026年09月09日 08:19,阜宁县,阜宁县消防救援大队,阜宁县阜城街道哈尔滨路1001号,谭先生 15396742256,江苏天翔工程项目管理有限公司,盐城市亭湖区长亭路3号长亭商厦1栋501,陈工13961998418,谭先生,15396742256,,,https://www.ccgp.gov.cn/cggg/zygg/qtgg/202609/t20260909_27292397.htm,2026-09-10 10:07:58,一、项目基本情况 采购项目编号：FNXFCG2026-02 采购项目名称：阜宁县消防救援大队2026年食材供应外包定点项目 二、项目废标/流标的原因 截止开标时间，递交响应文件供应商不足三家，本次作流标处理。 三、其他补充事宜 无 四、凡对本次公告内容提出询问，请按以下方式联系。 1.采购人信息 名 称：阜宁县消防救援大队 地址：阜宁县阜城街道哈尔滨路1001号 联系方式：谭先生 15396742256 2.采购代理机构信息 名 称：江苏天翔工程项目管理有限公司 地 址：盐城市亭湖区长亭路3号长亭商厦1栋501 联系方式：陈工13961998418 3.项目联系方式 项目联系人：谭先生 电 话： 15396742256,公共安全,,中国政府采购网,,,default,二、项目废标/流标的原因,,,,,,,,,,
暨南大学食堂智慧监管系统项目询比公告,其他公告,0877-26GZTP4XE0643,2026年09月08日 20:37,广东省,暨南大学,广州市天河区黄埔大道西601号,020-85220458,广东广招国际招标有限公司,广州市越秀区东风东路745号东山紫园商务大厦2003单元,孔工（邮箱：kongxuejun@gztpc.com咨询，我司会及时回复）020-38931905、38931906、37816286转801（总机）,孔工,020-38931902-859,,,https://www.ccgp.gov.cn/cggg/zygg/qtgg/202609/t20260908_27291542.htm,2026-09-10 10:07:59,广东广招国际招标有限公司受暨南大学 委托，根据《中华人民共和国政府采购法》等有关规定，现对暨南大学食堂智慧监管系统项目进行其他招标，欢迎合格的供应商前来投标。 项目名称：暨南大学食堂智慧监管系统项目项目编号：0877-26GZTP4XE0643项目联系方式：项目联系人：孔工项目联系电话：020-38931902-859 采购单位联系方式：采购单位：暨南大学采购单位地址：广州市天河区黄埔大道西601号采购单位联系方式：020-85220458 代理机构联系方式：代理机构：广东广招国际招标有限公司代理机构联系人：孔工（邮箱：kongxuejun@gztpc.com咨询，我司会及时回复）020-38931905、38931906、37816286转801（总机）代理机构地址： 广州市越秀区东风东路745号东山紫园商务大厦2003单元 一、采购项目内容 项目概况暨南大学食堂智慧监管系统项目采购项目的潜在供应商应在粤招优采电子招标采购交易平台（http://oa.gztpc.com/aeps/login.html）获取询比文件，并于2026年9月21日9点30分（北京时间）前提交申请文件。一、项目基本情况项目编号：0877-26GZTP4XE0643项目名称：暨南大学食堂智慧监管系统项目预算金额：86.31万元最高限价（如有）：86.31万元采购需求：1、标的名称：暨南大学食堂智慧监管系统项目2、标的数量：1项3、简要技术需求或服务要求：（1）采购内容：暨南大学食堂智慧监管系统（含软件与硬件），详见《第二部分采购需求书》；（2）交货期：合同签订后180天内完成交货及安装调试达验收合格标准；（3）本项目不分包组，供应商应对所有的标的内容进行响应，不允许只对部分内容进行响应。（4）本项目采购标对应的中小企业划分标准所属行业为软件和信息技术服务业。合同履行期限：合同签订后180天内完成交货及安装调试达验收合格标准。本项目不接受联合体响应。二、申请人的资格要求1.满足《中华人民共和国政府采购法》第二十二条规定。2.落实政府采购政策需满足的资格要求：本项目属于专门面向中小企业采购的项目，供应商提供的货物须全部由中小企业、生产且使用该中小企业商号或注册商标（监狱企业、残疾人福利单位视同小型、微型企业）【依据《中小企业声明函》或由省级以上监狱管理局、戒毒管理局（含新疆生产建设兵团）出具的承接方属于监狱企业的证明文件或承接方的《残疾人福利性单位声明函》】。3.本项目的特定资格要求：3.1.供应商应当具备政府采购法第二十二条规定的条件，提供下列材料：（1）提交有效的营业执照（或事业法人登记证或社会团体登记证或民办非企业单位登记证或身份证等相关证明）副本复印件。（如国家另有规定的，则从其规定。如供应商为分支机构，须取得具有法人资格的总公司（总所）出具给分支机构的授权书，并提供总公司（总所）和分支机构的营业执照（执业许可证）复印件；已由总公司（总所）授权的，总公司（总所）取得的相关资质证书对分支机构有效，法律法规或者行业另有规定的除外）；（2）提供2025年度财务状况报告或响应截止日前6个月内任意1个月的财务报表复印件；或银行出具的资信证明材料复印件；（3）提供履行合同所必需的设备和专业技术能力的书面声明或其他证明文件；（4）提供响应截止日前6个月内任意1个月依法缴纳税收和社会保障资金的相关材料。如依法免税或不需要缴纳社会保障资金的，提供相应证明材料；（5）提供参加政府采购活动前3年内在经营活动中没有重大违法记录的书面声明。重大违法记录，是指供应商因违法经营受到刑事处罚或者责令停产停业、吊销许可证或者执照、较大数额罚款等行政处罚。（较大数额罚款按照《财政部关于<中华人民共和国政府采购法实施条例>第十九条第一款“较大数额罚款”具体适用问题的意见》（财库〔2022〕3号）执行）。3.2.单位负责人为同一人或者存在直接控股、管理关系的不同供应商，不得同时参加本采购项目（包组）响应。为本项目提供整体设计、规范编制或者项目管理、监理、检测等服务的供应商，不得再参与本项目响应。提供书面声明。3.3.本项目不接受联合体响应。3.4.供应商未被列入“信用中国”网站（www.creditchina.gov.cn）“失信被执行人”、“重大税收违法失信主体”、“政府采购严重违法失信行为”名单，且不处于中国政府采购网（www.ccgp.gov.cn）“政府采购严重违法失信行为信息记录”中禁止参加政府采购活动期间（以采购代理机构于响应截止日当天在“信用中国”及中国政府采购网查询结果为准，如相关失信记录已失效，供应商须提供相关证明资料）。3.5领购采购文件的供应商。三、获取采购文件时间：2026年9月8日至2026年9月15日，每天上午09:00至12:00，下午14:30至17:30（北京时间，法定节假日除外）地点：粤招优采电子招标采购交易平台（http://oa.gztpc.com/aeps/login.html）方式：1）注册粤招优采电子招标采购交易平台，完善供应商相关信息并提交审核（工作日审核时间一般不超过2小时，已注册的供应商可直接登录平台，注册地址：http://oa.gztpc.com/aeps/pages/register/register.html）；2）账号审核通过后登录平台（登录地址：http://oa.gztpc.com/aeps/login.html）；3）按照《电子招投标平台使用说明》（http://www.gztpc.com/content/detail.html）获取采购文件。供应商在使用过程中遇到涉及系统使用的问题，可咨询梁工：18925053631）售价（元）：300四、提交响应文件截止时间、开标时间和地点2026年9月21日9点30分（北京时间）地点：广州市越秀区东风东路745号东山紫园商务大厦2005单元五、公告期限自本公告发布之日起5个工作日 二、开标时间：2026年09月21日 09:30 三、其它补充事宜六、其他补充事宜本项目需要落实的政府采购政策：（1）《关于印发〈政府采购促进中小企业发展管理办法〉的通知》（财库〔2020〕46号）（2）《财政部司法部关于政府采购支持监狱企业发展有关问题的通知》（财库〔2014〕68号）（3）《财政部民政部中国残疾人联合会关于促进残疾人就业政府采购政策的通知》（财库〔2017〕141号）（4）《关于进一步加大政府采购支持中小企业力度的通知》（财库〔2022〕19号）（5）《关于调整优化节能产品、环境标志产品政府采购执行机制的通知》（财库〔2019〕9号） 七、对本次采购提出询问，请按以下方式联系。1.采购人信息名称：暨南大学地址：广州市天河区黄埔大道西601号联系方式：020-852204582.采购代理机构信息名称：广东广招国际招标有限公司地址：广州市越秀区东风东路745号东山紫园商务大厦2003单元联系方式：020-38931905、38931906、37816286转801（总机）3.项目联系方式项目联系人：孔工（邮箱：kongxuejun@gztpc.com咨询，我司会及时回复）电话：020-38931902-859  广东广招国际招标有限公司2026年9月8日 四、预算金额：预算金额：86.310000 万元（人民币）,教育培训,2026-09-21 09:30,中国政府采购网,,86.31,table,,,,,,,,,,,
哈尔滨工程大学第二十二学生公寓建设项目变电所工程项目（二次）竞争性磋商公告,其他公告,HTCL-JC-263024,2026年09月08日 20:02,南岗区,哈尔滨工程大学,哈尔滨市南岗区南通大街145号,杜佳媛、杨帆、张庆贺 0451-82519863,黑龙江省招标有限公司,黑龙江省哈尔滨市南岗区汉水路180号,于兆文、於佳  0451-82364713,于兆文、於佳,0451-82364713,,,https://www.ccgp.gov.cn/cggg/zygg/qtgg/202609/t20260908_27291400.htm,2026-09-10 10:07:59,黑龙江省招标有限公司受哈尔滨工程大学 委托，根据《中华人民共和国政府采购法》等有关规定，现对哈尔滨工程大学第二十二学生公寓建设项目变电所工程项目进行其他招标，欢迎合格的供应商前来投标。 项目名称：哈尔滨工程大学第二十二学生公寓建设项目变电所工程项目项目编号：HTCL-JC-263024项目联系方式：项目联系人：于兆文、於佳项目联系电话：0451-82364713 采购单位联系方式：采购单位：哈尔滨工程大学采购单位地址：哈尔滨市南岗区南通大街145号采购单位联系方式：杜佳媛、杨帆、张庆贺 0451-82519863 代理机构联系方式：代理机构：黑龙江省招标有限公司代理机构联系人：于兆文、於佳 0451-82364713代理机构地址： 黑龙江省哈尔滨市南岗区汉水路180号 一、采购项目内容竞争性磋商公告 项目概况 哈尔滨工程大学第二十二学生公寓建设项目变电所工程项目（二次）采购项目的潜在供应商应在黑龙江省招标有限公司获取采购文件，并于2026年9月20日9时00分（北京时间）前提交响应文件。 一、项目基本情况项目编号：HTCL-JC-263024项目名称：哈尔滨工程大学第二十二学生公寓建设项目变电所工程项目（二次）采购方式：竞争性磋商预算金额：304.40万元最高限价：304.40万元采购需求：第二十二学生公寓变电所施工，安装高压中置开关柜14台、直流屏2台、干式变压器2台、低压开关柜15台、高低压封闭母线等。按设计图纸等完成自项目实施、保电措施、竣工验收、与电力主管部门接驳保证供电、交付使用至后期质保等所包含的所有工作内容。合同履行期限：计划开工日期2026年9月28日，计划竣工日期2026年11月27日，共60日历天（具体开工日期以甲方通知为准）。本项目不接受联合体。二、申请人的资格要求：1.满足《中华人民共和国政府采购法》第二十二条规定；2.落实政府采购政策需满足的资格要求：本项目需要落实的政府采购政策有节能环保政策、中小企业政策、监狱企业和残疾人福利性单位政策。3.本项目的特定资格要求：3.1本项目不专门面向中小企业采购。3.2供应商同时具备以下资质：3.2.1本次采购要求供应商是在中华人民共和国境内注册的独立法人，同时具备有效的营业执照、安全生产许可证、建设行政主管部门核发的输变电工程专业承包三级及以上资质（注：按照《住房和城乡建设部关于印发建设工程企业资质管理制度改革方案的通知》（[建市〔2020〕94号]）的规定换发新证取得相应资质证书的，提供满足要求的新资质证书）和国家能源部门颁发的有效的承装（修、试）电力设施许可证（承装类、承修类、承试类）三级及以上资质，并在人员、设备、资金等方面具有相应的履约能力，且符合建筑业企业资质动态核查要求。3.2.2供应商拟派项目经理须具备机电工程专业二级及以上注册建造师执业资格，具备有效的安全生产考核合格证书（B证）。证企相符且未担任其他在施建设工程项目的项目经理。提供近三个月2026年5月-2026年7月本企业为其缴纳养老保险的证明材料及社保记录核查方式，未提供核查方式或核查结果不实的，其投标将被否决（建办市函【2019】92号文件中规定的6类情形人员除外）。3.2.3施工单位项目经理及施工现场管理人员配备、使用和管理应满足《黑龙江省房屋建筑和市政基础设施工程施工现场人员实名制管理办法》（黑建规〔2026〕3号）文件要求。根据工程项目建设实际需要和建设单位对工程项目管理的实际要求，承包人需增派本单位驻场和其他相关专业人员，及时完成建设任务（详见招标文件第六章响应文件格式与要求-项目组成人员一览表）。3.3通过“信用中国”网站(www.creditchina.gov.cn)、中国政府采购网(www.ccgp.gov.cn)、“国家企业信用信息公示系统”（www.gsxt.gov.cn/index.html）渠道查询供应商信用记录，供应商不得列入失信被执行人、重大税收违法案件当事人名单、政府采购严重违法失信行为记录名单（且处罚期限尚未届满的）。3.4供应商、其法定代表人（或者主要负责人）及拟派的项目经理近三年在中国裁判文书网查询无行贿犯罪行为。（近三年指中国裁判文书网发布之日起至磋商当天之内）3.5单位负责人为同一人或者存在直接控股、管理关系的不同供应商，不得参加同一合同项下的政府采购活动。3.6除单一来源采购项目外，为采购项目提供整体设计、规范编制或者项目管理、监理、检测等服务的供应商，不得再参加该采购项目的其他采购活动。3.7供应商无其它国家法律禁止参加竞争性磋商的情形。三、获取采购文件时间：2026年9月9日至2026年9月15日，每天上午8时30分至11时30分，下午13时00分至17时00分（北京时间，法定节假日除外）。地点：中招联合招标采购平台（www.365trade.com.cn/）方式：凡有意参加本项目者，请登陆中招联合招标采购平台下载电子文件。请供应商务必至少在文件发售截止时间半个工作日前登录平台完成购买操作，否则将无法保证获取电子文件。具体操作方法详见“其他补充事宜”。售价：磋商文件售价人民币0元，磋商文件售后不退。四、响应文件提交截止时间：2026年9月20日9点00分（北京时间）地点：黑龙江省招标有限公司1楼大厅五、开启时间：2026年9月20日9点00分（北京时间）地点：黑龙江省招标有限公司2楼会议室六、公告期限自本公告发布之日起3个工作日。七、其他补充事宜1.资金来源：财政性资金2.施工地点：哈尔滨市南岗区南通大街145号哈尔滨工程大学校园内西北侧（南通大街与延平街交汇处）3.质量标准：符合国家、地方相关工程质量验收标准并通过建设主管部门的验收4.电子邮箱：569420378@qq.com5.供应商实地考察相关要求：无。注：供应商应充分了解地理位置、实际情况、道路及任何其他足以影响报价的情况，任何因忽视、误解情况或未参加踏勘而导致的索赔或施工周期延长申请采购人将不予接受。6.本项目竞争性磋商公告在中国政府采购网（https://www.ccgp.gov.cn/）发布。7.采购代理机构账户信息户    名：黑龙江省招标有限公司账    号：562010100101378528开 户 行：兴业银行哈尔滨分行营业部行    号：3092610000288.采购文件获取方式（1）供应商登陆平台前，须前往中招联合招标采购平台:www.365trade.com.cn/免费注册（平台仅对供应商注册信息与其提供的附件信息进行一致性检查）。注册为一次性工作，以后若有需要只需变更及完善相关信息。注册成功后，可以及时参与平台上所有发布的招标项目。平台注册成功后，登陆平台真实准确完善用户信息，特别是财务信息。（2）供应商需要开具发票的，须通过平台填写“开票申请”，平台服务费由“中招联合信息股份有限公司”出具增值税电子普通发票，可登录平台自行下载。（3）平台统一服务热线：4009033175，（工作日9:00-12:00，13:30-17:00），平台将确保下载者的购买信息在开标前对平台公司有关工作人员保密，如下载者主动与平台公司工作人员联系咨询事宜，则视为下载者主动放弃信息保密的权利，平台公司将不承担任何责任。（4）供应商可通过中招联合招标采购平台网站右侧“帮助中心”获取投标人投标操作手册。八、凡对本次采购提出询问，请按以下方式联系。1.采购人信息招标人：哈尔滨工程大学地  址：哈尔滨市南岗区南通大街145号联系人：杜老师、杨老师、张老师联系电话：0451-825198632.采购代理机构信息名  称：黑龙江省招标有限公司地  址：哈尔滨市南岗区汉水路180号联系人：于兆文、於佳联系方式：0451-82364713业务监督：黑龙江省招标有限公司风控合规部业务监督电话：0451-82364723 3.询问质疑联系人联系方式对磋商文件采购需求的询问和质疑联系人：于兆文     联系方式：0451-82364713（2）对采购过程和成交结果的询问和质疑询问联系人：于兆文     联系方式：0451-82364713质疑联系人：于兆文     联系方式：0451-82364713 二、开标时间：2026年09月20日 09:00 三、其它补充事宜无 四、预算金额：预算金额：304.400000 万元（人民币）,教育培训,2026-09-20 09:00,中国政府采购网,竞争性磋商,304.4,table,,,,,,,,,,,
陕西师范大学未来教师技能实训中心设备采购流标公告,流标公告,AJ26023/ZXGJ-ZB14-2026-017,2026年09月08日 19:37,长安区,陕西师范大学,西安市长安区西长安街620号,曹睿、李婷 029-85310696,中昕国际项目管理有限公司,西安市未央区凤城十二路与文景路东北角首创·禧悦里25栋A座16层,029-81317379-606,王超、白丹、王涛,029-81317379-606,,,https://www.ccgp.gov.cn/cggg/zygg/qtgg/202609/t20260908_27291262.htm,2026-09-10 10:08:00,一、项目基本情况 采购项目编号：AJ26023/ZXGJ-ZB14-2026-017 采购项目名称：陕西师范大学未来教师技能实训中心设备采购 二、项目废标/流标的原因 通过符合性审查的供应商不足三家，本项目流标。 三、其他补充事宜 / 四、凡对本次公告内容提出询问，请按以下方式联系。 1.采购人信息 名 称：陕西师范大学 地址：西安市长安区西长安街620号 联系方式：曹睿、李婷 029-85310696 2.采购代理机构信息 名 称：中昕国际项目管理有限公司 地 址：西安市未央区凤城十二路与文景路东北角首创·禧悦里25栋A座16层 联系方式：029-81317379-606 3.项目联系方式 项目联系人：王超、白丹、王涛 电 话： 029-81317379-606,教育培训,,中国政府采购网,,,default,二、项目废标/流标的原因,,,,,,,,,,
光刻工艺专用试剂便捷询价,其他公告,ZGGJ-BJ04-26081655/SIC2026036,2026年09月08日 19:12,北京市,zycgr22011902,/,杨老师 010-57305334,中工国际招标有限公司,北京市朝阳区慧忠路5号远大中心C座2层203,王宇婷、王欣、康进、张跃   010-82952950-814,王宇婷、王欣、康进、张跃项目联,010-82952950-814,,,https://www.ccgp.gov.cn/cggg/zygg/qtgg/202609/t20260908_27291126.htm,2026-09-10 10:08:01,中工国际招标有限公司受zycgr22011902 委托，根据《中华人民共和国政府采购法》等有关规定，现对光刻工艺专用试剂进行其他招标，欢迎合格的供应商前来投标。 项目名称：光刻工艺专用试剂项目编号：ZGGJ-BJ04-26081655/SIC2026036项目联系方式：项目联系人：王宇婷、王欣、康进、张跃项目联系电话：010-82952950-814 采购单位联系方式：采购单位：zycgr22011902采购单位地址：/采购单位联系方式：杨老师 010-57305334 代理机构联系方式：代理机构：中工国际招标有限公司代理机构联系人：王宇婷、王欣、康进、张跃 010-82952950-814代理机构地址： 北京市朝阳区慧忠路5号远大中心C座2层203 一、采购项目内容 包号 标的名称 物资名称 采购包预算金额 （万元） 数量 简要技术需求或服务要求 是否允许进口 01 光刻工艺专用试剂 低粘度氧化层光刻胶 37 8瓶 拟采购光刻专用试剂包含：高粘度氧化层光刻胶、低粘度氧化层光刻胶、正胶显影剂3类。具体详见采购文件《第四章 采购需求》。 否 高粘度氧化层光刻胶 16瓶 否 正胶显影剂 16瓶 否   二、开标时间：2026年09月24日 09:30 三、其它补充事宜一、项目基本情况1.项目编号：ZGGJ-BJ04-26081655/SIC20260362.项目名称：光刻工艺专用试剂3.采购方式：便捷询价4.项目预算金额：37万元、项目最高限价（如有）： / 万元5.采购需求： 包号 标的名称 物资名称 采购包预算金额 （万元） 数量 简要技术需求或服务要求 是否允许进口 01 光刻工艺专用试剂 低粘度氧化层光刻胶 37 8瓶 拟采购光刻专用试剂包含：高粘度氧化层光刻胶、低粘度氧化层光刻胶、正胶显影剂3类。具体详见采购文件《第四章 采购需求》。 否 高粘度氧化层光刻胶 16瓶 否 正胶显影剂 16瓶 否  6.合同履行期限：收到甲方发货通知45天内负责将货物运至采购方指定地点。7.本项目是否接受联合体：□是  ■否。二、申请人的资格要求（须同时满足）1.满足《中华人民共和国政府采购法》第二十二条规定；2.落实政府采购政策需满足的资格要求： / ；3.本项目的特定资格要求：_/_。三、获取采购文件1.时间：2026年9月9日至2026年9月15日，每天上午9:30至11:30，下午13:30至17:30（北京时间，法定节假日除外）。2.地点：中工国际招标有限公司在线登记平台3.方式：（1）供应商须先在线填写（http://101.200.176.189/x/bm?id=94091316）“供应商信息”上传加盖单位公章的被授权人身份证扫描件，并形成“项目口令”；（2）在线填写完供应商信息后将标书款以公对公形式汇至我公司下列指定账户；（3）汇款成功后凭借“项目口令”自行下载本项目电子版采购文件（PDF格式）。注：供应商如需纸质版采购文件，可携带被授权人身份证复印件并加盖单位公章，至现场获取。账户名称：中工国际招标有限公司账号：1101041060000069823开户行：杭州银行股份有限公司北京东城支行。4.售价：人民币500元，售后不退。 四、响应文件提交截止时间：2026年9月24日09点30分（北京时间）。地    点：北京市朝阳区慧忠路5号远大中心C座2层203。 五、公告期限自本公告发布之日起3个工作日。六、其他补充事宜1.供应商未在规定期限内获取采购文件的响应无效。2.本项目采购公告、更正公告及成交公告将在中国政府采购网上发布。3.本项目响应文件可接受邮寄，供应商按照本公告及采购文件中载明的响应文件提交截止时间及地点提交响应文件，逾期送达响应文件的将被拒绝。 四、预算金额：预算金额：37.000000 万元（人民币）,其他,2026-09-24 09:30,中国政府采购网,便捷询价,37.0,table,,,,,,,,,,,
单芯片封装加工便捷询价,其他公告,ZGGJ-BJ04-26081670/SIC2026038,2026年09月08日 19:11,北京市,zycgr22011902,/,杨老师 010-57305334,中工国际招标有限公司,北京市朝阳区慧忠路5号远大中心C座2层203,王宇婷、王欣、康进、张跃   010-82952950-814,王宇婷、王欣、康进、张跃项目联,010-82952950-814,,,https://www.ccgp.gov.cn/cggg/zygg/qtgg/202609/t20260908_27291106.htm,2026-09-10 10:08:01,中工国际招标有限公司受zycgr22011902 委托，根据《中华人民共和国政府采购法》等有关规定，现对单芯片封装加工进行其他招标，欢迎合格的供应商前来投标。 项目名称：单芯片封装加工项目编号：ZGGJ-BJ04-26081670/SIC2026038项目联系方式：项目联系人：王宇婷、王欣、康进、张跃项目联系电话：010-82952950-814 采购单位联系方式：采购单位：zycgr22011902采购单位地址：/采购单位联系方式：杨老师 010-57305334 代理机构联系方式：代理机构：中工国际招标有限公司代理机构联系人：王宇婷、王欣、康进、张跃 010-82952950-814代理机构地址： 北京市朝阳区慧忠路5号远大中心C座2层203 一、采购项目内容 包号 标的名称 采购包预算金额 （万元） 数量 简要技术需求或服务要求 是否允许进口 01 单芯片封装加工 40 40批（每批100颗） 根据采购方提供的器件封装形式、封装材料技术指标、芯片关键参数等，完成碳化硅单芯片封装加工。具体详见采购文件《第四章 采购需求》。   否   二、开标时间：2026年09月24日 09:30 三、其它补充事宜 一、项目基本情况1.项目编号：ZGGJ-BJ04-26081670/SIC20260382.项目名称：单芯片封装加工3.采购方式：便捷询价4.项目预算金额：40万元、项目最高限价（如有）： / 万元5.采购需求： 包号 标的名称 采购包预算金额 （万元） 数量 简要技术需求或服务要求 是否允许进口 01 单芯片封装加工 40 40批（每批100颗） 根据采购方提供的器件封装形式、封装材料技术指标、芯片关键参数等，完成碳化硅单芯片封装加工。具体详见采购文件《第四章 采购需求》。   否  6.合同履行期限：自合同生效之日起，至全部服务验收完成为止，最多不超过1年。7.本项目是否接受联合体：□是  ■否。二、申请人的资格要求（须同时满足）1.满足《中华人民共和国政府采购法》第二十二条规定；2.落实政府采购政策需满足的资格要求： / ；3.本项目的特定资格要求：_/_。三、获取采购文件1.时间：2026年9月9日至2026年9月15日，每天上午9:30至11:30，下午13:30至17:30（北京时间，法定节假日除外）。2.地点：中工国际招标有限公司在线登记平台3.方式：（1）供应商须先在线填写（http://101.200.176.189/x/bm?id=94244574）“供应商信息”上传加盖单位公章的被授权人身份证扫描件，并形成“项目口令”；（2）在线填写完供应商信息后将标书款以公对公形式汇至我公司下列指定账户；（3）汇款成功后凭借“项目口令”自行下载本项目电子版采购文件（PDF格式）。注：供应商如需纸质版采购文件，可携带被授权人身份证复印件并加盖单位公章，至现场获取。账户名称：中工国际招标有限公司账号：1101041060000069823开户行：杭州银行股份有限公司北京东城支行。4.售价：人民币500元，售后不退。 四、响应文件提交截止时间：2026年9月24日09点30分（北京时间）。地    点：北京市朝阳区慧忠路5号远大中心C座2层203。 五、公告期限自本公告发布之日起3个工作日。六、其他补充事宜1.供应商未在规定期限内获取采购文件的响应无效。2.本项目采购公告、更正公告及成交公告将在中国政府采购网上发布。3.本项目响应文件可接受邮寄，供应商按照本公告及采购文件中载明的响应文件提交截止时间及地点提交响应文件，逾期送达响应文件的将被拒绝。 四、预算金额：预算金额：40.000000 万元（人民币）,其他,2026-09-24 09:30,中国政府采购网,便捷询价,40.0,table,,,,,,,,,,,
中华人民共和国龙口出入境边防检查站警体训练暨托管中心改造项目施工合同公告更正公告,其他公告,YTDX2026-SH-032,2026年09月08日 18:58,龙口市,中华人民共和国龙口出入境边防检查站,龙口市新港路350号,魏助理0535-8833110,烟台德信项目管理有限公司,龙口市新嘉街道顺康小区综合楼三楼,史嘉辉0535-8550016,史嘉辉,0535-8550016,,,https://www.ccgp.gov.cn/cggg/zygg/qtgg/202609/t20260908_27291030.htm,2026-09-10 10:08:02,一、项目基本情况 采购项目编号：YTDX2026-SH-032 采购项目名称：中华人民共和国龙口出入境边防检查站警体训练暨托管中心改造项目施工 二、项目废标/流标的原因 / 三、其他补充事宜 更正事项：合同公告更正内容：原公告中采购方式：竞争性谈判，现更正为：竞争性磋商。更正日期：2026年9月8日 四、凡对本次公告内容提出询问，请按以下方式联系。 1.采购人信息 名 称：中华人民共和国龙口出入境边防检查站 地址：龙口市新港路350号 联系方式：魏助理0535-8833110 2.采购代理机构信息 名 称：烟台德信项目管理有限公司 地 址：龙口市新嘉街道顺康小区综合楼三楼 联系方式：史嘉辉0535-8550016 3.项目联系方式 项目联系人：史嘉辉 电 话： 0535-8550016,工程建设,,中国政府采购网,竞争性谈判,,default,二、项目废标/流标的原因,,,,,,,,,,
中华人民共和国西藏出入境边防检查总站日喀则边境管理支队2026年公务用车保险服务机构选取项目竞争性磋商公告,其他公告,XZHX-DL-20260805,2026年09月08日 18:41,日喀则市,日喀则边境管理支队,日喀则市桑珠孜区朗热路,0892-8335031,西藏瀚祥工程项目管理有限公司,拉萨市堆龙德庆区东嘎时代广场7-1-902号,任先生18100988294,任先生,18100988294,,,https://www.ccgp.gov.cn/cggg/zygg/qtgg/202609/t20260908_27290782.htm,2026-09-10 10:08:03,西藏瀚祥工程项目管理有限公司受日喀则边境管理支队 委托，根据《中华人民共和国政府采购法》等有关规定，现对中华人民共和国西藏出入境边防检查总站日喀则边境管理支队2026年公务用车保险服务机构选取项目进行其他招标，欢迎合格的供应商前来投标。 项目名称：中华人民共和国西藏出入境边防检查总站日喀则边境管理支队2026年公务用车保险服务机构选取项目项目编号：XZHX-DL-20260805项目联系方式：项目联系人：任先生项目联系电话：18100988294 采购单位联系方式：采购单位：日喀则边境管理支队采购单位地址：日喀则市桑珠孜区朗热路采购单位联系方式：0892-8335031 代理机构联系方式：代理机构：西藏瀚祥工程项目管理有限公司代理机构联系人：任先生18100988294代理机构地址： 拉萨市堆龙德庆区东嘎时代广场7-1-902号 一、采购项目内容竞争性磋商公告项目概况中华人民共和国西藏出入境边防检查总站日喀则边境管理支队2026年公务用车保险服务机构选取项目的潜在供应商应在西藏瀚祥工程项目管理有限公司获取竞争性磋商文件，并于2026年09月21日16：00（北京时间）前提交响应文件。一、项目基本情况项目编号：XZHX-DL-20260805项目名称：中华人民共和国西藏出入境边防检查总站日喀则边境管理支队2026年公务用车保险服务机构选取项目采购方式：竞争性磋商采购预算：99.80万元，采用自主定价系数进行报价，自主定价系数必须为固定报价，不能为区间值（如：80%～90%），自主定价系数＞0%。采购需求：拟为支队列编的274台公务用车选取2026年度商业保险定点服务机构。本项目不接受联合体响应二、申请人的资格要求1.满足《中华人民共和国政府采购法》第二十二条规定；2、落实政府采购政策（1）按照<财政部工业和信息化部关于印发《政府采购促进中小企业发展管理办法》的通知>（财库[2020]46号）及《财政部关于进一步加大政府采购支持中小企业力度的通知》（财库【2022】19号）的规定，落实促进中小企业发展政策；（2）执行《财库（2017）141号》关于促进残疾人就业政府采购政策的通知；（3）执行《财库（2014）68号》财政部司法部关于政府采购支持监狱企业发展有关问题的通知；（4）执行《财政部办公厅、生态环境部办公厅、国家邮政局办公室关于印发<商品包装政府采购需求标准（试行）>、<快递包装政府采购需求标准（试行）>的通知》。（5）执行《财政部发展改革委关于印发节能产品政府采购品目清单的通知》（财库〔2019〕19号）、《财政部生态环境部关于印发环境标志产品政府采购品目清单的通知》（财库〔2019〕18号）的规定，落实国家节能环保政策；（6）扶持不发达地区和少数民族地区。3.落实政府采购政策需满足的资格要求：本项目不属于专门面向中小企业采购的项目。4.本项目的特定资格要求：4.1供应商应未被列入“信用中国”网站（www.creditchina.gov.cn）失信被执行人和税收违法黑名单中，未被列入“中国政府采购网”（www.ccgp.gov.cn）政府采购严重违法失信行为记录名单中。4.2经国家保险监督管理机构批准在中华人民共和国境内设立和营业的，并依法被核定许可车辆保险业务的保险机构【依据有效期内的保险许可证（分公司或中心支公司的保险机构参与本项目磋商的，须提供《经营保险业务许可证》及总公司对其的授权；总公司参与本项目磋商的，须提供《保险公司法人许可证》）三、获取竞争性磋商文件时间：2026年09月09日至2026年09月15日，每天9:30—13:30；15:30—18:00（北京时间，法定节假日除外）地点：西藏瀚祥工程项目管理有限公司(拉萨市堆龙德庆区东嘎时代广场7-1-902号）方式：现场获取或线上远程获取(现场获取流程:提供公司名称、联系人姓名、联系人联系方式。远程获取流程:1.将项目名称、公司名称、联系人姓名、联系人联系方式发送至邮箱739752109@qq.com;2.代理机构将对原邮件回复相关后续事宜。)售价：300元，磋商文件售后不退。四、响应文件提交提交时间：2026年09月21日16：00（北京时间）地点：日喀则维也纳国际酒店（吉林南路店）八楼小会议室五、开启时间：2026年09月21日16：00（北京时间）地点：日喀则维也纳国际酒店（吉林南路店）八楼小会议室六、公告期限自本公告发布之日起3个工作日。七、其他补充事宜本项目各项公告在中国政府采购网上发布，后续澄清、更正、终止、中标（成交）公告请关注上述媒体。八、凡对本次采购提出询问，请按以下方式联系。1.采购人信息名    称：日喀则边境管理支队地    址：日喀则市桑珠孜区朗热路联系方式：0892-8335031(请在工作时间内拨打)2.采购代理机构信息名    称：西藏瀚祥工程项目管理有限公司地    址：拉萨市堆龙德庆区东嘎时代广场7-1-902号联系方式：18100988294（请工作 日内上班时间段拨打）3.项目联系方式项目联系人：任先生电      话：18100988294（请工作 日内上班时间段拨打） 二、开标时间：2026年09月21日 16:00 三、其它补充事宜本项目各项公告在中国政府采购网上发布，后续澄清、更正、终止、中标（成交）公告请关注上述媒体。 四、预算金额：预算金额：99.800000 万元（人民币）,服务外包,,中国政府采购网,竞争性磋商,99.8,table,,,,,,,,,,,
四川省阿坝藏族羌族自治州红原县消防救援大队2026年至2029年度采购代理机构入围比选项目采购公告,其他公告,BBZC,2026年09月08日 18:19,红原县,红原县消防救援大队,四川省阿坝藏族羌族自治州红原县桑青路18号,许正 0837-2663298,四川标标忠诚招标代理有限公司,都江堰市新发北路1号河畔雅居2栋一单元,庞老师 028-87262325,庞老师,028-87262325,介绍信附件 (1).docx,"[{""attach_name"": ""介绍信附件 (1).docx"", ""attach_url"": ""https://download.ccgp.gov.cn/oss/download?uuid=25622497330A8A8B90B5F455AFDB0E""}]",https://www.ccgp.gov.cn/cggg/zygg/qtgg/202609/t20260908_27290562.htm,2026-09-10 10:08:03,四川标标忠诚招标代理有限公司受红原县消防救援大队 委托，根据《中华人民共和国政府采购法》等有关规定，现对四川省阿坝藏族羌族自治州红原县消防救援大队2026年至2029年度采购代理机构入围比选项目进行其他招标，欢迎合格的供应商前来投标。 项目名称：四川省阿坝藏族羌族自治州红原县消防救援大队2026年至2029年度采购代理机构入围比选项目项目编号：BBZC【2026比选】028号项目联系方式：项目联系人：庞老师项目联系电话：028-87262325 采购单位联系方式：采购单位：红原县消防救援大队采购单位地址：四川省阿坝藏族羌族自治州红原县桑青路18号采购单位联系方式：许正 0837-2663298 代理机构联系方式：代理机构：四川标标忠诚招标代理有限公司代理机构联系人：庞老师 028-87262325代理机构地址： 都江堰市新发北路1号河畔雅居2栋一单元 一、采购项目内容1.本项目服务期限三年，合同一年一签。2.参照《中华人民共和国政府采购法》等相关法律法规，选择6家代理机构为本单位提供采购代理服务。 二、开标时间：2026年09月15日 11:00 三、其它补充事宜（1）网上办理：①比选招标申请人网上购买文件时，将介绍信、经办人身份证复印件、营业执照。②请将按要求填写的介绍信（须包含项目名称、招标编号等关键要素）、营业执照副本复印件、经办人身份证复印件加盖投标单位鲜章后一并扫描发送至我公司邮箱（694144547@qq.com），我公司收到报名信息后将报名付款二维码回复至报名邮箱，请扫二维码付款缴纳报名费并备注公司名称简称加项目名称简称；付款后请截图并将截图加盖公章发至报名邮箱（注：缴纳报名费时须备注项目名称及投标申请人公司名称中重要信息，投标申请人收到我公司发出的电子比选招标文件即为报名成功。）（2）报名咨询电话：028-87262325。投标申请人购买文件时须如实认真填写项目信息及投标申请人信息；若因投标申请人提供的错误信息，对其投标招标事宜造成影响的，由投标申请人自行承担所有责任(若投标申请人需变更报名信息，请于获取文件截止之日前到招标代理机构重新登记)。2.文件获取时间：2026年09月09日-2026年09月11日（北京时间9:00-17:00，法定节假日除外）3.文件售价：人民币500元/份（文件售后不退，资格不能转让）。 四、预算金额：预算金额：0.000000 万元（人民币）,公共安全,,中国政府采购网,,0.0,table,,,,,,,,,,,
选取2026年度总队新训大队副食品供应商项目二次流标公告,流标公告,QZ2026-034,2026年09月08日 18:16,黑龙江省,黑龙江省森林消防总队,哈尔滨市南岗区千山路99号,张助理0451-70702118,黑龙江千铸工程项目管理有限公司,哈尔滨市道里区群力外滩1898 A5栋2单元2401,张女士0451-84362076,张女士,0451-84362076,,,https://www.ccgp.gov.cn/cggg/zygg/qtgg/202609/t20260908_27290538.htm,2026-09-10 10:08:04,一、项目基本情况 采购项目编号：QZ2026-034 采购项目名称：选取2026年度总队新训大队副食品供应商项目 二、项目废标/流标的原因 经评审专家一致认为招标文件项目需求存在重大歧义，无法继续评标，现终止招标。 三、其他补充事宜 无 四、凡对本次公告内容提出询问，请按以下方式联系。 1.采购人信息 名 称：黑龙江省森林消防总队 地址：哈尔滨市南岗区千山路99号 联系方式：张助理0451-70702118 2.采购代理机构信息 名 称：黑龙江千铸工程项目管理有限公司 地 址：哈尔滨市道里区群力外滩1898 A5栋2单元2401 联系方式：张女士0451-84362076 3.项目联系方式 项目联系人：张女士 电 话： 0451-84362076,公共安全,,中国政府采购网,,,default,二、项目废标/流标的原因,,,,,,,,,,
林芝市消防救援支队关于征集2026年度政府采购代理机构合作意向的公告,其他公告,/,2026年09月08日 17:48,林芝地区,林芝市消防救援支队,西藏自治区林芝市巴宜区平安路99号,王先生（0894-5823538）,/,/,/,王先生,0894-5823538,"林芝市消防救援支队关于征集2026年度政府采购代理机构合作意向的公告.docx,附件1：采购代理机构合作意向申请表.xls,附件2：招标代理机构资格审查表.docx,附件3：招标代理机构评分表.docx","[{""attach_name"": ""林芝市消防救援支队关于征集2026年度政府采购代理机构合作意向的公告.docx"", ""attach_url"": ""https://download.ccgp.gov.cn/oss/download?uuid=B6CF16DFF75F9E7BA146A6E37F78A2""}, {""attach_name"": ""附件1：采购代理机构合作意向申请表.xls"", ""attach_url"": ""https://download.ccgp.gov.cn/oss/download?uuid=F23BD7F06A7CF92CB8814A912860C4""}, {""attach_name"": ""附件2：招标代理机构资格审查表.docx"", ""attach_url"": ""https://download.ccgp.gov.cn/oss/download?uuid=4B2DF239AA1DB6CFE4A98B740BD1A9""}, {""attach_name"": ""附件3：招标代理机构评分表.docx"", ""attach_url"": ""https://download.ccgp.gov.cn/oss/download?uuid=9F9D69470B2329E30E59FF1B65C030""}]",https://www.ccgp.gov.cn/cggg/zygg/qtgg/202609/t20260908_27290028.htm,2026-09-10 10:08:04,/受林芝市消防救援支队 委托，根据《中华人民共和国政府采购法》等有关规定，现对林芝市消防救援支队关于征集2026年度政府采购代理机构合作意向的公告进行其他招标，欢迎合格的供应商前来投标。 项目名称：林芝市消防救援支队关于征集2026年度政府采购代理机构合作意向的公告项目编号：/项目联系方式：项目联系人：王先生项目联系电话：0894-5823538 采购单位联系方式：采购单位：林芝市消防救援支队采购单位地址：西藏自治区林芝市巴宜区平安路99号采购单位联系方式：王先生（0894-5823538） 代理机构联系方式：代理机构：/代理机构联系人：/代理机构地址： / 一、采购项目内容为进一步加强政府采购管理，规范政府采购行为，提升工作质效，根据《西藏自治区消防救援总队关于印发〈西藏自治区消防救援总队机关采购代理机构管理规定（试行）〉〈西藏消防救援队伍自行采购管理规定（试行）〉的通知》（藏消〔2025〕122号）等有关规定，现面向社会公开征集林芝市消防救援支队2026年度采购代理机构合作意向。具体事项公告如下：一、征集原则按照“公平公正、优中选优”的原则，向社会公开征集业绩突出、实力过硬、守法诚信的采购代理机构为支队2026年度实施采购项目合作单位。二、代理采购范围和服务期限本次拟采取“5家正选+5家备选”模式，通过公开征集、综合评审方式，确定5家招标代理机构作为正选入围机构，同时确定5家备选机构，为支队2026年度实施采购项目提供代理服务，服务期限为2026年10月至2027年10月。正选机构在使用过程中出现违法违规行为被取消入围资格的，由备选机构按综合排名依次递补，确保正选机构始终保持5家规模。三、征集时间和地点（一）报名时间：2026年9月8日至9月30日，提交时间为工作日工作时间：上午9:30-12:50，下午15:30-18:30。截止时间为2026年9月30日下午18:30。（二）报名地点：林芝市巴宜区平安路99号；（三）联系电话：0894-5823538。四、资格条件详见资格审查表。五、资料提交要求以下所有资料需内容完整且关键字迹清晰，否则评审人员可以对相关资料的真实性和可靠性不予认定。（一）资格条件证明材料1.营业执照（正本或副本复印件）；2.法定代表人身份证复印件（双面），或授权委托书（如为授权委托人参与本次征集活动，需提供法定代表人签字并加盖公章的委托书）、委托代理人身份证复印件（双面）及在职证明（劳动合同或社保记录）；3.2025年度经审计的财务报表或审计报告（复印件）；成立不足一年的企业提供从成立以来有效的财务报表（包括但不限于资产负债表）或审计报告（复印件）。4.提供投标截止时间，近6个月任意一个月已缴纳（申报）税收的凭据，依法免税的投标人应提供相关文件证明；提供投标截止时间，近6个月任意一个月已缴纳的社会保障资金的凭据，依法不需要缴纳社会保障资金的投标人应提供相关文件证明；新成立企业（无纳税记录）、依法免税企业或经批准缓缴企业，需提供‌成立时间说明、免税批文或监管部门同意缓缴文件；成立不足6个月的企业提供自成立以来的全部有效纳税记录、社保记录（复印件）。5.承诺在依法依规的前提下，积极配合采购人各项工作的函（法定代表人或其授权委托人签字并加盖企业公章）；6.承诺未处于被禁止代理政府采购业务的行政处罚期内的承诺函（格式自拟）；7.已在中国政府采购网登记备案，并提供相关有效证明资料；已纳入“西藏自治区政府采购网-政府采购代理机构专栏-政府采购代理机构名单”，且已在林芝市政府采购行业主管部门登记备案（提供相关有效证明资料，含工程和采购）。（二）企业评分证明材料1.独立办公场所租赁合同或房产证等（复印件）、办公场所图片（至少包含开标室、评标室、监控室、档案室、办公区域等，不得少于5张）；办公场所地址原则上应与营业执照登记地址一致，不一致的提供情况说明；2.经营年限佐证材料：营业执照复印件（如涉及营业执照变更等情况，需提供相关变更证明，要求详见《林芝市消防救援支队招标代理机构评分表》考评标准）；3.2023年7月至2026年7月的采购代理项目业绩（每个项目需提供有效的委托代理协议<复印件>和有效的招标公告<截图>；货物类项目招标金额≥400万元、工程类项目≥2000万元、服务类项目≥200万元，要求详见《林芝市消防救援支队招标代理机构评分表》考评标准）；4.人员结构佐证材料：机构人员满足藏财采办〔2021〕29号第七条（三）和第十一条（三）有关规定，至少5名专职从业人员的劳动合同、社保缴纳证明材料，以及2026年度参加省级以上财政部门或其委托的培训机构组织培训的培训证书或培训证明（要求详见《林芝市消防救援支队招标代理机构评分表》考评标准）；5.代理机构内控制度（项目管理制度）佐证材料：包括采购代理委托、采购需求制定、采购文件编制、信息公告、评审、保证金、质疑答复、档案管理等制度（要求详见《林芝市消防救援支队招标代理机构评分表》考评标准）；6.代理项目风险管控措施材料：包括陪标围标控制、减少流标和废标、质疑处理、提升采购服务质量节约资金、紧急情况处理措施及预案等（要求详见《林芝市消防救援支队招标代理机构评分表》考评标准）。六、征集程序（一）现场递交资料。有意与支队开展业务合作的采购代理机构，在报名截止时间内将加盖公章的《采购代理机构合作意向申请表》（单独递交）以及资格条件证明材料、企业评分证明材料现场递交至报名地点进行报名；递交资料前按要求装订相关资料，共需提供纸质档文件5份、电子档扫描文件1份（提供PDF盖章扫描版），文件要求密封分装（具体为：电子版文件以U盘存储并密封、纸质版文件5份分装并密封）。由代理机构法定代表人或其授权委托人携带资料至指定地点，登记公司名称、联系人、联系方式、递交时间等信息；（二）集中书面评审。支队成立专项评审小组（实行回避制度，与代理机构存在利害关系的成员需回避，评审过程全程封闭录音录像，结果经全体成员签字确认），按照《林芝市消防救援支队招标代理机构资格审查表》和《林芝市消防救援支队招标代理机构评分表》相关要求，对通过资格初审的代理机构资料进行集中书面评审；（三）实地考察。支队对集中书面评审排名靠前的代理机构进行实地考察，重点对采购代理机构的企业基本情况、以往项目实施情况、项目档案管理、人员能力及风险管控等方面进行考评并现场打分；对前期提供资料涉嫌弄虚作假的企业，实行一票否决；（四）选定合作单位。根据集中书面评审和实地考察的综合得分从高到低排序，经5个工作日公示无异议后，确定综合得分排名前5名的机构为正选入围机构，第6名至第10名为备选机构，共同作为支队2026年度实施采购项目合作单位。正选机构被取消入围资格的，由备选机构按排名依次递补。  二、开标时间：2026年10月08日 10:00 三、其它补充事宜1.本公告由林芝市消防救援支队负责解释。报名单位或潜在供应商对本次征集活动如有疑问，应在报名截止日前以书面或电话形式向支队进行询问。2.已参加报名的代理机构认为本次征集公告（含附件）、征集过程及评选结果使自己权益受到损害的，可以在知道或应当知道权益受损之日起7个工作日内，以书面形式向支队提出质疑，逾期提出的不再受理。3.入围代理机构后期合作中发生的争议，双方应友好协商解决；协商不成的，可向支队所在地有管辖权的人民法院提起诉讼。4.开评标时间2026-10-08为暂定时间，具体评审时间以甲方安排为准。 四、预算金额：预算金额：0.000000 万元（人民币）,公共安全,,中国政府采购网,,0.0,table,,,,,,,,,,,
天津大学天津纳米颗粒与纳米系统国际研究中心膜厚监测系统采购项目快速磋商公告,其他公告,TDZC2026N0164,2026年09月08日 17:47,天津市,天津大学,天津市南开区卫津路92号,巩老师、蔡老师022-27407504（招标办）,盛和招标代理有限公司,天津市南开区白堤路180号万科时代中心26楼2601,许铖铖、苏云龙、侯美玲、梁冰、苗增文、窦玉玲、李亚昭  18561713928、15132685035,许铖铖、苏云龙、侯美玲、梁冰,18561713928、15132685035,,,https://www.ccgp.gov.cn/cggg/zygg/qtgg/202609/t20260908_27289988.htm,2026-09-10 10:08:05,盛和招标代理有限公司受天津大学 委托，根据《中华人民共和国政府采购法》等有关规定，现对天津大学天津纳米颗粒与纳米系统国际研究中心膜厚监测系统采购项目进行其他招标，欢迎合格的供应商前来投标。 项目名称：天津大学天津纳米颗粒与纳米系统国际研究中心膜厚监测系统采购项目项目编号：TDZC2026N0164项目联系方式：项目联系人：许铖铖、苏云龙、侯美玲、梁冰、苗增文、窦玉玲、李亚昭项目联系电话：18561713928、15132685035 采购单位联系方式：采购单位：天津大学采购单位地址：天津市南开区卫津路92号采购单位联系方式：巩老师、蔡老师022-27407504（招标办） 代理机构联系方式：代理机构：盛和招标代理有限公司代理机构联系人：许铖铖、苏云龙、侯美玲、梁冰、苗增文、窦玉玲、李亚昭 18561713928、15132685035代理机构地址： 天津市南开区白堤路180号万科时代中心26楼2601 一、采购项目内容（一）项目名称：天津大学天津纳米颗粒与纳米系统国际研究中心膜厚监测系统采购项目（二）项目编号：TDZC2026N0164（三）项目内容膜厚监测系统：10套。本项目要求采购膜厚监测系统，用于真空镀膜工艺过程中薄膜厚度、沉积速率实时监测。本项目不接受进口产品参与磋商，具体要求详见项目需求书。预算（最高限价）：70.00万元，单价（最高限价）：7.00万元，分项报价及总报价均不得超出预算金额。本项目不接受联合体磋商并不得分包转包。 （四）项目需要落实的政府采购政策中小企业划分标准所属行业：工业1.根据《政府采购促进中小企业发展管理办法》、《财政部关于进一步加大政府采购支持中小企业力度的通知》财库〔2022〕19号规定，本项目对小型和微型企业产品的价格给予10%的扣除。2.根据财政部发布的《关于政府采购支持监狱企业发展有关问题的通知》规定，本项目对监狱企业产品的价格给予10%的扣除。3.根据财政部、民政部、中国残疾人联合会发布的《关于促进残疾人就业政府采购政策的通知》规定，本项目对残疾人福利性单位产品的价格给予10%的扣除。注：小微企业以供应商填写的《中小企业声明函》为判定标准，残疾人福利性单位以制造商《残疾人福利性单位声明函》为判定标准，监狱企业须提供由省级以上监狱管理局、戒毒管理局（含新疆生产建设兵团）出具的制造商属于监狱企业的证明文件，否则不予认定。以上政策不重复享受。4.根据《国务院办公厅关于在政府采购中实施本国产品标准及相关政策的通知》国办发〔2025〕34号规定，政府采购活动中既有本国产品又有非本国产品参与竞争的，依法对本国产品给予价格评审优惠，对本国产品的报价给予20%的价格扣除，用扣除后的价格参与评审。当采购项目或者采购包中含有多种产品，供应商为该采购项目或者采购包提供的符合本国产品标准的产品成本之和占该供应商提供的全部产品成本之和的比例达到80%以上时，依法对该供应商提供的全部产品给予价格评审优惠，即对该供应商提供的全部产品的总报价给予20%的价格扣除，用扣除后的价格参与评审。注：供应商提供的产品符合本国产品标准，需出具《关于符合本国产品标准的声明函》（格式见第七章响应文件格式附件8-4）或财政部会同有关部门规定的有关证明文件，如提供的产品均不符合本国产品标准，则无需提供声明函或有关证明文件。供应商提供的符合本国产品标准的产品成本之和占该供应商提供的全部产品（全部产品是指货物或服务采购包件中包含的全部货物、服务产品）成本之和的比例达到80%以上，供应商除需提供以上声明函或证明文件外，还需提供产品成本占比承诺函（格式见第七章响应文件格式附件8-5）。占比不足80%的，无需提供承诺函。5.按照《关于调整优化节能产品、环境标志产品政府采购执行机制的通知》（财库〔2019〕9号）文件要求，对政府采购节能、环境标志品目清单内的产品实施优先采购和强制采购的评标方法。6.涉及商品包装或快递包装的，按照《财政部办公厅、生态环境部办公厅、国家邮政局办公室关于印发<商品包装政府采购需求标准（试行）>、<快递包装政府采购需求标准（试行）>的通知》（财办库〔2020〕123号）要求执行。7.按照《财政部关于在政府采购活动中查询及使用信用记录有关问题的通知》（财库〔2016〕125号）的要求，根据磋商当日查询“信用中国”网站（www.creditchina.gov.cn）、中国政府采购网（www.ccgp.gov.cn）的信息，对列入失信被执行人、重大税收违法失信主体、政府采购严重违法失信行为记录名单及其他不符合《中华人民共和国政府采购法》第二十二条规定条件的供应商，拒绝参与政府采购活动，同时代理机构对信用信息查询记录和证据进行打印存档。（五）供应商资格要求1.满足《中华人民共和国政府采购法》第二十二条规定；（1）供应商须是在中华人民共和国注册，具备独立承担民事责任的能力；提供营业执照或事业单位法人证书或民办非企业单位登记证书或社会团体法人登记证书或基金会法人登记证书；（2）供应商须提供经第三方会计师事务所审计的2025年度财务审计报告或响应文件开启时间前3个月以内银行出具的资信证明；（3）供应商须提供提交响应文件截止时间前6个月内任意一个月缴纳社会保险费的相关证明材料；（4）供应商须提供税款所属期为提交响应文件截止时间前6个月内任意一个月依法纳税的相关证明材料；（5）供应商须提供响应文件开启时间前3年在经营活动中没有重大违法记录的书面声明（截至响应文件开启时间成立不足3年的供应商可提供自成立以来无重大违法记录的书面声明）；（6）供应商具备履行合同所必需的设备和专业技术能力，提供承诺书。2.落实政府采购政策需满足的资格要求：按照《财政部关于在政府采购活动中查询及使用信用记录有关问题的通知》（财库〔2016〕125号）的要求，根据磋商当日查询“信用中国”网站（www.creditchina.gov.cn）、中国政府采购网（www.ccgp.gov.cn）的信息，对列入失信被执行人、重大税收违法失信主体、政府采购严重违法失信行为记录名单及其他不符合《中华人民共和国政府采购法》第二十二条规定条件的供应商，拒绝参与政府采购活动，同时代理机构对信用信息查询记录和证据进行打印存档。3.本项目的特定资格要求：若为供应商的法定代表人参加磋商，须提供法定代表人资格证明书原件加盖公章和法定代表人身份证明原件或复印件加盖公章；供应商若为授权代表参加磋商，还须提供法定代表人授权委托书原件（需由法定代表人及授权代表签字或盖章并加盖公章）和授权代表身份证明原件或复印件加盖公章。（六）快速磋商文件发售1.获取磋商文件的时间：2026年09月09日至2026年09月11日出售磋商文件，每日9：00-11：00，14：00-17：00（法定节假日除外）。2.获取磋商文件的方式：<1>现场获取：盛和招标代理有限公司（天津市南开区白堤路180号万科时代中心26楼2601房间）获取。<2>邮件获取：为保证开票信息的准确性，请将独立承担民事责任的能力证明文件复印件发送邮件至tjcnshzb@163.com邮箱，邮件中注明联系人、联系电话。邮件主题为“获取磋商文件：项目编号+公司名称”；核对信息无误后，向供应商发送付款方式；确认收到文件费支付截图后向供应商发送电子版磋商文件。纸质文件可自取或另行邮寄。（注：获取磋商文件日期以标书款到账日期为准。）磋商文件的售价：本磋商文件售价500.00元，一经售出，概不退还。（七）提交磋商响应文件截止时间及地点1.响应文件提交的截止时间：2026年09月17日下午13:30（逾期送达或未按照磋商文件要求密封的响应文件概不接受。）2.响应文件递交地点：盛和招标代理有限公司（天津市南开区白堤路180号万科时代中心26楼第一开标室）3.响应文件开启时间：2026年09月17日下午13:304.响应文件开启地点：盛和招标代理有限公司（天津市南开区白堤路180号万科时代中心26楼第一开标室）5.响应文件递交方式现场递交：供应商须由法定代表人或授权代表现场递交响应文件（含对响应文件的有效修改、澄清文件）。（八）磋商时间及地点磋商时间及地点：2026年09月17日下午13:30（北京时间）在盛和招标代理有限公司（天津市南开区白堤路180号万科时代中心26楼第一开标室）召开。届时请参加磋商的授权代表出席。 二、开标时间：2026年09月17日 13:30 三、其它补充事宜无 四、预算金额：预算金额：70.000000 万元（人民币）,教育培训,,中国政府采购网,,70.0,table,,,,,,,,,,,
天津大学天津纳米颗粒与纳米系统国际研究中心光电探测系统采购项目快速磋商公告,其他公告,TDZC2026N0116,2026年09月08日 17:40,天津市,天津大学,天津市南开区卫津路92号,巩老师、蔡老师022-27407504（招标办）,北京泛华国金工程咨询有限公司,天津市西青区新科道与新津二支路交口新科园12号楼二楼,周烨、陈树锦、李曼、张强  022-23710307,周烨、陈树锦、李曼、张强项目联,022-23710307,,,https://www.ccgp.gov.cn/cggg/zygg/qtgg/202609/t20260908_27289806.htm,2026-09-10 10:08:06,北京泛华国金工程咨询有限公司受天津大学 委托，根据《中华人民共和国政府采购法》等有关规定，现对天津大学天津纳米颗粒与纳米系统国际研究中心光电探测系统采购项目进行其他招标，欢迎合格的供应商前来投标。 项目名称：天津大学天津纳米颗粒与纳米系统国际研究中心光电探测系统采购项目项目编号：TDZC2026N0116项目联系方式：项目联系人：周烨、陈树锦、李曼、张强项目联系电话：022-23710307 采购单位联系方式：采购单位：天津大学采购单位地址：天津市南开区卫津路92号采购单位联系方式：巩老师、蔡老师022-27407504（招标办） 代理机构联系方式：代理机构：北京泛华国金工程咨询有限公司代理机构联系人：周烨、陈树锦、李曼、张强 022-23710307代理机构地址： 天津市西青区新科道与新津二支路交口新科园12号楼二楼 一、采购项目内容（一）项目名称：天津大学天津纳米颗粒与纳米系统国际研究中心光电探测系统采购项目（二）项目编号：TDZC2026N0116（三）项目内容       光电探测系统：20套。包含光电探测器及相关配件，光谱响应范围不小于：200nm-1100nm。本项目不接受进口产品参与磋商，具体要求详见项目需求书。本项目不接受联合体磋商并不得分包转包。预算（最高限价）：50万元。每套设备单价最高限价2.5万元。（四）项目需要落实的政府采购政策        中小企业划分标准所属行业：工业        1. 根据《政府采购促进中小企业发展管理办法》、《财政部关于进一步加大政府采购支持中小企业力度的通知》财库〔2022〕19号规定，本项目对小型和微型企业产品的价格给予10%的扣除。        2. 根据财政部发布的《关于政府采购支持监狱企业发展有关问题的通知》规定，本项目对监狱企业产品的价格给予10%的扣除。        3. 根据财政部、民政部、中国残疾人联合会发布的《关于促进残疾人就业政府采购政策的通知》规定，本项目对残疾人福利性单位产品的价格给予10%的扣除。        注：中小企业以供应商填写的《中小企业声明函》为判定标准，残疾人福利性单位以制造商《残疾人福利性单位声明函》为判定标准，监狱企业须提供由省级以上监狱管理局、戒毒管理局（含新疆生产建设兵团）出具的制造商属于监狱企业的证明文件，否则不予认定。以上政策不重复享受。        4. 根据《国务院办公厅关于在政府采购中实施本国产品标准及相关政策的通知》国办发〔2025〕34号规定，政府采购活动中既有本国产品又有非本国产品参与竞争的，依法对本国产品给予价格评审优惠，对本国产品的报价给予20%的价格扣除，用扣除后的价格参与评审。        当采购项目或者采购包中含有多种产品，供应商为该采购项目或者采购包提供的符合本国产品标准的产品成本之和占该供应商提供的全部产品成本之和的比例达到80%以上时，依法对该供应商提供的全部产品给予价格评审优惠，即对该供应商提供的全部产品的总报价给予20%的价格扣除，用扣除后的价格参与评审。        注：供应商提供的产品符合本国产品标准，需出具《关于符合本国产品标准的声明函》（格式见第七章响应文件格式附件8-4）或财政部会同有关部门规定的有关证明文件，如提供的产品均不符合本国产品标准，则无需提供声明函或有关证明文件。        供应商提供的符合本国产品标准的产品成本之和占该供应商提供的全部产品（全部产品是指货物或服务采购包件中包含的全部货物、服务产品）成本之和的比例达到80%以上，供应商除需提供以上声明函或证明文件外，还需提供产品成本占比承诺函（格式见第七章响应文件格式附件8-5）。占比不足80%的，无需提供承诺函。        5. 按照《关于调整优化节能产品、环境标志产品政府采购执行机制的通知》（财库〔2019〕9号）文件要求，对政府采购节能、环境标志品目清单内的产品实施优先采购和强制采购的评标方法。        6. 涉及商品包装或快递包装的，按照《财政部办公厅、生态环境部办公厅、国家邮政局办公室关于印发<商品包装政府采购需求标准（试行）>、<快递包装政府采购需求标准（试行）>的通知》（财办库〔2020〕123号）要求执行。        7．按照《财政部关于在政府采购活动中查询及使用信用记录有关问题的通知》（财库〔2016〕125号）的要求，根据磋商当日查询“信用中国”网站（www.creditchina.gov.cn）、中国政府采购网（www.ccgp.gov.cn）的信息，对列入失信被执行人、重大税收违法失信主体、政府采购严重违法失信行为记录名单及其他不符合《中华人民共和国政府采购法》第二十二条规定条件的供应商，拒绝参与政府采购活动，同时代理机构对信用信息查询记录和证据进行打印存档。（五）供应商资格要求        1. 满足《中华人民共和国政府采购法》第二十二条规定；（1）供应商须是在中华人民共和国注册，具备独立承担民事责任的能力；提供营业执照或事业单位法人证书或民办非企业单位登记证书或社会团体法人登记证书或基金会法人登记证书；（2）供应商须提供经第三方会计师事务所审计的2025年度财务审计报告或响应文件开启时间前3个月以内银行出具的资信证明；（3）供应商须提供提交响应文件截止时间前6个月内任意一个月缴纳社会保险费的相关证明材料；（4）供应商须提供税款所属期为提交响应文件截止时间前6个月内任意一个月依法纳税的相关证明材料；（5）供应商须提供响应文件开启时间前3年在经营活动中没有重大违法记录的书面声明（截至响应文件开启时间成立不足3年的供应商可提供自成立以来无重大违法记录的书面声明）。（6）供应商具备履行合同所必需的设备和专业技术能力，提供承诺书。        2. 落实政府采购政策需满足的资格要求：按照《财政部关于在政府采购活动中查询及使用信用记录有关问题的通知》（财库〔2016〕125号）的要求，根据磋商当日查询“信用中国”网站（www.creditchina.gov.cn）、中国政府采购网（www.ccgp.gov.cn）的信息，对列入失信被执行人、重大税收违法失信主体、政府采购严重违法失信行为记录名单及其他不符合《中华人民共和国政府采购法》第二十二条规定条件的供应商，拒绝参与政府采购活动，同时代理机构对信用信息查询记录和证据进行打印存档。        3. 本项目的特定资格要求：若为供应商的法定代表人参加磋商，须提供法定代表人资格证明书原件加盖公章和法定代表人身份证明原件或复印件加盖公章；供应商若为授权代表参加磋商，还须提供法定代表人授权委托书原件（需由法定代表人及授权代表签字或盖章并加盖公章）和授权代表身份证明原件或复印件加盖公章。（六）磋商文件发售        1. 获取磋商文件的时间：2026年9月8日至2026年9月11日出售磋商文件，每日9：00-12：00，14：00-17：00（法定节假日除外）。        2. 获取磋商文件的方式：<1>现场获取：到北京泛华国金工程咨询有限公司（天津市西青区新科道与新津二支路交口新科园12号楼）获取。<2>邮件获取：发送邮件至fanhuaguojin01zb@163.com邮箱，邮件中注明联系人、联系电话。邮件主题为“获取磋商文件：项目编号+公司名称”；供应商支付文件费后，请将汇款单截图发送至上述邮箱；确认收到文件费后，向供应商发送电子版磋商文件。纸质文件可自取或另行邮寄。（注：获取磋商文件日期以标书款到账日期为准。）        3.磋商文件的售价：本磋商文件售价500元，一经售出，概不退还。（七）提交磋商响应文件截止时间及地点        1. 响应文件提交的截止时间：2026年9月18日下午13:30（逾期送达或未按照磋商文件要求密封的响应文件概不接受。）        2. 响应文件递交地点：北京泛华国金工程咨询有限公司（天津市西青区新科道与新津二支路交口新科园12号楼一楼第二评标室）        3. 响应文件开启时间：2026年9月18日下午13:30        4. 响应文件开启地点：北京泛华国金工程咨询有限公司（天津市西青区新科道与新津二支路交口新科园12号楼一楼第二评标室）        5. 响应文件递交方式现场递交：供应商须由法定代表人或授权代表现场递交响应文件（含对响应文件的有效修改、澄清文件）。（八）磋商时间及地点         磋商时间及地点：2026年9月18日下午13:30（北京时间）在北京泛华国金工程咨询有限公司（天津市西青区新科道与新津二支路交口新科园12号楼一楼第二评标室）召开。届时请参加磋商的授权代表出席。 二、开标时间：2026年09月18日 13:30 三、其它补充事宜无 四、预算金额：预算金额：50.000000 万元（人民币）,教育培训,,中国政府采购网,,50.0,table,,,,,,,,,,,
天津大学天津纳米颗粒与纳米系统国际研究中心冷却水循环系统采购项目快速磋商公告,其他公告,TDZC2026N0122,2026年09月08日 17:39,天津市,天津大学,天津市南开区卫津路92号,巩老师、蔡老师022-27407504（招标办）,天津滨德招标代理有限公司,天津市河东区九纬路103号万泰大厦10层,郝均璐、王萌、杨姣姣、郝文杰022-24213608,郝均璐、王萌、杨姣姣、郝文杰项,022-24213608,,,https://www.ccgp.gov.cn/cggg/zygg/qtgg/202609/t20260908_27289798.htm,2026-09-10 10:08:06,天津滨德招标代理有限公司受天津大学 委托，根据《中华人民共和国政府采购法》等有关规定，现对天津大学天津纳米颗粒与纳米系统国际研究中心冷却水循环系统采购项目进行其他招标，欢迎合格的供应商前来投标。 项目名称：天津大学天津纳米颗粒与纳米系统国际研究中心冷却水循环系统采购项目项目编号：TDZC2026N0122项目联系方式：项目联系人：郝均璐、王萌、杨姣姣、郝文杰项目联系电话：022-24213608 采购单位联系方式：采购单位：天津大学采购单位地址：天津市南开区卫津路92号采购单位联系方式：巩老师、蔡老师022-27407504（招标办） 代理机构联系方式：代理机构：天津滨德招标代理有限公司代理机构联系人：郝均璐、王萌、杨姣姣、郝文杰022-24213608代理机构地址： 天津市河东区九纬路103号万泰大厦10层 一、采购项目内容（一）项目名称：天津大学天津纳米颗粒与纳米系统国际研究中心冷却水循环系统采购项目（二）项目编号：TDZC2026N0122（三）项目内容冷却水循环系统12套。本设备主要用于感应炉加热工艺冷却，为实验设备提供恒温循环冷却水源，保障设备连续稳定运行。本项目不接受进口产品参与磋商，具体要求详见项目需求书。预算（最高限价）：84万元，单套最高限价7万元。本项目不接受联合体磋商并不得分包转包。（四）项目需要落实的政府采购政策中小企业划分标准所属行业：工业1.根据《政府采购促进中小企业发展管理办法》、《财政部关于进一步加大政府采购支持中小企业力度的通知》财库〔2022〕19号规定，本项目对小型和微型企业产品的价格给予10%的扣除。2.根据财政部发布的《关于政府采购支持监狱企业发展有关问题的通知》规定，本项目对监狱企业产品的价格给予10%的扣除。3.根据财政部、民政部、中国残疾人联合会发布的《关于促进残疾人就业政府采购政策的通知》规定，本项目对残疾人福利性单位产品的价格给予10%的扣除。注：中小企业以供应商填写的《中小企业声明函》为判定标准，残疾人福利性单位以制造商《残疾人福利性单位声明函》为判定标准，监狱企业须提供由省级以上监狱管理局、戒毒管理局（含新疆生产建设兵团）出具的制造商属于监狱企业的证明文件，否则不予认定。以上政策不重复享受。4.根据《国务院办公厅关于在政府采购中实施本国产品标准及相关政策的通知》国办发〔2025〕34号规定，政府采购活动中既有本国产品又有非本国产品参与竞争的，依法对本国产品给予价格评审优惠，对本国产品的报价给予20%的价格扣除，用扣除后的价格参与评审。当采购项目或者采购包中含有多种产品，供应商为该采购项目或者采购包提供的符合本国产品标准的产品成本之和占该供应商提供的全部产品成本之和的比例达到80%以上时，依法对该供应商提供的全部产品给予价格评审优惠，即对该供应商提供的全部产品的总报价给予20%的价格扣除，用扣除后的价格参与评审。注：供应商提供的产品符合本国产品标准，需出具《关于符合本国产品标准的声明函》（格式见第七部分 响应文件格式附件8-4）或财政部会同有关部门规定的有关证明文件，如提供的产品均不符合本国产品标准，则无需提供声明函或有关证明文件。供应商提供的符合本国产品标准的产品成本之和占该供应商提供的全部产品（全部产品是指货物或服务采购包件中包含的全部货物、服务产品）成本之和的比例达到80%以上，供应商除需提供以上声明函或证明文件外，还需提供产品成本占比承诺函（格式见第七部分 响应文件格式附件8-5）。占比不足80%的，无需提供承诺函。5.按照《关于调整优化节能产品、环境标志产品政府采购执行机制的通知》（财库〔2019〕9号）文件要求，对政府采购节能、环境标志品目清单内的产品实施优先采购和强制采购的评标方法。6.涉及商品包装或快递包装的，按照《财政部办公厅、生态环境部办公厅、国家邮政局办公室关于印发<商品包装政府采购需求标准（试行）>、<快递包装政府采购需求标准（试行）>的通知》（财办库〔2020〕123号）要求执行。7.按照《财政部关于在政府采购活动中查询及使用信用记录有关问题的通知》（财库〔2016〕125号）的要求，根据磋商当日查询“信用中国”网站（www.creditchina.gov.cn）、中国政府采购网（www.ccgp.gov.cn）的信息，对列入失信被执行人、重大税收违法失信主体、政府采购严重违法失信行为记录名单及其他不符合《中华人民共和国政府采购法》第二十二条规定条件的供应商，拒绝参与政府采购活动，同时代理机构对信用信息查询记录和证据进行打印存档。（五）供应商资格要求1.满足《中华人民共和国政府采购法》第二十二条规定；（1）供应商须是在中华人民共和国注册，具备独立承担民事责任的能力；提供营业执照或事业单位法人证书或民办非企业单位登记证书或社会团体法人登记证书或基金会法人登记证书；（2）供应商须提供经第三方会计师事务所审计的2025年度财务审计报告或响应文件开启时间前3个月以内银行出具的资信证明；（3）供应商须提供提交响应文件截止时间前6个月内任意一个月缴纳社会保险费的相关证明材料；（4）供应商须提供税款所属期为提交响应文件截止时间前6个月内任意一个月依法纳税的相关证明材料；（5）供应商须提供响应文件开启时间前3年在经营活动中没有重大违法记录的书面声明（截至响应文件开启时间成立不足3年的供应商可提供自成立以来无重大违法记录的书面声明）；（6）供应商须具备履行合同所必需的设备和专业技术能力，提供承诺书。2.落实政府采购政策需满足的资格要求：按照《财政部关于在政府采购活动中查询及使用信用记录有关问题的通知》（财库〔2016〕125号）的要求，根据磋商当日查询“信用中国”网站（www.creditchina.gov.cn）、中国政府采购网（www.ccgp.gov.cn）的信息，对列入失信被执行人、重大税收违法失信主体、政府采购严重违法失信行为记录名单及其他不符合《中华人民共和国政府采购法》第二十二条规定条件的供应商，拒绝参与政府采购活动，同时代理机构对信用信息查询记录和证据进行打印存档。3.本项目的特定资格要求：若为供应商的法定代表人参加磋商，须提供法定代表人资格证明书原件加盖公章和法定代表人身份证明原件或复印件加盖公章；供应商若为授权代表参加磋商，还须提供法定代表人授权委托书原件（需由法定代表人及授权代表签字或盖章并加盖公章）和授权代表身份证明原件或复印件加盖公章。（六）磋商文件发售1.获取磋商文件的时间：2026年9月9日至2026年9月11日出售磋商文件，每日9：00-12：00，14：00-17：00（法定节假日除外）。2.获取磋商文件的方式：<1>现场获取：到天津滨德招标代理有限公司（天津市河东区九纬路103号万泰大厦10层财务室）获取。<2>邮件获取：发送报名邮件至bdbm@tjbd666.com邮箱，邮件中注明联系人、联系电话。邮件主题为“报名：项目编号+公司名称”；核对信息无误后，向供应商发送电子版报名表；供应商将填写完整的报名表电子版发送至上述邮箱，并支付文件费；确认收到电子版报名表及文件费后，向供应商发送电子版快速磋商文件。纸质快速磋商文件可自取或另行邮寄。（注：获取快速磋商文件日期以标书款到账日期为准）3.磋商文件的售价：本磋商文件售价500元，一经售出，概不退还。（七）提交磋商响应文件截止时间及地点1.响应文件提交的截止时间：2026年9月18日上午9:30（逾期送达或未按照磋商文件要求密封的响应文件概不接受。）2.响应文件递交地点：天津市南开区卫津路92号天津大学12教学楼223室3.响应文件开启时间：2026年9月18日上午9:304.响应文件开启地点：天津市南开区卫津路92号天津大学12教学楼223室5.响应文件递交方式：供应商须由法定代表人或授权代表现场递交响应文件（含对响应文件的有效修改、澄清文件）。（八）磋商时间及地点磋商时间及地点：2026年9月18日上午9:30（北京时间）在天津市南开区卫津路92号天津大学12教学楼223室召开。届时请参加磋商的授权代表出席。 二、开标时间：2026年09月18日 09:30 三、其它补充事宜无 四、预算金额：预算金额：84.000000 万元（人民币）,教育培训,,中国政府采购网,,84.0,table,,,,,,,,,,,
吉林大学五轴联动立式加工中心采购项目废标公告,流标公告,0772-2641O114B159,2026年09月08日 17:32,长春市,吉林大学,吉林省长春市前进大街2699号,林老师 0431-85167310,中国机电工程招标有限公司,吉林省长春市经济开发区北海路与仙台大街交汇融汇中央广场8栋920室,唐蕊、王光哲、王健航 13756479915,唐蕊、王光哲、王健航,13756479915,,,https://www.ccgp.gov.cn/cggg/zygg/qtgg/202609/t20260908_27289588.htm,2026-09-10 10:08:07,一、项目基本情况 采购项目编号：0772-2641O114B159 采购项目名称：吉林大学五轴联动立式加工中心采购项目 二、项目废标/流标的原因 因重大变故，原采购任务取消。本项目做废标处理。 三、其他补充事宜 无 四、凡对本次公告内容提出询问，请按以下方式联系。 1.采购人信息 名 称：吉林大学 地址：吉林省长春市前进大街2699号 联系方式：林老师 0431-85167310 2.采购代理机构信息 名 称：中国机电工程招标有限公司 地 址：吉林省长春市经济开发区北海路与仙台大街交汇融汇中央广场8栋920室 联系方式：唐蕊、王光哲、王健航 13756479915 3.项目联系方式 项目联系人：唐蕊、王光哲、王健航 电 话： 13756479915,教育培训,,中国政府采购网,,,default,二、项目废标/流标的原因,,,,,,,,,,
北京市朝阳区消防救援支队基层消防站燃气锅炉更换项目废标公告,流标公告,ZYZB-2026-0833,2026年09月08日 17:21,北京市,朝阳区消防救援支队,北京市朝阳区百子湾路与西大望路交叉口东北角,010-85851341,中钰招标有限公司,北京市丰台区四合庄路2号院4号楼1至17层101内17层1701,崔鹏、刘晶晶、朱艳梅、李倩、郭玉婷、金俐成、丁峥敏、张书玲、卢雪010-60624505转810/816,崔鹏、刘晶晶、朱艳梅、李倩、郭,010-60624505转810,,,https://www.ccgp.gov.cn/cggg/zygg/qtgg/202609/t20260908_27289304.htm,2026-09-10 10:08:08,一、项目基本情况 采购项目编号：ZYZB-2026-0833 采购项目名称：北京市朝阳区消防救援支队基层消防站燃气锅炉更换项目 二、项目废标/流标的原因 截止到递交响应文件时间止，递交响应文件的供应商不足三家，本项目废标 三、其他补充事宜 无 四、凡对本次公告内容提出询问，请按以下方式联系。 1.采购人信息 名 称：朝阳区消防救援支队 地址：北京市朝阳区百子湾路与西大望路交叉口东北角 联系方式：010-85851341 2.采购代理机构信息 名 称：中钰招标有限公司 地 址：北京市丰台区四合庄路2号院4号楼1至17层101内17层1701 联系方式：崔鹏、刘晶晶、朱艳梅、李倩、郭玉婷、金俐成、丁峥敏、张书玲、卢雪010-60624505转810/816 3.项目联系方式 项目联系人：崔鹏、刘晶晶、朱艳梅、李倩、郭玉婷、金俐成、丁峥敏、张书玲、卢雪 电 话： 010-60624505转810/816,公共安全,,中国政府采购网,,,default,二、项目废标/流标的原因,,,,,,,,,,
民大附中朝阳学校化学实验室设备采购项目公开比选公告,其他公告,ZYZB-2026-0741,2026年09月08日 17:16,北京市,中央民族大学附属中学,北京市海淀区法华寺甲5号,李立国17611293813,中钰招标有限公司,北京市丰台区四合庄路2号院4号楼1至17层101内17层1701,单楠、郭玉婷、刘晶晶、李倩、金俐成、张书玲、卢雪010-60624505转807或821,郭玉婷、刘晶晶、李倩、金俐成,010-60624505转807,民大附中朝阳学校化学实验室设备采购项目比选公告09.07发布.pdf,"[{""attach_name"": ""民大附中朝阳学校化学实验室设备采购项目比选公告09.07发布.pdf"", ""attach_url"": ""https://download.ccgp.gov.cn/oss/download?uuid=5E3C9C1015E66AFDF56D4D8598FD99""}]",https://www.ccgp.gov.cn/cggg/zygg/qtgg/202609/t20260908_27289207.htm,2026-09-10 10:08:09,"中钰招标有限公司受中央民族大学附属中学 委托，根据《中华人民共和国政府采购法》等有关规定，现对民大附中朝阳学校化学实验室设备采购项目进行其他招标，欢迎合格的供应商前来投标。 项目名称：民大附中朝阳学校化学实验室设备采购项目项目编号：ZYZB-2026-0741项目联系方式：项目联系人：郭玉婷、刘晶晶、李倩、金俐成、张书玲、卢雪项目联系电话：010-60624505转807或821 采购单位联系方式：采购单位：中央民族大学附属中学采购单位地址：北京市海淀区法华寺甲5号采购单位联系方式：李立国17611293813 代理机构联系方式：代理机构：中钰招标有限公司代理机构联系人：单楠、郭玉婷、刘晶晶、李倩、金俐成、张书玲、卢雪010-60624505转807或821代理机构地址： 北京市丰台区四合庄路2号院4号楼1至17层101内17层1701 一、采购项目内容一、项目基本情况招标编号：ZYZB-2026-0741比选项目名称：民大附中朝阳学校化学实验室设备采购项目采购方式：公开比选预算金额：21.941699万元（人民币）采购需求： 序号 标的名称 简要规格描述或项目基本概况介绍 数量 单位 采购用途 预算金额 （万元） 是否接受进口产品 1. 报警控制主机 民大附中朝阳学校拟就化学实验室设备采购项目所需货物及配套服务进行采购（具体详见比选文件第四章采购需求）。 1 套 民大附中朝阳学校拟就化学实验室设备采购项目所需货物及配套服务进行采购，采购内容包括：防盗报警系统、视频监控系统、气体报警系统、门禁系统、弱电线缆及管材等所需的货物供货及配套敷设（含管材埋地敷设）、安装、调试服务等（具体详见设计图纸及采购清单）。 21.941699万元 否 2. 控制键盘 1 台 否 3. 声光报警器 1 个 否 4. 红外双鉴探测器 1 套 否 5. 防爆双鉴探测器 1 套 否 6. 报警联动模块 1 个 否 7. 显示设备 1 台 否 8. 危险品库硬盘录像机 1 台 否 9. 防爆半球摄像机 5 台 否 10. 网络半球摄像机 3 台 否 11. 视频存储硬盘 4 台 否 12. 16口工业交换机 1 台 否 13. 路由器 1 台 否 14. UPS机头 1 台 否 15. UPS电池 3 套 否 16. 电池柜 1 套 否 17. PDU电源 1 台 否 18. 网络机柜 1 台 否 19. 气体报警主机 1 套 否 20. 可燃气体探测器 3 只 否 21. 有毒气体探测器（VOC） 2 只 否 22. 防爆警灯 5 套 否 23. 门禁控制器 2 台 否 24. 机箱电源 2 台 否 25. IC读卡器 1 台 否 26. 电磁锁 1   台 否 27. 门禁专用开关 1 台 否 28. 防爆读卡器 3   台 否 29. 防爆电磁锁 3   台 否 30. 防爆门禁开关 3 台 否 31. 门禁联动模块 2   个 否 32. IC卡 10 台 否 33. 超五类网线UTP5 91.78 m 否 34. 报警数据线RVV6*0.5 18.54 m 否 35. 报警数据线RVV4*0.5 6.65 m 否 36. 报警数据线RVV4*0.75 23.2 m 否 37. 门禁数据线RVV6*0.5 31.69 m 否 38. 门禁数据线RVV2*1 54.19 m 否 39. 气体报警联动排风线RVV2*1.5 14.71 m 否 40. 防爆铁管25 80 m 否 41. 编织地线BVR-6 80 m 否 42. 接地线卡 160 个 否 43. 防爆灯 3 套 否 44. 普通灯具 1 套 否 45. 防爆单联开关 4 个 否 46. 室内配电箱 1 台 否 47. 电力电缆敷设ZC-YJV3*10 60 m 否 48. 电源线RVV3*2.5 38.54 m 否 49. 灯电源线（RVV2*1.5） 20   m 否 50. 空调电源线RVV3*2.5 26.94 m 否 51. 防爆铁管25 85.48 m 否 52. 接线盒 37 个 否 53. 防爆软管 15 根 否 54. 静电释放器防爆型 2 个 否 55. 防爆化学品柜GA双锁 1 台 否 56. 防爆化学品柜 1 台 否 57. 防爆风机 3 台 否 58. 墙体开洞 3 个 否 59. PVC管道 11 m 否 60. 变径管 3 个 否 61. 弯头 6 个 否 62. 三通 10 个 否 63. 风机PVC管道支架 9 个 否 64. 风机控制箱 3 台 否 65. 风机定时控制器 3 台 否 66. 干式废气净化器（活性炭环保箱） 3 台 否 67. 防爆空调1P 3 台 否 68. 普通空调1P 1 台 否 69. 防爆插销 32A 3 个 否 70. 墙体开孔洞 4 个 否 71. 防静电接地镀锌铁排 25 m 否 72. 接地箱 3 个 否 73. 防泄漏托盘 4 套 否 74. 挂墙制度 7 个 否 75. 安全责任牌 4 个 否 76. 钢质防火门 4.1 m2 否 77. 防盗门 2.05 m2 否 78. 防盗门（GA双锁） 2.05 m2 否 79. 玻璃膜 15.64 m2 否 80. 窗护栏 6.9 m2 否  供应商可以对其中一个包或多个包进行响应，须以包为单位对包中全部内容进行响应，不得转包、分包，采购需求详见本文件第四章。合同履行期限：合同签订生效后40天内完成安装调试并具备验收条件。本项目□接受■不接受联合体。二、申请人的资格要求1.满足《中华人民共和国政府采购法》第二十二条规定；2.本项目的其它资格要求（1）供应商须是在中华人民共和国注册，具有独立承担民事责任的能力；（2）具有良好的商业信誉和健全的财务会计制度；（3）供应商须提供响应截止时间前6个月内任意一个月缴纳社会保险费的相关证明材料；（4）供应商须提供税款所属期为响应截止时间前6个月内任意一个月依法纳税的相关证明材料；（5）供应商须提供响应截止时间前3年在经营活动中没有重大违法记录的书面声明（截至响应截止时间成立不足3年的供应商可提供自成立以来无重大违法记录的书面声明）原件；（6）具备履行合同所必需的设备和专业技术能力，提供承诺书；（7）单位负责人为同一人或者存在直接控股、管理关系的不同供应商，不得同时参加本项目投标的声明；（加盖单位公章）；（8）供应商不是为本项目某包提供整体设计、规范编制或者项目管理、监理、检测等服务的供应商的声明；（9）通过“信用中国”网站（www.creditchina.gov.cn）、中国政府采购网（www.ccgp.gov.cn）查询信用记录，被列入失信被执行人、重大税收违法失信主体名单或政府采购严重违法失信行为记录名单的供应商，没有资格参加本项目的采购活动；（10）所投产品的原产地均应来自中华人民共和国境内或是与中华人民共和国有正常贸易往来的国家或地区的合格来源国；（11）法律、行政法规规定的其他条件。三、获取比选文件时间：2026年9月9日至2026年9月11日，每天上午09:00至11:30，下午13:00至17:30（北京时间，法定节假日除外）售价：¥500元（人民币）,本公告包含的比选文件售价总和。方式：现场获取或邮箱获取，文件售后不退。未从采购代理机构获取比选文件并登记在案的潜在供应商获取的比选文件无效，提交响应文件的属于无效响应。（1）现场获取获取地点：中钰招标有限公司（北京市丰台区东旭国际中心A座北楼17层）获取比选文件时需提供以下资料：（1）如报名人为法定代表人，需提供：参选单位开具的法人身份证明文件、法人本人身份证复印件（均需加盖公章）及原件；（2）如报名人为授权代理人，需提供：法定代表人授权委托书（内容自拟，但必须包括法定代表人签字或人名章，单位公章，以及授权事项必须包含针对本项目报名事宜，需明确项目名称和采购编号）、法定代表人身份证复印件、报名人本人身份证复印件（均需加盖公章）。（2）邮件获取需提供公司名称、联系人、联系电话发送至（zhaobiao04@zyzbdl.com）。获取比选文件时需提供以下资料：（1）如报名人为法定代表人，需提供：参选单位开具的法人身份证明文件、法人本人身份证复印件（均需加盖公章）及原件；（2）如报名人为授权代理人，需提供：法定代表人授权委托书（内容自拟，但必须包括法定代表人签字或人名章，单位公章，以及授权事项必须包含针对本项目报名事宜，需明确项目名称和采购编号）、法定代表人身份证复印件、报名人本人身份证复印件（均需加盖公章）。（如线上获取，请将以上资料扫描件发送至zhaobiao04@zyzbdl.com，发送资料后请致电010-60624505转807或821，请代理审核资料并按照要求填报系统。）四、响应文件提交响应文件递交截止时间：2026年9月16日09点30分（北京时间）地    点：北京市丰台区东旭国际中心A座北楼17层第四会议室五、开启开启时间：2026年9月16日09点30分（北京时间）地    点：北京市丰台区东旭国际中心A座北楼17层第四会议室六、公告期限自本公告发布之日起3个工作日。 二、开标时间：2026年09月16日 09:30 三、其它补充事宜1.本公告在中国政府采购网（https://www.ccgp.gov.cn）上发布。2.代理服务费的账户信息（办款时请注明比选编号及用途）：户    名： 中钰招标有限公司开 户 行： 中国工商银行北京南方庄支行（中国工商银行北京方庄支行）账    号： 0200225919200036626（仅接收中选服务费）（特别提示：该账号为我公司针对本项目接收中选服务费的唯一账号，与我公司其它项目账号不同，请勿汇错账号！因汇错账号导致的后果，由供应商自行承担） 四、预算金额：预算金额：21.941699 万元（人民币）",教育培训,2026-09-16 09:30,中国政府采购网,公开比选,21.941699,table,,,,,,,,,,,
哈尔滨工程大学第二十二学生公寓建设项目超低能耗断桥铝合金门窗等采购及安装评标结果公示,其他公告,CS0100G26026,2026年09月08日 17:15,黑龙江省,哈尔滨工程大学,哈尔滨市南岗区南通大街145号,杨老师、张老师0451-82519863,黑龙江省招标有限公司,黑龙江省哈尔滨市南岗区汉水路180号,曲柏涵、张国政 0451-82364724,曲柏涵、张国政,045182364724,,,https://www.ccgp.gov.cn/cggg/zygg/qtgg/202609/t20260908_27289142.htm,2026-09-10 10:08:09,黑龙江省招标有限公司受哈尔滨工程大学 委托，根据《中华人民共和国政府采购法》等有关规定，现对哈尔滨工程大学第二十二学生公寓建设项目超低能耗断桥铝合金门窗等采购及安装进行其他招标，欢迎合格的供应商前来投标。 项目名称：哈尔滨工程大学第二十二学生公寓建设项目超低能耗断桥铝合金门窗等采购及安装项目编号：CS0100G26026（HTCL-ZB-262185）项目联系方式：项目联系人：曲柏涵、张国政项目联系电话：045182364724 采购单位联系方式：采购单位：哈尔滨工程大学采购单位地址：哈尔滨市南岗区南通大街145号采购单位联系方式：杨老师、张老师0451-82519863 代理机构联系方式：代理机构：黑龙江省招标有限公司代理机构联系人：曲柏涵、张国政 0451-82364724代理机构地址： 黑龙江省哈尔滨市南岗区汉水路180号 一、采购项目内容货物清单范围内的所有材料（包括超低能耗断桥铝合金复合型材门联窗、超低能耗断桥铝合金复合型材门、超低能耗断桥铝合金窗（含纱窗）、超低能耗断桥铝合金窗（消防救援窗；含纱窗）、双玻铝塑铝推拉窗等）采购、安装及相关技术服务。 二、开标时间：2026年09月08日 09:30 三、其它补充事宜哈尔滨工程大学第二十二学生公寓建设项目超低能耗断桥铝合金门窗等采购及安装评标结果公示哈尔滨工程大学第二十二学生公寓建设项目超低能耗断桥铝合金门窗等采购及安装已于2026年9月8日按招标文件规定完成开标评标工作，现对评标结果进行公示。 项目名称：哈尔滨工程大学第二十二学生公寓建设项目超低能耗断桥铝合金门窗等采购及安装二、项目编号：CS0100G26026（HTCL-ZB-262185）三、招标人：哈尔滨工程大学、中铁十九局集团有限公司四、代理机构：黑龙江省招标有限公司五、招标方式：公开招标六、评标情况（一）资格审查方式：资格后审（二）评标方法：定性评审法（三）初步评审情况及结果评标过程按《招标文件》规定的程序对10份投标文件进行初步评审，8份投标文件通过初步评审，2份投标文件未通过初步评审。1.合格投标人：评标委员会根据招标文件规定，一致推荐如下投标人为中标候选人（排名不分先后）：东营一恒新型建材有限公司、哈尔滨华加新型建材有限公司、哈尔滨金安建筑工程有限公司、哈尔滨市四达门窗制造有限公司、黑龙江德誉达科技发展有限公司、黑龙江天格建筑科技有限公司、烟台易和建工有限公司、易欧思系统门窗（山东）有限公司2.不合格投标人：重庆美心.麦森门业有限公司(不合格原因：投标文件中商务和技术偏差表未按招标文件技术要求进行响应和据实应答)、哈尔滨市宏亮铝塑门窗制造有限公司(不合格原因：投标文件中商务和技术偏差表第10条响应内容为“插入地面深度5cm”及第16条响应内容为“喷涂膜厚40µm”，以上两条均不符合招标文件技术要求“插入地面深度大于5cm”及“喷涂膜厚＞40µm”要求)。七、联系方式招标投标行政监督与受理投诉单位：哈尔滨市建设工程招投标站地 址：哈尔滨市道里区通达街电 话：0451-84518543 招标人：哈尔滨工程大学、中铁十九局集团有限公司地  址：哈尔滨市南岗区南通大街145号、北京市北京经济技术开发区荣华南路19号1号楼联系人：杨帆、张庆贺、杜佳媛、郭辅昌电 话：0451-82519863 招标代理机构：黑龙江省招标有限公司地  址：黑龙江省哈尔滨市南岗区汉水路180号联系人：曲柏涵、于兆文招标代理项目负责人：曲柏涵电 话：0451-82364724电子邮件：hljszb123@126.com  四、预算金额：预算金额：310.264200 万元（人民币）,教育培训,,中国政府采购网,,310.2642,table,,,,,,,,,,,
肇庆市消防救援支队封开县消防救援大队2026年灭火救援装备采购项目采购需求参数征求意见公告其他,其他公告,,2026年09月08日 17:09,端州区,肇庆市消防救援支队,广东省肇庆市端州区信安大道122区立德路6号,徐助理0758-2736298,广东省政府采购中心,广东省广州市越秀区越华路112号珠江国际大厦3楼,潘工020-83187181,潘工,020-83187181,"封开县消防救援大队2026年灭火救援装备采购项目需求技术参数.doc,封开县消防救援大队2026年灭火救援装备采购项目需求征求意见表.xls","[{""attach_name"": ""封开县消防救援大队2026年灭火救援装备采购项目需求技术参数.doc"", ""attach_url"": ""https://download.ccgp.gov.cn/oss/download?uuid=82979229BEE292A65959BC649E1695""}, {""attach_name"": ""封开县消防救援大队2026年灭火救援装备采购项目需求征求意见表.xls"", ""attach_url"": ""https://download.ccgp.gov.cn/oss/download?uuid=55BAD07F3DEF74FAE50021D6701A19""}]",https://www.ccgp.gov.cn/cggg/zygg/qtgg/202609/t20260908_27289791.htm,2026-09-10 10:08:10,广东省政府采购中心受肇庆市消防救援支队 委托，根据《中华人民共和国政府采购法》等有关规定，现对封开县消防救援大队2026年灭火救援装备采购项目进行其他招标，欢迎合格的供应商前来投标。 项目名称：封开县消防救援大队2026年灭火救援装备采购项目项目编号：项目联系方式：项目联系人：潘工项目联系电话：020-83187181 采购单位联系方式：采购单位：肇庆市消防救援支队采购单位地址：广东省肇庆市端州区信安大道122区立德路6号采购单位联系方式：徐助理0758-2736298 代理机构联系方式：代理机构：广东省政府采购中心代理机构联系人：潘工020-83187181代理机构地址： 广东省广州市越秀区越华路112号珠江国际大厦3楼 一、采购项目内容1、项目：封开县消防救援大队2026年灭火救援装备采购项目2、内容：详见公告附件3、技术需求征求意见方式：公开征求4、公告时间：2026年9月8日至2026年9月17日5、项目联系人：潘工 020-83187181 二、开标时间： 三、其它补充事宜1.任何供应商、单位或者个人对《封开县消防救援大队2026年灭火救援装备采购项目需求技术参数》（详见附件）有异议的，请按照《封开县消防救援大队2026年灭火救援装备采购项目需求征求意见表》（详见附件）进行填写。并在自公告开始之日起7个工作日内以Excel和pdf格式（pdf格式需加盖公章）发送至邮箱3475504064@qq.com。提出的意见建议应当实事求是、详细具体。2.《封开县消防救援大队2026年灭火救援装备采购项目需求技术参数》（详见附件）中的数量和金额为暂定信息，最终以发布的采购公告为准。 四、预算金额：预算金额：0.000000 万元（人民币）,公共安全,,中国政府采购网,,0.0,table,,,,,,,,,,,
中国传媒大学消防报警设施更换及消防总控升级(二期)项目（二次）废标公告,流标公告,,2026年09月08日 17:06,北京市,中国传媒大学,北京市朝阳区定福庄东街一号,刘老师 010-65783922,北京明德致信咨询有限公司,北京市海淀区学院路30号科大天工大厦B座1709室,"王蕾蕾、赵文宇、吕绍山、周洁琼、王爽、王希、孙恺宁,010－61196170,wll@zbbmcc.com",王蕾蕾、赵文宇、吕绍山、周洁琼,,废标公告-0978-1.docx,"[{""attach_name"": ""废标公告-0978-1.docx"", ""attach_url"": ""https://download.ccgp.gov.cn/oss/download?uuid=FA2CC88A9EDE8F5A97DA0E3F486F6E""}]",https://www.ccgp.gov.cn/cggg/zygg/qtgg/202609/t20260908_27288909.htm,2026-09-10 10:08:11,"一、项目基本情况 采购项目编号：中传招标【2026】第031号/BMCC-ZC26-0978 采购项目名称：中国传媒大学消防报警设施更换及消防总控升级(二期)项目 二、项目废标/流标的原因 对招标文件作实质响应的供应商不足三家，本项目作废标处理。 三、其他补充事宜 具体内容详见附件下载 四、凡对本次公告内容提出询问，请按以下方式联系。 1.采购人信息 名 称：中国传媒大学 地址：北京市朝阳区定福庄东街一号 联系方式：刘老师 010-65783922 2.采购代理机构信息 名 称：北京明德致信咨询有限公司 地 址：北京市海淀区学院路30号科大天工大厦B座1709室 联系方式：王蕾蕾、赵文宇、吕绍山、周洁琼、王爽、王希、孙恺宁,010－61196170,wll@zbbmcc.com 3.项目联系方式 项目联系人：王蕾蕾、赵文宇、吕绍山、周洁琼、王爽、王希、孙恺宁 电 话： 010－61196170",教育培训,,中国政府采购网,,,default,二、项目废标/流标的原因,,,,,,,,,,
南宁市消防救援支队轨道交通大队2026年食堂主副食品配送项目采购结果公告,其他公告,GXHH,2026年09月08日 17:03,广西壮族自治区,南宁市消防救援支队轨道交通大队,广西南宁江南区洪运路28号,奉仰君0771-4306136,广西海恒项目管理有限公司,南宁市青秀区竹溪大道2号荣恒国际名都A座16层1612室,张桂铭、陈志海、黄明丽0771-2381634,张桂铭、陈志海、黄明丽,0771-2381634,,,https://www.ccgp.gov.cn/cggg/zygg/qtgg/202609/t20260908_27288796.htm,2026-09-10 10:08:11,一、项目基本情况 采购项目编号：GXHH(Z)2026031G3 采购项目名称：南宁市消防救援支队轨道交通大队2026年食堂主副食品配送项目 二、项目废标/流标的原因 本项目资格及符合性审查后，有效供应商不足三家，项目废标。 三、其他补充事宜  本项目的项目编码以“GXHH(Z)2026031G3（重）”为准。 服务类 名    称：南宁市消防救援支队轨道交通大队2026年食堂主副食品配送项目 服务范围：详见采购文件 服务要求：详见采购文件 服务时间：详见采购文件 服务标准：详见采购文件 评审专家名单：李少卫（组长）、李伟炜、何翠美、张雪芳、朱其财（采购人代表）代理服务收费标准及金额：无。公告期限自本公告发布之日起1个工作日。其他补充1.未通过资格审查的供应商名称及原因（1）广西万乡河餐饮集团有限公司未按《投标资格声明函》的要求提供“本项目投标截止时间前10日至投标截止时间中任意一天”的失信被执行人及重大税收违法失信主体查询记录。（2）南宁市溢泽商贸有限公司未按《投标资格声明函》的要求提供“本项目投标截止时间前10日至投标截止时间中任意一天”的失信被执行人查询记录。2.未通过符合性审查的供应商名称及原因（1）广西润康食品有限公司未按招标文件商务条款偏离表“注：2.如果招标文件需求为小于或大于某个数值标准时，投标文件承诺不得直接复制招标文件需求，...”的格式要求正确响应并填写有效报价、“832平台”采购金额，未按招标文件商务条款偏离表‘注：4.采购需求中带“▲”及“★”的条款，也要分别在本表“投标文件的商务需求”、“投标文件承诺的商务条款”中标记。’的要求标注“▲”号。（2）广西鲜锋达供应链有限公司未按招标文件商务条款偏离表“注：2.如果招标文件需求为小于或大于某个数值标准时，投标文件承诺不得直接复制招标文件需求，...”的格式要求正确响应并填写有效报价、“832平台”采购金额，未按招标文件商务条款偏离表‘注：4.采购需求中带“▲”及“★”的条款，也要分别在本表“投标文件的商务需求”、“投标文件承诺的商务条款”中标记。’的要求标注“▲”号。（3）广西九州汇达供应链管理有限公司未按招标文件商务条款偏离表“注：2.如果招标文件需求为小于或大于某个数值标准时，投标文件承诺不得直接复制招标文件需求，...”的格式要求正确响应并填写有效报价、“832平台”采购金额，未按招标文件商务条款偏离表‘注：4.采购需求中带“▲”及“★”的条款，也要分别在本表“投标文件的商务需求”、“投标文件承诺的商务条款”中标记。’的要求标注“▲”号。（4）南宁市食桂鲜农产品配送有限公司未按招标文件商务条款偏离表“注：2.如果招标文件需求为小于或大于某个数值标准时，投标文件承诺不得直接复制招标文件需求，...”的格式要求正确响应并填写有效报价、“832平台”采购金额，未按招标文件商务条款偏离表‘注：4.采购需求中带“▲”及“★”的条款，也要分别在本表“投标文件的商务需求”、“投标文件承诺的商务条款”中标记。’的要求标注“▲”号。（5）广西来邦供应链有限公司未按招标文件商务条款偏离表“注：2.如果招标文件需求为小于或大于某个数值标准时，投标文件承诺不得直接复制招标文件需求，...”的格式要求正确响应并填写“832平台”采购金额，未按招标文件商务条款偏离表‘注：4.采购需求中带“▲”及“★”的条款，也要分别在本表“投标文件的商务需求”、“投标文件承诺的商务条款”中标记。’的要求标注“▲”号。（6）广西旅发洪泉智慧城市运营管理有限公司未按招标文件商务条款偏离表‘请逐条对应本项目招标文件第二章“服务需求一览表”中“商务条款”的要求，详细填写相应的具体内容。“偏离说明”一栏应当选择“正偏离”、“负偏离”或“无偏离”进行填写。”’的要求逐条响应商务条款；商务及技术文件中未提供投标保证金缴纳凭证。3.公告媒体及日期：https://www.ccgp.gov.cn(中国政府采购网)，https://www.gxhaiheng.com/（广西海恒项目管理有限公司官网）。2026年9月8日  四、凡对本次公告内容提出询问，请按以下方式联系。 1.采购人信息 名 称：南宁市消防救援支队轨道交通大队 地址：广西南宁江南区洪运路28号 联系方式：奉仰君0771-4306136 2.采购代理机构信息 名 称：广西海恒项目管理有限公司 地 址：南宁市青秀区竹溪大道2号荣恒国际名都A座16层1612室 联系方式：张桂铭、陈志海、黄明丽0771-2381634 3.项目联系方式 项目联系人：张桂铭、陈志海、黄明丽 电 话： 0771-2381634,公共安全,,中国政府采购网,,,default,二、项目废标/流标的原因,,,,,,,,,,
同济大学动力电池环境模拟测试系统采购项目废标公告,流标公告,Z20260234,2026年09月08日 17:02,上海市,同济大学,上海市杨浦区四平路1239号,戴老师  13764638702,江苏省华采招标有限公司,上海市普陀区云岭东路235号上海跨国采购中心3号楼5层,刘翠红、王冬  021-52181959,刘翠红、王冬,021-52181959,,,https://www.ccgp.gov.cn/cggg/zygg/qtgg/202609/t20260908_27288790.htm,2026-09-10 10:08:12,一、项目基本情况 采购项目编号：Z20260234（代理机构内部编号：JSHC-2026030110S9） 采购项目名称：动力电池环境模拟测试系统采购项目 二、项目废标/流标的原因 有效供应商不足三家，故本项目废标。 三、其他补充事宜 无 四、凡对本次公告内容提出询问，请按以下方式联系。 1.采购人信息 名 称：同济大学 地址：上海市杨浦区四平路1239号 联系方式：戴老师 13764638702 2.采购代理机构信息 名 称：江苏省华采招标有限公司 地 址：上海市普陀区云岭东路235号上海跨国采购中心3号楼5层 联系方式：刘翠红、王冬 021-52181959 3.项目联系方式 项目联系人：刘翠红、王冬 电 话： 021-52181959,教育培训,,中国政府采购网,,,default,二、项目废标/流标的原因,,,,,,,,,,
厦门务实-公开招标-2026-WS348营养盐分析仪结果公告,其他公告,2026-WS348,2026年09月08日 17:02,厦门市,自然资源部第三海洋研究所,厦门市大学路178号,倪老师0592-2195352,厦门市务实采购有限公司,厦门市思明区莲岳路221-1号公交大厦A栋7楼,方慧敏：0592-5822903，前台报名:0592-5822910,方慧敏,0592-5822903,定稿-WS348 营养盐分析仪招标文件.pdf,"[{""attach_name"": ""定稿-WS348 营养盐分析仪招标文件.pdf"", ""attach_url"": ""https://download.ccgp.gov.cn/oss/download?uuid=3DA022D412AF978FAD4561CFD65581""}]",https://www.ccgp.gov.cn/cggg/zygg/qtgg/202609/t20260908_27288788.htm,2026-09-10 10:08:13,一、项目基本情况 采购项目编号：2026-WS348 采购项目名称：营养盐分析仪 二、项目废标/流标的原因 因投标人不足三家，本次公开招标失败。 1、公告期限为本公告发布之日起1个工作日。2、未中标供应商可在本公告发出后五个工作日内凭保证金退还申请书办理退还保证金等事宜。 三、其他补充事宜 四、凡对本次公告内容提出询问，请按以下方式联系。 1.采购人信息 名 称：自然资源部第三海洋研究所 地址：厦门市大学路178号 联系方式：倪老师0592-2195352 2.采购代理机构信息 名 称：厦门市务实采购有限公司 地 址：厦门市思明区莲岳路221-1号公交大厦A栋7楼 联系方式：方慧敏：0592-5822903，前台报名:0592-5822910 3.项目联系方式 项目联系人：方慧敏 电 话： 0592-5822903,教育培训,,中国政府采购网,,,default,二、项目废标/流标的原因,,,,,,,,,,
延寿县消防救援大队延寿大队2026年食堂食材供应商服务项目（四次）废标公告,流标公告,CFGC,2026年09月08日 17:01,延寿县,延寿县消防救援大队,延寿镇工业园区泰山路18号,张女士0451-53014119,黑龙江省颀晟全过程项目管理有限公司,黑龙江省齐齐哈尔市龙沙区黑龙江省齐齐哈尔市龙沙区民生创业园5层508室,黑龙江省颀晟全过程项目管理有限公司16517075411,黑龙江省颀晟全过程项目管理有限,16517075411,,,https://www.ccgp.gov.cn/cggg/zygg/qtgg/202609/t20260908_27288733.htm,2026-09-10 10:08:13,一、项目基本情况 采购项目编号： CFGC(CG-CS)2026-003 采购项目名称：延寿大队2026年食堂食材供应商服务项目 二、项目废标/流标的原因 符合专业条件的供应商或者对招标文件作实质响应的供应商不足法定数量 三、其他补充事宜 无 四、凡对本次公告内容提出询问，请按以下方式联系。 1.采购人信息 名 称：延寿县消防救援大队 地址：延寿镇工业园区泰山路18号 联系方式：张女士0451-53014119 2.采购代理机构信息 名 称：黑龙江省颀晟全过程项目管理有限公司 地 址：黑龙江省齐齐哈尔市龙沙区黑龙江省齐齐哈尔市龙沙区民生创业园5层508室 联系方式：黑龙江省颀晟全过程项目管理有限公司16517075411 3.项目联系方式 项目联系人：黑龙江省颀晟全过程项目管理有限公司 电 话： 16517075411,公共安全,,中国政府采购网,,,default,二、项目废标/流标的原因,,,,,,,,,,
SPD-03上海某单位电磁屏蔽室维护检测采购项目零星采购,其他公告,202606,2026年09月08日 16:59,徐汇区,SPD-03,上海市徐汇区康平路与余庆路交叉路口,成老师021-33265076,无,无,无,成老师,021-33265076,△电磁屏蔽室维护检测采购项目零星采购文件.docx,"[{""attach_name"": ""△电磁屏蔽室维护检测采购项目零星采购文件.docx"", ""attach_url"": ""https://download.ccgp.gov.cn/oss/download?uuid=0B533ECF31168AB779251D982A441B""}]",https://www.ccgp.gov.cn/cggg/zygg/qtgg/202609/t20260908_27289478.htm,2026-09-10 10:08:14,无受SPD-03 委托，根据《中华人民共和国政府采购法》等有关规定，现对上海某单位电磁屏蔽室维护检测采购项目进行其他招标，欢迎合格的供应商前来投标。 项目名称：上海某单位电磁屏蔽室维护检测采购项目项目编号：202606项目联系方式：项目联系人：成老师项目联系电话：021-33265076 采购单位联系方式：采购单位：SPD-03采购单位地址：上海市徐汇区康平路与余庆路交叉路口采购单位联系方式：成老师021-33265076 代理机构联系方式：代理机构：无代理机构联系人：无代理机构地址： 无 一、采购项目内容 序号 服务名称 单位 数量 备注 F-1 空调三管检查维护 套 3   F-2 电源滤波器检查维护 项 2   F-3 信号滤波器检查维护 项 2   F-4 屏蔽门检查维护 扇 2   F-5 波导窗及波导管检查维护 项 2   F-6 屏蔽机房整体检测 项 2   F-7 授权机构测试 项 2   F1-F6为服务内容，由服务方提供过程资料，F1-F6服务终止时间为F7通过。 二、开标时间：2026年09月14日 14:00 三、其它补充事宜无 四、预算金额：预算金额：18.000000 万元（人民币）,科研检测,,中国政府采购网,,18.0,table,,,,,,,,,,,
上海市闵行区消防救援支队2026年新支队部家具采购项目公开比选公告(第二次),其他公告,,2026年09月08日 16:59,闵行区,闵行区消防救援支队,上海市闵行区莘松路585号,卢老师 021-64880119,上海百通项管科技有限公司,上海市浦东新区向城路58号6楼,康静 17301603161,康静,17301603161,,,https://www.ccgp.gov.cn/cggg/zygg/qtgg/202609/t20260908_27288693.htm,2026-09-10 10:08:15,上海百通项管科技有限公司受闵行区消防救援支队 委托，根据《中华人民共和国政府采购法》等有关规定，现对上海市闵行区消防救援支队2026年新支队部家具采购项目进行其他招标，欢迎合格的供应商前来投标。 项目名称：上海市闵行区消防救援支队2026年新支队部家具采购项目项目编号：采招2026-1541项目联系方式：项目联系人：康静项目联系电话：17301603161 采购单位联系方式：采购单位：闵行区消防救援支队采购单位地址：上海市闵行区莘松路585号采购单位联系方式：卢老师 021-64880119 代理机构联系方式：代理机构：上海百通项管科技有限公司代理机构联系人：康静 17301603161代理机构地址： 上海市浦东新区向城路58号6楼 一、采购项目内容（一）项目基本情况项目编号：采招2026-1541项目名称：上海市闵行区消防救援支队2026年新支队部家具采购项目采购人式：公开比选预算金额：77.7389万元人民币（供应商的报价超过预算金额的，则其响应文件将作无效响应处理。）最高单价限价：详见采购清单（供应商的报价超过最高单价限价的，则其响应文件将作无效响应处理。）采购需求：本项目拟通过公开比选的方式选取一家合格的供应商为上海市闵行区消防救援支队2026年新支队部采购家具。具体包括办公椅、钢制文件柜、办公桌含侧柜、双人组合床、更衣柜、会议桌、监控桌等。质保期不少于五年。（具体数量及要求详见采购需求书。）合同履行期限：签订合同后45日历天内完成供货并安装调试到位。本项目（□接受 ■不接受）联合体。 （二）申请人的资格要求1.满足《中华人民共和国政府采购法》第二十二条规定；2.落实政府采购政策需满足的资格要求：（1）落实预留份额措施，提高中小企业在政府采购中的份额，扶持中小企业政策：本项目专门面向中小企业采购，评审时中小企业产品均不执行价格折扣优惠。（2）扶持监狱企业、残疾人福利性单位，并将其视同小微型企业；（3）优先采购节能环保产品政策：在技术、服务等指标同等条件下，对《财政部、生态环境部关于印发环境标志产品政府采购品目清单的通知》（财库〔2019〕18号）和《财政部、发展改革委关于印发节能产品政府采购品目清单的通知》（财库〔2019〕19号）文公布的节能环保产品品目清单中的产品实行优先采购；对节能产品品目清单中以“★”标注的产品，实行强制采购。供应商须提供具有国家确定的认证机构出具的、处于有效期之内的认证证书方能享受优先采购或强制采购政策；（4）购买国货政策：本项目（□接受 ■不接受）进口产品。3.本项目的特定资格要求：（1）本项目不允许转包；（2）未被列入失信被执行人、重大税收违法失信主体、政府采购严重违法失信行为记录名单，以开标后至评审前在“信用中国”网站（www.creditchina.gov.cn）和中国政府采购网（www.ccgp.gov.cn）查询的信用记录为准。（三）获取采购文件时间：2026年09月09日至2026年09月11日，每天上午9:30至11:30，下午13:30至16:30（北京时间，法定节假日除外 ）地点：上海市浦东新区向城路58号6楼方式：供应商委派授权代表携带“法定代表人证明书及法定代表人身份证或法定代表人授权委托书及被委托人身份证复印件等材料”至上海百通项管科技有限公司（地址：上海市向城路58号6楼）缴纳工本费后领取比选文件。售价：800元/本 （四）提交响应文件截止时间、开启时间和地点截止时间：2026年09月17日10点00分（北京时间）地址：上海市浦东新区向城路58号6楼（具体会议室见当天会务安排指示牌） （五）公告期限自本公告发布之日起3个工作日。  二、开标时间：2026年09月17日 10:00 三、其它补充事宜1.公告发布媒体：以上信息若有变更我们会通过“中国政府采购网”通知，请供应商关注。2.开户银行：上海银行蓝村支行；账户：上海百通项管科技有限公司；账号：3169 7100 0067 41975。3.支付宝二维码（请联系代理机构获取） 四、预算金额：预算金额：77.738900 万元（人民币）,公共安全,2026-09-17 10:00,中国政府采购网,,77.7389,table,,,,,,,,,,,
中国金融电子化集团有限公司2026年计算机终端采购项目终止公告,终止公告,JDGK-2026-023/0747-2660SCCZD103,2026年09月08日 16:58,北京市,中国金融电子化集团有限公司,不详,1,中国金融电子化集团有限公司,不详,18611595229,操佩、俞家骅,18911319341,,,https://www.ccgp.gov.cn/cggg/zygg/qtgg/202609/t20260908_27288829.htm,2026-09-10 10:08:16,中国金融电子化集团有限公司2026年计算机终端采购项目终止公告 一、项目基本情况 项目编号：JDGK-2026-023/0747-2660SCCZD103 项目名称：中国金融电子化集团有限公司2026年计算机终端采购项目 二、项目终止的原因 本项目没有通过符合性审查的投标人。 三、其他补充事项 无。 四、凡对本次公告内容提出询问，请按以下方式联系 1.采购人信息 名称：中国金融电子化集团有限公司 地址：北京市西城区西外大街136号新动力金融科技中心B座6层 2.采购代理机构信息 名称：中化商务有限公司 地址：北京市丰台区丽泽路24号平安幸福中心B座26层（邮编：100071） 联系方式：操佩、俞家骅、何海军，18911319341/18911318908 3.项目联系方式 项目联系人：操佩、俞家骅 电      话：18911319341/18911318908                                                        中国金融电子化集团有限公司                                 2026年9月8日,信息技术,,中国政府采购网,,206.9,table,本项目没有通过符合性审查的投标人。,,,,,,,,,,
山东省地震局山东省地震科普公众逃生避险安全教育中心展项布展项目监理服务比选公告,其他公告,LHZB-2026-036,2026年09月08日 16:56,济南市,山东省地震局,山东省济南市历城区港西路2066号,刘老师0531-58622346,山东鲁华招标有限公司,济南市历下区文化东路29号七星吉祥大厦B座10层,谢老师0531-81763232,谢老师,0531-81763232,,,https://www.ccgp.gov.cn/cggg/zygg/qtgg/202609/t20260908_27288650.htm,2026-09-10 10:08:16,山东鲁华招标有限公司受山东省地震局 委托，根据《中华人民共和国政府采购法》等有关规定，现对山东省地震科普公众逃生避险安全教育中心展项布展项目监理服务进行其他招标，欢迎合格的供应商前来投标。 项目名称：山东省地震科普公众逃生避险安全教育中心展项布展项目监理服务项目编号：LHZB-2026-036项目联系方式：项目联系人：谢老师项目联系电话：0531-81763232 采购单位联系方式：采购单位：山东省地震局采购单位地址：山东省济南市历城区港西路2066号采购单位联系方式：刘老师0531-58622346 代理机构联系方式：代理机构：山东鲁华招标有限公司代理机构联系人：谢老师0531-81763232代理机构地址： 济南市历下区文化东路29号七星吉祥大厦B座10层 一、采购项目内容山东鲁华招标有限公司受山东省地震局的委托，就山东省地震科普公众逃生避险安全教育中心展项布展项目监理服务进行比选采购，现邀请符合本次比选文件要求的，有服务能力的供应商前来报价。一、项目编号：LHZB-2026-036二、项目名称：山东省地震科普公众逃生避险安全教育中心展项布展项目监理服务三、项目要求：1、工程概况：山东省地震科普公众逃生避险安全教育中心展项布展项目建设地点位于济南市历城区港西路2066号山东省防震减灾科技园区内，布展规模约11000㎡，建设内容涵盖科普展品制作、多媒体设备安装及系统调试、展陈装饰施工、智能化系统及信息化配套基础设施等，计划投资总额约4000万元（具体以实际图纸、清单为准），分批建设，总工期约365天（以实际工期为准）；2、项目预算：45万元；3、实施模式：项目分批实施，每批工程具体启动时间与范围以采购人书面通知为准，中标人须按统一标准提供全周期监理服务，不得另行加价；4、资金说明：项目资金来源为2027年省财政资金，监理服务费支付以财政资金实际拨付到位为前提；5、只准许一个方案报价，不接受多方案报价。四、供应商资格要求：1、具备《中华人民共和国政府采购法》第二十二条规定的条件；2、信用中国无信用不良记录及中国政府采购网无严重违法记录；3、供应商须具备以下资质之一，且在人员、设备、资金等方面具有相应的监理能力：1）工程监理综合资质；2）同时具备房屋建筑工程专业监理乙级及以上资质和机电安装工程专业监理乙级及以上资质。4、拟派总监理工程师须具有房屋建筑工程或机电安装工程专业注册监理工程师证书且在本单位注册执业；5、本项目不接受联合体报价；6、法律法规及本比选文件规定的其他条件。五、比选文件获取方式：1、时间：2026年9月9日至2026年9月15日，每天8:30-17:00(北京时间，节假日除外)2、地点：济南市历下区文化东路29号七星吉祥大厦B座10层3、方式：网上获取：将营业执照、授权委托书及公对公汇款凭证扫描件pdf版发送至luhuazhaobiao@163.com并电话通知代理机构，注明项目名称、联系人联系方式（收款账户信息：户名：山东鲁华招标有限公司；开户行：招商银行济南千佛山支行；账号：531904191910901）。4、售价：人民币300元/份，售出不退。六、响应文件递交起止时间：2026年9月20日09:00-09:30（北京时间）递交地点：济南市历下区文化东路29号七星吉祥大厦B座10层七、报价时间：2026年09月20日09:30（北京时间）报价地点：济南市历下区文化东路29号七星吉祥大厦B座10层递交方式：供应商应当于报价截止时间前现场递交响应文件。八、采购代理机构：山东鲁华招标有限公司地址：济南市历下区文化东路29号七星吉祥大厦B座10层联系人：谢老师联系电话：0531-81763232邮箱：luhuazhaobiao@163.com 山东鲁华招标有限公司          二〇二六年八月 二、开标时间：2026年09月20日 09:30 三、其它补充事宜无 四、预算金额：预算金额：45.000000 万元（人民币）,教育培训,,中国政府采购网,,45.0,table,,,,,,,,,,,
中国科学院上海光学精密机械研究所KDP晶体加工及镀膜流标公告,流标公告,STC26A358,2026年09月08日 16:54,上海市,中国科学院上海光学精密机械研究所,上海市嘉定区清河路390号,戴 君 021-69918871,上海中招招标有限公司,上海市静安区恒丰路600号机电大厦5楼B座办公室,陈永亮、陶琳琳 021-66279073、18017209807,陈永亮、陶琳琳,021-66279073、18017209807,358-KDP晶体加工及镀膜-招标文件-发售稿-终版.pdf,"[{""attach_name"": ""358-KDP晶体加工及镀膜-招标文件-发售稿-终版.pdf"", ""attach_url"": ""https://download.ccgp.gov.cn/oss/download?uuid=2A701210E5CADE9ACAD9E779DD767F""}]",https://www.ccgp.gov.cn/cggg/zygg/qtgg/202609/t20260908_27288574.htm,2026-09-10 10:08:17,一、项目基本情况 采购项目编号：STC26A358 采购项目名称：中国科学院上海光学精密机械研究所KDP晶体加工及镀膜 二、项目废标/流标的原因 通过资格性审查的合格投标人不足三家，不能进行评审， 本次采购失败，项目流标。 三、其他补充事宜 四、凡对本次公告内容提出询问，请按以下方式联系。 1.采购人信息 名 称：中国科学院上海光学精密机械研究所 地址：上海市嘉定区清河路390号 联系方式：戴 君 021-69918871 2.采购代理机构信息 名 称：上海中招招标有限公司 地 址：上海市静安区恒丰路600号机电大厦5楼B座办公室 联系方式：陈永亮、陶琳琳 021-66279073、18017209807 3.项目联系方式 项目联系人：陈永亮、陶琳琳 电 话： 021-66279073、18017209807,教育培训,,中国政府采购网,,,default,二、项目废标/流标的原因,,,,,,,,,,
中国信息通信研究院密码测评设备采购项目磋商失败公告,其他公告,0701-264113027W72,2026年09月08日 16:53,北京市,中国信息通信研究院,北京市海淀区花园北路52号,司老师、siwei1@caict.ac.cn,中技国际招标有限公司,北京市丰台区西营街1号院通用时代中心C座,田嘉、010-81168201,冷润、李杰,010-81168273、81168201,,,https://www.ccgp.gov.cn/cggg/zygg/qtgg/202609/t20260908_27288501.htm,2026-09-10 10:08:18,一、项目基本情况 采购项目编号：0701-264113027W72 采购项目名称：密码测评设备采购项目 二、项目废标/流标的原因 本项目有效供应商不足3家，根据《中华人民共和国政府采购法》和《政府采购竞争性磋商采购方式管理暂行办法》等相关规定，本项目磋商失败。 三、其他补充事宜 无 四、凡对本次公告内容提出询问，请按以下方式联系。 1.采购人信息 名 称：中国信息通信研究院 地址：北京市海淀区花园北路52号 联系方式：司老师、siwei1@caict.ac.cn 2.采购代理机构信息 名 称：中技国际招标有限公司 地 址：北京市丰台区西营街1号院通用时代中心C座 联系方式：田嘉、010-81168201 3.项目联系方式 项目联系人：冷润、李杰 电 话： 010-81168273、81168201 lijie38@cmc.gt.cn,设备购置,,中国政府采购网,,,default,二、项目废标/流标的原因,,,,,,,,,,
沈阳铁路公安局锦州公安处公务车辆加油服务项目废标公告,流标公告,LNHYCS2026082454,2026年09月08日 16:46,市辖区,沈阳铁路公安局锦州公安处,辽宁省锦州市,任先生0416-2552578,辽宁华曜工程管理有限公司,锦州市古塔区延安路二段126-66号,庞先生18041676608,庞先生,18041676608,,,https://www.ccgp.gov.cn/cggg/zygg/qtgg/202609/t20260908_27288344.htm,2026-09-10 10:08:18,一、项目基本情况 采购项目编号：LNHYCS2026082454 采购项目名称：沈阳铁路公安局锦州公安处公务车辆加油服务项目 二、项目废标/流标的原因 报名截止时间止，报名供应商不满足3家，故作废标处理。 三、其他补充事宜 无 四、凡对本次公告内容提出询问，请按以下方式联系。 1.采购人信息 名 称：沈阳铁路公安局锦州公安处 地址：辽宁省锦州市 联系方式：任先生0416-2552578 2.采购代理机构信息 名 称：辽宁华曜工程管理有限公司 地 址：锦州市古塔区延安路二段126-66号 联系方式：庞先生18041676608 3.项目联系方式 项目联系人：庞先生 电 话： 18041676608,公共安全,,中国政府采购网,,,default,二、项目废标/流标的原因,,,,,,,,,,
中华人民共和国番禺出入境边防检查站存量公房修缮项目比价公告（第二次）,其他公告,PYBJ20260908,2026年09月08日 16:40,番禺区,中华人民共和国番禺出入境边防检查站,广州市番禺区市桥街康乐路63号,彭警官，16626436824,详见公告正文,详见公告正文,详见公告正文,彭警官,16626436824,"附件2 番禺边检存量房维修项目工程量报价清单.zip,装修图纸.zip,电气图纸.zip,给排水图纸.zip,附件1 番禺边检存量房维修项目需求书（二次）.doc","[{""attach_name"": ""附件2 番禺边检存量房维修项目工程量报价清单.zip"", ""attach_url"": ""https://download.ccgp.gov.cn/oss/download?uuid=1452679275B33915F89C128B08EC3E""}, {""attach_name"": ""装修图纸.zip"", ""attach_url"": ""https://download.ccgp.gov.cn/oss/download?uuid=D48F85D3CBA5263E970B620FBCC963""}, {""attach_name"": ""电气图纸.zip"", ""attach_url"": ""https://download.ccgp.gov.cn/oss/download?uuid=2E705225D2CCCA75F82CEC6CD5CF3D""}, {""attach_name"": ""给排水图纸.zip"", ""attach_url"": ""https://download.ccgp.gov.cn/oss/download?uuid=4A81D30A1BCFDB5F21C46181267CBA""}, {""attach_name"": ""附件1 番禺边检存量房维修项目需求书（二次）.doc"", ""attach_url"": ""https://download.ccgp.gov.cn/oss/download?uuid=C50AA3D6CF360AADF28DF4E382A9FE""}]",https://www.ccgp.gov.cn/cggg/zygg/qtgg/202609/t20260908_27289031.htm,2026-09-10 10:08:19,"根据《中华人民共和国政府采购法》等有关规定，现对存量公房修缮项目进行其他招标，欢迎合格的供应商前来投标。 项目名称：存量公房修缮项目项目编号：PYBJ20260908项目联系方式：项目联系人：彭警官项目联系电话：16626436824 采购单位联系方式：采购单位：中华人民共和国番禺出入境边防检查站采购单位地址：广州市番禺区市桥街康乐路63号采购单位联系方式：彭警官，16626436824  一、采购项目内容本项目不属于政府采购法规定的集中采购目录内项目，预算金额未达到集中采购限额标准，依据本单位内控制度采用比价方式采购，欢迎具有相应建筑施工资质和完成该项目能力的供应商响应。（一）项目内容广州市番禺区市桥街康乐路63号大院3-2-101、5-2-101、5-2-102三套存量公房进行修缮改造。具体内容要求见需求书（附件）。（二）项目预算：138945.26元。（三）供应商资格要求1. 供应商具备《政府采购法》第二十二条所规定的条件。2. 供应商具有建设行政主管部门颁发的房屋建筑工程施工总承包三级或以上资质，具备建设行政主管部门颁发的有效期内的安全生产许可证(提供相关资质复印件)；拟派项目负责人应具备建筑工程专业二级以上(含二级)注册建造师执业资格证书，并持有有效的安全生产考核合格证(B证)；安全员具有安全生产考核合格证(C证)，项目负责人和安全员不为同一人(提供相关证明材料复印件)。（四）获取需求书公告之日起3个工作日内直接在该网页下载附件。（五）报价文件递交截止时间：2026年9月11日16时（北京时间）寄送地点：中华人民共和国番禺出入境边防检查站办公楼402室（广州市番禺区市桥街康乐路63号）。报价资料应包括：营业执照、比价采购登记表（见附件1）、报价清单（附件2）、项目相关资质文件。报价资料应封包装邮寄，同时将电子版发至采购人邮箱（pybjzfcg@163.com）,报价响应时间以电子邮件发送时间为准。以上文件一式三份，都要加盖公章。（六）报价期限及延期。若在2026年9月11日16时之前，有效报价供应商有三家及以上，此次报价期限结束。若不足三家，从上述截止时间起，自动延期三个工作日至9月16日16时。若第二次截止时间仍不足三家有效报价，采购人有权重新组织采购或依法变更采购方式，不再自动延期。（七）采购单位、地址和联系方式单位：番禺出入境边防检查站地址：广州市番禺区康乐路63号联系人：彭警官，联系电话：16626436824（八）开标时间：2026年9月14日 11:00。 二、开标时间：2026年09月14日 11:00 三、其它补充事宜① 采购结果将由采购人对成交供应商应进行电话或邮件单独通知；② 对未成交供应商可通过公告告知；③ 供应商对采购结果有异议的，应在结果公告发布之日起7个工作日内以书面形式向采购人提出质疑，联系人：林警官，电话：13600023820，邮箱：pybjzfcg@163.com"" 四、预算金额：预算金额：13.894526 万元（人民币）",工程建设,2026-09-11 16:00,中国政府采购网,,13.894526,table,,,,,,,,,,,
广东省深圳市福田区消防救援大队2026年政府专职消防员职业健康体检服务采购项目遴选公告,其他公告,UHOFTC20260609,2026年09月08日 16:32,福田区,深圳市福田区消防救援大队,深圳市福田区莲花街道景田路103号,方工0755-33621280,深圳市友和招标有限公司,深圳市福田区福强路3030号福田体育公园西北角友和招标代理服务中心（靠近北门）,潘艺伟0755-83881283,潘艺伟,0755-83881283,【发布稿】广东省深圳市福田区消防救援大队2026年政府专职消防员职业健康体检服务采购项目_已签章.pdf,"[{""attach_name"": ""【发布稿】广东省深圳市福田区消防救援大队2026年政府专职消防员职业健康体检服务采购项目_已签章.pdf"", ""attach_url"": ""https://download.ccgp.gov.cn/oss/download?uuid=C7E3485D1A722738F3E8778D374019""}]",https://www.ccgp.gov.cn/cggg/zygg/qtgg/202609/t20260908_27287953.htm,2026-09-10 10:08:19,"深圳市友和招标有限公司受深圳市福田区消防救援大队 委托，根据《中华人民共和国政府采购法》等有关规定，现对广东省深圳市福田区消防救援大队2026年政府专职消防员职业健康体检服务采购项目进行其他招标，欢迎合格的供应商前来投标。 项目名称：广东省深圳市福田区消防救援大队2026年政府专职消防员职业健康体检服务采购项目项目编号：UHOFTC20260609项目联系方式：项目联系人：潘艺伟项目联系电话：0755-83881283 采购单位联系方式：采购单位：深圳市福田区消防救援大队采购单位地址：深圳市福田区莲花街道景田路103号采购单位联系方式：方工0755-33621280 代理机构联系方式：代理机构：深圳市友和招标有限公司代理机构联系人：潘艺伟0755-83881283代理机构地址： 深圳市福田区福强路3030号福田体育公园西北角友和招标代理服务中心（靠近北门） 一、采购项目内容 项目概况 根据《深圳市福田区消防救援大队采购管理暂行规定》，广东省深圳市福田区消防救援大队2026年政府专职消防员职业健康体检服务采购项目采用内部评选遴选方式择优选择参评人。项目情况如下：  一、项目基本情况项目编号：UHOFTC20260609 项目名称：广东省深圳市福田区消防救援大队2026年政府专职消防员职业健康体检服务采购项目预算金额：人民币582,000.00元采购需求：详见遴选文件。合同履行期限：两年（合同一年一签，第一年为本次招标的中标服务期限，合同最多续签一次。如采购人对履约情况不满意，采购人不再续约。）具体以合同签订之日起算，协议期内所有合同实质性条款不得改变。本项目(不接受)联合体投标。二、申请人的资格要求：1.参评人必须是具有独立法人资格或是具有独立承担民事责任能力的其它组织（提供营业执照或其他证明材料复印件加盖公章，如果参与投标的参评人为分公司则须提供分公司营业执照、其所属集团(或总公司)等具有独立法人资格的组织出具愿为其参与本项目投标以及履约行为承担民事责任的授权书，但只接受直接授权，不接受逐级授权，并同时提供总公司营业执照。不接受同一集团(或总公司)授权两家或以上分公司同时参与本项目投标，也不接受集团(或总公司)与分公司同时参与本项目投标，如出现上述情形，该两家或以上供应商的投标文件均按无效投标处理)。上述资料原件备查）。2.参与本项目政府采购活动时不存在被有关部门禁止参与政府采购活动且在有效期内的情况（由供应商在《资格声明函》中作出声明，加盖公章）。3.具备《中华人民共和国政府采购法》第二十二条第一款的条件（由供应商在《资格声明函》中作出声明，加盖公章）。4.未被列入失信被执行人、重大税收违法失信主体、政府采购严重违法失信行为记录名单（由供应商在《资格声明函》中作出声明，加盖公章）；【注：采购代理机构将通过“信用中国”中“信用服务”栏的“重大税收违法失信主体”“失信被执行人”、“中国政府采购网”中的“政府采购严重违法失信行为记录名单”、“深圳信用网”以及“深圳市政府采购监管网”查询供应商的信用信息，相关信息以开标当日的查询结果为准。信用信息查询记录将作为项目档案材料一并保存。】5.不同供应商的法定代表人、主要经营负责人、项目投标授权代表人、项目负责人、主要技术人员不得为同一人、属同一单位或者在同一单位缴纳社会保险；不同投标供应商的投标文件不得由同一单位或者同一人编制；单位负责人为同一人或者存在直接控股、管理关系的不同供应商，不得参加本项目政府采购活动（由供应商填写《供应商基本情况表》相关信息，如发现不同投标供应商的相关信息存在上述“不得”的情形，作投标无效处理）。注：其中，对于“不同供应商的单位负责人是否为同一人”，由采购代理机构将通过国家企业信用信息公示系统(https://www.gsxt.gov.cn/index.html）或机关赋码和事业单位登记管理网（https://gjsy.scopsr.gov.cn/)或全国社会组织信用信息公示平台（https://xxgs.chinanpo.mca.gov.cn/gsxt/newList）等网站查询供应商信息，相关信息以截标当日的查询结果为准。6.为本项目提供整体设计、规范编制或者项目管理、监理、检测等服务的供应商，不得参加本项目投标。（由参评人在《资格声明函》中作出声明，加盖公章）。7.本项目不接受联合体投标，不接受进口产品参与投标，不允许转包、分包（由参评人在《资格声明函》中作出声明，加盖公章）。8.本项目是否专门面向中小企业采购：否。本项目对应的中小企业划分标准所属行业：其他未列明行业    9.投标人具有有效期内的医疗机构执业许可证(提供证书扫描件加盖参评人公章,原件备查)；10.投标人具有有效期内的放射诊疗许可证(提供证书扫描件加盖参评人公章,原件备查)； 三、获取遴选文件1.时间：2026年9月8日起至2026年9月15日止,上午9:00-11:30,下午14:00-17:00（公休日及节假日除外，遴选文件中时间均为北京时间）；2.报名方式：线上报名，具体操作请登录“深圳市友和招标有限公司采购代理网https://yhzb.uho.cn/”的重要通知中查看《关于采用线上报名方式的通知》；3.售价：本遴选文件每套售价人民币500元，售后不退；如需邮寄，均以“到付”为邮寄费的付费方式。4.遴选文件售卖咨询电话：0755-838811115.购买招标文件所需资料：（1）法定代表人证明书原件及身份证扫描件（加盖公章）；（2）法定代表人授权委托书原件及被授权人身份证扫描件（加盖公章）；（3）上述“二、申请人的资格要求”中第1、9、10项证明文件。四、提交参评文件截止时间、评选时间和地点评选文件提交截止时间：2026年9月20日09点30分00秒（北京时间）评选文件提交方式：邮寄或现场递交。代理机构：深圳市友和招标有限公司收取地址：深圳市福田区福强路3030号福田体育公园西北角友和招标代理服务中心（靠近北门）；收取联系人：潘艺伟；联系电话：0755-83881283；邮编：518000。评选时间：2026年9月20日09点30分00秒（北京时间）评选地点：深圳市福田区福强路3030号福田体育公园西北角友和招标代理服务中心（靠近北门）。五、对本次评选提出询问，请按以下方式联系。名 称：深圳市福田区消防救援大队地 址：深圳市福田区莲花街道景田路103号联系人：方工联系方式：0755-33621280  邮编：518000。附件：遴选文件 二、开标时间：2026年09月20日 09:30 三、其它补充事宜详见附件 四、预算金额：预算金额：58.200000 万元（人民币）",公共安全,2026-09-20 09:30,中国政府采购网,,58.2,table,,,,,,,,,,,
昌都市消防救援支队关于政府采购代理机构合作意向征集结果的公示,其他公告,,2026年09月08日 16:31,西藏自治区,昌都市消防救援支队,西藏昌都市卡若区马草坝92号,0895-4926047,详见公告正文,详见公告正文,详见公告正文,甘女士,0895-4926047,,,https://www.ccgp.gov.cn/cggg/zygg/qtgg/202609/t20260908_27287911.htm,2026-09-10 10:08:20,一、项目基本情况 采购项目编号：无 采购项目名称：昌都市消防救援支队关于政府采购代理机构合作意向征集结果的公示 二、项目废标/流标的原因 其他结果公告 三、其他补充事宜   前期，昌都市消防救援支队面向社会公开发布了《昌都市消防救援支队关于公开征集政府采购代理机构合作意向的公告》，经支队专项评审小组对递交文件的代理机构进行书面评审和实地考察，现将结果予以公示： 编号 代理机构名称 1 西藏昌榕项目管理有限公司 2 西藏泉安工程建设管理有限公司 3 四川三招建设项目管理有限公司 4 四川富博永钦工程咨询有限公司 5 河南荣达工程咨询有限公司 6 西藏清霁工程项目管理有限公司 7 西藏越鑫项目管理有限公司 8 西藏亦辰工程管理有限公司 9 西藏全招项目管理有限公司 10 西藏德辰良项目管理有限公司 11 昌都旭标工程管理有限责任公司 四、凡对本次公告内容提出询问，请按以下方式联系。 1.采购人信息 名 称：昌都市消防救援支队 地址：西藏昌都市卡若区马草坝92号 联系方式：0895-4926047 2.项目联系方式 项目联系人：甘女士 电 话： 0895-4926047,公共安全,,中国政府采购网,,,default,二、项目废标/流标的原因,,,,,,,,,,
南京大学电加热滚塑系统采购项目废标公告,流标公告,JSTCC26002105951/GZH2602395,2026年09月08日 16:29,南京市,南京大学,南京市栖霞区仙林大道163号,胡老师，025-89688969,江苏省招标中心有限公司,江苏省南京市鼓楼区郑和中路118号D座12楼,赵真、崔煜婷、鲁民颉、姜瑶、陈诚，025-82281932、83307019、83249927、83249926、83248600,赵真、崔煜婷、鲁民颉、姜瑶、陈,025-82281932、83307019、83249927、83249926,,,https://www.ccgp.gov.cn/cggg/zygg/qtgg/202609/t20260908_27287833.htm,2026-09-10 10:08:20,一、项目基本情况 采购项目编号：JSTCC26002105951/GZH2602395 采购项目名称：南京大学电加热滚塑系统 二、项目废标/流标的原因 有效供应商不足三家，本项目作废标处理。 三、其他补充事宜 无 四、凡对本次公告内容提出询问，请按以下方式联系。 1.采购人信息 名 称：南京大学 地址：南京市栖霞区仙林大道163号 联系方式：胡老师，025-89688969 2.采购代理机构信息 名 称：江苏省招标中心有限公司 地 址：江苏省南京市鼓楼区郑和中路118号D座12楼 联系方式：赵真、崔煜婷、鲁民颉、姜瑶、陈诚，025-82281932、83307019、83249927、83249926、83248600 3.项目联系方式 项目联系人：赵真、崔煜婷、鲁民颉、姜瑶、陈诚 电 话： 025-82281932、83307019、83249927、83249926、83248600,教育培训,,中国政府采购网,,,default,二、项目废标/流标的原因,,,,,,,,,,
南京大学微通道多功能中试合成系统项目废标公告,流标公告,JSTCC26002105957/GZH2602397,2026年09月08日 16:29,南京市,南京大学,南京市栖霞区仙林大道163号,胡老师，025-89688969,江苏省招标中心有限公司,江苏省南京市鼓楼区郑和中路118号D座12楼,赵真、崔煜婷、鲁民颉、姜瑶、陈诚，025-82281932、83307019、83249927、83249926、83248600,赵真、崔煜婷、鲁民颉、姜瑶、陈,025-82281932、83307019、83249927、83249926,,,https://www.ccgp.gov.cn/cggg/zygg/qtgg/202609/t20260908_27287834.htm,2026-09-10 10:08:21,一、项目基本情况 采购项目编号：JSTCC26002105957/GZH2602397 采购项目名称：南京大学微通道多功能中试合成系统 二、项目废标/流标的原因 有效供应商不足三家，本项目作废标处理。 三、其他补充事宜 无 四、凡对本次公告内容提出询问，请按以下方式联系。 1.采购人信息 名 称：南京大学 地址：南京市栖霞区仙林大道163号 联系方式：胡老师，025-89688969 2.采购代理机构信息 名 称：江苏省招标中心有限公司 地 址：江苏省南京市鼓楼区郑和中路118号D座12楼 联系方式：赵真、崔煜婷、鲁民颉、姜瑶、陈诚，025-82281932、83307019、83249927、83249926、83248600 3.项目联系方式 项目联系人：赵真、崔煜婷、鲁民颉、姜瑶、陈诚 电 话： 025-82281932、83307019、83249927、83249926、83248600,教育培训,,中国政府采购网,,,default,二、项目废标/流标的原因,,,,,,,,,,
SPD-27吉林省某单位警营文化园地展板制作项目流标公告,流标公告,JYZB2026-45,2026年09月08日 16:28,长春市,SPD-27,吉林省长春市,杨超、0431-82097135,长春建业集团股份有限公司,长春市南关区南溪智融一期5号楼,成新宇、刘艳梅、0431-81808101,成新宇,0431-81808101,,,https://www.ccgp.gov.cn/cggg/zygg/qtgg/202609/t20260908_27287838.htm,2026-09-10 10:08:22,一、项目基本情况 采购项目编号：JYZB2026-45 采购项目名称：吉林省某单位警营文化园地展板制作项目 二、项目废标/流标的原因 有效投标人不足三家，本次招标失败。 三、其他补充事宜 无 四、凡对本次公告内容提出询问，请按以下方式联系。 1.采购人信息 名 称：SPD-27 地址：吉林省长春市 联系方式：杨超、0431-82097135 2.采购代理机构信息 名 称：长春建业集团股份有限公司 地 址：长春市南关区南溪智融一期5号楼 联系方式：成新宇、刘艳梅、0431-81808101 3.项目联系方式 项目联系人：成新宇 电 话： 0431-81808101,文化旅游,,中国政府采购网,,,default,二、项目废标/流标的原因,,,,,,,,,,
南草厂49号院内建筑配套设施修缮更新项目遴选公告,其他公告,ZCBJ-26ZBDLHS-ZB0410,2026年09月08日 16:28,北京市,中共中央对外联络部机关服务中心,北京市海淀区复兴路4号,/,北京中诚正信工程咨询有限公司,北京市海淀区马甸东路17号15层1518,伍小洒、王赛男、闫红，15801438859,伍小洒、王赛男、闫红项目联系电,15801438859,南草厂遴选公告.docx,"[{""attach_name"": ""南草厂遴选公告.docx"", ""attach_url"": ""https://download.ccgp.gov.cn/oss/download?uuid=1CCFD72A23A7B89CBAB0C92A007C91""}]",https://www.ccgp.gov.cn/cggg/zygg/qtgg/202609/t20260908_27287839.htm,2026-09-10 10:08:22,北京中诚正信工程咨询有限公司受中共中央对外联络部机关服务中心 委托，根据《中华人民共和国政府采购法》等有关规定，现对南草厂49号院内建筑配套设施修缮更新项目进行其他招标，欢迎合格的供应商前来投标。 项目名称：南草厂49号院内建筑配套设施修缮更新项目项目编号：ZCBJ-26ZBDLHS-ZB0410项目联系方式：项目联系人：伍小洒、王赛男、闫红项目联系电话：15801438859 采购单位联系方式：采购单位：中共中央对外联络部机关服务中心采购单位地址：北京市海淀区复兴路4号采购单位联系方式：/ 代理机构联系方式：代理机构：北京中诚正信工程咨询有限公司代理机构联系人：伍小洒、王赛男、闫红，15801438859代理机构地址： 北京市海淀区马甸东路17号15层1518 一、采购项目内容（一）、项目概况1、项目名称：南草厂49号院内建筑配套设施修缮更新项目    2、项目地点：北京市西城区南草厂49号院3、控制价金额（参选最高限价）：196156.36元。4、工期：40天工作日。5、施工范围：南草厂49号院内建筑配套设施修缮更新招标工程量清单范围内全部施工内容。（二）、遴选申请人资格要求南草厂49号院内建筑配套设施修缮更新项目的遴选申请人资格能力要求：1、遴选申请人必须具备建设行政主管部门核发的建筑工程施工总承包三级[新]及以上资质，并在人员、设备、资金等方面具备相应的施工能力，其中，申请人拟派项目经理须具备建筑工程专业 注册建造师二级 （含以上级）注册建造师执业资格，具备有效的安全生产考核合格证书（B本），且在确定中选人时不得担任其他在施建设工程的项目经理；2、具备有效的《安全生产许可证》；3、具有依法缴纳税收和社会保障资金的良好记录；4、为本项目提供整体设计、规范编制或者项目管理、监理、检测等服务的遴选申请人，不得再参加该采购项目的其他采购活动；5、近三年（2023年08月26日至遴选响应文件递交截止日止）内在经营活动中具有良好信誉，没有处于被责令停业、招投标资格被取消、财产被接管、冻结、破产状态；6、近三年（2023年08月26日至遴选响应文件递交截止日止）内没有骗取中标及严重违约的问题；7、单位负责人为同一人或者存在直接控股、管理关系的不同遴选申请人，不得同时参加本项目的遴选活动；8、通过“信用中国”网站（www.creditchina.gov.cn）查询，遴选申请人未被列入失信被执行人、重大税收违法案件当事人名单；9、通过“中国政府采购网”网站（https://www.ccgp.gov.cn）查询，遴选申请人未被列入政府采购严重违法失信行为记录名单；10、本项目专门面向中小企业采购，仅允许符合中小企业政策的遴选申请人参加；11、法律、行政法规规定的其他条件；12、本项目不接受联合体遴选。13、未向本项目遴选代理机构获取遴选文件并登记的遴选申请人没有资格参与本项目遴选。（三）、遴选文件的获取获取时间：2026年9月9日09时00分到2026年9月11日16时00分（法定节假日除外）获取方式及地点：现场领取遴选文件（请于2026年9月9日到2026年9月11日，每日上午9时00分至11时30分，下午13时00分至16时00分（法定节假日除外），在北京市海淀区马甸东路17号15层1518（详细地址）持以下资料领取遴选文件(法定代表人身份证明文件原件或法定代表人授权委托书原件需加盖遴选申请人公章，委托书还需法定代表人签字或盖章)： 遴选申请人法定代表人身份证明文件原件及其身份证原件和加遴选申请人公章的身份证复印件（适用于法定代表人现场获取遴选文件，法定代表人身份证明文件需注明领取某某项目遴选文件），或法定代表人授权委托书原件及被委托人的身份证原件及加盖遴选申请人公章的身份证复印件（适用于委托代理人现场获取遴选文件，授权委托书需注明委托事宜：领取某某项目遴选文件）；（2） 遴选申请人法人营业执照正本或副本（复印件加盖遴选申请人公章）；特别说明：已办理“三证合一”或“五证合一”的遴选申请人提供变更后的证照。遴选文件每套售价300元，售后不退，不接受邮寄。（四）、遴选响应文件的递交递交截止时间： 2026年9月17日8时45分递交方式：现场递交递交地点：北京市海淀区复兴路乙四号院老旧小区办公室（由西门进入）（五）、开选时间及地点开选时间：2026年9月17日8时45分开选地点：北京市海淀区复兴路乙四号院老旧小区办公室（由西门进入） 二、开标时间：2026年09月17日 08:45 三、其它补充事宜/ 四、预算金额：预算金额：19.615636 万元（人民币）,工程建设,2026-09-17 08:45,中国政府采购网,,19.615636,table,,,,,,,,,,,
中联部办公区东门修缮项目遴选公告,其他公告,ZCBJ-26ZBDLHS-ZB0411,2026年09月08日 16:28,北京市,中共中央对外联络部机关服务中心,北京市海淀区复兴路4号,/,北京中诚正信工程咨询有限公司,北京市海淀区马甸东路17号15层1518,伍小洒、王赛男、闫红，15801438859,伍小洒、王赛男、闫红项目联系电,15801438859,东门修缮遴选公告.docx,"[{""attach_name"": ""东门修缮遴选公告.docx"", ""attach_url"": ""https://download.ccgp.gov.cn/oss/download?uuid=D95E287B952B3A04C0ED0884B053BD""}]",https://www.ccgp.gov.cn/cggg/zygg/qtgg/202609/t20260908_27287797.htm,2026-09-10 10:08:23,北京中诚正信工程咨询有限公司受中共中央对外联络部机关服务中心 委托，根据《中华人民共和国政府采购法》等有关规定，现对中联部办公区东门修缮项目进行其他招标，欢迎合格的供应商前来投标。 项目名称：中联部办公区东门修缮项目项目编号：ZCBJ-26ZBDLHS-ZB0411项目联系方式：项目联系人：伍小洒、王赛男、闫红项目联系电话：15801438859 采购单位联系方式：采购单位：中共中央对外联络部机关服务中心采购单位地址：北京市海淀区复兴路4号采购单位联系方式：/ 代理机构联系方式：代理机构：北京中诚正信工程咨询有限公司代理机构联系人：伍小洒、王赛男、闫红，15801438859代理机构地址： 北京市海淀区马甸东路17号15层1518 一、采购项目内容（一）、项目概况1、项目名称：中联部办公区东门修缮项目    2、项目地点：北京市海淀区复兴路4号。3、控制价金额（参选最高限价）：334112.18元。4、工期：40日历天。5、施工范围：中联部办公区东门修缮招标工程量清单范围内全部施工内容。（二）、遴选申请人资格要求中联部办公区东门修缮项目的遴选申请人资格能力要求：1、遴选申请人必须具备建设行政主管部门核发的建筑工程施工总承包三级[新]及以上资质，并在人员、设备、资金等方面具备相应的施工能力，其中，申请人拟派项目经理须具备建筑工程专业 注册建造师二级 （含以上级）注册建造师执业资格，具备有效的安全生产考核合格证书（B本），且在确定中选人时不得担任其他在施建设工程的项目经理；2、具备有效的《安全生产许可证》；3、具有依法缴纳税收和社会保障资金的良好记录；4、为本项目提供整体设计、规范编制或者项目管理、监理、检测等服务的遴选申请人，不得再参加该采购项目的其他采购活动；5、近三年（2023年08月26日至遴选响应文件递交截止日止）内在经营活动中具有良好信誉，没有处于被责令停业、招投标资格被取消、财产被接管、冻结、破产状态；6、近三年（2023年08月26日至遴选响应文件递交截止日止）内没有骗取中标及严重违约的问题；7、单位负责人为同一人或者存在直接控股、管理关系的不同遴选申请人，不得同时参加本项目的遴选活动；8、通过“信用中国”网站（www.creditchina.gov.cn）查询，遴选申请人未被列入失信被执行人、重大税收违法案件当事人名单；9、通过“中国政府采购网”网站（https://www.ccgp.gov.cn）查询，遴选申请人未被列入政府采购严重违法失信行为记录名单；10、本项目专门面向中小企业采购，仅允许符合中小企业政策的遴选申请人参加；11、法律、行政法规规定的其他条件；12、本项目不接受联合体遴选。13、未向本项目遴选代理机构获取遴选文件并登记的遴选申请人没有资格参与本项目遴选。（三）、遴选文件的获取获取时间：2026年9月9日09时00分到2026年9月11日16时00分（法定节假日除外）获取方式及地点：现场领取遴选文件（请于2026年9月9 日到2026年9月11日，每日上午9时00分至11时30分，下午13时00分至16时00分（法定节假日除外），在北京市海淀区马甸东路17号15层1518（详细地址）持以下资料领取遴选文件(法定代表人身份证明文件原件或法定代表人授权委托书原件需加盖遴选申请人公章，委托书还需法定代表人签字或盖章)： 遴选申请人法定代表人身份证明文件原件及其身份证原件和加遴选申请人公章的身份证复印件（适用于法定代表人现场获取遴选文件，法定代表人身份证明文件需注明领取某某项目遴选文件），或法定代表人授权委托书原件及被委托人的身份证原件及加盖遴选申请人公章的身份证复印件（适用于委托代理人现场获取遴选文件，授权委托书需注明委托事宜：领取某某项目遴选文件）；（2） 遴选申请人法人营业执照正本或副本（复印件加盖遴选申请人公章）；特别说明：已办理“三证合一”或“五证合一”的遴选申请人提供变更后的证照。遴选文件每套售价300元，售后不退，不接受邮寄。（四）、遴选响应文件的递交递交截止时间： 2026年9月17日9时00分递交方式：现场递交递交地点：北京市海淀区复兴路乙四号院老旧小区办公室（由西门进入）（五）、开选时间及地点开选时间：2026年9月17日9时00分开选地点：北京市海淀区复兴路乙四号院老旧小区办公室（由西门进入） 二、开标时间：2026年09月17日 09:00 三、其它补充事宜/ 四、预算金额：预算金额：33.411218 万元（人民币）,工程建设,2026-09-17 09:00,中国政府采购网,,33.411218,table,,,,,,,,,,,
2026年铁道战备舟桥处舟桥一区训练基地维修改造项目中标候选人公示,其他公告,SDJZJSZX-202631,2026年09月08日 16:25,齐河县,铁道战备舟桥处,德州市齐河县齐晏大街649号,王先生、18253470020,山东聚智技术咨询有限公司,山东省济南市长清区崮云湖街道海棠路8588创新谷西城软件园,吴女士、18605348031,吴女士,18605348031,附件.rar,"[{""attach_name"": ""附件.rar"", ""attach_url"": ""https://download.ccgp.gov.cn/oss/download?uuid=1C7AB881834D7DFF5F190EE7F69696""}]",https://www.ccgp.gov.cn/cggg/zygg/qtgg/202609/t20260908_27287746.htm,2026-09-10 10:08:24,一、项目基本情况 采购项目编号：SDJZJSZX-202631 采购项目名称：2026年铁道战备舟桥处舟桥一区训练基地维修改造项目 二、项目废标/流标的原因 无 三、其他补充事宜 评标情况：第一中标候选人：济南铁路房产建设集团有限公司，得分：95.53投标报价：4910521.40元；质量标准：合格；工期：4个月资质等级：建筑工程施工总承包贰级项目经理：朱军 一级建造师注册证书 鲁1372011201300228第二中标候选人：中铁四局集团第七工程有限公司，得分：93.94投标报价：4914299.53元；质量标准：合格；工期：4个月资质等级：建筑工程施工总承包壹级项目经理：孙德弘 一级建造师注册证书 鲁1342023202401706第三中标候选人：中铁建工集团有限公司，得分：93.82投标报价：4898235.03元；质量标准：合格；工期：4个月资质等级：建筑工程施工总承包特级项目经理：刘学柱 一级建造师注册证书 京1112011201426640否决投标情况：无公示期限：2026年09月08日至2026年09月11日提出异议的渠道和方式：投标人或者其他利害关系人对本项目评标结果有异议的，应在中标候选人公示期内以书面形式向招标人或招标代理机构提出，逾期或未按照要求提交的异议材料将不予受理。 四、凡对本次公告内容提出询问，请按以下方式联系。 1.采购人信息 名 称：铁道战备舟桥处 地址：德州市齐河县齐晏大街649号 联系方式：王先生、18253470020 2.采购代理机构信息 名 称：山东聚智技术咨询有限公司 地 址：山东省济南市长清区崮云湖街道海棠路8588创新谷西城软件园 联系方式：吴女士、18605348031 3.项目联系方式 项目联系人：吴女士 电 话： 18605348031,工程建设,,中国政府采购网,,,default,二、项目废标/流标的原因,,,,,,,,,,
国家税务总局成都市金牛区税务局非执法类税收辅助服务采购项目废标公告,流标公告,ZHRSZB-2026-076T,2026年09月08日 16:22,成都市,国家税务总局成都市金牛区税务局,成都市金牛区沙湾路69号,袁老师；028-87700785,四川众合融晟招标咨询有限公司,成都市武侯区黉门街36号正成商翼5楼510室,申女士；028-83399269,申女士,028-83399269,,,https://www.ccgp.gov.cn/cggg/zygg/qtgg/202609/t20260908_27287699.htm,2026-09-10 10:08:24,一、项目基本情况 采购项目编号：ZHRSZB-2026-076T 采购项目名称：国家税务总局成都市金牛区税务局非执法类税收辅助服务采购项目 二、项目废标/流标的原因 本项目递交投标文件单位不足三家，故废标。 三、其他补充事宜 无 四、凡对本次公告内容提出询问，请按以下方式联系。 1.采购人信息 名 称：国家税务总局成都市金牛区税务局 地址：成都市金牛区沙湾路69号 联系方式：袁老师；028-87700785 2.采购代理机构信息 名 称：四川众合融晟招标咨询有限公司 地 址：成都市武侯区黉门街36号正成商翼5楼510室 联系方式：申女士；028-83399269 3.项目联系方式 项目联系人：申女士 电 话： 028-83399269,公共安全,,中国政府采购网,,,default,二、项目废标/流标的原因,,,,,,,,,,
丹东边境管理支队边海防基础设施维护改造采购项目比价公告,其他公告,2026-HQBZC-006,2026年09月08日 16:20,振兴区,丹东边境管理支队,丹东市振兴区中心北路1号,于警官、杜警官   0415-4144699,详见公告正文,详见公告正文,详见公告正文,于警官、杜警官,0415-4144699,,,https://www.ccgp.gov.cn/cggg/zygg/qtgg/202609/t20260908_27288457.htm,2026-09-10 10:08:25,根据《中华人民共和国政府采购法》等有关规定，现对丹东边境管理支队边海防基础设施维护改造采购项目进行其他招标，欢迎合格的供应商前来投标。 项目名称：丹东边境管理支队边海防基础设施维护改造采购项目项目编号：2026-HQBZC-006项目联系方式：项目联系人：于警官、杜警官项目联系电话：0415-4144699 采购单位联系方式：采购单位：丹东边境管理支队采购单位地址：丹东市振兴区中心北路1号采购单位联系方式：于警官、杜警官 0415-4144699  一、采购项目内容（一）、项目基本情况项目编号：2026-HQBZC-006项目名称：丹东边境管理支队边海防基础设施维护改造采购项目采购方式：比价预算金额：10.916766万元（人民币）最高限价（如有）：10.231122 万元（人民币）采购需求：本工程是对14处边海防基础设施继进行维护改造。合同履行期限：自签订合同之日起45日历天内完工。本项目( 不接受  )联合体投标。（二）、申请人的资格要求：1.满足《中华人民共和国政府采购法》第二十二条规定；2.落实政府采购政策需满足的资格要求：无3.本项目的特定资格要求：供应商应具备国家行政主管部门认定有效期内的建筑工程施工总承包三级（含）以上资质或建筑装修装饰工程专业承包二级（含）以上资质，具有有效的安全生产许可证（三）、获取采购文件时间：2026年09月09日 至 2026年09月11日，每天上午8:30至11:30，下午13:30至16:30。（北京时间，法定节假日除外）地点：辽宁省丹东市振兴区中心北路1号（丹东边境管理支队）方式：现场领取或邮箱报名售价：￥0.0 元（人民币）（四）、响应文件提交截止时间：2026年09月18日 10点00分（北京时间）地点：辽宁省丹东市振兴区中心北路1号（丹东边境管理支队）（五）、开启时间：2026年09月18日 10点00分（北京时间）地点：辽宁省丹东市振兴区中心北路1号（丹东边境管理支队）（六）、公告期限自本公告发布之日起3个工作日。（七）、其他补充事宜1.本项目非政府采购项目，按采购人内控管理制度执行。2.监督举报电话：支队纪检监督电话：0415-4144991转308  总站纪检监督电话：024-86501111转7203、72083.领取采购文件方式：3.1现场领取：提供法人或者其他组织的营业执照等主体证明文件。3.2邮箱报名：需在上述期间内将单位信息发送至ddzdcgb@163.com。要求如下：（1）邮件主题为所投“项目名称+报名单位”，邮件中提供供应商单位名称、联系人、联系电话。（2）提供法人或者其他组织的营业执照等主体证明文件。以上报名信息未按上述要求提供或提供不全的，视为报名不成功，采购人有权不接收响应文件。（八）、凡对本次采购提出询问，请按以下方式联系。1.采购人信息名 称：丹东边境管理支队 地址：丹东市振兴区中心北路1号 联系方式：于警官、杜警官 2.项目联系方式项目联系人：于警官、杜警官电 话：0415-4144699 二、开标时间：2026年09月18日 10:00 三、其它补充事宜无 四、预算金额：预算金额：10.916766 万元（人民币）,工程建设,2026-09-18 10:00,中国政府采购网,比价,10.916766,table,,,,,,,,,,,
2026年金蝶订阅服务采购单一来源采购征集意见公示,其他公告,,2026年09月08日 16:19,北京市,成都印钞有限公司,不详,不详,中国印钞造币集团有限公司,不详,13260271761,张先生,028-82757102,,,https://www.ccgp.gov.cn/cggg/zygg/qtgg/202609/t20260908_27287773.htm,2026-09-10 10:08:26,"一、项目信息 采购人：成都印钞有限公司 项目名称：2026年金蝶订阅服务采购 拟采购的货物或服务的说明：采购金蝶星瀚系统订阅服务，用以满足正常使用金蝶星瀚系统。 拟采购的货物或服务的预算金额：70万元（含税） 采用单一来源采购方式的原因及说明：        中钞长城贵金属有限公司目前使用的管理信息系统为金蝶.星瀚V7.0.1，主要用于财务业务（报销、应收应付、银企等模块）、供应链管理等，金蝶软件（中国）有限公司拥有金蝶云星瀚系统的全部知识产权及软件著作权。 为保障管理信息系统业务持续性、数据安全性和一致性，确保金蝶云星瀚系统持续、稳定地使用，只有金蝶软件（中国）有限公司提供的金蝶云星瀚系统订阅服务能满足本项目采购需求。 本次采购项目符合《中国印钞造币集团有限公司集中采购管理办法》7.11.1条款单一来源采购适用范围“必须保证原有采购项目一致性或者服务配套的要求，需要再次向原供应商采购的”情形，拟采用单一来源采购方式，从金蝶软件（中国）有限公司采购处进行采购。 二、拟定供应商信息 名称：金蝶软件（中国）有限公司 地址：深圳市南山区科技园科技南十二路2号金蝶软件园A座1-8层 三、公示期限 2026年9月8日至2026年9月15日（公示期限不得少于5个工作日） 四、其他补充事宜： 无 五、联系方式 联 系 人：张先生 联系地址：四川省成都市温江区黄金路189号 联系电话：028-82757102 六、附件 专业人员论证意见 a {color: #337ab7;text-decoration: none;transition: 0.5 s;background-color: transparent; a:focus,a:hover {text-decoration: none;color: #23527c;} a:focus {outline: 5px auto -webkit-focus-ring-color;outline-offset: -2px;} a:active, a:hover {outline: 0;} 相关附件： 单一来源采购方式专业人员论证意见.pdf",信息技术,,中国政府采购网,,70.0,content,,,,,,,,,,,
关于了翁社区消防站改造工程邀请比选的供应商征集公告,其他公告,ZJ2026055,2026年09月08日 16:18,蒲江县,蒲江县消防救援大队,蒲江县鹤山街道工业南路4号,邓老师  028-88522119,四川鑫沅招标代理有限公司,成都市武侯区武科西一路65号B座201号,王女士028-87765239或87766602转8803,王女士,028-87765239,附件.docx,"[{""attach_name"": ""附件.docx"", ""attach_url"": ""https://download.ccgp.gov.cn/oss/download?uuid=B20E1FF6DABD11471F5B2D267E8ACF""}]",https://www.ccgp.gov.cn/cggg/zygg/qtgg/202609/t20260908_27287574.htm,2026-09-10 10:08:26,四川鑫沅招标代理有限公司受蒲江县消防救援大队 委托，根据《中华人民共和国政府采购法》等有关规定，现对了翁社区消防站改造工程进行其他招标，欢迎合格的供应商前来投标。 项目名称：了翁社区消防站改造工程项目编号：ZJ2026055项目联系方式：项目联系人：王女士项目联系电话：028-87765239或87766602转8803 采购单位联系方式：采购单位：蒲江县消防救援大队采购单位地址：蒲江县鹤山街道工业南路4号采购单位联系方式：邓老师 028-88522119 代理机构联系方式：代理机构：四川鑫沅招标代理有限公司代理机构联系人：王女士028-87765239或87766602转8803代理机构地址： 成都市武侯区武科西一路65号B座201号 一、采购项目内容 项目名称 了翁社区消防站改造工程 方式 邀请比选 行政区划 成都市蒲江县 采购人 蒲江县消防救援大队 比选代理机构名称 四川鑫沅招标代理有限公司 项目简介 蒲江县消防救援大队拟采购一家供应商为大队提供了翁社区消防站进行改造，总限价为：18.6万元；现征集自愿参加本项目比选邀请的供应商，供应商须按照要求递交自荐材料。 比选供应商应当具备的资格条件 1.具有独立承担民事责任的能力； 2.具有良好的商业信誉和健全的财务会计制度； 3.具有履行合同所必需的设备和专业技术能力； 4.有依法缴纳税收和社会保障资金的良好记录； 5.参加采购活动前三年内，在经营活动中没有重大违法记录； 6.本项目不接受联合体参与。 7.本项目的特定资格要求： (1)比选申请人具有建设行政主管部门核发且有效的建筑装修装饰工程专业承包二级及以上资质证书或建筑工程施工总承包二级及以上资质证书； (2)比选申请人具有有效的《安全生产许可证》。 征集方式 1.递交材料包括：①公司简介；②符合自荐资格条件的证明材料；③具有类似项目成功案例(提供相关合同/协议书复印件并加盖比选供应商公章)。 2.递交方式采用邮箱递交：scxyzb2017@163.com。 递交自荐文件时间 2026年9月9日至2026年9月10日09时00分--17时00分(国家法定节假日除外)。 采购人地址 名    称：蒲江县消防救援大队 地    址：蒲江县鹤山街道工业南路4号 联 系 人：邓老师 联系方式：028-88522119 比选代理机构地址 地    址：成都市武侯区武科西一路65号B座201号 联 系 人：王女士 联系电话：028-87765239或87766602转8803 电子邮件：scxyzb2017@163.com   二、开标时间：2026年09月10日 17:00 三、其它补充事宜因系统固化，本公告页面开标时间为递交自荐文件截止时间。 四、预算金额：预算金额：18.600000 万元（人民币）,公共安全,,中国政府采购网,,18.6,table,,,,,,,,,,,
海南税务2026年区块链国有土地使用权出让收入场景优化升级、金四多云运维管理平台及金税三期系统等运行维护项目结果公告（采购包1）,其他公告,HNZC2026-039-004,2026年09月08日 16:17,海南省,国家税务总局海南省税务局,海南省海口市龙昆北路10号,王女士 0898-66770981,海南政采招投标有限公司,海口市国贸路49号中衡大厦13楼A座,郑辉琪 0898-68501635/13698927983,郑辉琪,0898-68501635,,,https://www.ccgp.gov.cn/cggg/zygg/qtgg/202609/t20260908_27287558.htm,2026-09-10 10:08:27,一、项目基本情况 采购项目编号：HNZC2026-039-004 采购项目名称：海南税务2026年区块链国有土地使用权出让收入场景优化升级、金四多云运维管理平台及金税三期系统等运行维护项目 二、项目废标/流标的原因 神州数码信息系统有限公司提供的相关人员社保缴纳证明材料所体现的人员社保缴纳单位与投标人单位名称不一致，且投标文件中未提供实施人员为实施单位的正式人员的证明材料，不满足技术和服务要求中“2.1.3★信息化服务实施人员要求：本项目涉及信息化服务实施人员的，实施人员应当是实施单位的正式人员，或者是与实施单位签订1年以上劳动合同且实际工作满1年的人员”的实质性要求。本标包对招标文件作实质响应的供应商不足法定数量，作废标处理。 三、其他补充事宜 无 四、凡对本次公告内容提出询问，请按以下方式联系。 1.采购人信息 名 称：国家税务总局海南省税务局 地址：海南省海口市龙昆北路10号 联系方式：王女士 0898-66770981 2.采购代理机构信息 名 称：海南政采招投标有限公司 地 址：海口市国贸路49号中衡大厦13楼A座 联系方式：郑辉琪 0898-68501635/13698927983 3.项目联系方式 项目联系人：郑辉琪 电 话： 0898-68501635/13698927983,信息技术,,中国政府采购网,,,default,二、项目废标/流标的原因,,,,,,,,,,
四川省成都市青白江区消防救援大队2026年度人身意外险采购项目废标公告,流标公告,SCSWZB-CD202610236,2026年09月08日 16:16,成都市,成都市青白江区消防救援大队,青白江区复兴大道766号消防救援大队,肖老师 028-83665081,四川顺为招标代理有限公司,成都市武侯区武科西一路3号2栋1单元5层,宋老师 19180456384,宋老师,19180456384,（磋商）成都市青白江区消防救援大队2026年度人身意外险采购项目.pdf,"[{""attach_name"": ""（磋商）成都市青白江区消防救援大队2026年度人身意外险采购项目.pdf"", ""attach_url"": ""https://download.ccgp.gov.cn/oss/download?uuid=4C7008EEA4AA61D1F840253A8DBD6B""}]",https://www.ccgp.gov.cn/cggg/zygg/qtgg/202609/t20260908_27287543.htm,2026-09-10 10:08:28,一、项目基本情况 采购项目编号：SCSWZB-CD202610236 采购项目名称：成都市青白江区消防救援大队2026年度人身意外险采购项目 二、项目废标/流标的原因 因通过资格性审查的供应商不足3家，故本项目废标。 三、其他补充事宜 无 四、凡对本次公告内容提出询问，请按以下方式联系。 1.采购人信息 名 称：成都市青白江区消防救援大队 地址：青白江区复兴大道766号消防救援大队 联系方式：肖老师 028-83665081 2.采购代理机构信息 名 称：四川顺为招标代理有限公司 地 址：成都市武侯区武科西一路3号2栋1单元5层 联系方式：宋老师 19180456384 3.项目联系方式 项目联系人：宋老师 电 话： 19180456384,公共安全,,中国政府采购网,,,default,二、项目废标/流标的原因,,,,,,,,,,
中央音乐学院2026年房屋公开招租项目,其他公告,/,2026年09月08日 16:10,北京市,中央音乐学院,北京市西城区鲍家街43号,齐老师010-81168098   18697131273,/,/,/,齐老师,010-8116809818697131273,招租公告.pdf,"[{""attach_name"": ""招租公告.pdf"", ""attach_url"": ""https://download.ccgp.gov.cn/oss/download?uuid=684DF68F39036390925FB757130A43""}]",https://www.ccgp.gov.cn/cggg/zygg/qtgg/202609/t20260908_27287377.htm,2026-09-10 10:08:28,"/受中央音乐学院 委托，根据《中华人民共和国政府采购法》等有关规定，现对中央音乐学院2026年房屋公开招租项目进行其他招标，欢迎合格的供应商前来投标。 项目名称：中央音乐学院2026年房屋公开招租项目项目编号：/项目联系方式：项目联系人：齐老师项目联系电话：010-81168098 18697131273 采购单位联系方式：采购单位：中央音乐学院采购单位地址：北京市西城区鲍家街43号采购单位联系方式：齐老师010-81168098 18697131273 代理机构联系方式：代理机构：/代理机构联系人：/代理机构地址： / 一、采购项目内容一、项目名称：中央音乐学院2026年房屋公开招租项目二、招租范围： 包号 分包名称 各分包招租价 简要技术需求或服务要求 01 复印店 157,680.00元/年（7.2元/平方米/天*60平方米*365天） 473,040.00元/3年 位置：北京市西城区鲍家街43号，建筑面积：60㎡。 用途：商用（复印店）。 02 办公楼书店 181,566.70元/年（5.35元/平方米/天*92.98平方米*365天） 544,700.1元/3年 位置：北京市西城区鲍家街43号，建筑面积：92.98㎡。 用途：商用（书店）。 03 琴房楼一层房屋 137,216.64元/年（5.34元/平方米/天*70.4平方米*365天） 411,649.92元/3年 位置：北京市西城区鲍家街43号，建筑面积：70.4㎡。 用途：商用（办公）。 04 筒一楼301-306 148,336.00元/年（4元/平方米/天*101.6平方米*365天） 445,008.00元/3年 位置：北京市西城区鲍家街43号，建筑面积：101.6㎡。 用途：商用（办公）。  备注：1.本项目无需承租人报价，以上价格为最终合同签约价。2.本项目共设4个分包，各分包实行兼投兼中规则。（承租人如参与多包，可合并编制响应文件，根据所参与包号的响应内容做好区分即可）三、承租期限：自合同生效之日起三年（具体起止时间以合同约定为准）。四、承租人资格要求（须同时满足）：1.具有独立承担民事责任的能力；2.具有良好的商业信誉和健全的财务会计制度；3.具有履行合同所必须的设备和专业技术能力；4.有依法缴纳税收和社会保障资金的良好记录；5.参加本次招租活动前三年内，在经营活动中没有重大违法记录；6.符合《财政部关于在政府采购活动中查询及使用信用记录有关问题的通知》（财库〔2016〕125号）的相关要求；7.未向招租人领取公开招租文件并登记备案的潜在承租人均无资格参加本项目；8.符合法律、法规规定的其他条件；9.本项目不接受联合体响应。五、获取公开招租文件的时间期限及方式：1.公开招租文件领取时间：2026年 9 月 8 日至2026年 9 月 11 日（法定节假日除外），每天上午9:00-12:00,下午13:00-16:00（北京时间）。2.公开招租文件领取方式：报名时须将营业执照、法定代表人委托授权书及被委托人的身份证复印件加盖公章扫描发送至fengjingan@gt.cn。采购人收到邮件后，经检查报名资料齐全的将回复并发送比选文件，报名截止后，若因邮件问题，未收到回复邮件，请电话或短信联系申请重新发送比选文件。注：①邮件正文请注明投标被授权人姓名、电话号码、身份证号码等信息（如需更换投标被授权人，请于开标前一个工作日电话联系项目负责人并将更换后的被授权人信息发送至邮箱，以作入校信息报备）；②邮件主题请标明参选人名称。六、承租文件递交截止时间：2026年 9 月 15 日上午09:30（北京时间），超过截止时间或未按公开招租文件要求密封的承租文件一律不予接收。七、承租文件的递交地点：北京市西城区鲍家街43号中央音乐学院西门办公楼二层学生处会议室。八、评审方法：综合评分法。九、本公告在中国政府采购网、中央音乐学院官网发布。 二、开标时间：2026年09月15日 09:30 三、其它补充事宜无 四、预算金额：预算金额：0.000000 万元（人民币）",教育培训,,中国政府采购网,,0.0,table,,,,,,,,,,,
国家工业信息安全发展研究中心东楼地下1层配电设施设备安全改造结果公告,其他公告,TC261403L,2026年09月08日 16:00,北京市,国家工业信息安全发展研究中心,北京市石景山区鲁谷路35号,王敬宇，010-88686045,中招国际招标有限公司,北京市海淀区学院南路62号中关村资本大厦902A,王圣英、张晓辉、索宏颖、李洋、王冲，010-61954162,王圣英、张晓辉,010-61954162,,,https://www.ccgp.gov.cn/cggg/zygg/qtgg/202609/t20260908_27287164.htm,2026-09-10 10:08:29,一、项目基本情况 采购项目编号：TC261403L 采购项目名称：东楼地下1层配电设施设备安全改造 二、项目废标/流标的原因 截止到比选响应文件递交截止时间，有效供应商不足，本项目流标。 三、其他补充事宜 / 四、凡对本次公告内容提出询问，请按以下方式联系。 1.采购人信息 名 称：国家工业信息安全发展研究中心 地址：北京市石景山区鲁谷路35号 联系方式：王敬宇，010-88686045 2.采购代理机构信息 名 称：中招国际招标有限公司 地 址：北京市海淀区学院南路62号中关村资本大厦902A 联系方式：王圣英、张晓辉、索宏颖、李洋、王冲，010-61954162 3.项目联系方式 项目联系人：王圣英、张晓辉 电 话： 010-61954162,信息技术,,中国政府采购网,,,default,二、项目废标/流标的原因,,,,,,,,,,
国家粮食和物资储备局黑龙江局五二五处国家粮食和物资储备局黑龙江局525处某项目邀请施工总承包单位投标单位征集公告（二次）,其他公告,ZCBC-26026,2026年09月08日 15:57,五常市,国家粮食和物资储备局黑龙江局五二五处,黑龙江省哈尔滨市五常市山河镇奋斗路27号,郝磊 0451-53568019,中诚百信工程咨询集团有限公司,哈尔滨市群力新区金中环广场F座5层左侧玻璃门5002室,王全忠 0451-86233929,王全忠,0451-86233929,征集文件申领表-国家粮食和物资储备局黑龙江局525处某项目施工（二次）.docx,"[{""attach_name"": ""征集文件申领表-国家粮食和物资储备局黑龙江局525处某项目施工（二次）.docx"", ""attach_url"": ""https://download.ccgp.gov.cn/oss/download?uuid=6EE2806F3F532E9CE897737C1A6926""}]",https://www.ccgp.gov.cn/cggg/zygg/qtgg/202609/t20260908_27287108.htm,2026-09-10 10:08:30,中诚百信工程咨询集团有限公司受国家粮食和物资储备局黑龙江局五二五处 委托，根据《中华人民共和国政府采购法》等有关规定，现对国家粮食和物资储备局黑龙江局525处某项目施工进行其他招标，欢迎合格的供应商前来投标。 项目名称：国家粮食和物资储备局黑龙江局525处某项目施工项目编号：ZCBC-26026项目联系方式：项目联系人：王全忠项目联系电话：0451-86233929 采购单位联系方式：采购单位：国家粮食和物资储备局黑龙江局五二五处采购单位地址：黑龙江省哈尔滨市五常市山河镇奋斗路27号采购单位联系方式：郝磊 0451-53568019 代理机构联系方式：代理机构：中诚百信工程咨询集团有限公司代理机构联系人：王全忠 0451-86233929代理机构地址： 哈尔滨市群力新区金中环广场F座5层左侧玻璃门5002室 一、采购项目内容国家粮食和物资储备局黑龙江局525处某项目邀请施工总承包单位投标单位征集公告（二次）项目编号：ZCBC-260261．征集条件本项目国家粮食和物资储备局黑龙江局525处某项目已由国家有关部门批准建设，项目业主为国家粮食和物资储备局黑龙江局五二五处，征集代理机构为中诚百信工程咨询集团有限公司，建设资金来自财政资金，项目出资比例为100％，征集人为国家粮食和物资储备局黑龙江局五二五处。项目已具备征集条件，现对该项目的邀请施工总承包投标单位进行公开征集。2．项目概况与征集范围2.1 项目名称：国家粮食和物资储备局黑龙江局525处某项目施工2.2 建设地点：黑龙江省哈尔滨市五常市2.3 项目概况与建设规模：主要建设内容为洞库防水、防潮改造，新建警消楼、车库、充电间、围墙等，改造消防及给排水、暖通、供配电系统、道路、围墙等，升级安全防范系统、信息系统等。（具体以上级批复为准）。2.4 本次征集项目工程总投资额：约3800万元（以上级批复为准）。2.5招标范围：本项目的所有建安工程，具体范围以施工图及工程量清单内容为准(包括不仅限于：全部施工内容至工程竣工验收、试运行、缺项修复、确保工程移交直至工程保修期结束的全程承包）。2.6 计划工期：自合同签订之日起至项目竣工验收完成，直至完成项目竣工验收备案等合同内所有内容止（具体开、竣工时间以合同签订时间为准）。2.7质量要求：工程质量符合国家和行业、地方颁布的工程施工质量验收等规范和标准，达到工程质量符合国家和行业、地方颁布的工程施工质量验收等规范和标准，达到合格标准。2.8标段划分：本项目施工总承包划分为一个标段。3．申请人资格要求3.1资格条件：应为中华人民共和国境内注册的独立法人，无境外（含港澳台地区）控股或者直接投资，市场监督管理部门核发的在有效期内的企业法人营业执照，并具有独立承担民事责任的能力。3.2资质条件：需具备建设行政主管部门颁发的建筑工程施工总承包二级（或乙级）及其以上资质，具备有效的安全生产许可证，并满足项目所在地建设主管部门的相关规定。3.3财务要求：提供近3年（2023、2024、2025年）或成立至今经会计师事务所或审计机构出具的合法有效的财务审计报告及财务报表等，财务报表须至少包括现金流量表、资产负债表、利润表，要求年度财务状况不亏损；如投标人在2026年1月1日后成立的，只提供成立之日至今的财务状况良好承诺即可；应具有依法缴纳税收和社会保障资金的良好记录等，并提供相应的承诺函。（如投标人存在被法院强制执行案件情况，需承诺采取措施确保建设资金安全）。3.4业绩要求：以工业建筑施工总承包业绩为准，2020年1月1日起至投标截止日止（以合同签订时间为准，如合同签订时间较早，但验收时间为2022年1月1日至今的业绩，仍为有效业绩。）公司承接过总建筑面积在1万平方米以上或合同金额在2500万元以上的工业建筑项目（合同额与业绩规模满足其一即可，需要出示中标通知书、竣工验收证明书、合同盖章页等纸质证明）。3.5信誉要求：3.5.1在“信用中国”网站(www.creditchina.gov.cn)查询：投标人没有被列为严重失信主体或被中国执行信息公开网（https://zxgk.court.gov.cn/）为失信被执行人（须提供网站查询截图及信用信息报告）；投标人应承诺现阶段不存在或拖欠农民工工资及工程款的情形（提供承诺书，格式自拟）。3.5.2在“中国裁判文书网”网站(https://wenshu.court.gov.cn)查询：投标人及其法定代表人、拟委任的项目经理近三年（2023年至今）无行贿犯罪记录(须提供网站查询结果)。3.5.3在投标截止日前3年内，不存在因违反有关工程建设的法律、法规、规章或强制性标准和执业行为规范，被县级以上建设行政主管部门或其委托的执法监督机构查实和行政处罚，在全国建筑市场监管公共服务平台及该平台关联的各项目所在地省级一体化平台上登记的不良行为记录不超过三条以上的（不含三条，不重复计列）(须提供网站查询结果)。3.6涉密工程管理要求（须提供加盖公章及法定代表人或授权委托人签字或盖章的书面承诺书，格式自拟）：3.6.1中华人民共和国境内（港澳台地区除外）依法成立1年以上的法人，国家另有规定的从其规定；3.6.2无违法犯罪记录，近1年内未发生泄密案件；3.6.3拟承担涉密工程施工工作的人员具有中华人民共和国国籍，国家另有规定的从其规定；3.6.4保密制度完善，有专门的机构或者人员负责保密工作；3.6.5具备符合国家保密规定和标准的场所、设施、设备等条件;3.6.6具有从事涉密业务的专业能力；3.6.7保密法律法规和国家保密规定要求的其他条件。3.7项目经理资格：建筑工程专业一级建造师（关于一级建造师电子注册证书具体要求按照《住房和城乡建设部办公厅关于全面实行一级建造师电子注册证书的通知》建办市〔2021〕40号文件执行），具备有效的安全生产考核合格证书（B类），不得兼任其他在建项目，2020年1月1日起至投标截止日止（以合同签订时间为准，如合同签订时间较早，但验收时间为2022年1月1日至今的业绩，仍为有效业绩。）担任过至少一项类似项目的项目经理。类似项目指：建筑面积在1万平方米以上或合同金额在2500万元以上的工业建筑项目（合同额与业绩规模满足其一即可，需要出示中标通知书、竣工验收证明书、合同盖章页等纸质证明）。3.8项目管理机构人员配备要求：3.8.1参照《黑龙江省房屋建筑和市政基础设施工程施工现场管理人员配备管理办法》黑建规（2026〕 3号文件规定，施工现场管理人员配备不得低于本办法规定数量，同时应当满足建设规模、施工进度、投标承诺以及相关文件等要求。投标时需填报项目管理人员配置表，投标人也可以根据项目管理需要增加岗位及人员，项目技术负责人（1人）、专职安全生产管理人员（2人）、施工员（2人）、质量管理人员（2人）（在前款所述基础上，施工活动涉及建筑起重机械的，应当至少增加1名机械类专职安全生产管理人员）。注：技术负责人具有工程类高级及以上技术职称；安全生产负责人具有建设行政主管部门颁发的有效的安全生产考核合格C证，并具有工程类中级及以上技术职称。 3.8.2所有项目管理机构组成人员均应为本单位在职人员，须提供有效的资格证书、职称证、身份证、及投标人为其缴纳的连续养老保险证明材料，期限须包含2025年8月至2026年7月。3.8.3项目管理机构成员不允许有已到法定年龄退休人员，包括退休返聘人员。3.9 其他要求：3.9.1与征集人存在隶属关系可能影响征集公正性的法人、其他组织或者个人，不得参加本次征集。单位负责人为同一人或者存在控股、管理关系的不同单位，不得同时参加本次征集活动（须提供加盖公章及法定代表人或授权委托人签字或盖章的书面承诺书，格式自拟）。3.9.2本项目不接受联合体，须提供非联合体声明承诺书（须提供加盖公章及法定代表人或授权委托人签字或盖章的书面承诺书，格式自拟）。3.9.3投标单位需提供承诺，承诺满足本项目《征集公告》中“3．申请人资格要求”的全部要求。（须提供加盖公章及法定代表人或授权委托人签字或盖章的书面承诺书，格式自拟）4．征集文件的获取4.1 社会公众可通过中国招标投标公共服务平台或黑龙江省公共资源要素交易服务平台或中国政府采购网申领征集文件；拟参与本项目的潜在投标人须在征集起止时间内申领征集文件。4.2征集起止时间要求：请投标人于2026年09月 09 日8时30分至2026年09月 15 日17时00分（北京时间，下同，法定节假日除外，以征集代理机构电子邮箱收到电子邮件时间为准），下载填报征集公告附件中的《征集文件申领表》后发送至征集代理机构电子邮箱 zcbx2023@163.com申领征集文件。。4.3 与招标相关的补遗书、澄清函、通知等发布在中国招标投标公共服务平台或黑龙江省公共资源要素交易服务平台或中国政府采购网，请随时关注，征集人不再另行通知。4.4征集文件售价：0元/份，售后不退。5．征集响应文件的递交及相关事宜5.1招标人将不组织进行现场踏勘和召开投标预备会。投标人如有疑问，应将疑问函件的电子文件（word版和带公章的扫描版）发送至电子邮箱 zcbx2023@163.com，并电话告知征集代理机构。5.2递交方式:电子版采用邮箱递交，纸制材料采用邮寄或者现场递交(具体详见征集文件)。5.3开启时间（征集响应文件递交截止时间）：2026年09月16日9时00分。5.4 开启地点：哈尔滨市群力新区金中环广场F座5层左侧玻璃门5002室（中诚百信工程咨询集团有限公司）。6．发布公告的媒介中国招标投标公共服务平台（http://www.cebpubservice.com/）、黑龙江省公共资源要素交易服务平台（https://ggzyjyw.hlj.gov.cn/xe/）、中国政府采购网（https://www.ccgp.gov.cn/）。7．评标方法及评审委员会的组建本次征集采用资格审查合格制，由专家评审委员会对各投标人的资格进行审核，最终由征集人在合格的申请人中研究确定拟邀请投标单位，参与后期项目招投标。对于未被邀请的投标单位，征集人不再做任何解释说明。评审委员会构成：5人，其中招标人代表1人，专家4人。专家确定方式：专家库中随机抽取。7．监管单位监督人：国家粮食和物资储备局黑龙江局地  址：黑龙江省哈尔滨市道里区抚顺街9号邮  编：150000电  话： 0451-876236298．联系方式征 集 人：国家粮食和物资储备局黑龙江局五二五处地  址：黑龙江省哈尔滨市五常市山河镇奋斗路27号邮  编：150232联 系 人：郝磊 （五二五处）电  话： 0451-53568019征集代理机构：中诚百信工程咨询集团有限公司地  址：哈尔滨市群力新区金中环广场F座5层左侧玻璃门5002室邮政编码：150000联 系 人：王全忠联系电话：0451-86233929 二、开标时间：2026年09月16日 09:00 三、其它补充事宜/ 四、预算金额：预算金额：0.000000 万元（人民币）,工程建设,,中国政府采购网,,0.0,table,,,,,,,,,,,
阿勒泰海关塔克什肯口岸基础设施修缮项目废标公告,流标公告,shylc-2690-048,2026年09月08日 15:56,阿勒泰市,中华人民共和国阿勒泰海关,阿勒泰市银水路11号,0906-2312800（工作业务电话）,上海屹骊管理咨询有限公司,0991-3336560（工作业务电话）,吴坤 李雪 刘硕 蔡紫薇,吴坤,0991-3336560,,,https://www.ccgp.gov.cn/cggg/zygg/qtgg/202609/t20260908_27287120.htm,2026-09-10 10:08:30,一、项目基本情况 采购项目编号：shylc-2690-048 采购项目名称：阿勒泰海关塔克什肯口岸基础设施修缮项目 二、项目废标/流标的原因 有效供应商不足三家 三、其他补充事宜 / 四、凡对本次公告内容提出询问，请按以下方式联系。 1.采购人信息 名 称：中华人民共和国阿勒泰海关 地址：阿勒泰市银水路11号 联系方式：0906-2312800（工作业务电话） 2.采购代理机构信息 名 称：上海屹骊管理咨询有限公司 地 址：0991-3336560（工作业务电话） 联系方式：吴坤 李雪 刘硕 蔡紫薇 3.项目联系方式 项目联系人：吴坤 李雪 刘硕 蔡紫薇 电 话： 0991-3336560（工作业务电话）,工程建设,,中国政府采购网,,,default,二、项目废标/流标的原因,,,,,,,,,,
中国传媒大学游泳馆承包经营管理项目（三次）比选公告,其他公告,,2026年09月08日 15:53,北京市,中国传媒大学,北京市朝阳区定福庄东街一号,刘老师 010-65783922,北京明德致信咨询有限公司,北京市海淀区学院路30号科大天工大厦B座1709室,王蕾蕾、赵文宇、吕绍山、周洁琼、王爽、王希、孙恺宁010－61196170 wll@zbbmcc.com,王蕾蕾、赵文宇、吕绍山、周洁琼,（010）82370045,1166比选公告.docx,"[{""attach_name"": ""1166比选公告.docx"", ""attach_url"": ""https://download.ccgp.gov.cn/oss/download?uuid=4E2EE914E41B5378F9CB1D33F5E443""}]",https://www.ccgp.gov.cn/cggg/zygg/qtgg/202609/t20260908_27287037.htm,2026-09-10 10:08:31,"北京明德致信咨询有限公司受中国传媒大学 委托，根据《中华人民共和国政府采购法》等有关规定，现对中国传媒大学游泳馆承包经营管理项目（三次）进行其他招标，欢迎合格的供应商前来投标。 项目名称：中国传媒大学游泳馆承包经营管理项目（三次）项目编号：中国传媒大学游泳馆承包经营管理项目（三次）项目联系方式：项目联系人：王蕾蕾、赵文宇、吕绍山、周洁琼、王爽、王希、孙恺宁项目联系电话：010－61196170 采购单位联系方式：采购单位：中国传媒大学采购单位地址：北京市朝阳区定福庄东街一号采购单位联系方式：刘老师 010-65783922 代理机构联系方式：代理机构：北京明德致信咨询有限公司代理机构联系人：王蕾蕾、赵文宇、吕绍山、周洁琼、王爽、王希、孙恺宁010－61196170 wll@zbbmcc.com代理机构地址： 北京市海淀区学院路30号科大天工大厦B座1709室 一、采购项目内容一、项目基本情况项目编号：中传招标【2026】第057号/BMCC-ZC26-1166项目名称：中国传媒大学游泳馆承包经营管理项目（三次）项目需求：中国传媒大学游泳馆建成于2016年12月，建筑面积2576平方米，为50米8泳道标准泳池，配有男女更衣室和淋浴室，配套设施设备包括水处理系统、消防、监控、空调、强电、弱电等。承包经营管理期限内承包管理费总金额不低于240万元，每年不低于80万元。具体要求详见比选文件第四章。合同履行期限：承包经营管理期限为三年。二、申请人的资格要求：1.满足《中华人民共和国政府采购法》第二十二条规定；2.落实政府采购政策需满足的资格要求：参选人必须为未被列入信用中国网站(www.creditchina.gov.cn)、中国政府采购网 (www.ccgp.gov.cn)渠道信用记录失信被执行人、重大税收违法案件当事人名单、政府采购严重违法失信行为记录名单的响应人。3.本项目特定资格要求：（1）单位负责人为同一人或者存在直接控股、管理关系的不同参选人，不得同时参加同一合同项下的采购活动；为本项目提供整体设计、规范编制或者项目管理、监理、检测等服务的参选人，不得再参加本项目的其他采购活动。本项目的采购代理机构及其分支机构不得参加本项目的投标或者代理投标；（2）参选人应按招标公告的规定购买/获取比选文件；4.本项目不接受联合体响应。三、获取比选文件时间：2026年9月8日至2026年9月15日，每天上午09:00至11:30，下午13:00至17:00（北京时间，法定节假日除外）。地点：北京明德致信咨询有限公司官网（http://www.zbbmcc.com）方式：本项目接受电汇或网银购买标书（注：汇款时须备注ZC26-1166/2报名费，电汇或网银须于“获取采购文件截止时间”前到账，并于“获取采购文件截止时间”前提交报名申请，具体方式详见“其他补充事宜）售价：每包人民币500元，比选文件售后不退。四、递交参选文件截止时间、比选会时间和地点参选文件递交时间：2026年9月21日09:00-09:30（北京时间）。参选文件递交截止时间：2026年9月21日09:30（北京时间）。参选文件递交地点：北京市海淀区学院路30号科大天工大厦B座17层1706第五会议室。比选会时间和地点：同参选文件递交时间和地点。五、公告期限自本公告发布之日起3个工作日。 二、开标时间：2026年09月21日 09:30 三、其它补充事宜1.详细报名及获取招标（采购）文件方式，请完整阅读以下全部内容：（1）参选人须登录北京明德致信咨询有限公司官网（http://www.zbbmcc.com）。右上角点击“我的项目”，注册登录后点击左侧“项目报名”，找到对应项目按提示完善信息、上传报名费转账凭证，点击提交即可。工作日17点（含）前提交的申请，于当日审核；17点后提交的，下一个工作日审核。审核结果将以邮件形式通知,或在“我的投标”中查看报名状态。有关报名过程的问题，请拨打010-82370045进行咨询。有关报名信息的疑问反馈，请按报名页面最下方的提示，发送邮件反馈。比选文件售后不退，请参选人审慎购买。（2）银行账户信息，电汇购买招标（采购）文件、投标保证金及中标（成交）服务费收取的唯一账户：    汇款或转账时请务必附言“项目编号+包号+用途”，例如：ZC26-1166/2标书款或保证金。公司名称：北京明德致信咨询有限公司开 户 行：中国工商银行股份有限公司北京东升路支行账    号：0200 0062 1920 0492 968（3）招标（采购）文件的获取：电子版登录“北京明德致信咨询有限公司”官网，于“我的项目”→“我的投标”中找到已“审批通过”的项目信息，点击下载获取；如需纸质版文件，请到北京明德致信咨询有限公司前台凭审批通过截图领取。2.问题咨询联系方式的说明：（1）有关报名信息的疑问反馈，请参选人按网站报名页面最下方的提示，发送邮件反馈；（2）有关比选文件购买、中标（成交）通知书领取及服务费发票、保证金交纳及退还事宜，请联系电话：（010）8237 0045或电子邮箱FC@zbbmcc.com；（3）有关招标（采购）文件技术部分的问题咨询：因项目经理外出、开标等原因，请优先通过电子邮箱：wll@zbbmcc.com联系。3.本项目的公告仅在中国政府采购网发布。对其他网站转发本公告可能引起的信息误导、造成参选人的经济或其他损失的，比选方及代理机构不负任何责任。4.本项目评标方法和标准：综合评分法。5.参选文件请于比选会当日参选文件递交截止时间递交至比选地点，逾期恕不接受。届时请参选人派代表参加比选会。6.本项目不属于政府采购项目，不接受质疑和投诉，参选人如有疑义，请向北京明德致信咨询有限公司提出询问。具体内容详见附件下载 四、预算金额：预算金额：0.000000 万元（人民币）",教育培训,2026-09-21 09:30,中国政府采购网,,0.0,table,,,,,,,,,,,
中国福利彩票发行管理中心2026年短视频平台福彩开奖节目直播项目废标公告,流标公告,2640STC62710,2026年09月08日 15:52,北京市,中国福利彩票发行管理中心本级,北京市朝阳区北四环东路73号,李老师 010-58125705,中钢招标有限责任公司,北京市海淀区海淀大街8号中钢国际广场16层,赵锦华、邱羽翰、刘晴、刘姗姗、尹皓，联系方式详见采购公告其他补充事宜,赵锦华、邱羽翰、刘晴、刘姗姗,,,,https://www.ccgp.gov.cn/cggg/zygg/qtgg/202609/t20260908_27287043.htm,2026-09-10 10:08:32,一、项目基本情况 采购项目编号：2640STC62710 采购项目名称：2026年短视频平台福彩开奖节目直播项目 二、项目废标/流标的原因 本项目共3家投标人提交投标文件，1家投标人未通过资格审查，因通过资格审查的投标人不足3家，依法未进行评标；根据《中华人民共和国政府采购法》第三十六条第一款第（一）项的规定，本项目废标。 三、其他补充事宜 无。 四、凡对本次公告内容提出询问，请按以下方式联系。 1.采购人信息 名 称：中国福利彩票发行管理中心本级 地址：北京市朝阳区北四环东路73号 联系方式：李老师 010-58125705 2.采购代理机构信息 名 称：中钢招标有限责任公司 地 址：北京市海淀区海淀大街8号中钢国际广场16层 联系方式：赵锦华、邱羽翰、刘晴、刘姗姗、尹皓，联系方式详见采购公告其他补充事宜 3.项目联系方式 项目联系人：赵锦华、邱羽翰、刘晴、刘姗姗、尹皓 电 话： 联系方式详见采购公告其他补充事宜,其他,,中国政府采购网,,,default,二、项目废标/流标的原因,,,,,,,,,,
清华大学电镜年度维保服务采购项目废标公告,流标公告,OITC-G260571715/,2026年09月08日 15:51,北京市,清华大学,北京市海淀区清华园,010-62797699,东方国际招标有限责任公司,北京市海淀区丹棱街1号互联网金融中心20层,同项目联系方式,窦志超、曹山、乔潘,010-68290504、010-68290502、010-68290529,清采招第20260349号-招标文件-电镜年度维保服务发布稿.pdf,"[{""attach_name"": ""清采招第20260349号-招标文件-电镜年度维保服务发布稿.pdf"", ""attach_url"": ""https://download.ccgp.gov.cn/oss/download?uuid=9F332760E140EEAF0F283487539430""}]",https://www.ccgp.gov.cn/cggg/zygg/qtgg/202609/t20260908_27287010.htm,2026-09-10 10:08:33,一、项目基本情况 采购项目编号：OITC-G260571715/清采招第20260349号 采购项目名称：清华大学电镜年度维保服务采购项目 二、项目废标/流标的原因 因投标人不足3家，依法未进行开标，本项目废标。 三、其他补充事宜 无 四、凡对本次公告内容提出询问，请按以下方式联系。 1.采购人信息 名 称：清华大学 地址：北京市海淀区清华园 联系方式：010-62797699 2.采购代理机构信息 名 称：东方国际招标有限责任公司 地 址：北京市海淀区丹棱街1号互联网金融中心20层 联系方式：同项目联系方式 3.项目联系方式 项目联系人：窦志超、曹山、乔潘 电 话： 010-68290504、010-68290502、010-68290529,教育培训,,中国政府采购网,,,default,二、项目废标/流标的原因,,,,,,,,,,
中国科学院动物研究所靶向生物农药创制反应器采购项目废标公告,流标公告,OITC-G260172091,2026年09月08日 15:51,北京市,中国科学院动物研究所,北京市朝阳区北辰西路1号院5号,袁老师010-64807573,东方国际招标有限责任公司,北京市海淀区丹棱街1号互联网金融中心20层,迟兆洋、叶明、芮虎峥、荀笑尘010-68290589/0583/0548/ mye@oitc.com.cn、hzrui@oitc.com.cn、xcxun@oitc.com.cn,迟兆洋、叶明、芮虎峥、荀笑尘,010-68290589,_2091-靶向生物农药创制反应器【8.21发布稿】(1).doc,"[{""attach_name"": ""_2091-靶向生物农药创制反应器【8.21发布稿】(1).doc"", ""attach_url"": ""https://download.ccgp.gov.cn/oss/download?uuid=5D5B4FF4B6FE40D5C8977098D42A72""}]",https://www.ccgp.gov.cn/cggg/zygg/qtgg/202609/t20260908_27287001.htm,2026-09-10 10:08:33,一、项目基本情况 采购项目编号：OITC-G260172091 采购项目名称：中国科学院动物研究所靶向生物农药创制反应器采购项目 二、项目废标/流标的原因 实质性满足磋商文件要求的供应商不足三家，本项目废标。 三、其他补充事宜 无。 四、凡对本次公告内容提出询问，请按以下方式联系。 1.采购人信息 名 称：中国科学院动物研究所 地址：北京市朝阳区北辰西路1号院5号 联系方式：袁老师010-64807573 2.采购代理机构信息 名 称：东方国际招标有限责任公司 地 址：北京市海淀区丹棱街1号互联网金融中心20层 联系方式：迟兆洋、叶明、芮虎峥、荀笑尘010-68290589/0583/0548/ mye@oitc.com.cn、hzrui@oitc.com.cn、xcxun@oitc.com.cn 3.项目联系方式 项目联系人：迟兆洋、叶明、芮虎峥、荀笑尘 电 话： 010-68290589/0583/0548,医疗卫生,,中国政府采购网,,,default,二、项目废标/流标的原因,,,,,,,,,,
西北工业大学激光特性测试子系统（三次）废标公告,流标公告,ZC26T310041,2026年09月08日 15:50,西安市,西北工业大学,陕西省西安市碑林区友谊西路127号,严老师029-88493786（技术负责人：墨老师18810437638）,中招工业发展（北京）有限公司,北京市海淀区万寿路27号院1号楼,丁丰；010-68209665,丁丰、张涌岩,010-68209665、010-68209551,,,https://www.ccgp.gov.cn/cggg/zygg/qtgg/202609/t20260908_27287005.htm,2026-09-10 10:08:34,一、项目基本情况 采购项目编号：ZC26T310041 采购项目名称：西北工业大学激光特性测试子系统 二、项目废标/流标的原因 经评审，有效投标人不足三家，本项目废标。 三、其他补充事宜 / 四、凡对本次公告内容提出询问，请按以下方式联系。 1.采购人信息 名 称：西北工业大学 地址：陕西省西安市碑林区友谊西路127号 联系方式：严老师029-88493786（技术负责人：墨老师18810437638） 2.采购代理机构信息 名 称：中招工业发展（北京）有限公司 地 址：北京市海淀区万寿路27号院1号楼 联系方式：丁丰；010-68209665 3.项目联系方式 项目联系人：丁丰、张涌岩 电 话： 010-68209665、010-68209551,教育培训,,中国政府采购网,,,default,二、项目废标/流标的原因,,,,,,,,,,
哈尔滨工程大学材化与分析测试楼抗震支吊架安装工程比选公告,其他公告,TC2692042,2026年09月08日 15:50,市辖区,哈尔滨工程大学,0451- 82519863,杜老师、杨老师、张老师,中招国际招标有限公司,13394515577、18846040119,王峥男、伦惠东,王峥男,13394515577,特别告知.docx,"[{""attach_name"": ""特别告知.docx"", ""attach_url"": ""https://download.ccgp.gov.cn/oss/download?uuid=B8E71DD848FB7D085847911C40B4C8""}]",https://www.ccgp.gov.cn/cggg/zygg/qtgg/202609/t20260908_27287003.htm,2026-09-10 10:08:35,中招国际招标有限公司受哈尔滨工程大学 委托，根据《中华人民共和国政府采购法》等有关规定，现对哈尔滨工程大学材化与分析测试楼抗震支吊架安装工程进行其他招标，欢迎合格的供应商前来投标。 项目名称：哈尔滨工程大学材化与分析测试楼抗震支吊架安装工程项目编号：TC2692042项目联系方式：项目联系人：王峥男项目联系电话：13394515577 采购单位联系方式：采购单位：哈尔滨工程大学采购单位地址：0451- 82519863采购单位联系方式：杜老师、杨老师、张老师 代理机构联系方式：代理机构：中招国际招标有限公司代理机构联系人：王峥男、伦惠东代理机构地址： 13394515577、18846040119 一、采购项目内容哈尔滨工程大学材化与分析测试楼抗震支吊架安装工程比选公告项目概况哈尔滨工程大学材化与分析测试楼抗震支吊架安装工程采购项目的潜在供应商应在中招国际招标有限公司（哈尔滨市香坊区红旗大街227号四通中心701室）/应按本公告第三部分规定方式获取采购文件，并于2026年9月16日9点30分（北京时间）前递交响应文件。 一、项目基本情况项目编号：TC2692042项目名称：哈尔滨工程大学材化与分析测试楼抗震支吊架安装工程采购方式：比选预算金额：人民币46.09万元最高限价：人民币46.09万元采购需求：完成本项目清单及图纸范围内的给排水、消防、采暖、通风防排烟、强弱电等管道、风管、桥架的抗震支吊架深化设计、施工及验收等全部工作内容。合同履行期限：自合同签订之日起 240个日历天内完工（具体开工时间以甲方通知为准）。本项目不接受联合体。二、申请人的资格要求：1.满足以下资格要求：1.1具有独立承担民事责任的能力；1.2具有良好的商业信誉和健全的财务会计制度；1.3具有履行合同所必需的设备和专业技术能力；1.4有依法缴纳税收和社会保障资金的良好记录；1.5参加本次采购活动前三年内，在经营活动中没有重大违法记录；1.6法律、行政法规规定的其他条件。2.本项目的特定资格要求2.1拟参加本项目的潜在供应商为中华人民共和国境内注册的法人或其他组织或自然人；2.2拟参加本项目的潜在供应商须具备建筑机电安装工程专业承包三级（含）以上资质；具有有效期内的安全生产许可证；2.3拟派项目经理须具备有效的机电工程专业二级及以上注册建造师执业资格，具有有效的安全生产考核合格证书（B证），且未担任其他在施建设工程项目的项目经理；①项目经理信息在全国建筑市场监管公共服务平台（http://jzsc.mohurd.gov.cn/home）可查询且网上信息与证件信息一致；②拟派项目经理必须为本企业在职员工，不得同时在两个或者两个以上单位受聘或者执业，响应文件中须提供本单位为其连续缴纳的（2026年5月-2026年7月）养老保险的有效证明材料；2.4拟派本项目的管理机构除项目经理外，还须配备技术负责人1人、施工员（工长）1人、质量员1人、安全员1人；技术负责人须具备机电工程相关专业中级（含）以上职称证书或工程建设类注册执业资格，施工员具备岗位证书或职业能力信息或职业培训合格信息，质量员具备岗位证书或职业能力信息或职业培训合格信息，安全员具备有效的C类安全生产考核合格证书（C证）；注：其他省份专业设置不同的，供应商须提供本省“工程项目管理机构人员配置管理”相关文件，按采购文件人数要求分别配备施工员、质量员。2.5 通过“信用中国”网站(www.creditchina.gov.cn)、中国政府采购网(www.ccgp.gov.cn) 渠道查询供应商信用记录，供应商不得列入失信被执行人名单、严重失信主体名单、重大税收违法失信主体和政府采购严重违法失信行为记录名单。被列入上述名单或名录的供应商不得参加本项目；2.6单位负责人为同一人或者存在直接控股、管理关系的不同供应商，不得参加同一合同项下的采购活动；2.7拟参加本项目的潜在供应商如为采购项目提供整体设计、规范编制或者项目管理、监理、检测等服务的单位，不得参加该采购项目的其他采购活动。三、获取采购文件1.获取时间：2026年9月9日起至2026年9月11日（节假日除外），上午9:00至17:00（北京时间）。2.采购文件获取方式：本项目支持网上发售、下载电子版招标文件。具体详见特别告知。（1）网上登录/免费注册：凡有意在线获取电子版标书的潜在投标供应商，请务必在本项目标书发售截止时间前，在中招联合招标采购平台（www.365trade.com.cn）的【供应商入口】进行登录/免费注册。（2）标书购买及下载：潜在投标供应商凭用户名、密码验证身份登录中招联合招标采购平台，在【寻找招标项目】功能中通过“项目名称”或“项目编号”检索到需要参与的项目，可付款购买，逾期（标书发售时间截止）将无法付款下载电子标书。（3）各供应商如需领取纸质比选文件，请至哈尔滨市香坊区红旗大街227号四通中心701室办理。四、响应文件提交截止时间：2026年9月16日9点30分（北京时间）地点：中招国际招标有限公司（哈尔滨市香坊区红旗大街227号四通中心701室）五、开启时间：2026年9月16日9点30分（北京时间）地点：中招国际招标有限公司（哈尔滨市香坊区红旗大街227号四通中心701室）六、公告期限自本公告发布之日起3个工作日。七、其他补充事宜1.资金性质：财政性资金。2.履约地点：哈尔滨工程大学松北校区。3.质量标准：合格，执行最新国家及行业标准、国家和地方行政主管部门的有关规定、采购文件要求及响应文件的承诺（若上述标准不一致时，以较高标准为准）。本项目抗震设防烈度为7度，设计基本地震加速度值为0.10g。4.本项目采购结果将在“中国政府采购网”上发布。5.供应商应按照比选公告规定的方式获取采购文件。6.标包划分：/7.项目类型：工程8.现场踏勘：不统一组织。9.电子邮箱：wangzhengnan@cntcitc.com.cn八、对本次采购提出询问，请按以下方式联系1.采购人信息名称：哈尔滨工程大学地址：哈尔滨市南岗区南通大街145号联系人：杜老师、杨老师、张老师联系方式：0451- 825198632.采购代理机构信息名称：中招国际招标有限公司地址：哈尔滨市香坊区红旗大街227号四通中心701室联系人：王峥男、伦惠东联系方式：13394515577、188460401193.项目联系方式项目联系人：王峥男、伦惠东电话：13394515577、18846040119 中招国际招标有限公司                                                                                                                           2026年9月8日 二、开标时间：2026年09月16日 09:30 三、其它补充事宜 四、预算金额：预算金额：46.090000 万元（人民币）,教育培训,2026-09-16 09:30,中国政府采购网,比选,46.09,table,,,,,,,,,,,
中华人民共和国吉林出入境边防检查总站机关办公楼及公寓2号楼部分功能房间改造采购项目（非政府采购项目）,其他公告,JLBJZZCS26004,2026年09月08日 15:49,市辖区,中华人民共和国吉林出入境边防检查总站,吉林省长春市二道区吉林大路6099号,赵警官0431-89961202,中创名建工程管理集团有限公司,长春市朝阳区卫星路远创国际A座808室,王大明18043016507,王大明,18043016507,,,https://www.ccgp.gov.cn/cggg/zygg/qtgg/202609/t20260908_27286940.htm,2026-09-10 10:08:35,中创名建工程管理集团有限公司受中华人民共和国吉林出入境边防检查总站 委托，根据《中华人民共和国政府采购法》等有关规定，现对中华人民共和国吉林出入境边防检查总站机关办公楼及公寓2号楼部分功能房间改造采购项目进行其他招标，欢迎合格的供应商前来投标。 项目名称：中华人民共和国吉林出入境边防检查总站机关办公楼及公寓2号楼部分功能房间改造采购项目项目编号：JLBJZZCS26004项目联系方式：项目联系人：王大明项目联系电话：18043016507 采购单位联系方式：采购单位：中华人民共和国吉林出入境边防检查总站采购单位地址：吉林省长春市二道区吉林大路6099号采购单位联系方式：赵警官0431-89961202 代理机构联系方式：代理机构：中创名建工程管理集团有限公司代理机构联系人：王大明18043016507代理机构地址： 长春市朝阳区卫星路远创国际A座808室 一、采购项目内容磋商邀请 项目概况 中华人民共和国吉林出入境边防检查总站机关办公楼及公寓2号楼部分功能房间改造采购项目的潜在供应商应在中创名建工程管理集团有限公司获取采购文件，并于2026年9月23日9点00分（北京时间）前提交响应文件。  一、项目基本情况项目编号：JLBJZZCS26004项目名称：中华人民共和国吉林出入境边防检查总站机关办公楼及公寓2号楼部分功能房间改造采购项目采购方式：磋商预算金额：112.86万元最高限价：107.670385万元采购需求：中华人民共和国吉林出入境边防检查总站机关办公楼及公寓2号楼部分功能房间改造采购项目图纸及工程量清单内所有内容。合同履行期限：合同签订后60个日历日完成竣工验收。施工地点：吉林大路6099号。本项目不接受联合体。二、申请人的资格要求：1满足《中华人民共和国政府采购法》第二十二条规定；2落实政府采购政策需满足的资格要求：本项目专门面向中小企业采购，采购标的所属行业：建筑业；3本项目的特定资格要求：3.1本次磋商要求供应商须具备建设行政主管部门核发的建筑工程施工总承包三级及以上资质，具有有效安全生产许可证的法人或其他组织，并在人员、设备、资金等方面具有相应的施工能力；注：（1）在住房和城乡建设部门已通过延续的建筑业、监理、工程勘察、工程设计企业，均可以正常参加本项目政府采购活动。供应商在响应文件中提供相关证明材料的，即视为该企业资质延续有效，可正常响应。（2）根据《吉林省住房和城乡建设厅关于建筑业企业资质延续有关事宜的通知》（吉建管〔2023〕23号）文件要求，吉林省住建厅核发建筑业企业三级总承包、三级专业承包资质，自2024年7月1日起，原资质许可机关不再受理资质换证申请，相应证书逾期自动作废。（3）其他省（市）核发的资质涉及有效期届满有效期延续问题的，按照当地建设行政主管部门文件执行，须提供相关证明材料，否则不予认定；3.2供应商拟派项目经理须具备建筑工程专业二级及以上注册建造师执业资格，具备有效期内的项目负责人安全生产考核合格证书，且未担任其他在施建设工程项目的项目经理；3.3供应商按照磋商文件要求在响应文件中提供反映其财务状况、依法缴纳税收和社保保障资金等情况的资格条件承诺函，并对资格条件承诺函有关内容的真实性、有效性、合法性负责；3.4外省入吉建筑业企业应按照吉林省住房和城乡建设厅相关文件要求办理入吉建筑业企业信息登记后方可参加响应；3.5拒绝列入政府取消响应资格记录期间的企业或个人响应；3.6根据《关于在政府采购活动中查询及使用信用记录有关问题的通知》(财库〔2016〕125号)的规定，采购人、采购代理机构将通过“信用中国”网站（www.creditchina.gov.cn）、中国政府采购网（www.ccgp.gov.cn）等渠道查询相关主体信用记录。对列入失信被执行人、重大税收违法案件当事人名单、政府采购严重违法失信行为记录名单及其他不符合《中华人民共和国政府采购法》第二十二条规定条件的供应商，将拒绝其参与政府采购活动。三、获取采购文件时间：2026年9月9日至2026年9月15日，每天上午8：30至11：30，下午13：00至16：00（北京时间，法定节假日除外 ）方式：潜在供应商需将下列资料扫描件（PDF格式）发送至zcmjgcgl@163.com邮箱，采购代理机构对收到的资料进行确认后，对供应商资料有不完整的将告知供应商进行补充、修改等（供应商需在获取磋商文件截止时间前完成补充、修改等内容，逾期不再受理），对于资料合格的供应商，采购代理机构将“获取文件登记表”电子版发送至供应商邮箱，供应商按要求填写后，将“获取文件登记表”及文件费支付凭证发送至采购代理机构邮箱后联系采购代理机构获取纸质版磋商文件。请将以下材料加盖公章的扫描件发送至指定邮箱：（1）企业法人营业执照复印件（加盖公章）；（2）针对本项目的法定代表人证明书或法定代表人授权委托书；售价：200元/套，售后不退。四、响应文件提交截止时间：2026年9月23日9点00分（北京时间）地点：长春市二道区洋浦大街6999号凯利中心AB栋101开标室三（吉林省同晟科技公共资源交易服务平台）。五、开启时间：2026年9月23日9点00分（北京时间）地点：长春市二道区洋浦大街6999号凯利中心AB栋101开标室三（吉林省同晟科技公共资源交易服务平台）。六、公告期限自本公告发布之日起3个工作日。七、其他补充事宜发布媒介：在中国政府采购网、中国招标投标公共服务平台上以公告形式发布。八、凡对本次采购提出询问，请按以下方式联系。1.采购人信息：名    称：中华人民共和国吉林出入境边防检查总站地    址：吉林省长春市二道区吉林大路6099号联系方式：0431-89961202（赵警官）2.采购代理机构信息名    称：中创名建工程管理集团有限公司地 址：长春市朝阳区卫星路远创国际A座808室 联系方式：18043016507（工作电话） 3.项目联系方式项目联系人：王大明电  话：18043016507（工作电话） 二、开标时间：2026年09月23日 09:00 三、其它补充事宜 四、预算金额：预算金额：112.860000 万元（人民币）,工程建设,2026-09-23 09:00,中国政府采购网,磋商,112.86,table,,,,,,,,,,,
北京交通大学科技大厦15层区域二房间招租项目成交结果公告,其他公告,2607-HXTC-IN1447,2026年09月08日 15:49,北京市,北京交通大学,北京市海淀区上园村3号,陈老师， 010-51683481,北京宏信天诚国际招标有限公司,北京市海淀区复兴路乙12号中国铝业大厦11层1110室,赵洁、吴众为、闫文娟、彭怡、成歌、刘京、修海龙、陈博维、姬小雪、王思晨、杨晓楠、王东衍、郝路、刘海英、孙佳、王亚东、黄艳、陈曦、吉国侠、孙银英、李秋萍、王艳艳、王改茹，010-63974645、63976753,赵洁、吴众为、闫文娟、彭怡、成,010-63974645、63976753,"成交结果公告—北京交通大学科技大厦15层区域二房间招租项目IN1447.docx,2607-HXTC-IN1447【招租遴选文件 待发0908开】北京交通大学科技大厦15层区域二房间招租项目.docx","[{""attach_name"": ""成交结果公告—北京交通大学科技大厦15层区域二房间招租项目IN1447.docx"", ""attach_url"": ""https://download.ccgp.gov.cn/oss/download?uuid=AC6C1FDBEE1A10E60E223E37DCF163""}, {""attach_name"": ""2607-HXTC-IN1447【招租遴选文件 待发0908开】北京交通大学科技大厦15层区域二房间招租项目.docx"", ""attach_url"": ""https://download.ccgp.gov.cn/oss/download?uuid=D2F98AEEF732995C7E1D737E2D05CB""}]",https://www.ccgp.gov.cn/cggg/zygg/qtgg/202609/t20260908_27286942.htm,2026-09-10 10:08:36,"北京宏信天诚国际招标有限公司受北京交通大学 委托，根据《中华人民共和国政府采购法》等有关规定，现对北京交通大学科技大厦15层区域二房间招租项目进行其他招标，欢迎合格的供应商前来投标。 项目名称：北京交通大学科技大厦15层区域二房间招租项目项目编号：2607-HXTC-IN1447项目联系方式：项目联系人：赵洁、吴众为、闫文娟、彭怡、成歌、刘京、修海龙、陈博维、姬小雪、王思晨、杨晓楠、王东衍、郝路、刘海英、孙佳、王亚东、黄艳、陈曦、吉国侠、孙银英、李秋萍、王艳艳、王改茹项目联系电话：010-63974645、63976753 采购单位联系方式：采购单位：北京交通大学采购单位地址：北京市海淀区上园村3号采购单位联系方式：陈老师， 010-51683481 代理机构联系方式：代理机构：北京宏信天诚国际招标有限公司代理机构联系人：赵洁、吴众为、闫文娟、彭怡、成歌、刘京、修海龙、陈博维、姬小雪、王思晨、杨晓楠、王东衍、郝路、刘海英、孙佳、王亚东、黄艳、陈曦、吉国侠、孙银英、李秋萍、王艳艳、王改茹，010-63974645、63976753代理机构地址： 北京市海淀区复兴路乙12号中国铝业大厦11层1110室 一、采购项目内容一、项目编号：2607-HXTC-IN1447二、项目名称：北京交通大学科技大厦15层区域二房间招租项目三、中标（成交）信息第1包：成交人：教育部学校规划建设发展中心地址：北京市海淀区交大科技大厦15层成交金额（人民币元）： 承租单价 （元/平方米/日） 承租面积 （平方米） 承租期限 预估年租金 （元） 承租用途 3.70 1498.91 3年 2,024,277.96 办公  五、评审专家名单：孔瑾、张连清、关颖六、代理服务收费标准及金额：    收费标准：详见采购文件。    金额：人民币1.50万元；七、公告期限    自本公告发布之日起1个工作日。 二、开标时间：2026年09月08日 10:00 三、其它补充事宜代理服务费收款账户信息：开户名（全称）：北京宏信天诚国际招标有限公司，开户银行：北京银行股份有限公司清华园支行，账号：20000062274900106153382代理服务费只接受电汇。财务邮箱：hxtccw@126.com ，联系电话：010-63960689 四、预算金额：预算金额：0.000000 万元（人民币）",教育培训,,中国政府采购网,,0.0,table,,,,,,,,,,,
国家卫生健康委科学技术研究所大慧寺12号院1号住宅楼屋面防水维修工程比选公告,其他公告,HCZB2026-057,2026年09月08日 15:49,北京市,国家卫生健康委科学技术研究所,北京市海淀区大慧寺12号院,裴老师 010-62117161,华诚博远工程咨询有限公司,北京市西城区宣武门外大街10号庄胜广场中央办公楼北翼19层,王亚宁  17319483702、010-59050337,王亚宁,17319483702,,,https://www.ccgp.gov.cn/cggg/zygg/qtgg/202609/t20260908_27286944.htm,2026-09-10 10:08:36,华诚博远工程咨询有限公司受国家卫生健康委科学技术研究所 委托，根据《中华人民共和国政府采购法》等有关规定，现对大慧寺12号院1号住宅楼屋面防水维修工程进行其他招标，欢迎合格的供应商前来投标。 项目名称：大慧寺12号院1号住宅楼屋面防水维修工程项目编号：HCZB2026-057项目联系方式：项目联系人：王亚宁项目联系电话：17319483702 采购单位联系方式：采购单位：国家卫生健康委科学技术研究所采购单位地址：北京市海淀区大慧寺12号院采购单位联系方式：裴老师 010-62117161 代理机构联系方式：代理机构：华诚博远工程咨询有限公司代理机构联系人：王亚宁 17319483702、010-59050337代理机构地址： 北京市西城区宣武门外大街10号庄胜广场中央办公楼北翼19层 一、采购项目内容大慧寺12号院1号住宅楼屋面存在防水层老化破损严重，上人屋面地砖表面风化粉化的情况，已丧失防水及使用功能，需对屋面防水进行更换。包括拆除原有屋面砖、防水层，找坡层，屋面卷材防水层新做，排水管安装等，具体内容详见图纸及工程量清单。履约服务期限：工期30天（遇特殊情况相应顺延）；建设地点：北京市海淀区大慧寺12号； 二、开标时间：2026年09月18日 14:00 三、其它补充事宜比选公告国家卫生健康委科学技术研究所拟对大慧寺12号院1号住宅楼屋面防水维修工程，按照比选方式进行采购，特邀请符合本次采购要求的供应商参加比选。一、项目基本情况1.项目名称：大慧寺12号院1号住宅楼屋面防水维修工程2.项目编号：HCZB2026-0573.最高投标限价为：260469.66元4.资金来源：住宅专项维修资金二、采购项目内容大慧寺12号院1号住宅楼屋面存在防水层老化破损严重，上人屋面地砖表面风化粉化的情况，已丧失防水及使用功能，需对屋面防水进行更换。包括拆除原有屋面砖、防水层，找坡层，屋面卷材防水层新做，排水管安装等，具体内容详见图纸及工程量清单。履约服务期限：工期30天（遇特殊情况相应顺延）；建设地点：北京市海淀区大慧寺12号；三、供应商资格要求1.满足《中华人民共和国政府采购法》第二十二条要求：2.落实政府采购政策需满足的资格要求：专门面向中小微企业采购。3.本项目的特定资格要求：①响应人须为中央国家机关施工定点名录内企业，供应商入围资质须具备防水防腐保温工程专业承包二级（含）以上资质，具备有效的安全生产许可证。并在人员、设备、资金等方面具有相应的施工能力，其中，供应商拟派项目经理须具备建筑工程专业注册建造师二级及以上级（含以上级）注册建造师执业资格和有效的安全生产考核合格证书（B本）。②拟派项目经理在确定成交人时不得担任其他在施建设工程项目的项目经理，且在本工程施工期间将不再承担其他工程任务；③单位负责人为同一人或者存在直接控股、管理关系的不同供应商，不得同时参加本项目的比选；④参加本次采购活动前三年（2023年1月1日至项目评审当天）内，未被“信用中国”（https://www.creditchina.gov.cn/）网站列入失信被执行人和重大税收违法案件当事人名单、未被“中国政府采购网”（https://www.ccgp.gov.cn）网站列入政府采购严重违法失信行为记录名单（或处罚期限届满的）。4.本项目不接受联合体参加比选。四、比选文件获取方式比选文件发售时间：2026年09月09日至2026年09月11日，每天上午9:00至11:30，下午13:30至17:00（北京时间，法定节假日除外）比选文件发售地点：北京市西城区宣武门外大街10号庄胜广场中央办公楼北翼19层比选文件售价：500元(现金）获取文件具体方式：邮件获取或现场获取，领取比选文件须提供以下资料：（1）现场获取1）法定代表人授权委托书原件(格式自拟，须注明购买比选文件事宜)2）被授权人身份证原件及复印件（加盖供应商单位公章）3）须提供被授权人近3个月任意1个月本单位为其缴纳的社保证明材料复印件（加盖公章）；（2）邮件获取：不方便现场领取的可邮件获取（将以上材料的彩色扫描件发送至3259587319@qq.com后获取缴费账户），邮件标题为供应商名称+项目名称，邮件内容为供应商名称、联系人及联系方式。五、响应文件递交截止时间：2026年09月18日14时00分地点：北京市西城区宣武门外大街10号庄胜广场中央办公楼北翼19层第二会议室六、凡对本次采购提出询问，请按以下方式联系1.采购人信息名    称：国家卫生健康委科学技术研究所地    址：北京市海淀区大慧寺12号院联系方式：裴老师  010-621171612.采购代理机构信息（如有）名    称：华诚博远工程咨询有限公司地    址：北京市西城区宣武门外大街10号庄胜广场中央办公楼北翼19层联系方式：王亚宁   17319483702、010-59050337七、其他补充事宜现场踏勘：组织踏勘时间：2026年9月14日09时30分；地点：北京市海淀区大慧寺12号院1号楼；联系人：裴工010-62117161。 四、预算金额：预算金额：26.046966 万元（人民币）,医疗卫生,2026-09-18 14:00,中国政府采购网,,26.046966,table,,,,,,,,,,,
北京交通大学原印刷厂办公室东侧1间房间招租项目（二次）遴选公告,其他公告,ZKXJTC-2026-F170,2026年09月08日 15:48,北京市,北京交通大学,北京市海淀区西直门外上园村3号,陈老师010-51683481,中科信佳（北京）项目管理有限公司,北京市丰台区广安路9号院国投财富广场5号楼12A16室,张雅楠、王琛、马瑞芳、刘凯南、吴茹群、张运楠、王菲菲、温滢010-52474969,张雅楠、王琛、马瑞芳、刘凯南,010-52474969,,,https://www.ccgp.gov.cn/cggg/zygg/qtgg/202609/t20260908_27286933.htm,2026-09-10 10:08:37,中科信佳（北京）项目管理有限公司受北京交通大学 委托，根据《中华人民共和国政府采购法》等有关规定，现对北京交通大学原印刷厂办公室东侧1间房间招租项目（二次）进行其他招标，欢迎合格的供应商前来投标。 项目名称：北京交通大学原印刷厂办公室东侧1间房间招租项目（二次）项目编号：ZKXJTC-2026-F170项目联系方式：项目联系人：张雅楠、王琛、马瑞芳、刘凯南、吴茹群、张运楠、王菲菲、温滢项目联系电话：010-52474969 采购单位联系方式：采购单位：北京交通大学采购单位地址：北京市海淀区西直门外上园村3号采购单位联系方式：陈老师010-51683481 代理机构联系方式：代理机构：中科信佳（北京）项目管理有限公司代理机构联系人：张雅楠、王琛、马瑞芳、刘凯南、吴茹群、张运楠、王菲菲、温滢010-52474969代理机构地址： 北京市丰台区广安路9号院国投财富广场5号楼12A16室 一、采购项目内容一、遴选项目名称：北京交通大学原印刷厂办公室东侧1间房间招租项目（二次）    遴选项目编号：ZKXJTC-2026-F170二、遴选内容： 包号 标的名称 面积 （㎡） 招租底价 （元/㎡•日） 拟招租期限 拟招租用途 01 原印刷厂办公室东侧 1间房 40 15.6 三年 经营  具体要求详见遴选文件《第四章》。 三、申请人资格条件：1.具备《中华人民共和国政府采购法》二十二条、《中华人民共和国政府采购法实施条例》第十七条和本文件中规定的条件。2.参加采购活动前三年内未被“信用中国”网站及“中国政府采购网”网站列入失信被执行人、重大税收违法失信主体、政府采购严重违法失信行为记录名单的申请人（有上述处罚记录但处罚期已届满的，视为无记录）。3.已在采购代理机构获取遴选文件并登记备案的申请人。4.本项目不接受联合体投标。 四、遴选文件发售：（一）遴选文件发售时间：2026年9月9日起至2026年9月15日止(节假日休息)，每天9:30-16:30(北京时间)。（二）遴选文件售价：人民币 500 元（现场办理，不接受邮购，售后不退）。（三）遴选文件发售地点：北京市丰台区广安路9号院国投财富广场5号楼12A16室。（四）领取遴选文件时申请人须提供以下资料（所有复印件均需加盖申请人公章）；经检查合格后，方可领取本项目的遴选文件，须授权代表本人到场办理，否则不予受理：1.授权代表办理的。1）法定代表人授权委托书原件；【注明项目名称】2）法定代表人有效身份证复印件；3）授权代表本人有效身份证原件及复印件；2.法定代表人办理的。1）法定代表人身份证明原件；2）法定代表人有效身份证复印件及原件。五、申请文件的递交：（一）递交文件截止时间：2026年10月9日09时30分（北京时间）；（二）开标时间：2026年10月9日09时30分（北京时间），逾期送达或不符合规定的申请文件恕不接受；（三）递交文件地点：北京市丰台区广安路9号院国投财富广场5号楼12A第二会议室。六、评审办法和标准：综合评分法。七、公告期限：自本公告发布之日起5个工作日。 二、开标时间：2026年10月09日 09:30 三、其它补充事宜电子邮箱：zkxjbj@163.com 四、预算金额：预算金额：0.000000 万元（人民币）,教育培训,2026-10-09 09:30,中国政府采购网,,0.0,table,,,,,,,,,,,
应急管理部国家减灾中心灾害信息员大赛试题出版项目比选公告,其他公告,jcxx012,2026年09月08日 15:45,朝阳区,应急管理部国家减灾中心,北京市朝阳区广百东路6号院,焦老师，电话010-52811075，邮箱cgbw@ndrcc.org.cn,详见公告正文,详见公告正文,详见公告正文,焦老师,010-52811075,,,https://www.ccgp.gov.cn/cggg/zygg/qtgg/202609/t20260908_27287485.htm,2026-09-10 10:08:38,根据《中华人民共和国政府采购法》等有关规定，现对灾害信息员大赛试题出版进行其他招标，欢迎合格的供应商前来投标。 项目名称：灾害信息员大赛试题出版项目编号：jcxx012 项目联系方式：项目联系人：焦老师项目联系电话：010-52811075 采购单位联系方式：采购单位：应急管理部国家减灾中心采购单位地址：北京市朝阳区广百东路6号院采购单位联系方式：焦老师，电话010-52811075，邮箱cgbw@ndrcc.org.cn  一、采购项目内容项目概况《全国灾害信息员业务技能大赛试题汇编与知识点解析》上中下三册图书出版项目（编号jcxx012 ）的潜在投标人可联系国家减灾中心采购办联系人焦老师，电话010-52811075，邮箱cgbw@ndrcc.org.cn，获取采购文件，并于2026年9月18日17点前递交参选文件。一、项目基本情况1.项目名称： 《全国灾害信息员业务技能大赛试题汇编与知识点解析》上中下三册图书出版2.预算金额： 12万元3.主要内容和要求（概述）： 选取1家合格供应商，承接本项目三种图书的出版、首次印刷工作，包含选题申报、三审三校、书号申请、版权登记、设计排版、印刷装订、运输配送等全流程服务。4.服务/供货期限及服务/供货地点： 北京5.采购方式：比选本项目（是/否）接受联合体投标： 否二、申请人的资格要求1.基本要求：符合《中华人民共和国政府采购法》第二十二条（一）至（六）的规定，即：（1）具有独立承担民事责任的能力。（2）具有良好的商业信誉和健全的财务会计制度。（3）具有履行合同所必需的设备和专业技术能力。（4）有依法缴纳税收和社会保障资金的良好记录。（5）参加政府采购活动前三年内，在经营活动中没有重大违法记录（重大违法记录是指供应商因违法经营受到刑事处罚或者责令停产停业、吊销许可证或者执照、较大数额罚款等行政处罚）。（6）法律、行政法规规定的其他条件。本项目参选文件递交截止期前被“信用中国”网站（www.creditchina.gov.cn）中列入失信被执行人和/或重大税收违法案件当事人名单的供应商、被中国政府采购网（www.ccgp.gov.cn）列入政府采购严重违法失信行为记录名单中、被财政部门禁止参加政府采购活动的供应商（处罚决定规定的时间和地域范围内），无资格参加本项目的采购活动。单位负责人为同一人或者存在直接控股、管理关系的不同单位，不得同时参加本项目的参选。为本项目提供整体设计、规范编制或者项目管理、监理、检测等服务的供应商，不得再参加本项目参选。2.本项目的特定资格要求：原则上应是具有独立法人资格的企事业单位和社会团体，须具备国家新闻出版主管部门核发的图书出版相关资质。不接受以个人名义的申报。3.供应商须提供有效的出版物经营许可证等相关从业资质证书复印件（加盖公章）。4.参选文件中应附供应商资格声明书。 二、开标时间： 三、其它补充事宜三、获取采购文件时间：2026年9月9日至2026年9月15日，本次采购文件统一通过邮箱申领获取，意向供应商请以邮件方式申请，邮件内需注明项目名称及项目编号。电话咨询联络时间为每天上午8至11点半，下午14至17点（法定节假日除外）。采购办联系人：焦老师（不解释文件内容问题）电话号码：010-52811075邮箱：cgbw@ndrcc.org.cn如咨询采购文件内容问题的请联系采购人联系人： 刘老师电话号码：010-52811138邮箱：liuzhe@ndrcc.org.cn四、提交参选文件截止时间所有参选文件应密封完好，文件密封袋上应写明项目编号，项目名称和供应商名称，并于2026年9月18日17点前将一份正本四份副本和一份电子版（盖章签字的彩扫PDF版，文件请加密后再发送到下面的邮箱，密码写在纸上放在密封袋里）参选文件寄送到以下地址，快递外包装上请醒目标注采购办，快递发出后请发电子邮件告知。逾期递交的参选文件恕不接受。采购联系人：焦老师电话号码：010-52811075邮箱地址：cgbw@ndrcc.org.cn通信地址：北京市朝阳区广百东路6号院参选文件的正本和副本均需打印或使用不褪色的蓝、黑墨水笔书写，字迹应清晰易于辨认。当正本与副本不一致时，以正本为准。参选文件的封面上应相应有“正本”或“副本”标记，副本可是正本的复印件。五、公告期限自本公告发布之日起5个工作日。六、对本次采购提出询问，请按以下方式联系对采购文件条款内容（含采购需求、技术方案、商务条款等）有质疑的，应向采购人提交书面质询材料；对采购组织、廉政监督等事项提出质询的，可联系国家减灾中心采购办人员。1.采购人信息采购联系人：刘老师联系电话：010-52811138联系邮箱：liuzhe@ndrcc.org.cn2.国家减灾中心采购办采购办联系人：焦老师联系电话：010-52811075联系邮箱：cgbw@ndrcc.org.cn采购办纪检联系人：刘老师联系电话：010-52811366联系邮箱：jbxx@ndrcc.org.cn  四、预算金额：预算金额：12.000000 万元（人民币）,公共安全,,中国政府采购网,比选,12.0,table,,,,,,,,,,,
宝鸡市消防救援支队水域应急救援装备采购项目其他,其他公告,,2026年09月08日 15:42,宝鸡市,宝鸡市消防救援支队,宝鸡市高新区新苑路18号,陈先生 0917-3252939,详见公告正文,详见公告正文,详见公告正文,朱先生,0917-3252975,"附件1：宝鸡市消防救援支队2026年装备器材采购计划表.xlsx,附件3：关于递交的采购需求调查表的承诺函.docx,附件2：装备技术参数征集表.xlsx","[{""attach_name"": ""附件1：宝鸡市消防救援支队2026年装备器材采购计划表.xlsx"", ""attach_url"": ""https://download.ccgp.gov.cn/oss/download?uuid=1C5A1F2836A757B7E3C26D89733AF2""}, {""attach_name"": ""附件3：关于递交的采购需求调查表的承诺函.docx"", ""attach_url"": ""https://download.ccgp.gov.cn/oss/download?uuid=0892B632AE4F7637BBABAC3CD98589""}, {""attach_name"": ""附件2：装备技术参数征集表.xlsx"", ""attach_url"": ""https://download.ccgp.gov.cn/oss/download?uuid=31243B4BDAD8D334E4D3CA765589AF""}]",https://www.ccgp.gov.cn/cggg/zygg/qtgg/202609/t20260908_27286821.htm,2026-09-10 10:08:38,根据《中华人民共和国政府采购法》等有关规定，现对宝鸡市消防救援支队水域应急救援装备采购项目进行其他招标，欢迎合格的供应商前来投标。 项目名称：宝鸡市消防救援支队水域应急救援装备采购项目项目编号：项目联系方式：项目联系人：朱先生项目联系电话：0917-3252975 采购单位联系方式：采购单位：宝鸡市消防救援支队采购单位地址：宝鸡市高新区新苑路18号采购单位联系方式：陈先生 0917-3252939  一、采购项目内容一、采购项目内容采购项目内容根据《中华人民共和国政府采购法》等有关规定，现对宝鸡市消防救援支队水域应急救援装备采购项目采购进行采购需求调查，欢迎潜在供应商前来响应。（一）需求调查内容1、本次拟征集水域救援装备共30类，具体装备清单及预算限价详见附件1《宝鸡市消防救援支队2026年装备器材采购计划表》。 主要征集内容：各装备主流品牌型号、完整技术指标、执行标准、检测报告（含CMA资质检测报告）、市场参考单价、供货周期、质保售后服务方案、产品技术规格书等市场信息，用于科学确定后续采购项目技术需求、价格区间、服务要求。2、调查方法需求调查以问卷调查的方式进行（附件2：《宝鸡市消防救援支队水域应急救援装备采购项目需求调查及装备技术参数征集表》、附件3：关于递交的采购需求调查表的承诺函），请各单位于2026年9月17日18:00（北京时间）前将加盖公章的需求调查及技术参数征集表PDF和word电子档发送至指定邮箱271715857@qq.com）。3、提供资料清单1.《宝鸡市消防救援支队水域应急救援装备采购项目需求调查及装备技术参数征集表》、《关于递交的采购需求调查表的承诺函》，需提供Word版和盖章扫描PDF版；2.产品技术性能文件（Word版，含详细技术参数、产品图片、功能说明、配置清单等）；3.产品检测报告复印件（PDF版，如有）；4.产品相关认证证书复印件（PDF版，如有）；5.供应商认为需要提供的其他佐证材料。（二）相关要求1、资料整理命名要求：邮件主题命名：【公司全称】宝鸡市消防救援支队关于水域应急救援装备采购项目需求调查及技术参数征集。各供应商应将全部资料整理为一个文件夹，以公司全称命名；文件夹下存放技术文件、检测报告、认证证书、业绩材料等；全部资料打包后发送。2、提供资料相关要求：各单位提供的产品资料应真实准确，PDF版本和word版本应完全一致。PDF版本为加盖单位公章的彩色扫描件，内容清晰。如发现供应商提供虚假资料等不诚信行为，将纳入支队黑名单。3、其他要求：共同建立良好的政商交往环境，项目需求调查及后续招标采购工作期间，总队不接受来访介绍、产品测试、私下交流等行为。需求调研资料均以规定时间内发送到指定邮箱为准，其他递交方式均不接受。（三）需求调查截止时间：2026年9月17日18:00（北京时间） 二、开标时间： 三、其它补充事宜1.调查性质说明：本次征集活动为采购前的市场调研行为，不构成采购邀请、招标要约或任何形式的采购承诺。我单位有权根据调研结果自行确定最终的技术参数及采购方案。2.费用及资料处理：本次调查不向供应商支付任何费用，供应商提交的资料无论是否采纳，均不予退还。3.保密义务：我单位对供应商提交的商业秘密及技术资料承担保密责任，相关信息仅限用于本次采购需求调研。4.调研结果使用说明：我单位将对供应商提供的材料进行收集、归类、整理，具体采纳情况不再逐一反馈。本项目最终信息以正式发布的采购公告及采购文件为准。 四、预算金额：预算金额：0.000000 万元（人民币）,医疗卫生,2026-09-17 18:00,中国政府采购网,,0.0,table,,,,,,,,,,,
广州市消防救援支队珠吉路特勤站2026年消防装备采购项目采购需求参数征求意见公告,其他公告,/,2026年09月08日 15:35,市辖区,广州市消防救援支队,广州市天河区珠吉路66号,吴工，020-32010807,详见公告正文,详见公告正文,详见公告正文,吴工,020-32010807,附件：广州市消防救援支队珠吉路特勤站2026年消防装备技术参数征求意见表.xls,"[{""attach_name"": ""附件：广州市消防救援支队珠吉路特勤站2026年消防装备技术参数征求意见表.xls"", ""attach_url"": ""https://download.ccgp.gov.cn/oss/download?uuid=467AB2662A1848B4D9A5AEE59187CF""}]",https://www.ccgp.gov.cn/cggg/zygg/qtgg/202609/t20260908_27286586.htm,2026-09-10 10:08:39,根据《中华人民共和国政府采购法》等有关规定，现对广州市消防救援支队珠吉路特勤站2026年消防装备采购项目采购需求参数征求意见公告进行其他招标，欢迎合格的供应商前来投标。 项目名称：广州市消防救援支队珠吉路特勤站2026年消防装备采购项目采购需求参数征求意见公告项目编号：/项目联系方式：项目联系人：吴工项目联系电话：020-32010807 采购单位联系方式：采购单位：广州市消防救援支队采购单位地址：广州市天河区珠吉路66号采购单位联系方式：吴工，020-32010807  一、采购项目内容一、采购项目内容（一）参数征求意见内容根据公告附件”附件《广州市消防救援支队珠吉路特勤站2026年消防装备技术参数征求意见表》”包括但不限于车辆的品牌型号、市场价格（万元）、修改后的市场价格（万元）、详细参数、需要修改的技术参数、依据等相关信息。（二）参数征求意见方法参数征求意见问卷调查的方式进行，请各单位于2026年9月15日17:30前将加盖公章的公告附件扫描成PDF格式，以及公告附件的Excel格式发送至指定邮箱（897010379@qq.com）。 二、开标时间： 三、其它补充事宜无 四、预算金额：预算金额：0.000000 万元（人民币）,公共安全,,中国政府采购网,,0.0,table,,,,,,,,,,,
西安交通大学医学院第一附属医院院内各类卫生纸和其他医用类耗材采购项目（采购包2）流标公告,流标公告,HRC-ZBDL-2026-00976,2026年09月08日 15:32,市辖区,西安交通大学第一附属医院,西安市雁塔西路277号,董老师、029-85323684,华睿诚项目管理有限公司,陕西省西安市曲江新区雁翔路3269号旺座曲江E座29层2901号,余丹、029-88228813、15667200662,余丹,029-88228813、15667200662,,,https://www.ccgp.gov.cn/cggg/zygg/qtgg/202609/t20260908_27286546.htm,2026-09-10 10:08:40,一、项目基本情况 采购项目编号：HRC-ZBDL-2026-00976（2026YH58HR） 采购项目名称：西安交通大学医学院第一附属医院院内各类卫生纸和其他医用类耗材采购项目 二、项目废标/流标的原因 截止报名时间，采购包2报名投标单位不足3家，故本项目采购包2流标。 三、其他补充事宜 / 四、凡对本次公告内容提出询问，请按以下方式联系。 1.采购人信息 名 称：西安交通大学第一附属医院 地址：西安市雁塔西路277号 联系方式：董老师、029-85323684 2.采购代理机构信息 名 称：华睿诚项目管理有限公司 地 址：陕西省西安市曲江新区雁翔路3269号旺座曲江E座29层2901号 联系方式：余丹、029-88228813、15667200662 3.项目联系方式 项目联系人：余丹 电 话： 029-88228813、15667200662,医疗卫生,,中国政府采购网,,,default,二、项目废标/流标的原因,,,,,,,,,,
江西科华项目管理有限公司关于万年县消防救援大队2026年度执勤消防车辆保险购置项目(第七次)竞争性磋商流标公告,流标公告,JXKH2026-WNX-001-6,2026年09月08日 15:28,万年县,万年县消防救援大队,万年县,秦先生18379301518,江西科华项目管理有限公司,上饶市信州区广信大道36号星河国际1号楼,施先生15979388058,施先生,15979388058,,,https://www.ccgp.gov.cn/cggg/zygg/qtgg/202609/t20260908_27286461.htm,2026-09-10 10:08:41,一、项目基本情况 采购项目编号：JXKH2026-WNX-001-6 采购项目名称：万年县消防救援大队2026年度执勤消防车辆保险购置项目（第七次） 二、项目废标/流标的原因 经专家评审，因供应商响应文件未满足磋商文件要求，导致本项目实质性响应不足三家，作废标处理。择日重新组织招标采购活动。 三、其他补充事宜 无 四、凡对本次公告内容提出询问，请按以下方式联系。 1.采购人信息 名 称：万年县消防救援大队 地址：万年县 联系方式：秦先生18379301518 2.采购代理机构信息 名 称：江西科华项目管理有限公司 地 址：上饶市信州区广信大道36号星河国际1号楼 联系方式：施先生15979388058 3.项目联系方式 项目联系人：施先生 电 话： 15979388058,公共安全,,中国政府采购网,,,default,二、项目废标/流标的原因,,,,,,,,,,
陕西师范大学无线智能显微互动及3D解剖教学系统废标公告,流标公告,AJ26049/ZXGJ-ZB14-2026-020,2026年09月08日 15:28,长安区,陕西师范大学,西安市长安区西长安街620号,李婷、曹睿 029-85310696,中昕国际项目管理有限公司,西安市未央区凤城十二路与文景路东北角首创·禧悦里25栋A座16层,王超、同秀秀、白丹、王涛、唐昊、秦瑶 029-81317379-606,王超、同秀秀、白丹、王涛、唐昊,029-81317379-606,,,https://www.ccgp.gov.cn/cggg/zygg/qtgg/202609/t20260908_27286462.htm,2026-09-10 10:08:41,一、项目基本情况 采购项目编号：AJ26049/ZXGJ-ZB14-2026-020 采购项目名称：陕西师范大学无线智能显微互动及3D解剖教学系统 二、项目废标/流标的原因 通过资格审查的有效投标人不足三家，本项目废标！ 三、其他补充事宜 / 四、凡对本次公告内容提出询问，请按以下方式联系。 1.采购人信息 名 称：陕西师范大学 地址：西安市长安区西长安街620号 联系方式：李婷、曹睿 029-85310696 2.采购代理机构信息 名 称：中昕国际项目管理有限公司 地 址：西安市未央区凤城十二路与文景路东北角首创·禧悦里25栋A座16层 联系方式：王超、同秀秀、白丹、王涛、唐昊、秦瑶 029-81317379-606 3.项目联系方式 项目联系人：王超、同秀秀、白丹、王涛、唐昊、秦瑶 电 话： 029-81317379-606,教育培训,,中国政府采购网,,,default,二、项目废标/流标的原因,,,,,,,,,,
东南大学机械工程学院具身智能与视觉控制系统采购项目废标公告,流标公告,JSTCC26002105516,2026年09月08日 15:27,江苏省,东南大学,江苏省南京市玄武区四牌楼2号,机械工程学院：彭老师，18742037086；实验室与设备管理处：罗老师，025-52091041,江苏省招标中心有限公司,江苏省南京市鼓楼区郑和中路118号D座12楼1203室,汪律、姜瑶、陈诚，025-83240902、83249926、83248600,汪律,025-83240902,,,https://www.ccgp.gov.cn/cggg/zygg/qtgg/202609/t20260908_27286444.htm,2026-09-10 10:08:42,一、项目基本情况 采购项目编号：JSTCC26002105516（SEU-ZB-260577） 采购项目名称：东南大学机械工程学院具身智能与视觉控制系统采购项目 二、项目废标/流标的原因 在评标期间，通过符合性审查的供应商不足3家，此项目予以废标。 三、其他补充事宜 无。 四、凡对本次公告内容提出询问，请按以下方式联系。 1.采购人信息 名 称：东南大学 地址：江苏省南京市玄武区四牌楼2号 联系方式：机械工程学院：彭老师，18742037086；实验室与设备管理处：罗老师，025-52091041 2.采购代理机构信息 名 称：江苏省招标中心有限公司 地 址：江苏省南京市鼓楼区郑和中路118号D座12楼1203室 联系方式：汪律、姜瑶、陈诚，025-83240902、83249926、83248600 3.项目联系方式 项目联系人：汪律 电 话： 025-83240902,教育培训,,中国政府采购网,,,default,二、项目废标/流标的原因,,,,,,,,,,
周口市消防救援支队2026年度器材装备采购项目参数征集公告,其他公告,,2026年09月08日 15:25,川汇区,周口市消防救援支队,河南省周口市川汇区交通路西段消防救援支队,赵助理0394-8580119,详见公告正文,详见公告正文,详见公告正文,赵助理,0394-8580119,周口市消防救援支队2026年度器材装备采购项目公开征集采购需求意见表.xlsx,"[{""attach_name"": ""周口市消防救援支队2026年度器材装备采购项目公开征集采购需求意见表.xlsx"", ""attach_url"": ""https://download.ccgp.gov.cn/oss/download?uuid=A8BB516A40CF7BCDB0A72B323270C1""}]",https://www.ccgp.gov.cn/cggg/zygg/qtgg/202609/t20260908_27287072.htm,2026-09-10 10:08:43,根据《中华人民共和国政府采购法》等有关规定，现对周口市消防救援支队2026年度器材装备采购项目进行其他招标，欢迎合格的供应商前来投标。 项目名称：周口市消防救援支队2026年度器材装备采购项目项目编号：项目联系方式：项目联系人：赵助理项目联系电话：0394-8580119 采购单位联系方式：采购单位：周口市消防救援支队采购单位地址：河南省周口市川汇区交通路西段消防救援支队采购单位联系方式：赵助理0394-8580119  一、采购项目内容 周口市消防救援支队2026年器材装备采购项目参数征集公告 根据《中华人民共和国政府采购法》、《政府采购需求管理办法》等有关规定，现就周口市消防救援支队2026年度器材装备采购项目参数征集面向潜在供应商征询意见。一、公告期限自本公告发布之日起至2026年9月16日12时止（北京时间）。二、回复征询意见格式及方式1、按照附件提供的格式要求，填写《周口市消防救援支队2026年度器材装备项目公开征集参数意见表》，若潜在供应商涉及多个品目，请汇总一个征集意见表发送至指定邮箱；2、征集意见表与公告品目一一对应，切勿将非公告内品目发至本公告邮箱账号；3、以单位全称+联系方式建立一个文件夹，将意见反馈表（盖章扫描件和excle电子版）和同品目历史成交的中标公告（网页截图PDF格式）放入该文件夹中，建立压缩包发至指定邮箱。三、相关要求1、满足主要功能用途和技术要求的同类产品详细的技术需求。其中技术性能和指标参数需尽量详尽具体，且与认证证书或检测报告型号一致。2、产品价格具体为产品本身市场价格，反馈的产品价格信息要真实准确，报价有效期不应少于6个月。提供同品目历史成交的中标公告网页截图（PDF格式）。3、报送时间以指定邮箱报送的时间、信息为准，逾期送达、匿名送达以及其他不符合上述条件的方式送达，我单位不予受理。4、资料发送邮箱号：zksxfzd@126.com。四、联系方式名    称：周口市消防救援支队地    址：河南省周口市川汇区交通路西段联 系 人：赵助理联系电话：0394-8580119  二、开标时间： 三、其它补充事宜 四、预算金额：预算金额：0.000000 万元（人民币）,公共安全,,中国政府采购网,,0.0,table,,,,,,,,,,,
国家粮食和物资储备局科学研究院绿色储粮技术推广服务（标段一）流标公告,流标公告,TC260R08L,2026年09月08日 15:20,北京市,国家粮食和物资储备局科学研究院,北京市西城区百万庄大街11号,孟祥雪010-58523663,中招国际招标有限公司,北京市海淀区学院南路62号中关村资本大厦,卢飒、李喆、于经理-15801326030,孟祥雪,010-58523663,,,https://www.ccgp.gov.cn/cggg/zygg/qtgg/202609/t20260908_27286354.htm,2026-09-10 10:08:43,一、项目基本情况 采购项目编号：TC260R08L 采购项目名称：绿色储粮技术推广服务 二、项目废标/流标的原因 标段一：此标段截止投标截止时间递交不足3家。 三、其他补充事宜 无 四、凡对本次公告内容提出询问，请按以下方式联系。 1.采购人信息 名 称：国家粮食和物资储备局科学研究院 地址：北京市西城区百万庄大街11号 联系方式：孟祥雪010-58523663 2.采购代理机构信息 名 称：中招国际招标有限公司 地 址：北京市海淀区学院南路62号中关村资本大厦 联系方式：卢飒、李喆、于经理-15801326030 3.项目联系方式 项目联系人：孟祥雪 电 话： 010-58523663,农林牧渔,,中国政府采购网,,,default,二、项目废标/流标的原因,,,,,,,,,,
中国传媒大学游泳馆承包经营管理项目（二次）废标公告,流标公告,,2026年09月08日 15:15,北京市,中国传媒大学,北京市朝阳区定福庄东街一号,刘老师 010-65783922,北京明德致信咨询有限公司,北京市海淀区学院路30号科大天工大厦B座1709室,王蕾蕾、赵文宇、吕绍山、周洁琼、王爽、王希、孙恺宁 010－61196170 wll@zbbmcc.com,王蕾蕾、赵文宇、吕绍山、周洁琼,,废标公告-1166(二次）.docx,"[{""attach_name"": ""废标公告-1166(二次）.docx"", ""attach_url"": ""https://download.ccgp.gov.cn/oss/download?uuid=2610FCE65EFFACCE68F01EFF48B0D7""}]",https://www.ccgp.gov.cn/cggg/zygg/qtgg/202609/t20260908_27286271.htm,2026-09-10 10:08:44,一、项目基本情况 采购项目编号：中传招标【2026】第057号/BMCC-ZC26-1166 采购项目名称：中国传媒大学游泳馆承包经营管理项目（二次） 二、项目废标/流标的原因 投标人不足3家，本项目做废标处理。 三、其他补充事宜 具体内容详见附件下载 四、凡对本次公告内容提出询问，请按以下方式联系。 1.采购人信息 名 称：中国传媒大学 地址：北京市朝阳区定福庄东街一号 联系方式：刘老师 010-65783922 2.采购代理机构信息 名 称：北京明德致信咨询有限公司 地 址：北京市海淀区学院路30号科大天工大厦B座1709室 联系方式：王蕾蕾、赵文宇、吕绍山、周洁琼、王爽、王希、孙恺宁 010－61196170 wll@zbbmcc.com 3.项目联系方式 项目联系人：王蕾蕾、赵文宇、吕绍山、周洁琼、王爽、王希、孙恺宁 电 话： 010－61196170,教育培训,,中国政府采购网,,,default,二、项目废标/流标的原因,,,,,,,,,,
上海市闵行区消防救援支队2026年部分基层站点更新老旧车库门采购项目比选公告,其他公告,JHXF-2026-001-025,2026年09月08日 15:12,上海市,闵行区消防救援支队,上海市闵行区莘松路585号,卢老师 021-64880119,上海建惠建设咨询有限公司,上海市徐汇区零陵路583号海洋石油大厦12楼,陈昕达 18321136759,陈昕达,18321136759,,,https://www.ccgp.gov.cn/cggg/zygg/qtgg/202609/t20260908_27286244.htm,2026-09-10 10:08:45,上海建惠建设咨询有限公司受闵行区消防救援支队 委托，根据《中华人民共和国政府采购法》等有关规定，现对上海市闵行区消防救援支队2026年部分基层站点更新老旧车库门采购项目进行其他招标，欢迎合格的供应商前来投标。 项目名称：上海市闵行区消防救援支队2026年部分基层站点更新老旧车库门采购项目项目编号：JHXF-2026-001-025项目联系方式：项目联系人：陈昕达项目联系电话：18321136759 采购单位联系方式：采购单位：闵行区消防救援支队采购单位地址：上海市闵行区莘松路585号采购单位联系方式：卢老师 021-64880119 代理机构联系方式：代理机构：上海建惠建设咨询有限公司代理机构联系人：陈昕达 18321136759代理机构地址： 上海市徐汇区零陵路583号海洋石油大厦12楼 一、采购项目内容（一）、项目基本情况项目编号：JHXF-2026-001-025项目名称：上海市闵行区消防救援支队2026年部分基层站点更新老旧车库门采购项目采购方式：根据采购人自行采购管理规定，本次采购采用比选方式预算金额：63.30万元（人民币）最高限价：63.30万元（人民币），响应人的报价若超过最高限价的，则将作无效响应处理。采购需求：本项目采购内容为：对申昆站、吴泾站、七宝站、浦锦站、华漕站、光华站共六个站点的老旧车库门实施拆除，并完成新车库门的采购、供货、运输、安装及配套售后服务。具体项目内容、比选范围及所应达到的具体要求，以比选文件“第四章  采购需求”为准。交付期：合同签订后30日内完成老旧车库门拆除、搬运、新车库门供货、安装、调试并交付使用。本项目不接受联合体响应。（二）、合格响应人的资格要求1.满足《中华人民共和国政府采购法》第二十二条规定；2.落实政府采购政策需满足的资格要求：本项目专门面向中、小、微型供应商采购。本项目所属行业为工业行业。3.本项目的特定资格要求：3.1响应人采购活动前3年（2023年9月至今）内在经营活动中无重大违法记录；3.2响应人必须具有良好的商业信誉和健全的财务会计制度，不得出现下列情况：（1）在国家信息中心“信用中国”（www.creditchina.gov.cn）被列为失信被执行人、重大税收违法失信主体；（2）在国家市场监督管理总局“国家企业信用信息公示系统”（www.gsxt.gov.cn）被列入经营异常名录或严重违法失信企业名单；（3）在财政部“中国政府采购网”（www.ccgp.gov.cn）被列入政府采购严重违法失信行为记录名单；3.3单位负责人为同一人或者存在直接控股、管理关系的不同供应商，不得参加同一合同项下的政府采购活动；3.4法人的分支机构以自己名义参与比选时，应提供由法人出具的对本比选活动承担全部直接责任的承诺。（三）、获取比选文件时间：2026年9月9日至2026年9月11日，每天上午9：30至11：30，下午13：00至16：00地点：上海市徐汇区零陵路583号海洋石油大厦1216室方式：携带1）法定代表人授权书原件及被授权人身份证复印件及被授权人近六个月内任意一个月社保缴纳证明资料；2）法人或者其他组织的营业执照等证明文件复印件（复印件加盖公章）进行现场报名及获取比选文件并按照比选文件要求参加比选活动。未在规定时间进行现场报名或所携带资料不全且不符合公告要求导致未能获取比选文件的报名将被拒绝。售价：人民币800元（现金），售后不退。（四）、响应文件提交截止时间：2026年9月17日14点30分（北京时间）地点：上海市徐汇区零陵路583号海洋石油大厦1217室（五）、开启时间：2026年9月17日14点30分（北京时间）地点：上海市徐汇区零陵路583号海洋石油大厦1217室开启注意事项：参加比选的响应人代表需为响应人本单位人员且具有合法有效的授权证明材料及身份证原件，若与比选响应文件内的被授权人不一致时，另需持证明材料，即法定代表人资格证明原件及法定代表人身份证原件复印件（法定代表人递交文件时提供，复印件加盖公章），或法定代表人授权委托书原件、被授权人身份证原件复印件及被授权人近六个月内任意一个月社保缴纳证明复印件（授权委托人递交文件时提供，复印件加盖公章，其中社保缴纳证明需体现被授权人名字及缴纳单位名称，且缴纳单位名称需与响应人名称相一致）。若与比选响应文件内的被授权人一致时，必须在比选响应文件中按比选文件规定格式提供法定代表人授权委托书并签字盖章，同时在比选响应文件中提供被授权人近六个月内任意一个月社保缴纳证明复印件（复印件加盖公章，其中社保缴纳证明需体现被授权人名字及缴纳单位名称，且缴纳单位名称需与响应人名称相一致）。（六）、公告期限自2026年9月9日至2026年9月11日止。 二、开标时间：2026年09月17日 14:30 三、其它补充事宜项目比选原因：按照采购人内部管理规定。以上信息若有变更我们会通过“中国政府采购网（www.ccgp.gov.cn）”通知，请响应人关注。 四、预算金额：预算金额：63.300000 万元（人民币）,公共安全,2026-09-17 14:30,中国政府采购网,根据采购人自行采购管理规定,63.3,table,,,,,,,,,,,
上海市闵行区消防救援支队2026年金都站、鲁汇站仓库货架采购项目比选公告,其他公告,JHXF-2026-001-023,2026年09月08日 15:11,上海市,闵行区消防救援支队,上海市闵行区莘松路585号,卢老师 021-64880119,上海建惠建设咨询有限公司,上海市徐汇区零陵路583号海洋石油大厦12楼,陈昕达 18321136759,陈昕达,18321136759,,,https://www.ccgp.gov.cn/cggg/zygg/qtgg/202609/t20260908_27286226.htm,2026-09-10 10:08:45,上海建惠建设咨询有限公司受闵行区消防救援支队 委托，根据《中华人民共和国政府采购法》等有关规定，现对上海市闵行区消防救援支队2026年金都站、鲁汇站仓库货架采购项目进行其他招标，欢迎合格的供应商前来投标。 项目名称：上海市闵行区消防救援支队2026年金都站、鲁汇站仓库货架采购项目项目编号：JHXF-2026-001-023项目联系方式：项目联系人：陈昕达项目联系电话：18321136759 采购单位联系方式：采购单位：闵行区消防救援支队采购单位地址：上海市闵行区莘松路585号采购单位联系方式：卢老师 021-64880119 代理机构联系方式：代理机构：上海建惠建设咨询有限公司代理机构联系人：陈昕达 18321136759代理机构地址： 上海市徐汇区零陵路583号海洋石油大厦12楼 一、采购项目内容（一）、项目基本情况项目编号：JHXF-2026-001-023项目名称：上海市闵行区消防救援支队2026年金都站、鲁汇站仓库货架采购项目采购方式：根据采购人自行采购管理规定，本次采购采用比选方式预算金额：28.04万元（人民币）最高限价：28.04万元（人民币），响应人的报价若超过最高限价的，则将作无效响应处理。采购需求：本项目采购内容主要为金都站、鲁汇站仓库货架的采购、供货、运输、安装及相关售后服务。具体项目内容、比选范围及所应达到的具体要求，以比选文件“第四章  采购需求”为准。交付期：合同签订后20日内完成供货安装并交付使用。本项目不接受联合体响应。（二）、合格响应人的资格要求1.满足《中华人民共和国政府采购法》第二十二条规定；2.落实政府采购政策需满足的资格要求：本项目专门面向中、小、微型供应商采购。本项目所属行业为工业行业。3.本项目的特定资格要求：3.1响应人采购活动前3年（2023年9月至今）内在经营活动中无重大违法记录；3.2响应人必须具有良好的商业信誉和健全的财务会计制度，不得出现下列情况：（1）在国家信息中心“信用中国”（www.creditchina.gov.cn）被列为失信被执行人、重大税收违法失信主体；（2）在国家市场监督管理总局“国家企业信用信息公示系统”（www.gsxt.gov.cn）被列入经营异常名录或严重违法失信企业名单；（3）在财政部“中国政府采购网”（www.ccgp.gov.cn）被列入政府采购严重违法失信行为记录名单；3.3单位负责人为同一人或者存在直接控股、管理关系的不同供应商，不得参加同一合同项下的政府采购活动；3.4法人的分支机构以自己名义参与比选时，应提供由法人出具的对本比选活动承担全部直接责任的承诺。（三）、获取比选文件时间：2026年9月9日至2026年9月11日，每天上午9：30至11：30，下午13：00至16：00地点：上海市徐汇区零陵路583号海洋石油大厦1216室方式：携带1）法定代表人授权书原件及被授权人身份证复印件及被授权人近六个月内任意一个月社保缴纳证明资料；2）法人或者其他组织的营业执照等证明文件复印件（复印件加盖公章）进行现场报名及获取比选文件并按照比选文件要求参加比选活动。未在规定时间进行现场报名或所携带资料不全且不符合公告要求导致未能获取比选文件的报名将被拒绝。售价：人民币800元（现金），售后不退。（四）、响应文件提交截止时间：2026年9月17日13点30分（北京时间）地点：上海市徐汇区零陵路583号海洋石油大厦1217室（五）、开启时间：2026年9月17日13点30分（北京时间）地点：上海市徐汇区零陵路583号海洋石油大厦1217室开启注意事项：参加比选的响应人代表需为响应人本单位人员且具有合法有效的授权证明材料及身份证原件，若与比选响应文件内的被授权人不一致时，另需持证明材料，即法定代表人资格证明原件及法定代表人身份证原件复印件（法定代表人递交文件时提供，复印件加盖公章），或法定代表人授权委托书原件、被授权人身份证原件复印件及被授权人近六个月内任意一个月社保缴纳证明复印件（授权委托人递交文件时提供，复印件加盖公章，其中社保缴纳证明需体现被授权人名字及缴纳单位名称，且缴纳单位名称需与响应人名称相一致）。若与比选响应文件内的被授权人一致时，必须在比选响应文件中按比选文件规定格式提供法定代表人授权委托书并签字盖章，同时在比选响应文件中提供被授权人近六个月内任意一个月社保缴纳证明复印件（复印件加盖公章，其中社保缴纳证明需体现被授权人名字及缴纳单位名称，且缴纳单位名称需与响应人名称相一致）。（六）、公告期限自2026年9月9日至2026年9月11日止。 二、开标时间：2026年09月17日 13:30 三、其它补充事宜项目比选原因：按照采购人内部管理规定。以上信息若有变更我们会通过“中国政府采购网（www.ccgp.gov.cn）”通知，请响应人关注。 四、预算金额：预算金额：28.040000 万元（人民币）,公共安全,2026-09-17 13:30,中国政府采购网,根据采购人自行采购管理规定,28.04,table,,,,,,,,,,,
中国人民大学通州新校区体育中心项目、体育中心配套工程监测测量（二次)磋商公告,其他公告,FWTJ-2026-5067,2026年09月08日 15:05,通州区,中国人民大学,北京市海淀区中关村大街59号,韩老师 010-62516681,中化商务有限公司,北京市丰台区丽泽路24号院平安幸福中心B座25层（邮编：100071）,王茜茹、李晓阳、黄凡010-83923535,王茜茹、李晓阳、黄凡项目联系电,010-83923535,磋商公告-中国人民大学通州新校区体育中心项目、体育中心配套工程监测测量（二次).docx,"[{""attach_name"": ""磋商公告-中国人民大学通州新校区体育中心项目、体育中心配套工程监测测量（二次).docx"", ""attach_url"": ""https://download.ccgp.gov.cn/oss/download?uuid=6D9B4166E4F837CDCF038779124793""}]",https://www.ccgp.gov.cn/cggg/zygg/qtgg/202609/t20260908_27286138.htm,2026-09-10 10:08:46,中化商务有限公司受中国人民大学 委托，根据《中华人民共和国政府采购法》等有关规定，现对中国人民大学通州新校区体育中心项目、体育中心配套工程监测测量（二次)进行其他招标，欢迎合格的供应商前来投标。 项目名称：中国人民大学通州新校区体育中心项目、体育中心配套工程监测测量（二次)项目编号：FWTJ-2026-5067项目联系方式：项目联系人：王茜茹、李晓阳、黄凡项目联系电话：010-83923535 采购单位联系方式：采购单位：中国人民大学采购单位地址：北京市海淀区中关村大街59号采购单位联系方式：韩老师 010-62516681 代理机构联系方式：代理机构：中化商务有限公司代理机构联系人：王茜茹、李晓阳、黄凡010-83923535代理机构地址： 北京市丰台区丽泽路24号院平安幸福中心B座25层（邮编：100071） 一、采购项目内容（一）、项目基本情况：采购方式：（校内）磋商最高限价：本项目设最高总限价41.89万元（人民币）。采购需求：1.项目概况：中国人民大学通州新校区体育中心项目、体育中心配套工程，总建筑面积41890平方米。2.采购范围：体育中心项目、体育中心配套工程基坑工程第三方监测、建筑物沉降观测、报规面积实测、竣工测量等相关工作，不含管廊保护区、地铁保护区施工专项监测。3.服务期限：自合同签订之日起至本项目竣工验收合格完成全部监测测量工作止。计划工期906日历天，其中基坑施工计划工期为189日历天，均为计划工期，本合同履行期限以实际工期为准，如实际工期发生变化，合同价格不做任何调整。4.项目地点：北京市通州区潞城镇中国人民大学通州校区。5.是否专门面向中小企业或小型、微型企业采购：否，本项目所属行业为：其他未列明行业。（二）、申请人的资格要求：1. 满足《中华人民共和国政府采购法》第二十二条规定；2. 落实政府采购政策需满足的资格要求：无。3. 本项目的特定资格要求：（1）本项目首次响应文件提交截止之日前被列入失信被执行人、重大税收违法案件当事人名单、政府采购严重违法失信行为记录名单（处罚期限尚未届满的），不得参与本项目的（校内）磋商，[以“信用中国”网站（www.creditchina.gov.cn）和“中国政府采购网”（www.ccgp.gov.cn）采购代理机构评审当日的查询记录为准]；（2）具备建设行政主管部门颁发的以下资质之一（具备①或者②）：①建设行政主管部门颁发的工程勘察综合甲级资质（或《建设工程企业资质管理制度改革方案》实施后取得的工程勘察综合资质且在有效期内）；②具备岩土工程物探测试检测监测乙级及以上资质（或《建设工程企业资质管理制度改革方案》实施后取得的岩土工程专业乙级及以上资质）和工程测量专业甲级资质。（3）具备自然资源主管部门颁发的测绘甲级资质证书（或2021版新测绘资质管理政策实施前测绘单位已有的房产测绘甲级资质证书且仍在有效期内）。（4）项目负责人具备注册土木工程师（岩土）执业资格或本专业高级专业技术职称。（5）近五年（2021年9月1日至2026年8月31日，以合同签订时间为准）具有已完成的公共建筑监测测量类项目。（6）本项目不接受联合体参与。（三）、获取采购文件时间：2026年09月08日至2026年09月11日，每天上午09:00至11:00，下午13:00至17:00（北京时间，法定节假日除外）地点：中化商务电子招投标平台(ebid.sinochemitc.com)方式：（1）潜在供应商通过免费注册并登录中化商务电子招投标平台(ebid.sinochemitc.com)获取本项目磋商文件及增值税电子普通发票。曾在“化云数智”（d.sinochemitc.com）平台注册的供应商无需重复注册，凭借注册手机号即可登录。（2）详细操作手册请登录中化商务电子招投标平台页面上方“帮助中心”模块获取。中化商务电子招投标平台技术支持联系电话：0574-22762073。（3）供应商应充分考虑平台注册、资料上传、平台复核、网上支付等流程所需的时间，务必在获取文件截止时间前完成所有手续，否则将无法保证获取磋商文件。售价：人民币0元整。（四）、响应文件提交截止时间：2026年09月17日09:30（北京时间）地点：北京市丰台区丽泽路24号院平安幸福中心B座12层1226会议室（五）、开启开启时间：2026年09月17日09:30（北京时间）地点：北京市丰台区丽泽路24号院平安幸福中心B座12层1226会议室（六）、公告期限自本公告发布之日起4个工作日。 二、开标时间：2026年09月17日 09:30 三、其它补充事宜（一）、接受首次响应文件时间：首次响应文件请于磋商当日、响应文件提交截止时间之前提交至响应文件提交地点。迟到的以及不符合磋商文件密封要求的首次响应文件将被拒绝接收。（二）、本项目磋商公告内容以省级以上财政部门指定媒体发布的公告为准。（三）、本项目需落实的政府采购政策（不适用的除外）：1. 执行节能产品政府优先采购和强制采购制度；2. 执行环境标志产品政府优先采购制度；3.执行《政府采购促进中小企业发展管理办法》、《关于进一步加大政府采购支持中小企业力度的通知》；4. 执行《关于政府采购支持监狱企业发展有关问题的通知》；5.执行《关于促进残疾人就业政府采购政策的通知》。 四、预算金额：预算金额：41.890000 万元（人民币）,教育培训,2026-09-17 09:30,中国政府采购网,（校内）磋商,41.89,table,,,,,,,,,,,
泸州市消防救援支队个人防护装备及车辆采购项目其他,其他公告,/,2026年09月08日 15:01,市辖区,泸州市消防救援支队,泸州市消防救援支队,陈老师,成都千一工程项目咨询有限公司,成都市武侯区二环路南三段5号人南大厦B座8楼,张老师 028-85599888,张老师,028-85599888,"论证参数.pdf,专家签到表 (2).pdf","[{""attach_name"": ""论证参数.pdf"", ""attach_url"": ""https://download.ccgp.gov.cn/oss/download?uuid=745BEED78381269D904A9EA160C2AB""}, {""attach_name"": ""专家签到表 (2).pdf"", ""attach_url"": ""https://download.ccgp.gov.cn/oss/download?uuid=814F9BD013274F1866842CC611512C""}]",https://www.ccgp.gov.cn/cggg/zygg/qtgg/202609/t20260908_27286092.htm,2026-09-10 10:08:46,一、项目基本情况 采购项目编号：/ 采购项目名称：个人防护装备及车辆采购项目 二、项目废标/流标的原因 无 三、其他补充事宜 个人防护装备采购项目参数论证公示 一．项目信息1.项目名称：个人防护装备及车辆采购项目2.拟采购的货物或服务的说明：采购个人防护装备及车辆3.拟采购的货物或服务的预算金额：车辆98万元，个人防护装备152.74万元4.单一来源原因及相关说明本项目非单一来源采购。现对本项目的参数论证进行公示。二、拟定供应商信息1.名称：/2.地址：/三、专家论证意见 序号 专家姓名 工作单位 职务（职称） 论证意见 1 郭世彬 退休 高工 见专家论证意见附件 2 郭宇鑫 成都佳绩建筑劳务有限公司 中级 见专家论证意见附件 3 杨恒宇 业主代表 / 见专家论证意见附件 4 税翰煜 业主代表 / 见专家论证意见附件 四、公示期限2026年09月09日08时00分至2026年09月15日17时30分（北京时间，法定节假日除外。）五、异议反馈时限2026年09月09日08时00分至2026年09月15日17时00分六、其他需要公示内容请各供应商对公示的内容是否有倾向性、歧视性、排他性等提出建议。各潜在供应商对公示内容如有异议，请于公示期内以书面形式向采购人和采购代理机构提出质疑(由法定代表人签字、盖章并加盖单位公章)，由法定代表人或其授权代表携带本人身份证件提交（邮寄、传真件不予受理）。逾期未提交或未按照要求提交的质疑函将不予受理。七、联系方式1. 采购人信息名称：泸州市消防救援支队地址：泸州市江阳区酒城大道二段丹艳路119号联系人：陈老师联系方式：0830-2646357采购代理机构信息名称：成都千一工程项目咨询有限公司地址：成都市武侯区二环路南三段5号人南大厦B座8楼联系人：张老师联系方式：028-85599888 四、凡对本次公告内容提出询问，请按以下方式联系。 1.采购人信息 名 称：泸州市消防救援支队 地址：泸州市消防救援支队 联系方式：陈老师 2.采购代理机构信息 名 称：成都千一工程项目咨询有限公司 地 址：成都市武侯区二环路南三段5号人南大厦B座8楼 联系方式：张老师 028-85599888 3.项目联系方式 项目联系人：张老师 电 话： 028-85599888,公共安全,,中国政府采购网,,,default,二、项目废标/流标的原因,,,,,,,,,,
哈尔滨市消防救援支队轨道交通大队-器材装备购置项目技术参数公开公告,其他公告,,2026年09月08日 15:00,哈尔滨市,哈尔滨市消防救援支队,黑龙江省哈尔滨市香坊区和平路111号（哈尔滨市消防救援支队）,李路遥，0451-51798019,详见公告正文,详见公告正文,详见公告正文,李路遥,0451-51798019,装备采购参数.docx,"[{""attach_name"": ""装备采购参数.docx"", ""attach_url"": ""https://download.ccgp.gov.cn/oss/download?uuid=27CBF1765C9A637BD0ADFF722AD763""}]",https://www.ccgp.gov.cn/cggg/zygg/qtgg/202609/t20260908_27286088.htm,2026-09-10 10:08:47,根据《中华人民共和国政府采购法》等有关规定，现对哈尔滨市消防救援支队轨道交通大队-器材装备购置项目技术参数公开公告进行其他招标，欢迎合格的供应商前来投标。 项目名称：哈尔滨市消防救援支队轨道交通大队-器材装备购置项目技术参数公开公告项目编号：项目联系方式：项目联系人：李路遥项目联系电话：0451-51798019 采购单位联系方式：采购单位：哈尔滨市消防救援支队采购单位地址：黑龙江省哈尔滨市香坊区和平路111号（哈尔滨市消防救援支队）采购单位联系方式：李路遥，0451-51798019  一、采购项目内容详见附件 二、开标时间： 三、其它补充事宜 四、预算金额：预算金额：0.000000 万元（人民币）,公共安全,,中国政府采购网,,0.0,table,,,,,,,,,,,
北京中医药大学东直门医院《基层非中医类别医师“西学中”专题培训》第三方实施服务项目废标公告,流标公告,B0708-CMC26N7344,2026年09月08日 14:57,北京市,北京中医药大学东直门医院,北京市东城区海运仓5号,魏老师 010-84013265,中国机械进出口(集团)有限公司,北京市丰台区金泽东路通用时代中心C座,郭女士、张女士、刘先生   电话：010-81168212 邮箱：guochangqian@cmc.gt.cn,郭女士、张女士、刘先生,010-81168212,,,https://www.ccgp.gov.cn/cggg/zygg/qtgg/202609/t20260908_27286048.htm,2026-09-10 10:08:48,一、项目基本情况 采购项目编号：B0708-CMC26N7344 采购项目名称：北京中医药大学东直门医院《基层非中医类别医师“西学中”专题培训》第三方实施服务项目 二、项目废标/流标的原因 因至递交文件截止时间，递交文件的供应商不足三家，该项目废标。 三、其他补充事宜 无 四、凡对本次公告内容提出询问，请按以下方式联系。 1.采购人信息 名 称：北京中医药大学东直门医院 地址：北京市东城区海运仓5号 联系方式：魏老师 010-84013265 2.采购代理机构信息 名 称：中国机械进出口(集团)有限公司 地 址：北京市丰台区金泽东路通用时代中心C座 联系方式：郭女士、张女士、刘先生 电话：010-81168212 邮箱：guochangqian@cmc.gt.cn 3.项目联系方式 项目联系人：郭女士、张女士、刘先生 电 话： 010-81168212,医疗卫生,,中国政府采购网,,,default,二、项目废标/流标的原因,,,,,,,,,,
中国疾病预防控制中心传染病预防控制所壹号楼南侧（正面）外立面维修项目其他,其他公告,ICDCHQC20250905,2026年09月08日 14:42,昌平区,中国疾病预防控制中心传染病预防控制所,北京市昌平区昌百路155号传染病所A107室,焦振得，010-58900734，jiaozhende@icdc.cn,详见公告正文,详见公告正文,详见公告正文,焦振得,010-58900734,采购文件-壹号楼南侧外立面维修.zip,"[{""attach_name"": ""采购文件-壹号楼南侧外立面维修.zip"", ""attach_url"": ""https://download.ccgp.gov.cn/oss/download?uuid=393D051FB45189E0D85EDA13E4AF75""}]",https://www.ccgp.gov.cn/cggg/zygg/qtgg/202609/t20260908_27286242.htm,2026-09-10 10:08:49,根据《中华人民共和国政府采购法》等有关规定，现对壹号楼南侧（正面）外立面维修项目进行其他招标，欢迎合格的供应商前来投标。 项目名称：壹号楼南侧（正面）外立面维修项目项目编号：ICDCHQC20250905项目联系方式：项目联系人：焦振得项目联系电话：010-58900734 采购单位联系方式：采购单位：中国疾病预防控制中心传染病预防控制所采购单位地址：北京市昌平区昌百路155号传染病所A107室采购单位联系方式：焦振得，010-58900734，jiaozhende@icdc.cn  一、采购项目内容中国疾病预防控制中心传染病预防控制所（传染病所）在北京昌平园区（昌百路155号），就“壹号楼南侧（正面）外立面维修项目”，依据传染病所采购工作管理办法的有关规定，参照竞争性谈判的评选方式，邀请合格供应商就以下采购内容提交采购响应文件。 二、开标时间：2026年09月15日 09:30 三、其它补充事宜 四、预算金额：预算金额：26.000000 万元（人民币）,其他,,中国政府采购网,,26.0,table,,,,,,,,,,,
国家体育总局安阳航空运动学校飞机维修购置项目废标公告,流标公告,GDCG-2026-026,2026年09月08日 14:33,北关区,国家体育总局安阳航空运动学校,安阳市胜利路41号院内,乔超、张健；0372-2910174、0372-2913272,高达建设管理发展有限责任公司,安阳市城乡一体化示范区双创科技中心C区4层,李香君、仝锐；0372-2965212、18537214020,李香君、仝锐,0372-2965212、18537214020,,,https://www.ccgp.gov.cn/cggg/zygg/qtgg/202609/t20260908_27285779.htm,2026-09-10 10:08:49,一、项目基本情况 采购项目编号：GDCG-2026-026 采购项目名称：国家体育总局安阳航空运动学校飞机维修购置项目 二、项目废标/流标的原因 至递交投标文件截止时间止，投标单位不足三家，本项目废标。 三、其他补充事宜 本次公告在《中国政府采购网》《中国采购与招标网》《国家体育总局安阳航空运动学校网站》上发布。 四、凡对本次公告内容提出询问，请按以下方式联系。 1.采购人信息 名 称：国家体育总局安阳航空运动学校 地址：安阳市胜利路41号院内 联系方式：乔超、张健；0372-2910174、0372-2913272 2.采购代理机构信息 名 称：高达建设管理发展有限责任公司 地 址：安阳市城乡一体化示范区双创科技中心C区4层 联系方式：李香君、仝锐；0372-2965212、18537214020 3.项目联系方式 项目联系人：李香君、仝锐 电 话： 0372-2965212、18537214020,教育培训,,中国政府采购网,,,default,二、项目废标/流标的原因,,,,,,,,,,
淮安市消防救援支队健身房健身器材采购项目（二次）比选公告,其他公告,JSQCCG-,2026年09月08日 14:19,淮安市开发区,淮安市消防救援支队,淮安经济技术开发区威海路8号,联系人：胡指导       联系方式：19516886380,江苏咨苏工程咨询有限责任公司,淮安经济技术开发区厦门路21号希尔顿欢朋酒店16楼,联系人：陈工      联系方式：18082012919,陈工,1808201291,比选公告.docx,"[{""attach_name"": ""比选公告.docx"", ""attach_url"": ""https://download.ccgp.gov.cn/oss/download?uuid=61B783759A5A647221987551509DFC""}]",https://www.ccgp.gov.cn/cggg/zygg/qtgg/202609/t20260908_27285649.htm,2026-09-10 10:08:50,江苏咨苏工程咨询有限责任公司受淮安市消防救援支队 委托，根据《中华人民共和国政府采购法》等有关规定，现对淮安市消防救援支队健身房健身器材采购项目（二次）进行其他招标，欢迎合格的供应商前来投标。 项目名称：淮安市消防救援支队健身房健身器材采购项目（二次）项目编号：JSQCCG-比选-20260703项目联系方式：项目联系人：陈工项目联系电话：1808201291 采购单位联系方式：采购单位：淮安市消防救援支队采购单位地址：淮安经济技术开发区威海路8号采购单位联系方式：联系人：胡指导 联系方式：19516886380 代理机构联系方式：代理机构：江苏咨苏工程咨询有限责任公司代理机构联系人：联系人：陈工 联系方式：18082012919代理机构地址： 淮安经济技术开发区厦门路21号希尔顿欢朋酒店16楼 一、采购项目内容受淮安市消防救援支队委托，江苏咨苏工程咨询有限责任公司就该单位淮安市消防救援支队健身房健身器材采购项目（二次）进行比选，现邀请符合条件的供应商参加比选。项目概况:淮安市消防救援支队健身房健身器材采购项目（二次）的潜在供应商应在江苏咨苏工程咨询有限责任公司领取比选文件，并于2026年9月14日 9时 00分（北京时间）前递交响应文件。一、项目基本情况（一）项目编号：JSQCCG-比选-20260703（二）项目名称：淮安市消防救援支队健身房健身器材采购项目（二次）（三）采购方式：比选（四）预算金额：29.718 万元（五）最高限价：人民币29.718万元（供应商的响应总价及各分项单价均不得超过对应最高限价，各分项单价限价详见采购清单；否则其响应文件将被视为无效）（六）采购需求：健身房健身器材采购及安装，具体参数详见比选文件第五章（七）合同履行期限：合同签订后60日内供货安装调试完成（八）本项目（□是þ否）联合体比选。（九）本项目采购标的对应的中小企业划分标准所属行业为工业。二、申请人的资格要求（一）符合《中华人民共和国政府采购法》第二十二条规定的条件；（二）落实政府采购政策需满足的资格要求： 本项目按照以下第  1  种方式落实政府采购促进中小企业发展的要求：1.本项目为专门面向中小企业采购的项目。2.本项目通过以下第（）种方式预留部分采购份额采购中小企业服务：（1）本项目要求供应商以联合体形式参加，中小企业合同金额应当达到的比例为%，其中小微企业所占比例应为%（两项比例均应符合《政府采购促进中小企业发展管理办法》第八条规定）。（2）本项目要求供应商进行合同分包，中小企业合同金额应当达到的比例为%，其中小微企业所占比例应为%（两项比例均应符合《政府采购促进中小企业发展管理办法》第八条规定）。3.本项目为非预留份额的采购项目，对小微企业报价给予扣除，用扣除后的价格参加评审，具体详见第二章“供应商须知”第32.1项。注：监狱企业、残疾人福利性单位视同小微企业。符合中小企业划分标准的个体工商户，在政府采购活动中视同中小企业，享受政府采购支持中小企业发展政策。（三）本项目的特定资格要求：无；（四）拒绝下述条件的供应商参加本次采购活动：1.供应商单位负责人为同一人或者存在直接控股、管理关系的不同供应商，不得同时参加同一合同项下的政府采购活动。2.凡为采购项目提供整体设计、规范编制或者项目管理、监理、检测等服务的供应商，不得再参加本项目的采购活动。3.供应商被“信用中国”网站、“中国政府采购网”列入失信被执行人、重大税收违法案件当事人名单、政府采购严重违法失信行为记录名单。三、比选文件发布信息1.本次公告在中国政府采购网发布。2.公告期限、比选文件获取时间期限、地点及方式：2.1公告期限：2026年9月9日—2026年9月11日。2.2比选文件获取信息：报名起止时间：2026年9月9日—2026年 9月11 日上午9：00—11：30；下午2：00—5：30（节假日除外），携带法人资格证明或法人代表授权委托书原件（备注邮箱、联系电话）、营业执照复印件、法人或委托人身份证复印件并加盖公章报名。2.3文件材料费：人民币壹佰元/份，（售后不退）。未报名比选文件的供应商的响应文件将被拒绝。联系人：陈工，电话：18082012919。注：如果比选供应商未按要求购买文本文件并留下详细联系方式，而导致代理公司无法通知比选文件的更正或修改的，其责任由供应商自行承担。四、响应文件提交1.响应文件递交开始时间：2026年9月14日9时00分2.响应文件接收截止时间：2026年9月14日9时00分3.响应文件接收地点：淮安经济技术开发区厦门路21号希尔顿欢朋酒店16楼开标室4.响应文件接收人：陈工    电话：18082012919五、开启1.时间：2026年9月14日9时00分2.地点：淮安经济技术开发区厦门路21号希尔顿欢朋酒店16楼开标室六、公告期限自本公告发布之日起三个工作日。七、其他补充事宜1.比选保证金：根据苏财购〔2020〕52号文件要求，为进一步降低供应商投标成本，取消政府采购比选保证金。2.履约保证金:为保证合同的顺利执行，成交人必须在合同签订之前，向采购人提交金额为成交总价3%的履约保证金。3.评标办法：综合评分法。八、对本次比选提出询问，请按以下方式联系1.采购人信息名称： 淮安市消防救援支队地址：淮安经济技术开发区威海路8号联系人：胡指导联系电话：195168863802.采购代理机构信息名称：江苏咨苏工程咨询有限责任公司地址：淮安经济技术开发区厦门路21号希尔顿欢朋酒店16楼联系人：陈工联系方式：18082012919     二、开标时间：2026年09月14日 09:00 三、其它补充事宜 四、预算金额：预算金额：29.718000 万元（人民币）,公共安全,2026-09-14 09:00,中国政府采购网,比选,29.718,table,,,,,,,,,,,
江南大学微流控器官芯片废标公告,流标公告,2640SUMEC/GXGG1091,2026年09月08日 13:51,江苏省,江南大学,无锡市蠡湖大道1800号,田老师0510-85912155、黄老师0510-85326007,江苏苏美达仪器设备有限公司,南京市长江路198号,文件发售：李婧怡025-84532580，技术咨询：朱琳025-84532546、陈晓芳025-84531293,朱琳,025-84532546,,,https://www.ccgp.gov.cn/cggg/zygg/qtgg/202609/t20260908_27285509.htm,2026-09-10 10:08:50,一、项目基本情况 采购项目编号：2640SUMEC/GXGG1091 采购项目名称：微流控器官芯片 二、项目废标/流标的原因 本项目因故废标。 三、其他补充事宜 无 四、凡对本次公告内容提出询问，请按以下方式联系。 1.采购人信息 名 称：江南大学 地址：无锡市蠡湖大道1800号 联系方式：田老师0510-85912155、黄老师0510-85326007 2.采购代理机构信息 名 称：江苏苏美达仪器设备有限公司 地 址：南京市长江路198号 联系方式：文件发售：李婧怡025-84532580，技术咨询：朱琳025-84532546、陈晓芳025-84531293 3.项目联系方式 项目联系人：朱琳 电 话： 025-84532546,教育培训,,中国政府采购网,,,default,二、项目废标/流标的原因,,,,,,,,,,
天津大学后勤保障与基本建设部天津大学食堂燃气报警系统购置及安装项目采购快速磋商公告,其他公告,TDZC2026N0138,2026年09月08日 13:47,天津市,天津大学,天津市南开区卫津路92号,巩老师、蔡老师022-27407504（招标办）,上海建科造价咨询有限公司,天津市河西区大沽南路882号10号楼303,常欣宇、刘牧晖、周子雯、付雅雯、温立军、范继文  15690906185、15222651888,常欣宇、刘牧晖、周子雯、付雅雯,15690906185、15222651888,,,https://www.ccgp.gov.cn/cggg/zygg/qtgg/202609/t20260908_27285493.htm,2026-09-10 10:08:51,上海建科造价咨询有限公司受天津大学 委托，根据《中华人民共和国政府采购法》等有关规定，现对天津大学后勤保障与基本建设部天津大学食堂燃气报警系统购置及安装项目采购项目进行其他招标，欢迎合格的供应商前来投标。 项目名称：天津大学后勤保障与基本建设部天津大学食堂燃气报警系统购置及安装项目采购项目项目编号：TDZC2026N0138项目联系方式：项目联系人：常欣宇、刘牧晖、周子雯、付雅雯、温立军、范继文项目联系电话：15690906185、15222651888 采购单位联系方式：采购单位：天津大学采购单位地址：天津市南开区卫津路92号采购单位联系方式：巩老师、蔡老师022-27407504（招标办） 代理机构联系方式：代理机构：上海建科造价咨询有限公司代理机构联系人：常欣宇、刘牧晖、周子雯、付雅雯、温立军、范继文 15690906185、15222651888代理机构地址： 天津市河西区大沽南路882号10号楼303 一、采购项目内容（一）项目名称：天津大学后勤保障与基本建设部天津大学食堂燃气报警系统购置及安装项目采购项目（二）项目编号： TDZC2026N0138（三）项目内容采购需求：本项目采购燃气报警系统购置及安装服务，本项目分为2个标段，兼投不兼中，本项目不接受进口产品参与磋商，具体要求详见项目需求书。预算金额：62.00万元；第一标段：北洋园校区，预算40万元；第二标段：卫津路校区，预算22万元。本项目不接受联合体磋商并不得分包转包。（四）项目需要落实的政府采购政策中小企业划分标准所属行业：工业1. 根据《政府采购促进中小企业发展管理办法》、《财政部关于进一步加大政府采购支持中小企业力度的通知》财库〔2022〕19号规定，本项目对小型和微型企业产品的价格给予10%的扣除。2. 根据财政部发布的《关于政府采购支持监狱企业发展有关问题的通知》规定，本项目对监狱企业产品的价格给予10%的扣除。3. 根据财政部、民政部、中国残疾人联合会发布的《关于促进残疾人就业政府采购政策的通知》规定，本项目对残疾人福利性单位产品的价格给予10%的扣除。注：小微企业以供应商填写的《中小企业声明函》为判定标准，残疾人福利性单位以制造商《残疾人福利性单位声明函》为判定标准，监狱企业须提供由省级以上监狱管理局、戒毒管理局（含新疆生产建设兵团）出具的制造商属于监狱企业的证明文件，否则不予认定。以上政策不重复享受。4. 根据《国务院办公厅关于在政府采购中实施本国产品标准及相关政策的通知》国办发〔2025〕34号规定，政府采购活动中既有本国产品又有非本国产品参与竞争的，依法对本国产品给予价格评审优惠，对本国产品的报价给予20%的价格扣除，用扣除后的价格参与评审。当采购项目或者采购包中含有多种产品，供应商为该采购项目或者采购包提供的符合本国产品标准的产品成本之和占该供应商提供的全部产品成本之和的比例达到80%以上时，依法对该供应商提供的全部产品给予价格评审优惠，即对该供应商提供的全部产品的总报价给予20%的价格扣除，用扣除后的价格参与评审。注：供应商提供的产品符合本国产品标准，需出具《关于符合本国产品标准的声明函》（格式见第七章响应文件格式附件8-4）或财政部会同有关部门规定的有关证明文件，如提供的产品均不符合本国产品标准，则无需提供声明函或有关证明文件。供应商提供的符合本国产品标准的产品成本之和占该供应商提供的全部产品（全部产品是指货物或服务采购包件中包含的全部货物、服务产品）成本之和的比例达到80%以上，供应商除需提供以上声明函或证明文件外，还需提供产品成本占比承诺函（格式见第七章响应文件格式附件8-5）。占比不足80%的，无需提供承诺函。5. 按照《关于调整优化节能产品、环境标志产品政府采购执行机制的通知》（财库〔2019〕9号）文件要求，对政府采购节能、环境标志品目清单内的产品实施优先采购和强制采购的评标方法。6. 涉及商品包装或快递包装的，按照《财政部办公厅、生态环境部办公厅、国家邮政局办公室关于印发<商品包装政府采购需求标准（试行）>、<快递包装政府采购需求标准（试行）>的通知》（财办库〔2020〕123号）要求执行。7．按照《财政部关于在政府采购活动中查询及使用信用记录有关问题的通知》（财库〔2016〕125号）的要求，根据磋商当日查询“信用中国”网站（www.creditchina.gov.cn）、中国政府采购网（www.ccgp.gov.cn）的信息，对列入失信被执行人、重大税收违法失信主体、政府采购严重违法失信行为记录名单及其他不符合《中华人民共和国政府采购法》第二十二条规定条件的供应商，拒绝参与政府采购活动，同时代理机构对信用信息查询记录和证据进行打印存档。（五）供应商资格要求1. 满足《中华人民共和国政府采购法》第二十二条规定；（1）供应商须是在中华人民共和国注册，具备独立承担民事责任的能力；提供营业执照或事业单位法人证书或民办非企业单位登记证书或社会团体法人登记证书或基金会法人登记证书；（2）供应商须提供经第三方会计师事务所审计的2025年度财务审计报告或响应文件开启时间前3个月以内银行出具的资信证明；（3）供应商须提供提交响应文件截止时间前6个月内任意一个月缴纳社会保险费的相关证明材料；（4）供应商须提供税款所属期为提交响应文件截止时间前6个月内任意一个月依法纳税的相关证明材料；（5）供应商须提供响应文件开启时间前3年在经营活动中没有重大违法记录的书面声明（截至响应文件开启时间成立不足3年的供应商可提供自成立以来无重大违法记录的书面声明）。（6）若为进口产品代理商参与本次投标，代理商需出具制造商(经销商)针对本项目的授权书；提供经销商授权的代理商还需出具制造商给经销商授权书。（7）供应商具备履行合同所必需的设备和专业技术能力，提供承诺书。2. 落实政府采购政策需满足的资格要求：按照《财政部关于在政府采购活动中查询及使用信用记录有关问题的通知》（财库〔2016〕125号）的要求，根据磋商当日查询“信用中国”网站（www.creditchina.gov.cn）、中国政府采购网（www.ccgp.gov.cn）的信息，对列入失信被执行人、重大税收违法失信主体、政府采购严重违法失信行为记录名单及其他不符合《中华人民共和国政府采购法》第二十二条规定条件的供应商，拒绝参与政府采购活动，同时代理机构对信用信息查询记录和证据进行打印存档。3. 本项目的特定资格要求：若为供应商的法定代表人参加磋商，须提供法定代表人资格证明书原件加盖公章和法定代表人身份证明原件或复印件加盖公章；供应商若为授权代表参加磋商，还须提供法定代表人授权委托书原件（需由法定代表人及授权代表签字或盖章并加盖公章）和授权代表身份证明原件或复印件加盖公章。（六）磋商文件发售1. 获取磋商文件的时间：2026年09月08日至2026年09月11日出售磋商文件，每日9：00-11：00，14：00-17：00（法定节假日除外）。2. 获取磋商文件的方式：<1>现场获取：上海建科造价咨询有限公司（天津空天数字产业园-天津市河西区大沽南路882号10号楼303）。<2>邮件获取：为保证开票信息的准确性，请将独立法人资格证明文件复印件发送至SHJK_tjzb@126.com邮箱，邮件中注明联系人、联系电话。邮件主题为“获取磋商文件：项目编号+公司名称”；核对信息无误后，向供应商发送付款方式；确认收到文件费支付截图后向供应商发送电子版磋商文件。纸质文件可自取或另行邮寄。（注：获取磋商文件日期以标书款到账日期为准。）3.磋商文件的售价：本磋商文件售价500元，一经售出，概不退还。（七）提交磋商响应文件截止时间及地点1. 响应文件提交的截止时间：2026年09月17日上午09:30（逾期送达或未按照磋商文件要求密封的响应文件概不接受。）2. 响应文件递交地点：上海建科造价咨询有限公司（天津空天数字产业园-天津市河西区大沽南路882号10号楼108开标室）3. 响应文件开启时间：2026年09月17日上午09:304. 响应文件开启地点：上海建科造价咨询有限公司（天津空天数字产业园-天津市河西区大沽南路882号10号楼108开标室）5. 响应文件递交方式现场递交：供应商须由法定代表人或授权代表现场递交响应文件（含对响应文件的有效修改、澄清文件）。（八）磋商时间及地点磋商时间及地点：2026年09月17日上午09:30（北京时间）在上海建科造价咨询有限公司（天津空天数字产业园-天津市河西区大沽南路882号10号楼108开标室）召开。届时请参加磋商的授权代表出席。 二、开标时间：2026年09月17日 09:30 三、其它补充事宜无 四、预算金额：预算金额：62.000000 万元（人民币）,教育培训,,中国政府采购网,,62.0,table,,,,,,,,,,,
吉林大学部分公用楼宇相关电气改造工程高压电力项目监理服务一标段中标候选人公示,其他公告,CCS20260709FJSZ04001001,2026年09月08日 13:41,长春市,吉林大学,吉林省长春市前进大街2699号,方永刚0431-85167313,江苏仁禾中衡工程咨询房地产估价有限公司,吉林省长春市生态大街五洲国际二期6栋305室,刘作祥0431-80546028,刘作祥,0431-80546028,,,https://www.ccgp.gov.cn/cggg/zygg/qtgg/202609/t20260908_27285464.htm,2026-09-10 10:08:52,"江苏仁禾中衡工程咨询房地产估价有限公司受吉林大学 委托，根据《中华人民共和国政府采购法》等有关规定，现对吉林大学部分公用楼宇相关电气改造工程高压电力项目监理服务一标段进行其他招标，欢迎合格的供应商前来投标。 项目名称：吉林大学部分公用楼宇相关电气改造工程高压电力项目监理服务一标段项目编号：CCS20260709FJSZ04001001项目联系方式：项目联系人：刘作祥项目联系电话：0431-80546028 采购单位联系方式：采购单位：吉林大学采购单位地址：吉林省长春市前进大街2699号采购单位联系方式：方永刚0431-85167313 代理机构联系方式：代理机构：江苏仁禾中衡工程咨询房地产估价有限公司代理机构联系人：刘作祥0431-80546028代理机构地址： 吉林省长春市生态大街五洲国际二期6栋305室 一、采购项目内容 江苏仁禾中衡工程咨询房地产估价有限公司受吉林大学的委托,对吉林大学部分公用楼宇相关电气改造工程高压电力项目监理服务一标段进行公开招标,该项目于2026年9月7日09时30分在吉林省公共资源交易一体化平台进行公开开标，现将本次评标结果公布如下：项目名称：吉林大学部分公用楼宇相关电气改造工程高压电力项目监理服务一标段招标编号：CCS20260709FJSZ04001001中标候选人信息：第一中标候选人：吉林省胜浩工程项目管理有限公司统一信用代码：91220106MA17ALWQ3F地址：长春市绿园区锦阳路 18 号吉林油田长化职工住宅小区 6 栋 506 号房投标报价：450000元项目负责人：石宏江证书编号：11018027推荐原因：综合排序第一第二中标候选人：长春一汽建设监理有限责任公司统一信用代码：912201011240311675地址：-长春市汽车产业开发区锦程大街 2769 号投标报价：455000元项目负责人：赵莹证书编号：22006706推荐原因：综合排序第二第三中标候选人：吉林省建城工程咨询有限公司统一信用代码：912201017153073058地址：吉林省长春市净月开发区生态大街 3777 号长春净月明宇广场 A2 栋 8 楼 805？1投标报价：470000元项目负责人：赵倩证书编号：22005155推荐原因：综合排序第三建设规模：项目属于校园基础设施改造更新。建设内容主要对各校区部分公用楼宇所在校园园区进行电力增容及变配电改造，投资金额约2900万元。项目建设地点：吉林大学中心校区。招标范围：完成高压电力项目前期准备阶段、施工阶段、工程竣工验收阶段、竣工资料整理及备案阶段、竣工结算和决算阶段、缺陷责任阶段、质量保修阶段、审计阶段等阶段的全过程监理服务，踏查、梳理本项目相关楼宇、区域用电基本情况，项目执行过程中及项目完成后配合迎接上级管理部门的审核、审查，协助报送相关技术资料，提供相应技术支持等。监理服务期限：自合同签订之日起至2027年10月31日。质量标准：符合国家现行标准《建设工程监理规范》及吉林省地方标准《建设工程监理规范实施细则》。中标候选人公示3个工作日。如果本项目的投标人对评标结果有异议，请在公示期内以书面形式向招标人或招标代理机构提出。发布公告的媒介：本次中标候选人公告在《中国政府采购网》《中国招标投标公共服务平台》《吉林省公共资源交易公共服务平台》《长春市公共资源交易网》《吉林大学招标与采购管理中心（http://cgglzx.jlu.edu.cn/）网站》上发布。对本次招标提出询问，请按以下方式联系。1.采购人信息招标人：吉林大学 地  址：吉林省长春市前进大街2699号 联系人：方永刚 电  话：0431-85167313招标代理机构：江苏仁禾中衡工程咨询房地产估价有限公司地  址：吉林省长春市生态大街五洲国际二期6栋305室联系人：刘作祥电  话：0431-80546028招标监督管理部门：长春新区招投标管理办公室联系电话：0431-81335731十、建设工程招标投标领域扫黑除恶专项斗争线索举报方式：1.吉林省建设工程招标投标领域扫黑除恶专项斗争线索举报方式：电话：0431-82752638  邮箱：jstzbc123@126.com地址：长春市贵阳街287号建设大厦428室招投标管理处邮编：1300512.长春市建设工程招标投标领域扫黑除恶专项斗争线索举报方式：电话：0431-88779829  邮箱：ccjw88779829@163.com地址：长春市南关区华新街700号邮编：130000 二、开标时间：2026年09月07日 09:30 三、其它补充事宜 四、预算金额：预算金额：49.000000 万元（人民币）",教育培训,,中国政府采购网,,49.0,table,,,,,,,,,,,
哈尔滨工业大学量子超精密测量平台废标公告,流标公告,HITZB-2026000068,2026年09月08日 13:20,南岗区,哈尔滨工业大学,哈尔滨市南岗区西大直街92号,0451-86417955,忱义工程项目管理有限公司,黑龙江省哈尔滨市群力新区丽江路3936号银泰城写字楼27层,刘女士18946185481,刘女士,18946185481,,,https://www.ccgp.gov.cn/cggg/zygg/qtgg/202609/t20260908_27285413.htm,2026-09-10 10:08:53,一、项目基本情况 采购项目编号：HITZB-2026000068 采购项目名称：哈尔滨工业大学量子超精密测量平台 二、项目废标/流标的原因 经评审，有效供应商不足三家，本项目废标。 三、其他补充事宜 无 四、凡对本次公告内容提出询问，请按以下方式联系。 1.采购人信息 名 称：哈尔滨工业大学 地址：哈尔滨市南岗区西大直街92号 联系方式：0451-86417955 2.采购代理机构信息 名 称：忱义工程项目管理有限公司 地 址：黑龙江省哈尔滨市群力新区丽江路3936号银泰城写字楼27层 联系方式：刘女士18946185481 3.项目联系方式 项目联系人：刘女士 电 话： 18946185481,教育培训,,中国政府采购网,,,default,二、项目废标/流标的原因,,,,,,,,,,
中华人民共和国黄埔出入境边防检查站2026年船艇保险采购项目比价公告,其他公告,HP2026016,2026年09月08日 13:20,黄埔区,中华人民共和国黄埔出入境边防检查站,广东省广州市黄埔区中山大道东87号,王警官020-32090410,详见公告正文,详见公告正文,详见公告正文,王警官,020-32090410,"中华人民共和国黄埔出入境边防检查站2026年船艇保险采购项目比价公告.docx,中华人民共和国黄埔出入境边防检查站2026年船艇保险采购项目比价需求书（发布稿）.doc","[{""attach_name"": ""中华人民共和国黄埔出入境边防检查站2026年船艇保险采购项目比价公告.docx"", ""attach_url"": ""https://download.ccgp.gov.cn/oss/download?uuid=93AB437244DA837C4AD3D02ACF9F9A""}, {""attach_name"": ""中华人民共和国黄埔出入境边防检查站2026年船艇保险采购项目比价需求书（发布稿）.doc"", ""attach_url"": ""https://download.ccgp.gov.cn/oss/download?uuid=6849B7C0B7A5BB2F960DB8D1C30306""}]",https://www.ccgp.gov.cn/cggg/zygg/qtgg/202609/t20260908_27285515.htm,2026-09-10 10:08:53,根据《中华人民共和国政府采购法》等有关规定，现对中华人民共和国黄埔出入境边防检查站2026年船艇保险采购项目进行其他招标，欢迎合格的供应商前来投标。 项目名称：中华人民共和国黄埔出入境边防检查站2026年船艇保险采购项目项目编号：HP2026016项目联系方式：项目联系人：王警官项目联系电话：020-32090410 采购单位联系方式：采购单位：中华人民共和国黄埔出入境边防检查站采购单位地址：广东省广州市黄埔区中山大道东87号采购单位联系方式：王警官020-32090410  一、采购项目内容中华人民共和国黄埔出入境边防检查站2026年船艇保险采购项目进行比价（本项目不属于政府采购法规定的集中采购目录内项目，预算金额未达到采购限额标准，依据本单位内控制度采用比价方式采购），欢迎具有相应服务资格和完成该项目能力的供应商参加。一、项目内容具体内容要求见需求书。二、项目预算40.99万元（含税价）。三、供应商资格要求1.供应商具备《政府采购法》第二十二条所规定的条件；2.供应商具有相应供货、服务资格和完成该采购项目能力，具体要求见需求书。四、获取需求书公告之日起在规定的截止时间内直接在该网页下载附件。五、报价文件递交2026年9月11日15时之前通过电子邮箱发送扫描件。主要扫描件包括：比价采购登记表、营业执照、保险许可证或金融许可证、报价明细表、偿付能力、风险综合评级证明材料和授权书等比价文件中要求的资料。以上文件都要加盖公章后再扫描发送邮箱，且发送邮箱时将“项目名称+公司名称”作为邮件标题进行标注。 六、报价期限及延期若在2026年9月11日15时之前，报价供应商有三家及以上，此次报价期限结束。若不足三家，从上述截止时间起，自动延期三个工作日。报价截止时间即为开始比价时间，如延期则同步顺延至2026年9月16日15时。若第二次截止时间（2026年9月16日15时）仍不足三家报价，采购人有权重新组织采购或依法变更采购方式，不再自动延期。七、采购单位、地址和联系方式单位：中华人民共和国黄埔出入境边防检查站地址：广州市黄埔区中山大道东87号 王警官：020-32090410；邮箱：hpbjzfcg@163.com 二、开标时间：2026年09月11日 15:00 三、其它补充事宜 四、预算金额：预算金额：40.990000 万元（人民币）,服务外包,,中国政府采购网,,40.99,table,,,,,,,,,,,
泰州市消防救援支队鉴定站鉴定设施设备采购项目公开比选公告,其他公告,JSJT-XF2026009,2026年09月08日 12:32,泰州市医药高新区,泰州市消防救援支队,泰州市青年南路18号,华敏 13921724119,江苏建泰工程项目管理有限公司,泰州医药高新区华润万象城双子塔东塔52楼,袁女士 0523-81908859,袁女士,0523-81908859,,,https://www.ccgp.gov.cn/cggg/zygg/qtgg/202609/t20260908_27285280.htm,2026-09-10 10:08:54,江苏建泰工程项目管理有限公司受泰州市消防救援支队 委托，根据《中华人民共和国政府采购法》等有关规定，现对泰州市消防救援支队鉴定站鉴定设施设备采购项目进行其他招标，欢迎合格的供应商前来投标。 项目名称：泰州市消防救援支队鉴定站鉴定设施设备采购项目项目编号：JSJT-XF2026009项目联系方式：项目联系人：袁女士项目联系电话：0523-81908859 采购单位联系方式：采购单位：泰州市消防救援支队采购单位地址：泰州市青年南路18号采购单位联系方式：华敏 13921724119 代理机构联系方式：代理机构：江苏建泰工程项目管理有限公司代理机构联系人：袁女士 0523-81908859代理机构地址： 泰州医药高新区华润万象城双子塔东塔52楼 一、采购项目内容       项目概况       泰州市消防救援支队鉴定站鉴定设施设备采购项目 的潜在供应商应在 江苏建泰工程项目管理有限公司（泰州医药高新区华润万象城双子塔东塔52楼）获取采购文件，并于 2026年9月16日9点30分（北京时间）前提交响应文件。（一）项目基本情况项目编号：JSJT-XF2026009项目名称：泰州市消防救援支队鉴定站鉴定设施设备采购项目采购方式：公开比选预算金额：17.296098万元最高限价：17.296098万元采购需求：泰州市消防救援支队鉴定站鉴定设施设备采购，具体详见比选文件。合同履行期限：30日历天。本项目不接受联合体，不接受进口产品。（二）申请人的资格要求1.满足《中华人民共和国政府采购法》第二十二条规定。2.落实政府采购政策需满足的资格要求：本项目不专门面向中小微企业、监狱企业、残疾人福利性单位，对符合条件的小型和微型企业、残疾人福利单位、监狱企业给予10%的扣除价格，用扣除后的价格参与评审。3.本项目的特定资格要求：无。4.未被“信用中国”网站（www.creditchina.gov.cn）列入失信被执行人、重大税收违法失信主体、政府采购严重失信行为记录名单。5.单位负责人为同一人或者存在直接控股、管理关系的不同供应商，不得同时参加同一合同项下的采购活动。为采购项目提供整体设计、规范编制或者项目管理、监理、检测等服务的供应商，不得再参加本项目的采购活动。（三）获取采购文件时间：2026年9月9日至2026年9月11日，每天 8时30分 至 12时 ， 14时 至 17时30分 （北京时间，法定节假日除外 ）地点：泰州医药高新区华润万象城双子塔东塔52楼方式：持授权委托书至现场或将授权委托书盖章扫描件发送到指定邮箱（注明联系人姓名、联系电话、邮箱），邮箱地址：3828958463@qq.com。售价：壹佰伍拾元整，售后不退。（四）响应文件提交提交时间：2026年9月16日9点00分至9点30分（北京时间）地点：泰州医药高新区华润万象城双子塔东塔52楼5201开标室（五）开启时间：2026年9月16日9点30分（北京时间）地点：泰州医药高新区华润万象城双子塔东塔52楼5201开标室（六）公告期限自本公告发布之日起3个工作日。（七）其他补充事宜1.本次响应文件制作份数要求：正本1份，副本2份，电子响应文件U盘1份（内容含响应文件盖章扫描的电子档）；2.本项目不接受响应人以邮递、电子邮件等方式递交的响应文件，响应文件应由其法定代表人或持法人代表委托书的授权代表于开标前当面提交。3.本项目采购公告、成交公告、更正公告等在中国政府采购网发布。 二、开标时间：2026年09月16日 09:30 三、其它补充事宜无 四、预算金额：预算金额：17.296098 万元（人民币）,公共安全,2026-09-16 09:30,中国政府采购网,公开比选,17.296098,table,,,,,,,,,,,
金堂县消防救援大队2026年-2028年健康体检采购项目废标公告,流标公告,CYZX-2026070169,2026年09月08日 12:32,金堂县,金堂县消防救援大队,成都市金堂县成金大道1699号,杨老师，028-84938119,四川宸禹工程咨询有限公司,成都市成华区成致路50号银龙国际11栋18层1806号,任老师，028-86252116,任老师,028-86252116,"评审报告(3).pdf,金堂县消防救援大队2026年-2028年健康体检采购项目-上网稿.docx","[{""attach_name"": ""评审报告(3).pdf"", ""attach_url"": ""https://download.ccgp.gov.cn/oss/download?uuid=AA9E73C6E6236D196A2A48B76CA23F""}, {""attach_name"": ""金堂县消防救援大队2026年-2028年健康体检采购项目-上网稿.docx"", ""attach_url"": ""https://download.ccgp.gov.cn/oss/download?uuid=56824F692A428DE6E0EE53D7BEF8EF""}]",https://www.ccgp.gov.cn/cggg/zygg/qtgg/202609/t20260908_27285278.htm,2026-09-10 10:08:54,一、项目基本情况 采购项目编号：CYZX-2026070169 采购项目名称：金堂县消防救援大队2026年-2028年健康体检采购项目 二、项目废标/流标的原因 通过资格有效供应商不足三家。 三、其他补充事宜 无 四、凡对本次公告内容提出询问，请按以下方式联系。 1.采购人信息 名 称：金堂县消防救援大队 地址：成都市金堂县成金大道1699号 联系方式：杨老师，028-84938119 2.采购代理机构信息 名 称：四川宸禹工程咨询有限公司 地 址：成都市成华区成致路50号银龙国际11栋18层1806号 联系方式：任老师，028-86252116 3.项目联系方式 项目联系人：任老师 电 话： 028-86252116,公共安全,,中国政府采购网,,,default,二、项目废标/流标的原因,,,,,,,,,,
南开大学金融学院CRSP数据库服务采购项目(NK2026F068)单一来源采购公告,其他公告,NK2026F068,2026年09月08日 12:23,天津市,南开大学,天津市南开区卫津路94号,于老师、牛老师022-23501661,天津倚天工程咨询有限公司,天津市河西区环岛西路公建别墅5号“导航搜索倚天机构”,16602602370/18526100791,尹宝媛、佟丽萍、徐珊珊、付维,16602602370,,,https://www.ccgp.gov.cn/cggg/zygg/qtgg/202609/t20260908_27285229.htm,2026-09-10 10:08:55,"天津倚天工程咨询有限公司受南开大学 委托，根据《中华人民共和国政府采购法》等有关规定，现对南开大学金融学院CRSP数据库服务采购项目进行其他招标，欢迎合格的供应商前来投标。 项目名称：南开大学金融学院CRSP数据库服务采购项目项目编号：NK2026F068项目联系方式：项目联系人：尹宝媛、佟丽萍、徐珊珊、付维、张雨琦项目联系电话：16602602370/18526100791 采购单位联系方式：采购单位：南开大学采购单位地址：天津市南开区卫津路94号采购单位联系方式：于老师、牛老师022-23501661 代理机构联系方式：代理机构：天津倚天工程咨询有限公司代理机构联系人：16602602370/18526100791代理机构地址： 天津市河西区环岛西路公建别墅5号“导航搜索倚天机构” 一、采购项目内容根据南开大学相关规定，天津倚天工程咨询有限公司受南开大学的委托，拟对南开大学金融学院CRSP数据库服务采购项目开展单一来源采购活动，兹邀请合格的供应商参加单一来源协商。一、项目基本情况1.项目编号：NK2026F068。2.项目名称：南开大学金融学院CRSP数据库服务采购项目3.采购方式：学校自行采购（单一来源，非政府采购）。4.预算（人民币）：500599元；最高限价：500599元。5.合同履行期限：见采购文件项目需求书。6.业经单一来源采购公示的供应商（此为出版商）：Center for Research in Security Prices, LLC。7.采购需求：采购CRSP数据库服务。具体要求详见采购文件项目需求书。二、供应商资格要求1.供应商须具有独立法人资格，具备营业执照或事业单位法人证书或民办非企业单位登记证书或社会团体法人登记证书或基金会法人登记证书；2.供应商须具备有效期范围内的《出版物进口经营许可证》；3.供应商须具备有效期范围内的《出版物经营许可证》；4.供应商须具有良好的商业信誉和健全的财务会计制度；5.供应商须具有履行合同所必需的设备和专业技术能力；6.供应商须具有依法缴纳税收和社会保障资金的良好记录；7.供应商参加本次采购活动前3年内，须在经营活动中没有重大违法记录；8.供应商未被列入失信被执行人、重大税收违法失信主体、政府采购严重违法失信行为记录名单；9.供应商须提供出版商出具的授权书；10.本项目不接受联合体参与响应。三、采购文件的获取1.时间：2026年09月09日至2026年09月15日，每天上午9:00至12:00，下午14:00至16:00。（北京时间，法定节假日除外）。2.方式：登录南开大学招投标管理办公室网站（网址：https://nkzbb.nankai.edu.cn/），在“供应商注册”端口注册成功后，通过“校外用户”端口报名参加本项目采购活动，报名成功后在线下载采购文件。供应商应保证注册报名信息的真实、准确、完整。3.售价：0元。四、投标（响应）文件的提交与解密供应商须通过南开大学采购招标管理信息平台（简称“系统”，登录https://nkzbb.nankai.edu.cn/，点击页面右侧校外用户登录）进行网上投标（响应）。参与采购活动的供应商须按系统提示办理CA证书，并使用 CA 证书通过系统上传电子投标（响应）文件。请供应商根据自身互联网网速和稳定性等多种因素，尽量提前登录系统，确保提交电子投标（响应）文件、解密等操作在规定时间内完成。（一）文件提交1.提交时间：2026年09月16日13：30前完成提交。逾期提交文件系统不予接收。2.提交方式：供应商按要求使用CA证书，通过系统上传加密后的电子投标（响应）文件。除此之外，本项目不接受以其他方式提交的投标（响应）文件。（二）文件解密1.解密时间：2026年09月16日13：30开始解密，2026年09月16日14：00前完成解密。逾期未解密的投标（响应）文件，不能进入开标和评审流程。2.解密方式：供应商应通过互联网在线操作完成电子投标（响应）文件的解密和报价展示。（三）评审时间：2026年09月16日14：00。（四）评审地点：天津倚天工程咨询有限公司（天津市河西区环岛西路公建别墅5号“导航搜索倚天机构”）。五、注意事项1.本采购项目通过南开大学采购招标管理信息平台发布采购文件的澄清、修改等内容，信息一经发布，即视为送达。供应商须及时接收和查阅相关信息，未按要求及时查阅的自行承担相应后果。在评审过程中，供应商应保持网络和通讯畅通，因网络和通讯不畅造成的一切后果由供应商自行承担。2.参与采购活动的供应商须按相关程序办理CA证书和安装投标（响应）文件编制工具、CA证书驱动、签章软件后方可在系统上传投标（响应）文件。详细操作说明见系统中的《供应商操作手册》（登录系统后可查看）。CA办理需要时日，请参与本项目的供应商务必匡算好时间，尽可能提早办理。因办理时间晚、邮寄时间晚以及其他不可抗力原因造成供应商不能顺利参加响应活动的，采购人不承担任何责任。3.本项目推荐使用的浏览器为：IE10及以上的版本浏览器、360浏览器兼容模式、搜狗浏览器兼容模式。4.系统使用过程中遇到技术问题可拨打系统技术支持电话400-808-5975转2。5.法定代表人或单位负责人为同一个人或者存在直接控股、管理关系的不同供应商，不得同时参与本采购项目。如发现同时报名参与的情形，评审时将同时被拒绝。6.供应商若出现《南开大学采购招标供应商管理办法》中规定的不良行为的，将列入“供应商不良行为名单”，禁止三年内参与学校自采项目的采购招标活动。六、联系方式1.采购人：名称：南开大学地址：天津市南开区卫津路94号联系人：于老师、牛老师电话：022-23501661网站地址：https://nkzbb.nankai.edu.cn/电子邮箱：zbb@nankai.edu.cn2.采购代理机构：名 称：天津倚天工程咨询有限公司地 址：天津市河西区环岛西路公建别墅5号“导航搜索倚天机构”联系人：尹宝媛、佟丽萍、徐珊珊、付维、张雨琦 电话：16602602370/18526100791电子邮箱：yitianzb@126.com汇款银行及账号：账户名称：天津倚天工程咨询有限公司 账户号码：12050162700100000964开户银行：中国建设银行（天津津滨支行） 行号：105110050286 二、开标时间：2026年09月16日 13:30 三、其它补充事宜无 四、预算金额：预算金额：50.059900 万元（人民币）",教育培训,,中国政府采购网,学校自行采购（单一来源,50.0599,table,,,,,,,,,,,
郑州经济技术开发区消防救援大队经南七路特勤站正规化建设项目（二次）包2流标公告,流标公告,,2026年09月08日 12:08,郑州市,郑州经济技术开发区消防救援大队,郑州经济技术开发区崇光路50号,魏先生 15136171192,河南省通力建设工程咨询有限公司,郑州市经开区航海路与经开第八大街交叉口富田财富广场2202室,王梦楠、王继辉、曹红伟 0371-63373060、19337893501,王梦楠、王继辉、曹红伟,0371-63373060、19337893501,,,https://www.ccgp.gov.cn/cggg/zygg/qtgg/202609/t20260908_27285148.htm,2026-09-10 10:08:55,一、项目基本情况 采购项目编号：豫通力招【2026】第138号 采购项目名称：郑州经济技术开发区消防救援大队经南七路特勤站正规化建设项目（二次） 二、项目废标/流标的原因 响应文件递交截止时间止，递交响应文件的供应商不足三家，本项目流标。 三、其他补充事宜 本次公告在《中国政府采购网》、《中国招标投标公共服务平台》、《河南招标采购综合网》上同时发布。 四、凡对本次公告内容提出询问，请按以下方式联系。 1.采购人信息 名 称：郑州经济技术开发区消防救援大队 地址：郑州经济技术开发区崇光路50号 联系方式：魏先生 15136171192 2.采购代理机构信息 名 称：河南省通力建设工程咨询有限公司 地 址：郑州市经开区航海路与经开第八大街交叉口富田财富广场2202室 联系方式：王梦楠、王继辉、曹红伟 0371-63373060、19337893501 3.项目联系方式 项目联系人：王梦楠、王继辉、曹红伟 电 话： 0371-63373060、19337893501,公共安全,,中国政府采购网,,,default,二、项目废标/流标的原因,,,,,,,,,,
全自动金丝键合设备采购项目结果公示,其他公告,0722-26FE6322SZF-0,2026年09月08日 11:49,深圳市,zycgr21071303,深圳市南山区,联  系  人：徐老师 电      话：0755-85902223/85902242,中国远东国际招标有限公司,深圳市福田区上步南路1001号锦峰大厦24楼,联系人姓名：李工、叶工 电话：（洽购招标文件）0755-83629806/83629816/83629826 （其他咨询）0755-82078919、82077364 传真：0755-82077519 邮箱：info@zgyd11.com、dwq@zgyd11.com,王工、程工,0755-82078919、82077364转164、140,全自动金丝键合设备采购项目结果公示.pdf,"[{""attach_name"": ""全自动金丝键合设备采购项目结果公示.pdf"", ""attach_url"": ""https://download.ccgp.gov.cn/oss/download?uuid=A84A024A0DC5E8257D7472BCE85F24""}]",https://www.ccgp.gov.cn/cggg/zygg/qtgg/202609/t20260908_27284896.htm,2026-09-10 10:08:56,一、项目基本情况 采购项目编号：0722-26FE6322SZF-0 采购项目名称：全自动金丝键合设备采购项目 二、项目废标/流标的原因 根据《中华人民共和国政府采购法》第三十六条规定，在招标采购中，出现下列情形之一的，应予废标：（一）符合专业条件的供应商或者对招标文件作实质响应的供应商不足三家的；（二）出现影响采购公正的违法、违规行为的；（三）投标人的报价超过了采购预算，采购人不能支付的；（四）因重大变故，采购任务取消的。根据《中华人民共和国政府采购法》第三十六条第（一）款的规定，本项目废标。 三、其他补充事宜 具体公告内容详见附件 四、凡对本次公告内容提出询问，请按以下方式联系。 1.采购人信息 名 称：zycgr21071303 地址：深圳市南山区 联系方式：联 系 人：徐老师 电 话：0755-85902223/85902242 2.采购代理机构信息 名 称：中国远东国际招标有限公司 地 址：深圳市福田区上步南路1001号锦峰大厦24楼 联系方式：联系人姓名：李工、叶工 电话：（洽购招标文件）0755-83629806/83629816/83629826 （其他咨询）0755-82078919、82077364 传真：0755-82077519 邮箱：info@zgyd11.com、dwq@zgyd11.com 3.项目联系方式 项目联系人：王工、程工 电 话： 0755-82078919、82077364转164、140,设备购置,,中国政府采购网,,,default,二、项目废标/流标的原因,,,,,,,,,,
zycgr21070801室温3-1-1T三轴超导磁体系统项目废标公告,流标公告,A-SYSCGGN20260700158/ZB202607150,2026年09月08日 11:47,安徽省,zycgr21070801,安徽省合肥市内,苗老师，0551-65099990,鼎信数智技术集团股份有限公司,安徽省合肥市经济技术开发区翡翠路港澳广场A座17-20层,0551-65860136-8611,汪浩扬、张春梅,13365513306,,,https://www.ccgp.gov.cn/cggg/zygg/qtgg/202609/t20260908_27284881.htm,2026-09-10 10:08:57,一、项目基本情况 采购项目编号：A-SYSCGGN20260700158/ZB202607150 采购项目名称：zycgr21070801室温3-1-1T三轴超导磁体系统 二、项目废标/流标的原因 对招标文件作实质响应的供应商不足三家。 三、其他补充事宜 无。 四、凡对本次公告内容提出询问，请按以下方式联系。 1.采购人信息 名 称：zycgr21070801 地址：安徽省合肥市内 联系方式：苗老师，0551-65099990 2.采购代理机构信息 名 称：鼎信数智技术集团股份有限公司 地 址：安徽省合肥市经济技术开发区翡翠路港澳广场A座17-20层 联系方式：0551-65860136-8611 3.项目联系方式 项目联系人：汪浩扬、张春梅 电 话： 13365513306,其他,,中国政府采购网,,,default,二、项目废标/流标的原因,,,,,,,,,,
zycgr21070801兼容强磁场NV探针扫描系统项目废标公告,流标公告,A-SYSCGGN20260700156/ZB202607153,2026年09月08日 11:47,安徽省,zycgr21070801,安徽省合肥市内,苗老师，0551-65099990,鼎信数智技术集团股份有限公司,安徽省合肥市经济技术开发区翡翠路港澳广场A座17-20层,0551-65860136-8611,汪浩扬、张春梅,13365513306,,,https://www.ccgp.gov.cn/cggg/zygg/qtgg/202609/t20260908_27284878.htm,2026-09-10 10:08:57,一、项目基本情况 采购项目编号：A-SYSCGGN20260700156/ZB202607153 采购项目名称：zycgr21070801兼容强磁场NV探针扫描系统 二、项目废标/流标的原因 对招标文件作实质响应的供应商不足三家。 三、其他补充事宜 无。 四、凡对本次公告内容提出询问，请按以下方式联系。 1.采购人信息 名 称：zycgr21070801 地址：安徽省合肥市内 联系方式：苗老师，0551-65099990 2.采购代理机构信息 名 称：鼎信数智技术集团股份有限公司 地 址：安徽省合肥市经济技术开发区翡翠路港澳广场A座17-20层 联系方式：0551-65860136-8611 3.项目联系方式 项目联系人：汪浩扬、张春梅 电 话： 13365513306,其他,,中国政府采购网,,,default,二、项目废标/流标的原因,,,,,,,,,,
端侧高性能推理服务器采购项目结果公示,其他公告,0722-26FE6232SZF-0,2026年09月08日 11:47,深圳市,zycgr21071303,深圳市南山区,联  系  人：徐老师 电      话：0755-85902223/85902242,中国远东国际招标有限公司,深圳市福田区上步南路1001号锦峰大厦24楼,联系人姓名：李工、叶工 电话：（洽购招标文件）0755-83629806/83629816/83629826 （其他咨询）0755-82078919、82077364 传真：0755-82077519 邮箱：info@zgyd11.com、dwq@zgyd11.com,程工、王工,0755-82078919、82077364转140、164,端侧高性能推理服务器采购项目结果公示.pdf,"[{""attach_name"": ""端侧高性能推理服务器采购项目结果公示.pdf"", ""attach_url"": ""https://download.ccgp.gov.cn/oss/download?uuid=D0723B1A369C945954BCF59DF07308""}]",https://www.ccgp.gov.cn/cggg/zygg/qtgg/202609/t20260908_27284879.htm,2026-09-10 10:08:58,一、项目基本情况 采购项目编号：0722-26FE6232SZF-0 采购项目名称：端侧高性能推理服务器采购项目 二、项目废标/流标的原因 根据《中华人民共和国政府采购法》第三十六条规定：在招标采购中，出现下列情形之一的，应予废标： （一）符合专业条件的供应商或者对招标文件作实质响应的供应商不足三家的；（二）出现影响采购公正的违法、违规行为的；（三）投标人的报价超过了采购预算，采购人不能支付的；（四）因重大变故，采购任务取消的。依据《中华人民共和国政府采购法》第三十六条第（一）款的规定，本项目采购失败。 三、其他补充事宜 具体公告内容详见附件 四、凡对本次公告内容提出询问，请按以下方式联系。 1.采购人信息 名 称：zycgr21071303 地址：深圳市南山区 联系方式：联 系 人：徐老师 电 话：0755-85902223/85902242 2.采购代理机构信息 名 称：中国远东国际招标有限公司 地 址：深圳市福田区上步南路1001号锦峰大厦24楼 联系方式：联系人姓名：李工、叶工 电话：（洽购招标文件）0755-83629806/83629816/83629826 （其他咨询）0755-82078919、82077364 传真：0755-82077519 邮箱：info@zgyd11.com、dwq@zgyd11.com 3.项目联系方式 项目联系人：程工、王工 电 话： 0755-82078919、82077364转140、164,服务外包,,中国政府采购网,,,default,二、项目废标/流标的原因,,,,,,,,,,
中华人民共和国福州机场出入境边防检查站单警装备等采购项目其他,其他公告,FZJCBJZ-2026-0901,2026年09月08日 11:46,长乐市,中华人民共和国福州机场出入境边防检查站,福州市长乐区漳港街道翔通一路7号福州机场边检站,林警官，15980125378,详见公告正文,详见公告正文,详见公告正文,林警官,15980125378,（定稿）福州机场边检站单警装备等采购文件.doc,"[{""attach_name"": ""（定稿）福州机场边检站单警装备等采购文件.doc"", ""attach_url"": ""https://download.ccgp.gov.cn/oss/download?uuid=7A70DC3F621FDFD6E61E7A3B1C4D19""}]",https://www.ccgp.gov.cn/cggg/zygg/qtgg/202609/t20260908_27285204.htm,2026-09-10 10:08:59,根据《中华人民共和国政府采购法》等有关规定，现对单警装备等采购项目进行其他招标，欢迎合格的供应商前来投标。 项目名称：单警装备等采购项目项目编号：FZJCBJZ-2026-0901项目联系方式：项目联系人：林警官项目联系电话：15980125378 采购单位联系方式：采购单位：中华人民共和国福州机场出入境边防检查站采购单位地址：福州市长乐区漳港街道翔通一路7号福州机场边检站采购单位联系方式：林警官，15980125378  一、采购项目内容中华人民共和国福州机场出入境边防检查站对单警装备等采购项目进行国内比价采购，现欢迎国内合格的报价人前来提交密封的报价。1、比价项目名称、数量及技术、服务要求：详见报价人须知、比价内容及要求；2、报价截止时间响应文件应于2026年9月17日10：00之前通过邮寄（或直接送达）的方式将纸质报价材料提交到福建省福州市长乐区漳港街道翔通一路7号福州机场出入境边防检查站（林警官收），逾期收到的响应文件无效（以快递或现场签收时间为准）。3、报价启封时间、地点 3.1报价启封时间：2026年9月17日10:00；3.2报价启封地点：福州机场出入境边防检查站4、采购项目联系方式联系人姓名：林警官 电话：15980125378 采购监督人：郭警官             监督电话：0591-28620011 二、开标时间：2026年09月17日 10:00 三、其它补充事宜 四、预算金额：预算金额：21.790000 万元（人民币）,其他,,中国政府采购网,,21.79,table,,,,,,,,,,,
四川大学望江校区颠覆性协同创新大楼项目施工过程审计咨询服务公开招标废标公告,流标公告,SCCX,2026年09月08日 11:35,四川省,四川大学,成都市武侯区一环路南一段24号,王老师028-85405542,四川辰希招标代理有限公司,成都市高新区府城大道西段399号天府新谷8栋1单元11楼1103号,林老师028-85960093,林老师,028-85960093,,,https://www.ccgp.gov.cn/cggg/zygg/qtgg/202609/t20260908_27284757.htm,2026-09-10 10:08:59,一、项目基本情况 采购项目编号：SCCX〔2026〕092号 采购项目名称：四川大学望江校区颠覆性协同创新大楼项目施工过程审计咨询服务 二、项目废标/流标的原因 递交投标文件的供应商不足法定数量。 三、其他补充事宜 / 四、凡对本次公告内容提出询问，请按以下方式联系。 1.采购人信息 名 称：四川大学 地址：成都市武侯区一环路南一段24号 联系方式：王老师028-85405542 2.采购代理机构信息 名 称：四川辰希招标代理有限公司 地 址：成都市高新区府城大道西段399号天府新谷8栋1单元11楼1103号 联系方式：林老师028-85960093 3.项目联系方式 项目联系人：林老师 电 话： 028-85960093,教育培训,,中国政府采购网,,,default,二、项目废标/流标的原因,,,,,,,,,,
宁夏回族自治区消防救援总队2026年车辆装备集中采购项目（灭火救援类）采购需求调查公告,其他公告,/,2026年09月08日 11:26,宁夏回族自治区,宁夏自治区消防救援总队,银川市兴庆区北京东路169号,王助理  0951-5057620,宁夏自治区消防救援总队,/,/,王助理,0951-5057620,"附件2：填表须知.docx,附件1-2：宁夏回族自治区消防救援总队2026年车辆装备配备项目（灭火救援类）技术参数.docx,附件3：需求问卷调查表、需求调查明细表.docx,附件1-1：宁夏回族自治区消防救援总队2026年车辆装备配备项目（灭火救援类）分包表.xls","[{""attach_name"": ""附件2：填表须知.docx"", ""attach_url"": ""https://download.ccgp.gov.cn/oss/download?uuid=D5278F5215D0F55B19895F8B54D499""}, {""attach_name"": ""附件1-2：宁夏回族自治区消防救援总队2026年车辆装备配备项目（灭火救援类）技术参数.docx"", ""attach_url"": ""https://download.ccgp.gov.cn/oss/download?uuid=20225E47360C9C58A1B0C32DA23247""}, {""attach_name"": ""附件3：需求问卷调查表、需求调查明细表.docx"", ""attach_url"": ""https://download.ccgp.gov.cn/oss/download?uuid=FAD2465E4F0023179C431AEF75B0A7""}, {""attach_name"": ""附件1-1：宁夏回族自治区消防救援总队2026年车辆装备配备项目（灭火救援类）分包表.xls"", ""attach_url"": ""https://download.ccgp.gov.cn/oss/download?uuid=91F4FD1427EC9128E17CF4A821062C""}]",https://www.ccgp.gov.cn/cggg/zygg/qtgg/202609/t20260908_27284663.htm,2026-09-10 10:09:00,宁夏自治区消防救援总队受宁夏自治区消防救援总队 委托，根据《中华人民共和国政府采购法》等有关规定，现对宁夏回族自治区消防救援总队2026年车辆装备集中采购项目（灭火救援类）进行其他招标，欢迎合格的供应商前来投标。 项目名称：宁夏回族自治区消防救援总队2026年车辆装备集中采购项目（灭火救援类）项目编号：/项目联系方式：项目联系人：王助理项目联系电话：0951-5057620 采购单位联系方式：采购单位：宁夏自治区消防救援总队采购单位地址：银川市兴庆区北京东路169号采购单位联系方式：王助理 0951-5057620  代理机构联系方式：代理机构：宁夏自治区消防救援总队代理机构联系人：/代理机构地址： / 一、采购项目内容采购项目内容根据《中华人民共和国政府采购法》等有关规定，现对宁夏回族自治区消防救援总队2026年车辆装备集中采购项目（灭火救援类）采购进行采购需求调查，欢迎潜在供应商前来响应。（一）需求调查内容1、需求调查内容包括但不限于装备的相关产业发展、市场供给、同类采购项目历史成交信息，可能涉及的运行维护、升级更新、备品备件、耗材等后续采购，以及其他相关情况。2、调查方法需求调查以问卷调查的方式进行，请各单位于2026年09月17日17:00（北京时间）前将加盖公章的问卷调查表PDF和word电子档发送至指定邮箱（416072901@qq.com）。3、提供资料清单针对此次问卷调查，为能够准确、全面统计各厂家提供的产品信息，各单位应按照“附件3：需求问卷调查表、需求调查明细表”填写相关内容，并按照要求提供相关调查材料（包括但不限于相关产业发展情况、市场供给情况、同类采购项目历史成交信息、其他相关情况等证明材料，具体内容以附件为准）。(二）相关要求1、资料整理命名要求：各单位提供的产品资料，均归档为一个主文件夹，此文件夹以“公司全称”命名。主文件夹下子文件夹以子项目名称命名，子文件夹下资料按照提供资料清单要求提供相应资料，资料名称为公司名称或简称-装备名称-文件内容。2、提供资料相关要求：各单位提供的产品资料应真实准确，PDF版本和word版本应完全一致。PDF版本为加盖单位公章的彩色扫描件，内容清晰。如发现供应商提供虚假资料等不诚信行为，将纳入总队黑名单。3、其他要求：共同建立良好的政商交往环境，项目需求调查及后续招标采购工作期间，总队不接受来访介绍、产品测试、私下交流等行为。需求调研资料均以规定时间内发送到指定邮箱为准，其他递交方式均不接受。（三）需求调查截止时间：2026年09月17日17:00（北京时间）    二、开标时间： 三、其它补充事宜（一）本公告期限自2026年09月08日至2026年09月17日（二）因此项目资金使用周期要求严格，各单位填表内容须保证真实性、可靠性、准确性，后期如发现弄虚作假、所填内容不符合实际情况等问题将严肃追究履约责任。 四、预算金额：预算金额：0.000000 万元（人民币）,公共安全,2026-09-17 17:00,中国政府采购网,,0.0,table,,,,,,,,,,,
贵州总队贵阳市消防救援支队2026年度支队机关厨房设备采购项目比选公告,其他公告,PRJD2026-093CG,2026年09月08日 11:15,观山湖区,贵阳市消防救援支队,贵阳市观山湖区金朱东路158号,马助理      0851-87979059,贵州普瑞君德工程咨询有限公司,贵州省贵阳市观山湖区阳关大道麒龙商务港A地块第1幢18层3号,李丽君、彭洁、周犇 0851-84879717 18985053039,马助理,0851-87979059,,,https://www.ccgp.gov.cn/cggg/zygg/qtgg/202609/t20260908_27284546.htm,2026-09-10 10:09:01,贵州普瑞君德工程咨询有限公司受贵阳市消防救援支队 委托，根据《中华人民共和国政府采购法》等有关规定，现对贵州总队贵阳市消防救援支队2026年度支队机关厨房设备采购项目进行其他招标，欢迎合格的供应商前来投标。 项目名称：贵州总队贵阳市消防救援支队2026年度支队机关厨房设备采购项目项目编号：PRJD2026-093CG项目联系方式：项目联系人：马助理项目联系电话：0851-87979059 采购单位联系方式：采购单位：贵阳市消防救援支队采购单位地址：贵阳市观山湖区金朱东路158号采购单位联系方式：马助理 0851-87979059 代理机构联系方式：代理机构：贵州普瑞君德工程咨询有限公司代理机构联系人：李丽君、彭洁、周犇 0851-84879717 18985053039代理机构地址： 贵州省贵阳市观山湖区阳关大道麒龙商务港A地块第1幢18层3号 一、采购项目内容我公司受贵阳市消防救援支队委托组织贵州总队贵阳市消防救援支队2026年度支队机关厨房设备采购项目的比选。项目基本情况如下：一、项目名称：贵州总队贵阳市消防救援支队2026年度支队机关厨房设备采购项目二、项目联系人：李丽君、彭洁、周犇三、项目联系电话：18985053039四、采购方式：比选五、项目概况：厨房设备采购（详见采购清单）六、采购预算：¥464830.00元最高限价：¥464830.00元七、供应商资格要求1.一般资格要求：（1）具有独立承担民事责任的能力：提供法人或其他组织的营业执照等证明文件，或自然人身份证明；（2）具有良好的商业信誉和健全的财务会计制度：提供经审计的2025年度财务审计报告或2026年1月1日以来出具的银行资信证明；（3）具有履行合同所必需的设备和专业技术能力：供应商自行承诺具备履行合同所必需的设备和专业技术能力（书面承诺，格式自拟）；（4）具有依法缴纳税收或社会保障资金的良好记录：供应商是法人的提供2026年1月至今任意1个月依法缴纳税收和社会保障资金的有效证明材料，供应商单位注册日期（税收和纳税以所属日期为准）。依法免税或不需要缴纳社会保障资金的供应商，应提供相应文件证明；（5）参加本次政府采购活动前三年内，在经营活动中没有违法违规记录：提供参加本次政府采购活动前3年内在经营活动中没有重大违法记录的书面声明（格式文件详见响应文件范本）；（6）法律、行政法规规定的其他条件：法律、行政法规规定的其他条件：供应商须承诺在“信用中国”网站（www.creditchina.gov.cn）、中国政府采购网（www.ccgp.gov.cn）等渠道查询中未被列入失信被执行人名单、重大税收违法案件当事人名单、政府采购严重违法失信行为记录名单。如被列入失信被执行人、重大税收违法案件当事人名单、政府采购严重违法失信行为记录名单的供应商，取消其投标资格，并承担由此造成的一切法律责任及后果。2.本项目所需特殊行业资质或要求：无。3.本项目不接受联合体投标。4.本项目是否专门面向中小企业采购：是；本项目所属行业为：工业。八、获取比选文件信息：1.现场获取或网上报名获取，获取比选文件时须提供：①有效的营业执照复印件并加盖供应商公章；②法定代表人授权书、授权代表身份证加盖供应商公章。通过网上报名的，将上述材料扫描后发送至电子邮箱（3875203879@qq.com），发送后请联系0851-84879717、18985053039。2.购买比选文件时间：2026年9月8日至2026年9月13日17:00截止。3.比选文件售价300.00元。4.购买比选文件应提供的资料：法定代表人身份证明及其身份证（原件）或法定代表人授权委托书及被授权人身份证（原件）、营业执照（复印件）加盖单位公章。5.投标截止时间（北京时间）：2026年9月14日15:00。逾期递交的投标比选文件恕不接受。6.比选时间（北京时间）：2026年9月14日15:00。7.比选地点：贵州普瑞君德工程咨询有限公司（地址：贵州省贵阳市观山湖区阳关大道麒龙商务港A地块第1幢18层3号。九、采购人名称：贵阳市消防救援支队联系地址：贵阳市观山湖区金朱东路158号项目联系人：马助理联系电话： 0851-87979059十、采购代理机构全称： 贵州普瑞君德工程咨询有限公司联系地址： 贵州省贵阳市观山湖区阳关大道麒龙商务港A地块第1幢18层3号项目联系人：李丽君、彭洁、周犇联系电话： 0851-84879717、18985053039开 户 名：贵州普瑞君德工程咨询有限公司开 户 行：贵阳银行股份有限公司会展城支行账    号：16850123670006551发票申请邮箱：3875203879@qq.com  二、开标时间：2026年09月14日 15:00 三、其它补充事宜无 四、预算金额：预算金额：46.483000 万元（人民币）,公共安全,,中国政府采购网,比选,46.483,table,,,,,,,,,,,
贵州总队贵阳市消防救援支队2026年度支队本级办公用品及耗材采购项目采购公告,其他公告,GZXYG-2026--G-3676,2026年09月08日 11:14,贵州省,贵阳市消防救援支队,贵州省贵阳市观山湖区金朱东路160号,马助理0851-87979059,贵州新阳光项目管理有限公司,贵州省贵阳市观山湖区诚信北路8号绿地联盛国际5号楼30层1号,梁秋霞、康宇昊迪、李圣倩0851-86790171（前台）/84398719/13765040645,梁秋霞、康宇昊迪、李圣倩项目联,0851-86790171,,,https://www.ccgp.gov.cn/cggg/zygg/qtgg/202609/t20260908_27284543.htm,2026-09-10 10:09:01,贵州新阳光项目管理有限公司受贵阳市消防救援支队 委托，根据《中华人民共和国政府采购法》等有关规定，现对贵州总队贵阳市消防救援支队2026年度支队本级办公用品及耗材采购项目进行其他招标，欢迎合格的供应商前来投标。 项目名称：贵州总队贵阳市消防救援支队2026年度支队本级办公用品及耗材采购项目项目编号：GZXYG-2026--G-3676项目联系方式：项目联系人：梁秋霞、康宇昊迪、李圣倩项目联系电话：0851-86790171（前台）/84398719/13765040645 采购单位联系方式：采购单位：贵阳市消防救援支队采购单位地址：贵州省贵阳市观山湖区金朱东路160号采购单位联系方式：马助理0851-87979059 代理机构联系方式：代理机构：贵州新阳光项目管理有限公司代理机构联系人：梁秋霞、康宇昊迪、李圣倩0851-86790171（前台）/84398719/13765040645代理机构地址： 贵州省贵阳市观山湖区诚信北路8号绿地联盛国际5号楼30层1号 一、采购项目内容项目概况：贵州总队贵阳市消防救援支队2026年度支队本级办公用品及耗材采购项目的潜在供应商应在贵州新阳光项目管理有限公司官网（https://www.xinyangguang.net.cn/）获取比选文件，并于 2026 年 9 月 14 日 09 ： 30 （北京时间）前提交响应文件。（一）项目基本信息项目编号：GZXYG-2026--G-3676项目名称：贵州总队贵阳市消防救援支队2026年度支队本级办公用品及耗材采购项目采购方式：比选采购预算金额（元）：490000.00。最高限价（元）：490000.00（采购人一个合同期内办公用品及耗材最终结算金额不超过490000.00元）。采购需求：贵州总队贵阳市消防救援支队2026年度支队本级办公用品及耗材采购项目，详见比选文件。合同履约期限：详见比选文件本项目（是/否）接受联合体投标：否（二）申请人的资格要求1.符合政府采购法第二十二条规定，提供政府采购法实施条例第十七条规定资料。1.1具有独立承担民事责任的能力：提供法人或其他组织的营业执照等证明文件，或自然人身份证明；1.2具有良好的商业信誉和健全的财务会计制度：提供2025年度经会计师事务所出具的完整的审计报告（包含但不限于资产负债表、现金流量表、利润表或利润分配表、附注，会计师事务所的营业执照及执业证书）或提供银行出具的2026年2月至今的银行资信证明；1.3具有履行合同所必需的设备和专业技术能力：提供具有履行合同所必需的设备和专业技术能力的证明材料或承诺函（承诺函格式自拟）；1.4具有依法缴纳税收和社会保障资金的良好记录：提供2026年2月至今任意1个月依法缴纳税收和社会保障资金的相关材料；成立不满1个月的投标人，提供承诺依法缴纳税收和社保的承诺函，承诺函须由法定代表人签名并加盖投标人公章（承诺函格式自拟）；（依法免税或不需缴纳税收的应提供相关证明材料）1.5参加采购活动前三年内，在经营活动中没有重大违法记录：提供参加本次采购活动前三年内，在经营活动中没有重大违法记录的书面声明（格式文件详见投标文件范本）；1.6法律、行政法规规定的其他条件：供应商须承诺：在“信用中国”网站（www.creditchina.gov.cn）、中国政府采购网（www.ccgp.gov.cn）等渠道查询中未被列入失信被执行人名单、重大税收违法失信主体名单、政府采购严重违法失信行为记录名单中，如被列入失信被执行人、重大税收违法失信主体名单、政府采购严重违法失信行为记录名单中的供应商取消其投标资格，并承担由此造成的一切法律责任及后果（格式文件详见投标文件范本）。采购人或代理机构在评标现场进行核查，一经发现供应商被列入失信被执行人名单、重大税收违法失信主体名单、政府采购严重违法失信行为记录名单，其资格审查不予通过。1.7本项目专门面向中小企业采购，所属行业为：批发业。2.特殊资格要求:无。（三）获取比选文件1.获取采购文件时间： 2026 年 9 月 9 日至 2026 年 9 月 11 日，每天上午9:00至12:00，下午12:00至17:00。（北京时间，法定节假日除外）2.获取地点：贵州新阳光项目管理有限公司官网（https://www.xinyangguang.net.cn/）进行报名。3.文件售价：¥300.00元4.文件获取方式：线上报名：贵州新阳光项目管理有限公司官网（https://www.xinyangguang.net.cn/）进行报名。5.报名时须提交的资料：①法定代表人身份证明（附法定代表人身份证正反面复印件）或法定代表人授权委托书（附法定代表人或被授权人身份证正反面复印件），以上资料须注明项目名称及项目编号，并加盖供应商公章。②提供法人或其他组织的营业执照等证明文件，或自然人身份证明（复印件并加盖供应商公章）。备注：报名时须提供上述资料在贵州新阳光项目管理有限公司官方网站（https://www.xinyangguang.net.cn/）进行审查，提交的资料不齐或不符合要求的不予报名，审查通过后方可购买采购文件。（四）响应文件提交1.时间： 2026 年 9 月 14 日 09 ： 30 （逾期递交的响应文件恕不接受）2.地点：贵州新阳光项目管理有限公司（贵阳市观山湖区诚信北路8号绿地联盛国际5号楼30层），现场递交，不接受邮寄。（五）响应文件开启1.时间： 2026 年 9 月 14 日 09 ： 30 （逾期递交的响应文件恕不接受）2.地点：贵州新阳光项目管理有限公司（贵阳市观山湖区诚信北路8号绿地联盛国际5号楼30层）（六）公告期限自本公告发布之日起3个工作日。（七）其他补充事宜1.投标保证金金额：5000.00元2.交纳截止时间：同提交响应文件截止时间3.交纳要求3.1请供应商在汇款时务必注明所投标项目的项目名称、标包名称及用途“保证金”字样(因转账备注字数限制，项目名称可自行简写)，否则，因款项用途不明导致投标无效等后果由供应商自行承担。3.2缴纳方式:电汇、转账方式。投标保证金须从供应商基本账户或一般账户转出，备注项目名称（标包/品目）信息，不得以其他名义代转，未按规定交纳的，视为未交纳保证金。不接受个人提交保证金且投标保证金的付款单位与投标单位的名称必须一致，如供应商未按此要求办理而产生的一切后果由投标人自行承担。4.接收投标保证金账户：【账户名】：贵州新阳光项目管理有限公司【账户号】：11660120030000064【开户行】：贵阳银行高新支行（八）对本次采购提出询问，请按以下方式联系1.采购人信息名称：贵阳市消防救援支队项目联系人：马助理地址：贵州省贵阳市观山湖区金朱东路160号联系方式：0851-879790592.代理机构信息（如有）代理全称：贵州新阳光项目管理有限公司联系人：梁秋霞、康宇昊迪、李圣倩地址：贵州省贵阳市观山湖区诚信北路8号绿地联盛国际5号楼30层1号联系方式：0851-86790171（前台）/84398719/137650406453.项目联系方式项目联系人：梁秋霞、康宇昊迪、李圣倩电话：0851-86790171（前台）/84398719/13765040645  二、开标时间：2026年09月14日 09:30 三、其它补充事宜无 四、预算金额：预算金额：49.000000 万元（人民币）,公共安全,,中国政府采购网,比选采购,49.0,table,,,,,,,,,,,
中华人民共和国内蒙古出入境边防检查总站应急物资库改造工程项目公开商洽公告,其他公告,NMBJZZSQ-2026-010,2026年09月08日 11:02,赛罕区,中华人民共和国内蒙古出入境边防检查总站,呼和浩特市赛罕区阿拉坦大街59号,杨警官、0471-6514433-5930,内蒙古舒风工程咨询有限公司,呼和浩特市赛罕区学苑西街裕龙园电力小区4栋8层,邵蓓、0471-5215449,邵蓓,0471-5215449,供应商信息表.pdf,"[{""attach_name"": ""供应商信息表.pdf"", ""attach_url"": ""https://download.ccgp.gov.cn/oss/download?uuid=C6516CB3BDA6CDD82D8CE09D9855C2""}]",https://www.ccgp.gov.cn/cggg/zygg/qtgg/202609/t20260908_27284408.htm,2026-09-10 10:09:02,"内蒙古舒风工程咨询有限公司受中华人民共和国内蒙古出入境边防检查总站 委托，根据《中华人民共和国政府采购法》等有关规定，现对中华人民共和国内蒙古出入境边防检查总站应急物资库改造工程项目进行其他招标，欢迎合格的供应商前来投标。 项目名称：中华人民共和国内蒙古出入境边防检查总站应急物资库改造工程项目项目编号：NMBJZZSQ-2026-010项目联系方式：项目联系人：邵蓓项目联系电话：0471-5215449 采购单位联系方式：采购单位：中华人民共和国内蒙古出入境边防检查总站采购单位地址：呼和浩特市赛罕区阿拉坦大街59号采购单位联系方式：杨警官、0471-6514433-5930 代理机构联系方式：代理机构：内蒙古舒风工程咨询有限公司代理机构联系人：邵蓓、0471-5215449代理机构地址： 呼和浩特市赛罕区学苑西街裕龙园电力小区4栋8层 一、采购项目内容 品目号 品目名称 采购标的 数量 （单位） 技术规格、参数及要求 品目金额(元) 最高限价(元) 1-1 其他建筑工程 中华人民共和国内蒙古出入境边防检查总站应急物资库改造工程项目 1（项） 为300平方米库房内地台进行拆除，铺设地坪漆，粉刷墙面，更换防爆灯，规范应急物资分区，摆放置物架；同时粉刷1-9号库室外墙，更换库室防盗门。 500000.00 454262.65  二、开标时间：2026年09月16日 09:30 三、其它补充事宜项目概况中华人民共和国内蒙古出入境边防检查总站应急物资库改造工程项目的潜在供应商应在内蒙古舒风工程咨询有限公司（呼和浩特市赛罕区学苑西街裕龙园电力小区4栋8层）现场获取或电子邮件（nmgsfgczx@126.com）获取采购文件，并于2026年9月16日09点30分（北京时间）前提交响应文件。（一）项目基本情况项目编号：NMBJZZSQ-2026-010项目名称：中华人民共和国内蒙古出入境边防检查总站应急物资库改造工程项目采购方式：公开商洽（限额标准以下非政府采购项目，依据采购人内控制度执行）预算金额：50.000000万元（人民币）最高限价（如有）：45.426265万元（人民币）采购需求： 品目号 品目名称 采购标的 数量 （单位） 技术规格、参数及要求 品目金额(元) 最高限价(元) 1-1 其他建筑工程 中华人民共和国内蒙古出入境边防检查总站应急物资库改造工程项目 1（项） 为300平方米库房内地台进行拆除，铺设地坪漆，粉刷墙面，更换防爆灯，规范应急物资分区，摆放置物架；同时粉刷1-9号库室外墙，更换库室防盗门。 500000.00 454262.65 合同履行期限：工期总日历天数60日历天。本项目(不接受)联合体参与商洽。（二）申请人的资格要求1. 满足《中华人民共和国政府采购法》第二十二条规定。 2.资格审查时，供应商未被列入失信被执行人、重大税收违法失信主体、政府采购严重违法失信行为记录名单，相关信用情况通过“信用中国”网站、“中国政府采购网”等渠道查询。资格审查时，通过“中国裁判文书网”查询供应商行贿犯罪记录，查询结果中有行贿犯罪记录的，拒绝参与本次采购活动。3.落实政府采购政策需满足的资格要求：（根据项目实际确定是否专门面向中小企业采购）本项目专门面向中小企业采购，需提供《中小企业声明函》，残疾人福利性单位提供《残疾人福利性单位声明函》，监狱企业提供由省级以上监狱管理局、戒毒管理局（含新疆生产建设兵团）出具的属于监狱企业的证明文件。4.本项目的特定资格要求：供应商须具有建设行政主管部门颁发的在有效期内的[工程施工综合资质]或[建筑工程施工总承包乙级或建筑工程施工总承包二级](含)以上资质及有效的安全生产许可证。项目负责人为必须具有本单位注册的二级及以上建筑工程专业建造师注册证书及相应的有效的安全生产考核合格证书，且未担任其他在施建设工程项目的项目经理。（三）获取采购文件1.时间：2026年9月9日至2026年9月15日，每个工作日上午9:00—12:00时，下午14:30—17:00时（北京时间,法定节假日除外）2.地点：内蒙古舒风工程咨询有限公司（呼和浩特市赛罕区学苑西街裕龙园电力小区4栋8层）现场获取或电子邮件（nmgsfgczx@126.com）3.方式：现场（内蒙古舒风工程咨询有限公司呼和浩特市赛罕区学苑西街裕龙园电力小区4栋8层）获取或电子邮件（nmgsfgczx@126.com）获取公开商洽文件4.文件售价：￥200元（人民币）（四）响应文件提交截止时间2026年9月16日  上午9时30分00秒（北京时间）地点：呼和浩特市赛罕区阿拉坦大街59号内蒙古出入境边防检查总站二楼220开标室（五）开启时间：2026年9月16日  上午9时30分00秒（北京时间）地点：呼和浩特市赛罕区阿拉坦大街59号内蒙古出入境边防检查总站二楼220开标室（六）公告期限自本公告发布之日起3个工作日（七）其他补充事宜1.项目质疑联系方式联系人：杨警官、邵女士联系电话：0471-6514433-5930/0471-5215449邮箱：815624931@qq.com/nmgsfgczx@126.com2.现场获取公开商洽文件的供应商提供纸质供应商信息表(见附件)、电子邮件获取公开商洽文件的供应商将供应商信息表发送至代理机构邮箱(nmgsfgczx@126.com),供应商信息表须填写完整并加盖公章。（八）凡对本次采购提出询问，请按以下方式联系。1.采购人信息名称：中华人民共和国内蒙古出入境边防检查总站地址：呼和浩特市赛罕区阿拉坦大街59号联系方式：杨警官、0471-6514433-59302.采购代理机构信息名称：内蒙古舒风工程咨询有限公司地址：呼和浩特市赛罕区学苑西街裕龙园电力小区4栋8层联系方式：邵蓓、0471-52154493.项目联系方式项目联系人：邵蓓电话：0471-5215449 四、预算金额：预算金额：50.000000 万元（人民币）",公共安全,2026-09-16 09:30,中国政府采购网,公开商洽（限额标准以下非政府采购项目,50.0,table,,,,,,,,,,,
上海市消防救援总队训练与战勤保障支队采购实战化培训耗材防盗门、锁芯第二次比选公告,其他公告,FTZB-HW202607001Z,2026年09月08日 11:00,上海市,上海市消防救援总队训练与战勤保障支队,上海市奉贤区奉城镇洪南路258号,傅老师，021-22139119,上海斐腾招标服务有限公司,徐汇区云锦路500号商场R座2楼,张老师，13585868364（FT188Z@163.com）,张老师,13585868364,,,https://www.ccgp.gov.cn/cggg/zygg/qtgg/202609/t20260908_27284386.htm,2026-09-10 10:09:03,上海斐腾招标服务有限公司受上海市消防救援总队训练与战勤保障支队 委托，根据《中华人民共和国政府采购法》等有关规定，现对采购实战化培训耗材防盗门、锁芯进行其他招标，欢迎合格的供应商前来投标。 项目名称：采购实战化培训耗材防盗门、锁芯项目编号：FTZB-HW202607001Z项目联系方式：项目联系人：张老师项目联系电话：13585868364 采购单位联系方式：采购单位：上海市消防救援总队训练与战勤保障支队采购单位地址：上海市奉贤区奉城镇洪南路258号采购单位联系方式：傅老师，021-22139119 代理机构联系方式：代理机构：上海斐腾招标服务有限公司代理机构联系人：张老师，13585868364（FT188Z@163.com）代理机构地址： 徐汇区云锦路500号商场R座2楼 一、采购项目内容一）、报价人资格要求1.满足《中华人民共和国政府采购法》第二十二条规定；2.落实政府采购政策需满足的资格要求：本次采购若符合政府强制采购节能产品、鼓励环保产品、扶持福利企业、促进残疾人就业、促进中小 企业发展、支持监狱和戒毒企业等政策，将落实相关政策。3.本项目的特定资格要求：3.1具有有效期内的营业执照； 3.2 本项目非专门面向中小微企业采购；3.3 供应商参加政府采购活动近3年内在经营活动中没有重大违法记录3.4 近3年内（从2023年7月1日起）未被列入《信用中国网站》（www.creditchina.gov.cn）失信被执行人名单、重大税收违法案件当事人名单和“中国政府采购网”（www.ccgp.gov.cn）政府采购严重违法失信行为记录名单；3.5 单位负责人为同一人或者存在直接控股、管理关系的不同供应商，不得同时参加同一采购项目。二）、比选文件的获取获取时间：2026年9月9日起至2026年9月11日，每天上午09:30至11：30，下午13:00至16:30 (北京时间，双休、节假日除外)获取地点：徐汇区云锦路500号商场R座2楼(一楼库迪咖啡左边通道进入)获取方式：凡愿参加的合格供应商可于采购文件获取时间内报名（报名前请先电话联系）。1、报名需提交以下资料：1) 营业执照或法人登记证书等；2) 授权委托书及被授权人身份证；3）未列入“信用中国”网站（www.creditchina.gov.cn）失信被执行人名单、重大税收违法案件当事人名单和“中国政府采购网”网站（www.ccgp.gov.cn）政府采购严重违法失信行为名单的截图；2、比选文件售价：人民币600元/本(售后不退)三）、响应文件的递交递交截止时间：2026年9月16日09时30分（北京时间）递交方式：徐汇区云锦路500号商场R座2楼(一楼库迪咖啡左边通道进入)纸质文件递交 二、开标时间：2026年09月16日 09:30 三、其它补充事宜采购内容：采购实战化训练耗材（防盗门及锁芯）。履约期限：订单下达后20个工作日内送达采购人指定地点。本项目不接受联合体报名。 四、预算金额：预算金额：25.000000 万元（人民币）,教育培训,2026-09-16 09:30,中国政府采购网,,25.0,table,,,,,,,,,,,
上海市消防救援总队训练与战勤保障支队采购实战化培训耗材A类火燃料第二次比选公告,其他公告,FTZB-HW202607002Z,2026年09月08日 11:00,上海市,上海市消防救援总队训练与战勤保障支队,上海市奉贤区奉城镇洪南路258号,傅老师，021-22139119,上海斐腾招标服务有限公司,徐汇区云锦路500号商场R座2楼,张老师，13585868364（FT188Z@163.com）,张老师,13585868364,,,https://www.ccgp.gov.cn/cggg/zygg/qtgg/202609/t20260908_27284389.htm,2026-09-10 10:09:03,上海斐腾招标服务有限公司受上海市消防救援总队训练与战勤保障支队 委托，根据《中华人民共和国政府采购法》等有关规定，现对采购实战化培训耗材A类火燃料进行其他招标，欢迎合格的供应商前来投标。 项目名称：采购实战化培训耗材A类火燃料项目编号：FTZB-HW202607002Z项目联系方式：项目联系人：张老师项目联系电话：13585868364 采购单位联系方式：采购单位：上海市消防救援总队训练与战勤保障支队采购单位地址：上海市奉贤区奉城镇洪南路258号采购单位联系方式：傅老师，021-22139119 代理机构联系方式：代理机构：上海斐腾招标服务有限公司代理机构联系人：张老师，13585868364（FT188Z@163.com）代理机构地址： 徐汇区云锦路500号商场R座2楼 一、采购项目内容一）、报价人资格要求1.满足《中华人民共和国政府采购法》第二十二条规定；2.落实政府采购政策需满足的资格要求：本次采购若符合政府强制采购节能产品、鼓励环保产品、扶持福利企业、促进残疾人就业、促进中小 企业发展、支持监狱和戒毒企业等政策，将落实相关政策。3.本项目的特定资格要求：3.1具有有效期内的营业执照； 3.2 本项目非专门面向中小微企业采购；3.3 供应商参加政府采购活动近3年内在经营活动中没有重大违法记录3.4 近3年内（从2023年7月1日起）未被列入《信用中国网站》（www.creditchina.gov.cn）失信被执行人名单、重大税收违法案件当事人名单和“中国政府采购网”（www.ccgp.gov.cn）政府采购严重违法失信行为记录名单；3.5 单位负责人为同一人或者存在直接控股、管理关系的不同供应商，不得同时参加同一采购项目。二）、比选文件的获取获取时间：2026年9月9日起至2026年9月11 日，每天上午09:30至11：30，下午13:00至16:30 (北京时间，双休、节假日除外)获取地点：徐汇区云锦路500号商场R座2楼(一楼库迪咖啡左边通道进入)获取方式：凡愿参加的合格供应商可于采购文件获取时间内报名（报名请提前电话联系）。1、报名需提交以下资料：1) 营业执照或法人登记证书等；2) 授权委托书及被授权人身份证；3）未列入“信用中国”网站（www.creditchina.gov.cn）失信被执行人名单、重大税收违法案件当事人名单和“中国政府采购网”网站（www.ccgp.gov.cn）政府采购严重违法失信行为名单的截图；2、比选文件售价：人民币600元/本(售后不退)三）、响应文件的递交递交截止时间：2026年9月16日10时30分（北京时间）递交方式：徐汇区云锦路500号商场R座2楼(一楼库迪咖啡左边通道进入)纸质文件递交 二、开标时间：2026年09月16日 10:30 三、其它补充事宜采购内容：采购实战化训练耗材（A类火燃料），按中标单价进行结算，最终总金额不超过预算金额25万元。履约期限：订单下达后7个工作日内送达采购人指定地点。本项目不接受联合体报名。 四、预算金额：预算金额：25.000000 万元（人民币）,教育培训,2026-09-16 10:30,中国政府采购网,,25.0,table,,,,,,,,,,,
上海市消防救援总队训练与战勤保障支队采购通用生烟液第二次比选公告,其他公告,FTZB-HW202607003Z,2026年09月08日 10:59,上海市,上海市消防救援总队训练与战勤保障支队,上海市奉贤区奉城镇洪南路258号,傅老师，021-22139119,上海斐腾招标服务有限公司,徐汇区云锦路500号商场R座2楼,张老师，13585868364（FT188Z@163.com）,张老师,13585868364,,,https://www.ccgp.gov.cn/cggg/zygg/qtgg/202609/t20260908_27284369.htm,2026-09-10 10:09:03,上海斐腾招标服务有限公司受上海市消防救援总队训练与战勤保障支队 委托，根据《中华人民共和国政府采购法》等有关规定，现对采购通用生烟液进行其他招标，欢迎合格的供应商前来投标。 项目名称：采购通用生烟液项目编号：FTZB-HW202607003Z项目联系方式：项目联系人：张老师项目联系电话：13585868364 采购单位联系方式：采购单位：上海市消防救援总队训练与战勤保障支队采购单位地址：上海市奉贤区奉城镇洪南路258号采购单位联系方式：傅老师，021-22139119 代理机构联系方式：代理机构：上海斐腾招标服务有限公司代理机构联系人：张老师，13585868364（FT188Z@163.com）代理机构地址： 徐汇区云锦路500号商场R座2楼 一、采购项目内容一）、报价人资格要求1.满足《中华人民共和国政府采购法》第二十二条规定；2.落实政府采购政策需满足的资格要求：本次采购若符合政府强制采购节能产品、鼓励环保产品、扶持福利企业、促进残疾人就业、促进中小 企业发展、支持监狱和戒毒企业等政策，将落实相关政策。3.本项目的特定资格要求：3.1具有有效期内的营业执照； 3.2 本项目非专门面向中小微企业采购；3.3 供应商参加政府采购活动近3年内在经营活动中没有重大违法记录3.4 近3年内（从2023年7月1日起）未被列入《信用中国网站》（www.creditchina.gov.cn）失信被执行人名单、重大税收违法案件当事人名单和“中国政府采购网”（www.ccgp.gov.cn）政府采购严重违法失信行为记录名单；3.5 单位负责人为同一人或者存在直接控股、管理关系的不同供应商，不得同时参加同一采购项目。二）、比选文件的获取获取时间：2026年9月9日起至2026年9月11日，每天上午09:30至11：30，下午13:00至16:30 (北京时间，双休、节假日除外)获取地点：徐汇区云锦路500号商场R座2楼(一楼库迪咖啡左边通道进入)获取方式：凡愿参加的合格供应商可于采购文件获取时间内报名（报名请提前电话联系）。1、报名需提交以下资料：1) 营业执照或法人登记证书等；2) 授权委托书及被授权人身份证；3）未列入“信用中国”网站（www.creditchina.gov.cn）失信被执行人名单、重大税收违法案件当事人名单和“中国政府采购网”网站（www.ccgp.gov.cn）政府采购严重违法失信行为名单的截图；2、比选文件售价：人民币600元/本(售后不退)三）、响应文件的递交递交截止时间：2026年9月16 日11时15分（北京时间）递交方式：徐汇区云锦路500号商场R座2楼(一楼库迪咖啡左边通道进入)纸质文件递交 二、开标时间：2026年09月16日 11:15 三、其它补充事宜采购内容：采购通用生烟液，按中标单价按实结算，总价不超过预算金额20万元。履约期限：订单下达后30个工作日内送达采购人指定地点。本项目不接受联合体报名。 四、预算金额：预算金额：20.000000 万元（人民币）,公共安全,2026-09-16 11:15,中国政府采购网,,20.0,table,,,,,,,,,,,
兰州大学后勤保障部各校区食堂后厨设备购置项目废标公告,流标公告,LZU-2026-124-HW-GK,2026年09月08日 10:29,甘肃省,兰州大学,甘肃省兰州市城关区天水南路222号,曹老师 刘老师0931-8912932 zbk@lzu.edu.cn,北京泛华国金工程咨询有限公司,兰州市城关区和平新村127号元富大厦16楼,李鑫 13609353810、1359687677@qq.com,骆老师,18894049812,"废标公告.pdf,兰州大学后勤保障部各校区食堂后厨设备购置项目-第1标段招标文件（PDF版）.pdf","[{""attach_name"": ""废标公告.pdf"", ""attach_url"": ""https://download.ccgp.gov.cn/oss/download?uuid=BD6BD72AFF33AF57BA744008D667ED""}, {""attach_name"": ""兰州大学后勤保障部各校区食堂后厨设备购置项目-第1标段招标文件（PDF版）.pdf"", ""attach_url"": ""https://download.ccgp.gov.cn/oss/download?uuid=83EBD9590491304ED297AA142B04B1""}]",https://www.ccgp.gov.cn/cggg/zygg/qtgg/202609/t20260908_27284078.htm,2026-09-10 10:09:04,一、项目基本情况 采购项目编号：LZU-2026-124-HW-GK 采购项目名称：兰州大学后勤保障部各校区食堂后厨设备购置项目 二、项目废标/流标的原因 本项目收到中标结果相关质疑，经组织专家复核，质疑事项成立，原中标结果无效。因本项目有效供应商不足三家，予以废标。 三、其他补充事宜 无。 四、凡对本次公告内容提出询问，请按以下方式联系。 1.采购人信息 名 称：兰州大学 地址：甘肃省兰州市城关区天水南路222号 联系方式：曹老师 刘老师0931-8912932 zbk@lzu.edu.cn 2.采购代理机构信息 名 称：北京泛华国金工程咨询有限公司 地 址：兰州市城关区和平新村127号元富大厦16楼 联系方式：李鑫 13609353810、1359687677@qq.com 3.项目联系方式 项目联系人：骆老师 电 话： 18894049812,教育培训,,中国政府采购网,,,default,二、项目废标/流标的原因,,,,,,,,,,
北京市海淀区消防救援支队2026年度驾驶员培训项目（三次）废标公告,流标公告,ZTGH,2026年09月08日 10:27,北京市,北京市海淀区消防救援支队,北京市海淀区旱河路168号,刘老师，010-82556603,中土国华（北京）工程咨询有限公司,北京市朝阳区朝阳路69号财经中心1号楼2单元1001,王工、吴工010-59123864,王工、吴工,010-59123864,,,https://www.ccgp.gov.cn/cggg/zygg/qtgg/202609/t20260908_27284061.htm,2026-09-10 10:09:05,一、项目基本情况 采购项目编号：ZTGH（FW）-2026-0020 采购项目名称：北京市海淀区消防救援支队2026年度驾驶员培训项目 二、项目废标/流标的原因 到获取文件截止时间止，因本项目获取文件的参选单位不足三家，故本项目按废标处理。 三、其他补充事宜 无 四、凡对本次公告内容提出询问，请按以下方式联系。 1.采购人信息 名 称：北京市海淀区消防救援支队 地址：北京市海淀区旱河路168号 联系方式：刘老师，010-82556603 2.采购代理机构信息 名 称：中土国华（北京）工程咨询有限公司 地 址：北京市朝阳区朝阳路69号财经中心1号楼2单元1001 联系方式：王工、吴工010-59123864 3.项目联系方式 项目联系人：王工、吴工 电 话： 010-59123864,教育培训,,中国政府采购网,,,default,二、项目废标/流标的原因,,,,,,,,,,
中国科学院广州生物医药与健康研究院面向透射电镜成像连续切片自动化收集系统采购项目单一来源采购公告,其他公告,OITC-G260602606,2026年09月08日 10:13,广州市,中国科学院广州生物医药与健康研究院,广州市黄埔区开源大道190号,020-32015326,东方国际招标有限责任公司,北京市海淀区丹棱街1号互联网金融中心20层,迟兆洋、叶明、林杨婷、王宸极、李飒 020-87001523、010-68290583/0589 mye@oitc.com.cn、ytlin@oitc.com.cn、sli@oitc.com.cn,迟兆洋、叶明、林杨婷、王宸极,020-87001523、010-68290583,2606项目需求.docx,"[{""attach_name"": ""2606项目需求.docx"", ""attach_url"": ""https://download.ccgp.gov.cn/oss/download?uuid=07E0120BDE2DDFE3C61CE620917604""}]",https://www.ccgp.gov.cn/cggg/zygg/qtgg/202609/t20260908_27283918.htm,2026-09-10 10:09:05,东方国际招标有限责任公司受中国科学院广州生物医药与健康研究院 委托，根据《中华人民共和国政府采购法》等有关规定，现对中国科学院广州生物医药与健康研究院面向透射电镜成像连续切片自动化收集系统采购项目进行其他招标，欢迎合格的供应商前来投标。 项目名称：中国科学院广州生物医药与健康研究院面向透射电镜成像连续切片自动化收集系统采购项目项目编号：OITC-G260602606（CCG260700118014）项目联系方式：项目联系人：迟兆洋、叶明、林杨婷、王宸极、李飒项目联系电话：020-87001523、010-68290583/0589 采购单位联系方式：采购单位：中国科学院广州生物医药与健康研究院采购单位地址：广州市黄埔区开源大道190号采购单位联系方式：020-32015326 代理机构联系方式：代理机构：东方国际招标有限责任公司代理机构联系人：迟兆洋、叶明、林杨婷、王宸极、李飒 020-87001523、010-68290583/0589 mye@oitc.com.cn、ytlin@oitc.com.cn、sli@oitc.com.cn代理机构地址： 北京市海淀区丹棱街1号互联网金融中心20层 一、采购项目内容 包号 货物名称 数量 是否允许采购进口产品 采购预算（人民币） 最高限价（人民币） 1 收集带自动打孔机 1套 否 40万元 40万元 收集带捞膜机 1套 否 40万元 40万元 超薄切片自动收集器功能升级 1套 否 18万元 18万元   二、开标时间：2026年09月29日 14:00 三、其它补充事宜东方国际招标有限责任公司受中国科学院广州生物医药与健康研究院(采购人)委托，就下列项目邀请贵单位参加单一来源采购。项目名称：中国科学院广州生物医药与健康研究院面向透射电镜成像连续切片自动化收集系统采购项目项目编号/采购编号：OITC-G260602606（CCG260700118014）1．本次单一来源采购内容如下： 包号 货物名称 数量 是否允许采购进口产品 采购预算（人民币） 最高限价（人民币） 1 收集带自动打孔机 1套 否 40万元 40万元 收集带捞膜机 1套 否 40万元 40万元 超薄切片自动收集器功能升级 1套 否 18万元 18万元   2．合格的供应商：1）符合“《中华人民共和国政府采购法》第二十二条要求” ；2）在中华人民共和国境内依法注册的，具有独立承担民事责任能力，遵守国家法律法规，具有良好信誉，具有履行合同能力和良好的履行合同的记录，具有良好资金、财务状况的企事业法人、其他组织或者自然人；3）投标单位负责人为同一人或者存在直接控股、管理关系的不同供应商，不得参加同一合同项下的政府采购活动；4）按本投标邀请的规定获取单一来源文件；5）本项目不接受联合体投标；6）供应商不得为列入失信被执行人、重大税收违法案件当事人名单、政府采购严重违法失信行为记录名单的供应商。（注1） 3．单一来源采购文件获取方式：1)地点：登录www.oitccas.com注册并下载。2）登陆“东方招标”平台（http://www.oitccas.com/），点击“获取采购文件”链接图标，或直接输入访问地（http://www.oitccas.com/pages/sign_in.html?page=mine）完成供应商注册手续（免费），然后登陆系统寻找有意向参与的项目，已注册的供应商无需重新注册。3）如有保证金要求，供应商可以电汇的形式支付保证金（应以公司名义汇款至下述指定账号，并须在电汇凭据附言栏中写明项目编号（如OITC-G260602606）。单一来源标书款和响应保证金专用户：开户名称：东方国际招标有限责任公司开户银行：招商银行西三环支行账号：862081657710001      4．单一来源采购项目响应文件递交时间及地点：时间：2026年9月29日14:00（北京时间）地点：广州市生物岛螺旋二路15号研发楼701会议室。 5．单一来源采购协商时间及地点：时间：2026年9月29日14:00（北京时间）地点：广州市生物岛螺旋二路15号研发楼701会议室。 6．采购代理机构名称：东方国际招标有限责任公司详细地址：北京市海淀区丹棱街1号互联网金融中心20层联 系 人： 迟兆洋、叶明、林杨婷、王宸极、李飒电    话：020-87001523、010-68290583/0589邮    箱：mye@oitc.com.cn、ytlin@oitc.com.cn、sli@oitc.com.cn 7．采购单位联系方式：采购单位：中国科学院广州生物医药与健康研究院采购单位地址：广州市黄埔区开源大道190号 采购单位联系方式：020-32015326 注1：1）信用信息查询渠道：“信用中国”网站（www.creditchina.gov.cn）、中国政府采购网（www.ccgp.gov.cn）等。2）信用信息查询截止时点：同投标截止期，即查询供应商截止到投标截止期的信用信息记录。3）信用信息查询记录和证据留存的具体方式：信用信息查询记录将以网站截图打印稿形式与其他采购文件一并保存。4）信用信息的使用规则：如供应商为“信用中国”网站（www.creditchina.gov.cn）中列入失信被执行人或重大税收违法案件当事人名单的供应商，或为中国政府采购网（www.ccgp.gov.cn）政府采购严重违法失信行为记录名单中被财政部门禁止参加政府采购活动的供应商，则其投标将被拒绝。 四、预算金额：预算金额：98.000000 万元（人民币）,医疗卫生,,中国政府采购网,,98.0,table,,,,,,,,,,,
2026年度特勤支队灭火救援装备采购项目采购需求公开征求意见公告,其他公告,,2026年09月08日 10:06,市辖区,江西省消防救援总队特勤支队,江西省南昌市红谷滩区绣园街166号,韩先生 0791-86627855,江西省机电设备招标有限公司,江西省南昌市东湖区省政府大院北二路92号（咨询大厦）,桂颖  0791-86272683,桂颖,0791-86272683,"附件2：采购需求修改建议书.docx,附件1：采购需求.rar","[{""attach_name"": ""附件2：采购需求修改建议书.docx"", ""attach_url"": ""https://download.ccgp.gov.cn/oss/download?uuid=6AF217E5DABCA06AA0D9BC0FF0365C""}, {""attach_name"": ""附件1：采购需求.rar"", ""attach_url"": ""https://download.ccgp.gov.cn/oss/download?uuid=47C6CCD2D4463AA710E76E185FCCD8""}]",https://www.ccgp.gov.cn/cggg/zygg/qtgg/202609/t20260908_27283880.htm,2026-09-10 10:09:06,江西省机电设备招标有限公司受江西省消防救援总队特勤支队 委托，根据《中华人民共和国政府采购法》等有关规定，现对2026年度特勤支队灭火救援装备采购项目进行其他招标，欢迎合格的供应商前来投标。 项目名称：2026年度特勤支队灭火救援装备采购项目项目编号：项目联系方式：项目联系人：桂颖项目联系电话：0791-86272683 采购单位联系方式：采购单位：江西省消防救援总队特勤支队采购单位地址：江西省南昌市红谷滩区绣园街166号采购单位联系方式：韩先生 0791-86627855 代理机构联系方式：代理机构：江西省机电设备招标有限公司代理机构联系人：桂颖 0791-86272683代理机构地址： 江西省南昌市东湖区省政府大院北二路92号（咨询大厦） 一、采购项目内容江西省机电设备招标有限公司受江西省消防救援总队特勤支队委托，根据《中华人民共和国政府采购法》等有关规定，对2026年度特勤支队灭火救援装备采购项目开展采购需求公开征求意见。市场各供应商可根据“附件1”提供“附件2”中相应信息并于2026年9月14日17点00分（北京时间）前以书面形式发送至指定邮箱或递交至代理机构，逾期不予接收。感谢对本项工作的支持！1、项目名称：2026年度特勤支队灭火救援装备采购项目2、技术需求：详见采购需求（附件1）3、征求意见内容：详见采购需求（附件1）4、采购需求获取时间及方式：即日起至回复意见截止时间止，拟对本项目采购需求提出意见的供应商可登录中国政府采购网（https://www.ccgp.gov.cn/）免费下载。5、公示时间：本项目采购需求公开征求意见：自2026年9月8日起至2026年9月14日17点00分（北京时间）止。6、回复意见截止时间：2026年9月14日17点00分（北京时间）7、回复意见格式:请按照采购需求修改建议书（附件2）的参考格式提出对本项目采购需求的修改建议和修改理由。8、意见反馈方式：本项目采购需求公开征求意见公示期间接受社会公众及潜在供应商的意见征求。请遵循客观、公正的原则，对本项目采购需求（详见附件1）提出意见或者建议，社会公众如对本项目采购需求有意见的请在本公告截止时间之前提出，逾期不予接收。可根据“附件1”提供“附件2”采购需求修改建议书及相关材料发送至代理机构指定邮箱（1691230460@qq.com）。9、代理机构信息：（1）代理机构名称：江西省机电设备招标有限公司（2）地址：江西省南昌市东湖区省政府大院北二路92号（咨询大厦）（3）项目联系人：桂颖（4）联系电话：0791-86272683（5）邮箱：1691230460@qq.com江西省机电设备招标有限公司                                                            2026年9月8日 二、开标时间： 三、其它补充事宜 四、预算金额：预算金额：0.000000 万元（人民币）,公共安全,2026-09-14 17:00,中国政府采购网,,0.0,table,,,,,,,,,,,
中国科学院遗传与发育生物学研究所双束电镜三维重构采集处理模块（碳气体注入系统及自动采集控制软件）采购项目流标公告,流标公告,OITC-G260662200,2026年09月08日 09:55,北京市,中国科学院遗传与发育生物学研究所,北京市朝阳区北辰西路1号院2号,商老师；010-64806630,东方国际招标有限责任公司,北京市海淀区丹棱街1号互联网金融中心20层,郭宇涵、王军、李雯、余睿； 010-68290599， 010-68290530,郭宇涵、王军、李雯、余睿,010-68290599，010-68290530,,,https://www.ccgp.gov.cn/cggg/zygg/qtgg/202609/t20260908_27283797.htm,2026-09-10 10:09:07,一、项目基本情况 采购项目编号：OITC-G260662200 采购项目名称：中国科学院遗传与发育生物学研究所双束电镜三维重构采集处理模块（碳气体注入系统及自动采集控制软件）采购项目 二、项目废标/流标的原因 本项目投标供应商不足3家，本项目流标。 三、其他补充事宜 无 四、凡对本次公告内容提出询问，请按以下方式联系。 1.采购人信息 名 称：中国科学院遗传与发育生物学研究所 地址：北京市朝阳区北辰西路1号院2号 联系方式：商老师；010-64806630 2.采购代理机构信息 名 称：东方国际招标有限责任公司 地 址：北京市海淀区丹棱街1号互联网金融中心20层 联系方式：郭宇涵、王军、李雯、余睿； 010-68290599， 010-68290530 3.项目联系方式 项目联系人：郭宇涵、王军、李雯、余睿 电 话： 010-68290599， 010-68290530,教育培训,,中国政府采购网,,,default,二、项目废标/流标的原因,,,,,,,,,,
天台县消防救援大队（2026年度）食材配送服务采购项目流标公告,流标公告,ZJKJ-2026012,2026年09月08日 09:44,天台县,天台县消防救援大队,浙江省台州市天台县天台山中路119号,夏女士、18958625329,浙江科佳工程咨询有限公司,台州市椒江区君悦大厦B幢19楼,周先生、19857627907,夏女士,18958625329,,,https://www.ccgp.gov.cn/cggg/zygg/qtgg/202609/t20260908_27283731.htm,2026-09-10 10:09:08,一、项目基本情况 采购项目编号：ZJKJ-2026012号 采购项目名称：天台县消防救援大队（2026年度）食材配送服务采购项目 二、项目废标/流标的原因 本项目有效供应商不足三家，故废标。 三、其他补充事宜 四、凡对本次公告内容提出询问，请按以下方式联系。 1.采购人信息 名 称：天台县消防救援大队 地址：浙江省台州市天台县天台山中路119号 联系方式：夏女士、18958625329 2.采购代理机构信息 名 称：浙江科佳工程咨询有限公司 地 址：台州市椒江区君悦大厦B幢19楼 联系方式：周先生、19857627907 3.项目联系方式 项目联系人：夏女士 电 话： 18958625329,公共安全,,中国政府采购网,,,default,二、项目废标/流标的原因,,,,,,,,,,
保定市消防救援支队公开遴选社会招标代理机构公告,其他公告,,2026年09月08日 09:42,竞秀区,保定市消防救援支队,河北省保定市竞秀区北二环5816号,王先生，0312-5925333,详见公告正文,详见公告正文,详见公告正文,王先生,0312-5925333,附件1：招标代理机构遴选文件获取登记表.docx,"[{""attach_name"": ""附件1：招标代理机构遴选文件获取登记表.docx"", ""attach_url"": ""https://download.ccgp.gov.cn/oss/download?uuid=4CCDD664EDF1E8960E9D1A58B4A0D6""}]",https://www.ccgp.gov.cn/cggg/zygg/qtgg/202609/t20260908_27283718.htm,2026-09-10 10:09:08,根据《中华人民共和国政府采购法》等有关规定，现对保定市消防救援支队公开遴选社会招标代理机构公告进行其他招标，欢迎合格的供应商前来投标。 项目名称：保定市消防救援支队公开遴选社会招标代理机构公告项目编号：项目联系方式：项目联系人：王先生项目联系电话：0312-5925333 采购单位联系方式：采购单位：保定市消防救援支队采购单位地址：河北省保定市竞秀区北二环5816号采购单位联系方式：王先生，0312-5925333  一、采购项目内容        保定市消防救援支队将通过遴选方式确定数家招标代理机构负责我单位招标代理服务工作。为进一步规范招投标活动，根据《中华人民共和国政府采购法》等相关法律法规，现将遴选招标代理机构有关事项公告如下:一、项目概况项目名称：保定市消防救援支队公开遴选社会招标代理机构服务内容：保定市消防救援支队2026年度-2028年度招标代理服务服务期限：2年二、资格要求（一）满足《中华人民共和国政府采购法》第二十二条规定的条件：1.提供在中国境内注册并具有独立法人资格的合法企业营业执照；2.提供2025年度财务审计报告（新成立的公司无2025年度审计报告的，可提供基本存款账户银行出具的资信证明或者成立以来的财务报表）；3、纳税信用等级M级以上，同时提供遴选文件获取截止日前半年内任意2个月的纳税及社保缴纳的证明材料，如依法免税的，应提供相应文件证明其依法免税，如依法不需要缴纳社会保障资金的，应提供相应文件证明其依法不需要缴纳社会保障资金。上述资料需提供原件扫描件并加盖本单位公章；（二）具备政府采购代理资格和河北省公共资源交易中心进场交易资格（提供中国政府采购网政府采购代理机构备案名单截图和河北省公共资源交易服务平台招标代理主体信息截图并加盖本单位公章）；（三）具有良好的信誉和诚实的商业道德，未被“信用中国”网站（www.creditchina.gov.cn）列入失信被执行人，未被中国政府采购网（www.ccgp.gov.cn）列入政府采购严重违法失信行为记录名单（提供近3年内在经营活动中无重大违法记录声明函；信用中国和中国政府采购网查询情况截图，并加盖本单位公章）；（四）单位负责人为同一人或者存在直接控股、管理关系的不同代理机构，不得同时参加遴选；（五）本次遴选不接受联合体参加（提供营业执照、非联合体参选承诺函）；（六）须设有项目负责人1名，项目组人员不少于4人。其中：1.项目负责人须具有中级以上职称，具有5年（含）以上招标采购工作经验，为本单位正式员工，需提供相关证书、近三个月本单位缴纳社保证明、工作经验证明并加盖本单位公章；2.项目组人员具有3年（含）以上招标采购工作经验，为本单位正式员工，需提供相关证书、近三个月本单位缴纳社保证明、工作经验证明并加盖本单位公章。三、参与方式1.获取时限：2026年9月8日—2026年9月18日（工作日，9:00-11:30；14:00-17:00），逾期将不予受理。2.获取遴选文件需提交的材料：填写完整并加盖公章的附件1《遴选文件获取申请表》（格式见公告附件）、营业执照、法定代表人授权书及被授权人身份证扫描件。3.获取遴选文件方式：申请人在获取遴选文件时间内，将需提交的材料电子版发送至（bdxfzdcgb@163.com，邮件题目注明“公司名称+获取遴选文件”），申请获取遴选文件。我支队确认后将遴选文件电子版发送至申请人来件邮箱。4.本次遴选不收取任何费用。5.我支队将对各公司材料进行核查，择优选取部分采购代理机构。四、代理服务费用1.代理服务费用收取主体及方式：我支队择优选取的招标代理机构依法向其所代理采购项目的中标（成交）供应商收取招标代理服务费，不得向我支队收取任何形式的费用。2.代理服务费用计算依据及标准：不高于《招标代理服务收费管理暂行办法》（计价格〔2002〕1980号）文件规定的招标代理服务费收费标准的80%，具体收费金额按中选招标代理机构在报名资料《承诺函》中载明的折扣率执行。3.其他：招标代理机构应在收取招标代理服务费后，及时向中标（成交）供应商开具等额合法有效的发票。中选招标代理机构需严格按照约定收取费用，不得超标准、超范围收费，不得收取任何隐形费用，确保收费过程公开透明，主动接受我支队及相关监管部门监督。五、公告期限本公告公示从2026年9月8日至9月18日单位：保定市消防救援支队联系人：王先生邮箱地址：bdxfzdcgb@163.com 二、开标时间： 三、其它补充事宜 四、预算金额：预算金额：0.000000 万元（人民币）,公共安全,,中国政府采购网,,0.0,table,,,,,,,,,,,
南开大学智能光子研究院前沿交叉学科中心家具采购项目采购公告,其他公告,NK2026H071N,2026年09月08日 09:08,天津市,南开大学,天津市南开区卫津路94号,于老师、牛老师 022-23501661,天津国际招标有限公司,天津市河西区卫津南路19号501室,郝蕊、孙小茜、卢佳胜、李佳璘、杨晓彤022-27235797,郝蕊、孙小茜、卢佳胜、李佳璘,022-27235797,,,https://www.ccgp.gov.cn/cggg/zygg/qtgg/202609/t20260908_27283531.htm,2026-09-10 10:09:09,天津国际招标有限公司受南开大学 委托，根据《中华人民共和国政府采购法》等有关规定，现对南开大学智能光子研究院前沿交叉学科中心家具采购项目进行其他招标，欢迎合格的供应商前来投标。 项目名称：南开大学智能光子研究院前沿交叉学科中心家具采购项目项目编号：NK2026H071N项目联系方式：项目联系人：郝蕊、孙小茜、卢佳胜、李佳璘、杨晓彤项目联系电话：022-27235797 采购单位联系方式：采购单位：南开大学采购单位地址：天津市南开区卫津路94号采购单位联系方式：于老师、牛老师 022-23501661 代理机构联系方式：代理机构：天津国际招标有限公司代理机构联系人：郝蕊、孙小茜、卢佳胜、李佳璘、杨晓彤022-27235797代理机构地址： 天津市河西区卫津南路19号501室 一、采购项目内容根据南开大学相关规定，天津国际招标有限公司受南开大学的委托，拟对南开大学智能光子研究院前沿交叉学科中心家具采购项目开展采购活动，兹邀请符合要求的供应商参加投标（响应）。（一）项目基本情况1.项目编号：NK2026H071N。2.项目名称：南开大学智能光子研究院前沿交叉学科中心家具采购项目3.采购方式：学校自行采购（招标-快速采购-电子标，非政府采购）。4.预算：86.9890万元；最高限价：86.9890万元。5.项目实施地点：南开大学。6.合同履行期限：见采购文件项目需求书。7.采购需求：采购数量：鞋柜（3组）、换鞋凳（4个）、6 人更衣柜（13个）、9 人更衣柜（5个）、洁净服柜（10个）、水池台（6 套）、实验存放柜（20 个）、1 米条形办公桌（60 套）、1.2 米条形办公桌（40 套）、1.5 米条形办公桌（20 套）、L 型电动升降办公桌椅（4 套）、L 型办公桌椅（1 套）、文件柜（2l 个）、双人沙发（4 套）、三人沙发（4 套）、组合式培训桌（45 套）、培训凳（14 把）、餐桌（1 套）、茶水台（10米（每延米））、小会议桌（27 套）、玻璃展示柜（8 套）、展示柜（12 套）、大会议桌（1 套）。具体参数见采购文件项目需求书。8.本项目不接受进口产品投标。（二）供应商资格要求1.供应商须具有独立承担民事责任的能力，具备营业执照或事业单位法人证书或民办非企业单位登记证书或社会团体法人登记证书或基金会法人登记证书；2.供应商须具有良好的商业信誉和健全的财务会计制度；3.供应商须具有履行合同所必需的设备和专业技术能力；4.供应商须具有依法缴纳税收和社会保障资金的良好记录；5.供应商参加本次采购活动前3年内，须在经营活动中没有重大违法记录；6.供应商未被列入失信被执行人、重大税收违法失信主体、政府采购严重违法失信行为记录名单；7.本项目不接受联合体参与投标（响应）；8.单位负责人为同一人或者存在直接控股、管理关系的不同供应商，不得参加同一合同项下的采购活动。除单一来源采购项目外，为采购项目提供整体设计、规范编制或者项目管理、监理、检测等服务的供应商，不得再参加该采购项目的其他采购活动。（三）采购文件获取1.时间：2026年9月9日至2026年9月11日17:00时。2.方式：登录南开大学招投标管理办公室网站（网址：https：//nkzbb.nankai.edu.cn/），在“供应商注册”端口注册成功后，通过“校外用户”端口报名参加本项目采购活动，报名成功后在线下载采购文件。供应商应保证注册报名信息的真实、准确、完整。3.售价：0元。（四）投标（响应）文件的提交与解密供应商须通过南开大学采购招标管理信息平台（简称“系统”，登录https：//nkzbb.nankai.edu.cn/，点击页面右侧校外用户登录）进行网上投标（响应）。参与采购活动的供应商须按系统提示办理CA证书，并使用 CA 证书通过系统上传电子投标（响应）文件。请供应商根据自身互联网网速和稳定性等多种因素，尽量提前登录系统，确保提交电子投标（响应）文件、解密等操作在规定时间内完成。1.文件提交（1）提交时间：2026年9月20日08：30前完成提交。逾期提交文件系统不予接收。（2）提交方式：供应商按要求使用CA证书，通过系统上传加密后的电子投标（响应）文件。除此之外，本项目不接受以其他方式提交的投标（响应）文件。2.文件解密（1）解密时间：2026年9月20日08：30开始解密，2026年9月20日09：00前完成解密。逾期未解密的投标（响应）文件，不能进入开标和评审流程。（2）解密方式：供应商应通过互联网在线操作完成电子投标（响应）文件的解密和报价展示。3.评审时间：2026年9月20日09：00。4.评审地点：天津国际招标有限公司（天津市河西区卫津南路19号202室）。（五）注意事项1.本采购项目通过南开大学采购招标管理信息平台发布采购文件的澄清、修改等内容，信息一经发布，即视为送达。供应商须及时接收和查阅相关信息，未按要求及时查阅的自行承担相应后果。在评审过程中，供应商应保持网络和通讯畅通，因网络和通讯不畅造成的一切后果由供应商自行承担。2.参与采购活动的供应商须按相关程序办理CA证书和安装投标（响应）文件编制工具、CA证书驱动、签章软件后方可在系统上传投标（响应）文件。详细操作说明见系统中的《供应商操作手册》（登录系统后可查看）。CA办理需要时日，请参与本项目的供应商务必匡算好时间，尽可能提早办理。因办理时间晚、邮寄时间晚以及其他不可抗力原因造成供应商不能顺利参加响应活动的，采购人不承担任何责任。3.本项目推荐使用的浏览器为：IE10及以上的版本浏览器、360浏览器兼容模式、搜狗浏览器兼容模式。4.系统使用过程中遇到技术问题可拨打系统技术支持电话400-808-5975转2。5.法定代表人或单位负责人为同一个人或者存在直接控股、管理关系的不同供应商，不得同时参与本采购项目。如发现同时报名参与的情形，评审时将同时被拒绝。6.供应商若出现《南开大学采购招标供应商管理办法》中规定的不良行为的，将列入“供应商不良行为名单”，禁止三年内参与学校自采项目的采购招标活动。（六）联系方式1.采购人：名称：南开大学地址：天津市南开区卫津路94号联系人：于老师、牛老师电话：022-23501661网站地址：https：//nkzbb.nankai.edu.cn/电子邮箱：zbb@nankai.edu.cn2.采购代理机构：名称：天津国际招标有限公司地址：天津市河西区卫津南路19号501室联系人：郝蕊、孙小茜、卢佳胜、李佳璘、杨晓彤电话：022-27235797电子邮箱：tmetb10@163.com汇款银行及账号：账户名称：天津国际招标有限公司账户号码：441100100100713178668668开户银行：兴业银行股份有限公司天津森淼支行 二、开标时间：2026年09月20日 08:30 三、其它补充事宜无 四、预算金额：预算金额：86.989000 万元（人民币）,教育培训,,中国政府采购网,学校自行采购（招标-快速采购-电子标,86.989,table,,,,,,,,,,,
浙江大学硅-28同位素四氟化硅气体单一来源采购公告,其他公告,ZUPC-DY-HW-20260201G,2026年09月08日 08:59,杭州市,浙江大学,杭州市西湖区余杭塘路866号,zupc@zju.edu.cn,详见公告正文,详见公告正文,详见公告正文,杨老师、谢老师,0571-88206325,20260908硅-28同位素四氟化硅气体.docx,"[{""attach_name"": ""20260908硅-28同位素四氟化硅气体.docx"", ""attach_url"": ""https://download.ccgp.gov.cn/oss/download?uuid=1BCCFA44EA5C60A11673461C588515""}]",https://www.ccgp.gov.cn/cggg/zygg/qtgg/202609/t20260908_27283624.htm,2026-09-10 10:09:09,根据《中华人民共和国政府采购法》等有关规定，现对硅-28同位素四氟化硅气体进行其他招标，欢迎合格的供应商前来投标。 项目名称：硅-28同位素四氟化硅气体项目编号：ZUPC-DY-HW-20260201G项目联系方式：项目联系人：杨老师、谢老师 项目联系电话：0571-88206325 采购单位联系方式：采购单位：浙江大学采购单位地址：杭州市西湖区余杭塘路866号采购单位联系方式：zupc@zju.edu.cn  一、采购项目内容采购需求：详见下表 序号 采购内容 （标的名称） 数量 最高限价 简要技术要求 是否允许采购进口产品 1 硅-28同位素四氟化硅气体 1瓶 250万元 具体见采购文件 否    二、开标时间：2026年09月17日 14:00 三、其它补充事宜 四、预算金额：预算金额：250.000000 万元（人民币）,教育培训,,中国政府采购网,,250.0,table,,,,,,,,,,,
剑阁县消防救援大队消防员单兵通讯设备采购需求调查及技术参数征集公告,其他公告,/,2026年09月08日 08:46,剑阁县,剑阁县消防救援大队,四川省广元市剑阁县下寺镇翠云大道 191 号,马先生、198 8222 2119,四川德邦招投标代理有限公司,四川省广元市苍溪县东城向阳巷40号,王老师 13378171281,马先生,19882222119,"附件2：征集参数清单.xlsx,附件3：征集参数清单.doc,附件4：历史成交信息.docx,附件1.docx","[{""attach_name"": ""附件2：征集参数清单.xlsx"", ""attach_url"": ""https://download.ccgp.gov.cn/oss/download?uuid=B0BFD674426CD351E24798A6983BFA""}, {""attach_name"": ""附件3：征集参数清单.doc"", ""attach_url"": ""https://download.ccgp.gov.cn/oss/download?uuid=00A618CC3D4FC7B5C4F73DD95F4408""}, {""attach_name"": ""附件4：历史成交信息.docx"", ""attach_url"": ""https://download.ccgp.gov.cn/oss/download?uuid=C69988B46CEB4614BD052B971E1FC3""}, {""attach_name"": ""附件1.docx"", ""attach_url"": ""https://download.ccgp.gov.cn/oss/download?uuid=7017BE74A72BD46E46A1913362BC6E""}]",https://www.ccgp.gov.cn/cggg/zygg/qtgg/202609/t20260908_27283455.htm,2026-09-10 10:09:10,四川德邦招投标代理有限公司受剑阁县消防救援大队 委托，根据《中华人民共和国政府采购法》等有关规定，现对剑阁县消防救援大队消防员单兵通讯设备进行其他招标，欢迎合格的供应商前来投标。 项目名称：剑阁县消防救援大队消防员单兵通讯设备项目编号：/项目联系方式：项目联系人：马先生项目联系电话：198 8222 2119 采购单位联系方式：采购单位：剑阁县消防救援大队采购单位地址：四川省广元市剑阁县下寺镇翠云大道 191 号采购单位联系方式：马先生、198 8222 2119 代理机构联系方式：代理机构：四川德邦招投标代理有限公司代理机构联系人：王老师 13378171281代理机构地址： 四川省广元市苍溪县东城向阳巷40号 一、采购项目内容根据《中华人民共和国政府采购法》《政府采购需求管理办法》等有关规定，为了解产品的技术参数、市场价格、相关产业发展、市场供给、同类采购项目历史成交信息、可能涉及的运行维护、升级更新、备品备件、耗材等后续采购以及其他相关情况，四川德邦招投标代理有限公司受剑阁县消防救援大队委托，为剑阁县消防救援大队消防员单兵通讯设备采购项目开展采购需求调查。本次调查仅为采购人了解市场技术现状、科学合理设定采购需求和预算，不作为投标报名，供应商提交的技术参数不视为对采购项目的整体设计或规范编制，不影响供应商参与本项目后续正式投标活动的资格，欢迎潜在供应商积极提交相关资料。请自愿参与本项目的各潜在供应商，根据本公告所列要求，将征集内容以电子邮件的方式于2026年9月10日17:00分(北京时间）前发送至：邮箱956910386@qq.com。一、征集项目名称：剑阁县消防救援大队消防员单兵通讯设备采购项目二、预算金额：18.8万元（其中消防员单兵通信设备（5G单兵）4.2万元/台，POC 公网对讲机0.5万元/台），具体预算详见附件2。三、征集内容及要求（一）征集参数清单（详见附件2）（二）征集参数要求1.需明确量化指标（采用“≥/≤/区间”表述，不写固定唯一值）包括货物的核心性能、材质、规格、接口、安全/环保标准、相关认证要求等。2.若需设置关键“★”实质性条款，并提供明确依据（如产品认证证书、检测报告或功能截图等佐证资料）；3.报价产品价格具体为产品本身市场价格，反馈的产品价格信息要真实准确，报价有效期不应少于12个月。同类采购项目历史成交信息及证明材料，如同规格产品相关业绩证明（三）提交资料要求1.供应商基本情况（附件1）扫描件及Word版、营业执照副本复印件或扫描件（加盖公章）。2.征集技术参数与性能指标要求Excel版、Word版（详见附件2.3）。其中技术性能和指标参数需尽量详尽具体，且与认证证书或检测报告型号一致。3.产品的相关检测机构出具的检测报告PDF版。4.可能涉及的运行维护、升级更新、备品备件、耗材等后续采购及服务，如同类项目质保期情况及售后服务情况PDF版及Word版。5.产品相关图册、产品照片、应用视频等其他相关资料。6.供应商认为还需提供的单一性、专利技术等其他与产品技术需求相关的资料。7.所有递交的材料须真实、合法、有效，加盖单位公章（鲜章），以单位全称+联系方式建立一个文件夹，无公章的视为无效材料，不予接收。 二、开标时间： 三、其它补充事宜 四、预算金额：预算金额：18.800000 万元（人民币）,公共安全,,中国政府采购网,,18.8,table,,,,,,,,,,,
中国疾病预防控制中心传染病预防控制所2026年内部控制信息管理系统运维服务采购其他,其他公告,ICDCHQC20260901,2026年09月08日 08:37,昌平区,中国疾病预防控制中心传染病预防控制所,北京市昌平区昌百路155号传染病所,王老师；010-58900715；wanghaitao@icdc.cn,详见公告正文,详见公告正文,详见公告正文,陈老师,010-58900708,1采购文件-2026年内部控制信息管理系统运维服务.doc,"[{""attach_name"": ""1采购文件-2026年内部控制信息管理系统运维服务.doc"", ""attach_url"": ""https://download.ccgp.gov.cn/oss/download?uuid=09EF5FD1CF845C29DF6B8051213123""}]",https://www.ccgp.gov.cn/cggg/zygg/qtgg/202609/t20260908_27283440.htm,2026-09-10 10:09:11,根据《中华人民共和国政府采购法》等有关规定，现对2026年内部控制信息管理系统运维服务采购进行其他招标，欢迎合格的供应商前来投标。 项目名称：2026年内部控制信息管理系统运维服务采购项目编号：ICDCHQC20260901项目联系方式：项目联系人：陈老师项目联系电话：010-58900708 采购单位联系方式：采购单位：中国疾病预防控制中心传染病预防控制所采购单位地址：北京市昌平区昌百路155号传染病所采购单位联系方式：王老师；010-58900715；wanghaitao@icdc.cn  一、采购项目内容 序号 服务名称 数量 单位 1 日常监测与定期巡检 1 项 2 系统软件补丁升级 1 项 3 系统日志管理 1 项 4 技术咨询服务 1 项 5 数据库维护 1 项 6 数据库备份 1 项 7 系统改正性维护与bug修复 1 项 8 系统国产密码改造 1 项 9 等保测评支持服务 1 项 10 安全检查与重大活动保障 1 项   二、开标时间：2026年09月16日 09:00 三、其它补充事宜无 四、预算金额：预算金额：10.000000 万元（人民币）,信息技术,,中国政府采购网,,10.0,table,,,,,,,,,,,
中国疾病预防控制中心传染病预防控制所全国病原病媒生物与宿主动物监测管理信息系统子系统国家致病菌识别网接口开发与系统升级项目其他,其他公告,ICDCHQC20260904,2026年09月08日 08:37,昌平区,中国疾病预防控制中心传染病预防控制所,北京市昌平区昌百路155号传染病所,王老师；010-58900715；wanghaitao@icdc.cn,详见公告正文,详见公告正文,详见公告正文,夏老师,010-58900784,1采购文件-全国病原病媒生物与宿主动物监测管理信息系统子系统国家致病菌识别网接口开发与系统升级项目.doc,"[{""attach_name"": ""1采购文件-全国病原病媒生物与宿主动物监测管理信息系统子系统国家致病菌识别网接口开发与系统升级项目.doc"", ""attach_url"": ""https://download.ccgp.gov.cn/oss/download?uuid=E1A14640A23949AD45F4630ED54F18""}]",https://www.ccgp.gov.cn/cggg/zygg/qtgg/202609/t20260908_27283438.htm,2026-09-10 10:09:11,根据《中华人民共和国政府采购法》等有关规定，现对全国病原病媒生物与宿主动物监测管理信息系统子系统国家致病菌识别网接口开发与系统升级项目进行其他招标，欢迎合格的供应商前来投标。 项目名称：全国病原病媒生物与宿主动物监测管理信息系统子系统国家致病菌识别网接口开发与系统升级项目项目编号：ICDCHQC20260904项目联系方式：项目联系人：夏老师项目联系电话：010-58900784 采购单位联系方式：采购单位：中国疾病预防控制中心传染病预防控制所采购单位地址：北京市昌平区昌百路155号传染病所采购单位联系方式：王老师；010-58900715；wanghaitao@icdc.cn  一、采购项目内容 包号 服务名称 简要技术要求 服务期限 项目预算 1 全国病原病媒生物与宿主动物监测管理信息系统子系统国家致病菌识别网接口开发与系统升级项目 完成各业务方向接口开发与对接，包括：中心数据平台数据推送接口、指标计算数据接口、基因组分析对接接口、AI智能体数据接口，实现接口标准化、对接规范化。 完成系统功能升级，包括捕获法测序基因组文件管理功能开发及交流共享功能升级。 具体技术需求详见采购文件附第五部分 合同签订后3个月 人民币18万元  二、开标时间：2026年09月16日 09:00 三、其它补充事宜无 四、预算金额：预算金额：18.000000 万元（人民币）,信息技术,,中国政府采购网,,18.0,table,,,,,,,,,,,
中国人民大学物理学院低维材料外延协同多维谱学系统采购项目04包、05包废标公告,流标公告,ZSLTC-2026-S113,2026年09月07日 21:41,北京市,中国人民大学,北京市海淀区中关村大街59号,党老师 010-62511204,中盛隆国际招标（北京）有限公司,北京市海淀区阜成路58号新洲商务大厦302室,魏菲、马春娟、孙源滨、李蕊、曹泽鹏、赵中阳、刘震、李红梅、李莉 010-88956517-207,魏菲、马春娟、孙源滨、李蕊、曹,010-88956517-207,,,https://www.ccgp.gov.cn/cggg/zygg/qtgg/202609/t20260907_27282806.htm,2026-09-10 10:09:12,一、项目基本情况 采购项目编号：ZSLTC-2026-S113 采购项目名称：中国人民大学物理学院低维材料外延协同多维谱学系统采购项目 二、项目废标/流标的原因 04包、05包至投标截止时间止递交投标文件的投标人不足三家，故04包、05包未予开标。 三、其他补充事宜 无。 四、凡对本次公告内容提出询问，请按以下方式联系。 1.采购人信息 名 称：中国人民大学 地址：北京市海淀区中关村大街59号 联系方式：党老师 010-62511204 2.采购代理机构信息 名 称：中盛隆国际招标（北京）有限公司 地 址：北京市海淀区阜成路58号新洲商务大厦302室 联系方式：魏菲、马春娟、孙源滨、李蕊、曹泽鹏、赵中阳、刘震、李红梅、李莉 010-88956517-207 3.项目联系方式 项目联系人：魏菲、马春娟、孙源滨、李蕊、曹泽鹏、赵中阳、刘震、李红梅、李莉 电 话： 010-88956517-207,教育培训,,中国政府采购网,,,default,二、项目废标/流标的原因,,,,,,,,,,
中华人民共和国福州出入境边防检查站涉海管控及研判分析平台服务采购项目预公告,其他公告,FJLQ20260228,2026年09月07日 21:02,福州市,中华人民共和国福州出入境边防检查站,福建省福州市鼓楼区北环西路68号,陈警官、0591-87086638,福建立勤项目管理有限公司,福州市鼓楼区工业路523号福大怡山文化创意园北区3号楼101,杨慧婷、徐朕、黄又霁、0591-88160295,杨慧婷、徐朕、黄又霁项目联系电,0591-88160295,中华人民共和国福州出入境边防检查站涉海管控及研判分析平台服务采购项目（竞争性磋商文件预公告版）.docx,"[{""attach_name"": ""中华人民共和国福州出入境边防检查站涉海管控及研判分析平台服务采购项目（竞争性磋商文件预公告版）.docx"", ""attach_url"": ""https://download.ccgp.gov.cn/oss/download?uuid=05D3B50F573990926024FD7442E3C4""}]",https://www.ccgp.gov.cn/cggg/zygg/qtgg/202609/t20260907_27282747.htm,2026-09-10 10:09:13,福建立勤项目管理有限公司受中华人民共和国福州出入境边防检查站 委托，根据《中华人民共和国政府采购法》等有关规定，现对中华人民共和国福州出入境边防检查站涉海管控及研判分析平台服务采购项目进行其他招标，欢迎合格的供应商前来投标。 项目名称：中华人民共和国福州出入境边防检查站涉海管控及研判分析平台服务采购项目项目编号：FJLQ20260228项目联系方式：项目联系人：杨慧婷、徐朕、黄又霁项目联系电话：0591-88160295 采购单位联系方式：采购单位：中华人民共和国福州出入境边防检查站采购单位地址：福建省福州市鼓楼区北环西路68号采购单位联系方式：陈警官、0591-87086638 代理机构联系方式：代理机构：福建立勤项目管理有限公司代理机构联系人：杨慧婷、徐朕、黄又霁、0591-88160295代理机构地址： 福州市鼓楼区工业路523号福大怡山文化创意园北区3号楼101 一、采购项目内容1、项目编号：FJLQ202602282、项目名称：中华人民共和国福州出入境边防检查站涉海管控及研判分析平台服务采购项目3、采购单位：中华人民共和国福州出入境边防检查站4、建议截止时间：2026年09月10日17:30致：各潜在供应商福建立勤项目管理有限公司受中华人民共和国福州出入境边防检查站的委托，对中华人民共和国福州出入境边防检查站涉海管控及研判分析平台服务采购项目（项目编号：FJLQ20260228）进行竞争性磋商，现发布磋商文件预公告。各潜在的供应商如对磋商文件有建议或意见请在预公告截止时间之前提出，并同时将书面材料(包含建议或意见书原件、经年检合格的法人营业执照复印件、单位负责人授权书原件、单位负责人及被授权人身份证复印件、通迅地址、联系方式等，均须加盖单位公章)送至福建立勤项目管理有限公司，未按要求提交的建议书将不予接受。预公告截止时间及各潜在供应商递交建议书材料的截止时间为：2026年09月10日17:30止（北京时间）采购人：中华人民共和国福州出入境边防检查站地址：福建省福州市鼓楼区北环西路68号1.项目需求咨询联系人：陈警官联系电话：0591-870866382.采购政策咨询联系人：林警官联系电话：0591-870866753.纪检监督联系人：林警官联系电话：0591-87086676代理机构：福建立勤项目管理有限公司地址：福州市鼓楼区工业路523号福大怡山文化创意园北区3号楼101邮编：350002联系人：杨慧婷、徐朕、黄又霁联系电话：0591-88160295 二、开标时间：2026年09月10日 17:30 三、其它补充事宜上述开标时间是系统固定模板不可更改，开标时间即预公告截止时间 四、预算金额：预算金额：60.000000 万元（人民币）,文化旅游,2026-09-10 17:30,中国政府采购网,,60.0,table,,,,,,,,,,,
南宁市消防救援支队房屋安全鉴定项目比价公告,其他公告,NNXF-2026FWAQJD-001,2026年09月07日 19:52,青秀区,南宁市消防救援支队,广西壮族自治区南宁市青秀区佛子岭路2号,郑助理15278121008,详见公告正文,详见公告正文,详见公告正文,郑助理,15278121008,比选采购文件（南宁市消防救援支队江南大队工业园区站蓝特城市主战车压缩空气泡沫系统维修项目）.pdf,"[{""attach_name"": ""比选采购文件（南宁市消防救援支队江南大队工业园区站蓝特城市主战车压缩空气泡沫系统维修项目）.pdf"", ""attach_url"": ""https://download.ccgp.gov.cn/oss/download?uuid=1D4E2F133ECCE0190F2B64125C114A""}]",https://www.ccgp.gov.cn/cggg/zygg/qtgg/202609/t20260907_27282573.htm,2026-09-10 10:09:13,根据《中华人民共和国政府采购法》等有关规定，现对南宁市消防救援支队房屋安全鉴定项目进行其他招标，欢迎合格的供应商前来投标。 项目名称：南宁市消防救援支队房屋安全鉴定项目项目编号：NNXF-2026FWAQJD-001项目联系方式：项目联系人：郑助理项目联系电话：15278121008 采购单位联系方式：采购单位：南宁市消防救援支队采购单位地址：广西壮族自治区南宁市青秀区佛子岭路2号采购单位联系方式：郑助理15278121008  一、采购项目内容一、项目基本情况1.项目编号：NNXF-2026FWAQJD-0012.项目名称：南宁市消防救援支队房屋安全鉴定项目3.项目类型：服务类4.采购方式：比选5.项目预算：171633.26元（含税）6.最高限价（如有）：171633.26元（含税）7.合同履行期限：自合同签订之日起90天8.采购需求：根据工作需要，拟对支队14栋房屋开展安全鉴定工作，总鉴定面积合计25403.85㎡（以实际鉴定评估面积为准），负责对上述房屋进行全面的安全鉴定并出具《房屋危险性鉴定报告》。二、申请人的资格要求1.满足《中华人民共和国政府采购法》第二十二条规定；2.本项目不接受联合体投标。三、获取采购文件1.时间：自公告发布之日起，至响应文件提交截止时间止。2.获取方式：网上下载。供应商可自行在中国政府采购网下载比选文件。四、响应文件提交1.截止时间：以采购公告或采购人书面通知载明时间为准。2.提交方式：纸质响应文件应在提交截止时间前现场递交，地址为广西南宁市青秀区佛子岭路2号南宁市消防救援支队六楼会议室。五、响应文件开启1.时间：2026年9月16日上午10时（北京时间）。2.地点：南宁市消防救援支队六楼会议室。六、对本次采购提出询问，请按以下方式联系1.采购人：南宁市消防救援支队2.地址：南宁市青秀区佛子岭路2号3.项目联系人：郑助理4.联系方式：15278121008 二、开标时间：2026年09月16日 10:00 三、其它补充事宜 四、预算金额：预算金额：17.163326 万元（人民币）,公共安全,,中国政府采购网,比选,17.163326,table,,,,,,,,,,,
暨南大学实验动物管理中心手套等采购项目（0877-26GZTP4XE0646）询比公告,其他公告,0877-26GZTP4XE0646,2026年09月07日 19:34,广东省,暨南大学,广州市天河区黄埔大道西601号,顾老师020-85220458,广东广招国际招标有限公司,广州市越秀区东风东路745号东山紫园商务大厦2003单元,020-38931905、38931906、37816286转801（总机）,周工,020-38931901、38931902、38931903转860,,,https://www.ccgp.gov.cn/cggg/zygg/qtgg/202609/t20260907_27282516.htm,2026-09-10 10:09:14,广东广招国际招标有限公司受暨南大学 委托，根据《中华人民共和国政府采购法》等有关规定，现对暨南大学实验动物管理中心手套等采购项目进行其他招标，欢迎合格的供应商前来投标。 项目名称：暨南大学实验动物管理中心手套等采购项目项目编号：0877-26GZTP4XE0646项目联系方式：项目联系人：周工，孔工项目联系电话：020-38931901、38931902、38931903转860或859 采购单位联系方式：采购单位：暨南大学采购单位地址：广州市天河区黄埔大道西601号采购单位联系方式：顾老师020-85220458 代理机构联系方式：代理机构：广东广招国际招标有限公司代理机构联系人：020-38931905、38931906、37816286转801（总机）代理机构地址： 广州市越秀区东风东路745号东山紫园商务大厦2003单元 一、采购项目内容1.标的名称：暨南大学实验动物管理中心手套等采购项目2.标的数量：1项3.简要技术需求或服务要求：（1）采购内容：暨南大学实验动物管理中心手套等采购，详见《第二部分 采购需求书》；（2）交货期：合同签订后采购人提前1周联系中标人，中标人按指定时间内完成交货；（3）本项目不分包组，供应商应对所有的标的内容进行响应，不允许只对部分内容进行响应；（4）本项目采购标的对应的中小企业划分标准所属行业为 工业  。合同履行期限：自合同签订之日起至实际总结算金额累计达到预算金额止。本项目不接受联合体响应。 二、开标时间：2026年09月18日 09:30 三、其它补充事宜（一）申请人的资格要求1.满足《中华人民共和国政府采购法》第二十二条规定。2.落实政府采购政策需满足的资格要求：本项目属于专门面向中小企业采购的项目，供应商提供的货物须全部由中小企业、生产且使用该中小企业商号或注册商标（监狱企业、残疾人福利单位视同小型、微型企业）【依据《中小企业声明函》或由省级以上监狱管理局、戒毒管理局（含新疆生产建设兵团）出具的承接方属于监狱企业的证明文件或承接方的《残疾人福利性单位声明函》】。3.本项目的特定资格要求：3.1.供应商应当具备《中华人民共和国政府采购法》第二十二条规定的条件，提供下列材料：（1）提交有效的营业执照（或事业法人登记证或社会团体登记证或民办非企业单位登记证或身份证等相关证明）副本复印件。（如国家另有规定的，则从其规定。如供应商为分支机构，须取得具有法人资格的总公司（总所）出具给分支机构的授权书，并提供总公司（总所）和分支机构的营业执照（执业许可证）复印件；已由总公司（总所）授权的，总公司（总所）取得的相关资质证书对分支机构有效，法律法规或者行业另有规定的除外）；（2）提供2025年度财务状况报告或响应截止日前6个月内任意1个月的财务报表复印件；或银行出具的资信证明材料复印件；（3）提供履行合同所必需的设备和专业技术能力的书面声明或其他证明文件；（4）提供响应截止日前6个月内任意1个月依法缴纳税收和社会保障资金的相关材料。如依法免税或不需要缴纳社会保障资金的，提供相应证明材料；（5）提供参加政府采购活动前3年内在经营活动中没有重大违法记录的书面声明。重大违法记录，是指供应商因违法经营受到刑事处罚或者责令停产停业、吊销许可证或者执照、较大数额罚款等行政处罚。（较大数额罚款按照《财政部关于<中华人民共和国政府采购法实施条例>第十九条第一款 “较大数额罚款”具体适用问题的意见 》（财库〔2022〕3 号）执行）。3.2.为采购项目提供整体设计、规范编制或者项目管理、监理、检测等服务的供应商，不得再参加同一采购项目的其他采购活动的书面声明。3.3.单位负责人为同一人或者存在直接控股、管理关系的不同供应商，不得参加同一合同项下的政府采购活动的书面声明。3.4.本项目不接受联合体响应。3.5.供应商未被列入“信用中国”网站（www.creditchina.gov.cn）“失信被执行人”、“重大税收违法失信主体”、“政府采购严重违法失信行为”名单，且不处于中国政府采购网（www.ccgp.gov.cn）“政府采购严重违法失信行为信息记录”中禁止参加政府采购活动期间（以采购代理机构于响应截止日当天在“信用中国”及中国政府采购网查询结果为准，如相关失信记录已失效，供应商须提供相关证明资料）。3.6.领购采购文件的供应商。（二）获取采购文件时间： 2026 年 09 月 07 日至 2026 年 09 月 14 日，每天上午 09:00 至 12:00 ，下午 14:30 至 17:30 （北京时间，法定节假日除外 ）地点：粤招优采电子招标采购交易平台（http://oa.gztpc.com/aeps/login.html）方式：1） 注册粤招优采电子招标采购交易平台，完善供应商相关信息并提交审核（工作日审核时间一般不超过2小时，已注册的供应商可直接登录平台，注册地址：http://oa.gztpc.com/aeps/pages/register/register.html）；2） 账号审核通过后登录平台（登录地址：http://oa.gztpc.com/aeps/login.html）；3） 按照《电子招投标平台使用说明》（http://www.gztpc.com/content/detail.html）获取采购文件。供应商在使用过程中遇到涉及系统使用的问题，可咨询梁工：18925053631售价（元）：300（三）提交响应文件截止时间、开标时间和地点2026 年 09 月 18 日 09 点 30 分00秒（北京时间）地点：广州市越秀区东风东路745号东山紫园商务大厦2005单元（四）公告期限自本公告发布之日起 5 个工作日（五）其他补充事宜本项目需要落实的政府采购政策：（1）《关于印发〈政府采购促进中小企业发展管理办法〉的通知》（财库〔2020〕46号）（2）《财政部 司法部关于政府采购支持监狱企业发展有关问题的通知》（财库〔2014〕68号）（3） 《财政部 民政部 中国残疾人联合会关于促进残疾人就业政府采购政策的通知》（财库〔2017〕141号）（4）《关于进一步加大政府采购支持中小企业力度的通知》（财库〔2022〕19号）（5）《关于调整优化节能产品、环境标志产品政府采购执行机制的通知》（财库〔2019〕9号） 四、预算金额：预算金额：43.792500 万元（人民币）,教育培训,,中国政府采购网,,43.7925,table,,,,,,,,,,,
山东省地震局山东省防震减灾科技园区沥青路面提升改造工程项目比选公告,其他公告,SHZB2026-768,2026年09月07日 18:54,山东省,山东省地震局,济南市历城区港西路2066号,亓老师，0531-58622081,盛和招标代理有限公司,盛和招标代理有限公司(济南市历城区唐冶西路868号东8区企业公馆B1号楼),梁冰、毛允东、苏云龙、韩伟、侯美玲、孙伟、李秀艳0531-88260568、17866617312、17862114460,许铖铖、王凯、谢文豪、张越项目,0531-88260568、15153117917、17866617312、17,,,https://www.ccgp.gov.cn/cggg/zygg/qtgg/202609/t20260907_27282240.htm,2026-09-10 10:09:15,盛和招标代理有限公司受山东省地震局 委托，根据《中华人民共和国政府采购法》等有关规定，现对山东省防震减灾科技园区沥青路面提升改造工程项目进行其他招标，欢迎合格的供应商前来投标。 项目名称：山东省防震减灾科技园区沥青路面提升改造工程项目项目编号：SHZB2026-768项目联系方式：项目联系人：许铖铖、王凯、谢文豪、张越项目联系电话：0531-88260568、15153117917、17866617312、17862114460 采购单位联系方式：采购单位：山东省地震局采购单位地址：济南市历城区港西路2066号采购单位联系方式：亓老师，0531-58622081 代理机构联系方式：代理机构：盛和招标代理有限公司代理机构联系人：梁冰、毛允东、苏云龙、韩伟、侯美玲、孙伟、李秀艳0531-88260568、17866617312、17862114460代理机构地址： 盛和招标代理有限公司(济南市历城区唐冶西路868号东8区企业公馆B1号楼) 一、采购项目内容 项目概况： 山东省防震减灾科技园区沥青路面提升改造工程项目的潜在供应商在盛和招标代理有限公司(唐冶西路868号山东设计创意产业园南区B1号楼)获取比选文件，并于2026年9月18日09点00分（北京时间）前提交响应文件。 一、项目基本情况项目编号：SHZB2026-768。项目名称：山东省防震减灾科技园区沥青路面提升改造工程项目。预算金额：93.83万元。采购需求：本项目为山东省防震减灾科技园区沥青路面提升改造工程项目，详见工程量清单。合同履行期限：自合同签订之日起15日历日（含）内完成（以开工令为准）。本项目不接受联合体。二、申请人的资格要求：1.满足《中华人民共和国政府采购法》第二十二条规定；2.本项目为不属于专门面向中小微企业采购的项目。3.本项目的特定资格要求：3.1供应商具有市政公用工程施工总承包乙级（原二级）及以上资质，并具有有效的安全生产许可证；3.2供应商拟派项目经理须具备市政公用工程专业二级及以上注册建造师资格(在本单位注册，若为一级建造师，需提供有效的电子证书)和有效的安全生产考核合格证书（B证）；3.3必须为未列入“信用中国”、“中国政府采购网”失信被执行人、重大税收违法失信主体、政府采购严重违法失信名单的企业；三、获取采购文件1.时间：2026年9月8日8:30分至2026年9月14日17:30分。每天上午08:30至17:30（北京时间，法定节假日除外）2.地点：盛和招标代理有限公司(唐冶西路868号山东设计创意产业园南区B1号楼)。3.方式：现场获取、电汇获取。（1）现场获取采购文件相关事宜：供应商现场填写标书购买交款单并根据交款单注意事项在中招联合招标采购平台完成注册。（2）电汇形式购买：有意参加本次采购活动的供应商汇款底单备注填写项目名称、项目编号、公司名称、联系人、联系电话。汇款完成后，供应商登录中招联合招标采购平台（ww.365trade.com.cn）搜索对应项目，点击立即购标-选择“电汇”方式，上传交款凭证，等待审核。如需在线缴纳保证金，审核通过后可在线获取保证金虚拟账号进行缴纳。开户银行：兴业银行济南燕山支行，开户名：盛和招标代理有限公司，银行账号：376060100100168341。（注：首次登录前需完成免费注册，平台将对供应商注册信息与其提供的附件信息进行一致性检查；注册为一次性工作，生成账号后可长期使用，后续若有需要只需变更及完善相关信息；注册成功后，该账号可用于参与平台上发布的其他招标项目。平台注册成功后，需真实准确完善用户信息，特别是财务信息。平台统一服务热线：010-86397110，(工作日9:00-12:00，13:30-17:00)。）4.售价：300元/包，采购文件售后不退。四、响应文件提交提交响应文件时间：2026年9月18日08点30分至2026年9月18日09点00分（北京时间）地点：唐冶东8区企业公馆B1号楼二楼第一开标室(山东省济南市历城区唐冶西路868号)。五、开启时间：2026年9月18日09点00分（北京时间）地点：唐冶东8区企业公馆B1号楼二楼第一开标室(山东省济南市历城区唐冶西路868号)。六、公告期限自本公告发布之日起3个工作日。七、其他补充事宜无。八、凡对本次采购提出询问，请按以下方式联系。1.采购人信息名    称：山东省地震局地    址：济南市历城区港西路2066号联系方式：0531-586220812.采购代理机构信息名    称：盛和招标代理有限公司地 址：唐冶西路868号山东设计创意产业园南区B1号楼联系方式：0531-882605683.项目联系方式项目联系人：许铖铖、谢文豪、王凯、张越电 话：17866617312、17862114460、15153117917 二、开标时间：2026年09月18日 09:00 三、其它补充事宜无 四、预算金额：预算金额：93.830000 万元（人民币）,工程建设,2026-09-18 09:00,中国政府采购网,,93.83,table,,,,,,,,,,,
山东省地震局山东省防震减灾科技园区室外环境提升工程比选公告,其他公告,SHZB2026-769,2026年09月07日 18:53,山东省,山东省地震局,济南市历城区港西路2066号,亓老师，0531-58622081,盛和招标代理有限公司,盛和招标代理有限公司(济南市历城区唐冶西路868号东8区企业公馆B1号楼),梁冰、毛允东、苏云龙、韩伟、侯美玲、孙伟、李秀艳0531-88260568、17866617312、17862114460,许铖铖、王凯、谢文豪、张越项目,0531-88260568、15153117917、17866617312、17,,,https://www.ccgp.gov.cn/cggg/zygg/qtgg/202609/t20260907_27282223.htm,2026-09-10 10:09:15,盛和招标代理有限公司受山东省地震局 委托，根据《中华人民共和国政府采购法》等有关规定，现对山东省防震减灾科技园区室外环境提升工程进行其他招标，欢迎合格的供应商前来投标。 项目名称：山东省防震减灾科技园区室外环境提升工程项目编号：SHZB2026-769项目联系方式：项目联系人：许铖铖、王凯、谢文豪、张越项目联系电话：0531-88260568、15153117917、17866617312、17862114460 采购单位联系方式：采购单位：山东省地震局采购单位地址：济南市历城区港西路2066号采购单位联系方式：亓老师，0531-58622081 代理机构联系方式：代理机构：盛和招标代理有限公司代理机构联系人：梁冰、毛允东、苏云龙、韩伟、侯美玲、孙伟、李秀艳0531-88260568、17866617312、17862114460代理机构地址： 盛和招标代理有限公司(济南市历城区唐冶西路868号东8区企业公馆B1号楼) 一、采购项目内容 项目概况： 山东省防震减灾科技园区室外环境提升工程的潜在供应商在盛和招标代理有限公司(唐冶西路868号山东设计创意产业园南区B1号楼)获取比选文件，并于2026年9月18日14点00分（北京时间）前提交响应文件。  一、项目基本情况项目编号：SHZB2026-769。项目名称：山东省防震减灾科技园区室外环境提升工程。预算金额：95.16万元。采购需求：本项目为山东省防震减灾科技园区室外环境提升工程，详见工程量清单。合同履行期限：自合同签订之日起 30日历日（含）内完成（以开工令为准），绿化工程根据采购人安排执行。本项目不接受联合体。二、申请人的资格要求：1.满足《中华人民共和国政府采购法》第二十二条规定；2.本项目为不属于专门面向中小微企业采购的项目。3.本项目的特定资格要求：3.1供应商具有建筑工程施工总承包三级及以上或市政公用工程施工总承包乙级（原二级）及以上资质，并具有有效的安全生产许可证；3.2供应商拟派项目经理须具备建筑工程或市政公用工程专业二级及以上注册建造师资格(在本单位注册，若为一级建造师，需提供有效的电子证书)和有效的安全生产考核合格证书（B证）；3.3必须为未列入“信用中国”、“中国政府采购网”失信被执行人、重大税收违法失信主体、政府采购严重违法失信名单的企业；三、获取采购文件1.时间：2026年9月8日8:30分至2026年9月14日17:30分。每天上午08:30至17:30（北京时间，法定节假日除外）2.地点：盛和招标代理有限公司(唐冶西路868号山东设计创意产业园南区B1号楼)。3.方式：现场获取、电汇获取。（1）现场获取采购文件相关事宜：供应商现场填写标书购买交款单并根据交款单注意事项在中招联合招标采购平台完成注册。（2）电汇形式购买：有意参加本次采购活动的供应商汇款底单备注填写项目名称、项目编号、公司名称、联系人、联系电话。汇款完成后，供应商登录中招联合招标采购平台（ww.365trade.com.cn）搜索对应项目，点击立即购标-选择“电汇”方式，上传交款凭证，等待审核。如需在线缴纳保证金，审核通过后可在线获取保证金虚拟账号进行缴纳。开户银行：兴业银行济南燕山支行，开户名：盛和招标代理有限公司，银行账号：376060100100168341。（注：首次登录前需完成免费注册，平台将对供应商注册信息与其提供的附件信息进行一致性检查；注册为一次性工作，生成账号后可长期使用，后续若有需要只需变更及完善相关信息；注册成功后，该账号可用于参与平台上发布的其他招标项目。平台注册成功后，需真实准确完善用户信息，特别是财务信息。平台统一服务热线：010-86397110，(工作日9:00-12:00，13:30-17:00)。）4.售价：300元/包，采购文件售后不退。四、响应文件提交提交响应文件时间：2026年9月18日13点30分至2026年9月18日14点00分（北京时间）地点：唐冶东8区企业公馆B1号楼二楼第一开标室(山东省济南市历城区唐冶西路868号)。五、开启时间：2026年9月18日14点00分（北京时间）地点：唐冶东8区企业公馆B1号楼二楼第一开标室(山东省济南市历城区唐冶西路868号)。六、公告期限自本公告发布之日起3个工作日。七、其他补充事宜无。八、凡对本次采购提出询问，请按以下方式联系。1.采购人信息名    称：山东省地震局地    址：济南市历城区港西路2066号联系方式：0531-586220812.采购代理机构信息名    称：盛和招标代理有限公司地 址：唐冶西路868号山东设计创意产业园南区B1号楼联系方式：0531-882605683.项目联系方式项目联系人：许铖铖、谢文豪、王凯电 话：17862114460、15153117917 二、开标时间：2026年09月18日 14:00 三、其它补充事宜无 四、预算金额：预算金额：95.160000 万元（人民币）,工程建设,2026-09-18 14:00,中国政府采购网,,95.16,table,,,,,,,,,,,
2026数字低空大会策划承办推广服务采购项目结果公示,其他公告,0722-26FE6337SZF-0,2026年09月07日 18:47,深圳市,zycgr21071303,深圳市南山区,联 系 人：彭老师 电    话：0755-85902154,中国远东国际招标有限公司,深圳市福田区上步南路1001号锦峰大厦24楼,联系人姓名：李工、叶工 电话：（洽购招标文件）0755-83629806/83629816/83629826 （其他咨询）0755-82078919、82077364 传真：0755-82077519 邮箱：info@zgyd11.com、dwq@zgyd11.com,王工、程工,0755-82078919、82077364转164、140,2026数字低空大会策划承办推广服务采购项目结果公示.pdf,"[{""attach_name"": ""2026数字低空大会策划承办推广服务采购项目结果公示.pdf"", ""attach_url"": ""https://download.ccgp.gov.cn/oss/download?uuid=1D72269F6D94DFA129AA60C70FB999""}]",https://www.ccgp.gov.cn/cggg/zygg/qtgg/202609/t20260907_27282184.htm,2026-09-10 10:09:16,一、项目基本情况 采购项目编号：0722-26FE6337SZF-0 采购项目名称：2026数字低空大会策划承办推广服务采购项目 二、项目废标/流标的原因 根据《中华人民共和国政府采购法》第三十六条规定：“在招标采购中，出现下列情形之一的，应予废标：（一）符合专业条件的供应商或者对招标文件作实质响应的供应商不足三家的；（二）出现影响采购公正的违法、违规行为的；（三）投标人的报价超过了采购预算，采购人不能支付的；（四）因重大变故，采购任务取消的。”根据《中华人民共和国政府采购法》第三十六条第（一）款的规定，本项目采购失败。 三、其他补充事宜 具体公告内容详见附件 四、凡对本次公告内容提出询问，请按以下方式联系。 1.采购人信息 名 称：zycgr21071303 地址：深圳市南山区 联系方式：联 系 人：彭老师 电 话：0755-85902154 2.采购代理机构信息 名 称：中国远东国际招标有限公司 地 址：深圳市福田区上步南路1001号锦峰大厦24楼 联系方式：联系人姓名：李工、叶工 电话：（洽购招标文件）0755-83629806/83629816/83629826 （其他咨询）0755-82078919、82077364 传真：0755-82077519 邮箱：info@zgyd11.com、dwq@zgyd11.com 3.项目联系方式 项目联系人：王工、程工 电 话： 0755-82078919、82077364转164、140,服务外包,,中国政府采购网,,,default,二、项目废标/流标的原因,,,,,,,,,,
舟山市消防救援支队无人机专业队设备购置项目需求调查更正公告,其他公告,/,2026年09月07日 18:45,舟山市,舟山市消防救援支队,浙江省舟山市定海区临城街道海天大道560号,陈先生  15268014119,详见公告正文,详见公告正文,详见公告正文,陈先生,15268014119,"附件2：舟山市消防救援支队无人机专业队设备购置项目清单.xlsx,附件1：舟山市消防救援支队无人机专业队设备购置项目采购需求问卷调查表.xlsx","[{""attach_name"": ""附件2：舟山市消防救援支队无人机专业队设备购置项目清单.xlsx"", ""attach_url"": ""https://download.ccgp.gov.cn/oss/download?uuid=C235FE75EB2DA8359EF5FC15146D68""}, {""attach_name"": ""附件1：舟山市消防救援支队无人机专业队设备购置项目采购需求问卷调查表.xlsx"", ""attach_url"": ""https://download.ccgp.gov.cn/oss/download?uuid=8A72F996D4CA61B73FC2CA7503200B""}]",https://www.ccgp.gov.cn/cggg/zygg/qtgg/202609/t20260907_27282172.htm,2026-09-10 10:09:17,根据《中华人民共和国政府采购法》等有关规定，现对舟山市消防救援支队无人机专业队设备购置项目进行其他招标，欢迎合格的供应商前来投标。 项目名称：舟山市消防救援支队无人机专业队设备购置项目项目编号：/项目联系方式：项目联系人：陈先生项目联系电话：15268014119 采购单位联系方式：采购单位：舟山市消防救援支队采购单位地址：浙江省舟山市定海区临城街道海天大道560号采购单位联系方式：陈先生 15268014119  一、采购项目内容1.项目基本情况原公告的采购项目名称：浙江省消防救援总队舟山支队2026年无人机采购项目原公告网址链接：https://www.ccgp.gov.cn/cggg/zygg/qtgg/202609/t20260901_27246829.htm首次公告日期：2026年9月1日2.更正信息更正事项：采购项目名称更正更正内容：原采购项目名称“浙江省消防救援总队舟山支队2026年无人机采购项目”更正为“舟山市消防救援支队无人机专业队设备购置项目”，附件1和附件2中的采购项目名称更正为“舟山市消防救援支队无人机专业队设备购置项目”（详见附件1、附件2），其余内容与原公告保持一致。 二、开标时间： 三、其它补充事宜/ 四、预算金额：预算金额：0.000000 万元（人民币）,公共安全,,中国政府采购网,,0.0,table,,,,,,,,,,,
炉管设备耗材、石英舟废标公告,流标公告,ZGGJ-BJ04-26081636/SiC2026032,2026年09月07日 18:32,北京市,zycgr22011902,/,杨老师 010-57305334,中工国际招标有限公司,北京市朝阳区慧忠路5号远大中心C座2层203,王宇婷、王欣、康进、张跃   010-82952950-814,王宇婷、王欣、康进、张跃,010-82952950-814,,,https://www.ccgp.gov.cn/cggg/zygg/qtgg/202609/t20260907_27282076.htm,2026-09-10 10:09:17,一、项目基本情况 采购项目编号：ZGGJ-BJ04-26081636/SiC2026032 采购项目名称：炉管设备耗材、石英舟 二、项目废标/流标的原因 因通过资格性与符合性审查的有效供应商不足3家，本项目废标。 三、其他补充事宜 / 四、凡对本次公告内容提出询问，请按以下方式联系。 1.采购人信息 名 称：zycgr22011902 地址：/ 联系方式：杨老师 010-57305334 2.采购代理机构信息 名 称：中工国际招标有限公司 地 址：北京市朝阳区慧忠路5号远大中心C座2层203 联系方式：王宇婷、王欣、康进、张跃 010-82952950-814 3.项目联系方式 项目联系人：王宇婷、王欣、康进、张跃 电 话： 010-82952950-814,设备购置,,中国政府采购网,,,default,二、项目废标/流标的原因,,,,,,,,,,
2026年公安部道路交通安全研究中心算力集群设备采购项目废标公告,流标公告,JC-HG20260231,2026年09月07日 18:30,市辖区,公安部道路交通安全研究中心,北京市大兴区博兴二路5号院,郦老师 010-67825579,公安部警用装备采购中心,上海市闵行区浦江镇三达路299号,戚老师 021-3329-2999,联系代表电,021-33292999,JC-HG20260231+2026年公安部道路交通安全研究中心算力集群设备采购项目公开招标文件-202608141626505864-202609071406325132.docx,"[{""attach_name"": ""JC-HG20260231+2026年公安部道路交通安全研究中心算力集群设备采购项目公开招标文件-202608141626505864-202609071406325132.docx"", ""attach_url"": ""https://download.ccgp.gov.cn/oss/download?uuid=5637b50e-4e55-4533-9307-e353b0""}]",https://www.ccgp.gov.cn/cggg/zygg/qtgg/202609/t20260907_27282119.htm,2026-09-10 10:09:18,一、项目编号：JC-HG20260231二、项目名称：2026年公安部道路交通安全研究中心算力集群设备采购项目三、项目终止的原因本次采购项目共1包，经资格审查后有效投标人不足3家，按政府采购法及公开招标文件相关规定，该项目作废标处理。‌‌‌四、其它补充事宜无五、凡对本次公告内容提出询问，请按以下方式联系。1.采购人信息名 称：公安部道路交通安全研究中心 地址：北京市经济技术开发区博兴二路5号院 联系方式：郦警官010-67825579   2.采购代理机构信息名 称：公安部警用装备采购中心 地 址：上海市闵行区三达路299号 联系方式：联系代表 021-33292999 3.项目联系方式项目联系人：联系代表电 话：021-33292999,公共安全,,中国政府采购网,,,default,本次采购项目共1包，经资格审查后有效投标人不足3家，按政府采购法及公开招标文件相关规定，该项目作废标处理。‌‌‌,,,,,,,,,,
柯坪县消防救援大队2026年伙食采购及配送项目废标公告,流标公告,XFJYZD-GK-2026-003,2026年09月07日 18:27,阿克苏地区,阿克苏地区消防救援支队,阿克苏市交通路 119 号,亚克甫 18899244578,新疆疆跃招标代理有限责任公司,新疆阿克苏地区阿克苏市兰干街道绿苑社区采荷路23号云山悦府小区12栋2-202号,刘润利  13369873111,刘润利,13369873111,,,https://www.ccgp.gov.cn/cggg/zygg/qtgg/202609/t20260907_27282017.htm,2026-09-10 10:09:19,一、项目基本情况 采购项目编号：XFJYZD-GK-2026-003 采购项目名称：柯坪县消防救援大队2026年伙食采购及配送项目 二、项目废标/流标的原因 有效供应商不足三家 三、其他补充事宜 无 四、凡对本次公告内容提出询问，请按以下方式联系。 1.采购人信息 名 称：阿克苏地区消防救援支队 地址：阿克苏市交通路 119 号 联系方式：亚克甫 18899244578 2.采购代理机构信息 名 称：新疆疆跃招标代理有限责任公司 地 址：新疆阿克苏地区阿克苏市兰干街道绿苑社区采荷路23号云山悦府小区12栋2-202号 联系方式：刘润利 13369873111 3.项目联系方式 项目联系人：刘润利 电 话： 13369873111,公共安全,,中国政府采购网,,,default,二、项目废标/流标的原因,,,,,,,,,,
泾源县消防救援大队白通路消防救援站训练场地建设项目废标公告,流标公告,HCZB-2026-,2026年09月07日 18:27,泾源县,泾源县消防救援大队,宁夏固原市泾源县滨河路,王骏卿0954-5011105,宁夏汇程项目管理有限公司,宁夏银川市金凤区鸿曦悦海湾C区1栋2层,开博辉、师晓荣0951-6150811、17395195455,王骏卿,0954-5011105,,,https://www.ccgp.gov.cn/cggg/zygg/qtgg/202609/t20260907_27282016.htm,2026-09-10 10:09:19,一、项目基本情况 采购项目编号：HCZB-2026-（采）-48 采购项目名称：泾源县消防救援大队白通路消防救援站训练场地建设项目 二、项目废标/流标的原因 截止响应文件递交时间，递交响应文件的有效供应商不足三家，故本项目予以废标处理。 三、其他补充事宜 本项目废标公告在中国政府采购网发布。 四、凡对本次公告内容提出询问，请按以下方式联系。 1.采购人信息 名 称：泾源县消防救援大队 地址：宁夏固原市泾源县滨河路 联系方式：王骏卿0954-5011105 2.采购代理机构信息 名 称：宁夏汇程项目管理有限公司 地 址：宁夏银川市金凤区鸿曦悦海湾C区1栋2层 联系方式：开博辉、师晓荣0951-6150811、17395195455 3.项目联系方式 项目联系人：王骏卿 电 话： 0954-5011105,公共安全,,中国政府采购网,,,default,二、项目废标/流标的原因,,,,,,,,,,
中华人民共和国广西出入境边防检查总站崇左片区戍边公寓岩土工程详细勘察项目竞价采购公告,其他公告,GXBJ-2026-JJ-002,2026年09月07日 18:26,良庆区,中华人民共和国广西出入境边防检查总站,南宁市良庆区春华路1号,谢警官？  0771-3286583,详见公告正文,详见公告正文,详见公告正文,谢警官,0771-3286583,,,https://www.ccgp.gov.cn/cggg/zygg/qtgg/202609/t20260907_27282019.htm,2026-09-10 10:09:20,"根据《中华人民共和国政府采购法》等有关规定，现对中华人民共和国广西出入境边防检查总站崇左片区戍边公寓岩土工程详细勘察项目进行其他招标，欢迎合格的供应商前来投标。 项目名称：中华人民共和国广西出入境边防检查总站崇左片区戍边公寓岩土工程详细勘察项目项目编号：GXBJ-2026-JJ-002项目联系方式：项目联系人：谢警官项目联系电话：0771-3286583 采购单位联系方式：采购单位：中华人民共和国广西出入境边防检查总站采购单位地址：南宁市良庆区春华路1号采购单位联系方式：谢警官？ 0771-3286583   一、采购项目内容广西出入境边防检查总站拟对中华人民共和国广西出入境边防检查总站崇左片区戍边公寓岩土工程详细勘察项目进行竞价采购，诚邀合格供应商参加竞标，有关事项如下：一、采购项目名称、编号及内容 项目名称：中华人民共和国广西出入境边防检查总站崇左片区戍边公寓岩土工程详细勘察项目项目编号：GXBJ-2026-JJ-002竞标内容：采购岩土工程详细勘察服务，采用总价包干的方式，预算：29.4万元。具体内容见采购文件。勘察要求：1.详细勘察报告质量标准：符合国家和行业主管部门现行有关法规、规范和技术标准规定的要求,并通过国家相关部门组织的审查与评审；成果表达应当清晰、规范，应符合国家有关技术规定，成果深度达到岩土工程施工勘察的深度要求。2.提交勘察成果时间：签订合同采购人提供完整资料后10个日历天内完成勘察并交付详细勘察报告。3.成果形式及数量要求：成交供应商负责向采购人提交勘察成果资料6份及电子光盘一张，成果验收以通过相关行政审批部门备案为准。报告含数据分析、相关图纸，电子光盘为成果报告的电子存档。4.人员要求：拟投入人员满足住建等相关政府部门报建要求。二、供应商资格 1．符合《中华人民共和国政府采购法》第二十二条规定的竞标人。2. 本项目特定资格：住房和城乡建设行政管理部门颁发的工程勘察专业类（岩土工程勘察）甲级资质或工程勘察专业类（岩土工程）甲级资质或工程勘察综合甲级资质；3.本项目不接受联合体投标、不允许分包、转包。4.未被列入“信用中国”网站（www.creditchina.gov.cn）失信被执行人名单及其他不良记录、重大税收违法失信主体和中国政府采购网（www.ccgp.gov.cn）政府采购严重违法失信行为记录名单。5.单位负责人为同一人或者存在直接控股、管理关系的不同供应商，不得参加同一合同项下的采购活动。为本项目提供过整体设计、规范编制或者项目管理、监理、检测等服务的供应商，不得再参加本项目上述服务以外的其他采购活动。6.未参与过本项目前期的地质灾害危险性评估及设计工作。三、获取竞价文件1.时间：2026年9月7日至2026年9月10日，每天上午08：30～11：30，下午14：30～17：30（北京时间，法定节假日除外）2.地点：广南宁市良庆区春华路1号广西出入境边防检查总站四、报价文件递交截止时间及地点1．截止时间：2026年9月11日9:00（北京时间）。2．地点：南宁市良庆区春华路1号广西出入境边防检查总站，现场提交。五、评审时间及地点1．评审时间：2026年9月11日9:00后（北京时间）。2．评审地点：南宁市良庆区春华路1号广西出入境边防检查总站六、联系电话及通讯地址项目联系人：谢警官    电    话：0771-3286583 邮    编：530221         地    址：南宁市良庆区春华路1号广西出入境边防检查总站                                                        广西出入境边防检查总站                                                          2026年9月7日 二、开标时间：2026年09月11日 09:00 三、其它补充事宜 四、预算金额：预算金额：29.400000 万元（人民币）",工程建设,2026-09-11 09:00,中国政府采购网,,29.4,table,,,,,,,,,,,
上海外国语大学大连西路550号10幢底层等区域招租项目（包件2：虹口区东体育会路100弄1号2012室招租）第四次招租公告,其他公告,SISU-GZZZ2603/,2026年09月07日 18:07,上海市,上海外国语大学,中国上海市松江区文翔路1550号,国资处招标科 徐老师 李老师 021-67708016,上海中世建设咨询有限公司,上海市普陀区曹杨路528弄35号（中世办公楼）,赵贞、梅若荻 021-62441033、52555819,赵贞、梅若荻,021-62441033、52555819,,,https://www.ccgp.gov.cn/cggg/zygg/qtgg/202609/t20260907_27281777.htm,2026-09-10 10:09:21,上海中世建设咨询有限公司受上海外国语大学 委托，根据《中华人民共和国政府采购法》等有关规定，现对上海外国语大学大连西路550号10幢底层等区域招租项目进行其他招标，欢迎合格的供应商前来投标。 项目名称：上海外国语大学大连西路550号10幢底层等区域招租项目项目编号：SISU-GZZZ2603/招案2026-3131项目联系方式：项目联系人：赵贞、梅若荻项目联系电话：021-62441033、52555819 采购单位联系方式：采购单位：上海外国语大学采购单位地址：中国上海市松江区文翔路1550号采购单位联系方式：国资处招标科 徐老师 李老师 021-67708016 代理机构联系方式：代理机构：上海中世建设咨询有限公司代理机构联系人：赵贞、梅若荻 021-62441033、52555819代理机构地址： 上海市普陀区曹杨路528弄35号（中世办公楼） 一、采购项目内容见“三、其他补充事宜”，具体内容详见招租文件第五部分—招租需求 二、开标时间：2026年09月16日 10:00 三、其它补充事宜本项目参照《中华人民共和国政府采购法》及有关法律、法规和规章规定，依据招租单位管理制度征集承租人，欢迎合格的竞租单位前来响应。（一）、项目概况1、项目名称：上海外国语大学大连西路550号10幢底层等区域招租项目2、项目编号：SISU-GZZZ2603（代理机构内部编号：招案2026-3131）3、招租内容：包件2：虹口区东体育会路100弄1号2012室招租，招租内容：为上海外国语大学虹口区东体育会路100弄1号2012室招租，用于商业办公。（具体内容详见招租文件第五部分—招租需求）4、合同履行期限：包件2：招租租期3年。因教育部、财政部等出台新政策等原因，修改招租政策，学校有权终止续签并重新招租。5、最低限价：包件2：虹口区东体育会路100弄1号2012室招租最低限价：1.90元/㎡/天注意：【竞租单位的响应报价不得低于对应包件的最低限价，低于最低限价的响应将予以否决。电费结算要求详见招租文件“前附表4”要求。】（二）、申请人的资格要求：1.满足《中华人民共和国政府采购法》第二十二条要求，包括：（1）具有独立承担民事责任的能力；（2）具有良好的商业信誉和健全的财务会计制度；（3）具有履行合同所必需的设备和专业技术能力；（4）有依法缴纳税收和社会保障资金的良好记录；（6）法律、行政法规规定的其他条件。2.竞租单位须为在中华人民共和国境内依法注册的独立法人；3.竞租单位近三年（从2023年7月1日至响应文件递交截止前1日）未被列入“信用中国”网站(www.creditchina.gov.cn) “失信被执行人”“重大税收违法案件当事人”“政府采购严重违法失信行为”及中国政府采购网（www.ccgp.gov.cn）“政府采购违法失信行为”不良记录（以网上查询结果为准）；4.竞租单位近三年（从2023年7月1日至响应文件递交截止前1日），“竞租单位（单位）”“法定代表人”及“项目负责人”无行贿犯罪记录（以“中国裁判文书网”网上查询结果为准）；5.竞租单位与招租人或潜在竞租单位等项目参与各方不存在控股、管理等利益关系；6.本项目不接受联合体竞租，不得转租；（三）、招租文件的领取时间：2026年9月7日至2026年9月11日，每天上午9时至11时，下午13时至16时（北京时间）地点：上海市曹杨路528弄35号（中世办公楼）5楼招标部办公室或者“中世建咨”微信服务号方式：现场发售或微信服务号领取，报名需提交的资料：（1）授权委托书及被授权人身份证。售价：￥800.00元/包。（四）、提交响应截止时间、开标时间和地点提交响应文件截止时间：2026年9月16日10时00分（北京时间）开标时间：2026年9月16日10时00分（北京时间）地点：上海市普陀区曹杨路528弄35号中世办公楼会议室（详见大屏幕） 四、预算金额：预算金额：0.000000 万元（人民币）,教育培训,2026-09-16 10:00,中国政府采购网,,0.0,table,,,,,,,,,,,
徐闻县消防救援大队2026年团体意外伤害保险服务采购项目采购需求调查（市场价格征集）公告其他,其他公告,/,2026年09月07日 18:01,徐闻县,徐闻县消防救援大队,广东省湛江市徐闻县徐城街道爱民路211号,"胡先生，15521683116,1309129315@qq.com",详见公告正文,详见公告正文,详见公告正文,胡先生,15521683116,附件 1报价函.docx,"[{""attach_name"": ""附件 1报价函.docx"", ""attach_url"": ""https://download.ccgp.gov.cn/oss/download?uuid=2BD17AABC0D62AA711C523595E5E05""}]",https://www.ccgp.gov.cn/cggg/zygg/qtgg/202609/t20260907_27282056.htm,2026-09-10 10:09:21,"根据《中华人民共和国政府采购法》等有关规定，现对徐闻县消防救援大队2026年团体意外伤害保险服务采购项目采购需求调查（市场价格征集）公告进行其他招标，欢迎合格的供应商前来投标。 项目名称：徐闻县消防救援大队2026年团体意外伤害保险服务采购项目采购需求调查（市场价格征集）公告项目编号：/项目联系方式：项目联系人：胡先生项目联系电话：15521683116 采购单位联系方式：采购单位：徐闻县消防救援大队采购单位地址：广东省湛江市徐闻县徐城街道爱民路211号采购单位联系方式：胡先生，15521683116,1309129315@qq.com  一、采购项目内容根据《中华人民共和国政府采购法》《政府采购需求管理办法》（财库〔2021〕22号）相关规定，我单位拟开展徐闻县消防救援大队团体意外伤害保险服务采购项目，因项目投保总金额暂未确定，现面向社会开展采购需求调查及市场价格征集，用于测算本项目保险单人保费最高限价。本次仅为前期市场调研，不属于采购正式采购活动，现邀请符合资格保险机构报送报价及方案。一、项目概况项目名称：徐闻县消防救援大队团体意外伤害保险服务采购项目采购单位：徐闻县消防救援大队项目概况：拟为内勤人员14人、消防员81人投保团体意外伤害保险；预估参保人数：95人（人数仅预估，最终以实际参保名单为准）；保险期限：12个月。保险保障方案（固定，所有报价必须按本保障方案报价，保证比价口径统一）意外身故 / 伤残：_100___万元 / 人猝死： 20    万元/人意外医疗：10万元 / 人；免赔额：50元，赔付比例_100%___意外住院津贴：_100___元 / 天，最高_90___天其他责任：________________注：保障方案为本次调研统一标准，所有响应单位不得擅自删减保障责任。报价要求：报单人每年保费单价（元 / 人 / 年），同时按预估人数填报预估总保费；报价为全包价（含保费、税费、理赔服务、人员增减保全等全部费用，后续不再收取任何手续费）。本次调查目的：采集市场合理费率，测算本项目单人保费最高限价，用于后续正式采购。 二、开标时间： 三、其它补充事宜 四、预算金额：预算金额：0.000000 万元（人民币）",公共安全,,中国政府采购网,,0.0,table,,,,,,,,,,,
兰州大学学位点及导师监测管理服务平台采购项目校内磋商公告,其他公告,LZU-2026-171-FW-CS,2026年09月07日 17:54,甘肃省,兰州大学,甘肃省兰州市城关区天水南路222号,曹老师、刘老师 0931-8912932、zbk@lzu.edu.cn,北京泛华国金工程咨询有限公司,兰州市城关区和平新村127号元富大厦16楼,魏芸 李鑫 13609353810、1359687677@qq.com,景老师,0931-8914060,"（磋商文件.终稿）兰州大学学位点及导师监测管理服务平台采购项目.pdf,供应商系统平台使用手册.pdf,投标客户端使用手册.pdf","[{""attach_name"": ""（磋商文件.终稿）兰州大学学位点及导师监测管理服务平台采购项目.pdf"", ""attach_url"": ""https://download.ccgp.gov.cn/oss/download?uuid=7A022000FCB529157C8B5C40D37AF0""}, {""attach_name"": ""供应商系统平台使用手册.pdf"", ""attach_url"": ""https://download.ccgp.gov.cn/oss/download?uuid=E5DDF46609C81AC3C96AF018AE1AC7""}, {""attach_name"": ""投标客户端使用手册.pdf"", ""attach_url"": ""https://download.ccgp.gov.cn/oss/download?uuid=BEA86EA3C0F14056C66F7274405D8B""}]",https://www.ccgp.gov.cn/cggg/zygg/qtgg/202609/t20260907_27281579.htm,2026-09-10 10:09:22,北京泛华国金工程咨询有限公司受兰州大学 委托，根据《中华人民共和国政府采购法》等有关规定，现对兰州大学学位点及导师监测管理服务平台采购项目进行其他招标，欢迎合格的供应商前来投标。 项目名称：兰州大学学位点及导师监测管理服务平台采购项目项目编号：LZU-2026-171-FW-CS项目联系方式：项目联系人：景老师项目联系电话：0931-8914060 采购单位联系方式：采购单位：兰州大学采购单位地址：甘肃省兰州市城关区天水南路222号采购单位联系方式：曹老师、刘老师 0931-8912932、zbk@lzu.edu.cn 代理机构联系方式：代理机构：北京泛华国金工程咨询有限公司代理机构联系人：魏芸 李鑫 13609353810、1359687677@qq.com代理机构地址： 兰州市城关区和平新村127号元富大厦16楼 一、采购项目内容详见磋商文件第三章 二、开标时间：2026年09月15日 09:00 三、其它补充事宜供应商响应文件通过投标客户端上传，操作说明详见响应须知及《供应商系统平台使用手册》（见附件）、《投标客户端使用手册》（见附件）。 四、预算金额：预算金额：70.000000 万元（人民币）,教育培训,,中国政府采购网,,70.0,table,,,,,,,,,,,
中国科学院金属研究所微小焦点X射线源采购项目单一来源公告,其他公告,OITC-G260531756,2026年09月07日 17:54,沈阳市,中国科学院金属研究所,沈阳市沈河区文化路72号,"佟老师,024-23971066、rtong@imr.ac.cn",东方国际招标有限责任公司,北京市海淀区丹棱街1号互联网金融中心20层,余睿、王军、郭宇涵、李雯；010-68290563、010-68290508、010-68290501,余睿、王军、郭宇涵、李雯,010-68290563、010-68290508、010-68290501,,,https://www.ccgp.gov.cn/cggg/zygg/qtgg/202609/t20260907_27281585.htm,2026-09-10 10:09:23,"东方国际招标有限责任公司受中国科学院金属研究所 委托，根据《中华人民共和国政府采购法》等有关规定，现对中国科学院金属研究所微小焦点X射线源采购项目 进行其他招标，欢迎合格的供应商前来投标。 项目名称：中国科学院金属研究所微小焦点X射线源采购项目 项目编号：OITC-G260531756 项目联系方式：项目联系人： 余睿、王军、郭宇涵、李雯 项目联系电话： 010-68290563、010-68290508、010-68290501  采购单位联系方式：采购单位：中国科学院金属研究所采购单位地址： 沈阳市沈河区文化路72号采购单位联系方式：佟老师,024-23971066、rtong@imr.ac.cn 代理机构联系方式：代理机构：东方国际招标有限责任公司代理机构联系人：余睿、王军、郭宇涵、李雯；010-68290563、010-68290508、010-68290501代理机构地址： 北京市海淀区丹棱街1号互联网金融中心20层 一、采购项目内容 包号 货物名称 数量 采购预算 1 微小焦点X射线源 1套 145万元   二、开标时间：2026年09月15日 09:30 三、其它补充事宜1.本次单一来源采购内容如下： 包号 货物名称 数量 采购预算 1 微小焦点X射线源 1套 145万元  2.合格的供应商：(1)收到“单一来源采购邀请书”的单一来源制造商或其代理商（如是进口设备代理商投标，必须出具制造商的有效授权，否则投标将被拒绝）；(2)“符合《中华人民共和国政府采购法》第二十二条要求”；(3)供应商不得为列入失信被执行人、重大税收违法案件当事人名单、政府采购严重违法失信行为记录名单的供应商。3.单一来源采购文件发售时间、地点：单一来源采购文件每套500元，售后不退。时间：从2026年9月7日起至2026年9月14日止，每天(节假日除外)上午9:00时至11:30时，下午13:30时至16:30时(北京时间)。地点：www.oitccas.com；北京市海淀区丹棱街1号互联网金融中心20层4.单一来源采购项目响应文件递交时间及地点：时间：2026年9月15日09：30前地点：中国科学院金属研究所文化路园区李薰楼425会议室5.单一来源采购协商时间及地点：时间：2026年9月15日09:30（北京时间）地点：中国科学院金属研究所文化路园区李薰楼425会议室采购代理机构名称：东方国际招标有限责任公司详细地址：北京市海淀区丹棱街1号互联网金融中心20层。    邮编：100080项目联系人：余睿项目联系电话：010-68290563电子邮箱：ryu@oitc.com.cn标书款和单一来源采购保证金专用账户：开户名称：东方国际招标有限责任公司开户银行：招商银行西三环支行账号：862081657710001     6.单一来源供应商：瑞奇戈德测控技术无锡有限公司 四、预算金额：预算金额：145.000000 万元（人民币）",教育培训,,中国政府采购网,,145.0,table,,,,,,,,,,,
雷波县消防救援大队建立代理机构库其他,其他公告,/,2026年09月07日 17:47,雷波县,雷波县消防救援大队,四川省凉山彝族自治州雷波县锦城镇18号公路,联 系 人：范老师    联系电话：0834-8822171,四川寰宇卫创招标代理有限公司,雷波县北环路92号三楼,联 系 人：蒋先生   联系电话：14780645206,范老师,0834-8822171,雷波县消防救援大队建立代理机构库公告.doc,"[{""attach_name"": ""雷波县消防救援大队建立代理机构库公告.doc"", ""attach_url"": ""https://download.ccgp.gov.cn/oss/download?uuid=7716A90E4CBCE9AFE7A88448908F21""}]",https://www.ccgp.gov.cn/cggg/zygg/qtgg/202609/t20260907_27281410.htm,2026-09-10 10:09:24,四川寰宇卫创招标代理有限公司受雷波县消防救援大队 委托，根据《中华人民共和国政府采购法》等有关规定，现对雷波县消防救援大队建立代理机构库进行其他招标，欢迎合格的供应商前来投标。 项目名称：雷波县消防救援大队建立代理机构库项目编号：/项目联系方式：项目联系人：范老师项目联系电话：0834-8822171 采购单位联系方式：采购单位：雷波县消防救援大队采购单位地址：四川省凉山彝族自治州雷波县锦城镇18号公路采购单位联系方式：联 系 人：范老师 联系电话：0834-8822171 代理机构联系方式：代理机构：四川寰宇卫创招标代理有限公司代理机构联系人：联 系 人：蒋先生 联系电话：14780645206代理机构地址： 雷波县北环路92号三楼 一、采购项目内容详见采购公告 二、开标时间：2026年09月11日 10:00 三、其它补充事宜无 四、预算金额：预算金额：0.000000 万元（人民币）,公共安全,,中国政府采购网,,0.0,table,,,,,,,,,,,
北京中医药大学未来医学学院神经损伤模型构建与功能评价平台设备采购项目比选公告,其他公告,CFTC-BJ01-2608039,2026年09月07日 17:32,北京市,北京中医药大学,北京市朝阳区北三环东路 11 号,赵老师010-53911758,国金招标有限公司,北京市朝阳区东三环南路甲52号顺迈金钻国际商务中心9层9C,杨振豪、王树凡、王佳乐、孙涛、刘晓红、王涵、张玉琢；电话：13552541378、010-52133055、010-52188100,杨振豪、王树凡、王佳乐、孙涛,13552541378、010-52133055、010-52188100,获取采购文件登记表【2026年6月起用】.xlsx,"[{""attach_name"": ""获取采购文件登记表【2026年6月起用】.xlsx"", ""attach_url"": ""https://download.ccgp.gov.cn/oss/download?uuid=DB5EFDC08DC53066BAE8E42B18FB7E""}]",https://www.ccgp.gov.cn/cggg/zygg/qtgg/202609/t20260907_27281097.htm,2026-09-10 10:09:24,国金招标有限公司受北京中医药大学 委托，根据《中华人民共和国政府采购法》等有关规定，现对北京中医药大学未来医学学院神经损伤模型构建与功能评价平台设备采购项目进行其他招标，欢迎合格的供应商前来投标。 项目名称：北京中医药大学未来医学学院神经损伤模型构建与功能评价平台设备采购项目项目编号：CFTC-BJ01-2608039项目联系方式：项目联系人：杨振豪、王树凡、王佳乐、孙涛、刘晓红、王涵、张玉琢项目联系电话：13552541378、010-52133055、010-52188100 采购单位联系方式：采购单位：北京中医药大学采购单位地址：北京市朝阳区北三环东路 11 号采购单位联系方式：赵老师010-53911758 代理机构联系方式：代理机构：国金招标有限公司代理机构联系人：杨振豪、王树凡、王佳乐、孙涛、刘晓红、王涵、张玉琢；电话：13552541378、010-52133055、010-52188100代理机构地址： 北京市朝阳区东三环南路甲52号顺迈金钻国际商务中心9层9C 一、采购项目内容 序号 采购标的名称 数量及单位 是否接受进口 1 小鼠转棒仪 1台 否 2 超低温冰箱-80度 1台 否 3 小动物麻醉机 1台 否 4 小动物脑立体定位仪(双臂） 1台 否 5 小动物颅骨钻 1台 否 6 单通道微量注射泵 1台 否 7 移液器-多通道 2台 否 8 移液器-单通道 10台 否 9 4度及-20度冰箱 1台 否 10 低温冰箱-20度 1台 否 11 液氮罐 1台 否 12 大鼠转棒仪 1台 否  二、开标时间：2026年09月18日 09:30 三、其它补充事宜  三、其它补充事宜（一）最高限价：人民币46.4万元（二）供应商的资格要求：1.供应商必须符合《中华人民共和国政府采购法》第二十二条的规定：1.1具有独立承担民事责任的能力；1.2具有良好的商业信誉和健全的财务会计制度；1.3具有履行合同所必需的设备和专业技术能力；1.4有依法缴纳税收和社会保障资金的良好记录；1.5参加本次采购活动前三年内，在经营活动中没有重大违法记录；1.6法律、行政法规规定的其他条件。2.落实政府采购政策需满足的资格要求：2.1本项目是否专门面向中小企业：是2.2本项目采购标的对应的中小企业划分标准所属行业： 工业  3.本项目的特定资格要求：3.1本项目提交首次响应文件截止之日前，供应商不得被“信用中国”网站列入失信被执行人、重大税收违法案件当事人名单，不得被“中国政府采购网”网站列入政府采购严重违法失信行为记录名单（处罚期限尚未届满的）；3.2单位负责人为同一人或者存在直接控股、管理关系的不同供应商，不得参加同一合同项下的政府采购活动；3.3为本次采购项目提供整体设计、规范编制或者项目管理、监理、检测等服务的供应商，不得参加响应；3.4本项目不接受联合体响应。（三）获取比选文件时间：2026年9 月7日至2026年9月10日，每天上午09:00至12:00，下午12:00至17:00（北京时间，法定节假日除外）地点：网上方式：网上获取（须提供以下资料的彩色扫描件，在获取比选文件时间内发送至采购代理机构邮箱gjzbyxgs@126.com）。（1）制作标书费转账凭证；（2）获取采购文件登记表（下载电子版后，填写，回传Word版）；网上获取须电汇支付，公对公转账，收款账户：公司名称：国金招标有限公司；账号: 170149276；开户行：中国民生银行北京劲松支行；行号：011607324制作标书费：500元（四）首次响应文件递交时间、递交截止时间、开启时间首次响应文件递交截止时间：2026年9月18日 9:30（北京时间），首次响应文件递交截止时间后送达的响应文件将被拒收。首次响应文件开启时间：2026年9月18日 9:30(北京时间)（五）首次响应文件递交及开启地点首次响应文件递交及开启地点：北京市朝阳区东三环南路甲52号顺迈金钻国际商务中心9层9C届时请供应商的法定代表人或其授权的供应商代表出席比选会议，商谈顺序按照供应商提交响应文件的顺序进行。（六）公告期限公告期限为3个工作日。（七）其他事宜1.发布公告的媒介：本公告在中国政府采购网（https://www.ccgp.gov.cn/）、北京中医药大学采购申报管理系统（https://cgxt.bucm.edu.cn/gateway.do）发布。2.合同履行期限：合同签订后30日内。供应商应保证在要求时间内完成全部货物的供货、安装、调试和培训工作，符合国家标准、行业规范和合同等相关文件的要求。3.评分方法和标准：综合评分法4.政府采购政策：节约能源、保护环境、扶持不发达地区和少数民族地区、促进中小企业发展、支持监狱、戒毒企业发展、促进残疾人就业、优先采购贫困地区农副产品、支持创新、绿色发展（不适用者除外）等。5.采购方式：比选采购6.项目编号：ZBXM20260828100323/CFTC-BJ01-2608039（因网站格式字数有限，项目编号以此为准） 四、预算金额：预算金额：46.400000 万元（人民币）,医疗卫生,2026-09-18 09:30,中国政府采购网,比选采购,46.4,table,,,,,,,,,,,
中国科学院赣江创新研究院阻抗分析仪系统采购项目流标公告,流标公告,TC26070JC,2026年09月07日 17:28,赣州市,中国科学院赣江创新研究院,江西省赣州市科学院路1号,联系人：罗老师 电话：0797-4565919,中招国际招标有限公司,北京市海淀区学院南路62号中关村资本大厦911B室,罗子琦、徐子玲、王高云、郭文星、徐润斌 010-61954095、61954155  luoziqi@cntcitc.com.cn,罗子琦、徐子玲、王高云、郭文星,010-61954095、61954155,,,https://www.ccgp.gov.cn/cggg/zygg/qtgg/202609/t20260907_27281002.htm,2026-09-10 10:09:25,一、项目基本情况 采购项目编号：TC26070JC 采购项目名称：中国科学院赣江创新研究院阻抗分析仪系统采购项目 二、项目废标/流标的原因 本项目招标文件发售截止时间为2026年09月07日17时00分，获取招标文件的潜在供应商不足三家，本次采购失败，项目流标。 三、其他补充事宜 无 四、凡对本次公告内容提出询问，请按以下方式联系。 1.采购人信息 名 称：中国科学院赣江创新研究院 地址：江西省赣州市科学院路1号 联系方式：联系人：罗老师 电话：0797-4565919 2.采购代理机构信息 名 称：中招国际招标有限公司 地 址：北京市海淀区学院南路62号中关村资本大厦911B室 联系方式：罗子琦、徐子玲、王高云、郭文星、徐润斌 010-61954095、61954155 luoziqi@cntcitc.com.cn 3.项目联系方式 项目联系人：罗子琦、徐子玲、王高云、郭文星、徐润斌 电 话： 010-61954095、61954155,教育培训,,中国政府采购网,,,default,二、项目废标/流标的原因,,,,,,,,,,
中南大学能源科学与工程学院圆盘桨叶加热机采购项目废标公告,流标公告,HZ20260203-0166,2026年09月07日 17:26,长沙市,中南大学,长沙市麓山南路932号，中南大学采购与招标管理中心,"姚老师,联系方式：0731-88836937",湖南国联招标有限公司,湖南省长沙市开福区黄兴北路112号华润置地中心2号栋45楼,王亚丽、何浩、薛浩、季飞腾、陈家乐；联系电话：0731-85177559,李老师,13667317943,中南大学能源科学与工程学院圆盘桨叶加热机采购项目招标文件-（0814对外稿）.pdf,"[{""attach_name"": ""中南大学能源科学与工程学院圆盘桨叶加热机采购项目招标文件-（0814对外稿）.pdf"", ""attach_url"": ""https://download.ccgp.gov.cn/oss/download?uuid=6E5C49E292CED5B3134D84AB3BD622""}]",https://www.ccgp.gov.cn/cggg/zygg/qtgg/202609/t20260907_27280960.htm,2026-09-10 10:09:26,"一、项目基本情况 采购项目编号：HZ20260203-0166 采购项目名称：中南大学能源科学与工程学院圆盘桨叶加热机采购项目 二、项目废标/流标的原因 本项目通过资格审查的投标人不足三家，作废标处理。 三、其他补充事宜 3.1.自本公告发布之日起一个工作日。投标供应商如对此公告有异议的，请于此公告发布之日起七个工作日内，以书面形式向采购人、代理机构一次性提出质疑。3.2.本次废标公告同时在中国政府采购网（https://www.ccgp.gov.cn/）、中南大学校园网（https://oa.csu.edu.cn/con/ggtz）、中南大学采购与招标管理中心网（http://czzx.csu.edu.cn/）发布。 四、凡对本次公告内容提出询问，请按以下方式联系。 1.采购人信息 名 称：中南大学 地址：长沙市麓山南路932号，中南大学采购与招标管理中心 联系方式：姚老师,联系方式：0731-88836937 2.采购代理机构信息 名 称：湖南国联招标有限公司 地 址：湖南省长沙市开福区黄兴北路112号华润置地中心2号栋45楼 联系方式：王亚丽、何浩、薛浩、季飞腾、陈家乐；联系电话：0731-85177559 3.项目联系方式 项目联系人：李老师 电 话： 13667317943",教育培训,,中国政府采购网,,,default,二、项目废标/流标的原因,,,,,,,,,,
兰州大学城关校区9号学生公寓项目水土保持验收报告编制服务采购校内磋商公告,其他公告,LZU-2026-175-FW-CS,2026年09月07日 17:22,兰州市,兰州大学,甘肃省兰州市城关区天水南路222号,孙老师、王老师 0931-8912831、zbk@lzu.edu.cn,甘肃省招标中心有限公司,甘肃省兰州市城关区飞雁街118号（陇星大厦14楼1407室）,雷欢 李思  13919236250、420940846@qq.com,马老师,0931-8912775,"供应商系统平台使用手册(1).pdf,兰州大学城关校区9号学生公寓项目水土保持验收报告编制服务采购校内磋商文件0907.pdf,投标客户端使用手册(1).pdf","[{""attach_name"": ""供应商系统平台使用手册(1).pdf"", ""attach_url"": ""https://download.ccgp.gov.cn/oss/download?uuid=68E3C5E9DC6B2AC4DF98614C69DC6F""}, {""attach_name"": ""兰州大学城关校区9号学生公寓项目水土保持验收报告编制服务采购校内磋商文件0907.pdf"", ""attach_url"": ""https://download.ccgp.gov.cn/oss/download?uuid=9ABBAEC7D828503105D8B11F4A199B""}, {""attach_name"": ""投标客户端使用手册(1).pdf"", ""attach_url"": ""https://download.ccgp.gov.cn/oss/download?uuid=0C8D03084BC28807E2BECF62F91FD5""}]",https://www.ccgp.gov.cn/cggg/zygg/qtgg/202609/t20260907_27280878.htm,2026-09-10 10:09:26,甘肃省招标中心有限公司受兰州大学 委托，根据《中华人民共和国政府采购法》等有关规定，现对兰州大学城关校区9号学生公寓项目水土保持验收报告编制服务采购进行其他招标，欢迎合格的供应商前来投标。 项目名称：兰州大学城关校区9号学生公寓项目水土保持验收报告编制服务采购项目编号：LZU-2026-175-FW-CS项目联系方式：项目联系人：马老师项目联系电话：0931-8912775 采购单位联系方式：采购单位：兰州大学采购单位地址：甘肃省兰州市城关区天水南路222号采购单位联系方式：孙老师、王老师 0931-8912831、zbk@lzu.edu.cn 代理机构联系方式：代理机构：甘肃省招标中心有限公司代理机构联系人：雷欢 李思 13919236250、420940846@qq.com代理机构地址： 甘肃省兰州市城关区飞雁街118号（陇星大厦14楼1407室） 一、采购项目内容 标段号 预算金额（万元） 序号 标的名称 品目编码 所属行业 计量 单位 数量 是否进口产品 是否核心产品 / 20 1 水土保持验收报告编制 C20039900其他咨询服务 其他行业 项 1 否 否   二、开标时间：2026年09月16日 09:00 三、其它补充事宜响应登记流程详见磋商文件第二章须知前附表 四、预算金额：预算金额：20.000000 万元（人民币）,教育培训,,中国政府采购网,,20.0,table,,,,,,,,,,,
中华骨髓库2026年度综合业务系统国密改造项目废标公告,流标公告,TC26040CH,2026年09月07日 17:22,北京市,中国造血干细胞捐献者资料库管理中心,北京市东城区干面胡同53号,黄老师   010-65592099,中招国际招标有限公司,北京市海淀区学院南路62号院中关村资本大厦,张百娇、赵曰贤、张 洁   010-62108084、61954124,张百娇、赵曰贤、张,010-62108084、61954124,,,https://www.ccgp.gov.cn/cggg/zygg/qtgg/202609/t20260907_27280877.htm,2026-09-10 10:09:27,一、项目基本情况 采购项目编号：TC26040CH 采购项目名称：中华骨髓库2026年度综合业务系统国密改造项目 二、项目废标/流标的原因 经磋商小组评审，有效供应商不足3家，本项目作废标处理。 三、其他补充事宜 无 四、凡对本次公告内容提出询问，请按以下方式联系。 1.采购人信息 名 称：中国造血干细胞捐献者资料库管理中心 地址：北京市东城区干面胡同53号 联系方式：黄老师 010-65592099 2.采购代理机构信息 名 称：中招国际招标有限公司 地 址：北京市海淀区学院南路62号院中关村资本大厦 联系方式：张百娇、赵曰贤、张 洁 010-62108084、61954124 3.项目联系方式 项目联系人：张百娇、赵曰贤、张 洁 电 话： 010-62108084、61954124,工程建设,,中国政府采购网,,,default,二、项目废标/流标的原因,,,,,,,,,,
电子科技大学后勤保障部退休人员2026年中秋节慰问品采购项目邀请公告,其他公告,HQ20260802,2026年09月07日 17:16,四川省,电子科技大学,成都市高新区（西区）西源大道2006号电子科技大学清水河校区综合楼433室,刘老师  丁老师  028-61831779,详见公告正文,详见公告正文,详见公告正文,史老师,028-61832996,HQ20260802-电子科技大学后勤保障部退休人员2026年中秋节慰问品采购项目-报价邀请文件（最终稿）.docx,"[{""attach_name"": ""HQ20260802-电子科技大学后勤保障部退休人员2026年中秋节慰问品采购项目-报价邀请文件（最终稿）.docx"", ""attach_url"": ""https://download.ccgp.gov.cn/oss/download?uuid=578A5AABFC5FAA03EF25AF514B2ECD""}]",https://www.ccgp.gov.cn/cggg/zygg/qtgg/202609/t20260907_27280784.htm,2026-09-10 10:09:27,根据《中华人民共和国政府采购法》等有关规定，现对电子科技大学后勤保障部退休人员2026年中秋节慰问品采购项目进行其他招标，欢迎合格的供应商前来投标。 项目名称：电子科技大学后勤保障部退休人员2026年中秋节慰问品采购项目项目编号：HQ20260802项目联系方式：项目联系人：史老师项目联系电话：028-61832996 采购单位联系方式：采购单位：电子科技大学采购单位地址：成都市高新区（西区）西源大道2006号电子科技大学清水河校区综合楼433室采购单位联系方式：刘老师 丁老师 028-61831779  一、采购项目内容电子科技大学后勤保障部退休人员2026年中秋节慰问品采购项目，购买中秋节慰问品1批，慰问人数为404人。采购预算：8.08万元（人民币）。资金情况：已落实。 二、开标时间：2026年09月11日 09:30 三、其它补充事宜电子科技大学后勤保障部拟对电子科技大学后勤保障部退休人员2026年中秋节慰问品采购项目采用自行采购方式进行采购，特邀请符合本次采购要求的供应商参加报价。一、采购项目基本情况：1.项目编号：HQ20260802；2.采购项目名称：电子科技大学后勤保障部退休人员2026年中秋节慰问品采购项目。二、采购项目简介：电子科技大学后勤保障部退休人员2026年中秋节慰问品采购项目，购买中秋节慰问品1批，慰问人数为404人。采购预算：8.08万元（人民币）。资金情况：已落实。三、供应商参加本次采购活动应具备下列条件：（一）符合《中华人民共和国政府采购法》第二十二条：1.具有独立承担民事责任的能力；2.具有良好的商业信誉和健全的财务会计制度；3.具有履行合同所必须的设备和专业技术能力；4.具有依法缴纳税收和社会保障资金的良好记录；5.参加本次采购活动前三年内，在经营活动中没有重大违法记录；6.法律、行政法规规定的其他条件。（二）根据采购项目提出的特殊条件：本项目参加政府采购活动的供应商、法定代表人（或主要负责人）在前3年内不得具有行贿犯罪记录。（三）本项目不接受联合体参与投标。四、禁止参加本次采购活动的供应商根据《关于在政府采购活动中查询及使用信用记录有关问题的通知》（财库〔2016〕125号）的要求，拒绝列入失信被执行人名单、重大税收违法案件当事人名单、政府采购严重违法失信行为记录名单、电子科技大学以及后勤保障部的采购违规（失信）供应商名单中的供应商参加本项目的采购活动。（以联合体形式参加本项目采购活动，联合体成员存在不良信用记录的，视同联合体存在不良信用记录）。五、报价邀请文件获取方式、时间、地点：自2026年9月8日至2026年9月10日在“电子科技大学后勤保障部”网站、“中国政府采购网”网站以发布公告形式邀请供应商。报价邀请文件由供应商自行在“电子科技大学后勤保障部”网站（https://hq.uestc.edu.cn/main/）、“中国政府采购网”网站（https://www.ccgp.gov.cn/）上免费下载获得（详见附件）。六、递交响应文件截止时间：2026年9月11日上午09:30（北京时间）。七、递交响应文件地点：四川省成都市高新区（西区）西源大道2006号电子科技大学清水河校区综合楼434室。响应文件必须在递交响应文件截止时间前送达。逾期送达、密封和标注错误的响应文件，采购人不予以接收。本次采购不接收邮寄的响应文件。八、联系方式采购人：电子科技大学；地址：四川省成都市高新区（西区）西源大道2006号；联系人：刘老师 丁老师；联系电话：028-61831779。 注：①.本项目无需供应商线上或线下报名，由供应商自行下载报价邀请文件，并按要求编制、递交响应文件。②.因本项目不设置报名环节，采购人无法掌握下载文件供应商的相关信息，请供应商自行密切关注网站发布的变更公告，由此产生的相关风险及损失由供应商自行承担。 四、预算金额：预算金额：8.080000 万元（人民币）,教育培训,,中国政府采购网,,8.08,table,,,,,,,,,,,
兰州大学榆中校区9-12号研究生公寓及食堂、物质科学组团（一期）建设项目水土保持监测服务采购项目校内磋商公告,其他公告,LZU-2026-174-FW-CS,2026年09月07日 17:12,甘肃省,兰州大学,甘肃省兰州市城关区天水南路222号,孙老师、王老师、0931-8912831、zbk@lzu.edu.cn,北京泛华国金工程咨询有限公司,兰州市城关区和平新村127号元富大厦16楼,魏芸 李鑫 13609353810、1359687677@qq.com,马老师,0931-8912775,"投标客户端使用手册.pdf,终稿-校内磋商-兰州大学榆中校区9-12号研究生公寓及食堂、物质科学组团（一期）建设项目水土保持监测服务采购项目.pdf,供应商系统平台使用手册.pdf","[{""attach_name"": ""投标客户端使用手册.pdf"", ""attach_url"": ""https://download.ccgp.gov.cn/oss/download?uuid=176E0E2E560426A764ABCC6F8AD901""}, {""attach_name"": ""终稿-校内磋商-兰州大学榆中校区9-12号研究生公寓及食堂、物质科学组团（一期）建设项目水土保持监测服务采购项目.pdf"", ""attach_url"": ""https://download.ccgp.gov.cn/oss/download?uuid=32495756A2F88B212E8D58E1C7A7FC""}, {""attach_name"": ""供应商系统平台使用手册.pdf"", ""attach_url"": ""https://download.ccgp.gov.cn/oss/download?uuid=105FAF6389684D3ED469CE9A13A8C8""}]",https://www.ccgp.gov.cn/cggg/zygg/qtgg/202609/t20260907_27280693.htm,2026-09-10 10:09:27,北京泛华国金工程咨询有限公司受兰州大学 委托，根据《中华人民共和国政府采购法》等有关规定，现对兰州大学榆中校区9-12号研究生公寓及食堂、物质科学组团（一期）建设项目水土保持监测服务采购项目进行其他招标，欢迎合格的供应商前来投标。 项目名称：兰州大学榆中校区9-12号研究生公寓及食堂、物质科学组团（一期）建设项目水土保持监测服务采购项目项目编号：LZU-2026-174-FW-CS项目联系方式：项目联系人：马老师项目联系电话：0931-8912775 采购单位联系方式：采购单位：兰州大学采购单位地址：甘肃省兰州市城关区天水南路222号采购单位联系方式：孙老师、王老师、0931-8912831、zbk@lzu.edu.cn 代理机构联系方式：代理机构：北京泛华国金工程咨询有限公司代理机构联系人：魏芸 李鑫 13609353810、1359687677@qq.com代理机构地址： 兰州市城关区和平新村127号元富大厦16楼 一、采购项目内容详见磋商文件第三章 二、开标时间：2026年09月15日 15:00 三、其它补充事宜供应商响应文件通过投标客户端上传，操作说明详见响应须知及《供应商系统平台使用手册》（见附件）、《投标客户端使用手册》（见附件）。 四、预算金额：预算金额：32.000000 万元（人民币）,教育培训,,中国政府采购网,,32.0,table,,,,,,,,,,,
中国科学院声学研究所模拟海缆采购项目公开招标公告,其他公告,OITC-G260670616,2026年09月07日 17:10,北京市,中国科学院声学研究所,北京市海淀区北四环西路21号,耿老师010-82547847,东方国际招标有限责任公司,北京市海淀区丹棱街1号互联网金融中心20层,窦志超、李安齐、许宁010-68290502、0507,窦志超、李安齐、许宁项目联系电,010-68290502、0507,,,https://www.ccgp.gov.cn/cggg/zygg/qtgg/202609/t20260907_27280643.htm,2026-09-10 10:09:28,"东方国际招标有限责任公司受中国科学院声学研究所 委托，根据《中华人民共和国政府采购法》等有关规定，现对模拟海缆采购项目进行其他招标，欢迎合格的供应商前来投标。 项目名称：模拟海缆采购项目项目编号：OITC-G260670616项目联系方式：项目联系人：窦志超、李安齐、许宁项目联系电话：010-68290502、0507 采购单位联系方式：采购单位：中国科学院声学研究所采购单位地址：北京市海淀区北四环西路21号采购单位联系方式：耿老师010-82547847 代理机构联系方式：代理机构：东方国际招标有限责任公司代理机构联系人：窦志超、李安齐、许宁010-68290502、0507代理机构地址： 北京市海淀区丹棱街1号互联网金融中心20层 一、采购项目内容项目所在地区：北京市1.招标条件本招标项目（模拟海缆采购项目）所属项目已批准建设，项目业主为中国科学院声学研究所，建设资金来自中央预算内投资，招标人为中国科学院声学研究所。该项目已具备招标条件，现对该项目模拟海缆采购项目进行公开招标。2.项目概况与招标范围2.1招标规模与范围招标规模：本招标项目名称为模拟海缆采购项目，标的最高投标限价为人民币900万元。招标范围（标的）：模拟海缆。3.投标人资格要求（1）资质要求：投标人具有中华人民共和国境内注册的独立法人，持有市场监督行政管理部门核发的法人营业执照或事业单位管理机构颁发的事业单位法人证书。（2）财务要求：投标人须提供会计师事务所或者审计机构出具的2025年度审计报告全本复印件；成立不满一年，尚无会计师事务所或者审计机构出具的2025年度审计报告全本的投标人，应提供会计师事务所或者审计机构出具的投标人成立以来至投标截止时间前的审计报告全本复印件。（3）技术要求：投标人或投标人所代理投标产品的制造商具备履行合同所需的设备和专业技术能力。（由投标人提供承诺书）。（4）信誉要求：投标人具有良好的银行资信和商业信誉，没有处于被责令停业、财产被接管、冻结、破产状态；具有良好的企业信誉,未被列入失信被执行人、重大税收违法案件当事人名单。查询渠道：《国家企业信用信息公示系统》、《信用中国》、《中国裁判文书网》；截止时点：由招标代理机构在投标截止日统一查询（不要求投标人提供）。（5）其它要求：单位负责人为同一人或者存在控股、管理或其他利害关系的不同投标人，不得同时参加本项目的采购活动。（6）联合体投标：本次招标不接受联合体投标。（7）本项目不属于专门面向中小企业采购的项目。4.招标文件的获取4.1招标文件的发售时间招标文件的发售时间：2026年9月7日 09:00 至 2026年9月14日 17:00(双休日及法定节假日除外)。4.2投标人注册手续有兴趣的供应商可登陆“东方招标”平台（https://www.oitccas.com/，建议使用火狐浏览器进行操作），完成投标人注册手续（免费），然后登陆系统寻找有意向参与的项目，已注册的供应商无需重新注册。招标文件售价：人民币600 元，售后不退。如决定购买招标文件，请完成标书款缴费及标书下载手续。5.投标文件的递交5.1投标截止时间投标文件递交的截止时间（投标截止时间，下同）为2026年9月28日9时30分，地点为北京市海淀区丹棱街1号互联网金融中心20层科汇厅。5.2拒收情况逾期送达的、未送达指定地点的或者不按照招标文件要求密封的投标文件，招标代理机构将予以拒收。6.开标会议6.1开标时间及地点开标时间：2026年9月28日9时30分开标地点：北京市海淀区丹棱街1号互联网金融中心20层科汇厅7.发布公告的媒介本次招标公告在《中国招标投标公共服务平台》和《中国政府采购网》上发布。8.监督部门本招标项目的监督部门为国家发展和改革委员会。 二、开标时间：2026年09月28日 09:30 三、其它补充事宜1.投标人注册手续有兴趣的供应商可登陆“东方招标”平台（https://www.oitccas.com/，建议使用火狐浏览器进行操作），完成投标人注册手续（免费），然后登陆系统寻找有意向参与的项目，已注册的供应商无需重新注册。招标文件售价：人民币600 元，售后不退。如决定购买招标文件，请完成标书款缴费及标书下载手续。2.支付标书款投标人可以采用转账的形式支付标书款（应以公司名义汇款至下述指定账号）。开户名称：东方国际招标有限责任公司开户行：招商银行北京西三环支行账号：8620816577100013.填写开票信息投标人应在“东方招标”平台上填写开票信息。在投标人足额缴纳标书款后，标书款电子发票将发送至投标人在“东方招标”平台上登记的电子邮箱，投标人自行下载打印。4.转账方式以转账方式购买招标文件的，须在转账凭据附言栏中写明项目编号（如未标明项目编号，有可能导致投标无效）。5.招标文件售价招标文件售价600元，售后不退。 四、预算金额：预算金额：900.000000 万元（人民币）",教育培训,,中国政府采购网,,900.0,table,,,,,,,,,,,
金山区消防救援支队26－27年度车辆保险采购项目失败公告,其他公告,,2026年09月07日 17:09,上海市,金山区消防救援支队,上海市金山区沪杭公路8868号,卜老师、021-57945119,上海中世建设咨询有限公司,上海市曹杨路528弄35号（中世办公楼）,邢楠、黄梦如、叶方圆，021-62441381,邢楠、黄梦如、叶方圆,021-62441381,,,https://www.ccgp.gov.cn/cggg/zygg/qtgg/202609/t20260907_27280576.htm,2026-09-10 10:09:28,一、项目基本情况 采购项目编号：招案2026-3594 采购项目名称：金山区消防救援支队26－27年度车辆保险采购项目 二、项目废标/流标的原因 本项目通过符合性审查的供应商，不足3家，本次采购失败。 三、其他补充事宜 / 四、凡对本次公告内容提出询问，请按以下方式联系。 1.采购人信息 名 称：金山区消防救援支队 地址：上海市金山区沪杭公路8868号 联系方式：卜老师、021-57945119 2.采购代理机构信息 名 称：上海中世建设咨询有限公司 地 址：上海市曹杨路528弄35号（中世办公楼） 联系方式：邢楠、黄梦如、叶方圆，021-62441381 3.项目联系方式 项目联系人：邢楠、黄梦如、叶方圆 电 话： 021-62441381,公共安全,,中国政府采购网,,,default,二、项目废标/流标的原因,,,,,,,,,,
电子科技大学2026年度报废资产处置项目第二批公开竞价公告,其他公告,BF202602-01,2026年09月07日 17:02,成都市,电子科技大学,成都市高新区（西区）西源大道2006号,汤老师028-61830579-808,中恒德佳工程咨询有限公司,成都市金牛区金科中路18号6楼,周女士、尹女士028-61363972、028-61363971-805、028-61363971-899,周女士、尹女士,028-61363972、028-61363971-805、028-613639,,,https://www.ccgp.gov.cn/cggg/zygg/qtgg/202609/t20260907_27280428.htm,2026-09-10 10:09:29,"中恒德佳工程咨询有限公司受电子科技大学 委托，根据《中华人民共和国政府采购法》等有关规定，现对电子科技大学2026年度报废资产处置项目第二批进行其他招标，欢迎合格的供应商前来投标。 项目名称：电子科技大学2026年度报废资产处置项目第二批项目编号：BF202602-01项目联系方式：项目联系人：周女士、尹女士项目联系电话：028-61363972、028-61363971-805、028-61363971-899 采购单位联系方式：采购单位：电子科技大学采购单位地址：成都市高新区（西区）西源大道2006号采购单位联系方式：汤老师028-61830579-808 代理机构联系方式：代理机构：中恒德佳工程咨询有限公司代理机构联系人：周女士、尹女士028-61363972、028-61363971-805、028-61363971-899代理机构地址： 成都市金牛区金科中路18号6楼 一、采购项目内容中恒德佳工程咨询有限公司（代理机构）受电子科技大学（处置单位）委托，拟对电子科技大学2026年度报废资产处置项目第二批 面向社会公开竞价，欢迎各潜在竞价单位参与，本项目基本信息如下。1.1项目编号BF202602-011.2项目名称电子科技大学2026年度报废资产处置项目第二批1.3项目简介1.3.1本次竞价含一个包，含路灯、中央空调压缩机、空气源热泵机组、水电等设施等，底价公示如下：报废资产竞价底价表 包号 所在校区 资产种类 数量 底价 （万元） 轮次 1 清水河校区、沙河校区 路灯（详见报废清单一） 详见报废清单一 6.38 1 中央空调压缩机等（详见报废清单二） 详见报废清单二 注：（1）竞价单位的报价必须大于或等于底价，否则视为无效报价。（2）处置单位为中选人开具增值税发票。1.3.2本次竞价对应的报废资产统计如下（1）报废清单一： 序号 名称规格 单位 数量 放置地点 1 12米高杆路灯 套 8 沙河校区 2 8米高杆路灯 套 80 3 4米低杆路灯 套 20  注：若数量、名称与实物不符，则以实物为准。…………………………………………………………………………………… （2）报废清单二： 序号 名称 单位 数量 放置地点 1 中央空调压缩机 个 8 清水河维修库房 2 水管及栅栏 堆 1 清水河苗圃旁树林 3 分体式空调压缩机 个 80 本科10栋地下室 4 除湿器 个 16 校区各配电房 5 废旧材料、废旧五金件及零配件等 批 1 清水河维修库房  注：若数量、名称与实物不符，则以实物为准。……………………………………………………………………………………1.4竞价文件和公告发布1.4.1竞价公告和结果公告发布中国政府采购网1.4.2报名及竞价文件获取竞价文件获取时间、地点：竞价文件自2026年9月9日至2026年9月11日上午09:00-12:00，下午14:00-17:00（北京时间，法定节假日除外）在中恒德佳工程咨询有限公司（成都市金牛区金科中路18号6楼）现场获取。本项目竞价文件有偿获取，文件售价：人民币300元/份（竞价文件售后不退,资格不能转让）。竞价文件获取方式为：现场报名获取获取地址：中恒德佳工程咨询有限公司（成都市金牛区金科中路18号6楼）；现场获取竞价文件时应当提供下列有效证明文件：①单位介绍信或法定代表人授权书原件。（须注明被介绍人或被授权人的姓名、联系方式、具体项目名称、项目编号，办理事项内容或授权范围等内容并加盖公章（鲜章），同时提供被介绍人或被授权人的身份证复印件加盖公章（鲜章）。注：提供法定代表人授权书的，需同时提供授权人身份证复印件加盖公章（鲜章）；法定代表人本人购买，仅需带法定代表人身份证复印件和单位营业执照复印件，以上复印件加盖公章（鲜章）；②提供营业执照（经营范围应包含：再生资源回收（或废旧金属回收、废旧物资回收）等同类回收类业务）。1.5踏勘1.5.1踏勘地点（实物存放地点）及联系人详见1.3项目简介1.5.2预约进校和踏勘安排踏勘日期：两校区分别进行踏勘，具体日期安排如下清水河校区（1天）——2026年9月15日（周二）沙河校区（1天）——2026年9月16日（周三）踏勘时间：上午9：00－12:00；下午2：00－5：00预约进校：完成报名的单位应于报名现场同时填写踏勘预报名信息（详下表），由电子科技大学审核后将由两校区总协调人进行电话通知，学校不提供车辆进校的预约。 踏勘人员信息登记表（每个单位最多允许2人进入校区踏勘） 单位全称   拟进校踏勘日期 清水河校区：    年  月  日 / 沙河校区：    年  月  日 踏勘人员姓名   踏勘人员身份证号码   踏勘人员手机号码   1.5.3特别提醒（1）现场踏勘仅限在两校区总协调人规定的踏勘日期和时间段进行，竞价单位因自身原因逾期导致无法进校应后果自负。（2）踏勘过程中，应听从校方安排，禁止在现场大声喧哗，禁止搬动、拆分或破坏报废资产，禁止盗窃等行为的发生，否则取消竞价单位的竞价资格并列入电子科技大学不良行为黑名单，禁止该单位参加电子科技大学后续报废资产处置的相关活动。（3）踏勘过程中，应自行对处置资产进行全面勘察鉴定，并充分了解可能存在的风险及瑕疵（包括但不限于数量、质量、重量、规格、尺寸、完整度及性能等方面所存在的风险等）。一旦提交竞价文件则表示竞价单位已知晓并认可其现状，无异议。1.6递交竞价文件截止时间2026年9月18日上午10:00（北京时间）。1.7递交竞价文件和竞价地点成都市金牛区金科中路18号6楼（中恒德佳工程咨询有限公司）开标厅。备注：竞价文件必须在递交竞价文件截止时间前送达竞价地点，逾期送达、密封和标注错误的竞价文件，代理机构恕不接收。本次竞价不接收邮寄的竞价文件。 二、开标时间：2026年09月18日 10:00 三、其它补充事宜 四、预算金额：预算金额：0.000000 万元（人民币）",教育培训,,中国政府采购网,,0.0,table,,,,,,,,,,,
锦州市消防救援支队2026年消防车辆装备采购项目技术参数公示,其他公告,,2026年09月07日 17:01,松山新区,锦州市消防救援支队,辽宁省锦州市松山新区学苑路10号,周先生  0416-3882548,详见公告正文,详见公告正文,详见公告正文,白先生,0416-3885278,"附件1：锦州市消防救援支队2026年消防装备器材采购项目参数.xlsx,附件2：技术参数公示意见反馈表.xls","[{""attach_name"": ""附件1：锦州市消防救援支队2026年消防装备器材采购项目参数.xlsx"", ""attach_url"": ""https://download.ccgp.gov.cn/oss/download?uuid=824A1F17CE4D23B7857315575B749D""}, {""attach_name"": ""附件2：技术参数公示意见反馈表.xls"", ""attach_url"": ""https://download.ccgp.gov.cn/oss/download?uuid=027B98EFCB5958823FA95A9630A11B""}]",https://www.ccgp.gov.cn/cggg/zygg/qtgg/202609/t20260907_27281061.htm,2026-09-10 10:09:30,"根据《中华人民共和国政府采购法》等有关规定，现对锦州市消防救援支队2026年消防车辆装备采购项目参数公示进行其他招标，欢迎合格的供应商前来投标。 项目名称：锦州市消防救援支队2026年消防车辆装备采购项目参数公示项目编号：项目联系方式：项目联系人：白先生项目联系电话：0416-3885278 采购单位联系方式：采购单位：锦州市消防救援支队采购单位地址：辽宁省锦州市松山新区学苑路10号采购单位联系方式：周先生 0416-3882548  一、采购项目内容      为确保锦州市消防救援支队装备采购活动公平、公正和竞争充分，切实维护广大供应商正当权益，现将项目技术参数（见附件1）进行网上公示，欢迎广大供应商对技术参数的完整性、合理性、公正性提出具体意见建议（附件2）。支队将对意见建议进行收集、归类、整理，并进一步论证完善，意见建议具体采纳情况不再反馈供应商，具体技术参数、预算价格和数量等信息最终以本项目采购公告和采购文件为准。 二、开标时间： 三、其它补充事宜（一）公示时间：2026年9月7日－2026年9月15日（二）意见建议反馈方式：供应商对本次公示内容存在合理化建议的，请在公示期内，将意见和建议（见附件2格式）以邮件形式反馈zz54605387@163.com邮箱，超过公示期上报的将不予接收。（三）意见建议反馈要求1.意见要求：提出意见按附件2格式填写，意见建议应当详细具体、理由充分、实事求是，不得有意排斥其他潜在供应商，反馈意见建议应当写明供应商名称并加盖单位公章，必要时提供相关证明材料，无盖章意见或意见不具体或证明材料不充分的则视为无效意见，不列入论证研究范围。2.提供资料：反馈资料应包含但不限于以下内容:（1）营业执照（盖章）、法定代表人身份证扫面件（盖章）、法定代表人授权书扫描件（含法定代表人和被授权人身份证双面复印件，盖章）（如有）；（2）意见建议表（即附件2）及证明材料（盖章）；3.资料上传要求：（1）邮件主题：某某公司关于锦州市消防救援支队2026年消防车辆装备技术参数意见建议。（2）邮件正文：写明公司业务联系人和联系方式，方便需要时对接。（3）邮件附件：附件 （1）.将营业执照（盖章版）、法人代表（盖章版）和授权人证明文件（盖章版）等基本信息扫描成一个PDF文档上传，命名为：附件1某某公司单位基本信息。附件（2）.将所有意见建议表（盖章版）和证明、论述资料（盖章版）扫描成1个PDF文档（按照意见表在前、证明资料紧贴其后的顺序逐个装备排序）上传，命名为：附件2某某公司意见及证明资料盖章资料。附件（3）.将意见建议表excle电子版,命名为：附件3某某公司意见建议电子版资料（方便汇总整理意见）。（三）开标时间：以具体招标公告时间为准（四）其它补充事宜本公告的技术参数为收集全市消防救援队伍意见整理制定，请广大供应商站在提升产品性能、提高战斗力标准的角度提意见，如因自身产品性能不满足要求或不合理将不会被采纳。本次公示公告的开标时间、预算以招标公告为准，本次不接受投标报名，项目后续相关采购相关信息将在中国政府采购网（https://www.ccgp.gov.cn/）上发布，如有意向，请及时关注后期公告  四、预算金额：预算金额：0.000000 万元（人民币）",公共安全,,中国政府采购网,,0.0,table,,,,,,,,,,,
广东省深圳市罗湖区消防救援大队2026年专职消防员及厨师体检服务采购项目遴选公告,其他公告,UHOLHC20260578,2026年09月07日 17:00,罗湖区,深圳市罗湖区消防救援大队,深圳市罗湖区翠竹街道贝丽南路35号,李工0755-25114750,深圳市友和招标有限公司,深圳市福田区福强路3030号福田体育公园西北角友和招标代理服务中心（靠近北门）,潘艺伟0755-83889026,潘艺伟,0755-83889026,【发布稿】广东省深圳市罗湖区消防救援大队2026年专职消防员及厨师体检服务采购项目_已签章.pdf,"[{""attach_name"": ""【发布稿】广东省深圳市罗湖区消防救援大队2026年专职消防员及厨师体检服务采购项目_已签章.pdf"", ""attach_url"": ""https://download.ccgp.gov.cn/oss/download?uuid=82F2FE69D7EE800C7663DD8E54A5CB""}]",https://www.ccgp.gov.cn/cggg/zygg/qtgg/202609/t20260907_27280374.htm,2026-09-10 10:09:30,"深圳市友和招标有限公司受深圳市罗湖区消防救援大队 委托，根据《中华人民共和国政府采购法》等有关规定，现对广东省深圳市罗湖区消防救援大队2026年专职消防员及厨师体检服务采购项目进行其他招标，欢迎合格的供应商前来投标。 项目名称：广东省深圳市罗湖区消防救援大队2026年专职消防员及厨师体检服务采购项目项目编号：UHOLHC20260578项目联系方式：项目联系人：潘艺伟项目联系电话：0755-83889026 采购单位联系方式：采购单位：深圳市罗湖区消防救援大队采购单位地址：深圳市罗湖区翠竹街道贝丽南路35号采购单位联系方式：李工0755-25114750 代理机构联系方式：代理机构：深圳市友和招标有限公司代理机构联系人：潘艺伟0755-83889026代理机构地址： 深圳市福田区福强路3030号福田体育公园西北角友和招标代理服务中心（靠近北门） 一、采购项目内容 项目概况 根据《深圳市罗湖区消防救援大队采购管理暂行规定》，广东省深圳市罗湖区消防救援大队2026年专职消防员及厨师体检服务采购项目采用内部评选遴选方式择优选择参评人。项目情况如下：  一、项目基本情况项目编号：UHOLHC20260578 项目名称：广东省深圳市罗湖区消防救援大队2026年专职消防员及厨师体检服务采购项目预算金额：人民币 316,800.00元采购需求：详见遴选文件合同履行期限：两年（第一年为本次遴选的成交服务期限，具体以合同签订之日起算，合同一年一签，最多续签一次，若采购人对履约情况不满意，则不再续约。）本项目所有体检需求数量均须在服务期限内确认，每个体检业务的服务期限至所有体检结果详细资料电子文档、纸质体检报告、健康数据分析提交至采购人相关部门后结束。本项目(不接受)联合体投标。二、申请人的资格要求：1.参评人必须是具有独立法人资格或是具有独立承担民事责任能力的其它组织（提供营业执照或其他证明材料复印件加盖公章，如果参与投标的供应商为分公司则须提供分公司营业执照、其所属集团(或总公司)等具有独立法人资格的组织出具愿为其参与本项目投标以及履约行为承担民事责任的授权书，但只接受直接授权，不接受逐级授权，并同时提供总公司营业执照。不接受同一集团(或总公司)授权两家或以上分公司同时参与本项目投标，也不接受集团(或总公司)与分公司同时参与本项目投标，如出现上述情形，该两家或以上供应商的投标文件均按无效投标处理)。上述资料原件备查）。2.参与本项目政府采购活动时不存在被有关部门禁止参与政府采购活动且在有效期内的情况（由供应商在《资格声明函》中作出声明，加盖公章）。3.具备《中华人民共和国政府采购法》第二十二条第一款的条件（由供应商在《资格声明函》中作出声明，加盖公章）。4.未被列入失信被执行人、重大税收违法失信主体、政府采购严重违法失信行为记录名单（由供应商在《资格声明函》中作出声明，加盖公章）；【注：采购代理机构将通过“信用中国”中“信用服务”栏的“重大税收违法失信主体”“失信被执行人”、“中国政府采购网”中的“政府采购严重违法失信行为记录名单”、“深圳信用网”以及“深圳市政府采购监管网”查询供应商的信用信息，相关信息以开标当日的查询结果为准。信用信息查询记录将作为项目档案材料一并保存。】5.不同供应商的法定代表人、主要经营负责人、项目投标授权代表人、项目负责人、主要技术人员不得为同一人、属同一单位或者在同一单位缴纳社会保险；不同投标供应商的投标文件不得由同一单位或者同一人编制；单位负责人为同一人或者存在直接控股、管理关系的不同供应商，不得参加本项目政府采购活动（由供应商填写《供应商基本情况表》相关信息，如发现不同投标供应商的相关信息存在上述“不得”的情形，作投标无效处理）。注：其中，对于“不同供应商的单位负责人是否为同一人”，由采购代理机构将通过国家企业信用信息公示系统(https://www.gsxt.gov.cn/index.html）或机关赋码和事业单位登记管理网（https://gjsy.scopsr.gov.cn/)或全国社会组织信用信息公示平台（https://xxgs.chinanpo.mca.gov.cn/gsxt/newList）等网站查询供应商信息，相关信息以截标当日的查询结果为准。6.为本项目提供整体设计、规范编制或者项目管理、监理、检测等服务的供应商，不得参加本项目投标。（由供应商在《资格声明函》中作出声明，加盖公章）。7.本项目不接受联合体投标，不接受进口产品参与投标，不允许转包、分包（由供应商在《资格声明函》中作出声明，加盖公章）。8.本项目是否专门面向中小企业采购:否。本项目对应的中小企业划分标准所属行业:其他未列明行业。    9.参评人具有卫生行政部门核发的《医疗机构执业许可证》及《放射诊疗许可证》(提供有效期内的对应许可证复印件，加盖公章，原件备查)三、获取遴选文件1.时间：2026年9月7日起至2026年9月14日止,上午9:00-11:30,下午14:00-17:00（公休日及节假日除外，遴选文件中时间均为北京时间）；2.报名方式：线上报名，具体操作请登录“深圳市友和招标有限公司采购代理网https://yhzb.uho.cn/”的重要通知中查看《关于采用线上报名方式的通知》；3.售价：本遴选文件每套售价人民币500元，售后不退；如需邮寄，均以“到付”为邮寄费的付费方式。4.遴选文件售卖咨询电话：0755-838811115.购买招标文件所需资料：（1）法定代表人证明书原件及身份证扫描件（加盖公章）；（2）法定代表人授权委托书原件及被授权人身份证扫描件（加盖公章）；（3）上述“二、申请人的资格要求”中第1、9项证明文件。四、提交参评文件截止时间、评选时间和地点评选文件提交截止时间：2026年9月18日09点30分00秒（北京时间）评选文件提交方式：邮寄或现场递交。代理机构：深圳市友和招标有限公司收取地址：深圳市福田区福强路3030号福田体育公园西北角友和招标代理服务中心（靠近北门）；收取联系人：潘艺伟；联系电话：0755-83889026；邮编：518000。评选时间：2026年9月18日09点30分00秒（北京时间）评选地点：深圳市福田区福强路3030号福田体育公园西北角友和招标代理服务中心（靠近北门）。五、对本次评选提出询问，请按以下方式联系。采购人：深圳市罗湖区消防救援大队；地址：深圳市罗湖区翠竹街道贝丽南路35号；联系人：李工；联系电话：0755-25114750；邮编：518000。附件：遴选文件 二、开标时间：2026年09月18日 09:30 三、其它补充事宜详见附件 四、预算金额：预算金额：31.680000 万元（人民币）",公共安全,2026-09-18 09:30,中国政府采购网,,31.68,table,,,,,,,,,,,
广东省深圳市宝安区消防救援大队2026年网络办公设备维护服务采购项目遴选公告,其他公告,0724-2630SZ965374,2026年09月07日 16:55,深圳市,深圳市宝安区消防救援大队,深圳市宝安区西乡街道新湖路317号,陈工 0755-23001302,国义招标股份有限公司,深圳市福田区红荔路1001号银盛大厦11楼1101-1105,谢宁多、黄颖 0755-82331226,谢宁多、黄颖,0755-82331226,遴选文件-广东省深圳市宝安区消防救援大队2026年网络办公设备维护服务采购项目.pdf,"[{""attach_name"": ""遴选文件-广东省深圳市宝安区消防救援大队2026年网络办公设备维护服务采购项目.pdf"", ""attach_url"": ""https://download.ccgp.gov.cn/oss/download?uuid=A5514D20979B73802D63A0BA7EBCFB""}]",https://www.ccgp.gov.cn/cggg/zygg/qtgg/202609/t20260907_27280224.htm,2026-09-10 10:09:31,"国义招标股份有限公司受深圳市宝安区消防救援大队 委托，根据《中华人民共和国政府采购法》等有关规定，现对广东省深圳市宝安区消防救援大队2026年网络办公设备维护服务采购项目进行其他招标，欢迎合格的供应商前来投标。 项目名称：广东省深圳市宝安区消防救援大队2026年网络办公设备维护服务采购项目项目编号：0724-2630SZ965374项目联系方式：项目联系人：谢宁多、黄颖项目联系电话：0755-82331226 采购单位联系方式：采购单位：深圳市宝安区消防救援大队采购单位地址：深圳市宝安区西乡街道新湖路317号采购单位联系方式：陈工 0755-23001302 代理机构联系方式：代理机构：国义招标股份有限公司代理机构联系人：谢宁多、黄颖 0755-82331226代理机构地址： 深圳市福田区红荔路1001号银盛大厦11楼1101-1105 一、采购项目内容 项目概况 根据《深圳市消防救援支队采购管理暂行规定（2024年版）》广东省深圳市宝安区消防救援大队2026年网络办公设备维护服务采购项目采用内部评选遴选方式择优选择参评人。项目情况如下：  （一）项目基本情况项目名称：广东省深圳市宝安区消防救援大队2026年网络办公设备维护服务采购项目项目编号：0724-2630SZ965374预算金额：702,070.46元采购需求（包括但不限于采购的名称、数量、简要技术需求或服务要求等）：确定一家参评人，为采购人提供服务。合同履行期限：自合同签订之日起一年（合同一年一签，本次为12个月，最多续签两次。如采购人对履约情况不满意，采购人不再续约）,具体以合同签订之日起算，协议期内所有合同实质性条款不得改变。（二）参评人的资格要求1.参评人必须是具有独立法人资格或是具有独立承担民事责任能力的其他组织（提供营业执照或事业单位法人证书或其他证明材料扫描件，如果参与参评的参评人为分公司则须提供分公司营业执照、其所属集团（或总公司）等具有独立法人资格的组织出具愿为其参与本项目参评以及履约行为承担民事责任的授权书，但只接受直接授权，不接受逐级授权，并同时提供总公司营业执照。不接受同一集团（或总公司）授权两家或以上分公司同时参与本项目参评，也不接受集团（或总公司）与分公司同时参与本项目参评，如出现上述情形，该两家或以上参评人的参评文件均按无效参评处理)。上述资料原件备查）。2.参与本项目政府采购活动时不存在被有关部门禁止参与政府采购活动且在有效期内的情况（由参评人在《政府采购投标及履约承诺函》中作出声明，加盖公章）。3.具备《中华人民共和国政府采购法》第二十二条第一款的条件（由参评人在《政府采购投标及履约承诺函》中作出声明，加盖公章）。4.未被列入失信被执行人、重大税收违法失信主体、政府采购严重违法失信行为记录名单（由参评人在《政府采购投标及履约承诺函》中作出声明，加盖公章）【注：采购代理机构将通过“信用中国”中“信息公示”栏的“重大税收违法失信主体”“失信被执行人”、“中国政府采购网”中的“政府采购严重违法失信行为记录名单”、“深圳信用网”以及“深圳市政府采购监管网”查询参评人的信用信息，相关信息以开标当日的查询结果为准。信用信息查询记录将作为项目档案材料一并保存】。5.不同参评人的法定代表人、主要经营负责人、项目投标授权代表人、项目负责人（如有）、主要技术人员（如有）不得为同一人、属同一单位或者在同一单位缴纳社会保险；不同参评人的参评文件不得由同一单位或者同一人编制；单位负责人为同一人或者存在直接控股、管理关系的不同参评人，不得参加本项目采购活动（由参评人填写《供应商基本情况表》相关信息，如发现不同参评人的相关信息存在上述“不得”的情形，作投标无效处理）。6.为本项目提供整体设计、规范编制或者项目管理、监理、检测等服务的参评人，不得参加本项目投标（由参评人在《政府采购投标及履约承诺函》中作出声明，加盖公章）。7.本项目不接受联合体投标，不接受进口产品参与投标，不允许转包、分包（由参评人在《政府采购投标及履约承诺函》中作出声明，加盖公章）。8.本项目是否专门面向中小企业采购：是，本项目属于专门面向中小微企业采购的项目（提供符合要求的《中小企业声明函》，参评人必须属于中型企业或小型企业或微型企业；如参评人为残疾人福利性单位或监狱企业，视同小型、微型企业，提供《残疾人福利性单位声明函》或《监狱企业声明函》及监狱企业证明文件亦视为符合）。本项目对应的中小企业划分标准所属行业：软件和信息技术服务业。（三）获取遴选文件时间：2026年9月7日至2026年9月14日（周一至周五上午9:00-12:00，下午14:00-17:00）（北京时间，法定节假日除外）地点：国义招标股份有限公司深圳分公司（地址：深圳市福田区红荔路1001号银盛大厦11楼1101-1105）方式：线上购买（详见其他补充事宜）售价（元）：￥500.00，本公告包含的遴选文件售价总和其他补充事宜：1.获取遴选文件方式：（1）本项目在国义招标采购平台（以下简称“国e平台”，网址：http://www.ebidding.com）进行遴选文件线上售卖（建议使用“傲游（www.maxthon.cn）”、“QQ（http://browser.qq.com/）、搜狗（https://ie.sogou.com/）”浏览器）。（2）首次在国e平台上购买遴选文件的单位须在购买遴选文件前在国e平台网页进行注册，操作步骤详见国e平台用户指南中《平台注册指引》。（3）国e平台线上购买：1）首先在国e平台完成注册以及投标人自荐审批手续；2）在上一步操作完成后，选择“递交资料管理”-“申请资料递交”，选择对应项目点击申请，上传以下附件：①法定代表人/负责人资格证明书、法定代表人/负责人授权委托书②营业执照副本复印件（加盖公章）待确认后，按照第3点所述方式购买遴选文件；（3）遴选文件购买方式：投标人可在国e平台注册审批通过后登录系统购买本项目遴选文件，具体步骤如下：（a）登录后选择“文件管理”-“遴选文件购买”，选择对应项目点击“立即购买”生成订单；（b）根据实际情况，填写具体信息，通过网银支付、微信支付的方式完成购买手续（操作步骤详见国e平台常用文件中《线下开评标项目投标人购买遴选文件操作手册》），请投标人付款前确认所下单的项目编号是否正确，文件售后概不退换。（c）购标订单完成后，投标人可登录国e平台，在“文件管理→遴选文件订单”，具体项目订单详情页下载电子发票。电子发票一般是订单支付完成后48小时内开具，格式为不可修改的PDF文件。（4）国e平台操作咨询联系人：叶小姐020-37860669，李先生020-37860665。2.线上报名成功后，纸质遴选文件领取方式如下：现场领取纸质遴选文件国义招标股份有限公司深圳分公司地址：深圳市福田区红荔路1001号银盛大厦11楼1101-1105电话：0755-82331226联系人：谢先生（四）提交参评文件截止时间、评选时间和地点参评文件提交截止时间：2026年9月18日9时30分（北京时间）评选文件提交方式：现场递交收取地址：国义招标股份有限公司深圳分公司开（评）标室2（深圳市福田区红荔路1001号银盛大厦11楼）收取联系人：谢宁多、黄颖联系电话：0755-82331226邮编：518000评选时间：2026年9月18日9时30分（北京时间）评选地点：国义招标股份有限公司深圳分公司开（评）标室2（深圳市福田区红荔路1001号银盛大厦11楼） 二、开标时间：2026年09月18日 09:30 三、其它补充事宜详见遴选文件 四、预算金额：预算金额：70.207046 万元（人民币）",公共安全,2026-09-18 09:30,中国政府采购网,,70.207046,table,,,,,,,,,,,
合肥市消防救援支队2026年度公交车车身及地铁媒体消防宣传广告投放采购项目单一来源公告,其他公告,2026HBAFD02482,2026年09月07日 16:52,合肥市,合肥市消防救援支队,合肥市蜀山区科学大道119号,马丽 0551-62255349,安徽公共资源交易集团项目管理有限公司,合肥市滨湖新区南京路2588号（徽州大道与南京路交口）六楼,鲍秋鸣 0551-66223251,鲍秋鸣,0551-66223251,招标文件正文.pdf,"[{""attach_name"": ""招标文件正文.pdf"", ""attach_url"": ""https://download.ccgp.gov.cn/oss/download?uuid=14B0414102F9BDCF76F9BFFAC7A73A""}]",https://www.ccgp.gov.cn/cggg/zygg/qtgg/202609/t20260907_27280191.htm,2026-09-10 10:09:32,安徽公共资源交易集团项目管理有限公司受合肥市消防救援支队 委托，根据《中华人民共和国政府采购法》等有关规定，现对合肥市消防救援支队2026年度公交车车身及地铁媒体消防宣传广告投放采购项目进行其他招标，欢迎合格的供应商前来投标。 项目名称：合肥市消防救援支队2026年度公交车车身及地铁媒体消防宣传广告投放采购项目项目编号：2026HBAFD02482项目联系方式：项目联系人：鲍秋鸣项目联系电话：0551-66223251 采购单位联系方式：采购单位：合肥市消防救援支队采购单位地址：合肥市蜀山区科学大道119号采购单位联系方式：马丽 0551-62255349 代理机构联系方式：代理机构：安徽公共资源交易集团项目管理有限公司代理机构联系人：鲍秋鸣 0551-66223251代理机构地址： 合肥市滨湖新区南京路2588号（徽州大道与南京路交口）六楼 一、采购项目内容合肥市消防救援支队2026年度公交车车身及地铁媒体消防宣传广告投放采购项目，其中第1包：公交车车身媒体消防宣传广告投放，第2包：地铁媒体消防宣传广告投放 二、开标时间：2026年09月18日 10:00 三、其它补充事宜1、本项目招标文件领取时间：2026年09月08日到2026年09月11日；2、本项目谈判时间：2026年09月18日10:00；3、本项目谈判地点：安徽公共资源交易集团电子交易系统或安徽合肥公共资源交易电子服务系统；4、项目预算：第1包：60万元；第2包：49.7万元。 四、预算金额：预算金额：109.700000 万元（人民币）,公共安全,,中国政府采购网,,109.7,table,,,,,,,,,,,
中华人民共和国广州出入境边防检查总站移动警务通信服务采购项目比价公告,其他公告,20261006,2026年09月07日 16:52,天河区,中华人民共和国广州出入境边防检查总站,广州市天河区中山大道中489号,王警官，020-82133715,详见公告正文,详见公告正文,详见公告正文,王警官,020-82133715,（发布稿）广州出入境边防检查总站移动警务通信服务采购项目比价文件.doc,"[{""attach_name"": ""（发布稿）广州出入境边防检查总站移动警务通信服务采购项目比价文件.doc"", ""attach_url"": ""https://download.ccgp.gov.cn/oss/download?uuid=9DC92F359F59BBD4166E6C3874D96B""}]",https://www.ccgp.gov.cn/cggg/zygg/qtgg/202609/t20260907_27280193.htm,2026-09-10 10:09:32,根据《中华人民共和国政府采购法》等有关规定，现对中华人民共和国广州出入境边防检查总站移动警务通信服务采购项目进行其他招标，欢迎合格的供应商前来投标。 项目名称：中华人民共和国广州出入境边防检查总站移动警务通信服务采购项目项目编号：20261006项目联系方式：项目联系人：王警官项目联系电话：020-82133715 采购单位联系方式：采购单位：中华人民共和国广州出入境边防检查总站采购单位地址：广州市天河区中山大道中489号采购单位联系方式：王警官，020-82133715  一、采购项目内容一、项目内容具体内容要求见需求书。二、项目预算28.8万元（含税价）。三、供应商资格要求1.供应商具备《政府采购法》第二十二条所规定的条件。2.具备有效期内《基础电信业务经营许可证》和《增值电信业务经营许可证》，分支机构可使用总公司资质，须提供总公司授权。3.供应商具有相应供货、服务资格和完成该采购项目能力，具体要求见需求书。四、获取需求书公告之日起在规定的截止时间内直接在该网页下载附件。五、报价文件递交2026年9月10日17时之前通过电子邮箱发送扫描件。主要扫描件包括：比价采购登记表、报价明细表、营业执照扫描件、《基础电信业务经营许可证》和《增值电信业务经营许可证》或授权资料等比价文件中要求的资料。以上文件都要加盖公章后再扫描发送邮箱，且发送邮箱时将“项目名称”作为邮件标题进行标注。 六、报价期限及延期若在2026年9月10日17时之前，有效报价供应商有三家及以上，此次报价期限结束。若不足三家，从上述截止时间起，自动延期三个工作日，开标时间也顺期延后三个工作日。七、采购单位、地址和联系方式单位：广州出入境边防检查总站地址：广州市天河区中山大道中489号边检总站 王警官:020-82133715；邮箱：gzbjcgzx@163.com 二、开标时间：2026年09月10日 17:00 三、其它补充事宜无 四、预算金额：预算金额：28.800000 万元（人民币）,公共安全,,中国政府采购网,,28.8,table,,,,,,,,,,,
中国歌剧舞剧院道路运输服务项目废标公告,流标公告,HSZT2026FG/086,2026年09月07日 16:52,北京市,中国歌剧舞剧院,北京市丰台区南三环东路23号,龙老师 010-59752038,北京华盛中天咨询有限责任公司,北京市海淀区西直门北大街甲43号金运大厦B座1103室（西直门文慧桥西南角）,刘上、董子硕、卢天天010-62278948-602/601/624,兰少光,010-62277461,,,https://www.ccgp.gov.cn/cggg/zygg/qtgg/202609/t20260907_27280184.htm,2026-09-10 10:09:33,一、项目基本情况 采购项目编号：HSZT2026FG/086 采购项目名称：中国歌剧舞剧院道路运输服务项目 二、项目废标/流标的原因 通过符合性审查的有效投标人不足3家，经确认同意作废标处理。 三、其他补充事宜 无 四、凡对本次公告内容提出询问，请按以下方式联系。 1.采购人信息 名 称：中国歌剧舞剧院 地址：北京市丰台区南三环东路23号 联系方式：龙老师 010-59752038 2.采购代理机构信息 名 称：北京华盛中天咨询有限责任公司 地 址：北京市海淀区西直门北大街甲43号金运大厦B座1103室（西直门文慧桥西南角） 联系方式：刘上、董子硕、卢天天010-62278948-602/601/624 3.项目联系方式 项目联系人：兰少光 熊小平 电 话： 010-62277461,工程建设,,中国政府采购网,,,default,二、项目废标/流标的原因,,,,,,,,,,
中国歌剧舞剧院2026年度海运运输服务项目流标公告,流标公告,HSZT2026FG/117,2026年09月07日 16:51,北京市,中国歌剧舞剧院,北京市丰台区南三环东路23号,龙老师，010-59752038,北京华盛中天咨询有限责任公司,北京市海淀区西直门北大街甲43号金运大厦B座1103室（西直门文慧桥西南角）,刘上、董子硕、卢天天 010-62278948-602/601/624,兰少光,010-62277461,,,https://www.ccgp.gov.cn/cggg/zygg/qtgg/202609/t20260907_27280118.htm,2026-09-10 10:09:33,一、项目基本情况 采购项目编号：HSZT2026FG/117 采购项目名称：中国歌剧舞剧院2026年度海运运输服务项目 二、项目废标/流标的原因 投标文件递交截止时间止，投标人不足三家，经确认同意作流标处理。 三、其他补充事宜 无 四、凡对本次公告内容提出询问，请按以下方式联系。 1.采购人信息 名 称：中国歌剧舞剧院 地址：北京市丰台区南三环东路23号 联系方式：龙老师，010-59752038 2.采购代理机构信息 名 称：北京华盛中天咨询有限责任公司 地 址：北京市海淀区西直门北大街甲43号金运大厦B座1103室（西直门文慧桥西南角） 联系方式：刘上、董子硕、卢天天 010-62278948-602/601/624 3.项目联系方式 项目联系人：兰少光 熊小平 电 话： 010-62277461,服务外包,,中国政府采购网,,,default,二、项目废标/流标的原因,,,,,,,,,,
陕西师范大学未来教师生物实验教学系统项目废标公告,流标公告,AJ26041/SZT2026-SN-ZY-ZC-HW-0413,2026年09月07日 16:48,西安市,陕西师范大学,西安市长安区西长安街620号,曹睿、李婷029-85310696,陕西中技招标有限公司,西安市高新区高新四路1号高科广场A座10楼1001会议室,赵倩、刘洪涛029-87304306、029-87304326、029-88364979-857,赵倩、刘洪涛,029-87304306、029-87304326、029-88364979-8,AJ26041（0413）陕西师范大学未来教师生物实验教学系统项目招标文件0820.pdf,"[{""attach_name"": ""AJ26041（0413）陕西师范大学未来教师生物实验教学系统项目招标文件0820.pdf"", ""attach_url"": ""https://download.ccgp.gov.cn/oss/download?uuid=2CF6FCADD0BFAA0974D9176EB06C89""}]",https://www.ccgp.gov.cn/cggg/zygg/qtgg/202609/t20260907_27280037.htm,2026-09-10 10:09:34,一、项目基本情况 采购项目编号：AJ26041/SZT2026-SN-ZY-ZC-HW-0413 采购项目名称：陕西师范大学未来教师生物实验教学系统项目 二、项目废标/流标的原因 因递交文件投标人不足三家，本项目废标。 三、其他补充事宜 评审专家名单：/ 四、凡对本次公告内容提出询问，请按以下方式联系。 1.采购人信息 名 称：陕西师范大学 地址：西安市长安区西长安街620号 联系方式：曹睿、李婷029-85310696 2.采购代理机构信息 名 称：陕西中技招标有限公司 地 址：西安市高新区高新四路1号高科广场A座10楼1001会议室 联系方式：赵倩、刘洪涛029-87304306、029-87304326、029-88364979-857 3.项目联系方式 项目联系人：赵倩、刘洪涛 电 话： 029-87304306、029-87304326、029-88364979-857,教育培训,,中国政府采购网,,,default,二、项目废标/流标的原因,,,,,,,,,,
陕西师范大学多模态智慧教学钢琴系统废标公告,流标公告,AJ26058/SXLX26-01-044Z,2026年09月07日 16:37,西安市,陕西师范大学,西安市长安区西长安街620号,曹睿、李婷 029-85310696,陕西隆信项目管理有限公司,西安市雁塔区雁翔路111号赛格·中京坊公寓A座1单元二层,李亚男、王真、杜航、任甜 029-88489979-8104,李亚男、王真、杜航、任甜,029-88489979-8104,20260817-陕西师范大学多模态智慧教学钢琴系统+V1【发布稿】.pdf,"[{""attach_name"": ""20260817-陕西师范大学多模态智慧教学钢琴系统+V1【发布稿】.pdf"", ""attach_url"": ""https://download.ccgp.gov.cn/oss/download?uuid=8350C5D6F9437CF19659988DDD1583""}]",https://www.ccgp.gov.cn/cggg/zygg/qtgg/202609/t20260907_27279762.htm,2026-09-10 10:09:35,一、项目基本情况 采购项目编号：AJ26058/SXLX26-01-044Z(H) 采购项目名称：陕西师范大学多模态智慧教学钢琴系统 二、项目废标/流标的原因 截至投标文件递交截止时间，递交投标文件的投标人不足三家，本项目按废标处理。 三、其他补充事宜 / 四、凡对本次公告内容提出询问，请按以下方式联系。 1.采购人信息 名 称：陕西师范大学 地址：西安市长安区西长安街620号 联系方式：曹睿、李婷 029-85310696 2.采购代理机构信息 名 称：陕西隆信项目管理有限公司 地 址：西安市雁塔区雁翔路111号赛格·中京坊公寓A座1单元二层 联系方式：李亚男、王真、杜航、任甜 029-88489979-8104 3.项目联系方式 项目联系人：李亚男、王真、杜航、任甜 电 话： 029-88489979-8104,教育培训,,中国政府采购网,,,default,二、项目废标/流标的原因,,,,,,,,,,
重庆市消防救援总队2026年应急通信装备采购项目需求公示,其他公告,,2026年09月07日 16:37,重庆市,重庆市消防救援总队,重庆市渝北区人和街道云杉北路77号,宋老师，18102340552,详见公告正文,详见公告正文,详见公告正文,宋老师,18102340552,"需求公示修改建议书.doc,2026年应急通信装备采购项目技术需求.doc,2026年应急通信装备采购项目商务要求.doc,重庆市消防救援总队2026年应急通信装备采购项目需求公示.doc","[{""attach_name"": ""需求公示修改建议书.doc"", ""attach_url"": ""https://download.ccgp.gov.cn/oss/download?uuid=52AAAB070640276BE113C7BEA19F81""}, {""attach_name"": ""2026年应急通信装备采购项目技术需求.doc"", ""attach_url"": ""https://download.ccgp.gov.cn/oss/download?uuid=0CFA460251984F1DA7476E353E6970""}, {""attach_name"": ""2026年应急通信装备采购项目商务要求.doc"", ""attach_url"": ""https://download.ccgp.gov.cn/oss/download?uuid=E2AF1213A9681FB4A6778FB0C3EA78""}, {""attach_name"": ""重庆市消防救援总队2026年应急通信装备采购项目需求公示.doc"", ""attach_url"": ""https://download.ccgp.gov.cn/oss/download?uuid=00D67E73D9C369775734CC867CB99B""}]",https://www.ccgp.gov.cn/cggg/zygg/qtgg/202609/t20260907_27280528.htm,2026-09-10 10:09:35,根据《中华人民共和国政府采购法》等有关规定，现对重庆市消防救援总队2026年应急通信装备采购项目进行其他招标，欢迎合格的供应商前来投标。 项目名称：重庆市消防救援总队2026年应急通信装备采购项目项目编号：项目联系方式：项目联系人：宋老师项目联系电话：18102340552 采购单位联系方式：采购单位：重庆市消防救援总队采购单位地址：重庆市渝北区人和街道云杉北路77号采购单位联系方式：宋老师，18102340552  一、采购项目内容采购项目:重庆市消防救援总队2026年应急通信装备采购项目需求公示预算金额:392.5万元采购人地址:重庆市两江新区云杉北路77号 二、开标时间： 三、其它补充事宜采购需求公示，非招标公告，征求潜在供应商意见，有修改意见的，请于本公告发布之日起七个工作日内，将修改意见书发至 xf_cgb@126.com 四、预算金额：预算金额：0.000000 万元（人民币）,公共安全,,中国政府采购网,,0.0,table,,,,,,,,,,,
中华人民共和国湛江出入境边防检查站2026年度船艇维修保养服务采购项目简易采购公告,其他公告,zjzcg-2026-18,2026年09月07日 16:34,霞山区,中华人民共和国湛江出入境边防检查站,广东省湛江市霞山区人民东一路2号,赵华  0759-2289571,详见公告正文,详见公告正文,详见公告正文,黄洪健,0759-2289571,"中华人民共和国湛江出入境边防检查站2026年船艇维修保养服务项目需求书.doc,中华人民共和国湛江出入境边防检查站2026年船艇维修保养项目合同（意向性文本）.docx,中华人民共和国湛江出入境边防检查站2026年船艇维修保养采购项目简易采购文件.docx,中华人民共和国湛江出入境边防检查站2026年船艇维修保养服务项目-清单.xls","[{""attach_name"": ""中华人民共和国湛江出入境边防检查站2026年船艇维修保养服务项目需求书.doc"", ""attach_url"": ""https://download.ccgp.gov.cn/oss/download?uuid=D5494035CC325EA63D15EB85B4BD1F""}, {""attach_name"": ""中华人民共和国湛江出入境边防检查站2026年船艇维修保养项目合同（意向性文本）.docx"", ""attach_url"": ""https://download.ccgp.gov.cn/oss/download?uuid=C340AD1E414CECA5EE5D2E6C2825C1""}, {""attach_name"": ""中华人民共和国湛江出入境边防检查站2026年船艇维修保养采购项目简易采购文件.docx"", ""attach_url"": ""https://download.ccgp.gov.cn/oss/download?uuid=397C73C84B3ABDED56E01C590BDBE1""}, {""attach_name"": ""中华人民共和国湛江出入境边防检查站2026年船艇维修保养服务项目-清单.xls"", ""attach_url"": ""https://download.ccgp.gov.cn/oss/download?uuid=4FB94C0F9A3612DBEF89CB42796420""}]",https://www.ccgp.gov.cn/cggg/zygg/qtgg/202609/t20260907_27280478.htm,2026-09-10 10:09:36,根据《中华人民共和国政府采购法》等有关规定，现对中华人民共和国湛江出入境边防检查站2026年度船艇维修保养服务采购项目进行其他招标，欢迎合格的供应商前来投标。 项目名称：中华人民共和国湛江出入境边防检查站2026年度船艇维修保养服务采购项目项目编号：zjzcg-2026-18项目联系方式：项目联系人：黄洪健项目联系电话：0759-2289571 采购单位联系方式：采购单位：中华人民共和国湛江出入境边防检查站采购单位地址：广东省湛江市霞山区人民东一路2号采购单位联系方式：赵华 0759-2289571  一、采购项目内容为我站采购一家定点船厂，负责所属船艇年度维修保养服务，并提供24小时应急服务。维修内容包括但不限于基准价清单及清单外船艇船体、装饰、甲板、电器、主机、锚机、舵机、发电机及其配套设备，具体按需求文件执行。 二、开标时间：2026年09月11日 10:00 三、其它补充事宜无 四、预算金额：预算金额：10.000000 万元（人民币）,公共安全,,中国政府采购网,,10.0,table,,,,,,,,,,,
重庆市消防救援总队网络资源租赁服务项目需求公示,其他公告,,2026年09月07日 16:33,重庆市,重庆市消防救援总队,重庆市渝北区人和街道云杉北路77号,廖老师，023-67315157,详见公告正文,详见公告正文,详见公告正文,廖老师,023-67315157,"重庆市消防救援总队网络资源租赁服务项目商务需求.doc,需求公示修改建议书.doc,重庆市消防救援总队网络资源租赁服务项目服务需求.doc,重庆市消防救援总队网络资源租赁服务项目需求公示.doc","[{""attach_name"": ""重庆市消防救援总队网络资源租赁服务项目商务需求.doc"", ""attach_url"": ""https://download.ccgp.gov.cn/oss/download?uuid=FEFAAF1709A79C821801B5B7D267E0""}, {""attach_name"": ""需求公示修改建议书.doc"", ""attach_url"": ""https://download.ccgp.gov.cn/oss/download?uuid=D39B590D0C76CD33B1B1BA09C81B9A""}, {""attach_name"": ""重庆市消防救援总队网络资源租赁服务项目服务需求.doc"", ""attach_url"": ""https://download.ccgp.gov.cn/oss/download?uuid=0B6BC34C63FDB22DB228942A111FC0""}, {""attach_name"": ""重庆市消防救援总队网络资源租赁服务项目需求公示.doc"", ""attach_url"": ""https://download.ccgp.gov.cn/oss/download?uuid=06D3FE46AB418E4222F4DEA6D0AF07""}]",https://www.ccgp.gov.cn/cggg/zygg/qtgg/202609/t20260907_27280432.htm,2026-09-10 10:09:37,根据《中华人民共和国政府采购法》等有关规定，现对重庆市消防救援总队网络资源租赁服务项目进行其他招标，欢迎合格的供应商前来投标。 项目名称：重庆市消防救援总队网络资源租赁服务项目项目编号：项目联系方式：项目联系人：廖老师项目联系电话：023-67315157 采购单位联系方式：采购单位：重庆市消防救援总队采购单位地址：重庆市渝北区人和街道云杉北路77号采购单位联系方式：廖老师，023-67315157  一、采购项目内容采购项目:重庆市消防救援总队网络资源租赁服务项目需求公示预算金额:461.78万元采购人地址:重庆市两江新区云杉北路77号 二、开标时间： 三、其它补充事宜采购需求公示，非招标公告，征求潜在供应商意见，有修改意见的，请于本公告发布之日起七个工作日内，将修改意见书发至 xf_cgb@126.com 四、预算金额：预算金额：0.000000 万元（人民币）,公共安全,,中国政府采购网,,0.0,table,,,,,,,,,,,
重庆市消防救援总队法治·电动自行车摩托车综合智管（一期）应用建设项目需求公示,其他公告,,2026年09月07日 16:30,重庆市,重庆市消防救援总队,重庆市两江新区云杉北路77号,廖老师，023-67315157,详见公告正文,详见公告正文,详见公告正文,廖老师,023-67315157,"法治？电动自行车摩托车综合智管（一期）应用建设商务需求.docx,法治？电动自行车摩托车综合智管（一期）应用建设项目需求公示.doc,法治？电动自行车摩托车综合智管（一期）应用建设服务需求.docx,需求公示修改建议书.doc","[{""attach_name"": ""法治？电动自行车摩托车综合智管（一期）应用建设商务需求.docx"", ""attach_url"": ""https://download.ccgp.gov.cn/oss/download?uuid=2B1251D2320EF118268712092B0175""}, {""attach_name"": ""法治？电动自行车摩托车综合智管（一期）应用建设项目需求公示.doc"", ""attach_url"": ""https://download.ccgp.gov.cn/oss/download?uuid=259F9AD8A27EFB262FE08400E20BB8""}, {""attach_name"": ""法治？电动自行车摩托车综合智管（一期）应用建设服务需求.docx"", ""attach_url"": ""https://download.ccgp.gov.cn/oss/download?uuid=0E8D1B34176E475946998FCE6E5EBF""}, {""attach_name"": ""需求公示修改建议书.doc"", ""attach_url"": ""https://download.ccgp.gov.cn/oss/download?uuid=D85822DAB8B38A6B8D6735B687DCD5""}]",https://www.ccgp.gov.cn/cggg/zygg/qtgg/202609/t20260907_27280385.htm,2026-09-10 10:09:37,根据《中华人民共和国政府采购法》等有关规定，现对重庆市消防救援总队法治·电动自行车摩托车综合智管（一期）应用建设项目进行其他招标，欢迎合格的供应商前来投标。 项目名称：重庆市消防救援总队法治·电动自行车摩托车综合智管（一期）应用建设项目项目编号：项目联系方式：项目联系人：廖老师项目联系电话：023-67315157 采购单位联系方式：采购单位：重庆市消防救援总队采购单位地址：重庆市两江新区云杉北路77号采购单位联系方式：廖老师，023-67315157  一、采购项目内容采购项目:重庆市消防救援总队法治·电动自行车摩托车综合智管（一期）应用建设项目需求公示预算金额:260.69万元采购人地址:重庆市两江新区云杉北路77号 二、开标时间： 三、其它补充事宜采购需求公示，非招标公告，征求潜在供应商意见，有修改意见的，请于本公告发布之日起七个工作日内，将修改意见书发至 xf_cgb@126.com 四、预算金额：预算金额：0.000000 万元（人民币）,公共安全,,中国政府采购网,,0.0,table,,,,,,,,,,,
吉林大学中日联谊医院吉林省国家紧急医学救援基地建设项目-突发核辐射事件紧急医学救援中心、突发中毒事件紧急医学救援中心工程施工中标结果公示,其他公告,CCS20260706FJSZ04001001,2026年09月07日 16:23,市辖区,吉林大学中日联谊医院,0431-84995636/84995171,米先生、廖先生,中亚众联国际项目管理有限公司,19967890521、13331616532,杨帆、张悦,杨帆、张悦,19967890521、13331616532,,,https://www.ccgp.gov.cn/cggg/zygg/qtgg/202609/t20260907_27279425.htm,2026-09-10 10:09:38,一、项目基本情况 采购项目编号：CCS20260706FJSZ04001001 采购项目名称：吉林省国家紧急医学救援基地建设项目-突发核辐射事件紧急医学救援中心、突发中毒事件紧急医学救援中心工程施工 二、项目废标/流标的原因 / 三、其他补充事宜 吉林省国家紧急医学救援基地建设项目-突发核辐射事件紧急医学救援中心、突发中毒事件紧急医学救援中心工程施工中标结果公示表 项目名称 吉林省国家紧急医学救援基地建设项目-突发核辐射事件紧急医学救援中心、突发中毒事件紧急医学救援中心工程施工 中标人名称 聚宏建设集团有限公司 投标报价 9899289.52元 质量 符合现行国家有关工程施工验收规范和标准的合格工程。 工期（交货期） 合同签订之日起120日历天，计划开工日期2026年9月2日， 计划竣工日期2026年12月31日。（具体工期以实际合同为准） 项目负责人姓名 陈明 职称证书 / 注册执业资格 二级注册建造师 技术负责人 赵若全 质量管理负责人 马东威 安全管理负责人 谷宇 质量员 魏贺 安全员 谷红娟   四、凡对本次公告内容提出询问，请按以下方式联系。 1.采购人信息 名 称：吉林大学中日联谊医院 地址：0431-84995636/84995171 联系方式：米先生、廖先生 2.采购代理机构信息 名 称：中亚众联国际项目管理有限公司 地 址：19967890521、13331616532 联系方式：杨帆、张悦 3.项目联系方式 项目联系人：杨帆、张悦 电 话： 19967890521、13331616532,医疗卫生,,中国政府采购网,,,default,二、项目废标/流标的原因,,,,,,,,,,
厦门公物—公开比选—GW2026-ZYSH008（2026CGZXGKBX0052）—计算机组成原理实验室国产化升级改造专项—采购公告,其他公告,GW2026-ZYSH008,2026年09月07日 16:14,厦门市,华侨大学,福建省厦门市集美区集美大道668号,潘老师，18850553502。,厦门市公物采购招投标有限公司,厦门市湖滨南路81号光大银行大厦10楼,黄小姐、杜小姐，0592-2229570、2233020，咨询时间：法定工作日，上午8:30-12:00、下午14:30-18:00。,黄小姐、杜小姐,0592-2229570、2233020,,,https://www.ccgp.gov.cn/cggg/zygg/qtgg/202609/t20260907_27279265.htm,2026-09-10 10:09:38,厦门市公物采购招投标有限公司受华侨大学 委托，根据《中华人民共和国政府采购法》等有关规定，现对计算机组成原理实验室国产化升级改造专项进行其他招标，欢迎合格的供应商前来投标。 项目名称：计算机组成原理实验室国产化升级改造专项项目编号：GW2026-ZYSH008（2026CGZXGKBX0052）项目联系方式：项目联系人：黄小姐、杜小姐，咨询时间：法定工作日，上午8:30-12:00、下午14:30-18:00。项目联系电话：0592-2229570、2233020 采购单位联系方式：采购单位：华侨大学采购单位地址：福建省厦门市集美区集美大道668号采购单位联系方式：潘老师，18850553502。 代理机构联系方式：代理机构：厦门市公物采购招投标有限公司代理机构联系人：黄小姐、杜小姐，0592-2229570、2233020，咨询时间：法定工作日，上午8:30-12:00、下午14:30-18:00。代理机构地址： 厦门市湖滨南路81号光大银行大厦10楼 一、采购项目内容 一、项目基本情况 项目编号：GW2026-ZYSH008（2026CGZXGKBX0052） 项目名称：计算机组成原理实验室国产化升级改造专项 采购预算：50.4万元 采购需求：国产计算机，56台，具体详见采购文件。 交付期限：合同签订后30个日历日内按要求安装完毕并通过验收、交付使用。 二、供应商的资格要求 一、法人或者其他组织的营业执照等证明文件，自然人的身份证明； 供应商是法人或者其他组织的应提供营业执照等证明文件；供应商是自然人的应提供有效的自然人身份证明。 二、财务状况报告，依法缴纳税收和社会保障资金的相关材料； 供应商是法人的，应提供上一年度或近期的财务状况报告（至少包含资产负债表、现金流量表、利润分配表）；或提供银行出具的资信证明。依法缴纳税收和社会保障资金的证明材料主要是供应商缴纳相应税收（如增值税、营业税或企业所得税等）的凭据，缴纳社会保险的凭据（专用收据或社会保险缴纳清单）。依法免税或不需要缴纳社会保障资金的供应商，应提供相应文件证明其依法免税或不需要缴纳社会保障资金。 三、具备履行合同所必需的设备和专业技术能力的证明材料（可以提供证书、承诺书等）； 四、参加采购活动前3年内在经营活动中没有重大违法记录的书面声明（或者在参加采购活动前3年内因违法经营被禁止在一定期限内参加政府采购活动，期限已届满）； 五、具备法律、行政法规规定的其他条件的证明材料。 六、本项目不接受联合体响应。 七、供应商代表若不是单位负责人的，则必须提供单位负责人对供应商代表的授权书原件。 八、在资格审查时，将通过中国政府采购网（www.ccgp.gov.cn）、“信用中国”网站（www.creditchina.gov.cn）、“信用中国（福建厦门）”网站（www.creditxm.gov.cn）等渠道全面查询供应商响应截止当日前3年内的信用及违法记录。对参加采购活动前3年内在经营活动中有重大违法记录的供应商，响应无效。（“重大违法记录”指供应商因违法经营受到刑事处罚或者责令停产停业、吊销许可证或者执照、较大数额罚款等行政处罚，例如被列入失信被执行人、重大税收违法失信主体名单、政府采购严重违法失信行为记录名单、“信用厦门”警示警告名单，受到政府采购行政处罚或者存在行贿犯罪记录，且相关信用惩戒期限未满，以及其他不符合《中华人民共和国政府采购法》第二十二条规定条件的。“较大数额罚款”认定为200万元以上的罚款，法律、行政法规以及国务院有关部门明确规定相关领域“较大数额罚款”标准高于200万元的，从其规定。联合体成员存在重大违法记录的，视同联合体存在重大违法记录。） 三、获取采购文件 一、获取采购文件时间：即日起至2026年9月14日下午18:00时止。 二、获取采购文件方式（可通过下列任何一种方式获取）： 1、在线报名：先通过公e采电子招标采购服务平台（www.xmzfcg.com）进行相关信息登记、在线支付文件费用，否则其投标（响应）将被拒绝。供应商如未在平台注册，请先按平台要求进行注册，注册免费，注册后可免费在线预览招标（采购）文件的主要内容，对平台操作有疑问的，请联系平台客服电话：400-805-9899。 2、现场获取：前往厦门市湖滨南路81号光大银行大厦10楼前台报名并获取纸质采购文件。 3、邮寄获取（邮费到付）：邮寄购买的请将购买采购文件的费用汇入此账号：收款单位：厦门市公物采购招投标有限公司，开 户 行：中国农业银行股份有限公司厦门非矿支行，账 号：40343001040010641，并致电0592-2230888获取报名表，填写相关信息后发送至1330885265@qq.com。 采购文件售价：50元。 采取现场获取或邮寄获取方式获取采购文件，有任何疑问的，请联系：程小姐，电话：0592-2230888，传真：0592-2225703。 四、提交响应文件截止时间、开启时间和地点 截止时间、开启时间：2026年9月24日09：30 开启地点：厦门市湖滨南路81号光大银行大厦10楼开标厅2 提交方式：提交纸质响应文件至开启地点。 五、公告期限 自本公告发布之日起5个工作日。 六、其他补充事宜 本项目不属于政府采购项目，本公告第一段修改为“厦门市公物采购招投标有限公司受采购单位委托，现对本项目进行公开比选，欢迎合格的供应商前来参与。” 七、对本次采购提出询问的联系方式 1.采购人信息 名称：华侨大学 地址：福建省厦门市集美区集美大道668号 联系人：潘老师 联系方式：18850553502 2.采购代理机构信息 名称：厦门市公物采购招投标有限公司 地址：厦门市湖滨南路81号光大银行大厦10楼 联系方式：0592-2230888 3.项目联系方式 项目联系人：黄小姐、杜小姐 电话：0592-2229570、2233020 咨询时间：法定工作日，上午8:30-12:00、下午14:30-18:00。   二、开标时间：2026年09月24日 09:30 三、其它补充事宜/ 四、预算金额：预算金额：50.400000 万元（人民币）,信息技术,,中国政府采购网,,50.4,table,,,,,,,,,,,
贵州某单位警史馆改建项目自主采购公告,其他公告,GZWH-2026-15518,2026年09月07日 16:14,贵州省,SPD-21,贵州省贵阳市南明区,/,贵州卫虹招标有限公司,贵阳市中华中路8号时代广场名仕楼18楼,许明霞、赵军、邹燕   0851-85801822,许明霞、赵军、邹燕,0851-85801822,,,https://www.ccgp.gov.cn/cggg/zygg/qtgg/202609/t20260907_27279228.htm,2026-09-10 10:09:39,贵州卫虹招标有限公司受SPD-21 委托，根据《中华人民共和国政府采购法》等有关规定，现对贵州某单位警史馆改建项目进行其他招标，欢迎合格的供应商前来投标。 项目名称：贵州某单位警史馆改建项目项目编号：GZWH-2026-15518项目联系方式：项目联系人：许明霞、赵军、邹燕项目联系电话：0851-85801822 采购单位联系方式：采购单位：SPD-21采购单位地址：贵州省贵阳市南明区采购单位联系方式：/ 代理机构联系方式：代理机构：贵州卫虹招标有限公司代理机构联系人：许明霞、赵军、邹燕 0851-85801822代理机构地址： 贵阳市中华中路8号时代广场名仕楼18楼 一、采购项目内容采购内容涵盖原有场地拆除清运、建筑装饰装修工程、电气及弱电安装工程、消防应急照明工程、空调新风系统安装，以及多媒体音响及AI交互系统、灯光智能化系统、史料修复与数字化等。 二、开标时间：2026年09月15日 14:30 三、其它补充事宜（一）获取自主采购文件1.获取自主采购文件时间、地点、方式时间：2026年9月8日至2026年9月10日，每天上午9:00至12:00，13:30至17:00。（北京时间，法定节假日除外）地点：贵阳市中华中路8号时代广场名仕楼18楼A座方式：现场获取售价：￥0元2.获取自主采购文件时需提供：①法人或者其他组织的营业执照副本复印件（复印件均须加盖鲜章）；②单位授权书及经办人身份证原件及复印件（复印件均须加盖鲜章）。（二）提交响应文件截止时间、评审时间和地点1.提交响应文件截止时间：2026年9月15日14时30分（北京时间）2.评审时间：2026年9月15日14时30分（北京时间）3.地点：贵阳市中华中路8号时代广场名仕楼18楼B座（三）申请人的资格要求1.具有独立承担民事责任的能力：提供法人或者其他组织的营业执照等证明文件，自然人投标的提供身份证明。2.具有良好的商业信誉和健全的财务会计制度：提供合法审计机构出具的2024年度（或2025年度）的财务审计报告或提供2026年银行的资信证明。3.具有履行合同所必需的设备和专业技术能力：自行承诺具备履行合同所必需的设备和专业技术能力（承诺函自拟）。4.具有依法缴纳税收和社会保障资金的良好记录：①提供2025年6月至今任意一个月缴纳税收的凭据或证明材料（依法免税的， 提供有效的证明文件）。②提供2025年6月至今任意一个月社会保障资金缴纳证明材料（不需要缴纳社保资金的，提供有效的证明文件）。5.参加本次政府采购活动前三年内，在经营活动中没有重大违法记录：提供参加政府采购活动前三年内未因违法经营受到刑事处罚或者责令停产停业、吊销许可证或者执照、较大数额罚款等行政处罚的书面声明（自行声明）。6.法律、行政法规规定的其他条件：投标人自行承诺（承诺自拟）：在“信用中国”网站（www.creditchina.gov.cn）、中国政府采购网（www.ccgp.gov.cn）等渠道查询中未被列入失信被执行人名 单、重大税收违法失信主体、政府采购严重违法失信行为记录名单，查询截止时点为响应文件开启时间前，对列入失信被执行人、重大税收违法失信主体、政府采购严重违法失信行为记录名单的供应商，拒绝其参与本次政府采购活 动，并承担由此造成的一切法律责任及后果”。7.投标人自行承诺（承诺自拟）不存在下述情形：①单位负责人为同一人或者存在直接控股、管理关系的不同投标人，不得参 加同一合同项下的政府采购活动。②为项目提供整体设计、规范编制或项目管理、监理、检测等服务的投标人，不得再参加该项目的其他采购活动。8.本项目的特定资格要求：①投标人须具备建设行政主管部门核发的建筑装修装饰工程专业承包二级及以上资质或者建筑工程施工总承包三级及以上资质，且资质证书在有效期内。②投标人须具备有效的安全生产许可证。③投标人拟派项目经理须具备建筑工程专业二级及以上注册建造师执业资格，持有有效安全生产考核合格证书（B证），且未担任其他在建建设项目的项目经理。 四、预算金额：预算金额：78.311867 万元（人民币）,公共安全,2026-09-15 14:30,中国政府采购网,,78.311867,table,,,,,,,,,,,
2026年度员工制服及配饰采购项目(第二次招标）废标公告,流标公告,CB-BS-2026-0625-01,2026年09月07日 16:13,深圳市,中国电子口岸数据中心深圳分中心,深圳市福田区福田南路2号2楼,黄万琼 0755-84394309,深圳市加乐咨询有限公司,深圳市福田区深南大道1003号大中华国际金融中心A座10楼,陈康、王捷、康娇艳、范舜矩、王丽0755-82997987,陈康、王捷、康娇艳、范舜矩、王,0755-82997987,,,https://www.ccgp.gov.cn/cggg/zygg/qtgg/202609/t20260907_27279224.htm,2026-09-10 10:09:40,一、项目基本情况 采购项目编号：CB-BS-2026-0625-01 采购项目名称：2026年度员工制服及配饰采购项目 二、项目废标/流标的原因 因响应供应商不足三家，根据《中华人民共和国政府采购法》第三十六条“符合专业条件的供应商或者对招标文件作实质响应的供应商不足三家的（应予废标）”规定，本项目废标。 三、其他补充事宜 关于本项目后续采购事宜，敬请各供应商留意相关网站发布的招标公告。 四、凡对本次公告内容提出询问，请按以下方式联系。 1.采购人信息 名 称：中国电子口岸数据中心深圳分中心 地址：深圳市福田区福田南路2号2楼 联系方式：黄万琼 0755-84394309 2.采购代理机构信息 名 称：深圳市加乐咨询有限公司 地 址：深圳市福田区深南大道1003号大中华国际金融中心A座10楼 联系方式：陈康、王捷、康娇艳、范舜矩、王丽0755-82997987 3.项目联系方式 项目联系人：陈康、王捷、康娇艳、范舜矩、王丽 电 话： 0755-82997987,服务外包,,中国政府采购网,,,default,二、项目废标/流标的原因,,,,,,,,,,
厦门公物—公开比选—GW2026-ZYSH009（2026CGZXGKBX0053）—原子层沉积机—采购公告,其他公告,GW2026-ZYSH009,2026年09月07日 16:13,厦门市,华侨大学,福建省厦门市集美区集美大道668号,刘老师，0592-6167590,厦门市公物采购招投标有限公司,厦门市湖滨南路81号光大银行大厦10楼,黄小姐、杜小姐，0592-2229570、2233020，咨询时间：法定工作日，上午8:30-12:00、下午14:30-18:00。,黄小姐、杜小姐,0592-2229570、2233020,,,https://www.ccgp.gov.cn/cggg/zygg/qtgg/202609/t20260907_27279230.htm,2026-09-10 10:09:40,厦门市公物采购招投标有限公司受华侨大学 委托，根据《中华人民共和国政府采购法》等有关规定，现对原子层沉积机进行其他招标，欢迎合格的供应商前来投标。 项目名称：原子层沉积机项目编号：GW2026-ZYSH009（2026CGZXGKBX0053）项目联系方式：项目联系人：黄小姐、杜小姐，咨询时间：法定工作日，上午8:30-12:00、下午14:30-18:00。项目联系电话：0592-2229570、2233020 采购单位联系方式：采购单位：华侨大学采购单位地址：福建省厦门市集美区集美大道668号采购单位联系方式：刘老师，0592-6167590 代理机构联系方式：代理机构：厦门市公物采购招投标有限公司代理机构联系人：黄小姐、杜小姐，0592-2229570、2233020，咨询时间：法定工作日，上午8:30-12:00、下午14:30-18:00。代理机构地址： 厦门市湖滨南路81号光大银行大厦10楼 一、采购项目内容 一、项目基本情况 项目编号：GW2026-ZYSH009（2026CGZXGKBX0053） 项目名称：原子层沉积机 采购预算：55万元 采购需求：原子层沉积机，1台，具体详见采购文件。 交付期限：合同签订后45个日历日内到货并按要求安装调试、交付使用。 二、供应商的资格要求 一、法人或者其他组织的营业执照等证明文件，自然人的身份证明； 供应商是法人或者其他组织的应提供营业执照等证明文件；供应商是自然人的应提供有效的自然人身份证明。 二、财务状况报告，依法缴纳税收和社会保障资金的相关材料； 供应商是法人的，应提供上一年度或近期的财务状况报告（至少包含资产负债表、现金流量表、利润分配表）；或提供银行出具的资信证明。依法缴纳税收和社会保障资金的证明材料主要是供应商缴纳相应税收（如增值税、营业税或企业所得税等）的凭据，缴纳社会保险的凭据（专用收据或社会保险缴纳清单）。依法免税或不需要缴纳社会保障资金的供应商，应提供相应文件证明其依法免税或不需要缴纳社会保障资金。 三、具备履行合同所必需的设备和专业技术能力的证明材料（可以提供证书、承诺书等）； 四、参加采购活动前3年内在经营活动中没有重大违法记录的书面声明（或者在参加采购活动前3年内因违法经营被禁止在一定期限内参加政府采购活动，期限已届满）； 五、具备法律、行政法规规定的其他条件的证明材料。 六、本项目不接受联合体响应。 七、供应商代表若不是单位负责人的，则必须提供单位负责人对供应商代表的授权书原件。 八、在资格审查时，将通过中国政府采购网（www.ccgp.gov.cn）、“信用中国”网站（www.creditchina.gov.cn）、“信用中国（福建厦门）”网站（www.creditxm.gov.cn）等渠道全面查询供应商响应截止当日前3年内的信用及违法记录。对参加采购活动前3年内在经营活动中有重大违法记录的供应商，响应无效。（“重大违法记录”指供应商因违法经营受到刑事处罚或者责令停产停业、吊销许可证或者执照、较大数额罚款等行政处罚，例如被列入失信被执行人、重大税收违法失信主体名单、政府采购严重违法失信行为记录名单、“信用厦门”警示警告名单，受到政府采购行政处罚或者存在行贿犯罪记录，且相关信用惩戒期限未满，以及其他不符合《中华人民共和国政府采购法》第二十二条规定条件的。“较大数额罚款”认定为200万元以上的罚款，法律、行政法规以及国务院有关部门明确规定相关领域“较大数额罚款”标准高于200万元的，从其规定。联合体成员存在重大违法记录的，视同联合体存在重大违法记录。） 三、获取采购文件 一、获取采购文件时间：即日起至2026年9月14日下午18:00时止。 二、获取采购文件方式（可通过下列任何一种方式获取）： 1、在线报名：先通过公e采电子招标采购服务平台（www.xmzfcg.com）进行相关信息登记、在线支付文件费用，否则其投标（响应）将被拒绝。供应商如未在平台注册，请先按平台要求进行注册，注册免费，注册后可免费在线预览招标（采购）文件的主要内容，对平台操作有疑问的，请联系平台客服电话：400-805-9899。 2、现场获取：前往厦门市湖滨南路81号光大银行大厦10楼前台报名并获取纸质采购文件。 3、邮寄获取（邮费到付）：邮寄购买的请将购买采购文件的费用汇入此账号：收款单位：厦门市公物采购招投标有限公司，开 户 行：中国农业银行股份有限公司厦门非矿支行，账 号：40343001040010641，并致电0592-2230888获取报名表，填写相关信息后发送至1330885265@qq.com。 采购文件售价：50元。 采取现场获取或邮寄获取方式获取采购文件，有任何疑问的，请联系：程小姐，电话：0592-2230888，传真：0592-2225703。 四、提交响应文件截止时间、开启时间和地点 截止时间、开启时间：2026年9月18日09：30 开启地点：厦门市湖滨南路81号光大银行大厦10楼开标厅2 提交方式：提交纸质响应文件至开启地点。 五、公告期限 自本公告发布之日起5个工作日。 六、其他补充事宜 本项目不属于政府采购项目，本公告第一段修改为“厦门市公物采购招投标有限公司受采购单位委托，现对本项目进行公开比选，欢迎合格的供应商前来参与。” 七、对本次采购提出询问的联系方式 1.采购人信息 名称：华侨大学 地址：福建省厦门市集美区集美大道668号 联系人：刘老师 联系方式：0592-6167590 2.采购代理机构信息 名称：厦门市公物采购招投标有限公司 地址：厦门市湖滨南路81号光大银行大厦10楼 联系方式：0592-2230888 3.项目联系方式 项目联系人：黄小姐、杜小姐 电话：0592-2229570、2233020 咨询时间：法定工作日，上午8:30-12:00、下午14:30-18:00。   二、开标时间：2026年09月18日 09:30 三、其它补充事宜/ 四、预算金额：预算金额：55.000000 万元（人民币）,教育培训,,中国政府采购网,,55.0,table,,,,,,,,,,,
2026年大连民族大学百链外文学术搜索数据库采购项目单一来源公示,其他公告,XNJZ-F-2026-029,2026年09月07日 16:11,大连市,大连民族大学,辽宁省大连市金普新区辽河西路18号,程老师0411-87565775,博智兴华工程顾问有限公司,辽宁省大连市西岗区新开路69号锦绣大厦,刘亚男、连坤0411-83798619,刘亚男、连坤,0411-83798619,单一来源产品专家论证意见（综合）.pdf,"[{""attach_name"": ""单一来源产品专家论证意见（综合）.pdf"", ""attach_url"": ""https://download.ccgp.gov.cn/oss/download?uuid=2923112D55CE0041207084D26B01D4""}]",https://www.ccgp.gov.cn/cggg/zygg/qtgg/202609/t20260907_27279155.htm,2026-09-10 10:09:41,博智兴华工程顾问有限公司受大连民族大学 委托，根据《中华人民共和国政府采购法》等有关规定，现对2026年大连民族大学百链外文学术搜索数据库采购项目进行其他招标，欢迎合格的供应商前来投标。 项目名称：2026年大连民族大学百链外文学术搜索数据库采购项目项目编号：XNJZ-F-2026-029项目联系方式：项目联系人：刘亚男、连坤项目联系电话：0411-83798619 采购单位联系方式：采购单位：大连民族大学采购单位地址：辽宁省大连市金普新区辽河西路18号采购单位联系方式：程老师0411-87565775 代理机构联系方式：代理机构：博智兴华工程顾问有限公司代理机构联系人：刘亚男、连坤0411-83798619代理机构地址： 辽宁省大连市西岗区新开路69号锦绣大厦 一、采购项目内容一、项目信息采购人：大连民族大学项目名称：2026年大连民族大学百链外文学术搜索数据库采购项目拟采购的货物或者服务的说明：2026年大连民族大学百链外文学术搜索数据库采购拟采购的货物或服务的预算金额：15.5万元(人民币)采用单一来源采购方式的原因及说明：大连民族大学采购百链外文学术搜索数据库，该数据库由北京世纪读秀技术有限公司独家提供，无可替代产品。百链外文学术搜索数据库是高校图书馆文献资源建设的重要组成部分，是根据学校学科专业建设需要订购，支撑教学与科研的重要保障。百链包含了中外文献9.5亿条元数据仓储远程访问，可对图书、报纸、期刊、标准、专利、论文、视频等各种文献类型的统一检索，将分散的中外文信息资源集中建设处理。百链是国内较大的文献传递服务平台搭建者，在国内已为1000多家图书馆搭建文献传递平台，提供多级调度系统，实现了对不少于500个中外文数据库的文献传递服务，对本馆资源之外的资源可以即时获取，实现了从单馆服务转变为多馆协同服务模式的转变。百链在异构资源整合、检索以及共建共享方面具有符合其条件的唯一性，满足图书馆要为读者用户随时随地获得便捷、高效的文献检索和传递服务提供支持的需求，有效促进我校的科研和教学工作水平的提升，是学校学科发展与人才培养的重要资源保障。该数据库由北京世纪读秀技术有限公司自主研发，拥有自主知识产权，是唯一供货商。根据《中华人民共和国政府采购法实施条例》第二十七条“政府采购法第三十一条第一项规定的情形，因货物或服务使用不可替代的专利、专有技术，或者公共服务项目具有特殊要求，导致只能从某一特定供应商处采购”的规定。综上所述，论证专家一致建议本项目采用单一来源方式采购，故拟定供应商名称为北京世纪读秀技术有限公司。论证人员：宋倩、大连市税务局、高级工程师宋楚南、大连晟泰项目管理有限公司、高级工程师王涛、东北财经大学网络教育学院、高级工程师二、拟定供应商信息名称：北京世纪读秀技术有限公司地址：北京市海淀区上地三街9号C座11层C1210-2三、公示期限2026年09月07日至2026年09月14日 二、开标时间： 三、其它补充事宜本项目专门面向中小企业采购。潜在供应商对公示内容有异议的，请于公示期内以实名书面（包括联系人、地址、联系电话）形式将意见反馈至博智兴华工程顾问有限公司。 四、预算金额：预算金额：15.500000 万元（人民币）,教育培训,,中国政府采购网,,15.5,table,,,,,,,,,,,
2026年大连民族大学移动图书馆数据库采购项目单一来源公示,其他公告,XNJZ-F-2026-030,2026年09月07日 16:11,大连市,大连民族大学,辽宁省大连市金普新区辽河西路18号,金老师0411-87656329,博智兴华工程顾问有限公司,辽宁省大连市西岗区新开路69号锦绣大厦,刘亚男、连坤0411-83798619,刘亚男、连坤,0411-83798619,单一来源产品专家论证意见（综合）.pdf,"[{""attach_name"": ""单一来源产品专家论证意见（综合）.pdf"", ""attach_url"": ""https://download.ccgp.gov.cn/oss/download?uuid=0B54000A5696BE4E688B63CD70131D""}]",https://www.ccgp.gov.cn/cggg/zygg/qtgg/202609/t20260907_27279162.htm,2026-09-10 10:09:42,博智兴华工程顾问有限公司受大连民族大学 委托，根据《中华人民共和国政府采购法》等有关规定，现对2026年大连民族大学移动图书馆数据库采购项目进行其他招标，欢迎合格的供应商前来投标。 项目名称：2026年大连民族大学移动图书馆数据库采购项目项目编号：XNJZ-F-2026-030项目联系方式：项目联系人：刘亚男、连坤项目联系电话：0411-83798619 采购单位联系方式：采购单位：大连民族大学采购单位地址：辽宁省大连市金普新区辽河西路18号采购单位联系方式：金老师0411-87656329 代理机构联系方式：代理机构：博智兴华工程顾问有限公司代理机构联系人：刘亚男、连坤0411-83798619代理机构地址： 辽宁省大连市西岗区新开路69号锦绣大厦 一、采购项目内容一、项目信息采购人：大连民族大学项目名称：2026年大连民族大学移动图书馆数据库采购项目拟采购的货物或者服务的说明：2026年大连民族大学移动图书馆数据库采购拟采购的货物或服务的预算金额：12.5万元(人民币)采用单一来源采购方式的原因及说明：大连民族大学现需采购移动图书馆数据库，该数据库由北京世纪超星信息技术发展有限责任公司独家提供，无可替代产品。移动图书馆数据库是高校图书馆文献资源建设的重要组成部分，是根据学校学科专业建设需要订购，支撑教学与科研的重要保障。超星移动图书馆平台提供一个适合移动阅读的数字资源包，包括3万册 Epub 电子书，报纸有500种，都是全国各地区主流报纸，并且每天实时更新，1万集适合全校师生手机浏览的视频（讲座、课程），15000集音频（听书）等资源。据了解，这是国内唯一提供移动阅读资源的移动图书馆系统，采用超星的移动图书馆平台就可无缝接入全国图书馆云服务体系，可共享全国1800多家图书馆的资源联合检索与文献传递服务，并实现图书馆与用户即时通讯。24小时内，文献传递请求的满足率：中文期刊文献传递率95%，外文期刊传递率90%。超星的云图书馆服务为全校读者提供了强大的资源保障能力，此为移动图书馆最突出的优势。目前，其它移动图书馆平台均无法达到这些要求。超星移动图书馆打造以手持移动终端设备为载体，具备我校图书馆门户网站上所有功能，并整合多种应用环境的服务体系平台。在元数据整合一站式搜索技术、全文资源保障模式、云图书馆共享能力以及移动阅读资源等方面在国内拥有独特的功能优势和技术独创性，其数据库内容符合我校教学科研、学科建设、人才培养的需求。该数据库由北京世纪超星信息技术发展有限责任公司自主研发，拥有自主知识产权，是唯一供货商。根据《中华人民共和国政府采购法实施条例》第二十七条“政府采购法第三十一条第一项规定的情形，因货物或服务使用不可替代的专利、专有技术，或者公共服务项目具有特殊要求，导致只能从某一特定供应商处采购”的规定。综上所述，论证专家一致建议本项目采用单一来源方式采购。论证人员：李强、中国联合网络通信有限公司大连分公司、高级工程师杨峰权、大连市自来水集团、高级工程师富志伟、辽宁师范大学信息化办公室、高级工程师二、拟定供应商信息名称：北京世纪超星信息技术发展有限责任公司地址：北京市海淀区上地三街9号金隅嘉华大厦C座710室三、公示期限2026年09月07日至2026年09月14日 二、开标时间： 三、其它补充事宜本项目专门面向中小企业采购。潜在供应商对公示内容有异议的，请于公示期内以实名书面（包括联系人、地址、联系电话）形式将意见反馈至博智兴华工程顾问有限公司。 四、预算金额：预算金额：12.500000 万元（人民币）,教育培训,,中国政府采购网,,12.5,table,,,,,,,,,,,
重庆市南川区消防救援支队2026年灭火类消防装备采购需求参数调查公告其他,其他公告,,2026年09月07日 16:00,南川区,南川区消防救援支队,重庆市南川区南城街道金山大道9号,谭老师13996350621,详见公告正文,详见公告正文,详见公告正文,谭老师,13996350621,采购装备参数征求意见清单.rar,"[{""attach_name"": ""采购装备参数征求意见清单.rar"", ""attach_url"": ""https://download.ccgp.gov.cn/oss/download?uuid=B8509589A6653487CC828A053F1905""}]",https://www.ccgp.gov.cn/cggg/zygg/qtgg/202609/t20260907_27279589.htm,2026-09-10 10:09:42,根据《中华人民共和国政府采购法》等有关规定，现对重庆市南川区消防救援支队2026年灭火类消防装备采购需求参数调查公告进行其他招标，欢迎合格的供应商前来投标。 项目名称：重庆市南川区消防救援支队2026年灭火类消防装备采购需求参数调查公告项目编号：项目联系方式：项目联系人：谭老师项目联系电话：13996350621 采购单位联系方式：采购单位：南川区消防救援支队采购单位地址：重庆市南川区南城街道金山大道9号采购单位联系方式：谭老师13996350621  一、采购项目内容重庆市南川区消防救援支队2026年灭火类消防装备采购需求参数调查公告尊敬的各位供应商：您好！根据《中华人民共和国政府采购法》等有关规定，现对支队2026年灭火类消防装备采购项目进行需求公示。采购需求公示，非招标公告。特此邀请各位供应商根据我单位提出的装备名称，结合重庆地区实际情况，选择符合国家综合性消防救援队伍使用要求的产品，填写装备的规格性能、技术参数后反馈给我单位，反馈函模板详见附件。所填写资料将为采购人提供决策参考，切勿填写虚假信息，内容填写后请加盖公章，并于2026年9月15日前将盖章扫描件和电子档一并发送到455968345@qq.com。一、拟采购内容拟采购装备见附件。二、反馈意见关于重庆市南川区消防救援支队2026年灭火类消防装备采购项目技术参数附件填报反馈；针对规格性能提出如下修改建议： 序号 规格性能（请详细标明该指标及该指标在技术参数中的页码、行数） 修改理由及修改建议 （请明确说明） 按照此条建议修改后市场上能够满足该指标的供应商是否有3家（请明确回答“是”或“否”。如满足3家请写明供应商名称及产品型号） 1       2       3       …        供应商：                      （加盖公章）地  址：                                  联系人：          职  务：          电  话：          手  机：          邮箱：              日  期：          年    月    日注：如有涉及商业、技术秘密等内容，予以标注。请供应商将本反馈意见扫描件、电子档及附件电子档发送至公告电子邮箱。 二、开标时间： 三、其它补充事宜 四、预算金额：预算金额：0.000000 万元（人民币）,公共安全,,中国政府采购网,,0.0,table,,,,,,,,,,,
国家食品安全风险评估中心15周年宣传片制作比选公告,其他公告,CFTC-BJ01-2608082,2026年09月07日 15:59,北京市,国家食品安全风险评估中心,北京市朝阳区广渠路37号院2号楼,王老师 010-52165527,国金招标有限公司,北京市朝阳区东三环南路甲52号顺迈金钻国际商务中心9层9C,边璐 张含勇 孔政 邵柄强 010-52138809、13521749581,边璐,010-52138809、13521749581,获取采购文件登记表.xlsx,"[{""attach_name"": ""获取采购文件登记表.xlsx"", ""attach_url"": ""https://download.ccgp.gov.cn/oss/download?uuid=35E62F41B4F9EB5575098B415EA4DD""}]",https://www.ccgp.gov.cn/cggg/zygg/qtgg/202609/t20260907_27278950.htm,2026-09-10 10:09:43,国金招标有限公司受国家食品安全风险评估中心 委托，根据《中华人民共和国政府采购法》等有关规定，现对国家食品安全风险评估中心15周年宣传片制作进行其他招标，欢迎合格的供应商前来投标。 项目名称：国家食品安全风险评估中心15周年宣传片制作项目编号：CFTC-BJ01-2608082项目联系方式：项目联系人：边璐 张含勇 孔政 邵柄强项目联系电话：010-52138809、13521749581 采购单位联系方式：采购单位：国家食品安全风险评估中心采购单位地址：北京市朝阳区广渠路37号院2号楼采购单位联系方式：王老师 010-52165527 代理机构联系方式：代理机构：国金招标有限公司代理机构联系人：边璐 张含勇 孔政 邵柄强 010-52138809、13521749581代理机构地址： 北京市朝阳区东三环南路甲52号顺迈金钻国际商务中心9层9C 一、采购项目内容 包号 预算金额 简要技术参数或要求描述 1 9.5万元 本项目主要采购内容为国家食品安全风险评估中心15周年宣传片制作服务，详见比选文件第四章。   二、开标时间：2026年09月15日 09:30 三、其它补充事宜一、合格供应商的资格要求：（一）1、具有独立承担民事责任的能力；2、具有良好的商业信誉和健全的财务会计制度；3、具有履行合同所必需的设备和专业技术能力；4、具有依法缴纳税收和社会保障资金的良好记录；5、参加采购活动前三年内，在经营活动中没有重大违法记录；6、法律、行政法规规定的其他条件；（二）供应商必须是在中华人民共和国境内注册，具有独立法人资格的单位或其他组织；（三）如国家对本项目相关专业有特别规定或资质要求，则必须符合相关规定或具有相关资质；（四）供应商近3年内未被信用中国网和中国政府采购网（www.creditchina.gov.cn、www.ccgp.gov.cn）列入重大税收违法失信主体、政府采购严重违法失信行为记录名单、严重失信主体名单；（五）单位负责人为同一人或者存在直接控股、管理关系的不同供应商，不得同时参加本项目同一分包的政府采购活动；（六）为本项目提供整体设计、规范编制或者项目管理、监理、检测等服务的供应商，不得参加本次政府采购活动；（七）本项目不接受联合体的比选响应。（八）落实政府采购政策需满足的资格要求：本项目专门面向中小企业采购。即：提供服务全部由符合政策要求的中小企业承接。（九）本项目特定资格要求：无二、报名及获取比选采购文件：（一）时间：2026年9月7日至2026年9月10日，工作日上午9:00至12:00，下午12:00至17:00（北京时间）。（二）获取比选采购文件地点：现场现金获取是北京市朝阳区东三环南路甲52号顺迈金钻国际商务中心9层9C或线上邮箱获取是guojinzhaobiao2020@163.com。（三）获取方式：现场现金获取或通过线上邮箱获取1.现场现金获取需携带现金及以下资料：《获取采购文件登记表》加盖供应商公章（可从本公告的附件中下载获取采购文件登记表）。2.通过线上邮箱获取须提供《获取采购文件登记表》excel版和加盖单位公章的pdf版以及比选文件标书费转账凭证。（操作步骤：①下载《获取采购文件登记表》填写补充完整后加盖单位公章并扫描为pdf版；②将比选文件标书费公对公转账{收款账户：国金招标有限公司；账号:170149276；开户行：中国民生银行北京劲松支行}；③将《获取采购文件登记表》excel版和加盖单位公章的pdf版以及比选文件标书费转账凭证发送至guojinzhaobiao2020@163.com）注：请各参选人务必在获取比选文件时间内一次性将所需材料带到现场或发送至采购代理机构邮箱。邮件标题注明“XX公司+XX项目报名材料”。我司在核对无误后发送采购文件电子版（电子版具有和纸质文件同等效力）。附件： 获取采购文件登记表 项目名称： 标书费金额（每包每本）： 项目编号： 包号（如涉及则需要填写，不涉及划斜线）： 序号 单位名称 统一社会信用代码 注册地址 联系人 手机号 邮箱 获取日期 1               备注1： 收款单位 ：国金招标有限公司 开户行：中国民生银行北京劲松支行 银行账号：170149276 备注2： （1）表头标红内容必须对照采购公告填写。 （2）将《获取采购文件登记表》excel版和加盖单位公章的pdf版以及比选文件标书费转账凭证发送至guojinzhaobiao2020@163.com。 （3）比选文件标书费发票（普票）和采购文件电子版将发送至上面填写的电子邮箱里，请注意查收。     （四）标书售价：200元/套，售后不退。 三、比选响应：（一）接收比选响应文件截止时间：2026年9月15日，09:30（北京时间）；（二）开启时间：2026年9月15日，09:30（北京时间）；（三）接收比选响应文件地点：北京市朝阳区广渠路37号院2号楼（国家食品安全风险评估中心）一层会议室；（四）比选响应文件请于比选响应截止时间之前由被授权人送达，以电话、传真、电子邮件形式递交的比选响应文件将不予接收。逾期收到或不符合规定的比选响应文件恕不接收。四、其他补充事宜本比选采购公告在中国政府采购网上进行发布。 四、预算金额：预算金额：9.500000 万元（人民币）,服务外包,,中国政府采购网,,9.5,table,,,,,,,,,,,
中国信息通信研究院信息通信技术产业创新基地建设项目（1#科研实验楼等30项）建设工程一切险（含建筑工程一切险、安装工程一切险、第三者责任险）（二次）废标公告,流标公告,KJY20261401,2026年09月07日 15:57,北京市,中国信息通信研究院,北京市海淀区花园北路52号,张晓春 010-62301511,北京科技园拍卖招标有限公司,北京市海淀区万柳光大西园6号楼0188,蒋瑜、王丽波、宋健兵 010-82575731转805、225,蒋瑜、王丽波、宋健兵,010-82575731转805、225,,,https://www.ccgp.gov.cn/cggg/zygg/qtgg/202609/t20260907_27278925.htm,2026-09-10 10:09:44,一、项目基本情况 采购项目编号：KJY20261401 采购项目名称：中国信息通信研究院信息通信技术产业创新基地建设项目（1#科研实验楼等30项）建设工程一切险（含建筑工程一切险、安装工程一切险、第三者责任险）（二次） 二、项目废标/流标的原因 经评审，实质性响应竞争性磋商文件的有效投标人不足3家，本项目废标。 三、其他补充事宜 无 四、凡对本次公告内容提出询问，请按以下方式联系。 1.采购人信息 名 称：中国信息通信研究院 地址：北京市海淀区花园北路52号 联系方式：张晓春 010-62301511 2.采购代理机构信息 名 称：北京科技园拍卖招标有限公司 地 址：北京市海淀区万柳光大西园6号楼0188 联系方式：蒋瑜、王丽波、宋健兵 010-82575731转805、225 3.项目联系方式 项目联系人：蒋瑜、王丽波、宋健兵 电 话： 010-82575731转805、225,工程建设,,中国政府采购网,,,default,二、项目废标/流标的原因,,,,,,,,,,
嘉祥县消防救援大队工会委员会2026年中秋、2027年春节职工慰问物资采购项目废标公告,流标公告,2026-ZY-030,2026年09月07日 15:55,嘉祥县,嘉祥县消防救援大队,嘉祥县嘉祥街拥军路9号,吴文广17861360520,山东子一项目管理有限公司,济宁市嘉祥县建设路阳光新城,于经理13287299553；18863784111；13127116561,吴文广,17861360520,,,https://www.ccgp.gov.cn/cggg/zygg/qtgg/202609/t20260907_27278883.htm,2026-09-10 10:09:44,一、项目基本情况 采购项目编号：2026-ZY-030 采购项目名称：嘉祥县消防救援大队工会委员会2026年中秋、2027年春节职工慰问物资采购项目 二、项目废标/流标的原因 响应竞争性磋商文件供应商有效投标数量不足三家，故作废标处理。 三、其他补充事宜 无 四、凡对本次公告内容提出询问，请按以下方式联系。 1.采购人信息 名 称：嘉祥县消防救援大队 地址：嘉祥县嘉祥街拥军路9号 联系方式：吴文广17861360520 2.采购代理机构信息 名 称：山东子一项目管理有限公司 地 址：济宁市嘉祥县建设路阳光新城 联系方式：于经理13287299553；18863784111；13127116561 3.项目联系方式 项目联系人：吴文广 电 话： 17861360520,公共安全,,中国政府采购网,,,default,二、项目废标/流标的原因,,,,,,,,,,
成都市成华区消防救援局绿植绿化服务采购项目（二次）比选公告,其他公告,2026-JCZX-F0401,2026年09月07日 15:49,市辖区,成都市成华区消防救援大队,四川省成都市成华区建功路119号,易老师028-84383119,锦城国际工程咨询有限公司,成都市高新区剑南大道中段1537号佳年华时代晶座2栋5楼517号,汪老师18181990802,易老师,028-84383119,,,https://www.ccgp.gov.cn/cggg/zygg/qtgg/202609/t20260907_27278775.htm,2026-09-10 10:09:45,"锦城国际工程咨询有限公司受成都市成华区消防救援大队 委托，根据《中华人民共和国政府采购法》等有关规定，现对成都市成华区消防救援局绿植绿化服务采购项目（二次）进行其他招标，欢迎合格的供应商前来投标。 项目名称：成都市成华区消防救援局绿植绿化服务采购项目（二次）项目编号：2026-JCZX-F0401项目联系方式：项目联系人：易老师项目联系电话：028-84383119 采购单位联系方式：采购单位：成都市成华区消防救援大队采购单位地址：四川省成都市成华区建功路119号采购单位联系方式：易老师028-84383119 代理机构联系方式：代理机构：锦城国际工程咨询有限公司代理机构联系人：汪老师18181990802代理机构地址： 成都市高新区剑南大道中段1537号佳年华时代晶座2栋5楼517号 一、采购项目内容详见采购文件 二、开标时间：2026年09月11日 10:00 三、其它补充事宜一、比选申请人资格条件（一）具有独立承担民事责任的能力；（二）具有良好的商业信誉和健全的财务会计制度；（三）具有履行合同所必需的设备和专业技术能力；（四）具有依法缴纳税收和社会保障资金的良好记录；（五）参加本次采购活动前三年内，在经营活动中没有重大违法记录；（六）法律、行政法规规定的其他条件；（七）本次比选不接受联合体申请。（八）落实政府采购政策需满足的资格要求：本项目属于专门面向中小企业（含中型、小型、微型企业）采购。（九）本项目的特定资格要求：无。二、比选文件的获取比选文件自2026年09月08日至2026年09月10日上午09:00-12：00，下午14:00-17:00在锦城国际工程咨询有限公司官网（http://www.jcity.net/）获取。比选申请人进入官网“报名系统”，选取报名项目并点击“我要报名”，按照系统提示填写相关信息，将单位介绍信、身份证复印件、转账凭证等加盖公章的证明材料扫描并上传至官网报名系统（单位介绍信格式详见官网采购公告附件，关注“锦城官微”微信公众号获取付款二维码），代理机构收到上述报名资料后将进行审核，官网审核结果和采购文件将通过邮件进行通知。联系电话：18181990802，联系人：汪老师。注：若因比选申请人提供的错误信息，对其参与开标事宜造成影响的，由申请人自行承担所有责任。本项目比选文件有偿获取，比选文件售价：人民币300元/份（比选文件售后不退,询比资格不能转让）。 三、申请文件的递交（一）递交申请文件地点：锦城国际工程咨询有限公司开标大厅（成都市高新区剑南大道中段1537号佳年华时代晶座2栋5楼517号）；（二）递交申请文件开始时间：2026年09月11日北京时间09时30分；（三）递交申请文件截止时间：2026年09月11日北京时间10时00分（逾期送达的或者未送达指定地点的申请文件，比选人不予受理）；（四）比选开始时间：2026年09月11日北京时间10时00分；（五）比选地点：同递交申请文件地点。 四、预算金额：预算金额：19.000000 万元（人民币）",公共安全,,中国政府采购网,,19.0,table,,,,,,,,,,,
卢沟桥消防站红线外消防管线接入项目比选公告,其他公告,HHGZ-GC-2026-022,2026年09月07日 15:40,北京市,丰台区消防救援支队,北京市丰台区嘉园路119号,改远泽  010-87578119-6506,汉华国招（北京）工程咨询有限公司,北京市丰台区日月天地A-902,谷振彬、白燕、韩雪 010-58076608-831,谷振彬、白燕、韩雪,010-58076608-831,,,https://www.ccgp.gov.cn/cggg/zygg/qtgg/202609/t20260907_27278625.htm,2026-09-10 10:09:46,"汉华国招（北京）工程咨询有限公司受丰台区消防救援支队 委托，根据《中华人民共和国政府采购法》等有关规定，现对卢沟桥消防站红线外消防管线接入项目进行其他招标，欢迎合格的供应商前来投标。 项目名称：卢沟桥消防站红线外消防管线接入项目项目编号：HHGZ-GC-2026-022项目联系方式：项目联系人：谷振彬、白燕、韩雪项目联系电话：010-58076608-831 采购单位联系方式：采购单位：丰台区消防救援支队采购单位地址：北京市丰台区嘉园路119号采购单位联系方式：改远泽 010-87578119-6506 代理机构联系方式：代理机构：汉华国招（北京）工程咨询有限公司代理机构联系人：谷振彬、白燕、韩雪 010-58076608-831代理机构地址： 北京市丰台区日月天地A-902 一、采购项目内容预算金额：13.635257万采购需求：为卢沟桥消防站红线外消防管线接入项目。备注：名称、数量等如与比选文件中《服务需求》有误差以比选文件中《服务需求》为准。服务期限：自合同签订之日30日历日完成。 本项目不接受联合体投标。二、供应商的资格要求：1.满足《中华人民共和国政府采购法》第二十二条规定；2.落实政府采购政策需满足的资格要求：2.1 中小企业政策本项目专门面向中小企业采购。3.单位负责人为同一人或者存在直接控股、管理关系的不同供应商，不得同时参加本项目；4.为本项目提供整体设计、规范编制或者项目管理、监理、检测等服务的供应商，不得参加本项目；5.未被信用中国网站（www.creditchina.gov.cn）、中国政府采购网（www.ccgp.gov.cn）列入失信被执行人、重大税收违法案件当事人名单、政府采购严重违法失信行为记录名单。6.具有建设行政主管部门核发的市政公用工程施工总承包叁级（含）以上资质，具有合格的安全生产许可证；项目经理须具有市政公用工程专业贰级（含）以上注册建造师执业资格，具有有效的安全生产考核合格证书(简称B本),且不得担任其他在施建设工程项目的项目经理；外地来京建筑企业需办理进京备案；三、获取比选文件：3.1 获取时间：2026年9月8日至2026年9月14日，每日上午9:00时至12:00时，下午13:00时至16:00时（北京时间，下同）。3.2地点：中招联合招标采购平台（http://www.365trade.com.cn）3.3售价：￥0.00 元，售后不退。3.4获取方式：本项目为电子化招标采购项目。在线注册、并下载比选文件，在线制作响应文件。（1）新用户注册：未注册的供应商请先登录中招联合招标采购平台（网址：http://www.365trade.com.cn/）进行供应商免费注册；电子平台将协助对注册信息进行一致性复核。供应商注册时填写的“申报人姓名、申报人手机号码”，应是本项目的联系人，在需要通知有关项目信息时，招标公司将依据供应商注册时填写的上述联系方式与供应商取得联系。供应商参与不同项目的经办人可在平台注册多个不同账户。（2）报名及文件获取：1）注册完成后，进入系统，点击页面上方“我的工作台”下拉菜单中的 “寻找招标项目”进行项目搜索，找到意愿参与的项目后，点击“立即投标”。勾选标包并填写相应信息后，点击“立即购标”；2）供应商选择支付方式、选中相应的费用信息后，点击“提交支付”进行费用支付；3）支付完成后，点击页面上方“我的工作台”下拉菜单中的 “我参与的项目”进行招标文件下载。供应商请务必于标书发售截止时间前登录中招联合招标采购平台完成注册、文件购买及下载操作，否则将无法保证获取电子版竞争性磋商文件。（3）响应文件制作：1）CA证书申请：供应商应在招标文件购买完成后尽快与中招联合招标采购平台联系办理CA密钥的购买事宜，以免延误投标。1.1）点击页面上方“我的工作台”下拉菜单中的“我的CA”进行CA申请办理。已办理北京CA公司签章且数字证书在有效期内，能在“平台”使用的单位不需重复办理。CA证书售后不退，证书自发售之日起1年内有效。2）CA办理完成后，供应商应在递交截止时间前使用投标文件制作工具(中招联合官网免费下载)按格式制作投标文件并加盖电子签章进行加密，登录“中招联合招标采购平台”，将加密的响应文件上传，并保存上传成功后系统自动生成电子签收凭证，递交时间即为电子签收凭证时间。逾期未完成上传或未按规定加密的响应文件，采购人不予受理。（4）供应商进行注册、下载文件、CA证书办理(加密投标使用)、网上应答操作等相关业务的咨询，请直接拨打平台咨询电话(010-86397110)。四、提交响应文件截止时间、比选时间和地点：2026年09月18日09点30分（北京时间）地点：中招联合招标采购平台（网址http://www.365trade.com.cn） 二、开标时间：2026年09月18日 09:30 三、其它补充事宜1、本公告在中国政府采购网（https://www.ccgp.gov.cn）发布。2.本项目采购人名称已变更为北京市丰台区消防救援支队，因中国政府采购网采购人信息变更未完成，采购公告中采购单位仍以原单位名称丰台区消防救援支队对外公示，请投标人投标时以招标文件中招标人名称北京市丰台区消防救援支队为准。 四、预算金额：预算金额：13.635257 万元（人民币）",公共安全,,中国政府采购网,,13.635257,table,,,,,,,,,,,
东南大学集成电路学院钙钛矿工艺平台洁净综合环境系统采购废标公告,流标公告,0664-2640SUMECZF075,2026年09月07日 15:35,南京市,东南大学,南京市玄武区四牌楼2号,技术咨询：集成电路学院：陈老师  电话：13852298366； 实验室与设备管理处：大型装备平台科 电话：025-52091041；,苏美达国际技术贸易有限公司,南京市长江路198号苏美达大厦9F,周翠、高雅婧、杨扬025-84531056、84532452、84532455,周翠、高雅婧、杨扬,025-84531056、84532452、84532455,,,https://www.ccgp.gov.cn/cggg/zygg/qtgg/202609/t20260907_27278484.htm,2026-09-10 10:09:47,一、项目基本情况 采购项目编号：0664-2640SUMECZF075（SEU-ZB-260341） 采购项目名称：东南大学集成电路学院钙钛矿工艺平台洁净综合环境系统采购 二、项目废标/流标的原因 因递交投标文件的供应商数量不足3个，本项目废标。 三、其他补充事宜 无 四、凡对本次公告内容提出询问，请按以下方式联系。 1.采购人信息 名 称：东南大学 地址：南京市玄武区四牌楼2号 联系方式：技术咨询：集成电路学院：陈老师 电话：13852298366； 实验室与设备管理处：大型装备平台科 电话：025-52091041； 2.采购代理机构信息 名 称：苏美达国际技术贸易有限公司 地 址：南京市长江路198号苏美达大厦9F 联系方式：周翠、高雅婧、杨扬025-84531056、84532452、84532455 3.项目联系方式 项目联系人：周翠、高雅婧、杨扬 电 话： 025-84531056、84532452、84532455,教育培训,,中国政府采购网,,,default,二、项目废标/流标的原因,,,,,,,,,,
中央财经大学科研综合楼项目-造价咨询采购项目比选公告,其他公告,FW-2026069-ZHSW,2026年09月07日 15:33,北京市,中央财经大学,北京市海淀区学院南路39号,刘老师、梁老师、李老师，010-62288125,//,//,//,李振、孟庆宝、蔡华文、刘天、曹,15711026303,,,https://www.ccgp.gov.cn/cggg/zygg/qtgg/202609/t20260907_27278442.htm,2026-09-10 10:09:47,//受中央财经大学 委托，根据《中华人民共和国政府采购法》等有关规定，现对中央财经大学科研综合楼项目-造价咨询采购项目进行其他招标，欢迎合格的供应商前来投标。 项目名称：中央财经大学科研综合楼项目-造价咨询采购项目项目编号：FW-2026069-ZHSW项目联系方式：项目联系人：李振、孟庆宝、蔡华文、刘天、曹颖、刘畅、王毕申项目联系电话：15711026303 采购单位联系方式：采购单位：中央财经大学采购单位地址：北京市海淀区学院南路39号采购单位联系方式：刘老师、梁老师、李老师，010-62288125 代理机构联系方式：代理机构：//代理机构联系人：//代理机构地址： // 一、采购项目内容 序号 标的名称 最高限价 简要技术需求或服务要求 1 中央财经大学科研综合楼项目-造价咨询采购项目 68.18 万元 1.协助采购人审核本项目的初步设计及概算； 2.配合中央财经大学科研综合楼项目施工总承包招标，编制本工程各施工项目相关的工程量清单及清单预算； 3.对招标文件中暂估价材料、暂列金额，暂估项的设置提出建议，根据招标文件的界面划分要求进行工程量清单及清单预算的编制，对界面划分等影响工程量清单及清单预算编制的内容进行审核，出具审核意见； 4.配合学校根据科研综合楼配套专项的申报要求，出具本项目中通风空调、电梯、消防、智能化、市政配套、环境提升、地基处理、新能源等工程的分项清单并完成与批复部门的核对工作； 5.参加由委托人或者招标代理公司组织的中央财经大学科研综合楼项目施工总承包招标协调会议； 6.供应商应积极配合采购人和招标代理单位开展中央财经大学科研综合楼项目施工总承包招标工作，参加招标协调会议，结合成本控制要求对招标文件提供咨询意见，按照委托人采购计划要求及时提交工程量清单及清单预算文件并保证成果文件质量以保证招标工作的顺利进行； 7.正式施工蓝图出具后，咨询人应完成招标图与施工图的差异核对，并与施工单位核对、确认，据此完善项目签约合同价； 8.对于招标文件中的暂估项，待施工图深化完成后，编制相关的工程量清单及清单预算。  二、开标时间：2026年09月18日 09:30 三、其它补充事宜3.1项目基本情况项目编号：FW-2026069-ZHSW项目名称：中央财经大学科研综合楼项目-造价咨询采购项目采购方式：比选采购预算：68.18万元预算控制数：68.18万元采购需求：详见一、采购项目内容合同履行期限：自签订合同日期起，至本合同约定的委托工作全部完成后终结。本项目不接受联合体应答3.2申请人的资格要求3.2.1、满足《中华人民共和国政府采购法》第二十二条规定；3.2.2、落实政府采购政策需满足的资格要求：（1）非专门面向中小企业采购。（2）遵守国家有关法律、法规、规章；单位负责人为同一人或者存在直接控股、管理关系的不同供应商，不得同时参加本项目的投标。为本项目采购需求提供整体设计、规范编制或者项目管理、监理、检测等服务的供应商，不得再参加本项目的投标。通过“信用中国”网站（www.creditchina.gov.cn）和中国政府采购网（www.ccgp.gov.cn）查询信用记录（截止时点为投标截止时间），对列入失信被执行人、重大税收违法失信主体、政府采购严重违法失信行为记录名单的供应商，没有资格参加本次采购活动。供应商必须在“中化商务电子招投标平台”获取比选文件。3.2.3、本项目的特定资格要求：（1）供应商拟派项目负责人具有一级注册造价师证书，且注册在供应商单位；（2）供应商须为中央国家机关2024年工程造价咨询服务框架协议采购的入围供应商。3.3获取采购文件3.3.1、时间：2026年09月07日至2026年09月10日，每天上午08:30至12:00，下午12:00至17:00（北京时间，法定节假日除外）。3.3.2、地点：“中化商务电子招投标平台”（ebid.sinochemitc.com），本项目采购文件一律通过线上登记方式获取。3.3.3、方式：登录中化商务电子招投标平台(ebid.sinochemitc.com)，未在中化商务电子招投标平台注册的供应商须先进行注册，已注册供应商无需重复注册。登录后点击[公告信息]菜单，搜索到本项目后，点击[查看]-[参与项目]填写相应信息进入[我的投标项目]菜单在本项目下完成相应操作即可下载电子版招标文件。获取招标文件相关操作可在“中化商务电子招投标平台”（ebid.sinochemitc.com）主页点击帮助中心查找，或点击在线客服输入关键字“如何获取招标文件”进行询问。注：中化商务电子招投标平台提供24小时获取比选文件服务。平台技术支持电话：0574-22762073。3.3.4、人民币500元/本；比选文件售后不退。3.4响应文件提交响应文件递交时间：2026年09月18日08点30分至09点30分（北京时间）响应文件截止时间：2026年09月18日09点30分（北京时间）地点：北京市丰台区丽泽路24号平安幸福中心B座12层第1229会议室3.5开启时间：2026年09月18日09点30分（北京时间）地点：北京市丰台区丽泽路24号平安幸福中心B座12层第1229会议室3.6公告期限自本公告发布之日起3个工作日。3.7其他补充事宜3.7.1、本项目比选公告在中国政府采购网、中央财经大学网站、中央财经大学采购与招标管理中心网站上发布。3.7.2、供应商法定代表人或其本项目的授权代表须参加比选。3.7.3、本项目落实的政府采购政策：节能产品强制采购；节能产品、环境标志产品优先采购；扶持不发达地区和少数民族地区；政府采购促进中小企业发展；政府采购支持监狱企业、戒毒企业发展；政府采购促进残疾人就业；政府采购信用担保；政府采购异常低价审查；进口产品管理等。3.7.4、本项目采购代理机构项目编号（0747-2660SCCZNC44），该编号仅作为供应商在“中化商务电子招投标平台”（ebid.sinochemitc.com）获取比选文件时使用。3.8凡对本次采购提出询问，请按以下方式联系。3.8.1.采购人信息名    称：中央财经大学地    址：北京市海淀区学院南路39号联系方式：刘老师、梁老师、李老师，010-622881253.8.2.项目联系方式项目联系人：李振、孟庆宝、蔡华文、刘天、曹颖、刘畅、王毕申电 话：15711026303 四、预算金额：预算金额：68.180000 万元（人民币）,教育培训,2026-09-18 09:30,中国政府采购网,比选,68.18,table,,,,,,,,,,,
新乡县消防救援大队中央大道消防救援站装修项目（二标段：办公电器、家具用具采购）,其他公告,,2026年09月07日 15:33,新乡县,新乡县消防救援大队,新乡县小冀镇青龙路东段,姬忠伦15836007900,河南连昇建筑工程管理有限公司,河南省新乡市牧野区新中大道560号,孙艳13937348796,姬忠伦,15836007900,,,https://www.ccgp.gov.cn/cggg/zygg/qtgg/202609/t20260907_27278430.htm,2026-09-10 10:09:48,一、项目基本情况 采购项目编号： 采购项目名称：新乡县消防救援大队中央大道消防救援站装修项目 二、项目废标/流标的原因 经评审，有效供应商不足三家，本项目流标。 三、其他补充事宜 四、凡对本次公告内容提出询问，请按以下方式联系。 1.采购人信息 名 称：新乡县消防救援大队 地址：新乡县小冀镇青龙路东段 联系方式：姬忠伦15836007900 2.采购代理机构信息 名 称：河南连昇建筑工程管理有限公司 地 址：河南省新乡市牧野区新中大道560号 联系方式：孙艳13937348796 3.项目联系方式 项目联系人：姬忠伦 电 话： 15836007900,公共安全,,中国政府采购网,,,default,二、项目废标/流标的原因,,,,,,,,,,
福建省漳州市消防救援支队小型船舶（冲锋舟）操作人员培训服务项目（第二次）比选公告,其他公告,FJZRH,2026年09月07日 15:32,市辖区,漳州市消防救援支队,福建省漳州市龙文区水仙大街119号,李先生，13276060338,福建中融合项目管理有限公司,漳州市芗城区厦门路21号江畔御景四单元1707室,小李，0596-2938387,小李,0596-2938387,,,https://www.ccgp.gov.cn/cggg/zygg/qtgg/202609/t20260907_27279016.htm,2026-09-10 10:09:49,"福建中融合项目管理有限公司受漳州市消防救援支队 委托，根据《中华人民共和国政府采购法》等有关规定，现对漳州市消防救援支队小型船舶（冲锋舟）操作人员培训服务项目（第二次）进行其他招标，欢迎合格的供应商前来投标。 项目名称：漳州市消防救援支队小型船舶（冲锋舟）操作人员培训服务项目（第二次）项目编号：FJZRH（2026）BX06002-01项目联系方式：项目联系人：小李项目联系电话：0596-2938387 采购单位联系方式：采购单位：漳州市消防救援支队采购单位地址：福建省漳州市龙文区水仙大街119号采购单位联系方式：李先生，13276060338 代理机构联系方式：代理机构：福建中融合项目管理有限公司代理机构联系人：小李，0596-2938387代理机构地址： 漳州市芗城区厦门路21号江畔御景四单元1707室 一、采购项目内容1、比选人：漳州市消防救援支队2、项目名称：漳州市消防救援支队小型船舶（冲锋舟）操作人员培训服务项目（第二次）3、项目编号：FJZRH（2026）BX06002-01 4、比选内容：漳州市消防救援支队小型船舶（冲锋舟）操作人员培训服务项目（第二次）的采购，具体需求详见第三章比选内容及要求。5、预算金额：人民币160000元（预算单价4000元/人）。6、交付条件：根据比选文件，验收合格。7、交付地点：比选人指定的地点。8、交付时间：10日（具体以培训课程和《福建省内河小型船舶船员考试发证管理办法》为准）。9、采购项目需要落实的政府采购政策：本采购包为专门面向中小企业采购，供应商须提供中小企业声明函。监狱企业、残疾人福利性单位视同小型、微型企业。本项目属于服务类，对应的中小企业划分标准所属行业为“其他未列明行业”。二、参选人资格要求：1、法定资格条件：符合《中华人民共和国政府采购法》第二十二条第一款规定的条件：（1）参选人须具有独立承担民事责任的能力，须提供有效的营业执照复印件。（2）参选人须提供财务状况报告或资信证明相关证明材料复印件，应符合下列规定：①成立年限满1年及以上的参选人，提供经审计的2025年的年度财务报告。②成立年限满半年但不足1年的参选人，提供该半年度中任一季度的季度财务报告或该半年度的半年度财务报告。③无法按第①、②条规定提供财务报告复印件的参选人，应选择提供资信证明，所提供的资信证明须为参选文件提交截止时间前六个月内任意一个月基本开户银行出具的且在有效期内，个别银行出具的资信证明中，有注明“涂改复印无效或无法律效力”的，参选文件正本中应提供原件。注：成立年限按照提交参选文件截止时间推算。（3）参选人须提供依法缴纳税收证明材料材料复印件，应符合下列规定：①参选文件提交截止时间前（不含参选文件提交截止时间的当月）已依法缴纳税收的参选人，提供缴交费款所属期为参选文件提交截止时间前六个月（不含参选文件提交截止时间的当月）中任一月份的税收缴纳凭据复印件。 ②参选文件提交截止时间的当月成立的参选人,视同满足本项资格条件要求。 ③若为依法免税范围的参选人，提供依法免税证明材料的，视同满足本项资格条件要求。（4）参选人须提供依法缴纳社会保障资金证明材料材料复印件，应符合下列规定：①参选文件提交截止时间前（不含参选文件提交截止时间的当月）已依法缴纳社会保障资金的参选人，提供缴交费款所属期为参选文件提交截止时间前六个月（不含参选文件提交截止时间的当月）中任一月份的社会保障资金缴纳凭据复印件。 ②参选文件提交截止时间的当月成立的参选人，视同满足本项资格条件要求。 ③若为依法不需要缴纳或暂缓缴纳社会保障资金的参选人，提供依法不需要缴纳或暂缓缴纳社会保障资金证明材料的，视同满足本项资格条件要求。注：根据《中华人民共和国社会保险法》规定，职工应当参加基本养老保险、基本医疗保险、工伤保险、失业保险、生育保险，由用人单位单独或用人单位和员工共同按照国家规定予以缴纳。按照《国务院办公厅关于全面推进生育保险和职工基本医疗保险合并实施的意见》（国办发〔2019〕10号）文件精神，职工基本医疗保险和生育保险已合并实施，所以参选人提供的依法缴纳社会保险的凭证至少须包含缴纳基本养老保险、失业保险、工伤保险、基本医疗保险的凭证，同时还须提供职工基本医疗保险和生育保险已合并实施的相关证明材料，否则视为其资格审查不合格。（5）信用记录查询结果：①信用记录查询的截止时点：本项目提交参选文件截止当日。②信用记录查询渠道：信用中国（www.creditchina.gov.cn）、中国政府采购网（www.ccgp.gov.cn）。③信用记录的查询：由评审委员会通过上述网站查询并打印参选人的信用记录。④经查询，参选人参加本项目比选活动(比选截止时间)前三年内被列入失信被执行人名单、重大税收违法失信主体名单、政府采购严重违法失信行为记录名单及其他重大违法记录且相关信用惩戒期限未满的，其资格审查不合格；因上述网站原因导致评审委员会无法查询供应商信用记录的（评审委员会应将通过上述网站查询供应商信用记录时的原始页面打印后随比选文件一并存档），视为查询结果未存在参选人应被拒绝参与政府采购活动相关的信息。（6）参选人须提供具备履行合同所必需设备和专业技术能力的声明函。（7）参选人须提供参加采购活动前三年内在经营活动中没有重大违法记录的声明。（8）法律、法规、相关规章规定的其它条件。2、特定资格条件：参选人须提供合格有效的交通运输部海事部门核发且在有效期内的《中华人民共和国船员培训许可证》，许可证载明获准开展的内河船舶船员培训项目至少须包含内河船舶船员基本安全培训、驾驶岗位(二、三类)，许可证无法载明的，须提供在中华人民共和国海事局备案登记的相关截图证明。以上1、2所有条件必须同时满足，若有一项审核未通过视为没有实质性响应比选文件要求，资格审查不通过。3、本项目不接受联合体参选，且不允许分包。 三、比选方式：本次比选采用综合评分法的方式确定中选单位，即参选文件满足比选文件全部实质性要求，且按照评审因素的量化指标评审得分（即评审总得分）最高的参选人为第一中选候选人。四、比选最高限价总价最高限价：人民币壹拾陆万元整（小写：¥160000元），单价最高限价：人民币肆仟元整每人（小写：¥4000元/人）。五、比选保证金：1、比选保证金金额：人民币叁仟元整（¥3000元）。2、比选保证金提交方式：①以支票、本票等非现金形式。②以金融机构或担保机构出具的保函（以下统称“保函”）等非现金形式。注：具体要求详见《比选须知前附表》。七、比选代理服务费     比选代理服务费：①本项目比选代理服务费参照发改办价格〔2003〕857号文和计价格〔2002〕1980号文规定标准的80%计取，即按中选金额×1.5%×80%计取（不足3000元按3000元计），由中选人支付。中选人在领取中选通知书前，以转账或其他方式一次性向比选代理机构缴清，参选人应将比选代理服务费考虑在报价中。②专家评审费根据实际支出计取，由比选人支付。八、比选文件的获取获取比选文件时间：2026年09月08日至2026年09月10日上午08:00至12:00，下午14:00至18:00。获取比选文件地点：福建中融合项目管理有限公司（漳州市芗城区厦门路21号江畔御景四单元1707室）。售价:¥200.00元，本公告包含的比选文件售价总和九、参选文件的提交截止时间、地点参选文件的提交截止（比选截止）时间为：2026年09月14日09时00分；参选文件的提交地点：漳州市芗城区厦门路21号江畔御景四单元1707室；注：逾期送达的或未送达指定地点的参选文件，比选人不予受理。十、比选时间、地点比选时间：2026年09月14日09时00分；比选地点：漳州市芗城区厦门路21号江畔御景四单元1707室。 二、开标时间：2026年09月14日 09:00 三、其它补充事宜无 四、预算金额：预算金额：16.000000 万元（人民币）",教育培训,,中国政府采购网,,16.0,table,,,,,,,,,,,
SPD-10青海省某单位信息系统等级保护测评服务采购项目其他,其他公告,SPD-10-LX-2026-018,2026年09月07日 15:29,城东区,SPD-10,青海省西宁市城东区,邹女士 0971-8819576,详见公告正文,详见公告正文,详见公告正文,赵先生,0971-8819576,"采购文件.doc,零星采购响应文件.doc","[{""attach_name"": ""采购文件.doc"", ""attach_url"": ""https://download.ccgp.gov.cn/oss/download?uuid=374C84107DAB33039AF1CBB4A90B6B""}, {""attach_name"": ""零星采购响应文件.doc"", ""attach_url"": ""https://download.ccgp.gov.cn/oss/download?uuid=55F0DA9C37A3044178C8CEDC6A7E41""}]",https://www.ccgp.gov.cn/cggg/zygg/qtgg/202609/t20260907_27278350.htm,2026-09-10 10:09:49,根据《中华人民共和国政府采购法》等有关规定，现对青海省某单位信息系统等级保护测评服务采购项目进行其他招标，欢迎合格的供应商前来投标。 项目名称：青海省某单位信息系统等级保护测评服务采购项目项目编号：SPD-10-LX-2026-018项目联系方式：项目联系人：赵先生项目联系电话：0971-8819576 采购单位联系方式：采购单位：SPD-10采购单位地址：青海省西宁市城东区采购单位联系方式：邹女士 0971-8819576  一、采购项目内容详见采购文件 二、开标时间：2026年09月11日 10:00 三、其它补充事宜 四、预算金额：预算金额：4.950000 万元（人民币）,信息技术,,中国政府采购网,,4.95,table,,,,,,,,,,,
2026年海洋站点水准测量技术服务采购项目询比采购公告,其他公告,YXGL26GZ18209,2026年09月07日 15:25,广东省,自然资源部南海预报减灾中心,广州市海珠区新港中路353号,吴小姐 020-84208042,广东粤信项目管理有限公司,广州市天河区天寿路31号1301室（部位：内自编05房（仅限办公））,王工 020-37209484-823,王工,020-37209484-823,获取文件登记表.docx,"[{""attach_name"": ""获取文件登记表.docx"", ""attach_url"": ""https://download.ccgp.gov.cn/oss/download?uuid=32D6A4729EA89C8952EC2D879A436A""}]",https://www.ccgp.gov.cn/cggg/zygg/qtgg/202609/t20260907_27278302.htm,2026-09-10 10:09:50,广东粤信项目管理有限公司受自然资源部南海预报减灾中心 委托，根据《中华人民共和国政府采购法》等有关规定，现对2026年海洋站点水准测量技术服务采购项目进行其他招标，欢迎合格的供应商前来投标。 项目名称：2026年海洋站点水准测量技术服务采购项目项目编号：YXGL26GZ18209项目联系方式：项目联系人：王工项目联系电话：020-37209484-823 采购单位联系方式：采购单位：自然资源部南海预报减灾中心采购单位地址：广州市海珠区新港中路353号采购单位联系方式：吴小姐 020-84208042 代理机构联系方式：代理机构：广东粤信项目管理有限公司代理机构联系人：王工 020-37209484-823代理机构地址： 广州市天河区天寿路31号1301室（部位：内自编05房（仅限办公）） 一、采购项目内容2026年海洋站点水准测量技术服务采购项目已具备采购条件，现邀请供应商参加询比采购活动。 1、采购项目简介1.1 采购项目名称：2026年海洋站点水准测量技术服务采购项目1.2 采购人：自然资源部南海预报减灾中心1.3 采购代理机构：广东粤信项目管理有限公司1.4 采购项目资金落实情况：已落实1.5 采购项目概况：2026年海洋站点水准测量技术服务，具体详见采购需求。1.6 成交供应商数量：■一家1.7 所属行业：其他未列明行业1.8 采购标的：2026年海洋站点水准测量技术服务采购项目 2、采购范围及相关要求2.1 采购范围：2026年海洋站点水准测量技术服务采购项目2.2 服务期限：合同签订后3个月内完成。2.3 服务形式：根据采购方要求，对广州海洋站、东莞海洋站、中山海洋站、新会航道局码头观测点、双水电厂观测点、新洲围水闸观测点、恩平海事局码头观测点和北陡观测点共8个海洋站点的校核水准点以及海洋站周边设施包括码头面、井外水尺顶点、井内水尺读数指针（如有）等按国家三、四等水准测量要求进行测量，与国家水准高程系统进行连测、复核，将海洋站点水准点等的高程统一到1985国家高程基准。测量使用的工具需按照国家有关要求进行检定/校准且在检定有效期内。 3、供应商资格要求3.1 供应商应依法设立且满足如下要求 ：（1）具备《中华人民共和国政府采购法》第二十二条规定的条件：①具有独立承担民事责任的能力：提供在中华人民共和国境内注册的法人或其他组织的营业执照或事业单位法人证书或社会团体法人登记证书复印件，如供应商为自然人的提供自然人身份证明复印件；如国家另有规定的，则从其规定。（分公司投标，须取得具有法人资格的总公司（总所）出具给分公司的授权书，并提供总公司（总所）和分公司的营业执照（执业许可证）复印件）；②具有良好的商业信誉和健全的财务会计制度：提供《响应供应商资格声明函》（具体格式可参照《响应文件格式》）；③具有履行合同所必需的设备和专业技术能力：提供《响应供应商资格声明函》（具体格式可参照《响应文件格式》）；④有依法缴纳税收和社会保障资金的良好记录：提供《响应供应商资格声明函》（具体格式可参照《响应文件格式》）；⑤参加政府采购活动前三年内，在经营活动中没有重大违法记录：提供《响应供应商资格声明函》（具体格式可参照《响应文件格式》）；重大违法记录，是指供应商因违法经营受到刑事处罚或者责令停产停业、吊销许可证或者执照、较大数额罚款等行政处罚。（根据财库〔2022〕3号文，“较大数额罚款”认定为200万元以上的罚款，法律、行政法规以及国务院有关部门明确规定相关领域“较大数额罚款”标准高于200万元的，从其规定）；⑥法律、行政法规规定的其他条件：提供《响应供应商资格声明函》（具体格式可参照《响应文件格式》）。 资质要求：具备自然资源（测绘地理信息）主管部门颁发的测绘资质证书（须在有效期内），须包含大地测量专业乙级或以上测绘资质。 财务要求：无 业绩要求：无。 承担本项目的主要人员要求：无 其他要求：a.供应商未被列入“信用中国”网站（www.creditchina.gov.cn）“失信被执行人或重大税收违法失信主体”记录名单；不处于中国政府采购网（www.ccgp.gov.cn）“政府采购严重违法失信行为信息记录”中的禁止参加政府采购活动期间。（以采购代理机构于报价（响应）截止时间当天在“信用中国”网站（www.creditchina.gov.cn） 及中国政府采购网（https://www.ccgp.gov.cn/） 查询结果为准，如相关失信记录已失效，供应商需提供相关证明资料。如在上述网站查询结果均显示没有相关记录，视为不存在上述不良信用记录。采购代理机构同时对信用信息查询记录和证据截图或下载存档；供应商为分支机构的，同时对该分支机构所属总公司（总所）进行信用记录查询，该分支机构所属总公司（总所）存在不良信用记录的，视同供应商存在不良信用记录）。b.不同响应供应商之间有下列情形之一，不接受作为参加同一采购项目包组竞争的响应供应商：①为采购项目提供整体设计、规范编制或者项目管理、监理、检测等服务的供应商；②单位负责人为同一人或者存在直接控股、管理关系的不同供应商。提供《响应供应商资格声明函》（具体格式可参照《响应文件格式》）。c.提供在自然资源部网上政务服务平台（测绘地理信息）上资质单位信用信息情况网页的截图（供应商不得存在失信记录）。3.2 供应商不得存在下列情形之一：①处于被责令停产停业、暂扣或者吊销执照、暂扣或者吊销许可证、吊销资质证书状态；②进入清算程序，或被宣告破产，或其他丧失履约能力的情形；③其他：无3.3 本次采购不接受联合体。3.4 已获取本项目采购文件。4、获取采购文件时间：2026年 9 月 7 日至2026年 9 月 14 日，每天上午9:00至12:00，下午14:30至 17:30（北京时间，法定节假日除外）地点：广州市天河区天寿路31号江河大厦13楼1305室方式：现场报名及网上报名方式（具体要求详见“其他补充事宜”）售价：¥300.00元，本公告包含的采购文件等资料5、响应文件提交截止时间：2026年 9 月 16 日09:30:00（北京时间）地点：广州市天河区天寿路31号江河大厦13楼1301室会议室。6、开启时间：2026年 9 月 16 日09:30:00（北京时间）地点：广州市天河区天寿路31号江河大厦13楼1301室会议室。7、公告期限自本公告发布之日起 3 个工作日。8、其他补充事宜1、获取采购文件的方式：（1）现场获取：响应供应商应携带填写好的《获取文件登记表》（详见附件）加盖响应供应商公章后，至广东粤信项目管理有限公司（详细地址：广州市天河区天寿路31号江河大厦13楼1305室）。资料审核通过并缴纳标书款后即为成功获取采购文件。（2）网上获取：响应供应商应填写并打印《获取文件登记表》（详见附件）后，加盖响应供应商公章扫描发至采购代理机构邮箱（gdyxxg@163.com），由工作人员审核（咨询电话020-37209484）。资料审核通过并缴纳标书款后即为成功获取采购文件。（3）响应供应商必须于本采购项目规定的“获取采购文件时间”内缴纳标书款【如采用转账方式的，采购文件获取汇款账号信息：（收款单位名称：广东粤信项目管理有限公司；开户银行：中国建设银行广州天寿路支行；账号：4405 0158 1108 0000 0704；备注：YXGL26GZ18209标书款），须使用对公账号汇款】。备注：已办理报名并成功获取采购文件的供应商参加报价的，不代表通过资格性、符合性审查。（4）采购文件如需邮寄（到付），招标代理机构对邮寄过程中的遗失概不负责。（5）响应文件递交时间为2026年 9 月 16 日09：00：00至09：30：00。 二、开标时间：2026年09月16日 09:30 三、其它补充事宜/ 四、预算金额：预算金额：24.000000 万元（人民币）,其他,2026-09-16 09:30,中国政府采购网,,24.0,table,,,,,,,,,,,
青岛市城阳区消防救援大队2026年阶段性食堂原材料配送采购项目技术参数征求意见公告,其他公告,/,2026年09月07日 15:23,市辖区,青岛市城阳区消防救援大队,青岛市城阳区春城路621号,杨队长 0532-81851355,山东百荣招标咨询有限公司,济南市高新区颖秀路2766号迪亚创业基地北楼3楼318室,晁经理 18615660028,杨队长,0532-81851355,"附件1 - 青岛市城阳区消防救援大队2026年阶段性食堂原材料配送采购项目-技术参数.pdf,附件2 - 青岛市城阳区消防救援大队2026年阶段性食堂原材料配送采购项目-技术参数修改意见书-参考格式.docx","[{""attach_name"": ""附件1 - 青岛市城阳区消防救援大队2026年阶段性食堂原材料配送采购项目-技术参数.pdf"", ""attach_url"": ""https://download.ccgp.gov.cn/oss/download?uuid=620397508914C4124B838B45D16015""}, {""attach_name"": ""附件2 - 青岛市城阳区消防救援大队2026年阶段性食堂原材料配送采购项目-技术参数修改意见书-参考格式.docx"", ""attach_url"": ""https://download.ccgp.gov.cn/oss/download?uuid=B858F56DA583C7D04C42B8210C2AF4""}]",https://www.ccgp.gov.cn/cggg/zygg/qtgg/202609/t20260907_27278285.htm,2026-09-10 10:09:51,"山东百荣招标咨询有限公司受青岛市城阳区消防救援大队 委托，根据《中华人民共和国政府采购法》等有关规定，现对青岛市城阳区消防救援大队2026年阶段性食堂原材料配送采购项目进行其他招标，欢迎合格的供应商前来投标。 项目名称：青岛市城阳区消防救援大队2026年阶段性食堂原材料配送采购项目项目编号：/项目联系方式：项目联系人：杨队长项目联系电话：0532-81851355 采购单位联系方式：采购单位：青岛市城阳区消防救援大队采购单位地址：青岛市城阳区春城路621号采购单位联系方式：杨队长 0532-81851355 代理机构联系方式：代理机构：山东百荣招标咨询有限公司代理机构联系人：晁经理 18615660028代理机构地址： 济南市高新区颖秀路2766号迪亚创业基地北楼3楼318室 一、采购项目内容根据《中华人民共和国政府采购法》《政府采购需求管理办法》等有关规定，现将青岛市城阳区消防救援大队2026年阶段性食堂原材料配送采购项目技术参数向社会公开，广泛征求社会意见。(一)公告期限2026年9月8日08:30至2026年9月10日16:30(北京时间)。(二)回复征求意见格式及方式1、请及时下载技术参数文本,针对技术参数提出的意见如实写明原因,并将技术参数修改意见书(格式详见附件)和相关文件资料(如有)的电子版(格式为.doc)、扫描文件(格式为.pdf)以电子邮件形式传送至邮箱(shandongbairong001@126.com)，感谢您的参与和配合2、请以“公司名称/专家姓名-技术参数修改意见书”建立一个文件夹发至指定邮箱。(三)相关要求1、报送时间以指定邮箱报送的时间、信息为准，逾期送达、匿名送达以及其他不符合上述条件的方式送达我单位不予受理。2、因本项目实施要求严格,提供内容须保证真实性、可靠性、准确性，修改意见如无相关法律依据和充足证据佐证，我单位不予采纳。 二、开标时间： 三、其它补充事宜 四、预算金额：预算金额：0.000000 万元（人民币）",公共安全,,中国政府采购网,,0.0,table,,,,,,,,,,,
盘锦市消防救援支队视频指挥调度终端建设及平台升级项目需求调查公告其他,其他公告,,2026年09月07日 15:19,市辖区,盘锦市消防救援支队,辽宁省盘锦市兴隆台区辽河中路53号,闫先生18342738555,详见公告正文,详见公告正文,详见公告正文,赵先生,18104277999,"附件2：盘锦市消防救援支队指挥调度体系建设项目采购需求调查汇总表(1).xls,附件3：盘锦支队指挥调度体系建设项目需求调查明细(3)(1).xls,附件1：盘锦市消防救援支队指挥调度体系建设项目采购需求调查表.doc","[{""attach_name"": ""附件2：盘锦市消防救援支队指挥调度体系建设项目采购需求调查汇总表(1).xls"", ""attach_url"": ""https://download.ccgp.gov.cn/oss/download?uuid=7C999D80A2AE6B28CA5D6D635F52AE""}, {""attach_name"": ""附件3：盘锦支队指挥调度体系建设项目需求调查明细(3)(1).xls"", ""attach_url"": ""https://download.ccgp.gov.cn/oss/download?uuid=FBB809E84CBFFD147083F5B3619099""}, {""attach_name"": ""附件1：盘锦市消防救援支队指挥调度体系建设项目采购需求调查表.doc"", ""attach_url"": ""https://download.ccgp.gov.cn/oss/download?uuid=6A82D1D58F592D532B6734C43736F5""}]",https://www.ccgp.gov.cn/cggg/zygg/qtgg/202609/t20260907_27278773.htm,2026-09-10 10:09:51,根据《中华人民共和国政府采购法》等有关规定，现对盘锦市消防救援支队视频指挥调度终端建设及平台升级项目需求调查公告进行其他招标，欢迎合格的供应商前来投标。 项目名称：盘锦市消防救援支队视频指挥调度终端建设及平台升级项目需求调查公告项目编号：项目联系方式：项目联系人：赵先生项目联系电话：18104277999 采购单位联系方式：采购单位：盘锦市消防救援支队采购单位地址：辽宁省盘锦市兴隆台区辽河中路53号采购单位联系方式：闫先生18342738555  一、采购项目内容加快推进全市政府专职消防队视频指挥调度终端全域覆盖，支队拟更新配备1套MCU设备，为政府专职队、小型站等30个队站配备会议终端等设备，实现技术标准统一、接入现有视频指挥会议平台，实现互联互通，构建统一指挥、上下联动的现代化指挥调度体系，全面提升应急处置协同性与响应速度。 二、开标时间： 三、其它补充事宜 四、预算金额：预算金额：0.000000 万元（人民币）,公共安全,,中国政府采购网,,0.0,table,,,,,,,,,,,
暨南大学电话室楼东侧板房装修改造项目询比公告,其他公告,0809-2640GJX24062,2026年09月07日 15:08,天河区,暨南大学,广州市天河区黄埔大道西601号,李老师，020-85223022,广东华伦招标有限公司,广州市越秀区广仁路1号广仁大厦7楼,麦工，020-83172166-843,麦工,020-83172166-843,暨南大学电话室楼东侧板房装修改造项目询比文件（发布稿）.pdf,"[{""attach_name"": ""暨南大学电话室楼东侧板房装修改造项目询比文件（发布稿）.pdf"", ""attach_url"": ""https://download.ccgp.gov.cn/oss/download?uuid=23F0D9FA3558E5D6C463A140BC5D3B""}]",https://www.ccgp.gov.cn/cggg/zygg/qtgg/202609/t20260907_27278084.htm,2026-09-10 10:09:52,广东华伦招标有限公司受暨南大学 委托，根据《中华人民共和国政府采购法》等有关规定，现对暨南大学电话室楼东侧板房装修改造项目进行其他招标，欢迎合格的供应商前来投标。 项目名称：暨南大学电话室楼东侧板房装修改造项目项目编号：0809-2640GJX24062项目联系方式：项目联系人：麦工项目联系电话：020-83172166-843 采购单位联系方式：采购单位：暨南大学采购单位地址：广州市天河区黄埔大道西601号采购单位联系方式：李老师，020-85223022 代理机构联系方式：代理机构：广东华伦招标有限公司代理机构联系人：麦工，020-83172166-843代理机构地址： 广州市越秀区广仁路1号广仁大厦7楼 一、采购项目内容采购人 暨南大学 对 暨南大学电话室楼东侧板房装修改造项目 进行询比，欢迎符合资格条件的供应商参加。有关事项如下：1. 项目概况标段划分：本项目划分为 1 个标段。工程规模：本项目包含暨南大学电话室楼东侧板房约225平方米。工程地址：暨南大学石牌校区电话室楼。工程内容：包括但不限于建筑工程、安装工程、修缮工程等，具体内容详见施工图文件、工程量清单和其他招标材料等文件的全部施工内容。计划工期：不超过60日历天。最高限价：人民币847862.16元（其中安全生产措施费22449.48元）。承包方式：本项目采用固定综合单价合同方式，实行综合单价包干、措施项目费包干，工程量按实结算（即包工、包料、包工期、包质量、包安全、包文明施工、包税、包利润等）。2. 响应供应商资格要求2.1供应商参加询比的意思表达清楚，供应商代表被授权有效。2.2供应商须是中华人民共和国境内合法注册，能独立承担民事责任的法人或者其他组织。2.3供应商持有有效的建设行政主管部门颁发的安全生产许可证。2.4供应商具有承接本工程所需的建筑工程施工总承包三级或以上资质。供应商拟担任本工程项目负责人的人员为：建筑工程专业二级或以上的注册建造师。注：①资质内容按照建市[2014]159号文颁布的新版《建筑业企业资质标准》中对应的资质类别及等级的承包工程范围和《住房城乡建设部关于建筑业企业资质管理有关问题的通知》（建市[2015]154号）、《住房城乡建设部关于简化建筑业企业资质标准部分指标的通知》(建市[2016]226号)的要求设置。招标内容含有设计要求，且设计要求仅为深化设计的，在供应商的资质设置要求中，不允许设置设计资质。供应商还应当符合《住房和城乡建设部办公厅关于做好建筑业“证照分离”改革衔接有关工作的通知》（建办市〔2021〕30号）、《住房和城乡建设部办公厅关于建设工程企业资质有关事宜的通知》（建办市函〔2022〕361号）、《广东省住房和城乡建设厅关于建设工程企业资质有关事宜的通知》（粤建许函〔2022〕846号）、《住房城乡建设部建筑市场监管司关于建设工程企业资质延续有关事项的通知》（建司局函市〔2023〕116号）、《广东省住房和城乡建设厅关于建设工程企业资质延续有关事项的通知》（粤建许函〔2023〕820号）、《住房城乡建设部办公厅关于做好有关建设工程企业资质证书换领和延续工作的通知》（建办市〔2023〕47号）、《广东省住房和城乡建设厅关于做好有关建设工程企业资质证书换领工作的通知》（粤建许函〔2024〕124号）、《广州市住房和城乡建设局关于建设工程企业资质证书换领工作的通知》（穗建审批〔2024〕242号）等相关规定。根据上述文件的要求，供应商需办理企业资质有效期延续的，应当按照相关规定及时办理。②根据《住房和城乡建设部办公厅关于全面实行一级建造师电子注册证书的通知》（建办市〔2021〕40号），自2022年1月1日起，一级建造师统一使用电子证书，纸质证书作废。广东、北京、福建、四川等地二级建造师已实行电子证书，电子证书下载、签字等具体操作流程可查阅相关文件。根据规定二级建造师纸质证书未作废的，资格审查时不得以供应商未提供电子证书为由，认定供应商资格审查不通过。若供应商提供的注册建造师电子证书超过使用有效期、未在个人签名处手写签名或手写签名应与签名图像笔迹存在差异的，资格审查时应通过“全国建筑市场监管公共服务平台”或各省规定的查询渠道查询持证人注册建造师注册信息，注册信息与响应文件所附电子证书一致的，上述情形不影响供应商通过资格审查。评审结束后，若该供应商为成交候选人的，供应商应在采购人规定的时限内提交符合要求的电子证书打印件和持证人出具的知情承诺。供应商未按时提交或提交资料不符合上述要求的，视为放弃成交资格。③根据广东省住建厅《关于明确二级建造师注册执业有关问题的通知》（粤建市函〔2023〕469号），二级建造师应在考试取得执业资格的省、自治区、直辖市申请注册，二级注册建造师可随注册企业在全国范围内执业。项目负责人在任职期间不得担任专职安全员，项目专职安全员在任职期间也不得担任项目负责人，项目负责人和专职安全员不为同一人。2.5项目负责人持有在有效期内的安全生产考核合格证（B类）或建筑施工企业项目负责人安全生产考核合格证书。2.6专职安全员须具有在有效期内的安全生产考核合格证（C类）或建筑施工企业专职安全生产管理人员安全生产考核合格证书（C3）。2.7本项目不接受联合体响应。3. 获取询比文件3.1获取询比文件的方式：网上购买方式（只接受网上支付）。询比文件每标段售价300元，售后不退。3.2获取询比文件的时间期限：2026年 9 月 7 日～2026年 9 月 14 日。获取时间段为上述日期每天全日。3.3网上获取方式（只接受网上支付）。供应商可在上述日期内登录我公司网站“中招联合电子招标平台供应商在线服务”（https://www.gdhualun.com.cn/）购买招标文件。平台操作相关问题请查询网站“通知公告”栏目（https://www.gdhualun.com.cn/announce/）中《供应商操作指南》（或咨询我公司020-83172166转206、020-83527049；QQ：2127233298）。本公司只接受通过以上方式正式获取招标文件的供应商参加投标。3.4其他补充事宜：我公司可提供纸质询比文件和购买询比文件的电子发票。有需要的投标人成功获取网上询比文件后，可在规定的获取询比文件时间段内到我公司现场（广州市广仁路1号广仁大厦7楼）领取纸质询比文件。购买询比文件的电子发票将以短信方式发送到供应商在我公司平台的预留手机号码。联系人：华伦前台，联系电话：020-83172166转0。4. 响应文件的递交4.1本项目为全流程电子询比项目，递交响应文件采用线上（电子版）的方式，于询比截止时间前在中招联合招标采购平台（网址：http://www.365trade.com.cn）上传加密的电子响应文件。供应商的电子响应文件是经过CA证书加密后上传提交的，任何单位或个人均无法在投标截止时间之前提取查看，不存在泄密风险。制作加密的电子响应文件需使用企业CA证书，供应商在获取询比文件后应及时办理，以免影响本次响应。4.2办理CA证书及电子签章（1）通过微信搜索“粤企签”申请移动数字证书；（2）或点击中招联合招标采购平台（网址：http://www.365trade.com.cn）中的CA申请，进行CA办理（如有问题可致电平台公司咨询）。CA办理完成后，登陆平台，下载“环境检测工具”，安装“投标文件客户端”打开询比文件，并按照提示进行逐步填写，生成响应文件，响应文件编辑完成后通过平台进行上传。4.3响应文件的递交截止时间：（1）递交截止时间：2026年 9 月 18 日上午9:30；（2）开标及响应文件解密时间：2026年 9 月 18 日上午9:30-10:00（递交截止时间到达后的30分钟内）；（3）解密方式：集中解密。4.4开标时间及地点：（1）开标时间：2026年 9 月 18 日上午9:30；（2）开标地点：中招联合招标采购平台（网址：http://www.365trade.com.cn）。4.5采购人和采购代理机构将不承担供应商准备响应文件和递交响应文件以及参加本次响应活动所发生的任何成本或费用。5. 发布公告的媒介本项目的询比公告及相关信息在中国政府采购网、中国招标投标公共服务平台、广东华伦招标有限公司网站上公布，并视为有效送达。6. 联系方式 采 购 人：暨南大学 采购代理机构：广东华伦招标有限公司 地    址：广州市天河区黄埔大道西601号 地    址：广州市越秀区广仁路1号广仁大厦7楼 邮    编：510000 邮    编：510030 联 系 人：李老师 联 系 人：麦工 电    话：020-85223022 电    话：020-83172166-843   传    真：020-83172223   电子邮件：hualunsibu@163.com   2026 年 9 月 7 日 二、开标时间：2026年09月18日 09:30 三、其它补充事宜/ 四、预算金额：预算金额：84.786216 万元（人民币）,教育培训,,中国政府采购网,,84.786216,table,,,,,,,,,,,
上海外国语大学大连西路550号10幢底层等区域招租项目（包件2：虹口区东体育会路100弄1号2012室招租）第三次失败公告,其他公告,SISU-GZZZ2603/,2026年09月07日 15:07,上海市,上海外国语大学,中国上海市松江区文翔路1550号,国资处招标科 徐老师 李老师 021-67708016,上海中世建设咨询有限公司,上海市普陀区曹杨路528弄35号（中世办公楼）,赵贞、梅若荻 021-62441033、52555819,赵贞、梅若荻,021-62441033、52555819,,,https://www.ccgp.gov.cn/cggg/zygg/qtgg/202609/t20260907_27278062.htm,2026-09-10 10:09:52,一、项目基本情况 采购项目编号：SISU-GZZZ2603/招案2026-3131 采购项目名称：上海外国语大学大连西路550号10幢底层等区域招租项目 二、项目废标/流标的原因 因获取招租文件的竞租单位数量不足，本次招租失败。 三、其他补充事宜 无 四、凡对本次公告内容提出询问，请按以下方式联系。 1.采购人信息 名 称：上海外国语大学 地址：中国上海市松江区文翔路1550号 联系方式：国资处招标科 徐老师 李老师 021-67708016 2.采购代理机构信息 名 称：上海中世建设咨询有限公司 地 址：上海市普陀区曹杨路528弄35号（中世办公楼） 联系方式：赵贞、梅若荻 021-62441033、52555819 3.项目联系方式 项目联系人：赵贞、梅若荻 电 话： 021-62441033、52555819,教育培训,,中国政府采购网,,,default,二、项目废标/流标的原因,,,,,,,,,,
青浦区消防救援支队青浦支队通信网络设备维保服务公开比选,其他公告,ZHCG20260904055,2026年09月07日 15:00,青浦区,青浦区消防救援支队,青浦胜利路1828号,叶老师 021-22176363,上海臻诚建设管理咨询有限公司,上海市青浦区盈顺路870号2栋6层,周海波021-59203378,周海波,021-59203378,,,https://www.ccgp.gov.cn/cggg/zygg/qtgg/202609/t20260907_27277998.htm,2026-09-10 10:09:53,"上海臻诚建设管理咨询有限公司受青浦区消防救援支队 委托，根据《中华人民共和国政府采购法》等有关规定，现对青浦支队通信网络设备维保服务进行其他招标，欢迎合格的供应商前来投标。 项目名称：青浦支队通信网络设备维保服务项目编号：ZHCG20260904055项目联系方式：项目联系人：周海波项目联系电话：021-59203378 采购单位联系方式：采购单位：青浦区消防救援支队采购单位地址：青浦胜利路1828号采购单位联系方式：叶老师 021-22176363 代理机构联系方式：代理机构：上海臻诚建设管理咨询有限公司代理机构联系人：周海波021-59203378代理机构地址： 上海市青浦区盈顺路870号2栋6层 一、采购项目内容全面保障上海市青浦区消防救援支队及所属队站机房、网络及接警设备系统24小时不间断持续运行，及时快速响应故障，使信息系统更好的服务于各部门，排除信息系统使用与维护后顾之忧。详见招标文件。 二、开标时间：2026年09月28日 09:30 三、其它补充事宜 受上海市青浦区消防救援支队委托，对青浦支队通信网络设备维保服务项目进行国内公开比选，诚邀合格的投标人参加投标。一、合格的投标人必须具备以下条件： 符合《中华人民共和国政府采购法》第二十二条规定的供应商。 其他资质要求： 未被列入《信用中国网站》（www.creditchina.gov.cn）失信被执行人名单、重大税收违法案件当事人名单和《中国政府采购网》（www.ccgp.gov.cn）政府采购严重违法失信行为记录名单； 根据《政府采购促进中小企业发展管理办法》等规定，本项目专门面向中小企业采购。中小企业应当按照规定提供《中小企业声明函》； 本项目不接受联合体投标。二、项目概况1.   项目名称：青浦支队通信网络设备维保服务2.   项目编号：ZHCG20260904055  3.   预算金额及最高限价：本项目预算金额为人民币：人民币45万元。本项目最高限价为人民币：人民币45万元。超过最高限价金额的报价不予接受。4.       项目主要内容、数量及要求：全面保障上海市青浦区消防救援支队及所属队站机房、网络及接警设备系统24小时不间断持续运行，及时快速响应故障，使信息系统更好的服务于各部门，排除信息系统使用与维护后顾之忧。详见项目概况及招标需求。5.   采购项目服务期限：自合同签订起1年, 本项目采取一次采购二年有效，分年签订合同。6.   交付地点：青浦区三、比选文件的获取凡愿参加投标的合格投标人需在上海市公共资源交易中心（https://www.shggzy.com/）线上报名，线上报名成功后在2026年9月7日发布之日起至2026年9月14日（上午8：30-11：00、下午13：00-16：30，双休日、节假日除外，并请先电话确认）携带下列资料，至上海市青浦区盈顺路870号2号楼6层进行现场验证： 供应商法人营业执照； 法定代表人证明书或法定代表人授权委托书； 被授权人身份证。以上资料须提供原件和复印件【复印件需加盖公章（不接受除公章、法人章以外的：比如投标专用章等；签字及签字章无效）】，原件审阅后退回。报名费人民币500元/本（售后不退）,招标文件采用现金支付方式。通过初审的合格投标人，领取书面招标文件并按照投标文件要求参加投标。提供的资料应与投标文件中的资格证明文件一致，如有不一致，以投标文件为准。投标人的合格与否，将由评标委员会决定。凡愿参加投标的合格投标人应在上述规定的时间内按照规定获取投标文件，逾期不再办理。未按规定获取投标文件的投标将被拒绝。注：线上未操作下载招标文件的视为未成功参与项目，后续无法录入开评标信息及中标（成交）结果！  投标截止时间及开标时间：1、投标截止时间（开标时间）：2026年9月28日09:30时  投标地点和开标地点1、投标地点：上海市青浦区盈顺路870号2号楼6层。2、开标地点：上海市青浦区盈顺路870号2号楼6层。3、开标所需携带其他材料：提供投标文件正本一份，副本三份（纸质文件）及投标文件（全套盖章扫描版）电子文件一份并密封，届时请投标单位法定代表人或法定代表人委托人进场签到，同时准备一份与投标文件一致的法人代表委托书（法人代表证明书）以及相应身份证明文件原件，以供招标人确认唱标资格。 其他报名费：人民币500元/本（售后不退）,招标文件采用现金支付方式。 四、预算金额：预算金额：45.000000 万元（人民币）",公共安全,,中国政府采购网,,45.0,table,,,,,,,,,,,
宝鸡市消防救援支队高通量公网卫星便携站采购项目需求调查及技术参数征集公告,其他公告,,2026年09月07日 14:53,宝鸡市,宝鸡市消防救援支队,宝鸡市高新区新苑路18号,0917-3252939,详见公告正文,详见公告正文,详见公告正文,史先生,0917-3252950,宝鸡市消防救援支队高通量公网卫星便携站采购项目需求调查及技术参数征集表.docx,"[{""attach_name"": ""宝鸡市消防救援支队高通量公网卫星便携站采购项目需求调查及技术参数征集表.docx"", ""attach_url"": ""https://download.ccgp.gov.cn/oss/download?uuid=53AD2A1849A4904A09AA148BE71679""}]",https://www.ccgp.gov.cn/cggg/zygg/qtgg/202609/t20260907_27277917.htm,2026-09-10 10:09:53,根据《中华人民共和国政府采购法》等有关规定，现对宝鸡市消防救援支队高通量公网卫星便携站采购项目进行其他招标，欢迎合格的供应商前来投标。 项目名称：宝鸡市消防救援支队高通量公网卫星便携站采购项目项目编号：项目联系方式：项目联系人：史先生项目联系电话：0917-3252950 采购单位联系方式：采购单位：宝鸡市消防救援支队采购单位地址：宝鸡市高新区新苑路18号采购单位联系方式： 0917-3252939  一、采购项目内容采购项目内容根据《中华人民共和国政府采购法》等有关规定，现对宝鸡市消防救援支队高通量公网卫星便携站采购项目采购进行采购需求调查，欢迎潜在供应商前来响应。（一）需求调查内容1、需求调查内容包括但不限于高通量公网卫星便携站的相关市场供给能力、主流技术指标、合理价格区间及售后服务保障水平等后续采购，以及其他相关情况。2、调查方法需求调查以问卷调查的方式进行（附件1：《宝鸡市消防救援支队高通量公网卫星便携站采购项目需求调查及技术参数征集表》），请各单位于2026年9月14日17:00（北京时间）前将加盖公章的需求调查及技术参数征集表PDF和word电子档发送至指定邮箱seteven_sk@163.com）。3、提供资料清单1.《宝鸡市消防救援支队高通量公网卫星便携站采购项目需求调查及技术参数征集表（附件1）》，需提供Word版和盖章扫描PDF版；2.产品技术性能文件（Word版，含详细技术参数、产品图片、功能说明、配置清单等）；3.产品检测报告复印件（PDF版，如有）；4.产品相关认证证书复印件（PDF版，如有）；5.供应商认为需要提供的其他佐证材料。(二）相关要求1、资料整理命名要求：邮件主题命名：【公司全称】宝鸡市消防救援支队关于高通量公网卫星便携站采购项目需求调查及技术参数征集。各供应商应将全部资料整理为一个文件夹，以公司全称命名；文件夹下存放技术文件、检测报告、认证证书、业绩材料等；全部资料打包后发送。2、提供资料相关要求：各单位提供的产品资料应真实准确，PDF版本和word版本应完全一致。PDF版本为加盖单位公章的彩色扫描件，内容清晰。如发现供应商提供虚假资料等不诚信行为，将纳入支队黑名单。3、其他要求：共同建立良好的政商交往环境，项目需求调查及后续招标采购工作期间，总队不接受来访介绍、产品测试、私下交流等行为。需求调研资料均以规定时间内发送到指定邮箱为准，其他递交方式均不接受。（三）需求调查截止时间：2026年9月14日17:00（北京时间） 二、开标时间： 三、其它补充事宜本次征集活动为采购前的市场调研行为，不构成采购邀请、招标要约或任何形式的采购承诺。我单位有权根据调研结果自行确定最终的技术参数及采购方案。本次调查不向供应商支付任何费用，供应商提交的资料无论是否采纳，均不予退还。我单位对供应商提交的商业秘密及技术资料承担保密责任，相关信息仅限用于本次采购需求调研。单位将对供应商提供的材料进行收集、归类、整理，具体采纳情况不再逐一反馈。本项目最终信息以正式发布的采购公告及采购文件为准。 四、预算金额：预算金额：0.000000 万元（人民币）,公共安全,2026-09-14 17:00,中国政府采购网,,0.0,table,,,,,,,,,,,
义乌市消防救援支队2026-2027年度公务车租赁单位采购项目废标公告,流标公告,KXYC2026005FC,2026年09月07日 14:52,义乌市,义乌市消防救援支队,义乌市机场路636号,韦女士  13506594528,科信联合工程咨询有限公司,义乌市丹溪三区香樟苑2栋8单元3楼,王佳峰 15158945061,韦女士,13506594528,,,https://www.ccgp.gov.cn/cggg/zygg/qtgg/202609/t20260907_27277919.htm,2026-09-10 10:09:54,一、项目基本情况 采购项目编号：KXYC2026005FC 采购项目名称：义乌市消防救援支队2026-2027年度公务车租赁单位采购项目 二、项目废标/流标的原因 有效供应商不足三家，本项目废标。 三、其他补充事宜 四、凡对本次公告内容提出询问，请按以下方式联系。 1.采购人信息 名 称：义乌市消防救援支队 地址：义乌市机场路636号 联系方式：韦女士 13506594528 2.采购代理机构信息 名 称：科信联合工程咨询有限公司 地 址：义乌市丹溪三区香樟苑2栋8单元3楼 联系方式：王佳峰 15158945061 3.项目联系方式 项目联系人：韦女士 电 话： 13506594528,公共安全,,中国政府采购网,,,default,二、项目废标/流标的原因,,,,,,,,,,
厦门公物—竞争性磋商—GW2026-ZY013—中国科学院城市环境研究所资源与环境学院公寓楼活动室设施采购项目—结果公告,其他公告,GW2026-ZY013,2026年09月07日 14:50,厦门市,中国科学院城市环境研究所,福建省厦门市集美区集美大道1799号,陈老师，0592-6190908,厦门市公物采购招投标有限公司,厦门市湖滨南路81号光大银行大厦10楼,唐嘉豪、张金交，0592-2225870、2279323（咨询时间：法定工作日，上午8:30-12:00、下午14:30-18:00。）,林智鹏、唐嘉豪、张金交,0592-2232667、2225870,GW2026-ZY013-中国科学院城市环境研究所活动室设施采购-磋商文件-定稿 8.21.pdf,"[{""attach_name"": ""GW2026-ZY013-中国科学院城市环境研究所活动室设施采购-磋商文件-定稿 8.21.pdf"", ""attach_url"": ""https://download.ccgp.gov.cn/oss/download?uuid=1FCBAABD83657FC49E374E5747DC7B""}]",https://www.ccgp.gov.cn/cggg/zygg/qtgg/202609/t20260907_27277897.htm,2026-09-10 10:09:55,一、项目基本情况 采购项目编号：GW2026-ZY013 采购项目名称：中国科学院城市环境研究所资源与环境学院公寓楼活动室设施采购 二、项目废标/流标的原因 本项目因有效供应商不足三家，采购失败。 三、其他补充事宜 1、磋商小组成员：孙金晖、蔡陵江、刘明辉。2、公告期限为本公告之日起1个工作日。 四、凡对本次公告内容提出询问，请按以下方式联系。 1.采购人信息 名 称：中国科学院城市环境研究所 地址：福建省厦门市集美区集美大道1799号 联系方式：陈老师，0592-6190908 2.采购代理机构信息 名 称：厦门市公物采购招投标有限公司 地 址：厦门市湖滨南路81号光大银行大厦10楼 联系方式：唐嘉豪、张金交，0592-2225870、2279323（咨询时间：法定工作日，上午8:30-12:00、下午14:30-18:00。） 3.项目联系方式 项目联系人：林智鹏、唐嘉豪、张金交 电 话： 0592-2232667、2225870,教育培训,,中国政府采购网,,,default,二、项目废标/流标的原因,,,,,,,,,,
四川某单位图书采购项目废标公告,流标公告,TQ-2026-SC20-D015,2026年09月07日 14:48,四川省,SPD-16,成都市天府新区牧华路三段2538号,吴先生:19602802310,四川楫新工程咨询有限公司,四川省成都市武侯区武兴五路77号智领大厦一单元806,张先生：19013216009,张先生,19013216009,,,https://www.ccgp.gov.cn/cggg/zygg/qtgg/202609/t20260907_27277854.htm,2026-09-10 10:09:55,一、项目基本情况 采购项目编号：TQ-2026-SC20-D015 采购项目名称：四川某单位图书采购项目 二、项目废标/流标的原因 中标人放弃中标 三、其他补充事宜 四、凡对本次公告内容提出询问，请按以下方式联系。 1.采购人信息 名 称：SPD-16 地址：成都市天府新区牧华路三段2538号 联系方式：吴先生:19602802310 2.采购代理机构信息 名 称：四川楫新工程咨询有限公司 地 址：四川省成都市武侯区武兴五路77号智领大厦一单元806 联系方式：张先生：19013216009 3.项目联系方式 项目联系人：张先生 电 话： 19013216009,文化旅游,,中国政府采购网,,,default,二、项目废标/流标的原因,,,,,,,,,,
北京市东城区消防救援支队2026年支队药品采购比选公告及比选文件更正,其他公告,20260701,2026年09月07日 14:46,东城区,北京市东城区消防救援支队,北京市东城区左安门西街17号,田老师67189119转6216,北京鸣晟工程管理咨询有限公司,北京市密云区白云街6号院阳光水岸小区3-1-102,谢一鸣010-56846608,谢一鸣,010-56846608,,,https://www.ccgp.gov.cn/cggg/zygg/qtgg/202609/t20260907_27277845.htm,2026-09-10 10:09:56,北京鸣晟工程管理咨询有限公司受北京市东城区消防救援支队 委托，根据《中华人民共和国政府采购法》等有关规定，现对北京市东城区消防救援支队2026年支队药品采购项目进行其他招标，欢迎合格的供应商前来投标。 项目名称：北京市东城区消防救援支队2026年支队药品采购项目项目编号：20260701项目联系方式：项目联系人：谢一鸣项目联系电话：010-56846608 采购单位联系方式：采购单位：北京市东城区消防救援支队采购单位地址：北京市东城区左安门西街17号采购单位联系方式：田老师67189119转6216 代理机构联系方式：代理机构：北京鸣晟工程管理咨询有限公司代理机构联系人：谢一鸣010-56846608代理机构地址： 北京市密云区白云街6号院阳光水岸小区3-1-102 一、采购项目内容变更内容：一、比选公告中：3.2其他特定资格要求：（1）须具有合法有效的《药品经营许可证》或《药品生产许可证》；同时具有《第二类医疗器械经营备案凭证》或《医疗器械经营许可证》；变更为（1）须具有合法有效的《药品经营许可证》（含批发）；同时具备《第二类医疗器械经营备案》和《第三类医疗器械经营许可证》；二、比选文件中第三章评分标准中-人员配置中“具备在册执业药师，提供有效证书及社保证明，得3分”；变更为“具备在册执业药师，提供有效证书，得3分”。原文件其他内容不变。 二、开标时间：2026年09月15日 09:00 三、其它补充事宜以上更正内容，不影响开评标时间。 四、预算金额：预算金额：25.000000 万元（人民币）,医疗卫生,,中国政府采购网,,25.0,table,,,,,,,,,,,
上海交通大学器件热分析及检测平台流标公告,流标公告,,2026年09月07日 14:46,上海市,上海交通大学,上海市东川路800号,招采经办人：刘老师 电话：021-54747337 技术联系人：史老师 电话：13917159685,上海国际招标有限公司,上海市延安西路358号美丽园大厦14楼,联系人：张靖姝、张义恒 电话：021-32173698、32173690 邮箱：zhangjingshu@shabidding.com、zhangyiheng@shabidding.com,张靖姝,021-32173698,,,https://www.ccgp.gov.cn/cggg/zygg/qtgg/202609/t20260907_27277847.htm,2026-09-10 10:09:57,一、项目基本情况 采购项目编号：招设2026A00124/2606003061 采购项目名称：器件热分析及检测平台 二、项目废标/流标的原因 通过资格审查的有效投标人不足3家，本次招标失败，作流标处理。 三、其他补充事宜 无。 四、凡对本次公告内容提出询问，请按以下方式联系。 1.采购人信息 名 称：上海交通大学 地址：上海市东川路800号 联系方式：招采经办人：刘老师 电话：021-54747337 技术联系人：史老师 电话：13917159685 2.采购代理机构信息 名 称：上海国际招标有限公司 地 址：上海市延安西路358号美丽园大厦14楼 联系方式：联系人：张靖姝、张义恒 电话：021-32173698、32173690 邮箱：zhangjingshu@shabidding.com、zhangyiheng@shabidding.com 3.项目联系方式 项目联系人：张靖姝 电 话： 021-32173698,教育培训,,中国政府采购网,,,default,二、项目废标/流标的原因,,,,,,,,,,
成都市龙泉驿区消防救援局2026年度空调维修维护服务采购项目比选公告,其他公告,LQXFBX-2026-08-01,2026年09月07日 14:26,成都市,成都市龙泉驿区消防救援大队,成都市龙泉驿区车城大道300号,李老师 028-84882980,四川中志招标代理有限公司,成都市高新区吉泰五路88号3栋16层7号（花样年·香年广场）,王子雄、曹晓宇、佟巍 028-65783579（报名相关事宜咨询）、028-85353312-611（采购项目相关事宜咨询）,王子雄、曹晓宇、佟巍项目联系电,028-85353312-611,,,https://www.ccgp.gov.cn/cggg/zygg/qtgg/202609/t20260907_27277660.htm,2026-09-10 10:09:57,"四川中志招标代理有限公司受成都市龙泉驿区消防救援大队 委托，根据《中华人民共和国政府采购法》等有关规定，现对成都市龙泉驿区消防救援局2026年度空调维修维护服务采购项目进行其他招标，欢迎合格的供应商前来投标。 项目名称：成都市龙泉驿区消防救援局2026年度空调维修维护服务采购项目项目编号：LQXFBX-2026-08-01项目联系方式：项目联系人：王子雄、曹晓宇、佟巍项目联系电话：028-85353312-611 采购单位联系方式：采购单位：成都市龙泉驿区消防救援大队采购单位地址：成都市龙泉驿区车城大道300号采购单位联系方式：李老师 028-84882980 代理机构联系方式：代理机构：四川中志招标代理有限公司代理机构联系人：王子雄、曹晓宇、佟巍 028-65783579（报名相关事宜咨询）、028-85353312-611（采购项目相关事宜咨询）代理机构地址： 成都市高新区吉泰五路88号3栋16层7号（花样年·香年广场） 一、采购项目内容四川中志招标代理有限公司受成都市龙泉驿区消防救援局的委托，对自行组织的成都市龙泉驿区消防救援局2026年度空调维修维护服务采购项目进行比选，兹邀请符合要求的申请人就本项目提交密封的比选申请文件。一、比选人：成都市龙泉驿区消防救援局二、项目编号：LQXFBX-2026-08-01三、比选项目名称：成都市龙泉驿区消防救援局2026年度空调维修维护服务采购项目四、项目情况：成都市龙泉驿区消防救援局2026年度空调维修维护服务采购，具体内容见比选文件第五部分：“项目概况及要求”。申请人须对本项目的内容应作出响应并对比选文件要求的全部内容进行报价。五、申请人资格条件：1．申请人应符合参加本次比选活动应当具备的条件:（1）具有独立承担民事责任能力；（2）具有良好的商业信誉和健全的财务会计制度；（3）具有履行合同所必需的设备和专业技术能力；（4）有依法缴纳税收和社会保障资金的良好记录；（5）参加比选活动前三年内，在经营活动中没有重大违法记录，遵守相关的法律和法规；2．比选人根据本项目提出的特殊条件：（1）根据《关于在政府采购活动中查询及使用信用记录有关问题的通知》（财库〔2016〕125号）的要求，采购代理机构将通过“信用中国”网站（www.creditchina.gov.cn）、“中国政府采购网”网站（www.ccgp.gov.cn）等渠道查询供应商在比选当日之前的信用信息记录并保存信用记录结果网页截图，拒绝列入失信被执行人、重大税收违法案件当事人名单、政府采购严重违法失信行为记录名单及其他不符合《中华人民共和国政府采购法》第二十二条规定条件的供应商参加本项目的比选活动；（2）本项目属于专门面向中小微企业采购的项目,服务承接企业应为中小微企业或监狱企业或残疾人福利性单位。六、本项目不接受联合体参加比选。七、比选文件获取时间及地点：比选文件获取时间：自2026年9月8日至2026年9月10日9:30-17:00（北京时间，法定节假日除外）。比选文件获取方式：未注册供应商从“四川中志招标代理有限公司”官网（网址：http://www.sczzzb.com/）—点击“供应商注册”填写注册信息—注册成功登录账户—完善企业信息提交审核—审核成功登录账户点击欲报名项目—点击欲报名项目报名。已注册供应商可直接登录系统—点击供应商管理—报名管理正在报名项目—点击欲报名项目报名。提示：（1）比选文件售价：人民币150元/份（售后不退，比选资格不能转让）（2）供应商只有在“四川中志招标代理有限公司”官网完成获取比选文件申请并下载比选文件后才视作依法参与本项目。如未在“四川中志招标代理有限公司”官网内完成相关流程，引起的响应无效责任自负。（3）供应商获取比选文件时必须如实认真填写项目信息及供应商信息；若因供应商提供的错误信息，对自身参与比选事宜造成影响的，由供应商自行承担责任（供应商欲修改报名信息，请于报名截止时间前登陆“四川中志招标代理有限公司”官网修改报名信息）。八、递交比选申请文件截止时间：2026年9月15日10:00。申请人应于截止日期当日截止时间前将比选申请文件送达递交比选申请文件地点。逾期送达的比选申请文件将被拒绝。九、递交比选申请文件地点：成都市高新区吉泰五路88号(花样年香年广场)3栋16层四川中志招标代理有限公司。比选申请文件必须在递交比选申请文件截止日期当日截止时间前送达，逾期送达或不符合规定的比选申请文件恕不接受；不接受以电子邮件、传真及邮寄方式递交的比选申请文件。十、本比选邀请在中国政府采购网(https://www.ccgp.gov.cn/)上发布，本项目不属于政府采购项目、必须招标项目范围。十一、有关本次比选事项请按以下方式联系：比选人：成都市龙泉驿区消防救援局通讯地址：成都市龙泉驿区车城大道300号联 系 人：李老师电    话：028-84882980采购代理机构：四川中志招标代理有限公司开户银行：中国建设银行股份有限公司成都高新支行账    号：5100 1406 1370 5152 6738通讯地址：成都市高新区吉泰五路88号3栋16层7号（花样年·香年广场）联 系 人：王子雄、曹晓宇、佟巍电    话：028-65783579（报名相关事宜咨询）028-85353312-611（采购项目相关事宜咨询）电子邮件：采购文件获取：sczz@sczz84510079.com采购项目咨询：wangzixiong@sczz84510079.com开取发票：fapiao@sczz84510079.com 二、开标时间：2026年09月15日 10:00 三、其它补充事宜无。 四、预算金额：预算金额：10.000000 万元（人民币）",公共安全,2026-09-15 10:00,中国政府采购网,,10.0,table,,,,,,,,,,,
成都市龙泉驿区消防救援局2026年度办公用品耗材配送采购项目比选公告,其他公告,LQXFBX-2026-08-02,2026年09月07日 14:26,成都市,成都市龙泉驿区消防救援大队,成都市龙泉驿区车城大道300号,李老师 028-84882980,四川中志招标代理有限公司,成都市高新区吉泰五路88号3栋16层7号（花样年·香年广场）,王子雄、曹晓宇、佟巍 028-65783579（报名相关事宜咨询）、028-85353312-611（采购项目相关事宜咨询）,王子雄、曹晓宇、佟巍项目联系电,028-85353312-611,,,https://www.ccgp.gov.cn/cggg/zygg/qtgg/202609/t20260907_27277665.htm,2026-09-10 10:09:58,"四川中志招标代理有限公司受成都市龙泉驿区消防救援大队 委托，根据《中华人民共和国政府采购法》等有关规定，现对成都市龙泉驿区消防救援局2026年度办公用品耗材配送采购项目进行其他招标，欢迎合格的供应商前来投标。 项目名称：成都市龙泉驿区消防救援局2026年度办公用品耗材配送采购项目项目编号：LQXFBX-2026-08-02项目联系方式：项目联系人：王子雄、曹晓宇、佟巍项目联系电话：028-85353312-611 采购单位联系方式：采购单位：成都市龙泉驿区消防救援大队采购单位地址：成都市龙泉驿区车城大道300号采购单位联系方式：李老师 028-84882980 代理机构联系方式：代理机构：四川中志招标代理有限公司代理机构联系人：王子雄、曹晓宇、佟巍 028-65783579（报名相关事宜咨询）、028-85353312-611（采购项目相关事宜咨询）代理机构地址： 成都市高新区吉泰五路88号3栋16层7号（花样年·香年广场） 一、采购项目内容四川中志招标代理有限公司受成都市龙泉驿区消防救援局的委托，对自行组织的成都市龙泉驿区消防救援局2026年度办公用品耗材配送采购项目进行比选，兹邀请符合要求的申请人就本项目提交密封的比选申请文件。一、比选人：成都市龙泉驿区消防救援局二、项目编号：LQXFBX-2026-08-02三、比选项目名称：成都市龙泉驿区消防救援局2026年度办公用品耗材配送采购项目四、项目情况：成都市龙泉驿区消防救援局2026年度办公用品耗材配送采购，具体内容见比选文件第五部分：“项目概况及要求”。申请人须对本项目的内容应作出响应并对比选文件要求的全部内容进行报价。五、申请人资格条件：1．申请人应符合参加本次比选活动应当具备的条件:（1）具有独立承担民事责任能力；（2）具有良好的商业信誉和健全的财务会计制度；（3）具有履行合同所必需的设备和专业技术能力；（4）有依法缴纳税收和社会保障资金的良好记录；（5）参加比选活动前三年内，在经营活动中没有重大违法记录，遵守相关的法律和法规；2．比选人根据本项目提出的特殊条件：（1）根据《关于在政府采购活动中查询及使用信用记录有关问题的通知》（财库〔2016〕125号）的要求，采购代理机构将通过“信用中国”网站（www.creditchina.gov.cn）、“中国政府采购网”网站（www.ccgp.gov.cn）等渠道查询供应商在比选当日之前的信用信息记录并保存信用记录结果网页截图，拒绝列入失信被执行人、重大税收违法案件当事人名单、政府采购严重违法失信行为记录名单及其他不符合《中华人民共和国政府采购法》第二十二条规定条件的供应商参加本项目的比选活动；（2）本项目属于专门面向中小微企业采购的项目,服务承接企业应为中小微企业或监狱企业或残疾人福利性单位。六、本项目不接受联合体参加比选。七、比选文件获取时间及地点：比选文件获取时间：自2026年9月8日至2026年9月10日9:30-17:00（北京时间，法定节假日除外）。比选文件获取方式：未注册供应商从“四川中志招标代理有限公司”官网（网址：http://www.sczzzb.com/）—点击“供应商注册”填写注册信息—注册成功登录账户—完善企业信息提交审核—审核成功登录账户点击欲报名项目—点击欲报名项目报名。已注册供应商可直接登录系统—点击供应商管理—报名管理正在报名项目—点击欲报名项目报名。提示：（1）比选文件售价：人民币150元/份（售后不退，比选资格不能转让）（2）供应商只有在“四川中志招标代理有限公司”官网完成获取比选文件申请并下载比选文件后才视作依法参与本项目。如未在“四川中志招标代理有限公司”官网内完成相关流程，引起的响应无效责任自负。（3）供应商获取比选文件时必须如实认真填写项目信息及供应商信息；若因供应商提供的错误信息，对自身参与比选事宜造成影响的，由供应商自行承担责任（供应商欲修改报名信息，请于报名截止时间前登陆“四川中志招标代理有限公司”官网修改报名信息）。八、递交比选申请文件截止时间：2026年9月15日10:00。申请人应于截止日期当日截止时间前将比选申请文件送达递交比选申请文件地点。逾期送达的比选申请文件将被拒绝。九、递交比选申请文件地点：成都市高新区吉泰五路88号(花样年香年广场)3栋16层四川中志招标代理有限公司。比选申请文件必须在递交比选申请文件截止日期当日截止时间前送达，逾期送达或不符合规定的比选申请文件恕不接受；不接受以电子邮件、传真及邮寄方式递交的比选申请文件。十、本比选邀请在中国政府采购网(https://www.ccgp.gov.cn/)上发布，本项目不属于政府采购项目、必须招标项目范围。十一、有关本次比选事项请按以下方式联系：比选人：成都市龙泉驿区消防救援局通讯地址：成都市龙泉驿区车城大道300号联 系 人：李老师电    话：028-84882980采购代理机构：四川中志招标代理有限公司开户银行：中国建设银行股份有限公司成都高新支行账    号：5100 1406 1370 5152 6738通讯地址：成都市高新区吉泰五路88号3栋16层7号（花样年·香年广场）联 系 人：王子雄、曹晓宇、佟巍电    话：028-65783579（报名相关事宜咨询）028-85353312-611（采购项目相关事宜咨询）电子邮件：采购文件获取：sczz@sczz84510079.com采购项目咨询：wangzixiong@sczz84510079.com开取发票：fapiao@sczz84510079.com 二、开标时间：2026年09月15日 10:00 三、其它补充事宜无。 四、预算金额：预算金额：15.000000 万元（人民币）",公共安全,2026-09-15 10:00,中国政府采购网,,15.0,table,,,,,,,,,,,
张家港市消防救援大队工会委员会关于2026年度张家港大队中秋国庆福利与配送服务的比选公告,其他公告,SZJX2026-ZJG-BX-002,2026年09月07日 14:25,张家港市,张家港市消防救援大队,江苏省张家港市杨舍镇北庄路2号,张工 0512-58992162,苏州捷信招投标咨询有限公司,苏州市南园北路118号天和商务大厦6-206,丁亚萍、汪业超,丁亚萍、汪业超,0512-65200361,报名表格式.doc,"[{""attach_name"": ""报名表格式.doc"", ""attach_url"": ""https://download.ccgp.gov.cn/oss/download?uuid=AA72D83B745ED47692703800D10CB4""}]",https://www.ccgp.gov.cn/cggg/zygg/qtgg/202609/t20260907_27277649.htm,2026-09-10 10:09:58,苏州捷信招投标咨询有限公司受张家港市消防救援大队 委托，根据《中华人民共和国政府采购法》等有关规定，现对2026年度张家港大队中秋国庆福利与配送服务进行其他招标，欢迎合格的供应商前来投标。 项目名称：2026年度张家港大队中秋国庆福利与配送服务项目编号：SZJX2026-ZJG-BX-002项目联系方式：项目联系人：丁亚萍、汪业超项目联系电话：0512-65200361 采购单位联系方式：采购单位：张家港市消防救援大队采购单位地址：江苏省张家港市杨舍镇北庄路2号采购单位联系方式：张工 0512-58992162 代理机构联系方式：代理机构：苏州捷信招投标咨询有限公司代理机构联系人：丁亚萍、汪业超代理机构地址： 苏州市南园北路118号天和商务大厦6-206 一、采购项目内容项目概况2026年度张家港大队中秋国庆福利与配送服务项目（SZJX2026-ZJG-BX-002号）的潜在供应商应在苏州市姑苏区南园北路118号天和大厦6-206获取比选文件，并于2026年9月11日14点00分（北京时间）前递交响应文件。一、项目基本情况1.项目编号：SZJX2026-ZJG-BX-002号2.项目名称：2026年度张家港大队中秋国庆福利与配送服务3.采购方式：比选4.预算金额：人民币肆拾捌万伍仟柒佰肆拾壹元贰角（¥485741.20 ）；最高单价限价：792.4 元/份；预估数量：613份5.采购需求：5.1交付与配送时间：2026年9月下旬，具体按采购单位要求。5.2配送内容与配送要求：成交单位按采购单位要求提供月饼、牛奶、饼干等物品并按规定时间配送至指定地点。6.验收标准：根据比选文件提出的要求进行验收。7.保证金：本项目不收取。8.本项目不接受联合体参与响应，不得转包、分包本项目。二、申请人的资格要求1.满足《中华人民共和国政府采购法》第二十二条规定：1.1 具有独立承担民事责任的能力；1.2 具有良好的商业信誉和健全的财务会计制度；1.3 具有履行合同所必需的设备和专业技术能力；1.4 有依法缴纳税收和社会保障资金的良好记录；1.5 参加采购活动前三年内，在经营活动中没有重大违法记录；1.6 法律、行政法规规定的其他条件。2.本项目的特定资格要求：具有有效期内的食品经营许可证或食品生产许可证或仅销售预包装食品备案证明。三、获取比选文件1.时间：2026年9月8日至2026年9月10日，每天上午9:00至11:30，下午13:00至16:30（北京时间，法定节假日除外）。2.地点：苏州市姑苏区南园北路118号天和大厦6-2063.方式：现场报名。获取比选文件须提供以下材料（所有资料的复印件需加盖响应单位公章）：（1）响应单位营业执照复印件；（2）经办人的单位法人授权书原件（如有授权）；（3）报名单位法定代表人及经办人（如有授权）身份证复印件；（4）填写好的领取（购买）采购文件登记表。4.售价：人民币壹佰元整（小写：100.00元）四、响应文件提交截止时间：2026年9月11日14点00分（北京时间）地点：苏州市南园北路118号天和商务大厦6-206五、开启截止时间：2026年9月11日14点00分（北京时间）地点：苏州市南园北路118号天和商务大厦6-206六、公告期限自本公告发布之日起3个工作日。七、其他补充事宜本次采购的有关信息将在中国政府采购网上发布，敬请留意。八、本次采购联系方式1.采购人信息名 称：张家港市消防救援大队工会委员会地址：江苏省张家港市杨舍镇北庄路2号联系人：张工联系方式：0512-589921622.采购代理机构信息名 称：苏州捷信招投标咨询有限公司地址：苏州市南园北路118号天和商务大厦6-206联系人：丁亚萍、汪业超联系方式：0512-65200361 二、开标时间：2026年09月11日 14:00 三、其它补充事宜无。 四、预算金额：预算金额：48.574120 万元（人民币）,公共安全,2026-09-11 14:00,中国政府采购网,比选,48.57412,table,,,,,,,,,,,
成都市龙泉驿区消防救援局2026年度桶装水、瓶装水配送服务采购项目比选公告,其他公告,LQXFBX-2026-08-03,2026年09月07日 14:25,成都市,成都市龙泉驿区消防救援大队,成都市龙泉驿区车城大道300号,李老师 028-84882980,四川中志招标代理有限公司,成都市高新区吉泰五路88号3栋16层7号（花样年·香年广场）,王子雄、曹晓宇、佟巍 028-65783579（报名相关事宜咨询）、028-85353312-611（采购项目相关事宜咨询）,王子雄、曹晓宇、佟巍项目联系电,028-85353312-611,,,https://www.ccgp.gov.cn/cggg/zygg/qtgg/202609/t20260907_27277647.htm,2026-09-10 10:09:59,"四川中志招标代理有限公司受成都市龙泉驿区消防救援大队 委托，根据《中华人民共和国政府采购法》等有关规定，现对成都市龙泉驿区消防救援局2026年度桶装水、瓶装水配送服务采购项目进行其他招标，欢迎合格的供应商前来投标。 项目名称：成都市龙泉驿区消防救援局2026年度桶装水、瓶装水配送服务采购项目项目编号：LQXFBX-2026-08-03项目联系方式：项目联系人：王子雄、曹晓宇、佟巍项目联系电话：028-85353312-611 采购单位联系方式：采购单位：成都市龙泉驿区消防救援大队采购单位地址：成都市龙泉驿区车城大道300号采购单位联系方式：李老师 028-84882980 代理机构联系方式：代理机构：四川中志招标代理有限公司代理机构联系人：王子雄、曹晓宇、佟巍 028-65783579（报名相关事宜咨询）、028-85353312-611（采购项目相关事宜咨询）代理机构地址： 成都市高新区吉泰五路88号3栋16层7号（花样年·香年广场） 一、采购项目内容四川中志招标代理有限公司受成都市龙泉驿区消防救援局的委托，对自行组织的成都市龙泉驿区消防救援局2026年度桶装水、瓶装水配送服务采购项目进行比选，兹邀请符合要求的申请人就本项目提交密封的比选申请文件。一、比选人：成都市龙泉驿区消防救援局二、项目编号：LQXFBX-2026-08-03三、比选项目名称：成都市龙泉驿区消防救援局2026年度桶装水、瓶装水配送服务采购项目四、项目情况：成都市龙泉驿区消防救援局2026年度桶装水、瓶装水配送服务采购，具体内容见比选文件第五部分：“项目概况及要求”。申请人须对本项目的内容应作出响应并对比选文件要求的全部内容进行报价。五、申请人资格条件：1．申请人应符合参加本次比选活动应当具备的条件:（1）具有独立承担民事责任能力；（2）具有良好的商业信誉和健全的财务会计制度；（3）具有履行合同所必需的设备和专业技术能力；（4）有依法缴纳税收和社会保障资金的良好记录；（5）参加比选活动前三年内，在经营活动中没有重大违法记录，遵守相关的法律和法规；2．比选人根据本项目提出的特殊条件：（1）根据《关于在政府采购活动中查询及使用信用记录有关问题的通知》（财库〔2016〕125号）的要求，采购代理机构将通过“信用中国”网站（www.creditchina.gov.cn）、“中国政府采购网”网站（www.ccgp.gov.cn）等渠道查询供应商在比选当日之前的信用信息记录并保存信用记录结果网页截图，拒绝列入失信被执行人、重大税收违法案件当事人名单、政府采购严重违法失信行为记录名单及其他不符合《中华人民共和国政府采购法》第二十二条规定条件的供应商参加本项目的比选活动；（2）本项目属于专门面向中小微企业采购的项目,服务承接企业应为中小微企业或监狱企业或残疾人福利性单位；（3）比选申请人具有有效的《食品经营许可证》或所在地县级以上市场监督管理部门出具的食品经营（仅销售预包装食品）备案凭证复印件。六、本项目不接受联合体参加比选。七、比选文件获取时间及地点：比选文件获取时间：自2026年9月8日至2026年9月10日9:30-17:00（北京时间，法定节假日除外）。比选文件获取方式：未注册供应商从“四川中志招标代理有限公司”官网（网址：http://www.sczzzb.com/）—点击“供应商注册”填写注册信息—注册成功登录账户—完善企业信息提交审核—审核成功登录账户点击欲报名项目—点击欲报名项目报名。已注册供应商可直接登录系统—点击供应商管理—报名管理正在报名项目—点击欲报名项目报名。提示：（1）比选文件售价：人民币150元/份（售后不退，比选资格不能转让）（2）供应商只有在“四川中志招标代理有限公司”官网完成获取比选文件申请并下载比选文件后才视作依法参与本项目。如未在“四川中志招标代理有限公司”官网内完成相关流程，引起的响应无效责任自负。（3）供应商获取比选文件时必须如实认真填写项目信息及供应商信息；若因供应商提供的错误信息，对自身参与比选事宜造成影响的，由供应商自行承担责任（供应商欲修改报名信息，请于报名截止时间前登陆“四川中志招标代理有限公司”官网修改报名信息）。八、递交比选申请文件截止时间：2026年9月15日10:00。申请人应于截止日期当日截止时间前将比选申请文件送达递交比选申请文件地点。逾期送达的比选申请文件将被拒绝。九、递交比选申请文件地点：成都市高新区吉泰五路88号(花样年香年广场)3栋16层四川中志招标代理有限公司。比选申请文件必须在递交比选申请文件截止日期当日截止时间前送达，逾期送达或不符合规定的比选申请文件恕不接受；不接受以电子邮件、传真及邮寄方式递交的比选申请文件。十、本比选邀请在中国政府采购网(https://www.ccgp.gov.cn/)上发布，本项目不属于政府采购项目、必须招标项目范围。十一、有关本次比选事项请按以下方式联系：比选人：成都市龙泉驿区消防救援局通讯地址：成都市龙泉驿区车城大道300号联 系 人：李老师电    话：028-84882980采购代理机构：四川中志招标代理有限公司开户银行：中国建设银行股份有限公司成都高新支行账    号：5100 1406 1370 5152 6738通讯地址：成都市高新区吉泰五路88号3栋16层7号（花样年·香年广场）联 系 人：王子雄、曹晓宇、佟巍电    话：028-65783579（报名相关事宜咨询）028-85353312-611（采购项目相关事宜咨询）电子邮件：采购文件获取：sczz@sczz84510079.com采购项目咨询：wangzixiong@sczz84510079.com开取发票：fapiao@sczz84510079.com 二、开标时间：2026年09月15日 10:00 三、其它补充事宜无。 四、预算金额：预算金额：15.000000 万元（人民币）",公共安全,2026-09-15 10:00,中国政府采购网,,15.0,table,,,,,,,,,,,
哈尔滨市消防救援支队食堂食材供应保障服务项目(二次）废标公告,流标公告,FD,2026年09月07日 14:23,黑龙江省,哈尔滨市消防救援支队,哈尔滨市香坊区和平路111号,韩女士0451-51190817,方大国际工程咨询股份有限公司,哈尔滨市道里区群力大道3517号星光耀广场二期A座9层,王先生0451-82291520,王先生,0451-82291520,,,https://www.ccgp.gov.cn/cggg/zygg/qtgg/202609/t20260907_27277635.htm,2026-09-10 10:10:00,一、项目基本情况 采购项目编号：FD[2026]086 采购项目名称：哈尔滨市消防救援支队食堂食材供应保障服务项目 二、项目废标/流标的原因 截至投标文件提交截止时间，递交投标文件的供应商不足三家，本项目予以废标。 三、其他补充事宜 四、凡对本次公告内容提出询问，请按以下方式联系。 1.采购人信息 名 称：哈尔滨市消防救援支队 地址：哈尔滨市香坊区和平路111号 联系方式：韩女士0451-51190817 2.采购代理机构信息 名 称：方大国际工程咨询股份有限公司 地 址：哈尔滨市道里区群力大道3517号星光耀广场二期A座9层 联系方式： 王先生0451-82291520 3.项目联系方式 项目联系人： 王先生 电 话： 0451-82291520,公共安全,,中国政府采购网,,,default,二、项目废标/流标的原因,,,,,,,,,,
中国地质调查局发展研究中心（全国地质资料馆、自然资源部矿产勘查技术指导中心）中国地质调查局发展研究中心四川会理黎溪地区铜矿异常查证项目废标公告,流标公告,0722-26FE3697ZB5,2026年09月07日 14:18,北京市,中国地质调查局发展研究中心（全国地质资料馆、自然资源部矿产勘查技术指导中心）,北京市西城区阜外大街45号,金老师 010-58584442,中国远东国际招标有限公司,北京朝阳区和平街东土城路甲9号,穆辰霖、章培 13581956002、13911555743,穆辰霖、章培,13581956002、13911555743,,,https://www.ccgp.gov.cn/cggg/zygg/qtgg/202609/t20260907_27277598.htm,2026-09-10 10:10:00,一、项目基本情况 采购项目编号：0722-26FE3697ZB5 采购项目名称：中国地质调查局发展研究中心四川会理黎溪地区铜矿异常查证项目 二、项目废标/流标的原因 通过符合性审查的有效投标人不足3家 三、其他补充事宜 无 四、凡对本次公告内容提出询问，请按以下方式联系。 1.采购人信息 名 称：中国地质调查局发展研究中心（全国地质资料馆、自然资源部矿产勘查技术指导中心） 地址：北京市西城区阜外大街45号 联系方式：金老师 010-58584442 2.采购代理机构信息 名 称：中国远东国际招标有限公司 地 址：北京朝阳区和平街东土城路甲9号 联系方式：穆辰霖、章培 13581956002、13911555743 3.项目联系方式 项目联系人：穆辰霖、章培 电 话： 13581956002、13911555743,其他,,中国政府采购网,,,default,二、项目废标/流标的原因,,,,,,,,,,
腹腔内窥镜手术系统集中采购项目废标公告,流标公告,B0708-CMC26N7992,2026年09月07日 14:08,北京市,国家卫生健康委国际交流与合作中心,北京市西城区车公庄大街9号五栋大楼B3座,李老师、杜老师 010-88393879,中国机械进出口（集团）有限公司,北京市丰台区金泽东路通用时代中心C座,张曌明，李子豪  电话：010-81168235、81168223    电子邮箱：zhangzhaoming@cmc.gt.cn,张曌明,010-81168235、81168223,,,https://www.ccgp.gov.cn/cggg/zygg/qtgg/202609/t20260907_27277517.htm,2026-09-10 10:10:01,一、项目基本情况 采购项目编号：B0708-CMC26N7992 采购项目名称：腹腔内窥镜手术系统集中采购项目 二、项目废标/流标的原因 因递交投标文件的投标人不足三家，本项目废标。 三、其他补充事宜 无 四、凡对本次公告内容提出询问，请按以下方式联系。 1.采购人信息 名 称：国家卫生健康委国际交流与合作中心 地址：北京市西城区车公庄大街9号五栋大楼B3座 联系方式：李老师、杜老师 010-88393879 2.采购代理机构信息 名 称：中国机械进出口（集团）有限公司 地 址：北京市丰台区金泽东路通用时代中心C座 联系方式：张曌明，李子豪 电话：010-81168235、81168223 电子邮箱：zhangzhaoming@cmc.gt.cn 3.项目联系方式 项目联系人：张曌明，李子豪 电 话： 010-81168235、81168223,医疗卫生,,中国政府采购网,,,default,二、项目废标/流标的原因,,,,,,,,,,
北京师范大学路庄创业中心地源热泵设备租赁项目单一来源采购公示,其他公告,2608-HXTC-BJ1499,2026年09月07日 14:04,北京市,北京师范大学,北京市海淀区新街口外大街19号,陈老师、滕老师，010-58802582,北京宏信天诚国际招标有限公司,北京市海淀区复兴路乙12号中国铝业大厦11层1110室,闫文娟、孙银英，010-63974645；010-63969957,闫文娟、孙银英,010-63974645,"专业人员论证意见.pdf,BJ1499 北京师范大学路庄创业中心地源热泵设备租赁项目-单一来源采购公示公告.docx","[{""attach_name"": ""专业人员论证意见.pdf"", ""attach_url"": ""https://download.ccgp.gov.cn/oss/download?uuid=12B0E18F6EFB91692C0C3749361DF6""}, {""attach_name"": ""BJ1499 北京师范大学路庄创业中心地源热泵设备租赁项目-单一来源采购公示公告.docx"", ""attach_url"": ""https://download.ccgp.gov.cn/oss/download?uuid=75F11A57296F9BEE4EB73202D47743""}]",https://www.ccgp.gov.cn/cggg/zygg/qtgg/202609/t20260907_27277498.htm,2026-09-10 10:10:02,北京宏信天诚国际招标有限公司受北京师范大学 委托，根据《中华人民共和国政府采购法》等有关规定，现对北京师范大学路庄创业中心地源热泵设备租赁项目进行其他招标，欢迎合格的供应商前来投标。 项目名称：北京师范大学路庄创业中心地源热泵设备租赁项目项目编号：2608-HXTC-BJ1499（WT2026167）项目联系方式：项目联系人：闫文娟、孙银英项目联系电话：010-63974645；010-63969957 采购单位联系方式：采购单位：北京师范大学采购单位地址：北京市海淀区新街口外大街19号采购单位联系方式：陈老师、滕老师，010-58802582 代理机构联系方式：代理机构：北京宏信天诚国际招标有限公司代理机构联系人：闫文娟、孙银英，010-63974645；010-63969957代理机构地址： 北京市海淀区复兴路乙12号中国铝业大厦11层1110室 一、采购项目内容一、项目信息采购项目内容：北京师范大学路庄创业中心地源热泵设备租赁拟采购的货物或服务的说明：本项目为租赁路庄创业中心配套地源热泵设备，保障园区日常运营、科研办公及配套设施恒温供热等基础配套服务。采用单一来源采购方式的原因及说明：北京师大合创科技平台运营集团有限公司已与北京沙河高教园区开发建设有限责任公司、北京华宇恒源投资管理有限公司签订协议，依法获得路庄创业中心整体场地和楼内地源热泵设备的独家使用权、运营权及转租权，是该场地及配套地源热泵设备唯一合法的运营出租主体，市场内无其他具备该设备合法租赁资质的供应商。北京师范大学已与北京师大合创科技平台运营集团有限公司签订产业服务合作协议，租赁路庄创业中心建设北师大国家大学科技园未来生命健康产业园。本次所需租赁的地源热泵设备为路庄创业中心专属配套设施，与场地主体不可分割，是产业园落地运营的必备配套设备。因此，地源热泵设备只能从北京师大合创科技平台运营集团有限公司租赁。北京师大合创科技平台运营集团有限公司在满足采购人使用需求方面具有唯一性与完整性，符合《中华人民共和国政府采购法》第三十一条“只能从唯一供应商处采购”的法定情形。因此，本项目拟采用单一来源方式采购。二、拟定供应商信息名称：北京师大合创科技平台运营集团有限公司地址：北京市海淀区新街口外大街19号9区16号楼311室三、公示期限2026年9月7日至2026年9月14日四、联系方式1.中央主管预算单位联系人：教育部联系地址：北京市西单大木仓胡同37号联系电话：胡老师，010-660930112.财政部门联系人：财政部国库司审核一处、审核二处联系地址：北京市西城区三里河南三巷3号联系电话：010-68553340、010-68551817 二、开标时间： 三、其它补充事宜有关单位和个人如对公示内容有异议，请在2026年9月14日16:30（北京时间）之前以实名书面（包括联系人、地址、联系电话）形式向采购人、采购代理机构反馈，公示期限为5个工作日。 四、预算金额：预算金额：199.000000 万元（人民币）,教育培训,,中国政府采购网,,199.0,table,,,,,,,,,,,
中华人民共和国常平海关物业零星维修协议施工单位入库采购项目失败公告,其他公告,GDIT-2026145,2026年09月07日 13:43,东莞市,中华人民共和国常平海关,东莞市常平镇东征路98号常平海关,李先生，0769-22005830,广东洲际招标代理有限公司,东莞市南城区元美路2号财富广场B座13A层13A08室,邓艳军、郑新、娄建平，0769-23328188,邓艳军、郑新、娄建平,0769-23328188,,,https://www.ccgp.gov.cn/cggg/zygg/qtgg/202609/t20260907_27277409.htm,2026-09-10 10:10:02,一、项目基本情况 采购项目编号：GDIT-2026145 采购项目名称：常平海关物业零星维修协议施工单位入库采购项目 二、项目废标/流标的原因 通过资格、符合性审查的供应商不足3家。 三、其他补充事宜 / 四、凡对本次公告内容提出询问，请按以下方式联系。 1.采购人信息 名 称：中华人民共和国常平海关 地址：东莞市常平镇东征路98号常平海关 联系方式：李先生，0769-22005830 2.采购代理机构信息 名 称：广东洲际招标代理有限公司 地 址：东莞市南城区元美路2号财富广场B座13A层13A08室 联系方式：邓艳军、郑新、娄建平，0769-23328188 3.项目联系方式 项目联系人：邓艳军、郑新、娄建平 电 话： 0769-23328188,工程建设,,中国政府采购网,,,default,二、项目废标/流标的原因,,,,,,,,,,
吉林大学部分公用楼宇相关电气改造工程高压电力项目监理服务二标段中标候选人公示,其他公告,CCS20260708FJSZ01001001,2026年09月07日 12:47,长春市,吉林大学,吉林省长春市前进大街2699号,方永刚0431-85167313,江苏仁禾中衡工程咨询房地产估价有限公司,吉林省长春市生态大街五洲国际二期6栋305室,刘作祥、郭成、陈婷0431-80546028,陈婷,0431-80546028,,,https://www.ccgp.gov.cn/cggg/zygg/qtgg/202609/t20260907_27277315.htm,2026-09-10 10:10:03,"江苏仁禾中衡工程咨询房地产估价有限公司受吉林大学 委托，根据《中华人民共和国政府采购法》等有关规定，现对吉林大学部分公用楼宇相关电气改造工程高压电力项目监理服务二标段进行其他招标，欢迎合格的供应商前来投标。 项目名称：吉林大学部分公用楼宇相关电气改造工程高压电力项目监理服务二标段项目编号：CCS20260708FJSZ01001001项目联系方式：项目联系人：陈婷项目联系电话：0431-80546028 采购单位联系方式：采购单位：吉林大学采购单位地址：吉林省长春市前进大街2699号采购单位联系方式：方永刚0431-85167313 代理机构联系方式：代理机构：江苏仁禾中衡工程咨询房地产估价有限公司代理机构联系人：刘作祥、郭成、陈婷0431-80546028代理机构地址： 吉林省长春市生态大街五洲国际二期6栋305室 一、采购项目内容吉林大学部分公用楼宇相关电气改造工程高压电力项目监理服务二标段中标候选人公示 江苏仁禾中衡工程咨询房地产估价有限公司受吉林大学的委托,对吉林大学部分公用楼宇相关电气改造工程高压电力项目监理服务二标段进行公开招标,该项目于2026年9月4日09时30分在吉林省公共资源交易一体化平台进行公开开标，现将本次评标结果公布如下：项目名称：吉林大学部分公用楼宇相关电气改造工程高压电力项目监理服务二标段招标编号：CCS20260708FJSZ01001001中标候选人信息：第一中标候选人：吉林建院工程建设监理咨询有限公司统一信用代码：912201042438167095地址：长春市朝阳区红旗街 1129 号投标报价：454900元项目负责人：孙永旭证书编号：22005119推荐原因：综合排序第一第二中标候选人：吉林省胜浩工程项目管理有限公司统一信用代码：91220106MA17ALWQ3F地址：长春市绿园区锦阳路 18 号吉林油田长化职工住宅小区 6 栋 506 号房投标报价：450000元项目负责人：石宏江证书编号：11018027推荐原因：综合排序第二第三中标候选人：吉林省中鼎建设工程项目管理有限公司统一信用代码：91220101768961503W地址：长春市经济技术开发区深圳街 3 号投标报价：450000元项目负责人：乔恒证书编号：22007334推荐原因：综合排序第三建设规模：项目属于校园基础设施改造更新。建设内容主要对各校区部分公用楼宇所在校园园区进行电力增容及变配电改造，投资金额约2600万元。项目建设地点：吉林大学朝阳校区、新民校区、前卫北校区、南湖校区、南岭校区、和平校区。招标范围：完成高压电力项目前期准备阶段、施工阶段、工程竣工验收阶段、竣工资料整理及备案阶段、竣工结算和决算阶段、缺陷责任阶段、质量保修阶段、审计阶段等阶段的全过程监理服务，踏查、梳理本项目相关楼宇、区域用电基本情况，项目执行过程中及项目完成后配合迎接上级管理部门的审核、审查，协助报送相关技术资料，提供相应技术支持等。监理服务期限：自合同签订之日起至2027年10月31日。质量标准：符合国家现行标准《建设工程监理规范》及吉林省地方标准《建设工程监理规范实施细则》。中标候选人公示3个工作日。如果本项目的投标人对评标结果有异议，请在公示期内以书面形式向招标人或招标代理机构提出。发布公告的媒介：本次中标候选人公告在《中国政府采购网》《中国招标投标公共服务平台》《吉林省公共资源交易公共服务平台》《长春市公共资源交易网》《吉林大学招标与采购管理中心（http://cgglzx.jlu.edu.cn/）网站》上发布。对本次招标提出询问，请按以下方式联系。1.采购人信息招标人：吉林大学 地  址：吉林省长春市前进大街2699号 联系人：方永刚 电  话：0431-85167313招标代理机构：江苏仁禾中衡工程咨询房地产估价有限公司地  址：吉林省长春市生态大街五洲国际二期6栋305室联系人：刘作祥、郭成、陈婷电  话：0431-80546028监督部门：长春市建委招投标管理处联系电话：0431-81335731十、建设工程招标投标领域扫黑除恶专项斗争线索举报方式：1.吉林省建设工程招标投标领域扫黑除恶专项斗争线索举报方式：电话：0431-82752638  邮箱：jstzbc123@126.com地址：长春市贵阳街287号建设大厦428室招投标管理处邮编：1300512.长春市建设工程招标投标领域扫黑除恶专项斗争线索举报方式：电话：0431-88779829  邮箱：ccjw88779829@163.com地址：长春市南关区华新街700号邮编：130000  二、开标时间：2026年09月04日 09:30 三、其它补充事宜 四、预算金额：预算金额：49.000000 万元（人民币）",教育培训,,中国政府采购网,,49.0,table,,,,,,,,,,,
正务-ARRIEL发动机单元体修理-单一来源采购方式公示,其他公告,ZWLH-2026DY-046,2026年09月07日 12:25,厦门市,交通运输部东海第二救助飞行队,福建省厦门市湖里区翔云三路128号,李亚辉  13600979423,厦门正务联合招标代理有限公司,厦门市湖里区枋湖南路163号1001室之五,印海萍  0592-5785922,印海萍,0592-5785922,"福建省政府采购专家库.pdf,单一来源采购方式论证 签到表及专家论证意见.pdf","[{""attach_name"": ""福建省政府采购专家库.pdf"", ""attach_url"": ""https://download.ccgp.gov.cn/oss/download?uuid=023F19F9AFD4ED2084446A0F715406""}, {""attach_name"": ""单一来源采购方式论证 签到表及专家论证意见.pdf"", ""attach_url"": ""https://download.ccgp.gov.cn/oss/download?uuid=95653EB457D490A5C509FFCA0301A5""}]",https://www.ccgp.gov.cn/cggg/zygg/qtgg/202609/t20260907_27277242.htm,2026-09-10 10:10:03,厦门正务联合招标代理有限公司受交通运输部东海第二救助飞行队 委托，根据《中华人民共和国政府采购法》等有关规定，现对ARRIEL发动机单元体修理进行其他招标，欢迎合格的供应商前来投标。 项目名称：ARRIEL发动机单元体修理项目编号：ZWLH-2026DY-046项目联系方式：项目联系人：印海萍项目联系电话：0592-5785922 采购单位联系方式：采购单位：交通运输部东海第二救助飞行队采购单位地址：福建省厦门市湖里区翔云三路128号采购单位联系方式：李亚辉 13600979423 代理机构联系方式：代理机构：厦门正务联合招标代理有限公司代理机构联系人：印海萍 0592-5785922代理机构地址： 厦门市湖里区枋湖南路163号1001室之五 一、采购项目内容（一）项目信息：采购人：交通运输部东海第二救助飞行队项目名称：ARRIEL发动机单元体修理预算金额：1770000元人民币采用单一来源采购方式的原因及说明:只能从唯一供应商处采购（二）拟定供应商信息名称： 赛峰直升机发动机（天津）有限公司地址：天津自贸试验区（空港经济区）综合保税区航空产业支持中心314-315室（三）公示期限2026年9月7日至2026年9月14日 二、开标时间： 三、其它补充事宜/ 四、预算金额：预算金额：177.000000 万元（人民币）,市政交通,,中国政府采购网,,177.0,table,,,,,,,,,,,
上海市消防救援总队训练与战勤保障支队采购实战化培训耗材防盗门、锁芯流标公告,流标公告,FTZB-HW202607001Z,2026年09月07日 11:46,上海市,上海市消防救援总队训练与战勤保障支队,上海市奉贤区奉城镇洪南路258号,傅老师，021-22139119,上海斐腾招标服务有限公司,徐汇区云锦路500号商场R座2楼,张老师，13585868364（FT188Z@163.com）,张老师,13585868364,,,https://www.ccgp.gov.cn/cggg/zygg/qtgg/202609/t20260907_27276926.htm,2026-09-10 10:10:04,一、项目基本情况 采购项目编号：FTZB-HW202607001Z 采购项目名称：采购实战化培训耗材防盗门、锁芯 二、项目废标/流标的原因 到报名截止时间，参与报名的单位不足3家，故本项目流标。 三、其他补充事宜 四、凡对本次公告内容提出询问，请按以下方式联系。 1.采购人信息 名 称：上海市消防救援总队训练与战勤保障支队 地址：上海市奉贤区奉城镇洪南路258号 联系方式：傅老师，021-22139119 2.采购代理机构信息 名 称：上海斐腾招标服务有限公司 地 址：徐汇区云锦路500号商场R座2楼 联系方式：张老师，13585868364（FT188Z@163.com） 3.项目联系方式 项目联系人：张老师 电 话： 13585868364,教育培训,,中国政府采购网,,,default,二、项目废标/流标的原因,,,,,,,,,,
上海市消防救援总队训练与战勤保障支队采购实战化培训耗材A类火燃料流标,流标公告,FTZB-HW202607002Z,2026年09月07日 11:46,上海市,上海市消防救援总队训练与战勤保障支队,上海市奉贤区奉城镇洪南路258号,傅老师，021-22139119,上海斐腾招标服务有限公司,徐汇区云锦路500号商场R座2楼,张老师，13585868364（FT188Z@163.com）,张老师,13585868364,,,https://www.ccgp.gov.cn/cggg/zygg/qtgg/202609/t20260907_27276920.htm,2026-09-10 10:10:05,一、项目基本情况 采购项目编号：FTZB-HW202607002Z 采购项目名称：采购实战化培训耗材A类火燃料 二、项目废标/流标的原因 到投标截止时间，参与投标的单位不足3家，故本项目流标。 三、其他补充事宜 四、凡对本次公告内容提出询问，请按以下方式联系。 1.采购人信息 名 称：上海市消防救援总队训练与战勤保障支队 地址：上海市奉贤区奉城镇洪南路258号 联系方式：傅老师，021-22139119 2.采购代理机构信息 名 称：上海斐腾招标服务有限公司 地 址：徐汇区云锦路500号商场R座2楼 联系方式：张老师，13585868364（FT188Z@163.com） 3.项目联系方式 项目联系人：张老师 电 话： 13585868364,教育培训,,中国政府采购网,,,default,二、项目废标/流标的原因,,,,,,,,,,
上海市消防救援总队训练与战勤保障支队采购通用生烟液流标公告,流标公告,FTZB-HW202607003Z,2026年09月07日 11:46,上海市,上海市消防救援总队训练与战勤保障支队,上海市奉贤区奉城镇洪南路258号,傅老师，021-22139119,上海斐腾招标服务有限公司,徐汇区云锦路500号商场R座2楼,张老师，13585868364（FT188Z@163.com）,张老师,13585868364,,,https://www.ccgp.gov.cn/cggg/zygg/qtgg/202609/t20260907_27276901.htm,2026-09-10 10:10:06,一、项目基本情况 采购项目编号：FTZB-HW202607003Z 采购项目名称：采购通用生烟液 二、项目废标/流标的原因 到投标截止时间，参与投标的单位不足3家，故本项目流标。 三、其他补充事宜 四、凡对本次公告内容提出询问，请按以下方式联系。 1.采购人信息 名 称：上海市消防救援总队训练与战勤保障支队 地址：上海市奉贤区奉城镇洪南路258号 联系方式：傅老师，021-22139119 2.采购代理机构信息 名 称：上海斐腾招标服务有限公司 地 址：徐汇区云锦路500号商场R座2楼 联系方式：张老师，13585868364（FT188Z@163.com） 3.项目联系方式 项目联系人：张老师 电 话： 13585868364,公共安全,,中国政府采购网,,,default,二、项目废标/流标的原因,,,,,,,,,,
西安交通大学医学院第一附属医院射频微针治疗仪和皮肤毛发镜图像处理工作站采购流标公告（一标段射频微针治疗仪）,流标公告,GXTC-C-26570257,2026年09月07日 11:29,市辖区,西安交通大学第一附属医院,陕西省西安市雁塔西路277号,李老师029-85324027,国信招标集团股份有限公司,陕西省西安市雁塔区南二环西段58号成长大厦20楼,钞小龙、刘洋、胡智运、张海飞18191792135,钞小龙,18191792135,,,https://www.ccgp.gov.cn/cggg/zygg/qtgg/202609/t20260907_27276728.htm,2026-09-10 10:10:06,一、项目基本情况 采购项目编号：GXTC-C-26570257（2026YS37GX） 采购项目名称：西安交通大学医学院第一附属医院射频微针治疗仪和皮肤毛发镜图像处理工作站采购 二、项目废标/流标的原因 经评审，通过资格性审查的投标人不足3家，该标段流标 三、其他补充事宜 无 四、凡对本次公告内容提出询问，请按以下方式联系。 1.采购人信息 名 称：西安交通大学第一附属医院 地址：陕西省西安市雁塔西路277号 联系方式：李老师029-85324027 2.采购代理机构信息 名 称：国信招标集团股份有限公司 地 址：陕西省西安市雁塔区南二环西段58号成长大厦20楼 联系方式：钞小龙、刘洋、胡智运、张海飞18191792135 3.项目联系方式 项目联系人：钞小龙 电 话： 18191792135,医疗卫生,,中国政府采购网,,,default,二、项目废标/流标的原因,,,,,,,,,,
中国科学院光电技术研究所振幅与相位探测器采购项目流标公告,流标公告,OITC-G260170032,2026年09月07日 11:25,四川省,中国科学院光电技术研究所,成都市双流区西航港街道光电大道1号,高老师 028- 85100570,东方国际招标有限责任公司,北京市海淀区丹棱街1号互联网金融中心20层,迟兆洋、叶明、林杨婷 020-87001523  ytlin@oitc.com.cn、cjwang@oitc.com.cn 、sli@oitc.com.cn,迟兆洋、叶明、林杨婷,020-87001523,_170032振幅与相位探测器【7.22稿】(1).docx,"[{""attach_name"": ""_170032振幅与相位探测器【7.22稿】(1).docx"", ""attach_url"": ""https://download.ccgp.gov.cn/oss/download?uuid=F4E551136D7B2C5259DB349FE3BAD5""}]",https://www.ccgp.gov.cn/cggg/zygg/qtgg/202609/t20260907_27276677.htm,2026-09-10 10:10:07,一、项目基本情况 采购项目编号：OITC-G260170032 采购项目名称：中国科学院光电技术研究所振幅与相位探测器采购项目 二、项目废标/流标的原因 截至投标文件递交截止时间，递交投标文件的投标人不足三家，本项目流标。 三、其他补充事宜 无。 四、凡对本次公告内容提出询问，请按以下方式联系。 1.采购人信息 名 称：中国科学院光电技术研究所 地址：成都市双流区西航港街道光电大道1号 联系方式：高老师 028- 85100570 2.采购代理机构信息 名 称：东方国际招标有限责任公司 地 址：北京市海淀区丹棱街1号互联网金融中心20层 联系方式：迟兆洋、叶明、林杨婷 020-87001523 ytlin@oitc.com.cn、cjwang@oitc.com.cn 、sli@oitc.com.cn 3.项目联系方式 项目联系人：迟兆洋、叶明、林杨婷 电 话： 020-87001523,教育培训,,中国政府采购网,,,default,二、项目废标/流标的原因,,,,,,,,,,
芜湖市消防救援支队空气呼吸器两室一站采购项目参数公示,其他公告,,2026年09月07日 11:10,市辖区,芜湖市消防救援支队,安徽省芜湖市鸠江区赤铸山东路28号,骆助理  15005534347,详见公告正文,详见公告正文,详见公告正文,骆助理,15005534347,"芜湖市消防救援支队空气呼吸器两室一站采购项目参数.docx,意见书模版.doc","[{""attach_name"": ""芜湖市消防救援支队空气呼吸器两室一站采购项目参数.docx"", ""attach_url"": ""https://download.ccgp.gov.cn/oss/download?uuid=17F079280684F43192C5B6032D4D57""}, {""attach_name"": ""意见书模版.doc"", ""attach_url"": ""https://download.ccgp.gov.cn/oss/download?uuid=1C17602DD8A6A07A23EF310D3E8A27""}]",https://www.ccgp.gov.cn/cggg/zygg/qtgg/202609/t20260907_27276575.htm,2026-09-10 10:10:07,根据《中华人民共和国政府采购法》等有关规定，现对芜湖市消防救援支队空气呼吸器两室一站采购项目参数公示进行其他招标，欢迎合格的供应商前来投标。 项目名称：芜湖市消防救援支队空气呼吸器两室一站采购项目参数公示项目编号：项目联系方式：项目联系人：骆助理项目联系电话：15005534347 采购单位联系方式：采购单位：芜湖市消防救援支队采购单位地址：安徽省芜湖市鸠江区赤铸山东路28号采购单位联系方式：骆助理 15005534347  一、采购项目内容本公告为项目采购前进行的技术参数公示，非招标公告，如有意见反馈，请于2026年9月15日16时30分前，按照附件意见书模板反馈至whsxfjyzd@126.com，并同时反馈PDF（盖章）版及word版意见。 二、开标时间： 三、其它补充事宜 四、预算金额：预算金额：0.000000 万元（人民币）,公共安全,,中国政府采购网,,0.0,table,,,,,,,,,,,
中国科学院大学国际会议中心四食堂联营风味档口招商项目择优选聘公告,其他公告,UCAS-ZBB-2026057,2026年09月07日 11:04,北京市,中国科学院大学,北京市石景山区玉泉路19号（甲）（邮编：100 049）,陈老师，010-6967 1906,北京明德致信咨询有限公司,北京市海淀区学院路30号科大天工大厦B座17层09室,王爽、于歌，吕绍山 010-8237 0045 ws@zbbmcc.com,王爽、于歌,010-61196301,1173-择优选聘公告.docx,"[{""attach_name"": ""1173-择优选聘公告.docx"", ""attach_url"": ""https://download.ccgp.gov.cn/oss/download?uuid=5078D180B9A7EB7A54BCDC192DF708""}]",https://www.ccgp.gov.cn/cggg/zygg/qtgg/202609/t20260907_27276541.htm,2026-09-10 10:10:08,"北京明德致信咨询有限公司受中国科学院大学 委托，根据《中华人民共和国政府采购法》等有关规定，现对中国科学院大学国际会议中心四食堂联营风味档口招商项目进行其他招标，欢迎合格的供应商前来投标。 项目名称：中国科学院大学国际会议中心四食堂联营风味档口招商项目项目编号：UCAS-ZBB-2026057（BMCC-ZC26-1173）项目联系方式：项目联系人：王爽、于歌，吕绍山项目联系电话：010-6119 6301 采购单位联系方式：采购单位：中国科学院大学采购单位地址：北京市石景山区玉泉路19号（甲）（邮编：100 049）采购单位联系方式：陈老师，010-6967 1906 代理机构联系方式：代理机构：北京明德致信咨询有限公司代理机构联系人：王爽、于歌，吕绍山 010-8237 0045 ws@zbbmcc.com代理机构地址： 北京市海淀区学院路30号科大天工大厦B座17层09室 一、采购项目内容一、项目基本情况1.项目名称：中国科学院大学国际会议中心四食堂联营风味档口招商项目2.项目编号：UCAS-ZBB-2026057（BMCC-ZC26-1173）3.采购需求： 包号 分包名称 拟选聘供应商数量 服务期 简要技术需求或服务范围 01 雁栖湖校区四食堂一层风味二档口联营项目 1家 项目服务期：两年。服务期内根据综合考核的结果每年一签合同。考核结果不合格的，采购方有权终止合同。 本项目为中国科学院大学国际会议中心四食堂风味档口联营项目，学校共有五个档口（粤式烧腊，砂锅粥、蛋包饭，鱼煲、米粉饺子、石锅，烤肉拌饭、旋转小火锅），本次采购共5包，拟引入特色餐饮品类，各档口品类不重复），要求中标方提供安全、优质、便捷的餐饮服务，配合学校完成日常运营管理，满足师生多样化的就餐需求，严格遵守食品安全管理相关规定及学校各项管理制度。 02 雁栖湖校区四食堂一层风味三档口联营项目 1家 03 雁栖湖校区四食堂一层风味四档口联营项目 1家 04 雁栖湖校区四食堂一层风味五档口联营项目 1家 05 四食堂三层旋转小火锅档口联营项目 1家 注：供应商可以对本项目中的一个采购包进行响应，也可同时对多个采购包进行响应，但须针对每一采购包中的所有内容进行响应，不允许拆分。为保障服务质量，本项目采用兼投不兼中原则，供应商可同时报名参与本项目多个包，但最多可成交1个采购包。   二、供应商的资格要求1．供应商须为在中华人民共和国境内依法注册的独立法人企业，具有有效的营业执照，经营范围包含餐饮服务或食品经营或餐饮管理或食品销售等相关内容；2．供应商应遵守国家有关法律、法规、规章制度，具有良好的商业信誉；3. 供应商须具有有效的《食品经营许可证》；4. 供应商近 3 年内无重大食品安全事故、重大生产安全事故记录，无被市场监管部门、教育主管部门行政处罚的不良记录；5. 通过“信用中国”网站（www.creditchina.gov.cn） 和中国政府采购网（www.ccgp.gov.cn）查询信用记录（截止时点为递交选聘响应文件截止时间），对列入失信被执行人、重大税收违法案件当事人、政府采购严重违法失信行为记录名单的供应商，没有资格参加本次选聘活动。6. 单位负责人为同一人或者存在直接控股、管理关系的不同供应商，不得同时参加本项目同一包号的选聘。本项目的采购代理机构及其分支机构不得参加本项目选聘。7. 选聘供应商须按包购买选聘文件并登记备案，未向代理机构购买选聘文件并登记备案的潜在供应商均无资格参加选聘。8. 本项目不接受联合体。三、获取选聘文件1、时间：2026年09月07日至2026年9月14日，上午9:00至11:30，下午13:00至17:00（北京时间，法定节假日除外）。2、地点：北京明德致信咨询有限公司官网（http://www.zbbmcc.com）。3、方式：本项目接受电汇或网银方式获取选聘文件（具体方式详见“其他补充事宜”）。4、售价：人民币500.00元/包，售后不退。四、递交响应文件截止时间、地点1、时间：2026年09月18日09点00分（北京时间）。2、地点：北京市海淀区学院路30号科大天工大厦B座17层第四会议室。五、公告期限自本公告发布之日起5个日历日。 二、开标时间：2026年09月18日 09:00 三、其它补充事宜1、详细报名及获取选聘（采购）文件方式，请完整阅读以下全部内容：（1）电汇或网银。请供应商汇款时务必注明“项目编号+用途，以便财务查账及汇总。银行账户信息，电汇购买选聘文件、投标保证金及中标服务费收取的唯一账户：汇款或转账时请务必附言“项目编号+用途”，例如：BMCC-ZC26-1173+包号+标书款或保证金。公司名称：北京明德致信咨询有限公司开 户 行：中国工商银行股份有限公司北京东升路支行账    号：0200 0062 1920 0492 968（2）转账完成后，请登录“北京明德致信咨询有限公司”官网（www.zbbmcc.com）。右上角点击“我的项目”，注册登录后点击左侧“项目报名”，找到对应项目按提示完善信息、上传报名费转账凭证，点击提交即可。工作日17点（含）前提交的申请，于当日审核；17点后提交的，下一个工作日审核。审核结果将以邮件形式发送至报名所留邮箱地址，请留意查收,或在“我的投标”模块中自主查看报名状态。有关报名过程的问题，请拨打010-82370045进行咨询。有关报名信息的疑问反馈，请按报名页面最下方的提示，发送邮件反馈。选聘文件售后不退，请供应商审慎购买。（3）选聘文件的获取：在北京明德致信咨询有限公司官网（http://www.zbbmcc.com/）搜寻对应项目名称后下载。（4）超过“获取选聘文件”中规定的截止时间后的电汇或网银均无效。采购代理机构将尽快对无效的汇款进行退款。若需纸质版选聘（采购）文件，可至北京明德致信咨询有限公司前台领取。（5）如汇款后，没有在北京明德致信咨询有限公司官网（www.zbbmcc.com）提交报名信息而造成的供应商信息登记的遗漏，我公司概不负责。2、问题咨询联系方式的说明：（1）有关选聘（采购）文件购买、中标（成交）通知书领取及服务费发票、保证金交纳及退还事宜的联系电话：（010）8237 0045；（2）有关选聘（采购）文件技术部分的问题咨询联系电话：010-6119 6301。因项目经理外出、开标等原因，请优先通过电子邮箱ws@zbbmcc.com联系。（3）本项目的公告发布媒介：仅在中国政府采购网（www.ccgp.gov.cn）发布。对其他网站转发本公告可能引起的信息误导、造成供应商的经济或其他损失的，采购人及采购代理不负任何责任。（4）针对本项目的其他特别说明：4.1期满后购买选聘文件的潜在供应商不足3家的，采购单位可以顺延选聘文件出售时间并另行公告。4.2查看现场：□否；？是。本次招商组织在中国科学院大学雁栖湖校区四食堂进行现场踏勘；雁栖湖校区食堂踏勘时间：2026年09月15日 09：00具体集合地点及时间以邮件通知为准。（请供应商务必准时到达指定地点，过时不候）。本项目允许供应商对采购需求中涉及的现场踏勘并登记确认，每家供应商只允许1人出席踏勘。报名后请及时关注邮箱内容并按要求提前进行入校报备。联系人：于先生 18601390260；注：（1）现场踏勘由采购代理机构统一组织，仅此安排一次，不接受规定时间以外或单独一个潜在供应商参加的现场踏勘。（2）供应商应承担参加现场踏勘所发生的全部自身费用，供应商未按规定时间踏勘现场的，由此产生的不利后果由供应商自行承担。4.3评分办法：综合评分法。4.4响应文件请于递交响应文件截止时间之前当天递交至相关地点，逾期送达或者未密封的响应文件不予接收。具体内容详见附件下载 四、预算金额：预算金额：0.000000 万元（人民币）",教育培训,,中国政府采购网,,0.0,table,,,,,,,,,,,
SPD-27吉林省某单位训练基地办公区域网络信息点铺设采购项目（三次）其他,其他公告,JLSPD-2026-011,2026年09月07日 11:04,朝阳区,SPD-27,吉林省长春市朝阳区南湖大路3798号,杨先生    19990511891,详见公告正文,详见公告正文,详见公告正文,刘先生,19990511993,吉林省某单位训练基地网络信息点铺设零星采购文件(三次).doc,"[{""attach_name"": ""吉林省某单位训练基地网络信息点铺设零星采购文件(三次).doc"", ""attach_url"": ""https://download.ccgp.gov.cn/oss/download?uuid=09102112ACC4778ABB78A4D486BE9B""}]",https://www.ccgp.gov.cn/cggg/zygg/qtgg/202609/t20260907_27276539.htm,2026-09-10 10:10:09,根据《中华人民共和国政府采购法》等有关规定，现对吉林省某单位训练基地办公区域网络信息点铺设采购项目（三次）进行其他招标，欢迎合格的供应商前来投标。 项目名称：吉林省某单位训练基地办公区域网络信息点铺设采购项目（三次）项目编号：JLSPD-2026-011项目联系方式：项目联系人：刘先生项目联系电话：19990511993 采购单位联系方式：采购单位：SPD-27采购单位地址：吉林省长春市朝阳区南湖大路3798号采购单位联系方式：杨先生 19990511891  一、采购项目内容详见采购文件 二、开标时间：2026年09月11日 09:00 三、其它补充事宜 四、预算金额：预算金额：4.530000 万元（人民币）,其他,,中国政府采购网,,4.53,table,,,,,,,,,,,
SPD-A51昆明某单位2026年—2029年物业服务项目采购公告,其他公告,ZDGL-K2026-0092,2026年09月07日 11:00,昆明市,SPD-A51,昆明市,吕老师  0871-63966336,中德高路科技（云南）股份有限公司,中国（云南）自由贸易试验区昆明片区官渡区吴井路183号百富琪商业广场B座709号,柏楠、李玲玲、杨雯雯、高连剑、范忠亮、左建芬、范晔  15608763167、18508855628、0871-65214575,柏楠、李玲玲、杨雯雯、高连剑,15608763167、18508855628、0871-65214575,,,https://www.ccgp.gov.cn/cggg/zygg/qtgg/202609/t20260907_27276510.htm,2026-09-10 10:10:10,中德高路科技（云南）股份有限公司受SPD-A51 委托，根据《中华人民共和国政府采购法》等有关规定，现对昆明某单位2026年—2029年物业服务项目进行其他招标，欢迎合格的供应商前来投标。 项目名称：昆明某单位2026年—2029年物业服务项目项目编号：ZDGL-K2026-0092项目联系方式：项目联系人：柏楠、李玲玲、杨雯雯、高连剑、范忠亮、左建芬、范晔项目联系电话：15608763167、18508855628、0871-65214575 采购单位联系方式：采购单位：SPD-A51采购单位地址：昆明市采购单位联系方式：吕老师 0871-63966336 代理机构联系方式：代理机构：中德高路科技（云南）股份有限公司代理机构联系人：柏楠、李玲玲、杨雯雯、高连剑、范忠亮、左建芬、范晔 15608763167、18508855628、0871-65214575代理机构地址： 中国（云南）自由贸易试验区昆明片区官渡区吴井路183号百富琪商业广场B座709号 一、采购项目内容本项目服务内容包含安保、保洁、绿化、维修、客服、应急处置、食堂服务（加工、安全、卫生、仓储、消杀等）。 二、开标时间：2026年09月15日 09:30 三、其它补充事宜 项目概况 昆明某单位2026年—2029年物业服务项目的潜在供应商应在中德高路科技（云南）股份有限公司指定地点获取采购文件，并于2026年9月15日9时30分（北京时间）前递交响应文件。 一、项目基本情况1.项目编号：ZDGL-K2026-0092。2.项目名称：昆明某单位2026年—2029年物业服务项目。3.采购方式：其他（大额采购）。4.预算金额：600000.00元/年。5.最高限价：（1）物业总价最高限价：469056.00元/年；（2）人员分项报价时不得超过采购需求中的单价最高限价。6.采购需求：本项目服务内容包含安保、保洁、绿化、维修、客服、应急处置、食堂服务（加工、安全、卫生、仓储、消杀等），具体岗位及人员数量要求如下： 序号 人员类别 岗位 人数 单价最高限价 计量单位 数量 1 项目经理 项目经理 1 6450.00 元/月 12个月 2 物业人员 秩序维护 5 3800.00 元/月 12个月 3 物业人员 环境保洁 1 3383.00 元/月 12个月 4 物业人员 客房服务 1 3555.00 元/月 12个月 5 物业人员 绿化养护 1 3200.00 元/月 12个月 6 物业人员 工程维修 1 3500.00 元/月 12个月 7 食堂人员 主厨 1 300.00 元/天 150天（预估数量，以日薪×实际就餐天数据实结算） 8 食堂人员 切配工 1 195.00 元/天 9 食堂人员 餐厅服务员 1 150.00 元/天 10 食堂人员 洗拣工 1 150.00 元/天  注：（1）报价分为两个模块进行报价：物业人员报价为总价（元/年）；食堂人员报价为人员的单价（元/天），食堂采用据实结算制，按日薪×实际就餐天数结算，最终以采购人实际核定就餐天数为准，食堂人员每年结算金额累计不得超过130944.00元。（2）所报人员岗位及人员数量不得少于上表的要求，否则作无效响应处理。7.合同履行期限：自合同签订之日起3年，合同一年一签，考核合格后续签下一年度合同。8.服务地点：采购人指定地点（昆明市）。9.质量标准：按国家及地方现行标准执行，满足相关标准及采购人要求。10.本项目不接受联合体。二、供应商资格要求1.满足《中华人民共和国政府采购法》第二十二条和《中华人民共和国政府采购法实施条例》第十八条规定；1.1供应商在中华人民共和国境内注册能够独立承担民事责任，提供营业执照或其他证明文件，供应商为自然人的提供自然人身份证明；1.2供应商具有良好的商业信誉和健全的财务会计制度，根据供应商性质提供下列任一材料：①提供2023年—2025年任意一年经第三方审计的审计报告及财务报表（包括资产负债表、利润表、现金流量表），成立不满1年的，提供自成立至今财务报表（包括资产负债表、利润表、现金流量表）【根据“财政部关于注册会计师行业统一监管平台上线运行的通知（财办〔2022〕32号）”及“关于加强审计报告查验工作的通知（财会〔2023〕15号）”文件要求，审计报告及财务报表（包括资产负债表、利润表、现金流量表）应赋予全国统一的验证码】；②也可提供距文件递交截止日一年内开户银行出具的资信证明；③也可提供财政部门认可的政府采购专业担保机构出具的投标担保函（需同时提供专业担保机构经财政部门认可的证明文件）；④非营利性单位或者社会团体或者其他机关事业单位以符合财务会计制度为准或者提供承诺函；⑤供应商为自然人的也可提供承诺函（格式自拟）；1.3供应商须提供具备履行合同所必需的设备和专业技术能力的证明材料（提供承诺函或证明材料）；1.4供应商有依法缴纳税收和社会保障资金的良好记录，提供2025年9月至本项目响应文件提交截止时间前任意2个月的依法缴纳税收和缴纳社会保障资金的证明（成立未满2个月的，提供成立以来的税收和社会保障资金缴纳凭证或相关情况说明；依法免税或不需要缴纳社会保障资金的供应商，应提供相应文件证明）；1.5供应商必须提供参加政府采购活动前3年内在经营活动中没有重大违法记录的书面声明（重大违法记录，是指供应商因违法经营受到刑事处罚或者责令停产停业、吊销许可证或者执照、较大数额罚款等行政处罚）；1.6法律、行政法规规定的其他条件：（1）供应商未被列入“信用中国”网站（www.creditchina.gov.cn）“失信被执行人”“重大税收违法失信主体”及中国政府采购网（www.ccgp.gov.cn）“政府采购严重违法失信行为信息记录”（查询时间为本公告发布之日起至响应文件提交截止时间前，查询结果以采购人、采购代理机构查询结果为准，并将查询记录和证据留存）；（2）单位负责人为同一人或者存在直接控股、管理关系的不同供应商，不得参加同一合同项下的政府采购活动（提供承诺函）；（3）为采购项目提供整体设计、规范编制或者项目管理、监理、检测等服务的供应商，不得再参加该采购项目的其他采购活动（提供承诺函）；2.落实政府采购政策需满足的资格要求：本项目属于专门面向中小企业采购的项目；3.本项目的特定资格要求：供应商须在响应文件中提供加盖单位公章的承诺书：（1）依据《食品经营许可和备案管理办法》以自身名义向市场监督管理部门申请办理《食品经营许可证》，并确保自合同签订之日起一个月内取得；（2）配合采购人办理《食品经营许可证》。三、获取采购文件1.时间及方式：2026年9月7日至2026年9月10日，每天上午09:30至11:30，下午14:30至17:30（北京时间，法定节假日除外）将以下资料：（1）获取文件登记表；（2）法定代表人身份证明书；（3）法定代表人授权委托书（授权代理人办理时提交）；按顺序整理为一个PDF文件发送至zdglzxzb@163.com后获取采购文件。2.采购文件售价：采购文件售价600元/份，售后不退。请各潜在供应商从单位基本账户向采购代理机构转账缴纳：账户名称：中德高路科技（云南）股份有限公司开户行：招商银行股份有限公司昆明东站支行账号：871908042810602备注项目名称，可简写或备注项目编号。不提供邮购采购文件服务。四、响应文件的递交1.响应文件递交时间：2026年9月15日9时00分至9时30分。2.截止时间：2026年9月15日9时30分（北京时间）。3.地点：中国（云南）自由贸易试验区昆明片区官渡区吴井路183号百富琪商业广场B座7楼709室。五、开启1.时间：2026年9月15日9时30分（北京时间）。2.地点：中国（云南）自由贸易试验区昆明片区官渡区吴井路183号百富琪商业广场B座7楼709室。六、公告期限本公告期限为3个工作日。七、其他补充事宜1.本次采购公告在中国政府采购网（www.ccgp.gov.cn/）上发布，公告内容和时间以中国政府采购网（www.ccgp.gov.cn/）发布的信息为准，采购人及采购代理机构对其他网站或媒体转载的公告及内容不承担任何责任。采购文件如有变更或澄清将在采购公告发布平台发布。2.本项目执行政府采购促进中小企业发展、支持监狱企业、促进残疾人就业等政府采购政策。八、凡对本次采购提出询问，请按以下方式联系1.采购人信息名称：昆明某单位地址：昆明市联系人：吕老师联系电话：0871-639663362.采购代理机构信息名 称：中德高路科技（云南）股份有限公司地 址：中国（云南）自由贸易试验区昆明片区官渡区吴井路183号百富琪商业广场B座709号联系方式：15608763167、18508855628、0871-652145753.项目联系方式项目联系人：柏楠、李玲玲、杨雯雯、高连剑、范忠亮、左建芬、范晔电 话：15608763167、18508855628、0871-65214575  四、预算金额：预算金额：60.000000 万元（人民币）,服务外包,2026-09-15 09:30,中国政府采购网,其他（大额采购）,60.0,table,,,,,,,,,,,
四川省内江市消防救援支队大跨距举高喷射消防车采购项目技术需求征求意见公告其他,其他公告,2026,2026年09月07日 11:00,东兴区,内江市消防救援支队,四川省内江市东兴区富胜路222号,田先生 15883272819,详见公告正文,详见公告正文,详见公告正文,田先生,15883272819,需求调查附件1、2、3、4.docx,"[{""attach_name"": ""需求调查附件1、2、3、4.docx"", ""attach_url"": ""https://download.ccgp.gov.cn/oss/download?uuid=FBF465C0E1C754B2D970813F2B6A24""}]",https://www.ccgp.gov.cn/cggg/zygg/qtgg/202609/t20260907_27276516.htm,2026-09-10 10:10:10,根据《中华人民共和国政府采购法》等有关规定，现对四川省内江市消防救援支队大跨距举高喷射消防车采购项目技术需求征求意见公告进行其他招标，欢迎合格的供应商前来投标。 项目名称：四川省内江市消防救援支队大跨距举高喷射消防车采购项目技术需求征求意见公告项目编号：2026（s）-06项目联系方式：项目联系人：田先生项目联系电话：15883272819 采购单位联系方式：采购单位：内江市消防救援支队采购单位地址：四川省内江市东兴区富胜路222号采购单位联系方式：田先生 15883272819  一、采购项目内容特别说明：本公告仅用于技术需求征求意见，不属于采购公告，不接受投标、报价或报名。项目最终采购需求及采购信息以正式发布的采购公告和采购文件为准。为保障各潜在供应商的合法权益，确保采购程序公开、公平、公正，，现就“四川省内江市消防救援支队大跨距举高喷射消防车采购项目”主要技术需求进行公示，广泛征求各方意见。本项目采购内容为大跨距举高喷射消防车1辆，具体技术需求详见附件。各潜在供应商如认为相关车辆技术需求无法由三个以上品牌产品或三家以上供应商满足，或者个别技术条款存在倾向性、排他性及其他不合理限制情形，可在规定时间内向我公司提出书面修改建议，并说明具体条款、修改理由及建议修改内容。意见征求时间：2026年9月7日至2026年9月14日17:00。潜在供应商提出的技术需求修改建议应当符合以下要求： 在意见征求期限内提交； 明确提出意见的具体车辆、技术参数序号、原技术要求、建议修改内容及修改理由； 提供提出意见单位的联系人及联系电话； 修改建议书须加盖单位公章，并将盖章扫描件发送至指定邮箱。逾期送达、匿名提交、未加盖单位公章或者其他不符合上述要求的意见材料，我公司不予接收。是否采纳相关意见，将结合项目实际需求、市场调查情况及专家论证意见综合确定。 二、开标时间： 三、其它补充事宜本次征求意见不代表采购项目已经实施，不作为潜在供应商参与后续采购活动的资格条件。项目最终采购需求、采购时间及其他采购信息，以后续正式发布的采购公告和采购文件为准。 四、预算金额：预算金额：0.000000 万元（人民币）,公共安全,,中国政府采购网,,0.0,table,,,,,,,,,,,
中南大学湘雅医院心血管内科门诊设备及配套耗材采购项目废标公告,流标公告,YWYYHC2026070046,2026年09月07日 10:58,湖南省,中南大学湘雅医院,湖南省长沙市湘雅路87号,孙老师 0731-89752081,湖南鑫卫医药电子商务科技发展有限公司,长沙市开福区芙蓉中路一段88号天健壹平方英里H栋8楼,周可莘、徐秋艳  400-696-8998  选2  转分机号 95,周可莘、徐秋艳,400-696-8998,,,https://www.ccgp.gov.cn/cggg/zygg/qtgg/202609/t20260907_27276488.htm,2026-09-10 10:10:11,一、项目基本情况 采购项目编号：医院项目编号：YWYYHC2026070046；采购代理编号：ZNDXXYYY-2026-09 采购项目名称：中南大学湘雅医院心血管内科门诊设备及配套耗材采购项目 二、项目废标/流标的原因 包1投标截止时间止，递交投标文件的投标人不足三家；包2通过符合性审查的投标人不足三家，以上包号予以废标。 三、其他补充事宜 无 四、凡对本次公告内容提出询问，请按以下方式联系。 1.采购人信息 名 称：中南大学湘雅医院 地址：湖南省长沙市湘雅路87号 联系方式：孙老师 0731-89752081 2.采购代理机构信息 名 称：湖南鑫卫医药电子商务科技发展有限公司 地 址：长沙市开福区芙蓉中路一段88号天健壹平方英里H栋8楼 联系方式：周可莘、徐秋艳 400-696-8998 选2 转分机号 95 3.项目联系方式 项目联系人：周可莘、徐秋艳 电 话： 400-696-8998 选2 转分机号 95,医疗卫生,,中国政府采购网,,,default,二、项目废标/流标的原因,,,,,,,,,,
中国农业大学国家农业科技创新港图书信息综合中心施工中标候选人公示,其他公告,S110000A001042682003,2026年09月07日 10:49,平谷区,中国农业大学,北京市海淀区圆明园西路2号,王馨悦010-62732813,北京科技园拍卖招标有限公司,北京市海淀区万柳光大西园6号楼0188,申耀朋13651356671,王馨悦,010-62732813,,,https://www.ccgp.gov.cn/cggg/zygg/qtgg/202609/t20260907_27276364.htm,2026-09-10 10:10:11,一、项目基本情况 采购项目编号：S110000A001042682003 采购项目名称：中国农业大学国家农业科技创新港图书信息综合中心施工 二、项目废标/流标的原因 / 三、其他补充事宜 中国农业大学国家农业科技创新港图书信息综合中心施工中标候选人公示交易项目编号：S110000A001042682003• 公告内容公示开始时间：2026年9月7日公示结束时间：2026年9月10日    中国农业大学国家农业科技创新港图书信息综合中心施工（招标项目编号：F0SG202600310），建设单位名称：中国农业大学，建设地点：平谷区中国农业大学国家农业科技创新港，评标日期：2026年9月2日，经评标委员会评审，确定中国农业大学国家农业科技创新港图书信息综合中心施工 的中标候选人，现公示如下：一、中标候选人中国农业大学国家农业科技创新港图书信息综合中心施工：（一）基本情况 排序 中标候选人名称 评标得分 1 中建三局集团有限公司 98.43 2 北京住总集团有限责任公司 95.40 3 中铁建设集团有限公司 94.56 （二）中标候选人按照招标文件要求承诺的项目负责人情况 排序 中标候选人名称 项目负责人姓名 项目负责人证书名称及编号 业绩 1 中建三局集团有限公司 颜斌 中华人民共和国一级建造师注册证书；鄂142200620 0805254 中关村移动智能服务创新园（2#科研楼等？6？项；1#科研楼等？3？项） 2 北京住总集团有限责任公司 王志刚 中华人民共和国一级建造师注册证书；京111201020 1118327 蝶恋新园住宅小区B区项目 3 中铁建设集团有限公司 刘智明 中华人民共和国一级建造师注册证书；京1112017201744627 中铁建港航大厦项目施工总承包工程   排序 中标候选人名称 其他管理人员姓名 其他管理人员证书名称及编号 业绩 1 中建三局集团有限公司 樊冬冬 樊冬冬；职称证书；（2022）110 30052 研发楼（北京黄石科技研发中心） 2 北京住总集团有限责任公司 唐振 唐振；职称证书；ZGB0802387 4 蝶恋旺园住宅小区项目 3 中铁建设集团有限公司 虢立亮 虢立亮；职称证书；4421004110 石景山区苹果园交通枢纽M、N地块B4综合性商业金融服务业用地项目1#商业楼等7项 （三）中标候选人响应招标文件要求的资格能力条件 排序 中标候选人名称 响应情况 1 中建三局集团有限公司 响应 2 北京住总集团有限责任公司 响应 3 中铁建设集团有限公司 响应 （四）中标候选人响应招标文件要求的资质和业绩 排序 中标候选人名称 1 中建三局集团有限公司 资质 建筑工程施工总承包特级[新] 业绩 怀柔科技创新基地（A1#科研办公楼等10项）；智能安保产业基地项目（科研楼等8项）；中国国际航空股份有限公司飞行模拟训练基地二期建设项目（综合教学楼等2项、体能训练中心用房等3项）；阿里巴巴北京总部项目(4-1-01研发楼等43项)；北京育才学校新建项目； 2 北京住总集团有限责任公司 资质 建筑工程施工总承包特级[新] 业绩 昌平生命谷产业基地；北京信息科技大学新校区建设工程第二教学组团及图书信息与教育中心；北京邮件 综合 处理中心四期工程（机房楼（四期）等2项）； 3 中铁建设集团有限公司 资质 建筑工程施工总承包特级[新] 业绩 人民日报社小红门职工住宅项目（1#住宅楼等12项）；北京东站货场铁路职工住房项目A地块；经开区 信创园一期项目（G7F-1-会展中心等10项）；雄东片区B单元安置房项目施工总承包合同标段三； 二、提出异议的渠道和方式 投标人或其他利害关系人对本招标项目的评标结果有异议的，应当在中标候选人公示期间通过全国公共资源交易平台(北京市)（https://ggzyfw.beijing.gov.cn/）向招标人或招标代理机构提出书面异议文件（加盖单位CA电子印章），并将原件提交至北京科技园拍卖招标有限公司。联系人：申耀朋；电话：82575831-819；电子邮件：bkgt6688@163.com。 被否决的投标人：    三、其他公示内容 / 四、监督部门本招标项目的监督部门为北京市住房和城乡建设委员会监督部门电话：010-55524552五、联系方式招标人：中国农业大学地址：北京市海淀区圆明园西路2号联系人：王馨悦电话：010-62732813电子邮件：/招标代理机构： 北京科技园拍卖招标有限公司地址：北京市海淀区万柳光大西园6号楼0188联系人：申耀朋电话：13651356671电子邮件：bkgt6688@163.com六、开标、评标情况中国农业大学国家农业科技创新港图书信息综合中心施工：（一）通过资格预审的申请人名单 序号 通过资格预审的申请人名单 1 中铁建设集团有限公司 2 中建三局集团有限公司 3 中国建筑第二工程局有限公司 4 北京住总集团有限责任公司 5 中航天建设工程集团有限公司 6 北京建工集团有限责任公司 7 中交建筑集团有限公司 （二）开标记录 序号 投标人 投标价格（元） 投标工期/服务期（日历天） 质量标准 拟派项目经理 1 中铁建设集团有限公司 302367046.71 730 合格 刘智明 2 中建三局集团有限公司 302366683.27 730 合格 颜斌 3 中国建筑第二工程局有限公司 300159732.64 730 合格 李福 4 北京住总集团有限责任公司 302370900.62 730 合格 王志刚 5 中航天建设工程集团有限公司 303206857.89 730 合格 宋艳成 6 北京建工集团有限责任公司 302372037.28 730 合格 张钺平 7 中交建筑集团有限公司 302364775.48 730 合格 张文君 （三）评标情况1、投标文件被否决的投标人名称、否决的原因及其依据 序号 投标文件被否决的投标人名称 否决的原因及其依据 / / / 2、评标委员会对投标报价给予修正的原因、依据和修正结果 序号 投标人名称 清算/预算书项目名称 修正内容 修正的原因、依据 修正结果 / / / / / / 3、评标委员会成员对各投标人投标文件的评审 投标人名称及评分项 专家1 专家2 专家3 专家4 专家5 专家6 专家7 中建三局集团有限公司 投标报价 100 100 100 100 100 100 100 信誉评审 97.41 97.41 97.41 97.41 97.41 97.41 97.41 其他因素评审 100 100 100 100 100 100 100 施工组织设计评审 91 96.5 93.5 95.5 99 99.5 73.5 中交建筑集团有限公司 投标报价 100 100 100 100 100 100 100 信誉评审 82.75 82.75 82.75 82.75 82.75 82.75 82.75 其他因素评审 100 100 100 100 100 100 100 施工组织设计评审 83.5 71 69 73 59.5 65 77.5 中铁建设集团有限公司 投标报价 100 100 100 100 100 100 100 信誉评审 97 97 97 97 97 97 97 其他因素评审 100 100 100 100 100 100 100 施工组织设计评审 96 96.5 76 76.5 65.5 76 82 北京建工集团有限责任公司 投标报价 100 100 100 100 100 100 100 信誉评审 98.98 98.98 98.98 98.98 98.98 98.98 98.98 其他因素评审 100 100 100 100 100 100 100 施工组织设计评审 84.5 74 69 70 60.5 65 74 北京住总集团有限责任公司 投标报价 100 100 100 100 100 100 100 信誉评审 98.96 98.96 98.96 98.96 98.96 98.96 98.96 其他因素评审 100 100 100 100 100 100 100 施工组织设计评审 88 74 89 74.5 95.5 67.5 74.5 中国建筑第二工程局有限公司 投标报价 97.24 97.24 97.24 97.24 97.24 97.24 97.24 信誉评审 98.38 98.38 98.38 98.38 98.38 98.38 98.38 其他因素评审 100 100 100 100 100 100 100 施工组织设计评审 85 69 76.5 73.5 94.5 63.5 70.5 中航天建设工程集团有限公司 投标报价 98.25 98.25 98.25 98.25 98.25 98.25 98.25 信誉评审 92.95 92.95 92.95 92.95 92.95 92.95 92.95 其他因素评审 100 100 100 100 100 100 100 施工组织设计评审 88.5 73.5 73.5 73 64.5 67 77.5 本项目在北京市公共资源交易服务平台的链接如下:https://ggzyfw.beijing.gov.cn/jyxxzbhxrgs/20260907/5700289.html 四、凡对本次公告内容提出询问，请按以下方式联系。 1.采购人信息 名 称：中国农业大学 地址：北京市海淀区圆明园西路2号 联系方式：王馨悦010-62732813 2.采购代理机构信息 名 称：北京科技园拍卖招标有限公司 地 址：北京市海淀区万柳光大西园6号楼0188 联系方式：申耀朋13651356671 3.项目联系方式 项目联系人：王馨悦 电 话： 010-62732813,教育培训,,中国政府采购网,,,default,二、项目废标/流标的原因,,,,,,,,,,
中华人民共和国辽宁出入境边防检查总站信息化驻场运维服务采购项目二次比价公告,其他公告,LNZZ2026018,2026年09月07日 10:39,皇姑区,中华人民共和国辽宁出入境边防检查总站,辽宁省沈阳市皇姑区黄河北大街123号,刘警官，沈警官 024-86501111-7117、6808,详见公告正文,详见公告正文,详见公告正文,刘警官,024-86501111-7117、6808,,,https://www.ccgp.gov.cn/cggg/zygg/qtgg/202609/t20260907_27276243.htm,2026-09-10 10:10:12,根据《中华人民共和国政府采购法》等有关规定，现对中华人民共和国辽宁出入境边防检查总站信息化驻场运维服务采购项目进行其他招标，欢迎合格的供应商前来投标。 项目名称：中华人民共和国辽宁出入境边防检查总站信息化驻场运维服务采购项目项目编号：LNZZ2026018项目联系方式：项目联系人：刘警官，沈警官项目联系电话：024-86501111-7117、6808 采购单位联系方式：采购单位：中华人民共和国辽宁出入境边防检查总站采购单位地址：辽宁省沈阳市皇姑区黄河北大街123号采购单位联系方式：刘警官，沈警官 024-86501111-7117、6808  一、采购项目内容信息化驻场运维服务。包1：基础信息平台驻场运维服务，预算：15万元/年。一采三年，合同一年一签。包2大数据平台驻场运维服务，预算：15万元/年。服务期1年。 二、开标时间：2026年09月16日 10:00 三、其它补充事宜报名时间：2026年9月7日 至2026年9月10日，每天上午8:30至11:30，下午14:00至16:30。（北京时间，法定节假日除外）地点：辽宁省沈阳市皇姑区黄河北大街123号（辽宁出入境边防检查总站）方式：现场或邮箱报名备注：邮箱报名需在上述期间内将单位信息发送至lnzzzfcg@163.com。注明如下：邮件主题为所投项目名称+包号+报名单位，邮件中提供供应商单位联系人、联系电话，报名信息未按上述要求提供或提供不全的，视为报名不成功，采购人有权不接收响应文件。售价：￥0.0 元（人民币）本项目非政府采购项目，按采购人内控管理制度执行。监督举报电话:中华人民共和国辽宁出入境边防检查总站纪委电话：024-86501111-7203、7215 四、预算金额：预算金额：30.000000 万元（人民币）,信息技术,,中国政府采购网,,30.0,table,,,,,,,,,,,
吉林大学第二医院消毒供应中心劳务服务项目废标公告,流标公告,ZSJC-2026-CCFW066,2026年09月07日 10:25,南关区,吉林大学第二医院,吉林省长春市南关区亚泰大街4026号,郭老师0431-81136241,中盛精诚工程项目管理有限公司,吉林省长春市朝阳区超然街855号4楼（中盛精诚）,李洋、郑永楠0431-89895226,郑永楠,0431-89895226,,,https://www.ccgp.gov.cn/cggg/zygg/qtgg/202609/t20260907_27276133.htm,2026-09-10 10:10:12,一、项目基本情况 采购项目编号：ZSJC-2026-CCFW066 采购项目名称：吉林大学第二医院消毒供应中心劳务服务项目 二、项目废标/流标的原因 经评审，合格投标人不足三家，本项目废标。 三、其他补充事宜 本次公告在中国招标投标公共服务平台、中国政府采购网上发布，其他网站转载无效。 四、凡对本次公告内容提出询问，请按以下方式联系。 1.采购人信息 名 称：吉林大学第二医院 地址：吉林省长春市南关区亚泰大街4026号 联系方式：郭老师0431-81136241 2.采购代理机构信息 名 称：中盛精诚工程项目管理有限公司 地 址：吉林省长春市朝阳区超然街855号4楼（中盛精诚） 联系方式：李洋、郑永楠0431-89895226 3.项目联系方式 项目联系人：郑永楠 电 话： 0431-89895226,医疗卫生,,中国政府采购网,,,default,二、项目废标/流标的原因,,,,,,,,,,
浙江省嘉兴支队海盐县消防救援大队2026年度食堂伙食配送采购项目需求公示,其他公告,/,2026年09月07日 10:24,海盐县,海盐县消防救援大队,浙江省嘉兴市海盐县海丰西路188号,刘拯浩  19703834156,详见公告正文,详见公告正文,详见公告正文,刘拯浩,19703834156,2026海盐大队伙食配送项目需求表(采购办)(1)(1).doc,"[{""attach_name"": ""2026海盐大队伙食配送项目需求表(采购办)(1)(1).doc"", ""attach_url"": ""https://download.ccgp.gov.cn/oss/download?uuid=1E4E50FBE6016A8FB71B0A4AD8BAED""}]",https://www.ccgp.gov.cn/cggg/zygg/qtgg/202609/t20260907_27276134.htm,2026-09-10 10:10:13,根据《中华人民共和国政府采购法》等有关规定，现对浙江省嘉兴支队海盐县消防救援大队2026年度食堂伙食配送采购项目进行其他招标，欢迎合格的供应商前来投标。 项目名称：浙江省嘉兴支队海盐县消防救援大队2026年度食堂伙食配送采购项目项目编号：/项目联系方式：项目联系人：刘拯浩项目联系电话：19703834156 采购单位联系方式：采购单位：海盐县消防救援大队采购单位地址：浙江省嘉兴市海盐县海丰西路188号采购单位联系方式：刘拯浩 19703834156  一、采购项目内容一、本次采购内容为浙江省嘉兴支队海盐县消防救援大队2026年食堂伙食配送采购项目，大队用餐人数约为140人，该服务为海盐大队提供全年的食堂物品采购配送服务（实际配送物品以采购人实际需求为准）。服务期限为一年；涉及到的配送物品主要为蔬菜、奶品类、肉类、冷冻食品类、干货类、豆制品类、水产品类、禽蛋类、水果类、其他类等，配送单位应严格按照采购人需求实施，以确保采购的服务和质量。二、征求意见范围1、投标人资格条件是否出现排他性条款，2、需求是否存在含糊不清、相互矛盾、多种含义条款;3、需求是否存在违法违规内容;4、其他意见和建议。 三、征求意见递交及接收1、意见递交截止时间:2026-9-9 17:302、意见递交方式:邮件、书面3、意见接收机构:嘉兴市消防救援支队4、联系人:张先生5、联系电话:0573-826305336、联系邮箱:1330346702@qq.com四、合格的修改意见和建议书要求1、针对需求内容提出意见和建议的，需明确有意见的需求内容所在页次和行数，并说明提出意见的理由和依据;2、潜在投标人须在书面材料上加盖单位公章，注明联系人、联系电话等通讯方式:3、有关专家提出意见和建议的，须有本人签字，注明联系电话等通讯方式，同时还应提供本人与该项目相关的专业证书复印件(如职称证书、工作证明等);4、对逾期送达或未按照本公告要求提交书面意见的，将不予接受。五、注意事项对提供虚假材料或恶意扰乱招标正常秩序的，将提请同级监督管理部门处理。 二、开标时间： 三、其它补充事宜 四、预算金额：预算金额：0.000000 万元（人民币）,公共安全,,中国政府采购网,,0.0,table,,,,,,,,,,,
中华人民共和国开平出入境边防检查站2026年后山加固工程项目简易采购公告,其他公告,,2026年09月07日 10:14,开平市,中华人民共和国开平出入境边防检查站,广东省开平市金山西路13号,叶克剑：0750-8507232,详见公告正文,详见公告正文,详见公告正文,叶克剑,0750-8507232,"中华人民共和国开平出入境边防检查站2026年后山加固工程项目合同意向性文本.docx,中华人民共和国开平出入境边防检查站2026年后山加固工程项目报价清单.zip,中华人民共和国开平出入境边防检查站2026年后山加固工程项目图纸.zip,中华人民共和国开平出入境边防检查站2026年后山加固工程项目需求文件.doc,中华人民共和国开平出入境边防检查站2026年后山加固工程项目简易采购文件.doc","[{""attach_name"": ""中华人民共和国开平出入境边防检查站2026年后山加固工程项目合同意向性文本.docx"", ""attach_url"": ""https://download.ccgp.gov.cn/oss/download?uuid=EFEC51C960C25F32C89B5D6007191C""}, {""attach_name"": ""中华人民共和国开平出入境边防检查站2026年后山加固工程项目报价清单.zip"", ""attach_url"": ""https://download.ccgp.gov.cn/oss/download?uuid=332A819B567816621BA401083D6FA2""}, {""attach_name"": ""中华人民共和国开平出入境边防检查站2026年后山加固工程项目图纸.zip"", ""attach_url"": ""https://download.ccgp.gov.cn/oss/download?uuid=DA558BFC70636614F3064D964DC79A""}, {""attach_name"": ""中华人民共和国开平出入境边防检查站2026年后山加固工程项目需求文件.doc"", ""attach_url"": ""https://download.ccgp.gov.cn/oss/download?uuid=A0880ACDC35C58D3205F831293C693""}, {""attach_name"": ""中华人民共和国开平出入境边防检查站2026年后山加固工程项目简易采购文件.doc"", ""attach_url"": ""https://download.ccgp.gov.cn/oss/download?uuid=B1EA22AF2535E8BD205392F5FD124F""}]",https://www.ccgp.gov.cn/cggg/zygg/qtgg/202609/t20260907_27276057.htm,2026-09-10 10:10:14,根据《中华人民共和国政府采购法》等有关规定，现对中华人民共和国开平出入境边防检查站2026年后山加固工程项目进行其他招标，欢迎合格的供应商前来投标。 项目名称：中华人民共和国开平出入境边防检查站2026年后山加固工程项目项目编号：项目联系方式：项目联系人：叶克剑项目联系电话：0750-8507232 采购单位联系方式：采购单位：中华人民共和国开平出入境边防检查站采购单位地址：广东省开平市金山西路13号采购单位联系方式：叶克剑：0750-8507232  一、采购项目内容主要工程内容为后山加固，详细包括：一是场地清理、回填及平整夯实约890平方米；二是建设护坡挡土墙约75米。三是修建排水系统约75米。四是修复及加固围墙约35米等。 二、开标时间：2026年09月11日 10:00 三、其它补充事宜无。 四、预算金额：预算金额：15.296394 万元（人民币）,工程建设,,中国政府采购网,,15.296394,table,,,,,,,,,,,
中国科学院广州生物医药与健康研究院单细胞多组学大模型采购项目废标公告,流标公告,OITC-G260600294,2026年09月07日 10:04,广州市,中国科学院广州生物医药与健康研究院,广州市黄埔区开源大道190号,020-32015326,东方国际招标有限责任公司,北京市海淀区丹棱街1号互联网金融中心20层,迟兆洋、叶明、林杨婷、王宸极、李飒 020-87001523、0769-26627023 mye@oitc.com.cn、ytlin@oitc.com.cn、sli@oitc.com.cn,迟兆洋、叶明、林杨婷、王宸极,020-87001523、0769-26627023,,,https://www.ccgp.gov.cn/cggg/zygg/qtgg/202609/t20260907_27275953.htm,2026-09-10 10:10:14,一、项目基本情况 采购项目编号：OITC-G260600294（WCG260700009010） 采购项目名称：中国科学院广州生物医药与健康研究院单细胞多组学大模型采购项目 二、项目废标/流标的原因 实质性响应招标文件的供应商不足三家，废标。 三、其他补充事宜 无 四、凡对本次公告内容提出询问，请按以下方式联系。 1.采购人信息 名 称：中国科学院广州生物医药与健康研究院 地址：广州市黄埔区开源大道190号 联系方式：020-32015326 2.采购代理机构信息 名 称：东方国际招标有限责任公司 地 址：北京市海淀区丹棱街1号互联网金融中心20层 联系方式：迟兆洋、叶明、林杨婷、王宸极、李飒 020-87001523、0769-26627023 mye@oitc.com.cn、ytlin@oitc.com.cn、sli@oitc.com.cn 3.项目联系方式 项目联系人：迟兆洋、叶明、林杨婷、王宸极、李飒 电 话： 020-87001523、0769-26627023（电话若一时无人接听请发邮件mye@oitc.com.cn、ytlin@oitc.com.cn、sli@oitc.com.cn 咨询，我司会及时回复）,医疗卫生,,中国政府采购网,,,default,二、项目废标/流标的原因,,,,,,,,,,
中国疾病预防控制中心传染病预防控制所全国病原病媒生物与宿主动物监测管理信息系统子系统国家致病菌识别网运行维护其他,其他公告,ICDCHQC20260902,2026年09月07日 10:02,昌平区,中国疾病预防控制中心传染病预防控制所,北京市昌平区昌百路155号传染病所,王老师；010-58900715；wanghaitao@icdc.cn,详见公告正文,详见公告正文,详见公告正文,夏老师,010-58900784,1采购文件-全国病原病媒生物与宿主动物监测管理信息系统子系统国家致病菌识别网运行维护.doc,"[{""attach_name"": ""1采购文件-全国病原病媒生物与宿主动物监测管理信息系统子系统国家致病菌识别网运行维护.doc"", ""attach_url"": ""https://download.ccgp.gov.cn/oss/download?uuid=0C6E8E478EBAFC45C6882EE36DF999""}]",https://www.ccgp.gov.cn/cggg/zygg/qtgg/202609/t20260907_27275949.htm,2026-09-10 10:10:15,根据《中华人民共和国政府采购法》等有关规定，现对全国病原病媒生物与宿主动物监测管理信息系统子系统国家致病菌识别网运行维护进行其他招标，欢迎合格的供应商前来投标。 项目名称：全国病原病媒生物与宿主动物监测管理信息系统子系统国家致病菌识别网运行维护项目编号：ICDCHQC20260902项目联系方式：项目联系人：夏老师项目联系电话：010-58900784 采购单位联系方式：采购单位：中国疾病预防控制中心传染病预防控制所采购单位地址：北京市昌平区昌百路155号传染病所采购单位联系方式：王老师；010-58900715；wanghaitao@icdc.cn  一、采购项目内容 序号 服务名称 数量 单位 1 IT运维定期巡检服务 1 项 2 驻场运维人员服务 3 人 3 系统安全及突发应急运维服务 1 项 4 系统数据校验服务 1 项   二、开标时间：2026年09月15日 09:00 三、其它补充事宜无 四、预算金额：预算金额：30.000000 万元（人民币）,信息技术,,中国政府采购网,,30.0,table,,,,,,,,,,,
中国疾病预防控制中心传染病预防控制所全国病原病媒生物和宿主动物监测管理信息系统认证中心开发项目其他,其他公告,ICDCHQC20260903,2026年09月07日 09:59,昌平区,中国疾病预防控制中心传染病预防控制所,北京市昌平区昌百路155号传染病所,王老师；010-58900715；wanghaitao@icdc.cn,详见公告正文,详见公告正文,详见公告正文,夏老师,010-58900784,1采购文件-全国病原病媒生物和宿主动物监测管理信息系统认证中心开发项目.doc,"[{""attach_name"": ""1采购文件-全国病原病媒生物和宿主动物监测管理信息系统认证中心开发项目.doc"", ""attach_url"": ""https://download.ccgp.gov.cn/oss/download?uuid=364BAD504320EEBE7CDEE6A04B2F70""}]",https://www.ccgp.gov.cn/cggg/zygg/qtgg/202609/t20260907_27275907.htm,2026-09-10 10:10:15,根据《中华人民共和国政府采购法》等有关规定，现对全国病原病媒生物和宿主动物监测管理信息系统认证中心开发项目进行其他招标，欢迎合格的供应商前来投标。 项目名称：全国病原病媒生物和宿主动物监测管理信息系统认证中心开发项目项目编号：ICDCHQC20260903项目联系方式：项目联系人：夏老师项目联系电话：010-58900784 采购单位联系方式：采购单位：中国疾病预防控制中心传染病预防控制所采购单位地址：北京市昌平区昌百路155号传染病所采购单位联系方式：王老师；010-58900715；wanghaitao@icdc.cn  一、采购项目内容 包号 服务名称 简要技术要求 服务期限 项目预算 1 全国病原病媒生物和宿主动物监测管理信息系统认证中心开发项目 建设全国病原病媒生物和宿主动物监测管理信息系统统一用户认证与管理中心（简称认证中心），实现统一身份认证、登录、权限及审计管理等功能。 具体技术需求详见采购文件附第五部分 合同签订后2个月 人民币22万元  二、开标时间：2026年09月15日 09:00 三、其它补充事宜无 四、预算金额：预算金额：22.000000 万元（人民币）,信息技术,,中国政府采购网,,22.0,table,,,,,,,,,,,
金山区消防救援支队新建山阳站文体器材采购（包件二）失败公告,其他公告,Shxr-zfcg-2604,2026年09月07日 09:54,金山区,金山区消防救援支队,金山区沪杭公路8868号,卜老师-57945119,上海信润建设工程咨询有限公司,上海市金山区浦卫公路16299弄13号508室,孙亚龙-15921800646,孙亚龙,15921800646,,,https://www.ccgp.gov.cn/cggg/zygg/qtgg/202609/t20260907_27275882.htm,2026-09-10 10:10:16,一、项目基本情况 采购项目编号：Shxr-zfcg-2604 采购项目名称：新建山阳站文体器材采购 二、项目废标/流标的原因 本项目包件二因报名单位不足三家，本次采购失败。 三、其他补充事宜 四、凡对本次公告内容提出询问，请按以下方式联系。 1.采购人信息 名 称：金山区消防救援支队 地址：金山区沪杭公路8868号 联系方式：卜老师-57945119 2.采购代理机构信息 名 称：上海信润建设工程咨询有限公司 地 址：上海市金山区浦卫公路16299弄13号508室 联系方式：孙亚龙-15921800646 3.项目联系方式 项目联系人：孙亚龙 电 话： 15921800646,公共安全,,中国政府采购网,,,default,二、项目废标/流标的原因,,,,,,,,,,
福州海关技术中心全自动加液仪等设备采购项目（二次）结果公告,其他公告,RWZB-2026-108-1,2026年09月07日 09:48,福建省,福州海关技术中心,福建省福州市鼓楼区湖东路312号,郑巧敏 0591-87065573,福建榕卫招标有限公司,福州市鼓楼区洪山园路52号华润万象城（三期）S11#楼6层,曾星怡、郑婷婷、林文芳0591-87512357,曾星怡、郑婷婷、林文芳,0591-87065573,中小企业声明函.png,"[{""attach_name"": ""中小企业声明函.png"", ""attach_url"": ""https://download.ccgp.gov.cn/oss/download?uuid=FF66F5D9B5DC91630B06DBF04A3D83""}]",https://www.ccgp.gov.cn/cggg/zygg/qtgg/202609/t20260907_27275830.htm,2026-09-10 10:10:17,一、项目基本情况 采购项目编号：RWZB-2026-108-1 采购项目名称：福州海关技术中心全自动加液仪等设备采购项目（二次） 二、项目废标/流标的原因 采购包1：投标截止时间后，参加投标的投标人不足三家，本采购包不进行开标。 三、其他补充事宜 （一）中标（成交）信息采购包2：供应商名称：泉州君偕机电有限公司供应商地址：福建省晋江市灵源佳源路7号中标（成交）金额：24.2（万元） （二）主要标的信息 采购包 供应商名称 货物名称 货物品牌 货物型号 货物数量 货物单价(元)   2 泉州君偕机电有限公司 气溶胶污染物淸除仪 品牌：东富龙 型号：NDS 1025 上海 1套 242000  （三）评审专家名单：黄建辉、马国祥、曾元辉、叶慧生、邵碧英（采购包2采购人代表）（四）代理服务收费标准及金额：代理服务费收费标准：(1)代理服务费用收取对象：中标/成交供应商(2)代理服务费收费标准：1)以本项目各采购包中标金额为计费基数，按照差额定率累进法计算代理服务费用，参考如下标准：30万元（不含）以下费率为1.5%，不足2000元按2000元计算。2)收取方式：中标人须在领取中标通知书之前以转账等付款方式一次性付清。公司帐户：开户银行：福建海峡银行股份有限公司福州鼓楼支行；开户名称：福建榕卫招标有限公司；账 号：100028500520010001。3)福建榕卫招标有限公司邮箱：fjrwzb@163.com。本项目代理费金额：采购包2代理服务费：3630元。（五）公告期限自本公告发布之日起1个工作日。（六）其它补充事宜1.资格审查情况采购包2：各投标人资格审查均合格。2.符合性审查情况：采购包2：各投标人符合性审查均合格。3.采购包2：中标人：泉州君偕机电有限公司，评审总得分：90.99。 四、凡对本次公告内容提出询问，请按以下方式联系。 1.采购人信息 名 称：福州海关技术中心 地址：福建省福州市鼓楼区湖东路312号 联系方式：郑巧敏 0591-87065573 2.采购代理机构信息 名 称：福建榕卫招标有限公司 地 址：福州市鼓楼区洪山园路52号华润万象城（三期）S11#楼6层 联系方式：曾星怡、郑婷婷、林文芳0591-87512357 3.项目联系方式 项目联系人：曾星怡、郑婷婷、林文芳 电 话： 0591-87065573,设备购置,,中国政府采购网,,,default,二、项目废标/流标的原因,,,,,,,,,,
ZYCGR22011903晶圆倒片机流标公告,流标公告,0613-267128054587,2026年09月07日 09:40,市辖区,zycgr22011903,上海市合川路2380号,王老师  021-64220901,上海机电设备招标有限公司,上海市长寿路285号恒达大厦11楼,代丽丽，张洁玮，沈飏   021-32557769，32557775,王老师,021-64220901,ZYCGR22011903晶圆倒片机发售稿0814.pdf,"[{""attach_name"": ""ZYCGR22011903晶圆倒片机发售稿0814.pdf"", ""attach_url"": ""https://download.ccgp.gov.cn/oss/download?uuid=280240466D5F08293D18BAD533ED2F""}]",https://www.ccgp.gov.cn/cggg/zygg/qtgg/202609/t20260907_27275774.htm,2026-09-10 10:10:18,一、项目基本情况 采购项目编号：0613-267128054587 采购项目名称：ZYCGR22011903晶圆倒片机 二、项目废标/流标的原因 投标人不足三家，本项目流标。 三、其他补充事宜 四、凡对本次公告内容提出询问，请按以下方式联系。 1.采购人信息 名 称：zycgr22011903 地址：上海市合川路2380号 联系方式：王老师 021-64220901 2.采购代理机构信息 名 称：上海机电设备招标有限公司 地 址：上海市长寿路285号恒达大厦11楼 联系方式：代丽丽，张洁玮，沈飏 021-32557769，32557775 3.项目联系方式 项目联系人：王老师 电 话： 021-64220901,设备购置,,中国政府采购网,,,default,二、项目废标/流标的原因,,,,,,,,,,
北京市消防救援总队购买厨房用品项目比选公告,其他公告,ZKGSF,2026年09月07日 09:35,北京市,北京市消防救援总队,北京市西城区西直门南小街1号,刘助理  010-8221523,中科高盛咨询集团有限公司,北京市丰台区福宜街9号院5号楼昆仑中心10层,周珍珍、范麒霖、贾芳菲，18750109153、13501211563,周珍珍、范麒霖、贾芳菲项目联系,18750109153、13501211563,,,https://www.ccgp.gov.cn/cggg/zygg/qtgg/202609/t20260907_27275720.htm,2026-09-10 10:10:18,"中科高盛咨询集团有限公司受北京市消防救援总队 委托，根据《中华人民共和国政府采购法》等有关规定，现对购买厨房用品项目进行其他招标，欢迎合格的供应商前来投标。 项目名称：购买厨房用品项目项目编号：ZKGSF(ZB)-20261814项目联系方式：项目联系人：周珍珍、范麒霖、贾芳菲项目联系电话：18750109153、13501211563 采购单位联系方式：采购单位：北京市消防救援总队采购单位地址：北京市西城区西直门南小街1号采购单位联系方式：刘助理 010-8221523 代理机构联系方式：代理机构：中科高盛咨询集团有限公司代理机构联系人：周珍珍、范麒霖、贾芳菲，18750109153、13501211563代理机构地址： 北京市丰台区福宜街9号院5号楼昆仑中心10层 一、采购项目内容一、项目基本情况1.项目编号：ZKGSF(ZB)-202618142.项目名称：购买厨房用品项目3.项目预算金额：16万元、项目最高限价（如有）：16万元4.采购需求： 包号 标的名称 采购包 预算金额 （万元） 数量 简要技术需求或服务要求 01 购买厨房用品项目 16 1项 具体要求详见第五章采购需求 5.合同履行期限：自合同签订之日起至供货结束止。6.本项目是否接受联合体响应：□是  ？否。7.本项目是否接受分包：□是  ？否。二、申请人的资格要求（须同时满足）1.满足《中华人民共和国政府采购法》第二十二条规定；（1）具有独立承担民事责任的能力；（2）具有良好的商业信誉和健全的财务会计制度；（3）具有履行合同所必需的设备和专业技术能力；（4）有依法缴纳税收和社会保障资金的良好记录；（5）参加政府采购活动前三年内，在经营活动中没有重大违法记录；（6）法律、行政法规规定的其他条件。 2.落实政府采购政策需满足的资格要求：2.1 中小企业政策本项目不专门面向中小企业预留采购份额。2.2 其它落实政府采购政策的资格要求（如有）：无。3.本项目的特定资格要求：3.1本项目是否属于政府购买服务：否。3.2其他特定资格要求：无。4.参选人负责人为同一人或者存在直接控股、管理关系的不同参选人，不得参加同一合同项下的政府采购活动；为本项目提供整体设计、规范编制或者项目管理、监理、检测等服务的参选人，不得再参加本次采购活动。5.截止响应文件递交截止时间前，参选人不能是被列入“信用中国”网站（www.creditchina.gov.cn）失信被执行人、重大税收违法失信主体名单，以及“中国政府采购网”（www.ccgp.gov.cn）政府采购严重违法失信行为记录名单。6.特殊行业说明：无。7.其他：不存在围标、串标行为。 三、获取比选文件1.时间：2026年09月07日至2026年09月10日，每天上午09:00至12:00，下午14:00至17:00（北京时间，法定节假日除外）。2.获取方式：本项目采用电子招标投标，通过电子采购平台《中科高盛电子交易系统》（以下简称系统）（网址：http://bid.zkgscg.com/）在线获取。参选人应当在上述系统注册登记，并在线办理移动CA数字证书。（操作流程请注册登录后下载操作手册）。3.获取地点：网上获取，无需现场办理。参选人可在《中科高盛电子交易系统》（http://bid.zkgscg.com/）下载采购文件（格式为etd）。《中科高盛电子交易系统》联系电话：杨工:19310130935，陈工:19119282972。4.凡有意参加采购活动的，请于2026年09月07日至2026年09月10日17:00前(北京时间，下同)登录《中科高盛电子交易系统》（http://bid.zkgscg.com/）报名并上传报名资料，报名资料为：法定代表人领取的，提供法定代表人身份证明书及法定代表人身份证复印件；法定代表人委托他人领取的，提供法定代表人授权书（含法定代表人和授权代表的身份证复印件）及受托人身份证复印件。5.售价：¥0.00元。 四、提交响应文件截止时间、开启时间、提交方式开启方式响应文件截止时间、开启时间：2026年09月15日09点00分（北京时间）。提交方式：参选人应在响应文件截止时间前在《中科高盛电子交易系统》（http://bid.zkgscg.com/）上传加密的电子响应文件，在响应文件截止时间前通过《中科高盛电子交易系统》（http://bid.zkgscg.com/）递交数据电文形式的响应文件。逾期递交的响应文件，平台予以拒收。开启方式：参选人须递交数据电文形式的响应文件，并在响应文件截止时间前在《中科高盛电子交易系统》“签到”；通过《中科高盛电子交易系统》（http://bid.zkgscg.com/）电子采购平台在线开启，参选人无需到达现场。电子响应文件的解密截止时间为响应文件截止时间后30分钟。请参选人确保响应文件如期解密。若参选人在开启现场解密的，请参选人自备解密电脑和网络。 五、公告期限自本公告发布之日起3个工作日。 六、其他补充事宜1.本项目需要落实的政府采购政策：节约能源、保护环境、扶持不发达地区和少数民族地区、促进中小企业发展、支持监狱、戒毒企业发展、促进残疾人就业、支持创新及绿色发展（不适用者除外）、优先采购贫困地区农副产品等政策。2.本项目相关信息在“中国政府采购网”媒体上发布。3.本项目为非政府采购项目。4. 本项目采用线上电子评审方式，全流程通过《中科高盛电子交易系统》（http://bid.zkgscg.com/）电子采购平台（以下简称""平台""）进行操作。5 参选人应在提交截止时间前，通过平台编制并上传加密的电子响应文件。响应文件须经电子签章（CA）加密后提交，未加密或逾期提交的响应文件，平台将予以拒收。6 开启环节通过平台在线进行。参选人应在开启时间内完成响应文件的解密操作；因参选人自身原因导致未能按时解密的，视为撤销响应文件。7 响应文件中的""签字""""盖章""，如通过平台使用电子签章（CA数字证书）完成，与实体签字、盖章具有同等法律效力。8 评审过程中如需要参选人进行澄清、说明或补正的，可通过平台在线提交，采用电子签章确认。9 参选人应自行确保CA数字证书在有效期内，并熟悉平台操作流程。因CA证书过期或操作不熟练导致的不利后果，由参选人自行承担。七、对本次比选提出询问，请按以下方式联系。1.采购人信息名    称：北京市消防救援总队地    址：北京市西城区西直门南小街1号联系方式：刘助理  010-82215233   2.比选代理机构信息名    称：中科高盛咨询集团有限公司地    址：北京市丰台区福宜街9号院5号楼昆仑中心10层联系方式：周珍珍、范麒霖、贾芳菲，18750109153、135012115633.项目联系方式项目联系人：周珍珍、范麒霖、贾芳菲电      话：18750109153、13501211563 二、开标时间：2026年09月15日 09:00 三、其它补充事宜 四、预算金额：预算金额：16.000000 万元（人民币）",公共安全,,中国政府采购网,,16.0,table,,,,,,,,,,,
东南大学土木工程学院多激光同轴丝粉同熔8轴联动机器人采购项目废标公告,流标公告,JSTCC26002105526,2026年09月07日 09:34,江苏省,东南大学,江苏省南京市玄武区四牌楼2号,土木工程学院：王老师，13851783691 ；实验室与设备管理处：罗老师，025-83792693,江苏省招标中心有限公司,江苏省南京市鼓楼区郑和中路118号D座12楼1203室,汪律、姜瑶、陈诚，025-83240902、83249926、83248600,汪律,025-83240902,,,https://www.ccgp.gov.cn/cggg/zygg/qtgg/202609/t20260907_27275722.htm,2026-09-10 10:10:19,一、项目基本情况 采购项目编号：JSTCC26002105526（SEU-ZB-260589） 采购项目名称：东南大学土木工程学院多激光同轴丝粉同熔8轴联动机器人采购项目 二、项目废标/流标的原因 在评标期间，通过符合性审查的供应商不足3家，此项目予以废标。 三、其他补充事宜 无。 四、凡对本次公告内容提出询问，请按以下方式联系。 1.采购人信息 名 称：东南大学 地址：江苏省南京市玄武区四牌楼2号 联系方式：土木工程学院：王老师，13851783691 ；实验室与设备管理处：罗老师，025-83792693 2.采购代理机构信息 名 称：江苏省招标中心有限公司 地 址：江苏省南京市鼓楼区郑和中路118号D座12楼1203室 联系方式：汪律、姜瑶、陈诚，025-83240902、83249926、83248600 3.项目联系方式 项目联系人：汪律 电 话： 025-83240902,教育培训,,中国政府采购网,,,default,二、项目废标/流标的原因,,,,,,,,,,
浙江省嘉兴支队海盐县消防救援大队2026年度食堂伙食配送采购项目需求公示,其他公告,/,2026年09月07日 09:27,海盐县,海盐县消防救援大队,浙江省嘉兴市海盐县海丰西路188号,刘拯浩  19703834156,详见公告正文,详见公告正文,详见公告正文,刘拯浩,19703834156,,,https://www.ccgp.gov.cn/cggg/zygg/qtgg/202609/t20260907_27275682.htm,2026-09-10 10:10:20,根据《中华人民共和国政府采购法》等有关规定，现对浙江省嘉兴支队海盐县消防救援大队2026年度食堂伙食配送采购项目进行其他招标，欢迎合格的供应商前来投标。 项目名称：浙江省嘉兴支队海盐县消防救援大队2026年度食堂伙食配送采购项目项目编号：/项目联系方式：项目联系人：刘拯浩项目联系电话：19703834156 采购单位联系方式：采购单位：海盐县消防救援大队采购单位地址：浙江省嘉兴市海盐县海丰西路188号采购单位联系方式：刘拯浩 19703834156  一、采购项目内容一、本次采购内容为浙江省嘉兴支队海盐县消防救援大队2026年食堂伙食配送采购项目，大队用餐人数约为140人，该服务为海盐大队提供全年的食堂物品采购配送服务（实际配送物品以采购人实际需求为准）。服务期限为一年；涉及到的配送物品主要为蔬菜、奶品类、肉类、冷冻食品类、干货类、豆制品类、水产品类、禽蛋类、水果类、其他类等，配送单位应严格按照采购人需求实施，以确保采购的服务和质量。二、征求意见范围1、投标人资格条件是否出现排他性条款，2、需求是否存在含糊不清、相互矛盾、多种含义条款;3、需求是否存在违法违规内容;4、其他意见和建议。 三、征求意见递交及接收1、意见递交截止时间:2026-9-9 17:302、意见递交方式:邮件、书面3、意见接收机构:嘉兴市消防救援支队4、联系人:张先生5、联系电话:0573-826305336、联系邮箱:1330346702@qq.com四、合格的修改意见和建议书要求1、针对需求内容提出意见和建议的，需明确有意见的需求内容所在页次和行数，并说明提出意见的理由和依据;2、潜在投标人须在书面材料上加盖单位公章，注明联系人、联系电话等通讯方式:3、有关专家提出意见和建议的，须有本人签字，注明联系电话等通讯方式，同时还应提供本人与该项目相关的专业证书复印件(如职称证书、工作证明等);4、对逾期送达或未按照本公告要求提交书面意见的，将不予接受。五、注意事项对提供虚假材料或恶意扰乱招标正常秩序的，将提请同级监督管理部门处理。 二、开标时间： 三、其它补充事宜 四、预算金额：预算金额：0.000000 万元（人民币）,公共安全,,中国政府采购网,,0.0,table,,,,,,,,,,,
SPD-32某单位海南地区汽车租赁服务采购项目其他,其他公告,202609QCZLFW,2026年09月07日 09:14,北京市,SPD-32,北京市西城区闹市口大街11号,李先生18110088307,详见公告正文,详见公告正文,详见公告正文,李先生,18110088307,某单位海南地区汽车租赁采购项目.doc,"[{""attach_name"": ""某单位海南地区汽车租赁采购项目.doc"", ""attach_url"": ""https://download.ccgp.gov.cn/oss/download?uuid=B30210344B431012062AABC8B47C35""}]",https://www.ccgp.gov.cn/cggg/zygg/qtgg/202609/t20260907_27275608.htm,2026-09-10 10:10:21,根据《中华人民共和国政府采购法》等有关规定，现对某单位海南地区汽车租赁服务采购项目进行其他招标，欢迎合格的供应商前来投标。 项目名称：某单位海南地区汽车租赁服务采购项目项目编号：202609QCZLFW项目联系方式：项目联系人：李先生项目联系电话：18110088307 采购单位联系方式：采购单位：SPD-32采购单位地址：北京市西城区闹市口大街11号采购单位联系方式：李先生18110088307  一、采购项目内容汽车租赁服务 二、开标时间：2026年09月14日 10:00 三、其它补充事宜 四、预算金额：预算金额：29.600000 万元（人民币）,服务外包,,中国政府采购网,,29.6,table,,,,,,,,,,,
呼伦贝尔边境管理支队净水设备采购项目公开商洽公告,其他公告,XD-2026-HW-028,2026年09月07日 09:02,市辖区,呼伦贝尔边境管理支队,呼伦贝尔市中心城区大雁街,王警官   0470-8133325,呼伦贝尔信德工程项目管理有限公司,呼伦贝尔市鄂温克族自治旗登喜路家园6-101室,安春艳     15560675075,安春艳,15560675075,获取采购文件登记表.doc,"[{""attach_name"": ""获取采购文件登记表.doc"", ""attach_url"": ""https://download.ccgp.gov.cn/oss/download?uuid=954A350E43B006D9B4750AB93F42B4""}]",https://www.ccgp.gov.cn/cggg/zygg/qtgg/202609/t20260907_27275579.htm,2026-09-10 10:10:21,呼伦贝尔信德工程项目管理有限公司受呼伦贝尔边境管理支队 委托，根据《中华人民共和国政府采购法》等有关规定，现对呼伦贝尔边境管理支队净水设备采购项目进行其他招标，欢迎合格的供应商前来投标。 项目名称：呼伦贝尔边境管理支队净水设备采购项目项目编号：XD-2026-HW-028项目联系方式：项目联系人：安春艳项目联系电话：15560675075 采购单位联系方式：采购单位：呼伦贝尔边境管理支队采购单位地址：呼伦贝尔市中心城区大雁街采购单位联系方式：王警官 0470-8133325 代理机构联系方式：代理机构：呼伦贝尔信德工程项目管理有限公司代理机构联系人：安春艳 15560675075代理机构地址： 呼伦贝尔市鄂温克族自治旗登喜路家园6-101室 一、采购项目内容呼伦贝尔边境管理支队净水设备采购项目公开商洽公告 项目概况 呼伦贝尔边境管理支队净水设备采购项目的潜在供应商应在呼伦贝尔信德工程项目管理有限公司获取采购文件，并于2026年09月15日09时30分（北京时间）前提交响应文件。 1.1 项目基本情况项目编号：XD-2026-HW-028项目名称：呼伦贝尔边境管理支队净水设备采购项目采购方式：公开商洽预算金额：839450.00元采购需求： 包号 采购标的名称 数量（单位） 采购要求 预算金额（元） 1 呼伦贝尔边境管理支队净水设备采购项目 1（项) 购置净水设备并对购置的净水设备，提供技术维修保养服务（具体详见采购文件）。 839450.00    本合同包不接受联合体投标1.2 供应商的资格要求：1、供应商应符合下列规定的条件。①具有独立承担民事责任的能力；②具有良好的商业信誉和健全的财务会计制度；③具有履行合同所必需的设备和专业技术能力；④有依法缴纳税收和社会保障资金的良好记录；⑤参加政府采购活动前三年内，在经营活动中没有重大违法记录；⑥法律、行政法规规定的其他条件。资格审查时，供应商未被列入失信被执行人重大税收违法失信主体名单、政府采购严重违法失信行为记录名单，相关信用情况通过“信用中国”网站、中国政府采购网等渠道查询。 2、落实政府采购政策需满足的资格要求：无3、本项目的特定资格要求：无1.3 获取采购文件时间：2026年09月08日至2026年09月11日，每天上午9:00至12:00，下午14:00至17:00。（北京时间，法定节假日除外。）地点：呼伦贝尔信德工程项目管理有限公司方式：电子邮箱（xinde2788@163.com）或现场获取售价：0元1.4 响应文件提交提交(响应)文件截止时间：2026年09月15日09时30分前递交响应文件（北京时间）提交(响应)文件地点：呼伦贝尔市鄂温克族自治旗登喜路家园6-101（呼伦贝尔信德工程项目管理有限公司）开标室。开启时间2026年09月15日09时30分开启地点：呼伦贝尔市鄂温克族自治旗登喜路家园6-101（呼伦贝尔信德工程项目管理有限公司）开标室。1.5 公告期限自本公告发布之日起3个工作日。1.6 其他补充事宜符合上述资格条件的潜在供应商在采购文件获取截止时间前将公告中附件“获取采购文件登记表”盖章后电子版发送邮箱（xinde2788@163.com），或持有盖章后的“获取采购文件登记表”到呼伦贝尔信德工程项目管理有限公司现场获取采购文件。1.7 凡对本次采购提出询问、质疑，请按以下方式联系。1.采购人信息采购单位名称：呼伦贝尔边境管理支队地址：呼伦贝尔市中心城区大雁街联系人：王警官联系电话：0470-81333252.采购代理机构信息采购代理机构名称：呼伦贝尔信德工程项目管理有限公司地址：呼伦贝尔市鄂温克族自治旗登喜路家园6-101室联系人：安春艳联系电话：15560675075  二、开标时间：2026年09月15日 09:30 三、其它补充事宜符合上述资格条件的潜在供应商在采购文件获取截止时间前将公告中附件“获取采购文件登记表”盖章后电子版发送邮箱（xinde2788@163.com），或持有盖章后的“获取采购文件登记表”到呼伦贝尔信德工程项目管理有限公司现场获取采购文件。 四、预算金额：预算金额：83.945000 万元（人民币）,设备购置,2026-09-15 09:30,中国政府采购网,公开商洽,83.945,table,,,,,,,,,,,
SPD某单位车辆配件采购项目（二次）其他,其他公告,202609CLPJ02,2026年09月07日 08:42,北京市,SPD,北京市西城区闹市口大街11号,李先生18110088307,详见公告正文,详见公告正文,详见公告正文,李先生,18110088307,,,https://www.ccgp.gov.cn/cggg/zygg/qtgg/202609/t20260907_27275532.htm,2026-09-10 10:10:22,根据《中华人民共和国政府采购法》等有关规定，现对某单位车辆配件采购项目（二次）进行其他招标，欢迎合格的供应商前来投标。 项目名称：某单位车辆配件采购项目（二次）项目编号：202609CLPJ02项目联系方式：项目联系人：李先生项目联系电话：18110088307 采购单位联系方式：采购单位：SPD采购单位地址：北京市西城区闹市口大街11号采购单位联系方式：李先生18110088307  一、采购项目内容车辆配件维修保养 二、开标时间：2026年09月11日 10:00 三、其它补充事宜 四、预算金额：预算金额：14.970000 万元（人民币）,设备购置,,中国政府采购网,,14.97,table,,,,,,,,,,,
国家体育总局射击射箭运动管理中心国产飞碟项目计分显示屏二次采购结果公告,其他公告,TPZJ26-04,2026年09月07日 08:38,北京市,国家体育总局射击射箭运动管理中心,北京市石景山区福田寺甲3号,010-88962650,国家体育总局体育器材装备中心,北京市东城区体育馆路3号,010-87182686,苏老师,010-88962650,,,https://www.ccgp.gov.cn/cggg/zygg/qtgg/202609/t20260907_27275531.htm,2026-09-10 10:10:23,"th,td {border:1px solid #DDD;padding: 5px 10px;}.template-center-hide-state{display:none !important;}采购项目名称：国家体育总局射击射箭运动管理中心国产飞碟项目计分显示屏二次采购采购项目编号：TPZJ26-04采购方式：竞争性谈判采购公告发布日期：2026年08月25日 预算金额：770000(元)废标理由：本项目实质性响应的供应商不足3家，本次竞争性谈判采购终止。评审小组成员名单：艾康伟，李郁，苏雷（采购人代表）联系方式：1、采购人名称：国家体育总局射击射箭运动管理中心联系人：苏老师联系电话：010-88962650地址：北京市石景山区福田寺甲3号2、采购代理机构名称：国家体育总局体育器材装备中心联系人：张老师联系电话：010-87182686地址：北京市东城区体育馆路3号",文化旅游,,中国政府采购网,竞争性谈判,,default,,,,,,,,,,,
中华人民共和国西藏出入境边防检查总站阿里边境管理支队2026年度机关职工之家维修项目竞争性磋商,其他公告,25512900326015,2026年09月06日 22:46,噶尔县,阿里边境管理支队,西藏阿里地区噶尔县狮泉河镇陕西路50号,李警官，0897-2996086,西藏固道项目咨询有限公司,西藏阿里地区噶尔县马泉路产业园合作路220号,俱先生，18689194615,李警官,0897-2996086,"竞争性磋商邀请-2026职工之家维修.doc,采购文件获取登记表-2026职工之家维修.xlsx","[{""attach_name"": ""竞争性磋商邀请-2026职工之家维修.doc"", ""attach_url"": ""https://download.ccgp.gov.cn/oss/download?uuid=4C37E74FC834B637DFEF8EE3F363BE""}, {""attach_name"": ""采购文件获取登记表-2026职工之家维修.xlsx"", ""attach_url"": ""https://download.ccgp.gov.cn/oss/download?uuid=CEB8367789BBBE00D2B09DE5DF4692""}]",https://www.ccgp.gov.cn/cggg/zygg/qtgg/202609/t20260906_27275452.htm,2026-09-10 10:10:24,西藏固道项目咨询有限公司受阿里边境管理支队 委托，根据《中华人民共和国政府采购法》等有关规定，现对中华人民共和国西藏出入境边防检查总站阿里边境管理支队2026年度机关职工之家维修项目进行其他招标，欢迎合格的供应商前来投标。 项目名称：中华人民共和国西藏出入境边防检查总站阿里边境管理支队2026年度机关职工之家维修项目项目编号：25512900326015项目联系方式：项目联系人：李警官项目联系电话：0897-2996086 采购单位联系方式：采购单位：阿里边境管理支队采购单位地址：西藏阿里地区噶尔县狮泉河镇陕西路50号采购单位联系方式：李警官，0897-2996086 代理机构联系方式：代理机构：西藏固道项目咨询有限公司代理机构联系人：俱先生，18689194615代理机构地址： 西藏阿里地区噶尔县马泉路产业园合作路220号 一、采购项目内容本项目为阿里边境管理支队机关职工之家活动室维修项目，活动室为阳光房结构。主要维修内容包括：拆除原有铝合金窗、安装新玻璃窗、吊顶安装、室内保温隔热层安装等。具体内容详见施工图纸及工程量清单。 二、开标时间：2026年09月18日 11:00 三、其它补充事宜（一）有意向参与本项目采购活动的供应商，既可前往采购代理机构现场购买采购文件，也可通过网络方式（电子邮件传输等）获取。（二）通过网络方式获取的，需自行下载本公告附件《采购文件获取登记表》，填写完整相关信息并扫描后，发送至采购代理机构指定邮箱（邮箱地址：569581611 @qq.com）；待采购文件费用缴纳完成后，采购代理机构将向供应商发送采购文件。（三）本项采购公告在中国政府采购网上发布。（四）公告详细内容见本公告附件“竞争性磋商邀请” 四、预算金额：预算金额：55.452907 万元（人民币）,工程建设,,中国政府采购网,,55.452907,table,,,,,,,,,,,
中华人民共和国西藏出入境边防检查总站阿里边境管理支队2026年度公务车辆保险服务项目竞争性磋商,其他公告,25512900326013,2026年09月06日 22:45,噶尔县,阿里边境管理支队,西藏阿里地区噶尔县狮泉河镇陕西路50号,王警官，0897-2996086,西藏名典实业有限公司,西藏阿里地区噶尔县迎宾大道瑞特公寓3栋2001号,冯女士，17784557777,王警官,0897-2996086,"采购文件获取登记表-2026车辆保险.xlsx,竞争性磋商邀请-2026车辆保险.doc","[{""attach_name"": ""采购文件获取登记表-2026车辆保险.xlsx"", ""attach_url"": ""https://download.ccgp.gov.cn/oss/download?uuid=3FD9C74A8550F1A5DACD5AFC861ED3""}, {""attach_name"": ""竞争性磋商邀请-2026车辆保险.doc"", ""attach_url"": ""https://download.ccgp.gov.cn/oss/download?uuid=FF4A87105A4CE0544093B9246B2A2E""}]",https://www.ccgp.gov.cn/cggg/zygg/qtgg/202609/t20260906_27275451.htm,2026-09-10 10:10:24,西藏名典实业有限公司受阿里边境管理支队 委托，根据《中华人民共和国政府采购法》等有关规定，现对中华人民共和国西藏出入境边防检查总站阿里边境管理支队2026年度公务车辆保险服务项目进行其他招标，欢迎合格的供应商前来投标。 项目名称：中华人民共和国西藏出入境边防检查总站阿里边境管理支队2026年度公务车辆保险服务项目项目编号：25512900326013项目联系方式：项目联系人：王警官项目联系电话：0897-2996086 采购单位联系方式：采购单位：阿里边境管理支队采购单位地址：西藏阿里地区噶尔县狮泉河镇陕西路50号采购单位联系方式：王警官，0897-2996086 代理机构联系方式：代理机构：西藏名典实业有限公司代理机构联系人：冯女士，17784557777代理机构地址： 西藏阿里地区噶尔县迎宾大道瑞特公寓3栋2001号 一、采购项目内容本项目旨在选取一家具备合格资质的保险服务机构，为阿里边境管理支队所属全部公务车辆提供保险服务，服务范围包括但不限于交强险及各类商业险。在保险服务期限内，阿里边境管理支队将依据公务车辆使用状况及管理要求，自主决定投保险种组合、保费档次及投保时段，保险服务机构需配合完成所属公务车辆的投保办理、保单出具、理赔协助等全流程服务，确保投保工作高效合规。 二、开标时间：2026年09月17日 16:30 三、其它补充事宜1.有意向参与本项目采购活动的供应商，既可前往采购代理机构现场购买采购文件，也可通过网络方式（如电子邮件传输等）获取。2.通过网络方式获取的，需自行下载本公告附件《采购文件获取登记表》，填写完整相关信息并扫描后，发送至采购代理机构指定邮箱（邮箱地址：1542871440@qq.com）；待采购文件费用缴纳完成后，采购代理机构将向供应商发送采购文件。      3.本项目采购公告在中国政府采购网上发布。      4.采购公告详细内容见本公告附件“竞争性磋商邀请”。 四、预算金额：预算金额：90.000000 万元（人民币）,服务外包,,中国政府采购网,,90.0,table,,,,,,,,,,,
中华人民共和国西藏出入境边防检查总站阿里边境管理支队机关综合指挥中心强弱电改造项目成交公告,其他公告,25512900326012,2026年09月06日 22:44,噶尔县,阿里边境管理支队,西藏阿里地区噶尔县狮泉河镇陕西路50号,王警官，0897-2996086,西藏恩民建设工程咨询有限公司,西藏阿里地区噶尔县文化路41号税务局退休基地5-3号,吴先生，19539817630,王警官,0897-2996086,"磋商文件（定稿）-2026强弱电改造项目.pdf,中小企业声明函（2026强弱电改造）-四川鸿捷.jpg","[{""attach_name"": ""磋商文件（定稿）-2026强弱电改造项目.pdf"", ""attach_url"": ""https://download.ccgp.gov.cn/oss/download?uuid=6FDD0E3AB226F5EDF7759E4B02F032""}, {""attach_name"": ""中小企业声明函（2026强弱电改造）-四川鸿捷.jpg"", ""attach_url"": ""https://download.ccgp.gov.cn/oss/download?uuid=E934C564D5A40273D34D5CFDBF2E72""}]",https://www.ccgp.gov.cn/cggg/zygg/qtgg/202609/t20260906_27275450.htm,2026-09-10 10:10:25,西藏恩民建设工程咨询有限公司受阿里边境管理支队 委托，根据《中华人民共和国政府采购法》等有关规定，现对中华人民共和国西藏出入境边防检查总站阿里边境管理支队机关综合指挥中心强弱电改造项目进行其他招标，欢迎合格的供应商前来投标。 项目名称：中华人民共和国西藏出入境边防检查总站阿里边境管理支队机关综合指挥中心强弱电改造项目项目编号：25512900326012项目联系方式：项目联系人：王警官项目联系电话：0897-2996086 采购单位联系方式：采购单位：阿里边境管理支队采购单位地址：西藏阿里地区噶尔县狮泉河镇陕西路50号采购单位联系方式：王警官，0897-2996086 代理机构联系方式：代理机构：西藏恩民建设工程咨询有限公司代理机构联系人：吴先生，19539817630代理机构地址： 西藏阿里地区噶尔县文化路41号税务局退休基地5-3号 一、采购项目内容成交结果公告（一）项目编号：25512900326012（二）项目名称：中华人民共和国西藏出入境边防检查总站阿里边境管理支队机关综合指挥中心强弱电改造项目（三）成交信息供应商名称：四川鸿捷建设工程有限公司供应商地址：成都市武侯区一环路南一段22号5层22号成交金额：95.7万元（四）主要标的信息 序号 供应商 名称 工程名称 施工范围 施工 工期 项目 经理 执业 证书 1 四川鸿捷建设工程有限公司 中华人民共和国西藏出入境边防检查总站阿里边境管理支队机关综合指挥中心强弱电改造项目 对阿里边境管理支队机关综合指挥中心大楼进行强弱电改造，主要包括室外飞线整治、配电系统重构、弱电链路优化、桥架规范布设、备用电源整合及配套吊顶翻新与LED灯具安装等工程内容，具体以发包人提供的施工图纸和工程量清单为准。 合同签订之日起90天内。 甘珏 二级建造师，注册编号：川2512011201246667 （五）评审专家名单：刘宏亮、萧亚、余承洋（采购人代表）（六）代理服务收费标准及金额：本项目代理费收费标准：项目成交金额的1.2%本项目代理费总金额：1.1484万元（人民币）（七）公告期限自本公告发布之日起1个工作日。（八）其它补充事宜1.成交供应商的评审总得分为84.33分。2.本公告在中国政府采购网上发布（九）凡对本次公告内容提出询问，请按以下方式联系。1.采购人信息名 称：阿里边境管理支队 地址：西藏阿里地区噶尔县狮泉河镇陕西路50号 联系方式：王警官，0897-2996086 2.采购代理机构信息名 称：西藏恩民建设工程咨询有限公司 地 址：西藏阿里地区噶尔县文化路41号税务局退休基地5-3号 联系方式：吴先生，19539817630 3.项目联系方式项目联系人：王警官电 话：0897-2996086 二、开标时间：2026年09月03日 16:30 三、其它补充事宜1.成交供应商的评审总得分为84.33分。2.本公告在中国政府采购网上发布 四、预算金额：预算金额：98.507979 万元（人民币）,工程建设,,中国政府采购网,,98.507979,table,,,,,,,,,,,
中华人民共和国西藏出入境边防检查总站林芝边境管理支队地质灾害危险性评估服务采购项目竞争性谈判公告,其他公告,XZTY-CG-LZ260904,2026年09月06日 21:29,林芝县,林芝边境管理支队,西藏自治区林芝市巴宜区青年路,秦警官    0894-5539050,西藏太乙工程项目管理有限公司,林芝市巴宜区日措花园1栋2单元303室,任女士     17828021281,任女士,17828021281,,,https://www.ccgp.gov.cn/cggg/zygg/qtgg/202609/t20260906_27275417.htm,2026-09-10 10:10:26,"西藏太乙工程项目管理有限公司受林芝边境管理支队 委托，根据《中华人民共和国政府采购法》等有关规定，现对中华人民共和国西藏出入境边防检查总站林芝边境管理支队地质灾害危险性评估服务采购项目进行其他招标，欢迎合格的供应商前来投标。 项目名称：中华人民共和国西藏出入境边防检查总站林芝边境管理支队地质灾害危险性评估服务采购项目项目编号：XZTY-CG-LZ260904项目联系方式：项目联系人：任女士项目联系电话：17828021281 采购单位联系方式：采购单位：林芝边境管理支队采购单位地址：西藏自治区林芝市巴宜区青年路 采购单位联系方式：秦警官 0894-5539050 代理机构联系方式：代理机构：西藏太乙工程项目管理有限公司代理机构联系人：任女士 17828021281代理机构地址： 林芝市巴宜区日措花园1栋2单元303室 一、采购项目内容项目概况 (中华人民共和国西藏出入境边防检查总站林芝边境管理支队地质灾害危险性评估服务采购项目) 采购项目的潜在供应商应在（现场：林芝市巴宜区日措花园1栋2单元303室或通过线上远程：邮箱2929306575@qq.com获取采购文件，并于2026年 09月 10日 12点00分（北京时间）前提交响应文件。一、项目基本情况项目编号：XZTY-CG-LZ260904项目名称：中华人民共和国西藏出入境边防检查总站林芝边境管理支队地质灾害危险性评估服务采购项目采购方式：竞争性谈判项目预算金额：￥693,000.00元最高限价：￥660,000.00元采购需求：按照国家、行业现行规范为林芝边境管理支队11个基层所站营区及周边影响区域，开展地质灾害危险性评估工作，现场调查评估区域地质环境条件，排查滑坡、崩塌、泥石流、地面塌陷、地裂缝、地面沉降等地质灾害隐患；对营区及周边影响区域地质灾害危险性进行分级，分析地质灾害成因及发展趋势，评估可能诱发、加剧地质灾害的可能性和工程建设本身可能遭受地质灾害的危险性，提出避让、治理、监测等防治措施建议，出具正式地质灾害危险性评估报告，报告完整、准确、真实、清晰，能满足采购人地质灾害防治使用要求且通过评审，为地质灾害风险管控、安全防治决策、监测预警提供技术支撑。合同履行期限：合同签订之日起40个日历天内完成林芝边境管理支队所属11个单位营区周边影响区域的全部现场外部作业并提交通过评审全套正式地质灾害危险性评估报告。本项目是否接受联合体响应：否。二、申请人的资格要求（须同时满足）1.满足《中华人民共和国政府采购法》第二十二条规定；2.落实政府采购政策需满足的资格要求：本项目专门面向中小企业采购。3.本项目的特定资格要求：供应商须具备行政主管部门颁发的地质灾害防治单位资质证书，且资质专业类别须涵盖地质灾害评估和治理工程勘查设计资质，资质等级为乙级及以上。三、获取采购文件时间：2026年09月07日至2026年09月09日，每天上午 10：00至13：00 ，下午15：30 至18：30 （北京时间，法定节假日除外 ）地点：现场(林芝市巴宜区日措花园1栋2单元303室)或通过线上远程（邮箱2929306575@qq.com）方式：1.现场获取或线上远程获取（远程获取流程:将项目名称、公司名称、购买人姓名、购买人联系电话发送至邮箱:2929306575@qq.com采购代理机构将对原邮箱回复相关后续操作;2.有相关报名获取文件问题可致电17828021281进行咨询。）售价：￥50.00元四、响应文件提交截止时间：2026年09月10日12点00分（北京时间）地点：林芝市巴宜区日措花园1栋2单元303室五、开启时间：2026年09月10日12点00分（北京时间）地点：林芝市巴宜区日措花园1栋2单元303室六、公告期限自本公告发布之日起3个工作日七、其他补充事宜1.本项目需要落实的政府采购政策：1.1按照<财政部、工业和信息化部关于印发《政府采购促进中小企业发展管理办法》的通知（财库 [2020]46号）>的规定及财库〔2022〕19号（关于进一步加大政府采购支持中小企业力度的通知），落实促进中小企业发展政策；1.2按照<财政部、司法部关于政府采购支持监狱企业发展有关问题的通知>（财库[2017]68号）的规定，落实支持监狱企业发展政策；1.3按照《三部门联合发布关于促进残疾人就业政府采购政策的通知》（财库[2017]141号）的规定，落实支持残疾人福利性单位发展政策。1.4根据《中华人民共和国政府采购法》第九条和《中华人民共和国政府采购法实施条例》第六条；落实扶持不发达地区和少数民族地区相关政策。1.5 执行《财政部关于推动解决政府采购异常低价问题的通知》（财库〔2026〕2号）2、供应商信用记录；查询渠道：信用中国网站和中国政府采购网（www.creditchina.gov.cn、www.ccgp.gov.cn）；截止时点：首次响应文件提交截止时间以后、资格性检查阶段采购人或采购代理机构的实际查询时间为准；信用信息查询记录和证据留存具体方式：查询结果网页打印页作为查询记录和证据，与其他采购文件一并保存；信用信息的使用原则：经认定的被列入失信被执行人、重大税收违法失信主体、政府采购严重违法失信行为记录名单的供应商，其响应无效。3、本公告在《中国政府采购网》发布。八、对本次采购提出询问，请按以下方式联系。1.采购人信息名 称：林芝边境管理支队地址：西藏自治区林芝市巴宜区青年路联系方式：0894-55390502.采购代理机构信息名 称：西藏太乙工程项目管理有限公司地 址：林芝市巴宜区日措花园1栋2单元303室联系方式：178280212813.项目联系方式项目联系人：任女士电 话：17828021281 二、开标时间：2026年09月10日 12:00 三、其它补充事宜1.本项目需要落实的政府采购政策：1.1按照<财政部、工业和信息化部关于印发《政府采购促进中小企业发展管理办法》的通知（财库 [2020]46号）>的规定及财库〔2022〕19号（关于进一步加大政府采购支持中小企业力度的通知），落实促进中小企业发展政策；1.2按照<财政部、司法部关于政府采购支持监狱企业发展有关问题的通知>（财库[2017]68号）的规定，落实支持监狱企业发展政策；1.3按照《三部门联合发布关于促进残疾人就业政府采购政策的通知》（财库[2017]141号）的规定，落实支持残疾人福利性单位发展政策。1.4根据《中华人民共和国政府采购法》第九条和《中华人民共和国政府采购法实施条例》第六条；落实扶持不发达地区和少数民族地区相关政策。1.5 执行《财政部关于推动解决政府采购异常低价问题的通知》（财库〔2026〕2号）2.供应商信用记录；查询渠道：信用中国网站和中国政府采购网（www.creditchina.gov.cn、www.ccgp.gov.cn）；截止时点：首次响应文件提交截止时间以后、资格性检查阶段采购人或采购代理机构的实际查询时间为准；信用信息查询记录和证据留存具体方式：查询结果网页打印页作为查询记录和证据，与其他采购文件一并保存；信用信息的使用原则：经认定的被列入失信被执行人、重大税收违法失信主体、政府采购严重违法失信行为记录名单的供应商，其响应无效。3.本公告在《中国政府采购网》发布。 四、预算金额：预算金额：69.300000 万元（人民币）",工程建设,2026-09-10 12:00,中国政府采购网,竞争性谈判,69.3,table,,,,,,,,,,,
中华人民共和国西藏出入境边防检查总站林芝边境管理支队房屋安全鉴定服务采购项目竞争性谈判公告,其他公告,XZTY-CG-LZ260905,2026年09月06日 21:28,林芝县,林芝边境管理支队,西藏自治区林芝市巴宜区青年路,秦警官    0894-5539050,西藏太乙工程项目管理有限公司,林芝市巴宜区日措花园1栋2单元303室,任女士    17828021281,任女士,17828021281,,,https://www.ccgp.gov.cn/cggg/zygg/qtgg/202609/t20260906_27275416.htm,2026-09-10 10:10:26,"西藏太乙工程项目管理有限公司受林芝边境管理支队 委托，根据《中华人民共和国政府采购法》等有关规定，现对中华人民共和国西藏出入境边防检查总站林芝边境管理支队房屋安全鉴定服务采购项目进行其他招标，欢迎合格的供应商前来投标。 项目名称：中华人民共和国西藏出入境边防检查总站林芝边境管理支队房屋安全鉴定服务采购项目项目编号：XZTY-CG-LZ260905项目联系方式：项目联系人：任女士项目联系电话：17828021281 采购单位联系方式：采购单位：林芝边境管理支队采购单位地址：西藏自治区林芝市巴宜区青年路 采购单位联系方式：秦警官 0894-5539050 代理机构联系方式：代理机构：西藏太乙工程项目管理有限公司代理机构联系人：任女士 17828021281代理机构地址： 林芝市巴宜区日措花园1栋2单元303室 一、采购项目内容项目概况 (中华人民共和国西藏出入境边防检查总站林芝边境管理支队房屋安全鉴定服务采购项目) 采购项目的潜在供应商应在（现场：西藏自治区林芝市巴宜区日措花园1栋2单元303室或通过线上远程：邮箱2929306575@qq.com获取采购文件，并于2026年09月10日10点00分（北京时间）前提交响应文件。一、项目基本情况项目编号：XZTY-CG-LZ260905项目名称：中华人民共和国西藏出入境边防检查总站林芝边境管理支队房屋安全鉴定服务采购项目采购方式：竞争性谈判项目预算金额：￥768,384.36元最高限价：￥717,158.74元采购需求：为全面排查林芝边境管理支队及其所属单位房屋建筑安全风险，摸清房屋结构安全现状，防范化解房屋安全隐患，为后续房屋维修加固、改造、使用管理提供技术依据，根据工作安排，现选取一家具有相关专业技术能力的第三方机构开展我支队及所属单位21处103栋房屋安全鉴定服务。合同履行期限：合同签订之日起30个日历天内完成林芝边境管理支队及所属单位21处103栋房屋现场实地勘察检测工作并出具真实有效的房屋安全鉴定报告。本项目是否接受联合体响应：否。二、申请人的资格要求（须同时满足）1.满足《中华人民共和国政府采购法》第二十二条规定；2.落实政府采购政策需满足的资格要求：本项目专门面向中小企业采购。3.本项目的特定资格要求：供应商须具备建设行政主管部门颁发的建设工程质量检测机构综合资质或专项资质（专项资质检测专项须包括但不限于建筑材料及构配件、主体结构及装饰装修、钢结构、地基基础），具有有效的CMA检验检测机构资质认定证书。三、获取采购文件时间：2026年09月07日至2026年09月09日，每天上午10：00至13：00，下午15：30至18：30（北京时间，法定节假日除外 ）地点：现场(西藏自治区林芝市巴宜区日措花园1栋2单元303室)或通过线上远程（邮箱2929306575@qq.com）方式：现场获取或线上远程获取（1.远程获取流程:将项目名称、公司名称、购买人姓名、购买人联系电话发送至邮箱:2929306575@qq.com采购代理机构将对原邮箱回复相关后续操作;2.有相关报名获取文件问题可致电任女士17828021281进行咨询。）售价：￥50.00元四、响应文件提交截止时间：2026年09月10日10点00分（北京时间）地点：西藏自治区林芝市巴宜区日措花园1栋2单元303室五、开启时间：2026年09月10日10点00分（北京时间）地点：西藏自治区林芝市巴宜区日措花园1栋2单元303室六、公告期限自本公告发布之日起3个工作日七、其他补充事宜1.本项目需要落实的政府采购政策：1.1按照《国务院办公厅关于建立政府强制采购节能产品制度的通知》（国办发【2007】51号）《关于调整优化节能产品、环境标志产品政府采购执行机制的通知》（财库〔2019〕9号）、《商品包装政府采购需求标准（试行）》、《快递包装政府采购需求标准（试行）》政府采购需求标准（试行）的规定，落实国家相关政策；1.2按照<财政部、工业和信息化部关于印发《政府采购促进中小企业发展管理办法》的通知（财库 [2020]46号）>的规定及财库〔2022〕19号（关于进一步加大政府采购支持中小企业力度的通知），落实促进中小企业发展政策；1.3按照<财政部、司法部关于政府采购支持监狱企业发展有关问题的通知>（财库[2017]68号）的规定，落实支持监狱企业发展政策；1.4按照《三部门联合发布关于促进残疾人就业政府采购政策的通知》（财库[2017]141号）的规定，落实支持残疾人福利性单位发展政策；1.5根据《中华人民共和国政府采购法》第九条和《中华人民共和国政府采购法实施条例》第六条，落实扶持不发达地区和少数民族地区相关政策。1.6执行《财政部关于推动解决政府采购异常低价问题的通知》（财库〔2026〕2号）1.7《国务院办公厅关于在政府采购中实施本国产品标准及相关政策的通知》（国办发〔2025〕34号）。2、供应商信用记录；查询渠道：信用中国网站和中国政府采购网（www.creditchina.gov.cn、www.ccgp.gov.cn）；截止时点：首次响应文件提交截止时间以后、资格性检查阶段采购人或采购代理机构的实际查询时间为准；信用信息查询记录和证据留存具体方式：查询结果网页打印页作为查询记录和证据，与其他采购文件一并保存；信用信息的使用原则：经认定的被列入失信被执行人、重大税收违法失信主体、政府采购严重违法失信行为记录名单的供应商，其响应无效。3、本公告在《中国政府采购网》发布。八、对本次采购提出询问，请按以下方式联系。1.采购人信息名 称：林芝边境管理支队地址：西藏自治区林芝市巴宜区青年路联系方式：0894-55390502.采购代理机构信息名 称：西藏太乙工程项目管理有限公司地 址：西藏自治区林芝市巴宜区日措花园1栋2单元303室联系方式：任女士178280212813.项目联系方式项目联系人：任女士电 话：17828021281 二、开标时间：2026年09月10日 10:00 三、其它补充事宜1.本项目需要落实的政府采购政策：1.1按照《国务院办公厅关于建立政府强制采购节能产品制度的通知》（国办发【2007】51号）《关于调整优化节能产品、环境标志产品政府采购执行机制的通知》（财库〔2019〕9号）、《商品包装政府采购需求标准（试行）》、《快递包装政府采购需求标准（试行）》政府采购需求标准（试行）的规定，落实国家相关政策；1.2按照<财政部、工业和信息化部关于印发《政府采购促进中小企业发展管理办法》的通知（财库 [2020]46号）>的规定及财库〔2022〕19号（关于进一步加大政府采购支持中小企业力度的通知），落实促进中小企业发展政策；1.3按照<财政部、司法部关于政府采购支持监狱企业发展有关问题的通知>（财库[2017]68号）的规定，落实支持监狱企业发展政策；1.4按照《三部门联合发布关于促进残疾人就业政府采购政策的通知》（财库[2017]141号）的规定，落实支持残疾人福利性单位发展政策；1.5根据《中华人民共和国政府采购法》第九条和《中华人民共和国政府采购法实施条例》第六条，落实扶持不发达地区和少数民族地区相关政策。1.6执行《财政部关于推动解决政府采购异常低价问题的通知》（财库〔2026〕2号）1.7《国务院办公厅关于在政府采购中实施本国产品标准及相关政策的通知》（国办发〔2025〕34号）。2、供应商信用记录；查询渠道：信用中国网站和中国政府采购网（www.creditchina.gov.cn、www.ccgp.gov.cn）；截止时点：首次响应文件提交截止时间以后、资格性检查阶段采购人或采购代理机构的实际查询时间为准；信用信息查询记录和证据留存具体方式：查询结果网页打印页作为查询记录和证据，与其他采购文件一并保存；信用信息的使用原则：经认定的被列入失信被执行人、重大税收违法失信主体、政府采购严重违法失信行为记录名单的供应商，其响应无效。3、本公告在《中国政府采购网》发布。 四、预算金额：预算金额：76.838436 万元（人民币）",工程建设,2026-09-10 10:00,中国政府采购网,竞争性谈判,76.838436,table,,,,,,,,,,,
中华人民共和国西藏出入境边防检查总站日喀则边境管理支队鲁鲁边境检查站综合选址论证服务机构选取项目竞争性谈判公告,其他公告,XZTY-2026027,2026年09月06日 20:16,日喀则地区,日喀则边境管理支队,日喀则市桑珠孜区朗热路,0892-8335031(请在工作时间内拨打),西藏韬跃工程项目管理有限公司,西藏自治区日喀则市桑珠孜区高海拔小区A区3栋1单元401号,19917738901（请工作日内上班时间段拨打）,吴先生,19917738901,,,https://www.ccgp.gov.cn/cggg/zygg/qtgg/202609/t20260906_27275371.htm,2026-09-10 10:10:27,西藏韬跃工程项目管理有限公司受日喀则边境管理支队 委托，根据《中华人民共和国政府采购法》等有关规定，现对中华人民共和国西藏出入境边防检查总站日喀则边境管理支队鲁鲁边境检查站综合选址论证服务机构选取项目进行其他招标，欢迎合格的供应商前来投标。 项目名称：中华人民共和国西藏出入境边防检查总站日喀则边境管理支队鲁鲁边境检查站综合选址论证服务机构选取项目项目编号：XZTY-2026027项目联系方式：项目联系人：吴先生项目联系电话：19917738901 采购单位联系方式：采购单位：日喀则边境管理支队采购单位地址：日喀则市桑珠孜区朗热路采购单位联系方式：0892-8335031(请在工作时间内拨打) 代理机构联系方式：代理机构：西藏韬跃工程项目管理有限公司代理机构联系人：19917738901（请工作日内上班时间段拨打）代理机构地址： 西藏自治区日喀则市桑珠孜区高海拔小区A区3栋1单元401号 一、采购项目内容竞争性谈判公告中华人民共和国西藏出入境边防检查总站日喀则边境管理支队鲁鲁边境检查站综合选址论证服务机构选取项目招标项目的潜在供应商应在西藏韬跃工程项目管理有限公司（西藏自治区日喀则市桑珠孜区高海拔小区A区3栋1单元401号）获取竞争性谈判文件，并于2026年9月10日11点00分（北京时间）前递交响应文件。一、项目基本情况项目编号：XZTY-2026027项目名称：中华人民共和国西藏出入境边防检查总站日喀则边境管理支队鲁鲁边境检查站综合选址论证服务机构选取项目采购预算：150000.00元（大写：壹拾伍万元整）；最高限价：150000.00元（大写：壹拾伍万元整）；采购需求：为支队开展鲁鲁边境检查站综合选址论证工作并出具综合选址论证报告。合同履行期限：合同签订后90日内。合同履行地点：鲁鲁边境检查站营区内。本项目不接受联合体响应二、申请人的资格要求1.满足《中华人民共和国政府采购法》第二十二条规定；1.1 具有独立承担民事责任的能力；1.2 具有良好的商业信誉和健全的财务会计制度；1.3 具有履行合同所必需的设备和专业技术能力；1.4 有依法缴纳税收和社会保障资金的良好记录；1.5 参加政府采购活动前三年内，在经营活动中没有重大违法记录；1.6 法律、行政法规规定的其他条件。2.落实政府采购政策要求：2.1执行《政府采购促进中小企业发展管理办法》（财库〔2020〕46号）、《财政部关于进一步加大政府采购支持中小企业力度的通知》（财库〔2022〕19号）；2.2执行《财政部、司法部关于政府采购支持监狱企业发展有关问题的通知》（财库〔2014〕68号）；2.3执行《财政部民政部中国残疾人联合会关于促进残疾人就业政府采购政策的通知》（财库〔2017〕141号）；2.4执行《关于调整优化节能产品、环境标志产品政府采购执行机制的通知》财库〔2019〕9号、《关于印发环境标志产品政府采购品目清单的通知》财库〔2019〕18号、《关于印发节能产品政府采购品目清单的通知》（财库〔2019〕18号）；2.5执行《关于印发〈商品包装政府采购需求标准（试行）〉、〈快递包装政府采购需求标准（试行）〉的通知》（财办库〔2020〕123号）；2.6扶持不发达地区和少数民族地区。3.本项目是否为专门面向中小企业采购：是;4. 本项目特定资格要求：供应商必须具有乙级以上城乡规划（国土空间规划）编制资质；三、获取竞争性谈判文件时间：2026年9月7日至2026年9月9日，每日09:30至13:00，15:30至18:30（北京时间）地点：西藏韬跃工程项目管理有限公司（西藏自治区日喀则市桑珠孜区高海拔小区A区3栋1单元401号）方式：现场提供公司名称、联系人姓名、联系方式资料获取，或通过线上方式远程将上述资料（项目名称、公司名称、联系人姓名、联系方式）发送至邮箱xzty1681@163.com，并拨打报名电话19917738901进行报名登记获取。售价：￥300.00元，包含的竞争性谈判文件售价总和。四、提交响应文件截止时间、开标时间和地点提交响应文件截止时间：2026年9月10日11点00分（北京时间）开标时间：2026年9月10日11点00分（北京时间）地点：日喀则市兰欧国际酒店(日喀则汽车总站贡觉林卡店)二楼会议室五、公告期限自本公告发布之日起3个工作日。六、其他补充事宜本项目公告在《中国政府采购网》上发布。七、对本次招标提出询问，请按以下方式联系1.采购人信息名    称：日喀则边境管理支队地    址：日喀则市桑珠孜区朗热路联系方式：0892-8335031(请在工作时间内拨打)2.采购代理机构信息名称：西藏韬跃工程项目管理有限公司地址：西藏自治区日喀则市桑珠孜区高海拔小区A区3栋1单元401号联系方式：19917738901（请工作日内上班时间段拨打）3.项目联系方式项目联系人：吴先生电 话：19917738901（请工作日内上班时间段拨打） 二、开标时间：2026年09月10日 11:00 三、其它补充事宜无 四、预算金额：预算金额：15.000000 万元（人民币）,工程建设,2026-09-10 11:00,中国政府采购网,,15.0,table,,,,,,,,,,,
中华人民共和国西藏出入境边防检查总站日喀则边境管理支队机关办公楼、公寓楼玻璃清洁服务项目竞争性谈判公告,其他公告,XZTY-2026028,2026年09月06日 20:15,日喀则地区,日喀则边境管理支队,日喀则市桑珠孜区朗热路,0892-8335031(请在工作时间内拨打),西藏韬跃工程项目管理有限公司,西藏自治区日喀则市桑珠孜区高海拔小区A区3栋1单元401号,19917738901（请工作日内上班时间段拨打）,吴先生,19917738901,,,https://www.ccgp.gov.cn/cggg/zygg/qtgg/202609/t20260906_27275370.htm,2026-09-10 10:10:27,西藏韬跃工程项目管理有限公司受日喀则边境管理支队 委托，根据《中华人民共和国政府采购法》等有关规定，现对中华人民共和国西藏出入境边防检查总站日喀则边境管理支队机关办公楼、公寓楼玻璃清洁服务项目进行其他招标，欢迎合格的供应商前来投标。 项目名称：中华人民共和国西藏出入境边防检查总站日喀则边境管理支队机关办公楼、公寓楼玻璃清洁服务项目项目编号：XZTY-2026028项目联系方式：项目联系人：吴先生项目联系电话：19917738901 采购单位联系方式：采购单位：日喀则边境管理支队采购单位地址：日喀则市桑珠孜区朗热路采购单位联系方式：0892-8335031(请在工作时间内拨打) 代理机构联系方式：代理机构：西藏韬跃工程项目管理有限公司代理机构联系人：19917738901（请工作日内上班时间段拨打）代理机构地址： 西藏自治区日喀则市桑珠孜区高海拔小区A区3栋1单元401号 一、采购项目内容竞争性谈判公告中华人民共和国西藏出入境边防检查总站日喀则边境管理支队机关办公楼、公寓楼玻璃清洁服务项目招标项目的潜在供应商应在西藏韬跃工程项目管理有限公司（西藏自治区日喀则市桑珠孜区高海拔小区A区3栋1单元401号）获取竞争性谈判文件，并于2026年9月10日11点15分（北京时间）前递交响应文件。一、项目基本情况项目编号：XZTY-2026028项目名称：中华人民共和国西藏出入境边防检查总站日喀则边境管理支队机关办公楼、公寓楼玻璃清洁服务项目采购预算：159318.08元（大写：壹拾伍万玖仟叁佰壹拾捌元零捌分）；最高限价：159318.08元（大写：壹拾伍万玖仟叁佰壹拾捌元零捌分）；采购需求：拟选取一家专业外墙玻璃清洁服务机构为支队机关指挥中心办公楼、警保中心办公楼、公寓楼外立面玻璃、窗户玻璃、窗框及轨道污渍、灰尘进行全面清洁，清洁面积约1.4万余平方米。合同履行期限：合同签订后15日内。合同履行地点：日喀则边境管理支队。本项目不接受联合体响应二、申请人的资格要求1.满足《中华人民共和国政府采购法》第二十二条规定；1.1 具有独立承担民事责任的能力；1.2 具有良好的商业信誉和健全的财务会计制度；1.3 具有履行合同所必需的设备和专业技术能力；1.4 有依法缴纳税收和社会保障资金的良好记录；1.5 参加政府采购活动前三年内，在经营活动中没有重大违法记录；1.6 法律、行政法规规定的其他条件。2.落实政府采购政策要求：2.1执行《政府采购促进中小企业发展管理办法》（财库〔2020〕46号）、《财政部关于进一步加大政府采购支持中小企业力度的通知》（财库〔2022〕19号）；2.2执行《财政部、司法部关于政府采购支持监狱企业发展有关问题的通知》（财库〔2014〕68号）；2.3执行《财政部民政部中国残疾人联合会关于促进残疾人就业政府采购政策的通知》（财库〔2017〕141号）；2.4执行《关于调整优化节能产品、环境标志产品政府采购执行机制的通知》财库〔2019〕9号、《关于印发环境标志产品政府采购品目清单的通知》财库〔2019〕18号、《关于印发节能产品政府采购品目清单的通知》（财库〔2019〕18号）；2.5执行《关于印发〈商品包装政府采购需求标准（试行）〉、〈快递包装政府采购需求标准（试行）〉的通知》（财办库〔2020〕123号）；2.6扶持不发达地区和少数民族地区。3.本项目是否为专门面向中小企业采购：是;4. 本项目特定资格要求：无；三、获取竞争性谈判文件时间：2026年9月7日至2026年9月9日，每日09:30至13:00，15:30至18:30（北京时间）地点：西藏韬跃工程项目管理有限公司（西藏自治区日喀则市桑珠孜区高海拔小区A区3栋1单元401号）方式：现场提供公司名称、联系人姓名、联系方式资料获取，或通过线上方式远程将上述资料（项目名称、公司名称、联系人姓名、联系方式）发送至邮箱xzty1681@163.com，并拨打报名电话19917738901进行报名登记获取。售价：￥300.00元，包含的竞争性谈判文件售价总和。四、提交响应文件截止时间、开标时间和地点提交响应文件截止时间：2026年9月10日11点15分（北京时间）开标时间：2026年9月10日11点15分（北京时间）地点：日喀则市兰欧国际酒店(日喀则汽车总站贡觉林卡店)二楼会议室五、公告期限自本公告发布之日起3个工作日。六、其他补充事宜本项目公告在《中国政府采购网》上发布。七、对本次招标提出询问，请按以下方式联系1.采购人信息名    称：日喀则边境管理支队地    址：日喀则市桑珠孜区朗热路联系方式：0892-8335031(请在工作时间内拨打)2.采购代理机构信息名称：西藏韬跃工程项目管理有限公司地址：西藏自治区日喀则市桑珠孜区高海拔小区A区3栋1单元401号联系方式：19917738901（请工作日内上班时间段拨打）3.项目联系方式项目联系人：吴先生电 话：19917738901（请工作日内上班时间段拨打） 二、开标时间：2026年09月10日 11:15 三、其它补充事宜无 四、预算金额：预算金额：15.931808 万元（人民币）,工程建设,2026-09-10 11:15,中国政府采购网,,15.931808,table,,,,,,,,,,,
德宏傣族景颇族自治州消防救援支队德宏州消防救援支队2025年全州队伍新增车辆采购项目（参数公示）其他,其他公告,,2026年09月06日 19:29,芒市,德宏傣族景颇族自治州消防救援支队,云南省德宏州芒市斑色路41号,陈清泉   0692-2197119,无,无,无,陈清泉,0692-2197119,德宏州消防救援支队2025年全州队伍新增车辆采购项目（参数公示）.xlsx,"[{""attach_name"": ""德宏州消防救援支队2025年全州队伍新增车辆采购项目（参数公示）.xlsx"", ""attach_url"": ""https://download.ccgp.gov.cn/oss/download?uuid=D5C243281E0783A0B885CCFD1F61EF""}]",https://www.ccgp.gov.cn/cggg/zygg/qtgg/202609/t20260906_27275345.htm,2026-09-10 10:10:28,一、项目基本情况 采购项目编号：无 采购项目名称：德宏州消防救援支队2025年全州队伍新增车辆采购项目（参数公示） 二、项目废标/流标的原因 通知：        该公告仅为采购项目参数公示。欢迎潜在供应商、消防车辆装备领域相关专家、关心消防事业发展的各界人士，针对该项目参数，提出针对性、建设性意见建议，感谢。       如有意见建议，请以电子版格式，加一列对相关参数修改标红，再加一列注明建议原因和理由等；适当位置，注明建议人单位、联系人、联系方式。发送至dhxfcgb@163.com邮箱。谢谢。参数公示截止2026年9月17日联系人及联系方式：陈清泉   0692-2197119德宏州消防救援支队2026年9月6日 三、其他补充事宜 通知：        该公告仅为采购项目参数公示。欢迎潜在供应商、消防车辆装备领域相关专家、关心消防事业发展的各界人士，针对该项目参数，提出针对性、建设性意见建议，感谢。       如有意见建议，请以电子版格式，加一列对相关参数修改标红，再加一列注明建议原因和理由等；适当位置，注明建议人单位、联系人、联系方式。发送至dhxfcgb@163.com邮箱。谢谢。参数公示截止2026年9月17日联系人及联系方式：陈清泉   0692-2197119德宏州消防救援支队2026年9月6日 四、凡对本次公告内容提出询问，请按以下方式联系。 1.采购人信息 名 称：德宏傣族景颇族自治州消防救援支队 地址：云南省德宏州芒市斑色路41号 联系方式：陈清泉 0692-2197119 2.采购代理机构信息 名 称：无 地 址：无 联系方式：无 3.项目联系方式 项目联系人：陈清泉 电 话： 0692-2197119,公共安全,,中国政府采购网,,,default,二、项目废标/流标的原因,,,,,,,,,,
四川省成都市邛崃市消防救援大队消防车辆器材装备采购项目需求调查公告,其他公告,/,2026年09月06日 17:55,四川省,邛崃市消防救援大队,邛崃市临邛工业园区科旺路1号,王老师，028-88747119,四川纵横通建设工程有限公司,成都市青羊区玉沙路201号8层,周女士，028-86731681,周女士,028-86731681,"附件1、需求调查问卷表（四川省成都市邛崃市消防救援大队消防车辆器材装备采购项目）.xlsx,附件2：承诺函.docx","[{""attach_name"": ""附件1、需求调查问卷表（四川省成都市邛崃市消防救援大队消防车辆器材装备采购项目）.xlsx"", ""attach_url"": ""https://download.ccgp.gov.cn/oss/download?uuid=29C03EEB5B69C12DA850D63CE4D131""}, {""attach_name"": ""附件2：承诺函.docx"", ""attach_url"": ""https://download.ccgp.gov.cn/oss/download?uuid=F718DF9E00C6C7027C3579F8D91764""}]",https://www.ccgp.gov.cn/cggg/zygg/qtgg/202609/t20260906_27275292.htm,2026-09-10 10:10:29,四川纵横通建设工程有限公司受邛崃市消防救援大队 委托，根据《中华人民共和国政府采购法》等有关规定，现对四川省成都市邛崃市消防救援大队消防车辆器材装备采购项目需求调查公告进行其他招标，欢迎合格的供应商前来投标。 项目名称：四川省成都市邛崃市消防救援大队消防车辆器材装备采购项目需求调查公告项目编号：/项目联系方式：项目联系人：周女士项目联系电话：028-86731681 采购单位联系方式：采购单位：邛崃市消防救援大队采购单位地址：邛崃市临邛工业园区科旺路1号采购单位联系方式：王老师，028-88747119 代理机构联系方式：代理机构：四川纵横通建设工程有限公司代理机构联系人：周女士，028-86731681代理机构地址： 成都市青羊区玉沙路201号8层 一、采购项目内容我司受邛崃市消防救援大队委托，针对四川省成都市邛崃市消防救援大队消防车辆器材装备采购项目开展需求调查，先面向社会公开开展需求调查。请自愿参与调查的各潜在供应商，根据本公告所列需求及要求，提供相关产品资料。为保证供应商提供内容的真实性、可靠性、准确性，建议供应商按照如下要求提供相关证明材料。一、潜在供应商资料递交时间、方式1、本次需求调查接收资料期限范围为：2026年9月7日至2026年9月11日。2、本次需求调查接收资料方式为：提供采购需求调查表PDF版（加盖公章）和Excel版（详见附件），请于接收期限范围内将相关资料发送至2251318417@qq.com邮箱。邮件名称为“供应商名称+四川省成都市邛崃市消防救援大队消防车辆器材装备采购项目”需求调查。3、联系方式本次需求调查，各潜在供应商在参加调查过程中有任何疑问可联系我司工作人员：联系人：周女士联系电话：028-86731681 二、资料递交要求1、基本满足需求的同级别产品详细的采购需求调查表PDF版（加盖公章）和Excel版（详见附件）。其中技术性能和指标参数需尽量详尽具体，且与认证证书或检测报告型号一致。2、产品价格具体为产品本身市场价格，反馈的产品价格信息要真实准确，报价有效期不应少于6个月。同类采购项目历史成交信息及证明材料，如同规格产品相关业绩，优先提供全国消防救援队伍和企业消防等消防领域销售业绩及购销合同。3、产品的相关检测机构出具的检测报告PDF版（如有）。4、可能涉及的运行维护、升级更新、备品备件、耗材等后续采购及服务，如同类项目质保期情况及售后服务情况PDF版（如有）。5、产品相关图册、产品照片、应用视频等其他相关资料。 供应商认为还需提供的单一性、专利技术等其他与产品技术需求相关的资料。 二、开标时间： 三、其它补充事宜 四、预算金额：预算金额：0.000000 万元（人民币）,公共安全,,中国政府采购网,,0.0,table,,,,,,,,,,,
德宏傣族景颇族自治州消防救援支队德宏州消防救援支队2026年全州队伍消防装备采购项目（参数公示）其他,其他公告,,2026年09月06日 17:20,芒市,德宏傣族景颇族自治州消防救援支队,云南省德宏州芒市斑色路41号,陈清泉   0692-2197119,无,无,无,陈清泉,0692-2197119,德宏州消防救援支队2026年全州队伍消防装备采购项目（参数公示）.xlsx,"[{""attach_name"": ""德宏州消防救援支队2026年全州队伍消防装备采购项目（参数公示）.xlsx"", ""attach_url"": ""https://download.ccgp.gov.cn/oss/download?uuid=A926E6015C156C50AC11819CDD45A9""}]",https://www.ccgp.gov.cn/cggg/zygg/qtgg/202609/t20260906_27275264.htm,2026-09-10 10:10:30,一、项目基本情况 采购项目编号：无 采购项目名称：德宏州消防救援支队2026年全州队伍消防装备采购项目（参数公示） 二、项目废标/流标的原因 通知：        该公告仅为采购项目参数公示。欢迎潜在供应商、消防器材装备领域相关专家、关心消防事业发展的各界人士，针对该项目参数，提出针对性、建设性意见建议，感谢。       如有意见建议，请以电子版格式，加一列对相关参数修改标红，再加一列注明建议原因和理由等；适当位置，注明建议人单位、联系人、联系方式。发送至dhxfcgb@163.com邮箱。谢谢。参数公示截止2026年9月17日联系人及联系方式：陈清泉   0692-2197119德宏州消防救援支队2026年9月6日 三、其他补充事宜 通知：        该公告仅为采购项目参数公示。欢迎潜在供应商、消防器材装备领域相关专家、关心消防事业发展的各界人士，针对该项目参数，提出针对性、建设性意见建议，感谢。       如有意见建议，请以电子版格式，加一列对相关参数修改标红，再加一列注明建议原因和理由等；适当位置，注明建议人单位、联系人、联系方式。发送至dhxfcgb@163.com邮箱。谢谢。参数公示截止2026年9月17日联系人及联系方式：陈清泉   0692-2197119德宏州消防救援支队2026年9月6日 四、凡对本次公告内容提出询问，请按以下方式联系。 1.采购人信息 名 称：德宏傣族景颇族自治州消防救援支队 地址：云南省德宏州芒市斑色路41号 联系方式：陈清泉 0692-2197119 2.采购代理机构信息 名 称：无 地 址：无 联系方式：无 3.项目联系方式 项目联系人：陈清泉 电 话： 0692-2197119,公共安全,,中国政府采购网,,,default,二、项目废标/流标的原因,,,,,,,,,,
德宏傣族景颇族自治州消防救援支队德宏州消防救援支队2026年度无人机专业队伍器材装备采购项目（参数公示）其他,其他公告,,2026年09月05日 21:36,芒市,德宏傣族景颇族自治州消防救援支队,云南省德宏州芒市斑色路41号,陈清泉   0692-2197119,无,无,无,陈清泉,0692-2197119,德宏州消防救援支队2026年度无人机专业队伍器材装备采购项目（参数公示）.xlsx,"[{""attach_name"": ""德宏州消防救援支队2026年度无人机专业队伍器材装备采购项目（参数公示）.xlsx"", ""attach_url"": ""https://download.ccgp.gov.cn/oss/download?uuid=393F9B6242B5BE182F4EABBB330C9E""}]",https://www.ccgp.gov.cn/cggg/zygg/qtgg/202609/t20260905_27274979.htm,2026-09-10 10:10:30,一、项目基本情况 采购项目编号：无 采购项目名称：德宏州消防救援支队2026年度无人机专业队伍器材装备采购项目（参数公示） 二、项目废标/流标的原因 通知：        该公告仅为采购项目参数公示。欢迎潜在供应商、消防领域和无人机领域相关专家、关心消防事业发展的各界人士，针对该项目参数，提出针对性、建设性意见建议，感谢。       如有意见建议，请以电子版格式，加一列对相关参数修改标红，再加一列注明建议原因和理由等；适当位置，注明建议人单位、联系人、联系方式。发送至dhxfcgb@163.com邮箱。谢谢。参数公示截止2026年9月17日联系人及联系方式：陈清泉   0692-2197119德宏州消防救援支队2026年9月5日  三、其他补充事宜 通知：        该公告仅为采购项目参数公示。欢迎潜在供应商、消防领域和无人机领域相关专家、关心消防事业发展的各界人士，针对该项目参数，提出针对性、建设性意见建议，感谢。       如有意见建议，请以电子版格式，加一列对相关参数修改标红，再加一列注明建议原因和理由等；适当位置，注明建议人单位、联系人、联系方式。发送至dhxfcgb@163.com邮箱。谢谢。参数公示截止2026年9月17日联系人及联系方式：陈清泉   0692-2197119德宏州消防救援支队2026年9月5日  四、凡对本次公告内容提出询问，请按以下方式联系。 1.采购人信息 名 称：德宏傣族景颇族自治州消防救援支队 地址：云南省德宏州芒市斑色路41号 联系方式：陈清泉 0692-2197119 2.采购代理机构信息 名 称：无 地 址：无 联系方式：无 3.项目联系方式 项目联系人：陈清泉 电 话： 0692-2197119,公共安全,,中国政府采购网,,,default,二、项目废标/流标的原因,,,,,,,,,,
寻甸回族彝族自治县消防救援大队2026年主副食品配送单位采购项目（三次）流标公告,流标公告,YNZH-FW-XDXF-260104,2026年09月04日 21:48,寻甸回族彝族自治县,寻甸回族彝族自治县消防救援大队,寻甸县仁德街道龙泉路2号,何老师17806943159,云南自厚建设项目管理有限公司,云南省昆明市西山区西福路87号,冯连、董洪斌、王小强、陆红梅、李芳、陆志翔/0871-65518886,冯连、董洪斌、王小强、陆红梅,0871-65518886,流标公告-寻甸回族彝族自治县消防救援大队2026年主副食品配送单位采购项目（三次）.docx,"[{""attach_name"": ""流标公告-寻甸回族彝族自治县消防救援大队2026年主副食品配送单位采购项目（三次）.docx"", ""attach_url"": ""https://download.ccgp.gov.cn/oss/download?uuid=1CFEF9A312B3C19A644F32D6C590ED""}]",https://www.ccgp.gov.cn/cggg/zygg/qtgg/202609/t20260904_27272830.htm,2026-09-10 10:10:31,一、项目基本情况 采购项目编号：YNZH-FW-XDXF-260104 采购项目名称：寻甸回族彝族自治县消防救援大队2026年主副食品配送单位采购项目（三次） 二、项目废标/流标的原因 通过资格审查的供应商不足三家，故做流标处理，待重新开展采购活动。 三、其他补充事宜 无 四、凡对本次公告内容提出询问，请按以下方式联系。 1.采购人信息 名 称：寻甸回族彝族自治县消防救援大队 地址：寻甸县仁德街道龙泉路2号 联系方式：何老师17806943159 2.采购代理机构信息 名 称：云南自厚建设项目管理有限公司 地 址：云南省昆明市西山区西福路87号 联系方式：冯连、董洪斌、王小强、陆红梅、李芳、陆志翔/0871-65518886 3.项目联系方式 项目联系人：冯连、董洪斌、王小强、陆红梅、李芳、陆志翔 电 话： 0871-65518886,公共安全,,中国政府采购网,,,default,二、项目废标/流标的原因,,,,,,,,,,
超声激发与传感功能材料采购项目采购公告,其他公告,THTC-HR-SOEC2026012,2026年09月04日 20:37,北京市,zycgr22011902,/,冯老师 010-57305132,天恒招标有限公司,北京市东城区东四十条甲22号南新仓商务大厦B座922,赵梦媛、王文静、陈洁、徐梓瑶、刘戈 010-53393815、17710393237,赵梦媛、王文静、陈洁、徐梓瑶,010-53393815、17710393237,采购文件获取登记表.xls,"[{""attach_name"": ""采购文件获取登记表.xls"", ""attach_url"": ""https://download.ccgp.gov.cn/oss/download?uuid=6EDE61FAF7EC706931A410B7502BA2""}]",https://www.ccgp.gov.cn/cggg/zygg/qtgg/202609/t20260904_27272644.htm,2026-09-10 10:10:31,天恒招标有限公司受zycgr22011902 委托，根据《中华人民共和国政府采购法》等有关规定，现对超声激发与传感功能材料采购项目进行其他招标，欢迎合格的供应商前来投标。 项目名称：超声激发与传感功能材料采购项目项目编号：THTC-HR-SOEC2026012项目联系方式：项目联系人：赵梦媛、王文静、陈洁、徐梓瑶、刘戈项目联系电话：010-53393815、17710393237 采购单位联系方式：采购单位：zycgr22011902采购单位地址：/采购单位联系方式：冯老师 010-57305132 代理机构联系方式：代理机构：天恒招标有限公司代理机构联系人：赵梦媛、王文静、陈洁、徐梓瑶、刘戈 010-53393815、17710393237代理机构地址： 北京市东城区东四十条甲22号南新仓商务大厦B座922 一、采购项目内容一、项目基本情况1.项目编号： THTC-HR-SOEC20260122.项目名称： 超声激发与传感功能材料采购项目 3.采购方式：便捷询价4.项目预算金额： 22.00 万元（人民币）。5.项目最高限价（如有）：   / 万元（人民币）。6.采购需求： 序号 标的名称 采购标的预算金额（万元） 数量 简要技术需求或服务要求 交货/服务地点 是否接受进口 01 超声激发与传感功能材料 22.00 1套 本次采购的超声激发与传感功能材料主要用于SOEC温度场测量、构件结构完整性无损表征实验，是开展电解堆原位检测所需的功能性实验材料，详见第四章采购需求。 采购人指定地点 否 7.合同履行期限：自合同签订且预付款到账后60日内交货。8.本项目不接受联合体应答。二、申请人的资格要求1.满足《中华人民共和国政府采购法》第二十二条规定；2.落实政府采购政策需满足的资格要求：不适用。3.本项目的特定资格要求：（1）通过“信用中国”网站（www.creditchina.gov.cn）和中国政府采购网（www.ccgp.gov.cn）查询信用记录（截止时点为投标截止时间），对近三年内列入失信被执行人、重大税收违法案件当事人、政府采购严重违法失信行为记录名单的供应商，没有资格参加本项目的采购活动；（2）单位负责人为同一人或者存在直接控股、管理关系的不同供应商，不得参加同一合同项下的政府采购活动。三、获取采购文件1.时间：2026年9月4日至 2026 年9月11日，每天上午 9:00 至 12:00 ，下午 13:00 至 17:00 （北京时间，法定节假日除外）。2.地点：天恒招标有限公司业务部 (北京市东城区东四十条甲22号南新仓商务大厦B座922)。3.方式：本项目报名采取电子邮件方式报名。凡有意获取采购文件的供应商，请提供下列有效证件获取采购文件或进一步索取详细信息。如为法定代表人报名请提供法定代表人身份证明文件原件及身份证明文件复印件并加盖公章；如为被授权人报名须提供法定代表人授权委托书原件、被授权人身份证明文件复印件并加盖公章。请将上述文件扫描件、标书费汇款底单、采购文件获取登记表（可编辑版）发送至ywb10@thtc.com.cn。采购文件售后不退。4.售价：500元。四、响应文件提交截止时间： 2026 年9月18日 9 时 30 分（北京时间）。地    点：天恒招标有限公司会议室（北京市东城区东四十条甲22号南新仓商务大厦B座922）。五、开启截止时间： 2026 年9月18日 9 时 30 分（北京时间）。地    点：天恒招标有限公司会议室（北京市东城区东四十条甲22号南新仓商务大厦B座922）。六、公告期限自本公告发布之日起3个工作日。 二、开标时间：2026年09月18日 09:30 三、其它补充事宜1.发布公告的媒介：中国政府采购网。2.标书款、响应保证金收受人信息户名：天恒招标有限公司开户行：兴业银行北京西城支行标书款、响应保证金付款账号：3216801001000501763.响应文件的递交3.1本次采购不接受现场递交响应文件，仅通过邮寄、快递等非现场递交方式接收响应文件。3.2采用非现场方式递交的供应商应在询价文件规定的密封包装外增加较坚固的纸箱外包装，以保证邮寄、快递过程中密封的完整；供应商应做好充分的准备工作及物流状态跟踪，确保响应文件在首次应答截止时间前被代理机构接收，同时承担在邮寄过程中因丢件、派送超时、寄件地址错误等情况导致响应文件未在规定时间内被代理机构接收的风险。代理机构将拒收在首次应答截止时间后送达的响应文件。快递、邮寄费用由供应商自行承担。3.3快递（响应文件）接收时间为：2026年9月4日09：00—2026年9月18日09：30（北京时间）。3.4快递（响应文件）接收截止时间为：2026年9月18日09：30（北京时间）。3.5快递（响应文件）接收指定地点：北京市东城区东四十条甲22号南新仓商务大厦B座922。3.6快递（响应文件）接收人及联系方式：同项目联系人。3.7首次应答截止时间：2026年9月18日09：30。首次响应文件递交（提交）的截止时间同首次应答截止时间。3.8未按询价公告规定的时间和方式获取询价文件的应答，采购人将不予受理。4.询价会议4.1本次评审会议通过企业微信线上平台开展，供应商无需到场。请供应商提前下载软件并了解使用方法，确保线上参会影音设备稳定、连贯、有效（包括但不限于摄像头、语音功能正常的手机、电脑、平板等电子设备，为保证观看效果，建议使用电脑客户端）。4.2每个供应商仅允许1名供应商代表参加询价会议，请各供应商代表于首次递交截止时间前添加我公司工作人员企业微信号（名片后附）（注：此企业微信号对关于评审程序之外的其他问题不予回答）。 四、预算金额：预算金额：22.000000 万元（人民币）,其他,2026-09-18 09:30,中国政府采购网,便捷询价,22.0,table,,,,,,,,,,,
青海省消防救援总队2026年度指挥调度网采购项目（第二次）包二废标公告,流标公告,,2026年09月04日 20:16,青海省,青海省消防救援总队,青海省西宁市城东区金桥路19号,0971-8818074、联系人：苏先生,青海鼎誉工程咨询有限公司,西宁市城北区海西路59号副1号43号楼59-375号（萨尔斯堡西区三期北门东侧）,0971-8241868、联系人：邓女士、苏女士,苏先生,0971-8818074,,,https://www.ccgp.gov.cn/cggg/zygg/qtgg/202609/t20260904_27272549.htm,2026-09-10 10:10:32,一、项目基本情况 采购项目编号：青海鼎誉竞磋（服务）2026-027 采购项目名称：青海省消防救援总队2026年度指挥调度网采购项目 二、项目废标/流标的原因 本项目包二有效的供应商不足三家废标。 三、其他补充事宜 1、评审专家名单：何英、祁明星、景鹏德（采购人代表）；2、本项目公告期限为1个工作日，各参加政府采购活动的供应商认为该采购结果和采购过程等使自己的权益受到损害的，可以自本公告期限届满之日（本公告发布之日后第2个工作日）起7个工作日内，以书面形式向采购人提出质疑。质疑供应商对采购人、采购代理机构的答复不满意或者采购人、采购代理机构未在规定的时间内作出答复的，可以再答复期满后十五个工作日内向同级政府采购监督管理部门投诉。 四、凡对本次公告内容提出询问，请按以下方式联系。 1.采购人信息 名 称：青海省消防救援总队 地址：青海省西宁市城东区金桥路19号 联系方式：0971-8818074、联系人：苏先生 2.采购代理机构信息 名 称：青海鼎誉工程咨询有限公司 地 址：西宁市城北区海西路59号副1号43号楼59-375号（萨尔斯堡西区三期北门东侧） 联系方式：0971-8241868、联系人：邓女士、苏女士 3.项目联系方式 项目联系人：苏先生 电 话： 0971-8818074,公共安全,,中国政府采购网,,,default,二、项目废标/流标的原因,,,,,,,,,,
新疆维吾尔自治区消防救援总队便携式谈话设备采购项目废标结果公告,流标公告,XJXSZB2026-28-HW,2026年09月04日 19:46,乌鲁木齐市,新疆维吾尔自治区消防救援总队,新疆乌鲁木齐市南湖安居北路119号,何先生、迟先生  17767617807、18999271982,新疆信实工程招标咨询服务有限公司,新疆乌鲁木齐市青年路235号阳光花苑B座2510室,许培培、李会  17599753335、15292649399,许培培、李会,17599753335、15292649399,,,https://www.ccgp.gov.cn/cggg/zygg/qtgg/202609/t20260904_27272373.htm,2026-09-10 10:10:33,一、项目基本情况 采购项目编号：XJXSZB2026-28-HW 采购项目名称：新疆维吾尔自治区消防救援总队便携式谈话设备采购项目 二、项目废标/流标的原因 有效供应商不足三家，作废标处理。 三、其他补充事宜 无 四、凡对本次公告内容提出询问，请按以下方式联系。 1.采购人信息 名 称：新疆维吾尔自治区消防救援总队 地址：新疆乌鲁木齐市南湖安居北路119号 联系方式：何先生、迟先生 17767617807、18999271982 2.采购代理机构信息 名 称：新疆信实工程招标咨询服务有限公司 地 址：新疆乌鲁木齐市青年路235号阳光花苑B座2510室 联系方式：许培培、李会 17599753335、15292649399 3.项目联系方式 项目联系人：许培培、李会 电 话： 17599753335、15292649399,公共安全,,中国政府采购网,,,default,二、项目废标/流标的原因,,,,,,,,,,
乌鲁木齐海关红外测温设备采购项目废标公告,流标公告,XJXCT2026-ZB-209,2026年09月04日 19:31,乌鲁木齐市,中华人民共和国乌鲁木齐海关,乌鲁木齐市北京南路295号,乌鲁木齐海关后勤管理中心 0991-3627245（工作业务电话）,新疆新诚泰工程咨询有限公司,新疆乌鲁木齐市水磨沟区鸿泰路66号万科大都会8号综合楼1003室,胡杨、张哲  13999590969、15199465388,胡杨、张哲,13999590969、15199465388,,,https://www.ccgp.gov.cn/cggg/zygg/qtgg/202609/t20260904_27272301.htm,2026-09-10 10:10:34,一、项目基本情况 采购项目编号：XJXCT2026-ZB-209 采购项目名称：乌鲁木齐海关红外测温设备采购项目 二、项目废标/流标的原因 有效供应商不足三家，本项目废标，采购人将重新组织采购活动。 三、其他补充事宜 四、凡对本次公告内容提出询问，请按以下方式联系。 1.采购人信息 名 称：中华人民共和国乌鲁木齐海关 地址：乌鲁木齐市北京南路295号 联系方式：乌鲁木齐海关后勤管理中心 0991-3627245（工作业务电话） 2.采购代理机构信息 名 称：新疆新诚泰工程咨询有限公司 地 址：新疆乌鲁木齐市水磨沟区鸿泰路66号万科大都会8号综合楼1003室 联系方式：胡杨、张哲 13999590969、15199465388 3.项目联系方式 项目联系人：胡杨、张哲 电 话： 13999590969、15199465388,设备购置,,中国政府采购网,,,default,二、项目废标/流标的原因,,,,,,,,,,
中国人民大学通州校区6012地块临电三省电缆挪移工程施工（三次）终止公告,终止公告,JJTJ-2026-5140,2026年09月04日 19:10,北京市,中国人民大学,北京市海淀区中关村大街59号,孙老师 010-62516681,北京国际贸易有限公司,北京市朝阳区建外大街甲3号,黄正、郑捷、黄琳、孙羽辰 010-85343324,黄正、郑捷、黄琳、孙羽辰,010-85343324,,,https://www.ccgp.gov.cn/cggg/zygg/qtgg/202609/t20260904_27272189.htm,2026-09-10 10:10:34,一、项目基本情况 采购项目编号：JJTJ-2026-5140（代理机构编号：0686-2611CJ145448Z） 采购项目名称：中国人民大学通州校区6012地块临电三省电缆挪移工程施工（三次） 二、项目废标/流标的原因 至报名截止时间，获取采购文件的投标人不足三家，本项目终止。 三、其他补充事宜 无 四、凡对本次公告内容提出询问，请按以下方式联系。 1.采购人信息 名 称：中国人民大学 地址：北京市海淀区中关村大街59号 联系方式：孙老师 010-62516681 2.采购代理机构信息 名 称：北京国际贸易有限公司 地 址：北京市朝阳区建外大街甲3号 联系方式：黄正、郑捷、黄琳、孙羽辰 010-85343324 3.项目联系方式 项目联系人：黄正、郑捷、黄琳、孙羽辰 电 话： 010-85343324,教育培训,,中国政府采购网,,,default,二、项目废标/流标的原因,,,,,,,,,,
乌鲁木齐海关查验工具车采购项目废标公告,流标公告,ZZ2026-205,2026年09月04日 18:52,新疆维吾尔自治区,乌鲁木齐海关后勤管理中心,新疆乌鲁木齐市北京南路241号乌鲁木齐海关机关综合保障楼二楼,乌鲁木齐海关后勤管理中心 0991- 3627245（工作业务电话）,新疆中咨建设项目管理有限公司,水磨沟区会展大道555号星耀天都4号楼B座403,乔浩峰、吴斌、梅坤伟、翟安琪、王亭懿0991-4603819/19828655849,乔浩峰、吴斌、梅坤伟、翟安琪,0991-4603819,,,https://www.ccgp.gov.cn/cggg/zygg/qtgg/202609/t20260904_27271976.htm,2026-09-10 10:10:35,一、项目基本情况 采购项目编号：ZZ2026-205 采购项目名称：乌鲁木齐海关查验工具车采购项目 二、项目废标/流标的原因 本项目有效供应商不足三家，项目废标。 三、其他补充事宜 无 四、凡对本次公告内容提出询问，请按以下方式联系。 1.采购人信息 名 称：乌鲁木齐海关后勤管理中心 地址：新疆乌鲁木齐市北京南路241号乌鲁木齐海关机关综合保障楼二楼 联系方式：乌鲁木齐海关后勤管理中心 0991- 3627245（工作业务电话） 2.采购代理机构信息 名 称：新疆中咨建设项目管理有限公司 地 址：水磨沟区会展大道555号星耀天都4号楼B座403 联系方式：乔浩峰、吴斌、梅坤伟、翟安琪、王亭懿0991-4603819/19828655849 3.项目联系方式 项目联系人：乔浩峰、吴斌、梅坤伟、翟安琪、王亭懿 电 话： 0991-4603819/19828655849（工作业务电话）,其他,,中国政府采购网,,,default,二、项目废标/流标的原因,,,,,,,,,,
2026年吉林某单位物品存放柜采购项目采购需求征求意见公告,其他公告,JC-HG20260215,2026年09月04日 18:50,长春市,中华人民共和国吉林出入境边防检查总站,长春市吉林大路6099号,戴先生，0431-89962822；赵先生，0431-89962863,详见公告正文,详见公告正文,详见公告正文,戴先生、赵先生,0431-89962822,"附件2：政府采购项目廉政要求告知书.doc,附件3：采购需求修改建议书.doc,附件1：2026年吉林某单位物品存放柜采购项目采购需求.doc","[{""attach_name"": ""附件2：政府采购项目廉政要求告知书.doc"", ""attach_url"": ""https://download.ccgp.gov.cn/oss/download?uuid=1F48A02A60701FA1FD87AC940391D3""}, {""attach_name"": ""附件3：采购需求修改建议书.doc"", ""attach_url"": ""https://download.ccgp.gov.cn/oss/download?uuid=815AB45590B1AF2F8F8DAA88479F95""}, {""attach_name"": ""附件1：2026年吉林某单位物品存放柜采购项目采购需求.doc"", ""attach_url"": ""https://download.ccgp.gov.cn/oss/download?uuid=C50645B85CC88EB6EE4929B1834F01""}]",https://www.ccgp.gov.cn/cggg/zygg/qtgg/202609/t20260904_27271967.htm,2026-09-10 10:10:35,根据《中华人民共和国政府采购法》等有关规定，现对2026年吉林某单位物品存放柜采购项目进行其他招标，欢迎合格的供应商前来投标。 项目名称：2026年吉林某单位物品存放柜采购项目项目编号：JC-HG20260215项目联系方式：项目联系人：戴先生、赵先生项目联系电话：0431-89962822；0431-89962863 采购单位联系方式：采购单位：中华人民共和国吉林出入境边防检查总站采购单位地址：长春市吉林大路6099号采购单位联系方式：戴先生，0431-89962822；赵先生，0431-89962863  一、采购项目内容（一）项目名称：2026年某单位物品存放柜采购项目（二）项目概况：物品存放柜（三）预算金额：1932.00万元，最高限价：1344.20万元。（四）采购方式：公开招标（五）采购需求文件：详见附件1。 二、开标时间： 三、其它补充事宜为保障政府采购活动的公平、公正和公开，优化营商环境，提高采购文件编制质量，现就我单位拟实施的2026年某单位物品存放柜采购项目采购需求公开向社会征求意见。我们诚挚邀请所有供应商提出宝贵意见，并就本项目廉政要求进行共同确认。 一、项目基本情况（一）项目名称：2026年某单位物品存放柜采购项目（二）项目概况：物品存放柜（三）预算金额：1932.00万元，最高限价：1344.20万元。（四）采购方式：公开招标（五）采购需求文件：详见附件1。二、征求意见的范围与内容我们主要就采购需求中可能存在的以下问题征询意见：1.资格条件、技术参数、评审标准等是否存在倾向性、排他性或歧视性条款。2. 需求描述是否指向特定品牌、特定供应商。3. 是否设置与项目实际需要不相适应或过高的资格、技术门槛。4. 其他可能影响政府采购“公开、公平、公正”原则的情形。三、廉政要求提前告知本项目高度重视廉政建设，坚持公开、公正、诚信、透明的原则。在此，我们提前郑重告知所有供应商及项目相关人员须严格遵守廉政要求（详细要求见附件《政府采购项目廉政要求告知书》），共同杜绝任何形式的商业贿赂和不正当竞争行为。如发现违规违纪行为，请及时向我方或监督部门举报。四、意见反馈与交流方式本次征求意见采取以下方式，请按要求参与：1.截止时间：2026年9月15日19：00前。2.格式要求：请按附件提供的参考格式，或自行编写《采购需求修改建议书》，并加盖单位公章。3.提交方式：将文件扫描件发送至电子邮箱：454432759@qq.com。  采购人：中华人民共和国吉林出入境边防检查总站项目联系人：戴警官、赵警官联系电话：0431-89962822、0431-89962863监督部门及电话：母警官、 0431-89962903衷心感谢各供应商和社会各界的支持与配合！ 四、预算金额：预算金额：0.000000 万元（人民币）,其他,2026-09-15 19:00,中国政府采购网,公开招标（四）采购方式：公开招标,0.0,table,,,,,,,,,,,
南京市栖霞区消防救援大队营区户外文化氛围制作项目比选公告,其他公告,NJJC-2026ZFCG0902,2026年09月04日 18:33,南京市,南京市栖霞区消防救援大队,南京市栖霞区羊山北路6号,025-58772269,南京江城工程项目管理有限公司,南京市建邺区云龙山路89号龙湖时代上城写字楼1栋29楼,高婷  025-58835827-8017,高婷,025-58835827-8017,,,https://www.ccgp.gov.cn/cggg/zygg/qtgg/202609/t20260904_27271846.htm,2026-09-10 10:10:36,南京江城工程项目管理有限公司受南京市栖霞区消防救援大队 委托，根据《中华人民共和国政府采购法》等有关规定，现对南京市栖霞区消防救援大队营区户外文化氛围制作项目进行其他招标，欢迎合格的供应商前来投标。 项目名称：南京市栖霞区消防救援大队营区户外文化氛围制作项目项目编号：NJJC-2026ZFCG0902（G）项目联系方式：项目联系人：高婷项目联系电话：025-58835827-8017 采购单位联系方式：采购单位：南京市栖霞区消防救援大队采购单位地址：南京市栖霞区羊山北路6号采购单位联系方式：025-58772269 代理机构联系方式：代理机构：南京江城工程项目管理有限公司代理机构联系人：高婷 025-58835827-8017代理机构地址： 南京市建邺区云龙山路89号龙湖时代上城写字楼1栋29楼 一、采购项目内容（一）项目基本情况项目编号：NJJC-2026ZFCG0902（G）项目名称：南京市栖霞区消防救援大队营区户外文化氛围制作项目预算金额：37.67万元最高限价：37.67万元，超过最高限价的响应文件按无效标处理。采购需求：南京市栖霞区消防救援大队营区户外文化氛围制作，具体要求详见项目需求。合同履行期限：合同签订后，接采购人通知之日起30日内完成安装并交付使用。本项目不接受联合体。（二）申请人的资格要求：1.满足《中华人民共和国政府采购法》第二十二条规定：（1）具有独立承担民事责任的能力（提供法人或者其他组织的营业执照，自然人的身份证明复印件加盖公章）；（2）具有良好的商业信誉和健全的财务会计制度【提供由第三方专业机构出具的2025年度财务审计报告复印件并加盖供应商公章，或提供响应截止时间前半年内（2026年3月至今）至少一个月的财务报表（至少包括资产负债表和利润表）复印件加盖供应商公章，或响应截止时间前半年内（2026年3月至今）银行出具的资信证明复印件加盖供应商公章，截至响应截止之日成立不满一年的无须提供】；（3）具有履行合同所必需的设备和专业技术能力（根据项目需求提供履行合同所必需的设备和专业技术能力的证明材料的承诺书原件）；（4）有依法缴纳税收和社会保障资金的良好记录【提供参加本次采购活动前半年内（2026年3月至今）至少一个月依法缴纳税收和社会保障资金的相关材料复印件加盖供应商公章（证明材料可以是缴费的银行单据、专用收据、缴纳清单或者所在社保机构（税务部门）开具的证明等；依法免税或不需要缴纳社会保障资金的应提供相应文件说明，自行编写无效）】；（5）参加本次采购活动前三年内，在经营活动中没有重大违法记录（提供参加本次采购活动前3年内在经营活动中没有重大违法记录的书面声明）；（6）法律、行政法规规定的其他条件。2.落实政府采购政策需满足的资格要求：（如属于专门面向中小企业采购的项目，供应商应为中小微企业、监狱企业、残疾人福利性单位）本项目按照采用以下第( 4 )种方式落实政府采购促进中小企业发展的要求：（1）本项目整体专门面向中小企业采购服务。（2）本项目整体专门面向小微企业采购服务。（3）本项目通过以下第种方式预留部分采购份额采购中小企业服务：①本项目要求供应商以联合体形式参加，企业合同金额应当达到的比例为 %。②本项目要求供应商进行合同分包，企业合同金额应当达到的比例为 %。（4）本项目为非预留份额的采购项目或采购包，执行价格扣除优惠政策，具体详见第三章评审办法与标准。3.本项目的特定资格要求：无4.拒绝下述供应商参加本次招标活动：（1）供应商单位负责人为同一人或者存在直接控股、管理关系的不同供应商，不得参加同一合同项下的政府采购活动。（2）凡为采购项目提供整体设计、规范编制或者项目管理、监理、检测等服务的供应商，不得再参加本项目的采购活动。（3）供应商被“信用中国”网站(www.creditchina.gov.cn)、“中国政府采购网”(www.ccgp.gov.cn) 列入失信被执行人、重大税收违法案件当事人名单、政府采购严重违法失信行为记录名单。（三）获取比选文件时间：自公告发布之日起至2026年9月9日，每天9:00至11:30，14:00至17:00（北京时间，法定节假日除外）；地点：南京市建邺区云龙山路89号龙湖时代上城写字楼1栋29楼；方式：（1）文件提供方式：纸质文件。（2）供应商前往报名平台：http://119.45.145.115/NJJCBaoMing/company/views/baominglist.html进行注册并上传加盖公章的营业执照副本复印件、法人授权委托书盖章原件、加盖公章的被委托人身份证复印件，注册时信息须真实有效。注册成功后，供应商可通过报名平台选择项目并支付费用。（3）支付完成后，电子版采购文件在报名平台自行下载，纸质文件可通过现场领取或邮寄送达，现场领取的请至南京江城工程项目管理有限公司（南京市建邺区云龙山路89号龙湖时代上城写字楼1栋29楼）领取，需邮寄送达或报名遇到问题的请联系025-58835827-0。比选文件售价按制作、邮寄成本支付，上限不得超过100元/份，售后不退。（四）响应文件提交截止时间：2026年9月11日10点00分（北京时间）地点：南京市建邺区云龙山路89号龙湖时代上城写字楼1栋29楼会议室（五）开标时间及地点时间：2026年9月11日10点00分（北京时间）地点：南京市建邺区云龙山路89号龙湖时代上城写字楼1栋29楼会议室（六）公告期限自本公告发布之日起3个工作日。 二、开标时间：2026年09月11日 10:00 三、其它补充事宜1.响应文件份数：一式叁份（壹份正本、两份副本），每份响应文件须清楚标明“正本”或“副本”字样。一旦正本和副本不符，以正本为准。2.供应商需提供电子版响应文件1份（电子版需为响应文件盖公章（红章）正本的PDF扫描件，扫描件内容应与纸质文件完全一致。文件名建议修改为公司名+项目编号简写、U盘形式，随纸质正本文件一并提交）。当电子版文件和纸质正本文件不一致时，以纸质正本文件为准。电子版文件用于辅助评审和存档，供应商需承担前述不一致造成的不利后果。3.采购人不统一组织现场踏勘，各供应商可在获取比选文件后响应截止时间前自行踏勘现场。请各供应商务必对比选文件进行仔细认真阅读，在随后的采购中，对比选文件所作出的推论、解释和结论及由此造成的后果由供应商负责。4.提供相同品牌产品且通过资格性审查、符合性审查的不同供应商参加本项目投标的，按一家供应商计算，评审后得分最高的同品牌供应商获得成交供应商推荐资格；评审得分相同的，由采购人或者采购人委托评审委员会按照随机抽取的方式确定成交供应商推荐资格，其他同品牌供应商不作为成交候选人。本次采购项目核心产品：队伍精神传承主题。       5.因系统原因，采购单位名称应为“南京市栖霞区消防救援局” 四、预算金额：预算金额：37.670000 万元（人民币）,公共安全,2026-09-11 10:00,中国政府采购网,,37.67,table,,,,,,,,,,,
南京市栖霞区消防救援大队搜救犬分队队史馆建设项目比选公告,其他公告,NJJC-2026ZFCG0903,2026年09月04日 18:33,南京市,南京市栖霞区消防救援大队,南京市栖霞区羊山北路6号,025-58772269,南京江城工程项目管理有限公司,南京市建邺区云龙山路89号龙湖时代上城写字楼1栋29楼,高婷  025-58835827-8017,高婷,025-58835827-8017,,,https://www.ccgp.gov.cn/cggg/zygg/qtgg/202609/t20260904_27271842.htm,2026-09-10 10:10:36,南京江城工程项目管理有限公司受南京市栖霞区消防救援大队 委托，根据《中华人民共和国政府采购法》等有关规定，现对南京市栖霞区消防救援大队搜救犬分队队史馆建设项目进行其他招标，欢迎合格的供应商前来投标。 项目名称：南京市栖霞区消防救援大队搜救犬分队队史馆建设项目项目编号：NJJC-2026ZFCG0903（G）项目联系方式：项目联系人：高婷项目联系电话：025-58835827-8017 采购单位联系方式：采购单位：南京市栖霞区消防救援大队采购单位地址：南京市栖霞区羊山北路6号采购单位联系方式：025-58772269 代理机构联系方式：代理机构：南京江城工程项目管理有限公司代理机构联系人：高婷 025-58835827-8017代理机构地址： 南京市建邺区云龙山路89号龙湖时代上城写字楼1栋29楼 一、采购项目内容（一）项目基本情况项目编号：NJJC-2026ZFCG0903（G）项目名称：南京市栖霞区消防救援大队搜救犬分队队史馆建设项目预算金额：48.9466万元最高限价：48.9466万元，超过最高限价的响应文件按无效标处理。采购需求：搜救犬分队队史馆建设，具体详见比选文件第四章项目需求。合同履行期限：合同签订后，接采购人通知之日起35日内完成并交付使用。本项目不接受联合体。（二）申请人的资格要求：1.满足《中华人民共和国政府采购法》第二十二条规定：（1）具有独立承担民事责任的能力（提供法人或者其他组织的营业执照，自然人的身份证明复印件加盖公章）；（2）具有良好的商业信誉和健全的财务会计制度【提供由第三方专业机构出具的2025年度财务审计报告复印件并加盖供应商公章，或提供响应截止时间前半年内（2026年3月至今）至少一个月的财务报表（至少包括资产负债表和利润表）复印件加盖供应商公章，或响应截止时间前半年内（2026年3月至今）银行出具的资信证明复印件加盖供应商公章，截至响应截止之日成立不满一年的无须提供】；（3）具有履行合同所必需的设备和专业技术能力（根据项目需求提供履行合同所必需的设备和专业技术能力的证明材料的承诺书原件）；（4）有依法缴纳税收和社会保障资金的良好记录【提供参加本次采购活动前半年内（2026年3月至今）至少一个月依法缴纳税收和社会保障资金的相关材料复印件加盖供应商公章（证明材料可以是缴费的银行单据、专用收据、缴纳清单或者所在社保机构（税务部门）开具的证明等；依法免税或不需要缴纳社会保障资金的应提供相应文件说明，自行编写无效）】；（5）参加本次采购活动前三年内，在经营活动中没有重大违法记录（提供参加本次采购活动前3年内在经营活动中没有重大违法记录的书面声明）；（6）法律、行政法规规定的其他条件。2.落实政府采购政策需满足的资格要求：（如属于专门面向中小企业采购的项目，供应商应为中小微企业、监狱企业、残疾人福利性单位）本项目按照采用以下第( 4 )种方式落实政府采购促进中小企业发展的要求：（1）本项目整体专门面向中小企业采购服务。（2）本项目整体专门面向小微企业采购服务。（3）本项目通过以下第种方式预留部分采购份额采购中小企业服务：①本项目要求供应商以联合体形式参加，企业合同金额应当达到的比例为 %。②本项目要求供应商进行合同分包，企业合同金额应当达到的比例为 %。（4）本项目为非预留份额的采购项目或采购包，执行价格扣除优惠政策，具体详见第三章评标办法与标准。3.本项目的特定资格要求：无4.拒绝下述供应商参加本次招标活动：（1）供应商单位负责人为同一人或者存在直接控股、管理关系的不同供应商，不得参加同一合同项下的政府采购活动。（2）凡为采购项目提供整体设计、规范编制或者项目管理、监理、检测等服务的供应商，不得再参加本项目的采购活动。（3）供应商被“信用中国”网站(www.creditchina.gov.cn)、“中国政府采购网”(www.ccgp.gov.cn) 列入失信被执行人、重大税收违法案件当事人名单、政府采购严重违法失信行为记录名单。（三）获取比选文件时间：自公告发布之日起至2026年9月9日，每天9:00至11:30，14:00至17:00（北京时间，法定节假日除外）；地点：南京市建邺区云龙山路89号龙湖时代上城写字楼1栋29楼；方式：（1）文件提供方式：纸质文件。（2）供应商前往报名平台：http://119.45.145.115/NJJCBaoMing/company/views/baominglist.html进行注册并上传加盖公章的营业执照副本复印件、法人授权委托书盖章原件、加盖公章的被委托人身份证复印件，注册时信息须真实有效。注册成功后，供应商可通过报名平台选择项目并支付费用。（3）支付完成后，电子版采购文件在报名平台自行下载，纸质文件可通过现场领取或邮寄送达，现场领取的请至南京江城工程项目管理有限公司（南京市建邺区云龙山路89号龙湖时代上城写字楼1栋29楼）领取，需邮寄送达或报名遇到问题的请联系025-58835827-0。比选文件售价按制作、邮寄成本支付，上限不得超过100元/份，售后不退。（四）响应文件提交截止时间：2026年9月11日14点00分（北京时间）地点：南京市建邺区云龙山路89号龙湖时代上城写字楼1栋29楼会议室（五）开标时间及地点时间：2026年9月11日14点00分（北京时间）地点：南京市建邺区云龙山路89号龙湖时代上城写字楼1栋29楼会议室（六）公告期限自本公告发布之日起3个工作日。 二、开标时间：2026年09月11日 14:00 三、其它补充事宜1.响应文件份数：一式叁份（壹份正本、两份副本），每份响应文件须清楚标明“正本”或“副本”字样。一旦正本和副本不符，以正本为准。2.供应商需提供电子版响应文件1份（电子版需为响应文件盖公章（红章）正本的PDF扫描件，扫描件内容应与纸质文件完全一致。文件名建议修改为公司名+项目编号简写、U盘形式，随纸质正本文件一并提交）。当电子版文件和纸质正本文件不一致时，以纸质正本文件为准。电子版文件用于辅助评标和存档，供应商需承担前述不一致造成的不利后果。3.采购人不统一组织现场踏勘，各供应商可在获取比选文件后响应截止时间前自行踏勘现场。请各供应商务必对比选文件进行仔细认真阅读，在随后的采购中，对比选文件所作出的推论、解释和结论及由此造成的后果由供应商负责。       4.因系统原因，采购单位名称应为“南京市栖霞区消防救援局” 四、预算金额：预算金额：48.946600 万元（人民币）,公共安全,2026-09-11 14:00,中国政府采购网,,48.9466,table,,,,,,,,,,,
南京大学便携式气相色谱质谱联用仪项目废标公告,流标公告,GZH2602389,2026年09月04日 18:32,南京市,南京大学,南京市栖霞区仙林大道 163 号,王老师 0512-68768969,南京江城工程项目管理有限公司,南京市建邺区云龙山路89号龙湖时代上城1栋29楼,池爽  曹雪 025-58835827-8016（技术咨询） 025-58835827-0（文件获取咨询）,池爽,025-58835827-8016,,,https://www.ccgp.gov.cn/cggg/zygg/qtgg/202609/t20260904_27271847.htm,2026-09-10 10:10:37,一、项目基本情况 采购项目编号：GZH2602389 采购项目名称：南京大学便携式气相色谱质谱联用仪 二、项目废标/流标的原因 通过符合性审查的供应商不足三家，本项目废标。 三、其他补充事宜 无 四、凡对本次公告内容提出询问，请按以下方式联系。 1.采购人信息 名 称：南京大学 地址：南京市栖霞区仙林大道 163 号 联系方式：王老师 0512-68768969 2.采购代理机构信息 名 称：南京江城工程项目管理有限公司 地 址：南京市建邺区云龙山路89号龙湖时代上城1栋29楼 联系方式：池爽 曹雪 025-58835827-8016（技术咨询） 025-58835827-0（文件获取咨询） 3.项目联系方式 项目联系人：池爽 曹雪 电 话： 025-58835827-8016（技术咨询） 025-58835827-0（文件获取咨询）,教育培训,,中国政府采购网,,,default,二、项目废标/流标的原因,,,,,,,,,,
中国农业大学国家农业科技创新港人才培养组团施工中标候选人公示,其他公告,S110000A001044253001,2026年09月04日 18:16,平谷区,中国农业大学,北京市海淀区圆明园西路2号,王馨悦010-62732813,北京科技园拍卖招标有限公司,北京市海淀区万柳光大西园6号楼0188,申耀朋13651356671,王馨悦,010-62732813,,,https://www.ccgp.gov.cn/cggg/zygg/qtgg/202609/t20260904_27271683.htm,2026-09-10 10:10:38,"一、项目基本情况 采购项目编号：S110000A001044253001 采购项目名称：中国农业大学国家农业科技创新港人才培养组团施工 二、项目废标/流标的原因 / 三、其他补充事宜 中国农业大学国家农业科技创新港人才培养组团施工中标候选人公示交易项目编号：S110000A001044253001• 公告内容公示开始时间：2026年9月4日公示结束时间：2026年9月7日    中国农业大学国家农业科技创新港人才培养组团施工（招标项目编号：F0SG202600311），建设单位名称：中国农业大学，建设地点：平谷区中国农业大学国家农业科技创新港，评标日期：2026年9月1日，经评标委员会评审，确定中国农业大学国家农业科技创新港人才培养组团施工 的中标候选人，现公示如下：一、中标候选人中国农业大学国家农业科技创新港人才培养组团施工：（一）基本情况 排序 中标候选人名称 评标得分 1 中国建筑第二工程局有限公司 96.64 2 北京城建集团有限责任公司 93.79 3 北京建工集团有限责任公司 92.77  （二）中标候选人按照招标文件要求承诺的项目负责人情况 排序 中标候选人名称 项目负责人姓名 项目负责人证书名称及编号 业绩 1 中国建筑第二工程局有限公司 王成义 中华人民共和国一级建造师注册证书；京1212013201309018 小米创研中心项目(U1研发办公楼等15项) 2 北京城建集团有限责任公司 刘海洋 中华人民共和国一级建造师注册证书；京111201720 1745136 市民中心（西区地块）工程 3 北京建工集团有限责任公司 张钺平 中华人民共和国一级建造师注册证书；京1112007200803405 海淀区八家地区回迁安置房二标段（1号楼、2号楼、7-10号楼、23号楼、25号楼及地下车库）   排序 中标候选人名称 其他管理人员姓名 其他管理人员证书名称及编号 业绩 1 中国建筑第二工程局有限公司 于海洋 于海洋；高级工程师证书；（2021）11020564 稼轩文旅城A-15住宅地块开发项目 2 北京城建集团有限责任公司 苟金瑞 苟金瑞；北京市职称证书；ZGB08011055 怀柔科学城HR00-0211-6031地块(城市客厅B北侧地块)F3其他类多功能用地项目 3 北京建工集团有限责任公司 廖晟 廖晟；北京市职称证书；ZGB05066698 科研设计(自持)1813-L20、L24地块(L20-1#科研楼(含配套酒店)等10项),L20-3#科研楼等2项 （三）中标候选人响应招标文件要求的资格能力条件 排序 中标候选人名称 响应情况 1 中国建筑第二工程局有限公司 响应 2 北京城建集团有限责任公司 响应 3 北京建工集团有限责任公司 响应 （四）中标候选人响应招标文件要求的资质和业绩 排序 中标候选人名称 1 中国建筑第二工程局有限公司 资质 建筑工程施工总承包特级[新] 业绩 海淀区海淀镇树村棚户区改造B-1南地块R2二类居住用地项目（1#住宅楼等26项）；北京市海淀区“海淀北部地区整体开发”西北旺镇HD00-0403-0061/0050二 类 居住 用 地 用 地项 目（B2#住宅楼等6项）；海淀区 西北 旺镇 X2地 块 集体产业用地项 目（HD00-0401-0096）；三一北京制造中心机器视觉及配套建设项目（1#配套楼等8项）； 2 北京城建集团有限责任公司 资质 建筑工程施工总承包特级[新] 业绩 北京航空航天大学沙河校区2号教学科研组团(1-4号科研楼)项目；首都博物馆东馆；海淀区北部医疗中心建设工程；北京安贞医院通州院区建设项目；房山区长阳起步区2号地九年一贯制学校建设工程 3 北京建工集团有限责任公司 资质 建筑工程施工总承包特级[新] 业绩 科研设计（自持）1813-L20、L24地块（L20-1#科研楼（含配套酒店）等10项），L20-3#科研楼等2项；北京工商大学良乡校区二期新建工程（A座教学 楼等2项）；中关村东升科技园二期1813-L25地块项目；三间房乡南区棚户区改造安置房项目（1#住宅楼等31项）第二标段（施工）； 二、提出异议的渠道和方式 投标人或其他利害关系人对本招标项目的评标结果有异议的，应当在中标候选人公示期间通过全国公共资源交易平台(北京市)（https://ggzyfw.beijing.gov.cn/）向招标人或招标代理机构提出书面异议文件（加盖单位CA电子印章），并将原件提交至北京科技园拍卖招标有限公司。联系人：申耀朋；电话：82575831-819；电子邮件：bkgt6688@163.com。 被否决的投标人：    三、其他公示内容 / 四、监督部门本招标项目的监督部门为北京市住房和城乡建设委员会监督部门电话：010-55524552五、联系方式招标人：中国农业大学地址：北京市海淀区圆明园西路2号联系人：王馨悦电话：010-62732813电子邮件：/招标代理机构： 北京科技园拍卖招标有限公司地址：北京市海淀区万柳光大西园6号楼0188联系人：申耀朋电话：13651356671电子邮件：bkgt6688@163.com六、开标、评标情况中国农业大学国家农业科技创新港人才培养组团施工：（一）通过资格预审的申请人名单 序号 通过资格预审的申请人名单 1 北京城建集团有限责任公司 2 北京建工集团有限责任公司 3 中国建筑第八工程局有限公司 4 中航天建设工程集团有限公司 5 中国新兴建设开发有限责任公司 6 中铁建工集团有限公司 7 中国建筑第二工程局有限公司 （二）开标记录 序号 投标人 投标价格（元） 投标工期/服务期（日历天） 质量标准 拟派项目经理 1 北京城建集团有限责任公司 457820788.88 726 合格 刘海洋 2 北京建工集团有限责任公司 460384887.92 726 合格 张钺平 3 中国建筑第八工程局有限公司 438706004.59 726 合格 常福伟 4 中航天建设工程集团有限公司 460527082.75 726 合格 宋艳成 5 中国新兴建设开发有限责任公司 460510765.32 726 合格 刘志翔 6 中铁建工集团有限公司 460548062.31 726 合格 宋永涛 7 中国建筑第二工程局有限公司 460478130.67 726 合格 王成义 （三）评标情况1、投标文件被否决的投标人名称、否决的原因及其依据 序号 投标文件被否决的投标人名称 否决的原因及其依据 / / / 2、评标委员会对投标报价给予修正的原因、依据和修正结果 序号 投标人名称 清算/预算书项目名称 修正内容 修正的原因、依据 修正结果 / / / / / / 3、评标委员会成员对各投标人投标文件的评审 投标人名称及评分项 专家1 专家2 专家3 专家4 专家5 专家6 专家7 中铁建工集团有限公司 投标报价 99.15 99.15 99.15 99.15 99.15 99.15 99.15 信誉评审 96.33 96.33 96.33 96.33 96.33 96.33 96.33 其他因素评审 100 100 100 100 100 100 100 施工组织设计评审 74.5 68.5 61 61.5 67.5 53.5 67 北京城建集团有限责任公司 投标报价 98.23 98.23 98.23 98.23 98.23 98.23 98.23 信誉评审 99.98 99.98 99.98 99.98 99.98 99.98 99.98 其他因素评审 100 100 100 100 100 100 100 施工组织设计评审 96.5 87 90.5 69.5 88.5 51 82.5 北京建工集团有限责任公司 投标报价 99.4 99.4 99.4 99.4 99.4 99.4 99.4 信誉评审 98.98 98.98 98.98 98.98 98.98 98.98 98.98 其他因素评审 100 100 100 100 100 100 100 施工组织设计评审 77.5 74.5 76.5 73.5 73 57 70.5 中国建筑第八工程局有限公司 投标报价 82.18 82.18 82.18 82.18 82.18 82.18 82.18 信誉评审 99 99 99 99 99 99 99 其他因素评审 100 100 100 100 100 100 100 施工组织设计评审 77 68.5 64.5 65 69.5 53 68 中国建筑第二工程局有限公司 投标报价 99.25 99.25 99.25 99.25 99.25 99.25 99.25 信誉评审 98.38 98.38 98.38 98.38 98.38 98.38 98.38 其他因素评审 100 100 100 100 100 100 100 施工组织设计评审 93 81.5 81.5 97 87 96 76 中航天建设工程集团有限公司 投标报价 99.2 99.2 99.2 99.2 99.2 99.2 99.2 信誉评审 92.95 92.95 92.95 92.95 92.95 92.95 92.95 其他因素评审 100 100 100 100 100 100 100 施工组织设计评审 76 69.5 65.5 63.5 72.5 53 69.5 中国新兴建设开发有限责任公司 投标报价 99.2 99.2 99.2 99.2 99.2 99.2 99.2 信誉评审 91.4 91.4 91.4 91.4 91.4 91.4 91.4 其他因素评审 100 100 100 100 100 100 100 施工组织设计评审 79.5 78 71 67.5 72 55.5 77   四、凡对本次公告内容提出询问，请按以下方式联系。 1.采购人信息 名 称：中国农业大学 地址：北京市海淀区圆明园西路2号 联系方式：王馨悦010-62732813 2.采购代理机构信息 名 称：北京科技园拍卖招标有限公司 地 址：北京市海淀区万柳光大西园6号楼0188 联系方式：申耀朋13651356671 3.项目联系方式 项目联系人：王馨悦 电 话： 010-62732813",教育培训,,中国政府采购网,,,default,二、项目废标/流标的原因,,,,,,,,,,
广州市黄埔区消防救援大队2026年消防车辆装备采购项目采购需求参数征求意见公告,其他公告,,2026年09月04日 18:14,黄埔区,广州市黄埔区消防救援大队,广州市黄埔区新阳西路20号,韩生16620497991,详见公告正文,详见公告正文,详见公告正文,韩生,16620497991,广州市黄埔区消防救援大队2026年消防车辆装备采购需求问卷调查表.doc,"[{""attach_name"": ""广州市黄埔区消防救援大队2026年消防车辆装备采购需求问卷调查表.doc"", ""attach_url"": ""https://download.ccgp.gov.cn/oss/download?uuid=95B9B1146A7CA791CD843E18381C2F""}]",https://www.ccgp.gov.cn/cggg/zygg/qtgg/202609/t20260904_27271657.htm,2026-09-10 10:10:38,根据《中华人民共和国政府采购法》等有关规定，现对广州市黄埔区消防救援大队2026年消防车辆装备采购项目进行其他招标，欢迎合格的供应商前来投标。 项目名称：广州市黄埔区消防救援大队2026年消防车辆装备采购项目项目编号：项目联系方式：项目联系人：韩生项目联系电话：16620497991 采购单位联系方式：采购单位：广州市黄埔区消防救援大队采购单位地址：广州市黄埔区新阳西路20号采购单位联系方式：韩生16620497991  一、采购项目内容（一）参数征求意见内容根据公告附件”附件《广州市黄埔区消防救援大队2026年消防车辆装备采购需求问卷调查表》”包括但不限于车辆的品牌型号、市场价格（万元）、详细参数、历史成交信息等相关信息。（二）参数征求意见方法参数征求意见问卷调查的方式进行，请各单位于2026年9月14日17:30前将加盖公章的公告附件扫描成PDF格式，以及公告附件的Excel格式发送至指定邮（921423433@qq.com）。 二、开标时间： 三、其它补充事宜递交材料应当写明供应商名称、联系人及联系电话并加盖单位印章。采购单位是否采纳均不影响供应商参与本项目后续采购活动，对供应商所提出的意见建议不作书面回复。 四、预算金额：预算金额：0.000000 万元（人民币）,公共安全,,中国政府采购网,,0.0,table,,,,,,,,,,,
江门市新会区消防救援大队2026年-2027年度团体意外险采购项目遴选公告,其他公告,YG26ZZLX0030,2026年09月04日 18:07,广东省,江门市新会区消防救援大队,广东省江门市新会区三和大道北与明德三路交叉口北100米,0750-6366601,粤广招标（江门）有限公司,江门市蓬江区宏达路12号1幢编号1-202,高小姐  0750-3778379,高小姐,0750-3778379,遴选文件领取登记表.doc,"[{""attach_name"": ""遴选文件领取登记表.doc"", ""attach_url"": ""https://download.ccgp.gov.cn/oss/download?uuid=1C1D9C6C026E8238F45084D9CA4B58""}]",https://www.ccgp.gov.cn/cggg/zygg/qtgg/202609/t20260904_27271567.htm,2026-09-10 10:10:39,"粤广招标（江门）有限公司受江门市新会区消防救援大队 委托，根据《中华人民共和国政府采购法》等有关规定，现对江门市新会区消防救援大队2026年-2027年度团体意外险采购项目进行其他招标，欢迎合格的供应商前来投标。 项目名称：江门市新会区消防救援大队2026年-2027年度团体意外险采购项目项目编号：YG26ZZLX0030项目联系方式：项目联系人：高小姐项目联系电话：0750-3778379 采购单位联系方式：采购单位：江门市新会区消防救援大队采购单位地址：广东省江门市新会区三和大道北与明德三路交叉口北100米采购单位联系方式：0750-6366601 代理机构联系方式：代理机构：粤广招标（江门）有限公司代理机构联系人：高小姐 0750-3778379代理机构地址： 江门市蓬江区宏达路12号1幢编号1-202 一、采购项目内容江门市新会区消防救援大队2026年-2027年度团体意外险采购项目遴选项目的潜在供应商应在粤广招标（江门）有限公司获取遴选文件，并于2026年9月22日09点30分（北京时间）前递交参选文件。一、项目基本情况项目编号：YG26ZZLX0030项目名称：江门市新会区消防救援大队2026年-2027年度团体意外险采购项目预算金额：223000.00元（人民币）最高限价：223000.00元（人民币）采购需求：1.标的名称：江门市新会区消防救援大队2026年-2027年度团体意外险采购项目。2.标的所属行业：金融业。3.标的数量：1项。4.简要技术需求或服务要求：具体要求详见《用户需求书》。合同履行期限：所有参保人员的保单到期时间与本项目合同服务时间一致，合同自投保生效之日起1年。本项目（不接受）联合体参选。二、申请人的资格要求1.满足《中华人民共和国政府采购法》第二十二条规定：（1）具有独立承担民事责任的能力：在中华人民共和国境内注册的法人或其他组织或自然人，投标（响应）时提交有效的营业执照（或事业法人登记证或身份证等相关证明）副本复印件；分支机构投标的，须提供总公司和分公司营业执照副本复印件，总公司出具给分支机构的授权书，每家总公司只允许授权一家分支机构参与本项目投标，总公司与其分支机构不得同时参与本项目投标；如有多家分支机构持同一家总公司开具的授权书参与本项目投标，上述分支机构均作无效投标处理）。（2）具有良好的商业信誉和健全的财务会计制度：提供以下①或②证明材料：①提供经会计师事务所审计的2025年度财务状况报告；②同时提供a.基本开户银行出具的资信证明，b.《基本存款账号信息》或《开户许可证》。（3）有依法缴纳税收和社会保障资金的良好记录：提供2026年3月至响应截止当月任意一个月的依法缴纳税收和社会保障资金的相关材料。如依法免税或不需要缴纳社会保障资金的，提供相应证明材料。（4）具有履行合同所必需的设备和专业技术能力：提供《供应商资格声明函》。（5）参加采购活动前3年内，在经营活动中没有重大违法记录：提供《供应商资格声明函》。重大违法记录，是指供应商因违法经营受到刑事处罚或者责令停产停业、吊销许可证或者执照、较大数额罚款等行政处罚。(根据财库〔2022〕3号文，“较大数额罚款”认定为200万元以上的罚款，法律、行政法规以及国务院有关部门明确规定相关领域“较大数额罚款”标准高于200万元的，从其规定)（6）符合法律、行政法规规定的其他条件：提供《供应商资格声明函》。2.落实政府采购政策需满足的资格要求：本项目不属于专门面向中小企业的项目。3.本项目的特定资格要求：（1）供应商未被列入“信用中国”网站（www.creditchina.gov.cn）“记录失信被执行人或重大税收违法案件当事人名单（即重大税收违法失信主体）或政府采购严重违法失信行为”记录名单；不处于中国政府采购网（www.ccgp.gov.cn）“政府采购严重违法失信行为信息记录”中的禁止参加政府采购活动期间。（以采购代理机构于响应截止时间当天在“信用中国”网站（www.creditchina.gov.cn）及中国政府采购网（https://www.ccgp.gov.cn/）查询结果为准，如相关失信记录已失效，供应商需提供相关证明资料。）（2）为采购项目提供整体设计、规范编制或者项目管理、监理、检测等服务的供应商，不得再参加该采购项目同一合同项下的其他采购活动：提供《供应商资格声明函》。（3）单位负责人为同一人或者存在直接控股、管理关系的不同供应商，不得同时参加本采购项目(或采购包)响应：提供《供应商资格声明函》。（4）供应商须为经国家金融监督管理机构批准，在中华人民共和国境内设立并合法经营团体意外险业务的保险公司或其分支机构，须提供有效的《金融许可证》或《经营保险业务许可证》或《保险许可证》复印件。分支机构投标的，必须获得具有独立法人资格的总公司授权；同一保险公司只能授权一家分支机构参加本项目（多于一家授权投标的将同时作投标无效处理）。（5）成功获取本遴选文件的供应商。三、获取遴选文件时间：2026年9月4日至2026年9月11日,每天上午08:30至12:00，下午14:30至17:30（北京时间，法定节假日除外）地点：粤广招标（江门）有限公司方式：（1）网上获取：供应商将“《遴选文件领取登记表》”加盖单位公章和获取遴选文件费用凭证（线上获取时必须提供。转账至采购代理机构账户（户名：粤广招标（江门）有限公司，开户行：兴业银行股份有限公司江门分行，账号：398000100100658338），转账时备注“YG26ZZLX0030”）扫描发送至邮箱yueguangzb@sina.com，采购代理机构收到资料确认无误后将以电子版的形式发送遴选文件至供应商联系邮箱。（2）现场获取：供应商将“《遴选文件领取登记表》”并加盖单位公章后前往粤广招标（江门）有限公司（地址：江门市蓬江区宏达路12号1幢编号1-202）进行登记及获取文件。售价（元）：￥300元四、提交参选文件截止时间、开标时间和地点提交参选文件截止时间：2026年9月22日09点30分（北京时间）开标时间：2026年9月22日09点30分（北京时间）地点：江门市蓬江区宏达路12号1幢编号1-202会议室五、公告期限自本公告发布之日起5个工作日。 二、开标时间：2026年09月22日 09:30 三、其它补充事宜获取遴选文件过程问题可咨询：高小姐，联系电话：0750-3778379。 四、预算金额：预算金额：22.300000 万元（人民币）",公共安全,2026-09-22 09:30,中国政府采购网,,22.3,table,,,,,,,,,,,
四川省消防救援总队国债结余资金项目（信息通信类）参数公示其他,其他公告,,2026年09月04日 17:59,成都市,四川省消防救援总队,四川省成都市金牛区迎宾大道518号,智老师，028-63003176,详见公告正文,详见公告正文,详见公告正文,智老师,028-63003176,（2026-9-4公示稿）四川省消防救援总队国债结余资金项目（信息通信类）技术需求参数.xlsx,"[{""attach_name"": ""（2026-9-4公示稿）四川省消防救援总队国债结余资金项目（信息通信类）技术需求参数.xlsx"", ""attach_url"": ""https://download.ccgp.gov.cn/oss/download?uuid=9C6FDA7B295C27B7055D2C5D273754""}]",https://www.ccgp.gov.cn/cggg/zygg/qtgg/202609/t20260904_27271468.htm,2026-09-10 10:10:39,根据《中华人民共和国政府采购法》等有关规定，现对四川省消防救援总队国债结余资金项目（信息通信类）参数公示进行其他招标，欢迎合格的供应商前来投标。 项目名称：四川省消防救援总队国债结余资金项目（信息通信类）参数公示项目编号：项目联系方式：项目联系人：智老师项目联系电话：028-63003176 采购单位联系方式：采购单位：四川省消防救援总队采购单位地址：四川省成都市金牛区迎宾大道518号采购单位联系方式：智老师，028-63003176  一、采购项目内容相关采购当事人：为保障政府采购各方当事人的合法权益及采购程序的公开、公平、公正，四川省消防救援总队现就总队采购通信指挥消防车项目技术需求进行公告（技术需求详见：附件），广泛征求各方意见。意见征求时间自2026年9月4日18：00至2026年9月11日18:00。联系人及电话：智先生，028-63003176；邮箱：190556022@qq.com。采购当事人提出的《技术需求的修改建议书》应符合以下条件，否则不予接收或采纳：1、在意见征求有效期内提出，提供联系人及联系电话，以加盖单位公章的书面方式送达我单位（也可将加盖公章材料的扫描件发送至邮箱190556022@qq.com）。逾期送达、匿名送达以及其他不符合上述条件的意见函件我单位不予接收。2、对于项目技术需求不满足三个品牌产品或三家供应商的，对需求中个别条款的描述具有倾向性或排斥性提出意见的，采购当事人应明确指出可能涉及的品牌或供应商，否则我单位将不予接收或采纳。 二、开标时间：2026年09月11日 18:00 三、其它补充事宜 四、预算金额：预算金额：0.000000 万元（人民币）,公共安全,,中国政府采购网,,0.0,table,,,,,,,,,,,
SPD-10青海某单位住房维修采购项目其他,其他公告,SPD-10-LX-2026-017,2026年09月04日 17:51,城东区,SPD-10,青海省西宁市城东区,邹女士 0971-8819576,详见公告正文,详见公告正文,详见公告正文,张先生,0971-8819576,"工程量清单.PDF,采购文件.doc,零星采购响应文件.doc","[{""attach_name"": ""工程量清单.PDF"", ""attach_url"": ""https://download.ccgp.gov.cn/oss/download?uuid=3164C0AC544279F1C13BF1827063F4""}, {""attach_name"": ""采购文件.doc"", ""attach_url"": ""https://download.ccgp.gov.cn/oss/download?uuid=75274700FB5C8DA139869BB0F848B7""}, {""attach_name"": ""零星采购响应文件.doc"", ""attach_url"": ""https://download.ccgp.gov.cn/oss/download?uuid=76FEA79E2856BEA931FE089378CFAC""}]",https://www.ccgp.gov.cn/cggg/zygg/qtgg/202609/t20260904_27271347.htm,2026-09-10 10:10:40,根据《中华人民共和国政府采购法》等有关规定，现对青海某单位住房维修采购项目进行其他招标，欢迎合格的供应商前来投标。 项目名称：青海某单位住房维修采购项目项目编号：SPD-10-LX-2026-017项目联系方式：项目联系人：张先生项目联系电话：0971-8819576 采购单位联系方式：采购单位：SPD-10采购单位地址：青海省西宁市城东区采购单位联系方式：邹女士 0971-8819576  一、采购项目内容详见采购文件 二、开标时间：2026年09月08日 09:00 三、其它补充事宜 四、预算金额：预算金额：15.488911 万元（人民币）,其他,,中国政府采购网,,15.488911,table,,,,,,,,,,,
中国农业大学国家农业科技创新港国际农业与全球发展创新基地施工中标候选人公示,其他公告,S110000A001042669003,2026年09月04日 17:50,北京市,中国农业大学,北京市海淀区圆明园西路2号,王馨悦010-62732813,中科信佳（北京）项目管理有限公司,北京市丰台区广安路国投财富广场5号楼12A16室,王琛，张雅楠，吴茹群，温滢010-52474969,王馨悦,010-62732813,,,https://www.ccgp.gov.cn/cggg/zygg/qtgg/202609/t20260904_27271344.htm,2026-09-10 10:10:41,"一、项目基本情况 采购项目编号：S110000A001042669003 采购项目名称：中国农业大学国家农业科技创新港国际农业与全球发展创新基地施工 二、项目废标/流标的原因 / 三、其他补充事宜 中国农业大学国家农业科技创新港国际农业与全球发展创新基地施工中标候选人公示交易项目编号：S110000A001042669003公告内容公示开始时间：2026年9月4日公示结束时间：2026年9月7日中国农业大学国家农业科技创新港国际农业与全球发展创新基地（招标项目编号：F0SG202600315），建设单位名称：中国农业大学，建设地点：平谷区中国农业大学国家农业科技创新港，评标日期：2026年8月28日，经评标委员会评审，确定中国农业大学国家农业科技创新港国际农业与全球发展创新基地 的中标候选人，现公示如下：一、中标候选人中国农业大学国家农业科技创新港国际农业与全球发展创新基地：（一）基本情况 排序 中标候选人名称 评标得分 1 北京建工集团有限责任公司 96.66 2 中铁建设集团有限公司 94.62 3 北京住总集团有限责任公司 93.53  （二）中标候选人按照招标文件要求承诺的项目负责人情况 排序 中标候选人名称 项目负责人姓名 项目负责人证书名称及编号 业绩 1 北京建工集团有限责任公司 张钺平 一级建造师注册证书，京1112007200803405 1、海淀区八家地区回迁安置房二标段（1号楼、2号楼、7-10号楼、23号楼、25号楼及地下车库） 2 中铁建设集团有限公司 黄高照 一级建造师注册证书，京1352013201410088 1、2015年海淀区老旧小区综合整治项目（第一批）3标段 3 北京住总集团有限责任公司 王志刚 一级建造师注册证书，京1112010201118327 1、蝶恋新园住宅小区B区项目   排序 中标候选人名称 其他管理人员姓名 其他管理人员证书名称及编号 业绩 1 北京建工集团有限责任公司 廖晟 高级工程师，ZGB05066698 1、科研设计(自持)1813-L20、L24地块(L20-1#科研楼(含配套酒店)等10项),L20-3#科研楼等2项 2 中铁建设集团有限公司 徐志强 高级工程师，4421004116 1、石家庄铁道大学学生公寓、食堂项目EPC总承包工程 3 北京住总集团有限责任公司 唐振 高级工程师，ZGB08023874 1、蝶恋旺园住宅小区项目 （三）中标候选人响应招标文件要求的资格能力条件 排序 中标候选人名称 响应情况 1 北京建工集团有限责任公司 响应 2 中铁建设集团有限公司 响应 3 北京住总集团有限责任公司 响应 （四）中标候选人响应招标文件要求的资质和业绩 排序 中标候选人名称 1 北京建工集团有限责任公司 资质 建筑工程施工总承包特级[新] 业绩 1、科研设计（自持）1813-L20、L24地块（L20-1#科研楼（含配套酒店）等10项），L20-3#科研楼等2项； 2、北京工商大学良乡校区二期新建工程（A座教学楼等2项）； 3、中关村东升科技园二期1813-L25地块项目； 4、三间房乡南区棚户区改造安置房项目（1#住宅楼等31项）第二标段（施工） 2 中铁建设集团有限公司 资质 建筑工程施工总承包特级[新] 业绩 1、人民日报社小红门职工住宅项目（1#住宅楼等12项）； 2、北京东站货场铁路职工住房项目A地块；3、经开区信创园一期项目（G7F-1-会展中心等10项）； 4、雄东片区B单元安置房项目施工总承包合同标段三 3 北京住总集团有限责任公司 资质 建筑工程施工总承包特级[新] 业绩 1、昌平生命谷产业基地； 2、北京信息科技大学新校区建设工程第二教学组团及图书信息与教育中心； 3、北京邮件综合处理中心四期工程（机房楼（四期）等2项） 二、提出异议的渠道和方式投标人或其他利害关系人对本招标项目的评标结果有异议的，应当在中标候选人公示期间通过全国公共资源交易平台(北京市)（https://ggzyfw.beijing.gov.cn/）向招标人或招标代理机构提出书面异议文件（加盖单位CA电子印章）。联系人：王琛，联系电话：010-52474969，地址：北京市丰台区广安路9号国投财富广场5号楼12A16室。被否决的投标人：三、其他公示内容/四、监督部门本招标项目的监督部门为北京市住房和城乡建设委员会监督部门电话：010-55524552五、联系方式招标人：中国农业大学地址：北京市海淀区圆明园西路2号联系人：王馨悦电话：010-62732813电子邮件：/招标代理机构：中科信佳（北京）项目管理有限公司地址：北京市丰台区广安路国投财富广场5号楼12A16室联系人：王琛，张雅楠，吴茹群，温滢电话：010-52474969电子邮件：zkxjbj@163.com六、开标、评标情况中国农业大学国家农业科技创新港国际农业与全球发展创新基地：（一）通过资格预审的申请人名单 序号 通过资格预审的申请人名单 1 中铁建设集团有限公司 2 中国新兴建设开发有限责任公司 3 中国建筑第二工程局有限公司 4 中航天建设工程集团有限公司 5 北京住总集团有限责任公司 6 中建三局集团有限公司 7 北京建工集团有限责任公司 （二）开标记录 序号 投标人 投标价格 （元） 投标工期/服务期（日历天） 质量标准 拟派 项目经理 1 中铁建设集团有限公司 475636839.88 714 合格 黄高照 2 中国新兴建设开发有限责任公司 472026412.75 714 合格 刘志翔 3 中国建筑第二工程局有限公司 479247088.49 714 合格 王成义 4 中航天建设工程集团有限公司 479256444.33 714 合格 宋艳成 5 北京住总集团有限责任公司 479254977.5 714 合格 王志刚 6 中建三局集团有限公司 479249599.63 714 合格 颜斌 7 北京建工集团有限责任公司 479250985.05 714 合格 张钺平 （三）评标情况1、投标文件被否决的投标人名称、否决的原因及其依据 序号 投标文件被否决的投标人名称 否决的原因及其依据 / / / 2、评标委员会对投标报价给予修正的原因、依据和修正结果 序号 投标人名称 清算/预算书项目名称 修正内容 修正的原因、依据 修正结果 / / / / / / 3、评标委员会成员对各投标人投标文件的评审 投标人名称及评分项 专家1 专家2 专家3 专家4 专家5 专家6 专家7 中建三局集团有限公司 投标报价 99 99 99 99 99 99 99 信誉评审 97.41 97.41 97.41 97.41 97.41 97.41 97.41 其他因素评审 100 100 100 100 100 100 100 施工组织设计评审 59 64.5 58.5 60.5 69 59 67.5 中铁建设集团有限公司 投标报价 97.66 97.66 97.66 97.66 97.66 97.66 97.66 信誉评审 97 97 97 97 97 97 97 其他因素评审 100 100 100 100 100 100 100 施工组织设计评审 88 82.5 87 97.5 84.5 81.5 85.5 北京建工集团有限责任公司 投标报价 99 99 99 99 99 99 99 信誉评审 98.98 98.98 98.98 98.98 98.98 98.98 98.98 其他因素评审 100 100 100 100 100 100 100 施工组织设计评审 88 98 88.5 76 80 90 88 北京住总集团有限责任公司 投标报价 99 99 99 99 99 99 99 信誉评审 98.96 98.96 98.96 98.96 98.96 98.96 98.96 其他因素评审 100 100 100 100 100 100 100 施工组织设计评审 76.5 72.5 83.5 75.5 75.5 68 84.5 中国建筑第二工程局有限公司 投标报价 99.05 99.05 99.05 99.05 99.05 99.05 99.05 信誉评审 98.38 98.38 98.38 98.38 98.38 98.38 98.38 其他因素评审 100 100 100 100 100 100 100 施工组织设计评审 74.5 70 72.5 65 74 63 80 中航天建设工程集团有限公司 投标报价 99 99 99 99 99 99 99 信誉评审 92.95 92.95 92.95 92.95 92.95 92.95 92.95 其他因素评审 100 100 100 100 100 100 100 施工组织设计评审 78.5 70.5 77.5 80 74.5 72.5 83 中国新兴建设开发有限责任公司 投标报价 94.72 94.72 94.72 94.72 94.72 94.72 94.72 信誉评审 91.4 91.4 91.4 91.4 91.4 91.4 91.4 其他因素评审 100 100 100 100 100 100 100 施工组织设计评审 73.5 66.5 64.5 63.5 68.5 59.5 77.5   本项目在北京市公共资源交易服务平台的链接如下:https://ggzyfw.beijing.gov.cn/jyxxzbhxrgs/20260904/5698526.html 四、凡对本次公告内容提出询问，请按以下方式联系。 1.采购人信息 名 称：中国农业大学 地址：北京市海淀区圆明园西路2号 联系方式：王馨悦010-62732813 2.采购代理机构信息 名 称：中科信佳（北京）项目管理有限公司 地 址：北京市丰台区广安路国投财富广场5号楼12A16室 联系方式：王琛，张雅楠，吴茹群，温滢010-52474969 3.项目联系方式 项目联系人：王馨悦 电 话： 010-62732813",教育培训,,中国政府采购网,,,default,二、项目废标/流标的原因,,,,,,,,,,
浙江省消防救援总队舟山支队普陀山大队2026年度消防车（泡沫消防车）采购项目采购需求征集意见公示,其他公告,/,2026年09月04日 17:48,舟山市,舟山市消防救援支队,浙江省舟山市定海区临城街道海天大道560号,齐先生  17364086917,详见公告正文,详见公告正文,详见公告正文,齐先生,17364086917,"附件1：浙江省消防救援总队舟山支队普陀山大队2026年度消防车（泡沫消防车）采购项目采购需求.doc,附件2：反馈表.xlsx","[{""attach_name"": ""附件1：浙江省消防救援总队舟山支队普陀山大队2026年度消防车（泡沫消防车）采购项目采购需求.doc"", ""attach_url"": ""https://download.ccgp.gov.cn/oss/download?uuid=0B71E96816E50F52E6C00D0954863C""}, {""attach_name"": ""附件2：反馈表.xlsx"", ""attach_url"": ""https://download.ccgp.gov.cn/oss/download?uuid=A0BEEB886D7C9C7E03AC9F9F42BA33""}]",https://www.ccgp.gov.cn/cggg/zygg/qtgg/202609/t20260904_27271284.htm,2026-09-10 10:10:41,根据《中华人民共和国政府采购法》等有关规定，现对浙江省消防救援总队舟山支队普陀山大队2026年度消防车（泡沫消防车）采购项目进行其他招标，欢迎合格的供应商前来投标。 项目名称：浙江省消防救援总队舟山支队普陀山大队2026年度消防车（泡沫消防车）采购项目项目编号：/项目联系方式：项目联系人：齐先生项目联系电话：17364086917 采购单位联系方式：采购单位：舟山市消防救援支队采购单位地址：浙江省舟山市定海区临城街道海天大道560号采购单位联系方式：齐先生 17364086917  一、采购项目内容1.公示简要情况说明         为确保浙江省消防救援总队舟山支队普陀山大队2026年度消防车（泡沫消防车）采购项目公平、公正，切实维护广大供应商正当利益，经过前期市场需求调查及论证，现将拟定的采购需求（见附件1）进行网上公示，征集供应商意见建议，欢迎广大供应商对采购需求的完整性、合理性、公正性提出具体意见建议。后续支队将对意见建议进行收集、归类、整理，并进一步完善采购需求。意见建议具体采纳情况不再反馈供应商，最终以本项目采购公告和采购文件为准，请供应商及时关注相关采购公告和采购文件。2.反馈时间与方式对本次公示内容存在合理化建议的各供应商须在2026年9月15日17：00（北京时间）前将电子文件发送至邮箱2229606281@qq.com，逾期不予接收。3.提供资料清单3.1营业执照扫描件（盖章）。3.2法定代表人身份证正反面扫描件（盖章），法定代表人如果授权委托人反馈，需提供法定代表人授权书扫描件及法定代表人和被授权人身份证正反面扫描件（盖章）。3.3按照附件2格式的意见建议及证明材料（盖章），PDF版本（盖章）和excel版本应完全一致，若内容不一致，以PDF版本为准。4.其他相关要求4.1供应商提出的意见建议须严格按照附件2格式填写，应当详细具体、理由充分、实事求是，不得有意排斥其他潜在供应商，反馈材料应当写明供应商名称并加盖单位公章，必要时可提供有关证明材料，无盖章意见或意见不具体的将视为无效意见，不列入参考范围。4.2有关专家提出的建议和修改理由必须是真实、有依据的，须出具本人与该项目相关的专业证书扫描件（如政府采购评审专家证书或职称证书、工作证明等），并告知联系电话等通讯方式。4.3共同建立良好的政商交往环境，采购需求公示及后续招标采购期间，支队不接受来访介绍、产品测试、私下交流等行为。采购需求反馈意见均以规定时间内发送到指定邮箱为准。 二、开标时间： 三、其它补充事宜因系统设置原因，第四条预算金额以192.5万元为准。 四、预算金额：预算金额：0.000000 万元（人民币）,公共安全,,中国政府采购网,,0.0,table,,,,,,,,,,,
四川省消防救援总队全网通卫星便携站采购项目参数公示其他,其他公告,,2026年09月04日 17:46,成都市,四川省消防救援总队,四川省成都市金牛区迎宾大道518号,智老师，028-63003176,详见公告正文,详见公告正文,详见公告正文,智老师,028-63003176,（2026-9-4公示稿）四川省消防救援总队全网通卫星便携站采购项目技术需求参数.xlsx,"[{""attach_name"": ""（2026-9-4公示稿）四川省消防救援总队全网通卫星便携站采购项目技术需求参数.xlsx"", ""attach_url"": ""https://download.ccgp.gov.cn/oss/download?uuid=293D4A58C89C38A81392824C41695A""}]",https://www.ccgp.gov.cn/cggg/zygg/qtgg/202609/t20260904_27271233.htm,2026-09-10 10:10:42,根据《中华人民共和国政府采购法》等有关规定，现对四川省消防救援总队全网通卫星便携站采购项目参数公示进行其他招标，欢迎合格的供应商前来投标。 项目名称：四川省消防救援总队全网通卫星便携站采购项目参数公示项目编号：项目联系方式：项目联系人：智老师项目联系电话：028-63003176 采购单位联系方式：采购单位：四川省消防救援总队采购单位地址：四川省成都市金牛区迎宾大道518号采购单位联系方式：智老师，028-63003176  一、采购项目内容相关采购当事人：为保障政府采购各方当事人的合法权益及采购程序的公开、公平、公正，四川省消防救援总队现就总队采购通信指挥消防车项目技术需求进行公告（技术需求详见：附件），广泛征求各方意见。意见征求时间自2026年9月4日18：00至2026年9月11日18:00。联系人及电话：智先生，028-63003176；邮箱：190556022@qq.com。采购当事人提出的《技术需求的修改建议书》应符合以下条件，否则不予接收或采纳：1、在意见征求有效期内提出，提供联系人及联系电话，以加盖单位公章的书面方式送达我单位（也可将加盖公章材料的扫描件发送至邮箱190556022@qq.com）。逾期送达、匿名送达以及其他不符合上述条件的意见函件我单位不予接收。2、对于项目技术需求不满足三个品牌产品或三家供应商的，对需求中个别条款的描述具有倾向性或排斥性提出意见的，采购当事人应明确指出可能涉及的品牌或供应商，否则我单位将不予接收或采纳。 二、开标时间：2026年09月11日 18:00 三、其它补充事宜 四、预算金额：预算金额：0.000000 万元（人民币）,公共安全,,中国政府采购网,,0.0,table,,,,,,,,,,,
浙江省舟山市消防救援支队2024年全市器材装备（救生类）采购项目采购需求征集意见公示,其他公告,/,2026年09月04日 17:40,舟山市,舟山市消防救援支队,浙江省舟山市定海区临城街道海天大道560号,齐先生  17364086917,详见公告正文,详见公告正文,详见公告正文,齐先生,17364086917,,,https://www.ccgp.gov.cn/cggg/zygg/qtgg/202609/t20260904_27271136.htm,2026-09-10 10:10:42,根据《中华人民共和国政府采购法》等有关规定，现对浙江省舟山市消防救援支队2024年全市器材装备（救生类）采购项目进行其他招标，欢迎合格的供应商前来投标。 项目名称：浙江省舟山市消防救援支队2024年全市器材装备（救生类）采购项目项目编号：/项目联系方式：项目联系人：齐先生项目联系电话：17364086917 采购单位联系方式：采购单位：舟山市消防救援支队采购单位地址：浙江省舟山市定海区临城街道海天大道560号采购单位联系方式：齐先生 17364086917  一、采购项目内容1.公示简要情况说明 为确保浙江省舟山市消防救援支队2024年全市器材装备（救生类）采购项目公平、公正，切实维护广大供应商正当利益，经过前期市场需求调查及论证，现将拟定的采购需求（见附件1）进行网上公示，征集供应商意见建议，欢迎广大供应商对采购需求的完整性、合理性、公正性提出具体意见建议。后续支队将对意见建议进行收集、归类、整理，并进一步完善采购需求。意见建议具体采纳情况不再反馈供应商，最终以本项目采购公告和采购文件为准，请供应商及时关注相关采购公告和采购文件。2.反馈时间与方式对本次公示内容存在合理化建议的各供应商须在2026年9月15日17：00（北京时间）前将电子文件发送至邮箱2229606281@qq.com，逾期不予接收。3.提供资料清单3.1营业执照扫描件（盖章）。3.2法定代表人身份证正反面扫描件（盖章），法定代表人如果授权委托人反馈，需提供法定代表人授权书扫描件及法定代表人和被授权人身份证正反面扫描件（盖章）。3.3按照附件2格式的意见建议及证明材料（盖章），PDF版本（盖章）和excel版本应完全一致，若内容不一致，以PDF版本为准。4.其他相关要求4.1供应商提出的意见建议须严格按照附件2格式填写，应当详细具体、理由充分、实事求是，不得有意排斥其他潜在供应商，反馈材料应当写明供应商名称并加盖单位公章，必要时可提供有关证明材料，无盖章意见或意见不具体的将视为无效意见，不列入参考范围。4.2有关专家提出的建议和修改理由必须是真实、有依据的，须出具本人与该项目相关的专业证书扫描件（如政府采购评审专家证书或职称证书、工作证明等），并告知联系电话等通讯方式。4.3共同建立良好的政商交往环境，采购需求公示及后续招标采购期间，支队不接受来访介绍、产品测试、私下交流等行为。采购需求反馈意见均以规定时间内发送到指定邮箱为准。 二、开标时间： 三、其它补充事宜/ 四、预算金额：预算金额：79.055000 万元（人民币）,公共安全,,中国政府采购网,,79.055,table,,,,,,,,,,,
中华人民共和国漳州出入境边防检查站党委会议室无纸化办公系统采购项目（二次）其他,其他公告,ZZBJ2026002-1,2026年09月04日 17:35,芗城区,中华人民共和国漳州出入境边防检查站,福建省漳州市芗城区南昌中路61号,林警官 18005965978,详见公告正文,详见公告正文,详见公告正文,林警官,18005965978,"比价文件（漳州出入境边防检查站党委会议室无纸化办公系统采购项目）二次.doc,比价公告（漳州出入境边防检查站党委会议室无纸化办公系统采购项目）二次.docx","[{""attach_name"": ""比价文件（漳州出入境边防检查站党委会议室无纸化办公系统采购项目）二次.doc"", ""attach_url"": ""https://download.ccgp.gov.cn/oss/download?uuid=CAF1238FCE66F541A1672272CAEAA4""}, {""attach_name"": ""比价公告（漳州出入境边防检查站党委会议室无纸化办公系统采购项目）二次.docx"", ""attach_url"": ""https://download.ccgp.gov.cn/oss/download?uuid=A903F264EE43E779452BEC9C6A0C96""}]",https://www.ccgp.gov.cn/cggg/zygg/qtgg/202609/t20260904_27271536.htm,2026-09-10 10:10:43,根据《中华人民共和国政府采购法》等有关规定，现对漳州出入境边防检查站党委会议室无纸化办公系统采购项目进行其他招标，欢迎合格的供应商前来投标。 项目名称：漳州出入境边防检查站党委会议室无纸化办公系统采购项目项目编号：ZZBJ2026002-1项目联系方式：项目联系人：林警官项目联系电话：18005965978 采购单位联系方式：采购单位：中华人民共和国漳州出入境边防检查站采购单位地址：福建省漳州市芗城区南昌中路61号采购单位联系方式：林警官 18005965978  一、采购项目内容我单位拟对项目名称：漳州出入境边防检查站党委会议室无纸化办公系统采购项目，项目编号：ZZBJ2026002-1 开展比价采购，现邀请符合条件的供应商前来报价。报价须知： 比价方式：请贵公司根据我单位拟制的评比规则进行报价响应，按价格由低到高确认供应商推荐顺序。（二）报价截止时间：2026年9月15日09:00（北京时间）。（三）报价方式：密封报价；一次报出，不得更改。报价人应当在报价截止时间前向我单位送达或邮寄书面密封的响应文件。文件接收地址：福建省漳州市芗城区南昌中路61号（漳州边检站）。（四）报价有效期：90日历日。（五）比价保证金：不收取。（六）响应文件必须包括以下部分，否则报价无效：1、比价响应声明，格式详见比价文件。2、单位负责人授权书（若有），格式详见比价文件。3、资格承诺函，格式详见比价文件。4、有效营业执照复印件，格式详见比价文件。5、产品承诺书，格式详见比价文件。6、其他有关证明材料，格式详见比价文件。7、报价一览表，格式详见比价文件。8、分项报价明细表，格式详见比价文件。（七）出现以下情况之一的，报价无效：1、响应文件内容不完整的；2、超过报价截止时间提交的；3、报价方式不符合须知要求的；4、报价人有弄虚作假或串标、围标等违法行为的；5、响应文件不能实质性响应本项目采购文件要求的。6、报价人被禁止参加政府采购活动的。（八）确定成交供应商原则：比价小组将根据要求对报价人资格进行审核，报价人资格满足比价文件要求且所报价格最低的原则确定成交供应商，并电话通知成交供应商（未成交的供应商原则上不再进行通知）。若所报价格一样，由比价小组投票表决。若参与采购活动的比价供应商不足三家，则本次采购失败，采购单位将重新组织采购或采用其他采购方式进行采购。（九）报价人一旦递交响应文件，即视为认可本比价采购方式及须知的所有内容。（十）联系方式采购单位：漳州出入境边防检查站政治处地  址：漳州市芗城区南昌中路61号（漳州出入境边防检查站）电  话：18005965978联系人：林警官（十一）采购监督联系方式采购政策咨询联系方式：刘警官0596-7091519纪检监督联系方式：贾警官 0596-7091512 二、开标时间：2026年09月15日 17:00 三、其它补充事宜本项目非政府采购项目，本公告涉及政府采购条款规定均不适用于本项目。 四、预算金额：预算金额：15.200000 万元（人民币）,其他,2026-09-15 09:00,中国政府采购网,,15.2,table,,,,,,,,,,,
钦州市政府采购中心关于钦州市消防救援支队2025年目录外灭火救援装备器材采购项目(重)QZZC2026-G1-990262-QZSZ招标文件的预公示,其他公告,,2026年09月04日 17:31,钦州市,钦州市消防救援支队,钦州市蓬莱南大道119号,0777-2367709,详见公告正文,详见公告正文,详见公告正文,温助理,0777-2367709,钦州市消防救援支队2025年目录外灭火救援装备器材采购项目(重)QZZC2026-G1-990262-QZSZ-预公示.docx,"[{""attach_name"": ""钦州市消防救援支队2025年目录外灭火救援装备器材采购项目(重)QZZC2026-G1-990262-QZSZ-预公示.docx"", ""attach_url"": ""https://download.ccgp.gov.cn/oss/download?uuid=600F20EF74E9313EBFCF4477C6C7AB""}]",https://www.ccgp.gov.cn/cggg/zygg/qtgg/202609/t20260904_27271502.htm,2026-09-10 10:10:44,根据《中华人民共和国政府采购法》等有关规定，现对钦州市消防救援支队2025年目录外灭火救援装备器材采购项目（重）进行其他招标，欢迎合格的供应商前来投标。 项目名称：钦州市消防救援支队2025年目录外灭火救援装备器材采购项目（重）项目编号：项目联系方式：项目联系人：温助理项目联系电话：0777-2367709 采购单位联系方式：采购单位：钦州市消防救援支队采购单位地址：钦州市蓬莱南大道119号采购单位联系方式：0777-2367709  一、采购项目内容公示简要情况说明： 各有关供应商、专业人员等若认为意见征求范围的要求存在唯一性或排他性等问题，请于意见递交截止日期当日17时前以书面形式(意见函须加盖公章)向钦州市消防救援支队反映，以便采购人完善招标文件。 如供应商需提交意见函，请携带企业营业执照（或事业单位法人证书）副本复印件（加盖公章，一份）、经办人身份证原件及复印件（加盖公章，一份）提交意见函原件。 意见函应注明联系人和联系方式。专业人员个人请提交意见签名，并附身份证、职称等复印件。 对各有关供应商、专业人员等逾期送达、匿名送达以及其他不符合上述条件的意见函件采购人不予受理。  一、意见征询编号：  2026-xqgs6819879736aca215??? 二、征求意见范围：  供应商资格条件要求、项目需求、评定标准及推荐原则等内容。  三、征求意见递交及接收：1、意见递交时间：  2026-09-07 2、意见递交方式： 书面形式(意见函须加盖公章) 3、意见接收机构：   钦州市消防救援支队(钦州市钦南区蓬莱南大道119号) 4、联系人： 温助理    5、联系电话： 0777-2367709 6、联系邮箱： hqbzknq@163.com四、合格的修改意见和建议书要求五、注意事项：详见附件 二、开标时间： 三、其它补充事宜预算金额600.509万元 四、预算金额：预算金额：0.000000 万元（人民币）,公共安全,,中国政府采购网,,0.0,table,,,,,,,,,,,
浙江省舟山市消防救援支队2024年全市器材装备（救生类）采购项目采购需求征集意见公示,其他公告,/,2026年09月04日 17:28,舟山市,舟山市消防救援支队,浙江省舟山市定海区临城街道海天大道560号,齐先生  17364086917,详见公告正文,详见公告正文,详见公告正文,齐先生,17364086917,"附件1：浙江省舟山市消防救援支队2024年全市器材装备（救生类）采购项目采购需求.xlsx,附件2：反馈表.xlsx","[{""attach_name"": ""附件1：浙江省舟山市消防救援支队2024年全市器材装备（救生类）采购项目采购需求.xlsx"", ""attach_url"": ""https://download.ccgp.gov.cn/oss/download?uuid=BC31EB39E1D58EB1B8433E618D1250""}, {""attach_name"": ""附件2：反馈表.xlsx"", ""attach_url"": ""https://download.ccgp.gov.cn/oss/download?uuid=6EF88F127E4658E8BE10CEB27AA004""}]",https://www.ccgp.gov.cn/cggg/zygg/qtgg/202609/t20260904_27270802.htm,2026-09-10 10:10:45,根据《中华人民共和国政府采购法》等有关规定，现对浙江省舟山市消防救援支队2024年全市器材装备（救生类）采购项目进行其他招标，欢迎合格的供应商前来投标。 项目名称：浙江省舟山市消防救援支队2024年全市器材装备（救生类）采购项目项目编号：/项目联系方式：项目联系人：齐先生项目联系电话：17364086917 采购单位联系方式：采购单位：舟山市消防救援支队采购单位地址：浙江省舟山市定海区临城街道海天大道560号采购单位联系方式：齐先生 17364086917  一、采购项目内容1.公示简要情况说明 为确保浙江省舟山市消防救援支队2024年全市器材装备（救生类）采购项目公平、公正，切实维护广大供应商正当利益，经过前期市场需求调查及论证，现将拟定的采购需求（见附件1）进行网上公示，征集供应商意见建议，欢迎广大供应商对采购需求的完整性、合理性、公正性提出具体意见建议。后续支队将对意见建议进行收集、归类、整理，并进一步完善采购需求。意见建议具体采纳情况不再反馈供应商，最终以本项目采购公告和采购文件为准，请供应商及时关注相关采购公告和采购文件。2.反馈时间与方式对本次公示内容存在合理化建议的各供应商须在2026年9月15日17：00（北京时间）前将电子文件发送至邮箱2229606281@qq.com，逾期不予接收。3.提供资料清单3.1营业执照扫描件（盖章）。3.2法定代表人身份证正反面扫描件（盖章），法定代表人如果授权委托人反馈，需提供法定代表人授权书扫描件及法定代表人和被授权人身份证正反面扫描件（盖章）。3.3按照附件2格式的意见建议及证明材料（盖章），PDF版本（盖章）和excel版本应完全一致，若内容不一致，以PDF版本为准。4.其他相关要求4.1供应商提出的意见建议须严格按照附件2格式填写，应当详细具体、理由充分、实事求是，不得有意排斥其他潜在供应商，反馈材料应当写明供应商名称并加盖单位公章，必要时可提供有关证明材料，无盖章意见或意见不具体的将视为无效意见，不列入参考范围。4.2有关专家提出的建议和修改理由必须是真实、有依据的，须出具本人与该项目相关的专业证书扫描件（如政府采购评审专家证书或职称证书、工作证明等），并告知联系电话等通讯方式。4.3共同建立良好的政商交往环境，采购需求公示及后续招标采购期间，支队不接受来访介绍、产品测试、私下交流等行为。采购需求反馈意见均以规定时间内发送到指定邮箱为准。 二、开标时间： 三、其它补充事宜/ 四、预算金额：预算金额：79.055000 万元（人民币）,公共安全,,中国政府采购网,,79.055,table,,,,,,,,,,,
福建云锋招标有限公司关于华侨大学文科重点实验室提升项目的采购公告,其他公告,YFCG202608092,2026年09月04日 17:26,丰泽区,华侨大学,泉州市丰泽区城华北路269号,刘老师  18659509098,福建云锋招标有限公司,泉州市区温陵路南段178号二楼。,联系人：陈燕玲、饶路生、尤芳芸、李春伟  联系方法：0595-22988718、28131778,陈燕玲、饶路生、尤芳芸、李春伟,0595-22988718、28131778,092公告（定稿）.docx,"[{""attach_name"": ""092公告（定稿）.docx"", ""attach_url"": ""https://download.ccgp.gov.cn/oss/download?uuid=AFBE0A9986942AE5A9431132EAF3E4""}]",https://www.ccgp.gov.cn/cggg/zygg/qtgg/202609/t20260904_27270758.htm,2026-09-10 10:10:46,"福建云锋招标有限公司受华侨大学 委托，根据《中华人民共和国政府采购法》等有关规定，现对华侨大学文科重点实验室提升项目进行其他招标，欢迎合格的供应商前来投标。 项目名称：华侨大学文科重点实验室提升项目项目编号：YFCG202608092（2026CGZXGKBX0057）项目联系方式：项目联系人：陈燕玲、饶路生、尤芳芸、李春伟项目联系电话：0595-22988718、28131778 采购单位联系方式：采购单位：华侨大学采购单位地址：泉州市丰泽区城华北路269号采购单位联系方式：刘老师 18659509098 代理机构联系方式：代理机构：福建云锋招标有限公司代理机构联系人：联系人：陈燕玲、饶路生、尤芳芸、李春伟 联系方法：0595-22988718、28131778代理机构地址： 泉州市区温陵路南段178号二楼。 一、采购项目内容附：采购货物（项目）一览表项目编号：YFCG202608092（2026CGZXGKBX0057） 合同包 品目号 货物名称 数量 单位 技术和服务要求 交货地点 交货时间 标的物行业类型 最高限价（元） 1 1-1 华侨大学文科重点实验室提升项目 1 项 详见“第三章  比选内容及要求” 华侨大学泉州校区 自合同签订之日起60日内完成设备安装、调试、验收，交付使用 制造业 845,139.05  注：1、本项目按合同包整体比选，供应商响应时对所选合同包项目中所有的内容必须完整响应，否则将视为无效响应。2、货物明细及各单项总限价详见第三章 比选内容及要求-第一节 技术和服务要求-第一条“货物清单”。3、本项目不接受进口产品参与响应。 二、开标时间：2026年09月15日 09:00 三、其它补充事宜受华侨大学委托，我司就华侨大学文科重点实验室提升项目进行公开比选，现欢迎国内合格的供应商前来响应。一、项目编号：YFCG202608092（2026CGZXGKBX0057）二、项目名称、数量及服务期：见后附采购货物（项目）一览表三、供应商条件：（须提供的证明资料详见公开比选文件相关条款）（一）供应商应当具备《中华人民共和国政府采购法》第二十二条第一款规定的基本条件。（二）供应商不得被列入“信用中国（www.creditchina.gov.cn）”失信被执行人、重大税收违法案件当事人名单；供应商不得被列入“中国政府采购网（www.ccgp.gov.cn）”政府采购严重违法失信行为记录名单。（三）具备法律、行政法规规定的其他条件。（四）本项目不接受联合体响应。四、公开比选文件发售时间（即购买公开比选文件时间及报名时间）：即日起至2026年9月11日下午18:00时止，节假日除外的上班时间（北京时间，下同），逾期采购代理机构将不接受报名。邮寄购买的以款到我司账户的时间为准。五、公开比选文件售价人民币 200元，报名时提供含有公司名称、联系方式、联系人等必要信息的《供应商报名登记信息表》（详见附件）（若邮购，邮费到付且对邮寄过程中可能发生的延误、缺漏或丢失，采购代理机构概不负责），公开比选文件售后不退换。未按要求购买公开比选文件的供应商其响应文件将被拒绝接收。六、提交响应文件截止时间和地点：响应文件应于2026年9月15日09:00时（北京时间）之前提交到福建云锋招标有限公司文件开启大厅（泉州市温陵南路178号二楼），逾期收到的或不符合规定的响应文件将被拒绝。七、响应文件开启时间：2026年9月15日09:00时（北京时间）。八、响应文件开启地点：福建云锋招标有限公司文件开启大厅（泉州市温陵南路178号二楼）。九、供应商对本次采购活动事项提出疑问的，请在提交响应文件截止时间1个工作日之前，以信函或传真的形式与采购代理机构项目经办人联系。十、供应商认为公开比选文件使自己的权益受到损害的，质疑提交时间应不晚于供应商提交响应文件截止之日前1个工作日以书面形式向采购人或采购代理机构提出质疑；供应商认为比选过程使自己的权益受到损害的，可以在各比选程序环节结束之日后3个工作日内以书面形式向采购人或采购代理机构提出质疑；供应商认为成交结果使自己的权益受到损害的，可以在采购结果公告期限届满后3个工作日内以书面形式向采购人或采购代理机构提出质疑；口头质疑不予接受。采购结果公告期为1个工作日。供应商在规定质疑期内须一次性提出针对同一采购程序环节的质疑。答复时间为收到书面质疑后3个工作日内。十一、公开比选文件如有变更（如：答疑文件、补充通知、延期通知、最高采购限价通知等），采购代理机构将通过发出书面通知（以传真或E-MAIL的形式）或在原信息发布媒体上发布通知，请供应商关注并及时下载。十二、响应有关事宜联系人及方法： 序号 职务分工 联系人 职责范围 联系电话 1 项目经办 饶路生 负责公开比选文件的咨询、答疑等工作 0595-22988718/ 0595-28131778 2 总台 颜程远 负责受理报名、公开比选文件出售（邮寄）等工作。 0595-22988718/ 0595-28131778 3 财务 黄小娟 负责保证金收退，服务费收取等咨询工作 0595-22988718/ 0595-28131778 项目联系邮箱： YFCG2988718@163.com 地址：泉州市区温陵路南段178号二楼  十三、响应保证金、公开比选文件、采购代理服务费缴交账户： 开 户 行 兴业银行泉州分行营业部 账    号 152300100100077663 收款单位 福建云锋招标有限公司 供应商须将相关的费用缴交至上表对应的账号，缴错账号而产生的一切后果由供应商自行承担。  福建云锋招标有限公司2026年9月4日附件：福建云锋招标有限公司供应商报名登记信息表 序号 项目 内容 拟报名合同包 1 报名项目名称     2 公司全称   3 联系人姓名   联系电话及 联系邮箱   4 汇款金额（元） （须附汇款凭证）   汇款日期       四、预算金额：预算金额：84.513905 万元（人民币）",教育培训,,中国政府采购网,,84.513905,table,,,,,,,,,,,
北京师范大学继续教育与教师培训学院打印及平面设计一体化服务采购项目公开比选公告,其他公告,XHTC-FW-2026-1596,2026年09月04日 17:25,北京市,北京师范大学,北京市海淀区新街口外大街19号,陈老师、滕老师zfcg@bnu.edu.cn,新华招标有限公司,北京市海淀区莲花池东路39号西金大厦8层809,吴迪、侯子怡、叶子青 010-63905833（项目报名）；010-63905968（项目咨询）,吴迪、侯子怡、叶子青项目联系电,010-63905833,"获取文件登记表2026-1596.docx,1596采购需求.pdf","[{""attach_name"": ""获取文件登记表2026-1596.docx"", ""attach_url"": ""https://download.ccgp.gov.cn/oss/download?uuid=168B70C144E83F9C0DAECECC63F560""}, {""attach_name"": ""1596采购需求.pdf"", ""attach_url"": ""https://download.ccgp.gov.cn/oss/download?uuid=69213CFD26C436D58BC4EE2094006F""}]",https://www.ccgp.gov.cn/cggg/zygg/qtgg/202609/t20260904_27270720.htm,2026-09-10 10:10:46,新华招标有限公司受北京师范大学 委托，根据《中华人民共和国政府采购法》等有关规定，现对北京师范大学继续教育与教师培训学院打印及平面设计一体化服务采购进行其他招标，欢迎合格的供应商前来投标。 项目名称：北京师范大学继续教育与教师培训学院打印及平面设计一体化服务采购项目编号：XHTC-FW-2026-1596项目联系方式：项目联系人：吴迪、侯子怡、叶子青项目联系电话： 010-63905833/5968 采购单位联系方式：采购单位：北京师范大学采购单位地址：北京市海淀区新街口外大街19号采购单位联系方式：陈老师、滕老师zfcg@bnu.edu.cn 代理机构联系方式：代理机构：新华招标有限公司代理机构联系人：吴迪、侯子怡、叶子青 010-63905833（项目报名）；010-63905968（项目咨询）代理机构地址： 北京市海淀区莲花池东路39号西金大厦8层809 一、采购项目内容 一、项目基本情况1.项目编号：XHTC-FW-2026-1596   2.项目名称：北京师范大学继续教育与教师培训学院打印及平面设计一体化服务采购 3.项目预算金额：90万元最高限价（如有）：90万元（人民币）4.采购需求： 包号 标的名称 数量 简要技术需求 01 北京师范大学继续教育与教师培训学院打印及平面设计一体化服务采购项目 1项  按需下单、即时配送、上门交付、应急服务，全覆盖学院办公、培训、会议、赛事、结业表彰、对外宣传全品类打印及设计服务。具体详见服务需求。 5.合同履行期限：自合同签订生效后开始至双方合同完全履行后截止。6.本项目是否接受联合体响应：□是  √否。二、申请人的资格要求（须同时满足）1.满足《中华人民共和国政府采购法》第二十二条规定；2.参照落实政策需满足的资格要求：2.1 中小企业政策√本项目不专门面向中小企业预留采购份额。□本项目专门面向  □中小 □小微 企业采购。即：提供的货物全部由符合政策要求的中小/小微企业制造、服务全部由符合政策要求的中小/小微企业承接。□本项目预留部分采购项目预算专门面向中小企业采购。对于预留份额，提供的货物由符合政策要求的中小企业制造、服务由符合政策要求的中小企业承接。预留份额通过以下措施进行：    /      。2.2 其它参照落实政策的资格要求（如有）： / 。3.本项目的特定资格要求：√（1）单位负责人为同一人或者存在直接控股、管理关系的不同供应商，不得同时参加本项目的比选；√（2）为本项目提供整体设计、规范编制或者项目管理、监理、检测等服务的供应商，不得参加本项目的比选；√（3）通过“信用中国”网站（www.creditchina.gov.cn）、中国政府采购网（www.ccgp.gov.cn）和国家企业信用信息公示系统（www.gsxt.gov.cn）查询信用记录（截止时间点为提交响应文件时间），被列入失信被执行人、重大税收违法案件当事人名单、政府采购严重违法失信行为记录名单及其他不符合《中华人民共和国政府采购法》第二十二条规定条件的供应商，不得参加本项目的比选。三、获取比选文件1. 获取时间：2026年9月4日至2026年9月11日，每天上午08:30至12：00，下午12:00至16：30（北京时间，法定节假日除外）。2.获取地点：北京市海淀区莲花池东路39号西金大厦8层新华会议中心。3.获取方式：需提供法人授权书原件以及被授权人身份证复印件加盖公章，填写《获取文件登记表》（详见公告附件）。建议采用汇款形式进行报名，请按本公告“其他补充事项”所述账户信息汇款（个人账户汇款需注明单位名称），请您在本公告最下方附件自行下载“获取文件登记表”填写，将获取文件登记表（word文本形式和PDF扫描件）、汇款底单、法定代表人授权书 (加盖公章的彩色PDF扫描件）、被授权人身份证复印件(加盖公章的彩色PDF扫描件）在获取招标文件规定的时间内一起发送至houziyi@xhtc.com.cn，邮件主题为“项目名称+潜在供应商名称”，邮件正文写明潜在供应商联系人和电话。收到上述资料并审核无误后将发放电子版文件，纸质文件请到新华招标有限公司领取。标书款：人民币200元/本，文件售后不退。未从采购代理机构获取文件并登记在案的潜在供应商均无资格参加。。4.售价：￥200.0 元，本公告包含的招标文件售价总和。四、提交响应文件截止时间、开标时间和地点响应文件递交时间：2026年9月28日下午13点30分—14点00分（北京时间），逾期送达或不符合规定的响应文件恕不接受。响应文件递交地点：北京市海淀区莲花池东路39号西金大厦8层新华会议中心。响应截止时间、开标时间：2026年9月28日下午14点00分（北京时间）。开标地点：北京市海淀区莲花池东路39号西金大厦8层新华会议中心。五、公告期限自本公告发布之日起5个工作日。 二、开标时间：2026年09月28日 14:00 三、其它补充事宜1. 本项目公告在中国政府采购网、北京师范大学采购信息网发布。2.本项目非政府采购项目。3.标书款、投标保证金、收款账户信息：递交比选保证金请按如下地址办款：开户单位：新华招标有限公司开户银行：广发银行股份有限公司北京科学园支行帐   号：62325937990212066884.新华招标有限公司邮 编：100036E-mail: wudi@xhtc.com.cn 四、预算金额：预算金额：90.000000 万元（人民币）,教育培训,,中国政府采购网,,90.0,table,,,,,,,,,,,
移动工作站采购项目（二次）采购公告,其他公告,THTC-HR-LDTFC2026001,2026年09月04日 17:25,北京市,zycgr22011902,/,冯老师 010-57305132,天恒招标有限公司,北京市东城区东四十条甲22号南新仓商务大厦B座922,刘艳素、王文静、陈洁、徐梓瑶、刘戈010-53347227、17710393237,刘艳素、王文静、陈洁、徐梓瑶,010-53347227、17710393237,采购文件获取登记表.xls,"[{""attach_name"": ""采购文件获取登记表.xls"", ""attach_url"": ""https://download.ccgp.gov.cn/oss/download?uuid=F37EF6D746580EFAC848908E1B725F""}]",https://www.ccgp.gov.cn/cggg/zygg/qtgg/202609/t20260904_27270716.htm,2026-09-10 10:10:47,天恒招标有限公司受zycgr22011902 委托，根据《中华人民共和国政府采购法》等有关规定，现对移动工作站采购项目进行其他招标，欢迎合格的供应商前来投标。 项目名称：移动工作站采购项目项目编号： THTC-HR-LDTFC2026001项目联系方式：项目联系人：刘艳素、王文静、陈洁、徐梓瑶、刘戈项目联系电话：010-53347227、17710393237 采购单位联系方式：采购单位：zycgr22011902采购单位地址：/采购单位联系方式：冯老师 010-57305132 代理机构联系方式：代理机构：天恒招标有限公司代理机构联系人：刘艳素、王文静、陈洁、徐梓瑶、刘戈010-53347227、17710393237代理机构地址： 北京市东城区东四十条甲22号南新仓商务大厦B座922 一、采购项目内容一、项目基本情况1.项目编号： THTC-HR-LDTFC20260012.项目名称： 移动工作站采购项目（二次） 3.采购方式：便捷询价4.项目预算金额： 39.00 万元（人民币）。5.项目最高限价（如有）：   / 万元（人民币）。6.采购需求： 序号 标的名称 采购标的预算金额（万元） 数量 简要技术需求或服务要求 交货/服务地点 是否接受进口 01 移动工作站采购 39.00 6套 依照技术参数标准采购6套移动工作站。详见第四章采购需求。 采购人指定地点 否  7.合同履行期限：预付款到账后 14 日历天内完成供货、安装调试并通过最终验收。8.本项目不接受联合体应答。二、申请人的资格要求1.满足《中华人民共和国政府采购法》第二十二条规定；2.落实政府采购政策需满足的资格要求：不适用。3.本项目的特定资格要求：（1）通过“信用中国”网站（www.creditchina.gov.cn）和中国政府采购网（www.ccgp.gov.cn）查询信用记录（截止时点为投标截止时间），对近三年内列入失信被执行人、重大税收违法案件当事人、政府采购严重违法失信行为记录名单的供应商，没有资格参加本项目的采购活动；（2）单位负责人为同一人或者存在直接控股、管理关系的不同供应商，不得参加同一合同项下的政府采购活动。三、获取采购文件1.时间：2026年09月04日至 2026 年09月11日，每天上午 9:00 至 12:00 ，下午 13:00 至 17:00 （北京时间，法定节假日除外）。2.地点：天恒招标有限公司业务部 (北京市东城区东四十条甲22号南新仓商务大厦B座922)。3.方式：本项目报名采取电子邮件方式报名。凡有意获取采购文件的供应商，请提供下列有效证件获取采购文件或进一步索取详细信息。如为法定代表人报名请提供法定代表人身份证明文件原件及身份证明文件复印件并加盖公章；如为被授权人报名须提供法定代表人授权委托书原件、被授权人身份证明文件复印件并加盖公章。请将上述文件扫描件、标书费汇款底单、采购文件获取登记表（可编辑版）发送至ywb05@thtc.com.cn。采购文件售后不退。4.售价：500元。四、响应文件提交截止时间： 2026 年09月18日 9 时 30 分（北京时间）。地    点：天恒招标有限公司会议室（北京市东城区东四十条甲22号南新仓商务大厦B座922）。五、开启截止时间： 2026 年09月18日 9 时 30 分（北京时间）。地    点：天恒招标有限公司会议室（北京市东城区东四十条甲22号南新仓商务大厦B座922）。六、公告期限自本公告发布之日起3个工作日。  二、开标时间：2026年09月18日 09:30 三、其它补充事宜1.发布公告的媒介：中国政府采购网。2.标书款、响应保证金收受人信息户名：天恒招标有限公司开户行：兴业银行北京西城支行标书款、响应保证金付款账号：3216801001000501763.响应文件的递交3.1本次采购不接受现场递交响应文件，仅通过邮寄、快递等非现场递交方式接收响应文件。3.2采用非现场方式递交的供应商应在询价文件规定的密封包装外增加较坚固的纸箱外包装，以保证邮寄、快递过程中密封的完整；供应商应做好充分的准备工作及物流状态跟踪，确保响应文件在首次应答截止时间前被代理机构接收，同时承担在邮寄过程中因丢件、派送超时、寄件地址错误等情况导致响应文件未在规定时间内被代理机构接收的风险。代理机构将拒收在首次应答截止时间后送达的响应文件。快递、邮寄费用由供应商自行承担。3.3快递（响应文件）接收时间为：2026年09月04日09：00—2026年09月18日09：30（北京时间）。3.4快递（响应文件）接收截止时间为：2026年09月18日09：30（北京时间）。3.5快递（响应文件）接收指定地点：北京市东城区东四十条甲22号南新仓商务大厦B座922。3.6快递（响应文件）接收人及联系方式：同项目联系人。3.7首次应答截止时间：2026年09月18日09：30。首次响应文件递交（提交）的截止时间同首次应答截止时间。3.8未按询价公告规定的时间和方式获取询价文件的应答，采购人将不予受理。4.询价会议4.1本次评审会议通过企业微信线上平台开展，供应商无需到场。请供应商提前下载软件并了解使用方法，确保线上参会影音设备稳定、连贯、有效（包括但不限于摄像头、语音功能正常的手机、电脑、平板等电子设备，为保证观看效果，建议使用电脑客户端）。4.2每个供应商仅允许1名供应商代表参加询价会议，请各供应商代表于首次递交截止时间前添加我公司工作人员企业微信号（名片后附）（注：此企业微信号对关于评审程序之外的其他问题不予回答）。 四、预算金额：预算金额：39.000000 万元（人民币）,其他,2026-09-18 09:30,中国政府采购网,便捷询价,39.0,table,,,,,,,,,,,
湖州市消防救援支队湖州市德清县消防救援大队2026年物业外包服务项目的采购文件意见征询,其他公告,,2026年09月04日 17:25,湖州市,湖州市消防救援支队,湖州市吴兴区仁皇山街道三环北路3588号,金禹凡，0572-8036860,浙江方圆工程咨询有限公司,杭州市滨江区建业路418号地矿建设大厦A座13楼,"徐润博0571-86627207,13040789001",徐润博,"0571-86627207,13040789001",（意见征询稿）（竞争性磋商文件）湖州市德清县消防救援大队2026年物业外包服务项目.docx,"[{""attach_name"": ""（意见征询稿）（竞争性磋商文件）湖州市德清县消防救援大队2026年物业外包服务项目.docx"", ""attach_url"": ""https://download.ccgp.gov.cn/oss/download?uuid=79DA980E20EEDFB2DB64EF44324622""}]",https://www.ccgp.gov.cn/cggg/zygg/qtgg/202609/t20260904_27270721.htm,2026-09-10 10:10:47,"浙江方圆工程咨询有限公司受湖州市消防救援支队 委托，根据《中华人民共和国政府采购法》等有关规定，现对湖州市德清县消防救援大队2026年物业外包服务项目进行其他招标，欢迎合格的供应商前来投标。 项目名称：湖州市德清县消防救援大队2026年物业外包服务项目项目编号：湖消采-J2026026项目联系方式：项目联系人：徐润博项目联系电话：0571-86627207,13040789001 采购单位联系方式：采购单位：湖州市消防救援支队采购单位地址：湖州市吴兴区仁皇山街道三环北路3588号采购单位联系方式：金禹凡，0572-8036860 代理机构联系方式：代理机构：浙江方圆工程咨询有限公司代理机构联系人：徐润博0571-86627207,13040789001代理机构地址： 杭州市滨江区建业路418号地矿建设大厦A座13楼 一、采购项目内容浙江方圆工程咨询有限公司将于近期就湖州市德清县消防救援大队2026年物业外包服务项目进行竞争性磋商采购。现将有关资格条件公布如下,并公开征求意见。一、意见征询编号：湖消采-J2026026二、征求意见范围：1、是否出现限制资格要求；2、供应商资格条件和项目技术指标是否出现歧视性和倾向性条款；3、影响政府采购“公开、公平、公正”原则的其他情况；4、其他好的意见和建议。三、征求意见递交及接收：1、意见递交截止时间：2026年9月9日17：00时前2、意见递交方式：书面或电子邮件3、意见接收机构：浙江方圆工程咨询有限公司4、意见接收地址：杭州市滨江区建业路418号地矿建设大厦A座13楼5、联系人：徐润博6、联系电话：13040789001、0571-866272077、联系邮箱：669624044@qq.com四、合格的修改意见和建议书要求：1、供应商提出修改意见和建议的，书面材料须加盖单位公章和经法人代表签字确认；是授权代理人签字的，必须出具针对该项目的法人代表授权书及联系电话。2、专家提出修改意见和建议的，须出具本人与该项目相关专业证书复印件及联系电话。3、各供应商及专家提出修改意见和建议内容必须是真实的，并附相关依据，如发现存在提供虚假材料或恶意扰乱政府采购正常秩序的，一经查实将提请有关政府采购管理机构，列入不良行为记录。五、注意事项：各供应商及专家提出修改意见和建议的，请于2026年9月9日17：00时前（节假日除外）将书面材料密封后送至浙江方圆工程咨询有限公司，外地可发电子邮件至669624044@qq.com邮箱,邮件须为盖章、签字后的扫描件。 二、开标时间： 三、其它补充事宜 四、预算金额：预算金额：119.000000 万元（人民币）",公共安全,2026-09-09 17:00,中国政府采购网,,119.0,table,,,,,,,,,,,
V2.0单分区电堆面内CDS采购项目采购公告,其他公告,THTC-HR-RLDC2026038,2026年09月04日 17:25,北京市,zycgr22011902,/,冯老师 010-57305132,天恒招标有限公司,北京市东城区东四十条甲22号南新仓商务大厦B座922,刘艳素、王文静、陈洁、徐梓瑶、刘戈010-53347227、17710393237,刘艳素、王文静、陈洁、徐梓瑶,010-53347227、17710393237,采购文件获取登记表.xls,"[{""attach_name"": ""采购文件获取登记表.xls"", ""attach_url"": ""https://download.ccgp.gov.cn/oss/download?uuid=75AA5EDC9801E349F11A23A5CC94F6""}]",https://www.ccgp.gov.cn/cggg/zygg/qtgg/202609/t20260904_27270711.htm,2026-09-10 10:10:48,天恒招标有限公司受zycgr22011902 委托，根据《中华人民共和国政府采购法》等有关规定，现对V2.0单分区电堆面内CDS采购项目进行其他招标，欢迎合格的供应商前来投标。 项目名称：V2.0单分区电堆面内CDS采购项目项目编号：THTC-HR-RLDC2026038项目联系方式：项目联系人：刘艳素、王文静、陈洁、徐梓瑶、刘戈项目联系电话：010-53347227、17710393237 采购单位联系方式：采购单位：zycgr22011902采购单位地址：/采购单位联系方式：冯老师 010-57305132 代理机构联系方式：代理机构：天恒招标有限公司代理机构联系人：刘艳素、王文静、陈洁、徐梓瑶、刘戈010-53347227、17710393237代理机构地址： 北京市东城区东四十条甲22号南新仓商务大厦B座922 一、采购项目内容一、项目基本情况1.项目编号：THTC-HR-RLDC20260382.项目名称：V2.0单分区电堆面内CDS采购项目3.采购方式：便捷磋商4.项目预算金额：48.00万元（人民币）。5.项目最高限价： / 万元（人民币）。6.采购需求： 序号 标的名称 采购标的预算金额（万元） 数量 简要技术需求或服务要求 交货/服务地点 01 V2.0单分区电堆面内CDS 48.00 1项 包含电流(电流密度)、温度分布测试、数据采集及实时显示功能的设计、制造、试验、供货、安装、培训、工艺调试，及其它现场技术服务。 具体详见第四章采购需求。 甲方指定地点  7.合同履行期限：合同签订后45个工作日内供货。8.本项目不接受联合体投标。二、申请人的资格要求1.满足《中华人民共和国政府采购法》第二十二条规定；2.落实政府采购政策需满足的资格要求：不适用。3.本项目的特定资格要求：（1）通过“信用中国”网站（www.creditchina.gov.cn）和中国政府采购网（www.ccgp.gov.cn）查询信用记录（截止时点为投标截止时间），对近三年内列入失信被执行人、重大税收违法案件当事人、政府采购严重违法失信行为记录名单的供应商，没有资格参加本项目的采购活动；（2）单位负责人为同一人或者存在直接控股、管理关系的不同供应商，不得参加同一合同项下的政府采购活动。 三、获取采购文件1.时间： 2026 年09月04日至 2026 年09月11日，每天上午 9:00 至 12:00 ，下午13:00 至 17:00 （北京时间，法定节假日除外）。2.地点：天恒招标有限公司业务部 (北京市东城区东四十条甲22号南新仓商务大厦B座922)。3.方式：本项目报名采取电子邮件方式报名。有意向的供应商携带下列有效文件购买便捷磋商文件：如为法定代表人报名请提供法定代表人身份证明文件原件及身份证复印件并加盖公章；如为被授权人报名须提供法定代表人授权委托书原件、被授权人身份证复印件并加盖公章。请将上述文件扫描件、标书费汇款底单、采购文件获取登记表（可编辑版）发送至ywb05@thtc.com.cn。便捷磋商文件售后不退。4.售价：500元。四、响应文件提交截止时间： 2026 年09月18日 09 时 30 分（北京时间）。地    点：北京市东城区东四十条甲22号南新仓商务大厦B座922。五、开启截止时间： 2026 年09月18日时 30 分（北京时间）。地    点：北京市东城区东四十条甲22号南新仓商务大厦B座922。六、公告期限自本公告发布之日起3个工作日。 二、开标时间：2026年09月18日 09:30 三、其它补充事宜1.发布公告的媒介：中国政府采购网。2.磋商保证金、标书款收受人信息户名：天恒招标有限公司开户行：兴业银行北京西城支行标书款、保证金付款账号：3216801001000501763.响应文件的递交3.1本次采购不接受现场递交响应文件，仅通过邮寄、快递等非现场递交方式接收响应文件。3.2采用非现场方式递交的供应商应在磋商文件规定的密封包装外增加较坚固的纸箱外包装，以保证邮寄、快递过程中密封的完整；供应商应做好充分的准备工作及物流状态跟踪，确保响应文件在首次应答截止时间前被代理机构接收，同时承担在邮寄过程中因丢件、派送超时、寄件地址错误等情况导致响应文件未在规定时间内被代理机构接收的风险。代理机构将拒收在首次应答截止时间后送达的响应文件。快递、邮寄费用由供应商自行承担。3.3快递（响应文件）接收时间为：2026年09月04日09：00—2026年09月18日09：30（北京时间）。3.4快递（响应文件）接收截止时间为：2026年09月18日09：30（北京时间）。3.5快递（响应文件）接收指定地点：北京市东城区东四十条甲22号南新仓商务大厦B座922。3.6快递（响应文件）接收人及联系方式：同项目联系人。3.7首次应答截止时间：2026年09月18日09：30。首次响应文件递交（提交）的截止时间同首次应答截止时间。3.8未按磋商公告规定的时间和方式获取磋商文件的应答，采购人将不予受理。4.磋商会议4.1本次磋商会议通过企业微信线上平台开展，供应商无需到场。请供应商提前下载软件并了解使用方法，确保线上参会影音设备稳定、连贯、有效（包括但不限于语音功能正常的手机、电脑、平板等电子设备，为保证观看效果，建议使用电脑客户端）。4.2每个供应商仅允许1名供应商代表参加磋商会议，请各供应商代表于首次递交截止时间前添加我公司工作人员企业微信号（名片后附）（注：此企业微信号对关于磋商程序之外的其他问题不予回答）。八、对本次采购提出询问，请按以下方式联系。1.采购人信息名    称：zycgr22011902地    址：/联系方式：冯老师 010-573051322.采购代理机构信息名    称：天恒招标有限公司地    址：北京市东城区东四十条甲22号南新仓商务大厦B座922联系方式：刘艳素、王文静、陈洁、徐梓瑶、刘戈010-53347227、177103932373.项目联系方式项目联系人：刘艳素、王文静、陈洁、徐梓瑶、刘戈电      话：010-53347227、17710393237   邮      箱：ywb05@thtc.com.cn 四、预算金额：预算金额：48.000000 万元（人民币）,其他,2026-09-18 09:30,中国政府采购网,便捷磋商,48.0,table,,,,,,,,,,,
四川省消防救援总队遂行能力提升项目技术参数公示公告其他,其他公告,,2026年09月04日 17:23,四川省,四川省消防救援总队,四川省成都市金牛区迎宾大道518号,熊先生，13982517119,详见公告正文,详见公告正文,详见公告正文,熊先生,13982517119,四川省消防救援总队遂行能力提升项目技术参数(1).docx,"[{""attach_name"": ""四川省消防救援总队遂行能力提升项目技术参数(1).docx"", ""attach_url"": ""https://download.ccgp.gov.cn/oss/download?uuid=06A0990F1E78E050A28D06E376ECAB""}]",https://www.ccgp.gov.cn/cggg/zygg/qtgg/202609/t20260904_27270667.htm,2026-09-10 10:10:49,根据《中华人民共和国政府采购法》等有关规定，现对四川省消防救援总队遂行能力提升项目技术参数公示公告进行其他招标，欢迎合格的供应商前来投标。 项目名称：四川省消防救援总队遂行能力提升项目技术参数公示公告项目编号：项目联系方式：项目联系人：熊先生项目联系电话：13982517119 采购单位联系方式：采购单位：四川省消防救援总队采购单位地址：四川省成都市金牛区迎宾大道518号采购单位联系方式：熊先生，13982517119  一、采购项目内容四川省消防救援总队遂行能力提升项目技术参数公示公告 相关采购当事人：四川省消防救援总队现拟实施遂行能力提升项目，已基本确定项目采购需求，为保障政府采购各方当事人的合法权益及采购程序的公开、公平、公正，现对灭火能力提升项目和遂行能力提升项目技术参数进行公示，广泛征集各方意见。意见征求时间自2026年9月7日10：00至2026年9月16日10:00。联系人及电话：熊先生，13982517119；邮箱：471261146@qq.com。采购当事人提出的《XX项目技术需求的修改建议书》应符合以下条件，否则不予接收或采纳：1、在意见征求有效期内提出，提供联系人及联系电话，以加盖单位公章的书面方式送达我单位（也可将加盖公章材料的扫描件和word/Excel原文档发送至邮箱471261146@qq.com）。逾期送达、匿名送达以及其他不符合上述条件的意见函件我单位不予接收。2、对于项目技术需求不满足三个品牌产品或三家供应商的，对需求中个别条款的描述具有倾向性或排斥性提出意见的，采购当事人应明确指出可能涉及的品牌或供应商，否则我单位将不予接收或采纳。 二、开标时间：2026年09月16日 10:00 三、其它补充事宜 四、预算金额：预算金额：0.000000 万元（人民币）,公共安全,,中国政府采购网,,0.0,table,,,,,,,,,,,
南开大学八里台校区外国语学院考试用房装修改造工程（项目编号：NK2026G041）采购公告,其他公告,NK2026G041,2026年09月04日 17:23,天津市,南开大学,天津市南开区卫津路94号,满老师、王老师022-23508050,天津倚天工程咨询有限公司,天津市河西区环岛西路公建别墅5号“导航搜索倚天机构”,尹宝媛、佟丽萍、徐珊珊、付维13212109363/15022718068/18526100791/15620928155,尹宝媛、佟丽萍、徐珊珊、付维项,13212109363,,,https://www.ccgp.gov.cn/cggg/zygg/qtgg/202609/t20260904_27270661.htm,2026-09-10 10:10:50,天津倚天工程咨询有限公司受南开大学 委托，根据《中华人民共和国政府采购法》等有关规定，现对南开大学八里台校区外国语学院考试用房装修改造工程进行其他招标，欢迎合格的供应商前来投标。 项目名称：南开大学八里台校区外国语学院考试用房装修改造工程项目编号：NK2026G041项目联系方式：项目联系人：尹宝媛、佟丽萍、徐珊珊、付维项目联系电话：13212109363/15022718068/18526100791/15620928155 采购单位联系方式：采购单位：南开大学采购单位地址：天津市南开区卫津路94号采购单位联系方式：满老师、王老师022-23508050 代理机构联系方式：代理机构：天津倚天工程咨询有限公司代理机构联系人：尹宝媛、佟丽萍、徐珊珊、付维13212109363/15022718068/18526100791/15620928155代理机构地址： 天津市河西区环岛西路公建别墅5号“导航搜索倚天机构” 一、采购项目内容根据南开大学相关规定，天津倚天工程咨询有限公司受南开大学的委托，拟对南开大学八里台校区外国语学院考试用房装修改造工程开展采购活动，兹邀请符合要求的供应商参加投标（响应）。一、项目基本情况1.项目编号：NK2026G041。2.项目名称：南开大学八里台校区外国语学院考试用房装修改造工程3.采购方式：学校自行采购（招标-快速采购-电子标，非政府采购）。4.预算：560580元人民币；最高限价（招标控制价）：560580元人民币5.项目实施地点：南开大学八里台校区。6.合同履行期限（计划工期）：自合同签订后30日内。7.采购需求：本工程为南开大学八里台校区外国语学院考试用房装修改造工程。主要内容包括417、418、419、420、319教室内部修缮改造，将原有房间改造成为符合雅思机考、托福机考的考场。本工程施工范围包括施工图纸、采购文件、工程量清单涉及的全部内容，图纸与采购文件不一致的地方，以采购文件为准。二、供应商资格要求1.供应商须具有独立法人资格，具备营业执照或事业单位法人证书或民办非企业单位登记证书或社会团体法人登记证书或基金会法人登记证书；2.供应商须具有良好的商业信誉和健全的财务会计制度；3.供应商须具有履行合同所必需的设备和专业技术能力；4.供应商须具有依法缴纳税收和社会保障资金的良好记录；5.供应商参加本次采购活动前3年内，须在经营活动中没有重大违法记录；6.供应商未被列入失信被执行人、重大税收违法案件当事人名单、政府采购严重违法失信行为记录名单；7.本项目不接受联合体参与投标（响应）；8.不存在“单位负责人为同一人或者存在直接控股、管理关系的不同供应商同时参加同一合同项下采购项目”的情形；不属于为本项目提供整体设计、规范编制或者项目管理、监理、检测等服务的供应商；不属于采购人不具独立法人资格的附属机构（单位），或者为本项目的前期准备或者监理工作提供设计、咨询服务的任何法人及其任何附属机构（单位）；9.本项目专门面向中小企业采购，供应商须提供《中小企业声明函》或监狱企业证明文件或《残疾人福利性单位声明函》；10.供应商须具备建筑工程施工总承包三级及以上资质，需提供有效资质证书;11.供应商须具备有效的安全生产许可证；12.供应商须配备项目经理（项目负责人）1名：应具有建设行政主管部门颁发的建筑工程专业二级及以上注册建造师证书，无在建工程项目，具备5年以上施工现场管理工作经历，且为该供应商职工，供应商须按照本文件要求提供相关证明材料。三、采购文件获取1.时间：2026年9月5日至2026年9月9日16:00时2.方式：登录南开大学招投标管理办公室网站（网址：https://nkzbb.nankai.edu.cn），在“供应商注册”端口注册成功后，通过“校外用户”端口报名参加本项目采购活动，报名成功后在线下载采购文件。供应商应保证注册报名信息的真实、准确、完整。3.售价：0元。四、投标（响应）文件的提交与解密供应商须通过南开大学采购招标管理信息平台（简称“系统”，登录https://nkzbb.nankai.edu.cn，点击页面右侧校外用户登录）进行网上投标（响应）。参与采购活动的供应商须按系统提示办理CA证书，并使用 CA 证书通过系统上传电子投标（响应）文件。请供应商根据自身互联网网速和稳定性等多种因素，尽量提前登录系统，确保提交电子投标（响应）文件、解密等操作在规定时间内完成。一）文件提交1.提交时间：2026年9月16日8：30前完成提交。逾期提交文件系统不予接收。2.提交方式：供应商按要求使用CA证书，通过系统上传加密后的电子投标（响应）文件。除此之外，本项目不接受以其他方式提交的投标（响应）文件。二）文件解密1.解密时间：2026年9月16日8：30开始解密，2026年9月16日9:00前完成解密。逾期未解密的投标（响应）文件，不能进入开标和评审流程。2.解密方式：供应商应通过互联网在线操作完成电子投标（响应）文件的解密和报价展示。三）评审时间：2026年9月16日9:00。四）评审地点：天津倚天工程咨询有限公司（天津市河西区环岛西路公建别墅5号“导航搜索倚天机构”）五、注意事项1.本采购项目通过南开大学采购招标管理信息平台发布采购文件的澄清、修改等内容，信息一经发布，即视为送达，供应商须及时接收和查阅相关信息，未按要求及时查阅的自行承担相应后果。在评审过程中，供应商应保持网络和通讯畅通，因网络和通讯不畅造成的一切后果由供应商自行承担。2.参与采购活动的供应商须按相关程序办理CA证书和安装投标（响应）文件编制工具、CA证书驱动、签章软件后方可在系统上传投标（响应）文件。详细操作说明见系统中的《供应商操作手册》（登录系统后可查看）。3.本项目推荐使用的浏览器为：IE10及以上的版本浏览器、360浏览器兼容模式、搜狗浏览器兼容模式。4.系统使用过程中遇到技术问题可拨打系统技术支持电话400-808-5975转2。5.法定代表人或单位负责人为同一个人或者存在直接控股、管理关系的不同供应商，不得同时参与本采购项目。如发现同时报名参与的情形，评审时将同时被拒绝。6.供应商若出现《南开大学采购招标供应商管理办法》中规定的不良行为的，将列入“不良行为名单”，禁止三年内参与学校自采项目的采购招标活动。 二、开标时间：2026年09月16日 08:30 三、其它补充事宜 四、预算金额：预算金额：56.058000 万元（人民币）,教育培训,,中国政府采购网,学校自行采购（招标-快速采购-电子标,56.058,table,,,,,,,,,,,
漳平市消防救援大队食堂食品配送项目,其他公告,,2026年09月04日 17:21,漳平市,漳平市消防救援大队,漳平市桂林街道和平南路198号,丘建辉   0597-7832790,福建金业建设发展有限公司,漳平市菁城街道和平中路497号,黄银钐   0597-7533919,黄银钐,0597-7533919,,,https://www.ccgp.gov.cn/cggg/zygg/qtgg/202609/t20260904_27270636.htm,2026-09-10 10:10:50,一、项目基本情况 采购项目编号：金业漳采字（2026）0807号 采购项目名称：漳平市消防救援大队食堂食品配送项目 二、项目废标/流标的原因 因提交响应文件的供应商不足3家，故本项目流标。 三、其他补充事宜 无 四、凡对本次公告内容提出询问，请按以下方式联系。 1.采购人信息 名 称：漳平市消防救援大队 地址：漳平市桂林街道和平南路198号 联系方式：丘建辉 0597-7832790 2.采购代理机构信息 名 称：福建金业建设发展有限公司 地 址：漳平市菁城街道和平中路497号 联系方式：黄银钐 0597-7533919 3.项目联系方式 项目联系人：黄银钐 电 话： 0597-7533919,公共安全,,中国政府采购网,,,default,二、项目废标/流标的原因,,,,,,,,,,
中山大学附属口腔医院越秀院区医疗废物处置服务项目实行单一来源采购方式的公示,其他公告,0724-2631Z3475808,2026年09月04日 17:18,广州市,中山大学附属口腔医院,广东省广州市越秀区陵园西路17号广联礼堂办公楼106,詹老师020-83802806,国义招标股份有限公司,广州市东风东路726号18楼,罗梓慧、叶琳、吴佳耿、李家荣、020-37861060/020-37860523/020-37860540/020-37860539,罗梓慧、叶琳、吴佳耿、李家荣,020-37861060,单一来源论证（公示）.pdf,"[{""attach_name"": ""单一来源论证（公示）.pdf"", ""attach_url"": ""https://download.ccgp.gov.cn/oss/download?uuid=42F20251D1E2718315B2B1771F7A6C""}]",https://www.ccgp.gov.cn/cggg/zygg/qtgg/202609/t20260904_27270581.htm,2026-09-10 10:10:51,"国义招标股份有限公司受中山大学附属口腔医院 委托，根据《中华人民共和国政府采购法》等有关规定，现对中山大学附属口腔医院越秀院区医疗废物处置服务项目进行其他招标，欢迎合格的供应商前来投标。 项目名称：中山大学附属口腔医院越秀院区医疗废物处置服务项目项目编号：0724-2631Z3475808项目联系方式：项目联系人：罗梓慧、叶琳、吴佳耿、李家荣、詹老师项目联系电话：020-37861060/020-37860523/020-37860540/020-37860539/(020)83802806 采购单位联系方式：采购单位：中山大学附属口腔医院采购单位地址：广东省广州市越秀区陵园西路17号广联礼堂办公楼106采购单位联系方式：詹老师020-83802806 代理机构联系方式：代理机构：国义招标股份有限公司代理机构联系人：罗梓慧、叶琳、吴佳耿、李家荣、020-37861060/020-37860523/020-37860540/020-37860539代理机构地址： 广州市东风东路726号18楼 一、采购项目内容1、项目信息采购人：中山大学附属口腔医院项目名称：中山大学附属口腔医院越秀院区医疗废物处置服务项目拟采购的货物或服务的说明： 标的名称 服务期限 采购预算 医疗废物处理费单价最高限价 （含增值税） 专车收运费单价最高限价 （含增值税） 越秀院区医疗废物处置服务 自合同签订之日起2年 人民币1,680,000.00元 4.61元/公斤 700元/车次 拟采购的货物或服务的预算金额：1,680,000.00元采用单一来源采购方式的原因及说明:只能从唯一供应商处采购的。本项目于2026年08月14日在中国政府采购网发布招标公告，截至规定的投标截止时间止，仅有广东生活环境无害化处理中心有限公司递交了投标文件，根据政府采购法相关规定，该项目采购失败。同时由于广东生活环境无害化处理中心有限公司是广州市内本项目服务地点所属区域唯一符合医疗废物处置要求且具备相应资质的承接单位，根据《中华人民共和国政府采购法》第三十一条的规定，现通过单一来源方式向广东生活环境无害化处理中心有限公司采购相关服务。2、拟定供应商信息名称：广东生活环境无害化处理中心有限公司地址：广东省广州市白云区钟落潭镇光明村石牙路1号3、公示期限2026年09月04日至2026年09月11日 二、开标时间： 三、其它补充事宜无。 四、预算金额：预算金额：168.000000 万元（人民币）",医疗卫生,,中国政府采购网,,168.0,table,,,,,,,,,,,
成方金融信息技术服务有限公司 2026年云平台华三交换机采购项目成交公告,其他公告,0747-2660SCCZNT52,2026年09月04日 17:18,北京市,成方金融信息技术服务有限公司,不详,1,成方金融信息技术服务有限公司,不详,13811533971,王晓烨,010-83923578,,,https://www.ccgp.gov.cn/cggg/zygg/qtgg/202609/t20260904_27270682.htm,2026-09-10 10:10:51,"一、项目编号：0747-2660SCCZNT52 二、项目名称：成方金融信息技术服务有限公司2026年云平台华三交换机采购项目 三、成交信息 成交供应商名称：北京东方国信科技股份有限公司 成交供应商地址：北京市朝阳区创达三路1号院1号楼7层101 成交金额：￥2,701,754.00元 四、主要标的信息 名称：交换机（含7年维保） 品牌：H3C 规格型号：H3C S6850-56HF-G 数量：22台 单价：￥122,807.00元 五、单一来源采购人员名单：刘建文、张泉、顾艾 六、代理服务收费标准及金额： 收费标准：成交供应商在领取成交通知书的同时，向采购代理机构缴纳代理服务费1万元。 本项目代理服务费总金额：1万元 七、公告期限 自本公告发布之日起1个工作日。 八、其他补充事宜 无 九、凡对本次公告内容提出询问，请按以下方式联系 1.采购人信息 名 称：成方金融信息技术服务有限公司 地址：北京市西城区百盛北楼四层 联系方式：顾老师 010-82186615 成方金信纪委办公室举报邮箱：cfjxjd@cfid.cn 联系人及电话：薛女士 010-82186606。 2.采购代理机构信息 名称：中化商务有限公司 地址：北京市丰台区丽泽路24号平安幸福中心B座23层 联系方式：王晓烨、曹颖、刘畅、王毕申010-83923578 3.项目联系方式 项目联系人：王晓烨 电 话：010-83923578 十、附件：采购文件 a {color: #337ab7;text-decoration: none;transition: 0.5 s;background-color: transparent; a:focus,a:hover {text-decoration: none;color: #23527c;} a:focus {outline: 5px auto -webkit-focus-ring-color;outline-offset: -2px;} a:active, a:hover {outline: 0;} 相关附件： NT52 采购文件 2026年云平台华三交换机采购项目 260814 发售稿.pdf",市政交通,,中国政府采购网,,0.03696,table_suspicious,,,,,,,,,,,
中华人民共和国港珠澳大桥出入境边防检查站电子机读旅行证件数字安全系统采购项目单一来源采购公示,其他公告,DQBJ-2026-25,2026年09月04日 17:18,香洲区,中华人民共和国港珠澳大桥出入境边防检查站,广东省珠海市香洲区港珠澳大桥珠海公路口岸西澳一街296号港珠澳大桥边检站1号楼,林杨高  0756-8160936,详见公告正文,详见公告正文,详见公告正文,罗警官,07568160860,单一来源论证报告.pdf,"[{""attach_name"": ""单一来源论证报告.pdf"", ""attach_url"": ""https://download.ccgp.gov.cn/oss/download?uuid=DD7E18BA253DAADE20FF27DD859B18""}]",https://www.ccgp.gov.cn/cggg/zygg/qtgg/202609/t20260904_27271286.htm,2026-09-10 10:10:52,根据《中华人民共和国政府采购法》等有关规定，现对中华人民共和国港珠澳大桥出入境边防检查站电子机读旅行证件数字安全系统采购项目进行其他招标，欢迎合格的供应商前来投标。 项目名称：中华人民共和国港珠澳大桥出入境边防检查站电子机读旅行证件数字安全系统采购项目项目编号：DQBJ-2026-25项目联系方式：项目联系人：罗警官项目联系电话：07568160860 采购单位联系方式：采购单位：中华人民共和国港珠澳大桥出入境边防检查站采购单位地址：广东省珠海市香洲区港珠澳大桥珠海公路口岸西澳一街296号港珠澳大桥边检站1号楼采购单位联系方式：林杨高 0756-8160936  一、采购项目内容（一）项目名称：中华人民共和国港珠澳大桥出入境边防检查站电子机读旅行证件数字安全系统采购项目（二）采购人：中华人民共和国港珠澳大桥出入境边防检查站（三）采购预算（元）：340000.00（四）拟采购的货物或者服务的说明为进一步夯实港珠澳大桥出入境边防检查站系统安全稳定运行的硬件基础，切实保障通关模式的安全顺畅，拟采购2套电子机读旅行证件数字安全系统。（五）采用单一来源采购方式的原因及相关说明我国签发的电子机读旅行证件基于我国特有密钥加密制作，目前边检机关对芯片内容的读写依赖电子机读旅行证件数字安全系统特定的加解密方法，属于特定领域，目前只能从唯一供应商北京中盾安全科技集团有限公司采购，从系统研发的安全性、延续性考虑，本项目只能采用单一来源采购方式，从北京中盾安全科技集团有限公司采购该设备及相关服务。（六）专家论证意见我国签发的电子机读旅行证件基于我国特有密钥加密制作，目前边检机关对芯片内容的读写依赖电子机读旅行证件数字安全系统特定的加解密方法，属于特定领域，目前只能从唯一供应商北京中盾安全科技集团有限公司采购，从系统研发的安全性、延续性考虑，本项目只能采用单一来源采购方式，从北京中盾安全科技集团有限公司采购该设备及相关服务。（七）拟定唯一供应商供应商名称：北京中盾安全科技集团有限公司         地址：北京市海淀区首体南路1号（八）公示期：2026年09月4日—2026年09月11日 二、开标时间：2026年09月11日 17:30 三、其它补充事宜本公告开标时间为公示期截止时间。 四、预算金额：预算金额：34.000000 万元（人民币）,市政交通,,中国政府采购网,,34.0,table,,,,,,,,,,,
辽宁省消防救援总队消防装备提升工程项目市场调研公告,其他公告,,2026年09月04日 17:14,辽宁省,辽宁省消防救援总队,辽宁省沈阳市皇姑区松花江街8号,李晓东18940473716,详见公告正文,详见公告正文,详见公告正文,李晓东,18940473716,"附件1：车辆装备需求调查明细.xls,附件1：车辆装备需求调查明细.xls,附件3：需求调查汇总表.xlsx,附件2：需求调查表.doc,附件2：需求调查表.doc,附件3：需求调查汇总表.xlsx","[{""attach_name"": ""附件1：车辆装备需求调查明细.xls"", ""attach_url"": ""https://download.ccgp.gov.cn/oss/download?uuid=1D9DEDC89C0AF0F7D7D1D5E2E14699""}, {""attach_name"": ""附件1：车辆装备需求调查明细.xls"", ""attach_url"": ""https://download.ccgp.gov.cn/oss/download?uuid=F4050443D55D332AABB7185945AA61""}, {""attach_name"": ""附件3：需求调查汇总表.xlsx"", ""attach_url"": ""https://download.ccgp.gov.cn/oss/download?uuid=EE53886407955BD7442631A24F0EE5""}, {""attach_name"": ""附件2：需求调查表.doc"", ""attach_url"": ""https://download.ccgp.gov.cn/oss/download?uuid=CC42AC7A3D5C8F621C7119FC4CE18F""}, {""attach_name"": ""附件2：需求调查表.doc"", ""attach_url"": ""https://download.ccgp.gov.cn/oss/download?uuid=34E0E221750EEB447B1FE3F9FB844A""}, {""attach_name"": ""附件3：需求调查汇总表.xlsx"", ""attach_url"": ""https://download.ccgp.gov.cn/oss/download?uuid=D8024D0EDFB7556808625FE84C9886""}]",https://www.ccgp.gov.cn/cggg/zygg/qtgg/202609/t20260904_27270426.htm,2026-09-10 10:10:53,根据《中华人民共和国政府采购法》等有关规定，现对辽宁省消防救援总队消防装备提升工程项目市场调研公告进行其他招标，欢迎合格的供应商前来投标。 项目名称：辽宁省消防救援总队消防装备提升工程项目市场调研公告项目编号：项目联系方式：项目联系人：李晓东项目联系电话：18940473716 采购单位联系方式：采购单位：辽宁省消防救援总队采购单位地址：辽宁省沈阳市皇姑区松花江街8号采购单位联系方式：李晓东18940473716  一、采购项目内容各消防装备供应商：结合消防装备部门采购实际，为全面了解器材装备市场情况，作为消防车辆装备建设参考及依据，特发布此调研公告，调研成熟的、新研发的器材装备市场信息，包括：供应商及生产商、市场报价、技术性能、检测报告（工信部公告）以及认证文件等，具体调研公告内容如下：一、供应（生产）商资质各供应（生产）商资质应符合政府采购法、政府采购实施条例等相关法律、法规中明确规定的资质要求。二、消防装备调研范围适合消防救援队伍综合救援需要的救援车辆、个人防护等各类器材装备，以及通信等专业救援装备。“器材装备调研明细及简要需求”见附件1和附件2。三、消防装备调研信息反馈时间自发布调研公告之日起，至2026年9月10日止。四、消防装备市场调研信息反馈方式1.各供应（生产）商按照调研公告中的格式要求，将消防装备产品信息以电子邮件方式，发送至capflxd@163.com邮箱。2.消防装备市场调研信息需反馈询价单、产品技术性能文件、图片、检测报告、认证文件等材料，其他能够体现消防装备产品市场信息的相关文件。其中：询价单按照调研公告中格式要求提供，其他材料采用word、PDF等电子版格式提供。3.器材装备询价单格式见附件2。询价单需盖供应（生产）商公章后扫描为PDF格式提供。五、消防装备市场调研信息反馈整理要求为便于后期调研信息整理、参考，请各供应（生产）商按照以下要求整理相关反馈信息。各供应（生产）商提供的所有产品信息整理为一个文件夹，文件夹名称以“供应（生产）商名称”命名；供应（生产）商文件夹中反馈的各类装备信息以“XX厂家-XX装备名称”命名，每种装备一个子文件夹；每种装备子文件夹中按照所提供的信息，各文件以“XX装备-XX文件”命名。六、市场调研公告联系电话李先生：18940473716在此，感谢市场各供应（生产）商对辽宁省消防救援总队消防装备提升工程项目工作的支持，积极投递消防装备产品调研信息。特此公告。附件：消防车辆装备市场调研信息明细及反馈模板 二、开标时间： 三、其它补充事宜 四、预算金额：预算金额：0.000000 万元（人民币）,公共安全,,中国政府采购网,,0.0,table,,,,,,,,,,,
中国科学院行政管理局房屋公开招租公告（2026年第三批）,其他公告,,2026年09月04日 17:11,海淀区,中国科学院行政管理局,北京市海淀区中关村南三街科行大厦15号,联系人：林老师 联系方式：010-62582340,详见公告正文,详见公告正文,详见公告正文,林老师,010-62582340,,,https://www.ccgp.gov.cn/cggg/zygg/qtgg/202609/t20260904_27270397.htm,2026-09-10 10:10:53,根据《中华人民共和国政府采购法》等有关规定，现对中国科学院行政管理局房屋公开招租公告（2026年第三批）进行其他招标，欢迎合格的供应商前来投标。 项目名称：中国科学院行政管理局房屋公开招租公告（2026年第三批）项目编号：项目联系方式：项目联系人：林老师项目联系电话：010-62582340 采购单位联系方式：采购单位：中国科学院行政管理局采购单位地址：北京市海淀区中关村南三街科行大厦15号采购单位联系方式：联系人：林老师 联系方式：010-62582340  一、采购项目内容根据工作计划，中国科学院行政管理局拟开展北京市海淀区中关村南三街15号科行大厦8层房屋公开招租工作，现向社会公开邀请合格承租人参加综合评审。一、房屋基本情况（一）位置及面积：北京市海淀区中关村南三街15号科行大厦8层，建筑面积646.98平方米。   规划用途：综合楼（办公），不得从事化工、易燃易爆、噪音污染、违规培训、棋牌赌博等影响周边环境及违法违规经营活动，不得擅自改变房屋用途。承租人自行办理营业执照、消防、卫生等全部手续，承担经营安全、消防安全全部责任。承租人报名代表认可房屋实际现状、产权用途等情况。二、租金及租期（一）租金底价：866662元/年，意向承租人报价不得低于租金底价，否则视为无效报价。本项目共1个包，意向承租人可以对上述一个包件进行报价，不得只报价此包件中的一部分，否则将被视为不完整的报价而予以拒绝。（二）租赁期限：自起租日起5年，租赁期限内不允许擅自转租、转借。三、招租文件要求项目具体要求详见《房屋公开招租综合评审文件》。四、综合评审文件获取本项目综合评审文件仅提供纸质材料，意向承租人被授权代表需现场提交单位营业执照复印件（加盖单位公章）、法定代表人授权委托书（加盖单位公章）、被委托人身份证复印件（加盖单位公章）；自然人提交身份证复印件。材料齐全且符合要求的，方可领取本项目综合评审文件，逾期未领取的，视为自动放弃报名资格。时间：2026年9月8日下午17：00截止领取文件，逾期不再接受领取申请。地点：北京市海淀区中关村南三街15号科行大厦联系人：林老师联系方式：010-62582340 现场踏勘踏勘需提前预约。每家意向承租人可派1-2名被授权代表现场踏勘，授权材料与报名材料要求一致。 二、开标时间：2026年09月11日 17:10 三、其它补充事宜 四、预算金额：预算金额：0.000000 万元（人民币）,教育培训,,中国政府采购网,,0.0,table,,,,,,,,,,,
国家粮食和物资储备局设计院综合楼安全隐患整改项目（保护性维修）施工中标结果公告,其他公告,HBSJ-202607FJ-159001001,2026年09月04日 17:03,湖北省,国家粮食和物资储备局设计院,武汉市江岸区沿江大道158号,宋女士、15927625832,武汉武咨招标代理有限公司,武汉市江岸区兰陵路1号武咨大厦,杨冠男、程洋、邝欢 027-82794909、13125095509,杨冠男、程洋、邝欢,027-82794909、13125095509,,,https://www.ccgp.gov.cn/cggg/zygg/qtgg/202609/t20260904_27270175.htm,2026-09-10 10:10:54,一、项目基本情况 采购项目编号：HBSJ-202607FJ-159001001 采购项目名称：综合楼安全隐患整改项目（保护性维修）施工 二、项目废标/流标的原因 / 三、其他补充事宜 综合楼安全隐患整改项目（保护性维修）施工(HBSJ-202607FJ-159001001)施工类招标 中标结果公告 招标编号：HBSJ-202607FJ-159001001     综合楼安全隐患整改项目（保护性维修）施工（招标项目名称）综合楼安全隐患整改项目（保护性维修）施工（标段名称）于2026年09月01日在湖北省电子招标投标交易平台（网址：www.hbbidcloud.cn）、湖北省公共资源交易电子服务系统（网址：www.hbggzyfwpt.cn）（媒介名称）上发布了评标结果公示，公示期为2026年09月01日至2026年09月03日。招标人已经依法确定中标人并对本次招标的中标结果予以公告： 中标人 中标价(元) 其他 湖北建科国际工程有限公司 2843231.210000 /       需要说明的其他事项：/     招标人：国家粮食和物资储备局设计院   地址：武汉市江岸区沿江大道158号   邮编：430000   联系人：宋女士   电话：15927625832   招标代理机构：武汉武咨招标代理有限公司   地址：江岸区兰陵路1号   邮编：430000   联系人：杨冠男、程洋、邝欢   电话：13125095509   行政监督部门：江岸区自然资源和城乡建设局   电话：027-59512516   四、凡对本次公告内容提出询问，请按以下方式联系。 1.采购人信息 名 称：国家粮食和物资储备局设计院 地址：武汉市江岸区沿江大道158号 联系方式：宋女士、15927625832 2.采购代理机构信息 名 称：武汉武咨招标代理有限公司 地 址：武汉市江岸区兰陵路1号武咨大厦 联系方式：杨冠男、程洋、邝欢 027-82794909、13125095509 3.项目联系方式 项目联系人：杨冠男、程洋、邝欢 电 话： 027-82794909、13125095509,工程建设,,中国政府采购网,,,default,二、项目废标/流标的原因,,,,,,,,,,
通州湾江海联动开发示范区消防救援大队物业服务项目比选公告,其他公告,YYZC-202607090101,2026年09月04日 16:56,南通通州湾示范区,南通市通州湾江海联动开发示范区消防救援大队,南通市通州湾江海联动开发示范区珠海路119号消防救援大队,郑双0513-86109563,江苏缘扬正采招标代理有限公司,南通市崇川区崇川路79号国际青创园1号楼,徐女士0513-85698089,郑双,0513-86109563,项目需求.pdf,"[{""attach_name"": ""项目需求.pdf"", ""attach_url"": ""https://download.ccgp.gov.cn/oss/download?uuid=716B0369C6F4041CA87B2430C5FA47""}]",https://www.ccgp.gov.cn/cggg/zygg/qtgg/202609/t20260904_27270055.htm,2026-09-10 10:10:54,江苏缘扬正采招标代理有限公司受南通市通州湾江海联动开发示范区消防救援大队 委托，根据《中华人民共和国政府采购法》等有关规定，现对通州湾江海联动开发示范区消防救援大队物业服务项目进行其他招标，欢迎合格的供应商前来投标。 项目名称：通州湾江海联动开发示范区消防救援大队物业服务项目项目编号：YYZC-202607090101项目联系方式：项目联系人：郑双项目联系电话：0513-86109563 采购单位联系方式：采购单位：南通市通州湾江海联动开发示范区消防救援大队采购单位地址：南通市通州湾江海联动开发示范区珠海路119号消防救援大队采购单位联系方式：郑双0513-86109563 代理机构联系方式：代理机构：江苏缘扬正采招标代理有限公司代理机构联系人：徐女士0513-85698089代理机构地址： 南通市崇川区崇川路79号国际青创园1号楼 一、采购项目内容（一）项目基本情况1.项目名称：通州湾江海联动开发示范区消防救援大队物业服务项目；2.最高限价：228764.5元/年；3.项目需求：见附件；4.合同履行期限：1年。合同期内服务合作良好，可在到期后续签。续签合同一年一签，最多可续签两次；5.所属行业：物业管理；6.本项目不接受联合体参与比选。（二）申请人的资格要求：1.具有独立承担民事责任的能力；具有良好的商业信誉和健全的财务会计制度；具有履行合同所必需的设备和专业技术能力；有依法缴纳税收和社会保障资金的良好记录；参加采购活动前三年内，在经营活动中没有重大违法记录（提供相关证明材料或承诺函）。2.供应商提供有效的营业执照等具有独立承担民事责任能力的证明材料复印件。3.供应商法定代表人参加比选的，必须提供法定代表人身份证明及法定代表人本人身份证复印件；非法定代表人参加比选的，必须提供法定代表人签名或盖章的授权委托书及法定代表人和被授权人两个人的身份证复印件。4.本项目专门面向中小企业采购。本项目所有服务须全部由符合政策要求的中小企业承接。提供服务的供应商须为中小微企业、监狱企业或残疾人福利性单位，按照采购文件要求提供《中小企业声明函》《残疾人福利性单位声明函》或监狱和戒毒企业证明材料。5.供应商须提供参与本次项目采购活动前三年内，在经营活动中没有重大违法记录的书面《无重大违法记录声明函》。6.关于资格文件的声明函。（三）获取采购文件1.时间：2026年9月7日至2026年9月9日，每天9时30分至11时30分，14时至17时（北京时间，法定节假日除外），2026年9月9日17时后不再发售比选文件。2.地点：南通市崇川区崇川路79号国际青创园1号楼。3.方式：联系代理公司工作人员办理。4.售价：100元。5.未按要求获取比选文件的供应商不得参与本项目比选。6.有关本次比选的事项若存在变动或修改，敬请及时关注“中国政府采购网”发布的信息更正公告，恕不另行通知，如有遗漏采购单位概不负责。（四）提交响应文件截止时间、开标时间和地点1.响应文件接收截止及开标时间：2026年9月17日09时30分（北京时间）； 2.响应文件递交地址：南通市崇川区崇川路79号国际青创园1号楼主楼2F，01会议室，如有变动另行通知。 二、开标时间：2026年09月17日 09:30 三、其它补充事宜1.比选保证金：免收。2.项目开标模式：现场开标模式，供应商在比选文件规定的地点参加开标会。3.供应商应依照规定提交各类声明函、承诺函，不再同时提供原件备查或提供有关部门出具的相关证明文件。但中选供应商应做好提交声明函、承诺函相应原件的核查准备；核查后发现虚假或违背承诺的，依照相关法律法规规定处理。4.请各供应商充分考虑项目周期，谨慎参与交易，中选后不得以任何理由放弃中选资格或不按规定履约。 四、预算金额：预算金额：27.760000 万元（人民币）,公共安全,,中国政府采购网,,27.76,table,,,,,,,,,,,
中华人民共和国湛江出入境边防检查站指挥中心设施设备升级改造采购项目简易采购公告,其他公告,zjzcg-2026-19,2026年09月04日 16:54,霞山区,中华人民共和国湛江出入境边防检查站,广东省湛江市霞山区人民东一路2号,赵华  0759-2289571,详见公告正文,详见公告正文,详见公告正文,刘逸云,0759-2289581,"中华人民共和国湛江出入境边防检查站指挥中心设施设备升级改造采购项目简易采购文件.docx,中华人民共和国湛江出入境边防检查站指挥中心设施设备升级改造采购项目需求文件（公开版）.doc,中华人民共和国湛江出入境边防检查站指挥中心设施设备升级改造采购项目清单.xls,中华人民共和国湛江出入境边防检查站指挥中心设施设备升级改造采购项目合同（意向性文本）.doc","[{""attach_name"": ""中华人民共和国湛江出入境边防检查站指挥中心设施设备升级改造采购项目简易采购文件.docx"", ""attach_url"": ""https://download.ccgp.gov.cn/oss/download?uuid=2956C80AA9B4B705C54C55DB82A6A5""}, {""attach_name"": ""中华人民共和国湛江出入境边防检查站指挥中心设施设备升级改造采购项目需求文件（公开版）.doc"", ""attach_url"": ""https://download.ccgp.gov.cn/oss/download?uuid=8ED1E788B876EBD2DEA80154EAF583""}, {""attach_name"": ""中华人民共和国湛江出入境边防检查站指挥中心设施设备升级改造采购项目清单.xls"", ""attach_url"": ""https://download.ccgp.gov.cn/oss/download?uuid=B13927776116DD570E755DBF909B86""}, {""attach_name"": ""中华人民共和国湛江出入境边防检查站指挥中心设施设备升级改造采购项目合同（意向性文本）.doc"", ""attach_url"": ""https://download.ccgp.gov.cn/oss/download?uuid=3EA6F34A743E9C8981EA88FCB3C411""}]",https://www.ccgp.gov.cn/cggg/zygg/qtgg/202609/t20260904_27270718.htm,2026-09-10 10:10:55,根据《中华人民共和国政府采购法》等有关规定，现对中华人民共和国湛江出入境边防检查站指挥中心设施设备升级改造采购项目进行其他招标，欢迎合格的供应商前来投标。 项目名称：中华人民共和国湛江出入境边防检查站指挥中心设施设备升级改造采购项目项目编号：zjzcg-2026-19项目联系方式：项目联系人：刘逸云项目联系电话：0759-2289581 采购单位联系方式：采购单位：中华人民共和国湛江出入境边防检查站采购单位地址：广东省湛江市霞山区人民东一路2号采购单位联系方式：赵华 0759-2289571  一、采购项目内容采购46寸液晶拼接屏、混合矩阵及部分音视频设备。2套46寸液晶拼接屏，1套用于机关指挥中心，1套用于执勤四队指挥中心。机关指挥中心点位开展旧设备拆除，清理现有综合布线，去除多余老旧线路，同时对操作台线路重新梳理，铺设一条二楼至六楼发电机电缆作为备用应急电路，执勤四队指挥中心仅进行新旧屏拆装，详见项目清单。 二、开标时间：2026年09月10日 10:00 三、其它补充事宜无 四、预算金额：预算金额：21.542000 万元（人民币）,工程建设,,中国政府采购网,,21.542,table,,,,,,,,,,,
大埔县消防救援大队公寓楼三楼家属房装修改造工程遴选公告,其他公告,GDXZ-FG-2026543,2026年09月04日 16:51,大埔县,大埔县消防救援大队,梅州市大埔县湖寮镇虎源路消防救援大队,/,广东协作项目管理有限公司,梅州市梅县区新县城新兴路百福豪园63号,杨工；0753-2501516,杨工,0753-2501516,采购文件发售登记表.doc,"[{""attach_name"": ""采购文件发售登记表.doc"", ""attach_url"": ""https://download.ccgp.gov.cn/oss/download?uuid=CF4AD7494DE768F7CE421439A5BB95""}]",https://www.ccgp.gov.cn/cggg/zygg/qtgg/202609/t20260904_27269930.htm,2026-09-10 10:10:56,"广东协作项目管理有限公司受大埔县消防救援大队 委托，根据《中华人民共和国政府采购法》等有关规定，现对大埔县消防救援大队公寓楼三楼家属房装修改造工程进行其他招标，欢迎合格的供应商前来投标。 项目名称：大埔县消防救援大队公寓楼三楼家属房装修改造工程项目编号：GDXZ-FG-2026543项目联系方式：项目联系人：杨工项目联系电话：0753-2501516 采购单位联系方式：采购单位：大埔县消防救援大队采购单位地址：梅州市大埔县湖寮镇虎源路消防救援大队采购单位联系方式：/ 代理机构联系方式：代理机构：广东协作项目管理有限公司代理机构联系人：杨工；0753-2501516代理机构地址： 梅州市梅县区新县城新兴路百福豪园63号 一、采购项目内容（一）项目编号：GDXZ-FG-2026543（二）遴选项目名称：大埔县消防救援大队公寓楼三楼家属房装修改造工程（三）工程范围：详见遴选文件第二部分:工程量清单、用户需求书、图纸，预算金额：166,566.83元。 二、开标时间：2026年09月15日 15:30 三、其它补充事宜（一）参选人资格要求：1. 具有独立承担民事责任能力的在中华人民共和国境内注册的法人或其他组织；2.投标人应具建筑工程施工总承包三级资质（或以上）或建筑装修装饰工程专业承包二级（或以上），并具有安全生产许可证；3.参选人未被列入“信用中国”网站(www.creditchina.gov.cn)“记录失信被执行人或重大税收违法案件当事人名单”记录名单；（提供网站的信用记录查询结果打印页面并加盖公章作为证明材料）。（二）符合资格的供应商应当在2026年 9 月 5 日至2026年 9 月 11 日（工作日上午8：30-11：30和下午14：30-17：30时，法定节假日除外）到广东协作项目管理有限公司购买遴选文件，遴选文件每套售价300元（人民币），售后不退。（三）响应文件递交截止时间：2026年 9 月 15 日下午15时30 分(注15时00分开始受理响应文件)。（四）响应文件送达地点：梅州市梅县区新县城新兴路百福豪园63号（五）参选时间：2026年  9 月  15 日下午15时30 分（六）参选地点：梅州市梅县区新县城新兴路百福豪园63号 四、预算金额：预算金额：16.656683 万元（人民币）",公共安全,,中国政府采购网,,16.656683,table,,,,,,,,,,,
北京市消防救援总队训练与战勤保障支队重大活动餐饮保障应急食品采购项目比选公告,其他公告,DT2026ZB114,2026年09月04日 16:50,大兴区,北京市消防救援总队训练与战勤保障支队,北京市大兴区科苑路16号,陈老师、010-89265836,中咨达腾（北京）工程咨询有限公司,北京市丰台区宋庄路71号院扑满山2号楼2003室,宁一晗；010-57230996、13366624997,宁一晗,010-57230996、13366624997,,,https://www.ccgp.gov.cn/cggg/zygg/qtgg/202609/t20260904_27269928.htm,2026-09-10 10:10:56,中咨达腾（北京）工程咨询有限公司受北京市消防救援总队训练与战勤保障支队 委托，根据《中华人民共和国政府采购法》等有关规定，现对重大活动餐饮保障应急食品采购项目进行其他招标，欢迎合格的供应商前来投标。 项目名称：重大活动餐饮保障应急食品采购项目项目编号：DT2026ZB114项目联系方式：项目联系人：宁一晗项目联系电话：010-57230996、13366624997 采购单位联系方式：采购单位：北京市消防救援总队训练与战勤保障支队采购单位地址：北京市大兴区科苑路16号 采购单位联系方式：陈老师、010-89265836  代理机构联系方式：代理机构：中咨达腾（北京）工程咨询有限公司代理机构联系人：宁一晗；010-57230996、13366624997 代理机构地址： 北京市丰台区宋庄路71号院扑满山2号楼2003室  一、采购项目内容一、项目基本情况1.项目编号：DT2026ZB1142.项目名称：重大活动餐饮保障应急食品采购项目3.采购方式：比选4.项目预算金额： 45 万元、项目最高限价（如有）： 45 万元5.采购需求： 包号 项目名称 预算金额（万元） 简要技术需求或服务要求 1 重大活动餐饮保障应急食品采购项目 45 重大活动餐饮保障应急食品采购项目包括150箱苏打水原味（规格约330ml*24罐/箱）、130箱桂圆莲子木糖醇营养八宝粥（规格约350g*12罐/箱）、200盒脆爽牛肚自热火锅（规格约435g/盒）等，具体内容详见采购需求。  6.合同履行期限： 合同签订之日起1年。  7.本项目是否接受联合体：□是   ■否。 二、申请人的资格要求（须同时满足）1.满足《中华人民共和国政府采购法》第二十二条规定； 2.落实政府采购政策需满足的资格要求：2.1 中小企业政策□本项目不专门面向中小企业预留采购份额。■本项目专门面向  ■中小  □小微企业   采购。即 ：提供的货物全部由符合政策要求的中小/小微企业制造、服务全部由符合政策要求的中小/小微企业承接。□本项目预留部分采购项目预算专门面向中小企业采购。对于预留份额 ，提供的货物由符合政策要求的中小企业制造、服务由符合政策要求的中小企业承接。预留份额通过以下措施进行：     /       。2.2 其他落实政府采购政策的资格要求（如有）：   /   。3.本项目的特定资格要求：3.1 本项目是否属于政府购买服务：■否□是，公益一类事业单位、使用事业编制且由财政拨款保障的群团组织，不得作为承接主体；3.2 其他特定资格要求：       /      。 三、获取采购文件1.时间： 2026  年 09 月 04 日至 2026  年 09  月 08 日，每天上午 9:30至 12:00 ，下午 13:30  至 17:00 （北京时间，法定节假日除外）。2.地点：北京市丰台区宋庄路71号院扑满山2号楼2003室3.方式：现场领取。获取比选文件时需携带供应商法定代表人授权委托书原件并加盖公章（法定代表人亲自参加的持法定代表人身份证明原件并加盖公章）及身份证原件。4.售价： 0元。 四、响应文件提交截止时间： 2026  年 09 月 14 日14点30分（北京时间）。地点： 北京市丰台区宋庄路71号院扑满山2号楼2003室 。 五、开启时间：2026  年 09 月 14 日14点30分（北京时间）。地点： 北京市丰台区宋庄路71号院扑满山2号楼2003室 。 二、开标时间：2026年09月14日 14:30 三、其它补充事宜1.本项目需要落实的政府采购政策：（1）执行节能产品政府优先采购和强制采购制度；（2）执行环境标志产品政府优先采购制度；（3）《政府采购促进中小企业发展管理办法》；（4）《财政部、司法部关于政府采购支持监狱企业发展有关问题的通知》；（5）《财政部、民政部、中国残疾人联合会关于促进残疾人就业政府采购政策的通知》；（6）关于印发《商品包装政府采购需求标准（试行）》《快递包装政府采购需求标准（试行）》的通知（财办库〔2020〕123号）；（7）《关于进一步加大政府采购支持中小企业力度的通知》（财库〔2022〕19号）；（8）《关于进一步优化政府采购营商环境的通知》（京财采购〔2021〕741号）；（9）关于印发《绿色数据中心政府采购需求标准（试行）》的通知（财库〔2023〕7号）；（10）《关于推动解决政府采购异常低价问题的通知》（财库〔2026〕2号）；（11）保障中小企业款项支付条例（国务院令第 802 号）。2.本项目对供应商的其他要求（1）供应商未被列入失信被执行人、重大税收违法失信主体、政府采购严重违法失信行为记录名单（处罚决定规定的时间和地域范围内）。查询渠道：“信用中国”网站（www.creditchina.gov.cn）和中国政府采购网（www.ccgp.gov.cn）。（2）单位负责人为同一人或者存在直接控股、管理关系的不同供应商，不得参加同一合同项下的采购活动。（3）除单一来源采购项目外，为采购项目提供整体设计、规范编制或者项目管理、监理、检测等服务的供应商，不得再参加本采购项目的其他采购活动。（4）供应商应从中咨达腾（北京）工程咨询有限公司获取采购文件。3.本项目非政府采购项目。  四、预算金额：预算金额：45.000000 万元（人民币）,公共安全,2026-09-14 14:30,中国政府采购网,比选,45.0,table,,,,,,,,,,,
中国科学院计算机网络信息中心“面向科学发现的人工智能开放平台”试验环境建设采购项目流标公告,流标公告,HSZT2026HG/156,2026年09月04日 16:48,市辖区,中国科学院计算机网络信息中心,北京市海淀区东升南路2号,程老师，010-58812262,北京华盛中天咨询有限责任公司,北京市海淀区西直门北大街甲43号金运大厦B座1103室（西直门文慧桥西南角）,张静超 孙丽丽 周爽 010-62278948-628/627,兰少光,010-62278948-302,,,https://www.ccgp.gov.cn/cggg/zygg/qtgg/202609/t20260904_27269837.htm,2026-09-10 10:10:57,一、项目基本情况 采购项目编号：HSZT2026HG/156 采购项目名称：中国科学院计算机网络信息中心“面向科学发现的人工智能开放平台”试验环境建设采购项目 二、项目废标/流标的原因 因截至招标文件发售时间止，报名的投标人数量不足三家，作流标处理。 三、其他补充事宜 无 四、凡对本次公告内容提出询问，请按以下方式联系。 1.采购人信息 名 称：中国科学院计算机网络信息中心 地址：北京市海淀区东升南路2号 联系方式：程老师，010-58812262 2.采购代理机构信息 名 称：北京华盛中天咨询有限责任公司 地 址：北京市海淀区西直门北大街甲43号金运大厦B座1103室（西直门文慧桥西南角） 联系方式：张静超 孙丽丽 周爽 010-62278948-628/627 3.项目联系方式 项目联系人：兰少光 熊小平 电 话： 010-62278948-302,教育培训,,中国政府采购网,,,default,二、项目废标/流标的原因,,,,,,,,,,
对外经济贸易大学专硕研究生意外险服务采购项目比选公告,其他公告,XHTC-FW-2026-1581,2026年09月04日 16:48,北京市,对外经济贸易大学,北京市朝阳区惠新东街10号,冯老师 010-64494352,新华招标有限公司,北京市海淀区莲花池东路39号西金大厦8层,叶子青、李硕、吴迪、侯子怡010-63905977,叶子青、李硕、吴迪、侯子怡项目,010-63905977,获取文件登记表2026-1581.docx,"[{""attach_name"": ""获取文件登记表2026-1581.docx"", ""attach_url"": ""https://download.ccgp.gov.cn/oss/download?uuid=32A55193F090AAC2F94BE2C3449309""}]",https://www.ccgp.gov.cn/cggg/zygg/qtgg/202609/t20260904_27269768.htm,2026-09-10 10:10:57,新华招标有限公司受对外经济贸易大学 委托，根据《中华人民共和国政府采购法》等有关规定，现对对外经济贸易大学专硕研究生意外险服务采购项目进行其他招标，欢迎合格的供应商前来投标。 项目名称：对外经济贸易大学专硕研究生意外险服务采购项目项目编号：XHTC-FW-2026-1581项目联系方式：项目联系人：叶子青、李硕、吴迪、侯子怡项目联系电话：010-63905977 采购单位联系方式：采购单位：对外经济贸易大学采购单位地址：北京市朝阳区惠新东街10号采购单位联系方式：冯老师 010-64494352 代理机构联系方式：代理机构：新华招标有限公司代理机构联系人：叶子青、李硕、吴迪、侯子怡010-63905977代理机构地址： 北京市海淀区莲花池东路39号西金大厦8层 一、采购项目内容1、比选编号：XHTC-FW-2026-15812、比选人名称：对外经济贸易大学详细地址：北京市朝阳区惠新东街10号3、比选内容简要概况：为健全我校校外居住专硕研究生意外伤害事故风险管理机制，有效化解学生意外伤害、猝死、意外医疗等风险，对外经济贸易大学拟通过公开比选方式择优选择保险服务机构，为2026级专硕研究生提供学生意外险服务。项目预算金额为48万元/年。4、供应商资格必须符合下列要求：1）在中华人民共和国境内注册的、具有独立承担民事责任的能力的供应商；2）具有良好的商业信誉和健全的财务会计制度；3）有依法缴纳税收和社会保障资金的良好记录；4）近三年内，在经营活动中没有重大违法记录；5）本项目不接受联合体投标，不允许分包转包；6）单位负责人为同一人或者存在直接控股、管理关系的不同供应商，不得同时参加本项目同一包的投标；7）为本项目某包提供整体设计、规范编制或者项目管理、监理、检测等服务的供应商，不得参加该包的投标；8）通过“信用中国”网站（www.creditchina.gov.cn）和中国政府采购网（www.ccgp.gov.cn）查询信用记录（截止时间点为投标截止时间），被列入失信被执行人、重大税收违法案件当事人名单或政府采购严重违法失信行为记录名单的供应商，没有资格参加本项目的采购活动；9）供应商应持有国家金融监督管理总局颁发的《金融许可证》或原银保监会颁发的有效期内的《保险许可证》，许可业务范围包含意外伤害保险；10）本项目接受分支机构参与，分公司经总公司授权，可以以分公司的名义参加本项目投标，但其民事责任由总公司承担。总公司及所有分公司之间，只允许一家参与本项目。如出现总公司和分公司同时参加本项目、或者总公司授权多个分公司参加本项目的情况，相关响应均无效。供应商须为最终为本项目出具保单、收取保险费的经营机构（供应商名称须与保险费发票名称一致）11）法律、行政法规规定的其他条件。5、标书购买须知：比选文件售价 500 元/套。售后不退。需填写《获取文件登记表》（详见公告附件），建议扫描为PDF文件发送到（houziyi@xhtc.com.cn），邮件主题为“项目名称+潜在供应商名称”，邮件正文写明潜在供应商联系人和电话。收到上述资料后将发放电子文件，纸质文件请到新华招标有限公司领取。文件售后不退。未从采购代理机构获取文件并登记在案的潜在供应商均无资格参加。6、领取比选文件时间：2026 年9月4日至2026 年9月9日每日9：00-16:007、响应文件递交截止时间：2026 年9月14日9:30 时(北京时间)。逾期递交的响应文件恕不接受。8、比选时间：2026 年9月14日9:30 时(北京时间)。9、比选地点：北京市海淀区莲花池东路39号西金大厦8层新华招标有限公司地   址：北京市海淀区莲花池东路39号 二、开标时间：2026年09月14日 09:30 三、其它补充事宜购买比选文件地址：比选代理机构全称：新华招标有限公司比选代理机构地址：北京市海淀区莲花池东路39号西金大厦8层邮 编：100036E-mail:lishuo@xhtc.com.cn联系电话：010-63905977传真：010-63905988联系人：叶子青、李硕、吴迪、侯子怡（分机5977）购买标书款、比选保证金及成交服务费请按如下地址办款：开户单位：新华招标有限公司开户银行： 广发银行股份有限公司北京科学园支行帐   号：6232593799021206480本项目公告在中国政府采购网、对外经济贸易大学采购网上发布。 四、预算金额：预算金额：48.000000 万元（人民币）,教育培训,2026-09-14 09:30,中国政府采购网,,48.0,table,,,,,,,,,,,
山东省青岛市崂山区消防救援大队2026年副食品采购项目技术参数征求意见公告,其他公告,/,2026年09月04日 16:47,崂山区,青岛市崂山区消防救援大队,山东省青岛市崂山区银川东路15号,李队长  0532-81851254,山东国华招标有限公司,济南市市中区泉景雅园商务大厦907室,龚经理  18563706971,龚经理,18563706971,"附件1：崂山区消防救援大队2026年副食品采购项目技术要求.pdf,附件2：崂山区消防救援大队2026年副食品采购项目-技术参数修改意见书参考格式.docx","[{""attach_name"": ""附件1：崂山区消防救援大队2026年副食品采购项目技术要求.pdf"", ""attach_url"": ""https://download.ccgp.gov.cn/oss/download?uuid=E4699E49F548A605843A5E7AD29F92""}, {""attach_name"": ""附件2：崂山区消防救援大队2026年副食品采购项目-技术参数修改意见书参考格式.docx"", ""attach_url"": ""https://download.ccgp.gov.cn/oss/download?uuid=DC67639B4457133C0C9E48FDA5D801""}]",https://www.ccgp.gov.cn/cggg/zygg/qtgg/202609/t20260904_27269771.htm,2026-09-10 10:10:58,山东国华招标有限公司受青岛市崂山区消防救援大队 委托，根据《中华人民共和国政府采购法》等有关规定，现对山东省青岛市崂山区消防救援大队2026年副食品采购项目进行其他招标，欢迎合格的供应商前来投标。 项目名称：山东省青岛市崂山区消防救援大队2026年副食品采购项目项目编号：/项目联系方式：项目联系人：龚经理项目联系电话：18563706971 采购单位联系方式：采购单位：青岛市崂山区消防救援大队采购单位地址：山东省青岛市崂山区银川东路15号采购单位联系方式：李队长 0532-81851254 代理机构联系方式：代理机构：山东国华招标有限公司代理机构联系人：龚经理 18563706971代理机构地址： 济南市市中区泉景雅园商务大厦907室 一、采购项目内容根据《中华人民共和国政府采购法》《政府采购需求管理办法》等有关规定，现将山东省青岛市崂山区消防救援大队2026年副食品采购项目技术参数向社会公开，广泛征求社会意见。（一）公告期限2026年09月05日09:00至2026年09月09日17:00（北京时间）。（二）回复征求意见格式及方式1、请及时下载技术参数文本，针对技术参数提出的意见如实写明原因，并将技术参数修改意见书（格式详见附件）和相关文件资料（如有）的电子版（格式为.doc）、扫描文件（格式为.pdf）以电子邮件形式传送至邮箱（guohuasd@126.com），感谢您的参与和配合。2、请以“公司名称/专家姓名-技术参数修改意见书”建立一个文件夹发至指定邮箱。（三）相关要求1、报送时间以指定邮箱报送的时间、信息为准，逾期送达、匿名送达以及其他不符合上述条件的方式送达，我单位不予受理。2、因本项目实施要求严格，提供内容须保证真实性、可靠性、准确性，修改意见如无相关法律依据和充足证据佐证，我单位不予采纳。 二、开标时间： 三、其它补充事宜/ 四、预算金额：预算金额：0.000000 万元（人民币）,公共安全,,中国政府采购网,,0.0,table,,,,,,,,,,,
华中科技大学脉冲实验大楼两个报告厅装修工程评标结果公示,其他公告,HBSJ-202212FJ-209011001,2026年09月04日 16:44,市辖区,华中科技大学,武汉市洪山区珞喻路1037号,刘小月,湖北国华项目管理咨询有限公司,武汉市武昌区中北路109号中铁1818中心10楼,黄晶、万齐威、张亮、付志钢、张锡文、余轶菲,黄晶、万齐威、张亮、付志钢、张,027-87272701,,,https://www.ccgp.gov.cn/cggg/zygg/qtgg/202609/t20260904_27269719.htm,2026-09-10 10:10:58,"一、项目基本情况 采购项目编号：HBSJ-202212FJ-209011001 采购项目名称：华中科技大学脉冲实验大楼两个报告厅装修工程 二、项目废标/流标的原因 / 三、其他补充事宜 一、招标概况    华中科技大学脉冲实验大楼两个报告厅装修工程于2026年08月12日在湖北省电子招投标交易平台发布招标公告，2026年09月03日在省中心1005-04号开标机位开标，并于2026年09月03日完成评标工作。根据评标委员会提交的评标报告，华中科技大学已经确认评标结果，现进行评标结果公示。二、评标结果 序 本标段采用“评定分离”方式进行招标,评标委员会推荐的中标候选人排名不分先后 中标候选人名称 安徽三三建设工程有限公司 山东中星安装工程有限公司 深圳市建侨建工集团有限公司 香山红叶集团有限公司 中武建设集团有限公司 投标报价(元) 6254848.98 6232626.27 6181372.65 6172017.03 6296591.19 质量（如有） 符合国家施工验收规范合格标准 符合国家施工验收规范合格标准 国家施工验收规范合格标准 国家施工验收规范合格标准 国家施工验收规范合格标准 工期 （交货期、服务期） 180日历天 180日历天 180日历天 180日历天 180日历天 项目负责人（如有） 姓名 宋玲凤 宗昌彪 温学飞 秦玉柱 董金翠 证书 名称 机电工程一级注册建造师 机电工程二级注册建造师 机电工程一级注册建造师 机电工程一级注册建造师 机电工程二级注册建造师 证书 编号 皖1342019202001173 鲁2372020202102543 粤1442021202304204 鲁1372014201507153 鄂242212117270 投标文件中的资格审查资料（资格能力条件） 见本公示下方附件（如有）  三、评标情况 评标情况资料 见本公示下方附件  四、公示时间公示期为2026年09月05日至2026年09月07日（北京时间）。五、异议与投诉投标人或者其他利害关系人对评标结果有异议的，应在评标结果公示期内以书面形式向招标人提出，招标人将自收到异议之日起3日内作出书面答复。作出答复前，将暂停招标投标活动。 投标人或者其他利害关系人对招标人答复仍持有异议的，应当在收到答复之日起10日内持招标人的答复及投诉书，向行业主管部门或公共资源交易综合监管机构提出投诉。 四、凡对本次公告内容提出询问，请按以下方式联系。 1.采购人信息 名 称：华中科技大学 地址：武汉市洪山区珞喻路1037号 联系方式：刘小月 2.采购代理机构信息 名 称：湖北国华项目管理咨询有限公司 地 址：武汉市武昌区中北路109号中铁1818中心10楼 联系方式：黄晶、万齐威、张亮、付志钢、张锡文、余轶菲 3.项目联系方式 项目联系人：黄晶、万齐威、张亮、付志钢、张锡文、余轶菲 电 话： 027-87272701",教育培训,,中国政府采购网,,,default,二、项目废标/流标的原因,,,,,,,,,,
国家体育总局训练局羽毛球设备采购废标公告,流标公告,ZBWJ26-03,2026年09月04日 16:43,北京市,国家体育总局训练局,北京市东城区体育馆路甲2号,010-87183248,国家体育总局体育器材装备中心,北京市东城区体育馆路3号,010-67171186,吴老师,010-67171186,,,https://www.ccgp.gov.cn/cggg/zygg/qtgg/202609/t20260904_27269841.htm,2026-09-10 10:10:59,"th,td {border:1px solid #DDD;padding: 5px 10px;}.template-center-hide-state{display:none !important;}一、采购人名称：国家体育总局训练局二、采购项目名称：国家体育总局训练局羽毛球设备采购 三、采购项目编号：ZBWJ26-03四、采购组织类型：采购类型名称五、采购方式：公开招标六、采购公告发布日期：2026年07月29日 七、预算金额：873000(元)八、废标理由：标项1：有效供应商不足三家九、评审小组成员名单：十、 其它事项1、本项目公告期限为1个工作日，各参加政府采购活动的供应商认为该采购结果和采购过程等使自己的权益受到损害的，可以自本公告期限届满之日（本公告发布之日后第2个工作日）起7个工作日内，以书面形式向采购人提出质疑。质疑供应商对采购人、采购代理机构的答复不满意或者采购人、采购代理机构未在规定的时间内作出答复的，可以在答复期满后十五个工作日内向同级政府采购监督管理部门投诉。2、其他事项无十一、联系方式1、采购代理机构名称：国家体育总局体育器材装备中心联系人：吴老师 联系电话：010-67171186 地址：北京市东城区体育馆路3号 2、采购人名称：国家体育总局训练局联系人：侯老师 联系电话：010-87183248 地址：北京市东城区体育馆路甲2号",文化旅游,,中国政府采购网,公开招标,,default,,,,,,,,,,,
重庆高新技术产业开发区消防救援支队综合物业管理服务需求调查公告（第二次）,其他公告,,2026年09月04日 16:32,重庆市,重庆高新技术产业开发区消防救援支队,重庆市沙坪坝区思贤路17号附47号,薛宇 15523567401,详见公告正文,详见公告正文,详见公告正文,薛宇,15523567401,"附件3：需求公示修改建议书.doc,重庆高新技术产业开发区消防救援支队综合物业管理服务项目需求调查（第二次）.docx,附件1：采购需求问卷调查表.docx,附件4：技术和商务参数征求意见稿.doc,附件2：需求公示表.xls","[{""attach_name"": ""附件3：需求公示修改建议书.doc"", ""attach_url"": ""https://download.ccgp.gov.cn/oss/download?uuid=F5B8922CDB88C850D5CE7E3EE18EF4""}, {""attach_name"": ""重庆高新技术产业开发区消防救援支队综合物业管理服务项目需求调查（第二次）.docx"", ""attach_url"": ""https://download.ccgp.gov.cn/oss/download?uuid=9F069021815459AB4783EFFF0E29FF""}, {""attach_name"": ""附件1：采购需求问卷调查表.docx"", ""attach_url"": ""https://download.ccgp.gov.cn/oss/download?uuid=538E8F5FC19C496DAE8CBD23D7BE8F""}, {""attach_name"": ""附件4：技术和商务参数征求意见稿.doc"", ""attach_url"": ""https://download.ccgp.gov.cn/oss/download?uuid=FE22B81B012919AD6473F1E21AB7A8""}, {""attach_name"": ""附件2：需求公示表.xls"", ""attach_url"": ""https://download.ccgp.gov.cn/oss/download?uuid=14ED333226468281764BA8FDC3A4ED""}]",https://www.ccgp.gov.cn/cggg/zygg/qtgg/202609/t20260904_27270177.htm,2026-09-10 10:10:59,根据《中华人民共和国政府采购法》等有关规定，现对重庆高新技术产业开发区消防救援支队综合物业管理服务进行其他招标，欢迎合格的供应商前来投标。 项目名称：重庆高新技术产业开发区消防救援支队综合物业管理服务项目编号：项目联系方式：项目联系人：薛宇项目联系电话：15523567401 采购单位联系方式：采购单位：重庆高新技术产业开发区消防救援支队采购单位地址：重庆市沙坪坝区思贤路17号附47号采购单位联系方式：薛宇 15523567401  一、采购项目内容重庆高新技术产业开发区消防救援支队综合物业管理服务项目需求调查（第二次） 重庆高新技术产业开发区消防救援支队对综合物业管理服务项目开展需求调查工作，欢迎具有合格资质且有良好信誉和供应能力的供应商积极报送资料。一、需求调查概况本项目为重庆高新技术产业开发区消防救援支队综合物业管理服务采购。总预算金额384万元，服务期2年，合同一年一签。综合物业管理服务分为：物业管理服务、餐饮保障服务、营区维保服务，共三部分。1.物业管理服务：支队机关及下属应急通信和车辆勤务站，项目位于沙坪坝区思贤路17号附47号，服务面积以投标人实际现场踏勘为准，含项目管理服务、保洁服务、工程维修服务、理发服务共4项。支队下属综保区消防救援站、西永消防救援站、大学城消防救援站、白市驿消防救援站、巴福消防救援站，及服务期内建成的消防救援站（金凤消防救援站、含谷消防救援站、曾家小型消防站、走马小型消防站、石板小型消防站）的工程维修服务、理发服务共2项。2.餐饮保障服务：含支队机关及下属消防救援站（综保区消防救援站、西永消防救援站、大学城消防救援站、白市驿消防救援站、巴福消防救援站）的日常和执勤任务时的餐饮保障服务共2项。服务期内建成的消防救援站投入使用后，根据采购人要求，增加厨师、杂工，相关费用按合同约定据实结算。3.营区维保服务：含支队机关及下属消防救援站（综保区消防救援站、西永消防救援站、大学城消防救援站、白市驿消防救援站、巴福消防救援站，及服务期内建成的消防救援站）的营区维保服务，包含消防维保、供配电维保（含年检）、电梯维保（含年检）、防雷检测（含年检）、弱电维保、空调维修维保、生活热水锅炉系统维保、化粪池清掏（含油污分离池清掏）、油烟管道清洗、燃气维保检测（含年检）、四害消杀共11项。服务期内根据采购人要求，对重庆高新技术产业开发区消防救援支队及下属各消防救援站(包括在建或规划消防救援站)进行营区维保服务，相关费用按合同约定据实结算。以及采购人交办的其它服务保障工作。二、需求调查内容包含但不限于相关产业发展情况、市场供给情况、同类采购项目历史成交信息、是否具备综合物业管理服务的能力，以及其他相关情况。三、预算金额本项目采购预算金额为192万元/年，总预算384万元，服务期两年，合同一年一签。四、其他事项（一）调查方法。需求调查以问卷调查的方式进行，请各单位于2026年9月10日12：00（北京时间）前，将加盖公章的问卷调查表PDF电子档以及word档发送至指定邮箱453723876@qq.com。邮件名称为“供应商名称+重庆高新区消防救援支队综合物业采购需求调查资料”（二）联系人。重庆高新技术产业开发区消防救援支队：薛宇联系电话：155-2356-7401（三）其他说明。递交问卷调查表应当写明供应商名称、联系人及联系电话并加盖单位公章。采购人是否采纳均不影响供应商参与本项目后续采购活动，对供应商所提出的意见建议不作书面回复。附件：1.采购需求问卷调查表      2.需求公示表      3.需求公示修改建议书      4.技术和商务参数征求意见稿                重庆高新技术产业开发区消防救援支队                                                      2026年9月4日  二、开标时间： 三、其它补充事宜 四、预算金额：预算金额：0.000000 万元（人民币）,公共安全,,中国政府采购网,,0.0,table,,,,,,,,,,,
重庆高新技术产业开发区消防救援支队2026年器材装备采购项目需求调查公告（第二次）,其他公告,,2026年09月04日 16:29,重庆市,重庆高新技术产业开发区消防救援支队,重庆市沙坪坝区思贤路17号附47号,薛宇 15523567401,详见公告正文,详见公告正文,详见公告正文,薛宇,15523567401,"需求调查资料2.zip,需求调查资料1.zip,重庆高新技术产业开发区消防救援支队2026年器材装备采购项目需求调查（第二次）.wps","[{""attach_name"": ""需求调查资料2.zip"", ""attach_url"": ""https://download.ccgp.gov.cn/oss/download?uuid=9C74526E4670F4A734EA292EF5AC9B""}, {""attach_name"": ""需求调查资料1.zip"", ""attach_url"": ""https://download.ccgp.gov.cn/oss/download?uuid=EE6676589D120D3048EFF00EA6754B""}, {""attach_name"": ""重庆高新技术产业开发区消防救援支队2026年器材装备采购项目需求调查（第二次）.wps"", ""attach_url"": ""https://download.ccgp.gov.cn/oss/download?uuid=99FF252DAD965756EFB2916918BB3D""}]",https://www.ccgp.gov.cn/cggg/zygg/qtgg/202609/t20260904_27269276.htm,2026-09-10 10:11:00,根据《中华人民共和国政府采购法》等有关规定，现对重庆高新技术产业开发区消防救援支队2026年器材装备采购项目进行其他招标，欢迎合格的供应商前来投标。 项目名称：重庆高新技术产业开发区消防救援支队2026年器材装备采购项目项目编号：项目联系方式：项目联系人：薛宇项目联系电话：15523567401 采购单位联系方式：采购单位：重庆高新技术产业开发区消防救援支队采购单位地址：重庆市沙坪坝区思贤路17号附47号采购单位联系方式：薛宇 15523567401  一、采购项目内容重庆高新技术产业开发区消防救援支队2026年器材装备采购项目需求调查（第二次） 重庆高新技术产业开发区消防救援支队拟对2026年器材装备采购项目开展采购需求调查工作，欢迎具有合格资质且有良好信誉和售后服务能力的供应商积极报送资料。一、需求调查内容及采购需求明细包含但不限于潜在供应商具有的相关资质、所获荣誉、服务业绩及案例情况、可能涉及的运行维护、备品备件、耗材等后续采购等相关信息。 设备序号 包号 需求设备 数量 预算单价（元） 预算总价（元） 技术要求 1   包1 消防头盔 19 500 9500 详见附件 2 消防员灭火防护服1 42 2500 105000 3 消防员灭火防护服2 20 980 19600 4 消防员灭火防护靴 20 395 7900 5 防静电内衣 21 150 3150 6 消防员护膝、护肘 142 100 14200 7 消防员抢险救援靴 42 500 21000 8 消防员隔热防护服 4 1500 6000 9 消防员避火防护服 2 3800 7600 10 化学防护手套 4 130 520 11 内置劳动保护手套 20 10 200 12 防高温手套 4 200 800 13 防静电服 4 300 1200 14 直流水枪1 2 260 520 15 直流水枪2 10 700 7000 16 直流水枪3 4 780 3120 17 直流水枪4 3 340 1020 18 止水器 20 525 10500 19 中压分水器1 6 2000 12000 20 中压分水器2 6 2200 13200 21 水带接口1 50 120 6000 22 水带接口2 30 140 4200 23 移动式消防炮 1 7500 7500 24 挂钩梯1 1 750 750 25 挂钩梯2 1 1600 1600 26 三节拉梯 1 11900 11900 27 折叠式担架 8 550 4400 28 消防水带1 20 800 16000 29 消防水带2 40 680 27200 30 集水器 1 400 400 31 多功能挠钩 1 200 200 32 泡沫管枪 2 500 1000 33 水带护桥 10 550 5500 34 水幕水带 5 400 2000 35 测温仪 1 1600 1600 36 危险警示牌 1 450 450 37 液压开门器 1 4000 4000 38 灭火毯 6 300 1800 39 泡沫灭火剂 20 8000 160000 40 消防用荧光棒 84 5 420 41 绳索救援头盔 34 700 23800 42 全身吊带 27 2000 54000 43 止坠器套装 42 2200 92400 44 下降器 14 2300 32200 45 安全钩 194 260 50440 46 脚持上升器 16 500 8000 47 脚蹬带 11 120 1320 48 系统控制器 3 5000 15000 49 抓绳器 3 710 2130 50 扁带 77 100 7700 51 链式边角滑轮 6 1000 6000 52 防磨绳槽护板 8 150 1200 53 通用安全绳1 5 400 2000 54 通用安全绳2 4 2000 8000 55 橡皮艇1 1 18000 18000 56 橡皮艇2 2 25000 50000 57 橡皮艇拖车架1 2 16000 32000 58 橡皮艇拖车架2 2 20000 40000 59 浆片 20 60 1200 60 蒿杆 4 130 520 61 可漂浮救生担架 4 4500 18000 62 救生圈 4 200 800 63 伸缩梯 2 800 1600 64 绝缘拉杆 4 250 1000 65 水温水深仪 2 3000 6000 66 速干衣 20 120 2400 67 敛尸袋 11 80 880 68 自喷荧光漆 10 20 200 69 多功能刀具 5 150 750 70 灭火机 8 1500 12000 71 2号工具 26 40 1040 72 割灌机 2 3000 6000 73 油桶 6 180 1080 74 点火器 8 200 1600 75 砍刀 6 60 360 76 底盘冷却器 4 2000 8000 77 围堰挡板 1 20000 20000 78 防雾护目镜 50 160 8000 79 肢体固定气囊 9 700 6300 80 颈部保护套 5 100 500 81 伤员固定抬板 1 400 400 82 伤员保护毯 5 300 1500 83 器材垫 25 150 3750 84 车辆锐边保护罩 5 2800 14000 85 车辆救援工具包 10 900 9000 86 万向车窗玻璃切割器套装 5 5000 25000 87 自吸过滤式防毒面具 90 500 45000 88 锥形事故标志柱 100 90 9000 89 警用肩灯 200 80 16000 90 驾驶员背心 40 300 12000 91 安全员背心 20 300 6000 92 速差器 4 1500 6000 93 角磨机 5 1000 5000 94 电动切割锯 2 500 1000 95 包2 基地台 2 5000 10000 96 车载台 2 5000 10000 97 公网集群对讲机 8 10000 80000 98 单兵图传设备 6 50000 300000 99 图传画面稳定设备 13 4000 52000 100 侦察无人机 6 50000 300000 101 北斗定位设备 1 10000 10000 102 通信员背心 30 1500 45000 103 手持电台扬声器话筒1 16 350 5600 104 手持电台扬声器话筒2 19 600 11400 105 手持电台扬声器话筒3 7 150 1050 106 手持电台扬声器话筒4 1 100 100 107 手持电台背带 44 150 6600 108 卫星电话 9 5000 45000 109 卫星电话全向天线 4 400 1600 110   包3 水带推车1 3 15000 45000 111 水带推车2 2 9000 18000 112 卡板箱 20 1500 30000 113 托盘 30 280 8400 114 折叠帐篷 30 1000 30000 115 工业洗衣机 5 27800 139000 116 干洗机1 1 51000 51000 117 干洗机2 1 84500 84500 118 蒸汽发生器 1 12200 12200 119 吸风烫台 1 4500 4500  二、需求调查方式问卷调查。三、需求调查对象具备相应服务能力和资质的供应商。四、报送要求1.资料报送时间：2026年9月4日-2026年9月10日12：00。2.资料报送清单《附件-需求调查资料1》、《附件-需求调查资料2》、《供货期限承诺书》（格式自拟）3.资料报送要求：请各供应商在规定时间内将下列 3 份文件发至指定邮箱（453723876@qq.com），邮件命名为“设备序号-品牌-2026年器材装备采购项目”：（1）《附件-需求调查资料1》和《附件-需求调查资料2》（Word 可编辑版），文件命名为“设备序号-品牌-2026年器材装备采购项目”。（2）将《附件-需求调查资料1》和《附件-需求调查资料2》加盖供应商公章后扫描成一个 PDF 文件，文件命名为“设备序号-品牌-2026年器材装备采购项目”。（3）《供货期限承诺书》加盖供应商公章后扫描成一个 PDF 文件。（4）请供应商根据采购标的需实现的主要功能或者目标推荐设备，若供应商同时推荐多个设备，可将所有文件整体打包发送至指定邮箱。五、其他说明本次公开的采购需求是采购工作的初步安排，具体采购项目情况以相关采购公告和采购文件为准。资料收集仅用于采购前参考，递交问卷调查表应当写明供应商名称、联系人及联系电话并加盖单位印章（需加盖骑缝章），以备重庆市政府采购中心或采购人后续联系供应商做进一步采购需求调查工作。采购人是否采纳均不影响供应商参与本项目后续采购活动，对供应商所提出的意见建议不作书面回复。   重庆高新技术产业开发区消防救援支队2026年9月4日联系人：薛宇联系电话：155-2356-7401  二、开标时间： 三、其它补充事宜 四、预算金额：预算金额：0.000000 万元（人民币）,公共安全,,中国政府采购网,,0.0,table,,,,,,,,,,,
鸡西市消防救援支队公务车辆维修定点服务流标公告,流标公告,QSXF-20260825-CS,2026年09月04日 16:27,市辖区,鸡西市消防救援支队,鸡西市鸡冠区鸡兴东路32号,赵步庭 18746747119,黑龙江省齐首项目管理有限公司,黑龙江省鸡西市鸡冠区西山办西山4-首-5,朱亚杰  0467-2339666,朱亚杰,0467-2339666,,,https://www.ccgp.gov.cn/cggg/zygg/qtgg/202609/t20260904_27269225.htm,2026-09-10 10:11:01,一、项目基本情况 采购项目编号：QSXF-20260825-CS 采购项目名称：鸡西市消防救援支队公务车辆维修定点服务 二、项目废标/流标的原因 报名供应商不足三家本项目流标 三、其他补充事宜 无 四、凡对本次公告内容提出询问，请按以下方式联系。 1.采购人信息 名 称：鸡西市消防救援支队 地址：鸡西市鸡冠区鸡兴东路32号 联系方式：赵步庭 18746747119 2.采购代理机构信息 名 称：黑龙江省齐首项目管理有限公司 地 址：黑龙江省鸡西市鸡冠区西山办西山4-首-5 联系方式：朱亚杰 0467-2339666 3.项目联系方式 项目联系人：朱亚杰 电 话： 0467-2339666,公共安全,,中国政府采购网,,,default,二、项目废标/流标的原因,,,,,,,,,,
华中科技大学同济医学院附属协和医院心内科介入式左心室辅助系统2台废标公告,流标公告,HBCZ-2606050280-261817,2026年09月04日 16:25,武汉市,华中科技大学同济医学院附属协和医院,湖北省武汉市解放大道1277号,李老师 027-85726571,湖北省成套招标股份有限公司,湖北省武汉市武昌区东湖西路特2号平安财富中心B座6-10楼,魏运波、陈祥勇、彭亚美、胡小康、徐沫 /1002730332@qq.com,魏运波、陈祥勇、彭亚美、胡小康,15377537087,,,https://www.ccgp.gov.cn/cggg/zygg/qtgg/202609/t20260904_27269183.htm,2026-09-10 10:11:01,一、项目基本情况 采购项目编号：HBCZ-2606050280-261817 采购项目名称：华中科技大学同济医学院附属协和医院心内科介入式左心室辅助系统2台 二、项目废标/流标的原因 截止本项目获取招标文件时间2026年09月03日17:00，获取本项目招标文件的投标人不足3家，本项目废标。 三、其他补充事宜 如需重新组织招标或改用其他采购方式的，将另行公告。 四、凡对本次公告内容提出询问，请按以下方式联系。 1.采购人信息 名 称：华中科技大学同济医学院附属协和医院 地址：湖北省武汉市解放大道1277号 联系方式：李老师 027-85726571 2.采购代理机构信息 名 称：湖北省成套招标股份有限公司 地 址：湖北省武汉市武昌区东湖西路特2号平安财富中心B座6-10楼 联系方式：魏运波、陈祥勇、彭亚美、胡小康、徐沫 /1002730332@qq.com 3.项目联系方式 项目联系人：魏运波、陈祥勇、彭亚美、胡小康、徐沫 电 话： 15377537087,医疗卫生,,中国政府采购网,,,default,二、项目废标/流标的原因,,,,,,,,,,
重庆高新技术产业开发区消防救援支队西永消防救援站维修改造项目需求调查公告（第二次）,其他公告,,2026年09月04日 16:24,重庆市,重庆高新技术产业开发区消防救援支队,重庆市沙坪坝区思贤路17号附47号,薛宇 15523567401,详见公告正文,详见公告正文,详见公告正文,薛宇,15523567401,"重庆高新技术产业开发区消防救援支队西永消防救援站维修改造项目需求调查（第二次）.docx,附件1：需求公示表.xls,附件2：需求公示修改建议书.doc,附件3：技术和商务参数征求意见稿.doc","[{""attach_name"": ""重庆高新技术产业开发区消防救援支队西永消防救援站维修改造项目需求调查（第二次）.docx"", ""attach_url"": ""https://download.ccgp.gov.cn/oss/download?uuid=16912E75B8CAA2D1C56D4015FF0124""}, {""attach_name"": ""附件1：需求公示表.xls"", ""attach_url"": ""https://download.ccgp.gov.cn/oss/download?uuid=2A7BBA453DF3C92734D1A66672D7E6""}, {""attach_name"": ""附件2：需求公示修改建议书.doc"", ""attach_url"": ""https://download.ccgp.gov.cn/oss/download?uuid=F28052EA5E78A5FED8FE73A5AC0283""}, {""attach_name"": ""附件3：技术和商务参数征求意见稿.doc"", ""attach_url"": ""https://download.ccgp.gov.cn/oss/download?uuid=AA4C24BF77DCC5ADFB5BC3B1DB1904""}]",https://www.ccgp.gov.cn/cggg/zygg/qtgg/202609/t20260904_27269179.htm,2026-09-10 10:11:02,根据《中华人民共和国政府采购法》等有关规定，现对西永消防救援站维修改造项目进行其他招标，欢迎合格的供应商前来投标。 项目名称：西永消防救援站维修改造项目项目编号：项目联系方式：项目联系人：薛宇项目联系电话：15523567401 采购单位联系方式：采购单位：重庆高新技术产业开发区消防救援支队采购单位地址：重庆市沙坪坝区思贤路17号附47号采购单位联系方式：薛宇 15523567401  一、采购项目内容重庆高新技术产业开发区消防救援支队西永消防救援站维修改造项目需求调查（第二次） 重庆高新技术产业开发区消防救援支队拟对西永消防救援站维修改造项目技术参数开展采购需求调查工作，欢迎具有合格资质且有良好信誉和售后服务能力的供应商积极报送资料。一、需求调查内容供应商相关资质以及设备技术参数、商务条款、可能涉及的运行维护、备品备件、耗材等后续采购等相关信息。二、需求调查方式网上公开调查。三、需求调查对象具备相应服务能力和资质的供应商。四、报送要求1.资料报送时间：2026年9月4日-2026年9月10日12：00。2.报送资料清单：（1）供应商简介。（2）供应商资质材料、营业执照复印件。（3）产品相关证明材料。3.资料报送要求：请各供应商在规定时间内将下列3份文件发至指定邮箱（453723876@qq.com），邮件名称为“供应商名称+西永消防救援站维修改造项目）：（1）附件2的Word可编辑版。（2）将附件2加盖供应商公章后扫描成一个PDF文件，文件名为“供应商名称+西永消防救援站维修改造项目”。（3）请将供应商简介、供应商资质材料、营业执照复印件、产品相关证明材料等扫描发送至制定邮箱。五、其他说明本次公开的需求调查是采购项目的初步安排，具体以最终发布的招标文件为准。资料收集仅用于采购前参考，表格应当写明供应商名称、联系人及联系电话并加盖单位印章。 附件：1.需求公示表2.需求公示修改建议书3.技术和商务参数征求意见稿 重庆高新技术产业开发区消防救援支队2026年9月4日联系人：薛宇联系电话：155-2356-7401   二、开标时间： 三、其它补充事宜 四、预算金额：预算金额：0.000000 万元（人民币）,公共安全,,中国政府采购网,,0.0,table,,,,,,,,,,,
成都市消防救援支队职业健康中心建设项目比选公告,其他公告,XBDCG20260814,2026年09月04日 16:22,成都市高新区,成都市消防救援支队,成都市武侯区高新区府城大道东段19号,"刘老师,028-85358086",鑫标点工程管理有限公司,成都市金牛区育仁北路11号1栋1单元18层1、2号,"陈老师,028-87573791",刘老师,028-85358086,,,https://www.ccgp.gov.cn/cggg/zygg/qtgg/202609/t20260904_27269132.htm,2026-09-10 10:11:02,"鑫标点工程管理有限公司受成都市消防救援支队 委托，根据《中华人民共和国政府采购法》等有关规定，现对成都市消防救援支队职业健康中心建设项目进行其他招标，欢迎合格的供应商前来投标。 项目名称：成都市消防救援支队职业健康中心建设项目项目编号：XBDCG20260814项目联系方式：项目联系人：刘老师项目联系电话：028-85358086 采购单位联系方式：采购单位：成都市消防救援支队采购单位地址：成都市武侯区高新区府城大道东段19号采购单位联系方式：刘老师,028-85358086 代理机构联系方式：代理机构：鑫标点工程管理有限公司代理机构联系人：陈老师,028-87573791代理机构地址： 成都市金牛区育仁北路11号1栋1单元18层1、2号 一、采购项目内容鑫标点工程管理有限公司受成都市消防救援支队委托，对成都市消防救援支队职业健康中心建设项目采用比选方式进行采购，特邀请合格的申请人参加该项目的比选。一、比选项目编号：XBDCG20260814。二、项目名称：成都市消防救援支队职业健康中心建设项目。三、比选预算金额及最高限价：预算金额：183362.41元；最高限价：183362.41元。四、比选内容：本次比选共一个包，拟确定成都市消防救援支队职业健康中心建设项目施工单位一名。五、合格申请人应具备的资格条件：1.具有独立承担民事责任的能力；2.具有良好的商业信誉和健全的财务会计制度；3.具有履行合同所必须的设备和专业技术能力；4.具有依法缴纳税收和社会保障资金的良好记录；5.参加本次比选活动前三年内，在经营活动中没有重大违法记录；6.法律、行政法规规定的其他条件；7.比选申请人须具备行业主管部门颁发的且在有效期内的安全生产许可证、建筑装修装饰工程专业承包二级或以上资质证书；8.注册地在四川省行政区域外的投标人应提供在有效期内的《四川省省外建筑企业入川承揽业务验证登记证》或带二维码的《四川省省外施工、监理入川承揽业务信息录入证》或提供承诺函；9.本项目不允许联合体参加。六、领取比选文件时间：1.比选文件获取时间：自2026年 9 月 7 日至2026年 9 月 11 日09:00-12:00,14:30-17:00（北京时间，法定节假日除外）。2.比选文件获取方式：网络获取。比选文件有偿获取，获取时交文件制作工本费300元/份（比选文件售后不退,比选资格不能转让）。 3.获取比选文件的比选申请人请将报名资料盖章后扫描成PDF发送至3187147816@qq.com（邮件标题须为：公司全称+项目名称+报名人姓名+联系方式），未按要求递交报名资料原件将视为报名未成功，如因比选申请人提供的联系方式无法接通由此引发的责任自负。4. 报名资料原件具体是指：1单位介绍信、2经办人身份证明，格式自拟。5. 报名咨询电话：028-87573791。七、递交比选申请书截止时间：2026年 9 月 14 日10:30（北京时间），申请人应于递交比选申请书截止日期之前将比选申请书送达比选地点，逾期送达的将被拒绝。八、递交比选申请书地点：鑫标点工程管理有限公司（成都市金牛区育仁北路 11 号 1 栋 1 单元 18 层 1、2 号）。比选申请书必须在递交申请文件截止时间前送达比选地点。逾期送达、密封和标注错误的比选申请书，采购代理机构恕不接收。本次比选不接收邮寄的申请文件。九、比选申请书接收时间：2026年 9 月 14 日10:00（北京时间）至比选申请书递交截止/开启时间。十、比选地点：鑫标点工程管理有限公司（成都市金牛区育仁北路 11 号 1 栋 1 单元 18 层 1、2 号）。十、比选申请人邀请方式：公告方式，本次比选邀请在中国政府采购网（www.ccgp.gov.cn）上以公告形式发布。 二、开标时间：2026年09月14日 10:30 三、其它补充事宜无 四、预算金额：预算金额：18.336241 万元（人民币）",公共安全,2026-09-14 10:30,中国政府采购网,,18.336241,table,,,,,,,,,,,
重庆高新技术产业开发区消防救援支队各消防救援站家具采购项目需求调查公告（第二次）,其他公告,,2026年09月04日 16:22,重庆市,重庆高新技术产业开发区消防救援支队,重庆市沙坪坝区思贤路17号附47号,薛宇 15523567401,详见公告正文,详见公告正文,详见公告正文,薛宇,15523567401,"需求调查资料2.zip,需求调查资料1.zip,重庆高新技术产业开发区消防救援支队家具采购项目需求调查（第二次）.docx","[{""attach_name"": ""需求调查资料2.zip"", ""attach_url"": ""https://download.ccgp.gov.cn/oss/download?uuid=97D8F3F13A4E8659468CA297845128""}, {""attach_name"": ""需求调查资料1.zip"", ""attach_url"": ""https://download.ccgp.gov.cn/oss/download?uuid=721BBCDB87F2899C951A5710AE46F4""}, {""attach_name"": ""重庆高新技术产业开发区消防救援支队家具采购项目需求调查（第二次）.docx"", ""attach_url"": ""https://download.ccgp.gov.cn/oss/download?uuid=F2C83BC901D357FC64FBD02B86A234""}]",https://www.ccgp.gov.cn/cggg/zygg/qtgg/202609/t20260904_27269140.htm,2026-09-10 10:11:03,根据《中华人民共和国政府采购法》等有关规定，现对重庆高新技术产业开发区消防救援支队各消防救援站家具采购项目进行其他招标，欢迎合格的供应商前来投标。 项目名称：重庆高新技术产业开发区消防救援支队各消防救援站家具采购项目项目编号：项目联系方式：项目联系人：薛宇项目联系电话：15523567401 采购单位联系方式：采购单位：重庆高新技术产业开发区消防救援支队采购单位地址：重庆市沙坪坝区思贤路17号附47号采购单位联系方式：薛宇 15523567401  一、采购项目内容重庆高新技术产业开发区消防救援支队家具采购项目需求调查（第二次） 重庆高新技术产业开发区消防救援支队拟对家具采购项目开展采购需求调查工作，欢迎具有合格资质且有良好信誉和售后服务能力的供应商积极报送资料。一、需求调查内容包含但不限于潜在供应商具有的相关资质、所获荣誉、服务业绩及案例情况、可能涉及的运行维护、备品备件、耗材等后续采购等相关信息。二、需求调查方式问卷调查。三、需求调查对象具备相应服务能力和资质的供应商。四、报送要求1.资料报送时间：2026年9月4日-2026年9月10日12：00。2.资料报送清单《附件-需求调查资料1》、《附件-需求调查资料2》、《供货期限承诺书》（格式自拟）3.资料报送要求：请各供应商在规定时间内将下列文件发至指定邮箱请各供应商在规定时间内将下列 3 份文件发至指定邮箱（453723876@qq.com），邮件命名为“设备序号-品牌-重庆高新区消防支队家具采购”：（1）《附件-需求调查资料1》和《附件-需求调查资料2》（Word 可编辑版），文件命名为“设备序号-品牌-重庆高新区消防支队家具采购”。（2）将《附件-需求调查资料1》和《附件-需求调查资料2》加盖供应商公章后扫描成一个 PDF 文件，文件命名为“设备序号-品牌-重庆高新区消防支队家具采购”。（3）《供货期限承诺书》加盖供应商公章后扫描成一个 PDF 文件。（4）请供应商根据采购标的需实现的主要功能或者目标推荐设备，若供应商同时推荐多个设备，可将所有文件整体打包发送至指定邮箱。五、其他说明本次公开的采购需求是采购工作的初步安排，具体采购项目情况以相关采购公告和采购文件为准。资料收集仅用于采购前参考，递交问卷调查表应当写明供应商名称、联系人及联系电话并加盖单位印章（需加盖骑缝章），以备重庆市政府采购中心或采购人后续联系供应商做进一步采购需求调查工作。采购人是否采纳均不影响供应商参与本项目后续采购活动，对供应商所提出的意见建议不作书面回复。 重庆高新技术产业开发区消防救援支队2026年9月4日联系人：薛宇联系电话：155-2356-7401 二、开标时间： 三、其它补充事宜 四、预算金额：预算金额：0.000000 万元（人民币）,公共安全,,中国政府采购网,,0.0,table,,,,,,,,,,,
重庆高新技术产业开发区消防救援支队给养配送服务项目需求调查公告（第二次）,其他公告,,2026年09月04日 16:21,重庆市,重庆高新技术产业开发区消防救援支队,重庆市沙坪坝区思贤路17号附47号,薛宇 15523567401,详见公告正文,详见公告正文,详见公告正文,薛宇,15523567401,"附件1：采购需求问卷调查表.docx,重庆高新技术产业开发区消防救援支队给养配送服务项目需求调查（第二次）.docx,附件2：需求公示表.xls,附件3：需求公示修改建议书.doc,附件4：技术和商务参数征求意见稿.doc","[{""attach_name"": ""附件1：采购需求问卷调查表.docx"", ""attach_url"": ""https://download.ccgp.gov.cn/oss/download?uuid=84ACD81A9AD7436BFD60C3C87BBE91""}, {""attach_name"": ""重庆高新技术产业开发区消防救援支队给养配送服务项目需求调查（第二次）.docx"", ""attach_url"": ""https://download.ccgp.gov.cn/oss/download?uuid=A6BB32DFA780270A5CD9FF2837F3EB""}, {""attach_name"": ""附件2：需求公示表.xls"", ""attach_url"": ""https://download.ccgp.gov.cn/oss/download?uuid=B1E622599882F0E0E2DA73A1FE6EB7""}, {""attach_name"": ""附件3：需求公示修改建议书.doc"", ""attach_url"": ""https://download.ccgp.gov.cn/oss/download?uuid=CC32F695F8795596943A28DFBBFB8D""}, {""attach_name"": ""附件4：技术和商务参数征求意见稿.doc"", ""attach_url"": ""https://download.ccgp.gov.cn/oss/download?uuid=EE518444B6C5F384884EFF7607D7ED""}]",https://www.ccgp.gov.cn/cggg/zygg/qtgg/202609/t20260904_27269077.htm,2026-09-10 10:11:04,根据《中华人民共和国政府采购法》等有关规定，现对重庆高新技术产业开发区消防救援支队给养配送服务项目进行其他招标，欢迎合格的供应商前来投标。 项目名称：重庆高新技术产业开发区消防救援支队给养配送服务项目项目编号：项目联系方式：项目联系人：薛宇项目联系电话：15523567401 采购单位联系方式：采购单位：重庆高新技术产业开发区消防救援支队采购单位地址：重庆市沙坪坝区思贤路17号附47号采购单位联系方式：薛宇 15523567401  一、采购项目内容重庆高新技术产业开发区消防救援支队给养配送服务项目需求调查（第二次） 重庆高新技术产业开发区消防救援支队对给养配送服务开展需求调查工作，欢迎具有合格资质且有良好信誉和供应能力的供应商积极报送资料。一、需求调查概况本项目为重庆高新技术产业开发区消防救援支队给养配送服务采购，供应商需提供早、中、晚餐及执勤值班餐相应食材。分别为禽肉类、蔬果及干副粮油类。本次采购共分2个包，其中包2专门面向小微企业采购，投标人应为小微企业，符合资格的投标人可同时对两个包进行投标，但只能成为其中一个包的第一中标候选人，若同一投标人在两个包中得分排名第一，评标委员会根据投标人在开标一览表中自行填报的优先中标顺序确定对应包的第一中标候选人，则其他包由该包得分排名的下一位投标人成为第一中标候选人，以此类推。优先中标顺序必须在投标文件的开标一览表中填写。其中包1禽肉类预算226万元，包2蔬果及干副粮油类181万元。资金来源中央财政经费、地方财政经费、其他经费。2026年招标预算金额为407万元，资金已落实；2027年度预算金额来自该年度财政部门批复后资金。二、需求调查内容包含但不限于相关产业发展情况、市场供给情况、同类采购项目历史成交信息、能否具备良好的产品供货渠道等支撑能力、是否具备给养配送服务的能力，以及其他相关情况。三、预算金额本项目2026年招标预算金额为407万元。四、其他事项（一）调查方法。需求调查以问卷调查的方式进行，请各单位于2026年9月10日12：00（北京时间）前，将加盖公章的问卷调查表PDF电子档以及word档发送至指定邮箱453723876@qq.com。邮件名称为“供应商名称+重庆高新区消防支队给养配送采购需求调查资料”（二）联系人。重庆高新技术产业开发区消防救援支队：薛宇联系电话：155-2356-7401（三）其他说明。递交问卷调查表应当写明供应商名称、联系人及联系电话并加盖单位公章。采购人是否采纳均不影响供应商参与本项目后续采购活动，对供应商所提出的意见建议不作书面回复。 附件：1.采购需求问卷调查表      2.需求公示表      3.需求公示修改建议书      4.技术和商务参数征求意见稿                        重庆高新技术产业开发区消防救援支队                                                2026年9月4日  二、开标时间： 三、其它补充事宜 四、预算金额：预算金额：0.000000 万元（人民币）,公共安全,,中国政府采购网,,0.0,table,,,,,,,,,,,
重庆高新技术产业开发区消防救援支队大学城消防救援站维修改造项目需求调查公告（第二次）,其他公告,,2026年09月04日 16:19,重庆市,重庆高新技术产业开发区消防救援支队,重庆市沙坪坝区思贤路17号附47号,薛宇 15523567401,详见公告正文,详见公告正文,详见公告正文,薛宇,15523567401,"附件3：技术和商务参数征求意见稿.doc,附件1：需求公示表.xls,重庆高新技术产业开发区消防救援支队大学城消防救援站维修改造项目需求调查（第二次）.docx,附件2：需求公示修改建议书.doc","[{""attach_name"": ""附件3：技术和商务参数征求意见稿.doc"", ""attach_url"": ""https://download.ccgp.gov.cn/oss/download?uuid=FEF6B220D469B7B5A04164C92760DB""}, {""attach_name"": ""附件1：需求公示表.xls"", ""attach_url"": ""https://download.ccgp.gov.cn/oss/download?uuid=B3BF979A44B2107DB904C6996526EC""}, {""attach_name"": ""重庆高新技术产业开发区消防救援支队大学城消防救援站维修改造项目需求调查（第二次）.docx"", ""attach_url"": ""https://download.ccgp.gov.cn/oss/download?uuid=F45E5B1DC421272597D65C78731D09""}, {""attach_name"": ""附件2：需求公示修改建议书.doc"", ""attach_url"": ""https://download.ccgp.gov.cn/oss/download?uuid=7FF858C8AD406F2F11EAC9173961E2""}]",https://www.ccgp.gov.cn/cggg/zygg/qtgg/202609/t20260904_27269835.htm,2026-09-10 10:11:05,根据《中华人民共和国政府采购法》等有关规定，现对重庆高新技术产业开发区消防救援支队大学城消防救援站维修改造项目进行其他招标，欢迎合格的供应商前来投标。 项目名称：重庆高新技术产业开发区消防救援支队大学城消防救援站维修改造项目项目编号：项目联系方式：项目联系人：薛宇项目联系电话：15523567401 采购单位联系方式：采购单位：重庆高新技术产业开发区消防救援支队采购单位地址：重庆市沙坪坝区思贤路17号附47号采购单位联系方式：薛宇 15523567401  一、采购项目内容重庆高新技术产业开发区消防救援支队大学城消防救援站维修改造项目需求调查（第二次） 高新区消防救援支队拟对大学城消防救援站维修改造项目技术参数开展采购需求调查工作，欢迎具有合格资质且有良好信誉和售后服务能力的供应商积极报送资料。一、需求调查内容供应商相关资质以及设备技术参数、商务条款、可能涉及的运行维护、备品备件、耗材等后续采购等相关信息。二、需求调查方式网上公开调查。三、需求调查对象具备相应服务能力和资质的供应商。四、报送要求1.资料报送时间：2026年9月4日-2026年9月10日12：00。2.报送资料清单：（1）供应商简介。（2）供应商资质材料、营业执照复印件。（3）产品相关证明材料。3.资料报送要求：请各供应商在规定时间内将下列3份文件发至指定邮箱（453723876@qq.com），邮件名称为“供应商名称+大学城消防救援站维修改造项目）：（1）附件2的Word可编辑版。（2）将附件2加盖供应商公章后扫描成一个PDF文件，文件名为“供应商名称+大学城消防救援站维修改造项目”。（3）请将供应商简介、供应商资质材料、营业执照复印件、产品相关证明材料等扫描发送至制定邮箱。五、其他说明本次公开的需求调查是采购项目的初步安排，具体以最终发布的招标文件为准。资料收集仅用于采购前参考，表格应当写明供应商名称、联系人及联系电话并加盖单位印章。 附件：1.需求公示表2.需求公示修改建议书3.技术和商务参数征求意见稿   重庆高新技术产业开发区消防救援支队2026年9月4日联系人：薛宇联系电话：155-2356-7401  二、开标时间： 三、其它补充事宜 四、预算金额：预算金额：0.000000 万元（人民币）,教育培训,,中国政府采购网,,0.0,table,,,,,,,,,,,
某单位2026年度执勤化装服采购项目（二次）流标公告,流标公告,JLHY-2026-0805,2026年09月04日 16:16,长春市,SPD-A13,长春市,张先生0431-88927836,吉林桓宇工程项目管理有限公司,长春市绿园区吾悦广场C座25层,王禹13756073668,王禹,13756073668,,,https://www.ccgp.gov.cn/cggg/zygg/qtgg/202609/t20260904_27268986.htm,2026-09-10 10:11:05,一、项目基本情况 采购项目编号：JLHY-2026-0805 采购项目名称：某单位2026年度执勤化装服采购项目（二次） 二、项目废标/流标的原因 本项目自主大额采购公告发布后，截至获取采购文件截止时间，有效获取采购文件的供应商数量不足三家，不满足法定开标及评审竞争条件，本次招标工作终止，作流标处理 三、其他补充事宜 四、凡对本次公告内容提出询问，请按以下方式联系。 1.采购人信息 名 称：SPD-A13 地址：长春市 联系方式：张先生0431-88927836 2.采购代理机构信息 名 称：吉林桓宇工程项目管理有限公司 地 址：长春市绿园区吾悦广场C座25层 联系方式：王禹13756073668 3.项目联系方式 项目联系人：王禹 电 话： 13756073668,工程建设,,中国政府采购网,,,default,二、项目废标/流标的原因,,,,,,,,,,
昆山市消防救援大队关于昆山市消防救援大队人员2026年意外综合保险项目比选公告,其他公告,JYKFCG2026-BX02,2026年09月04日 16:16,昆山市,昆山市消防救援大队,昆山市雁荡山路66号,吴工，0512-55115200,中企华建友工程管理有限公司,昆山市登云路258号汇金财富广场B栋904室,贾凤麟 0512-57001288,吴工,0512-55115200,,,https://www.ccgp.gov.cn/cggg/zygg/qtgg/202609/t20260904_27268984.htm,2026-09-10 10:11:06,中企华建友工程管理有限公司受昆山市消防救援大队 委托，根据《中华人民共和国政府采购法》等有关规定，现对昆山市消防救援大队人员2026年意外综合保险进行其他招标，欢迎合格的供应商前来投标。 项目名称：昆山市消防救援大队人员2026年意外综合保险项目编号：JYKFCG2026-BX02项目联系方式：项目联系人：吴工项目联系电话：0512-55115200 采购单位联系方式：采购单位：昆山市消防救援大队采购单位地址：昆山市雁荡山路66号采购单位联系方式：吴工，0512-55115200 代理机构联系方式：代理机构：中企华建友工程管理有限公司代理机构联系人：贾凤麟 0512-57001288代理机构地址： 昆山市登云路258号汇金财富广场B栋904室 一、采购项目内容受昆山市消防救援大队委托，中企华建友工程管理有限公司对其所需的昆山市消防救援大队人员2026年意外综合保险项目组织比选采购，欢迎符合条件的供应商前来参与。一、项目基本情况1.项目编号：JYKFCG2026-BX022.项目名称：昆山市消防救援大队人员2026年意外综合保险3.预算金额：人民币贰拾肆万叁仟零捌拾元整（¥243080.00元）4.最高限价：人民币贰拾肆万叁仟零捌拾元整（¥243080.00元）5.采购需求：昆山市消防救援大队国家队指战员、专职队员、消防文员采购人身意外险，具体要求详见采购文件第四章采购需求。6.服务期：1年，起保日期以付款后保单出具日期为准。7.本项目（是/否）接受联合体投标：否。二、供应商资格要求（一）满足《中华人民共和国政府采购法》第二十二条规定：1.具有独立承担民事责任的能力；（提供法人或者其他组织的营业执照，本项目属于保险行业，允许分支机构参与投标）2.具有良好的商业信誉和健全的财务会计制度；（提供承诺书，格式自拟）3.具有履行合同所必需的设备和专业技术能力；（提供承诺书，格式自拟）4.具有依法缴纳税收和社会保障资金的良好记录；（提供承诺书，格式自拟）5.参加政府采购活动前三年内，在经营活动中没有重大违法记录；（提供承诺书，格式自拟）（二）落实政府采购政策需满足的资格要求：无（三）本项目的特定资格要求：1.供应商为经国家金融监督管理部门（原银保监会）批准设立的保险公司，具有《保险许可证》（业务范围须包含本项目采购内容）；（本项目允许分支机构参加投标，但总公司不得与其分支机构同时参加本项目的投标；同一个保险公司的不同分支机构不得同时参加本项目的投标。提供保险许可证，分支机构参与投标的，还需提供总公司出具的授权材料及总公司的保险许可证）2.非法定代表人（或负责人）办理获取文件事宜的，须提供授权委托书原件、法定代表人（或负责人）身份证复印件、代理人身份证复印件及供应商为其缴纳的近期社保证明；3.单位负责人为同一人或者存在直接控股、管理关系的不同供应商，不得同时参加本次采购活动；（提供“国家企业信用信息公示系统”网站查询截图，须体现股东及出资信息）4.根据“信用中国”网站的查询信息，对列入失信被执行人名单、重大税收违法失信主体名单、采购严重违法失信行为记录名单的供应商，拒绝其参与本次采购活动；（提供网站对应查询截图）5.根据“国家企业信用信息公示系统”网站的查询信息，对列入严重违法失信企业名单（黑名单）的供应商，拒绝其参与本次采购活动。（提供网站对应查询截图）三、获取采购文件1.供应商在获取采购文件时须向采购代理机构提供符合以上资格要求的证明材料装订成册并加盖公章，一式叁份（盖章版扫描件现场U盘提供或邮件发送至206478070@qq.com）。供应商资格证明材料可以采用现场或邮寄方式递交，采用邮寄方式递交的，以采购代理机构收到时间为准。只有通过初步审查的供应商方可获取采购文件。2.获取时间：自本公告发布之日起至2026年09月11日17：00（北京时间）3.递交资格证明材料地点：昆山市登云路258号汇金财富广场B栋904室4.费用：本套采购文件获取费用为人民币叁佰元整，售后不退。四、响应文件接收信息1.开始接收时间：2026年09月21日13：30（北京时间）2.接收截止时间：2026年09月21日14：00（北京时间）3.接收地点：昆山市登云路258号汇金财富广场B栋9楼综合开标室4.接收人：中企华建友工程管理有限公司5.投标文件份数：书面投标文件壹正贰副，电子投标文件壹份五、开标有关信息1.开标时间：2026年09月21日14：00（北京时间）2.开标地点：昆山市登云路258号汇金财富广场B栋9楼综合开标室六、公告发布信息1.公告期限：自本公告发布之日起5个工作日。2.本招标公告在中国政府采购网上发布。七、其他补充事项1.投标保证金：为响应昆政办发〔2020〕26号文件精神，本项目以投标承诺函形式替代缴纳投标保证金。（承诺函格式见本项目采购文件）2.履约保证金：无八、联系事项1.采购人：昆山市消防救援大队地址：昆山市雁荡山路66号联系人：吴工              联系电话：0512-551152002.采购代理人（机构）：中企华建友工程管理有限公司地址：昆山市登云路258号汇金财富广场B栋904室联系人：贾凤麟             联系电话：0512-57001288 二、开标时间：2026年09月21日 14:00 三、其它补充事宜无 四、预算金额：预算金额：24.308000 万元（人民币）,公共安全,2026-09-21 14:00,中国政府采购网,,24.308,table,,,,,,,,,,,
昆山市消防救援大队关于昆山市消防救援大队雁荡山路特勤站78米举高车保养项目比选公告,其他公告,JYKFCG2026-BX03,2026年09月04日 16:16,昆山市,昆山市消防救援大队,昆山市雁荡山路66号,吴工，0512-55115200,中企华建友工程管理有限公司,昆山市登云路258号汇金财富广场B栋904室,贾凤麟 0512-57001288,吴工,0512-55115200,,,https://www.ccgp.gov.cn/cggg/zygg/qtgg/202609/t20260904_27268988.htm,2026-09-10 10:11:07,中企华建友工程管理有限公司受昆山市消防救援大队 委托，根据《中华人民共和国政府采购法》等有关规定，现对昆山市消防救援大队雁荡山路特勤站78米举高车保养项目进行其他招标，欢迎合格的供应商前来投标。 项目名称：昆山市消防救援大队雁荡山路特勤站78米举高车保养项目项目编号：JYKFCG2026-BX03项目联系方式：项目联系人：吴工项目联系电话：0512-55115200 采购单位联系方式：采购单位：昆山市消防救援大队采购单位地址：昆山市雁荡山路66号采购单位联系方式：吴工，0512-55115200 代理机构联系方式：代理机构：中企华建友工程管理有限公司代理机构联系人：贾凤麟 0512-57001288代理机构地址： 昆山市登云路258号汇金财富广场B栋904室 一、采购项目内容受昆山市消防救援大队委托，中企华建友工程管理有限公司对其所需的昆山市消防救援大队雁荡山路特勤站78米举高车保养项目组织比选采购，欢迎符合条件的供应商前来参与。一、项目基本情况1.项目编号：JYKFCG2026-BX032.项目名称：昆山市消防救援大队雁荡山路特勤站78米举高车保养项目3.预算金额：人民币壹拾柒万玖仟元整（¥179000.00元）4.最高限价：人民币壹拾柒万玖仟元整（¥179000.00元）5.采购需求：对雁荡山路特勤站78米举高车进行上装保养，具体要求详见采购文件第四章采购需求。6.服务期：合同签订后一个月内完成全部维保及调试工作，通过验收并交付采购人使用。7.本项目（是/否）接受联合体投标：否。二、供应商资格要求（一）满足《中华人民共和国政府采购法》第二十二条规定：1.具有独立承担民事责任的能力；（提供法人或者其他组织的营业执照）2.具有良好的商业信誉和健全的财务会计制度；（提供承诺书，格式自拟）3.具有履行合同所必需的设备和专业技术能力；（提供承诺书，格式自拟）4.具有依法缴纳税收和社会保障资金的良好记录；（提供承诺书，格式自拟）5.参加政府采购活动前三年内，在经营活动中没有重大违法记录；（提供承诺书，格式自拟）（二）落实政府采购政策需满足的资格要求：无（三）本项目的特定资格要求：1.供应商为通过交通运输主管部门备案的一类或二类汽车维修单位，备案经营范围至少包括大型货车维修；（提供机动车维修经营备案证明或备案表）2.非法定代表人办理获取文件事宜的，须提供授权委托书原件、法定代表人身份证复印件、代理人身份证复印件及供应商为其缴纳的近期社保证明；3.单位负责人为同一人或者存在直接控股、管理关系的不同供应商，不得同时参加本次采购活动；（提供“国家企业信用信息公示系统”网站查询截图，须体现股东及出资信息）4.根据“信用中国”网站的查询信息，对列入失信被执行人名单、重大税收违法失信主体名单、采购严重违法失信行为记录名单的供应商，拒绝其参与本次采购活动；（提供网站对应查询截图）5.根据“国家企业信用信息公示系统”网站的查询信息，对列入严重违法失信企业名单（黑名单）的供应商，拒绝其参与本次采购活动。（提供网站对应查询截图）三、获取采购文件1.供应商在获取采购文件时须向采购代理机构提供符合以上资格要求的证明材料装订成册并加盖公章，一式叁份（盖章版扫描件现场U盘提供或邮件发送至206478070@qq.com）。供应商资格证明材料可以采用现场或邮寄方式递交，采用邮寄方式递交的，以采购代理机构收到时间为准。只有通过初步审查的供应商方可获取采购文件。2.获取时间：自本公告发布之日起至2026年09月11日17：00（北京时间）3.递交资格证明材料地点：昆山市登云路258号汇金财富广场B栋904室4.费用：本套采购文件获取费用为人民币叁佰元整，售后不退。四、响应文件接收信息1.开始接收时间：2026年09月17日09：00（北京时间）2.接收截止时间：2026年09月17日09：30（北京时间）3.接收地点：昆山市登云路258号汇金财富广场B栋9楼综合开标室4.接收人：中企华建友工程管理有限公司5.投标文件份数：书面投标文件壹正贰副，电子投标文件壹份五、开标有关信息1.开标时间：2026年09月17日09：30（北京时间）2.开标地点：昆山市登云路258号汇金财富广场B栋9楼综合开标室六、公告发布信息1.公告期限：自本公告发布之日起5个工作日。2.本招标公告在中国政府采购网上发布。七、其他补充事项1.投标保证金：为响应昆政办发〔2020〕26号文件精神，本项目以投标承诺函形式替代缴纳投标保证金。（承诺函格式见本项目采购文件）2.履约保证金：无八、联系事项1.采购人：昆山市消防救援大队地址：昆山市雁荡山路66号联系人：吴工              联系电话：0512-551152002.采购代理人（机构）：中企华建友工程管理有限公司地址：昆山市登云路258号汇金财富广场B栋904室联系人：贾凤麟             联系电话：0512-57001288 二、开标时间：2026年09月17日 09:30 三、其它补充事宜无 四、预算金额：预算金额：17.900000 万元（人民币）,公共安全,2026-09-17 09:30,中国政府采购网,,17.9,table,,,,,,,,,,,
中国科学院动物研究所适应气候变化的植物多样性监测(台站网络)11-3-自组网实时传输红外相机、自组网中心处理基站采购项目废标公告,流标公告,OITC-G260172058,2026年09月04日 16:03,北京市,中国科学院动物研究所,北京市朝阳区北辰西路1号院5号,袁老师 010-64807573,东方国际招标有限责任公司,北京市海淀区丹棱街1号互联网金融中心20层,迟兆洋、叶明、芮虎峥、荀笑尘 010-68240583、010-68290548/0589/0585,迟兆洋、叶明、芮虎峥、荀笑尘,010-68240583、010-68290548,适应气候变化的植物多样性监测(台站网络)11-3发布稿.docx,"[{""attach_name"": ""适应气候变化的植物多样性监测(台站网络)11-3发布稿.docx"", ""attach_url"": ""https://download.ccgp.gov.cn/oss/download?uuid=87A39952565B3998E484A957577688""}]",https://www.ccgp.gov.cn/cggg/zygg/qtgg/202609/t20260904_27268690.htm,2026-09-10 10:11:07,一、项目基本情况 采购项目编号：OITC-G260172058 采购项目名称：中国科学院动物研究所适应气候变化的植物多样性监测(台站网络)11-3-自组网实时传输红外相机、自组网中心处理基站采购项目 二、项目废标/流标的原因 第一包：实质性满足招标文件要求的投标人不足三家，本项目废标。第二包：实质性满足招标文件要求的投标人不足三家，本项目废标。 三、其他补充事宜 无。 四、凡对本次公告内容提出询问，请按以下方式联系。 1.采购人信息 名 称：中国科学院动物研究所 地址：北京市朝阳区北辰西路1号院5号 联系方式：袁老师 010-64807573 2.采购代理机构信息 名 称：东方国际招标有限责任公司 地 址：北京市海淀区丹棱街1号互联网金融中心20层 联系方式：迟兆洋、叶明、芮虎峥、荀笑尘 010-68240583、010-68290548/0589/0585 3.项目联系方式 项目联系人：迟兆洋、叶明、芮虎峥、荀笑尘 电 话： 010-68240583、010-68290548/0589/0585/ mye@oitc.com.cn、xcxun@oitc.com.cn、hzrui@oitc.com.cn,教育培训,,中国政府采购网,,,default,二、项目废标/流标的原因,,,,,,,,,,
四川省成都市青羊区消防救援大队2026年零星维修服务采购项目废标公告,流标公告,SCZS-F,2026年09月04日 16:02,四川省,成都市青羊区消防救援大队,成都市青羊区江汉路150号,严老师028-61867119,四川咨森招标代理有限公司,成都市高新区吉泰路666号福年广场T2栋2109号,何女士、李女士028-08550515,何女士、李女士,028-08550515,,,https://www.ccgp.gov.cn/cggg/zygg/qtgg/202609/t20260904_27268686.htm,2026-09-10 10:11:08,一、项目基本情况 采购项目编号：SCZS-F[2026]124号 采购项目名称：四川省成都市青羊区消防救援大队2026年零星维修服务采购项目 二、项目废标/流标的原因 因通过资格性审查的供应商不足三家，故本项目废标。 三、其他补充事宜 / 四、凡对本次公告内容提出询问，请按以下方式联系。 1.采购人信息 名 称：成都市青羊区消防救援大队 地址：成都市青羊区江汉路150号 联系方式：严老师028-61867119 2.采购代理机构信息 名 称：四川咨森招标代理有限公司 地 址：成都市高新区吉泰路666号福年广场T2栋2109号 联系方式：何女士、李女士028-08550515 3.项目联系方式 项目联系人：何女士、李女士 电 话： 028-08550515,公共安全,,中国政府采购网,,,default,二、项目废标/流标的原因,,,,,,,,,,
2026年中央财经大学燃气调压箱维保和燃气报警器检测比选公告,其他公告,FW-2026026-FHGJ,2026年09月04日 16:00,市辖区,中央财经大学,北京市海淀区学院南路39号,常老师 010-62289113,北京泛华国金工程咨询有限公司,北京市海淀区阜外亮甲店1号恩济西园产业园16号楼A座,赵井、林铮  15001081357,赵井、林铮,15001081357,,,https://www.ccgp.gov.cn/cggg/zygg/qtgg/202609/t20260904_27268659.htm,2026-09-10 10:11:09,北京泛华国金工程咨询有限公司受中央财经大学 委托，根据《中华人民共和国政府采购法》等有关规定，现对2026年中央财经大学燃气调压箱维保和燃气报警器检测进行其他招标，欢迎合格的供应商前来投标。 项目名称：2026年中央财经大学燃气调压箱维保和燃气报警器检测项目编号：FW-2026026-FHGJ项目联系方式：项目联系人：赵井、林铮项目联系电话：15001081357 采购单位联系方式：采购单位：中央财经大学采购单位地址：北京市海淀区学院南路39号采购单位联系方式：常老师 010-62289113 代理机构联系方式：代理机构：北京泛华国金工程咨询有限公司代理机构联系人：赵井、林铮 15001081357代理机构地址： 北京市海淀区阜外亮甲店1号恩济西园产业园16号楼A座 一、采购项目内容 项目概况2026年中央财经大学燃气调压箱维保和燃气报警器检测的潜在供应商应在线上邮件获取采购文件，并于2026年09月14日10点00分（北京时间）前提交响应文件。 （一）项目基本情况项目编号：FW-2026026-FHGJ项目名称：2026年中央财经大学燃气调压箱维保和燃气报警器检测采购方式：比选预算金额：人民币43.168万元最高限价（如有）：人民币43.168万元采购需求： 序号 标的名称 最高限价 简要技术需求或服务要求 1 2026年中央财经大学燃气调压箱维保和燃气报警器检测 43.168万元 （1）中央财经大学沙河校区： ①校区红线以内至调压箱出口的管线、东/西区调压箱共 5 座（A类2座、B 类3座）、闸井5座、表房5座的维修、检修、维护以及日常保养和运行管理。 ②燃气报警器及一氧化碳报警器检测：东锅炉房22个，一氧化碳报警器2个、西锅炉房31个，一氧化碳报警器2个、北锅炉房燃气报警器29个，一氧化碳报警器2个，共计燃气报警器 82 个，一氧化碳报警器6个，所有设备均需在合同期内完成检测并出具报告，合同期内如有损坏需提供免费更换服务。 （2）中央财经大学学院南路校区、清河校区： ①学院南路校区中财大厦东侧 2 座、锅炉房 1 座、清河校区 1 座，合计 4 座燃气调压箱的维修、检修、维护以及日常保养。 ②南路校区食堂区域燃气报警器93个、中财大厦锅炉房燃气报警器6个、锅炉房燃气报警器33个一氧化碳报警器10个，对以上所有共计142个报警器检测，最终数量以现场实际改造后数量为准，合同期内须全部完成检测并出具报告，合同期内如有损坏需提供免费更换服务。 （3）其他维保设备据实结算。 地点：中央财经大学沙河校区、学院南路校区、清河校区合同履行期限：自合同签订之日起至2027年11月30日。本项目 不接受 接受联合体参选。（二）申请人的资格要求1.满足《中华人民共和国政府采购法》第二十二条规定；2.落实政府采购政策需满足的资格要求：（1）不专门面向中小企业采购，不专门面向小型、微型企业采购。3.本项目的特定资格要求：（1）遵守国家有关法律、法规、规章；（2）单位负责人为同一人或者存在直接控股、管理关系的不同供应商，不得同时参加本项目的投标。（3）为本项目采购需求提供整体设计、规范编制或者项目管理、监理、检测等服务的供应商，不得再参加本项目的投标。（4）通过“信用中国”网站（www.creditchina.gov.cn）和中国政府采购网（www.ccgp.gov.cn）查询信用记录（截止时点为投标截止时间），对列入失信被执行人、重大税收违法失信主体、政府采购严重违法失信行为记录名单的供应商，没有资格参加本次采购活动。（5）供应商必须向招标代理机构获取比选文件。（三）获取采购文件时间：2026年09月07日至2026年09月09日，每天上午9:00至11:30，下午13:30至17:00（北京时间，法定节假日除外）地点：线上邮件获取方式：线上报名获取（潜在供应商需将以下资料发送到fhcy71@pgecc.com的邮箱，并电话（15001081357）通知招标代理公司工作人员，经查验合格后发送电子版获取文件登记表，填写登记后，标书费打款到指定账号后，将以电子版比选文件通过邮箱的方式发送到供应商。邮件主题为“项目名称+潜在供应商名称”，邮件正文写明潜在供应商联系人和电话。格式为PDF文件盖章扫描件。获取文件时需提供以下资料：如领取人为法定代表人：供应商单位开具的法定代表人身份证明原件、法定代表人本人身份证原件及加盖公章复印件；如领取人为授权代理人：法定代表人授权委托书原件（内容自拟，但必须包括法定代表人签字或人名章，单位公章，以及授权事项必须包含针对本项目领取文件事宜）、领取人本人身份证原件及加盖公章复印件。 售价：人民币500元/本；比选文件售后不退。（四）响应文件提交截止时间：2026年09月14日上午10：00（北京时间）地点：北京市海淀区阜外亮甲店1号恩济西园产业园16号楼A座213会议室（五）开启时间：2026年09月14日上午10：00（北京时间）地点：北京市海淀区阜外亮甲店1号恩济西园产业园16号楼A座213会议室（六）公告期限自本公告发布之日起3个工作日。（七）其他补充事宜1、本项目比选公告在中国政府采购网、中央财经大学网站上发布。2、供应商法定代表人或其本项目的授权代表须参加比选。3、本项目落实的政府采购政策：节能产品强制采购；节能产品、环境标志产品优先采购；扶持不发达地区和少数民族地区；政府采购促进中小企业发展；政府采购支持监狱企业、戒毒企业发展；政府采购促进残疾人就业；政府采购信用担保；政府采购异常低价审查；进口产品管理等。（八）凡对本次采购提出询问，请按以下方式联系。1.采购人信息名    称：中央财经大学地    址：北京市海淀区学院南路39号联系方式：常老师 010-622891132.采购代理机构信息名    称：北京泛华国金工程咨询有限公司地  址：北京市海淀区阜外亮甲店1号恩济西园产业园16号楼A座联系方式：150010813573.项目联系方式项目联系人：赵井、林铮         电    话：15001081357 二、开标时间：2026年09月14日 10:00 三、其它补充事宜无 四、预算金额：预算金额：43.168000 万元（人民币）,教育培训,2026-09-14 10:00,中国政府采购网,比选,43.168,table,,,,,,,,,,,
大连保税区消防救援大队2026年消防装备采购需求调查公告,其他公告,/,2026年09月04日 15:54,大连市,大连保税区消防救援大队,大连市保税区通港路117号,孙宝振15566663173,大连市政府采购中心,大连市甘井子区东北北路101号,石凯0411-65851242,孙宝振,15566663173,"大连保税区消防救援大队装备性能.xlsx,大连保税区消防救援大队消防装备采购需求调查咨询函.doc","[{""attach_name"": ""大连保税区消防救援大队装备性能.xlsx"", ""attach_url"": ""https://download.ccgp.gov.cn/oss/download?uuid=B4F608D4997A1DC4BFE286484B3496""}, {""attach_name"": ""大连保税区消防救援大队消防装备采购需求调查咨询函.doc"", ""attach_url"": ""https://download.ccgp.gov.cn/oss/download?uuid=DEE05CE0034619FF16A4D13C43E2D0""}]",https://www.ccgp.gov.cn/cggg/zygg/qtgg/202609/t20260904_27268549.htm,2026-09-10 10:11:09,大连市政府采购中心受大连保税区消防救援大队 委托，根据《中华人民共和国政府采购法》等有关规定，现对大连保税区消防救援大队2026年消防装备采购需求调查进行其他招标，欢迎合格的供应商前来投标。 项目名称：大连保税区消防救援大队2026年消防装备采购需求调查项目编号：/项目联系方式：项目联系人：孙宝振项目联系电话：15566663173 采购单位联系方式：采购单位：大连保税区消防救援大队采购单位地址：大连市保税区通港路117号采购单位联系方式：孙宝振15566663173 代理机构联系方式：代理机构：大连市政府采购中心代理机构联系人：石凯0411-65851242代理机构地址： 大连市甘井子区东北北路101号 一、采购项目内容尊敬的各位供应商：为做好消防装备采购工作，按照上级有关规定，现就我单位2026年拟采购的消防装备面向市场主体开展需求调查。特此邀请各位供应商根据我单位提出的装备名称，结合辽宁地区实际情况，选择符合国家综合性消防救援队伍使用要求的产品，填写装备的品牌型号、技术参数、价格（单价）后反馈给我单位，反馈函模板详见附件。所填写资料将为采购人提供决策参考，切勿填写虚假信息，内容填写后请加盖公章，并于2026年9月15日前将盖章扫描件和电子档一并发送到726556166@qq.com。 二、开标时间： 三、其它补充事宜 四、预算金额：预算金额：0.000000 万元（人民币）,公共安全,,中国政府采购网,,0.0,table,,,,,,,,,,,
哈尔滨工程大学远航大学生活动中心外墙保温装饰工程评标结果公示,其他公告,FJ0101G260807002001,2026年09月04日 15:51,黑龙江省,哈尔滨工程大学,哈尔滨市南岗区南通大街145号,杨帆、杜佳媛、张庆贺、张登  0451-82519863,黑龙江中冠项目管理有限公司,哈尔滨市道里区友谊西路2982号,庞女士   0451-82663366转8005,庞女士,0451-82663366转8005,,,https://www.ccgp.gov.cn/cggg/zygg/qtgg/202609/t20260904_27268489.htm,2026-09-10 10:11:10,一、项目基本情况 采购项目编号：FJ0101G260807002001 采购项目名称：哈尔滨工程大学远航大学生活动中心外墙保温装饰工程 二、项目废标/流标的原因 无 三、其他补充事宜 哈尔滨工程大学远航大学生活动中心外墙保温装饰工程评标结果公示项目编号：FJ0101G260807002001哈尔滨工程大学远航大学生活动中心外墙保温装饰工程于2026年9月4日9时30分在哈尔滨市公共资源交易中心开标、评标，现已按照招标文件的规定完成评标工作。现将本项目评标结果公示如下：一、项目名称：哈尔滨工程大学远航大学生活动中心外墙保温装饰工程二、招标人：哈尔滨工程大学、中建三局集团有限公司三、招标代理机构：黑龙江中冠项目管理有限公司四、招标方式：公开招标五、定标方法：票决定标（逐轮票决定标）六、评标情况经评标委员会评审，推荐以下投标人为中标候选人（排名不分先后）：1.哈尔滨盈源环境建设工程有限公司2.大庆建筑安装集团有限责任公司3.黑龙江华耀建筑工程有限公司4.黑龙江辰泰建设工程有限公司5.河南宇览建筑工程有限公司被否决投标的情况：无。七、公示时间2026年9月4日至2026年9月7日；八、提出异议的渠道和方式：以上结果公示3天，相关单位如有异议请以书面形式向招标人提出，如无异议，公示期后，以上投标人即为中标候选人（排名不分先后）。九、招标投标行政监督单位：哈尔滨市松北区住房和城乡建设局电  话：0451-58795593十、联系方式招标人：哈尔滨工程大学、中建三局集团有限公司地址：哈尔滨市南岗区南通大街145号、北京市大兴区大兴之星4层联系人：杨帆、杜佳媛、张庆贺、张登 联系方式：0451-82519863招标代理机构：黑龙江中冠项目管理有限公司地址：哈尔滨市道里区友谊西路2982号邮编：150000联系人：陈淑梅、庞廷联系方式：0451-82663366转8005电子邮箱：hljzhongguan@163.com   2026年9月4日 四、凡对本次公告内容提出询问，请按以下方式联系。 1.采购人信息 名 称：哈尔滨工程大学 地址：哈尔滨市南岗区南通大街145号 联系方式：杨帆、杜佳媛、张庆贺、张登 0451-82519863 2.采购代理机构信息 名 称：黑龙江中冠项目管理有限公司 地 址：哈尔滨市道里区友谊西路2982号 联系方式：庞女士 0451-82663366转8005 3.项目联系方式 项目联系人：庞女士 电 话： 0451-82663366转8005,教育培训,,中国政府采购网,,,default,二、项目废标/流标的原因,,,,,,,,,,
昆明长水国际机场改扩建配套空管工程供配电工程施工招标资格预审公告,其他公告,GC530000202600307001,2026年09月04日 15:43,云南省,中国民用航空西南地区空中交通管理局,云南省昆明市长水国际机场,王老师0871-67110056,中技国际招标有限公司,云南省昆明市官渡区民航路融城金阶写字楼D座2001号,朱渊、肖帆、韩峰18087455157（座机）、18064805105（座机）,王老师,0871-67110056,昆明长水国际机场改扩建配套空管工程供配电工程施工招标资格预审公告.pdf,"[{""attach_name"": ""昆明长水国际机场改扩建配套空管工程供配电工程施工招标资格预审公告.pdf"", ""attach_url"": ""https://download.ccgp.gov.cn/oss/download?uuid=BEB110241BE4BC9D548FA99A517F92""}]",https://www.ccgp.gov.cn/cggg/zygg/qtgg/202609/t20260904_27268295.htm,2026-09-10 10:11:10,中技国际招标有限公司受中国民用航空西南地区空中交通管理局 委托，根据《中华人民共和国政府采购法》等有关规定，现对昆明长水国际机场改扩建配套空管工程供配电工程进行其他招标，欢迎合格的供应商前来投标。 项目名称：昆明长水国际机场改扩建配套空管工程供配电工程项目编号：GC530000202600307001项目联系方式：项目联系人：王老师项目联系电话：0871-67110056 采购单位联系方式：采购单位：中国民用航空西南地区空中交通管理局采购单位地址：云南省昆明市长水国际机场采购单位联系方式：王老师0871-67110056 代理机构联系方式：代理机构：中技国际招标有限公司代理机构联系人：朱渊、肖帆、韩峰18087455157（座机）、18064805105（座机）代理机构地址： 云南省昆明市官渡区民航路融城金阶写字楼D座2001号 一、采购项目内容项目包括空管工程进近管制工程/区域管制工程/航管工程的10kV电力电缆、高低压柜、变压器、箱式变电站、柴油发电机系统、母线槽与低压电缆、配电箱、静态切换开关柜、电力集中监控系统的安装与调试，涉及到上述设备的采购、运输、安装、调试、试验、验收、投运、交接直至保证设备能够达到投入正常运行的全过程。具体内容以招标人提供的工程量清单和图纸为准。 二、开标时间：2026年09月17日 09:00 三、其它补充事宜1、本项目采购人名称为：中国民用航空西南地区空中交通管理局云南分局2、公告详见云南省公共资源交易中心（网址：https://ggzy.yn.gov.cn/）网站《昆明长水国际机场改扩建配套空管工程供配电工程施工招标资格预审公告》 四、预算金额：预算金额：9548.000000 万元（人民币）,工程建设,,中国政府采购网,,9548.0,table,,,,,,,,,,,
昆明长水国际机场改扩建配套空管工程（航管工程、进近管制工程、区域管制工程）土建配套工程资格预审公告,其他公告,GC530000202600308001,2026年09月04日 15:43,云南省,中国民用航空西南地区空中交通管理局,云南省昆明市长水国际机场,王老师0871-67110056,中技国际招标有限公司,云南省昆明市官渡区民航路融城金阶写字楼D座2001号,朱渊、肖帆、韩峰18087455157（座机）、18064805105（座机）,王老师,0871-67110056,昆明长水国际机场改扩建配套空管工程（航管工程、进近管制工程、区域管制工程）土建配套工程第一、二标段施工招标资格预审公告.pdf,"[{""attach_name"": ""昆明长水国际机场改扩建配套空管工程（航管工程、进近管制工程、区域管制工程）土建配套工程第一、二标段施工招标资格预审公告.pdf"", ""attach_url"": ""https://download.ccgp.gov.cn/oss/download?uuid=8DFA3BFE016E99B011DA181906DF8C""}]",https://www.ccgp.gov.cn/cggg/zygg/qtgg/202609/t20260904_27268297.htm,2026-09-10 10:11:11,中技国际招标有限公司受中国民用航空西南地区空中交通管理局 委托，根据《中华人民共和国政府采购法》等有关规定，现对昆明长水国际机场改扩建配套空管工程（航管工程、进近管制工程、区域管制工程）土建配套工程进行其他招标，欢迎合格的供应商前来投标。 项目名称：昆明长水国际机场改扩建配套空管工程（航管工程、进近管制工程、区域管制工程）土建配套工程项目编号：GC530000202600308001项目联系方式：项目联系人：王老师项目联系电话：0871-67110056 采购单位联系方式：采购单位：中国民用航空西南地区空中交通管理局采购单位地址：云南省昆明市长水国际机场采购单位联系方式：王老师0871-67110056 代理机构联系方式：代理机构：中技国际招标有限公司代理机构联系人：朱渊、肖帆、韩峰18087455157（座机）、18064805105（座机）代理机构地址： 云南省昆明市官渡区民航路融城金阶写字楼D座2001号 一、采购项目内容第一标段：包括但不限于地基与基础工程、主体工程、屋面工程、给排水工程、暖通工程、电气工程、消防工程、建筑智能化工程、电梯工程、室内外装饰装修工程、室外道路工程、景观绿化工程、钢结构工程等图纸范围内的全部内容。第二标段：包括但不限于地基与基础工程、主体工程、屋面工程、给排水工程、暖通工程、电气工程、消防工程、建筑智能化工程、电梯工程、室内外装饰装修工程、室外道路工程、景观绿化工程，钢结构工程等图纸范围内的全部内容。具体内容以招标人提供的各标段的工程量清单和图纸为准。 二、开标时间：2026年09月17日 09:00 三、其它补充事宜1、本项目采购人名称为：中国民用航空西南地区空中交通管理局云南分局2、公告详见云南省公共资源交易中心（网址：https://ggzy.yn.gov.cn/）网站《昆明长水国际机场改扩建配套空管工程（航管工程、进近管制工程、区域管制工程）土建配套工程资格预审公告》 四、预算金额：预算金额：67500.000000 万元（人民币）,工程建设,,中国政府采购网,,67500.0,table,,,,,,,,,,,
山东省地震局预警核心路由器设备维保项目比选公告,其他公告,SHZB2026-656,2026年09月04日 15:42,山东省,山东省地震局,济南市历城区港西路2066号,亓老师，0531-58622081,盛和招标代理有限公司,盛和招标代理有限公司(济南市历城区唐冶西路868号东8区企业公馆B1号楼),王凯、谢文豪、许铖铖、梁冰、毛允东、苏云龙、韩伟、侯美玲、孙伟0531-88260506、17866617312、17862114460,许铖铖、王凯、谢文豪项目联系电,0531-88260568，17866617312，17862114460,SHZB2026-656山东省地震局预警核心路由器设备维保项目比选文件.doc,"[{""attach_name"": ""SHZB2026-656山东省地震局预警核心路由器设备维保项目比选文件.doc"", ""attach_url"": ""https://download.ccgp.gov.cn/oss/download?uuid=17185DBB2E68EB0F8227DE2CB4DC1B""}]",https://www.ccgp.gov.cn/cggg/zygg/qtgg/202609/t20260904_27268291.htm,2026-09-10 10:11:12,盛和招标代理有限公司受山东省地震局 委托，根据《中华人民共和国政府采购法》等有关规定，现对山东省地震局预警核心路由器设备维保项目进行其他招标，欢迎合格的供应商前来投标。 项目名称：山东省地震局预警核心路由器设备维保项目项目编号：SHZB2026-656项目联系方式：项目联系人：许铖铖、王凯、谢文豪项目联系电话：0531-88260568，17866617312，17862114460 采购单位联系方式：采购单位：山东省地震局采购单位地址：济南市历城区港西路2066号采购单位联系方式：亓老师，0531-58622081 代理机构联系方式：代理机构：盛和招标代理有限公司代理机构联系人：王凯、谢文豪、许铖铖、梁冰、毛允东、苏云龙、韩伟、侯美玲、孙伟0531-88260506、17866617312、17862114460代理机构地址： 盛和招标代理有限公司(济南市历城区唐冶西路868号东8区企业公馆B1号楼) 一、采购项目内容项目概况山东省地震局预警核心路由器设备维保项目的潜在供应商应在唐冶东8区企业公馆B1号楼一楼大厅（山东济南历城区唐冶西路868号）获取比选文件，并于 2026年9月15日14点00分（北京时间）前提交响应文件。一、项目基本情况项目编号：SHZB2026-656项目名称：山东省地震局预警核心路由器设备维保项目预算金额：24万元最高限价（如有）：24万元采购需求：详见本项目比选文件第四章采购需求。合同履行期限：详见本项目比选文件第四章采购需求。本项目□接受？不接受联合体。二、申请人的资格要求：1.满足《中华人民共和国政府采购法》第二十二条规定；2、落实政府采购政策需满足的资格要求：本项目不属于专门面向中小企业采购的项目；3.本项目的特定资格要求：通过“信用中国”网站（www.creditchina.gov.cn）、中国政府采购网（www.ccgp.gov.cn）查询，未被列入失信被执行人、重大税收违法失信主体、政府采购严重违法失信行为记录名单。三、获取采购文件1.时间：2026年9月5日上午8:30----2026年9月11日下午17:30前，工作时间 8:30—17:30  (北京时间，节假日除外)2.地点：唐冶东8区企业公馆B1号楼一楼大厅（山东济南历城区唐冶西路868号）3.方式：凡有意参加本次采购的供应商按照以下方式登记：（1）现场获取采购文件相关事宜：供应商现场填写标书购买交款单并根据交款单注意事项在中招联合招标采购平台完成注册。（2）电汇形式购买：有意参加本次采购活动的供应商汇款底单备注填写项目名称、项目编号、公司名称、联系人、联系电话。汇款完成后，供应商登录中招联合招标采购平台（www.365trade.com.cn）搜索对应项目，点击立即购标-选择“电汇”方式，上传交款凭证，等待审核。开户单位全称：盛和招标代理有限公司。开户行：兴业银行济南燕山支行。账号：376060100100168341。（注：首次登录前需完成免费注册，平台将对供应商注册信息与其提供的附件信息进行一致性检查；注册为一次性工作，生成账号后可长期使用，后续若有需要只需变更及完善相关信息；注册成功后，该账号可用于参与平台上发布的其他招标项目。平台注册成功后，需真实准确完善用户信息，特别是财务信息。平台统一服务热线：010-86397110，(工作日9:00-12:00，13:30-17:00)。）4.售价：300元，采购文件售后不退。四、响应文件提交提交响应文件时间：2026年9月15日13点30分至2026年9月15日14点00分（北京时间）地点：唐冶东8区企业公馆B1号楼二楼第一开标室(山东省济南市历城区唐冶西路868号)。五、开启时间： 2026年9月15日14点00分（北京时间）。地点：唐冶东8区企业公馆B1号楼二楼第一开标室(山东省济南市历城区唐冶西路868号)。六、公告期限自本公告发布之日起3个工作日。七、其他补充事宜：1. 公告媒介：中国政府采购网八、凡对本次采购提出询问，请按以下方式联系。1.采购人信息采购人：山东省地震局地  址：济南市历城区港西路2066号联系人：亓老师联系电话：0531-586220812.采购代理机构信息名    称：盛和招标代理有限公司地 址：山东济南唐冶西路868号山东设计创意产业园南区B1楼联系方式：0531-882605683.项目联系方式项目联系人：王凯、谢文豪、许铖铖电 话：0531-88260568、17862114460。 二、开标时间：2026年09月15日 14:00 三、其它补充事宜1. 公告媒介：中国政府采购网 四、预算金额：预算金额：24.000000 万元（人民币）,服务外包,2026-09-15 14:00,中国政府采购网,,24.0,table,,,,,,,,,,,
广东省深圳市龙华区消防救援大队2026年办公设备运维项目的遴选公告,其他公告,SSZX2026-290,2026年09月04日 15:36,深圳市,深圳市龙华区消防救援大队,深圳市龙华区龙华街道东环二路465号,叶工； 联系电话：0755-29361269； 邮编：518000。,深圳市深水水务咨询有限公司,深圳市罗湖区清水河街道清水河社区清水河一路112号罗湖投资控股大厦裙楼401,庄晓琴、刁杰辉、陈翰林、韩旭彤； 联系电话：13688812350、18707551546。,庄晓琴、刁杰辉、陈翰林、韩旭彤,13688812350、18707551546,广东省深圳市龙华区消防救援大队2026年办公设备运维项目遴选文件20260902发售稿.pdf,"[{""attach_name"": ""广东省深圳市龙华区消防救援大队2026年办公设备运维项目遴选文件20260902发售稿.pdf"", ""attach_url"": ""https://download.ccgp.gov.cn/oss/download?uuid=6A7487FBDDC0DC0ECF5261037594C1""}]",https://www.ccgp.gov.cn/cggg/zygg/qtgg/202609/t20260904_27268189.htm,2026-09-10 10:11:13,深圳市深水水务咨询有限公司受深圳市龙华区消防救援大队 委托，根据《中华人民共和国政府采购法》等有关规定，现对广东省深圳市龙华区消防救援大队2026年办公设备运维项目进行其他招标，欢迎合格的供应商前来投标。 项目名称：广东省深圳市龙华区消防救援大队2026年办公设备运维项目项目编号：SSZX2026-290项目联系方式：项目联系人：庄晓琴、刁杰辉、陈翰林、韩旭彤项目联系电话：13688812350、18707551546 采购单位联系方式：采购单位：深圳市龙华区消防救援大队采购单位地址：深圳市龙华区龙华街道东环二路465号采购单位联系方式：叶工； 联系电话：0755-29361269； 邮编：518000。 代理机构联系方式：代理机构：深圳市深水水务咨询有限公司代理机构联系人：庄晓琴、刁杰辉、陈翰林、韩旭彤； 联系电话：13688812350、18707551546。代理机构地址： 深圳市罗湖区清水河街道清水河社区清水河一路112号罗湖投资控股大厦裙楼401 一、采购项目内容确定一家供应商，为采购人提供2026年办公设备运维。 二、开标时间：2026年09月17日 14:30 三、其它补充事宜 项目概况 根据《深圳市消防救援支队采购管理暂行规定（2024年版）》，广东省深圳市龙华区消防救援大队2026年办公设备运维项目采用内部评选遴选方式择优选择供应商。项目情况如下：  一、项目基本情况 项目名称：广东省深圳市龙华区消防救援大队2026年办公设备运维项目  项目编号：SSZX2026-290 预算金额：人民币13.008000万元 采购需求：确定一家供应商，为采购人提供2026年办公设备运维。合同履行期限：本项目服务期限为两年，自验收合格之日起算。（合同一年一签，每次12个月，最多续签一次。如采购人对履约情况不满意或其他情况，采购人不再续约），具体以合同生效之日起算，协议期内所有合同实质性条款不得改变。二、参评人的资格要求1.参评人必须是具有独立法人资格或是具有独立承担民事责任能力的其它组织（提供营业执照或事业单位法人证书或其他证明材料复印件加盖公章，如果参评的供应商为分公司则须提供分公司营业执照、其所属集团(或总公司)等具有独立法人资格的组织出具愿为其参与本项目参评以及履约行为承担民事责任的授权书，但只接受直接授权，不接受逐级授权，并同时提供总公司营业执照。不接受同一集团(或总公司)授权两家或以上分公司同时参与本项目参评，也不接受集团(或总公司)与分公司同时参与本项目参评，如出现上述情形，该两家或以上供应商的参评文件均按无效参评处理)。上述资料原件备查）；2.参与本项目政府采购活动时不存在被有关部门禁止参与政府采购活动且在有效期内的情况（由供应商在《资格声明函》中作出声明，加盖公章）；3.具备《中华人民共和国政府采购法》第二十二条第一款的条件（由供应商在《资格声明函》中作出声明，加盖公章）；4.未被列入失信被执行人、重大税收违法失信主体、政府采购严重违法失信行为记录名单（由供应商在《资格声明函》中作出声明，加盖公章）【注：采购代理机构将通过“信用中国”中“信用服务”栏的“重大税收违法失信主体”“失信被执行人”、“中国政府采购网”中的“政府采购严重违法失信行为记录名单”、“深圳信用网”以及“深圳市政府采购监管网”查询供应商的信用信息，相关信息以开标当日的查询结果为准。信用信息查询记录将作为项目档案材料一并保存。】；5.不同供应商的法定代表人、主要经营负责人、项目参评授权代表人、项目负责人、主要技术人员不得为同一人、属同一单位或者在同一单位缴纳社会保险；不同参评供应商的参评文件不得由同一单位或者同一人编制；单位负责人为同一人或者存在直接控股、管理关系的不同供应商，不得参加本项目政府采购活动（由供应商填写《供应商基本情况表》相关信息，如发现不同参评供应商的相关信息存在上述“不得”的情形，作参评无效处理）。注：其中，对于“不同供应商的单位负责人是否为同一人”，由采购代理机构将通过国家企业信用信息公示系统(https://www.gsxt.gov.cn/index.html）或机关赋码和事业单位登记管理网（https://gjsy.scopsr.gov.cn/)或全国社会组织信用信息公示平台（https://xxgs.chinanpo.mca.gov.cn/gsxt/newList）等网站查询供应商信息，相关信息以截标当日的查询结果为准；6.为本项目提供整体设计、规范编制或者项目管理、监理、检测等服务的供应商，不得参加本项目参评。（由供应商在《资格声明函》中作出声明，加盖公章）；7.本项目不接受联合体参评，不接受进口产品参与参评，不允许转包、分包（由供应商在《资格声明函》中作出声明，加盖公章）；8.本项目是否专门面向中小企业采购：本项目属于专门面向中小微企业采购的项目（提供符合要求的《中小企业声明函》，参评供应商必须属于中型企业或小型企业或微型企业；如供应商为残疾人福利性单位或监狱企业，视同小型、微型企业，提供《残疾人福利性单位声明函》或《监狱企业声明函》及监狱企业证明文件亦视为符合；本项目对应的中小企业划分标准所属行业：其他未列明行业。三、获取遴选文件 1.时间：2026年9月4日起至2026年9月11日止（周一至周五上午9:00-12:00，下午14:00-17:30）。2.线上报名。报名网址：https://jdy.shenshuizaojia.com:8443/f/6758fdb2f9ae5eae94a793db。地址：深圳市深水水务咨询有限公司（深圳市罗湖区清水河街道清水河社区清水河一路112号罗湖投资控股大厦裙楼401）；报名时提交以下资料盖章扫描件：（1）参评人的营业执照；（2）法人代表证明书、法人身份证、授权委托书、被授权委托人身份证、被授权委托人联系方式（电话、邮箱）；（3）参评人的增值税发票开票（信息）资料；遴选文件售价：每套人民币500元，遴选文件售后不退；领取联系人：庄晓琴；联系电话：13688812350。四、提交参评文件截止时间、评选时间和地点 参评文件提交截止时间：2026年9月17日14时00分至14时30分。 参评文件提交方式：现场递交（如需邮件递交需提前联系收取联系人）。 收取地址：深圳市罗湖区清水河街道清水河社区清水河一路112号罗湖投资控股大厦裙楼401。收取联系人：庄晓琴。联系电话：13688812350。邮编：518000评选时间：2026年9月17日14时30分。       评选地点：深圳市罗湖区清水河街道清水河社区清水河一路112号罗湖投资控股大厦裙楼401。 四、预算金额：预算金额：13.008000 万元（人民币）,公共安全,2026-09-17 14:00,中国政府采购网,,13.008,table,,,,,,,,,,,
国家粮食和物资储备局河北局九三四处某工程项目拟邀请通用门式起重机维修升级施工投标单位四次征集公告,其他公告,A2024-10-187-012,2026年09月04日 15:23,秦皇岛市,国家粮食和物资储备局河北局九三四处,河北省秦皇岛市,韩工0335-7833284,天津市建设工程招标有限公司,天津市河西区环岛西路19号梅江中心大厦26层,王工13116092567,王工,13116092567,,,https://www.ccgp.gov.cn/cggg/zygg/qtgg/202609/t20260904_27267941.htm,2026-09-10 10:11:13,"天津市建设工程招标有限公司受国家粮食和物资储备局河北局九三四处 委托，根据《中华人民共和国政府采购法》等有关规定，现对国家粮食和物资储备局河北局九三四处某工程项目拟邀请通用门式起重机维修升级施工投标单位征集进行其他招标，欢迎合格的供应商前来投标。 项目名称：国家粮食和物资储备局河北局九三四处某工程项目拟邀请通用门式起重机维修升级施工投标单位征集项目编号：A2024-10-187-012项目联系方式：项目联系人：王工项目联系电话：13116092567 采购单位联系方式：采购单位：国家粮食和物资储备局河北局九三四处采购单位地址：河北省秦皇岛市采购单位联系方式：韩工0335-7833284 代理机构联系方式：代理机构：天津市建设工程招标有限公司代理机构联系人：王工13116092567代理机构地址： 天津市河西区环岛西路19号梅江中心大厦26层 一、采购项目内容国家粮食和物资储备局河北局九三四处某工程项目拟邀请通用门式起重机维修升级施工投标单位征集 二、开标时间：2026年09月11日 10:30 三、其它补充事宜国家粮食和物资储备局河北局九三四处某工程项目拟邀请通用门式起重机维修升级施工投标单位四次征集公告（招标编号：A2024-10-187-012）项目所在地区：河北省,秦皇岛市（一）招标条件本国家粮食和物资储备局河北局九三四处某工程项目拟邀请通用门式起重机维修升级施工投标单位已由项目审批/核准/备案机关批准，项目资金来源为其他资金全额国家财政资金，招标人为国家粮食和物资储备局河北局九三四处。本项目已具备招标条件，现招标方式为其它方式。（二）项目概况和招标范围规模：1.对MDU36/16t-30m通用门式起重机进行维修并升级改造，包括但不限于整机故障检修，现场拆卸及安装、往返运输、厂内改造、现场维修，主要受力结构件、主要结构件更新，地梁加固，机械传动系统及电气系统维修/更换，安全装置校验调试/维修更换，除锈涂装，司机室操作、无线遥控操作，施工告知手续，特种设备监督检验（监检），特种设备使用登记（取证），交付使用、运维技术交底，以实际发生为准。2.对MG36/16t-30m通用门式起重机进行维修，包括但不限于通用门式起重机大车运行机构滑线更换（两台共用），对机械传动系统维修，无线遥控操作，特种设备监督检验（监检），交付使用、运维技术交底，以实际发生为准。范围：本招标项目划分为1个标段，本次招标为其中的：(001)国家粮食和物资储备局河北局九三四处某工程项目拟邀请通用门式起重机维修升级施工投标单位;（三）投标人资格要求(001国家粮食和物资储备局河北局九三四处某工程项目拟邀请通用门式起重机维修升级施工投标单位)的投标人资格能力要求：3.1应为中华人民共和国境内（港澳台地区除外）注册的独立法人，持有在有效期内的事业单位法人证书或在有效期内的企业法人营业执照；供应商须提供有效的证书复印件并加盖公章。3.2具备国家市场监督管理总局或省级市场监督管理局颁发的特种设备生产许可证（门式起重机械B级及以上，制造含安装、维修、改造），提供证书复印件加盖公章。3.3财务要求:承诺近3年（2023年-2025年）或成立至今（公司成立不足3年的），具有良好的商业信誉和健全的财务会计制度，近年财务状况良好（书面承诺，格式自拟，并加盖公章和法定代表人签字或盖章）。须提供2024年或2025年度企业会计师事务所或审计单位审计的年度审计报告（包括但不限于资产负债表、现金流量表、利润表等）。3.4在征集、邀标与合同签订前，信誉要求不得存在以下情形：（1）处于财产被接管、冻结、破产状态，处于全国行政区域有关行政处罚期间；（2）在“信用中国网站”（www.creditchina.gov.cn）查询，征集申请人被列为严重失信主体或被人民法院列为失信被执行人；（以开标当天招标代理机构查询结果为准）（3）被依法暂停或取消投标资格；被责令停产停业、暂扣或者吊销许可证、暂扣或者吊销执照；进入清算程序，或被宣告破产，或其他丧失履约能力的情形；（4）最近三年（按征集截止时间推算）征集申请人或其法定代表人有行贿犯罪行为；（5）与征集人存在利害关系可能影响征集公正性的法人、其他组织或者个人，不得参加。单位负责人为同一人或者存在控股、管理关系的不同单位，不得同时参加本次征集活动。如不同征集申请人出现单位负责人为同一人或者存在控股、管理关系的情形，则相关征集文件均无效。对以上内容提供加盖公章的承诺书，格式自拟。3.5业绩条件本次征集要求征集申请人具备的业绩条件:近5年(2021年1月1日至今，以合同签订时间为准)承揽过维修、改造设备额定起重量不低于36t的通用门式起重机项目，提供合同复印件加盖公章。3.6征集申请人人员资格条件（1)项目负责人资格要求为本单位在职员工，拥有5年及以上特种设备方面的工作经验、通用门式起重机维修、改造项目管理经验（提供承诺书加盖公章），提供身份证复印件、承诺书、投标人为其缴纳的投标截止时间前近半年内任意三个月的社保证明材料。（2)项目负责人业绩要求:拟派的项目负责人曾担任维修、改造设备额定起重量不低于36t的通用门式起重机项目的项目负责人/项目负责人的业绩，提供合同复印件加盖公章。若上述资料不能体现业绩要求的各项指标的，须另外提供业主证明材料加盖公章或者征集申请人承诺书并加盖公章。3.7征集申请人还应在设备、资金、设计、施工、质量检测等方面具有相应的能力(提供加盖公章及法定代表人签字或盖章的书面承诺书)。3.8与征集人存在利害关系可能影响征集公正性的法人、其他组织或者个人，不得参加。单位负责人为同一人或者存在控股、管理关系的不同单位，不得同时参加本次采购活动(书面承诺书，格式自制，加盖公章和法定代表人签字或盖章)。3.9涉密工程管理要求：（1）无违法犯罪记录，近1年内未发生泄密案件。（2）拟承担涉密工程施工工作的人员具有中华人民共和国国籍。（3）保密制度完善，有专门的机构或者人员负责保密工作。（4）具备符合国家保密规定和标准的场所、设施、设备等条件。（5）具有从事涉密业务的专业能力。注：提供承诺书（格式自制，加盖公章和法定代表人签字或盖章）;本项目不允许联合体投标。（四）招标文件的获取获取时间：从2026年09月05日08时30分到2026年09月07日17时00分获取方式：请有意参加本次公开征集的供应商，于2026年09月05日至2026年09月07日，每天上午08:30至11:30，下午13:30至17:00(北京时间)。将单位名称、联系人及联系方式（写在邮件正文中）、营业证照、授权委托书、资质证书扫描件发送至邮箱（baomingbaoming@126.com）进行报名，并获取电子文件（五）投标文件的递交递交截止时间：2026年09月11日10时30分递交方式：现场递交或邮寄递交（邮寄地址:天津市河西区环岛西路19号梅江中心大厦26层王工13116092567，优先顺丰快递，不接受到付文件，递交时间以接收时间为准）将授权委托书及密封好的响应文件在征集响应文件递交截止时间前递交至指定地点纸质文件递交纸质文件递交（六）开标时间及地点开标时间：2026年09月11日10时30分开标地点：天津市河西区环岛西路19号梅江中心大厦26层（七）其他7.1本公告发布平台：中国招标投标公共服务平台（http://bulletin.cebpubservice.com/）、中国政府采购网（https://www.ccgp.gov.cn/）。7.2注：本公告中“（一）招标条件”，修改为：“（一）征集条件”；“（三）投标人资格要求”修改为：“（三）征集人申请人资格要求”；“（四）招标文件的获取”修改为：“（四）征集文件的获取”；“（五）投标文件的递交”，修改为：“（五）征集响应文件的递交”。7.3本项目的监督部门为国家粮食和物资储备局河北局，联系方式：李工0311-85369086。（八）监督部门本招标项目的监督部门为-。（九）联系方式招标人：国家粮食和物资储备局河北局九三四处地址：河北省秦皇岛市联系人：韩工电话：0335-7833284电子邮件：- 招标代理机构：天津市建设工程招标有限公司地址：天津市河西区环岛西路19号梅江中心大厦26层联系人：王工电话：13116092567电子邮件：baomingbaoming@126.com  四、预算金额：预算金额：0.000000 万元（人民币）",工程建设,2026-09-11 10:30,中国政府采购网,,0.0,table,,,,,,,,,,,
中国外汇交易中心2026年第一批服务器采购项目招标公告,其他公告,0613-266021385078,2026年09月04日 15:09,北京市,中国外汇交易中心(全国银行间同业拆借中心),上海市浦东新区张东路1387号30栋,021-63298988,中国外汇交易中心（全国银行间同业拆借中心）,不详,15821920625,陆榕,021-32557921、13917958768,,,https://www.ccgp.gov.cn/cggg/zygg/qtgg/202609/t20260904_27267828.htm,2026-09-10 10:11:14,"项目概况 中国外汇交易中心2026年第一批服务器采购项目的潜在投标人应在上海机电设备招标有限公司获取招标文件，并于2026年9月28日10点30分（北京时间）前递交投标文件。 一、项目基本情况 项目编号：0613-266021385078 项目名称：中国外汇交易中心2026年第一批服务器采购项目 采购方式：公开招标 预算金额：总预算4147万元           包1：2570万元           包2：1577万元 最高限价：详见以下采购需求 采购需求： 包1： 序号 标的名称 品目 分类编码 标的类别 计量 单位 数量 是否进口 是否核心产品 最高限价 1 PC服务器-ARM架构虚拟化配置 A02010104 货物 台 53 否 是 2570万元 2 PC服务器-ARM架构物理机配置1 A02010104 货物 台 6 否 是 3 PC服务器-ARM架构物理机配置2 A02010104 货物 台 6 否 是 ★要求：PC服务器-ARM架构虚拟化配置、PC服务器-ARM架构物理机配置1和PC服务器-ARM架构物理机配置2，三种配置服务器需为同一品牌。 包2： 序号 标的名称 品目 分类编码 标的类别 计量 单位 数量 是否进口 是否核心产品 最高限价 1 PC服务器-X86架构虚拟化配置 A02010104 货物 台 38 否 是 1520万 2 时间服务器 A02010104 货物 台 6 否 否 57万 本项目不接受联合体投标。 二、申请人的资格要求： 1.必须为未被列入信用中国网站(www.creditchina.gov.cn)、中国政府采购网(www.ccgp.gov.cn)渠道信用记录失信被执行人、重大税收违法案件当事人名单、政府采购严重违法失信行为记录名单； 2.满足《中华人民共和国政府采购法》第二十二条规定； 3.本项目的特定资格要求：无 三、获取招标文件 发放时间：2026年9月4日至2026年9月11日（北京时间） 方式：请在发放时间内汇款购买招标文件 售价：500元/份 本项目共有2个包件，投标人可自行选择报名1个或全部2个包件，须在发放时间内完成选择，发放时间截止后无法更改。 凡有意购买招标文件的潜在投标人，请前往上海机电设备招标有限公司官网(www.shbid.com)，导航栏处点击“SMEETC电子交易平台”，在平台内进行供应商免费注册； 注册审核通过后，登录平台，点击页面上方“我的工作台－寻找招标项目”进行项目查询，找到项目后点击“我要投标”参与项目； 领购招标文件费用的增值税电子发票，可在发票管理页面下载； 潜在投标人在报名时间内登录招标采购平台注册、购买标书，否则将无法保证获取招标文件。 四、提交投标文件截止时间、开标时间和地点 2026年9月28日10点30分（北京时间） 地点：上海机电设备招标有限公司（上海市长寿路285号恒达大厦22楼开标大厅）。 五、澄清截止期限及要求 澄清截止期限：2026年9月17日17时00分（北京时间） 澄清文件递交方式：潜在投标人代表持法定代表人授权书，递交纸质澄清材料并加盖单位公章 澄清文件递交地点：上海机电设备招标有限公司（上海市长寿路285号恒达大厦11楼） 六、公告期限 自本公告发布之日起5个工作日。 七、其他补充事宜 无 八、对本次招标提出询问，请按以下方式联系。 1.采购人信息 名    称：中国外汇交易中心（全国银行间同业拆借中心） 地    址：上海市浦东新区张东路1387号30栋 联系方式：龙老师、021-38585612 2.采购代理机构信息 名    称：上海机电设备招标有限公司 地  址：上海市长寿路285号11楼 联系方式：021-32557921、13917958768 3.项目联系方式 项目联系人：陆榕 电 话：021-32557921、13917958768 电子邮箱：lr@shbid.com a {color: #337ab7;text-decoration: none;transition: 0.5 s;background-color: transparent; a:focus,a:hover {text-decoration: none;color: #23527c;} a:focus {outline: 5px auto -webkit-focus-ring-color;outline-offset: -2px;} a:active, a:hover {outline: 0;} 相关附件： 中国外汇交易中心2026年第一批服务器采购项目招标公告.pdf",科研检测,2026-09-28 10:30,中国政府采购网,公开招标,4147.0,table,,,,,,,,,,,
中山大学附属口腔医院越秀院区医疗废物处置服务项目（项目编号：0724-2631Z3355279）结果公告,其他公告,0724-2631Z3355279,2026年09月04日 15:05,广东省,中山大学附属口腔医院,广东省广州市越秀区陵园西路17号广联礼堂办公楼106,詹老师020-83802806,国义招标股份有限公司,广州市东风东路726号18楼,罗梓慧、叶琳、吴佳耿、李家荣、020-37861060/020-37860523/020-37860540/020-37860539,罗梓慧、叶琳、吴佳耿、李家荣,020-37861060,0724-2631Z3355279.pdf,"[{""attach_name"": ""0724-2631Z3355279.pdf"", ""attach_url"": ""https://download.ccgp.gov.cn/oss/download?uuid=90B131168EE0F3EF715CB42AE6DD68""}]",https://www.ccgp.gov.cn/cggg/zygg/qtgg/202609/t20260904_27267644.htm,2026-09-10 10:11:15,一、项目基本情况 采购项目编号：0724-2631Z3355279 采购项目名称：中山大学附属口腔医院越秀院区医疗废物处置服务项目 二、项目废标/流标的原因 至规定的投标截止时间为止按时递交投标文件的投标人不足三家，故依照相关法律法规规定，本项目采购失败。 三、其他补充事宜 / 四、凡对本次公告内容提出询问，请按以下方式联系。 1.采购人信息 名 称：中山大学附属口腔医院 地址：广东省广州市越秀区陵园西路17号广联礼堂办公楼106 联系方式：詹老师020-83802806 2.采购代理机构信息 名 称：国义招标股份有限公司 地 址：广州市东风东路726号18楼 联系方式：罗梓慧、叶琳、吴佳耿、李家荣、020-37861060/020-37860523/020-37860540/020-37860539 3.项目联系方式 项目联系人：罗梓慧、叶琳、吴佳耿、李家荣、詹老师 电 话： 020-37861060/020-37860523/020-37860540/020-37860539/(020)83802806,医疗卫生,,中国政府采购网,,,default,二、项目废标/流标的原因,,,,,,,,,,
重庆市荣昌区消防救援支队2026年食堂外包服务需求公示,其他公告,,2026年09月04日 15:04,荣昌县,荣昌区消防救援支队,重庆市荣昌区昌州街道黄金6支路1号,臧老师  19908346305,详见公告正文,详见公告正文,详见公告正文,臧老师,19908346305,重庆市荣昌区消防救援支队2026年食堂外包服务.doc,"[{""attach_name"": ""重庆市荣昌区消防救援支队2026年食堂外包服务.doc"", ""attach_url"": ""https://download.ccgp.gov.cn/oss/download?uuid=5D1FF2180DD256F42984DCE52DBDE3""}]",https://www.ccgp.gov.cn/cggg/zygg/qtgg/202609/t20260904_27268145.htm,2026-09-10 10:11:15,根据《中华人民共和国政府采购法》等有关规定，现对重庆市荣昌区消防救援支队2026年食堂外包服务进行其他招标，欢迎合格的供应商前来投标。 项目名称：重庆市荣昌区消防救援支队2026年食堂外包服务项目编号：项目联系方式：项目联系人：臧老师项目联系电话：19908346305 采购单位联系方式：采购单位：荣昌区消防救援支队采购单位地址：重庆市荣昌区昌州街道黄金6支路1号采购单位联系方式：臧老师 19908346305  一、采购项目内容详细见附件 二、开标时间： 三、其它补充事宜 四、预算金额：预算金额：53.000000 万元（人民币）,公共安全,,中国政府采购网,,53.0,table,,,,,,,,,,,
国家粮食和物资储备局北京局八三三处某项目拟邀竣工结算审核单位征集公告,其他公告,A2024-09-171-011,2026年09月04日 14:54,滨海新区,国家粮食和物资储备局北京局八三三处,天津市海滨大道（天津港保税区）3520号,l刘先生 022-59823611,天津市建设工程招标有限公司,天津市河西区环岛西路19号梅江中心大厦26层,刘工 15022034580,刘工,15022034580,,,https://www.ccgp.gov.cn/cggg/zygg/qtgg/202609/t20260904_27267468.htm,2026-09-10 10:11:16,天津市建设工程招标有限公司受国家粮食和物资储备局北京局八三三处 委托，根据《中华人民共和国政府采购法》等有关规定，现对国家粮食和物资储备局北京局八三三处某项目拟邀竣工结算审核单位进行其他招标，欢迎合格的供应商前来投标。 项目名称：国家粮食和物资储备局北京局八三三处某项目拟邀竣工结算审核单位项目编号：A2024-09-171-011项目联系方式：项目联系人：刘工项目联系电话：15022034580  采购单位联系方式：采购单位：国家粮食和物资储备局北京局八三三处采购单位地址：天津市海滨大道（天津港保税区）3520号采购单位联系方式：l刘先生 022-59823611 代理机构联系方式：代理机构：天津市建设工程招标有限公司代理机构联系人：刘工 15022034580代理机构地址： 天津市河西区环岛西路19号梅江中心大厦26层 一、采购项目内容国家粮食和物资储备局北京局八三三处某项目拟邀竣工结算审核单位征集公告（招标编号：A2024-09-171-011）项目所在地区：天津市，市辖区，滨海新区（一）招标条件 本国家粮食和物资储备局北京局八三三处某项目拟邀竣工结算审核单位已由项目审批/核准/备案机关批准，项目资金来源为国家财政资金，招标人为国家粮食和物资储备局北京局八三三处。本项目已具备招标条件，现招标方式为其他方式。（二）项目概况和招标范围 规模：国家粮食和物资储备局北京局八三三处某项目拟邀竣工结算审核单位。国家粮食和物资储备局北京局八三三处某项目竣工结算审核，工作内容包括：竣工结算审核、施工造价控制及项目资金过程管理等，自合同签订起至项目竣工结算完成所有造价服务。范围：本招标项目划分为 1 个标段，本次招标为其中的：(001)国家粮食和物资储备局北京局八三三处某项目拟邀竣工结算审核单位;（三）投标人资格要求 (001 国家粮食和物资储备局北京局八三三处某项目拟邀竣工结算审核单位)的投标人资格能力要求：1、供应商应具有在中华人民共和国境内注册的具有独立法人资格的有效营业执照，且营业执照在有效期内。【提供加盖公章的复印件。】2、单位负责人为同一人或者存在控股、管理关系的不同单位，不得同时参加本次采购活动。【提供加盖公章的承诺书。】3、业绩要求投标截止日前3年，指投标人在2023年1月1日起至投标截止日止（以合同签订时间或开工日期为准）承接过1个类似项目业绩。类似项目指：投标人承接过建安工程造价5000万元及以上的工业建筑的工程造价咨询业绩。【注：①投标人提供的业绩为联合体业绩的，其在该业绩中的工作分工应满足本项目类似业绩要求；②投标人投标须提供合同复印件或中标通知书复印件或官方网站的中标公示截图。如上述资料不能体现上述业绩要求的各项指标或需对项目情况作进一步说明的，须提交相关行政部门出具的行政批复文件或业主证明，业主证明须加盖业主单位公章(业主证明须含业主联系人，联系人职务和联系人电话)。】4、项目负责人资格要求：拟派项目负责人1人，为投标人本单位在职人员。①资质要求：须具备建设行政主管部门颁发的一级注册造价工程师执业证书或全国注册造价工程师执业证书（注册专业为土建或安装）同时具有工程类高级及以上技术职称。【提供拟派项目负责人有效的注册执业证、职称证、身份证、投标人为其缴纳的养老保险证明材料，期限须包含2026年1月至投标文件递交截止之日单位连续3个月。】②业绩要求：投标截止日前3年，指投标人拟派的项目负责人在2023年1月1日起至投标截止日止（以合同签订时间为准）承接过的1个类似项目中担任项目负责人业绩。类似项目指：投标人承接过建安工程造价5000万元及以上的工业建筑的工程造价咨询业绩。【注：①投标人提供的业绩为联合体业绩的，其在该业绩中的工作分工应满足本项目类似业绩要求；②投标人投标须提供合同复印件或中标通知书复印件或官方网站的中标公示截图；③投标人提供加盖项目负责人执业证书章的“成果文件”。如上述资料不能体现上述业绩要求的各项指标或需对项目情况作进一步说明的，须提交相关行政部门出具的行政批复文件或业主证明，业主证明须加盖业主单位公章(业主证明须含业主联系人，联系人职务和联系人电话)。】5、财务要求具有良好的商业信誉和健全的财务会计制度。近3年（2023年-2025年）具有良好的商业信誉和健全的财务会计制度，年度财务状况不亏损；【提供经会计师事务所或审计机构审计的年度财务审计报告。】6、纳税及社保要求投标人具有依法缴纳税收和社会保障资金的良好记录，依法不需要缴纳社会保障金及依法免税的应提供相应的文件说明。【提供2026年1月至征集开标截止日前任意三个月单位连续缴纳税收和社会保障资金的证明材料或依法不需要缴纳社保或免税的说明。】7、信誉要求未被列入失信被执行人、重大税收违法失信主体、政府采购严重违法失信行为记录名单。供应商须提供“信用中国”网站（http：//www.creditchina.gov.cn/）、中国政府采购网（www.ccgp.gov.cn）的信息，将结果截图（截图应清晰）并加盖单位公章；对列入“失信被执行人（在中国执行信息公开网http://zxgk.court.gov.cn/shixin/显示）”、“税收违法黑名单”、政府采购严重违法失信行为记录名单的企业，拒绝其参与本次投标活动；【以上内容须分别提供承诺书（格式自制）或对应网站查询结果，并加盖法人公章和法定代表人签字或盖章。】8.若为法定代表人参加开标活动的，须提供法定代表人身份证明书和法定代表人身份证复印件（须加盖单位公章）；若为非法定代表人参加开标活动的，须提供法定代表人资格证明书和法定代表人授权书（须由法定代表人签字或盖章）、被授权人身份证复印件加盖公章、单位为其缴纳的2026年1月至开标截止日前任意三个月连续缴纳社保证明(证明必须是由当地社保部门出具的查询明细表并加盖社保部门印章）。9.符合涉密工程管理要求：（1）中华人民共和国境内（港澳台地区除外）依法成立3年以上的法人，无境外（含港澳台）控股或直接投资；（2）无违法犯罪记录，近1年内未发生泄密案件；（3）拟承担涉密工程勘察、设计、施工、监理、采购等工作人员具有中华人民共和国国籍，无境外永久居留权或者长期居留许可，无违法犯罪记录；（4）具备相应的行业资质，具有承担相关业务的专业能力；（5）保密制度完善，有专门的机构或者人员负责保密工作；（6）具备符合国家保密规定和标准场所、设施、设备等条件;（7）法律、行政法规和国家保密行政管理部门的其他条件；【提供相关证明材料或承诺书（加盖公章和法定代表人签字或盖章）】。10.相关要求承诺：（1）承诺项目负责人全程解决本项目过程中的问题。（2）投标单位不存在被依法暂停或者取消投标资格；被责令停产停业、暂扣或者吊销许可证、暂扣或者吊销执照；进入清算程序，或被宣告破产，或其他丧失履约能力的情形。（3）最近三年（按投标截止时间推算）没有发生重大造价咨询服务质量问题。（4）最近三年（按投标截止时间推算）投标人或其法定代表人、拟委任的项目负责人没有行贿犯罪行为（以中国裁判文书网http://wenshu.court.gov.cn查询结果为准，需提供网站查询截图并加盖公章）。（5）与征集人存在利害关系可能影响到投标公正性的法人、其他组织或者个人，不得参加本次招标投标活动，单位负责人为同一人或者存在控股、管理关系的不同单位，不得同时参加本次招标活动。（6）承诺不以联合体参加本项目投标及后续工作。【提供加盖公章及法定代表人或授权委托人签字或盖章的书面承诺书，格式自拟。】11.本项目不允许联合体投标。（四）招标文件的获取 获取时间：从2026年9月4日 08 时 30 分到2026年9月13日 16 时 00 分获取方式：请有意参加本次公开征集的供应商，于2026年9月4日 至2026年9月13日，每天上午08:30至11:30，下午13:30至16:00(北京时间，法定节假日除外)。将营业证照、授权委托书扫描件发送至邮箱15022034580@126.com进行报名，邮件正文包含单位名称、联系人姓名及联系方式。（五）投标文件的递交 递交截止时间：2026年9月14日 13时30 分递交方式：天津市建设工程招标有限公司（天津市河西区环岛西路19号梅江中心大厦26层 ）邮寄方式递交（六）开标时间及地点 开标时间：2026年9月14日 13时30 分开标地点：天津市建设工程招标有限公司（天津市河西区环岛西路19号梅江中心大厦26层 ）（本项目只是征集拟邀请单位，不进行招标活动。）（七）其他 1、征集接受1.1如供应商有意参加本次公开征集，请于2026年9月14日13时 30分前通过邮寄方式(只接受邮寄）递交响应文件。快递优先选择顺丰快递（不接受邮寄到付），响应文件递交时间以签收时间为准，逾期送达的、未送达指定地点的或者不按照要求密封的文件，不予接收。1.2邮寄地址：天津市河西区环岛西路19号梅江中心大厦26层，收件人刘工，联系电话15022034580。1.3递交征集材料要求：征集材料应采用左侧胶粘方式装订并密封，不得采用活页夹等可随时拆换的方式装订，征集材料需编辑目录及页码，正本和副本需分别装订。2、其他事项2.1供应商不得借用他人资质或挂靠单位参与征集，一经发现，征集人有权取消供应商参与本项目资格。2.2征集人接收资料并不表示接受供应商参与本次项目后续招标工作，且征集人根据征集情况有权对供应商进行征集考察审核，对未进行后续招标邀请的供应商征集人有权不予解释。本次供应商征集的相关情况及最终结果不予公开。3、响应文件包含的资料内容详见“投标人资格要求” 。 响应文件内容需按顺序装订在一本文件内（须按要求胶装）。纸质文件正本一份，副本两份；光盘正本一份，副本两份；纸质文件及光盘密封于一个包封内。5、 征集人接收资料并不表示接受申请人参与项目后续施工总承包投标工作，对未进行后续招标邀请的申请人，征集人有权不予解释。本次供应商征集的相关情况及最终结果不予公开。（八）监督部门 本招标项目的监督部门为其他。（九）联系方式 招 标 人：国家粮食和物资储备局北京局八三三处 地 址：天津市海滨大道（天津港保税区）3520号 联 系 人：刘先生 电 话：022-59823611电子邮件：/招标代理机构：天津市建设工程招标有限公司地 址： 天津市河西区环岛西路19号梅江中心大厦26层 联 系 人： 刘工电 话： 15022034580 电子邮件：15022034580@126.com  二、开标时间：2026年09月14日 13:30 三、其它补充事宜 四、预算金额：预算金额：0.000000 万元（人民币）,农林牧渔,2026-09-14 13:30,中国政府采购网,,0.0,table,,,,,,,,,,,
国家食品安全风险评估中心化学室小型设备采购比选公告,其他公告,CFTC-BJ01-2608071,2026年09月04日 14:51,北京市,国家食品安全风险评估中心,北京市朝阳区广渠路37号院2号楼,王老师 010-52165527,国金招标有限公司,北京市朝阳区东三环南路甲52号顺迈金钻国际商务中心9层9C,边璐、邵柄强、张含勇 010-52138809、13521749581,边璐、邵柄强、张含勇项目联系电,010-52138809、13521749581,附件-（新）获取采购文件登记表.xlsx,"[{""attach_name"": ""附件-（新）获取采购文件登记表.xlsx"", ""attach_url"": ""https://download.ccgp.gov.cn/oss/download?uuid=6BA51B45595F310C41816211CFA769""}]",https://www.ccgp.gov.cn/cggg/zygg/qtgg/202609/t20260904_27267431.htm,2026-09-10 10:11:17,"国金招标有限公司受国家食品安全风险评估中心 委托，根据《中华人民共和国政府采购法》等有关规定，现对化学室小型设备采购进行其他招标，欢迎合格的供应商前来投标。 项目名称：化学室小型设备采购项目编号：CFTC-BJ01-2608071项目联系方式：项目联系人：边璐、邵柄强、张含勇项目联系电话：010-52138809、13521749581 采购单位联系方式：采购单位：国家食品安全风险评估中心采购单位地址：北京市朝阳区广渠路37号院2号楼采购单位联系方式：王老师 010-52165527 代理机构联系方式：代理机构：国金招标有限公司代理机构联系人：边璐、邵柄强、张含勇 010-52138809、13521749581代理机构地址： 北京市朝阳区东三环南路甲52号顺迈金钻国际商务中心9层9C 一、采购项目内容 包号 标的名称 采购预算 简要技术参数或要求描述 是否允许进口 01 氮气发生器 10万元 本包拟采购2台氮气发生器，详见比选文件第四章。 否 02 4℃低温冰箱、-40℃超低温冰箱、-80℃超低温冰箱 19万元(4℃低温冰箱单台控制价为1万元；-40℃超低温冰箱单台控制价为3万元；-80℃超低温冰箱单台控制价为8万元） 本包拟采购2台4℃低温冰箱、3台 -40℃超低温冰箱、1台 -80℃超低温冰箱，详见比选文件第四章。 否   二、开标时间：2026年09月14日 14:00 三、其它补充事宜一、合格供应商的资格要求：（一）1、具有独立承担民事责任的能力；2、具有良好的商业信誉和健全的财务会计制度；3、具有履行合同所必需的设备和专业技术能力；4、有依法缴纳税收和社会保障资金的良好记录；5、参加采购活动前三年内，在经营活动中没有重大违法记录；6、法律、行政法规规定的其他条件；（二）供应商必须是在中华人民共和国境内注册，具有独立法人资格的单位或其他组织；（三）如国家对本项目相关专业有特别规定或资质要求，则必须符合相关规定或具有相关资质；（四）供应商近3年内未被信用中国网和中国政府采购网（www.creditchina.gov.cn、www.ccgp.gov.cn）列入重大税收违法失信主体、政府采购严重违法失信行为记录名单、严重失信主体名单；（五）单位负责人为同一人或者存在直接控股、管理关系的不同供应商，不得同时参加本项目同一分包的政府采购活动；（六）为本项目提供整体设计、规范编制或者项目管理、监理、检测等服务的供应商，不得参加本次政府采购活动；（七）供应商必须领取比选采购文件并登记备案；（八）本项目不接受联合体的比选响应；（九）落实政府采购政策需满足的资格要求：本项目不专门面向中小企业预留采购份额。二、报名及获取比选采购文件：（一）时间：2026年9月4日至2026年9月9日，工作日上午9:00至12：00，下午12:00至17:00（北京时间）；01包200元、02包200元，售后不退。（二）获取比选采购文件地点：邮箱线上获取方式：1.须提供《获取采购文件登记表》excel版和加盖单位公章的pdf版以及报名费转账凭证。（操作步骤：①下载《获取采购文件登记表》填写补充完整后加盖单位公章并扫描为pdf版②将报名费公对公转账{收款账户：国金招标有限公司；账号:170149276；开户行：中国民生银行北京劲松支行}③将《获取采购文件登记表》excel版和加盖单位公章的pdf版以及报名费转账凭证发送至guojinzhaobiao2020@163.com）注：请各投标人务必在获取比选文件时间内一次性将所需材料发送至采购代理机构邮箱。邮件标题注明“XX公司+XX项目报名材料”。我司在核对无误后发送采购文件电子版（电子版具有和纸质文件同等效力）。附件： 获取采购文件登记表 项目名称： 标书费金额（每包每本）： 项目编号： 包号（如涉及则需要填写，不涉及划斜线）： 序号 单位名称 统一社会信用代码 注册地址 联系人 手机号 邮箱 获取日期 1               备注1： 收款单位 ：国金招标有限公司 开户行：中国民生银行北京劲松支行 银行账号：170149276 备注2： （1）表头标红内容必须对照采购公告填写。 （2）将《获取采购文件登记表》excel版和加盖单位公章的pdf版以及报名费转账凭证发送至guojinzhaobiao2020@163.com。 （3）标书款发票（普票）和采购文件电子版将发送至上面填写的电子邮箱里，请注意查收。     三、比选响应：（一）截止时间：2026年9月14日，14:00（北京时间）；（二）开启时间：2026年9月14日，14:00（北京时间）；（三）递交响应文件地点：北京市朝阳区广渠路37号院2号楼（国家食品安全风险评估中心）一层会议室；（四）比选响应文件请于比选响应截止时间之前由被授权人送达,以电话、传真、电子邮件形式递交的比选响应文件将不予接收。逾期收到或不符合规定的比选响应文件恕不接收。四、其他补充事宜本比选采购公告在中国政府采购网上进行发布。 四、预算金额：预算金额：29.000000 万元（人民币）",设备购置,,中国政府采购网,,29.0,table,,,,,,,,,,,
移动工作站采购项目废标公告,流标公告,THTC-HR-LDTFC2026001,2026年09月04日 14:43,北京市,zycgr22011902,/,冯老师 010-57305132,天恒招标有限公司,北京市东城区东四十条甲22号南新仓商务大厦B座922,刘艳素、王文静、陈洁、徐梓瑶、刘戈010-53347227、17710393237,刘艳素、王文静、陈洁、徐梓瑶,010-53347227、17710393237,,,https://www.ccgp.gov.cn/cggg/zygg/qtgg/202609/t20260904_27267342.htm,2026-09-10 10:11:17,一、项目基本情况 采购项目编号： THTC-HR-LDTFC2026001 采购项目名称：移动工作站采购项目 二、项目废标/流标的原因 递交文件供应商不足三家，本项目废标。 三、其他补充事宜 发布公告的媒介：中国政府采购网。 四、凡对本次公告内容提出询问，请按以下方式联系。 1.采购人信息 名 称：zycgr22011902 地址：/ 联系方式：冯老师 010-57305132 2.采购代理机构信息 名 称：天恒招标有限公司 地 址：北京市东城区东四十条甲22号南新仓商务大厦B座922 联系方式：刘艳素、王文静、陈洁、徐梓瑶、刘戈010-53347227、17710393237 3.项目联系方式 项目联系人：刘艳素、王文静、陈洁、徐梓瑶、刘戈 电 话： 010-53347227、17710393237,其他,,中国政府采购网,,,default,二、项目废标/流标的原因,,,,,,,,,,
永久园区冰箱、净水器等电器物资采购项目（三次招标）废标公告,流标公告,TC260N04X-KBF028,2026年09月04日 14:42,北京市,zycgr22011902,北京市,唐老师 010-57305133,中招国际招标有限公司,北京市海淀区学院南路62号中关村资本大厦906A,张靖、武靖、彭小娟、王波、王鹏、胡亚平 010－62108242、8032,张靖、武靖、彭小娟、王波、王鹏,010-62108242,,,https://www.ccgp.gov.cn/cggg/zygg/qtgg/202609/t20260904_27267353.htm,2026-09-10 10:11:18,一、项目基本情况 采购项目编号：TC260N04X-KBF028 采购项目名称：永久园区冰箱、净水器等电器物资采购项目 二、项目废标/流标的原因 本项目招标文件内容违反国家有关强制性规定。依据财政部令第87号第六十五条评标委员会发现招标文件存在歧义、重大缺陷导致评标工作无法进行，或者招标文件内容违反国家有关强制性规定的，应当停止评标工作，与采购人或者采购代理机构沟通并作书面记录。采购人或者采购代理机构确认后，应当修改招标文件，重新组织采购活动。”本项目废标，重新组织采购活动。 三、其他补充事宜 无 四、凡对本次公告内容提出询问，请按以下方式联系。 1.采购人信息 名 称：zycgr22011902 地址：北京市 联系方式：唐老师 010-57305133 2.采购代理机构信息 名 称：中招国际招标有限公司 地 址：北京市海淀区学院南路62号中关村资本大厦906A 联系方式：张靖、武靖、彭小娟、王波、王鹏、胡亚平 010－62108242、8032 3.项目联系方式 项目联系人：张靖、武靖、彭小娟、王波、王鹏、胡亚平 电 话： 010-62108242/8032,教育培训,,中国政府采购网,,,default,二、项目废标/流标的原因,,,,,,,,,,
彭州市消防救援大队消防车辆及救援装备采购项目需求征求意见公告,其他公告,/,2026年09月04日 14:26,成都市,彭州市消防救援大队,彭州市朝阳北路156号,李先生 028-83886119,四川顺为招标代理有限公司,成都市武侯区武科西一路3号2栋1单元5层,刘老师 19180456384,刘先生,19180456384,"采购需求.doc,采购需求修改建议书（彭州市消防救援大队）.docx","[{""attach_name"": ""采购需求.doc"", ""attach_url"": ""https://download.ccgp.gov.cn/oss/download?uuid=9D334F5352E1E86C7144EB71D29FC8""}, {""attach_name"": ""采购需求修改建议书（彭州市消防救援大队）.docx"", ""attach_url"": ""https://download.ccgp.gov.cn/oss/download?uuid=CA5A6A410A15D1950176FAB601CDE9""}]",https://www.ccgp.gov.cn/cggg/zygg/qtgg/202609/t20260904_27267185.htm,2026-09-10 10:11:18,四川顺为招标代理有限公司受彭州市消防救援大队 委托，根据《中华人民共和国政府采购法》等有关规定，现对彭州市消防救援大队消防车辆及救援装备采购项目进行其他招标，欢迎合格的供应商前来投标。 项目名称：彭州市消防救援大队消防车辆及救援装备采购项目项目编号：/项目联系方式：项目联系人：刘先生项目联系电话：19180456384 采购单位联系方式：采购单位：彭州市消防救援大队采购单位地址：彭州市朝阳北路156号采购单位联系方式：李先生 028-83886119 代理机构联系方式：代理机构：四川顺为招标代理有限公司代理机构联系人：刘老师 19180456384代理机构地址： 成都市武侯区武科西一路3号2栋1单元5层 一、采购项目内容各潜在供应商：为保障各潜在供应商的合法权益及采购程序的公开、公平、公正，我公司受彭州市消防救援大队委托，现就彭州市消防救援大队消防车辆及救援装备采购项目主要技术参数需求面社会公开，广泛征求社会意见。本项目拟采购的装备参数具体详见附件，请自愿参与调查的各潜在供应商，如认为本公告所列需求及要求中存在某个产品技术需求不满足三个品牌产品或三家供应商、技术需求中个别条款的描述具有倾向性或排斥性的，可向我公司提出修改建议。意见征求时间：2026年09月07日09:00至2026年09月09日17:00。联系人及联系电话：刘老师；19180456384。各潜在供应商提出的采购需求修改建议书应符合以下条件，否则不予接收或采纳：1、在意见征求时间有效期内提出，提供联系人及联系电话，将加盖公章材料的扫描件发送至邮箱1172054635@qq.com（邮件名称为“彭州市消防救援大队消防车辆及救援装备采购项目采购需求修改建议书+供应商名称”）。逾期送达、匿名送达以及其他不符合要求的采购需求修改建议书我公司不予接收。2、因本项目实施要求严格，提供内容须保证真实性、可靠性、准确性，修改意见如无相关法律依据和充足证据佐证，采购人将不予采纳。 二、开标时间： 三、其它补充事宜本次调查公告目的为技术参数收集整理制定，请广大供应商站在提升产品性能、提高战斗力标准的角度提意见，如因自身产品性能不满足要求或不合理将不会被采纳。项目后续相关采购信息以招标公告为准，如有意向，请及时关注后期公告。 四、预算金额：预算金额：0.000000 万元（人民币）,公共安全,,中国政府采购网,,0.0,table,,,,,,,,,,,
天津大学化工学院金属薄膜沉积系统采购项目快速磋商公告,其他公告,TDZC2026N0101,2026年09月04日 14:18,天津市,天津大学,天津市南开区卫津路92号,巩老师、蔡老师 022-27407504（招标办）,中化商务有限公司,天津市河西区南京路58号中化大厦A座2层,吕继春、孔令芳、崔喆  13920207525,吕继春、孔令芳、崔喆项目联系电,13920207525,,,https://www.ccgp.gov.cn/cggg/zygg/qtgg/202609/t20260904_27267143.htm,2026-09-10 10:11:19,中化商务有限公司受天津大学 委托，根据《中华人民共和国政府采购法》等有关规定，现对天津大学化工学院金属薄膜沉积系统采购项目进行其他招标，欢迎合格的供应商前来投标。 项目名称：天津大学化工学院金属薄膜沉积系统采购项目项目编号：TDZC2026N0101项目联系方式：项目联系人：吕继春、孔令芳、崔喆项目联系电话：13920207525 采购单位联系方式：采购单位：天津大学采购单位地址：天津市南开区卫津路92号采购单位联系方式：巩老师、蔡老师 022-27407504（招标办） 代理机构联系方式：代理机构：中化商务有限公司代理机构联系人：吕继春、孔令芳、崔喆 13920207525代理机构地址： 天津市河西区南京路58号中化大厦A座2层 一、采购项目内容中化商务有限公司受天津大学委托，就天津大学化工学院金属薄膜沉积系统采购项目进行快速磋商，现邀请合格的供应商前来参加磋商。一、项目名称：天津大学化工学院金属薄膜沉积系统采购项目二、项目编号：TDZC2026N0101三、项目内容金属薄膜沉积系统：1台。设备为真空蒸发镀膜设备，采用物理气相沉积技术，在真空环境下加热材料，蒸发沉积金属等高温材料。实现有机光伏、钙钛矿电池等器件的金属电极制备等。用于OLED、有机光伏、钙钛矿光伏等行业的金属薄膜研究、测试及验证。设备由承载机架、真空室及真空系统、蒸发源、基片台、在线膜厚测量系统、软件控制系统组成。主要技术参数包括：基片尺寸不小于100mmX100mm，片内薄膜均匀性误差，片间重复性误差均不低于5%；采用分子泵高真空系统，极限真空优于10-6Pa；配有在线式膜厚测量系统及多源共蒸系统；与惰性气体手套箱集成，可以惰性气体环境下操作设备。具体要求详见项目需求书。本项目不接受进口产品参与磋商。预算（最高限价）：49.5万元。本项目不接受联合体磋商并不得分包转包。四、项目需要落实的政府采购政策中小企业划分标准所属行业：工业1.根据《政府采购促进中小企业发展管理办法》《财政部关于进一步加大政府采购支持中小企业力度的通知》财库〔2022〕19号规定，本项目对小型和微型企业产品的价格给予10%的扣除。2.根据财政部发布的《关于政府采购支持监狱企业发展有关问题的通知》规定，本项目对监狱企业产品的价格给予10%的扣除。3.根据财政部、民政部、中国残疾人联合会发布的《关于促进残疾人就业政府采购政策的通知》规定，本项目对残疾人福利性单位产品的价格给予10%的扣除。注：小微企业以供应商填写的《中小企业声明函》为判定标准，残疾人福利性单位以制造商《残疾人福利性单位声明函》为判定标准，监狱企业须提供由省级以上监狱管理局、戒毒管理局（含新疆生产建设兵团）出具的制造商属于监狱企业的证明文件，否则不予认定。以上政策不重复享受。4.根据《国务院办公厅关于在政府采购中实施本国产品标准及相关政策的通知》国办发〔2025〕34号规定，政府采购活动中既有本国产品又有非本国产品参与竞争的，依法对本国产品给予价格评审优惠，对本国产品的报价给予20%的价格扣除，用扣除后的价格参与评审。当采购项目或者采购包中含有多种产品，供应商为该采购项目或者采购包提供的符合本国产品标准的产品成本之和占该供应商提供的全部产品成本之和的比例达到80%以上时，依法对该供应商提供的全部产品给予价格评审优惠，即对该供应商提供的全部产品的总报价给予20%的价格扣除，用扣除后的价格参与评审。注：供应商提供的产品符合本国产品标准，需出具《关于符合本国产品标准的声明函》（格式见第七章响应文件格式附件8-4）或财政部会同有关部门规定的有关证明文件，如提供的产品均不符合本国产品标准，则无需提供声明函或有关证明文件。供应商提供的符合本国产品标准的产品成本之和占该供应商提供的全部产品（全部产品是指货物或服务采购包件中包含的全部货物、服务产品）成本之和的比例达到80%以上，供应商除需提供以上声明函或证明文件外，还需提供产品成本占比承诺函（格式见第七章响应文件格式附件8-5）。占比不足80%的，无需提供承诺函。5. 按照《关于调整优化节能产品、环境标志产品政府采购执行机制的通知》（财库〔2019〕9号）文件要求，对政府采购节能、环境标志品目清单内的产品实施优先采购和强制采购的评标方法。6. 涉及商品包装或快递包装的，按照《财政部办公厅、生态环境部办公厅、国家邮政局办公室关于印发<商品包装政府采购需求标准（试行）>、<快递包装政府采购需求标准（试行）>的通知》（财办库〔2020〕123号）要求执行。7．按照《财政部关于在政府采购活动中查询及使用信用记录有关问题的通知》（财库〔2016〕125号）的要求，根据磋商当日查询“信用中国”网站（www.creditchina.gov.cn）、中国政府采购网（www.ccgp.gov.cn）的信息，对列入失信被执行人、重大税收违法失信主体、政府采购严重违法失信行为记录名单及其他不符合《中华人民共和国政府采购法》第二十二条规定条件的供应商，拒绝参与政府采购活动，同时代理机构对信用信息查询记录和证据进行打印存档。五、供应商资格要求1. 满足《中华人民共和国政府采购法》第二十二条规定；（1）供应商须是在中华人民共和国注册，具备独立承担民事责任的能力；提供营业执照或事业单位法人证书或民办非企业单位登记证书或社会团体法人登记证书或基金会法人登记证书；（2）供应商须提供经第三方会计师事务所审计的2025年度财务审计报告或响应文件开启时间前3个月以内银行出具的资信证明；（3）供应商须提供提交响应文件截止时间前6个月内任意一个月缴纳社会保险费的相关证明材料；（4）供应商须提供税款所属期为提交响应文件截止时间前6个月内任意一个月依法纳税的相关证明材料；（5）供应商须提供响应文件开启时间前3年在经营活动中没有重大违法记录的书面声明（截至响应文件开启时间成立不足3年的供应商可提供自成立以来无重大违法记录的书面声明）。（6）供应商具备履行合同所必需的设备和专业技术能力，提供承诺书。2. 落实政府采购政策需满足的资格要求：按照《财政部关于在政府采购活动中查询及使用信用记录有关问题的通知》（财库〔2016〕125号）的要求，根据磋商当日查询“信用中国”网站（www.creditchina.gov.cn）、中国政府采购网（www.ccgp.gov.cn）的信息，对列入失信被执行人、重大税收违法失信主体、政府采购严重违法失信行为记录名单及其他不符合《中华人民共和国政府采购法》第二十二条规定条件的供应商，拒绝参与政府采购活动，同时代理机构对信用信息查询记录和证据进行打印存档。3. 本项目的特定资格要求：若为供应商的法定代表人参加磋商，须提供法定代表人资格证明书原件加盖公章和法定代表人身份证明原件或复印件加盖公章；供应商若为授权代表参加磋商，还须提供法定代表人授权委托书原件（需由法定代表人及授权代表签字或盖章并加盖公章）和授权代表身份证明原件或复印件加盖公章。六、磋商文件发售1. 获取磋商文件的时间：2026年9月4日至2026年9月9日出售磋商文件，每日9：00-12：00，12：00-17：00（法定节假日除外）。2. 获取磋商文件的方式：登录中化商务电子招投标平台(ebid.sinochemitc.com)，未在中化商务电子招投标平台注册的供应商须先进行注册，已注册供应商无需重复注册。登录后点击[公告信息]菜单，搜索到本项目后，点击[查看]-[参与项目]填写相应信息进入[我的投标项目]菜单在本项目下完成相应操作即可进行费用缴纳及下载电子版磋商文件。获取磋商文件相关操作可在“中化商务电子招投标平台”（ebid.sinochemitc.com）主页点击帮助中心查找，或点击在线客服输入关键字“如何获取招标文件”进行询问。平台技术支持电话：0574-22762073。本项目编号为TDZC2026N0101。但由于系统限制，本项目在中化商务电子招投标平台项目编号为0747-2660SCCTJ240。(供应商在响应本项目时，应以TDZC2026N0101为准。但由于两个编号均为本项目唯一编号，供应商若使用了0747-2660SCCTJ240编号也予以认可，不视为编号填写错误。)      3.售价：500元。七、提交磋商响应文件截止时间及地点1. 响应文件提交的截止时间：2026年9月16日下午13:30（北京时间）（逾期送达或未按照磋商文件要求密封的响应文件概不接受。）2. 响应文件递交地点：中化商务有限公司(天津市河西区南京路58号中化大厦A座2层会议室)。3. 响应文件开启时间：2026年9月16日下午13:30（北京时间）（北京时间）4. 响应文件开启地点：中化商务有限公司(天津市河西区南京路58号中化大厦A座2层会议室)。5. 响应文件递交方式现场递交：供应商须由法定代表人或授权代表现场递交响应文件（含对响应文件的有效修改、澄清文件）。八、磋商时间及地点磋商时间及地点：2026年9月16日下午13:30（北京时间）在中化商务有限公司(天津市河西区南京路58号中化大厦A座2层会议室)召开。届时请参加磋商的授权代表出席。 二、开标时间：2026年09月16日 13:30 三、其它补充事宜无 四、预算金额：预算金额：49.500000 万元（人民币）,教育培训,,中国政府采购网,,49.5,table,,,,,,,,,,,
天津大学化工学院原子层沉积机采购项目快速磋商公告,其他公告,TDZC2026N0100,2026年09月04日 14:18,天津市,天津大学,天津市南开区卫津路92号,巩老师、蔡老师 022-27407504（招标办）,中化商务有限公司,天津市河西区南京路58号中化大厦A座2层,吕继春、孔令芳、崔喆 13920207525,吕继春、孔令芳、崔喆项目联系电,13920207525,,,https://www.ccgp.gov.cn/cggg/zygg/qtgg/202609/t20260904_27267141.htm,2026-09-10 10:11:20,中化商务有限公司受天津大学 委托，根据《中华人民共和国政府采购法》等有关规定，现对天津大学化工学院原子层沉积机采购项目进行其他招标，欢迎合格的供应商前来投标。 项目名称：天津大学化工学院原子层沉积机采购项目项目编号：TDZC2026N0100项目联系方式：项目联系人：吕继春、孔令芳、崔喆项目联系电话：13920207525 采购单位联系方式：采购单位：天津大学采购单位地址：天津市南开区卫津路92号采购单位联系方式：巩老师、蔡老师 022-27407504（招标办） 代理机构联系方式：代理机构：中化商务有限公司代理机构联系人：吕继春、孔令芳、崔喆 13920207525代理机构地址： 天津市河西区南京路58号中化大厦A座2层 一、采购项目内容中化商务有限公司受天津大学委托，就天津大学化工学院原子层沉积机采购项目进行快速磋商，现邀请合格的供应商前来参加磋商。一、项目名称：天津大学化工学院原子层沉积机采购项目二、项目编号：TDZC2026N0100 三、项目内容原子层沉积机：1台。本设备主要用于钙钛矿太阳能电池、钙钛矿探测器等有机光电子器件的研究。具体要求详见项目需求书。本项目不接受进口产品参与磋商。预算（最高限价）：48万元。本项目不接受联合体磋商并不得分包转包。四、项目需要落实的政府采购政策中小企业划分标准所属行业：工业1.根据《政府采购促进中小企业发展管理办法》《财政部关于进一步加大政府采购支持中小企业力度的通知》财库〔2022〕19号规定，本项目对小型和微型企业产品的价格给予10%的扣除。2.根据财政部发布的《关于政府采购支持监狱企业发展有关问题的通知》规定，本项目对监狱企业产品的价格给予10%的扣除。3.根据财政部、民政部、中国残疾人联合会发布的《关于促进残疾人就业政府采购政策的通知》规定，本项目对残疾人福利性单位产品的价格给予10%的扣除。注：小微企业以供应商填写的《中小企业声明函》为判定标准，残疾人福利性单位以制造商《残疾人福利性单位声明函》为判定标准，监狱企业须提供由省级以上监狱管理局、戒毒管理局（含新疆生产建设兵团）出具的制造商属于监狱企业的证明文件，否则不予认定。以上政策不重复享受。4.根据《国务院办公厅关于在政府采购中实施本国产品标准及相关政策的通知》国办发〔2025〕34号规定，政府采购活动中既有本国产品又有非本国产品参与竞争的，依法对本国产品给予价格评审优惠，对本国产品的报价给予20%的价格扣除，用扣除后的价格参与评审。当采购项目或者采购包中含有多种产品，供应商为该采购项目或者采购包提供的符合本国产品标准的产品成本之和占该供应商提供的全部产品成本之和的比例达到80%以上时，依法对该供应商提供的全部产品给予价格评审优惠，即对该供应商提供的全部产品的总报价给予20%的价格扣除，用扣除后的价格参与评审。注：供应商提供的产品符合本国产品标准，需出具《关于符合本国产品标准的声明函》（格式见第七章响应文件格式附件8-4）或财政部会同有关部门规定的有关证明文件，如提供的产品均不符合本国产品标准，则无需提供声明函或有关证明文件。供应商提供的符合本国产品标准的产品成本之和占该供应商提供的全部产品（全部产品是指货物或服务采购包件中包含的全部货物、服务产品）成本之和的比例达到80%以上，供应商除需提供以上声明函或证明文件外，还需提供产品成本占比承诺函（格式见第七章响应文件格式附件8-5）。占比不足80%的，无需提供承诺函。5. 按照《关于调整优化节能产品、环境标志产品政府采购执行机制的通知》（财库〔2019〕9号）文件要求，对政府采购节能、环境标志品目清单内的产品实施优先采购和强制采购的评标方法。6. 涉及商品包装或快递包装的，按照《财政部办公厅、生态环境部办公厅、国家邮政局办公室关于印发<商品包装政府采购需求标准（试行）>、<快递包装政府采购需求标准（试行）>的通知》（财办库〔2020〕123号）要求执行。7．按照《财政部关于在政府采购活动中查询及使用信用记录有关问题的通知》（财库〔2016〕125号）的要求，根据磋商当日查询“信用中国”网站（www.creditchina.gov.cn）、中国政府采购网（www.ccgp.gov.cn）的信息，对列入失信被执行人、重大税收违法失信主体、政府采购严重违法失信行为记录名单及其他不符合《中华人民共和国政府采购法》第二十二条规定条件的供应商，拒绝参与政府采购活动，同时代理机构对信用信息查询记录和证据进行打印存档。五、供应商资格要求1. 满足《中华人民共和国政府采购法》第二十二条规定；（1）供应商须是在中华人民共和国注册，具备独立承担民事责任的能力；提供营业执照或事业单位法人证书或民办非企业单位登记证书或社会团体法人登记证书或基金会法人登记证书；（2）供应商须提供经第三方会计师事务所审计的2025年度财务审计报告或响应文件开启时间前3个月以内银行出具的资信证明；（3）供应商须提供提交响应文件截止时间前6个月内任意一个月缴纳社会保险费的相关证明材料；（4）供应商须提供税款所属期为提交响应文件截止时间前6个月内任意一个月依法纳税的相关证明材料；（5）供应商须提供响应文件开启时间前3年在经营活动中没有重大违法记录的书面声明（截至响应文件开启时间成立不足3年的供应商可提供自成立以来无重大违法记录的书面声明）。（6）供应商具备履行合同所必需的设备和专业技术能力，提供承诺书。2. 落实政府采购政策需满足的资格要求：按照《财政部关于在政府采购活动中查询及使用信用记录有关问题的通知》（财库〔2016〕125号）的要求，根据磋商当日查询“信用中国”网站（www.creditchina.gov.cn）、中国政府采购网（www.ccgp.gov.cn）的信息，对列入失信被执行人、重大税收违法失信主体、政府采购严重违法失信行为记录名单及其他不符合《中华人民共和国政府采购法》第二十二条规定条件的供应商，拒绝参与政府采购活动，同时代理机构对信用信息查询记录和证据进行打印存档。3. 本项目的特定资格要求：若为供应商的法定代表人参加磋商，须提供法定代表人资格证明书原件加盖公章和法定代表人身份证明原件或复印件加盖公章；供应商若为授权代表参加磋商，还须提供法定代表人授权委托书原件（需由法定代表人及授权代表签字或盖章并加盖公章）和授权代表身份证明原件或复印件加盖公章。六、磋商文件发售1. 获取磋商文件的时间：2026年9月4日至2026年9月9日出售磋商文件，每日9：00-12：00，12：00-17：00（法定节假日除外）。2. 获取磋商文件的方式：登录中化商务电子招投标平台(ebid.sinochemitc.com)，未在中化商务电子招投标平台注册的供应商须先进行注册，已注册供应商无需重复注册。登录后点击[公告信息]菜单，搜索到本项目后，点击[查看]-[参与项目]填写相应信息进入[我的投标项目]菜单在本项目下完成相应操作即可进行费用缴纳及下载电子版磋商文件。获取磋商文件相关操作可在“中化商务电子招投标平台”（ebid.sinochemitc.com）主页点击帮助中心查找，或点击在线客服输入关键字“如何获取招标文件”进行询问。平台技术支持电话：0574-22762073。本项目编号为TDZC2026N0100。但由于系统限制，本项目在中化商务电子招投标平台项目编号为0747-2660SCCTJ241。(供应商在响应本项目时，应以TDZC2026N0100为准。但由于两个编号均为本项目唯一编号，供应商若使用了0747-2660SCCTJ241编号也予以认可，不视为编号填写错误。)3.售价：500元。七、提交磋商响应文件截止时间及地点1. 响应文件提交的截止时间：2026年9月16日上午09:30（北京时间）（逾期送达或未按照磋商文件要求密封的响应文件概不接受。）2. 响应文件递交地点：中化商务有限公司(天津市河西区南京路58号中化大厦A座2层会议室)。3. 响应文件开启时间：2026年9月16日上午09:30（北京时间）（北京时间）4. 响应文件开启地点：中化商务有限公司(天津市河西区南京路58号中化大厦A座2层会议室)。5. 响应文件递交方式现场递交：供应商须由法定代表人或授权代表现场递交响应文件（含对响应文件的有效修改、澄清文件）。八、磋商时间及地点磋商时间及地点：2026年9月16日上午09:30（北京时间）在中化商务有限公司(天津市河西区南京路58号中化大厦A座2层会议室)召开。届时请参加磋商的授权代表出席。 二、开标时间：2026年09月16日 09:30 三、其它补充事宜无 四、预算金额：预算金额：48.000000 万元（人民币）,教育培训,,中国政府采购网,,48.0,table,,,,,,,,,,,
天津大学信息与网络中心学生基础事务服务平台采购项目快速磋商公告,其他公告,TDZC2026N0107,2026年09月04日 14:17,天津市,天津大学,天津市南开区卫津路92号,巩老师、蔡老师022-27407504（招标办）,政融（天津）工程咨询有限公司,天津市南开区红旗路218号慧谷大厦1010室,赵扬、苗洁、李佳  022-83571558,赵扬、苗洁、李佳,022-83571558,,,https://www.ccgp.gov.cn/cggg/zygg/qtgg/202609/t20260904_27267127.htm,2026-09-10 10:11:21,政融（天津）工程咨询有限公司受天津大学 委托，根据《中华人民共和国政府采购法》等有关规定，现对天津大学信息与网络中心学生基础事务服务平台采购项目进行其他招标，欢迎合格的供应商前来投标。 项目名称：天津大学信息与网络中心学生基础事务服务平台采购项目项目编号：TDZC2026N0107项目联系方式：项目联系人：赵扬、苗洁、李佳项目联系电话：022-83571558 采购单位联系方式：采购单位：天津大学采购单位地址：天津市南开区卫津路92号采购单位联系方式：巩老师、蔡老师022-27407504（招标办） 代理机构联系方式：代理机构：政融（天津）工程咨询有限公司代理机构联系人：赵扬、苗洁、李佳 022-83571558代理机构地址： 天津市南开区红旗路218号慧谷大厦1010室 一、采购项目内容（一）项目名称：天津大学信息与网络中心学生基础事务服务平台采购项目（二）项目编号：TDZC2026N0107（三）项目内容学生基础事务服务平台：1套。该服务平台将面向辅导员、学生、学院管理者、校级管理员等多元用户，实现重点关注学生分类管理、学生行为画像、高阶数据分析与报表生成、辅导员管理、一站式校园活动管理五大核心业务的数字化、智能化转型升级。本项目不接受进口产品参与磋商，具体要求详见项目需求书。本项目不接受联合体磋商并不得分包转包。合同履行期限：合同签订后180天内完成安装调试并具备验收条件（特殊情况以合同为准）。（四）项目需要落实的政府采购政策中小企业划分标准所属行业：工业1. 根据《政府采购促进中小企业发展管理办法》、《财政部关于进一步加大政府采购支持中小企业力度的通知》财库〔2022〕19号规定，本项目对小型和微型企业产品的价格给予10%的扣除。2. 根据财政部发布的《关于政府采购支持监狱企业发展有关问题的通知》规定，本项目对监狱企业产品的价格给予10%的扣除。3. 根据财政部、民政部、中国残疾人联合会发布的《关于促进残疾人就业政府采购政策的通知》规定，本项目对残疾人福利性单位产品的价格给予10%的扣除。注：小微企业以供应商填写的《中小企业声明函》为判定标准，残疾人福利性单位以制造商《残疾人福利性单位声明函》为判定标准，监狱企业须提供由省级以上监狱管理局、戒毒管理局（含新疆生产建设兵团）出具的制造商属于监狱企业的证明文件，否则不予认定。以上政策不重复享受。4. 根据《国务院办公厅关于在政府采购中实施本国产品标准及相关政策的通知》国办发〔2025〕34号规定，政府采购活动中既有本国产品又有非本国产品参与竞争的，依法对本国产品给予价格评审优惠，对本国产品的报价给予20%的价格扣除，用扣除后的价格参与评审。当采购项目或者采购包中含有多种产品，供应商为该采购项目或者采购包提供的符合本国产品标准的产品成本之和占该供应商提供的全部产品成本之和的比例达到80%以上时，依法对该供应商提供的全部产品给予价格评审优惠，即对该供应商提供的全部产品的总报价给予20%的价格扣除，用扣除后的价格参与评审。注：供应商提供的产品符合本国产品标准，需出具《关于符合本国产品标准的声明函》（格式见第七章响应文件格式附件8-4）或财政部会同有关部门规定的有关证明文件，如提供的产品均不符合本国产品标准，则无需提供声明函或有关证明文件。供应商提供的符合本国产品标准的产品成本之和占该供应商提供的全部产品（全部产品是指货物或服务采购包件中包含的全部货物、服务产品）成本之和的比例达到80%以上，供应商除需提供以上声明函或证明文件外，还需提供产品成本占比承诺函（格式见第七章响应文件格式附件8-5）。占比不足80%的，无需提供承诺函。5. 按照《关于调整优化节能产品、环境标志产品政府采购执行机制的通知》（财库〔2019〕9号）文件要求，对政府采购节能、环境标志品目清单内的产品实施优先采购和强制采购的评标方法。6. 涉及商品包装或快递包装的，按照《财政部办公厅、生态环境部办公厅、国家邮政局办公室关于印发<商品包装政府采购需求标准（试行）>、<快递包装政府采购需求标准（试行）>的通知》（财办库〔2020〕123号）要求执行。7．按照《财政部关于在政府采购活动中查询及使用信用记录有关问题的通知》（财库〔2016〕125号）的要求，根据磋商当日查询“信用中国”网站（www.creditchina.gov.cn）、中国政府采购网（www.ccgp.gov.cn）的信息，对列入失信被执行人、重大税收违法失信主体、政府采购严重违法失信行为记录名单及其他不符合《中华人民共和国政府采购法》第二十二条规定条件的供应商，拒绝参与政府采购活动，同时代理机构对信用信息查询记录和证据进行打印存档。（五）供应商资格要求1. 满足《中华人民共和国政府采购法》第二十二条规定；（1）供应商须是在中华人民共和国注册，具备独立承担民事责任的能力；提供营业执照或事业单位法人证书或民办非企业单位登记证书或社会团体法人登记证书或基金会法人登记证书；（2）供应商须提供经第三方会计师事务所审计的2025年度财务审计报告或响应文件开启时间前3个月以内银行出具的资信证明；（3）供应商须提供提交响应文件截止时间前6个月内任意一个月缴纳社会保险费的相关证明材料；（4）供应商须提供税款所属期为提交响应文件截止时间前6个月内任意一个月依法纳税的相关证明材料；（5）供应商须提供响应文件开启时间前3年在经营活动中没有重大违法记录的书面声明（截至响应文件开启时间成立不足3年的供应商可提供自成立以来无重大违法记录的书面声明）。（6）供应商具备履行合同所必需的设备和专业技术能力，提供承诺书。2. 落实政府采购政策需满足的资格要求：按照《财政部关于在政府采购活动中查询及使用信用记录有关问题的通知》（财库〔2016〕125号）的要求，根据磋商当日查询“信用中国”网站（www.creditchina.gov.cn）、中国政府采购网（www.ccgp.gov.cn）的信息，对列入失信被执行人、重大税收违法失信主体、政府采购严重违法失信行为记录名单及其他不符合《中华人民共和国政府采购法》第二十二条规定条件的供应商，拒绝参与政府采购活动，同时代理机构对信用信息查询记录和证据进行打印存档。3. 本项目的特定资格要求：若为供应商的法定代表人参加磋商，须提供法定代表人资格证明书原件加盖公章和法定代表人身份证明原件或复印件加盖公章；供应商若为授权代表参加磋商，还须提供法定代表人授权委托书原件（需由法定代表人及授权代表签字或盖章并加盖公章）和授权代表身份证明原件或复印件加盖公章。（六）获取快速磋商文件1. 获取磋商文件的时间：2026年9月4日至2026年9月9日出售磋商文件，每日9：00-11：00，14：00-17：00（法定节假日除外）。2. 获取磋商文件的方式：<1>现场获取：到政融（天津）工程咨询有限公司（天津市南开区红旗路218号慧谷大厦1010室）现金获取。<2>邮件获取：（1）请将标书款以电汇或银行转账方式从投标人单位账户汇至我公司的银行账号，并请在汇款备注中标明：“TDZC2026N0107标书款”，采购代理机构开户信息如下：户名：政融（天津）工程咨询有限公司  开户银行：中国农业银行股份有限公司天拖南支行  帐号：02194101040000103   （2）标书款汇款后，请将如下报名信息：投标人名称、投标人地址、营业执照扫描件、汇款单截图、项目编号、投标人联系人、联系电话及投标人邮箱以邮件正文形式发送至ZRGC_Co@163.com邮箱，并电话至我公司予以确认。（3）邮件主题为：TDZC2026N0107报名信息。（4）获取招标文件日期以标书款到账日期为准。注：本项目采用资格后审合格制，报名成功不代表评标现场通过资格审查，递交文件时需提供完整、清晰、齐全的资格证明文件。3. 磋商文件的售价：本磋商文件售价500元，一经售出，概不退还。（七）提交磋商响应文件截止时间及地点1. 响应文件提交的截止时间：2026年9月15日上午9:30（逾期送达或未按照磋商文件要求密封的响应文件概不接受。）2. 响应文件递交地点：政融（天津）工程咨询有限公司（天津市南开区红旗路218号慧谷大厦1010室）3. 响应文件开启时间：2026年9月15日上午9:304. 响应文件开启地点：政融（天津）工程咨询有限公司（天津市南开区红旗路218号慧谷大厦1010室）5.响应文件递交方式现场递交：供应商须由法定代表人或授权代表人递交响应文件（含对响应文件的有效修改、澄清文件）。（八）磋商时间及地点磋商时间及地点：2026年9月15日上午9:30（北京时间）在政融（天津）工程咨询有限公司（天津市南开区红旗路218号慧谷大厦1010室）召开。届时请参加磋商的授权代表出席。 二、开标时间：2026年09月15日 09:30 三、其它补充事宜无 四、预算金额：预算金额：40.000000 万元（人民币）,教育培训,,中国政府采购网,,40.0,table,,,,,,,,,,,
南宁市消防救援支队江南大队工业园区站蓝特城市主战车压缩空气泡沫系统维修项目（重）,其他公告,NNXF-2026CLWXBX-0022.,2026年09月04日 14:17,青秀区,南宁市消防救援支队,广西壮族自治区南宁市青秀区佛子岭路2号,郑助理15278121008,详见公告正文,详见公告正文,详见公告正文,郑助理,15278121008,比选采购文件（南宁市消防救援支队江南大队工业园区站蓝特城市主战车压缩空气泡沫系统维修项目）.pdf,"[{""attach_name"": ""比选采购文件（南宁市消防救援支队江南大队工业园区站蓝特城市主战车压缩空气泡沫系统维修项目）.pdf"", ""attach_url"": ""https://download.ccgp.gov.cn/oss/download?uuid=C5F184A8903E63B73A0917AC54F1B2""}]",https://www.ccgp.gov.cn/cggg/zygg/qtgg/202609/t20260904_27267130.htm,2026-09-10 10:11:21,根据《中华人民共和国政府采购法》等有关规定，现对南宁市消防救援支队江南大队工业园区站蓝特城市主战车压缩空气泡沫系统维修项目（重）进行其他招标，欢迎合格的供应商前来投标。 项目名称：南宁市消防救援支队江南大队工业园区站蓝特城市主战车压缩空气泡沫系统维修项目（重）项目编号：项目联系方式：项目联系人：郑助理项目联系电话：15278121008 采购单位联系方式：采购单位：南宁市消防救援支队采购单位地址：广西壮族自治区南宁市青秀区佛子岭路2号采购单位联系方式：郑助理15278121008  一、采购项目内容一、项目基本情况1.项目编号：NNXF-2026CLWXBX-0022.项目名称：南宁市消防救援支队江南大队工业园区站蓝特城市主战车压缩空气泡沫系统维修项目（重）3.项目类型：服务类4.采购方式：比选5.项目预算：153790.00元（含税）6.最高限价（如有）：153790.00元（含税）7.合同履行期限：自合同签订之日起150天8.采购需求：为南宁市消防救援支队江南大队工业园区站蓝特城市主战车（桂X5202应急）压缩空气泡沫系统维修。二、申请人的资格要求1.在中华人民共和国境内依法登记注册，并有效存续的企业或个体工商户；2.具有独立承担民事责任的能力；3.具有良好的商业信誉和健全的财务会计制度；4.具有履行合同所必需的设备、维修场地、专业技术人员和服务能力；5.具有依法缴纳税收和社会保障资金的良好记录；6.参加本次采购活动前三年内，在经营活动中没有重大违法记录；7.供应商须具备机动车维修经营备案，具有二类或二类以上机动车维修能力，且具有消防车辆、特种车辆、机关事业单位车辆维修保养类似业绩；本项目不接受联合体投标。三、获取采购文件1.时间：自公告发布之日起，至响应文件提交截止时间止。2.获取方式：网上下载。供应商可自行在中国政府采购网下载比选文件。四、响应文件提交1.截止时间：以采购公告或采购人书面通知载明时间为准。2.提交方式：纸质响应文件应在提交截止时间前现场递交，地址为广西南宁市青秀区佛子岭路2号南宁市消防救援支队六楼会议室。五、响应文件开启1.时间：2026年9月11日上午10时（北京时间）。2.地点：南宁市消防救援支队六楼会议室。六、对本次采购提出询问，请按以下方式联系1.采购人：南宁市消防救援支队2.地址：南宁市青秀区佛子岭路2号3.项目联系人：郑助理4.联系方式：15278121008 二、开标时间：2026年09月11日 10:00 三、其它补充事宜 四、预算金额：预算金额：15.379000 万元（人民币）,公共安全,,中国政府采购网,比选,15.379,table,,,,,,,,,,,
危险废物委外处理服务采购项目（二次）废标公告,流标公告,THTC-HR-IGCT2026028,2026年09月04日 14:14,北京市,zycgr22011902,/,田老师 010-57568038,天恒招标有限公司,北京市东城区东四十条甲22号南新仓商务大厦B座922,李雅奇、李亚娜、陈洁、徐梓瑶、刘戈010-53399157、17710393237,李雅奇、李亚娜、陈洁、徐梓瑶,010-53399157、17710393237,,,https://www.ccgp.gov.cn/cggg/zygg/qtgg/202609/t20260904_27267107.htm,2026-09-10 10:11:22,一、项目基本情况 采购项目编号：THTC-HR-IGCT2026028 采购项目名称：危险废物委外处理服务采购项目 二、项目废标/流标的原因 获取文件供应商不足三家，本项目废标。 三、其他补充事宜 发布公告的媒介：中国政府采购网。 四、凡对本次公告内容提出询问，请按以下方式联系。 1.采购人信息 名 称：zycgr22011902 地址：/ 联系方式：田老师 010-57568038 2.采购代理机构信息 名 称：天恒招标有限公司 地 址：北京市东城区东四十条甲22号南新仓商务大厦B座922 联系方式：李雅奇、李亚娜、陈洁、徐梓瑶、刘戈010-53399157、17710393237 3.项目联系方式 项目联系人：李雅奇、李亚娜、陈洁、徐梓瑶、刘戈 电 话： 010-53399157、17710393237,其他,,中国政府采购网,,,default,二、项目废标/流标的原因,,,,,,,,,,
中国中医科学院望京医院放射科设备维修维保服务采购项目（二）比选公告,其他公告,CIGN26178,2026年09月04日 13:41,北京市,中国中医科学院望京医院,北京市朝阳区望京中环南路6号,池老师 010-84730040,中国洲际新资源集团股份公司,北京市海淀区中关村南大街甲18号院北京国际大厦C座1101室,蔡欣悦、白雪、焦歆茹、张晶、洪京    010-62695990-803,蔡欣悦、白雪、焦歆茹、张晶、洪,010-62695990-803,,,https://www.ccgp.gov.cn/cggg/zygg/qtgg/202609/t20260904_27266962.htm,2026-09-10 10:11:22,中国洲际新资源集团股份公司受中国中医科学院望京医院 委托，根据《中华人民共和国政府采购法》等有关规定，现对中国中医科学院望京医院放射科设备维修维保服务采购项目（二）进行其他招标，欢迎合格的供应商前来投标。 项目名称：中国中医科学院望京医院放射科设备维修维保服务采购项目（二）项目编号：CIGN26178项目联系方式：项目联系人：蔡欣悦、白雪、焦歆茹、张晶、洪京项目联系电话：010-62695990-803 采购单位联系方式：采购单位：中国中医科学院望京医院采购单位地址：北京市朝阳区望京中环南路6号采购单位联系方式：池老师 010-84730040  代理机构联系方式：代理机构：中国洲际新资源集团股份公司代理机构联系人：蔡欣悦、白雪、焦歆茹、张晶、洪京 010-62695990-803代理机构地址： 北京市海淀区中关村南大街甲18号院北京国际大厦C座1101室 一、采购项目内容项目编号：CIGN26178项目名称：中国中医科学院望京医院放射科设备维修维保服务采购项目（二）预算金额：58.5万元/年最高限价：58.5万元/年采购需求： 序号 标的名称 采购数量 预算（万元） 简要技术/服务参数 01 放射科设备 维修维保 1项 58.5万元/年 本项目为放射科3台设备维修维保，具体详见第五章《采购需求》。  合同履行期限：自合同签订之日起三年（一年一签，上年度验收合格可续签合同，最多可续签二次）。本项目不接受联合体参加比选。 二、开标时间：2026年09月17日 09:30 三、其它补充事宜（一）、申请人的资格要求1.满足《中华人民共和国政府采购法》第二十二条规定；2.落实政府采购政策需满足的资格要求：本项目非专门面向中小企业采购。3.本项目的特定资格要求：3.1单位负责人为同一人或者存在直接控股、管理关系的不同供应商，不得参加同一合同项下的政府采购活动；3.2为采购项目的某包提供整体设计、规范编制或者项目管理、监理、检测等服务的供应商，不得再参加该包的采购活动；3.3通过“信用中国”网站（www.creditchina.gov.cn）、中国政府采购网（www.ccgp.gov.cn）查询信用记录（截止时点为投标截止时间），对列入失信被执行人、重大税收违法失信主体、政府采购严重违法失信行为记录名单的供应商，没有资格参加本项目的采购活动。（二）、获取比选文件1.时间：2026年09月04日至2026年09月10日，每天上午9:30至11:30，下午13:00至16:30（北京时间，法定节假日除外）。2.地点：北京市海淀区中关村南大街甲18号院北京国际大厦C座1101室。3.方式：现场购买或线上购买。（①线上购买：供应商需提供针对本项目及项目编号的法定代表人授权书原件及被授权人身份证复印件、《营业执照》复印件及领购文件工本费网银汇款截图或银行电汇凭证扫描件，以上资料加盖公章的彩色扫描件发送至cinr5991@163.com。（邮件主题：项目名称+公司简称；邮件内容：公司名称、联系人、联系方式），代理公司将以邮件形式将电子版文件发送至供应商邮箱。未从采购代理机构获取采购文件并登记备案的潜在供应商均无资格参加。缴纳形式：电汇或网银；开户单位名称：中国洲际新资源集团股份公司、开户银行：工行海淀中关村南路支行、账 号：0200254519200076520；②现场购买：应持以下资料一份加盖公章（鲜章）： （1）针对本项目及项目编号的法定代表人授权书原件（附被授权人身份证复印件）；（2）《营业执照》复印件。）4.售价：500元人民币，售后不退。（三）、提交比选响应文件截止时间、比选时间和地点响应截止时间、比选时间：2026年09月17日09点30分（北京时间）。地点：北京市海淀区中关村南大街甲18号院北京国际大厦C座1101室。（四）、公告期限自本公告发布之日起3个工作日。（五）、其他补充事宜采购项目需要落实的政府采购政策：（1） 鼓励节能、环保政策：依据《财政部发展改革委生态环境部市场监管总局关于调整优化节能产品、环境标志产品政府采购执行机制的通知（财库（2019）9号）》执行。（2） 扶持中小企业政策：本项目评审时小型和微型企业产品享受10%的价格折扣。监狱企业视同小型、微型企业。残疾人福利性单位视同小型、微型企业。不重复享受政策。（3） 支持本国产品政策：根据国务院办公厅关于在政府采购中实施本国产品标准及相关政策的通知（国办发〔2025〕34号）要求，政府采购活动中既有本国产品又有非本国产品参与竞争的，依法对本国产品给予价格评审优惠，对本国产品的报价给予20%的价格扣除，用扣除后的价格参与评审。具体落实情况详见比选文件。 四、预算金额：预算金额：58.500000 万元（人民币）,医疗卫生,,中国政府采购网,,58.5,table,,,,,,,,,,,
中华人民共和国洲头嘴出入境边防检查站多功能会议室显示屏建设项目比价公告,其他公告,ZTZ2026002,2026年09月04日 12:22,广州市,中华人民共和国洲头嘴出入境边防检查站,广州市海珠区同福西路8号,吴生、滕生   020-84265884,详见公告正文,详见公告正文,详见公告正文,吴生、滕生,020-84265884,洲头嘴出入境边防检查站多功能会议室最终版.docx,"[{""attach_name"": ""洲头嘴出入境边防检查站多功能会议室最终版.docx"", ""attach_url"": ""https://download.ccgp.gov.cn/oss/download?uuid=854E9955A0783A62C48AF01C7F9ACC""}]",https://www.ccgp.gov.cn/cggg/zygg/qtgg/202609/t20260904_27266831.htm,2026-09-10 10:11:23,根据《中华人民共和国政府采购法》等有关规定，现对中华人民共和国洲头嘴出入境边防检查站多功能会议室显示屏建设项目进行其他招标，欢迎合格的供应商前来投标。 项目名称：中华人民共和国洲头嘴出入境边防检查站多功能会议室显示屏建设项目项目编号：ZTZ2026002项目联系方式：项目联系人：吴生、滕生项目联系电话：020-84265884 采购单位联系方式：采购单位：中华人民共和国洲头嘴出入境边防检查站采购单位地址：广州市海珠区同福西路8号采购单位联系方式：吴生、滕生 020-84265884  一、采购项目内容本项目不属于政府采购法规定的集中采购目录内项目，预算金额未达到集中采购限额标准，依据本单位内控制度采用比价方式采购， 欢迎合格的供应商前来响应。 （一）项目内容具体内容要求详见需求书。（二）供应商资格要求1.供应商具备《政府采购法》第二十二条所规定的条件。2.供应商具备履行本项目供货、安装调试、售后维保的设备与技术能力，具体要求见需求书。（三）获取需求书公告之日起在规定的截止时间内直接在该网页下载附件。（四）报价文件递交一、递交要求与截止时间1.电子文件提交：2026年9 月9日15：00 时前，将全套报价文件扫描件发送至指定电子邮箱，逾期提交的报价将视为无效，不予受理。2.纸质文件邮寄：同步邮寄一套与电子扫描件内容、盖章完全一致的纸质报价资料至采购人指定地址。本次报价以采购方电子邮件实际收到报价文件的时间为有效提交时间，纸质资料仅作为归档备查，不影响报价有效性认定。主要扫描件要包括：比价采购登记表、报价明细清单、在有效期内的营业执照（或三证合一）复印件、服务承诺函等比价要求的资料。以上文件都要加盖公章后再扫描发送邮箱，且发送邮箱时将“项目名称”作为邮件标题进行标注。（五）报价期限及延期若在2026年9月9 日15：00时之前，有效报价供应商有三家及以上，此次报价期限结束。若不足三家，从上述截止时间起，自动延期至9月14日15：00 时，如延期则评审时间同步顺延至2026年9月14日15：00时；若第二次截止时间2026年9月14日15：00时仍不足三家有效报价，采购人有权重新组织采购或依法变更采购方式，不再自动延期。（六）采购单位、地址和联系方式单位：中华人民共和国洲头嘴出入境边防检查站地址：广州市海珠区同福西路8号联系方式：吴生、滕生 020-84265884邮箱：ZTZ_5855@163.com 二、开标时间：2026年09月09日 15:00 三、其它补充事宜 四、预算金额：预算金额：17.011250 万元（人民币）,服务外包,,中国政府采购网,,17.01125,table,,,,,,,,,,,
朝阳区消防救援支队应急药品项目（二次）比选公告,其他公告,ZYZB-2026-0829,2026年09月04日 12:09,北京市,朝阳区消防救援支队,北京市朝阳区百子湾路与西大望路交叉口东北角,010-85851341,中钰招标有限公司,北京市丰台区四合庄路2号院4号楼1至17层101内17层1701,崔鹏、朱艳梅、刘晶晶、李倩、金俐成、郭玉婷、丁峥敏、卢雪、张书玲010-60624505转810/816,崔鹏、朱艳梅、刘晶晶、李倩、金,010-60624505转810,朝阳区消防救援支队应急药品项目（二次）比选公告.docx,"[{""attach_name"": ""朝阳区消防救援支队应急药品项目（二次）比选公告.docx"", ""attach_url"": ""https://download.ccgp.gov.cn/oss/download?uuid=4E75B83A5483667BFADF9F0A67305B""}]",https://www.ccgp.gov.cn/cggg/zygg/qtgg/202609/t20260904_27266622.htm,2026-09-10 10:11:24,中钰招标有限公司受朝阳区消防救援支队 委托，根据《中华人民共和国政府采购法》等有关规定，现对朝阳区消防救援支队应急药品项目进行其他招标，欢迎合格的供应商前来投标。 项目名称：朝阳区消防救援支队应急药品项目项目编号：ZYZB-2026-0829项目联系方式：项目联系人：崔鹏、朱艳梅、刘晶晶、李倩、金俐成、郭玉婷、丁峥敏、卢雪、张书玲项目联系电话：010-60624505转810/816 采购单位联系方式：采购单位：朝阳区消防救援支队采购单位地址：北京市朝阳区百子湾路与西大望路交叉口东北角采购单位联系方式：010-85851341 代理机构联系方式：代理机构：中钰招标有限公司代理机构联系人：崔鹏、朱艳梅、刘晶晶、李倩、金俐成、郭玉婷、丁峥敏、卢雪、张书玲010-60624505转810/816代理机构地址： 北京市丰台区四合庄路2号院4号楼1至17层101内17层1701 一、采购项目内容中钰招标有限公司受北京市朝阳区消防救援支队委托，根据相关法律、法规，对朝阳区消防救援支队应急药品项目（二次）进行国内公开比选。现欢迎合格参选人参加本次比选活动。1.项目名称：朝阳区消防救援支队应急药品项目（二次）2.项目编号：ZYZB-2026-08293.采购预估金额：人民币30.00万元4.采购内容： 序号 标的名称 进口/国产 单位 预估采购数量 单项最高限价（元） 预算金额 （元） 简要技术需求或服务要求 1 复方氨酚烷胺片 国产 盒 200 18.00 3600.00 详见比选文件第四章项目需求及技术规范 2 感冒清热颗粒 国产 盒 500 18.50 9250.00 详见比选文件第四章项目需求及技术规范 3 板蓝根颗粒 国产 盒 500 16.80 8400.00 详见比选文件第四章项目需求及技术规范 4 氨酚伪麻美芬片 国产 盒 150 17.80 2670.00 详见比选文件第四章项目需求及技术规范 5 氨麻美敏片 国产 盒 150 18.00 2700.00 详见比选文件第四章项目需求及技术规范 6 苏黄止咳胶囊 国产 盒 50 65.00 3250.00 详见比选文件第四章项目需求及技术规范 7 复方盐酸伪麻黄碱缓释 国产 盒 150 18.00 2700.00 详见比选文件第四章项目需求及技术规范 8 肺力咳合剂 国产 盒 100 43.20 4320.00 详见比选文件第四章项目需求及技术规范 9 复方对乙酰氨基酚片 国产 盒 150 12.00 1800.00 详见比选文件第四章项目需求及技术规范 10 感冒灵颗粒 国产 盒 75 14.90 1117.50 详见比选文件第四章项目需求及技术规范 11 对乙酰氨基酚片 国产 盒 150 4.50 675.00 详见比选文件第四章项目需求及技术规范 12 止咳胶囊（复方） 国产 盒 100 25.00 2500.00 详见比选文件第四章项目需求及技术规范 13 复方桔梗止咳片 国产 盒 60 9.80 588.00 详见比选文件第四章项目需求及技术规范 14 羚羊清肺丸 国产 盒 40 21.50 860.00 详见比选文件第四章项目需求及技术规范 15 金花清感颗粒 国产 盒 100 65.00 6500.00 详见比选文件第四章项目需求及技术规范 16 维C银翘片 国产 盒 160 16.00 2560.00 详见比选文件第四章项目需求及技术规范 17 蒲地蓝口服液 国产 盒 60 40.00 2400.00 详见比选文件第四章项目需求及技术规范 18 酚麻美敏片 国产 盒 100 18.00 1800.00 详见比选文件第四章项目需求及技术规范 19 去痛片 国产 盒 100 6.00 600.00 详见比选文件第四章项目需求及技术规范 20 布洛芬缓释胶囊 国产 盒 200 26.80 5360.00 详见比选文件第四章项目需求及技术规范 21 替硝唑 国产 盒 100 9.80 980.00 详见比选文件第四章项目需求及技术规范 22 甲硝唑片 国产 袋 100 5.00 500.00 详见比选文件第四章项目需求及技术规范 23 乙酰螺旋霉素 国产 盒 20 7.80 156.00 详见比选文件第四章项目需求及技术规范 24 罗红霉素胶囊 国产 盒 50 16.90 845.00 详见比选文件第四章项目需求及技术规范 25 阿莫西林胶囊 国产 盒 150 12.00 1800.00 详见比选文件第四章项目需求及技术规范 26 头孢拉定胶囊 国产 盒 100 11.50 1150.00 详见比选文件第四章项目需求及技术规范 27 草珊瑚含片 国产 盒 100 9.90 990.00 详见比选文件第四章项目需求及技术规范 28 盐酸左氧氟沙星胶囊 国产 盒 100 20.00 2000.00 详见比选文件第四章项目需求及技术规范 29 喉片（含化型） 国产 盒 150 12.90 1935.00 详见比选文件第四章项目需求及技术规范 30 咽炎片 国产 盒 100 22.50 2250.00 详见比选文件第四章项目需求及技术规范 31 双料喉风散 国产 盒 50 15.00 750.00 详见比选文件第四章项目需求及技术规范 32 蒲地蓝消炎片 国产 盒 150 28.50 4275.00 详见比选文件第四章项目需求及技术规范 33 冬凌草片 国产 盒 15 15.50 232.50 详见比选文件第四章项目需求及技术规范 34 复方鲜竹沥液 国产 盒 100 19.00 1900.00 详见比选文件第四章项目需求及技术规范 35 枸橼酸莫沙必利片 国产 盒 50 27.20 1360.00 详见比选文件第四章项目需求及技术规范 36 盐酸氯哌丁片 国产 盒 50 15.80 790.00 详见比选文件第四章项目需求及技术规范 37 盐酸氨溴索片 国产 盒 100 25.00 2500.00 详见比选文件第四章项目需求及技术规范 38 西咪替丁片 国产 瓶 100 12.00 1200.00 详见比选文件第四章项目需求及技术规范 39 羧甲司坦口服液 国产 盒 50 40.00 2000.00 详见比选文件第四章项目需求及技术规范 40 人工牛黄甲硝锉片 国产 盒 150 6.00 900.00 详见比选文件第四章项目需求及技术规范 41 蓝芩口服液 国产 盒 60 65.00 3900.00 详见比选文件第四章项目需求及技术规范 42 麝香痔疮栓 国产 盒 150 16.80 2520.00 详见比选文件第四章项目需求及技术规范 43 麝香痔疮膏 国产 盒 150 13.00 1950.00 详见比选文件第四章项目需求及技术规范 44 消炎口服液 国产 盒 50 55.00 2750.00 详见比选文件第四章项目需求及技术规范 45 头孢克肟分散片 国产 盒 100 26.80 2680.00 详见比选文件第四章项目需求及技术规范 46 克拉霉素分散片 国产 盒 100 5.56 556.00 详见比选文件第四章项目需求及技术规范 47 诺氟沙星胶囊 国产 盒 200 9.90 1980.00 详见比选文件第四章项目需求及技术规范 48 清开灵口服液 国产 盒 100 19.00 1900.00 详见比选文件第四章项目需求及技术规范 49 枇杷膏（川贝） 国产 瓶 60 33.80 2028.00 详见比选文件第四章项目需求及技术规范 50 复方甘草片 国产 瓶 100 18.00 1800.00 详见比选文件第四章项目需求及技术规范 51 复方止咳糖浆 国产 瓶 100 29.80 2980.00 详见比选文件第四章项目需求及技术规范 52 阿昔洛韦片 国产 盒 50 4.00 200.00 详见比选文件第四章项目需求及技术规范 53 马来酸氯苯那敏片 国产 盒 100 9.80 980.00 详见比选文件第四章项目需求及技术规范 54 复方氯已定地塞米松膜 国产 盒 100 12.00 1200.00 详见比选文件第四章项目需求及技术规范 55 阿奇霉素分散片 国产 盒 50 48.00 2400.00 详见比选文件第四章项目需求及技术规范 56 炉甘石洗剂 国产 瓶 50 9.90 495.00 详见比选文件第四章项目需求及技术规范 57 酞丁安乳膏 国产 盒 50 14.50 725.00 详见比选文件第四章项目需求及技术规范 58 鱼石脂软膏 国产 盒 50 19.00 950.00 详见比选文件第四章项目需求及技术规范 59 克霉唑乳膏 国产 盒 50 15.30 765.00 详见比选文件第四章项目需求及技术规范 60 硝酸咪康唑乳膏 国产 盒 100 23.00 2300.00 详见比选文件第四章项目需求及技术规范 61 复方倍氯米松樟脑乳膏 国产 盒 100 6.00 600.00 详见比选文件第四章项目需求及技术规范 62 醋酸氟轻松软膏 国产 盒 100 5.00 500.00 详见比选文件第四章项目需求及技术规范 63 复方醋酸地塞米松乳膏 国产 盒 150 12.80 1920.00 详见比选文件第四章项目需求及技术规范 64 足光散 国产 盒 100 9.90 990.00 详见比选文件第四章项目需求及技术规范 65 水杨酸苯酚贴膏 国产 盒 75 10.00 750.00 详见比选文件第四章项目需求及技术规范 66 莫匹罗星软膏 国产 盒 50 19.00 950.00 详见比选文件第四章项目需求及技术规范 67 糠酸莫米松乳膏 国产 盒 50 16.00 800.00 详见比选文件第四章项目需求及技术规范 68 丁酸氢化可的松乳膏 国产 盒 50 18.00 900.00 详见比选文件第四章项目需求及技术规范 69 硝酸咪康唑乳膏 国产 盒 50 22.80 1140.00 详见比选文件第四章项目需求及技术规范 70 红霉素软膏 国产 盒 100 6.00 600.00 详见比选文件第四章项目需求及技术规范 71 硫软膏 国产 盒 50 12.00 600.00 详见比选文件第四章项目需求及技术规范 72 红霉素眼膏 国产 盒 100 5.00 500.00 详见比选文件第四章项目需求及技术规范 73 珍珠明目液 国产 盒 100 4.50 450.00 详见比选文件第四章项目需求及技术规范 74 氧氟沙星滴眼液 国产 盒 100 17.00 1700.00 详见比选文件第四章项目需求及技术规范 75 阿昔洛韦滴眼液 国产 盒 50 6.00 300.00 详见比选文件第四章项目需求及技术规范 76 氯霉素滴眼液 国产 盒 100 10.00 1000.00 详见比选文件第四章项目需求及技术规范 77 复方门冬维甘滴眼液 国产 盒 50 21.10 1055.00 详见比选文件第四章项目需求及技术规范 78 色甘酸钠滴眼液 国产 盒 50 16.00 800.00 详见比选文件第四章项目需求及技术规范 79 盐酸西替利嗪片 国产 盒 100 39.00 3900.00 详见比选文件第四章项目需求及技术规范 80 孟鲁司特钠咀嚼片 国产 盒 100 36.00 3600.00 详见比选文件第四章项目需求及技术规范 81 糠酸莫米松鼻喷雾剂 国产 支 50 69.80 3490.00 详见比选文件第四章项目需求及技术规范 82 鼻炎康片 国产 盒 100 26.00 2600.00 详见比选文件第四章项目需求及技术规范 83 布地奈德鼻喷剂 国产 盒 50 100.00 5000.00 详见比选文件第四章项目需求及技术规范 84 呋麻滴鼻液 国产 盒 100 9.80 980.00 详见比选文件第四章项目需求及技术规范 85 洛索洛芬钠片 国产 盒 50 25.00 1250.00 详见比选文件第四章项目需求及技术规范 86 正红花油 国产 瓶 225 12.50 2812.50 详见比选文件第四章项目需求及技术规范 87 利多卡因氯己定气喷雾 国产 瓶 150 19.80 2970.00 详见比选文件第四章项目需求及技术规范 88 氯唑沙宗片 国产 盒 75 18.00 1350.00 详见比选文件第四章项目需求及技术规范 89 三七伤药片 国产 盒 100 9.80 980.00 详见比选文件第四章项目需求及技术规范 90 止血散 国产 盒 75 19.90 1492.50 详见比选文件第四章项目需求及技术规范 91 麝香壮骨膏 国产 袋 300 14.00 4200.00 详见比选文件第四章项目需求及技术规范 92 双氯芬酸二乙胺乳胶剂 国产 盒 200 28.90 5780.00 详见比选文件第四章项目需求及技术规范 93 消肿止痛酊 国产 盒 100 20.00 2000.00 详见比选文件第四章项目需求及技术规范 94 痛舒片 国产 盒 50 47.00 2350.00 详见比选文件第四章项目需求及技术规范 95 伤湿止痛膏 国产 袋 100 7.00 700.00 详见比选文件第四章项目需求及技术规范 96 苯扎氯铵贴 国产 袋 200 4.50 900.00 详见比选文件第四章项目需求及技术规范 97 75%酒精 国产 瓶 150 5.50 825.00 详见比选文件第四章项目需求及技术规范 98 棉签 国产 包 152 1.50 228.00 详见比选文件第四章项目需求及技术规范 99 碘酊 国产 瓶 100 2.20 220.00 详见比选文件第四章项目需求及技术规范 100 救生三角巾 国产 条 100 12.00 1200.00 详见比选文件第四章项目需求及技术规范 101 碘伏(100ml) 国产 瓶 100 5.00 500.00 详见比选文件第四章项目需求及技术规范 102 高锰酸钾外用片 国产 盒 75 48.00 3600.00 详见比选文件第四章项目需求及技术规范 103 过氧化氢溶液（100ml) 国产 瓶 75 6.18 463.50 详见比选文件第四章项目需求及技术规范 104 硝酸甘油片 国产 盒 50 53.00 2650.00 详见比选文件第四章项目需求及技术规范 105 医用橡皮膏 国产 盒 150 2.50 375.00 详见比选文件第四章项目需求及技术规范 106 擦擦净 国产 盒 100 8.00 800.00 详见比选文件第四章项目需求及技术规范 107 医用纱布 国产 袋 100 5.00 500.00 详见比选文件第四章项目需求及技术规范 108 医用脱脂棉 国产 袋 100 5.00 500.00 详见比选文件第四章项目需求及技术规范 109 医用纱布 绷带（5列/轴） 国产 轴 50 12.50 625.00 详见比选文件第四章项目需求及技术规范 110 医用纱布 绷带（4列/轴） 国产 轴 50 12.00 600.00 详见比选文件第四章项目需求及技术规范 111 氟比洛芬巴布膏 国产 盒 50 88.00 4400.00 详见比选文件第四章项目需求及技术规范 112 氯雷他定片 国产 盒 200 15.30 3060.00 详见比选文件第四章项目需求及技术规范 113 盐酸西替利嗪片 国产 盒 100 43.00 4300.00 详见比选文件第四章项目需求及技术规范 114 藿香正气水 国产 盒 200 9.00 1800.00 详见比选文件第四章项目需求及技术规范 115 藿香正气胶囊 国产 盒 200 18.50 3700.00 详见比选文件第四章项目需求及技术规范 116 十滴水 国产 盒 200 5.50 1100.00 详见比选文件第四章项目需求及技术规范 117 烧伤膏（湿润型） 国产 盒 85 85.00 7225.00 详见比选文件第四章项目需求及技术规范 118 速效救心丸 国产 盒 50 58.00 2900.00 详见比选文件第四章项目需求及技术规范 119 降温喷雾剂 国产 瓶 100 15.80 1580.00 详见比选文件第四章项目需求及技术规范 120 薄荷脑樟脑搽剂 国产 瓶 250 3.60 900.00 详见比选文件第四章项目需求及技术规范 121 清凉油 国产 盒 150 5.90 885.00 详见比选文件第四章项目需求及技术规范 122 花露水 国产 瓶 100 14.00 1400.00 详见比选文件第四章项目需求及技术规范 123 冻疮膏 国产 盒 100 16.80 1680.00 详见比选文件第四章项目需求及技术规范 124 医用防护服（医疗器械2类） 国产 套 50 32.00 1600.00 详见比选文件第四章项目需求及技术规范 125 一次性医用口罩 国产 袋 2500 5.00 12500.00 详见比选文件第四章项目需求及技术规范 126 手部免洗液 国产 瓶 150 25.00 3750.00 详见比选文件第四章项目需求及技术规范 127 医用手套 国产 袋 100 3.00 300.00 详见比选文件第四章项目需求及技术规范 128 含氯消毒液（有效氯≥5%） 国产 瓶 100 7.00 700.00 详见比选文件第四章项目需求及技术规范 129 三黄片 国产 盒 100 15.60 1560.00 详见比选文件第四章项目需求及技术规范 130 牛黄解毒片 国产 盒 100 22.00 2200.00 详见比选文件第四章项目需求及技术规范 131 牛黄上清丸 国产 盒 50 16.00 800.00 详见比选文件第四章项目需求及技术规范 132 牛黄清火丸 国产 盒 25 13.50 337.50 详见比选文件第四章项目需求及技术规范 133 健胃消食片 国产 盒 100 11.00 1100.00 详见比选文件第四章项目需求及技术规范 134 小苏打片（碳酸氢钠片） 国产 瓶 100 11.80 1180.00 详见比选文件第四章项目需求及技术规范 135 多潘立酮片 国产 盒 50 25.80 1290.00 详见比选文件第四章项目需求及技术规范 136 复方铝酸铋片 国产 盒 50 16.80 840.00 详见比选文件第四章项目需求及技术规范 137 麻仁润肠丸 国产 盒 30 16.00 480.00 详见比选文件第四章项目需求及技术规范 138 地衣芽孢杆菌活菌胶囊 国产 盒 100 16.00 1600.00 详见比选文件第四章项目需求及技术规范 139 复方黄连素 国产 盒 200 15.00 3000.00 详见比选文件第四章项目需求及技术规范 140 盐酸小檗碱片 国产 盒 100 17.00 1700.00 详见比选文件第四章项目需求及技术规范 141 维U颠茄铝胶囊Ⅱ 国产 盒 50 29.00 1450.00 详见比选文件第四章项目需求及技术规范 142 复方磺胺甲噁唑片 国产 盒 100 11.00 1100.00 详见比选文件第四章项目需求及技术规范 143 雷贝拉唑钠肠溶片 国产 盒 50 29.60 1480.00 详见比选文件第四章项目需求及技术规范 144 奥美拉唑肠溶胶囊 国产 盒 100 15.00 1500.00 详见比选文件第四章项目需求及技术规范 145 气滞胃痛颗粒 国产 盒 150 19.90 2985.00 详见比选文件第四章项目需求及技术规范 146 胃康灵胶囊 国产 盒 200 23.30 4660.00 详见比选文件第四章项目需求及技术规范 147 颠茄片 国产 盒 15 9.30 139.50 详见比选文件第四章项目需求及技术规范 148 铝碳酸镁咀嚼片 国产 盒 50 25.00 1250.00 详见比选文件第四章项目需求及技术规范 149 桉柠蒎肠溶软胶囊 国产 盒 50 30.00 1500.00 详见比选文件第四章项目需求及技术规范 150 茶苯海明片 国产 盒 15 14.90 223.50 详见比选文件第四章项目需求及技术规范 151 蒙脱石散 国产 盒 150 30.00 4500.00 详见比选文件第四章项目需求及技术规范 152 谷维素片 国产 盒 100 16.00 1600.00 详见比选文件第四章项目需求及技术规范 153 维生素B6 国产 盒 100 6.00 600.00 详见比选文件第四章项目需求及技术规范 154 复合维生素B片 国产 盒 100 7.50 750.00 详见比选文件第四章项目需求及技术规范 155 维生素C片 国产 盒 100 9.00 900.00 详见比选文件第四章项目需求及技术规范 156 维生素E胶囊 国产 盒 100 18.50 1850.00 详见比选文件第四章项目需求及技术规范 157 维生素C泡腾片橙味 国产 盒 50 28.50 1425.00 详见比选文件第四章项目需求及技术规范  注，以上采购数量为预估数量，最终以实际采购据实结算5.参选人资格条件（1）具有独立法人资格且具有有效营业执照；（2）具有良好的商业信誉和健全的财务会计制度；（3）具有履行合同所必需的设备和专业技术能力；（4）有依法缴纳税收和社会保障资金的良好记录；（5）参加比选活动前三年内，在经营活动中没有重大违法记录；（6）本项目不允许联合体应答；（7）参选人必须为未被列入信用中国网站(www.creditchina.gov.cn)、中国政府采购网(www.ccgp.gov.cn)渠道信用记录失信被执行人、重大税收违法失信主体、政府采购严重违法失信行为记录名单的参选人。（8）法律、行政法规规定的其他条件；（9）本项目非专门面向中小企业采购。（10）特定资格条件：参选人须提供合法有效的《药品生产许可证》或《药品经营许可证》，同时须提供《医疗器械生产企业许可证》或《第二类医疗器械经营备案凭证》。6.比选文件的获取：线上领取（1）领取文件时请上传以下资料：如报名人为法定代表人：应答单位开具的法人身份证明、法人本人身份证（加盖公章）；如报名人为授权代理人：法定代表人授权委托书（内容自拟，但必须包括法人签字或人名章，单位公章，以及授权事项必须包含针对本项目报名事宜，授权书须明确项目名称及项目编号）、报名人本人身份证加盖公章复印件。以上资料原件同等大小的彩色扫描件PDF版做为附件上传，上传后提交审核。审核未通过的，可点击“重新提交”查看未通过原因，然后在文件获取时间内重新提交材料。注：登陆“中招联合招标采购平台”进行应答人免费注册，注册完成后，选择参与应答的项目进行线上支付（本项目比选文件免费获取，但仍需进行线上支付步骤）并下载电子版比选文件。具体步骤如下：1）登录中招联合招标采购平台网址进行参选人免费注册；2）注册完成后，进入系统，点击页面上方“我的工作台”下拉菜单中的“寻找招标项目”进行项目搜索，参选人找到意愿参与的项目，勾选标包并填写相应信息，点击“立即购标”；3）参选人选择支付方式、选中相应的费用信息并完善发票信息后，点击“提交支付”进行费用支付；（本项目比选文件免费获取，但仍需进行线上支付步骤）4）支付完成后，点击页面上方“我的工作台”下拉菜单中的“我参与的项目”进行比选文件下载；5）因本项目采用全流程电子化招投标，参选人应在比选文件购买完成后尽快与中招联合招标采购平台联系办理CA密钥的购买事宜，以免延误投标。已办理北京CA公司签章，且数字证书在有效期内的单位不需重复办理。（2）比选文件金额：每本0元（3）获取时间：2026年09月07日至2026年09月11日，每天上午9:00至11:30，下午13:30至17:00（北京时间）。7.应答文件递交截止时间：2026年09月15日下午14时00分（北京时间）。8.递交应答文件地址：中招联合招标采购平台网站（365trade.com.cn/）。9.其他补充事宜（1）本项目需要落实的政府采购政策：节能产品强制采购；节能产品、环境标志产品优先采购；扶持不发达地区和少数民族地区；政府采购促进中小企业发展；政府采购支持监狱企业、戒毒企业发展；政府采购促进残疾人就业；政府采购信用担保；进口产品管理、支持本国产品、政府采购异常低价审查等比选文件中列明的其他政策要求。（2）本项目采用全流程电子化招投标，参选人无需到达现场，采购人或采购代理机构通过“中招联合招标采购平台”对成功上传的应答文件进行集中解密。（3）逾期上传或者未上传应答文件的，视为无效响应。（4）访问中招联合招标采购平台网站（365trade.com.cn/），登录后可根据项目编号或项目名称寻找并参与该项目，在线获取比选文件，下载比选文件时请按要求提供相关材料并在线支付标书款和平台服务费。在线购买者应充分考虑平台注册、信息检查、资料上传、购标确认、费用支付等所需时间，下载者必须在前述时间段内完成支付，否则将无法保证获取电子比选文件。（注：首次登录前需完成免费注册，平台将对参选人注册信息与其提供的附件信息进行一致性检查；注册为一次性工作，生成账号后可长期使用，后续若有需要只需变更及完善相关信息；注册成功后，该账号可用于参与平台上发布的其他招标项目。平台注册成功后，需真实准确完善用户信息，特别是财务信息。平台统一服务热线：4009033175(工作日9:00-12:00，13:30-17:00)。10.对本项目提出询问，请按以下方式联系（1）采购人信息名称：北京市朝阳区消防救援支队地址：北京市朝阳区百子湾路与西大望路交叉口东北角联系方式：010-85851341（2）采购代理机构信息名称：中钰招标有限公司地址：北京市丰台区四合庄路2号院4号楼1至17层101内17层1701联系方式：崔鹏、朱艳梅、刘晶晶、李倩、金俐成、郭玉婷、丁峥敏、卢雪、张书玲010-60624505转810/816 二、开标时间：2026年09月15日 14:00 三、其它补充事宜无 四、预算金额：预算金额：30.000000 万元（人民币）,医疗卫生,,中国政府采购网,,30.0,table,,,,,,,,,,,
中国政法大学数据法治实验室设备采购项目废标公告,流标公告,CUPL2026HZB085,2026年09月04日 12:03,北京市,中国政法大学,北京市昌平区府学路27号,仰老师 010-58909967,盛和招标代理有限公司,北京市海淀区马甸东路 17 号金澳国际写字楼 27 层,侯常胜、崔耀文、毛允东、韩伟、侯美玲、许铖铖、李秀艳、李卫强、孙伟、高干、苏云龙、梁冰 13356792662、13145412332、17615838826、18706413729,侯常胜、崔耀文、毛允东、韩伟,13356792662、13145412332、17615838826、1870,,,https://www.ccgp.gov.cn/cggg/zygg/qtgg/202609/t20260904_27266579.htm,2026-09-10 10:11:24,一、项目基本情况 采购项目编号：CUPL2026HZB085 采购项目名称：中国政法大学数据法治实验室设备采购项目 二、项目废标/流标的原因 本项目实质性响应的投标人不足三家，本项目废标。 三、其他补充事宜 无。 四、凡对本次公告内容提出询问，请按以下方式联系。 1.采购人信息 名 称：中国政法大学 地址：北京市昌平区府学路27号 联系方式：仰老师 010-58909967 2.采购代理机构信息 名 称：盛和招标代理有限公司 地 址：北京市海淀区马甸东路 17 号金澳国际写字楼 27 层 联系方式：侯常胜、崔耀文、毛允东、韩伟、侯美玲、许铖铖、李秀艳、李卫强、孙伟、高干、苏云龙、梁冰 13356792662、13145412332、17615838826、18706413729 3.项目联系方式 项目联系人：侯常胜、崔耀文、毛允东、韩伟、侯美玲、许铖铖、李秀艳、李卫强、孙伟、高干、苏云龙、梁冰 电 话： 13356792662、13145412332、17615838826、18706413729,教育培训,,中国政府采购网,,,default,二、项目废标/流标的原因,,,,,,,,,,
浙江省杭州市萧山区消防救援大队2026年度物业管理服务项目采购文件和需求公示,其他公告,DDZX2026-GK-033,2026年09月04日 11:52,萧山区,杭州市萧山区消防救援大队,杭州市萧山区晨晖路1089号,姜先生；0571-83812706,大地工程咨询有限公司,杭州市拱墅区萍水东街788号运河万科中心C区C4-1幢,杨洋；18658165573,杨洋,18658165573,"浙江省杭州市萧山区消防救援大队2026年度物业服务项目（公示稿).docx,意见建议填写格式.xls","[{""attach_name"": ""浙江省杭州市萧山区消防救援大队2026年度物业服务项目（公示稿).docx"", ""attach_url"": ""https://download.ccgp.gov.cn/oss/download?uuid=F388B70EFC31A3014D594FE0C9386A""}, {""attach_name"": ""意见建议填写格式.xls"", ""attach_url"": ""https://download.ccgp.gov.cn/oss/download?uuid=3E5E79E52DA5D29EF0D0D6327ABC3C""}]",https://www.ccgp.gov.cn/cggg/zygg/qtgg/202609/t20260904_27266496.htm,2026-09-10 10:11:25,大地工程咨询有限公司受杭州市萧山区消防救援大队 委托，根据《中华人民共和国政府采购法》等有关规定，现对浙江省杭州市萧山区消防救援大队2026年度物业管理服务项目进行其他招标，欢迎合格的供应商前来投标。 项目名称：浙江省杭州市萧山区消防救援大队2026年度物业管理服务项目项目编号：DDZX2026-GK-033项目联系方式：项目联系人：杨洋项目联系电话：18658165573 采购单位联系方式：采购单位：杭州市萧山区消防救援大队采购单位地址：杭州市萧山区晨晖路1089号采购单位联系方式：姜先生；0571-83812706 代理机构联系方式：代理机构：大地工程咨询有限公司代理机构联系人：杨洋；18658165573代理机构地址： 杭州市拱墅区萍水东街788号运河万科中心C区C4-1幢 一、采购项目内容浙江省杭州市萧山区消防救援大队2026年度物业管理服务项目 二、开标时间： 三、其它补充事宜公示简要情况说明：大地工程咨询有限公司受杭州市萧山区消防救援大队委托，就：浙江省杭州市萧山区消防救援大队2026年度物业管理服务项目进行公开招标，现将采购文件意见征询稿予以公示，公开征求意见。（一）、征求意见范围： 1.采购文件中是否存在明显的倾向性意见和特定的性能指标；2.供应商资格条件是否存在明显的倾向性和歧视性；3.是否存在与相关法律法规和政策规定相冲突的情况，以及影响政府采购“公开、公平、公正”原则的其他情况。（二）、征求意见递交及接收：1、意见递交截止时间：2026-09-09  17:00:00前 2、意见递交方式：各潜在供应商和有关专家提出建议和修改理由的请于2026年09月09日下午17时00分前通过电子邮件方式发送710734864@qq.com（附相关资料扫描件），并告知联系电话等通讯方式。 3、意见接收机构：大地工程咨询有限公司 4、联系人：杨洋5、联系电话：186581655736、联系邮箱：710734864@qq.com（三）、合格的修改意见和建议书要求（1）各潜在供应商、有关专家提出建议和修改理由必须是真实、有依据的，并应注明有异议的原文或章节，以及所依据的相关法规制度。（2）潜在供应商须在书面材料上加盖单位公章，经法定代表人签字盖章。由授权委托人签字盖章的，须出具针对该项目的法人授权委托书、授权委托人的身份证复印件和联系电话，同时附企业法人营业执照复印件（加盖单位公章）。（3）有关专家提出建议和修改理由的，须出具本人与该项目相关的专业证书复印件（如政府采购评审专家证书或职称证书、工作证明等），并告知联系电话等通讯方式。（4）对逾期送达或未按照规定方式回复建议和修改理由的，将不予接受。 （四）、注意事项：针对本项目的意见建议仅供采购人完善采购需求参考所用。代理机构不对意见建议书面一一回复，最终以采购文件为准，请供应商及时关注相关采购公告，如果供应商对采购文件相关内容仍有异议的，请按采购文件相关要求与代理机构联系。 四、预算金额：预算金额：204.596112 万元（人民币）,公共安全,,中国政府采购网,,204.596112,table,,,,,,,,,,,
东莞市消防救援支队2026年职业健康体检服务项目（三次）遴选公告,其他公告,ZKZB-2026-C159,2026年09月04日 11:47,东莞市,东莞市消防救援支队,东莞市东城街道莞长路立新路段23号,0769-23119069,广东中科招标有限公司,东莞市南城街道体育路南城段26号盈锋中心2栋708室（西区708室）,胡工，0769-22224212,胡工,0769-22224212,,,https://www.ccgp.gov.cn/cggg/zygg/qtgg/202609/t20260904_27266367.htm,2026-09-10 10:11:25,"广东中科招标有限公司受东莞市消防救援支队 委托，根据《中华人民共和国政府采购法》等有关规定，现对东莞市消防救援支队2026年职业健康体检服务项目（三次）进行其他招标，欢迎合格的供应商前来投标。 项目名称：东莞市消防救援支队2026年职业健康体检服务项目（三次）项目编号：ZKZB-2026-C159项目联系方式：项目联系人：胡工项目联系电话：0769-22224212 采购单位联系方式：采购单位：东莞市消防救援支队采购单位地址：东莞市东城街道莞长路立新路段23号采购单位联系方式：0769-23119069 代理机构联系方式：代理机构：广东中科招标有限公司代理机构联系人：胡工，0769-22224212代理机构地址： 东莞市南城街道体育路南城段26号盈锋中心2栋708室（西区708室） 一、采购项目内容广东中科招标有限公司受东莞市消防救援支队的委托，采用遴选采购方式组织采购东莞市消防救援支队2026年职业健康体检服务项目（三次）。欢迎符合资格条件的国内供应商参加。一、项目概述：1.名称与编号项目名称：东莞市消防救援支队2026年职业健康体检服务项目（三次）采购项目编号：ZKZB-2026-C159采购方式：遴选采购预算金额：209,600.00元（单价预算为800.00元/人，暂定服务数量为262人）2.项目内容及需求情况（采购项目技术规格、参数及要求）采购包1： 序号 采购标的 数量（单位） 技术规格、参数及要求 采购预算(元) 1 东莞市消防救援支队2026年职业健康体检服务项目（三次） 1（项） 详见第二篇 209,600.00 本项目采购包1不接受联合体遴选。本项目采购包1不接受分公司遴选。二、遴选响应供应商的资格要求：1.遴选响应供应商应具备《中华人民共和国政府采购法》第二十二条规定的条件，提供下列材料：1）具有独立承担民事责任的能力：在中华人民共和国境内注册的法人或其他组织或自然人，在投标（响应）时提交有效的营业执照（或事业法人登记证或身份证等相关证明）副本复印件。2）有依法缴纳税收和社会保障资金的良好记录，提供2025年度财务状况报告或基本开户行出具的资信证明，或最近一期财务报表（适用在上一年度或本财务年度成立的法人或其他组织）：或提供《遴选响应供应商资格声明函》（按照响应文件格式）。3）具有良好的商业信誉和健全的财务会计制度，提供投标截止日前6个月内任意1个月依法缴纳税收和社会保障资金的相关材料：或提供《遴选响应供应商资格声明函》（按照响应文件格式）。4）履行合同所必需的设备和专业技术能力：提供《遴选响应供应商资格声明函》（按照响应文件格式）。5）参加采购活动前3年内，在经营活动中没有重大违法记录：参照响应承诺函相关承诺格式内容。重大违法记录，是指遴选响应供应商因违法经营受到刑事处罚或者责令停产停业、吊销许可证或者执照、较大数额罚款等行政处罚。（根据财库〔2022〕3号文，“较大数额罚款”认定为200万元以上的罚款，法律、行政法规以及国务院有关部门明确规定相关领域“较大数额罚款”标准高于200万元的，从其规定）。2.本项目的特定资格要求：采购包1特定资格要求如下：(1)遴选响应供应商未被列入“信用中国”网站(https://www.creditchina.gov.cn/)“记录失信被执行人或重大税收违法失信主体”记录名单；不处于中国政府采购网(https://www.ccgp.gov.cn/)“政府采购严重违法失信行为信息记录”中的禁止参加政府采购活动期间。（以采购代理机构于投标（响应）截止时间当天在“信用中国”网站（https://www.creditchina.gov.cn/）及中国政府采购网（https://www.ccgp.gov.cn/）查询结果为准，如相关失信记录已失效，遴选响应供应商需提供相关证明资料）。(2)单位负责人为同一人或者存在直接控股、管理关系的不同遴选响应供应商，不得同时参加本采购项目（或采购包）投标（响应）。为本项目提供整体设计、规范编制或者项目管理、监理、检测等服务的遴选响应供应商，不得再参与本项目投标（响应）。响应承诺函相关承诺要求内容。（3）供应商须具备由国家行政主管部门颁发并在有效期内的《医疗机构执业许可证》（须提供证书复印件并加盖供应商公章）。三、获取遴选采购文件：时间：2026年9月4日至2026年9月11日，每天上午09:00至12:00，下午14:30至17:30（北京时间，法定节假日除外）地点：东莞市南城街道体育路南城段26号盈锋中心2栋708室（西区708室）方式：（1）现场获取（须提供《营业执照》或《事业单位法人证书》复印件加盖公章）；（2）线上获取，登录采购代理官网（广东中科招标有限公司官网（http://www.zkzbgd.com/））下载《报名登记表》填写，并将报名资料发至采购代理机构邮箱（zkzb@foxmail.com），经采购代理机构工作人员确认后回邮。售价：免费获取。四、提交响应文件截止时间、开标时间和地点：提交响应文件截止时间和开标时间：2026年9月14日9点30分（北京时间），所有响应文件应于截止时间之前递交，迟交或以电报、传真形式的响应文件将拒绝接收。地点：东莞市南城街道体育路南城段26号盈锋中心2栋708室（西区708室）五、发布公告的媒介中国政府采购网（https://www.ccgp.gov.cn/）、广东中科招标有限公司官网（http://www.zkzbgd.com/）。六、其他补充事宜：无。七、对本次遴选提出询问，请按以下方式联系：1.采购人信息名 称：东莞市消防救援支队地 址：东莞市东城街道莞长路立新路段23号电  话：0769-231190692.采购代理机构信息名 称：广东中科招标有限公司地 址：东莞市南城街道体育路南城段26号盈锋中心2栋708室（西区708室）项目联系人：胡工电 话：0769-22224212邮  箱：zkzb@foxmail.com                                        广东中科招标有限公司                                                  2026年8月18日 二、开标时间：2026年09月14日 09:30 三、其它补充事宜 四、预算金额：预算金额：20.960000 万元（人民币）",公共安全,,中国政府采购网,遴选采购,20.96,table,,,,,,,,,,,
中华人民共和国洲头嘴出入境边防检查站UPS不间断电源系统更新项目比价公告,其他公告,ZTZ2026001,2026年09月04日 11:42,广州市,中华人民共和国洲头嘴出入境边防检查站,广州市海珠区同福西路8号,吴生、滕生    020-84265884,详见公告正文,详见公告正文,详见公告正文,吴生、滕生,020-84265884,-洲头嘴出入境边防检查站UPS不间断电源（最终版）.docx,"[{""attach_name"": ""-洲头嘴出入境边防检查站UPS不间断电源（最终版）.docx"", ""attach_url"": ""https://download.ccgp.gov.cn/oss/download?uuid=700ED9A259834374BAA80663F4826F""}]",https://www.ccgp.gov.cn/cggg/zygg/qtgg/202609/t20260904_27266653.htm,2026-09-10 10:11:26,根据《中华人民共和国政府采购法》等有关规定，现对中华人民共和国洲头嘴出入境边防检查站UPS不间断电源系统更新项目进行其他招标，欢迎合格的供应商前来投标。 项目名称：中华人民共和国洲头嘴出入境边防检查站UPS不间断电源系统更新项目项目编号：ZTZ2026001项目联系方式：项目联系人：吴生、滕生项目联系电话：020-84265884 采购单位联系方式：采购单位：中华人民共和国洲头嘴出入境边防检查站采购单位地址：广州市海珠区同福西路8号采购单位联系方式：吴生、滕生 020-84265884  一、采购项目内容本项目不属于政府采购法规定的集中采购目录内项目，预算金额未达到集中采购限额标准，依据本单位内控制度采用比价方式采购， 欢迎合格的供应商前来响应。 一、采购项目内容（一）项目内容UPS不间断电源系统，具体内容要求详见需求书。（二）供应商资格要求1.供应商具备《政府采购法》第二十二条所规定的条件。2.供应商具备履行本项目供货、安装调试、售后维保的设备与技术能力，具体要求见需求书。（三）获取需求书公告之日起在规定的截止时间内直接在该网页下载附件。（四）报价文件递交一、递交要求与截止时间1.电子文件提交：2026年9 月9日15：00 时前，将全套报价文件扫描件发送至指定电子邮箱，逾期提交的报价将视为无效，不予受理。2.纸质文件邮寄：同步邮寄一套与电子扫描件内容、盖章完全一致的纸质报价资料至采购人指定地址。本次报价以采购方电子邮件实际收到报价文件的时间为有效提交时间，纸质资料仅作为归档备查，不影响报价有效性认定。主要扫描件要包括：比价采购登记表、报价明细清单、在有效期内的营业执照（或三证合一）复印件、服务承诺函等比价要求的资料。以上文件都要加盖公章后再扫描发送邮箱，且发送邮箱时将“项目名称”作为邮件标题进行标注。（五）报价期限及延期若在2026年 9月9 日15：00时之前，收到三家及以上有效供应商报价，本次报价期限自动结束。若有效报价不足三家，从上述截止时间起，自动延期至 9 月14 日 15：00时，如延期则评审时间同步顺延至2026年9 月14 日15：00时。若第二次截止时间2026年9月14日 15：00 时，仍不足三家有效报价，采购人有权重新组织采购或依法变更采购方式，不再自动延期。（六）采购单位、地址和联系方式单位：中华人民共和国洲头嘴出入境边防检查站地址：广州市海珠区同福西路8号联系方式：吴生、滕生 020-84265884邮箱：ZTZ_5855@163.com 二、开标时间：2026年09月09日 15:00 三、其它补充事宜 四、预算金额：预算金额：13.063206 万元（人民币）,服务外包,,中国政府采购网,,13.063206,table,,,,,,,,,,,
中国科学院上海天文台星表项目低温电子单元真空杜瓦失败公告,其他公告,0613-267124104904,2026年09月04日 11:19,徐汇区,中国科学院上海天文台,上海市南丹路80号,刘老师34775059,上海机电设备招标有限公司,上海市长寿路285号恒达大厦11楼,邓澍32557758,邓澍,32557758,,,https://www.ccgp.gov.cn/cggg/zygg/qtgg/202609/t20260904_27266039.htm,2026-09-10 10:11:27,一、项目基本情况 采购项目编号：0613-267124104904 采购项目名称：星表项目低温电子单元真空杜瓦 二、项目废标/流标的原因 因至本项目购标截止时间，购买招标文件的投标人不足三家，因此本项目招标失败。 三、其他补充事宜 四、凡对本次公告内容提出询问，请按以下方式联系。 1.采购人信息 名 称：中国科学院上海天文台 地址：上海市南丹路80号 联系方式：刘老师34775059 2.采购代理机构信息 名 称：上海机电设备招标有限公司 地 址：上海市长寿路285号恒达大厦11楼 联系方式：邓澍32557758 3.项目联系方式 项目联系人：邓澍 电 话： 32557758,教育培训,,中国政府采购网,,,default,二、项目废标/流标的原因,,,,,,,,,,
资阳市消防救援支队2026年第二次装备采购项目需求调查公告,其他公告,SQXQ-ZY2026-0002,2026年09月04日 11:13,资阳市,资阳市消防救援支队,资阳市雁江区康乐路119号资阳市消防救援支队,周先生 028-26123557,四川思渠国际招标有限公司,四川省资阳市雁江区娇子大道广电大厦13楼,项目咨询联系人：1.项目负责人：龙福兴；项目电话：028-26129333；2.技术审核：李奇钰；3.公司监察部合规部（投诉、举报）电话：028-62306011,龙先生,028-26129333,"附件2-需求调查表.xls,附件1-需求问卷调查表.docx","[{""attach_name"": ""附件2-需求调查表.xls"", ""attach_url"": ""https://download.ccgp.gov.cn/oss/download?uuid=6797A00233D7A96C6DEBDCFF15412E""}, {""attach_name"": ""附件1-需求问卷调查表.docx"", ""attach_url"": ""https://download.ccgp.gov.cn/oss/download?uuid=3DF380C9D493E675FD45CB836BB0CE""}]",https://www.ccgp.gov.cn/cggg/zygg/qtgg/202609/t20260904_27265983.htm,2026-09-10 10:11:28,四川思渠国际招标有限公司受资阳市消防救援支队 委托，根据《中华人民共和国政府采购法》等有关规定，现对资阳市消防救援支队2026年第二次装备采购项目进行其他招标，欢迎合格的供应商前来投标。 项目名称：资阳市消防救援支队2026年第二次装备采购项目项目编号：SQXQ-ZY2026-0002项目联系方式：项目联系人：龙先生项目联系电话：028－26129333 采购单位联系方式：采购单位：资阳市消防救援支队采购单位地址：资阳市雁江区康乐路119号资阳市消防救援支队采购单位联系方式：周先生 028-26123557 代理机构联系方式：代理机构：四川思渠国际招标有限公司代理机构联系人：项目咨询联系人：1.项目负责人：龙福兴；项目电话：028-26129333；2.技术审核：李奇钰；3.公司监察部合规部（投诉、举报）电话：028-62306011代理机构地址： 四川省资阳市雁江区娇子大道广电大厦13楼 一、采购项目内容致各潜在供应商：我司受资阳市消防救援支队委托，针对资阳市消防救援支队2026年第二次装备采购项目，面向社会公开开展需求调查。请自愿参与调查的各潜在供应商，根据本公告所列需求及要求，提供相关产品资料。为保证供应商提供内容的真实性、可靠性、准确性，建议供应商按照如下要求提供相关证明材料。一、潜在供应商资料递交时间、方式1、本次需求调查接收资料期限范围为：2026年9月4日至2026年9月11日。2、本次需求调查接收资料方式为：提供需求问卷调查表PDF版（加盖公章），提供需求调查表PDF版（加盖公章）和Excel版（详见附件）。请于接收期限范围内将相关资料发送至2709551855@qq.com邮箱，邮件名称为“供应商名称+资阳市消防救援支队2026年第二次装备采购项目需求调查”。3.联系方式本次需求调查，各潜在供应商在参加调查过程中有任何疑问可联系我司工作人员：联系人：龙先生联系电话：028－26129333二、资料递交要求1、供应商提供满足基本需求的同级别产品详细的采购需求调查表。供应商提供加盖公章的PDF版需求问卷调查表（详见附件1）。供应商提供加盖公章的PDF版需求调查表1份，及相同内容的未加盖公章的Excel版需求调查表1份（详见附件2）。其中技术性能和指标参数需尽量详尽具体，且与认证证书或检测报告型号一致。2、供应商提供的附件2需求调查表可提供部分产品，不强制要求提供全部产品。不提供的产品对应的空格可不填或填写“/”均可，序号及产品名称不可变动或删除。需求调查表中同一项产品名称，供应商若需提供两项及以上产品，可自行在下方增加一行或多行，但产品序号及产品名称不可变动。3、产品价格具体为产品本身市场价格，反馈的产品价格信息要真实准确，报价有效期不应少于6个月。同类采购项目历史成交信息及证明材料，如同规格产品相关业绩，优先提供全国消防救援队伍和企业消防等消防领域销售业绩及购销合同。4、产品的相关检测机构出具的检测报告PDF版（如有）。5、可能涉及的运行维护、升级更新、备品备件、耗材等后续采购及服务，如同类项目质保期情况及售后服务情况PDF版（如有）。6、产品相关图册、产品照片、应用视频等其他相关资料。7、供应商认为还需提供的单一性、专利技术等其他与产品技术需求相关的资料。 二、开标时间： 三、其它补充事宜详见附件1、附件2 四、预算金额：预算金额：0.000000 万元（人民币）,公共安全,,中国政府采购网,,0.0,table,,,,,,,,,,,
南开大学保卫处八里台校区监控设备采购项目采购公告,其他公告,NK2026H048N,2026年09月04日 11:05,天津市,南开大学,天津市南开区卫津路94号,于老师、牛老师，022-23501661,天津国际招标有限公司,天津市河西区卫津南路19号501室,郝蕊、孙小茜、卢佳胜、李佳璘、杨晓彤022-27235797,郝蕊、孙小茜、卢佳胜、李佳璘,022-27235797,,,https://www.ccgp.gov.cn/cggg/zygg/qtgg/202609/t20260904_27265903.htm,2026-09-10 10:11:28,天津国际招标有限公司受南开大学 委托，根据《中华人民共和国政府采购法》等有关规定，现对南开大学保卫处八里台校区监控设备采购项目进行其他招标，欢迎合格的供应商前来投标。 项目名称：南开大学保卫处八里台校区监控设备采购项目项目编号：NK2026H048N项目联系方式：项目联系人：郝蕊、孙小茜、卢佳胜、李佳璘、杨晓彤项目联系电话：022-27235797 采购单位联系方式：采购单位：南开大学采购单位地址：天津市南开区卫津路94号采购单位联系方式：于老师、牛老师，022-23501661 代理机构联系方式：代理机构：天津国际招标有限公司代理机构联系人：郝蕊、孙小茜、卢佳胜、李佳璘、杨晓彤022-27235797代理机构地址： 天津市河西区卫津南路19号501室 一、采购项目内容根据南开大学相关规定，天津国际招标有限公司受南开大学的委托，拟对南开大学保卫处八里台校区监控设备采购项目开展采购活动，兹邀请符合要求的供应商参加投标（响应）。（一）项目基本情况1.项目编号：NK2026H048N。2.项目名称：南开大学保卫处八里台校区监控设备采购项目3.采购方式：学校自行采购（招标-快速采购-电子标，非政府采购）。4.预算：40.99万元；最高限价：40.99万元。5.项目实施地点：南开大学。6.合同履行期限：见采购文件项目需求书。7.采购需求：采购数量：1套。具体参数见采购文件项目需求书。8.本项目不接受进口产品投标。（二）供应商资格要求1.供应商须具有独立承担民事责任的能力，具备营业执照或事业单位法人证书或民办非企业单位登记证书或社会团体法人登记证书或基金会法人登记证书；2.供应商须具有良好的商业信誉和健全的财务会计制度；3.供应商须具有履行合同所必需的设备和专业技术能力；4.供应商须具有依法缴纳税收和社会保障资金的良好记录；5.供应商参加本次采购活动前3年内，须在经营活动中没有重大违法记录；6.供应商未被列入失信被执行人、重大税收违法失信主体、政府采购严重违法失信行为记录名单；7.本项目不接受联合体参与投标（响应）；8.单位负责人为同一人或者存在直接控股、管理关系的不同供应商，不得参加同一合同项下的采购活动。除单一来源采购项目外，为采购项目提供整体设计、规范编制或者项目管理、监理、检测等服务的供应商，不得再参加该采购项目的其他采购活动。（三）采购文件获取1.时间：2026年9月4日至2026年9月9日17:00时。2.方式：登录南开大学招投标管理办公室网站（网址：https：//nkzbb.nankai.edu.cn/），在“供应商注册”端口注册成功后，通过“校外用户”端口报名参加本项目采购活动，报名成功后在线下载采购文件。供应商应保证注册报名信息的真实、准确、完整。3.售价：0元。（四）投标（响应）文件的提交与解密供应商须通过南开大学采购招标管理信息平台（简称“系统”，登录https：//nkzbb.nankai.edu.cn/，点击页面右侧校外用户登录）进行网上投标（响应）。参与采购活动的供应商须按系统提示办理CA证书，并使用 CA 证书通过系统上传电子投标（响应）文件。请供应商根据自身互联网网速和稳定性等多种因素，尽量提前登录系统，确保提交电子投标（响应）文件、解密等操作在规定时间内完成。1.文件提交（1）提交时间：2026年9月15日08：30前完成提交。逾期提交文件系统不予接收。（2）提交方式：供应商按要求使用CA证书，通过系统上传加密后的电子投标（响应）文件。除此之外，本项目不接受以其他方式提交的投标（响应）文件。2.文件解密（1）解密时间：2026年9月15日08：30开始解密，2026年9月15日09：00前完成解密。逾期未解密的投标（响应）文件，不能进入开标和评审流程。（2）解密方式：供应商应通过互联网在线操作完成电子投标（响应）文件的解密和报价展示。3.评审时间：2026年9月15日09：00。4.评审地点：天津国际招标有限公司（天津市河西区卫津南路19号202室）。（五）注意事项1.本采购项目通过南开大学采购招标管理信息平台发布采购文件的澄清、修改等内容，信息一经发布，即视为送达。供应商须及时接收和查阅相关信息，未按要求及时查阅的自行承担相应后果。在评审过程中，供应商应保持网络和通讯畅通，因网络和通讯不畅造成的一切后果由供应商自行承担。2.参与采购活动的供应商须按相关程序办理CA证书和安装投标（响应）文件编制工具、CA证书驱动、签章软件后方可在系统上传投标（响应）文件。详细操作说明见系统中的《供应商操作手册》（登录系统后可查看）。CA办理需要时日，请参与本项目的供应商务必匡算好时间，尽可能提早办理。因办理时间晚、邮寄时间晚以及其他不可抗力原因造成供应商不能顺利参加响应活动的，采购人不承担任何责任。3.本项目推荐使用的浏览器为：IE10及以上的版本浏览器、360浏览器兼容模式、搜狗浏览器兼容模式。4.系统使用过程中遇到技术问题可拨打系统技术支持电话400-808-5975转2。5.法定代表人或单位负责人为同一个人或者存在直接控股、管理关系的不同供应商，不得同时参与本采购项目。如发现同时报名参与的情形，评审时将同时被拒绝。6.供应商若出现《南开大学采购招标供应商管理办法》中规定的不良行为的，将列入“供应商不良行为名单”，禁止三年内参与学校自采项目的采购招标活动。（六）联系方式1.采购人：名称：南开大学地址：天津市南开区卫津路94号联系人：于老师、牛老师电话：022-23501661网站地址：https：//nkzbb.nankai.edu.cn/电子邮箱：zbb@nankai.edu.cn2.采购代理机构：名称：天津国际招标有限公司地址：天津市河西区卫津南路19号501室联系人：郝蕊、孙小茜、卢佳胜、李佳璘、杨晓彤电话：022-27235797电子邮箱：tmetb10@163.com汇款银行及账号：账户名称：天津国际招标有限公司账户号码：441100100100713178668668开户银行：兴业银行股份有限公司天津森淼支行 二、开标时间：2026年09月15日 08:30 三、其它补充事宜无 四、预算金额：预算金额：40.990000 万元（人民币）,教育培训,,中国政府采购网,学校自行采购（招标-快速采购-电子标,40.99,table,,,,,,,,,,,
北京市大兴区消防救援支队三大队太阳能改造项目公开比选公告,其他公告,HYJC-HW-2026-207,2026年09月04日 11:05,北京市,北京市大兴区消防救援支队,北京市大兴区清源路甲3号,孔维鲁，010-89226008,华源骏成（北京）招标咨询有限公司,北京市海淀区富海国际港16层1601室,张馨文、张思维、王卫荣、马明成、陶兴兵、杜建果、程虹 010-62191699,张馨文、张思维、王卫荣、马明成,010-62191699,三大队太阳能改造项目比选公告.doc,"[{""attach_name"": ""三大队太阳能改造项目比选公告.doc"", ""attach_url"": ""https://download.ccgp.gov.cn/oss/download?uuid=EF638BDA724531B0399D064B758C7E""}]",https://www.ccgp.gov.cn/cggg/zygg/qtgg/202609/t20260904_27265902.htm,2026-09-10 10:11:29,"华源骏成（北京）招标咨询有限公司受北京市大兴区消防救援支队 委托，根据《中华人民共和国政府采购法》等有关规定，现对三大队太阳能改造项目进行其他招标，欢迎合格的供应商前来投标。 项目名称：三大队太阳能改造项目项目编号：HYJC-HW-2026-207项目联系方式：项目联系人：张馨文、张思维、王卫荣、马明成、陶兴兵、杜建果、程虹项目联系电话：010-62191699 采购单位联系方式：采购单位：北京市大兴区消防救援支队采购单位地址：北京市大兴区清源路甲3号采购单位联系方式：孔维鲁，010-89226008  代理机构联系方式：代理机构：华源骏成（北京）招标咨询有限公司代理机构联系人：张馨文、张思维、王卫荣、马明成、陶兴兵、杜建果、程虹 010-62191699代理机构地址： 北京市海淀区富海国际港16层1601室 一、采购项目内容一、项目名称：三大队太阳能改造项目二、项目编号：HYJC-HW-2026-207三、预算金额：18.847546万元四、采购项目情况：1.供货与安装地点：采购人指定地点。2.交付期：合同签订后30 日历天内完成全部设备供货、安装、调试并交付验收。3.招标范围：三大队太阳能改造，包括但不限于太阳能集热 + 空气源热泵辅助双热源热水系统的设备供货、运输、吊装、旧设备拆除清运、安装、管路连接、管道保温、电伴热防冻、电气接线、系统试压冲洗、调试、交付验收、质保及培训等，具体详见采购需求。4.质量标准：符合《民用建筑太阳能热水系统应用技术标准》GB50364 及国家现行相关规范，系统调试正常、一次性交付验收合格。五、供应商资格要求（须同时满足）：1）具有独立承担民事责任的能力2）具有良好的商业信誉和健全的财务会计制度；3）具有履行合同所必需的设备和专业技术能力；4）有依法缴纳税收和社会保障资金的良好记录；5）参加政府采购活动前三年内，在经营活动中没有重大违法记录（重大违法记录指因违法经营受到刑事处罚或者责令停产停业、吊销许可证或者执照、较大数额罚款等行政处罚，不包括因违法经营被禁止在一定期限内参加政府采购活动，但期限已经届满的情形）；6）本项目是否属于政府购买服务：否；7）供应商不存在为采购项目提供整体设计、规范编制或者项目管理、监理、检测等服务后，再参加该采购项目的其他采购活动的情形（单一来源采购项目除外）；8）中小企业政策：本项目不专门面向中小企业采购。9）本项目的特定资格要求：无；10）本项目不接受联合体；11）法律、行政法规、比选文件关于“合格供应商”的其他条件。六、获取比选文件：（1）凡有意参加响应者，请于2026年9月4日至2026年9月10日，每日上午9:00时至下午17:00时（北京时间，下同），请登录中招联合招标采购平台（www.365trade.com.cn）进行项目报名（已在该平台注册过的供应商请直接登录平台进行项目报名，未在该平台注册的供应商请先注册，平台注册为一次性免费注册, 注册成功后，可以及时参与平台上所有发布的项目）。（2）比选文件售价200元，平台服务费400元，售后不退。（本文件售价仅弥补印刷、邮寄成本，不得以营利为目的），各供应商线上获取电子版比选文件后需联系代理机构填写收件信息后，代理机构按所填信息将纸质版比选文件邮寄。（3）潜在供应商须通过平台填写“购标申请”，并上传公告或邀请书要求提供的资料，资料全部粘贴到一个word上并转成PDF格式上传，经项目负责人审核报名通过的供应商，请务必在标书售卖截止时间前登录中招联合招标采购平台（www.365trade.com.cn），进入“我的购物车”界面，选择招标项目进行比选文件购买操作，否则将无法获取电子版比选文件。（4）比选文件费用发票由代理机构出具，平台服务费发票由平台公司出具，供应商需要发票的，可通过“发票管理”下载平台服务费电子发票。（5）供应商完成费用支付后供应商即报名成功，获得下载比选文件的权限。未在报名截止前支付比选文件费用的供应商无法获得下载比选文件权限，且不具备参与本项目比选的资格。（6）供应商针对供应商注册、报名、CA证书办理、网上应答操作等相关业务的咨询，请直接拨打中招联合招标采购平台咨询电话为：4009033175；平台将确保下载者的购买信息在比选前对平台公司有关工作人员保密；如下载者主动与平台公司工作人员联系咨询事宜，则视为下载者主动放弃信息保密的权利，平台公司将不承担任何责任。（7）供应商必须在制作电子响应文件之前完成CA证书的办理，并使用CA证书进行加密后才能递交响应文件；否则将无法正常递交响应文件。CA证书具体办理流程参见中招联合招标采购平台账户中“北京CA申请”à“CA申请帮助”à“CA办理指南”查看，也可拨打中招联合招标采购平台统一服务热线4009033175进行咨询。（8）响应文件的制作8.1供应商通过“环境检测”下载并安装检测工具；8.2安装完成后启动检测工具，逐一安装检测工具中的插件；8.3打开从中招联合招标采购平台上下载的后缀名为.zzlh的电子比选文件，按提示进行电子响应文件的制作；8.4使用CA对制作好的电子响应文件进行加密并导出加密电子响应文件。（9）响应文件的递交9.1响应文件的上传/递交截止时间（响应文件递交截止时间，下同）见比选文件。9.2加密电子响应文件为“中招联合招标采购平台 (www.365trade.com.cn/)”网站提供的中招联合电子招投标平台响应文件制作工具制作生成的加密版响应文件。加密的电子响应文件（*.zfile格式）须在响应文件递交截止时间前通过“中招联合招标采购平台(www.365trade.com.cn/）”上传递交；9.3本项目采用“远程不见面”开标方式，远程开标大厅网址为www.365trade.com.cn，供应商无需到现场参加开标会议，无需到达现场提交原件资料。供应商应当在响应文件递交截止时间前，登录远程开标大厅，在线准时参加开标活动并使用CA证书进行响应文件解密等。9.4不见面服务的具体事宜请中招联合招标采购平台统一服务热线4009033175进行咨询。9.5 逾期上传的或者未上传的响应文件，采购人不予受理。注：详细投标流程见附件七、响应文件提交及开启：1）截止时间、开启时间：2026年9月15日14:00（北京时间）。2）地点：中招联合招标采购平台 (www.365trade.com.cn/)远程开标。八、本项目评审方法和标准：综合评分法，总分100分。 二、开标时间：2026年09月15日 14:00 三、其它补充事宜1.本项目不属于政府采购项目，采用公开比选采购方式依据采购人内部管理制度及本比选文件的规定进行采购。2.标书款及代理费请按如下地址汇款（请注明项目编号）：开户单位：华源骏成（北京）招标咨询有限公司开户银行：中国银行皂君庙支行帐 号：3207 6569 0269十、本次比选公告在中国政府采购网和中招联合招标采购平台上发布。除上述外，我单位不在其他任何网站、论坛等媒介上发布任何招标采购信息，其他任何媒介上转载的招标采购信息均为非法转载，均为无效。 四、预算金额：预算金额：18.847546 万元（人民币）",公共安全,,中国政府采购网,,18.847546,table,,,,,,,,,,,
金堂县消防救援大队2026年车辆器材装备采购项目技术需求征求意见公告,其他公告,/,2026年09月04日 10:58,成都市,金堂县消防救援大队,成都市金堂县成金大道1699号,杨老师，028-84938119,四川顺为招标代理有限公司,成都市武侯区武科西一路3号2栋1单元5层,宋老师 19180456384,宋老师,19180456384,"采购需求修改建议书（金堂县消防大队）.docx,采购需求参数.doc","[{""attach_name"": ""采购需求修改建议书（金堂县消防大队）.docx"", ""attach_url"": ""https://download.ccgp.gov.cn/oss/download?uuid=30F8C9CBF0BCE4E2BFCF76FB9C3B71""}, {""attach_name"": ""采购需求参数.doc"", ""attach_url"": ""https://download.ccgp.gov.cn/oss/download?uuid=5C605C0CC3CDC901213B98C75CF6B9""}]",https://www.ccgp.gov.cn/cggg/zygg/qtgg/202609/t20260904_27265850.htm,2026-09-10 10:11:29,四川顺为招标代理有限公司受金堂县消防救援大队 委托，根据《中华人民共和国政府采购法》等有关规定，现对金堂县消防救援大队2026年车辆器材装备采购项目进行其他招标，欢迎合格的供应商前来投标。 项目名称：金堂县消防救援大队2026年车辆器材装备采购项目项目编号：/项目联系方式：项目联系人：宋老师项目联系电话：19180456384 采购单位联系方式：采购单位：金堂县消防救援大队采购单位地址：成都市金堂县成金大道1699号采购单位联系方式：杨老师，028-84938119 代理机构联系方式：代理机构：四川顺为招标代理有限公司代理机构联系人：宋老师 19180456384代理机构地址： 成都市武侯区武科西一路3号2栋1单元5层 一、采购项目内容各潜在供应商：为保障各潜在供应商的合法权益及采购程序的公开、公平、公正，我公司受金堂县消防救援大队委托，现就金堂县消防救援大队2026年车辆器材装备采购项目主要技术参数需求面社会公开，广泛征求社会意见。本项目于2026年04月20日在中国政府采购网上发布了技术需求征求意见公告，收到了多家潜在供应商提供的需求调查问卷表，结合调查问卷结果并根据金堂县消防救援大队的实际使用需求，确定本项目拟采购的装备参数(具体详见附件)，请自愿参与调查的各潜在供应商，如认为本公告所列需求及要求中存在某个产品技术需求不满足三个品牌产品或三家供应商、技术需求中个别条款的描述具有倾向性或排斥性的，可向我公司提出修改建议。意见征求时间：2026年09月07日至2026年09月09日17:00。联系人及联系电话：宋老师；19180456384。各潜在供应商提出的采购需求修改建议书应符合以下条件，否则不予接收或采纳：1、在意见征求时间有效期内提出，提供联系人及联系电话，将加盖公章材料的扫描件发送至邮箱1172054635@qq.com（邮件名称为“金堂县消防救援大队2026年车辆器材装备采购项目采购需求修改建议书+供应商名称”）。逾期送达、匿名送达以及其他不符合要求的采购需求修改建议书我公司不予接收。2、因本项目实施要求严格，提供内容须保证真实性、可靠性、准确性，修改意见如无相关法律依据和充足证据佐证，采购人将不予采纳。 二、开标时间： 三、其它补充事宜本次调查公告目的为技术参数收集整理制定，请广大供应商站在提升产品性能、提高战斗力标准的角度提意见，如因自身产品性能不满足要求或不合理将不会被采纳。项目后续相关采购信息以招标公告为准，如有意向，请及时关注后期公告。 四、预算金额：预算金额：0.000000 万元（人民币）,公共安全,,中国政府采购网,,0.0,table,,,,,,,,,,,
呼伦贝尔边境管理支队新巴尔虎左旗第一边境管理大队执法办案管理中心审讯设备采购项目公开商洽公告,其他公告,HLJAT-2026-018,2026年09月04日 10:54,新巴尔虎左旗,呼伦贝尔边境管理支队,内蒙古呼伦贝尔市鄂温克族自治旗河西新区大雁街外环路,王警官0470-8133325,黑龙江安拓工程咨询有限公司,黑龙江省哈尔滨市高新技术产业开发区科技创新城创新创业广场19号楼(创新一路699号)B516-106室,付女士15047240221,黑龙江安拓工程咨询有限公司项目,15047240221,报名登记表.pdf,"[{""attach_name"": ""报名登记表.pdf"", ""attach_url"": ""https://download.ccgp.gov.cn/oss/download?uuid=3422571BF70D138EA813F9EC1CAC88""}]",https://www.ccgp.gov.cn/cggg/zygg/qtgg/202609/t20260904_27265797.htm,2026-09-10 10:11:30,"黑龙江安拓工程咨询有限公司受呼伦贝尔边境管理支队 委托，根据《中华人民共和国政府采购法》等有关规定，现对新巴尔虎左旗第一边境管理大队执法办案管理中心审讯设备采购项目进行其他招标，欢迎合格的供应商前来投标。 项目名称：新巴尔虎左旗第一边境管理大队执法办案管理中心审讯设备采购项目项目编号：HLJAT-2026-018项目联系方式：项目联系人：黑龙江安拓工程咨询有限公司项目联系电话：15047240221 采购单位联系方式：采购单位：呼伦贝尔边境管理支队采购单位地址：内蒙古呼伦贝尔市鄂温克族自治旗河西新区大雁街外环路采购单位联系方式：王警官0470-8133325 代理机构联系方式：代理机构：黑龙江安拓工程咨询有限公司代理机构联系人：付女士15047240221代理机构地址： 黑龙江省哈尔滨市高新技术产业开发区科技创新城创新创业广场19号楼(创新一路699号)B516-106室 一、采购项目内容1.名称与编号：项目名称：新巴尔虎左旗第一边境管理大队执法办案管理中心审讯设备采购项目项目编号：HLJAT-2026-0182.内容及划分采购包情况：采购包：包1（共1包）采购包预算金额：390934.35元采购包最高限价：390934.35元报价形式：总价采购包内容：包1  序号 标的名称 数量 标的金额（元） 计量单位 所属行业 是否核心产品 是否允许进口产品 是否属于节能产品 是否属于强制节能产品 是否属于环境标志产品 1 录像设备 1 10,934.35 台 工业 否 否 否 否 否 2 硬盘 16 32000.00 块 工业 是 否 否 否 否 3 智慧办案区管理一体机 1 100000.00 台 工业 否 否 否 否 否 4 信息采集一体机 1 248000.00 台 工业 否 否 否 否 否 合计（元） 390934.35  3.是否涉及本国产品： 序号 采购品目名称 标的名称 产品名称 1 A02091107视频监控设备 录像设备 录像设备 2 A02010599其他存储设备 硬盘 硬盘 3 A02019900其他信息化设备 智慧办案区管理一体机 智慧办案区管理一体机 4 A02019900其他信息化设备 信息采集一体机 信息采集一体机  二.供应商的资格要求1.供应商应符合《中华人民共和国政府采购法》第二十二条规定的条件。2.资格审查时，供应商未被列入失信被执行人、重大税收违法失信主体、政府采购严重违法失信行为记录名单，相关信用情况通过“信用中国”网站、中国政府采购网等渠道查询。3.落实政府采购政策需满足的资格要求：如属于专门面向中小企业采购的项目,提供货物、工程或者服务的供应商应符合享受中小企业扶持政策，并提供《中小企业声明函》。监狱企业、残疾人福利性单位视同小型、微型企业。4.本项目的特定资格要求：无5.本项目是否接受联合体：不接受。三.获取商洽文件的时间、地点、方式时间：2026年09月04日至2026年09月09日，每个工作日上午08:30—11:30时，下午14:30—17:00时（北京时间，法定节假日除外）方式：供应商报名成功后采购文件将以邮件形式送达。报名需报名登记表发送至指定邮箱（18748141055@163.com）四.商洽文件售价本次商洽文件的售价为0元人民币。五.响应文件提交的截止时间、开启时间和地点响应文件提交的截止时间：2026年09月14日  上午09:30:00开启时间：2026年09月14日  上午09:30:00地点：内蒙古自治区呼伦贝尔市海拉尔区学府路1号地勘六院304会议室六、公告发布媒介中国政府采购网 (https://www.ccgp.gov.cn)七.联系方式采购代理机构名称：黑龙江安拓工程咨询有限公司地址：黑龙江省哈尔滨市高新技术产业开发区科技创新城创新创业广场19号楼(创新一路699号)B516-106室联系人：付女士联系电话：15047240221采购单位名称：呼伦贝尔边境管理支队地址：内蒙古呼伦贝尔市鄂温克族自治旗河西新区大雁街外环路联系人：王警官联系电话：0470-8133325  二、开标时间：2026年09月11日 09:30 三、其它补充事宜 四、预算金额：预算金额：39.093435 万元（人民币）",公共安全,,中国政府采购网,,39.093435,table,,,,,,,,,,,
浙江德丰项目管理有限公司关于绿城公寓202室、210室出租公开竞价的公告,其他公告,ZJDFZB-2026090293,2026年09月04日 10:40,温州市,国家海洋局温州海洋环境监测中心站,温州市新安江路2号,沈先生/18057778055,浙江德丰项目管理有限公司,温州市鹿城区南汇街道锦江路458号深蓝大厦501-1室西首,叶女士/蒋先生0577-88915899/17682416401,叶颖,0577-88915899,,,https://www.ccgp.gov.cn/cggg/zygg/qtgg/202609/t20260904_27265659.htm,2026-09-10 10:11:31,浙江德丰项目管理有限公司受国家海洋局温州海洋环境监测中心站 委托，根据《中华人民共和国政府采购法》等有关规定，现对绿城公寓202室、210室出租公开竞价进行其他招标，欢迎合格的供应商前来投标。 项目名称：绿城公寓202室、210室出租公开竞价项目编号：ZJDFZB-2026090293项目联系方式：项目联系人：叶颖/蒋贤德项目联系电话：0577-88915899/17682416401 采购单位联系方式：采购单位：国家海洋局温州海洋环境监测中心站采购单位地址：温州市新安江路2号采购单位联系方式：沈先生/18057778055  代理机构联系方式：代理机构：浙江德丰项目管理有限公司代理机构联系人：叶女士/蒋先生0577-88915899/17682416401代理机构地址： 温州市鹿城区南汇街道锦江路458号深蓝大厦501-1室西首 一、采购项目内容我单位拟出租位于环城东路绿城公寓的202室和210室，面积为90㎡、412㎡。招租方式：本项目最低报价为10万元/年，最高价优先，若报价一致以抽签方式确定。租期：三年一签，最多不超过3年，租期从合同签订之日起开始计算；租赁范围：本项目仅限用于文体、培训、办公，其他行业一律禁止。细节要求详见合同模板。 二、开标时间：2026年09月07日 16:00 三、其它补充事宜四、合格承租人的资格要求：1、以公司名义租赁的具备公司（个体户）有效营业执照；2、以个人名义租赁的具备有效的个人身份证件。五、招租文件的获取：时间：2026年9月4日起至2026年9月7日（双休日及法定节假日除外）上午：8：30-11：30，下午：14：30-17：30。地点：温州市鹿城区南汇街道锦江路458号深蓝大厦501-1室六、获取标书时应出具的资料：1、以公司名义租赁的提供：公司（个体户）有效营业执照、个人身份证复印件、公司委托书；2、以个人名义租赁的提供：个人身份证复印件。七、报价文件递交截止时间：2026年9月7日 16:00八、报价地点：温州市鹿城区南汇街道锦江路458号深蓝大厦501-1室（浙江德丰）九、投标保证金：无须提交。十、现场勘察：为使各承租人可自行踏勘，踏勘的一切费用由承租人自理。投标前不进行现场踏勘的，自行承担投标风险。十一、其他：    招租文件获取截止时间之后，潜在承租人仍然可以获取招租文件，但该承租人如对招租文件有疑问应按招租文件规定的询疑时间前提出，逾期提出的，招租组织机构可以不予受理、答复。十二、联系方式：招租人名称：自然资源部温州海洋中心（自然资源部温州海洋预报台）地址：温州市新安江路2号联系人：沈先生电话：18057778055代理机构：浙江德丰项目管理有限公司地址：温州市鹿城区南汇街道锦江路458号深蓝大厦501-1室联系人（询问）：叶女士电话（询问）：17682416401代理机构质疑联系人：蒋先生代理机构质疑联系电话：15258671700传真：0577-88918599  四、预算金额：预算金额：10.000000 万元（人民币）,教育培训,2026-09-07 16:00,中国政府采购网,,10.0,table,,,,,,,,,,,
杨浦区消防救援支队2027年度支队公务车辆维修保养项目比选公告,其他公告,SPM-ZBWJ-202609082,2026年09月04日 10:28,上海市,杨浦区消防救援支队,上海市杨浦区周家嘴路3097号,顾老师 021-65206119,上海市建设工程监理咨询有限公司,上海市普陀区礼泉路689弄高尚领域T2办公楼9楼908室,丁慧慧 17317936126,丁慧慧,17317936126,公告附件资格承诺函-杨浦消防比选.docx,"[{""attach_name"": ""公告附件资格承诺函-杨浦消防比选.docx"", ""attach_url"": ""https://download.ccgp.gov.cn/oss/download?uuid=6250988193C8660E0CDFA0321A1EB3""}]",https://www.ccgp.gov.cn/cggg/zygg/qtgg/202609/t20260904_27265516.htm,2026-09-10 10:11:31,"上海市建设工程监理咨询有限公司受杨浦区消防救援支队 委托，根据《中华人民共和国政府采购法》等有关规定，现对2027年度支队公务车辆维修保养项目进行其他招标，欢迎合格的供应商前来投标。 项目名称：2027年度支队公务车辆维修保养项目项目编号：SPM-ZBWJ-202609082项目联系方式：项目联系人：丁慧慧项目联系电话：17317936126 采购单位联系方式：采购单位：杨浦区消防救援支队采购单位地址：上海市杨浦区周家嘴路3097号采购单位联系方式：顾老师 021-65206119 代理机构联系方式：代理机构：上海市建设工程监理咨询有限公司代理机构联系人：丁慧慧 17317936126代理机构地址： 上海市普陀区礼泉路689弄高尚领域T2办公楼9楼908室 一、采购项目内容一、项目基本情况1. 项目编号： SPM-ZBWJ-202609082 2. 项目名称： 2027年度支队公务车辆维修保养项目       3. 采购方式：比选采购4. 预算金额：  24.75  万元5. 最高限价：  24.75  万元6. 采购需求： 为杨浦区消防救援支队公务车辆提供维修保养服务。（详见比选采购文件第三章） 7. 合同履行期限： 2026年11月16日—2027年12月31日  8. 接受联合体询比：¨是/þ否二、供应商资格要求1.具有独立承担民事责任的能力(具有相关主管部门颁发的有效证明文件，如《营业执照》等) ；2.具有良好的商业信誉和健全的财务会计制度(参照资格声明函相关承诺格式内容)；3.具有履行合同所必需的设备和专业技术能力(参照资格声明函相关承诺格式内容)；4.依法缴纳税收和社会保障资金的良好记录（参照资格声明函相关承诺格式内容)；5.参加采购活动前三年内，在经营活动中没有重大违法记录(参照资格声明函相关承诺格式内容）；6.法律、行政法规规定的其他条件。7.未被列入“信用中国”（www.creditchina.gov.cn）失信被执行人、“重大税收违法失信主体”，未被列入中国政府采购网（www.ccgp.gov.cn）政府采购严重违法失信行为记录名单。8.落实政府采购政策需满足的资格要求【根据实际情况选择】：本次采购若符合政府强制采购节能产品、鼓励环保产品、扶持福利企业、促进残疾人就业、促进中小企业发展、支持监狱和戒毒企业等政策，将落实相关政策；8.1中小企业政策：    （1）    （1）无（2）专门面向中小企业（监狱企业、残疾人福利性单位、联合体各方均为中小企业的联合体、符合中小企业划分标准的个体工商户视同中小企业）；（3）专门面向小微企业（监狱企业、残疾人福利性单位、联合体各方均为小微企业的联合体、符合小微企业划分标准的个体工商户视同小微企业）；（4）专门面向监狱企业；（5）预留部分份额要求以联合体形式参加，应当与一家或多家中小企业组成联合体，并将采购清单中“适宜中小企业提供”的标的全部或部分由中小企业承担，联合协议书中约定中小企业合同金额占合同总金额比例不低于  40  %；符合条件的中小企业直接参加的，可以不用与其他中小企业组成联合体；（6）预留部分份额要求以联合体形式参加，应当与一家或多家中小企业组成联合体，并将采购清单中“适宜中小企业提供”的标的全部或部分由中小企业承担，联合协议书中约定中小企业合同金额占合同总金额比例不低于  40  %，其中小微企业比例不低于  60  %；符合条件的小微企业直接参加的，可以不用与其他小微企业组成联合体；（7）预留部分份额要求以联合体形式参加，应当与一家或多家小微企业组成联合体，并将采购清单中“适宜中小企业提供”的标的全部或部分由小微企业承担，联合协议书中约定小微企业合同金额占合同总金额比例不低于  40  %；符合条件的小微企业直接参加的，可以不用与其他小微企业组成联合体；（8）预留部分份额要求成交后合同分包，应将采购清单中“适宜中小企业提供”的标的，全部或部分合同分包给一家或多家中小企业，分包意向协议书中约定中小企业的合同金额占合同总金额的比例不低于  40   %；符合条件的中小企业直接参加的，可以不用合同分包；（9）预留部分份额要求成交后合同分包，应将采购清单中“适宜中小企业提供”的标的，全部或部分合同分包给一家或多家中小企业，分包意向协议书中约定中小企业的合同金额占合同总金额的比例不低于  40   %，其中小微企业比例不低于  60  %；符合条件的小微企业直接参加的，可以不用合同分包；（10）预留部分份额要求成交后合同分包，应将采购清单中“适宜中小企业提供”的标的，全部或部分合同分包给一家或多家小微企业，分包意向协议书中约定小微企业的合同金额占合同总金额的比例不低于  40   %；符合条件的小微企业直接参加的，可以不用合同分包。8.2其他落实政府采购政策的资格要求（如有）：   /   9.特定资格要求【根据实际情况选择】： （1）（2）（3）（4）（5）（8）  （1）参加本次采购活动前3年内在经营活动中，供应商和其单位负责人无行贿犯罪行为的；（2）与本项目采购代理机构的负责人为同一人或者存在直接控股和管理关系的供应商不得参加本次采购活动；（3）单位负责人为同一人或者存在直接控股、管理关系的不同供应商，不得同时参加同一包件的报价或者未划分包件的同一采购项目的报价；（4）为本项目提供整体设计、规范编制或者项目管理、监理、检测等服务的供应商不得参加本次采购活动；（5）应当具有行政主管部门颁发的（《上海市机动车维修备案证明》备案等级为二类及以上汽车维修）；（6）以联合体形式参加的，应当提供联合协议书；（7）拟成交后将采购清单中“允许分包”/“适宜中小企业提供”的标的合同分包的，接受分包供应商应当具有行政主管部门颁发的（XXXXXX 资质/证书）， 并提供分包意向协议书；（8）以分支机构名义参加的，应当提供总公司（总所等）授权（包括但不限于电信、银行、保险、石油石化、电力行业）；（9）其他。三、获取比选采购文件1.时间： 2026年09月07日至 2026年09月09日每天(节假日除外)9:30～11:30,13:00～16:00时（北京时间）。2.地点：上海市普陀区礼泉路689弄高尚领域T2办公楼9楼908室。3.方式：现场购买，人民币600元/份，售后不退。4.在购买比选文件时须向采购代理机构提供如下资料（原件验看，复印件留存；复印件须加盖公章,以下截图证明材料需在报名时提交）：1)相关主管部门颁发的有效证明文件，如《营业执照》等2）提供《上海市机动车维修备案证明》，备案等级为二类及以上汽车维修3)报名人员证明材料a、法定代表人需携带：（1）法定代表人证明原件；（2）法定代表人身份证明原件及复印件；（3）法定代表人在投标截止日前6个月内任意1个月在报名单位缴纳的社会保障资金；b、被授权人需携带：（1）法定代表人证明原件；（2）法定代表人授权委托书原件；（3）被授权人身份证明原件及复印件；（4）被授权人在投标截止日前6个月内任意1个月在报名单位缴纳的社会保障资金的相关证明材料；4)未被列入“信用中国”网站(www.creditchina.gov.cn)失信被执行人名单、重大税收违法失信主体、政府采购严重违法失信行为记录名单5)未列入中国政府采购网(www.ccgp.gov.cn)政府采购严重违法失信行为记录名单的供应商证明材料6)未被列入“国家企业信用信息公示系统（www.gsxt.gov.cn）” 经营异常名录、严重违法失信企业名单(黑名单)的供应商证明材料7)参加政府采购活动前3年内，在经营活动中没有重大违法记录承诺书。8)非联合体报价，且中标后不转包注：上述4）-8）条可提供“资格承诺函”（详见公告附件）5.获取比选文件其他说明：供应商须在报名截止时间前将标书费缴至采购代理机构指定账户或到现场支付现金。 供应商在报名后携带报名资料原件至现场进行报名验证，未经现场报名验证或验证不通过的供应商视为报名无效，由此导致的风险由供应商自行承担，采购人及代理机构不承担任何责任。四、提交响应文件截止时间和地点1.截止时间：2026年09月15日上午10时00分（北京时间）。2.递交方式：纸质文件递交。3.响应文件递交地点：上海市普陀区礼泉路689弄高尚领域T2办公楼9楼902评标室五、开启1.开启时间：2026年09月15日上午10时00分00秒（北京时间）。2.开启方式：现场开启。六、公告期限【公告邀请适用】自本公告发布之日起3个工作日。公告发布媒体：中国政府采购网（https://www.ccgp.gov.cn/）七、联系方式1.采购人信息名称：上海市杨浦区消防救援支队地址：上海市杨浦区周家嘴路3097号联系方式： 021-652061192.采购代理机构信息名称：上海市建设工程监理咨询有限公司地址： 上海市普陀区礼泉路689弄高尚领域T2办公楼9楼联系方式： 173179361263.项目联系方式项目联系人：丁老师电话：17317936126  二、开标时间：2026年09月15日 10:00 三、其它补充事宜/ 四、预算金额：预算金额：24.750000 万元（人民币）",公共安全,,中国政府采购网,,24.75,table,,,,,,,,,,,
民生路一楼多功能办公区前、后厅修缮比选公告,其他公告,,2026年09月04日 10:25,上海市,中华人民共和国上海海关后勤管理中心,上海市浦东新区民生路1208号,吴老师、021-62126795,上海中利威项目管理有限公司,上海市静安区梅园路228号企业广场1910-1912室,潘英韬、王捷仪、汤娜 021-62062986,潘英韬、王捷仪、汤娜项目联系电,021-62062986,,,https://www.ccgp.gov.cn/cggg/zygg/qtgg/202609/t20260904_27265492.htm,2026-09-10 10:11:32,上海中利威项目管理有限公司受中华人民共和国上海海关后勤管理中心 委托，根据《中华人民共和国政府采购法》等有关规定，现对民生路一楼多功能办公区前、后厅修缮进行其他招标，欢迎合格的供应商前来投标。 项目名称：民生路一楼多功能办公区前、后厅修缮项目编号：中利威-20260439项目联系方式：项目联系人：潘英韬、王捷仪、汤娜项目联系电话：021-62062986 采购单位联系方式：采购单位：中华人民共和国上海海关后勤管理中心采购单位地址：上海市浦东新区民生路1208号采购单位联系方式：吴老师、021-62126795 代理机构联系方式：代理机构：上海中利威项目管理有限公司代理机构联系人：潘英韬、王捷仪、汤娜 021-62062986代理机构地址： 上海市静安区梅园路228号企业广场1910-1912室 一、采购项目内容民生路一楼多功能办公区前、后厅修缮，包括拆除工程、装饰工程等（具体要求详见工程量清单及图纸）。 二、开标时间：2026年09月10日 10:30 三、其它补充事宜(一)采购条件本民生路一楼多功能办公区前、后厅修缮已由项目审批/核准/备案机关批准，项目资金来源为财政性资金26.5万元，采购人为中华人民共和国上海海关后勤管理中心。本项目已具备采购条件，现采购方式为其它方式。(二)项目概况和采购范围规模：1、采购内容：民生路一楼多功能办公区前、后厅修缮，包括拆除工程、装饰工程等（具体内容详见工程量清单）。 2、预算金额：人民币26.5万元。3、最高投标限价为人民币26.052356万元，超过最高投标限价的报价为无效标。4、项目工期要求：20日历天（计划开工日期：以采购人书面通知为准）。5、建设地点：上海市浦东新区民生路1208号。6、质量标准：一次性验收合格率100%范围：本采购项目划分为 1 个标段，本次采购为其中的：(001)民生路一楼多功能办公区前、后厅修缮;(三)参选人资格要求(001 民生路一楼多功能办公区前、后厅修缮)的参选人资格能力要求：1、参选人为中华人民共和国境内依法成立的，能够独立行使权利和履行义务的法人或其他组织，具有独立承担民事责任的能力；2、参选人应具备住房和城乡建设部颁发的有效期内建筑装修装饰工程专业承包二级及以上资质；3、参选人应具备有效期内的安全生产许可证；4、项目经理具备建筑工程专业二级及以上注册建造师资质和有效的安全生产考核合格证书；5、参选人单位负责人为同一人或者存在控股、管理关系的不同单位，不得参加同一标段报价或者未划分标段的同一比选项目报价；6、参选人在参选文件递交截止时间前三年内，未被“信用中国”（www.creditchina.gov.cn）、中国政府采购网（www.ccgp.gov.cn）列入失信被执行人、重大税收违法失信主体、政府采购严重违法失信行为记录名单；本项目（不接受）联合体响应。 (四)比选文件的获取获取时间：2026年9月5日—2026年9月7日，每日上午9：00时～11：00时；下午13：00时～16：00时（北京时间）节假日除外。获取方式：有意向的参选人请于上述获取日期范围内委派授权代表持如下资料:1.法定代表人直接领取比选文件的，应提供法定代表人资格证明书及法定代表人身份证原件、营业执照复印件（加盖公章）；2.委托授权人领取比选文件的，应提供法定代表人授权委托书及被委托人身份证原件；营业执照复印件（加盖公章）；（1）现场获取：获取地址为上海市静安区梅园路228号企业广场1910-1912室；（2）线上获取：参选人发送电子邮件：邮件主题列明项目名称+项目编号+公司名称；邮件内容列明公司名称、法定代表人或授权代表人姓名及联系方式；邮件附件为A4纸幅面加盖企业鲜章的报名材料，文件名称与主题一致。线上获取文件的采购代理机构以邮件形式回复报名审核情况，接收报名资料邮箱：wangjieyi@zlwsh.com。比选文件售价：人民币500元/本（售后不退）注：1、获取比选文件时提供的资料应与参选文件中的资格证明文件一致，如有不同，以参选文件为准。2、参选人提供的一切资料均应以中文为准，如果因为语言误差造成的后果和损失由参选人负责。(五)参选文件的递交递交截止时间：2026年9月10日10时30分 递交方式：上海市静安区梅园路228号企业广场1910-1912室（具体会议室信息见大屏幕）纸质文件递交(六)参选文件开启时间及地点 时间：2026年9月10日10时30分 地点：上海市静安区梅园路228号企业广场1910-1912室（具体会议室信息见大屏幕）(七)其他本公告发布媒体：中国政府采购网（https://www.ccgp.gov.cn/），本公告有效期限至 2026年9月7日止。  (八)监督部门本采购项目的监督部门为/。(九)联系方式单位名称：中华人民共和国上海海关后勤管理中心地    址：上海市浦东新区民生路1208号联 系 人：吴老师电    话：021-62126795电子邮件： /采购代理机构：上海中利威项目管理有限公司地    址： 上海市静安区梅园路228号企业广场1910-1912室联 系 人： 潘英韬、王捷仪、汤娜电    话： 021-62062986电子邮件： wangjieyi@zlwsh.com  四、预算金额：预算金额：26.500000 万元（人民币）,工程建设,2026-09-10 10:30,中国政府采购网,,26.5,table,,,,,,,,,,,
浙江省杭州市萧山区消防救援大队2026年度物业管理服务项目其他,其他公告,DDZX2026-GK-033,2026年09月04日 10:24,萧山区,杭州市萧山区消防救援大队,杭州市萧山区晨晖路1089号,姜先生；0571-83812706,大地工程咨询有限公司,杭州市拱墅区萍水东街788号运河万科中心C区C4-1幢,杨洋；18658165573,杨洋,18658165573,"浙江省杭州市萧山区消防救援大队2026年度物业服务项目（公示稿).docx,意见建议填写格式.xls","[{""attach_name"": ""浙江省杭州市萧山区消防救援大队2026年度物业服务项目（公示稿).docx"", ""attach_url"": ""https://download.ccgp.gov.cn/oss/download?uuid=2645CAD5C7785890046056E5C2503B""}, {""attach_name"": ""意见建议填写格式.xls"", ""attach_url"": ""https://download.ccgp.gov.cn/oss/download?uuid=8CFE21A3B38E875D4C076D8A8569D6""}]",https://www.ccgp.gov.cn/cggg/zygg/qtgg/202609/t20260904_27265496.htm,2026-09-10 10:11:33,大地工程咨询有限公司受杭州市萧山区消防救援大队 委托，根据《中华人民共和国政府采购法》等有关规定，现对浙江省杭州市萧山区消防救援大队2026年度物业管理服务项目进行其他招标，欢迎合格的供应商前来投标。 项目名称：浙江省杭州市萧山区消防救援大队2026年度物业管理服务项目项目编号：DDZX2026-GK-033项目联系方式：项目联系人：杨洋项目联系电话：18658165573 采购单位联系方式：采购单位：杭州市萧山区消防救援大队采购单位地址：杭州市萧山区晨晖路1089号采购单位联系方式：姜先生；0571-83812706 代理机构联系方式：代理机构：大地工程咨询有限公司代理机构联系人：杨洋；18658165573代理机构地址： 杭州市拱墅区萍水东街788号运河万科中心C区C4-1幢 一、采购项目内容浙江省杭州市萧山区消防救援大队2026年度物业管理服务项目 二、开标时间： 三、其它补充事宜公示简要情况说明：大地工程咨询有限公司受杭州市萧山区消防救援大队委托，就：浙江省杭州市萧山区消防救援大队2026年度物业管理服务项目进行公开招标，现将采购文件意见征询稿予以公示，公开征求意见。（一）、征求意见范围： 1.采购文件中是否存在明显的倾向性意见和特定的性能指标；2.供应商资格条件是否存在明显的倾向性和歧视性；3.是否存在与相关法律法规和政策规定相冲突的情况，以及影响政府采购“公开、公平、公正”原则的其他情况。（二）、征求意见递交及接收：1、意见递交截止时间：2026-09-09  17:00:00前 2、意见递交方式：各潜在供应商和有关专家提出建议和修改理由的请于2026年09月09日下午17时00分前通过电子邮件方式发送710734864@qq.com（附相关资料扫描件），并告知联系电话等通讯方式。 3、意见接收机构：大地工程咨询有限公司 4、联系人：杨洋5、联系电话：186581655736、联系邮箱：710734864@qq.com（三）、合格的修改意见和建议书要求（1）各潜在供应商、有关专家提出建议和修改理由必须是真实、有依据的，并应注明有异议的原文或章节，以及所依据的相关法规制度。（2）潜在供应商须在书面材料上加盖单位公章，经法定代表人签字盖章。由授权委托人签字盖章的，须出具针对该项目的法人授权委托书、授权委托人的身份证复印件和联系电话，同时附企业法人营业执照复印件（加盖单位公章）。（3）有关专家提出建议和修改理由的，须出具本人与该项目相关的专业证书复印件（如政府采购评审专家证书或职称证书、工作证明等），并告知联系电话等通讯方式。（4）对逾期送达或未按照规定方式回复建议和修改理由的，将不予接受。 （四）、注意事项：针对本项目的意见建议仅供采购人完善采购需求参考所用。代理机构不对意见建议书面一一回复，最终以采购文件为准，请供应商及时关注相关采购公告，如果供应商对采购文件相关内容仍有异议的，请按采购文件相关要求与代理机构联系。 四、预算金额：预算金额：204.596112 万元（人民币）,公共安全,,中国政府采购网,,204.596112,table,,,,,,,,,,,
SPD-07河南某单位比武训练装备采购项目其他,其他公告,2026-013,2026年09月04日 10:21,金水区,SPD-07,河南省郑州市金水区金水路105号省委南院省委机关食堂,罗先生，15890131050,详见公告正文,详见公告正文,详见公告正文,罗先生,15890131050,河南某单位比武训练装备采购项目采购文件2026-013.docx,"[{""attach_name"": ""河南某单位比武训练装备采购项目采购文件2026-013.docx"", ""attach_url"": ""https://download.ccgp.gov.cn/oss/download?uuid=8414F228A2FD07C7A79185BB7EF68B""}]",https://www.ccgp.gov.cn/cggg/zygg/qtgg/202609/t20260904_27265466.htm,2026-09-10 10:11:33,根据《中华人民共和国政府采购法》等有关规定，现对河南某单位比武训练装备采购项目进行其他招标，欢迎合格的供应商前来投标。 项目名称：河南某单位比武训练装备采购项目项目编号：2026-013项目联系方式：项目联系人：罗先生项目联系电话：15890131050 采购单位联系方式：采购单位：SPD-07采购单位地址：河南省郑州市金水区金水路105号省委南院省委机关食堂采购单位联系方式：罗先生，15890131050  一、采购项目内容根据我单位比武训练工作需要，结合现有训练装备实际情况。为更好的保障我单位比武队员日常训练需求，采购我单位比武训练装备一批。 二、开标时间：2026年09月08日 09:00 三、其它补充事宜 四、预算金额：预算金额：5.924000 万元（人民币）,服务外包,,中国政府采购网,,5.924,table,,,,,,,,,,,
中国消防救援学院遴选租赁地方车辆公司项目流标公告,流标公告,FGZB-2026-030,2026年09月04日 10:14,昌平区,中国消防救援学院,北京市昌平区南口镇南雁路4号,刘老师，010-69787153,北京方格管理咨询有限公司,北京市朝阳区金隅大成国际中心B2座09B20,胡酩斯，18513460920,胡酩斯,18513460920,遴选采购文件.pdf,"[{""attach_name"": ""遴选采购文件.pdf"", ""attach_url"": ""https://download.ccgp.gov.cn/oss/download?uuid=5000BF16644EDA7E4F794FB76C98C4""}]",https://www.ccgp.gov.cn/cggg/zygg/qtgg/202609/t20260904_27265410.htm,2026-09-10 10:11:34,一、项目基本情况 采购项目编号：FGZB-2026-030 采购项目名称：中国消防救援学院遴选租赁地方车辆公司项目 二、项目废标/流标的原因 （1）北京风雅创捷旅游汽车客运服务有限公司因法定代表人身份证明未加盖法定代表人的盖章或法定代表人未签字。不满足符合性审查要求中的关于实质性格式的要求。（2）中青旅控股股份有限公司旅游服务分公司与北京海洋通达汽车租赁有限公司的分项报价超过采购需求中给定的分项报价的最高限价。不满足符合性审查要求中的关于报价的要求。经过遴选小组（评选委员会）评审，有效供应商不足三家，本次采购流标。 三、其他补充事宜 无 四、凡对本次公告内容提出询问，请按以下方式联系。 1.采购人信息 名 称：中国消防救援学院 地址：北京市昌平区南口镇南雁路4号 联系方式：刘老师，010-69787153 2.采购代理机构信息 名 称：北京方格管理咨询有限公司 地 址：北京市朝阳区金隅大成国际中心B2座09B20 联系方式：胡酩斯，18513460920 3.项目联系方式 项目联系人：胡酩斯 电 话： 18513460920,教育培训,,中国政府采购网,,,default,二、项目废标/流标的原因,,,,,,,,,,
南开大学实验室设备处危化品储存柜采购项目采购公告,其他公告,NK2026H073N,2026年09月04日 10:09,天津市,南开大学,天津市南开区卫津路94号,于老师、牛老师，022-23501661,天津滨德招标代理有限公司,天津市河东区九纬路103号万泰大厦10层,高晓雅、王萌、杨姣姣、郝文杰，022-24213608,高晓雅、王萌、杨姣姣、郝文杰项,022-24213608,,,https://www.ccgp.gov.cn/cggg/zygg/qtgg/202609/t20260904_27265358.htm,2026-09-10 10:11:35,天津滨德招标代理有限公司受南开大学 委托，根据《中华人民共和国政府采购法》等有关规定，现对南开大学实验室设备处危化品储存柜采购项目进行其他招标，欢迎合格的供应商前来投标。 项目名称：南开大学实验室设备处危化品储存柜采购项目项目编号：NK2026H073N项目联系方式：项目联系人：高晓雅、王萌、杨姣姣、郝文杰项目联系电话：022-24213608 采购单位联系方式：采购单位：南开大学采购单位地址：天津市南开区卫津路94号采购单位联系方式：于老师、牛老师，022-23501661 代理机构联系方式：代理机构：天津滨德招标代理有限公司代理机构联系人：高晓雅、王萌、杨姣姣、郝文杰，022-24213608代理机构地址： 天津市河东区九纬路103号万泰大厦10层 一、采购项目内容根据南开大学相关规定，天津滨德招标代理有限公司受南开大学的委托，拟对南开大学实验室设备处危化品储存柜采购项目开展采购活动，兹邀请符合要求的供应商参加投标（响应）。一、项目基本情况1.项目编号：NK2026H073N。2.项目名称：南开大学实验室设备处危化品储存柜采购项目。3.采购方式：学校自行采购（招标-快速采购-电子标，非政府采购）。4.预算：77.89万元；最高限价：77.89万元。5.项目实施地点：南开大学。    6.合同履行期限：见采购文件项目需求书。7.采购需求：南开大学实验室设备处危化品储存柜采购项目设备1批 。具体参数见采购文件项目需求书。8.本项目不接受进口产品投标。二、供应商资格要求1.供应商须具有独立承担民事责任的能力，具备营业执照或事业单位法人证书或民办非企业单位登记证书或社会团体法人登记证书或基金会法人登记证书；2.供应商须具有良好的商业信誉和健全的财务会计制度；3.供应商须具有履行合同所必需的设备和专业技术能力；4.供应商须具有依法缴纳税收和社会保障资金的良好记录；5.供应商参加本次采购活动前3年内，须在经营活动中没有重大违法记录；6.供应商未被列入失信被执行人、重大税收违法失信主体、政府采购严重违法失信行为记录名单；7.本项目不接受联合体参与投标（响应）；8.单位负责人为同一人或者存在直接控股、管理关系的不同供应商，不得参加同一合同项下的采购活动。除单一来源采购项目外，为采购项目提供整体设计、规范编制或者项目管理、监理、检测等服务的供应商，不得再参加该采购项目的其他采购活动。三、采购文件获取1.时间：2026年9月4日至2026年9月9日下午17:00。2.方式：登录南开大学招投标管理办公室网站（网址：https://nkzbb.nankai.edu.cn/），在“供应商注册”端口注册成功后，通过“校外用户”端口报名参加本项目采购活动，报名成功后在线下载采购文件。供应商应保证注册报名信息的真实、准确、完整。3.售价：0元。四、投标（响应）文件的提交与解密供应商须通过南开大学采购招标管理信息平台（简称“系统”，登录https://nkzbb.nankai.edu.cn/，点击页面右侧校外用户登录）进行网上投标（响应）。参与采购活动的供应商须按系统提示办理CA证书，并使用 CA 证书通过系统上传电子投标（响应）文件。请供应商根据自身互联网网速和稳定性等多种因素，尽量提前登录系统，确保提交电子投标（响应）文件、解密等操作在规定时间内完成。（一）文件提交1.提交时间：2026年9月15日14：00前完成提交。逾期提交文件系统不予接收。2.提交方式：供应商按要求使用CA证书，通过系统上传加密后的电子投标（响应）文件。除此之外，本项目不接受以其他方式提交的投标（响应）文件。（二）文件解密1.解密时间：2026年9月15日14：00开始解密，2026年9月15日14：30前完成解密。逾期未解密的投标（响应）文件，不能进入开标和评审流程。2.解密方式：供应商应通过互联网在线操作完成电子投标（响应）文件的解密和报价展示。（三）评审时间：2026年9月15日14：30。（四）评审地点：天津滨德招标代理有限公司（天津市河东区九纬路103号万泰大厦10层评标室三）。五、注意事项1.本采购项目通过南开大学采购招标管理信息平台发布采购文件的澄清、修改等内容，信息一经发布，即视为送达。供应商须及时接收和查阅相关信息，未按要求及时查阅的自行承担相应后果。在评审过程中，供应商应保持网络和通讯畅通，因网络和通讯不畅造成的一切后果由供应商自行承担。2.参与采购活动的供应商须按相关程序办理CA证书和安装投标（响应）文件编制工具、CA证书驱动、签章软件后方可在系统上传投标（响应）文件。详细操作说明见系统中的《供应商操作手册》（登录系统后可查看）。CA办理需要时日，请参与本项目的供应商务必匡算好时间，尽可能提早办理。因办理时间晚、邮寄时间晚以及其他不可抗力原因造成供应商不能顺利参加响应活动的，采购人不承担任何责任。3.本项目推荐使用的浏览器为：IE10及以上的版本浏览器、360浏览器兼容模式、搜狗浏览器兼容模式。4.系统使用过程中遇到技术问题可拨打系统技术支持电话400-808-5975转2。5.法定代表人或单位负责人为同一个人或者存在直接控股、管理关系的不同供应商，不得同时参与本采购项目。如发现同时报名参与的情形，评审时将同时被拒绝。6.供应商若出现《南开大学采购招标供应商管理办法》中规定的不良行为的，将列入“供应商不良行为名单”，禁止三年内参与学校自采项目的采购招标活动。六、联系方式1.采购人：名称：南开大学地址：天津市南开区卫津路94号联系人：于老师、牛老师电话：022-23501661网站地址：https://nkzbb.nankai.edu.cn/电子邮箱：zbb@nankai.edu.cn2.采购代理机构：名称：天津滨德招标代理有限公司地址：天津市河东区九纬路103号万泰大厦10层联系人：高晓雅、王萌、杨姣姣、郝文杰电话：022-24213608电子邮箱：zb@tjbd666.com汇款银行：兴业银行天津河东支行账号：441150100100274018      户名：天津滨德招标代理有限公司 二、开标时间：2026年09月15日 14:00 三、其它补充事宜 四、预算金额：预算金额：77.890000 万元（人民币）,教育培训,,中国政府采购网,学校自行采购（招标-快速采购-电子标,77.89,table,,,,,,,,,,,
四川省自贡市消防救援支队装备维护设备采购项目（第二次）流标公告,流标公告,AYG20260714,2026年09月04日 10:07,自贡市,自贡市消防救援支队,四川省自贡市自流井区汇川路1301号,叶先生   0813-8117123,四川安优格建设工程有限公司,四川省自贡市沿滩区沿滩新城板南大道589号天海苑外2#商铺4楼,王女士  0813-8232323,王女士,0813-8232323,,,https://www.ccgp.gov.cn/cggg/zygg/qtgg/202609/t20260904_27265349.htm,2026-09-10 10:11:35,一、项目基本情况 采购项目编号：AYG20260714 采购项目名称：四川省自贡市消防救援支队装备维护设备采购项目（第二次） 二、项目废标/流标的原因 截至递交投标文件截止时间（开标时间）2026年09月03日10点30分，递交投标文件的投标人数量不足3家，不满足开标条件，本项目流标。 三、其他补充事宜 无 四、凡对本次公告内容提出询问，请按以下方式联系。 1.采购人信息 名 称：自贡市消防救援支队 地址：四川省自贡市自流井区汇川路1301号 联系方式：叶先生 0813-8117123 2.采购代理机构信息 名 称：四川安优格建设工程有限公司 地 址：四川省自贡市沿滩区沿滩新城板南大道589号天海苑外2#商铺4楼 联系方式：王女士 0813-8232323 3.项目联系方式 项目联系人：王女士 电 话： 0813-8232323,公共安全,,中国政府采购网,,,default,二、项目废标/流标的原因,,,,,,,,,,
中华人民共和国青茂出入境边防检查站2026年度食堂日常用品采购项目简易采购公告,其他公告,QMBJZ-2026-016,2026年09月04日 10:02,香洲区,中华人民共和国青茂出入境边防检查站,广东省珠海市国防路99号青茂口岸联检楼,谭琪，0756-8160155,详见公告正文,详见公告正文,详见公告正文,张振国,0756-8160152,"中华人民共和国青茂出入境边防检查站2026年度食堂日常用品采购项目简易采购文件.wps,青茂出入境边防检查站2026年度食堂日常用品采购项目采购清单.xls,中华人民共和国青茂出入境边防检查站2026年度食堂日常用品采购项目合同（主要条款）.doc,中华人民共和国青茂出入境边防检查站2026年度食堂日常用品采购项目需求文件 (公开稿).doc","[{""attach_name"": ""中华人民共和国青茂出入境边防检查站2026年度食堂日常用品采购项目简易采购文件.wps"", ""attach_url"": ""https://download.ccgp.gov.cn/oss/download?uuid=50755E21FBFF9C9B54FE292D3C7BB8""}, {""attach_name"": ""青茂出入境边防检查站2026年度食堂日常用品采购项目采购清单.xls"", ""attach_url"": ""https://download.ccgp.gov.cn/oss/download?uuid=464AC8A8F663B1FDCDD9A65BD566AA""}, {""attach_name"": ""中华人民共和国青茂出入境边防检查站2026年度食堂日常用品采购项目合同（主要条款）.doc"", ""attach_url"": ""https://download.ccgp.gov.cn/oss/download?uuid=798B680A1046FDCEE8AD3EC117A2D8""}, {""attach_name"": ""中华人民共和国青茂出入境边防检查站2026年度食堂日常用品采购项目需求文件 (公开稿).doc"", ""attach_url"": ""https://download.ccgp.gov.cn/oss/download?uuid=7EF318A76EE5F18A887108FAE57A06""}]",https://www.ccgp.gov.cn/cggg/zygg/qtgg/202609/t20260904_27265321.htm,2026-09-10 10:11:36,根据《中华人民共和国政府采购法》等有关规定，现对中华人民共和国青茂出入境边防检查站2026年度食堂日常用品采购项目进行其他招标，欢迎合格的供应商前来投标。 项目名称：中华人民共和国青茂出入境边防检查站2026年度食堂日常用品采购项目项目编号：QMBJZ-2026-016项目联系方式：项目联系人：张振国项目联系电话：0756-8160152 采购单位联系方式：采购单位：中华人民共和国青茂出入境边防检查站采购单位地址：广东省珠海市国防路99号青茂口岸联检楼采购单位联系方式：谭琪，0756-8160155  一、采购项目内容为确保青茂站食堂供餐服务的正常开展，按需采购食堂日常用品。根据现有库存量及计划使用量统计，本次采购食堂日常用品64种，按实际需求量分批次采购，以实际费用结算。 二、开标时间：2026年09月10日 15:00 三、其它补充事宜 四、预算金额：预算金额：7.615565 万元（人民币）,服务外包,,中国政府采购网,,7.615565,table,,,,,,,,,,,
揭阳大南海石化工业区消防救援大队2026年执勤车辆保险服务项目（第二次）遴选公告,其他公告,DNHXFJYDD2026001,2026年09月04日 10:02,揭阳市,揭阳大南海石化工业区消防救援大队,揭阳市惠来县揭阳大南海石化工业区消防警务应急中心西侧消防救援中心大楼,李小姐0663-8393119,详见公告正文,详见公告正文,详见公告正文,李小姐,0663-8393119,,,https://www.ccgp.gov.cn/cggg/zygg/qtgg/202609/t20260904_27265557.htm,2026-09-10 10:11:36,根据《中华人民共和国政府采购法》等有关规定，现对揭阳大南海石化工业区消防救援大队2026年执勤车辆保险服务项目（第二次）进行其他招标，欢迎合格的供应商前来投标。 项目名称：揭阳大南海石化工业区消防救援大队2026年执勤车辆保险服务项目（第二次）项目编号：DNHXFJYDD2026001项目联系方式：项目联系人：李小姐项目联系电话：0663-8393119 采购单位联系方式：采购单位：揭阳大南海石化工业区消防救援大队采购单位地址：揭阳市惠来县揭阳大南海石化工业区消防警务应急中心西侧消防救援中心大楼采购单位联系方式：李小姐0663-8393119  一、采购项目内容本项目为揭阳大南海石化工业区消防救援大队2026年执勤车辆保险服务项目（第二次），采用遴选方式组织采购。欢迎符合资格条件的供应商参加。一、项目基本情况采购项目名称：揭阳大南海石化工业区消防救援大队2026年执勤车辆保险服务项目（第二次）采购项目编号：DNHXFJYDD2026001规格数量：1项预算金额：194000.00元（投标报价超过预算金额为无效投标）项目内容及需求情况(采购项目技术规格、参数及要求) 品目号 品目 名称 采购标的 数量 （单位） 技术规格、参数及要求 所属行业 是否允许进口产品 1-1 财产保险服务 揭阳大南海石化工业区消防救援大队2026年执勤车辆保险服务项目（第二次） 1(项) 详见遴选文件 金融业 否 本合同包不接受联合体投标合同履行期限：保险期限定为1年，需根据各车辆保险到期节点分批次、分时段完成全年续保工作。二、申请人的资格要求：1.满足《中华人民共和国政府釆购法》第二十二条规定的条件并提供下列材料：1）具有独立承担民事责任的能力：在中华人民共和国境内注册的法人或其他组织或自然人，投标（响应）时提交有效的营业执照（或事业法人登记证或身份证等相关证明）副本复印件。分支机构投标的，须提供总公司和分公司营业执照副本复印件，总公司出具给分支机构的授权书。2）有依法缴纳税收和社会保障资金的良好记录：投标（响应）文件中提供《资格承诺函》，格式详见响应文件格式；或提供投标截止日前6个月内任意1个月依法缴纳税收和社会保障资金的相关材料，如依法免税或不需要缴纳社会保障资金的，提供相应证明材料。3）具有良好的商业信誉和健全的财务会计制度：投标（响应）文件中提供《资格承诺函》，格式详见响应文件格式；或提供2024年度财务状况报告或2025年度财务状况报告或2026年1月至今（至少一个月份）的财务报表或基本开户行出具的资信证明。4）具有履行合同所必需的设备和专业技术能力：按响应文件格式填报设备及专业技术能力情况。5）参加采购活动前3年内，在经营活动中没有重大违法记录：响应文件中提供《资格承诺函》，格式详见响应文件格式。重大违法记录，是指供应商因违法经营受到刑事处罚或者责令停产停业、吊销许可证或者执照、较大数额罚款等行政处罚。（根据财库〔2022〕3号文，“较大数额罚款”认定为200万元以上的罚款，法律、行政法规以及国务院有关部门明确规定相关领域“较大数额罚款”标准高于200万元的，从其规定）2.落实政府采购政策需满足的资格要求：本项目不专门面向中小企业。3.本项目的特定资格要求：(1)供应商未被列入“信用中国”网站(www.creditchina.gov.cn)“记录失信被执行人或重大税收违法失信主体或政府采购严重违法失信行为”记录名单；不处于中国政府采购网(www.ccgp.gov.cn)“政府采购严重违法失信行为信息记录”中的禁止参加政府采购活动期间。【以投标（响应）截止时间当天在“信用中国”网站（www.creditchina.gov.cn）及中国政府采购网（https://www.ccgp.gov.cn/） 查询结果为准，如相关失信记录已失效，供应商需提供相关证明资料。】(2)单位负责人为同一人或者存在直接控股、管理关系的不同供应商，不得同时参加本采购项目（或采购包）投标（响应）。为本项目提供整体设计、规范编制或者项目管理、监理、检测等服务的供应商，不得再参与本项目投标（响应）。 投标（报价）函相关承诺要求的其他内容。(3)供应商必须为经国家保险监督管理机构批准在中华人民共和国境内设立和营业的，并依法被核定许可经营车辆保险业务的保险公司或其分支机构。需提供国家金融监督管理总局（原中国银行保险监督管理委员会）颁发且在有效期内的《经营保险业务许可证》或《保险许可证》或《金融许可证》（根据国家金融监督管理总局《银行保险机构许可证管理办法》（2026年第2号令），自2026年6月1日起，保险机构适用金融许可证；仍持有原保险许可证尚未完成换领的，该许可证在2028年6月1日前继续有效，评标时予以认可）。如分公司或中心支公司或营销服务部等分支机构的保险机构参与投标的，还须获得具有独立法人资格的总公司的授权（提供授权证明，格式自拟），且同一法人单位只能授权一家分支机构参加本项目投标（总公司与分支机构同时参与投标的，或总公司授权一家以上分支机构同时参与投标的，将同时作无效投标处理）。（提供证书复印件；如国家或地方另有规定的，则适用其规定并由投标人出具相关说明材料）。三、获取采购文件时间：2026年09月04日至2026年09月11日（每天上午9：00时至12：00时，下午14：30时至17：30时，法定节假日除外）；地点：揭阳市惠来县揭阳大南海石化工业区消防警务应急中心西侧消防救援中心大楼方式：现场获取（如需电子文档，请自备U盘）售价：免费四、响应文件提交递交截止时间：2026年09月16日下午15时00分（提前半小时接收响应文件）。递交地点：揭阳市惠来县揭阳大南海石化工业区消防警务应急中心西侧消防救援中心大楼五、开启时间：2026年09月16日下午15时00分地点：揭阳市惠来县揭阳大南海石化工业区消防警务应急中心西侧消防救援中心大楼六、公告期限：自本公告发布之日起3个工作日。 二、开标时间：2026年09月16日 15:00 三、其它补充事宜供应商获取采购文件时应提供以下有效证件（复印件加盖公章）：（1）提交有效的营业执照（或事业单位法人证书或身份证等相关证明）副本复印件；（2）《法定代表人身份证明书》原件一份，法定代表人身份证复印件一份；（3）针对本项目的《法定代表人授权委托书》原件一份，被授权人身份证复印件一份（若法定代表人委托报名的须提供，身份证原件核对后退回）。 四、预算金额：预算金额：19.400000 万元（人民币）,公共安全,,中国政府采购网,,19.4,table,,,,,,,,,,,
浙江嘉兴支队桐乡市消防救援大队2026年度广告印刷服务采购项目流标公告,流标公告,,2026年09月04日 10:00,湖州市,桐乡市消防救援大队,桐乡市康民路222号,徐诗帆 13957359346,浙江中通通信有限公司,杭州市拱墅区河东路215号,严依意 13967186642、陈雨婷 17815745654、赵阳君 18969114900,徐诗帆,13957359346,,,https://www.ccgp.gov.cn/cggg/zygg/qtgg/202609/t20260904_27265296.htm,2026-09-10 10:11:37,一、项目基本情况 采购项目编号：嘉消采-GK2026006 采购项目名称：浙江省嘉兴支队桐乡市消防救援大队2026年度广告印刷服务采购项目 二、项目废标/流标的原因 根据《中华人民共和国政府采购法》第三十六条“（一）符合专业条件的供应商或者对招标文件作实质性响应的供应商不足三家的”，本项目应予废标。 三、其他补充事宜 无 四、凡对本次公告内容提出询问，请按以下方式联系。 1.采购人信息 名 称：桐乡市消防救援大队 地址：桐乡市康民路222号 联系方式：徐诗帆 13957359346 2.采购代理机构信息 名 称：浙江中通通信有限公司 地 址：杭州市拱墅区河东路215号 联系方式：严依意 13967186642、陈雨婷 17815745654、赵阳君 18969114900 3.项目联系方式 项目联系人：徐诗帆 电 话： 13957359346,公共安全,,中国政府采购网,,,default,二、项目废标/流标的原因,,,,,,,,,,
国家海洋信息中心消防设施维护维保项目比选公告,其他公告,QXZB-2026-031,2026年09月04日 09:48,天津市,国家海洋信息中心,天津市河东区六纬路93号,孙老师，13174879567,山东齐信全程工程咨询有限公司,天津市华苑产业区（环外）创新六路华鼎新区1号21号楼2门,罗伟、高学磊、米安平，022-24327119,孙老师,13174879567,,,https://www.ccgp.gov.cn/cggg/zygg/qtgg/202609/t20260904_27265233.htm,2026-09-10 10:11:37,"山东齐信全程工程咨询有限公司受国家海洋信息中心 委托，根据《中华人民共和国政府采购法》等有关规定，现对国家海洋信息中心消防设施维护维保项目进行其他招标，欢迎合格的供应商前来投标。 项目名称：国家海洋信息中心消防设施维护维保项目项目编号：QXZB-2026-031项目联系方式：项目联系人：孙老师项目联系电话：13174879567 采购单位联系方式：采购单位：国家海洋信息中心采购单位地址：天津市河东区六纬路93号采购单位联系方式：孙老师，13174879567 代理机构联系方式：代理机构：山东齐信全程工程咨询有限公司代理机构联系人：罗伟、高学磊、米安平，022-24327119代理机构地址： 天津市华苑产业区（环外）创新六路华鼎新区1号21号楼2门 一、采购项目内容（一）采购项目内容为消除安全隐患，保障设备可用，按照《消防法》的要求，委托有资质的单位开展消防设施维护保养工作。具体内容详见技术要求及服务清单。所属行业为服务业。（二）递交应答文件截止时间1、应答文件递交截止时间暨开启时间：2026年9月14日09:30（北京时间）2、应答文件递交及开启地点：国家海洋信息中心会议室（天津市河东区六纬路93号）（三）供应商资格要求1.营业执照副本或事业单位法人证书或民办非企业单位登记证书或社会团体法人登记证书或基金会法人登记证书。2.财务状况报告等相关材料：提供2025年度经第三方会计师事务所审计的企业财务报告或银行出具的距投标截止之日起近3个月内的资信证明。3.政府采购活动前三年内，在经营活动中没有重大违法记录和涉密政府采购不良行为记录（在响应文件中提供无重大违法记录和无涉密政府采购不良行为记录声明盖单位公章；至开标日成立不足3年的供应商可提供自成立以来无重大违法记录和无涉密政府采购不良行为记录的书面声明盖单位公章）；4.供应商依法缴纳社会保障资金的良好记录。供应商须提供2026年任意1个月依法缴纳社会保障资金的证明材料（证明材料可以是缴费的银行单据或公司所在社保机构开具的证明等复印件并加盖单位公章，自行编写无效。依法不需要缴纳社会保障资金的应提供相应文件说明）。5.供应商依法缴纳税收的良好记录。供应商须提供2026年任意1个月依法纳税的相关证明材料。6.供应商未被列入失信被执行人、税收违法黑名单及政府采购严重违法失信行为记录名单。以比选当日 “信用中国”网站（www.creditchina.gov.cn）、中国政府采购网（www.ccgp.gov.cn）代理机构现场查询结果为准。7、投标人须在《社会消防技术服务信息系统》（https://shhxf.119.gov.cn/templet/index_.jsp）中完成注册，以开标当日查询上述系统内（机构名称应为投标人名称、服务类型至少包括：消防设施维护保养检测）的信息为准；注：如开标当日《社会消防技术服务信息系统》网站无法打开，以投标文件中的上述系统截图为准，截图内容至少包括：“机构概况-基本信息-工商信息（机构名称应为投标人名称、服务类型至少包括：消防设施维护保养检测）8.本项目不接受联合体投标。9.本项目专门面向中小企业采购。（四）比选文件获取方式（1）网上递交报名资料及购买比选文件，请报名单位将报名资料电子版发送至电子邮箱toieni@126.com，并在获取比选文件规定时间内及时致电项目经理罗伟，电话：13132085262，资料审核合格后报名成功即可获取比选文件，报名时间以合格报名资料到达指定邮箱时间为准。（2）现场报名，报名单位携带报名资料至山东齐信全程工程咨询有限公司（天津市西青区创新六路华鼎新区一号21号楼2门）现场购买招标文件。报名资料：加盖公章的营业执照复印件、授权委托书（或法定代表人资格证明文件）、加盖公章的被授权人身份证复印件（或法定代表人身份证复印件）。比选文件售价：300元/套。比选文件获取时间：2026年9月4日-9月10日（9:00-11:30,13:30-16:30） 二、开标时间：2026年09月14日 09:30 三、其它补充事宜 四、预算金额：预算金额：18.000000 万元（人民币）",公共安全,,中国政府采购网,,18.0,table,,,,,,,,,,,
人力资源社会保障部金保工程安全产品运行维护项目竞争性磋商流标公告(第二次采购),流标公告,0745-2641CCIEC024,2026年09月04日 09:36,北京市,人力资源和社会保障部,北京市东城区和平里东街3号,电话：010-84233620,中国交通进出口有限公司,北京市朝阳区建国路118号招商局大厦6层,张女士，电话：010-56529777转770,王老师,010-84233620,,,https://www.ccgp.gov.cn/cggg/zygg/qtgg/202609/t20260904_27265153.htm,2026-09-10 10:11:38,一、项目基本情况 采购项目编号：0745-2641CCIEC024 采购项目名称：金保工程安全产品运行维护项目 二、项目废标/流标的原因 截至响应文件提交截止时间，提交响应文件的供应商不足3家，本项目流标 三、其他补充事宜 四、凡对本次公告内容提出询问，请按以下方式联系。 1.采购人信息 名 称：人力资源和社会保障部 地址：北京市东城区和平里东街3号 联系方式：电话：010-84233620 2.采购代理机构信息 名 称：中国交通进出口有限公司 地 址：北京市朝阳区建国路118号招商局大厦6层 联系方式：张女士，电话：010-56529777转770 3.项目联系方式 项目联系人：王老师 电 话： 010-84233620,工程建设,,中国政府采购网,,,default,二、项目废标/流标的原因,,,,,,,,,,
银川海关办公楼管道井安全整改项目废标公告,流标公告,ZTSJ-NZC-A26170,2026年09月04日 09:09,金凤区,银川海关,银川市金凤区正源南街220号,王先生    0951-5679185、18295398237,中天世纪国际招标有限公司,银川市金凤区新昌西路金钻名座财富中心13层,张斯格、蒋浩、者娟娟   0951-5156366,张斯格、蒋浩、者娟娟,0951-5156366,,,https://www.ccgp.gov.cn/cggg/zygg/qtgg/202609/t20260904_27265001.htm,2026-09-10 10:11:39,一、项目基本情况 采购项目编号：ZTSJ-NZC-A26170 采购项目名称：银川海关办公楼管道井安全整改项目 二、项目废标/流标的原因 截至比选时间（2026年8月31日上午09:00分）止，本项目无供应商按时递交响应文件。不符合综合比选文件要求，现场作废标处理。 三、其他补充事宜 无  四、凡对本次公告内容提出询问，请按以下方式联系。 1.采购人信息 名 称：银川海关 地址：银川市金凤区正源南街220号 联系方式：王先生 0951-5679185、18295398237 2.采购代理机构信息 名 称：中天世纪国际招标有限公司 地 址：银川市金凤区新昌西路金钻名座财富中心13层 联系方式：张斯格、蒋浩、者娟娟 0951-5156366 3.项目联系方式 项目联系人：张斯格、蒋浩、者娟娟 电 话： 0951-5156366,其他,,中国政府采购网,,,default,二、项目废标/流标的原因,,,,,,,,,,
如东县消防救援大队专职队正规化制作服务采购项目其他（第二次）,其他公告,2026004,2026年09月04日 09:09,如东县,如东县消防救援大队,如东县掘港街道,吕兴18862779195,江苏衡晟项目管理咨询有限公司,如东县城中街道,周春柳13625239921,吕兴,18862779195,"如东县消防救援大队专职队正规化制作服务采购项目【 供应商名登记表】.doc,如东县消防救援大队专职队正规化制作服务采购项目【比选公告】（第二次）9.4.docx","[{""attach_name"": ""如东县消防救援大队专职队正规化制作服务采购项目【 供应商名登记表】.doc"", ""attach_url"": ""https://download.ccgp.gov.cn/oss/download?uuid=2AA6E465E69362DE79F7BE1EB294BA""}, {""attach_name"": ""如东县消防救援大队专职队正规化制作服务采购项目【比选公告】（第二次）9.4.docx"", ""attach_url"": ""https://download.ccgp.gov.cn/oss/download?uuid=CBE4636970005C8FAFB21757AB54E4""}]",https://www.ccgp.gov.cn/cggg/zygg/qtgg/202609/t20260904_27265003.htm,2026-09-10 10:11:39,江苏衡晟项目管理咨询有限公司受如东县消防救援大队 委托，根据《中华人民共和国政府采购法》等有关规定，现对如东县消防救援大队专职队正规化制作服务采购项目进行其他招标，欢迎合格的供应商前来投标。 项目名称：如东县消防救援大队专职队正规化制作服务采购项目项目编号：2026004项目联系方式：项目联系人：吕兴项目联系电话：18862779195 采购单位联系方式：采购单位：如东县消防救援大队采购单位地址：如东县掘港街道采购单位联系方式：吕兴18862779195 代理机构联系方式：代理机构：江苏衡晟项目管理咨询有限公司代理机构联系人：周春柳13625239921代理机构地址： 如东县城中街道 一、采购项目内容如东县消防救援大队专职队正规化制作服务采购项目比选公告（第二次） 项目概况 如东县消防救援大队专职队正规化制作服务采购项目的潜在供应商应在中国政府采购网获取采购文件，并于2026年9月15日9点00分（北京时间）前提交响应文件。 江苏衡晟项目管理咨询有限公司（以下称代理机构）受如东县消防救援大队（以下称采购人）的委托，就如东县消防救援大队专职队正规化制作服务采购项目组织比选采购，诚邀符合条件的潜在供应商参加比选。一、项目基本情况1.项目名称：如东县消防救援大队专职队正规化制作服务采购项目；2.采购方式：比选；3.预算金额：100704.08元；4.最高限价：100704.08元；5.采购需求：详见第三章；6.合同履行期限：自合同签订之日起30个日历天内制作及安装完成，具备验收条件。7.本项目不接受联合体参与比选。二、申请人的资格要求：1.具有独立承担民事责任的能力；具有良好的商业信誉和健全的财务会计制度；具有履行合同所必需的设备和专业技术能力；有依法缴纳税收和社会保障资金的良好记录；参加采购活动前三年内，在经营活动中没有重大违法记录（提供相关证明材料或承诺函）。2.供应商提供有效的营业执照等具有独立承担民事责任能力的证明材料复印件。3.供应商法定代表人参加比选的，必须提供法定代表人身份证明及法定代表人本人身份证复印件；非法定代表人参加比选的，必须提供法定代表人签名或盖章的授权委托书及法定代表人和被授权人两个人的身份证复印件。4.供应商未在“信用中国”网站(http://www.creditchina.gov.cn/)中被列入失信被执行人名单、重大税收违法案件当事人名单，未在“中国政府采购网”网站(https://www.ccgp.gov.cn/search/cr/)中被列入政府采购严重违法失信行为信息记录名单(提供无重大违法记录的书面声明和截屏打印件并加盖公章)5.关于资格文件的声明函（格式参见第八章）。具体详见本比选文件《第八章 响应文件组成及格式》中的资格审查文件要求。请供应商认真对照资格条件，如不符合要求的，无意或故意参与比选所产生的一切后果由供应商自行承担，开标过程中，供应商提供的相关证件为虚假或伪造，或者其他人员持法定代表人或授权委托人的身份证参与比选，一经发现则取消供应商资格，该供应商将记入不良记录。【特别提醒】单位负责人为同一人或者存在直接控股、管理关系的不同供应商，不得参加同一合同项下的采购活动。为采购项目提供整体设计、规范编制或者项目管理、监理、检测等服务的供应商，不得再参加该采购项目的其他采购活动；如发现供应商递交的资格后审材料有弄虚作假行为，该供应商将记入不良记录，并上报有关部门，如已中选，采购人有权取消其中选资格，并由该供应商承担由此带来可能的一切责任和损失。三、获取采购文件1.时间：2026年9月7日至2026年9月11日，每天8时00分至11时30分，14时至18时（北京时间，法定节假日除外）。2.地点：线下。供应商法定代表人或授权代表和代理机构工作人员（联系人：周春柳，13625239921）联系，凭供应商报名表加盖公章（见附件），领取采购文件。供应商报名表可现场送至如东县城中街道浦发领秀城61幢1201室或扫描件发到邮箱：237901949@qq.com3.采购资料费用：100元。由代理在投标截止时间之前收取，不予退还。4.未按要求获取比选文件的供应商不得参与本项目比选。5.有关本次比选的事项若存在变动或修改，敬请及时关注“中国政府采购网”发布的信息更正公告，恕不另行通知，如有遗漏采购单位概不负责。四、提交响应文件截止时间、开标时间和地点1.响应文件接收截止及开标时间：2026年9月15日9点00分（北京时间）； 2.响应文件递交地址：如东县城中街道长江路399号浦发领秀城61幢1201室，如有变动另行通知。五、联系方式1.采购人信息名称：如东县消防救援大队；地址：如东县掘港镇；联系人：吕兴；联系电话：18862779195。2.采购代理机构信息名称：江苏衡晟项目管理咨询有限公司；地址：如东县城中街道；联系人：周春柳；     联系电话：13625239921。  二、开标时间：2026年09月15日 09:00 三、其它补充事宜无 四、预算金额：预算金额：10.070408 万元（人民币）,公共安全,2026-09-15 09:00,中国政府采购网,比选,10.070408,table,,,,,,,,,,,
杨浦区消防救援支队支队2024年度灭火救援装备采购项目（包件1、包件14）废标公告,流标公告,CTZB0090-2025-5985,2026年09月04日 09:01,杨浦区,杨浦区消防救援支队,上海市杨浦区周家嘴路3097号,顾老师 021-65206119,上海信产管理咨询有限公司,上海市长宁区江苏路500号21楼,时颖13661812724、漆凯,顾老师,021-65206119,,,https://www.ccgp.gov.cn/cggg/zygg/qtgg/202609/t20260904_27264973.htm,2026-09-10 10:11:40,一、项目基本情况 采购项目编号：CTZB0090-2025-5985 采购项目名称：支队2024年度灭火救援装备采购项目 二、项目废标/流标的原因 本项目第三次招标包件1、包件14因递交投标文件的供应商不足三家，招标失败。 三、其他补充事宜 招标编号：CTZB0090-2026-5000 四、凡对本次公告内容提出询问，请按以下方式联系。 1.采购人信息 名 称：杨浦区消防救援支队 地址：上海市杨浦区周家嘴路3097号 联系方式：顾老师 021-65206119 2.采购代理机构信息 名 称：上海信产管理咨询有限公司 地 址：上海市长宁区江苏路500号21楼 联系方式：时颖13661812724、漆凯 3.项目联系方式 项目联系人：顾老师 电 话： 021-65206119,公共安全,,中国政府采购网,,,default,二、项目废标/流标的原因,,,,,,,,,,
浙江省杭州市萧山区消防救援大队2026年度食堂劳务外包服务项目采购文件和需求公示,其他公告,WHZB2026-HZCG004,2026年09月04日 08:29,浙江省,杭州市萧山区消防救援大队,杭州市萧山区晨晖路1089号,姜老师；0571-83812706,浙江万汇招标代理有限公司,杭州市拱墅区花园岗街金开大厦裙楼2楼,章亚威、张丽超；0571-87795077、18268028684,章亚威、张丽超,0571-87795077、18268028684,"浙江省杭州市萧山区消防救援大队2026年度食堂劳务外包服务项目招标文件（征询意见稿）.docx,意见建议填写格式.xls","[{""attach_name"": ""浙江省杭州市萧山区消防救援大队2026年度食堂劳务外包服务项目招标文件（征询意见稿）.docx"", ""attach_url"": ""https://download.ccgp.gov.cn/oss/download?uuid=3696C7ED396BEB6BE7A3041C37400D""}, {""attach_name"": ""意见建议填写格式.xls"", ""attach_url"": ""https://download.ccgp.gov.cn/oss/download?uuid=124C2F98A884C68EF75D6EEBB3DF08""}]",https://www.ccgp.gov.cn/cggg/zygg/qtgg/202609/t20260904_27264911.htm,2026-09-10 10:11:41,浙江万汇招标代理有限公司受杭州市萧山区消防救援大队 委托，根据《中华人民共和国政府采购法》等有关规定，现对浙江省杭州市萧山区消防救援大队2026年度食堂劳务外包服务项目进行其他招标，欢迎合格的供应商前来投标。 项目名称：浙江省杭州市萧山区消防救援大队2026年度食堂劳务外包服务项目项目编号：WHZB2026-HZCG004项目联系方式：项目联系人：章亚威、张丽超项目联系电话：0571-87795077、18268028684 采购单位联系方式：采购单位：杭州市萧山区消防救援大队采购单位地址：杭州市萧山区晨晖路1089号采购单位联系方式：姜老师；0571-83812706 代理机构联系方式：代理机构：浙江万汇招标代理有限公司代理机构联系人：章亚威、张丽超；0571-87795077、18268028684代理机构地址： 杭州市拱墅区花园岗街金开大厦裙楼2楼 一、采购项目内容浙江省杭州市萧山区消防救援大队2026年度食堂劳务外包服务项目 二、开标时间：2026年09月09日 17:00 三、其它补充事宜公示简要情况说明：浙江万汇招标代理有限公司受杭州市萧山区消防救援大队委托，就浙江省杭州市萧山区消防救援大队2026年度食堂劳务外包服务项目进行公开招标，现将采购文件意见征询稿予以公示，公开征求意见。  一、采购项目预算金额：1750000元二、征求意见范围： 1.采购文件中是否存在明显的倾向性意见和特定的性能指标；2.供应商资格条件是否存在明显的倾向性和歧视性；3.是否存在与相关法律法规和政策规定相冲突的情况，以及影响政府采购“公开、公平、公正”原则的其他情况。三、征求意见递交及接收：1、意见递交截止时间：2026-09-09  17:00:00前 2、意见递交方式：各潜在供应商和有关专家提出建议和修改理由的请于2026年09月09日下午17时00分前通过电子邮件方式发送至1786216262@qq.com（附相关资料扫描件），并告知联系电话等通讯方式。 3、意见接收机构：浙江万汇招标代理有限公司 4、联系人：胡茜媛、章亚威5、联系电话：0571-87795077、182680286846、联系邮箱：1786216262@qq.com四、合格的修改意见和建议书要求1.各潜在供应商、有关专家提出建议和修改理由必须是真实、有依据的，并应注明有异议的原文或章节，以及所依据的相关法规制度。2.潜在供应商须在书面材料上加盖单位公章，经法定代表人签字盖章。由授权委托人签字盖章的，须出具针对该项目的法人授权委托书、授权委托人的身份证复印件和联系电话，同时附企业法人营业执照复印件（加盖单位公章）。3.有关专家提出建议和修改理由的，须出具本人与该项目相关的专业证书复印件（如政府采购评审专家证书或职称证书、工作证明等），并告知联系电话等通讯方式。4.对逾期送达或未按照规定方式回复建议和修改理由的，将不予接受。 五、注意事项：针对本项目的意见建议仅供采购人完善采购需求参考所用。代理机构不对意见建议书面一一回复，最终以采购文件为准，请供应商及时关注相关采购公告，如果供应商对采购文件相关内容仍有异议的，请按采购文件相关要求与代理机构联系。 四、预算金额：预算金额：175.000000 万元（人民币）,公共安全,,中国政府采购网,,175.0,table,,,,,,,,,,,
SPD某单位车辆配件采购项目其他,其他公告,202608CLPJ,2026年09月04日 08:19,北京市,SPD,北京市西城区闹市口大街11号,李亚东18110088307,详见公告正文,详见公告正文,详见公告正文,李亚东,18110088307,,,https://www.ccgp.gov.cn/cggg/zygg/qtgg/202609/t20260904_27264902.htm,2026-09-10 10:11:41,一、项目基本情况 采购项目编号：202608CLPJ 采购项目名称：某单位车辆配件采购项目 二、项目废标/流标的原因 投标人不足三家，按流标处理。 三、其他补充事宜 四、凡对本次公告内容提出询问，请按以下方式联系。 1.采购人信息 名 称：SPD 地址：北京市西城区闹市口大街11号 联系方式：李亚东18110088307 2.项目联系方式 项目联系人：李亚东 电 话： 18110088307,设备购置,,中国政府采购网,,,default,二、项目废标/流标的原因,,,,,,,,,,
北京林业大学功能物质多组学分析平台采购项目（二）废标公告,流标公告,,2026年09月03日 23:44,北京市,北京林业大学,北京市海淀区清华东路35号,刘老师、张老师，010-62337427,盛和招标代理有限公司,北京市海淀区马甸东路17号金澳国际写字楼27层,侯常胜、韩伟、许铖铖、李秀艳、李卫强、侯美玲、孙伟、高干、苏云龙、梁冰、毛允东，13356792662、13165512595,侯常胜、韩伟、许铖铖、李秀艳,13356792662、13165512595,,,https://www.ccgp.gov.cn/cggg/zygg/qtgg/202609/t20260903_27263804.htm,2026-09-10 10:11:42,一、项目基本情况 采购项目编号：北林招（货）[ZB2026]030号 采购项目名称：北京林业大学功能物质多组学分析平台采购项目（二） 二、项目废标/流标的原因 实质性响应招标文件的投标人不足三家，本项目废标。 三、其他补充事宜 无。 四、凡对本次公告内容提出询问，请按以下方式联系。 1.采购人信息 名 称：北京林业大学 地址：北京市海淀区清华东路35号 联系方式：刘老师、张老师，010-62337427 2.采购代理机构信息 名 称：盛和招标代理有限公司 地 址：北京市海淀区马甸东路17号金澳国际写字楼27层 联系方式：侯常胜、韩伟、许铖铖、李秀艳、李卫强、侯美玲、孙伟、高干、苏云龙、梁冰、毛允东，13356792662、13165512595 3.项目联系方式 项目联系人：侯常胜、韩伟、许铖铖、李秀艳、李卫强、侯美玲、孙伟、高干、苏云龙、梁冰、毛允东 电 话： 13356792662、13165512595,教育培训,,中国政府采购网,,,default,二、项目废标/流标的原因,,,,,,,,,,
动植检生物安全实验室改造项目废标公告,流标公告,TH2026-ZG0145,2026年09月03日 22:15,乌鲁木齐市,乌鲁木齐海关后勤管理中心,乌鲁木齐市北京南路241号乌鲁木齐海关机关综合保障楼二楼,乌鲁木齐海关后勤管理中心0991-3627251（办公业务用）,新疆天合新动力工程管理有限公司,乌鲁木齐市水磨沟区立井街198号9号楼11层,马龙、金云花、朱春华、王宇阳0991-3508696、0991-3508697,马龙、金云花、朱春华、王宇阳,0991-3508696、0991-3508697,,,https://www.ccgp.gov.cn/cggg/zygg/qtgg/202609/t20260903_27263752.htm,2026-09-10 10:11:43,一、项目基本情况 采购项目编号：TH2026-ZG0145 采购项目名称：动植检生物安全实验室改造项目 二、项目废标/流标的原因 有效供应商不足三家，本项目废标。 三、其他补充事宜 无 四、凡对本次公告内容提出询问，请按以下方式联系。 1.采购人信息 名 称：乌鲁木齐海关后勤管理中心 地址：乌鲁木齐市北京南路241号乌鲁木齐海关机关综合保障楼二楼 联系方式：乌鲁木齐海关后勤管理中心0991-3627251（办公业务用） 2.采购代理机构信息 名 称：新疆天合新动力工程管理有限公司 地 址：乌鲁木齐市水磨沟区立井街198号9号楼11层 联系方式：马龙、金云花、朱春华、王宇阳0991-3508696、0991-3508697 3.项目联系方式 项目联系人：马龙、金云花、朱春华、王宇阳 电 话： 0991-3508696、0991-3508697,工程建设,,中国政府采购网,,,default,二、项目废标/流标的原因,,,,,,,,,,
哈尔滨工程大学维修中心院内道路硬化等工程比选采购公告,其他公告,ZXDC2026X712,2026年09月03日 20:20,哈尔滨市,哈尔滨工程大学,0451-82519863,杜老师、杨老师、张老师,正信伟业工程咨询管理有限公司,哈尔滨市香坊区红旗大街235号投资大厦17层,孙先生、刘先生、张女士,孙先生、刘先生、张女士项目联系,0451-82362805,,,https://www.ccgp.gov.cn/cggg/zygg/qtgg/202609/t20260903_27263469.htm,2026-09-10 10:11:43,"正信伟业工程咨询管理有限公司受哈尔滨工程大学 委托，根据《中华人民共和国政府采购法》等有关规定，现对哈尔滨工程大学维修中心院内道路硬化等工程进行其他招标，欢迎合格的供应商前来投标。 项目名称：哈尔滨工程大学维修中心院内道路硬化等工程项目编号：ZXDC2026X712项目联系方式：项目联系人：孙先生、刘先生、张女士项目联系电话：0451-82362805 采购单位联系方式：采购单位：哈尔滨工程大学采购单位地址：0451-82519863采购单位联系方式：杜老师、杨老师、张老师 代理机构联系方式：代理机构：正信伟业工程咨询管理有限公司代理机构联系人：孙先生、刘先生、张女士代理机构地址： 哈尔滨市香坊区红旗大街235号投资大厦17层 一、采购项目内容比选采购公告 项目概况 哈尔滨工程大学维修中心院内道路硬化等工程的潜在供应商应在按本公告第三部分获取比选文件，并于2026年9月9日14时00分（北京时间）前递交响应文件。 一、项目基本情况项目编号：ZXDC2026X712项目名称：哈尔滨工程大学维修中心院内道路硬化等工程预算金额：36.372966万元最高限价：363729.66元采购需求：维修中心院内道路硬化等工程（具体内容详见比选文件）合同履行期限：30日历天 ,具体开始时间以甲方的通知为准。本项目不接受联合体投标二、申请人的资格要求：1.在中华人民共和国境内依法注册的符合下列条件的法人、其他组织或自然人：(1)具有独立承担民事责任的能力;(2)具有良好的商业信誉和健全的财务会计制度;(3)具有履行合同所必需的设备和专业技术能力;(4)有依法缴纳税收和社会保障资金的良好记录;(5)参加采购活动前三年内，在经营活动中没有重大违法记录。2.本项目的特定资格要求：2.1供应商须在中华人民共和国境内注册的具有独立法人资格的法人或其它组织；具备国家行业主管部门颁发的有效的营业执照，并在人员、设备、资金等方面具有相应履约能力。2.2供应商须具备建设行政主管部门核发的有效的建筑工程施工总承包三级及以上资质，具备建设行政主管部门核发的有效的安全生产许可证。2.3供应商拟派项目负责人须具备的资格要求：具备有效的建筑工程专业二级及以上建造师注册执业资格证书，具备有效的B类安全生产考核合格证书，且未担任其他在施建设工程项目的项目负责人。供应商拟派的项目负责人的信息在全国建筑市场监管公共服务平台（http://jzsc.mohurd.gov.cn/home）可查询且证件信息与企业信息一致，且上述证书证企相符提供上述人员在本单位缴纳养老保险证明材料2026年5月至7月或6月至8月），证明材料须加盖社保中心章或社保中心参保缴费证明电子专用章，提供的人员需为本企业员工，不得为退休人员。2.4其他项目管理机构人员配备要求：至少包含技术负责人1人、施工员1人、质量员1人、安全员1人。其中：技术负责人须具备有效的中级（含）以上职称证书或工程建设类注册执业资格；施工员具备有效的岗位证书或职业能力信息或职业培训合格信息（建筑工程相关专业证书）；质量员须具备有效的岗位证书或职业能力信息或职业培训合格信息（建筑工程相关专业证书）；安全员须具备有效的C类安全生产考核合格证书（C证），且上述证书证企相符提供上述人员在本单位缴纳养老保险材料（2026年5月至7月或6月至8月），证明材料须加盖社保中心章或社保中心参保缴费证明电子专用章，提供的人员需为本企业员工，不得为退休人员。2.5供应商参加政府采购活动近三年内没有重大违法记录，对列入失信被执行人、重大税收违法案件当事人名单、以及政府采购严重违法失信行为记录名单中被禁止参加1至3年政府采购活动的供应商（处罚期限尚未届满的），不得参与政府采购活动。供应商信用记录核查路径：1）“信用中国”网站（www.creditchina.gov.cn）；2）“中国政府采购网”（www.ccgp.gov.cn/cr/list）；3）“国家企业信用信息公示系统”（http://www.gsxt.gov.cn/index.html）；注：供应商应在响应文件中提供“没有重大违法记录的声明”；2.6单位负责人为同一人或者存在直接控股、管理关系的不同供应商，不得参加同一合同项下的采购活动。2.7为采购项目提供整体设计、规范编制或者项目管理、监理、检测等服务的供应商，不得再参加采购项目的其他采购活动。 获取比选文件凡有意参加比选项目，请于2026年9月4日8时00分至2026年9月8日16时00分获取由代理机构提供电子版本比选文件，逾期不予受理。标书费汇款信息及账户户名：正信伟业工程咨询管理有限公司开户行：厦门国际银行股份有限公司北京分行账号：8014100000020228递交方式：从供应商企业基本账户进行转账的形式交纳注：汇款时需备注“哈尔滨工程大学维修中心院内道路硬化等工程”方式：线上发售售价：500元注：请符合本项目资格条件的潜在供应商在前款规定的比选文件获取期限内将“①本项目的项目名称、②潜在供应商企业名称（全称）、③联系人、④联系电话（手机）、⑤比选文件费网上汇款成功截图”等准确信息，一并发送至邮zxwy7z@163.com进行登记(如未登记或未按要求登记产生的不良后果由供应商自行承担)。四、提交响应文件截止时间、开标时间和地点比选时间及响应文件的递交截止时间：2026年9月9日14时00分。递交地点及比选地点：黑龙江省哈尔滨市香坊区红旗大街235号投资大厦17层正信伟业工程咨询管理有限公司比选大厅。五、公告期限自本公告发布之日起3个工作日。六、其他补充事宜1.本项目公告在中国政府采购网（https://www.ccgp.gov.cn/）发布。2.现场踏勘：2.1集合时间：2026年9月8日17点00分，过时不候。2.2集合地点：：哈尔滨工程大学北门，采购人、采购代理机构在哈尔滨工程大学北门等候供应商并有序组织踏勘。提醒注意：①踏勘人员须携带身份证原件配合学校保卫管理人员核验工作。②采购人和采购代理机构统一组织本项目的现场踏勘，是否参与由供应商自行安排，未参与的不影响其参与本项目投标（响应）及投标（响应）文件的有效性七、对本次比选提出询问，请按以下方式联系。名    称：哈尔滨工程大学地    址：哈尔滨市南岗区南通大街145号联 系 人：杜老师、杨老师、张老师           联系方式：0451-82519863  2.采购代理机构信息名 称：正信伟业工程咨询管理有限公司地 址：哈尔滨市香坊区红旗大街235号投资大厦17层联系方式：0451-82362805 项目联系方式    项目联系人：孙先生、刘先生、张女士   电话：0451-82362805 二、开标时间：2026年09月09日 14:00 三、其它补充事宜无 四、预算金额：预算金额：36.372966 万元（人民币）",教育培训,2026-09-09 14:00,中国政府采购网,,36.372966,table,,,,,,,,,,,
青岛市崂山区消防救援大队2026年崂山区消防救援大队办公用品定点服务项目技术参数公开征集意见公告,其他公告,/,2026年09月03日 20:09,青岛市,青岛市崂山区消防救援大队,青岛市崂山区银川东路15号,李队长0532--81851254,青岛合创鑫诚建设工程管理有限公司,青岛市李沧区书院路188号406室,徐工15854253875,徐工,15854253875,"附件1：2026年崂山区消防救援大队办公用品定点服务项目技术参数.doc,附件2：技术参数修改建议书.docx","[{""attach_name"": ""附件1：2026年崂山区消防救援大队办公用品定点服务项目技术参数.doc"", ""attach_url"": ""https://download.ccgp.gov.cn/oss/download?uuid=955192302F5B1A5B827AA01239102A""}, {""attach_name"": ""附件2：技术参数修改建议书.docx"", ""attach_url"": ""https://download.ccgp.gov.cn/oss/download?uuid=32907998A606CB921FE03FCB0F4895""}]",https://www.ccgp.gov.cn/cggg/zygg/qtgg/202609/t20260903_27263409.htm,2026-09-10 10:11:44,青岛合创鑫诚建设工程管理有限公司受青岛市崂山区消防救援大队 委托，根据《中华人民共和国政府采购法》等有关规定，现对2026年崂山区消防救援大队办公用品定点服务项目进行其他招标，欢迎合格的供应商前来投标。 项目名称：2026年崂山区消防救援大队办公用品定点服务项目项目编号：/项目联系方式：项目联系人：徐工项目联系电话：15854253875 采购单位联系方式：采购单位：青岛市崂山区消防救援大队采购单位地址：青岛市崂山区银川东路15号采购单位联系方式：李队长0532--81851254 代理机构联系方式：代理机构：青岛合创鑫诚建设工程管理有限公司代理机构联系人：徐工15854253875代理机构地址： 青岛市李沧区书院路188号406室 一、采购项目内容（一）根据《中华人民共和国政府采购法》《政府采购需求管理办法》等有关规定，充分了解崂山区消防救援大队办公用品定点服务项目现状及分析、市场供给情况、可能涉及的后续采购情况等情况，确保技术参数贴合实际、表述规范，避免出现倾向性条款，现对2026年崂山区消防救援大队办公用品定点服务项目技术参数进行市场调查，欢迎广大供应商、专家提出宝贵意见。1、征求意见内容：详见技术参数（附件1）2、征求意见获取时间及方式：即日起至回复意见截止时间止，拟对本项目技术参数提出意见的供应商可登录中国政府采购网（https://www.ccgp.gov.cn/）免费下载。3、公示时间：本项目技术参数公开征集意见：自2026年09月04日起至2026年09月08日止（北京时间）4、回复意见截止时间：2026年09月08日（北京时间）5、回复意见格式:请按照技术参数修改建议书（附件2）的参考格式提出对本项目技术参数的修改建议和修改理由。（二）回复征询意见格式及方式1、本项目技术参数公开征集意见公示期间接受社会公众及潜在供应商的意见征求。请遵循客观、公正的原则，对本项目技术参数（详见附件1）提出意见或者建议，社会公众及潜在供应商如对本项目技术参数有意见的请在本公告截止时间之前提出，逾期不予接收。可根据“附件1”提供“附件2”技术参数修改建议书及相关材料（电子版 PDF 格式和 Word 格式各 1 份，其中 PDF 格式应为签字盖章后的扫描件）发送至代理机构指定邮箱hechuangxincheng@163.com，感谢您的参与和配合。（参与技术参数调查的潜在市场主体单位须提供有效的营业执照复印件）2、技术参数调查须知：参与调查的潜在市场主体单位参加本次调查活动所发生的一切费用自理。本次调查仅供采购单位开展市场调研用，不具有任何限制及承诺效力，对于供应商依法取得本项目参与资格无任何影响，诚挚欢迎广大潜在供应商积极参与支持我们的工作。最终是否采纳供应商所提交的资料均不影响供应商参与本项目后续采购活动，对供应商所提供的信息不作书面回复。3、请以“公司名称/专家姓名-技术参数修改反馈意见”建立一个文件夹发至指定邮箱。（三）相关要求1、报送时间以指定邮箱报送的时间、信息为准，逾期送达、匿名送达以及其他不符合上述条件的方式送达，我单位不予受理。2、因本项目实施要求严格，提供内容须保证真实性、可靠性、准确性，修改意见如无相关法律依据和充足证据佐证，我单位不予采纳 二、开标时间： 三、其它补充事宜 四、预算金额：预算金额：0.000000 万元（人民币）,公共安全,,中国政府采购网,,0.0,table,,,,,,,,,,,
青岛市崂山区消防救援大队崂山区消防救援大队2026年车辆保险服务项目技术参数公开征集意见公告,其他公告,/,2026年09月03日 20:09,青岛市,青岛市崂山区消防救援大队,青岛市崂山区银川东路15号,李队长0532--81851254,青岛合创鑫诚建设工程管理有限公司,青岛市李沧区书院路188号406室,徐工15854253875,徐工,15854253875,"附件1：崂山区消防救援大队2026年车辆保险服务项目技术参数.doc,附件2：技术参数修改建议书.docx","[{""attach_name"": ""附件1：崂山区消防救援大队2026年车辆保险服务项目技术参数.doc"", ""attach_url"": ""https://download.ccgp.gov.cn/oss/download?uuid=A40DE10BCA68ABC0F644B8C75A0743""}, {""attach_name"": ""附件2：技术参数修改建议书.docx"", ""attach_url"": ""https://download.ccgp.gov.cn/oss/download?uuid=56A7308571FCC1854E780B374475F8""}]",https://www.ccgp.gov.cn/cggg/zygg/qtgg/202609/t20260903_27263407.htm,2026-09-10 10:11:45,青岛合创鑫诚建设工程管理有限公司受青岛市崂山区消防救援大队 委托，根据《中华人民共和国政府采购法》等有关规定，现对崂山区消防救援大队2026年车辆保险服务项目进行其他招标，欢迎合格的供应商前来投标。 项目名称：崂山区消防救援大队2026年车辆保险服务项目项目编号：/项目联系方式：项目联系人：徐工项目联系电话：15854253875 采购单位联系方式：采购单位：青岛市崂山区消防救援大队采购单位地址：青岛市崂山区银川东路15号采购单位联系方式：李队长0532--81851254 代理机构联系方式：代理机构：青岛合创鑫诚建设工程管理有限公司代理机构联系人：徐工15854253875代理机构地址： 青岛市李沧区书院路188号406室 一、采购项目内容（一）根据《中华人民共和国政府采购法》《政府采购需求管理办法》等有关规定，充分了解崂山区消防救援大队2026年车辆保险服务项目现状及分析、市场供给情况、可能涉及的后续采购情况等情况，确保技术参数贴合实际、表述规范，避免出现倾向性条款，现对崂山区消防救援大队2026年车辆保险服务项目技术参数进行市场调查，欢迎广大供应商、专家提出宝贵意见。1、征求意见内容：详见技术参数（附件1）2、征求意见获取时间及方式：即日起至回复意见截止时间止，拟对本项目技术参数提出意见的供应商可登录中国政府采购网（https://www.ccgp.gov.cn/）免费下载。3、公示时间：本项目技术参数公开征集意见：自2026年09月04日起至2026年09月08日止（北京时间）4、回复意见截止时间：2026年09月08日（北京时间）5、回复意见格式:请按照技术参数修改建议书（附件2）的参考格式提出对本项目技术参数的修改建议和修改理由。（二）回复征询意见格式及方式1、本项目技术参数公开征集意见公示期间接受社会公众及潜在供应商的意见征求。请遵循客观、公正的原则，对本项目技术参数（详见附件1）提出意见或者建议，社会公众及潜在供应商如对本项目技术参数有意见的请在本公告截止时间之前提出，逾期不予接收。可根据“附件1”提供“附件2”技术参数修改建议书及相关材料（电子版 PDF 格式和 Word 格式各 1 份，其中 PDF 格式应为签字盖章后的扫描件）发送至代理机构指定邮箱hechuangxincheng@163.com，感谢您的参与和配合。（参与技术参数调查的潜在市场主体单位须提供有效的营业执照复印件）2、技术参数调查须知：参与调查的潜在市场主体单位参加本次调查活动所发生的一切费用自理。本次调查仅供采购单位开展市场调研用，不具有任何限制及承诺效力，对于供应商依法取得本项目参与资格无任何影响，诚挚欢迎广大潜在供应商积极参与支持我们的工作。最终是否采纳供应商所提交的资料均不影响供应商参与本项目后续采购活动，对供应商所提供的信息不作书面回复。3、请以“公司名称/专家姓名-技术参数修改反馈意见”建立一个文件夹发至指定邮箱。（三）相关要求1、报送时间以指定邮箱报送的时间、信息为准，逾期送达、匿名送达以及其他不符合上述条件的方式送达，我单位不予受理。2、因本项目实施要求严格，提供内容须保证真实性、可靠性、准确性，修改意见如无相关法律依据和充足证据佐证，我单位不予采纳 二、开标时间： 三、其它补充事宜 四、预算金额：预算金额：0.000000 万元（人民币）,公共安全,,中国政府采购网,,0.0,table,,,,,,,,,,,
青岛市崂山区消防救援大队2026年崂山区消防救援大队人身意外伤害险项目技术参数公开征集意见公告,其他公告,/,2026年09月03日 20:08,青岛市,青岛市崂山区消防救援大队,青岛市崂山区银川东路15号,李队长0532--81851254,青岛合创鑫诚建设工程管理有限公司,青岛市李沧区书院路188号406室,徐工15854253875,徐工,15854253875,"附件1：2026年崂山区消防救援大队人身意外伤害险项目技术参数.doc,附件2：技术参数修改建议书.docx","[{""attach_name"": ""附件1：2026年崂山区消防救援大队人身意外伤害险项目技术参数.doc"", ""attach_url"": ""https://download.ccgp.gov.cn/oss/download?uuid=CF146330F4DB120716307CFAD27D73""}, {""attach_name"": ""附件2：技术参数修改建议书.docx"", ""attach_url"": ""https://download.ccgp.gov.cn/oss/download?uuid=95CFC8D8DDBF16C511CCDEC857EA05""}]",https://www.ccgp.gov.cn/cggg/zygg/qtgg/202609/t20260903_27263413.htm,2026-09-10 10:11:45,青岛合创鑫诚建设工程管理有限公司受青岛市崂山区消防救援大队 委托，根据《中华人民共和国政府采购法》等有关规定，现对2026年崂山区消防救援大队人身意外伤害险项目进行其他招标，欢迎合格的供应商前来投标。 项目名称：2026年崂山区消防救援大队人身意外伤害险项目项目编号：/项目联系方式：项目联系人：徐工项目联系电话：15854253875 采购单位联系方式：采购单位：青岛市崂山区消防救援大队采购单位地址：青岛市崂山区银川东路15号采购单位联系方式：李队长0532--81851254 代理机构联系方式：代理机构：青岛合创鑫诚建设工程管理有限公司代理机构联系人：徐工15854253875代理机构地址： 青岛市李沧区书院路188号406室 一、采购项目内容（一）根据《中华人民共和国政府采购法》《政府采购需求管理办法》等有关规定，充分了解2026年崂山区消防救援大队人身意外伤害险项目现状及分析、市场供给情况、可能涉及的后续采购情况等情况，确保技术参数贴合实际、表述规范，避免出现倾向性条款，现对2026年崂山区消防救援大队人身意外伤害险项目技术参数进行市场调查，欢迎广大供应商、专家提出宝贵意见。1、征求意见内容：详见技术参数（附件1）2、征求意见获取时间及方式：即日起至回复意见截止时间止，拟对本项目技术参数提出意见的供应商可登录中国政府采购网（https://www.ccgp.gov.cn/）免费下载。3、公示时间：本项目技术参数公开征集意见：自2026年09月04日起至2026年09月08日止（北京时间）4、回复意见截止时间：2026年09月08日（北京时间）5、回复意见格式:请按照技术参数修改建议书（附件2）的参考格式提出对本项目技术参数的修改建议和修改理由。（二）回复征询意见格式及方式1、本项目技术参数公开征集意见公示期间接受社会公众及潜在供应商的意见征求。请遵循客观、公正的原则，对本项目技术参数（详见附件1）提出意见或者建议，社会公众及潜在供应商如对本项目技术参数有意见的请在本公告截止时间之前提出，逾期不予接收。可根据“附件1”提供“附件2”技术参数修改建议书及相关材料（电子版 PDF 格式和 Word 格式各 1 份，其中 PDF 格式应为签字盖章后的扫描件）发送至代理机构指定邮箱hechuangxincheng@163.com，感谢您的参与和配合。（参与技术参数调查的潜在市场主体单位须提供有效的营业执照复印件）2、技术参数调查须知：参与调查的潜在市场主体单位参加本次调查活动所发生的一切费用自理。本次调查仅供采购单位开展市场调研用，不具有任何限制及承诺效力，对于供应商依法取得本项目参与资格无任何影响，诚挚欢迎广大潜在供应商积极参与支持我们的工作。最终是否采纳供应商所提交的资料均不影响供应商参与本项目后续采购活动，对供应商所提供的信息不作书面回复。3、请以“公司名称/专家姓名-技术参数修改反馈意见”建立一个文件夹发至指定邮箱。（三）相关要求1、报送时间以指定邮箱报送的时间、信息为准，逾期送达、匿名送达以及其他不符合上述条件的方式送达，我单位不予受理。2、因本项目实施要求严格，提供内容须保证真实性、可靠性、准确性，修改意见如无相关法律依据和充足证据佐证，我单位不予采纳。 二、开标时间： 三、其它补充事宜 四、预算金额：预算金额：0.000000 万元（人民币）,公共安全,,中国政府采购网,,0.0,table,,,,,,,,,,,
青岛市崂山区消防救援大队崂山区消防救援大队枯桃消防站荣誉室改造技术参数公开征集意见公告,其他公告,/,2026年09月03日 20:08,青岛市,青岛市崂山区消防救援大队,青岛市崂山区银川东路15号,李队长0532--81851254,青岛合创鑫诚建设工程管理有限公司,青岛市李沧区书院路188号406室,徐工15854253875,徐工,15854253875,"附件1：崂山区消防救援大队枯桃消防站荣誉室改造技术参数.doc,附件2：技术参数修改建议书.docx","[{""attach_name"": ""附件1：崂山区消防救援大队枯桃消防站荣誉室改造技术参数.doc"", ""attach_url"": ""https://download.ccgp.gov.cn/oss/download?uuid=E8CC2B5DA0B4EE257626BA260820E0""}, {""attach_name"": ""附件2：技术参数修改建议书.docx"", ""attach_url"": ""https://download.ccgp.gov.cn/oss/download?uuid=9D126263352D01A771A20F82E167C0""}]",https://www.ccgp.gov.cn/cggg/zygg/qtgg/202609/t20260903_27263411.htm,2026-09-10 10:11:46,青岛合创鑫诚建设工程管理有限公司受青岛市崂山区消防救援大队 委托，根据《中华人民共和国政府采购法》等有关规定，现对崂山区消防救援大队枯桃消防站荣誉室改造进行其他招标，欢迎合格的供应商前来投标。 项目名称：崂山区消防救援大队枯桃消防站荣誉室改造项目编号：/项目联系方式：项目联系人：徐工项目联系电话：15854253875 采购单位联系方式：采购单位：青岛市崂山区消防救援大队采购单位地址：青岛市崂山区银川东路15号采购单位联系方式：李队长0532--81851254 代理机构联系方式：代理机构：青岛合创鑫诚建设工程管理有限公司代理机构联系人：徐工15854253875代理机构地址： 青岛市李沧区书院路188号406室 一、采购项目内容（一）根据《中华人民共和国政府采购法》《政府采购需求管理办法》等有关规定，充分了解崂山区消防救援大队枯桃消防站荣誉室改造现状及分析、市场供给情况、可能涉及的后续采购情况等情况，确保技术参数贴合实际、表述规范，避免出现倾向性条款，现对崂山区消防救援大队枯桃消防站荣誉室改造技术参数进行市场调查，欢迎广大供应商、专家提出宝贵意见。1、征求意见内容：详见技术参数（附件1）2、征求意见获取时间及方式：即日起至回复意见截止时间止，拟对本项目技术参数提出意见的供应商可登录中国政府采购网（https://www.ccgp.gov.cn/）免费下载。3、公示时间：本项目技术参数公开征集意见：自2026年09月04日起至2026年09月08日止（北京时间）4、回复意见截止时间：2026年09月08日（北京时间）5、回复意见格式:请按照技术参数修改建议书（附件2）的参考格式提出对本项目技术参数的修改建议和修改理由。（二）回复征询意见格式及方式1、本项目技术参数公开征集意见公示期间接受社会公众及潜在供应商的意见征求。请遵循客观、公正的原则，对本项目技术参数（详见附件1）提出意见或者建议，社会公众及潜在供应商如对本项目技术参数有意见的请在本公告截止时间之前提出，逾期不予接收。可根据“附件1”提供“附件2”技术参数修改建议书及相关材料（电子版 PDF 格式和 Word 格式各 1 份，其中 PDF 格式应为签字盖章后的扫描件）发送至代理机构指定邮箱hechuangxincheng@163.com，感谢您的参与和配合。（参与技术参数调查的潜在市场主体单位须提供有效的营业执照复印件）2、技术参数调查须知：参与调查的潜在市场主体单位参加本次调查活动所发生的一切费用自理。本次调查仅供采购单位开展市场调研用，不具有任何限制及承诺效力，对于供应商依法取得本项目参与资格无任何影响，诚挚欢迎广大潜在供应商积极参与支持我们的工作。最终是否采纳供应商所提交的资料均不影响供应商参与本项目后续采购活动，对供应商所提供的信息不作书面回复。3、请以“公司名称/专家姓名-技术参数修改反馈意见”建立一个文件夹发至指定邮箱。（三）相关要求1、报送时间以指定邮箱报送的时间、信息为准，逾期送达、匿名送达以及其他不符合上述条件的方式送达，我单位不予受理。2、因本项目实施要求严格，提供内容须保证真实性、可靠性、准确性，修改意见如无相关法律依据和充足证据佐证，我单位不予采纳 二、开标时间： 三、其它补充事宜 四、预算金额：预算金额：0.000000 万元（人民币）,公共安全,,中国政府采购网,,0.0,table,,,,,,,,,,,
青岛市崂山区消防救援大队枯桃消防救援站厨房设备采购项目技术参数公开征集意见公告,其他公告,/,2026年09月03日 20:08,青岛市,青岛市崂山区消防救援大队,青岛市崂山区银川东路15号,李队长0532--81851254,青岛合创鑫诚建设工程管理有限公司,青岛市李沧区书院路188号406室,徐工15854253875,徐工,15854253875,"附件1：青岛市崂山区消防救援大队枯桃消防救援站厨房设备采购项目技术参数.doc,附件2：技术参数修改建议书.docx","[{""attach_name"": ""附件1：青岛市崂山区消防救援大队枯桃消防救援站厨房设备采购项目技术参数.doc"", ""attach_url"": ""https://download.ccgp.gov.cn/oss/download?uuid=3D46735AD0C9DADB72DDF3E2A2337B""}, {""attach_name"": ""附件2：技术参数修改建议书.docx"", ""attach_url"": ""https://download.ccgp.gov.cn/oss/download?uuid=738824B44FD45CB48B8E729769687D""}]",https://www.ccgp.gov.cn/cggg/zygg/qtgg/202609/t20260903_27263415.htm,2026-09-10 10:11:47,青岛合创鑫诚建设工程管理有限公司受青岛市崂山区消防救援大队 委托，根据《中华人民共和国政府采购法》等有关规定，现对青岛市崂山区消防救援大队枯桃消防救援站厨房设备采购项目进行其他招标，欢迎合格的供应商前来投标。 项目名称：青岛市崂山区消防救援大队枯桃消防救援站厨房设备采购项目项目编号：/项目联系方式：项目联系人：徐工项目联系电话：15854253875 采购单位联系方式：采购单位：青岛市崂山区消防救援大队采购单位地址：青岛市崂山区银川东路15号采购单位联系方式：李队长0532--81851254 代理机构联系方式：代理机构：青岛合创鑫诚建设工程管理有限公司代理机构联系人：徐工15854253875代理机构地址： 青岛市李沧区书院路188号406室 一、采购项目内容（一）根据《中华人民共和国政府采购法》《政府采购需求管理办法》等有关规定，充分了解青岛市崂山区消防救援大队枯桃消防救援站厨房设备采购项目现状及分析、市场供给情况、可能涉及的后续采购情况等情况，确保技术参数贴合实际、表述规范，避免出现倾向性条款，现对青岛市崂山区消防救援大队枯桃消防救援站厨房设备采购项目技术参数进行市场调查，欢迎广大供应商、专家提出宝贵意见。1、征求意见内容：详见技术参数（附件1）2、征求意见获取时间及方式：即日起至回复意见截止时间止，拟对本项目技术参数提出意见的供应商可登录中国政府采购网（https://www.ccgp.gov.cn/）免费下载。3、公示时间：本项目技术参数公开征集意见：自2026年09月04日起至2026年09月08日止（北京时间）4、回复意见截止时间：2026年09月08日（北京时间）5、回复意见格式:请按照技术参数修改建议书（附件2）的参考格式提出对本项目技术参数的修改建议和修改理由。（二）回复征询意见格式及方式1、本项目技术参数公开征集意见公示期间接受社会公众及潜在供应商的意见征求。请遵循客观、公正的原则，对本项目技术参数（详见附件1）提出意见或者建议，社会公众及潜在供应商如对本项目技术参数有意见的请在本公告截止时间之前提出，逾期不予接收。可根据“附件1”提供“附件2”技术参数修改建议书及相关材料（电子版 PDF 格式和 Word 格式各 1 份，其中 PDF 格式应为签字盖章后的扫描件）发送至代理机构指定邮箱hechuangxincheng@163.com，感谢您的参与和配合。（参与技术参数调查的潜在市场主体单位须提供有效的营业执照复印件）2、技术参数调查须知：参与调查的潜在市场主体单位参加本次调查活动所发生的一切费用自理。本次调查仅供采购单位开展市场调研用，不具有任何限制及承诺效力，对于供应商依法取得本项目参与资格无任何影响，诚挚欢迎广大潜在供应商积极参与支持我们的工作。最终是否采纳供应商所提交的资料均不影响供应商参与本项目后续采购活动，对供应商所提供的信息不作书面回复。3、请以“公司名称/专家姓名-技术参数修改反馈意见”建立一个文件夹发至指定邮箱。（三）相关要求1、报送时间以指定邮箱报送的时间、信息为准，逾期送达、匿名送达以及其他不符合上述条件的方式送达，我单位不予受理。2、因本项目实施要求严格，提供内容须保证真实性、可靠性、准确性，修改意见如无相关法律依据和充足证据佐证，我单位不予采纳。 二、开标时间： 三、其它补充事宜 四、预算金额：预算金额：0.000000 万元（人民币）,公共安全,,中国政府采购网,,0.0,table,,,,,,,,,,,
北京交通大学零散房屋招租项目（04包）四次遴选公告,其他公告,2025BGC-172-2616,2026年09月03日 19:37,北京市,北京交通大学,北京市海淀区上园村3号,陈老师 010-51683481,北京国金管理咨询有限公司,北京市丰台区五圈南路30号院1号楼北京海格通信产业园科研楼D座10层1011室,刘佳、刘博威、陶雪娇、张杰18600528599,刘佳、刘博威、陶雪娇、张杰项目,18600528599,"采购需求（04包四次）.pdf,遴选文件领取表（04包四次）.doc,北京交通大学零散房屋招租项目（04包）四次遴选公告.pdf","[{""attach_name"": ""采购需求（04包四次）.pdf"", ""attach_url"": ""https://download.ccgp.gov.cn/oss/download?uuid=DF2D5E56BF69484705C65DBA9CAC43""}, {""attach_name"": ""遴选文件领取表（04包四次）.doc"", ""attach_url"": ""https://download.ccgp.gov.cn/oss/download?uuid=0CE2B0766E542A9EEA3005E9D6740F""}, {""attach_name"": ""北京交通大学零散房屋招租项目（04包）四次遴选公告.pdf"", ""attach_url"": ""https://download.ccgp.gov.cn/oss/download?uuid=8B162F28A487724F1F00073D6C7A34""}]",https://www.ccgp.gov.cn/cggg/zygg/qtgg/202609/t20260903_27263225.htm,2026-09-10 10:11:47,北京国金管理咨询有限公司受北京交通大学 委托，根据《中华人民共和国政府采购法》等有关规定，现对北京交通大学零散房屋招租项目进行其他招标，欢迎合格的供应商前来投标。 项目名称：北京交通大学零散房屋招租项目项目编号：2025BGC-172-2616项目联系方式：项目联系人：刘佳、刘博威、陶雪娇、张杰项目联系电话：18600528599 采购单位联系方式：采购单位：北京交通大学采购单位地址：北京市海淀区上园村3号采购单位联系方式：陈老师 010-51683481 代理机构联系方式：代理机构：北京国金管理咨询有限公司代理机构联系人：刘佳、刘博威、陶雪娇、张杰18600528599代理机构地址： 北京市丰台区五圈南路30号院1号楼北京海格通信产业园科研楼D座10层1011室 一、采购项目内容（一）、遴选项目名称：北京交通大学零散房屋招租项目（04包）四次遴选项目编号：2025BGC-172-2616（二）、遴选内容：具体需求及要求详见采购需求。 包号 房屋地址 面积 （㎡） 招租底价 （元/㎡•日） 拟招租期限 拟招租用途 04 东校区学生活动中心三层2间房 70 3.3 3年 办公  （三）、申请人资格条件：（一）满足《中华人民共和国政府采购法》第二十二条规定的所有条件；（二）在法律上和财务上独立、合法运作并独立于采购人和采购代理机构之外的申请人；（三）近三年未被“信用中国”网站及“中国政府采购网”网站列入失信被执行人、重大税收违法失信主体名单、政府采购严重违法失信行为记录名单的申请人（有上述处罚记录但处罚期已届满的，视为无记录）；（四）不同潜在申请人的法人、单位负责人不是同一人，也不存在直接控股、管理关系的；（五）本项目不接受联合体参加；（六）法律、行政法规规定的其他条件。（四）、遴选文件发售：时间：2026年09月04日至2026年09月10日（提供期限自本公告发布之日起不得少于5个工作日），每天上午09：00至12：00，下午13：30至17：00（北京时间，法定节假日除外）地点：北京市丰台区五圈南路30号院1号楼北京海格通信产业园科研楼D座10层1011室。方式：现场购买（须提供法定代表人授权委托书、身份证复印件（加盖公章）或法人证明书、身份证复印件（加盖公章））。或线上购买，申请人须在中国政府采购网下载遴选文件领取表，领取表按照要求填写相关信息、法定代表人授权委托书、身份证复印件（加盖公章）或法人证明书、身份证复印件（加盖公章）以上扫描件发送至gjgl2228@163.com。分包售价：500元人民币/包（含电子版）售后不退。（五）、申请文件的递交时间及地址：2026年09月16日15点30分（北京时间）申请文件请于递交截止时间之前送至文件递交地点，逾期收到或不符合规定的申请文件恕不接受。地点：北京市丰台区五圈南路30号院1号楼北京海格通信产业园科研楼D座10层1011室。 二、开标时间：2026年09月16日 15:30 三、其它补充事宜本项目遴选公告在《中国政府采购网》上发布。 四、预算金额：预算金额：0.000000 万元（人民币）,教育培训,,中国政府采购网,,0.0,table,,,,,,,,,,,
中国社会科学院大学新文科综合楼及宿舍项目水土保持方案编制服务校内竞磋公告,其他公告,ZCZB-2026-014,2026年09月03日 19:27,北京市,中国社会科学院大学,北京市房山区良乡高教园区长于大街11号,010-81360229,北京中昌工程咨询有限公司,北京市朝阳区劲松三区甲302号华腾大厦21层,邢先生、李先生 19933602884、17200368230,邢先生、李先生,19933602884、17200368230,校内竞磋公告.docx,"[{""attach_name"": ""校内竞磋公告.docx"", ""attach_url"": ""https://download.ccgp.gov.cn/oss/download?uuid=E66CF00E9F8406A49858B4FED0A00E""}]",https://www.ccgp.gov.cn/cggg/zygg/qtgg/202609/t20260903_27263173.htm,2026-09-10 10:11:48,北京中昌工程咨询有限公司受中国社会科学院大学 委托，根据《中华人民共和国政府采购法》等有关规定，现对中国社会科学院大学新文科综合楼及宿舍项目水土保持方案编制服务进行其他招标，欢迎合格的供应商前来投标。 项目名称：中国社会科学院大学新文科综合楼及宿舍项目水土保持方案编制服务项目编号：ZCZB-2026-014项目联系方式：项目联系人：邢先生、李先生项目联系电话：19933602884、17200368230 采购单位联系方式：采购单位：中国社会科学院大学采购单位地址：北京市房山区良乡高教园区长于大街11号采购单位联系方式：010-81360229 代理机构联系方式：代理机构：北京中昌工程咨询有限公司代理机构联系人：邢先生、李先生 19933602884、17200368230代理机构地址： 北京市朝阳区劲松三区甲302号华腾大厦21层 一、采购项目内容一、项目基本情况1.项目编号/包号：ZCZB-2026-014/012.项目名称：中国社会科学院大学新文科综合楼及宿舍项目水土保持方案编制服务3.采购方式：校内竞磋4.项目预算金额：93.50万元、项目最高限价（如有）：93.50万元5.采购需求： 包号 标的名称 采购包预算金额（万元） 数量 简要技术需求或服务要求 01 中国社会科学院大学新文科综合楼及宿舍项目水土保持方案编制服务 93.50 1 供应商需依据《中华人民共和国水土保持法》及《北京市水土保持条例》，提供以下服务：1.现场勘查与资料收集：对项目占地范围内的地形地貌、土壤植被、表土状况进行详细勘测，重点核查施工扰动范围内土层结构、土地利用现状。2.方案编制：分析项目建设过程中的土石方平衡（特别是30000平方米地下空间开挖产生的弃土量）。制定水土流失防治措施体系，包括临时苫盖、临时截排水措施设置、向主体设计的永久绿化及透水铺装设施提供水土保持专业要求的建议，编制《水土保持方案报告》。测算水土保持补偿费。3.评审与报批：配合建设单位和相关水行政主管部门完成专家技术评审；根据专家及相关水行政主管部门意见修改方案，直至取得正式行政许可批复。4.水土保持施工过程监测。详见详见“第四章 采购需求” 6.合同履行期限：合同签订后20个工作日内提交送审稿，提交送审稿后原则上20个工作日取得批复文件为止。7.本项目是否接受联合体：□是  ■否。二、申请人的资格要求（须同时满足）1.满足《中华人民共和国政府采购法》第二十二条规定；2.落实政府采购政策需满足的资格要求：2.1 中小企业政策■本项目不专门面向中小企业预留采购份额。□本项目专门面向   □中小   □小微企业  采购。即：提供的货物全部由符合政策要求的中小/小微企业制造、服务全部由符合政策要求的中小/小微企业承接。□本项目预留部分采购项目预算专门面向中小企业采购。对于预留份额，提供的货物由符合政策要求的中小企业制造、服务由符合政策要求的中小企业承接。预留份额通过以下措施进行：___________。2.2 其它落实政府采购政策的资格要求（如有）： / 。3.本项目的特定资格要求：3.1本项目是否属于政府购买服务：■否□是，公益一类事业单位、使用事业编制且由财政拨款保障的群团组织，不得作为承接主体；3.2其他特定资格要求：1.供应商应拥有有效的营业执照、组织机构代码证、税务登记证（或三证合一），遵守国家法律法规，具有良好信誉，具有履行合同的能力和良好履行合同的记录。具有健全的财务会计制度，资金财务状况良好，能够开具可在国家税务总局网站查询的正规发票；没有处于被责令停业，投标资格被取消，财产被接管、冻结，破产状态。2.供应商参加政府采购活动前三年内未被列入“信用中国”网站(www.creditchina.gov.cn)失信被执行人、重大税收违法失信主体、政府采购严重违法失信行为记录名单和“中国政府采购”网站（www.ccgp.gov.cn）政府采购严重违法失信行为记录名单（以递交投标文件截止当日查询结果为准）。3.单位负责人为同一人或者存在直接控股、管理关系的不同供应商，不得同时参加相同项目包的采购活动，否则均按无效标处理。4.为本采购项目提供整体设计、规范编制或者项目管理、监理、检测等服务的供应商，不得再参加本采购项目的其他采购活动。三、获取采购文件1.时间：2026年9月4日至2026年9月7 日，每天上午9：00至12：00，下午13：00至17：00（北京时间，法定节假日除外）。2.地点：通过电子邮箱方式获取3.方式：供应商采用电子邮箱递交方式获取本项目校内竞磋文件：请将报名文件（营业执照副本+法定代表人资格证明文件+法定代表人身份证扫描件+法定代表人授权书+经办人身份证扫描件）的原件彩色扫描为一个完整的单面PDF文件（请确保文件清晰）发送BJzhongchang1997@163.com邮箱，邮件主题：项目名称（可简写）+单位名称+报名资料，开标时供应商携带加盖公章（逐页加盖公章）的报名资料交至招标代理机构，电话告知采购代理工作人员进行查验，查验无误并交纳报名费后按程序发放校内竞磋文件。 4.售价：人民币500元/份（银行汇款或转账（公对公），收款账户信息：单位名称：北京中昌工程咨询有限公司；营业执照号91110105633731727Q；账号：110061485018010013025；开户行：交通银行北京广渠路支行；行号：301100000849；电话：010-67169793-825），招标文件售后不退。四、响应文件提交截止时间：2026年9月 9 日9点00分（北京时间）。地点：北京市朝阳区劲松三区甲302号华腾大厦21层会议室，现场递交。五、开启时间：2026年9月9日9点00分（北京时间）。地点：北京市朝阳区劲松三区甲302号华腾大厦21层会议室。六、公告期限自本公告发布之日起3个工作日。 二、开标时间：2026年09月09日 09:00 三、其它补充事宜1.本项目需要落实的政府采购政策：1.1环境标志产品政府采购政策(财库(2019)9号、财库(2019)18号)；1.2节能产品政府采购政策(财库(2019)9号、财库(2019)19号)；1.3政府采购进口产品管理政策(财库[2007]119 号、财库[2008]248号)；1.4执行《财政部关于在政府采购活动中查询及使用信用记录有关问题的通知》(财库[2016]125号)；1.5执行财政部、国家环保总局联合印发《关于环境标志产品政府采购实施的意见》(财库[2006]90号)；政府采购工程以及与工程建设有关的货物采购，应当按照最新《环境标志产品政府采购清单》执行环境标志产品政府优先采购政策；1.6执行《国务院办公厅关于建立政府强制采购节能产品制度的通知》(国办发[2007]51号)；1.7执行财政部下发《关于开展政府采购信用担保试点工作的通知》(财库[2011]1244号)；1.8依据财政部、工业和信息化部关于印发《政府采购促进中小企业发展管理办法》的通知(财库(2020)46号)；1.9执行财政部、司法部联合发布《关于政府采购支持监狱企业发展有关问题的通知》(财库[2014]68号)；1.10执行财政部、民政部、中国残疾人联合会印发《关于促进残疾人就业政府采购政策的通知》(财库[2017]141号)；1.11执行《关于进一步加大政府采购支持中小企业力度的通知》(财库(2022)19号)；1.12执行《关于推动解决政府采购异常低价问题的通知》(财库〔2026〕2号)。2.本项目不专门面向中小企业，监狱企业、残疾人福利性单位视同小型、微型企业。采购标的对应的中小企业划分标准所属行业：其他未列明行业。3.本项目公告发布媒介：中国政府采购网 四、预算金额：预算金额：93.500000 万元（人民币）,教育培训,2026-09-09 09:00,中国政府采购网,校内竞磋,93.5,table,,,,,,,,,,,
中国社会科学院大学新文科综合楼及宿舍项目洪水影响评价报告编制服务比选公告,其他公告,ZCZB-2026-015,2026年09月03日 19:19,北京市,中国社会科学院大学,北京市房山区良乡高教园区长于大街11号,010-81360229,北京中昌工程咨询有限公司,北京市朝阳区劲松三区甲302号华腾大厦21层,邢先生、李先生 19933602884、17200368230,邢先生、李先生,19933602884、17200368230,比选公告.docx,"[{""attach_name"": ""比选公告.docx"", ""attach_url"": ""https://download.ccgp.gov.cn/oss/download?uuid=C3C3A9DB81C5D2F9A2C5B24B34759B""}]",https://www.ccgp.gov.cn/cggg/zygg/qtgg/202609/t20260903_27263143.htm,2026-09-10 10:11:49,北京中昌工程咨询有限公司受中国社会科学院大学 委托，根据《中华人民共和国政府采购法》等有关规定，现对中国社会科学院大学新文科综合楼及宿舍项目洪水影响评价报告编制服务进行其他招标，欢迎合格的供应商前来投标。 项目名称：中国社会科学院大学新文科综合楼及宿舍项目洪水影响评价报告编制服务项目编号：ZCZB-2026-015项目联系方式：项目联系人：邢先生、李先生项目联系电话：19933602884、17200368230 采购单位联系方式：采购单位：中国社会科学院大学采购单位地址：北京市房山区良乡高教园区长于大街11号采购单位联系方式：010-81360229 代理机构联系方式：代理机构：北京中昌工程咨询有限公司代理机构联系人：邢先生、李先生 19933602884、17200368230代理机构地址： 北京市朝阳区劲松三区甲302号华腾大厦21层 一、采购项目内容一、项目基本情况1.项目编号/包号：ZCZB-2026-015/012.项目名称：中国社会科学院大学新文科综合楼及宿舍项目洪水影响评价报告编制服务3.采购方式：公开比选4.项目预算金额：36.04万元；项目最高限价（如有）：36.04万元5.采购需求： 包号 标的名称 采购包预算金额 （万元） 数量 简要技术需求或服务要求 01 中国社会科学院大学新文科综合楼及宿舍项目洪水影响评价报告编制服务 36.04 1 项目需求：1.编制依据与合规性要求。参选人须严格依据《中华人民共和国防洪法》、《洪水影响评价技术导则》（SL/T 808-2025）及《关于加强蓄滞洪区内非防洪建设项目洪水影响评价管理的意见》（水防〔2024〕300号）等现行法律法规与技术标准开展评价工作。报告编制必须确保本项目与所在区域防洪规划、洪水调度安排、防御洪水方案及蓄滞洪区运用预案的绝对符合性。2.核心评价内容与技术论证。参选人需针对本项目在蓄滞洪区内的特殊属性，重点完成以下技术论证：蓄滞洪功能影响分析：量化评估项目建设对蓄滞洪区容积、行洪通道及蓄滞洪功能的占用与影响，并提出科学合理的补偿措施或工程补救方案，确保不降低区域整体防洪排涝能力。洪水对项目自身的影响分析：全面评估不同频率洪水及蓄滞洪区运用工况下，洪水对项目自身的淹没风险、冲刷破坏及失稳风险。3.政策红线排查与风险规避。参选人须在方案论证阶段，严格对照《意见》（水防〔2024〕300号）中关于“依法不予许可”的情形进行排查。重点论证本项目选址、建筑布局是否触碰政策红线（如是否妨碍行洪通道、是否违规设置封闭式建筑物等）。若发现设计方案存在重大防洪安全隐患或政策冲突，参选人有义务及时向采购人提出设计优化或调整建议。4.审批申报与全过程技术服务。参选人须准确研判本项目的审批权限，负责将《洪水影响评价报告》及相关支撑材料报送至具有管辖权的水行政主管部门或流域管理机构（如北京市水务局或海河水利委员会）。参选人须全程负责技术审查的沟通与汇报工作。针对专家评审会及审批部门提出的修改意见，参选人须无条件、及时地进行补充论证和报告修改完善，直至本项目顺利取得水行政主管部门出具的《洪水影响评价行政许可决定书》（或批复文件）。5.成果交付标准。参选人最终交付的成果应包括：《洪水影响评价报告》（报批稿）纸质版（份数按审批部门要求提供）及电子版，以及水行政主管部门出具的正式行政许可批复文件。具体详见第四章服务需求。 6.合同履行期限：合同签订后20个工作日内完成初稿，提交送审稿后原则上20个工作日取得批复为止。7.本项目是否接受联合体： □是  ■否。二、参选人的资格要求（须同时满足）1.满足《中华人民共和国政府采购法》第二十二条规定；2.落实政府采购政策需满足的资格要求：2.1  中小企业政策■本项目不专门面向中小企业预留采购份额。□本项目专门面向   □中小   □小微企业   采购。即：提供的货物全部由符合政策要求的中小/小微企业制造、服务全部由符合政策要求的中小/小微企业承接。□本项目预留部分采购项目预算专门面向中小企业采购。对于预留份额，提供的货物由符合政策要求的中小企业制造、服务由符合政策要求的中小企业承接。预留份额通过以下措施进行：      /      。3.本项目特定的资格要求：3.1 本项目是否属于政府购买服务：■否□是，公益一类事业单位、使用事业编制且由财政拨款保障的群团组织，不得作为承接主体；3.2其他特定资格要求：1.参选人应拥有有效的营业执照、组织机构代码证、税务登记证（或三证合一），遵守国家法律法规，具有良好信誉，具有履行合同的能力和良好履行合同的记录。具有健全的财务会计制度，资金财务状况良好，能够开具可在国家税务总局网站查询的正规发票；没有处于被责令停业，投标资格被取消，财产被接管、冻结，破产状态。2.参选人参加政府采购活动前三年内未被列入“信用中国”网站(www.creditchina.gov.cn)失信被执行人、重大税收违法失信主体、政府采购严重违法失信行为记录名单和“中国政府采购”网站（www.ccgp.gov.cn）政府采购严重违法失信行为记录名单（以递交投标文件截止当日查询结果为准）。3.单位负责人为同一人或者存在直接控股、管理关系的不同参选人，不得同时参加相同项目包的采购活动，否则均按无效标处理。4.为本采购项目提供整体设计、规范编制或者项目管理、监理、检测等服务的参选人，不得再参加本采购项目的其他采购活动。三、获取采购文件1.时间：2026年9月4日至2026年9月7日，每天上午9：00至12：00，下午13：00至17：00（北京时间，法定节假日除外）。2.地点：通过电子邮箱方式获取3.方式：参选人采用电子邮箱递交方式获取本项目比选文件：请将报名文件（营业执照副本+法定代表人资格证明文件+法定代表人身份证扫描件+法定代表人授权书+经办人身份证扫描件）的原件彩色扫描为一个完整的单面PDF文件（请确保文件清晰）发送BJzhongchang1997@163.com邮箱，邮件主题：项目名称（可简写）+单位名称+报名资料，开标时参选人携带加盖公章（逐页加盖公章）的报名资料交至比选代理机构，电话告知比选代理工作人员进行查验，查验无误并交纳报名费后按程序发放比选文件。 4.售价：人民币500元/份（银行汇款或转账（公对公），收款账户信息：单位名称：北京中昌工程咨询有限公司；营业执照号91110105633731727Q；账号：110061485018010013025；开户行：交通银行北京广渠路支行；行号：301100000849；电话：010-67169793-825），比选文件售后不退。四、参选文件提交截止时间：2026年9月 9 日9点00分（北京时间）。地点：北京市朝阳区劲松三区甲302号华腾大厦21层会议室，现场递交。五、开启时间：2026年9月 9 日9点00分（北京时间）。地点：北京市朝阳区劲松三区甲302号华腾大厦21层会议室。六、公告期限自本公告发布之日起3个工作日。 二、开标时间：2026年09月09日 09:00 三、其它补充事宜1.本项目需要落实的政府采购政策：1.1环境标志产品政府采购政策(财库(2019)9号、财库(2019)18号)；1.2节能产品政府采购政策(财库(2019)9号、财库(2019)19号)；1.3政府采购进口产品管理政策(财库[2007]119 号、财库[2008]248号)；1.4执行《财政部关于在政府采购活动中查询及使用信用记录有关问题的通知》(财库[2016]125号)；1.5执行财政部、国家环保总局联合印发《关于环境标志产品政府采购实施的意见》(财库[2006]90号)；政府采购工程以及与工程建设有关的货物采购，应当按照最新《环境标志产品政府采购清单》执行环境标志产品政府优先采购政策；1.6执行《国务院办公厅关于建立政府强制采购节能产品制度的通知》(国办发[2007]51号)；1.7执行财政部下发《关于开展政府采购信用担保试点工作的通知》(财库[2011]1244号)；1.8依据财政部、工业和信息化部关于印发《政府采购促进中小企业发展管理办法》的通知(财库(2020)46号)；1.9执行财政部、司法部联合发布《关于政府采购支持监狱企业发展有关问题的通知》(财库[2014]68号)；1.10执行财政部、民政部、中国残疾人联合会印发《关于促进残疾人就业政府采购政策的通知》(财库[2017]141号)；1.11执行《关于进一步加大政府采购支持中小企业力度的通知》(财库(2022)19号)；1.12执行《关于推动解决政府采购异常低价问题的通知》(财库〔2026〕2号)。2.本项目不专门面向中小企业，监狱企业、残疾人福利性单位视同小型、微型企业。采购标的对应的中小企业划分标准所属行业：其他未列明行业。3.本项目公告发布媒介：中国政府采购网 四、预算金额：预算金额：36.040000 万元（人民币）,教育培训,2026-09-09 09:00,中国政府采购网,公开比选,36.04,table,,,,,,,,,,,
阿里地区消防救援支队训练基地生活设施第二批采购项目比选公告,其他公告,XZCG-YDCS-20260901,2026年09月03日 19:13,西藏自治区,阿里地区消防救援支队,西藏自治区阿里地区噶尔县滨河南路4号,0897-2916521,西藏云达工程管理有限公司,西藏自治区阿里地区噶尔县狮泉河镇象雄路安康公园一排2号,程女士,程女士,15324557410,阿里地区消防救援支队训练基地生活设施第二批采购项目比选文件.pdf,"[{""attach_name"": ""阿里地区消防救援支队训练基地生活设施第二批采购项目比选文件.pdf"", ""attach_url"": ""https://download.ccgp.gov.cn/oss/download?uuid=DA5E09B1D9F1CBDFE8B61B7BD9DC01""}]",https://www.ccgp.gov.cn/cggg/zygg/qtgg/202609/t20260903_27263126.htm,2026-09-10 10:11:49,西藏云达工程管理有限公司受阿里地区消防救援支队 委托，根据《中华人民共和国政府采购法》等有关规定，现对阿里地区消防救援支队训练基地生活设施第二批采购项目进行其他招标，欢迎合格的供应商前来投标。 项目名称：阿里地区消防救援支队训练基地生活设施第二批采购项目项目编号：XZCG-YDCS-20260901项目联系方式：项目联系人：程女士项目联系电话：15324557410 采购单位联系方式：采购单位：阿里地区消防救援支队采购单位地址：西藏自治区阿里地区噶尔县滨河南路4号采购单位联系方式：0897-2916521 代理机构联系方式：代理机构：西藏云达工程管理有限公司代理机构联系人：程女士代理机构地址： 西藏自治区阿里地区噶尔县狮泉河镇象雄路安康公园一排2号 一、采购项目内容阿里地区消防救援支队训练基地生活设施第二批采购项目  比选公告   阿里地区消防救援支队训练基地生活设施第二批采购 项目的潜在供应商应按照本文件相关要求编制比选响应文件，并于 2026 年 9 月 7 日 16 点30      分（北京时间）前递交响应文件至 西藏自治区阿里地区噶尔县狮泉河镇象雄路安康公园一排2号（地点）。一、项目基本情况项目编号： XZCG-YDCS-20260901     项目名称：  阿里地区消防救援支队训练基地生活设施第二批采购项目     预算金额：  340000.00 元人民币最高限价：  338140.00 元人民币采购需求：阿里地区消防救援支队训练基地生活设施第二批采购(详见采购需求）合同履行期限： 合同签订后45个日历天内。履约地点：采购人指定地点。本项目是否接受联合体：£ 是    R 否 供应商的资格要求1.满足《中华人民共和国政府采购法》第二十二条规定；（一）具有独立承担民事责任的能力；（二）具有良好的商业信誉和健全的财务会计制度；(应提供经审计的近三年（2023、2024、2025年度）任意一年的财务审计报告复印件，成立不足一年的提供成立至今的财务报表或其单位开户银行出具的资信证明或财务会计制度证明资料或承诺函)（三）具有履行合同所必需的设备和专业技术能力；（四）有依法缴纳税收和社会保障资金的良好记录；(提供参加本次政府采购活动2026年至今任意三个月的纳税入账票据凭证或其单位开户银行出具的无欠税证明和2026年至今任意三个月的社保证明文件（须加盖本单位公章）。）（五）参加政府采购活动前三年内，在经营活动中没有重大违法记录；（六）法律、行政法规规定的其他条件。2.落实政府采购政策需满足的资格要求：2.1执行《中华人民共和国政府采购法》、《中华人民共和国政府采购法实施条例》等有关法律、法规和和政策；2.2执行《政府采购促进中小企业发展管理办法》、《关于政府采购支持监狱企业发展有关问题的通知》和《关于促进残疾人就业政府采购政策的通知》，本项目涉及小微企业、监狱企业和残疾人福利性单位；2.3依据节能产品政府采购品目清单、环境标志产品政府采购品目清单和认证证书实施政府优先采购和强制采购（注：所采购的货物在采购期间内属于有效的“节能产品政府采购品目清单”、“环境标志产品政府采购品目清单”范围）（如涉及）； 2.4执行关于印发《商品包装政府采购需求标准（试行）》、 《快递包装政府采购需求标准（试行）》的通知（财办库〔2020〕123号）（如涉及）。2.5政府采购对本国产品的支持政策：本项目执行《国务院办公厅关于在政府采购中实施本国产品标准及相关政策的通知》（国办发〔2025〕34号）的规定。3.供应商诚信要求根据《关于在政府采购活动中查询及使用信用记录有关问题的通知》(财库[2016]125号)的规定，投标企业必须提供在“国家企业信用信息公示系统”网站（www.gsxt.gov.cn）、“信用中国”网站（www.creditchina.gov.cn）、“中国政府采购网”（www.ccgp.gov.cn）等渠道查询相关主体信用记录，查询投标人无违法记录并截图加盖投标单位公章，在以上三大网站任何一个网站出现对列入失信被执行人、重大税收违法案件当事人名单、出现过行政处罚记录、政府采购严重违法失信行为记录名单的供应商和投标人，采购人、采购代理机构有权拒绝其参与本项目采购活动； 三、报名及获取比选文件报名时间：2026年9月4日至 2026年9月6日，上午10点00分至13点00分，下午16点00分至18点30分（北京时间）；（提供期限自本公告发布之日起不得少于3日）。报名地点：西藏自治区阿里地区噶尔县狮泉河镇象雄路安康公园一排2号比选文件获取方式：线上获取四、提交响应文件截止时间、比选时间和地点  2026  年  9  月  7 日  16  点   30  分（北京时间）地点：    西藏自治区阿里地区噶尔县狮泉河镇象雄路安康公园一排2号  五、公告期限自本公告发布之日起3日。六、比选程序1.参与本项目的潜在供应商，在提交响应文件截止时间前按要求装订相关资料，由法定代表人或其授权委托人携带资料至指定地点，登记公司名称、联系人、联系方式递交时间等信息。2.由本单位组建评审小组，按照比选文件相关要求对所提供资料进行集中评审。3.按照集中评审结果，选定成交供应商。七、对本次比选提出询问，请按以下方式联系：1.采购人信息名 称：  阿里地区消防救援支队                      地 址：   西藏自治区阿里地区噶尔县滨河南路4号     联系方式：  0897-2916521     2.采购代理机构信息名 称：西藏云达工程管理有限公司                                                              地 址： 西藏自治区阿里地区噶尔县狮泉河镇象雄路安康公园一排2号 项目联系人：   程女士     电  话：   15324557410     电子函件：                                                                  / 二、开标时间：2026年09月07日 16:30 三、其它补充事宜/ 四、预算金额：预算金额：34.000000 万元（人民币）,公共安全,2026-09-07 16:30,中国政府采购网,,34.0,table,,,,,,,,,,,
SOFC连接体防护涂层加工采购项目采购公告,其他公告,THTC-HR-RLDC2026033,2026年09月03日 19:10,北京市,zycgr22011902,/,冯老师010-57305132,天恒招标有限公司,北京市东城区东四十条甲22号南新仓商务大厦B座922,刘清帅、王雪梅、陈洁、徐梓瑶、刘戈010-53393728、17710390275,刘清帅、王雪梅、陈洁、徐梓瑶,010-53393728、17710390275,采购文件获取登记表.xls,"[{""attach_name"": ""采购文件获取登记表.xls"", ""attach_url"": ""https://download.ccgp.gov.cn/oss/download?uuid=B5CCF9D3C611816035D93FBB152D2F""}]",https://www.ccgp.gov.cn/cggg/zygg/qtgg/202609/t20260903_27263109.htm,2026-09-10 10:11:50,天恒招标有限公司受zycgr22011902 委托，根据《中华人民共和国政府采购法》等有关规定，现对SOFC连接体防护涂层加工采购项目进行其他招标，欢迎合格的供应商前来投标。 项目名称：SOFC连接体防护涂层加工采购项目项目编号：THTC-HR-RLDC2026033项目联系方式：项目联系人：刘清帅、王雪梅、陈洁、徐梓瑶、刘戈项目联系电话：010-53393728、17710390275 采购单位联系方式：采购单位：zycgr22011902采购单位地址：/采购单位联系方式：冯老师010-57305132 代理机构联系方式：代理机构：天恒招标有限公司代理机构联系人：刘清帅、王雪梅、陈洁、徐梓瑶、刘戈010-53393728、17710390275代理机构地址： 北京市东城区东四十条甲22号南新仓商务大厦B座922 一、采购项目内容一、项目基本情况1.项目编号：THTC-HR-RLDC20260332.项目名称：SOFC连接体防护涂层加工采购项目3.采购方式：便捷磋商4.项目预算金额： 30.00 万元（人民币）。5.项目最高限价：  / 万元（人民币）。6.采购需求： 序号 标的名称 采购标的预算金额（万元） 数量 简要技术需求或服务要求 交货/服务地点 01 SOFC连接体防护涂层加工 30.00 1项 SOFC连接体防护涂层加工，将完成SOFC连接体阴极侧Mn1.5Co1.5O4涂层和阳极侧Ni涂层的喷涂加工服务。具体详见第四章采购需求。 甲方指定地点  7.合同履行期限：合同签订后6个月内完成加工。8.本项目不接受联合体投标。二、申请人的资格要求1.满足《中华人民共和国政府采购法》第二十二条规定；2.落实政府采购政策需满足的资格要求：不适用。3.本项目的特定资格要求：（1）通过“信用中国”网站（www.creditchina.gov.cn）和中国政府采购网（www.ccgp.gov.cn）查询信用记录（截止时点为投标截止时间），对近三年内列入失信被执行人、重大税收违法案件当事人、政府采购严重违法失信行为记录名单的供应商，没有资格参加本项目的采购活动；（2）单位负责人为同一人或者存在直接控股、管理关系的不同供应商，不得参加同一合同项下的政府采购活动。 三、获取采购文件1.时间： 2026 年09月03日至 2026 年09月11日，每天上午 9:00 至 12:00 ，下午13:00 至 17:00 （北京时间，法定节假日除外）。2.地点：天恒招标有限公司业务部 (北京市东城区东四十条甲22号南新仓商务大厦B座922)。3.方式：本项目报名采取电子邮件方式报名。有意向的供应商携带下列有效文件购买便捷磋商文件：如为法定代表人报名请提供法定代表人身份证明文件原件及身份证复印件并加盖公章；如为被授权人报名须提供法定代表人授权委托书原件、被授权人身份证复印件并加盖公章。请将上述文件扫描件、标书费汇款底单、采购文件获取登记表（可编辑版）发送至ywb09@thtc.com.cn。便捷磋商文件售后不退。4.售价：500元。四、响应文件提交截止时间： 2026 年09月18日 09 时 30 分（北京时间）。地    点：北京市东城区东四十条甲22号南新仓商务大厦B座922。五、开启截止时间： 2026 年09月18日 09 时 30 分（北京时间）。地    点：北京市东城区东四十条甲22号南新仓商务大厦B座922。六、公告期限自本公告发布之日起3个工作日。 二、开标时间：2026年09月18日 09:30 三、其它补充事宜1.发布公告的媒介：中国政府采购网。2.磋商保证金、标书款收受人信息户名：天恒招标有限公司开户行：兴业银行北京西城支行标书款、保证金付款账号：3216801001000501763.响应文件的递交3.1本次采购不接受现场递交响应文件，仅通过邮寄、快递等非现场递交方式接收响应文件。3.2采用非现场方式递交的供应商应在磋商文件规定的密封包装外增加较坚固的纸箱外包装，以保证邮寄、快递过程中密封的完整；供应商应做好充分的准备工作及物流状态跟踪，确保响应文件在首次应答截止时间前被代理机构接收，同时承担在邮寄过程中因丢件、派送超时、寄件地址错误等情况导致响应文件未在规定时间内被代理机构接收的风险。代理机构将拒收在首次应答截止时间后送达的响应文件。快递、邮寄费用由供应商自行承担。3.3快递（响应文件）接收时间为：2026年09月03日09：00—2026年09月18日09：30（北京时间）。  3.4快递（响应文件）接收截止时间为：2026年09月18日09：30（北京时间）。3.5快递（响应文件）接收指定地点：北京市东城区东四十条甲22号南新仓商务大厦B座922。3.6快递（响应文件）接收人及联系方式：同项目联系人。3.7首次应答截止时间：2026年09月18日09：30。首次响应文件递交（提交）的截止时间同首次应答截止时间。3.8未按磋商公告规定的时间和方式获取磋商文件的应答，采购人将不予受理。4.磋商会议4.1本次磋商会议通过企业微信线上平台开展，供应商无需到场。请供应商提前下载软件并了解使用方法，确保线上参会影音设备稳定、连贯、有效（包括但不限于语音功能正常的手机、电脑、平板等电子设备，为保证观看效果，建议使用电脑客户端）。4.2每个供应商仅允许1名供应商代表参加磋商会议，请各供应商代表于首次递交截止时间前添加我公司工作人员企业微信号（名片后附）（注：此企业微信号对关于磋商程序之外的其他问题不予回答）。 四、预算金额：预算金额：30.000000 万元（人民币）,其他,2026-09-18 09:30,中国政府采购网,便捷磋商,30.0,table,,,,,,,,,,,
金属板CDS采购项目采购公告,其他公告,THTC-HR-RLDC2026034,2026年09月03日 19:10,北京市,zycgr22011902,/,冯老师010-57305132,天恒招标有限公司,北京市东城区东四十条甲22号南新仓商务大厦B座922,刘清帅、王雪梅、陈洁、徐梓瑶、刘戈010-53393728、17710390275,刘清帅、王雪梅、陈洁、徐梓瑶,010-53393728、17710390275,采购文件获取登记表.xls,"[{""attach_name"": ""采购文件获取登记表.xls"", ""attach_url"": ""https://download.ccgp.gov.cn/oss/download?uuid=0E53B947FC2A1D2019632B0B82E430""}]",https://www.ccgp.gov.cn/cggg/zygg/qtgg/202609/t20260903_27263111.htm,2026-09-10 10:11:51,天恒招标有限公司受zycgr22011902 委托，根据《中华人民共和国政府采购法》等有关规定，现对金属板CDS采购项目进行其他招标，欢迎合格的供应商前来投标。 项目名称：金属板CDS采购项目项目编号：THTC-HR-RLDC2026034项目联系方式：项目联系人：刘清帅、王雪梅、陈洁、徐梓瑶、刘戈项目联系电话：010-53393728、17710390275 采购单位联系方式：采购单位：zycgr22011902采购单位地址：/采购单位联系方式：冯老师010-57305132 代理机构联系方式：代理机构：天恒招标有限公司代理机构联系人：刘清帅、王雪梅、陈洁、徐梓瑶、刘戈010-53393728、17710390275代理机构地址： 北京市东城区东四十条甲22号南新仓商务大厦B座922 一、采购项目内容一、项目基本情况1.项目编号：THTC-HR-RLDC20260342.项目名称：金属板CDS采购项目3.采购方式：便捷磋商4.项目预算金额： 48.00 万元（人民币）。5.项目最高限价：  / 万元（人民币）。6.采购需求： 序号 标的名称 采购标的预算金额（万元） 数量 简要技术需求或服务要求 交货/服务地点 01 金属板CDS 48.00 1项 工作范围包括设备和材料的设计、制造、试验、供货、安装、培训、工艺调试，及其它现场技术服务。配合采购方进行实验平台设计所需的相关工作。具体详见第四章采购需求。 甲方指定地点。  7.合同履行期限： 签订后3个月内完成。8.本项目不接受联合体投标。二、申请人的资格要求1.满足《中华人民共和国政府采购法》第二十二条规定；2.落实政府采购政策需满足的资格要求：不适用。3.本项目的特定资格要求：（1）通过“信用中国”网站（www.creditchina.gov.cn）和中国政府采购网（www.ccgp.gov.cn）查询信用记录（截止时点为投标截止时间），对近三年内列入失信被执行人、重大税收违法案件当事人、政府采购严重违法失信行为记录名单的供应商，没有资格参加本项目的采购活动；（2）单位负责人为同一人或者存在直接控股、管理关系的不同供应商，不得参加同一合同项下的政府采购活动。 三、获取采购文件1.时间： 2026 年09月03日至 2026 年09月11日，每天上午 9:00 至 12:00 ，下午13:00 至 17:00 （北京时间，法定节假日除外）。2.地点：天恒招标有限公司业务部 (北京市东城区东四十条甲22号南新仓商务大厦B座922)。3.方式：本项目报名采取电子邮件方式报名。有意向的供应商携带下列有效文件购买便捷磋商文件：如为法定代表人报名请提供法定代表人身份证明文件原件及身份证复印件并加盖公章；如为被授权人报名须提供法定代表人授权委托书原件、被授权人身份证复印件并加盖公章。请将上述文件扫描件、标书费汇款底单、采购文件获取登记表（可编辑版）发送至ywb09@thtc.com.cn。便捷磋商文件售后不退。4.售价：500元。四、响应文件提交截止时间： 2026 年09月18日 09 时 30 分（北京时间）。地    点：北京市东城区东四十条甲22号南新仓商务大厦B座922。五、开启截止时间： 2026 年09月18日 09 时 30 分（北京时间）。地    点：北京市东城区东四十条甲22号南新仓商务大厦B座922。六、公告期限自本公告发布之日起3个工作日。 二、开标时间：2026年09月18日 09:30 三、其它补充事宜1.发布公告的媒介：中国政府采购网。2.磋商保证金、标书款收受人信息户名：天恒招标有限公司开户行：兴业银行北京西城支行标书款、保证金付款账号：3216801001000501763.响应文件的递交3.1本次采购不接受现场递交响应文件，仅通过邮寄、快递等非现场递交方式接收响应文件。3.2采用非现场方式递交的供应商应在磋商文件规定的密封包装外增加较坚固的纸箱外包装，以保证邮寄、快递过程中密封的完整；供应商应做好充分的准备工作及物流状态跟踪，确保响应文件在首次应答截止时间前被代理机构接收，同时承担在邮寄过程中因丢件、派送超时、寄件地址错误等情况导致响应文件未在规定时间内被代理机构接收的风险。代理机构将拒收在首次应答截止时间后送达的响应文件。快递、邮寄费用由供应商自行承担。3.3快递（响应文件）接收时间为：2026年09月03日09：00—2026年09月18日09：30（北京时间）。  3.4快递（响应文件）接收截止时间为：2026年09月18日09：30（北京时间）。3.5快递（响应文件）接收指定地点：北京市东城区东四十条甲22号南新仓商务大厦B座922。3.6快递（响应文件）接收人及联系方式：同项目联系人。3.7首次应答截止时间：2026年09月18日09：30。首次响应文件递交（提交）的截止时间同首次应答截止时间。3.8未按磋商公告规定的时间和方式获取磋商文件的应答，采购人将不予受理。4.磋商会议4.1本次磋商会议通过企业微信线上平台开展，供应商无需到场。请供应商提前下载软件并了解使用方法，确保线上参会影音设备稳定、连贯、有效（包括但不限于语音功能正常的手机、电脑、平板等电子设备，为保证观看效果，建议使用电脑客户端）。4.2每个供应商仅允许1名供应商代表参加磋商会议，请各供应商代表于首次递交截止时间前添加我公司工作人员企业微信号（名片后附）（注：此企业微信号对关于磋商程序之外的其他问题不予回答）。 四、预算金额：预算金额：48.000000 万元（人民币）,教育培训,2026-09-18 09:30,中国政府采购网,便捷磋商,48.0,table,,,,,,,,,,,
中华人民共和国西藏出入境边防检查总站山南边境管理支队机关日常维修项目成交公告,其他公告,GZFCG-XZLF-20260803,2026年09月03日 18:59,山南地区,山南边境管理支队,西藏自治区山南市三湘大道,曹警官 0893-7968021,西藏立帆工程项目管理有限公司,山南市雅达幸福家园小区21栋1单元 702,张先生 13618977076,张先生,13618977076,"中小企业声明函.png,磋商-西藏出入境边防检查总站山南边境管理支队机关日常维修项目.pdf","[{""attach_name"": ""中小企业声明函.png"", ""attach_url"": ""https://download.ccgp.gov.cn/oss/download?uuid=26CA13F2374F60318F06134B02D88E""}, {""attach_name"": ""磋商-西藏出入境边防检查总站山南边境管理支队机关日常维修项目.pdf"", ""attach_url"": ""https://download.ccgp.gov.cn/oss/download?uuid=B7125B600D203F887421D5050EC614""}]",https://www.ccgp.gov.cn/cggg/zygg/qtgg/202609/t20260903_27263041.htm,2026-09-10 10:11:51,西藏立帆工程项目管理有限公司受山南边境管理支队 委托，根据《中华人民共和国政府采购法》等有关规定，现对中华人民共和国西藏出入境边防检查总站山南边境管理支队机关日常维修项目进行其他招标，欢迎合格的供应商前来投标。 项目名称：中华人民共和国西藏出入境边防检查总站山南边境管理支队机关日常维修项目项目编号：GZFCG-XZLF-20260803项目联系方式：项目联系人：张先生项目联系电话：13618977076 采购单位联系方式：采购单位：山南边境管理支队采购单位地址：西藏自治区山南市三湘大道采购单位联系方式：曹警官 0893-7968021 代理机构联系方式：代理机构：西藏立帆工程项目管理有限公司代理机构联系人：张先生 13618977076代理机构地址： 山南市雅达幸福家园小区21栋1单元 702 一、采购项目内容一、项目编号：GZFCG-XZLF-20260803二、项目名称：中华人民共和国西藏出入境边防检查总站山南边境管理支队机关日常维修项目三、中标（成交）信息供应商名称：山南市宏达建筑有限责任公司供应商地址：西藏自治区山南市乃东区鲁琼专业市场B2-2-02中标（成交）折扣率：96.53%四、主要标的信息 序号 供应商名称 服务名称 服务范围 服务要求 服务时间 服务标准 1 山南市宏达建筑有限责任公司 中华人民共和国西藏出入境边防检查总站山南边境管理支队机关日常维修项目 针对指挥中心和老支队营区、公寓楼及水、电、管道、设施设备故障排除及零部件的维修更换、修补防水、门窗维修，更换灯具等零星维修 1.乙方应指定专人作为该项目联系人，建立及时有效的沟通渠道，在服务期间能够保持沟通顺畅，反馈问题和意见；紧急维修（如水电中断、消防设施故障）乙方须在接到甲方通知后 2 小时内到场，4 小时内修复；一般维修须在 24 小时内到场，3 日内修复。逾期不到场的，每逾期 1 小时按该维修项目费用的 5% 支付违约金；逾期超过 24 小时，甲方有权委托第三方维修，费用由乙方承担（从应付账款中直接扣除）。（乙方联系人：  联系方式：     ） 2.严格按照合同及响应文件约定，履行服务义务，确保售服务质量。 3.建立服务监督机制，定期对服务进行评估改进，确保售后服务的持续提升。                        4.所有维修项目（含配件、人工）质保期自验收合格之日起不少于 1 年，其中水电管道、消防设施等关键部位质保期为 2 年。质保期内出现质量问题，乙方须免费返修并承担因此导致的甲方损失；同一问题返修 2 次仍不合格的，甲方有权扣除该项目费用的 50% 作为补偿。 自合同签订之日起一年。  年  月  日至  年  月  日。甲方依据《考核评分表》每月对履约及维修情况进行评价。评分未达到70分视为本月服务不合格，累计三次考核不合格，视为年度考核不合格，甲方有权解除合同，由乙方承担违约和赔偿责任。 乙方为执行本项目提供的所有货物质保期应符合国家“三包政策” 五、评审专家（单一来源采购人员）名单：闫洪委（采购人代表）、潘万乾、何龙六、代理服务收费标准及金额：本项目代理费收费标准：按照国家和自治区的有关规定及与甲方约定的标准，代理服务费按成交金额的1.5%收取本项目代理费总金额：5357.4元（人民币）七、公告期限自本公告发布之日起1个工作日。八、凡对本次公告内容提出询问，请按以下方式联系。1.采购人信息名 称：山南边境管理支队 地址：西藏自治区山南市三湘大道 联系方式：曹警官 0893-7968021 2.采购代理机构信息名 称：西藏立帆工程项目管理有限公司 地 址：山南市雅达幸福家园小区21栋1单元 702 联系方式：张先生 13618977076 3.项目联系方式项目联系人：张先生 二、开标时间：2026年09月02日 10:00 三、其它补充事宜1、本公告在《中国政府采购网》上发布。2、本项目成交供应商名称：山南市宏达建筑有限责任公司，综合得分：84.67分。 四、预算金额：预算金额：37.000000 万元（人民币）,工程建设,,中国政府采购网,,37.0,table,,,,,,,,,,,
中华人民共和国三峡机场出入境边防检查站2026年数字安全服务器设备购置项目拟采用单一来源采购公示,其他公告,,2026年09月03日 18:51,宜昌市,中华人民共和国三峡机场出入境边防检查站,湖北省宜昌市西陵区发展大道89号,祁警官/13228151553,湖北胜捷工程咨询有限责任公司,宜昌市发展大道16号金德瑞国际酒店22楼,尹镭/0717-6253135-8004,祁警官,13228151553,单一来源采购论证资料.zip,"[{""attach_name"": ""单一来源采购论证资料.zip"", ""attach_url"": ""https://download.ccgp.gov.cn/oss/download?uuid=E3DE372AE98713946FD36EDD6FE5B7""}]",https://www.ccgp.gov.cn/cggg/zygg/qtgg/202609/t20260903_27262893.htm,2026-09-10 10:11:52,湖北胜捷工程咨询有限责任公司受中华人民共和国三峡机场出入境边防检查站 委托，根据《中华人民共和国政府采购法》等有关规定，现对中华人民共和国三峡机场出入境边防检查站2026年数字安全服务器设备购置项目进行其他招标，欢迎合格的供应商前来投标。 项目名称：中华人民共和国三峡机场出入境边防检查站2026年数字安全服务器设备购置项目项目编号：湖胜宜招2026-145项目联系方式：项目联系人：祁警官项目联系电话：13228151553 采购单位联系方式：采购单位：中华人民共和国三峡机场出入境边防检查站采购单位地址：湖北省宜昌市西陵区发展大道89号采购单位联系方式：祁警官/13228151553 代理机构联系方式：代理机构：湖北胜捷工程咨询有限责任公司代理机构联系人：尹镭/0717-6253135-8004代理机构地址： 宜昌市发展大道16号金德瑞国际酒店22楼 一、采购项目内容为切实保障智能通关模式的高效顺畅，中华人民共和国三峡机场出入境边防检查站拟采购1套电子机读旅行证件数字安全系统，用于更新现有设备。 二、开标时间：2026年09月18日 09:00 三、其它补充事宜1.采用单一来源采购方式的原因及说明：我国签发的电子机读旅行证件基于我国特有密钥加密制作，目前边检机关对芯片内容的读写依赖电子机读旅行证件数字安全系统特定的加解密方法，属于特定领域，目前只能从唯一供应商北京中盾安全科技集团有限公司采购，从系统研发的安全性、延续性考虑，采用单一来源采购。2.公示期限：2026年9月3日至2026年9月10日3.拟定供应商信息：单位名称：北京中盾安全科技集团有限公司单位地址：北京市海淀区首体南路一号 四、预算金额：预算金额：17.500000 万元（人民币）,设备购置,,中国政府采购网,,17.5,table,,,,,,,,,,,
中国社会科学院大学科技考古实验楼项目水土保持方案编制服务校内磋商公告,其他公告,ZSLTC-2026-F186,2026年09月03日 18:50,北京市,中国社会科学院大学,北京市房山区长于大街11号,曲老师、010-81360229,中盛隆国际招标（北京）有限公司,北京市海淀区阜成路58号新洲商务大厦302室,李蕊、孙源滨、曹泽鹏、魏菲、马春娟、赵中阳、刘震、李红梅、李莉、010-88956517-214,李蕊、孙源滨、曹泽鹏、魏菲、马,010-88956517-214,"获取文件记录表.docx,采购需求.docx","[{""attach_name"": ""获取文件记录表.docx"", ""attach_url"": ""https://download.ccgp.gov.cn/oss/download?uuid=54329B39D6E5642688AA693C862109""}, {""attach_name"": ""采购需求.docx"", ""attach_url"": ""https://download.ccgp.gov.cn/oss/download?uuid=406BAD2B9E088D0D97FB39EAB4F82E""}]",https://www.ccgp.gov.cn/cggg/zygg/qtgg/202609/t20260903_27262891.htm,2026-09-10 10:11:53,中盛隆国际招标（北京）有限公司受中国社会科学院大学 委托，根据《中华人民共和国政府采购法》等有关规定，现对中国社会科学院大学科技考古实验楼项目水土保持方案编制服务 进行其他招标，欢迎合格的供应商前来投标。 项目名称：中国社会科学院大学科技考古实验楼项目水土保持方案编制服务 项目编号：ZSLTC-2026-F186项目联系方式：项目联系人：李蕊、孙源滨、曹泽鹏、魏菲、马春娟、赵中阳、刘震、李红梅、李莉项目联系电话：010-88956517-214 采购单位联系方式：采购单位：中国社会科学院大学采购单位地址：北京市房山区长于大街11号采购单位联系方式：曲老师、010-81360229  代理机构联系方式：代理机构：中盛隆国际招标（北京）有限公司代理机构联系人：李蕊、孙源滨、曹泽鹏、魏菲、马春娟、赵中阳、刘震、李红梅、李莉、010-88956517-214代理机构地址： 北京市海淀区阜成路58号新洲商务大厦302室 一、采购项目内容一、项目基本情况1.项目编号：ZSLTC-2026-F186   2.项目名称：中国社会科学院大学科技考古实验楼项目水土保持方案编制服务 3.采购方式：校内磋商4.项目预算金额：62万元、项目最高限价：62万元5.采购需求：中国社会科学院大学科技考古实验楼项目水土保持方案编制服务，具体内容详见第四章 采购需求。6.合同履行期限：合同签订后20个工作日内提交送审稿，提交送审稿后原则上20个工作日取得批复文件为止7.本项目是否接受联合体：□是  ■否。 二、申请人的资格要求（须同时满足）1.满足《中华人民共和国政府采购法》第二十二条规定；2.落实政府采购政策需满足的资格要求：2.1 中小企业政策■本项目不专门面向中小企业预留采购份额。□本项目专门面向  □中小 □小微企业  采购。即：提供的货物全部由符合政策要求的中小/小微企业制造、服务全部由符合政策要求的中小/小微企业承接。□本项目预留部分采购项目预算专门面向中小企业采购。对于预留份额，提供的货物由符合政策要求的中小企业制造、服务由符合政策要求的中小企业承接。预留份额通过以下措施进行： / 。2.2 其它落实政府采购政策的资格要求（如有）：无。3.本项目的特定资格要求：3.1本项目是否属于政府购买服务：■否□是，公益一类事业单位、使用事业编制且由财政拨款保障的群团组织，不得作为承接主体；3.2其他特定资格要求：无4.本项目不接受联合体投标。 三、获取采购文件1.时间：2026年09月03日至2026年09月07日，每天上午9:00至12:00，下午13:00至17:00（北京时间，法定节假日除外）。2.地点：非现场售卖。3.方式：请有意向参与本项目的供应商按照附件（文件获取记录）要求填写相关信息，发至我公司邮箱（maxin@zsltc.com）并电话告知（010-88956517转801），经我公司确认通过后，以邮件方式予以通知，请及时查收邮件。4.售价：500元，售后不退。 四、响应文件提交截止时间：2026年09月09日09点00分（北京时间）。地点：北京市海淀区阜成路58号新洲商务大厦302室。 五、开启时间：2026年09月09日09点00分（北京时间）。地点：北京市海淀区阜成路58号新洲商务大厦302室。 六、公告期限自本公告发布之日起3个工作日。 二、开标时间：2026年09月09日 09:00 三、其它补充事宜本项目需要落实的政府采购政策：节约能源、保护环境、促进中小企业及监狱企业发展、促进残疾人就业、使用信用记录结果、绿色发展、支持本国产品等，具体政府采购政策落实情况详见磋商文件。 四、预算金额：预算金额：62.000000 万元（人民币）,教育培训,2026-09-09 09:00,中国政府采购网,校内磋商,62.0,table,,,,,,,,,,,
哈尔滨工程大学松北校区第二十三、二十四学生公寓组团建设项目—洁具供货及安装评标结果公示,其他公告,FJ0101G260806002001,2026年09月03日 18:35,松北区,哈尔滨工程大学,0451-82519863,杨帆、张庆贺、杜佳媛、王瑞森,宜国发项目管理有限公司,哈尔滨市道里区群力第四大道399号汇智广场中楼401,曲柠、孙悦龙,杨帆、张庆贺、杜佳媛、王瑞森,0451-82519863,,,https://www.ccgp.gov.cn/cggg/zygg/qtgg/202609/t20260903_27262807.htm,2026-09-10 10:11:53,一、项目基本情况 采购项目编号：FJ0101G260806002001 采购项目名称：哈尔滨工程大学松北校区第二十三、二十四学生公寓组团建设项目—洁具供货及安装 二、项目废标/流标的原因 无 三、其他补充事宜 哈尔滨工程大学松北校区第二十三、二十四学生公寓组团建设项目—洁具供货及安装评标结果公示哈尔滨工程大学松北校区第二十三、二十四学生公寓组团建设项目—洁具供货及安装已于2026年9月3日按招标文件规定完成开标评标工作，现对评标结果进行公示。一、项目名称：哈尔滨工程大学松北校区第二十三、二十四学生公寓组团建设项目—洁具供货及安装二、项目编号：FJ0101G260806002001三、招标人：哈尔滨工程大学、哈尔滨建工集团有限责任公司四、代理机构：宜国发项目管理有限公司五、招标方式：公开招标六、评标情况（一）基本信息1.资格审查方式：资格后审2.评标方法：定性评审法（二）资审情况及结果1.按《招标文件》规定的程序对应当受理的10份投标文件进行资格审查，有8份投标文件通过资格审查。2.评标过程按《招标文件》规定的程序对8份投标文件进行初步评审，8份投标文件通过初步评审。（三）合格投标人列表评标委员会根据招标文件规定，一致推荐如下投标人（排名不分先后）：阿波罗（中国）有限公司吉林省海试科技有限公司哈尔滨市易卓家具制造有限公司黑龙江鼎晟合商贸有限公司哈尔滨惠宏德建材有限公司吉林省东承商贸有限公司上海优珏新型装饰材料有限公司浙江海鸥有巢氏整体卫浴有限公司（四）不合格投标人：青岛普集住宅科技有限公司、郑州朗住住工科技有限公司2家投标单位未提供制造商针对本项目出具的授权委托书，其资格审查不通过。依据招标文件“附件三投标文件否决性条款：资格审查不合格的按否决投标处理”规定，上述2家投标单位按否决投标处理。七、联系方式监督部门：哈尔滨市松北区住房和城乡建设局联系方式：0451-58795593招标人：哈尔滨工程大学、哈尔滨建工集团有限责任公司地址：哈尔滨市南岗区南通大街145号、黑龙江省哈尔滨市松北区天元街726 号中关村松北商贸区 A 区二期6#楼联系人：杨帆、张庆贺、杜佳媛、王瑞森联系方式：0451-82519863招标代理机构：宜国发项目管理有限公司地址：哈尔滨市道里区群力第四大道399号汇智广场中楼401邮编：150070招标代理项目负责人：李贵涛联系人：曲柠、孙悦龙联系方式：0451-84215818电子邮箱：Dept1@guofa818.com      日期：2026年9月3日 四、凡对本次公告内容提出询问，请按以下方式联系。 1.采购人信息 名 称：哈尔滨工程大学 地址：0451-82519863 联系方式：杨帆、张庆贺、杜佳媛、王瑞森 2.采购代理机构信息 名 称：宜国发项目管理有限公司 地 址：哈尔滨市道里区群力第四大道399号汇智广场中楼401 联系方式：曲柠、孙悦龙 3.项目联系方式 项目联系人：杨帆、张庆贺、杜佳媛、王瑞森 电 话： 0451-82519863,教育培训,,中国政府采购网,,,default,二、项目废标/流标的原因,,,,,,,,,,
浙江省消防救援总队温州支队2026年度消防车辆采购项目需求调查公告,其他公告,,2026年09月03日 18:00,温州市,温州市消防救援支队,浙江省温州市鹿城区滨江街道会展路119号,温州市消防救援支队   0577-86509906 ？,详见公告正文,详见公告正文,详见公告正文,周先生,0577-86509906,"附件2.采购需求问卷调查表.docx,附件1.采购需求调查表.xls","[{""attach_name"": ""附件2.采购需求问卷调查表.docx"", ""attach_url"": ""https://download.ccgp.gov.cn/oss/download?uuid=C9D0A15A4AAD17613DDCC660B61B0F""}, {""attach_name"": ""附件1.采购需求调查表.xls"", ""attach_url"": ""https://download.ccgp.gov.cn/oss/download?uuid=9DE6C00D5C25919BD97582448482D6""}]",https://www.ccgp.gov.cn/cggg/zygg/qtgg/202609/t20260903_27262451.htm,2026-09-10 10:11:54,根据《中华人民共和国政府采购法》等有关规定，现对浙江省消防救援总队温州支队2026年度消防车辆采购项目进行其他招标，欢迎合格的供应商前来投标。 项目名称：浙江省消防救援总队温州支队2026年度消防车辆采购项目项目编号：项目联系方式：项目联系人：周先生项目联系电话：0577-86509906 采购单位联系方式：采购单位：温州市消防救援支队采购单位地址：浙江省温州市鹿城区滨江街道会展路119号采购单位联系方式：温州市消防救援支队 0577-86509906 ？  一、采购项目内容为加强政府采购需求管理，实现政府采购项目绩效目标，根据《政府采购需求管理办法》《国家综合性消防救援队伍消防装备采购“阳光化”实施暂行办法》有关规定，现对浙江省消防救援总队温州支队2026年度消防车辆采购项目征求技术需求意见。欢迎广大供应（生产）商提供相关产品信息。 （一）项目名称 浙江省消防救援总队温州支队2026年度消防车辆采购项目 （二）需求征求主要内容 包括但不限于产品的主要技术参数，相关检验、认证、公告的情况，预计生产（供货）时间及其售后服务情况，研发、创新情况（产业发展情况），是否唯一供应商，市场占有率等情况（市场供给情况），是否涉及运行维护、升级更新、备品备件、耗材等后续采购，历史成交价格情况等，具体产品内容详见附件1和附件2。 （三）反馈方式 请各供应（生产）商根据产品需求，填写采购需求调查表（附件1）和问卷调查表（附件2），加盖公章后将pdf和word格式电子文档和其它相关材料（产品技术规格书、检测报告、工信部公告等）于2026年9月14日前发送至邮箱（zhou812010750@vip.qq.com）。为便于后期调研信息整理、参考，请各供应（生产）商按照以下要求整理相关反馈信息。各供应（生产）商提供的所有产品信息整理为一个文件夹，文件夹名称以“供应（生产）商名称”命名；供应（生产）商文件夹中反馈的各类装备信息以“XX厂家-XX消防车辆”命名，每种消防装备一个子文件夹。 （四）联系方式 采购单位：温州市消防救援支队 采购单位地址：浙江省温州市鹿城区滨江街道会展路119号 采购单位联系人及联系方式：周先生 0577-86509906 二、开标时间： 三、其它补充事宜本公告为需求调查和征集公告，无开标时间，无预算，不接受投标，项目后续相关采购相关信息将在中国政府采购网（https://www.ccgp.gov.cn/）上发布，如有意向，请及时关注后期公告。 四、预算金额：预算金额：0.000000 万元（人民币）,公共安全,,中国政府采购网,,0.0,table,,,,,,,,,,,
梧州市移动排涝能力提升项目（二期）技术参数征集其他,其他公告,/,2026年09月03日 17:54,长洲区,梧州市消防救援支队,梧州市长洲区西环路上段24号,覃先生，0774-2478250,/,/,/,覃先生,0774-2478250,梧州市移动排涝能力提升项目（二期）设备参数征集明细表(1).xlsx,"[{""attach_name"": ""梧州市移动排涝能力提升项目（二期）设备参数征集明细表(1).xlsx"", ""attach_url"": ""https://download.ccgp.gov.cn/oss/download?uuid=1F930DD64957A907C00ABD52374A38""}]",https://www.ccgp.gov.cn/cggg/zygg/qtgg/202609/t20260903_27262349.htm,2026-09-10 10:11:55,/受梧州市消防救援支队 委托，根据《中华人民共和国政府采购法》等有关规定，现对梧州市移动排涝能力提升项目（二期）技术参数征集进行其他招标，欢迎合格的供应商前来投标。 项目名称：梧州市移动排涝能力提升项目（二期）技术参数征集项目编号：/项目联系方式：项目联系人：覃先生项目联系电话：0774-2478250 采购单位联系方式：采购单位：梧州市消防救援支队采购单位地址：梧州市长洲区西环路上段24号采购单位联系方式：覃先生，0774-2478250 代理机构联系方式：代理机构：/代理机构联系人：/代理机构地址： / 一、采购项目内容   1.本次征集装备及器材技术参数为梧州市消防救援支队参考使用。2.所提供的装备及器材技术参数要符合相关标准要求，有国家标准和行业标准的装备必须满足标准要求。二、征集时间：2026年9月3日－2026年9月10日（请在规定时间内反馈）三、提供资料内容产品相关资料包括公告、检验报告、认证证书、产品说明书、产品宣传册、产品图片等能体现产品性能的证明资料。四、反馈资料和方式：供应商将资料以邮件形式反馈wzsxfzdhqbzk@126.com邮箱。五、提供资料要求：1.以装备及器材品名为每一个品种建立一个文件夹，将本产品相关资料放入该文件夹中。2.以单位全称+联系方式建立一个文件夹，将所有产品文件夹和技术参数意见反馈表（盖章扫描件和excle电子版）放入该文件夹中，建立压缩包发到指定邮箱。3.如有其它与本表格目录内功能类似但名称不一致的装备及器材，也可一并提供（以本表格中的名字命名以便归类）。六、征集结束时间：2026年9月10日（此为参数征集结束之日）七、其它补充事宜1.本公示仅为征集技术参数，不接受报名。本次征集活动仅为征集单位编制消防装备技术参数使用，非资格预审。所有厂家对提交的资料应本着自愿原则，征集单位不给予任何形式的经济、物资补偿或承诺。无论征集单位是否采用技术参数，投递人应保证递交资料的真实性和有效性，不产生因第三方提出侵犯其专利权、商标权或其它知识产权而引起的法律和经济纠纷，否则由投递人承担所有相关责任。因投递资料失实造成不良后果的，征集单位将保留追究相应责任的权利。2.欢迎广大供应商踊跃提供产品信息。3.开标时间为虚拟时间，具体以项目招标公告为准。        4.项目由梧州市市政工程管理处作为业主采购，梧州市消防救援支队提供需求。  二、开标时间： 三、其它补充事宜/ 四、预算金额：预算金额：0.000000 万元（人民币）,公共安全,,中国政府采购网,,0.0,table,,,,,,,,,,,
三门峡市消防救援支队2026年度大载重消防救援无人机系统及灭火药剂采购项目其他,其他公告,,2026年09月03日 17:54,河南省,三门峡市消防救援支队,河南省三门峡市开发区分陕路16号消防救援支队,蔡志刚0398-3119051,详见公告正文,详见公告正文,详见公告正文,赵豪杰,0398-3119051,"三门峡市消防救援支队2026年大载重消防救援无人机系统及灭火药剂采购需求征集公告.docx,附件1：三门峡市消防救援支队2026年大载重消防救援无人机系统及灭火药剂采购需求问卷调查表.doc,附件2：三门峡市消防救援支队2026年大载重消防救援无人机系统及灭火药剂主要功能需求技术参数调查明细表.xlsx","[{""attach_name"": ""三门峡市消防救援支队2026年大载重消防救援无人机系统及灭火药剂采购需求征集公告.docx"", ""attach_url"": ""https://download.ccgp.gov.cn/oss/download?uuid=0765E30E32DD36CC3D58D63DB65C1B""}, {""attach_name"": ""附件1：三门峡市消防救援支队2026年大载重消防救援无人机系统及灭火药剂采购需求问卷调查表.doc"", ""attach_url"": ""https://download.ccgp.gov.cn/oss/download?uuid=F09E311F2ED4703FFC88A9E48A9577""}, {""attach_name"": ""附件2：三门峡市消防救援支队2026年大载重消防救援无人机系统及灭火药剂主要功能需求技术参数调查明细表.xlsx"", ""attach_url"": ""https://download.ccgp.gov.cn/oss/download?uuid=FF913884A7059AE7E5CD698D94964C""}]",https://www.ccgp.gov.cn/cggg/zygg/qtgg/202609/t20260903_27262358.htm,2026-09-10 10:11:55,根据《中华人民共和国政府采购法》等有关规定，现对三门峡市消防救援支队2026年度大载重消防救援无人机系统及灭火药剂采购项目进行其他招标，欢迎合格的供应商前来投标。 项目名称：三门峡市消防救援支队2026年度大载重消防救援无人机系统及灭火药剂采购项目项目编号：项目联系方式：项目联系人：赵豪杰项目联系电话：0398-3119051 采购单位联系方式：采购单位：三门峡市消防救援支队采购单位地址：河南省三门峡市开发区分陕路16号消防救援支队采购单位联系方式：蔡志刚0398-3119051  一、采购项目内容三门峡市消防救援支队2026年大载重消防救援无人机系统及灭火药剂采购项目需求征集公告 为加强政府采购需求管理，规范采购流程，精准实现政府采购项目绩效目标，严格落实《政府采购需求管理办法》《国家综合性消防救援队伍消防装备采购“阳光化”实施暂行办法》等相关工作要求，全面摸清消防车辆装备主流配置、参考价格、技术标准、供货周期及售后保障能力，科学编制需求技术参数，现就三门峡市消防救援支队2026年大载重消防救援无人机系统及灭火药剂采购项目需求面向全社会潜在供应商开展需求调查，诚邀具备相应资质、生产及供应能力的厂商、供应商积极反馈相关意见资料，现将有关事项公告如下：一、基本情况计划采购各类消防车辆装备，具体如下：1.大载重消防救援无人机系统：大载重吊运无人机、大载重灭火无人机及大载重无人机充电套装。2.灭火药剂：综合性新能源泡沫、普通合成泡沫。主要需求详见附件2。二、征询内容及获取方式（一）征集内容1.产品基础信息：装备型号、完整技术参数、高清样图、使用案例、产品彩页及使用视频等；2.产品性能参数：提供装备具体性能参数，保质期、储存条件、包装规格及安全技术说明书。技术参数应真实、准确、完整，能够全面反映产品实际性能，且须符合国家及行业相关标准规范要求；3.市场价格信息：含税包干参考单价、分档配置报价、备品备件单价、历年同类型项目中标参考价；4.商务售后方案：供货周期、质保年限、保险、上门维保、备品储备、人员培训等。（二）回复征询意见的供应商资格要求：满足《中华人民共和国政府采购法》第二十二条规定。三、公告期限及回复征询意见截止时间1.公告期限自本公告发布之日起至2026年9月14日。2.回复征询意见截止时间2026年9月14日18时（北京时间）。四、回复征询意见格式及方式1.统一填报附件1《三门峡市消防救援支队2026年大载重消防救援无人机系统及灭火药剂采购需求问卷调查表》及附件2《三门峡市消防救援支队2026年大载重消防救援无人机系统及灭火药剂主要功能需求调查明细表》（Excel电子版+加盖企业公章PDF扫描件）；2.配套提交产品技术说明书、使用视频、涉及到的产品合格公告、业绩合同、售后服务方案等电子材料；3.全部资料压缩打包，文件命名格式：【公司全称—2026年三门峡消防救援支队大载重消防救援无人机及灭火药剂采购项目需求征集资料】，发送至指定工作邮箱（15993530287@163.com）；4.供应商可结合实际选择性反馈全部或部分装备品类，所有填报数据、资质文件须真实有效，不得弄虚作假。五、联系方式单位名称：三门峡市消防救援支队地    址：河南省三门峡市开发区分陕路16号消防救援支队联 系 人：蔡先生联系电话：0398-3119051 附件1：三门峡市消防救援支队2026年大载重消防救援无人机系统及灭火药剂采购需求问卷调查表附件2：三门峡市消防救援支队2026年大载重消防救援无人机系统及灭火药剂主要功能需求调查明细表 三门峡市消防救援支队2026年9月3日 二、开标时间： 三、其它补充事宜 四、预算金额：预算金额：0.000000 万元（人民币）,医疗卫生,,中国政府采购网,,0.0,table,,,,,,,,,,,
2026年燃气及厨房炉具和排烟设备采购项目（三次）公开遴选公告,其他公告,1210-2641YDZB10057,2026年09月03日 17:50,广东省,广东省消防救援总队特勤大队,广东省广州市天河区高普路86号,谢助理，020-38270886,广东有德招标采购有限公司,广州市天河北路626号保利中宇广场A座25楼,李小姐，020-83625516,凌小姐,020-83625516,,,https://www.ccgp.gov.cn/cggg/zygg/qtgg/202609/t20260903_27262225.htm,2026-09-10 10:11:56,广东有德招标采购有限公司受广东省消防救援总队特勤大队 委托，根据《中华人民共和国政府采购法》等有关规定，现对2026年燃气及厨房炉具和排烟设备采购项目（三次）进行其他招标，欢迎合格的供应商前来投标。 项目名称：2026年燃气及厨房炉具和排烟设备采购项目（三次）项目编号：1210-2641YDZB10057项目联系方式：项目联系人：凌小姐项目联系电话：020-83625516 采购单位联系方式：采购单位：广东省消防救援总队特勤大队采购单位地址：广东省广州市天河区高普路86号采购单位联系方式：谢助理，020-38270886 代理机构联系方式：代理机构：广东有德招标采购有限公司代理机构联系人：李小姐，020-83625516代理机构地址： 广州市天河北路626号保利中宇广场A座25楼 一、采购项目内容1、项目内容： 序号 采购标的 数量 采购预算 （人民币：万元） 交货完工期 1 燃气及厨房炉具和排烟设备 1批 28.93704 自合同签订之日起45天内交付符合合同约定的合格货物，完成安装改造并交付采购人使用。 2、采购项目技术规格、参数及要求：详见公开遴选文件第三章《用户需求书》。3、项目属性：货物类。4、本项目只允许采购本国产品（本国产品是指不需要通过中国海关报关验放已在中国境内且产自关境内的产品）。5、响应供应商须以项目为单位对所有货物和服务进行整体投标，任何只对其中一部分内容进行的投标都被视为无效投标。 二、开标时间：2026年09月14日 14:30 三、其它补充事宜广东有德招标采购有限公司受广东省消防救援总队特勤支队的委托，就2026年燃气及厨房炉具和排烟设备采购项目（三次）进行公开遴选，欢迎符合资格条件的供应商参与公开遴选。一、项目编号：1210-2641YDZB10057二、项目名称：2026年燃气及厨房炉具和排烟设备采购项目（三次）三、预算金额/最高限价：人民币28.93704万元四、项目内容及需求：1、项目内容： 序号 采购标的 数量 采购预算 （人民币：万元） 交货完工期 1 燃气及厨房炉具和排烟设备 1批 28.93704 自合同签订之日起45天内交付符合合同约定的合格货物，完成安装改造并交付采购人使用。 2、采购项目技术规格、参数及要求：详见公开遴选文件第三章《用户需求书》。3、项目属性：货物类。4、本项目只允许采购本国产品（本国产品是指不需要通过中国海关报关验放已在中国境内且产自关境内的产品）。5、响应供应商须以项目为单位对所有货物和服务进行整体投标，任何只对其中一部分内容进行的投标都被视为无效投标。合同履行期限：自合同签订之日起至合同权利义务履行完毕之日止。本项目(不接受)联合体投标。五、供应商资格要求：1、满足《中华人民共和国政府采购法》第二十二条规定。2、落实政府采购政策需满足的资格要求：本项目属于专门面向中小企业采购的项目，响应供应商提供的货物制造商须全部为符合本采购包采购标的对应行业（工业）政策划分标准的中小微企业。监狱企业、残疾人福利单位视同小型、微型企业。（注：中小微企业以供应商填写的《中小企业声明函（货物）》（见投标格式）为判定标准，残疾人福利性单位以供应商填写的《残疾人福利性单位声明函》（见投标格式）为判定标准，监狱企业须供应商提供由省级以上监狱管理局、戒毒管理局（含新疆生产建设兵团）出具的属于监狱企业的证明文件，否则不予认定。）3、供应商未被列入“信用中国”网站 (www.creditchina.gov.cn) “失信被执行人”、“重大税收违法失信主体、政府采购严重违法失信行为”记录名单；不处于中国政府采购网(www.ccgp.gov.cn)“政府采购严重违法失信行为信息记录”中的禁止参加政府采购活动期间（以评审委员会于响应截止日当天在上述网站查询结果为准，如相关失信记录已失效，供应商需提供相关证明资料）。4、单位负责人为同一人或者存在直接控股、管理关系的不同供应商，不得同时参加本采购项目响应（提供书面声明函）。5、为本项目提供整体设计、规范编制或者项目管理、监理、检测等服务的供应商，不得再参与本项目响应（提供书面声明函）。6、供应商已领购本项目公开遴选文件。 六、获取公开遴选文件1、时间：2026年9月4日至2026年9月13日，每天上午9:00至12:00，下午14:30至17:30（北京时间，法定节假日除外）2、地点：广州市天河北路626号保利中宇广场A座25楼3、方式：现场领购或线上领购4、售价：￥300.0元（人民币）七、其他补充事宜1、现场领购公开遴选文件者，响应供应商凭《投标登记表》（登陆广东有德招标采购有限公司http://www.youde.net网站下载），填写相关信息并加盖公司公章至采购代理机构处领购公开遴选文件。2、线上领购公开遴选文件者，将《投标登记表》填写相关信息并加盖供应商公章后，扫描发至采购代理机构邮箱（E－mail：youde_zb@163.com），经采购代理机构工作人员确认后办理相关手续。3、线上领购公开遴选文件开户银行名称及账号（采购代理机构只接受以响应供应商名义的汇款，不接受个人的汇款及其它款项）：(1)开户银行名称：中国光大银行广州分行(2)单位名称：广东有德招标采购有限公司(3)账号：38610188000123567八、响应文件递交截止时间：2026年9月14日14时30分（响应文件开始递交时间：2026年9月14日14时00分）九、响应文件递交地点：广州市天河北路626号保利中宇广场A座25楼十、开启时间：2026年9月14日14时30分十一、开启地点：广州市天河北路626号保利中宇广场A座25楼 四、预算金额：预算金额：28.937040 万元（人民币）,能源电力,2026-09-14 14:30,中国政府采购网,,28.93704,table,,,,,,,,,,,
国家粮食和物资储备局河北局九七四处某项目拟邀请铁路专用线大修施工投标单位征集公告,其他公告,A2025-02-028-007,2026年09月03日 17:46,邢台市,国家粮食和物资储备局河北局九七四处,河北省邢台市,孔工 0319-2812174,天津市建设工程招标有限公司,天津市河西区环岛西路19号梅江中心大厦26层,王工13116092567,王工,13116092567,,,https://www.ccgp.gov.cn/cggg/zygg/qtgg/202609/t20260903_27262175.htm,2026-09-10 10:11:57,天津市建设工程招标有限公司受国家粮食和物资储备局河北局九七四处 委托，根据《中华人民共和国政府采购法》等有关规定，现对国家粮食和物资储备局河北局九七四处某项目拟邀请铁路专用线大修施工投标单位征集进行其他招标，欢迎合格的供应商前来投标。 项目名称：国家粮食和物资储备局河北局九七四处某项目拟邀请铁路专用线大修施工投标单位征集项目编号：A2025-02-028-007项目联系方式：项目联系人：王工项目联系电话：13116092567 采购单位联系方式：采购单位：国家粮食和物资储备局河北局九七四处采购单位地址：河北省邢台市采购单位联系方式：孔工 0319-2812174 代理机构联系方式：代理机构：天津市建设工程招标有限公司代理机构联系人：王工13116092567代理机构地址： 天津市河西区环岛西路19号梅江中心大厦26层 一、采购项目内容国家粮食和物资储备局河北局九七四处某项目拟邀请铁路专用线大修施工投标单位征集 二、开标时间：2026年09月14日 10:00 三、其它补充事宜国家粮食和物资储备局河北局九七四处某项目拟邀请铁路专用线大修施工投标单位征集公告（招标编号：A2025-02-028-007）1.征集条件国家粮食和物资储备局河北局九七四处某项目拟邀请铁路专用线大修施工投标单位征集项目已由项目审批/核准/备案机关批准，项目资金来源为全额国家财政资金，征集人为国家粮食和物资储备局河北局九七四处。本项目已具备征集条件，现进行公开征集。2.项目概况与征集范围2.1项目地点：河北省邢台市临城县2.2项目概况：国家粮食和物资储备局河北局九七四处某项目铁路专用线大修。建安工程费约300万元。2.3征集范围：国家粮食和物资储备局河北局九七四处某项目拟邀请铁路专用线大修施工投标单位征集。施工范围：本工程施工招标图纸及工程量清单所包含的施工、验收、保修等各阶段所有工作内容，具体详见施工招标图纸和工程量清单。3.征集申请人资格要求3.1应为中华人民共和国境内（港澳台地区除外）依法成立的独立法人，提供有效的营业执照；征集申请人须提供有效的证书复印件并加盖公章。3.2具备建设行政主管部门核发的铁路工程施工总承包三级及以上资质证书或根据《住房和城乡建设部关于印发建设工程企业资质管理制度改革的通知(建市〔2020〕94号)》规定换发新证的铁路工程施工总承包乙级及以上资质（提交加盖公章的有效资质证书复印件）。3.3具备有效的企业安全生产许可证，提供复印件加盖公章。3.4征集截止日前5年，指征集申请人在2021年8月1日至今（以合同签订时间为准）承接过1个类似项目业绩。类似项目指：征集申请人承接过工程投资200万元及以上的铁路施工总承包（含EPC中铁路施工总承包）类似业绩。申请人须提供:①加盖公章的中标通知书和合同关键页（至少包含合同金额、甲乙双方名称及盖章页）②项目工程款发票复印件（任一期）。3.5财务要求：（1）提供近3年（2023年-2025年）或成立至今（公司成立不足3年的）经会计师事务所或审计机构出具的合法有效的财务审计报告及财务报表复印件并加盖公章，财务报表须至少包括现金流量表、资产负债表、利润表。要求2024年-2025年度财务状况无连续亏损。（2）纳税及社保:须具有依法缴纳税收和社会保障资金的良好记录等，须提供相应的承诺函（书面承诺，格式自拟，并加盖公章和法定代表人签字或盖章）。3.6省外企业应提供中标后在合同签订前按规定办理“省外建设工程企业进冀信息报送”手续的书面承诺，格式自拟加盖公章。3.7征集申请人须满足以下资格条件，须对以下全部内容提供书面承诺，格式自拟，并加盖公章和法定代表人签字或盖章：（1）中华人民共和国境内（港澳台地区除外）依法成立1年以上的法人；（2）无违法犯罪记录，近1年内未发生泄密案件；（3）拟承担涉密工程管理工作的人员具有中华人民共和国国籍；（4）保密制度完善，有专门的机构或者人员负责保密工作；（5）具备符合国家保密规定和标准的场所、设施、设备等条件;（6）具有从事涉密业务的专业能力；（7）保密法律法规和国家保密行政管理部门规定要求的其他条件。3.8在征集、邀标与合同签订前，信誉要求不得存在以下情形，并提交书面承诺书，格式自拟，并加盖公章和法定代表人签字或盖章：（1）处于财产被接管、冻结、破产状态，处于全国行政区域内有关行政处罚期间；（2）在“信用中国网站”（www.creditchina.gov.cn）查询，征集申请人被列为严重失信主体或被人民法院列为失信被执行人；（3）被依法暂停或取消投标资格；被责令停产停业、暂扣或者吊销许可证、暂扣或者吊销执照；进入清算程序，或被宣告破产，或其他丧失履约能力的情形；（4）最近一年（按征集截止时间推算）存在骗取中标、严重违约被解除合同、承接的工程出现重大工程质量、安全问题的行为；（5）最近三年（按征集截止时间推算）征集申请人或其法定代表人有行贿犯罪行为；（6）在征集截止日前3年内，因违反有关工程建设的法律、法规、规章或强制性标准和职业行为规范，被县级以上建设行政主管部门或其委托的执法监督机构查实和行政处罚，在全国建筑市场监管公共服务平台上登记的不良行为记录共计三条以上的（含三条，不重复计列）；（7）与征集人存在利害关系可能影响征集公正性的法人、其他组织或者个人，不得参加。单位负责人为同一人或者存在控股、管理关系的不同单位，不得同时参加本次征集活动。如不同征集申请人出现单位负责人为同一人或者存在控股、管理关系的情形，则相关征集文件均无效。3.9能力要求：征集申请人还应在人员、设备、资金等方面具有相应的施工能力（人员要求：（1)项目经理为本单位在职员工，申请人拟派项目经理须具备一级建造师（铁路工程）注册证书和有效的安全生产考核合格证书(B本)，且在确定中标人时不得担任其他在施建设工程的项目经理。（2）专职安全生产管理人员具有建设行政主管部门颁发的有效的安全生产考核合格C证，配备人数至少 1 个。均为本单位职工并能提供社保）（提供书面承诺，格式自拟，并加盖公章和法定代表人签字或盖章）。3.10其他要求：本次征集不接受联合体参加。4、征集文件的获取4.1文件获取方式：4.1.1报名时间：2026年9月03日8时30分到2026年9月09日16时00分，每天上午8时30分至11时30分，下午13时30分至16时00分（北京时间，休息日、节假日除外）；4.1.2报名地点：请有意参加本次公开征集的申请人，于2026年9月03日至2026年9月09日，每天上午 08:30 至 11:30，下午 13:30 至 16:00（北京时间，法定节假日除外）。将营业证照、联系人及联系方式、授权委托书、资质证书扫描件发送至邮箱baomingbaoming@126.com进行报名，并获取电子文件。4.1.3报名需提交的资料：授权委托书及被授权人身份证、营业执照及资质证书，以上为加盖公章的扫描件。注：报名时提供的资料应与响应文件中的证明文件一致。4.1.4征集文件售价：人民币0元/本（售后不退）；5、征集文件的递交5.1递交截止时间：2026年9月14日上午10时00分5.2递交方式：现场递交或邮寄递交（邮寄地址天津市河西区环岛西路19号梅江中心大厦26层王工13116092567，优先顺丰快递，不接受到付文件，递交时间以接收时间为准）。将授权委托书及密封好的响应文件在征集响应文件递交截止时间前现场递交或邮寄至指定地点。5.3逾期送达的、未送达指定地点或者不按要求密封的的征集响应文件，不予接收。6、征集响应文件开启时间及地点征集响应文件开启时间：2026年9月14日上午10时00分开启地点：天津市河西区环岛西路 19 号梅江中心大厦 26 层7、其他7.1本公告发布平台：中国招标投标公共服务平台（http://bulletin.cebpubservice.com/）、中国政府采购网（https://www.ccgp.gov.cn/），本公告有效期限至2026年9月09日止。7.2申请人不得借用他人资质或挂靠单位参与征集，一经发现，征集人有权取消申请人参与本项目资格。7.3征集人接收资料并不表示接受申请人参与项目后续铁路专用线大修施工总承包投标工作，对未进行后续招标邀请的申请人，征集人有权不予解释。8、监督部门本项目征集活动及其相关当事人应当接受相关监督部门依法实施的监督。9、联系方式征集人：国家粮食和物资储备局河北局九七四处联系人：孔工 电话：0319-2812174征集人主管单位： 国家粮食和物资储备局河北局地 址： 河北省石家庄市裕华区槐安东路163号联系人：李工电话：0311-85369086招标代理机构：天津市建设工程招标有限公司地 址：天津市河西区环岛西路 19 号梅江中心大厦 26 层联 系 人：王工电 话：13116092567电子邮件：baomingbaoming@126.com 四、预算金额：预算金额：0.000000 万元（人民币）,工程建设,,中国政府采购网,,0.0,table,,,,,,,,,,,
广州市消防救援支队轨道交通大队2026年消防装备采购项目采购需求参数征求意见公告,其他公告,/,2026年09月03日 17:42,市辖区,广州市消防救援支队,广州市白云区西洲中路61号,吴工，020-81994241,详见公告正文,详见公告正文,详见公告正文,吴工,020-81994241,附件：广州市消防救援支队轨道交通大队2026年消防装备技术参数征求意见表.xls,"[{""attach_name"": ""附件：广州市消防救援支队轨道交通大队2026年消防装备技术参数征求意见表.xls"", ""attach_url"": ""https://download.ccgp.gov.cn/oss/download?uuid=B55818FB3EC991B583271032137A74""}]",https://www.ccgp.gov.cn/cggg/zygg/qtgg/202609/t20260903_27262102.htm,2026-09-10 10:11:57,根据《中华人民共和国政府采购法》等有关规定，现对广州市消防救援支队轨道交通大队2026年消防装备采购项目采购需求参数征求意见公告进行其他招标，欢迎合格的供应商前来投标。 项目名称：广州市消防救援支队轨道交通大队2026年消防装备采购项目采购需求参数征求意见公告项目编号：/项目联系方式：项目联系人：吴工项目联系电话：020-81994241 采购单位联系方式：采购单位：广州市消防救援支队采购单位地址：广州市白云区西洲中路61号采购单位联系方式：吴工，020-81994241  一、采购项目内容一、采购项目内容（一）参数征求意见内容根据公告附件”附件《广州市南沙区消防救援大队2026年消防装备采购项目采购需求参数征求意见表》”包括但不限于车辆的品牌型号、市场价格（万元）、修改后的市场价格（万元）、详细参数、需要修改的技术参数、依据等相关信息。（二）参数征求意见方法参数征求意见问卷调查的方式进行，请各单位于2026年9月17日17:30前将加盖公章的公告附件扫描成PDF格式，以及公告附件的Excel格式发送至指定邮箱（273056290@qq.com）。 二、开标时间： 三、其它补充事宜无 四、预算金额：预算金额：0.000000 万元（人民币）,公共安全,,中国政府采购网,,0.0,table,,,,,,,,,,,
建邺大队2026年广告宣传服务集中采购项目（二次）比选公告,其他公告,SNZX-20260309,2026年09月03日 17:42,南京市,南京市建邺区消防救援大队,/,/,南京苏宁工程咨询有限公司,南京市中山路99号12楼1212室,李佳蓉、025-84200809,李佳蓉,025-84200809,,,https://www.ccgp.gov.cn/cggg/zygg/qtgg/202609/t20260903_27262106.htm,2026-09-10 10:11:58,南京苏宁工程咨询有限公司受南京市建邺区消防救援大队 委托，根据《中华人民共和国政府采购法》等有关规定，现对建邺大队2026年广告宣传服务集中采购项目（二次）进行其他招标，欢迎合格的供应商前来投标。 项目名称：建邺大队2026年广告宣传服务集中采购项目（二次）项目编号：SNZX-20260309项目联系方式：项目联系人：李佳蓉项目联系电话：025-84200809 采购单位联系方式：采购单位：南京市建邺区消防救援大队采购单位地址：/采购单位联系方式：/ 代理机构联系方式：代理机构：南京苏宁工程咨询有限公司代理机构联系人：李佳蓉、025-84200809代理机构地址： 南京市中山路99号12楼1212室 一、采购项目内容项目概况建邺大队2026年广告宣传服务集中采购项目（二次）招标项目的潜在响应人应在南京市中山路99号12楼1212室获取比选文件，并于2026年9月10日9时30分（北京时间）前递交响应文件。一、项目基本情况项目编号：SNZX-20260309项目名称：建邺大队2026年广告宣传服务集中采购项目（二次）采购方式：比选预算金额：48万元最高限价：4.76546万元（单价合计），响应报价超过最高限价为无效响应。采购需求：建邺大队2026年广告宣传服务集中采购项目，具体详见比选文件。合同履行期限（服务期）：自合同签订之日起1年。本项目不接受联合体响应。本项目采购标的所属行业为：其他未列明行业。二、申请人的资格要求：（一）满足《中华人民共和国政府采购法》第二十二条规定；1.具有独立承担民事责任的能力（提供法人或者其他组织的营业执照，自然人的身份证）；2.具有良好的商业信誉和健全的财务会计制度（提供评审前六个月内银行出具的资信证明，或评审前六个月内任意一个月的财务状况报告（至少包括资产负债表和利润表），或上一年度经审计的财务报告）；3.具有履行合同所必需的设备和专业技术能力（根据项目需求提供履行合同所必需的设备和专业技术能力的证明材料或相关加盖公章的声明函）；4.有依法缴纳税收和社会保障资金的良好记录（提供投标截止时间前六个月内任意一个月的纳税证明文件（依法免缴的应提供相应文件说明）；并提供投标截止时间前六个月内任意一个月依法为员工缴纳社会保障资金的证明材料（依法不需要缴纳社会保障资金的应提供相应文件说明））；5.参加本次采购活动前三年内，在经营活动中没有重大违法记录（提供参加本次采购活动前三年内在经营活动中没有重大违法记录的书面声明）。6.法律、行政法规规定的其他条件。7.注：①前款第5条所称重大违法记录，是指供应商因违法经营受到刑事处罚或者责令停产停业、吊销许可证或者执照、较大数额罚款等行政处罚。②供应商在参加政府采购活动前3年内因违法经营被禁止在一定期限内参加政府采购活动，期限届满的，可以参加政府采购活动。（二） 落实政府采购政策需满足的资格要求：本项目不专门面向中小微企业采购，执行价格扣除优惠政策，具体内容详见采购文件第三章。（三）本项目的特定资格要求：无。三、获取采购文件1.获取时间：2026年9月4日至2026年9月8日，每天上午9:00至11:30，下午14:00至17:00（北京时间，法定节假日除外）2.获取方式：请各潜在供应商将以附件形式提供以下文件：（1）供应商营业执照副本复印件；（2）供应商授权委托书原件和委托代理人的身份证复印件。将【（1）供应商营业执照副本复印件加盖公章扫描件；（2）响应供应商授权委托书原件和委托代理人的身份证复印件加盖公章扫描件。】以附件形式上传发送至代理机构邮箱3603617196@qq.com，邮件主题须标明项目编号和项目名称+申请人名称，邮件正文须包含申请人名称（全称）、授权委托人、授权委托人联系电话。提供以上有效材料后与采购代理机构联系至南京市鼓楼区中山路99号12楼1212室领取纸质盖章版采购文件，采购文件电子版与纸质盖章版具有同等法律效力）。售价：￥0元，本公告包含的采购文件售价总和。第一次已获取采购文件的供应商仍需按上述方式重新获取采购文件。四、提交响应文件截止时间、开标时间和地点截止时间及开标时间：2026年9月10日9时30分。地点：南京市中山路99号12楼1212室届时请供应商委托授权代表出席开标仪式。五、公告期限自本公告发布之日起5个工作日。六、其他补充事宜1.本项目不接受联合体响应，不接受转包。2.拒绝下述供应商参加本次采购活动：（1）供应商单位负责人为同一人或者存在直接控股、管理关系的不同供应商，不得参加同一合同项下的采购活动。（2）凡为采购项目提供整体设计、规范编制或者项目管理、监理、检测等服务的供应商，不得再参加本项目的采购活动。（3）拒绝列入失信被执行人、重大税收违法失信主体、政府采购严重违法失信行为记录名单中的供应商参加本项目的采购活动。3.集中考察或答疑：采购人不组织，供应商可自行联系采购人。未踏勘现场或踏勘工作不详细的供应商中标后，不得以不完全了解现场情况为理由而向采购人提出任何索赔或其他要求，对此采购人不承担任何责任并将不作任何答复。4.响应文件份数：一式4份（1份正本、3份副本），电子版响应文件1份（电子版须为响应文件盖公章（红章）正本的 PDF 扫描件，扫描件内容应与纸质文件完全一致。文件名建议修改为公司名+项目编号）。当纸质正本文件和电子版文件不一致时，以纸质正本文件为准。电子版文件用于存档，以U盘（请勿提交刻录光盘）形式递交，响应供应商需承担前述不一致造成的不利后果。每份纸质文件须清楚标明“正本”或“副本”字样。一旦正本和副本不符，以正本为准。5.公告媒体（1）本公告在中国政府采购网（http：//www.ccgp.gov.cn/）公示发布，敬请各供应商关注；（2）若有关本次采购存在变动或修改，敬请各供应商及时关注中国政府采购网（http：//www.ccgp.gov.cn/）发布的关于本项目的信息更正公告。6.采购项目需要落实的政府采购政策：（1）政府采购促进中小企业发展（2）政府采购支持监狱企业发展（3）政府采购促进残疾人就业（4）政府采购鼓励采购节能环保产品七、对本次比选提出询问，请按以下方式联系。1.采购人信息名称：南京市建邺区消防救援大队地址：/联系方式：/2.采购代理机构信息名称：南京苏宁工程咨询有限公司地址：南京市中山路99号12楼1212室联系方式：李佳蓉、025-842008093.项目联系方式项目联系人：李佳蓉电话：025-84200809 二、开标时间：2026年09月10日 09:30 三、其它补充事宜无 四、预算金额：预算金额：48.000000 万元（人民币）,服务外包,2026-09-10 09:30,中国政府采购网,比选,48.0,table,,,,,,,,,,,
北京交通大学汽车租赁服务（02包）废标公告,流标公告,CFTC-BJ01-2608019,2026年09月03日 17:37,北京市,北京交通大学,北京市海淀区上园村3号,陈老师 010-51683481,国金招标有限公司,北京市朝阳区东三环南路甲52号顺迈金钻国际商务中心9层9C,孙涛、杨振豪、王涵    010-52188100、13552541378,孙涛、杨振豪、王涵,010-52188100、13552541378,,,https://www.ccgp.gov.cn/cggg/zygg/qtgg/202609/t20260903_27261978.htm,2026-09-10 10:11:59,一、项目基本情况 采购项目编号：CFTC-BJ01-2608019 采购项目名称：北京交通大学汽车租赁服务 二、项目废标/流标的原因 本项目02包无有效供应商，本包废标。 三、其他补充事宜 无 四、凡对本次公告内容提出询问，请按以下方式联系。 1.采购人信息 名 称：北京交通大学 地址：北京市海淀区上园村3号 联系方式：陈老师 010-51683481 2.采购代理机构信息 名 称：国金招标有限公司 地 址：北京市朝阳区东三环南路甲52号顺迈金钻国际商务中心9层9C 联系方式：孙涛、杨振豪、王涵 010-52188100、13552541378 3.项目联系方式 项目联系人：孙涛、杨振豪、王涵 电 话： 010-52188100、13552541378,教育培训,,中国政府采购网,,,default,二、项目废标/流标的原因,,,,,,,,,,
北京交通大学部分零散房屋招租项目（第二次）遴选公告,其他公告,2607-HXTC-IN1434,2026年09月03日 17:37,北京市,北京交通大学,北京市海淀区上园村3号,陈老师 010-51683481,北京宏信天诚国际招标有限公司,北京市海淀区复兴路乙12号中国铝业大厦11层1110室,赵洁、吴众为、闫文娟、彭怡、成歌、刘京、修海龙、陈博维、姬小雪、王思晨、杨晓楠、王东衍、郝路、刘海英、孙佳、王亚东、黄艳、陈曦、吉国侠、孙银英、李秋萍、王艳艳、王改茹，010-63974645、63976753,赵洁、吴众为、闫文娟、彭怡、成,010-63974645、63976753,"供应商信息登记表新.docx,遴选公告—北京交通大学部分零散房屋招租项目（第2次）IN1434.docx","[{""attach_name"": ""供应商信息登记表新.docx"", ""attach_url"": ""https://download.ccgp.gov.cn/oss/download?uuid=0C3DEEAC871CC89226C78D1F91AD44""}, {""attach_name"": ""遴选公告—北京交通大学部分零散房屋招租项目（第2次）IN1434.docx"", ""attach_url"": ""https://download.ccgp.gov.cn/oss/download?uuid=9355F734CAA426CEDECE2742649D03""}]",https://www.ccgp.gov.cn/cggg/zygg/qtgg/202609/t20260903_27261976.htm,2026-09-10 10:11:59,北京宏信天诚国际招标有限公司受北京交通大学 委托，根据《中华人民共和国政府采购法》等有关规定，现对北京交通大学部分零散房屋招租项目进行其他招标，欢迎合格的供应商前来投标。 项目名称：北京交通大学部分零散房屋招租项目项目编号：2607-HXTC-IN1434项目联系方式：项目联系人：赵洁、吴众为、闫文娟、彭怡、成歌、刘京、修海龙、陈博维、姬小雪、王思晨、杨晓楠、王东衍、郝路、刘海英、孙佳、王亚东、黄艳、陈曦、吉国侠、孙银英、李秋萍、王艳艳、王改茹项目联系电话：010-63974645、63976753 采购单位联系方式：采购单位：北京交通大学采购单位地址：北京市海淀区上园村3号采购单位联系方式：陈老师 010-51683481 代理机构联系方式：代理机构：北京宏信天诚国际招标有限公司代理机构联系人：赵洁、吴众为、闫文娟、彭怡、成歌、刘京、修海龙、陈博维、姬小雪、王思晨、杨晓楠、王东衍、郝路、刘海英、孙佳、王亚东、黄艳、陈曦、吉国侠、孙银英、李秋萍、王艳艳、王改茹，010-63974645、63976753代理机构地址： 北京市海淀区复兴路乙12号中国铝业大厦11层1110室 一、采购项目内容一、项目基本情况项目编号：2607-HXTC-IN1434项目名称：北京交通大学部分零散房屋招租项目（第二次）预算金额：/万元最高限价（如有）：/万元采购需求： 北京宏信天诚国际招标有限公司接受采购人的委托，对本项目进行遴选，现邀请合格的供应商前来响应。遴选需求： 包号 房屋名称/地址 面积 （㎡） 招租底价 （元/㎡•日） 拟招租期限 拟招租用途 01 芳华超市南店东侧 10.05 10.7 三年 商业 02 芳华超市（南门店）东侧1间房 27 8.5 三年 商业 本项目不接受联合体响应。二、申请人的资格要求：1.满足《中华人民共和国政府采购法》第二十二条规定；2.落实政府采购政策需满足的资格要求：本项目专门面向中小企业预留采购份额占本项目预算金额比例：0.00%；专门面向中小企业预留采购份额中有0.00%专门面向小微企业。（不专门面向中小企业）本项目属性：服务；本项目大中小微型企业划分行业：其他未列明行业（按《工业和信息化部、国家统计局、国家发展和改革委员会、财政部关于印发中小企业划型标准规定的通知》（工信部联企业〔2011〕300号）划分标准）3.本项目的特定资格要求：（1）在中华人民共和国境内注册，能够独立承担民事责任，有生产或供应能力的本国供应商，包括法人、其他组织、自然人及其联合体（本项目不接受联合体）；（2）遵守国家有关法律、法规、规章和北京市政府采购有关的规章，具有良好的商业信誉和健全的财务会计制度；（3）供应商必须按照采购公告的规定，向采购代理机构登记，获得采购文件；（4）单位负责人为同一人或者存在直接控股、管理关系的不同供应商，不得同时参加本项目同一分包的响应活动；（5）凡受托为采购本次采购项目提供整体设计、规范编制或者项目管理、监理、检测等服务的供应商，不得参加所涉相应分包的响应；（6）近三年内，本项目响应文件递交截止期前，被“信用中国”网站列入失信被执行人和重大税收违法案件当事人名单的、被“中国政府采购网”网站列入政府采购严重违法失信行为记录名单（处罚期限尚未届满的），不得参与本项目；（7）是否接受进口货物投标详见上表。进口货物是指通过中国海关报关，验放进入中国境内，且产自关境外的标的，仅适用于属性为货物的项目；（8）法律、行政法规、采购文件关于“合格供应商”的其他条件。三、获取采购文件时间： 2026年09月03日至2026年09月10日，每天上午9:00至11:30，下午13:30至16：00（北京时间，法定节假日除外）地点：北京宏信天诚国际招标有限公司（北京市海淀区复兴路乙12号中国铝业大厦11层1110室）方式：为减少人员流动和聚集，建议采取线上获取方式。为保证供应商可快速准确的获取采购文件，请按以下注意事项操作。（1）请填写“供应商信息登记表”（见公告附件或联系采购代理机构获取）后将供应商信息登记表（.doc文档）及采购文件费用汇款凭证截图发送至采购代理机构电子邮箱（hongxintiancheng@126.com），邮件主题请明确：项目名称、项目编号、供应商名称。（3）请供应商一律使用单位对公账号汇款，汇款时务必备注项目编号及包号，如供应商在获取采购文件过程中遇到问题，请联系采购代理机构（电话：010-63974645）。售价：每包人民币 500 元，售后不退。四、提交响应文件截止时间、遴选时间和地点2026年09月24日14：00  （北京时间）地点：北京市海淀区复兴路乙12号中国铝业大厦四层北侧楼道东头第三会议室。五、公告期限自本公告发布之日起5个日历日。 二、开标时间：2026年09月24日 14:00 三、其它补充事宜1.注意事项：1.1供应商不得拆包响应。1.2供应商在获取采购文件时须明确登记并只能按响应前所登记的包号进行响应。供应商在获取采购文件后，如果决定增加或更改所响应包号，务必在购买文件截止时间前补齐相关费用并书面通知项目负责人，否则供应商将无权对所增加或更改的包号进行响应。1.3进口货物是指通过中国海关报关验放进入中国境内且产自中华人民共和国海关外的货物。1.4响应文件请于遴选当日（响应截止时间之前）递交至遴选地点，逾期递交文件恕不接受。1.5供应商如派授权代表参与遴选仪式的请全程佩戴口罩，并应携带身份证。进入遴选场所，与会人员应遵守大厦管理规定，配合大厦检查完成进入手续。各供应商应提前做好相应准备，预留充足时间，避免因入场检查等原因导致递交文件迟到。2. 本项目需要落实的政府采购政策：优化营商环境、节约能源、保护环境、使用信用记录结果等政府采购政策具体落实情况详见采购文件。3.本项目的采购公告已在 / 发布。4.本项目评审方法和标准：综合评分法，总分100分。5.凡对本次采购提出询问，请与北京宏信天诚国际招标有限公司联系（技术方面的询问请以信函或传真的形式）。6. 标书款收款账户信息：开户名（全称）：北京宏信天诚国际招标有限公司开户银行：北京银行股份有限公司清华园支行账号：20000062274900106153382 四、预算金额：预算金额：0.000000 万元（人民币）,教育培训,,中国政府采购网,,0.0,table,,,,,,,,,,,
湖北河口全向信标测距仪台更新改造工程全向信标测距仪设备采购项目流标公告,流标公告,0748-2612CA3032DK,2026年09月03日 17:31,孝感市,中国民用航空中南地区空中交通管理局,广州市机场路南云东街3号,刘倩 020-86121066,中航材国际招标有限公司,北京市顺义区天祥路6号院北京东航中心2号楼8层,赵金倩、董壁莹 19121072242,刘倩,020-86121066,,,https://www.ccgp.gov.cn/cggg/zygg/qtgg/202609/t20260903_27261832.htm,2026-09-10 10:12:00,一、项目基本情况 采购项目编号：0748-2612CA3032DK 采购项目名称：湖北河口全向信标测距仪台更新改造工程全向信标测距仪设备采购项目 二、项目废标/流标的原因 湖北河口全向信标测距仪台更新改造工程全向信标测距仪设备采购项目通过初步评审的单位不足三家，不具备竞争性，本项目流标。 三、其他补充事宜 四、凡对本次公告内容提出询问，请按以下方式联系。 1.采购人信息 名 称：中国民用航空中南地区空中交通管理局 地址：广州市机场路南云东街3号 联系方式：刘倩 020-86121066 2.采购代理机构信息 名 称：中航材国际招标有限公司 地 址：北京市顺义区天祥路6号院北京东航中心2号楼8层 联系方式：赵金倩、董壁莹 19121072242 3.项目联系方式 项目联系人：刘倩 电 话： 020-86121066,工程建设,,中国政府采购网,,,default,二、项目废标/流标的原因,,,,,,,,,,
中南地区（南宁）空中交通管制能力提升基础设施建设工程主用自动化系统采购流标公告,流标公告,0748-2612CA3040DK,2026年09月03日 17:31,南宁市,中国民用航空中南地区空中交通管理局,广州市机场路南云东街3号,赖先生 020-86125325,中航材国际招标有限公司,北京市顺义区天祥路6号院北京东航中心2号楼8层,赵金倩、董壁莹 19121072242,赖先生,020-86125325,,,https://www.ccgp.gov.cn/cggg/zygg/qtgg/202609/t20260903_27261838.htm,2026-09-10 10:12:00,一、项目基本情况 采购项目编号：0748-2612CA3040DK 采购项目名称：中南地区（南宁）空中交通管制能力提升基础设施建设工程主用自动化系统采购 二、项目废标/流标的原因 中南地区（南宁）空中交通管制能力提升基础设施建设工程主用自动化系统采购通过初步评审的单位不足三家，不具备竞争性，本项目流标。 三、其他补充事宜 四、凡对本次公告内容提出询问，请按以下方式联系。 1.采购人信息 名 称：中国民用航空中南地区空中交通管理局 地址：广州市机场路南云东街3号 联系方式：赖先生 020-86125325 2.采购代理机构信息 名 称：中航材国际招标有限公司 地 址：北京市顺义区天祥路6号院北京东航中心2号楼8层 联系方式：赵金倩、董壁莹 19121072242 3.项目联系方式 项目联系人：赖先生 电 话： 020-86125325,工程建设,,中国政府采购网,,,default,二、项目废标/流标的原因,,,,,,,,,,
森林消防局机动支队北京消防救援机动支队森林灭火装备采购项目技术需求征求意见公告,其他公告,,2026年09月03日 17:30,北京市,森林消防局机动支队,北京市朝阳区南豆各庄甲六号,王助理，13051600909,详见公告正文,详见公告正文,详见公告正文,王助理,13051600909,"9.3附件1：森林灭火装备技术参数.xlsx,9.3附件2：北京消防救援机动支队综合保障类装备技术需求意见填报表.doc","[{""attach_name"": ""9.3附件1：森林灭火装备技术参数.xlsx"", ""attach_url"": ""https://download.ccgp.gov.cn/oss/download?uuid=AE2DB7D0C30CAA38D1F29148FE2F4E""}, {""attach_name"": ""9.3附件2：北京消防救援机动支队综合保障类装备技术需求意见填报表.doc"", ""attach_url"": ""https://download.ccgp.gov.cn/oss/download?uuid=A51B8F8E601EFD41209DE198BB9561""}]",https://www.ccgp.gov.cn/cggg/zygg/qtgg/202609/t20260903_27261840.htm,2026-09-10 10:12:01,根据《中华人民共和国政府采购法》等有关规定，现对北京消防救援机动支队森林灭火装备采购项目技术需求征求意见公告进行其他招标，欢迎合格的供应商前来投标。 项目名称：北京消防救援机动支队森林灭火装备采购项目技术需求征求意见公告项目编号：项目联系方式：项目联系人：王助理项目联系电话：13051600909 采购单位联系方式：采购单位：森林消防局机动支队采购单位地址：北京市朝阳区南豆各庄甲六号采购单位联系方式：王助理，13051600909  一、采购项目内容根据《中华人民共和国政府采购法》等有关规定，现对北京消防救援机动支队森林灭火装备采购项目技术参数进行公开征求意见，欢迎具备能力和资质的潜在供应商提出宝贵意见。项目名称：北京消防救援机动支队指挥通信类装备采购项目技术需求征求意见公告项目编号：/项目联系方式：项目联系人：王助理项目联系电话：13051600909采购单位联系方式：采购单位：北京消防救援机动支队采购单位地址：北京市朝阳区南豆各庄甲6号采购单位联系方式：王助理 13051600909一、采购项目内容（一）项目概况根据《中华人民共和国政府采购法》《政府采购需求管理办法》等有关规定，现就北京消防救援机动支队森林灭火装备采购项目技术需求面向潜在供应商征求意见。请潜在供应商在中国政府采购网（https://www.ccgp.gov.cn/）下载技术需求征求意见公告及相关附件，并于回复意见截止时间前提交相关意见。本项目采购内容包括中型水泵、18寸油锯、16寸锂电锯、贮水池1吨、贮水池2吨、贮水池3吨、森林灭火加油器、森林灭火往复式水枪、森林灭火点火器、森林灭火组合工具，具体技术需求详见附件。（二）征求意见内容及获取方式1．征求意见内容：项目技术需求，详见附件。2．回复意见的供应商资格要求：满足《中华人民共和国政府采购法》第二十二条规定。3．技术需求征求意见公告及相关附件的获取方式：即日起至回复意见截止时间止，登录中国政府采购网（https://www.ccgp.gov.cn/）搜索本公告标题，即可免费下载。（三）公告期限及回复意见截止时间1.公告期限自本公告发布之日起至2026年9月8日17时止（北京时间）2．回复意见截止时间：2026年9月8日17时00分（北京时间）。（四）回复意见格式及方式1．回复意见格式：按照下载附件提供的格式要求，填写《北京消防救援机动支队指挥通信类装备采购项目技术需求参数公开征求意见反馈表》，回复电子版（word格式文件）及法人签字并加盖单位公章的彩色扫描件（pdf文件）。上述两个文件内容必须完全一致。2．回复意见方式：以电子邮件方式发至332686022@qq.com，邮件主题为：XXX公司（公司全称）+《北京消防救援机动支队指挥通信类装备采购技术参数修改意见》。（五）联系方式名   称：北京消防救援机动支队地    址：北京市朝阳区南豆各庄甲6号联 系 人：王助理联系电话：13051600909二、开标时间：三、其它补充事宜本次征求意见不代表采购项目已经实施，不作为潜在供应商参与后续采购活动的资格条件。项目最终采购需求、采购时间及其他采购信息，以后续正式发布的采购公告和采购文件为准。各潜在供应商如认为相关通信装备技术需求无法由三个以上品牌产品或三家以上供应商满足，或者个别技术条款存在倾向性、排他性及其他不合理限制情形，可在规定时间内向我公司提出书面修改建议，并说明具体条款、修改理由及建议修改内容。四、预算金额：预算金额：0.000000 万元（人民币）  二、开标时间：2026年09月14日 17:29 三、其它补充事宜 四、预算金额：预算金额：0.000000 万元（人民币）,公共安全,2026-09-08 17:00,中国政府采购网,,0.0,table,,,,,,,,,,,
SPD-02天津某单位经费需求测算咨询服务采购项目其他,其他公告,TQJ-2026-LX021,2026年09月03日 17:29,天津市,SPD-02,天津市河西区马场道271号,杨先生17822306042,详见公告正文,详见公告正文,详见公告正文,杨先生,17822306042,经费需求测算咨询服务采购项目零星采购文件.docx,"[{""attach_name"": ""经费需求测算咨询服务采购项目零星采购文件.docx"", ""attach_url"": ""https://download.ccgp.gov.cn/oss/download?uuid=ADD5D247E75C1A0C051D37A223D236""}]",https://www.ccgp.gov.cn/cggg/zygg/qtgg/202609/t20260903_27261775.htm,2026-09-10 10:12:02,"根据《中华人民共和国政府采购法》等有关规定，现对天津某单位经费需求测算咨询服务采购项目进行其他招标，欢迎合格的供应商前来投标。 项目名称：天津某单位经费需求测算咨询服务采购项目项目编号：TQJ-2026-LX021项目联系方式：项目联系人：杨先生项目联系电话：17822306042 采购单位联系方式：采购单位：SPD-02采购单位地址：天津市河西区马场道271号采购单位联系方式：杨先生17822306042  一、采购项目内容根据相关要求及实际需要，现拟采购第三方咨询服务，协助开展经费预算绩效前评估工作，实现从""经验估算""到""精准测算""的转变，确保预算申报有据可依。 二、开标时间：2026年09月06日 17:00 三、其它补充事宜 四、预算金额：预算金额：15.264000 万元（人民币）",服务外包,,中国政府采购网,,15.264,table,,,,,,,,,,,
华中科技大学同济医学院附属同济医院主院区5、6号楼医疗资源调整工程总承包（EPC）项目(HBSJ-202608FJ-177001001)资审文件公告,其他公告,HBSJ-202608FJ-177001001,2026年09月03日 17:26,武汉市,华中科技大学同济医学院附属同济医院,武汉市硚口区解放大道1095号,冉主任  027-83662896,湖北中天招标有限公司,武汉市武昌区中北路109号中铁1818中心10楼,徐工 19323501940,徐工,19323501940,,,https://www.ccgp.gov.cn/cggg/zygg/qtgg/202609/t20260903_27261741.htm,2026-09-10 10:12:03,"湖北中天招标有限公司受华中科技大学同济医学院附属同济医院 委托，根据《中华人民共和国政府采购法》等有关规定，现对华中科技大学同济医学院附属同济医院主院区5、6号楼医疗资源调整工程总承包（EPC）项目进行其他招标，欢迎合格的供应商前来投标。 项目名称：华中科技大学同济医学院附属同济医院主院区5、6号楼医疗资源调整工程总承包（EPC）项目项目编号：HBSJ-202608FJ-177001001项目联系方式：项目联系人：徐工项目联系电话：19323501940 采购单位联系方式：采购单位：华中科技大学同济医学院附属同济医院采购单位地址：武汉市硚口区解放大道1095号采购单位联系方式：冉主任 027-83662896 代理机构联系方式：代理机构：湖北中天招标有限公司代理机构联系人：徐工 19323501940代理机构地址： 武汉市武昌区中北路109号中铁1818中心10楼 一、采购项目内容详见其它补充事宜。 二、开标时间：2026年09月15日 09:30 三、其它补充事宜 华中科技大学同济医学院附属同济医院主院区5、6号楼医疗资源调整工程总承包（EPC）项目华中科技大学同济医学院附属同济医院主院区5、6号楼医疗资源调整工程总承包（EPC）项目(HBSJ-202608FJ-177001001)资审文件公告 招标编号：HBSJ-202608FJ-177001001 1.招标条件     本招标项目 华中科技大学同济医学院附属同济医院主院区5、6号楼医疗资源调整 (项目名称)已由 武汉市硚口区发展和改革委员会 (项目审批、核准或备案机关名称)以 湖北省固定资产投资项目备案证、2603-420104-04-01-903792 (批文名称及编号)批准建设，项目业主为 华中科技大学同济医学院附属同济医院 ，建设资金来自 自筹 (资金来源)，项目出资比例为 100% ，招标人为 华中科技大学同济医学院附属同济医院 ，招标代理机构为 湖北中天招标有限公司 。项目已具备招标条件，现进行公开招标，特邀请有兴趣的潜在投标人(以下简称申请人)提出资格预审申请。 2.项目概况与招标范围   2.1项目概况      建设地点：湖北省武汉市硚口区解放大道1095号。      建设规模：（1）将综合楼一楼放射科区域改造成CT与核磁共振检查室各1间；将一楼保卫处值班室调整为抢救室，将一楼2个财务窗口调整到二楼与二楼财务窗口合并。（2）对内科楼、综合楼二楼进行资源调整，将现药房区域调整为DSA操作间3间；药房搬至综合楼二楼诊疗区；心血管内科介入中心家属谈话室一分为二；新增综合楼通往DSA操作间通道。以上总改造面积共计约877平米。      其他：/   2.2招标范围      招标范围：包括工程设计(施工图设计、专项设计、深化设计等)、设计范围内的建安工程施工，材料设备采购、竣工验收及整体移交、工程保修期内的保修等。      标段划分：1个标段      计划工期：180日历天，计划开工日期2026年10月30日      合同估算价：861.0万元   2.3其他：本项目采用“评定分离”方法实施招投标。 3.申请人资格要求     3.1本标段资格预审要求申请人具备 ：（1）资质要求：①具备市场监督管理部门核发的有效的营业执照（联合体投标的，联合体各方均应提供）。②工程设计综合甲级资质或建筑行业乙级及以上设计资质或建筑行业（建筑工程）乙级及以上设计资质；③建筑工程施工总承包二级及以上资质（新证乙级及以上），并具备有效的安全生产许可证；（2）人员要求：①项目经理要求：取得相应工程建设类注册执业资格，包括注册建筑师、勘察设计注册工程师、注册建造师或者注册监理工程师等；不得同时担任其他在建工程项目的项目经理或施工负责人（提供只承担本项目的承诺书，格式自拟）；若为联合体，项目经理由联合体牵头单位的人员担任；项目经理满足施工负责人或设计负责人相应条件的，可以兼任本项目施工负责人或设计负责人；②设计负责人要求：具有二级及以上注册建筑师资格；③施工负责人要求：具有建筑工程专业二级及以上注册建造师资格和有效的安全生产考核合格证书（B证），不得同时担任其他在建工程项目的项目经理或施工负责人（提供只承担本项目的承诺书，格式自拟）；④项目管理机构其他主要人员要求详见申请人须知附录，均应当在申请人处注册执业或岗位登记，且社会保险缴费单位应是申请人（提供近一年内任意一个月缴纳社保证明材料）。（3）财务要求（联合体投标时，联合体所有成员均应满足该要求）：提供经会计师事务所审计的2023年、2024年、2025年度财务报表审计报告；（若成立时间不足三年，提供成立至今的年度财务报表审计报告，成立不足一年的，提供银行资信证明）。（4）信誉要求（联合体投标时，联合体所有成员均应满足该要求）：①没有被依法暂停或取消投标资格；②没有被责令停产停业、暂扣或者吊销许可证、暂扣或者吊销执照；③没有进入清算程序，或被宣告破产，或其他丧失履约能力的情形；④在最近三年内没有发生重大工程质量问题；⑤没有在“国家企业信用信息公示系统”（www.gsxt.gov.cn）中被列入严重违法失信企业名单；⑥没有在“信用中国”网站（www.creditchina.gov.cn）或中国执行信息公开网（http://zxgk.court.gov.cn/）或各级信用信息共享平台被列入失信被执行人名单；⑦在近三年内申请人或其法定代表人、拟委任的项目经理没有被人民法院判决为行贿罪；⑧不存在法律法规或申请人须知前附表第1.4.3（17）目规定的不得存在的其他情形。信誉要求中①、②、③、④、⑤、⑥、⑦、⑧提供承诺，其中⑤、⑥、⑦、⑧项还须提供对应网站查询截图，第⑦项提供在中国裁判文书网（https://wenshu.court.gov.cn/）查询没有相关行为记录的截图。（5）其他要求：详见第二章投标人须知“附录一：投标人资质条件、能力和信誉”的相关要求。     3.2本标段资格预审接受联合体资格预审申请。联合体申请资格预审的，应满足下列要求：①联合体各方均是响应招标、参加投标竞争的法人或者其他组织。②联合体的资质应符合申请人资格要求的规定，联合体资质按照联合体协议约定的分工认定。③联合体各方应按资格预审文件提供的格式签订联合体协议书，明确联合体牵头人和各方权利义务。④联合体牵头单位负责联合体在本项目中的投标报名等相关事宜。⑤联合体各方不得再以自己名义单独或参加其他联合体在本招标项目中投标，如有违反，其投标和与此有关的联合体的投标将被拒绝。     3.3 各申请人可就本项目上述标段中的1(具体数量）个标段提出资格预审申请，通过资格审查后参加相应标段的投标，但最多允许中标1(具体数量）个标段(适用于分标段的招标项目)。     3.4本次招标本项目属于政府采购工程。本项目属性：项目整体预留专门面向中小企业采购。     3.5其他要求：/ 4.资格预审方法     本标段资格预审采用有限数量制,采用有限数量制的，当通过详细审查的申请人多于9家时，通过资格预审的申请人限定为 9家。 5.资格预审文件的获取     5.1 凡有意申请资格预审者（若为联合体申请，指联合体所有成员），应当在湖北省电子招投标交易平台（以下简称“电子交易平台”，下同）（网址：www.hbbidcloud.cn）进行注册登记，并下载移动数字证书（CA）、电子营业执照或办理实体数字证书（CA）（具体操作参见“电子交易平台”—办事指南—交易主体注册登记指南）。     5.2 完成注册登记后，请于2026年09月04日至2026年09月08日24：00时止（北京时间、下同），通过互联网使用移动数字证书（CA）、电子营业执照或办理实体数字证书（CA）登录“电子交易平台”，在所申请标段免费下载资格预审文件。联合体申请的，由联合体牵头人下载资格预审文件（具体操作参见“电子交易平台”—办事指南—招标（资审）文件下载指南）。未按规定从“电子交易平台”下载资格预审文件的，招标人 （“电子交易平台”）拒收其申请文件。 6.资格预审申请文件的递交     6.1 资格预审申请文件递交截止时间为：2026年09月15日 09时30分     6.2 申请人应当在资格预审申请截止时间前，通过互联网使用移动数字证书（CA）、电子营业执照或办理实体数字证书（CA）登录“电子交易平台”，将加密的电子资格预审申请文件上传，申请人完成资格预审申请文件上传后，“电子交易平台”即时向申请人发出电子签收凭证，递交时间以电子签收凭证载明的传输完成时间为准。逾期未完成上传或未加密的电子资格预审申请文件，招标人（“电子交易平台”）将拒收。 7.发布公告的媒介     本标段资格预审公告同时在湖北省公共资源交易电子服务系统（网址：www.hbggzyfwpt.cn）、中国政府采购网、同济医院官网上发布 8.联系方式     招标人: 华中科技大学同济医学院附属同济医院     招标代理机构: 湖北中天招标有限公司     地址: 武汉市硚口区解放大道1095号     地址: 武汉市武昌区中北路109号中铁1818大厦10楼     邮编:       邮编:       联系人: 冉主任     项目负责人: 徐工     电话: 027-83662896     电话: 19323501940     传真:       传真:       电子邮箱:       电子邮箱:       网 址:       网 址:       开户银行:       开户银行:       账 号:       账 号:   9.行政监督部门 名称: 硚口区自然资源和城乡建设局建筑工程质量安全中心     地址: 硚口区中山大道45号 电话: 027-83992337 传真: 027-83992337 邮政编码: 430030 2026年09月03日 备注:  四、预算金额：预算金额：861.000000 万元（人民币）",医疗卫生,,中国政府采购网,,861.0,table,,,,,,,,,,,
广东省深圳市消防救援支队2026年度机关办公打印耗材采购服务采购项目遴选公告,其他公告,0724-2610SZ965491,2026年09月03日 17:23,深圳市,深圳市消防救援支队,深圳市福田区红荔路2009号,赖工 0755-83232137,国义招标股份有限公司,深圳市福田区红荔路1001号银盛大厦11楼1101-1105,谢宁多、黄颖 0755-82331226,谢宁多、黄颖,0755-82331226,遴选文件-广东省深圳市消防救援支队2026年度机关办公打印耗材采购服务采购项目.pdf,"[{""attach_name"": ""遴选文件-广东省深圳市消防救援支队2026年度机关办公打印耗材采购服务采购项目.pdf"", ""attach_url"": ""https://download.ccgp.gov.cn/oss/download?uuid=6AB9F117969A8DE1D8C0F2B32EC37A""}]",https://www.ccgp.gov.cn/cggg/zygg/qtgg/202609/t20260903_27261663.htm,2026-09-10 10:12:04,"国义招标股份有限公司受深圳市消防救援支队 委托，根据《中华人民共和国政府采购法》等有关规定，现对广东省深圳市消防救援支队2026年度机关办公打印耗材采购服务采购项目进行其他招标，欢迎合格的供应商前来投标。 项目名称：广东省深圳市消防救援支队2026年度机关办公打印耗材采购服务采购项目项目编号：0724-2610SZ965491项目联系方式：项目联系人：谢宁多、黄颖项目联系电话：0755-82331226 采购单位联系方式：采购单位：深圳市消防救援支队采购单位地址：深圳市福田区红荔路2009号采购单位联系方式：赖工 0755-83232137 代理机构联系方式：代理机构：国义招标股份有限公司代理机构联系人：谢宁多、黄颖 0755-82331226代理机构地址： 深圳市福田区红荔路1001号银盛大厦11楼1101-1105 一、采购项目内容 项目概况 根据《深圳市消防救援支队采购管理暂行规定（2024年版）》，广东省深圳市消防救援支队2026年度机关办公打印耗材采购服务采购项目采用内部评选遴选方式择优选择参评人。项目情况如下：  （一）项目基本情况项目名称：广东省深圳市消防救援支队2026年度机关办公打印耗材采购服务采购项目项目编号：0724-2610SZ965491预算金额：200,000.00元采购需求（包括但不限于采购的名称、数量、简要技术需求或服务要求等）：确定一家参评人，为采购人提供服务。合同履行期限：两年（合同一年一签，第一年为本次招标的成交服务期限，合同最多续签一次。如采购人对履约情况不满意，采购人不再续约）。具体以合同签订之日起算，协议期内所有合同实质性条款不得改变。（二）参评人的资格要求1.参评人必须是具有独立法人资格或是具有独立承担民事责任能力的其他组织（提供营业执照或事业单位法人证书或其他证明材料扫描件，如果参与参评的供应商为分公司则须提供分公司营业执照、其所属集团（或总公司）等具有独立法人资格的组织出具愿为其参与本项目参评以及履约行为承担民事责任的授权书，但只接受直接授权，不接受逐级授权，并同时提供总公司营业执照。不接受同一集团（或总公司）授权两家或以上分公司同时参与本项目参评，也不接受集团（或总公司）与分公司同时参与本项目参评，如出现上述情形，该两家或以上供应商的参评文件均按无效参评处理)。上述资料原件备查）。2.参与本项目政府采购活动时不存在被有关部门禁止参与政府采购活动且在有效期内的情况（由参评人在《政府采购投标及履约承诺函》中作出声明，加盖公章）。3.具备《中华人民共和国政府采购法》第二十二条第一款的条件（由参评人在《政府采购投标及履约承诺函》中作出声明，加盖公章）。4.未被列入失信被执行人、重大税收违法失信主体、政府采购严重违法失信行为记录名单（由参评人在《政府采购投标及履约承诺函》中作出声明，加盖公章）【注：采购代理机构将通过“信用中国”中“信息公示”栏的“重大税收违法失信主体”“失信被执行人”、“中国政府采购网”中的“政府采购严重违法失信行为记录名单”、“深圳信用网”以及“深圳市政府采购监管网”查询参评人的信用信息，相关信息以开标当日的查询结果为准。信用信息查询记录将作为项目档案材料一并保存】。5.不同参评人的法定代表人、主要经营负责人、项目投标授权代表人、项目负责人（如有）、主要技术人员（如有）不得为同一人、属同一单位或者在同一单位缴纳社会保险；不同参评人的投标文件不得由同一单位或者同一人编制；单位负责人为同一人或者存在直接控股、管理关系的不同参评人，不得参加本项目采购活动（由参评人填写《供应商基本情况表》相关信息，如发现不同参评人的相关信息存在上述“不得”的情形，作投标无效处理）。6.为本项目提供整体设计、规范编制或者项目管理、监理、检测等服务的参评人，不得参加本项目投标（由参评人在《政府采购投标及履约承诺函》中作出声明，加盖公章）。7.本项目不接受联合体投标，不接受进口产品参与投标，不允许转包、分包（由参评人在《政府采购投标及履约承诺函》中作出声明，加盖公章）。8.本项目不属于专门面向中小微企业采购的项目。本项目对应的中小企业划分标准所属行业：租赁和商务服务业。（三）获取遴选文件时间：2026年9月3日至2026年9月10日（周一至周五上午9:00-12:00，下午14:00-17:00）（北京时间，法定节假日除外）地点：国义招标股份有限公司深圳分公司（地址：深圳市福田区红荔路1001号银盛大厦11楼1101-1105）方式：线上购买（详见其他补充事宜）售价（元）：￥500.00，本公告包含的遴选文件售价总和其他补充事宜：1.获取遴选文件方式：（1）本项目在国义招标采购平台（以下简称“国e平台”，网址：http://www.ebidding.com）进行遴选文件线上售卖（建议使用“傲游（www.maxthon.cn）”、“QQ（http://browser.qq.com/）、搜狗（https://ie.sogou.com/）”浏览器）。（2）首次在国e平台上购买遴选文件的单位须在购买遴选文件前在国e平台网页进行注册，操作步骤详见国e平台用户指南中《平台注册指引》。（3）国e平台线上购买：1）首先在国e平台完成注册以及投标人自荐审批手续；2）在上一步操作完成后，选择“递交资料管理”-“申请资料递交”，选择对应项目点击申请，上传以下附件：①法定代表人/负责人资格证明书、法定代表人/负责人授权委托书②营业执照副本复印件（加盖公章）待确认后，按照第3点所述方式购买遴选文件；（3）遴选文件购买方式：投标人可在国e平台注册审批通过后登录系统购买本项目遴选文件，具体步骤如下：（a）登录后选择“文件管理”-“遴选文件购买”，选择对应项目点击“立即购买”生成订单；（b）根据实际情况，填写具体信息，通过网银支付、微信支付的方式完成购买手续（操作步骤详见国e平台常用文件中《线下开评标项目投标人购买遴选文件操作手册》），请投标人付款前确认所下单的项目编号是否正确，文件售后概不退换。（c）购标订单完成后，投标人可登录国e平台，在“文件管理→遴选文件订单”，具体项目订单详情页下载电子发票。电子发票一般是订单支付完成后48小时内开具，格式为不可修改的PDF文件。（4）国e平台操作咨询联系人：叶小姐020-37860669，李先生020-37860665。2.线上报名成功后，纸质遴选文件领取方式如下：现场领取纸质遴选文件国义招标股份有限公司深圳分公司地址：深圳市福田区红荔路1001号银盛大厦11楼1101-1105电话：0755-82331226联系人：谢先生（四）提交参评文件截止时间、评选时间和地点参评文件提交截止时间：2026年9月16日14时30分（北京时间）评选文件提交方式：现场递交收取地址：国义招标股份有限公司深圳分公司开（评）标室2（深圳市福田区红荔路1001号银盛大厦11楼）收取联系人：谢宁多、黄颖联系电话：0755-82331226邮编：518000评选时间：2026年9月16日14时30分（北京时间）评选地点：国义招标股份有限公司深圳分公司开（评）标室2（深圳市福田区红荔路1001号银盛大厦11楼） 二、开标时间：2026年09月16日 14:30 三、其它补充事宜详见遴选文件 四、预算金额：预算金额：20.000000 万元（人民币）",公共安全,2026-09-16 14:30,中国政府采购网,,20.0,table,,,,,,,,,,,
北京市密云区消防救援支队2026年消防装备采购项目消防装备技术参数征求意见公告,其他公告,,2026年09月03日 17:20,密云县,北京市密云区消防救援支队,北京市密云区水源东路331号,冯工，01089098802（转8159）,/,/,/,冯工,010-89098802（转8159）,"附件2：北京市密云区消防救援支队2026年消防装备采购项目消防装备技术参数需求征求意见反馈表 .doc,附件1：北京市密云区消防救援支队2026年消防装备采购项目消防装备技术参数..xlsx","[{""attach_name"": ""附件2：北京市密云区消防救援支队2026年消防装备采购项目消防装备技术参数需求征求意见反馈表 .doc"", ""attach_url"": ""https://download.ccgp.gov.cn/oss/download?uuid=C2BBE26378315788F289D680097430""}, {""attach_name"": ""附件1：北京市密云区消防救援支队2026年消防装备采购项目消防装备技术参数..xlsx"", ""attach_url"": ""https://download.ccgp.gov.cn/oss/download?uuid=43F960724EED571EADD79FB06FA905""}]",https://www.ccgp.gov.cn/cggg/zygg/qtgg/202609/t20260903_27261617.htm,2026-09-10 10:12:04,/受北京市密云区消防救援支队 委托，根据《中华人民共和国政府采购法》等有关规定，现对北京市密云区消防救援支队2026年消防装备采购项目进行其他招标，欢迎合格的供应商前来投标。 项目名称：北京市密云区消防救援支队2026年消防装备采购项目项目编号：项目联系方式：项目联系人：冯工项目联系电话：010-89098802（转8159） 采购单位联系方式：采购单位：北京市密云区消防救援支队采购单位地址：北京市密云区水源东路331号采购单位联系方式：冯工，01089098802（转8159） 代理机构联系方式：代理机构：/代理机构联系人：/代理机构地址： / 一、采购项目内容一、基本情况现就北京市密云区消防救援支队2026年消防装备采购项目消防装备技术参数需求公开征求意见。公示期间，潜在供应商请遵循客观、公正的原则，对本项目技术需求提出意见或者建议。请在中国政府采购网（https://www.ccgp.gov.cn/）下载征求意见公告及相关附件，并于截止时间前，根据相关要求提交修改建议，逾期不予受理。二、技术需求详见附件1三、征求内容及获取方式1、征求内容：采购技术需求。2、回复征求意见的供应商资格要求：满足《中华人民共和国政府采购法》第二十二条规定。四、公告期限及回复征求意见截止时间1、征求意见公告时间自2026年9月3日起至2026年9月14日17点00分（北京时间）止。2、回复征求意见截止时间2026年9 月14 日17点00分前（北京时间）。五、回复征求意见格式及方式1、回复征求意见格式按照本公告附件2提供的格式要求，填写有效的《北京市密云区消防救援支队2026年消防装备采购项目消防装备技术参数需求征求意见反馈表》（以下简称《征求意见反馈表》）。回复内容：①电子版《征求意见反馈表》（可编辑的Excel文件）及加盖公章后的彩色扫描件（pdf文件）；上述两个文件内容须完全一致，如出现内容不一致时，以盖章版为准。②加盖公章后有效的佐证材料（包括但不限于产品白皮书、产品检测报告、产品说明书等）；需以醒目的方式标记、注明所对应的需求内容。格式要求：如供应商提交2个及以上的技术需求修改意见，请务必根据不同装备，分别将上述材料压缩至不同压缩包内，且压缩包名称统一命名为《XXXX装备-技术需求修改意见》。2、回复征求意见方式以电子邮件方式发至463835096@qq.com邮件主题为：XXX公司（公司全称）+《北京市密云区消防救援支队2026年消防装备采购项目消防装备技术参数需求修改意见》。六、补充说明1、本次公开的标前信息是采购项目的初步安排，具体以最终发布的采购文件为准。2、针对本项目的意见建议，仅供采购人完善采购需求参考所用；采购人不做书面回复，如被采纳将统一在采购文件中修改。七、联系方式名    称：北京市密云区消防救援支队地    址：北京市密云区水源东路331号联 系 人：冯工联系电话：010-89098802（转8159） 附件1：北京市密云区消防救援支队2026年消防装备采购项目消防装备技术参数.附件2：北京市密云区消防救援支队2026年消防装备采购项目消防装备技术参数需求征求意见反馈表  二、开标时间： 三、其它补充事宜 四、预算金额：预算金额：74.275000 万元（人民币）,公共安全,,中国政府采购网,,74.275,table,,,,,,,,,,,
中国消防救援学院责任保险服务采购项目比选公告,其他公告,ZYZB-2026-0819,2026年09月03日 17:16,北京市,中国消防救援学院,北京市昌平区南口镇南雁路4号,刘老师，010-69787153,中钰招标有限公司,北京市丰台区东旭国际中心A座北楼17层,李雪阳、陈思思、李倩、卢雪、张书玲、郭玉婷、刘晶晶、朱艳梅、丁峥敏010-60624505-805、010-60624505-812、010-60624505-813,李雪阳、陈思思、李倩、卢雪、张,010-60624505-805、010-60624505-812、010-60,,,https://www.ccgp.gov.cn/cggg/zygg/qtgg/202609/t20260903_27261507.htm,2026-09-10 10:12:05,中钰招标有限公司受中国消防救援学院 委托，根据《中华人民共和国政府采购法》等有关规定，现对中国消防救援学院责任保险服务采购项目进行其他招标，欢迎合格的供应商前来投标。 项目名称：中国消防救援学院责任保险服务采购项目项目编号：ZYZB-2026-0819项目联系方式：项目联系人：李雪阳、陈思思、李倩、卢雪、张书玲、郭玉婷、刘晶晶、朱艳梅、丁峥敏项目联系电话：010-60624505-805、010-60624505-812、010-60624505-813 采购单位联系方式：采购单位：中国消防救援学院采购单位地址：北京市昌平区南口镇南雁路4号采购单位联系方式：刘老师，010-69787153 代理机构联系方式：代理机构：中钰招标有限公司代理机构联系人：李雪阳、陈思思、李倩、卢雪、张书玲、郭玉婷、刘晶晶、朱艳梅、丁峥敏010-60624505-805、010-60624505-812、010-60624505-813代理机构地址： 北京市丰台区东旭国际中心A座北楼17层 一、采购项目内容 序号 标的名称 采购包 预算金额 （万元） 数量 简要服务要求 1 中国消防救援学院责任保险服务采购项目 24 1 1.校方责任保险 2.校方无过失责任保险 3.校方食品安全责任保险 4.校方实习责任保险 5.体育运动伤害责任保险  二、开标时间：2026年09月18日 09:30 三、其它补充事宜（一）项目基本情况1.项目编号：ZYZB-2026-08192.项目名称：中国消防救援学院责任保险服务采购项目3.项目预算金额：24万元、项目最高限价（如有）：24万元4.采购需求： 序号 标的名称 采购包 预算金额 （万元） 数量 简要服务要求 1 中国消防救援学院责任保险服务采购项目 24 1 1.校方责任保险 2.校方无过失责任保险 3.校方食品安全责任保险 4.校方实习责任保险 5.体育运动伤害责任保险 5.合同履行期限：从履约日期开始，完整的1个自然年。6.本项目是否接受联合体： □是  ■否。（二）申请人的资格要求（须同时满足）1.满足《中华人民共和国政府采购法》第二十二条规定；2.落实政府采购政策需满足的资格要求：2.1 中小企业政策■本项目不专门面向中小企业预留采购份额。□本项目专门面向  □中小 □小微企业  采购。即：提供的货物全部由符合政策要求的中小/小微企业制造、服务全部由符合政策要求的中小/小微企业承接。□本项目预留部分采购项目预算专门面向中小企业采购。对于预留份额，提供的货物由符合政策要求的中小企业制造、服务由符合政策要求的中小企业承接。预留份额通过以下措施进行： / 。2.2 其它落实政府采购政策的资格要求（如有）： / 。3.本项目的特定资格要求：（1）供应商须具有国家金融监督管理总局或（原）中国银行保险监督管理委员会或（原）中国保险监督管理委员会颁发的《保险公司法人许可证》或《经营保险业务许可证》或《保险许可证》或《金融许可证》；（2）被列入失信被执行人、重大税收违法失信主体、政府采购严重违法失信行为记录名单的，不得参加本次采购；（3）单位负责人为同一人或者存在直接控股、管理关系的不同供应商，不得参加同一采购项目；（4）为本项目提供整体设计、规范编制或者项目管理、监理、检测等服务的供应商，不得参加本项目。（5）本项目允许保险机构的分支机构参与。如参与投标的为保险机构的分支机构，须提供该分支机构所属的总公司或集团公司的营业执照（副本）及总公司或集团公司授权该分支机构参与本项目的授权文件。 （三）获取比选文件1.时间：2026年09月04日至2026年09月11日，每天上午9:00至12:00，下午12:00至17:00（北京时间，法定节假日除外）。2.地点：“中招联合招标采购平台”（网址：http://www.365trade.com.cn）。3.方式：线上领取。领取文件时请上传以下资料：如报名人为法定代表人：供应商单位开具的法定代表人身份证明、法定代表人本人身份证（加盖公章）；如报名人为授权代理人：法定代表人授权委托书（内容自拟，但必须包括法定代表人签字或人名章，单位公章，以及授权事项必须包含针对本项目报名事宜，授权书须明确项目名称及招标编号）、报名人本人身份证加盖公章复印件。以上资料原件同等大小的彩色扫描件PDF版做为附件上传，上传后提交审核。审核未通过的，可点击“重新提交”查看未通过原因，然后在文件获取时间内重新提交材料。注：登陆“中招联合招标采购平台”进行投标人免费注册，注册完成后，选择参与投标的项目进行线上支付（支持微信、支付宝）并下载电子版比选文件。具体步骤如下：（1）登录中招联合招标采购平台网址进行供应商免费注册；（2）注册完成后，进入系统，点击页面上方“我的工作台”下拉菜单中的“寻找招标项目”进行项目搜索，投标人找到意愿参与的项目，勾选标包并填写相应信息，点击“立即购标”；（3）投标人选择支付方式、选中相应的费用信息并完善发票信息后，点击“提交支付”进行费用支付；（4）支付完成后，点击页面上方“我的工作台”下拉菜单中的“我参与的项目”进行比选文件下载；（5）因本项目采用全流程电子化招投标，购标人应在比选文件购买完成后尽快与中招联合招标采购平台联系办理CA密钥的购买事宜，以免延误投标。已办理北京CA公司签章，且数字证书在有效期内的单位不需重复办理。4.售价：0元。平台服务费供应商自行承担，售后不退。 （四）提交响应文件截止时间、开标时间和地点1.提交截止时间：2026 年09月18日09时30分（北京时间）。2.提交方式：供应商登录“中招联合招标采购平台”（网址：http://www.365trade.com.cn）并上传提交响应文件。 （五）公告期限自本公告发布之日起3个工作日。 （六）其他补充事宜1.本项目比选公告在中国政府采购网上发布。2.供应商必须在“中招联合招标采购平台”（网址：http://www.365trade.com.cn）下载比选文件。 （七）对本次招标提出询问，请按以下方式联系。1.采购人信息名    称：中国消防救援学院地    址：北京市昌平区南口镇南雁路4号联系方式：刘老师，010-697871532.采购代理机构信息名    称：中钰招标有限公司地    址：北京市丰台区东旭国际中心A座北楼17层联系方式：李雪阳、陈思思、李倩、卢雪、张书玲、郭玉婷、刘晶晶、朱艳梅、丁峥敏010-60624505-805、010-60624505-812、010-60624505-8133.项目联系方式项目联系人：李雪阳、陈思思、李倩、卢雪、张书玲、郭玉婷、刘晶晶、朱艳梅、丁峥敏电      话：010-60624505-805、010-60624505-812、010-60624505-813 特别告知各潜在供应商：本项目为全流程电子化采购项目。在线注册、发售并下载比选文件。凡有意购买文件的供应商，请前往中招联合招标采购平台:http://www.365trade.com.cn免费注册。潜在供应商应充分考虑平台注册、确认及获取标书等流程所需的时间，应及时登录中招联合招标采购平台完成注册、获取等操作，否则将无法保证获取比选文件。（如有疑问可拨打中招联合招标采购平台统一服务热线010-86397110，62108037进行咨询）。（1）供应商进行投标（响应）前尽快与中招联合招标采购平台: http://www.365trade.com.cn;网站联系办理CA密钥的购买事宜，以免延误提交响应文件。已办理公司签章及法定代表人签章，且数字证书在有效期内的单位不需重复办理，如已过期或即将过期，须联系中招联合招标采购平台统一服务热线010-86397110，62108037进行咨询，进行证书更新。（2）供应商提交的电子响应文件需要按比选文件要求进行公司签章及法定代表人签章后，再生成完整的电子响应文件，并于响应截止时间前在中招联合招标采购平台成功上传响应文件。（3）未按照比选文件要求签字或签章的电子响应文件为无效响应文件，其响应将被否决。（4）开启时，请供应商准时登录中招联合电子招标采购平台观看开启流程，采购代理机构将通过中招联合招标采购平台对成功上传的电子响应文件进行集中解密。（5）逾期上传或者未上传响应文件的，视为无效响应。（6）由于平台系统故障导致电子响应文件无法在响应截止时间前正常上传，应及时通过统一服务热线联系平台技术服务人员解决。若在响应截止时间之前仍未解决的（须提供响应截止时间前三个小时之内参选操作异常的证明材料，如响应过程中出现错误或异常的系统桌面的全幅截图）；供应商上传加密的电子响应文件非由供应商的责任导致开启现场解密异常，无法正常打开的；评审现场由于网络或其他不可预知的问题出现而无法正常进行电子评审的，由采购人及评审小组研究决定是否延期评审或重新采购。供应商操作步骤如下：①登录http://www.365trade.com.cn网址进行供应商注册。②注册完成后，进入系统，点击“查找商机”进行项目名称查询，找到项目点击“我要参与”。③供应商选中需要响应的包加入购物车进行标书费用支付。④支付完成后，供应商可以进行比选文件下载。⑤通过平台中的CA申请，进行CA办理（如有问题可致电平台公司咨询）。⑥CA办理完成后，通过中招联合“响应文件编辑工具”打开比选文件，并按照提示进行逐步填写，生成响应文件，响应文件编辑完成后通过平台进行上传。⑦评审结束后，可登录系统查看成交结果。 四、预算金额：预算金额：24.000000 万元（人民币）,教育培训,2026-09-18 09:30,中国政府采购网,,24.0,table,,,,,,,,,,,
暨南大学石牌校区科学馆一楼接待室项目询比公告,其他公告,0809-2640GZX24065,2026年09月03日 17:15,天河区,暨南大学,广州市天河区黄埔大道西601号,李老师，020-85223022,广东华伦招标有限公司,广州市越秀区广仁路1号广仁大厦7楼,麦工，020-83172166-843,麦工,020-83172166-843,暨南大学石牌校区科学馆一楼接待室项目询比文件（发布稿）.pdf,"[{""attach_name"": ""暨南大学石牌校区科学馆一楼接待室项目询比文件（发布稿）.pdf"", ""attach_url"": ""https://download.ccgp.gov.cn/oss/download?uuid=EA6FDA00A0D6FC79D4D69937534899""}]",https://www.ccgp.gov.cn/cggg/zygg/qtgg/202609/t20260903_27261451.htm,2026-09-10 10:12:05,广东华伦招标有限公司受暨南大学 委托，根据《中华人民共和国政府采购法》等有关规定，现对暨南大学石牌校区科学馆一楼接待室项目进行其他招标，欢迎合格的供应商前来投标。 项目名称：暨南大学石牌校区科学馆一楼接待室项目项目编号：0809-2640GZX24065项目联系方式：项目联系人：麦工项目联系电话：020-83172166-843 采购单位联系方式：采购单位：暨南大学采购单位地址：广州市天河区黄埔大道西601号采购单位联系方式：李老师，020-85223022 代理机构联系方式：代理机构：广东华伦招标有限公司代理机构联系人：麦工，020-83172166-843代理机构地址： 广州市越秀区广仁路1号广仁大厦7楼 一、采购项目内容采购人 暨南大学 对 暨南大学石牌校区科学馆一楼接待室项目 进行询比，欢迎符合资格条件的供应商参加。有关事项如下：1. 项目概况标段划分：本项目划分为 1 个标段。工程规模：500平方米。工程地址：暨南大学石牌校区科学馆一楼接待室。工程内容：暨南大学石牌校区科学馆一楼接待室，包括全屋拆除旧装修，新建隔墙，水电，天花，地面等改造。详情见设计图纸和工程量清单。计划工期：不超过30日历天。最高限价：人民币851949.91元（其中安全生产措施费22680.89元，暂列金额66017.40元）。承包方式：本项目采用固定综合单价合同方式，实行综合单价包干、措施项目费包干，工程量按实结算（即包工、包料、包工期、包质量、包安全、包文明施工、包税、包利润等）。2. 响应供应商资格要求2.1供应商参加询比的意思表达清楚，供应商代表被授权有效。2.2供应商（联合体响应的，指联合体各方）须是中华人民共和国境内合法注册，能独立承担民事责任的法人或者其他组织。2.3供应商（联合体响应的，指联合体各方）持有有效的建设行政主管部门颁发的安全生产许可证。2.4供应商具有承接本工程所需的建筑装修装饰工程专业承包二级或以上资质和建筑机电安装工程专业承包三级或以上资质。供应商（联合体响应的，由主办单位提供）拟担任本工程项目负责人的人员为：建筑工程专业二级或以上的注册建造师。注：①资质内容按照建市[2014]159号文颁布的新版《建筑业企业资质标准》中对应的资质类别及等级的承包工程范围和《住房城乡建设部关于建筑业企业资质管理有关问题的通知》（建市[2015]154号）、《住房城乡建设部关于简化建筑业企业资质标准部分指标的通知》(建市[2016]226号)的要求设置。招标内容含有设计要求，且设计要求仅为深化设计的，在供应商的资质设置要求中，不允许设置设计资质。供应商还应当符合《住房和城乡建设部办公厅关于做好建筑业“证照分离”改革衔接有关工作的通知》（建办市〔2021〕30号）、《住房和城乡建设部办公厅关于建设工程企业资质有关事宜的通知》（建办市函〔2022〕361号）、《广东省住房和城乡建设厅关于建设工程企业资质有关事宜的通知》（粤建许函〔2022〕846号）、《住房城乡建设部建筑市场监管司关于建设工程企业资质延续有关事项的通知》（建司局函市〔2023〕116号）、《广东省住房和城乡建设厅关于建设工程企业资质延续有关事项的通知》（粤建许函〔2023〕820号）、《住房城乡建设部办公厅关于做好有关建设工程企业资质证书换领和延续工作的通知》（建办市〔2023〕47号）、《广东省住房和城乡建设厅关于做好有关建设工程企业资质证书换领工作的通知》（粤建许函〔2024〕124号）、《广州市住房和城乡建设局关于建设工程企业资质证书换领工作的通知》（穗建审批〔2024〕242号）等相关规定。根据上述文件的要求，供应商需办理企业资质有效期延续的，应当按照相关规定及时办理。②根据《住房和城乡建设部办公厅关于全面实行一级建造师电子注册证书的通知》（建办市〔2021〕40号），自2022年1月1日起，一级建造师统一使用电子证书，纸质证书作废。广东、北京、福建、四川等地二级建造师已实行电子证书，电子证书下载、签字等具体操作流程可查阅相关文件。根据规定二级建造师纸质证书未作废的，资格审查时不得以供应商未提供电子证书为由，认定供应商资格审查不通过。若供应商提供的注册建造师电子证书超过使用有效期、未在个人签名处手写签名或手写签名应与签名图像笔迹存在差异的，资格审查时应通过“全国建筑市场监管公共服务平台”或各省规定的查询渠道查询持证人注册建造师注册信息，注册信息与响应文件所附电子证书一致的，上述情形不影响供应商通过资格审查。评审结束后，若该供应商为成交候选人的，供应商应在采购人规定的时限内提交符合要求的电子证书打印件和持证人出具的知情承诺。供应商未按时提交或提交资料不符合上述要求的，视为放弃成交资格。③根据广东省住建厅《关于明确二级建造师注册执业有关问题的通知》（粤建市函〔2023〕469号），二级建造师应在考试取得执业资格的省、自治区、直辖市申请注册，二级注册建造师可随注册企业在全国范围内执业。项目负责人在任职期间不得担任专职安全员，项目专职安全员在任职期间也不得担任项目负责人，项目负责人和专职安全员不为同一人。2.5项目负责人（联合体响应的，由主办单位提供）持有在有效期内的安全生产考核合格证（B类）或建筑施工企业项目负责人安全生产考核合格证书。2.6专职安全员（联合体响应的，由主办单位提供）须具有在有效期内的安全生产考核合格证（C类）或建筑施工企业专职安全生产管理人员安全生产考核合格证书（C3）。2.7本项目接受联合体响应，但只接受最多由2家单位组成的联合体。联合体应以承担建筑装修装饰工程任务的供应商为主办单位，并签订《联合体协议书》，协议书应明确约定各方拟承担的工作（各方工作不能重复）和责任，按联合体任务分工进行评审。联合体各方不得再以自己名义单独或加入其他联合体响应本项目询比。（《联合体协议书》格式详见本询比公告附件）3. 获取询比文件3.1获取询比文件的方式：网上购买方式（只接受网上支付）。询比文件每标段售价300元，售后不退。3.2获取询比文件的时间期限：2026年 9 月 3 日～2026年 9 月 10 日。获取时间段为上述日期每天全日。3.3网上获取方式（只接受网上支付）。供应商可在上述日期内登录我公司网站“中招联合电子招标平台供应商在线服务”（https://www.gdhualun.com.cn/）购买招标文件。平台操作相关问题请查询网站“通知公告”栏目（https://www.gdhualun.com.cn/announce/）中《供应商操作指南》（或咨询我公司020-83172166转206、020-83527049；QQ：2127233298）。本公司只接受通过以上方式正式获取招标文件的供应商参加投标。3.4其他补充事宜：我公司可提供纸质询比文件和购买询比文件的电子发票。有需要的投标人成功获取网上询比文件后，可在规定的获取询比文件时间段内到我公司现场（广州市广仁路1号广仁大厦7楼）领取纸质询比文件。购买询比文件的电子发票将以短信方式发送到供应商在我公司平台的预留手机号码。联系人：华伦前台，联系电话：020-83172166转0。4. 响应文件的递交4.1本项目为全流程电子询比项目，递交响应文件采用线上（电子版）的方式，于询比截止时间前在中招联合招标采购平台（网址：http://www.365trade.com.cn）上传加密的电子响应文件。供应商的电子响应文件是经过CA证书加密后上传提交的，任何单位或个人均无法在投标截止时间之前提取查看，不存在泄密风险。制作加密的电子响应文件需使用企业CA证书，供应商在获取询比文件后应及时办理，以免影响本次响应。4.2办理CA证书及电子签章（1）通过微信搜索“粤企签”申请移动数字证书；（2）或点击中招联合招标采购平台（网址：http://www.365trade.com.cn）中的CA申请，进行CA办理（如有问题可致电平台公司咨询）。CA办理完成后，登陆平台，下载“环境检测工具”，安装“投标文件客户端”打开询比文件，并按照提示进行逐步填写，生成响应文件，响应文件编辑完成后通过平台进行上传。4.3响应文件的递交截止时间：（1）递交截止时间：2026年 9 月 14 日上午9:30；（2）开标及响应文件解密时间：2026年 9 月 14 日上午9:30-10:00（递交截止时间到达后的30分钟内）；（3）解密方式：集中解密。4.4开标时间及地点：（1）开标时间：2026年 9 月 14 日上午9:30；（2）开标地点：中招联合招标采购平台（网址：http://www.365trade.com.cn）。4.5采购人和采购代理机构将不承担供应商准备响应文件和递交响应文件以及参加本次响应活动所发生的任何成本或费用。5. 发布公告的媒介本项目的询比公告及相关信息在中国政府采购网、中国招标投标公共服务平台、广东华伦招标有限公司网站上公布，并视为有效送达。6. 联系方式 采 购 人：暨南大学 采购代理机构：广东华伦招标有限公司 地    址：广州市天河区黄埔大道西601号 地    址：广州市越秀区广仁路1号广仁大厦7楼 邮    编：510000 邮    编：510030 联 系 人：李老师 联 系 人：麦工 电    话：020-85223022 电    话：020-83172166-843   传    真：020-83172223   电子邮件：hualunsibu@163.com   2026 年 9 月 3 日  附件：联合体协议书（如有）      （所有成员单位名称）自愿组成    （联合体名称）联合体，共同参加    （项目名称）     询比项目响应。现就联合体响应事宜订立如下协议。1.     （某成员单位名称）为    （联合体名称）主办方。2.联合体各成员授权主办方代表联合体参加响应活动，签署文件，提交和接收相关的资料、信息及指示，进行合同谈判活动，负责合同实施阶段的组织和协调工作，以及处理与本询比项目有关的一切事宜。3.联合体主办方在本项目中签署的一切文件和处理的一切事宜，联合体各成员均予以承认。联合体各成员将严格按照招标文件、投标文件和合同的要求全面履行义务，并向招标人承担连 带责任。4.联合体各成员单位内部的职责分工如下：                   。5.本协议书自所有成员单位法定代表人或其委托代理人签字或盖单位章之日起生效，合同履行完毕后自动失效。 联合体主办方名称：    （盖单位章）法定代表人或其委托代理人： （签字或盖章）地址：                                                    邮政编码：                     电话/传真：                   联合体成员名称：    （盖单位章）法定代表人或其委托代理人：    （签字或盖章）地址：                                                    邮政编码：                     电话/传真：                          年   月   日 注：非联合体投标，不用提供联合体协议书。 二、开标时间：2026年09月14日 09:30 三、其它补充事宜/ 四、预算金额：预算金额：85.194991 万元（人民币）,教育培训,,中国政府采购网,,85.194991,table,,,,,,,,,,,
海口市消防救援支队战勤保障库智慧仓储项目需求公示,其他公告,HNXS2026-G014,2026年09月03日 17:13,海口市,海口市消防救援支队,海口市琼山区兴丹路2号,林助理 0898-65359237,海南鑫赛项目管理有限公司,陈智 0898-65339211,海口市美兰区国兴大道11号国瑞大厦C座（东塔）804室,陈智,0898-65339211,采购需求书.DOCX,"[{""attach_name"": ""采购需求书.DOCX"", ""attach_url"": ""https://download.ccgp.gov.cn/oss/download?uuid=063FBB285335BB08809A341D2EDC52""}]",https://www.ccgp.gov.cn/cggg/zygg/qtgg/202609/t20260903_27261382.htm,2026-09-10 10:12:06,海南鑫赛项目管理有限公司受海口市消防救援支队 委托，根据《中华人民共和国政府采购法》等有关规定，现对海口市消防救援支队战勤保障库智慧仓储项目进行其他招标，欢迎合格的供应商前来投标。 项目名称：海口市消防救援支队战勤保障库智慧仓储项目项目编号：HNXS2026-G014项目联系方式：项目联系人：陈智项目联系电话：0898-65339211 采购单位联系方式：采购单位：海口市消防救援支队采购单位地址：海口市琼山区兴丹路2号采购单位联系方式：林助理 0898-65359237 代理机构联系方式：代理机构：海南鑫赛项目管理有限公司代理机构联系人：海口市美兰区国兴大道11号国瑞大厦C座（东塔）804室代理机构地址： 陈智 0898-65339211 一、采购项目内容海口市消防救援支队战勤保障库智慧仓储项目，具体内容详见附件。 二、开标时间： 三、其它补充事宜采购需求公示期限：2026年09月03日至2026年09月10日意见反馈：任何单位和个人对本项目文件采购需求公示有异议的，可在公示期限内，反馈意见给代理机构。意见反馈方式：对采购需求提出相关意见（应说明理由）应客观公正、实事求是，并在公示期内将相关意见以书面形式（加盖公章）提交至海南鑫赛项目管理有限公司。 四、预算金额：预算金额：610.780000 万元（人民币）,公共安全,,中国政府采购网,,610.78,table,,,,,,,,,,,
六盘水市水城区消防救援大队2026年车辆维修保养服务采购项目采购需求公示,其他公告,RTH20260926,2026年09月03日 17:07,水城县,水城县消防救援大队,贵州省六盘水市水城区双水街道广场社区拥军路 2 号,蒋工 0858-8932119,贵州瑞泰鸿招标造价咨询有限公司,贵州省六盘水市钟山区凉都大道凉都里C7-2-10,罗青 15685865525,蒋工,0858-8932119,"六盘水市水城区消防救援大队车辆维修服务项目竞争性磋商文件-采购需求公示稿.pdf,六盘水市水城区消防救援大队2026年车辆维修保养服务采购项目采购需求公示.pdf","[{""attach_name"": ""六盘水市水城区消防救援大队车辆维修服务项目竞争性磋商文件-采购需求公示稿.pdf"", ""attach_url"": ""https://download.ccgp.gov.cn/oss/download?uuid=BB3F7D305475E6687D4560FA58A456""}, {""attach_name"": ""六盘水市水城区消防救援大队2026年车辆维修保养服务采购项目采购需求公示.pdf"", ""attach_url"": ""https://download.ccgp.gov.cn/oss/download?uuid=2E68E1CFD27D71665FDB6D7EA6511D""}]",https://www.ccgp.gov.cn/cggg/zygg/qtgg/202609/t20260903_27261243.htm,2026-09-10 10:12:07,贵州瑞泰鸿招标造价咨询有限公司受水城县消防救援大队 委托，根据《中华人民共和国政府采购法》等有关规定，现对六盘水市水城区消防救援大队2026年车辆维修保养服务采购项目进行其他招标，欢迎合格的供应商前来投标。 项目名称：六盘水市水城区消防救援大队2026年车辆维修保养服务采购项目项目编号：RTH20260926项目联系方式：项目联系人：蒋工项目联系电话：0858-8932119 采购单位联系方式：采购单位：水城县消防救援大队采购单位地址：贵州省六盘水市水城区双水街道广场社区拥军路 2 号 采购单位联系方式：蒋工 0858-8932119 代理机构联系方式：代理机构：贵州瑞泰鸿招标造价咨询有限公司代理机构联系人：罗青 15685865525代理机构地址： 贵州省六盘水市钟山区凉都大道凉都里C7-2-10 一、采购项目内容一、项目基本信息（一）项目名称：六盘水市水城区消防救援大队2026年车辆维修保养服务采购项目（二）项目编号：RTH20260926（三）预算金额：490000.00元（四）最高限价：100%，以车辆品牌官方4S店或官网原厂工时基准价、原厂配件基准价为核算基础。二、公示期限（不少于2个工作日）时间：2026年09月03日至2026年09月07日  三、其他补充事宜采购预算确定依据：六盘水市水城区消防救援大队会议纪要 二、开标时间： 三、其它补充事宜/ 四、预算金额：预算金额：49.000000 万元（人民币）,公共安全,,中国政府采购网,,49.0,table,,,,,,,,,,,
江西省百巨招标咨询有限公司关于江西某单位安检设备采购项目（采购编号：JXBJ26121359907）大额采购公告,其他公告,JXBJ26121359907,2026年09月03日 17:06,南昌市,SPD-29,南昌市绿茵路399号,柳先生，0791-88156833,江西省百巨招标咨询有限公司,江西省南昌市红谷滩区庐山南大道1999号保利高尔夫花园配套中心3#商业楼店面110-113室,黄颖慧、马俊、刘玲  0791-85230868,黄颖慧、马俊、刘玲,0791-85239887,标的清单.pdf,"[{""attach_name"": ""标的清单.pdf"", ""attach_url"": ""https://download.ccgp.gov.cn/oss/download?uuid=23BB9AAE3241DA0E05B67ECB3DE398""}]",https://www.ccgp.gov.cn/cggg/zygg/qtgg/202609/t20260903_27261241.htm,2026-09-10 10:12:07,江西省百巨招标咨询有限公司受SPD-29 委托，根据《中华人民共和国政府采购法》等有关规定，现对江西某单位安检设备采购项目进行其他招标，欢迎合格的供应商前来投标。 项目名称：江西某单位安检设备采购项目项目编号：JXBJ26121359907项目联系方式：项目联系人：黄颖慧、马俊、刘玲项目联系电话：0791-85239887 采购单位联系方式：采购单位：SPD-29采购单位地址：南昌市绿茵路399号采购单位联系方式：柳先生，0791-88156833 代理机构联系方式：代理机构：江西省百巨招标咨询有限公司代理机构联系人：黄颖慧、马俊、刘玲 0791-85230868代理机构地址： 江西省南昌市红谷滩区庐山南大道1999号保利高尔夫花园配套中心3#商业楼店面110-113室 一、采购项目内容（一）、项目基本情况采购编号：JXBJ26121359907项目名称：江西某单位安检设备采购项目采购方式：大额采购预算金额：273440元最高限价：273440元采购需求：  采购编号 采购项目名称 数量 单位 预算总价 （人民币） JXBJ26121359907 江西某单位安检设备采购项目 1 项 273440元  注：未注明进口产品的，为国产产品，并且不允许提供进口产品参与竞争。合同履行期限：供应商应在本合同签订生效之日起30个日历日之内完成安装调试并交付使用。本项目不接受联合体。（二）、申请人的资格要求：1、具有独立承担民事责任的能力；2、具有良好的商业信誉和健全的财务会计制度；3、具有履行合同所必需的设备和专业技术能力；4、有依法缴纳税收和社会保障资金的良好记录；5、参加采购活动前三年内，在经营活动中没有重大违法记录；6、法律、行政法规规定的其他条件及项目特殊要求。6.1、本项目不接受联合体报价，中选供应商不允许转包。6.2、单位负责人为同一人或者存在直接控股、管理关系的不同供应商，不得参加同一合同项下的采购活动。6.3、为采购项目提供整体设计、规范编制或者项目管理、监理、检测等服务的供应商不得参加该采购项目的采购活动。6.4 供应商被“信用中国”网站列入失信被执行人和重大税收违法失信主体名单的、被“中国政府采购网”网站列入政府采购严重违法失信行为记录名单（处罚期限尚未届满的），不得参与本项目的采购活动。7、本项目为专门面向中小企业采购项目。所应答产品的制造商须在中华人民共和国境内依法设立，依据国务院批准的中小企业划分标准确定的中型企业、小型企业和微型企业，但与大企业的负责人为同一人，或者与大企业存在直接控股、管理关系的除外；监狱企业、残疾人福利性单位视同小型、微型企业【应答文件中须提供中小企业声明函或省级以上监狱管理局、戒毒管理局（含新疆生产建设兵团）出具的属于监狱企业的证明文件或残疾人福利性单位声明函】。（三）、获取大额采购文件时间：2026年9月4日至2026年9月9日，每天上午08：30时至12：00时，下午14：00时至17:30时（北京时间，法定节假日除外）地点：江西省南昌市红谷滩区庐山南大道1999号保利高尔夫花园配套中心3#商业楼店面110-113室或（邮箱：jxbj10@126.com）。方式：提供以下报名资料获取大额采购文件：1、营业执照复印件加盖公章；2、授权代理人身份证原件及复印件加盖公章；3、单位介绍信原件。工本费：200元，售后不退。（四）、应答文件提交截止时间：2026年9月16日09点30分（北京时间）。逾期送达的应答文件，招标代理机构将拒绝接收。地点：江西省百巨招标咨询有限公司（江西省南昌市红谷滩区庐山南大道1999号保利高尔夫花园配套中心3#商业楼店面110-113室）一楼开标厅。（五）、开启时间：2026年9月16日09点30分（北京时间）地点：江西省百巨招标咨询有限公司（江西省南昌市红谷滩区庐山南大道1999号保利高尔夫花园配套中心3#商业楼店面110-113室）一楼开标厅。（六）、公告期限自本公告发布之日起3个工作日。 二、开标时间：2026年09月16日 09:30 三、其它补充事宜1、本项目将向中选供应商收取采购代理服务费，具体缴纳方式及收费标准详见大额采购文件。2、获取了大额采购文件，而不参加采购活动的供应商，请在应答文件递交截止时间前1日以书面形式通知招标代理机构。 四、预算金额：预算金额：27.344000 万元（人民币）,服务外包,2026-09-16 09:30,中国政府采购网,大额采购,27.344,table,,,,,,,,,,,
应急管理部国家减灾中心资产管理自助盘点功能模块开发项目比选公告,其他公告,bccz013,2026年09月03日 17:06,朝阳区,应急管理部国家减灾中心,北京市朝阳区广百东路6号院,隋老师，电话010-52811283，邮箱suiaiyu93@163.com,详见公告正文,详见公告正文,详见公告正文,隋老师,52811283,,,https://www.ccgp.gov.cn/cggg/zygg/qtgg/202609/t20260903_27261968.htm,2026-09-10 10:12:08,根据《中华人民共和国政府采购法》等有关规定，现对应急管理部国家减灾中心资产管理自助盘点功能模块开发项目进行其他招标，欢迎合格的供应商前来投标。 项目名称：应急管理部国家减灾中心资产管理自助盘点功能模块开发项目项目编号：bccz013 项目联系方式：项目联系人：隋老师项目联系电话：52811283 采购单位联系方式：采购单位：应急管理部国家减灾中心采购单位地址：北京市朝阳区广百东路6号院采购单位联系方式：隋老师，电话010-52811283，邮箱suiaiyu93@163.com  一、采购项目内容项目概况应急管理部国家减灾中心资产管理自助盘点功能模块开发项目（编号bccz013）的潜在供应商可联系国家减灾中心采购办联系人隋老师，电话010-52811283，邮箱suiaiyu93@163.com ，获取采购文件，并于2026年9月13日17点前递交参选文件。一、项目基本情况1.项目名称：应急管理部国家减灾中心资产管理自助盘点功能模块开发项目2.预算金额： 9.89万元3.主要内容和要求（概述）： 与现有信息化办公平台、资产管理平台能够进行数据对接，能够与财政部预算一体化资产管理实现数据对接。通过电脑端、移动终端等开发个性化自助盘点功能模块，提升资产动态管理水平，实现不同资产管理场景下分级审批，数据汇总、资产盘点等功能。数据安全方面能够达到行业最高级别三级等保、ISO9000等安全保证支持混合云部署。4.服务/供货期限及服务/供货地点：北京市朝阳区广百东路6号院5.采购方式：比选本项目（是/否）接受联合体投标： 否二、申请人的资格要求1.基本要求：符合《中华人民共和国政府采购法》第二十二条（一）至（六）的规定，即：（1）具有独立承担民事责任的能力。（2）具有良好的商业信誉和健全的财务会计制度。（3）具有履行合同所必需的设备和专业技术能力。（4）有依法缴纳税收和社会保障资金的良好记录。（5）参加政府采购活动前三年内，在经营活动中没有重大违法记录（重大违法记录是指供应商因违法经营受到刑事处罚或者责令停产停业、吊销许可证或者执照、较大数额罚款等行政处罚）。（6）法律、行政法规规定的其他条件。  本项目参选文件递交截止期前被“信用中国”网站（www.creditchina.gov.cn）中列入失信被执行人和/或重大税收违法案件当事人名单的供应商、被中国政府采购网（www.ccgp.gov.cn）列入政府采购严重违法失信行为记录名单中、被财政部门禁止参加政府采购活动的供应商（处罚决定规定的时间和地域范围内），无资格参加本项目的采购活动。单位负责人为同一人或者存在直接控股、管理关系的不同单位，不得同时参加本项目的参选。为本项目提供整体设计、规范编制或者项目管理、监理、检测等服务的供应商，不得再参加本项目参选。2.本项目的特定资格要求：供应商须在该领域具有良好的项目经验积累，能够为项目开发提供必要的支持。原则上应是具有独立法人资格的企事业单位和社会团体。不接受以个人名义的申报（具体要求请见采购文件）。3.参选文件中应附供应商资格声明书。 二、开标时间： 三、其它补充事宜获取采购文件时间：2026年9月4日至2026年9月10日，本次采购文件统一通过邮箱申领获取，意向供应商请以邮件方式申请，邮件内需注明项目名称及项目编号。电话咨询联络时间为每天上午8至11点半，下午14至17点（法定节假日除外）。联系人：隋老师电话号码：010-52811283邮箱：suiaiyu93@163.com四、提交参选文件截止时间所有参选文件应密封完好，文件密封袋上应写明项目编号，项目名称和供应商名称，并于2026年9月13日17点前将一份正本两份副本和一份电子版（盖章签字的彩扫PDF版，文件请加密后再发送到下面的邮箱，密码写在纸上放在密封袋里）参选文件寄送到以下地址，快递外包装上请醒目标注参选文件，快递发出后请发电子邮件告知。逾期递交的参选文件恕不接受。采购联系人：隋老师电话号码：010-52811283邮箱地址：suiaiyu93@163.com通信地址：北京市朝阳区广百东路6号院参选文件的正本和副本均需打印或使用不褪色的蓝、黑墨水笔书写，字迹应清晰易于辨认。当正本与副本不一致时，以正本为准。参选文件的封面上应相应有“正本”或“副本”标记，副本可是正本的复印件。五、公告期限自本公告发布之日起5个工作日。六、对本次采购提出询问，请按以下方式联系对采购文件条款内容（含采购需求、技术方案、商务条款等）有质疑的，应向采购人提交书面质询材料；对采购组织、廉政监督等事项提出质询的，可联系国家减灾中心采购办人员。1.采购人信息采购联系人：隋老师联系电话：010-52811283联系邮箱：suiaiyu93@163.com2.国家减灾中心采购办采购办联系人：焦老师联系电话：010-52811075联系邮箱：cgbw@ndrcc.org.cn采购办纪检联系人：刘老师联系电话：010-52811366联系邮箱：jbxx@ndrcc.org.cn  四、预算金额：预算金额：9.890000 万元（人民币）,公共安全,,中国政府采购网,比选,9.89,table,,,,,,,,,,,
中华人民共和国茂盛围出入境边防检查站2026年食堂食材配送服务采购项目预公告,其他公告,07-08-04F-2026-D-F-E25737,2026年09月03日 17:05,市辖区,中华人民共和国茂盛围出入境边防检查站,珠澳跨境工业区鸿丰大厦,莫警官，0756-8167475,公诚管理咨询有限公司,广东省珠海市香洲区兴华路192号,杨述文、郑凯存、潘文辉、童本锋、盛菲、李涛，0756-2666861,杨述文,0756-2666861,"附件1：中华人民共和国茂盛围出入境边防检查站2026年食堂食材配送服务采购项目竞争性磋商文件.pdf,附件2：中华人民共和国茂盛围出入境边防检查站2026年食堂食材配送服务采购项目修改建议书.doc","[{""attach_name"": ""附件1：中华人民共和国茂盛围出入境边防检查站2026年食堂食材配送服务采购项目竞争性磋商文件.pdf"", ""attach_url"": ""https://download.ccgp.gov.cn/oss/download?uuid=D82E3DA2F80A379E9E4832417EC634""}, {""attach_name"": ""附件2：中华人民共和国茂盛围出入境边防检查站2026年食堂食材配送服务采购项目修改建议书.doc"", ""attach_url"": ""https://download.ccgp.gov.cn/oss/download?uuid=B8B97ABF6A39F8459DEC4F9821D428""}]",https://www.ccgp.gov.cn/cggg/zygg/qtgg/202609/t20260903_27261183.htm,2026-09-10 10:12:09,公诚管理咨询有限公司受中华人民共和国茂盛围出入境边防检查站 委托，根据《中华人民共和国政府采购法》等有关规定，现对中华人民共和国茂盛围出入境边防检查站2026年食堂食材配送服务采购项目进行其他招标，欢迎合格的供应商前来投标。 项目名称：中华人民共和国茂盛围出入境边防检查站2026年食堂食材配送服务采购项目项目编号：07-08-04F-2026-D-F-E25737项目联系方式：项目联系人：杨述文项目联系电话：0756-2666861 采购单位联系方式：采购单位：中华人民共和国茂盛围出入境边防检查站采购单位地址：珠澳跨境工业区鸿丰大厦采购单位联系方式：莫警官，0756-8167475 代理机构联系方式：代理机构：公诚管理咨询有限公司代理机构联系人：杨述文、郑凯存、潘文辉、童本锋、盛菲、李涛，0756-2666861代理机构地址： 广东省珠海市香洲区兴华路192号 一、采购项目内容（一）采购需求：1.标的名称：中华人民共和国茂盛围出入境边防检查站2026年食堂食材配送服务采购项目2.标的数量：1项3.本采购包预算：人民币990000.00元4.本采购包最高限价：100%5.简要技术需求或服务要求：为保障食材供应，确保各项工作正常开展，采购人拟开展2026年10月至2027年12月期间食堂食材供应配送服务的采购工作。配送内容包括但不限于：蔬菜类、瓜果类、肉类、海鲜类、蛋类、调料、饮料、奶制品、大米、食用油品、干货、食材原材料等及食堂开展工作所需用品；详细要求见附件1的采购需求。 （二）合同履行期限：自2026年10月1日至2027年12月31日。 （三）其他要求：1.本项目不接受联合体投标。2.征求意见内容：中华人民共和国茂盛围出入境边防检查站2026年食堂食材配送服务采购项目竞争性磋商文件（附件1）。3.回复意见的供应商资格：满足承接项目要求的供应商。4.文件获取时间及办法：即日起至回复意见截止时间止，符合条件的潜在供应商可登录中国政府采购网（https://www.ccgp.gov.cn/）免费下载。5.回复意见截止时间：2026年09月06日17:30（北京时间）6.回复意见格式：请按照“中华人民共和国茂盛围出入境边防检查站2026年食堂食材配送服务采购项目修改建议书”（附件2）的参考格式，对本项目提出限制性条款及要求的修改理由和修改建议。7.回复意见方式：将修改建议书及相关材料邮寄到“公诚管理咨询有限公司”或发送盖章版扫描件至联系邮箱，并致电确认。（1）项目联系人：杨述文（2）联系电话：0756-2666861；邮箱：yangshuwen.gcmc.gd@chinaccs.cn（3）地址：广东省珠海市香洲区兴华路192号公诚管理咨询有限公司注：我单位将依据相关法律法规，按照实际情况修改完善采购需求，公示内容不作为质疑依据，我单位对反馈意见不作答复。 二、开标时间： 三、其它补充事宜见附件。 四、预算金额：预算金额：99.000000 万元（人民币）,服务外包,2026-09-06 17:30,中国政府采购网,,99.0,table,,,,,,,,,,,
东莞市消防救援支队2026年职业健康体检服务项目（二次）废标公告,流标公告,ZKZB-2026-C159,2026年09月03日 16:59,东莞市,东莞市消防救援支队,东莞市东城街道莞长路立新路段23号,0769-23119069,广东中科招标有限公司,东莞市南城街道体育路南城段26号盈锋中心2栋708室（西区708室）,胡工，0769-22224212,胡工,0769-22224212,,,https://www.ccgp.gov.cn/cggg/zygg/qtgg/202609/t20260903_27261051.htm,2026-09-10 10:12:09,一、项目基本情况 采购项目编号：ZKZB-2026-C159 采购项目名称：东莞市消防救援支队2026年职业健康体检服务项目（二次） 二、项目废标/流标的原因 递交投标文件的投标人不足3家，本项目采购失败 三、其他补充事宜 四、凡对本次公告内容提出询问，请按以下方式联系。 1.采购人信息 名 称：东莞市消防救援支队 地址：东莞市东城街道莞长路立新路段23号 联系方式：0769-23119069 2.采购代理机构信息 名 称：广东中科招标有限公司 地 址：东莞市南城街道体育路南城段26号盈锋中心2栋708室（西区708室） 联系方式：胡工，0769-22224212 3.项目联系方式 项目联系人：胡工 电 话： 0769-22224212,公共安全,,中国政府采购网,,,default,二、项目废标/流标的原因,,,,,,,,,,
中央民族大学2026年中秋国庆慰问品采购比选公告,其他公告,ZSLTC-2026-S127,2026年09月03日 16:55,北京市,中央民族大学,北京市海淀区中关村南大街27号,赵老师010-68932219,中盛隆国际招标（北京）有限公司,北京市海淀区阜成路58号新洲商务大厦302室,孙源滨、杨潇宇、李蕊、魏菲、马春娟、曹泽鹏、赵中阳、刘震、李红梅、李莉010-88956517-812,孙源滨、杨潇宇、李蕊、魏菲、马,010-88956517-812,"报名表.docx,技术需求书.pdf","[{""attach_name"": ""报名表.docx"", ""attach_url"": ""https://download.ccgp.gov.cn/oss/download?uuid=ED3B94E2E89FE1361AC19C44E3F5AA""}, {""attach_name"": ""技术需求书.pdf"", ""attach_url"": ""https://download.ccgp.gov.cn/oss/download?uuid=5F307C2834EC8DCB6A61D8B4BF6DFB""}]",https://www.ccgp.gov.cn/cggg/zygg/qtgg/202609/t20260903_27260974.htm,2026-09-10 10:12:10,中盛隆国际招标（北京）有限公司受中央民族大学 委托，根据《中华人民共和国政府采购法》等有关规定，现对中央民族大学2026年中秋国庆慰问品采购进行其他招标，欢迎合格的供应商前来投标。 项目名称：中央民族大学2026年中秋国庆慰问品采购项目编号：ZSLTC-2026-S127项目联系方式：项目联系人：孙源滨、杨潇宇、李蕊、魏菲、马春娟、曹泽鹏、赵中阳、刘震、李红梅、李莉项目联系电话：010-88956517-812 采购单位联系方式：采购单位：中央民族大学采购单位地址：北京市海淀区中关村南大街27号采购单位联系方式：赵老师010-68932219 代理机构联系方式：代理机构：中盛隆国际招标（北京）有限公司代理机构联系人：孙源滨、杨潇宇、李蕊、魏菲、马春娟、曹泽鹏、赵中阳、刘震、李红梅、李莉010-88956517-812代理机构地址： 北京市海淀区阜成路58号新洲商务大厦302室 一、采购项目内容一、项目编号：ZSLTC-2026-S127二、预算金额：79.2万元；单价最高限价：330元/份（约2400份，具体以实际需求量为准）三、采购需求：中央民族大学2026年中秋国庆慰问品采购，具体内容详见第三部分技术需求书。四、合同履行期限：合同签订之日起至合同义务履行完毕。五、采购项目的属性：货物六、供应商资格要求（须同时满足）：6.1满足《中华人民共和国政府采购法》第二十二条规定；6.2本项目的特定资格要求：6.2.1本项目不接受联合体比选；6.2.2符合《财政部关于在政府采购活动中查询及使用信用记录有关问题的通知》（财库〔2016〕125号）的相关要求；6.2.3单位负责人为同一人或者存在直接控股、管理关系的不同供应商，不得同时参加本项目的比选；6.2.4为本项目提供整体设计、规范编制或者项目管理、监理、检测等服务的供应商，不得参加本项目的比选；6.2.5通过“信用中国”网站（www.creditchina.gov.cn）和“中国政府采购网”（www.ccgp.gov.cn）查询信用记录（截止时间点为比选截止时间），被列入失信被执行人、重大税收违法案件当事人名单或政府采购严重违法失信行为记录名单的供应商，不得参加本项目的采购活动；6.2.6供应商必须向采购代理机构获取比选文件并登记备案，未向采购代理机构获取比选文件并登记备案的潜在供应商均无资格参加比选。6.2.7供应商须具有有效的《食品经营许可证》或《食品生产许可证》或《预包装食品经营备案表》七、本项目扶持中小企业及监狱企业发展，促进残疾人就业，鼓励节能环保产品，具体政府采购政策落实情况详见比选文件。八、获取比选文件的时间期限、地点、方式及比选文件售价8.1时间：2026年9月3日起至2026年9月10日止，每天上午9:00～11:30、下午1:30～4:30（北京时间、节假日除外）8.2地点：非现场报名。8.3方式：邮件售卖。请有意向参与本项目的供应商按照附件（比选文件获取记录）要求填写相关信息，将附件发至我公司邮箱（maxin@zsltc.com）并电话告知（010-88956517转801），经我公司确认通过后，以邮件方式予以通知，请及时查收邮件。8.4售价：￥200元/本，为本公告包含的比选文件售价总和，售后不退。九、比选截止时间和比选开标时间：2026年09月14日上午09：00（北京时间），届时请参加比选的单位派代表出席比选仪式。十、比选地点：北京市海淀区阜成路58号新洲商务大厦302室。 二、开标时间：2026年09月14日 09:00 三、其它补充事宜无 四、预算金额：预算金额：79.200000 万元（人民币）,教育培训,,中国政府采购网,,79.2,table,,,,,,,,,,,
屏蔽料转矩流变仪密炼系统配件便捷询价,其他公告,ZGGJ-BJ04-26081658/HDDL202635,2026年09月03日 16:52,北京市,zycgr22011902,/,杨老师 010-57305334,中工国际招标有限公司,北京市朝阳区慧忠路5号远大中心C座2层203,王宇婷、王欣、康进、张跃   010-82952950-814,王宇婷、王欣、康进、张跃项目联,010-82952950-814,,,https://www.ccgp.gov.cn/cggg/zygg/qtgg/202609/t20260903_27260935.htm,2026-09-10 10:12:11,中工国际招标有限公司受zycgr22011902 委托，根据《中华人民共和国政府采购法》等有关规定，现对屏蔽料转矩流变仪密炼系统配件进行其他招标，欢迎合格的供应商前来投标。 项目名称：屏蔽料转矩流变仪密炼系统配件项目编号：ZGGJ-BJ04-26081658/HDDL202635项目联系方式：项目联系人：王宇婷、王欣、康进、张跃项目联系电话：010-82952950-814 采购单位联系方式：采购单位：zycgr22011902采购单位地址：/采购单位联系方式：杨老师 010-57305334 代理机构联系方式：代理机构：中工国际招标有限公司代理机构联系人：王宇婷、王欣、康进、张跃 010-82952950-814代理机构地址： 北京市朝阳区慧忠路5号远大中心C座2层203 一、采购项目内容 包号 标的名称 采购包预算金额 （万元） 数量 简要技术需求或服务要求 是否允许进口 01 屏蔽料转矩流变仪密炼系统配件 45 1批 拟采购屏蔽料转矩流变仪密炼系统配件，要求适配Polylab OS转矩流变仪，主要用于高压电缆屏蔽材料配方研究。具体详见采购文件《第四章 采购需求》。 否   二、开标时间：2026年09月17日 09:30 三、其它补充事宜一、项目基本情况1.项目编号：ZGGJ-BJ04-26081658/HDDL2026352.项目名称：屏蔽料转矩流变仪密炼系统配件3.采购方式：便捷询价4.项目预算金额：45万元、项目最高限价（如有）： / 万元5.采购需求： 包号 标的名称 采购包预算金额 （万元） 数量 简要技术需求或服务要求 是否允许进口 01 屏蔽料转矩流变仪密炼系统配件 45 1批 拟采购屏蔽料转矩流变仪密炼系统配件，要求适配Polylab OS转矩流变仪，主要用于高压电缆屏蔽材料配方研究。具体详见采购文件《第四章 采购需求》。 否  6.合同履行期限：自合同签订后 90天内交货7.本项目是否接受联合体：□是  ■否。二、申请人的资格要求（须同时满足）1.满足《中华人民共和国政府采购法》第二十二条规定；2.落实政府采购政策需满足的资格要求： / ；3.本项目的特定资格要求：_/_。三、获取采购文件1.时间：2026年9月4日至2026年9月10日，每天上午9:30至11:30，下午13:30至17:30（北京时间，法定节假日除外）。2.地点：中工国际招标有限公司在线登记平台3.方式：（1）供应商须先在线填写（http://101.200.176.189/x/bm?id=94121774）“供应商信息”上传加盖单位公章的被授权人身份证扫描件，并形成“项目口令”；（2）在线填写完供应商信息后将标书款以公对公形式汇至我公司下列指定账户；（3）汇款成功后凭借“项目口令”自行下载本项目电子版采购文件（PDF格式）。注：供应商如需纸质版采购文件，可携带被授权人身份证复印件并加盖单位公章，至现场获取。账户名称：中工国际招标有限公司账号：1101041060000069823开户行：杭州银行股份有限公司北京东城支行。4.售价：人民币500元，售后不退。四、响应文件提交截止时间：2026年9月17日09点30分（北京时间）。地    点：北京市朝阳区慧忠路5号远大中心C座2层203。五、公告期限自本公告发布之日起3个工作日。六、其他补充事宜1.供应商未在规定期限内获取采购文件的响应无效。2.本项目采购公告、更正公告及成交公告将在中国政府采购网上发布。3.本项目响应文件可接受邮寄，供应商按照本公告及采购文件中载明的响应文件提交截止时间及地点提交响应文件，逾期送达响应文件的将被拒绝。 四、预算金额：预算金额：45.000000 万元（人民币）,其他,2026-09-17 09:30,中国政府采购网,便捷询价,45.0,table,,,,,,,,,,,
屏蔽料转矩流变仪单螺杆挤出机零配件便捷询价,其他公告,ZGGJ-BJ04-26081657/HDDL202634,2026年09月03日 16:51,北京市,zycgr22011902,/,杨老师 010-57305334,中工国际招标有限公司,北京市朝阳区慧忠路5号远大中心C座2层203,王宇婷、王欣、康进、张跃   010-82952950-814,王宇婷、王欣、康进、张跃项目联,010-82952950-814,,,https://www.ccgp.gov.cn/cggg/zygg/qtgg/202609/t20260903_27260901.htm,2026-09-10 10:12:11,中工国际招标有限公司受zycgr22011902 委托，根据《中华人民共和国政府采购法》等有关规定，现对屏蔽料转矩流变仪单螺杆挤出机零配件进行其他招标，欢迎合格的供应商前来投标。 项目名称：屏蔽料转矩流变仪单螺杆挤出机零配件项目编号：ZGGJ-BJ04-26081657/HDDL202634项目联系方式：项目联系人：王宇婷、王欣、康进、张跃项目联系电话：010-82952950-814 采购单位联系方式：采购单位：zycgr22011902采购单位地址：/采购单位联系方式：杨老师 010-57305334 代理机构联系方式：代理机构：中工国际招标有限公司代理机构联系人：王宇婷、王欣、康进、张跃 010-82952950-814代理机构地址： 北京市朝阳区慧忠路5号远大中心C座2层203 一、采购项目内容 包号 标的名称 采购包预算金额 （万元） 数量 简要技术需求或服务要求 是否允许进口 01 屏蔽料转矩流变仪单螺杆挤出机零配件 25 1批 拟采购挤出机耗材，要求适配RM-200C转矩流变仪单螺杆挤出系统，主要用于高压电缆屏蔽材料长时挤出性能研究。具体详见采购文件《第四章 采购需求》。 否   二、开标时间：2026年09月17日 09:30 三、其它补充事宜一、项目基本情况1.项目编号：ZGGJ-BJ04-26081657/HDDL2026342.项目名称：屏蔽料转矩流变仪单螺杆挤出机零配件3.采购方式：便捷询价4.项目预算金额：25万元、项目最高限价（如有）： / 万元5.采购需求： 包号 标的名称 采购包预算金额 （万元） 数量 简要技术需求或服务要求 是否允许进口 01 屏蔽料转矩流变仪单螺杆挤出机零配件 25 1批 拟采购挤出机耗材，要求适配RM-200C转矩流变仪单螺杆挤出系统，主要用于高压电缆屏蔽材料长时挤出性能研究。具体详见采购文件《第四章 采购需求》。 否  6.合同履行期限：自合同签订后 60天内交货。7.本项目是否接受联合体：□是  ■否。二、申请人的资格要求（须同时满足）1.满足《中华人民共和国政府采购法》第二十二条规定；2.落实政府采购政策需满足的资格要求： / ；3.本项目的特定资格要求：_/_。三、获取采购文件1.时间：2026年9月4日至2026年9月10日，每天上午9:30至11:30，下午13:30至17:30（北京时间，法定节假日除外）。2.地点：中工国际招标有限公司在线登记平台3.方式：（1）供应商须先在线填写（http://101.200.176.189/x/bm?id=94110147）“供应商信息”上传加盖单位公章的被授权人身份证扫描件，并形成“项目口令”；（2）在线填写完供应商信息后将标书款以公对公形式汇至我公司下列指定账户；（3）汇款成功后凭借“项目口令”自行下载本项目电子版采购文件（PDF格式）。注：供应商如需纸质版采购文件，可携带被授权人身份证复印件并加盖单位公章，至现场获取。账户名称：中工国际招标有限公司账号：1101041060000069823开户行：杭州银行股份有限公司北京东城支行。4.售价：人民币500元，售后不退。四、响应文件提交截止时间：2026年9月17日09点30分（北京时间）。地    点：北京市朝阳区慧忠路5号远大中心C座2层203。五、公告期限自本公告发布之日起3个工作日。六、其他补充事宜1.供应商未在规定期限内获取采购文件的响应无效。2.本项目采购公告、更正公告及成交公告将在中国政府采购网上发布。3.本项目响应文件可接受邮寄，供应商按照本公告及采购文件中载明的响应文件提交截止时间及地点提交响应文件，逾期送达响应文件的将被拒绝。 四、预算金额：预算金额：25.000000 万元（人民币）,其他,2026-09-17 09:30,中国政府采购网,便捷询价,25.0,table,,,,,,,,,,,
昆明航空救援支队昆明航空救援机动支队垂起复合翼无人机采购项目采购需求征询函,其他公告,/,2026年09月03日 16:47,昆明市,昆明航空救援支队,云南省昆明市安宁市县街街道马厂村九架地,孔老师0871-66032051,中佶工程项目管理（云南）有限公司,云南省昆明市五华区红云街道龙泉路373号中天龙泉湾广场A2幢513#-517#,代兴瑞、许焱、杨志超、李毅宏17687145468、18087128792、0871-65707633,代兴瑞、许焱、杨志超、李毅宏项,17687145468、18087128792、0871-65707633,,,https://www.ccgp.gov.cn/cggg/zygg/qtgg/202609/t20260903_27260775.htm,2026-09-10 10:12:12,"中佶工程项目管理（云南）有限公司受昆明航空救援支队 委托，根据《中华人民共和国政府采购法》等有关规定，现对昆明航空救援机动支队垂起复合翼无人机采购项目采购需求征询函进行其他招标，欢迎合格的供应商前来投标。 项目名称：昆明航空救援机动支队垂起复合翼无人机采购项目采购需求征询函项目编号：/项目联系方式：项目联系人：代兴瑞、许焱、杨志超、李毅宏项目联系电话：17687145468、18087128792、0871-65707633 采购单位联系方式：采购单位：昆明航空救援支队采购单位地址：云南省昆明市安宁市县街街道马厂村九架地采购单位联系方式：孔老师0871-66032051 代理机构联系方式：代理机构：中佶工程项目管理（云南）有限公司代理机构联系人：代兴瑞、许焱、杨志超、李毅宏17687145468、18087128792、0871-65707633代理机构地址： 云南省昆明市五华区红云街道龙泉路373号中天龙泉湾广场A2幢513#-517# 一、采购项目内容 致：各征询单位昆明航空救援机动支队计划对本支队垂起复合翼无人机采购项目进行招标，现邀请具备条件的单位对本项目垂起复合翼无人机采购需求进行征询，并请各征询单位在截止时间前提交征询文件。 一、采购标的需实现的功能或者目标，以及为落实政府采购政策需满足的要求（一）需实现的功能或者目标选择1家供应商负责昆明航空救援机动支队垂起复合翼无人机采购项目的供货工作。（二）落实政府采购政策需满足的资格要求本项目不属于专门面向中小企业采购的项目。本项目对应的中小企业划分标准所属行业为：工业，划分标准为从业人员1000人以下或营业收入40000万元以下的为中小微型企业。其中，从业人员300人及以上，且营业收入2000万元及以上的为中型企业；从业人员20人及以上，且营业收入300万元及以上的为小型企业；从业人员20人以下或营业收入300万元以下的为微型企业；在计算投标报价得分时，对小型或微型企业产品的报价给予10%的扣除，用扣除后的价格参与报价部分评审。（三）其他本次采购不接受进口产品投标，进口产品是指通过中国海关报关验放进入中国境内且产自关境外的产品。 二、采购标的需执行的国家相关标准、行业标准、地方标准或者其他标准、规范《中华人民共和国政府采购法》、《中华人民共和国政府采购法实施条例》、《政府采购货物和服务招标投标管理办法》(财政部令第87号) 三、采购标的需满足的质量、安全、技术规格、物理特性等要求所有采购设备及系统需严格符合国家、地方及行业现行的建设目标，技术要求和评估标准，确保产品质量可靠、性能稳定，完全满足采购人的实际使用需求。四、采购标的的数量、采购项目交付或者实施的时间和地点1、预算金额（最高限价）：563,340.00元（投标报价不得超出最高限价且单项报价不得超出单价限价）。 序号 标段 是否进口 产品名称 数量 计量单位 预算单价(元) 预算金额合计(元) 1 1 否 垂起复合翼无人机 1 套 563,340.00 563,340.00  2、采购数量：1套垂起复合翼无人机（含飞行平台、吊舱、地面站、便携式数据处理终端，详细参数详见附件2）。垂起复合翼无人机系统组成：飞行平台、吊舱、地面站、便携式数据处理终端。3、合同履行期限（供货期）：60天（以正式采购文件为准）。4、交货地点：昆明航空救援机动支队。 五、采购标的需满足的质量标准、工期、效率等要求1、质量标准：所有采购设备及系统需严格符合国家、地方及行业现行的建设目标，技术要求和评估标准，确保产品质量可靠、性能稳定，完全满足采购人的实际使用需求。2、工期：供应商需严格把控项目进度，确保按期交付，避免因工期延误影响工作计划。3、质保期：飞行器为1年原厂整机免费保修，计算机设备为3年原厂整机免费保修，质保期自验收合格之日起计算，由厂家自行承诺。 六、采购标的的验收标准本项目垂起复合翼无人机验收工作严格按照HB 87362023《民用垂直起降固定翼无人机系统通用要求》、GB 425902023《民用无人驾驶航空器系统安全要求》、T/HBUAV 0032025《复合翼垂直起降无人机通用技术条件》及项目合同、技术方案指标开展。 七、采购标的的其他技术、服务等要求安装及技术服务等要求本项目所有无人机设备由供方全权负责上门安装、标准化调试、现场实施、技术培训、质保运维及全程技术支撑服务，严格遵循国家、行业无人机规范及政府采购服务标准执行，全程包干所有实施及服务费用，确保设备顺利交付、落地投用、稳定运维，全面保障项目常态化作业需求。1、安装调试服务委派原厂专业技术人员上门实施，完成设备开箱检验、整机组装、结构校准、飞控及导航参数标定、云台载荷调试、地面站部署、通信链路适配等全套调试工作。安装工艺规范、布线防护到位，通过地面校验及整机试飞校准，确保无人机起降、模式切换、自主作业、安全防护等各项功能性能达标，满足野外作业要求，并交付完整调试台账与校准资料，全程可追溯。2. 现场实施交付严格按照技术及安全规范实施，完成全维度功能测试、起降试飞、航线作业、载荷采集、安全功能验证等工作，确保设备指标完全满足合同及项目设计要求，按期完成现场交付落地。3. 专项技术培训提供免费现场理论+实操培训，覆盖设备操作、航线规划、载荷作业、日常巡检、故障排查、安全飞行合规等核心内容，不限培训人次，确保甲方人员具备独立作业、自主运维、数据处理能力，可按需提供免费复训，同步交付全套培训资料。4. 售后技术保障投标供应商须提供生产厂商售后服务承诺函。飞行器为1年原厂整机免费保修，计算机设备为3年原厂整机免费保修；当日16:00前报修，需于下一自然日24:00前完成修复，逾期未修复则免费赠送对应延迟天数的月度延保。计算机三年维保期内提供1次免费单块故障硬盘尝试性数据拯救，恢复不成功不计次数。5. 质保运维服务设备提供完整质保服务，质保期内非人为故障免费维修、更换配件及调试校准，无隐性收费。质保期内定期上门巡检、参数校准、隐患排查，优化设备飞行性能与作业精度。质保期满后提供终身成本价维修及备件更换服务，必要时提供备用设备兜底保障作业。6. 技术交底与资料归档项目交付后完成全面技术交底，交付安装调试报告、设备台账、运维手册、合规资料等全套归档文件，资料齐全规范，满足项目验收、审计及长期存档要求。本项目所有无人机设备由供方全权负责上门安装、标准化调试、现场实施、技术培训、质保运维及全程技术支撑服务，严格遵循国家、行业无人机规范及政府采购服务标准执行，全程包干所有实施及服务费用，确保设备顺利交付、落地投用、稳定运维，全面保障项目常态化作业需求。 八、征询函的获取1.征询函获取时间：2026年9月4日9时00分至2026年9月10日17时30分（北京时间，下同，法定节假日除外）。2.征询函获取方式：（1）现场获取；凡有意参加者，请持：法定代表人身份证明书（原件）、法定代表人授权委托书（原件、如授权）、法定代表人或委托代理人居民身份证（原件及复印件加盖公章）至中佶工程项目管理（云南）有限公司（云南省昆明市五华区红云街道龙泉路373号中天龙泉湾广场A2幢513#-517#）获取征询函。（2）邮箱获取；凡有意参加者，请将：法定代表人身份证明书（原件扫描件）、法定代表人授权委托书（原件扫描件、如授权）、法定代表人或委托代理人居民身份证（原件扫描件加盖公章）发送至电子邮箱1251657546@qq.com获取。 九、征询文件的递交1.征询文件的格式要求：详见附件1。2.征询文件递交方式：邮箱及邮寄递交。电子版征询文件（可编辑的word版及签章后扫描为PDF版）发送至电子邮箱1251657546@qq.com。纸质征询文件正本（1份），请于电子版发送至电子邮箱后同步邮寄至中佶工程项目管理（云南）有限公司（云南省昆明市五华区红云街道龙泉路373号中天龙泉湾广场A2幢513#-517#），收件人：代兴瑞 电话：176871454683.征询文件递交截止时间：2026年9月11日15时30分。4.征询单位自愿参与本次采购需求征询，无论各征询单位所提供的需求是否被采纳均不给予任何形式的费用补偿或奖励。 十、对本征询函提出询问，请按以下方式联系。采购人：昆明航空救援机动支队地址：云南省昆明市安宁市县街街道马厂村九架地联系人：孔老师联系电话：0871-66032051采购代理机构：中佶工程项目管理（云南）有限公司地址：云南省昆明市五华区红云街道龙泉路373号中天龙泉湾广场A2幢513#-517#联系人：代兴瑞、许焱、杨志超、李毅宏电话：17687145468、18087128792、0871-65707633 二、开标时间：2026年09月11日 15:30 三、其它补充事宜 四、预算金额：预算金额：56.334000 万元（人民币）",公共安全,2026-09-11 15:30,中国政府采购网,,56.334,table,,,,,,,,,,,
中国科学院上海微系统与信息技术研究所高温快速退火炉（国际招标）公开招标公告,其他公告,0834-2641SH26A383,2026年09月03日 16:47,上海市,中国科学院上海微系统与信息技术研究所,上海长宁区长宁路865号,纪老师     86-21-62511070,上海中招招标有限公司,上海市静安区恒丰路600号机电大厦5楼A、B、C座办公室,陈永亮、唐  闽     86-21-66285392，18317094335,陈永亮、唐,86-21-66285392，18361672958,"中国科学院上海微系统与信息技术研究所高温快速退火炉 - 国际招标公告.pdf,购买标书登记表（国际标）.xlsx","[{""attach_name"": ""中国科学院上海微系统与信息技术研究所高温快速退火炉 - 国际招标公告.pdf"", ""attach_url"": ""https://download.ccgp.gov.cn/oss/download?uuid=8548D03D432053889824D90355B6B4""}, {""attach_name"": ""购买标书登记表（国际标）.xlsx"", ""attach_url"": ""https://download.ccgp.gov.cn/oss/download?uuid=74A829BD9446E99BC46DE69212A93F""}]",https://www.ccgp.gov.cn/cggg/zygg/qtgg/202609/t20260903_27260779.htm,2026-09-10 10:12:13,上海中招招标有限公司受中国科学院上海微系统与信息技术研究所 委托，根据《中华人民共和国政府采购法》等有关规定，现对中国科学院上海微系统与信息技术研究所高温快速退火炉进行其他招标，欢迎合格的供应商前来投标。 项目名称：中国科学院上海微系统与信息技术研究所高温快速退火炉项目编号：0834-2641SH26A383项目联系方式：项目联系人：陈永亮、唐 闽项目联系电话：86-21-66285392，18361672958 采购单位联系方式：采购单位：中国科学院上海微系统与信息技术研究所采购单位地址：上海长宁区长宁路865号采购单位联系方式：纪老师 86-21-62511070 代理机构联系方式：代理机构：上海中招招标有限公司代理机构联系人：陈永亮、唐 闽 86-21-66285392，18317094335代理机构地址： 上海市静安区恒丰路600号机电大厦5楼A、B、C座办公室 一、采购项目内容上海中招招标有限公司受招标人委托对下列产品及服务进行国际公开竞争性招标，于2026-09-03在中国国际招标网公告。本次招标采用传统招标方式，现邀请合格投标人参加投标。1、招标条件项目概况:科学研究资金到位或资金来源落实情况:已落实项目已具备招标条件的说明:已具备2、招标内容招标项目编号:0834-2641SH26A383招标项目名称:中国科学院上海微系统与信息技术研究所高温快速退火炉项目实施地点:中国上海市招标产品列表(主要设备):序号 产品名称 数量 简要技术规格 备注1 高温快速退火炉 1套 详见第八章 3、投标人资格要求投标人应具备的资格或业绩:1) 如果投标人所投的货物不是投标人自己制造的，投标人应得到制造商同意其在本次投标中提供该货物的正式授权书；2) 投标人开户银行在开标日前三个月内开具的资信证明原件或复印件。是否接受联合体投标:不接受未领购招标文件是否可以参加投标:不可以4、招标文件的获取招标文件领购开始时间:2026-09-03招标文件领购结束时间:2026-09-10是否在线售卖标书:否获取招标文件方式:现场领购招标文件领购地点：上海市静安区恒丰路600号机电大厦5楼B座办公室招标文件售价:￥500/$100其他说明:每天（节假日除外） 9 时至 11 时 30 分，13 时00分至 16 时30分（北京时间），招标文件售后不退。5、投标文件的递交投标截止时间（开标时间）:2026-09-24 09:30投标文件送达地点:上海市静安区恒丰路600号机电大厦5楼会议室（具体会议室于开标日当天详见5楼电视机屏幕）开标地点:上海市静安区恒丰路600号机电大厦5楼会议室（具体会议室于开标日当天详见5楼电视机屏幕）6、联系方式招标人:中国科学院上海微系统与信息技术研究所地址:上海长宁区长宁路865号联系人:纪老师联系方式:86-21-62511070招标代理机构:上海中招招标有限公司地址:上海市静安区恒丰路600号机电大厦5楼A、B、C座办公室联系人:陈永亮、唐 闽联系方式:86-21-66285392，183616729587、汇款方式:招标代理机构开户银行(人民币):中国民生银行上海分行虹桥支行招标代理机构开户银行(美元):中国民生银行上海分行虹桥支行账号(人民币):0208014210004789账号(美元):0208144210000137其他:Swift BIC: MSBCCNBJ002 美元账户是我司外汇账户，可以接受包括美元在内的其他国际货币。8、其他补充说明其他补充说明:电子信箱:2609335468@qq.com 二、开标时间：2026年09月24日 09:30 三、其它补充事宜本项目为机电产品国际招标项目，相关法规与政策均按照《机电产品国际招标投标实施办法（试行）》执行，具体项目信息（如项目简要技术规格、项目预算等信息）详见中国国际招标网！本项目的招标公告已在中国国际招标网（网址为：http://chinabidding.mofcom.gov.cn）和机电产品招标投标电子交易平台（网址为：http://www.chinabidding.com）网上进行发布。特别告知：现场购买：有意向的投标人可携带报名表（详见招标公告附件：购买标书登记表至上海市静安区恒丰路600号机电大厦5楼B座办公室进行报名购买招标文件。 网上购买：有意向的投标人将报名表（详见招标公告附件：购买标书登记表）、发至2609335468@qq.com邮箱，明确投标项目名称，并将标书款汇至招标公司账上。招标文件售价：每包件售价人民币 500 元（招标文件售后不退）。注：我公司只接受公司转账，不接受个人转账。开户名：上海中招招标有限公司开户银行：中国民生银行上海虹桥支行银行帐号：0208014210004789摘要：0834-2641SH26A383 标书费或投标保证金。 四、预算金额：预算金额：90.000000 万元（人民币）,教育培训,,中国政府采购网,,90.0,table,,,,,,,,,,,
贵州省消防救援总队训练和战勤保障支队2026年度培训生活物资及布草洗涤配送服务流标公示,流标公告,ZJZB2026-259,2026年09月03日 16:45,白云区,贵州省消防救援总队训练与战勤保障支队,贵阳市白云区沙文镇吊堡村贵州消防应急救援能力训练基地,肖红军18302573507,贵州智聚招标造价咨询有限公司,贵州省贵阳市云岩区延安西路66号汇金国际广场商务楼18楼,张志刚、龚理、郑辉0851-85985089,张志刚、龚理、郑辉,0851-85985089,,,https://www.ccgp.gov.cn/cggg/zygg/qtgg/202609/t20260903_27260704.htm,2026-09-10 10:12:14,一、项目基本情况 采购项目编号：ZJZB2026-259 采购项目名称：贵州省消防救援总队训练和战勤保障支队2026年度培训生活物资及布草洗涤配送服务 二、项目废标/流标的原因 因采购过程中发现影响采购公正的合理疑点，经研究决定终止本次采购活动。本项目将重新组织采购。 三、其他补充事宜 四、凡对本次公告内容提出询问，请按以下方式联系。 1.采购人信息 名 称：贵州省消防救援总队训练与战勤保障支队 地址：贵阳市白云区沙文镇吊堡村贵州消防应急救援能力训练基地 联系方式：肖红军18302573507 2.采购代理机构信息 名 称：贵州智聚招标造价咨询有限公司 地 址：贵州省贵阳市云岩区延安西路66号汇金国际广场商务楼18楼 联系方式：张志刚、龚理、郑辉0851-85985089 3.项目联系方式 项目联系人：张志刚、龚理、郑辉 电 话： 0851-85985089,教育培训,,中国政府采购网,,,default,二、项目废标/流标的原因,,,,,,,,,,
朝阳区消防救援支队应急药品项目废标公告,流标公告,ZYZB-2026-0829,2026年09月03日 16:42,北京市,朝阳区消防救援支队,北京市朝阳区百子湾路与西大望路交叉口东北角,010-85851341,中钰招标有限公司,北京市丰台区四合庄路2号院4号楼1至17层101内17层1701,崔鹏、朱艳梅、刘晶晶、李倩、金俐成、郭玉婷、丁峥敏、卢雪、张书玲010-60624505转810/816,崔鹏、朱艳梅、刘晶晶、李倩、金,010-60624505转810,,,https://www.ccgp.gov.cn/cggg/zygg/qtgg/202609/t20260903_27260630.htm,2026-09-10 10:12:14,一、项目基本情况 采购项目编号：ZYZB-2026-0829 采购项目名称：朝阳区消防救援支队应急药品项目 二、项目废标/流标的原因 截止到递交应答文件时间止，递交应答文件的参选人不足三家，本项目废标 三、其他补充事宜 无 四、凡对本次公告内容提出询问，请按以下方式联系。 1.采购人信息 名 称：朝阳区消防救援支队 地址：北京市朝阳区百子湾路与西大望路交叉口东北角 联系方式：010-85851341 2.采购代理机构信息 名 称：中钰招标有限公司 地 址：北京市丰台区四合庄路2号院4号楼1至17层101内17层1701 联系方式：崔鹏、朱艳梅、刘晶晶、李倩、金俐成、郭玉婷、丁峥敏、卢雪、张书玲010-60624505转810/816 3.项目联系方式 项目联系人：崔鹏、朱艳梅、刘晶晶、李倩、金俐成、郭玉婷、丁峥敏、卢雪、张书玲 电 话： 010-60624505转810/816,医疗卫生,,中国政府采购网,,,default,二、项目废标/流标的原因,,,,,,,,,,
清华大学微纳系统设计集成与测试平台二期和三期设备机电安装工程（二次配）项目中标结果公告,其他公告,FZZCA02600052,2026年09月03日 16:40,北京市,清华大学,北京市海淀区清华园,卢克动010-62780051,中钰招标有限公司,北京市丰台区四合庄路2号院4号楼1至17层101内17层1701,李倩、陈思思60624505-812,李倩、陈思思,60624505-812,,,https://www.ccgp.gov.cn/cggg/zygg/qtgg/202609/t20260903_27260588.htm,2026-09-10 10:12:15,一、项目基本情况 采购项目编号：FZZCA02600052（清基招202611） 采购项目名称：微纳系统设计集成与测试平台二期和三期设备机电安装工程（二次配）项目 二、项目废标/流标的原因 / 三、其他补充事宜 • 公告内容 中标结果公示 工程编号 FZZCA02600052 建设单位名称 清华大学 工程名称 微纳系统设计集成与测试平台二期和三期设备机电安装工程（二次配）项目 建设地点 北京市怀柔区大中富乐村北红螺东路21号科学城产业转化示范区起步区B栋建筑 中标人 深圳市科建建设集团有限公司 中标价（元） 32702434.46 公示开始时间 2026-09-04 四、凡对本次公告内容提出询问，请按以下方式联系。 1.采购人信息 名 称：清华大学 地址：北京市海淀区清华园 联系方式：卢克动010-62780051 2.采购代理机构信息 名 称：中钰招标有限公司 地 址：北京市丰台区四合庄路2号院4号楼1至17层101内17层1701 联系方式：李倩、陈思思60624505-812 3.项目联系方式 项目联系人：李倩、陈思思 电 话： 60624505-812,教育培训,,中国政府采购网,,,default,二、项目废标/流标的原因,,,,,,,,,,
中国国际经济贸易仲裁委员会高斓大厦6层公开招租项目,其他公告,HSZT2026ZZ/038,2026年09月03日 16:35,北京市,中国国际经济贸易仲裁委员会,北京市西城区桦皮厂胡同2号国际商会大厦6层,李老师，010- 82217725,北京华盛中天咨询有限责任公司,北京市海淀区西直门北大街甲43号金运大厦B座1103室（西直门文慧桥西南角）,刘上、董子硕，010-62278948-602/601,刘上、董子硕,010-62278948-602,,,https://www.ccgp.gov.cn/cggg/zygg/qtgg/202609/t20260903_27260424.htm,2026-09-10 10:12:15,北京华盛中天咨询有限责任公司受中国国际经济贸易仲裁委员会 委托，根据《中华人民共和国政府采购法》等有关规定，现对中国国际经济贸易仲裁委员会高斓大厦6层公开招租项目进行其他招标，欢迎合格的供应商前来投标。 项目名称：中国国际经济贸易仲裁委员会高斓大厦6层公开招租项目项目编号：HSZT2026ZZ/038项目联系方式：项目联系人：刘上、董子硕项目联系电话：010-62278948-602/601 采购单位联系方式：采购单位：中国国际经济贸易仲裁委员会采购单位地址：北京市西城区桦皮厂胡同2号国际商会大厦6层采购单位联系方式：李老师，010- 82217725 代理机构联系方式：代理机构：北京华盛中天咨询有限责任公司代理机构联系人：刘上、董子硕，010-62278948-602/601代理机构地址： 北京市海淀区西直门北大街甲43号金运大厦B座1103室（西直门文慧桥西南角） 一、采购项目内容1.招租价：人民币202.68万元/年（3.003元/平方米/天，价格可商议）2.本次出租房产位于：北京市朝阳区亮马桥路32号高斓大厦6层，建筑面积为1849.11平方米，免租期1-2个月（根据租赁情况商议决定）。承租期限：自合同签订之日起三年。具体内容及要求详见招租文件第三部分“招租内容及要求”。 二、开标时间：2026年10月09日 09:30 三、其它补充事宜1招租项目情况1.1项目名称：中国国际经济贸易仲裁委员会高斓大厦6层公开招租项目1.2 项目编号：HSZT2026ZZ/0381.3 招租价：人民币202.68万元/年（3.003元/平方米/天，价格可商议）1.4 招租内容：本次出租房产位于：北京市朝阳区亮马桥路32号高斓大厦6层，建筑面积为1849.11平方米，免租期1-2个月（根据租赁情况商议决定）。承租期限：自合同签订之日起三年。具体内容及要求详见招租文件第三部分“招租内容及要求”。2 承租人资格2.1 具有独立承担民事责任的能力；具有良好的商业信誉和健全的财务会计制度；具有履行合同所必需的设备和专业技术能力；有依法缴纳税收和社会保障资金的良好记录；参加招租活动前三年内，在经营活动中没有重大违法记录。2.2 截至响应文件递交截止时间前，潜在承租人不能是被列入“信用中国”网站(www.creditchina.gov.cn)失信被执行人、重大税收违法案件当事人名单、以及严重违法失信行为记录名单中被禁止参加1-3年采购活动的承租人（处罚期限尚未届满的）。2.3 本项目不接受联合体投标，不允许转租。3 招租文件发售3.1 潜在承租人必须向代理机构购买招租文件并登记备案。3.2 集中发售时间：自2026年9月4日至2026年10月8日，每天（法定节假日除外）上午9:00-11:30，下午13:30-16:00。3.3 集中发售地点：北京市海淀区西直门北大街甲43号金运大厦B座1103室（西直门文慧桥西南角）。3.4 招租文件售价：人民币500元，招租文件售后不退。3.5 潜在承租人在购买招租文件时须向代理机构提供以下材料：（1）法人授权委托书原件1份（须附法定代表人和授权代表身份证件复印件并加盖潜在承租人公章）；（2）营业执照或法人证书复印件1份并加盖潜在承租人公章。注：建议潜在承租人优先选择通过邮件方式，除在邮件中提交前款要求提交的相关资料扫描件，还须在邮件中注明招租项目名称（包号）、项目编号、潜在承租人名称、纳税人识别号、联系人、联系电话、电子邮箱、由潜在承租人单位账户汇出的加盖公章的汇款凭证扫描件或网上转账截图发送至邮箱hsztzbdl@126.com。4 公告期限公告期限为10个工作日。5 开标5.1 响应文件递交、截止的时间和地点5.1.1 递交时间：2026年10月9日上午09:00-09:30。5.1.2 截止时间：2026年10月9日上午09:30，超过截止时间递交响应文件将不予受理。5.1.3 递交地点：北京市海淀区西直门北大街甲43号金运大厦B座1103会议室。5.2 开标时间和地点5.2.1 开标时间：2026年10月9日上午09:30，届时请各潜在承租人派代表出席开标会议。5.2.2 开标地点：北京市海淀区西直门北大街甲43号金运大厦B座1103会议室。6 招租人相关情况招租人名称：中国国际经济贸易仲裁委员会招租人地址：北京市西城区桦皮厂胡同2号国际商会大厦6层招租人联系方式：李老师，010- 822177257 代理机构相关情况开户名称：北京华盛中天咨询有限责任公司开户银行：中国民生银行北京西直门支行银行账户：0123014170005724邮政编码：100044联 系 人：刘上、董子硕、王香云电    话：010-62278948-602/601传    真：010-62277461电子邮箱：hsztzbdl@126.com地    址：北京市海淀区西直门北大街甲43号金运大厦B座1103室（西直门文慧桥西南角） 四、预算金额：预算金额：0.000000 万元（人民币）,工程建设,,中国政府采购网,,0.0,table,,,,,,,,,,,
SPD-18湖南某单位检查设备采购项目其他,其他公告,SPD-18-M260901,2026年09月03日 16:26,湖南省,SPD-18,湖南省长沙市芙蓉区蓉园路58号,郑先生 0731-81892836,详见公告正文,详见公告正文,详见公告正文,郑先生,0731-81892836,"5.采购文件 检查设备.doc,保密承诺书.docx","[{""attach_name"": ""5.采购文件 检查设备.doc"", ""attach_url"": ""https://download.ccgp.gov.cn/oss/download?uuid=6132E6A25A2D32DBF04BCB7D191928""}, {""attach_name"": ""保密承诺书.docx"", ""attach_url"": ""https://download.ccgp.gov.cn/oss/download?uuid=D9E6A9A624E50E560B236765120DD3""}]",https://www.ccgp.gov.cn/cggg/zygg/qtgg/202609/t20260903_27260255.htm,2026-09-10 10:12:16,根据《中华人民共和国政府采购法》等有关规定，现对湖南某单位检查设备采购项目进行其他招标，欢迎合格的供应商前来投标。 项目名称：湖南某单位检查设备采购项目项目编号：SPD-18-M260901项目联系方式：项目联系人：郑先生项目联系电话：0731-81892836 采购单位联系方式：采购单位：SPD-18采购单位地址：湖南省长沙市芙蓉区蓉园路58号采购单位联系方式：郑先生 0731-81892836  一、采购项目内容第一章 采购邀请项目名称：湖南某单位检查设备采购项目项目编号：SPD-18-M260901一、采购项目基本概况介绍该项目拟购置采购可疑镜头检查仪、手机WIFI信息检测设备各1台，在我局检查及使用在要害部位、场所内的设备进行检查，防止窃听窃视窃密事件发生。本项目预算：人民币 ¥8.2万元。项目实施地点：湖南省长沙市二、投标人需提交的文件（以下文件1-11项均须完整且加盖投标人公章，否则视为投标无效）：1、有效的营业执照；2、响应报价（格式附后）；3、具有完成本项目所必需的设备和专业技术能力承诺函（格式附后）；4、近三年在经营活动中无重大违法记录声明函（格式附后）；5、本项目不接受联合体投标，不分包、转包承诺函（格式附后）；6、保密承诺书（格式附后）；7、控股和管理的关联企业情况表（格式附后）；8、责任人无重大违法记录声明函（格式自拟）；9、经营状况说明（包括但不限于资产情况、利润情况、营收情况，格式自拟）；10、响应偏离表；11、其他供应商认为需要提供的材料。三、采购文件领取及响应文件递交时间报名时间：2026年9月3日—2026年9月7日17时。有意向参与此次采购的供应商应当于报名时间内寄送纸质报名资料，报名资料包含保密承诺书（模板见附件）和营业执照复印件。响应文件递交截止时间：2026年9月14日9时截止接收响应文件。2026年9月14日9时前，供应商应将胶装密封完好的文件（文件封口处应粘贴密封条，并注明项目名称和2026年9月14日9时前不得开启字样，不按要求密封投标无效）通过邮寄或自行送达方式递交，各投标人应自行预留快递、邮寄、送达时间，采购人以收到文件的时间为准，在此时间节点之后递交的文件无效。四、报名资料及响应文件送达地址湖南省长沙市芙蓉区蓉园路58号，联系人：刘先生，联系电话：0731-81892836，13574876811（寄送报名资料、寄送响应文件前，建议先电话联系）。五、其它补充事宜1、评标方法和标准：最低价中标。2、提交文件数量：2份（胶装纸质版1份、电子版1份）。 二、开标时间：2026年09月14日 09:00 三、其它补充事宜 四、预算金额：预算金额：8.200000 万元（人民币）,设备购置,2026-09-14 09:00,中国政府采购网,,8.2,table,,,,,,,,,,,
固安县消防救援大队执勤执法车辆维修、保养服务项目流标公告,流标公告,ZDYCLF2026-073,2026年09月03日 16:19,固安县,廊坊市固安县消防救援大队,河北省廊坊市固安县新昌西街133号,叶娜   0316-5927172,中大宇辰项目管理有限公司,河北省石家庄市裕华区方北路58号剑桥春雨5号楼（开元大楼）2201、2202、2207、2208,孙鹏飞0316-2136888,孙鹏飞,0316-2136888,,,https://www.ccgp.gov.cn/cggg/zygg/qtgg/202609/t20260903_27260118.htm,2026-09-10 10:12:17,一、项目基本情况 采购项目编号：ZDYCLF2026-073 采购项目名称：固安县消防救援大队执勤及行政车辆维修、保养服务项目 二、项目废标/流标的原因 符合专业条件的供应商或者对招标文件作实质响应的供应商不足三家。 三、其他补充事宜 四、凡对本次公告内容提出询问，请按以下方式联系。 1.采购人信息 名 称：廊坊市固安县消防救援大队 地址：河北省廊坊市固安县新昌西街133号 联系方式：叶娜 0316-5927172 2.采购代理机构信息 名 称：中大宇辰项目管理有限公司 地 址：河北省石家庄市裕华区方北路58号剑桥春雨5号楼（开元大楼）2201、2202、2207、2208 联系方式：孙鹏飞0316-2136888 3.项目联系方式 项目联系人：孙鹏飞 电 话： 0316-2136888,公共安全,,中国政府采购网,,,default,二、项目废标/流标的原因,,,,,,,,,,
昆明航空救援支队液压泵翻修等单一来源采购项目单一来源采购邀请书,其他公告,ZZBFD2026-08139,2026年09月03日 16:18,昆明市,昆明航空救援支队,云南省昆明市安宁市县街街道马厂村九架地,孔老师 0871-66032051,中佶工程项目管理（云南）有限公司,云南省昆明市五华区红云街道龙泉路373号中天龙泉湾广场A2幢513#-517#,代兴瑞 0871-65707633,代兴瑞、杨志超、朱怡瑾、李毅宏,17687145468、18087128792、0871-65707633,,,https://www.ccgp.gov.cn/cggg/zygg/qtgg/202609/t20260903_27260123.htm,2026-09-10 10:12:17,中佶工程项目管理（云南）有限公司受昆明航空救援支队 委托，根据《中华人民共和国政府采购法》等有关规定，现对昆明航空救援支队液压泵翻修等单一来源采购项目进行其他招标，欢迎合格的供应商前来投标。 项目名称：昆明航空救援支队液压泵翻修等单一来源采购项目项目编号：ZZBFD2026-08139项目联系方式：项目联系人：代兴瑞、杨志超、朱怡瑾、李毅宏、瞿平、胡艳萍项目联系电话：17687145468、18087128792、0871-65707633 采购单位联系方式：采购单位：昆明航空救援支队采购单位地址：云南省昆明市安宁市县街街道马厂村九架地采购单位联系方式：孔老师 0871-66032051 代理机构联系方式：代理机构：中佶工程项目管理（云南）有限公司代理机构联系人：代兴瑞 0871-65707633代理机构地址： 云南省昆明市五华区红云街道龙泉路373号中天龙泉湾广场A2幢513#-517# 一、采购项目内容致：中国航空工业集团公司金城南京机电液压工程研究中心根据《中华人民共和国政府采购法》、《中华人民共和国政府采购法实施条例》、《政府采购非招标采购方式管理办法》等有关法律法规的规定，“昆明航空救援支队液压泵翻修等单一来源采购项目”已具备采购条件。中佶工程项目管理（云南）有限公司受昆明航空救援支队委托，对本项目进行单一来源采购，现邀请你方按单一来源采购文件的要求参加本项目的响应报价。一、项目信息1.项目名称：昆明航空救援支队液压泵翻修等单一来源采购项目2.项目编号：ZZBFD2026-081393.采购方式：单一来源。4.采购内容：完成6件YZB-9.5型液压泵翻修和3件RDF-179型APU切断阀翻修，并满足相应质量标准（详见“第五章 采购需求”）。 序号 采购内容 型号 单位 数量 单价限价（元） 合计（元） 项目性质 1 液压泵翻修 YZB-9.5 件 6 44600 267600  服务类 航材修理 2 APU切断阀翻修 RDF-179 件 3 6600 19800   5.预算金额：28.74万元。6.最高限价：287400.00元（总报价不得超出最高限价且单项报价不得超出单价限价）。7.合同履行期限（交付时间）：合同签订之日至2026年11月30日完成翻修工作。8.服务地点：采购人指定地点。9.质量标准：符合国家及地方有关现行标准、规范和规定并满足采购人使用需求。10.采用单一来源采购方式的原因及说明：昆明航空救援支队现装备的直-8A型直升机，转制前原属军工定型产品，技术状态已固化。根据中国直升机设计研究所《直-8AWJS直升机技术状态》（LRFB000G3001C01）及《直-8AWJS直升机全机成品目录》（DVLFB000G7001C01）明确的直升机技术状态和主要成品配套情况：液压泵（型号：YZB-9.5）、APU切断阀（型号：RDF-179），由中国航空工业集团公司金城南京机电液压工程研究中心承制，为直升机关键重要部件，直接影响直升机飞行安全，目前国内只有中国航空工业集团公司金城南京机电液压工程研究中心具备生产和翻修能力。为保证直升机技术状态一致性、稳定性、修理时限和质量，满足训练及遂行任务需求，确保飞行安全，同意该项目采取单一来源方式由原承制厂进行修理。  二、供应商的资格要求1.满足《中华人民共和国政府采购法》第二十二条规定，并提供资格证明文件：①供应商须具有独立承担民事责任的能力：供应商为法人、其他组织或者自然人，提供有效的营业执照或事业单位法人证书或民办非企业登记证书或执业许可证或社会团体登记证或自然人身份证明；②具有良好的商业信誉和健全的财务会计制度：2.1提供良好的商业信誉承诺书或声明函且在本项目响应文件提交截止时间前，在“中国政府采购网（https://www.ccgp.gov.cn/）”政府采购严重违法失信行为记录名单内无不良信息记录及“信用中国”网站（www.creditchina.gov.cn）专项查询栏查询的“失信被执行人（按网站要求链接到中国执行信息网（http://zxgk.court.gov.cn/shixin/）查询）、重大税收违法失信主体名单”未出现不良信用信息记录（查询结果以采购代理机构在开标当天查询结果为准）；2.2供应商满足下列任一要求：①提供2024年或2025年任意一年经第三方审计的审计报告及财务报表（包括资产负债表、利润表、现金流量表及其附注）【注：财务会计报告及报表资料须按《关于加强审计报告查验工作的通知》（财会〔2023〕15号）的规定赋注册会计师行业统一监管平台审计报告验证码，未取得赋码的财务报告或现场查验异常的视为无效】，成立不满1年的，提供自成立至今财务报表（包括资产负债表、利润表、现金流量表）；②提供响应文件提交截止时间前三个月内基本开户银行出具的资信证明文件；③非营利性单位或者社会团体或者其他机关事业单位以符合财务会计制度为准提供内部财务报表，成立不满1年的，提供自成立至今财务报表；④供应商为自然人的提供承诺函（格式自拟）；⑤财政部门认可的政府采购专业担保机构出具的投标担保函（需同时提供专业担保机构经财政部门认可的证明文件）；③供应商须具有履行合同所必需的设备和专业技术能力：提供声明函或承诺书或相关证明材料；④供应商须具有依法缴纳税收和社会保障资金的良好记录：提供自本项目响应文件提交截止之日前十二个月内任意1个月依法缴纳税收和缴纳社会保障资金的证明(新成立企业，成立时间不足1个月的提供相关证明或相关情况说明；依法免税或不需要缴纳社会保障资金的供应商，应提供相应文件证明其依法免税或不需要缴纳社会保障资金)；⑤参加政府采购活动前三年内在经营活动中没有重大违法记录：重大违法记录是指供应商因违法经营受到刑事处罚或者责令停产停业、吊销许可证或者执照、较大数额罚款等行政处罚（供应商提供参加本次政府采购活动前三年内在经营活动中没有重大违法记录的书面声明，格式自拟）；⑥法律、行政法规规定的其他条件：6.1单位负责人为同一人或者存在直接控股、管理关系的不同供应商，不得参加同一合同项下的政府采购活动（提供声明书）；6.2为本采购项目提供整体设计、规范编制或者项目管理、监理、检测等服务的供应商，不得再参加本采购项目的其他采购活动（提供声明书）。2.落实政府采购政策需满足的资格要求：本项目不属于专门面向中小企业采购的项目。根据“《关于印发《政府采购促进中小企业发展管理办法》的通知》（财库〔2020〕46号）、云南省财政厅关于贯彻《财政部关于进一步加大政府采购支持中小企业力度的通知》的通知云财采〔2022〕9号及《工业和信息化部、国家统计局、国家发展和改革委员会、财政部关于印发中小企业划型标准规定的通知》（工信部联企业[2011]300号）”规定的划分标准，本项目对应的中小企业划分标准所属行业为：工业。3.本项目的特定资格要求：无。4.联合体：不接受。三、获取采购文件1.采购文件获取时间：2026年09月04日至2026年09月10日，每日上午09:00至12:00，下午13:30至17:30(北京时间，法定节假日除外)；2.采购文件获取方式1：现场获取。现场获取时需持①营业执照复印件；②法定代表人身份证明书原件；③法定代表人授权委托书原件（如授权）；④授权人（或法定代表人）本人身份证原件及复印件；至中佶工程项目管理（云南）有限公司（云南省昆明市五华区红云街道龙泉路373号中天龙泉湾广场A2幢513#-517#）现场获取单一来源采购文件。3.采购文件获取方式2：网上获取。联系代理机构→获取“申请人信息确认表”进行填报→发送填报完成的“申请人信息确认表”和以下相关材料（①营业执照扫描件；②法定代表人身份证明书扫描件；③法定代表人授权委托书扫描件（如授权）；④付款证明（联系代理机构获取付款方式））至电子邮箱：→代理机构确认后将单一来源采购文件发送到供应商电子邮箱。联系人：代兴瑞  电话：17687145468  电子邮箱：1251657546@qq.com4.售价（元）：200.00元/份，售后不退。四、响应文件提交1.提交响应文件截止时间及开启时间：2026年09月11日14时30分（北京时间）。2.提交响应文件地点及协商地点：中佶工程项目管理（云南）有限公司3号会议室（云南省昆明市五华区红云街道龙泉路373号中天龙泉湾广场A2幢5楼511室）。五、其他补充事宜1.响应文件递交方式：现场纸质递交。2.是否需要缴纳投标保证金：否。3.其他：本项目单一来源采购邀请书及成交公告均在“中国政府采购网、中国政府购买服务信息平台（https://www.ccgp.gov.cn/）”、“中国招标投标公共服务平台（http://www.cebpubservice.cn/）”上发布，我公司对其他网站或媒体转载的公告及公告内容不承担任何责任。六、联系方式1.采购人信息名    称：昆明航空救援支队地    址：云南省昆明市安宁市县街街道马厂村九架地联 系 人：孔老师联系电话：0871-66032051 2.采购代理机构信息名    称：中佶工程项目管理（云南）有限公司地 址：云南省昆明市五华区红云街道龙泉路373号中天龙泉湾广场A2幢513#-517#联 系 人：代兴瑞、杨志超、朱怡瑾、李毅宏、瞿平、胡艳萍联系方式：17687145468、18087128792、0871-65707633 二、开标时间：2026年09月11日 14:30 三、其它补充事宜 四、预算金额：预算金额：28.740000 万元（人民币）,公共安全,,中国政府采购网,单一来源,28.74,table,,,,,,,,,,,
昆明航空救援支队通气浮子阀翻修等单一来源采购项目单一来源采购邀请书,其他公告,ZZBFD2026-08138,2026年09月03日 16:18,昆明市,昆明航空救援支队,云南省昆明市安宁市县街街道马厂村九架地,孔老师 0871-66032051,中佶工程项目管理（云南）有限公司,云南省昆明市五华区红云街道龙泉路373号中天龙泉湾广场A2幢513#-517#,代兴瑞 0871-65707633,代兴瑞、杨志超、朱怡瑾、李毅宏,17687145468、18087128792、0871-65707633,,,https://www.ccgp.gov.cn/cggg/zygg/qtgg/202609/t20260903_27260114.htm,2026-09-10 10:12:18,中佶工程项目管理（云南）有限公司受昆明航空救援支队 委托，根据《中华人民共和国政府采购法》等有关规定，现对昆明航空救援支队通气浮子阀翻修等单一来源采购项目进行其他招标，欢迎合格的供应商前来投标。 项目名称：昆明航空救援支队通气浮子阀翻修等单一来源采购项目项目编号：ZZBFD2026-08138项目联系方式：项目联系人：代兴瑞、杨志超、朱怡瑾、李毅宏、瞿平、胡艳萍项目联系电话：17687145468、18087128792、0871-65707633 采购单位联系方式：采购单位：昆明航空救援支队采购单位地址：云南省昆明市安宁市县街街道马厂村九架地采购单位联系方式：孔老师 0871-66032051 代理机构联系方式：代理机构：中佶工程项目管理（云南）有限公司代理机构联系人：代兴瑞 0871-65707633代理机构地址： 云南省昆明市五华区红云街道龙泉路373号中天龙泉湾广场A2幢513#-517# 一、采购项目内容致：宜宾三江机械有限责任公司根据《中华人民共和国政府采购法》、《中华人民共和国政府采购法实施条例》、《政府采购非招标采购方式管理办法》等有关法律法规的规定，“昆明航空救援支队通气浮子阀翻修等单一来源采购项目”已具备采购条件。中佶工程项目管理（云南）有限公司受昆明航空救援支队委托，对本项目进行单一来源采购，现邀请你方按单一来源采购文件的要求参加本项目的响应报价。一、项目信息1.项目名称：昆明航空救援支队通气浮子阀翻修等单一来源采购项目2.项目编号：ZZBFD2026-081383.采购方式：单一来源。4.采购内容：完成30件QXF-107型通气浮子阀翻修和8件RSK-3型防火开关翻修，并满足相应质量标准（详见“第五章 采购需求”）。 序号 采购内容 型号 单位 数量 单价限价（元） 合计（元） 项目性质 1 通气浮子阀翻修 QXF-107 件 30 7100 213000 服务类 航材修理 2 防火开关翻修 RSK-3 件 8 4600 36800    5.预算金额：24.98万元。6.最高限价：249800.00元（总报价不得超出最高限价且单项报价不得超出单价限价）。7.合同履行期限（交付时间）：合同签订之日至2026年11月30日完成翻修工作。8.服务地点：采购人指定地点。9.质量标准：符合国家及地方有关现行标准、规范和规定并满足采购人使用需求。10.采用单一来源采购方式的原因及说明：昆明航空救援支队现装备的直-8A型直升机，转制前原属军工定型产品，技术状态已固化。根据中国直升机设计研究所《直-8AWJS直升机技术状态》（LRFB000G3001C01）及《直-8AWJS直升机全机成品目录》（DVLFB000G7001C01）明确的直升机技术状态和主要成品配套情况：通气浮子阀（型号：QXF-107）、防火开关（型号：RSK-3），由宜宾三江机械有限责任公司（570厂）承制，为直升机关键重要部件，直接影响直升机飞行安全，目前国内只有宜宾三江机械有限责任公司（570厂）具备生产和翻修能力。为保证直升机技术状态一致性、稳定性、修理时限和质量，满足训练及遂行任务需求，确保飞行安全，同意该项目采取单一来源方式由原承制厂进行修理。  二、供应商的资格要求1.满足《中华人民共和国政府采购法》第二十二条规定，并提供资格证明文件：①供应商须具有独立承担民事责任的能力：供应商为法人、其他组织或者自然人，提供有效的营业执照或事业单位法人证书或民办非企业登记证书或执业许可证或社会团体登记证或自然人身份证明；②具有良好的商业信誉和健全的财务会计制度：2.1提供良好的商业信誉承诺书或声明函且在本项目响应文件提交截止时间前，在“中国政府采购网（https://www.ccgp.gov.cn/）”政府采购严重违法失信行为记录名单内无不良信息记录及“信用中国”网站（www.creditchina.gov.cn）专项查询栏查询的“失信被执行人（按网站要求链接到中国执行信息网（http://zxgk.court.gov.cn/shixin/）查询）、重大税收违法失信主体名单”未出现不良信用信息记录（查询结果以采购代理机构在开标当天查询结果为准）；2.2供应商满足下列任一要求：①提供2024年或2025年任意一年经第三方审计的审计报告及财务报表（包括资产负债表、利润表、现金流量表及其附注）【注：财务会计报告及报表资料须按《关于加强审计报告查验工作的通知》（财会〔2023〕15号）的规定赋注册会计师行业统一监管平台审计报告验证码，未取得赋码的财务报告或现场查验异常的视为无效】，成立不满1年的，提供自成立至今财务报表（包括资产负债表、利润表、现金流量表）；②提供响应文件提交截止时间前三个月内基本开户银行出具的资信证明文件；③非营利性单位或者社会团体或者其他机关事业单位以符合财务会计制度为准提供内部财务报表，成立不满1年的，提供自成立至今财务报表；④供应商为自然人的提供承诺函（格式自拟）；⑤财政部门认可的政府采购专业担保机构出具的投标担保函（需同时提供专业担保机构经财政部门认可的证明文件）；③供应商须具有履行合同所必需的设备和专业技术能力：提供声明函或承诺书或相关证明材料；④供应商须具有依法缴纳税收和社会保障资金的良好记录：提供自本项目响应文件提交截止之日前十二个月内任意1个月依法缴纳税收和缴纳社会保障资金的证明(新成立企业，成立时间不足1个月的提供相关证明或相关情况说明；依法免税或不需要缴纳社会保障资金的供应商，应提供相应文件证明其依法免税或不需要缴纳社会保障资金)；⑤参加政府采购活动前三年内在经营活动中没有重大违法记录：重大违法记录是指供应商因违法经营受到刑事处罚或者责令停产停业、吊销许可证或者执照、较大数额罚款等行政处罚（供应商提供参加本次政府采购活动前三年内在经营活动中没有重大违法记录的书面声明，格式自拟）；⑥法律、行政法规规定的其他条件：6.1单位负责人为同一人或者存在直接控股、管理关系的不同供应商，不得参加同一合同项下的政府采购活动（提供声明书）；6.2为本采购项目提供整体设计、规范编制或者项目管理、监理、检测等服务的供应商，不得再参加本采购项目的其他采购活动（提供声明书）。2.落实政府采购政策需满足的资格要求：本项目不属于专门面向中小企业采购的项目。根据“《关于印发《政府采购促进中小企业发展管理办法》的通知》（财库〔2020〕46号）、云南省财政厅关于贯彻《财政部关于进一步加大政府采购支持中小企业力度的通知》的通知云财采〔2022〕9号及《工业和信息化部、国家统计局、国家发展和改革委员会、财政部关于印发中小企业划型标准规定的通知》（工信部联企业[2011]300号）”规定的划分标准，本项目对应的中小企业划分标准所属行业为：工业。3.本项目的特定资格要求：无。4.联合体：不接受。三、获取采购文件1.采购文件获取时间：2026年09月04日至2026年09月10日，每日上午09:00至12:00，下午13:30至17:30(北京时间，法定节假日除外)；2.采购文件获取方式1：现场获取。现场获取时需持①营业执照复印件；②法定代表人身份证明书原件；③法定代表人授权委托书原件（如授权）；④授权人（或法定代表人）本人身份证原件及复印件；至中佶工程项目管理（云南）有限公司（云南省昆明市五华区红云街道龙泉路373号中天龙泉湾广场A2幢513#-517#）现场获取单一来源采购文件。3.采购文件获取方式2：网上获取。联系代理机构→获取“申请人信息确认表”进行填报→发送填报完成的“申请人信息确认表”和以下相关材料（①营业执照扫描件；②法定代表人身份证明书扫描件；③法定代表人授权委托书扫描件（如授权）；④付款证明（联系代理机构获取付款方式））至电子邮箱：→代理机构确认后将单一来源采购文件发送到供应商电子邮箱。联系人：代兴瑞  电话：17687145468  电子邮箱：1251657546@qq.com4.售价（元）：200.00元/份，售后不退。四、响应文件提交1.提交响应文件截止时间及开启时间：2026年09月11日13时00分（北京时间）。2.提交响应文件地点及协商地点：中佶工程项目管理（云南）有限公司3号会议室（云南省昆明市五华区红云街道龙泉路373号中天龙泉湾广场A2幢5楼511室）。五、其他补充事宜1.响应文件递交方式：现场纸质递交。2.是否需要缴纳投标保证金：否。3.其他：本项目单一来源采购邀请书及成交公告均在“中国政府采购网、中国政府购买服务信息平台（https://www.ccgp.gov.cn/）”、“中国招标投标公共服务平台（http://www.cebpubservice.cn/）”上发布，我公司对其他网站或媒体转载的公告及公告内容不承担任何责任。六、联系方式1.采购人信息名    称：昆明航空救援支队地    址：云南省昆明市安宁市县街街道马厂村九架地联 系 人：孔老师联系电话：0871-66032051 2.采购代理机构信息名    称：中佶工程项目管理（云南）有限公司地 址：云南省昆明市五华区红云街道龙泉路373号中天龙泉湾广场A2幢513#-517#联 系 人：代兴瑞、杨志超、朱怡瑾、李毅宏、瞿平、胡艳萍联系方式：17687145468、18087128792、0871-65707633 二、开标时间：2026年09月11日 13:00 三、其它补充事宜 四、预算金额：预算金额：24.980000 万元（人民币）,公共安全,,中国政府采购网,单一来源,24.98,table,,,,,,,,,,,
青岛经济技术开发区消防救援大队2026年度副食品采购项目技术参数征求意见公告,其他公告,/,2026年09月03日 16:14,青岛市,青岛经济技术开发区消防救援大队,青岛市黄岛区衡山路8号,张队长  0532-81851317,山东国华招标有限公司,济南市市中区泉景雅园商务大厦907室,龚经理  18563706971,龚经理,18563706971,"附件1：青岛经开大队2026年度副食品采购项目技术要求.pdf,附件2：青岛经开大队2026年度副食品采购项目-技术参数修改意见书参考格式.docx","[{""attach_name"": ""附件1：青岛经开大队2026年度副食品采购项目技术要求.pdf"", ""attach_url"": ""https://download.ccgp.gov.cn/oss/download?uuid=F9AEE46F9B6DC03C13F91FB3864AEE""}, {""attach_name"": ""附件2：青岛经开大队2026年度副食品采购项目-技术参数修改意见书参考格式.docx"", ""attach_url"": ""https://download.ccgp.gov.cn/oss/download?uuid=98F58F20EAAA5D919A201F4217F00B""}]",https://www.ccgp.gov.cn/cggg/zygg/qtgg/202609/t20260903_27260051.htm,2026-09-10 10:12:18,山东国华招标有限公司受青岛经济技术开发区消防救援大队 委托，根据《中华人民共和国政府采购法》等有关规定，现对青岛经济技术开发区消防救援大队2026年度副食品采购项目进行其他招标，欢迎合格的供应商前来投标。 项目名称：青岛经济技术开发区消防救援大队2026年度副食品采购项目项目编号：/项目联系方式：项目联系人：龚经理项目联系电话：18563706971 采购单位联系方式：采购单位：青岛经济技术开发区消防救援大队采购单位地址：青岛市黄岛区衡山路8号采购单位联系方式：张队长 0532-81851317 代理机构联系方式：代理机构：山东国华招标有限公司代理机构联系人：龚经理 18563706971代理机构地址： 济南市市中区泉景雅园商务大厦907室 一、采购项目内容根据《中华人民共和国政府采购法》《政府采购需求管理办法》等有关规定，现将青岛经济技术开发区消防救援大队2026年度副食品采购项目技术参数向社会公开，广泛征求社会意见。（一）公告期限2026年09月04日09:00至2026年09月08日17:00（北京时间）。（二）回复征求意见格式及方式1、请及时下载技术参数文本，针对技术参数提出的意见如实写明原因，并将技术参数修改意见书（格式详见附件）和相关文件资料（如有）的电子版（格式为.doc）、扫描文件（格式为.pdf）以电子邮件形式传送至邮箱（guohuasd@126.com），感谢您的参与和配合。2、请以“公司名称/专家姓名-技术参数修改意见书”建立一个文件夹发至指定邮箱。（三）相关要求1、报送时间以指定邮箱报送的时间、信息为准，逾期送达、匿名送达以及其他不符合上述条件的方式送达，我单位不予受理。2、因本项目实施要求严格，提供内容须保证真实性、可靠性、准确性，修改意见如无相关法律依据和充足证据佐证，我单位不予采纳。 二、开标时间： 三、其它补充事宜/ 四、预算金额：预算金额：0.000000 万元（人民币）,公共安全,,中国政府采购网,,0.0,table,,,,,,,,,,,
喀什地区消防救援支队2026年战备物资采购项目废标公告,流标公告,XJJR-2026-011,2026年09月03日 16:09,喀什地区,喀什地区消防救援支队,喀什地区疏附县滨河路38号,王助理、18508842119,新疆金瑞工程项目管理咨询有限公司,喀什市深喀大道创投大厦19层1902,李先生、13937959243,李先生,13937959243,,,https://www.ccgp.gov.cn/cggg/zygg/qtgg/202609/t20260903_27259905.htm,2026-09-10 10:12:19,一、项目基本情况 采购项目编号：XJJR-2026-011 采购项目名称：喀什地区消防救援支队2026年战备物资采购项目 二、项目废标/流标的原因 有效供应商不足三家 三、其他补充事宜 四、凡对本次公告内容提出询问，请按以下方式联系。 1.采购人信息 名 称：喀什地区消防救援支队 地址：喀什地区疏附县滨河路38号 联系方式：王助理、18508842119 2.采购代理机构信息 名 称：新疆金瑞工程项目管理咨询有限公司 地 址：喀什市深喀大道创投大厦19层1902 联系方式：李先生、13937959243 3.项目联系方式 项目联系人：李先生 电 话： 13937959243,公共安全,,中国政府采购网,,,default,二、项目废标/流标的原因,,,,,,,,,,
呼和浩特市消防救援支队2026年度个人防护装备及灭火器材装备采购项目技术需求征求意见公告,其他公告,,2026年09月03日 16:01,呼和浩特市,呼和浩特市消防救援支队,呼和浩特市新城区科尔沁快速路21号,王先生 18104865587,详见公告正文,详见公告正文,详见公告正文,王先生,0471-6693414,"呼和浩特市消防救援支队2026年度个人防护装备及灭火器材装备采购项目技术参数.xlsx,呼和浩特市消防救援支队2026年度个人防护装备及灭火器材装备采购项目技术参数公开征求意见反馈表.wps","[{""attach_name"": ""呼和浩特市消防救援支队2026年度个人防护装备及灭火器材装备采购项目技术参数.xlsx"", ""attach_url"": ""https://download.ccgp.gov.cn/oss/download?uuid=FB2A4BE7F56B92600865BAB6026682""}, {""attach_name"": ""呼和浩特市消防救援支队2026年度个人防护装备及灭火器材装备采购项目技术参数公开征求意见反馈表.wps"", ""attach_url"": ""https://download.ccgp.gov.cn/oss/download?uuid=A5B937910670E727C0C7054A2DBC50""}]",https://www.ccgp.gov.cn/cggg/zygg/qtgg/202609/t20260903_27260349.htm,2026-09-10 10:12:20,根据《中华人民共和国政府采购法》等有关规定，现对呼和浩特市消防救援支队2026年度个人防护装备及灭火器材装备采购项目技术需求征求意见公告进行其他招标，欢迎合格的供应商前来投标。 项目名称：呼和浩特市消防救援支队2026年度个人防护装备及灭火器材装备采购项目技术需求征求意见公告项目编号：项目联系方式：项目联系人：王先生项目联系电话：0471-6693414 采购单位联系方式：采购单位：呼和浩特市消防救援支队采购单位地址：呼和浩特市新城区科尔沁快速路21号采购单位联系方式：王先生 18104865587  一、采购项目内容项目概况       根据《中华人民共和国政府采购法》等有关规定，现就呼和浩特市消防救援支队2026年度个人防护装备及灭火器材装备采购项目技术需求面向潜在供应商征求意见。请潜在供应商在中国政府采购网（https://www.ccgp.gov.cn/）下载相关附件，并于回复意见截止时间前提交相关材料。（一）征求意见内容及获取方式1．征求意见内容：项目技术需求，详见附件。2．回复意见的供应商资格要求：满足《中华人民共和国政府采购法》第二十二条规定。3．技术需求征求意见公告及相关附件的获取方式即日起至回复意见截止时间止，登录中国政府采购网（https://www.ccgp.gov.cn/）搜索本公告标题，即可免费下载。（二）公告期限及回复意见截止时间1．公告期限自本公告发布之日起至 2026年 9月11日 17时止（北京时间）。2．回复意见截止时间2026年 9月 11日 17 时 00 分（北京时间）。（三）回复意见格式及方式1．回复意见格式按照附件提供的格式要求，填写《呼和浩特市消防救援支队2026年度个人防护装备及灭火器材装备采购项目技术参数公开征求意见反馈表》，回复电子版（word 格式文件）及法人签字并加盖单位公章的彩色扫描件（pdf 文件）。上述两个文件内容必须完全一致。2．回复意见方式以电子邮件方式发送至1355813687@qq.com。邮件主题为：XXX 公司（公司全称）《呼和浩特市消防救援支队2026年度个人防护装备及灭火器材装备采购项目技术参数公开征求意见反馈表》    二、开标时间： 三、其它补充事宜无 四、预算金额：预算金额：0.000000 万元（人民币）,公共安全,,中国政府采购网,,0.0,table,,,,,,,,,,,
中国民用航空西南地区空中交通管理局元谋等十二部航管雷达建设工程设计服务项目招标公告,其他公告,0748-2612CA3073DK,2026年09月03日 16:01,四川省,中国民用航空西南地区空中交通管理局,成都双流国际机场民航西南空管局第一办公区,段先生；028-85703287,中航材国际招标有限公司,北京市顺义区天祥路6号院北京东航中心2号楼8层,鲁权；028-65317970,鲁权,028-65317970,,,https://www.ccgp.gov.cn/cggg/zygg/qtgg/202609/t20260903_27259770.htm,2026-09-10 10:12:20,中航材国际招标有限公司受中国民用航空西南地区空中交通管理局 委托，根据《中华人民共和国政府采购法》等有关规定，现对元谋等十二部航管雷达建设工程设计服务项目进行其他招标，欢迎合格的供应商前来投标。 项目名称：元谋等十二部航管雷达建设工程设计服务项目项目编号：0748-2612CA3073DK项目联系方式：项目联系人：鲁权项目联系电话：028-65317970；电子邮件：luquan@casc.com.cn 采购单位联系方式：采购单位：中国民用航空西南地区空中交通管理局采购单位地址：成都双流国际机场民航西南空管局第一办公区采购单位联系方式：段先生；028-85703287 代理机构联系方式：代理机构：中航材国际招标有限公司代理机构联系人：鲁权；028-65317970代理机构地址： 北京市顺义区天祥路6号院北京东航中心2号楼8层 一、采购项目内容标段一：完成贵阳龙洞堡机场、甘孜康定机场、稻城亚丁机场、铜仁德江机场、兴义万峰林机场新建雷达站及原址更新广元雷达站工程的初步设计及施工图设计等相关工作。具体详见第五章发包人要求。  标段二：完成元谋、腾冲机场、西双版纳机场、泸沽湖机场新建雷达站及原址更新昭通、梁王山雷达站工程的初步设计及施工图设计等相关工作，具体详见第五章发包人要求。 二、开标时间：2026年09月24日 09:30 三、其它补充事宜详见民航专业工程建设项目招标投标管理系统招标公告链接：https://zbtb.caac.gov.cn/sys-content/initPage.html?url=zbgg_init&id=8aa49f8ba059357101a05b9f0b880e80 四、预算金额：预算金额：910.000000 万元（人民币）,工程建设,,中国政府采购网,,910.0,table,,,,,,,,,,,
2026年暨南大学华文学院海外及粤港澳大湾区教育实践基地建设实践活动服务采购项目（0877-26GZTP4XE0645）询比公告,其他公告,0877-26GZTP4XE0645,2026年09月03日 15:57,广东省,暨南大学,广州市黄埔大道西601号,涂老师 020-85220066,广东广招国际招标有限公司,广州市东风东路745号东山紫园商务大厦2003单元,020-38931902,周工,020-38931902-860,,,https://www.ccgp.gov.cn/cggg/zygg/qtgg/202609/t20260903_27259679.htm,2026-09-10 10:12:21,广东广招国际招标有限公司受暨南大学 委托，根据《中华人民共和国政府采购法》等有关规定，现对2026年暨南大学华文学院海外及粤港澳大湾区教育实践基地建设实践活动服务采购项目进行其他招标，欢迎合格的供应商前来投标。 项目名称：2026年暨南大学华文学院海外及粤港澳大湾区教育实践基地建设实践活动服务采购项目项目编号：0877-26GZTP4XE0645项目联系方式：项目联系人：周工项目联系电话：020-38931902-860（电话无人接听请发邮件 zhoujianjing@gztpc.com咨询，我司会及时回复） 采购单位联系方式：采购单位：暨南大学采购单位地址：广州市黄埔大道西601号采购单位联系方式：涂老师 020-85220066 代理机构联系方式：代理机构：广东广招国际招标有限公司代理机构联系人：020-38931902代理机构地址： 广州市东风东路745号东山紫园商务大厦2003单元 一、采购项目内容1.标的名称：2026年暨南大学华文学院海外及粤港澳大湾区教育实践基地建设实践活动服务采购项目2.标的数量：1项3.简要技术需求或服务要求：（1）采购内容：2026年暨南大学华文学院海外及粤港澳大湾区教育实践基地建设实践活动服务采购，详见《第二部分 采购需求书》；（2）服务期：自合同签订之日至合同全部权利义务履行完毕之日止；（3）本项目不分包组，供应商应对所有的标的内容进行响应，不允许只对部分内容进行响应；（4）本项目采购标的对应的中小企业划分标准所属行业为 其他未列明行业 。合同履行期限：自合同签订之日至合同全部权利义务履行完毕之日止。本项目不接受联合体响应。 二、开标时间：2026年09月14日 09:30 三、其它补充事宜（一）申请人的资格要求1.满足《中华人民共和国政府采购法》第二十二条规定。2.落实政府采购政策需满足的资格要求：本项目不属于专门面向中小企业采购的项目。3.本项目的特定资格要求：3.1.供应商应当具备政府采购法第二十二条规定的条件，提供下列材料：（1）提交有效的营业执照（或事业法人登记证或社会团体登记证或民办非企业单位登记证或身份证等相关证明）副本复印件。（如国家另有规定的，则从其规定。如供应商为分支机构，须取得具有法人资格的总公司（总所）出具给分支机构的授权书，并提供总公司（总所）和分支机构的营业执照（执业许可证）复印件；已由总公司（总所）授权的，总公司（总所）取得的相关资质证书对分支机构有效，法律法规或者行业另有规定的除外）；（2）提供2025年度财务状况报告或响应截止日前6个月内任意1个月的财务报表复印件；或银行出具的资信证明材料复印件；（3）提供履行合同所必需的设备和专业技术能力的书面声明或其他证明文件；（4）提供响应截止日前6个月内任意1个月依法缴纳税收和社会保障资金的相关材料。如依法免税或不需要缴纳社会保障资金的，提供相应证明材料；（5）提供参加政府采购活动前3年内在经营活动中没有重大违法记录的书面声明。重大违法记录，是指供应商因违法经营受到刑事处罚或者责令停产停业、吊销许可证或者执照、较大数额罚款等行政处罚。（较大数额罚款按照《财政部关于<中华人民共和国政府采购法实施条例>第十九条第一款 “较大数额罚款”具体适用问题的意见 》（财库〔2022〕3 号）执行）。3.2.为采购项目提供整体设计、规范编制或者项目管理、监理、检测等服务的供应商，不得再参加同一采购项目的其他采购活动的书面声明。3.3.单位负责人为同一人或者存在直接控股、管理关系的不同供应商，不得参加同一合同项下的政府采购活动的书面声明。3.4.本项目不接受联合体响应。3.5.供应商未被列入“信用中国”网站（www.creditchina.gov.cn）“失信被执行人”、“重大税收违法失信主体”、“政府采购严重违法失信行为”名单，且不处于中国政府采购网（www.ccgp.gov.cn）“政府采购严重违法失信行为信息记录”中禁止参加政府采购活动期间（以采购代理机构于响应截止日当天在“信用中国”及中国政府采购网查询结果为准，如相关失信记录已失效，供应商须提供相关证明资料）。3.6.领购采购文件的供应商。（二）获取采购文件时间： 2026 年 09 月 03 日至 2026 年 09 月 10 日，每天上午 09:00 至 12:00 ，下午 14:30 至 17:30 （北京时间，法定节假日除外 ）地点：粤招优采电子招标采购交易平台（http://oa.gztpc.com/aeps/login.html）方式：1） 注册粤招优采电子招标采购交易平台，完善供应商相关信息并提交审核（工作日审核时间一般不超过2小时，已注册的供应商可直接登录平台，注册地址：http://oa.gztpc.com/aeps/pages/register/register.html）；2） 账号审核通过后登录平台（登录地址：http://oa.gztpc.com/aeps/login.html）；3） 按照《电子招投标平台使用说明》（http://www.gztpc.com/content/detail.html）获取采购文件。供应商在使用过程中遇到涉及系统使用的问题，可咨询梁工：18925053631售价（元）：300（三）提交响应文件截止时间、开标时间和地点2026 年 09 月 14 日 09 点 30 分（北京时间）地点：广州市越秀区东风东路745号东山紫园商务大厦2005单元（四）公告期限自本公告发布之日起5个工作日（五）其他补充事宜本项目需要落实的政府采购政策：（1）《关于印发〈政府采购促进中小企业发展管理办法〉的通知》（财库〔2020〕46号）（2）《财政部 司法部关于政府采购支持监狱企业发展有关问题的通知》（财库〔2014〕68号）（3） 《财政部 民政部 中国残疾人联合会关于促进残疾人就业政府采购政策的通知》（财库〔2017〕141号）（4）《关于进一步加大政府采购支持中小企业力度的通知》（财库〔2022〕19号） 四、预算金额：预算金额：23.007400 万元（人民币）,教育培训,,中国政府采购网,,23.0074,table,,,,,,,,,,,
中国科学院声学研究所L2-3层网络测试仪采购项目废标公告,流标公告,OITC-G260670547,2026年09月03日 15:57,北京市,中国科学院声学研究所,北京市海淀区北四环西路21号,010-82547879,东方国际招标有限责任公司,北京市海淀区丹棱街1号互联网金融中心20层,窦志超、李安齐、许宁010-68290507、0584,窦志超、李安齐、许宁,010-68290507、0584,,,https://www.ccgp.gov.cn/cggg/zygg/qtgg/202609/t20260903_27259680.htm,2026-09-10 10:12:22,一、项目基本情况 采购项目编号：OITC-G260670547 采购项目名称：L2-3层网络测试仪采购项目 二、项目废标/流标的原因 本项目实质性满足招标文件的投标商不足3家，予以废标。 三、其他补充事宜 无 四、凡对本次公告内容提出询问，请按以下方式联系。 1.采购人信息 名 称：中国科学院声学研究所 地址：北京市海淀区北四环西路21号 联系方式：010-82547879 2.采购代理机构信息 名 称：东方国际招标有限责任公司 地 址：北京市海淀区丹棱街1号互联网金融中心20层 联系方式：窦志超、李安齐、许宁010-68290507、0584 3.项目联系方式 项目联系人：窦志超、李安齐、许宁 电 话： 010-68290507、0584,教育培训,,中国政府采购网,,,default,二、项目废标/流标的原因,,,,,,,,,,
北京市消防救援总队消防技术服务机构监督管理系统运维比选公告,其他公告,JXGJ2026090101,2026年09月03日 15:56,西城区,北京市消防救援总队,北京市西城区西直门南小街1号,张老师，01082215233,京兴国际工程管理有限公司,北京市海淀区中元国际工程大厦南门旁京兴国际工程管理有限公司,尹洪伟、苏雅、张斌、姜万亮、赵鹏、马峥、潘正源、李敏，010-68203897,尹洪伟、苏雅、张斌、姜万亮、赵,010-68203897,,,https://www.ccgp.gov.cn/cggg/zygg/qtgg/202609/t20260903_27259682.htm,2026-09-10 10:12:22,京兴国际工程管理有限公司受北京市消防救援总队 委托，根据《中华人民共和国政府采购法》等有关规定，现对消防技术服务机构监督管理系统运维进行其他招标，欢迎合格的供应商前来投标。 项目名称：消防技术服务机构监督管理系统运维项目编号：JXGJ2026090101项目联系方式：项目联系人：尹洪伟、苏雅、张斌、姜万亮、赵鹏、马峥、潘正源、李敏项目联系电话：010-68203897 采购单位联系方式：采购单位：北京市消防救援总队采购单位地址：北京市西城区西直门南小街1号采购单位联系方式：张老师，01082215233 代理机构联系方式：代理机构：京兴国际工程管理有限公司代理机构联系人：尹洪伟、苏雅、张斌、姜万亮、赵鹏、马峥、潘正源、李敏，010-68203897代理机构地址： 北京市海淀区中元国际工程大厦南门旁京兴国际工程管理有限公司 一、采购项目内容项目概况消防技术服务机构监督管理系统运维采购项目的潜在供应商应在线上获取采购文件，并于2026-09-14   13:30（北京时间）前提交响应文件。一、项目基本情况项目编号：JXGJ2026090101项目名称：消防技术服务机构监督管理系统运维采购方式：比选预算金额：15.96万元（人民币）最高限价：15.96万元（人民币）采购需求： 包号 标的名称 采购包预算金额 （万元） 数量 简要技术需求或服务要求 01 消防技术服务机构监督管理系统运维 15.96 1项 采购消防技术服务机构监督管理系统的运维服务，通过提供系统运维、故障应急处置、系统优化与迭代支撑、客服和技术支持等服务，确保系统的正常运行。 合同履行期限：12个月（具体日期按照合同约定），服务期满后，双方对服务无异议，在预算有保障的前提下，可续签下一年合同，以此类推，总服务期不超过三年。本项目不接受联合体投标。二、申请人的资格要求：1.满足《中华人民共和国政府采购法》第二十二条规定；2.落实政府采购政策需满足的资格要求：本项目专门面向中小企业采购。即：提供的货物全部由符合政策要求的中小/小微企业制造、服务全部由符合政策要求的中小/小微企业承接。3.本项目的特定资格要求：（1）供应商应未被信用中国网站（www.creditchina.gov.cn）、中国政府采购网（www.ccgp.gov.cn）列入失信被执行人、重大税收违法失信主体 ，政府采购严重违法失信行为记录名单；三、获取采购文件时间：2026-09-04至2026-09-10，每天上午09:00至12:00，下午13:00至17:00（北京时间，法定节假日除外）地点：优质采云采购平台潜在供应商须在上述规定时间内登录优质采云采购平台，网上查看项目公告页面，点击“立即投标”，并自行下载采购文件。注意：凡有意参加的潜在供应商，须登录“安徽省优质采电子招标采购平台（https://www.youzhicai.com）”进行免费注册，请未注册的供应商及时注册，于公告截止时间前务必完成注册及审核手续。注册请登录优质采首页中“用户注册”，完善相关信息并上传注册资料，审核情况将在一个工作日内（不含法定节假日）进行反馈，审核通过的供应商方可投标项目，请合理安排注册时间。用户注册免费，如在用户注册、登录及项目操作中遇到问题，请及时与优质采云采购平台为专属客服顾问：（0551-62620297 石工）取得联系解决问题，本项目不接受现场报名。售价：￥0.0元，本公告包含的招标文件售价总和。四、响应文件提交截止时间：2026-09-14   13:30（北京时间）地点：优质采云采购平台五、开启时间：2026-09-14   13:30（北京时间）地点：优质采云采购平台六、公告期限自本公告发布之日起3个工作日。七、其他补充事宜1、本项目需要落实的政府采购政策：《中华人民共和国政府采购法》、《中华人民共和国政府采购法实施条例》、《工业和信息化部、国家统计局、国家发展和改革委员会、财政部关于印发中小企业划型标准规定的通知》（工信部联企业[2011]300 号）、《关于政府采购支持监狱企业发展有关问题的通知》（ 财库[2014]68号）、《财政部民政部中国残疾人联合会关于促进残疾人就业政府采购政策的通知》（财库[2017]141 号）、《关于印发环境标志产品政府采购品目清单的通知》（财库[2019]18号）、《财政部发展改革委关于印发节能产品政府采购品目清单的通知》（财库[2019]19号）、《政府采购促进中小企业发展管理办法》（财库[2020]46号）及其它相关法律法规、《关于推动解决政府采购异常低价问题的通知》（财库〔2026〕2号）。2、全流程电子招投标注意事项1.潜在供应商须登录“优质采云采购平台”（网址：https://www.youzhicai.com/，以下称“优质采平台”）参与本项目招标/采购活动。首次登录须办理注册手续，请务必选择注册为“供应商/投标人角色”类型。注册流程见优质采平台“用户注册”栏目，咨询电话：400-0099-555。因未及时办理注册手续影响参加招标/采购活动的，责任自负。2.已注册的潜在供应商可登录优质采平台获取采购文件，本项目的采购文件及其他资料（含澄清、答疑及相关补充文件）通过优质采平台发布，征集人/代理机构不再另行书面通知，潜在供应商应及时关注、查阅优质采平台。因未及时查看导致不利后果的，责任自负。3.已注册的潜在供应商若注册信息发生变更（如：与初始注册信息不一致），应及时网上提交变更申请。因未及时变更导致不利后果的，责任自负。4.本项目采用全流程电子化招标/采购方式，潜在供应商须办理CA数字证书（以下简称CA），CA用于电子响应文件的签章及上传（上传响应文件需使用CA进行加密）；CA办理详见《关于优质采平台数字证书办理的须知》，咨询热线：0551-62220091。详见：（http://www.youzhicai.com/nd/a_8f80a7ec-911f-4c4d-a123-f8849880f045.html）；5.电子响应文件必须使用“优质采投标工具客户端”制作生成并上传。下载地址：http://toolcdn.youzhicai.com/tools/BidderTools.zip，使用说明书及视频教程下载地址:http://file.youzhicai.com/files/BidderHelp.rar。6.投标申请人的联系人电话(手机)在招投标过程中必须保持畅通，否则因上述原因造成的后果，责任自负。7.本项目开评标实行全流程电子化，开标活动在线完成。开标时供应商无须到达开标现场，实行远程解密和在线询标。各供应商认真阅读采购文件，务必掌握远程解密方法和在线回复询标方法。8.本项目非政府采购项目。 二、开标时间：2026年09月14日 13:30 三、其它补充事宜/ 四、预算金额：预算金额：15.960000 万元（人民币）,公共安全,,中国政府采购网,比选,15.96,table,,,,,,,,,,,
金华市永康市消防救援大队2026年度伙食配送服务采购项目征求意见公告,其他公告,,2026年09月03日 15:55,金华市,永康市消防救援大队,金华市永康市飞凤路46号,梁飞0579-86462133,金华市众信工程管理有限公司,金华市婺城区新狮街道丹光东路408号润和楼B座5楼,龚旭君13052598703,梁飞,0579-86462133,征求意见稿-金华市永康市消防救援大队2026年度伙食配送服务采购项目.docx,"[{""attach_name"": ""征求意见稿-金华市永康市消防救援大队2026年度伙食配送服务采购项目.docx"", ""attach_url"": ""https://download.ccgp.gov.cn/oss/download?uuid=E1EDF9A7BDB3996764D86B1B1EDB0C""}]",https://www.ccgp.gov.cn/cggg/zygg/qtgg/202609/t20260903_27259646.htm,2026-09-10 10:12:23,金华市众信工程管理有限公司受永康市消防救援大队 委托，根据《中华人民共和国政府采购法》等有关规定，现对金华市永康市消防救援大队2026年度伙食配送服务采购项目进行其他招标，欢迎合格的供应商前来投标。 项目名称：金华市永康市消防救援大队2026年度伙食配送服务采购项目项目编号：金消采G2026008项目联系方式：项目联系人：梁飞项目联系电话：0579-86462133 采购单位联系方式：采购单位：永康市消防救援大队采购单位地址：金华市永康市飞凤路46号采购单位联系方式：梁飞0579-86462133 代理机构联系方式：代理机构：金华市众信工程管理有限公司代理机构联系人：龚旭君13052598703 代理机构地址： 金华市婺城区新狮街道丹光东路408号润和楼B座5楼 一、采购项目内容金华市众信工程管理有限公司拟就“金华市永康市消防救援大队2026年度伙食配送服务采购项目”进行公开招标。现将公开招标文件征求意见稿予以公示，公开征求意见。1.征求意见范围：（1）公开招标文件中是否存在明显的倾向性意见和特定的性能指标；（2）供应商资格条件是否存在明显的倾向性和歧视性；（3）是否存在与相关法律法规和政策规定相冲突的情况，以及影响政府采购“公开、公平、公正”原则的其他情况。2.征求意见递交及接收：（1）意见递交截止时间：2026-09-08 17:00（2）意见递交方式：各潜在供应商和有关专家提出建议和修改理由的，须以书面形式递交，并请于2026年09月08日下午17时前将书面材料密封后送至金华市众信工程管理有限公司，或通过电子邮件方式发至jhzx168@163.com（附相关资料扫描件），并告知联系电话等通讯方式。（3）意见接收机构：金华市众信工程管理有限公司（金华市婺城区新狮街道丹光东路408号润和楼B座5楼）（4）联系人：龚旭君（5）联系电话：13052598703（6）联系邮箱：jhzx168@163.com4.合格的修改意见和建议书要求（1）各潜在供应商或有关专家提出建议和修改理由必须是真实、有依据的，并应注明有异议的原文或章节，以及所依据的相关法规制度。（2）潜在供应商须在书面材料上加盖单位公章，经法定代表人签字盖章。由授权代表签字盖章的，须出具针对该项目的法人授权委托书、授权委托人的身份证复印件和联系电话，同时附企业法人营业执照复印件（加盖单位公章）。（3）有关专家提出建议和修改理由的，须出具本人与该项目相关的专业证书复印件（如政府采购评审专家证书或职称证书、工作证明等），并告知联系电话等通讯方式。（4）对逾期送达或未按照本公告规定方式回复建议和修改理由的，将不予接受。（5）供应商及专家提出的修改意见和建议需依据事实依据和法律依据，客观公正，不恶意或偏向性提供意见和建议。对提供虚假材料或恶意扰乱政府采购正常秩序的，将提请政府监督管理部门处理。5.附件信息：征求意见稿公开招标文件详见附件。 二、开标时间：2026年09月08日 17:00 三、其它补充事宜本公告中“开标时间”即为“意见递交截止时间” 四、预算金额：预算金额：379.165600 万元（人民币）,公共安全,,中国政府采购网,,379.1656,table,,,,,,,,,,,
浦东新区消防救援支队2026年空呼充气设备年度维保比选公告,其他公告,SYZB20260621,2026年09月03日 15:53,上海市,浦东新区消防救援支队,上海市浦东新区杜鹃路260号,王老师  021-20272287,上海申诣建设咨询有限公司,上海市静安区长安路1001号长安大厦1号楼（办公楼）20层,吴艳、韩贞   15021517797、18818252438,吴艳,15021517797,,,https://www.ccgp.gov.cn/cggg/zygg/qtgg/202609/t20260903_27259614.htm,2026-09-10 10:12:24,上海申诣建设咨询有限公司受浦东新区消防救援支队 委托，根据《中华人民共和国政府采购法》等有关规定，现对浦东新区消防救援支队2026年空呼充气设备年度维保进行其他招标，欢迎合格的供应商前来投标。 项目名称：浦东新区消防救援支队2026年空呼充气设备年度维保项目编号：SYZB20260621项目联系方式：项目联系人：吴艳项目联系电话：15021517797 采购单位联系方式：采购单位：浦东新区消防救援支队采购单位地址：上海市浦东新区杜鹃路260号采购单位联系方式：王老师 021-20272287 代理机构联系方式：代理机构：上海申诣建设咨询有限公司代理机构联系人：吴艳、韩贞 15021517797、18818252438代理机构地址： 上海市静安区长安路1001号长安大厦1号楼（办公楼）20层 一、采购项目内容对16套空呼气瓶充气设备进行维保，具体内容详见比选文件第三部分采购需求。 二、开标时间：2026年09月10日 09:30 三、其它补充事宜1、预算金额：38万元，最高限价：38万元2、合同履行期限：合同签订后60日内完成所有空呼充气设备的维保服务。3、合格的响应单位必须具备以下条件：1）、满足《中华人民共和国政府采购法》第二十二条规定。2）、落实政府采购政策需满足的资格要求：本项目执行政府采购促进中小企业、节能政策、监狱企业、福利企业发展的相关政策。本项目专门面向中小企业采购；中小企业划分标准所属行业：其他未列明行业。从业人员300人以下的为中小微型企业。其中，从业人员100人及以上的为中型企业；从业人员10人及以上的为小型企业；从业人员10人以下的为微型企业。3）、未被列入“信用中国”网站（www.creditchina.gov.cn）失信被执行人名单、重大税收违法失信主体和中国政府采购网（www.ccgp.gov.cn）政府采购严重违法失信行为记录名单的供应商。本次招标不接受联合投标。4、获取比选文件的办法和时间：1）．合格供应商可于2026-09-04 本公告发布之日起至2026-09-08  16:00截止（上午09:30-11:00；下午13:30-16:00），可在上述时间段内携以下材料前往上海申诣建设咨询有限公司领取比选文件。比选文件费600元/本，现场现金领购，售后不退，领取比选文件同时需提交如下资料：（1）营业执照副本或三证合一的营业执照（复印件加盖公章）；如是事业单位需提供事业单位法人证书（复印件加盖公章）；（2）法定代表人证明书、授权委托书、被授权人身份证正反面（法定代表人签字或盖章并加盖公章）。注：以上报名资料必须加盖公章，如有缺漏，采购代理机构将拒绝接受其报名。响应供应商须保证所提交的响应文件、资料的内容真实、完整、有效、一致，如递交虚假的响应文件、资料或填写信息错误导致的与本项目有关的任何损失由供应商承担。5、投标截止及开标时间：1）、投标截止时间：2026-09-10 上午09时30分，迟到或不符合规定的响应文件恕不接受。2）、开标时间：2026-09-10 上午09时30分，届时请响应单位的法定代表人或其授权的响应单位代表出席开标仪式。6、投标地点和开标地点：投标及开标地点：上海市静安区长安路1001号长安大厦1号楼（办公楼）20层。 四、预算金额：预算金额：38.000000 万元（人民币）,公共安全,,中国政府采购网,,38.0,table,,,,,,,,,,,
浦东新区消防救援支队2026年购买饮水净化服务比选公告,其他公告,SYZB20260622,2026年09月03日 15:52,上海市,浦东新区消防救援支队,上海市浦东新区杜鹃路260号,王老师  021-20272287,上海申诣建设咨询有限公司,上海市静安区长安路1001号长安大厦1号楼（办公楼）20层,吴艳、韩贞   15021517797、18818252438,吴艳,15021517797,,,https://www.ccgp.gov.cn/cggg/zygg/qtgg/202609/t20260903_27259612.htm,2026-09-10 10:12:24,上海申诣建设咨询有限公司受浦东新区消防救援支队 委托，根据《中华人民共和国政府采购法》等有关规定，现对浦东新区消防救援支队2026年购买饮水净化服务进行其他招标，欢迎合格的供应商前来投标。 项目名称：浦东新区消防救援支队2026年购买饮水净化服务项目编号：SYZB20260622项目联系方式：项目联系人：吴艳项目联系电话：15021517797 采购单位联系方式：采购单位：浦东新区消防救援支队采购单位地址：上海市浦东新区杜鹃路260号采购单位联系方式：王老师 021-20272287 代理机构联系方式：代理机构：上海申诣建设咨询有限公司代理机构联系人：吴艳、韩贞 15021517797、18818252438代理机构地址： 上海市静安区长安路1001号长安大厦1号楼（办公楼）20层 一、采购项目内容浦东新区消防救援支队机关及下属单位租赁147台直饮水设备，具体内容详见比选文件第三部分采购需求。 二、开标时间：2026年09月10日 13:30 三、其它补充事宜1、预算金额：预算金额：35万元，最高限价：35万元2、合同履行期限：合同签订后一年。3、合格的响应单位必须具备以下条件：1）、满足《中华人民共和国政府采购法》第二十二条规定。2）、落实政府采购政策需满足的资格要求：本项目执行政府采购促进中小企业、节能政策、监狱企业、福利企业发展的相关政策。本项目专门面向中小企业采购；中小企业划分标准所属行业：租赁和商务服务业。从业人员300人以下或资产总额120000万元以下的为中小微型企业。其中，从业人员100人及以上，且资产总额8000万元及以上的为中型企业；从业人员10人及以上，且资产总额100万元及以上的为小型企业；从业人员10人以下或资产总额100万元以下的为微型企业。3）、未被列入“信用中国”网站（www.creditchina.gov.cn）失信被执行人名单、重大税收违法失信主体和中国政府采购网（www.ccgp.gov.cn）政府采购严重违法失信行为记录名单的供应商。本次招标不接受联合投标。4、获取比选文件的办法和时间：1）．合格供应商可于2026-09-04 本公告发布之日起至2026-09-08  16:00截止（上午09:30-11:00；下午13:30-16:00），可在上述时间段内携以下材料前往上海申诣建设咨询有限公司领取比选文件。比选文件费600元/本，现场现金领购，售后不退，领取比选文件同时需提交如下资料：（1）营业执照副本或三证合一的营业执照（复印件加盖公章）；如是事业单位需提供事业单位法人证书（复印件加盖公章）；（2）法定代表人证明书、授权委托书、被授权人身份证正反面（法定代表人签字或盖章并加盖公章）。注：以上报名资料必须加盖公章，如有缺漏，采购代理机构将拒绝接受其报名。响应供应商须保证所提交的响应文件、资料的内容真实、完整、有效、一致，如递交虚假的响应文件、资料或填写信息错误导致的与本项目有关的任何损失由供应商承担。5、投标截止及开标时间：1）、投标截止时间：2026-09-10  下午13时30分，迟到或不符合规定的响应文件恕不接受。2）、开标时间：2026-09-10  下午13时30分，届时请响应单位的法定代表人或其授权的响应单位代表出席开标仪式。6、投标地点和开标地点：投标及开标地点：上海市静安区长安路1001号长安大厦1号楼（办公楼）20层。 四、预算金额：预算金额：35.000000 万元（人民币）,公共安全,,中国政府采购网,,35.0,table,,,,,,,,,,,
关于湖州市长兴县消防救援大队2026年广告宣传服务项目的招标文件意见征询,其他公告,,2026年09月03日 15:50,湖州市,湖州市消防救援支队,湖州市仁皇山街道3588号,吕先生、0572-2399373,浙江中诺招标代理有限公司,杭州市西湖区教工路269号保翌大厦14楼,董媛媛、0571-88821402-8023,董媛媛,0571-88821402-8023,湖州市长兴县消防救援大队2026年广告宣传服务项目-意见征询稿.pdf,"[{""attach_name"": ""湖州市长兴县消防救援大队2026年广告宣传服务项目-意见征询稿.pdf"", ""attach_url"": ""https://download.ccgp.gov.cn/oss/download?uuid=F7A4991D0FFFD4C2BCD341ECAA60E6""}]",https://www.ccgp.gov.cn/cggg/zygg/qtgg/202609/t20260903_27259547.htm,2026-09-10 10:12:25,浙江中诺招标代理有限公司受湖州市消防救援支队 委托，根据《中华人民共和国政府采购法》等有关规定，现对湖州市长兴县消防救援大队2026年广告宣传服务项目进行其他招标，欢迎合格的供应商前来投标。 项目名称：湖州市长兴县消防救援大队2026年广告宣传服务项目项目编号：湖消采-J2026027项目联系方式：项目联系人：董媛媛项目联系电话：0571-88821402-8023 采购单位联系方式：采购单位：湖州市消防救援支队采购单位地址：湖州市仁皇山街道3588号采购单位联系方式：吕先生、0572-2399373 代理机构联系方式：代理机构：浙江中诺招标代理有限公司代理机构联系人：董媛媛、0571-88821402-8023代理机构地址： 杭州市西湖区教工路269号保翌大厦14楼 一、采购项目内容公示简要情况说明：浙江中诺招标代理有限公司受湖州市消防救援支队委托，就湖州市长兴县消防救援大队2026年广告宣传服务项目进行竞争性磋商。现将磋商文件意见征询稿予以公示，公开征求意见。一、意见征询编号：湖消采-J2026027二、征求意见范围：1、投标人资格条件是否具有明显倾向性和歧视性；2、采购需求是否存在问题；3、技术指标是否具有明显倾向性和歧视性；4、其他条款是否存在问题；5、影响政府采购“公开、公平、公正”原则的其他情况。 三、征求意见递交及接收：1、意见递交截止时间：2026-09-08 17:00:002、意见递交方式：各潜在供应商和有关专家提出建议和修改理由的请于2026年9月08 日下午17时00分前通过电子邮件方式发送至wuzhijing@zngpa.cn（附相关资料扫描件），并告知联系电话等通讯方式。3、意见接收机构：浙江中诺招标代理有限公司4、联系人：董媛媛5、联系电话：0571-88821402、188057160196、联系邮箱：wuzhijing@zngpa.cn四、合格的修改意见和建议书要求1、潜在投标人或供应商提出修改意见和建议的，其书面材料须经法人代表签字确认、加盖单位公章并提供联系电话。       2、专家提出修改意见和建议的，其书面材料须出具本人与该项目相关专业证书复印件及联系电话。       3、各潜在投标人或供应商及专家提出修改意见和建议内容必须是真实的，并附相关依据，不得提供虚假材料或恶意扰乱政府采购正常秩序。五、注意事项：本征求意见结束后将在中国政府采购网、湖州市公共资源交易信息网上公开发布竞争性磋商公告。 二、开标时间： 三、其它补充事宜 四、预算金额：预算金额：50.000000 万元（人民币）,公共安全,,中国政府采购网,,50.0,table,,,,,,,,,,,
中国极地研究中心（中国极地研究所）2026年航空煤油配送服务流标公告,流标公告,0613-267133064584,2026年09月03日 15:49,上海市,中国极地研究中心（中国极地研究所）,上海市浦东新区雪龙路1000号,丁吉斌 021-58710116,上海机电设备招标有限公司,上海市普陀区长寿路285号恒达大厦16楼,张子豪、孙瑞强，021-32557735、32557738，电子邮箱：zzh@shbid.com,张子豪、孙瑞强,021-32557735、32557738,,,https://www.ccgp.gov.cn/cggg/zygg/qtgg/202609/t20260903_27259515.htm,2026-09-10 10:12:26,一、项目基本情况 采购项目编号：0613-267133064584 采购项目名称：中国极地研究中心（中国极地研究所）2026年航空煤油配送服务 二、项目废标/流标的原因 到投标截止时间，提交投标文件的单位不足3家，故本项目流标。 三、其他补充事宜 / 四、凡对本次公告内容提出询问，请按以下方式联系。 1.采购人信息 名 称：中国极地研究中心（中国极地研究所） 地址：上海市浦东新区雪龙路1000号 联系方式：丁吉斌 021-58710116 2.采购代理机构信息 名 称：上海机电设备招标有限公司 地 址：上海市普陀区长寿路285号恒达大厦16楼 联系方式：张子豪、孙瑞强，021-32557735、32557738，电子邮箱：zzh@shbid.com 3.项目联系方式 项目联系人：张子豪、孙瑞强 电 话： 021-32557735、32557738,设备购置,,中国政府采购网,,,default,二、项目废标/流标的原因,,,,,,,,,,
广州市黄埔区消防救援大队2026年消防车辆装备采购项目采购需求参数征求意见公告,其他公告,,2026年09月03日 15:48,黄埔区,广州市黄埔区消防救援大队,广州市黄埔区新阳西路20号,韩生16620497991,详见公告正文,详见公告正文,详见公告正文,韩生,16620497991,"2、广州市黄埔区消防救援大队2026年消防装备技术参数征求意见表.xls,1、广州市黄埔区消防救援大队2026年消防装备采购计划汇总表.xlsx","[{""attach_name"": ""2、广州市黄埔区消防救援大队2026年消防装备技术参数征求意见表.xls"", ""attach_url"": ""https://download.ccgp.gov.cn/oss/download?uuid=063A3F82BCB0B8D0F349EE16A6F033""}, {""attach_name"": ""1、广州市黄埔区消防救援大队2026年消防装备采购计划汇总表.xlsx"", ""attach_url"": ""https://download.ccgp.gov.cn/oss/download?uuid=9284EB7FC0240F250B6055ECB60E9E""}]",https://www.ccgp.gov.cn/cggg/zygg/qtgg/202609/t20260903_27259505.htm,2026-09-10 10:12:26,根据《中华人民共和国政府采购法》等有关规定，现对广州市黄埔区消防救援大队2026年消防车辆装备采购项目采购需求参数征求意见公告进行其他招标，欢迎合格的供应商前来投标。 项目名称：广州市黄埔区消防救援大队2026年消防车辆装备采购项目采购需求参数征求意见公告项目编号：项目联系方式：项目联系人：韩生项目联系电话：16620497991 采购单位联系方式：采购单位：广州市黄埔区消防救援大队采购单位地址：广州市黄埔区新阳西路20号采购单位联系方式：韩生16620497991  一、采购项目内容（一）参数征求意见内容根据公告附件”附件《广州市黄埔区消防救援大队2026年消防装备技术参数征求意见表》”包括但不限于车辆的品牌型号、市场价格（万元）、修改后的市场价格（万元）、详细参数、需要修改的技术参数、依据等相关信息。（二）参数征求意见方法参数征求意见问卷调查的方式进行，请各单位于2026年9月9日17:30前将加盖公章的公告附件扫描成PDF格式，以及公告附件的Excel格式发送至指定邮（921423433@qq.com）。 二、开标时间： 三、其它补充事宜递交材料应当写明供应商名称、联系人及联系电话并加盖单位印章。采购单位是否采纳均不影响供应商参与本项目后续采购活动，对供应商所提出的意见建议不作书面回复。 四、预算金额：预算金额：0.000000 万元（人民币）,公共安全,,中国政府采购网,,0.0,table,,,,,,,,,,,
北京林业大学实验林场防火专项运维工程校内磋商公告,其他公告,,2026年09月03日 15:41,北京市,北京林业大学,北京市海淀区清华东路35号,李老师、徐老师010-62337461,北京国际招标有限公司,北京市东城区朝阳门北小街71号,闻爽、张金泽、朱晨光、崔文峰、崔振龙、周鹏 010-64001063,闻爽、张金泽、朱晨光、崔文峰,010-64001063,,,https://www.ccgp.gov.cn/cggg/zygg/qtgg/202609/t20260903_27259378.htm,2026-09-10 10:12:27,"北京国际招标有限公司受北京林业大学 委托，根据《中华人民共和国政府采购法》等有关规定，现对北京林业大学实验林场防火专项运维工程进行其他招标，欢迎合格的供应商前来投标。 项目名称：北京林业大学实验林场防火专项运维工程项目编号：北林招（工）[ZB2026]027号项目联系方式：项目联系人：闻爽、张金泽、朱晨光、崔文峰、崔振龙、周鹏项目联系电话：010-64001063 采购单位联系方式：采购单位：北京林业大学采购单位地址：北京市海淀区清华东路35号采购单位联系方式：李老师、徐老师010-62337461 代理机构联系方式：代理机构：北京国际招标有限公司代理机构联系人：闻爽、张金泽、朱晨光、崔文峰、崔振龙、周鹏 010-64001063代理机构地址： 北京市东城区朝阳门北小街71号 一、采购项目内容北京林业大学实验林场防火专项运维工程校内磋商公告 项目概况 北京林业大学实验林场防火专项运维工程的潜在供应商应在北京市东城区朝阳门北小街71号北京国际招标有限公司515室获取采购文件，并于2026年9月14日14点00分前提交响应文件。 一、项目基本情况项目编号：北林招（工）[ZB2026]027号项目名称：北京林业大学实验林场防火专项运维工程采购方式：校内磋商预算金额：419339.84 元（人民币）最高限价（如有）：419339.84元（人民币）采购需求：北京林业大学实验林场防火专项运维工程范围包括本工程施工图纸及清单范围内，以及过程中可能产生的变更洽商的砌筑工程、地基处理、土方工程、建筑装饰装修工程、电气工程及其他零星建筑工程等全部内容 二、申请人的资格要求1.满足《中华人民共和国政府采购法》第二十二条规定；2.落实政府采购政策需满足的资格要求：本项目专门面向中小企业采购3.本项目的特定资格要求：（1）响应人须具备建筑工程施工总承包三级及以上资质；（2）响应人必须是“中央国家机关2021-2022年工程施工定点响应人”，入库资质中包含“建筑工程施工总承包三级及以上”资质（中央政府采购网中施工定点页面可查）；（3）响应人须具有有效的安全生产许可证；（4）单位负责人为同一人或者存在直接控股、管理关系的不同响应人，不得参加同一合同项下的政府采购活动；（5）为本项目提供整体设计、规范编制或者项目管理、监理、检测等服务的响应人，不得再参加本项目采购活动；（6）未被“信用中国”网站（www.creditchina.gov.cn）、中国政府采购网（www.ccgp.gov.cn）列入失信被执行人、重大税收违法案件当事人名单、政府采购严重违法失信行为记录名单；（7）外地进京企业需办理进京备案；（8）项目经理资格要求： 项目经理须具备建筑工程注册建造师二级及以上资格，具有有效的安全生产考核合格证书（B本），并在中央国家机关政府采购中心定点企业库中备案且未被锁定；外地来京建筑企业在办理进京备案时，应当一并办理注册建造师备案手续，已办理备案的外地来京建筑企业注册建造师方可在本市行政区域内开展执业活动；且承诺在签订本项目合同时不得担任其他在施建设工程项目的项目经理。 (特别提醒:根据北京市住建委《关于启用新版建筑施工企业安全生产管理人员考核合格证书和建筑施工特种作业操作资格证书电子证照的通知》相关要求, 自 2023 年6月1日起,北京市建筑施工企业安全生产管理人员和建筑施工特种作业操作人员统一使用新版电子证照,旧版建筑施工企业安全生产管理人员考核合格证书和建筑施工特种作业操作资格证书电子证书作废。响应人应提交项目经理的新版安全生产考核合格证书。)4. 本项目不接受联合体报名，报名登记单位不足三家时依法重新组织采购。 三、获取采购文件1.时间：2026年9月4日至2026年9月8日，每天上午9:00-11:00下午13:00-17:00（北京时间）2.地点：北京市东城区朝阳门北小街71号北京国际招标有限公司515室。3.方式：线下购买；4.售价：人民币500元/套，售后不退 四、响应文件提交截止时间：2026年9月14日14点00分响应文件提交截止时间后送达的响应文件将被拒收。地点：北京国际招标有限公司303室（北京市东城区朝阳门北小街71号） 五、响应文件开启时间：2026年9月14日14点00分地点：北京国际招标有限公司303室（北京市东城区朝阳门北小街71号） 六、公告期限自本公告发布之日起3个工作日。 七、其他补充事宜本项目需要落实的政府采购政策：财政部、工业和信息化部关于印发《政府采购促进中小企业发展管理办法》的通知（财库〔2020〕46号）《财政部、司法部关于政府采购支持监狱企业发展有关问题的通知》（财库〔2014〕68号）《三部门联合发布关于促进残疾人就业政府采购政策的通知》（财库〔2017〕141号）《财政部办公厅关于落实财政支持贫困村微小型项目村级组织自建自营有关政策的通知》（财办库〔2019〕75号）《财政部 国务院扶贫办关于运用政府采购政策支持脱贫攻坚的通知》（财库〔2019〕27号）《北京市生态环境局关于进一步加强绿色政府采购有关事项的通知》（京财采购〔2018〕2593号）《财政部关于在政府采购活动中查询及使用信用记录有关问题的通知》（财库〔2016〕125号）《关于印发环境标志产品政府采购品目清单的通知》（财库〔2019〕18号）《关于印发节能产品政府采购品目清单的通知》（财库〔2019〕19号）《关于进一步加大政府采购支持中小企业力度的通知》（财库〔2022〕19号） 开户名（全称）：北京国际招标有限公司开户银行：华夏银行北京建国门支行账     号：10265000000524102 八、凡对本次采购提出询问，请按以下方式联系。1.采购人信息名  称：北京林业大学地  址：北京市海淀区清华东路35号联系方式：李老师、徐老师010-623374612.采购代理机构信息名    称：北京国际招标有限公司地    址：北京市东城区朝阳门北小街71号联系方式：闻爽、张金泽、朱晨光、崔文峰、崔振龙、高红梅 010-640010633.项目联系方式项目联系人：闻爽、张金泽、朱晨光、崔文峰、崔振龙、高红梅电      话：010-64001063 二、开标时间：2026年09月14日 14:00 三、其它补充事宜无 四、预算金额：预算金额：41.933984 万元（人民币）",教育培训,2026-09-14 14:00,中国政府采购网,校内磋商,41.933984,table,,,,,,,,,,,
新能源电池电芯外观缺陷与全场变形检测方法及传感器设计制作开发废标公告,流标公告,GXTC-C-26500112,2026年09月03日 15:35,北京市,中国质量检验检测科学研究院,北京市亦庄经济技术开发区荣华南路11号,段老师 010-53897203,国信招标集团股份有限公司,北京市海淀区四季青常青路和泓四季6号楼国信招标,18302260731、17631253713、010-87235281,屈晓茹、米磊、荣蕾、贾大伟,18302260731、17631253713、010-87235281,,,https://www.ccgp.gov.cn/cggg/zygg/qtgg/202609/t20260903_27259229.htm,2026-09-10 10:12:27,一、项目基本情况 采购项目编号：GXTC-C-26500112 采购项目名称：新能源电池电芯外观缺陷与全场变形检测方法及传感器设计制作开发 二、项目废标/流标的原因 经评审，对招标文件做出实质性响应的投标人不足三家。 三、其他补充事宜 无 四、凡对本次公告内容提出询问，请按以下方式联系。 1.采购人信息 名 称：中国质量检验检测科学研究院 地址：北京市亦庄经济技术开发区荣华南路11号 联系方式：段老师 010-53897203 2.采购代理机构信息 名 称：国信招标集团股份有限公司 地 址：北京市海淀区四季青常青路和泓四季6号楼国信招标 联系方式：18302260731、17631253713、010-87235281 3.项目联系方式 项目联系人：屈晓茹、米磊、荣蕾、贾大伟 电 话： 18302260731、17631253713、010-87235281,能源电力,,中国政府采购网,,,default,二、项目废标/流标的原因,,,,,,,,,,
中华人民共和国西藏出入境边防检查总站拉萨出入境边防检查站警史馆升级改造采购项目（二次）竞争性磋商公告,其他公告,XZRFZB-LSCG-2026042,2026年09月03日 15:34,贡嘎县,中华人民共和国拉萨出入境边防检查站,拉萨贡嘎国际机场,0891-6582000（仅限工作时间拨打）,西藏瑞丰工程项目管理有限公司,拉萨市堆龙德庆区日月湖水景花园4区4排6号,何先生 18391065334,何先生,13891065334,中华人民共和国西藏出入境边防检查总站拉萨出入境边防检查站警史馆升级改造采购项目（二次）获取竞争性磋商文件登记表.doc,"[{""attach_name"": ""中华人民共和国西藏出入境边防检查总站拉萨出入境边防检查站警史馆升级改造采购项目（二次）获取竞争性磋商文件登记表.doc"", ""attach_url"": ""https://download.ccgp.gov.cn/oss/download?uuid=1A5575A52DE25EFF6FB5EB38939C62""}]",https://www.ccgp.gov.cn/cggg/zygg/qtgg/202609/t20260903_27259218.htm,2026-09-10 10:12:28,西藏瑞丰工程项目管理有限公司受中华人民共和国拉萨出入境边防检查站 委托，根据《中华人民共和国政府采购法》等有关规定，现对中华人民共和国西藏出入境边防检查总站拉萨出入境边防检查站警史馆升级改造采购项目（二次）进行其他招标，欢迎合格的供应商前来投标。 项目名称：中华人民共和国西藏出入境边防检查总站拉萨出入境边防检查站警史馆升级改造采购项目（二次）项目编号：XZRFZB-LSCG-2026042项目联系方式：项目联系人：何先生项目联系电话：13891065334 采购单位联系方式：采购单位：中华人民共和国拉萨出入境边防检查站采购单位地址：拉萨贡嘎国际机场采购单位联系方式：0891-6582000（仅限工作时间拨打） 代理机构联系方式：代理机构：西藏瑞丰工程项目管理有限公司代理机构联系人：何先生 18391065334代理机构地址： 拉萨市堆龙德庆区日月湖水景花园4区4排6号 一、采购项目内容项目概况中华人民共和国西藏出入境边防检查总站拉萨出入境边防检查站警史馆升级改造采购项目（二次）的潜在供应商应在西藏瑞丰工程项目管理有限公司（地址：拉萨市堆龙德庆区日月湖水景花园4区4排6号）或邮箱2276867181@qq.com获取竞争性磋商文件，并于2026年09月14日10时30分（北京时间）前提交响应文件。一、项目基本情况1.项目编号：XZRFZB-LSCG-20260422.项目名称：中华人民共和国西藏出入境边防检查总站拉萨出入境边防检查站警史馆升级改造采购项目（二次）3.采购方式：竞争性磋商4.预算金额：686328.67元(大写：陆拾捌万陆仟叁佰贰拾捌元陆角柒分)5.最高限价：686328.67元(大写：陆拾捌万陆仟叁佰贰拾捌元陆角柒分)6.采购需求：本项目为拉萨出入境边防检查站警史馆升级改造项目，展馆面积约139㎡，包含原有场地拆除清运、室内装饰装修、吊顶隔墙、墙面饰面、定制展柜安装、强弱电施工及LED屏、触控一体机等数字化展示设备的供货、安装调试、现场保洁收尾等全部配套工作。项目需按标准化、数字化、环保化标准建设，打造综合性警史文化阵地。7.合同履行期限：合同签订之日起70个日历天。8.需落实的政府采购政策内容：①执行《中华人民共和国政府采购法》《中华人民共和国政府采购法实施条例》等有关法律法规和政策；②执行《政府采购促进中小企业发展管理办法》（财库[2020]46号）、《关于政府采购支持监狱企业发展有关问题的通知》（财库[2014]68号）、《关于促进残疾人就业政府采购政策的通知》（财库[2017]141号）和《关于推动解决政府采购异常低价问题的通知》（财库〔2026〕2号）；③落实《商品包装政府采购需求标准（试行）》《快递包装政府采购需求标准（试行）》（财办库〔2020〕123号）的相关政策，商品包装和快递包装应符合文件要求；④法律法规规定的其他政策及法律法规规定的其他禁止情形。9.本项目不接受联合体。二、供应商的资格要求1.满足《中华人民共和国政府采购法》第二十二条规定；2.落实政府采购政策需满足的资格要求：本项目专门面向中小企业采购；3.本项目的特定资格要求：供应商须具备建设行政主管部门核发的建筑装修装饰工程专业承包二级及以上资质或建筑工程施工总承包三级及以上资质，具有有效的安全生产许可证；供应商须按要求在西藏自治区建筑市场监管公共服务平台备案且企业信息可查询（依据《西藏自治区建筑市场管理条例》及自治区住建厅关于区外建设工程企业信息报送的相关规定），提供查询截图。三、获取采购文件时间：2026年09月04日至2026年09月10日（磋商文件的发售期限自开始之日起不得少于5个工作日），每天上午10:00至13:00，下午15:30至18:30（北京时间，法定节假日除外 ）地点：西藏瑞丰工程项目管理有限公司开标室（地址：拉萨市堆龙德庆区日月湖水景花园4区4排6号）方式：现场获取或邮箱获取（现场获取：提供公司名称、购买人姓名、购买人联系方式。远程获取流程：将项目名称、公司名称、购买人姓名、购买人联系方式发送至邮箱：2276867181@qq.com）售价：200.00元四、响应文件提交截止时间：2026年09月14日10时30分（北京时间）（从磋商文件开始发出之日起至供应商提交首次响应文件截止之日止不得少于10日）地点：西藏瑞丰工程项目管理有限公司开标室（地址：拉萨市堆龙德庆区日月湖水景花园4区4排6号）五、开启时间：2026年09月14日10时30分（北京时间）地点：西藏瑞丰工程项目管理有限公司开标室六、公告期限自本公告发布之日起3个工作日。七、其他补充事宜7.1信用记录:供应商未被列入 “信用中国” 网站 (www.creditchina.gov.cn)“失信被执行人或重大税收违法失信主体或政府采购严重违法失信行为记录名单”;不处于中国政府采购网（www.ccgp.gov.cn）政府采购严重违法失信行为信息记录中的禁止参加政府采购活动期间，若供应商具有分公司的，其所属分公司有上述不良信用记录的，视同该供应商存在不良信用记录。若供应商为分公司的，其所属总公司(总所)存在上述不良信用记录的，视同该分公司存在不良信用记录。(采购人或采购代理机构将在递交响应文件截止时间前一个工作日至资格审查结束前的期间内查询供应商的信用记录。供应商存在不良信用记录的，其响应将被认定为无效响应)。7.2参加政府采购活动前三年内，在经营活动中没有重大违法记录。（重大违法记录是指供应商因违法经营受到刑事处罚或者责令停产停业、吊销许可证或者执照、较大数额罚款等行政处罚。(根据财库(2022)3号文，较大数额罚款认定为200万元以上的罚款，法律、行政法规以及国务院有关部门明确规定相关领域“较大数额罚款”标准高于200万元的，从其规定。）7.3单位负责人为同一人或者存在直接控股、管理关系的不同供应商，不得同时参加本采购项目(或同一合同项下)投标。为本项目提供整体设计、规范编制或者项目管理、监理、检测等服务的供应商，不得再参与本项目投标。7.4本磋商公告在《中国政府采购网》上发布。八、凡对本次采购提出询问，请按以下方式联系。1.采购人信息名称：中华人民共和国拉萨出入境边防检查站地址：拉萨贡嘎国际机场联系方式：0891-6582000（仅限工作时间拨打）2.采购代理机构信息名称：西藏瑞丰工程项目管理有限公司地址：拉萨市堆龙德庆区日月湖水景花园4区4排6号联系方式：宋女士 13989902076（仅限工作时间拨打）3.项目联系方式项目联系人：宋女士电 话：13989902076（仅限工作时间拨打） 二、开标时间：2026年09月14日 10:30 三、其它补充事宜无 四、预算金额：预算金额：68.632867 万元（人民币）,工程建设,2026-09-14 10:30,中国政府采购网,竞争性磋商,68.632867,table,,,,,,,,,,,
天津大学化工学院激光直写系统采购项目快速磋商公告,其他公告,TDZC2026N0144,2026年09月03日 15:31,天津市,天津大学,天津市南开区卫津路92号,巩老师、蔡老师022-27407504（招标办）,盛和招标代理有限公司,天津市南开区白堤路180号万科时代中心26楼2601,许铖铖、苏云龙、侯美玲、梁冰、苗增文、李亚昭、窦玉玲18561713928、15132685035,许铖铖、苏云龙、侯美玲、梁冰,18561713928、15132685035,,,https://www.ccgp.gov.cn/cggg/zygg/qtgg/202609/t20260903_27259161.htm,2026-09-10 10:12:28,盛和招标代理有限公司受天津大学 委托，根据《中华人民共和国政府采购法》等有关规定，现对天津大学化工学院激光直写系统采购项目进行其他招标，欢迎合格的供应商前来投标。 项目名称：天津大学化工学院激光直写系统采购项目项目编号：TDZC2026N0144项目联系方式：项目联系人：许铖铖、苏云龙、侯美玲、梁冰、苗增文、李亚昭、窦玉玲项目联系电话：18561713928、15132685035 采购单位联系方式：采购单位：天津大学采购单位地址：天津市南开区卫津路92号采购单位联系方式：巩老师、蔡老师022-27407504（招标办） 代理机构联系方式：代理机构：盛和招标代理有限公司代理机构联系人：许铖铖、苏云龙、侯美玲、梁冰、苗增文、李亚昭、窦玉玲18561713928、15132685035代理机构地址： 天津市南开区白堤路180号万科时代中心26楼2601 一、采购项目内容（一）项目名称：天津大学化工学院激光直写系统采购项目（二）项目编号：TDZC2026N0144（三）项目内容激光直写系统：1套。本项目拟采购一套激光直写系统，该系统为半导体器件制备和测试的核心设备，无需掩模版即可实现亚微米级图形化加工。本项目不接受进口产品参与磋商，具体要求详见项目需求书。预算（最高限价）：99.00万元。本项目不接受联合体磋商并不得分包转包。（四）项目需要落实的政府采购政策中小企业划分标准所属行业：工业1.根据《政府采购促进中小企业发展管理办法》、《财政部关于进一步加大政府采购支持中小企业力度的通知》财库〔2022〕19号规定，本项目对小型和微型企业产品的价格给予10%的扣除。2.根据财政部发布的《关于政府采购支持监狱企业发展有关问题的通知》规定，本项目对监狱企业产品的价格给予10%的扣除。3.根据财政部、民政部、中国残疾人联合会发布的《关于促进残疾人就业政府采购政策的通知》规定，本项目对残疾人福利性单位产品的价格给予10%的扣除。注：小微企业以供应商填写的《中小企业声明函》为判定标准，残疾人福利性单位以制造商《残疾人福利性单位声明函》为判定标准，监狱企业须提供由省级以上监狱管理局、戒毒管理局（含新疆生产建设兵团）出具的制造商属于监狱企业的证明文件，否则不予认定。以上政策不重复享受。4.根据《国务院办公厅关于在政府采购中实施本国产品标准及相关政策的通知》国办发〔2025〕34号规定，政府采购活动中既有本国产品又有非本国产品参与竞争的，依法对本国产品给予价格评审优惠，对本国产品的报价给予20%的价格扣除，用扣除后的价格参与评审。当采购项目或者采购包中含有多种产品，供应商为该采购项目或者采购包提供的符合本国产品标准的产品成本之和占该供应商提供的全部产品成本之和的比例达到80%以上时，依法对该供应商提供的全部产品给予价格评审优惠，即对该供应商提供的全部产品的总报价给予20%的价格扣除，用扣除后的价格参与评审。注：供应商提供的产品符合本国产品标准，需出具《关于符合本国产品标准的声明函》（格式见第七章响应文件格式附件8-4）或财政部会同有关部门规定的有关证明文件，如提供的产品均不符合本国产品标准，则无需提供声明函或有关证明文件。供应商提供的符合本国产品标准的产品成本之和占该供应商提供的全部产品（全部产品是指货物或服务采购包件中包含的全部货物、服务产品）成本之和的比例达到80%以上，供应商除需提供以上声明函或证明文件外，还需提供产品成本占比承诺函（格式见第七章响应文件格式附件8-5）。占比不足80%的，无需提供承诺函。5.按照《关于调整优化节能产品、环境标志产品政府采购执行机制的通知》（财库〔2019〕9号）文件要求，对政府采购节能、环境标志品目清单内的产品实施优先采购和强制采购的评标方法。6.涉及商品包装或快递包装的，按照《财政部办公厅、生态环境部办公厅、国家邮政局办公室关于印发<商品包装政府采购需求标准（试行）>、<快递包装政府采购需求标准（试行）>的通知》（财办库〔2020〕123号）要求执行。7.按照《财政部关于在政府采购活动中查询及使用信用记录有关问题的通知》（财库〔2016〕125号）的要求，根据磋商当日查询“信用中国”网站（www.creditchina.gov.cn）、中国政府采购网（www.ccgp.gov.cn）的信息，对列入失信被执行人、重大税收违法失信主体、政府采购严重违法失信行为记录名单及其他不符合《中华人民共和国政府采购法》第二十二条规定条件的供应商，拒绝参与政府采购活动，同时代理机构对信用信息查询记录和证据进行打印存档。（五）供应商资格要求1. 满足《中华人民共和国政府采购法》第二十二条规定；（1）供应商须是在中华人民共和国注册，具备独立承担民事责任的能力；提供营业执照或事业单位法人证书或民办非企业单位登记证书或社会团体法人登记证书或基金会法人登记证书；（2）供应商须提供经第三方会计师事务所审计的2025年度财务审计报告或响应文件开启时间前3个月以内银行出具的资信证明；（3）供应商须提供提交响应文件截止时间前6个月内任意一个月缴纳社会保险费的相关证明材料；（4）供应商须提供税款所属期为提交响应文件截止时间前6个月内任意一个月依法纳税的相关证明材料；（5）供应商须提供响应文件开启时间前3年在经营活动中没有重大违法记录的书面声明（截至响应文件开启时间成立不足3年的供应商可提供自成立以来无重大违法记录的书面声明）；（6）供应商具备履行合同所必需的设备和专业技术能力，提供承诺书。2. 落实政府采购政策需满足的资格要求：按照《财政部关于在政府采购活动中查询及使用信用记录有关问题的通知》（财库〔2016〕125号）的要求，根据磋商当日查询“信用中国”网站（www.creditchina.gov.cn）、中国政府采购网（www.ccgp.gov.cn）的信息，对列入失信被执行人、重大税收违法失信主体、政府采购严重违法失信行为记录名单及其他不符合《中华人民共和国政府采购法》第二十二条规定条件的供应商，拒绝参与政府采购活动，同时代理机构对信用信息查询记录和证据进行打印存档。3.本项目的特定资格要求：若为供应商的法定代表人参加磋商，须提供法定代表人资格证明书原件加盖公章和法定代表人身份证明原件或复印件加盖公章；供应商若为授权代表参加磋商，还须提供法定代表人授权委托书原件（需由法定代表人及授权代表签字或盖章并加盖公章）和授权代表身份证明原件或复印件加盖公章。（六）快速磋商文件发售1. 获取磋商文件的时间：2026年09月04日至2026年09月08日出售磋商文件，每日9：00-11：00，14：00-17：00（法定节假日除外）。2. 获取磋商文件的方式：<1>现场获取：盛和招标代理有限公司（天津市南开区白堤路180号万科时代中心26楼2601房间）获取。<2>邮件获取：为保证开票信息的准确性，请将独立承担民事责任的能力证明文件复印件发送邮件至tjcnshzb@163.com邮箱，邮件中注明联系人、联系电话。邮件主题为“获取磋商文件：项目编号+公司名称”；核对信息无误后，向供应商发送付款方式；确认收到文件费支付截图后向供应商发送电子版磋商文件。纸质文件可自取或另行邮寄。（注：获取磋商文件日期以标书款到账日期为准。）磋商文件的售价：本磋商文件售价500.00元，一经售出，概不退还。（七）提交磋商响应文件截止时间及地点1. 响应文件提交的截止时间：2026年09月11日上午9:30（逾期送达或未按照磋商文件要求密封的响应文件概不接受。）2. 响应文件递交地点：盛和招标代理有限公司（天津市南开区白堤路180号万科时代中心26楼第一开标室）3. 响应文件开启时间：2026年09月11日上午9:304. 响应文件开启地点：盛和招标代理有限公司（天津市南开区白堤路180号万科时代中心26楼第一开标室）5. 响应文件递交方式现场递交：供应商须由法定代表人或授权代表现场递交响应文件（含对响应文件的有效修改、澄清文件）。（八）磋商时间及地点磋商时间及地点：2026年09月11日上午9:30（北京时间）在盛和招标代理有限公司（天津市南开区白堤路180号万科时代中心26楼第一开标室）召开。届时请参加磋商的授权代表出席。 二、开标时间：2026年09月11日 09:30 三、其它补充事宜无 四、预算金额：预算金额：99.000000 万元（人民币）,教育培训,,中国政府采购网,,99.0,table,,,,,,,,,,,
桐梓大队2026年度灭火救援装备采购项目需求公示,其他公告,YGCQ-ZY-ZC-2026-ZY-101-,2026年09月03日 15:30,桐梓县,桐梓县消防救援大队,遵义市桐梓县娄山关街道燎原路62号,张雨佳 18385243627,贵州阳光产权交易所有限公司,贵阳市观山湖区毕节路58号联合广场A座4层,王晨诗雨 0851-84702383,王晨诗雨,0851-84702383,"附件2：桐梓大队2026年度灭火救援装备采购项目反馈格式.doc,附件1：桐梓大队2026年度灭火救援装备采购项目技术参数.pdf","[{""attach_name"": ""附件2：桐梓大队2026年度灭火救援装备采购项目反馈格式.doc"", ""attach_url"": ""https://download.ccgp.gov.cn/oss/download?uuid=7CC3F47A0214E1A0D357A6D06FF588""}, {""attach_name"": ""附件1：桐梓大队2026年度灭火救援装备采购项目技术参数.pdf"", ""attach_url"": ""https://download.ccgp.gov.cn/oss/download?uuid=331F379DFFCEC70C973E5013AD6AB2""}]",https://www.ccgp.gov.cn/cggg/zygg/qtgg/202609/t20260903_27259149.htm,2026-09-10 10:12:29,贵州阳光产权交易所有限公司受桐梓县消防救援大队 委托，根据《中华人民共和国政府采购法》等有关规定，现对桐梓大队2026年度灭火救援装备采购项目进行其他招标，欢迎合格的供应商前来投标。 项目名称：桐梓大队2026年度灭火救援装备采购项目项目编号：YGCQ-ZY-ZC-2026-ZY-101-比项目联系方式：项目联系人：王晨诗雨项目联系电话：0851-84702383 采购单位联系方式：采购单位：桐梓县消防救援大队采购单位地址：遵义市桐梓县娄山关街道燎原路62号采购单位联系方式：张雨佳 18385243627 代理机构联系方式：代理机构：贵州阳光产权交易所有限公司代理机构联系人：王晨诗雨 0851-84702383代理机构地址： 贵阳市观山湖区毕节路58号联合广场A座4层 一、采购项目内容桐梓大队2026年度灭火救援装备采购项目，具体内容详见附件1。 二、开标时间： 三、其它补充事宜（一）公示期限：2026年9月3日至2026年9月14日（二）公示期限内，请各潜在投标人多提宝贵意见，特别针对需求文件中错误、矛盾、指向性、不合理等问题进行重点反馈。如对公示内容有异议的，请将意见建议通过书面（盖章扫描件）反馈至采购代理机构电子邮箱975564810@qq.com，反馈内容须加盖反馈单位公章，超过公示期的意见原则上不再受理。（反馈格式详见附件2）（三）本公示内容仅为采购人对本项目的需求公示，所有采购信息以实际发布的采购公告为准。反馈内容将作为采购需求审查的重要依据。（四）预算金额：29.82万元（人民币）（五）附件内容附件：桐梓大队2026年度灭火救援装备采购项目需求公示内容附件1：技术参数附件2：反馈格式 四、预算金额：预算金额：29.820000 万元（人民币）,公共安全,,中国政府采购网,,29.82,table,,,,,,,,,,,
天津大学化工学院光电器件响应测量与分析仪采购项目快速磋商公告,其他公告,TDZC2026N0145,2026年09月03日 15:30,天津市,天津大学,天津市南开区卫津路92号,巩老师、蔡老师022-27407504（招标办）,盛和招标代理有限公司,天津市南开区白堤路180号万科时代中心26楼2601,许铖铖、苏云龙、侯美玲、梁冰、苗增文、李亚昭、窦玉玲 18561713928、15132685035,许铖铖、苏云龙、侯美玲、梁冰,18561713928、15132685035,,,https://www.ccgp.gov.cn/cggg/zygg/qtgg/202609/t20260903_27259154.htm,2026-09-10 10:12:30,盛和招标代理有限公司受天津大学 委托，根据《中华人民共和国政府采购法》等有关规定，现对天津大学化工学院光电器件响应测量与分析仪采购项目进行其他招标，欢迎合格的供应商前来投标。 项目名称：天津大学化工学院光电器件响应测量与分析仪采购项目项目编号：TDZC2026N0145项目联系方式：项目联系人：许铖铖、苏云龙、侯美玲、梁冰、苗增文、李亚昭、窦玉玲项目联系电话：18561713928、15132685035 采购单位联系方式：采购单位：天津大学采购单位地址：天津市南开区卫津路92号采购单位联系方式：巩老师、蔡老师022-27407504（招标办） 代理机构联系方式：代理机构：盛和招标代理有限公司代理机构联系人：许铖铖、苏云龙、侯美玲、梁冰、苗增文、李亚昭、窦玉玲 18561713928、15132685035代理机构地址： 天津市南开区白堤路180号万科时代中心26楼2601 一、采购项目内容（一）项目名称：天津大学化工学院光电器件响应测量与分析仪采购项目（二）项目编号：TDZC2026N0145（三）项目内容光电器件响应测量与分析仪：1套。本项目拟购光电器件响应测量与分析仪一套。用于光电器件薄膜制备与光电性能表征，支撑光电子材料、钙钛矿器件相关科研实验等。本项目不接受进口产品参与磋商，具体要求详见项目需求书。预算（最高限价）：98.00万元。本项目不接受联合体磋商并不得分包转包。（四）项目需要落实的政府采购政策中小企业划分标准所属行业：工业1.根据《政府采购促进中小企业发展管理办法》、《财政部关于进一步加大政府采购支持中小企业力度的通知》财库〔2022〕19号规定，本项目对小型和微型企业产品的价格给予10%的扣除。2.根据财政部发布的《关于政府采购支持监狱企业发展有关问题的通知》规定，本项目对监狱企业产品的价格给予10%的扣除。3.根据财政部、民政部、中国残疾人联合会发布的《关于促进残疾人就业政府采购政策的通知》规定，本项目对残疾人福利性单位产品的价格给予10%的扣除。注：小微企业以供应商填写的《中小企业声明函》为判定标准，残疾人福利性单位以制造商《残疾人福利性单位声明函》为判定标准，监狱企业须提供由省级以上监狱管理局、戒毒管理局（含新疆生产建设兵团）出具的制造商属于监狱企业的证明文件，否则不予认定。以上政策不重复享受。4.根据《国务院办公厅关于在政府采购中实施本国产品标准及相关政策的通知》国办发〔2025〕34号规定，政府采购活动中既有本国产品又有非本国产品参与竞争的，依法对本国产品给予价格评审优惠，对本国产品的报价给予20%的价格扣除，用扣除后的价格参与评审。当采购项目或者采购包中含有多种产品，供应商为该采购项目或者采购包提供的符合本国产品标准的产品成本之和占该供应商提供的全部产品成本之和的比例达到80%以上时，依法对该供应商提供的全部产品给予价格评审优惠，即对该供应商提供的全部产品的总报价给予20%的价格扣除，用扣除后的价格参与评审。注：供应商提供的产品符合本国产品标准，需出具《关于符合本国产品标准的声明函》（格式见第七章响应文件格式附件8-4）或财政部会同有关部门规定的有关证明文件，如提供的产品均不符合本国产品标准，则无需提供声明函或有关证明文件。供应商提供的符合本国产品标准的产品成本之和占该供应商提供的全部产品（全部产品是指货物或服务采购包件中包含的全部货物、服务产品）成本之和的比例达到80%以上，供应商除需提供以上声明函或证明文件外，还需提供产品成本占比承诺函（格式见第七章响应文件格式附件8-5）。占比不足80%的，无需提供承诺函。5.按照《关于调整优化节能产品、环境标志产品政府采购执行机制的通知》（财库〔2019〕9号）文件要求，对政府采购节能、环境标志品目清单内的产品实施优先采购和强制采购的评标方法。6.涉及商品包装或快递包装的，按照《财政部办公厅、生态环境部办公厅、国家邮政局办公室关于印发<商品包装政府采购需求标准（试行）>、<快递包装政府采购需求标准（试行）>的通知》（财办库〔2020〕123号）要求执行。7.按照《财政部关于在政府采购活动中查询及使用信用记录有关问题的通知》（财库〔2016〕125号）的要求，根据磋商当日查询“信用中国”网站（www.creditchina.gov.cn）、中国政府采购网（www.ccgp.gov.cn）的信息，对列入失信被执行人、重大税收违法失信主体、政府采购严重违法失信行为记录名单及其他不符合《中华人民共和国政府采购法》第二十二条规定条件的供应商，拒绝参与政府采购活动，同时代理机构对信用信息查询记录和证据进行打印存档。（五）供应商资格要求1. 满足《中华人民共和国政府采购法》第二十二条规定；（1）供应商须是在中华人民共和国注册，具备独立承担民事责任的能力；提供营业执照或事业单位法人证书或民办非企业单位登记证书或社会团体法人登记证书或基金会法人登记证书；（2）供应商须提供经第三方会计师事务所审计的2025年度财务审计报告或响应文件开启时间前3个月以内银行出具的资信证明；（3）供应商须提供提交响应文件截止时间前6个月内任意一个月缴纳社会保险费的相关证明材料；（4）供应商须提供税款所属期为提交响应文件截止时间前6个月内任意一个月依法纳税的相关证明材料；（5）供应商须提供响应文件开启时间前3年在经营活动中没有重大违法记录的书面声明（截至响应文件开启时间成立不足3年的供应商可提供自成立以来无重大违法记录的书面声明）；（6）供应商具备履行合同所必需的设备和专业技术能力，提供承诺书。2. 落实政府采购政策需满足的资格要求：按照《财政部关于在政府采购活动中查询及使用信用记录有关问题的通知》（财库〔2016〕125号）的要求，根据磋商当日查询“信用中国”网站（www.creditchina.gov.cn）、中国政府采购网（www.ccgp.gov.cn）的信息，对列入失信被执行人、重大税收违法失信主体、政府采购严重违法失信行为记录名单及其他不符合《中华人民共和国政府采购法》第二十二条规定条件的供应商，拒绝参与政府采购活动，同时代理机构对信用信息查询记录和证据进行打印存档。3.本项目的特定资格要求：若为供应商的法定代表人参加磋商，须提供法定代表人资格证明书原件加盖公章和法定代表人身份证明原件或复印件加盖公章；供应商若为授权代表参加磋商，还须提供法定代表人授权委托书原件（需由法定代表人及授权代表签字或盖章并加盖公章）和授权代表身份证明原件或复印件加盖公章。（六）快速磋商文件发售1. 获取磋商文件的时间：2026年09月04日至2026年09月08日出售磋商文件，每日9：00-11：00，14：00-17：00（法定节假日除外）。2. 获取磋商文件的方式：<1>现场获取：盛和招标代理有限公司（天津市南开区白堤路180号万科时代中心26楼2601房间）获取。<2>邮件获取：为保证开票信息的准确性，请将独立承担民事责任的能力证明文件复印件发送邮件至tjcnshzb@163.com邮箱，邮件中注明联系人、联系电话。邮件主题为“获取磋商文件：项目编号+公司名称”；核对信息无误后，向供应商发送付款方式；确认收到文件费支付截图后向供应商发送电子版磋商文件。纸质文件可自取或另行邮寄。（注：获取磋商文件日期以标书款到账日期为准。）磋商文件的售价：本磋商文件售价500.00元，一经售出，概不退还。（七）提交磋商响应文件截止时间及地点1. 响应文件提交的截止时间：2026年09月11日下午13:30（逾期送达或未按照磋商文件要求密封的响应文件概不接受。）2. 响应文件递交地点：盛和招标代理有限公司（天津市南开区白堤路180号万科时代中心26楼第一开标室）3. 响应文件开启时间：2026年09月11日下午13:304. 响应文件开启地点：盛和招标代理有限公司（天津市南开区白堤路180号万科时代中心26楼第一开标室）5. 响应文件递交方式现场递交：供应商须由法定代表人或授权代表现场递交响应文件（含对响应文件的有效修改、澄清文件）。（八）磋商时间及地点磋商时间及地点：2026年09月11日下午13:30（北京时间）在盛和招标代理有限公司（天津市南开区白堤路180号万科时代中心26楼第一开标室）召开。届时请参加磋商的授权代表出席。 二、开标时间：2026年09月11日 13:30 三、其它补充事宜无 四、预算金额：预算金额：98.000000 万元（人民币）,教育培训,,中国政府采购网,,98.0,table,,,,,,,,,,,
中华人民共和国舟山海事局浙江海事局船员评估中心用房功能优化项目废标公告,流标公告,ZJXCX-FJSG-2026-029,2026年09月03日 15:26,市辖区,中华人民共和国舟山海事局,舟山市定海区临城街道翁山路555号A座,杨老师 13957227456,浙江新诚信工程咨询有限公司,舟山市定海区临城街道港航路123号中浪国际大厦B座10楼,黄宇0580-2189255,黄宇,0580-2189255,,,https://www.ccgp.gov.cn/cggg/zygg/qtgg/202609/t20260903_27259058.htm,2026-09-10 10:12:30,一、项目基本情况 采购项目编号：ZJXCX-FJSG-2026-029 采购项目名称：浙江海事局船员评估中心用房功能优化项目 二、项目废标/流标的原因 本项目于2026年9月3日组织评审。经评标委员会资格审查，两家投标人因资格证明材料不符合招标文件要求，作投标无效处理，有效投标人不足三家，缺乏竞争性，根据《政府采购法》第三十六条规定，予以废标。 三、其他补充事宜 四、凡对本次公告内容提出询问，请按以下方式联系。 1.采购人信息 名 称：中华人民共和国舟山海事局 地址：舟山市定海区临城街道翁山路555号A座 联系方式：杨老师 13957227456 2.采购代理机构信息 名 称：浙江新诚信工程咨询有限公司 地 址：舟山市定海区临城街道港航路123号中浪国际大厦B座10楼 联系方式：黄宇0580-2189255 3.项目联系方式 项目联系人：黄宇 电 话： 0580-2189255,工程建设,,中国政府采购网,,,default,二、项目废标/流标的原因,,,,,,,,,,
中央司法警官学院学生二食堂委托经营项目废标公告,流标公告,0677-F26081805-452,2026年09月03日 15:24,市辖区,中央司法警官学院,河北省保定市莲池区七一中路103号,李晓   0312-5911245,山东正信招标有限责任公司,聊城市开发区东昌路159号,王江 15732275801,王江,15732275801,,,https://www.ccgp.gov.cn/cggg/zygg/qtgg/202609/t20260903_27259027.htm,2026-09-10 10:12:31,一、项目基本情况 采购项目编号：0677-F26081805-452 采购项目名称：中央司法警官学院学生二食堂委托经营项目 二、项目废标/流标的原因 投标文件递交截止时间前递交投标文件的供应商不足三家，参照《中华人民共和国政府采购法》第三十六条“符合专业条件的供应商或者对招标文件作实质响应的供应商不足三家的应予废标”之规定，本项目作废标处理。 三、其他补充事宜 本项目公告发布媒体：中国政府采购网、惠招标电子交易平台。 四、凡对本次公告内容提出询问，请按以下方式联系。 1.采购人信息 名 称：中央司法警官学院 地址：河北省保定市莲池区七一中路103号 联系方式：李晓 0312-5911245 2.采购代理机构信息 名 称：山东正信招标有限责任公司 地 址：聊城市开发区东昌路159号 联系方式：王江 15732275801 3.项目联系方式 项目联系人：王江 电 话： 15732275801,教育培训,,中国政府采购网,,,default,二、项目废标/流标的原因,,,,,,,,,,
中国人民银行海南省分行-钞票处理业务劳务外包采购项目-合同公告,其他公告,HNZY2026-091,2026年09月03日 15:23,海南省,中国人民银行海南省分行,海南省海口市龙华区滨海大道83号琼泰大厦,0898-68562829,海南政源招标代理有限公司,海南省海口市美兰区国瑞大厦C座东塔1204室,罗玲、0898-65343462,罗玲,0898-65343462,钞票处理业务劳务外包服务合同.pdf,"[{""attach_name"": ""钞票处理业务劳务外包服务合同.pdf"", ""attach_url"": ""https://download.ccgp.gov.cn/oss/download?uuid=8039DBFA19DB30DCF96500D201D505""}]",https://www.ccgp.gov.cn/cggg/zygg/qtgg/202609/t20260903_27258997.htm,2026-09-10 10:12:32,一、项目基本情况 采购项目编号：HNZY2026-091 采购项目名称：钞票处理业务劳务外包采购项目 二、项目废标/流标的原因 / 三、其他补充事宜 1、合同编号：HNZY2026-091HT2、合同名称：钞票处理业务劳务外包服务合同3、合同主体采购人（甲方）：中国人民银行海南省分行地  址：海南省海口市龙华区滨海大道83号琼泰大厦联系电话：0898-68562829供应商名称：中钞华森实业有限公司地  址：海口市高新区药谷三路1号联系电话：138075658914、合同主要信息主要标的名称：钞票处理业务劳务外包服务标准及验收：详见合同主要标的数量：详见合同主要标的单价：详见合同合同金额：详见合同合同履行期限（服务期）：详见合同5、采购方式：竞争性磋商6、合同签订日期：2026年08月14日7、合同公告日期：2026年09月03日8、其他补充事宜：采购代理机构收到采购合同时间为2026年08月28日 四、凡对本次公告内容提出询问，请按以下方式联系。 1.采购人信息 名 称：中国人民银行海南省分行 地址：海南省海口市龙华区滨海大道83号琼泰大厦 联系方式：0898-68562829 2.采购代理机构信息 名 称：海南政源招标代理有限公司 地 址：海南省海口市美兰区国瑞大厦C座东塔1204室 联系方式：罗玲、0898-65343462 3.项目联系方式 项目联系人：罗玲 电 话： 0898-65343462,服务外包,,中国政府采购网,竞争性磋商,,default,二、项目废标/流标的原因,,,,,,,,,,
恩施土家族苗族自治州消防救援局2026年度装备采购项目的需求公示,其他公告,,2026年09月03日 15:17,恩施州本级,恩施土家族苗族自治州消防救援支队,恩施市枫韵路1号,朱女士，18571248295,详见公告正文,详见公告正文,详见公告正文,朱女士,18571258295,恩施州消防救援据2026年装备采购项目需求公示.zip,"[{""attach_name"": ""恩施州消防救援据2026年装备采购项目需求公示.zip"", ""attach_url"": ""https://download.ccgp.gov.cn/oss/download?uuid=C4778326676E3CC9B8E6ACB0F0E017""}]",https://www.ccgp.gov.cn/cggg/zygg/qtgg/202609/t20260903_27259474.htm,2026-09-10 10:12:33,根据《中华人民共和国政府采购法》等有关规定，现对恩施土家族苗族自治州消防救援局2026年度装备采购项目的需求公示进行其他招标，欢迎合格的供应商前来投标。 项目名称：恩施土家族苗族自治州消防救援局2026年度装备采购项目的需求公示项目编号：项目联系方式：项目联系人：朱女士项目联系电话：18571258295 采购单位联系方式：采购单位：恩施土家族苗族自治州消防救援支队采购单位地址：恩施市枫韵路1号采购单位联系方式：朱女士，18571248295  一、采购项目内容 一、项目概况为着力满足“全灾种、大应急”灾害事故处置需要，切实提升我单位极端条件下综合实战能力，采购通信、灭火、个人防护、绳索救援等装备 2944 件套。二、采购项目预算采购预算：项目总预算人民币745.2436万元；（其中1包预算金额269.8286 万元；2包预算金额181.9770万元；3包预算金额162.842万元；4包预算金额84.6960万元；5包预算金额45.9000万元。）三、公示期限公示期限为2026年9月4日至9月10日，共5个工作日。四、意见反馈方式公示期间，如对公示内容有不同意见，请将采购需求的反馈意见（格式详见附件）和相关文件资料（包括技术标准、产品彩页、检测报告等）的电子版、签字后的扫描文件（格式为.jpg或.pdf）以电子邮件形式发至986545004@qq.com。    电话：18571248295    邮箱：986545004@qq.com    地址：恩施市枫韵路1号  二、开标时间： 三、其它补充事宜 四、预算金额：预算金额：0.000000 万元（人民币）,公共安全,,中国政府采购网,,0.0,table,,,,,,,,,,,
四川大学学生食堂2026-2027现调豆浆、饮料原材料采购项目公开招标废标公告,流标公告,SCWZDL-202607-SCDXDJ01,2026年09月03日 15:15,四川省,四川大学,成都市一环路南一段24号,彭老师；028-85993018,四川五洲招标代理有限公司,成都市武侯区星狮路511号大合仓C区415,李章田、刘娉婷；028-85446608、85445511、85045522-8822、8823,李章田、刘娉婷,028-85446608、85445511、85045522-8822、8823,无效响应原因.png,"[{""attach_name"": ""无效响应原因.png"", ""attach_url"": ""https://download.ccgp.gov.cn/oss/download?uuid=5479B5D73B66E9EA3129D9B71704E6""}]",https://www.ccgp.gov.cn/cggg/zygg/qtgg/202609/t20260903_27258894.htm,2026-09-10 10:12:33,一、项目基本情况 采购项目编号：SCWZDL-202607-SCDXDJ01 采购项目名称：四川大学学生食堂2026-2027现调豆浆、饮料原材料采购项目 二、项目废标/流标的原因 有效投标人不足三家，废标。 三、其他补充事宜 四、凡对本次公告内容提出询问，请按以下方式联系。 1.采购人信息 名 称：四川大学 地址：成都市一环路南一段24号 联系方式：彭老师；028-85993018 2.采购代理机构信息 名 称：四川五洲招标代理有限公司 地 址：成都市武侯区星狮路511号大合仓C区415 联系方式：李章田、刘娉婷；028-85446608、85445511、85045522-8822、8823 3.项目联系方式 项目联系人：李章田、刘娉婷 电 话： 028-85446608、85445511、85045522-8822、8823,教育培训,,中国政府采购网,,,default,二、项目废标/流标的原因,,,,,,,,,,
东北林业大学学科优化调整配套实验室基础设施建设项目（三期）-实验室视频监控(网络摄像机)等采购项目其他,其他公告,2026-30057,2026年09月03日 15:13,黑龙江省,东北林业大学,哈尔滨市香坊区和兴路26号,李老师0451-82190693,宜国发项目管理有限公司,黑龙江省哈尔滨市南岗区闽江路75号华鸿国际中心3号楼25层2501室,王莹   李亮    0451-51963073,李老师,0451-82190693,,,https://www.ccgp.gov.cn/cggg/zygg/qtgg/202609/t20260903_27258856.htm,2026-09-10 10:12:34,一、项目基本情况 采购项目编号：2026-30057 采购项目名称：东北林业大学学科优化调整配套实验室基础设施建设项目（三期）-实验室视频监控(网络摄像机)等采购项目 二、项目废标/流标的原因 经评审，本项目实质性响应招标文件家数不足三家，按废标处理。 三、其他补充事宜 无 四、凡对本次公告内容提出询问，请按以下方式联系。 1.采购人信息 名 称：东北林业大学 地址：哈尔滨市香坊区和兴路26号 联系方式：李老师0451-82190693 2.采购代理机构信息 名 称：宜国发项目管理有限公司 地 址：黑龙江省哈尔滨市南岗区闽江路75号华鸿国际中心3号楼25层2501室 联系方式：王莹 李亮 0451-51963073 3.项目联系方式 项目联系人：李老师 电 话： 0451-82190693,教育培训,,中国政府采购网,,,default,二、项目废标/流标的原因,,,,,,,,,,
中国科学院赣江创新研究院自动化熔盐单晶炉采购项目（重新招标）废标公告,流标公告,TC26070GM,2026年09月03日 15:09,赣州市,中国科学院赣江创新研究院,江西省赣州市科学院路1号,联系人：罗老师 电话：0797-4565919,中招国际招标有限公司,北京市海淀区学院南路62号中关村资本大厦911B室,罗子琦、徐子玲、王高云、郭文星、徐润斌 010-61954095、61954155  luoziqi@cntcitc.com.cn,罗子琦、徐子玲、王高云、郭文星,010-61954095、61954155,,,https://www.ccgp.gov.cn/cggg/zygg/qtgg/202609/t20260903_27258766.htm,2026-09-10 10:12:34,一、项目基本情况 采购项目编号：TC26070GM 采购项目名称：中国科学院赣江创新研究院自动化熔盐单晶炉采购项目 二、项目废标/流标的原因 本项目有效投标人不足三家，依据招标文件第一章 投标人须知 第24条（1）“符合专业条件的供应商或者对招标文件做实质性响应的供应商不足三家；”，本项目废标。 三、其他补充事宜 无 四、凡对本次公告内容提出询问，请按以下方式联系。 1.采购人信息 名 称：中国科学院赣江创新研究院 地址：江西省赣州市科学院路1号 联系方式：联系人：罗老师 电话：0797-4565919 2.采购代理机构信息 名 称：中招国际招标有限公司 地 址：北京市海淀区学院南路62号中关村资本大厦911B室 联系方式：罗子琦、徐子玲、王高云、郭文星、徐润斌 010-61954095、61954155 luoziqi@cntcitc.com.cn 3.项目联系方式 项目联系人：罗子琦、徐子玲、王高云、郭文星、徐润斌 电 话： 010-61954095、61954155,教育培训,,中国政府采购网,,,default,二、项目废标/流标的原因,,,,,,,,,,
辽宁省丹东市消防救援支队2026年装备采购项目采购需求面向社会公开征求意见公告,其他公告,2,2026年09月03日 15:08,丹东市,丹东市消防救援支队,丹东市振安区临江后街 11 号,邹先生18641522271,详见公告正文,详见公告正文,详见公告正文,邹先生,18641522271,"附件2：采购需求修改建议书.docx,附件1：采购需求.pdf","[{""attach_name"": ""附件2：采购需求修改建议书.docx"", ""attach_url"": ""https://download.ccgp.gov.cn/oss/download?uuid=916436BD4DA1DBEC65D05150DB2058""}, {""attach_name"": ""附件1：采购需求.pdf"", ""attach_url"": ""https://download.ccgp.gov.cn/oss/download?uuid=6C5F081029402C1A839381C0D9C796""}]",https://www.ccgp.gov.cn/cggg/zygg/qtgg/202609/t20260903_27258762.htm,2026-09-10 10:12:35,根据《中华人民共和国政府采购法》等有关规定，现对辽宁省丹东市消防救援支队2026年装备采购项目进行其他招标，欢迎合格的供应商前来投标。 项目名称：辽宁省丹东市消防救援支队2026年装备采购项目项目编号：2项目联系方式：项目联系人：邹先生项目联系电话：18641522271 采购单位联系方式：采购单位：丹东市消防救援支队采购单位地址：丹东市振安区临江后街 11 号采购单位联系方式：邹先生18641522271  一、采购项目内容        现对辽宁省丹东市消防救援支队2026年装备采购项目开展采购技术需求公开征求意见。市场各供应商可根据“附件1”提供“附件2”中相应信息于2026年9月9日17点00分（北京时间）前以书面形式加盖公章发送至采购人指定邮箱并致电确认，逾期不予接收。        感谢对本项目工作的支持！1、项目名称：辽宁省丹东市消防救援支队2026年装备采购项目2、技术需求：详见采购需求（附件1）3、征求意见内容：详见采购需求（附件1）4、采购需求获取时间及方式：即日起至回复意见截止时间止，拟对本项目需求提出意见的供应商可登录中国政府采购网（https://www.ccgp.gov.cn/）免费下载。5、公示时间：本项目采购需求公开征求意见：自2026年9月3日起至2026年9月9日17时00分（北京时间）止。6、回复意见截止时间：2026年9月9日17时00分（北京时间）。7、回复意见格式:请按照采购需求修改建议书（附件2）的参考格式提出对本项目采购需求的修改理由和修改建议。8、意见反馈方式：本项目采购需求公开征求意见公示期间接受社会公众及潜在供应商的意见征求。请遵循客观、公正的原则，对本项目采购需求（详见附件1）提出意见或者建议，社会公众如对本项目采购需求有意见的请在本公告截止时间之前提出，逾期不予接收。可根据“附件1”提供“附件2”采购需求修改建议书及相关材料发至采购人指定邮箱625858829@qq.com并致电确认。 二、开标时间：2026年09月03日 15:01 三、其它补充事宜 四、预算金额：预算金额：0.000000 万元（人民币）,公共安全,2026-09-09 17:00,中国政府采购网,,0.0,table,,,,,,,,,,,
天津大学化工学院半导体参数测试仪采购项目快速磋商公告,其他公告,TDZC2026N0098,2026年09月03日 15:06,天津市,天津大学,天津市南开区卫津路92号,巩老师、蔡老师022-27407504（招标办）,北京泛华国金工程咨询有限公司,天津市西青区新科道与新津二支路交口新科园12号楼二楼,周烨、陈树锦、李曼、张强022-23710307,周烨、陈树锦、李曼、张强项目联,022-23710307,,,https://www.ccgp.gov.cn/cggg/zygg/qtgg/202609/t20260903_27258736.htm,2026-09-10 10:12:36,北京泛华国金工程咨询有限公司受天津大学 委托，根据《中华人民共和国政府采购法》等有关规定，现对天津大学化工学院半导体参数测试仪采购项目进行其他招标，欢迎合格的供应商前来投标。 项目名称：天津大学化工学院半导体参数测试仪采购项目项目编号：TDZC2026N0098项目联系方式：项目联系人：周烨、陈树锦、李曼、张强项目联系电话：022-23710307 采购单位联系方式：采购单位：天津大学采购单位地址：天津市南开区卫津路92号采购单位联系方式：巩老师、蔡老师022-27407504（招标办） 代理机构联系方式：代理机构：北京泛华国金工程咨询有限公司代理机构联系人：周烨、陈树锦、李曼、张强022-23710307代理机构地址： 天津市西青区新科道与新津二支路交口新科园12号楼二楼 一、采购项目内容（一）项目名称：天津大学化工学院半导体参数测试仪采购项目（二）项目编号：TDZC2026N0098（三）项目内容半导体参数测试仪：1套。仪器可用于在集成电路实验室的半导体器件的测试平台及环境，搭建针对分立器件电学性能评估的测试平台，可测试MOSFET，BJT，二极管，电阻，电容等常用分立器件，内置的图形化软件测试系统及各种常用变换公式可让学生了解器件性能参数的含义，可以从电学性能参数中提取计算半导体器件的常用参数，满足学生实验、实习、竞赛、实训、毕业设计和科研的需要。本项目不接受进口产品参与磋商，具体要求详见项目需求书。本项目不接受联合体磋商并不得分包转包。预算（最高限价）：46.9560万元。（四）项目需要落实的政府采购政策中小企业划分标准所属行业：工业1. 根据《政府采购促进中小企业发展管理办法》、《财政部关于进一步加大政府采购支持中小企业力度的通知》财库〔2022〕19号规定，本项目对小型和微型企业产品的价格给予10%的扣除。2. 根据财政部发布的《关于政府采购支持监狱企业发展有关问题的通知》规定，本项目对监狱企业产品的价格给予10%的扣除。3. 根据财政部、民政部、中国残疾人联合会发布的《关于促进残疾人就业政府采购政策的通知》规定，本项目对残疾人福利性单位产品的价格给予10%的扣除。注：中小企业以供应商填写的《中小企业声明函》为判定标准，残疾人福利性单位以制造商《残疾人福利性单位声明函》为判定标准，监狱企业须提供由省级以上监狱管理局、戒毒管理局（含新疆生产建设兵团）出具的制造商属于监狱企业的证明文件，否则不予认定。以上政策不重复享受。4. 根据《国务院办公厅关于在政府采购中实施本国产品标准及相关政策的通知》国办发〔2025〕34号规定，政府采购活动中既有本国产品又有非本国产品参与竞争的，依法对本国产品给予价格评审优惠，对本国产品的报价给予20%的价格扣除，用扣除后的价格参与评审。当采购项目或者采购包中含有多种产品，供应商为该采购项目或者采购包提供的符合本国产品标准的产品成本之和占该供应商提供的全部产品成本之和的比例达到80%以上时，依法对该供应商提供的全部产品给予价格评审优惠，即对该供应商提供的全部产品的总报价给予20%的价格扣除，用扣除后的价格参与评审。注：供应商提供的产品符合本国产品标准，需出具《关于符合本国产品标准的声明函》（格式见第七章响应文件格式附件8-4）或财政部会同有关部门规定的有关证明文件，如提供的产品均不符合本国产品标准，则无需提供声明函或有关证明文件。供应商提供的符合本国产品标准的产品成本之和占该供应商提供的全部产品（全部产品是指货物或服务采购包件中包含的全部货物、服务产品）成本之和的比例达到80%以上，供应商除需提供以上声明函或证明文件外，还需提供产品成本占比承诺函（格式见第七章响应文件格式附件8-5）。占比不足80%的，无需提供承诺函。5. 按照《关于调整优化节能产品、环境标志产品政府采购执行机制的通知》（财库〔2019〕9号）文件要求，对政府采购节能、环境标志品目清单内的产品实施优先采购和强制采购的评标方法。6. 涉及商品包装或快递包装的，按照《财政部办公厅、生态环境部办公厅、国家邮政局办公室关于印发<商品包装政府采购需求标准（试行）>、<快递包装政府采购需求标准（试行）>的通知》（财办库〔2020〕123号）要求执行。7．按照《财政部关于在政府采购活动中查询及使用信用记录有关问题的通知》（财库〔2016〕125号）的要求，根据磋商当日查询“信用中国”网站（www.creditchina.gov.cn）、中国政府采购网（www.ccgp.gov.cn）的信息，对列入失信被执行人、重大税收违法失信主体、政府采购严重违法失信行为记录名单及其他不符合《中华人民共和国政府采购法》第二十二条规定条件的供应商，拒绝参与政府采购活动，同时代理机构对信用信息查询记录和证据进行打印存档。（五）供应商资格要求1. 满足《中华人民共和国政府采购法》第二十二条规定；（1）供应商须是在中华人民共和国注册，具备独立承担民事责任的能力；提供营业执照或事业单位法人证书或民办非企业单位登记证书或社会团体法人登记证书或基金会法人登记证书；（2）供应商须提供经第三方会计师事务所审计的2025年度财务审计报告或响应文件开启时间前3个月以内银行出具的资信证明；（3）供应商须提供提交响应文件截止时间前6个月内任意一个月缴纳社会保险费的相关证明材料；（4）供应商须提供税款所属期为提交响应文件截止时间前6个月内任意一个月依法纳税的相关证明材料；（5）供应商须提供响应文件开启时间前3年在经营活动中没有重大违法记录的书面声明（截至响应文件开启时间成立不足3年的供应商可提供自成立以来无重大违法记录的书面声明）。（6）供应商具备履行合同所必需的设备和专业技术能力，提供承诺书。2. 落实政府采购政策需满足的资格要求：按照《财政部关于在政府采购活动中查询及使用信用记录有关问题的通知》（财库〔2016〕125号）的要求，根据磋商当日查询“信用中国”网站（www.creditchina.gov.cn）、中国政府采购网（www.ccgp.gov.cn）的信息，对列入失信被执行人、重大税收违法失信主体、政府采购严重违法失信行为记录名单及其他不符合《中华人民共和国政府采购法》第二十二条规定条件的供应商，拒绝参与政府采购活动，同时代理机构对信用信息查询记录和证据进行打印存档。3. 本项目的特定资格要求：若为供应商的法定代表人参加磋商，须提供法定代表人资格证明书原件加盖公章和法定代表人身份证明原件或复印件加盖公章；供应商若为授权代表参加磋商，还须提供法定代表人授权委托书原件（需由法定代表人及授权代表签字或盖章并加盖公章）和授权代表身份证明原件或复印件加盖公章。（六）磋商文件发售1. 获取磋商文件的时间：2026年09月03日至2026年09月08日出售磋商文件，每日9：00-12：00，14：00-17：00（法定节假日除外）。2. 获取磋商文件的方式：<1>现场获取：到北京泛华国金工程咨询有限公司（天津市西青区新科道与新津二支路交口新科园12号楼）获取。<2>邮件获取：发送邮件至fanhuaguojin01zb@163.com邮箱，邮件中注明联系人、联系电话。邮件主题为“获取磋商文件：项目编号+公司名称”；供应商支付文件费后，请将汇款单截图发送至上述邮箱；确认收到文件费后，向供应商发送电子版磋商文件。纸质文件可自取或另行邮寄。（注：获取磋商文件日期以标书款到账日期为准。）3. 磋商文件的售价：本磋商文件售价500元，一经售出，概不退还。（七）提交磋商响应文件截止时间及地点1. 响应文件提交的截止时间：2026年09月10日上午9:30（逾期送达或未按照磋商文件要求密封的响应文件概不接受。）2. 响应文件递交地点：北京泛华国金工程咨询有限公司（天津市西青区新科道与新津二支路交口新科园12号楼一楼第二评标室）3. 响应文件开启时间：2026年09月10日上午9:304. 响应文件开启地点：北京泛华国金工程咨询有限公司（天津市西青区新科道与新津二支路交口新科园12号楼一楼第二评标室）5. 响应文件递交方式现场递交：供应商须由法定代表人或授权代表现场递交响应文件（含对响应文件的有效修改、澄清文件）。（八）磋商时间及地点磋商时间及地点：2026年09月10日上午9:30（北京时间）在北京泛华国金工程咨询有限公司（天津市西青区新科道与新津二支路交口新科园12号楼一楼第二评标室）召开。届时请参加磋商的授权代表出席。 二、开标时间：2026年09月10日 09:30 三、其它补充事宜无 四、预算金额：预算金额：46.956000 万元（人民币）,教育培训,,中国政府采购网,,46.956,table,,,,,,,,,,,
中央广播电视总台2023年工信部5G+8K项目—光华路办公区新建总控系统（八）（国产设备部分）无压缩信号监看显示设备等第07包流标公告,流标公告,0722-26FE3263ZB3,2026年09月03日 15:06,北京市,中央广播电视总台,北京市海淀区复兴路11号,龙老师 68508752,中国远东国际招标有限公司,北京市朝阳区和平街东土城路甲9号远东大厦,刁振楠、梅豫家、樊卓 010-64291720转8105； 010-64291720转618,刁振楠、梅豫家、樊卓,010-64291720,,,https://www.ccgp.gov.cn/cggg/zygg/qtgg/202609/t20260903_27258743.htm,2026-09-10 10:12:37,一、项目基本情况 采购项目编号：0722-26FE3263ZB3 采购项目名称：2023年工信部5G+8K项目—光华路办公区新建总控系统（八）（国产设备部分）无压缩信号监看显示设备等 二、项目废标/流标的原因 本包递交投标文件投标人不足3家，本包流标。 三、其他补充事宜 无 四、凡对本次公告内容提出询问，请按以下方式联系。 1.采购人信息 名 称：中央广播电视总台 地址：北京市海淀区复兴路11号 联系方式：龙老师 68508752 2.采购代理机构信息 名 称：中国远东国际招标有限公司 地 址：北京市朝阳区和平街东土城路甲9号远东大厦 联系方式：刁振楠、梅豫家、樊卓 010-64291720转8105； 010-64291720转618 3.项目联系方式 项目联系人：刁振楠、梅豫家、樊卓 电 话： 010-64291720,设备购置,,中国政府采购网,,,default,二、项目废标/流标的原因,,,,,,,,,,
天津大学化工学院太阳能电池量子效率测量系统采购项目快速磋商公告,其他公告,TDZC2026N0099,2026年09月03日 15:06,天津市,天津大学,天津市南开区卫津路92号,巩老师、蔡老师022-27407504（招标办）,北京泛华国金工程咨询有限公司,天津市西青区新科道与新津二支路交口新科园12号楼二楼,周烨、陈树锦、李曼、张强022-23710307,周烨、陈树锦、李曼、张强项目联,022-23710307,,,https://www.ccgp.gov.cn/cggg/zygg/qtgg/202609/t20260903_27258734.htm,2026-09-10 10:12:37,北京泛华国金工程咨询有限公司受天津大学 委托，根据《中华人民共和国政府采购法》等有关规定，现对天津大学化工学院太阳能电池量子效率测量系统采购项目进行其他招标，欢迎合格的供应商前来投标。 项目名称：天津大学化工学院太阳能电池量子效率测量系统采购项目项目编号：TDZC2026N0099项目联系方式：项目联系人：周烨、陈树锦、李曼、张强项目联系电话：022-23710307 采购单位联系方式：采购单位：天津大学采购单位地址：天津市南开区卫津路92号采购单位联系方式：巩老师、蔡老师022-27407504（招标办） 代理机构联系方式：代理机构：北京泛华国金工程咨询有限公司代理机构联系人：周烨、陈树锦、李曼、张强022-23710307代理机构地址： 天津市西青区新科道与新津二支路交口新科园12号楼二楼 一、采购项目内容（一）项目名称：天津大学化工学院太阳能电池量子效率测量系统采购项目（二）项目编号：TDZC2026N0099 （三）项目内容太阳能电池量子效率测量系统：1套。本次采购太阳能电池量子效率测量系统，用于光电、光伏相关专业教学与科研，可完成硅基、钙钛矿、有机、薄膜及叠层光电器件 EQE、IPCE光谱表征，自动测算标准光谱短路电流密度，支撑本科生实验教学、研究生课题及教师光伏方向科研，适配常规样品与手套箱无氧敏感器件检测。本项目不接受进口产品参与磋商，具体要求详见项目需求书。本项目不接受联合体磋商并不得分包转包。预算（最高限价）：48.7万元。（四）项目需要落实的政府采购政策中小企业划分标准所属行业：工业1. 根据《政府采购促进中小企业发展管理办法》、《财政部关于进一步加大政府采购支持中小企业力度的通知》财库〔2022〕19号规定，本项目对小型和微型企业产品的价格给予10%的扣除。2. 根据财政部发布的《关于政府采购支持监狱企业发展有关问题的通知》规定，本项目对监狱企业产品的价格给予10%的扣除。3. 根据财政部、民政部、中国残疾人联合会发布的《关于促进残疾人就业政府采购政策的通知》规定，本项目对残疾人福利性单位产品的价格给予10%的扣除。注：中小企业以供应商填写的《中小企业声明函》为判定标准，残疾人福利性单位以制造商《残疾人福利性单位声明函》为判定标准，监狱企业须提供由省级以上监狱管理局、戒毒管理局（含新疆生产建设兵团）出具的制造商属于监狱企业的证明文件，否则不予认定。以上政策不重复享受。4. 根据《国务院办公厅关于在政府采购中实施本国产品标准及相关政策的通知》国办发〔2025〕34号规定，政府采购活动中既有本国产品又有非本国产品参与竞争的，依法对本国产品给予价格评审优惠，对本国产品的报价给予20%的价格扣除，用扣除后的价格参与评审。当采购项目或者采购包中含有多种产品，供应商为该采购项目或者采购包提供的符合本国产品标准的产品成本之和占该供应商提供的全部产品成本之和的比例达到80%以上时，依法对该供应商提供的全部产品给予价格评审优惠，即对该供应商提供的全部产品的总报价给予20%的价格扣除，用扣除后的价格参与评审。注：供应商提供的产品符合本国产品标准，需出具《关于符合本国产品标准的声明函》（格式见第七章响应文件格式附件8-4）或财政部会同有关部门规定的有关证明文件，如提供的产品均不符合本国产品标准，则无需提供声明函或有关证明文件。供应商提供的符合本国产品标准的产品成本之和占该供应商提供的全部产品（全部产品是指货物或服务采购包件中包含的全部货物、服务产品）成本之和的比例达到80%以上，供应商除需提供以上声明函或证明文件外，还需提供产品成本占比承诺函（格式见第七章响应文件格式附件8-5）。占比不足80%的，无需提供承诺函。5. 按照《关于调整优化节能产品、环境标志产品政府采购执行机制的通知》（财库〔2019〕9号）文件要求，对政府采购节能、环境标志品目清单内的产品实施优先采购和强制采购的评标方法。6. 涉及商品包装或快递包装的，按照《财政部办公厅、生态环境部办公厅、国家邮政局办公室关于印发<商品包装政府采购需求标准（试行）>、<快递包装政府采购需求标准（试行）>的通知》（财办库〔2020〕123号）要求执行。7．按照《财政部关于在政府采购活动中查询及使用信用记录有关问题的通知》（财库〔2016〕125号）的要求，根据磋商当日查询“信用中国”网站（www.creditchina.gov.cn）、中国政府采购网（www.ccgp.gov.cn）的信息，对列入失信被执行人、重大税收违法失信主体、政府采购严重违法失信行为记录名单及其他不符合《中华人民共和国政府采购法》第二十二条规定条件的供应商，拒绝参与政府采购活动，同时代理机构对信用信息查询记录和证据进行打印存档。（五）供应商资格要求1. 满足《中华人民共和国政府采购法》第二十二条规定；（1）供应商须是在中华人民共和国注册，具备独立承担民事责任的能力；提供营业执照或事业单位法人证书或民办非企业单位登记证书或社会团体法人登记证书或基金会法人登记证书；（2）供应商须提供经第三方会计师事务所审计的2025年度财务审计报告或响应文件开启时间前3个月以内银行出具的资信证明；（3）供应商须提供提交响应文件截止时间前6个月内任意一个月缴纳社会保险费的相关证明材料；（4）供应商须提供税款所属期为提交响应文件截止时间前6个月内任意一个月依法纳税的相关证明材料；（5）供应商须提供响应文件开启时间前3年在经营活动中没有重大违法记录的书面声明（截至响应文件开启时间成立不足3年的供应商可提供自成立以来无重大违法记录的书面声明）。（6）供应商具备履行合同所必需的设备和专业技术能力，提供承诺书。2. 落实政府采购政策需满足的资格要求：按照《财政部关于在政府采购活动中查询及使用信用记录有关问题的通知》（财库〔2016〕125号）的要求，根据磋商当日查询“信用中国”网站（www.creditchina.gov.cn）、中国政府采购网（www.ccgp.gov.cn）的信息，对列入失信被执行人、重大税收违法失信主体、政府采购严重违法失信行为记录名单及其他不符合《中华人民共和国政府采购法》第二十二条规定条件的供应商，拒绝参与政府采购活动，同时代理机构对信用信息查询记录和证据进行打印存档。3. 本项目的特定资格要求：若为供应商的法定代表人参加磋商，须提供法定代表人资格证明书原件加盖公章和法定代表人身份证明原件或复印件加盖公章；供应商若为授权代表参加磋商，还须提供法定代表人授权委托书原件（需由法定代表人及授权代表签字或盖章并加盖公章）和授权代表身份证明原件或复印件加盖公章。（六）磋商文件发售1. 获取磋商文件的时间：2026年09月03日至2026年09月08日出售磋商文件，每日9：00-12：00，14：00-17：00（法定节假日除外）。2. 获取磋商文件的方式：<1>现场获取：到北京泛华国金工程咨询有限公司（天津市西青区新科道与新津二支路交口新科园12号楼）获取。<2>邮件获取：发送邮件至fanhuaguojin01zb@163.com邮箱，邮件中注明联系人、联系电话。邮件主题为“获取磋商文件：项目编号+公司名称”；供应商支付文件费后，请将汇款单截图发送至上述邮箱；确认收到文件费后，向供应商发送电子版磋商文件。纸质文件可自取或另行邮寄。（注：获取磋商文件日期以标书款到账日期为准。）3. 磋商文件的售价：本磋商文件售价500元，一经售出，概不退还。（七）提交磋商响应文件截止时间及地点1. 响应文件提交的截止时间：2026年09月10日下午13:30（逾期送达或未按照磋商文件要求密封的响应文件概不接受。）2. 响应文件递交地点：北京泛华国金工程咨询有限公司（天津市西青区新科道与新津二支路交口新科园12号楼一楼第二评标室）3. 响应文件开启时间：2026年09月10日下午13:304. 响应文件开启地点：北京泛华国金工程咨询有限公司（天津市西青区新科道与新津二支路交口新科园12号楼一楼第二评标室）5. 响应文件递交方式现场递交：供应商须由法定代表人或授权代表现场递交响应文件（含对响应文件的有效修改、澄清文件）。（八）磋商时间及地点磋商时间及地点：2026年09月10日下午13:30（北京时间）在北京泛华国金工程咨询有限公司（天津市西青区新科道与新津二支路交口新科园12号楼一楼第二评标室）召开。届时请参加磋商的授权代表出席。 二、开标时间：2026年09月10日 13:30 三、其它补充事宜无 四、预算金额：预算金额：48.700000 万元（人民币）,教育培训,,中国政府采购网,,48.7,table,,,,,,,,,,,
天津大学海洋科学与技术学院薄层储油层预测与剩余油评估技术研究系统采购项目快速磋商公告,其他公告,TDZC2026N0102,2026年09月03日 15:06,天津市,天津大学,天津市南开区卫津路92号,巩老师、蔡老师022-27407504（招标办）,中招国际招标有限公司,中招国际招标有限公司（天津市河西区泰山路6号北门（光电生活区北门）17#楼二层A座）,王擎、陈琛、董辉、马静、傅秋玲、张虓宇、赵玉亭 022-28224220,王擎、陈琛、董辉、马静、傅秋玲,022-28224220,,,https://www.ccgp.gov.cn/cggg/zygg/qtgg/202609/t20260903_27258738.htm,2026-09-10 10:12:38,中招国际招标有限公司受天津大学 委托，根据《中华人民共和国政府采购法》等有关规定，现对天津大学海洋科学与技术学院薄层储油层预测与剩余油评估技术研究系统采购项目进行其他招标，欢迎合格的供应商前来投标。 项目名称：天津大学海洋科学与技术学院薄层储油层预测与剩余油评估技术研究系统采购项目项目编号：TDZC2026N0102项目联系方式：项目联系人：王擎、陈琛、董辉、马静、傅秋玲、张虓宇、赵玉亭项目联系电话：022-28224220 采购单位联系方式：采购单位：天津大学采购单位地址：天津市南开区卫津路92号采购单位联系方式：巩老师、蔡老师022-27407504（招标办） 代理机构联系方式：代理机构：中招国际招标有限公司代理机构联系人：王擎、陈琛、董辉、马静、傅秋玲、张虓宇、赵玉亭 022-28224220代理机构地址： 中招国际招标有限公司（天津市河西区泰山路6号北门（光电生活区北门）17#楼二层A座） 一、采购项目内容（一）项目名称：天津大学海洋科学与技术学院薄层储油层预测与剩余油评估技术研究系统采购项目（二）项目编号：TDZC2026N0102（三）项目内容：薄层储油层预测与剩余油评估技术研究系统：1套。本项目面向分析化验大数据的智能加工、智能建模和可视化成图需求，建设一套实验数据智能可视化工具及配套智能算法开发能力。项目涉及古生物、地球化学、岩矿、流体、相渗以及油源对比等多类实验分析数据，也涉及样本库、主数据、预测成果数据和油藏地质相关文档等多源信息。本项目不接受进口产品参与磋商，具体要求详见项目需求书。预算（最高限价）：40万元。本项目不接受联合体磋商并不得分包转包。合同履行期限：合同签订后10天内交货及15天内完成安装调试并具备验收条件等。（特殊情况以合同为准）本项目（不接受）联合体投标。（四）落实政府采购政策需满足的资格要求：中小企业划分标准所属行业：工业1. 根据《政府采购促进中小企业发展管理办法》、《财政部关于进一步加大政府采购支持中小企业力度的通知》财库〔2022〕19号规定，本项目对小型和微型企业产品的价格给予10%的扣除。2. 根据财政部发布的《关于政府采购支持监狱企业发展有关问题的通知》规定，本项目对监狱企业产品的价格给予10%的扣除。3. 根据财政部、民政部、中国残疾人联合会发布的《关于促进残疾人就业政府采购政策的通知》规定，本项目对残疾人福利性单位产品的价格给予10%的扣除。注：小微企业以供应商填写的《中小企业声明函》为判定标准，残疾人福利性单位以制造商填写的《残疾人福利性单位声明函》为判定标准，监狱企业须提供由省级以上监狱管理局、戒毒管理局（含新疆生产建设兵团）出具的制造商属于监狱企业的证明文件，否则不予认定。以上政策不重复享受。4. 根据《国务院办公厅关于在政府采购中实施本国产品标准及相关政策的通知》国办发〔2025〕34号规定，政府采购活动中既有本国产品又有非本国产品参与竞争的，依法对本国产品给予价格评审优惠，对本国产品的报价给予20%的价格扣除，用扣除后的价格参与评审。当采购项目或者采购包中含有多种产品，供应商为该采购项目或者采购包提供的符合本国产品标准的产品成本之和占该供应商提供的全部产品成本之和的比例达到80%以上时，依法对该供应商提供的全部产品给予价格评审优惠，即对该供应商提供的全部产品的总报价给予20%的价格扣除，用扣除后的价格参与评审。5. 按照《关于调整优化节能产品、环境标志产品政府采购执行机制的通知》（财库〔2019〕9号）文件要求，对政府采购节能、环境标志品目清单内的产品实施优先采购和强制采购的评标方法。6. 涉及商品包装或快递包装的，按照《财政部办公厅、生态环境部办公厅、国家邮政局办公室关于印发<商品包装政府采购需求标准（试行）>、<快递包装政府采购需求标准（试行）>的通知》（财办库〔2020〕123号）要求执行。7．按照《财政部关于在政府采购活动中查询及使用信用记录有关问题的通知》（财库〔2016〕125号）的要求，根据磋商当日查询“信用中国”网站（www.creditchina.gov.cn）、中国政府采购网（www.ccgp.gov.cn）的信息，对列入失信被执行人、重大税收违法失信主体、政府采购严重违法失信行为记录名单及其他不符合《中华人民共和国政府采购法》第二十二条规定条件的供应商，拒绝参与政府采购活动，同时代理机构对信用信息查询记录和证据进行打印存档。（五）供应商资格要求1. 满足《中华人民共和国政府采购法》第二十二条规定；（1）供应商须是在中华人民共和国注册，具有独立法人资格，提供营业执照或事业单位法人证书或民办非企业单位登记证书或社会团体法人登记证书或基金会法人登记证书；（2）供应商须提供经会计师事务所审计的2025年度财务审计报告或响应文件开启时间前3个月以内银行出具的资信证明；（3）供应商须提供提交响应文件截止时间前6个月内任意一个月缴纳社会保险费的相关证明材料；（4）供应商须提供税款所属期为提交响应文件截止时间前6个月内任意一个月依法纳税的相关证明材料；（5）供应商须提供响应文件开启时间前3年在经营活动中没有重大违法记录的书面声明（截至响应文件开启时间成立不足3年的供应商可提供自成立以来无重大违法记录的书面声明）。（6）具备履行合同所必需的设备和专业技术能力，提供承诺书。2. 落实政府采购政策需满足的资格要求：按照《财政部关于在政府采购活动中查询及使用信用记录有关问题的通知》（财库〔2016〕125号）的要求，根据磋商当日查询“信用中国”网站（www.creditchina.gov.cn）、中国政府采购网（www.ccgp.gov.cn）的信息，对列入失信被执行人、重大税收违法失信主体、政府采购严重违法失信行为记录名单及其他不符合《中华人民共和国政府采购法》第二十二条规定条件的供应商，拒绝参与政府采购活动，同时代理机构对信用信息查询记录和证据进行打印存档。3. 本项目的特定资格要求：若为供应商的法定代表人参加磋商，须提供法定代表人资格证明书原件和法定代表人身份证明原件或复印件加盖公章；若为授权代表参加磋商，还须提供法定代表人授权书原件（需由法定代表人签字或盖章）和授权代表身份证明原件或复印件加盖公章。（六）报名和磋商文件发售1.获取磋商文件时间：2026年09月03日至2026年09月08日，每天上午9:00至11:00，下午14:00至17:00。（北京时间，法定节假日除外）2.获取磋商文件方式：（1）现场获取：中招国际招标有限公司（天津市河西区泰山路6号北门（光电生活区北门)17#楼二层A座）获取。（2）邮件获取：请将相关材料发送至邮箱cuiweiyan@cntcitc.com.cn，邮件中注明联系人、联系电话。邮件主题为“报名：项目编号+公司名称”；核对信息无误后，向供应商发送付款方式；确认收到文件费支付截图后向供应商发送电子版磋商文件。纸质文件自取。（注：获取磋商文件日期以标书款到账日期为准。）注：本项目采用资格后审合格制，报名成功不代表评标现场通过资格审查，递交文件时需提供完整、清晰、齐全的资格证明文件。（3）报名后如放弃投标，请将《放弃投标函》送达我司，未及时递交《放弃投标函》所产生的一切后果，由供应商承担。3.磋商文件售价：￥500.0 元（人民币）一经售出，概不退还。（七）提交磋商响应文件截止时间及地点1.响应文件提交的截止时间：2026年09月18日13时30分（北京时间）2.响应文件递交地点：天津市南开区卫津路92号天津大学12教学楼223室3.响应文件开启时间：2026年09月18日13时30分（北京时间）4.响应文件开启地点：天津市南开区卫津路92号天津大学12教学楼223室5.响应文件递交方式现场递交：供应商须由法定代表人或授权代表人递交响应文件（含对响应文件的有效修改、澄清文件）。（八）磋商时间及地点      磋商时间及地点：2026年09月18日13：30（北京时间）在天津市南开区卫津路92号天津大学12教学楼223室召开。届时请参加磋商的授权代表出席。 二、开标时间：2026年09月18日 13:30 三、其它补充事宜无 四、预算金额：预算金额：40.000000 万元（人民币）,教育培训,2026-09-18 13:30,中国政府采购网,,40.0,table,,,,,,,,,,,
华东师范大学跨校区沉浸式会议系统废标公告,流标公告,H2026097,2026年09月03日 15:03,上海市,华东师范大学,上海市中山北路3663号,葛老师021-62232260,江苏省华采招标有限公司,上海市普陀区云岭东路235号上海跨采中心3号楼5层,倪莲蕾021-52181959,倪莲蕾,021-52181959,,,https://www.ccgp.gov.cn/cggg/zygg/qtgg/202609/t20260903_27258703.htm,2026-09-10 10:12:38,一、项目基本情况 采购项目编号：H2026097（代理机构内部编号：JSHC-2026070605S8） 采购项目名称：华东师范大学跨校区沉浸式会议系统 二、项目废标/流标的原因 经评审，本项目通过符合性审查的有效投标人数量不足3家，故本项目作废标处理。 三、其他补充事宜 在此，华东师范大学和江苏省华采招标有限公司谨对积极参与本项目投标的供应商表示衷心的感谢。 四、凡对本次公告内容提出询问，请按以下方式联系。 1.采购人信息 名 称：华东师范大学 地址：上海市中山北路3663号 联系方式：葛老师021-62232260 2.采购代理机构信息 名 称：江苏省华采招标有限公司 地 址：上海市普陀区云岭东路235号上海跨采中心3号楼5层 联系方式：倪莲蕾021-52181959 3.项目联系方式 项目联系人：倪莲蕾 电 话： 021-52181959,教育培训,,中国政府采购网,,,default,二、项目废标/流标的原因,,,,,,,,,,
北京外交人员服务局（外交服务集团有限公司房屋服务分公司营销租赁部）2026年对外配套家用电器项目（三次）废标公告,流标公告,0610-2641NH030362,2026年09月03日 15:03,北京市,北京外交人员服务局,北京市东城区朝阳门内大街 223 号,王老师  010-65258956,北京国际招标有限公司,北京市东城区朝阳门北小街71号,冯雪  刘丽  高岩  吴迪  郭旭  010-84049216,冯雪,010-84049216,,,https://www.ccgp.gov.cn/cggg/zygg/qtgg/202609/t20260903_27258697.htm,2026-09-10 10:12:39,一、项目基本情况 采购项目编号：0610-2641NH030362 采购项目名称：北京外交人员服务局（外交服务集团有限公司房屋服务分公司营销租赁部）2026年对外配套家用电器项目 二、项目废标/流标的原因 经评审，对招标文件作实质响应的投标人不足三家，本项目废标。 三、其他补充事宜 本公告同时在中国政府采购网(www.ccgp.gov.cn)、中国招标投标公共服务平台（http://bulletin.cebpubservice.com/）、外交服务集团有限公司采购网（http://cms-bds.zhongcy.com/）上发布。 四、凡对本次公告内容提出询问，请按以下方式联系。 1.采购人信息 名 称：北京外交人员服务局 地址：北京市东城区朝阳门内大街 223 号 联系方式：王老师 010-65258956 2.采购代理机构信息 名 称：北京国际招标有限公司 地 址：北京市东城区朝阳门北小街71号 联系方式：冯雪 刘丽 高岩 吴迪 郭旭 010-84049216 3.项目联系方式 项目联系人：冯雪 刘丽 高岩 吴迪 郭旭 电 话： 010-84049216,服务外包,,中国政府采购网,,,default,二、项目废标/流标的原因,,,,,,,,,,
SPD-05河北某单位泳池锅炉恒温控制系统零星采购项目其他,其他公告,2026-C026,2026年09月03日 15:01,石家庄市,SPD-05,河北省石家庄市新华区,苏19003118133,详见公告正文,详见公告正文,详见公告正文,苏,19003118133,河北某单位泳池锅炉恒温控制系统零星采购项目询价文件.docx,"[{""attach_name"": ""河北某单位泳池锅炉恒温控制系统零星采购项目询价文件.docx"", ""attach_url"": ""https://download.ccgp.gov.cn/oss/download?uuid=1FEC17483FB2130F827D918C1BEA22""}]",https://www.ccgp.gov.cn/cggg/zygg/qtgg/202609/t20260903_27258679.htm,2026-09-10 10:12:40,根据《中华人民共和国政府采购法》等有关规定，现对河北某单位泳池锅炉恒温控制系统零星采购项目进行其他招标，欢迎合格的供应商前来投标。 项目名称：河北某单位泳池锅炉恒温控制系统零星采购项目项目编号：2026-C026项目联系方式：项目联系人：苏项目联系电话：19003118133 采购单位联系方式：采购单位：SPD-05采购单位地址：河北省石家庄市新华区采购单位联系方式：苏19003118133  一、采购项目内容对我单位泳池锅炉温控系统进行升级改造，将原人工控温系统改造升级为电脑自动控温系统。通过对温控系统自动化改造可以解决人工控温泳池水温忽冷忽热不稳定的问题，同时可以减少能源浪费，显著降低能耗，有效优化提高泳池管理水平。 二、开标时间：2026年09月07日 08:00 三、其它补充事宜 四、预算金额：预算金额：4.800000 万元（人民币）,能源电力,,中国政府采购网,,4.8,table,,,,,,,,,,,
云南省消防救援总队训练和战勤保障支队滇池培训基地标间客房物品采购项目废标公告,流标公告,YNSXFJYZDXLYZQBZZDDCPXJDBJKFWPCGXM,2026年09月03日 14:56,云南省,云南省消防救援总队训练与战勤保障支队,云南省昆明市官渡区阿拉街道办事处小石坝石坝路,李老师 0871-63559957,国鼎和诚项目管理集团有限公司,云南省昆明市盘龙区同德广场（A6地块）办公楼17层1701号,冉启霞、蒋安妮,冉启霞、蒋安妮,0871-66012378,云南省消防救援总队训练和战勤保障支队滇池培训基地标间客房物品采购项目废标公告.docx,"[{""attach_name"": ""云南省消防救援总队训练和战勤保障支队滇池培训基地标间客房物品采购项目废标公告.docx"", ""attach_url"": ""https://download.ccgp.gov.cn/oss/download?uuid=D4F113FDF5E880D1056C3B1FAA4D6C""}]",https://www.ccgp.gov.cn/cggg/zygg/qtgg/202609/t20260903_27258631.htm,2026-09-10 10:12:41,一、项目基本情况 采购项目编号：YNSXFJYZDXLYZQBZZDDCPXJDBJKFWPCGXM 采购项目名称：云南省消防救援总队训练和战勤保障支队滇池培训基地标间客房物品采购项目 二、项目废标/流标的原因 至提交响应文件截止时间2026年09月03日09时30分前，递交响应文件供应商不足三家，不满足法定开标条件，按照《中华人民共和国政府采购法》第三十六条规定，本项目予以废标处理。 三、其他补充事宜 四、凡对本次公告内容提出询问，请按以下方式联系。 1.采购人信息 名 称：云南省消防救援总队训练与战勤保障支队 地址：云南省昆明市官渡区阿拉街道办事处小石坝石坝路 联系方式：李老师 0871-63559957 2.采购代理机构信息 名 称：国鼎和诚项目管理集团有限公司 地 址：云南省昆明市盘龙区同德广场（A6地块）办公楼17层1701号 联系方式：冉启霞、蒋安妮 3.项目联系方式 项目联系人：冉启霞、蒋安妮 电 话： 0871-66012378；15187933490,教育培训,2026-09-03 09:30,中国政府采购网,,,default,二、项目废标/流标的原因,,,,,,,,,,
中国科学院上海高等研究院内冷平面镜（国际招标）公开招标公告,其他公告,0834-2641SH26A418,2026年09月03日 14:54,上海市,中国科学院上海高等研究院,上海市浦东新区海科路99号,刘 航 86-21-20325073,上海中招招标有限公司,上海市静安区恒丰路600号机电大厦5楼A座、B座和C座,陈永亮、吴信屿 86-21-66285392，18361672958,陈永亮、吴信屿,86-21-66285392，18361672958,"中国科学院上海高等研究院内冷平面镜 - 国际招标公告.pdf,购买标书登记表（国际标）.xlsx","[{""attach_name"": ""中国科学院上海高等研究院内冷平面镜 - 国际招标公告.pdf"", ""attach_url"": ""https://download.ccgp.gov.cn/oss/download?uuid=EA853FE2F5239C604C3D9CC237A537""}, {""attach_name"": ""购买标书登记表（国际标）.xlsx"", ""attach_url"": ""https://download.ccgp.gov.cn/oss/download?uuid=8B4D1D9AADC7D7732B3E6C89F191C3""}]",https://www.ccgp.gov.cn/cggg/zygg/qtgg/202609/t20260903_27258571.htm,2026-09-10 10:12:41,"上海中招招标有限公司受中国科学院上海高等研究院 委托，根据《中华人民共和国政府采购法》等有关规定，现对中国科学院上海高等研究院内冷平面镜进行其他招标，欢迎合格的供应商前来投标。 项目名称：中国科学院上海高等研究院内冷平面镜项目编号：0834-2641SH26A418项目联系方式：项目联系人：陈永亮、吴信屿项目联系电话：86-21-66285392，18361672958 采购单位联系方式：采购单位：中国科学院上海高等研究院采购单位地址：上海市浦东新区海科路99号采购单位联系方式：刘 航 86-21-20325073 代理机构联系方式：代理机构：上海中招招标有限公司代理机构联系人：陈永亮、吴信屿 86-21-66285392，18361672958代理机构地址： 上海市静安区恒丰路600号机电大厦5楼A座、B座和C座 一、采购项目内容上海中招招标有限公司受招标人委托对下列产品及服务进行国际公开竞争性招标，于2026-09-03在中国国际招标网公告。本次招标采用传统招标方式，现邀请合格投标人参加投标。1、招标条件项目概况:科学研究资金到位或资金来源落实情况:已落实项目已具备招标条件的说明:已具备2、招标内容招标项目编号:0834-2641SH26A418招标项目名称:中国科学院上海高等研究院内冷平面镜项目实施地点:中国上海市招标产品列表(主要设备):序号 产品名称 数量 简要技术规格 备注1 内冷平面镜 4块 详见第八章 3、投标人资格要求投标人应具备的资格或业绩:1)如果投标人所投的货物不是投标人自己制造的，投标人应得到制造商同意其在本次投标中提供该货物的正式授权书；2) 投标人开户银行在开标日前三个月内开具的资信证明原件或复印件；3) 投标人或货物制造商近2年内应至少有1套同类产品的销售业绩（须提供业绩清单及合同复印件或用户的书面证明）。是否接受联合体投标:不接受未领购招标文件是否可以参加投标:不可以4、招标文件的获取招标文件领购开始时间:2026-09-03招标文件领购结束时间:2026-09-10是否在线售卖标书:否获取招标文件方式:现场领购招标文件领购地点：上海市静安区恒丰路600号机电大厦5楼B座办公室招标文件售价:￥500/$100其他说明:招标文件具体购买时间：每天（节假日除外） 9 时至 11 时 30 分，13 时00分至 16 时30分（北京时间），招标文件售后不退。5、投标文件的递交投标截止时间（开标时间）:2026-09-24 09:30投标文件送达地点:上海市静安区恒丰路600号机电大厦5楼会议室（具体会议室于开标日当天详见5楼电视机屏幕）开标地点:上海市静安区恒丰路600号机电大厦5楼会议室（具体会议室于开标日当天详见5楼电视机屏幕）6、联系方式招标人:中国科学院上海高等研究院地址:上海市浦东新区海科路99号联系人:刘 航联系方式:86-21-20325073招标代理机构:上海中招招标有限公司地址:上海市静安区恒丰路600号机电大厦5楼A、B、C座办公室联系人:陈永亮、吴信屿联系方式:86-21-66285392，183616729587、汇款方式:招标代理机构开户银行(人民币):中国民生银行上海分行虹桥支行招标代理机构开户银行(美元):中国民生银行上海分行虹桥支行账号(人民币):0208014210004789账号(美元):0208144210000137其他:SWIFT CODE： MSBCCNBJ002 美元账户是我司外汇账户，可以接受包括美元在内的其他国际货币。8、其他补充说明其他补充说明:电子信箱: 2609335468@qq.com 二、开标时间：2026年09月24日 09:30 三、其它补充事宜本次招标设最高投标限价：377,000.00 USD。本项目为机电产品国际招标项目，相关法规与政策均按照《机电产品国际招标投标实施办法（试行）》执行，具体项目信息（如项目简要技术规格、项目预算等信息）详见中国国际招标网！本项目的招标公告已在中国国际招标网（网址为：http://chinabidding.mofcom.gov.cn）和机电产品招标投标电子交易平台（网址为：http://www.chinabidding.com）网上进行发布。特别告知：现场购买：有意向的投标人可携带报名表（详见招标公告附件：购买标书登记表至上海市静安区恒丰路600号机电大厦5楼B座办公室进行报名购买招标文件。 网上购买：有意向的投标人将报名表（详见招标公告附件：购买标书登记表）、发至2609335468@qq.com邮箱，明确投标项目名称，并将标书款汇至招标公司账上。招标文件售价：每包件售价人民币 500 元（招标文件售后不退）。注：我公司只接受公司转账，不接受个人转账。开户名：上海中招招标有限公司开户银行：中国民生银行上海虹桥支行银行帐号：0208014210004789摘要：0834-2641SH26A418 标书费或投标保证金。 四、预算金额：预算金额：256.400000 万元（人民币）",教育培训,,中国政府采购网,,256.4,table,,,,,,,,,,,
北京市西城区消防救援支队2026年度小型消防站晾衣场项目比选公告,其他公告,HT3878BJ-BA01,2026年09月03日 14:53,西城区,西城区消防救援支队,北京市西城区德胜门东大街119号,刘队长，01084022119，转215,北京汉腾工程顾问有限公司,北京市石景山区古城南里东街33号院1号楼5层501-01,王桥平，18511713021,王桥平,18511713021,,,https://www.ccgp.gov.cn/cggg/zygg/qtgg/202609/t20260903_27258570.htm,2026-09-10 10:12:42,北京汉腾工程顾问有限公司受西城区消防救援支队 委托，根据《中华人民共和国政府采购法》等有关规定，现对北京市西城区消防救援支队2026年度小型消防站晾衣场项目进行其他招标，欢迎合格的供应商前来投标。 项目名称：北京市西城区消防救援支队2026年度小型消防站晾衣场项目项目编号：HT3878BJ-BA01项目联系方式：项目联系人：王桥平项目联系电话：18511713021 采购单位联系方式：采购单位：西城区消防救援支队采购单位地址：北京市西城区德胜门东大街119号采购单位联系方式：刘队长，01084022119，转215 代理机构联系方式：代理机构：北京汉腾工程顾问有限公司代理机构联系人：王桥平，18511713021代理机构地址： 北京市石景山区古城南里东街33号院1号楼5层501-01 一、采购项目内容1.比选条件     本比选项目 北京市西城区消防救援支队2026年度小型消防站晾衣场项目 （项目名称），比选人（项目业主）为北京市西城区消防救援支队 ，建设资金来自 财政资金 （资金来源），出资比例为 100% 。现已具备比选条件，现欢迎符合资格要求的施工单位前来参选。2.工程概况与比选范围 2.1  本比选项目的建设地点：北京市2.2  项目预算： 29.278681万元2.3  资金来源：财政资金2.4  比选范围：北京市西城区消防救援支队2026年度小型消防站晾衣场项目工程量清单范围内的全部工作内容。  2.5  工期要求：45日历天3.参选人资格要求3.1  参选人须为在中华人民共和国境内合法注册的法人实体，且具备政府相关行政主管部门核发的有效营业执照并处于正常开业状态，具有独立承担民事责任的能力。3.2  参选人须具备建设行政主管部门核发的建筑工程施工总承包三级（含以上）资质。3.3  参选人须具有建设主管部门颁发的《安全生产许可证》。3.4  参选人拟派项目经理须具备建筑工程专业二级（含）以上注册建造师执业资格，具备有效的安全生产考核合格证书（简称安全B本）；外地来京建筑企业在办理进京备案时，应当一并办理注册建造师备案手续，已办理备案的外地来京建筑企业注册建造师方可在本市行政区域内开展执业活动。3.5  参选人没有处于被责令停业，财产被接管、冻结，没有处于破产状态。3.6  参加政府采购活动前三年内，在经营活动中没有重大违法记录。3.7  本项目不接受联合体投标。4.信誉要求未被“信用中国”网站（www.creditchina.gov.cn）列入失信被执行人、重大税收违法失信主体、中国政府采购网（www.ccgp.gov.cn）列入政府采购严重违法失信行为记录名单。5.获取比选文件5.1 获取时间：2026年09月03日至2026年09月09日，每日9:00时至17:00时（北京时间，法定节假日除外，下同），进行报名获取比选文件。5.2 获取方式：现场获取。在北京市石景山区古城南里东街33号院1号楼5层501-01获取比选文件，同时需要携带：（1）营业执照副本（加盖单位公章的复印件）；（2）资质证书副本（加盖单位公章的复印件）；（3）安全生产许可证副本（加盖单位公章的复印件）；（4）法定代表人身份证明书原件、身份证原件及复印件（加盖单位章）（适用于法定代表人领取文件）；（5）法定代表人授权委托书原件、委托代理人身份证原件及复印件（加盖单位公章）（适用于委托代理人领取文件）；（6）外地进京建筑业企业进京备案截图加盖单位公章。5.3  比选文件每套售价500元（现金），售后不退。资料不齐全不予发放，图纸电子版形式。6.参选文件的递交递交参选文件的截止时间： 2026 年 09 月 15 日 09 时 30 分，地点为 北京市石景山区古城南里东街33号院1号楼5层501-01 （详细地址）。现场纸质递交，逾期或不符合规定的参选文件，比选人不予受理。7.参选文件的开启参选文件开启时间： 2026 年 09 月 15 日 09 时 30 分（北京时间）。参选文件开启地点：北京市石景山区古城南里东街33号院1号楼5层501-01。8.发布公告媒介本公告在中国政府采购网及（https://www.ccgp.gov.cn/）中国招标投标公共服务平台（http://www.cebpubservice.com）上发布。9.联系方式    招 标 人：北京市西城区消防救援支队    地    址：北京市西城区德胜门东大街119号联 系 人：刘队长电    话：01084022119，转215 比选代理机构名称：北京汉腾工程顾问有限公司地    址：北京市石景山区古城南里东街33号院1号楼5层501-01联 系 人：王桥平联系电话：18511713021电子邮箱：wangqiaoping@hantten.com.cn 二、开标时间：2026年09月15日 09:30 三、其它补充事宜 四、预算金额：预算金额：29.278681 万元（人民币）,公共安全,2026-09-15 09:30,中国政府采购网,,29.278681,table,,,,,,,,,,,
北京市西城区消防救援支队2026年四大队（原三大队）新建南滨河路小型站安装多联机空调项目比选公告,其他公告,HT3877BJ-BA01,2026年09月03日 14:52,西城区,西城区消防救援支队,北京市西城区德胜门东大街119号,刘队长，01084022119，转215,北京汉腾工程顾问有限公司,北京市石景山区古城南里东街33号院1号楼5层501-01,王桥平，18511713021,王桥平,18511713021,,,https://www.ccgp.gov.cn/cggg/zygg/qtgg/202609/t20260903_27258580.htm,2026-09-10 10:12:43,北京汉腾工程顾问有限公司受西城区消防救援支队 委托，根据《中华人民共和国政府采购法》等有关规定，现对北京市西城区消防救援支队2026年四大队（原三大队）新建南滨河路小型站安装多联机空调项目进行其他招标，欢迎合格的供应商前来投标。 项目名称：北京市西城区消防救援支队2026年四大队（原三大队）新建南滨河路小型站安装多联机空调项目项目编号：HT3877BJ-BA01项目联系方式：项目联系人：王桥平项目联系电话：18511713021 采购单位联系方式：采购单位：西城区消防救援支队采购单位地址：北京市西城区德胜门东大街119号采购单位联系方式：刘队长，01084022119，转215 代理机构联系方式：代理机构：北京汉腾工程顾问有限公司代理机构联系人：王桥平，18511713021代理机构地址： 北京市石景山区古城南里东街33号院1号楼5层501-01 一、采购项目内容1.比选条件     本比选项目 北京市西城区消防救援支队2026年四大队（原三大队）新建南滨河路小型站安装多联机空调项目 （项目名称），比选人（项目业主）为 北京市西城区消防救援支队 ，建设资金来自 财政资金 （资金来源），出资比例为 100% 。现已具备比选条件，现欢迎符合资格要求的施工单位前来参选。2.工程概况与比选范围 2.1  本比选项目的建设地点：北京市2.2  项目预算：28.19488万元2.3  资金来源：财政资金2.4  比选范围：北京市西城区消防救援支队2026年四大队（原三大队）新建南滨河路小型站安装多联机空调项目图纸及工程量清单范围内的全部工作内容。  2.5  工期要求：45 日历天3.参选人资格要求3.1  参选人须为在中华人民共和国境内合法注册的法人实体，且具备政府相关行政主管部门核发的有效营业执照并处于正常开业状态，具有独立承担民事责任的能力。3.2  参选人须具备建设行政主管部门核发的建筑机电安装工程承包三级（含以上）资质。3.3  参选人须具有建设主管部门颁发的《安全生产许可证》。3.4  参选人拟派项目经理须具备机电工程专业二级（含）以上注册建造师执业资格，具备有效的安全生产考核合格证书（简称安全B本）；外地来京建筑企业在办理进京备案时，应当一并办理注册建造师备案手续，已办理备案的外地来京建筑企业注册建造师方可在本市行政区域内开展执业活动。3.5  参选人没有处于被责令停业，财产被接管、冻结，没有处于破产状态。3.6  参加政府采购活动前三年内，在经营活动中没有重大违法记录。3.7  本项目不接受联合体投标。4.信誉要求未被“信用中国”网站（www.creditchina.gov.cn）列入失信被执行人、重大税收违法失信主体、中国政府采购网（www.ccgp.gov.cn）列入政府采购严重违法失信行为记录名单。5.获取比选文件5.1 获取时间：2026年09月03日至2026年09月09日，每日9:00时至17:00时（北京时间，法定节假日除外，下同），进行网上报名获取比选文件。5.2 获取方式：现场获取。在北京市石景山区古城南里东街33号院1号楼5层501-01获取比选文件，同时需要携带：（1）营业执照副本（加盖单位公章的复印件）；（2）资质证书副本（加盖单位公章的复印件）；（3）安全生产许可证副本（加盖单位公章的复印件）；（4）法定代表人身份证明书原件、身份证原件及复印件（加盖单位章）（适用于法定代表人领取文件）；（5）法定代表人授权委托书原件、委托代理人身份证原件及复印件（加盖单位公章）（适用于委托代理人领取文件）；（6）外地进京建筑业企业进京备案截图加盖单位公章。5.3  比选文件每套售价500元（现金），售后不退。资料不齐全不予发放，图纸电子版形式。6.参选文件的递交递交参选文件的截止时间： 2026 年 09 月 15 日 14 时 00 分，地点为 北京市石景山区古城南里东街33号院1号楼5层501-01 （详细地址）。现场纸质递交，逾期或不符合规定的参选文件，比选人不予受理。7.参选文件的开启参选文件开启时间：2026 年 09 月 15 日 14 时 00 分（北京时间）。参选文件开启地点：北京市石景山区古城南里东街33号院1号楼5层501-01。8.发布公告媒介本公告在中国政府采购网及（https://www.ccgp.gov.cn/）中国招标投标公共服务平台（http://www.cebpubservice.com）上发布。9.联系方式    招 标 人：北京市西城区消防救援支队    地    址：北京市西城区德胜门东大街119号联 系 人：刘队长电    话：01084022119，转215比选代理机构名称：北京汉腾工程顾问有限公司地    址：北京市石景山区古城南里东街33号院1号楼5层501-01联 系 人：王工联系电话：18511713021电子邮箱：wangqiaoping@hantten.com.cn 二、开标时间：2026年09月15日 14:00 三、其它补充事宜 四、预算金额：预算金额：28.194880 万元（人民币）,公共安全,2026-09-15 14:00,中国政府采购网,,28.19488,table,,,,,,,,,,,
甘肃消防救援机动总队2026年度应急物资储备项目需求调查公告,其他公告,,2026年09月03日 14:46,兰州市,甘肃消防救援机动总队,甘肃省兰州市安宁区北滨河西路999号,卢助理0931-6952196  gsxfjydzd@126.com,详见公告正文,详见公告正文,详见公告正文,卢助理,0931-6952196,甘肃消防救援机动总队应急储备物资项目采购需求调查公告.docx,"[{""attach_name"": ""甘肃消防救援机动总队应急储备物资项目采购需求调查公告.docx"", ""attach_url"": ""https://download.ccgp.gov.cn/oss/download?uuid=AB25CFE7808ECE0EB668F34CE5460D""}]",https://www.ccgp.gov.cn/cggg/zygg/qtgg/202609/t20260903_27258507.htm,2026-09-10 10:12:43,根据《中华人民共和国政府采购法》等有关规定，现对甘肃消防救援机动总队2026年度应急物资储备项目需求调查公告进行其他招标，欢迎合格的供应商前来投标。 项目名称：甘肃消防救援机动总队2026年度应急物资储备项目需求调查公告项目编号：项目联系方式：项目联系人：卢助理项目联系电话：0931-6952196 采购单位联系方式：采购单位：甘肃消防救援机动总队采购单位地址：甘肃省兰州市安宁区北滨河西路999号采购单位联系方式：卢助理0931-6952196 gsxfjydzd@126.com  一、采购项目内容致各潜在供应商（厂家）：我总队应急救援物资储备项目现面向社会公开开展需求调查。请自愿参与调查的各潜在供应商（厂家），根据本公告所列需求及要求，提供相关产品资料。为保证供应商提供内容的真实性、可靠性、准确性，建议供应商按照如下要求提供相关证明材料。一、潜在供应商资料递交时间、方式1.本次需求调查接收资料期为：自公告发布之日起至9月7日17时30分结束，逾期将不予受理。2.本次需求调查征集项目需求表格中符合队伍特点需求的装备信息，包含但不限于生产企业介绍、产品介绍、产品彩页、视频、照片、技术参数、认证证书、检测报告、价格证明材料、企业业绩、售后服务等相关信息。3.电子版资料请于接收期限范围内以zip格式压缩包发送至gsxfjyjdzd@126.com邮箱。邮件名称为“供应商名称+甘肃消防救援机动总队应急救援物资储备项目需求调查”。4.本次需求调查，各潜在供应商在参加调查过程中有任何疑问可在工作日（上午8:30-12:00，14:00-17:30）电话咨询：0931-6952196。二、资料递交要求1.采购需求调查表及参数信息汇总表PDF版（加盖公章）和word版（详见附件）。其中技术性能和指标参数需尽量详尽具体，且与认证证书或检测报告型号一致。2.产品价格具体为产品本身市场价格，此次公告中的参考价格只作参考依据，不作为最高限价，反馈的产品价格信息要真实准确，报价有效期不应少于6个月。同时还需提供同类型产品采购项目历史成交信息及证明材料，如同规格产品相关业绩，优先提供全国消防救援队伍和企业消防等消防领域销售业绩及购销合同。3.产品的相关检测机构出具的检测报告PDF版（如有）。4.可能涉及的运行维护、升级更新、备品备件、耗材等后续采购及服务，如同类项目质保期情况及售后服务情况PDF版（如有）。5.供应商认为还需提供的单一性、专利技术等其他与产品技术需求相关的资料。6.文件归档顺序要求：（1）采购需求调查表；（2）参数信息汇总表；（3）认证检测报告；（4）成交信息证明材料；（5）售后服务相关附件；（6）产品介绍相关附件；（7）企业介绍相关附件；（8）其他相关资料。      附件1 甘肃消防救援机动总队应急救援物资储备项目需求表 序号 装备名称 采购需求概况 参考价格 （万元） 1 取暖设备（暖风机） 用于野外抢险救援现场取暖保障，满足作业人员在低温环境下作业、休息取暖需要，适配高寒地区场景。 0.05 2 应急方位灯 用于灾害现场标识定位、救援点位警示，便于救援人员现场识别方位，提升现场作业安全保障水平。 0.01  3 照明设备 为救援人员配置照明装备，满足夜间搜救、现场处置满足单兵及班组作业移动照明使用 0.03  4 应急救援餐具 用于野外救援、驻训期间人员就餐使用，满足现场集体伙食保障需要。 0.005 5 油料供应设备 野外油料储存转运，保障车辆、装备油料储备 0.02 6 野战移动餐厅 野外应急救援、跨区域驻训搭建临时就餐场所，满足队伍野外集体就餐保障。 1.5 7 户外电缆 为野外帐篷、现场作业提供电力传输，满足营地供电布线使用 0.04 8 应急保障被服 为遂行应急任务人员野外个人内衣裤替换等生活保暖所需 0.02  9 箱组式野战厕所 野外驻训、应急救援现场人员如厕保障，实现野战条件下卫生保障，能够实现器材车辆运行前送改善现场后勤条件。 0.8 10 应急保障消耗性物资 包含遮阳棚、防雨布、防尘网、遮阳网、配重沙袋、标识牌、捆绑带、钢丝绳、输油管、消毒剂、垃圾袋、警戒带、反光锥桶、防尘面罩、护目镜，用于灾害现场营地搭建、安全警戒、防护消杀等各类消耗性保障，满足任务一线及宿营地生活消耗所需。 10 11 应急储备物资 应急物资储备库补充储备各类应急物资，夯实总队应急物资储备底数，提升应急物资调拨保障能力。 120 12 高寒宿营装具 适配高寒地区野外驻训、抢险救援，保障单兵野外生存住宿。 30  附件2甘肃消防救援机动总队应急救援物资储备项目采购需求调查表  供应商名称 （填写并加盖公章） 公司简介 成立时间、注册资金、注册地址等 相关的资质证书   联系人   联系电话   产品名称   品牌、型号   产品价格 万元 供货周期   是否为生产厂商 是或否 是否为中小企业 是或否 是否唯一供应商 是或否 质保期 年 研发、创新情况 现有产品的技术路线、工艺水平、产业发展情况 市场供应情况 市场占有情况和产品地域分布 相关检验、认证情况 1.列举检验、认证取得情况 2.列举涉及的相关标准和规范 免费维保项目 列举维保项目 1. 2. 3. …. 售后情况 （是，列举运行维护、升级更新、 备品备件、耗材等后续采购内容） 1.运行维护：周期、内容等 2.升级更新：周期、内容等 3.备品备件：列举主要配件 4.耗材：列举主要耗材 （否，不填写） 维护方式   服务响应时间 天或  小时 对采购方人员的培训和技术支持 1.培训 2.技术支持 其他需要说明的重要事项           备注：请将填写完成后加盖公章的《采购需求问卷调查表》PDF电子档（含Word版）发送至电子邮箱：gsslxf@126.com。    附件3甘肃消防救援机动总队应急救援物资储备项目参数信息汇总表供应商名称：（盖章） 序号 产品 名称 品牌 型号 是否 国产 单价 （万元） 具体配置 及详细参数 供货 周期 历史成交信息 （附成交价格相关资料） 1         突出核心技术指标，避免带有广告性、倾向性、无关紧要性的需求描述。      2               3               4               5               6               7               8               9               备注：请将填写完成后加盖公章的《参数信息汇总表》PDF电子档（含Excel版）发送至电子邮箱：gsslxf@126.com。    附件4 关于递交的采购需求调查表的承诺函 致甘肃消防救援机动总队：针对本公司本次提交的《采购需求调查表》承诺如下：1.参与本次采购需求调查的费用由我单位自理，所有征集的需求内容无偿提供给贵方使用。2.本公司保证提交的内容不会侵犯任何其他人的知识产权。若发生由此造成的任何纠纷，一切法律责任由我公司承担。3.本公司此次提交资料全部资格证明文件均真实有效，我方承诺对其真实性负责并承担相应后果。特此承诺！   供应商名称：            （全称加盖公章）   年   月   日 二、开标时间： 三、其它补充事宜 四、预算金额：预算金额：0.000000 万元（人民币）,公共安全,,中国政府采购网,,0.0,table,,,,,,,,,,,
SPD-27吉林省某单位量子密信采购项目其他,其他公告,JLSPD-2026-014,2026年09月03日 14:45,朝阳区,SPD-27,吉林省长春市朝阳区南湖大路3798号,穆先生  13180607722,详见公告正文,详见公告正文,详见公告正文,陈先生,19990511721,吉林省某单位量子密信采购项目.doc,"[{""attach_name"": ""吉林省某单位量子密信采购项目.doc"", ""attach_url"": ""https://download.ccgp.gov.cn/oss/download?uuid=4843196B76238A4C0BEFAAB8A48F70""}]",https://www.ccgp.gov.cn/cggg/zygg/qtgg/202609/t20260903_27258485.htm,2026-09-10 10:12:44,根据《中华人民共和国政府采购法》等有关规定，现对 吉林省某单位量子密信采购项目进行其他招标，欢迎合格的供应商前来投标。 项目名称： 吉林省某单位量子密信采购项目项目编号：JLSPD-2026-014项目联系方式：项目联系人：陈先生项目联系电话：19990511721 采购单位联系方式：采购单位：SPD-27采购单位地址：吉林省长春市朝阳区南湖大路3798号采购单位联系方式：穆先生 13180607722  一、采购项目内容详见采购文件。 二、开标时间：2026年09月07日 09:00 三、其它补充事宜有参与意向供应商请联系我单位项目联系人，供应商于2026年9月7日9时前按照采购文件要求密封后，通过邮寄或自行送达方式递交，在此时间节点之后递交文件无效。 四、预算金额：预算金额：5.184000 万元（人民币）,其他,,中国政府采购网,,5.184,table,,,,,,,,,,,
南京大学连续流多釜串联系统项目废标公告,流标公告,GZH2602378,2026年09月03日 14:38,南京市,南京大学,南京市栖霞区仙林大道163号,周老师 025-89688969,江苏省华采招标有限公司,南京市建邺区嘉陵江东街8号综合体B3栋一单元16层,张婷 025-83603378,张婷,025-83603378,,,https://www.ccgp.gov.cn/cggg/zygg/qtgg/202609/t20260903_27258430.htm,2026-09-10 10:12:44,一、项目基本情况 采购项目编号：GZH2602378（JSHC-2026060401A3） 采购项目名称：南京大学连续流多釜串联系统 二、项目废标/流标的原因 通过符合性审查的投标人不足三家，本项目废标。 三、其他补充事宜 无。 四、凡对本次公告内容提出询问，请按以下方式联系。 1.采购人信息 名 称：南京大学 地址：南京市栖霞区仙林大道163号 联系方式：周老师 025-89688969 2.采购代理机构信息 名 称：江苏省华采招标有限公司 地 址：南京市建邺区嘉陵江东街8号综合体B3栋一单元16层 联系方式：张婷 025-83603378 3.项目联系方式 项目联系人：张婷 电 话： 025-83603378,教育培训,,中国政府采购网,,,default,二、项目废标/流标的原因,,,,,,,,,,
民航博物馆园区照明系统更换改造项目废标公告,流标公告,0748-2611CA1020CQ,2026年09月03日 14:34,北京市,民航博物馆,北京市朝阳区首都机场辅路民航200号,010-84323681,中航材国际招标有限公司,北京市顺义区天祥路6号院北京东航中心2号楼8层,梁雨荷 010-84384807 liangyuhe@casc.com.cn,梁雨荷,010-84384807,,,https://www.ccgp.gov.cn/cggg/zygg/qtgg/202609/t20260903_27258389.htm,2026-09-10 10:12:45,一、项目基本情况 采购项目编号：0748-2611CA1020CQ 采购项目名称：民航博物馆园区照明系统更换改造项目 二、项目废标/流标的原因 本项目有效供应商不足3家，无成交候选人。 三、其他补充事宜 无 四、凡对本次公告内容提出询问，请按以下方式联系。 1.采购人信息 名 称：民航博物馆 地址：北京市朝阳区首都机场辅路民航200号 联系方式：010-84323681 2.采购代理机构信息 名 称：中航材国际招标有限公司 地 址：北京市顺义区天祥路6号院北京东航中心2号楼8层 联系方式：梁雨荷 010-84384807 liangyuhe@casc.com.cn 3.项目联系方式 项目联系人：梁雨荷 电 话： 010-84384807,工程建设,,中国政府采购网,,,default,二、项目废标/流标的原因,,,,,,,,,,
SPD-27吉林省某单位训练基地沙坑训练场建设采购项目其他,其他公告,JLSPD-2026-015,2026年09月03日 14:25,朝阳区,SPD-27,吉林省长春市朝阳区南湖大路3798号,杨先生    19990511891,详见公告正文,详见公告正文,详见公告正文,张先生,18043006886,训练基地沙坑项目采购文件、工程量清单及图纸.zip,"[{""attach_name"": ""训练基地沙坑项目采购文件、工程量清单及图纸.zip"", ""attach_url"": ""https://download.ccgp.gov.cn/oss/download?uuid=FBAD9C66A64AD0802313237FDFD768""}]",https://www.ccgp.gov.cn/cggg/zygg/qtgg/202609/t20260903_27258324.htm,2026-09-10 10:12:46,根据《中华人民共和国政府采购法》等有关规定，现对吉林省某单位训练基地沙坑训练场建设采购项目进行其他招标，欢迎合格的供应商前来投标。 项目名称：吉林省某单位训练基地沙坑训练场建设采购项目项目编号：JLSPD-2026-015项目联系方式：项目联系人：张先生项目联系电话：18043006886 采购单位联系方式：采购单位：SPD-27采购单位地址：吉林省长春市朝阳区南湖大路3798号采购单位联系方式：杨先生 19990511891  一、采购项目内容详见附件 二、开标时间：2026年09月07日 09:00 三、其它补充事宜 四、预算金额：预算金额：4.917650 万元（人民币）,其他,,中国政府采购网,,4.91765,table,,,,,,,,,,,
北京师范大学辅仁大学本部旧址-园林建筑修缮工程监理单一来源采购公示,其他公告,ZGGJ-BJ08-26081576,2026年09月03日 14:25,北京市,北京师范大学,北京市海淀区新街口外大街19号,陈老师  zfcg@bnu.edu.cn,中工国际招标有限公司,北京市朝阳区慧忠路5号远大中心C座2层,张存 李涛 张威 010-82952950-823、828,张存,010-82952950-823、828,"采购文件论证意见8.31.pdf,未受到质疑的情况说明.pdf","[{""attach_name"": ""采购文件论证意见8.31.pdf"", ""attach_url"": ""https://download.ccgp.gov.cn/oss/download?uuid=652EB909C7804D327AFFCABDE7FA9F""}, {""attach_name"": ""未受到质疑的情况说明.pdf"", ""attach_url"": ""https://download.ccgp.gov.cn/oss/download?uuid=FE7A6224E700FBB727B082EFCD8630""}]",https://www.ccgp.gov.cn/cggg/zygg/qtgg/202609/t20260903_27258320.htm,2026-09-10 10:12:47,中工国际招标有限公司受北京师范大学 委托，根据《中华人民共和国政府采购法》等有关规定，现对北京师范大学辅仁大学本部旧址-园林建筑修缮工程监理进行其他招标，欢迎合格的供应商前来投标。 项目名称：北京师范大学辅仁大学本部旧址-园林建筑修缮工程监理项目编号：ZGGJ-BJ08-26081576项目联系方式：项目联系人：张存 李涛 张威项目联系电话：010-82952950-823、828 采购单位联系方式：采购单位：北京师范大学采购单位地址：北京市海淀区新街口外大街19号采购单位联系方式：陈老师 zfcg@bnu.edu.cn  代理机构联系方式：代理机构：中工国际招标有限公司代理机构联系人：张存 李涛 张威 010-82952950-823、828代理机构地址： 北京市朝阳区慧忠路5号远大中心C座2层 一、采购项目内容（一）采购人、采购项目名称和内容采购人：北京师范大学项目名称：北京师范大学辅仁大学本部旧址-园林建筑修缮工程监理采购内容：本项目所涉及的修缮项目工程施工和缺陷责任期阶段监理全部工作内容，包括但不限于图纸和工程量清单中的文物本体修缮、建筑装饰装修、建筑屋面工程、建筑电气、建筑给排水及供暖、通风与空调、智能建筑、消防工程等全部工程内容。（二）拟采购的货物、服务或工程的说明北京师范大学辅仁大学本部旧址-园林建筑修缮工程项目规模：总建筑面积2434.50平方米，文物建筑1212.90平方米，非文物建筑1221.60平方米。项目明细： 工程建设费 （万元） 监理费预算金额（万元） 工期（日历天） 计划开竣工日期 质量要求 项目地点 3052.54 79.221729 241 2026年09月17日至2027年05月16日 合格 北京市西城区定阜街1号、定阜街12号旁门、东福寿里1号  （三）采用单一来源采购方式的原因及说明：本项目前期已公开发布竞争性磋商公告，响应文件递交截止后，仅有北京华清技科工程管理有限公司 1 家供应商提交响应文件，已不满足继续开展竞争性磋商的实施条件。竞争性磋商公告发布至响应文件递交截止期间，本项目未收到任何供应商质疑；经评审专家对本项目采购文件开展论证，项目采购需求、资格条件与评分标准设置公平合理，商务、技术条款要求符合政府采购相关法律法规要求，不存在排他性、倾向性条款。依据《北京师范大学单一来源采购管理办法》第四条规定：公开招标、竞争性磋商、竞争性谈判、询价采购流程中，提交响应文件或经评审实质性响应采购文件要求的供应商仅有一家的，可申请采用单一来源采购方式。为保障项目按期推进实施，本项目拟将采购方式变更为单一来源采购，由北京华清技科工程管理有限公司承接本项目相关工作。（四）拟定的唯一供应商名称、地址供应商名称：北京华清技科工程管理有限公司地址：北京市海淀区学清路8号（科技财富中心）B座B1501室（五）公示期限时间：2026-09-03  09:00:00至2026-09-10  17:30:00 二、开标时间： 三、其它补充事宜1.任何供应商、单位或者个人对采用单一来源采购方式公示有异议的（供应商和单位提出异议的，应当加盖单位公章；个人提出异议的，应当提供身份证复印件），应当在本公示规定的公示期内以书面形式阐述理由、注明单位地址、联系人和联系电话，按照本公示中的联系方式，向采购人、采购代理机构反馈。2.财政部门联系人：财政部国库司审核一处、审核二处联系地址：北京市西城区三里河南三巷3号联系电话：010-68553340、010-685518173.中央主管预算单位(教育部)联系人:胡老师联系地址:北京市西单大木仓胡同37号联系电话:010-66093011 四、预算金额：预算金额：79.221729 万元（人民币）,教育培训,,中国政府采购网,,79.221729,table,,,,,,,,,,,
哈尔滨市消防救援支队水上、临空等大队开办物资补充购置项目（二次）废标公告,流标公告,ZR2026-048,2026年09月03日 13:56,香坊区,哈尔滨市消防救援支队,哈尔滨市消防救援支队,马女士0451-51190817,中仁项目管理(黑龙江)有限公司,黑龙江省哈尔滨市香坊区哈平路8号凯旋广场A栋,高先生18004607615,高先生,18004607615,,,https://www.ccgp.gov.cn/cggg/zygg/qtgg/202609/t20260903_27258160.htm,2026-09-10 10:12:47,一、项目基本情况 采购项目编号：ZR2026-048 采购项目名称：水上、临空等大队开办物资补充购置项目（二次） 二、项目废标/流标的原因 经评审有效投标人不足三家，本项目作废标处理，本项目流标。 三、其他补充事宜 无 四、凡对本次公告内容提出询问，请按以下方式联系。 1.采购人信息 名 称：哈尔滨市消防救援支队 地址：哈尔滨市消防救援支队 联系方式：马女士0451-51190817 2.采购代理机构信息 名 称：中仁项目管理(黑龙江)有限公司 地 址：黑龙江省哈尔滨市香坊区哈平路8号凯旋广场A栋 联系方式：高先生18004607615 3.项目联系方式 项目联系人：高先生 电 话： 18004607615,公共安全,,中国政府采购网,,,default,二、项目废标/流标的原因,,,,,,,,,,
中国科学院脑科学与智能技术卓越创新中心全自动膜片钳系统（国际招标）公开招标公告,其他公告,0834-2641SH26A433,2026年09月03日 13:16,上海市,中国科学院脑科学与智能技术卓越创新中心,上海市岳阳路320号,潘萍萍，021-54921765,上海中招招标有限公司,上海市静安区恒丰路600号5楼C座,姚庆忠、唐毅杰，021-66272029/66279072,姚庆忠、唐毅杰,021-66272029,报名表格（国际标）.docx,"[{""attach_name"": ""报名表格（国际标）.docx"", ""attach_url"": ""https://download.ccgp.gov.cn/oss/download?uuid=A95CE3944DA523FA8251E440027E0F""}]",https://www.ccgp.gov.cn/cggg/zygg/qtgg/202609/t20260903_27258044.htm,2026-09-10 10:12:48,上海中招招标有限公司受中国科学院脑科学与智能技术卓越创新中心 委托，根据《中华人民共和国政府采购法》等有关规定，现对全自动膜片钳系统进行其他招标，欢迎合格的供应商前来投标。 项目名称：全自动膜片钳系统项目编号：0834-2641SH26A433项目联系方式：项目联系人：姚庆忠、唐毅杰项目联系电话：021-66272029/66279072 采购单位联系方式：采购单位：中国科学院脑科学与智能技术卓越创新中心采购单位地址：上海市岳阳路320号采购单位联系方式：潘萍萍，021-54921765 代理机构联系方式：代理机构：上海中招招标有限公司代理机构联系人：姚庆忠、唐毅杰，021-66272029/66279072代理机构地址： 上海市静安区恒丰路600号5楼C座 一、采购项目内容上海中招招标有限公司受招标人委托对下列产品及服务进行国际公开竞争性招标，于2026-09-03在中国国际招标网公告。本次招标采用传统招标方式，现邀请合格投标人参加投标。1、招标条件项目概况:科学研究资金到位或资金来源落实情况:现招标人资金已到位，具备了招标条件项目已具备招标条件的说明:现招标人资金已到位，具备了招标条件2、招标内容招标项目编号:0834-2641SH26A433招标项目名称:全自动膜片钳系统项目实施地点:中国上海市招标产品列表(主要设备): 序号 产品名称 数量 简要技术规格 备注 1 全自动膜片钳系统 1套 详见第八章   3、投标人资格要求投标人应具备的资格或业绩:1) 如果投标人所投的货物不是投标人自己制造的，投标人应得到制造商同意其在本次投标中提供该货物的正式授权书；2) 投标人开户银行在开标日前三个月内开具的资信证明原件或复印件。是否接受联合体投标:不接受未领购招标文件是否可以参加投标:不可以4、招标文件的获取招标文件领购开始时间:2026-09-03招标文件领购结束时间:2026-09-10是否在线售卖标书:否获取招标文件方式:现场领购招标文件领购地点：上海市静安区恒丰路600号5楼C座招标文件售价:￥500/$100其他说明:现场购买：有意向的投标人可携带报名表（详见招标公告附件：购买标书登记表至上海市静安区恒丰路600号机电大厦5楼C座办公室进行报名购买招标文件。网上购买：有意向的投标人将报名表（详见招标公告附件：购买标书登记表）、发至tangyijie1999@126.com邮箱，明确投标项目名称，并将标书款汇至招标公司账上。5、投标文件的递交投标截止时间（开标时间）:2026-09-24 09:30投标文件送达地点:上海市静安区恒丰路600号5楼A座会议室开标地点:上海市静安区恒丰路600号5楼A座会议室6、联系方式招标人:中国科学院脑科学与智能技术卓越创新中心地址:上海市岳阳路320号联系人:潘萍萍联系方式:021-54921765招标代理机构:上海中招招标有限公司地址:上海市静安区恒丰路600号5楼C座联系人:姚庆忠、唐毅杰联系方式:021-66272029/662790727、汇款方式:招标代理机构开户银行(人民币):中国民生银行上海分行虹桥支行招标代理机构开户银行(美元):中国民生银行上海分行虹桥支行账号(人民币):0208014210004789账号(美元):0208144210000137其他:Swift BIC: MSBCCNBJ0028、其他补充说明附件：详见附件 二、开标时间：2026年09月24日 09:30 三、其它补充事宜本项目为机电产品国际招标项目，相关法规与政策均按照《机电产品国际招标投标实施办法（试行）》执行，具体项目信息（如项目简要技术规格、项目预算等信息）详见中国国际招标网！本项目的招标公告已在中国国际招标网（网址为：http://chinabidding.mofcom.gov.cn）和机电产品招标投标电子交易平台（网址为：http://www.chinabidding.com）网上进行发布。特别告知：现场购买：有意向的投标人可携带报名表（详见招标公告附件：购买标书登记表至上海市静安区恒丰路600号机电大厦5楼C座办公室进行报名购买招标文件。 网上购买：有意向的投标人将报名表（详见招标公告附件：购买标书登记表）、发至tangyijie1999@126.com邮箱，明确投标项目名称，并将标书款汇至招标公司账上。招标文件售价：每包件售价人民币 500 元（招标文件售后不退）。 四、预算金额：预算金额：293.100000 万元（人民币）,教育培训,,中国政府采购网,,293.1,table,,,,,,,,,,,
南京航空航天大学扬子江校区新兴交叉学科创新研究中心3号楼建设项目试桩工程流标公告,流标公告,J2026034,2026年09月03日 11:49,南京市江北新区,南京航空航天大学,江苏省南京市将军大道29号,武老师，025-52119862,江苏建诚工程咨询有限公司,南京市玄武区龙蟠路151-1号赞成湖畔居商务楼三楼,刘工、夏工 025-83650522-8004、8039,汪老师,52112923,,,https://www.ccgp.gov.cn/cggg/zygg/qtgg/202609/t20260903_27257633.htm,2026-09-10 10:12:48,一、项目基本情况 采购项目编号：J2026034 采购项目名称：南京航空航天大学扬子江校区新兴交叉学科创新研究中心3号楼建设项目试桩工程 二、项目废标/流标的原因 有效投标人不足三家，本项目作流标处理。 三、其他补充事宜 四、凡对本次公告内容提出询问，请按以下方式联系。 1.采购人信息 名 称：南京航空航天大学 地址：江苏省南京市将军大道29号 联系方式：武老师，025-52119862 2.采购代理机构信息 名 称：江苏建诚工程咨询有限公司 地 址：南京市玄武区龙蟠路151-1号赞成湖畔居商务楼三楼 联系方式：刘工、夏工 025-83650522-8004、8039 3.项目联系方式 项目联系人：汪老师 电 话： 52112923,教育培训,,中国政府采购网,,,default,二、项目废标/流标的原因,,,,,,,,,,
